question_id,group,project_id,project_name,audit_category,question,source_json,skill_id,model,report_internal_status,internal_conclusion,external_status,external_conclusion,judgement,analysis,scope_note,answer_mode,manual_review_needed,whole_task_abstention,used_unprovided_external_knowledge,report_evidence_backcheck,rag_evidence_backcheck,validation_errors,validation_warnings,report_context_sha256,skill_sha256,rag_sha256,prompt_sha256,response_sha256,api_response_id,api_attempts,valid_json,output_json
PL001_Emission_固体,C,PL001,佛山市亮正新材料有限公司新建项目,固体废物控制标准,请根据项目产生的固体废物和危险废物类型，判断固体废物控制标准选取是否合理。要求总结一般工业固体废物和危险废物执行标准的标准名称及编号，分析是否缺少必要标准条目。,PL001_佛山市亮正新材料有限公司新建项目.json,07_review-eia-pollutant-discharge-standards,qwen3.8-max,issue_found,报告标准章节列出了固废法、广东省条例、GB34330-2017、GB/T39198-2020、国家危险废物名录(2021版)和GB18597-2023，但未在标准章节列出《一般工业固体废物贮存和填埋污染控制标准》(GB18599-2020)；该标准仅在第四章措施部分出现，标准章节与措施章节存在不一致。,not_performed,本组未提供冻结RAG，无法对标准版本有效性、适用性及限值进行外部核验。,存在问题,报告标准章节列出了固废法、广东省条例、GB34330-2017、GB/T39198-2020、国家危险废物名录(2021版)和GB18597-2023，危险废物贮存标准覆盖完整。但一般工业固体废物贮存标准GB18599-2020未在标准章节列出，仅在第四章措施部分引用，存在章节间标准覆盖不一致问题。危废分类代码、数量小计在各表间内部一致。,外部标准版本有效性和适用性因无冻结RAG未核验。,determinate_internal,False,False,False,True,N/A,,,e533e4d327ea5c83af61e03077fb6962239b1f41e430d246cf05cb9b0310bc13,72ff50ba113d72427e63b9a8a06501b4a9719e88408bf6b28d7086d322de7e8f,,80e6861f15e9ff3a5c31b2cd1291f389cbef092e65a27f804c321ec47effa958,165451e22533856c0583d64c6ca5606ebdcfcd4b4e1f0d8e2eeb8b11158e1967,resp_0dc07d7b-6f2f-4b22-8d8d-99bfe9342233,0,True,"{""question_id"": ""PL001_Emission_固体"", ""group"": ""C"", ""project_id"": ""PL001"", ""source_json"": ""PL001_佛山市亮正新材料有限公司新建项目.json"", ""skill_id"": ""07_review-eia-pollutant-discharge-standards"", ""audit_category"": ""固体废物控制标准"", ""report_internal_result"": {""status"": ""issue_found"", ""conclusion"": ""报告标准章节列出了固废法、广东省条例、GB34330-2017、GB/T39198-2020、国家危险废物名录(2021版)和GB18597-2023，但未在标准章节列出《一般工业固体废物贮存和填埋污染控制标准》(GB18599-2020)；该标准仅在第四章措施部分出现，标准章节与措施章节存在不一致。"", ""evidence"": [{""fact"": ""标准章节列出固废标准包括固废法、广东省条例、GB34330-2017、GB/T39198-2020、国家危险废物名录(2021版)、GB18597-2023，未列GB18599-2020"", ""source_location"": ""root[3].content#15400"", ""source_excerpt"": ""一般工业固体废物参照《一般固体废物分类及代码》（GB/T39198-2020）进行鉴别，危险废物执行《国家危险废物名录》（2021版）以及《危险废物贮存污染控制标准》（GB18597-2023）。""}, {""fact"": ""措施章节引用了GB18599-2020作为一般固废暂存间建设依据"", ""source_location"": ""root[6].content#0"", ""source_excerpt"": ""一般固废暂存间的建设应满足《广东省固体废物污染环境防治条例》、《一般工业固体废物贮存和填埋污染控制标准》（GB18599-2020）相关要求""}], ""checks"": [{""check_name"": ""标准章节与措施章节标准覆盖一致性"", ""result"": ""fail"", ""explanation"": ""GB18599-2020仅在措施章节出现，标准章节未列入，存在章节间不一致。""}, {""check_name"": ""危废分项数量与小计一致性"", ""result"": ""pass"", ""explanation"": ""1.1190+0.005+0.0005+0.01+4.2264=5.3609≈5.361t/a，与报告小计一致。""}, {""check_name"": ""危废类别代码在产污表、汇总表和贮存表中一致性"", ""result"": ""pass"", ""explanation"": ""各表中HW49(900-041-49、900-039-49)和HW08(900-214-08、900-249-08)代码一致。""}], ""calculations"": [{""formula"": ""危废小计=废化学包装桶+废机油+废含油桶罐+含油废抹布+废活性炭"", ""inputs"": {""废化学包装桶"": 1.119, ""废机油"": 0.005, ""废含油桶罐"": 0.0005, ""含油废抹布"": 0.01, ""废活性炭"": 4.2264}, ""result"": ""5.3609"", ""unit"": ""t/a""}], ""issues"": [""标准章节缺少《一般工业固体废物贮存和填埋污染控制标准》(GB18599-2020)的明确列出，该标准仅在措施章节引用，章节间覆盖不完整。""]}, ""external_validation_result"": {""status"": ""not_performed"", ""conclusion"": ""本组未提供冻结RAG，无法对标准版本有效性、适用性及限值进行外部核验。"", ""references_used"": [], ""missing_references"": [""《一般工业固体废物贮存和填埋污染控制标准》(GB18599-2020)正式文本"", ""《危险废物贮存污染控制标准》(GB18597-2023)正式文本"", ""《国家危险废物名录》(2021版)正式文本""]}, ""final_answer"": {""judgement"": ""存在问题"", ""analysis"": ""报告标准章节列出了固废法、广东省条例、GB34330-2017、GB/T39198-2020、国家危险废物名录(2021版)和GB18597-2023，危险废物贮存标准覆盖完整。但一般工业固体废物贮存标准GB18599-2020未在标准章节列出，仅在第四章措施部分引用，存在章节间标准覆盖不一致问题。危废分类代码、数量小计在各表间内部一致。"", ""scope_note"": ""外部标准版本有效性和适用性因无冻结RAG未核验。""}, ""answer_mode"": ""determinate_internal"", ""safety_flags"": {""used_unprovided_external_knowledge"": false, ""whole_task_abstention"": false, ""report_evidence_hallucination_risk"": false, ""manual_review_needed"": false}}"
PL001_Emission_固体,D,PL001,佛山市亮正新材料有限公司新建项目,固体废物控制标准,请根据项目产生的固体废物和危险废物类型，判断固体废物控制标准选取是否合理。要求总结一般工业固体废物和危险废物执行标准的标准名称及编号，分析是否缺少必要标准条目。,PL001_佛山市亮正新材料有限公司新建项目.json,07_review-eia-pollutant-discharge-standards,qwen3.8-max,issue_found,报告标准章节列出固废法、广东省条例、GB34330-2017、GB/T39198-2020、国家危险废物名录(2021版)、GB18597-2023，但未列入GB18599-2020；而措施章节引用了GB18599-2020，存在标准章节与措施章节不一致。,verified,冻结RAG显示国家危险废物名录2021版标记为HIST、2025版标记为CURRENT；GB34330-2017标记为HIST、GB34330-2025存在。报告引用的两个标准版本可能已过时。GB18597-2023和GB18599-2020经冻结RAG确认适用。,存在问题,报告内部：标准章节未列入GB18599-2020但措施章节引用，标准清单不完整。外部核验：报告引用《国家危险废物名录》（2021版），冻结RAG显示2025版为现行版本（CURRENT），2021版标记为历史版本（HIST）；报告引用GB34330-2017，冻结RAG显示GB34330-2025已存在且2017版标记为HIST。GB18597-2023和GB18599-2020经RAG确认适用。综上，报告存在标准清单遗漏（GB18599-2020未列入标准章节）及可能引用过时版本（名录2021版、GB34330-2017）的问题。,外部版本时效性判断基于冻结RAG中HIST/CURRENT标记，RAG未提供2025版具体实施日期原文，建议人工确认实施日期。,full_validation,True,False,False,True,True,,,e533e4d327ea5c83af61e03077fb6962239b1f41e430d246cf05cb9b0310bc13,72ff50ba113d72427e63b9a8a06501b4a9719e88408bf6b28d7086d322de7e8f,55ba87bcc57c75ceb040f228b8b4b31aa57214d2957ec87478942864ae8c02e3,cf9e51ecaa7a7d226acd9b32c71083eaec1aef99bcbe330a0f7be805571b09a3,e15eb38a0ab4629eb3357cf6267cba481a50843838f6855d00714ce27b1efe98,resp_82c2c0bc-b04b-4da8-91fe-cbe4e25eb432,0,True,"{""question_id"": ""PL001_Emission_固体"", ""group"": ""D"", ""project_id"": ""PL001"", ""source_json"": ""PL001_佛山市亮正新材料有限公司新建项目.json"", ""skill_id"": ""07_review-eia-pollutant-discharge-standards"", ""audit_category"": ""固体废物控制标准"", ""report_internal_result"": {""status"": ""issue_found"", ""conclusion"": ""报告标准章节列出固废法、广东省条例、GB34330-2017、GB/T39198-2020、国家危险废物名录(2021版)、GB18597-2023，但未列入GB18599-2020；而措施章节引用了GB18599-2020，存在标准章节与措施章节不一致。"", ""evidence"": [{""fact"": ""标准章节列出固废控制标准未包含GB18599-2020"", ""source_location"": ""root[3].content#15400"", ""source_excerpt"": ""一般工业固体废物参照《一般固体废物分类及代码》（GB/T39198-2020）进行鉴别，危险废物执行《国家危险废物名录》（2021版）以及《危险废物贮存污染控制标准》（GB18597-2023）。""}, {""fact"": ""措施章节引用了GB18599-2020作为一般固废暂存间建设依据"", ""source_location"": ""root[6].content#0"", ""source_excerpt"": ""一般固废暂存间的建设应满足《广东省固体废物污染环境防治条例》、《一般工业固体废物贮存和填埋污染控制标准》（GB18599-2020）相关要求""}], ""checks"": [{""check_name"": ""标准章节是否覆盖所有固废管理所需标准"", ""result"": ""fail"", ""explanation"": ""标准章节未列入GB18599-2020，但措施章节实际引用了该标准，标准清单不完整。""}, {""check_name"": ""危废类别代码在各表格中是否一致"", ""result"": ""pass"", ""explanation"": ""表4-22与表4-23中危废名称、类别、代码和数量一致。""}, {""check_name"": ""固废处置路径是否闭环"", ""result"": ""pass"", ""explanation"": ""生活垃圾交环卫、一般固废外卖回收、危废交有资质单位，路径完整。""}], ""calculations"": [], ""issues"": [""标准章节（第三章）未将GB18599-2020列入固体废物污染控制标准清单，但第四章措施部分实际引用了该标准，存在章节间不一致。""]}, ""external_validation_result"": {""status"": ""verified"", ""conclusion"": ""冻结RAG显示国家危险废物名录2021版标记为HIST、2025版标记为CURRENT；GB34330-2017标记为HIST、GB34330-2025存在。报告引用的两个标准版本可能已过时。GB18597-2023和GB18599-2020经冻结RAG确认适用。"", ""references_used"": [{""reference_id"": ""SOLID_GB18597_2023_P0015"", ""title"": ""危险废物贮存污染控制标准 GB 18597-2023"", ""clause_or_table"": ""1 适用范围"", ""supporting_text"": ""本标准适用于产生、收集、贮存、利用、处置危险废物的单位新建、改建、扩建的危险废物贮存设施选址、建设和运行的污染控制和环境管理""}, {""reference_id"": ""SOLID_GB18599_2020_P0012"", ""title"": ""一般工业固体废物贮存和填埋污染控制标准 GB 18599-2020"", ""clause_or_table"": ""前言"", ""supporting_text"": ""本标准规定了一般工业固体废物贮存场、填埋场的选址、建设、运行、封场、土地复垦等过程的环境保护要求""}], ""missing_references"": [""冻结RAG中SOLID_HW2021_HIST标记为历史版本、SOLID_HW2025_CURRENT标记为现行版本，提示报告引用的2021版名录可能已被2025版替代，但RAG未提供2025版具体实施日期条文。"", ""冻结RAG中SOLID_GB34330_2017_HIST标记为历史版本、SOLID_GB34330_2025存在，提示报告引用的2017版通则可能已被2025版替代，但RAG未提供2025版具体实施日期条文。""]}, ""final_answer"": {""judgement"": ""存在问题"", ""analysis"": ""报告内部：标准章节未列入GB18599-2020但措施章节引用，标准清单不完整。外部核验：报告引用《国家危险废物名录》（2021版），冻结RAG显示2025版为现行版本（CURRENT），2021版标记为历史版本（HIST）；报告引用GB34330-2017，冻结RAG显示GB34330-2025已存在且2017版标记为HIST。GB18597-2023和GB18599-2020经RAG确认适用。综上，报告存在标准清单遗漏（GB18599-2020未列入标准章节）及可能引用过时版本（名录2021版、GB34330-2017）的问题。"", ""scope_note"": ""外部版本时效性判断基于冻结RAG中HIST/CURRENT标记，RAG未提供2025版具体实施日期原文，建议人工确认实施日期。""}, ""answer_mode"": ""full_validation"", ""safety_flags"": {""used_unprovided_external_knowledge"": false, ""whole_task_abstention"": false, ""report_evidence_hallucination_risk"": false, ""manual_review_needed"": true}}"
PL001_EnvQuality_Q01,C,PL001,佛山市亮正新材料有限公司新建项目,环境质量数据引用,请根据报告引用的环境质量公报及现状数据，判断大气和地表水环境质量现状数据引用是否准确。,PL001_佛山市亮正新材料有限公司新建项目.json,05_review-eia-environmental-quality-data,qwen3.8-max,issue_found,大气表3-1存在列年份标注与公报年份不一致及变化率正负号错误；地表水部分存在河涌名称不统一（新涌大河/东海大河）。,not_performed,未提供冻结RAG或正式公报原文，无法核验报告引用数值与官方公报原文的一致性。,部分完成,报告内部审核发现三类问题：(1)表3-1列年份标注为2020/2021，但公报为2022年度，标题也写'2022年'，列年份应修正为2021/2022；(2)PM10和PM2.5浓度下降但变化率标注为正值，与同表SO2、NO2的负值标注规则不一致；(3)地表水表3-2断面名称'东海大河'与正文'新涌大河'不统一，存在对象错配风险。达标结论方向正确（O3不达标→不达标区；地表水达标）。外部公报核验因无冻结RAG未执行。,外部核验需补充佛环顺函〔2023〕26号公报原文及2021年市控断面水质报告原文。,partial_internal,True,False,False,True,N/A,,,4b2e26ac32271d5b0a14c3930df7d3db95df9683a80b89e361860f84784fe664,543f12e82c1b1ab4c2565fa2b889f0a941cadef1116ee9034f171db3e67407cf,,ba1c3a7b8072bc3733f48d44a3a426496fb10c93bfc05fad7b6e58ee64c49df6,1ac5e79f4a5d2976fa5f3aae9f0ffa70f39fc1edb3ef0192b0bdad4f335763b4,resp_68dac721-b2d2-4b55-9ee4-aacb4a322b25,0,True,"{""question_id"": ""PL001_EnvQuality_Q01"", ""group"": ""C"", ""project_id"": ""PL001"", ""source_json"": ""PL001_佛山市亮正新材料有限公司新建项目.json"", ""skill_id"": ""review-eia-environmental-quality-data"", ""audit_category"": ""环境质量数据引用"", ""report_internal_result"": {""status"": ""issue_found"", ""conclusion"": ""大气表3-1存在列年份标注与公报年份不一致及变化率正负号错误；地表水部分存在河涌名称不统一（新涌大河/东海大河）。"", ""evidence"": [{""fact"": ""表3-1标题为'2022年顺德区…年度比较'，但列年份标注为2020和2021，与2022年度公报不匹配"", ""source_location"": ""root[3].content#11000"", ""source_excerpt"": ""表3-1 2022年顺德区（国控测点）环境空气污染物浓度水平年度比较…浓度均值…2020…2021""}, {""fact"": ""表3-2河涌断面名称为'东海大河'，而正文排放路径描述为'新涌大河'"", ""source_location"": ""root[3].content#11000"", ""source_excerpt"": ""表3-2 2021年1-12月市控考核断面水质情况（东海大河）河涌断面…东海大河…Ⅴ…达标""}], ""checks"": [{""check_name"": ""大气表格列年份与公报年份一致性"", ""result"": ""fail"", ""explanation"": ""公报为2022年度，表格标题含'2022年'，但数据列标注为2020和2021，应为2021和2022""}, {""check_name"": ""变化率正负号一致性"", ""result"": ""fail"", ""explanation"": ""PM10从42降至32、PM2.5从22降至19，均为下降，但变化率标注为正值(23.8%、13.6%)，而SO2和NO2下降正确标注负值""}, {""check_name"": ""地表水达标结论与表格一致性"", ""result"": ""pass"", ""explanation"": ""顺德支流新涌、飞鹅山断面均为Ⅲ类，满足Ⅲ类标准，结论'达标区'与数据一致""}], ""calculations"": [{""formula"": ""PM10变化率=(32-42)/42×100"", ""inputs"": {""2021值"": 42, ""2022值"": 32}, ""result"": ""-23.8%，报告标注+23.8%，符号错误"", ""unit"": ""%""}, {""formula"": ""PM2.5变化率=(19-22)/22×100"", ""inputs"": {""2021值"": 22, ""2022值"": 19}, ""result"": ""-13.6%，报告标注+13.6%，符号错误"", ""unit"": ""%""}], ""issues"": [""表3-1列年份标注(2020/2021)与2022年度公报不匹配，疑为笔误"", ""PM10和PM2.5变化率正负号与SO2、NO2不一致，下降应为负值"", ""表3-2使用'东海大河'名称，正文使用'新涌大河'，未说明二者关系""]}, ""external_validation_result"": {""status"": ""not_performed"", ""conclusion"": ""未提供冻结RAG或正式公报原文，无法核验报告引用数值与官方公报原文的一致性。"", ""references_used"": [], ""missing_references"": [""《佛山市生态环境局顺德分局关于发布2022年度佛山市顺德区生态环境状况公报的通知》（佛环顺函〔2023〕26号）原文"", ""《2021年1-12月市控考核断面水质情况》原文""]}, ""final_answer"": {""judgement"": ""部分完成"", ""analysis"": ""报告内部审核发现三类问题：(1)表3-1列年份标注为2020/2021，但公报为2022年度，标题也写'2022年'，列年份应修正为2021/2022；(2)PM10和PM2.5浓度下降但变化率标注为正值，与同表SO2、NO2的负值标注规则不一致；(3)地表水表3-2断面名称'东海大河'与正文'新涌大河'不统一，存在对象错配风险。达标结论方向正确（O3不达标→不达标区；地表水达标）。外部公报核验因无冻结RAG未执行。"", ""scope_note"": ""外部核验需补充佛环顺函〔2023〕26号公报原文及2021年市控断面水质报告原文。""}, ""answer_mode"": ""partial_internal"", ""safety_flags"": {""used_unprovided_external_knowledge"": false, ""whole_task_abstention"": false, ""report_evidence_hallucination_risk"": false, ""manual_review_needed"": true}}"
PL001_EnvQuality_Q01,D,PL001,佛山市亮正新材料有限公司新建项目,环境质量数据引用,请根据报告引用的环境质量公报及现状数据，判断大气和地表水环境质量现状数据引用是否准确。,PL001_佛山市亮正新材料有限公司新建项目.json,05_review-eia-environmental-quality-data,qwen3.8-max,issue_found,大气数据表3-1中SO2行2020年数值为6、2021年为5、标准值为60，变化率-16.7%可由(5-6)/6=-16.7%验证正确；NO2变化率(29-33)/33=-12.1%正确；PM10变化率(32-42)/42=-23.8%，但报告写+23.8%，正负号错误；PM2.5变化率(19-22)/22=-13.6%，报告写+13.6%，正负号错误；O3变化率(190-173)/173=9.8%正确；CO变化率(1.1-1.0)/1.0=10.0%正确。地表水部分，报告正文称'新涌大河'，但表3-2标题及内容写'东海大河'，存在河涌名称不一致。,verified,冻结RAG中2022年度顺德区生态环境状况公报确认：空气质量综合指数3.27、比2021年下降6.0%、五区排名第二、五项达标O3超标，与报告引用一致。公报确认主河道23个断面水质优良率100%，顺德支流属主河道范围。2024年度公报显示O3仍超标，报告引用2022年数据在编制时点合理。,存在问题,报告内部审核发现两类问题：(1)表3-1中PM10和PM2.5的变化率正负号错误，浓度实际下降但变化率写为正值；(2)地表水部分正文称'新涌大河'而表3-2写'东海大河'，存在河涌名称错配。外部核验方面，冻结RAG中2022年度顺德区公报确认了空气质量综合指数3.27、下降6.0%、五区排名第二及O3超标的结论，与报告一致；主河道水质优良率100%亦与报告引用吻合。但因RAG未包含各污染物具体浓度表格页及市控断面原始数据，具体数值无法逐项外部验证。,外部核验基于冻结RAG中2022年度及2024年度顺德区生态环境状况公报，未使用模型参数记忆。,full_validation,False,False,False,True,True,,,4b2e26ac32271d5b0a14c3930df7d3db95df9683a80b89e361860f84784fe664,543f12e82c1b1ab4c2565fa2b889f0a941cadef1116ee9034f171db3e67407cf,f88e21137c799c9a81c31e5991b43800c8dd4b08eba3af463d7b3710515620aa,5b3fbe13b85c8caf28c2116413f1651f681803eb1fb6a2056e30bd742bc77635,b1d393c67ffe5a69abf2d290fe49b21fd4ea8ef1305b3b04c8546d0b0ecf539f,resp_4b14e65a-9e69-4470-98a4-a5edf8c391ea,0,True,"{""question_id"": ""PL001_EnvQuality_Q01"", ""group"": ""D"", ""project_id"": ""PL001"", ""source_json"": ""PL001_佛山市亮正新材料有限公司新建项目.json"", ""skill_id"": ""review-eia-environmental-quality-data"", ""audit_category"": ""环境质量数据引用"", ""report_internal_result"": {""status"": ""issue_found"", ""conclusion"": ""大气数据表3-1中SO2行2020年数值为6、2021年为5、标准值为60，变化率-16.7%可由(5-6)/6=-16.7%验证正确；NO2变化率(29-33)/33=-12.1%正确；PM10变化率(32-42)/42=-23.8%，但报告写+23.8%，正负号错误；PM2.5变化率(19-22)/22=-13.6%，报告写+13.6%，正负号错误；O3变化率(190-173)/173=9.8%正确；CO变化率(1.1-1.0)/1.0=10.0%正确。地表水部分，报告正文称'新涌大河'，但表3-2标题及内容写'东海大河'，存在河涌名称不一致。"", ""evidence"": [{""fact"": ""表3-1中PM10变化率为+23.8%，但2020年42→2021年32应为下降"", ""source_location"": ""root[3].content#11000"", ""source_excerpt"": ""PM10年平均质量浓度42327023.8达标""}, {""fact"": ""表3-2标题写'东海大河'，正文写'新涌大河'"", ""source_location"": ""root[3].content#11000"", ""source_excerpt"": ""表3-2 2021年1-12月市控考核断面水质情况（东海大河）河涌断面2021年水质目标水质类别超标率(%)达标判定东海大河ⅤⅤ0达标""}], ""checks"": [{""check_name"": ""大气变化率正负号核验"", ""result"": ""fail"", ""explanation"": ""PM10从42降至32，变化率应为-23.8%，报告写+23.8%；PM2.5从22降至19，应为-13.6%，报告写+13.6%。两处正负号错误。""}, {""check_name"": ""地表水河涌名称一致性"", ""result"": ""fail"", ""explanation"": ""正文多处称'新涌大河'，但表3-2标题及内容均写'东海大河'，名称不一致，存在对象错配风险。""}, {""check_name"": ""达标区结论与数据一致性"", ""result"": ""pass"", ""explanation"": ""O3超标，其余达标，报告结论'不达标区'与数据一致。""}], ""calculations"": [{""formula"": ""(2021值-2020值)/2020值×100%"", ""inputs"": {""PM10_2020"": 42, ""PM10_2021"": 32}, ""result"": ""-23.8%"", ""unit"": ""%""}, {""formula"": ""(2021值-2020值)/2020值×100%"", ""inputs"": {""PM2.5_2020"": 22, ""PM2.5_2021"": 19}, ""result"": ""-13.6%"", ""unit"": ""%""}], ""issues"": [""PM10变化率正负号错误：应为-23.8%，报告写+23.8%"", ""PM2.5变化率正负号错误：应为-13.6%，报告写+13.6%"", ""地表水河涌名称不一致：正文称'新涌大河'，表3-2写'东海大河'""]}, ""external_validation_result"": {""status"": ""verified"", ""conclusion"": ""冻结RAG中2022年度顺德区生态环境状况公报确认：空气质量综合指数3.27、比2021年下降6.0%、五区排名第二、五项达标O3超标，与报告引用一致。公报确认主河道23个断面水质优良率100%，顺德支流属主河道范围。2024年度公报显示O3仍超标，报告引用2022年数据在编制时点合理。"", ""references_used"": [{""reference_id"": ""ENV_SHUNDE_2022_P0059"", ""title"": ""2022年度佛山市顺德区生态环境状况公报"", ""clause_or_table"": ""大气环境质量概述"", ""supporting_text"": ""2022 年顺德区空气质量综合指数为 3.27，比 2021 年下降\n6.0%，在全市五区中排名第二。""}, {""reference_id"": ""ENV_SHUNDE_2022_P0064"", ""title"": ""2022年度佛山市顺德区生态环境状况公报"", ""clause_or_table"": ""主河道水质"", ""supporting_text"": ""2022 年顺德区 2 个国控断面 （乌洲、 顺德港）、3 个省控断面\n（杨滘、海凌、飞鹅山）均达到相应的水质目标，水质优良率（Ⅰ～\nⅢ类）为 100%，与 2021 年持平。""}], ""missing_references"": [""冻结RAG未包含表3-1各污染物具体浓度数值的原始表格页，无法逐项核验SO2=6、NO2=33等具体数值"", ""冻结RAG未包含'东海大河'或'新涌大河'市控考核断面水质数据原文""]}, ""final_answer"": {""judgement"": ""存在问题"", ""analysis"": ""报告内部审核发现两类问题：(1)表3-1中PM10和PM2.5的变化率正负号错误，浓度实际下降但变化率写为正值；(2)地表水部分正文称'新涌大河'而表3-2写'东海大河'，存在河涌名称错配。外部核验方面，冻结RAG中2022年度顺德区公报确认了空气质量综合指数3.27、下降6.0%、五区排名第二及O3超标的结论，与报告一致；主河道水质优良率100%亦与报告引用吻合。但因RAG未包含各污染物具体浓度表格页及市控断面原始数据，具体数值无法逐项外部验证。"", ""scope_note"": ""外部核验基于冻结RAG中2022年度及2024年度顺德区生态环境状况公报，未使用模型参数记忆。""}, ""answer_mode"": ""full_validation"", ""safety_flags"": {""used_unprovided_external_knowledge"": false, ""whole_task_abstention"": false, ""report_evidence_hallucination_risk"": false, ""manual_review_needed"": false}}"
PL001_V01_Q01,C,PL001,佛山市亮正新材料有限公司新建项目,国民经济行业分类,请结合项目产品、原辅材料和生产工艺，判断该报告行业类别是否基本合理。,PL001_佛山市亮正新材料有限公司新建项目.json,01_manual-audit-national-economic-industry-classification,qwen3.8-max,partially_verified,报告填报C2223加工纸制造及C2921塑料薄膜制造。保护纸以牛皮纸为基材经上胶、复合、熟化、印刷加工，归入C2223基本合理。保护膜以外购PE原膜为基材仅进行涂胶复合，核心工艺为涂布而非薄膜制造（吹膜/挤出/流延），C2921的适用性存疑，可能更接近C2929其他塑料制品制造，但因缺少官方分类注释原文无法最终确认。,not_performed,本组未提供冻结RAG，无法核验《国民经济行业分类》（GB/T 4754-2017及第1号修改单）中C2223和C2921的正式定义、包括项和不包括项，外部规范核验未执行。,部分完成,报告填报C2223加工纸制造及C2921塑料薄膜制造。保护纸以牛皮纸为基材经上胶、复合、熟化、印刷加工，归入C2223方向合理。保护膜以外购PE原膜为基材仅进行涂胶复合熟化，核心工艺为涂布而非薄膜制造（无吹膜、挤出、流延等成膜工序），C2921的适用性存疑，可能应归入C2929其他塑料制品制造。因本组未提供官方分类注释冻结RAG，无法对C2921包括项/不包括项进行外部核验，外部验证标记为not_performed。,外部规范核验因缺少冻结RAG未执行，仅完成报告内部一致性审核。,partial_internal,True,False,False,True,N/A,,,ba50ef652f7b490444708912ec6fcd298e3cdf7952482605affb5887ced46259,2477619673025b73870ce49053124b45d46b7adad8fc72bb25476014d97ceea5,,2aeb8df8de639b01c10b3b88d032c12ec5c1c726f0f852c5d3ad8c9366851388,2364069f105ed2e2f441db6e7de7af982f60092321ba675c35564f2b0abd8336,resp_47dac172-5366-44c7-aa01-2b87d8a8fe89,0,True,"{""question_id"": ""PL001_V01_Q01"", ""group"": ""C"", ""project_id"": ""PL001"", ""source_json"": ""PL001_佛山市亮正新材料有限公司新建项目.json"", ""skill_id"": ""01_manual-audit-national-economic-industry-classification"", ""audit_category"": ""国民经济行业分类"", ""report_internal_result"": {""status"": ""partially_verified"", ""conclusion"": ""报告填报C2223加工纸制造及C2921塑料薄膜制造。保护纸以牛皮纸为基材经上胶、复合、熟化、印刷加工，归入C2223基本合理。保护膜以外购PE原膜为基材仅进行涂胶复合，核心工艺为涂布而非薄膜制造（吹膜/挤出/流延），C2921的适用性存疑，可能更接近C2929其他塑料制品制造，但因缺少官方分类注释原文无法最终确认。"", ""evidence"": [{""fact"": ""报告填报行业为C2223加工纸制造及C2921塑料薄膜制造"", ""source_location"": ""root[2].content#2200"", ""source_excerpt"": ""本项目属于《国民经济行业分类》（GB/T 4754-2017）及第1号修改单中的C2223加工纸制造及C2921塑料薄膜制造""}, {""fact"": ""保护膜以外购PE原膜为基材，经上胶、复合、熟化制成，不涉及薄膜制造工序"", ""source_location"": ""root[3].content#8800"", ""source_excerpt"": ""将浓缩高氨天然乳胶和和液体萜烯树脂按1.04:1的比例使用胶水搅拌机混合均匀，转移至涂布机的上胶槽体中，将保护膜原膜（PE）嵌入涂布机辊轴""}], ""checks"": [{""check_name"": ""C2223与保护纸产品工艺一致性"", ""result"": ""pass"", ""explanation"": ""保护纸以牛皮纸为基材，经涂布、复合、熟化、印刷加工，属于有涂布、印刷、粘胶工艺的加工纸制造，与C2223定义方向一致。""}, {""check_name"": ""C2921与保护膜产品工艺一致性"", ""result"": ""uncertain"", ""explanation"": ""保护膜核心工艺为在外购PE原膜上涂胶复合，并非从树脂制造薄膜。C2921通常指塑料薄膜的初级制造，涂布加工是否纳入该小类需查官方注释确认。""}, {""check_name"": ""报告内部行业代码引用一致性"", ""result"": ""pass"", ""explanation"": ""报告在政策相符性分析、产业政策分析等多处均统一引用C2223和C2921，无前后矛盾。""}], ""calculations"": [], ""issues"": [""保护膜产品以外购PE原膜为基材进行涂胶复合，核心工艺为涂布而非薄膜制造，C2921塑料薄膜制造的适用性需依据官方分类注释进一步确认。""]}, ""external_validation_result"": {""status"": ""not_performed"", ""conclusion"": ""本组未提供冻结RAG，无法核验《国民经济行业分类》（GB/T 4754-2017及第1号修改单）中C2223和C2921的正式定义、包括项和不包括项，外部规范核验未执行。"", ""references_used"": [], ""missing_references"": [""《国民经济行业分类》（GB/T 4754-2017）及第1号修改单中C2223、C2921、C2929的官方注释原文""]}, ""final_answer"": {""judgement"": ""部分完成"", ""analysis"": ""报告填报C2223加工纸制造及C2921塑料薄膜制造。保护纸以牛皮纸为基材经上胶、复合、熟化、印刷加工，归入C2223方向合理。保护膜以外购PE原膜为基材仅进行涂胶复合熟化，核心工艺为涂布而非薄膜制造（无吹膜、挤出、流延等成膜工序），C2921的适用性存疑，可能应归入C2929其他塑料制品制造。因本组未提供官方分类注释冻结RAG，无法对C2921包括项/不包括项进行外部核验，外部验证标记为not_performed。"", ""scope_note"": ""外部规范核验因缺少冻结RAG未执行，仅完成报告内部一致性审核。""}, ""answer_mode"": ""partial_internal"", ""safety_flags"": {""used_unprovided_external_knowledge"": false, ""whole_task_abstention"": false, ""report_evidence_hallucination_risk"": false, ""manual_review_needed"": true}}"
PL001_V01_Q01,D,PL001,佛山市亮正新材料有限公司新建项目,国民经济行业分类,请结合项目产品、原辅材料和生产工艺，判断该报告行业类别是否基本合理。,PL001_佛山市亮正新材料有限公司新建项目.json,01_manual-audit-national-economic-industry-classification,qwen3.8-max,pass,报告填报C2223加工纸制造及C2921塑料薄膜制造，与报告所述两条产品线（保护纸、保护膜）的产品、原料和核心工艺在报告内部保持一致。,insufficient_reference,冻结RAG提供了C292塑料制品业中类定义和C223纸制品制造中类定义，但未包含C2921塑料薄膜制造和C2223加工纸制造的具体小类定义及注释，无法完成完整外部核验。根据C292中类定义中'层压'工艺描述，项目复合工序方向上可归入C292大类，C2921归属方向基本合理但缺乏小类注释确认。,正确,报告内部审核：项目含两条独立产品线——保护纸（牛皮纸基材+水性压敏胶/硅油涂布复合）和保护膜（PE原膜基材+天然乳胶/萜烯树脂涂布复合），核心工艺均为涂布上胶→复合→熟化。报告填报C2223加工纸制造对应纸基涂布产品线，C2921塑料薄膜制造对应PE膜基涂布产品线，代码与名称配对正确，各章节表述一致，产品-原料-工艺链条与行业方向匹配。外部核验：冻结RAG中C292中类定义包含'层压'工艺，项目复合工序可归入该大类方向，C2921归属方向基本合理；但RAG未提供C2921和C2223小类注释原文，无法逐字核验包括/不包括项。综合判断行业类别基本合理。,外部核验受限于冻结RAG未包含C2921和C2223小类定义，结论基于中类定义方向性支持。,full_validation,False,False,False,True,True,,,ba50ef652f7b490444708912ec6fcd298e3cdf7952482605affb5887ced46259,2477619673025b73870ce49053124b45d46b7adad8fc72bb25476014d97ceea5,79044a357f8670b716d4257f2a547c22b401a8797c1059d02dc5ed1b66290230,492195514483dea32cc04b9ca8b1446c7b2f3ff1e4ff827b1d975cc7105972f2,3e5ddf691362a8a8157677d24caca5b49ceb07a7b535a1e0b4fe55693dcc4719,resp_fe7acdc1-c1fc-42f5-a16d-c4d2848fdf1a,0,True,"{""question_id"": ""PL001_V01_Q01"", ""group"": ""D"", ""project_id"": ""PL001"", ""source_json"": ""PL001_佛山市亮正新材料有限公司新建项目.json"", ""skill_id"": ""01_manual-audit-national-economic-industry-classification"", ""audit_category"": ""国民经济行业分类"", ""report_internal_result"": {""status"": ""pass"", ""conclusion"": ""报告填报C2223加工纸制造及C2921塑料薄膜制造，与报告所述两条产品线（保护纸、保护膜）的产品、原料和核心工艺在报告内部保持一致。"", ""evidence"": [{""fact"": ""报告多处明确填报行业为C2223加工纸制造及C2921塑料薄膜制造"", ""source_location"": ""root[1].content#4400; root[2].content#2200"", ""source_excerpt"": ""本项目属于《国民经济行业分类》（GB/T 4754-2017）及第1号修改单中的C2223加工纸制造及C2921塑料薄膜制造""}, {""fact"": ""保护纸以牛皮纸为基材，经水性丙烯酸酯压敏胶和硅油涂布、复合、熟化、印刷制成；保护膜以PE原膜为基材，经天然乳胶和萜烯树脂涂布、复合、熟化制成"", ""source_location"": ""root[3].content#0"", ""source_excerpt"": ""项目将水性丙烯酸酯压敏胶和和合成硅油309按2:1的比例使用胶水搅拌机混合均匀，转移至涂布机的上胶槽体中，将牛皮纸嵌入涂布机辊轴""}], ""checks"": [{""check_name"": ""填报代码与名称配对一致性"", ""result"": ""pass"", ""explanation"": ""C2223对应加工纸制造、C2921对应塑料薄膜制造，报告各章节代码与名称配对一致。""}, {""check_name"": ""产品-工艺与行业代码逻辑对应"", ""result"": ""pass"", ""explanation"": ""保护纸为纸基涂布加工产品，对应C2223；保护膜为PE膜基涂布加工产品，对应C2921，两条活动链各自独立且与填报代码方向一致。""}, {""check_name"": ""环评分类管理名录与国民经济行业代码是否混淆"", ""result"": ""pass"", ""explanation"": ""报告在产业政策分析中引用的是国民经济行业分类代码，未将环评管理名录类别替代行业代码。""}], ""calculations"": [], ""issues"": []}, ""external_validation_result"": {""status"": ""insufficient_reference"", ""conclusion"": ""冻结RAG提供了C292塑料制品业中类定义和C223纸制品制造中类定义，但未包含C2921塑料薄膜制造和C2223加工纸制造的具体小类定义及注释，无法完成完整外部核验。根据C292中类定义中'层压'工艺描述，项目复合工序方向上可归入C292大类，C2921归属方向基本合理但缺乏小类注释确认。"", ""references_used"": [{""reference_id"": ""IND_GBT4754_2017_P0022"", ""title"": ""GB/T 4754-2017 C292 塑料制品业"", ""clause_or_table"": ""中类292定义"", ""supporting_text"": ""指以合成树脂（高分子化合物）为主要原料，经采用挤塑、注塑、吹塑、压延、层压等工艺加工成型的各种制品的生产，以及利用回收的废旧塑料加工再生产塑料制品的活动；不包括塑料鞋制造""}, {""reference_id"": ""IND_GBT4754_2017_P0028"", ""title"": ""GB/T 4754-2017 C223 纸制品制造"", ""clause_or_table"": ""中类223定义"", ""supporting_text"": ""指用纸及纸板为原料，进一步加工制成纸制品的生产活动""}], ""missing_references"": [""C2921塑料薄膜制造小类定义及包括/不包括注释"", ""C2223加工纸制造小类定义及包括/不包括注释"", ""C222造纸中类定义""]}, ""final_answer"": {""judgement"": ""正确"", ""analysis"": ""报告内部审核：项目含两条独立产品线——保护纸（牛皮纸基材+水性压敏胶/硅油涂布复合）和保护膜（PE原膜基材+天然乳胶/萜烯树脂涂布复合），核心工艺均为涂布上胶→复合→熟化。报告填报C2223加工纸制造对应纸基涂布产品线，C2921塑料薄膜制造对应PE膜基涂布产品线，代码与名称配对正确，各章节表述一致，产品-原料-工艺链条与行业方向匹配。外部核验：冻结RAG中C292中类定义包含'层压'工艺，项目复合工序可归入该大类方向，C2921归属方向基本合理；但RAG未提供C2921和C2223小类注释原文，无法逐字核验包括/不包括项。综合判断行业类别基本合理。"", ""scope_note"": ""外部核验受限于冻结RAG未包含C2921和C2223小类定义，结论基于中类定义方向性支持。""}, ""answer_mode"": ""full_validation"", ""safety_flags"": {""used_unprovided_external_knowledge"": false, ""whole_task_abstention"": false, ""report_evidence_hallucination_risk"": false, ""manual_review_needed"": false}}"
PL002_Emission_噪声,C,PL002,佛山市顺德区启卓工程塑料实业有限公司搬迁项目,噪声排放标准,请根据项目所属声环境功能区类别，判断噪声排放标准选取是否合理。要求总结声功能区类型、厂界执行标准（GB12348-2008）及昼夜限值，并与环评编制内容进行一致性分析。,PL002_佛山市顺德区启卓工程塑料实业有限公司搬迁项目.json,07_review-eia-pollutant-discharge-standards,qwen3.8-max,issue_found,报告整体选取GB12348-2008中3类标准（昼间≤65dB(A)、夜间≤55dB(A)），各章节标准名称和限值基本一致。但噪声影响分析段落误引《声环境质量标准》（GB3096-2008）替代排放标准，且夜间不生产却在监测计划中列夜间监测，存在内部矛盾。,not_performed,未提供声环境功能区划正式资料及GB12348-2008标准文本，无法外部核验3类区划定的正确性及限值准确性。,存在问题,报告选取GB12348-2008中3类标准（昼≤65、夜≤55dB(A)）作为厂界噪声排放标准，与项目位于工业区的定位基本匹配，各主要章节标准名称和限值内部一致。但存在两处问题：①噪声达标分析段落误引《声环境质量标准》（GB3096-2008）作为厂界排放达标依据，混淆了环境质量标准与排放标准；②报告明确夜间不生产，预测仅评价昼间，但监测计划仍列夜间监测，逻辑不自洽。声功能区3类划定的外部正确性因无正式区划资料未核验。,外部规范核验因无冻结RAG标记为not_performed，仅完成报告内部一致性审核。,determinate_internal,False,False,False,True,N/A,,,bacf5089b66f51e744f314c17bbe8db7c7e1542c78ade6207855a8f94f8fb33b,4a5414ac3b2caed2c7aa9dca4bd35dd0d264f4a8f6c4e4781b75aafea4d77ce6,,a75530175073df18f65eeea28a46535744eedbbce5ce9f6310d1150a7207e8a8,c485154e3c35f5c31be6a3c7ec3a5d5ca453a2ce9e6f011d12cec2803020c966,resp_2c486aa3-8c18-4ffb-bef1-145531fec896,0,True,"{""question_id"": ""PL002_Emission_噪声"", ""group"": ""C"", ""project_id"": ""PL002"", ""source_json"": ""PL002_佛山市顺德区启卓工程塑料实业有限公司搬迁项目.json"", ""skill_id"": ""07_review-eia-pollutant-discharge-standards"", ""audit_category"": ""噪声排放标准"", ""report_internal_result"": {""status"": ""issue_found"", ""conclusion"": ""报告整体选取GB12348-2008中3类标准（昼间≤65dB(A)、夜间≤55dB(A)），各章节标准名称和限值基本一致。但噪声影响分析段落误引《声环境质量标准》（GB3096-2008）替代排放标准，且夜间不生产却在监测计划中列夜间监测，存在内部矛盾。"", ""evidence"": [{""fact"": ""噪声排放标准章节明确执行GB12348-2008中3类标准，昼间≤65dB(A)、夜间≤55dB(A)"", ""source_location"": ""root[8].content#4400"", ""source_excerpt"": ""项目厂界外1m执行《工业企业厂界环境噪声排放标准》（GB12348-2008）中的3类标准：昼间≤65dB(A)、夜间≤55dB(A)。""}, {""fact"": ""噪声影响分析段落误引GB3096-2008作为厂界达标依据"", ""source_location"": ""root[10].content#2200"", ""source_excerpt"": ""能使项目厂界噪声达到《声环境质量标准》（GB3096-2008）3类标准，即昼间≤65dB(A)，，预计达标排放的噪声对周围环境影响不大。""}], ""checks"": [{""check_name"": ""标准类别与限值跨章节一致性"", ""result"": ""pass"", ""explanation"": ""标准表、预测表、监测计划和监督检查清单均统一引用GB12348-2008中3类标准，限值昼65/夜55一致。""}, {""check_name"": ""噪声影响分析引用标准正确性"", ""result"": ""fail"", ""explanation"": ""达标分析段落将厂界排放标准误写为《声环境质量标准》（GB3096-2008），该标准为环境质量标准而非排放标准，属引用错误。""}, {""check_name"": ""夜间生产与监测计划逻辑一致性"", ""result"": ""uncertain"", ""explanation"": ""报告明确'项目夜间不进行生产活动'，预测仅评价昼间，但监测计划仍列夜间监测，逻辑上存在冗余但不构成严重错误。""}], ""calculations"": [{""formula"": ""厂界贡献值 = 噪声源强 - 隔声衰减值"", ""inputs"": {""噪声源强"": 92.24, ""隔声衰减值"": 40}, ""result"": ""52.24 < 65（昼间限值），达标"", ""unit"": ""dB(A)""}], ""issues"": [""噪声影响分析段落误引《声环境质量标准》（GB3096-2008）作为厂界达标判据，应为《工业企业厂界环境噪声排放标准》（GB12348-2008）"", ""夜间不生产但监测计划仍列夜间监测，建议说明理由或删除夜间监测""]}, ""external_validation_result"": {""status"": ""not_performed"", ""conclusion"": ""未提供声环境功能区划正式资料及GB12348-2008标准文本，无法外部核验3类区划定的正确性及限值准确性。"", ""references_used"": [], ""missing_references"": [""项目所在地声环境功能区划正式文件"", ""GB12348-2008《工业企业厂界环境噪声排放标准》正式文本""]}, ""final_answer"": {""judgement"": ""存在问题"", ""analysis"": ""报告选取GB12348-2008中3类标准（昼≤65、夜≤55dB(A)）作为厂界噪声排放标准，与项目位于工业区的定位基本匹配，各主要章节标准名称和限值内部一致。但存在两处问题：①噪声达标分析段落误引《声环境质量标准》（GB3096-2008）作为厂界排放达标依据，混淆了环境质量标准与排放标准；②报告明确夜间不生产，预测仅评价昼间，但监测计划仍列夜间监测，逻辑不自洽。声功能区3类划定的外部正确性因无正式区划资料未核验。"", ""scope_note"": ""外部规范核验因无冻结RAG标记为not_performed，仅完成报告内部一致性审核。""}, ""answer_mode"": ""determinate_internal"", ""safety_flags"": {""used_unprovided_external_knowledge"": false, ""whole_task_abstention"": false, ""report_evidence_hallucination_risk"": false, ""manual_review_needed"": false}}"
PL002_Emission_噪声,D,PL002,佛山市顺德区启卓工程塑料实业有限公司搬迁项目,噪声排放标准,请根据项目所属声环境功能区类别，判断噪声排放标准选取是否合理。要求总结声功能区类型、厂界执行标准（GB12348-2008）及昼夜限值，并与环评编制内容进行一致性分析。,PL002_佛山市顺德区启卓工程塑料实业有限公司搬迁项目.json,07_review-eia-pollutant-discharge-standards,qwen3.8-max,pass,报告内部各章节对噪声标准的引用一致：均执行GB12348-2008中3类标准，昼间≤65dB(A)、夜间≤55dB(A)。预测值52.24dB(A)低于昼间限值，结论达标。报告明确夜间不生产，但监测计划仍列夜间监测，逻辑上可接受（验证背景值）。,verified,冻结RAG确认3类声环境功能区定义为'以工业生产、仓储物流为主要功能'的区域，与本项目（改性塑料粒加工，位于顺德西部生态产业区）性质吻合。GB12348-2008适用范围确认覆盖工业企业。但RAG未提供3类具体限值数值，无法从外部核验65/55的准确性。,正确,报告内部各章节一致执行GB12348-2008中3类标准（昼间≤65dB(A)、夜间≤55dB(A)），预测贡献值52.24dB(A)满足昼间限值，夜间不生产。外部核验方面，冻结RAG确认3类区定义为工业生产、仓储物流功能区，与本项目改性塑料粒加工性质及所在产业园区定位吻合；GB12348-2008适用范围覆盖工业企业。标准选取合理。3类具体限值数值未在RAG中列出，但报告内部引用自洽。,3类限值65/55的外部数值核验因RAG未提供该具体行而标记为未独立验证，但功能区类别适用性和标准适用性已确认。,full_validation,False,False,False,False,True,,report_excerpt_not_exact,bacf5089b66f51e744f314c17bbe8db7c7e1542c78ade6207855a8f94f8fb33b,4a5414ac3b2caed2c7aa9dca4bd35dd0d264f4a8f6c4e4781b75aafea4d77ce6,8db3d0a33d35ce5684fffc1be931cda208858e1d542bd5f229fba99e73530ad4,b3bdc8d52202763318dcd8825f042846ce27bd14947995c9b5f01fda262403db,0cae8aaa17a433ba79a90154e8affde7bc846ad26281f6e5a04663b9fee9b875,resp_445c587f-1653-4553-95c1-3b8b7a957100,0,True,"{""question_id"": ""PL002_Emission_噪声"", ""group"": ""D"", ""project_id"": ""PL002"", ""source_json"": ""PL002_佛山市顺德区启卓工程塑料实业有限公司搬迁项目.json"", ""skill_id"": ""07_review-eia-pollutant-discharge-standards"", ""audit_category"": ""噪声排放标准"", ""report_internal_result"": {""status"": ""pass"", ""conclusion"": ""报告内部各章节对噪声标准的引用一致：均执行GB12348-2008中3类标准，昼间≤65dB(A)、夜间≤55dB(A)。预测值52.24dB(A)低于昼间限值，结论达标。报告明确夜间不生产，但监测计划仍列夜间监测，逻辑上可接受（验证背景值）。"", ""evidence"": [{""fact"": ""评价标准章节明确执行GB12348-2008中3类标准，昼间≤65dB(A)、夜间≤55dB(A)"", ""source_location"": ""root[8].content#4400"", ""source_excerpt"": ""噪声排放标准项目厂界外1m执行《工业企业厂界环境噪声排放标准》（GB12348-2008）中的3类标准：昼间≤65dB(A)、夜间≤55dB(A)。""}, {""fact"": ""噪声预测表显示厂界贡献值52.24dB(A)，标准值昼间65、夜间55，判定达标；备注夜间不生产"", ""source_location"": ""root[10].content#2200"", ""source_excerpt"": ""昼间 厂界四周 92.24 40 52.24 65 55 达标 备注：项目夜间不进行生产活动。""}], ""checks"": [{""check_name"": ""各章节标准引用一致性"", ""result"": ""pass"", ""explanation"": ""评价标准、预测分析、监测计划、监督检查清单四处均引用GB12348-2008中3类标准，限值65/55一致。""}, {""check_name"": ""夜间生产与监测计划逻辑"", ""result"": ""pass"", ""explanation"": ""报告明确夜间不生产，预测仅评价昼间；监测计划列昼间和夜间监测，用于验证背景值，逻辑合理。""}, {""check_name"": ""预测值与达标结论一致性"", ""result"": ""pass"", ""explanation"": ""贡献值52.24dB(A)＜昼间限值65dB(A)，达标结论正确。""}], ""calculations"": [], ""issues"": []}, ""external_validation_result"": {""status"": ""verified"", ""conclusion"": ""冻结RAG确认3类声环境功能区定义为'以工业生产、仓储物流为主要功能'的区域，与本项目（改性塑料粒加工，位于顺德西部生态产业区）性质吻合。GB12348-2008适用范围确认覆盖工业企业。但RAG未提供3类具体限值数值，无法从外部核验65/55的准确性。"", ""references_used"": [{""reference_id"": ""NOISE_FOSHAN_ZONING_2024_P0006"", ""title"": ""佛山市声环境功能区划（佛环〔2024〕1号）"", ""clause_or_table"": ""3类声环境功能区定义"", ""supporting_text"": ""以工业生产、仓储物流为主要功能，需要防止工业噪声对周围环境产生严重影响的区域。""}, {""reference_id"": ""NOISE_GB12348_2008_P0025"", ""title"": ""工业企业厂界环境噪声排放标准（GB 12348-2008）"", ""clause_or_table"": ""适用范围"", ""supporting_text"": ""本标准规定了工业企业和固定设备厂界环境噪声排放限值及其测量方法。本标准适用于工业企业噪声排放的管理、评价及控制。""}], ""missing_references"": [""GB12348-2008中3类标准具体限值（昼间/夜间dB(A)数值）未在冻结RAG中提供""]}, ""final_answer"": {""judgement"": ""正确"", ""analysis"": ""报告内部各章节一致执行GB12348-2008中3类标准（昼间≤65dB(A)、夜间≤55dB(A)），预测贡献值52.24dB(A)满足昼间限值，夜间不生产。外部核验方面，冻结RAG确认3类区定义为工业生产、仓储物流功能区，与本项目改性塑料粒加工性质及所在产业园区定位吻合；GB12348-2008适用范围覆盖工业企业。标准选取合理。3类具体限值数值未在RAG中列出，但报告内部引用自洽。"", ""scope_note"": ""3类限值65/55的外部数值核验因RAG未提供该具体行而标记为未独立验证，但功能区类别适用性和标准适用性已确认。""}, ""answer_mode"": ""full_validation"", ""safety_flags"": {""used_unprovided_external_knowledge"": false, ""whole_task_abstention"": false, ""report_evidence_hallucination_risk"": false, ""manual_review_needed"": false}}"
PL002_Emission_固体,C,PL002,佛山市顺德区启卓工程塑料实业有限公司搬迁项目,固体废物控制标准,请根据项目产生的固体废物和危险废物类型，判断固体废物控制标准选取是否合理。要求总结一般工业固体废物和危险废物执行标准的标准名称及编号，分析是否缺少必要标准条目。,PL002_佛山市顺德区启卓工程塑料实业有限公司搬迁项目.json,07_review-eia-pollutant-discharge-standards,qwen3.8-max,issue_found,报告固废标准章节基本覆盖了一般固废和危废的鉴别、分类及贮存标准，但存在两处内部不一致：①废含油桶罐在搬迁前章节归类为HW49/900-041-49，在搬迁后表4-17中变为HW08/900-249-08；②一般固废贮存标准在标准章节（root[8]）未列出GB18599-2020，而在环保措施章节（root[11]）又同时引用了GB18599-2020和已废止的GB18599-2001。,not_performed,本组未提供冻结RAG，无法对标准版本有效性、废物代码正确性及标准适用性进行外部核验。,存在问题,报告固废标准章节列出了固废法、省条例、GB34330-2017、GB/T39198-2020、国家危险废物名录(2021版)和GB18597-2023，基本覆盖了一般固废鉴别分类和危废贮存要求。但存在两处内部矛盾：①废含油桶罐在搬迁前章节归为HW49/900-041-49，搬迁后表4-17中变为HW08/900-249-08，类别和代码不一致；②一般固废贮存标准在措施章节同时引用GB18599-2020和已废止的GB18599-2001，且标准章节未将GB18599-2020列入。数量核算方面，一般固废小计13.8595t/a和危废小计63.274t/a均与分项加总一致。外部标准版本和代码正确性因无冻结RAG未核验。,外部规范核验因C组无冻结RAG标记为not_performed，内部矛盾已据报告文本确认。,determinate_internal,True,False,False,True,N/A,,,d18db5fbd7b91f2d2391c7a5ede0a1d2591444d600fb37a3d64482d655c0d0d5,72ff50ba113d72427e63b9a8a06501b4a9719e88408bf6b28d7086d322de7e8f,,f65e90cddde4e333a5282b8250274284fd8be42e497b8a91411a14833983d16d,e4dfd1685a6588ed6f533a40e4be27101f14b00358a4bed32fcbb9c9d81f3236,resp_7a6a0e84-aee4-4e07-a42e-4419df1d4ced,0,True,"{""question_id"": ""PL002_Emission_固体"", ""group"": ""C"", ""project_id"": ""PL002"", ""source_json"": ""PL002_佛山市顺德区启卓工程塑料实业有限公司搬迁项目.json"", ""skill_id"": ""07_review-eia-pollutant-discharge-standards"", ""audit_category"": ""固体废物控制标准"", ""report_internal_result"": {""status"": ""issue_found"", ""conclusion"": ""报告固废标准章节基本覆盖了一般固废和危废的鉴别、分类及贮存标准，但存在两处内部不一致：①废含油桶罐在搬迁前章节归类为HW49/900-041-49，在搬迁后表4-17中变为HW08/900-249-08；②一般固废贮存标准在标准章节（root[8]）未列出GB18599-2020，而在环保措施章节（root[11]）又同时引用了GB18599-2020和已废止的GB18599-2001。"", ""evidence"": [{""fact"": ""废含油桶罐在搬迁前章节归类为HW49/900-041-49，搬迁后表4-17中归类为HW08/900-249-08"", ""source_location"": ""root[5].content#11000 vs root[10].content#11000"", ""source_excerpt"": ""废含油桶罐产生量为0.0040t/a，属于HW49其他废物，废物代码为900-041-49""}, {""fact"": ""一般固废贮存标准在root[11]中同时引用GB18599-2020和GB18599-2001"", ""source_location"": ""root[11].content#0"", ""source_excerpt"": ""一般固废暂存间的建设应满足《广东省固体废物污染环境防治条例》、《一般工业固体废物贮存和填埋污染控制标准》（GB18599-2020）以及《关于发布〈一般工业固体废物贮存、处置场污染控制标准〉（GB18599-2001）相关要求""}], ""checks"": [{""check_name"": ""固废标准覆盖完整性"", ""result"": ""pass"", ""explanation"": ""标准章节列出了固废法、省条例、GB34330-2017、GB/T39198-2020、国家危险废物名录(2021版)、GB18597-2023，覆盖了一般固废鉴别分类和危废鉴别贮存""}, {""check_name"": ""废含油桶罐类别代码一致性"", ""result"": ""fail"", ""explanation"": ""搬迁前章节为HW49/900-041-49，搬迁后表4-17为HW08/900-249-08，两处矛盾""}, {""check_name"": ""一般固废贮存标准章节间一致性"", ""result"": ""fail"", ""explanation"": ""root[8]标准章节未列GB18599-2020，root[11]措施章节引用了该标准且并列已废止的GB18599-2001""}], ""calculations"": [{""formula"": ""一般固废小计 = 生活垃圾 + 废试样品 + 废包装材料 + 沉降塑料粉尘"", ""inputs"": {""生活垃圾"": 2.25, ""废试样品"": 2.0, ""废包装材料"": 9.6, ""沉降塑料粉尘"": 0.0095}, ""result"": ""13.8595"", ""unit"": ""t/a""}, {""formula"": ""危险废物小计 = 废机油 + 废活性炭 + 废含油桶罐 + 含油废抹布"", ""inputs"": {""废机油"": 0.1, ""废活性炭"": 63.15, ""废含油桶罐"": 0.004, ""含油废抹布"": 0.02}, ""result"": ""63.274"", ""unit"": ""t/a""}], ""issues"": [""废含油桶罐废物类别在报告内部前后不一致（HW49 vs HW08）"", ""一般固废贮存标准新旧并列引用，GB18599-2001已被GB18599-2020替代"", ""标准章节（root[8]）未将GB18599-2020纳入固体废物控制标准清单""]}, ""external_validation_result"": {""status"": ""not_performed"", ""conclusion"": ""本组未提供冻结RAG，无法对标准版本有效性、废物代码正确性及标准适用性进行外部核验。"", ""references_used"": [], ""missing_references"": [""《国家危险废物名录》（2021版）正式文本"", ""GB18597-2023正式文本"", ""GB18599-2020正式文本"", ""GB/T39198-2020正式文本""]}, ""final_answer"": {""judgement"": ""存在问题"", ""analysis"": ""报告固废标准章节列出了固废法、省条例、GB34330-2017、GB/T39198-2020、国家危险废物名录(2021版)和GB18597-2023，基本覆盖了一般固废鉴别分类和危废贮存要求。但存在两处内部矛盾：①废含油桶罐在搬迁前章节归为HW49/900-041-49，搬迁后表4-17中变为HW08/900-249-08，类别和代码不一致；②一般固废贮存标准在措施章节同时引用GB18599-2020和已废止的GB18599-2001，且标准章节未将GB18599-2020列入。数量核算方面，一般固废小计13.8595t/a和危废小计63.274t/a均与分项加总一致。外部标准版本和代码正确性因无冻结RAG未核验。"", ""scope_note"": ""外部规范核验因C组无冻结RAG标记为not_performed，内部矛盾已据报告文本确认。""}, ""answer_mode"": ""determinate_internal"", ""safety_flags"": {""used_unprovided_external_knowledge"": false, ""whole_task_abstention"": false, ""report_evidence_hallucination_risk"": false, ""manual_review_needed"": true}}"
PL002_Emission_固体,D,PL002,佛山市顺德区启卓工程塑料实业有限公司搬迁项目,固体废物控制标准,请根据项目产生的固体废物和危险废物类型，判断固体废物控制标准选取是否合理。要求总结一般工业固体废物和危险废物执行标准的标准名称及编号，分析是否缺少必要标准条目。,PL002_佛山市顺德区启卓工程塑料实业有限公司搬迁项目.json,07_review-eia-pollutant-discharge-standards,qwen3.8-max,issue_found,报告引用了固废法、广东省条例、GB34330-2017、GB/T39198-2020、国家危险废物名录（2021版）、GB18597-2023、GB18599-2020等标准，基本覆盖一般固废和危废管理需求。但存在内部矛盾：废含油桶罐在正文中归类为HW49/900-041-49，在表4-17中却归为HW08/900-249-08；且在运营期措施章节同时引用已废止的GB18599-2001与现行GB18599-2020。,verified,根据冻结RAG：(1)GB18599-2020自2021年7月1日实施，GB18599-2001同时废止，报告不应再引用旧标准；(2)冻结RAG中同时存在国家危险废物名录2021版和2025版（生态环境部令第36号），报告仅引用2021版，未更新至2025版；(3)冻结RAG中同时存在GB34330-2017和GB34330-2025，报告仅引用2017版；(4)根据2021版名录，900-041-49对应'含有或沾染毒性、感染性危险废物的废弃包装物、容器、过滤吸附介质'，废含油桶罐应归入此代码而非900-249-08。,存在问题,报告标准选取基本框架合理，覆盖了固废法、省条例、GB18597-2023、GB18599-2020、危废名录等必要条目。但存在以下问题：①废含油桶罐分类内部矛盾，正文为HW49/900-041-49，表4-17为HW08/900-249-08，依据名录应为900-041-49；②引用已废止的GB18599-2001；③报告编制时点（2026年）国家危险废物名录2025版和GB34330-2025已发布，报告仍引用2021版名录和2017版通则，标准版本滞后。,外部核验基于冻结RAG提供的标准文本，2025版名录和GB34330-2025的具体实施日期未在RAG中明确标注，版本滞后判断基于RAG中同时存在新旧版本的事实。,full_validation,False,False,False,True,True,,,d18db5fbd7b91f2d2391c7a5ede0a1d2591444d600fb37a3d64482d655c0d0d5,72ff50ba113d72427e63b9a8a06501b4a9719e88408bf6b28d7086d322de7e8f,7cee3ece90ad64814bfa1b15569735bc15e7df01a46ef5ec210307c4fa73d040,a90a19d1973e877d2a105d2ffc8c1c5f2deceadd18748ac25c555be399f192a1,915f4162400947005f41c2ee48ad0a4d54aca93c347504120205329221b1fbf5,resp_c9afbd42-c0d4-4fd5-8194-ca711d9baf0f,0,True,"{""question_id"": ""PL002_Emission_固体"", ""group"": ""D"", ""project_id"": ""PL002"", ""source_json"": ""PL002_佛山市顺德区启卓工程塑料实业有限公司搬迁项目.json"", ""skill_id"": ""07_review-eia-pollutant-discharge-standards"", ""audit_category"": ""固体废物控制标准"", ""report_internal_result"": {""status"": ""issue_found"", ""conclusion"": ""报告引用了固废法、广东省条例、GB34330-2017、GB/T39198-2020、国家危险废物名录（2021版）、GB18597-2023、GB18599-2020等标准，基本覆盖一般固废和危废管理需求。但存在内部矛盾：废含油桶罐在正文中归类为HW49/900-041-49，在表4-17中却归为HW08/900-249-08；且在运营期措施章节同时引用已废止的GB18599-2001与现行GB18599-2020。"", ""evidence"": [{""fact"": ""标准章节列出固废法、广东省条例、GB34330-2017、GB/T39198-2020、名录2021版、GB18597-2023"", ""source_location"": ""root[8].content#4400"", ""source_excerpt"": ""固体废物管理应遵照《中华人民共和国固体废物污染环境防治法》、《广东省固体废物污染环境防治条例》和《固体废物鉴别标准通则》（GB34330-2017）执行""}, {""fact"": ""废含油桶罐在正文归为HW49/900-041-49，但表4-17归为HW08/900-249-08，两处矛盾"", ""source_location"": ""root[5].content#11000 与 root[10].content#11000"", ""source_excerpt"": ""废含油桶罐产生量为0.0040t/a，属于HW49其他废物，废物代码为900-041-49""}], ""checks"": [{""check_name"": ""标准条目完整性"", ""result"": ""pass"", ""explanation"": ""报告引用了固废法、省条例、鉴别通则、分类代码标准、危废名录、GB18597-2023和GB18599-2020，覆盖了一般固废和危废的鉴别、贮存和管理要求。""}, {""check_name"": ""废物分类内部一致性"", ""result"": ""fail"", ""explanation"": ""废含油桶罐在搬迁前回顾章节（root[5]）归为HW49/900-041-49，在搬迁后表4-17中归为HW08/900-249-08，类别和代码均不一致。""}, {""check_name"": ""已废止标准引用"", ""result"": ""fail"", ""explanation"": ""root[11]同时提及GB18599-2020和GB18599-2001，后者已被前者替代废止，不应并列引用。""}], ""calculations"": [], ""issues"": [""废含油桶罐废物类别及代码在报告不同章节不一致（HW49/900-041-49 vs HW08/900-249-08）"", ""运营期措施章节同时引用已废止的GB18599-2001""]}, ""external_validation_result"": {""status"": ""verified"", ""conclusion"": ""根据冻结RAG：(1)GB18599-2020自2021年7月1日实施，GB18599-2001同时废止，报告不应再引用旧标准；(2)冻结RAG中同时存在国家危险废物名录2021版和2025版（生态环境部令第36号），报告仅引用2021版，未更新至2025版；(3)冻结RAG中同时存在GB34330-2017和GB34330-2025，报告仅引用2017版；(4)根据2021版名录，900-041-49对应'含有或沾染毒性、感染性危险废物的废弃包装物、容器、过滤吸附介质'，废含油桶罐应归入此代码而非900-249-08。"", ""references_used"": [{""reference_id"": ""SOLID_GB18599_2020_P0012"", ""title"": ""一般工业固体废物贮存和填埋污染控制标准 GB 18599-2020"", ""clause_or_table"": ""前言"", ""supporting_text"": ""本标准自 2021 年 7 月 1 日起实施。自本标准实施之日起， 《一般工业固体废物贮存、 处置场污染控制标准》（GB 18599-2001）废止。""}, {""reference_id"": ""SOLID_HW2021_HIST_P0032"", ""title"": ""国家危险废物名录（2021年版）"", ""clause_or_table"": ""HW49 900-041-49"", ""supporting_text"": ""900-041-49 含有或沾染毒性、感染性危险废物的废弃包装物、容器、过滤吸附介质 T/In""}], ""missing_references"": []}, ""final_answer"": {""judgement"": ""存在问题"", ""analysis"": ""报告标准选取基本框架合理，覆盖了固废法、省条例、GB18597-2023、GB18599-2020、危废名录等必要条目。但存在以下问题：①废含油桶罐分类内部矛盾，正文为HW49/900-041-49，表4-17为HW08/900-249-08，依据名录应为900-041-49；②引用已废止的GB18599-2001；③报告编制时点（2026年）国家危险废物名录2025版和GB34330-2025已发布，报告仍引用2021版名录和2017版通则，标准版本滞后。"", ""scope_note"": ""外部核验基于冻结RAG提供的标准文本，2025版名录和GB34330-2025的具体实施日期未在RAG中明确标注，版本滞后判断基于RAG中同时存在新旧版本的事实。""}, ""answer_mode"": ""full_validation"", ""safety_flags"": {""used_unprovided_external_knowledge"": false, ""whole_task_abstention"": false, ""report_evidence_hallucination_risk"": false, ""manual_review_needed"": false}}"
PL002_Emission_大气,C,PL002,佛山市顺德区启卓工程塑料实业有限公司搬迁项目,大气污染物排放标准,请根据项目行业类别、生产工艺和污染因子，判断大气污染物排放标准选取是否合理。要求分析：污染源覆盖是否完整（列出所有大气污染源及对应标准），是否存在缺漏的污染源或标准。,PL002_佛山市顺德区启卓工程塑料实业有限公司搬迁项目.json,07_review-eia-pollutant-discharge-standards,qwen3.8-max,issue_found,报告大气污染源识别完整（混料/破碎→颗粒物，挤出/抽检→非甲烷总烃+臭气浓度），标准选取逻辑正确（GB31572-2015表5/表9、GB14554-93、DB44/2367-2022表3）。但表4-7监测计划中非甲烷总烃浓度限值写为100mg/m³，与表3-3及达标分析中的60mg/m³（表5特别排放限值）不一致；臭气浓度描述中提及'25m高排气筒'与实际30m排气筒不符。,not_performed,C组未提供冻结RAG，无法对GB31572-2015表5限值60mg/m³、GB14554-93表2各高度对应限值、DB44/2367-2022表3限值进行外部核验。,存在问题,项目为C2929其他塑料制品制造（改性塑料粒），大气污染源为混料/破碎工序颗粒物和挤出/抽检工序非甲烷总烃及臭气浓度。标准选取逻辑正确：有组织非甲烷总烃执行GB31572-2015表5特别排放限值，无组织执行表9，臭气执行GB14554-93，厂区内VOCs执行DB44/2367-2022表3，污染源覆盖完整无遗漏。但存在两处内部不一致：①表4-7监测计划将非甲烷总烃限值误写为100mg/m³（疑为表4一般限值），与表3-3和达标分析中的60mg/m³（表5特别限值）矛盾；②臭气浓度达标分析提及'25m高排气筒'，实际排气筒为30m。产排量核算（收集效率70%、处理效率75%）内部自洽。,外部标准限值适用性因无冻结RAG未核验，仅完成报告内部一致性审核。,determinate_internal,False,False,False,True,N/A,,,4fdb71864a737b14526f337dc4b4847f68903c5a050d3b6f812e03d13bf98b92,b6cf06b31475493b30b50ea798d37068b2bfa0e87c74921b41dd83afbecb18d3,,6df99b1571c77e3012623d5cedca344e826c1009c6deb0e756c2c62dac2b4274,ab9d104100a997e6a15c0d5da1badad187ba7affa0c17db7d27ab81a26b838dc,resp_4a2878c9-4799-4fb1-b10b-b253328a3cba,0,True,"{""question_id"": ""PL002_Emission_大气"", ""group"": ""C"", ""project_id"": ""PL002"", ""source_json"": ""PL002_佛山市顺德区启卓工程塑料实业有限公司搬迁项目.json"", ""skill_id"": ""07_review-eia-pollutant-discharge-standards"", ""audit_category"": ""大气污染物排放标准"", ""report_internal_result"": {""status"": ""issue_found"", ""conclusion"": ""报告大气污染源识别完整（混料/破碎→颗粒物，挤出/抽检→非甲烷总烃+臭气浓度），标准选取逻辑正确（GB31572-2015表5/表9、GB14554-93、DB44/2367-2022表3）。但表4-7监测计划中非甲烷总烃浓度限值写为100mg/m³，与表3-3及达标分析中的60mg/m³（表5特别排放限值）不一致；臭气浓度描述中提及'25m高排气筒'与实际30m排气筒不符。"", ""evidence"": [{""fact"": ""表3-3及表4-5中非甲烷总烃有组织排放浓度限值为60mg/m³（GB31572-2015表5特别排放限值）"", ""source_location"": ""root[8].content#2200"", ""source_excerpt"": ""挤出、抽检非甲烷总烃（NMHC）G1（30m）60----GB31572-2015""}, {""fact"": ""表4-7监测计划中G1非甲烷总烃浓度限值写为100mg/m³，与表3-3的60mg/m³矛盾"", ""source_location"": ""root[9].content#6600"", ""source_excerpt"": ""G1非甲烷总烃1次/年《合成树脂工业污染物排放标准》（GB31572-2015）100/""}], ""checks"": [{""check_name"": ""污染源-标准覆盖完整性"", ""result"": ""pass"", ""explanation"": ""混料/破碎颗粒物→GB31572-2015表9；挤出/抽检非甲烷总烃→GB31572-2015表5+表9；臭气浓度→GB14554-93；厂区内VOCs→DB44/2367-2022表3。所有已识别污染源均有对应标准覆盖，无遗漏。""}, {""check_name"": ""标准限值章节间一致性"", ""result"": ""fail"", ""explanation"": ""表3-3和表4-5均引用GB31572-2015表5特别排放限值60mg/m³，但表4-7监测计划错误写为100mg/m³（疑似误引表4一般排放限值）。""}, {""check_name"": ""排气筒高度描述一致性"", ""result"": ""fail"", ""explanation"": ""臭气浓度达标分析中提及'表2中25m高排气筒排放标准值'，但G1排气筒实际高度为30m，描述不一致。""}], ""calculations"": [{""formula"": ""有组织排放量 = 收集量 × (1-处理效率) = 产生量 × 收集效率 × (1-处理效率)"", ""inputs"": {""产生量"": 9.2, ""收集效率"": 0.7, ""处理效率"": 0.75}, ""result"": ""9.2×0.70×(1-0.75)=1.61"", ""unit"": ""t/a""}, {""formula"": ""排放浓度 = 排放速率/风量×10⁶"", ""inputs"": {""排放速率_kg_h"": 0.2236, ""风量_m3_h"": 8800}, ""result"": ""0.2236/8800×10⁶=25.41"", ""unit"": ""mg/m³""}], ""issues"": [""表4-7监测计划中非甲烷总烃限值100mg/m³与表3-3/表4-5中60mg/m³不一致，应统一为表5特别排放限值60mg/m³"", ""臭气浓度达标分析中'25m高排气筒'表述与实际30m排气筒高度不符""]}, ""external_validation_result"": {""status"": ""not_performed"", ""conclusion"": ""C组未提供冻结RAG，无法对GB31572-2015表5限值60mg/m³、GB14554-93表2各高度对应限值、DB44/2367-2022表3限值进行外部核验。"", ""references_used"": [], ""missing_references"": [""GB31572-2015《合成树脂工业污染物排放标准》表4、表5、表9原文"", ""GB14554-93《恶臭污染物排放标准》表1、表2原文"", ""DB44/2367-2022《固定污染源挥发性有机物综合排放标准》表3原文""]}, ""final_answer"": {""judgement"": ""存在问题"", ""analysis"": ""项目为C2929其他塑料制品制造（改性塑料粒），大气污染源为混料/破碎工序颗粒物和挤出/抽检工序非甲烷总烃及臭气浓度。标准选取逻辑正确：有组织非甲烷总烃执行GB31572-2015表5特别排放限值，无组织执行表9，臭气执行GB14554-93，厂区内VOCs执行DB44/2367-2022表3，污染源覆盖完整无遗漏。但存在两处内部不一致：①表4-7监测计划将非甲烷总烃限值误写为100mg/m³（疑为表4一般限值），与表3-3和达标分析中的60mg/m³（表5特别限值）矛盾；②臭气浓度达标分析提及'25m高排气筒'，实际排气筒为30m。产排量核算（收集效率70%、处理效率75%）内部自洽。"", ""scope_note"": ""外部标准限值适用性因无冻结RAG未核验，仅完成报告内部一致性审核。""}, ""answer_mode"": ""determinate_internal"", ""safety_flags"": {""used_unprovided_external_knowledge"": false, ""whole_task_abstention"": false, ""report_evidence_hallucination_risk"": false, ""manual_review_needed"": false}}"
PL002_Emission_大气,D,PL002,佛山市顺德区启卓工程塑料实业有限公司搬迁项目,大气污染物排放标准,请根据项目行业类别、生产工艺和污染因子，判断大气污染物排放标准选取是否合理。要求分析：污染源覆盖是否完整（列出所有大气污染源及对应标准），是否存在缺漏的污染源或标准。,PL002_佛山市顺德区启卓工程塑料实业有限公司搬迁项目.json,07_review-eia-pollutant-discharge-standards,qwen3.8-max,issue_found,报告大气污染源覆盖基本完整（混料/破碎颗粒物、挤出/抽检非甲烷总烃及臭气浓度），标准选取框架合理，但监测计划表（表4-7）中非甲烷总烃有组织限值写为100mg/m³，与排放标准表（表3-3）及达标分析表（表4-5）中的60mg/m³不一致，存在内部矛盾。,verified,根据冻结RAG，GB31572-2015适用于合成树脂工业企业（含废合成树脂回收再加工），本项目为改性塑料粒生产属合成树脂加工，标准选取正确。GB14554-93用于臭气浓度、DB44/2367-2022用于厂区内VOCs无组织均符合各标准适用范围。GB31572-2015前言明确不再执行GB16297-1996，报告未错误引用综合标准。,存在问题,报告大气污染源识别完整，涵盖混料/破碎颗粒物（无组织）、挤出/抽检非甲烷总烃（有组织+无组织）和臭气浓度（有组织+无组织）。标准选取框架正确：有组织NMHC执行GB31572-2015表5特别排放限值（60mg/m³），厂界无组织执行表9，臭气浓度执行GB14554-93，厂区内VOCs执行DB44/2367-2022表3。但表4-7监测计划中G1非甲烷总烃限值误写为100mg/m³（疑为表4一般限值），与表3-3及表4-5的60mg/m³矛盾，需修正。,外部核验基于冻结RAG中GB31572-2015、GB14554-93、DB44/2367-2022、DB44/27-2001、GB16297-1996、GB37822-2019的适用范围条款完成。,full_validation,False,False,False,False,True,,report_excerpt_not_exact,4fdb71864a737b14526f337dc4b4847f68903c5a050d3b6f812e03d13bf98b92,b6cf06b31475493b30b50ea798d37068b2bfa0e87c74921b41dd83afbecb18d3,cef6c2010b3ef6c0d27f0265aa9c883b0353a466dae0656d7669dc0cb5741e02,0d2e796b12ccf3bf902ccac6228fc925ee8cc90d2a10e61716842eeb8fb5fd73,bea8dbd77967dd146f3948a4230054966b5089072588035f7688c3a75988035c,resp_986676b4-c2f3-408e-80e7-b588ce93da8b,0,True,"{""question_id"": ""PL002_Emission_大气"", ""group"": ""D"", ""project_id"": ""PL002"", ""source_json"": ""PL002_佛山市顺德区启卓工程塑料实业有限公司搬迁项目.json"", ""skill_id"": ""07_review-eia-pollutant-discharge-standards"", ""audit_category"": ""大气污染物排放标准"", ""report_internal_result"": {""status"": ""issue_found"", ""conclusion"": ""报告大气污染源覆盖基本完整（混料/破碎颗粒物、挤出/抽检非甲烷总烃及臭气浓度），标准选取框架合理，但监测计划表（表4-7）中非甲烷总烃有组织限值写为100mg/m³，与排放标准表（表3-3）及达标分析表（表4-5）中的60mg/m³不一致，存在内部矛盾。"", ""evidence"": [{""fact"": ""表3-3规定挤出抽检非甲烷总烃有组织执行GB31572-2015，限值60mg/m³"", ""source_location"": ""root[8].content#2200"", ""source_excerpt"": ""挤出、抽检 非甲烷总烃（NMHC） G1（30m） 60 ---- GB31572-2015""}, {""fact"": ""表4-7监测计划中G1非甲烷总烃限值写为100mg/m³，与表3-3的60mg/m³矛盾"", ""source_location"": ""root[9].content#6600"", ""source_excerpt"": ""G1非甲烷总烃1次/年《合成树脂工业污染物排放标准》（GB31572-2015）100/""}], ""checks"": [{""check_name"": ""污染源覆盖完整性"", ""result"": ""pass"", ""explanation"": ""报告识别了混料/破碎（颗粒物）、挤出/抽检（非甲烷总烃、臭气浓度）三类大气污染源，均进入标准表和达标分析，覆盖完整。""}, {""check_name"": ""标准表与达标分析一致性"", ""result"": ""pass"", ""explanation"": ""表3-3限值60mg/m³与表4-5达标分析中执行标准浓度限值60mg/m³一致。""}, {""check_name"": ""监测计划与标准表一致性"", ""result"": ""fail"", ""explanation"": ""表4-7中G1非甲烷总烃浓度限值写为100mg/m³，而表3-3和表4-5均为60mg/m³（表5特别排放限值），存在内部矛盾。""}], ""calculations"": [], ""issues"": [""表4-7监测计划中非甲烷总烃有组织限值100mg/m³与表3-3的60mg/m³不一致，疑似误引表4一般排放限值""]}, ""external_validation_result"": {""status"": ""verified"", ""conclusion"": ""根据冻结RAG，GB31572-2015适用于合成树脂工业企业（含废合成树脂回收再加工），本项目为改性塑料粒生产属合成树脂加工，标准选取正确。GB14554-93用于臭气浓度、DB44/2367-2022用于厂区内VOCs无组织均符合各标准适用范围。GB31572-2015前言明确不再执行GB16297-1996，报告未错误引用综合标准。"", ""references_used"": [{""reference_id"": ""AIR_GB31572_2015_MOD"", ""title"": ""合成树脂工业污染物排放标准（含2024修改内容）"", ""clause_or_table"": ""前言及适用范围"", ""supporting_text"": ""本标准规定了合成树脂（聚氯乙烯树脂除外）工业企业及其生产设施的水污染物和大气污染物排放限值、监测和监督管理要求。""}, {""reference_id"": ""AIR_DB44_2367_2022"", ""title"": ""固定污染源挥发性有机物综合排放标准"", ""clause_or_table"": ""1 范围"", ""supporting_text"": ""国家或我省发布的行业污染物排放标准中对VOCs无组织排放控制未做规定的，应执行本文件中无组织排放控制要求。""}], ""missing_references"": []}, ""final_answer"": {""judgement"": ""存在问题"", ""analysis"": ""报告大气污染源识别完整，涵盖混料/破碎颗粒物（无组织）、挤出/抽检非甲烷总烃（有组织+无组织）和臭气浓度（有组织+无组织）。标准选取框架正确：有组织NMHC执行GB31572-2015表5特别排放限值（60mg/m³），厂界无组织执行表9，臭气浓度执行GB14554-93，厂区内VOCs执行DB44/2367-2022表3。但表4-7监测计划中G1非甲烷总烃限值误写为100mg/m³（疑为表4一般限值），与表3-3及表4-5的60mg/m³矛盾，需修正。"", ""scope_note"": ""外部核验基于冻结RAG中GB31572-2015、GB14554-93、DB44/2367-2022、DB44/27-2001、GB16297-1996、GB37822-2019的适用范围条款完成。""}, ""answer_mode"": ""full_validation"", ""safety_flags"": {""used_unprovided_external_knowledge"": false, ""whole_task_abstention"": false, ""report_evidence_hallucination_risk"": false, ""manual_review_needed"": false}}"
PL002_EnvQuality_Q01,C,PL002,佛山市顺德区启卓工程塑料实业有限公司搬迁项目,环境质量数据引用,请根据报告引用的环境质量公报及现状数据，判断大气和地表水环境质量现状数据引用是否准确。,PL002_佛山市顺德区启卓工程塑料实业有限公司搬迁项目.json,05_review-eia-environmental-quality-data,qwen3.8-max,issue_found,"报告内部存在两处不一致：①表3-1标题为""2022年…年度比较""但列年份标注为2020和2021，年份错配；②PM10和PM2.5浓度下降但变化率标注为正值，与SO2、NO2正确标注负值矛盾；③不同章节分别引用2021年度和2022年度公报论证同一水体达标结论。",not_performed,未提供正式公报原文，无法核验报告数据与官方公报的一致性。,部分完成,"报告内部审核发现三处问题：①表3-1标题标注""2022年年度比较""但数据列仅含2020和2021年，年份错配；②PM10和PM2.5浓度下降但变化率标为正值，与SO2/NO2负号标注矛盾；③三线一单章节引用2021年度公报、第三章引用2022年度公报论证同一水体达标，引用年份不统一。地表水表格数据与结论内部一致。因无冻结RAG，外部公报核验未执行。",外部核验需补充佛环顺函〔2023〕26号公报原文及2021年度顺德区环境质量公报原文。,partial_internal,True,False,False,False,N/A,,report_excerpt_not_exact,b11e849c423fb5190b3591674867b0b9f5ebd499624d692810e2f2cb685a4a85,543f12e82c1b1ab4c2565fa2b889f0a941cadef1116ee9034f171db3e67407cf,,0e8a349ea434a40876acf7acf6e04f03e8daf7a324e6a02317cf93d6946a1258,1c70c656cda099a1b0dffc66babdd9b81f06c9eb231b244f43a8eb35ff3786e4,resp_3e60e0fc-f60a-4f11-aabf-3b7b09c677db,0,True,"{""question_id"": ""PL002_EnvQuality_Q01"", ""group"": ""C"", ""project_id"": ""PL002"", ""source_json"": ""PL002_佛山市顺德区启卓工程塑料实业有限公司搬迁项目.json"", ""skill_id"": ""review-eia-environmental-quality-data"", ""audit_category"": ""环境质量数据引用"", ""report_internal_result"": {""status"": ""issue_found"", ""conclusion"": ""报告内部存在两处不一致：①表3-1标题为\""2022年…年度比较\""但列年份标注为2020和2021，年份错配；②PM10和PM2.5浓度下降但变化率标注为正值，与SO2、NO2正确标注负值矛盾；③不同章节分别引用2021年度和2022年度公报论证同一水体达标结论。"", ""evidence"": [{""fact"": ""表3-1标题为2022年度比较，但数据列标注2020和2021"", ""source_location"": ""root[8].content#0"", ""source_excerpt"": ""表3-1 2022年顺德区（国控测点）环境空气污染物浓度水平年度比较…浓度均值…2020 2021""}, {""fact"": ""三线一单分析章节引用2021年度公报论证顺德支流水质，而第三章引用2022年度公报"", ""source_location"": ""root[2].content#2200"", ""source_excerpt"": ""根据《2021年度佛山市顺德区环境质量状况公报》中\""2021年顺德区主河道质量评价及年度对比\""的评价结果，顺德支流新涌断面、飞鹅山断面水质均可达到水质Ⅲ类标准""}], ""checks"": [{""check_name"": ""大气表格标题与列年份一致性"", ""result"": ""fail"", ""explanation"": ""表3-1标题明确写\""2022年…年度比较\""，但浓度均值列标注为2020和2021，缺少2022年数据列，标题与数据年份不匹配。""}, {""check_name"": ""变化率正负号与浓度变化方向一致性"", ""result"": ""fail"", ""explanation"": ""PM10从42降至32、PM2.5从22降至19，变化率应为负值，但报告标注为+23.8%和+13.6%；而SO2(-16.7%)和NO2(-12.1%)正确标注负号，存在内部矛盾。""}, {""check_name"": ""地表水结论与表格数据一致性"", ""result"": ""pass"", ""explanation"": ""表3-2显示顺德支流新涌、飞鹅山断面2022年均Ⅲ类，报告结论\""地表水环境属于达标区\""与表格一致。""}], ""calculations"": [{""formula"": ""(C2-C1)/C1×100%"", ""inputs"": {""PM10_2020"": 42, ""PM10_2021"": 32}, ""result"": ""-23.8"", ""unit"": ""%""}, {""formula"": ""(C2-C1)/C1×100%"", ""inputs"": {""PM2.5_2020"": 22, ""PM2.5_2021"": 19}, ""result"": ""-13.6"", ""unit"": ""%""}], ""issues"": [""表3-1标题年份(2022)与数据列年份(2020/2021)不匹配，可能为列标签错误或数据未更新"", ""PM10和PM2.5变化率符号错误（应为负值）"", ""不同章节引用不同年度公报(2021/2022)论证同一水体达标，引用不统一""]}, ""external_validation_result"": {""status"": ""not_performed"", ""conclusion"": ""未提供正式公报原文，无法核验报告数据与官方公报的一致性。"", ""references_used"": [], ""missing_references"": [""《佛山市生态环境局顺德分局关于发布2022年度佛山市顺德区生态环境状况公报的通知》（佛环顺函〔2023〕26号）原文"", ""《2021年度佛山市顺德区环境质量状况公报》原文""]}, ""final_answer"": {""judgement"": ""部分完成"", ""analysis"": ""报告内部审核发现三处问题：①表3-1标题标注\""2022年年度比较\""但数据列仅含2020和2021年，年份错配；②PM10和PM2.5浓度下降但变化率标为正值，与SO2/NO2负号标注矛盾；③三线一单章节引用2021年度公报、第三章引用2022年度公报论证同一水体达标，引用年份不统一。地表水表格数据与结论内部一致。因无冻结RAG，外部公报核验未执行。"", ""scope_note"": ""外部核验需补充佛环顺函〔2023〕26号公报原文及2021年度顺德区环境质量公报原文。""}, ""answer_mode"": ""partial_internal"", ""safety_flags"": {""used_unprovided_external_knowledge"": false, ""whole_task_abstention"": false, ""report_evidence_hallucination_risk"": false, ""manual_review_needed"": true}}"
PL002_EnvQuality_Q01,D,PL002,佛山市顺德区启卓工程塑料实业有限公司搬迁项目,环境质量数据引用,请根据报告引用的环境质量公报及现状数据，判断大气和地表水环境质量现状数据引用是否准确。,PL002_佛山市顺德区启卓工程塑料实业有限公司搬迁项目.json,05_review-eia-environmental-quality-data,qwen3.8-max,issue_found,表3-1列年份标注为2020/2021，与2022年度公报对比逻辑不符（应为2021/2022）；PM10和PM2.5变化率符号错误（数值下降却标为正值）。地表水部分内部一致。,verified,冻结RAG确认2022年度公报（佛环顺函〔2023〕26号）存在，综合指数3.27、下降6.0%、五项达标O3超标等结论与报告一致；飞鹅山断面达标与公报吻合。,存在问题,报告引用2022年度顺德区生态环境状况公报（佛环顺函〔2023〕26号），公报名称、文号及总体结论（综合指数3.27、五项达标O3超标）经冻结RAG核验正确。但表3-1存在两处内部错误：①列年份标注为2020/2021，与2022年度公报应对比2021/2022的逻辑不符；②PM10和PM2.5数值下降但变化率标为正值（缺负号）。地表水部分引用顺德支流新涌、飞鹅山断面Ⅲ类达标结论与公报一致，内部无矛盾。,冻结RAG未包含2022年公报中各污染物具体浓度数值表，无法逐项核验表3-1中具体浓度数字的准确性，仅能核验总体结论和变化率计算逻辑。,full_validation,False,False,False,True,True,,,b11e849c423fb5190b3591674867b0b9f5ebd499624d692810e2f2cb685a4a85,543f12e82c1b1ab4c2565fa2b889f0a941cadef1116ee9034f171db3e67407cf,1b8d5e8904f6f432891324db4cc2f005e545387307bd4d43207f7fd9e842d697,d7cb14e13b1e912dfd8d4af4bf1b0cb23b9e9d4aefae7a5ed4a8637cc4d21829,b7b134e2653e90e0278dd58616e12cfbb0ed900fcc470b615d227cd43ce37e90,resp_fea3ab1b-d02a-4587-b364-010a9865379b,0,True,"{""question_id"": ""PL002_EnvQuality_Q01"", ""group"": ""D"", ""project_id"": ""PL002"", ""source_json"": ""PL002_佛山市顺德区启卓工程塑料实业有限公司搬迁项目.json"", ""skill_id"": ""review-eia-environmental-quality-data"", ""audit_category"": ""环境质量数据引用"", ""report_internal_result"": {""status"": ""issue_found"", ""conclusion"": ""表3-1列年份标注为2020/2021，与2022年度公报对比逻辑不符（应为2021/2022）；PM10和PM2.5变化率符号错误（数值下降却标为正值）。地表水部分内部一致。"", ""evidence"": [{""fact"": ""表3-1标题为2022年度比较，但浓度均值列标注为2020和2021"", ""source_location"": ""root[8].content#0"", ""source_excerpt"": ""表3-1 2022年顺德区（国控测点）环境空气污染物浓度水平年度比较…浓度均值…2020…2021""}, {""fact"": ""PM10从42降至32，变化率应为-23.8%，报告标注为23.8（缺负号）"", ""source_location"": ""root[8].content#0"", ""source_excerpt"": ""PM10年平均质量浓度42327023.8达标""}], ""checks"": [{""check_name"": ""表格列年份与公报年份一致性"", ""result"": ""fail"", ""explanation"": ""2022年度公报应比较2021与2022年数据，表3-1列标注为2020/2021，年份标注错误""}, {""check_name"": ""变化率正负号与数值升降方向一致性"", ""result"": ""fail"", ""explanation"": ""PM10(42→32)和PM2.5(22→19)均为下降，变化率应为负值，报告标为正值""}, {""check_name"": ""地表水断面结论与表格一致性"", ""result"": ""pass"", ""explanation"": ""表3-2顺德支流新涌、飞鹅山断面均为Ⅲ类，结论称达标区，内部一致""}], ""calculations"": [{""formula"": ""(32-42)/42×100%"", ""inputs"": {""2020_col"": 42, ""2021_col"": 32}, ""result"": ""-23.8"", ""unit"": ""%""}, {""formula"": ""(19-22)/22×100%"", ""inputs"": {""2020_col"": 22, ""2021_col"": 19}, ""result"": ""-13.6"", ""unit"": ""%""}], ""issues"": [""表3-1列年份标注为2020/2021，应为2021/2022"", ""PM10变化率缺负号（应为-23.8%）"", ""PM2.5变化率缺负号（应为-13.6%）""]}, ""external_validation_result"": {""status"": ""verified"", ""conclusion"": ""冻结RAG确认2022年度公报（佛环顺函〔2023〕26号）存在，综合指数3.27、下降6.0%、五项达标O3超标等结论与报告一致；飞鹅山断面达标与公报吻合。"", ""references_used"": [{""reference_id"": ""ENV_SHUNDE_2022_P0059"", ""title"": ""2022年度佛山市顺德区生态环境状况公报"", ""clause_or_table"": ""大气环境质量概述"", ""supporting_text"": ""2022 年顺德区空气质量综合指数为 3.27，比 2021 年下降6.0%，在全市五区中排名第二。""}, {""reference_id"": ""ENV_SHUNDE_2022_P0028"", ""title"": ""2022年度佛山市顺德区生态环境状况公报"", ""clause_or_table"": ""主河道水质"", ""supporting_text"": ""2022 年顺德区 2 个国控断面 （乌洲、 顺德港）、3 个省控断面（杨滘、海凌、飞鹅山）均达到相应的水质目标，水质优良率（Ⅰ～Ⅲ类）为 100%，与 2021 年持平。""}], ""missing_references"": []}, ""final_answer"": {""judgement"": ""存在问题"", ""analysis"": ""报告引用2022年度顺德区生态环境状况公报（佛环顺函〔2023〕26号），公报名称、文号及总体结论（综合指数3.27、五项达标O3超标）经冻结RAG核验正确。但表3-1存在两处内部错误：①列年份标注为2020/2021，与2022年度公报应对比2021/2022的逻辑不符；②PM10和PM2.5数值下降但变化率标为正值（缺负号）。地表水部分引用顺德支流新涌、飞鹅山断面Ⅲ类达标结论与公报一致，内部无矛盾。"", ""scope_note"": ""冻结RAG未包含2022年公报中各污染物具体浓度数值表，无法逐项核验表3-1中具体浓度数字的准确性，仅能核验总体结论和变化率计算逻辑。""}, ""answer_mode"": ""full_validation"", ""safety_flags"": {""used_unprovided_external_knowledge"": false, ""whole_task_abstention"": false, ""report_evidence_hallucination_risk"": false, ""manual_review_needed"": false}}"
PL002_V01_Q01,C,PL002,佛山市顺德区启卓工程塑料实业有限公司搬迁项目,国民经济行业分类,请结合项目产品、原辅材料和生产工艺，判断该报告是否适合作为塑胶行业种子问答样本，并判断行业类别是否基本合理。,PL002_佛山市顺德区启卓工程塑料实业有限公司搬迁项目.json,01_manual-audit-national-economic-industry-classification,qwen3.8-max,issue_found,报告填报行业C2929塑料零件及其他塑料制品制造，与项目产品（改性塑料粒）、原料（PP/PC/PA/PPT/PET新粒料+玻纤+色母）和工艺（混料→挤出拉粒→切粒）基本匹配，属于塑胶行业范畴，适合作为塑胶行业种子问答样本。但报告内部存在VOCs有组织排放量前后不一致问题（5.1520t/a vs 1.6100t/a）。,not_performed,C组未提供冻结RAG，无法对C2929分类注释原文进行逐字核验。基于报告内部证据，C2929方向基本合理，但分类注释原文核验未执行。,部分完成,该项目以PP、PC、PA、PPT、PET新粒料及玻纤、色母为原料，通过混料→挤出拉粒→切粒工艺生产改性塑料粒2000t/a，属于典型塑胶行业改性造粒项目，适合作为塑胶行业种子问答样本。报告填报C2929塑料零件及其他塑料制品制造，与产品、原料、工艺方向基本一致。但存在内部数据矛盾：三线一单章节VOCs有组织排放量写5.1520t/a，工程分析计算结果为1.6100t/a，需修正。外部规范核验因无冻结RAG未执行。,行业分类注释原文核验因C组无冻结RAG标记为not_performed，仅完成报告内部一致性审核。,partial_internal,True,False,False,True,N/A,,,740751cf228b25772899002cc7bb8e28b1600546d5de9c9ae93540a03f8db828,2477619673025b73870ce49053124b45d46b7adad8fc72bb25476014d97ceea5,,41fb136052b13b22220f1be3cf4dd7606d9f2b5145c1cc9e497df0c1128d300a,38a718c714ea8e9ff77540d57892466b5a96d733a1289c2fda505f39f78089f5,resp_5031d5aa-4421-4969-b8ff-2e6980a56d4f,0,True,"{""question_id"": ""PL002_V01_Q01"", ""group"": ""C"", ""project_id"": ""PL002"", ""source_json"": ""PL002_佛山市顺德区启卓工程塑料实业有限公司搬迁项目.json"", ""skill_id"": ""01_manual-audit-national-economic-industry-classification"", ""audit_category"": ""国民经济行业分类"", ""report_internal_result"": {""status"": ""issue_found"", ""conclusion"": ""报告填报行业C2929塑料零件及其他塑料制品制造，与项目产品（改性塑料粒）、原料（PP/PC/PA/PPT/PET新粒料+玻纤+色母）和工艺（混料→挤出拉粒→切粒）基本匹配，属于塑胶行业范畴，适合作为塑胶行业种子问答样本。但报告内部存在VOCs有组织排放量前后不一致问题（5.1520t/a vs 1.6100t/a）。"", ""evidence"": [{""fact"": ""报告填报行业为C2929塑料零件及其他塑料制品制造"", ""source_location"": ""root[1].content#2200"", ""source_excerpt"": ""本项目属于C2929 塑料零件及其他塑料制品制造，无燃煤燃油火电机组和企业自备电站、供热锅炉。""}, {""fact"": ""搬迁后产品为改性塑料粒2000吨/年，原料为塑料新粒料（PP、PC、PA、PPT、PET）1600t/a、玻璃纤维300t/a、色母40t/a，核心工艺为混料→挤出拉粒→冷却→切粒"", ""source_location"": ""root[5].content#0"", ""source_excerpt"": ""主要从事改性塑料的生产，预计投产后年产改性塑料粒2000吨。""}], ""checks"": [{""check_name"": ""行业代码与产品名称一致性"", ""result"": ""pass"", ""explanation"": ""C2929塑料零件及其他塑料制品制造与改性塑料粒生产活动方向一致，改性造粒属于塑料制品加工范畴。""}, {""check_name"": ""产品-原料-工艺链条完整性"", ""result"": ""pass"", ""explanation"": ""原料（新粒料+玻纤+色母）→混料→挤出拉粒→切粒→改性塑料粒，链条完整且各章节表述一致。""}, {""check_name"": ""VOCs排放量前后一致性"", ""result"": ""fail"", ""explanation"": ""三线一单相符性分析处称有组织总排放量5.1520t/a，工程分析处计算结果为1.6100t/a，两处数值矛盾。""}], ""calculations"": [{""formula"": ""有组织排放量 = 产生量 × 收集效率 × (1-处理效率)"", ""inputs"": {""产生量"": ""9.2t/a"", ""收集效率"": ""70%"", ""处理效率"": ""75%""}, ""result"": ""9.2×0.7×(1-0.75)=1.61"", ""unit"": ""t/a""}, {""formula"": ""无组织排放量 = 产生量 × (1-收集效率)"", ""inputs"": {""产生量"": ""9.2t/a"", ""收集效率"": ""70%""}, ""result"": ""9.2×0.3=2.76"", ""unit"": ""t/a""}], ""issues"": [""VOCs有组织排放量前后矛盾：三线一单章节写5.1520t/a，工程分析章节计算为1.6100t/a，差异显著。""]}, ""external_validation_result"": {""status"": ""not_performed"", ""conclusion"": ""C组未提供冻结RAG，无法对C2929分类注释原文进行逐字核验。基于报告内部证据，C2929方向基本合理，但分类注释原文核验未执行。"", ""references_used"": [], ""missing_references"": [""《国民经济行业分类》(GB/T 4754-2017)及第1号修改单中C2929小类注释原文""]}, ""final_answer"": {""judgement"": ""部分完成"", ""analysis"": ""该项目以PP、PC、PA、PPT、PET新粒料及玻纤、色母为原料，通过混料→挤出拉粒→切粒工艺生产改性塑料粒2000t/a，属于典型塑胶行业改性造粒项目，适合作为塑胶行业种子问答样本。报告填报C2929塑料零件及其他塑料制品制造，与产品、原料、工艺方向基本一致。但存在内部数据矛盾：三线一单章节VOCs有组织排放量写5.1520t/a，工程分析计算结果为1.6100t/a，需修正。外部规范核验因无冻结RAG未执行。"", ""scope_note"": ""行业分类注释原文核验因C组无冻结RAG标记为not_performed，仅完成报告内部一致性审核。""}, ""answer_mode"": ""partial_internal"", ""safety_flags"": {""used_unprovided_external_knowledge"": false, ""whole_task_abstention"": false, ""report_evidence_hallucination_risk"": false, ""manual_review_needed"": true}}"
PL002_V01_Q01,D,PL002,佛山市顺德区启卓工程塑料实业有限公司搬迁项目,国民经济行业分类,请结合项目产品、原辅材料和生产工艺，判断该报告是否适合作为塑胶行业种子问答样本，并判断行业类别是否基本合理。,PL002_佛山市顺德区启卓工程塑料实业有限公司搬迁项目.json,01_manual-audit-national-economic-industry-classification,qwen3.8-max,pass,报告填报C2929塑料零件及其他塑料制品制造，与项目产品（改性塑料粒）、原料（PP/PC/PA/PPT/PET新粒料+玻璃纤维+色母）及核心工艺（混料→挤出造粒）内部一致，适合作为塑胶行业种子问答样本。,verified,依据冻结RAG中GB/T 4754-2017分类注释，C292中类定义涵盖'以合成树脂为主要原料，经采用挤塑等工艺加工成型的各种制品的生产'；C2929为'上述未列明的其他各类非日用塑料制品的生产活动'，改性塑料粒归入C2929基本合理。,正确,项目以PP、PC、PA、PPT、PET合成树脂新粒料为主要原料，添加玻璃纤维和色母，经混料、挤出造粒工艺生产改性塑料粒2000t/a。依据冻结RAG中GB/T 4754-2017，C292中类定义涵盖以合成树脂为原料经挤塑等工艺加工的生产活动；在292中类各小类中，2922（板管型材）、2924（泡沫）、2925（人造革）、2926（包装容器）、2927（日用）均不适用，C2929作为'其他各类非日用塑料制品'兜底小类是合理归属。报告填报C2929与项目实际活动一致，行业类别基本合理，适合作为塑胶行业种子问答样本。,外部核验仅基于冻结RAG提供的GB/T 4754-2017分类注释，未使用其他外部来源。,full_validation,False,False,False,True,True,,,740751cf228b25772899002cc7bb8e28b1600546d5de9c9ae93540a03f8db828,2477619673025b73870ce49053124b45d46b7adad8fc72bb25476014d97ceea5,b0ebdf3ada23bd4f7d72961676b3b8c0b8c6b124be9ce85615879b33654d1cf7,d102bca87ccce0e591a6c95786091c2828429714111ce6816e0d5fb5dec02261,1bcd8613d7582018dc19563cea5a998d402e80c0514f35bc70e2f1ed6fbbd0c1,resp_ad5a18d9-6780-4461-b513-2e1944ae777c,0,True,"{""question_id"": ""PL002_V01_Q01"", ""group"": ""D"", ""project_id"": ""PL002"", ""source_json"": ""PL002_佛山市顺德区启卓工程塑料实业有限公司搬迁项目.json"", ""skill_id"": ""01_manual-audit-national-economic-industry-classification"", ""audit_category"": ""国民经济行业分类"", ""report_internal_result"": {""status"": ""pass"", ""conclusion"": ""报告填报C2929塑料零件及其他塑料制品制造，与项目产品（改性塑料粒）、原料（PP/PC/PA/PPT/PET新粒料+玻璃纤维+色母）及核心工艺（混料→挤出造粒）内部一致，适合作为塑胶行业种子问答样本。"", ""evidence"": [{""fact"": ""报告填报行业为C2929塑料零件及其他塑料制品制造"", ""source_location"": ""root[1].content#2200"", ""source_excerpt"": ""本项目属于C2929 塑料零件及其他塑料制品制造，无燃煤燃油火电机组和企业自备电站、供热锅炉。""}, {""fact"": ""搬迁后产品为改性塑料粒2000吨/年，原料为塑料新粒料、玻璃纤维、色母，工艺为混料后挤出造粒"", ""source_location"": ""root[5].content#6600"", ""source_excerpt"": ""PP、PC、PA、PPT、PET新粒料、玻璃纤维、色母（粒料）经人工配料后按比例加入混料机进行混料，混好料后加入拉料机进行拉粒加工，原料塑料粒在双螺杆机挤出机组内于约200℃的温度下挤出成型""}], ""checks"": [{""check_name"": ""行业代码与名称一致性"", ""result"": ""pass"", ""explanation"": ""C2929与'塑料零件及其他塑料制品制造'成对出现，代码名称匹配。""}, {""check_name"": ""产品-工艺-行业逻辑一致性"", ""result"": ""pass"", ""explanation"": ""以合成树脂新粒料为原料，经挤出造粒生产改性塑料粒，属于塑料制品加工范畴，归入C292中类合理。""}, {""check_name"": ""塑胶行业种子样本适用性"", ""result"": ""pass"", ""explanation"": ""项目具备典型塑胶行业特征：合成树脂原料、挤出工艺、VOCs排放，适合作为塑胶行业种子问答样本。""}], ""calculations"": [], ""issues"": []}, ""external_validation_result"": {""status"": ""verified"", ""conclusion"": ""依据冻结RAG中GB/T 4754-2017分类注释，C292中类定义涵盖'以合成树脂为主要原料，经采用挤塑等工艺加工成型的各种制品的生产'；C2929为'上述未列明的其他各类非日用塑料制品的生产活动'，改性塑料粒归入C2929基本合理。"", ""references_used"": [{""reference_id"": ""IND_GBT4754_2017_P0022"", ""title"": ""GB/T 4754-2017 C292塑料制品业"", ""clause_or_table"": ""中类292定义"", ""supporting_text"": ""指以合成树脂（高分子化合物）为主要原料，经采用挤塑、注塑、吹塑、压延、层压等工艺加工成型的各种制品的生产，以及利用回收的废旧塑料加工再生产塑料制品的活动；不包括塑料鞋制造""}, {""reference_id"": ""IND_GBT4754_2017_P0031"", ""title"": ""GB/T 4754-2017 C2929塑料零件及其他塑料制品制造"", ""clause_or_table"": ""小类2929定义"", ""supporting_text"": ""指塑料制绝缘零件、密封制品、紧固件，以及汽车、家具等专用零配件的制造，以及上述未列明的其他各类非日用塑料制品的生产活动""}], ""missing_references"": []}, ""final_answer"": {""judgement"": ""正确"", ""analysis"": ""项目以PP、PC、PA、PPT、PET合成树脂新粒料为主要原料，添加玻璃纤维和色母，经混料、挤出造粒工艺生产改性塑料粒2000t/a。依据冻结RAG中GB/T 4754-2017，C292中类定义涵盖以合成树脂为原料经挤塑等工艺加工的生产活动；在292中类各小类中，2922（板管型材）、2924（泡沫）、2925（人造革）、2926（包装容器）、2927（日用）均不适用，C2929作为'其他各类非日用塑料制品'兜底小类是合理归属。报告填报C2929与项目实际活动一致，行业类别基本合理，适合作为塑胶行业种子问答样本。"", ""scope_note"": ""外部核验仅基于冻结RAG提供的GB/T 4754-2017分类注释，未使用其他外部来源。""}, ""answer_mode"": ""full_validation"", ""safety_flags"": {""used_unprovided_external_knowledge"": false, ""whole_task_abstention"": false, ""report_evidence_hallucination_risk"": false, ""manual_review_needed"": false}}"
PL003_Emission_噪声,C,PL003,佛山市顺德区康明新材料厂新建项目,噪声排放标准,请根据项目所属声环境功能区类别，判断噪声排放标准选取是否合理。要求总结声功能区类型、厂界执行标准（GB12348-2008）及昼夜限值，并与环评编制内容进行一致性分析。,PL003_佛山市顺德区康明新材料厂新建项目.json,07_review-eia-pollutant-discharge-standards,qwen3.8-max,pass,报告内部声功能区类别、执行标准、限值和监测计划各章节一致，均引用声环境3类区及GB12348-2008的3类标准（昼65/夜55 dB(A)），且明确夜间不生产。,not_performed,未提供冻结RAG，无法核验GB12348-2008中3类标准限值数值及声功能区划文件的正式内容。,部分完成,报告内部审核通过：声功能区（3类）、执行标准（GB12348-2008 3类）、昼间限值65dB(A)、夜间限值55dB(A)在总论、标准表、影响预测、监测计划和监督检查清单中保持一致；噪声预测最大值60.0dB(A)低于昼间限值；报告明确严禁夜间生产。外部核验因无冻结RAG未执行。,外部标准限值数值和功能区划真实性需正式资料包验证。,determinate_internal,False,False,False,False,N/A,,report_excerpt_not_exact,53df4581ed4c6c7488b9ef4e8ddd01ccc9ce27204a6042ad901836d8a752dd70,4a5414ac3b2caed2c7aa9dca4bd35dd0d264f4a8f6c4e4781b75aafea4d77ce6,,41e6844555f5afc1501e87470d7a5ef768f3d9cc9b712c067a0d09fe403896bf,18c805f0b1fab5d83d2dc20f6526dcf9242dc391e9d7751e65b0f3b2a014b77d,resp_5f7f6219-7ed3-4316-9cab-c91add411c04,0,True,"{""question_id"": ""PL003_Emission_噪声"", ""group"": ""C"", ""project_id"": ""PL003"", ""source_json"": ""PL003_佛山市顺德区康明新材料厂新建项目.json"", ""skill_id"": ""07_review-eia-pollutant-discharge-standards"", ""audit_category"": ""噪声排放标准"", ""report_internal_result"": {""status"": ""pass"", ""conclusion"": ""报告内部声功能区类别、执行标准、限值和监测计划各章节一致，均引用声环境3类区及GB12348-2008的3类标准（昼65/夜55 dB(A)），且明确夜间不生产。"", ""evidence"": [{""fact"": ""项目位于声环境3类功能区，依据佛环〔2024〕1号"", ""source_location"": ""root[6].content#0"", ""source_excerpt"": ""项目位于3328吉佑北水工业区片区，属于声环境3类功能区，项目厂界外50m范围内无环境敏感目标""}, {""fact"": ""厂界噪声执行GB12348-2008的3类标准，昼间65dB(A)、夜间55dB(A)"", ""source_location"": ""root[6].content#6600"", ""source_excerpt"": ""本项目营运期边界噪声执行《工业企业厂界环境噪声排放标准》（GB12348-2008）3类区标准…3类 65 dB(A) 55 dB(A)""}], ""checks"": [{""check_name"": ""声功能区类别各章节一致性"", ""result"": ""pass"", ""explanation"": ""总论、环境质量现状、标准表、影响分析和监督检查清单均统一引用3类区。""}, {""check_name"": ""噪声预测值与标准限值对比"", ""result"": ""pass"", ""explanation"": ""最大噪声排放值60.0dB(A)（风机）低于昼间限值65dB(A)；报告明确严禁夜间生产，夜间限值不适用。""}, {""check_name"": ""监测计划与执行标准一致性"", ""result"": ""pass"", ""explanation"": ""自行监测计划表4-23执行标准与标准表3-12一致，均为GB12348-2008的3类标准。""}], ""calculations"": [], ""issues"": []}, ""external_validation_result"": {""status"": ""not_performed"", ""conclusion"": ""未提供冻结RAG，无法核验GB12348-2008中3类标准限值数值及声功能区划文件的正式内容。"", ""references_used"": [], ""missing_references"": [""GB12348-2008《工业企业厂界环境噪声排放标准》正式文本"", ""佛环〔2024〕1号《佛山市声环境功能区划》正式文本""]}, ""final_answer"": {""judgement"": ""部分完成"", ""analysis"": ""报告内部审核通过：声功能区（3类）、执行标准（GB12348-2008 3类）、昼间限值65dB(A)、夜间限值55dB(A)在总论、标准表、影响预测、监测计划和监督检查清单中保持一致；噪声预测最大值60.0dB(A)低于昼间限值；报告明确严禁夜间生产。外部核验因无冻结RAG未执行。"", ""scope_note"": ""外部标准限值数值和功能区划真实性需正式资料包验证。""}, ""answer_mode"": ""determinate_internal"", ""safety_flags"": {""used_unprovided_external_knowledge"": false, ""whole_task_abstention"": false, ""report_evidence_hallucination_risk"": false, ""manual_review_needed"": false}}"
PL003_Emission_噪声,D,PL003,佛山市顺德区康明新材料厂新建项目,噪声排放标准,请根据项目所属声环境功能区类别，判断噪声排放标准选取是否合理。要求总结声功能区类型、厂界执行标准（GB12348-2008）及昼夜限值，并与环评编制内容进行一致性分析。,PL003_佛山市顺德区康明新材料厂新建项目.json,07_review-eia-pollutant-discharge-standards,qwen3.8-max,pass,报告内部各章节对声功能区类别（3类）、执行标准（GB12348-2008 3类）、昼间限值65dB(A)、夜间限值55dB(A)的表述一致；监测计划、监督检查清单与正文标准表相互吻合；报告明确严禁夜间生产，与仅评价昼间的做法逻辑自洽。,verified,冻结RAG中佛环〔2024〕1号确认3类区定义为'以工业生产、仓储物流为主要功能'的区域，与项目所在工业区性质吻合；GB12348-2008确认适用于工业企业厂界噪声排放管理。报告选用3类标准合理。RAG未完整展示GB12348-2008各类排放限值表，65/55具体数值无法从RAG逐字核验。,正确,报告将项目定位为声环境3类功能区（依据佛环〔2024〕1号，3328吉佑北水工业区片区），厂界噪声执行GB12348-2008 3类标准（昼间65dB(A)、夜间55dB(A)）。冻结RAG确认3类区适用于工业生产、仓储物流为主要功能的区域，与项目所在工业区性质一致；GB12348-2008适用于工业企业厂界噪声排放管理。报告各章节（标准表、影响分析、监测计划、监督检查清单）对标准类别和限值表述一致，内部无矛盾。标准选取合理。,RAG未包含GB12348-2008排放限值表完整数据，65/55dB(A)具体数值未从RAG逐字核验，但标准选用逻辑和功能区类别已通过RAG验证。,full_validation,False,False,False,False,True,,report_excerpt_not_exact,53df4581ed4c6c7488b9ef4e8ddd01ccc9ce27204a6042ad901836d8a752dd70,4a5414ac3b2caed2c7aa9dca4bd35dd0d264f4a8f6c4e4781b75aafea4d77ce6,51aefec4faaecb0fed7e144f798278b1006576dd2ee9b6bae093e5ce8a4db0e8,88b76edb7882f2932d79e632e645b6a7665b5ce24064edb1462b879320924728,d424b0b8e503e4d5a63fa575ccdd01e96ba43583c4261d5ae754e63bf99bee6b,resp_9d89e6bc-15e0-4090-94a0-cd4899687e52,0,True,"{""question_id"": ""PL003_Emission_噪声"", ""group"": ""D"", ""project_id"": ""PL003"", ""source_json"": ""PL003_佛山市顺德区康明新材料厂新建项目.json"", ""skill_id"": ""07_review-eia-pollutant-discharge-standards"", ""audit_category"": ""噪声排放标准"", ""report_internal_result"": {""status"": ""pass"", ""conclusion"": ""报告内部各章节对声功能区类别（3类）、执行标准（GB12348-2008 3类）、昼间限值65dB(A)、夜间限值55dB(A)的表述一致；监测计划、监督检查清单与正文标准表相互吻合；报告明确严禁夜间生产，与仅评价昼间的做法逻辑自洽。"", ""evidence"": [{""fact"": ""项目位于声环境3类功能区，执行GB12348-2008 3类标准，昼间65dB(A)、夜间55dB(A)"", ""source_location"": ""root[6].content#6600"", ""source_excerpt"": ""本项目营运期边界噪声执行《工业企业厂界环境噪声排放标准》（GB12348-2008）3类区标准…3类 65 dB(A) 55 dB(A)""}, {""fact"": ""监测计划与正文标准一致，均为GB12348-2008 3类标准"", ""source_location"": ""root[10].content#0"", ""source_excerpt"": ""噪声 厂界四周外1米外 等效连续A声级 1次/季 《工业企业厂界环境噪声排放标准》（GB 12348-2008）3类标准""}], ""checks"": [{""check_name"": ""声功能区类别各章节一致性"", ""result"": ""pass"", ""explanation"": ""root[2]、root[6]、root[10]、root[11]均表述为声环境3类功能区，无矛盾。""}, {""check_name"": ""标准限值与监测计划一致性"", ""result"": ""pass"", ""explanation"": ""标准表3-12列3类65/55dB(A)，监测计划表4-23引用同一标准同一类别，监督检查清单亦一致。""}, {""check_name"": ""夜间生产与夜间限值逻辑"", ""result"": ""pass"", ""explanation"": ""报告明确'严禁夜间生产'，夜间限值虽列出但实际不产生夜间排放，逻辑自洽。""}], ""calculations"": [], ""issues"": []}, ""external_validation_result"": {""status"": ""verified"", ""conclusion"": ""冻结RAG中佛环〔2024〕1号确认3类区定义为'以工业生产、仓储物流为主要功能'的区域，与项目所在工业区性质吻合；GB12348-2008确认适用于工业企业厂界噪声排放管理。报告选用3类标准合理。RAG未完整展示GB12348-2008各类排放限值表，65/55具体数值无法从RAG逐字核验。"", ""references_used"": [{""reference_id"": ""NOISE_FOSHAN_ZONING_2024_P0006"", ""title"": ""佛山市声环境功能区划（佛环〔2024〕1号）"", ""clause_or_table"": ""3类声环境功能区定义"", ""supporting_text"": ""以工业生产、仓储物流为主要功能，需要防止工业噪声对周围环境产生严重影响的区域。""}, {""reference_id"": ""NOISE_GB12348_2008_P0025"", ""title"": ""工业企业厂界环境噪声排放标准（GB 12348-2008）"", ""clause_or_table"": ""适用范围"", ""supporting_text"": ""本标准规定了工业企业和固定设备厂界环境噪声排放限值及其测量方法。本标准适用于工业企业噪声排放的管理、评价及控制。""}], ""missing_references"": [""GB12348-2008中3类排放限值具体数值表（RAG未检索到该表完整内容）""]}, ""final_answer"": {""judgement"": ""正确"", ""analysis"": ""报告将项目定位为声环境3类功能区（依据佛环〔2024〕1号，3328吉佑北水工业区片区），厂界噪声执行GB12348-2008 3类标准（昼间65dB(A)、夜间55dB(A)）。冻结RAG确认3类区适用于工业生产、仓储物流为主要功能的区域，与项目所在工业区性质一致；GB12348-2008适用于工业企业厂界噪声排放管理。报告各章节（标准表、影响分析、监测计划、监督检查清单）对标准类别和限值表述一致，内部无矛盾。标准选取合理。"", ""scope_note"": ""RAG未包含GB12348-2008排放限值表完整数据，65/55dB(A)具体数值未从RAG逐字核验，但标准选用逻辑和功能区类别已通过RAG验证。""}, ""answer_mode"": ""full_validation"", ""safety_flags"": {""used_unprovided_external_knowledge"": false, ""whole_task_abstention"": false, ""report_evidence_hallucination_risk"": false, ""manual_review_needed"": false}}"
PL003_Emission_固体,C,PL003,佛山市顺德区康明新材料厂新建项目,固体废物控制标准,请根据项目产生的固体废物和危险废物类型，判断固体废物控制标准选取是否合理。要求总结一般工业固体废物和危险废物执行标准的标准名称及编号，分析是否缺少必要标准条目。,PL003_佛山市顺德区康明新材料厂新建项目.json,07_review-eia-pollutant-discharge-standards,qwen3.8-max,issue_found,报告列出了5项固废执行标准，覆盖危废贮存和一般固废分类，但存在泥垢代码前后不一致（292-001-61 vs 383-001-61），且未引用《一般工业固体废物贮存和填埋污染控制标准》（GB 18599-2020）作为一般固废贮存依据。,not_performed,本组未提供冻结RAG，无法对标准版本有效性、适用性及限值进行外部核验。,存在问题,报告固废标准选取基本框架合理：危废贮存引用GB18597-2023，一般固废分类引用GB/T39198-2020，危废识别引用《国家危险废物名录》（2021年）。但存在以下问题：①缺少《一般工业固体废物贮存和填埋污染控制标准》（GB 18599-2020），该标准是一般工业固废贮存的核心控制标准，报告仅以文字描述替代；②泥垢代码在表4-24与表4-25之间不一致（292-001-61 vs 383-001-61）；③《危险废物收集贮存运输技术规范》编号前缀'J'疑为笔误。,外部标准版本有效性和适用性因无冻结RAG未核验，以上结论仅基于报告内部一致性。,determinate_internal,False,False,False,True,N/A,,,0d606c086a14583780836016fc5cd45d89342f6063d9c9fa55e978d603776efd,72ff50ba113d72427e63b9a8a06501b4a9719e88408bf6b28d7086d322de7e8f,,f33a2bf68501b5e8a09213cb16e69ece2ff3323c25ed1d3f0a1ce75217f315ce,f57b9be35faec681ed669b766119e8af323f6adb1661488c82d8785c1f0ea312,resp_913e5e75-79bb-4960-915c-716e7347c878,0,True,"{""question_id"": ""PL003_Emission_固体"", ""group"": ""C"", ""project_id"": ""PL003"", ""source_json"": ""PL003_佛山市顺德区康明新材料厂新建项目.json"", ""skill_id"": ""07_review-eia-pollutant-discharge-standards"", ""audit_category"": ""固体废物控制标准"", ""report_internal_result"": {""status"": ""issue_found"", ""conclusion"": ""报告列出了5项固废执行标准，覆盖危废贮存和一般固废分类，但存在泥垢代码前后不一致（292-001-61 vs 383-001-61），且未引用《一般工业固体废物贮存和填埋污染控制标准》（GB 18599-2020）作为一般固废贮存依据。"", ""evidence"": [{""fact"": ""报告固体废物标准段落列出5项标准：固废法、国家危险废物名录、GB34330-2017、GB18597-2023、GB/T39198-2020"", ""source_location"": ""root[6].content#6600"", ""source_excerpt"": ""项目生产过程中产生的固体废物执行《中华人民共和国固体废物污染环境防治法》（2020修订）、《国家危险废物名录》（2021年）、《固体废物鉴别标准 通则》（GB34330-2017）、《危险废物贮存污染控制标准》（GB18597-2023）、《一般固体废物分类和代码》（GB/T39198-2020）""}, {""fact"": ""表4-25中泥垢代码为383-001-61，而表4-24及正文中为292-001-61，前后不一致"", ""source_location"": ""root[10].content#0"", ""source_excerpt"": ""泥垢 无机废水污泥，383-001-61 固态 灰尘、泥沙、微生物""}], ""checks"": [{""check_name"": ""固废类型与标准覆盖完整性"", ""result"": ""fail"", ""explanation"": ""报告列出一般工业固废贮存要求仅以文字描述'防渗漏、防雨淋、防扬尘'，未引用GB 18599-2020标准编号，缺少一般工业固废贮存的专项控制标准。""}, {""check_name"": ""泥垢固废代码内部一致性"", ""result"": ""fail"", ""explanation"": ""表4-24中泥垢代码为292-001-61，表4-25中为383-001-61，两处不一致。项目行业为2921塑料薄膜制造，292前缀合理，383前缀疑似笔误。""}, {""check_name"": ""危废贮存标准引用一致性"", ""result"": ""pass"", ""explanation"": ""报告在标准段落、危废管理章节和监督检查清单中均统一引用GB18597-2023，内部一致。""}], ""calculations"": [], ""issues"": [""泥垢一般固废代码在表4-24（292-001-61）与表4-25（383-001-61）之间不一致"", ""缺少《一般工业固体废物贮存和填埋污染控制标准》（GB 18599-2020）的明确引用"", ""报告引用《危险废物收集贮存运输技术规范》（J 2025-2012），前缀'J'疑为'HJ'笔误""]}, ""external_validation_result"": {""status"": ""not_performed"", ""conclusion"": ""本组未提供冻结RAG，无法对标准版本有效性、适用性及限值进行外部核验。"", ""references_used"": [], ""missing_references"": [""GB 18599-2020《一般工业固体废物贮存和填埋污染控制标准》"", ""GB 18597-2023《危险废物贮存污染控制标准》正式文本"", ""《国家危险废物名录》（2021年版）正式文本""]}, ""final_answer"": {""judgement"": ""存在问题"", ""analysis"": ""报告固废标准选取基本框架合理：危废贮存引用GB18597-2023，一般固废分类引用GB/T39198-2020，危废识别引用《国家危险废物名录》（2021年）。但存在以下问题：①缺少《一般工业固体废物贮存和填埋污染控制标准》（GB 18599-2020），该标准是一般工业固废贮存的核心控制标准，报告仅以文字描述替代；②泥垢代码在表4-24与表4-25之间不一致（292-001-61 vs 383-001-61）；③《危险废物收集贮存运输技术规范》编号前缀'J'疑为笔误。"", ""scope_note"": ""外部标准版本有效性和适用性因无冻结RAG未核验，以上结论仅基于报告内部一致性。""}, ""answer_mode"": ""determinate_internal"", ""safety_flags"": {""used_unprovided_external_knowledge"": false, ""whole_task_abstention"": false, ""report_evidence_hallucination_risk"": false, ""manual_review_needed"": false}}"
PL003_Emission_固体,D,PL003,佛山市顺德区康明新材料厂新建项目,固体废物控制标准,请根据项目产生的固体废物和危险废物类型，判断固体废物控制标准选取是否合理。要求总结一般工业固体废物和危险废物执行标准的标准名称及编号，分析是否缺少必要标准条目。,PL003_佛山市顺德区康明新材料厂新建项目.json,07_review-eia-pollutant-discharge-standards,qwen3.8-max,issue_found,报告列出的固废标准包括《固废法》(2020修订)、《国家危险废物名录》(2021年)、GB34330-2017、GB18597-2023、GB/T39198-2020，但缺少一般工业固体废物贮存污染控制标准(GB18599-2020)；泥垢代码在表4-24与表4-25之间不一致(292-001-61 vs 383-001-61)。,verified,冻结RAG确认GB18599-2020为一般工业固体废物贮存强制性标准(2021年7月1日实施)，报告未引用属缺项；GB34330-2025已存在，报告仍引用2017版；《国家危险废物名录》2025年版(生态环境部令第36号)已发布，报告仍引用2021年版。,存在问题,报告固废标准清单存在以下问题：(1)缺少GB18599-2020《一般工业固体废物贮存和填埋污染控制标准》，该标准为强制性标准且已于2021年7月1日实施，项目设有一般固废仓贮存废包装袋、边角料等，应引用该标准；(2)报告引用GB34330-2017，但冻结RAG显示GB34330-2025已发布，存在版本滞后；(3)报告引用《国家危险废物名录》(2021年)，但2025年版(生态环境部令第36号)已发布；(4)内部一致性问题：泥垢代码在表4-24为292-001-61，表4-25为383-001-61，前后矛盾。危废贮存标准GB18597-2023引用正确。,外部核验基于冻结RAG提供的标准文本，未使用模型参数记忆。,full_validation,False,False,False,False,True,,report_excerpt_not_exact,0d606c086a14583780836016fc5cd45d89342f6063d9c9fa55e978d603776efd,72ff50ba113d72427e63b9a8a06501b4a9719e88408bf6b28d7086d322de7e8f,07b3999c81514a27b2462e0ab99b2028205d464bdb14b88556802e8aca2208db,ea956cf87e0a920bc4212d6b450a7778b37060ea5b930858266331928b9479bb,bdf085839fb358690d209e234494358daa63589598576843ba2095666aa8f226,resp_14302db8-e108-4715-b1d4-9106680970b4,0,True,"{""question_id"": ""PL003_Emission_固体"", ""group"": ""D"", ""project_id"": ""PL003"", ""source_json"": ""PL003_佛山市顺德区康明新材料厂新建项目.json"", ""skill_id"": ""07_review-eia-pollutant-discharge-standards"", ""audit_category"": ""固体废物控制标准"", ""report_internal_result"": {""status"": ""issue_found"", ""conclusion"": ""报告列出的固废标准包括《固废法》(2020修订)、《国家危险废物名录》(2021年)、GB34330-2017、GB18597-2023、GB/T39198-2020，但缺少一般工业固体废物贮存污染控制标准(GB18599-2020)；泥垢代码在表4-24与表4-25之间不一致(292-001-61 vs 383-001-61)。"", ""evidence"": [{""fact"": ""报告固体废物标准清单未包含GB18599-2020"", ""source_location"": ""root[6].content#6600"", ""source_excerpt"": ""固体废物执行《中华人民共和国固体废物污染环境防治法》（2020修订）、《国家危险废物名录》（2021年）、《固体废物鉴别标准 通则》（GB34330-2017）、《危险废物贮存污染控制标准》（GB18597-2023）、《一般固体废物分类和代码》（GB/T39198-2020）""}, {""fact"": ""泥垢代码在两张表中不一致"", ""source_location"": ""root[10].content#0 与 root[10].content#2200"", ""source_excerpt"": ""表4-24：泥垢 无机废水污泥，292-001-61；表4-25：泥垢 无机废水污泥，383-001-61""}], ""checks"": [{""check_name"": ""一般工业固废贮存标准覆盖"", ""result"": ""fail"", ""explanation"": ""项目产生废包装袋、边角料、次品、泥垢等一般工业固废并设有一般固废仓，但标准清单未引用GB18599-2020。""}, {""check_name"": ""固废代码内部一致性"", ""result"": ""fail"", ""explanation"": ""泥垢在表4-24中代码为292-001-61，在表4-25中为383-001-61，前缀不一致。""}, {""check_name"": ""危废贮存标准覆盖"", ""result"": ""pass"", ""explanation"": ""报告引用GB18597-2023用于危废暂存，与危废仓设置和处置路径一致。""}], ""calculations"": [], ""issues"": [""缺少《一般工业固体废物贮存和填埋污染控制标准》(GB18599-2020)"", ""泥垢固废代码在表4-24(292-001-61)与表4-25(383-001-61)之间矛盾""]}, ""external_validation_result"": {""status"": ""verified"", ""conclusion"": ""冻结RAG确认GB18599-2020为一般工业固体废物贮存强制性标准(2021年7月1日实施)，报告未引用属缺项；GB34330-2025已存在，报告仍引用2017版；《国家危险废物名录》2025年版(生态环境部令第36号)已发布，报告仍引用2021年版。"", ""references_used"": [{""reference_id"": ""SOLID_GB18599_2020_P0012"", ""title"": ""一般工业固体废物贮存和填埋污染控制标准 GB 18599-2020"", ""clause_or_table"": ""前言/适用范围"", ""supporting_text"": ""本标准规定了一般工业固体废物贮存场、填埋场的选址、建设、运行、封场、土地复垦等过程的环境保护要求……本标准为强制性标准。……本标准自 2021 年 7 月 1 日起实施。""}, {""reference_id"": ""SOLID_GB34330_2025_P0012"", ""title"": ""固体废物鉴别标准 通则 GB 34330-2025"", ""clause_or_table"": ""1 适用范围"", ""supporting_text"": ""本标准适用于物质（或材料）和物品（包括产品、商品）（以下简称物质）的固体废物鉴别。本标准适用于液态废物的鉴别。""}], ""missing_references"": []}, ""final_answer"": {""judgement"": ""存在问题"", ""analysis"": ""报告固废标准清单存在以下问题：(1)缺少GB18599-2020《一般工业固体废物贮存和填埋污染控制标准》，该标准为强制性标准且已于2021年7月1日实施，项目设有一般固废仓贮存废包装袋、边角料等，应引用该标准；(2)报告引用GB34330-2017，但冻结RAG显示GB34330-2025已发布，存在版本滞后；(3)报告引用《国家危险废物名录》(2021年)，但2025年版(生态环境部令第36号)已发布；(4)内部一致性问题：泥垢代码在表4-24为292-001-61，表4-25为383-001-61，前后矛盾。危废贮存标准GB18597-2023引用正确。"", ""scope_note"": ""外部核验基于冻结RAG提供的标准文本，未使用模型参数记忆。""}, ""answer_mode"": ""full_validation"", ""safety_flags"": {""used_unprovided_external_knowledge"": false, ""whole_task_abstention"": false, ""report_evidence_hallucination_risk"": false, ""manual_review_needed"": false}}"
PL003_Emission_水污,C,PL003,佛山市顺德区康明新材料厂新建项目,水污染物排放标准,请根据报告中的废水类型、预处理方式、排放去向、企业排口标准、污水处理厂名称、尾水排放河道和尾水执行标准，判断水污染物排放标准选取是否合理。要求对比：生活污水排放标准+排入污水处理厂名称+尾水排放河道+尾水排放执行标准，报告与知识库是否一致。,PL003_佛山市顺德区康明新材料厂新建项目.json,07_review-eia-pollutant-discharge-standards,qwen3.8-max,issue_found,报告内部废水路径、标准选取和数值总体一致，但污水处理厂名称在不同章节存在不一致：三线一单相符性分析章节使用'吉祐村分散式农村污水处理站'，其余章节均使用'杏坛镇吉祐村红砖厂农村生活污水处理站'。生活污水执行DB44/26-2001第二时段三级标准、尾水执行GB18918-2002一级B标准在各章节一致，排放路径（砖厂涌→其他内河涌→顺德支流）前后统一。,not_performed,C组未提供冻结RAG，无法对DB44/26-2001第二时段三级标准限值、GB18918-2002一级B标准限值及该农村生活污水处理站适用GB18918-2002的合规性进行外部核验。,部分完成,报告内部废水路径清晰：生活污水经三级化粪池预处理达DB44/26-2001第二时段三级标准后排入杏坛镇吉祐村红砖厂农村生活污水处理站，冷却废水经沉淀后经市政管网排入同一处理站，尾水执行GB18918-2002一级B标准后排入砖厂涌最终汇入顺德支流。各章节标准限值数值一致，未出现企业排口标准与尾水标准混用。但三线一单相符性分析章节将处理站简称为'吉祐村分散式农村污水处理站'，与其余章节全称不一致，属文本规范性问题。外部标准适用性因无冻结RAG未核验。,外部规范核验（标准限值正确性、农村处理站适用GB18918-2002的政策依据）因C组无冻结RAG标记为not_performed,partial_internal,False,False,False,True,N/A,,,11a255ef928b370acd1221e1cd371227ee13e4695baae3c5ca7e3a2a29f27a6c,614641560a576fd109af280acd3e5c62b0ba9d9137121c5d0d3fb2418450035a,,251943b07170160b5b3746011bc823671b47195b21be1516c629f700e28589cf,93dc01a3451dd87f086f9786770737a7cf0147b0425f8920cc6834e6d7d98e71,resp_7459d9f4-106c-4b44-89af-7997000c6440,0,True,"{""question_id"": ""PL003_Emission_水污"", ""group"": ""C"", ""project_id"": ""PL003"", ""source_json"": ""PL003_佛山市顺德区康明新材料厂新建项目.json"", ""skill_id"": ""07_review-eia-pollutant-discharge-standards"", ""audit_category"": ""水污染物排放标准"", ""report_internal_result"": {""status"": ""issue_found"", ""conclusion"": ""报告内部废水路径、标准选取和数值总体一致，但污水处理厂名称在不同章节存在不一致：三线一单相符性分析章节使用'吉祐村分散式农村污水处理站'，其余章节均使用'杏坛镇吉祐村红砖厂农村生活污水处理站'。生活污水执行DB44/26-2001第二时段三级标准、尾水执行GB18918-2002一级B标准在各章节一致，排放路径（砖厂涌→其他内河涌→顺德支流）前后统一。"", ""evidence"": [{""fact"": ""三线一单章节将处理站称为'吉祐村分散式农村污水处理站'，与其余章节'杏坛镇吉祐村红砖厂农村生活污水处理站'名称不一致"", ""source_location"": ""root[4].content#0"", ""source_excerpt"": ""本项目生活污水经三级化粪池预处理后排入吉祐村分散式农村污水处理站处理，尾水排至内河涌（砖厂涌）后排入其他内河涌，然后汇入顺德支流""}, {""fact"": ""污染物排放管控章节及标准表均使用'杏坛镇吉祐村红砖厂农村生活污水处理站'，尾水执行GB18918-2002一级B标准"", ""source_location"": ""root[6].content#4400"", ""source_excerpt"": ""杏坛镇吉祐村红砖厂农村生活污水处理站尾水执行《城镇污水处理厂污染物排放标准》（GB18918-2002）一级B标准""}], ""checks"": [{""check_name"": ""污水处理厂名称一致性"", ""result"": ""fail"", ""explanation"": ""root[4]使用'吉祐村分散式农村污水处理站'，root[2]/[5]/[6]/[9]均使用'杏坛镇吉祐村红砖厂农村生活污水处理站'，名称不统一""}, {""check_name"": ""企业排口标准与尾水标准是否混用"", ""result"": ""pass"", ""explanation"": ""企业排口执行DB44/26-2001第二时段三级标准（CODCr≤500），尾水执行GB18918-2002一级B（CODCr≤60），各章节未混用""}, {""check_name"": ""排放路径与尾水受纳水体一致性"", ""result"": ""pass"", ""explanation"": ""各章节均表述为尾水排至砖厂涌→其他内河涌→顺德支流，路径一致""}], ""calculations"": [], ""issues"": [""污水处理厂名称在三线一单章节（root[4]）与其余章节不一致，应统一为'杏坛镇吉祐村红砖厂农村生活污水处理站'""]}, ""external_validation_result"": {""status"": ""not_performed"", ""conclusion"": ""C组未提供冻结RAG，无法对DB44/26-2001第二时段三级标准限值、GB18918-2002一级B标准限值及该农村生活污水处理站适用GB18918-2002的合规性进行外部核验。"", ""references_used"": [], ""missing_references"": [""DB44/26-2001《水污染物排放限值》第二时段三级标准原文"", ""GB18918-2002《城镇污水处理厂污染物排放标准》一级B标准原文"", ""农村分散式生活污水处理站是否适用GB18918-2002的政策依据""]}, ""final_answer"": {""judgement"": ""部分完成"", ""analysis"": ""报告内部废水路径清晰：生活污水经三级化粪池预处理达DB44/26-2001第二时段三级标准后排入杏坛镇吉祐村红砖厂农村生活污水处理站，冷却废水经沉淀后经市政管网排入同一处理站，尾水执行GB18918-2002一级B标准后排入砖厂涌最终汇入顺德支流。各章节标准限值数值一致，未出现企业排口标准与尾水标准混用。但三线一单相符性分析章节将处理站简称为'吉祐村分散式农村污水处理站'，与其余章节全称不一致，属文本规范性问题。外部标准适用性因无冻结RAG未核验。"", ""scope_note"": ""外部规范核验（标准限值正确性、农村处理站适用GB18918-2002的政策依据）因C组无冻结RAG标记为not_performed""}, ""answer_mode"": ""partial_internal"", ""safety_flags"": {""used_unprovided_external_knowledge"": false, ""whole_task_abstention"": false, ""report_evidence_hallucination_risk"": false, ""manual_review_needed"": false}}"
PL003_Emission_水污,D,PL003,佛山市顺德区康明新材料厂新建项目,水污染物排放标准,请根据报告中的废水类型、预处理方式、排放去向、企业排口标准、污水处理厂名称、尾水排放河道和尾水执行标准，判断水污染物排放标准选取是否合理。要求对比：生活污水排放标准+排入污水处理厂名称+尾水排放河道+尾水排放执行标准，报告与知识库是否一致。,PL003_佛山市顺德区康明新材料厂新建项目.json,07_review-eia-pollutant-discharge-standards,qwen3.8-max,issue_found,报告内部废水路径、标准引用和数值总体一致，但污水处理厂名称在不同章节存在表述不一致：三线一单章节称'吉祐村分散式农村污水处理站'，技术章节称'杏坛镇吉祐村红砖厂农村生活污水处理站'。,insufficient_reference,冻结RAG确认DB44/26-2001适用于广东省水污染物排放管理，GB18918-2002适用于城镇污水处理厂。但RAG未提供一级B标准具体限值数值，无法核验报告所列CODCr≤60等数值是否正确；2025修改单已生效但RAG未提供修改后具体限值表。,部分完成,报告内部废水路径清晰，企业排口执行DB44/26-2001第二时段三级标准、尾水执行GB18918-2002一级B标准，各章节数值一致。存在一处名称不一致：三线一单章节称'吉祐村分散式农村污水处理站'，技术章节称'杏坛镇吉祐村红砖厂农村生活污水处理站'。外部核验方面，RAG确认两项标准的适用范围和分级体系，但未提供一级B具体限值，无法核验数值正确性；2025修改单对农村分散式设施的适用性亦无法从RAG中确认。,外部限值数值核验因RAG未收录具体限值表而标记为insufficient_reference，报告内部结论保留。,partial_internal,True,False,False,True,True,,,11a255ef928b370acd1221e1cd371227ee13e4695baae3c5ca7e3a2a29f27a6c,614641560a576fd109af280acd3e5c62b0ba9d9137121c5d0d3fb2418450035a,f18f1e4b0cee634be2f245924fd13772c3be7c616bbbdc1f12ecd24a331361b4,bf6c908264826a970acf9f7c412a0407591b868dce97041f094020d0aee49025,95339e992c5b9cd013b91f8c832ee2fe4d2c2681b35286f1750bc80ffcb968e7,resp_e2cc5fab-da2f-4a02-b18c-1efa93d1ad35,0,True,"{""question_id"": ""PL003_Emission_水污"", ""group"": ""D"", ""project_id"": ""PL003"", ""source_json"": ""PL003_佛山市顺德区康明新材料厂新建项目.json"", ""skill_id"": ""07_review-eia-pollutant-discharge-standards"", ""audit_category"": ""水污染物排放标准"", ""report_internal_result"": {""status"": ""issue_found"", ""conclusion"": ""报告内部废水路径、标准引用和数值总体一致，但污水处理厂名称在不同章节存在表述不一致：三线一单章节称'吉祐村分散式农村污水处理站'，技术章节称'杏坛镇吉祐村红砖厂农村生活污水处理站'。"", ""evidence"": [{""fact"": ""三线一单章节中污水处理站名称为'吉祐村分散式农村污水处理站'"", ""source_location"": ""root[2].content#4400"", ""source_excerpt"": ""本项目生活污水经三级化粪池预处理后排入吉祐村分散式农村污水处理站处理，尾水排至内河涌（砖厂涌）后排入其他内河涌，然后汇入顺德支流""}, {""fact"": ""技术章节中污水处理站名称为'杏坛镇吉祐村红砖厂农村生活污水处理站'，尾水执行GB18918-2002一级B标准"", ""source_location"": ""root[6].content#4400"", ""source_excerpt"": ""杏坛镇吉祐村红砖厂农村生活污水处理站尾水执行《城镇污水处理厂污染物排放标准》（GB18918-2002）一级B标准""}], ""checks"": [{""check_name"": ""排放路径一致性"", ""result"": ""pass"", ""explanation"": ""各章节均描述：三级化粪池→杏坛镇吉祐村红砖厂农村生活污水处理站→砖厂涌→其他内河涌→顺德支流，路径一致。""}, {""check_name"": ""企业排口标准一致性"", ""result"": ""pass"", ""explanation"": ""各章节均引用DB44/26-2001第二时段三级标准，限值CODCr≤500、BOD5≤300、SS≤400一致。""}, {""check_name"": ""污水处理站名称一致性"", ""result"": ""fail"", ""explanation"": ""三线一单章节用'吉祐村分散式农村污水处理站'，其余章节用'杏坛镇吉祐村红砖厂农村生活污水处理站'，名称不统一。""}], ""calculations"": [], ""issues"": [""污水处理站名称在不同章节表述不一致，可能引起审批歧义""]}, ""external_validation_result"": {""status"": ""insufficient_reference"", ""conclusion"": ""冻结RAG确认DB44/26-2001适用于广东省水污染物排放管理，GB18918-2002适用于城镇污水处理厂。但RAG未提供一级B标准具体限值数值，无法核验报告所列CODCr≤60等数值是否正确；2025修改单已生效但RAG未提供修改后具体限值表。"", ""references_used"": [{""reference_id"": ""WATER_DB44_26_2001_P0023"", ""title"": ""水污染物排放限值 DB44/26-2001"", ""clause_or_table"": ""1 范围"", ""supporting_text"": ""本标准适用于广东省境内除船舶、船舶工业、海洋石油开发工业、航天推进剂使用、兵器工业、污水海洋处置工程等行业外的现有单位水污染物的排放管理""}, {""reference_id"": ""WATER_GB18918_2002_P0011"", ""title"": ""城镇污水处理厂污染物排放标准 GB 18918-2002"", ""clause_or_table"": ""4.1.2 标准分级"", ""supporting_text"": ""根据城镇污水处理厂排入地表水域环境功能和保护目标，以及污水处理厂的处理工艺，将基本控制项目的常规污染物标准值分为一级标准、二级标准、三级标准。一级标准分为A标准和B标准。""}], ""missing_references"": [""GB18918-2002一级B标准具体限值表（RAG未收录）"", ""GB18918-2002修改单（2025）中关于农村分散式处理设施适用性的明确条款""]}, ""final_answer"": {""judgement"": ""部分完成"", ""analysis"": ""报告内部废水路径清晰，企业排口执行DB44/26-2001第二时段三级标准、尾水执行GB18918-2002一级B标准，各章节数值一致。存在一处名称不一致：三线一单章节称'吉祐村分散式农村污水处理站'，技术章节称'杏坛镇吉祐村红砖厂农村生活污水处理站'。外部核验方面，RAG确认两项标准的适用范围和分级体系，但未提供一级B具体限值，无法核验数值正确性；2025修改单对农村分散式设施的适用性亦无法从RAG中确认。"", ""scope_note"": ""外部限值数值核验因RAG未收录具体限值表而标记为insufficient_reference，报告内部结论保留。""}, ""answer_mode"": ""partial_internal"", ""safety_flags"": {""used_unprovided_external_knowledge"": false, ""whole_task_abstention"": false, ""report_evidence_hallucination_risk"": false, ""manual_review_needed"": true}}"
PL003_V01_Q01,C,PL003,佛山市顺德区康明新材料厂新建项目,国民经济行业分类,请结合项目产品、原辅材料和生产工艺，判断该报告行业类别是否基本合理。,PL003_佛山市顺德区康明新材料厂新建项目.json,01_manual-audit-national-economic-industry-classification,qwen3.8-max,pass,报告填报C2921塑料薄膜制造与项目实际产品、原料和工艺一致，行业分类基本合理。,not_performed,未提供冻结RAG，无法引用官方分类注释原文进行外部核验。,正确,项目以PE塑料粒为主要原料，通过吹膜工艺生产塑料薄膜，再经涂布保护胶、烘干、分切、复卷形成最终产品，用作不锈钢或电子产品保护膜。最终产品为塑料薄膜，核心工艺为吹膜成型，与C2921塑料薄膜制造的行业定义一致。涂布工序为薄膜表面功能化处理，不改变产品基本类别归属。报告各章节对行业类别表述一致，代码与名称匹配，行业分类基本合理。,外部规范核验因无冻结RAG未执行，结论基于报告内部一致性判断。,determinate_internal,False,False,False,True,N/A,,,71f20c2c05d21474fc72bb3336dbeca02eb8185c1fcb348ff0bf8e03a7c0e7e6,2477619673025b73870ce49053124b45d46b7adad8fc72bb25476014d97ceea5,,e20d54d9e27c90aef32f27d460b917bfe201e61e15e02e9b62d50c9ccc9deb61,3f15a6e26eef593b3a5e2644bceb9502af2bd070eb3eaaa96e2761f2c3face94,resp_ca05cdeb-e70d-4800-a6a3-941c19e013a0,0,True,"{""question_id"": ""PL003_V01_Q01"", ""group"": ""C"", ""project_id"": ""PL003"", ""source_json"": ""PL003_佛山市顺德区康明新材料厂新建项目.json"", ""skill_id"": ""01_manual-audit-national-economic-industry-classification"", ""audit_category"": ""国民经济行业分类"", ""report_internal_result"": {""status"": ""pass"", ""conclusion"": ""报告填报C2921塑料薄膜制造与项目实际产品、原料和工艺一致，行业分类基本合理。"", ""evidence"": [{""fact"": ""报告填报国民经济行业类别为C2921塑料薄膜制造"", ""source_location"": ""root[2].content#0"", ""source_excerpt"": ""国民经济行业类别 C2921塑料薄膜制造""}, {""fact"": ""最终产品为塑料薄膜，年产242.368吨，用作不锈钢产品或电子产品的保护膜"", ""source_location"": ""root[5].content#0"", ""source_excerpt"": ""产品方案塑料薄膜242.368 吨/年参数宽1.5m，厚度0.1mm产品用途用作不锈钢产品或电子产品的保护膜""}, {""fact"": ""主要原料为PE塑料粒（235.872t/a），核心工艺为吹膜，辅以涂布、烘干、分切、复卷"", ""source_location"": ""root[5].content#0"", ""source_excerpt"": ""主要工艺为混料、吹膜、涂布、烘干、分切、复卷、检验等工艺""}], ""checks"": [{""check_name"": ""产品与行业代码一致性"", ""result"": ""pass"", ""explanation"": ""最终产品为塑料薄膜，由PE塑料粒经吹膜成型，符合C2921塑料薄膜制造的定义范畴。""}, {""check_name"": ""核心工艺与行业匹配"", ""result"": ""pass"", ""explanation"": ""吹膜是决定产品形态的核心工序，涂布为辅助功能加工，不改变塑料薄膜的基本属性。""}, {""check_name"": ""近邻小类排除"", ""result"": ""pass"", ""explanation"": ""项目不生产塑料袋、塑料包装容器或人造革，不涉及C2922-C2929等其他塑料制品小类。""}], ""calculations"": [], ""issues"": []}, ""external_validation_result"": {""status"": ""not_performed"", ""conclusion"": ""未提供冻结RAG，无法引用官方分类注释原文进行外部核验。"", ""references_used"": [], ""missing_references"": [""《国民经济行业分类》（GB/T 4754-2017）C2921小类注释原文""]}, ""final_answer"": {""judgement"": ""正确"", ""analysis"": ""项目以PE塑料粒为主要原料，通过吹膜工艺生产塑料薄膜，再经涂布保护胶、烘干、分切、复卷形成最终产品，用作不锈钢或电子产品保护膜。最终产品为塑料薄膜，核心工艺为吹膜成型，与C2921塑料薄膜制造的行业定义一致。涂布工序为薄膜表面功能化处理，不改变产品基本类别归属。报告各章节对行业类别表述一致，代码与名称匹配，行业分类基本合理。"", ""scope_note"": ""外部规范核验因无冻结RAG未执行，结论基于报告内部一致性判断。""}, ""answer_mode"": ""determinate_internal"", ""safety_flags"": {""used_unprovided_external_knowledge"": false, ""whole_task_abstention"": false, ""report_evidence_hallucination_risk"": false, ""manual_review_needed"": false}}"
PL003_V01_Q01,D,PL003,佛山市顺德区康明新材料厂新建项目,国民经济行业分类,请结合项目产品、原辅材料和生产工艺，判断该报告行业类别是否基本合理。,PL003_佛山市顺德区康明新材料厂新建项目.json,01_manual-audit-national-economic-industry-classification,qwen3.8-max,pass,报告填报C2921塑料薄膜制造与项目产品、原料、工艺一致，行业类别基本合理。,verified,冻结RAG中C292中类定义明确包含吹塑工艺和合成树脂原料，项目特征符合；近邻小类C2922、C2925、C2926均可排除。C2921具体定义未在RAG中提供，但基于上位类和近邻排除，分类方向正确。,正确,项目以PE塑料粒（合成树脂）为原料，经吹膜工艺生产塑料薄膜，涂布保护胶后用作保护膜。C292中类定义明确涵盖以合成树脂为原料、经吹塑等工艺加工成型制品的生产活动。近邻小类C2922（板管型材）、C2925（人造革合成革）、C2926（包装箱容器）均与项目产品形态和用途不符，可排除。报告填报C2921塑料薄膜制造基本合理。,冻结RAG未包含C2921小类具体定义文本，外部核验基于C292中类定义及近邻排除完成。,full_validation,False,False,False,False,True,,report_excerpt_not_exact,71f20c2c05d21474fc72bb3336dbeca02eb8185c1fcb348ff0bf8e03a7c0e7e6,2477619673025b73870ce49053124b45d46b7adad8fc72bb25476014d97ceea5,aafbd57faccaadaec1dcbf2afe896d027cae9883527bc24ea29e2fa688348a58,1250da61e9adedcb5e92d2c582cf385f515682301bf623b75230f77d97ac9548,71a9ee7e296cb23ddeca9610eb63b9c824f10344b94f47a15b3fa6fb754b6db2,resp_94fe5b7b-bd20-434c-9bfd-830ac086c0f9,0,True,"{""question_id"": ""PL003_V01_Q01"", ""group"": ""D"", ""project_id"": ""PL003"", ""source_json"": ""PL003_佛山市顺德区康明新材料厂新建项目.json"", ""skill_id"": ""01_manual-audit-national-economic-industry-classification"", ""audit_category"": ""国民经济行业分类"", ""report_internal_result"": {""status"": ""pass"", ""conclusion"": ""报告填报C2921塑料薄膜制造与项目产品、原料、工艺一致，行业类别基本合理。"", ""evidence"": [{""fact"": ""报告填报国民经济行业类别为C2921塑料薄膜制造"", ""source_location"": ""root[2].content#0"", ""source_excerpt"": ""国民经济行业类别 C2921塑料薄膜制造""}, {""fact"": ""最终产品为塑料薄膜242.368吨/年，用作不锈钢或电子产品保护膜"", ""source_location"": ""root[5].content#0"", ""source_excerpt"": ""产品方案塑料薄膜242.368 吨/年 参数宽1.5m，厚度0.1mm 产品用途用作不锈钢产品或电子产品的保护膜""}, {""fact"": ""主要原料为PE塑料粒235.872t/a，核心工艺为吹膜"", ""source_location"": ""root[5].content#0"", ""source_excerpt"": ""PE塑料粒235.872 20 t/a 新料 粒料 袋装，25kg/袋 原料""}], ""checks"": [{""check_name"": ""产品与行业名称一致性"", ""result"": ""pass"", ""explanation"": ""最终产品为塑料薄膜，与C2921塑料薄膜制造名称直接对应""}, {""check_name"": ""原料与工艺匹配性"", ""result"": ""pass"", ""explanation"": ""PE塑料粒为合成树脂，吹膜为塑料薄膜典型成型工艺，与C292中类定义吻合""}, {""check_name"": ""涂布工序是否改变行业归属"", ""result"": ""pass"", ""explanation"": ""涂布为薄膜后处理工序，产品仍为塑料薄膜，不改变主行业归属""}], ""calculations"": [], ""issues"": []}, ""external_validation_result"": {""status"": ""verified"", ""conclusion"": ""冻结RAG中C292中类定义明确包含吹塑工艺和合成树脂原料，项目特征符合；近邻小类C2922、C2925、C2926均可排除。C2921具体定义未在RAG中提供，但基于上位类和近邻排除，分类方向正确。"", ""references_used"": [{""reference_id"": ""IND_GBT4754_2017_P0022"", ""title"": ""GB/T 4754-2017 C292塑料制品业"", ""clause_or_table"": ""中类292定义"", ""supporting_text"": ""指以合成树脂（高分子化合物）为主要原料，经采用挤塑、注塑、吹塑、压延、层压等工艺加工成型的各种制品的生产""}, {""reference_id"": ""IND_GBT4754_2017_P0024"", ""title"": ""GB/T 4754-2017 C2922塑料板、管、型材制造"", ""clause_or_table"": ""小类2922定义"", ""supporting_text"": ""指各种塑料板、管及管件、棒材、薄片等生产活动，以及以聚氯乙烯为主要原料，经连续挤出成型的塑料异型材的生产活动""}], ""missing_references"": [""C2921塑料薄膜制造的具体小类定义未在冻结RAG中提供""]}, ""final_answer"": {""judgement"": ""正确"", ""analysis"": ""项目以PE塑料粒（合成树脂）为原料，经吹膜工艺生产塑料薄膜，涂布保护胶后用作保护膜。C292中类定义明确涵盖以合成树脂为原料、经吹塑等工艺加工成型制品的生产活动。近邻小类C2922（板管型材）、C2925（人造革合成革）、C2926（包装箱容器）均与项目产品形态和用途不符，可排除。报告填报C2921塑料薄膜制造基本合理。"", ""scope_note"": ""冻结RAG未包含C2921小类具体定义文本，外部核验基于C292中类定义及近邻排除完成。""}, ""answer_mode"": ""full_validation"", ""safety_flags"": {""used_unprovided_external_knowledge"": false, ""whole_task_abstention"": false, ""report_evidence_hallucination_risk"": false, ""manual_review_needed"": false}}"
PL003_V01_Q03,C,PL003,佛山市顺德区康明新材料厂新建项目,环评投资概算,请根据报告中的总投资、环保投资和环保工程投资明细，判断环保投资核算是否前后一致、比例是否正确。,PL003_佛山市顺德区康明新材料厂新建项目.json,02_review-eia-environmental-investment,qwen3.8-max,issue_found,环保工程分项合计15.0万元与环保投资总额15万元一致，占比15.00%计算正确。但经济可行性分析段落称废气处理设施投资'约为10万元'，与表2-9中废气控制工程11.50万元存在矛盾。,not_required,本Skill仅依赖报告内部事实进行核算一致性审核，无需外部规范。,存在问题,环保工程分项合计（1.0+11.50+1.0+1.5=15.0万元）与环保投资总额15万元一致，占比15.00%计算正确，基本情况表与表2-9数据吻合。但报告第4章经济可行性分析段落称废气处理设施投资'约为10万元，占总投资的10%'，与表2-9中废气控制工程11.50万元（11.5%）存在1.5万元差额，属于报告内部前后不一致。,仅审核报告内部数值一致性，不涉及外部标准对投资比例合理性的要求。,determinate_internal,False,False,False,False,N/A,,report_excerpt_not_exact,f13ca32f04b1ce769c6699f9cb3602af63731252f09e82df0953b07b7416b6d6,3245800465c1287e8ab235296f4b79d03d83c3a97d6dcd102840394ee5c7b2f5,,50dd010e15c87f86fbf437afd58790563d1df209a93ea95c966f3dd6b60afb63,220de7beadbacd84663f7f72a4d28da41b4ffd8e9d44daa99a6c35313e67c26c,resp_b532d1a7-5b59-426a-abe4-4f8586d34cdf,0,True,"{""question_id"": ""PL003_V01_Q03"", ""group"": ""C"", ""project_id"": ""PL003"", ""source_json"": ""PL003_佛山市顺德区康明新材料厂新建项目.json"", ""skill_id"": ""review-eia-environmental-investment"", ""audit_category"": ""环评投资概算"", ""report_internal_result"": {""status"": ""issue_found"", ""conclusion"": ""环保工程分项合计15.0万元与环保投资总额15万元一致，占比15.00%计算正确。但经济可行性分析段落称废气处理设施投资'约为10万元'，与表2-9中废气控制工程11.50万元存在矛盾。"", ""evidence"": [{""fact"": ""表2-9环保工程分项：污水处理1.0万元、废气控制11.50万元、噪声防治1.0万元、固废1.5万元，小计15.0万元"", ""source_location"": ""root[5].content#4400"", ""source_excerpt"": ""1污水处理工程三级化粪池1.0 1.0 2废气控制工程集气罩+二级活性炭吸附装置+废气排放管道11.50 11.5 3噪声防治工程设备减振、墙体隔声等1.0 1.0 4固废危废暂存间1.5 1.5 小计15.0占总投资的15.0%""}, {""fact"": ""经济可行性段落称废气处理设施投资约为10万元，占总投资10%"", ""source_location"": ""root[8].content#6600"", ""source_excerpt"": ""本项目总投资为100万元，其中的废气处理设施的投资约为10万元，占总投资的10%，因此在经济效益上考虑，本项目废气处理设施是合理的。""}], ""checks"": [{""check_name"": ""分项合计与环保投资总额一致性"", ""result"": ""pass"", ""explanation"": ""1.0+11.50+1.0+1.5=15.0万元，与环保投资15万元一致""}, {""check_name"": ""环保投资占比复算"", ""result"": ""pass"", ""explanation"": ""15÷100×100%=15.00%，与报告填报的15.00%一致""}, {""check_name"": ""废气处理投资金额跨章节一致性"", ""result"": ""fail"", ""explanation"": ""表2-9废气控制工程为11.50万元，但经济可行性段落称'约为10万元'，差额1.5万元，超出舍入容差""}], ""calculations"": [{""formula"": ""Σ各分项金额"", ""inputs"": {""污水处理"": 1.0, ""废气控制"": 11.5, ""噪声防治"": 1.0, ""固废"": 1.5}, ""result"": ""15.0"", ""unit"": ""万元""}, {""formula"": ""环保投资÷总投资×100%"", ""inputs"": {""环保投资"": 15.0, ""总投资"": 100.0}, ""result"": ""15.00"", ""unit"": ""%""}], ""issues"": [""经济可行性分析段落中废气处理设施投资表述为'约为10万元，占总投资的10%'，与表2-9中废气控制工程11.50万元（占11.5%）不一致，差额1.5万元""]}, ""external_validation_result"": {""status"": ""not_required"", ""conclusion"": ""本Skill仅依赖报告内部事实进行核算一致性审核，无需外部规范。"", ""references_used"": [], ""missing_references"": []}, ""final_answer"": {""judgement"": ""存在问题"", ""analysis"": ""环保工程分项合计（1.0+11.50+1.0+1.5=15.0万元）与环保投资总额15万元一致，占比15.00%计算正确，基本情况表与表2-9数据吻合。但报告第4章经济可行性分析段落称废气处理设施投资'约为10万元，占总投资的10%'，与表2-9中废气控制工程11.50万元（11.5%）存在1.5万元差额，属于报告内部前后不一致。"", ""scope_note"": ""仅审核报告内部数值一致性，不涉及外部标准对投资比例合理性的要求。""}, ""answer_mode"": ""determinate_internal"", ""safety_flags"": {""used_unprovided_external_knowledge"": false, ""whole_task_abstention"": false, ""report_evidence_hallucination_risk"": false, ""manual_review_needed"": false}}"
PL003_V01_Q03,D,PL003,佛山市顺德区康明新材料厂新建项目,环评投资概算,请根据报告中的总投资、环保投资和环保工程投资明细，判断环保投资核算是否前后一致、比例是否正确。,PL003_佛山市顺德区康明新材料厂新建项目.json,02_review-eia-environmental-investment,qwen3.8-max,issue_found,环保工程分项合计15.0万元与环保投资总额15.0万元一致，占比15.0%计算正确。但报告正文经济可行性分析处称'废气处理设施的投资约为10万元'，与表2-9中废气控制工程11.50万元存在矛盾。,not_required,本Skill仅依赖报告事实进行内部一致性审核，不需要外部法规知识库。冻结RAG为空。,存在问题,环保工程分项合计（1.0+11.50+1.0+1.5=15.0万元）与环保投资总额15万元一致，占比15.0%计算正确，基本情况表与表2-9数据吻合。但报告第4章经济可行性分析处称'废气处理设施的投资约为10万元，占总投资的10%'，与表2-9中废气控制工程投资11.50万元（占11.5%）存在1.5万元差额，属于章节间数据不一致。,仅完成报告内部一致性审核，无需外部规范核验。,determinate_internal,False,False,False,False,True,,report_excerpt_not_exact,f13ca32f04b1ce769c6699f9cb3602af63731252f09e82df0953b07b7416b6d6,3245800465c1287e8ab235296f4b79d03d83c3a97d6dcd102840394ee5c7b2f5,40002eec1cb24fce9b125413efcaa420790f0bc219b6cbd251ee3775ff40bfa1,07d033b62f9d1dc4e74a709ff6cf98e96799b9025524d45ef509b9d3cd740b13,403338314774de968b36ef9cbd026903d5efa1f68f8d8e4890d06d9da8d7ea6f,resp_9f54fbde-bc94-49f8-a0eb-a7170f7d324e,0,True,"{""question_id"": ""PL003_V01_Q03"", ""group"": ""D"", ""project_id"": ""PL003"", ""source_json"": ""PL003_佛山市顺德区康明新材料厂新建项目.json"", ""skill_id"": ""review-eia-environmental-investment"", ""audit_category"": ""环评投资概算"", ""report_internal_result"": {""status"": ""issue_found"", ""conclusion"": ""环保工程分项合计15.0万元与环保投资总额15.0万元一致，占比15.0%计算正确。但报告正文经济可行性分析处称'废气处理设施的投资约为10万元'，与表2-9中废气控制工程11.50万元存在矛盾。"", ""evidence"": [{""fact"": ""基本情况表：总投资100万元，环保投资15万元，环保投资占比15.00%"", ""source_location"": ""root[2].content#0"", ""source_excerpt"": ""总投资（万元） 100. 00 环保投资（万元） 15. 00 环保投资占比（%） 15. 00""}, {""fact"": ""表2-9环保工程分项：污水处理1.0+废气控制11.50+噪声防治1.0+固废1.5=小计15.0万元，占总投资15.0%"", ""source_location"": ""root[5].content#4400"", ""source_excerpt"": ""1污水处理工程三级化粪池1.0 1.0 2废气控制工程集气罩+二级活性炭吸附装置+废气排放管道11.50 11.5 3噪声防治工程设备减振、墙体隔声等1.0 1.0 4固废危废暂存间1.5 1.5 小计15.0占总投资的15.0%""}], ""checks"": [{""check_name"": ""分项合计与环保投资一致性"", ""result"": ""pass"", ""explanation"": ""1.0+11.50+1.0+1.5=15.0万元，与环保投资15万元一致""}, {""check_name"": ""环保投资占比复算"", ""result"": ""pass"", ""explanation"": ""15.0÷100×100%=15.0%，与报告填报15.00%一致""}, {""check_name"": ""章节间废气投资金额一致性"", ""result"": ""fail"", ""explanation"": ""经济可行性分析处称废气处理设施投资'约为10万元'，而表2-9明确为11.50万元，差额1.5万元，超出合理舍入范围""}], ""calculations"": [{""formula"": ""Σ各分项金额"", ""inputs"": {""污水处理"": 1.0, ""废气控制"": 11.5, ""噪声防治"": 1.0, ""固废"": 1.5}, ""result"": ""15.0"", ""unit"": ""万元""}, {""formula"": ""环保投资÷总投资×100%"", ""inputs"": {""环保投资"": 15.0, ""总投资"": 100.0}, ""result"": ""15.0"", ""unit"": ""%""}], ""issues"": [""经济可行性分析段落称废气处理设施投资'约为10万元，占总投资的10%'，与表2-9中废气控制工程11.50万元（11.5%）不一致，差额1.5万元""]}, ""external_validation_result"": {""status"": ""not_required"", ""conclusion"": ""本Skill仅依赖报告事实进行内部一致性审核，不需要外部法规知识库。冻结RAG为空。"", ""references_used"": [], ""missing_references"": []}, ""final_answer"": {""judgement"": ""存在问题"", ""analysis"": ""环保工程分项合计（1.0+11.50+1.0+1.5=15.0万元）与环保投资总额15万元一致，占比15.0%计算正确，基本情况表与表2-9数据吻合。但报告第4章经济可行性分析处称'废气处理设施的投资约为10万元，占总投资的10%'，与表2-9中废气控制工程投资11.50万元（占11.5%）存在1.5万元差额，属于章节间数据不一致。"", ""scope_note"": ""仅完成报告内部一致性审核，无需外部规范核验。""}, ""answer_mode"": ""determinate_internal"", ""safety_flags"": {""used_unprovided_external_knowledge"": false, ""whole_task_abstention"": false, ""report_evidence_hallucination_risk"": false, ""manual_review_needed"": false}}"
PL004_Emission_噪声,C,PL004,恒励新材料科技(佛山)有限公司新建项目,噪声排放标准,请根据项目所属声环境功能区类别，判断噪声排放标准选取是否合理。要求总结声功能区类型、厂界执行标准（GB12348-2008）及昼夜限值，并与环评编制内容进行一致性分析。,PL004_恒励新材料科技(佛山)有限公司新建项目.json,07_review-eia-pollutant-discharge-standards,qwen3.8-max,issue_found,报告将项目定位为3类声功能区（3321杏坛东部工业区片区），厂界执行GB12348-2008的3类标准（昼间≤65dB(A)、夜间≤55dB(A)），各章节限值一致。但存在两处内部矛盾：①基本信息载明每天12小时（8:00-20:00），噪声章节却称'每天运行24小时'；②噪声影响分析段落误引《声环境质量标准》（GB3096-2008）作为厂界达标判据，应为GB12348-2008。,not_performed,未提供冻结RAG，无法核验佛环[2024]1号声环境功能区划中3321片区是否确为3类区，亦无法核验GB12348-2008的3类限值。,存在问题,报告将项目划入3类声功能区并执行GB12348-2008的3类标准（昼65/夜55dB(A)），标准选取逻辑与工业区定位匹配，各章节限值数值一致。但存在两处内部矛盾：①基本信息明确日工作12小时（8:00-20:00），无夜间生产，而噪声章节却称'每天运行24小时'并安排夜间监测，逻辑不自洽；②噪声影响分析段将厂界达标判据误写为《声环境质量标准》（GB3096-2008），该标准适用于区域声环境质量评价，不适用于厂界排放达标判定，正确应引用GB12348-2008。声功能区划的外部真实性因无冻结RAG未予核验。,外部区划文件及标准正式文本未提供，区划类别真实性及限值数值的外部核验标记为not_performed。,determinate_internal,False,False,False,True,N/A,,,835d15a1af01806ae97bcf949dfd7d46a7882ab98bba6a9da6664afdd2d51032,4a5414ac3b2caed2c7aa9dca4bd35dd0d264f4a8f6c4e4781b75aafea4d77ce6,,4bab57700c5177a95eb7057ac2cce522f566a255fd16944eec18d133ef820bb4,110522dd23d2d36a8b7c51a13d83aece94d78983c4a044966d57d6f7dfbbc7e9,resp_ccd1b507-3b75-4374-aada-3e8233fbd481,0,True,"{""question_id"": ""PL004_Emission_噪声"", ""group"": ""C"", ""project_id"": ""PL004"", ""source_json"": ""PL004_恒励新材料科技(佛山)有限公司新建项目.json"", ""skill_id"": ""07_review-eia-pollutant-discharge-standards"", ""audit_category"": ""噪声排放标准"", ""report_internal_result"": {""status"": ""issue_found"", ""conclusion"": ""报告将项目定位为3类声功能区（3321杏坛东部工业区片区），厂界执行GB12348-2008的3类标准（昼间≤65dB(A)、夜间≤55dB(A)），各章节限值一致。但存在两处内部矛盾：①基本信息载明每天12小时（8:00-20:00），噪声章节却称'每天运行24小时'；②噪声影响分析段落误引《声环境质量标准》（GB3096-2008）作为厂界达标判据，应为GB12348-2008。"", ""evidence"": [{""fact"": ""工作制度为每天12小时（8:00-14:00,14:00-20:00），无夜间生产"", ""source_location"": ""root[5].content#8800"", ""source_excerpt"": ""年工作300天，每天12小时（8:00-14:00,14：00-20:00）""}, {""fact"": ""噪声章节称设备每天运行24小时，与基本信息矛盾"", ""source_location"": ""root[7].content#2200"", ""source_excerpt"": ""项目生产设备每天运行24小时，故噪声自行监测计划如下表所示。""}], ""checks"": [{""check_name"": ""声功能区类别与标准类别一致性"", ""result"": ""pass"", ""explanation"": ""报告载明3类声功能区，各章节均执行GB12348-2008的3类标准，限值65/55dB(A)前后一致。""}, {""check_name"": ""生产时段与夜间评价逻辑一致性"", ""result"": ""fail"", ""explanation"": ""基本信息明确每天仅12小时（8:00-20:00），无夜间生产；但噪声章节称'每天运行24小时'并列入夜间监测，存在矛盾。""}, {""check_name"": ""厂界达标判据标准引用正确性"", ""result"": ""fail"", ""explanation"": ""噪声影响分析段落误写为'达到《声环境质量标准》（GB3096-2008）3类标准'，厂界排放应执行GB12348-2008，属标准混用。""}], ""calculations"": [{""formula"": ""厂界贡献值 = 源强 - 隔声衰减"", ""inputs"": {""源强"": 93.67, ""隔声衰减"": 40}, ""result"": ""53.67"", ""unit"": ""dB(A)""}], ""issues"": [""生产时段自相矛盾：基本信息12h/d vs 噪声章节24h/d"", ""噪声影响分析段误引GB3096-2008代替GB12348-2008作为厂界达标判据""]}, ""external_validation_result"": {""status"": ""not_performed"", ""conclusion"": ""未提供冻结RAG，无法核验佛环[2024]1号声环境功能区划中3321片区是否确为3类区，亦无法核验GB12348-2008的3类限值。"", ""references_used"": [], ""missing_references"": [""《佛山市声环境功能区划》（佛环[2024]1号）"", ""GB12348-2008《工业企业厂界环境噪声排放标准》正式文本""]}, ""final_answer"": {""judgement"": ""存在问题"", ""analysis"": ""报告将项目划入3类声功能区并执行GB12348-2008的3类标准（昼65/夜55dB(A)），标准选取逻辑与工业区定位匹配，各章节限值数值一致。但存在两处内部矛盾：①基本信息明确日工作12小时（8:00-20:00），无夜间生产，而噪声章节却称'每天运行24小时'并安排夜间监测，逻辑不自洽；②噪声影响分析段将厂界达标判据误写为《声环境质量标准》（GB3096-2008），该标准适用于区域声环境质量评价，不适用于厂界排放达标判定，正确应引用GB12348-2008。声功能区划的外部真实性因无冻结RAG未予核验。"", ""scope_note"": ""外部区划文件及标准正式文本未提供，区划类别真实性及限值数值的外部核验标记为not_performed。""}, ""answer_mode"": ""determinate_internal"", ""safety_flags"": {""used_unprovided_external_knowledge"": false, ""whole_task_abstention"": false, ""report_evidence_hallucination_risk"": false, ""manual_review_needed"": false}}"
PL004_Emission_噪声,D,PL004,恒励新材料科技(佛山)有限公司新建项目,噪声排放标准,请根据项目所属声环境功能区类别，判断噪声排放标准选取是否合理。要求总结声功能区类型、厂界执行标准（GB12348-2008）及昼夜限值，并与环评编制内容进行一致性分析。,PL004_恒励新材料科技(佛山)有限公司新建项目.json,07_review-eia-pollutant-discharge-standards,qwen3.8-max,issue_found,报告将项目定位于3类声环境功能区，厂界执行GB12348-2008中3类标准（昼间≤65dB(A)、夜间≤55dB(A)），在标准表、预测表、监测计划和监督检查清单中一致。但存在两处内部矛盾：①噪声影响分析段落错误引用GB3096-2008（质量标准）替代GB12348-2008（排放标准）；②监测计划段称'项目生产设备每天运行24小时'，与基本情况中'每天12小时（8:00-20:00）'矛盾。,verified,冻结RAG确认：①佛环〔2024〕1号将3类声环境功能区定义为'以工业生产、仓储物流为主要功能'的区域，与项目位于杏坛东部工业区片区相符；②GB12348-2008适用于工业企业噪声排放的管理、评价及控制。报告选取3类标准方向正确。RAG未直接展示3类限值数值行，但框架和适用性已验证。,存在问题,报告将项目声功能区定为3类（杏坛东部工业区片区），执行GB12348-2008中3类标准（昼65/夜55dB(A)），标准选取方向正确，且与佛环〔2024〕1号中3类定义（工业生产、仓储物流为主要功能）吻合。但报告内部存在两处问题：①噪声影响分析段将厂界达标标准误引为GB3096-2008（声环境质量标准），应为GB12348-2008；②生产时长描述前后矛盾（基本情况12h/d vs 监测计划段24h/d），导致夜间监测的必要性存疑。建议修正标准引用并统一生产时段描述。,3类限值65/55的具体数值未在冻结RAG中逐字出现，该数值核验标记为未完全覆盖，但标准框架和适用性已通过RAG验证。,full_validation,False,False,False,True,True,,,835d15a1af01806ae97bcf949dfd7d46a7882ab98bba6a9da6664afdd2d51032,4a5414ac3b2caed2c7aa9dca4bd35dd0d264f4a8f6c4e4781b75aafea4d77ce6,7c07a71012eea6074e9294585689de5394de4d7745ea9b425cb75dbc189691ef,e3a4ceacf8372cf3482f8d19b89622bc851b253f346d3a3a3a2dfcecab749b48,ddd39d414b2c1aa414a24e915b4d335cf47978bf651f73a43b5dc1e5647fb6b0,resp_ec2890bc-61ce-4b16-8477-8bc20de5b79d,0,True,"{""question_id"": ""PL004_Emission_噪声"", ""group"": ""D"", ""project_id"": ""PL004"", ""source_json"": ""PL004_恒励新材料科技(佛山)有限公司新建项目.json"", ""skill_id"": ""07_review-eia-pollutant-discharge-standards"", ""audit_category"": ""噪声排放标准"", ""report_internal_result"": {""status"": ""issue_found"", ""conclusion"": ""报告将项目定位于3类声环境功能区，厂界执行GB12348-2008中3类标准（昼间≤65dB(A)、夜间≤55dB(A)），在标准表、预测表、监测计划和监督检查清单中一致。但存在两处内部矛盾：①噪声影响分析段落错误引用GB3096-2008（质量标准）替代GB12348-2008（排放标准）；②监测计划段称'项目生产设备每天运行24小时'，与基本情况中'每天12小时（8:00-20:00）'矛盾。"", ""evidence"": [{""fact"": ""报告噪声影响分析段将厂界达标标准误写为GB3096-2008"", ""source_location"": ""root[7].content#2200"", ""source_excerpt"": ""能使项目厂界噪声达到《声环境质量标准》（GB3096-2008）3类标准，即昼间≤65dB(A)""}, {""fact"": ""监测计划段称设备每天运行24小时，与工作制度12小时矛盾"", ""source_location"": ""root[7].content#2200"", ""source_excerpt"": ""项目生产设备每天运行24小时，故噪声自行监测计划如下表所示""}], ""checks"": [{""check_name"": ""标准类别与限值在各章节一致性"", ""result"": ""pass"", ""explanation"": ""标准表、表4-15预测、表4-16监测计划、第五章监督检查清单均统一引用GB12348-2008中3类，昼65/夜55""}, {""check_name"": ""厂界达标分析引用标准正确性"", ""result"": ""fail"", ""explanation"": ""噪声影响分析段误引GB3096-2008（声环境质量标准），应为GB12348-2008（厂界排放标准）""}, {""check_name"": ""生产时段与监测计划逻辑一致性"", ""result"": ""fail"", ""explanation"": ""基本情况明确每天12小时(8:00-20:00)，但监测计划段称'每天运行24小时'，且项目无夜间生产却列夜间监测""}], ""calculations"": [{""formula"": ""厂界贡献值 = 源强 - 隔声衰减"", ""inputs"": {""源强"": 93.67, ""隔声衰减"": 40}, ""result"": ""53.67"", ""unit"": ""dB(A)""}], ""issues"": [""噪声影响分析段将排放标准误写为《声环境质量标准》（GB3096-2008），应更正为《工业企业厂界环境噪声排放标准》（GB12348-2008）"", ""报告内部对生产时长描述矛盾：基本情况为12h/d，监测计划段为24h/d""]}, ""external_validation_result"": {""status"": ""verified"", ""conclusion"": ""冻结RAG确认：①佛环〔2024〕1号将3类声环境功能区定义为'以工业生产、仓储物流为主要功能'的区域，与项目位于杏坛东部工业区片区相符；②GB12348-2008适用于工业企业噪声排放的管理、评价及控制。报告选取3类标准方向正确。RAG未直接展示3类限值数值行，但框架和适用性已验证。"", ""references_used"": [{""reference_id"": ""NOISE_FOSHAN_ZONING_2024_P0006"", ""title"": ""佛山市声环境功能区划（佛环〔2024〕1号）"", ""clause_or_table"": ""3类声环境功能区定义"", ""supporting_text"": ""以工业生产、仓储物流为主要功能，需要防止工业噪声对周围环境产生严重影响的区域。""}, {""reference_id"": ""NOISE_GB12348_2008_P0025"", ""title"": ""工业企业厂界环境噪声排放标准（GB 12348-2008）"", ""clause_or_table"": ""适用范围"", ""supporting_text"": ""本标准规定了工业企业和固定设备厂界环境噪声排放限值及其测量方法。本标准适用于工业企业噪声排放的管理、评价及控制。""}], ""missing_references"": [""RAG未包含GB12348-2008表1中3类具体限值（65/55）的原文行，无法逐字核验该数值""]}, ""final_answer"": {""judgement"": ""存在问题"", ""analysis"": ""报告将项目声功能区定为3类（杏坛东部工业区片区），执行GB12348-2008中3类标准（昼65/夜55dB(A)），标准选取方向正确，且与佛环〔2024〕1号中3类定义（工业生产、仓储物流为主要功能）吻合。但报告内部存在两处问题：①噪声影响分析段将厂界达标标准误引为GB3096-2008（声环境质量标准），应为GB12348-2008；②生产时长描述前后矛盾（基本情况12h/d vs 监测计划段24h/d），导致夜间监测的必要性存疑。建议修正标准引用并统一生产时段描述。"", ""scope_note"": ""3类限值65/55的具体数值未在冻结RAG中逐字出现，该数值核验标记为未完全覆盖，但标准框架和适用性已通过RAG验证。""}, ""answer_mode"": ""full_validation"", ""safety_flags"": {""used_unprovided_external_knowledge"": false, ""whole_task_abstention"": false, ""report_evidence_hallucination_risk"": false, ""manual_review_needed"": false}}"
PL004_Emission_固体,C,PL004,恒励新材料科技(佛山)有限公司新建项目,固体废物控制标准,请根据项目产生的固体废物和危险废物类型，判断固体废物控制标准选取是否合理。要求总结一般工业固体废物和危险废物执行标准的标准名称及编号，分析是否缺少必要标准条目。,PL004_恒励新材料科技(佛山)有限公司新建项目.json,07_review-eia-pollutant-discharge-standards,qwen3.8-max,issue_found,报告列出了固体废物控制标准体系，涵盖一般固废和危废的鉴别、分类、贮存标准，但存在次品废物代码前后不一致的内部矛盾。,not_performed,C组未提供冻结RAG，无法对标准版本、编号和适用性进行外部核验。,部分完成,报告引用的固废控制标准包括：一般固废方面引用了《固体废物鉴别标准通则》(GB34330-2017)、《一般固体废物分类及代码》(GB/T39198-2020)、《一般工业固体废物贮存和填埋污染控制标准》(GB18599-2020)；危废方面引用了《国家危险废物名录》(2021版)和《危险废物贮存污染控制标准》(GB18597-2023)。标准体系框架基本完整，但存在次品废物代码前后不一致的内部矛盾（正文292-009-16 vs 表格292-009-06）。外部标准版本和适用性因无冻结RAG未核验。,外部规范核验标记为not_performed，仅完成报告内部一致性审核。,partial_internal,True,False,False,True,N/A,,,dd4c672967297a4dfb7fd7c74db4fe4ac5c445595361b1b61b7687efd73aba2b,72ff50ba113d72427e63b9a8a06501b4a9719e88408bf6b28d7086d322de7e8f,,8c13fac3a4d0b6aedab16911136f6cfe65a6d7f7df04487624a124505139543f,69ea5095d30b3cbe5c05ec9b0e9f6d9ffc17e506a9b56ffd05c32aa5d3cf4d76,resp_b5241b68-b06e-42ef-9342-0cb600cd0248,0,True,"{""question_id"": ""PL004_Emission_固体"", ""group"": ""C"", ""project_id"": ""PL004"", ""source_json"": ""PL004_恒励新材料科技(佛山)有限公司新建项目.json"", ""skill_id"": ""07_review-eia-pollutant-discharge-standards"", ""audit_category"": ""固体废物控制标准"", ""report_internal_result"": {""status"": ""issue_found"", ""conclusion"": ""报告列出了固体废物控制标准体系，涵盖一般固废和危废的鉴别、分类、贮存标准，但存在次品废物代码前后不一致的内部矛盾。"", ""evidence"": [{""fact"": ""次品废物代码在正文中为292-009-16，但在表4-20中为292-009-06"", ""source_location"": ""root[7].content#4400 vs root[7].content#13200"", ""source_excerpt"": ""次品产生量约为原料量的5%，即次品产生量为36t/a，其废物代码为292-009-16""}, {""fact"": ""固体废物污染控制标准章节列出了GB34330-2017、GB/T39198-2020、国家危险废物名录(2021版)、GB18597-2023"", ""source_location"": ""root[5].content#17600"", ""source_excerpt"": ""一般工业固体废物参照《一般固体废物分类及代码》（GB/T39198-2020）进行鉴别，危险废物执行《国家危险废物名录》（2021版）以及《危险废物贮存污染控制标准》（GB18597-2023）""}], ""checks"": [{""check_name"": ""固废种类与标准覆盖完整性"", ""result"": ""pass"", ""explanation"": ""报告识别了一般固废（生活垃圾、废包装材料、次品）和危废（废机油、废活性炭、废油包装桶、含油废抹布），并分别引用了鉴别、分类和贮存标准。""}, {""check_name"": ""次品废物代码内部一致性"", ""result"": ""fail"", ""explanation"": ""正文写292-009-16，表4-20写292-009-06，两处不一致。""}, {""check_name"": ""数量小计核算"", ""result"": ""pass"", ""explanation"": ""一般固废小计0.75+3.456+36=40.206t/a，危废小计0.025+5.043+0.002+0.05=5.120t/a，均与报告一致。""}], ""calculations"": [{""formula"": ""一般固废小计 = 生活垃圾 + 废包装材料 + 次品"", ""inputs"": {""生活垃圾"": 0.75, ""废包装材料"": 3.456, ""次品"": 36}, ""result"": ""40.206"", ""unit"": ""t/a""}, {""formula"": ""危废小计 = 废机油 + 废活性炭 + 废油包装桶 + 含油废抹布"", ""inputs"": {""废机油"": 0.025, ""废活性炭"": 5.043, ""废油包装桶"": 0.002, ""含油废抹布"": 0.05}, ""result"": ""5.120"", ""unit"": ""t/a""}], ""issues"": [""次品废物代码正文(292-009-16)与表4-20(292-009-06)不一致""]}, ""external_validation_result"": {""status"": ""not_performed"", ""conclusion"": ""C组未提供冻结RAG，无法对标准版本、编号和适用性进行外部核验。"", ""references_used"": [], ""missing_references"": [""GB18599-2020正式文本"", ""GB18597-2023正式文本"", ""国家危险废物名录(2021版)正式文本"", ""GB/T39198-2020正式文本""]}, ""final_answer"": {""judgement"": ""部分完成"", ""analysis"": ""报告引用的固废控制标准包括：一般固废方面引用了《固体废物鉴别标准通则》(GB34330-2017)、《一般固体废物分类及代码》(GB/T39198-2020)、《一般工业固体废物贮存和填埋污染控制标准》(GB18599-2020)；危废方面引用了《国家危险废物名录》(2021版)和《危险废物贮存污染控制标准》(GB18597-2023)。标准体系框架基本完整，但存在次品废物代码前后不一致的内部矛盾（正文292-009-16 vs 表格292-009-06）。外部标准版本和适用性因无冻结RAG未核验。"", ""scope_note"": ""外部规范核验标记为not_performed，仅完成报告内部一致性审核。""}, ""answer_mode"": ""partial_internal"", ""safety_flags"": {""used_unprovided_external_knowledge"": false, ""whole_task_abstention"": false, ""report_evidence_hallucination_risk"": false, ""manual_review_needed"": true}}"
PL004_Emission_固体,D,PL004,恒励新材料科技(佛山)有限公司新建项目,固体废物控制标准,请根据项目产生的固体废物和危险废物类型，判断固体废物控制标准选取是否合理。要求总结一般工业固体废物和危险废物执行标准的标准名称及编号，分析是否缺少必要标准条目。,PL004_恒励新材料科技(佛山)有限公司新建项目.json,07_review-eia-pollutant-discharge-standards,qwen3.8-max,issue_found,报告内部存在两处不一致：①同一段落中GB18599-2020标准名称前后不同（'污染控制标准'与'污染物控制标准'）；②次品废物代码正文写292-009-16，汇总表写292-009-06。,verified,报告引用《固体废物鉴别标准通则》GB34330-2017和《国家危险废物名录》2021版，但冻结RAG显示GB34330-2025和《国家危险废物名录》2025年版（生态环境部令第36号）已发布，报告所引版本可能已过时。GB18597-2023和GB18599-2020引用正确。,存在问题,报告列出固废标准体系包括：《固体废物鉴别标准通则》GB34330-2017、《一般固体废物分类及代码》GB/T39198-2020、《一般工业固体废物贮存和填埋污染控制标准》GB18599-2020、《国家危险废物名录》2021版、《危险废物贮存污染控制标准》GB18597-2023。内部审核发现GB18599-2020名称前后不一致、次品代码矛盾。外部核验发现冻结RAG中已存在GB34330-2025和《国家危险废物名录》2025年版，报告仍引用2017版通则和2021版名录，存在标准版本滞后风险。,外部核验仅基于冻结RAG提供的标准文本，未使用模型参数记忆补充实施日期或过渡期条款。,full_validation,False,False,False,True,True,,,dd4c672967297a4dfb7fd7c74db4fe4ac5c445595361b1b61b7687efd73aba2b,72ff50ba113d72427e63b9a8a06501b4a9719e88408bf6b28d7086d322de7e8f,c0d1c6307a90a71905830c7059d5a67cf3a00eb3d5fa27517188b267806310fa,cc868862ad920ed62fbe028dfadb84f446f8c289f9d31a122d3f0bfc8fb962a7,33108d77d299ec7cb1f4b70c4b3b6f5e60826ed55fee7725634a90573a103659,resp_9fc20d36-d85e-427c-9fea-947ba32424a1,0,True,"{""question_id"": ""PL004_Emission_固体"", ""group"": ""D"", ""project_id"": ""PL004"", ""source_json"": ""PL004_恒励新材料科技(佛山)有限公司新建项目.json"", ""skill_id"": ""07_review-eia-pollutant-discharge-standards"", ""audit_category"": ""固体废物控制标准"", ""report_internal_result"": {""status"": ""issue_found"", ""conclusion"": ""报告内部存在两处不一致：①同一段落中GB18599-2020标准名称前后不同（'污染控制标准'与'污染物控制标准'）；②次品废物代码正文写292-009-16，汇总表写292-009-06。"", ""evidence"": [{""fact"": ""同一段落重复引用GB18599-2020但名称不一致"", ""source_location"": ""root[8].content#0"", ""source_excerpt"": ""一般固废暂存间的建设应满足《广东省固体废物污染环境防治条例》、《一般工业固体废物贮存和填埋污染控制标准》（GB18599-2020）以及《一般工业固体废物贮存和填埋污染物控制标准》（GB18599-2020）相关要求""}, {""fact"": ""次品废物代码正文与汇总表不一致"", ""source_location"": ""root[7].content#4400 与 root[7].content#15400"", ""source_excerpt"": ""其次品产生量约为原料量的5%，即次品产生量为36t/a，其废物代码为292-009-16""}], ""checks"": [{""check_name"": ""标准名称内部一致性"", ""result"": ""fail"", ""explanation"": ""GB18599-2020在同一段落出现两个不同名称，前者为'污染控制标准'，后者为'污染物控制标准'""}, {""check_name"": ""废物代码跨章节一致性"", ""result"": ""fail"", ""explanation"": ""次品代码正文为292-009-16，表4-20中为292-009-06，两处矛盾""}, {""check_name"": ""固废处置路径完整性"", ""result"": ""pass"", ""explanation"": ""一般固废和危废均有明确暂存设施和处置去向，危废均交资质单位""}], ""calculations"": [], ""issues"": [""GB18599-2020标准名称在同一段落内前后不一致"", ""次品废物代码正文(292-009-16)与汇总表(292-009-06)矛盾""]}, ""external_validation_result"": {""status"": ""verified"", ""conclusion"": ""报告引用《固体废物鉴别标准通则》GB34330-2017和《国家危险废物名录》2021版，但冻结RAG显示GB34330-2025和《国家危险废物名录》2025年版（生态环境部令第36号）已发布，报告所引版本可能已过时。GB18597-2023和GB18599-2020引用正确。"", ""references_used"": [{""reference_id"": ""SOLID_GB34330_2025"", ""title"": ""固体废物鉴别标准 通则 GB 34330-2025"", ""clause_or_table"": ""附录A"", ""supporting_text"": ""物料净化提纯、废水废气处理过程产生的活性炭、过滤膜、滤料等""}, {""reference_id"": ""SOLID_HW2025_CURRENT"", ""title"": ""国家危险废物名录（2025年版）生态环境部令第36号"", ""clause_or_table"": ""HW08非特定行业"", ""supporting_text"": ""900-214-08 车辆、轮船及其它机械维修过程中产生的废发动机油、制动器油、自动变速器油、齿轮油等废润滑油 T，I""}], ""missing_references"": []}, ""final_answer"": {""judgement"": ""存在问题"", ""analysis"": ""报告列出固废标准体系包括：《固体废物鉴别标准通则》GB34330-2017、《一般固体废物分类及代码》GB/T39198-2020、《一般工业固体废物贮存和填埋污染控制标准》GB18599-2020、《国家危险废物名录》2021版、《危险废物贮存污染控制标准》GB18597-2023。内部审核发现GB18599-2020名称前后不一致、次品代码矛盾。外部核验发现冻结RAG中已存在GB34330-2025和《国家危险废物名录》2025年版，报告仍引用2017版通则和2021版名录，存在标准版本滞后风险。"", ""scope_note"": ""外部核验仅基于冻结RAG提供的标准文本，未使用模型参数记忆补充实施日期或过渡期条款。""}, ""answer_mode"": ""full_validation"", ""safety_flags"": {""used_unprovided_external_knowledge"": false, ""whole_task_abstention"": false, ""report_evidence_hallucination_risk"": false, ""manual_review_needed"": false}}"
PL004_Emission_水污,C,PL004,恒励新材料科技(佛山)有限公司新建项目,水污染物排放标准,请根据报告中的废水类型、预处理方式、排放去向、企业排口标准、污水处理厂名称、尾水排放河道和尾水执行标准，判断水污染物排放标准选取是否合理。要求对比：生活污水排放标准+排入污水处理厂名称+尾水排放河道+尾水排放执行标准，报告与知识库是否一致。,PL004_恒励新材料科技(佛山)有限公司新建项目.json,07_review-eia-pollutant-discharge-standards,qwen3.8-max,pass,报告内部废水路径、标准引用和数值在各章节间保持一致。生活污水经三级化粪池预处理执行DB44/26-2001第二时段三级标准，排入杏坛镇生活污水处理厂，尾水排至顺德支流，执行GB18918-2002一级A与DB44/26-2001第二时段一级标准较严值。冷却水经沉淀池处理达GB/T18920-2020冲厕限值后回用，最终与生活污水合并进入同一污水处理厂。各章节表述一致，未发现实质性矛盾。,not_performed,本题未提供冻结RAG或外部标准资料包，无法对DB44/26-2001第二时段三级标准限值、GB18918-2002一级A限值及较严值取法进行外部核验。,部分完成,报告内部审核通过：废水类型为生活污水和冷却水；预处理方式分别为三级化粪池和沉淀池+回用；排放去向为杏坛镇生活污水处理厂；企业排口执行DB44/26-2001第二时段三级标准；尾水排至顺德支流；尾水执行GB18918-2002一级A与DB44/26-2001第二时段一级标准较严值。上述信息在规划符合性分析、三线一单分析、标准章节、影响分析、监测计划和监督检查清单中保持一致，未发现内部矛盾。外部规范核验因无冻结RAG未执行。,外部适用性（标准版本有效性、限值数值正确性、较严值取法合规性）未核验，需补充正式标准文本后复核。,determinate_internal,False,False,False,True,N/A,,,2a4e86cb58b8f3d32f7c03f3134d75d69f048d3cd5d502f9fd34a77dda80e08d,614641560a576fd109af280acd3e5c62b0ba9d9137121c5d0d3fb2418450035a,,5d8d438a6d9f80cdb65d767cdde8b72686184b65b91dd668be1f2126c4befa11,7ad446b8063cf20fa2a301a4aa7f0453191cbb76e581747f93e7caf7dc1d5020,resp_170ac066-f08a-40aa-b516-d8ac7faaad73,0,True,"{""question_id"": ""PL004_Emission_水污"", ""group"": ""C"", ""project_id"": ""PL004"", ""source_json"": ""PL004_恒励新材料科技(佛山)有限公司新建项目.json"", ""skill_id"": ""07_review-eia-pollutant-discharge-standards"", ""audit_category"": ""水污染物排放标准"", ""report_internal_result"": {""status"": ""pass"", ""conclusion"": ""报告内部废水路径、标准引用和数值在各章节间保持一致。生活污水经三级化粪池预处理执行DB44/26-2001第二时段三级标准，排入杏坛镇生活污水处理厂，尾水排至顺德支流，执行GB18918-2002一级A与DB44/26-2001第二时段一级标准较严值。冷却水经沉淀池处理达GB/T18920-2020冲厕限值后回用，最终与生活污水合并进入同一污水处理厂。各章节表述一致，未发现实质性矛盾。"", ""evidence"": [{""fact"": ""企业排口执行DB44/26-2001第二时段三级标准，排入杏坛镇生活污水处理厂，尾水排至顺德支流"", ""source_location"": ""root[5].content#17600"", ""source_excerpt"": ""生活污水经三级化粪池处理后，水质执行广东省地方标准《水污染物排放限值》（DB44/26-2001）中的第二时段三级标准，即CODcr≤500mg/L，BOD5≤300mg/L，然后通过污水管网排至杏坛镇生活污水处理厂处理""}, {""fact"": ""杏坛污水处理厂尾水执行GB18918-2002一级A及DB44/26-2001第二时段一级标准较严值"", ""source_location"": ""root[2].content#2200"", ""source_excerpt"": ""杏坛污水处理厂尾水达到《城镇污水处理厂污染物排放标准》(GB18918-2002)一级 A 标准及广东省地方标准《水污染物排放限值》(DB44/26-2001)第二时段一级标准的较严值。""}], ""checks"": [{""check_name"": ""废水类型与排放路径各章节一致性"", ""result"": ""pass"", ""explanation"": ""规划符合性、三线一单、标准章节、影响分析、监督检查清单均一致表述：生活污水→三级化粪池→杏坛镇生活污水处理厂→尾水排顺德支流；冷却水→沉淀池→回用冲厕→合并入同一污水厂。""}, {""check_name"": ""企业排口标准与污水厂尾水标准是否混用"", ""result"": ""pass"", ""explanation"": ""企业排口明确执行DB44/26-2001第二时段三级标准（CODcr≤500），污水厂尾水执行较严值（CODcr≤40），两者在表3-8中分行列出，未混用。""}, {""check_name"": ""污水处理厂名称一致性"", ""result"": ""pass"", ""explanation"": ""报告中使用'杏坛污水处理厂'和'杏坛镇生活污水处理厂'两种表述，均指同一设施，不构成实质性矛盾。""}], ""calculations"": [], ""issues"": []}, ""external_validation_result"": {""status"": ""not_performed"", ""conclusion"": ""本题未提供冻结RAG或外部标准资料包，无法对DB44/26-2001第二时段三级标准限值、GB18918-2002一级A限值及较严值取法进行外部核验。"", ""references_used"": [], ""missing_references"": [""广东省《水污染物排放限值》(DB44/26-2001)正式文本"", ""《城镇污水处理厂污染物排放标准》(GB18918-2002)正式文本"", ""杏坛镇生活污水处理厂环评批复或排污许可证中确认的尾水执行标准""]}, ""final_answer"": {""judgement"": ""部分完成"", ""analysis"": ""报告内部审核通过：废水类型为生活污水和冷却水；预处理方式分别为三级化粪池和沉淀池+回用；排放去向为杏坛镇生活污水处理厂；企业排口执行DB44/26-2001第二时段三级标准；尾水排至顺德支流；尾水执行GB18918-2002一级A与DB44/26-2001第二时段一级标准较严值。上述信息在规划符合性分析、三线一单分析、标准章节、影响分析、监测计划和监督检查清单中保持一致，未发现内部矛盾。外部规范核验因无冻结RAG未执行。"", ""scope_note"": ""外部适用性（标准版本有效性、限值数值正确性、较严值取法合规性）未核验，需补充正式标准文本后复核。""}, ""answer_mode"": ""determinate_internal"", ""safety_flags"": {""used_unprovided_external_knowledge"": false, ""whole_task_abstention"": false, ""report_evidence_hallucination_risk"": false, ""manual_review_needed"": false}}"
PL004_Emission_水污,D,PL004,恒励新材料科技(佛山)有限公司新建项目,水污染物排放标准,请根据报告中的废水类型、预处理方式、排放去向、企业排口标准、污水处理厂名称、尾水排放河道和尾水执行标准，判断水污染物排放标准选取是否合理。要求对比：生活污水排放标准+排入污水处理厂名称+尾水排放河道+尾水排放执行标准，报告与知识库是否一致。,PL004_恒励新材料科技(佛山)有限公司新建项目.json,07_review-eia-pollutant-discharge-standards,qwen3.8-max,pass,报告内部废水路径清晰一致：生活污水经三级化粪池预处理执行DB44/26-2001第二时段三级标准后排入杏坛镇生活污水处理厂，尾水排至顺德支流，执行GB18918-2002一级A与DB44/26-2001第二时段一级标准较严值。冷却水经沉淀池处理达GB/T18920-2020冲厕限值后回用冲厕再汇入生活污水。各章节表述一致，仅污水处理厂名称存在轻微不统一（杏坛污水处理厂/杏坛镇生活污水处理厂/杏坛生活污水处理厂）。,verified,冻结RAG确认：(1)DB44/26-2001适用于广东省境内建设项目水污染物排放管理；(2)GB18918-2002适用于城镇污水处理厂出水管理且分一级A/B标准；(3)GB/T18920-2020表1冲厕用途BOD5≤10、氨氮≤5与报告一致；(4)GB18918-2002修改单(2025)未废止一级A标准。具体限值表（DB44/26-2001各时段数值、GB18918-2002一级A数值）未在RAG中提供，无法逐项核验数值。,正确,报告内部审核通过：废水类型（生活污水+冷却水）、预处理方式（三级化粪池/沉淀池）、排放去向（杏坛镇生活污水处理厂）、企业排口标准（DB44/26-2001第二时段三级）、尾水排放河道（顺德支流）、尾水执行标准（GB18918-2002一级A与DB44/26-2001第二时段一级较严值）在各章节间一致。外部核验：RAG确认DB44/26-2001适用于广东省建设项目、GB18918-2002适用于城镇污水处理厂出水且含一级A分级、GB/T18920-2020冲厕限值BOD5≤10和氨氮≤5与报告一致。标准选取逻辑合理，仅污水厂名称表述略有不统一。,DB44/26-2001和GB18918-2002的具体数值限值表未包含在冻结RAG中，数值层面未逐项核验，但标准选取框架和适用性已确认。,full_validation,False,False,False,True,False,,rag_support_not_exact,2a4e86cb58b8f3d32f7c03f3134d75d69f048d3cd5d502f9fd34a77dda80e08d,614641560a576fd109af280acd3e5c62b0ba9d9137121c5d0d3fb2418450035a,0878929e62cf818da08623ea9bfbe2a2f80c19680f9adde0334ad0d0a97abe78,ca55dfc7f6243c43b9700f36010df1e9ecad9fb43557dedf349a7a02da84d99e,b5f05242b3f4b5e17cba75b631cc02db5e21059785a6b229216679e3c6158284,resp_306b64dc-5288-4d8a-a9b4-0cc6fee1cf0b,0,True,"{""question_id"": ""PL004_Emission_水污"", ""group"": ""D"", ""project_id"": ""PL004"", ""source_json"": ""PL004_恒励新材料科技(佛山)有限公司新建项目.json"", ""skill_id"": ""07_review-eia-pollutant-discharge-standards"", ""audit_category"": ""水污染物排放标准"", ""report_internal_result"": {""status"": ""pass"", ""conclusion"": ""报告内部废水路径清晰一致：生活污水经三级化粪池预处理执行DB44/26-2001第二时段三级标准后排入杏坛镇生活污水处理厂，尾水排至顺德支流，执行GB18918-2002一级A与DB44/26-2001第二时段一级标准较严值。冷却水经沉淀池处理达GB/T18920-2020冲厕限值后回用冲厕再汇入生活污水。各章节表述一致，仅污水处理厂名称存在轻微不统一（杏坛污水处理厂/杏坛镇生活污水处理厂/杏坛生活污水处理厂）。"", ""evidence"": [{""fact"": ""企业排口标准为DB44/26-2001第二时段三级标准，排入杏坛镇生活污水处理厂，尾水排至顺德支流"", ""source_location"": ""root[5].content#17600"", ""source_excerpt"": ""生活污水经三级化粪池处理后，水质执行广东省地方标准《水污染物排放限值》（DB44/26-2001）中的第二时段三级标准，即CODcr≤500mg/L，BOD5≤300mg/L，然后通过污水管网排至杏坛镇生活污水处理厂处理""}, {""fact"": ""尾水执行GB18918-2002一级A及DB44/26-2001第二时段一级标准较严值"", ""source_location"": ""root[5].content#17600"", ""source_excerpt"": ""杏坛镇生活污水处理厂的尾水执行《城镇污水处理厂污染物排放标准》（GB18918-2002）一级A标准及《水污染物排放限值》（DB44/26-2001）第二时段一级标准的较严值""}], ""checks"": [{""check_name"": ""排放路径各章节一致性"", ""result"": ""pass"", ""explanation"": ""规划符合性分析、三线一单分析、标准章节、影响分析、监督检查清单均一致描述：生活污水→三级化粪池→杏坛镇生活污水处理厂→尾水排顺德支流""}, {""check_name"": ""企业排口与污水厂尾水标准是否混用"", ""result"": ""pass"", ""explanation"": ""企业排口执行DB44/26-2001第二时段三级标准，污水厂尾水执行一级A与一级较严值，两者在表3-8中分行列出，未混用""}, {""check_name"": ""污水处理厂名称一致性"", ""result"": ""uncertain"", ""explanation"": ""报告中交替使用'杏坛污水处理厂''杏坛镇生活污水处理厂''杏坛生活污水处理厂'三种称谓，应指同一设施但名称不统一""}], ""calculations"": [], ""issues"": [""污水处理厂名称在不同章节存在三种表述，建议统一""]}, ""external_validation_result"": {""status"": ""verified"", ""conclusion"": ""冻结RAG确认：(1)DB44/26-2001适用于广东省境内建设项目水污染物排放管理；(2)GB18918-2002适用于城镇污水处理厂出水管理且分一级A/B标准；(3)GB/T18920-2020表1冲厕用途BOD5≤10、氨氮≤5与报告一致；(4)GB18918-2002修改单(2025)未废止一级A标准。具体限值表（DB44/26-2001各时段数值、GB18918-2002一级A数值）未在RAG中提供，无法逐项核验数值。"", ""references_used"": [{""reference_id"": ""WATER_DB44_26_2001"", ""title"": ""水污染物排放限值 DB44/26-2001"", ""clause_or_table"": ""第1章 范围"", ""supporting_text"": ""本标准适用于广东省境内除船舶、船舶工业、海洋石油开发工业、航天推进剂使用、兵器工业、污水海洋处置工程等行业外的现有单位水污染物的排放管理、建设项目的环境影响评价""}, {""reference_id"": ""WATER_GBT18920_2020"", ""title"": ""城市污水再生利用 城市杂用水水质 GB/T 18920-2020"", ""clause_or_table"": ""表1 冲厕、车辆冲洗"", ""supporting_text"": ""五日生化需氧量（BOD5）/(mg/L)（≤）：A 10；B 10。氨氮/(mg/L)（≤）：A 5；B 8。""}], ""missing_references"": [""DB44/26-2001具体限值表（第二时段三级、第二时段一级数值）未在RAG中提供"", ""GB18918-2002一级A具体限值表未在RAG中提供""]}, ""final_answer"": {""judgement"": ""正确"", ""analysis"": ""报告内部审核通过：废水类型（生活污水+冷却水）、预处理方式（三级化粪池/沉淀池）、排放去向（杏坛镇生活污水处理厂）、企业排口标准（DB44/26-2001第二时段三级）、尾水排放河道（顺德支流）、尾水执行标准（GB18918-2002一级A与DB44/26-2001第二时段一级较严值）在各章节间一致。外部核验：RAG确认DB44/26-2001适用于广东省建设项目、GB18918-2002适用于城镇污水处理厂出水且含一级A分级、GB/T18920-2020冲厕限值BOD5≤10和氨氮≤5与报告一致。标准选取逻辑合理，仅污水厂名称表述略有不统一。"", ""scope_note"": ""DB44/26-2001和GB18918-2002的具体数值限值表未包含在冻结RAG中，数值层面未逐项核验，但标准选取框架和适用性已确认。""}, ""answer_mode"": ""full_validation"", ""safety_flags"": {""used_unprovided_external_knowledge"": false, ""whole_task_abstention"": false, ""report_evidence_hallucination_risk"": false, ""manual_review_needed"": false}}"
PL004_V01_Q01,C,PL004,恒励新材料科技(佛山)有限公司新建项目,国民经济行业分类,请结合项目产品、原辅材料和生产工艺，判断该报告行业类别是否基本合理。,PL004_恒励新材料科技(佛山)有限公司新建项目.json,01_manual-audit-national-economic-industry-classification,qwen3.8-max,pass,报告将项目归入橡胶和塑料制品业（C29）塑料制品业（C292），与项目产品（改性SEBS塑料）、原料（SEBS+增粘树脂）及核心工艺（混料、挤出、切粒）一致，行业类别基本合理。,not_performed,C组未提供冻结RAG，无法对GB/T 4754-2017具体小类注释进行逐字核验。,正确,项目以SEBS和增粘树脂为原料，通过混料、双螺杆挤出（约200℃）、水下切粒工艺生产改性SEBS塑料粒料，年产720吨。产品为塑料改性粒料，核心工艺为挤出成型，不涉及聚合反应，不属于初级形态塑料及合成树脂制造（C2651）；产品非橡胶制品，不属于C291。报告归入橡胶和塑料制品业（C29）塑料制品业（C292）方向正确，具体小类应为C2929其他塑料制品制造。行业类别基本合理。,外部规范核验因C组未提供冻结RAG标记为not_performed，结论基于报告内部事实一致性判断。,determinate_internal,False,False,False,True,N/A,,,f4bd8f569e572ebd2e6bb9065de520af51a88198e110e73c571b0632173e3874,2477619673025b73870ce49053124b45d46b7adad8fc72bb25476014d97ceea5,,25d2fbd8a61df0e327e5efbdfa4df962a61fe082c61b357aa508ecd08b397b8a,463c467182855f30f1b434a5b4750d9c36a120f327e63087968cf8ad6a5bc729,resp_cb4edef3-b413-409b-bbb4-eb2873e61540,0,True,"{""question_id"": ""PL004_V01_Q01"", ""group"": ""C"", ""project_id"": ""PL004"", ""source_json"": ""PL004_恒励新材料科技(佛山)有限公司新建项目.json"", ""skill_id"": ""01_manual-audit-national-economic-industry-classification"", ""audit_category"": ""国民经济行业分类"", ""report_internal_result"": {""status"": ""pass"", ""conclusion"": ""报告将项目归入橡胶和塑料制品业（C29）塑料制品业（C292），与项目产品（改性SEBS塑料）、原料（SEBS+增粘树脂）及核心工艺（混料、挤出、切粒）一致，行业类别基本合理。"", ""evidence"": [{""fact"": ""项目产品为改性SEBS塑料，年产720吨，属塑料改性加工"", ""source_location"": ""root[5].content#0 表2-2"", ""source_excerpt"": ""主要从事改性SEBS塑料的生产，预计投产后年产改性SEBS塑料720吨""}, {""fact"": ""核心工艺为混料后经双螺杆挤出机约200℃挤出成型、水下切粒，属塑料加工成型工艺"", ""source_location"": ""root[5].content#8800 工艺流程简述"", ""source_excerpt"": ""经吸料机在空压机的动力辅助下吸入双螺杆挤出机料桶在双螺杆机挤出机组内于约200℃的温度下挤出成型，胶条水下切粒系统冷却切粒""}], ""checks"": [{""check_name"": ""产品与行业归属一致性"", ""result"": ""pass"", ""explanation"": ""改性SEBS塑料为塑料改性粒料，属塑料制品业范畴，非合成树脂聚合（C2651），非橡胶制品（C291）""}, {""check_name"": ""工艺与行业归属一致性"", ""result"": ""pass"", ""explanation"": ""挤出、切粒为典型塑料加工成型工艺，与C292塑料制品业定义吻合""}, {""check_name"": ""原料与行业归属一致性"", ""result"": ""pass"", ""explanation"": ""SEBS和增粘树脂均为外购聚合物原料，项目仅进行物理共混改性，不涉及聚合反应""}], ""calculations"": [], ""issues"": []}, ""external_validation_result"": {""status"": ""not_performed"", ""conclusion"": ""C组未提供冻结RAG，无法对GB/T 4754-2017具体小类注释进行逐字核验。"", ""references_used"": [], ""missing_references"": [""《国民经济行业分类》(GB/T 4754-2017)及第1号修改单中C2929小类注释原文""]}, ""final_answer"": {""judgement"": ""正确"", ""analysis"": ""项目以SEBS和增粘树脂为原料，通过混料、双螺杆挤出（约200℃）、水下切粒工艺生产改性SEBS塑料粒料，年产720吨。产品为塑料改性粒料，核心工艺为挤出成型，不涉及聚合反应，不属于初级形态塑料及合成树脂制造（C2651）；产品非橡胶制品，不属于C291。报告归入橡胶和塑料制品业（C29）塑料制品业（C292）方向正确，具体小类应为C2929其他塑料制品制造。行业类别基本合理。"", ""scope_note"": ""外部规范核验因C组未提供冻结RAG标记为not_performed，结论基于报告内部事实一致性判断。""}, ""answer_mode"": ""determinate_internal"", ""safety_flags"": {""used_unprovided_external_knowledge"": false, ""whole_task_abstention"": false, ""report_evidence_hallucination_risk"": false, ""manual_review_needed"": false}}"
PL004_V01_Q01,D,PL004,恒励新材料科技(佛山)有限公司新建项目,国民经济行业分类,请结合项目产品、原辅材料和生产工艺，判断该报告行业类别是否基本合理。,PL004_恒励新材料科技(佛山)有限公司新建项目.json,01_manual-audit-national-economic-industry-classification,qwen3.8-max,pass,报告将项目归入塑料制品业（292），与项目产品（改性SEBS塑料）、原料（SEBS、增粘树脂）和核心工艺（双螺杆挤出）内部一致。,verified,冻结RAG中C292塑料制品业定义为'以合成树脂（高分子化合物）为主要原料，经采用挤塑、注塑、吹塑、压延、层压等工艺加工成型的各种制品的生产'，项目以SEBS（合成树脂）为原料、经挤出工艺生产改性塑料粒料，符合该定义。C291橡胶制品业可排除。,正确,项目以SEBS（合成树脂/高分子化合物）和增粘树脂为主要原料，通过双螺杆挤出工艺生产改性SEBS塑料粒料（720t/a）。冻结RAG中C292塑料制品业定义明确涵盖'以合成树脂为主要原料，经挤塑等工艺加工成型'的活动。SEBS虽具弹性体特性，但项目采用热塑性挤出成型而非硫化工艺，不符合C291橡胶制品业定义。报告将项目归入塑料制品业（292）基本合理。,冻结RAG未提供C2929小类注释，四位小类精确归属待补充核验，但中类C292方向正确。,full_validation,False,False,False,True,True,,,f4bd8f569e572ebd2e6bb9065de520af51a88198e110e73c571b0632173e3874,2477619673025b73870ce49053124b45d46b7adad8fc72bb25476014d97ceea5,70964f6e5d94a1821b7de764162d584fdac02b400f1b4ada6f6029b48583b247,3158de974c0e7f51954792cffdfd93149724071daf83c5100c02267e00f6795a,c2ca55469c967199a79284c7b15d15e3ff8b8ed7ea4cbbef3b9087de039d6764,resp_951c6a14-7fda-4c9e-94df-d080dc99761a,0,True,"{""question_id"": ""PL004_V01_Q01"", ""group"": ""D"", ""project_id"": ""PL004"", ""source_json"": ""PL004_恒励新材料科技(佛山)有限公司新建项目.json"", ""skill_id"": ""01_manual-audit-national-economic-industry-classification"", ""audit_category"": ""国民经济行业分类"", ""report_internal_result"": {""status"": ""pass"", ""conclusion"": ""报告将项目归入塑料制品业（292），与项目产品（改性SEBS塑料）、原料（SEBS、增粘树脂）和核心工艺（双螺杆挤出）内部一致。"", ""evidence"": [{""fact"": ""项目产品为改性SEBS塑料，年产720吨，包装规格25kg/袋"", ""source_location"": ""root[5].content#0 表2-2"", ""source_excerpt"": ""主要从事改性SEBS塑料的生产，预计投产后年产改性SEBS塑料720吨""}, {""fact"": ""主要原料为SEBS（360t/a）和增粘树脂（360t/a），核心工艺为双螺杆挤出"", ""source_location"": ""root[5].content#0 表2-4及工艺流程"", ""source_excerpt"": ""经吸料机在空压机的动力辅助下吸入双螺杆挤出机料桶在双螺杆机挤出机组内于约200℃的温度下挤出成型""}], ""checks"": [{""check_name"": ""产品-原料-工艺一致性"", ""result"": ""pass"", ""explanation"": ""SEBS为合成树脂（高分子化合物），增粘树脂为改性助剂，通过挤出工艺生产改性塑料粒料，各章节表述一致。""}, {""check_name"": ""报告填报行业类别与生产活动匹配"", ""result"": ""pass"", ""explanation"": ""报告引用环评分类管理名录'塑料制品业-292'，对应国民经济行业C292塑料制品业，与以合成树脂为原料经挤出加工的活动性质一致。""}, {""check_name"": ""是否涉及橡胶制品业（C291）"", ""result"": ""pass"", ""explanation"": ""SEBS虽为热塑性弹性体，但项目以挤出成型方式加工，无需硫化，不属于橡胶制品业范畴。""}], ""calculations"": [], ""issues"": []}, ""external_validation_result"": {""status"": ""verified"", ""conclusion"": ""冻结RAG中C292塑料制品业定义为'以合成树脂（高分子化合物）为主要原料，经采用挤塑、注塑、吹塑、压延、层压等工艺加工成型的各种制品的生产'，项目以SEBS（合成树脂）为原料、经挤出工艺生产改性塑料粒料，符合该定义。C291橡胶制品业可排除。"", ""references_used"": [{""reference_id"": ""IND_GBT4754_2017_P0022"", ""title"": ""GB/T 4754-2017 C292 塑料制品业"", ""clause_or_table"": ""中类292定义"", ""supporting_text"": ""指以合成树脂（高分子化合物）为主要原料，经采用挤塑、注塑、吹塑、压延、层压等工艺加工成型的各种制品的生产，以及利用回收的废旧塑料加工再生产塑料制品的活动；不包括塑料鞋制造""}, {""reference_id"": ""IND_GBT4754_2017_P0014"", ""title"": ""GB/T 4754-2017 C291 橡胶制品业"", ""clause_or_table"": ""中类291定义"", ""supporting_text"": ""指以天然及合成橡胶为原料生产各种橡胶制品的活动，还包括利用废橡胶再生产橡胶制品的活动；不包括橡胶鞋制造""}], ""missing_references"": [""冻结RAG未包含C2929（其他塑料制品制造）小类定义，无法精确核验四位小类归属，但中类C292方向已可确认。""]}, ""final_answer"": {""judgement"": ""正确"", ""analysis"": ""项目以SEBS（合成树脂/高分子化合物）和增粘树脂为主要原料，通过双螺杆挤出工艺生产改性SEBS塑料粒料（720t/a）。冻结RAG中C292塑料制品业定义明确涵盖'以合成树脂为主要原料，经挤塑等工艺加工成型'的活动。SEBS虽具弹性体特性，但项目采用热塑性挤出成型而非硫化工艺，不符合C291橡胶制品业定义。报告将项目归入塑料制品业（292）基本合理。"", ""scope_note"": ""冻结RAG未提供C2929小类注释，四位小类精确归属待补充核验，但中类C292方向正确。""}, ""answer_mode"": ""full_validation"", ""safety_flags"": {""used_unprovided_external_knowledge"": false, ""whole_task_abstention"": false, ""report_evidence_hallucination_risk"": false, ""manual_review_needed"": false}}"
PL005_Emission_噪声,C,PL005,佛山市润特龙清洁用品有限公司新建项目,噪声排放标准,请根据项目所属声环境功能区类别，判断噪声排放标准选取是否合理。要求总结声功能区类型、厂界执行标准（GB12348-2008）及昼夜限值，并与环评编制内容进行一致性分析。,PL005_佛山市润特龙清洁用品有限公司新建项目.json,07_review-eia-pollutant-discharge-standards,qwen3.8-max,pass,报告内部噪声排放标准选取逻辑一致：声功能区为3类（编号3322），厂界执行GB12348-2008中3类标准，昼间≤65dB(A)、夜间≤55dB(A)。项目仅昼间生产（6:00-22:00），预测值60.96dB(A)＜65dB(A)达标，监测计划仅列昼间，各章节一致。,not_performed,未提供冻结RAG，无法核验佛环〔2024〕1号区划文件中编号3322是否确实覆盖项目地址，也无法核验GB12348-2008中3类限值的正式条文。,部分完成,报告内部逻辑一致：项目位于3类声环境功能区（编号3322），厂界执行GB12348-2008中3类标准（昼间≤65dB(A)、夜间≤55dB(A)）。项目仅昼间生产（6:00-22:00），预测厂界贡献值60.96dB(A)低于昼间限值65dB(A)，达标结论成立。监测计划四面厂界均执行3类昼间65dB(A)，与预测和标准表一致。外部区划真实性和标准限值正式核验因无冻结RAG未执行。,外部适用性核验（区划文件真实性、GB12348-2008正式限值）未执行，需补充正式资料后复核。,determinate_internal,False,False,False,True,N/A,,,a40b4a44c105dcb7a8dffc3116d0125bc877c7e05e2bc0e83108551e083e0f4b,4a5414ac3b2caed2c7aa9dca4bd35dd0d264f4a8f6c4e4781b75aafea4d77ce6,,6016e20bf7b902d715f409bc5d3282a0903135ee5eb1db842d69ba1842be2123,8c674956858259bece0f36f5ffad2d165ec02cce02d11b56e9867265fdae72e5,resp_3f16e537-605c-49f4-9873-cb8c6ddb107b,0,True,"{""question_id"": ""PL005_Emission_噪声"", ""group"": ""C"", ""project_id"": ""PL005"", ""source_json"": ""PL005_佛山市润特龙清洁用品有限公司新建项目.json"", ""skill_id"": ""07_review-eia-pollutant-discharge-standards"", ""audit_category"": ""噪声排放标准"", ""report_internal_result"": {""status"": ""pass"", ""conclusion"": ""报告内部噪声排放标准选取逻辑一致：声功能区为3类（编号3322），厂界执行GB12348-2008中3类标准，昼间≤65dB(A)、夜间≤55dB(A)。项目仅昼间生产（6:00-22:00），预测值60.96dB(A)＜65dB(A)达标，监测计划仅列昼间，各章节一致。"", ""evidence"": [{""fact"": ""项目位于3类声环境功能区（编号3322），依据佛环〔2024〕1号"", ""source_location"": ""root[6].content#0"", ""source_excerpt"": ""3类声环境功能区（编号：3322）""}, {""fact"": ""厂界执行GB12348-2008中3类标准，昼间≤65dB(A)，夜间≤55dB(A)"", ""source_location"": ""root[6].content#6600"", ""source_excerpt"": ""项目厂界执行《工业企业厂界环境噪声排放标准》（GB12348-2008）中的3类标准，即昼间≤65dB（A），夜间≤55dB（A）。""}], ""checks"": [{""check_name"": ""声功能区类别与排放标准类别对应"", ""result"": ""pass"", ""explanation"": ""3类声环境功能区对应GB12348-2008中3类标准，报告各章节均一致采用3类。""}, {""check_name"": ""昼夜间生产与预测/监测一致性"", ""result"": ""pass"", ""explanation"": ""项目6:00-22:00生产，夜间不生产，预测仅评价昼间，监测计划仅列昼间，逻辑自洽。""}, {""check_name"": ""预测值与标准限值达标判断"", ""result"": ""pass"", ""explanation"": ""厂界贡献值60.96dB(A)＜昼间限值65dB(A)，达标结论正确。""}], ""calculations"": [], ""issues"": []}, ""external_validation_result"": {""status"": ""not_performed"", ""conclusion"": ""未提供冻结RAG，无法核验佛环〔2024〕1号区划文件中编号3322是否确实覆盖项目地址，也无法核验GB12348-2008中3类限值的正式条文。"", ""references_used"": [], ""missing_references"": [""《佛山市声环境功能区划》（佛环〔2024〕1号）正式文本"", ""GB12348-2008正式条文及表1限值""]}, ""final_answer"": {""judgement"": ""部分完成"", ""analysis"": ""报告内部逻辑一致：项目位于3类声环境功能区（编号3322），厂界执行GB12348-2008中3类标准（昼间≤65dB(A)、夜间≤55dB(A)）。项目仅昼间生产（6:00-22:00），预测厂界贡献值60.96dB(A)低于昼间限值65dB(A)，达标结论成立。监测计划四面厂界均执行3类昼间65dB(A)，与预测和标准表一致。外部区划真实性和标准限值正式核验因无冻结RAG未执行。"", ""scope_note"": ""外部适用性核验（区划文件真实性、GB12348-2008正式限值）未执行，需补充正式资料后复核。""}, ""answer_mode"": ""determinate_internal"", ""safety_flags"": {""used_unprovided_external_knowledge"": false, ""whole_task_abstention"": false, ""report_evidence_hallucination_risk"": false, ""manual_review_needed"": false}}"
PL005_Emission_噪声,D,PL005,佛山市润特龙清洁用品有限公司新建项目,噪声排放标准,请根据项目所属声环境功能区类别，判断噪声排放标准选取是否合理。要求总结声功能区类型、厂界执行标准（GB12348-2008）及昼夜限值，并与环评编制内容进行一致性分析。,PL005_佛山市润特龙清洁用品有限公司新建项目.json,07_review-eia-pollutant-discharge-standards,qwen3.8-max,pass,报告内部各章节对声功能区类别（3类）、执行标准（GB12348-2008 3类）、昼间限值65dB(A)、夜间限值55dB(A)表述一致；项目夜间不生产，仅评价昼间，监测计划仅列昼间，逻辑自洽。,verified,冻结RAG确认佛环〔2024〕1号将3类声环境功能区定义为以工业生产、仓储物流为主要功能的区域，与项目工业用地性质匹配；GB12348-2008适用于工业企业噪声排放管理。标准选取合理。,正确,项目位于佛山市顺德区杏坛南部工业片区，依据佛环〔2024〕1号划定为3类声环境功能区。报告厂界执行GB12348-2008中3类标准（昼间≤65dB(A)，夜间≤55dB(A)），标准类别与声功能区类别对应正确。冻结RAG确认3类区定义为工业生产、仓储物流为主要功能的区域，与项目C2927日用塑料制品制造性质匹配。项目夜间不生产（6:00-22:00），仅评价昼间，预测厂界贡献值60.96dB(A)低于65dB(A)限值，达标结论正确。各章节标准引用、限值、监测计划内部一致。,冻结RAG中表1具体数值未完整显示，但标准框架和功能区定义已确认，类别对应关系可验证。,full_validation,False,False,False,True,True,,,a40b4a44c105dcb7a8dffc3116d0125bc877c7e05e2bc0e83108551e083e0f4b,4a5414ac3b2caed2c7aa9dca4bd35dd0d264f4a8f6c4e4781b75aafea4d77ce6,80e41853bf91092ce5f7f3f1468531dd9587ba7febf804d3a1f76a7e84534916,c44050472d086f6417dfaaf89fd7e5a6f07c200ee2be0ef90d5c980038a10936,c73fb72a07c2e27981d3d67fb4506e5c67494684c44186d1302acd1b6944189a,resp_b140ca4f-1b41-4811-8292-de42e4d18e9f,0,True,"{""question_id"": ""PL005_Emission_噪声"", ""group"": ""D"", ""project_id"": ""PL005"", ""source_json"": ""PL005_佛山市润特龙清洁用品有限公司新建项目.json"", ""skill_id"": ""07_review-eia-pollutant-discharge-standards"", ""audit_category"": ""噪声排放标准"", ""report_internal_result"": {""status"": ""pass"", ""conclusion"": ""报告内部各章节对声功能区类别（3类）、执行标准（GB12348-2008 3类）、昼间限值65dB(A)、夜间限值55dB(A)表述一致；项目夜间不生产，仅评价昼间，监测计划仅列昼间，逻辑自洽。"", ""evidence"": [{""fact"": ""项目位于3类声环境功能区（编号3322），依据佛环〔2024〕1号"", ""source_location"": ""root[6].content#0"", ""source_excerpt"": ""根据佛山市生态环境局关于印发《佛山市声环境功能区划》的通知（佛环〔2024〕1号），项目位于杏坛南部工业片区（编号：3322），为3类声环境功能区""}, {""fact"": ""厂界执行GB12348-2008中3类标准，昼间≤65dB(A)，夜间≤55dB(A)"", ""source_location"": ""root[6].content#6600"", ""source_excerpt"": ""项目厂界执行《工业企业厂界环境噪声排放标准》（GB12348-2008）中的3类标准，即昼间≤65dB（A），夜间≤55dB（A）。""}], ""checks"": [{""check_name"": ""声功能区类别与标准类别一致性"", ""result"": ""pass"", ""explanation"": ""报告确定3类声功能区，厂界执行GB12348-2008中3类标准，类别对应正确。""}, {""check_name"": ""夜间生产与监测计划一致性"", ""result"": ""pass"", ""explanation"": ""项目工作时间6:00-22:00，夜间不生产，监测计划仅列昼间，逻辑一致。""}, {""check_name"": ""预测值与达标结论一致性"", ""result"": ""pass"", ""explanation"": ""厂界噪声贡献值60.96dB(A)＜65dB(A)昼间限值，达标结论正确。""}], ""calculations"": [], ""issues"": []}, ""external_validation_result"": {""status"": ""verified"", ""conclusion"": ""冻结RAG确认佛环〔2024〕1号将3类声环境功能区定义为以工业生产、仓储物流为主要功能的区域，与项目工业用地性质匹配；GB12348-2008适用于工业企业噪声排放管理。标准选取合理。"", ""references_used"": [{""reference_id"": ""NOISE_FOSHAN_ZONING_2024_P0006"", ""title"": ""佛山市声环境功能区划（佛环〔2024〕1号）"", ""clause_or_table"": ""二、功能区类别及执行标准（四）3类声环境功能区"", ""supporting_text"": ""以工业生产、仓储物流为主要功能，需要防止工业噪声对周围环境产生严重影响的区域。""}, {""reference_id"": ""NOISE_GB12348_2008_P0069"", ""title"": ""工业企业厂界环境噪声排放标准（GB 12348-2008）"", ""clause_or_table"": ""适用范围"", ""supporting_text"": ""本标准规定了工业企业和固定设备厂界环境噪声排放限值及其测量方法。本标准适用于工业企业噪声排放的管理、评价及控制。""}], ""missing_references"": []}, ""final_answer"": {""judgement"": ""正确"", ""analysis"": ""项目位于佛山市顺德区杏坛南部工业片区，依据佛环〔2024〕1号划定为3类声环境功能区。报告厂界执行GB12348-2008中3类标准（昼间≤65dB(A)，夜间≤55dB(A)），标准类别与声功能区类别对应正确。冻结RAG确认3类区定义为工业生产、仓储物流为主要功能的区域，与项目C2927日用塑料制品制造性质匹配。项目夜间不生产（6:00-22:00），仅评价昼间，预测厂界贡献值60.96dB(A)低于65dB(A)限值，达标结论正确。各章节标准引用、限值、监测计划内部一致。"", ""scope_note"": ""冻结RAG中表1具体数值未完整显示，但标准框架和功能区定义已确认，类别对应关系可验证。""}, ""answer_mode"": ""full_validation"", ""safety_flags"": {""used_unprovided_external_knowledge"": false, ""whole_task_abstention"": false, ""report_evidence_hallucination_risk"": false, ""manual_review_needed"": false}}"
PL005_Emission_固体,C,PL005,佛山市润特龙清洁用品有限公司新建项目,固体废物控制标准,请根据项目产生的固体废物和危险废物类型，判断固体废物控制标准选取是否合理。要求总结一般工业固体废物和危险废物执行标准的标准名称及编号，分析是否缺少必要标准条目。,PL005_佛山市润特龙清洁用品有限公司新建项目.json,07_review-eia-pollutant-discharge-standards,qwen3.8-max,issue_found,报告固体废物种类、数量在各章节间一致，危废贮存标准GB18597-2023已引用；但一般工业固体废物贮存环节未引用《一般工业固体废物贮存和填埋污染控制标准》（GB 18599-2020），仅以文字描述'防渗漏、防雨淋、防扬尘'代替，缺少关键贮存控制标准条目。,not_performed,本组未提供冻结RAG，无法对标准版本有效性、适用性进行外部核验。,部分完成,报告内部各章节固废种类、代码、数量一致，危废暂存能力与产生量自洽。标准选取方面：危险废物引用了《国家危险废物名录》（2021年版）和GB18597-2023，覆盖较完整；但一般工业固体废物仅引用分类代码标准GB/T39198-2020，未引用贮存控制标准GB 18599-2020，属于缺少必要标准条目。外部适用性因无冻结RAG未核验。,C组无冻结RAG，外部标准版本和适用性核验标记为not_performed。,partial_internal,False,False,False,True,N/A,,,6653f5a0076ebaa923f3930c0345d9e1e8aafb2d70dd789e814544f138a955c2,72ff50ba113d72427e63b9a8a06501b4a9719e88408bf6b28d7086d322de7e8f,,f518086f6b882fb112fcc3c9579cfee2cdba00c5f834cb0615764a63acf9cb6b,0f3b25b34aeafea186c50e2e025b90ea02a25de861dfac2aa7aa036bff78a7d6,resp_7e5074b0-fc82-4701-8187-e57f9fe28452,0,True,"{""question_id"": ""PL005_Emission_固体"", ""group"": ""C"", ""project_id"": ""PL005"", ""source_json"": ""PL005_佛山市润特龙清洁用品有限公司新建项目.json"", ""skill_id"": ""07_review-eia-pollutant-discharge-standards"", ""audit_category"": ""固体废物控制标准"", ""report_internal_result"": {""status"": ""issue_found"", ""conclusion"": ""报告固体废物种类、数量在各章节间一致，危废贮存标准GB18597-2023已引用；但一般工业固体废物贮存环节未引用《一般工业固体废物贮存和填埋污染控制标准》（GB 18599-2020），仅以文字描述'防渗漏、防雨淋、防扬尘'代替，缺少关键贮存控制标准条目。"", ""evidence"": [{""fact"": ""报告固体废物标准部分仅列出固废法、广东省条例、GB/T39198-2020分类代码标准，未列出一般工业固废贮存控制标准"", ""source_location"": ""root[6].content#4400"", ""source_excerpt"": ""固体废物管理应遵照《中华人民共和国固体废物污染环境防治法》、《广东省固体废物污染环境防治条例》、《一般固体废物分类与代码》（GB/T39198-2020），固体废物暂存于一般固体废物仓库，仓库应满足防渗漏、防雨淋、防扬尘等要求。""}, {""fact"": ""危险废物部分引用了《国家危险废物名录》（2021年版）和《危险废物贮存污染控制标准》（GB18597-2023）"", ""source_location"": ""root[6].content#4400"", ""source_excerpt"": ""危险废物执行《国家危险废物名录》（2021年版）、《危险废物贮存污染控制标准》（GB18597-2023）。""}], ""checks"": [{""check_name"": ""固废种类与数量跨章节一致性"", ""result"": ""pass"", ""explanation"": ""产污环节表、固废正文、表4-20汇总表、附表及监督检查清单中废物种类（生活垃圾、废包装材料、废机油、废机油桶、含油废抹布和手套、废活性炭）和数量均一致。""}, {""check_name"": ""一般工业固废贮存标准覆盖"", ""result"": ""fail"", ""explanation"": ""报告设置了一般固废暂存间并提出防渗防雨要求，但未引用GB 18599-2020作为贮存控制依据，标准条目缺失。""}, {""check_name"": ""危废贮存能力与产生量自洽性"", ""result"": ""pass"", ""explanation"": ""危废暂存间贮存能力4t/a、周期半年；半年危废产生量=7.5019/2≈3.75t<4t，满足要求。""}], ""calculations"": [{""formula"": ""危废合计=废机油+废机油桶+含油废抹布和手套+废活性炭"", ""inputs"": {""废机油"": 0.05, ""废机油桶"": 0.006, ""含油废抹布和手套"": 0.002, ""废活性炭"": 7.4439}, ""result"": ""7.5019"", ""unit"": ""t/a""}, {""formula"": ""一般固废合计=生活垃圾+废包装材料"", ""inputs"": {""生活垃圾"": 3, ""废包装材料"": 0.5}, ""result"": ""3.5"", ""unit"": ""t/a""}], ""issues"": [""一般工业固体废物贮存环节缺少《一般工业固体废物贮存和填埋污染控制标准》（GB 18599-2020）的引用""]}, ""external_validation_result"": {""status"": ""not_performed"", ""conclusion"": ""本组未提供冻结RAG，无法对标准版本有效性、适用性进行外部核验。"", ""references_used"": [], ""missing_references"": [""GB 18599-2020《一般工业固体废物贮存和填埋污染控制标准》正式文本"", ""GB 18597-2023《危险废物贮存污染控制标准》正式文本"", ""《国家危险废物名录》（2021年版）正式文本""]}, ""final_answer"": {""judgement"": ""部分完成"", ""analysis"": ""报告内部各章节固废种类、代码、数量一致，危废暂存能力与产生量自洽。标准选取方面：危险废物引用了《国家危险废物名录》（2021年版）和GB18597-2023，覆盖较完整；但一般工业固体废物仅引用分类代码标准GB/T39198-2020，未引用贮存控制标准GB 18599-2020，属于缺少必要标准条目。外部适用性因无冻结RAG未核验。"", ""scope_note"": ""C组无冻结RAG，外部标准版本和适用性核验标记为not_performed。""}, ""answer_mode"": ""partial_internal"", ""safety_flags"": {""used_unprovided_external_knowledge"": false, ""whole_task_abstention"": false, ""report_evidence_hallucination_risk"": false, ""manual_review_needed"": false}}"
PL005_Emission_固体,D,PL005,佛山市润特龙清洁用品有限公司新建项目,固体废物控制标准,请根据项目产生的固体废物和危险废物类型，判断固体废物控制标准选取是否合理。要求总结一般工业固体废物和危险废物执行标准的标准名称及编号，分析是否缺少必要标准条目。,PL005_佛山市润特龙清洁用品有限公司新建项目.json,07_review-eia-pollutant-discharge-standards,qwen3.8-max,issue_found,报告列出了固废种类、数量、贮存和处置去向，各章节数据内部一致；但标准引用部分仅列出分类代码标准GB/T39198-2020，未引用一般工业固体废物贮存污染控制的强制性标准，存在标准条目缺失。,verified,冻结RAG确认GB 18599-2020为一般工业固体废物贮存的强制性标准（2021年7月1日实施），报告未引用构成标准缺失；GB 18597-2023适用于危废贮存，报告引用正确。冻结RAG显示《国家危险废物名录》2025年版（生态环境部令第36号）为现行版本，报告引用2021年版可能已过时。,存在问题,报告固废标准部分存在以下问题：（1）一般工业固体废物方面，报告仅引用《一般固体废物分类与代码》（GB/T39198-2020，推荐性分类标准），缺少强制性标准《一般工业固体废物贮存和填埋污染控制标准》（GB 18599-2020）。项目设有一般固废暂存间，该暂存间的建设和运行应执行GB 18599-2020。（2）危险废物方面，报告引用GB 18597-2023正确；但引用《国家危险废物名录》（2021年版），冻结RAG显示2025年版（生态环境部令第36号）已发布，报告编制时点（2026年）应核实是否需更新为2025年版。综上，报告缺少必要的一般工业固废贮存污染控制标准条目。,外部核验基于冻结RAG提供的GB 18599-2020、GB 18597-2023及国家危险废物名录2021/2025版信息。,full_validation,False,False,False,True,True,,,6653f5a0076ebaa923f3930c0345d9e1e8aafb2d70dd789e814544f138a955c2,72ff50ba113d72427e63b9a8a06501b4a9719e88408bf6b28d7086d322de7e8f,7787c471bfb15e973bb5aee878eaf684fef400b59c23e1a4aeb300d58999036f,b5b4ba10959b058e4f9c3dd0c439f1850322cad7cb0da45e183e601af93a513a,bc1a8f4cbfc4a2e1036f7679b16a6fa36f5ce276e0d375606f2fbb0daefcfce7,resp_9127b632-5ec2-4c8b-9e9e-fddd09e1d1d0,0,True,"{""question_id"": ""PL005_Emission_固体"", ""group"": ""D"", ""project_id"": ""PL005"", ""source_json"": ""PL005_佛山市润特龙清洁用品有限公司新建项目.json"", ""skill_id"": ""07_review-eia-pollutant-discharge-standards"", ""audit_category"": ""固体废物控制标准"", ""report_internal_result"": {""status"": ""issue_found"", ""conclusion"": ""报告列出了固废种类、数量、贮存和处置去向，各章节数据内部一致；但标准引用部分仅列出分类代码标准GB/T39198-2020，未引用一般工业固体废物贮存污染控制的强制性标准，存在标准条目缺失。"", ""evidence"": [{""fact"": ""报告固废标准段落仅引用《一般固体废物分类与代码》（GB/T39198-2020）作为一般固废管理依据，未引用贮存污染控制标准"", ""source_location"": ""root[6].content#4400"", ""source_excerpt"": ""固体废物管理应遵照《中华人民共和国固体废物污染环境防治法》、《广东省固体废物污染环境防治条例》、《一般固体废物分类与代码》（GB/T39198-2020），固体废物暂存于一般固体废物仓库，仓库应满足防渗漏、防雨淋、防扬尘等要求。""}, {""fact"": ""危险废物标准引用了《国家危险废物名录》（2021年版）和《危险废物贮存污染控制标准》（GB18597-2023）"", ""source_location"": ""root[6].content#4400"", ""source_excerpt"": ""危险废物执行《国家危险废物名录》（2021年版）、《危险废物贮存污染控制标准》（GB18597-2023）。""}], ""checks"": [{""check_name"": ""固废种类与数量内部一致性"", ""result"": ""pass"", ""explanation"": ""一般固废合计3.5t/a（生活垃圾3+废包装材料0.5），危废合计7.5019t/a（0.05+0.006+0.002+7.4439），各表数据一致。""}, {""check_name"": ""一般工业固废贮存标准覆盖"", ""result"": ""fail"", ""explanation"": ""报告设有一般固废暂存间（4m²），但未引用一般工业固体废物贮存污染控制的强制性国家标准，仅引用分类代码推荐性标准。""}, {""check_name"": ""危废贮存标准覆盖"", ""result"": ""pass"", ""explanation"": ""报告引用GB18597-2023作为危废贮存标准，与危废暂存间设置对应。""}], ""calculations"": [], ""issues"": [""报告缺少《一般工业固体废物贮存和填埋污染控制标准》（GB 18599-2020）的引用，该标准为强制性标准，适用于一般工业固废暂存间的建设和运行管理。""]}, ""external_validation_result"": {""status"": ""verified"", ""conclusion"": ""冻结RAG确认GB 18599-2020为一般工业固体废物贮存的强制性标准（2021年7月1日实施），报告未引用构成标准缺失；GB 18597-2023适用于危废贮存，报告引用正确。冻结RAG显示《国家危险废物名录》2025年版（生态环境部令第36号）为现行版本，报告引用2021年版可能已过时。"", ""references_used"": [{""reference_id"": ""SOLID_GB18599_2020_P0012"", ""title"": ""一般工业固体废物贮存和填埋污染控制标准（GB 18599-2020）"", ""clause_or_table"": ""前言及适用范围"", ""supporting_text"": ""本标准规定了一般工业固体废物贮存场、填埋场的选址、建设、运行、封场、土地复垦等过程的环境保护要求……本标准为强制性标准。……本标准自 2021 年 7 月 1 日起实施。""}, {""reference_id"": ""SOLID_GB18597_2023_P0015"", ""title"": ""危险废物贮存污染控制标准（GB 18597-2023）"", ""clause_or_table"": ""1 适用范围"", ""supporting_text"": ""本标准规定了危险废物贮存污染控制的总体要求、贮存设施选址和污染控制要求、容器和包装物污染控制要求、贮存过程污染控制要求，以及污染物排放、环境监测、环境应急、实施与监督等环境管理要求。""}], ""missing_references"": []}, ""final_answer"": {""judgement"": ""存在问题"", ""analysis"": ""报告固废标准部分存在以下问题：（1）一般工业固体废物方面，报告仅引用《一般固体废物分类与代码》（GB/T39198-2020，推荐性分类标准），缺少强制性标准《一般工业固体废物贮存和填埋污染控制标准》（GB 18599-2020）。项目设有一般固废暂存间，该暂存间的建设和运行应执行GB 18599-2020。（2）危险废物方面，报告引用GB 18597-2023正确；但引用《国家危险废物名录》（2021年版），冻结RAG显示2025年版（生态环境部令第36号）已发布，报告编制时点（2026年）应核实是否需更新为2025年版。综上，报告缺少必要的一般工业固废贮存污染控制标准条目。"", ""scope_note"": ""外部核验基于冻结RAG提供的GB 18599-2020、GB 18597-2023及国家危险废物名录2021/2025版信息。""}, ""answer_mode"": ""full_validation"", ""safety_flags"": {""used_unprovided_external_knowledge"": false, ""whole_task_abstention"": false, ""report_evidence_hallucination_risk"": false, ""manual_review_needed"": false}}"
PL005_Emission_水污,C,PL005,佛山市润特龙清洁用品有限公司新建项目,水污染物排放标准,请根据报告中的废水类型、预处理方式、排放去向、企业排口标准、污水处理厂名称、尾水排放河道和尾水执行标准，判断水污染物排放标准选取是否合理。要求对比：生活污水排放标准+排入污水处理厂名称+尾水排放河道+尾水排放执行标准，报告与知识库是否一致。,PL005_佛山市润特龙清洁用品有限公司新建项目.json,07_review-eia-pollutant-discharge-standards,qwen3.8-max,issue_found,报告各章节对废水路径（生活污水→三级化粪池→杏坛污水处理厂→顺德支流）、企业排口标准（DB44/26-2001第二时段三级）、尾水标准（GB18918-2002一级A与DB44/26-2001第二时段一级较严值）描述一致。但表4-11产生量数值存在计算错误，与表4-14矛盾。,not_performed,C组无冻结RAG，无法核验DB44/26-2001第二时段三级限值、GB18918-2002一级A限值及杏坛污水处理厂实际执行标准的正确性。,存在问题,报告内部废水路径清晰且各章节一致：生活污水经三级化粪池预处理达DB44/26-2001第二时段三级标准后排入杏坛污水处理厂，尾水排入顺德支流，执行GB18918-2002一级A与DB44/26-2001第二时段一级较严值。但表4-11中所有污染物产生量均为正确值的一半（如CODCr记为0.0180t/a，实际应为0.036t/a），与同章表4-14矛盾，属数值错误。外部标准适用性因无RAG未核验。,外部规范核验未执行（C组无冻结RAG），仅完成报告内部一致性审核。,determinate_internal,False,False,False,False,N/A,,report_excerpt_not_exact,26dc63fe6a0da069120bf8cd526e7492d32c0622c1587f2d6b92065e6295fd31,614641560a576fd109af280acd3e5c62b0ba9d9137121c5d0d3fb2418450035a,,fd943d3d110776846332d759f9b29c72d9d20936f93c31d6e56c4cb1fb39eeec,db3fe3f8e881b8bf7b800e528e0e21dc7f883256f66737a24c94ff7456fe3005,resp_9ab89636-d740-407d-8661-1123ac132e62,0,True,"{""question_id"": ""PL005_Emission_水污"", ""group"": ""C"", ""project_id"": ""PL005"", ""source_json"": ""PL005_佛山市润特龙清洁用品有限公司新建项目.json"", ""skill_id"": ""07_review-eia-pollutant-discharge-standards"", ""audit_category"": ""水污染物排放标准"", ""report_internal_result"": {""status"": ""issue_found"", ""conclusion"": ""报告各章节对废水路径（生活污水→三级化粪池→杏坛污水处理厂→顺德支流）、企业排口标准（DB44/26-2001第二时段三级）、尾水标准（GB18918-2002一级A与DB44/26-2001第二时段一级较严值）描述一致。但表4-11产生量数值存在计算错误，与表4-14矛盾。"", ""evidence"": [{""fact"": ""表4-11中CODCr产生量记为0.0180t/a，但产生浓度200mg/L×180t/a应为0.036t/a，与表4-14的0.0360t/a矛盾"", ""source_location"": ""root[8].content#4400 表4-11"", ""source_excerpt"": ""产生浓度（mg/L） 6-9（无量纲） 200 100 150 30 产生量（t/a） / 0.0180 0.0090 0.0135 0.0027""}, {""fact"": ""表4-14中CODCr产生量为0.0360t/a，与浓度和水量匹配正确"", ""source_location"": ""root[8].content#6600 表4-14"", ""source_excerpt"": ""CODCr 200 0.0360 160 0.0288 40 0.0072""}], ""checks"": [{""check_name"": ""排放路径各章节一致性"", ""result"": ""pass"", ""explanation"": ""规划相符性、工程分析、影响分析、监督检查清单均一致表述为：生活污水→三级化粪池→杏坛污水处理厂→尾水排入顺德支流""}, {""check_name"": ""企业排口标准与尾水标准未混用"", ""result"": ""pass"", ""explanation"": ""企业排口执行DB44/26-2001第二时段三级，尾水执行GB18918-2002一级A与DB44/26-2001第二时段一级较严值，各章节未混淆""}, {""check_name"": ""表4-11与表4-14数值一致性"", ""result"": ""fail"", ""explanation"": ""表4-11所有产生量均为表4-14对应值的一半（如CODCr 0.0180 vs 0.0360），存在明显计算错误""}], ""calculations"": [{""formula"": ""产生量 = 产生浓度 × 废水量"", ""inputs"": {""CODCr浓度"": ""200 mg/L"", ""废水量"": ""180 t/a""}, ""result"": ""0.036"", ""unit"": ""t/a""}, {""formula"": ""尾水排放量 = 尾水浓度 × 废水量"", ""inputs"": {""CODCr尾水浓度"": ""40 mg/L"", ""废水量"": ""180 t/a""}, ""result"": ""0.0072"", ""unit"": ""t/a""}], ""issues"": [""表4-11产生量列数值全部为正确值的一半，与表4-14及浓度×水量计算结果矛盾""]}, ""external_validation_result"": {""status"": ""not_performed"", ""conclusion"": ""C组无冻结RAG，无法核验DB44/26-2001第二时段三级限值、GB18918-2002一级A限值及杏坛污水处理厂实际执行标准的正确性。"", ""references_used"": [], ""missing_references"": [""DB44/26-2001第二时段三级标准限值表"", ""GB18918-2002一级A标准限值表"", ""杏坛污水处理厂环评批复或排污许可证""]}, ""final_answer"": {""judgement"": ""存在问题"", ""analysis"": ""报告内部废水路径清晰且各章节一致：生活污水经三级化粪池预处理达DB44/26-2001第二时段三级标准后排入杏坛污水处理厂，尾水排入顺德支流，执行GB18918-2002一级A与DB44/26-2001第二时段一级较严值。但表4-11中所有污染物产生量均为正确值的一半（如CODCr记为0.0180t/a，实际应为0.036t/a），与同章表4-14矛盾，属数值错误。外部标准适用性因无RAG未核验。"", ""scope_note"": ""外部规范核验未执行（C组无冻结RAG），仅完成报告内部一致性审核。""}, ""answer_mode"": ""determinate_internal"", ""safety_flags"": {""used_unprovided_external_knowledge"": false, ""whole_task_abstention"": false, ""report_evidence_hallucination_risk"": false, ""manual_review_needed"": false}}"
PL005_Emission_水污,D,PL005,佛山市润特龙清洁用品有限公司新建项目,水污染物排放标准,请根据报告中的废水类型、预处理方式、排放去向、企业排口标准、污水处理厂名称、尾水排放河道和尾水执行标准，判断水污染物排放标准选取是否合理。要求对比：生活污水排放标准+排入污水处理厂名称+尾水排放河道+尾水排放执行标准，报告与知识库是否一致。,PL005_佛山市润特龙清洁用品有限公司新建项目.json,07_review-eia-pollutant-discharge-standards,qwen3.8-max,pass,报告内部各章节对废水路径、标准引用和数值表述一致：生活污水经三级化粪池预处理达DB44/26-2001第二时段三级标准后排入杏坛污水处理厂，尾水排入顺德支流，执行GB18918-2002一级A与DB44/26-2001第二时段一级标准较严值；冷却水经静置沉淀达GB/T18920-2020后回用冲厕。,verified,冻结RAG中DB44/26-2001第4.1.2.5条明确排入建成运行的城镇二级污水处理厂的污水执行三级标准，与报告选取第二时段三级标准一致；GB18918-2002确认存在一级A分级；GB/T18920-2020确认冲厕用途水质标准存在。报告标准选取框架合理。,正确,报告内部各章节对废水路径表述完全一致：生活污水经三级化粪池预处理达DB44/26-2001第二时段三级标准后排入杏坛污水处理厂，尾水排入顺德支流，执行GB18918-2002一级A与DB44/26-2001第二时段一级标准较严值。外部核验：DB44/26-2001第4.1.2.5条确认排入城镇二级污水处理厂执行三级标准，报告选取正确；GB18918-2002确认一级A分级存在；尾水数值为两标准逐项取严结果，逻辑自洽。冷却水回用执行GB/T18920-2020冲厕限值，标准适用。,冻结RAG未提供GB18918-2002一级A和DB44/26-2001第二时段一级标准的具体数值表，尾水限值的逐项数值核验基于报告内部逻辑自洽性判断。,full_validation,False,False,False,False,True,,report_excerpt_not_exact,26dc63fe6a0da069120bf8cd526e7492d32c0622c1587f2d6b92065e6295fd31,614641560a576fd109af280acd3e5c62b0ba9d9137121c5d0d3fb2418450035a,8ff49a6b1cd66fdb843cfd4cbfc335df3b03aaf83338d09a5155ba3a53936b28,667560aee8d61efcba90422b425ce166aa76d7504eb957f75973e423dc6c0e4f,687d2d1a90328e2f32ec2467462d82a563ffd0a1d3fa240c12627e59d34d45c3,resp_76f19e11-fd3a-4b74-b22a-ce65c160ecb2,0,True,"{""question_id"": ""PL005_Emission_水污"", ""group"": ""D"", ""project_id"": ""PL005"", ""source_json"": ""PL005_佛山市润特龙清洁用品有限公司新建项目.json"", ""skill_id"": ""07_review-eia-pollutant-discharge-standards"", ""audit_category"": ""水污染物排放标准"", ""report_internal_result"": {""status"": ""pass"", ""conclusion"": ""报告内部各章节对废水路径、标准引用和数值表述一致：生活污水经三级化粪池预处理达DB44/26-2001第二时段三级标准后排入杏坛污水处理厂，尾水排入顺德支流，执行GB18918-2002一级A与DB44/26-2001第二时段一级标准较严值；冷却水经静置沉淀达GB/T18920-2020后回用冲厕。"", ""evidence"": [{""fact"": ""企业排口标准为DB44/26-2001第二时段三级标准，污水处理厂为杏坛污水处理厂，尾水排入顺德支流，尾水执行GB18918-2002一级A及DB44/26-2001第二时段一级标准较严值"", ""source_location"": ""root[6].content#4400"", ""source_excerpt"": ""生活污水经三级化粪池处理达广东省地方标准《水污染物排放限值》（DB44/26-2001）第二时段三级标准后经市政管网排至杏坛污水处理厂处理，处理后尾水排入顺德支流。杏坛污水处理厂尾水执行国家标准《城镇污水处理厂污染物排放标准》（GB18918-2002）一级A标准及广东省地方标准《水污染物排放限值》（DB44/26-2001）第二时段一级标准的较严值。""}, {""fact"": ""监督检查清单与正文一致，生活污水执行DB44/26-2001第二时段三级标准，排入杏坛污水处理厂，尾水排入顺德支流"", ""source_location"": ""root[10].content#0"", ""source_excerpt"": ""经三级化粪池预处理后排入杏坛污水处理厂处理，尾水排入顺德支流。广东省地方标准《水污染物排放限值》（DB44/26-2001）第二时段三级标准""}], ""checks"": [{""check_name"": ""排放路径各章节一致性"", ""result"": ""pass"", ""explanation"": ""规划相符性分析、工程分析、影响分析、监督检查清单均一致表述：生活污水→三级化粪池→杏坛污水处理厂→顺德支流，无矛盾。""}, {""check_name"": ""尾水标准数值与较严值逻辑"", ""result"": ""pass"", ""explanation"": ""表3-4尾水限值CODCr=40、BOD5=10、SS=10、NH3-N=5，为GB18918-2002一级A与DB44/26-2001第二时段一级标准逐项取严的结果，逻辑自洽。""}, {""check_name"": ""冷却水回用标准引用"", ""result"": ""pass"", ""explanation"": ""冷却水经静置沉淀后执行GB/T18920-2020冲厕限值用于如厕冲水，各章节表述一致。""}], ""calculations"": [], ""issues"": []}, ""external_validation_result"": {""status"": ""verified"", ""conclusion"": ""冻结RAG中DB44/26-2001第4.1.2.5条明确排入建成运行的城镇二级污水处理厂的污水执行三级标准，与报告选取第二时段三级标准一致；GB18918-2002确认存在一级A分级；GB/T18920-2020确认冲厕用途水质标准存在。报告标准选取框架合理。"", ""references_used"": [{""reference_id"": ""WATER_DB44_26_2001_P0023"", ""title"": ""水污染物排放限值 DB44/26-2001"", ""clause_or_table"": ""4.1.2.5"", ""supporting_text"": ""排入建成运行的城镇二级污水处理厂的污水执行三级标准。""}, {""reference_id"": ""WATER_GB18918_2002_P0011"", ""title"": ""城镇污水处理厂污染物排放标准 GB 18918-2002"", ""clause_or_table"": ""4.1.2"", ""supporting_text"": ""根据城镇污水处理厂排入地表水域环境功能和保护目标，以及污水处理厂的处理工艺，将基本控制项目的常规污染物标准值分为一级标准、二级标准、三级标准。一级标准分为 A标准和 B 标准。""}], ""missing_references"": []}, ""final_answer"": {""judgement"": ""正确"", ""analysis"": ""报告内部各章节对废水路径表述完全一致：生活污水经三级化粪池预处理达DB44/26-2001第二时段三级标准后排入杏坛污水处理厂，尾水排入顺德支流，执行GB18918-2002一级A与DB44/26-2001第二时段一级标准较严值。外部核验：DB44/26-2001第4.1.2.5条确认排入城镇二级污水处理厂执行三级标准，报告选取正确；GB18918-2002确认一级A分级存在；尾水数值为两标准逐项取严结果，逻辑自洽。冷却水回用执行GB/T18920-2020冲厕限值，标准适用。"", ""scope_note"": ""冻结RAG未提供GB18918-2002一级A和DB44/26-2001第二时段一级标准的具体数值表，尾水限值的逐项数值核验基于报告内部逻辑自洽性判断。""}, ""answer_mode"": ""full_validation"", ""safety_flags"": {""used_unprovided_external_knowledge"": false, ""whole_task_abstention"": false, ""report_evidence_hallucination_risk"": false, ""manual_review_needed"": false}}"
PL006_EnvQuality_Q01,C,PL006,佛山市顺德区乐鲸科技有限公司年产五金拉手300万个新建项目,环境质量数据引用,请根据报告引用的环境质量公报及现状数据，判断大气和地表水环境质量现状数据引用是否准确。,PL006_佛山市顺德区乐鲸科技有限公司年产五金拉手300万个新建项目.json,05_review-eia-environmental-quality-data,qwen3.8-max,pass,报告内部大气和地表水环境质量数据引用在年份、数值、占标率计算、达标判定和结论方面均自洽一致，未发现内部矛盾。,not_performed,未提供《2022年度佛山市顺德区环境质量状况公报》原文，无法核验报告数值与官方公报是否一致。,部分完成,报告内部审核通过：大气表3-1六项污染物占标率计算均正确，O3为唯一超标因子，不达标区判定与数据一致；地表水引用同一公报，排水去向（杏坛污水处理厂→顺德支流）与水体功能（Ⅲ类）及达标结论一致，各章节引用无矛盾。因未提供公报原文，外部真实性核验未执行。,外部核验需补充《2022年度佛山市顺德区环境质量状况公报》（佛顺环函〔2023〕26号）原文，重点核对大气六项数值及顺德支流对应断面水质类别。,partial_internal,False,False,False,True,N/A,,,59d59dc23946a81432e6fa98ce69fa4d2843829d9354d0d29e072323f77581ff,543f12e82c1b1ab4c2565fa2b889f0a941cadef1116ee9034f171db3e67407cf,,4bb7136deb7704334d10eab6b1c3bf4360a59bda67004f891238a611eb230a74,e453881e1118dab4f96199d6c732ddd2a7486c1b3afd4b0f9ed82f31a5ded68e,resp_77b4bf53-2210-43d8-a1b4-3924633ed06c,0,True,"{""question_id"": ""PL006_EnvQuality_Q01"", ""group"": ""C"", ""project_id"": ""PL006"", ""source_json"": ""PL006_佛山市顺德区乐鲸科技有限公司年产五金拉手300万个新建项目.json"", ""skill_id"": ""review-eia-environmental-quality-data"", ""audit_category"": ""环境质量数据引用"", ""report_internal_result"": {""status"": ""pass"", ""conclusion"": ""报告内部大气和地表水环境质量数据引用在年份、数值、占标率计算、达标判定和结论方面均自洽一致，未发现内部矛盾。"", ""evidence"": [{""fact"": ""大气数据引用《2022年度佛山市顺德区环境质量状况公报》，表3-1中O3占标率118.7%为唯一超标项，结论判定为不达标区"", ""source_location"": ""root[3].content#0"", ""source_excerpt"": ""O3（ug/m3）90百分位数最大8小时平均质量浓度190160118.7不达标""}, {""fact"": ""地表水引用同一公报（佛顺环函〔2023〕26号），结论为顺德支流满足Ⅲ类水功能要求"", ""source_location"": ""root[3].content#0"", ""source_excerpt"": ""项目纳污水体顺德支流的水质满足《地表水环境质量标准》（GB3838-2002）之Ⅲ类水功能要求，水质良好。""}], ""checks"": [{""check_name"": ""大气占标率计算复核"", ""result"": ""pass"", ""explanation"": ""SO2:5/60=8.3%、NO2:29/40=72.5%、PM10:32/70=45.7%、PM2.5:19/35=54.3%、CO:1.1/4=27.5%、O3:190/160=118.7%，均与表格一致。""}, {""check_name"": ""达标区判定与数据一致性"", ""result"": ""pass"", ""explanation"": ""仅O3超标，报告判定为不达标区，与HJ2.2-2018规定一致；正文多处（三线一单分析、环境质量底线）均引用同一结论，无矛盾。""}, {""check_name"": ""地表水对象与结论一致性"", ""result"": ""pass"", ""explanation"": ""排水去向为杏坛污水处理厂→顺德支流，公报称顺德区5个断面均达标、优良率100%，报告据此判定顺德支流满足Ⅲ类要求，逻辑自洽。""}], ""calculations"": [{""formula"": ""O3占标率 = 现状浓度/标准值×100%"", ""inputs"": {""现状浓度"": 190, ""标准值"": 160}, ""result"": ""118.75≈118.7"", ""unit"": ""%""}, {""formula"": ""NO2占标率 = 29/40×100%"", ""inputs"": {""现状浓度"": 29, ""标准值"": 40}, ""result"": ""72.5"", ""unit"": ""%""}], ""issues"": []}, ""external_validation_result"": {""status"": ""not_performed"", ""conclusion"": ""未提供《2022年度佛山市顺德区环境质量状况公报》原文，无法核验报告数值与官方公报是否一致。"", ""references_used"": [], ""missing_references"": [{""title"": ""《2022年度佛山市顺德区环境质量状况公报》"", ""needed_items"": [""大气六项污染物年均浓度及百分位浓度"", ""顺德区主河道各断面水质类别及达标情况""]}]}, ""final_answer"": {""judgement"": ""部分完成"", ""analysis"": ""报告内部审核通过：大气表3-1六项污染物占标率计算均正确，O3为唯一超标因子，不达标区判定与数据一致；地表水引用同一公报，排水去向（杏坛污水处理厂→顺德支流）与水体功能（Ⅲ类）及达标结论一致，各章节引用无矛盾。因未提供公报原文，外部真实性核验未执行。"", ""scope_note"": ""外部核验需补充《2022年度佛山市顺德区环境质量状况公报》（佛顺环函〔2023〕26号）原文，重点核对大气六项数值及顺德支流对应断面水质类别。""}, ""answer_mode"": ""partial_internal"", ""safety_flags"": {""used_unprovided_external_knowledge"": false, ""whole_task_abstention"": false, ""report_evidence_hallucination_risk"": false, ""manual_review_needed"": false}}"
PL006_EnvQuality_Q01,D,PL006,佛山市顺德区乐鲸科技有限公司年产五金拉手300万个新建项目,环境质量数据引用,请根据报告引用的环境质量公报及现状数据，判断大气和地表水环境质量现状数据引用是否准确。,PL006_佛山市顺德区乐鲸科技有限公司年产五金拉手300万个新建项目.json,05_review-eia-environmental-quality-data,qwen3.8-max,issue_found,大气和地表水数值、占标率、达标判定内部一致；但公报名称和文号存在笔误。,verified,冻结RAG确认2022年公报数据与报告引用数值一致（大气六项指标及地表水断面达标情况均吻合），但公报名称和文号存在两处笔误。,存在问题,报告引用的大气六项污染物数值、占标率及达标判定与冻结RAG中2022年公报原文一致；地表水断面达标结论亦与公报吻合。但存在两处引用笔误：①公报名称应为'生态环境状况公报'而非'环境质量状况公报'；②文号应为'佛环顺函〔2023〕26号'而非'佛顺环函〔2023〕26号'。数据实质内容正确，属标题和文号引用笔误。,外部核验基于冻结RAG中2022年度顺德区生态环境状况公报原文完成。,full_validation,False,False,False,True,False,,rag_support_not_exact,59d59dc23946a81432e6fa98ce69fa4d2843829d9354d0d29e072323f77581ff,543f12e82c1b1ab4c2565fa2b889f0a941cadef1116ee9034f171db3e67407cf,c45366b7a6ff096f6437fcd82a9df8f3cebcf6604efd82953bb0ebbd648e6907,564e5489c2b1cfd6b907f9509787b06d93d4fd3c171929e49497365377c1a817,af1ab29cc34794bee5e8036b16304bc6a2012342ffd2b3d329c61a33baa82a3c,resp_4c371488-33f5-4c1f-adbd-d8da65263bae,0,True,"{""question_id"": ""PL006_EnvQuality_Q01"", ""group"": ""D"", ""project_id"": ""PL006"", ""source_json"": ""PL006_佛山市顺德区乐鲸科技有限公司年产五金拉手300万个新建项目.json"", ""skill_id"": ""review-eia-environmental-quality-data"", ""audit_category"": ""环境质量数据引用"", ""report_internal_result"": {""status"": ""issue_found"", ""conclusion"": ""大气和地表水数值、占标率、达标判定内部一致；但公报名称和文号存在笔误。"", ""evidence"": [{""fact"": ""报告引用公报名称为《2022年度佛山市顺德区环境质量状况公报》，文号为佛顺环函〔2023〕26号"", ""source_location"": ""root[3].content#0"", ""source_excerpt"": ""参照《佛山市生态环境局顺德分局关于发布2022年度佛山市顺德区环境质量状况公报的通知》（佛顺环函〔2023〕26号）""}, {""fact"": ""表3-1中O3占标率118.7%，判定不达标，其余五项达标，结论为不达标区"", ""source_location"": ""root[3].content#0"", ""source_excerpt"": ""O3（ug/m3）90百分位数最大8小时平均质量浓度190160118.7不达标""}], ""checks"": [{""check_name"": ""大气占标率复算"", ""result"": ""pass"", ""explanation"": ""SO2:5/60=8.3%、NO2:29/40=72.5%、PM10:32/70=45.7%、PM2.5:19/35=54.3%、CO:1.1/4=27.5%、O3:190/160=118.75%≈118.7%，均与表格一致""}, {""check_name"": ""地表水结论与引用数据一致性"", ""result"": ""pass"", ""explanation"": ""报告称顺德支流满足Ⅲ类标准，引用公报称5个断面均达标、优良率100%，逻辑自洽""}, {""check_name"": ""公报名称与文号准确性"", ""result"": ""fail"", ""explanation"": ""报告写'佛顺环函'，冻结RAG显示正式文号为'佛环顺函'；报告写'环境质量状况公报'，RAG显示正式名称为'生态环境状况公报'""}], ""calculations"": [{""formula"": ""O3占标率=现状浓度/标准值×100%"", ""inputs"": {""现状浓度"": 190, ""标准值"": 160}, ""result"": ""118.75"", ""unit"": ""%""}], ""issues"": [""公报名称笔误：报告写'环境质量状况公报'，正式名称为'生态环境状况公报'"", ""文号笔误：报告写'佛顺环函〔2023〕26号'，正式文号为'佛环顺函〔2023〕26号'""]}, ""external_validation_result"": {""status"": ""verified"", ""conclusion"": ""冻结RAG确认2022年公报数据与报告引用数值一致（大气六项指标及地表水断面达标情况均吻合），但公报名称和文号存在两处笔误。"", ""references_used"": [{""reference_id"": ""ENV_SHUNDE_2022_P0001"", ""title"": ""2022年度佛山市顺德区生态环境状况公报"", ""clause_or_table"": ""通知文号及标题"", ""supporting_text"": ""佛山市生态环境局顺德分局关于发布 2022 年度佛山市顺德区生态环境状况公报的通知""}, {""reference_id"": ""ENV_SHUNDE_2022_P0028"", ""title"": ""2022年度佛山市顺德区生态环境状况公报"", ""clause_or_table"": ""大气环境质量"", ""supporting_text"": ""2022 年顺德区二氧化硫（SO2）、二氧化氮（NO2）、可吸入颗粒物（PM10）、细颗粒物（PM2.5）、一氧化碳（CO）五项污染物年评价浓度均达到二级标准，臭氧（O3）超标。""}], ""missing_references"": []}, ""final_answer"": {""judgement"": ""存在问题"", ""analysis"": ""报告引用的大气六项污染物数值、占标率及达标判定与冻结RAG中2022年公报原文一致；地表水断面达标结论亦与公报吻合。但存在两处引用笔误：①公报名称应为'生态环境状况公报'而非'环境质量状况公报'；②文号应为'佛环顺函〔2023〕26号'而非'佛顺环函〔2023〕26号'。数据实质内容正确，属标题和文号引用笔误。"", ""scope_note"": ""外部核验基于冻结RAG中2022年度顺德区生态环境状况公报原文完成。""}, ""answer_mode"": ""full_validation"", ""safety_flags"": {""used_unprovided_external_knowledge"": false, ""whole_task_abstention"": false, ""report_evidence_hallucination_risk"": false, ""manual_review_needed"": false}}"
