序号与项目,检查点,原文关键词,解析关键词,原文短证据,解析短证据,Codex预检,人工结论,人工意见
001_佛山市亮正新材料有限公司新建项目_01_核查材料,项目基本情况,建设项目名称、建设地点、总投资,建设项目名称、建设地点、总投资,控单元图 一、建设项目基本情况 建设项目名称 | 佛山市亮正新材料有限公司新建项目 项目代码 | 无 建设单位联系人 | 伍锡显 | 联系方式 | 13,元图 一、建设项目基本情况 | 建设项目名称 | | 佛山市亮正新材料有限公司新建项目 | | 项目代码 | | 无 | | 建设单位联系人 | | 伍,关键词已对应，待人工核验数值与字段归属,,
001_佛山市亮正新材料有限公司新建项目_01_核查材料,产品与产量,主要产品、产品名称、年产,主要产品、产品名称、年产,200m2，主要从事纸制品制造，年产保护纸400万米、保护膜200万米。根据《建设项目环境影响评价分类管理名录（2021年版）》，本次项目属于“十九、造,200m2，主要从事纸制品制造，年产保护纸400万米、保护膜200万米。根据《建设项目环境影响评价分类管理名录（2021年版）》，本次项目属于“十九、造,关键词已对应，待人工核验数值与字段归属,,
001_佛山市亮正新材料有限公司新建项目_01_核查材料,原辅材料,主要原辅材料、原辅材料,主要原辅材料、原辅材料,目建成后通过内部管理、设备选择、原辅材料的选用和管理、废物回收利用、污染治理等方面采取可行的防治措施，以“节能、降耗、减污”为目标，有效的控制污染。项目,目建成后通过内部管理、设备选择、原辅材料的选用和管理、废物回收利用、污染治理等方面采取可行的防治措施，以“节能、降耗、减污”为目标，有效的控制污染。项目,关键词已对应，待人工核验数值与字段归属,,
001_佛山市亮正新材料有限公司新建项目_01_核查材料,生产设备,设备名称、生产设施,设备名称、生产设施,11）第II时段排放限值；车间或生产设施排气中NMHC初始排放速率≥3kg/h时，建设末端治污设施且处理效率≥80%；b）厂区内无组织排放监控点NMHC,11）第II时段排放限值；车间或生产设施排气中NMHC初始排放速率≥3kg/h时，建设末端治污设施且处理效率≥80%；b）厂区内无组织排放监控点NMHC,关键词已对应，待人工核验数值与字段归属,,
001_佛山市亮正新材料有限公司新建项目_01_核查材料,工艺与产污,工艺流程、生产工艺、产污环节,工艺流程、生产工艺、产污环节,代，加快涉 VOCs 重点行业的生产工艺升级改造，推行自动化生产工艺，对达不到要求的VOCs收集及治理设施进行整治提升，逐步淘汰低效 VOCs 治理设施,代，加快涉 VOCs 重点行业的生产工艺升级改造，推行自动化生产工艺，对达不到要求的VOCs收集及治理设施进行整治提升，逐步淘汰低效 VOCs 治理设施,关键词已对应，待人工核验数值与字段归属,,
001_佛山市亮正新材料有限公司新建项目_01_核查材料,源强与定量核算,产生量、排放量、收集效率,产生量、排放量、收集效率,中，应采取废气收集措施，提高废气收集效率，减少废气的无组织排放与逸散。胶水调配、上胶、印刷废气经包围型集气罩收集后和经密闭收集的复合、熟化废气一同通过“,中，应采取废气收集措施，提高废气收集效率，减少废气的无组织排放与逸散。胶水调配、上胶、印刷废气经包围型集气罩收集后和经密闭收集的复合、熟化废气一同通过“,关键词已对应，待人工核验数值与字段归属,,
001_佛山市亮正新材料有限公司新建项目_01_核查材料,废气治理,废气治理、废气收集、活性炭,废气治理、废气收集、活性炭,复合、熟化的有机废气一同经“二级活性炭吸附装置”处理，尾气通过15m高的G1排气筒排放，对周边环境影响较小；生活污水经独立的生活污水处理设施处理达标后，,复合、熟化的有机废气一同经“二级活性炭吸附装置”处理，尾气通过15m高的G1排气筒排放，对周边环境影响较小；生活污水经独立的生活污水处理设施处理达标后，,关键词已对应，待人工核验数值与字段归属,,
001_佛山市亮正新材料有限公司新建项目_01_核查材料,固废与危险废物,危险废物、固体废物、危废暂存,危险废物、固体废物、危废暂存,筒G2高空排放。用于收集燃烧废气危废暂存间1个，面积为5m2用于危险废物暂存一般固废暂存间1个，面积为5m2用于一般固废暂存2、主要产品及产能项目变更前,筒G2高空排放。用于收集燃烧废气危废暂存间1个，面积为5m2用于危险废物暂存一般固废暂存间1个，面积为5m2用于一般固废暂存2、主要产品及产能项目变更前,关键词已对应，待人工核验数值与字段归属,,
001_佛山市亮正新材料有限公司新建项目_01_核查材料,总量与执行标准,总量控制、总量指标、执行标准,总量控制、总量指标、执行标准,管理台账，严格核定VOCs可替代总量指标，重点核查用作替代的削减量是否为企业达标排放后采取治理措施的削减量、或淘汰关停后的削减量，是否有削减量重复使用等,管理台账，严格核定VOCs可替代总量指标，重点核查用作替代的削减量是否为企业达标排放后采取治理措施的削减量、或淘汰关停后的削减量，是否有削减量重复使用等,关键词已对应，待人工核验数值与字段归属,,
001_佛山市亮正新材料有限公司新建项目_01_核查材料,监督检查清单,环境保护措施监督检查清单、监督检查清单,环境保护措施监督检查清单、监督检查清单,要环境影响和保护措施 33 五、环境保护措施监督检查清单 64 六、结论 67 附件1：项目营业执照 附件2：法人身份证 附件3：土地租赁合同 附件4：,主要环境影响和保护措施33 五、环境保护措施监督检查清单64 六、结论67 附件1：项目营业执照 附件2：法人身份证 附件3：土地租赁合同 附件4：宗地,关键词已对应，待人工核验数值与字段归属,,
002_佛山市顺德区启卓工程塑料实业有限公司搬迁项目_01_核查材料,项目基本情况,建设项目名称、建设地点、总投资,建设项目名称、建设地点、总投资,后通告》 一、建设项目基本情况 建设项目名称 | 佛山市顺德区启卓工程塑料实业有限公司搬迁项目 项目代码 | 无 建设单位联系人 | 何培图 | 联系方,告》 一、建设项目基本情况 | 建设项目名称 | | 佛山市顺德区启卓工程塑料实业有限公司搬迁项目 | | 项目代码 | | 无 | | 建设单位联系人,关键词已对应，待人工核验数值与字段归属,,
002_佛山市顺德区启卓工程塑料实业有限公司搬迁项目_01_核查材料,产品与产量,主要产品、年产,主要产品、年产,m2，主要从事废旧塑料粒的生产，年产废旧塑料粒（PE、PP）1500吨，已于2005年已取得环保批准证（编号：20051004）。于2016年变更法人及,m2，主要从事废旧塑料粒的生产，年产废旧塑料粒（PE、PP）1500吨，已于2005年已取得环保批准证（编号：20051004）。 于2016年变更法人,关键词已对应，待人工核验数值与字段归属,,
002_佛山市顺德区启卓工程塑料实业有限公司搬迁项目_01_核查材料,原辅材料,主要原辅材料、原辅材料,主要原辅材料、原辅材料,限制新建生产和使用高挥发性有机物原辅材料的项目，鼓励建设挥发性有机物共性工厂。本项目使用的VOCs原材料为塑料新粒料（PP、PC、PA、PPT、PET）,限制新建生产和使用高挥发性有机物原辅材料的项目，鼓励建设挥发性有机物共性工厂。本项目使用的VOCs原材料为塑料新粒料（PP、PC、PA、PPT、PET）,关键词已对应，待人工核验数值与字段归属,,
002_佛山市顺德区启卓工程塑料实业有限公司搬迁项目_01_核查材料,生产设备,设备名称、生产设施,设备名称、生产设施,、注塑、排放恶臭气味的生产工艺和生产设施。本项目500m范围内无环境敏感点。符合10.结合《顺德区高质量推动村级工业园升级改造总体规划》，推进区域村级工,、注塑、排放恶臭气味的生产工艺和生产设施。本项目500m范围内无环境敏感点。符合10.结合《顺德区高质量推动村级工业园升级改造总体规划》，推进区域村级工,关键词已对应，待人工核验数值与字段归属,,
002_佛山市顺德区启卓工程塑料实业有限公司搬迁项目_01_核查材料,工艺与产污,工艺流程、生产工艺、产污环节,工艺流程、生产工艺、产污环节,酸洗、涂装、注塑、排放恶臭气味的生产工艺和生产设施。本项目500m范围内无环境敏感点。符合10.结合《顺德区高质量推动村级工业园升级改造总体规划》，推进,酸洗、涂装、注塑、排放恶臭气味的生产工艺和生产设施。本项目500m范围内无环境敏感点。符合10.结合《顺德区高质量推动村级工业园升级改造总体规划》，推进,关键词已对应，待人工核验数值与字段归属,,
002_佛山市顺德区启卓工程塑料实业有限公司搬迁项目_01_核查材料,源强与定量核算,污染源强、产生量、排放量,污染源强、产生量、排放量,废水处理需求的区域，不应引入废水排放量较大的项目。扩区南片区在纳污水体水质稳定达标前，应合理控制涉水排放企业规模，优先引入无生产废水或生产废水排放量较小,废水处理需求的区域，不应引入废水排放量较大的项目。扩区南片区在纳污水体水质稳定达标前，应合理控制涉水排放企业规模，优先引入无生产废水或生产废水排放量较小,关键词已对应，待人工核验数值与字段归属,,
002_佛山市顺德区启卓工程塑料实业有限公司搬迁项目_01_核查材料,废气治理,废气治理、废气收集、活性炭,废气治理、废气收集、活性炭,控制要求，以及VOCs无组织排放废气收集处理系统要求执行《挥发性有机物无组织排放控制标准》（GB37822-2019）要求，厂区内VOCs无组织排放监控,控制要求，以及VOCs无组织排放废气收集处理系统要求执行《挥发性有机物无组织排放控制标准》（GB37822-2019）要求，厂区内VOCs无组织排放监控,关键词已对应，待人工核验数值与字段归属,,
002_佛山市顺德区启卓工程塑料实业有限公司搬迁项目_01_核查材料,固废与危险废物,危险废物、固体废物、危废暂存,危险废物、固体废物、危废暂存,废处理方式资质佐证材料。项目建立危险废物台账，定期将废机油、含油废抹布、废含油桶罐、废活性炭等危险废物交给有资质的单位处理，整理危废处理合同、转移联单等,废处理方式资质佐证材料。项目建立危险废物台账，定期将废机油、含油废抹布、废含油桶罐、废活性炭等危险废物交给有资质的单位处理，整理危废处理合同、转移联单等,关键词已对应，待人工核验数值与字段归属,,
002_佛山市顺德区启卓工程塑料实业有限公司搬迁项目_01_核查材料,总量与执行标准,总量控制、总量指标、执行标准,总量控制、总量指标、执行标准,、氮氧化物及挥发性有机物等）实施总量控制；上年度重点河涌水质未达到水环境质量目标的管控分区所在镇（街道），须组织编制、系统实施、向社会公开区域重点水污染,、氮氧化物及挥发性有机物等）实施总量控制；上年度重点河涌水质未达到水环境质量目标的管控分区所在镇（街道），须组织编制、系统实施、向社会公开区域重点水污染,关键词已对应，待人工核验数值与字段归属,,
002_佛山市顺德区启卓工程塑料实业有限公司搬迁项目_01_核查材料,监督检查清单,环境保护措施监督检查清单、监督检查清单,环境保护措施监督检查清单、监督检查清单,要环境影响和保护措施 49 五、环境保护措施监督检查清单 76 六、结论 78 附件1：项目营业执照 附件2：法人身份证 附件3：原环评批准证 附件4：,主要环境影响和保护措施49 五、环境保护措施监督检查清单76 六、结论78 附件1：项目营业执照 附件2：法人身份证 附件3：原环评批准证 附件4：原项,关键词已对应，待人工核验数值与字段归属,,
003_佛山市顺德区康明新材料厂新建项目_01_核查材料,项目基本情况,建设项目名称、建设地点、总投资,建设项目名称、建设地点、总投资,环境部制 一、建设项目基本情况 建设项目名称 | 佛山市顺德区康明新材料厂新建项目 项目代码 | 无 建设单位联系人 | 周颖欣 | 联系方式 | 13,环境部制 一、建设项目基本情况 建设项目名称 佛山市顺德区康明新材料厂新建项目 项目代码 无 建设单位联系人 周颖欣 联系方式 13726674903 ,关键词已对应，待人工核验数值与字段归属,,
003_佛山市顺德区康明新材料厂新建项目_01_核查材料,产品与产量,产品方案、主要产品、产品名称,产品方案、主要产品、产品名称,0m2，从事塑料薄膜的加工生产，年产塑料薄膜242.368吨，主要用作保护膜用途。现申请办理相关环保手续。表2-1 项目所属行业分析表行业类别类别项目情,0m2，从事塑料薄膜的加工生产，年产塑料薄膜242.368吨，主要用作保护膜用途。现申请办理相关环保手续。表2-1 项目所属行业分析表行业类别类别项目情,关键词已对应，待人工核验数值与字段归属,,
003_佛山市顺德区康明新材料厂新建项目_01_核查材料,原辅材料,主要原辅材料、原辅材料、原料名称,主要原辅材料、原辅材料、原料名称,、清洗剂、胶黏剂等高挥发性有机物原辅材料的项目；鼓励现有该类项目逐步搬迁退出。本项目主要从事塑料薄膜的加工生产，不属于文件中提及的严格限制类项目；项目不,、清洗剂、胶黏剂等高挥发性有机物原辅材料的项目； 鼓励现有该类项目逐步搬迁退出。 本项目主要从事塑料薄膜的加工生产，不属于文件中提及的严格限制类项目； ,关键词已对应，待人工核验数值与字段归属,,
003_佛山市顺德区康明新材料厂新建项目_01_核查材料,生产设备,主要生产设备、设备名称、生产设施,主要生产设备、设备名称、生产设施,）第 II 时段排放限值；车间或生产设施排气中 NMHC 初始排放速率≥3kg/h 时，建设末端治污设施且处理效率≥80%；b）厂区内无组织排 放监控点,第 II 时段排放限值； 车间或生产设施排气中 NMHC 初始排放速率≥3kg/h 时，建设末端治污设施且处理效率≥80%； b）厂区内无组织排 放监控,关键词已对应，待人工核验数值与字段归属,,
003_佛山市顺德区康明新材料厂新建项目_01_核查材料,工艺与产污,工艺流程、生产工艺、产污环节,工艺流程、生产工艺、产污环节,料替代，加快涉VOCs重点行业的生产工艺升级改造，推行自动化生产工艺，对达不到要求的VOCs收集及治理设施进行整治提升，逐步淘汰低效VOCs治理设施。 ,料替代，加快涉VOCs重点行业的生产工艺升级改造，推行自动化生产工艺，对达不到要求的VOCs收集及治理设施进行整治提升，逐步淘汰低效VOCs治理设施。 ,关键词已对应，待人工核验数值与字段归属,,
003_佛山市顺德区康明新材料厂新建项目_01_核查材料,源强与定量核算,污染源强、产生量、排放量,污染源强、产生量、排放量,、市生态环境主管部门对VOCs 排放量大于300 公斤/年的新、改、扩建项目，进行总量替代，按照附表1 填报VOCs指标来源说明。其他排放量规模需要总量,、市生态环境主管部门对VOCs 排放量大于300 公斤/年的新、改、扩建项目，进行总量替代，按照附表1 填报VOCs指标来源说明。 其他排放量规模需要总,关键词已对应，待人工核验数值与字段归属,,
003_佛山市顺德区康明新材料厂新建项目_01_核查材料,废气治理,废气治理、废气收集、活性炭,废气治理、废气收集、活性炭,涂布工序产生的废气经收集利用二级活性炭吸附装置处理后通过15m排气筒高空排放，通过废气收集和处理措施能减少项目挥发性有机物的无组织排放；生活污水预处理达,涂布工序产生的废气经收集利用二级活性炭吸附装置处理后通过15m排气筒高空排放，通过废气收集和处理措施能减少项目挥发性有机物的无组织排放； 生活污水预处理,关键词已对应，待人工核验数值与字段归属,,
003_佛山市顺德区康明新材料厂新建项目_01_核查材料,固废与危险废物,危险废物、固体废物、危废暂存,危险废物、固体废物、危废暂存,区环境风险防控区域。本项目产生的危险废物拟定期委托有资质的处置公司进行收集处理，并通过信息系统登记转移计划和电子转移联单，符合危险废物全过程跟踪管理的防,环境风险防控区域。 本项目产生的危险废物拟定期委托有资质的处置公司进行收集处理，并通过信息系统登记转移计划和电子转移联单，符合危险废物全过程跟踪管理的防,关键词已对应，待人工核验数值与字段归属,,
003_佛山市顺德区康明新材料厂新建项目_01_核查材料,总量与执行标准,总量控制、总量指标、执行标准,总量控制、总量指标、执行标准,砖厂农村生活污水处理站处理。项目总量指标由佛山市生态环境局顺德分局分配，符合污染物排放管控要求。4）环境风险防控要求项目不属于石化、化工重点园区环境风险,厂农村生活污水处理站处理。 项目总量指标由佛山市生态环境局顺德分局分配，符合污染物排放管控要求。 4）环境风险防控要求项目不属于石化、化工重点园区环境风,关键词已对应，待人工核验数值与字段归属,,
003_佛山市顺德区康明新材料厂新建项目_01_核查材料,监督检查清单,环境保护措施监督检查清单、监督检查清单,环境保护措施监督检查清单、监督检查清单,不需开展电磁辐射影响评价。 五、环境保护措施监督检查清单 内容要素 | 排放口（编号、名称）/污染源 | 污染物项目 | 环境保护措施 | 执行标准 大,成影响 原料堆放区、生产区 五、环境保护措施监督检查清单 | 内容要素 | | 排放口（编号、名称）/污染源 | | 污染物项目 | | 环境保护措施 ,关键词已对应，待人工核验数值与字段归属,,
004_恒励新材料科技(佛山)有限公司新建项目_01_核查材料,项目基本情况,建设项目名称、建设地点、总投资,建设项目名称、建设地点、总投资,批后公告 一、建设项目基本情况 建设项目名称 | 恒励新材料科技(佛山)有限公司新建项目 项目代码 | 无 建设单位联系人 | 伍尚仁 | 联系方式 |,公告 一、建设项目基本情况 | 建设项目名称 | | 恒励新材料科技(佛山)有限公司新建项目 | | 项目代码 | | 无 | | 建设单位联系人 | ,关键词已对应，待人工核验数值与字段归属,,
004_恒励新材料科技(佛山)有限公司新建项目_01_核查材料,产品与产量,主要产品、年产,主要产品、年产,性SEBS塑料的生产，预计投产后年产改性SEBS塑料720吨。根据《建设项目环境影响评价分类管理名录（2021年版）》，本次项目属于“二十六、橡胶和塑料,性SEBS塑料的生产，预计投产后年产改性SEBS塑料720吨。根据《建设项目环境影响评价分类管理名录（2021年版）》，本次项目属于“二十六、橡胶和塑料,关键词已对应，待人工核验数值与字段归属,,
004_恒励新材料科技(佛山)有限公司新建项目_01_核查材料,原辅材料,主要原辅材料、原辅材料,主要原辅材料、原辅材料,限制新建生产和使用高挥发性有机物原辅材料的项目，鼓励建设挥发性有机物共性工厂。 本项目使用塑料原辅材料均为新料，不涉及废旧塑料。符合 8、工业企业禁止选,限制新建生产和使用高挥发性有机物原辅材料的项目，鼓励建设挥发性有机物共性工厂。本项目使用塑料原辅材料均为新料，不涉及废旧塑料。符合8、工业企业禁止选址城,关键词已对应，待人工核验数值与字段归属,,
004_恒励新材料科技(佛山)有限公司新建项目_01_核查材料,生产设备,设备名称、生产设施,设备名称、生产设施,、注塑、排放恶臭气味的生产工艺和生产设施。 本项目50m及100m内均无规划居住区、学校、医院等敏感用地；且不涉及“高污染、高环境风险”产品类别。符合 ,、注塑、排放恶臭气味的生产工艺和生产设施。本项目50m及100m内均无规划居住区、学校、医院等敏感用地；且不涉及“高污染、高环境风险”产品类别。符合10,关键词已对应，待人工核验数值与字段归属,,
004_恒励新材料科技(佛山)有限公司新建项目_01_核查材料,工艺与产污,工艺流程、生产工艺、产污环节,工艺流程、生产工艺、产污环节,酸洗、涂装、注塑、排放恶臭气味的生产工艺和生产设施。 本项目50m及100m内均无规划居住区、学校、医院等敏感用地；且不涉及“高污染、高环境风险”产品类,酸洗、涂装、注塑、排放恶臭气味的生产工艺和生产设施。本项目50m及100m内均无规划居住区、学校、医院等敏感用地；且不涉及“高污染、高环境风险”产品类别,关键词已对应，待人工核验数值与字段归属,,
004_恒励新材料科技(佛山)有限公司新建项目_01_核查材料,源强与定量核算,产生量、排放量、收集效率,产生量、排放量、收集效率,废水处理需求的区域，不应引入废水排放量较大的项目。扩区南片区在纳污水体水质稳定达标前，应合理控制涉水排放企业规模，优先引入无生产废水或生产废水排放量较小,废水处理需求的区域，不应引入废水排放量较大的项目。扩区南片区在纳污水体水质稳定达标前，应合理控制涉水排放企业规模，优先引入无生产废水或生产废水排放量较小,关键词已对应，待人工核验数值与字段归属,,
004_恒励新材料科技(佛山)有限公司新建项目_01_核查材料,废气治理,废气治理、废气收集、活性炭,废气治理、废气收集、活性炭,要求，以及 VOCs 无组织排放废气收集处理系统要求执行《挥发性有机物无组织排放控制标准》(GB37822-2019)要求，厂区内VOCs无组织排放监控,要求，以及 VOCs 无组织排放废气收集处理系统要求执行《挥发性有机物无组织排放控制标准》(GB37822-2019)要求，厂区内VOCs无组织排放监控,关键词已对应，待人工核验数值与字段归属,,
004_恒励新材料科技(佛山)有限公司新建项目_01_核查材料,固废与危险废物,危险废物、固体废物、危废暂存,危险废物、固体废物、危废暂存,废处理方式资质佐证材料。项目建立危险废物台账，定期将废机油、含油废抹布、废含油桶罐、废活性炭等危险废物交给有资质的单位处理，整理危废处理合同、转移联单等,处理方式资质佐证材料。 项目建立危险废物台账，定期将废机油、含油废抹布、废含油桶罐、废活性炭等危险废物交给有资质的单位处理，整理危废处理合同、转移联单等,关键词已对应，待人工核验数值与字段归属,,
004_恒励新材料科技(佛山)有限公司新建项目_01_核查材料,总量与执行标准,总量控制、总量指标、执行标准,总量控制、总量指标、执行标准,、氮氧化物及挥发性有机物等)实施总量控制；上年度重点河涌水质未达到水环境质量目标的管控分区所在镇(街道)，须组织编制、系统实施、向社会公开区域重点水污染,、氮氧化物及挥发性有机物等)实施总量控制；上年度重点河涌水质未达到水环境质量目标的管控分区所在镇(街道)，须组织编制、系统实施、向社会公开区域重点水污染,关键词已对应，待人工核验数值与字段归属,,
004_恒励新材料科技(佛山)有限公司新建项目_01_核查材料,监督检查清单,环境保护措施监督检查清单、监督检查清单,环境保护措施监督检查清单、监督检查清单,要环境影响和保护措施 44 五、环境保护措施监督检查清单 71 六、结论 74 附件1：项目营业执照 附件2：法人身份证 附件3：租赁合同及经营场所证明,主要环境影响和保护措施44 五、环境保护措施监督检查清单71 六、结论74 附件1：项目营业执照 附件2：法人身份证 附件3：租赁合同及经营场所证明 附,关键词已对应，待人工核验数值与字段归属,,
005_佛山市润特龙清洁用品有限公司新建项目_01_核查材料,项目基本情况,建设项目名称、建设地点、总投资,建设项目名称、建设地点、总投资,目 录 一、建设项目基本情况 建设项目名称 | 佛山市润特龙清洁用品有限公司新建项目 项目代码 | 无 建设单位联系人 | 倪秋喜 | 联系方式 | 1,目 录 一、建设项目基本情况 建设项目名称 佛山市润特龙清洁用品有限公司新建项目 项目代码 无 建设单位联系人 倪秋喜 联系方式 18988506481,关键词已对应，待人工核验数值与字段归属,,
005_佛山市润特龙清洁用品有限公司新建项目_01_核查材料,产品与产量,产品方案、主要产品、年产,产品方案、主要产品、年产,函〔2020〕16号）》，本项目主要产品不属于一、禁止生产、销售的塑料制品，二、禁止、限制使用的塑料制品。4、与广东省、佛山市、顺德区“三线一单”生态环,函〔2020〕16号）》，本项目主要产品不属于一、禁止生产、销售的塑料制品，二、禁止、限制使用的塑料制品。 4、与广东省、佛山市、顺德区“三线一单”生态,关键词已对应，待人工核验数值与字段归属,,
005_佛山市润特龙清洁用品有限公司新建项目_01_核查材料,原辅材料,主要原辅材料、原辅材料,主要原辅材料、原辅材料,限制新建生产和使用高挥发性有机物原辅材料的项目，鼓励建设挥发性有机物共性工厂。8、工业企业禁止选址城镇生活空间，生产空间禁止建设居民住宅等敏感建筑；园区,限制新建生产和使用高挥发性有机物原辅材料的项目，鼓励建设挥发性有机物共性工厂。 8、工业企业禁止选址城镇生活空间，生产空间禁止建设居民住宅等敏感建筑； ,关键词已对应，待人工核验数值与字段归属,,
005_佛山市润特龙清洁用品有限公司新建项目_01_核查材料,生产设备,设备名称、生产设施、设备一览,设备名称、生产设施、设备一览,、注塑、排放恶臭气味的生产工艺和生产设施。10、结合《顺德区高质量推动村级工业园升级改造总体规划》，推进区域村级工业园改造工作，禁止重复低水平建设。1、,、注塑、排放恶臭气味的生产工艺和生产设施。 10、结合《顺德区高质量推动村级工业园升级改造总体规划》，推进区域村级工业园改造工作，禁止重复低水平建设。 ,关键词已对应，待人工核验数值与字段归属,,
005_佛山市润特龙清洁用品有限公司新建项目_01_核查材料,工艺与产污,工艺流程、生产工艺、产污环节,工艺流程、生产工艺、产污环节,酸洗、涂装、注塑、排放恶臭气味的生产工艺和生产设施。10、结合《顺德区高质量推动村级工业园升级改造总体规划》，推进区域村级工业园改造工作，禁止重复低水平,酸洗、涂装、注塑、排放恶臭气味的生产工艺和生产设施。 10、结合《顺德区高质量推动村级工业园升级改造总体规划》，推进区域村级工业园改造工作，禁止重复低水,关键词已对应，待人工核验数值与字段归属,,
005_佛山市润特龙清洁用品有限公司新建项目_01_核查材料,源强与定量核算,污染源强、产生量、排放量,污染源强、产生量、排放量,废水处理需求的区域，不应引入废水排放量较大的项目。扩区 应控制废水排放量较大企业的引入，引入涉水排放企业的规模应与区域污水处理厂处理能力相匹配，严格控制,废水处理需求的区域，不应引入废水排放量较大的项目。 扩区 应控制废水排放量较大企业的引入，引入涉水排放企业的规模应与区域污水处理厂处理能力相匹配，严格控,关键词已对应，待人工核验数值与字段归属,,
005_佛山市润特龙清洁用品有限公司新建项目_01_核查材料,废气治理,废气治理、废气收集、活性炭,废气治理、废气收集、活性炭,废气集气罩+帘幕收集至一套“二级活性炭吸附”装置处理达标后再通过 15m 高排气筒排放。厂区内VOCs无组织排放监控点浓度符合《固定污染源挥发性有机物综,废气集气罩+帘幕收集至一套“二级活性炭吸附”装置处理达标后再通过 15m 高排气筒排放。 厂区内VOCs无组织排放监控点浓度符合《固定污染源挥发性有机物,关键词已对应，待人工核验数值与字段归属,,
005_佛山市润特龙清洁用品有限公司新建项目_01_核查材料,固废与危险废物,危险废物、固体废物、危废暂存,危险废物、固体废物、危废暂存,境风险防控。项目设置化学品仓库、危险废物暂存间；对于废气处理系统发生故障的情况，应立即停止相关生产环节，避免废气不经处理直接排到大气中，并立即请有关技术,风险防控。 项目设置化学品仓库、危险废物暂存间； 对于废气处理系统发生故障的情况，应立即停止相关生产环节，避免废气不经处理直接排到大气中，并立即请有关技,关键词已对应，待人工核验数值与字段归属,,
005_佛山市润特龙清洁用品有限公司新建项目_01_核查材料,总量与执行标准,总量控制、总量指标、执行标准,总量控制、总量指标、执行标准,、氮氧化物及挥发性有机物等）实施总量控制；上年度重点河涌水质未达到水环境质量目标的管控分区所在镇（街道），须组织编制、系统实施、向社会公开区域重点水污染,、氮氧化物及挥发性有机物等）实施总量控制； 上年度重点河涌水质未达到水环境质量目标的管控分区所在镇（街道），须组织编制、系统实施、向社会公开区域重点水污,关键词已对应，待人工核验数值与字段归属,,
005_佛山市润特龙清洁用品有限公司新建项目_01_核查材料,监督检查清单,环境保护措施监督检查清单、监督检查清单,环境保护措施监督检查清单、监督检查清单,的范围内。8.电磁辐射无。 五、环境保护措施监督检查清单 内容要素 | 排放口(编号、名称)/污染源 | 污染物项目 | 环境保护措施 | 执行标准 大,的定期检查和保养维修。 | 五、环境保护措施监督检查清单 | 内容要素 | | 排放口(编号、名称)/污染源 | | 污染物项目 | | 环境保护措施 ,关键词已对应，待人工核验数值与字段归属,,
006_佛山市顺德区乐鲸科技有限公司年产五金拉手300万个新建项目_01_修改评估意见,项目基本情况,,,,,原文未自动定位，待人工确认,,
006_佛山市顺德区乐鲸科技有限公司年产五金拉手300万个新建项目_01_修改评估意见,产品与产量,,,,,原文未自动定位，待人工确认,,
006_佛山市顺德区乐鲸科技有限公司年产五金拉手300万个新建项目_01_修改评估意见,原辅材料,原辅材料,原辅材料,3、P54，核实废包装桶重量（按原辅材料表核算，项目约产生废包装桶195个）； 4.P39，核实表4-5中无组织排放量。 5.P42，完善非正常工况下的,3、P54，核实废包装桶重量（按原辅材料表核算，项目约产生废包装桶195个）； 4.P39，核实表4-5中无组织排放量。 5.P42，完善非正常工况下的,关键词已对应，待人工核验数值与字段归属,,
006_佛山市顺德区乐鲸科技有限公司年产五金拉手300万个新建项目_01_修改评估意见,生产设备,,,,,原文未自动定位，待人工确认,,
006_佛山市顺德区乐鲸科技有限公司年产五金拉手300万个新建项目_01_修改评估意见,工艺与产污,,,,,原文未自动定位，待人工确认,,
006_佛山市顺德区乐鲸科技有限公司年产五金拉手300万个新建项目_01_修改评估意见,源强与定量核算,排放量,排放量,4.P39，核实表4-5中无组织排放量。 5.P42，完善非正常工况下的达标分析。 6.《B2、建设项目基础信息表》中有内容未更新。,4.P39，核实表4-5中无组织排放量。 5.P42，完善非正常工况下的达标分析。 6.《B2、建设项目基础信息表》中有内容未更新。,关键词已对应，待人工核验数值与字段归属,,
006_佛山市顺德区乐鲸科技有限公司年产五金拉手300万个新建项目_01_修改评估意见,废气治理,,,,,原文未自动定位，待人工确认,,
006_佛山市顺德区乐鲸科技有限公司年产五金拉手300万个新建项目_01_修改评估意见,固废与危险废物,,,,,原文未自动定位，待人工确认,,
006_佛山市顺德区乐鲸科技有限公司年产五金拉手300万个新建项目_01_修改评估意见,总量与执行标准,,,,,原文未自动定位，待人工确认,,
006_佛山市顺德区乐鲸科技有限公司年产五金拉手300万个新建项目_01_修改评估意见,监督检查清单,,,,,原文未自动定位，待人工确认,,
007_广东云晟新材料有限公司年产水性涂料2400吨新建项目_01_修改评估意见,项目基本情况,,,,,原文未自动定位，待人工确认,,
007_广东云晟新材料有限公司年产水性涂料2400吨新建项目_01_修改评估意见,产品与产量,,,,,原文未自动定位，待人工确认,,
007_广东云晟新材料有限公司年产水性涂料2400吨新建项目_01_修改评估意见,原辅材料,原辅材料,原辅材料,3、P54，核实废包装桶重量（按原辅材料表核算，项目约产生废包装桶195个）； 4.P39，核实表4-5中无组织排放量。 5.P42，完善非正常工况下的,3、P54，核实废包装桶重量（按原辅材料表核算，项目约产生废包装桶195个）； 4.P39，核实表4-5中无组织排放量。 5.P42，完善非正常工况下的,关键词已对应，待人工核验数值与字段归属,,
007_广东云晟新材料有限公司年产水性涂料2400吨新建项目_01_修改评估意见,生产设备,,,,,原文未自动定位，待人工确认,,
007_广东云晟新材料有限公司年产水性涂料2400吨新建项目_01_修改评估意见,工艺与产污,,,,,原文未自动定位，待人工确认,,
007_广东云晟新材料有限公司年产水性涂料2400吨新建项目_01_修改评估意见,源强与定量核算,排放量,排放量,4.P39，核实表4-5中无组织排放量。 5.P42，完善非正常工况下的达标分析。 6.《B2、建设项目基础信息表》中有内容未更新。,4.P39，核实表4-5中无组织排放量。 5.P42，完善非正常工况下的达标分析。 6.《B2、建设项目基础信息表》中有内容未更新。,关键词已对应，待人工核验数值与字段归属,,
007_广东云晟新材料有限公司年产水性涂料2400吨新建项目_01_修改评估意见,废气治理,,,,,原文未自动定位，待人工确认,,
007_广东云晟新材料有限公司年产水性涂料2400吨新建项目_01_修改评估意见,固废与危险废物,,,,,原文未自动定位，待人工确认,,
007_广东云晟新材料有限公司年产水性涂料2400吨新建项目_01_修改评估意见,总量与执行标准,,,,,原文未自动定位，待人工确认,,
007_广东云晟新材料有限公司年产水性涂料2400吨新建项目_01_修改评估意见,监督检查清单,,,,,原文未自动定位，待人工确认,,
008_广东云晟新材料有限公司年产水性涂料2400吨新建项目_01_修改评估意见,项目基本情况,,,,,原文未自动定位，待人工确认,,
008_广东云晟新材料有限公司年产水性涂料2400吨新建项目_01_修改评估意见,产品与产量,,,,,原文未自动定位，待人工确认,,
008_广东云晟新材料有限公司年产水性涂料2400吨新建项目_01_修改评估意见,原辅材料,原辅材料,原辅材料,3、P54，核实废包装桶重量（按原辅材料表核算，项目约产生废包装桶195个）； 4.P39，核实表4-5中无组织排放量。 5.P42，完善非正常工况下的,3、P54，核实废包装桶重量（按原辅材料表核算，项目约产生废包装桶195个）； 4.P39，核实表4-5中无组织排放量。 5.P42，完善非正常工况下的,关键词已对应，待人工核验数值与字段归属,,
008_广东云晟新材料有限公司年产水性涂料2400吨新建项目_01_修改评估意见,生产设备,,,,,原文未自动定位，待人工确认,,
008_广东云晟新材料有限公司年产水性涂料2400吨新建项目_01_修改评估意见,工艺与产污,,,,,原文未自动定位，待人工确认,,
008_广东云晟新材料有限公司年产水性涂料2400吨新建项目_01_修改评估意见,源强与定量核算,排放量,排放量,4.P39，核实表4-5中无组织排放量。 5.P42，完善非正常工况下的达标分析。 6.《B2、建设项目基础信息表》中有内容未更新。,4.P39，核实表4-5中无组织排放量。 5.P42，完善非正常工况下的达标分析。 6.《B2、建设项目基础信息表》中有内容未更新。,关键词已对应，待人工核验数值与字段归属,,
008_广东云晟新材料有限公司年产水性涂料2400吨新建项目_01_修改评估意见,废气治理,,,,,原文未自动定位，待人工确认,,
008_广东云晟新材料有限公司年产水性涂料2400吨新建项目_01_修改评估意见,固废与危险废物,,,,,原文未自动定位，待人工确认,,
008_广东云晟新材料有限公司年产水性涂料2400吨新建项目_01_修改评估意见,总量与执行标准,,,,,原文未自动定位，待人工确认,,
008_广东云晟新材料有限公司年产水性涂料2400吨新建项目_01_修改评估意见,监督检查清单,,,,,原文未自动定位，待人工确认,,
009_佛山市顺德区亚马逊涂料有限公司迁扩建项目_01_修改评估意见,项目基本情况,建设项目名称、建设地点、总投资,建设项目名称、建设地点、总投资, 协议书 一、建设项目基本情况 建设项目名称 | 佛山市顺德区亚马逊涂料有限公司迁扩建项目 项目代码 | 无 建设单位联系人 | 钟春江 | 联系方式 , 协议书 一、建设项目基本情况 建设项目名称 佛山市顺德区亚马逊涂料有限公司迁扩建项目 项目代码 无 建设单位联系人 钟春江 联系方式 18927709,关键词已对应，待人工核验数值与字段归属,,
009_佛山市顺德区亚马逊涂料有限公司迁扩建项目_01_修改评估意见,产品与产量,主要产品、产品名称、年产,主要产品、产品名称、年产,生产规模根据业主提供的资料，项目主要产品产量见下表。表2-2 项目主要产品及年产量序号主要产品名称迁扩前（t/a）迁扩后（t/a）变化量（t/a）产品规,生产规模根据业主提供的资料，项目主要产品产量见下表。 表2-2 项目主要产品及年产量序号主要产品名称迁扩前（t/a）迁扩后（t/a）变化量（t/a）产品,关键词已对应，待人工核验数值与字段归属,,
009_佛山市顺德区亚马逊涂料有限公司迁扩建项目_01_修改评估意见,原辅材料,主要原辅材料、原辅材料、原料名称,主要原辅材料、原辅材料、原料名称,限制新建生产和使用高挥发性有机物原辅材料的项目，鼓励建设挥发性有机物共性工厂。项目UV涂料产品符合《低挥发性有机化合物含量涂料产品技术要求》(GBT38,限制新建生产和使用高挥发性有机物原辅材料的项目，鼓励建设挥发性有机物共性工厂。 项目UV涂料产品符合《低挥发性有机化合物含量涂料产品技术要求》(GBT3,关键词已对应，待人工核验数值与字段归属,,
009_佛山市顺德区亚马逊涂料有限公司迁扩建项目_01_修改评估意见,生产设备,主要生产设备、设备名称、生产设施,主要生产设备、设备名称、生产设施,、注塑、排放恶臭气味的生产工艺和生产设施。项目100m范围内没有敏感点。符合10、结合《顺德区高质量推动村级工业园升级改造总体规划》，推进区域村级工业园,、注塑、排放恶臭气味的生产工艺和生产设施。 项目100m范围内没有敏感点。 符合10、结合《顺德区高质量推动村级工业园升级改造总体规划》，推进区域村级工,关键词已对应，待人工核验数值与字段归属,,
009_佛山市顺德区亚马逊涂料有限公司迁扩建项目_01_修改评估意见,工艺与产污,工艺流程、生产工艺、产污环节,工艺流程、生产工艺、产污环节,酸洗、涂装、注塑、排放恶臭气味的生产工艺和生产设施。项目100m范围内没有敏感点。符合10、结合《顺德区高质量推动村级工业园升级改造总体规划》，推进区域,酸洗、涂装、注塑、排放恶臭气味的生产工艺和生产设施。 项目100m范围内没有敏感点。 符合10、结合《顺德区高质量推动村级工业园升级改造总体规划》，推进,关键词已对应，待人工核验数值与字段归属,,
009_佛山市顺德区亚马逊涂料有限公司迁扩建项目_01_修改评估意见,源强与定量核算,产生量、排放量、收集效率,产生量、排放量、收集效率,71 附表 73 建设项目污染物排放量汇总表 附图 附图1 项目地理位置图 附图2 项目所在地50m环境敏感点分布图 附图3 项目所在地500m环境敏感,论71 附表73 建设项目污染物排放量汇总表 附图 附图1 项目地理位置图 附图2 项目所在地50m环境敏感点分布图 附图3 项目所在地500m环境敏感,关键词已对应，待人工核验数值与字段归属,,
009_佛山市顺德区亚马逊涂料有限公司迁扩建项目_01_修改评估意见,废气治理,废气治理、废气收集、活性炭,废气治理、废气收集、活性炭,控制要求，以及VOCs无组织排放废气收集处理系统要求执行《挥发性有机物无组织排放控制标准》(GB 37822-2019）要求，厂区内VOCs无组织排放监,控制要求，以及VOCs无组织排放废气收集处理系统要求执行《挥发性有机物无组织排放控制标准》(GB 37822-2019）要求，厂区内VOCs无组织排放监,关键词已对应，待人工核验数值与字段归属,,
009_佛山市顺德区亚马逊涂料有限公司迁扩建项目_01_修改评估意见,固废与危险废物,危险废物、固体废物、危废代码,危险废物、固体废物、危废代码,园区环境风险防控区域。项目产生的危险废物拟定期委托有资质的处置公司进行收集处理，并通过信息系统登记转移计划和电子转移联单符合危险废物全过程跟踪管理的防控,区环境风险防控区域。 项目产生的危险废物拟定期委托有资质的处置公司进行收集处理，并通过信息系统登记转移计划和电子转移联单符合危险废物全过程跟踪管理的防控,关键词已对应，待人工核验数值与字段归属,,
009_佛山市顺德区亚马逊涂料有限公司迁扩建项目_01_修改评估意见,总量与执行标准,总量控制、总量指标、执行标准,总量控制、总量指标、执行标准,、氮氧化物及挥发性有机物等）实施总量控制；上年度重点河涌水质未达到水环境质量目标的管控分区所在镇（街道），须组织编制、系统实施、向社会公开区域重点水污染,、氮氧化物及挥发性有机物等）实施总量控制； 上年度重点河涌水质未达到水环境质量目标的管控分区所在镇（街道），须组织编制、系统实施、向社会公开区域重点水污,关键词已对应，待人工核验数值与字段归属,,
009_佛山市顺德区亚马逊涂料有限公司迁扩建项目_01_修改评估意见,监督检查清单,环境保护措施监督检查清单、监督检查清单,环境保护措施监督检查清单、监督检查清单,要环境影响和保护措施 42 五、环境保护措施监督检查清单 69 六、结论 71 附表 73 建设项目污染物排放量汇总表 附图 附图1 项目地理位置图 附,主要环境影响和保护措施42 五、环境保护措施监督检查清单69 六、结论71 附表73 建设项目污染物排放量汇总表 附图 附图1 项目地理位置图 附图2 ,关键词已对应，待人工核验数值与字段归属,,
010_广东威诺高科技股份有限公司搬迁项目_01_修改评估意见,项目基本情况,,,,,原文未自动定位，待人工确认,,
010_广东威诺高科技股份有限公司搬迁项目_01_修改评估意见,产品与产量,,,,,原文未自动定位，待人工确认,,
010_广东威诺高科技股份有限公司搬迁项目_01_修改评估意见,原辅材料,原辅材料,原辅材料,3、P54，核实废包装桶重量（按原辅材料表核算，项目约产生废包装桶195个）； 4.P39，核实表4-5中无组织排放量。 5.P42，完善非正常工况下的,3、P54，核实废包装桶重量（按原辅材料表核算，项目约产生废包装桶195个）； 4.P39，核实表4-5中无组织排放量。 5.P42，完善非正常工况下的,关键词已对应，待人工核验数值与字段归属,,
010_广东威诺高科技股份有限公司搬迁项目_01_修改评估意见,生产设备,,,,,原文未自动定位，待人工确认,,
010_广东威诺高科技股份有限公司搬迁项目_01_修改评估意见,工艺与产污,,,,,原文未自动定位，待人工确认,,
010_广东威诺高科技股份有限公司搬迁项目_01_修改评估意见,源强与定量核算,排放量,排放量,4.P39，核实表4-5中无组织排放量。 5.P42，完善非正常工况下的达标分析。 6.《B2、建设项目基础信息表》中有内容未更新。,4.P39，核实表4-5中无组织排放量。 5.P42，完善非正常工况下的达标分析。 6.《B2、建设项目基础信息表》中有内容未更新。,关键词已对应，待人工核验数值与字段归属,,
010_广东威诺高科技股份有限公司搬迁项目_01_修改评估意见,废气治理,,,,,原文未自动定位，待人工确认,,
010_广东威诺高科技股份有限公司搬迁项目_01_修改评估意见,固废与危险废物,,,,,原文未自动定位，待人工确认,,
010_广东威诺高科技股份有限公司搬迁项目_01_修改评估意见,总量与执行标准,,,,,原文未自动定位，待人工确认,,
010_广东威诺高科技股份有限公司搬迁项目_01_修改评估意见,监督检查清单,,,,,原文未自动定位，待人工确认,,
011_悍高集团股份有限公司功能拉篮车间搬迁扩建项目_01_修改评估意见,项目基本情况,,,,,原文未自动定位，待人工确认,,
011_悍高集团股份有限公司功能拉篮车间搬迁扩建项目_01_修改评估意见,产品与产量,,,,,原文未自动定位，待人工确认,,
011_悍高集团股份有限公司功能拉篮车间搬迁扩建项目_01_修改评估意见,原辅材料,原辅材料,原辅材料,3、P54，核实废包装桶重量（按原辅材料表核算，项目约产生废包装桶195个）； 4.P39，核实表4-5中无组织排放量。 5.P42，完善非正常工况下的,3、P54，核实废包装桶重量（按原辅材料表核算，项目约产生废包装桶195个）； 4.P39，核实表4-5中无组织排放量。 5.P42，完善非正常工况下的,关键词已对应，待人工核验数值与字段归属,,
011_悍高集团股份有限公司功能拉篮车间搬迁扩建项目_01_修改评估意见,生产设备,,,,,原文未自动定位，待人工确认,,
011_悍高集团股份有限公司功能拉篮车间搬迁扩建项目_01_修改评估意见,工艺与产污,,,,,原文未自动定位，待人工确认,,
011_悍高集团股份有限公司功能拉篮车间搬迁扩建项目_01_修改评估意见,源强与定量核算,排放量,排放量,4.P39，核实表4-5中无组织排放量。 5.P42，完善非正常工况下的达标分析。 6.《B2、建设项目基础信息表》中有内容未更新。,4.P39，核实表4-5中无组织排放量。 5.P42，完善非正常工况下的达标分析。 6.《B2、建设项目基础信息表》中有内容未更新。,关键词已对应，待人工核验数值与字段归属,,
011_悍高集团股份有限公司功能拉篮车间搬迁扩建项目_01_修改评估意见,废气治理,,,,,原文未自动定位，待人工确认,,
011_悍高集团股份有限公司功能拉篮车间搬迁扩建项目_01_修改评估意见,固废与危险废物,,,,,原文未自动定位，待人工确认,,
011_悍高集团股份有限公司功能拉篮车间搬迁扩建项目_01_修改评估意见,总量与执行标准,,,,,原文未自动定位，待人工确认,,
011_悍高集团股份有限公司功能拉篮车间搬迁扩建项目_01_修改评估意见,监督检查清单,,,,,原文未自动定位，待人工确认,,
012_广东潜龙化工有限公司新建项目_01_修改评估意见,项目基本情况,,,,,原文未自动定位，待人工确认,,
012_广东潜龙化工有限公司新建项目_01_修改评估意见,产品与产量,,,,,原文未自动定位，待人工确认,,
012_广东潜龙化工有限公司新建项目_01_修改评估意见,原辅材料,原辅材料,原辅材料,3、P54，核实废包装桶重量（按原辅材料表核算，项目约产生废包装桶195个）； 4.P39，核实表4-5中无组织排放量。 5.P42，完善非正常工况下的,3、P54，核实废包装桶重量（按原辅材料表核算，项目约产生废包装桶195个）； 4.P39，核实表4-5中无组织排放量。 5.P42，完善非正常工况下的,关键词已对应，待人工核验数值与字段归属,,
012_广东潜龙化工有限公司新建项目_01_修改评估意见,生产设备,,,,,原文未自动定位，待人工确认,,
012_广东潜龙化工有限公司新建项目_01_修改评估意见,工艺与产污,,,,,原文未自动定位，待人工确认,,
012_广东潜龙化工有限公司新建项目_01_修改评估意见,源强与定量核算,排放量,排放量,4.P39，核实表4-5中无组织排放量。 5.P42，完善非正常工况下的达标分析。 6.《B2、建设项目基础信息表》中有内容未更新。,4.P39，核实表4-5中无组织排放量。 5.P42，完善非正常工况下的达标分析。 6.《B2、建设项目基础信息表》中有内容未更新。,关键词已对应，待人工核验数值与字段归属,,
012_广东潜龙化工有限公司新建项目_01_修改评估意见,废气治理,,,,,原文未自动定位，待人工确认,,
012_广东潜龙化工有限公司新建项目_01_修改评估意见,固废与危险废物,,,,,原文未自动定位，待人工确认,,
012_广东潜龙化工有限公司新建项目_01_修改评估意见,总量与执行标准,,,,,原文未自动定位，待人工确认,,
012_广东潜龙化工有限公司新建项目_01_修改评估意见,监督检查清单,,,,,原文未自动定位，待人工确认,,
013_佛山市瀚铭新材料有限公司新建项目_01_修改评估意见,项目基本情况,,,,,原文未自动定位，待人工确认,,
013_佛山市瀚铭新材料有限公司新建项目_01_修改评估意见,产品与产量,,,,,原文未自动定位，待人工确认,,
013_佛山市瀚铭新材料有限公司新建项目_01_修改评估意见,原辅材料,原辅材料,原辅材料,3、P54，核实废包装桶重量（按原辅材料表核算，项目约产生废包装桶195个）； 4.P39，核实表4-5中无组织排放量。 5.P42，完善非正常工况下的,3、P54，核实废包装桶重量（按原辅材料表核算，项目约产生废包装桶195个）； 4.P39，核实表4-5中无组织排放量。 5.P42，完善非正常工况下的,关键词已对应，待人工核验数值与字段归属,,
013_佛山市瀚铭新材料有限公司新建项目_01_修改评估意见,生产设备,,,,,原文未自动定位，待人工确认,,
013_佛山市瀚铭新材料有限公司新建项目_01_修改评估意见,工艺与产污,,,,,原文未自动定位，待人工确认,,
013_佛山市瀚铭新材料有限公司新建项目_01_修改评估意见,源强与定量核算,排放量,排放量,4.P39，核实表4-5中无组织排放量。 5.P42，完善非正常工况下的达标分析。 6.《B2、建设项目基础信息表》中有内容未更新。,4.P39，核实表4-5中无组织排放量。 5.P42，完善非正常工况下的达标分析。 6.《B2、建设项目基础信息表》中有内容未更新。,关键词已对应，待人工核验数值与字段归属,,
013_佛山市瀚铭新材料有限公司新建项目_01_修改评估意见,废气治理,,,,,原文未自动定位，待人工确认,,
013_佛山市瀚铭新材料有限公司新建项目_01_修改评估意见,固废与危险废物,,,,,原文未自动定位，待人工确认,,
013_佛山市瀚铭新材料有限公司新建项目_01_修改评估意见,总量与执行标准,,,,,原文未自动定位，待人工确认,,
013_佛山市瀚铭新材料有限公司新建项目_01_修改评估意见,监督检查清单,,,,,原文未自动定位，待人工确认,,
014_佛山市顺德区百洛电器有限公司迁扩建项目_01_修改评估意见,项目基本情况,,,,,原文未自动定位，待人工确认,,
014_佛山市顺德区百洛电器有限公司迁扩建项目_01_修改评估意见,产品与产量,,,,,原文未自动定位，待人工确认,,
014_佛山市顺德区百洛电器有限公司迁扩建项目_01_修改评估意见,原辅材料,原辅材料,原辅材料,3、P54，核实废包装桶重量（按原辅材料表核算，项目约产生废包装桶195个）； 4.P39，核实表4-5中无组织排放量。 5.P42，完善非正常工况下的,3、P54，核实废包装桶重量（按原辅材料表核算，项目约产生废包装桶195个）； 4.P39，核实表4-5中无组织排放量。 5.P42，完善非正常工况下的,关键词已对应，待人工核验数值与字段归属,,
014_佛山市顺德区百洛电器有限公司迁扩建项目_01_修改评估意见,生产设备,,,,,原文未自动定位，待人工确认,,
014_佛山市顺德区百洛电器有限公司迁扩建项目_01_修改评估意见,工艺与产污,,,,,原文未自动定位，待人工确认,,
014_佛山市顺德区百洛电器有限公司迁扩建项目_01_修改评估意见,源强与定量核算,排放量,排放量,4.P39，核实表4-5中无组织排放量。 5.P42，完善非正常工况下的达标分析。 6.《B2、建设项目基础信息表》中有内容未更新。,4.P39，核实表4-5中无组织排放量。 5.P42，完善非正常工况下的达标分析。 6.《B2、建设项目基础信息表》中有内容未更新。,关键词已对应，待人工核验数值与字段归属,,
014_佛山市顺德区百洛电器有限公司迁扩建项目_01_修改评估意见,废气治理,,,,,原文未自动定位，待人工确认,,
014_佛山市顺德区百洛电器有限公司迁扩建项目_01_修改评估意见,固废与危险废物,,,,,原文未自动定位，待人工确认,,
014_佛山市顺德区百洛电器有限公司迁扩建项目_01_修改评估意见,总量与执行标准,,,,,原文未自动定位，待人工确认,,
014_佛山市顺德区百洛电器有限公司迁扩建项目_01_修改评估意见,监督检查清单,,,,,原文未自动定位，待人工确认,,
015_佛山市顺德区蓝顿涂料有限公司迁建项目_01_修改评估意见,项目基本情况,建设项目名称、建设地点、总投资,建设项目名称、建设地点、总投资,控单元图 一、建设项目基本情况 建设项目名称 | 佛山市顺德区蓝顿涂料有限公司迁建项目 项目代码 | 无 建设单位联系人 | 杨杰 | 联系方式 | 1,控单元图 一、建设项目基本情况 建设项目名称 佛山市顺德区蓝顿涂料有限公司迁建项目 项目代码 无 建设单位联系人 杨杰 联系方式 13902569497,关键词已对应，待人工核验数值与字段归属,,
015_佛山市顺德区蓝顿涂料有限公司迁建项目_01_修改评估意见,产品与产量,主要产品、年产,主要产品、年产,8914001U，原审批规模为：年产UV涂料2500t、水性涂料500t和色浆6.5t。现因企业原地址涉及厂房改造，拟搬迁至广东省佛山市顺德区杏坛镇昌教,8914001U，原审批规模为：年产UV涂料2500t、水性涂料500t和色浆6. 5t。 现因企业原地址涉及厂房改造，拟搬迁至广东省佛山市顺德区杏坛镇,关键词已对应，待人工核验数值与字段归属,,
015_佛山市顺德区蓝顿涂料有限公司迁建项目_01_修改评估意见,原辅材料,主要原辅材料、原辅材料、辅料,主要原辅材料、原辅材料、辅料,综合类】大力推进低VOCs 含量原辅材料替代，加快涉VOCs重点行业的生产工艺升级改造，推行自动化生产工艺，对达不到要求的 VOCs 收集及治理设施进行,综合类】大力推进低VOCs 含量原辅材料替代，加快涉VOCs重点行业的生产工艺升级改造，推行自动化生产工艺，对达不到要求的 VOCs 收集及治理设施进行,关键词已对应，待人工核验数值与字段归属,,
015_佛山市顺德区蓝顿涂料有限公司迁建项目_01_修改评估意见,生产设备,主要生产设备、设备名称、生产设施,主要生产设备、设备名称、生产设施,情况，核算其迁建后产品产能。4、主要生产设备根据建设单位提供的资料，项目主要生产设备详见下表。表2-3 项目主要生产设备一览表序号设备名称设备参数单位迁,况，核算其迁建后产品产能。 4、主要生产设备根据建设单位提供的资料，项目主要生产设备详见下表。 表2-3 项目主要生产设备一览表序号设备名称设备参数单位,关键词已对应，待人工核验数值与字段归属,,
015_佛山市顺德区蓝顿涂料有限公司迁建项目_01_修改评估意见,工艺与产污,工艺流程、生产工艺、产污环节,工艺流程、生产工艺、产污环节,水质均可达到水质Ⅲ类标准。本项目生产工艺不涉及含酸洗、磷化的金属表面处理、金属制品项目，不属于含酸洗、喷涂、化学抛光、电解等涉及废水排放工艺的不锈钢型材,质均可达到水质Ⅲ类标准。 本项目生产工艺不涉及含酸洗、磷化的金属表面处理、金属制品项目，不属于含酸洗、喷涂、化学抛光、电解等涉及废水排放工艺的不锈钢型材,关键词已对应，待人工核验数值与字段归属,,
015_佛山市顺德区蓝顿涂料有限公司迁建项目_01_修改评估意见,源强与定量核算,产生量、排放量、收集效率,产生量、排放量、收集效率, 六、结论 91 建设项目污染物排放量汇总表 92 附件1 企业营业执照 附件2 租赁合同及宗地图 附件3 法人代表身份证及被委托人身份证 附件4 原项,9 六、结论91 建设项目污染物排放量汇总表92 附件1 企业营业执照 附件2 租赁合同及宗地图 附件3 法人代表身份证及被委托人身份证 附件4 原项目,关键词已对应，待人工核验数值与字段归属,,
015_佛山市顺德区蓝顿涂料有限公司迁建项目_01_修改评估意见,废气治理,废气治理、废气收集、活性炭,废气治理、废气收集、活性炭,喷废气一起引至“漆雾净化器+二级活性炭吸附设施”处理后通过15米排气筒G1高空排放。符合3-9.【土壤/限制类】作为重金属污染重点防控区，区域内重点重金,喷废气一起引至“漆雾净化器+二级活性炭吸附设施”处理后通过15米排气筒G1高空排放。 符合3-9. 【土壤/限制类】作为重金属污染重点防控区，区域内重点,关键词已对应，待人工核验数值与字段归属,,
015_佛山市顺德区蓝顿涂料有限公司迁建项目_01_修改评估意见,固废与危险废物,危险废物、固体废物、危废暂存,危险废物、固体废物、危废暂存,0m2，一般固废暂存间50m2，危废暂存间50m2以及走道和公共区域依托已建成的建筑辅助工程办公室办公室2个，面积分别为100m2办公室1栋，三层建筑，,0m2，一般固废暂存间50m2，危废暂存间50m2以及走道和公共区域依托已建成的建筑辅助工程办公室办公室2个，面积分别为100m2办公室1栋，三层建筑，,关键词已对应，待人工核验数值与字段归属,,
015_佛山市顺德区蓝顿涂料有限公司迁建项目_01_修改评估意见,总量与执行标准,总量控制、总量指标、执行标准,总量控制、总量指标、执行标准,尾水应执行《城镇污水处理厂污染物排放标准》（GB18918-2002）一级A标准及《广东省水污染物排放限值》（DB44/26-2001）的较严值。本项目,尾水应执行《城镇污水处理厂污染物排放标准》（GB18918-2002）一级A标准及《广东省水污染物排放限值》（DB44/26-2001）的较严值。 本项,关键词已对应，待人工核验数值与字段归属,,
015_佛山市顺德区蓝顿涂料有限公司迁建项目_01_修改评估意见,监督检查清单,环境保护措施监督检查清单、监督检查清单,环境保护措施监督检查清单、监督检查清单,要环境影响和保护措施 50 五、环境保护措施监督检查清单 89 六、结论 91 建设项目污染物排放量汇总表 92 附件1 企业营业执照 附件2 租赁合同,主要环境影响和保护措施50 五、环境保护措施监督检查清单89 六、结论91 建设项目污染物排放量汇总表92 附件1 企业营业执照 附件2 租赁合同及宗地,关键词已对应，待人工核验数值与字段归属,,
016_佛山市镪优金属制品有限公司迁扩建项目_01_修改评估意见,项目基本情况,,,,,原文未自动定位，待人工确认,,
016_佛山市镪优金属制品有限公司迁扩建项目_01_修改评估意见,产品与产量,,,,,原文未自动定位，待人工确认,,
016_佛山市镪优金属制品有限公司迁扩建项目_01_修改评估意见,原辅材料,原辅材料,原辅材料,3、P54，核实废包装桶重量（按原辅材料表核算，项目约产生废包装桶195个）； 4.P39，核实表4-5中无组织排放量。 5.P42，完善非正常工况下的,3、P54，核实废包装桶重量（按原辅材料表核算，项目约产生废包装桶195个）； 4.P39，核实表4-5中无组织排放量。 5.P42，完善非正常工况下的,关键词已对应，待人工核验数值与字段归属,,
016_佛山市镪优金属制品有限公司迁扩建项目_01_修改评估意见,生产设备,,,,,原文未自动定位，待人工确认,,
016_佛山市镪优金属制品有限公司迁扩建项目_01_修改评估意见,工艺与产污,,,,,原文未自动定位，待人工确认,,
016_佛山市镪优金属制品有限公司迁扩建项目_01_修改评估意见,源强与定量核算,排放量,排放量,4.P39，核实表4-5中无组织排放量。 5.P42，完善非正常工况下的达标分析。 6.《B2、建设项目基础信息表》中有内容未更新。,4.P39，核实表4-5中无组织排放量。 5.P42，完善非正常工况下的达标分析。 6.《B2、建设项目基础信息表》中有内容未更新。,关键词已对应，待人工核验数值与字段归属,,
016_佛山市镪优金属制品有限公司迁扩建项目_01_修改评估意见,废气治理,,,,,原文未自动定位，待人工确认,,
016_佛山市镪优金属制品有限公司迁扩建项目_01_修改评估意见,固废与危险废物,,,,,原文未自动定位，待人工确认,,
016_佛山市镪优金属制品有限公司迁扩建项目_01_修改评估意见,总量与执行标准,,,,,原文未自动定位，待人工确认,,
016_佛山市镪优金属制品有限公司迁扩建项目_01_修改评估意见,监督检查清单,,,,,原文未自动定位，待人工确认,,
017_广东台塑智能科技有限公司新建项目_01_受理公告或公示版,项目基本情况,建设项目名称、建设地点、总投资,建设项目名称、建设地点、总投资,02 1 一、建设项目基本情况 建设项目名称 广东台塑智能科技有限公司新建项目 项目代码 无 建设单位联系人 郭** 联系方式 181** 建设地点 佛,9页 1 一、建设项目基本情况 建设项目名称 广东台塑智能科技有限公司新建项目 项目代码 无 建设单位联系人 郭** 联系方式 181** 建设地点 佛,关键词已对应，待人工核验数值与字段归属,,
017_广东台塑智能科技有限公司新建项目_01_受理公告或公示版,产品与产量,主要产品、年产,主要产品、年产,小家电塑料组装件、 电线的生产，年产轿车塑料配件 960 万套、小家电塑料组装件 960 万套、电线 3.5 万卷。 根据《中华人民共和国环境保护法》、,小家电塑料组装件、 电线的生产，年产轿车塑料配件 960 万套、小家电塑料组装件 960 万套、电线 3.5 万卷。 根据《中华人民共和国环境保护法》、,关键词已对应，待人工核验数值与字段归属,,
017_广东台塑智能科技有限公司新建项目_01_受理公告或公示版,原辅材料,主要原辅材料、原辅材料,主要原辅材料、原辅材料,过程中需使用少量高挥发性 有机物原辅材料（油性油墨、稀 释剂），根据第二章分析可知， 使用的高挥发性有机物原辅材 料暂无法替代。本项目有机废气 经集气罩,过程中需使用少量高挥发性 有机物原辅材料（油性油墨、稀 释剂），根据第二章分析可知， 使用的高挥发性有机物原辅材 料暂无法替代。本项目有机废气 经集气罩,关键词已对应，待人工核验数值与字段归属,,
017_广东台塑智能科技有限公司新建项目_01_受理公告或公示版,生产设备,生产设施、设备一览,生产设施、设备一览, 2-3。 表 2-3 项目主要设备一览表 生产 单元 名称 单位 数量 设备参数 备注 参数名称 设计值 计量单位 注塑 成型 注塑机 台 100 射, 2-3。 表 2-3 项目主要设备一览表 生产 单元 名称 单位 数量 设备参数 备注 参数名称 设计值 计量单位 注塑 成型 注塑机 台 100 射,关键词已对应，待人工核验数值与字段归属,,
017_广东台塑智能科技有限公司新建项目_01_受理公告或公示版,工艺与产污,工艺流程、生产工艺、产污环节,工艺流程、生产工艺、产污环节,，加快涉 VOCs 重点 行业的生产工艺升级改造，推行自动化 生产工艺，对达不到要求的 VOCs 收集 及治理设施进行整治提升，逐步淘汰低 效 VOCs,，加快涉 VOCs 重点 行业的生产工艺升级改造，推行自动化 生产工艺，对达不到要求的 VOCs 收集 及治理设施进行整治提升，逐步淘汰低 效 VOCs,关键词已对应，待人工核验数值与字段归属,,
017_广东台塑智能科技有限公司新建项目_01_受理公告或公示版,源强与定量核算,污染源强、产生量、排放量,污染源强、产生量、排放量,..... 66 建设项目污染物排放量汇总表 .....................................................,..... 66 建设项目污染物排放量汇总表 .....................................................,关键词已对应，待人工核验数值与字段归属,,
017_广东台塑智能科技有限公司新建项目_01_受理公告或公示版,废气治理,废气治理、废气收集、活性炭,废气治理、废气收集、活性炭,项目有机废气 经集气罩收集后通过活性炭吸 附废气处理设施进行处理，处理 达标后通过排气筒 G1（24m） 引至楼顶排放，保证有机废气达 标排放。 符合 ,项目有机废气 经集气罩收集后通过活性炭吸 附废气处理设施进行处理，处理 达标后通过排气筒 G1（24m） 引至楼顶排放，保证有机废气达 标排放。 符合 ,关键词已对应，待人工核验数值与字段归属,,
017_广东台塑智能科技有限公司新建项目_01_受理公告或公示版,固废与危险废物,危险废物、固体废物、危废暂存,危险废物、固体废物、危废暂存,设施 两套 对有机废气进行处理 危险废物暂存点 一个 危险废物暂存 3、主要产品及产能 项目主要产品及年产量见下表 2-2。 表 2-2 项目主要产品种,设施 两套 对有机废气进行处理 危险废物暂存点 一个 危险废物暂存 3、主要产品及产能 项目主要产品及年产量见下表 2-2。 表 2-2 项目主要产品种,关键词已对应，待人工核验数值与字段归属,,
017_广东台塑智能科技有限公司新建项目_01_受理公告或公示版,总量与执行标准,总量控制、总量指标、执行标准,总量控制、总量指标、执行标准,台账，严格核定 VOCs 可替代总量指标，重点核查用作 替代的削城量是否为企业达标排放后 采取治理措施的削减量、或淘汰关停后 的削减量，是否有削减量重复,台账，严格核定 VOCs 可替代总量指标，重点核查用作 替代的削城量是否为企业达标排放后 采取治理措施的削减量、或淘汰关停后 的削减量，是否有削减量重复,关键词已对应，待人工核验数值与字段归属,,
017_广东台塑智能科技有限公司新建项目_01_受理公告或公示版,监督检查清单,环境保护措施监督检查清单、监督检查清单,环境保护措施监督检查清单、监督检查清单,.......... 35 五、环境保护措施监督检查清单 ...............................................,.......... 35 五、环境保护措施监督检查清单 ...............................................,关键词已对应，待人工核验数值与字段归属,,
018_佛山市智龙科技有限公司迁扩建项目_01_受理公告或公示版,项目基本情况,建设项目名称、建设地点、总投资,建设项目名称、建设地点、总投资,声明 1 一、建设项目基本情况 建设项目名称 佛山市智龙科技有限公司迁扩建项目 项目代码 无 建设单位联系人 邝** 联系方式 1338029**** ,6页 1 一、建设项目基本情况 建设项目名称 佛山市智龙科技有限公司迁扩建项目 项目代码 无 建设单位联系人 邝** 联系方式 1338029**** ,关键词已对应，待人工核验数值与字段归属,,
018_佛山市智龙科技有限公司迁扩建项目_01_受理公告或公示版,产品与产量,主要产品、产品名称、年产,主要产品、产品名称、年产,日取得《佛山市智龙科技有限公司 年产溜冰鞋轮 300 万个、滑板车轮 300 万个新建项目》的环评批复（佛环 0304 环审[2021]第 0002 号,日取得《佛山市智龙科技有限公司 年产溜冰鞋轮 300 万个、滑板车轮 300 万个新建项目》的环评批复（佛环 0304 环审[2021]第 0002 号,关键词已对应，待人工核验数值与字段归属,,
018_佛山市智龙科技有限公司迁扩建项目_01_受理公告或公示版,原辅材料,主要原辅材料、原辅材料、原料名称,主要原辅材料、原辅材料、原料名称,、原油加工等项目。项目生产使用的原辅材料为低挥发 性物质，不属于新建生产和使用高挥发性有机物原辅材料的项目，符合区域布局 管控要求。 2）能源资源利用要,、原油加工等项目。项目生产使用的原辅材料为低挥发 性物质，不属于新建生产和使用高挥发性有机物原辅材料的项目，符合区域布局 管控要求。 2）能源资源利用要,关键词已对应，待人工核验数值与字段归属,,
018_佛山市智龙科技有限公司迁扩建项目_01_受理公告或公示版,生产设备,主要生产设备、设备一览,主要生产设备、设备一览,要设备见下表： 表 2.7 项目主要生产设备一览表 单位（台） 序 号 名称 迁扩 建前 变化 迁扩 建后 型号、功率 使用工序 所在车间 位置 1 注,要设备见下表： 表 2.7 项目主要生产设备一览表 单位（台） 序 号 名称 迁扩 建前 变化 迁扩 建后 型号、功率 使用工序 所在车间 位置 1 注,关键词已对应，待人工核验数值与字段归属,,
018_佛山市智龙科技有限公司迁扩建项目_01_受理公告或公示版,工艺与产污,工艺流程、生产工艺、产污环节,工艺流程、生产工艺、产污环节,采购清单。鼓励重点行业 企业开展生产工艺和设备水性化改造，推广使用 水性、高固体分、无溶剂、粉末等低 VOCs 含量 涂料。严格落实《挥发性有机物无组织,采购清单。鼓励重点行业 企业开展生产工艺和设备水性化改造，推广使用 水性、高固体分、无溶剂、粉末等低 VOCs 含量 涂料。严格落实《挥发性有机物无组织,关键词已对应，待人工核验数值与字段归属,,
018_佛山市智龙科技有限公司迁扩建项目_01_受理公告或公示版,源强与定量核算,产生量、排放量、收集效率,产生量、排放量、收集效率,有机废气的工序均配套有收集设施，收集效率约50%， 经配套治理设备治理后引至排气筒达标排放。通过废气收集和处理措施能减少项 目的挥发性有机物无组织排放；,有机废气的工序均配套有收集设施，收集效率约50%， 经配套治理设备治理后引至排气筒达标排放。通过废气收集和处理措施能减少项 目的挥发性有机物无组织排放；,关键词已对应，待人工核验数值与字段归属,,
018_佛山市智龙科技有限公司迁扩建项目_01_受理公告或公示版,废气治理,废气治理、废气收集、活性炭,废气治理、废气收集、活性炭,0%， 经配套治理设备治理后引至排气筒达标排放。通过废气收集和处理措施能减少项 目的挥发性有机物无组织排放；项目生活污水经处理达标后排放至勒流污水处理 ,0%， 经配套治理设备治理后引至排气筒达标排放。通过废气收集和处理措施能减少项 目的挥发性有机物无组织排放；项目生活污水经处理达标后排放至勒流污水处理 ,关键词已对应，待人工核验数值与字段归属,,
018_佛山市智龙科技有限公司迁扩建项目_01_受理公告或公示版,固废与危险废物,危险废物、固体废物、危废暂存,危险废物、固体废物、危废暂存,园区环境风险防控区域。项目产生的危险废物拟定 期委托有资质的处置公司进行收集处理，并通过信息系统登记转移计划和电子转 移联单，符合危险废物全过程跟踪管理,园区环境风险防控区域。项目产生的危险废物拟定 期委托有资质的处置公司进行收集处理，并通过信息系统登记转移计划和电子转 移联单，符合危险废物全过程跟踪管理,关键词已对应，待人工核验数值与字段归属,,
018_佛山市智龙科技有限公司迁扩建项目_01_受理公告或公示版,总量与执行标准,总量控制、总量指标、执行标准,总量控制、总量指标、执行标准,有机物实行区域内两倍削减量替代，总量指标 由镇街分配；项目所有产生有机废气的工序均配套有收集设施，收集效率约50%， 经配套治理设备治理后引至排气筒达标,有机物实行区域内两倍削减量替代，总量指标 由镇街分配；项目所有产生有机废气的工序均配套有收集设施，收集效率约50%， 经配套治理设备治理后引至排气筒达标,关键词已对应，待人工核验数值与字段归属,,
018_佛山市智龙科技有限公司迁扩建项目_01_受理公告或公示版,监督检查清单,环境保护措施监督检查清单、监督检查清单,环境保护措施监督检查清单、监督检查清单,.......... 41 五、环境保护措施监督检查清单 ...............................................,.......... 41 五、环境保护措施监督检查清单 ...............................................,关键词已对应，待人工核验数值与字段归属,,
019_佛山市朗信塑料制品有限公司新建项目_01_受理公告或公示版,项目基本情况,建设地点、总投资、环保投资,建设地点、总投资、环保投资,系方式 13607216269 建设地点 广东省佛山市顺德区勒流街道江村村慧商四路 5 号之六 2 楼 地理坐标 （ 113 度 10 分 11.139,系方式 13607216269 建设地点 广东省佛山市顺德区勒流街道江村村慧商四路 5 号之六 2 楼 地理坐标 （ 113 度 10 分 11.139,关键词已对应，待人工核验数值与字段归属,,
019_佛山市朗信塑料制品有限公司新建项目_01_受理公告或公示版,产品与产量,主要产品、产品名称、年产,主要产品、产品名称、年产,交环卫部门及时清运处理 2、项目主要产品及年产量 本项目的生产规模情况详见下表： 12 表 2-2 本项目生产规模及产品示意图一览表 1、生产规模 序号,交环卫部门及时清运处理 2、项目主要产品及年产量 本项目的生产规模情况详见下表： 第17页 12 表 2-2 本项目生产规模及产品示意图一览表 1、生产,关键词已对应，待人工核验数值与字段归属,,
019_佛山市朗信塑料制品有限公司新建项目_01_受理公告或公示版,原辅材料,主要原辅材料、原辅材料,主要原辅材料、原辅材料,等项目。推广应用低挥发 性有机物原辅材料，严格限制 新建生产和使用高挥发性有机 物原辅材料的项目，鼓励建设 挥发性有机物共性工厂。 项目位于珠三角核心区,等项目。推广应用低挥发 性有机物原辅材料，严格限制 新建生产和使用高挥发性有机 物原辅材料的项目，鼓励建设 挥发性有机物共性工厂。 项目位于珠三角核心区,关键词已对应，待人工核验数值与字段归属,,
019_佛山市朗信塑料制品有限公司新建项目_01_受理公告或公示版,生产设备,主要生产设备、生产设施,主要生产设备、生产设施,供电 4、主要设备 （1）本项目主要生产设备情况详见下表： 表 2-6 本项目主要生产设备情况 序号 设备 规格参数 数量 单位 设备位置 使用工序 1,供电 4、主要设备 （1）本项目主要生产设备情况详见下表： 表 2-6 本项目主要生产设备情况 序号 设备 规格参数 数量 单位 设备位置 使用工序 1,关键词已对应，待人工核验数值与字段归属,,
019_佛山市朗信塑料制品有限公司新建项目_01_受理公告或公示版,工艺与产污,工艺流程、生产工艺、产污环节,工艺流程、生产工艺、产污环节,艺 流程 和产 排污 环节 1、生产工艺流程及说明 图 2-3 项目生产流程图 工艺流程说明： 混料：根据不同产品需求，将外购的 ABS、PP、AS、P,艺 流程 和产 排污 环节 1、生产工艺流程及说明 图 2-3 项目生产流程图 工艺流程说明： 混料：根据不同产品需求，将外购的 ABS、PP、AS、P,关键词已对应，待人工核验数值与字段归属,,
019_佛山市朗信塑料制品有限公司新建项目_01_受理公告或公示版,源强与定量核算,污染源强、产生量、排放量,污染源强、产生量、排放量,、 扩建新增氮氧化物、烟（粉）尘排放量 较大的建设项目。 本项目行业类别及代 码为 C2929 塑料零件 及其他塑料制品制 造，使用的原辅材料 均不属于,、 扩建新增氮氧化物、烟（粉）尘排放量 较大的建设项目。 本项目行业类别及代 码为 C2929 塑料零件 及其他塑料制品制 造，使用的原辅材料 均不属于,关键词已对应，待人工核验数值与字段归属,,
019_佛山市朗信塑料制品有限公司新建项目_01_受理公告或公示版,废气治理,废气治理、废气收集、活性炭,废气治理、废气收集、活性炭,体经集气罩+胶帘围挡收集 后通过活性炭吸附处理后通过距离地面约 40m 高排气筒 DA001 排放，破碎粉尘和混料粉尘于生产车间内以无组 织形式排放；生,体经集气罩+胶帘围挡收集 后通过活性炭吸附处理后通过距离地面约 40m 高排气筒 DA001 排放，破碎粉尘和混料粉尘于生产车间内以无组 织形式排放；生,关键词已对应，待人工核验数值与字段归属,,
019_佛山市朗信塑料制品有限公司新建项目_01_受理公告或公示版,固废与危险废物,危险废物、固体废物、危废暂存,危险废物、固体废物、危废暂存, 建项目实施减量替代。大力推 进固体废物源头减量化、资源 化利用和无害化处置，稳步推 进“无废城市”试点建设。 项目属于新建项目，生活污水 经三级化粪处, 建项目实施减量替代。大力推 进固体废物源头减量化、资源 化利用和无害化处置，稳步推 进“无废城市”试点建设。 项目属于新建项目，生活污水 经三级化粪处,关键词已对应，待人工核验数值与字段归属,,
019_佛山市朗信塑料制品有限公司新建项目_01_受理公告或公示版,总量与执行标准,总量控制、总量指标、执行标准,总量控制、总量指标、执行标准,马河、汾江河等重点流 域水污染物排放标准。重点水 污染物未达到环境质量改善目 标的区域内，新建、改建、扩 建项目实施减量替代。大力推 进固体废物源头减量,马河、汾江河等重点流 域水污染物排放标准。重点水 污染物未达到环境质量改善目 标的区域内，新建、改建、扩 建项目实施减量替代。大力推 进固体废物源头减量,关键词已对应，待人工核验数值与字段归属,,
019_佛山市朗信塑料制品有限公司新建项目_01_受理公告或公示版,监督检查清单,环境保护措施监督检查清单、监督检查清单,环境保护措施监督检查清单、监督检查清单,.......... 28 五、环境保护措施监督检查清单 ...............................................,.......... 28 五、环境保护措施监督检查清单 ...............................................,关键词已对应，待人工核验数值与字段归属,,
020_佛山市顺德区共诺电子元件厂搬迁项目_01_受理公告或公示版,项目基本情况,建设项目名称、建设地点、总投资,建设项目名称、建设地点、总投资,66 1 一、建设项目基本情况 建设项目名称 佛山市顺德区共诺电子元件厂搬迁项目 项目代码 无 建设单位联系人 姚国胜 联系方式 18138525488,6页 1 一、建设项目基本情况 建设项目名称 佛山市顺德区共诺电子元件厂搬迁项目 项目代码 无 建设单位联系人 姚国胜 联系方式 18138525488,关键词已对应，待人工核验数值与字段归属,,
020_佛山市顺德区共诺电子元件厂搬迁项目_01_受理公告或公示版,产品与产量,主要产品、年产,主要产品、年产,效使产品产量增加。预计搬迁后项目年产变压器线圈骨架 1120 万个。 2、项目组成 搬迁前项目占地面积约 1280m2，建筑面积约 1280m2。搬迁后,效使产品产量增加。预计搬迁后项目年产变压器线圈骨架 1120 万个。 2、项目组成 搬迁前项目占地面积约 1280m2，建筑面积约 1280m2。搬迁后,关键词已对应，待人工核验数值与字段归属,,
020_佛山市顺德区共诺电子元件厂搬迁项目_01_受理公告或公示版,原辅材料,主要原辅材料、原辅材料、辅料,主要原辅材料、原辅材料、辅料,圈骨架等生产，生产的产品及使用的原辅材料均不 属于《环境保护综合名录（2021 年版）》中“高污染、高环境风险”产品名录，符 合要求。 3、与广东省发展,圈骨架等生产，生产的产品及使用的原辅材料均不 属于《环境保护综合名录（2021 年版）》中“高污染、高环境风险”产品名录，符 合要求。 3、与广东省发展,关键词已对应，待人工核验数值与字段归属,,
020_佛山市顺德区共诺电子元件厂搬迁项目_01_受理公告或公示版,生产设备,主要生产设备、生产设施、设备一览,主要生产设备、生产设施、设备一览,度不高于相应的排放限值；车 间或生产设施排气中 NMHC 初始 排放速率≥3 kg/h 时，建设 VOCs 处理设施且处理效率≥80%；b）厂 区内无组,度不高于相应的排放限值；车 间或生产设施排气中 NMHC 初始 排放速率≥3 kg/h 时，建设 VOCs 处理设施且处理效率≥80%；b）厂 区内无组,关键词已对应，待人工核验数值与字段归属,,
020_佛山市顺德区共诺电子元件厂搬迁项目_01_受理公告或公示版,工艺与产污,工艺流程、生产工艺、产污环节,工艺流程、生产工艺、产污环节,采供清单。鼓励重点行业企业开展 生产工艺和设备水性化改造，推广使 用水性、高固体分，无溶剂、粉末等 低 VOCs 含量涂料。严格落实《挥发 性有机物无组,采供清单。鼓励重点行业企业开展 生产工艺和设备水性化改造，推广使 用水性、高固体分，无溶剂、粉末等 低 VOCs 含量涂料。严格落实《挥发 性有机物无组,关键词已对应，待人工核验数值与字段归属,,
020_佛山市顺德区共诺电子元件厂搬迁项目_01_受理公告或公示版,源强与定量核算,产生量、排放量、收集效率,产生量、排放量、收集效率,量为 0.164 t/a，无组织排放量 为 0.037 t/a，项目 NMHC 有组 织及无组织合计排放量为 0.201 t/a。根据《关于做好建 设项,量为 0.164 t/a，无组织排放量 为 0.037 t/a，项目 NMHC 有组 织及无组织合计排放量为 0.201 t/a。根据《关于做好建 设项,关键词已对应，待人工核验数值与字段归属,,
020_佛山市顺德区共诺电子元件厂搬迁项目_01_受理公告或公示版,废气治理,废气治理、废气收集、活性炭,废气治理、废气收集、活性炭,。 项目注塑废气经整室收集，经 活性炭吸附装置处理后通过 15 m 高 G1 排气筒达标排放。 废气采取有效收集措施。 符合 3 关于印发《广东 省涉挥,。 项目注塑废气经整室收集，经 活性炭吸附装置处理后通过 15 m 高 G1 排气筒达标排放。 废气采取有效收集措施。 符合 3 关于印发《广东 省涉挥,关键词已对应，待人工核验数值与字段归属,,
020_佛山市顺德区共诺电子元件厂搬迁项目_01_受理公告或公示版,固废与危险废物,危险废物、固体废物、危废暂存,危险废物、固体废物、危废暂存, 理方式资质佐证材料。 项目建立危险废物台账，定 期将废液压油、废机油、废 包装桶、废活性炭等危险废 物交给有资质的单位处理， 符 合 5 整理危废处理, 理方式资质佐证材料。 项目建立危险废物台账，定 期将废液压油、废机油、废 包装桶、废活性炭等危险废 物交给有资质的单位处理， 符 合 第10页 5 整,关键词已对应，待人工核验数值与字段归属,,
020_佛山市顺德区共诺电子元件厂搬迁项目_01_受理公告或公示版,总量与执行标准,总量控制、总量指标、执行标准,总量控制、总量指标、执行标准,增量”原则，动态管理 VOCs 总量指标。新、改、扩建排放 VOCs 的重点行业建设项目应当执行总量 替代制度，重点行业包括炼油与石 化、化学原料和化学,增量”原则，动态管理 VOCs 总量指标。新、改、扩建排放 VOCs 的重点行业建设项目应当执行总量 替代制度，重点行业包括炼油与石 化、化学原料和化学,关键词已对应，待人工核验数值与字段归属,,
020_佛山市顺德区共诺电子元件厂搬迁项目_01_受理公告或公示版,监督检查清单,环境保护措施监督检查清单、监督检查清单,环境保护措施监督检查清单、监督检查清单,.......... 22 五、环境保护措施监督检查清单 ...............................................,.......... 22 五、环境保护措施监督检查清单 ...............................................,关键词已对应，待人工核验数值与字段归属,,
021_佛山市锐拓新材料有限公司新建项目_01_受理公告或公示版,项目基本情况,建设项目名称、建设地点、总投资,建设项目名称、建设地点、总投资, 1 — 一、建设项目基本情况 建设项目名称 佛山市锐拓新材料有限公司新建项目 项目代码 无 建设单位联系人 高** 联系方式 189******** , 1 — 一、建设项目基本情况 建设项目名称 佛山市锐拓新材料有限公司新建项目 项目代码 无 建设单位联系人 高** 联系方式 189******** ,关键词已对应，待人工核验数值与字段归属,,
021_佛山市锐拓新材料有限公司新建项目_01_受理公告或公示版,产品与产量,产品方案、主要产品、产品名称,产品方案、主要产品、产品名称,为经营范围为从事塑料颗粒的生产，年产 ABS 颗粒 130 吨、PC 颗粒 130 吨、PP 颗粒 130 吨。 项目组成详见下表 2-1。 表 2-1,为经营范围为从事塑料颗粒的生产，年产 ABS 颗粒 130 吨、PC 颗粒 130 吨、PP 颗粒 130 吨。 项目组成详见下表 2-1。 表 2-1,关键词已对应，待人工核验数值与字段归属,,
021_佛山市锐拓新材料有限公司新建项目_01_受理公告或公示版,原辅材料,主要原辅材料、原辅材料、辅料,主要原辅材料、原辅材料、辅料,制品制造，不涉及高挥 发性有机物原辅材料 使用 8、本项目 50 米范围内 无声环境敏感点，60 米 范围内有居住区，100 米范围内无学校、医院 等敏,制品制造，不涉及高挥 发性有机物原辅材料 使用 8、本项目 50 米范围内 无声环境敏感点，60 米 范围内有居住区，100 米范围内无学校、医院 等敏,关键词已对应，待人工核验数值与字段归属,,
021_佛山市锐拓新材料有限公司新建项目_01_受理公告或公示版,生产设备,主要生产设备、设备名称、生产设施,主要生产设备、设备名称、生产设施,注塑、排放恶臭气味的生 产工艺和生产设施。 10、结合《顺德区高质量推动村 级工业园升级改造总体规划》， 推进区域村级工业园改造工作， 禁止重复低水平建,注塑、排放恶臭气味的生 产工艺和生产设施。 10、结合《顺德区高质量推动村 级工业园升级改造总体规划》， 推进区域村级工业园改造工作， 禁止重复低水平建,关键词已对应，待人工核验数值与字段归属,,
021_佛山市锐拓新材料有限公司新建项目_01_受理公告或公示版,工艺与产污,工艺流程、生产工艺、产污环节,工艺流程、生产工艺、产污环节,环境风险”产品。项 目生产产品、生产工艺和生产设备均不属于《产业结构调整指导目录（2024 年本）》（国家发展和改革委员会令第 29 号，2020 年 ,环境风险”产品。项 目生产产品、生产工艺和生产设备均不属于《产业结构调整指导目录（2024 年本）》（国家发展和改革委员会令第 29 号，2020 年 ,关键词已对应，待人工核验数值与字段归属,,
021_佛山市锐拓新材料有限公司新建项目_01_受理公告或公示版,源强与定量核算,污染源强、产生量、排放量,污染源强、产生量、排放量,......62 建设项目污染物排放量汇总表 .....................................................,......62 建设项目污染物排放量汇总表 .....................................................,关键词已对应，待人工核验数值与字段归属,,
021_佛山市锐拓新材料有限公司新建项目_01_受理公告或公示版,废气治理,废气治理、废气收集、活性炭,废气治理、废气收集、活性炭,经包围型集气罩收集后一 起引至“活性炭吸附装置”处理后通过 18m 高的 DA001 排气筒引至高空排放， 不采用低温等离子、UV 光解、RTO 燃烧炉,经包围型集气罩收集后一 起引至“活性炭吸附装置”处理后通过 18m 高的 DA001 排气筒引至高空排放， 不采用低温等离子、UV 光解、RTO 燃烧炉,关键词已对应，待人工核验数值与字段归属,,
021_佛山市锐拓新材料有限公司新建项目_01_受理公告或公示版,固废与危险废物,危险废物、固体废物、危废暂存,危险废物、固体废物、危废暂存,险防控区域。 项目生产过程产生的危险废物分类收集后定期交由具有危废处置资质的公 — 9 — 司处理，并通过信息系统登记转移计划和电子转移联单，符合危险废,险防控区域。 项目生产过程产生的危险废物分类收集后定期交由具有危废处置资质的公 第11页 — 9 — 司处理，并通过信息系统登记转移计划和电子转移联单，,关键词已对应，待人工核验数值与字段归属,,
021_佛山市锐拓新材料有限公司新建项目_01_受理公告或公示版,总量与执行标准,总量控制、总量指标、执行标准,总量控制、总量指标、执行标准,氮氧化物及挥 发性有机物等）实施总量控制； 上年度重点河涌水质未达到水 环境质量目标 的管控分区所在 镇（街道），须组织编制、系统 实施、向社会公开区域,氮氧化物及挥 发性有机物等）实施总量控制； 上年度重点河涌水质未达到水 环境质量目标 的管控分区所在 镇（街道），须组织编制、系统 实施、向社会公开区域,关键词已对应，待人工核验数值与字段归属,,
021_佛山市锐拓新材料有限公司新建项目_01_受理公告或公示版,监督检查清单,环境保护措施监督检查清单、监督检查清单,环境保护措施监督检查清单、监督检查清单,.......... 30 五、环境保护措施监督检查清单 ...............................................,.......... 30 五、环境保护措施监督检查清单 ...............................................,关键词已对应，待人工核验数值与字段归属,,
022_佛山市通能达科技有限公司新建项目_01_受理公告或公示版,项目基本情况,建设项目名称、建设地点、总投资,建设项目名称、建设地点、总投资,01 1 一、建设项目基本情况 建设项目名称 佛山市通能达科技有限公司新建项目 项目代码 无 建设单位联系人 徐竹江 联系方式 13692156889 ,6页 1 一、建设项目基本情况 建设项目名称 佛山市通能达科技有限公司新建项目 项目代码 无 建设单位联系人 徐竹江 联系方式 13692156889 ,关键词已对应，待人工核验数值与字段归属,,
022_佛山市通能达科技有限公司新建项目_01_受理公告或公示版,产品与产量,产品方案、主要产品、产品名称,产品方案、主要产品、产品名称,壳、运动器具护膝配件的加工生产，年产美发棒 塑料外壳 50 万套、运动器具护膝配件 65 万套。 现申请办理相关环保手续。 表2-1 项目所属行业分析表,壳、运动器具护膝配件的加工生产，年产美发棒 塑料外壳 50 万套、运动器具护膝配件 65 万套。 现申请办理相关环保手续。 表2-1 项目所属行业分析表,关键词已对应，待人工核验数值与字段归属,,
022_佛山市通能达科技有限公司新建项目_01_受理公告或公示版,原辅材料,主要原辅材料、原辅材料、原料名称,主要原辅材料、原辅材料、原料名称,制新建生 产和使用高挥发性有机物原辅材料的 项目，鼓励建设挥发性有机物共性工 厂。 本项目 属于塑料零件及其他塑 料制品制造项目 ，不属于日用 玻璃制造,制新建生 产和使用高挥发性有机物原辅材料的 项目，鼓励建设挥发性有机物共性工 厂。 本项目 属于塑料零件及其他塑 料制品制造项目 ，不属于日用 玻璃制造,关键词已对应，待人工核验数值与字段归属,,
022_佛山市通能达科技有限公司新建项目_01_受理公告或公示版,生产设备,主要生产设备、设备名称、生产设施,主要生产设备、设备名称、生产设施,。 符合 16 排放限值；车间或生产设施排气 中NMHC初始排放速率≥3kg/h时， 建设末端治污设施且处理效率 ≥80%；b）厂区内无组织排放监 控点,第21页 16 排放限值；车间或生产设施排气 中NMHC初始排放速率≥3kg/h时， 建设末端治污设施且处理效率 ≥80%；b）厂区内无组织排放监 控点,关键词已对应，待人工核验数值与字段归属,,
022_佛山市通能达科技有限公司新建项目_01_受理公告或公示版,工艺与产污,工艺流程、生产工艺、产污环节,工艺流程、生产工艺、产污环节,洗、涂装、注 塑、排放恶臭气味的生产工艺和生产 设施。 10.结合《顺德区高质量推动村级工业 园升级改造总体规划》，推进区域村 级工业园改造工作，禁止重,洗、涂装、注 塑、排放恶臭气味的生产工艺和生产 设施。 10.结合《顺德区高质量推动村级工业 园升级改造总体规划》，推进区域村 级工业园改造工作，禁止重,关键词已对应，待人工核验数值与字段归属,,
022_佛山市通能达科技有限公司新建项目_01_受理公告或公示版,源强与定量核算,产生量、排放量、收集效率,产生量、排放量、收集效率,水处理 需求的区域，不应引入废水排放量较 项目 属于扩区南片区， 生活污 水经三级化粪池预处理后排入 杏坛污水处理厂处理，尾水排 符 合 3 大的项目。,水处理 需求的区域，不应引入废水排放量较 项目 属于扩区南片区， 生活污 水经三级化粪池预处理后排入 杏坛污水处理厂处理，尾水排 符 合 第8页 3 大,关键词已对应，待人工核验数值与字段归属,,
022_佛山市通能达科技有限公司新建项目_01_受理公告或公示版,废气治理,废气治理、废气收集、活性炭,废气治理、废气收集、活性炭,制 要求，以及VOCs无组织排放废气收集 处理系统要求执行《挥发性有机物无 组 织 排 放 控 制 标 准 》 （GB 37822 - 2019）要求，,制 要求，以及VOCs无组织排放废气收集 处理系统要求执行《挥发性有机物无 组 织 排 放 控 制 标 准 》 （GB 37822 - 2019）要求，,关键词已对应，待人工核验数值与字段归属,,
022_佛山市通能达科技有限公司新建项目_01_受理公告或公示版,固废与危险废物,危险废物、固体废物、危废暂存,危险废物、固体废物、危废暂存,目将按照《佛山市生态环境 局关于危险废物产生单位突发 环境事件应急预案备案的指导 意 见 （ 试 行 ） 》 进 行 简 化 备 案，并配合园区的应急工,目将按照《佛山市生态环境 局关于危险废物产生单位突发 环境事件应急预案备案的指导 意 见 （ 试 行 ） 》 进 行 简 化 备 案，并配合园区的应急工,关键词已对应，待人工核验数值与字段归属,,
022_佛山市通能达科技有限公司新建项目_01_受理公告或公示版,总量与执行标准,总量控制、总量指标、执行标准,总量控制、总量指标、执行标准,氮氧化物及 挥发性有机物等）实施总量控制；上 年度重点河涌水质未达到水环境质量 目标的管控分区所在镇（街道），须 组织编制、系统实施、向社会公开区 域重,氮氧化物及 挥发性有机物等）实施总量控制；上 年度重点河涌水质未达到水环境质量 目标的管控分区所在镇（街道），须 组织编制、系统实施、向社会公开区 域重,关键词已对应，待人工核验数值与字段归属,,
022_佛山市通能达科技有限公司新建项目_01_受理公告或公示版,监督检查清单,环境保护措施监督检查清单、监督检查清单,环境保护措施监督检查清单、监督检查清单,.......... 36 五、环境保护措施监督检查清单 ...............................................,.......... 36 五、环境保护措施监督检查清单 ...............................................,关键词已对应，待人工核验数值与字段归属,,
023_佛山市巨人电器有限公司新建项目_01_受理公告或公示版,项目基本情况,建设项目名称、建设地点、总投资,建设项目名称、建设地点、总投资,76 1 一、建设项目基本情况 建设项目名称 佛山市巨人电器有限公司新建项目 项目代码 无 建设单位联系人 钟开平 联系方式 13923253342 建,6页 1 一、建设项目基本情况 建设项目名称 佛山市巨人电器有限公司新建项目 项目代码 无 建设单位联系人 钟开平 联系方式 13923253342 建,关键词已对应，待人工核验数值与字段归属,,
023_佛山市巨人电器有限公司新建项目_01_受理公告或公示版,产品与产量,主要产品、年产,主要产品、年产,家用电器零配件的生产和经营，计划年产家用电器零配件 393 吨。项目工程组成情况见表 2-1。 表 2-1 项目工程组成情况 工程 工程名称 规模 工程,家用电器零配件的生产和经营，计划年产家用电器零配件 393 吨。项目工程组成情况见表 2-1。 表 2-1 项目工程组成情况 工程 工程名称 规模 工程,关键词已对应，待人工核验数值与字段归属,,
023_佛山市巨人电器有限公司新建项目_01_受理公告或公示版,原辅材料,原辅材料、原料名称,原辅材料、原料名称,原油加工等项目。项目生产使用 的原辅材料为低挥发性物质，不属于新建生产和使用高挥发性有机物原辅材料 的项目，符合区域布局管控要求。 2）能源资源利用要求,原油加工等项目。项目生产使用 的原辅材料为低挥发性物质，不属于新建生产和使用高挥发性有机物原辅材料 的项目，符合区域布局管控要求。 2）能源资源利用要求,关键词已对应，待人工核验数值与字段归属,,
023_佛山市巨人电器有限公司新建项目_01_受理公告或公示版,生产设备,设备名称、生产设施,设备名称、生产设施,度不高于相应的排放 限值；车间或生产设施排气中 NMHC 初始排放速率≥3kg/h 时，建设 VOCs 处理设施且处 理效率≥80%；b）厂区内无组 织,度不高于相应的排放 限值；车间或生产设施排气中 NMHC 初始排放速率≥3kg/h 时，建设 VOCs 处理设施且处 理效率≥80%；b）厂区内无组 织,关键词已对应，待人工核验数值与字段归属,,
023_佛山市巨人电器有限公司新建项目_01_受理公告或公示版,工艺与产污,工艺流程、生产工艺、产污环节,工艺流程、生产工艺、产污环节,，加快涉 VOCs 重点行业 的生产工艺升级改造，推行自动化生产工 艺，对达不到要求的 VOCs 收集及治理设 施进行整治提升，逐步淘汰低效 VOCs ,，加快涉 VOCs 重点行业 的生产工艺升级改造，推行自动化生产工 艺，对达不到要求的 VOCs 收集及治理设 施进行整治提升，逐步淘汰低效 VOCs ,关键词已对应，待人工核验数值与字段归属,,
023_佛山市巨人电器有限公司新建项目_01_受理公告或公示版,源强与定量核算,产生量、排放量、收集效率,产生量、排放量、收集效率,..... 55 建设项目污染物排放量汇总表 .....................................................,..... 55 建设项目污染物排放量汇总表 .....................................................,关键词已对应，待人工核验数值与字段归属,,
023_佛山市巨人电器有限公司新建项目_01_受理公告或公示版,废气治理,废气治理、废气收集、活性炭,废气治理、废气收集、活性炭,50%，经配套治理设备治理后引至排气筒达标排放。通 过废气收集和处理措施能减少项目的挥发性有机物无组织排放；项目生活污水 经处理达标后排放至大门污水处理,50%，经配套治理设备治理后引至排气筒达标排放。通 过废气收集和处理措施能减少项目的挥发性有机物无组织排放；项目生活污水 经处理达标后排放至大门污水处理,关键词已对应，待人工核验数值与字段归属,,
023_佛山市巨人电器有限公司新建项目_01_受理公告或公示版,固废与危险废物,危险废物、固体废物、危废暂存,危险废物、固体废物、危废暂存,区环境风险防控 区域。项目产生的危险废物拟定期委托有资质的处置公司进行收集处理，并通 过信息系统登记转移计划和电子转移联单，符合危险废物全过程跟踪管理的,区环境风险防控 区域。项目产生的危险废物拟定期委托有资质的处置公司进行收集处理，并通 过信息系统登记转移计划和电子转移联单，符合危险废物全过程跟踪管理的,关键词已对应，待人工核验数值与字段归属,,
023_佛山市巨人电器有限公司新建项目_01_受理公告或公示版,总量与执行标准,总量控制、总量指标、执行标准,总量控制、总量指标、执行标准,机物实行区域内两 倍削减量替代，总量指标由镇街分配；项目所有产生有机废气的工序均配套有 收集设施，收集效率约 50%，经配套治理设备治理后引至排气筒达标,机物实行区域内两 倍削减量替代，总量指标由镇街分配；项目所有产生有机废气的工序均配套有 收集设施，收集效率约 50%，经配套治理设备治理后引至排气筒达标,关键词已对应，待人工核验数值与字段归属,,
023_佛山市巨人电器有限公司新建项目_01_受理公告或公示版,监督检查清单,环境保护措施监督检查清单、监督检查清单,环境保护措施监督检查清单、监督检查清单,.......... 29 五、环境保护措施监督检查清单 ...............................................,.......... 29 五、环境保护措施监督检查清单 ...............................................,关键词已对应，待人工核验数值与字段归属,,
024_佛山市黑曜电器科技有限公司新建项目_01_报批稿或报告表,项目基本情况,建设项目名称、建设地点、总投资,建设项目名称、建设地点、总投资,11 1 一、建设项目基本情况 建设项目名称 佛山市黑曜电器科技有限公司新建项目 项目代码 无 建设单位联系 人 刘建伟 联系方式 1338024110,6页 1 一、建设项目基本情况 建设项目名称 佛山市黑曜电器科技有限公司新建项目 项目代码 无 建设单位联系 人 刘建伟 联系方式 1338024110,关键词已对应，待人工核验数值与字段归属,,
024_佛山市黑曜电器科技有限公司新建项目_01_报批稿或报告表,产品与产量,产品方案、产品名称、年产,产品方案、产品名称、年产,按要求编写环境影响报告表。 2.产品方案 根据建设单位提供的资料，本项目的产品产量见表 2-1。 表 2-1 产品产能一览表 产品类型 年产量 备注 家,按要求编写环境影响报告表。 2.产品方案 根据建设单位提供的资料，本项目的产品产量见表 2-1。 表 2-1 产品产能一览表 产品类型 年产量 备注 家,关键词已对应，待人工核验数值与字段归属,,
024_佛山市黑曜电器科技有限公司新建项目_01_报批稿或报告表,原辅材料,主要原辅材料、原辅材料,主要原辅材料、原辅材料,OCs 物料（包括含 VOCs 原辅材料、含 VOCs 产 品、含 VOCs 废料以及有机聚 合物材料等）储存、转移和输 送、设备与管线组件泄漏、敞 开,OCs 物料（包括含 VOCs 原辅材料、含 VOCs 产 品、含 VOCs 废料以及有机聚 合物材料等）储存、转移和输 送、设备与管线组件泄漏、敞 开,关键词已对应，待人工核验数值与字段归属,,
024_佛山市黑曜电器科技有限公司新建项目_01_报批稿或报告表,生产设备,主要生产设备、设备名称、生产设施,主要生产设备、设备名称、生产设施,量 产品规定的除外 本项目车间或生产设施排 气中 NMHC 初始排放速率 小于 3kg/h。 符合 6.与《重点行业挥发性有机物综合治理方案》的通知（环,量 产品规定的除外 本项目车间或生产设施排 气中 NMHC 初始排放速率 小于 3kg/h。 符合 6.与《重点行业挥发性有机物综合治理方案》的通知（环,关键词已对应，待人工核验数值与字段归属,,
024_佛山市黑曜电器科技有限公司新建项目_01_报批稿或报告表,工艺与产污,工艺流程、生产工艺、产污节点,工艺流程、生产工艺、产污节点,采购清单。鼓励重点行 业企业开展生产工艺和设备 水性化改造，推广使用水性、 高固体分、无溶剂、粉末等低 VOCs 含量涂料。 本项目不涉及高 VOCs ,采购清单。鼓励重点行 业企业开展生产工艺和设备 水性化改造，推广使用水性、 高固体分、无溶剂、粉末等低 VOCs 含量涂料。 本项目不涉及高 VOCs ,关键词已对应，待人工核验数值与字段归属,,
024_佛山市黑曜电器科技有限公司新建项目_01_报批稿或报告表,源强与定量核算,产生量、排放量、收集效率,产生量、排放量、收集效率,..... 73 建设项目污染物排放量汇总表 .....................................................,..... 73 建设项目污染物排放量汇总表 .....................................................,关键词已对应，待人工核验数值与字段归属,,
024_佛山市黑曜电器科技有限公司新建项目_01_报批稿或报告表,废气治理,废气治理、废气收集、活性炭,废气治理、废气收集、活性炭,程中会产生一定量的有机废气，有机废气治理与 地区的治理政策符合性分析见下表。 表 1-1 项目与有机污染物治理政策的相符性 序号 政策要求 工程内容 符,程中会产生一定量的有机废气，有机废气治理与 地区的治理政策符合性分析见下表。 表 1-1 项目与有机污染物治理政策的相符性 序号 政策要求 工程内容 符,关键词已对应，待人工核验数值与字段归属,,
024_佛山市黑曜电器科技有限公司新建项目_01_报批稿或报告表,固废与危险废物,危险废物、固体废物,危险废物、固体废物, 高排气筒 DA001 排放。 固体废物 生活垃圾集中堆放，委托环卫部门及时清运处置；一般工业固废进 行统一收集后外售，厂区内有固定的固废堆放处；危险废, 高排气筒 DA001 排放。 固体废物 生活垃圾集中堆放，委托环卫部门及时清运处置；一般工业固废进 行统一收集后外售，厂区内有固定的固废堆放处；危险废,关键词已对应，待人工核验数值与字段归属,,
024_佛山市黑曜电器科技有限公司新建项目_01_报批稿或报告表,总量与执行标准,总量控制、总量指标、执行标准,总量控制、总量指标、执行标准,.与《顺德区重点行业挥发性有机物总量指标管理工作方案（2024年修订）》 相符性分析 4.1 环评文件审批部门确定受理 本 项 目 VOCs 总 量 指,.与《顺德区重点行业挥发性有机物总量指标管理工作方案（2024年修订）》 相符性分析 4.1 环评文件审批部门确定受理 本 项 目 VOCs 总 量 指,关键词已对应，待人工核验数值与字段归属,,
024_佛山市黑曜电器科技有限公司新建项目_01_报批稿或报告表,监督检查清单,环境保护措施监督检查清单、监督检查清单,环境保护措施监督检查清单、监督检查清单,.......... 33 五、环境保护措施监督检查清单 ...............................................,.......... 33 五、环境保护措施监督检查清单 ...............................................,关键词已对应，待人工核验数值与字段归属,,
025_佛山市天隆通塑料制品有限公司新建项目_01_受理公告或公示版,项目基本情况,建设项目名称、建设地点、总投资,建设项目名称、建设地点、总投资,划图 1 一、建设项目基本情况 建设项目名称 佛山市天隆通塑料制品有限公司新建项目 项目代码 无 建设单位联系人 杨成贵 联系方式 1382551363,6页 1 一、建设项目基本情况 建设项目名称 佛山市天隆通塑料制品有限公司新建项目 项目代码 无 建设单位联系人 杨成贵 联系方式 1382551363,关键词已对应，待人工核验数值与字段归属,,
025_佛山市天隆通塑料制品有限公司新建项目_01_受理公告或公示版,产品与产量,主要产品、产品名称、年产,主要产品、产品名称、年产,结皮座背垫的加工生产，生产规模为年产 PU 发泡轮胎 80 万个、自结皮扶手 25 万个、自结皮座背垫 12 万个。 根据《中华人民共和国环境影响评价法,结皮座背垫的加工生产，生产规模为年产 PU 发泡轮胎 80 万个、自结皮扶手 25 万个、自结皮座背垫 12 万个。 根据《中华人民共和国环境影响评价法,关键词已对应，待人工核验数值与字段归属,,
025_佛山市天隆通塑料制品有限公司新建项目_01_受理公告或公示版,原辅材料,主要原辅材料、原辅材料、辅料,主要原辅材料、原辅材料、辅料,身份证及被委托人身份证 附件5 原辅材料MSDS 附件 6 环评技术服务合同 附件 7 公示声明 附图 1 项目地理位置图 附图 2 项目四至卫星图 附,身份证及被委托人身份证 附件5 原辅材料MSDS 附件 6 环评技术服务合同 附件 7 公示声明 附图 1 项目地理位置图 附图 2 项目四至卫星图 附,关键词已对应，待人工核验数值与字段归属,,
025_佛山市天隆通塑料制品有限公司新建项目_01_受理公告或公示版,生产设备,主要生产设备、设备名称、生产设施,主要生产设备、设备名称、生产设施,）密度约为 40kg/m3 4、主要生产设备 17 根据建设单位提供的资料，项目主要生产设备详见下表。 表 2-3 项目主要生产设备一览表 序号 设备名,）密度约为 40kg/m3 4、主要生产设备 第22页 17 根据建设单位提供的资料，项目主要生产设备详见下表。 表 2-3 项目主要生产设备一览表 序,关键词已对应，待人工核验数值与字段归属,,
025_佛山市天隆通塑料制品有限公司新建项目_01_受理公告或公示版,工艺与产污,工艺流程、生产工艺、产污环节,工艺流程、生产工艺、产污环节,流水环境质 量为达标区。本项目 生产工艺不涉及酸 洗、磷化；不属于含 酸洗、喷涂、化学抛 光、电解等涉及废水 排放工艺的不锈钢型 材加工项目。 符合 【,流水环境质 量为达标区。本项目 生产工艺不涉及酸 洗、磷化；不属于含 酸洗、喷涂、化学抛 光、电解等涉及废水 排放工艺的不锈钢型 材加工项目。 符合 【,关键词已对应，待人工核验数值与字段归属,,
025_佛山市天隆通塑料制品有限公司新建项目_01_受理公告或公示版,源强与定量核算,产生量、排放量、收集效率,产生量、排放量、收集效率,..... 68 建设项目污染物排放量汇总表 .....................................................,..... 68 建设项目污染物排放量汇总表 .....................................................,关键词已对应，待人工核验数值与字段归属,,
025_佛山市天隆通塑料制品有限公司新建项目_01_受理公告或公示版,废气治理,废气治理、废气收集、活性炭,废气治理、废气收集、活性炭,工序产生的颗粒物一并收集后引至“活性炭吸附装置”处理后通过 3 55 米排气筒（G1）排放，对周边环境影响较小；生活污水经三级化粪 处理后达到广东省《水,工序产生的颗粒物一并收集后引至“活性炭吸附装置”处理后通过 第8页 3 55 米排气筒（G1）排放，对周边环境影响较小；生活污水经三级化粪 处理后达到广,关键词已对应，待人工核验数值与字段归属,,
025_佛山市天隆通塑料制品有限公司新建项目_01_受理公告或公示版,固废与危险废物,危险废物、固体废物,危险废物、固体废物,处理方资质佐 证材料 企业拟建立危险废物台账， 定期将危险废物交给有危废 资质的单位处理，整理危废处 理合同、转移联单等资料 符合 3、佛山市顺德区人民,处理方资质佐 证材料 企业拟建立危险废物台账， 定期将危险废物交给有危废 资质的单位处理，整理危废处 理合同、转移联单等资料 符合 3、佛山市顺德区人民,关键词已对应，待人工核验数值与字段归属,,
025_佛山市天隆通塑料制品有限公司新建项目_01_受理公告或公示版,总量与执行标准,总量控制、总量指标、执行标准,总量控制、总量指标、执行标准,显著低 于《合成树脂工业污 染物排放标准》 （GB31572-2015，含 2024年修改单）关于 挥发性有机有机液体 规定），不过周边五 百米范围不涉,显著低 于《合成树脂工业污 染物排放标准》 （GB31572-2015，含 2024年修改单）关于 挥发性有机有机液体 规定），不过周边五 百米范围不涉,关键词已对应，待人工核验数值与字段归属,,
025_佛山市天隆通塑料制品有限公司新建项目_01_受理公告或公示版,监督检查清单,环境保护措施监督检查清单、监督检查清单,环境保护措施监督检查清单、监督检查清单,.......... 39 五、环境保护措施监督检查清单 ...............................................,.......... 39 五、环境保护措施监督检查清单 ...............................................,关键词已对应，待人工核验数值与字段归属,,
026_佛山市顺德区振峰塑料模具制造有限公司分车间新建项目_01_受理公告或公示版,项目基本情况,建设项目名称、建设地点、总投资,建设项目名称、建设地点、总投资,合同 1 一、建设项目基本情况 建设项目名称 佛山市顺德区振峰塑料模具制造有限公司分车间新建项目 项目代码 无 建设单位联系人 联系方式 建设地点 广东,7页 1 一、建设项目基本情况 建设项目名称 佛山市顺德区振峰塑料模具制造有限公司分车间新建项目 项目代码 无 建设单位联系人 联系方式 建设地点 广东,关键词已对应，待人工核验数值与字段归属,,
026_佛山市顺德区振峰塑料模具制造有限公司分车间新建项目_01_受理公告或公示版,产品与产量,主要产品、产品名称、年产,主要产品、产品名称、年产,项目主要生产塑料制品、模具，预计年产塑料配件 950 万件/年、模具 100 套/年；项目主要生产工艺为混料、注塑、破碎、冷却、机加工（电 火花、铣、车,项目主要生产塑料制品、模具，预计年产塑料配件 950 万件/年、模具 100 套/年；项目主要生产工艺为混料、注塑、破碎、冷却、机加工（电 火花、铣、车,关键词已对应，待人工核验数值与字段归属,,
026_佛山市顺德区振峰塑料模具制造有限公司分车间新建项目_01_受理公告或公示版,原辅材料,主要原辅材料、原辅材料、原料名称,主要原辅材料、原辅材料、原料名称,推进低VOCs含量、低反应活性的原辅材料替代，将全面使用低VOCs含 量原辅材料的企业纳入正面清单和政府绿色采购清单。鼓励重点行业企业 开展生产工艺和设,推进低VOCs含量、低反应活性的原辅材料替代，将全面使用低VOCs含 量原辅材料的企业纳入正面清单和政府绿色采购清单。鼓励重点行业企业 开展生产工艺和设,关键词已对应，待人工核验数值与字段归属,,
026_佛山市顺德区振峰塑料模具制造有限公司分车间新建项目_01_受理公告或公示版,生产设备,主要生产设备、设备名称、生产设施,主要生产设备、设备名称、生产设施,足 要求。 符合 5.4 车间或生产设施排气中 NMHC 初 始排放速率≥3kg/h 时，建设 VOCs 处理设施且处理效率≥80%。厂区内 无组织排放,足 要求。 符合 5.4 车间或生产设施排气中 NMHC 初 始排放速率≥3kg/h 时，建设 VOCs 处理设施且处理效率≥80%。厂区内 无组织排放,关键词已对应，待人工核验数值与字段归属,,
026_佛山市顺德区振峰塑料模具制造有限公司分车间新建项目_01_受理公告或公示版,工艺与产污,工艺流程、生产工艺、产污节点,工艺流程、生产工艺、产污节点,采购清单。鼓励重点行业企业 开展生产工艺和设备水性化改造，推广使用水性、高固体分、无溶剂、粉 末等低VOCs含量涂料。严格落实《挥发性有机物无组织排放控,采购清单。鼓励重点行业企业 开展生产工艺和设备水性化改造，推广使用水性、高固体分、无溶剂、粉 末等低VOCs含量涂料。严格落实《挥发性有机物无组织排放控,关键词已对应，待人工核验数值与字段归属,,
026_佛山市顺德区振峰塑料模具制造有限公司分车间新建项目_01_受理公告或公示版,源强与定量核算,污染源强、产生量、排放量,污染源强、产生量、排放量,......51 建设项目污染物排放量汇总表 附图 1 项目地理位置图 附图 2 项目周围环境概况图 附图 3 项目四至卫星图 附图 4 项目环境敏感点,......51 建设项目污染物排放量汇总表 附图 1 项目地理位置图 附图 2 项目周围环境概况图 附图 3 项目四至卫星图 附图 4 项目环境敏感点,关键词已对应，待人工核验数值与字段归属,,
026_佛山市顺德区振峰塑料模具制造有限公司分车间新建项目_01_受理公告或公示版,废气治理,废气治理、废气收集、活性炭,废气治理、废气收集、活性炭,达标后排放至均安污水处理厂。生产废气收集后经“活性炭吸附”处理后 2 引至高空排放，不产生和排放有毒有害大气污染物项目，符合环境准入及 管控要求。 （2,达标后排放至均安污水处理厂。生产废气收集后经“活性炭吸附”处理后 第8页 2 引至高空排放，不产生和排放有毒有害大气污染物项目，符合环境准入及 管控要求,关键词已对应，待人工核验数值与字段归属,,
026_佛山市顺德区振峰塑料模具制造有限公司分车间新建项目_01_受理公告或公示版,固废与危险废物,危险废物、固体废物、危废暂存,危险废物、固体废物、危废暂存,原辅材 料、废气收集处理措 施、危险废物建立台 账；同时台账保存期限 不少于 3 年。 符合 6.《佛山市生态环境保护“十四五”规划》 6.1 鼓励重点,原辅材 料、废气收集处理措 施、危险废物建立台 账；同时台账保存期限 不少于 3 年。 符合 6.《佛山市生态环境保护“十四五”规划》 6.1 鼓励重点,关键词已对应，待人工核验数值与字段归属,,
026_佛山市顺德区振峰塑料模具制造有限公司分车间新建项目_01_受理公告或公示版,总量与执行标准,总量控制、执行标准、排放标准,总量控制、执行标准、排放标准,7.《固定污染源挥发性有机物综合排放标准》(DB44/ 2367-2022) 7.1 VOCs 物料储存无组织排放控制要 求 项目含 VOCs 物料主 ,7.《固定污染源挥发性有机物综合排放标准》(DB44/ 2367-2022) 7.1 VOCs 物料储存无组织排放控制要 求 项目含 VOCs 物料主 ,关键词已对应，待人工核验数值与字段归属,,
026_佛山市顺德区振峰塑料模具制造有限公司分车间新建项目_01_受理公告或公示版,监督检查清单,环境保护措施监督检查清单、监督检查清单,环境保护措施监督检查清单、监督检查清单,.......... 23 五、环境保护措施监督检查清单 ...............................................,.......... 23 五、环境保护措施监督检查清单 ...............................................,关键词已对应，待人工核验数值与字段归属,,
027_佛山市茂安耀科技有限公司新建项目_01_受理公告或公示版,项目基本情况,建设项目名称、建设地点、总投资,建设项目名称、建设地点、总投资,合同 1 一、建设项目基本情况 建设项目名称 佛山市茂安耀科技有限公司新建项目 项目代码 无 建设单位联系人 联系方式 建设地点 广东省佛山市顺德区均安,7页 1 一、建设项目基本情况 建设项目名称 佛山市茂安耀科技有限公司新建项目 项目代码 无 建设单位联系人 联系方式 建设地点 广东省佛山市顺德区均安,关键词已对应，待人工核验数值与字段归属,,
027_佛山市茂安耀科技有限公司新建项目_01_受理公告或公示版,产品与产量,主要产品、产品名称、年产,主要产品、产品名称、年产,N。 项目主要生产塑料制品，预计年产家电塑料配件 150 万件/年、日用塑料制品 50 万件/年； 项目主要生产工艺为混料、注塑、破碎、冷却工艺等。 1,N。 项目主要生产塑料制品，预计年产家电塑料配件 150 万件/年、日用塑料制品 50 万件/年； 项目主要生产工艺为混料、注塑、破碎、冷却工艺等。 1,关键词已对应，待人工核验数值与字段归属,,
027_佛山市茂安耀科技有限公司新建项目_01_受理公告或公示版,原辅材料,主要原辅材料、原辅材料、原料名称,主要原辅材料、原辅材料、原料名称,推进低VOCs含量、低反应活性的原辅材料替代，将全面使用低VOCs含 量原辅材料的企业纳入正面清单和政府绿色采购清单。鼓励重点行业企业 开展生产工艺和设,推进低VOCs含量、低反应活性的原辅材料替代，将全面使用低VOCs含 量原辅材料的企业纳入正面清单和政府绿色采购清单。鼓励重点行业企业 开展生产工艺和设,关键词已对应，待人工核验数值与字段归属,,
027_佛山市茂安耀科技有限公司新建项目_01_受理公告或公示版,生产设备,主要生产设备、设备名称、生产设施,主要生产设备、设备名称、生产设施,足 要求。 符合 5.4 车间或生产设施排气中 NMHC 初 车间排气中 NMHC 初 符合 8 始排放速率≥3kg/h 时，建设 VOCs 处理设施且,足 要求。 符合 5.4 车间或生产设施排气中 NMHC 初 车间排气中 NMHC 初 符合 第14页 8 始排放速率≥3kg/h 时，建设 VOCs ,关键词已对应，待人工核验数值与字段归属,,
027_佛山市茂安耀科技有限公司新建项目_01_受理公告或公示版,工艺与产污,工艺流程、生产工艺、产污节点,工艺流程、生产工艺、产污节点,采购清单。鼓励重点行业企业 开展生产工艺和设备水性化改造，推广使用水性、高固体分、无溶剂、粉 末等低VOCs含量涂料。严格落实《挥发性有机物无组织排放控,采购清单。鼓励重点行业企业 开展生产工艺和设备水性化改造，推广使用水性、高固体分、无溶剂、粉 末等低VOCs含量涂料。严格落实《挥发性有机物无组织排放控,关键词已对应，待人工核验数值与字段归属,,
027_佛山市茂安耀科技有限公司新建项目_01_受理公告或公示版,源强与定量核算,污染源强、产生量、排放量,污染源强、产生量、排放量,......49 建设项目污染物排放量汇总表 附图 1 项目地理位置图 附图 2 项目周围环境概况图 附图 3 项目四至卫星图 附图 4 项目环境敏感点,......49 建设项目污染物排放量汇总表 附图 1 项目地理位置图 附图 2 项目周围环境概况图 附图 3 项目四至卫星图 附图 4 项目环境敏感点,关键词已对应，待人工核验数值与字段归属,,
027_佛山市茂安耀科技有限公司新建项目_01_受理公告或公示版,废气治理,废气治理、废气收集、活性炭,废气治理、废气收集、活性炭,达标后排放至均安污水处理厂。生产废气收集后经“活性炭吸附”处理后 引至高空排放，不产生和排放有毒有害大气污染物项目，符合环境准入及 管控要求。 （2）与,达标后排放至均安污水处理厂。生产废气收集后经“活性炭吸附”处理后 引至高空排放，不产生和排放有毒有害大气污染物项目，符合环境准入及 管控要求。 （2）与,关键词已对应，待人工核验数值与字段归属,,
027_佛山市茂安耀科技有限公司新建项目_01_受理公告或公示版,固废与危险废物,危险废物、固体废物、危废暂存,危险废物、固体废物、危废暂存,原辅材 料、废气收集处理措 施、危险废物建立台 账；同时台账保存期限 不少于 3 年。 符合 6.《佛山市生态环境保护“十四五”规划》 6.1 鼓励重点,原辅材 料、废气收集处理措 施、危险废物建立台 账；同时台账保存期限 不少于 3 年。 符合 6.《佛山市生态环境保护“十四五”规划》 6.1 鼓励重点,关键词已对应，待人工核验数值与字段归属,,
027_佛山市茂安耀科技有限公司新建项目_01_受理公告或公示版,总量与执行标准,总量控制、执行标准、排放标准,总量控制、执行标准、排放标准,7.《固定污染源挥发性有机物综合排放标准》(DB44/ 2367-2022) 7.1 VOCs 物料储存无组织排放控制要 求 项目含 VOCs 物料主 ,7.《固定污染源挥发性有机物综合排放标准》(DB44/ 2367-2022) 7.1 VOCs 物料储存无组织排放控制要 求 项目含 VOCs 物料主 ,关键词已对应，待人工核验数值与字段归属,,
027_佛山市茂安耀科技有限公司新建项目_01_受理公告或公示版,监督检查清单,环境保护措施监督检查清单、监督检查清单,环境保护措施监督检查清单、监督检查清单,.......... 23 五、环境保护措施监督检查清单 ...............................................,.......... 23 五、环境保护措施监督检查清单 ...............................................,关键词已对应，待人工核验数值与字段归属,,
028_佛山市瑞易德塑料五金制品有限公司搬迁项目_01_受理公告或公示版,项目基本情况,建设项目名称、建设地点、总投资,建设项目名称、建设地点、总投资,68 1 一、建设项目基本情况 建设项目名称 佛山市瑞易德塑料五金制品有限公司搬迁项目 项目代码 无 建设单位联系 人 贺** 联系方式 133***2,6页 1 一、建设项目基本情况 建设项目名称 佛山市瑞易德塑料五金制品有限公司搬迁项目 项目代码 无 建设单位联系 人 贺** 联系方式 133***2,关键词已对应，待人工核验数值与字段归属,,
028_佛山市瑞易德塑料五金制品有限公司搬迁项目_01_受理公告或公示版,产品与产量,主要产品、年产,主要产品、年产,佛山市瑞易德塑料五金制品有限公司年产 模具 60 套，家具塑料配件 15 吨新建项目环境影响报告表的批复》 （顺管杏环审[2018]第 0313 号） ,佛山市瑞易德塑料五金制品有限公司年产 模具 60 套，家具塑料配件 15 吨新建项目环境影响报告表的批复》 （顺管杏环审[2018]第 0313 号） ,关键词已对应，待人工核验数值与字段归属,,
028_佛山市瑞易德塑料五金制品有限公司搬迁项目_01_受理公告或公示版,原辅材料,主要原辅材料、原辅材料,主要原辅材料、原辅材料,制新建生产和使用高挥发性有 机物原辅材料项目， 优先开展低VOCs含量原辅 材料替代，强化无组织排放控制。原则上不再 新建、扩建新增氮氧化物、烟（粉）尘,制新建生产和使用高挥发性有 机物原辅材料项目， 优先开展低VOCs含量原辅 材料替代，强化无组织排放控制。原则上不再 新建、扩建新增氮氧化物、烟（粉）尘,关键词已对应，待人工核验数值与字段归属,,
028_佛山市瑞易德塑料五金制品有限公司搬迁项目_01_受理公告或公示版,生产设备,设备名称、生产设施,设备名称、生产设施,备清单 主要生产单元、主要工艺、生产设施及设施参数见表2-3。 表 2-3 主要生产单元、主要工艺、生产设施及设施参数一览表 主要生产单 元 主要工艺 ,备清单 主要生产单元、主要工艺、生产设施及设施参数见表2-3。 表 2-3 主要生产单元、主要工艺、生产设施及设施参数一览表 主要生产单 元 主要工艺 ,关键词已对应，待人工核验数值与字段归属,,
028_佛山市瑞易德塑料五金制品有限公司搬迁项目_01_受理公告或公示版,工艺与产污,工艺流程、生产工艺、产污环节,工艺流程、生产工艺、产污环节,理系统发生故障或检 修时，对应的生产工艺设备应 停止运行，待检修完毕后同步 投入使用。 项目注塑过程必须开启风 机，有效减少无组织排放废 气。废气收集处,理系统发生故障或检 修时，对应的生产工艺设备应 停止运行，待检修完毕后同步 投入使用。 项目注塑过程必须开启风 机，有效减少无组织排放废 气。废气收集处,关键词已对应，待人工核验数值与字段归属,,
028_佛山市瑞易德塑料五金制品有限公司搬迁项目_01_受理公告或公示版,源强与定量核算,污染源强、产生量、排放量,污染源强、产生量、排放量,建、扩建新增氮氧化物、烟（粉）尘排放量 较大的建设项目。 项目位于大气环境布局 敏感区重点管控区内， 不生产和使用高挥发性 有机物原辅材料；有机 废气收,建、扩建新增氮氧化物、烟（粉）尘排放量 较大的建设项目。 项目位于大气环境布局 敏感区重点管控区内， 不生产和使用高挥发性 有机物原辅材料；有机 废气收,关键词已对应，待人工核验数值与字段归属,,
028_佛山市瑞易德塑料五金制品有限公司搬迁项目_01_受理公告或公示版,废气治理,废气治理、废气收集、活性炭,废气治理、废气收集、活性炭,高挥发性 有机物原辅材料；有机 废气收集经活性炭吸附 装置处理后高空排放， 无组织排放量较小。 符合 2.1 能 源 资 源 利 用 【能源/鼓励引导类,高挥发性 有机物原辅材料；有机 废气收集经活性炭吸附 装置处理后高空排放， 无组织排放量较小。 符合 2.1 能 源 资 源 利 用 【能源/鼓励引导类,关键词已对应，待人工核验数值与字段归属,,
028_佛山市瑞易德塑料五金制品有限公司搬迁项目_01_受理公告或公示版,固废与危险废物,危险废物、固体废物、危废暂存,危险废物、固体废物、危废暂存,于 2019 年 10 月通 过固体废物污染防治设施竣工环境保护验收（佛环 0310 环验〔2019〕第 A188 号） 。 现由于生产发展需要，公司拟,于 2019 年 10 月通 过固体废物污染防治设施竣工环境保护验收（佛环 0310 环验〔2019〕第 A188 号） 。 现由于生产发展需要，公司拟,关键词已对应，待人工核验数值与字段归属,,
028_佛山市瑞易德塑料五金制品有限公司搬迁项目_01_受理公告或公示版,总量与执行标准,总量控制、总量指标、执行标准,总量控制、总量指标、执行标准,水应执行《城镇 污水处理厂污染物排放标准》 （GB18918-2002） 一级 A标准及《广东省水污染物排放限值》 （DB44/26-2001）的较严值,水应执行《城镇 污水处理厂污染物排放标准》 （GB18918-2002） 一级 A标准及《广东省水污染物排放限值》 （DB44/26-2001）的较严值,关键词已对应，待人工核验数值与字段归属,,
028_佛山市瑞易德塑料五金制品有限公司搬迁项目_01_受理公告或公示版,监督检查清单,环境保护措施监督检查清单、监督检查清单,环境保护措施监督检查清单、监督检查清单,.......... 21 五、环境保护措施监督检查清单 ...............................................,.......... 21 五、环境保护措施监督检查清单 ...............................................,关键词已对应，待人工核验数值与字段归属,,
029_佛山市浩创时代包装制品有限公司新建项目_01_受理公告或公示版,项目基本情况,建设项目名称、建设地点、总投资,建设项目名称、建设地点、总投资,划图 1 一、建设项目基本情况 建设项目名称 佛山市浩创时代包装制品有限公司新建项目 项目代码 无 建设单位联系人 刘红燕 联系方式 130020327,6页 1 一、建设项目基本情况 建设项目名称 佛山市浩创时代包装制品有限公司新建项目 项目代码 无 建设单位联系人 刘红燕 联系方式 130020327,关键词已对应，待人工核验数值与字段归属,,
029_佛山市浩创时代包装制品有限公司新建项目_01_受理公告或公示版,产品与产量,产品方案、主要产品、年产,产品方案、主要产品、年产,杯和蛋糕杯的加工生产，生产规模为年产果冻杯 11500 万个、圆筒 600 万个、吸塑盒 400 万个、纸杯（包括一次性纸杯和蛋糕杯）21000 万个。,杯和蛋糕杯的加工生产，生产规模为年产果冻杯 11500 万个、圆筒 600 万个、吸塑盒 400 万个、纸杯（包括一次性纸杯和蛋糕杯）21000 万个。,关键词已对应，待人工核验数值与字段归属,,
029_佛山市浩创时代包装制品有限公司新建项目_01_受理公告或公示版,原辅材料,主要原辅材料、原辅材料、原料名称,主要原辅材料、原辅材料、原料名称, 附件 5 设备参数 附件 6 原辅材料 MSDS 附件 7 环评合同 附件 8 公示声明 附图 1 项目地理位置图 附图 2 项目四至卫星图 附图 3, 附件 5 设备参数 附件 6 原辅材料 MSDS 附件 7 环评合同 附件 8 公示声明 附图 1 项目地理位置图 附图 2 项目四至卫星图 附图 3,关键词已对应，待人工核验数值与字段归属,,
029_佛山市浩创时代包装制品有限公司新建项目_01_受理公告或公示版,生产设备,主要生产设备、设备名称、生产设施,主要生产设备、设备名称、生产设施,度不高于相应的排放限值； 车间或生产设施排气中 NMHC 初始排放速率≥3kg/h 时，建设 VOCs 处理设施且处理效率≥ 80%； b）厂区内无组织,度不高于相应的排放限值； 车间或生产设施排气中 NMHC 初始排放速率≥3kg/h 时，建设 VOCs 处理设施且处理效率≥ 80%； b）厂区内无组织,关键词已对应，待人工核验数值与字段归属,,
029_佛山市浩创时代包装制品有限公司新建项目_01_受理公告或公示版,工艺与产污,工艺流程、生产工艺、产污环节,工艺流程、生产工艺、产污环节,、吸塑工序 符合 13 使用先进生产工艺。通过采用全 密闭、连续化、自动化等生产技 术，以及高效工艺与设备等，减 少工艺过程无组织排放。挥发性 有机液体, 符合 第18页 13 使用先进生产工艺。通过采用全 密闭、连续化、自动化等生产技 术，以及高效工艺与设备等，减 少工艺过程无组织排放。挥发性 有机液体,关键词已对应，待人工核验数值与字段归属,,
029_佛山市浩创时代包装制品有限公司新建项目_01_受理公告或公示版,源强与定量核算,产生量、排放量、收集效率,产生量、排放量、收集效率,..... 72 建设项目污染物排放量汇总表 .....................................................,..... 72 建设项目污染物排放量汇总表 .....................................................,关键词已对应，待人工核验数值与字段归属,,
029_佛山市浩创时代包装制品有限公司新建项目_01_受理公告或公示版,废气治理,废气治理、废气收集、活性炭,废气治理、废气收集、活性炭, 吹瓶废气通过半密闭集气罩收集由活性炭吸附装置”处理后引至 29m 高排 气筒 G1 排放；项目丝印及烘干通过包围型集气罩收集后与吸塑废气通过半 密闭集, 吹瓶废气通过半密闭集气罩收集由活性炭吸附装置”处理后引至 29m 高排 气筒 G1 排放；项目丝印及烘干通过包围型集气罩收集后与吸塑废气通过半 密闭集,关键词已对应，待人工核验数值与字段归属,,
029_佛山市浩创时代包装制品有限公司新建项目_01_受理公告或公示版,固废与危险废物,危险废物、固体废物,危险废物、固体废物,等应急器材；危险废 物分类暂存，危险废物 暂存间设置有围堰，且 做好防渗漏和硬底化 处理；当废气收集系统 出现故障时，立即停止 生产，维修设备，并定 期,等应急器材；危险废 物分类暂存，危险废物 暂存间设置有围堰，且 做好防渗漏和硬底化 处理；当废气收集系统 出现故障时，立即停止 生产，维修设备，并定 期,关键词已对应，待人工核验数值与字段归属,,
029_佛山市浩创时代包装制品有限公司新建项目_01_受理公告或公示版,总量与执行标准,总量控制、总量指标、执行标准,总量控制、总量指标、执行标准,水应执行《城镇污水处 理厂污染物排放标准》 （GB18918-2002）一级 A 标准及《广 东省水污染物排放限值》 （DB44/26-2001）的较严,水应执行《城镇污水处 理厂污染物排放标准》 （GB18918-2002）一级 A 标准及《广 东省水污染物排放限值》 （DB44/26-2001）的较严,关键词已对应，待人工核验数值与字段归属,,
029_佛山市浩创时代包装制品有限公司新建项目_01_受理公告或公示版,监督检查清单,环境保护措施监督检查清单、监督检查清单,环境保护措施监督检查清单、监督检查清单,.......... 39 五、环境保护措施监督检查清单 ...............................................,.......... 39 五、环境保护措施监督检查清单 ...............................................,关键词已对应，待人工核验数值与字段归属,,
030_德旺众新材料科技（佛山）有限公司新建建设项目_01_受理公告或公示版,项目基本情况,建设项目名称、建设地点、总投资,建设项目名称、建设地点、总投资, 1 — 一、建设项目基本情况 建设项目名称 德旺众新材料科技（佛山）有限公司新建建设项目 项目代码 无 建设单位联系人 *** 联系方式 *** 建设, 1 — 一、建设项目基本情况 建设项目名称 德旺众新材料科技（佛山）有限公司新建建设项目 项目代码 无 建设单位联系人 *** 联系方式 *** 建设,关键词已对应，待人工核验数值与字段归属,,
030_德旺众新材料科技（佛山）有限公司新建建设项目_01_受理公告或公示版,产品与产量,产品名称、年产,产品名称、年产, 2-2 生产规模一览表 序号 产品名称 单位 生产规模 备注 1 PC 板材 件/a 51200 单件产品最大尺寸为 2440mm×1220mm×1., 2-2 生产规模一览表 序号 产品名称 单位 生产规模 备注 1 PC 板材 件/a 51200 单件产品最大尺寸为 2440mm×1220mm×1.,关键词已对应，待人工核验数值与字段归属,,
030_德旺众新材料科技（佛山）有限公司新建建设项目_01_受理公告或公示版,原辅材料,主要原辅材料、原辅材料、原料名称,主要原辅材料、原辅材料、原料名称,等项目。推广应用低挥 发性有机物原辅材料，严格限制 新建生产和使用高挥发性有机物 原辅材料的项目，鼓励建设挥发 性有机物共性工厂。 本项目位于珠三角核心,等项目。推广应用低挥 发性有机物原辅材料，严格限制 新建生产和使用高挥发性有机物 原辅材料的项目，鼓励建设挥发 性有机物共性工厂。 本项目位于珠三角核心,关键词已对应，待人工核验数值与字段归属,,
030_德旺众新材料科技（佛山）有限公司新建建设项目_01_受理公告或公示版,生产设备,主要生产设备、设备名称、生产设施,主要生产设备、设备名称、生产设施,度不高于相应 的排放限值；车间或生产设施排气中 NMHC 初始排放速率≥3 kg/h 时，建设 VOCs 处理设施且处理效率≥80%；b）厂 区内无组织,度不高于相应 的排放限值；车间或生产设施排气中 NMHC 初始排放速率≥3 kg/h 时，建设 VOCs 处理设施且处理效率≥80%；b）厂 区内无组织,关键词已对应，待人工核验数值与字段归属,,
030_德旺众新材料科技（佛山）有限公司新建建设项目_01_受理公告或公示版,工艺与产污,工艺流程、生产工艺、产污环节,工艺流程、生产工艺、产污环节,艺 流程 和产 排污 环节 1、工艺流程简述（图示） 本项目具体生产工艺流程如下： 图 2-3 生产工艺流程及产污环节示意图 生产工艺流程简述如下： 去,艺 流程 和产 排污 环节 1、工艺流程简述（图示） 本项目具体生产工艺流程如下： 图 2-3 生产工艺流程及产污环节示意图 生产工艺流程简述如下： 去,关键词已对应，待人工核验数值与字段归属,,
030_德旺众新材料科技（佛山）有限公司新建建设项目_01_受理公告或公示版,源强与定量核算,污染源强、产生量、排放量,污染源强、产生量、排放量,.. 44 附表 建设项目污染物排放量汇总表 附图 1 项目地理位置图 附图 2 项目环境四至图 附图 3 项目四至现状图 附图 4 厂房平面布置图 附,.. 44 附表 建设项目污染物排放量汇总表 附图 1 项目地理位置图 附图 2 项目环境四至图 附图 3 项目四至现状图 附图 4 厂房平面布置图 附,关键词已对应，待人工核验数值与字段归属,,
030_德旺众新材料科技（佛山）有限公司新建建设项目_01_受理公告或公示版,废气治理,废气治理、废气收集、活性炭,废气治理、废气收集、活性炭,附”装置处理达标后引至 31m 排气筒 DA001 排放； 生活污水经预处理后排至均安污水处理厂处理；固体废物分 类收集，一般固体废物由物资回收公司回收,附”装置处理达标后引至 31m 排气筒 DA001 排放； 生活污水经预处理后排至均安污水处理厂处理；固体废物分 类收集，一般固体废物由物资回收公司回收,关键词已对应，待人工核验数值与字段归属,,
030_德旺众新材料科技（佛山）有限公司新建建设项目_01_受理公告或公示版,固废与危险废物,危险废物、固体废物、危废暂存,危险废物、固体废物、危废暂存,扩建项目实施 减量替代。大力推进固体废物源 头减量化、资源化利用和无害化 处置，稳步推进“无废城市”试点 建设。 本项目地表水环境和声环境 能够满足相应,扩建项目实施 减量替代。大力推进固体废物源 头减量化、资源化利用和无害化 处置，稳步推进“无废城市”试点 建设。 本项目地表水环境和声环境 能够满足相应,关键词已对应，待人工核验数值与字段归属,,
030_德旺众新材料科技（佛山）有限公司新建建设项目_01_受理公告或公示版,总量与执行标准,总量控制、总量指标、执行标准,总量控制、总量指标、执行标准,马河、汾江河等重点流域水污 染物排放标准。重点水污染物未 达到环境质量改善目标的区域 内，新建、改建、扩建项目实施 减量替代。大力推进固体废物源 头减量,马河、汾江河等重点流域水污 染物排放标准。重点水污染物未 达到环境质量改善目标的区域 内，新建、改建、扩建项目实施 减量替代。大力推进固体废物源 头减量,关键词已对应，待人工核验数值与字段归属,,
030_德旺众新材料科技（佛山）有限公司新建建设项目_01_受理公告或公示版,监督检查清单,环境保护措施监督检查清单、监督检查清单,环境保护措施监督检查清单、监督检查清单,...........23 五、环境保护措施监督检查清单 ...............................................,...........23 五、环境保护措施监督检查清单 ...............................................,关键词已对应，待人工核验数值与字段归属,,
031_广东施格纳电气有限公司新建项目_01_受理公告或公示版,项目基本情况,建设项目名称、建设地点、总投资,建设项目名称、建设地点、总投资,签。 1 一、建设项目基本情况 建设项目名称 广东施格纳电气有限公司新建项目 项目代码 无 建设单位联系人 冯就荣 联系方式 13380280138 建,6页 1 一、建设项目基本情况 建设项目名称 广东施格纳电气有限公司新建项目 项目代码 无 建设单位联系人 冯就荣 联系方式 13380280138 建,关键词已对应，待人工核验数值与字段归属,,
031_广东施格纳电气有限公司新建项目_01_受理公告或公示版,产品与产量,产品方案、产品名称、年产,产品方案、产品名称、年产,主要 经营范围：驱动电源的生产，年产 240 万套，生产工艺为注塑、电路板贴片、插件、组装， 各个工艺生产彼此独立，只在最后装配。经过市场调研，拟投资 ,主要 经营范围：驱动电源的生产，年产 240 万套，生产工艺为注塑、电路板贴片、插件、组装， 各个工艺生产彼此独立，只在最后装配。经过市场调研，拟投资 ,关键词已对应，待人工核验数值与字段归属,,
031_广东施格纳电气有限公司新建项目_01_受理公告或公示版,原辅材料,主要原辅材料、原辅材料、原料名称,主要原辅材料、原辅材料、原料名称,取切实有效方法保障工业有机 溶剂原辅材料和产品密闭储存以及排放 VOCs 生产工序在固定车间内进行，监督 有机废气排放企业安装有机废气回收净化 设施。 ,取切实有效方法保障工业有机 溶剂原辅材料和产品密闭储存以及排放 VOCs 生产工序在固定车间内进行，监督 有机废气排放企业安装有机废气回收净化 设施。 ,关键词已对应，待人工核验数值与字段归属,,
031_广东施格纳电气有限公司新建项目_01_受理公告或公示版,生产设备,主要生产设备、生产设施、设备一览,主要生产设备、生产设施、设备一览,代措施。 本项目废气处理设 施和生产设施可做 到单独启动。 符合 《广东省涉挥发性有机物（VOCs）重点行业治理指引》（粤环办[2021]43 号） 十,代措施。 本项目废气处理设 施和生产设施可做 到单独启动。 符合 《广东省涉挥发性有机物（VOCs）重点行业治理指引》（粤环办[2021]43 号） 十,关键词已对应，待人工核验数值与字段归属,,
031_广东施格纳电气有限公司新建项目_01_受理公告或公示版,工艺与产污,工艺流程、生产工艺、产污环节,工艺流程、生产工艺、产污环节,采购清单。鼓励重 点行业企业开展生产工艺和设备水性化改 造，推广使用水性、高固体分、无溶剂、 粉末等低 VOCs 含量涂料。 本项目使用原辅料 已属于低,采购清单。鼓励重 点行业企业开展生产工艺和设备水性化改 造，推广使用水性、高固体分、无溶剂、 粉末等低 VOCs 含量涂料。 本项目使用原辅料 已属于低,关键词已对应，待人工核验数值与字段归属,,
031_广东施格纳电气有限公司新建项目_01_受理公告或公示版,源强与定量核算,污染源强、产生量、排放量,污染源强、产生量、排放量,、扩建新增氮氧 化物、烟（粉）尘排放量较大的建设项目。 项目位于大气环 境布局敏感重点 管控区内，但不生 产和使用高挥发 性有机物原辅材 料；项目产生的,、扩建新增氮氧 化物、烟（粉）尘排放量较大的建设项目。 项目位于大气环 境布局敏感重点 管控区内，但不生 产和使用高挥发 性有机物原辅材 料；项目产生的,关键词已对应，待人工核验数值与字段归属,,
031_广东施格纳电气有限公司新建项目_01_受理公告或公示版,废气治理,废气治理、废气收集、活性炭,废气治理、废气收集、活性炭,程中会产生一定量的有机废气，有机废气治理与地区 治理政策符合性见下表。 表 1-1 项目与挥发性有机物（VOCs）排放规定 序 号 政策要求 工程内容 ,程中会产生一定量的有机废气，有机废气治理与地区 治理政策符合性见下表。 表 1-1 项目与挥发性有机物（VOCs）排放规定 序 号 政策要求 工程内容 ,关键词已对应，待人工核验数值与字段归属,,
031_广东施格纳电气有限公司新建项目_01_受理公告或公示版,固废与危险废物,危险废物、固体废物、危废代码,危险废物、固体废物、危废代码,DA001 排放 固废处理设施 危险废物 面积为 10m2，一个危废间，交由有相应危废资质的单位 回收处置 一般工业固 废 面积为 20m2，一个一般固,DA001 排放 固废处理设施 危险废物 面积为 10m2，一个危废间，交由有相应危废资质的单位 回收处置 一般工业固 废 面积为 20m2，一个一般固,关键词已对应，待人工核验数值与字段归属,,
031_广东施格纳电气有限公司新建项目_01_受理公告或公示版,总量与执行标准,总量控制、总量指标、执行标准,总量控制、总量指标、执行标准,东省《固定污染源挥发性有机物综合排放标准》（DB44/2367-2022） 5 7.1. 通风生产设备、操作工位、车间厂房等应 当在符合安全生产、职业卫,东省《固定污染源挥发性有机物综合排放标准》（DB44/2367-2022） 第10页 5 7.1. 通风生产设备、操作工位、车间厂房等应 当在符合安全生,关键词已对应，待人工核验数值与字段归属,,
031_广东施格纳电气有限公司新建项目_01_受理公告或公示版,监督检查清单,环境保护措施监督检查清单、监督检查清单,环境保护措施监督检查清单、监督检查清单,...........33 五、环境保护措施监督检查清单 ...............................................,...........33 五、环境保护措施监督检查清单 ...............................................,关键词已对应，待人工核验数值与字段归属,,
032_佛山市沃丰德电器有限公司扩建项目_01_受理公告或公示版,项目基本情况,建设项目名称、建设地点、总投资,建设项目名称、建设地点、总投资,16 1 一、建设项目基本情况 建设项目名称 佛山市沃丰德电器有限公司扩建项目 项目代码 无 建设单位联系 人 胡国洪 联系方式 13923227796,7页 1 一、建设项目基本情况 建设项目名称 佛山市沃丰德电器有限公司扩建项目 项目代码 无 建设单位联系 人 胡国洪 联系方式 13923227796,关键词已对应，待人工核验数值与字段归属,,
032_佛山市沃丰德电器有限公司扩建项目_01_受理公告或公示版,产品与产量,产品方案、主要产品、年产,产品方案、主要产品、年产, 25-2-1 号地块之 31，年产小铜弯管 600 万只，现拟进行扩建，产能扩 充后年产小铜弯管 600 万只，铜跨管及单管 100 万件，铝跨管及单, 25-2-1 号地块之 31，年产小铜弯管 600 万只，现拟进行扩建，产能扩 充后年产小铜弯管 600 万只，铜跨管及单管 100 万件，铝跨管及单,关键词已对应，待人工核验数值与字段归属,,
032_佛山市沃丰德电器有限公司扩建项目_01_受理公告或公示版,原辅材料,主要原辅材料、原辅材料,主要原辅材料、原辅材料,OCs 物料（包括含 VOCs 原辅材料、含 VOCs 产 品、含 VOCs 废料以及有机聚 合物材料等）储存、转移和输 送、设备与管线组件泄漏、敞 开,OCs 物料（包括含 VOCs 原辅材料、含 VOCs 产 品、含 VOCs 废料以及有机聚 合物材料等）储存、转移和输 送、设备与管线组件泄漏、敞 开,关键词已对应，待人工核验数值与字段归属,,
032_佛山市沃丰德电器有限公司扩建项目_01_受理公告或公示版,生产设备,主要生产设备、设备名称、生产设施,主要生产设备、设备名称、生产设施,量 产品规定的除外 本项目车间或生产设施排 气中 NMHC 初始排放速率 小于 3kg/h。 符合 6.与《重点行业挥发性有机物综合治理方案》的通知（环,量 产品规定的除外 本项目车间或生产设施排 气中 NMHC 初始排放速率 小于 3kg/h。 符合 6.与《重点行业挥发性有机物综合治理方案》的通知（环,关键词已对应，待人工核验数值与字段归属,,
032_佛山市沃丰德电器有限公司扩建项目_01_受理公告或公示版,工艺与产污,工艺流程、生产工艺,工艺流程、生产工艺,从事空调制冷零件，项目生产产品、生产工艺和生 产设备均不属于《产业结构调整指导目录（2024 年本）》中的限制 或淘汰类别，也不属于国家发展改革委商务部,从事空调制冷零件，项目生产产品、生产工艺和生 产设备均不属于《产业结构调整指导目录（2024 年本）》中的限制 或淘汰类别，也不属于国家发展改革委商务部,关键词已对应，待人工核验数值与字段归属,,
032_佛山市沃丰德电器有限公司扩建项目_01_受理公告或公示版,源强与定量核算,产生量、排放量、收集效率,产生量、排放量、收集效率,..... 80 建设项目污染物排放量汇总表 .....................................................,..... 80 建设项目污染物排放量汇总表 .....................................................,关键词已对应，待人工核验数值与字段归属,,
032_佛山市沃丰德电器有限公司扩建项目_01_受理公告或公示版,废气治理,废气治理、废气收集、活性炭,废气治理、废气收集、活性炭,程中会产生一定量的有机废气，有机废气治理与 地区的治理政策符合性分析见下表。 表 1-1 项目与有机污染物治理政策的相符性 3 序号 政策要求 工程内容,程中会产生一定量的有机废气，有机废气治理与 地区的治理政策符合性分析见下表。 表 1-1 项目与有机污染物治理政策的相符性 第9页 3 序号 政策要求 ,关键词已对应，待人工核验数值与字段归属,,
032_佛山市沃丰德电器有限公司扩建项目_01_受理公告或公示版,固废与危险废物,危险废物、固体废物、危废暂存,危险废物、固体废物、危废暂存,售，厂区内有 固定的固废堆放处；危险废物经 收集后委托有资质单位进行处 理，厂区设有一 5m2 危废仓库， 并做好“三防”处理。 不变 噪 声 生产设备,售，厂区内有 固定的固废堆放处；危险废物经 收集后委托有资质单位进行处 理，厂区设有一 5m2 危废仓库， 并做好“三防”处理。 不变 噪 声 生产设备,关键词已对应，待人工核验数值与字段归属,,
032_佛山市沃丰德电器有限公司扩建项目_01_受理公告或公示版,总量与执行标准,总量控制、总量指标、执行标准,总量控制、总量指标、执行标准,.与《顺德区重点行业挥发性有机物总量指标管理工作方案（2024年修订）》 相符性分析 4.1 环评文件审批部门确定受理 建设项目环评文件后，新增 VOC,.与《顺德区重点行业挥发性有机物总量指标管理工作方案（2024年修订）》 相符性分析 4.1 环评文件审批部门确定受理 建设项目环评文件后，新增 VOC,关键词已对应，待人工核验数值与字段归属,,
032_佛山市沃丰德电器有限公司扩建项目_01_受理公告或公示版,监督检查清单,环境保护措施监督检查清单、监督检查清单,环境保护措施监督检查清单、监督检查清单,.......... 41 五、环境保护措施监督检查清单 ...............................................,.......... 41 五、环境保护措施监督检查清单 ...............................................,关键词已对应，待人工核验数值与字段归属,,
033_佛山市顺德区钧锐塑料厂迁建项目_01_受理公告或公示版,项目基本情况,建设项目名称、建设地点、总投资,建设项目名称、建设地点、总投资, 1 - 一、建设项目基本情况 建设项目名称 佛山市顺德区钧锐塑料厂迁建项目 项目代码 / 建设单位联系人 麦志朋 联系方式 13674050801 建, 1 - 一、建设项目基本情况 建设项目名称 佛山市顺德区钧锐塑料厂迁建项目 项目代码 / 建设单位联系人 麦志朋 联系方式 13674050801 建,关键词已对应，待人工核验数值与字段归属,,
033_佛山市顺德区钧锐塑料厂迁建项目_01_受理公告或公示版,产品与产量,产品方案、主要产品、年产,产品方案、主要产品、年产,C 塑料的生产与销售，建设规模为年产改性 PC 塑料 3800 吨。 原建设项目环保手续办理情况如下表所示。 表2-1 项目环评批复与验收情况一览表 环,C 塑料的生产与销售，建设规模为年产改性 PC 塑料 3800 吨。 原建设项目环保手续办理情况如下表所示。 表2-1 项目环评批复与验收情况一览表 环,关键词已对应，待人工核验数值与字段归属,,
033_佛山市顺德区钧锐塑料厂迁建项目_01_受理公告或公示版,原辅材料,主要原辅材料、原辅材料、原料名称,主要原辅材料、原辅材料、原料名称, 附件 3 租赁合同 附件 4 原辅材料 MSDS 附件 5 土地证明 附件 6 排水证明 附件 7 环评合同 附件 8 原项目环评批复 附件 9 原项, 附件 3 租赁合同 附件 4 原辅材料 MSDS 附件 5 土地证明 附件 6 排水证明 附件 7 环评合同 附件 8 原项目环评批复 附件 9 原项,关键词已对应，待人工核验数值与字段归属,,
033_佛山市顺德区钧锐塑料厂迁建项目_01_受理公告或公示版,生产设备,主要生产设备、设备名称、生产设施,主要生产设备、设备名称、生产设施,放收集措施 符合 3.3 车间或生产设施收集排放的废气，VOCs 初始排 放速率大于等于 3 千克/小时、重点区域大于等于 2 千克/小时的，应加大控制,放收集措施 符合 3.3 车间或生产设施收集排放的废气，VOCs 初始排 放速率大于等于 3 千克/小时、重点区域大于等于 2 千克/小时的，应加大控制,关键词已对应，待人工核验数值与字段归属,,
033_佛山市顺德区钧锐塑料厂迁建项目_01_受理公告或公示版,工艺与产污,工艺流程、生产工艺、产污环节,工艺流程、生产工艺、产污环节, 采购清单。鼓励重点行业企业开展生产工艺和设备水 性化改造，推广使用水性、高固体分、无溶剂、粉末 等低 VOCs 含量涂料。 本项目不涉及使用高挥发 性, 采购清单。鼓励重点行业企业开展生产工艺和设备水 性化改造，推广使用水性、高固体分、无溶剂、粉末 等低 VOCs 含量涂料。 本项目不涉及使用高挥发 性,关键词已对应，待人工核验数值与字段归属,,
033_佛山市顺德区钧锐塑料厂迁建项目_01_受理公告或公示版,源强与定量核算,产生量、排放量、收集效率,产生量、排放量、收集效率,. - 81 - 建设项目污染物排放量汇总表 附图 1 项目地理位置图 附图 2 项目周围环境现状图 附图 3 项目环境敏感目标范围图 附图 4 项目所,. - 81 - 建设项目污染物排放量汇总表 附图 1 项目地理位置图 附图 2 项目周围环境现状图 附图 3 项目环境敏感目标范围图 附图 4 项目所,关键词已对应，待人工核验数值与字段归属,,
033_佛山市顺德区钧锐塑料厂迁建项目_01_受理公告或公示版,废气治理,废气治理、废气收集、活性炭,废气治理、废气收集、活性炭,UV 光解、RTO 燃烧炉等有机废气治理设施纳入全厂安全风险辨识范 围，加强安全管理。禁止在规划专门用于危险化学品生 产、储存的区域（包括化工园区）外新,UV 光解、RTO 燃烧炉等有机废气治理设施纳入全厂安全风险辨识范 围，加强安全管理。禁止在规划专门用于危险化学品生 产、储存的区域（包括化工园区）外新,关键词已对应，待人工核验数值与字段归属,,
033_佛山市顺德区钧锐塑料厂迁建项目_01_受理公告或公示版,固废与危险废物,危险废物、固体废物、危废暂存,危险废物、固体废物、危废暂存,相符 环境风险防控要求。……提升危险废物监管能力， 利用信息化手段，推进全过程跟踪管理；健全危险废 物收集体系，推进危险废物利用处置能力结构优化。 本项,相符 环境风险防控要求。……提升危险废物监管能力， 利用信息化手段，推进全过程跟踪管理；健全危险废 物收集体系，推进危险废物利用处置能力结构优化。 本项,关键词已对应，待人工核验数值与字段归属,,
033_佛山市顺德区钧锐塑料厂迁建项目_01_受理公告或公示版,总量与执行标准,总量控制、总量指标、执行标准,总量控制、总量指标、执行标准,率。 到 2025 年，全市用水总量控制在 23.44 亿立方米以内， 万元地区生产总值用水量和万元工业增加值用水量较 2020 年降幅不低于 17%，,率。 到 2025 年，全市用水总量控制在 23.44 亿立方米以内， 万元地区生产总值用水量和万元工业增加值用水量较 2020 年降幅不低于 17%，,关键词已对应，待人工核验数值与字段归属,,
033_佛山市顺德区钧锐塑料厂迁建项目_01_受理公告或公示版,监督检查清单,环境保护措施监督检查清单、监督检查清单,环境保护措施监督检查清单、监督检查清单,...... - 46 - 五、环境保护措施监督检查清单................................................,...... - 46 - 五、环境保护措施监督检查清单................................................,关键词已对应，待人工核验数值与字段归属,,
034_广东梅州磁性材料有限公司顺德分公司迁扩建项目_01_受理公告或公示版,项目基本情况,建设项目名称、建设地点、总投资,建设项目名称、建设地点、总投资,协议 6 一、建设项目基本情况 建设项目名称 广东梅州磁性材料有限公司顺德分公司迁扩建项目 项目代码 / 建设单位联系 人 联系方式 建设地点 广东省佛,6页 6 一、建设项目基本情况 建设项目名称 广东梅州磁性材料有限公司顺德分公司迁扩建项目 项目代码 / 建设单位联系 人 联系方式 建设地点 广东省佛,关键词已对应，待人工核验数值与字段归属,,
034_广东梅州磁性材料有限公司顺德分公司迁扩建项目_01_受理公告或公示版,产品与产量,产品方案、主要产品、产品名称,产品方案、主要产品、产品名称,。 ②产品产量增加。迁扩建前项目年产塑料封条 80 吨，迁扩建后项目年产塑料封条 648.093 吨，产量增加 568.093 吨。 ③工艺增加。工艺新,。 ②产品产量增加。迁扩建前项目年产塑料封条 80 吨，迁扩建后项目年产塑料封条 648.093 吨，产量增加 568.093 吨。 ③工艺增加。工艺新,关键词已对应，待人工核验数值与字段归属,,
034_广东梅州磁性材料有限公司顺德分公司迁扩建项目_01_受理公告或公示版,原辅材料,主要原辅材料、原辅材料、原料名称,主要原辅材料、原辅材料、原料名称,.1 大力推进低 VOCs 含量原辅材料 源头替 代，严格落实国家和地方产品 VOCs 含量 限值质量标准，禁止建设生产和使用高 VOCs 含量的溶剂型,.1 大力推进低 VOCs 含量原辅材料 源头替 代，严格落实国家和地方产品 VOCs 含量 限值质量标准，禁止建设生产和使用高 VOCs 含量的溶剂型,关键词已对应，待人工核验数值与字段归属,,
034_广东梅州磁性材料有限公司顺德分公司迁扩建项目_01_受理公告或公示版,生产设备,主要生产设备、设备名称、生产设施,主要生产设备、设备名称、生产设施,度不高于相应的排放限 值；车间或生产设施排气中 NMHC 初始排 放速率≥3kg/h 时，建设 VOCs 处理设施且 处理效率≥80%； b）厂区内无组,度不高于相应的排放限 值；车间或生产设施排气中 NMHC 初始排 放速率≥3kg/h 时，建设 VOCs 处理设施且 处理效率≥80%； b）厂区内无组,关键词已对应，待人工核验数值与字段归属,,
034_广东梅州磁性材料有限公司顺德分公司迁扩建项目_01_受理公告或公示版,工艺与产污,工艺流程、生产工艺、产污环节,工艺流程、生产工艺、产污环节,强无组织排放控制。推进使用先进 生产工艺。通过采用全密闭、连续化、自 动化等生产技术，以及高效工艺与设备等， 减少工艺过程无组织排放。挥发性有机液 体装,强无组织排放控制。推进使用先进 生产工艺。通过采用全密闭、连续化、自 动化等生产技术，以及高效工艺与设备等， 减少工艺过程无组织排放。挥发性有机液 体装,关键词已对应，待人工核验数值与字段归属,,
034_广东梅州磁性材料有限公司顺德分公司迁扩建项目_01_受理公告或公示版,源强与定量核算,污染源强、产生量、排放量,污染源强、产生量、排放量,...84 附表 建设项目污染物排放量汇总表 附图 1 项目地理位置图 附图 2-1 项目 1 层车间平面布置图 附图 2-2 项目 2 层车间平面布置,...84 附表 建设项目污染物排放量汇总表 附图 1 项目地理位置图 附图 2-1 项目 1 层车间平面布置图 附图 2-2 项目 2 层车间平面布置,关键词已对应，待人工核验数值与字段归属,,
034_广东梅州磁性材料有限公司顺德分公司迁扩建项目_01_受理公告或公示版,废气治理,废气治理、废气收集、活性炭,废气治理、废气收集、活性炭,质垂帘 四周围挡）收集，再一并经活性炭吸附处理后引至一根 30m 高排气筒 DA001 高空排放，其余以无组织形式排放，对周边环境影响较小；本项目声环境,质垂帘 四周围挡）收集，再一并经活性炭吸附处理后引至一根 30m 高排气筒 DA001 高空排放，其余以无组织形式排放，对周边环境影响较小；本项目声环境,关键词已对应，待人工核验数值与字段归属,,
034_广东梅州磁性材料有限公司顺德分公司迁扩建项目_01_受理公告或公示版,固废与危险废物,危险废物、固体废物、危废暂存,危险废物、固体废物、危废暂存,、直接冷却区、原料 区、成品区、危险废物暂存 间、一般固废堆场。 位于广东省佛山市顺德区均 安镇星槎村星华三路1号领 智园3栋。面积约1017.09m2,、直接冷却区、原料 区、成品区、危险废物暂存 间、一般固废堆场。 位于广东省佛山市顺德区均 安镇星槎村星华三路1号领 智园3栋。面积约1017.09m2,关键词已对应，待人工核验数值与字段归属,,
034_广东梅州磁性材料有限公司顺德分公司迁扩建项目_01_受理公告或公示版,总量与执行标准,总量控制、总量指标、执行标准,总量控制、总量指标、执行标准,水应执行《城镇污水处 理厂污染物排放标准》 （GB18918-2002）一级 A 标准及 《广东省水污染物排放限值》 （DB44/26-2001）的较严,水应执行《城镇污水处 理厂污染物排放标准》 （GB18918-2002）一级 A 标准及 《广东省水污染物排放限值》 （DB44/26-2001）的较严,关键词已对应，待人工核验数值与字段归属,,
034_广东梅州磁性材料有限公司顺德分公司迁扩建项目_01_受理公告或公示版,监督检查清单,环境保护措施监督检查清单、监督检查清单,环境保护措施监督检查清单、监督检查清单,.......... 51 五、环境保护措施监督检查清单 ...............................................,.......... 51 五、环境保护措施监督检查清单 ...............................................,关键词已对应，待人工核验数值与字段归属,,
035_佛山麦琪科技有限公司建设项目_01_受理公告或公示版,项目基本情况,建设项目名称、建设地点、总投资,建设项目名称、建设地点、总投资,68 1 一、建设项目基本情况 建设项目名称 佛山麦琪科技有限公司建设项目 项目代码 无 建设单位联系人 联系方式 建设地点 佛山市顺德区大良街道五沙社,9页 1 一、建设项目基本情况 建设项目名称 佛山麦琪科技有限公司建设项目 项目代码 无 建设单位联系人 联系方式 建设地点 佛山市顺德区大良街道五沙社,关键词已对应，待人工核验数值与字段归属,,
035_佛山麦琪科技有限公司建设项目_01_受理公告或公示版,产品与产量,产品方案、产品名称、年产,产品方案、产品名称、年产,有资 质单位收集处理。 2、项目产品方案 14 建 设 内 容 表 2-2 项目产品规模 产品名称 年产量(万个) 规格 单位产品平均 质量(g/个) ,有资 质单位收集处理。 2、项目产品方案 第22页 14 建 设 内 容 表 2-2 项目产品规模 产品名称 年产量(万个) 规格 单位产品平均 质量(,关键词已对应，待人工核验数值与字段归属,,
035_佛山麦琪科技有限公司建设项目_01_受理公告或公示版,原辅材料,主要原辅材料、原辅材料、原料名称,主要原辅材料、原辅材料、原料名称,清洗剂、胶 黏剂等高挥发性有机物原辅材料 项目，鼓励现有该类项目搬迁退 出。 项目为塑料制品业，生产过程 中不使用溶剂型油墨、涂料、 清洗剂、胶黏剂等高,清洗剂、胶 黏剂等高挥发性有机物原辅材料 项目，鼓励现有该类项目搬迁退 出。 项目为塑料制品业，生产过程 中不使用溶剂型油墨、涂料、 清洗剂、胶黏剂等高,关键词已对应，待人工核验数值与字段归属,,
035_佛山麦琪科技有限公司建设项目_01_受理公告或公示版,生产设备,主要生产设备、设备一览,主要生产设备、设备一览,声治理 工程 合理调整设备布置，主要生产设备安装隔震垫，采用隔声、距离 衰减等治理措施。 固废处理 工程 生活垃圾定期委托环卫部门统一收集处理。 一般工,声治理 工程 合理调整设备布置，主要生产设备安装隔震垫，采用隔声、距离 衰减等治理措施。 固废处理 工程 生活垃圾定期委托环卫部门统一收集处理。 一般工,关键词已对应，待人工核验数值与字段归属,,
035_佛山麦琪科技有限公司建设项目_01_受理公告或公示版,工艺与产污,工艺流程、生产工艺、产污环节,工艺流程、生产工艺、产污环节,代，加快涉 VOCs 重点行业的生产工艺升级改 造，推行自动化生产工艺，对达不 到要求的 VOCs 收集及治理设施进 行整治提升，逐步淘汰低效 VOCs,代，加快涉 VOCs 重点行业的生产工艺升级改 造，推行自动化生产工艺，对达不 到要求的 VOCs 收集及治理设施进 行整治提升，逐步淘汰低效 VOCs,关键词已对应，待人工核验数值与字段归属,,
035_佛山麦琪科技有限公司建设项目_01_受理公告或公示版,源强与定量核算,污染源强、产生量、排放量,污染源强、产生量、排放量,..... 49 建设项目污染物排放量汇总表 .....................................................,..... 49 建设项目污染物排放量汇总表 .....................................................,关键词已对应，待人工核验数值与字段归属,,
035_佛山麦琪科技有限公司建设项目_01_受理公告或公示版,废气治理,废气治理、废气收集、活性炭,废气治理、废气收集、活性炭,对点局部密 闭集气罩收集后通过“活性炭 吸附”处理，引至 53m 高排气 筒排放。 符合 环 境 风 险 防 控 4-1.【水/综合类】大门污水处理厂、,对点局部密 闭集气罩收集后通过“活性炭 吸附”处理，引至 53m 高排气 筒排放。 符合 环 境 风 险 防 控 4-1.【水/综合类】大门污水处理厂、,关键词已对应，待人工核验数值与字段归属,,
035_佛山麦琪科技有限公司建设项目_01_受理公告或公示版,固废与危险废物,危险废物、固体废物、危废代码,危险废物、固体废物、危废代码,仓基础建设必须 按相关要求防渗，固体废物得 到妥善处理。经以上处理后， 本项目对区域内环境影响较 小，质量可保持现有水平。 符合 资 源 利 用 上 线,仓基础建设必须 按相关要求防渗，固体废物得 到妥善处理。经以上处理后， 本项目对区域内环境影响较 小，质量可保持现有水平。 符合 资 源 利 用 上 线,关键词已对应，待人工核验数值与字段归属,,
035_佛山麦琪科技有限公司建设项目_01_受理公告或公示版,总量与执行标准,总量控制、总量指标、执行标准,总量控制、总量指标、执行标准,水应执行《城镇污水 处理厂污染物排放标准》 （GB18918-2002）一级 A 标准及 《广东省水污染物排放限值》 （DB44/26-2001）的较严,水应执行《城镇污水 处理厂污染物排放标准》 （GB18918-2002）一级 A 标准及 《广东省水污染物排放限值》 （DB44/26-2001）的较严,关键词已对应，待人工核验数值与字段归属,,
035_佛山麦琪科技有限公司建设项目_01_受理公告或公示版,监督检查清单,环境保护措施监督检查清单、监督检查清单,环境保护措施监督检查清单、监督检查清单,.......... 25 五、环境保护措施监督检查清单 ...............................................,.......... 25 五、环境保护措施监督检查清单 ...............................................,关键词已对应，待人工核验数值与字段归属,,
036_佛山市顺德区晟昂电子科技有限公司新建项目_01_报批稿或报告表,项目基本情况,建设项目名称、建设地点、总投资,建设项目名称、建设地点、总投资,84 1 一、建设项目基本情况 建设项目名称 佛山市顺德区晟昂电子科技有限公司新建项目 项目代码 无 建设单位联系人 杨** 联系方式 1813835*,4页 1 一、建设项目基本情况 建设项目名称 佛山市顺德区晟昂电子科技有限公司新建项目 项目代码 无 建设单位联系人 杨** 联系方式 1813835*,关键词已对应，待人工核验数值与字段归属,,
036_佛山市顺德区晟昂电子科技有限公司新建项目_01_报批稿或报告表,产品与产量,产品方案、主要产品、年产,产品方案、主要产品、年产,、电子灯五金配 件的加工生产， 年产电子灯外壳 300 万个、电子灯五金配件 657985 个。 现申请办理相关环保手续。 表2-1 项目所属行业分析表,、电子灯五金配 件的加工生产， 年产电子灯外壳 300 万个、电子灯五金配件 657985 个。 现申请办理相关环保手续。 表2-1 项目所属行业分析表,关键词已对应，待人工核验数值与字段归属,,
036_佛山市顺德区晟昂电子科技有限公司新建项目_01_报批稿或报告表,原辅材料,主要原辅材料、原辅材料,主要原辅材料、原辅材料,等项目。推广应用低挥 发性有机物原辅材料，严格限制 新建生产和使用高挥发性有机物 原辅材料的项目，鼓励建设挥发 性有机物共性工厂。 项目位于珠三角核心区,等项目。推广应用低挥 发性有机物原辅材料，严格限制 新建生产和使用高挥发性有机物 原辅材料的项目，鼓励建设挥发 性有机物共性工厂。 项目位于珠三角核心区,关键词已对应，待人工核验数值与字段归属,,
036_佛山市顺德区晟昂电子科技有限公司新建项目_01_报批稿或报告表,生产设备,主要生产设备、设备名称、生产设施,主要生产设备、设备名称、生产设施,度不高于相应的 排放限值；车间或生产设施排 气中 NMHC 初 始 排 放 速 率 ≥3kg/h 时，建设 VOCs 处理设 施且处理效率 ≥80%；b,度不高于相应的 排放限值；车间或生产设施排 气中 NMHC 初 始 排 放 速 率 ≥3kg/h 时，建设 VOCs 处理设 施且处理效率 ≥80%；b,关键词已对应，待人工核验数值与字段归属,,
036_佛山市顺德区晟昂电子科技有限公司新建项目_01_报批稿或报告表,工艺与产污,工艺流程、生产工艺、产污环节,工艺流程、生产工艺、产污环节,的生产工 艺升级改造，推行自动化生产工艺，对达不 到要求的 VOCs 收集及治理设施进行整治提 升，逐步淘汰低效VOCs治理设施。 本项目不涉及高 挥发,的生产工 艺升级改造，推行自动化生产工艺，对达不 到要求的 VOCs 收集及治理设施进行整治提 升，逐步淘汰低效VOCs治理设施。 本项目不涉及高 挥发,关键词已对应，待人工核验数值与字段归属,,
036_佛山市顺德区晟昂电子科技有限公司新建项目_01_报批稿或报告表,源强与定量核算,产生量、排放量、收集效率,产生量、排放量、收集效率,氮 氧 化 物 、 烟 （粉）尘排放量较大的建设项目。 本项目不涉及高 挥发性有机物原 辅材料的生产和 使用，本项目不 属于新增氮氧化 物、烟（粉）尘 ,氮 氧 化 物 、 烟 （粉）尘排放量较大的建设项目。 本项目不涉及高 挥发性有机物原 辅材料的生产和 使用，本项目不 属于新增氮氧化 物、烟（粉）尘 ,关键词已对应，待人工核验数值与字段归属,,
036_佛山市顺德区晟昂电子科技有限公司新建项目_01_报批稿或报告表,废气治理,废气治理、废气收集、活性炭,废气治理、废气收集、活性炭,吸附装置处 理后引 至 40m 排气筒 （DA001）高空 排放。收集效率 可达 50% ，处 理效率可达 50%。 符 合 环境 风险 防控 4-1.,吸附装置处 理后引 至 40m 排气筒 （DA001）高空 排放。收集效率 可达 50% ，处 理效率可达 50%。 符 合 环境 风险 防控 4-1.,关键词已对应，待人工核验数值与字段归属,,
036_佛山市顺德区晟昂电子科技有限公司新建项目_01_报批稿或报告表,固废与危险废物,危险废物、固体废物、危废暂存,危险废物、固体废物、危废暂存,扩建项目实施 减量替代。大力推进固体废物源 头减量化、资源化利用和无害化 处置，稳步推进“无废城市”试 点建设。 项目属于新建项目，生活污 水经三级化粪,扩建项目实施 减量替代。大力推进固体废物源 头减量化、资源化利用和无害化 处置，稳步推进“无废城市”试 点建设。 项目属于新建项目，生活污 水经三级化粪,关键词已对应，待人工核验数值与字段归属,,
036_佛山市顺德区晟昂电子科技有限公司新建项目_01_报批稿或报告表,总量与执行标准,总量控制、总量指标、执行标准,总量控制、总量指标、执行标准,马河、汾江河等重点流域水污 染物排放标准。 重点水污染物未 达 到 环 境 质 量 改 善 目 标 的 区 域 内，新建、改建、扩建项目实施 减量替代。,马河、汾江河等重点流域水污 染物排放标准。 重点水污染物未 达 到 环 境 质 量 改 善 目 标 的 区 域 内，新建、改建、扩建项目实施 减量替代。,关键词已对应，待人工核验数值与字段归属,,
036_佛山市顺德区晟昂电子科技有限公司新建项目_01_报批稿或报告表,监督检查清单,环境保护措施监督检查清单、监督检查清单,环境保护措施监督检查清单、监督检查清单,.......... 30 五、环境保护措施监督检查清单 ...............................................,.......... 30 五、环境保护措施监督检查清单 ...............................................,关键词已对应，待人工核验数值与字段归属,,
037_佛山市锦汇塑料制品有限公司新建项目_01_受理公告或公示版,项目基本情况,建设项目名称、建设地点、总投资,建设项目名称、建设地点、总投资,75 1 一、建设项目基本情况 建设项目名称 佛山市锦汇塑料制品有限公司新建项目 项目代码 无 建设单位联系人 *** 联系方式 158*****116,6页 1 一、建设项目基本情况 建设项目名称 佛山市锦汇塑料制品有限公司新建项目 项目代码 无 建设单位联系人 *** 联系方式 158*****116,关键词已对应，待人工核验数值与字段归属,,
037_佛山市锦汇塑料制品有限公司新建项目_01_受理公告或公示版,产品与产量,主要产品、产品名称、年产,主要产品、产品名称、年产,业政 策。 本项目为塑料制品业，年产塑料热水器外壳 138.24 吨、塑料装饰条 480 吨。不属于《环境保护综合名录（2021 年版）》“高污染、高环,业政 策。 本项目为塑料制品业，年产塑料热水器外壳 138.24 吨、塑料装饰条 480 吨。不属于《环境保护综合名录（2021 年版）》“高污染、高环,关键词已对应，待人工核验数值与字段归属,,
037_佛山市锦汇塑料制品有限公司新建项目_01_受理公告或公示版,原辅材料,主要原辅材料、原辅材料、原料名称,主要原辅材料、原辅材料、原料名称,等项目。推广应用低挥发性有 机物原辅材料，严格限制新建 生产和使用高挥发性有机物 原辅材料的项目，鼓励建设挥 发性有机物共性工厂 项目不属于水泥、平板玻,等项目。推广应用低挥发性有 机物原辅材料，严格限制新建 生产和使用高挥发性有机物 原辅材料的项目，鼓励建设挥 发性有机物共性工厂 项目不属于水泥、平板玻,关键词已对应，待人工核验数值与字段归属,,
037_佛山市锦汇塑料制品有限公司新建项目_01_受理公告或公示版,生产设备,生产设施,生产设施,的最大尺寸。 3、主要生产工艺、生产设施、设施参数 本项目主要生产工艺、生产设施、设施参数及计量单位见下表。 表 2-3 项目主要生产工艺、生产设施、设,的最大尺寸。 3、主要生产工艺、生产设施、设施参数 本项目主要生产工艺、生产设施、设施参数及计量单位见下表。 表 2-3 项目主要生产工艺、生产设施、设,关键词已对应，待人工核验数值与字段归属,,
037_佛山市锦汇塑料制品有限公司新建项目_01_受理公告或公示版,工艺与产污,工艺流程、生产工艺、产污环节,工艺流程、生产工艺、产污环节,，加快涉 VOCs 重 点行业的生产工艺升级改造，推行自动 化生产工艺，对达不到要求的 VOCs 收 集及治理设施进行整治提升，逐步淘汰 低效 VOCs,，加快涉 VOCs 重 点行业的生产工艺升级改造，推行自动 化生产工艺，对达不到要求的 VOCs 收 集及治理设施进行整治提升，逐步淘汰 低效 VOCs,关键词已对应，待人工核验数值与字段归属,,
037_佛山市锦汇塑料制品有限公司新建项目_01_受理公告或公示版,源强与定量核算,产生量、排放量、收集效率,产生量、排放量、收集效率,间，全区建设项目新增 VOCs 排放量施行“减二增一”政策。 其中，有组织排放和无组织排放均纳 入新增指标管理；非甲烷总烃合并计 入 VOCs 管理。 ,间，全区建设项目新增 VOCs 排放量施行“减二增一”政策。 其中，有组织排放和无组织排放均纳 入新增指标管理；非甲烷总烃合并计 入 VOCs 管理。 ,关键词已对应，待人工核验数值与字段归属,,
037_佛山市锦汇塑料制品有限公司新建项目_01_受理公告或公示版,废气治理,废气治理、废气收集、活性炭,废气治理、废气收集、活性炭,辅材料项目，鼓 励建设共性工厂、活性炭集中 再生中心等挥发性有机物第三 方治理项目，推动挥发性有机 物集中高效处理。 项目不属于水泥、平板玻 璃、化学制,辅材料项目，鼓 励建设共性工厂、活性炭集中 再生中心等挥发性有机物第三 方治理项目，推动挥发性有机 物集中高效处理。 项目不属于水泥、平板玻 璃、化学制,关键词已对应，待人工核验数值与字段归属,,
037_佛山市锦汇塑料制品有限公司新建项目_01_受理公告或公示版,固废与危险废物,危险废物、固体废物、危废暂存,危险废物、固体废物、危废暂存,建项目实施减量替 代。 大力推进固体废物源头减量 化、资源化利用和无害化处 置，稳步推进“无废城市”试点 建设。 参考 2023 年洪奇沥水道水质 数据,建项目实施减量替 代。 大力推进固体废物源头减量 化、资源化利用和无害化处 置，稳步推进“无废城市”试点 建设。 参考 2023 年洪奇沥水道水质 数据,关键词已对应，待人工核验数值与字段归属,,
037_佛山市锦汇塑料制品有限公司新建项目_01_受理公告或公示版,总量与执行标准,总量控制、总量指标、执行标准,总量控制、总量指标、执行标准,26-2001）第一类污 染物的排放标准后纳入园区污 水管道送工业园污水处理厂处 理。本园区应按照《报告书》拟 定的入园企业类别引进企业项 目，并应避免,26-2001）第一类污 染物的排放标准后纳入园区污 水管道送工业园污水处理厂处 理。本园区应按照《报告书》拟 定的入园企业类别引进企业项 目，并应避免,关键词已对应，待人工核验数值与字段归属,,
037_佛山市锦汇塑料制品有限公司新建项目_01_受理公告或公示版,监督检查清单,环境保护措施监督检查清单、监督检查清单,环境保护措施监督检查清单、监督检查清单,...........32 五、环境保护措施监督检查清单 ...............................................,...........32 五、环境保护措施监督检查清单 ...............................................,关键词已对应，待人工核验数值与字段归属,,
038_佛山市海川塑料制品有限公司新建项目_01_受理公告或公示版,项目基本情况,建设项目名称、建设地点、总投资,建设项目名称、建设地点、总投资, 1 — 一、建设项目基本情况 建设项目名称 佛山市海川塑料制品有限公司新建项目 项目代码 无 建设单位联系人 ** 联系方式 ** 建设地点 广东省佛, 1 — 一、建设项目基本情况 建设项目名称 佛山市海川塑料制品有限公司新建项目 项目代码 无 建设单位联系人 ** 联系方式 ** 建设地点 广东省佛,关键词已对应，待人工核验数值与字段归属,,
038_佛山市海川塑料制品有限公司新建项目_01_受理公告或公示版,产品与产量,产品方案、年产,产品方案、年产,目 主要从事家用塑料配件的生产，年产家用塑料配件 160 吨，项目组成详见下表。 2. 项目基本情况 2.1 工程规模 项目工程规模见下表。 表 4项目,目 主要从事家用塑料配件的生产，年产家用塑料配件 160 吨，项目组成详见下表。 2. 项目基本情况 2.1 工程规模 项目工程规模见下表。 表 4项目,关键词已对应，待人工核验数值与字段归属,,
038_佛山市海川塑料制品有限公司新建项目_01_受理公告或公示版,原辅材料,原辅材料、辅料,原辅材料、辅料,塑料配件生产，生产的产品及使用的原辅材料均不属于《环境 保护综合名录（2021 年版）》中“高污染、高环境风险”产品名录，符合要求。 3、与广东省发展改,塑料配件生产，生产的产品及使用的原辅材料均不属于《环境 保护综合名录（2021 年版）》中“高污染、高环境风险”产品名录，符合要求。 3、与广东省发展改,关键词已对应，待人工核验数值与字段归属,,
038_佛山市海川塑料制品有限公司新建项目_01_受理公告或公示版,生产设备,生产设施、设备一览,生产设施、设备一览,度不高于相应的排放限值； 车间或生产设施排气中 NMHC 初始排放速率 ≥3 kg/h 时，建设 VOCs 处理设施且处理效率 ≥80%；b）厂区内无组,度不高于相应的排放限值； 车间或生产设施排气中 NMHC 初始排放速率 ≥3 kg/h 时，建设 VOCs 处理设施且处理效率 ≥80%；b）厂区内无组,关键词已对应，待人工核验数值与字段归属,,
038_佛山市海川塑料制品有限公司新建项目_01_受理公告或公示版,工艺与产污,工艺流程、生产工艺、产污环节,工艺流程、生产工艺、产污环节,采购清单。鼓励重点 行业企业开展生产工艺和设备水性化改造，推 广使用水性、高固体分、无溶剂、粉末等低 VOCs 含量涂料。严格落实《挥发性有机物无 组织,采购清单。鼓励重点 行业企业开展生产工艺和设备水性化改造，推 广使用水性、高固体分、无溶剂、粉末等低 VOCs 含量涂料。严格落实《挥发性有机物无 组织,关键词已对应，待人工核验数值与字段归属,,
038_佛山市海川塑料制品有限公司新建项目_01_受理公告或公示版,源强与定量核算,产生量、排放量、收集效率,产生量、排放量、收集效率,..... 47 建设项目污染物排放量汇总表 .....................................................,..... 47 建设项目污染物排放量汇总表 .....................................................,关键词已对应，待人工核验数值与字段归属,,
038_佛山市海川塑料制品有限公司新建项目_01_受理公告或公示版,废气治理,废气治理、废气收集、活性炭,废气治理、废气收集、活性炭,半密闭型集气罩点对点收 集，采用活性炭吸附装置处 理有机废气。 符 合 1.3 提高废气收集率，遵循“应收尽收、分质收集” 的原则，科学设计废气收集系统,半密闭型集气罩点对点收 集，采用活性炭吸附装置处 理有机废气。 符 合 1.3 提高废气收集率，遵循“应收尽收、分质收集” 的原则，科学设计废气收集系统,关键词已对应，待人工核验数值与字段归属,,
038_佛山市海川塑料制品有限公司新建项目_01_受理公告或公示版,固废与危险废物,危险废物、固体废物、危废暂存,危险废物、固体废物、危废暂存,处理方式资质佐证材料。 项目建立危险废物台账，定 期将废机油、废活性炭等危 险废物交给有资质的单位 处理，整理危废处理合同、 转移联单等资料。 符 合 ,处理方式资质佐证材料。 项目建立危险废物台账，定 期将废机油、废活性炭等危 险废物交给有资质的单位 处理，整理危废处理合同、 转移联单等资料。 符 合 ,关键词已对应，待人工核验数值与字段归属,,
038_佛山市海川塑料制品有限公司新建项目_01_受理公告或公示版,总量与执行标准,总量控制、总量指标、执行标准,总量控制、总量指标、执行标准,26-2001） 第一类污染物的排放标准后纳入园区污水管 道送工业园污水处理厂处理。本园区应按照 《报告书》拟定的入园企业类别引进企业项 目，并应避免引,26-2001） 第一类污染物的排放标准后纳入园区污水管 道送工业园污水处理厂处理。本园区应按照 《报告书》拟定的入园企业类别引进企业项 目，并应避免引,关键词已对应，待人工核验数值与字段归属,,
038_佛山市海川塑料制品有限公司新建项目_01_受理公告或公示版,监督检查清单,环境保护措施监督检查清单、监督检查清单,环境保护措施监督检查清单、监督检查清单,.......... 24 五、环境保护措施监督检查清单 ...............................................,.......... 24 五、环境保护措施监督检查清单 ...............................................,关键词已对应，待人工核验数值与字段归属,,
039_佛山市创灏五金塑料有限公司年产塑料制品1250万件迁改扩建项目_01_受理公告或公示版,项目基本情况,建设项目名称、建设地点、总投资,建设项目名称、建设地点、总投资,49 1 一、建设项目基本情况 建设项目名称 佛山市创灏五金塑料有限公司年产塑料制品 1250 万件迁改扩建项目 项目代码 无 建设单位联系人 王炳栋 ,7页 1 一、建设项目基本情况 建设项目名称 佛山市创灏五金塑料有限公司年产塑料制品 1250 万件迁改扩建项目 项目代码 无 建设单位联系人 王炳栋 ,关键词已对应，待人工核验数值与字段归属,,
039_佛山市创灏五金塑料有限公司年产塑料制品1250万件迁改扩建项目_01_受理公告或公示版,产品与产量,产品名称、年产,产品名称、年产,关于《佛山市创灏五金塑料有限公司年产塑料制品 1250 万件迁扩建项目》排水证情 况说明 ...............................,关于《佛山市创灏五金塑料有限公司年产塑料制品 1250 万件迁扩建项目》排水证情 况说明 ...............................,关键词已对应，待人工核验数值与字段归属,,
039_佛山市创灏五金塑料有限公司年产塑料制品1250万件迁改扩建项目_01_受理公告或公示版,原辅材料,主要原辅材料、原辅材料、原料名称,主要原辅材料、原辅材料、原料名称,建 生产和使用高 VOCs 含量原辅材料项目，鼓励建设共性 工厂、活性炭集中再生中心等挥发性有机物第三方治理 项目，推动挥发性有机物集中高效处理。 项目,建 生产和使用高 VOCs 含量原辅材料项目，鼓励建设共性 工厂、活性炭集中再生中心等挥发性有机物第三方治理 项目，推动挥发性有机物集中高效处理。 项目,关键词已对应，待人工核验数值与字段归属,,
039_佛山市创灏五金塑料有限公司年产塑料制品1250万件迁改扩建项目_01_受理公告或公示版,生产设备,生产设施,生产设施,机废气。 符 合 3.2 车间或生产设施收集排放的废气，VOCs 初始排放速率大于等于 3 千克/小时、重点 区域大于等于 2 千克/小时的，应加大控制,机废气。 符 合 3.2 车间或生产设施收集排放的废气，VOCs 初始排放速率大于等于 3 千克/小时、重点 区域大于等于 2 千克/小时的，应加大控制,关键词已对应，待人工核验数值与字段归属,,
039_佛山市创灏五金塑料有限公司年产塑料制品1250万件迁改扩建项目_01_受理公告或公示版,工艺与产污,工艺流程、生产工艺、产污环节,工艺流程、生产工艺、产污环节,料制品的加工生产，项目生产产品、生产工艺和生产设备均不属于 《产业结构调整指导目录（2024 年本）》 中的淘汰类和限制类，也不属于国家发展改革 委商务,料制品的加工生产，项目生产产品、生产工艺和生产设备均不属于 《产业结构调整指导目录（2024 年本）》 中的淘汰类和限制类，也不属于国家发展改革 委商务,关键词已对应，待人工核验数值与字段归属,,
039_佛山市创灏五金塑料有限公司年产塑料制品1250万件迁改扩建项目_01_受理公告或公示版,源强与定量核算,污染源强、产生量、排放量,污染源强、产生量、排放量,、扩建新增氮氧化物、烟（粉） 尘排放量较大的建设项目。 项目位于大气环境高排放重 点管控区，使用的 PP 塑料、 ABS 塑料、POM 塑料、色母 属于,、扩建新增氮氧化物、烟（粉） 尘排放量较大的建设项目。 项目位于大气环境高排放重 点管控区，使用的 PP 塑料、 ABS 塑料、POM 塑料、色母 属于,关键词已对应，待人工核验数值与字段归属,,
039_佛山市创灏五金塑料有限公司年产塑料制品1250万件迁改扩建项目_01_受理公告或公示版,废气治理,废气治理、废气收集、活性炭,废气治理、废气收集、活性炭,项目注塑废气经集气罩收集后通过 活性炭吸附设施进行处理，处理达标后对外排放；混料、模具维修、破碎产生的颗粒 物通过加强车间通风换气处理。本项目声环境质量,项目注塑废气经集气罩收集后通过 活性炭吸附设施进行处理，处理达标后对外排放；混料、模具维修、破碎产生的颗粒 物通过加强车间通风换气处理。本项目声环境质量,关键词已对应，待人工核验数值与字段归属,,
039_佛山市创灏五金塑料有限公司年产塑料制品1250万件迁改扩建项目_01_受理公告或公示版,固废与危险废物,危险废物、固体废物、危废暂存,危险废物、固体废物、危废暂存,0m2，再由回收公 司统一回收 固体废物 治理 危险废物 危险废物收集后放置于危 险废物堆场内，占地约 5m2， 再交由有资质的单位进行 处置 危险废物,0m2，再由回收公 司统一回收 固体废物 治理 危险废物 危险废物收集后放置于危 险废物堆场内，占地约 5m2， 再交由有资质的单位进行 处置 危险废物,关键词已对应，待人工核验数值与字段归属,,
039_佛山市创灏五金塑料有限公司年产塑料制品1250万件迁改扩建项目_01_受理公告或公示版,总量与执行标准,总量控制、总量指标、执行标准,总量控制、总量指标、执行标准,水应执行《城镇污水处理厂污染物 排放标准》（GB18918-2002）一级 A 标准及《广 东省水污染物排放限值》（DB44/26-2001）的较严 值,水应执行《城镇污水处理厂污染物 排放标准》（GB18918-2002）一级 A 标准及《广 东省水污染物排放限值》（DB44/26-2001）的较严 值,关键词已对应，待人工核验数值与字段归属,,
039_佛山市创灏五金塑料有限公司年产塑料制品1250万件迁改扩建项目_01_受理公告或公示版,监督检查清单,环境保护措施监督检查清单、监督检查清单,环境保护措施监督检查清单、监督检查清单,.......... 35 五、环境保护措施监督检查清单 ...............................................,.......... 35 五、环境保护措施监督检查清单 ...............................................,关键词已对应，待人工核验数值与字段归属,,
040_佛山市顺德区夏瑞塑胶有限公司迁扩建项目_01_受理公告或公示版,项目基本情况,建设地点、总投资、环保投资,建设地点、总投资、环保投资,系方式 18025961626 建设地点 广东省佛山市顺德区勒流街道大晚社区沿江南路 36 号 3A 号楼第 2 层 202 单元之一 地理坐标 东经：,系方式 18025961626 建设地点 广东省佛山市顺德区勒流街道大晚社区沿江南路 36 号 3A 号楼第 2 层 202 单元之一 地理坐标 东经：,关键词已对应，待人工核验数值与字段归属,,
040_佛山市顺德区夏瑞塑胶有限公司迁扩建项目_01_受理公告或公示版,产品与产量,产品名称、年产,产品名称、年产,2 本项目生产规模一览表 序号 产品名称 单位 迁扩建前 报批量 迁扩建后 产量 变化量 备注 1 电水壶配 件 万套/ 年 100 250 +150 ,2 本项目生产规模一览表 序号 产品名称 单位 迁扩建前 报批量 迁扩建后 产量 变化量 备注 1 电水壶配 件 万套/ 年 100 250 +150 ,关键词已对应，待人工核验数值与字段归属,,
040_佛山市顺德区夏瑞塑胶有限公司迁扩建项目_01_受理公告或公示版,原辅材料,主要原辅材料、原辅材料、辅料,主要原辅材料、原辅材料、辅料, 率不应当低于 80%；采用的 原辅材料符合国家有关低 VOCs 含量产品规定的除外。 本项目位于重点地区，项目 的有机废气初始排放速率 为 0.136, 率不应当低于 80%；采用的 原辅材料符合国家有关低 VOCs 含量产品规定的除外。 本项目位于重点地区，项目 的有机废气初始排放速率 为 0.136,关键词已对应，待人工核验数值与字段归属,,
040_佛山市顺德区夏瑞塑胶有限公司迁扩建项目_01_受理公告或公示版,生产设备,主要生产设备、生产设施,主要生产设备、生产设施,度不高于相应的排放限 值；车间或生产设施排气中 NMHC 初始排放速率≥3 kg/h 时，建设 VOCs 处理设施且 处理效率≥80%；b）厂区内无 组,度不高于相应的排放限 值；车间或生产设施排气中 NMHC 初始排放速率≥3 kg/h 时，建设 VOCs 处理设施且 处理效率≥80%；b）厂区内无 组,关键词已对应，待人工核验数值与字段归属,,
040_佛山市顺德区夏瑞塑胶有限公司迁扩建项目_01_受理公告或公示版,工艺与产污,工艺流程、生产工艺、产污环节,工艺流程、生产工艺、产污环节,采购清单。鼓励重点 行业企业开展生产工艺和设备水性 化改造，推广使用水性、高固体分、 无溶剂、粉末等低 VOCs 含量涂料。 严格落实《挥发性有机物无组,采购清单。鼓励重点 行业企业开展生产工艺和设备水性 化改造，推广使用水性、高固体分、 无溶剂、粉末等低 VOCs 含量涂料。 严格落实《挥发性有机物无组,关键词已对应，待人工核验数值与字段归属,,
040_佛山市顺德区夏瑞塑胶有限公司迁扩建项目_01_受理公告或公示版,源强与定量核算,污染源强、产生量、排放量,污染源强、产生量、排放量,，应当配置 VOCs 处理设施，处理效率不 应当低于 80%。对于重点地 区，收集的废气 NMHC 初始 排放速率≥2kg/h 时，应当配 置 VOCs,，应当配置 VOCs 处理设施，处理效率不 应当低于 80%。对于重点地 区，收集的废气 NMHC 初始 排放速率≥2kg/h 时，应当配 置 VOCs,关键词已对应，待人工核验数值与字段归属,,
040_佛山市顺德区夏瑞塑胶有限公司迁扩建项目_01_受理公告或公示版,废气治理,废气治理、废气收集、活性炭,废气治理、废气收集、活性炭,塑废气经集气罩+ 胶帘收集后通过活性炭吸 附装置处理后引至楼顶 40m 的 DA001 排气筒高空 排放。 符合 2、《固定污染源挥发性有机物综合排放标,塑废气经集气罩+ 胶帘收集后通过活性炭吸 附装置处理后引至楼顶 40m 的 DA001 排气筒高空 排放。 符合 2、《固定污染源挥发性有机物综合排放标,关键词已对应，待人工核验数值与字段归属,,
040_佛山市顺德区夏瑞塑胶有限公司迁扩建项目_01_受理公告或公示版,固废与危险废物,危险废物、固体废物、危废暂存,危险废物、固体废物、危废暂存,为清净下水， 排至市政雨水管网；固体废物 分类收集，一般固体废物由物 资回收公司回收，危险废物交 由有危险废物处理资质的单 位收集处置。 符合 环境 风,为清净下水， 排至市政雨水管网；固体废物 分类收集，一般固体废物由物 资回收公司回收，危险废物交 由有危险废物处理资质的单 位收集处置。 符合 环境 风,关键词已对应，待人工核验数值与字段归属,,
040_佛山市顺德区夏瑞塑胶有限公司迁扩建项目_01_受理公告或公示版,总量与执行标准,总量控制、总量指标、执行标准,总量控制、总量指标、执行标准,2、《固定污染源挥发性有机物综合排放标准》（DB44/2367-2022） 2.1 有组 织排 放控 制要 求 收集的废气中 NMHC 初始排 放速率≥,2、《固定污染源挥发性有机物综合排放标准》（DB44/2367-2022） 2.1 有组 织排 放控 制要 求 收集的废气中 NMHC 初始排 放速率≥,关键词已对应，待人工核验数值与字段归属,,
040_佛山市顺德区夏瑞塑胶有限公司迁扩建项目_01_受理公告或公示版,监督检查清单,环境保护措施监督检查清单、监督检查清单,环境保护措施监督检查清单、监督检查清单,.......... 33 五、环境保护措施监督检查清单 ...............................................,.......... 33 五、环境保护措施监督检查清单 ...............................................,关键词已对应，待人工核验数值与字段归属,,
041_佛山市益旭电器有限公司新建项目_01_受理公告或公示版,项目基本情况,建设项目名称、建设地点、总投资,建设项目名称、建设地点、总投资,声明 1 一、建设项目基本情况 建设项目名称 佛山市益旭电器有限公司新建项目 项目代码 无 建设单位联系人 董** 联系方式 18*******61 建,6页 1 一、建设项目基本情况 建设项目名称 佛山市益旭电器有限公司新建项目 项目代码 无 建设单位联系人 董** 联系方式 18*******61 建,关键词已对应，待人工核验数值与字段归属,,
041_佛山市益旭电器有限公司新建项目_01_受理公告或公示版,产品与产量,主要产品、产品名称、年产,主要产品、产品名称、年产, 件配件、冰沙机塑料配件的产销，年产空气炸锅塑料件配件 30 万套、冰沙机塑料配件 30 万套。 根据《中华人民共和国环境影响评价法》（2018 年 1, 件配件、冰沙机塑料配件的产销，年产空气炸锅塑料件配件 30 万套、冰沙机塑料配件 30 万套。 根据《中华人民共和国环境影响评价法》（2018 年 1,关键词已对应，待人工核验数值与字段归属,,
041_佛山市益旭电器有限公司新建项目_01_受理公告或公示版,原辅材料,主要原辅材料、原辅材料、辅料,主要原辅材料、原辅材料、辅料,用的物料均不属于高挥 发性有机物原辅材料，符合政策 要求。 符合 1.2 第四十五条 产生含挥发性有机物废 气的生产和服务活动，应当在密闭空 间或者设备,用的物料均不属于高挥 发性有机物原辅材料，符合政策 要求。 符合 1.2 第四十五条 产生含挥发性有机物废 气的生产和服务活动，应当在密闭空 间或者设备,关键词已对应，待人工核验数值与字段归属,,
041_佛山市益旭电器有限公司新建项目_01_受理公告或公示版,生产设备,主要生产设备、设备名称、生产设施,主要生产设备、设备名称、生产设施,度不高于相 应的排放限值；车间或生产设施排气 中 NMHC 初始排放速率≥3kg/h 时， 建设 VOCs 处理设施且处理效率 ≥80%；b）厂区内无组,度不高于相 应的排放限值；车间或生产设施排气 中 NMHC 初始排放速率≥3kg/h 时， 建设 VOCs 处理设施且处理效率 ≥80%；b）厂区内无组,关键词已对应，待人工核验数值与字段归属,,
041_佛山市益旭电器有限公司新建项目_01_受理公告或公示版,工艺与产污,工艺流程、生产工艺、产污环节,工艺流程、生产工艺、产污环节, 4.6 VOCs 治理设施应与生产工艺设备同 步运行，VOCs 治理设施发生故障或 检修时，对应的生产工艺设备应停止 运行，待检修完毕后同步投入使用；, 4.6 VOCs 治理设施应与生产工艺设备同 步运行，VOCs 治理设施发生故障或 检修时，对应的生产工艺设备应停止 运行，待检修完毕后同步投入使用；,关键词已对应，待人工核验数值与字段归属,,
041_佛山市益旭电器有限公司新建项目_01_受理公告或公示版,源强与定量核算,污染源强、产生量、排放量,污染源强、产生量、排放量,时， 建设 VOCs 处理设施且处理效率 ≥80%；b）厂区内无组织排放监控点 NMHC 的小时平均浓度值不超过 6 mg/m3，任意一次浓度值不超过 ,时， 建设 VOCs 处理设施且处理效率 ≥80%；b）厂区内无组织排放监控点 NMHC 的小时平均浓度值不超过 6 mg/m3，任意一次浓度值不超过 ,关键词已对应，待人工核验数值与字段归属,,
041_佛山市益旭电器有限公司新建项目_01_受理公告或公示版,废气治理,废气治理、废气收集、活性炭,废气治理、废气收集、活性炭,经“集气罩+幕帘”收 集，通过“活性炭吸附”装置处理 后引至 52m 排气筒 G1 高空排 放。 符合 2、《广东省大气污染防治条例》（2022 年修订,经“集气罩+幕帘”收 集，通过“活性炭吸附”装置处理 后引至 52m 排气筒 G1 高空排 放。 符合 2、《广东省大气污染防治条例》（2022 年修订,关键词已对应，待人工核验数值与字段归属,,
041_佛山市益旭电器有限公司新建项目_01_受理公告或公示版,固废与危险废物,危险废物、固体废物、危废暂存,危险废物、固体废物、危废暂存,方资质佐证材 料。 企业严格执行危险废物转移计 划报批、依法建立危险废物转移 联单，并通过信息系统登记转移 计划和电子转移联单。 符合 4.8 建立废气,方资质佐证材 料。 企业严格执行危险废物转移计 划报批、依法建立危险废物转移 联单，并通过信息系统登记转移 计划和电子转移联单。 符合 4.8 建立废气,关键词已对应，待人工核验数值与字段归属,,
041_佛山市益旭电器有限公司新建项目_01_受理公告或公示版,总量与执行标准,总量控制、总量指标、执行标准,总量控制、总量指标、执行标准,26-2001） 第一类污染物的排放标准后纳入园区污水 管道送工业园污水处理厂处理。本园区应 按照《报告书》拟定的入园企业类别引进 企业项目，并应避免引,26-2001） 第一类污染物的排放标准后纳入园区污水 管道送工业园污水处理厂处理。本园区应 按照《报告书》拟定的入园企业类别引进 企业项目，并应避免引,关键词已对应，待人工核验数值与字段归属,,
041_佛山市益旭电器有限公司新建项目_01_受理公告或公示版,监督检查清单,环境保护措施监督检查清单、监督检查清单,环境保护措施监督检查清单、监督检查清单,.......... 30 五、环境保护措施监督检查清单 ...............................................,.......... 30 五、环境保护措施监督检查清单 ...............................................,关键词已对应，待人工核验数值与字段归属,,
042_佛山市昇汇包装材料有限公司新建项目_01_受理公告或公示版,项目基本情况,建设项目名称、建设地点、总投资,建设项目名称、建设地点、总投资,DS 1 一、建设项目基本情况 建设项目名称 佛山市昇汇包装材料有限公司新建项目 项目代码 无 建设单位联系人 *** 联系方式 **** 建设地点 广,6页 1 一、建设项目基本情况 建设项目名称 佛山市昇汇包装材料有限公司新建项目 项目代码 无 建设单位联系人 *** 联系方式 **** 建设地点 广,关键词已对应，待人工核验数值与字段归属,,
042_佛山市昇汇包装材料有限公司新建项目_01_受理公告或公示版,产品与产量,主要产品、产品名称、年产,主要产品、产品名称、年产,，建筑物总高 50m。 项目计划年产 PVC 吸塑包装品 300 万件/a、PET 吸塑包装品 600 万件/a、PS 吸塑包 装品 300 万件/a、,，建筑物总高 50m。 项目计划年产 PVC 吸塑包装品 300 万件/a、PET 吸塑包装品 600 万件/a、PS 吸塑包 装品 300 万件/a、,关键词已对应，待人工核验数值与字段归属,,
042_佛山市昇汇包装材料有限公司新建项目_01_受理公告或公示版,原辅材料,主要原辅材料、原辅材料、辅料,主要原辅材料、原辅材料、辅料,制新建生产和使用高 挥发性有机物原辅材料项目，优先开展低 VOCs 含量原辅材料替代，强化无组织排放 控制。原则上不再新建、扩建新增氮氧化物、 烟（粉）,制新建生产和使用高 挥发性有机物原辅材料项目，优先开展低 VOCs 含量原辅材料替代，强化无组织排放 控制。原则上不再新建、扩建新增氮氧化物、 烟（粉）,关键词已对应，待人工核验数值与字段归属,,
042_佛山市昇汇包装材料有限公司新建项目_01_受理公告或公示版,生产设备,主要生产设备、生产设施、设备一览,主要生产设备、生产设施、设备一览,m/s。 符 合 3.3 车间或生产设施排气中 NMHC 初始排放速 率≥3kg/h 时，建设 VOCs 处理设施且处理效 率≥80%。厂区内无组织排放,m/s。 符 合 3.3 车间或生产设施排气中 NMHC 初始排放速 率≥3kg/h 时，建设 VOCs 处理设施且处理效 率≥80%。厂区内无组织排放,关键词已对应，待人工核验数值与字段归属,,
042_佛山市昇汇包装材料有限公司新建项目_01_受理公告或公示版,工艺与产污,工艺流程、生产工艺、产污节点,工艺流程、生产工艺、产污节点, 购清单。 鼓励重点行业企业开展生产工艺和设备水性 化改造，推广使用水性、高固体分、无溶剂、 粉末等低 VOCs 含量涂料。严格落实 《挥发 性有机物无, 购清单。 鼓励重点行业企业开展生产工艺和设备水性 化改造，推广使用水性、高固体分、无溶剂、 粉末等低 VOCs 含量涂料。严格落实 《挥发 性有机物无,关键词已对应，待人工核验数值与字段归属,,
042_佛山市昇汇包装材料有限公司新建项目_01_受理公告或公示版,源强与定量核算,污染源强、产生量、排放量,污染源强、产生量、排放量,.. 51 附表 建设项目污染物排放量汇总表 附图 附图 1 项目地理位置图 附图 2 项目周围环境概况图 附图 3 项目四至卫星图（含厂界外扩 50m,.. 51 附表 建设项目污染物排放量汇总表 附图 附图 1 项目地理位置图 附图 2 项目周围环境概况图 附图 3 项目四至卫星图（含厂界外扩 50m,关键词已对应，待人工核验数值与字段归属,,
042_佛山市昇汇包装材料有限公司新建项目_01_受理公告或公示版,废气治理,废气治理、废气收集、活性炭,废气治理、废气收集、活性炭,标后 排放至勒流污水处理厂。生产废气收集后经“活性炭吸附”处理后引至高空 排放，不产生和排放有毒有害大气污染物项目，符合环境准入及管控要求。 （2）与佛,标后 排放至勒流污水处理厂。生产废气收集后经“活性炭吸附”处理后引至高空 排放，不产生和排放有毒有害大气污染物项目，符合环境准入及管控要求。 （2）与佛,关键词已对应，待人工核验数值与字段归属,,
042_佛山市昇汇包装材料有限公司新建项目_01_受理公告或公示版,固废与危险废物,危险废物、固体废物、危废暂存,危险废物、固体废物、危废暂存,突发环境事件应急管理体系。 项目危险废物暂存 间设置防泄漏围堰 或墁坡，并配备应急 吸收材料，液态危险 废物少量泄漏采用 吸收材料处置；加强 废水处理设,突发环境事件应急管理体系。 项目危险废物暂存 间设置防泄漏围堰 或墁坡，并配备应急 吸收材料，液态危险 废物少量泄漏采用 吸收材料处置；加强 废水处理设,关键词已对应，待人工核验数值与字段归属,,
042_佛山市昇汇包装材料有限公司新建项目_01_受理公告或公示版,总量与执行标准,总量控制、总量指标、执行标准,总量控制、总量指标、执行标准,水应执行《城镇污水处理厂污染 物排放标准》（GB18918-2002）一级 A 标 准及《广东省水污染物排放限值》 （DB44/26-2001）的较严值,水应执行《城镇污水处理厂污染 物排放标准》（GB18918-2002）一级 A 标 准及《广东省水污染物排放限值》 （DB44/26-2001）的较严值,关键词已对应，待人工核验数值与字段归属,,
042_佛山市昇汇包装材料有限公司新建项目_01_受理公告或公示版,监督检查清单,环境保护措施监督检查清单、监督检查清单,环境保护措施监督检查清单、监督检查清单,.......... 26 五、环境保护措施监督检查清单 ...............................................,.......... 26 五、环境保护措施监督检查清单 ...............................................,关键词已对应，待人工核验数值与字段归属,,
043_佛山市富懿塑料制品有限公司新建项目_01_报批稿或报告表,项目基本情况,建设项目名称、建设地点、总投资,建设项目名称、建设地点、总投资,85 1 一、建设项目基本情况 建设项目名称 佛山市富懿塑料制品有限公司新建项目 项目代码 无 建设单位联系人 欧阳玉亮 联系方式 1382551893,7页 1 一、建设项目基本情况 建设项目名称 佛山市富懿塑料制品有限公司新建项目 项目代码 无 建设单位联系人 欧阳玉亮 联系方式 1382551893,关键词已对应，待人工核验数值与字段归属,,
043_佛山市富懿塑料制品有限公司新建项目_01_报批稿或报告表,产品与产量,主要产品、产品名称、年产,主要产品、产品名称、年产,位于生产车间，暂存危险废物 2、主要产品及产能 项目主要产品年产量见下表。 表 2-2 项目主要产品年产量 主要产品名称 产量 小家电配件 320 吨/,位于生产车间，暂存危险废物 2、主要产品及产能 项目主要产品年产量见下表。 表 2-2 项目主要产品年产量 主要产品名称 产量 小家电配件 320 吨/,关键词已对应，待人工核验数值与字段归属,,
043_佛山市富懿塑料制品有限公司新建项目_01_报批稿或报告表,原辅材料,主要原辅材料、原辅材料、原料名称,主要原辅材料、原辅材料、原料名称,洗剂、 胶黏剂等高挥发性有 机物原辅材料 1-5.【大气/鼓励引导类】大气环境高排放重点管控区内，应强化达 标监管，引导工业项目落地集聚发展，有序推进区,洗剂、 胶黏剂等高挥发性有 机物原辅材料 1-5.【大气/鼓励引导类】大气环境高排放重点管控区内，应强化达 标监管，引导工业项目落地集聚发展，有序推进区,关键词已对应，待人工核验数值与字段归属,,
043_佛山市富懿塑料制品有限公司新建项目_01_报批稿或报告表,生产设备,主要生产设备、设备名称、生产设施,主要生产设备、设备名称、生产设施,设施详见下表： 表 2-4 项目主要生产设备明细表 序号 设备名称 数量 设备参数 使用工序/备注 参数名称（单位） 值 1 注塑机 15 台 注塑温度,设施详见下表： 表 2-4 项目主要生产设备明细表 序号 设备名称 数量 设备参数 使用工序/备注 参数名称（单位） 值 1 注塑机 15 台 注塑温度,关键词已对应，待人工核验数值与字段归属,,
043_佛山市富懿塑料制品有限公司新建项目_01_报批稿或报告表,工艺与产污,工艺流程、生产工艺、产污环节,工艺流程、生产工艺、产污环节,代，加快涉 VOCs 重点行业的生产工艺升级改造，推行自动化生产工艺，对达 不到要求的 VOCs 收集及治理设施进行整治提升，逐步淘汰低效 VOCs 治,代，加快涉 VOCs 重点行业的生产工艺升级改造，推行自动化生产工艺，对达 不到要求的 VOCs 收集及治理设施进行整治提升，逐步淘汰低效 VOCs 治,关键词已对应，待人工核验数值与字段归属,,
043_佛山市富懿塑料制品有限公司新建项目_01_报批稿或报告表,源强与定量核算,污染源强、产生量、排放量,污染源强、产生量、排放量,..... 46 建设项目污染物排放量汇总表 .....................................................,..... 46 建设项目污染物排放量汇总表 .....................................................,关键词已对应，待人工核验数值与字段归属,,
043_佛山市富懿塑料制品有限公司新建项目_01_报批稿或报告表,废气治理,废气治理、废气收集、活性炭,废气治理、废气收集、活性炭,闭罩+半密闭集气 罩”收集后经“活性炭 吸附”处理后高空排放 3-8.【土壤/限制类】严格重金属重点行业企业准入管理。新、改、 扩建重点行业建设项目应遵,闭罩+半密闭集气 罩”收集后经“活性炭 吸附”处理后高空排放 3-8.【土壤/限制类】严格重金属重点行业企业准入管理。新、改、 扩建重点行业建设项目应遵,关键词已对应，待人工核验数值与字段归属,,
043_佛山市富懿塑料制品有限公司新建项目_01_报批稿或报告表,固废与危险废物,危险废物、固体废物、危废代码,危险废物、固体废物、危废代码,治。开展“无废城市”建设， 推动固体废物源头减量、资源化利用和安全处置 项目生活污水依托厂房 的三级化粪池预处理后 排入容桂第一污水处理 厂处理。营运期,治。开展“无废城市”建设， 推动固体废物源头减量、资源化利用和安全处置 项目生活污水依托厂房 的三级化粪池预处理后 排入容桂第一污水处理 厂处理。营运期,关键词已对应，待人工核验数值与字段归属,,
043_佛山市富懿塑料制品有限公司新建项目_01_报批稿或报告表,总量与执行标准,总量控制、总量指标、执行标准,总量控制、总量指标、执行标准,水应执行《城镇污水处理厂污染 物排放标准》（GB18918-2002）一级 A 标准及《广东省水污染物 排放限值》（DB44/26-2001）的较严值。,水应执行《城镇污水处理厂污染 物排放标准》（GB18918-2002）一级 A 标准及《广东省水污染物 排放限值》（DB44/26-2001）的较严值。,关键词已对应，待人工核验数值与字段归属,,
043_佛山市富懿塑料制品有限公司新建项目_01_报批稿或报告表,监督检查清单,环境保护措施监督检查清单、监督检查清单,环境保护措施监督检查清单、监督检查清单,.......... 21 五、环境保护措施监督检查清单 ...............................................,.......... 21 五、环境保护措施监督检查清单 ...............................................,关键词已对应，待人工核验数值与字段归属,,
044_佛山市圣鑫塑料制品有限公司新建项目_01_受理公告或公示版,项目基本情况,建设项目名称、建设地点、总投资,建设项目名称、建设地点、总投资, 1 — 一、建设项目基本情况 建设项目名称 佛山市圣鑫塑料制品有限公司新建项目 项目代码 无 建设单位联系人 ** 联系方式 ** 建设地点 广东省佛, 1 — 一、建设项目基本情况 建设项目名称 佛山市圣鑫塑料制品有限公司新建项目 项目代码 无 建设单位联系人 ** 联系方式 ** 建设地点 广东省佛,关键词已对应，待人工核验数值与字段归属,,
044_佛山市圣鑫塑料制品有限公司新建项目_01_受理公告或公示版,产品与产量,产品方案、年产,产品方案、年产,项目主要从事塑料 保护壳的生产，年产塑料保护壳 1500 万个，项目组成详见下表。 2. 项目基本情况 2.1 工程规模 项目工程规模见下表。 表 4 ,项目主要从事塑料 保护壳的生产，年产塑料保护壳 1500 万个，项目组成详见下表。 2. 项目基本情况 2.1 工程规模 项目工程规模见下表。 表 4 ,关键词已对应，待人工核验数值与字段归属,,
044_佛山市圣鑫塑料制品有限公司新建项目_01_受理公告或公示版,原辅材料,原辅材料,原辅材料,保护壳的生产，生产的产品及使用的原辅材料均不属于《环境 保护综合名录（2021 年版）》中“高污染、高环境风险”产品名录，符合要求。 3、与《广东省发展,保护壳的生产，生产的产品及使用的原辅材料均不属于《环境 保护综合名录（2021 年版）》中“高污染、高环境风险”产品名录，符合要求。 3、与《广东省发展,关键词已对应，待人工核验数值与字段归属,,
044_佛山市圣鑫塑料制品有限公司新建项目_01_受理公告或公示版,生产设备,生产设施、设备一览,生产设施、设备一览,浓度不高于相应的排放限值；车间或生产设施排 气中 NMHC 初始排放速率≥3 kg/h 时，建设 VOCs 处理设施且处理效率≥80%；b）厂区内无组织,浓度不高于相应的排放限值；车间或生产设施排 气中 NMHC 初始排放速率≥3 kg/h 时，建设 VOCs 处理设施且处理效率≥80%；b）厂区内无组织,关键词已对应，待人工核验数值与字段归属,,
044_佛山市圣鑫塑料制品有限公司新建项目_01_受理公告或公示版,工艺与产污,工艺流程、生产工艺、产污环节,工艺流程、生产工艺、产污环节,采购清单。鼓励重点行业企业 开展生产工艺和设备水性化改造，推广使用水性、 高固体分、无溶剂、粉末等低 VOCs 含量涂料。 严格落实《挥发性有机物无组织,采购清单。鼓励重点行业企业 开展生产工艺和设备水性化改造，推广使用水性、 高固体分、无溶剂、粉末等低 VOCs 含量涂料。 严格落实《挥发性有机物无组织,关键词已对应，待人工核验数值与字段归属,,
044_佛山市圣鑫塑料制品有限公司新建项目_01_受理公告或公示版,源强与定量核算,产生量、排放量、收集效率,产生量、排放量、收集效率,..... 50 建设项目污染物排放量汇总表 .....................................................,..... 50 建设项目污染物排放量汇总表 .....................................................,关键词已对应，待人工核验数值与字段归属,,
044_佛山市圣鑫塑料制品有限公司新建项目_01_受理公告或公示版,废气治理,废气治理、废气收集、活性炭,废气治理、废气收集、活性炭,半密闭型集气罩点对 点收集，采用活性炭吸 附装置处理有机废气。 符 合 1.3 提高废气收集率，遵循“应收尽收、分质收集”的 原则，科学设计废气收集系统,半密闭型集气罩点对 点收集，采用活性炭吸 附装置处理有机废气。 符 合 1.3 提高废气收集率，遵循“应收尽收、分质收集”的 原则，科学设计废气收集系统,关键词已对应，待人工核验数值与字段归属,,
044_佛山市圣鑫塑料制品有限公司新建项目_01_受理公告或公示版,固废与危险废物,危险废物、固体废物、危废暂存,危险废物、固体废物、危废暂存,处理方式资质佐证材料。 项目建立危险废物台 账，定期将废机油、废 活性炭等危险废物交给 有资质的单位处理，整 理危废处理合同、转移 联单等资料。 符 合,处理方式资质佐证材料。 项目建立危险废物台 账，定期将废机油、废 活性炭等危险废物交给 有资质的单位处理，整 理危废处理合同、转移 联单等资料。 符 合,关键词已对应，待人工核验数值与字段归属,,
044_佛山市圣鑫塑料制品有限公司新建项目_01_受理公告或公示版,总量与执行标准,总量控制、总量指标、执行标准,总量控制、总量指标、执行标准,26-2001） 第一类污染物的排放标准后纳入园区污水管 道送工业园污水处理厂处理。本园区应按照 《报告书》拟定的入园企业类别引进企业项 目，并应避免引,26-2001） 第一类污染物的排放标准后纳入园区污水管 道送工业园污水处理厂处理。本园区应按照 《报告书》拟定的入园企业类别引进企业项 目，并应避免引,关键词已对应，待人工核验数值与字段归属,,
044_佛山市圣鑫塑料制品有限公司新建项目_01_受理公告或公示版,监督检查清单,环境保护措施监督检查清单、监督检查清单,环境保护措施监督检查清单、监督检查清单,.......... 26 五、环境保护措施监督检查清单 ...............................................,.......... 26 五、环境保护措施监督检查清单 ...............................................,关键词已对应，待人工核验数值与字段归属,,
045_佛山智达医疗器械有限公司新建项目_01_受理公告或公示版,项目基本情况,建设项目名称、建设地点、总投资,建设项目名称、建设地点、总投资, 1 — 一、建设项目基本情况 建设项目名称 佛山智达医疗器械有限公司新建项目 项目代码 无 建设单位联系人 ** 联系方式 ** 建设地点 广东省佛山, 1 — 一、建设项目基本情况 建设项目名称 佛山智达医疗器械有限公司新建项目 项目代码 无 建设单位联系人 ** 联系方式 ** 建设地点 广东省佛山,关键词已对应，待人工核验数值与字段归属,,
045_佛山智达医疗器械有限公司新建项目_01_受理公告或公示版,产品与产量,产品名称、年产,产品名称、年产,事医疗卫生用塑料制品的生产，预计年产医疗卫生用塑料制品 500 吨。 项目经营场所为已建标准厂房，其为 8 层建筑（首层高度为 7.9m，2-8 层高度,事医疗卫生用塑料制品的生产，预计年产医疗卫生用塑料制品 500 吨。 项目经营场所为已建标准厂房，其为 8 层建筑（首层高度为 7.9m，2-8 层高度,关键词已对应，待人工核验数值与字段归属,,
045_佛山智达医疗器械有限公司新建项目_01_受理公告或公示版,原辅材料,原辅材料、辅料,原辅材料、辅料,塑料制品生产，生产的产品及使用的原辅材料均不属于 《环境保护综合名录（2021 年版）》中“高污染、高环境风险”产品名录，符合要求。 3、与广东省发展改,塑料制品生产，生产的产品及使用的原辅材料均不属于 《环境保护综合名录（2021 年版）》中“高污染、高环境风险”产品名录，符合要求。 3、与广东省发展改,关键词已对应，待人工核验数值与字段归属,,
045_佛山智达医疗器械有限公司新建项目_01_受理公告或公示版,生产设备,生产设施、设备一览,生产设施、设备一览, 计算。 符 合 8.4 车间或生产设施排气中 NMHC 初始排放速率 ≥3kg/h 时，建设 VOCs 处理设施且处理效率 ≥80%，采用的原辅材料符, 计算。 符 合 8.4 车间或生产设施排气中 NMHC 初始排放速率 ≥3kg/h 时，建设 VOCs 处理设施且处理效率 ≥80%，采用的原辅材料符,关键词已对应，待人工核验数值与字段归属,,
045_佛山智达医疗器械有限公司新建项目_01_受理公告或公示版,工艺与产污,工艺流程、生产工艺、产污环节,工艺流程、生产工艺、产污环节,采购清单。鼓励重点行业企 业开展生产工艺和设备水性化改造，推广使用水 性、高固体分、无溶剂、粉末等低 VOCs 含量涂 料。严格落实《挥发性有机物无组织,采购清单。鼓励重点行业企 业开展生产工艺和设备水性化改造，推广使用水 性、高固体分、无溶剂、粉末等低 VOCs 含量涂 料。严格落实《挥发性有机物无组织,关键词已对应，待人工核验数值与字段归属,,
045_佛山智达医疗器械有限公司新建项目_01_受理公告或公示版,源强与定量核算,产生量、排放量、收集效率,产生量、排放量、收集效率,..... 53 建设项目污染物排放量汇总表 .....................................................,..... 53 建设项目污染物排放量汇总表 .....................................................,关键词已对应，待人工核验数值与字段归属,,
045_佛山智达医疗器械有限公司新建项目_01_受理公告或公示版,废气治理,废气治理、废气收集、活性炭,废气治理、废气收集、活性炭,点设置半密闭型 集气罩收集，采用活性炭 吸附装置处理有机废气。 符 合 1.3 提高废气收集率，遵循“应收尽收、分质收集”的 原则，科学设计废气收集系统,点设置半密闭型 集气罩收集，采用活性炭 吸附装置处理有机废气。 符 合 1.3 提高废气收集率，遵循“应收尽收、分质收集”的 原则，科学设计废气收集系统,关键词已对应，待人工核验数值与字段归属,,
045_佛山智达医疗器械有限公司新建项目_01_受理公告或公示版,固废与危险废物,危险废物、固体废物、危废暂存,危险废物、固体废物、危废暂存,处理方式资质佐证材料。 项目建立危险废物台账， 定期将废机油、废活性炭 等危险废物交给有资质 的单位处理，整理危废处 理合同、转移联单等资 料。 符 合,处理方式资质佐证材料。 项目建立危险废物台账， 定期将废机油、废活性炭 等危险废物交给有资质 的单位处理，整理危废处 理合同、转移联单等资 料。 符 合,关键词已对应，待人工核验数值与字段归属,,
045_佛山智达医疗器械有限公司新建项目_01_受理公告或公示版,总量与执行标准,总量控制、总量指标、执行标准,总量控制、总量指标、执行标准,26-2001） 第一类污染物的排放标准后纳入园区污水管 道送工业园污水处理厂处理。本园区应按照 《报告书》拟定的入园企业类别引进企业项 目，并应避免引,26-2001） 第一类污染物的排放标准后纳入园区污水管 道送工业园污水处理厂处理。本园区应按照 《报告书》拟定的入园企业类别引进企业项 目，并应避免引,关键词已对应，待人工核验数值与字段归属,,
045_佛山智达医疗器械有限公司新建项目_01_受理公告或公示版,监督检查清单,环境保护措施监督检查清单、监督检查清单,环境保护措施监督检查清单、监督检查清单,.......... 26 五、环境保护措施监督检查清单 ...............................................,.......... 26 五、环境保护措施监督检查清单 ...............................................,关键词已对应，待人工核验数值与字段归属,,
046_佛山市顺德区华祥坤工艺电器有限公司扩建项目_01_受理公告或公示版,项目基本情况,建设项目名称、建设地点、总投资,建设项目名称、建设地点、总投资,声明 1 一、建设项目基本情况 建设项目名称 佛山市顺德区华祥坤工艺电器有限公司扩建项目 项目代码 无 建设单位联系人 罗** 联系方式 13*****,6页 1 一、建设项目基本情况 建设项目名称 佛山市顺德区华祥坤工艺电器有限公司扩建项目 项目代码 无 建设单位联系人 罗** 联系方式 13*****,关键词已对应，待人工核验数值与字段归属,,
046_佛山市顺德区华祥坤工艺电器有限公司扩建项目_01_受理公告或公示版,产品与产量,主要产品、产品名称、年产,主要产品、产品名称、年产,事小家电 配件的产销，扩建前项目年产小家电配件 100 万件。 现为提升产品质量，提高企业市场竞争力，佛山市顺德区华祥坤工艺电器有限公司 拟于原址上进行,事小家电 配件的产销，扩建前项目年产小家电配件 100 万件。 现为提升产品质量，提高企业市场竞争力，佛山市顺德区华祥坤工艺电器有限公司 拟于原址上进行,关键词已对应，待人工核验数值与字段归属,,
046_佛山市顺德区华祥坤工艺电器有限公司扩建项目_01_受理公告或公示版,原辅材料,主要原辅材料、原辅材料、辅料,主要原辅材料、原辅材料、辅料,用的物料均不属于高挥 发性有机物原辅材料，符合政策 要求。 符合 1.2 第四十五条 产生含挥发性有机物废 气的生产和服务活动，应当在密闭空 间或者设备,用的物料均不属于高挥 发性有机物原辅材料，符合政策 要求。 符合 1.2 第四十五条 产生含挥发性有机物废 气的生产和服务活动，应当在密闭空 间或者设备,关键词已对应，待人工核验数值与字段归属,,
046_佛山市顺德区华祥坤工艺电器有限公司扩建项目_01_受理公告或公示版,生产设备,主要生产设备、设备名称、生产设施,主要生产设备、设备名称、生产设施,度不高于相 应的排放限值；车间或生产设施排气 中 NMHC 初始排放速率≥3kg/h 时， 建设 VOCs 处理设施且处理效率≥ 80%；b）厂区内无组,度不高于相 应的排放限值；车间或生产设施排气 中 NMHC 初始排放速率≥3kg/h 时， 建设 VOCs 处理设施且处理效率≥ 80%；b）厂区内无组,关键词已对应，待人工核验数值与字段归属,,
046_佛山市顺德区华祥坤工艺电器有限公司扩建项目_01_受理公告或公示版,工艺与产污,工艺流程、生产工艺、产污环节,工艺流程、生产工艺、产污环节, 4.6 VOCs 治理设施应与生产工艺设备同 步运行，VOCs 治理设施发生故障或 检修时，对应的生产工艺设备应停止 运行，待检修完毕后同步投入使用；, 4.6 VOCs 治理设施应与生产工艺设备同 步运行，VOCs 治理设施发生故障或 检修时，对应的生产工艺设备应停止 运行，待检修完毕后同步投入使用；,关键词已对应，待人工核验数值与字段归属,,
046_佛山市顺德区华祥坤工艺电器有限公司扩建项目_01_受理公告或公示版,源强与定量核算,污染源强、产生量、排放量,污染源强、产生量、排放量,时， 建设 VOCs 处理设施且处理效率≥ 80%；b）厂区内无组织排放监控点 NMHC 的小时平均浓度值不超过 6 mg/m3，任意一次浓度值不超过 ,时， 建设 VOCs 处理设施且处理效率≥ 80%；b）厂区内无组织排放监控点 NMHC 的小时平均浓度值不超过 6 mg/m3，任意一次浓度值不超过 ,关键词已对应，待人工核验数值与字段归属,,
046_佛山市顺德区华祥坤工艺电器有限公司扩建项目_01_受理公告或公示版,废气治理,废气治理、废气收集、活性炭,废气治理、废气收集、活性炭,炭吸附”装置处理后引至 17m 排气筒 G1 高空排放。 符合 2、《广东省大气污染防治条例》（2022 年修订版） 2.1 第十七条 珠江三角洲区域禁,炭吸附”装置处理后引至 17m 排气筒 G1 高空排放。 符合 2、《广东省大气污染防治条例》（2022 年修订版） 2.1 第十七条 珠江三角洲区域禁,关键词已对应，待人工核验数值与字段归属,,
046_佛山市顺德区华祥坤工艺电器有限公司扩建项目_01_受理公告或公示版,固废与危险废物,危险废物、固体废物、危废暂存,危险废物、固体废物、危废暂存,方资质佐证材 料。 企业严格执行危险废物转移计 划报批、依法建立危险废物转移 联单，并通过信息系统登记转移 计划和电子转移联单。 符合 4.8 建立废气,方资质佐证材 料。 企业严格执行危险废物转移计 划报批、依法建立危险废物转移 联单，并通过信息系统登记转移 计划和电子转移联单。 符合 4.8 建立废气,关键词已对应，待人工核验数值与字段归属,,
046_佛山市顺德区华祥坤工艺电器有限公司扩建项目_01_受理公告或公示版,总量与执行标准,总量控制、总量指标、执行标准,总量控制、总量指标、执行标准,26-2001） 第一类污染物的排放标准后纳入园区污水 管道送工业园污水处理厂处理。本园区应 按照《报告书》拟定的入园企业类别引进 企业项目，并应避免引,26-2001） 第一类污染物的排放标准后纳入园区污水 管道送工业园污水处理厂处理。本园区应 按照《报告书》拟定的入园企业类别引进 企业项目，并应避免引,关键词已对应，待人工核验数值与字段归属,,
046_佛山市顺德区华祥坤工艺电器有限公司扩建项目_01_受理公告或公示版,监督检查清单,环境保护措施监督检查清单、监督检查清单,环境保护措施监督检查清单、监督检查清单,.......... 44 五、环境保护措施监督检查清单 ...............................................,.......... 44 五、环境保护措施监督检查清单 ...............................................,关键词已对应，待人工核验数值与字段归属,,
047_广东希睿思汽车零部件有限公司新建项目_01_受理公告或公示版,项目基本情况,建设项目名称、建设地点、总投资,建设项目名称、建设地点、总投资, 1 — 一、建设项目基本情况 建设项目名称 广东希睿思汽车零部件有限公司新建项目 项目代码 无 建设单位联系人 胡贤龙 联系方式 1388619649, 1 — 一、建设项目基本情况 建设项目名称 广东希睿思汽车零部件有限公司新建项目 项目代码 无 建设单位联系人 胡贤龙 联系方式 1388619649,关键词已对应，待人工核验数值与字段归属,,
047_广东希睿思汽车零部件有限公司新建项目_01_受理公告或公示版,产品与产量,主要产品、产品名称、年产,主要产品、产品名称、年产,区北部，建筑面积约 5m2 2、主要产品及产能 表 2-2 项目主要产品产量表 序号 主要产品名称 单位 年产 量 产品照片 备注 1 双面胶带 万件/,区北部，建筑面积约 5m2 2、主要产品及产能 表 2-2 项目主要产品产量表 序号 主要产品名称 单位 年产 量 产品照片 备注 1 双面胶带 万件/,关键词已对应，待人工核验数值与字段归属,,
047_广东希睿思汽车零部件有限公司新建项目_01_受理公告或公示版,原辅材料,原辅材料、原料名称、辅料,原辅材料、原料名称、辅料,储罐、储库、料仓中。 项目使用的原辅材料聚醚多元醇、多亚 甲基多苯基异氰酸酯、水性胶和固化剂 均为液体物料，均使用密闭容器储存在 厂内。厂房为已建成工业,储罐、储库、料仓中。 项目使用的原辅材料聚醚多元醇、多亚 甲基多苯基异氰酸酯、水性胶和固化剂 均为液体物料，均使用密闭容器储存在 厂内。厂房为已建成工业,关键词已对应，待人工核验数值与字段归属,,
047_广东希睿思汽车零部件有限公司新建项目_01_受理公告或公示版,生产设备,主要生产设备、设备名称、生产设施,主要生产设备、设备名称、生产设施,备及设施详见下表： 表 2-3 主要生产设备一览表 序号 设备 规格参数 数量 单位 工艺 位置 1 胶带裁切机 / 6 台 双面胶带裁切 双面胶带和吸,备及设施详见下表： 表 2-3 主要生产设备一览表 序号 设备 规格参数 数量 单位 工艺 位置 1 胶带裁切机 / 6 台 双面胶带裁切 双面胶带和吸,关键词已对应，待人工核验数值与字段归属,,
047_广东希睿思汽车零部件有限公司新建项目_01_受理公告或公示版,工艺与产污,工艺流程、生产工艺、产污环节,工艺流程、生产工艺、产污环节,禁止和许可事项；项目生产产品、 生产工艺和生产设备均不属于《产业结构调整指导目录（2024 年本）》（国家发展和 改革委员会令第 7 号，2024 年 ,禁止和许可事项；项目生产产品、 生产工艺和生产设备均不属于《产业结构调整指导目录（2024 年本）》（国家发展和 改革委员会令第 7 号，2024 年 ,关键词已对应，待人工核验数值与字段归属,,
047_广东希睿思汽车零部件有限公司新建项目_01_受理公告或公示版,源强与定量核算,产生量、排放量、收集效率,产生量、排放量、收集效率,......71 建设项目污染物排放量汇总表 附图 1 项目地理位置图 附图 2 大气环境保护目标分布图 附图 3 声环境保护目标分布图 附图 4 项目,......71 建设项目污染物排放量汇总表 附图 1 项目地理位置图 附图 2 大气环境保护目标分布图 附图 3 声环境保护目标分布图 附图 4 项目,关键词已对应，待人工核验数值与字段归属,,
047_广东希睿思汽车零部件有限公司新建项目_01_受理公告或公示版,废气治理,废气治理、废气收集、活性炭,废气治理、废气收集、活性炭,部气体收集，废气排至 VOCs 废气收集处理系统。 聚醚多元醇、多亚甲基多苯基异氰酸酯 均通过密闭管道输送至浇注枪头使用， 水性胶和固化剂通过密闭管道输,部气体收集，废气排至 VOCs 废气收集处理系统。 聚醚多元醇、多亚甲基多苯基异氰酸酯 均通过密闭管道输送至浇注枪头使用， 水性胶和固化剂通过密闭管道输,关键词已对应，待人工核验数值与字段归属,,
047_广东希睿思汽车零部件有限公司新建项目_01_受理公告或公示版,固废与危险废物,危险废物、固体废物、危废暂存,危险废物、固体废物、危废暂存,控要求。 — 7 — 项目产生的危险废物拟定期委托有相应类型危险废物处理资质的单位进行收集处 理，并通过信息系统登记转移计划和电子转移联单，符合危险废物,第12页 — 7 — 项目产生的危险废物拟定期委托有相应类型危险废物处理资质的单位进行收集处 理，并通过信息系统登记转移计划和电子转移联单，符合危险废物,关键词已对应，待人工核验数值与字段归属,,
047_广东希睿思汽车零部件有限公司新建项目_01_受理公告或公示版,总量与执行标准,总量控制、总量指标、执行标准,总量控制、总量指标、执行标准,印发《顺德区重点行业挥发性有机物总量指标管理工作方 案（2024 年修订）》的通知 3.1 全区建设项目新增 VOCs 排放量施行“减二增 一”政策。 ,印发《顺德区重点行业挥发性有机物总量指标管理工作方 案（2024 年修订）》的通知 3.1 全区建设项目新增 VOCs 排放量施行“减二增 一”政策。 ,关键词已对应，待人工核验数值与字段归属,,
047_广东希睿思汽车零部件有限公司新建项目_01_受理公告或公示版,监督检查清单,环境保护措施监督检查清单、监督检查清单,环境保护措施监督检查清单、监督检查清单,...........37 五、环境保护措施监督检查清单................................................,...........37 五、环境保护措施监督检查清单................................................,关键词已对应，待人工核验数值与字段归属,,
048_佛山市顺德区嘉保洁具有限公司迁建项目_01_报批稿或报告表,项目基本情况,建设项目名称、建设地点、总投资,建设项目名称、建设地点、总投资,声明 1 一、建设项目基本情况 建设项目名称 佛山市顺德区嘉保洁具有限公司迁建项目 项目代码 / 建设单位联系人 联系方式 建设地点 广东省佛山市顺德区,6页 1 一、建设项目基本情况 建设项目名称 佛山市顺德区嘉保洁具有限公司迁建项目 项目代码 / 建设单位联系人 联系方式 建设地点 广东省佛山市顺德区,关键词已对应，待人工核验数值与字段归属,,
048_佛山市顺德区嘉保洁具有限公司迁建项目_01_报批稿或报告表,产品与产量,产品名称、年产,产品名称、年产,。原项目主要从事清洁用具的生产，年产清洁用具 100 吨。佛山市顺德区嘉保洁具有限公司年产清洁用具 100 吨新建项目于 2021 年 8 月 19 日,。原项目主要从事清洁用具的生产，年产清洁用具 100 吨。佛山市顺德区嘉保洁具有限公司年产清洁用具 100 吨新建项目于 2021 年 8 月 19 日,关键词已对应，待人工核验数值与字段归属,,
048_佛山市顺德区嘉保洁具有限公司迁建项目_01_报批稿或报告表,原辅材料,主要原辅材料、原辅材料、原料名称,主要原辅材料、原辅材料、原料名称,性分析 本项目生产的产品及使用的原辅材料均不属于《环境保护综合名录 （2021 年版）》中“高污染、高环境风险”产品，故项目符合要求。 3、与所在地“三,性分析 本项目生产的产品及使用的原辅材料均不属于《环境保护综合名录 （2021 年版）》中“高污染、高环境风险”产品，故项目符合要求。 3、与所在地“三,关键词已对应，待人工核验数值与字段归属,,
048_佛山市顺德区嘉保洁具有限公司迁建项目_01_报批稿或报告表,生产设备,主要生产设备、设备名称、生产设施,主要生产设备、设备名称、生产设施,度不高于相应的排放限值；车 间或生产设施排气中 NMHC 初始 排放速率≥3 kg/h 时，建设 VOCs 处理设施且处理效率≥80%；b）厂 区内无组,度不高于相应的排放限值；车 间或生产设施排气中 NMHC 初始 排放速率≥3 kg/h 时，建设 VOCs 处理设施且处理效率≥80%；b）厂 区内无组,关键词已对应，待人工核验数值与字段归属,,
048_佛山市顺德区嘉保洁具有限公司迁建项目_01_报批稿或报告表,工艺与产污,工艺流程、生产工艺、产污环节,工艺流程、生产工艺、产污环节,代，加快涉 VOCs 重点行业的生产工艺升级 改造，推行自动化生产工艺，对 达不到要求的 VOCs 收集及治理 设施进行整治提升，逐步淘汰低 效 VOC,代，加快涉 VOCs 重点行业的生产工艺升级 改造，推行自动化生产工艺，对 达不到要求的 VOCs 收集及治理 设施进行整治提升，逐步淘汰低 效 VOC,关键词已对应，待人工核验数值与字段归属,,
048_佛山市顺德区嘉保洁具有限公司迁建项目_01_报批稿或报告表,源强与定量核算,污染源强、产生量、排放量,污染源强、产生量、排放量, 时，建设 VOCs 处理设施且处理效率≥80%；b）厂 区内无组织排放监控点 NMHC 的 小时平均浓度值不超过 6 mg/m3，任 意一次浓度值不超, 时，建设 VOCs 处理设施且处理效率≥80%；b）厂 区内无组织排放监控点 NMHC 的 小时平均浓度值不超过 6 mg/m3，任 意一次浓度值不超,关键词已对应，待人工核验数值与字段归属,,
048_佛山市顺德区嘉保洁具有限公司迁建项目_01_报批稿或报告表,废气治理,废气治理、废气收集、活性炭,废气治理、废气收集、活性炭,效 VOCs 治理设施。 项目的废气治理设施为“活 性炭吸附”装置。 符合 3-8.【土壤/限制类】严格重金属重 项目不涉及。 符合 6 点行业企业准入,效 VOCs 治理设施。 项目的废气治理设施为“活 性炭吸附”装置。 符合 3-8.【土壤/限制类】严格重金属重 项目不涉及。 符合 第11页 6 点行,关键词已对应，待人工核验数值与字段归属,,
048_佛山市顺德区嘉保洁具有限公司迁建项目_01_报批稿或报告表,固废与危险废物,危险废物、固体废物、危废暂存,危险废物、固体废物、危废暂存,理 方式资质佐证材料。 项目建立危险废物台账，定期 将废活性炭等危险废物交给 有资质的单位处理，整理危废 处理合同、转移联单等资料。 符合 2.《固定污,理 方式资质佐证材料。 项目建立危险废物台账，定期 将废活性炭等危险废物交给 有资质的单位处理，整理危废 处理合同、转移联单等资料。 符合 2.《固定污,关键词已对应，待人工核验数值与字段归属,,
048_佛山市顺德区嘉保洁具有限公司迁建项目_01_报批稿或报告表,总量与执行标准,总量控制、总量指标、执行标准,总量控制、总量指标、执行标准,水应执行《城镇污水处理厂污 染物排放标准》（GB18918-2002） 一级 A 标准及《广东省水污染物 排放限值》（DB44/26-2001）的 较严,水应执行《城镇污水处理厂污 染物排放标准》（GB18918-2002） 一级 A 标准及《广东省水污染物 排放限值》（DB44/26-2001）的 较严,关键词已对应，待人工核验数值与字段归属,,
048_佛山市顺德区嘉保洁具有限公司迁建项目_01_报批稿或报告表,监督检查清单,环境保护措施监督检查清单、监督检查清单,环境保护措施监督检查清单、监督检查清单,.......... 35 五、环境保护措施监督检查清单 ...............................................,.......... 35 五、环境保护措施监督检查清单 ...............................................,关键词已对应，待人工核验数值与字段归属,,
049_佛山市力方电器科技有限公司新建项目_01_报批稿或报告表,项目基本情况,,,,,原文未自动定位，待人工确认,,
049_佛山市力方电器科技有限公司新建项目_01_报批稿或报告表,产品与产量,,,,,原文未自动定位，待人工确认,,
049_佛山市力方电器科技有限公司新建项目_01_报批稿或报告表,原辅材料,,,,,原文未自动定位，待人工确认,,
049_佛山市力方电器科技有限公司新建项目_01_报批稿或报告表,生产设备,,,,,原文未自动定位，待人工确认,,
049_佛山市力方电器科技有限公司新建项目_01_报批稿或报告表,工艺与产污,,,,,原文未自动定位，待人工确认,,
049_佛山市力方电器科技有限公司新建项目_01_报批稿或报告表,源强与定量核算,,,,,原文未自动定位，待人工确认,,
049_佛山市力方电器科技有限公司新建项目_01_报批稿或报告表,废气治理,,,,,原文未自动定位，待人工确认,,
049_佛山市力方电器科技有限公司新建项目_01_报批稿或报告表,固废与危险废物,,,,,原文未自动定位，待人工确认,,
049_佛山市力方电器科技有限公司新建项目_01_报批稿或报告表,总量与执行标准,,,,,原文未自动定位，待人工确认,,
049_佛山市力方电器科技有限公司新建项目_01_报批稿或报告表,监督检查清单,,,,,原文未自动定位，待人工确认,,
050_佛山市顺德区红昇电器有限公司新建项目_01_受理公告或公示版,项目基本情况,建设项目名称、建设地点、总投资,建设项目名称、建设地点、总投资,声明 1 一、建设项目基本情况 建设项目名称 佛山市顺德区红昇电器有限公司新建项目 项目代码 无 建设单位联系人 罗楚雄 联系方式 1343318400,6页 1 一、建设项目基本情况 建设项目名称 佛山市顺德区红昇电器有限公司新建项目 项目代码 无 建设单位联系人 罗楚雄 联系方式 1343318400,关键词已对应，待人工核验数值与字段归属,,
050_佛山市顺德区红昇电器有限公司新建项目_01_受理公告或公示版,产品与产量,主要产品、年产,主要产品、年产,项目主要从事小家电配件的产 销，年产小家电配件 100 万件。 根据《中华人民共和国环境影响评价法》（2018 年 12 月修订）、《建设项目环境影 响,项目主要从事小家电配件的产 销，年产小家电配件 100 万件。 根据《中华人民共和国环境影响评价法》（2018 年 12 月修订）、《建设项目环境影 响,关键词已对应，待人工核验数值与字段归属,,
050_佛山市顺德区红昇电器有限公司新建项目_01_受理公告或公示版,原辅材料,主要原辅材料、原辅材料、辅料,主要原辅材料、原辅材料、辅料,用的物料均不属于高挥 发性有机物原辅材料，符合政策 要求。 符合 1.2 第四十五条 产生含挥发性有机物废 气的生产和服务活动，应当在密闭空 间或者设备,用的物料均不属于高挥 发性有机物原辅材料，符合政策 要求。 符合 1.2 第四十五条 产生含挥发性有机物废 气的生产和服务活动，应当在密闭空 间或者设备,关键词已对应，待人工核验数值与字段归属,,
050_佛山市顺德区红昇电器有限公司新建项目_01_受理公告或公示版,生产设备,主要生产设备、设备名称、生产设施,主要生产设备、设备名称、生产设施,度不高于相 应的排放限值；车间或生产设施排气 中 NMHC 初始排放速率≥3kg/h 时， 建设 VOCs 处理设施且处理效率 ≥80%；b）厂区内无组,度不高于相 应的排放限值；车间或生产设施排气 中 NMHC 初始排放速率≥3kg/h 时， 建设 VOCs 处理设施且处理效率 ≥80%；b）厂区内无组,关键词已对应，待人工核验数值与字段归属,,
050_佛山市顺德区红昇电器有限公司新建项目_01_受理公告或公示版,工艺与产污,工艺流程、生产工艺、产污环节,工艺流程、生产工艺、产污环节, 4.6 VOCs 治理设施应与生产工艺设备同 步运行，VOCs 治理设施发生故障或 检修时，对应的生产工艺设备应停止 运行，待检修完毕后同步投入使用；, 4.6 VOCs 治理设施应与生产工艺设备同 步运行，VOCs 治理设施发生故障或 检修时，对应的生产工艺设备应停止 运行，待检修完毕后同步投入使用；,关键词已对应，待人工核验数值与字段归属,,
050_佛山市顺德区红昇电器有限公司新建项目_01_受理公告或公示版,源强与定量核算,污染源强、产生量、排放量,污染源强、产生量、排放量,时， 建设 VOCs 处理设施且处理效率 ≥80%；b）厂区内无组织排放监控点 NMHC 的小时平均浓度值不超过 6 mg/m3，任意一次浓度值不超过 ,时， 建设 VOCs 处理设施且处理效率 ≥80%；b）厂区内无组织排放监控点 NMHC 的小时平均浓度值不超过 6 mg/m3，任意一次浓度值不超过 ,关键词已对应，待人工核验数值与字段归属,,
050_佛山市顺德区红昇电器有限公司新建项目_01_受理公告或公示版,废气治理,废气治理、废气收集、活性炭,废气治理、废气收集、活性炭,点局部密闭集气罩”收 集，通过“活性炭吸附”装置处 理后引至 17m 排气筒 G1 高空排 放。 符合 2、《广东省大气污染防治条例》（2022 年修订,点局部密闭集气罩”收 集，通过“活性炭吸附”装置处 理后引至 17m 排气筒 G1 高空排 放。 符合 2、《广东省大气污染防治条例》（2022 年修订,关键词已对应，待人工核验数值与字段归属,,
050_佛山市顺德区红昇电器有限公司新建项目_01_受理公告或公示版,固废与危险废物,危险废物、固体废物、危废暂存,危险废物、固体废物、危废暂存,方资质佐证材 料。 企业严格执行危险废物转移计 划报批、依法建立危险废物转移 联单，并通过信息系统登记转移 计划和电子转移联单。 符合 4.8 建立废气,方资质佐证材 料。 企业严格执行危险废物转移计 划报批、依法建立危险废物转移 联单，并通过信息系统登记转移 计划和电子转移联单。 符合 4.8 建立废气,关键词已对应，待人工核验数值与字段归属,,
050_佛山市顺德区红昇电器有限公司新建项目_01_受理公告或公示版,总量与执行标准,总量控制、总量指标、执行标准,总量控制、总量指标、执行标准,26-2001） 第一类污染物的排放标准后纳入园区污水 管道送工业园污水处理厂处理。本园区应 按照《报告书》拟定的入园企业类别引进 企业项目，并应避免引,26-2001） 第一类污染物的排放标准后纳入园区污水 管道送工业园污水处理厂处理。本园区应 按照《报告书》拟定的入园企业类别引进 企业项目，并应避免引,关键词已对应，待人工核验数值与字段归属,,
050_佛山市顺德区红昇电器有限公司新建项目_01_受理公告或公示版,监督检查清单,环境保护措施监督检查清单、监督检查清单,环境保护措施监督检查清单、监督检查清单,.......... 32 五、环境保护措施监督检查清单 ...............................................,.......... 32 五、环境保护措施监督检查清单 ...............................................,关键词已对应，待人工核验数值与字段归属,,
051_佛山市力新五金塑胶制品有限公司新建项目_01_受理公告或公示版,项目基本情况,建设项目名称、建设地点、总投资,建设项目名称、建设地点、总投资,15 1 一、建设项目基本情况 建设项目名称 佛山市力新五金塑胶制品有限公司新建项目 项目代码 无 建设单位联系人 曾虹英 联系方式 181820695,6页 1 一、建设项目基本情况 建设项目名称 佛山市力新五金塑胶制品有限公司新建项目 项目代码 无 建设单位联系人 曾虹英 联系方式 181820695,关键词已对应，待人工核验数值与字段归属,,
051_佛山市力新五金塑胶制品有限公司新建项目_01_受理公告或公示版,产品与产量,主要产品、产品名称、年产,主要产品、产品名称、年产,企业和产业链企业开放入园。 项目主要产品亚克力板， 工艺主要为 CNC 加工、 覆膜、丝印、清洗，不涉 及属于园区严禁的三类 工业和严格限制的二类 工业,企业和产业链企业开放入园。 项目主要产品亚克力板， 工艺主要为 CNC 加工、 覆膜、丝印、清洗，不涉 及属于园区严禁的三类 工业和严格限制的二类 工业,关键词已对应，待人工核验数值与字段归属,,
051_佛山市力新五金塑胶制品有限公司新建项目_01_受理公告或公示版,原辅材料,主要原辅材料、原辅材料、辅料,主要原辅材料、原辅材料、辅料, 加工、丝印、覆膜、 清洗，项目主要原辅材料为亚 克力板、胶膜、油墨、固化剂、 慢干水，主要涉 VOC 原辅材料 为油墨、固化剂及慢干水，根 据工程分析, 加工、丝印、覆膜、 清洗，项目主要原辅材料为亚 克力板、胶膜、油墨、固化剂、 慢干水，主要涉 VOC 原辅材料 为油墨、固化剂及慢干水，根 据工程分析,关键词已对应，待人工核验数值与字段归属,,
051_佛山市力新五金塑胶制品有限公司新建项目_01_受理公告或公示版,生产设备,主要生产设备、设备名称、生产设施,主要生产设备、设备名称、生产设施, 表 2-9 项目主要生产工艺、生产设施、设施参数及计量单位一览表 序号 设备 规格参数 数量 单位 工艺 位置 1 撕膜机 / 2 台 撕膜 丝印间 , 表 2-9 项目主要生产工艺、生产设施、设施参数及计量单位一览表 序号 设备 规格参数 数量 单位 工艺 位置 1 撕膜机 / 2 台 撕膜 丝印间 ,关键词已对应，待人工核验数值与字段归属,,
051_佛山市力新五金塑胶制品有限公司新建项目_01_受理公告或公示版,工艺与产污,工艺流程、生产工艺、产污环节,工艺流程、生产工艺、产污环节, 4.3 VOCs 治理设施应与生产工艺设备同步运 行，VOCs 治理设施发生故 障或检修时， 对应的生产工艺设备应停止运行，待检修完 毕后同步投入使用, 4.3 VOCs 治理设施应与生产工艺设备同步运 行，VOCs 治理设施发生故 障或检修时， 对应的生产工艺设备应停止运行，待检修完 毕后同步投入使用,关键词已对应，待人工核验数值与字段归属,,
051_佛山市力新五金塑胶制品有限公司新建项目_01_受理公告或公示版,源强与定量核算,产生量、排放量、收集效率,产生量、排放量、收集效率,...65 附表 建设项目污染物排放量汇总表 .....................................................,...65 附表 建设项目污染物排放量汇总表 .....................................................,关键词已对应，待人工核验数值与字段归属,,
051_佛山市力新五金塑胶制品有限公司新建项目_01_受理公告或公示版,废气治理,废气治理、废气收集、活性炭,废气治理、废气收集、活性炭,... 71 附图 5-2 项目排气筒及有机废气产生源于周边敏感点距离一览图 .....................................,... 71 附图 5-2 项目排气筒及有机废气产生源于周边敏感点距离一览图 .....................................,关键词已对应，待人工核验数值与字段归属,,
051_佛山市力新五金塑胶制品有限公司新建项目_01_受理公告或公示版,固废与危险废物,危险废物、固体废物、危废暂存,危险废物、固体废物、危废暂存,地、“城市矿 产”示范基地、大宗固体废物综合利用示范基 地等园区集聚，提高塑料废弃物资源化利用 水平。培育一批符合废塑料综合利用行业规 范的骨干企业，定,地、“城市矿 产”示范基地、大宗固体废物综合利用示范基 地等园区集聚，提高塑料废弃物资源化利用 水平。培育一批符合废塑料综合利用行业规 范的骨干企业，定,关键词已对应，待人工核验数值与字段归属,,
051_佛山市力新五金塑胶制品有限公司新建项目_01_受理公告或公示版,总量与执行标准,总量控制、总量指标、执行标准,总量控制、总量指标、执行标准,/26-2001）第一类污染物的排放标准后纳入 园区污水管道送工业园污水处理厂处理。本园区应 按照《报告书》拟定的入园企业类别引进企业项目， 并应避免引,/26-2001）第一类污染物的排放标准后纳入 园区污水管道送工业园污水处理厂处理。本园区应 按照《报告书》拟定的入园企业类别引进企业项目， 并应避免引,关键词已对应，待人工核验数值与字段归属,,
051_佛山市力新五金塑胶制品有限公司新建项目_01_受理公告或公示版,监督检查清单,环境保护措施监督检查清单、监督检查清单,环境保护措施监督检查清单、监督检查清单,...........32 五、环境保护措施监督检查清单 ...............................................,...........32 五、环境保护措施监督检查清单 ...............................................,关键词已对应，待人工核验数值与字段归属,,
052_佛山市祖帮海绵有限公司新建项目_01_受理公告或公示版,项目基本情况,建设项目名称、建设地点、总投资,建设项目名称、建设地点、总投资, —1— 一、建设项目基本情况 建设项目名称 佛山市祖帮海绵有限公司新建项目 项目代码 无 建设单位联系人 周祖荣 联系方式 13924878666 建, —1— 一、建设项目基本情况 建设项目名称 佛山市祖帮海绵有限公司新建项目 项目代码 无 建设单位联系人 周祖荣 联系方式 13924878666 建,关键词已对应，待人工核验数值与字段归属,,
052_佛山市祖帮海绵有限公司新建项目_01_受理公告或公示版,产品与产量,主要产品、产品名称、年产,主要产品、产品名称、年产,南侧，建筑面积约 10m2 2、主要产品及产能 表 2-2 项目主要产品产量表 序号 主要产品名称 单位 年产量 备注 1 海绵 高密度 吨/年 802,南侧，建筑面积约 10m2 2、主要产品及产能 表 2-2 项目主要产品产量表 序号 主要产品名称 单位 年产量 备注 1 海绵 高密度 吨/年 802,关键词已对应，待人工核验数值与字段归属,,
052_佛山市祖帮海绵有限公司新建项目_01_受理公告或公示版,原辅材料,主要原辅材料、原辅材料、辅料,主要原辅材料、原辅材料、辅料,OCs 物料（包括含 VOCs 原辅材料、 含 VOCs 产品、含 VOCs 废料以及有机聚合物 材料等）储存、转移和输送、设备与管线组件 泄漏、敞开液,OCs 物料（包括含 VOCs 原辅材料、 含 VOCs 产品、含 VOCs 废料以及有机聚合物 材料等）储存、转移和输送、设备与管线组件 泄漏、敞开液,关键词已对应，待人工核验数值与字段归属,,
052_佛山市祖帮海绵有限公司新建项目_01_受理公告或公示版,生产设备,主要生产设备、设备名称、生产设施,主要生产设备、设备名称、生产设施,备及设施详见下表： 表 2-4 主要生产设备一览表 序号 设备 规格参数 数量 单位 工艺 位置 1 全自动发泡生 产线 L38000mm×W4550m,备及设施详见下表： 表 2-4 主要生产设备一览表 序号 设备 规格参数 数量 单位 工艺 位置 1 全自动发泡生 产线 L38000mm×W4550m,关键词已对应，待人工核验数值与字段归属,,
052_佛山市祖帮海绵有限公司新建项目_01_受理公告或公示版,工艺与产污,工艺流程、生产工艺、产污环节,工艺流程、生产工艺、产污环节,中禁止和许可事项；项目生产产品、生产工艺和 生产设备均不属于《产业结构调整指导目录（2024 年本）》（国家发展和改革委员会 令第 7 号，2024 年,中禁止和许可事项；项目生产产品、生产工艺和 生产设备均不属于《产业结构调整指导目录（2024 年本）》（国家发展和改革委员会 令第 7 号，2024 年,关键词已对应，待人工核验数值与字段归属,,
052_佛山市祖帮海绵有限公司新建项目_01_受理公告或公示版,源强与定量核算,污染源强、产生量、排放量,污染源强、产生量、排放量,..- 64 - 建设项目污染物排放量汇总表 .....................................................,..- 64 - 建设项目污染物排放量汇总表 .....................................................,关键词已对应，待人工核验数值与字段归属,,
052_佛山市祖帮海绵有限公司新建项目_01_受理公告或公示版,废气治理,废气治理、废气收集、活性炭,废气治理、废气收集、活性炭,集，废气排至除尘设施、VOCs 废气收集 处理系统。 项目液态 VOCs 物料经容器或罐车送 至厂内，在常温下储存。在厂内采用 密闭管道输送给料。粉状 ,集，废气排至除尘设施、VOCs 废气收集 处理系统。 项目液态 VOCs 物料经容器或罐车送 至厂内，在常温下储存。在厂内采用 密闭管道输送给料。粉状 ,关键词已对应，待人工核验数值与字段归属,,
052_佛山市祖帮海绵有限公司新建项目_01_受理公告或公示版,固废与危险废物,危险废物、固体废物、危废暂存,危险废物、固体废物、危废暂存,饮用水水源保护区 周边。且项目对危险废物进行分类 暂存，危险废物暂存间、原材料及 助剂仓库设置围堰，做好防渗措施 。厂区进行硬底化建设。在发生火 灾和爆,饮用水水源保护区 周边。且项目对危险废物进行分类 暂存，危险废物暂存间、原材料及 助剂仓库设置围堰，做好防渗措施 。厂区进行硬底化建设。在发生火 灾和爆,关键词已对应，待人工核验数值与字段归属,,
052_佛山市祖帮海绵有限公司新建项目_01_受理公告或公示版,总量与执行标准,总量控制、总量指标、执行标准,总量控制、总量指标、执行标准,印发《顺德区重点行业挥发性有机物总量指标管理工作方 案（2024 年修订）》的通知 3.1 全区建设项目新增 VOCs 排放量施行“减二增 一”政策。 ,印发《顺德区重点行业挥发性有机物总量指标管理工作方 案（2024 年修订）》的通知 3.1 全区建设项目新增 VOCs 排放量施行“减二增 一”政策。 ,关键词已对应，待人工核验数值与字段归属,,
052_佛山市祖帮海绵有限公司新建项目_01_受理公告或公示版,监督检查清单,环境保护措施监督检查清单、监督检查清单,环境保护措施监督检查清单、监督检查清单,.......... 45 五、环境保护措施监督检查清单 ...............................................,.......... 45 五、环境保护措施监督检查清单 ...............................................,关键词已对应，待人工核验数值与字段归属,,
053_佛山粤友塑料制品有限公司新建项目_01_受理公告或公示版,项目基本情况,建设项目名称、建设地点、总投资,建设项目名称、建设地点、总投资, 1 — 一、建设项目基本情况 建设项目名称 佛山粤友塑料制品有限公司新建项目 项目代码 无 建设单位联系人 李** 联系方式 18*******68 , 1 — 一、建设项目基本情况 建设项目名称 佛山粤友塑料制品有限公司新建项目 项目代码 无 建设单位联系人 李** 联系方式 18*******68 ,关键词已对应，待人工核验数值与字段归属,,
053_佛山粤友塑料制品有限公司新建项目_01_受理公告或公示版,产品与产量,年产,年产,、车窗电机底盖和电机锁块的生产，年产雨刮 电机轴盖 100 万件、车窗电机底盖 800 万件和电机锁块 380 万件，项目组成详见下表。 2. 项目基本,、车窗电机底盖和电机锁块的生产，年产雨刮 电机轴盖 100 万件、车窗电机底盖 800 万件和电机锁块 380 万件，项目组成详见下表。 2. 项目基本,关键词已对应，待人工核验数值与字段归属,,
053_佛山粤友塑料制品有限公司新建项目_01_受理公告或公示版,原辅材料,原辅材料、辅料,原辅材料、辅料,锁块的生产，生产的产品及使 用的原辅材料均不属于《环境保护综合名录（2021 年版）》中“高污染、高环境风险” 产品名录，符合要求。 3、与《广东省发展,锁块的生产，生产的产品及使 用的原辅材料均不属于《环境保护综合名录（2021 年版）》中“高污染、高环境风险” 产品名录，符合要求。 3、与《广东省发展,关键词已对应，待人工核验数值与字段归属,,
053_佛山粤友塑料制品有限公司新建项目_01_受理公告或公示版,生产设备,设备名称、生产设施、设备一览,设备名称、生产设施、设备一览,浓度不高于相应的排放限值；车间或生产设施排 气中 NMHC 初始排放速率≥3 kg/h 时，建设 VOCs 处理设施且处理效率≥80%；b）厂区内无组织,浓度不高于相应的排放限值；车间或生产设施排 气中 NMHC 初始排放速率≥3 kg/h 时，建设 VOCs 处理设施且处理效率≥80%；b）厂区内无组织,关键词已对应，待人工核验数值与字段归属,,
053_佛山粤友塑料制品有限公司新建项目_01_受理公告或公示版,工艺与产污,工艺流程、生产工艺、产污环节,工艺流程、生产工艺、产污环节,采购清单。鼓励重点行业企业 开展生产工艺和设备水性化改造，推广使用水性、 高固体分、无溶剂、粉末等低 VOCs 含量涂料。 严格落实《挥发性有机物无组织,采购清单。鼓励重点行业企业 开展生产工艺和设备水性化改造，推广使用水性、 高固体分、无溶剂、粉末等低 VOCs 含量涂料。 严格落实《挥发性有机物无组织,关键词已对应，待人工核验数值与字段归属,,
053_佛山粤友塑料制品有限公司新建项目_01_受理公告或公示版,源强与定量核算,产生量、排放量、收集效率,产生量、排放量、收集效率,..... 47 建设项目污染物排放量汇总表 .....................................................,..... 47 建设项目污染物排放量汇总表 .....................................................,关键词已对应，待人工核验数值与字段归属,,
053_佛山粤友塑料制品有限公司新建项目_01_受理公告或公示版,废气治理,废气治理、废气收集、活性炭,废气治理、废气收集、活性炭,对废 气进行点对点收集，并 采用活性炭吸附装置处 理有机废气。 符 合 1.3 提高废气收集率，遵循“应收尽收、分质收集”的 原则，科学设计废气收集系统,对废 气进行点对点收集，并 采用活性炭吸附装置处 理有机废气。 符 合 1.3 提高废气收集率，遵循“应收尽收、分质收集”的 原则，科学设计废气收集系统,关键词已对应，待人工核验数值与字段归属,,
053_佛山粤友塑料制品有限公司新建项目_01_受理公告或公示版,固废与危险废物,危险废物、固体废物、危废暂存,危险废物、固体废物、危废暂存,处理方式资质佐证材料。 项目建立危险废物台 账，定期将废机油、废 活性炭等危险废物交给 有资质的单位处理，整 理危废处理合同、转移 联单等资料。 符 合,处理方式资质佐证材料。 项目建立危险废物台 账，定期将废机油、废 活性炭等危险废物交给 有资质的单位处理，整 理危废处理合同、转移 联单等资料。 符 合,关键词已对应，待人工核验数值与字段归属,,
053_佛山粤友塑料制品有限公司新建项目_01_受理公告或公示版,总量与执行标准,总量控制、总量指标、执行标准,总量控制、总量指标、执行标准,26-2001） 第一类污染物的排放标准后纳入园区污水管 道送工业园污水处理厂处理。本园区应按照 《报告书》拟定的入园企业类别引进企业项 目，并应避免引,26-2001） 第一类污染物的排放标准后纳入园区污水管 道送工业园污水处理厂处理。本园区应按照 《报告书》拟定的入园企业类别引进企业项 目，并应避免引,关键词已对应，待人工核验数值与字段归属,,
053_佛山粤友塑料制品有限公司新建项目_01_受理公告或公示版,监督检查清单,环境保护措施监督检查清单、监督检查清单,环境保护措施监督检查清单、监督检查清单,.......... 25 五、环境保护措施监督检查清单 ...............................................,.......... 25 五、环境保护措施监督检查清单 ...............................................,关键词已对应，待人工核验数值与字段归属,,
054_佛山诗佳格科技有限公司新建项目_01_受理公告或公示版,项目基本情况,建设项目名称、建设地点、总投资,建设项目名称、建设地点、总投资, 1 — 一、建设项目基本情况 建设项目名称 佛山诗佳格科技有限公司新建项目 项目代码 无 建设单位联系人 李** 联系方式 15*******99 建, 1 — 一、建设项目基本情况 建设项目名称 佛山诗佳格科技有限公司新建项目 项目代码 无 建设单位联系人 李** 联系方式 15*******99 建,关键词已对应，待人工核验数值与字段归属,,
054_佛山诗佳格科技有限公司新建项目_01_受理公告或公示版,产品与产量,产品名称、年产,产品名称、年产,目主要从事改性塑料粒的生产，预计年产改性塑料粒 200 吨。 项目经营场所为已建标准厂房，该厂房为 10 层建筑（1-4 层高度为 6m，5-10 层高,目主要从事改性塑料粒的生产，预计年产改性塑料粒 200 吨。 项目经营场所为已建标准厂房，该厂房为 10 层建筑（1-4 层高度为 6m，5-10 层高,关键词已对应，待人工核验数值与字段归属,,
054_佛山诗佳格科技有限公司新建项目_01_受理公告或公示版,原辅材料,原辅材料、原料名称,原辅材料、原料名称,塑料粒的生产，生产的产品及使用的原辅材料均不属于《环境 保护综合名录（2021 年版）》中“高污染、高环境风险”产品名录，符合要求。 3、与《广东省发展,塑料粒的生产，生产的产品及使用的原辅材料均不属于《环境 保护综合名录（2021 年版）》中“高污染、高环境风险”产品名录，符合要求。 3、与《广东省发展,关键词已对应，待人工核验数值与字段归属,,
054_佛山诗佳格科技有限公司新建项目_01_受理公告或公示版,生产设备,生产设施、设备一览,生产设施、设备一览, 吨 VOCs） 9.4 车间或生产设施排气中 NMHC 初始排放 速率≥3kg/h 时，建设 VOCs 处理设施且处 理效率≥80%，采用的原辅材料符, 吨 VOCs） 9.4 车间或生产设施排气中 NMHC 初始排放 速率≥3kg/h 时，建设 VOCs 处理设施且处 理效率≥80%，采用的原辅材料符,关键词已对应，待人工核验数值与字段归属,,
054_佛山诗佳格科技有限公司新建项目_01_受理公告或公示版,工艺与产污,工艺流程、生产工艺、产污环节,工艺流程、生产工艺、产污环节,采 购清单。鼓励重点行业企业开展生产工艺 和设备水性化改造，推广使用水性、高固 体分、无溶剂、粉末等低 VOCs 含量涂料。 严格落实《挥发性有机物无组,采 购清单。鼓励重点行业企业开展生产工艺 和设备水性化改造，推广使用水性、高固 体分、无溶剂、粉末等低 VOCs 含量涂料。 严格落实《挥发性有机物无组,关键词已对应，待人工核验数值与字段归属,,
054_佛山诗佳格科技有限公司新建项目_01_受理公告或公示版,源强与定量核算,产生量、排放量、收集效率,产生量、排放量、收集效率,..... 52 建设项目污染物排放量汇总表 .....................................................,..... 52 建设项目污染物排放量汇总表 .....................................................,关键词已对应，待人工核验数值与字段归属,,
054_佛山诗佳格科技有限公司新建项目_01_受理公告或公示版,废气治理,废气治理、废气收集、活性炭,废气治理、废气收集、活性炭, 注塑机采用半密闭集气罩收 集，废气收集后通过过滤棉+ 活性炭吸附装置处理后引至 52m 排气筒排放。 符 合 1.3 提高废气收集率，遵循“应收尽收、, 注塑机采用半密闭集气罩收 集，废气收集后通过过滤棉+ 活性炭吸附装置处理后引至 52m 排气筒排放。 符 合 1.3 提高废气收集率，遵循“应收尽收、,关键词已对应，待人工核验数值与字段归属,,
054_佛山诗佳格科技有限公司新建项目_01_受理公告或公示版,固废与危险废物,危险废物、固体废物、危废暂存,危险废物、固体废物、危废暂存,理方式资质佐证 材料。 项目建立危险废物台账，定期 将废机油、废活性炭等危险废 物交给有资质的单位处理，整 理危废处理合同、转移联单等 资料。 符 合 ,理方式资质佐证 材料。 项目建立危险废物台账，定期 将废机油、废活性炭等危险废 物交给有资质的单位处理，整 理危废处理合同、转移联单等 资料。 符 合 ,关键词已对应，待人工核验数值与字段归属,,
054_佛山诗佳格科技有限公司新建项目_01_受理公告或公示版,总量与执行标准,总量控制、总量指标、执行标准,总量控制、总量指标、执行标准,26-2001） 第一类污染物的排放标准后纳入园区污水 管道送工业园污水处理厂处理。本园区应 按照《报告书》拟定的入园企业类别引进 企业项目，并应避免引,26-2001） 第一类污染物的排放标准后纳入园区污水 管道送工业园污水处理厂处理。本园区应 按照《报告书》拟定的入园企业类别引进 企业项目，并应避免引,关键词已对应，待人工核验数值与字段归属,,
054_佛山诗佳格科技有限公司新建项目_01_受理公告或公示版,监督检查清单,环境保护措施监督检查清单、监督检查清单,环境保护措施监督检查清单、监督检查清单,.......... 26 五、环境保护措施监督检查清单 ...............................................,.......... 26 五、环境保护措施监督检查清单 ...............................................,关键词已对应，待人工核验数值与字段归属,,
055_佛山市乔安电器有限公司迁建项目_01_受理公告或公示版,项目基本情况,建设项目名称、建设地点、总投资,建设项目名称、建设地点、总投资,声明 1 一、建设项目基本情况 建设项目名称 佛山市乔安电器有限公司迁建项目 项目代码 无 建设单位联系人 王** 联系方式 15*******58 建,6页 1 一、建设项目基本情况 建设项目名称 佛山市乔安电器有限公司迁建项目 项目代码 无 建设单位联系人 王** 联系方式 15*******58 建,关键词已对应，待人工核验数值与字段归属,,
055_佛山市乔安电器有限公司迁建项目_01_受理公告或公示版,产品与产量,主要产品、产品名称、年产,主要产品、产品名称、年产, 塑料配件、家电五金配件的产销，年产家电塑料配件 20 万件、家电五金配件 10 万套。该项目于 2022 年 5 月委托广州穗蓝环境科技有限公司编制《, 塑料配件、家电五金配件的产销，年产家电塑料配件 20 万件、家电五金配件 10 万套。该项目于 2022 年 5 月委托广州穗蓝环境科技有限公司编制《,关键词已对应，待人工核验数值与字段归属,,
055_佛山市乔安电器有限公司迁建项目_01_受理公告或公示版,原辅材料,主要原辅材料、原辅材料、辅料,主要原辅材料、原辅材料、辅料,清洗剂、 胶黏剂等高挥发性有机物原辅材料项目， 鼓励现有该类项目搬迁退出。 项目不属于储油库项目， 不产生有毒有害大气污 染物，项目不使用高挥发 性有机,清洗剂、 胶黏剂等高挥发性有机物原辅材料项目， 鼓励现有该类项目搬迁退出。 项目不属于储油库项目， 不产生有毒有害大气污 染物，项目不使用高挥发 性有机,关键词已对应，待人工核验数值与字段归属,,
055_佛山市乔安电器有限公司迁建项目_01_受理公告或公示版,生产设备,生产设施,生产设施,（含排气 柜） 污染物产生点（或生产设施） 四周及上下有围挡设施，符合 以下两种情况：1、仅保留 1 个 操作工位面；2、仅保留物料进 出通道，通道敞开,（含排气 柜） 污染物产生点（或生产设施） 四周及上下有围挡设施，符合 以下两种情况：1、仅保留 1 个 操作工位面；2、仅保留物料进 出通道，通道敞开,关键词已对应，待人工核验数值与字段归属,,
055_佛山市乔安电器有限公司迁建项目_01_受理公告或公示版,工艺与产污,工艺流程、生产工艺、产污环节,工艺流程、生产工艺、产污环节,，加快涉 VOCs 重点行业的 生产工艺升级改造，推行自动化生产工 艺，对达不到要求的 VOCs 收集及治理设 施进行整治提升，逐步淘汰低效 VOCs ,，加快涉 VOCs 重点行业的 生产工艺升级改造，推行自动化生产工 艺，对达不到要求的 VOCs 收集及治理设 施进行整治提升，逐步淘汰低效 VOCs ,关键词已对应，待人工核验数值与字段归属,,
055_佛山市乔安电器有限公司迁建项目_01_受理公告或公示版,源强与定量核算,污染源强、产生量、排放量,污染源强、产生量、排放量,外围安装软帘形成局部围 闭，加强收集效率；项目注塑 工序产生的有机废气经“集气 罩+幕帘”收集，通过“活性 炭吸附”装置处理后引至 50m 排气筒 DA,外围安装软帘形成局部围 闭，加强收集效率；项目注塑 工序产生的有机废气经“集气 罩+幕帘”收集，通过“活性 炭吸附”装置处理后引至 50m 排气筒 DA,关键词已对应，待人工核验数值与字段归属,,
055_佛山市乔安电器有限公司迁建项目_01_受理公告或公示版,废气治理,废气治理、废气收集、活性炭,废气治理、废气收集、活性炭, VOCs 含量 原辅材料，有机废气治理 设施为“活性炭吸附”装 置。不属于上述低效治理 设施。有机废气经有效收 集处理后达标排放。 符合 环境 风险 , VOCs 含量 原辅材料，有机废气治理 设施为“活性炭吸附”装 置。不属于上述低效治理 设施。有机废气经有效收 集处理后达标排放。 符合 环境 风险 ,关键词已对应，待人工核验数值与字段归属,,
055_佛山市乔安电器有限公司迁建项目_01_受理公告或公示版,固废与危险废物,危险废物、固体废物、危废暂存,危险废物、固体废物、危废暂存,，并采取减振、隔声、降噪措施。 固体废物 一般工业固废收集后交由有一般工业固体废物处置资质单位处 理；生活垃圾由环卫部门统一清运填埋；危险废物统一收集后,，并采取减振、隔声、降噪措施。 固体废物 一般工业固废收集后交由有一般工业固体废物处置资质单位处 理；生活垃圾由环卫部门统一清运填埋；危险废物统一收集后,关键词已对应，待人工核验数值与字段归属,,
055_佛山市乔安电器有限公司迁建项目_01_受理公告或公示版,总量与执行标准,总量控制、总量指标、执行标准,总量控制、总量指标、执行标准,水应 执行《城镇污水处理厂污染物排放标准》 （GB18918-2002）一级 A 标准及《广东 省水污染物排放限值》（DB44/26-2001） 的较严,水应 执行《城镇污水处理厂污染物排放标准》 （GB18918-2002）一级 A 标准及《广东 省水污染物排放限值》（DB44/26-2001） 的较严,关键词已对应，待人工核验数值与字段归属,,
055_佛山市乔安电器有限公司迁建项目_01_受理公告或公示版,监督检查清单,环境保护措施监督检查清单、监督检查清单,环境保护措施监督检查清单、监督检查清单,.......... 29 五、环境保护措施监督检查清单 ...............................................,.......... 29 五、环境保护措施监督检查清单 ...............................................,关键词已对应，待人工核验数值与字段归属,,
056_佛山市顺德区菱昌精密塑料五金实业有限公司新建项目_01_受理公告或公示版,项目基本情况,建设项目名称、建设地点、总投资,建设项目名称、建设地点、总投资, 1 — 一、建设项目基本情况 建设项目名称 佛山市顺德区菱昌精密塑料五金实业有限公司新建项目 项目代码 无 建设单位联系 人 梁** 联系方式 13*, 1 — 一、建设项目基本情况 建设项目名称 佛山市顺德区菱昌精密塑料五金实业有限公司新建项目 项目代码 无 建设单位联系 人 梁** 联系方式 13*,关键词已对应，待人工核验数值与字段归属,,
056_佛山市顺德区菱昌精密塑料五金实业有限公司新建项目_01_受理公告或公示版,产品与产量,产品方案、主要产品、产品名称,产品方案、主要产品、产品名称,塑盒加工生产基地。项目达产后预计年产值 80 万元，年生产防水胶膜约 200 万只、吸塑盒 10 万只。项目租用厂房为现有已建成厂房，目前处于前期准备阶,塑盒加工生产基地。项目达产后预计年产值 80 万元，年生产防水胶膜约 200 万只、吸塑盒 10 万只。项目租用厂房为现有已建成厂房，目前处于前期准备阶,关键词已对应，待人工核验数值与字段归属,,
056_佛山市顺德区菱昌精密塑料五金实业有限公司新建项目_01_受理公告或公示版,原辅材料,主要原辅材料、原辅材料,主要原辅材料、原辅材料,设施 且处理效率≥80%，采用的原辅材料符 合国家有关低 VOCs 含量产品规定的除 外。 本项目吸塑、折边过程 NMHC 初始排放速率为 0.075k,设施 且处理效率≥80%，采用的原辅材料符 合国家有关低 VOCs 含量产品规定的除 外。 本项目吸塑、折边过程 NMHC 初始排放速率为 0.075k,关键词已对应，待人工核验数值与字段归属,,
056_佛山市顺德区菱昌精密塑料五金实业有限公司新建项目_01_受理公告或公示版,生产设备,主要生产设备、设备名称、生产设施,主要生产设备、设备名称、生产设施,mg/g。 符合 3.5 车间或生产设施排气筒废气排放浓度 不高于《合成树脂工业污染物排放标 准》（GB31572-2015）排放限值的 50%。 本项,mg/g。 符合 3.5 车间或生产设施排气筒废气排放浓度 不高于《合成树脂工业污染物排放标 准》（GB31572-2015）排放限值的 50%。 本项,关键词已对应，待人工核验数值与字段归属,,
056_佛山市顺德区菱昌精密塑料五金实业有限公司新建项目_01_受理公告或公示版,工艺与产污,工艺流程、生产工艺、产污环节,工艺流程、生产工艺、产污环节,从事塑料制品制造，项目生产产品、生产工艺和生产设备均不属 于《产业结构调整指导目录（2024 年本）》中的限制或禁止类别，也不属 于国家发展改革委 商务,从事塑料制品制造，项目生产产品、生产工艺和生产设备均不属 于《产业结构调整指导目录（2024 年本）》中的限制或禁止类别，也不属 于国家发展改革委 商务,关键词已对应，待人工核验数值与字段归属,,
056_佛山市顺德区菱昌精密塑料五金实业有限公司新建项目_01_受理公告或公示版,源强与定量核算,产生量、排放量、收集效率,产生量、排放量、收集效率,..... 59 建设项目污染物排放量汇总表 .....................................................,..... 59 建设项目污染物排放量汇总表 .....................................................,关键词已对应，待人工核验数值与字段归属,,
056_佛山市顺德区菱昌精密塑料五金实业有限公司新建项目_01_受理公告或公示版,废气治理,废气治理、废气收集、活性炭,废气治理、废气收集、活性炭,合 — 5 — 集气罩收集，采用活性炭吸附 处理有机废气。 3.4 若采用活性炭吸附技术，采用颗粒活性 炭作为吸附剂时，其碘值不宜低于 800mg/g；,页 — 5 — 集气罩收集，采用活性炭吸附 处理有机废气。 3.4 若采用活性炭吸附技术，采用颗粒活性 炭作为吸附剂时，其碘值不宜低于 800mg/g；,关键词已对应，待人工核验数值与字段归属,,
056_佛山市顺德区菱昌精密塑料五金实业有限公司新建项目_01_受理公告或公示版,固废与危险废物,危险废物、固体废物、危废暂存,危险废物、固体废物、危废暂存,生产车间西侧中部， 用于暂存一般固体废物。 危废仓 5m2 仅一层，层高约 2.5m，位于生产车间东南部， 用于暂存危险废物。 辅助 工程 办公区 20,生产车间西侧中部， 用于暂存一般固体废物。 危废仓 5m2 仅一层，层高约 2.5m，位于生产车间东南部， 用于暂存危险废物。 辅助 工程 办公区 20,关键词已对应，待人工核验数值与字段归属,,
056_佛山市顺德区菱昌精密塑料五金实业有限公司新建项目_01_受理公告或公示版,总量与执行标准,总量控制、总量指标、执行标准,总量控制、总量指标、执行标准,，严格控制以间接排放 标准或纳管排放标准向市政管网排放工业废水。工业企业排放有含重金属、 难生化降解、有生物毒性、易燃易爆、高盐分、重油脂等超城镇生活污,，严格控制以间接排放 标准或纳管排放标准向市政管网排放工业废水。工业企业排放有含重金属、 难生化降解、有生物毒性、易燃易爆、高盐分、重油脂等超城镇生活污,关键词已对应，待人工核验数值与字段归属,,
056_佛山市顺德区菱昌精密塑料五金实业有限公司新建项目_01_受理公告或公示版,监督检查清单,环境保护措施监督检查清单、监督检查清单,环境保护措施监督检查清单、监督检查清单,.......... 29 五、环境保护措施监督检查清单 ...............................................,.......... 29 五、环境保护措施监督检查清单 ...............................................,关键词已对应，待人工核验数值与字段归属,,
057_佛山市德田科技有限公司建设项目_01_受理公告或公示版,项目基本情况,建设项目名称、建设地点、总投资,建设项目名称、建设地点、总投资,合同 1 一、建设项目基本情况 建设项目名称 佛山市德田科技有限公司建设项目 项目代码 无 建设单位联系人 张** 联系方式 18*******58 建,6页 1 一、建设项目基本情况 建设项目名称 佛山市德田科技有限公司建设项目 项目代码 无 建设单位联系人 张** 联系方式 18*******58 建,关键词已对应，待人工核验数值与字段归属,,
057_佛山市德田科技有限公司建设项目_01_受理公告或公示版,产品与产量,主要产品、产品名称、年产,主要产品、产品名称、年产,链和奶 嘴收纳盒的加工生产，预计年产奶嘴防掉链430万个、奶嘴收纳盒150万个。 根据《中华人民共和国环境影响评价法》（2018 年 12 月 29 日,链和奶 嘴收纳盒的加工生产，预计年产奶嘴防掉链430万个、奶嘴收纳盒150万个。 根据《中华人民共和国环境影响评价法》（2018 年 12 月 29 日,关键词已对应，待人工核验数值与字段归属,,
057_佛山市德田科技有限公司建设项目_01_受理公告或公示版,原辅材料,主要原辅材料、原辅材料、原料名称,主要原辅材料、原辅材料、原料名称,清洗剂、胶黏剂等 高挥发性有机物原辅材料 项目，鼓励现有该类项目 搬迁退出。 项目为塑料制品业，生产 过 程 中 不 使 用 溶 剂 型 油 墨、涂料、,清洗剂、胶黏剂等 高挥发性有机物原辅材料 项目，鼓励现有该类项目 搬迁退出。 项目为塑料制品业，生产 过 程 中 不 使 用 溶 剂 型 油 墨、涂料、,关键词已对应，待人工核验数值与字段归属,,
057_佛山市德田科技有限公司建设项目_01_受理公告或公示版,生产设备,主要生产设备、设备名称、生产设施,主要生产设备、设备名称、生产设施,缓冲等作用。 5、主要生产工艺、生产设施及设施参数 表 2-5 项目主要生产设备一览表 序号 设备名称 规格参数 数量 （台） 工艺 位置 1 混料机 ,缓冲等作用。 5、主要生产工艺、生产设施及设施参数 表 2-5 项目主要生产设备一览表 序号 设备名称 规格参数 数量 （台） 工艺 位置 1 混料机 ,关键词已对应，待人工核验数值与字段归属,,
057_佛山市德田科技有限公司建设项目_01_受理公告或公示版,工艺与产污,工艺流程、生产工艺、产污环节,工艺流程、生产工艺、产污环节,，加快涉 VOCs 重 点行业的生产工艺升级改 造，推行自动化生产工艺， 对达不到要求的 VOCs 收 集及治理设施进行整治提 升，逐步淘汰低效 VOC,，加快涉 VOCs 重 点行业的生产工艺升级改 造，推行自动化生产工艺， 对达不到要求的 VOCs 收 集及治理设施进行整治提 升，逐步淘汰低效 VOC,关键词已对应，待人工核验数值与字段归属,,
057_佛山市德田科技有限公司建设项目_01_受理公告或公示版,源强与定量核算,产生量、排放量、收集效率,产生量、排放量、收集效率,..... 63 建设项目污染物排放量汇总表（单位：t/a） 附图 1 项目地理位置图 附图 2 项目四至图 1 附图 3 项目周边环境敏感点分布图 附,..... 63 建设项目污染物排放量汇总表（单位：t/a） 附图 1 项目地理位置图 附图 2 项目四至图 1 附图 3 项目周边环境敏感点分布图 附,关键词已对应，待人工核验数值与字段归属,,
057_佛山市德田科技有限公司建设项目_01_受理公告或公示版,废气治理,废气治理、废气收集、活性炭,废气治理、废气收集、活性炭,对点局 部密闭收集后通过“二级 活性炭”处理，引至 1 根 54m 高排气筒排放。 符合 环 境 风 险 防 控 4-1.【水/综合类】五沙污 水处理厂,对点局 部密闭收集后通过“二级 活性炭”处理，引至 1 根 54m 高排气筒排放。 符合 环 境 风 险 防 控 4-1.【水/综合类】五沙污 水处理厂,关键词已对应，待人工核验数值与字段归属,,
057_佛山市德田科技有限公司建设项目_01_受理公告或公示版,固废与危险废物,危险废物、固体废物、危废暂存,危险废物、固体废物、危废暂存,立 危 险 废 物 台账，定期将危险废物 交 给 有 资 质 的 单 位 处 理 ， 整 理 危 废 处 理 合 同、转移联单等资料。 符 合 2.《广,立 危 险 废 物 台账，定期将危险废物 交 给 有 资 质 的 单 位 处 理 ， 整 理 危 废 处 理 合 同、转移联单等资料。 符 合 2.《广,关键词已对应，待人工核验数值与字段归属,,
057_佛山市德田科技有限公司建设项目_01_受理公告或公示版,总量与执行标准,总量控制、总量指标、执行标准,总量控制、总量指标、执行标准,/26-2001）第一类污染物的排放标准后 纳入园区污水管道送工业园污水处理厂 处理。本园区应按照《报告书》拟定的 入园企业类别引进企业项目，并应避免 ,/26-2001）第一类污染物的排放标准后 纳入园区污水管道送工业园污水处理厂 处理。本园区应按照《报告书》拟定的 入园企业类别引进企业项目，并应避免 ,关键词已对应，待人工核验数值与字段归属,,
057_佛山市德田科技有限公司建设项目_01_受理公告或公示版,监督检查清单,环境保护措施监督检查清单、监督检查清单,环境保护措施监督检查清单、监督检查清单,......... 36 五、 环境保护措施监督检查清单 ...............................................,......... 36 五、 环境保护措施监督检查清单 ...............................................,关键词已对应，待人工核验数值与字段归属,,
058_佛山市车壹套塑料制品有限公司新建项目_01_受理公告或公示版,项目基本情况,建设项目名称、建设地点、总投资,建设项目名称、建设地点、总投资, 1 — 一、建设项目基本情况 建设项目名称 佛山市车壹套塑料制品有限公司新建项目 项目代码 无 建设单位联系人 ** 联系方式 ** 建设地点 佛山市, 1 — 一、建设项目基本情况 建设项目名称 佛山市车壹套塑料制品有限公司新建项目 项目代码 无 建设单位联系人 ** 联系方式 ** 建设地点 佛山市,关键词已对应，待人工核验数值与字段归属,,
058_佛山市车壹套塑料制品有限公司新建项目_01_受理公告或公示版,产品与产量,产品名称、年产,产品名称、年产,和产能 表 5 产品产能一览表 产品名称 单位 数量 备注 塑料保护壳 万个/年 3000 汽车钥匙保护套 5-10g/个 3. 项目生产设备 表 6 ,和产能 表 5 产品产能一览表 产品名称 单位 数量 备注 塑料保护壳 万个/年 3000 汽车钥匙保护套 5-10g/个 3. 项目生产设备 表 6 ,关键词已对应，待人工核验数值与字段归属,,
058_佛山市车壹套塑料制品有限公司新建项目_01_受理公告或公示版,原辅材料,原辅材料、原料名称,原辅材料、原料名称,料保护壳生产，生产的产品及使用的原辅材料均不属于《环境保 护综合名录（2021 年版）》中“高污染、高环境风险”产品名录，符合要求。 3、与广东省发展改,料保护壳生产，生产的产品及使用的原辅材料均不属于《环境保 护综合名录（2021 年版）》中“高污染、高环境风险”产品名录，符合要求。 3、与广东省发展改,关键词已对应，待人工核验数值与字段归属,,
058_佛山市车壹套塑料制品有限公司新建项目_01_受理公告或公示版,生产设备,生产设施、设备一览,生产设施、设备一览,3. 项目生产设备 表 6 生产设备一览表 主要生 产单元 主要 工艺 生产设施 名称 数量 单位 设计参数 位置 参数名称 设计值 单位 保护壳 生产,3. 项目生产设备 表 6 生产设备一览表 主要生 产单元 主要 工艺 生产设施 名称 数量 单位 设计参数 位置 参数名称 设计值 单位 保护壳 生产,关键词已对应，待人工核验数值与字段归属,,
058_佛山市车壹套塑料制品有限公司新建项目_01_受理公告或公示版,工艺与产污,工艺流程、生产工艺、产污环节,工艺流程、生产工艺、产污环节,采购清单。鼓励重点行业企 业开展生产工艺和设备水性化改造，推广使用水 性、高固体分、无溶剂、粉末等低 VOCs 含量涂 料。严格落实《挥发性有机物无组织,采购清单。鼓励重点行业企 业开展生产工艺和设备水性化改造，推广使用水 性、高固体分、无溶剂、粉末等低 VOCs 含量涂 料。严格落实《挥发性有机物无组织,关键词已对应，待人工核验数值与字段归属,,
058_佛山市车壹套塑料制品有限公司新建项目_01_受理公告或公示版,源强与定量核算,产生量、排放量、收集效率,产生量、排放量、收集效率,..... 47 建设项目污染物排放量汇总表 .....................................................,..... 47 建设项目污染物排放量汇总表 .....................................................,关键词已对应，待人工核验数值与字段归属,,
058_佛山市车壹套塑料制品有限公司新建项目_01_受理公告或公示版,废气治理,废气治理、废气收集、活性炭,废气治理、废气收集、活性炭,7m/s。 符 合 1.3 提高废气收集率，遵循“应收尽收、分质收集”的 原则，科学设计废气收集系统，将无组织排放转 变为有组织排放进行控制。采用全密闭,7m/s。 符 合 1.3 提高废气收集率，遵循“应收尽收、分质收集”的 原则，科学设计废气收集系统，将无组织排放转 变为有组织排放进行控制。采用全密闭,关键词已对应，待人工核验数值与字段归属,,
058_佛山市车壹套塑料制品有限公司新建项目_01_受理公告或公示版,固废与危险废物,危险废物、固体废物、危废暂存,危险废物、固体废物、危废暂存,处理方式资质佐证材料。 项目建立危险废物台账， 定期将废机油、废活性炭 等危险废物交给有资质 的单位处理，整理危废处 理合同、转移联单等资 料。 符 合,处理方式资质佐证材料。 项目建立危险废物台账， 定期将废机油、废活性炭 等危险废物交给有资质 的单位处理，整理危废处 理合同、转移联单等资 料。 符 合,关键词已对应，待人工核验数值与字段归属,,
058_佛山市车壹套塑料制品有限公司新建项目_01_受理公告或公示版,总量与执行标准,总量控制、总量指标、执行标准,总量控制、总量指标、执行标准,26-2001） 第一类污染物的排放标准后纳入园区污水管 道送工业园污水处理厂处理。本园区应按照 《报告书》拟定的入园企业类别引进企业项 目，并应避免引,26-2001） 第一类污染物的排放标准后纳入园区污水管 道送工业园污水处理厂处理。本园区应按照 《报告书》拟定的入园企业类别引进企业项 目，并应避免引,关键词已对应，待人工核验数值与字段归属,,
058_佛山市车壹套塑料制品有限公司新建项目_01_受理公告或公示版,监督检查清单,环境保护措施监督检查清单、监督检查清单,环境保护措施监督检查清单、监督检查清单,...........24 五、环境保护措施监督检查清单 ...............................................,...........24 五、环境保护措施监督检查清单 ...............................................,关键词已对应，待人工核验数值与字段归属,,
059_华硕（广东）新材料股份有限公司新建项目_01_报批稿或报告表,项目基本情况,建设项目名称、建设地点、总投资,建设项目名称、建设地点、总投资, 1 — 一、建设项目基本情况 建设项目名称 华硕（广东）新材料股份有限公司新建项目 项目代码 无 建设单位联系人 陈* 联系方式 1363361***, 1 — 一、建设项目基本情况 建设项目名称 华硕（广东）新材料股份有限公司新建项目 项目代码 无 建设单位联系人 陈* 联系方式 1363361***,关键词已对应，待人工核验数值与字段归属,,
059_华硕（广东）新材料股份有限公司新建项目_01_报批稿或报告表,产品与产量,主要产品、产品名称、年产,主要产品、产品名称、年产,许可证的单位回收处置 2、本项目主要产品年产量 表 2-2 本项目主要产品年产量 序号 产品名称 单位 产量 涂布厚度 备注 1 食品包装膜 吨 276,许可证的单位回收处置 2、本项目主要产品年产量 表 2-2 本项目主要产品年产量 序号 产品名称 单位 产量 涂布厚度 备注 1 食品包装膜 吨 276,关键词已对应，待人工核验数值与字段归属,,
059_华硕（广东）新材料股份有限公司新建项目_01_报批稿或报告表,原辅材料,主要原辅材料、原辅材料、原料名称,主要原辅材料、原辅材料、原料名称,属于新建生产和使用高挥发性有机物原辅材料的项目，符合区 域布局管控要求。 ②项目所属橡胶和塑料制品业不属于高能耗行业。项目生产设 备使用电能，生产用水由,属于新建生产和使用高挥发性有机物原辅材料的项目，符合区 域布局管控要求。 ②项目所属橡胶和塑料制品业不属于高能耗行业。项目生产设 备使用电能，生产用水由,关键词已对应，待人工核验数值与字段归属,,
059_华硕（广东）新材料股份有限公司新建项目_01_报批稿或报告表,生产设备,主要生产设备、设备名称、生产设施,主要生产设备、设备名称、生产设施,度不高于相应的排放限值；车间 或生产设施排气中 NMHC 初始排 放速率≥3kg/h 时，建设 VOCs 处 理设施且处理效率≥80%；b）厂 区内无组,度不高于相应的排放限值；车间 或生产设施排气中 NMHC 初始排 放速率≥3kg/h 时，建设 VOCs 处 理设施且处理效率≥80%；b）厂 区内无组,关键词已对应，待人工核验数值与字段归属,,
059_华硕（广东）新材料股份有限公司新建项目_01_报批稿或报告表,工艺与产污,工艺流程、生产工艺、产污环节,工艺流程、生产工艺、产污环节,，加快涉 VOCs 重点行业的 生产工艺升级改造，推行自动化生产工艺，对达不到要求的 VOCs 收集及治理设 施进行整治提升，逐步淘汰低效 VOCs 治,，加快涉 VOCs 重点行业的 生产工艺升级改造，推行自动化生产工艺，对达不到要求的 VOCs 收集及治理设 施进行整治提升，逐步淘汰低效 VOCs 治,关键词已对应，待人工核验数值与字段归属,,
059_华硕（广东）新材料股份有限公司新建项目_01_报批稿或报告表,源强与定量核算,产生量、排放量、收集效率,产生量、排放量、收集效率,时，建设 VOCs 处 理设施且处理效率≥80%；b）厂 区内无组织排放监控点 NMHC 的 小时平均浓度值不超过 6mg/m3， 任意一次浓度值不超过,时，建设 VOCs 处 理设施且处理效率≥80%；b）厂 区内无组织排放监控点 NMHC 的 小时平均浓度值不超过 6mg/m3， 任意一次浓度值不超过,关键词已对应，待人工核验数值与字段归属,,
059_华硕（广东）新材料股份有限公司新建项目_01_报批稿或报告表,废气治理,废气治理、废气收集、活性炭,废气治理、废气收集、活性炭,有机废气均经 整室收集后通过二级活性炭吸附处理后通过楼顶 18m 排气筒 G1、 G2 排放，符合重点管控单元的要求。 4、与《佛山市人民政府关于印发佛,有机废气均经 整室收集后通过二级活性炭吸附处理后通过楼顶 18m 排气筒 G1、 G2 排放，符合重点管控单元的要求。 4、与《佛山市人民政府关于印发佛,关键词已对应，待人工核验数值与字段归属,,
059_华硕（广东）新材料股份有限公司新建项目_01_报批稿或报告表,固废与危险废物,危险废物、固体废物、危废暂存,危险废物、固体废物、危废暂存,园区环境风险防控区域。项目产生的危险废物拟定期委托有 资质的处置公司进行收集处理，并通过信息系统登记转移计划和电 子转移联单，符合危险废物全过程跟踪管理,园区环境风险防控区域。项目产生的危险废物拟定期委托有 资质的处置公司进行收集处理，并通过信息系统登记转移计划和电 子转移联单，符合危险废物全过程跟踪管理,关键词已对应，待人工核验数值与字段归属,,
059_华硕（广东）新材料股份有限公司新建项目_01_报批稿或报告表,总量与执行标准,总量控制、总量指标、执行标准,总量控制、总量指标、执行标准,目所在镇街分局出 具 VOCs 总量指标来源及替代削 减方案的意见，开展总量替代 项目 VOCs 排放总量为 0.2905t/a，建议 VOCs 总 量,目所在镇街分局出 具 VOCs 总量指标来源及替代削 减方案的意见，开展总量替代 项目 VOCs 排放总量为 0.2905t/a，建议 VOCs 总 量,关键词已对应，待人工核验数值与字段归属,,
059_华硕（广东）新材料股份有限公司新建项目_01_报批稿或报告表,监督检查清单,环境保护措施监督检查清单、监督检查清单,环境保护措施监督检查清单、监督检查清单,.......... 34 五、环境保护措施监督检查清单 ...............................................,.......... 34 五、环境保护措施监督检查清单 ...............................................,关键词已对应，待人工核验数值与字段归属,,
060_佛山汇诚科技有限公司新建项目_01_报批稿或报告表,项目基本情况,建设项目名称、建设地点、总投资,建设项目名称、建设地点、总投资,ds 1 一、建设项目基本情况 建设项目名称 佛山汇诚科技有限公司新建项目 项目代码 无 建设单位联系人 陈志辉 联系方式 13826223286 建设,3页 1 一、建设项目基本情况 建设项目名称 佛山汇诚科技有限公司新建项目 项目代码 无 建设单位联系人 陈志辉 联系方式 13826223286 建设,关键词已对应，待人工核验数值与字段归属,,
060_佛山汇诚科技有限公司新建项目_01_报批稿或报告表,产品与产量,主要产品、产品名称、年产,主要产品、产品名称、年产,间 约10m2 位于厂房内 2、主要产品及产能 项目主要产品年产量见下表： 表 2-2 产品及产量一览表 序号 名称 单位 数量 单位产品规格尺寸 单位,间 约10m2 位于厂房内 2、主要产品及产能 项目主要产品年产量见下表： 表 2-2 产品及产量一览表 序号 名称 单位 数量 单位产品规格尺寸 单位,关键词已对应，待人工核验数值与字段归属,,
060_佛山汇诚科技有限公司新建项目_01_报批稿或报告表,原辅材料,主要原辅材料、原辅材料、辅料,主要原辅材料、原辅材料、辅料,不要求建设末端治理设 施。使用的原辅材料 VOCs 含量（质量比） 低于 10%的工序，可不要求采取无组织排放 收集措施。 建设单位拟于注塑机、移 印机,不要求建设末端治理设 施。使用的原辅材料 VOCs 含量（质量比） 低于 10%的工序，可不要求采取无组织排放 收集措施。 建设单位拟于注塑机、移 印机,关键词已对应，待人工核验数值与字段归属,,
060_佛山汇诚科技有限公司新建项目_01_报批稿或报告表,生产设备,主要生产设备、设备名称、生产设施,主要生产设备、设备名称、生产设施,、注塑、排放恶臭气味的生产工艺和生产设施。 项目100m范围内没有敏感点。 符合 9、结合《顺德区高质量推动村级工业园升级改造总体规划》，推进区域村 级,、注塑、排放恶臭气味的生产工艺和生产设施。 项目100m范围内没有敏感点。 符合 9、结合《顺德区高质量推动村级工业园升级改造总体规划》，推进区域村 级,关键词已对应，待人工核验数值与字段归属,,
060_佛山汇诚科技有限公司新建项目_01_报批稿或报告表,工艺与产污,工艺流程、生产工艺、产污环节,工艺流程、生产工艺、产污环节, 4.3 VOCs 治理设施应与生产工艺设备同步运行， VOCs 治理设施发生故 障或检修时，对应的 生产工艺设备应停止运行，待检修完毕后同 步投入使用, 4.3 VOCs 治理设施应与生产工艺设备同步运行， VOCs 治理设施发生故 障或检修时，对应的 生产工艺设备应停止运行，待检修完毕后同 步投入使用,关键词已对应，待人工核验数值与字段归属,,
060_佛山汇诚科技有限公司新建项目_01_报批稿或报告表,源强与定量核算,污染源强、产生量、排放量,污染源强、产生量、排放量,外围安装软帘形成 局部围闭，加强收集效率。 项目喷漆工序在喷房内进 行，采用密闭空间且微负 压抽风集气的形式，配有 风管进行抽风换气，喷漆 废气经水帘机,外围安装软帘形成 局部围闭，加强收集效率。 项目喷漆工序在喷房内进 行，采用密闭空间且微负 压抽风集气的形式，配有 风管进行抽风换气，喷漆 废气经水帘机,关键词已对应，待人工核验数值与字段归属,,
060_佛山汇诚科技有限公司新建项目_01_报批稿或报告表,废气治理,废气治理、废气收集、活性炭,废气治理、废气收集、活性炭,并收集，通过“干 式过滤器+二级活性炭吸 附”装置处理后引至 60m 排气筒 G1 高空排放。 符合 2、《广东省大气污染防治条例》（2022 年修订版,并收集，通过“干 式过滤器+二级活性炭吸 附”装置处理后引至 60m 排气筒 G1 高空排放。 符合 2、《广东省大气污染防治条例》（2022 年修订版,关键词已对应，待人工核验数值与字段归属,,
060_佛山汇诚科技有限公司新建项目_01_报批稿或报告表,固废与危险废物,危险废物、固体废物、危废暂存,危险废物、固体废物、危废暂存,理方资质佐证材料。 企业严格执行危险废物转 移计划报批、依法建立危 险废物转移联单，并通过 信息系统登记转移计划和 电子转移联单。 符合 5 4.6 要,理方资质佐证材料。 企业严格执行危险废物转 移计划报批、依法建立危 险废物转移联单，并通过 信息系统登记转移计划和 电子转移联单。 符合 第7页 5 4,关键词已对应，待人工核验数值与字段归属,,
060_佛山汇诚科技有限公司新建项目_01_报批稿或报告表,总量与执行标准,总量控制、总量指标、执行标准,总量控制、总量指标、执行标准,9、《固定污染源挥发性有机物综合排放标准（DB44/2367-2022）》 7 9.1 排气筒高度不低于 15 m（因安全考虑或者有 特殊工艺要求的除外,9、《固定污染源挥发性有机物综合排放标准（DB44/2367-2022）》 第9页 7 9.1 排气筒高度不低于 15 m（因安全考虑或者有 特殊工艺要,关键词已对应，待人工核验数值与字段归属,,
060_佛山汇诚科技有限公司新建项目_01_报批稿或报告表,监督检查清单,环境保护措施监督检查清单、监督检查清单,环境保护措施监督检查清单、监督检查清单,.......... 51 五、环境保护措施监督检查清单 ...............................................,.......... 51 五、环境保护措施监督检查清单 ...............................................,关键词已对应，待人工核验数值与字段归属,,
061_佛山市景素科科技有限公司建设项目_01_受理公告或公示版,项目基本情况,建设项目名称、建设地点、总投资,建设项目名称、建设地点、总投资,6 11 一、建设项目基本情况 建设项目名称 佛山市景素科科技有限公司建设项目 项目代码 无 建设单位联系人 付** 联系方式 13*******96 ,页 11 一、建设项目基本情况 建设项目名称 佛山市景素科科技有限公司建设项目 项目代码 无 建设单位联系人 付** 联系方式 13*******96 ,关键词已对应，待人工核验数值与字段归属,,
061_佛山市景素科科技有限公司建设项目_01_受理公告或公示版,产品与产量,产品方案、产品名称、年产,产品方案、产品名称、年产,生产，项目总投资 360 万元，年产手机壳 2150 万个。项目从业人数为 28 人，1 天 12 小时，年工作时间 300 天。项目厂区内部不设饭堂和,生产，项目总投资 360 万元，年产手机壳 2150 万个。项目从业人数为 28 人，1 天 12 小时，年工作时间 300 天。项目厂区内部不设饭堂和,关键词已对应，待人工核验数值与字段归属,,
061_佛山市景素科科技有限公司建设项目_01_受理公告或公示版,原辅材料,主要原辅材料、原辅材料、原料名称,主要原辅材料、原辅材料、原料名称, 洗剂、胶黏剂等高挥发性有 机物原辅材料项目，鼓励现 有该类项目搬迁退出。 项目为塑料制品业，生 产过程中不使用溶剂 型油墨、涂料、清洗剂、 胶黏剂等高, 洗剂、胶黏剂等高挥发性有 机物原辅材料项目，鼓励现 有该类项目搬迁退出。 项目为塑料制品业，生 产过程中不使用溶剂 型油墨、涂料、清洗剂、 胶黏剂等高,关键词已对应，待人工核验数值与字段归属,,
061_佛山市景素科科技有限公司建设项目_01_受理公告或公示版,生产设备,主要生产设备、设备一览,主要生产设备、设备一览,噪声治理工程 合理调整设备布置，主要生产设备安装隔震垫，采用隔 声、距离衰减等治理措施。 固废处理工程 生活垃圾定期委托环卫部门统一收集处理。 一般工业,噪声治理工程 合理调整设备布置，主要生产设备安装隔震垫，采用隔 声、距离衰减等治理措施。 固废处理工程 生活垃圾定期委托环卫部门统一收集处理。 一般工业,关键词已对应，待人工核验数值与字段归属,,
061_佛山市景素科科技有限公司建设项目_01_受理公告或公示版,工艺与产污,工艺流程、生产工艺、产污环节,工艺流程、生产工艺、产污环节,，加快涉 VOCs 重点行 业的生产工艺升级改造，推 行自动化生产工艺，对达不 到要求的 VOCs 收集及治 理设施进行整治提升，逐步 淘汰低效 VOC,，加快涉 VOCs 重点行 业的生产工艺升级改造，推 行自动化生产工艺，对达不 到要求的 VOCs 收集及治 理设施进行整治提升，逐步 淘汰低效 VOC,关键词已对应，待人工核验数值与字段归属,,
061_佛山市景素科科技有限公司建设项目_01_受理公告或公示版,源强与定量核算,污染源强、产生量、排放量,污染源强、产生量、排放量,..... 57 建设项目污染物排放量汇总表 .....................................................,..... 57 建设项目污染物排放量汇总表 .....................................................,关键词已对应，待人工核验数值与字段归属,,
061_佛山市景素科科技有限公司建设项目_01_受理公告或公示版,废气治理,废气治理、废气收集、活性炭,废气治理、废气收集、活性炭,部密 闭集气罩收集后通过 “二级活性炭”处理，引 至 1 根 45m 高排气筒排 放。 符合 环 境 风 险 防 控 4-1.【水/综合类】大门污水 处,部密 闭集气罩收集后通过 “二级活性炭”处理，引 至 1 根 45m 高排气筒排 放。 符合 环 境 风 险 防 控 4-1.【水/综合类】大门污水 处,关键词已对应，待人工核验数值与字段归属,,
061_佛山市景素科科技有限公司建设项目_01_受理公告或公示版,固废与危险废物,危险废物、固体废物、危废暂存,危险废物、固体废物、危废暂存,质 佐 证 材 料。 企业拟建立危险废物台 账，定期将废油、废油 桶、废活性炭等危险废 物交给有资质的单位处 理，整理危废处理合同、 转移联单等资料。 ,质 佐 证 材 料。 企业拟建立危险废物台 账，定期将废油、废油 桶、废活性炭等危险废 物交给有资质的单位处 理，整理危废处理合同、 转移联单等资料。 ,关键词已对应，待人工核验数值与字段归属,,
061_佛山市景素科科技有限公司建设项目_01_受理公告或公示版,总量与执行标准,总量控制、总量指标、执行标准,总量控制、总量指标、执行标准,应执 行《城镇污水处理厂污染物 排放标准》（GB18918-2002） 一级 A 标准及《广东省水污 染物排放限值》 （DB44/26-2001）的较严,应执 行《城镇污水处理厂污染物 排放标准》（GB18918-2002） 一级 A 标准及《广东省水污 染物排放限值》 （DB44/26-2001）的较严,关键词已对应，待人工核验数值与字段归属,,
061_佛山市景素科科技有限公司建设项目_01_受理公告或公示版,监督检查清单,环境保护措施监督检查清单、监督检查清单,环境保护措施监督检查清单、监督检查清单,.......... 32 五、环境保护措施监督检查清单 ...............................................,.......... 32 五、环境保护措施监督检查清单 ...............................................,关键词已对应，待人工核验数值与字段归属,,
062_佛山市智鑫塑胶制品有限公司迁扩建项目_01_报批稿或报告表,项目基本情况,建设项目名称、建设地点、总投资,建设项目名称、建设地点、总投资,94 1 一、建设项目基本情况 建设项目名称 佛山市智鑫塑胶制品有限公司迁扩建项目 项目代码 无 建设单位联系人 *** 联系方式 *** 建设地点 佛,6页 1 一、建设项目基本情况 建设项目名称 佛山市智鑫塑胶制品有限公司迁扩建项目 项目代码 无 建设单位联系人 *** 联系方式 *** 建设地点 佛,关键词已对应，待人工核验数值与字段归属,,
062_佛山市智鑫塑胶制品有限公司迁扩建项目_01_报批稿或报告表,产品与产量,主要产品、年产,主要产品、年产,料制品的生产制造与 销售，原项目年产家电塑料配件 80 吨。 现为提升产品质量，提高企业市场竞争力，佛山市智鑫塑胶制品有限公司拟搬迁至佛 山市顺德区勒流,料制品的生产制造与 销售，原项目年产家电塑料配件 80 吨。 现为提升产品质量，提高企业市场竞争力，佛山市智鑫塑胶制品有限公司拟搬迁至佛 山市顺德区勒流,关键词已对应，待人工核验数值与字段归属,,
062_佛山市智鑫塑胶制品有限公司迁扩建项目_01_报批稿或报告表,原辅材料,主要原辅材料、原辅材料、辅料,主要原辅材料、原辅材料、辅料,制新建生产和使 用高挥发性有机物原辅材料项目，优先开 展低 VOCs 含量原辅材料替代，强化无组 织排放控制。 原则上不再新建、扩建新增 氮氧化物、烟（,制新建生产和使 用高挥发性有机物原辅材料项目，优先开 展低 VOCs 含量原辅材料替代，强化无组 织排放控制。 原则上不再新建、扩建新增 氮氧化物、烟（,关键词已对应，待人工核验数值与字段归属,,
062_佛山市智鑫塑胶制品有限公司迁扩建项目_01_报批稿或报告表,生产设备,生产设施,生产设施,备清单 主要生产单元、主要工艺、生产设施及设施参数见表2-3。 表 2-3 主要生产单元、主要工艺、生产设施及设施参数一览表 生 产 单 元 主要工 艺,备清单 主要生产单元、主要工艺、生产设施及设施参数见表2-3。 表 2-3 主要生产单元、主要工艺、生产设施及设施参数一览表 生 产 单 元 主要工 艺,关键词已对应，待人工核验数值与字段归属,,
062_佛山市智鑫塑胶制品有限公司迁扩建项目_01_报批稿或报告表,工艺与产污,工艺流程、生产工艺、产污环节,工艺流程、生产工艺、产污环节, VOCs 废气收集处理系统应与生产工艺 设备同步运行。VOCs 废气收集处理系 统发生故障或检修时，对应的生产工艺 设备应停止运行，待检修完毕后同步投, VOCs 废气收集处理系统应与生产工艺 设备同步运行。VOCs 废气收集处理系 统发生故障或检修时，对应的生产工艺 设备应停止运行，待检修完毕后同步投,关键词已对应，待人工核验数值与字段归属,,
062_佛山市智鑫塑胶制品有限公司迁扩建项目_01_报批稿或报告表,源强与定量核算,污染源强、产生量、排放量,污染源强、产生量、排放量,..... 58 建设项目污染物排放量汇总表 ...................................... 58 附件1 项目营业执照 ,..... 58 建设项目污染物排放量汇总表 ...................................... 58 附件1 项目营业执照 ,关键词已对应，待人工核验数值与字段归属,,
062_佛山市智鑫塑胶制品有限公司迁扩建项目_01_报批稿或报告表,废气治理,废气治理、废气收集、活性炭,废气治理、废气收集、活性炭,自带密闭管 道收集后一并经“二级活性炭吸 附”废气处理设施处理后引至40m 高排气筒 G1 高空排放 符合 1-6.【土壤/禁止类】 禁止新建、扩建增加,自带密闭管 道收集后一并经“二级活性炭吸 附”废气处理设施处理后引至40m 高排气筒 G1 高空排放 符合 1-6.【土壤/禁止类】 禁止新建、扩建增加,关键词已对应，待人工核验数值与字段归属,,
062_佛山市智鑫塑胶制品有限公司迁扩建项目_01_报批稿或报告表,固废与危险废物,危险废物、固体废物、危废暂存,危险废物、固体废物、危废暂存,理方资质佐证材料。 企业严格执行危险废物转移计划 报批、依法建立危险废物转移联 单，并通过信息系统登记转移计 划和电子转移联单。 符 合 12.6 要求,理方资质佐证材料。 企业严格执行危险废物转移计划 报批、依法建立危险废物转移联 单，并通过信息系统登记转移计 划和电子转移联单。 符 合 12.6 要求,关键词已对应，待人工核验数值与字段归属,,
062_佛山市智鑫塑胶制品有限公司迁扩建项目_01_报批稿或报告表,总量与执行标准,总量控制、总量指标、执行标准,总量控制、总量指标、执行标准,应 执行《城镇污 水处理厂污染物排放标准》 （ GB18918- 2002）一级 A 标准及《广东省水污染物排 放限值》 （DB44/26-2001）的,应 执行《城镇污 水处理厂污染物排放标准》 （ GB18918- 2002）一级 A 标准及《广东省水污染物排 放限值》 （DB44/26-2001）的,关键词已对应，待人工核验数值与字段归属,,
062_佛山市智鑫塑胶制品有限公司迁扩建项目_01_报批稿或报告表,监督检查清单,环境保护措施监督检查清单、监督检查清单,环境保护措施监督检查清单、监督检查清单,.......... 32 五、环境保护措施监督检查清单 .................................... 55 六、结论 ..,.......... 32 五、环境保护措施监督检查清单 .................................... 55 六、结论 ..,关键词已对应，待人工核验数值与字段归属,,
063_佛山市玖心日用品有限公司新建项目_01_报批稿或报告表,项目基本情况,建设地点、总投资、环保投资,建设地点、总投资、环保投资,系方式 139******** 建设地点 广东省佛山市顺德区北滘镇西海村二支工业大道 3 号海创大族机器人智造 中心 5 栋 1-4 层、6 层（具体地,系方式 139******** 建设地点 广东省佛山市顺德区北滘镇西海村二支工业大道 3 号海创大族机器人智造 中心 5 栋 1-4 层、6 层（具体地,关键词已对应，待人工核验数值与字段归属,,
063_佛山市玖心日用品有限公司新建项目_01_报批稿或报告表,产品与产量,主要产品、年产,主要产品、年产,存间，定期交有资质单位处置 2、主要产品及产量 项目生产产品及规模详见下表： 表 2-2 本项目生产规模一览表 序号 名称 单位 数量 备注 1 塑料瓶,存间，定期交有资质单位处置 2、主要产品及产量 项目生产产品及规模详见下表： 表 2-2 本项目生产规模一览表 序号 名称 单位 数量 备注 1 塑料瓶,关键词已对应，待人工核验数值与字段归属,,
063_佛山市玖心日用品有限公司新建项目_01_报批稿或报告表,原辅材料,主要原辅材料、原辅材料、原料名称,主要原辅材料、原辅材料、原料名称,5 环评咨询服务合同 附件 6 原辅材料 MSDS 及 VOCs 检测报告 - 1 - 一、建设项目基本情况 建设项目 名称 佛山市艾心日用品有限公司新,5 环评咨询服务合同 附件 6 原辅材料 MSDS 及 VOCs 检测报告 第5页 - 1 - 一、建设项目基本情况 建设项目 名称 佛山市艾心日用品有,关键词已对应，待人工核验数值与字段归属,,
063_佛山市玖心日用品有限公司新建项目_01_报批稿或报告表,生产设备,主要生产设备、生产设施,主要生产设备、生产设施,相符合 理。 4、主要设备 项目主要生产设备情况详见下表： - 24 - 表 2-8 本项目主要生产设备情况 序号 设备 规格参数 数量 单位 工艺 位,相符合 理。 4、主要设备 项目主要生产设备情况详见下表： 第28页 - 24 - 表 2-8 本项目主要生产设备情况 序号 设备 规格参数 数量 单位,关键词已对应，待人工核验数值与字段归属,,
063_佛山市玖心日用品有限公司新建项目_01_报批稿或报告表,工艺与产污,工艺流程、生产工艺、产污环节,工艺流程、生产工艺、产污环节,替代，加快涉VOCs 重点行业的生产工艺升级改造，推行自动化生产工艺，对达不到要求的 VOCs收集及治理设施进行整治提升，逐步淘汰低效VOCs治理设施。,替代，加快涉VOCs 重点行业的生产工艺升级改造，推行自动化生产工艺，对达不到要求的 VOCs收集及治理设施进行整治提升，逐步淘汰低效VOCs治理设施。,关键词已对应，待人工核验数值与字段归属,,
063_佛山市玖心日用品有限公司新建项目_01_报批稿或报告表,源强与定量核算,污染源强、产生量、排放量,污染源强、产生量、排放量,3.1 建设项目新增 VOCs 排放量，实行本行政区 本项目建议挥发性有机物排 符合 - 13 - 域内污染源“点对点”2 倍量削减替代，原则上 不得接,3.1 建设项目新增 VOCs 排放量，实行本行政区 本项目建议挥发性有机物排 符合 第17页 - 13 - 域内污染源“点对点”2 倍量削减替代，原则,关键词已对应，待人工核验数值与字段归属,,
063_佛山市玖心日用品有限公司新建项目_01_报批稿或报告表,废气治理,废气治理、废气收集、活性炭,废气治理、废气收集、活性炭,软帘）或整室负压收 集后通过二级活性炭吸附处理后高空排放；定期更换的直 接冷却排水用作冲厕生活用途，使用后作为生活污水与其 余生活污水经预处理后排至群力,软帘）或整室负压收 集后通过二级活性炭吸附处理后高空排放；定期更换的直 接冷却排水用作冲厕生活用途，使用后作为生活污水与其 余生活污水经预处理后排至群力,关键词已对应，待人工核验数值与字段归属,,
063_佛山市玖心日用品有限公司新建项目_01_报批稿或报告表,固废与危险废物,危险废物、固体废物、危废暂存,危险废物、固体废物、危废暂存, 建项目实施减量替代。大力推 进固体废物源头减量化、资源 化利用和无害化处置，稳步推 进“无废城市”试点建设。 项目属于新建项目，定期更换 的直接冷却排, 建项目实施减量替代。大力推 进固体废物源头减量化、资源 化利用和无害化处置，稳步推 进“无废城市”试点建设。 项目属于新建项目，定期更换 的直接冷却排,关键词已对应，待人工核验数值与字段归属,,
063_佛山市玖心日用品有限公司新建项目_01_报批稿或报告表,总量与执行标准,总量控制、总量指标、执行标准,总量控制、总量指标、执行标准,马河、汾江河等重点流 域水污染物排放标准。重点水 污染物未达到环境质量改善目 标的区域内，新建、改建、扩 建项目实施减量替代。大力推 进固体废物源头减量,马河、汾江河等重点流 域水污染物排放标准。重点水 污染物未达到环境质量改善目 标的区域内，新建、改建、扩 建项目实施减量替代。大力推 进固体废物源头减量,关键词已对应，待人工核验数值与字段归属,,
063_佛山市玖心日用品有限公司新建项目_01_报批稿或报告表,监督检查清单,环境保护措施监督检查清单、监督检查清单,环境保护措施监督检查清单、监督检查清单,.......- 45 - 五、环境保护措施监督检查清单................................................,.......- 45 - 五、环境保护措施监督检查清单................................................,关键词已对应，待人工核验数值与字段归属,,
064_佛山市靓禾厨卫用品有限公司新建项目_01_受理公告或公示版,项目基本情况,建设项目名称、建设地点、总投资,建设项目名称、建设地点、总投资,合同 1 一、建设项目基本情况 建设项目名称 佛山市靓禾厨卫用品有限公司新建项目 项目代码 无 建设单位联系人 *** 联系方式 ***********,5页 1 一、建设项目基本情况 建设项目名称 佛山市靓禾厨卫用品有限公司新建项目 项目代码 无 建设单位联系人 *** 联系方式 ***********,关键词已对应，待人工核验数值与字段归属,,
064_佛山市靓禾厨卫用品有限公司新建项目_01_受理公告或公示版,产品与产量,主要产品、年产,主要产品、年产,区桂洲大道东 61 号 C 栋，年产皂液器 200 万 个、洗杯器 20 万个，占地面积约为 1333m2，建筑面积 2666m2。 项目所在建筑物共 ,区桂洲大道东 61 号 C 栋，年产皂液器 200 万 个、洗杯器 20 万个，占地面积约为 1333m2，建筑面积 2666m2。 项目所在建筑物共 ,关键词已对应，待人工核验数值与字段归属,,
064_佛山市靓禾厨卫用品有限公司新建项目_01_受理公告或公示版,原辅材料,主要原辅材料、原辅材料、原料名称,主要原辅材料、原辅材料、原料名称,制新建生产和使用高挥发 性有机物原辅材料项目，优先开展低 VOCs 含量原辅材料替代，强化无组织排放控制。 原则上不再新建、扩建新增氮氧化物、烟 （粉）,制新建生产和使用高挥发 性有机物原辅材料项目，优先开展低 VOCs 含量原辅材料替代，强化无组织排放控制。 原则上不再新建、扩建新增氮氧化物、烟 （粉）,关键词已对应，待人工核验数值与字段归属,,
064_佛山市靓禾厨卫用品有限公司新建项目_01_受理公告或公示版,生产设备,主要生产设备、生产设施、设备一览,主要生产设备、生产设施、设备一览,室收集。 符合 11.3 车间或生产设施排气中 NMHC 初始排放速率 ≥3kg/h 时，建设 VOCs 处理设施且处理效率 ≥80%。厂区内无组织排放,室收集。 符合 11.3 车间或生产设施排气中 NMHC 初始排放速率 ≥3kg/h 时，建设 VOCs 处理设施且处理效率 ≥80%。厂区内无组织排放,关键词已对应，待人工核验数值与字段归属,,
064_佛山市靓禾厨卫用品有限公司新建项目_01_受理公告或公示版,工艺与产污,工艺流程、生产工艺、产污节点,工艺流程、生产工艺、产污节点,的生 产工艺升级改造，推行自动化生产工艺，对达 不到要求的 VOCs 收集及治理设施进行整治 提升，逐步淘汰低效 VOCs 治理设施。 3-9.【土壤/,的生 产工艺升级改造，推行自动化生产工艺，对达 不到要求的 VOCs 收集及治理设施进行整治 提升，逐步淘汰低效 VOCs 治理设施。 3-9.【土壤/,关键词已对应，待人工核验数值与字段归属,,
064_佛山市靓禾厨卫用品有限公司新建项目_01_受理公告或公示版,源强与定量核算,污染源强、产生量、排放量,污染源强、产生量、排放量,......44 建设项目污染物排放量汇总表 附图 附图 1 项目地理位置图 附图 2 项目周围环境概况图 附图 3 项目四至图 附图 4 项目环境敏感,......44 建设项目污染物排放量汇总表 附图 附图 1 项目地理位置图 附图 2 项目周围环境概况图 附图 3 项目四至图 附图 4 项目环境敏感,关键词已对应，待人工核验数值与字段归属,,
064_佛山市靓禾厨卫用品有限公司新建项目_01_受理公告或公示版,废气治理,废气治理、废气收集、活性炭,废气治理、废气收集、活性炭,废气经 过负压整室收集后通过两级活性炭吸附处理后引至 15 米高 排气筒 DA001 进行高空排放；破碎粉尘以无组织形式排放； 机加工粉尘以无组织形式排,废气经 过负压整室收集后通过两级活性炭吸附处理后引至 15 米高 排气筒 DA001 进行高空排放；破碎粉尘以无组织形式排放； 机加工粉尘以无组织形式排,关键词已对应，待人工核验数值与字段归属,,
064_佛山市靓禾厨卫用品有限公司新建项目_01_受理公告或公示版,固废与危险废物,危险废物、固体废物、危废暂存,危险废物、固体废物、危废暂存,高 3.8m，合计 5m2，用于危险废物的临时 储存 辅助 工程 办公室 位于 C 栋厂房夹层，室高 8m，合计 450m2，用于人员办公的场所 公用 ,高 3.8m，合计 5m2，用于危险废物的临时 储存 辅助 工程 办公室 位于 C 栋厂房夹层，室高 8m，合计 450m2，用于人员办公的场所 公用 ,关键词已对应，待人工核验数值与字段归属,,
064_佛山市靓禾厨卫用品有限公司新建项目_01_受理公告或公示版,总量与执行标准,总量控制、总量指标、执行标准,总量控制、总量指标、执行标准,水应执行《城镇污水处理厂 污染物排放标准》（GB18918-2002）一级 A 标 准 及 《 广 东 省 水 污 染 物 排 放 限 值 》 （DB4,水应执行《城镇污水处理厂 污染物排放标准》（GB18918-2002）一级 A 标 准 及 《 广 东 省 水 污 染 物 排 放 限 值 》 （DB4,关键词已对应，待人工核验数值与字段归属,,
064_佛山市靓禾厨卫用品有限公司新建项目_01_受理公告或公示版,监督检查清单,环境保护措施监督检查清单、监督检查清单,环境保护措施监督检查清单、监督检查清单,.......... 23 五、环境保护措施监督检查清单 ............................................ 41,.......... 23 五、环境保护措施监督检查清单 ............................................ 41,关键词已对应，待人工核验数值与字段归属,,
065_万业诚新材料（佛山）有限公司迁建项目_01_受理公告或公示版,项目基本情况,建设项目名称、建设地点、总投资,建设项目名称、建设地点、总投资, 1 — 一、建设项目基本情况 建设项目名称 万业诚新材料（佛山）有限公司迁建项目 项目代码 / 建设单位联系人 柳群星 联系方式 1347786643, 1 — 一、建设项目基本情况 建设项目名称 万业诚新材料（佛山）有限公司迁建项目 项目代码 / 建设单位联系人 柳群星 联系方式 1347786643,关键词已对应，待人工核验数值与字段归属,,
065_万业诚新材料（佛山）有限公司迁建项目_01_受理公告或公示版,产品与产量,主要产品、产品名称、年产,主要产品、产品名称、年产,关于万业诚新材料（佛山）有限公司年产珍珠棉衬垫 1000 万件、覆膜袋 180 万件和珍珠棉管 1000 万件新建项目环境影响报告表的 批复》，（佛环 ,关于万业诚新材料（佛山）有限公司年产珍珠棉衬垫 1000 万件、覆膜袋 180 万件和珍珠棉管 1000 万件新建项目环境影响报告表的 批复》，（佛环 ,关键词已对应，待人工核验数值与字段归属,,
065_万业诚新材料（佛山）有限公司迁建项目_01_受理公告或公示版,原辅材料,主要原辅材料、原辅材料、原料名称,主要原辅材料、原辅材料、原料名称,等项目。推广应 用低挥发性有机物原辅材料，严格 本项目为迁建项目，属 于二十六、橡胶和塑料 制 品 业 29-53 塑 料 制 品 业 292－其他（年,等项目。推广应 用低挥发性有机物原辅材料，严格 本项目为迁建项目，属 于二十六、橡胶和塑料 制 品 业 29-53 塑 料 制 品 业 292－其他（年,关键词已对应，待人工核验数值与字段归属,,
065_万业诚新材料（佛山）有限公司迁建项目_01_受理公告或公示版,生产设备,主要生产设备、设备名称、生产设施,主要生产设备、设备名称、生产设施,度不高于相应的排放限值；车 间或生产设施排气中NMHC初始排放 速率≥3kg/h时，建设VOCS处理设施且 处理效率≥80%；b）厂区内无组织排 放监控,度不高于相应的排放限值；车 间或生产设施排气中NMHC初始排放 速率≥3kg/h时，建设VOCS处理设施且 处理效率≥80%；b）厂区内无组织排 放监控,关键词已对应，待人工核验数值与字段归属,,
065_万业诚新材料（佛山）有限公司迁建项目_01_受理公告或公示版,工艺与产污,工艺流程、生产工艺、产污环节,工艺流程、生产工艺、产污环节,9 号）的规 定，本项目的设备、生产工艺及产品等均不属于上述目录所列的鼓 励类、限制类和禁止（淘汰）类项目，项目属于允许类。因此项目 与《产业结构调整指,9 号）的规 定，本项目的设备、生产工艺及产品等均不属于上述目录所列的鼓 励类、限制类和禁止（淘汰）类项目，项目属于允许类。因此项目 与《产业结构调整指,关键词已对应，待人工核验数值与字段归属,,
065_万业诚新材料（佛山）有限公司迁建项目_01_受理公告或公示版,源强与定量核算,污染源强、产生量、排放量,污染源强、产生量、排放量,.88 附表 1 建设项目污染物排放量汇总表 .....................................................,.88 附表 1 建设项目污染物排放量汇总表 .....................................................,关键词已对应，待人工核验数值与字段归属,,
065_万业诚新材料（佛山）有限公司迁建项目_01_受理公告或公示版,废气治理,废气治理、废气收集、活性炭,废气治理、废气收集、活性炭,用的 VOCS 治理设备为“二级活性炭吸附”工艺，属于大 气污染防治设备名录内容。因此本项目的建设与《环境保护综合名 录（2021 年版）》相符。 — ,用的 VOCS 治理设备为“二级活性炭吸附”工艺，属于大 气污染防治设备名录内容。因此本项目的建设与《环境保护综合名 录（2021 年版）》相符。 第6,关键词已对应，待人工核验数值与字段归属,,
065_万业诚新材料（佛山）有限公司迁建项目_01_受理公告或公示版,固废与危险废物,危险废物、固体废物、危废暂存,危险废物、固体废物、危废暂存,测，落实环境风 险应急预案。提升危险废物监管能 力，利用信息化手段，推进全过程 跟 踪 管 理 ； 健 全 危 险 废 物 收 集 体 系，推进危险废物,测，落实环境风 险应急预案。提升危险废物监管能 力，利用信息化手段，推进全过程 跟 踪 管 理 ； 健 全 危 险 废 物 收 集 体 系，推进危险废物,关键词已对应，待人工核验数值与字段归属,,
065_万业诚新材料（佛山）有限公司迁建项目_01_受理公告或公示版,总量与执行标准,总量控制、总量指标、执行标准,总量控制、总量指标、执行标准,马河、汾江河等 重点流域水污染物排放标准。重点 水污染物未达到环境质量改善目标 的区域内，新建、改建、扩建项目 实施减量替代。电镀专业园区、电 镀企业严,马河、汾江河等 重点流域水污染物排放标准。重点 水污染物未达到环境质量改善目标 的区域内，新建、改建、扩建项目 实施减量替代。电镀专业园区、电 镀企业严,关键词已对应，待人工核验数值与字段归属,,
065_万业诚新材料（佛山）有限公司迁建项目_01_受理公告或公示版,监督检查清单,环境保护措施监督检查清单、监督检查清单,环境保护措施监督检查清单、监督检查清单,......... 53 五、 环境保护措施监督检查清单 ...............................................,......... 53 五、 环境保护措施监督检查清单 ...............................................,关键词已对应，待人工核验数值与字段归属,,
066_广东顺德顺炎新材料股份有限公司年产改性塑料粒6万吨迁扩建项目_01_报批稿或报告表,项目基本情况,建设项目名称、建设地点、总投资,建设项目名称、建设地点、总投资,93 1 一、建设项目基本情况 建设项目名称 广东顺德顺炎新材料股份有限公司年产改性塑料粒 6 万吨迁扩建项目 项目代码 无 建设单位联系人 傅** 联,7页 1 一、建设项目基本情况 建设项目名称 广东顺德顺炎新材料股份有限公司年产改性塑料粒 6 万吨迁扩建项目 项目代码 无 建设单位联系人 傅** 联,关键词已对应，待人工核验数值与字段归属,,
066_广东顺德顺炎新材料股份有限公司年产改性塑料粒6万吨迁扩建项目_01_报批稿或报告表,产品与产量,主要产品、年产,主要产品、年产, 广东顺德顺炎新材料股份有限公司年产改性塑料粒 6 万吨迁扩建项目 项目代码 无 建设单位联系人 傅** 联系方式 139** 建设地点 佛山市顺德区杏, 广东顺德顺炎新材料股份有限公司年产改性塑料粒 6 万吨迁扩建项目 项目代码 无 建设单位联系人 傅** 联系方式 139** 建设地点 佛山市顺德区杏,关键词已对应，待人工核验数值与字段归属,,
066_广东顺德顺炎新材料股份有限公司年产改性塑料粒6万吨迁扩建项目_01_报批稿或报告表,原辅材料,主要原辅材料、原辅材料,主要原辅材料、原辅材料,类】大力推进低 VOCs 含量 原辅材料替代，加快涉 VOCs 重点行业的生 产工艺升级改造，推行自动化生产工艺，对 达不到要求的 VOCs 收集及治理,类】大力推进低 VOCs 含量 原辅材料替代，加快涉 VOCs 重点行业的生 产工艺升级改造，推行自动化生产工艺，对 达不到要求的 VOCs 收集及治理,关键词已对应，待人工核验数值与字段归属,,
066_广东顺德顺炎新材料股份有限公司年产改性塑料粒6万吨迁扩建项目_01_报批稿或报告表,生产设备,设备名称、生产设施、设备一览,设备名称、生产设施、设备一览, 2-4。 表 2-4 项目主要设备一览表 生产 单元 名称 单位 搬迁 前数 量 增减量 搬迁后 数量 搬迁后设备参数 备注 参数名称 设计 值 计量, 2-4。 表 2-4 项目主要设备一览表 生产 单元 名称 单位 搬迁 前数 量 增减量 搬迁后 数量 搬迁后设备参数 备注 参数名称 设计 值 计量,关键词已对应，待人工核验数值与字段归属,,
066_广东顺德顺炎新材料股份有限公司年产改性塑料粒6万吨迁扩建项目_01_报批稿或报告表,工艺与产污,工艺流程、生产工艺、产污环节,工艺流程、生产工艺、产污环节,的生 产工艺升级改造，推行自动化生产工艺，对 达不到要求的 VOCs 收集及治理设施进行整 治提升，逐步淘汰低效 VOCs 治理设施。 本项目不使用溶剂,的生 产工艺升级改造，推行自动化生产工艺，对 达不到要求的 VOCs 收集及治理设施进行整 治提升，逐步淘汰低效 VOCs 治理设施。 本项目不使用溶剂,关键词已对应，待人工核验数值与字段归属,,
066_广东顺德顺炎新材料股份有限公司年产改性塑料粒6万吨迁扩建项目_01_报批稿或报告表,源强与定量核算,产生量、排放量、处理效率,产生量、排放量、处理效率,..... 61 建设项目污染物排放量汇总表 .....................................................,..... 61 建设项目污染物排放量汇总表 .....................................................,关键词已对应，待人工核验数值与字段归属,,
066_广东顺德顺炎新材料股份有限公司年产改性塑料粒6万吨迁扩建项目_01_报批稿或报告表,废气治理,废气治理、废气收集、活性炭,废气治理、废气收集、活性炭,烧废气处理设施进行处理，然后通过排气筒 G2（50m）引至楼顶排放，以上废水 废气均可达标排放，因此本项目的建设不会突破当地环境质量底线。 综合分析，本,烧废气处理设施进行处理，然后通过排气筒 G2（50m）引至楼顶排放，以上废水 废气均可达标排放，因此本项目的建设不会突破当地环境质量底线。 综合分析，本,关键词已对应，待人工核验数值与字段归属,,
066_广东顺德顺炎新材料股份有限公司年产改性塑料粒6万吨迁扩建项目_01_报批稿或报告表,固废与危险废物,危险废物、固体废物、危废暂存,危险废物、固体废物、危废暂存,气筒（FQ-18472） 排放 危险废物 危险废物收集暂存于危废 间并委托珠海市斗门区永 兴盛环保工业废弃物回收 综合处理有限公司定期处 理 危险废物收,气筒（FQ-18472） 排放 危险废物 危险废物收集暂存于危废 间并委托珠海市斗门区永 兴盛环保工业废弃物回收 综合处理有限公司定期处 理 危险废物收,关键词已对应，待人工核验数值与字段归属,,
066_广东顺德顺炎新材料股份有限公司年产改性塑料粒6万吨迁扩建项目_01_报批稿或报告表,总量与执行标准,总量控制、总量指标、执行标准,总量控制、总量指标、执行标准,水应执行《城镇污水处理厂污染物 排放标准》（GB18918-2002）一级 A 标准 及 《 广 东 省 水 污 染 物 排 放 限 值 》 （DB44,水应执行《城镇污水处理厂污染物 排放标准》（GB18918-2002）一级 A 标准 及 《 广 东 省 水 污 染 物 排 放 限 值 》 （DB44,关键词已对应，待人工核验数值与字段归属,,
066_广东顺德顺炎新材料股份有限公司年产改性塑料粒6万吨迁扩建项目_01_报批稿或报告表,监督检查清单,环境保护措施监督检查清单、监督检查清单,环境保护措施监督检查清单、监督检查清单,.......... 36 五、环境保护措施监督检查清单 ...............................................,.......... 36 五、环境保护措施监督检查清单 ...............................................,关键词已对应，待人工核验数值与字段归属,,
067_佛山市顺德区耀顺欣模具厂新建项目_01_受理公告或公示版,项目基本情况,建设项目名称、建设地点、总投资,建设项目名称、建设地点、总投资,声明 1 一、建设项目基本情况 建设项目名称 佛山市顺德区耀顺欣模具厂新建项目 项目代码 / 建设单位联系 人 廖** 联系方式 1**********,5页 1 一、建设项目基本情况 建设项目名称 佛山市顺德区耀顺欣模具厂新建项目 项目代码 / 建设单位联系 人 廖** 联系方式 1**********,关键词已对应，待人工核验数值与字段归属,,
067_佛山市顺德区耀顺欣模具厂新建项目_01_受理公告或公示版,产品与产量,产品方案、主要产品、年产,产品方案、主要产品、年产,声、距离衰减等措 施削减。 2、主要产品及产能 表 2-2 项目产品方案一览表 序号 名称 年产量 单位 备注 1 电器塑料配件 1500 万件/年 重,声、距离衰减等措 施削减。 2、主要产品及产能 表 2-2 项目产品方案一览表 序号 名称 年产量 单位 备注 1 电器塑料配件 1500 万件/年 重,关键词已对应，待人工核验数值与字段归属,,
067_佛山市顺德区耀顺欣模具厂新建项目_01_受理公告或公示版,原辅材料,主要原辅材料、原辅材料,主要原辅材料、原辅材料,工等项目。项目不涉及使用高挥发性原辅材料， 不属于新建生产和使用高挥发性有机物原辅材料的项 目，符合区域布局管控要求。②本项目全部生产设备使 用电能，生,工等项目。项目不涉及使用高挥发性原辅材料， 不属于新建生产和使用高挥发性有机物原辅材料的项 目，符合区域布局管控要求。②本项目全部生产设备使 用电能，生,关键词已对应，待人工核验数值与字段归属,,
067_佛山市顺德区耀顺欣模具厂新建项目_01_受理公告或公示版,生产设备,主要生产设备、设备名称、生产设施,主要生产设备、设备名称、生产设施,度不高于相应的排放限 值；车间或生产设施排气中 NMHC 初始排 放速率≥3kg/h 时，建设 VOCs 处理设施且 处理效率≥80%； b）厂区内无组,度不高于相应的排放限 值；车间或生产设施排气中 NMHC 初始排 放速率≥3kg/h 时，建设 VOCs 处理设施且 处理效率≥80%； b）厂区内无组,关键词已对应，待人工核验数值与字段归属,,
067_佛山市顺德区耀顺欣模具厂新建项目_01_受理公告或公示版,工艺与产污,工艺流程、生产工艺、产污环节,工艺流程、生产工艺、产污环节,，加快涉 VOCs 重点行业的 生产工艺升级改造，推行自动化生产工艺， 对达不到要求的 VOCs 收集及治理设施进 行整治提升，逐步淘汰低效 VOCs ,，加快涉 VOCs 重点行业的 生产工艺升级改造，推行自动化生产工艺， 对达不到要求的 VOCs 收集及治理设施进 行整治提升，逐步淘汰低效 VOCs ,关键词已对应，待人工核验数值与字段归属,,
067_佛山市顺德区耀顺欣模具厂新建项目_01_受理公告或公示版,源强与定量核算,产生量、排放量、收集效率,产生量、排放量、收集效率,...53 附表 建设项目污染物排放量汇总表 附图 1 项目地理位置图 附图 2 项目车间平面布置图 附图 3 项目周边环境敏感情况图 附图 4 项目四,...53 附表 建设项目污染物排放量汇总表 附图 1 项目地理位置图 附图 2 项目车间平面布置图 附图 3 项目周边环境敏感情况图 附图 4 项目四,关键词已对应，待人工核验数值与字段归属,,
067_佛山市顺德区耀顺欣模具厂新建项目_01_受理公告或公示版,废气治理,废气治理、废气收集、活性炭,废气治理、废气收集、活性炭,质垂帘四周围挡） 收集，再经二级活性炭废气治理设施处理后引至一根 40m 高排气筒 DA001 高空排放；投料、混料粉尘和破 碎粉尘以无组织形式排放，对,质垂帘四周围挡） 收集，再经二级活性炭废气治理设施处理后引至一根 40m 高排气筒 DA001 高空排放；投料、混料粉尘和破 碎粉尘以无组织形式排放，对,关键词已对应，待人工核验数值与字段归属,,
067_佛山市顺德区耀顺欣模具厂新建项目_01_受理公告或公示版,固废与危险废物,危险废物、固体废物、危废暂存,危险废物、固体废物、危废暂存,园区环境风险防控区域。项目产生的危险废物拟定 期委托有资质的处置公司进行收集处理，并通过信息系 统登记转移计划和电子转移联单，符合危险废物全过程 跟踪管,园区环境风险防控区域。项目产生的危险废物拟定 期委托有资质的处置公司进行收集处理，并通过信息系 统登记转移计划和电子转移联单，符合危险废物全过程 跟踪管,关键词已对应，待人工核验数值与字段归属,,
067_佛山市顺德区耀顺欣模具厂新建项目_01_受理公告或公示版,总量与执行标准,总量控制、总量指标、执行标准,总量控制、总量指标、执行标准,减量替代，总量纳入污 水处理厂的总量指标内， 符合污染物排放管控要求。 ④项目位于佛山市顺德区容桂街道，不属于石化、化工 重点园区环境风险防控区域。项目,减量替代，总量纳入污 水处理厂的总量指标内， 符合污染物排放管控要求。 ④项目位于佛山市顺德区容桂街道，不属于石化、化工 重点园区环境风险防控区域。项目,关键词已对应，待人工核验数值与字段归属,,
067_佛山市顺德区耀顺欣模具厂新建项目_01_受理公告或公示版,监督检查清单,环境保护措施监督检查清单、监督检查清单,环境保护措施监督检查清单、监督检查清单,...........30 五．环境保护措施监督检查清单 ...............................................,...........30 五．环境保护措施监督检查清单 ...............................................,关键词已对应，待人工核验数值与字段归属,,
068_佛山市至贤科技有限公司新建项目_01_受理公告或公示版,项目基本情况,建设项目名称、建设地点、总投资,建设项目名称、建设地点、总投资,75 1 一、建设项目基本情况 建设项目名称 佛山市至贤科技有限公司新建项目 项目代码 无 建设单位联系人 ** 联系方式 137****6943 建设,5页 1 一、建设项目基本情况 建设项目名称 佛山市至贤科技有限公司新建项目 项目代码 无 建设单位联系人 ** 联系方式 137****6943 建设,关键词已对应，待人工核验数值与字段归属,,
068_佛山市至贤科技有限公司新建项目_01_受理公告或公示版,产品与产量,主要产品、产品名称、年产,主要产品、产品名称、年产,产业政策。 本项目为塑料制品业，年产冰箱塑料内胆 15 万个/年、红酒柜塑料 内胆 15 万个/年。不属于《环境保护综合名录（2021 年版）》“高污染,产业政策。 本项目为塑料制品业，年产冰箱塑料内胆 15 万个/年、红酒柜塑料 内胆 15 万个/年。不属于《环境保护综合名录（2021 年版）》“高污染,关键词已对应，待人工核验数值与字段归属,,
068_佛山市至贤科技有限公司新建项目_01_受理公告或公示版,原辅材料,主要原辅材料、原辅材料、原料名称,主要原辅材料、原辅材料、原料名称,等项目。推广应用低挥发性有 机物原辅材料，严格限制新建 生产和使用高挥发性有机物 原辅材料的项目，鼓励建设挥 发性有机物共性工厂 项目不属于水泥、平板玻,等项目。推广应用低挥发性有 机物原辅材料，严格限制新建 生产和使用高挥发性有机物 原辅材料的项目，鼓励建设挥 发性有机物共性工厂 项目不属于水泥、平板玻,关键词已对应，待人工核验数值与字段归属,,
068_佛山市至贤科技有限公司新建项目_01_受理公告或公示版,生产设备,生产设施,生产设施, 进行申报。 3、主要生产工艺、生产设施、设施参数 本项目主要生产工艺、生产设施、设施参数及计量单位见下表。 表 2-3 项目主要生产工艺、生产设施、设, 进行申报。 3、主要生产工艺、生产设施、设施参数 本项目主要生产工艺、生产设施、设施参数及计量单位见下表。 表 2-3 项目主要生产工艺、生产设施、设,关键词已对应，待人工核验数值与字段归属,,
068_佛山市至贤科技有限公司新建项目_01_受理公告或公示版,工艺与产污,工艺流程、生产工艺、产污环节,工艺流程、生产工艺、产污环节,，加快涉 VOCs 重 点行业的生产工艺升级改造，推行自动 化生产工艺，对达不到要求的 VOCs 收集及治理设施进行整治提升，逐步淘 汰低效 VOCs ,，加快涉 VOCs 重 点行业的生产工艺升级改造，推行自动 化生产工艺，对达不到要求的 VOCs 收集及治理设施进行整治提升，逐步淘 汰低效 VOCs ,关键词已对应，待人工核验数值与字段归属,,
068_佛山市至贤科技有限公司新建项目_01_受理公告或公示版,源强与定量核算,产生量、排放量、收集效率,产生量、排放量、收集效率,间，全区建设项目新增 VOCs 排放量施行“减二增一”政策。 其中，有组织排放和无组织排放均纳 入新增指标管理；非甲烷总烃合并计 入 VOCs 管理。 ,间，全区建设项目新增 VOCs 排放量施行“减二增一”政策。 其中，有组织排放和无组织排放均纳 入新增指标管理；非甲烷总烃合并计 入 VOCs 管理。 ,关键词已对应，待人工核验数值与字段归属,,
068_佛山市至贤科技有限公司新建项目_01_受理公告或公示版,废气治理,废气治理、废气收集、活性炭,废气治理、废气收集、活性炭,气 罩+帘幕”收集后汇入“二级 活性炭吸附装置”处理后，通 过 15 米 DA001 排气筒排放。 符合 8 重点管控区内，应严格限制新建储油库 项目、,气 罩+帘幕”收集后汇入“二级 活性炭吸附装置”处理后，通 过 15 米 DA001 排气筒排放。 符合 第12页 8 重点管控区内，应严格限制新建储油,关键词已对应，待人工核验数值与字段归属,,
068_佛山市至贤科技有限公司新建项目_01_受理公告或公示版,固废与危险废物,危险废物、固体废物、危废暂存,危险废物、固体废物、危废暂存,建项目实施减量替 代。 大力推进固体废物源头减量 化、资源化利用和无害化处 置，稳步推进“无废城市”试点 建设。 参考 2022 年洪奇沥水道水质 数据,建项目实施减量替 代。 大力推进固体废物源头减量 化、资源化利用和无害化处 置，稳步推进“无废城市”试点 建设。 参考 2022 年洪奇沥水道水质 数据,关键词已对应，待人工核验数值与字段归属,,
068_佛山市至贤科技有限公司新建项目_01_受理公告或公示版,总量与执行标准,总量控制、总量指标、执行标准,总量控制、总量指标、执行标准,26-2001）第一类污 染物的排放标准后纳入园区污 水管道送工业园污水处理厂处 理。本园区应按照《报告书》拟 定的入园企业类别引进企业项 目，并应避免,26-2001）第一类污 染物的排放标准后纳入园区污 水管道送工业园污水处理厂处 理。本园区应按照《报告书》拟 定的入园企业类别引进企业项 目，并应避免,关键词已对应，待人工核验数值与字段归属,,
068_佛山市至贤科技有限公司新建项目_01_受理公告或公示版,监督检查清单,环境保护措施监督检查清单、监督检查清单,环境保护措施监督检查清单、监督检查清单,...........31 五、环境保护措施监督检查清单 ...............................................,...........31 五、环境保护措施监督检查清单 ...............................................,关键词已对应，待人工核验数值与字段归属,,
069_佛山市安邵塑胶制品有限公司新建项目_01_报批稿或报告表,项目基本情况,建设地点、总投资、环保投资,建设地点、总投资、环保投资,系方式 18688662845 建设地点 广东省佛山市顺德区勒流街道龙眼村西连路 52 号集龙智造园 14 栋 201 地理坐标 （ 113 度 12 ,系方式 18688662845 建设地点 广东省佛山市顺德区勒流街道龙眼村西连路 52 号集龙智造园 14 栋 201 地理坐标 （ 113 度 12 ,关键词已对应，待人工核验数值与字段归属,,
069_佛山市安邵塑胶制品有限公司新建项目_01_报批稿或报告表,产品与产量,主要产品、产品名称、年产,主要产品、产品名称、年产,交环卫部门及时清运处理 2、项目主要产品及年产量 本项目的生产规模情况详见下表： 16 表 2-2 本项目生产规模及产品示意图一览表 序号 产品名称 单,交环卫部门及时清运处理 2、项目主要产品及年产量 本项目的生产规模情况详见下表： 第20页 16 表 2-2 本项目生产规模及产品示意图一览表 序号 产,关键词已对应，待人工核验数值与字段归属,,
069_佛山市安邵塑胶制品有限公司新建项目_01_报批稿或报告表,原辅材料,主要原辅材料、原辅材料,主要原辅材料、原辅材料,等项目。推广应用低挥发 性有机物原辅材料，严格限制 新建生产和使用高挥发性有机 物原辅材料的项目，鼓励建设 挥发性有机物共性工厂。 项目位于珠三角核心区,等项目。推广应用低挥发 性有机物原辅材料，严格限制 新建生产和使用高挥发性有机 物原辅材料的项目，鼓励建设 挥发性有机物共性工厂。 项目位于珠三角核心区,关键词已对应，待人工核验数值与字段归属,,
069_佛山市安邵塑胶制品有限公司新建项目_01_报批稿或报告表,生产设备,主要生产设备、生产设施,主要生产设备、生产设施,供电 4、主要设备 （1）本项目主要生产设备情况详见下表： 表 2-6 本项目主要生产设备情况 序号 设备 规格参数 数量 单位 设备位置 使用工序 1,供电 4、主要设备 （1）本项目主要生产设备情况详见下表： 表 2-6 本项目主要生产设备情况 序号 设备 规格参数 数量 单位 设备位置 使用工序 1,关键词已对应，待人工核验数值与字段归属,,
069_佛山市安邵塑胶制品有限公司新建项目_01_报批稿或报告表,工艺与产污,工艺流程、生产工艺、产污环节,工艺流程、生产工艺、产污环节,艺 流程 和产 排污 环节 1、生产工艺流程及说明 （1）灯具条生产工艺如下： 图 2-3 灯具条生产流程图 灯具条工艺流程说明： 混料：根据不同产品需,艺 流程 和产 排污 环节 1、生产工艺流程及说明 （1）灯具条生产工艺如下： 图 2-3 灯具条生产流程图 灯具条工艺流程说明： 混料：根据不同产品需,关键词已对应，待人工核验数值与字段归属,,
069_佛山市安邵塑胶制品有限公司新建项目_01_报批稿或报告表,源强与定量核算,污染源强、产生量、排放量,污染源强、产生量、排放量,、 扩建新增氮氧化物、烟（粉）尘排放量 较大的建设项目。 本项目行业类别及代 码为 C2929 塑料零件 及其他塑料制品制 造，使用的原辅材料 均不属于,、 扩建新增氮氧化物、烟（粉）尘排放量 较大的建设项目。 本项目行业类别及代 码为 C2929 塑料零件 及其他塑料制品制 造，使用的原辅材料 均不属于,关键词已对应，待人工核验数值与字段归属,,
069_佛山市安邵塑胶制品有限公司新建项目_01_报批稿或报告表,废气治理,废气治理、废气收集、活性炭,废气治理、废气收集、活性炭,（四周设置软帘）收集后 通过二级活性炭吸附处理后高空排放；生活污水经预处 理后排至勒流污水处理厂处理后尾水排至顺德支流；注 塑机的间接冷却水作为清净下水,（四周设置软帘）收集后 通过二级活性炭吸附处理后高空排放；生活污水经预处 理后排至勒流污水处理厂处理后尾水排至顺德支流；注 塑机的间接冷却水作为清净下水,关键词已对应，待人工核验数值与字段归属,,
069_佛山市安邵塑胶制品有限公司新建项目_01_报批稿或报告表,固废与危险废物,危险废物、固体废物、危废暂存,危险废物、固体废物、危废暂存, 建项目实施减量替代。大力推 进固体废物源头减量化、资源 化利用和无害化处置，稳步推 进“无废城市”试点建设。 项目属于新建项目，生活污水 经三级化粪处, 建项目实施减量替代。大力推 进固体废物源头减量化、资源 化利用和无害化处置，稳步推 进“无废城市”试点建设。 项目属于新建项目，生活污水 经三级化粪处,关键词已对应，待人工核验数值与字段归属,,
069_佛山市安邵塑胶制品有限公司新建项目_01_报批稿或报告表,总量与执行标准,总量控制、总量指标、执行标准,总量控制、总量指标、执行标准,马河、汾江河等重点流 域水污染物排放标准。重点水 污染物未达到环境质量改善目 标的区域内，新建、改建、扩 建项目实施减量替代。大力推 进固体废物源头减量,马河、汾江河等重点流 域水污染物排放标准。重点水 污染物未达到环境质量改善目 标的区域内，新建、改建、扩 建项目实施减量替代。大力推 进固体废物源头减量,关键词已对应，待人工核验数值与字段归属,,
069_佛山市安邵塑胶制品有限公司新建项目_01_报批稿或报告表,监督检查清单,环境保护措施监督检查清单、监督检查清单,环境保护措施监督检查清单、监督检查清单,.......... 34 五、环境保护措施监督检查清单 ...............................................,.......... 34 五、环境保护措施监督检查清单 ...............................................,关键词已对应，待人工核验数值与字段归属,,
070_佛山市思莱拓科技有限公司新建项目_01_受理公告或公示版,项目基本情况,建设项目名称、建设地点、总投资,建设项目名称、建设地点、总投资, 1 — 一、建设项目基本情况 建设项目名称 佛山市思莱拓科技有限公司新建项目 项目代码 无 建设单位联系人 * 联系方式 * 建设地点 佛山市顺德区大, 1 — 一、建设项目基本情况 建设项目名称 佛山市思莱拓科技有限公司新建项目 项目代码 无 建设单位联系人 * 联系方式 * 建设地点 佛山市顺德区大,关键词已对应，待人工核验数值与字段归属,,
070_佛山市思莱拓科技有限公司新建项目_01_受理公告或公示版,产品与产量,产品名称、年产,产品名称、年产,和产能 表 7 产品产能一览表 产品名称 单位 数量 备注 手机壳 万个/年 含亚克力片 600 重量 25g/个（亚克力片 15g、塑胶原料 10g）,和产能 表 7 产品产能一览表 产品名称 单位 数量 备注 手机壳 万个/年 含亚克力片 600 重量 25g/个（亚克力片 15g、塑胶原料 10g）,关键词已对应，待人工核验数值与字段归属,,
070_佛山市思莱拓科技有限公司新建项目_01_受理公告或公示版,原辅材料,原辅材料、原料名称,原辅材料、原料名称,营手机壳生产，生产的产品及使用的原辅材料均不属于《环境保护综 合名录（2021 年版）》中“高污染、高环境风险”产品名录，符合要求。 3、与广东省发展改,营手机壳生产，生产的产品及使用的原辅材料均不属于《环境保护综 合名录（2021 年版）》中“高污染、高环境风险”产品名录，符合要求。 3、与广东省发展改,关键词已对应，待人工核验数值与字段归属,,
070_佛山市思莱拓科技有限公司新建项目_01_受理公告或公示版,生产设备,生产设施、设备一览,生产设施、设备一览,浓度不高于相应的排放限值；车间或生产设施 排气中 NMHC 初始排放速率≥3 kg/h 时，建设 VOCs 处理设施且处理效率≥80%；b）厂区内无 组,浓度不高于相应的排放限值；车间或生产设施 排气中 NMHC 初始排放速率≥3 kg/h 时，建设 VOCs 处理设施且处理效率≥80%；b）厂区内无 组,关键词已对应，待人工核验数值与字段归属,,
070_佛山市思莱拓科技有限公司新建项目_01_受理公告或公示版,工艺与产污,工艺流程、生产工艺、产污环节,工艺流程、生产工艺、产污环节,采购清单。鼓励重点行业企业 开展生产工艺和设备水性化改造，推广使用水 性、高固体分、无溶剂、粉末等低 VOCs 含量涂 料。严格落实《挥发性有机物无组织,采购清单。鼓励重点行业企业 开展生产工艺和设备水性化改造，推广使用水 性、高固体分、无溶剂、粉末等低 VOCs 含量涂 料。严格落实《挥发性有机物无组织,关键词已对应，待人工核验数值与字段归属,,
070_佛山市思莱拓科技有限公司新建项目_01_受理公告或公示版,源强与定量核算,产生量、排放量、收集效率,产生量、排放量、收集效率,..... 53 建设项目污染物排放量汇总表 .....................................................,..... 53 建设项目污染物排放量汇总表 .....................................................,关键词已对应，待人工核验数值与字段归属,,
070_佛山市思莱拓科技有限公司新建项目_01_受理公告或公示版,废气治理,废气治理、废气收集、活性炭,废气治理、废气收集、活性炭,材料的项目，鼓励建设共 性工厂、活性炭集中再生中心等挥发 性有机物第三方治理项目，推动挥发 性有机物集中高效处理 项目不属于水泥、平板玻璃、 化学制浆、,材料的项目，鼓励建设共 性工厂、活性炭集中再生中心等挥发 性有机物第三方治理项目，推动挥发 性有机物集中高效处理 项目不属于水泥、平板玻璃、 化学制浆、,关键词已对应，待人工核验数值与字段归属,,
070_佛山市思莱拓科技有限公司新建项目_01_受理公告或公示版,固废与危险废物,危险废物、固体废物、危废暂存,危险废物、固体废物、危废暂存,扩建项目实施减量替代。大力推 进固体废物源头减量化、资源化 利用和无害化处置，稳步推进“无 废城市”试点建设。 项目属于新建项目，项目生活污 水经三级化,扩建项目实施减量替代。大力推 进固体废物源头减量化、资源化 利用和无害化处置，稳步推进“无 废城市”试点建设。 项目属于新建项目，项目生活污 水经三级化,关键词已对应，待人工核验数值与字段归属,,
070_佛山市思莱拓科技有限公司新建项目_01_受理公告或公示版,总量与执行标准,总量控制、总量指标、执行标准,总量控制、总量指标、执行标准,26-2001）第一 类污染物的排放标准后纳入园区污水管道送工 业园污水处理厂处理。本园区应按照《报告书》 拟定的入园企业类别引进企业项目，并应避免 引,26-2001）第一 类污染物的排放标准后纳入园区污水管道送工 业园污水处理厂处理。本园区应按照《报告书》 拟定的入园企业类别引进企业项目，并应避免 引,关键词已对应，待人工核验数值与字段归属,,
070_佛山市思莱拓科技有限公司新建项目_01_受理公告或公示版,监督检查清单,环境保护措施监督检查清单、监督检查清单,环境保护措施监督检查清单、监督检查清单,.......... 26 五、环境保护措施监督检查清单 ...............................................,.......... 26 五、环境保护措施监督检查清单 ...............................................,关键词已对应，待人工核验数值与字段归属,,
071_佛山市昊芸照明有限公司新建项目_01_受理公告或公示版,项目基本情况,建设项目名称、建设地点、总投资,建设项目名称、建设地点、总投资, 1 - 一、建设项目基本情况 建设项目名称 佛山市昊芸照明有限公司新建项目 项目代码 无 建设单位联系 人 联系方式 建设地点 佛山市顺德区均安镇均安, 1 - 一、建设项目基本情况 建设项目名称 佛山市昊芸照明有限公司新建项目 项目代码 无 建设单位联系 人 联系方式 建设地点 佛山市顺德区均安镇均安,关键词已对应，待人工核验数值与字段归属,,
071_佛山市昊芸照明有限公司新建项目_01_受理公告或公示版,产品与产量,主要产品、年产,主要产品、年产,交由有资质单位接收处置 / 2、主要产品及产量 本项目生产规模情况详见下表。 表 2-2 本项目生产规模一览表 序号 名称 单位 生产规模 备注 1 灯,交由有资质单位接收处置 / 2、主要产品及产量 本项目生产规模情况详见下表。 表 2-2 本项目生产规模一览表 序号 名称 单位 生产规模 备注 1 灯,关键词已对应，待人工核验数值与字段归属,,
071_佛山市昊芸照明有限公司新建项目_01_受理公告或公示版,原辅材料,主要原辅材料、原辅材料、辅料,主要原辅材料、原辅材料、辅料,限制新建生产和使用高挥发性有机物原辅材料的项 目，鼓励建设挥发性有机物共性工厂。 项目位于珠三角核心区，主要进行塑料配件和金属配件类产 品的生产制造，不,限制新建生产和使用高挥发性有机物原辅材料的项 目，鼓励建设挥发性有机物共性工厂。 项目位于珠三角核心区，主要进行塑料配件和金属配件类产 品的生产制造，不,关键词已对应，待人工核验数值与字段归属,,
071_佛山市昊芸照明有限公司新建项目_01_受理公告或公示版,生产设备,主要生产设备、生产设施,主要生产设备、生产设施,浓度不高于相应的排放限值；车间或生产设施排气中 NMHC 初始排放速率≥3kg/h 时，建设 VOCs 处理设施且处理效率 ≥80%；b）厂区内无组织排,浓度不高于相应的排放限值；车间或生产设施排气中 NMHC 初始排放速率≥3kg/h 时，建设 VOCs 处理设施且处理效率 ≥80%；b）厂区内无组织排,关键词已对应，待人工核验数值与字段归属,,
071_佛山市昊芸照明有限公司新建项目_01_受理公告或公示版,工艺与产污,工艺流程、生产工艺、产污环节,工艺流程、生产工艺、产污环节,艺 流程 和产 排污 环节 1、生产工艺流程及说明 图 2-3 灯饰端盖生产工艺流程及产污环节示意图 灯饰端盖生产工艺流程简述如下： 混料：根据不同产品,艺 流程 和产 排污 环节 1、生产工艺流程及说明 图 2-3 灯饰端盖生产工艺流程及产污环节示意图 灯饰端盖生产工艺流程简述如下： 混料：根据不同产品,关键词已对应，待人工核验数值与字段归属,,
071_佛山市昊芸照明有限公司新建项目_01_受理公告或公示版,源强与定量核算,污染源强、产生量、排放量,污染源强、产生量、排放量,3.1 建设项目新增 VOCs 排放量，实行本行政区域内污染源“点对点”2 倍量削减 替代，原则上不得接受其他区域 VOCs“可替代总量指标”。 本 项,3.1 建设项目新增 VOCs 排放量，实行本行政区域内污染源“点对点”2 倍量削减 替代，原则上不得接受其他区域 VOCs“可替代总量指标”。 本 项,关键词已对应，待人工核验数值与字段归属,,
071_佛山市昊芸照明有限公司新建项目_01_受理公告或公示版,废气治理,废气治理、废气收集、活性炭,废气治理、废气收集、活性炭,管+伞型罩收集后，一并通过“二级活性炭吸附”装置处理后引至楼顶 21m 排气筒 DA001 高 空排放；生活污水经预处理后排至均安污水处理厂处理后尾水排,管+伞型罩收集后，一并通过“二级活性炭吸附”装置处理后引至楼顶 21m 排气筒 DA001 高 空排放；生活污水经预处理后排至均安污水处理厂处理后尾水排,关键词已对应，待人工核验数值与字段归属,,
071_佛山市昊芸照明有限公司新建项目_01_受理公告或公示版,固废与危险废物,危险废物、固体废物、危废暂存,危险废物、固体废物、危废暂存,扩建项目实 施减量替代。大力推进固体废物源头减量化、资源化利用和无 害化处置，稳步推进“无废城市”试点建设。 项目属于新建项目，生活污水经三级化粪处理达,扩建项目实 施减量替代。大力推进固体废物源头减量化、资源化利用和无 害化处置，稳步推进“无废城市”试点建设。 项目属于新建项目，生活污水经三级化粪处理达,关键词已对应，待人工核验数值与字段归属,,
071_佛山市昊芸照明有限公司新建项目_01_受理公告或公示版,总量与执行标准,总量控制、总量指标、执行标准,总量控制、总量指标、执行标准,石马河、汾江河等重点流域水污染物排放标准。重点水污染物 未达到环境质量改善目标的区域内，新建、改建、扩建项目实 施减量替代。大力推进固体废物源头减量化、,石马河、汾江河等重点流域水污染物排放标准。重点水污染物 未达到环境质量改善目标的区域内，新建、改建、扩建项目实 施减量替代。大力推进固体废物源头减量化、,关键词已对应，待人工核验数值与字段归属,,
071_佛山市昊芸照明有限公司新建项目_01_受理公告或公示版,监督检查清单,环境保护措施监督检查清单、监督检查清单,环境保护措施监督检查清单、监督检查清单,...... - 31 - 五、环境保护措施监督检查清单 ...............................................,...... - 31 - 五、环境保护措施监督检查清单 ...............................................,关键词已对应，待人工核验数值与字段归属,,
072_佛山市友帝塑料制品有限公司扩建项目_01_受理公告或公示版,项目基本情况,建设项目名称、建设地点、总投资,建设项目名称、建设地点、总投资,76 1 一、建设项目基本情况 建设项目名称 佛山市友帝塑料制品有限公司扩建项目 项目代码 无 建设单位联系人 联系方式 建设地点 佛山市顺德区大良街道,7页 1 一、建设项目基本情况 建设项目名称 佛山市友帝塑料制品有限公司扩建项目 项目代码 无 建设单位联系人 联系方式 建设地点 佛山市顺德区大良街道,关键词已对应，待人工核验数值与字段归属,,
072_佛山市友帝塑料制品有限公司扩建项目_01_受理公告或公示版,产品与产量,产品方案、产品名称、年产,产品方案、产品名称、年产,见附件 3），获批的建设规模为：年产保温杯配件 40 万个、充电 器外壳 20 万个、开关按钮 90 万个、模具 20 套。2022 年 7 月 14 ,见附件 3），获批的建设规模为：年产保温杯配件 40 万个、充电 器外壳 20 万个、开关按钮 90 万个、模具 20 套。2022 年 7 月 14 ,关键词已对应，待人工核验数值与字段归属,,
072_佛山市友帝塑料制品有限公司扩建项目_01_受理公告或公示版,原辅材料,主要原辅材料、原辅材料、原料名称,主要原辅材料、原辅材料、原料名称, 洗剂、胶黏剂等高挥发性有 机物原辅材料项目，鼓励现 有该类项目搬迁退出。 扩建后全厂项目为塑 料制品业和模具制造 业，生产过程中不使用 溶剂型油墨、涂, 洗剂、胶黏剂等高挥发性有 机物原辅材料项目，鼓励现 有该类项目搬迁退出。 扩建后全厂项目为塑 料制品业和模具制造 业，生产过程中不使用 溶剂型油墨、涂,关键词已对应，待人工核验数值与字段归属,,
072_佛山市友帝塑料制品有限公司扩建项目_01_受理公告或公示版,生产设备,主要生产设备、设备一览,主要生产设备、设备一览,声治 理工程 合理调整设备布置，主要生产设备安装隔震垫，采用隔 声、距离衰减等治理措施 合理调整设备布置，主要生产设备安装隔震垫，采用 隔声、距离衰减等,声治 理工程 合理调整设备布置，主要生产设备安装隔震垫，采用隔 声、距离衰减等治理措施 合理调整设备布置，主要生产设备安装隔震垫，采用 隔声、距离衰减等,关键词已对应，待人工核验数值与字段归属,,
072_佛山市友帝塑料制品有限公司扩建项目_01_受理公告或公示版,工艺与产污,工艺流程、生产工艺、产污环节,工艺流程、生产工艺、产污环节,，加快涉 VOCs 重点行 业的生产工艺升级改造，推 行自动化生产工艺，对达不 到要求的 VOCs 收集及治 理设施进行整治提升，逐步 淘汰低效 VOC,，加快涉 VOCs 重点行 业的生产工艺升级改造，推 行自动化生产工艺，对达不 到要求的 VOCs 收集及治 理设施进行整治提升，逐步 淘汰低效 VOC,关键词已对应，待人工核验数值与字段归属,,
072_佛山市友帝塑料制品有限公司扩建项目_01_受理公告或公示版,源强与定量核算,污染源强、产生量、排放量,污染源强、产生量、排放量,..... 61 建设项目污染物排放量汇总表 .....................................................,..... 61 建设项目污染物排放量汇总表 .....................................................,关键词已对应，待人工核验数值与字段归属,,
072_佛山市友帝塑料制品有限公司扩建项目_01_受理公告或公示版,废气治理,废气治理、废气收集、活性炭,废气治理、废气收集、活性炭,部密 闭集气罩收集后通过 “二级活性炭”处理， 引至 1 根 43m 高排气筒 排放。 符合 环 境 风 险 防 控 4-1.【水/综合类】大门污水 处,部密 闭集气罩收集后通过 “二级活性炭”处理， 引至 1 根 43m 高排气筒 排放。 符合 环 境 风 险 防 控 4-1.【水/综合类】大门污水 处,关键词已对应，待人工核验数值与字段归属,,
072_佛山市友帝塑料制品有限公司扩建项目_01_受理公告或公示版,固废与危险废物,危险废物、固体废物、危废代码,危险废物、固体废物、危废代码,质 佐 证 材 料。 企业拟建立危险废物台 账，定期将废油、废油 桶、废活性炭等危险废 物交给有资质的单位处 理，整理危废处理合同、 转移联单等资料。 ,质 佐 证 材 料。 企业拟建立危险废物台 账，定期将废油、废油 桶、废活性炭等危险废 物交给有资质的单位处 理，整理危废处理合同、 转移联单等资料。 ,关键词已对应，待人工核验数值与字段归属,,
072_佛山市友帝塑料制品有限公司扩建项目_01_受理公告或公示版,总量与执行标准,总量控制、总量指标、执行标准,总量控制、总量指标、执行标准,应执 行《城镇污水处理厂污染物 排放标准》（GB18918-2002） 一级 A 标准及《广东省水污 染物排放限值》 （DB44/26-2001）的较严,应执 行《城镇污水处理厂污染物 排放标准》（GB18918-2002） 一级 A 标准及《广东省水污 染物排放限值》 （DB44/26-2001）的较严,关键词已对应，待人工核验数值与字段归属,,
072_佛山市友帝塑料制品有限公司扩建项目_01_受理公告或公示版,监督检查清单,环境保护措施监督检查清单、监督检查清单,环境保护措施监督检查清单、监督检查清单,.......... 37 五、环境保护措施监督检查清单 ...............................................,.......... 37 五、环境保护措施监督检查清单 ...............................................,关键词已对应，待人工核验数值与字段归属,,
073_佛山市优塑包装科技有限公司新建项目_01_受理公告或公示版,项目基本情况,建设项目名称、建设地点、总投资,建设项目名称、建设地点、总投资, 1 — 一、建设项目基本情况 建设项目名称 佛山市优塑包装科技有限公司新建项目 项目代码 无 建设单位联系人 *** 联系方式 *** 建设地点 广东, 1 — 一、建设项目基本情况 建设项目名称 佛山市优塑包装科技有限公司新建项目 项目代码 无 建设单位联系人 *** 联系方式 *** 建设地点 广东,关键词已对应，待人工核验数值与字段归属,,
073_佛山市优塑包装科技有限公司新建项目_01_受理公告或公示版,产品与产量,产品名称、年产,产品名称、年产,要从事包装膜和打包带的生产，预计年产包装膜 120 吨、打包带 600 吨。 项目经营场所为已建标准厂房，其为 8 层建筑（首层高度为 7.9m，2-8,要从事包装膜和打包带的生产，预计年产包装膜 120 吨、打包带 600 吨。 项目经营场所为已建标准厂房，其为 8 层建筑（首层高度为 7.9m，2-8,关键词已对应，待人工核验数值与字段归属,,
073_佛山市优塑包装科技有限公司新建项目_01_受理公告或公示版,原辅材料,原辅材料、辅料,原辅材料、辅料,和打包带生产，生产的产品及使用的原辅材料均不属于《环 境保护综合名录（2021 年版）》中“高污染、高环境风险”产品名录，符合要求。 3、与广东省发展改,和打包带生产，生产的产品及使用的原辅材料均不属于《环 境保护综合名录（2021 年版）》中“高污染、高环境风险”产品名录，符合要求。 3、与广东省发展改,关键词已对应，待人工核验数值与字段归属,,
073_佛山市优塑包装科技有限公司新建项目_01_受理公告或公示版,生产设备,生产设施、设备一览,生产设施、设备一览, 计算。 符 合 8.4 车间或生产设施排气筒废气排放浓度不高于《合 成树脂工业污染物排放标准》（GB31572-2015） 排放限值的 50%。 本项, 计算。 符 合 8.4 车间或生产设施排气筒废气排放浓度不高于《合 成树脂工业污染物排放标准》（GB31572-2015） 排放限值的 50%。 本项,关键词已对应，待人工核验数值与字段归属,,
073_佛山市优塑包装科技有限公司新建项目_01_受理公告或公示版,工艺与产污,工艺流程、生产工艺、产污环节,工艺流程、生产工艺、产污环节,采购清单。鼓励重点行业企 业开展生产工艺和设备水性化改造，推广使用水 性、高固体分、无溶剂、粉末等低 VOCs 含量涂 料。严格落实《挥发性有机物无组织,采购清单。鼓励重点行业企 业开展生产工艺和设备水性化改造，推广使用水 性、高固体分、无溶剂、粉末等低 VOCs 含量涂 料。严格落实《挥发性有机物无组织,关键词已对应，待人工核验数值与字段归属,,
073_佛山市优塑包装科技有限公司新建项目_01_受理公告或公示版,源强与定量核算,产生量、排放量、收集效率,产生量、排放量、收集效率,..... 46 建设项目污染物排放量汇总表 .....................................................,..... 46 建设项目污染物排放量汇总表 .....................................................,关键词已对应，待人工核验数值与字段归属,,
073_佛山市优塑包装科技有限公司新建项目_01_受理公告或公示版,废气治理,废气治理、废气收集、活性炭,废气治理、废气收集、活性炭,吹膜区 采用整室收集，采用二级 活性炭吸附装置处理有 机废气。 符 合 1.3 提高废气收集率，遵循“应收尽收、分质收集”的 原则，科学设计废气收集系统,吹膜区 采用整室收集，采用二级 活性炭吸附装置处理有 机废气。 符 合 1.3 提高废气收集率，遵循“应收尽收、分质收集”的 原则，科学设计废气收集系统,关键词已对应，待人工核验数值与字段归属,,
073_佛山市优塑包装科技有限公司新建项目_01_受理公告或公示版,固废与危险废物,危险废物、固体废物、危废暂存,危险废物、固体废物、危废暂存,处理方式资质佐证材料。 项目建立危险废物台账， 定期将废机油、废活性炭 等危险废物交给有资质 的单位处理，整理危废处 理合同、转移联单等资 料。 符 合,处理方式资质佐证材料。 项目建立危险废物台账， 定期将废机油、废活性炭 等危险废物交给有资质 的单位处理，整理危废处 理合同、转移联单等资 料。 符 合,关键词已对应，待人工核验数值与字段归属,,
073_佛山市优塑包装科技有限公司新建项目_01_受理公告或公示版,总量与执行标准,总量控制、总量指标、执行标准,总量控制、总量指标、执行标准,26-2001） 第一类污染物的排放标准后纳入园区污水管 道送工业园污水处理厂处理。本园区应按照 《报告书》拟定的入园企业类别引进企业项 目，并应避免引,26-2001） 第一类污染物的排放标准后纳入园区污水管 道送工业园污水处理厂处理。本园区应按照 《报告书》拟定的入园企业类别引进企业项 目，并应避免引,关键词已对应，待人工核验数值与字段归属,,
073_佛山市优塑包装科技有限公司新建项目_01_受理公告或公示版,监督检查清单,环境保护措施监督检查清单、监督检查清单,环境保护措施监督检查清单、监督检查清单,.......... 25 五、环境保护措施监督检查清单 ...............................................,.......... 25 五、环境保护措施监督检查清单 ...............................................,关键词已对应，待人工核验数值与字段归属,,
074_佛山市顺德区德盈誉智能制造有限公司新建项目_01_受理公告或公示版,项目基本情况,建设项目名称、建设地点、总投资,建设项目名称、建设地点、总投资,产证 1 一、建设项目基本情况 建设项目名称 佛山市顺德区德盈誉智能制造有限公司新建项目 项目代码 无 建设单位联系人 陈** 联系方式 13*****,5页 1 一、建设项目基本情况 建设项目名称 佛山市顺德区德盈誉智能制造有限公司新建项目 项目代码 无 建设单位联系人 陈** 联系方式 13*****,关键词已对应，待人工核验数值与字段归属,,
074_佛山市顺德区德盈誉智能制造有限公司新建项目_01_受理公告或公示版,产品与产量,主要产品、产品名称、年产,主要产品、产品名称、年产,"""N。项目主要生产塑料制品，预计年产手提塑料桶 40 万套；项目主要生产工艺为混料、注塑、破碎、冷却工艺等。 1.项目工程组成 项目所在建筑物共 9 层","""N。项目主要生产塑料制品，预计年产手提塑料桶 40 万套；项目主要生产工艺为混料、注塑、破碎、冷却工艺等。 1.项目工程组成 项目所在建筑物共 9 层",关键词已对应，待人工核验数值与字段归属,,
074_佛山市顺德区德盈誉智能制造有限公司新建项目_01_受理公告或公示版,原辅材料,主要原辅材料、原辅材料、原料名称,主要原辅材料、原辅材料、原料名称,清洗剂、胶 黏剂等高挥发性有机物原辅材料 项目，鼓励现有该类项目搬迁退 出。 1-7.【大气/鼓励引导类】大气环境 高排放重点管控区内，应强化达标 监管,清洗剂、胶 黏剂等高挥发性有机物原辅材料 项目，鼓励现有该类项目搬迁退 出。 1-7.【大气/鼓励引导类】大气环境 高排放重点管控区内，应强化达标 监管,关键词已对应，待人工核验数值与字段归属,,
074_佛山市顺德区德盈誉智能制造有限公司新建项目_01_受理公告或公示版,生产设备,主要生产设备、设备名称、生产设施,主要生产设备、设备名称、生产设施,满足要求。 符合 5.4 车间或生产设施排气中 NMHC 初 始排放速率≥3kg/h 时，建设 VOCs 处理设施且处理效率≥80%。厂区内 无组织排放,满足要求。 符合 5.4 车间或生产设施排气中 NMHC 初 始排放速率≥3kg/h 时，建设 VOCs 处理设施且处理效率≥80%。厂区内 无组织排放,关键词已对应，待人工核验数值与字段归属,,
074_佛山市顺德区德盈誉智能制造有限公司新建项目_01_受理公告或公示版,工艺与产污,工艺流程、生产工艺、产污节点,工艺流程、生产工艺、产污节点,代，加快涉 VOCs 重点行业的生产工艺升级 改造，推行自动化生产工艺，对达 不到要求的 VOCs 收集及治理设 施进行整治提升，逐步淘汰低效 VOCs,代，加快涉 VOCs 重点行业的生产工艺升级 改造，推行自动化生产工艺，对达 不到要求的 VOCs 收集及治理设 施进行整治提升，逐步淘汰低效 VOCs,关键词已对应，待人工核验数值与字段归属,,
074_佛山市顺德区德盈誉智能制造有限公司新建项目_01_受理公告或公示版,源强与定量核算,污染源强、产生量、排放量,污染源强、产生量、排放量,..... 53 建设项目污染物排放量汇总表 附图 1 项目地理位置图 附图 2 项目周围环境概况图 附图 3 项目四至卫星图 附图 4 项目环境敏感点,..... 53 建设项目污染物排放量汇总表 附图 1 项目地理位置图 附图 2 项目周围环境概况图 附图 3 项目四至卫星图 附图 4 项目环境敏感点,关键词已对应，待人工核验数值与字段归属,,
074_佛山市顺德区德盈誉智能制造有限公司新建项目_01_受理公告或公示版,废气治理,废气治理、废气收集、活性炭,废气治理、废气收集、活性炭,达标后排放至大门污水处理厂。生产废气收集后经“两级活性炭吸附”处 理后引至高空排放，不产生和排放有毒有害大气污染物项目，符合环境准 入及管控要求。 （2,达标后排放至大门污水处理厂。生产废气收集后经“两级活性炭吸附”处 理后引至高空排放，不产生和排放有毒有害大气污染物项目，符合环境准 入及管控要求。 （2,关键词已对应，待人工核验数值与字段归属,,
074_佛山市顺德区德盈誉智能制造有限公司新建项目_01_受理公告或公示版,固废与危险废物,危险废物、固体废物、危废暂存,危险废物、固体废物、危废暂存,原辅材 料、废气收集处理措 施、危险废物建立台 账；同时台账保存期限 不少于 3 年。 符合 6.《佛山市生态环境保护“十四五”规划》 6.1 鼓励重点,原辅材 料、废气收集处理措 施、危险废物建立台 账；同时台账保存期限 不少于 3 年。 符合 6.《佛山市生态环境保护“十四五”规划》 6.1 鼓励重点,关键词已对应，待人工核验数值与字段归属,,
074_佛山市顺德区德盈誉智能制造有限公司新建项目_01_受理公告或公示版,总量与执行标准,总量控制、总量指标、执行标准,总量控制、总量指标、执行标准,2.《顺德区重点行业挥发性有机物总量指标管理工作方案（2023 年修订）》 （顺环委办〔2023〕19 号）） 2.1 根据区域现状、改善目标、减排空 ,2.《顺德区重点行业挥发性有机物总量指标管理工作方案（2023 年修订）》 （顺环委办〔2023〕19 号）） 2.1 根据区域现状、改善目标、减排空 ,关键词已对应，待人工核验数值与字段归属,,
074_佛山市顺德区德盈誉智能制造有限公司新建项目_01_受理公告或公示版,监督检查清单,环境保护措施监督检查清单、监督检查清单,环境保护措施监督检查清单、监督检查清单,.......... 26 五、环境保护措施监督检查清单 ...............................................,.......... 26 五、环境保护措施监督检查清单 ...............................................,关键词已对应，待人工核验数值与字段归属,,
075_广东圣鑫机电股份有限公司扩建项目_01_受理公告或公示版,项目基本情况,建设项目名称、建设地点、总投资,建设项目名称、建设地点、总投资,声明 1 一、建设项目基本情况 建设项目名称 广东圣鑫机电股份有限公司扩建项目 项目代码 无 建设单位联系人 周** 联系方式 1392233**** ,5页 1 一、建设项目基本情况 建设项目名称 广东圣鑫机电股份有限公司扩建项目 项目代码 无 建设单位联系人 周** 联系方式 1392233**** ,关键词已对应，待人工核验数值与字段归属,,
075_广东圣鑫机电股份有限公司扩建项目_01_受理公告或公示版,产品与产量,主要产品、产品名称、年产,主要产品、产品名称、年产,库、604 车间为电机组装车间，年产送丝机 构 30 万套。因企业发展需要，企业拟在现有规模上，在广东省佛山市顺德区杏坛 镇高赞村二环路 8 号顺德智富,库、604 车间为电机组装车间，年产送丝机 构 30 万套。因企业发展需要，企业拟在现有规模上，在广东省佛山市顺德区杏坛 镇高赞村二环路 8 号顺德智富,关键词已对应，待人工核验数值与字段归属,,
075_广东圣鑫机电股份有限公司扩建项目_01_受理公告或公示版,原辅材料,主要原辅材料、原辅材料、原料名称,主要原辅材料、原辅材料、原料名称,生产和使用高挥 发性挥发性有机物原辅材料的项目。 8.工业企业禁止选址城镇生活空间，生产空间禁止建设居民住宅等敏感 建筑；园区工业用地或企业与村庄、学校,生产和使用高挥 发性挥发性有机物原辅材料的项目。 8.工业企业禁止选址城镇生活空间，生产空间禁止建设居民住宅等敏感 建筑；园区工业用地或企业与村庄、学校,关键词已对应，待人工核验数值与字段归属,,
075_广东圣鑫机电股份有限公司扩建项目_01_受理公告或公示版,生产设备,主要生产设备、生产设施、设备一览,主要生产设备、生产设施、设备一览,注塑、排放恶臭气味的生产 工艺和生产设施。 扩建项目 16 栋车间与最近敏感点东南侧在建工地中 的在建员工宿舍距离为 28m，与东南侧高赞村距离 148,注塑、排放恶臭气味的生产 工艺和生产设施。 扩建项目 16 栋车间与最近敏感点东南侧在建工地中 的在建员工宿舍距离为 28m，与东南侧高赞村距离 148,关键词已对应，待人工核验数值与字段归属,,
075_广东圣鑫机电股份有限公司扩建项目_01_受理公告或公示版,工艺与产污,工艺流程、生产工艺、产污环节,工艺流程、生产工艺、产污环节,23 年 7 月 1 日起，铸造生产工艺环节和生产设备执行《铸造工业大 气污染物排放标准》（GB39726—2020）表 1 规定的大气污染物排放限 值,23 年 7 月 1 日起，铸造生产工艺环节和生产设备执行《铸造工业大 气污染物排放标准》（GB39726—2020）表 1 规定的大气污染物排放限 值,关键词已对应，待人工核验数值与字段归属,,
075_广东圣鑫机电股份有限公司扩建项目_01_受理公告或公示版,源强与定量核算,产生量、排放量、收集效率,产生量、排放量、收集效率,水 处理需求的区域，不应引入废水排放量较大的项目。扩区南片区在纳污 水体水质稳定达标前，应合理控制涉水排放企业规模，优先引入无生产 废水或生产废水排放量,水 处理需求的区域，不应引入废水排放量较大的项目。扩区南片区在纳污 水体水质稳定达标前，应合理控制涉水排放企业规模，优先引入无生产 废水或生产废水排放量,关键词已对应，待人工核验数值与字段归属,,
075_广东圣鑫机电股份有限公司扩建项目_01_受理公告或公示版,废气治理,废气治理、废气收集、活性炭,废气治理、废气收集、活性炭,要求，以及 VOCs 无组织排放废气收集处理系统要求执行《挥发性 有机物无组织排放控制标准》（GB37822-2019）要求，厂区内 VOCs 无组织排,要求，以及 VOCs 无组织排放废气收集处理系统要求执行《挥发性 有机物无组织排放控制标准》（GB37822-2019）要求，厂区内 VOCs 无组织排,关键词已对应，待人工核验数值与字段归属,,
075_广东圣鑫机电股份有限公司扩建项目_01_受理公告或公示版,固废与危险废物,危险废物、固体废物、危废暂存,危险废物、固体废物、危废暂存,区环境风险防控区域。 项目产生的危险废物拟定期委托有资质的处置公司进行收集处理，并通 过信息系统登记转移计划和电子转移联单，符合危险废物全过程跟踪管 理,区环境风险防控区域。 项目产生的危险废物拟定期委托有资质的处置公司进行收集处理，并通 过信息系统登记转移计划和电子转移联单，符合危险废物全过程跟踪管 理,关键词已对应，待人工核验数值与字段归属,,
075_广东圣鑫机电股份有限公司扩建项目_01_受理公告或公示版,总量与执行标准,总量控制、总量指标、执行标准,总量控制、总量指标、执行标准,氮氧化 物及挥发性有机物等）实施总量控制；上年度重点河涌水质未达到水环 境质量目标的管控分区所在镇（街道），须组织编制、系统实施、向社 会公开区域重点水,氮氧化 物及挥发性有机物等）实施总量控制；上年度重点河涌水质未达到水环 境质量目标的管控分区所在镇（街道），须组织编制、系统实施、向社 会公开区域重点水,关键词已对应，待人工核验数值与字段归属,,
075_广东圣鑫机电股份有限公司扩建项目_01_受理公告或公示版,监督检查清单,环境保护措施监督检查清单、监督检查清单,环境保护措施监督检查清单、监督检查清单,.......... 42 五、环境保护措施监督检查清单 ...............................................,.......... 42 五、环境保护措施监督检查清单 ...............................................,关键词已对应，待人工核验数值与字段归属,,
076_佛山市顺德区保塑管业有限公司迁扩建项目_01_受理公告或公示版,项目基本情况,建设项目名称、建设地点、总投资,建设项目名称、建设地点、总投资,04 1 一、建设项目基本情况 建设项目名称 佛山市顺德区保塑管业有限公司迁扩建项目 项目代码 无 建设单位联系人 *** 联系方式 *** 建设地点 ,5页 1 一、建设项目基本情况 建设项目名称 佛山市顺德区保塑管业有限公司迁扩建项目 项目代码 无 建设单位联系人 *** 联系方式 *** 建设地点 ,关键词已对应，待人工核验数值与字段归属,,
076_佛山市顺德区保塑管业有限公司迁扩建项目_01_受理公告或公示版,产品与产量,产品方案、主要产品、产品名称,产品方案、主要产品、产品名称,产业政策。 本项目为塑料制品业，年产塑料管材 1500 吨、 塑料包装薄膜190 吨。 不属于《环境保护综合名录（2021 年版） 》 “高污染、高环境,产业政策。 本项目为塑料制品业，年产塑料管材 1500 吨、 塑料包装薄膜190 吨。 不属于《环境保护综合名录（2021 年版） 》 “高污染、高环境,关键词已对应，待人工核验数值与字段归属,,
076_佛山市顺德区保塑管业有限公司迁扩建项目_01_受理公告或公示版,原辅材料,主要原辅材料、原辅材料、原料名称,主要原辅材料、原辅材料、原料名称,项目。 推广应用低挥发性有 机物原辅材料， 严格限制新建 生产和使用高挥发性有机物 原辅材料的项目， 鼓励建设挥 发性有机物共性工厂 项目不属于水泥、 ,项目。 推广应用低挥发性有 机物原辅材料， 严格限制新建 生产和使用高挥发性有机物 原辅材料的项目， 鼓励建设挥 发性有机物共性工厂 项目不属于水泥、 ,关键词已对应，待人工核验数值与字段归属,,
076_佛山市顺德区保塑管业有限公司迁扩建项目_01_受理公告或公示版,生产设备,主要生产设备、设备名称、生产设施,主要生产设备、设备名称、生产设施,/年。 16 4、主要生产工艺、生产设施、设施参数 本项目主要生产工艺、生产设施、设施参数及计量单位见下表。 表 2-3 项目主要生产工艺、生产设施、设,20页 16 4、主要生产工艺、生产设施、设施参数 本项目主要生产工艺、生产设施、设施参数及计量单位见下表。 表 2-3 项目主要生产工艺、生产设施、设,关键词已对应，待人工核验数值与字段归属,,
076_佛山市顺德区保塑管业有限公司迁扩建项目_01_受理公告或公示版,工艺与产污,工艺流程、生产工艺、产污环节,工艺流程、生产工艺、产污环节,生 产工艺升级改造， 推行自动化生产工艺， 对达 不到要求的 VOCs 收集及治理设施进行整治 提升，逐步淘汰低效 VOCs 治理设施。 3-8.【土壤,生 产工艺升级改造， 推行自动化生产工艺， 对达 不到要求的 VOCs 收集及治理设施进行整治 提升，逐步淘汰低效 VOCs 治理设施。 3-8.【土壤,关键词已对应，待人工核验数值与字段归属,,
076_佛山市顺德区保塑管业有限公司迁扩建项目_01_受理公告或公示版,源强与定量核算,产生量、排放量、收集效率,产生量、排放量、收集效率,区 建设 项目新 增 VOCs 排放量施行“减二增一”政策。 其 中，有组织排放和无组织排放均纳入 新增指标管理；非甲烷总烃合并计入 VOCs 管理。 ,区 建设 项目新 增 VOCs 排放量施行“减二增一”政策。 其 中，有组织排放和无组织排放均纳入 新增指标管理；非甲烷总烃合并计入 VOCs 管理。 ,关键词已对应，待人工核验数值与字段归属,,
076_佛山市顺德区保塑管业有限公司迁扩建项目_01_受理公告或公示版,废气治理,废气治理、废气收集、活性炭,废气治理、废气收集、活性炭,辅材料项目，鼓励建设共性工 厂、活性炭集中再生中心等挥 发性有机物第三方治理项目， 推动挥发性有机物集中高效处 理。 项目不属于新建、扩建水 泥、平板玻,辅材料项目，鼓励建设共性工 厂、活性炭集中再生中心等挥 发性有机物第三方治理项目， 推动挥发性有机物集中高效处 理。 项目不属于新建、扩建水 泥、平板玻,关键词已对应，待人工核验数值与字段归属,,
076_佛山市顺德区保塑管业有限公司迁扩建项目_01_受理公告或公示版,固废与危险废物,危险废物、固体废物、危废暂存,危险废物、固体废物、危废暂存,建项目实施减量替 代。 大力推进固体废物源头减量 化、资源化利用和无害化处 置， 稳步推进“无废城市”试点 建设。 参考 2023 年顺德支流水质数 据,建项目实施减量替 代。 大力推进固体废物源头减量 化、资源化利用和无害化处 置， 稳步推进“无废城市”试点 建设。 参考 2023 年顺德支流水质数 据,关键词已对应，待人工核验数值与字段归属,,
076_佛山市顺德区保塑管业有限公司迁扩建项目_01_受理公告或公示版,总量与执行标准,总量控制、总量指标、执行标准,总量控制、总量指标、执行标准,顺德支流，项目内 不分配水污染物总量指标。 项目经营过程产生的固体废 弃物分类收集，一般包装废 弃物由物资回收公司回收， 危险废物交 有危废资质公司 进,顺德支流，项目内 不分配水污染物总量指标。 项目经营过程产生的固体废 弃物分类收集，一般包装废 弃物由物资回收公司回收， 危险废物交 有危废资质公司 进,关键词已对应，待人工核验数值与字段归属,,
076_佛山市顺德区保塑管业有限公司迁扩建项目_01_受理公告或公示版,监督检查清单,环境保护措施监督检查清单、监督检查清单,环境保护措施监督检查清单、监督检查清单,...... ... 44 五、环境保护措施监督检查清单................................ ...............,...... ... 44 五、环境保护措施监督检查清单................................ ...............,关键词已对应，待人工核验数值与字段归属,,
077_佛山市顺德区康明新材料厂新建项目_01_受理公告或公示版,项目基本情况,建设项目名称、建设地点、总投资,建设项目名称、建设地点、总投资,12 1 一、建设项目基本情况 建设项目名称 佛山市顺德区康明新材料厂新建项目 项目代码 无 建设单位联系人 周颖欣 联系方式 13726674903 ,8页 1 一、建设项目基本情况 建设项目名称 佛山市顺德区康明新材料厂新建项目 项目代码 无 建设单位联系人 周颖欣 联系方式 13726674903 ,关键词已对应，待人工核验数值与字段归属,,
077_佛山市顺德区康明新材料厂新建项目_01_受理公告或公示版,产品与产量,产品方案、主要产品、年产,产品方案、主要产品、年产,0m2，从事塑料薄膜的加工生产，年产塑料薄膜 232.499 吨，主要用作保 护膜用途。 现申请办理相关环保手续。 表2-1 项目所属行业分析表 2.项,0m2，从事塑料薄膜的加工生产，年产塑料薄膜 232.499 吨，主要用作保 护膜用途。 现申请办理相关环保手续。 表2-1 项目所属行业分析表 2.项,关键词已对应，待人工核验数值与字段归属,,
077_佛山市顺德区康明新材料厂新建项目_01_受理公告或公示版,原辅材料,主要原辅材料、原辅材料,主要原辅材料、原辅材料,清洗剂、胶黏剂等高挥发 性有机物原辅材料的项目；鼓励现有该类项目逐步搬迁退出。 本项目主要从事塑料薄膜的加工生产，不属于文件中提及的严格 限制类项目；项,清洗剂、胶黏剂等高挥发 性有机物原辅材料的项目；鼓励现有该类项目逐步搬迁退出。 本项目主要从事塑料薄膜的加工生产，不属于文件中提及的严格 限制类项目；项,关键词已对应，待人工核验数值与字段归属,,
077_佛山市顺德区康明新材料厂新建项目_01_受理公告或公示版,生产设备,主要生产设备、设备名称、生产设施,主要生产设备、设备名称、生产设施,度不高于相应的排放限 值；车间或生产设施排气中 NMHC 初始排放速率 ≥3 kg/h 时 ，建 设 VOCs 处理设 施 且处理效率≥80%；b）厂区,度不高于相应的排放限 值；车间或生产设施排气中 NMHC 初始排放速率 ≥3 kg/h 时 ，建 设 VOCs 处理设 施 且处理效率≥80%；b）厂区,关键词已对应，待人工核验数值与字段归属,,
077_佛山市顺德区康明新材料厂新建项目_01_受理公告或公示版,工艺与产污,工艺流程、生产工艺、产污环节,工艺流程、生产工艺、产污环节,替代，加快涉VOCs重点 行业的生产工艺升级改造，推行自动 化生产工艺，对达不到要求的VOCs收 集及治理设施进行整治提升，逐步淘 汰低效VOCs治理设,替代，加快涉VOCs重点 行业的生产工艺升级改造，推行自动 化生产工艺，对达不到要求的VOCs收 集及治理设施进行整治提升，逐步淘 汰低效VOCs治理设,关键词已对应，待人工核验数值与字段归属,,
077_佛山市顺德区康明新材料厂新建项目_01_受理公告或公示版,源强与定量核算,污染源强、产生量、排放量,污染源强、产生量、排放量,填 报VOCs指标来源说明。其他排放量规 模需要总量替代的，由本级生态环境 主管部门自行确定范围，并按照要求 审核总量指标来源，填写VOCs 总量 指标,填 报VOCs指标来源说明。其他排放量规 模需要总量替代的，由本级生态环境 主管部门自行确定范围，并按照要求 审核总量指标来源，填写VOCs 总量 指标,关键词已对应，待人工核验数值与字段归属,,
077_佛山市顺德区康明新材料厂新建项目_01_受理公告或公示版,废气治理,废气治理、废气收集、活性炭,废气治理、废气收集、活性炭,布工序产生的废气经收集利用一级 活性炭吸附装置处理后通过15m排气筒高空排放，通过废气收集和处 理措施能减少项目挥发性有机物的无组织排放；生活污水预处理,布工序产生的废气经收集利用一级 活性炭吸附装置处理后通过15m排气筒高空排放，通过废气收集和处 理措施能减少项目挥发性有机物的无组织排放；生活污水预处理,关键词已对应，待人工核验数值与字段归属,,
077_佛山市顺德区康明新材料厂新建项目_01_受理公告或公示版,固废与危险废物,危险废物、固体废物、危废暂存,危险废物、固体废物、危废暂存,环境风险防控区域。本项目产生 的危险废物拟定期委托有资质的处置公司进行收集处理，并通过信息 系统登记转移计划和电子转移联单，符合危险废物全过程跟踪管理的,环境风险防控区域。本项目产生 的危险废物拟定期委托有资质的处置公司进行收集处理，并通过信息 系统登记转移计划和电子转移联单，符合危险废物全过程跟踪管理的,关键词已对应，待人工核验数值与字段归属,,
077_佛山市顺德区康明新材料厂新建项目_01_受理公告或公示版,总量与执行标准,总量控制、总量指标、执行标准,总量控制、总量指标、执行标准,清净下水，通过雨水管网排放。项目总量指标由佛山市生态环 境局顺德分局分配，符合污染物排放管控要求。 5 4）环境风险防控要求 项目不属于石化、化工重点园,清净下水，通过雨水管网排放。项目总量指标由佛山市生态环 境局顺德分局分配，符合污染物排放管控要求。 第12页 5 4）环境风险防控要求 项目不属于石化、,关键词已对应，待人工核验数值与字段归属,,
077_佛山市顺德区康明新材料厂新建项目_01_受理公告或公示版,监督检查清单,环境保护措施监督检查清单、监督检查清单,环境保护措施监督检查清单、监督检查清单,.......... 36 五、环境保护措施监督检查清单 ...............................................,.......... 36 五、环境保护措施监督检查清单 ...............................................,关键词已对应，待人工核验数值与字段归属,,
078_佛山市顺德区中润基誉新材料科技有限公司新建项目_01_受理公告或公示版,项目基本情况,建设项目名称、建设地点、总投资,建设项目名称、建设地点、总投资,05 1 一、建设项目基本情况 建设项目名称 佛山市顺德区中润基誉新材料科技有限公司新建项目 项目代码 无 建设单位联系 人 何 联系方式 13 76 ,5页 1 一、建设项目基本情况 建设项目名称 佛山市顺德区中润基誉新材料科技有限公司新建项目 项目代码 无 建设单位联系 人 何 联系方式 13 76 ,关键词已对应，待人工核验数值与字段归属,,
078_佛山市顺德区中润基誉新材料科技有限公司新建项目_01_受理公告或公示版,产品与产量,产品方案、主要产品、产品名称,产品方案、主要产品、产品名称,生产车间西 南侧约 5m2 3、主要产品及产能 表 7 产品方案情况 序号 产品名称 年产量 单位 1 滚边条 150 吨/年 2 封边条 40 吨/年,生产车间西 南侧约 5m2 3、主要产品及产能 表 7 产品方案情况 序号 产品名称 年产量 单位 1 滚边条 150 吨/年 2 封边条 40 吨/年,关键词已对应，待人工核验数值与字段归属,,
078_佛山市顺德区中润基誉新材料科技有限公司新建项目_01_受理公告或公示版,原辅材料,主要原辅材料、原辅材料、原料名称,主要原辅材料、原辅材料、原料名称,性有机物共性工厂。 本项目使用的原辅材料不属于高挥发性化 学品。 符合 8、工业企业禁止选址城镇生活空间，生产空间禁止建设居民住宅等敏 感建筑；园区工业,性有机物共性工厂。 本项目使用的原辅材料不属于高挥发性化 学品。 符合 8、工业企业禁止选址城镇生活空间，生产空间禁止建设居民住宅等敏 感建筑；园区工业,关键词已对应，待人工核验数值与字段归属,,
078_佛山市顺德区中润基誉新材料科技有限公司新建项目_01_受理公告或公示版,生产设备,主要生产设备、设备名称、生产设施,主要生产设备、设备名称、生产设施,挤出、排放恶臭气味的生产 工艺和生产设施。 本项目最近敏感点为杏坛社区卫生服务中 心相距 51 米，项目对周围环境和敏感点的 影响较小。 符合 10、结,挤出、排放恶臭气味的生产 工艺和生产设施。 本项目最近敏感点为杏坛社区卫生服务中 心相距 51 米，项目对周围环境和敏感点的 影响较小。 符合 10、结,关键词已对应，待人工核验数值与字段归属,,
078_佛山市顺德区中润基誉新材料科技有限公司新建项目_01_受理公告或公示版,工艺与产污,工艺流程、生产工艺、产污环节,工艺流程、生产工艺、产污环节,23 年 7 月 1 日起，铸造生产工艺环节和生产设备执行《铸造工业大 气污染物排放标准》（GB39726—2020）表 1 规定的大气污染物排放限 值,23 年 7 月 1 日起，铸造生产工艺环节和生产设备执行《铸造工业大 气污染物排放标准》（GB39726—2020）表 1 规定的大气污染物排放限 值,关键词已对应，待人工核验数值与字段归属,,
078_佛山市顺德区中润基誉新材料科技有限公司新建项目_01_受理公告或公示版,源强与定量核算,产生量、排放量、收集效率,产生量、排放量、收集效率,..... 76 建设项目污染物排放量汇总表 .....................................................,..... 76 建设项目污染物排放量汇总表 .....................................................,关键词已对应，待人工核验数值与字段归属,,
078_佛山市顺德区中润基誉新材料科技有限公司新建项目_01_受理公告或公示版,废气治理,废气治理、废气收集、活性炭,废气治理、废气收集、活性炭,要求，以及 VOCs 无组织排放废气收集处理系统要求执行《挥发性 有机物无组织排放控制标准》（GB37822-2019）要求，厂区内 VOCs 无组织排,要求，以及 VOCs 无组织排放废气收集处理系统要求执行《挥发性 有机物无组织排放控制标准》（GB37822-2019）要求，厂区内 VOCs 无组织排,关键词已对应，待人工核验数值与字段归属,,
078_佛山市顺德区中润基誉新材料科技有限公司新建项目_01_受理公告或公示版,固废与危险废物,危险废物、固体废物、危废暂存,危险废物、固体废物、危废暂存,做减振处理，墙体隔音、距离衰减 固体废物 设置生活垃圾存放点位于办公室内、一般工业固废仓 位于生产车间西南侧约 5m2、危废仓位于生产车间西 南侧约 5,做减振处理，墙体隔音、距离衰减 固体废物 设置生活垃圾存放点位于办公室内、一般工业固废仓 位于生产车间西南侧约 5m2、危废仓位于生产车间西 南侧约 5,关键词已对应，待人工核验数值与字段归属,,
078_佛山市顺德区中润基誉新材料科技有限公司新建项目_01_受理公告或公示版,总量与执行标准,总量控制、总量指标、执行标准,总量控制、总量指标、执行标准,氮氧 化物及挥发性有机物等）实施总量控制；上年度重点河涌水质未达到水 环境质量目标的管控分区所在镇（街道），须组织编制、系统实施、向 社会公开区域重点水,氮氧 化物及挥发性有机物等）实施总量控制；上年度重点河涌水质未达到水 环境质量目标的管控分区所在镇（街道），须组织编制、系统实施、向 社会公开区域重点水,关键词已对应，待人工核验数值与字段归属,,
078_佛山市顺德区中润基誉新材料科技有限公司新建项目_01_受理公告或公示版,监督检查清单,环境保护措施监督检查清单、监督检查清单,环境保护措施监督检查清单、监督检查清单,.......... 42 五、环境保护措施监督检查清单 ...............................................,.......... 42 五、环境保护措施监督检查清单 ...............................................,关键词已对应，待人工核验数值与字段归属,,
079_广东周杨科电器有限公司迁扩建项目_01_受理公告或公示版,项目基本情况,建设地点、总投资、环保投资,建设地点、总投资、环保投资,系方式 13318359609 建设地点 广东省佛山市顺德区勒流街道冲鹤村富安工业区连涌一路 2 号领涛创新园 2 栋 101 之二 地理坐标 （E:1,系方式 13318359609 建设地点 广东省佛山市顺德区勒流街道冲鹤村富安工业区连涌一路 2 号领涛创新园 2 栋 101 之二 地理坐标 （E:1,关键词已对应，待人工核验数值与字段归属,,
079_广东周杨科电器有限公司迁扩建项目_01_受理公告或公示版,产品与产量,产品方案、产品名称、年产,产品方案、产品名称、年产,于佛山市顺德区周杨科电器有限公司年产塑料配件 400 吨新 建项目环境影响报告表的批复》（顺环（杏）审[2017]213 号），并于 2020 年 10,于佛山市顺德区周杨科电器有限公司年产塑料配件 400 吨新 建项目环境影响报告表的批复》（顺环（杏）审[2017]213 号），并于 2020 年 10,关键词已对应，待人工核验数值与字段归属,,
079_广东周杨科电器有限公司迁扩建项目_01_受理公告或公示版,原辅材料,主要原辅材料、原辅材料、原料名称,主要原辅材料、原辅材料、原料名称,，生产过程中不使用高挥发性有机物原辅材料；项目不设锅炉 等供热设施，以电为能源，不使用燃料，不涉及区域布局管控要求中禁止建设的设施或项目。综上分析，本项,，生产过程中不使用高挥发性有机物原辅材料；项目不设锅炉 等供热设施，以电为能源，不使用燃料，不涉及区域布局管控要求中禁止建设的设施或项目。综上分析，本项,关键词已对应，待人工核验数值与字段归属,,
079_广东周杨科电器有限公司迁扩建项目_01_受理公告或公示版,生产设备,主要生产设备、设备名称、生产设施,主要生产设备、设备名称、生产设施,m2 不变 （3）生产设备 项目主要生产设备详见下表。 表 6 项目主要生产设备一览表 序 号 设备名称 数量 单位 用途 规格参数 位置 迁扩建前 迁,m2 不变 （3）生产设备 项目主要生产设备详见下表。 表 6 项目主要生产设备一览表 序 号 设备名称 数量 单位 用途 规格参数 位置 迁扩建前 迁,关键词已对应，待人工核验数值与字段归属,,
079_广东周杨科电器有限公司迁扩建项目_01_受理公告或公示版,工艺与产污,工艺流程、生产工艺、产污环节,工艺流程、生产工艺、产污环节,中禁止和许可事项；项目生产产品、生产工艺和生产设备均不属于《产业结构调整指导 目录（2024 年本）》（国家发展和改革委员会令第 7 号，2024 年 ,中禁止和许可事项；项目生产产品、生产工艺和生产设备均不属于《产业结构调整指导 目录（2024 年本）》（国家发展和改革委员会令第 7 号，2024 年 ,关键词已对应，待人工核验数值与字段归属,,
079_广东周杨科电器有限公司迁扩建项目_01_受理公告或公示版,源强与定量核算,污染源强、产生量、排放量,污染源强、产生量、排放量,...62 附表 建设项目污染物排放量汇总表 附图 1 项目地理位置图 附图 2 项目平面布置示意图 附图 3 项目四至图 附图 4 项目敏感点分布图 ,...62 附表 建设项目污染物排放量汇总表 附图 1 项目地理位置图 附图 2 项目平面布置示意图 附图 3 项目四至图 附图 4 项目敏感点分布图 ,关键词已对应，待人工核验数值与字段归属,,
079_广东周杨科电器有限公司迁扩建项目_01_受理公告或公示版,废气治理,废气治理、废气收集、活性炭,废气治理、废气收集、活性炭,项目注塑有机废气经集气罩收集到“活性炭吸附”装置处理后经排气筒 DA001（47m）排放，有效减少挥发性有 机物的无组织排放量；项目生活污水经三级化粪池,项目注塑有机废气经集气罩收集到“活性炭吸附”装置处理后经排气筒 DA001（47m）排放，有效减少挥发性有 机物的无组织排放量；项目生活污水经三级化粪池,关键词已对应，待人工核验数值与字段归属,,
079_广东周杨科电器有限公司迁扩建项目_01_受理公告或公示版,固废与危险废物,危险废物、固体废物、危废暂存,危险废物、固体废物、危废暂存,污染物排放管控要求。 项目产生的危险废物拟定期委托有相应类型危险废物处理资质的单位进行收集处理，并通过信息系统登记转移计 划和电子转移联单，符合危险废物,污染物排放管控要求。 项目产生的危险废物拟定期委托有相应类型危险废物处理资质的单位进行收集处理，并通过信息系统登记转移计 划和电子转移联单，符合危险废物,关键词已对应，待人工核验数值与字段归属,,
079_广东周杨科电器有限公司迁扩建项目_01_受理公告或公示版,总量与执行标准,总量控制、总量指标、执行标准,总量控制、总量指标、执行标准,尾水应执行《城镇污水处理厂污染物排放标准》 （GB18918-2002）一级 A 标准及《广东省水污染物排放限值》（DB44/26-2001） 的较严值,尾水应执行《城镇污水处理厂污染物排放标准》 （GB18918-2002）一级 A 标准及《广东省水污染物排放限值》（DB44/26-2001） 的较严值,关键词已对应，待人工核验数值与字段归属,,
079_广东周杨科电器有限公司迁扩建项目_01_受理公告或公示版,监督检查清单,环境保护措施监督检查清单、监督检查清单,环境保护措施监督检查清单、监督检查清单,...........35 五、环境保护措施监督检查清单 ...............................................,...........35 五、环境保护措施监督检查清单 ...............................................,关键词已对应，待人工核验数值与字段归属,,
080_佛山市科镁电器科技有限公司新建项目_01_受理公告或公示版,项目基本情况,建设项目名称、建设地点、总投资,建设项目名称、建设地点、总投资,合同 1 一、建设项目基本情况 建设项目名称 佛山市科镁电器科技有限公司新建项目 项目代码 无 建设单位联系人 范海书 联系方式 18718296652,6页 1 一、建设项目基本情况 建设项目名称 佛山市科镁电器科技有限公司新建项目 项目代码 无 建设单位联系人 范海书 联系方式 18718296652,关键词已对应，待人工核验数值与字段归属,,
080_佛山市科镁电器科技有限公司新建项目_01_受理公告或公示版,产品与产量,主要产品、年产,主要产品、年产,间，位于仓库内约 10 ㎡ 2、主要产品及产能 项目主要从事配套果汁机使用的果汁杯的生产，主要产品及产能见表2-2。 表 2-2 产品及产能一览表 序 ,间，位于仓库内约 10 ㎡ 2、主要产品及产能 项目主要从事配套果汁机使用的果汁杯的生产，主要产品及产能见表2-2。 表 2-2 产品及产能一览表 序 ,关键词已对应，待人工核验数值与字段归属,,
080_佛山市科镁电器科技有限公司新建项目_01_受理公告或公示版,原辅材料,主要原辅材料、原辅材料、辅料,主要原辅材料、原辅材料、辅料,新建 生产和使用高VOCs 含量原辅材料项目，鼓励 建设共性工厂、活性炭集中再生中心等挥发性 有机物第三方治理项目，推动挥发性有机物集 中高效处理。优化,新建 生产和使用高VOCs 含量原辅材料项目，鼓励 建设共性工厂、活性炭集中再生中心等挥发性 有机物第三方治理项目，推动挥发性有机物集 中高效处理。优化,关键词已对应，待人工核验数值与字段归属,,
080_佛山市科镁电器科技有限公司新建项目_01_受理公告或公示版,生产设备,生产设施,生产设施,）表3 的排放限值；d） 车间或生产设施排气中NMHC 初始排放 速率≥3 kg/h 时，建设末端治污设施且 处理效率≥80%；e）厂区内无组织排放 监,）表3 的排放限值；d） 车间或生产设施排气中NMHC 初始排放 速率≥3 kg/h 时，建设末端治污设施且 处理效率≥80%；e）厂区内无组织排放 监,关键词已对应，待人工核验数值与字段归属,,
080_佛山市科镁电器科技有限公司新建项目_01_受理公告或公示版,工艺与产污,工艺流程、生产工艺、产污环节,工艺流程、生产工艺、产污环节, 造。加快涉VOCs 重点行业的生产工艺升级改造，推 行自动化生产工艺，逐步淘汰且不再新建低效VOCs 治理设施，鼓励并引导企业合理选择高效治理技术。 , 造。加快涉VOCs 重点行业的生产工艺升级改造，推 行自动化生产工艺，逐步淘汰且不再新建低效VOCs 治理设施，鼓励并引导企业合理选择高效治理技术。 ,关键词已对应，待人工核验数值与字段归属,,
080_佛山市科镁电器科技有限公司新建项目_01_受理公告或公示版,源强与定量核算,污染源强、产生量、排放量,污染源强、产生量、排放量,..... 50 建设项目污染物排放量汇总表 附图 1 项目地理位置图 附图 2 项目周围环境图 附图 3 项目平面布置图（比例 1：150） 附图 4,..... 50 建设项目污染物排放量汇总表 附图 1 项目地理位置图 附图 2 项目周围环境图 附图 3 项目平面布置图（比例 1：150） 附图 4,关键词已对应，待人工核验数值与字段归属,,
080_佛山市科镁电器科技有限公司新建项目_01_受理公告或公示版,废气治理,废气治理、废气收集、活性炭,废气治理、废气收集、活性炭,辅材料项目，鼓励 建设共性工厂、活性炭集中再生中心等挥发性 有机物第三方治理项目，推动挥发性有机物集 中高效处理。优化交通结构，发展多式联运， 推进公路,辅材料项目，鼓励 建设共性工厂、活性炭集中再生中心等挥发性 有机物第三方治理项目，推动挥发性有机物集 中高效处理。优化交通结构，发展多式联运， 推进公路,关键词已对应，待人工核验数值与字段归属,,
080_佛山市科镁电器科技有限公司新建项目_01_受理公告或公示版,固废与危险废物,危险废物、固体废物、危废暂存,危险废物、固体废物、危废暂存,制。开展“无废城市” 建设，推动固体废物源头减量、资源化利用和 安全处置。 项目位于广东省佛 山市顺德区勒流街 道西华村众西路西 华段 1 号东域金园 ,制。开展“无废城市” 建设，推动固体废物源头减量、资源化利用和 安全处置。 项目位于广东省佛 山市顺德区勒流街 道西华村众西路西 华段 1 号东域金园 ,关键词已对应，待人工核验数值与字段归属,,
080_佛山市科镁电器科技有限公司新建项目_01_受理公告或公示版,总量与执行标准,总量控制、总量指标、执行标准,总量控制、总量指标、执行标准,排 放管控要 求 实施重点污染物总量控制，重点污染物排放总 量指标优先向重大发展平台、重点建设项目、 重点工业园区、战略性产业集群倾斜。加快建 立以排污,排 放管控要 求 实施重点污染物总量控制，重点污染物排放总 量指标优先向重大发展平台、重点建设项目、 重点工业园区、战略性产业集群倾斜。加快建 立以排污,关键词已对应，待人工核验数值与字段归属,,
080_佛山市科镁电器科技有限公司新建项目_01_受理公告或公示版,监督检查清单,环境保护措施监督检查清单、监督检查清单,环境保护措施监督检查清单、监督检查清单,.......... 25 五、环境保护措施监督检查清单 ...............................................,.......... 25 五、环境保护措施监督检查清单 ...............................................,关键词已对应，待人工核验数值与字段归属,,
081_佛山市安邵塑胶制品有限公司新建项目_01_受理公告或公示版,项目基本情况,建设地点、总投资、环保投资,建设地点、总投资、环保投资,系方式 18688662845 建设地点 广东省佛山市顺德区勒流街道龙眼村西连路 52 号集龙智造园 14 栋 201 地理坐标 （ 113 度 12 ,系方式 18688662845 建设地点 广东省佛山市顺德区勒流街道龙眼村西连路 52 号集龙智造园 14 栋 201 地理坐标 （ 113 度 12 ,关键词已对应，待人工核验数值与字段归属,,
081_佛山市安邵塑胶制品有限公司新建项目_01_受理公告或公示版,产品与产量,主要产品、产品名称、年产,主要产品、产品名称、年产,交环卫部门及时清运处理 2、项目主要产品及年产量 13 本项目的生产规模情况详见下表： 表 2-2 本项目生产规模及产品示意图一览表 序号 产品名称 单,交环卫部门及时清运处理 2、项目主要产品及年产量 第17页 13 本项目的生产规模情况详见下表： 表 2-2 本项目生产规模及产品示意图一览表 序号 产,关键词已对应，待人工核验数值与字段归属,,
081_佛山市安邵塑胶制品有限公司新建项目_01_受理公告或公示版,原辅材料,主要原辅材料、原辅材料,主要原辅材料、原辅材料,等项目。推广应用低挥发 性有机物原辅材料，严格限制 新建生产和使用高挥发性有机 物原辅材料的项目，鼓励建设 挥发性有机物共性工厂。 项目位于珠三角核心区,等项目。推广应用低挥发 性有机物原辅材料，严格限制 新建生产和使用高挥发性有机 物原辅材料的项目，鼓励建设 挥发性有机物共性工厂。 项目位于珠三角核心区,关键词已对应，待人工核验数值与字段归属,,
081_佛山市安邵塑胶制品有限公司新建项目_01_受理公告或公示版,生产设备,主要生产设备、生产设施,主要生产设备、生产设施,供电 4、主要设备 （1）本项目主要生产设备情况详见下表： 表 2-6 本项目主要生产设备情况 序号 设备 规格参数 数量 单位 设备位置 使用工序 1,供电 4、主要设备 （1）本项目主要生产设备情况详见下表： 表 2-6 本项目主要生产设备情况 序号 设备 规格参数 数量 单位 设备位置 使用工序 1,关键词已对应，待人工核验数值与字段归属,,
081_佛山市安邵塑胶制品有限公司新建项目_01_受理公告或公示版,工艺与产污,工艺流程、生产工艺、产污环节,工艺流程、生产工艺、产污环节,艺 流程 和产 排污 环节 1、生产工艺流程及说明 （1）灯具条生产工艺如下： 图 2-3 灯具条生产流程图 灯具条工艺流程说明： 混料：根据不同产品需,艺 流程 和产 排污 环节 1、生产工艺流程及说明 （1）灯具条生产工艺如下： 图 2-3 灯具条生产流程图 灯具条工艺流程说明： 混料：根据不同产品需,关键词已对应，待人工核验数值与字段归属,,
081_佛山市安邵塑胶制品有限公司新建项目_01_受理公告或公示版,源强与定量核算,污染源强、产生量、排放量,污染源强、产生量、排放量,、 扩建新增氮氧化物、烟（粉）尘排放量 较大的建设项目。 本项目行业类别及代 码为 C2922 塑料板、 管、型材制造、C2929 塑料零件及其他塑料 ,、 扩建新增氮氧化物、烟（粉）尘排放量 较大的建设项目。 本项目行业类别及代 码为 C2922 塑料板、 管、型材制造、C2929 塑料零件及其他塑料 ,关键词已对应，待人工核验数值与字段归属,,
081_佛山市安邵塑胶制品有限公司新建项目_01_受理公告或公示版,废气治理,废气治理、废气收集、活性炭,废气治理、废气收集、活性炭,气罩（四周设置软帘）收集后 通过活性炭吸附处理后高空排放；生活污水经预处理后 排至勒流污水处理厂处理后尾水排至顺德支流；注塑机 的间接冷却水作为清净下水,气罩（四周设置软帘）收集后 通过活性炭吸附处理后高空排放；生活污水经预处理后 排至勒流污水处理厂处理后尾水排至顺德支流；注塑机 的间接冷却水作为清净下水,关键词已对应，待人工核验数值与字段归属,,
081_佛山市安邵塑胶制品有限公司新建项目_01_受理公告或公示版,固废与危险废物,危险废物、固体废物、危废暂存,危险废物、固体废物、危废暂存, 建项目实施减量替代。大力推 进固体废物源头减量化、资源 化利用和无害化处置，稳步推 进“无废城市”试点建设。 项目属于新建项目，生活污水 经三级化粪处, 建项目实施减量替代。大力推 进固体废物源头减量化、资源 化利用和无害化处置，稳步推 进“无废城市”试点建设。 项目属于新建项目，生活污水 经三级化粪处,关键词已对应，待人工核验数值与字段归属,,
081_佛山市安邵塑胶制品有限公司新建项目_01_受理公告或公示版,总量与执行标准,总量控制、总量指标、执行标准,总量控制、总量指标、执行标准,马河、汾江河等重点流 域水污染物排放标准。重点水 污染物未达到环境质量改善目 标的区域内，新建、改建、扩 建项目实施减量替代。大力推 进固体废物源头减量,马河、汾江河等重点流 域水污染物排放标准。重点水 污染物未达到环境质量改善目 标的区域内，新建、改建、扩 建项目实施减量替代。大力推 进固体废物源头减量,关键词已对应，待人工核验数值与字段归属,,
081_佛山市安邵塑胶制品有限公司新建项目_01_受理公告或公示版,监督检查清单,环境保护措施监督检查清单、监督检查清单,环境保护措施监督检查清单、监督检查清单,.......... 31 五、环境保护措施监督检查清单 ...............................................,.......... 31 五、环境保护措施监督检查清单 ...............................................,关键词已对应，待人工核验数值与字段归属,,
082_佛山市优力塑电器有限公司新建项目_01_报批稿或报告表,项目基本情况,建设项目名称、建设地点、总投资,建设项目名称、建设地点、总投资,97 1 一、建设项目基本情况 建设项目名称 佛山市优力塑电器有限公司新建项目 项目代码 无 建设单位联系 人 曾娜 联系方式 13528978360 ,5页 1 一、建设项目基本情况 建设项目名称 佛山市优力塑电器有限公司新建项目 项目代码 无 建设单位联系 人 曾娜 联系方式 13528978360 ,关键词已对应，待人工核验数值与字段归属,,
082_佛山市优力塑电器有限公司新建项目_01_报批稿或报告表,产品与产量,产品方案、年产,产品方案、年产,求编写环境影响评价报告表。 2.产品方案 根据建设单位提供的资料，本项目的产品产量见表 2-1。 表 2-1 产品产能一览表 产品类型 年产量 备注 水,求编写环境影响评价报告表。 2.产品方案 根据建设单位提供的资料，本项目的产品产量见表 2-1。 表 2-1 产品产能一览表 产品类型 年产量 备注 水,关键词已对应，待人工核验数值与字段归属,,
082_佛山市优力塑电器有限公司新建项目_01_报批稿或报告表,原辅材料,主要原辅材料、原辅材料,主要原辅材料、原辅材料,C塑料粒，不属于 高VOCs含量原辅材料。项 目注塑工序产生的非甲烷 总烃收集后经二级活性炭 处理后高空排放。 符合 3.与《挥发性有机物（VOCs）污,C塑料粒，不属于 高VOCs含量原辅材料。项 目注塑工序产生的非甲烷 总烃收集后经二级活性炭 处理后高空排放。 符合 3.与《挥发性有机物（VOCs）污,关键词已对应，待人工核验数值与字段归属,,
082_佛山市优力塑电器有限公司新建项目_01_报批稿或报告表,生产设备,主要生产设备、生产设施、设备一览,主要生产设备、生产设施、设备一览,量 产品规定的除外 本项目车间或生产设施排 气中 NMHC 初始排放速率 小于 3kg/h。 符合 6.与《重点行业挥发性有机物综合治理方案》的通知（环,量 产品规定的除外 本项目车间或生产设施排 气中 NMHC 初始排放速率 小于 3kg/h。 符合 6.与《重点行业挥发性有机物综合治理方案》的通知（环,关键词已对应，待人工核验数值与字段归属,,
082_佛山市优力塑电器有限公司新建项目_01_报批稿或报告表,工艺与产污,工艺流程、生产工艺、产污节点,工艺流程、生产工艺、产污节点,采购清单。鼓励重点行 业企业开展生产工艺和设备 水性化改造，推广使用水性、 高固体分、无溶剂、粉末等低 VOCs 含量涂料。 本项目不涉及高 VOCs ,采购清单。鼓励重点行 业企业开展生产工艺和设备 水性化改造，推广使用水性、 高固体分、无溶剂、粉末等低 VOCs 含量涂料。 本项目不涉及高 VOCs ,关键词已对应，待人工核验数值与字段归属,,
082_佛山市优力塑电器有限公司新建项目_01_报批稿或报告表,源强与定量核算,产生量、排放量、收集效率,产生量、排放量、收集效率,......73 建设项目污染物排放量汇总表 .....................................................,......73 建设项目污染物排放量汇总表 .....................................................,关键词已对应，待人工核验数值与字段归属,,
082_佛山市优力塑电器有限公司新建项目_01_报批稿或报告表,废气治理,废气治理、废气收集、活性炭,废气治理、废气收集、活性炭,程中会产生一定量的有机废气，有机废气治理与 地区的治理政策符合性分析见下表。 表 1-1 项目与有机污染物治理政策的相符性 3 序号 政策要求 工程内容,程中会产生一定量的有机废气，有机废气治理与 地区的治理政策符合性分析见下表。 表 1-1 项目与有机污染物治理政策的相符性 第7页 3 序号 政策要求 ,关键词已对应，待人工核验数值与字段归属,,
082_佛山市优力塑电器有限公司新建项目_01_报批稿或报告表,固废与危险废物,危险废物、固体废物,危险废物、固体废物,扩建项目实施减量替代。大 力推进固体废物源头减量化、资源 化利用和无害化处置，稳步推进 “无废城市”试点建设。 本项目地表水环境能够满足相应 标准要求。,扩建项目实施减量替代。大 力推进固体废物源头减量化、资源 化利用和无害化处置，稳步推进 “无废城市”试点建设。 本项目地表水环境能够满足相应 标准要求。,关键词已对应，待人工核验数值与字段归属,,
082_佛山市优力塑电器有限公司新建项目_01_报批稿或报告表,总量与执行标准,总量控制、总量指标、执行标准,总量控制、总量指标、执行标准, 为 0.610t/a，VOCs总量指标由 顺德区分配划拨。 符合 4 本级生态环境主管部门自行 确定范围，并按照要求审核总 量指标来源，填写VOCs总, 为 0.610t/a，VOCs总量指标由 顺德区分配划拨。 符合 第8页 4 本级生态环境主管部门自行 确定范围，并按照要求审核总 量指标来源，填写V,关键词已对应，待人工核验数值与字段归属,,
082_佛山市优力塑电器有限公司新建项目_01_报批稿或报告表,监督检查清单,环境保护措施监督检查清单、监督检查清单,环境保护措施监督检查清单、监督检查清单,...........29 五、环境保护措施监督检查清单 ...............................................,...........29 五、环境保护措施监督检查清单 ...............................................,关键词已对应，待人工核验数值与字段归属,,
083_佛山市永佳奕科技有限公司扩建项目_01_受理公告或公示版,项目基本情况,建设项目名称、建设地点、总投资,建设项目名称、建设地点、总投资, 1 — 一、建设项目基本情况 建设项目名称 佛山市永佳奕科技有限公司扩建项目 项目代码 无 建设单位联系人 ** 联系方式 ** 建设地点 广东省佛山, 1 — 一、建设项目基本情况 建设项目名称 佛山市永佳奕科技有限公司扩建项目 项目代码 无 建设单位联系人 ** 联系方式 ** 建设地点 广东省佛山,关键词已对应，待人工核验数值与字段归属,,
083_佛山市永佳奕科技有限公司扩建项目_01_受理公告或公示版,产品与产量,年产,年产,023〕7 号），批准生产规模为年产手机壳 500 万个。原项目已于 2023 年 5 月 29 日取得固定污染源排污登记回执（91440606MA7M,023〕7 号），批准生产规模为年产手机壳 500 万个。原项目已于 2023 年 5 月 29 日取得固定污染源排污登记回执（91440606MA7M,关键词已对应，待人工核验数值与字段归属,,
083_佛山市永佳奕科技有限公司扩建项目_01_受理公告或公示版,原辅材料,原辅材料、辅料,原辅材料、辅料,营手机壳生产，生产的产品及使用的原辅材料均不属于《环境保护综 合名录（2021 年版）》中“高污染、高环境风险”产品名录，符合要求。 3、与广东省发展改,营手机壳生产，生产的产品及使用的原辅材料均不属于《环境保护综 合名录（2021 年版）》中“高污染、高环境风险”产品名录，符合要求。 3、与广东省发展改,关键词已对应，待人工核验数值与字段归属,,
083_佛山市永佳奕科技有限公司扩建项目_01_受理公告或公示版,生产设备,生产设施、设备一览,生产设施、设备一览,浓度不高于相应的排放限值；车间或生产设施排 气中 NMHC 初始排放速率≥3 kg/h 时，建设 VOCs 处理设施且处理效率≥80%；b）厂区内无组织,浓度不高于相应的排放限值；车间或生产设施排 气中 NMHC 初始排放速率≥3 kg/h 时，建设 VOCs 处理设施且处理效率≥80%；b）厂区内无组织,关键词已对应，待人工核验数值与字段归属,,
083_佛山市永佳奕科技有限公司扩建项目_01_受理公告或公示版,工艺与产污,工艺流程、生产工艺、产污环节,工艺流程、生产工艺、产污环节,采购清单。鼓励重点行业企业 开展生产工艺和设备水性化改造，推广使用水性、 高固体分、无溶剂、粉末等低 VOCs 含量涂料。 严格落实《挥发性有机物无组织,采购清单。鼓励重点行业企业 开展生产工艺和设备水性化改造，推广使用水性、 高固体分、无溶剂、粉末等低 VOCs 含量涂料。 严格落实《挥发性有机物无组织,关键词已对应，待人工核验数值与字段归属,,
083_佛山市永佳奕科技有限公司扩建项目_01_受理公告或公示版,源强与定量核算,产生量、排放量、收集效率,产生量、排放量、收集效率,..... 54 建设项目污染物排放量汇总表 .....................................................,..... 54 建设项目污染物排放量汇总表 .....................................................,关键词已对应，待人工核验数值与字段归属,,
083_佛山市永佳奕科技有限公司扩建项目_01_受理公告或公示版,废气治理,废气治理、废气收集、活性炭,废气治理、废气收集、活性炭,机废 气。 符 合 1.3 提高废气收集率，遵循“应收尽收、分质收集”的 原则，科学设计废气收集系统，将无组织排放转 变为有组织排放进行控制。采用全密闭,机废 气。 符 合 1.3 提高废气收集率，遵循“应收尽收、分质收集”的 原则，科学设计废气收集系统，将无组织排放转 变为有组织排放进行控制。采用全密闭,关键词已对应，待人工核验数值与字段归属,,
083_佛山市永佳奕科技有限公司扩建项目_01_受理公告或公示版,固废与危险废物,危险废物、固体废物、危废暂存,危险废物、固体废物、危废暂存,处理方式资质佐证材料。 项目建立危险废物台 账，定期将废机油、废 活性炭等危险废物交给 有资质的单位处理，整 理危废处理合同、转移 联单等资料。 符 合,处理方式资质佐证材料。 项目建立危险废物台 账，定期将废机油、废 活性炭等危险废物交给 有资质的单位处理，整 理危废处理合同、转移 联单等资料。 符 合,关键词已对应，待人工核验数值与字段归属,,
083_佛山市永佳奕科技有限公司扩建项目_01_受理公告或公示版,总量与执行标准,总量控制、总量指标、执行标准,总量控制、总量指标、执行标准,26-2001） 第一类污染物的排放标准后纳入园区污水管 道送工业园污水处理厂处理。本园区应按照 《报告书》拟定的入园企业类别引进企业项 目，并应避免引,26-2001） 第一类污染物的排放标准后纳入园区污水管 道送工业园污水处理厂处理。本园区应按照 《报告书》拟定的入园企业类别引进企业项 目，并应避免引,关键词已对应，待人工核验数值与字段归属,,
083_佛山市永佳奕科技有限公司扩建项目_01_受理公告或公示版,监督检查清单,环境保护措施监督检查清单、监督检查清单,环境保护措施监督检查清单、监督检查清单,.......... 32 五、环境保护措施监督检查清单 ...............................................,.......... 32 五、环境保护措施监督检查清单 ...............................................,关键词已对应，待人工核验数值与字段归属,,
084_佛山市凌锴源模具科技有限公司迁扩建项目_01_受理公告或公示版,项目基本情况,建设地点、总投资、环保投资,建设地点、总投资、环保投资,系方式 18*******37 建设地点 佛山市顺德区大良街道新滘社区华业路 13 号之三 地理坐标 厂区中心地理坐标：东经 113.219052°，北,系方式 18*******37 建设地点 佛山市顺德区大良街道新滘社区华业路 13 号之三 地理坐标 厂区中心地理坐标：东经 113.219052°，北,关键词已对应，待人工核验数值与字段归属,,
084_佛山市凌锴源模具科技有限公司迁扩建项目_01_受理公告或公示版,产品与产量,产品方案、年产,产品方案、年产,二）产品及产量 本项目迁扩建前后产品方案、生产规模以及设备规模详见下表。 表 2-2 项目迁扩建前后产品及产量一览表 序 号 名称 单位 迁扩建 前产量,二）产品及产量 本项目迁扩建前后产品方案、生产规模以及设备规模详见下表。 表 2-2 项目迁扩建前后产品及产量一览表 序 号 名称 单位 迁扩建 前产量,关键词已对应，待人工核验数值与字段归属,,
084_佛山市凌锴源模具科技有限公司迁扩建项目_01_受理公告或公示版,原辅材料,主要原辅材料、原辅材料、辅料,主要原辅材料、原辅材料、辅料,造，生产 过程不涉及使用高挥发性原辅材料，不属于新建生产和使用高挥发性有 4 机物原辅材料的项目，符合区域布局管控要求。 2）项目所属行业不属于高能耗行,造，生产 过程不涉及使用高挥发性原辅材料，不属于新建生产和使用高挥发性有 第8页 4 机物原辅材料的项目，符合区域布局管控要求。 2）项目所属行业不属于,关键词已对应，待人工核验数值与字段归属,,
084_佛山市凌锴源模具科技有限公司迁扩建项目_01_受理公告或公示版,生产设备,主要生产设备、生产设施,主要生产设备、生产设施,度不高于相应的排放限 值；车间或生产设施排气中 NMHC 初始 排放速率≥3kg/h 时，建设 VOCs 处理设施 且处理效率≥ 80%；b）厂区内无组,度不高于相应的排放限 值；车间或生产设施排气中 NMHC 初始 排放速率≥3kg/h 时，建设 VOCs 处理设施 且处理效率≥ 80%；b）厂区内无组,关键词已对应，待人工核验数值与字段归属,,
084_佛山市凌锴源模具科技有限公司迁扩建项目_01_受理公告或公示版,工艺与产污,工艺流程、生产工艺、产污环节,工艺流程、生产工艺、产污环节,，加快涉 VOCs 重点行业的 生产工艺 升级改造，推行自动化生产工艺，对达不到要求 的 VOCs 收集及治理设施进行整治提升，逐步淘 汰低效 VOCs,，加快涉 VOCs 重点行业的 生产工艺 升级改造，推行自动化生产工艺，对达不到要求 的 VOCs 收集及治理设施进行整治提升，逐步淘 汰低效 VOCs,关键词已对应，待人工核验数值与字段归属,,
084_佛山市凌锴源模具科技有限公司迁扩建项目_01_受理公告或公示版,源强与定量核算,污染源强、产生量、排放量,污染源强、产生量、排放量,....65 附表建设项目污染物排放量汇总表 .....................................................,....65 附表建设项目污染物排放量汇总表 .....................................................,关键词已对应，待人工核验数值与字段归属,,
084_佛山市凌锴源模具科技有限公司迁扩建项目_01_受理公告或公示版,废气治理,废气治理、废气收集、活性炭,废气治理、废气收集、活性炭,..... 75 附图 9 项目废气收集设施 .....................................................,..... 75 附图 9 项目废气收集设施 .....................................................,关键词已对应，待人工核验数值与字段归属,,
084_佛山市凌锴源模具科技有限公司迁扩建项目_01_受理公告或公示版,固废与危险废物,危险废物、固体废物、危废暂存,危险废物、固体废物、危废暂存,区环境风险防控区域。项 目产生的危险废物拟定期委托有资质的处置公司进行收集处理，并通过 信息系统登记转移计划和电子转移联单，符合危险废物全过程跟踪管理 ,区环境风险防控区域。项 目产生的危险废物拟定期委托有资质的处置公司进行收集处理，并通过 信息系统登记转移计划和电子转移联单，符合危险废物全过程跟踪管理 ,关键词已对应，待人工核验数值与字段归属,,
084_佛山市凌锴源模具科技有限公司迁扩建项目_01_受理公告或公示版,总量与执行标准,总量控制、总量指标、执行标准,总量控制、总量指标、执行标准,水应执行《城 镇污水处理厂污染物排放标准》（GB 18918-2002）一级 A 标准及《广东省水污染物排 放限值》（DB44/26-2001）的较严值,水应执行《城 镇污水处理厂污染物排放标准》（GB 18918-2002）一级 A 标准及《广东省水污染物排 放限值》（DB44/26-2001）的较严值,关键词已对应，待人工核验数值与字段归属,,
084_佛山市凌锴源模具科技有限公司迁扩建项目_01_受理公告或公示版,监督检查清单,环境保护措施监督检查清单、监督检查清单,环境保护措施监督检查清单、监督检查清单,.......... 37 五、环境保护措施监督检查清单 ...............................................,.......... 37 五、环境保护措施监督检查清单 ...............................................,关键词已对应，待人工核验数值与字段归属,,
085_佛山市集北龙华海绵制造股份有限公司搬迁扩建项目_01_受理公告或公示版,项目基本情况,建设地点、总投资、环保投资,建设地点、总投资、环保投资,系方式 13********8 建设地点 广东省佛山市顺德区龙江镇三联工业区 SD-G-02-04-01-06 之二地块 地理坐标 （ 22 度 51 ,系方式 13********8 建设地点 广东省佛山市顺德区龙江镇三联工业区 SD-G-02-04-01-06 之二地块 地理坐标 （ 22 度 51 ,关键词已对应，待人工核验数值与字段归属,,
085_佛山市集北龙华海绵制造股份有限公司搬迁扩建项目_01_受理公告或公示版,产品与产量,主要产品、产品名称、年产,主要产品、产品名称、年产,海绵和箱式海绵的生产制造和经营，主要产品及产 能见表 2-2。 表 2-2 搬迁前后产品及产能一览表 序号 产品名称 单位 搬迁前 搬迁后 增减情 况 ,海绵和箱式海绵的生产制造和经营，主要产品及产 能见表 2-2。 表 2-2 搬迁前后产品及产能一览表 序号 产品名称 单位 搬迁前 搬迁后 增减情 况 ,关键词已对应，待人工核验数值与字段归属,,
085_佛山市集北龙华海绵制造股份有限公司搬迁扩建项目_01_受理公告或公示版,原辅材料,主要原辅材料、原辅材料,主要原辅材料、原辅材料,号） 大力推进低 VOCs 含量原辅材料 源头替代，严格落实国家和地方 产品 VOCs 含量限值质量标准， 禁止建设生产和使用高 VOCs 含 量的溶剂,号） 大力推进低 VOCs 含量原辅材料 源头替代，严格落实国家和地方 产品 VOCs 含量限值质量标准， 禁止建设生产和使用高 VOCs 含 量的溶剂,关键词已对应，待人工核验数值与字段归属,,
085_佛山市集北龙华海绵制造股份有限公司搬迁扩建项目_01_受理公告或公示版,生产设备,主要生产设备、设备名称、生产设施,主要生产设备、设备名称、生产设施,....... 85 附件 7 主要生产设备及产品照片 ................................................,....... 85 附件 7 主要生产设备及产品照片 ................................................,关键词已对应，待人工核验数值与字段归属,,
085_佛山市集北龙华海绵制造股份有限公司搬迁扩建项目_01_受理公告或公示版,工艺与产污,工艺流程、生产工艺、产污环节,工艺流程、生产工艺、产污环节,....... 124 3.1 工艺流程 .......................................................,....... 124 3.1 工艺流程 .......................................................,关键词已对应，待人工核验数值与字段归属,,
085_佛山市集北龙华海绵制造股份有限公司搬迁扩建项目_01_受理公告或公示版,源强与定量核算,污染源强、产生量、排放量,污染源强、产生量、排放量,......124 3.2 废气污染源强 .......................................................,......124 3.2 废气污染源强 .......................................................,关键词已对应，待人工核验数值与字段归属,,
085_佛山市集北龙华海绵制造股份有限公司搬迁扩建项目_01_受理公告或公示版,废气治理,废气治理、废气收集、活性炭,废气治理、废气收集、活性炭,有机废气经“水喷淋+干式过滤+ 活性炭吸附”处理后排放，最大 程度降低废气排放。 环境 风险 防控 4-1.【水/综合类】加强单元内佛山市顺德藤溪 水厂,有机废气经“水喷淋+干式过滤+ 活性炭吸附”处理后排放，最大 程度降低废气排放。 环境 风险 防控 4-1.【水/综合类】加强单元内佛山市顺德藤溪 水厂,关键词已对应，待人工核验数值与字段归属,,
085_佛山市集北龙华海绵制造股份有限公司搬迁扩建项目_01_受理公告或公示版,固废与危险废物,危险废物、固体废物、危废暂存,危险废物、固体废物、危废暂存,。包含办公室、生产车间、仓 库、危险废物暂存间等。 搬迁前后，项目工程组成见表 2-1。 表 2-1 项目工程组成 工程类型 工程内容 用途 搬迁前 搬,。包含办公室、生产车间、仓 库、危险废物暂存间等。 搬迁前后，项目工程组成见表 2-1。 表 2-1 项目工程组成 工程类型 工程内容 用途 搬迁前 搬,关键词已对应，待人工核验数值与字段归属,,
085_佛山市集北龙华海绵制造股份有限公司搬迁扩建项目_01_受理公告或公示版,总量与执行标准,总量控制、总量指标、执行标准,总量控制、总量指标、执行标准,02 1.3 大气环境功能区划及执行标准 .......................................................,02 1.3 大气环境功能区划及执行标准 .......................................................,关键词已对应，待人工核验数值与字段归属,,
085_佛山市集北龙华海绵制造股份有限公司搬迁扩建项目_01_受理公告或公示版,监督检查清单,环境保护措施监督检查清单、监督检查清单,环境保护措施监督检查清单、监督检查清单,.......... 45 五、环境保护措施监督检查清单 ...............................................,.......... 45 五、环境保护措施监督检查清单 ...............................................,关键词已对应，待人工核验数值与字段归属,,
086_佛山市新得雅科技有限责任公司新建项目_01_受理公告或公示版,项目基本情况,建设项目名称、建设地点、总投资,建设项目名称、建设地点、总投资, （3）法人代表：覃** （4）建设地点：佛山市顺德区容桂街道华口社区昌宝东路三横路 3 号 801 和 901， 项目所在地中心位置：E112°19′, （3）法人代表：覃** （4）建设地点：佛山市顺德区容桂街道华口社区昌宝东路三横路 3 号 801 和 901， 项目所在地中心位置：E112°19′,关键词已对应，待人工核验数值与字段归属,,
086_佛山市新得雅科技有限责任公司新建项目_01_受理公告或公示版,产品与产量,产品方案、主要产品、产品名称,产品方案、主要产品、产品名称,艺主要包括注塑、喷漆、真空镀膜，主要产品为家电塑料配件， 产品材质主要为 ABS 塑料和 PP 塑料，生产工艺较为简单，主要污染源为注塑和喷漆工 序产生,艺主要包括注塑、喷漆、真空镀膜，主要产品为家电塑料配件， 产品材质主要为 ABS 塑料和 PP 塑料，生产工艺较为简单，主要污染源为注塑和喷漆工 序产生,关键词已对应，待人工核验数值与字段归属,,
086_佛山市新得雅科技有限责任公司新建项目_01_受理公告或公示版,原辅材料,主要原辅材料、原辅材料、辅料,主要原辅材料、原辅材料、辅料,应加盖、封口，保持密闭。 本项目原辅材料用密闭包装 袋、桶储存，均存放于室内， 在非取用状态时均封口密闭。 符合 2.2 转移和输送：①液态 VOCs ,应加盖、封口，保持密闭。 本项目原辅材料用密闭包装 袋、桶储存，均存放于室内， 在非取用状态时均封口密闭。 符合 2.2 转移和输送：①液态 VOCs ,关键词已对应，待人工核验数值与字段归属,,
086_佛山市新得雅科技有限责任公司新建项目_01_受理公告或公示版,生产设备,主要生产设备、设备名称、设备一览,主要生产设备、设备名称、设备一览,境影响报告书 85 2.1.5 主要生产设备 项目主要生产设备情况见表 2.1-12。 表 2.1-12 项目主要生产设备一览表 序 号 设备名称 数量,境影响报告书 85 2.1.5 主要生产设备 项目主要生产设备情况见表 2.1-12。 表 2.1-12 项目主要生产设备一览表 序 号 设备名称 数量,关键词已对应，待人工核验数值与字段归属,,
086_佛山市新得雅科技有限责任公司新建项目_01_受理公告或公示版,工艺与产污,工艺流程、生产工艺、产污环节,工艺流程、生产工艺、产污环节,企 业提供塑料配件加工服务，主要生产工艺主要包括：注塑、喷涂、真空镀膜等，预计年 产各类塑料配件 4950 万件。 根据《中华人民共和国环境保护法》（2,企 业提供塑料配件加工服务，主要生产工艺主要包括：注塑、喷涂、真空镀膜等，预计年 产各类塑料配件 4950 万件。 根据《中华人民共和国环境保护法》（2,关键词已对应，待人工核验数值与字段归属,,
086_佛山市新得雅科技有限责任公司新建项目_01_受理公告或公示版,源强与定量核算,污染源强、产生量、排放量,污染源强、产生量、排放量,评价等级按照影响类型、排放方式、排放量或影响情况、受纳水体环境质量 佛山市新得雅科技有限责任公司新建项目环境影响报告书 50 现状、水环境保护目标等综合,评价等级按照影响类型、排放方式、排放量或影响情况、受纳水体环境质量 第55页 佛山市新得雅科技有限责任公司新建项目环境影响报告书 50 现状、水环境保护,关键词已对应，待人工核验数值与字段归属,,
086_佛山市新得雅科技有限责任公司新建项目_01_受理公告或公示版,废气治理,废气治理、废气收集、活性炭,废气治理、废气收集、活性炭,燥等VOCs排放工序应配备有效的废气收集 系。 项目使用的涂料、洗枪水等原 辅材料均密闭存储于化学品仓 库，使用前在供漆房内集中密 闭输送使用。清洗枪头,燥等VOCs排放工序应配备有效的废气收集 系。 项目使用的涂料、洗枪水等原 辅材料均密闭存储于化学品仓 库，使用前在供漆房内集中密 闭输送使用。清洗枪头,关键词已对应，待人工核验数值与字段归属,,
086_佛山市新得雅科技有限责任公司新建项目_01_受理公告或公示版,固废与危险废物,危险废物、固体废物、危废暂存,危险废物、固体废物、危废暂存,....... 184 4.5 固体废物环境影响分析与评价 ..............................................,....... 184 4.5 固体废物环境影响分析与评价 ..............................................,关键词已对应，待人工核验数值与字段归属,,
086_佛山市新得雅科技有限责任公司新建项目_01_受理公告或公示版,总量与执行标准,总量控制、总量指标、执行标准,总量控制、总量指标、执行标准,.....223 6.8 污染物总量控制分析 .....................................................,.....223 6.8 污染物总量控制分析 .....................................................,关键词已对应，待人工核验数值与字段归属,,
086_佛山市新得雅科技有限责任公司新建项目_01_受理公告或公示版,监督检查清单,,,,,原文未自动定位，待人工确认,,
087_佛山市丰友享家具配件实业有限公司迁扩建项目_01_受理公告或公示版,项目基本情况,建设项目名称、建设地点、总投资,建设项目名称、建设地点、总投资, 1 — 一、建设项目基本情况 建设项目名称 佛山市丰友享家具配件实业有限公司迁扩建项目 项目代码 无 建设单位联系人 联系方式 建设地点 广东省佛山市, 1 — 一、建设项目基本情况 建设项目名称 佛山市丰友享家具配件实业有限公司迁扩建项目 项目代码 无 建设单位联系人 联系方式 建设地点 广东省佛山市,关键词已对应，待人工核验数值与字段归属,,
087_佛山市丰友享家具配件实业有限公司迁扩建项目_01_受理公告或公示版,产品与产量,产品方案、主要产品、产品名称,产品方案、主要产品、产品名称,迁扩建后项目的主要生产原辅材料和产品方案详见下表 2-2 和表 2-3； 表 2-2 迁扩建后主要原辅材料及其用量 类别 名称 迁扩建前 年用量 迁扩建,迁扩建后项目的主要生产原辅材料和产品方案详见下表 2-2 和表 2-3； 表 2-2 迁扩建后主要原辅材料及其用量 类别 名称 迁扩建前 年用量 迁扩建,关键词已对应，待人工核验数值与字段归属,,
087_佛山市丰友享家具配件实业有限公司迁扩建项目_01_受理公告或公示版,原辅材料,主要原辅材料、原辅材料,主要原辅材料、原辅材料,等项目。推广应用低 挥发性有机物原辅材料，严 格限制新建生产和使用高 挥发性有机物原辅材料的 项目，鼓励建设挥发性有机 物共性工厂 项目不属于水泥、平板,等项目。推广应用低 挥发性有机物原辅材料，严 格限制新建生产和使用高 挥发性有机物原辅材料的 项目，鼓励建设挥发性有机 物共性工厂 项目不属于水泥、平板,关键词已对应，待人工核验数值与字段归属,,
087_佛山市丰友享家具配件实业有限公司迁扩建项目_01_受理公告或公示版,生产设备,主要生产设备、设备名称、生产设施,主要生产设备、设备名称、生产设施,7 排 放 水 平 (1）车间或生产设施排气中 NMHC初始排放速率≥3kg/h 时，建设末端治污设施且处理 效率≥80%(2）厂区内无组织 排放监控点,7 排 放 水 平 (1）车间或生产设施排气中 NMHC初始排放速率≥3kg/h 时，建设末端治污设施且处理 效率≥80%(2）厂区内无组织 排放监控点,关键词已对应，待人工核验数值与字段归属,,
087_佛山市丰友享家具配件实业有限公司迁扩建项目_01_受理公告或公示版,工艺与产污,工艺流程、生产工艺、产污环节,工艺流程、生产工艺、产污环节,环境风险”产品。 项目生产产品、生产工艺和生产设备均不属于《产业结构调整指导目录（2024 年本）》中的限制或禁止类别，也不属于国家发展改革委商务部《关,环境风险”产品。 项目生产产品、生产工艺和生产设备均不属于《产业结构调整指导目录（2024 年本）》中的限制或禁止类别，也不属于国家发展改革委商务部《关,关键词已对应，待人工核验数值与字段归属,,
087_佛山市丰友享家具配件实业有限公司迁扩建项目_01_受理公告或公示版,源强与定量核算,污染源强、产生量、排放量,污染源强、产生量、排放量,......67 建设项目污染物排放量汇总表 .....................................................,......67 建设项目污染物排放量汇总表 .....................................................,关键词已对应，待人工核验数值与字段归属,,
087_佛山市丰友享家具配件实业有限公司迁扩建项目_01_受理公告或公示版,废气治理,废气治理、废气收集、活性炭,废气治理、废气收集、活性炭, 有机废气经集气罩收 集，通过“活性炭吸附” 装置处理后引至 15m 排气筒 DA001 高空排 放，可有效减少废气排 放。 符 合 2、《广东省大气污, 有机废气经集气罩收 集，通过“活性炭吸附” 装置处理后引至 15m 排气筒 DA001 高空排 放，可有效减少废气排 放。 符 合 2、《广东省大气污,关键词已对应，待人工核验数值与字段归属,,
087_佛山市丰友享家具配件实业有限公司迁扩建项目_01_受理公告或公示版,固废与危险废物,危险废物、固体废物,危险废物、固体废物,扩建项目实施减 量替代。大力推进固体废物 源头减量化、资源化利用和 无害化处置，稳步推进“无 废城市”试点建设。 项目经营过程产生的固体 废弃物分类收集,扩建项目实施减 量替代。大力推进固体废物 源头减量化、资源化利用和 无害化处置，稳步推进“无 废城市”试点建设。 项目经营过程产生的固体 废弃物分类收集,关键词已对应，待人工核验数值与字段归属,,
087_佛山市丰友享家具配件实业有限公司迁扩建项目_01_受理公告或公示版,总量与执行标准,总量控制、总量指标、执行标准,总量控制、总量指标、执行标准,5 年）的通知》要求： 1、坚持总量控制，加快消化存量，有效遏制增量。推动“交地即开工”。 对于规划建设条件明确的工业项目，同步编制建设工程设计方案、施,5 年）的通知》要求： 1、坚持总量控制，加快消化存量，有效遏制增量。推动“交地即开工”。 对于规划建设条件明确的工业项目，同步编制建设工程设计方案、施,关键词已对应，待人工核验数值与字段归属,,
087_佛山市丰友享家具配件实业有限公司迁扩建项目_01_受理公告或公示版,监督检查清单,环境保护措施监督检查清单、监督检查清单,环境保护措施监督检查清单、监督检查清单,.......... 34 五、环境保护措施监督检查清单 ...............................................,.......... 34 五、环境保护措施监督检查清单 ...............................................,关键词已对应，待人工核验数值与字段归属,,
088_佛山市京耘科技有限公司新建项目_01_受理公告或公示版,项目基本情况,建设项目名称、建设地点、总投资,建设项目名称、建设地点、总投资,91 1 一、建设项目基本情况 建设项目名称 佛山市京耘科技有限公司新建项目 项目代码 无 建设单位联系人 周** 联系方式 13*******48 建,7页 1 一、建设项目基本情况 建设项目名称 佛山市京耘科技有限公司新建项目 项目代码 无 建设单位联系人 周** 联系方式 13*******48 建,关键词已对应，待人工核验数值与字段归属,,
088_佛山市京耘科技有限公司新建项目_01_受理公告或公示版,产品与产量,产品方案、产品名称、年产,产品方案、产品名称、年产,。 项目从事塑料手机壳制造生产，年产塑料手机壳 274.909 吨。 根据《中华人民共和国环境保护法》、《中华人民共和国环境影响评价法》等 有关要求，对,。 项目从事塑料手机壳制造生产，年产塑料手机壳 274.909 吨。 根据《中华人民共和国环境保护法》、《中华人民共和国环境影响评价法》等 有关要求，对,关键词已对应，待人工核验数值与字段归属,,
088_佛山市京耘科技有限公司新建项目_01_受理公告或公示版,原辅材料,主要原辅材料、原辅材料、原料名称,主要原辅材料、原辅材料、原料名称,等项目。推广 应用低挥发性有机物原辅材料，严 格限制新建生产和使用高挥发性有 机物原辅材料的项目，鼓励建设挥 发性有机物共性工厂。 本项目行业类别为塑料,等项目。推广 应用低挥发性有机物原辅材料，严 格限制新建生产和使用高挥发性有 机物原辅材料的项目，鼓励建设挥 发性有机物共性工厂。 本项目行业类别为塑料,关键词已对应，待人工核验数值与字段归属,,
088_佛山市京耘科技有限公司新建项目_01_受理公告或公示版,生产设备,主要生产设备、设备名称、生产设施,主要生产设备、设备名称、生产设施,HJ 169-2018）。 5、主要生产设备 根据建设单位提供的资料，项目主要生产设备见表 2-5。 表 2-5 项目主要生产设备一览表 序号 设备名称,HJ 169-2018）。 5、主要生产设备 根据建设单位提供的资料，项目主要生产设备见表 2-5。 表 2-5 项目主要生产设备一览表 序号 设备名称,关键词已对应，待人工核验数值与字段归属,,
088_佛山市京耘科技有限公司新建项目_01_受理公告或公示版,工艺与产污,工艺流程、生产工艺、产污环节,工艺流程、生产工艺、产污环节,，加快涉 VOCs 重点 行业的生产工艺升级改造，推行自动化 生产工艺，对达不到要求的 VOCs 收集 及治理设施进行整治提升，逐步淘汰低 效 VOCs,，加快涉 VOCs 重点 行业的生产工艺升级改造，推行自动化 生产工艺，对达不到要求的 VOCs 收集 及治理设施进行整治提升，逐步淘汰低 效 VOCs,关键词已对应，待人工核验数值与字段归属,,
088_佛山市京耘科技有限公司新建项目_01_受理公告或公示版,源强与定量核算,产生量、排放量、收集效率,产生量、排放量、收集效率,建项目和现有企业 VOCs 基准排放量计算参考《广东省重点行业挥发性 ①本项目已申请总量指标； ②本项目已采用合适的有 机废气核算方法。 是 13 有机,建项目和现有企业 VOCs 基准排放量计算参考《广东省重点行业挥发性 ①本项目已申请总量指标； ②本项目已采用合适的有 机废气核算方法。 是 第19页 ,关键词已对应，待人工核验数值与字段归属,,
088_佛山市京耘科技有限公司新建项目_01_受理公告或公示版,废气治理,废气治理、废气收集、活性炭,废气治理、废气收集、活性炭,塑产生的有机废气经收集后 通过“活性炭吸附装置”处理后 由50m高排气筒（DA001）排放， 本项目运营期将严格按照活性 炭吸附装置维护制度，落实活 性,塑产生的有机废气经收集后 通过“活性炭吸附装置”处理后 由50m高排气筒（DA001）排放， 本项目运营期将严格按照活性 炭吸附装置维护制度，落实活 性,关键词已对应，待人工核验数值与字段归属,,
088_佛山市京耘科技有限公司新建项目_01_受理公告或公示版,固废与危险废物,危险废物、固体废物、危废暂存,危险废物、固体废物、危废暂存,理；健全危险废 物收集体系，推进危险废物利用处 置能力结构优化。 项目所在地位于广东省佛 山市顺德区大良街道五沙 社区顺昌路 21 号悦腾智 能制造中心,理；健全危险废 物收集体系，推进危险废物利用处 置能力结构优化。 项目所在地位于广东省佛 山市顺德区大良街道五沙 社区顺昌路 21 号悦腾智 能制造中心,关键词已对应，待人工核验数值与字段归属,,
088_佛山市京耘科技有限公司新建项目_01_受理公告或公示版,总量与执行标准,总量控制、总量指标、执行标准,总量控制、总量指标、执行标准,26-2001） 第一类污染物的排放标准后纳入 园区污水管道送工业园污水处理 厂处理。本园区应按照《报告书》 拟定的入园企业类别引进企业项 目，并应避免,26-2001） 第一类污染物的排放标准后纳入 园区污水管道送工业园污水处理 厂处理。本园区应按照《报告书》 拟定的入园企业类别引进企业项 目，并应避免,关键词已对应，待人工核验数值与字段归属,,
088_佛山市京耘科技有限公司新建项目_01_受理公告或公示版,监督检查清单,环境保护措施监督检查清单、监督检查清单,环境保护措施监督检查清单、监督检查清单,.......... 30 五、环境保护措施监督检查清单 ...............................................,.......... 30 五、环境保护措施监督检查清单 ...............................................,关键词已对应，待人工核验数值与字段归属,,
089_高晖（佛山）新材料科技有限公司新建项目_01_受理公告或公示版,项目基本情况,建设项目名称、建设地点、总投资,建设项目名称、建设地点、总投资, 1 — 一、建设项目基本情况 建设项目名称 高晖（佛山）新材料科技有限公司新建项目 项目代码 无 建设单位联系人 高** 联系方式 13*******, 1 — 一、建设项目基本情况 建设项目名称 高晖（佛山）新材料科技有限公司新建项目 项目代码 无 建设单位联系人 高** 联系方式 13*******,关键词已对应，待人工核验数值与字段归属,,
089_高晖（佛山）新材料科技有限公司新建项目_01_受理公告或公示版,产品与产量,产品方案、产品名称、年产,产品方案、产品名称、年产,要从事塑料制品制作，预计投产后 年产塑料托盘 230 吨。 本项目为塑料制品业，主要进行塑料托盘的工艺，对照《国民经济行业分 类》（GB/T4754-2,要从事塑料制品制作，预计投产后 年产塑料托盘 230 吨。 本项目为塑料制品业，主要进行塑料托盘的工艺，对照《国民经济行业分 类》（GB/T4754-2,关键词已对应，待人工核验数值与字段归属,,
089_高晖（佛山）新材料科技有限公司新建项目_01_受理公告或公示版,原辅材料,主要原辅材料、原辅材料、原料名称,主要原辅材料、原辅材料、原料名称,洗 剂、胶黏剂等高挥发性有机 物原辅材料项目，鼓励现有 该类项目搬迁退出。 1-4.【大气/鼓励引导类】大 气环境高排放重点管控区 内，应强化达标监管，,洗 剂、胶黏剂等高挥发性有机 物原辅材料项目，鼓励现有 该类项目搬迁退出。 1-4.【大气/鼓励引导类】大 气环境高排放重点管控区 内，应强化达标监管，,关键词已对应，待人工核验数值与字段归属,,
089_高晖（佛山）新材料科技有限公司新建项目_01_受理公告或公示版,生产设备,主要生产设备、生产设施,主要生产设备、生产设施,度不高于相应 的排放限值；车间或生产设施排气 中 NMHC 初始排放速率≥3kg/h 时， 建设 VOCs 处理设施且处理效率 ≥80%；b）厂区内无组,度不高于相应 的排放限值；车间或生产设施排气 中 NMHC 初始排放速率≥3kg/h 时， 建设 VOCs 处理设施且处理效率 ≥80%；b）厂区内无组,关键词已对应，待人工核验数值与字段归属,,
089_高晖（佛山）新材料科技有限公司新建项目_01_受理公告或公示版,工艺与产污,工艺流程、生产工艺、产污环节,工艺流程、生产工艺、产污环节,，加快涉 VOCs 重点行业 的生产工艺升级改造，推行 自动化生产工艺，对达不到 要求的 VOCs 收集及治理设 施进行整治提升，逐步淘汰 低效 VOC,，加快涉 VOCs 重点行业 的生产工艺升级改造，推行 自动化生产工艺，对达不到 要求的 VOCs 收集及治理设 施进行整治提升，逐步淘汰 低效 VOC,关键词已对应，待人工核验数值与字段归属,,
089_高晖（佛山）新材料科技有限公司新建项目_01_受理公告或公示版,源强与定量核算,污染源强、产生量、排放量,污染源强、产生量、排放量,......66 建设项目污染物排放量汇总表 .....................................................,......66 建设项目污染物排放量汇总表 .....................................................,关键词已对应，待人工核验数值与字段归属,,
089_高晖（佛山）新材料科技有限公司新建项目_01_受理公告或公示版,废气治理,废气治理、废气收集、活性炭,废气治理、废气收集、活性炭, “集气罩+帘幕”收集后汇 入“活性炭吸附装置”处理 后，通过 22 米 DA001 排气 筒排放，满足达标排放的要 求。 5.本项目不涉及。 6.生活, “集气罩+帘幕”收集后汇 入“活性炭吸附装置”处理 后，通过 22 米 DA001 排气 筒排放，满足达标排放的要 求。 5.本项目不涉及。 6.生活,关键词已对应，待人工核验数值与字段归属,,
089_高晖（佛山）新材料科技有限公司新建项目_01_受理公告或公示版,固废与危险废物,危险废物、固体废物,危险废物、固体废物,仓基础建设必须按 相关要求防渗，固体废物得 到妥善处理。经以上处理 后，本项目对区域内环境影 响较小，质量可保持现有水 符 合 — 4 — 平。 资源 ,仓基础建设必须按 相关要求防渗，固体废物得 到妥善处理。经以上处理 后，本项目对区域内环境影 响较小，质量可保持现有水 符 合 第13页 — 4 — 平,关键词已对应，待人工核验数值与字段归属,,
089_高晖（佛山）新材料科技有限公司新建项目_01_受理公告或公示版,总量与执行标准,总量控制、总量指标、执行标准,总量控制、总量指标、执行标准,26-2001）第一类污染物 的排放标准后纳入园区污水管道送工 业园污水处理厂处理。本园区应按照 《报告书》拟定的入园企业类别引进 企业项目，并应避免引,26-2001）第一类污染物 的排放标准后纳入园区污水管道送工 业园污水处理厂处理。本园区应按照 《报告书》拟定的入园企业类别引进 企业项目，并应避免引,关键词已对应，待人工核验数值与字段归属,,
089_高晖（佛山）新材料科技有限公司新建项目_01_受理公告或公示版,监督检查清单,环境保护措施监督检查清单、监督检查清单,环境保护措施监督检查清单、监督检查清单,...........32 五、环境保护措施监督检查清单 ...............................................,...........32 五、环境保护措施监督检查清单 ...............................................,关键词已对应，待人工核验数值与字段归属,,
090_佛山市顺德区共诺电子元件厂搬迁项目_01_受理公告或公示版,项目基本情况,建设项目名称、建设地点、总投资,建设项目名称、建设地点、总投资,56 1 一、建设项目基本情况 建设项目名称 佛山市顺德区共诺电子元件厂搬迁项目 项目代码 无 建设单位联系人 姚国胜 联系方式 18138525488,5页 1 一、建设项目基本情况 建设项目名称 佛山市顺德区共诺电子元件厂搬迁项目 项目代码 无 建设单位联系人 姚国胜 联系方式 18138525488,关键词已对应，待人工核验数值与字段归属,,
090_佛山市顺德区共诺电子元件厂搬迁项目_01_受理公告或公示版,产品与产量,主要产品、年产,主要产品、年产,，缩小产品产 量。预计搬迁后项目年产变压器线圈骨架 275 万个。 2、项目组成 搬迁前项目占地面积约 1280m2，建筑面积约 1280m2。搬迁后项,，缩小产品产 量。预计搬迁后项目年产变压器线圈骨架 275 万个。 2、项目组成 搬迁前项目占地面积约 1280m2，建筑面积约 1280m2。搬迁后项,关键词已对应，待人工核验数值与字段归属,,
090_佛山市顺德区共诺电子元件厂搬迁项目_01_受理公告或公示版,原辅材料,主要原辅材料、原辅材料、辅料,主要原辅材料、原辅材料、辅料,圈骨架等生产，生产的产品及使用的原辅材料均不 属于《环境保护综合名录（2021 年版）》中“高污染、高环境风险”产品名录，符 合要求。 3、与广东省发展,圈骨架等生产，生产的产品及使用的原辅材料均不 属于《环境保护综合名录（2021 年版）》中“高污染、高环境风险”产品名录，符 合要求。 3、与广东省发展,关键词已对应，待人工核验数值与字段归属,,
090_佛山市顺德区共诺电子元件厂搬迁项目_01_受理公告或公示版,生产设备,主要生产设备、生产设施、设备一览,主要生产设备、生产设施、设备一览,度不高于相应的排放限值；车 间或生产设施排气中 NMHC 初始 排放速率≥3 kg/h 时，建设 VOCs 处理设施且处理效率≥80%；b）厂 区内无组,度不高于相应的排放限值；车 间或生产设施排气中 NMHC 初始 排放速率≥3 kg/h 时，建设 VOCs 处理设施且处理效率≥80%；b）厂 区内无组,关键词已对应，待人工核验数值与字段归属,,
090_佛山市顺德区共诺电子元件厂搬迁项目_01_受理公告或公示版,工艺与产污,工艺流程、生产工艺、产污环节,工艺流程、生产工艺、产污环节,采供清单。鼓励重点行业企业开展 生产工艺和设备水性化改造，推广使 用水性、高固体分，无溶剂、粉末等 低 VOCs 含量涂料。严格落实《挥发 性有机物无组,采供清单。鼓励重点行业企业开展 生产工艺和设备水性化改造，推广使 用水性、高固体分，无溶剂、粉末等 低 VOCs 含量涂料。严格落实《挥发 性有机物无组,关键词已对应，待人工核验数值与字段归属,,
090_佛山市顺德区共诺电子元件厂搬迁项目_01_受理公告或公示版,源强与定量核算,产生量、排放量、收集效率,产生量、排放量、收集效率,量为 0.017 t/a，无组织排放量 为 0.019 t/a，项目 NMHC 有组 织及无组织合计排放量为 0.036 t/a。根据《关于做好建 设项,量为 0.017 t/a，无组织排放量 为 0.019 t/a，项目 NMHC 有组 织及无组织合计排放量为 0.036 t/a。根据《关于做好建 设项,关键词已对应，待人工核验数值与字段归属,,
090_佛山市顺德区共诺电子元件厂搬迁项目_01_受理公告或公示版,废气治理,废气治理、废气收集、活性炭,废气治理、废气收集、活性炭,废气经半密闭型集 气设备收集，经活性炭吸附装 置处理后通过 15 m 高 G1 排气 筒达标排放。废气采取有效收 集措施。 符合 3 关于印发《广东 省,废气经半密闭型集 气设备收集，经活性炭吸附装 置处理后通过 15 m 高 G1 排气 筒达标排放。废气采取有效收 集措施。 符合 3 关于印发《广东 省,关键词已对应，待人工核验数值与字段归属,,
090_佛山市顺德区共诺电子元件厂搬迁项目_01_受理公告或公示版,固废与危险废物,危险废物、固体废物、危废暂存,危险废物、固体废物、危废暂存,账-建立危废台账，整理 项目建立危险废物台账，定 符 5 危废处置合同、转移联单及危废处 理方式资质佐证材料。 期将废液压油、废机油、废 火花油、废包装,账-建立危废台账，整理 项目建立危险废物台账，定 符 第9页 5 危废处置合同、转移联单及危废处 理方式资质佐证材料。 期将废液压油、废机油、废 火花油,关键词已对应，待人工核验数值与字段归属,,
090_佛山市顺德区共诺电子元件厂搬迁项目_01_受理公告或公示版,总量与执行标准,总量控制、总量指标、执行标准,总量控制、总量指标、执行标准,增量”原则，动态管理 VOCs 总量指标。新、改、扩建排放 VOCs 的重点行业建设项目应当执行总量 替代制度，重点行业包括炼油与石 化、化学原料和化学,增量”原则，动态管理 VOCs 总量指标。新、改、扩建排放 VOCs 的重点行业建设项目应当执行总量 替代制度，重点行业包括炼油与石 化、化学原料和化学,关键词已对应，待人工核验数值与字段归属,,
090_佛山市顺德区共诺电子元件厂搬迁项目_01_受理公告或公示版,监督检查清单,环境保护措施监督检查清单、监督检查清单,环境保护措施监督检查清单、监督检查清单,.......... 22 五、环境保护措施监督检查清单 ...............................................,.......... 22 五、环境保护措施监督检查清单 ...............................................,关键词已对应，待人工核验数值与字段归属,,
091_佛山市顺佳利智能科技有限公司扩建项目（重新报批）_01_报批稿或报告表,项目基本情况,建设项目名称、建设地点、总投资,建设项目名称、建设地点、总投资,声明 1 一、建设项目基本情况 建设项目名称 佛山市顺佳利智能科技有限公司扩建项目（重新报批） 项目代码 无 建设单位联系人 肖** 联系方式 ****,5页 1 一、建设项目基本情况 建设项目名称 佛山市顺佳利智能科技有限公司扩建项目（重新报批） 项目代码 无 建设单位联系人 肖** 联系方式 ****,关键词已对应，待人工核验数值与字段归属,,
091_佛山市顺佳利智能科技有限公司扩建项目（重新报批）_01_报批稿或报告表,产品与产量,产品方案、主要产品、年产,产品方案、主要产品、年产, 4。已取得 的批复内容和规模为年产软水器 50 万件、呼吸器 50 万件、分配器 10 万件、蒸汽发生器 10 万件。原项目由于市场经济低迷，企业自身, 4。已取得 的批复内容和规模为年产软水器 50 万件、呼吸器 50 万件、分配器 10 万件、蒸汽发生器 10 万件。原项目由于市场经济低迷，企业自身,关键词已对应，待人工核验数值与字段归属,,
091_佛山市顺佳利智能科技有限公司扩建项目（重新报批）_01_报批稿或报告表,原辅材料,主要原辅材料、原辅材料、原料名称,主要原辅材料、原辅材料、原料名称,等项目。项目不涉 及使用高挥发性原辅材料，不属于新建生产和使用高挥 发性有机物原辅材料的项目，符合区域布局管控要求。 ②本项目全部生产设备使用电能，生产,等项目。项目不涉 及使用高挥发性原辅材料，不属于新建生产和使用高挥 发性有机物原辅材料的项目，符合区域布局管控要求。 ②本项目全部生产设备使用电能，生产,关键词已对应，待人工核验数值与字段归属,,
091_佛山市顺佳利智能科技有限公司扩建项目（重新报批）_01_报批稿或报告表,生产设备,主要生产设备、生产设施、设备一览,主要生产设备、生产设施、设备一览,度不高于相应的排放限 值；车间或生产设施排气中 NMHC 初始排 放速率≥3kg/h 时，建设 VOCs 处理设施且 处理效率≥80%； b）厂区内无组,度不高于相应的排放限 值；车间或生产设施排气中 NMHC 初始排 放速率≥3kg/h 时，建设 VOCs 处理设施且 处理效率≥80%； b）厂区内无组,关键词已对应，待人工核验数值与字段归属,,
091_佛山市顺佳利智能科技有限公司扩建项目（重新报批）_01_报批稿或报告表,工艺与产污,工艺流程、生产工艺、产污环节,工艺流程、生产工艺、产污环节,强无组织排放控制。推进使用先进 生产工艺。通过采用全密闭、连续化、自 动化等生产技术，以及高效工艺与设备等， 减少工艺过程无组织排放。挥发性有机液 体装,强无组织排放控制。推进使用先进 生产工艺。通过采用全密闭、连续化、自 动化等生产技术，以及高效工艺与设备等， 减少工艺过程无组织排放。挥发性有机液 体装,关键词已对应，待人工核验数值与字段归属,,
091_佛山市顺佳利智能科技有限公司扩建项目（重新报批）_01_报批稿或报告表,源强与定量核算,污染源强、产生量、排放量,污染源强、产生量、排放量,...72 附表 建设项目污染物排放量汇总表 附图 1 项目地理位置图 附图 2-1 项目 1 楼 102 车间平面布置图 附图 2-2 项目 3 楼车,...72 附表 建设项目污染物排放量汇总表 附图 1 项目地理位置图 附图 2-1 项目 1 楼 102 车间平面布置图 附图 2-2 项目 3 楼车,关键词已对应，待人工核验数值与字段归属,,
091_佛山市顺佳利智能科技有限公司扩建项目（重新报批）_01_报批稿或报告表,废气治理,废气治理、废气收集、活性炭,废气治理、废气收集、活性炭,四周围挡）收集，再一并经活性 炭废气治理设施处理后引至一根 48m 高排气筒 DA001 高空排放；投料、破碎、模具维修粉尘以无组织排放， 对周边环境影,四周围挡）收集，再一并经活性 炭废气治理设施处理后引至一根 48m 高排气筒 DA001 高空排放；投料、破碎、模具维修粉尘以无组织排放， 对周边环境影,关键词已对应，待人工核验数值与字段归属,,
091_佛山市顺佳利智能科技有限公司扩建项目（重新报批）_01_报批稿或报告表,固废与危险废物,危险废物、固体废物、危废暂存,危险废物、固体废物、危废暂存,区环境风险防控区域。项目产生的 危险废物拟定期委托有资质的处置公司进行收集处理， 并通过信息系统登记转移计划和电子转移联单，符合危 险废物全过程跟踪管理,区环境风险防控区域。项目产生的 危险废物拟定期委托有资质的处置公司进行收集处理， 并通过信息系统登记转移计划和电子转移联单，符合危 险废物全过程跟踪管理,关键词已对应，待人工核验数值与字段归属,,
091_佛山市顺佳利智能科技有限公司扩建项目（重新报批）_01_报批稿或报告表,总量与执行标准,总量控制、总量指标、执行标准,总量控制、总量指标、执行标准,减量替代， 总量纳入污水处理厂的总量指标内， 符合污染物排放 管控要求。 ④项目位于佛山市顺德区容桂街道，不属 于石化、化工重点园区环境风险防控区域。项,减量替代， 总量纳入污水处理厂的总量指标内， 符合污染物排放 管控要求。 ④项目位于佛山市顺德区容桂街道，不属 于石化、化工重点园区环境风险防控区域。项,关键词已对应，待人工核验数值与字段归属,,
091_佛山市顺佳利智能科技有限公司扩建项目（重新报批）_01_报批稿或报告表,监督检查清单,环境保护措施监督检查清单、监督检查清单,环境保护措施监督检查清单、监督检查清单,...........40 五．环境保护措施监督检查清单 ...............................................,...........40 五．环境保护措施监督检查清单 ...............................................,关键词已对应，待人工核验数值与字段归属,,
092_佛山市天日塑料科技有限公司迁扩建项目_01_报批稿或报告表,项目基本情况,建设项目名称、建设地点、总投资,建设项目名称、建设地点、总投资,划图 1 一、建设项目基本情况 建设项目名称 佛山市天日塑料科技有限公司迁扩建项目 项目代码 无 建设单位联系人 关汉珠 联系方式 1802817780,5页 1 一、建设项目基本情况 建设项目名称 佛山市天日塑料科技有限公司迁扩建项目 项目代码 无 建设单位联系人 关汉珠 联系方式 1802817780,关键词已对应，待人工核验数值与字段归属,,
092_佛山市天日塑料科技有限公司迁扩建项目_01_报批稿或报告表,产品与产量,产品方案、主要产品、年产,产品方案、主要产品、年产,为 3000 平方米，生产规模为年产塑料制 品 200 吨、色母 1000 吨、色粉 20 吨。原项目于 2020 年 11 月 3 日取得佛山市生态环,为 3000 平方米，生产规模为年产塑料制 品 200 吨、色母 1000 吨、色粉 20 吨。原项目于 2020 年 11 月 3 日取得佛山市生态环,关键词已对应，待人工核验数值与字段归属,,
092_佛山市天日塑料科技有限公司迁扩建项目_01_报批稿或报告表,原辅材料,主要原辅材料、原辅材料、原料名称,主要原辅材料、原辅材料、原料名称,制新建 生产和使用高挥发性有机物原辅材料 项目，优先开展低 VOCs 含量原辅材 料替代，强化无组织排放控制。原则 上不再新建、扩建新增氮氧化物、烟 （,制新建 生产和使用高挥发性有机物原辅材料 项目，优先开展低 VOCs 含量原辅材 料替代，强化无组织排放控制。原则 上不再新建、扩建新增氮氧化物、烟 （,关键词已对应，待人工核验数值与字段归属,,
092_佛山市天日塑料科技有限公司迁扩建项目_01_报批稿或报告表,生产设备,主要生产设备、设备名称、生产设施,主要生产设备、设备名称、生产设施,度不高于相应的排放限值； 车间或生产设施排气中 NMHC 初始排放速率≥3kg/h 时，建设 VOCs 处理设施且处理效率≥ 有机废气排气筒非甲烷总烃排,度不高于相应的排放限值； 车间或生产设施排气中 NMHC 初始排放速率≥3kg/h 时，建设 VOCs 处理设施且处理效率≥ 有机废气排气筒非甲烷总烃排,关键词已对应，待人工核验数值与字段归属,,
092_佛山市天日塑料科技有限公司迁扩建项目_01_报批稿或报告表,工艺与产污,工艺流程、生产工艺、产污环节,工艺流程、生产工艺、产污环节,强无组织排放控制。推进 使用先进生产工艺。通过采用全 密闭、连续化、自动化等生产技 术，以及高效工艺与设备等，减 少工艺过程无组织排放。挥发性 有机液体,强无组织排放控制。推进 使用先进生产工艺。通过采用全 密闭、连续化、自动化等生产技 术，以及高效工艺与设备等，减 少工艺过程无组织排放。挥发性 有机液体,关键词已对应，待人工核验数值与字段归属,,
092_佛山市天日塑料科技有限公司迁扩建项目_01_报批稿或报告表,源强与定量核算,污染源强、产生量、排放量,污染源强、产生量、排放量,..... 70 建设项目污染物排放量汇总表 .....................................................,..... 70 建设项目污染物排放量汇总表 .....................................................,关键词已对应，待人工核验数值与字段归属,,
092_佛山市天日塑料科技有限公司迁扩建项目_01_报批稿或报告表,废气治理,废气治理、废气收集、活性炭,废气治理、废气收集、活性炭,且 做好防渗漏和硬底化 处理；当废气收集系统 出现故障时，立即停止 生产，维修设备，并定 期做好废气收集系统 的检修和维护；在发生 火灾和爆炸事故次生 ,且 做好防渗漏和硬底化 处理；当废气收集系统 出现故障时，立即停止 生产，维修设备，并定 期做好废气收集系统 的检修和维护；在发生 火灾和爆炸事故次生 ,关键词已对应，待人工核验数值与字段归属,,
092_佛山市天日塑料科技有限公司迁扩建项目_01_报批稿或报告表,固废与危险废物,危险废物、固体废物,危险废物、固体废物,等应急器材；危险废 物分类暂存，危险废物 暂存间设置有围堰，且 做好防渗漏和硬底化 处理；当废气收集系统 出现故障时，立即停止 生产，维修设备，并定 期,等应急器材；危险废 物分类暂存，危险废物 暂存间设置有围堰，且 做好防渗漏和硬底化 处理；当废气收集系统 出现故障时，立即停止 生产，维修设备，并定 期,关键词已对应，待人工核验数值与字段归属,,
092_佛山市天日塑料科技有限公司迁扩建项目_01_报批稿或报告表,总量与执行标准,总量控制、总量指标、执行标准,总量控制、总量指标、执行标准,水应执行《城镇污水处 理厂污染物排放标准》 （GB18918-2002）一级 A 标准及《广 东 省 水 污 染 物 排 放 限 值 》 （DB44/2,水应执行《城镇污水处 理厂污染物排放标准》 （GB18918-2002）一级 A 标准及《广 东 省 水 污 染 物 排 放 限 值 》 （DB44/2,关键词已对应，待人工核验数值与字段归属,,
092_佛山市天日塑料科技有限公司迁扩建项目_01_报批稿或报告表,监督检查清单,环境保护措施监督检查清单、监督检查清单,环境保护措施监督检查清单、监督检查清单,.......... 41 五、环境保护措施监督检查清单 ...............................................,.......... 41 五、环境保护措施监督检查清单 ...............................................,关键词已对应，待人工核验数值与字段归属,,
093_佛山市顺德区福晟鑫塑料制品有限公司迁扩建项目_01_受理公告或公示版,项目基本情况,建设项目名称、建设地点、总投资,建设项目名称、建设地点、总投资,15 1 一、建设项目基本情况 建设项目名称 佛山市顺德区福晟鑫塑料制品有限公司迁扩建项目 项目代码 无 建设单位联系人 刘开福 联系方式 158169,5页 1 一、建设项目基本情况 建设项目名称 佛山市顺德区福晟鑫塑料制品有限公司迁扩建项目 项目代码 无 建设单位联系人 刘开福 联系方式 158169,关键词已对应，待人工核验数值与字段归属,,
093_佛山市顺德区福晟鑫塑料制品有限公司迁扩建项目_01_受理公告或公示版,产品与产量,产品方案、主要产品、年产,产品方案、主要产品、年产,环保 投资 2 万元，生产能力为年产电器塑料配件 110 吨。项目员工人数为 10 人，均不在 项目内食宿；每天 1 班工作制生产，每班 8 个小时。 ,环保 投资 2 万元，生产能力为年产电器塑料配件 110 吨。项目员工人数为 10 人，均不在 项目内食宿；每天 1 班工作制生产，每班 8 个小时。 ,关键词已对应，待人工核验数值与字段归属,,
093_佛山市顺德区福晟鑫塑料制品有限公司迁扩建项目_01_受理公告或公示版,原辅材料,主要原辅材料、原辅材料,主要原辅材料、原辅材料,清洗剂、胶黏剂等高挥 发性有机物原辅材料，符合区域布局管控要求；项目生产设备使用电 能，生产用水由市政供水，不直接取用江河湖库水量，不会对项目所在 地生,清洗剂、胶黏剂等高挥 发性有机物原辅材料，符合区域布局管控要求；项目生产设备使用电 能，生产用水由市政供水，不直接取用江河湖库水量，不会对项目所在 地生,关键词已对应，待人工核验数值与字段归属,,
093_佛山市顺德区福晟鑫塑料制品有限公司迁扩建项目_01_受理公告或公示版,生产设备,主要生产设备、设备名称、生产设施,主要生产设备、设备名称、生产设施,度不高于相应的排放 限值；车间或生产设施排 气中NMHC初始排放速率 ≥3kg/h时，建设VOCs处理 设施且处理效率≥80%； b）厂区内无组织排放监,度不高于相应的排放 限值；车间或生产设施排 气中NMHC初始排放速率 ≥3kg/h时，建设VOCs处理 设施且处理效率≥80%； b）厂区内无组织排放监,关键词已对应，待人工核验数值与字段归属,,
093_佛山市顺德区福晟鑫塑料制品有限公司迁扩建项目_01_受理公告或公示版,工艺与产污,工艺流程、生产工艺、产污环节,工艺流程、生产工艺、产污环节,强无组织排放控制。推进使用 先进生产工艺。通过采用全密闭、连续 化、自动化等生产技术，以及高效工艺 与设备等，减少工艺过程无组织排放。 提高废气收集率。,强无组织排放控制。推进使用 先进生产工艺。通过采用全密闭、连续 化、自动化等生产技术，以及高效工艺 与设备等，减少工艺过程无组织排放。 提高废气收集率。,关键词已对应，待人工核验数值与字段归属,,
093_佛山市顺德区福晟鑫塑料制品有限公司迁扩建项目_01_受理公告或公示版,源强与定量核算,产生量、排放量、收集效率,产生量、排放量、收集效率,、扩建新增氮氧化物、烟 （粉）尘排放量较大的建设项目。 本项目位于 大气环境布局 敏感区重点管控区内，本 项目不使用高挥发性有机 物原辅材料。本项目采用,、扩建新增氮氧化物、烟 （粉）尘排放量较大的建设项目。 本项目位于 大气环境布局 敏感区重点管控区内，本 项目不使用高挥发性有机 物原辅材料。本项目采用,关键词已对应，待人工核验数值与字段归属,,
093_佛山市顺德区福晟鑫塑料制品有限公司迁扩建项目_01_受理公告或公示版,废气治理,废气治理、废气收集、活性炭,废气治理、废气收集、活性炭,，注塑工序产生的废气 经收集利用活性炭吸附 装置处理后通过40m排气筒（DA001）高空排放，通过废气收集和处理 措施能减少项目挥发性有机物的无组织排放,，注塑工序产生的废气 经收集利用活性炭吸附 装置处理后通过40m排气筒（DA001）高空排放，通过废气收集和处理 措施能减少项目挥发性有机物的无组织排放,关键词已对应，待人工核验数值与字段归属,,
093_佛山市顺德区福晟鑫塑料制品有限公司迁扩建项目_01_受理公告或公示版,固废与危险废物,危险废物、固体废物、危废暂存,危险废物、固体废物、危废暂存,环境风险防控区域。本项目产生的 危险废物拟定期委托有资质的处置公司进行收集处理，并通过信息系统 5 登记转移计划和电子转移联单，符合危险废物全过程跟踪管,环境风险防控区域。本项目产生的 危险废物拟定期委托有资质的处置公司进行收集处理，并通过信息系统 第9页 5 登记转移计划和电子转移联单，符合危险废物全过,关键词已对应，待人工核验数值与字段归属,,
093_佛山市顺德区福晟鑫塑料制品有限公司迁扩建项目_01_受理公告或公示版,总量与执行标准,总量控制、总量指标、执行标准,总量控制、总量指标、执行标准,后排 至勒流污水处理厂处理，项目总量指标由佛山市生态环境局调剂，符合 污染物排放管控要求。 4）环境风险防控要求 项目不属于石化、化工重点园区环境风险防,后排 至勒流污水处理厂处理，项目总量指标由佛山市生态环境局调剂，符合 污染物排放管控要求。 4）环境风险防控要求 项目不属于石化、化工重点园区环境风险防,关键词已对应，待人工核验数值与字段归属,,
093_佛山市顺德区福晟鑫塑料制品有限公司迁扩建项目_01_受理公告或公示版,监督检查清单,环境保护措施监督检查清单、监督检查清单,环境保护措施监督检查清单、监督检查清单,.......... 35 五、环境保护措施监督检查清单 ...............................................,.......... 35 五、环境保护措施监督检查清单 ...............................................,关键词已对应，待人工核验数值与字段归属,,
094_佛山市顺德区谦和丰塑料制品厂新建项目_01_受理公告或公示版,项目基本情况,建设项目名称、建设地点、总投资,建设项目名称、建设地点、总投资,签。 1 一、建设项目基本情况 建设项目名称 佛山市顺德区谦和丰塑料制品厂新建项目 项目代码 无 建设单位联系人 梅和成 联系方式 1392480243,5页 1 一、建设项目基本情况 建设项目名称 佛山市顺德区谦和丰塑料制品厂新建项目 项目代码 无 建设单位联系人 梅和成 联系方式 1392480243,关键词已对应，待人工核验数值与字段归属,,
094_佛山市顺德区谦和丰塑料制品厂新建项目_01_受理公告或公示版,产品与产量,主要产品、年产,主要产品、年产,况 项目主要从事塑料配件的生产，主要产品及产能见表2-2。 表 2-2 产品及产能一览表 名称 单位 数量 备注 塑料配件 吨/年 800 主要为塑料水,况 项目主要从事塑料配件的生产，主要产品及产能见表2-2。 表 2-2 产品及产能一览表 名称 单位 数量 备注 塑料配件 吨/年 800 主要为塑料水,关键词已对应，待人工核验数值与字段归属,,
094_佛山市顺德区谦和丰塑料制品厂新建项目_01_受理公告或公示版,原辅材料,主要原辅材料、原辅材料,主要原辅材料、原辅材料,配件生产销售，生产的产品及使用的原辅材料均不属于 《环境保护综合名录（2021 年版）》中“高污染、高环境风险”产品名录，符合要 求。 3、与广东省发展,配件生产销售，生产的产品及使用的原辅材料均不属于 《环境保护综合名录（2021 年版）》中“高污染、高环境风险”产品名录，符合要 求。 3、与广东省发展,关键词已对应，待人工核验数值与字段归属,,
094_佛山市顺德区谦和丰塑料制品厂新建项目_01_受理公告或公示版,生产设备,生产设施,生产设施, 浓度与去除效率双重控制。车间或生产设施收集排 放的废气，VOCs 初始排放速率大于等于 3 千克/小 时、重点区域大于等于 2 千克/小时的，应加大控, 浓度与去除效率双重控制。车间或生产设施收集排 放的废气，VOCs 初始排放速率大于等于 3 千克/小 时、重点区域大于等于 2 千克/小时的，应加大控,关键词已对应，待人工核验数值与字段归属,,
094_佛山市顺德区谦和丰塑料制品厂新建项目_01_受理公告或公示版,工艺与产污,工艺流程、生产工艺、产污环节,工艺流程、生产工艺、产污环节,采购 清单。鼓励重点行业企业开展生产工艺和设备水性 化改造，推广使用水性、高固体分、无溶剂、粉末 等低 VOCs 含量涂料。严格落实《挥发性有机物无 组,采购 清单。鼓励重点行业企业开展生产工艺和设备水性 化改造，推广使用水性、高固体分、无溶剂、粉末 等低 VOCs 含量涂料。严格落实《挥发性有机物无 组,关键词已对应，待人工核验数值与字段归属,,
094_佛山市顺德区谦和丰塑料制品厂新建项目_01_受理公告或公示版,源强与定量核算,污染源强、产生量、排放量,污染源强、产生量、排放量,2 号） 3.1 对 VOCs 排放量大于 300 公斤/年的新、改、扩建项 目，进行总量替代，按照要求填报 VOCs 指标来源 说明。其他排放量规模需,2 号） 3.1 对 VOCs 排放量大于 300 公斤/年的新、改、扩建项 目，进行总量替代，按照要求填报 VOCs 指标来源 说明。其他排放量规模需,关键词已对应，待人工核验数值与字段归属,,
094_佛山市顺德区谦和丰塑料制品厂新建项目_01_受理公告或公示版,废气治理,废气治理、废气收集、活性炭,废气治理、废气收集、活性炭,点， 推广建设区域共享涂装中心、活性炭集中再生中心， 推动 VOCs 集中高效治理。 本项目属于塑料零件及其他 塑料制品制造，不属于 VOCs 排放重点,点， 推广建设区域共享涂装中心、活性炭集中再生中心， 推动 VOCs 集中高效治理。 本项目属于塑料零件及其他 塑料制品制造，不属于 VOCs 排放重点,关键词已对应，待人工核验数值与字段归属,,
094_佛山市顺德区谦和丰塑料制品厂新建项目_01_受理公告或公示版,固废与危险废物,危险废物、固体废物、危废暂存,危险废物、固体废物、危废暂存,业区，墙体隔音、距离衰减 固废 危险废物 设立危废暂存间 1 个，面积 5 m2，用于危险废物暂存 一般固体 废物 设立固废间 1 个，面积 5 m2，,业区，墙体隔音、距离衰减 固废 危险废物 设立危废暂存间 1 个，面积 5 m2，用于危险废物暂存 一般固体 废物 设立固废间 1 个，面积 5 m2，,关键词已对应，待人工核验数值与字段归属,,
094_佛山市顺德区谦和丰塑料制品厂新建项目_01_受理公告或公示版,总量与执行标准,总量控制、总量指标、执行标准,总量控制、总量指标、执行标准,LDAR 工 作。石化企业按行业排放标准规定执行。 本项目注塑工序产生的废气 拟采用包围型集气罩收集；集 气 效 率 取 50% ， 控 制 风 速 0,LDAR 工 作。石化企业按行业排放标准规定执行。 本项目注塑工序产生的废气 拟采用包围型集气罩收集；集 气 效 率 取 50% ， 控 制 风 速 0,关键词已对应，待人工核验数值与字段归属,,
094_佛山市顺德区谦和丰塑料制品厂新建项目_01_受理公告或公示版,监督检查清单,环境保护措施监督检查清单、监督检查清单,环境保护措施监督检查清单、监督检查清单,.......... 19 五、环境保护措施监督检查清单 ...............................................,.......... 19 五、环境保护措施监督检查清单 ...............................................,关键词已对应，待人工核验数值与字段归属,,
095_华硕（广东）新材料股份有限公司建设项目_01_受理公告或公示版,项目基本情况,建设项目名称、建设地点、总投资,建设项目名称、建设地点、总投资, 1 — 一、建设项目基本情况 建设项目名称 华硕（广东）新材料股份有限公司建设项目 项目代码 无 建设单位联系人 陈* 联系方式 1363361***, 1 — 一、建设项目基本情况 建设项目名称 华硕（广东）新材料股份有限公司建设项目 项目代码 无 建设单位联系人 陈* 联系方式 1363361***,关键词已对应，待人工核验数值与字段归属,,
095_华硕（广东）新材料股份有限公司建设项目_01_受理公告或公示版,产品与产量,主要产品、产品名称、年产,主要产品、产品名称、年产,许可证的单位回收处置 2、本项目主要产品年产量 表 2-2 本项目主要产品年产量 序号 产品名称 单位 产量 涂布厚度 备注 1 食品包装膜 吨 301,许可证的单位回收处置 2、本项目主要产品年产量 表 2-2 本项目主要产品年产量 序号 产品名称 单位 产量 涂布厚度 备注 1 食品包装膜 吨 301,关键词已对应，待人工核验数值与字段归属,,
095_华硕（广东）新材料股份有限公司建设项目_01_受理公告或公示版,原辅材料,主要原辅材料、原辅材料、原料名称,主要原辅材料、原辅材料、原料名称,属于新建生产和使用高挥发性有机物原辅材料的项目，符合区 域布局管控要求。 ②项目所属橡胶和塑料制品业不属于高能耗行业。项目生产设 备使用电能，生产用水由,属于新建生产和使用高挥发性有机物原辅材料的项目，符合区 域布局管控要求。 ②项目所属橡胶和塑料制品业不属于高能耗行业。项目生产设 备使用电能，生产用水由,关键词已对应，待人工核验数值与字段归属,,
095_华硕（广东）新材料股份有限公司建设项目_01_受理公告或公示版,生产设备,主要生产设备、设备名称、生产设施,主要生产设备、设备名称、生产设施,度不高于相应的排放限值；车间 或生产设施排气中 NMHC 初始排 放速率≥3kg/h 时，建设 VOCs 处 理设施且处理效率≥80%；b）厂 区内无组,度不高于相应的排放限值；车间 或生产设施排气中 NMHC 初始排 放速率≥3kg/h 时，建设 VOCs 处 理设施且处理效率≥80%；b）厂 区内无组,关键词已对应，待人工核验数值与字段归属,,
095_华硕（广东）新材料股份有限公司建设项目_01_受理公告或公示版,工艺与产污,工艺流程、生产工艺、产污环节,工艺流程、生产工艺、产污环节,，加快涉 VOCs 重点行业的 生产工艺升级改造，推行自动化生产工艺，对达不到要求的 VOCs 收集及治理设 施进行整治提升，逐步淘汰低效 VOCs 治,，加快涉 VOCs 重点行业的 生产工艺升级改造，推行自动化生产工艺，对达不到要求的 VOCs 收集及治理设 施进行整治提升，逐步淘汰低效 VOCs 治,关键词已对应，待人工核验数值与字段归属,,
095_华硕（广东）新材料股份有限公司建设项目_01_受理公告或公示版,源强与定量核算,产生量、排放量、收集效率,产生量、排放量、收集效率,时，建设 VOCs 处 理设施且处理效率≥80%；b）厂 区内无组织排放监控点 NMHC 的 小时平均浓度值不超过 6mg/m3， 任意一次浓度值不超过,时，建设 VOCs 处 理设施且处理效率≥80%；b）厂 区内无组织排放监控点 NMHC 的 小时平均浓度值不超过 6mg/m3， 任意一次浓度值不超过,关键词已对应，待人工核验数值与字段归属,,
095_华硕（广东）新材料股份有限公司建设项目_01_受理公告或公示版,废气治理,废气治理、废气收集、活性炭,废气治理、废气收集、活性炭,目有机废气均经 整室收集后通过“活性炭吸附装置”处理后通过楼顶 18m 排气筒 G1、G2 排放，符合重点管控单元的要求。 4、与《佛山市人民政府关于印,目有机废气均经 整室收集后通过“活性炭吸附装置”处理后通过楼顶 18m 排气筒 G1、G2 排放，符合重点管控单元的要求。 4、与《佛山市人民政府关于印,关键词已对应，待人工核验数值与字段归属,,
095_华硕（广东）新材料股份有限公司建设项目_01_受理公告或公示版,固废与危险废物,危险废物、固体废物、危废暂存,危险废物、固体废物、危废暂存,园区环境风险防控区域。项目产生的危险废物拟定期委托有 资质的处置公司进行收集处理，并通过信息系统登记转移计划和电 — 5 — 子转移联单，符合危险废物全,园区环境风险防控区域。项目产生的危险废物拟定期委托有 资质的处置公司进行收集处理，并通过信息系统登记转移计划和电 第9页 — 5 — 子转移联单，符合危,关键词已对应，待人工核验数值与字段归属,,
095_华硕（广东）新材料股份有限公司建设项目_01_受理公告或公示版,总量与执行标准,总量控制、总量指标、执行标准,总量控制、总量指标、执行标准,效率，到 2025 年，全市用水总量控制在 23.44 亿立方米以内，万元地 区生产总值用水量和万元工 业增加值用水量较 2020 年降 幅不低于 17,效率，到 2025 年，全市用水总量控制在 23.44 亿立方米以内，万元地 区生产总值用水量和万元工 业增加值用水量较 2020 年降 幅不低于 17,关键词已对应，待人工核验数值与字段归属,,
095_华硕（广东）新材料股份有限公司建设项目_01_受理公告或公示版,监督检查清单,环境保护措施监督检查清单、监督检查清单,环境保护措施监督检查清单、监督检查清单,.......... 35 五、环境保护措施监督检查清单 ...............................................,.......... 35 五、环境保护措施监督检查清单 ...............................................,关键词已对应，待人工核验数值与字段归属,,
096_佛山市顺德区谦迅盛塑料制品厂新建项目_01_受理公告或公示版,项目基本情况,建设项目名称、建设地点、总投资,建设项目名称、建设地点、总投资,签。 1 一、建设项目基本情况 建设项目名称 佛山市顺德区谦迅盛塑料制品厂新建项目 项目代码 无 建设单位联系人 梅和成 联系方式 1392480243,5页 1 一、建设项目基本情况 建设项目名称 佛山市顺德区谦迅盛塑料制品厂新建项目 项目代码 无 建设单位联系人 梅和成 联系方式 1392480243,关键词已对应，待人工核验数值与字段归属,,
096_佛山市顺德区谦迅盛塑料制品厂新建项目_01_受理公告或公示版,产品与产量,主要产品、年产,主要产品、年产,况 项目主要从事塑料配件的生产，主要产品及产能见表2-2。 表 2-2 产品及产能一览表 名称 单位 数量 备注 塑料配件 吨/年 1000 主要为主要,况 项目主要从事塑料配件的生产，主要产品及产能见表2-2。 表 2-2 产品及产能一览表 名称 单位 数量 备注 塑料配件 吨/年 1000 主要为主要,关键词已对应，待人工核验数值与字段归属,,
096_佛山市顺德区谦迅盛塑料制品厂新建项目_01_受理公告或公示版,原辅材料,主要原辅材料、原辅材料,主要原辅材料、原辅材料,配件生产销售，生产的产品及使用的原辅材料均不属于 《环境保护综合名录（2021 年版）》中“高污染、高环境风险”产品名录，符合要 求。 3、与广东省发展,配件生产销售，生产的产品及使用的原辅材料均不属于 《环境保护综合名录（2021 年版）》中“高污染、高环境风险”产品名录，符合要 求。 3、与广东省发展,关键词已对应，待人工核验数值与字段归属,,
096_佛山市顺德区谦迅盛塑料制品厂新建项目_01_受理公告或公示版,生产设备,生产设施,生产设施, 浓度与去除效率双重控制。车间或生产设施收集排 放的废气，VOCs 初始排放速率大于等于 3 千克/小 时、重点区域大于等于 2 千克/小时的，应加大控, 浓度与去除效率双重控制。车间或生产设施收集排 放的废气，VOCs 初始排放速率大于等于 3 千克/小 时、重点区域大于等于 2 千克/小时的，应加大控,关键词已对应，待人工核验数值与字段归属,,
096_佛山市顺德区谦迅盛塑料制品厂新建项目_01_受理公告或公示版,工艺与产污,工艺流程、生产工艺、产污环节,工艺流程、生产工艺、产污环节,采购 清单。鼓励重点行业企业开展生产工艺和设备水性 化改造，推广使用水性、高固体分、无溶剂、粉末 等低 VOCs 含量涂料。严格落实《挥发性有机物无 组,采购 清单。鼓励重点行业企业开展生产工艺和设备水性 化改造，推广使用水性、高固体分、无溶剂、粉末 等低 VOCs 含量涂料。严格落实《挥发性有机物无 组,关键词已对应，待人工核验数值与字段归属,,
096_佛山市顺德区谦迅盛塑料制品厂新建项目_01_受理公告或公示版,源强与定量核算,污染源强、产生量、排放量,污染源强、产生量、排放量,2 号） 3.1 对 VOCs 排放量大于 300 公斤/年的新、改、扩建项 目，进行总量替代，按照要求填报 VOCs 指标来源 说明。其他排放量规模需,2 号） 3.1 对 VOCs 排放量大于 300 公斤/年的新、改、扩建项 目，进行总量替代，按照要求填报 VOCs 指标来源 说明。其他排放量规模需,关键词已对应，待人工核验数值与字段归属,,
096_佛山市顺德区谦迅盛塑料制品厂新建项目_01_受理公告或公示版,废气治理,废气治理、废气收集、活性炭,废气治理、废气收集、活性炭,点， 推广建设区域共享涂装中心、活性炭集中再生中心， 推动 VOCs 集中高效治理。 本项目属于塑料零件及其他 塑料制品制造，不属于 VOCs 排放重点,点， 推广建设区域共享涂装中心、活性炭集中再生中心， 推动 VOCs 集中高效治理。 本项目属于塑料零件及其他 塑料制品制造，不属于 VOCs 排放重点,关键词已对应，待人工核验数值与字段归属,,
096_佛山市顺德区谦迅盛塑料制品厂新建项目_01_受理公告或公示版,固废与危险废物,危险废物、固体废物、危废暂存,危险废物、固体废物、危废暂存,业区，墙体隔音、距离衰减 固废 危险废物 设立危废暂存间 1 个，面积 5 m2，用于危险废物暂存 一般固体废 物 设立固废间 1 个，面积 5 m2，,业区，墙体隔音、距离衰减 固废 危险废物 设立危废暂存间 1 个，面积 5 m2，用于危险废物暂存 一般固体废 物 设立固废间 1 个，面积 5 m2，,关键词已对应，待人工核验数值与字段归属,,
096_佛山市顺德区谦迅盛塑料制品厂新建项目_01_受理公告或公示版,总量与执行标准,总量控制、总量指标、执行标准,总量控制、总量指标、执行标准,LDAR 工 作。石化企业按行业排放标准规定执行。 本项目注塑工序产生的废气 拟采用包围型集气罩收集；集 气 效 率 取 50% ， 控 制 风 速 0,LDAR 工 作。石化企业按行业排放标准规定执行。 本项目注塑工序产生的废气 拟采用包围型集气罩收集；集 气 效 率 取 50% ， 控 制 风 速 0,关键词已对应，待人工核验数值与字段归属,,
096_佛山市顺德区谦迅盛塑料制品厂新建项目_01_受理公告或公示版,监督检查清单,环境保护措施监督检查清单、监督检查清单,环境保护措施监督检查清单、监督检查清单,.......... 20 五、环境保护措施监督检查清单 ...............................................,.......... 20 五、环境保护措施监督检查清单 ...............................................,关键词已对应，待人工核验数值与字段归属,,
097_佛山赫昶塑胶制品有限公司新建项目_01_报批稿或报告表,项目基本情况,建设项目名称、建设地点、总投资,建设项目名称、建设地点、总投资, 1 — 一、建设项目基本情况 建设项目名称 佛山赫昶塑胶制品有限公司新建项目 项目代码 无 建设单位联系人 朱培朗 联系方式 13929917665 , 1 — 一、建设项目基本情况 建设项目名称 佛山赫昶塑胶制品有限公司新建项目 项目代码 无 建设单位联系人 朱培朗 联系方式 13929917665 ,关键词已对应，待人工核验数值与字段归属,,
097_佛山赫昶塑胶制品有限公司新建项目_01_报批稿或报告表,产品与产量,主要产品、产品名称、年产,主要产品、产品名称、年产,外南侧，建筑面积约 5m2 2、主要产品及产能 表 2-2 项目主要产品年产量 序号 主要产品名称 单位 年产量 1 塑料膜配件 吨/年 200 表 2,外南侧，建筑面积约 5m2 2、主要产品及产能 表 2-2 项目主要产品年产量 序号 主要产品名称 单位 年产量 1 塑料膜配件 吨/年 200 表 2,关键词已对应，待人工核验数值与字段归属,,
097_佛山赫昶塑胶制品有限公司新建项目_01_报批稿或报告表,原辅材料,原辅材料、原料名称、辅料,原辅材料、原料名称、辅料,罐、 储库、料仓中。 项目使用的原辅材料 ABS 粒料、PP 粒料、色母粒均为粒 状物质， PET 膜片、塑料粒料和色母粒均使用密闭包装 袋包装储存在厂,罐、 储库、料仓中。 项目使用的原辅材料 ABS 粒料、PP 粒料、色母粒均为粒 状物质， PET 膜片、塑料粒料和色母粒均使用密闭包装 袋包装储存在厂,关键词已对应，待人工核验数值与字段归属,,
097_佛山赫昶塑胶制品有限公司新建项目_01_报批稿或报告表,生产设备,主要生产设备、设备名称、生产设施,主要生产设备、设备名称、生产设施,备及设施详见下表： 表 2-4 主要生产设备一览表 序号 设备 规格参数 数量 单位 工艺 位置 1 注塑机 锁模力 120 吨 1 台 锁模力 160,备及设施详见下表： 表 2-4 主要生产设备一览表 序号 设备 规格参数 数量 单位 工艺 位置 1 注塑机 锁模力 120 吨 1 台 锁模力 160,关键词已对应，待人工核验数值与字段归属,,
097_佛山赫昶塑胶制品有限公司新建项目_01_报批稿或报告表,工艺与产污,工艺流程、生产工艺、产污环节,工艺流程、生产工艺、产污环节,中禁止和许可事项；项目生产产品、生产工艺和生产设备均不属于《产业结构调整指导目录（2024 年本）》 （国家发展和改革委员会令第 7 号，2024 年 ,中禁止和许可事项；项目生产产品、生产工艺和生产设备均不属于《产业结构调整指导目录（2024 年本）》 （国家发展和改革委员会令第 7 号，2024 年 ,关键词已对应，待人工核验数值与字段归属,,
097_佛山赫昶塑胶制品有限公司新建项目_01_报批稿或报告表,源强与定量核算,产生量、排放量、收集效率,产生量、排放量、收集效率,......56 建设项目污染物排放量汇总表 附图 1 项目地理位置图 附图 2 大气环境保护目标分布图 附图 3 项目平面布置图 附图 4 项目四至图,......56 建设项目污染物排放量汇总表 附图 1 项目地理位置图 附图 2 大气环境保护目标分布图 附图 3 项目平面布置图 附图 4 项目四至图,关键词已对应，待人工核验数值与字段归属,,
097_佛山赫昶塑胶制品有限公司新建项目_01_报批稿或报告表,废气治理,废气治理、废气收集、活性炭,废气治理、废气收集、活性炭,集，废气排至除尘设施、VOCs 废气收集处理系统。 塑料粒料和色母粒常温条件下不会产生有机废气，在转移 投料过程均用密封包装袋封装。 1.5 45-工艺,集，废气排至除尘设施、VOCs 废气收集处理系统。 塑料粒料和色母粒常温条件下不会产生有机废气，在转移 投料过程均用密封包装袋封装。 1.5 45-工艺,关键词已对应，待人工核验数值与字段归属,,
097_佛山赫昶塑胶制品有限公司新建项目_01_报批稿或报告表,固废与危险废物,危险废物、固体废物、危废暂存,危险废物、固体废物、危废暂存,贮存危废间，定期交 由有相应类型危险废物处理资质的单位收集处理。 符合 2.《重点行业挥发性有机物综合治理方案》（环大气[2019]53 号） 2.1 ,贮存危废间，定期交 由有相应类型危险废物处理资质的单位收集处理。 符合 2.《重点行业挥发性有机物综合治理方案》（环大气[2019]53 号） 2.1 ,关键词已对应，待人工核验数值与字段归属,,
097_佛山赫昶塑胶制品有限公司新建项目_01_报批稿或报告表,总量与执行标准,总量控制、总量指标、执行标准,总量控制、总量指标、执行标准,印发《顺德区重点行业挥发性有机物总量指标管理工作方案（2024 年修订）》的通知（佛环委办[2024]3 号） 6.1 全区建设项目新增 VOCs 排放,印发《顺德区重点行业挥发性有机物总量指标管理工作方案（2024 年修订）》的通知（佛环委办[2024]3 号） 6.1 全区建设项目新增 VOCs 排放,关键词已对应，待人工核验数值与字段归属,,
097_佛山赫昶塑胶制品有限公司新建项目_01_报批稿或报告表,监督检查清单,环境保护措施监督检查清单、监督检查清单,环境保护措施监督检查清单、监督检查清单,...........30 五、环境保护措施监督检查清单................................................,...........30 五、环境保护措施监督检查清单................................................,关键词已对应，待人工核验数值与字段归属,,
098_佛山市东来晟塑料制品有限公司新建项目_01_报批稿或报告表,项目基本情况,建设地点、总投资、环保投资,建设地点、总投资、环保投资,系方式 18520948825 建设地点 广东省佛山市顺德区容桂街道扁滘社区新德路 7 号 A 栋第一层、第二层 地理坐标 （ 113 度 19 分 1,系方式 18520948825 建设地点 广东省佛山市顺德区容桂街道扁滘社区新德路 7 号 A 栋第一层、第二层 地理坐标 （ 113 度 19 分 1,关键词已对应，待人工核验数值与字段归属,,
098_佛山市东来晟塑料制品有限公司新建项目_01_报批稿或报告表,产品与产量,产品名称、年产,产品名称、年产,2 本项目生产规模一览表 序号 产品名称 规格（尺寸） 单位 产量 备注 1 保温瓶 内容量：0.6L 万个/年 20 单个产品用量约为 508g 2 ,2 本项目生产规模一览表 序号 产品名称 规格（尺寸） 单位 产量 备注 1 保温瓶 内容量：0.6L 万个/年 20 单个产品用量约为 508g 2 ,关键词已对应，待人工核验数值与字段归属,,
098_佛山市东来晟塑料制品有限公司新建项目_01_报批稿或报告表,原辅材料,主要原辅材料、原辅材料、辅料,主要原辅材料、原辅材料、辅料, 率不应当低于 80%；采用的 原辅材料符合国家有关低 VOCs 含量产品规定的除外。 本项目位于重点地区，项目 的有机废气初始排放速率 为 0.346, 率不应当低于 80%；采用的 原辅材料符合国家有关低 VOCs 含量产品规定的除外。 本项目位于重点地区，项目 的有机废气初始排放速率 为 0.346,关键词已对应，待人工核验数值与字段归属,,
098_佛山市东来晟塑料制品有限公司新建项目_01_报批稿或报告表,生产设备,主要生产设备、生产设施,主要生产设备、生产设施,度不高于相应的排放限 值；车间或生产设施排气中 NMHC 初始排放速率≥3 kg/h 时，建设 VOCs 处理设施且 处理效率≥80%；b）厂区内无 组,度不高于相应的排放限 值；车间或生产设施排气中 NMHC 初始排放速率≥3 kg/h 时，建设 VOCs 处理设施且 处理效率≥80%；b）厂区内无 组,关键词已对应，待人工核验数值与字段归属,,
098_佛山市东来晟塑料制品有限公司新建项目_01_报批稿或报告表,工艺与产污,工艺流程、生产工艺、产污环节,工艺流程、生产工艺、产污环节,采购清单。鼓励重点 行业企业开展生产工艺和设备水性 化改造，推广使用水性、高固体分、 无溶剂、粉末等低 VOCs 含量涂料。 严格落实《挥发性有机物无组,采购清单。鼓励重点 行业企业开展生产工艺和设备水性 化改造，推广使用水性、高固体分、 无溶剂、粉末等低 VOCs 含量涂料。 严格落实《挥发性有机物无组,关键词已对应，待人工核验数值与字段归属,,
098_佛山市东来晟塑料制品有限公司新建项目_01_报批稿或报告表,源强与定量核算,污染源强、产生量、排放量,污染源强、产生量、排放量,，应当配置 VOCs 处理设施，处理效率不 应当低于 80%。对于重点地 区，收集的废气 NMHC 初始 排放速率≥2kg/h 时，应当配 置 VOCs,，应当配置 VOCs 处理设施，处理效率不 应当低于 80%。对于重点地 区，收集的废气 NMHC 初始 排放速率≥2kg/h 时，应当配 置 VOCs,关键词已对应，待人工核验数值与字段归属,,
098_佛山市东来晟塑料制品有限公司新建项目_01_报批稿或报告表,废气治理,废气治理、废气收集、活性炭,废气治理、废气收集、活性炭,气 罩+胶帘围挡收集后通过二 级活性炭吸附装置处理后 通过距离地面约 31m 高排 气筒 DA001 排放。 符合 2、《固定污染源挥发性有机物综合排放,气 罩+胶帘围挡收集后通过二 级活性炭吸附装置处理后 通过距离地面约 31m 高排 气筒 DA001 排放。 符合 2、《固定污染源挥发性有机物综合排放,关键词已对应，待人工核验数值与字段归属,,
098_佛山市东来晟塑料制品有限公司新建项目_01_报批稿或报告表,固废与危险废物,危险废物、固体废物、危废暂存,危险废物、固体废物、危废暂存,定达标排放，排至市政雨 水管网；固体废物分类收集， 一般固体废物由物资回收公 司回收，危险废物交由有危险 废物处理资质的单位收集处 置。 符合 环境 风,定达标排放，排至市政雨 水管网；固体废物分类收集， 一般固体废物由物资回收公 司回收，危险废物交由有危险 废物处理资质的单位收集处 置。 符合 环境 风,关键词已对应，待人工核验数值与字段归属,,
098_佛山市东来晟塑料制品有限公司新建项目_01_报批稿或报告表,总量与执行标准,总量控制、总量指标、执行标准,总量控制、总量指标、执行标准,2、《固定污染源挥发性有机物综合排放标准》（DB44/2367-2022） 2.1 有组 织排 放控 制要 求 收集的废气中 NMHC 初始排 放速率≥,2、《固定污染源挥发性有机物综合排放标准》（DB44/2367-2022） 2.1 有组 织排 放控 制要 求 收集的废气中 NMHC 初始排 放速率≥,关键词已对应，待人工核验数值与字段归属,,
098_佛山市东来晟塑料制品有限公司新建项目_01_报批稿或报告表,监督检查清单,环境保护措施监督检查清单、监督检查清单,环境保护措施监督检查清单、监督检查清单,.......... 28 五、环境保护措施监督检查清单 ...............................................,.......... 28 五、环境保护措施监督检查清单 ...............................................,关键词已对应，待人工核验数值与字段归属,,
099_佛山市宇纳电器科技有限公司迁扩建项目_01_受理公告或公示版,项目基本情况,建设项目名称、建设地点、总投资,建设项目名称、建设地点、总投资,声明 1 一、建设项目基本情况 建设项目名称 佛山市宇纳电器科技有限公司迁扩建项目 项目代码 无 建设单位联系人 *** 联系方式 **** 建设地点 ,7页 1 一、建设项目基本情况 建设项目名称 佛山市宇纳电器科技有限公司迁扩建项目 项目代码 无 建设单位联系人 *** 联系方式 **** 建设地点 ,关键词已对应，待人工核验数值与字段归属,,
099_佛山市宇纳电器科技有限公司迁扩建项目_01_受理公告或公示版,产品与产量,产品方案、年产,产品方案、年产,产销售，塑 料原料均为外购新料，年产塑料配 件 300 万套。 本项目租用一座 9 层楼高的已建厂房 的 1 层部分区域作为经营场所，占地 面积为 91,产销售，塑 料原料均为外购新料，年产塑料配 件 300 万套。 本项目租用一座 9 层楼高的已建厂房 的 1 层部分区域作为经营场所，占地 面积为 91,关键词已对应，待人工核验数值与字段归属,,
099_佛山市宇纳电器科技有限公司迁扩建项目_01_受理公告或公示版,原辅材料,主要原辅材料、原辅材料、原料名称,主要原辅材料、原辅材料、原料名称,产品用量，不属于高挥 发性有机物原辅材料 符 合 4 合金的阳极氧化、铝的表面铬酸盐 转化、锌的铬酸盐钝化和金属酸 洗、磷化、喷漆、喷涂）等项目建 设；,产品用量，不属于高挥 发性有机物原辅材料 符 合 第10页 4 合金的阳极氧化、铝的表面铬酸盐 转化、锌的铬酸盐钝化和金属酸 洗、磷化、喷漆、喷涂）等项,关键词已对应，待人工核验数值与字段归属,,
099_佛山市宇纳电器科技有限公司迁扩建项目_01_受理公告或公示版,生产设备,主要生产设备、生产设施,主要生产设备、生产设施,脱模、排放恶臭 气味的生产工艺和生产设施。 本项目不属于高噪声排放生产 项目，不属于两高项目 符 合 10.结合《顺德区高质量推动村级工 业园升级改造总,脱模、排放恶臭 气味的生产工艺和生产设施。 本项目不属于高噪声排放生产 项目，不属于两高项目 符 合 10.结合《顺德区高质量推动村级工 业园升级改造总,关键词已对应，待人工核验数值与字段归属,,
099_佛山市宇纳电器科技有限公司迁扩建项目_01_受理公告或公示版,工艺与产污,工艺流程、生产工艺、产污环节,工艺流程、生产工艺、产污环节,洗、涂装、脱模、排放恶臭 气味的生产工艺和生产设施。 本项目不属于高噪声排放生产 项目，不属于两高项目 符 合 10.结合《顺德区高质量推动村级工 业园,洗、涂装、脱模、排放恶臭 气味的生产工艺和生产设施。 本项目不属于高噪声排放生产 项目，不属于两高项目 符 合 10.结合《顺德区高质量推动村级工 业园,关键词已对应，待人工核验数值与字段归属,,
099_佛山市宇纳电器科技有限公司迁扩建项目_01_受理公告或公示版,源强与定量核算,污染源强、产生量、排放量,污染源强、产生量、排放量, 附录 附表 1 建设项目污染物排放量汇总表 附图 1 项目地理位置图 附图 2 项目周边环境现状 附图 3 项目四至图 附图 4 项目环境保护目标分布, 附录 附表 1 建设项目污染物排放量汇总表 附图 1 项目地理位置图 附图 2 项目周边环境现状 附图 3 项目四至图 附图 4 项目环境保护目标分布,关键词已对应，待人工核验数值与字段归属,,
099_佛山市宇纳电器科技有限公司迁扩建项目_01_受理公告或公示版,废气治理,废气治理、废气收集、活性炭,废气治理、废气收集、活性炭,的有机废 气经集气罩收集后引入“活性炭 吸附”处理后通过 45m 高的排 气筒（DA001）引至高空排放。 不使用高 VOCs 含量原辅材料 符 合 7,的有机废 气经集气罩收集后引入“活性炭 吸附”处理后通过 45m 高的排 气筒（DA001）引至高空排放。 不使用高 VOCs 含量原辅材料 符 合 第,关键词已对应，待人工核验数值与字段归属,,
099_佛山市宇纳电器科技有限公司迁扩建项目_01_受理公告或公示版,固废与危险废物,危险废物、固体废物、危废暂存,危险废物、固体废物、危废暂存,炉等有机废气治理设施。项目产生的危险废物由 专门容器收集后暂存于危废贮存间内，定期交由有相应资质的单位处理处置，并 通过信息系统登记转移计划和电子转移联,炉等有机废气治理设施。项目产生的危险废物由 专门容器收集后暂存于危废贮存间内，定期交由有相应资质的单位处理处置，并 通过信息系统登记转移计划和电子转移联,关键词已对应，待人工核验数值与字段归属,,
099_佛山市宇纳电器科技有限公司迁扩建项目_01_受理公告或公示版,总量与执行标准,总量控制、总量指标、执行标准,总量控制、总量指标、执行标准,氮氧化物及挥发性有机物等)实施 总量控制；上年度重点河涌水质未 达到水环境质量目标的管控分区 所在镇(街道)，须组织编制、系统 实施、向社会公开区域重点,氮氧化物及挥发性有机物等)实施 总量控制；上年度重点河涌水质未 达到水环境质量目标的管控分区 所在镇(街道)，须组织编制、系统 实施、向社会公开区域重点,关键词已对应，待人工核验数值与字段归属,,
099_佛山市宇纳电器科技有限公司迁扩建项目_01_受理公告或公示版,监督检查清单,环境保护措施监督检查清单、监督检查清单,环境保护措施监督检查清单、监督检查清单,.......... 36 五、环境保护措施监督检查清单 ...............................................,.......... 36 五、环境保护措施监督检查清单 ...............................................,关键词已对应，待人工核验数值与字段归属,,
100_佛山市承帆新材料科技有限公司新建项目_01_受理公告或公示版,项目基本情况,建设项目名称、建设地点、总投资,建设项目名称、建设地点、总投资, 1 — 一、建设项目基本情况 建设项目名称 佛山市承帆新材料科技有限公司新建项目 项目代码 无 建设单位联系人 张佳佳 联系方式 1508804752, 1 — 一、建设项目基本情况 建设项目名称 佛山市承帆新材料科技有限公司新建项目 项目代码 无 建设单位联系人 张佳佳 联系方式 1508804752,关键词已对应，待人工核验数值与字段归属,,
100_佛山市承帆新材料科技有限公司新建项目_01_受理公告或公示版,产品与产量,主要产品、产品名称、年产,主要产品、产品名称、年产,东南角，建筑面积约 5m2 2、主要产品及产能 表 2-2 项目主要产品产量表 序号 主要产品名称单位 年产量 备注 1 PVC 收缩膜 （筒料） 吨/,东南角，建筑面积约 5m2 2、主要产品及产能 表 2-2 项目主要产品产量表 序号 主要产品名称单位 年产量 备注 1 PVC 收缩膜 （筒料） 吨/,关键词已对应，待人工核验数值与字段归属,,
100_佛山市承帆新材料科技有限公司新建项目_01_受理公告或公示版,原辅材料,原辅材料、原料名称、辅料,原辅材料、原料名称、辅料,新建生 产和使用 高挥发性有机物原辅材料的项目，鼓励建设挥发性有机物共性工厂。 项目不属于上述严格控制建设的项目。项目不生产和使用 高挥发性有机物原辅材,新建生 产和使用 高挥发性有机物原辅材料的项目，鼓励建设挥发性有机物共性工厂。 项目不属于上述严格控制建设的项目。项目不生产和使用 高挥发性有机物原辅材,关键词已对应，待人工核验数值与字段归属,,
100_佛山市承帆新材料科技有限公司新建项目_01_受理公告或公示版,生产设备,主要生产设备、设备名称、生产设施,主要生产设备、设备名称、生产设施,注塑、排 放恶臭气味的生产工艺和生产设施。 项目 100m 范围内无现有及规划的居住区、学校和医院等 敏感用地。 符合 10、结合《顺德区高质量推动村级,注塑、排 放恶臭气味的生产工艺和生产设施。 项目 100m 范围内无现有及规划的居住区、学校和医院等 敏感用地。 符合 10、结合《顺德区高质量推动村级,关键词已对应，待人工核验数值与字段归属,,
100_佛山市承帆新材料科技有限公司新建项目_01_受理公告或公示版,工艺与产污,工艺流程、生产工艺、产污环节,工艺流程、生产工艺、产污环节,水得到有效收集和处理。 本项目无生产工艺废水产生，冷却塔排水经雨水管道排入 附近河涌，生活污水经市政污水管排入杏坛生活污水处理 厂处理，生活污水产生量较,水得到有效收集和处理。 本项目无生产工艺废水产生，冷却塔排水经雨水管道排入 附近河涌，生活污水经市政污水管排入杏坛生活污水处理 厂处理，生活污水产生量较,关键词已对应，待人工核验数值与字段归属,,
100_佛山市承帆新材料科技有限公司新建项目_01_受理公告或公示版,源强与定量核算,产生量、排放量、收集效率,产生量、排放量、收集效率,......63 建设项目污染物排放量汇总表 附图 1 项目地理位置图 附图 2 大气环境保护目标分布图 附图 3 声环境保护目标分布图 附图 4 项目,......63 建设项目污染物排放量汇总表 附图 1 项目地理位置图 附图 2 大气环境保护目标分布图 附图 3 声环境保护目标分布图 附图 4 项目,关键词已对应，待人工核验数值与字段归属,,
100_佛山市承帆新材料科技有限公司新建项目_01_受理公告或公示版,废气治理,废气治理、废气收集、活性炭,废气治理、废气收集、活性炭,要求，以及 VOCs 无组织排放废气收集处理系统要求执行《挥发性有机物无组织 排放控制标准》（GB37822-2019）要求，厂区内 VOCs 无组织排,要求，以及 VOCs 无组织排放废气收集处理系统要求执行《挥发性有机物无组织 排放控制标准》（GB37822-2019）要求，厂区内 VOCs 无组织排,关键词已对应，待人工核验数值与字段归属,,
100_佛山市承帆新材料科技有限公司新建项目_01_受理公告或公示版,固废与危险废物,危险废物、固体废物、危废暂存,危险废物、固体废物、危废暂存,贮存危废间，定期 交由有相应类型危险废物处理资质的单位收集处理。 符合 2.《重点行业挥发性有机物综合治理方案》（环大气[2019]53 号） 2.1 ,贮存危废间，定期 交由有相应类型危险废物处理资质的单位收集处理。 符合 2.《重点行业挥发性有机物综合治理方案》（环大气[2019]53 号） 2.1 ,关键词已对应，待人工核验数值与字段归属,,
100_佛山市承帆新材料科技有限公司新建项目_01_受理公告或公示版,总量与执行标准,总量控制、总量指标、执行标准,总量控制、总量指标、执行标准,、氮氧化物及挥发性有机物等）实施总量控制；上年度重点河涌 水质未达到水环境质量目标 的管控分区所在镇（街道），须组织编 制、系统实施、向社会公开区域重点,、氮氧化物及挥发性有机物等）实施总量控制；上年度重点河涌 水质未达到水环境质量目标 的管控分区所在镇（街道），须组织编 制、系统实施、向社会公开区域重点,关键词已对应，待人工核验数值与字段归属,,
100_佛山市承帆新材料科技有限公司新建项目_01_受理公告或公示版,监督检查清单,环境保护措施监督检查清单、监督检查清单,环境保护措施监督检查清单、监督检查清单,...........35 五、环境保护措施监督检查清单................................................,...........35 五、环境保护措施监督检查清单................................................,关键词已对应，待人工核验数值与字段归属,,
101_广东顺德铁夫汽车配件有限公司迁扩建项目_01_受理公告或公示版,项目基本情况,建设地点、总投资、环保投资,建设地点、总投资、环保投资,无 建设单位 联系人 联系方式 建设地点 广东省佛山市顺德区均安镇均安社区居民委员会乾安路 1 号国际物流园 A 区 10-17 卷闸（具体地址） 地理,无 建设单位 联系人 联系方式 建设地点 广东省佛山市顺德区均安镇均安社区居民委员会乾安路 1 号国际物流园 A 区 10-17 卷闸（具体地址） 地理,关键词已对应，待人工核验数值与字段归属,,
101_广东顺德铁夫汽车配件有限公司迁扩建项目_01_受理公告或公示版,产品与产量,主要产品、年产,主要产品、年产,汽车后备箱垫子的生产，生产规模为年产汽车车顶旅行箱 1 万套/年、 汽车大包围 0.2 万套/年、汽车后备箱垫子 1 万套/年。 迁扩建后，本项目主要变,汽车后备箱垫子的生产，生产规模为年产汽车车顶旅行箱 1 万套/年、 汽车大包围 0.2 万套/年、汽车后备箱垫子 1 万套/年。 迁扩建后，本项目主要变,关键词已对应，待人工核验数值与字段归属,,
101_广东顺德铁夫汽车配件有限公司迁扩建项目_01_受理公告或公示版,原辅材料,主要原辅材料、原辅材料,主要原辅材料、原辅材料,等项目。推广应用低挥发 性有机物原辅材料，严格限制 新建生产和使用高挥发性有机 物原辅材料的项目，鼓励建设 挥发性有机物共性工厂。 项目位于珠三角核心区,等项目。推广应用低挥发 性有机物原辅材料，严格限制 新建生产和使用高挥发性有机 物原辅材料的项目，鼓励建设 挥发性有机物共性工厂。 项目位于珠三角核心区,关键词已对应，待人工核验数值与字段归属,,
101_广东顺德铁夫汽车配件有限公司迁扩建项目_01_受理公告或公示版,生产设备,主要生产设备、生产设施,主要生产设备、生产设施,主要设备 （1）迁扩建前后，项目主要生产设备情况详见下表： 表 2-5 本项目主要生产设备情况 序号 设备 规格参 数 单台设 备占地 面积 迁扩建 前,主要设备 （1）迁扩建前后，项目主要生产设备情况详见下表： 表 2-5 本项目主要生产设备情况 序号 设备 规格参 数 单台设 备占地 面积 迁扩建 前,关键词已对应，待人工核验数值与字段归属,,
101_广东顺德铁夫汽车配件有限公司迁扩建项目_01_受理公告或公示版,工艺与产污,工艺流程、生产工艺、产污环节,工艺流程、生产工艺、产污环节,焦 产业行业特点针对企业规模小、生产工艺简 单、单纯加工型、产品附加值不高、废水产 排复杂的涉水项目，要严格废水回用率和回 用可行性审查，无废水成分分析,焦 产业行业特点针对企业规模小、生产工艺简 单、单纯加工型、产品附加值不高、废水产 排复杂的涉水项目，要严格废水回用率和回 用可行性审查，无废水成分分析,关键词已对应，待人工核验数值与字段归属,,
101_广东顺德铁夫汽车配件有限公司迁扩建项目_01_受理公告或公示版,源强与定量核算,污染源强、产生量、排放量,污染源强、产生量、排放量,3.1 建设项目新增 VOCs 排放量，实行本行政区 域内污染源“点对点”2 倍量削减替代，原则上 不得接受其他区域 VOCs“可替代总量指标”。 本项,3.1 建设项目新增 VOCs 排放量，实行本行政区 域内污染源“点对点”2 倍量削减替代，原则上 不得接受其他区域 VOCs“可替代总量指标”。 本项,关键词已对应，待人工核验数值与字段归属,,
101_广东顺德铁夫汽车配件有限公司迁扩建项目_01_受理公告或公示版,废气治理,废气治理、废气收集、活性炭,废气治理、废气收集、活性炭, 炭吸附装置处理后引至 15m 排气筒 DA001 高空排放；生 活污水经处理后排至均安污水处理厂处理后尾水排至海 洲水道。经以上处理后，项目对区域内环, 炭吸附装置处理后引至 15m 排气筒 DA001 高空排放；生 活污水经处理后排至均安污水处理厂处理后尾水排至海 洲水道。经以上处理后，项目对区域内环,关键词已对应，待人工核验数值与字段归属,,
101_广东顺德铁夫汽车配件有限公司迁扩建项目_01_受理公告或公示版,固废与危险废物,危险废物、固体废物、危废暂存,危险废物、固体废物、危废暂存, 建项目实施减量替代。大力推 进固体废物源头减量化、资源 化利用和无害化处置，稳步推 进“无废城市”试点建设。 项目属于迁扩建项目，生活污 水经三级化粪, 建项目实施减量替代。大力推 进固体废物源头减量化、资源 化利用和无害化处置，稳步推 进“无废城市”试点建设。 项目属于迁扩建项目，生活污 水经三级化粪,关键词已对应，待人工核验数值与字段归属,,
101_广东顺德铁夫汽车配件有限公司迁扩建项目_01_受理公告或公示版,总量与执行标准,总量控制、总量指标、执行标准,总量控制、总量指标、执行标准,马河、汾江河等重点流 域水污染物排放标准。重点水 污染物未达到环境质量改善目 标的区域内，新建、改建、扩 建项目实施减量替代。大力推 进固体废物源头减量,马河、汾江河等重点流 域水污染物排放标准。重点水 污染物未达到环境质量改善目 标的区域内，新建、改建、扩 建项目实施减量替代。大力推 进固体废物源头减量,关键词已对应，待人工核验数值与字段归属,,
101_广东顺德铁夫汽车配件有限公司迁扩建项目_01_受理公告或公示版,监督检查清单,环境保护措施监督检查清单、监督检查清单,环境保护措施监督检查清单、监督检查清单,...... - 41 - 五、环境保护措施监督检查清单 ...............................................,...... - 41 - 五、环境保护措施监督检查清单 ...............................................,关键词已对应，待人工核验数值与字段归属,,
102_佛山市顺腾丰家具配件有限公司新建项目_01_受理公告或公示版,项目基本情况,建设项目名称、建设地点、总投资,建设项目名称、建设地点、总投资,部制 1 一、建设项目基本情况 建设项目名称 佛山市顺腾丰家具配件有限公司新建项目 项目代码 无 建设单位联系人 联系方式 建设地点 佛山市顺德区均安镇,2页 1 一、建设项目基本情况 建设项目名称 佛山市顺腾丰家具配件有限公司新建项目 项目代码 无 建设单位联系人 联系方式 建设地点 佛山市顺德区均安镇,关键词已对应，待人工核验数值与字段归属,,
102_佛山市顺腾丰家具配件有限公司新建项目_01_受理公告或公示版,产品与产量,主要产品、年产,主要产品、年产,从事塑料仿藤、家具绳的生产销售，年产塑料仿藤 118t、家具绳 80t。 2、本项目建设内容组成 项目租赁已建成厂房进行生产，该厂房主要包括生产车间、办,从事塑料仿藤、家具绳的生产销售，年产塑料仿藤 118t、家具绳 80t。 2、本项目建设内容组成 项目租赁已建成厂房进行生产，该厂房主要包括生产车间、办,关键词已对应，待人工核验数值与字段归属,,
102_佛山市顺腾丰家具配件有限公司新建项目_01_受理公告或公示版,原辅材料,主要原辅材料、原辅材料、辅料,主要原辅材料、原辅材料、辅料, VOCs 含量、低反应活性的 原辅材料替代，将全面使用低 VOCs 含 量原辅材料的企业纳入正面清单和政府 绿色采购清单。鼓励重点行业企业开展 生产工, VOCs 含量、低反应活性的 原辅材料替代，将全面使用低 VOCs 含 量原辅材料的企业纳入正面清单和政府 绿色采购清单。鼓励重点行业企业开展 生产工,关键词已对应，待人工核验数值与字段归属,,
102_佛山市顺腾丰家具配件有限公司新建项目_01_受理公告或公示版,生产设备,设备名称、生产设施、设备一览,设备名称、生产设施、设备一览, 2-2 项目主要设备占地面积 设备名称 数量 尺寸 设备占地面积 设备所在区域面积 挤出线 12 条 10m×1.5m 180m2 挤出区 205m2, 2-2 项目主要设备占地面积 设备名称 数量 尺寸 设备占地面积 设备所在区域面积 挤出线 12 条 10m×1.5m 180m2 挤出区 205m2,关键词已对应，待人工核验数值与字段归属,,
102_佛山市顺腾丰家具配件有限公司新建项目_01_受理公告或公示版,工艺与产污,工艺流程、生产工艺、产污环节,工艺流程、生产工艺、产污环节,采购清单。鼓励重点行业企业开展 生产工艺和设备水性化改造，推广使用 本项目使用的物料不 属于禁止使用的高 VOCs 含量原辅材料， 符合政策要求。建设 ,采购清单。鼓励重点行业企业开展 生产工艺和设备水性化改造，推广使用 本项目使用的物料不 属于禁止使用的高 VOCs 含量原辅材料， 符合政策要求。建设 ,关键词已对应，待人工核验数值与字段归属,,
102_佛山市顺腾丰家具配件有限公司新建项目_01_受理公告或公示版,源强与定量核算,产生量、排放量、收集效率,产生量、排放量、收集效率,的 1#排 气筒引至高空排放， 收集效率为 50%、处 理效率为 50%； 符 合 5.2 持续推进挥发性有机物（VOCs）综合治 理：实施低 VOCs,的 1#排 气筒引至高空排放， 收集效率为 50%、处 理效率为 50%； 符 合 5.2 持续推进挥发性有机物（VOCs）综合治 理：实施低 VOCs,关键词已对应，待人工核验数值与字段归属,,
102_佛山市顺腾丰家具配件有限公司新建项目_01_受理公告或公示版,废气治理,废气治理、废气收集、活性炭,废气治理、废气收集、活性炭,闭，卸 料废气应排至 VOCs 废气收集处理系统； 无法密闭的，应采取局部气体收集措施， 废气应排至 VOCs 废气收集处理系统 项目使用的原料常温 下,闭，卸 料废气应排至 VOCs 废气收集处理系统； 无法密闭的，应采取局部气体收集措施， 废气应排至 VOCs 废气收集处理系统 项目使用的原料常温 下,关键词已对应，待人工核验数值与字段归属,,
102_佛山市顺腾丰家具配件有限公司新建项目_01_受理公告或公示版,固废与危险废物,危险废物、固体废物、危废暂存,危险废物、固体废物、危废暂存,险防控 区域。项目生产过程产生的危险废物分类收集后定期交由具有危废 处置资质的公司处理，并通过信息系统登记转移计划和电子转移联 单，符合危险废物全过程跟,险防控 区域。项目生产过程产生的危险废物分类收集后定期交由具有危废 处置资质的公司处理，并通过信息系统登记转移计划和电子转移联 单，符合危险废物全过程跟,关键词已对应，待人工核验数值与字段归属,,
102_佛山市顺腾丰家具配件有限公司新建项目_01_受理公告或公示版,总量与执行标准,总量控制、总量指标、执行标准,总量控制、总量指标、执行标准,做好重点行业建设项目挥发性有机物总量指标 管理工作的通知》（粤环发【2019】2 号） 1.1 各地应当按照“最优的设计、先进的设 备、最严的管理”要求,做好重点行业建设项目挥发性有机物总量指标 管理工作的通知》（粤环发【2019】2 号） 1.1 各地应当按照“最优的设计、先进的设 备、最严的管理”要求,关键词已对应，待人工核验数值与字段归属,,
102_佛山市顺腾丰家具配件有限公司新建项目_01_受理公告或公示版,监督检查清单,环境保护措施监督检查清单、监督检查清单,环境保护措施监督检查清单、监督检查清单,展电磁辐射影响评价。 49 五、环境保护措施监督检查清单 内容 要素 排放口（编 号、名称）/ 污染源 污染物项 目 环境保护措施 执行标准 大气环境 ,影响评价。 第50页 49 五、环境保护措施监督检查清单 内容 要素 排放口（编 号、名称）/ 污染源 污染物项 目 环境保护措施 执行标准 大气环境 ,关键词已对应，待人工核验数值与字段归属,,
103_广东顺德优线三维科技有限公司迁扩建项目_01_受理公告或公示版,项目基本情况,建设项目名称、建设地点、总投资,建设项目名称、建设地点、总投资,报告 1 一、建设项目基本情况 建设项目名称 广东顺德优线三维科技有限公司迁扩建项目 项目代码 无 建设单位联系人 潘** 联系方式 13******3,5页 1 一、建设项目基本情况 建设项目名称 广东顺德优线三维科技有限公司迁扩建项目 项目代码 无 建设单位联系人 潘** 联系方式 13******3,关键词已对应，待人工核验数值与字段归属,,
103_广东顺德优线三维科技有限公司迁扩建项目_01_受理公告或公示版,产品与产量,主要产品、产品名称、年产,主要产品、产品名称、年产, 打印耗 材的产销，迁扩建前项目年产 3D 打印耗材 100 万卷。 现为提升产品质量，提高企业市场竞争力，建设单位拟于广东省佛山市顺德区大良 街道红岗, 打印耗 材的产销，迁扩建前项目年产 3D 打印耗材 100 万卷。 现为提升产品质量，提高企业市场竞争力，建设单位拟于广东省佛山市顺德区大良 街道红岗,关键词已对应，待人工核验数值与字段归属,,
103_广东顺德优线三维科技有限公司迁扩建项目_01_受理公告或公示版,原辅材料,主要原辅材料、原辅材料、辅料,主要原辅材料、原辅材料、辅料,用的物料均不属于高 挥发性有机物原辅材料，符合 政策要求。 符合 1.2 第四十五条 产生含挥发性有机物废气 的生产和服务活动，应当在密闭空间或 者设备,用的物料均不属于高 挥发性有机物原辅材料，符合 政策要求。 符合 1.2 第四十五条 产生含挥发性有机物废气 的生产和服务活动，应当在密闭空间或 者设备,关键词已对应，待人工核验数值与字段归属,,
103_广东顺德优线三维科技有限公司迁扩建项目_01_受理公告或公示版,生产设备,主要生产设备、设备名称、生产设施,主要生产设备、设备名称、生产设施,度不高于相应 的排放限值；车间或生产设施排气中 NMHC 初始排放速率≥3kg/h 时，建设 VOCs 处理设施且处理效率≥80%；b） 厂区内无组织排,度不高于相应 的排放限值；车间或生产设施排气中 NMHC 初始排放速率≥3kg/h 时，建设 VOCs 处理设施且处理效率≥80%；b） 厂区内无组织排,关键词已对应，待人工核验数值与字段归属,,
103_广东顺德优线三维科技有限公司迁扩建项目_01_受理公告或公示版,工艺与产污,工艺流程、生产工艺、产污环节,工艺流程、生产工艺、产污环节, 4.6 VOCs 治理设施应与生产工艺设备同步 运行，VOCs 治理设施发生故障或检修 时，对应的生产工艺设备应停止运行， 待检修完毕后同步投入使用；, 4.6 VOCs 治理设施应与生产工艺设备同步 运行，VOCs 治理设施发生故障或检修 时，对应的生产工艺设备应停止运行， 待检修完毕后同步投入使用；,关键词已对应，待人工核验数值与字段归属,,
103_广东顺德优线三维科技有限公司迁扩建项目_01_受理公告或公示版,源强与定量核算,污染源强、产生量、排放量,污染源强、产生量、排放量, 时，建设 VOCs 处理设施且处理效率≥80%；b） 厂区内无组织排放监控点 NMHC 的小 时平均浓度值不超过 6 mg/m3，任意一 次浓度值不超, 时，建设 VOCs 处理设施且处理效率≥80%；b） 厂区内无组织排放监控点 NMHC 的小 时平均浓度值不超过 6 mg/m3，任意一 次浓度值不超,关键词已对应，待人工核验数值与字段归属,,
103_广东顺德优线三维科技有限公司迁扩建项目_01_受理公告或公示版,废气治理,废气治理、废气收集、活性炭,废气治理、废气收集、活性炭,热熔注塑废气经 整室收集，通过“活性炭吸附” 装置处理后引至 26m 排气筒 G1 高空排放。 符合 3 2、《广东省大气污染防治条例》（2022 年修,热熔注塑废气经 整室收集，通过“活性炭吸附” 装置处理后引至 26m 排气筒 G1 高空排放。 符合 第7页 3 2、《广东省大气污染防治条例》（202,关键词已对应，待人工核验数值与字段归属,,
103_广东顺德优线三维科技有限公司迁扩建项目_01_受理公告或公示版,固废与危险废物,危险废物、固体废物、危废暂存,危险废物、固体废物、危废暂存,理方资质佐证材料。 企业严格执行危险废物转移 计划报批、依法建立危险废物 转移联单，并通过信息系统登 记转移计划和电子转移联单。 符合 4.8 建立废气,理方资质佐证材料。 企业严格执行危险废物转移 计划报批、依法建立危险废物 转移联单，并通过信息系统登 记转移计划和电子转移联单。 符合 4.8 建立废气,关键词已对应，待人工核验数值与字段归属,,
103_广东顺德优线三维科技有限公司迁扩建项目_01_受理公告或公示版,总量与执行标准,总量控制、总量指标、执行标准,总量控制、总量指标、执行标准,高于《合成革与人造革工业污染物 排放标准》（GB21902-2008）排放限值， 若国家和我省出台并实施适用于塑料 制品制造业的大气污染物排放标准，则 ,高于《合成革与人造革工业污染物 排放标准》（GB21902-2008）排放限值， 若国家和我省出台并实施适用于塑料 制品制造业的大气污染物排放标准，则 ,关键词已对应，待人工核验数值与字段归属,,
103_广东顺德优线三维科技有限公司迁扩建项目_01_受理公告或公示版,监督检查清单,环境保护措施监督检查清单、监督检查清单,环境保护措施监督检查清单、监督检查清单,.......... 45 五、环境保护措施监督检查清单 ...............................................,.......... 45 五、环境保护措施监督检查清单 ...............................................,关键词已对应，待人工核验数值与字段归属,,
104_佛山市邦博恩智能科技有限公司新建项目_01_报批稿或报告表,项目基本情况,建设地点、总投资、环保投资,建设地点、总投资、环保投资,联系方式 139******* 建设地点 佛山市顺德区容桂街道华口社区华发路 33 号领潮制造园 11 栋 201 室 地理坐标 E 113 度 19 ,联系方式 139******* 建设地点 佛山市顺德区容桂街道华口社区华发路 33 号领潮制造园 11 栋 201 室 地理坐标 E 113 度 19 ,关键词已对应，待人工核验数值与字段归属,,
104_佛山市邦博恩智能科技有限公司新建项目_01_报批稿或报告表,产品与产量,产品方案、年产,产品方案、年产,于 一般固体废物的临时存放 2、产品方案及规模 项目主要从事灯罩、灯体的加工生产。项目产品产量见下表。 表 2-2 项目产品产量一览表 类别 名称 单位,于 一般固体废物的临时存放 2、产品方案及规模 项目主要从事灯罩、灯体的加工生产。项目产品产量见下表。 表 2-2 项目产品产量一览表 类别 名称 单位,关键词已对应，待人工核验数值与字段归属,,
104_佛山市邦博恩智能科技有限公司新建项目_01_报批稿或报告表,原辅材料,主要原辅材料、原辅材料,主要原辅材料、原辅材料,清洗剂、胶 黏剂等高挥发性有机物原辅材料项目，鼓 励现有该类项目搬迁退出。 项目不属于储油库项目， 不产生有毒有害大气污染 物，不使用溶剂型油墨、 涂料,清洗剂、胶 黏剂等高挥发性有机物原辅材料项目，鼓 励现有该类项目搬迁退出。 项目不属于储油库项目， 不产生有毒有害大气污染 物，不使用溶剂型油墨、 涂料,关键词已对应，待人工核验数值与字段归属,,
104_佛山市邦博恩智能科技有限公司新建项目_01_报批稿或报告表,生产设备,设备名称、生产设施,设备名称、生产设施,8t/a 3、项目主要生产工艺、生产设施 17 项目主要生产工艺、生产设施见表 2-3。 表 2-3 项目生产工艺、生产设施一览表 序号 设备名称 单 ,8t/a 3、项目主要生产工艺、生产设施 第21页 17 项目主要生产工艺、生产设施见表 2-3。 表 2-3 项目生产工艺、生产设施一览表 序号 设备,关键词已对应，待人工核验数值与字段归属,,
104_佛山市邦博恩智能科技有限公司新建项目_01_报批稿或报告表,工艺与产污,工艺流程、生产工艺、产污环节,工艺流程、生产工艺、产污环节,的生 产工艺升级改造，推行自动化生产工艺， 对达不到要求的 VOCs 收集及治理设施进 行整治提升，逐步淘汰低效 VOCs 治理设 施。 项目不使用高 ,的生 产工艺升级改造，推行自动化生产工艺， 对达不到要求的 VOCs 收集及治理设施进 行整治提升，逐步淘汰低效 VOCs 治理设 施。 项目不使用高 ,关键词已对应，待人工核验数值与字段归属,,
104_佛山市邦博恩智能科技有限公司新建项目_01_报批稿或报告表,源强与定量核算,产生量、排放量、收集效率,产生量、排放量、收集效率,时， 建设 VOCs 处理设施且处理效率≥80%；b） 厂区内无组织排放监控点 NMHC 的小时平 均浓度值不超过 6mg/m3，任意一次浓度值 不超过,时， 建设 VOCs 处理设施且处理效率≥80%；b） 厂区内无组织排放监控点 NMHC 的小时平 均浓度值不超过 6mg/m3，任意一次浓度值 不超过,关键词已对应，待人工核验数值与字段归属,,
104_佛山市邦博恩智能科技有限公司新建项目_01_报批稿或报告表,废气治理,废气治理、废气收集、活性炭,废气治理、废气收集、活性炭, 排放至容桂第二污水处理厂。生产废气收集后经“两级活性炭吸附”处理后 引至高空排放，不产生和排放有毒有害大气污染物项目，符合环境准入及管 控要求。 ②与, 排放至容桂第二污水处理厂。生产废气收集后经“两级活性炭吸附”处理后 引至高空排放，不产生和排放有毒有害大气污染物项目，符合环境准入及管 控要求。 ②与,关键词已对应，待人工核验数值与字段归属,,
104_佛山市邦博恩智能科技有限公司新建项目_01_报批稿或报告表,固废与危险废物,危险废物、固体废物、危废暂存,危险废物、固体废物、危废暂存,废处理方式资质佐证材料 项目建立危险废物台账， 定期将危险废物交给有 资质的单位处理，整理危 废处理合同、转移联单等 资料 符合 4.《佛山市顺德区生态,废处理方式资质佐证材料 项目建立危险废物台账， 定期将危险废物交给有 资质的单位处理，整理危 废处理合同、转移联单等 资料 符合 4.《佛山市顺德区生态,关键词已对应，待人工核验数值与字段归属,,
104_佛山市邦博恩智能科技有限公司新建项目_01_报批稿或报告表,总量与执行标准,总量控制、总量指标、执行标准,总量控制、总量指标、执行标准,水应执行《城镇污水处 理厂污染物排放标准》（GB18918-2002） 一级 A 标准及《广东省水污染物排放限 值》（DB44/26-2001）的较严值,水应执行《城镇污水处 理厂污染物排放标准》（GB18918-2002） 一级 A 标准及《广东省水污染物排放限 值》（DB44/26-2001）的较严值,关键词已对应，待人工核验数值与字段归属,,
104_佛山市邦博恩智能科技有限公司新建项目_01_报批稿或报告表,监督检查清单,环境保护措施监督检查清单、监督检查清单,环境保护措施监督检查清单、监督检查清单,.......... 30 五、环境保护措施监督检查清单 ...............................................,.......... 30 五、环境保护措施监督检查清单 ...............................................,关键词已对应，待人工核验数值与字段归属,,
105_佛山市加合新材料有限公司新建项目_01_报批稿或报告表,项目基本情况,建设项目名称、建设地点、总投资,建设项目名称、建设地点、总投资, 1 — 一、建设项目基本情况 建设项目名称 佛山市加合新材料有限公司新建项目 项目代码 无 建设单位联系人 赖俊华 联系方式 18042876819 , 1 — 一、建设项目基本情况 建设项目名称 佛山市加合新材料有限公司新建项目 项目代码 无 建设单位联系人 赖俊华 联系方式 18042876819 ,关键词已对应，待人工核验数值与字段归属,,
105_佛山市加合新材料有限公司新建项目_01_报批稿或报告表,产品与产量,主要产品、产品名称、年产,主要产品、产品名称、年产,间南部，建筑面积约 5m2 2、主要产品及产能 表 2-2 项目主要产品产量表 序号 主要产品名称 单位 年产量 备注 1 塑料颗粒 吨/年 720.1,间南部，建筑面积约 5m2 2、主要产品及产能 表 2-2 项目主要产品产量表 序号 主要产品名称 单位 年产量 备注 1 塑料颗粒 吨/年 720.1,关键词已对应，待人工核验数值与字段归属,,
105_佛山市加合新材料有限公司新建项目_01_报批稿或报告表,原辅材料,原辅材料、原料名称、辅料,原辅材料、原料名称、辅料,罐、 储库、料仓中。 项目使用的原辅材料 PVC 树脂粉、聚乙烯蜡、甲基 丙烯酸甲酯-丙烯酸丁酯聚合物、色粉均为粉状物料， 均使用密闭包装袋包装储存在厂,罐、 储库、料仓中。 项目使用的原辅材料 PVC 树脂粉、聚乙烯蜡、甲基 丙烯酸甲酯-丙烯酸丁酯聚合物、色粉均为粉状物料， 均使用密闭包装袋包装储存在厂,关键词已对应，待人工核验数值与字段归属,,
105_佛山市加合新材料有限公司新建项目_01_报批稿或报告表,生产设备,主要生产设备、设备名称、生产设施,主要生产设备、设备名称、生产设施,备及设施详见下表： 表 2-3 主要生产设备一览表 序 号 设备 规格参数 数量 单位 工艺 位置 1 混料机 / 5 台 混料 混料室 2 水冷挤出线,备及设施详见下表： 表 2-3 主要生产设备一览表 序 号 设备 规格参数 数量 单位 工艺 位置 1 混料机 / 5 台 混料 混料室 2 水冷挤出线,关键词已对应，待人工核验数值与字段归属,,
105_佛山市加合新材料有限公司新建项目_01_报批稿或报告表,工艺与产污,工艺流程、生产工艺、产污环节,工艺流程、生产工艺、产污环节,中禁止和许可事项；项目生产产品、生产工艺和生产设备均不属于《产业结构调整指导目录（2024 年本）》 （国家发展和改革委员会令第 7 号，2024 年 ,中禁止和许可事项；项目生产产品、生产工艺和生产设备均不属于《产业结构调整指导目录（2024 年本）》 （国家发展和改革委员会令第 7 号，2024 年 ,关键词已对应，待人工核验数值与字段归属,,
105_佛山市加合新材料有限公司新建项目_01_报批稿或报告表,源强与定量核算,产生量、排放量、收集效率,产生量、排放量、收集效率,......59 建设项目污染物排放量汇总表 附图 1 项目地理位置图 附图 2 大气环境保护目标分布图 附图 3 声环境保护目标分布图 附图 4 项目,......59 建设项目污染物排放量汇总表 附图 1 项目地理位置图 附图 2 大气环境保护目标分布图 附图 3 声环境保护目标分布图 附图 4 项目,关键词已对应，待人工核验数值与字段归属,,
105_佛山市加合新材料有限公司新建项目_01_报批稿或报告表,废气治理,废气治理、废气收集、活性炭,废气治理、废气收集、活性炭,部气体收集，废气排至 VOCs 废气收集处理系统。 粉状、粒状 VOCs 物料采用气力输送方式或采用密闭固体投料器等给料 方式密闭投加；无法密闭投加的，,部气体收集，废气排至 VOCs 废气收集处理系统。 粉状、粒状 VOCs 物料采用气力输送方式或采用密闭固体投料器等给料 方式密闭投加；无法密闭投加的，,关键词已对应，待人工核验数值与字段归属,,
105_佛山市加合新材料有限公司新建项目_01_报批稿或报告表,固废与危险废物,危险废物、固体废物、危废暂存,危险废物、固体废物、危废暂存,贮存危废间，定 期交由有相应类型危险废物处理资质的单位收集处 理。 符合 2.《重点行业挥发性有机物综合治理方案》（环大气[2019]53 号） 2.1,贮存危废间，定 期交由有相应类型危险废物处理资质的单位收集处 理。 符合 2.《重点行业挥发性有机物综合治理方案》（环大气[2019]53 号） 2.1,关键词已对应，待人工核验数值与字段归属,,
105_佛山市加合新材料有限公司新建项目_01_报批稿或报告表,总量与执行标准,总量控制、总量指标、执行标准,总量控制、总量指标、执行标准,印发《顺德区重点行业挥发性有机物总量指标管理工作方案（2024 年修订）》的通知 — 4 — 3.1 全区建设项目新增 VOCs 排放量施行“减二增一”,印发《顺德区重点行业挥发性有机物总量指标管理工作方案（2024 年修订）》的通知 第8页 — 4 — 3.1 全区建设项目新增 VOCs 排放量施行“减,关键词已对应，待人工核验数值与字段归属,,
105_佛山市加合新材料有限公司新建项目_01_报批稿或报告表,监督检查清单,环境保护措施监督检查清单、监督检查清单,环境保护措施监督检查清单、监督检查清单,...........30 五、环境保护措施监督检查清单................................................,...........30 五、环境保护措施监督检查清单................................................,关键词已对应，待人工核验数值与字段归属,,
106_思邦自行车配件（佛山）有限公司改扩建项目_01_受理公告或公示版,项目基本情况,建设项目名称、建设地点、总投资,建设项目名称、建设地点、总投资,声明 1 一、建设项目基本情况 建设项目名称 思邦自行车配件（佛山）有限公司改扩建项目 项目代码 无 建设单位联系人 潘** 联系方式 1353447*,5页 1 一、建设项目基本情况 建设项目名称 思邦自行车配件（佛山）有限公司改扩建项目 项目代码 无 建设单位联系人 潘** 联系方式 1353447*,关键词已对应，待人工核验数值与字段归属,,
106_思邦自行车配件（佛山）有限公司改扩建项目_01_受理公告或公示版,产品与产量,产品名称、年产,产品名称、年产,238545001Z，批准规模是年产自行车灯148万个、自行车配件160 万件，批准设备包括注塑机4台、装配台40位、高周波塑料溶胶机2台、超声波 焊接,238545001Z，批准规模是年产自行车灯148万个、自行车配件160 万件，批准设备包括注塑机4台、装配台40位、高周波塑料溶胶机2台、超声波 焊接,关键词已对应，待人工核验数值与字段归属,,
106_思邦自行车配件（佛山）有限公司改扩建项目_01_受理公告或公示版,原辅材料,主要原辅材料、原辅材料、原料名称,主要原辅材料、原辅材料、原料名称,、原油加工等项目。项目生产使用的原辅材料为低挥发性物 质，不属于新建生产和使用高挥发性有机物原辅材料的项目，符合区域布局管控 要求。 2）能源资源利用要,、原油加工等项目。项目生产使用的原辅材料为低挥发性物 质，不属于新建生产和使用高挥发性有机物原辅材料的项目，符合区域布局管控 要求。 2）能源资源利用要,关键词已对应，待人工核验数值与字段归属,,
106_思邦自行车配件（佛山）有限公司改扩建项目_01_受理公告或公示版,生产设备,主要生产设备、生产设施、设备一览,主要生产设备、生产设施、设备一览,要设备见下表： 表 2.7 项目主要生产设备一览表 序 号 名称 单 位 现有 项目 变化 改扩建 后项目 型号、功率 使用 工序 所在车 间位置 1 ,要设备见下表： 表 2.7 项目主要生产设备一览表 序 号 名称 单 位 现有 项目 变化 改扩建 后项目 型号、功率 使用 工序 所在车 间位置 1 ,关键词已对应，待人工核验数值与字段归属,,
106_思邦自行车配件（佛山）有限公司改扩建项目_01_受理公告或公示版,工艺与产污,工艺流程、生产工艺、产污环节,工艺流程、生产工艺、产污环节,代，加快涉 VOCs 重点行业的生产工艺 升级改造，推行自动化生产工艺，对达不到要 求的 VOCs 收集及治理设施进行整治提升，逐 步淘汰低效 VOCs,代，加快涉 VOCs 重点行业的生产工艺 升级改造，推行自动化生产工艺，对达不到要 求的 VOCs 收集及治理设施进行整治提升，逐 步淘汰低效 VOCs,关键词已对应，待人工核验数值与字段归属,,
106_思邦自行车配件（佛山）有限公司改扩建项目_01_受理公告或公示版,源强与定量核算,产生量、排放量、收集效率,产生量、排放量、收集效率,有机废气的工序均配套有收集设施，收集效率约50%， 经配套治理设备治理后引至排气筒达标排放。通过废气收集和处理措施能减少项 目的挥发性有机物无组织排放；,有机废气的工序均配套有收集设施，收集效率约50%， 经配套治理设备治理后引至排气筒达标排放。通过废气收集和处理措施能减少项 目的挥发性有机物无组织排放；,关键词已对应，待人工核验数值与字段归属,,
106_思邦自行车配件（佛山）有限公司改扩建项目_01_受理公告或公示版,废气治理,废气治理、废气收集、活性炭,废气治理、废气收集、活性炭,0%， 经配套治理设备治理后引至排气筒达标排放。通过废气收集和处理措施能减少项 目的挥发性有机物无组织排放；项目生活污水经处理达标后排放至大门污水处理 ,0%， 经配套治理设备治理后引至排气筒达标排放。通过废气收集和处理措施能减少项 目的挥发性有机物无组织排放；项目生活污水经处理达标后排放至大门污水处理 ,关键词已对应，待人工核验数值与字段归属,,
106_思邦自行车配件（佛山）有限公司改扩建项目_01_受理公告或公示版,固废与危险废物,危险废物、固体废物,危险废物、固体废物,园区环境风险防控区域。项目产生的危险废物拟定 期委托有资质的处置公司进行收集处理，并通过信息系统登记转移计划和电子转 移联单，符合危险废物全过程跟踪管理,园区环境风险防控区域。项目产生的危险废物拟定 期委托有资质的处置公司进行收集处理，并通过信息系统登记转移计划和电子转 移联单，符合危险废物全过程跟踪管理,关键词已对应，待人工核验数值与字段归属,,
106_思邦自行车配件（佛山）有限公司改扩建项目_01_受理公告或公示版,总量与执行标准,总量控制、总量指标、执行标准,总量控制、总量指标、执行标准,有机物实行区域内两倍削减量替代，总量指标 由镇街分配；项目所有产生有机废气的工序均配套有收集设施，收集效率约50%， 经配套治理设备治理后引至排气筒达标,有机物实行区域内两倍削减量替代，总量指标 由镇街分配；项目所有产生有机废气的工序均配套有收集设施，收集效率约50%， 经配套治理设备治理后引至排气筒达标,关键词已对应，待人工核验数值与字段归属,,
106_思邦自行车配件（佛山）有限公司改扩建项目_01_受理公告或公示版,监督检查清单,环境保护措施监督检查清单、监督检查清单,环境保护措施监督检查清单、监督检查清单,.......... 35 五、环境保护措施监督检查清单 ...............................................,.......... 35 五、环境保护措施监督检查清单 ...............................................,关键词已对应，待人工核验数值与字段归属,,
107_佛山市顺德区凯和电器有限公司迁扩建项目_01_受理公告或公示版,项目基本情况,建设项目名称、建设地点、总投资,建设项目名称、建设地点、总投资, 1 — 一、建设项目基本情况 建设项目名称 佛山市顺德区凯和电器有限公司迁扩建项目 项目代码 无 建设单位联系人 黄柯斯 联系方式 158******, 1 — 一、建设项目基本情况 建设项目名称 佛山市顺德区凯和电器有限公司迁扩建项目 项目代码 无 建设单位联系人 黄柯斯 联系方式 158******,关键词已对应，待人工核验数值与字段归属,,
107_佛山市顺德区凯和电器有限公司迁扩建项目_01_受理公告或公示版,产品与产量,主要产品、产品名称、年产,主要产品、产品名称、年产,得《佛山市顺德区凯和电器有限公司年产塑料配件 200 吨搬迁项目》的环评批复（批 复号：（顺管（勒）环审[2018]第 164 号）及建设项目环境影响报,得《佛山市顺德区凯和电器有限公司年产塑料配件 200 吨搬迁项目》的环评批复（批 复号：（顺管（勒）环审[2018]第 164 号）及建设项目环境影响报,关键词已对应，待人工核验数值与字段归属,,
107_佛山市顺德区凯和电器有限公司迁扩建项目_01_受理公告或公示版,原辅材料,主要原辅材料、原辅材料、原料名称,主要原辅材料、原辅材料、原料名称,BS 塑料均为低 VOCs 含量原辅材料，因此项目符合 区域布局管控要求。 （2）能源资源利用要求 项目属于 C2929 塑料零件及其他塑料制品制造，不,BS 塑料均为低 VOCs 含量原辅材料，因此项目符合 区域布局管控要求。 （2）能源资源利用要求 项目属于 C2929 塑料零件及其他塑料制品制造，不,关键词已对应，待人工核验数值与字段归属,,
107_佛山市顺德区凯和电器有限公司迁扩建项目_01_受理公告或公示版,生产设备,主要生产设备、生产设施,主要生产设备、生产设施,度不高于相应 的排放限值；车间或生产设施排气中 NMHC 初始排放速率≥3kg/h 时，建设 VOCs 处理设施且处理效率≥80%；b） 厂区内无组织排,度不高于相应 的排放限值；车间或生产设施排气中 NMHC 初始排放速率≥3kg/h 时，建设 VOCs 处理设施且处理效率≥80%；b） 厂区内无组织排,关键词已对应，待人工核验数值与字段归属,,
107_佛山市顺德区凯和电器有限公司迁扩建项目_01_受理公告或公示版,工艺与产污,工艺流程、生产工艺、产污环节,工艺流程、生产工艺、产污环节, 5.4 VOCs 治理设施应与生产工艺设备同步 运行，VOCs 治理设施发生故障或检修 时，对应的生产工艺设备应停止运行， 待检修完毕后同步投入使用；, 5.4 VOCs 治理设施应与生产工艺设备同步 运行，VOCs 治理设施发生故障或检修 时，对应的生产工艺设备应停止运行， 待检修完毕后同步投入使用；,关键词已对应，待人工核验数值与字段归属,,
107_佛山市顺德区凯和电器有限公司迁扩建项目_01_受理公告或公示版,源强与定量核算,产生量、排放量、收集效率,产生量、排放量、收集效率,..... 43 建设项目污染物排放量汇总表 附图 1 项目地理位置图 附图 2 环境大气环境保护目标分布图 附图 3 项目平布置图 附图 4 项目四至,..... 43 建设项目污染物排放量汇总表 附图 1 项目地理位置图 附图 2 环境大气环境保护目标分布图 附图 3 项目平布置图 附图 4 项目四至,关键词已对应，待人工核验数值与字段归属,,
107_佛山市顺德区凯和电器有限公司迁扩建项目_01_受理公告或公示版,废气治理,废气治理、废气收集、活性炭,废气治理、废气收集、活性炭,内操作，废气应排 至 VOCs 废气收集处理系统；无法密 闭的，应采取局部气体收集措施，废 气应排至 VOCs 废气收集处理系统。 项目注塑产生的有机废,内操作，废气应排 至 VOCs 废气收集处理系统；无法密 闭的，应采取局部气体收集措施，废 气应排至 VOCs 废气收集处理系统。 项目注塑产生的有机废,关键词已对应，待人工核验数值与字段归属,,
107_佛山市顺德区凯和电器有限公司迁扩建项目_01_受理公告或公示版,固废与危险废物,危险废物、固体废物、危废暂存,危险废物、固体废物、危废暂存,点园环境风险防控区域。项目产生的危险废物拟定期委托有资质的危废处理公司收集 处理，并通过信息系统登记转移计划和电子转移联单，符合危险废物全过程跟踪管理 ,点园环境风险防控区域。项目产生的危险废物拟定期委托有资质的危废处理公司收集 处理，并通过信息系统登记转移计划和电子转移联单，符合危险废物全过程跟踪管理 ,关键词已对应，待人工核验数值与字段归属,,
107_佛山市顺德区凯和电器有限公司迁扩建项目_01_受理公告或公示版,总量与执行标准,总量控制、总量指标、执行标准,总量控制、总量指标、执行标准,东省《固定污染源挥发性有机物综合排放标准》（DB44/2367-2022） 1.1 有机聚合物产品用于制品生产的过 程，在混合/混炼、塑炼/塑化/熔化、,东省《固定污染源挥发性有机物综合排放标准》（DB44/2367-2022） 1.1 有机聚合物产品用于制品生产的过 程，在混合/混炼、塑炼/塑化/熔化、,关键词已对应，待人工核验数值与字段归属,,
107_佛山市顺德区凯和电器有限公司迁扩建项目_01_受理公告或公示版,监督检查清单,环境保护措施监督检查清单、监督检查清单,环境保护措施监督检查清单、监督检查清单,...........25 五、环境保护措施监督检查清单 ...............................................,...........25 五、环境保护措施监督检查清单 ...............................................,关键词已对应，待人工核验数值与字段归属,,
108_佛山志兴盈包装有限公司新建项目_01_受理公告或公示版,项目基本情况,建设项目名称、建设地点、总投资,建设项目名称、建设地点、总投资, 1 — 一、建设项目基本情况 建设项目名称 佛山志兴盈包装有限公司新建项目 项目代码 / 建设单位联系人 廖* 联系方式 137**808 建设地点 , 1 — 一、建设项目基本情况 建设项目名称 佛山志兴盈包装有限公司新建项目 项目代码 / 建设单位联系人 廖* 联系方式 137**808 建设地点 ,关键词已对应，待人工核验数值与字段归属,,
108_佛山志兴盈包装有限公司新建项目_01_受理公告或公示版,产品与产量,产品方案、主要产品、产品名称,产品方案、主要产品、产品名称,江村村慧商二路4号三厂房3楼建设年产220吨塑料袋的生产基地，项 目项目占地面积1033平方米，建筑面积1033平方米。项目厂房为现有已建成厂房，处于 ,江村村慧商二路4号三厂房3楼建设年产220吨塑料袋的生产基地，项 目项目占地面积1033平方米，建筑面积1033平方米。项目厂房为现有已建成厂房，处于 ,关键词已对应，待人工核验数值与字段归属,,
108_佛山志兴盈包装有限公司新建项目_01_受理公告或公示版,原辅材料,主要原辅材料、原辅材料、原料名称,主要原辅材料、原辅材料、原料名称, 2、大力推进低 VOCs 含量原辅材料替 代，除现阶段溶剂型凹印油墨用于塑料 印刷无法实施替代，可使用非低 VOCs 涂料外，其他均要求使用低 VOC, 2、大力推进低 VOCs 含量原辅材料替 代，除现阶段溶剂型凹印油墨用于塑料 印刷无法实施替代，可使用非低 VOCs 涂料外，其他均要求使用低 VOC,关键词已对应，待人工核验数值与字段归属,,
108_佛山志兴盈包装有限公司新建项目_01_受理公告或公示版,生产设备,主要生产设备、设备名称、生产设施,主要生产设备、设备名称、生产设施,于高效治理设施。 3.4 车间或生产设施收集排放的废气， VOCs 初始排放速率大于等于 3 千克/ 小时、重点区域大于等于 2 千克/小时 的，应加大,于高效治理设施。 3.4 车间或生产设施收集排放的废气， VOCs 初始排放速率大于等于 3 千克/ 小时、重点区域大于等于 2 千克/小时 的，应加大,关键词已对应，待人工核验数值与字段归属,,
108_佛山志兴盈包装有限公司新建项目_01_受理公告或公示版,工艺与产污,工艺流程、生产工艺、产污环节,工艺流程、生产工艺、产污环节,专项治理与清洁化改造，采用先 进生产工艺和技术，减少废水排放量， 加强对重点企业进行清洁生产审核。 本项目仅产生生活污水，无 生产废水排放 符合 污染 ,专项治理与清洁化改造，采用先 进生产工艺和技术，减少废水排放量， 加强对重点企业进行清洁生产审核。 本项目仅产生生活污水，无 生产废水排放 符合 污染 ,关键词已对应，待人工核验数值与字段归属,,
108_佛山志兴盈包装有限公司新建项目_01_受理公告或公示版,源强与定量核算,污染源强、产生量、排放量,污染源强、产生量、排放量,..... 50 建设项目污染物排放量汇总表 .....................................................,..... 50 建设项目污染物排放量汇总表 .....................................................,关键词已对应，待人工核验数值与字段归属,,
108_佛山志兴盈包装有限公司新建项目_01_受理公告或公示版,废气治理,废气治理、废气收集、活性炭,废气治理、废气收集、活性炭,要 求执行，印刷废气经园区集 中废气治理设施处理后达标 排放，吹膜、制袋产生的有 机废气采取包围型集气罩收 集经自建废气治理设施“活 性炭吸附”处理后达,要 求执行，印刷废气经园区集 中废气治理设施处理后达标 排放，吹膜、制袋产生的有 机废气采取包围型集气罩收 集经自建废气治理设施“活 性炭吸附”处理后达,关键词已对应，待人工核验数值与字段归属,,
108_佛山志兴盈包装有限公司新建项目_01_受理公告或公示版,固废与危险废物,危险废物、固体废物、危废暂存,危险废物、固体废物、危废暂存,墙面裙脚、堵 截泄漏的围堰、接触危险废物的隔板和 墙体等应采用坚固的材料建造，表面无 裂缝。地面与裙脚应采取表面防渗措 施，要求达到等效黏土防渗层 Mb,墙面裙脚、堵 截泄漏的围堰、接触危险废物的隔板和 墙体等应采用坚固的材料建造，表面无 裂缝。地面与裙脚应采取表面防渗措 施，要求达到等效黏土防渗层 Mb,关键词已对应，待人工核验数值与字段归属,,
108_佛山志兴盈包装有限公司新建项目_01_受理公告或公示版,总量与执行标准,总量控制、总量指标、执行标准,总量控制、总量指标、执行标准, 污染 物排 放 严格实施污染物总量控制制度，规划区 域水和大气污染物排放总量不得突破 批复的总量管控要求。 本项目严格实施污染物总量 控制制度，按照批, 污染 物排 放 严格实施污染物总量控制制度，规划区 域水和大气污染物排放总量不得突破 批复的总量管控要求。 本项目严格实施污染物总量 控制制度，按照批,关键词已对应，待人工核验数值与字段归属,,
108_佛山志兴盈包装有限公司新建项目_01_受理公告或公示版,监督检查清单,环境保护措施监督检查清单、监督检查清单,环境保护措施监督检查清单、监督检查清单,.......... 19 五、环境保护措施监督检查清单 ...............................................,.......... 19 五、环境保护措施监督检查清单 ...............................................,关键词已对应，待人工核验数值与字段归属,,
109_佛山市顺德区昶新塑料制品有限公司搬迁、扩建项目_01_受理公告或公示版,项目基本情况,建设项目名称、建设地点、总投资,建设项目名称、建设地点、总投资,2 建设规模及产品方案 原有项目总投资 180 万元，产品方案如下表。 表 2.1-2 原有项目产品方案一览表 序号 产品名称 总产能 单位 折算重量 ,2 建设规模及产品方案 原有项目总投资 180 万元，产品方案如下表。 表 2.1-2 原有项目产品方案一览表 序号 产品名称 总产能 单位 折算重量 ,关键词已对应，待人工核验数值与字段归属,,
109_佛山市顺德区昶新塑料制品有限公司搬迁、扩建项目_01_受理公告或公示版,产品与产量,产品方案、产品名称、年产,产品方案、产品名称、年产,··· 73 3.2 建设规模及产品方案 ·······················································,··· 73 3.2 建设规模及产品方案 ·······················································,关键词已对应，待人工核验数值与字段归属,,
109_佛山市顺德区昶新塑料制品有限公司搬迁、扩建项目_01_受理公告或公示版,原辅材料,主要原辅材料、原辅材料、辅料,主要原辅材料、原辅材料、辅料,········ 79 3.5 主要原辅材料及能源消耗量 ···············································,········ 79 3.5 主要原辅材料及能源消耗量 ···············································,关键词已对应，待人工核验数值与字段归属,,
109_佛山市顺德区昶新塑料制品有限公司搬迁、扩建项目_01_受理公告或公示版,生产设备,主要生产设备、设备名称、生产设施,主要生产设备、设备名称、生产设施,········ 79 3.6 主要生产设备 ·····················································,········ 79 3.6 主要生产设备 ·····················································,关键词已对应，待人工核验数值与字段归属,,
109_佛山市顺德区昶新塑料制品有限公司搬迁、扩建项目_01_受理公告或公示版,工艺与产污,工艺流程、生产工艺、产污环节,工艺流程、生产工艺、产污环节,···· 56 2.2 原有项目工艺流程及产污环节 ··················································,···· 56 2.2 原有项目工艺流程及产污环节 ··················································,关键词已对应，待人工核验数值与字段归属,,
109_佛山市顺德区昶新塑料制品有限公司搬迁、扩建项目_01_受理公告或公示版,源强与定量核算,污染源强、产生量、排放量,污染源强、产生量、排放量,···· 64 2.4 原有项目污染源强及防治措施 ··················································,···· 64 2.4 原有项目污染源强及防治措施 ··················································,关键词已对应，待人工核验数值与字段归属,,
109_佛山市顺德区昶新塑料制品有限公司搬迁、扩建项目_01_受理公告或公示版,废气治理,废气治理、废气收集、活性炭,废气治理、废气收集、活性炭,企业深度治理。 开 展中小型企业废气收集和治理设施建设、运行情况的评估，强化对企业涉 VOCs 生产车间/工 序废气的收集管理， 推动企业开展治理设施升,企业深度治理。 开 展中小型企业废气收集和治理设施建设、运行情况的评估，强化对企业涉 VOCs 生产车间/工 序废气的收集管理， 推动企业开展治理设施升,关键词已对应，待人工核验数值与字段归属,,
109_佛山市顺德区昶新塑料制品有限公司搬迁、扩建项目_01_受理公告或公示版,固废与危险废物,危险废物、固体废物、危废暂存,危险废物、固体废物、危废暂存,置， 各地级以上市 组织开展工业固体废物堆存场所的现场检查， 重点检查防扬散、 防流失、 防渗漏等设施建设运 行情况，发现问题要督促责任主体立即整改。”,置， 各地级以上市 组织开展工业固体废物堆存场所的现场检查， 重点检查防扬散、 防流失、 防渗漏等设施建设运 行情况，发现问题要督促责任主体立即整改。”,关键词已对应，待人工核验数值与字段归属,,
109_佛山市顺德区昶新塑料制品有限公司搬迁、扩建项目_01_受理公告或公示版,总量与执行标准,总量控制、总量指标、执行标准,总量控制、总量指标、执行标准,···· 232 8.2 污染物总量控制 ·······················································,···· 232 8.2 污染物总量控制 ·······················································,关键词已对应，待人工核验数值与字段归属,,
109_佛山市顺德区昶新塑料制品有限公司搬迁、扩建项目_01_受理公告或公示版,监督检查清单,,,,,原文未自动定位，待人工确认,,
110_佛山市宇象汇科技有限公司建设项目_01_受理公告或公示版,项目基本情况,建设项目名称、建设地点、总投资,建设项目名称、建设地点、总投资,、硅胶制品制造的生产 加工，项目总投资 500 万元，总占地面积约 1293.37m2，总建筑面积 1293.37m2。项目自 购厂房进行生产，总生产规,、硅胶制品制造的生产 加工，项目总投资 500 万元，总占地面积约 1293.37m2，总建筑面积 1293.37m2。项目自 购厂房进行生产，总生产规,关键词已对应，待人工核验数值与字段归属,,
110_佛山市宇象汇科技有限公司建设项目_01_受理公告或公示版,产品与产量,产品方案、主要产品、产品名称,产品方案、主要产品、产品名称,自 购厂房进行生产，总生产规模为年产注塑平板保护套 60 万件、注塑手机保护套 300 万 件、其它塑料制品 70 万件、硅胶平板保护套 60 万件、其,自 购厂房进行生产，总生产规模为年产注塑平板保护套 60 万件、注塑手机保护套 300 万 件、其它塑料制品 70 万件、硅胶平板保护套 60 万件、其,关键词已对应，待人工核验数值与字段归属,,
110_佛山市宇象汇科技有限公司建设项目_01_受理公告或公示版,原辅材料,主要原辅材料、原辅材料、原料名称,主要原辅材料、原辅材料、原料名称,体系。大力推进低 VOCs 含量原辅材料源头替代，严格 落实国家和地方产品 VOCs含量限值质量标准，禁止建设生产和使用高VOCs含量的溶 剂型涂料、油,体系。大力推进低 VOCs 含量原辅材料源头替代，严格 落实国家和地方产品 VOCs含量限值质量标准，禁止建设生产和使用高VOCs含量的溶 剂型涂料、油,关键词已对应，待人工核验数值与字段归属,,
110_佛山市宇象汇科技有限公司建设项目_01_受理公告或公示版,生产设备,主要生产设备、设备名称、生产设施,主要生产设备、设备名称、生产设施,温焚烧、催化燃 烧等技术。车间或生产设施收集排放的废气，VOCs初始排放速率大于等于 3 千克/小时、 重点区域大于等于 2 千克/小时的，应加大控制力,温焚烧、催化燃 烧等技术。车间或生产设施收集排放的废气，VOCs初始排放速率大于等于 3 千克/小时、 重点区域大于等于 2 千克/小时的，应加大控制力,关键词已对应，待人工核验数值与字段归属,,
110_佛山市宇象汇科技有限公司建设项目_01_受理公告或公示版,工艺与产污,工艺流程、生产工艺、产污环节,工艺流程、生产工艺、产污环节,....... 102 3.2 生产工艺流程 .....................................................,....... 102 3.2 生产工艺流程 .....................................................,关键词已对应，待人工核验数值与字段归属,,
110_佛山市宇象汇科技有限公司建设项目_01_受理公告或公示版,源强与定量核算,污染源强、产生量、排放量,污染源强、产生量、排放量,率 小于 2 千克/小时，其废气处理效率可达到 50%；喷涂废气中 NMHC 初始排放速率大 于 3kg/h，采用旋转式沸石分子筛吸附-脱附-蓄热催化燃,率 小于 2 千克/小时，其废气处理效率可达到 50%；喷涂废气中 NMHC 初始排放速率大 于 3kg/h，采用旋转式沸石分子筛吸附-脱附-蓄热催化燃,关键词已对应，待人工核验数值与字段归属,,
110_佛山市宇象汇科技有限公司建设项目_01_受理公告或公示版,废气治理,废气治理、废气收集、活性炭,废气治理、废气收集、活性炭,....... 295 7.2 废气治理措施及可行性分析 ...............................................,....... 295 7.2 废气治理措施及可行性分析 ...............................................,关键词已对应，待人工核验数值与字段归属,,
110_佛山市宇象汇科技有限公司建设项目_01_受理公告或公示版,固废与危险废物,危险废物、固体废物、危废暂存,危险废物、固体废物、危废暂存,....... 318 7.4 固体废物处置措施可行性分析 ..............................................,....... 318 7.4 固体废物处置措施可行性分析 ..............................................,关键词已对应，待人工核验数值与字段归属,,
110_佛山市宇象汇科技有限公司建设项目_01_受理公告或公示版,总量与执行标准,总量控制、总量指标、执行标准,总量控制、总量指标、执行标准,....... 137 3.6 总量控制 .......................................................,....... 137 3.6 总量控制 .......................................................,关键词已对应，待人工核验数值与字段归属,,
110_佛山市宇象汇科技有限公司建设项目_01_受理公告或公示版,监督检查清单,,,,,原文未自动定位，待人工确认,,
111_广东创卓电器有限公司迁扩建项目_01_受理公告或公示版,项目基本情况,建设项目名称、建设地点、总投资,建设项目名称、建设地点、总投资, 1 — 一、建设项目基本情况 建设项目名称 广东创卓电器有限公司迁扩建项目 项目代码 无 建设单位联系 人 吴** 联系方式 138******** , 1 — 一、建设项目基本情况 建设项目名称 广东创卓电器有限公司迁扩建项目 项目代码 无 建设单位联系 人 吴** 联系方式 138******** ,关键词已对应，待人工核验数值与字段归属,,
111_广东创卓电器有限公司迁扩建项目_01_受理公告或公示版,产品与产量,产品方案、主要产品、产品名称,产品方案、主要产品、产品名称, 迁建后项目的主要生产原辅材料和产品方案详见下表 2-2 和表 2-3； 表 2-2 迁扩建后主要原辅材料及其用量 类别 名称 迁建前 年用量 迁建后 , 迁建后项目的主要生产原辅材料和产品方案详见下表 2-2 和表 2-3； 表 2-2 迁扩建后主要原辅材料及其用量 类别 名称 迁建前 年用量 迁建后 ,关键词已对应，待人工核验数值与字段归属,,
111_广东创卓电器有限公司迁扩建项目_01_受理公告或公示版,原辅材料,主要原辅材料、原辅材料,主要原辅材料、原辅材料,管控，大力推进低 VOCs 含量原辅材料替代。 本项目产生的挥发性有机物 采用围蔽型集气罩收集后，经 “活性炭吸附”装置处理后引 至楼顶高空排放，本项目,管控，大力推进低 VOCs 含量原辅材料替代。 本项目产生的挥发性有机物 采用围蔽型集气罩收集后，经 “活性炭吸附”装置处理后引 至楼顶高空排放，本项目,关键词已对应，待人工核验数值与字段归属,,
111_广东创卓电器有限公司迁扩建项目_01_受理公告或公示版,生产设备,主要生产设备、生产设施,主要生产设备、生产设施,脱模、排放恶臭气味的生产 工艺和生产设施。 本项目 50 米范围内无声环境 敏感点，100 米范围内无居住 区、学校、医院等敏感用地。 符合 10 结合,脱模、排放恶臭气味的生产 工艺和生产设施。 本项目 50 米范围内无声环境 敏感点，100 米范围内无居住 区、学校、医院等敏感用地。 符合 10 结合,关键词已对应，待人工核验数值与字段归属,,
111_广东创卓电器有限公司迁扩建项目_01_受理公告或公示版,工艺与产污,工艺流程、生产工艺、产污环节,工艺流程、生产工艺、产污环节,高环境风险”产品。项目生产产品、生产工艺和生产设备均不属于《产 业结构调整指导目录（2024 年本）》中的限制或禁止类别，也不属于国家发展 改革委商务部,高环境风险”产品。项目生产产品、生产工艺和生产设备均不属于《产 业结构调整指导目录（2024 年本）》中的限制或禁止类别，也不属于国家发展 改革委商务部,关键词已对应，待人工核验数值与字段归属,,
111_广东创卓电器有限公司迁扩建项目_01_受理公告或公示版,源强与定量核算,污染源强、产生量、排放量,污染源强、产生量、排放量,..... 71 建设项目污染物排放量汇总表......................................................,..... 71 建设项目污染物排放量汇总表......................................................,关键词已对应，待人工核验数值与字段归属,,
111_广东创卓电器有限公司迁扩建项目_01_受理公告或公示版,废气治理,废气治理、废气收集、活性炭,废气治理、废气收集、活性炭, 采用围蔽型集气罩收集后，经 “活性炭吸附”装置处理后引 至楼顶高空排放，本项目不使 用高 VOCs 含量原辅材料 符合 18 制定园区环境风险事故防范, 采用围蔽型集气罩收集后，经 “活性炭吸附”装置处理后引 至楼顶高空排放，本项目不使 用高 VOCs 含量原辅材料 符合 18 制定园区环境风险事故防范,关键词已对应，待人工核验数值与字段归属,,
111_广东创卓电器有限公司迁扩建项目_01_受理公告或公示版,固废与危险废物,危险废物、固体废物、危废暂存,危险废物、固体废物、危废暂存,方资质佐证材 料。 企业严格执行危险废物 转移计划报批、依法建 立危险废物转移联单， 并通过信息系统登记转 移计划和电子转移联 单。 符合 — 13 —,方资质佐证材 料。 企业严格执行危险废物 转移计划报批、依法建 立危险废物转移联单， 并通过信息系统登记转 移计划和电子转移联 单。 符合 第15页 —,关键词已对应，待人工核验数值与字段归属,,
111_广东创卓电器有限公司迁扩建项目_01_受理公告或公示版,总量与执行标准,总量控制、总量指标、执行标准,总量控制、总量指标、执行标准,氮氧化物及挥发性有 机物等）实施总量控制；上年度 重点河涌水质未达到水环境质 量目标的管控分区所在镇（街 道），须组织编制、系统实施、 向社会公开区域重,氮氧化物及挥发性有 机物等）实施总量控制；上年度 重点河涌水质未达到水环境质 量目标的管控分区所在镇（街 道），须组织编制、系统实施、 向社会公开区域重,关键词已对应，待人工核验数值与字段归属,,
111_广东创卓电器有限公司迁扩建项目_01_受理公告或公示版,监督检查清单,环境保护措施监督检查清单、监督检查清单,环境保护措施监督检查清单、监督检查清单,...........39 五、环境保护措施监督检查清单................................................,...........39 五、环境保护措施监督检查清单................................................,关键词已对应，待人工核验数值与字段归属,,
112_佛山市顺德区湛宏塑料制品有限公司改扩建项目_01_受理公告或公示版,项目基本情况,建设项目名称、建设地点、总投资,建设项目名称、建设地点、总投资,声明 1 一、建设项目基本情况 建设项目名称 佛山市顺德区湛宏塑料制品有限公司改扩建项目 项目代码 无 建设单位联系人 李盛泰 联系方式 1882329,5页 1 一、建设项目基本情况 建设项目名称 佛山市顺德区湛宏塑料制品有限公司改扩建项目 项目代码 无 建设单位联系人 李盛泰 联系方式 1882329,关键词已对应，待人工核验数值与字段归属,,
112_佛山市顺德区湛宏塑料制品有限公司改扩建项目_01_受理公告或公示版,产品与产量,主要产品、产品名称、年产,主要产品、产品名称、年产,、塑料瓶 盖的产销，改扩建前项目年产塑料瓶 3000 万个、塑料瓶盖 3000 万个。 现为提升产品质量，提高企业市场竞争力，佛山市顺德区湛宏塑料制品有,、塑料瓶 盖的产销，改扩建前项目年产塑料瓶 3000 万个、塑料瓶盖 3000 万个。 现为提升产品质量，提高企业市场竞争力，佛山市顺德区湛宏塑料制品有,关键词已对应，待人工核验数值与字段归属,,
112_佛山市顺德区湛宏塑料制品有限公司改扩建项目_01_受理公告或公示版,原辅材料,主要原辅材料、原辅材料、辅料,主要原辅材料、原辅材料、辅料,用的物料均不属于高挥 发性有机物原辅材料，符合政策 要求。 符合 1.2 第四十五条 产生含挥发性有机物废 气的生产和服务活动，应当在密闭空 间或者设备,用的物料均不属于高挥 发性有机物原辅材料，符合政策 要求。 符合 1.2 第四十五条 产生含挥发性有机物废 气的生产和服务活动，应当在密闭空 间或者设备,关键词已对应，待人工核验数值与字段归属,,
112_佛山市顺德区湛宏塑料制品有限公司改扩建项目_01_受理公告或公示版,生产设备,主要生产设备、设备名称、生产设施,主要生产设备、设备名称、生产设施,度不高于相 应的排放限值；车间或生产设施排气 中 NMHC 初始排放速率≥3kg/h 时， 建设 VOCs 处理设施且处理效率≥ 80%；b）厂区内无组,度不高于相 应的排放限值；车间或生产设施排气 中 NMHC 初始排放速率≥3kg/h 时， 建设 VOCs 处理设施且处理效率≥ 80%；b）厂区内无组,关键词已对应，待人工核验数值与字段归属,,
112_佛山市顺德区湛宏塑料制品有限公司改扩建项目_01_受理公告或公示版,工艺与产污,工艺流程、生产工艺、产污环节,工艺流程、生产工艺、产污环节, 4.6 VOCs 治理设施应与生产工艺设备同 步运行，VOCs 治理设施发生故障或 检修时，对应的生产工艺设备应停止 运行，待检修完毕后同步投入使用；, 4.6 VOCs 治理设施应与生产工艺设备同 步运行，VOCs 治理设施发生故障或 检修时，对应的生产工艺设备应停止 运行，待检修完毕后同步投入使用；,关键词已对应，待人工核验数值与字段归属,,
112_佛山市顺德区湛宏塑料制品有限公司改扩建项目_01_受理公告或公示版,源强与定量核算,污染源强、产生量、排放量,污染源强、产生量、排放量,时， 建设 VOCs 处理设施且处理效率≥ 80%；b）厂区内无组织排放监控点 NMHC 的小时平均浓度值不超过 6 mg/m3，任意一次浓度值不超过 ,时， 建设 VOCs 处理设施且处理效率≥ 80%；b）厂区内无组织排放监控点 NMHC 的小时平均浓度值不超过 6 mg/m3，任意一次浓度值不超过 ,关键词已对应，待人工核验数值与字段归属,,
112_佛山市顺德区湛宏塑料制品有限公司改扩建项目_01_受理公告或公示版,废气治理,废气治理、废气收集、活性炭,废气治理、废气收集、活性炭,炭吸附”装置处理后引至 47m 排气筒 G1 高空排放。 符合 3 2、《广东省大气污染防治条例》（2022 年修订版） 2.1 第十七条 珠江三角洲区,炭吸附”装置处理后引至 47m 排气筒 G1 高空排放。 符合 第7页 3 2、《广东省大气污染防治条例》（2022 年修订版） 2.1 第十七条 珠江,关键词已对应，待人工核验数值与字段归属,,
112_佛山市顺德区湛宏塑料制品有限公司改扩建项目_01_受理公告或公示版,固废与危险废物,危险废物、固体废物、危废暂存,危险废物、固体废物、危废暂存,方资质佐证材 料。 企业严格执行危险废物转移计 划报批、依法建立危险废物转移 联单，并通过信息系统登记转移 计划和电子转移联单。 符合 5 4.8 建立,方资质佐证材 料。 企业严格执行危险废物转移计 划报批、依法建立危险废物转移 联单，并通过信息系统登记转移 计划和电子转移联单。 符合 第9页 5 4.,关键词已对应，待人工核验数值与字段归属,,
112_佛山市顺德区湛宏塑料制品有限公司改扩建项目_01_受理公告或公示版,总量与执行标准,总量控制、总量指标、执行标准,总量控制、总量指标、执行标准,高于《合成革与人造革 工业污染物排放标准》 （GB21902-2008）排放限值，若国 家和我省出台并实施适用于塑料制 品制造业的大气污染物排放标准，则,高于《合成革与人造革 工业污染物排放标准》 （GB21902-2008）排放限值，若国 家和我省出台并实施适用于塑料制 品制造业的大气污染物排放标准，则,关键词已对应，待人工核验数值与字段归属,,
112_佛山市顺德区湛宏塑料制品有限公司改扩建项目_01_受理公告或公示版,监督检查清单,环境保护措施监督检查清单、监督检查清单,环境保护措施监督检查清单、监督检查清单,.......... 51 五、环境保护措施监督检查清单 ...............................................,.......... 51 五、环境保护措施监督检查清单 ...............................................,关键词已对应，待人工核验数值与字段归属,,
113_佛山市智枞电器制造有限公司扩建项目_01_受理公告或公示版,项目基本情况,建设项目名称、建设地点、总投资,建设项目名称、建设地点、总投资,声明 1 一、建设项目基本情况 建设项目名称 佛山市智枞电器制造有限公司扩建项目 项目代码 无 建设单位联系人 王** 联系方式 1319266****,5页 1 一、建设项目基本情况 建设项目名称 佛山市智枞电器制造有限公司扩建项目 项目代码 无 建设单位联系人 王** 联系方式 1319266****,关键词已对应，待人工核验数值与字段归属,,
113_佛山市智枞电器制造有限公司扩建项目_01_受理公告或公示版,产品与产量,产品方案、主要产品,产品方案、主要产品,距离衰减等措施削减。 不变 2、主要产品及产能 表 2-2 项目扩建前后产品方案一览表 序号 名称 扩建前产量 增减量 扩建后产量 单位 备注 1 钢板,距离衰减等措施削减。 不变 2、主要产品及产能 表 2-2 项目扩建前后产品方案一览表 序号 名称 扩建前产量 增减量 扩建后产量 单位 备注 1 钢板,关键词已对应，待人工核验数值与字段归属,,
113_佛山市智枞电器制造有限公司扩建项目_01_受理公告或公示版,原辅材料,主要原辅材料、原辅材料、原料名称,主要原辅材料、原辅材料、原料名称,制新建生产 和使用高挥发性有机物原辅材料项 目，优先开展低 VOCs 含量原辅材料 替代，强化无组织排放控制。原则上 不再新建、扩建新增氮氧化物、烟（粉,制新建生产 和使用高挥发性有机物原辅材料项 目，优先开展低 VOCs 含量原辅材料 替代，强化无组织排放控制。原则上 不再新建、扩建新增氮氧化物、烟（粉,关键词已对应，待人工核验数值与字段归属,,
113_佛山市智枞电器制造有限公司扩建项目_01_受理公告或公示版,生产设备,主要生产设备、设备名称、生产设施,主要生产设备、设备名称、生产设施,度不高于相应的排放限值； 车间或生产设施排气中 NMHC 初始排放速率≥3kg/h 时，建设 VOCs 处理设施且处理效率≥ 80%； b）厂区内无组织,度不高于相应的排放限值； 车间或生产设施排气中 NMHC 初始排放速率≥3kg/h 时，建设 VOCs 处理设施且处理效率≥ 80%； b）厂区内无组织,关键词已对应，待人工核验数值与字段归属,,
113_佛山市智枞电器制造有限公司扩建项目_01_受理公告或公示版,工艺与产污,工艺流程、生产工艺、产污环节,工艺流程、生产工艺、产污环节,强无组织排放控制。推进 使用先进生产工艺。通过采用全 密闭、连续化、自动化等生产技 术，以及高效工艺与设备等，减 少工艺过程无组织排放。挥发性 有机液体,强无组织排放控制。推进 使用先进生产工艺。通过采用全 密闭、连续化、自动化等生产技 术，以及高效工艺与设备等，减 少工艺过程无组织排放。挥发性 有机液体,关键词已对应，待人工核验数值与字段归属,,
113_佛山市智枞电器制造有限公司扩建项目_01_受理公告或公示版,源强与定量核算,污染源强、产生量、排放量,污染源强、产生量、排放量,..... 71 建设项目污染物排放量汇总表 .....................................................,..... 71 建设项目污染物排放量汇总表 .....................................................,关键词已对应，待人工核验数值与字段归属,,
113_佛山市智枞电器制造有限公司扩建项目_01_受理公告或公示版,废气治理,废气治理、废气收集、活性炭,废气治理、废气收集、活性炭,装袋封装。 符合 3.3 50-废气收集-废气收集系统的输 送管道应密闭。废气收集系统应 在负压下运行，若处于正压状 态，应对管道组件的密封垫进 行泄漏,装袋封装。 符合 3.3 50-废气收集-废气收集系统的输 送管道应密闭。废气收集系统应 在负压下运行，若处于正压状 态，应对管道组件的密封垫进 行泄漏,关键词已对应，待人工核验数值与字段归属,,
113_佛山市智枞电器制造有限公司扩建项目_01_受理公告或公示版,固废与危险废物,危险废物、固体废物,危险废物、固体废物,及产品暂存区、办公室、卫生 间、危险废物暂存区及一般固废 暂存区 项目所在建筑物为9层建筑，总 高度为55.2m，本项目位于建筑 物第7层，单层高5.9,及产品暂存区、办公室、卫生 间、危险废物暂存区及一般固废 暂存区 项目所在建筑物为9层建筑，总 高度为55.2m，本项目位于建筑 物第7层，单层高5.9,关键词已对应，待人工核验数值与字段归属,,
113_佛山市智枞电器制造有限公司扩建项目_01_受理公告或公示版,总量与执行标准,总量控制、总量指标、执行标准,总量控制、总量指标、执行标准,水应执行《城镇污水处理厂污 染物排放标准》（GB18918-2002）一 级 A 标准及《广东省水污染物排放 限值》（DB44/26 -2001）的较严,水应执行《城镇污水处理厂污 染物排放标准》（GB18918-2002）一 级 A 标准及《广东省水污染物排放 限值》（DB44/26 -2001）的较严,关键词已对应，待人工核验数值与字段归属,,
113_佛山市智枞电器制造有限公司扩建项目_01_受理公告或公示版,监督检查清单,环境保护措施监督检查清单、监督检查清单,环境保护措施监督检查清单、监督检查清单,.......... 43 五、环境保护措施监督检查清单 ...............................................,.......... 43 五、环境保护措施监督检查清单 ...............................................,关键词已对应，待人工核验数值与字段归属,,
114_佛山创顺塑胶有限公司建设项目_01_受理公告或公示版,项目基本情况,建设项目名称、建设地点、总投资,建设项目名称、建设地点、总投资,70 1 一、建设项目基本情况 建设项目名称 佛山创顺塑胶有限公司建设项目 项目代码 无 建设单位联系人 联系方式 建设地点 佛山市顺德区大良街道五沙社,7页 1 一、建设项目基本情况 建设项目名称 佛山创顺塑胶有限公司建设项目 项目代码 无 建设单位联系人 联系方式 建设地点 佛山市顺德区大良街道五沙社,关键词已对应，待人工核验数值与字段归属,,
114_佛山创顺塑胶有限公司建设项目_01_受理公告或公示版,产品与产量,产品方案、产品名称、年产,产品方案、产品名称、年产,理。 16 建设 内容 2、项目产品方案 表 2-2 项目产品规模 产品名称 年产量 (万个) 规格 单位产品质量 (g/个) 塑料总质量 (t/a) ,2页 16 建设 内容 2、项目产品方案 表 2-2 项目产品规模 产品名称 年产量 (万个) 规格 单位产品质量 (g/个) 塑料总质量 (t/a) ,关键词已对应，待人工核验数值与字段归属,,
114_佛山创顺塑胶有限公司建设项目_01_受理公告或公示版,原辅材料,主要原辅材料、原辅材料、原料名称,主要原辅材料、原辅材料、原料名称, 洗剂、胶黏剂等高挥发性有 机物原辅材料项目，鼓励现 有该类项目搬迁退出。 项目为塑料制品业，生 产过程中不使用溶剂 型油墨、涂料、清洗剂、 胶黏剂等高, 洗剂、胶黏剂等高挥发性有 机物原辅材料项目，鼓励现 有该类项目搬迁退出。 项目为塑料制品业，生 产过程中不使用溶剂 型油墨、涂料、清洗剂、 胶黏剂等高,关键词已对应，待人工核验数值与字段归属,,
114_佛山创顺塑胶有限公司建设项目_01_受理公告或公示版,生产设备,主要生产设备、生产设施、设备一览,主要生产设备、生产设施、设备一览,不高于 相应的排放限值；车间或 生产设施排气中 NMHC 初始排放速率≥3kg/h 时， 建设 VOCs 处理设施且处 理效率≥80%；b）厂区内 无组,不高于 相应的排放限值；车间或 生产设施排气中 NMHC 初始排放速率≥3kg/h 时， 建设 VOCs 处理设施且处 理效率≥80%；b）厂区内 无组,关键词已对应，待人工核验数值与字段归属,,
114_佛山创顺塑胶有限公司建设项目_01_受理公告或公示版,工艺与产污,工艺流程、生产工艺、产污环节,工艺流程、生产工艺、产污环节,，加快涉 VOCs 重点行业 的生产工艺升级改造，推行 自动化生产工艺，对达不到 要求的 VOCs 收集及治理设 施进行整治提升，逐步淘汰 低效 VOC,，加快涉 VOCs 重点行业 的生产工艺升级改造，推行 自动化生产工艺，对达不到 要求的 VOCs 收集及治理设 施进行整治提升，逐步淘汰 低效 VOC,关键词已对应，待人工核验数值与字段归属,,
114_佛山创顺塑胶有限公司建设项目_01_受理公告或公示版,源强与定量核算,污染源强、产生量、排放量,污染源强、产生量、排放量,..... 51 建设项目污染物排放量汇总表 .....................................................,..... 51 建设项目污染物排放量汇总表 .....................................................,关键词已对应，待人工核验数值与字段归属,,
114_佛山创顺塑胶有限公司建设项目_01_受理公告或公示版,废气治理,废气治理、废气收集、活性炭,废气治理、废气收集、活性炭,点局部密 闭集气罩收集后通过 “活性炭吸附”处理， 引至 1 根 55m 高排气筒 排放。 符合 环 境 风 险 防 控 4-1.【水/综合类】大门污水,点局部密 闭集气罩收集后通过 “活性炭吸附”处理， 引至 1 根 55m 高排气筒 排放。 符合 环 境 风 险 防 控 4-1.【水/综合类】大门污水,关键词已对应，待人工核验数值与字段归属,,
114_佛山创顺塑胶有限公司建设项目_01_受理公告或公示版,固废与危险废物,危险废物、固体废物、危废代码,危险废物、固体废物、危废代码, 基础建设必须按相关 要求防渗，固体废物得 到妥善处理。经以上处 理后，本项目对区域内 环境影响较小，质量可 保持现有水平。 符合 资 源 利 用 上 , 基础建设必须按相关 要求防渗，固体废物得 到妥善处理。经以上处 理后，本项目对区域内 环境影响较小，质量可 保持现有水平。 符合 资 源 利 用 上 ,关键词已对应，待人工核验数值与字段归属,,
114_佛山创顺塑胶有限公司建设项目_01_受理公告或公示版,总量与执行标准,总量控制、总量指标、执行标准,总量控制、总量指标、执行标准,效率，到 2025 年，全市用水总量控制在 23.44 亿立方米以内，万元地区生产总 值值用水量和万元工业增加值 用水量较 2020 年降幅不低于 17,效率，到 2025 年，全市用水总量控制在 23.44 亿立方米以内，万元地区生产总 值值用水量和万元工业增加值 用水量较 2020 年降幅不低于 17,关键词已对应，待人工核验数值与字段归属,,
114_佛山创顺塑胶有限公司建设项目_01_受理公告或公示版,监督检查清单,环境保护措施监督检查清单、监督检查清单,环境保护措施监督检查清单、监督检查清单,.......... 28 五、环境保护措施监督检查清单 ...............................................,.......... 28 五、环境保护措施监督检查清单 ...............................................,关键词已对应，待人工核验数值与字段归属,,
115_佛山市顺德区天玛仕电子有限公司改扩建项目_01_受理公告或公示版,项目基本情况,建设项目名称、建设地点、总投资,建设项目名称、建设地点、总投资, 1 1 一、建设项目基本情况 建设项目名称 佛山市顺德区天玛仕电子有限公司改扩建项目 项目代码 无 建设单位联系 人 蔡** 联系方式 13*****,7页 1 一、建设项目基本情况 建设项目名称 佛山市顺德区天玛仕电子有限公司改扩建项目 项目代码 无 建设单位联系 人 蔡** 联系方式 13*****,关键词已对应，待人工核验数值与字段归属,,
115_佛山市顺德区天玛仕电子有限公司改扩建项目_01_受理公告或公示版,产品与产量,主要产品、年产,主要产品、年产,项目主要从事塑料制品的生产制造，主要产品及产能见表 2-2。 11 表 2-2 产品及产能一览表 序号 名称 扩建前数量 （万个/a） 增减量 （万个/,项目主要从事塑料制品的生产制造，主要产品及产能见表 2-2。 第17页 11 表 2-2 产品及产能一览表 序号 名称 扩建前数量 （万个/a） 增减量,关键词已对应，待人工核验数值与字段归属,,
115_佛山市顺德区天玛仕电子有限公司改扩建项目_01_受理公告或公示版,原辅材料,主要原辅材料、原辅材料、辅料,主要原辅材料、原辅材料、辅料,洗剂、胶 黏剂等高挥发性有机物 原辅材料，使用低 VOCs 原辅材料，废气经半密 闭集气罩收集后通过活 性 炭 吸 附 处 理 后 引 至 15m 排气,洗剂、胶 黏剂等高挥发性有机物 原辅材料，使用低 VOCs 原辅材料，废气经半密 闭集气罩收集后通过活 性 炭 吸 附 处 理 后 引 至 15m 排气,关键词已对应，待人工核验数值与字段归属,,
115_佛山市顺德区天玛仕电子有限公司改扩建项目_01_受理公告或公示版,生产设备,设备名称、生产设施,设备名称、生产设施,度不高于相应的排放限值；车 间或生产设施排气中 NMHC 初始 排放速率≥3 kg/h 时，建设 VOCs 处 理设施且处理效率≥80%；b）厂区 内无,度不高于相应的排放限值；车 间或生产设施排气中 NMHC 初始 排放速率≥3 kg/h 时，建设 VOCs 处 理设施且处理效率≥80%；b）厂区 内无,关键词已对应，待人工核验数值与字段归属,,
115_佛山市顺德区天玛仕电子有限公司改扩建项目_01_受理公告或公示版,工艺与产污,工艺流程、生产工艺、产污环节,工艺流程、生产工艺、产污环节,代，加快涉 VOCs 重点行业的生产工艺升级改 造，推行自动化生产工艺，对达不到要求的 VOCs 收集及治理设施进行整治提升，逐步淘汰低效 VOCs 治,代，加快涉 VOCs 重点行业的生产工艺升级改 造，推行自动化生产工艺，对达不到要求的 VOCs 收集及治理设施进行整治提升，逐步淘汰低效 VOCs 治,关键词已对应，待人工核验数值与字段归属,,
115_佛山市顺德区天玛仕电子有限公司改扩建项目_01_受理公告或公示版,源强与定量核算,污染源强、产生量、排放量,污染源强、产生量、排放量,替代制度，项目 非甲烷总烃有组织排放量为 0.658t/a，无组织排放量为 0.709t/a，项目非甲烷总烃有组 织及无组织合计排放量为 1.367 t,替代制度，项目 非甲烷总烃有组织排放量为 0.658t/a，无组织排放量为 0.709t/a，项目非甲烷总烃有组 织及无组织合计排放量为 1.367 t,关键词已对应，待人工核验数值与字段归属,,
115_佛山市顺德区天玛仕电子有限公司改扩建项目_01_受理公告或公示版,废气治理,废气治理、废气收集、活性炭,废气治理、废气收集、活性炭,附 处 理 后 引 至 15m 排气筒 G1 排放。 符合 1.4 【大气/鼓励引导类】大气环境高排放重点管控区 内，应强化达标监管，引导工业项目落地集,附 处 理 后 引 至 15m 排气筒 G1 排放。 符合 1.4 【大气/鼓励引导类】大气环境高排放重点管控区 内，应强化达标监管，引导工业项目落地集,关键词已对应，待人工核验数值与字段归属,,
115_佛山市顺德区天玛仕电子有限公司改扩建项目_01_受理公告或公示版,固废与危险废物,危险废物、固体废物、危废暂存,危险废物、固体废物、危废暂存, 理方式资质佐证材料。 项目建立危险废物台账，定 期将废液压油、废机油、废 火花油、废包装桶、废活性 炭等危险废物交给有资质 的单位处理，整理危废处理 , 理方式资质佐证材料。 项目建立危险废物台账，定 期将废液压油、废机油、废 火花油、废包装桶、废活性 炭等危险废物交给有资质 的单位处理，整理危废处理 ,关键词已对应，待人工核验数值与字段归属,,
115_佛山市顺德区天玛仕电子有限公司改扩建项目_01_受理公告或公示版,总量与执行标准,总量控制、总量指标、执行标准,总量控制、总量指标、执行标准,/26-2001）第一类污染物的排放标准后纳 入园区污水管道送工业园污水处理厂处理。本园 区应按照《报告书》拟定的入园企业类别引进企 业项目，并应避免引,/26-2001）第一类污染物的排放标准后纳 入园区污水管道送工业园污水处理厂处理。本园 区应按照《报告书》拟定的入园企业类别引进企 业项目，并应避免引,关键词已对应，待人工核验数值与字段归属,,
115_佛山市顺德区天玛仕电子有限公司改扩建项目_01_受理公告或公示版,监督检查清单,环境保护措施监督检查清单、监督检查清单,环境保护措施监督检查清单、监督检查清单,.......... 26 五、环境保护措施监督检查清单 ...............................................,.......... 26 五、环境保护措施监督检查清单 ...............................................,关键词已对应，待人工核验数值与字段归属,,
116_佛山市昇汇包装材料有限公司新建项目_01_受理公告或公示版,项目基本情况,建设项目名称、建设地点、总投资,建设项目名称、建设地点、总投资,DS 1 一、建设项目基本情况 建设项目名称 佛山市昇汇包装材料有限公司新建项目 项目代码 无 建设单位联系人 *** 联系方式 **** 建设地点 广,5页 1 一、建设项目基本情况 建设项目名称 佛山市昇汇包装材料有限公司新建项目 项目代码 无 建设单位联系人 *** 联系方式 **** 建设地点 广,关键词已对应，待人工核验数值与字段归属,,
116_佛山市昇汇包装材料有限公司新建项目_01_受理公告或公示版,产品与产量,主要产品、产品名称、年产,主要产品、产品名称、年产,，建筑物总高 50m。 项目计划年产 PVC 吸塑包装品 300 万件/a、PET 吸塑包装品 600 万件/a、PS 吸塑包 装品 300 万件/a、,，建筑物总高 50m。 项目计划年产 PVC 吸塑包装品 300 万件/a、PET 吸塑包装品 600 万件/a、PS 吸塑包 装品 300 万件/a、,关键词已对应，待人工核验数值与字段归属,,
116_佛山市昇汇包装材料有限公司新建项目_01_受理公告或公示版,原辅材料,主要原辅材料、原辅材料、辅料,主要原辅材料、原辅材料、辅料,制新建生产和使用高 挥发性有机物原辅材料项目，优先开展低 VOCs 含量原辅材料替代，强化无组织排放 控制。原则上不再新建、扩建新增氮氧化物、 烟（粉）,制新建生产和使用高 挥发性有机物原辅材料项目，优先开展低 VOCs 含量原辅材料替代，强化无组织排放 控制。原则上不再新建、扩建新增氮氧化物、 烟（粉）,关键词已对应，待人工核验数值与字段归属,,
116_佛山市昇汇包装材料有限公司新建项目_01_受理公告或公示版,生产设备,主要生产设备、生产设施、设备一览,主要生产设备、生产设施、设备一览,m/s。 符 合 3.3 车间或生产设施排气中 NMHC 初始排放速 率≥3kg/h 时，建设 VOCs 处理设施且处理效 率≥80%。厂区内无组织排放,m/s。 符 合 3.3 车间或生产设施排气中 NMHC 初始排放速 率≥3kg/h 时，建设 VOCs 处理设施且处理效 率≥80%。厂区内无组织排放,关键词已对应，待人工核验数值与字段归属,,
116_佛山市昇汇包装材料有限公司新建项目_01_受理公告或公示版,工艺与产污,工艺流程、生产工艺、产污节点,工艺流程、生产工艺、产污节点, 购清单。 鼓励重点行业企业开展生产工艺和设备水性 化改造，推广使用水性、高固体分、无溶剂、 粉末等低 VOCs 含量涂料。严格落实 《挥发 性有机物无, 购清单。 鼓励重点行业企业开展生产工艺和设备水性 化改造，推广使用水性、高固体分、无溶剂、 粉末等低 VOCs 含量涂料。严格落实 《挥发 性有机物无,关键词已对应，待人工核验数值与字段归属,,
116_佛山市昇汇包装材料有限公司新建项目_01_受理公告或公示版,源强与定量核算,污染源强、产生量、排放量,污染源强、产生量、排放量,.. 50 附表 建设项目污染物排放量汇总表 附图 附图 1 项目地理位置图 附图 2 项目周围环境概况图 附图 3 项目四至卫星图（含厂界外扩 50m,.. 50 附表 建设项目污染物排放量汇总表 附图 附图 1 项目地理位置图 附图 2 项目周围环境概况图 附图 3 项目四至卫星图（含厂界外扩 50m,关键词已对应，待人工核验数值与字段归属,,
116_佛山市昇汇包装材料有限公司新建项目_01_受理公告或公示版,废气治理,废气治理、废气收集、活性炭,废气治理、废气收集、活性炭,标后 排放至勒流污水处理厂。生产废气收集后经“活性炭吸附”处理后引至高空 排放，不产生和排放有毒有害大气污染物项目，符合环境准入及管控要求。 （2）与佛,标后 排放至勒流污水处理厂。生产废气收集后经“活性炭吸附”处理后引至高空 排放，不产生和排放有毒有害大气污染物项目，符合环境准入及管控要求。 （2）与佛,关键词已对应，待人工核验数值与字段归属,,
116_佛山市昇汇包装材料有限公司新建项目_01_受理公告或公示版,固废与危险废物,危险废物、固体废物、危废暂存,危险废物、固体废物、危废暂存,突发环境事件应急管理体系。 项目危险废物暂存 间设置防泄漏围堰 或墁坡，并配备应急 吸收材料，液态危险 废物少量泄漏采用 吸收材料处置；加强 废水处理设,突发环境事件应急管理体系。 项目危险废物暂存 间设置防泄漏围堰 或墁坡，并配备应急 吸收材料，液态危险 废物少量泄漏采用 吸收材料处置；加强 废水处理设,关键词已对应，待人工核验数值与字段归属,,
116_佛山市昇汇包装材料有限公司新建项目_01_受理公告或公示版,总量与执行标准,总量控制、总量指标、执行标准,总量控制、总量指标、执行标准,水应执行《城镇污水处理厂污染 物排放标准》（GB18918-2002）一级 A 标 准及《广东省水污染物排放限值》 （DB44/26-2001）的较严值,水应执行《城镇污水处理厂污染 物排放标准》（GB18918-2002）一级 A 标 准及《广东省水污染物排放限值》 （DB44/26-2001）的较严值,关键词已对应，待人工核验数值与字段归属,,
116_佛山市昇汇包装材料有限公司新建项目_01_受理公告或公示版,监督检查清单,环境保护措施监督检查清单、监督检查清单,环境保护措施监督检查清单、监督检查清单,.......... 26 五、环境保护措施监督检查清单 ...............................................,.......... 26 五、环境保护措施监督检查清单 ...............................................,关键词已对应，待人工核验数值与字段归属,,
117_佛山市洲友尚包装材料有限公司新建项目_01_受理公告或公示版,项目基本情况,建设项目名称、建设地点、总投资,建设项目名称、建设地点、总投资,声明 1 一、建设项目基本情况 建设项目名称 佛山市洲友尚包装材料有限公司新建项目 项目代码 无 建设单位联系人 陈真连 联系方式 1370260601,5页 1 一、建设项目基本情况 建设项目名称 佛山市洲友尚包装材料有限公司新建项目 项目代码 无 建设单位联系人 陈真连 联系方式 1370260601,关键词已对应，待人工核验数值与字段归属,,
117_佛山市洲友尚包装材料有限公司新建项目_01_受理公告或公示版,产品与产量,主要产品、产品名称、年产,主要产品、产品名称、年产, 平方米，主要从事打包带的产销，年产打包带 1200 吨。 根据《中华人民共和国环境影响评价法》（2018 年 12 月修订）、《建设项目环境影 响评价, 平方米，主要从事打包带的产销，年产打包带 1200 吨。 根据《中华人民共和国环境影响评价法》（2018 年 12 月修订）、《建设项目环境影 响评价,关键词已对应，待人工核验数值与字段归属,,
117_佛山市洲友尚包装材料有限公司新建项目_01_受理公告或公示版,原辅材料,主要原辅材料、原辅材料、辅料,主要原辅材料、原辅材料、辅料,标排 放。 符合 3.5 采用的原辅材料符合国家有关低 VOCs 含量 产品规定的除外，有行业排放标准的按其相 关规定执行。 项目含 VOCs 的物料为,标排 放。 符合 3.5 采用的原辅材料符合国家有关低 VOCs 含量 产品规定的除外，有行业排放标准的按其相 关规定执行。 项目含 VOCs 的物料为,关键词已对应，待人工核验数值与字段归属,,
117_佛山市洲友尚包装材料有限公司新建项目_01_受理公告或公示版,生产设备,主要生产设备、设备名称、生产设施,主要生产设备、设备名称、生产设施,度 不高于相应的排放限值；车间或生产设施排 气中 NMHC 初始排放速率≥3kg/h 时，建设 VOCs 处理设施且处理效率≥80%；b）厂区 内无组织,度 不高于相应的排放限值；车间或生产设施排 气中 NMHC 初始排放速率≥3kg/h 时，建设 VOCs 处理设施且处理效率≥80%；b）厂区 内无组织,关键词已对应，待人工核验数值与字段归属,,
117_佛山市洲友尚包装材料有限公司新建项目_01_受理公告或公示版,工艺与产污,工艺流程、生产工艺、产污环节,工艺流程、生产工艺、产污环节, 4.6 VOCs 治理设施应与生产工艺设备同步运行， VOCs 治理设施发生故障或检修时，对应的生 产工艺设备应停止运行，待检修完毕后同步 投入使用；, 4.6 VOCs 治理设施应与生产工艺设备同步运行， VOCs 治理设施发生故障或检修时，对应的生 产工艺设备应停止运行，待检修完毕后同步 投入使用；,关键词已对应，待人工核验数值与字段归属,,
117_佛山市洲友尚包装材料有限公司新建项目_01_受理公告或公示版,源强与定量核算,污染源强、产生量、排放量,污染源强、产生量、排放量,.. 63 附表 建设项目污染物排放量汇总表 附图 1 项目地理位置图 附图 2 项目环境四至图 附图 3 项目四至及周围环境示意图 附图 4 项目平面,.. 63 附表 建设项目污染物排放量汇总表 附图 1 项目地理位置图 附图 2 项目环境四至图 附图 3 项目四至及周围环境示意图 附图 4 项目平面,关键词已对应，待人工核验数值与字段归属,,
117_佛山市洲友尚包装材料有限公司新建项目_01_受理公告或公示版,废气治理,废气治理、废气收集、活性炭,废气治理、废气收集、活性炭, 机废气经有效收集后，通 过“二活性炭吸附”装置 处理后引至 15m 排气筒 G1 高空排放。 符合 2、佛山市发展和改革局 佛山市生态环境局关于印发《, 机废气经有效收集后，通 过“二活性炭吸附”装置 处理后引至 15m 排气筒 G1 高空排放。 符合 2、佛山市发展和改革局 佛山市生态环境局关于印发《,关键词已对应，待人工核验数值与字段归属,,
117_佛山市洲友尚包装材料有限公司新建项目_01_受理公告或公示版,固废与危险废物,危险废物、固体废物、危废暂存,危险废物、固体废物、危废暂存,理方资质佐证材料。 企业严格执行危险废物转 移计划报批、依法建立危 险废物转移联单，并通过 信息系统登记转移计划和 电子转移联单。 符合 4.8 建立废,理方资质佐证材料。 企业严格执行危险废物转 移计划报批、依法建立危 险废物转移联单，并通过 信息系统登记转移计划和 电子转移联单。 符合 4.8 建立废,关键词已对应，待人工核验数值与字段归属,,
117_佛山市洲友尚包装材料有限公司新建项目_01_受理公告或公示版,总量与执行标准,总量控制、总量指标、执行标准,总量控制、总量指标、执行标准,s 含量 产品规定的除外，有行业排放标准的按其相 关规定执行。 项目含 VOCs 的物料为固 体颗粒状，常温状态下不 挥发 VOCs。 符合 3.6 企,s 含量 产品规定的除外，有行业排放标准的按其相 关规定执行。 项目含 VOCs 的物料为固 体颗粒状，常温状态下不 挥发 VOCs。 符合 3.6 企,关键词已对应，待人工核验数值与字段归属,,
117_佛山市洲友尚包装材料有限公司新建项目_01_受理公告或公示版,监督检查清单,环境保护措施监督检查清单、监督检查清单,环境保护措施监督检查清单、监督检查清单,.......... 31 五、环境保护措施监督检查清单 ...............................................,.......... 31 五、环境保护措施监督检查清单 ...............................................,关键词已对应，待人工核验数值与字段归属,,
118_佛山万美塑料制品有限公司迁扩建项目_01_受理公告或公示版,项目基本情况,建设项目名称、建设地点、总投资,建设项目名称、建设地点、总投资,91 1 一、建设项目基本情况 建设项目名称 佛山万美塑料制品有限公司迁扩建项目 项目代码 无 建设单位联系 人 黄** 联系方式 13*******2,5页 1 一、建设项目基本情况 建设项目名称 佛山万美塑料制品有限公司迁扩建项目 项目代码 无 建设单位联系 人 黄** 联系方式 13*******2,关键词已对应，待人工核验数值与字段归属,,
118_佛山万美塑料制品有限公司迁扩建项目_01_受理公告或公示版,产品与产量,产品方案、主要产品、产品名称,产品方案、主要产品、产品名称,局关于佛山万美塑料 制品有限公司年产塑料水箱 5 万个、塑料桶 4000 个新建项目环境影响报告表的批复》 （佛环 0301 环审〔2021〕第 005,局关于佛山万美塑料 制品有限公司年产塑料水箱 5 万个、塑料桶 4000 个新建项目环境影响报告表的批复》 （佛环 0301 环审〔2021〕第 005,关键词已对应，待人工核验数值与字段归属,,
118_佛山万美塑料制品有限公司迁扩建项目_01_受理公告或公示版,原辅材料,主要原辅材料、原辅材料、原料名称,主要原辅材料、原辅材料、原料名称,清洗剂、胶黏剂 等高挥发性有机物原辅材料项目，鼓励现有该类项目搬迁退出。 项目位于大气环境受体敏感重点管 控区内，属于新建项目，项目使用 的塑胶原料不属,清洗剂、胶黏剂 等高挥发性有机物原辅材料项目，鼓励现有该类项目搬迁退出。 项目位于大气环境受体敏感重点管 控区内，属于新建项目，项目使用 的塑胶原料不属,关键词已对应，待人工核验数值与字段归属,,
118_佛山万美塑料制品有限公司迁扩建项目_01_受理公告或公示版,生产设备,主要生产设备、设备名称、生产设施,主要生产设备、设备名称、生产设施,有机废气。 符合 3.2 车间或生产设施收集排放的废气，VOCs 初始排放速率大于等于 3 千克/小时、 重点区域大于等于 2 千克/小时的，应加大控制,有机废气。 符合 3.2 车间或生产设施收集排放的废气，VOCs 初始排放速率大于等于 3 千克/小时、 重点区域大于等于 2 千克/小时的，应加大控制,关键词已对应，待人工核验数值与字段归属,,
118_佛山万美塑料制品有限公司迁扩建项目_01_受理公告或公示版,工艺与产污,工艺流程、生产工艺、产污环节,工艺流程、生产工艺、产污环节,料制品的加工生产，项目生产产品、生产工艺和生产设备均不属于《产业结构调整指导目录（2024 年本）》 中的淘汰类和限制类，也不属于国家发展改革委商务部《,料制品的加工生产，项目生产产品、生产工艺和生产设备均不属于《产业结构调整指导目录（2024 年本）》 中的淘汰类和限制类，也不属于国家发展改革委商务部《,关键词已对应，待人工核验数值与字段归属,,
118_佛山万美塑料制品有限公司迁扩建项目_01_受理公告或公示版,源强与定量核算,产生量、排放量、收集效率,产生量、排放量、收集效率,..... 70 建设项目污染物排放量汇总表 .....................................................,..... 70 建设项目污染物排放量汇总表 .....................................................,关键词已对应，待人工核验数值与字段归属,,
118_佛山万美塑料制品有限公司迁扩建项目_01_受理公告或公示版,废气治理,废气治理、废气收集、活性炭,废气治理、废气收集、活性炭,材料。项目 有机废气经收集后引至活性炭吸附 装置处理后高空排放，不使用光氧 化、光催化、低温等离子等低效治 理设施。 符 合 6 环境风险 防控 4-1,材料。项目 有机废气经收集后引至活性炭吸附 装置处理后高空排放，不使用光氧 化、光催化、低温等离子等低效治 理设施。 符 合 第11页 6 环境风险 防,关键词已对应，待人工核验数值与字段归属,,
118_佛山万美塑料制品有限公司迁扩建项目_01_受理公告或公示版,固废与危险废物,危险废物、固体废物、危废暂存,危险废物、固体废物、危废暂存,震处理，墙 体隔音、距离衰减。 固体废物 设置生活垃圾存放点 位于办公室内、一般工 业固废仓位于生产车 间南侧约 5m2、危废储 存间位于生产车间南 侧,震处理，墙 体隔音、距离衰减。 固体废物 设置生活垃圾存放点 位于办公室内、一般工 业固废仓位于生产车 间南侧约 5m2、危废储 存间位于生产车间南 侧,关键词已对应，待人工核验数值与字段归属,,
118_佛山万美塑料制品有限公司迁扩建项目_01_受理公告或公示版,总量与执行标准,总量控制、总量指标、执行标准,总量控制、总量指标、执行标准,/26-2001）第一类污染物的排放标准后纳 入园区污水管道送工业园污水处理厂处理。本园区应按照《报告书》 拟定的入园企业类别引进企业项目，并应避免引入,/26-2001）第一类污染物的排放标准后纳 入园区污水管道送工业园污水处理厂处理。本园区应按照《报告书》 拟定的入园企业类别引进企业项目，并应避免引入,关键词已对应，待人工核验数值与字段归属,,
118_佛山万美塑料制品有限公司迁扩建项目_01_受理公告或公示版,监督检查清单,环境保护措施监督检查清单、监督检查清单,环境保护措施监督检查清单、监督检查清单,.......... 36 五、环境保护措施监督检查清单 ...............................................,.......... 36 五、环境保护措施监督检查清单 ...............................................,关键词已对应，待人工核验数值与字段归属,,
119_佛山市顺德区凯锦电器有限公司新建项目_01_受理公告或公示版,项目基本情况,建设地点、总投资、环保投资,建设地点、总投资、环保投资,系方式 18088830808 建设地点 广东省佛山市顺德区勒流街道勒流社区龙升工业区 12-1 号之十五 地理坐标 （ 113 度 8 分 20.02,系方式 18088830808 建设地点 广东省佛山市顺德区勒流街道勒流社区龙升工业区 12-1 号之十五 地理坐标 （ 113 度 8 分 20.02,关键词已对应，待人工核验数值与字段归属,,
119_佛山市顺德区凯锦电器有限公司新建项目_01_受理公告或公示版,产品与产量,产品名称、年产,产品名称、年产,2 本项目生产规模一览表 序号 产品名称 产量 单位 备注 1 底座盖 300 万 套/年 单个产品重量约为 40.5g，属于塑 料配件 2 蒸汽盒组件,2 本项目生产规模一览表 序号 产品名称 产量 单位 备注 1 底座盖 300 万 套/年 单个产品重量约为 40.5g，属于塑 料配件 2 蒸汽盒组件,关键词已对应，待人工核验数值与字段归属,,
119_佛山市顺德区凯锦电器有限公司新建项目_01_受理公告或公示版,原辅材料,主要原辅材料、原辅材料、辅料,主要原辅材料、原辅材料、辅料, 率不应当低于 80%；采用的 原辅材料符合国家有关低 VOCs 含量产品规定的除外。 本项目位于重点地区，项目 的有机废气初始排放速率 为 0.88k, 率不应当低于 80%；采用的 原辅材料符合国家有关低 VOCs 含量产品规定的除外。 本项目位于重点地区，项目 的有机废气初始排放速率 为 0.88k,关键词已对应，待人工核验数值与字段归属,,
119_佛山市顺德区凯锦电器有限公司新建项目_01_受理公告或公示版,生产设备,主要生产设备、生产设施,主要生产设备、生产设施,度不高于相应的排放限 值；车间或生产设施排气中 NMHC 初始排放速率≥3 kg/h 时，建设 VOCs 处理设施且 处理效率≥80%；b）厂区内无 组,度不高于相应的排放限 值；车间或生产设施排气中 NMHC 初始排放速率≥3 kg/h 时，建设 VOCs 处理设施且 处理效率≥80%；b）厂区内无 组,关键词已对应，待人工核验数值与字段归属,,
119_佛山市顺德区凯锦电器有限公司新建项目_01_受理公告或公示版,工艺与产污,工艺流程、生产工艺、产污环节,工艺流程、生产工艺、产污环节,采购清单。鼓励重点 行业企业开展生产工艺和设备水性 化改造，推广使用水性、高固体分、 无溶剂、粉末等低 VOCs 含量涂料。 严格落实《挥发性有机物无组,采购清单。鼓励重点 行业企业开展生产工艺和设备水性 化改造，推广使用水性、高固体分、 无溶剂、粉末等低 VOCs 含量涂料。 严格落实《挥发性有机物无组,关键词已对应，待人工核验数值与字段归属,,
119_佛山市顺德区凯锦电器有限公司新建项目_01_受理公告或公示版,源强与定量核算,污染源强、产生量、排放量,污染源强、产生量、排放量,，应当配置 VOCs 处理设施，处理效率不 应当低于 80%。对于重点地 区，收集的废气 NMHC 初始 排放速率≥2kg/h 时，应当配 置 VOCs,，应当配置 VOCs 处理设施，处理效率不 应当低于 80%。对于重点地 区，收集的废气 NMHC 初始 排放速率≥2kg/h 时，应当配 置 VOCs,关键词已对应，待人工核验数值与字段归属,,
119_佛山市顺德区凯锦电器有限公司新建项目_01_受理公告或公示版,废气治理,废气治理、废气收集、活性炭,废气治理、废气收集、活性炭,理后通过 距离地面约 15m 高排气筒 DA001 排放。 2、《固定污染源挥发性有机物综合排放标准》（DB44/2367-2022） 2.1 有组 织,理后通过 距离地面约 15m 高排气筒 DA001 排放。 2、《固定污染源挥发性有机物综合排放标准》（DB44/2367-2022） 2.1 有组 织,关键词已对应，待人工核验数值与字段归属,,
119_佛山市顺德区凯锦电器有限公司新建项目_01_受理公告或公示版,固废与危险废物,危险废物、固体废物、危废暂存,危险废物、固体废物、危废暂存,定达标排放，排至市政雨水 管网；固体废物分类收集，一 般固体废物由物资回收公司 回收，危险废物交由有危险废 物处理资质的单位收集处置。 环境 风险 防控,定达标排放，排至市政雨水 管网；固体废物分类收集，一 般固体废物由物资回收公司 回收，危险废物交由有危险废 物处理资质的单位收集处置。 环境 风险 防控,关键词已对应，待人工核验数值与字段归属,,
119_佛山市顺德区凯锦电器有限公司新建项目_01_受理公告或公示版,总量与执行标准,总量控制、总量指标、执行标准,总量控制、总量指标、执行标准,2、《固定污染源挥发性有机物综合排放标准》（DB44/2367-2022） 2.1 有组 织排 放控 制要 求 收集的废气中 NMHC 初始排 放速率≥,2、《固定污染源挥发性有机物综合排放标准》（DB44/2367-2022） 2.1 有组 织排 放控 制要 求 收集的废气中 NMHC 初始排 放速率≥,关键词已对应，待人工核验数值与字段归属,,
119_佛山市顺德区凯锦电器有限公司新建项目_01_受理公告或公示版,监督检查清单,环境保护措施监督检查清单、监督检查清单,环境保护措施监督检查清单、监督检查清单,.......... 24 五、环境保护措施监督检查清单 ...............................................,.......... 24 五、环境保护措施监督检查清单 ...............................................,关键词已对应，待人工核验数值与字段归属,,
120_佛山市龙广塑料制品有限公司新建项目_01_受理公告或公示版,项目基本情况,建设项目名称、建设地点、总投资,建设项目名称、建设地点、总投资,59 1 一、建设项目基本情况 建设项目名称 佛山市龙广塑料制品有限公司新建项目 项目代码 无 建设单位联系人 张业望 联系方式 13602295805,5页 1 一、建设项目基本情况 建设项目名称 佛山市龙广塑料制品有限公司新建项目 项目代码 无 建设单位联系人 张业望 联系方式 13602295805,关键词已对应，待人工核验数值与字段归属,,
120_佛山市龙广塑料制品有限公司新建项目_01_受理公告或公示版,产品与产量,主要产品、年产,主要产品、年产,生活垃圾交由环卫部门处理。 2、主要产品及产能 项目主要从事塑料配件的生产制造及经营工作，项目建成后产品产量见表 2-2。 表2-2 项目产品及产能 名,生活垃圾交由环卫部门处理。 2、主要产品及产能 项目主要从事塑料配件的生产制造及经营工作，项目建成后产品产量见表 2-2。 表2-2 项目产品及产能 名,关键词已对应，待人工核验数值与字段归属,,
120_佛山市龙广塑料制品有限公司新建项目_01_受理公告或公示版,原辅材料,主要原辅材料、原辅材料、辅料,主要原辅材料、原辅材料、辅料,品盒等生产，生产的产品及使 用的原辅材料均不属于《环境保护综合名录（2021 年版）》中“高污染、高环境 风险”产品名录，符合要求。 3、与广东省发展改,品盒等生产，生产的产品及使 用的原辅材料均不属于《环境保护综合名录（2021 年版）》中“高污染、高环境 风险”产品名录，符合要求。 3、与广东省发展改,关键词已对应，待人工核验数值与字段归属,,
120_佛山市龙广塑料制品有限公司新建项目_01_受理公告或公示版,生产设备,主要生产设备、生产设施、设备一览,主要生产设备、生产设施、设备一览,度不高于相应的排放限值；车 间或生产设施排气中 NMHC 初始 排放速率≥3 kg/h 时，建设 VOCs 处理设施且处理效率≥80%；b）厂 区内无组,度不高于相应的排放限值；车 间或生产设施排气中 NMHC 初始 排放速率≥3 kg/h 时，建设 VOCs 处理设施且处理效率≥80%；b）厂 区内无组,关键词已对应，待人工核验数值与字段归属,,
120_佛山市龙广塑料制品有限公司新建项目_01_受理公告或公示版,工艺与产污,工艺流程、生产工艺、产污环节,工艺流程、生产工艺、产污环节,采供清单。鼓励重点行业企业开展 生产工艺和设备水性化改造，推广使 用水性、高固体分，无溶剂、粉末等 低 VOCs 含量涂料。严格落实《挥发 性有机物无组,采供清单。鼓励重点行业企业开展 生产工艺和设备水性化改造，推广使 用水性、高固体分，无溶剂、粉末等 低 VOCs 含量涂料。严格落实《挥发 性有机物无组,关键词已对应，待人工核验数值与字段归属,,
120_佛山市龙广塑料制品有限公司新建项目_01_受理公告或公示版,源强与定量核算,污染源强、产生量、排放量,污染源强、产生量、排放量,量为 0.877 t/a，无组织排放量 为 0.945 t/a，项目 NMHC 有组 织及无组织合计排放量为 1.822 t/a。根据《关于做好建 设项,量为 0.877 t/a，无组织排放量 为 0.945 t/a，项目 NMHC 有组 织及无组织合计排放量为 1.822 t/a。根据《关于做好建 设项,关键词已对应，待人工核验数值与字段归属,,
120_佛山市龙广塑料制品有限公司新建项目_01_受理公告或公示版,废气治理,废气治理、废气收集、活性炭,废气治理、废气收集、活性炭,废气经半密闭型集 气设备收集，经活性炭吸附装 置处理后通过 47 m 高排气筒 达标排放。废气采取有效收集 措施。 符合 3 关于印发《广东 省涉挥发性,废气经半密闭型集 气设备收集，经活性炭吸附装 置处理后通过 47 m 高排气筒 达标排放。废气采取有效收集 措施。 符合 3 关于印发《广东 省涉挥发性,关键词已对应，待人工核验数值与字段归属,,
120_佛山市龙广塑料制品有限公司新建项目_01_受理公告或公示版,固废与危险废物,危险废物、固体废物、危废暂存,危险废物、固体废物、危废暂存, 理方式资质佐证材料。 项目建立危险废物台账，定 期将废液压油、废机油、废 火花油、废包装桶、废活性 炭等危险废物交给有资质 的单位处理，整理危废处理 , 理方式资质佐证材料。 项目建立危险废物台账，定 期将废液压油、废机油、废 火花油、废包装桶、废活性 炭等危险废物交给有资质 的单位处理，整理危废处理 ,关键词已对应，待人工核验数值与字段归属,,
120_佛山市龙广塑料制品有限公司新建项目_01_受理公告或公示版,总量与执行标准,总量控制、总量指标、执行标准,总量控制、总量指标、执行标准,增量”原则，动态管理 VOCs 总量指标。新、改、扩建排放 VOCs 的重点行业建设项目应当执行总量 替代制度，重点行业包括炼油与石 化、化学原料和化学,增量”原则，动态管理 VOCs 总量指标。新、改、扩建排放 VOCs 的重点行业建设项目应当执行总量 替代制度，重点行业包括炼油与石 化、化学原料和化学,关键词已对应，待人工核验数值与字段归属,,
120_佛山市龙广塑料制品有限公司新建项目_01_受理公告或公示版,监督检查清单,环境保护措施监督检查清单、监督检查清单,环境保护措施监督检查清单、监督检查清单,.......... 22 五、环境保护措施监督检查清单 ...............................................,.......... 22 五、环境保护措施监督检查清单 ...............................................,关键词已对应，待人工核验数值与字段归属,,
121_佛山市特美仕电器有限公司迁扩建项目_01_报批稿或报告表,项目基本情况,建设项目名称、建设地点、总投资,建设项目名称、建设地点、总投资,声明 1 一、建设项目基本情况 建设项目名称 佛山市特美仕电器有限公司迁扩建项目 项目代码 无 建设单位联系人 刘** 联系方式 1392484****,5页 1 一、建设项目基本情况 建设项目名称 佛山市特美仕电器有限公司迁扩建项目 项目代码 无 建设单位联系人 刘** 联系方式 1392484****,关键词已对应，待人工核验数值与字段归属,,
121_佛山市特美仕电器有限公司迁扩建项目_01_报批稿或报告表,产品与产量,产品方案、主要产品、年产,产品方案、主要产品、年产, 局关于佛山市特美仕电器有限公司年产家用电器 2 万台扩建项目环境影响报告表的批复》 （顺管伦环[2019]第 0051 号）以及环保批准证（伦 201, 局关于佛山市特美仕电器有限公司年产家用电器 2 万台扩建项目环境影响报告表的批复》 （顺管伦环[2019]第 0051 号）以及环保批准证（伦 201,关键词已对应，待人工核验数值与字段归属,,
121_佛山市特美仕电器有限公司迁扩建项目_01_报批稿或报告表,原辅材料,主要原辅材料、原辅材料、原料名称,主要原辅材料、原辅材料、原料名称,制新建 生产和使用高挥发性有机物原辅材料 项目，优先开展低 VOCs 含量原辅材 料替代，强化无组织排放控制。原则 上不再新建、扩建新增氮氧化物、烟 （,制新建 生产和使用高挥发性有机物原辅材料 项目，优先开展低 VOCs 含量原辅材 料替代，强化无组织排放控制。原则 上不再新建、扩建新增氮氧化物、烟 （,关键词已对应，待人工核验数值与字段归属,,
121_佛山市特美仕电器有限公司迁扩建项目_01_报批稿或报告表,生产设备,主要生产设备、设备名称、生产设施,主要生产设备、设备名称、生产设施,度不高于相应的排放限值； 车间或生产设施排气中 NMHC 初始排放速率≥3kg/h 时，建设 VOCs 处理设施且处理效率≥ 80%； b）厂区内无组织,度不高于相应的排放限值； 车间或生产设施排气中 NMHC 初始排放速率≥3kg/h 时，建设 VOCs 处理设施且处理效率≥ 80%； b）厂区内无组织,关键词已对应，待人工核验数值与字段归属,,
121_佛山市特美仕电器有限公司迁扩建项目_01_报批稿或报告表,工艺与产污,工艺流程、生产工艺、产污环节,工艺流程、生产工艺、产污环节,强无组织排放控制。推进 使用先进生产工艺。通过采用全 密闭、连续化、自动化等生产技 项目注塑成型、注塑试验工序采 用包围型集气罩通过软质垂帘 四周围挡(,强无组织排放控制。推进 使用先进生产工艺。通过采用全 密闭、连续化、自动化等生产技 项目注塑成型、注塑试验工序采 用包围型集气罩通过软质垂帘 四周围挡(,关键词已对应，待人工核验数值与字段归属,,
121_佛山市特美仕电器有限公司迁扩建项目_01_报批稿或报告表,源强与定量核算,污染源强、产生量、排放量,污染源强、产生量、排放量,..... 69 建设项目污染物排放量汇总表 .....................................................,..... 69 建设项目污染物排放量汇总表 .....................................................,关键词已对应，待人工核验数值与字段归属,,
121_佛山市特美仕电器有限公司迁扩建项目_01_报批稿或报告表,废气治理,废气治理、废气收集、活性炭,废气治理、废气收集、活性炭,装袋封装。 符合 3.3 50-废气收集-废气收集系统的输 送管道应密闭。废气收集系统应 在负压下运行，若处于正压状 态，应对管道组件的密封垫进 行泄漏,装袋封装。 符合 3.3 50-废气收集-废气收集系统的输 送管道应密闭。废气收集系统应 在负压下运行，若处于正压状 态，应对管道组件的密封垫进 行泄漏,关键词已对应，待人工核验数值与字段归属,,
121_佛山市特美仕电器有限公司迁扩建项目_01_报批稿或报告表,固废与危险废物,危险废物、固体废物,危险废物、固体废物,式扩散至厂界外 / 固体废 物 危险废物暂 存区 1个，存放危险废物，位于生产 车间内，面积5m2 1个，存放危险废物，位于生产 车间内，面积5m2 /,式扩散至厂界外 / 固体废 物 危险废物暂 存区 1个，存放危险废物，位于生产 车间内，面积5m2 1个，存放危险废物，位于生产 车间内，面积5m2 /,关键词已对应，待人工核验数值与字段归属,,
121_佛山市特美仕电器有限公司迁扩建项目_01_报批稿或报告表,总量与执行标准,总量控制、总量指标、执行标准,总量控制、总量指标、执行标准,水应执行《城镇污水处 理厂污染物排放标准》 （GB18918-2002）一级 A 标准及《广 东省水污染物排放限值》 （DB44/26-2001）的较严,水应执行《城镇污水处 理厂污染物排放标准》 （GB18918-2002）一级 A 标准及《广 东省水污染物排放限值》 （DB44/26-2001）的较严,关键词已对应，待人工核验数值与字段归属,,
121_佛山市特美仕电器有限公司迁扩建项目_01_报批稿或报告表,监督检查清单,环境保护措施监督检查清单、监督检查清单,环境保护措施监督检查清单、监督检查清单,.......... 41 五、环境保护措施监督检查清单 ...............................................,.......... 41 五、环境保护措施监督检查清单 ...............................................,关键词已对应，待人工核验数值与字段归属,,
122_佛山市广优顺品日用品有限公司新建项目_01_报批稿或报告表,项目基本情况,建设项目名称、建设地点、总投资,建设项目名称、建设地点、总投资,21 1 一、建设项目基本情况 建设项目名称 佛山市广优顺品日用品有限公司新建项目 项目代码 无 建设单位联系 人 冯秋带 联系方式 139245648,6页 1 一、建设项目基本情况 建设项目名称 佛山市广优顺品日用品有限公司新建项目 项目代码 无 建设单位联系 人 冯秋带 联系方式 139245648,关键词已对应，待人工核验数值与字段归属,,
122_佛山市广优顺品日用品有限公司新建项目_01_报批稿或报告表,产品与产量,产品方案、主要产品、年产,产品方案、主要产品、年产,求编写环境影响评价报告表。 2.产品方案 根据建设单位提供的资料，本项目的产品产量见表 2-1。 表 2-1 产品产能一览表 产品类型 年产量 备注 塑,求编写环境影响评价报告表。 2.产品方案 根据建设单位提供的资料，本项目的产品产量见表 2-1。 表 2-1 产品产能一览表 产品类型 年产量 备注 塑,关键词已对应，待人工核验数值与字段归属,,
122_佛山市广优顺品日用品有限公司新建项目_01_报批稿或报告表,原辅材料,主要原辅材料、原辅材料、辅料,主要原辅材料、原辅材料、辅料,水性胶水，不属于 高VOCs含量原辅材料。项 目挤出、印刷工艺产生的非 甲烷总烃收集后经活性炭 处理后高空排放。 符合 3.与《挥发性有机物（VOCs）,水性胶水，不属于 高VOCs含量原辅材料。项 目挤出、印刷工艺产生的非 甲烷总烃收集后经活性炭 处理后高空排放。 符合 3.与《挥发性有机物（VOCs）,关键词已对应，待人工核验数值与字段归属,,
122_佛山市广优顺品日用品有限公司新建项目_01_报批稿或报告表,生产设备,主要生产设备、生产设施、设备一览,主要生产设备、生产设施、设备一览,量 产品规定的除外 本项目车间或生产设施排 气中 NMHC 初始排放速率 小于 3kg/h。 符合 6.与《重点行业挥发性有机物综合治理方案》的通知（环,量 产品规定的除外 本项目车间或生产设施排 气中 NMHC 初始排放速率 小于 3kg/h。 符合 6.与《重点行业挥发性有机物综合治理方案》的通知（环,关键词已对应，待人工核验数值与字段归属,,
122_佛山市广优顺品日用品有限公司新建项目_01_报批稿或报告表,工艺与产污,工艺流程、生产工艺、产污节点,工艺流程、生产工艺、产污节点,从事塑料吸管生产，项目生产产品、生产工艺和生 产设备均不属于《产业结构调整指导目录（2024 年本）》中的限制 或淘汰类别，也不属于国家发展改革委商务部,从事塑料吸管生产，项目生产产品、生产工艺和生 产设备均不属于《产业结构调整指导目录（2024 年本）》中的限制 或淘汰类别，也不属于国家发展改革委商务部,关键词已对应，待人工核验数值与字段归属,,
122_佛山市广优顺品日用品有限公司新建项目_01_报批稿或报告表,源强与定量核算,产生量、排放量、收集效率,产生量、排放量、收集效率,..... 68 建设项目污染物排放量汇总表 .....................................................,..... 68 建设项目污染物排放量汇总表 .....................................................,关键词已对应，待人工核验数值与字段归属,,
122_佛山市广优顺品日用品有限公司新建项目_01_报批稿或报告表,废气治理,废气治理、废气收集、活性炭,废气治理、废气收集、活性炭,程中会产生一定量的有机废气，有机废气治理与 地区的治理政策符合性分析见下表。 表 1-1 项目与有机污染物治理政策的相符性 序号 政策要求 工程内容 符,程中会产生一定量的有机废气，有机废气治理与 地区的治理政策符合性分析见下表。 表 1-1 项目与有机污染物治理政策的相符性 序号 政策要求 工程内容 符,关键词已对应，待人工核验数值与字段归属,,
122_佛山市广优顺品日用品有限公司新建项目_01_报批稿或报告表,固废与危险废物,危险废物、固体废物,危险废物、固体废物, 高排气筒 DA001 排放。 固体废物 生活垃圾集中堆放，委托环卫部门及时清运处置；一般工业固废进 行统一收集后外售，厂区内有固定的固废堆放处；危险废, 高排气筒 DA001 排放。 固体废物 生活垃圾集中堆放，委托环卫部门及时清运处置；一般工业固废进 行统一收集后外售，厂区内有固定的固废堆放处；危险废,关键词已对应，待人工核验数值与字段归属,,
122_佛山市广优顺品日用品有限公司新建项目_01_报批稿或报告表,总量与执行标准,总量控制、总量指标、执行标准,总量控制、总量指标、执行标准,.与《顺德区重点行业挥发性有机物总量指标管理工作方案（2023 年修 订）》（顺环委办〔2023〕19 号）相符性分析 4.1 环评文件审批部门确定受理,.与《顺德区重点行业挥发性有机物总量指标管理工作方案（2023 年修 订）》（顺环委办〔2023〕19 号）相符性分析 4.1 环评文件审批部门确定受理,关键词已对应，待人工核验数值与字段归属,,
122_佛山市广优顺品日用品有限公司新建项目_01_报批稿或报告表,监督检查清单,环境保护措施监督检查清单、监督检查清单,环境保护措施监督检查清单、监督检查清单,.......... 32 五、环境保护措施监督检查清单 ...............................................,.......... 32 五、环境保护措施监督检查清单 ...............................................,关键词已对应，待人工核验数值与字段归属,,
123_佛山市邸怡居家居有限公司新建项目_01_受理公告或公示版,项目基本情况,建设项目名称、建设地点、总投资,建设项目名称、建设地点、总投资,报告 1 一、建设项目基本情况 建设项目名称 佛山市邸怡居家居有限公司新建项目 项目代码 无 建设单位联系人 *** 联系方式 *** 建设地点 佛山市,6页 1 一、建设项目基本情况 建设项目名称 佛山市邸怡居家居有限公司新建项目 项目代码 无 建设单位联系人 *** 联系方式 *** 建设地点 佛山市,关键词已对应，待人工核验数值与字段归属,,
123_佛山市邸怡居家居有限公司新建项目_01_受理公告或公示版,产品与产量,主要产品、产品名称、年产,主要产品、产品名称、年产,顶高度为 12.6m。 项目计划年产高回弹定型海绵 24 万件/a。 2.项目工程组成 项目具体平面布置图见附图 5。本项目工程组成详见表 2-1。 表,顶高度为 12.6m。 项目计划年产高回弹定型海绵 24 万件/a。 2.项目工程组成 项目具体平面布置图见附图 5。本项目工程组成详见表 2-1。 表,关键词已对应，待人工核验数值与字段归属,,
123_佛山市邸怡居家居有限公司新建项目_01_受理公告或公示版,原辅材料,主要原辅材料、原辅材料、原料名称,主要原辅材料、原辅材料、原料名称,类】大力推进低 VOCs 含量 原辅材料替代。家具生产优先发展区内新、 改、扩建含喷漆的木质家具生产企业，应以 自动喷涂生产线为主，末端治理设施应符合 ,类】大力推进低 VOCs 含量 原辅材料替代。家具生产优先发展区内新、 改、扩建含喷漆的木质家具生产企业，应以 自动喷涂生产线为主，末端治理设施应符合 ,关键词已对应，待人工核验数值与字段归属,,
123_佛山市邸怡居家居有限公司新建项目_01_受理公告或公示版,生产设备,主要生产设备、生产设施、设备一览,主要生产设备、生产设施、设备一览,m/s。 符 合 3.3 车间或生产设施排气中 NMHC 初始排放速率 ≥3kg/h 时，建设 VOCs 处理设施且处理效率 ≥80%。厂区内无组织排放,m/s。 符 合 3.3 车间或生产设施排气中 NMHC 初始排放速率 ≥3kg/h 时，建设 VOCs 处理设施且处理效率 ≥80%。厂区内无组织排放,关键词已对应，待人工核验数值与字段归属,,
123_佛山市邸怡居家居有限公司新建项目_01_受理公告或公示版,工艺与产污,工艺流程、生产工艺、产污节点,工艺流程、生产工艺、产污节点, 购清单。鼓励重 点行业企业开展生产工艺和设备水性化改造， 推广使用水性、高固体分、无溶剂、粉末等低 VOCs 含量涂料。严格落实 《挥发性有机物 无组, 购清单。鼓励重 点行业企业开展生产工艺和设备水性化改造， 推广使用水性、高固体分、无溶剂、粉末等低 VOCs 含量涂料。严格落实 《挥发性有机物 无组,关键词已对应，待人工核验数值与字段归属,,
123_佛山市邸怡居家居有限公司新建项目_01_受理公告或公示版,源强与定量核算,污染源强、产生量、排放量,污染源强、产生量、排放量,.. 56 附表 建设项目污染物排放量汇总表 附图 附图 1 项目地理位置图 附图 2 项目周围环境概况图 附图 3 项目四至卫星图（含厂界外扩 50m,.. 56 附表 建设项目污染物排放量汇总表 附图 附图 1 项目地理位置图 附图 2 项目周围环境概况图 附图 3 项目四至卫星图（含厂界外扩 50m,关键词已对应，待人工核验数值与字段归属,,
123_佛山市邸怡居家居有限公司新建项目_01_受理公告或公示版,废气治理,废气治理、废气收集、活性炭,废气治理、废气收集、活性炭,标后 排放至龙江污水处理厂。生产废气收集后经“活性炭吸附”处理后引至高空 排放，不产生和排放有毒有害大气污染物项目，符合环境准入及管控要求。 （2）与佛,标后 排放至龙江污水处理厂。生产废气收集后经“活性炭吸附”处理后引至高空 排放，不产生和排放有毒有害大气污染物项目，符合环境准入及管控要求。 （2）与佛,关键词已对应，待人工核验数值与字段归属,,
123_佛山市邸怡居家居有限公司新建项目_01_受理公告或公示版,固废与危险废物,危险废物、固体废物、危废暂存,危险废物、固体废物、危废暂存,点环境风险源的环 境风险防控。 危险废物暂存间设置 防泄漏围堰或墁坡， 并配备应急吸收材 料，液态危险废物少 量泄漏采用吸收材料 处置；加强废水处理 设,点环境风险源的环 境风险防控。 危险废物暂存间设置 防泄漏围堰或墁坡， 并配备应急吸收材 料，液态危险废物少 量泄漏采用吸收材料 处置；加强废水处理 设,关键词已对应，待人工核验数值与字段归属,,
123_佛山市邸怡居家居有限公司新建项目_01_受理公告或公示版,总量与执行标准,总量控制、总量指标、执行标准,总量控制、总量指标、执行标准,水应执行《城镇污水处理厂污染物 排放标准》（GB18918-2002）一级 A 标准 及《广东省水污染物排放限值》 （DB44/26-2001）的较严值,水应执行《城镇污水处理厂污染物 排放标准》（GB18918-2002）一级 A 标准 及《广东省水污染物排放限值》 （DB44/26-2001）的较严值,关键词已对应，待人工核验数值与字段归属,,
123_佛山市邸怡居家居有限公司新建项目_01_受理公告或公示版,监督检查清单,环境保护措施监督检查清单、监督检查清单,环境保护措施监督检查清单、监督检查清单,.......... 28 五、环境保护措施监督检查清单 ...............................................,.......... 28 五、环境保护措施监督检查清单 ...............................................,关键词已对应，待人工核验数值与字段归属,,
124_佛山市创灏五金塑料有限公司年产塑料制品1250万件迁改扩建项目_01_受理公告或公示版,项目基本情况,建设项目名称、建设地点、总投资,建设项目名称、建设地点、总投资,49 1 一、建设项目基本情况 建设项目名称 佛山市创灏五金塑料有限公司年产塑料制品 1250 万件迁改扩建项目 项目代码 无 建设单位联系人 王炳栋 ,7页 1 一、建设项目基本情况 建设项目名称 佛山市创灏五金塑料有限公司年产塑料制品 1250 万件迁改扩建项目 项目代码 无 建设单位联系人 王炳栋 ,关键词已对应，待人工核验数值与字段归属,,
124_佛山市创灏五金塑料有限公司年产塑料制品1250万件迁改扩建项目_01_受理公告或公示版,产品与产量,产品名称、年产,产品名称、年产,关于《佛山市创灏五金塑料有限公司年产塑料制品 1250 万件迁扩建项目》排水证情 况说明 ...............................,关于《佛山市创灏五金塑料有限公司年产塑料制品 1250 万件迁扩建项目》排水证情 况说明 ...............................,关键词已对应，待人工核验数值与字段归属,,
124_佛山市创灏五金塑料有限公司年产塑料制品1250万件迁改扩建项目_01_受理公告或公示版,原辅材料,主要原辅材料、原辅材料、原料名称,主要原辅材料、原辅材料、原料名称,建 生产和使用高 VOCs 含量原辅材料项目，鼓励建设共性 工厂、活性炭集中再生中心等挥发性有机物第三方治理 项目，推动挥发性有机物集中高效处理。 项目,建 生产和使用高 VOCs 含量原辅材料项目，鼓励建设共性 工厂、活性炭集中再生中心等挥发性有机物第三方治理 项目，推动挥发性有机物集中高效处理。 项目,关键词已对应，待人工核验数值与字段归属,,
124_佛山市创灏五金塑料有限公司年产塑料制品1250万件迁改扩建项目_01_受理公告或公示版,生产设备,生产设施,生产设施,机废气。 符 合 3.2 车间或生产设施收集排放的废气，VOCs 初始排放速率大于等于 3 千克/小时、重点 区域大于等于 2 千克/小时的，应加大控制,机废气。 符 合 3.2 车间或生产设施收集排放的废气，VOCs 初始排放速率大于等于 3 千克/小时、重点 区域大于等于 2 千克/小时的，应加大控制,关键词已对应，待人工核验数值与字段归属,,
124_佛山市创灏五金塑料有限公司年产塑料制品1250万件迁改扩建项目_01_受理公告或公示版,工艺与产污,工艺流程、生产工艺、产污环节,工艺流程、生产工艺、产污环节,料制品的加工生产，项目生产产品、生产工艺和生产设备均不属于 《产业结构调整指导目录（2024 年本）》 中的淘汰类和限制类，也不属于国家发展改革 委商务,料制品的加工生产，项目生产产品、生产工艺和生产设备均不属于 《产业结构调整指导目录（2024 年本）》 中的淘汰类和限制类，也不属于国家发展改革 委商务,关键词已对应，待人工核验数值与字段归属,,
124_佛山市创灏五金塑料有限公司年产塑料制品1250万件迁改扩建项目_01_受理公告或公示版,源强与定量核算,污染源强、产生量、排放量,污染源强、产生量、排放量,、扩建新增氮氧化物、烟（粉） 尘排放量较大的建设项目。 项目位于大气环境高排放重 点管控区，使用的 PP 塑料、 ABS 塑料、POM 塑料、色母 属于,、扩建新增氮氧化物、烟（粉） 尘排放量较大的建设项目。 项目位于大气环境高排放重 点管控区，使用的 PP 塑料、 ABS 塑料、POM 塑料、色母 属于,关键词已对应，待人工核验数值与字段归属,,
124_佛山市创灏五金塑料有限公司年产塑料制品1250万件迁改扩建项目_01_受理公告或公示版,废气治理,废气治理、废气收集、活性炭,废气治理、废气收集、活性炭,项目注塑废气经集气罩收集后通过 活性炭吸附设施进行处理，处理达标后对外排放；混料、模具维修、破碎产生的颗粒 物通过加强车间通风换气处理。本项目声环境质量,项目注塑废气经集气罩收集后通过 活性炭吸附设施进行处理，处理达标后对外排放；混料、模具维修、破碎产生的颗粒 物通过加强车间通风换气处理。本项目声环境质量,关键词已对应，待人工核验数值与字段归属,,
124_佛山市创灏五金塑料有限公司年产塑料制品1250万件迁改扩建项目_01_受理公告或公示版,固废与危险废物,危险废物、固体废物、危废暂存,危险废物、固体废物、危废暂存,0m2，再由回收公 司统一回收 固体废物 治理 危险废物 危险废物收集后放置于危 险废物堆场内，占地约 5m2， 再交由有资质的单位进行 处置 危险废物,0m2，再由回收公 司统一回收 固体废物 治理 危险废物 危险废物收集后放置于危 险废物堆场内，占地约 5m2， 再交由有资质的单位进行 处置 危险废物,关键词已对应，待人工核验数值与字段归属,,
124_佛山市创灏五金塑料有限公司年产塑料制品1250万件迁改扩建项目_01_受理公告或公示版,总量与执行标准,总量控制、总量指标、执行标准,总量控制、总量指标、执行标准,水应执行《城镇污水处理厂污染物 排放标准》（GB18918-2002）一级 A 标准及《广 东省水污染物排放限值》（DB44/26-2001）的较严 值,水应执行《城镇污水处理厂污染物 排放标准》（GB18918-2002）一级 A 标准及《广 东省水污染物排放限值》（DB44/26-2001）的较严 值,关键词已对应，待人工核验数值与字段归属,,
124_佛山市创灏五金塑料有限公司年产塑料制品1250万件迁改扩建项目_01_受理公告或公示版,监督检查清单,环境保护措施监督检查清单、监督检查清单,环境保护措施监督检查清单、监督检查清单,.......... 35 五、环境保护措施监督检查清单 ...............................................,.......... 35 五、环境保护措施监督检查清单 ...............................................,关键词已对应，待人工核验数值与字段归属,,
125_佛山市顺德区谦和丰塑料制品厂新建项目_01_受理公告或公示版,项目基本情况,建设项目名称、建设地点、总投资,建设项目名称、建设地点、总投资,60 1 一、建设项目基本情况 建设项目名称 佛山市顺德区谦和丰塑料制品厂新建项目 项目代码 无 建设单位联系人 梅和成 联系方式 1392480243,6页 1 一、建设项目基本情况 建设项目名称 佛山市顺德区谦和丰塑料制品厂新建项目 项目代码 无 建设单位联系人 梅和成 联系方式 1392480243,关键词已对应，待人工核验数值与字段归属,,
125_佛山市顺德区谦和丰塑料制品厂新建项目_01_受理公告或公示版,产品与产量,主要产品、年产,主要产品、年产,况 项目主要从事塑料配件的生产，主要产品及产能见表2-2。 表 2-2 产品及产能一览表 名称 单位 数量 备注 塑料配件 吨/年 800 主要为塑料水,况 项目主要从事塑料配件的生产，主要产品及产能见表2-2。 表 2-2 产品及产能一览表 名称 单位 数量 备注 塑料配件 吨/年 800 主要为塑料水,关键词已对应，待人工核验数值与字段归属,,
125_佛山市顺德区谦和丰塑料制品厂新建项目_01_受理公告或公示版,原辅材料,主要原辅材料、原辅材料,主要原辅材料、原辅材料,配件生产销售，生产的产品及使用的原辅材料均不属于 《环境保护综合名录（2021 年版）》中“高污染、高环境风险”产品名录，符合要 求。 3、与广东省发展,配件生产销售，生产的产品及使用的原辅材料均不属于 《环境保护综合名录（2021 年版）》中“高污染、高环境风险”产品名录，符合要 求。 3、与广东省发展,关键词已对应，待人工核验数值与字段归属,,
125_佛山市顺德区谦和丰塑料制品厂新建项目_01_受理公告或公示版,生产设备,生产设施,生产设施, 浓度与去除效率双重控制。车间或生产设施收集排 放的废气，VOCs 初始排放速率大于等于 3 千克/小 时、重点区域大于等于 2 千克/小时的，应加大控, 浓度与去除效率双重控制。车间或生产设施收集排 放的废气，VOCs 初始排放速率大于等于 3 千克/小 时、重点区域大于等于 2 千克/小时的，应加大控,关键词已对应，待人工核验数值与字段归属,,
125_佛山市顺德区谦和丰塑料制品厂新建项目_01_受理公告或公示版,工艺与产污,工艺流程、生产工艺、产污环节,工艺流程、生产工艺、产污环节,采购 清单。鼓励重点行业企业开展生产工艺和设备水性 化改造，推广使用水性、高固体分、无溶剂、粉末 等低 VOCs 含量涂料。严格落实《挥发性有机物无 组,采购 清单。鼓励重点行业企业开展生产工艺和设备水性 化改造，推广使用水性、高固体分、无溶剂、粉末 等低 VOCs 含量涂料。严格落实《挥发性有机物无 组,关键词已对应，待人工核验数值与字段归属,,
125_佛山市顺德区谦和丰塑料制品厂新建项目_01_受理公告或公示版,源强与定量核算,污染源强、产生量、排放量,污染源强、产生量、排放量,2 号） 3.1 对 VOCs 排放量大于 300 公斤/年的新、改、扩建项 目，进行总量替代，按照要求填报 VOCs 指标来源 说明。其他排放量规模需,2 号） 3.1 对 VOCs 排放量大于 300 公斤/年的新、改、扩建项 目，进行总量替代，按照要求填报 VOCs 指标来源 说明。其他排放量规模需,关键词已对应，待人工核验数值与字段归属,,
125_佛山市顺德区谦和丰塑料制品厂新建项目_01_受理公告或公示版,废气治理,废气治理、废气收集、活性炭,废气治理、废气收集、活性炭,点， 推广建设区域共享涂装中心、活性炭集中再生中心， 推动 VOCs 集中高效治理。 本项目属于塑料零件及其他 塑料制品制造，不属于 VOCs 排放重点,点， 推广建设区域共享涂装中心、活性炭集中再生中心， 推动 VOCs 集中高效治理。 本项目属于塑料零件及其他 塑料制品制造，不属于 VOCs 排放重点,关键词已对应，待人工核验数值与字段归属,,
125_佛山市顺德区谦和丰塑料制品厂新建项目_01_受理公告或公示版,固废与危险废物,危险废物、固体废物、危废暂存,危险废物、固体废物、危废暂存,业区，墙体隔音、距离衰减 固废 危险废物 设立危废暂存间 1 个，面积 5 m2，用于危险废物暂存 一般固体 废物 设立固废间 1 个，面积 5 m2，,业区，墙体隔音、距离衰减 固废 危险废物 设立危废暂存间 1 个，面积 5 m2，用于危险废物暂存 一般固体 废物 设立固废间 1 个，面积 5 m2，,关键词已对应，待人工核验数值与字段归属,,
125_佛山市顺德区谦和丰塑料制品厂新建项目_01_受理公告或公示版,总量与执行标准,总量控制、总量指标、执行标准,总量控制、总量指标、执行标准,LDAR 工 作。石化企业按行业排放标准规定执行。 本项目注塑工序产生的废气 拟采用包围型集气罩收集；集 气 效 率 取 50% ， 控 制 风 速 0,LDAR 工 作。石化企业按行业排放标准规定执行。 本项目注塑工序产生的废气 拟采用包围型集气罩收集；集 气 效 率 取 50% ， 控 制 风 速 0,关键词已对应，待人工核验数值与字段归属,,
125_佛山市顺德区谦和丰塑料制品厂新建项目_01_受理公告或公示版,监督检查清单,环境保护措施监督检查清单、监督检查清单,环境保护措施监督检查清单、监督检查清单,.......... 19 五、环境保护措施监督检查清单 ...............................................,.......... 19 五、环境保护措施监督检查清单 ...............................................,关键词已对应，待人工核验数值与字段归属,,
126_佛山市顺德区谦迅盛塑料制品厂新建项目_01_受理公告或公示版,项目基本情况,建设项目名称、建设地点、总投资,建设项目名称、建设地点、总投资,57 1 一、建设项目基本情况 建设项目名称 佛山市顺德区谦迅盛塑料制品厂新建项目 项目代码 无 建设单位联系人 梅和成 联系方式 1392480243,6页 1 一、建设项目基本情况 建设项目名称 佛山市顺德区谦迅盛塑料制品厂新建项目 项目代码 无 建设单位联系人 梅和成 联系方式 1392480243,关键词已对应，待人工核验数值与字段归属,,
126_佛山市顺德区谦迅盛塑料制品厂新建项目_01_受理公告或公示版,产品与产量,主要产品、年产,主要产品、年产,况 项目主要从事塑料配件的生产，主要产品及产能见表2-2。 表 2-2 产品及产能一览表 名称 单位 数量 备注 塑料配件 吨/年 1000 主要为主要,况 项目主要从事塑料配件的生产，主要产品及产能见表2-2。 表 2-2 产品及产能一览表 名称 单位 数量 备注 塑料配件 吨/年 1000 主要为主要,关键词已对应，待人工核验数值与字段归属,,
126_佛山市顺德区谦迅盛塑料制品厂新建项目_01_受理公告或公示版,原辅材料,主要原辅材料、原辅材料,主要原辅材料、原辅材料,配件生产销售，生产的产品及使用的原辅材料均不属于 《环境保护综合名录（2021 年版）》中“高污染、高环境风险”产品名录，符合要 求。 3、与广东省发展,配件生产销售，生产的产品及使用的原辅材料均不属于 《环境保护综合名录（2021 年版）》中“高污染、高环境风险”产品名录，符合要 求。 3、与广东省发展,关键词已对应，待人工核验数值与字段归属,,
126_佛山市顺德区谦迅盛塑料制品厂新建项目_01_受理公告或公示版,生产设备,生产设施,生产设施, 浓度与去除效率双重控制。车间或生产设施收集排 放的废气，VOCs 初始排放速率大于等于 3 千克/小 时、重点区域大于等于 2 千克/小时的，应加大控, 浓度与去除效率双重控制。车间或生产设施收集排 放的废气，VOCs 初始排放速率大于等于 3 千克/小 时、重点区域大于等于 2 千克/小时的，应加大控,关键词已对应，待人工核验数值与字段归属,,
126_佛山市顺德区谦迅盛塑料制品厂新建项目_01_受理公告或公示版,工艺与产污,工艺流程、生产工艺、产污环节,工艺流程、生产工艺、产污环节,采购 清单。鼓励重点行业企业开展生产工艺和设备水性 化改造，推广使用水性、高固体分、无溶剂、粉末 等低 VOCs 含量涂料。严格落实《挥发性有机物无 组,采购 清单。鼓励重点行业企业开展生产工艺和设备水性 化改造，推广使用水性、高固体分、无溶剂、粉末 等低 VOCs 含量涂料。严格落实《挥发性有机物无 组,关键词已对应，待人工核验数值与字段归属,,
126_佛山市顺德区谦迅盛塑料制品厂新建项目_01_受理公告或公示版,源强与定量核算,污染源强、产生量、排放量,污染源强、产生量、排放量,2 号） 3.1 对 VOCs 排放量大于 300 公斤/年的新、改、扩建项 目，进行总量替代，按照要求填报 VOCs 指标来源 说明。其他排放量规模需,2 号） 3.1 对 VOCs 排放量大于 300 公斤/年的新、改、扩建项 目，进行总量替代，按照要求填报 VOCs 指标来源 说明。其他排放量规模需,关键词已对应，待人工核验数值与字段归属,,
126_佛山市顺德区谦迅盛塑料制品厂新建项目_01_受理公告或公示版,废气治理,废气治理、废气收集、活性炭,废气治理、废气收集、活性炭,点， 推广建设区域共享涂装中心、活性炭集中再生中心， 推动 VOCs 集中高效治理。 本项目属于塑料零件及其他 塑料制品制造，不属于 VOCs 排放重点,点， 推广建设区域共享涂装中心、活性炭集中再生中心， 推动 VOCs 集中高效治理。 本项目属于塑料零件及其他 塑料制品制造，不属于 VOCs 排放重点,关键词已对应，待人工核验数值与字段归属,,
126_佛山市顺德区谦迅盛塑料制品厂新建项目_01_受理公告或公示版,固废与危险废物,危险废物、固体废物、危废暂存,危险废物、固体废物、危废暂存,业区，墙体隔音、距离衰减 固废 危险废物 设立危废暂存间 1 个，面积 5 m2，用于危险废物暂存 一般固体废 物 设立固废间 1 个，面积 5 m2，,业区，墙体隔音、距离衰减 固废 危险废物 设立危废暂存间 1 个，面积 5 m2，用于危险废物暂存 一般固体废 物 设立固废间 1 个，面积 5 m2，,关键词已对应，待人工核验数值与字段归属,,
126_佛山市顺德区谦迅盛塑料制品厂新建项目_01_受理公告或公示版,总量与执行标准,总量控制、总量指标、执行标准,总量控制、总量指标、执行标准,LDAR 工 作。石化企业按行业排放标准规定执行。 本项目注塑工序产生的废气 拟采用包围型集气罩收集；集 气 效 率 取 50% ， 控 制 风 速 0,LDAR 工 作。石化企业按行业排放标准规定执行。 本项目注塑工序产生的废气 拟采用包围型集气罩收集；集 气 效 率 取 50% ， 控 制 风 速 0,关键词已对应，待人工核验数值与字段归属,,
126_佛山市顺德区谦迅盛塑料制品厂新建项目_01_受理公告或公示版,监督检查清单,环境保护措施监督检查清单、监督检查清单,环境保护措施监督检查清单、监督检查清单,.......... 19 五、环境保护措施监督检查清单 ...............................................,.......... 19 五、环境保护措施监督检查清单 ...............................................,关键词已对应，待人工核验数值与字段归属,,
127_广东顺德意达电子薄膜器件有限公司扩建项目_01_受理公告或公示版,项目基本情况,建设项目名称、建设地点、总投资,建设项目名称、建设地点、总投资, 1 — 一、建设项目基本情况 建设项目名称 广东顺德意达电子薄膜器件有限公司扩建项目 项目代码 无 建设单位联系人 熊** 联系方式 1392285*, 1 — 一、建设项目基本情况 建设项目名称 广东顺德意达电子薄膜器件有限公司扩建项目 项目代码 无 建设单位联系人 熊** 联系方式 1392285*,关键词已对应，待人工核验数值与字段归属,,
127_广东顺德意达电子薄膜器件有限公司扩建项目_01_受理公告或公示版,产品与产量,主要产品、年产,主要产品、年产,及经营面积不变，生 产规模不变，年产彩膜贴合组件 5500 万块。 项目所在建筑物共 7 层，第 1~2 层每层高 7.9m，第 3~6 层每层高 5m,及经营面积不变，生 产规模不变，年产彩膜贴合组件 5500 万块。 项目所在建筑物共 7 层，第 1~2 层每层高 7.9m，第 3~6 层每层高 5m,关键词已对应，待人工核验数值与字段归属,,
127_广东顺德意达电子薄膜器件有限公司扩建项目_01_受理公告或公示版,原辅材料,主要原辅材料、原辅材料、原料名称,主要原辅材料、原辅材料、原料名称,的加工生产，生产的产品及使用的 原辅材料均不属于《环境保护综合名录（2021 年版）》中“高污 染、高环境风险”产品名录，符合要求。 3、项目与“三线一,的加工生产，生产的产品及使用的 原辅材料均不属于《环境保护综合名录（2021 年版）》中“高污 染、高环境风险”产品名录，符合要求。 3、项目与“三线一,关键词已对应，待人工核验数值与字段归属,,
127_广东顺德意达电子薄膜器件有限公司扩建项目_01_受理公告或公示版,生产设备,主要生产设备、设备名称、生产设施,主要生产设备、设备名称、生产设施,浓度不高于相应的排放限值；车间或生产设施排气中 NMHC 初始排放速率≥3kg/h 时，建设 VOCs 处理设施且处理效率 ≥80%；b）厂区内无组织排,浓度不高于相应的排放限值；车间或生产设施排气中 NMHC 初始排放速率≥3kg/h 时，建设 VOCs 处理设施且处理效率 ≥80%；b）厂区内无组织排,关键词已对应，待人工核验数值与字段归属,,
127_广东顺德意达电子薄膜器件有限公司扩建项目_01_受理公告或公示版,工艺与产污,工艺流程、生产工艺、产污环节,工艺流程、生产工艺、产污环节,，加快涉 VOCs 重点行业 的生产工艺升级改造，推行自动化生产工艺，对达不到要求的 VOCs 收集及治 理设施进行整治提升，逐步淘汰低效 VOCs 治,，加快涉 VOCs 重点行业 的生产工艺升级改造，推行自动化生产工艺，对达不到要求的 VOCs 收集及治 理设施进行整治提升，逐步淘汰低效 VOCs 治,关键词已对应，待人工核验数值与字段归属,,
127_广东顺德意达电子薄膜器件有限公司扩建项目_01_受理公告或公示版,源强与定量核算,产生量、排放量、收集效率,产生量、排放量、收集效率, 时，建设 VOCs 处理设施且处理效率 ≥80%；b）厂区内无组织排放监控点 NMHC 的小时平均浓度值不 超过 6mg/m3，任意一次浓度值不超过 , 时，建设 VOCs 处理设施且处理效率 ≥80%；b）厂区内无组织排放监控点 NMHC 的小时平均浓度值不 超过 6mg/m3，任意一次浓度值不超过 ,关键词已对应，待人工核验数值与字段归属,,
127_广东顺德意达电子薄膜器件有限公司扩建项目_01_受理公告或公示版,废气治理,废气治理、废气收集、活性炭,废气治理、废气收集、活性炭,经“集 气罩+帘幕”收集后通过“活性炭吸附装置”处理后通过楼顶 45m 排气筒（FQ-19085）排放，符合重点管控单元的要求。 4、与《佛山市人民政府,经“集 气罩+帘幕”收集后通过“活性炭吸附装置”处理后通过楼顶 45m 排气筒（FQ-19085）排放，符合重点管控单元的要求。 4、与《佛山市人民政府,关键词已对应，待人工核验数值与字段归属,,
127_广东顺德意达电子薄膜器件有限公司扩建项目_01_受理公告或公示版,固废与危险废物,危险废物、固体废物、危废暂存,危险废物、固体废物、危废暂存,区环境风险防控区域。项目产生的 危险废物拟定期委托有资质的处置公司进行收集处理，并通过信息 系统登记转移计划和电子转移联单，符合危险废物全过程跟踪管理 ,区环境风险防控区域。项目产生的 危险废物拟定期委托有资质的处置公司进行收集处理，并通过信息 系统登记转移计划和电子转移联单，符合危险废物全过程跟踪管理 ,关键词已对应，待人工核验数值与字段归属,,
127_广东顺德意达电子薄膜器件有限公司扩建项目_01_受理公告或公示版,总量与执行标准,总量控制、总量指标、执行标准,总量控制、总量指标、执行标准,/26-2001）第一类污染物的排放标准后 纳入园区污水管道送工业园污水处理厂 处理。本园区应按照《报告书》拟定的 入园企业类别引进企业项目，并应避免 ,/26-2001）第一类污染物的排放标准后 纳入园区污水管道送工业园污水处理厂 处理。本园区应按照《报告书》拟定的 入园企业类别引进企业项目，并应避免 ,关键词已对应，待人工核验数值与字段归属,,
127_广东顺德意达电子薄膜器件有限公司扩建项目_01_受理公告或公示版,监督检查清单,环境保护措施监督检查清单、监督检查清单,环境保护措施监督检查清单、监督检查清单,...........49 五、环境保护措施监督检查清单 ...............................................,...........49 五、环境保护措施监督检查清单 ...............................................,关键词已对应，待人工核验数值与字段归属,,
128_佛山市加耐安塑料制品有限公司新建项目_01_受理公告或公示版,项目基本情况,建设项目名称、建设地点、总投资,建设项目名称、建设地点、总投资,90 1 一、建设项目基本情况 建设项目名称 佛山市加耐安塑料制品有限公司新建项目 项目代码 无 建设单位联系人 汤伯源 联系方式 1380295021,6页 1 一、建设项目基本情况 建设项目名称 佛山市加耐安塑料制品有限公司新建项目 项目代码 无 建设单位联系人 汤伯源 联系方式 1380295021,关键词已对应，待人工核验数值与字段归属,,
128_佛山市加耐安塑料制品有限公司新建项目_01_受理公告或公示版,产品与产量,主要产品、年产,主要产品、年产,料零件及其他塑料制品制造业，项目年产塑料量筒 1702.66 万个，约 97.56 吨，产品不属于《环境保护综合名录（2021 年版）》“高 污染、高环,料零件及其他塑料制品制造业，项目年产塑料量筒 1702.66 万个，约 97.56 吨，产品不属于《环境保护综合名录（2021 年版）》“高 污染、高环,关键词已对应，待人工核验数值与字段归属,,
128_佛山市加耐安塑料制品有限公司新建项目_01_受理公告或公示版,原辅材料,主要原辅材料、原辅材料、辅料,主要原辅材料、原辅材料、辅料,不要求建设末端治理 设施。使用的原辅材料 VOCs 含量（质量比） 项目经点对点局部密闭集气罩收 集注塑机产生的有机废气，项目丝 印产生的有机废气通过负,不要求建设末端治理 设施。使用的原辅材料 VOCs 含量（质量比） 项目经点对点局部密闭集气罩收 集注塑机产生的有机废气，项目丝 印产生的有机废气通过负,关键词已对应，待人工核验数值与字段归属,,
128_佛山市加耐安塑料制品有限公司新建项目_01_受理公告或公示版,生产设备,主要生产设备、生产设施,主要生产设备、生产设施,业，主要工艺为注塑-丝 印，项目主要生产设备均使用电 能。产品为塑料量筒，不涉及塑料 薄膜、一次性餐具等禁止生产及销 售等产品。 符合 4.2 增加绿色,业，主要工艺为注塑-丝 印，项目主要生产设备均使用电 能。产品为塑料量筒，不涉及塑料 薄膜、一次性餐具等禁止生产及销 售等产品。 符合 4.2 增加绿色,关键词已对应，待人工核验数值与字段归属,,
128_佛山市加耐安塑料制品有限公司新建项目_01_受理公告或公示版,工艺与产污,工艺流程、生产工艺、产污环节,工艺流程、生产工艺、产污环节, 5.3 VOCs 治理设施应与生产工艺设备同步运 行，VOCs 治理设施发生故 障或检修时， 对应的生产工艺设备应停止运行，待检修完 毕后同步投入使用, 5.3 VOCs 治理设施应与生产工艺设备同步运 行，VOCs 治理设施发生故 障或检修时， 对应的生产工艺设备应停止运行，待检修完 毕后同步投入使用,关键词已对应，待人工核验数值与字段归属,,
128_佛山市加耐安塑料制品有限公司新建项目_01_受理公告或公示版,源强与定量核算,产生量、排放量、收集效率,产生量、排放量、收集效率,..... 66 建设项目污染物排放量汇总表 .....................................................,..... 66 建设项目污染物排放量汇总表 .....................................................,关键词已对应，待人工核验数值与字段归属,,
128_佛山市加耐安塑料制品有限公司新建项目_01_受理公告或公示版,废气治理,废气治理、废气收集、活性炭,废气治理、废气收集、活性炭,机产生的有机废气，收集后通过 “活性炭吸附”装置处理后，引至 40m 排气筒（DA001）高空排放，项目符合有 关挥发性有机污染物污染防治政策的要求。 ,机产生的有机废气，收集后通过 “活性炭吸附”装置处理后，引至 40m 排气筒（DA001）高空排放，项目符合有 关挥发性有机污染物污染防治政策的要求。 ,关键词已对应，待人工核验数值与字段归属,,
128_佛山市加耐安塑料制品有限公司新建项目_01_受理公告或公示版,固废与危险废物,危险废物、固体废物、危废暂存,危险废物、固体废物、危废暂存,地、“城市矿 产”示范基地、大宗固体废物综合利用示范 基地等园区集聚，提高塑料废弃物资源化利 用水平。培育一批符合废塑料综合利用行业 规范的骨干企业，定,地、“城市矿 产”示范基地、大宗固体废物综合利用示范 基地等园区集聚，提高塑料废弃物资源化利 用水平。培育一批符合废塑料综合利用行业 规范的骨干企业，定,关键词已对应，待人工核验数值与字段归属,,
128_佛山市加耐安塑料制品有限公司新建项目_01_受理公告或公示版,总量与执行标准,总量控制、总量指标、执行标准,总量控制、总量指标、执行标准,建成厂房，根据文件中“（一）坚持总量控制，加快 消化存量，有效遏制增量。”，项目符合文件中消化存量的要求，项目建设不会 导致闲置土地的增加。 5、与广东,建成厂房，根据文件中“（一）坚持总量控制，加快 消化存量，有效遏制增量。”，项目符合文件中消化存量的要求，项目建设不会 导致闲置土地的增加。 5、与广东,关键词已对应，待人工核验数值与字段归属,,
128_佛山市加耐安塑料制品有限公司新建项目_01_受理公告或公示版,监督检查清单,环境保护措施监督检查清单、监督检查清单,环境保护措施监督检查清单、监督检查清单,...........34 五、环境保护措施监督检查清单 ...............................................,...........34 五、环境保护措施监督检查清单 ...............................................,关键词已对应，待人工核验数值与字段归属,,
129_佛山市京耘科技有限公司新建项目_01_受理公告或公示版,项目基本情况,建设地点、总投资、环保投资,建设地点、总投资、环保投资,系方式 13*******55 建设地点 佛山市顺德区大良街道五沙社区新悦路 10 号之一 A 区之三 地理坐标 东经： 113 度 22 分 19.4,系方式 13*******55 建设地点 佛山市顺德区大良街道五沙社区新悦路 10 号之一 A 区之三 地理坐标 东经： 113 度 22 分 19.4,关键词已对应，待人工核验数值与字段归属,,
129_佛山市京耘科技有限公司新建项目_01_受理公告或公示版,产品与产量,产品名称、年产,产品名称、年产,2 本项目生产规模一览表 序号 产品名称 单位 产量 用途 备注 1 DMC（BMC） 模压制品 万件/年 20 电力供 应绝缘 材料 约90t/a，单,2 本项目生产规模一览表 序号 产品名称 单位 产量 用途 备注 1 DMC（BMC） 模压制品 万件/年 20 电力供 应绝缘 材料 约90t/a，单,关键词已对应，待人工核验数值与字段归属,,
129_佛山市京耘科技有限公司新建项目_01_受理公告或公示版,原辅材料,主要原辅材料、原辅材料、辅料,主要原辅材料、原辅材料、辅料,效率不应当低于 80%；采 用的原辅材料符合国家有 关低 VOCs 含量产品规定的 除外。 本项目位于重点地区，项目 的模压成型废气初始排放速 率为 0,效率不应当低于 80%；采 用的原辅材料符合国家有 关低 VOCs 含量产品规定的 除外。 本项目位于重点地区，项目 的模压成型废气初始排放速 率为 0,关键词已对应，待人工核验数值与字段归属,,
129_佛山市京耘科技有限公司新建项目_01_受理公告或公示版,生产设备,主要生产设备、设备名称、生产设施,主要生产设备、设备名称、生产设施, 不高于相应的排放限值；车 间或生产设施排气中 NMHC 初始排放速率≥3 kg/h 时，建设 VOCs 处理设 施且处理效率≥80%；b）厂 区内无组, 不高于相应的排放限值；车 间或生产设施排气中 NMHC 初始排放速率≥3 kg/h 时，建设 VOCs 处理设 施且处理效率≥80%；b）厂 区内无组,关键词已对应，待人工核验数值与字段归属,,
129_佛山市京耘科技有限公司新建项目_01_受理公告或公示版,工艺与产污,工艺流程、生产工艺、产污环节,工艺流程、生产工艺、产污环节,替代，加快涉VOCs重点行业 的生产工艺升级改造，推行自动化生产 工艺，对达不到要求的VOCs收集及治 理设施进行整治提升，逐步淘汰低效 VOCs治理设,替代，加快涉VOCs重点行业 的生产工艺升级改造，推行自动化生产 工艺，对达不到要求的VOCs收集及治 理设施进行整治提升，逐步淘汰低效 VOCs治理设,关键词已对应，待人工核验数值与字段归属,,
129_佛山市京耘科技有限公司新建项目_01_受理公告或公示版,源强与定量核算,污染源强、产生量、排放量,污染源强、产生量、排放量,h，低于 2kg/h， 且已配置处理效率为 51%的 二级活性炭处理设备。 符合 2.2 排气筒高度不低于 15m（因 安全考虑或有特殊工艺要 求的除外,h，低于 2kg/h， 且已配置处理效率为 51%的 二级活性炭处理设备。 符合 2.2 排气筒高度不低于 15m（因 安全考虑或有特殊工艺要 求的除外,关键词已对应，待人工核验数值与字段归属,,
129_佛山市京耘科技有限公司新建项目_01_受理公告或公示版,废气治理,废气治理、废气收集、活性炭,废气治理、废气收集、活性炭,经集 气罩+围挡收集后通过二级 活性炭处理后引至楼顶 25m 排气筒高空排放。 符合 2、《固定污染源挥发性有机物综合排放标准》（DB44/2367-2,经集 气罩+围挡收集后通过二级 活性炭处理后引至楼顶 25m 排气筒高空排放。 符合 2、《固定污染源挥发性有机物综合排放标准》（DB44/2367-2,关键词已对应，待人工核验数值与字段归属,,
129_佛山市京耘科技有限公司新建项目_01_受理公告或公示版,固废与危险废物,危险废物、固体废物、危废暂存,危险废物、固体废物、危废暂存,1m，建筑面积约为80m2 一般固体废物暂存点 高度约为3m，建筑面积约为5m2 危废暂存间 高度约为3m，建筑面积约为5m2 公用 工程 给排水 由市,1m，建筑面积约为80m2 一般固体废物暂存点 高度约为3m，建筑面积约为5m2 危废暂存间 高度约为3m，建筑面积约为5m2 公用 工程 给排水 由市,关键词已对应，待人工核验数值与字段归属,,
129_佛山市京耘科技有限公司新建项目_01_受理公告或公示版,总量与执行标准,总量控制、总量指标、执行标准,总量控制、总量指标、执行标准,2、《固定污染源挥发性有机物综合排放标准》（DB44/2367-2022） 2.1 有组 织排 放控 制要 求 收集的废气中 NMHC 初始 排放速率≥,2、《固定污染源挥发性有机物综合排放标准》（DB44/2367-2022） 2.1 有组 织排 放控 制要 求 收集的废气中 NMHC 初始 排放速率≥,关键词已对应，待人工核验数值与字段归属,,
129_佛山市京耘科技有限公司新建项目_01_受理公告或公示版,监督检查清单,环境保护措施监督检查清单、监督检查清单,环境保护措施监督检查清单、监督检查清单,.......... 25 五、环境保护措施监督检查清单 ...............................................,.......... 25 五、环境保护措施监督检查清单 ...............................................,关键词已对应，待人工核验数值与字段归属,,
130_佛山市汇铭臻新材料科技有限公司新建项目_01_受理公告或公示版,项目基本情况,建设项目名称、建设地点、总投资,建设项目名称、建设地点、总投资, 1 — 一、建设项目基本情况 建设项目名称 佛山市汇铭臻新材料科技有限公司新建项目 项目代码 无 建设单位联系人 吴* 联系方式 180**62 建设, 1 — 一、建设项目基本情况 建设项目名称 佛山市汇铭臻新材料科技有限公司新建项目 项目代码 无 建设单位联系人 吴* 联系方式 180**62 建设,关键词已对应，待人工核验数值与字段归属,,
130_佛山市汇铭臻新材料科技有限公司新建项目_01_受理公告或公示版,产品与产量,产品方案、主要产品、年产,产品方案、主要产品、年产,、 塑料瓶盖的企业。投产后，计划年产塑料瓶 100 万个、塑料瓶盖 500 万个，建设项目配套 产品生产用设备及相对应污染工序环保治理设施。 根据《中华,、 塑料瓶盖的企业。投产后，计划年产塑料瓶 100 万个、塑料瓶盖 500 万个，建设项目配套 产品生产用设备及相对应污染工序环保治理设施。 根据《中华,关键词已对应，待人工核验数值与字段归属,,
130_佛山市汇铭臻新材料科技有限公司新建项目_01_受理公告或公示版,原辅材料,主要原辅材料、原辅材料、辅料,主要原辅材料、原辅材料、辅料,设施且处 理效率≥80%，采用的原辅材料符合国家 有关低 VOCs 含量产品规定的除外。 本项目注塑、吹塑过程 NMHC 初始排放速率为 0.074kg,设施且处 理效率≥80%，采用的原辅材料符合国家 有关低 VOCs 含量产品规定的除外。 本项目注塑、吹塑过程 NMHC 初始排放速率为 0.074kg,关键词已对应，待人工核验数值与字段归属,,
130_佛山市汇铭臻新材料科技有限公司新建项目_01_受理公告或公示版,生产设备,主要生产设备、设备名称、生产设施,主要生产设备、设备名称、生产设施, 吨 VOCs。 3.5 车间或生产设施排气筒废气排放浓度不 高于《合成树脂工业污染物排放标准》 （GB31572-2015）排放限值的 50%。 本项, 吨 VOCs。 3.5 车间或生产设施排气筒废气排放浓度不 高于《合成树脂工业污染物排放标准》 （GB31572-2015）排放限值的 50%。 本项,关键词已对应，待人工核验数值与字段归属,,
130_佛山市汇铭臻新材料科技有限公司新建项目_01_受理公告或公示版,工艺与产污,工艺流程、生产工艺、产污环节,工艺流程、生产工艺、产污环节,、塑料瓶盖的生产，项目生产产品、生产工艺和生产 设备均不属于《产业结构调整指导目录（2024 年本）》中的限制或禁止类别， 也不属于国家发展改革委商务部,、塑料瓶盖的生产，项目生产产品、生产工艺和生产 设备均不属于《产业结构调整指导目录（2024 年本）》中的限制或禁止类别， 也不属于国家发展改革委商务部,关键词已对应，待人工核验数值与字段归属,,
130_佛山市汇铭臻新材料科技有限公司新建项目_01_受理公告或公示版,源强与定量核算,产生量、排放量、收集效率,产生量、排放量、收集效率,..... 67 建设项目污染物排放量汇总表 .....................................................,..... 67 建设项目污染物排放量汇总表 .....................................................,关键词已对应，待人工核验数值与字段归属,,
130_佛山市汇铭臻新材料科技有限公司新建项目_01_受理公告或公示版,废气治理,废气治理、废气收集、活性炭,废气治理、废气收集、活性炭,点对点的包围型集气罩收 集，采用活性炭吸附装置处理有 机废气 符合 3.4 若采用活性炭吸附技术，采用颗粒活性炭 作为吸附剂时，其碘值不宜低于 800m,点对点的包围型集气罩收 集，采用活性炭吸附装置处理有 机废气 符合 3.4 若采用活性炭吸附技术，采用颗粒活性炭 作为吸附剂时，其碘值不宜低于 800m,关键词已对应，待人工核验数值与字段归属,,
130_佛山市汇铭臻新材料科技有限公司新建项目_01_受理公告或公示版,固废与危险废物,危险废物、固体废物、危废暂存,危险废物、固体废物、危废暂存,漫坡，并配备应急吸收 材料，液态危险废物少量泄漏采用吸收材料处置； 对于废气处理系统发生故障的情况，应立即停止相 关生产环节，避免废气不经处理直接排到大,漫坡，并配备应急吸收 材料，液态危险废物少量泄漏采用吸收材料处置； 对于废气处理系统发生故障的情况，应立即停止相 关生产环节，避免废气不经处理直接排到大,关键词已对应，待人工核验数值与字段归属,,
130_佛山市汇铭臻新材料科技有限公司新建项目_01_受理公告或公示版,总量与执行标准,总量控制、总量指标、执行标准,总量控制、总量指标、执行标准,园区、工业集聚区，严格控制以间接排放标准 或纳管排放标准向市政管网排放工业废水。工业企业排放有含重金属、难生化 降解、有生物毒性、易燃易爆、高盐分、重油,园区、工业集聚区，严格控制以间接排放标准 或纳管排放标准向市政管网排放工业废水。工业企业排放有含重金属、难生化 降解、有生物毒性、易燃易爆、高盐分、重油,关键词已对应，待人工核验数值与字段归属,,
130_佛山市汇铭臻新材料科技有限公司新建项目_01_受理公告或公示版,监督检查清单,环境保护措施监督检查清单、监督检查清单,环境保护措施监督检查清单、监督检查清单,.......... 35 五、环境保护措施监督检查清单 ...............................................,.......... 35 五、环境保护措施监督检查清单 ...............................................,关键词已对应，待人工核验数值与字段归属,,
131_佛山市千紫珏科技有限公司新建项目_01_受理公告或公示版,项目基本情况,建设项目名称、建设地点、总投资,建设项目名称、建设地点、总投资, 1 — 一、建设项目基本情况 建设项目名称 佛山市千紫珏科技有限公司新建项目 项目代码 无 建设单位联系人 李* 联系方式 137**90 建设地点 , 1 — 一、建设项目基本情况 建设项目名称 佛山市千紫珏科技有限公司新建项目 项目代码 无 建设单位联系人 李* 联系方式 137**90 建设地点 ,关键词已对应，待人工核验数值与字段归属,,
131_佛山市千紫珏科技有限公司新建项目_01_受理公告或公示版,产品与产量,产品方案、主要产品、产品名称,产品方案、主要产品、产品名称,、 塑料配件的企业。投产后，计划年产 PVC 面贴 4500 平方米、PET 面贴 7000 平方米、PC 面板 20000 平方米、塑料配件 50 吨,、 塑料配件的企业。投产后，计划年产 PVC 面贴 4500 平方米、PET 面贴 7000 平方米、PC 面板 20000 平方米、塑料配件 50 吨,关键词已对应，待人工核验数值与字段归属,,
131_佛山市千紫珏科技有限公司新建项目_01_受理公告或公示版,原辅材料,主要原辅材料、原辅材料、辅料,主要原辅材料、原辅材料、辅料,设施且处 理效率≥80%，采用的原辅材料符合国家 有关低 VOCs 含量产品规定的除外。 本项目注塑过程 NMHC 初始排 放速率为 0.056kg/h,设施且处 理效率≥80%，采用的原辅材料符合国家 有关低 VOCs 含量产品规定的除外。 本项目注塑过程 NMHC 初始排 放速率为 0.056kg/h,关键词已对应，待人工核验数值与字段归属,,
131_佛山市千紫珏科技有限公司新建项目_01_受理公告或公示版,生产设备,主要生产设备、设备名称、生产设施,主要生产设备、设备名称、生产设施,mg/g。 符合 3.5 车间或生产设施排气筒废气排放浓度不 高于《合成树脂工业污染物排放标准》 （GB31572-2015）排放限值的 50%。 本项,mg/g。 符合 3.5 车间或生产设施排气筒废气排放浓度不 高于《合成树脂工业污染物排放标准》 （GB31572-2015）排放限值的 50%。 本项,关键词已对应，待人工核验数值与字段归属,,
131_佛山市千紫珏科技有限公司新建项目_01_受理公告或公示版,工艺与产污,工艺流程、生产工艺、产污环节,工艺流程、生产工艺、产污环节,产，项目生 — 3 — 产产品、生产工艺和生产设备均不属于《产业结构调整指导目录（2024 年本）》 中的限制或禁止类别，也不属于国家发展改革委商务部《,生 第7页 — 3 — 产产品、生产工艺和生产设备均不属于《产业结构调整指导目录（2024 年本）》 中的限制或禁止类别，也不属于国家发展改革委商务部《,关键词已对应，待人工核验数值与字段归属,,
131_佛山市千紫珏科技有限公司新建项目_01_受理公告或公示版,源强与定量核算,产生量、排放量、收集效率,产生量、排放量、收集效率,..... 66 建设项目污染物排放量汇总表 .....................................................,..... 66 建设项目污染物排放量汇总表 .....................................................,关键词已对应，待人工核验数值与字段归属,,
131_佛山市千紫珏科技有限公司新建项目_01_受理公告或公示版,废气治理,废气治理、废气收集、活性炭,废气治理、废气收集、活性炭, 对点的包围型集气罩收集，采用 活性炭吸附装置处理有机废气 符合 3.4 若采用活性炭吸附技术，采用颗粒活性炭 作为吸附剂时，其碘值不宜低于 800mg, 对点的包围型集气罩收集，采用 活性炭吸附装置处理有机废气 符合 3.4 若采用活性炭吸附技术，采用颗粒活性炭 作为吸附剂时，其碘值不宜低于 800mg,关键词已对应，待人工核验数值与字段归属,,
131_佛山市千紫珏科技有限公司新建项目_01_受理公告或公示版,固废与危险废物,危险废物、固体废物、危废暂存,危险废物、固体废物、危废暂存,漫坡，并配备应急吸收 材料，液态危险废物少量泄漏采用吸收材料处置； 对于废气处理系统发生故障的情况，应立即停止相 关生产环节，避免废气不经处理直接排到大,漫坡，并配备应急吸收 材料，液态危险废物少量泄漏采用吸收材料处置； 对于废气处理系统发生故障的情况，应立即停止相 关生产环节，避免废气不经处理直接排到大,关键词已对应，待人工核验数值与字段归属,,
131_佛山市千紫珏科技有限公司新建项目_01_受理公告或公示版,总量与执行标准,总量控制、总量指标、执行标准,总量控制、总量指标、执行标准,园区、工业集聚区，严格控制以间接排放标准或 纳管排放标准向市政管网排放工业废水。工业企业排放有含重金属、难生化降 解、有生物毒性、易燃易爆、高盐分、重油,园区、工业集聚区，严格控制以间接排放标准或 纳管排放标准向市政管网排放工业废水。工业企业排放有含重金属、难生化降 解、有生物毒性、易燃易爆、高盐分、重油,关键词已对应，待人工核验数值与字段归属,,
131_佛山市千紫珏科技有限公司新建项目_01_受理公告或公示版,监督检查清单,环境保护措施监督检查清单、监督检查清单,环境保护措施监督检查清单、监督检查清单,.......... 35 五、环境保护措施监督检查清单 ...............................................,.......... 35 五、环境保护措施监督检查清单 ...............................................,关键词已对应，待人工核验数值与字段归属,,
132_佛山市万朗磁塑制品有限公司顺德分公司新建项目_01_报批稿或报告表,项目基本情况,建设项目名称、建设地点、总投资,建设项目名称、建设地点、总投资, 1 — 一、建设项目基本情况 建设项目名称 佛山市万朗磁塑制品有限公司顺德分公司新建项目 项目代码 无 建设单位联系人 ** 联系方式 ** 建设地点, 1 — 一、建设项目基本情况 建设项目名称 佛山市万朗磁塑制品有限公司顺德分公司新建项目 项目代码 无 建设单位联系人 ** 联系方式 ** 建设地点,关键词已对应，待人工核验数值与字段归属,,
132_佛山市万朗磁塑制品有限公司顺德分公司新建项目_01_报批稿或报告表,产品与产量,产品方案、年产,产品方案、年产,制品、门封磁条和吹塑产品的生产，年产中空玻璃 5 万平方米、电器制品 800 吨、门封磁条 200 吨、吹塑产品 200 吨。 2. 项目基本情况 2.,制品、门封磁条和吹塑产品的生产，年产中空玻璃 5 万平方米、电器制品 800 吨、门封磁条 200 吨、吹塑产品 200 吨。 2. 项目基本情况 2.,关键词已对应，待人工核验数值与字段归属,,
132_佛山市万朗磁塑制品有限公司顺德分公司新建项目_01_报批稿或报告表,原辅材料,原辅材料、原料名称、辅料,原辅材料、原料名称、辅料,产品的生产，生产的产品及 使用的原辅材料均不属于《环境保护综合名录（2021 年版）》中“高污染、高环境风险” 产品名录，符合要求。 3、与《广东省人民,产品的生产，生产的产品及 使用的原辅材料均不属于《环境保护综合名录（2021 年版）》中“高污染、高环境风险” 产品名录，符合要求。 3、与《广东省人民,关键词已对应，待人工核验数值与字段归属,,
132_佛山市万朗磁塑制品有限公司顺德分公司新建项目_01_报批稿或报告表,生产设备,生产设施、设备一览,生产设施、设备一览,3. 项目生产设备 表 6 生产设备一览表 生产设施名称 数量 单位 设施参数 主要工艺 备注 参数名称 设计值 单位 冲床 6 台 功率 1.5 kW,3. 项目生产设备 表 6 生产设备一览表 生产设施名称 数量 单位 设施参数 主要工艺 备注 参数名称 设计值 单位 冲床 6 台 功率 1.5 kW,关键词已对应，待人工核验数值与字段归属,,
132_佛山市万朗磁塑制品有限公司顺德分公司新建项目_01_报批稿或报告表,工艺与产污,工艺流程、生产工艺、产污环节,工艺流程、生产工艺、产污环节,，加快涉 VOCs 重点行业 的生产工艺升级改造，推行自动化生产工艺，对达不到要求的 VOCs 收集及治理设 施进行整治提升，逐步淘汰低效 VOCs 治,，加快涉 VOCs 重点行业 的生产工艺升级改造，推行自动化生产工艺，对达不到要求的 VOCs 收集及治理设 施进行整治提升，逐步淘汰低效 VOCs 治,关键词已对应，待人工核验数值与字段归属,,
132_佛山市万朗磁塑制品有限公司顺德分公司新建项目_01_报批稿或报告表,源强与定量核算,产生量、排放量、收集效率,产生量、排放量、收集效率,..... 58 建设项目污染物排放量汇总表 .....................................................,..... 58 建设项目污染物排放量汇总表 .....................................................,关键词已对应，待人工核验数值与字段归属,,
132_佛山市万朗磁塑制品有限公司顺德分公司新建项目_01_报批稿或报告表,废气治理,废气治理、废气收集、活性炭,废气治理、废气收集、活性炭,等离子治理设施。指导采用一次性 活性炭吸附治理技术的企业，明确活性炭装 载量和更换频次，记录更换时间和使用量。 本项目只使用低 VOCs 含 量、低反应,等离子治理设施。指导采用一次性 活性炭吸附治理技术的企业，明确活性炭装 载量和更换频次，记录更换时间和使用量。 本项目只使用低 VOCs 含 量、低反应,关键词已对应，待人工核验数值与字段归属,,
132_佛山市万朗磁塑制品有限公司顺德分公司新建项目_01_报批稿或报告表,固废与危险废物,危险废物、固体废物、危废暂存,危险废物、固体废物、危废暂存,理方式资质佐证材 料。 项目建立危险废物台账， 定期将废机油、废活性炭 等危险废物交给有资质 的单位处理，整理危废处 理合同、转移联单等资 料。 符合 ,理方式资质佐证材 料。 项目建立危险废物台账， 定期将废机油、废活性炭 等危险废物交给有资质 的单位处理，整理危废处 理合同、转移联单等资 料。 符合 ,关键词已对应，待人工核验数值与字段归属,,
132_佛山市万朗磁塑制品有限公司顺德分公司新建项目_01_报批稿或报告表,总量与执行标准,总量控制、总量指标、执行标准,总量控制、总量指标、执行标准,尾水执行《城镇 污水处理厂污染物排放标准》（GB18918-2002）一级 A 标准 及《广东省水污染物排放限值》（DB44/26-2001）的较严值。,尾水执行《城镇 污水处理厂污染物排放标准》（GB18918-2002）一级 A 标准 及《广东省水污染物排放限值》（DB44/26-2001）的较严值。,关键词已对应，待人工核验数值与字段归属,,
132_佛山市万朗磁塑制品有限公司顺德分公司新建项目_01_报批稿或报告表,监督检查清单,环境保护措施监督检查清单、监督检查清单,环境保护措施监督检查清单、监督检查清单,.......... 29 五、环境保护措施监督检查清单 ...............................................,.......... 29 五、环境保护措施监督检查清单 ...............................................,关键词已对应，待人工核验数值与字段归属,,
133_佛山市顺德区全华工艺饰品有限公司新建项目_01_报批稿或报告表,项目基本情况,建设项目名称、建设地点、总投资,建设项目名称、建设地点、总投资, 3 1 一、建设项目基本情况 建设项目名称 佛山市顺德区全华工艺饰品有限公司新建项目 项目代码 无 建设单位联系人 苏** 联系方式 137****1,9页 1 一、建设项目基本情况 建设项目名称 佛山市顺德区全华工艺饰品有限公司新建项目 项目代码 无 建设单位联系人 苏** 联系方式 137****1,关键词已对应，待人工核验数值与字段归属,,
133_佛山市顺德区全华工艺饰品有限公司新建项目_01_报批稿或报告表,产品与产量,主要产品、年产,主要产品、年产,危险废物交由有资质单位处理 2、主要产品及产能 项目主要产品及产能见表 2-2。 表 2-2 产品及产能一览表 序号 名称 单位 数量 备注 1 杯垫 ,危险废物交由有资质单位处理 2、主要产品及产能 项目主要产品及产能见表 2-2。 表 2-2 产品及产能一览表 序号 名称 单位 数量 备注 1 杯垫 ,关键词已对应，待人工核验数值与字段归属,,
133_佛山市顺德区全华工艺饰品有限公司新建项目_01_报批稿或报告表,原辅材料,主要原辅材料、原辅材料,主要原辅材料、原辅材料,清洗剂、胶黏剂 等高挥发性有机物原辅材料项目，鼓励现有 该类项目搬迁退出。 项目不属于新建储油库项 目、产生和排放有毒有害 大气污染物的建设项目； 项目,清洗剂、胶黏剂 等高挥发性有机物原辅材料项目，鼓励现有 该类项目搬迁退出。 项目不属于新建储油库项 目、产生和排放有毒有害 大气污染物的建设项目； 项目,关键词已对应，待人工核验数值与字段归属,,
133_佛山市顺德区全华工艺饰品有限公司新建项目_01_报批稿或报告表,生产设备,设备名称、生产设施,设备名称、生产设施, 度不高于相应的排放限值；车间或生产设施 排气中 NMHC 初始排放速率≥3kg/h 时， 建设 VOCs 处理设施且处理效率≥80%；b） 厂区内无组, 度不高于相应的排放限值；车间或生产设施 排气中 NMHC 初始排放速率≥3kg/h 时， 建设 VOCs 处理设施且处理效率≥80%；b） 厂区内无组,关键词已对应，待人工核验数值与字段归属,,
133_佛山市顺德区全华工艺饰品有限公司新建项目_01_报批稿或报告表,工艺与产污,工艺流程、生产工艺、产污环节,工艺流程、生产工艺、产污环节,的生 产工艺升级改造，推行自动化生产工艺，对 达不到要求的 VOCs 收集及治理设施进行整 治提升，逐步淘汰低效 VOCs 治理设施。 项目有机废气收集,的生 产工艺升级改造，推行自动化生产工艺，对 达不到要求的 VOCs 收集及治理设施进行整 治提升，逐步淘汰低效 VOCs 治理设施。 项目有机废气收集,关键词已对应，待人工核验数值与字段归属,,
133_佛山市顺德区全华工艺饰品有限公司新建项目_01_报批稿或报告表,源强与定量核算,污染源强、产生量、排放量,污染源强、产生量、排放量,..... 43 建设项目污染物排放量汇总表 .....................................................,..... 43 建设项目污染物排放量汇总表 .....................................................,关键词已对应，待人工核验数值与字段归属,,
133_佛山市顺德区全华工艺饰品有限公司新建项目_01_报批稿或报告表,废气治理,废气治理、废气收集、活性炭,废气治理、废气收集、活性炭, VOCs 治理设施。 项目有机废气收集后通过 “喷淋+除雾+活性炭吸 附”废气处理设施处理后， 尾气通过 30m 高排气筒排 放。 符合 3-8.【土, VOCs 治理设施。 项目有机废气收集后通过 “喷淋+除雾+活性炭吸 附”废气处理设施处理后， 尾气通过 30m 高排气筒排 放。 符合 3-8.【土,关键词已对应，待人工核验数值与字段归属,,
133_佛山市顺德区全华工艺饰品有限公司新建项目_01_报批稿或报告表,固废与危险废物,危险废物、固体废物,危险废物、固体废物,简易布袋除尘器处理后无组织排放 危险废物暂存点 设置有危废间 1 个，危险废物交由有资质单位处理 2、主要产品及产能 项目主要产品及产能见表 2-2。 ,简易布袋除尘器处理后无组织排放 危险废物暂存点 设置有危废间 1 个，危险废物交由有资质单位处理 2、主要产品及产能 项目主要产品及产能见表 2-2。 ,关键词已对应，待人工核验数值与字段归属,,
133_佛山市顺德区全华工艺饰品有限公司新建项目_01_报批稿或报告表,总量与执行标准,总量控制、总量指标、执行标准,总量控制、总量指标、执行标准,水应执行《城镇污 水处理厂污染物排放标准》 （GB18918-2002） 一级 A 标准及《广东省水污染物排放限值》 （DB44/26-2001）的较严,水应执行《城镇污 水处理厂污染物排放标准》 （GB18918-2002） 一级 A 标准及《广东省水污染物排放限值》 （DB44/26-2001）的较严,关键词已对应，待人工核验数值与字段归属,,
133_佛山市顺德区全华工艺饰品有限公司新建项目_01_报批稿或报告表,监督检查清单,环境保护措施监督检查清单、监督检查清单,环境保护措施监督检查清单、监督检查清单,.......... 18 五、环境保护措施监督检查清单 ...............................................,.......... 18 五、环境保护措施监督检查清单 ...............................................,关键词已对应，待人工核验数值与字段归属,,
134_佛山市顺德区大亚湾五金塑料有限公司新建项目_01_受理公告或公示版,项目基本情况,建设项目名称、建设地点、总投资,建设项目名称、建设地点、总投资, 1 1 一、建设项目基本情况 建设项目名称 佛山市顺德区大亚湾五金塑料有限公司新建项目 项目代码 无 建设单位联系人 陈珏颖 联系方式 1370282,7页 1 一、建设项目基本情况 建设项目名称 佛山市顺德区大亚湾五金塑料有限公司新建项目 项目代码 无 建设单位联系人 陈珏颖 联系方式 1370282,关键词已对应，待人工核验数值与字段归属,,
134_佛山市顺德区大亚湾五金塑料有限公司新建项目_01_受理公告或公示版,产品与产量,主要产品、年产,主要产品、年产,主要从事注塑产品和五金件的生产，主要产品及产能见表 2-2。 表 2-2 产品及产能一览表 序号 名称 单位 数量 备注 1 注塑产品 吨/年 230 ,主要从事注塑产品和五金件的生产，主要产品及产能见表 2-2。 表 2-2 产品及产能一览表 序号 名称 单位 数量 备注 1 注塑产品 吨/年 230 ,关键词已对应，待人工核验数值与字段归属,,
134_佛山市顺德区大亚湾五金塑料有限公司新建项目_01_受理公告或公示版,原辅材料,主要原辅材料、原辅材料,主要原辅材料、原辅材料,制新建生产和使用高挥发性 有机物原辅材料项目，优先开展低VOCs含量 原辅材料替代，强化无组织排放控制。原则上 不再新建、扩建新增氮氧化物、烟（粉）尘排,制新建生产和使用高挥发性 有机物原辅材料项目，优先开展低VOCs含量 原辅材料替代，强化无组织排放控制。原则上 不再新建、扩建新增氮氧化物、烟（粉）尘排,关键词已对应，待人工核验数值与字段归属,,
134_佛山市顺德区大亚湾五金塑料有限公司新建项目_01_受理公告或公示版,生产设备,生产设施,生产设施,备清单 主要生产单元、主要工艺、生产设施及设施参数见表2-3。 表 2-3 主要生产单元、主要工艺、生产设施及设施参数一览表 主要生产单元 主要工艺 生,备清单 主要生产单元、主要工艺、生产设施及设施参数见表2-3。 表 2-3 主要生产单元、主要工艺、生产设施及设施参数一览表 主要生产单元 主要工艺 生,关键词已对应，待人工核验数值与字段归属,,
134_佛山市顺德区大亚湾五金塑料有限公司新建项目_01_受理公告或公示版,工艺与产污,工艺流程、生产工艺、产污环节,工艺流程、生产工艺、产污环节, VOCs 废气收集处理系统应与生产工艺设备同步 运行。VOCs 废气收集处理系统发生故障或检修 时，对应的生产工艺设备应停止运行，待检修完 毕后同步投, VOCs 废气收集处理系统应与生产工艺设备同步 运行。VOCs 废气收集处理系统发生故障或检修 时，对应的生产工艺设备应停止运行，待检修完 毕后同步投,关键词已对应，待人工核验数值与字段归属,,
134_佛山市顺德区大亚湾五金塑料有限公司新建项目_01_受理公告或公示版,源强与定量核算,污染源强、产生量、排放量,污染源强、产生量、排放量,新增氮氧 化物，破碎和投料粉尘 产生量较少。 符合 2.1 能 源 资 源 利 用 【能源/鼓励引导类】推广节能技术，加快发 展绿色货运与现代物流。 项,新增氮氧 化物，破碎和投料粉尘 产生量较少。 符合 2.1 能 源 资 源 利 用 【能源/鼓励引导类】推广节能技术，加快发 展绿色货运与现代物流。 项,关键词已对应，待人工核验数值与字段归属,,
134_佛山市顺德区大亚湾五金塑料有限公司新建项目_01_受理公告或公示版,废气治理,废气治理、废气收集、活性炭,废气治理、废气收集、活性炭,利用包围型集气 罩收集后引至一套活性炭吸附 装置处理，最后通过 39m 排气 筒 G1 排放。 符合 3.关于印发《广东省涉挥发性有机物（VOCs）重点,利用包围型集气 罩收集后引至一套活性炭吸附 装置处理，最后通过 39m 排气 筒 G1 排放。 符合 3.关于印发《广东省涉挥发性有机物（VOCs）重点,关键词已对应，待人工核验数值与字段归属,,
134_佛山市顺德区大亚湾五金塑料有限公司新建项目_01_受理公告或公示版,固废与危险废物,危险废物、固体废物、危废暂存,危险废物、固体废物、危废暂存,，约 5 m2，用于暂存一般工业固体废物，定期交 由回收单位处理 危险废物 1 个危废暂存间，约 5 m2，用于危险废物暂存，各类危险废物分类收 集后定,，约 5 m2，用于暂存一般工业固体废物，定期交 由回收单位处理 危险废物 1 个危废暂存间，约 5 m2，用于危险废物暂存，各类危险废物分类收 集后定,关键词已对应，待人工核验数值与字段归属,,
134_佛山市顺德区大亚湾五金塑料有限公司新建项目_01_受理公告或公示版,总量与执行标准,总量控制、总量指标、执行标准,总量控制、总量指标、执行标准,做好重点行业建设项目挥发性有机物总量指标管理工作的通知》（粤 环发〔2019〕2 号） 1.1 各地应当按照“最优的设计、先进的设备、最严 的管理”要求,做好重点行业建设项目挥发性有机物总量指标管理工作的通知》（粤 环发〔2019〕2 号） 1.1 各地应当按照“最优的设计、先进的设备、最严 的管理”要求,关键词已对应，待人工核验数值与字段归属,,
134_佛山市顺德区大亚湾五金塑料有限公司新建项目_01_受理公告或公示版,监督检查清单,环境保护措施监督检查清单、监督检查清单,环境保护措施监督检查清单、监督检查清单,.......... 18 五、环境保护措施监督检查清单 ...............................................,.......... 18 五、环境保护措施监督检查清单 ...............................................,关键词已对应，待人工核验数值与字段归属,,
135_佛山市浩创时代包装制品有限公司新建项目_01_受理公告或公示版,项目基本情况,建设项目名称、建设地点、总投资,建设项目名称、建设地点、总投资,划图 1 一、建设项目基本情况 建设项目名称 佛山市浩创时代包装制品有限公司新建项目 项目代码 无 建设单位联系人 刘红燕 联系方式 建设地点 广东省佛,5页 1 一、建设项目基本情况 建设项目名称 佛山市浩创时代包装制品有限公司新建项目 项目代码 无 建设单位联系人 刘红燕 联系方式 建设地点 广东省佛,关键词已对应，待人工核验数值与字段归属,,
135_佛山市浩创时代包装制品有限公司新建项目_01_受理公告或公示版,产品与产量,产品方案、主要产品、年产,产品方案、主要产品、年产,杯和蛋糕杯的加工生产，生产规模为年产果冻杯 11500 万个、圆筒 600 万个、吸塑盒 400 万个、纸杯（包括一次性纸杯和蛋糕杯）21000 万个。,杯和蛋糕杯的加工生产，生产规模为年产果冻杯 11500 万个、圆筒 600 万个、吸塑盒 400 万个、纸杯（包括一次性纸杯和蛋糕杯）21000 万个。,关键词已对应，待人工核验数值与字段归属,,
135_佛山市浩创时代包装制品有限公司新建项目_01_受理公告或公示版,原辅材料,主要原辅材料、原辅材料、原料名称,主要原辅材料、原辅材料、原料名称, 附件 5 设备参数 附件 6 原辅材料 MSDS 附件 7 环评合同 附件 8 公示声明 附图 1 项目地理位置图 附图 2 项目四至卫星图 附图 3, 附件 5 设备参数 附件 6 原辅材料 MSDS 附件 7 环评合同 附件 8 公示声明 附图 1 项目地理位置图 附图 2 项目四至卫星图 附图 3,关键词已对应，待人工核验数值与字段归属,,
135_佛山市浩创时代包装制品有限公司新建项目_01_受理公告或公示版,生产设备,主要生产设备、设备名称、生产设施,主要生产设备、设备名称、生产设施,度不高于相应的排放限值； 车间或生产设施排气中 NMHC 初始排放速率≥3kg/h 时，建设 VOCs 处理设施且处理效率≥ 80%； b）厂区内无组织,度不高于相应的排放限值； 车间或生产设施排气中 NMHC 初始排放速率≥3kg/h 时，建设 VOCs 处理设施且处理效率≥ 80%； b）厂区内无组织,关键词已对应，待人工核验数值与字段归属,,
135_佛山市浩创时代包装制品有限公司新建项目_01_受理公告或公示版,工艺与产污,工艺流程、生产工艺、产污环节,工艺流程、生产工艺、产污环节,、丝印及烘 符合 13 使用先进生产工艺。通过采用全 密闭、连续化、自动化等生产技 术，以及高效工艺与设备等，减 少工艺过程无组织排放。挥发性 有机液体, 符合 第17页 13 使用先进生产工艺。通过采用全 密闭、连续化、自动化等生产技 术，以及高效工艺与设备等，减 少工艺过程无组织排放。挥发性 有机液体,关键词已对应，待人工核验数值与字段归属,,
135_佛山市浩创时代包装制品有限公司新建项目_01_受理公告或公示版,源强与定量核算,产生量、排放量、收集效率,产生量、排放量、收集效率,..... 71 建设项目污染物排放量汇总表 .....................................................,..... 71 建设项目污染物排放量汇总表 .....................................................,关键词已对应，待人工核验数值与字段归属,,
135_佛山市浩创时代包装制品有限公司新建项目_01_受理公告或公示版,废气治理,废气治理、废气收集、活性炭,废气治理、废气收集、活性炭, 吹瓶废气通过包围型集气罩收集由活性炭吸附装置”处理后引至 29m 高排 气筒 G1 排放；项目丝印及烘干、吸塑废气通过包围型集气罩收集由活性炭 吸附装, 吹瓶废气通过包围型集气罩收集由活性炭吸附装置”处理后引至 29m 高排 气筒 G1 排放；项目丝印及烘干、吸塑废气通过包围型集气罩收集由活性炭 吸附装,关键词已对应，待人工核验数值与字段归属,,
135_佛山市浩创时代包装制品有限公司新建项目_01_受理公告或公示版,固废与危险废物,危险废物、固体废物,危险废物、固体废物,等应急器材；危险废 物分类暂存，危险废物 暂存间设置有围堰，且 做好防渗漏和硬底化 处理；当废气收集系统 出现故障时，立即停止 生产，维修设备，并定 期,等应急器材；危险废 物分类暂存，危险废物 暂存间设置有围堰，且 做好防渗漏和硬底化 处理；当废气收集系统 出现故障时，立即停止 生产，维修设备，并定 期,关键词已对应，待人工核验数值与字段归属,,
135_佛山市浩创时代包装制品有限公司新建项目_01_受理公告或公示版,总量与执行标准,总量控制、总量指标、执行标准,总量控制、总量指标、执行标准,水应执行《城镇污水处 理厂污染物排放标准》 （GB18918-2002）一级 A 标准及《广 东省水污染物排放限值》 （DB44/26-2001）的较严,水应执行《城镇污水处 理厂污染物排放标准》 （GB18918-2002）一级 A 标准及《广 东省水污染物排放限值》 （DB44/26-2001）的较严,关键词已对应，待人工核验数值与字段归属,,
135_佛山市浩创时代包装制品有限公司新建项目_01_受理公告或公示版,监督检查清单,环境保护措施监督检查清单、监督检查清单,环境保护措施监督检查清单、监督检查清单,.......... 39 五、环境保护措施监督检查清单 ...............................................,.......... 39 五、环境保护措施监督检查清单 ...............................................,关键词已对应，待人工核验数值与字段归属,,
136_佛山江福英智能设备制造有限公司新建项目_01_受理公告或公示版,项目基本情况,建设项目名称、建设地点、总投资,建设项目名称、建设地点、总投资, 1 — 一、建设项目基本情况 建设项目名称 佛山江福英智能设备制造有限公司新建项目 项目代码 无 建设单位联系人 *** 联系方式 *** 建设地点 , 1 — 一、建设项目基本情况 建设项目名称 佛山江福英智能设备制造有限公司新建项目 项目代码 无 建设单位联系人 *** 联系方式 *** 建设地点 ,关键词已对应，待人工核验数值与字段归属,,
136_佛山江福英智能设备制造有限公司新建项目_01_受理公告或公示版,产品与产量,年产,年产,米。项目主要从事塑料制品的生产，年产转轮 10 万件、出球口 50 万 件、纪念牌外壳 320 万件、纪念牌售卖机 500 台，项目组成详见下表。 2.,米。项目主要从事塑料制品的生产，年产转轮 10 万件、出球口 50 万 件、纪念牌外壳 320 万件、纪念牌售卖机 500 台，项目组成详见下表。 2.,关键词已对应，待人工核验数值与字段归属,,
136_佛山江福英智能设备制造有限公司新建项目_01_受理公告或公示版,原辅材料,原辅材料、辅料,原辅材料、辅料,的生产和销售，生产的产品及使用的原辅材料均不属于 《环境保护综合名录（2021 年版）》中“高污染、高环境风险”产品名录，符合要求。 3、与广东省发展改,的生产和销售，生产的产品及使用的原辅材料均不属于 《环境保护综合名录（2021 年版）》中“高污染、高环境风险”产品名录，符合要求。 3、与广东省发展改,关键词已对应，待人工核验数值与字段归属,,
136_佛山江福英智能设备制造有限公司新建项目_01_受理公告或公示版,生产设备,生产设施、设备一览,生产设施、设备一览,浓度不高于相应的排放限值；车间或生产设施排 气中 NMHC 初始排放速率≥3 kg/h 时，建设 VOCs 处理设施且处理效率≥80%；b）厂区内无组织,浓度不高于相应的排放限值；车间或生产设施排 气中 NMHC 初始排放速率≥3 kg/h 时，建设 VOCs 处理设施且处理效率≥80%；b）厂区内无组织,关键词已对应，待人工核验数值与字段归属,,
136_佛山江福英智能设备制造有限公司新建项目_01_受理公告或公示版,工艺与产污,工艺流程、生产工艺、产污环节,工艺流程、生产工艺、产污环节,采购清单。鼓励重点行业企业 开展生产工艺和设备水性化改造，推广使用水性、 高固体分、无溶剂、粉末等低 VOCs 含量涂料。 严格落实《挥发性有机物无组织,采购清单。鼓励重点行业企业 开展生产工艺和设备水性化改造，推广使用水性、 高固体分、无溶剂、粉末等低 VOCs 含量涂料。 严格落实《挥发性有机物无组织,关键词已对应，待人工核验数值与字段归属,,
136_佛山江福英智能设备制造有限公司新建项目_01_受理公告或公示版,源强与定量核算,产生量、排放量、收集效率,产生量、排放量、收集效率,..... 50 建设项目污染物排放量汇总表 .....................................................,..... 50 建设项目污染物排放量汇总表 .....................................................,关键词已对应，待人工核验数值与字段归属,,
136_佛山江福英智能设备制造有限公司新建项目_01_受理公告或公示版,废气治理,废气治理、废气收集、活性炭,废气治理、废气收集、活性炭,半密闭型集气罩点对 点收集，采用活性炭吸 附装置处理有机废气。 符 合 1.3 提高废气收集率，遵循“应收尽收、分质收集”的 原则，科学设计废气收集系统,半密闭型集气罩点对 点收集，采用活性炭吸 附装置处理有机废气。 符 合 1.3 提高废气收集率，遵循“应收尽收、分质收集”的 原则，科学设计废气收集系统,关键词已对应，待人工核验数值与字段归属,,
136_佛山江福英智能设备制造有限公司新建项目_01_受理公告或公示版,固废与危险废物,危险废物、固体废物、危废暂存,危险废物、固体废物、危废暂存,处理方式资质佐证材料。 项目建立危险废物台 账，定期将废机油、废 活性炭等危险废物交给 有资质的单位处理，整 理危废处理合同、转移 联单等资料。 符 合,处理方式资质佐证材料。 项目建立危险废物台 账，定期将废机油、废 活性炭等危险废物交给 有资质的单位处理，整 理危废处理合同、转移 联单等资料。 符 合,关键词已对应，待人工核验数值与字段归属,,
136_佛山江福英智能设备制造有限公司新建项目_01_受理公告或公示版,总量与执行标准,总量控制、总量指标、执行标准,总量控制、总量指标、执行标准,26-2001） 第一类污染物的排放标准后纳入园区污水管 道送工业园污水处理厂处理。本园区应按照 《报告书》拟定的入园企业类别引进企业项 目，并应避免引,26-2001） 第一类污染物的排放标准后纳入园区污水管 道送工业园污水处理厂处理。本园区应按照 《报告书》拟定的入园企业类别引进企业项 目，并应避免引,关键词已对应，待人工核验数值与字段归属,,
136_佛山江福英智能设备制造有限公司新建项目_01_受理公告或公示版,监督检查清单,环境保护措施监督检查清单、监督检查清单,环境保护措施监督检查清单、监督检查清单,.......... 27 五、环境保护措施监督检查清单 ...............................................,.......... 27 五、环境保护措施监督检查清单 ...............................................,关键词已对应，待人工核验数值与字段归属,,
137_佛山市顺德区德毅塑料有限公司新建项目_01_受理公告或公示版,项目基本情况,建设项目名称、建设地点、总投资,建设项目名称、建设地点、总投资,79 1 一、建设项目基本情况 建设项目名称 佛山市顺德区德毅塑料有限公司新建项目 项目代码 无 建设单位联系 人 苏毅强 联系方式 138234346,6页 1 一、建设项目基本情况 建设项目名称 佛山市顺德区德毅塑料有限公司新建项目 项目代码 无 建设单位联系 人 苏毅强 联系方式 138234346,关键词已对应，待人工核验数值与字段归属,,
137_佛山市顺德区德毅塑料有限公司新建项目_01_受理公告或公示版,产品与产量,产品方案、年产,产品方案、年产,求编写环境影响评价报告表。 2.产品方案 根据建设单位提供的资料，本项目的产品产量见表 2-1。 表 2-1 产品产能一览表 产品类型 年产量 备注 塑,求编写环境影响评价报告表。 2.产品方案 根据建设单位提供的资料，本项目的产品产量见表 2-1。 表 2-1 产品产能一览表 产品类型 年产量 备注 塑,关键词已对应，待人工核验数值与字段归属,,
137_佛山市顺德区德毅塑料有限公司新建项目_01_受理公告或公示版,原辅材料,主要原辅材料、原辅材料,主要原辅材料、原辅材料,E塑料粒，不属于高 VOCs含量原辅材料。项目 吹膜工序产生的非甲烷总 烃收集后经活性炭处理后 高空排放。 符合 3.与《挥发性有机物（VOCs）污染防,E塑料粒，不属于高 VOCs含量原辅材料。项目 吹膜工序产生的非甲烷总 烃收集后经活性炭处理后 高空排放。 符合 3.与《挥发性有机物（VOCs）污染防,关键词已对应，待人工核验数值与字段归属,,
137_佛山市顺德区德毅塑料有限公司新建项目_01_受理公告或公示版,生产设备,主要生产设备、生产设施、设备一览,主要生产设备、生产设施、设备一览,量 产品规定的除外 本项目车间或生产设施排 气中 NMHC 初始排放速率 小于 3kg/h。 符合 6.与《重点行业挥发性有机物综合治理方案》的通知（环,量 产品规定的除外 本项目车间或生产设施排 气中 NMHC 初始排放速率 小于 3kg/h。 符合 6.与《重点行业挥发性有机物综合治理方案》的通知（环,关键词已对应，待人工核验数值与字段归属,,
137_佛山市顺德区德毅塑料有限公司新建项目_01_受理公告或公示版,工艺与产污,工艺流程、生产工艺,工艺流程、生产工艺,0.08mm），项目生 产产品、生产工艺和生产设备均不属于《产业结构调整指导目录 （2024 年本）》中的限制或淘汰类别，不属于国家发展改革委商务 部《,0.08mm），项目生 产产品、生产工艺和生产设备均不属于《产业结构调整指导目录 （2024 年本）》中的限制或淘汰类别，不属于国家发展改革委商务 部《,关键词已对应，待人工核验数值与字段归属,,
137_佛山市顺德区德毅塑料有限公司新建项目_01_受理公告或公示版,源强与定量核算,产生量、排放量、收集效率,产生量、排放量、收集效率,..... 59 建设项目污染物排放量汇总表 .....................................................,..... 59 建设项目污染物排放量汇总表 .....................................................,关键词已对应，待人工核验数值与字段归属,,
137_佛山市顺德区德毅塑料有限公司新建项目_01_受理公告或公示版,废气治理,废气治理、废气收集、活性炭,废气治理、废气收集、活性炭,程中会产生一定量的有机废气，有机废气治理与 地区的治理政策符合性分析见下表。 表 1-1 项目与有机污染物治理政策的相符性 序号 政策要求 工程内容 符,程中会产生一定量的有机废气，有机废气治理与 地区的治理政策符合性分析见下表。 表 1-1 项目与有机污染物治理政策的相符性 序号 政策要求 工程内容 符,关键词已对应，待人工核验数值与字段归属,,
137_佛山市顺德区德毅塑料有限公司新建项目_01_受理公告或公示版,固废与危险废物,危险废物、固体废物,危险废物、固体废物, 高排气筒 DA001 排放。 固体废物 生活垃圾集中堆放，委托环卫部门及时清运处置；一般工业固废进 行统一收集后外售，厂区内有固定的固废堆放处；危险废, 高排气筒 DA001 排放。 固体废物 生活垃圾集中堆放，委托环卫部门及时清运处置；一般工业固废进 行统一收集后外售，厂区内有固定的固废堆放处；危险废,关键词已对应，待人工核验数值与字段归属,,
137_佛山市顺德区德毅塑料有限公司新建项目_01_受理公告或公示版,总量与执行标准,总量控制、总量指标、执行标准,总量控制、总量指标、执行标准,.与《顺德区重点行业挥发性有机物总量指标管理工作方案（2023 年修 订）》（顺环委办〔2023〕19 号）相符性分析 4.1 环评文件审批部门确定受理,.与《顺德区重点行业挥发性有机物总量指标管理工作方案（2023 年修 订）》（顺环委办〔2023〕19 号）相符性分析 4.1 环评文件审批部门确定受理,关键词已对应，待人工核验数值与字段归属,,
137_佛山市顺德区德毅塑料有限公司新建项目_01_受理公告或公示版,监督检查清单,环境保护措施监督检查清单、监督检查清单,环境保护措施监督检查清单、监督检查清单,.......... 55 五、环境保护措施监督检查清单 ...............................................,.......... 55 五、环境保护措施监督检查清单 ...............................................,关键词已对应，待人工核验数值与字段归属,,
138_佛山市顺德区派信誉塑料有限公司新建项目_01_受理公告或公示版,项目基本情况,建设项目名称、建设地点、总投资,建设项目名称、建设地点、总投资, 1 — 一、建设项目基本情况 建设项目名称 佛山市顺德区派信誉塑料有限公司新建项目 项目代码 无 建设单位联系人 林** 联系方式 158******, 1 — 一、建设项目基本情况 建设项目名称 佛山市顺德区派信誉塑料有限公司新建项目 项目代码 无 建设单位联系人 林** 联系方式 158******,关键词已对应，待人工核验数值与字段归属,,
138_佛山市顺德区派信誉塑料有限公司新建项目_01_受理公告或公示版,产品与产量,产品方案、主要产品、产品名称,产品方案、主要产品、产品名称,营范围为从事改性塑料颗粒的生产，年产 POM 改性增韧颗粒 320 吨。 项目组成详见下表 2-1。 表 2-1 主要建设内容表 类别 工程名称 备注 ,营范围为从事改性塑料颗粒的生产，年产 POM 改性增韧颗粒 320 吨。 项目组成详见下表 2-1。 表 2-1 主要建设内容表 类别 工程名称 备注 ,关键词已对应，待人工核验数值与字段归属,,
138_佛山市顺德区派信誉塑料有限公司新建项目_01_受理公告或公示版,原辅材料,主要原辅材料、原辅材料、辅料,主要原辅材料、原辅材料、辅料, 新建生产和使用高挥发性有 机物原辅材料的项目，鼓励 建设挥发性有机物共性工 厂。 8、工业企业禁止选址城镇 生活空间，生产空间禁止建 设居民住宅等敏感, 新建生产和使用高挥发性有 机物原辅材料的项目，鼓励 建设挥发性有机物共性工 厂。 8、工业企业禁止选址城镇 生活空间，生产空间禁止建 设居民住宅等敏感,关键词已对应，待人工核验数值与字段归属,,
138_佛山市顺德区派信誉塑料有限公司新建项目_01_受理公告或公示版,生产设备,主要生产设备、设备名称、生产设施,主要生产设备、设备名称、生产设施,7 排 放 水 平 (1)车间或生产设施排气中 NMHC初始排放速率≥3kg/h 时，建设末端治污设施且处 理效率≥80%(2)厂区内无 组织排放监控点,7 排 放 水 平 (1)车间或生产设施排气中 NMHC初始排放速率≥3kg/h 时，建设末端治污设施且处 理效率≥80%(2)厂区内无 组织排放监控点,关键词已对应，待人工核验数值与字段归属,,
138_佛山市顺德区派信誉塑料有限公司新建项目_01_受理公告或公示版,工艺与产污,工艺流程、生产工艺、产污环节,工艺流程、生产工艺、产污环节,洗、涂装、注塑、排放恶臭 气味的生产工艺和生产设 施。 10、结合《顺德区高质量推 动村级工业园升级改造总体 规划》，推进区域村级工业 园改造工作，禁止,洗、涂装、注塑、排放恶臭 气味的生产工艺和生产设 施。 10、结合《顺德区高质量推 动村级工业园升级改造总体 规划》，推进区域村级工业 园改造工作，禁止,关键词已对应，待人工核验数值与字段归属,,
138_佛山市顺德区派信誉塑料有限公司新建项目_01_受理公告或公示版,源强与定量核算,污染源强、产生量、排放量,污染源强、产生量、排放量,..... 64 建设项目污染物排放量汇总表......................................................,..... 64 建设项目污染物排放量汇总表......................................................,关键词已对应，待人工核验数值与字段归属,,
138_佛山市顺德区派信誉塑料有限公司新建项目_01_受理公告或公示版,废气治理,废气治理、废气收集、活性炭,废气治理、废气收集、活性炭,经包 围型集气罩收集后经 过一套活性炭吸附处 理后达到《合成树脂 工业污染物排放标 准》（GB31572-2015， 含 2024 年修改单）表 4 大,经包 围型集气罩收集后经 过一套活性炭吸附处 理后达到《合成树脂 工业污染物排放标 准》（GB31572-2015， 含 2024 年修改单）表 4 大,关键词已对应，待人工核验数值与字段归属,,
138_佛山市顺德区派信誉塑料有限公司新建项目_01_受理公告或公示版,固废与危险废物,危险废物、固体废物、危废暂存,危险废物、固体废物、危废暂存,建项 目实施减量替代。大力推 进固体废物源头减量化、 资源化利用和无害化处 置，稳步推进“无废城市” 试点建设。 项目经营过程产生的固 体废弃物分类收集,建项 目实施减量替代。大力推 进固体废物源头减量化、 资源化利用和无害化处 置，稳步推进“无废城市” 试点建设。 项目经营过程产生的固 体废弃物分类收集,关键词已对应，待人工核验数值与字段归属,,
138_佛山市顺德区派信誉塑料有限公司新建项目_01_受理公告或公示版,总量与执行标准,总量控制、总量指标、执行标准,总量控制、总量指标、执行标准,氮氧化物及挥发性有机物 等）实施总量控制；上年度 重点河涌水质未达到水环境 质量目标 的管控分区所在 镇（街道），须组织编制、 1、项目产生的生活 污水,氮氧化物及挥发性有机物 等）实施总量控制；上年度 重点河涌水质未达到水环境 质量目标 的管控分区所在 镇（街道），须组织编制、 1、项目产生的生活 污水,关键词已对应，待人工核验数值与字段归属,,
138_佛山市顺德区派信誉塑料有限公司新建项目_01_受理公告或公示版,监督检查清单,环境保护措施监督检查清单、监督检查清单,环境保护措施监督检查清单、监督检查清单,...........33 五、环境保护措施监督检查清单................................................,...........33 五、环境保护措施监督检查清单................................................,关键词已对应，待人工核验数值与字段归属,,
139_佛山市诗佳格科技有限公司新建项目_01_受理公告或公示版,项目基本情况,建设项目名称、建设地点、总投资,建设项目名称、建设地点、总投资, 1 — 一、建设项目基本情况 建设项目名称 佛山市诗佳格科技有限公司新建项目 项目代码 无 建设单位联系人 ** 联系方式 ** 建设地点 广东省佛山, 1 — 一、建设项目基本情况 建设项目名称 佛山市诗佳格科技有限公司新建项目 项目代码 无 建设单位联系人 ** 联系方式 ** 建设地点 广东省佛山,关键词已对应，待人工核验数值与字段归属,,
139_佛山市诗佳格科技有限公司新建项目_01_受理公告或公示版,产品与产量,产品名称、年产,产品名称、年产,目主要从事改性塑料粒的生产，预计年产改性塑料粒 200 吨。 项目经营场所为已建标准厂房，该厂房为 10 层建筑（1-4 层高度为 6m，5-10 层高,目主要从事改性塑料粒的生产，预计年产改性塑料粒 200 吨。 项目经营场所为已建标准厂房，该厂房为 10 层建筑（1-4 层高度为 6m，5-10 层高,关键词已对应，待人工核验数值与字段归属,,
139_佛山市诗佳格科技有限公司新建项目_01_受理公告或公示版,原辅材料,原辅材料、原料名称,原辅材料、原料名称,塑料粒的生产，生产的产品及使用的原辅材料均不属于《环境 保护综合名录（2021 年版）》中“高污染、高环境风险”产品名录，符合要求。 3、与《广东省发展,塑料粒的生产，生产的产品及使用的原辅材料均不属于《环境 保护综合名录（2021 年版）》中“高污染、高环境风险”产品名录，符合要求。 3、与《广东省发展,关键词已对应，待人工核验数值与字段归属,,
139_佛山市诗佳格科技有限公司新建项目_01_受理公告或公示版,生产设备,生产设施、设备一览,生产设施、设备一览,度不高于相应的排放限值； 车间或生产设施排气中 NMHC 初始排放速率 ≥3 kg/h 时，建设 VOCs 处理设施且处理效率 ≥80%；b）厂区内无组,度不高于相应的排放限值； 车间或生产设施排气中 NMHC 初始排放速率 ≥3 kg/h 时，建设 VOCs 处理设施且处理效率 ≥80%；b）厂区内无组,关键词已对应，待人工核验数值与字段归属,,
139_佛山市诗佳格科技有限公司新建项目_01_受理公告或公示版,工艺与产污,工艺流程、生产工艺、产污环节,工艺流程、生产工艺、产污环节,采购清单。鼓励重点 行业企业开展生产工艺和设备水性化改造，推 广使用水性、高固体分、无溶剂、粉末等低 VOCs 含量涂料。严格落实《挥发性有机物无 组织,采购清单。鼓励重点 行业企业开展生产工艺和设备水性化改造，推 广使用水性、高固体分、无溶剂、粉末等低 VOCs 含量涂料。严格落实《挥发性有机物无 组织,关键词已对应，待人工核验数值与字段归属,,
139_佛山市诗佳格科技有限公司新建项目_01_受理公告或公示版,源强与定量核算,产生量、排放量、收集效率,产生量、排放量、收集效率,..... 50 建设项目污染物排放量汇总表 .....................................................,..... 50 建设项目污染物排放量汇总表 .....................................................,关键词已对应，待人工核验数值与字段归属,,
139_佛山市诗佳格科技有限公司新建项目_01_受理公告或公示版,废气治理,废气治理、废气收集、活性炭,废气治理、废气收集、活性炭,，注塑机采用半密闭集 气罩收集，废气收集后通 过活性炭吸附装置处理后 引至 52m 排气筒排放。 符 合 1.3 提高废气收集率，遵循“应收尽收、分质收,，注塑机采用半密闭集 气罩收集，废气收集后通 过活性炭吸附装置处理后 引至 52m 排气筒排放。 符 合 1.3 提高废气收集率，遵循“应收尽收、分质收,关键词已对应，待人工核验数值与字段归属,,
139_佛山市诗佳格科技有限公司新建项目_01_受理公告或公示版,固废与危险废物,危险废物、固体废物、危废暂存,危险废物、固体废物、危废暂存,处理方式资质佐证材料。 项目建立危险废物台账， 定期将废机油、废活性炭 等危险废物交给有资质的 单位处理，整理危废处理 符 合 — 6 — 合同、转移联,处理方式资质佐证材料。 项目建立危险废物台账， 定期将废机油、废活性炭 等危险废物交给有资质的 单位处理，整理危废处理 符 合 第11页 — 6 — 合,关键词已对应，待人工核验数值与字段归属,,
139_佛山市诗佳格科技有限公司新建项目_01_受理公告或公示版,总量与执行标准,总量控制、总量指标、执行标准,总量控制、总量指标、执行标准,26-2001） 第一类污染物的排放标准后纳入园区污水 管道送工业园污水处理厂处理。本园区应 按照《报告书》拟定的入园企业类别引进 企业项目，并应避免引,26-2001） 第一类污染物的排放标准后纳入园区污水 管道送工业园污水处理厂处理。本园区应 按照《报告书》拟定的入园企业类别引进 企业项目，并应避免引,关键词已对应，待人工核验数值与字段归属,,
139_佛山市诗佳格科技有限公司新建项目_01_受理公告或公示版,监督检查清单,环境保护措施监督检查清单、监督检查清单,环境保护措施监督检查清单、监督检查清单,.......... 25 五、环境保护措施监督检查清单 ...............................................,.......... 25 五、环境保护措施监督检查清单 ...............................................,关键词已对应，待人工核验数值与字段归属,,
140_佛山市华泷彩科技有限公司新建项目_01_受理公告或公示版,项目基本情况,建设项目名称、建设地点、总投资,建设项目名称、建设地点、总投资, 1 — 一、建设项目基本情况 建设项目名称 佛山市华泷彩科技有限公司新建项目 项目代码 无 建设单位联系人 *** 联系方式 *** 建设地点 佛山市, 1 — 一、建设项目基本情况 建设项目名称 佛山市华泷彩科技有限公司新建项目 项目代码 无 建设单位联系人 *** 联系方式 *** 建设地点 佛山市,关键词已对应，待人工核验数值与字段归属,,
140_佛山市华泷彩科技有限公司新建项目_01_受理公告或公示版,产品与产量,产品名称、年产,产品名称、年产,性塑料粒、色母和色粉的生产，预计年产改性塑料粒 100 吨、色母 100 吨、 色粉 5 吨。 项目经营场所为已建标准厂房，其为 10 层建筑（1-4 ,性塑料粒、色母和色粉的生产，预计年产改性塑料粒 100 吨、色母 100 吨、 色粉 5 吨。 项目经营场所为已建标准厂房，其为 10 层建筑（1-4 ,关键词已对应，待人工核验数值与字段归属,,
140_佛山市华泷彩科技有限公司新建项目_01_受理公告或公示版,原辅材料,原辅材料、原料名称、辅料,原辅材料、原料名称、辅料,和色粉的生产，生产的产品及使用的原辅材料均不属于 《环境保护综合名录（2021 年版）》中“高污染、高环境风险”产品名录，符合要求。 3、与广东省发展改,和色粉的生产，生产的产品及使用的原辅材料均不属于 《环境保护综合名录（2021 年版）》中“高污染、高环境风险”产品名录，符合要求。 3、与广东省发展改,关键词已对应，待人工核验数值与字段归属,,
140_佛山市华泷彩科技有限公司新建项目_01_受理公告或公示版,生产设备,生产设施、设备一览,生产设施、设备一览,附处理。 符 合 8.3 车间或生产设施排气中 NMHC 初始排放速率 ≥3kg/h 时，建设 VOCs 处理设施且处理效率 ≥80%，采用的原辅材料符,附处理。 符 合 8.3 车间或生产设施排气中 NMHC 初始排放速率 ≥3kg/h 时，建设 VOCs 处理设施且处理效率 ≥80%，采用的原辅材料符,关键词已对应，待人工核验数值与字段归属,,
140_佛山市华泷彩科技有限公司新建项目_01_受理公告或公示版,工艺与产污,工艺流程、生产工艺、产污环节,工艺流程、生产工艺、产污环节,采购清单。鼓励重点行业企 业开展生产工艺和设备水性化改造，推广使用水 性、高固体分、无溶剂、粉末等低 VOCs 含量涂 料。严格落实《挥发性有机物无组织,采购清单。鼓励重点行业企 业开展生产工艺和设备水性化改造，推广使用水 性、高固体分、无溶剂、粉末等低 VOCs 含量涂 料。严格落实《挥发性有机物无组织,关键词已对应，待人工核验数值与字段归属,,
140_佛山市华泷彩科技有限公司新建项目_01_受理公告或公示版,源强与定量核算,产生量、排放量、收集效率,产生量、排放量、收集效率,..... 50 建设项目污染物排放量汇总表 .....................................................,..... 50 建设项目污染物排放量汇总表 .....................................................,关键词已对应，待人工核验数值与字段归属,,
140_佛山市华泷彩科技有限公司新建项目_01_受理公告或公示版,废气治理,废气治理、废气收集、活性炭,废气治理、废气收集、活性炭,密闭集气罩收集，废气 收集后采用活性炭吸附 装置处理有机废气。 符 合 1.3 提高废气收集率，遵循“应收尽收、分质收集”的 原则，科学设计废气收集系统,密闭集气罩收集，废气 收集后采用活性炭吸附 装置处理有机废气。 符 合 1.3 提高废气收集率，遵循“应收尽收、分质收集”的 原则，科学设计废气收集系统,关键词已对应，待人工核验数值与字段归属,,
140_佛山市华泷彩科技有限公司新建项目_01_受理公告或公示版,固废与危险废物,危险废物、固体废物、危废暂存,危险废物、固体废物、危废暂存,处理方式资质佐证材料。 项目建立危险废物台账， 定期将废机油、废活性炭 等危险废物交给有资质 的单位处理，整理危废处 理合同、转移联单等资 料。 符 合,处理方式资质佐证材料。 项目建立危险废物台账， 定期将废机油、废活性炭 等危险废物交给有资质 的单位处理，整理危废处 理合同、转移联单等资 料。 符 合,关键词已对应，待人工核验数值与字段归属,,
140_佛山市华泷彩科技有限公司新建项目_01_受理公告或公示版,总量与执行标准,总量控制、总量指标、执行标准,总量控制、总量指标、执行标准,26-2001） 第一类污染物的排放标准后纳入园区污水管 道送工业园污水处理厂处理。本园区应按照 《报告书》拟定的入园企业类别引进企业项 目，并应避免引,26-2001） 第一类污染物的排放标准后纳入园区污水管 道送工业园污水处理厂处理。本园区应按照 《报告书》拟定的入园企业类别引进企业项 目，并应避免引,关键词已对应，待人工核验数值与字段归属,,
140_佛山市华泷彩科技有限公司新建项目_01_受理公告或公示版,监督检查清单,环境保护措施监督检查清单、监督检查清单,环境保护措施监督检查清单、监督检查清单,.......... 25 五、环境保护措施监督检查清单 ...............................................,.......... 25 五、环境保护措施监督检查清单 ...............................................,关键词已对应，待人工核验数值与字段归属,,
141_佛山市洲友尚包装材料有限公司新建项目_01_受理公告或公示版,项目基本情况,建设项目名称、建设地点、总投资,建设项目名称、建设地点、总投资,88 1 一、建设项目基本情况 建设项目名称 佛山市洲友尚包装材料有限公司新建项目 项目代码 无 建设单位联系人 陈真连 联系方式 1370260601,6页 1 一、建设项目基本情况 建设项目名称 佛山市洲友尚包装材料有限公司新建项目 项目代码 无 建设单位联系人 陈真连 联系方式 1370260601,关键词已对应，待人工核验数值与字段归属,,
141_佛山市洲友尚包装材料有限公司新建项目_01_受理公告或公示版,产品与产量,主要产品、产品名称、年产,主要产品、产品名称、年产, 平方米，主要从事打包带的产销，年产打包带 1200 吨。 根据《中华人民共和国环境影响评价法》（2018 年 12 月修订）、《建设项目环境影 响评价, 平方米，主要从事打包带的产销，年产打包带 1200 吨。 根据《中华人民共和国环境影响评价法》（2018 年 12 月修订）、《建设项目环境影 响评价,关键词已对应，待人工核验数值与字段归属,,
141_佛山市洲友尚包装材料有限公司新建项目_01_受理公告或公示版,原辅材料,主要原辅材料、原辅材料、辅料,主要原辅材料、原辅材料、辅料,标排 放。 符合 3.5 采用的原辅材料符合国家有关低 VOCs 含量 产品规定的除外，有行业排放标准的按其相 关规定执行。 项目含 VOCs 的物料为,标排 放。 符合 3.5 采用的原辅材料符合国家有关低 VOCs 含量 产品规定的除外，有行业排放标准的按其相 关规定执行。 项目含 VOCs 的物料为,关键词已对应，待人工核验数值与字段归属,,
141_佛山市洲友尚包装材料有限公司新建项目_01_受理公告或公示版,生产设备,主要生产设备、设备名称、生产设施,主要生产设备、设备名称、生产设施, 度不高于相应的排放限值；车间或生产设施 排气中 NMHC 初始排放速率≥3kg/h 时，建 设 VOCs 处理设施且处理效率≥80%；b）厂 区内无组, 度不高于相应的排放限值；车间或生产设施 排气中 NMHC 初始排放速率≥3kg/h 时，建 设 VOCs 处理设施且处理效率≥80%；b）厂 区内无组,关键词已对应，待人工核验数值与字段归属,,
141_佛山市洲友尚包装材料有限公司新建项目_01_受理公告或公示版,工艺与产污,工艺流程、生产工艺、产污环节,工艺流程、生产工艺、产污环节, 4.6 VOCs 治理设施应与生产工艺设备同步运 行，VOCs 治理设施发生故障或检修时，对 应的生产工艺设备应停止运行，待检修完毕 后同步投入使用；, 4.6 VOCs 治理设施应与生产工艺设备同步运 行，VOCs 治理设施发生故障或检修时，对 应的生产工艺设备应停止运行，待检修完毕 后同步投入使用；,关键词已对应，待人工核验数值与字段归属,,
141_佛山市洲友尚包装材料有限公司新建项目_01_受理公告或公示版,源强与定量核算,污染源强、产生量、排放量,污染源强、产生量、排放量,.. 58 附表 建设项目污染物排放量汇总表 .....................................................,.. 58 附表 建设项目污染物排放量汇总表 .....................................................,关键词已对应，待人工核验数值与字段归属,,
141_佛山市洲友尚包装材料有限公司新建项目_01_受理公告或公示版,废气治理,废气治理、废气收集、活性炭,废气治理、废气收集、活性炭,有机废气经有效 收集后，通过“二活性炭吸 附”装置处理后引至 15m 排气筒 G1 高空排放。 符合 2、佛山市发展和改革局 佛山市生态环境局关于印发《,有机废气经有效 收集后，通过“二活性炭吸 附”装置处理后引至 15m 排气筒 G1 高空排放。 符合 2、佛山市发展和改革局 佛山市生态环境局关于印发《,关键词已对应，待人工核验数值与字段归属,,
141_佛山市洲友尚包装材料有限公司新建项目_01_受理公告或公示版,固废与危险废物,危险废物、固体废物、危废暂存,危险废物、固体废物、危废暂存,理方资质佐证材料。 企业严格执行危险废物转 移计划报批、依法建立危险 废物转移联单，并通过信息 系统登记转移计划和电子 转移联单。 符合 4.8 建立废,理方资质佐证材料。 企业严格执行危险废物转 移计划报批、依法建立危险 废物转移联单，并通过信息 系统登记转移计划和电子 转移联单。 符合 4.8 建立废,关键词已对应，待人工核验数值与字段归属,,
141_佛山市洲友尚包装材料有限公司新建项目_01_受理公告或公示版,总量与执行标准,总量控制、总量指标、执行标准,总量控制、总量指标、执行标准,s 含量 产品规定的除外，有行业排放标准的按其相 关规定执行。 项目含 VOCs 的物料为固 体颗粒状，常温状态下不挥 发 VOCs。 符合 3.6 企,s 含量 产品规定的除外，有行业排放标准的按其相 关规定执行。 项目含 VOCs 的物料为固 体颗粒状，常温状态下不挥 发 VOCs。 符合 3.6 企,关键词已对应，待人工核验数值与字段归属,,
141_佛山市洲友尚包装材料有限公司新建项目_01_受理公告或公示版,监督检查清单,环境保护措施监督检查清单、监督检查清单,环境保护措施监督检查清单、监督检查清单,.......... 28 五、环境保护措施监督检查清单 ...............................................,.......... 28 五、环境保护措施监督检查清单 ...............................................,关键词已对应，待人工核验数值与字段归属,,
142_佛山市坤琪玲塑料制品有限公司新建项目_01_受理公告或公示版,项目基本情况,建设项目名称、建设地点、总投资,建设项目名称、建设地点、总投资,签。 1 一、建设项目基本情况 建设项目名称 佛山市坤琪玲塑料制品有限公司新建项目 项目代码 无 建设单位联系 人 联系方式 建设地点 佛山市顺德区勒流,6页 1 一、建设项目基本情况 建设项目名称 佛山市坤琪玲塑料制品有限公司新建项目 项目代码 无 建设单位联系 人 联系方式 建设地点 佛山市顺德区勒流,关键词已对应，待人工核验数值与字段归属,,
142_佛山市坤琪玲塑料制品有限公司新建项目_01_受理公告或公示版,产品与产量,产品方案、主要产品、产品名称,产品方案、主要产品、产品名称,人造革、合成 革制造 2925 年产 1 万吨及以上的泡沫塑 料制品 2924，年产 1 万吨及 以上涉及改性塑料薄膜制造 2921、塑料板、管、型材制,人造革、合成 革制造 2925 年产 1 万吨及以上的泡沫塑 料制品 2924，年产 1 万吨及 以上涉及改性塑料薄膜制造 2921、塑料板、管、型材制,关键词已对应，待人工核验数值与字段归属,,
142_佛山市坤琪玲塑料制品有限公司新建项目_01_受理公告或公示版,原辅材料,主要原辅材料、原辅材料、原料名称,主要原辅材料、原辅材料、原料名称,制新建生产和使用高 挥发性有机物原辅材料项目，优先开展低 VOCs 含量原辅材料替代，强化无组织排放控 制。原则上不再新建、扩建新增氮氧化物、烟（粉）尘,制新建生产和使用高 挥发性有机物原辅材料项目，优先开展低 VOCs 含量原辅材料替代，强化无组织排放控 制。原则上不再新建、扩建新增氮氧化物、烟（粉）尘,关键词已对应，待人工核验数值与字段归属,,
142_佛山市坤琪玲塑料制品有限公司新建项目_01_受理公告或公示版,生产设备,主要生产设备、设备名称、生产设施,主要生产设备、设备名称、生产设施,有机废气。 符合 3.2 车间或生产设施收集排放的废气，VOCs 初始排放速率大于等于 3 千克/小时、 重点区域大于等于 2 千克/小时的，应加大控制,有机废气。 符合 3.2 车间或生产设施收集排放的废气，VOCs 初始排放速率大于等于 3 千克/小时、 重点区域大于等于 2 千克/小时的，应加大控制,关键词已对应，待人工核验数值与字段归属,,
142_佛山市坤琪玲塑料制品有限公司新建项目_01_受理公告或公示版,工艺与产污,工艺流程、生产工艺、产污环节,工艺流程、生产工艺、产污环节,料制品的加工生产，项目生产产品、生产工艺和生产设备均不属于《产业结构调整指导目录（2024 年本）》 中的淘汰类和限制类，也不属于国家发展改革委商务部《,料制品的加工生产，项目生产产品、生产工艺和生产设备均不属于《产业结构调整指导目录（2024 年本）》 中的淘汰类和限制类，也不属于国家发展改革委商务部《,关键词已对应，待人工核验数值与字段归属,,
142_佛山市坤琪玲塑料制品有限公司新建项目_01_受理公告或公示版,源强与定量核算,产生量、排放量、收集效率,产生量、排放量、收集效率,..... 59 建设项目污染物排放量汇总表 .....................................................,..... 59 建设项目污染物排放量汇总表 .....................................................,关键词已对应，待人工核验数值与字段归属,,
142_佛山市坤琪玲塑料制品有限公司新建项目_01_受理公告或公示版,废气治理,废气治理、废气收集、活性炭,废气治理、废气收集、活性炭,， 不外排；有机废气经收集通过“活性炭吸附”处理后，经 25m 高的排气筒排放，符合污染物排放管控要求。 （4）环境风险防控要求 项目位于佛山市顺德区勒,， 不外排；有机废气经收集通过“活性炭吸附”处理后，经 25m 高的排气筒排放，符合污染物排放管控要求。 （4）环境风险防控要求 项目位于佛山市顺德区勒,关键词已对应，待人工核验数值与字段归属,,
142_佛山市坤琪玲塑料制品有限公司新建项目_01_受理公告或公示版,固废与危险废物,危险废物、固体废物、危废暂存,危险废物、固体废物、危废暂存,区环境风险防控区 域。项目产生的危险废物拟定期委托有资质的危废处理公司收集处理，并通过信息系统登记转移计划和电子转移联单，符合危 险废物全过程跟踪管理的,区环境风险防控区 域。项目产生的危险废物拟定期委托有资质的危废处理公司收集处理，并通过信息系统登记转移计划和电子转移联单，符合危 险废物全过程跟踪管理的,关键词已对应，待人工核验数值与字段归属,,
142_佛山市坤琪玲塑料制品有限公司新建项目_01_受理公告或公示版,总量与执行标准,总量控制、总量指标、执行标准,总量控制、总量指标、执行标准,有机物实行区域内两倍削减量替代，总量指标由镇街分配；生活污水经三级化粪池预处理达标后通过市政管网 3 进入勒流污水处理厂深度处理；冷却塔用水循环使用，定,有机物实行区域内两倍削减量替代，总量指标由镇街分配；生活污水经三级化粪池预处理达标后通过市政管网 第9页 3 进入勒流污水处理厂深度处理；冷却塔用水循环,关键词已对应，待人工核验数值与字段归属,,
142_佛山市坤琪玲塑料制品有限公司新建项目_01_受理公告或公示版,监督检查清单,环境保护措施监督检查清单、监督检查清单,环境保护措施监督检查清单、监督检查清单,.......... 26 五、环境保护措施监督检查清单 ...............................................,.......... 26 五、环境保护措施监督检查清单 ...............................................,关键词已对应，待人工核验数值与字段归属,,
143_佛山市顺德区兴致盛塑料制品有限公司重新报批项目_01_受理公告或公示版,项目基本情况,建设项目名称、建设地点、总投资,建设项目名称、建设地点、总投资,97 1 一、建设项目基本情况 建设项目名称 佛山市顺德区兴致盛塑料制品有限公司重新报批项目 项目代码 无 建设单位联系 人 徐剑成 联系方式 1830,6页 1 一、建设项目基本情况 建设项目名称 佛山市顺德区兴致盛塑料制品有限公司重新报批项目 项目代码 无 建设单位联系 人 徐剑成 联系方式 1830,关键词已对应，待人工核验数值与字段归属,,
143_佛山市顺德区兴致盛塑料制品有限公司重新报批项目_01_受理公告或公示版,产品与产量,产品方案、产品名称、年产,产品方案、产品名称、年产,山市顺德区兴致盛塑料制品有限公司年产塑料件 100 万件新建项目已于 2020 年 9 月 29 日取得《佛山市生态环境局关于佛山市顺德区兴致盛塑料制品,山市顺德区兴致盛塑料制品有限公司年产塑料件 100 万件新建项目已于 2020 年 9 月 29 日取得《佛山市生态环境局关于佛山市顺德区兴致盛塑料制品,关键词已对应，待人工核验数值与字段归属,,
143_佛山市顺德区兴致盛塑料制品有限公司重新报批项目_01_受理公告或公示版,原辅材料,主要原辅材料、原辅材料,主要原辅材料、原辅材料,塑 料粒，不属于高VOCs含量 原辅材料。项目注塑工艺产 生的非甲烷总烃收集后经 活性炭处理后高空排放。 符合 3.与《挥发性有机物（VOCs）污染防治,塑 料粒，不属于高VOCs含量 原辅材料。项目注塑工艺产 生的非甲烷总烃收集后经 活性炭处理后高空排放。 符合 3.与《挥发性有机物（VOCs）污染防治,关键词已对应，待人工核验数值与字段归属,,
143_佛山市顺德区兴致盛塑料制品有限公司重新报批项目_01_受理公告或公示版,生产设备,主要生产设备、设备名称、生产设施,主要生产设备、设备名称、生产设施,量 产品规定的除外 本项目车间或生产设施排 气中 NMHC 初始排放速率 小于 3kg/h。 符合 6.与《重点行业挥发性有机物综合治理方案》的通知（环,量 产品规定的除外 本项目车间或生产设施排 气中 NMHC 初始排放速率 小于 3kg/h。 符合 6.与《重点行业挥发性有机物综合治理方案》的通知（环,关键词已对应，待人工核验数值与字段归属,,
143_佛山市顺德区兴致盛塑料制品有限公司重新报批项目_01_受理公告或公示版,工艺与产污,工艺流程、生产工艺,工艺流程、生产工艺, 内容，在建设过程中设 备规模、生产工艺及污 染物排放量等均发生 改变，尚未进行竣工环 境保护验收，且地址变 更 用地（用海） 面积（m 2 ） 110, 内容，在建设过程中设 备规模、生产工艺及污 染物排放量等均发生 改变，尚未进行竣工环 境保护验收，且地址变 更 用地（用海） 面积（m 2 ） 110,关键词已对应，待人工核验数值与字段归属,,
143_佛山市顺德区兴致盛塑料制品有限公司重新报批项目_01_受理公告或公示版,源强与定量核算,产生量、排放量、收集效率,产生量、排放量、收集效率,..... 70 建设项目污染物排放量汇总表 .....................................................,..... 70 建设项目污染物排放量汇总表 .....................................................,关键词已对应，待人工核验数值与字段归属,,
143_佛山市顺德区兴致盛塑料制品有限公司重新报批项目_01_受理公告或公示版,废气治理,废气治理、废气收集、活性炭,废气治理、废气收集、活性炭,程中会产生一定量的有机废气，有机废气治理与 地区的治理政策符合性分析见下表。 表 1-1 项目与有机污染物治理政策的相符性 序号 政策要求 工程内容 符,程中会产生一定量的有机废气，有机废气治理与 地区的治理政策符合性分析见下表。 表 1-1 项目与有机污染物治理政策的相符性 序号 政策要求 工程内容 符,关键词已对应，待人工核验数值与字段归属,,
143_佛山市顺德区兴致盛塑料制品有限公司重新报批项目_01_受理公告或公示版,固废与危险废物,危险废物、固体废物、危废暂存,危险废物、固体废物、危废暂存,物 生活垃圾交给环卫部门；一般 固体废物交由专业回收公司回 收；危险废物收集暂存后定期 交有资质的单位处理 生活垃圾集中堆放，委托环卫部门 及时清运处置,物 生活垃圾交给环卫部门；一般 固体废物交由专业回收公司回 收；危险废物收集暂存后定期 交有资质的单位处理 生活垃圾集中堆放，委托环卫部门 及时清运处置,关键词已对应，待人工核验数值与字段归属,,
143_佛山市顺德区兴致盛塑料制品有限公司重新报批项目_01_受理公告或公示版,总量与执行标准,总量控制、总量指标、执行标准,总量控制、总量指标、执行标准,.与《顺德区重点行业挥发性有机物总量指标管理工作方案（2024 年修 订）》（顺环委办〔2024〕3号）相符性分析 4.1 环评文件审批部门确定受理 建,.与《顺德区重点行业挥发性有机物总量指标管理工作方案（2024 年修 订）》（顺环委办〔2024〕3号）相符性分析 4.1 环评文件审批部门确定受理 建,关键词已对应，待人工核验数值与字段归属,,
143_佛山市顺德区兴致盛塑料制品有限公司重新报批项目_01_受理公告或公示版,监督检查清单,环境保护措施监督检查清单、监督检查清单,环境保护措施监督检查清单、监督检查清单,.......... 37 五、环境保护措施监督检查清单 ...............................................,.......... 37 五、环境保护措施监督检查清单 ...............................................,关键词已对应，待人工核验数值与字段归属,,
144_佛山市顺德区壹德包装印刷有限公司迁扩建项目_01_受理公告或公示版,项目基本情况,建设项目名称、建设地点、总投资,建设项目名称、建设地点、总投资,工作提供科学依据。 通过对本项目建设地点及周围环境的综合现状调查和现场监测，了解和掌握该地 区的目前环境现状。 采用适当的预测模式，评价项目建成后对该地,工作提供科学依据。 通过对本项目建设地点及周围环境的综合现状调查和现场监测，了解和掌握该地 区的目前环境现状。 采用适当的预测模式，评价项目建成后对该地,关键词已对应，待人工核验数值与字段归属,,
144_佛山市顺德区壹德包装印刷有限公司迁扩建项目_01_受理公告或公示版,产品与产量,产品方案、产品名称、年产,产品方案、产品名称、年产,.... - 72 - 3.2 产品方案 .......................................................,.... - 72 - 3.2 产品方案 .......................................................,关键词已对应，待人工核验数值与字段归属,,
144_佛山市顺德区壹德包装印刷有限公司迁扩建项目_01_受理公告或公示版,原辅材料,主要原辅材料、原辅材料、原料名称,主要原辅材料、原辅材料、原料名称,.... - 77 - 3.5 主要原辅材料及能耗 ..................................................,.... - 77 - 3.5 主要原辅材料及能耗 ..................................................,关键词已对应，待人工核验数值与字段归属,,
144_佛山市顺德区壹德包装印刷有限公司迁扩建项目_01_受理公告或公示版,生产设备,主要生产设备、设备名称、生产设施,主要生产设备、设备名称、生产设施,.... - 79 - 3.7 主要生产设备 .....................................................,.... - 79 - 3.7 主要生产设备 .....................................................,关键词已对应，待人工核验数值与字段归属,,
144_佛山市顺德区壹德包装印刷有限公司迁扩建项目_01_受理公告或公示版,工艺与产污,工艺流程、生产工艺、产污环节,工艺流程、生产工艺、产污环节, - 79 - 3.8 现有项目生产工艺流程及产污环节 ................................................, - 79 - 3.8 现有项目生产工艺流程及产污环节 ................................................,关键词已对应，待人工核验数值与字段归属,,
144_佛山市顺德区壹德包装印刷有限公司迁扩建项目_01_受理公告或公示版,源强与定量核算,污染源强、产生量、排放量,污染源强、产生量、排放量,....- 116 - 4.3 污染源强分析 .....................................................,....- 116 - 4.3 污染源强分析 .....................................................,关键词已对应，待人工核验数值与字段归属,,
144_佛山市顺德区壹德包装印刷有限公司迁扩建项目_01_受理公告或公示版,废气治理,废气治理、废气收集、活性炭,废气治理、废气收集、活性炭,排放企业深度治理。开展中小型企业废气收集和治理设施 建设、运行情况的评估，强化对企业涉 VOCs 生产车间/工序废气的收集管理，推动企 业开展治理设施升,排放企业深度治理。开展中小型企业废气收集和治理设施 建设、运行情况的评估，强化对企业涉 VOCs 生产车间/工序废气的收集管理，推动企 业开展治理设施升,关键词已对应，待人工核验数值与字段归属,,
144_佛山市顺德区壹德包装印刷有限公司迁扩建项目_01_受理公告或公示版,固废与危险废物,危险废物、固体废物、危废代码,危险废物、固体废物、危废代码, - 242 - 6.6 营运期固体废物影响分析 ..................................................., - 242 - 6.6 营运期固体废物影响分析 ...................................................,关键词已对应，待人工核验数值与字段归属,,
144_佛山市顺德区壹德包装印刷有限公司迁扩建项目_01_受理公告或公示版,总量与执行标准,总量控制、总量指标、执行标准,总量控制、总量指标、执行标准,...... 316 10.6 总量控制 .......................................................,...... 316 10.6 总量控制 .......................................................,关键词已对应，待人工核验数值与字段归属,,
144_佛山市顺德区壹德包装印刷有限公司迁扩建项目_01_受理公告或公示版,监督检查清单,,,,,原文未自动定位，待人工确认,,
145_广东东梓数码新材料有限公司建设项目_01_受理公告或公示版,项目基本情况,建设地点、总投资、环保投资,建设地点、总投资、环保投资,系方式 13711692467 建设地点 广东省佛山市顺德区北滘镇顺江社区三乐东路 23 号涛汇家电园 9 栋 802 室 地理坐标 东经 113 度 ,系方式 13711692467 建设地点 广东省佛山市顺德区北滘镇顺江社区三乐东路 23 号涛汇家电园 9 栋 802 室 地理坐标 东经 113 度 ,关键词已对应，待人工核验数值与字段归属,,
145_广东东梓数码新材料有限公司建设项目_01_受理公告或公示版,产品与产量,主要产品、年产,主要产品、年产,。项目四至图详见附图 2。 3、主要产品及产量 本项目生产产品及规模详见下表： 表 2-2 本项目生产规模一览表 类别 名称 单位 数量 备注 产品 P,。项目四至图详见附图 2。 3、主要产品及产量 本项目生产产品及规模详见下表： 表 2-2 本项目生产规模一览表 类别 名称 单位 数量 备注 产品 P,关键词已对应，待人工核验数值与字段归属,,
145_广东东梓数码新材料有限公司建设项目_01_受理公告或公示版,原辅材料,主要原辅材料、原辅材料,主要原辅材料、原辅材料,管控，大力推进低 VOCs 含量原辅材料替代。木制家具制造行 业应全面使用水性胶粘剂，替代比例达到 100%。家具制造及其他工业 涂装项目的水性涂料等低,管控，大力推进低 VOCs 含量原辅材料替代。木制家具制造行 业应全面使用水性胶粘剂，替代比例达到 100%。家具制造及其他工业 涂装项目的水性涂料等低,关键词已对应，待人工核验数值与字段归属,,
145_广东东梓数码新材料有限公司建设项目_01_受理公告或公示版,生产设备,主要生产设备、设备名称、生产设施,主要生产设备、设备名称、生产设施,注塑、排放恶臭气味的生产 工艺和生产设施。 本项目选址位于工业园中，距离村庄等较远（最近居民 区大沙围居民区425m）。不属于国家“高污染、高环境风 险,注塑、排放恶臭气味的生产 工艺和生产设施。 本项目选址位于工业园中，距离村庄等较远（最近居民 区大沙围居民区425m）。不属于国家“高污染、高环境风 险,关键词已对应，待人工核验数值与字段归属,,
145_广东东梓数码新材料有限公司建设项目_01_受理公告或公示版,工艺与产污,工艺流程、生产工艺、产污环节,工艺流程、生产工艺、产污环节,3 年 7 月 1 日起，铸 造生产工艺环节和生产设备执行《铸造工业大气污染物排放标准》 （GB39726-2020）表 1 规定的大气污染物排放限值、,3 年 7 月 1 日起，铸 造生产工艺环节和生产设备执行《铸造工业大气污染物排放标准》 （GB39726-2020）表 1 规定的大气污染物排放限值、,关键词已对应，待人工核验数值与字段归属,,
145_广东东梓数码新材料有限公司建设项目_01_受理公告或公示版,源强与定量核算,污染源强、产生量、排放量,污染源强、产生量、排放量,水处 理需求的区域，不应引入废水排放量较大的项目。扩区南片区在纳污水 体水质稳定达标前，应合理控制涉水排放企业规模，优先引入无生产废 水或生产废水排放量,水处 理需求的区域，不应引入废水排放量较大的项目。扩区南片区在纳污水 体水质稳定达标前，应合理控制涉水排放企业规模，优先引入无生产废 水或生产废水排放量,关键词已对应，待人工核验数值与字段归属,,
145_广东东梓数码新材料有限公司建设项目_01_受理公告或公示版,废气治理,废气治理、废气收集、活性炭,废气治理、废气收集、活性炭,要求，以及 VOCs 无组织排放废气收集处理系 统 要 求 执 行《 挥 发 性 有 机 物 无 组 织 排 放 控 制 标 准 》 （GB37822-,要求，以及 VOCs 无组织排放废气收集处理系 统 要 求 执 行《 挥 发 性 有 机 物 无 组 织 排 放 控 制 标 准 》 （GB37822-,关键词已对应，待人工核验数值与字段归属,,
145_广东东梓数码新材料有限公司建设项目_01_受理公告或公示版,固废与危险废物,危险废物、固体废物、危废暂存,危险废物、固体废物、危废暂存,扩建项目实施减 量替代。大力推进固体废物源头减量 化、资源化利用和无害化处置，稳步推 进“无废城市”试点建设。 本项目地表水环境能够满足相应 标准要求。,扩建项目实施减 量替代。大力推进固体废物源头减量 化、资源化利用和无害化处置，稳步推 进“无废城市”试点建设。 本项目地表水环境能够满足相应 标准要求。,关键词已对应，待人工核验数值与字段归属,,
145_广东东梓数码新材料有限公司建设项目_01_受理公告或公示版,总量与执行标准,总量控制、总量指标、执行标准,总量控制、总量指标、执行标准,氮氧化 物及挥发性有机物等）实施总量控制；上年度重点河涌水质未达到水环 境质量目标的管控分区所在镇（街道），须组织编制、系统实施、向社 会公开区域重点水,氮氧化 物及挥发性有机物等）实施总量控制；上年度重点河涌水质未达到水环 境质量目标的管控分区所在镇（街道），须组织编制、系统实施、向社 会公开区域重点水,关键词已对应，待人工核验数值与字段归属,,
145_广东东梓数码新材料有限公司建设项目_01_受理公告或公示版,监督检查清单,环境保护措施监督检查清单、监督检查清单,环境保护措施监督检查清单、监督检查清单,...... - 36 - 五、环境保护措施监督检查清单 ...............................................,...... - 36 - 五、环境保护措施监督检查清单 ...............................................,关键词已对应，待人工核验数值与字段归属,,
146_佛山市顺德区德盈誉智能制造有限公司新建项目_01_受理公告或公示版,项目基本情况,建设项目名称、建设地点、总投资,建设项目名称、建设地点、总投资, 1 — 一、建设项目基本情况 建设项目名称 佛山市鸿盛塑料制品有限公司新建项目 项目代码 无 建设单位联系人 文惠庆 联系方式 13160821682, 1 — 一、建设项目基本情况 建设项目名称 佛山市鸿盛塑料制品有限公司新建项目 项目代码 无 建设单位联系人 文惠庆 联系方式 13160821682,关键词已对应，待人工核验数值与字段归属,,
146_佛山市顺德区德盈誉智能制造有限公司新建项目_01_受理公告或公示版,产品与产量,产品名称、年产,产品名称、年产,和产能 表 7 产品产能一览表 产品名称 单位 数量 备注 手机壳 万个/年 含亚克力片 600 重量 30g/个（亚克力片 15g、塑胶原料 10g、,和产能 表 7 产品产能一览表 产品名称 单位 数量 备注 手机壳 万个/年 含亚克力片 600 重量 30g/个（亚克力片 15g、塑胶原料 10g、,关键词已对应，待人工核验数值与字段归属,,
146_佛山市顺德区德盈誉智能制造有限公司新建项目_01_受理公告或公示版,原辅材料,原辅材料、原料名称、辅料,原辅材料、原料名称、辅料,营手机壳生产，生产的产品及使用的原辅材料均不属于《环境保护综 合名录（2021 年版）》中“高污染、高环境风险”产品名录，符合要求。 3、与广东省发展改,营手机壳生产，生产的产品及使用的原辅材料均不属于《环境保护综 合名录（2021 年版）》中“高污染、高环境风险”产品名录，符合要求。 3、与广东省发展改,关键词已对应，待人工核验数值与字段归属,,
146_佛山市顺德区德盈誉智能制造有限公司新建项目_01_受理公告或公示版,生产设备,生产设施、设备一览,生产设施、设备一览,3. 项目生产设备 表 8 生产设备一览表 主要生 产单元 主要 工艺 生产设施 名称 数量 单位 设计参数 位置 参数名称 设计值 单位 手机壳 生产,3. 项目生产设备 表 8 生产设备一览表 主要生 产单元 主要 工艺 生产设施 名称 数量 单位 设计参数 位置 参数名称 设计值 单位 手机壳 生产,关键词已对应，待人工核验数值与字段归属,,
146_佛山市顺德区德盈誉智能制造有限公司新建项目_01_受理公告或公示版,工艺与产污,工艺流程、生产工艺、产污环节,工艺流程、生产工艺、产污环节,采购清单。鼓励重点行业企 业开展生产工艺和设备水性化改造，推广使用水 性、高固体分、无溶剂、粉末等低 VOCs 含量涂 料。严格落实《挥发性有机物无组织,采购清单。鼓励重点行业企 业开展生产工艺和设备水性化改造，推广使用水 性、高固体分、无溶剂、粉末等低 VOCs 含量涂 料。严格落实《挥发性有机物无组织,关键词已对应，待人工核验数值与字段归属,,
146_佛山市顺德区德盈誉智能制造有限公司新建项目_01_受理公告或公示版,源强与定量核算,产生量、排放量、收集效率,产生量、排放量、收集效率,..... 53 建设项目污染物排放量汇总表 .....................................................,..... 53 建设项目污染物排放量汇总表 .....................................................,关键词已对应，待人工核验数值与字段归属,,
146_佛山市顺德区德盈誉智能制造有限公司新建项目_01_受理公告或公示版,废气治理,废气治理、废气收集、活性炭,废气治理、废气收集、活性炭,材料的项目，鼓励 建设共性工厂、活性炭集中再生中心等挥 发性有机物第三方治理项目，推动挥发性 有机物集中高效处理 料。 能 源 资 源 利 用 科学实施,材料的项目，鼓励 建设共性工厂、活性炭集中再生中心等挥 发性有机物第三方治理项目，推动挥发性 有机物集中高效处理 料。 能 源 资 源 利 用 科学实施,关键词已对应，待人工核验数值与字段归属,,
146_佛山市顺德区德盈誉智能制造有限公司新建项目_01_受理公告或公示版,固废与危险废物,危险废物、固体废物、危废暂存,危险废物、固体废物、危废暂存,包装废弃物由物资回收 公司回收，危险废物交有危废资质 单位进行处理。固体废质单位物分 类减量化、资源化利用和无害化处 置。 符合 环 境 风 险 管 控,包装废弃物由物资回收 公司回收，危险废物交有危废资质 单位进行处理。固体废质单位物分 类减量化、资源化利用和无害化处 置。 符合 环 境 风 险 管 控,关键词已对应，待人工核验数值与字段归属,,
146_佛山市顺德区德盈誉智能制造有限公司新建项目_01_受理公告或公示版,总量与执行标准,总量控制、总量指标、执行标准,总量控制、总量指标、执行标准,26-2001） 第一类污染物的排放标准后纳入园区污水管 道送工业园污水处理厂处理。本园区应按照 《报告书》拟定的入园企业类别引进企业项 目，并应避免引,26-2001） 第一类污染物的排放标准后纳入园区污水管 道送工业园污水处理厂处理。本园区应按照 《报告书》拟定的入园企业类别引进企业项 目，并应避免引,关键词已对应，待人工核验数值与字段归属,,
146_佛山市顺德区德盈誉智能制造有限公司新建项目_01_受理公告或公示版,监督检查清单,环境保护措施监督检查清单、监督检查清单,环境保护措施监督检查清单、监督检查清单,.......... 26 五、环境保护措施监督检查清单 ...............................................,.......... 26 五、环境保护措施监督检查清单 ...............................................,关键词已对应，待人工核验数值与字段归属,,
147_佛山市顺德区菱昌精密塑料五金实业有限公司新建项目_01_受理公告或公示版,项目基本情况,建设项目名称、建设地点、总投资,建设项目名称、建设地点、总投资, 1 — 一、建设项目基本情况 建设项目名称 佛山市顺德区菱昌精密塑料五金实业有限公司新建项目 项目代码 无 建设单位联系 人 梁* 联系方式 13**, 1 — 一、建设项目基本情况 建设项目名称 佛山市顺德区菱昌精密塑料五金实业有限公司新建项目 项目代码 无 建设单位联系 人 梁* 联系方式 13**,关键词已对应，待人工核验数值与字段归属,,
147_佛山市顺德区菱昌精密塑料五金实业有限公司新建项目_01_受理公告或公示版,产品与产量,产品方案、主要产品、产品名称,产品方案、主要产品、产品名称,塑盒加工生产基地。项目达产后预计年产值 80 万元，年生产防水胶膜约 200 万只、吸塑盒 10 万只。项目租用厂房为现有已建成厂房，目前处于前期准备阶,塑盒加工生产基地。项目达产后预计年产值 80 万元，年生产防水胶膜约 200 万只、吸塑盒 10 万只。项目租用厂房为现有已建成厂房，目前处于前期准备阶,关键词已对应，待人工核验数值与字段归属,,
147_佛山市顺德区菱昌精密塑料五金实业有限公司新建项目_01_受理公告或公示版,原辅材料,主要原辅材料、原辅材料,主要原辅材料、原辅材料,设施 且处理效率≥80%，采用的原辅材料符 合国家有关低 VOCs 含量产品规定的除 外。 本项目吸塑、折边过程 NMHC 初始排放速率为 0.079k,设施 且处理效率≥80%，采用的原辅材料符 合国家有关低 VOCs 含量产品规定的除 外。 本项目吸塑、折边过程 NMHC 初始排放速率为 0.079k,关键词已对应，待人工核验数值与字段归属,,
147_佛山市顺德区菱昌精密塑料五金实业有限公司新建项目_01_受理公告或公示版,生产设备,主要生产设备、设备名称、生产设施,主要生产设备、设备名称、生产设施,800mg/g。 3.5 车间或生产设施排气筒废气排放浓度 不高于《合成树脂工业污染物排放标 准》（GB31572-2015）排放限值的 50%。 本项,800mg/g。 3.5 车间或生产设施排气筒废气排放浓度 不高于《合成树脂工业污染物排放标 准》（GB31572-2015）排放限值的 50%。 本项,关键词已对应，待人工核验数值与字段归属,,
147_佛山市顺德区菱昌精密塑料五金实业有限公司新建项目_01_受理公告或公示版,工艺与产污,工艺流程、生产工艺、产污环节,工艺流程、生产工艺、产污环节,从事塑料制品制造，项目生产产品、生产工艺和生产设备均不属 于《产业结构调整指导目录（2024 年本）》中的限制或禁止类别，也不属 于国家发展改革委 商务,从事塑料制品制造，项目生产产品、生产工艺和生产设备均不属 于《产业结构调整指导目录（2024 年本）》中的限制或禁止类别，也不属 于国家发展改革委 商务,关键词已对应，待人工核验数值与字段归属,,
147_佛山市顺德区菱昌精密塑料五金实业有限公司新建项目_01_受理公告或公示版,源强与定量核算,产生量、排放量、收集效率,产生量、排放量、收集效率,..... 57 建设项目污染物排放量汇总表 .....................................................,..... 57 建设项目污染物排放量汇总表 .....................................................,关键词已对应，待人工核验数值与字段归属,,
147_佛山市顺德区菱昌精密塑料五金实业有限公司新建项目_01_受理公告或公示版,废气治理,废气治理、废气收集、活性炭,废气治理、废气收集、活性炭,方设置半密闭型集气罩收集， 采用活性炭吸附处理有机废 气。 符合 3.4 若采用活性炭吸附技术，采用颗粒活性 本项目采用颗粒状活性炭作为 符合 — 5 ,方设置半密闭型集气罩收集， 采用活性炭吸附处理有机废 气。 符合 3.4 若采用活性炭吸附技术，采用颗粒活性 本项目采用颗粒状活性炭作为 符合 第10页,关键词已对应，待人工核验数值与字段归属,,
147_佛山市顺德区菱昌精密塑料五金实业有限公司新建项目_01_受理公告或公示版,固废与危险废物,危险废物、固体废物、危废暂存,危险废物、固体废物、危废暂存,位于生产车间东南侧，用于暂存一般固体废物。 危废仓 5m2 位于生产车间西部，用于暂存危险废物。 辅助 工程 办公区 20m2 位于生产车间西南角，用于,位于生产车间东南侧，用于暂存一般固体废物。 危废仓 5m2 位于生产车间西部，用于暂存危险废物。 辅助 工程 办公区 20m2 位于生产车间西南角，用于,关键词已对应，待人工核验数值与字段归属,,
147_佛山市顺德区菱昌精密塑料五金实业有限公司新建项目_01_受理公告或公示版,总量与执行标准,总量控制、总量指标、执行标准,总量控制、总量指标、执行标准,，严格控制以间接排放 标准或纳管排放标准向市政管网排放工业废水。工业企业排放有含重金属、 难生化降解、有生物毒性、易燃易爆、高盐分、重油脂等超城镇生活污,，严格控制以间接排放 标准或纳管排放标准向市政管网排放工业废水。工业企业排放有含重金属、 难生化降解、有生物毒性、易燃易爆、高盐分、重油脂等超城镇生活污,关键词已对应，待人工核验数值与字段归属,,
147_佛山市顺德区菱昌精密塑料五金实业有限公司新建项目_01_受理公告或公示版,监督检查清单,环境保护措施监督检查清单、监督检查清单,环境保护措施监督检查清单、监督检查清单,.......... 28 五、环境保护措施监督检查清单 ...............................................,.......... 28 五、环境保护措施监督检查清单 ...............................................,关键词已对应，待人工核验数值与字段归属,,
148_广东创卓电器有限公司迁扩建项目_01_受理公告或公示版,项目基本情况,建设项目名称、建设地点、总投资,建设项目名称、建设地点、总投资, 1 — 一、建设项目基本情况 建设项目名称 广东创卓电器有限公司迁扩建项目 项目代码 无 建设单位联系 人 吴** 联系方式 138******** , 1 — 一、建设项目基本情况 建设项目名称 广东创卓电器有限公司迁扩建项目 项目代码 无 建设单位联系 人 吴** 联系方式 138******** ,关键词已对应，待人工核验数值与字段归属,,
148_广东创卓电器有限公司迁扩建项目_01_受理公告或公示版,产品与产量,产品方案、主要产品、产品名称,产品方案、主要产品、产品名称, 迁建后项目的主要生产原辅材料和产品方案详见下表 2-2 和表 2-3； 表 2-2 迁扩建后主要原辅材料及其用量 类别 名称 迁建前 年用量 迁建后 , 迁建后项目的主要生产原辅材料和产品方案详见下表 2-2 和表 2-3； 表 2-2 迁扩建后主要原辅材料及其用量 类别 名称 迁建前 年用量 迁建后 ,关键词已对应，待人工核验数值与字段归属,,
148_广东创卓电器有限公司迁扩建项目_01_受理公告或公示版,原辅材料,主要原辅材料、原辅材料,主要原辅材料、原辅材料,管控，大力推进低 VOCs 含量原辅材料替代。 本项目产生的挥发性有机物 采用围蔽型集气罩收集后，经 “活性炭吸附”装置处理后引 至楼顶高空排放，本项目,管控，大力推进低 VOCs 含量原辅材料替代。 本项目产生的挥发性有机物 采用围蔽型集气罩收集后，经 “活性炭吸附”装置处理后引 至楼顶高空排放，本项目,关键词已对应，待人工核验数值与字段归属,,
148_广东创卓电器有限公司迁扩建项目_01_受理公告或公示版,生产设备,主要生产设备、生产设施,主要生产设备、生产设施,脱模、排放恶臭气味的生产 工艺和生产设施。 本项目 50 米范围内无声环境 敏感点，100 米范围内无居住 区、学校、医院等敏感用地。 符合 10 结合,脱模、排放恶臭气味的生产 工艺和生产设施。 本项目 50 米范围内无声环境 敏感点，100 米范围内无居住 区、学校、医院等敏感用地。 符合 10 结合,关键词已对应，待人工核验数值与字段归属,,
148_广东创卓电器有限公司迁扩建项目_01_受理公告或公示版,工艺与产污,工艺流程、生产工艺、产污环节,工艺流程、生产工艺、产污环节,高环境风险”产品。项目生产产品、生产工艺和生产设备均不属于《产 业结构调整指导目录（2024 年本）》中的限制或禁止类别，也不属于国家发展 改革委商务部,高环境风险”产品。项目生产产品、生产工艺和生产设备均不属于《产 业结构调整指导目录（2024 年本）》中的限制或禁止类别，也不属于国家发展 改革委商务部,关键词已对应，待人工核验数值与字段归属,,
148_广东创卓电器有限公司迁扩建项目_01_受理公告或公示版,源强与定量核算,污染源强、产生量、排放量,污染源强、产生量、排放量,..... 69 建设项目污染物排放量汇总表......................................................,..... 69 建设项目污染物排放量汇总表......................................................,关键词已对应，待人工核验数值与字段归属,,
148_广东创卓电器有限公司迁扩建项目_01_受理公告或公示版,废气治理,废气治理、废气收集、活性炭,废气治理、废气收集、活性炭, 采用围蔽型集气罩收集后，经 “活性炭吸附”装置处理后引 至楼顶高空排放，本项目不使 用高 VOCs 含量原辅材料 符合 18 制定园区环境风险事故防范, 采用围蔽型集气罩收集后，经 “活性炭吸附”装置处理后引 至楼顶高空排放，本项目不使 用高 VOCs 含量原辅材料 符合 18 制定园区环境风险事故防范,关键词已对应，待人工核验数值与字段归属,,
148_广东创卓电器有限公司迁扩建项目_01_受理公告或公示版,固废与危险废物,危险废物、固体废物、危废暂存,危险废物、固体废物、危废暂存,方资质佐证材 料。 企业严格执行危险废物 转移计划报批、依法建 立危险废物转移联单， 并通过信息系统登记转 移计划和电子转移联 单。 符合 — 13 —,方资质佐证材 料。 企业严格执行危险废物 转移计划报批、依法建 立危险废物转移联单， 并通过信息系统登记转 移计划和电子转移联 单。 符合 第15页 —,关键词已对应，待人工核验数值与字段归属,,
148_广东创卓电器有限公司迁扩建项目_01_受理公告或公示版,总量与执行标准,总量控制、总量指标、执行标准,总量控制、总量指标、执行标准,氮氧化物及挥发性有 机物等）实施总量控制；上年度 重点河涌水质未达到水环境质 量目标的管控分区所在镇（街 道），须组织编制、系统实施、 向社会公开区域重,氮氧化物及挥发性有 机物等）实施总量控制；上年度 重点河涌水质未达到水环境质 量目标的管控分区所在镇（街 道），须组织编制、系统实施、 向社会公开区域重,关键词已对应，待人工核验数值与字段归属,,
148_广东创卓电器有限公司迁扩建项目_01_受理公告或公示版,监督检查清单,环境保护措施监督检查清单、监督检查清单,环境保护措施监督检查清单、监督检查清单,...........39 五、环境保护措施监督检查清单................................................,...........39 五、环境保护措施监督检查清单................................................,关键词已对应，待人工核验数值与字段归属,,
149_佛山市顺德区建德包装实业有限公司搬迁扩建项目_01_受理公告或公示版,项目基本情况,建设地点、总投资、环保投资,建设地点、总投资、环保投资,限公司 法人代表：麦智亨 （2）建设地点及四至 佛山市顺德区建德包装实业有限公司拟搬迁至广东省佛山市顺德区杏坛镇昌教村 昌教工业园十路 2 号。搬迁扩建,限公司 法人代表：麦智亨 （2）建设地点及四至 佛山市顺德区建德包装实业有限公司拟搬迁至广东省佛山市顺德区杏坛镇昌教村 昌教工业园十路 2 号。搬迁扩建,关键词已对应，待人工核验数值与字段归属,,
149_佛山市顺德区建德包装实业有限公司搬迁扩建项目_01_受理公告或公示版,产品与产量,产品方案、主要产品、年产,产品方案、主要产品、年产, 20170041，批准规模为：年产保护纸 3600 万米、保护膜 5800 吨，并于 2017 年 8 月 1 日通过环保竣工验收。 2018 年 1, 20170041，批准规模为：年产保护纸 3600 万米、保护膜 5800 吨，并于 2017 年 8 月 1 日通过环保竣工验收。 2018 年 1,关键词已对应，待人工核验数值与字段归属,,
149_佛山市顺德区建德包装实业有限公司搬迁扩建项目_01_受理公告或公示版,原辅材料,主要原辅材料、原辅材料、辅料,主要原辅材料、原辅材料、辅料,7 2.3 搬迁扩建前项目产品、原辅材料及生产设备 .............................................. 78 ,7 2.3 搬迁扩建前项目产品、原辅材料及生产设备 .............................................. 78 ,关键词已对应，待人工核验数值与字段归属,,
149_佛山市顺德区建德包装实业有限公司搬迁扩建项目_01_受理公告或公示版,生产设备,主要生产设备、设备名称、生产设施,主要生产设备、设备名称、生产设施,度不高于相应 的排放限值；车间或生产设施排气中 NMHC 初始排放速率≥3 kg/h 时， 建设 VOCs 处理设施且处理效率≥ 80%； b）厂区内无,度不高于相应 的排放限值；车间或生产设施排气中 NMHC 初始排放速率≥3 kg/h 时， 建设 VOCs 处理设施且处理效率≥ 80%； b）厂区内无,关键词已对应，待人工核验数值与字段归属,,
149_佛山市顺德区建德包装实业有限公司搬迁扩建项目_01_受理公告或公示版,工艺与产污,工艺流程、生产工艺、产污环节,工艺流程、生产工艺、产污环节,. 78 2.4 搬迁扩建前工程生产工艺流程 .....................................................,. 78 2.4 搬迁扩建前工程生产工艺流程 .....................................................,关键词已对应，待人工核验数值与字段归属,,
149_佛山市顺德区建德包装实业有限公司搬迁扩建项目_01_受理公告或公示版,源强与定量核算,产生量、排放量、收集效率,产生量、排放量、收集效率,功能的产业发展。新建 VOCs 排放量 大的企业入工业园区并符合园区相应规划 要求。 根据《杏坛镇南城区控制性详 细规划》，项目用地属于工业 用地。本项,功能的产业发展。新建 VOCs 排放量 大的企业入工业园区并符合园区相应规划 要求。 根据《杏坛镇南城区控制性详 细规划》，项目用地属于工业 用地。本项,关键词已对应，待人工核验数值与字段归属,,
149_佛山市顺德区建德包装实业有限公司搬迁扩建项目_01_受理公告或公示版,废气治理,废气治理、废气收集、活性炭,废气治理、废气收集、活性炭,程中，应采取废气收 集措施，提高废气收集效率，减少废气的无 组织排放与逸散。 吹膜废气收集后通过“活性炭 吸附+催化燃烧”废气处理设 施进行处理，处理达,程中，应采取废气收 集措施，提高废气收集效率，减少废气的无 组织排放与逸散。 吹膜废气收集后通过“活性炭 吸附+催化燃烧”废气处理设 施进行处理，处理达,关键词已对应，待人工核验数值与字段归属,,
149_佛山市顺德区建德包装实业有限公司搬迁扩建项目_01_受理公告或公示版,固废与危险废物,危险废物、固体废物、危废暂存,危险废物、固体废物、危废暂存,.... 278 5.5 营运期固体废物环境影响评价 .................................................,.... 278 5.5 营运期固体废物环境影响评价 .................................................,关键词已对应，待人工核验数值与字段归属,,
149_佛山市顺德区建德包装实业有限公司搬迁扩建项目_01_受理公告或公示版,总量与执行标准,总量控制、总量指标、执行标准,总量控制、总量指标、执行标准, 9.4 污染源排放清单及污染物总量指标建议 .................................................... , 9.4 污染源排放清单及污染物总量指标建议 .................................................... ,关键词已对应，待人工核验数值与字段归属,,
149_佛山市顺德区建德包装实业有限公司搬迁扩建项目_01_受理公告或公示版,监督检查清单,,,,,原文未自动定位，待人工确认,,
150_浙江宏昌电器科技股份有限公司佛山分公司新建项目_01_受理公告或公示版,项目基本情况,建设项目名称、建设地点、总投资,建设项目名称、建设地点、总投资,00 1 一、建设项目基本情况 建设项目名称 浙江宏昌电器科技股份有限公司佛山分公司新建项目 项目代码 无 建设单位联系 人 周治龙 联系方式 1379,6页 1 一、建设项目基本情况 建设项目名称 浙江宏昌电器科技股份有限公司佛山分公司新建项目 项目代码 无 建设单位联系 人 周治龙 联系方式 1379,关键词已对应，待人工核验数值与字段归属,,
150_浙江宏昌电器科技股份有限公司佛山分公司新建项目_01_受理公告或公示版,产品与产量,产品方案、主要产品、产品名称,产品方案、主要产品、产品名称,按要求编写环境影响报告表。 2.产品方案 根据建设单位提供的资料，本项目的产品产量见表 2-1。 表 2-1 产品产能一览表 产品类型 年产量 备注 洗,按要求编写环境影响报告表。 2.产品方案 根据建设单位提供的资料，本项目的产品产量见表 2-1。 表 2-1 产品产能一览表 产品类型 年产量 备注 洗,关键词已对应，待人工核验数值与字段归属,,
150_浙江宏昌电器科技股份有限公司佛山分公司新建项目_01_受理公告或公示版,原辅材料,主要原辅材料、原辅材料,主要原辅材料、原辅材料,P塑料粒，不属于高 VOCs含量原辅材料。项目 注塑、热合工序产生的非甲 烷总烃收集后经活性炭处 理后高空排放。 符合 3.与《挥发性有机物（VOCs）,P塑料粒，不属于高 VOCs含量原辅材料。项目 注塑、热合工序产生的非甲 烷总烃收集后经活性炭处 理后高空排放。 符合 3.与《挥发性有机物（VOCs）,关键词已对应，待人工核验数值与字段归属,,
150_浙江宏昌电器科技股份有限公司佛山分公司新建项目_01_受理公告或公示版,生产设备,主要生产设备、设备名称、生产设施,主要生产设备、设备名称、生产设施,量 产品规定的除外 本项目车间或生产设施排 气中 NMHC 初始排放速率 小于 3kg/h。 符合 6.与《重点行业挥发性有机物综合治理方案》的通知（环,量 产品规定的除外 本项目车间或生产设施排 气中 NMHC 初始排放速率 小于 3kg/h。 符合 6.与《重点行业挥发性有机物综合治理方案》的通知（环,关键词已对应，待人工核验数值与字段归属,,
150_浙江宏昌电器科技股份有限公司佛山分公司新建项目_01_受理公告或公示版,工艺与产污,工艺流程、生产工艺、产污节点,工艺流程、生产工艺、产污节点,采购清单。鼓励重点行 业企业开展生产工艺和设备 水性化改造，推广使用水性、 高固体分、无溶剂、粉末等低 VOCs 含量涂料。 本项目不涉及高 VOCs ,采购清单。鼓励重点行 业企业开展生产工艺和设备 水性化改造，推广使用水性、 高固体分、无溶剂、粉末等低 VOCs 含量涂料。 本项目不涉及高 VOCs ,关键词已对应，待人工核验数值与字段归属,,
150_浙江宏昌电器科技股份有限公司佛山分公司新建项目_01_受理公告或公示版,源强与定量核算,产生量、排放量、收集效率,产生量、排放量、收集效率,..... 71 建设项目污染物排放量汇总表 .....................................................,..... 71 建设项目污染物排放量汇总表 .....................................................,关键词已对应，待人工核验数值与字段归属,,
150_浙江宏昌电器科技股份有限公司佛山分公司新建项目_01_受理公告或公示版,废气治理,废气治理、废气收集、活性炭,废气治理、废气收集、活性炭,程中会产生一定量的有机废气，有机废气治理与 地区的治理政策符合性分析见下表。 3 表 1-1 项目与有机污染物治理政策的相符性 序号 政策要求 工程内容,程中会产生一定量的有机废气，有机废气治理与 地区的治理政策符合性分析见下表。 第8页 3 表 1-1 项目与有机污染物治理政策的相符性 序号 政策要求 ,关键词已对应，待人工核验数值与字段归属,,
150_浙江宏昌电器科技股份有限公司佛山分公司新建项目_01_受理公告或公示版,固废与危险废物,危险废物、固体废物,危险废物、固体废物, 高排气筒 DA001 排放。 固体废物 生活垃圾集中堆放，委托环卫部门及时清运处置；一般工业固废进 行统一收集后外售，厂区内有固定的固废堆放处；危险废, 高排气筒 DA001 排放。 固体废物 生活垃圾集中堆放，委托环卫部门及时清运处置；一般工业固废进 行统一收集后外售，厂区内有固定的固废堆放处；危险废,关键词已对应，待人工核验数值与字段归属,,
150_浙江宏昌电器科技股份有限公司佛山分公司新建项目_01_受理公告或公示版,总量与执行标准,总量控制、总量指标、执行标准,总量控制、总量指标、执行标准, 为 0.818t/a，VOCs总量指标由 顺德区分配划拨。 符合 4 放量规模需要总量替代的，由 本级生态环境主管部门自行 确定范围，并按照要求审核总, 为 0.818t/a，VOCs总量指标由 顺德区分配划拨。 符合 第9页 4 放量规模需要总量替代的，由 本级生态环境主管部门自行 确定范围，并按照要,关键词已对应，待人工核验数值与字段归属,,
150_浙江宏昌电器科技股份有限公司佛山分公司新建项目_01_受理公告或公示版,监督检查清单,环境保护措施监督检查清单、监督检查清单,环境保护措施监督检查清单、监督检查清单,.......... 32 五、环境保护措施监督检查清单 ...............................................,.......... 32 五、环境保护措施监督检查清单 ...............................................,关键词已对应，待人工核验数值与字段归属,,
151_佛山市智枞电器制造有限公司扩建项目_01_受理公告或公示版,项目基本情况,建设项目名称、建设地点、总投资,建设项目名称、建设地点、总投资,声明 1 一、建设项目基本情况 建设项目名称 佛山市智枞电器制造有限公司扩建项目 项目代码 无 建设单位联系人 王** 联系方式 131926*****,6页 1 一、建设项目基本情况 建设项目名称 佛山市智枞电器制造有限公司扩建项目 项目代码 无 建设单位联系人 王** 联系方式 131926*****,关键词已对应，待人工核验数值与字段归属,,
151_佛山市智枞电器制造有限公司扩建项目_01_受理公告或公示版,产品与产量,产品方案、主要产品,产品方案、主要产品,距离衰减等措施削减。 不变 2、主要产品及产能 表 2-2 项目扩建前后产品方案一览表 序号 名称 扩建前产量 增减量 扩建后产量 单位 备注 1 钢板,距离衰减等措施削减。 不变 2、主要产品及产能 表 2-2 项目扩建前后产品方案一览表 序号 名称 扩建前产量 增减量 扩建后产量 单位 备注 1 钢板,关键词已对应，待人工核验数值与字段归属,,
151_佛山市智枞电器制造有限公司扩建项目_01_受理公告或公示版,原辅材料,主要原辅材料、原辅材料、原料名称,主要原辅材料、原辅材料、原料名称,制新建生产 和使用高挥发性有机物原辅材料项 目，优先开展低 VOCs 含量原辅材料 替代，强化无组织排放控制。原则上 不再新建、扩建新增氮氧化物、烟（粉,制新建生产 和使用高挥发性有机物原辅材料项 目，优先开展低 VOCs 含量原辅材料 替代，强化无组织排放控制。原则上 不再新建、扩建新增氮氧化物、烟（粉,关键词已对应，待人工核验数值与字段归属,,
151_佛山市智枞电器制造有限公司扩建项目_01_受理公告或公示版,生产设备,主要生产设备、设备名称、生产设施,主要生产设备、设备名称、生产设施,度不高于相应的排放限值； 车间或生产设施排气中 NMHC 初始排放速率≥3kg/h 时，建设 VOCs 处理设施且处理效率≥ 80%； b）厂区内无组织,度不高于相应的排放限值； 车间或生产设施排气中 NMHC 初始排放速率≥3kg/h 时，建设 VOCs 处理设施且处理效率≥ 80%； b）厂区内无组织,关键词已对应，待人工核验数值与字段归属,,
151_佛山市智枞电器制造有限公司扩建项目_01_受理公告或公示版,工艺与产污,工艺流程、生产工艺、产污环节,工艺流程、生产工艺、产污环节,强无组织排放控制。推进 使用先进生产工艺。通过采用全 密闭、连续化、自动化等生产技 术，以及高效工艺与设备等，减 少工艺过程无组织排放。挥发性 有机液体,强无组织排放控制。推进 使用先进生产工艺。通过采用全 密闭、连续化、自动化等生产技 术，以及高效工艺与设备等，减 少工艺过程无组织排放。挥发性 有机液体,关键词已对应，待人工核验数值与字段归属,,
151_佛山市智枞电器制造有限公司扩建项目_01_受理公告或公示版,源强与定量核算,污染源强、产生量、排放量,污染源强、产生量、排放量,..... 69 建设项目污染物排放量汇总表 .....................................................,..... 69 建设项目污染物排放量汇总表 .....................................................,关键词已对应，待人工核验数值与字段归属,,
151_佛山市智枞电器制造有限公司扩建项目_01_受理公告或公示版,废气治理,废气治理、废气收集、活性炭,废气治理、废气收集、活性炭,装袋封装。 符合 3.3 50-废气收集-废气收集系统的输 送管道应密闭。废气收集系统应 在负压下运行，若处于正压状 态，应对管道组件的密封垫进 行泄漏,装袋封装。 符合 3.3 50-废气收集-废气收集系统的输 送管道应密闭。废气收集系统应 在负压下运行，若处于正压状 态，应对管道组件的密封垫进 行泄漏,关键词已对应，待人工核验数值与字段归属,,
151_佛山市智枞电器制造有限公司扩建项目_01_受理公告或公示版,固废与危险废物,危险废物、固体废物,危险废物、固体废物,及产品暂存区、办公室、卫生 间、危险废物暂存区及一般固废 暂存区 项目所在建筑物为9层建筑，总 高度为55.2m，本项目位于建筑 物第7层，单层高5.9,及产品暂存区、办公室、卫生 间、危险废物暂存区及一般固废 暂存区 项目所在建筑物为9层建筑，总 高度为55.2m，本项目位于建筑 物第7层，单层高5.9,关键词已对应，待人工核验数值与字段归属,,
151_佛山市智枞电器制造有限公司扩建项目_01_受理公告或公示版,总量与执行标准,总量控制、总量指标、执行标准,总量控制、总量指标、执行标准,水应执行《城镇污水处理厂污 染物排放标准》（GB18918-2002）一 级 A 标准及《广东省水污染物排放 限值》（DB44/26 -2001）的较严,水应执行《城镇污水处理厂污 染物排放标准》（GB18918-2002）一 级 A 标准及《广东省水污染物排放 限值》（DB44/26 -2001）的较严,关键词已对应，待人工核验数值与字段归属,,
151_佛山市智枞电器制造有限公司扩建项目_01_受理公告或公示版,监督检查清单,环境保护措施监督检查清单、监督检查清单,环境保护措施监督检查清单、监督检查清单,.......... 41 五、环境保护措施监督检查清单 ...............................................,.......... 41 五、环境保护措施监督检查清单 ...............................................,关键词已对应，待人工核验数值与字段归属,,
152_广东图特精密五金科技股份有限公司智能制造基地建设项目重新报_01_受理公告或公示版,项目基本情况,建设项目名称、建设地点、总投资,建设项目名称、建设地点、总投资,82 1 一、建设项目基本情况 建设项目名称 广东图特精密五金科技股份有限公司智能制造基地建设项目重新报 批 项目代码 无 建设单位联系人 *** 联系,6页 1 一、建设项目基本情况 建设项目名称 广东图特精密五金科技股份有限公司智能制造基地建设项目重新报 批 项目代码 无 建设单位联系人 *** 联系,关键词已对应，待人工核验数值与字段归属,,
152_广东图特精密五金科技股份有限公司智能制造基地建设项目重新报_01_受理公告或公示版,产品与产量,产品方案、主要产品、产品名称,产品方案、主要产品、产品名称,属于金属制品业、 塑料制品业， 年产缓冲铰链5 亿个、 移门及配件 1000 万套、 滑轨 1750 万套、 衣 （橱） 柜收纳系统400 万套。不属于,属于金属制品业、 塑料制品业， 年产缓冲铰链5 亿个、 移门及配件 1000 万套、 滑轨 1750 万套、 衣 （橱） 柜收纳系统400 万套。不属于,关键词已对应，待人工核验数值与字段归属,,
152_广东图特精密五金科技股份有限公司智能制造基地建设项目重新报_01_受理公告或公示版,原辅材料,主要原辅材料、原辅材料、原料名称,主要原辅材料、原辅材料、原料名称,...... 153 附件 4 原辅材料 MSDS ................................ .................,...... 153 附件 4 原辅材料 MSDS ................................ .................,关键词已对应，待人工核验数值与字段归属,,
152_广东图特精密五金科技股份有限公司智能制造基地建设项目重新报_01_受理公告或公示版,生产设备,设备名称、生产设施,设备名称、生产设施,柜子的配件。 3、主要生产工艺、生产设施、设施参数 本项目主要生产工艺、生产设施、设施参数及计量单位见下表。 表 2-4 项目主要生产工艺、生产设施、设,柜子的配件。 3、主要生产工艺、生产设施、设施参数 本项目主要生产工艺、生产设施、设施参数及计量单位见下表。 表 2-4 项目主要生产工艺、生产设施、设,关键词已对应，待人工核验数值与字段归属,,
152_广东图特精密五金科技股份有限公司智能制造基地建设项目重新报_01_受理公告或公示版,工艺与产污,工艺流程、生产工艺、产污环节,工艺流程、生产工艺、产污环节,合 4.2 鼓励重点行业企业开展生产工艺 项目使用的原辅材料有 符合 11 和设备水性化改造，推广使用水 性、高固体分、无溶剂、粉末等低 VOCs 含量,合 4.2 鼓励重点行业企业开展生产工艺 项目使用的原辅材料有 符合 第16页 11 和设备水性化改造，推广使用水 性、高固体分、无溶剂、粉末等低 VO,关键词已对应，待人工核验数值与字段归属,,
152_广东图特精密五金科技股份有限公司智能制造基地建设项目重新报_01_受理公告或公示版,源强与定量核算,产生量、排放量、收集效率,产生量、排放量、收集效率,新增氮氧化物、 烟 （粉） 尘 排放量较大的建设项目 1-8.【土壤/禁止类】 禁止新建、 扩建增 加重点防控的重金属污染物排放的建 设项目。 活污水处,新增氮氧化物、 烟 （粉） 尘 排放量较大的建设项目 1-8.【土壤/禁止类】 禁止新建、 扩建增 加重点防控的重金属污染物排放的建 设项目。 活污水处,关键词已对应，待人工核验数值与字段归属,,
152_广东图特精密五金科技股份有限公司智能制造基地建设项目重新报_01_受理公告或公示版,废气治理,废气治理、废气收集、活性炭,废气治理、废气收集、活性炭,材料的项目，鼓励 建设共性工厂、活性炭集中 再生中心等挥发性有机物第 三方治理项目，推动挥发性 有机物集中高效处理。 项目不属于水泥、平板玻 璃、 化学,材料的项目，鼓励 建设共性工厂、活性炭集中 再生中心等挥发性有机物第 三方治理项目，推动挥发性 有机物集中高效处理。 项目不属于水泥、平板玻 璃、 化学,关键词已对应，待人工核验数值与字段归属,,
152_广东图特精密五金科技股份有限公司智能制造基地建设项目重新报_01_受理公告或公示版,固废与危险废物,危险废物、固体废物、危废暂存,危险废物、固体废物、危废暂存,建项目实 施减量替代。 大力推进固体废物源头减 量化、资源化利用和无害 化处置，稳步推进“无废城 市”试点建设。 项目属于重新报批项目， 项目生活污水经,建项目实 施减量替代。 大力推进固体废物源头减 量化、资源化利用和无害 化处置，稳步推进“无废城 市”试点建设。 项目属于重新报批项目， 项目生活污水经,关键词已对应，待人工核验数值与字段归属,,
152_广东图特精密五金科技股份有限公司智能制造基地建设项目重新报_01_受理公告或公示版,总量与执行标准,总量控制、总量指标、执行标准,总量控制、总量指标、执行标准,尾水达到《城镇污 水处理厂污染物排放标准 （GB18918-2002）一级 A 标准及广东省地方标准 《水污染物排放限值》 （DB44/26-2001）,尾水达到《城镇污 水处理厂污染物排放标准 （GB18918-2002）一级 A 标准及广东省地方标准 《水污染物排放限值》 （DB44/26-2001）,关键词已对应，待人工核验数值与字段归属,,
152_广东图特精密五金科技股份有限公司智能制造基地建设项目重新报_01_受理公告或公示版,监督检查清单,环境保护措施监督检查清单、监督检查清单,环境保护措施监督检查清单、监督检查清单,.......... 84 五、环境保护措施监督检查清单 ................................ ..............,.......... 84 五、环境保护措施监督检查清单 ................................ ..............,关键词已对应，待人工核验数值与字段归属,,
153_佛山市全海世家新材料科技有限公司新建项目_01_报批稿或报告表,项目基本情况,建设项目名称、建设地点、总投资,建设项目名称、建设地点、总投资, 110 一、建设项目基本情况 建设项目名称 | 佛山市全海世家新材料科技有限公司新建项目 项目代码 | / 建设单位联系人 | 欧桂香 | 联系方式 ,同110 一、建设项目基本情况 建设项目名称 佛山市全海世家新材料科技有限公司新建项目 项目代码 / 建设单位联系人 欧桂香 联系方式 13018569,关键词已对应，待人工核验数值与字段归属,,
153_佛山市全海世家新材料科技有限公司新建项目_01_报批稿或报告表,产品与产量,产品方案、主要产品、年产,产品方案、主要产品、年产,元，占地面积7776.8平方米，年产挤塑板300万平方米、改性塑料粒1000吨。 2、总图布置及四至情况 佛山市全海世家新材料科技有限公司新建项目位于佛,元，占地面积7776.8平方米，年产挤塑板300万平方米、改性塑料粒1000吨。2、总图布置及四至情况佛山市全海世家新材料科技有限公司新建项目位于佛山市,关键词已对应，待人工核验数值与字段归属,,
153_佛山市全海世家新材料科技有限公司新建项目_01_报批稿或报告表,原辅材料,主要原辅材料、原辅材料、辅料,主要原辅材料、原辅材料、辅料,覆胶属于鼓励使用的低VOCs含量原辅材料，符合政策要求。符合1.2第四十五条 产生含挥发性有机物废气的生产和服务活动，应当在密闭空间或者设备中进行，并按,覆胶属于鼓励使用的低VOCs含量原辅材料，符合政策要求。 符合1. 2第四十五条 产生含挥发性有机物废气的生产和服务活动，应当在密闭空间或者设备中进行，,关键词已对应，待人工核验数值与字段归属,,
153_佛山市全海世家新材料科技有限公司新建项目_01_报批稿或报告表,生产设备,主要生产设备、设备名称、生产设施,主要生产设备、设备名称、生产设施,清单 根据建设单位提供资料，项目主要生产设备如下表所示。表2-9 项目主要生产设备一览表序号设备名称型号规格参数数量单位使用工序位置混料机50kg/h1,备清单根据建设单位提供资料，项目主要生产设备如下表所示。表2-9 项目主要生产设备一览表序号设备名称型号规格参数数量单位使用工序位置混料机50kg/h1,关键词已对应，待人工核验数值与字段归属,,
153_佛山市全海世家新材料科技有限公司新建项目_01_报批稿或报告表,工艺与产污,工艺流程、生产工艺、产污环节,工艺流程、生产工艺、产污环节,色采购清单。鼓励重点行业企业开展生产工艺和设备水性化改造，推广使用水性、高固体分、无溶剂、粉末等低VOCs含量涂料。本项目使用的包覆胶属于鼓励使用的低V,采购清单。 鼓励重点行业企业开展生产工艺和设备水性化改造，推广使用水性、高固体分、无溶剂、粉末等低VOCs含量涂料。 本项目使用的包覆胶属于鼓励使用的低,关键词已对应，待人工核验数值与字段归属,,
153_佛山市全海世家新材料科技有限公司新建项目_01_报批稿或报告表,源强与定量核算,污染源强、产生量、排放量,污染源强、产生量、排放量,70 附表 71 建设项目污染物排放量汇总表 71 附图1 地理位置图 72 附图2 总平面布置图 73 附图3 四至图及监测点位示意图 74 附图4 ,论70 附表71 建设项目污染物排放量汇总表71 附图1 地理位置图72 附图2 总平面布置图73 附图3 四至图及监测点位示意图74 附图4 敏感点分,关键词已对应，待人工核验数值与字段归属,,
153_佛山市全海世家新材料科技有限公司新建项目_01_报批稿或报告表,废气治理,废气治理、废气收集、活性炭,废气治理、废气收集、活性炭,废气经车间密闭负压收集后进入1套活性炭吸附系统处理后引至楼顶1个15米高的排气筒DA001排放，包覆废气经车间密闭负压收集后进入1套活性炭吸附系统处理后,废气经车间密闭负压收集后进入1套活性炭吸附系统处理后引至楼顶1个15米高的排气筒DA001排放，包覆废气经车间密闭负压收集后进入1套活性炭吸附系统处理后,关键词已对应，待人工核验数值与字段归属,,
153_佛山市全海世家新材料科技有限公司新建项目_01_报批稿或报告表,固废与危险废物,危险废物、固体废物、危废暂存,危险废物、固体废物、危废暂存,处理方资质佐证材料。企业严格执行危险废物转移计划报批、依法建立危险废物转移联单，并通过信息系统登记转移计划和电子转移联单。符合4.6要求建设单位需对有机,理方资质佐证材料。 企业严格执行危险废物转移计划报批、依法建立危险废物转移联单，并通过信息系统登记转移计划和电子转移联单。 符合4. 6要求建设单位需对,关键词已对应，待人工核验数值与字段归属,,
153_佛山市全海世家新材料科技有限公司新建项目_01_报批稿或报告表,总量与执行标准,总量控制、总量指标、执行标准,总量控制、总量指标、执行标准,做好重点行业建设项目挥发性有机物总量指标管理工作的通知》（佛顺环函[2019]56号）9.1涉VOCs排放项目，实现本行政区域内污染源“点对点”2倍量削,做好重点行业建设项目挥发性有机物总量指标管理工作的通知》（佛顺环函[2019]56号）9. 1涉VOCs排放项目，实现本行政区域内污染源“点对点”2倍量,关键词已对应，待人工核验数值与字段归属,,
153_佛山市全海世家新材料科技有限公司新建项目_01_报批稿或报告表,监督检查清单,环境保护措施监督检查清单、监督检查清单,环境保护措施监督检查清单、监督检查清单,要环境影响和保护措施 28 五、环境保护措施监督检查清单 68 六、结论 70 附表 71 建设项目污染物排放量汇总表 71 附图1 地理位置图 72 ,主要环境影响和保护措施28 五、环境保护措施监督检查清单68 六、结论70 附表71 建设项目污染物排放量汇总表71 附图1 地理位置图72 附图2 总,关键词已对应，待人工核验数值与字段归属,,
153_佛山市全海世家新材料科技有限公司新建项目_02_报批稿或报告表,项目基本情况,建设项目名称、建设地点、总投资,建设项目名称、建设地点、总投资,12 1 一、建设项目基本情况 建设项目名称 佛山市全海世家新材料科技有限公司新建项目 项目代码 / 建设单位联系人 欧桂香 联系方式 13018569,5页 1 一、建设项目基本情况 建设项目名称 佛山市全海世家新材料科技有限公司新建项目 项目代码 / 建设单位联系人 欧桂香 联系方式 13018569,关键词已对应，待人工核验数值与字段归属,,
153_佛山市全海世家新材料科技有限公司新建项目_02_报批稿或报告表,产品与产量,产品方案、主要产品、年产,产品方案、主要产品、年产,地面 积 7776.8 平方米，年产挤塑板 300 万平方米、改性塑料粒 1000 吨。 2、总图布置及四至情况 佛山市全海世家新材料科技有限公司新建项,地面 积 7776.8 平方米，年产挤塑板 300 万平方米、改性塑料粒 1000 吨。 2、总图布置及四至情况 佛山市全海世家新材料科技有限公司新建项,关键词已对应，待人工核验数值与字段归属,,
153_佛山市全海世家新材料科技有限公司新建项目_02_报批稿或报告表,原辅材料,主要原辅材料、原辅材料、辅料,主要原辅材料、原辅材料、辅料, 励使 用 的低 VOCs 含量原辅材料， 符合政策要求。 符合 3 1.2 第四十五条 产生含挥发性有机物废气 的生产和服务活动，应当在密闭空间或 者, 励使 用 的低 VOCs 含量原辅材料， 符合政策要求。 符合 第7页 3 1.2 第四十五条 产生含挥发性有机物废气 的生产和服务活动，应当在密闭空,关键词已对应，待人工核验数值与字段归属,,
153_佛山市全海世家新材料科技有限公司新建项目_02_报批稿或报告表,生产设备,主要生产设备、设备名称、生产设施,主要生产设备、设备名称、生产设施,清单 根据建设单位提供资料，项目主要生产设备如下表所示。 表 2-9 项目主要生产设备一览表 序号 设备名称 型号 规格参数 数量 单位 使用工序 位置,清单 根据建设单位提供资料，项目主要生产设备如下表所示。 表 2-9 项目主要生产设备一览表 序号 设备名称 型号 规格参数 数量 单位 使用工序 位置,关键词已对应，待人工核验数值与字段归属,,
153_佛山市全海世家新材料科技有限公司新建项目_02_报批稿或报告表,工艺与产污,工艺流程、生产工艺、产污环节,工艺流程、生产工艺、产污环节,采购清单。 鼓励重点行业企业开展生产工艺和设备 水性化改造，推广使用水性、高固体分、 无溶剂、粉末等低 VOCs 含量涂料。 本项目使用的包覆胶属于 鼓,采购清单。 鼓励重点行业企业开展生产工艺和设备 水性化改造，推广使用水性、高固体分、 无溶剂、粉末等低 VOCs 含量涂料。 本项目使用的包覆胶属于 鼓,关键词已对应，待人工核验数值与字段归属,,
153_佛山市全海世家新材料科技有限公司新建项目_02_报批稿或报告表,源强与定量核算,污染源强、产生量、排放量,污染源强、产生量、排放量,......73 建设项目污染物排放量汇总表 .....................................................,......73 建设项目污染物排放量汇总表 .....................................................,关键词已对应，待人工核验数值与字段归属,,
153_佛山市全海世家新材料科技有限公司新建项目_02_报批稿或报告表,废气治理,废气治理、废气收集、活性炭,废气治理、废气收集、活性炭, 密闭 负压 收集后进入 1 套活性炭吸附 系统处理后引至楼顶 1 个 15 米高的排气筒 DA001 排放， 包 覆废 气经 车间 密闭 负压 收集后, 密闭 负压 收集后进入 1 套活性炭吸附 系统处理后引至楼顶 1 个 15 米高的排气筒 DA001 排放， 包 覆废 气经 车间 密闭 负压 收集后,关键词已对应，待人工核验数值与字段归属,,
153_佛山市全海世家新材料科技有限公司新建项目_02_报批稿或报告表,固废与危险废物,危险废物、固体废物、危废暂存,危险废物、固体废物、危废暂存,理方资质佐证材料。 企业严格执行危险废物转 移计划报批、依法建立危险 废物转移联单，并通过信息 系统登记转移计划和电子 转移联单。 符合 4.6 要求建,理方资质佐证材料。 企业严格执行危险废物转 移计划报批、依法建立危险 废物转移联单，并通过信息 系统登记转移计划和电子 转移联单。 符合 4.6 要求建,关键词已对应，待人工核验数值与字段归属,,
153_佛山市全海世家新材料科技有限公司新建项目_02_报批稿或报告表,总量与执行标准,总量控制、总量指标、执行标准,总量控制、总量指标、执行标准, 目所在镇街分局出具 VOCs 总量指标来 源及替代削减方案的意见，开展总量替 代。 项目 VOCs 排放总量指标为 5.154t/a，从镇街总量列支 , 目所在镇街分局出具 VOCs 总量指标来 源及替代削减方案的意见，开展总量替 代。 项目 VOCs 排放总量指标为 5.154t/a，从镇街总量列支 ,关键词已对应，待人工核验数值与字段归属,,
153_佛山市全海世家新材料科技有限公司新建项目_02_报批稿或报告表,监督检查清单,环境保护措施监督检查清单、监督检查清单,环境保护措施监督检查清单、监督检查清单,...........29 五、环境保护措施监督检查清单 ...............................................,...........29 五、环境保护措施监督检查清单 ...............................................,关键词已对应，待人工核验数值与字段归属,,
153_佛山市全海世家新材料科技有限公司新建项目_03_报批稿或报告表,项目基本情况,,,,,原文未自动定位，待人工确认,,
153_佛山市全海世家新材料科技有限公司新建项目_03_报批稿或报告表,产品与产量,,,,,原文未自动定位，待人工确认,,
153_佛山市全海世家新材料科技有限公司新建项目_03_报批稿或报告表,原辅材料,,,,,原文未自动定位，待人工确认,,
153_佛山市全海世家新材料科技有限公司新建项目_03_报批稿或报告表,生产设备,,,,,原文未自动定位，待人工确认,,
153_佛山市全海世家新材料科技有限公司新建项目_03_报批稿或报告表,工艺与产污,,,,,原文未自动定位，待人工确认,,
153_佛山市全海世家新材料科技有限公司新建项目_03_报批稿或报告表,源强与定量核算,,,,,原文未自动定位，待人工确认,,
153_佛山市全海世家新材料科技有限公司新建项目_03_报批稿或报告表,废气治理,,,,,原文未自动定位，待人工确认,,
153_佛山市全海世家新材料科技有限公司新建项目_03_报批稿或报告表,固废与危险废物,,,,,原文未自动定位，待人工确认,,
153_佛山市全海世家新材料科技有限公司新建项目_03_报批稿或报告表,总量与执行标准,,,,,原文未自动定位，待人工确认,,
153_佛山市全海世家新材料科技有限公司新建项目_03_报批稿或报告表,监督检查清单,,,,,原文未自动定位，待人工确认,,
154_佛山辰僖塑料有限公司新建项目_01_报批稿或报告表,项目基本情况,建设项目名称、建设地点、总投资,建设项目名称、建设地点、总投资,区排水证 一、建设项目基本情况 建设项目名称 | 佛山辰僖塑料有限公司新建项目 项目代码 | 无 建设单位联系人 | 周钜辉 | 联系方式 | 1508,区排水证 一、建设项目基本情况 建设项目名称 佛山辰僖塑料有限公司新建项目 项目代码 无 建设单位联系人 周钜辉 联系方式 15088042604 建设,关键词已对应，待人工核验数值与字段归属,,
154_佛山辰僖塑料有限公司新建项目_01_报批稿或报告表,产品与产量,主要产品、产品名称、年产,主要产品、产品名称、年产,4）。项目主要生产塑料制品，预计年产塑料瓶350万个、塑料盖350万套；项目主要生产工艺为注塑、吹瓶、过火、丝网印刷工艺等。 根据《建设项目环境影响评价,）。 项目主要生产塑料制品，预计年产塑料瓶350万个、塑料盖350万套； 项目主要生产工艺为注塑、吹瓶、过火、丝网印刷工艺等。 根据《建设项目环境影响评,关键词已对应，待人工核验数值与字段归属,,
154_佛山辰僖塑料有限公司新建项目_01_报批稿或报告表,原辅材料,主要原辅材料、原辅材料、原料名称,主要原辅材料、原辅材料、原料名称,、清洗剂、胶黏剂等高挥发性有机物原辅材料项目，鼓励现有该类项目搬迁退出。 1-4.【大气/鼓励引导类】大气环境高排放重点管控区内，应强化达标监管，引导工,、清洗剂、胶黏剂等高挥发性有机物原辅材料项目，鼓励现有该类项目搬迁退出。 1-4. 【大气/鼓励引导类】大气环境高排放重点管控区内，应强化达标监管，引导,关键词已对应，待人工核验数值与字段归属,,
154_佛山辰僖塑料有限公司新建项目_01_报批稿或报告表,生产设备,主要生产设备、设备名称、生产设施,主要生产设备、设备名称、生产设施,浓度不高于相应的排放限值；车间或生产设施排气中NMHC 初始排放速率≥3kg/h 时，建设 VOCs 处理设施且处理效率≥80%；b）厂区内无组织排放监,度不高于相应的排放限值； 车间或生产设施排气中NMHC 初始排放速率≥3kg/h 时，建设 VOCs 处理设施且处理效率≥80%； b）厂区内无组织排放,关键词已对应，待人工核验数值与字段归属,,
154_佛山辰僖塑料有限公司新建项目_01_报批稿或报告表,工艺与产污,工艺流程、生产工艺,工艺流程、生产工艺,代，加快涉 VOCs 重点行业的生产工艺升级改造，推行自动化生产工艺，对达不到要求的 VOCs 收集及治理设施进行整治提升，逐步淘汰低效 VOCs治理设,代，加快涉 VOCs 重点行业的生产工艺升级改造，推行自动化生产工艺，对达不到要求的 VOCs 收集及治理设施进行整治提升，逐步淘汰低效 VOCs治理设,关键词已对应，待人工核验数值与字段归属,,
154_佛山辰僖塑料有限公司新建项目_01_报批稿或报告表,源强与定量核算,污染源强、产生量、排放量,污染源强、产生量、排放量,61 附表 62 建设项目污染物排放量汇总表 附图1 项目地理位置图 附图2 项目所在地50m范围图 附图3 项目所在地500m环境敏感点分布图 附图4,论61 附表62 建设项目污染物排放量汇总表 附图1 项目地理位置图 附图2 项目所在地50m范围图 附图3 项目所在地500m环境敏感点分布图 附图4,关键词已对应，待人工核验数值与字段归属,,
154_佛山辰僖塑料有限公司新建项目_01_报批稿或报告表,废气治理,废气治理、废气收集、活性炭,废气治理、废气收集、活性炭,后排放至容桂第二污水处理厂。生产废气收集后经“活性炭吸附”处理后引至高空排放，不产生和排放有毒有害大气污染物项目，符合环境准入及管控要求。（2）与佛山市,排放至容桂第二污水处理厂。 生产废气收集后经“活性炭吸附”处理后引至高空排放，不产生和排放有毒有害大气污染物项目，符合环境准入及管控要求。 （2）与佛山,关键词已对应，待人工核验数值与字段归属,,
154_佛山辰僖塑料有限公司新建项目_01_报批稿或报告表,固废与危险废物,危险废物、固体废物、危废暂存,危险废物、固体废物、危废暂存,，设备做隔声、减振处理/噪声处理固体废物环保措施危废暂存间1个10m2，位于202室首层，用于暂存危险废物。一般固废储存间1个15m2，位于202室首层,，设备做隔声、减振处理/噪声处理固体废物环保措施危废暂存间1个10m2，位于202室首层，用于暂存危险废物。 一般固废储存间1个15m2，位于202室首,关键词已对应，待人工核验数值与字段归属,,
154_佛山辰僖塑料有限公司新建项目_01_报批稿或报告表,总量与执行标准,总量控制、总量指标、执行标准,总量控制、总量指标、执行标准,尾水应执行《城镇污水处理厂污染物排放标准》（GB18918-2002）一级 A 标准及《广东省水污染物排放限值》 （DB44/26-2001）的较严值。,尾水应执行《城镇污水处理厂污染物排放标准》（GB18918-2002）一级 A 标准及《广东省水污染物排放限值》 （DB44/26-2001）的较严值。,关键词已对应，待人工核验数值与字段归属,,
154_佛山辰僖塑料有限公司新建项目_01_报批稿或报告表,监督检查清单,环境保护措施监督检查清单、监督检查清单,环境保护措施监督检查清单、监督检查清单,要环境影响和保护措施 30 五、环境保护措施监督检查清单 58 六、结论 61 附表 62 建设项目污染物排放量汇总表 附图1 项目地理位置图 附图2 ,主要环境影响和保护措施30 五、环境保护措施监督检查清单58 六、结论61 附表62 建设项目污染物排放量汇总表 附图1 项目地理位置图 附图2 项目所,关键词已对应，待人工核验数值与字段归属,,
154_佛山辰僖塑料有限公司新建项目_02_报批稿或报告表,项目基本情况,建设项目名称、建设地点、总投资,建设项目名称、建设地点、总投资, 1 — 一、建设项目基本情况 建设项目名称 佛山辰僖塑料有限公司新建项目 项目代码 无 建设单位联系人 周钜辉 联系方式 15088042604 建设, 1 — 一、建设项目基本情况 建设项目名称 佛山辰僖塑料有限公司新建项目 项目代码 无 建设单位联系人 周钜辉 联系方式 15088042604 建设,关键词已对应，待人工核验数值与字段归属,,
154_佛山辰僖塑料有限公司新建项目_02_报批稿或报告表,产品与产量,主要产品、年产,主要产品、年产,4）。项目主要生产塑料制品，预计年产塑料瓶 350 万个、塑料盖 350 万套； 项目主要生产工艺为注塑、吹瓶、过火、丝网印刷工艺等。 根据《建设项目环,4）。项目主要生产塑料制品，预计年产塑料瓶 350 万个、塑料盖 350 万套； 项目主要生产工艺为注塑、吹瓶、过火、丝网印刷工艺等。 根据《建设项目环,关键词已对应，待人工核验数值与字段归属,,
154_佛山辰僖塑料有限公司新建项目_02_报批稿或报告表,原辅材料,主要原辅材料、原辅材料、原料名称,主要原辅材料、原辅材料、原料名称,清洗剂、胶黏 剂等高挥发性有机物原辅材料项目，鼓励现 有该类项目搬迁退出。 1-4.【大气/鼓励引导类】大气环境高排放重 点管控区内，应强化达标监管，引,清洗剂、胶黏 剂等高挥发性有机物原辅材料项目，鼓励现 有该类项目搬迁退出。 1-4.【大气/鼓励引导类】大气环境高排放重 点管控区内，应强化达标监管，引,关键词已对应，待人工核验数值与字段归属,,
154_佛山辰僖塑料有限公司新建项目_02_报批稿或报告表,生产设备,主要生产设备、设备名称、生产设施,主要生产设备、设备名称、生产设施,设备详见下表： 表 2-4 项目主要生产设备明细表 生产单 元名称 设备名称 单位 数量 设施参数/型号 能源 类型 工艺 生产单 元 混料机 台 6 ,设备详见下表： 表 2-4 项目主要生产设备明细表 生产单 元名称 设备名称 单位 数量 设施参数/型号 能源 类型 工艺 生产单 元 混料机 台 6 ,关键词已对应，待人工核验数值与字段归属,,
154_佛山辰僖塑料有限公司新建项目_02_报批稿或报告表,工艺与产污,工艺流程、生产工艺,工艺流程、生产工艺,，加快涉 VOCs 重点行业的 生产工艺升级改造，推行自动化生产工艺， 对达不到要求的 VOCs 收集及治理设施进 行整治提升，逐步淘汰低效 VOCs ,，加快涉 VOCs 重点行业的 生产工艺升级改造，推行自动化生产工艺， 对达不到要求的 VOCs 收集及治理设施进 行整治提升，逐步淘汰低效 VOCs ,关键词已对应，待人工核验数值与字段归属,,
154_佛山辰僖塑料有限公司新建项目_02_报批稿或报告表,源强与定量核算,污染源强、产生量、排放量,污染源强、产生量、排放量,......63 建设项目污染物排放量汇总表 附图 1 项目地理位置图 附图 2 项目所在地 50m 范围图 附图 3 项目所在地 500m 环境敏感点,......63 建设项目污染物排放量汇总表 附图 1 项目地理位置图 附图 2 项目所在地 50m 范围图 附图 3 项目所在地 500m 环境敏感点,关键词已对应，待人工核验数值与字段归属,,
154_佛山辰僖塑料有限公司新建项目_02_报批稿或报告表,废气治理,废气治理、废气收集、活性炭,废气治理、废气收集、活性炭, 排放至容桂第二污水处理厂。生产废气收集后经“活性炭吸附”处理后引至 高空排放，不产生和排放有毒有害大气污染物项目，符合环境准入及管控要 求。 （2）与, 排放至容桂第二污水处理厂。生产废气收集后经“活性炭吸附”处理后引至 高空排放，不产生和排放有毒有害大气污染物项目，符合环境准入及管控要 求。 （2）与,关键词已对应，待人工核验数值与字段归属,,
154_佛山辰僖塑料有限公司新建项目_02_报批稿或报告表,固废与危险废物,危险废物、固体废物、危废暂存,危险废物、固体废物、危废暂存,隔 声、减振处理 / 噪声处理 固体废物环 保措施 危废暂存间 1 个 10m2，位于 202 室首层，用于暂存危险废物。 一般固废储存 间 1 个 1,隔 声、减振处理 / 噪声处理 固体废物环 保措施 危废暂存间 1 个 10m2，位于 202 室首层，用于暂存危险废物。 一般固废储存 间 1 个 1,关键词已对应，待人工核验数值与字段归属,,
154_佛山辰僖塑料有限公司新建项目_02_报批稿或报告表,总量与执行标准,总量控制、总量指标、执行标准,总量控制、总量指标、执行标准,水应执行《城 镇污水处理厂污染物排放标准》 （GB18918-2002）一级 A 标准及《广东省 水污染物排放限值》 3-1.项目租用新建成厂 房。项目,水应执行《城 镇污水处理厂污染物排放标准》 （GB18918-2002）一级 A 标准及《广东省 水污染物排放限值》 3-1.项目租用新建成厂 房。项目,关键词已对应，待人工核验数值与字段归属,,
154_佛山辰僖塑料有限公司新建项目_02_报批稿或报告表,监督检查清单,环境保护措施监督检查清单、监督检查清单,环境保护措施监督检查清单、监督检查清单,.......... 30 五、环境保护措施监督检查清单 ...............................................,.......... 30 五、环境保护措施监督检查清单 ...............................................,关键词已对应，待人工核验数值与字段归属,,
154_佛山辰僖塑料有限公司新建项目_03_报批稿或报告表,项目基本情况,建设地点、总投资,建设地点、总投资,(15分) | (1)项目名称、建设地点、建设性质、规模、平面布置(附图)等介绍清楚。(2)产品方案、主要原辅材料、主要设备、公用配套工程、依托工程等介,5分) | | (1)项目名称、建设地点、建设性质、规模、平面布置(附图)等介绍清楚。(2)产品方案、主要原辅材料、主要设备、公用配套工程、依托工程等介,关键词已对应，待人工核验数值与字段归属,,
154_佛山辰僖塑料有限公司新建项目_03_报批稿或报告表,产品与产量,产品方案,产品方案,面布置(附图)等介绍清楚。(2)产品方案、主要原辅材料、主要设备、公用配套工程、依托工程等介绍清楚且与实际情况相符.(3)工艺过程(流程)描述清楚、准确,面布置(附图)等介绍清楚。(2)产品方案、主要原辅材料、主要设备、公用配套工程、依托工程等介绍清楚且与实际情况相符.(3)工艺过程(流程)描述清楚、准确,关键词已对应，待人工核验数值与字段归属,,
154_佛山辰僖塑料有限公司新建项目_03_报批稿或报告表,原辅材料,主要原辅材料、原辅材料,主要原辅材料、原辅材料,图)等介绍清楚。(2)产品方案、主要原辅材料、主要设备、公用配套工程、依托工程等介绍清楚且与实际情况相符.(3)工艺过程(流程)描述清楚、准确。(4)产,图)等介绍清楚。(2)产品方案、主要原辅材料、主要设备、公用配套工程、依托工程等介绍清楚且与实际情况相符.(3)工艺过程(流程)描述清楚、准确。(4)产,关键词已对应，待人工核验数值与字段归属,,
154_佛山辰僖塑料有限公司新建项目_03_报批稿或报告表,生产设备,生产设施,生产设施,4。第二次：1、按编制指南，补充生产设施开停炉（机）等非正常情况应分析频次、排放浓度、持续时间、排放量及措施。2、未考虑多个声源源强叠加，将一个建筑物外,4。第二次：1、按编制指南，补充生产设施开停炉（机）等非正常情况应分析频次、排放浓度、持续时间、排放量及措施。2、未考虑多个声源源强叠加，将一个建筑物外,关键词已对应，待人工核验数值与字段归属,,
154_佛山辰僖塑料有限公司新建项目_03_报批稿或报告表,工艺与产污,产污节点,产污节点,程(流程)描述清楚、准确。(4)产污节点及源强分析全面、详尽、准确，源强类比方法合理且具有代表性。改扩建项目“三本帐”清楚，现状存在的主要环境问题全面。,程(流程)描述清楚、准确。(4)产污节点及源强分析全面、详尽、准确，源强类比方法合理且具有代表性。改扩建项目“三本帐”清楚，现状存在的主要环境问题全面。,关键词已对应，待人工核验数值与字段归属,,
154_佛山辰僖塑料有限公司新建项目_03_报批稿或报告表,源强与定量核算,产生量、排放量,产生量、排放量,4-7 项目注塑、吹瓶非甲烷总烃产生量核算表”等厂界浓度计算结果的确定依据。P33~355、为计算过火工序熔融的塑料量，按油墨印刷的厚度计算不合理，P3,4-7 项目注塑、吹瓶非甲烷总烃产生量核算表”等厂界浓度计算结果的确定依据。P33~355、为计算过火工序熔融的塑料量，按油墨印刷的厚度计算不合理，P3,关键词已对应，待人工核验数值与字段归属,,
154_佛山辰僖塑料有限公司新建项目_03_报批稿或报告表,废气治理,活性炭、排气筒、风量,活性炭、排气筒、风量,确固化机的加热方式，P11。3、排气筒44米，在DB44/ 27—2001所列高度范围内，但采用外推法计算二氧化硫、氮氧化物排放速度有误，P25、P26,确固化机的加热方式，P11。3、排气筒44米，在DB44/ 27—2001所列高度范围内，但采用外推法计算二氧化硫、氮氧化物排放速度有误，P25、P26,关键词已对应，待人工核验数值与字段归属,,
154_佛山辰僖塑料有限公司新建项目_03_报批稿或报告表,固废与危险废物,危险废物、固体废物,危险废物、固体废物,，P48。核实“表4-23 项目危险废物产生情况”中In感染性的危险废物特性，遗漏核算废晒版液固体废物，P48。工业酒精、液化石油气等建议按相应风险物质,，P48。核实“表4-23 项目危险废物产生情况”中In感染性的危险废物特性，遗漏核算废晒版液固体废物，P48。工业酒精、液化石油气等建议按相应风险物质,关键词已对应，待人工核验数值与字段归属,,
154_佛山辰僖塑料有限公司新建项目_03_报批稿或报告表,总量与执行标准,排放标准,排放标准,厂界浓度低于《合成树脂工业污染物排放标准》（GB31572-2015）等标准容易引起歧义且结论不科学，因为AERSCREEN计算只是无组织排放单源排放的,厂界浓度低于《合成树脂工业污染物排放标准》（GB31572-2015）等标准容易引起歧义且结论不科学，因为AERSCREEN计算只是无组织排放单源排放的,关键词已对应，待人工核验数值与字段归属,,
154_佛山辰僖塑料有限公司新建项目_03_报批稿或报告表,监督检查清单,,,,,原文未自动定位，待人工确认,,
154_佛山辰僖塑料有限公司新建项目_04_报批稿或报告表,项目基本情况,,,,,原文未自动定位，待人工确认,,
154_佛山辰僖塑料有限公司新建项目_04_报批稿或报告表,产品与产量,,,,,原文未自动定位，待人工确认,,
154_佛山辰僖塑料有限公司新建项目_04_报批稿或报告表,原辅材料,,,,,原文未自动定位，待人工确认,,
154_佛山辰僖塑料有限公司新建项目_04_报批稿或报告表,生产设备,,,,,原文未自动定位，待人工确认,,
154_佛山辰僖塑料有限公司新建项目_04_报批稿或报告表,工艺与产污,,,,,原文未自动定位，待人工确认,,
154_佛山辰僖塑料有限公司新建项目_04_报批稿或报告表,源强与定量核算,,,,,原文未自动定位，待人工确认,,
154_佛山辰僖塑料有限公司新建项目_04_报批稿或报告表,废气治理,,,,,原文未自动定位，待人工确认,,
154_佛山辰僖塑料有限公司新建项目_04_报批稿或报告表,固废与危险废物,,,,,原文未自动定位，待人工确认,,
154_佛山辰僖塑料有限公司新建项目_04_报批稿或报告表,总量与执行标准,,,,,原文未自动定位，待人工确认,,
154_佛山辰僖塑料有限公司新建项目_04_报批稿或报告表,监督检查清单,,,,,原文未自动定位，待人工确认,,
155_和默化学（佛山）有限公司新建项目_01_报批稿或报告表,项目基本情况,建设项目名称、建设地点、总投资,建设项目名称、建设地点、总投资,介绍截图 一、建设项目基本情况 建设项目名称 | 和默化学（佛山）有限公司新建项目 项目代码 | 无 建设单位联系人 | 杨佩峰 | 联系方式 | 13,介绍截图 一、建设项目基本情况 建设项目名称 和默化学（佛山）有限公司新建项目 项目代码 无 建设单位联系人 杨佩峰 联系方式 13690596436 ,关键词已对应，待人工核验数值与字段归属,,
155_和默化学（佛山）有限公司新建项目_01_报批稿或报告表,产品与产量,主要产品、年产,主要产品、年产,、浇注、烘干、粘合、喷涂工艺等，年产海洋浮力材料100吨，项目占地面积约为800m2，建筑面积800m2。项目所在建筑物共5层，其中首层高为7米，2~5,、浇注、烘干、粘合、喷涂工艺等，年产海洋浮力材料100吨，项目占地面积约为800m2，建筑面积800m2。项目所在建筑物共5层，其中首层高为7米，2~5,关键词已对应，待人工核验数值与字段归属,,
155_和默化学（佛山）有限公司新建项目_01_报批稿或报告表,原辅材料,主要原辅材料、原辅材料、原料名称,主要原辅材料、原辅材料、原料名称,、清洗剂、胶黏剂等高挥发性有机物原辅材料项目，鼓励现有该类项目搬迁退出。 1-4.【大气/鼓励引导类】大气环境高排放重点管控区内，应强化达标监管，引导工,、清洗剂、胶黏剂等高挥发性有机物原辅材料项目，鼓励现有该类项目搬迁退出。 1-4. 【大气/鼓励引导类】大气环境高排放重点管控区内，应强化达标监管，引导,关键词已对应，待人工核验数值与字段归属,,
155_和默化学（佛山）有限公司新建项目_01_报批稿或报告表,生产设备,主要生产设备、设备名称、生产设施,主要生产设备、设备名称、生产设施,（密闭设备）。符合10.3车间或生产设施排气中NMHC初始排放速率≥3kg/h时，建设VOCs处理设施且处理效率≥80%。厂区内无组织排放监控点NMHC,闭设备）。 符合10. 3车间或生产设施排气中NMHC初始排放速率≥3kg/h时，建设VOCs处理设施且处理效率≥80%。 厂区内无组织排放监控点NMH,关键词已对应，待人工核验数值与字段归属,,
155_和默化学（佛山）有限公司新建项目_01_报批稿或报告表,工艺与产污,工艺流程、生产工艺、产污节点,工艺流程、生产工艺、产污节点,代，加快涉 VOCs 重点行业的生产工艺升级改造，推行自动化生产工艺，对达不到要求的 VOCs 收集及治理设施进行整治提升，逐步淘汰低效 VOCs治理设,代，加快涉 VOCs 重点行业的生产工艺升级改造，推行自动化生产工艺，对达不到要求的 VOCs 收集及治理设施进行整治提升，逐步淘汰低效 VOCs治理设,关键词已对应，待人工核验数值与字段归属,,
155_和默化学（佛山）有限公司新建项目_01_报批稿或报告表,源强与定量核算,污染源强、产生量、排放量,污染源强、产生量、排放量, 六、结论 57 建设项目污染物排放量汇总表 附图 附图1 项目地理位置图 附图2 项目周围环境概况图 附图3 项目四至图 附图4 项目环境敏感点图 附,4 六、结论57 建设项目污染物排放量汇总表 附图 附图1 项目地理位置图 附图2 项目周围环境概况图 附图3 项目四至图 附图4 项目环境敏感点图 附,关键词已对应，待人工核验数值与字段归属,,
155_和默化学（佛山）有限公司新建项目_01_报批稿或报告表,废气治理,废气治理、废气收集、活性炭,废气治理、废气收集、活性炭,集后汇于同一主风管，再通过一套“活性炭吸附”处理设施处理后引至28米高排气筒DA001排放；切割、机加工粉尘以无组织形式排放；在厂房墙体设置排气扇，加强,集后汇于同一主风管，再通过一套“活性炭吸附”处理设施处理后引至28米高排气筒DA001排放； 切割、机加工粉尘以无组织形式排放； 在厂房墙体设置排气扇，,关键词已对应，待人工核验数值与字段归属,,
155_和默化学（佛山）有限公司新建项目_01_报批稿或报告表,固废与危险废物,危险废物、固体废物、危废暂存,危险废物、固体废物、危废暂存,5m，所在建筑物楼高25m，用于危险废物的临时储存辅助工程办公室面积45平方米，层高4.5m，所在建筑物楼高25m，用于人员办公的场所展厅面积50平方米,5m，所在建筑物楼高25m，用于危险废物的临时储存辅助工程办公室面积45平方米，层高4.5m，所在建筑物楼高25m，用于人员办公的场所展厅面积50平方米,关键词已对应，待人工核验数值与字段归属,,
155_和默化学（佛山）有限公司新建项目_01_报批稿或报告表,总量与执行标准,总量控制、总量指标、执行标准,总量控制、总量指标、执行标准,尾水应执行《城镇污水处理厂污染物排放标准》（GB18918-2002）一级 A 标准及《广东省水污染物排放限值》 （DB44/26-2001）的较严值。,尾水应执行《城镇污水处理厂污染物排放标准》（GB18918-2002）一级 A 标准及《广东省水污染物排放限值》 （DB44/26-2001）的较严值。,关键词已对应，待人工核验数值与字段归属,,
155_和默化学（佛山）有限公司新建项目_01_报批稿或报告表,监督检查清单,环境保护措施监督检查清单、监督检查清单,环境保护措施监督检查清单、监督检查清单,要环境影响和保护措施 29 五、环境保护措施监督检查清单 54 六、结论 57 建设项目污染物排放量汇总表 附图 附图1 项目地理位置图 附图2 项目周,主要环境影响和保护措施29 五、环境保护措施监督检查清单54 六、结论57 建设项目污染物排放量汇总表 附图 附图1 项目地理位置图 附图2 项目周围环,关键词已对应，待人工核验数值与字段归属,,
155_和默化学（佛山）有限公司新建项目_02_报批稿或报告表,项目基本情况,建设项目名称、建设地点、总投资,建设项目名称、建设地点、总投资,截图 1 一、建设项目基本情况 建设项目名称 和默化学（佛山）有限公司新建项目 项目代码 无 建设单位联系人 杨佩峰 联系方式 13690596436 ,5页 1 一、建设项目基本情况 建设项目名称 和默化学（佛山）有限公司新建项目 项目代码 无 建设单位联系人 杨佩峰 联系方式 13690596436 ,关键词已对应，待人工核验数值与字段归属,,
155_和默化学（佛山）有限公司新建项目_02_报批稿或报告表,产品与产量,主要产品、年产,主要产品、年产,、浇注、烘干、粘合、喷涂工艺等，年产海洋浮力材料 100 吨，项目占 地面积约为 800m2，建筑面积 800m2。 项目所在建筑物共 5 层，其中首层,、浇注、烘干、粘合、喷涂工艺等，年产海洋浮力材料 100 吨，项目占 地面积约为 800m2，建筑面积 800m2。 项目所在建筑物共 5 层，其中首层,关键词已对应，待人工核验数值与字段归属,,
155_和默化学（佛山）有限公司新建项目_02_报批稿或报告表,原辅材料,主要原辅材料、原辅材料、原料名称,主要原辅材料、原辅材料、原料名称,清洗剂、胶黏 剂等高挥发性有机物原辅材料项目，鼓励现 有该类项目搬迁退出。 1-4.【大气/鼓励引导类】大气环境高排放重 点管控区内，应强化达标监管，引,清洗剂、胶黏 剂等高挥发性有机物原辅材料项目，鼓励现 有该类项目搬迁退出。 1-4.【大气/鼓励引导类】大气环境高排放重 点管控区内，应强化达标监管，引,关键词已对应，待人工核验数值与字段归属,,
155_和默化学（佛山）有限公司新建项目_02_报批稿或报告表,生产设备,主要生产设备、设备名称、生产设施,主要生产设备、设备名称、生产设施,。 符合 10 10.3 车间或生产设施排气中 NMHC 初始排放速率 ≥3kg/h 时，建设 VOCs 处理设施且处理效率 ≥80%。厂区内无组织排放,第14页 10 10.3 车间或生产设施排气中 NMHC 初始排放速率 ≥3kg/h 时，建设 VOCs 处理设施且处理效率 ≥80%。厂区内无组织排放,关键词已对应，待人工核验数值与字段归属,,
155_和默化学（佛山）有限公司新建项目_02_报批稿或报告表,工艺与产污,工艺流程、生产工艺、产污节点,工艺流程、生产工艺、产污节点,，加快涉 VOCs 重点行业的 生产工艺升级改造，推行自动化生产工艺， 对达不到要求的 VOCs 收集及治理设施进 行整治提升，逐步淘汰低效 VOCs ,，加快涉 VOCs 重点行业的 生产工艺升级改造，推行自动化生产工艺， 对达不到要求的 VOCs 收集及治理设施进 行整治提升，逐步淘汰低效 VOCs ,关键词已对应，待人工核验数值与字段归属,,
155_和默化学（佛山）有限公司新建项目_02_报批稿或报告表,源强与定量核算,污染源强、产生量、排放量,污染源强、产生量、排放量,......59 建设项目污染物排放量汇总表 附图 附图 1 项目地理位置图 附图 2 项目周围环境概况图 附图 3 项目四至图 附图 4 项目环境敏感,......59 建设项目污染物排放量汇总表 附图 附图 1 项目地理位置图 附图 2 项目周围环境概况图 附图 3 项目四至图 附图 4 项目环境敏感,关键词已对应，待人工核验数值与字段归属,,
155_和默化学（佛山）有限公司新建项目_02_报批稿或报告表,废气治理,废气治理、废气收集、活性炭,废气治理、废气收集、活性炭,”处理设施处理后引至 28 米高排气筒 DA001 排放；切 割、机加工粉尘以无组织形式排放；在厂房墙体设置排气扇， 加强车间通排风，对周边环境影响较小,”处理设施处理后引至 28 米高排气筒 DA001 排放；切 割、机加工粉尘以无组织形式排放；在厂房墙体设置排气扇， 加强车间通排风，对周边环境影响较小,关键词已对应，待人工核验数值与字段归属,,
155_和默化学（佛山）有限公司新建项目_02_报批稿或报告表,固废与危险废物,危险废物、固体废物、危废暂存,危险废物、固体废物、危废暂存,m，所在建筑物楼高 25m，用于危险废物 的临时储存 辅助 工程 办公室 面积 45 平方米，层高 4.5m，所在建筑物楼高 25m，用于人员办 公的场,m，所在建筑物楼高 25m，用于危险废物 的临时储存 辅助 工程 办公室 面积 45 平方米，层高 4.5m，所在建筑物楼高 25m，用于人员办 公的场,关键词已对应，待人工核验数值与字段归属,,
155_和默化学（佛山）有限公司新建项目_02_报批稿或报告表,总量与执行标准,总量控制、总量指标、执行标准,总量控制、总量指标、执行标准,水应执行《城 镇污水处理厂污染物排放标准》 （GB18918-2002）一级 A 标准及《广东省 水污染物排放限值》 （DB44/26-2001）的较严,水应执行《城 镇污水处理厂污染物排放标准》 （GB18918-2002）一级 A 标准及《广东省 水污染物排放限值》 （DB44/26-2001）的较严,关键词已对应，待人工核验数值与字段归属,,
155_和默化学（佛山）有限公司新建项目_02_报批稿或报告表,监督检查清单,环境保护措施监督检查清单、监督检查清单,环境保护措施监督检查清单、监督检查清单,.......... 31 五、环境保护措施监督检查清单 ............................................ 56,.......... 31 五、环境保护措施监督检查清单 ............................................ 56,关键词已对应，待人工核验数值与字段归属,,
155_和默化学（佛山）有限公司新建项目_03_报批稿或报告表,项目基本情况,,,,,原文未自动定位，待人工确认,,
155_和默化学（佛山）有限公司新建项目_03_报批稿或报告表,产品与产量,,,,,原文未自动定位，待人工确认,,
155_和默化学（佛山）有限公司新建项目_03_报批稿或报告表,原辅材料,,,,,原文未自动定位，待人工确认,,
155_和默化学（佛山）有限公司新建项目_03_报批稿或报告表,生产设备,,,,,原文未自动定位，待人工确认,,
155_和默化学（佛山）有限公司新建项目_03_报批稿或报告表,工艺与产污,,,,,原文未自动定位，待人工确认,,
155_和默化学（佛山）有限公司新建项目_03_报批稿或报告表,源强与定量核算,,,,,原文未自动定位，待人工确认,,
155_和默化学（佛山）有限公司新建项目_03_报批稿或报告表,废气治理,,,,,原文未自动定位，待人工确认,,
155_和默化学（佛山）有限公司新建项目_03_报批稿或报告表,固废与危险废物,,,,,原文未自动定位，待人工确认,,
155_和默化学（佛山）有限公司新建项目_03_报批稿或报告表,总量与执行标准,,,,,原文未自动定位，待人工确认,,
155_和默化学（佛山）有限公司新建项目_03_报批稿或报告表,监督检查清单,,,,,原文未自动定位，待人工确认,,
156_佛山志兴盈包装有限公司新建项目_01_报批稿或报告表,项目基本情况,建设项目名称、建设地点、总投资,建设项目名称、建设地点、总投资, 106 一、建设项目基本情况 建设项目名称 | 佛山志兴盈包装有限公司新建项目 项目代码 | / 建设单位联系人 | 廖小燕 | 联系方式 | 137,06 一、建设项目基本情况 | 建设项目名称 | | 佛山志兴盈包装有限公司新建项目 | | 项目代码 | | / | | 建设单位联系人 | | 廖小,关键词已对应，待人工核验数值与字段归属,,
156_佛山志兴盈包装有限公司新建项目_01_报批稿或报告表,产品与产量,产品方案、主要产品、产品名称,产品方案、主要产品、产品名称,江村村慧商二路4号三厂房3楼建设年产220吨塑料袋的生产基地，项目项目占地面积1033平方米，建筑面积1033平方米。项目厂房为现有已建成厂房，处于前期,江村村慧商二路4号三厂房3楼建设年产220吨塑料袋的生产基地，项目项目占地面积1033平方米，建筑面积1033平方米。项目厂房为现有已建成厂房，处于前期,关键词已对应，待人工核验数值与字段归属,,
156_佛山志兴盈包装有限公司新建项目_01_报批稿或报告表,原辅材料,主要原辅材料、原辅材料、原料名称,主要原辅材料、原辅材料、原料名称,合2、大力推进低 VOCs 含量原辅材料替代，除现阶段溶剂型凹印油墨用于塑料印刷无法实施替代，可使用非低VOCs 涂料外，其他均要求使用低VOCs油墨、,合2、大力推进低 VOCs 含量原辅材料替代，除现阶段溶剂型凹印油墨用于塑料印刷无法实施替代，可使用非低VOCs 涂料外，其他均要求使用低VOCs油墨、,关键词已对应，待人工核验数值与字段归属,,
156_佛山志兴盈包装有限公司新建项目_01_报批稿或报告表,生产设备,主要生产设备、设备名称、生产设施,主要生产设备、设备名称、生产设施,于高效治理设施。符合3.4车间或生产设施收集排放的废气，VOCs初始排放速率大于等于3千克/小时、重点区域大于等于2千克/小时的，应加大控制力度，除确保,于高效治理设施。符合3.4车间或生产设施收集排放的废气，VOCs初始排放速率大于等于3千克/小时、重点区域大于等于2千克/小时的，应加大控制力度，除确保,关键词已对应，待人工核验数值与字段归属,,
156_佛山志兴盈包装有限公司新建项目_01_报批稿或报告表,工艺与产污,工艺流程、生产工艺、产污环节,工艺流程、生产工艺、产污环节,鼓励清洁生产型企业进入，采用清洁生产工艺和设备、单位产品能耗、物耗和污染物产生量达到清洁生产国内先进水平。本项目不属于强制型清洁生产型企业，不属于使用有,鼓励清洁生产型企业进入，采用清洁生产工艺和设备、单位产品能耗、物耗和污染物产生量达到清洁生产国内先进水平。本项目不属于强制型清洁生产型企业，不属于使用有,关键词已对应，待人工核验数值与字段归属,,
156_佛山志兴盈包装有限公司新建项目_01_报批稿或报告表,源强与定量核算,污染源强、产生量、排放量,污染源强、产生量、排放量, 六、结论 59 建设项目污染物排放量汇总表 60 附图1 项目地理位置图 61 附图2 项目厂界500米范围内敏感点图 62 附图3 项目卫星四至图 ,6 六、结论59 建设项目污染物排放量汇总表60 附图1 项目地理位置图61 附图2 项目厂界500米范围内敏感点图62 附图3 项目卫星四至图63 附,关键词已对应，待人工核验数值与字段归属,,
156_佛山志兴盈包装有限公司新建项目_01_报批稿或报告表,废气治理,废气治理、废气收集、活性炭,废气治理、废气收集、活性炭,规划要求执行，印刷废气经园区集中废气治理设施处理后达标排放，吹膜、制袋产生的有机废气采取包围型集气罩收集经自建废气治理设施“活性炭吸附”处理后达标排放；,规划要求执行，印刷废气经园区集中废气治理设施处理后达标排放，吹膜、制袋产生的有机废气采取包围型集气罩收集经自建废气治理设施“活性炭吸附”处理后达标排放；,关键词已对应，待人工核验数值与字段归属,,
156_佛山志兴盈包装有限公司新建项目_01_报批稿或报告表,固废与危险废物,危险废物、固体废物、危废暂存,危险废物、固体废物、危废暂存,、墙面裙脚、堵截泄漏的围堰、接触危险废物的隔板和墙体等应采用坚固的材料建造，表面无裂缝。地面与裙脚应采取表面防渗措施，要求达到等效黏土防渗层Mb≥6.0,、墙面裙脚、堵截泄漏的围堰、接触危险废物的隔板和墙体等应采用坚固的材料建造，表面无裂缝。地面与裙脚应采取表面防渗措施，要求达到等效黏土防渗层Mb≥6.0,关键词已对应，待人工核验数值与字段归属,,
156_佛山志兴盈包装有限公司新建项目_01_报批稿或报告表,总量与执行标准,总量控制、总量指标、执行标准,总量控制、总量指标、执行标准,排放符合污染物排放严格实施污染物总量控制制度，规划区域水和大气污染物排放总量不得突破批复的总量管控要求。本项目严格实施污染物总量控制制度，按照批复的总量,排放符合污染物排放严格实施污染物总量控制制度，规划区域水和大气污染物排放总量不得突破批复的总量管控要求。本项目严格实施污染物总量控制制度，按照批复的总量,关键词已对应，待人工核验数值与字段归属,,
156_佛山志兴盈包装有限公司新建项目_01_报批稿或报告表,监督检查清单,环境保护措施监督检查清单、监督检查清单,环境保护措施监督检查清单、监督检查清单,要环境影响和保护措施 29 五、环境保护措施监督检查清单 56 六、结论 59 建设项目污染物排放量汇总表 60 附图1 项目地理位置图 61 附图2 ,主要环境影响和保护措施29 五、环境保护措施监督检查清单56 六、结论59 建设项目污染物排放量汇总表60 附图1 项目地理位置图61 附图2 项目厂界,关键词已对应，待人工核验数值与字段归属,,
156_佛山志兴盈包装有限公司新建项目_02_报批稿或报告表,项目基本情况,建设项目名称、建设地点、总投资,建设项目名称、建设地点、总投资, 1 — 一、建设项目基本情况 建设项目名称 佛山志兴盈包装有限公司新建项目 项目代码 / 建设单位联系人 廖小燕 联系方式 13702634808 建, 1 — 一、建设项目基本情况 建设项目名称 佛山志兴盈包装有限公司新建项目 项目代码 / 建设单位联系人 廖小燕 联系方式 13702634808 建,关键词已对应，待人工核验数值与字段归属,,
156_佛山志兴盈包装有限公司新建项目_02_报批稿或报告表,产品与产量,产品方案、主要产品、产品名称,产品方案、主要产品、产品名称,江村村慧商二路4号三厂房3楼建设年产220吨塑料袋的生产基地，项 目项目占地面积1033平方米，建筑面积1033平方米。项目厂房为现有已建成厂房，处于 ,江村村慧商二路4号三厂房3楼建设年产220吨塑料袋的生产基地，项 目项目占地面积1033平方米，建筑面积1033平方米。项目厂房为现有已建成厂房，处于 ,关键词已对应，待人工核验数值与字段归属,,
156_佛山志兴盈包装有限公司新建项目_02_报批稿或报告表,原辅材料,主要原辅材料、原辅材料、原料名称,主要原辅材料、原辅材料、原料名称, 2、大力推进低 VOCs 含量原辅材料替 代，除现阶段溶剂型凹印油墨用于塑料 印刷无法实施替代，可使用非低 VOCs 涂料外，其他均要求使用低 VOC, 2、大力推进低 VOCs 含量原辅材料替 代，除现阶段溶剂型凹印油墨用于塑料 印刷无法实施替代，可使用非低 VOCs 涂料外，其他均要求使用低 VOC,关键词已对应，待人工核验数值与字段归属,,
156_佛山志兴盈包装有限公司新建项目_02_报批稿或报告表,生产设备,主要生产设备、设备名称、生产设施,主要生产设备、设备名称、生产设施,治理设施。 符合 3.4 车间或生产设施收集排放的废气， VOCs 初始排放速率大于等于 3 千克/ 小时、重点区域大于等于 2 千克/小时 的，应加大,治理设施。 符合 3.4 车间或生产设施收集排放的废气， VOCs 初始排放速率大于等于 3 千克/ 小时、重点区域大于等于 2 千克/小时 的，应加大,关键词已对应，待人工核验数值与字段归属,,
156_佛山志兴盈包装有限公司新建项目_02_报批稿或报告表,工艺与产污,工艺流程、生产工艺、产污环节,工艺流程、生产工艺、产污环节,专项治理与清洁化改造，采用先 进生产工艺和技术，减少废水排放量， 加强对重点企业进行清洁生产审核。 本项目仅产生生活污水，无 生产废水排放 符合 污染 ,专项治理与清洁化改造，采用先 进生产工艺和技术，减少废水排放量， 加强对重点企业进行清洁生产审核。 本项目仅产生生活污水，无 生产废水排放 符合 污染 ,关键词已对应，待人工核验数值与字段归属,,
156_佛山志兴盈包装有限公司新建项目_02_报批稿或报告表,源强与定量核算,污染源强、产生量、排放量,污染源强、产生量、排放量,..... 59 建设项目污染物排放量汇总表 .....................................................,..... 59 建设项目污染物排放量汇总表 .....................................................,关键词已对应，待人工核验数值与字段归属,,
156_佛山志兴盈包装有限公司新建项目_02_报批稿或报告表,废气治理,废气治理、废气收集、活性炭,废气治理、废气收集、活性炭,要 求执行，印刷废气经园区集 中废气治理设施处理后达标 排放，吹膜、制袋产生的有 机废气采取包围型集气罩收 集经自建废气治理设施“活 性炭吸附”处理后达,要 求执行，印刷废气经园区集 中废气治理设施处理后达标 排放，吹膜、制袋产生的有 机废气采取包围型集气罩收 集经自建废气治理设施“活 性炭吸附”处理后达,关键词已对应，待人工核验数值与字段归属,,
156_佛山志兴盈包装有限公司新建项目_02_报批稿或报告表,固废与危险废物,危险废物、固体废物、危废暂存,危险废物、固体废物、危废暂存,墙面裙脚、堵 截泄漏的围堰、接触危险废物的隔板和 墙体等应采用坚固的材料建造，表面无 裂缝。地面与裙脚应采取表面防渗措 施，要求达到等效黏土防渗层 Mb,墙面裙脚、堵 截泄漏的围堰、接触危险废物的隔板和 墙体等应采用坚固的材料建造，表面无 裂缝。地面与裙脚应采取表面防渗措 施，要求达到等效黏土防渗层 Mb,关键词已对应，待人工核验数值与字段归属,,
156_佛山志兴盈包装有限公司新建项目_02_报批稿或报告表,总量与执行标准,总量控制、总量指标、执行标准,总量控制、总量指标、执行标准, 污染 物排 放 严格实施污染物总量控制制度，规划区 域水和大气污染物排放总量不得突破 批复的总量管控要求。 本项目严格实施污染物总量 控制制度，按照批, 污染 物排 放 严格实施污染物总量控制制度，规划区 域水和大气污染物排放总量不得突破 批复的总量管控要求。 本项目严格实施污染物总量 控制制度，按照批,关键词已对应，待人工核验数值与字段归属,,
156_佛山志兴盈包装有限公司新建项目_02_报批稿或报告表,监督检查清单,环境保护措施监督检查清单、监督检查清单,环境保护措施监督检查清单、监督检查清单,.......... 29 五、环境保护措施监督检查清单 ...............................................,.......... 29 五、环境保护措施监督检查清单 ...............................................,关键词已对应，待人工核验数值与字段归属,,
156_佛山志兴盈包装有限公司新建项目_03_报批稿或报告表,项目基本情况,,,,,原文未自动定位，待人工确认,,
156_佛山志兴盈包装有限公司新建项目_03_报批稿或报告表,产品与产量,,,,,原文未自动定位，待人工确认,,
156_佛山志兴盈包装有限公司新建项目_03_报批稿或报告表,原辅材料,,,,,原文未自动定位，待人工确认,,
156_佛山志兴盈包装有限公司新建项目_03_报批稿或报告表,生产设备,,,,,原文未自动定位，待人工确认,,
156_佛山志兴盈包装有限公司新建项目_03_报批稿或报告表,工艺与产污,,,,,原文未自动定位，待人工确认,,
156_佛山志兴盈包装有限公司新建项目_03_报批稿或报告表,源强与定量核算,,,,,原文未自动定位，待人工确认,,
156_佛山志兴盈包装有限公司新建项目_03_报批稿或报告表,废气治理,,,,,原文未自动定位，待人工确认,,
156_佛山志兴盈包装有限公司新建项目_03_报批稿或报告表,固废与危险废物,,,,,原文未自动定位，待人工确认,,
156_佛山志兴盈包装有限公司新建项目_03_报批稿或报告表,总量与执行标准,,,,,原文未自动定位，待人工确认,,
156_佛山志兴盈包装有限公司新建项目_03_报批稿或报告表,监督检查清单,,,,,原文未自动定位，待人工确认,,
157_佛山市祖帮海绵有限公司新建项目_01_报批稿或报告表,项目基本情况,建设项目名称、建设地点、总投资,建设项目名称、建设地点、总投资,88 - 一、建设项目基本情况 建设项目名称 | 佛山市祖帮海绵有限公司新建项目 项目代码 | 无 建设单位联系人 | 周祖荣 | 联系方式 | 139, - 一、建设项目基本情况 | 建设项目名称 | | 佛山市祖帮海绵有限公司新建项目 | | 项目代码 | | 无 | | 建设单位联系人 | | 周祖,关键词已对应，待人工核验数值与字段归属,,
157_佛山市祖帮海绵有限公司新建项目_01_报批稿或报告表,产品与产量,主要产品、产品名称、年产,主要产品、产品名称、年产,南侧，，建筑面积约10m2 2、主要产品及产能 表2-2 项目主要产品产量表序号主要产品名称单位年产量备注1海绵高密度吨/年802.91全自动发泡生产线,东南侧，，建筑面积约10m22、主要产品及产能表2-2 项目主要产品产量表序号主要产品名称单位年产量备注1海绵高密度吨/年802.91全自动发泡生产线年,关键词已对应，待人工核验数值与字段归属,,
157_佛山市祖帮海绵有限公司新建项目_01_报批稿或报告表,原辅材料,主要原辅材料、原辅材料、辅料,主要原辅材料、原辅材料、辅料,对含VOCs物料（包括含VOCs原辅材料、含VOCs产品、含VOCs废料以及有机聚合物材料等）储存、转移和输送、设备与管线组件泄漏、敞开液面逸散以及工艺,对含VOCs物料（包括含VOCs原辅材料、含VOCs产品、含VOCs废料以及有机聚合物材料等）储存、转移和输送、设备与管线组件泄漏、敞开液面逸散以及工艺,关键词已对应，待人工核验数值与字段归属,,
157_佛山市祖帮海绵有限公司新建项目_01_报批稿或报告表,生产设备,主要生产设备、设备名称、生产设施,主要生产设备、设备名称、生产设施,设备及设施详见下表： 表2-4 主要生产设备一览表序号设备规格参数数量单位工艺位置1全自动发泡生产线L38000mm×W4550mm×H4200mm1条,要设备及设施详见下表：表2-4 主要生产设备一览表序号设备规格参数数量单位工艺位置1全自动发泡生产线L38000mm×W4550mm×H4200mm1条,关键词已对应，待人工核验数值与字段归属,,
157_佛山市祖帮海绵有限公司新建项目_01_报批稿或报告表,工艺与产污,工艺流程、生产工艺、产污环节,工艺流程、生产工艺、产污环节,中禁止和许可事项；项目生产产品、生产工艺和生产设备均不属于《产业结构调整指导目录（2024年本）》（国家发展和改革委员会令第7号，2024年2月1日起施,中禁止和许可事项；项目生产产品、生产工艺和生产设备均不属于《产业结构调整指导目录（2024年本）》（国家发展和改革委员会令第7号，2024年2月1日起施,关键词已对应，待人工核验数值与字段归属,,
157_佛山市祖帮海绵有限公司新建项目_01_报批稿或报告表,源强与定量核算,污染源强、产生量、排放量,污染源强、产生量、排放量,表 - 61 - 建设项目污染物排放量汇总表 - 61 - 附图1项目地理位置图 - 62 - 附图2大气环境保护目标分布图 - 63 - 附图3声环境,附表- 61 - 建设项目污染物排放量汇总表- 61 - 附图1项目地理位置图- 62 - 附图2大气环境保护目标分布图- 63 - 附图3声环境保护目,关键词已对应，待人工核验数值与字段归属,,
157_佛山市祖帮海绵有限公司新建项目_01_报批稿或报告表,废气治理,废气治理、废气收集、活性炭,废气治理、废气收集、活性炭,行局部气体收集，废气排至VOCs废气收集处理系统。粉状、粒状VOCs物料采用气力输送方式或采用密闭固体投料器等给料方式密闭投加；无法密闭投加的，在密闭空,行局部气体收集，废气排至VOCs废气收集处理系统。粉状、粒状VOCs物料采用气力输送方式或采用密闭固体投料器等给料方式密闭投加；无法密闭投加的，在密闭空,关键词已对应，待人工核验数值与字段归属,,
157_佛山市祖帮海绵有限公司新建项目_01_报批稿或报告表,固废与危险废物,危险废物、固体废物、危废暂存,危险废物、固体废物、危废暂存,均贮存危废间，定期交由有相应类型危险废物处理资质的单位收集处理。符合2.《重点行业挥发性有机物综合治理方案》（环大气[2019]53号）2.1加强制药、,均贮存危废间，定期交由有相应类型危险废物处理资质的单位收集处理。符合2.《重点行业挥发性有机物综合治理方案》（环大气[2019]53号）2.1加强制药、,关键词已对应，待人工核验数值与字段归属,,
157_佛山市祖帮海绵有限公司新建项目_01_报批稿或报告表,总量与执行标准,总量控制、总量指标、执行标准,总量控制、总量指标、执行标准,印发《顺德区重点行业挥发性有机物总量指标管理工作方案（2024 年修订）》的通知3.1全区建设项目新增VOCs排放量施行“减二增一”政策。项目挥发性有机,印发《顺德区重点行业挥发性有机物总量指标管理工作方案（2024 年修订）》的通知3.1全区建设项目新增VOCs排放量施行“减二增一”政策。项目挥发性有机,关键词已对应，待人工核验数值与字段归属,,
157_佛山市祖帮海绵有限公司新建项目_01_报批稿或报告表,监督检查清单,环境保护措施监督检查清单、监督检查清单,环境保护措施监督检查清单、监督检查清单,要环境影响和保护措施 42 五、环境保护措施监督检查清单 57 六、结论 60 附表 - 61 - 建设项目污染物排放量汇总表 - 61 - 附图1项目,主要环境影响和保护措施42 五、环境保护措施监督检查清单57 六、结论60 附表- 61 - 建设项目污染物排放量汇总表- 61 - 附图1项目地理位置,关键词已对应，待人工核验数值与字段归属,,
157_佛山市祖帮海绵有限公司新建项目_02_报批稿或报告表,项目基本情况,建设项目名称、建设地点、总投资,建设项目名称、建设地点、总投资, —1— 一、建设项目基本情况 建设项目名称 佛山市祖帮海绵有限公司新建项目 项目代码 无 建设单位联系人 周祖荣 联系方式 13924878666 建, —1— 一、建设项目基本情况 建设项目名称 佛山市祖帮海绵有限公司新建项目 项目代码 无 建设单位联系人 周祖荣 联系方式 13924878666 建,关键词已对应，待人工核验数值与字段归属,,
157_佛山市祖帮海绵有限公司新建项目_02_报批稿或报告表,产品与产量,主要产品、产品名称、年产,主要产品、产品名称、年产,侧，，建筑面积约 10m2 2、主要产品及产能 表 2-2 项目主要产品产量表 序号 主要产品名称 单位 年产量 备注 1 海绵 高密度 吨/年 802,侧，，建筑面积约 10m2 2、主要产品及产能 表 2-2 项目主要产品产量表 序号 主要产品名称 单位 年产量 备注 1 海绵 高密度 吨/年 802,关键词已对应，待人工核验数值与字段归属,,
157_佛山市祖帮海绵有限公司新建项目_02_报批稿或报告表,原辅材料,主要原辅材料、原辅材料、辅料,主要原辅材料、原辅材料、辅料,OCs 物料（包括含 VOCs 原辅材料、 含 VOCs 产品、含 VOCs 废料以及有机聚合物材 料等）储存、转移和输送、设备与管线组件泄漏、 敞开液,OCs 物料（包括含 VOCs 原辅材料、 含 VOCs 产品、含 VOCs 废料以及有机聚合物材 料等）储存、转移和输送、设备与管线组件泄漏、 敞开液,关键词已对应，待人工核验数值与字段归属,,
157_佛山市祖帮海绵有限公司新建项目_02_报批稿或报告表,生产设备,主要生产设备、设备名称、生产设施,主要生产设备、设备名称、生产设施,备及设施详见下表： 表 2-4 主要生产设备一览表 序号 设备 规格参数 数量 单位 工艺 位置 1 全自动发泡生 产线 L38000mm×W4550m,备及设施详见下表： 表 2-4 主要生产设备一览表 序号 设备 规格参数 数量 单位 工艺 位置 1 全自动发泡生 产线 L38000mm×W4550m,关键词已对应，待人工核验数值与字段归属,,
157_佛山市祖帮海绵有限公司新建项目_02_报批稿或报告表,工艺与产污,工艺流程、生产工艺、产污环节,工艺流程、生产工艺、产污环节,中禁止和许可事项；项目生产产品、生产工艺和 生产设备均不属于《产业结构调整指导目录（2024 年本）》（国家发展和改革委员会 令第 7 号，2024 年,中禁止和许可事项；项目生产产品、生产工艺和 生产设备均不属于《产业结构调整指导目录（2024 年本）》（国家发展和改革委员会 令第 7 号，2024 年,关键词已对应，待人工核验数值与字段归属,,
157_佛山市祖帮海绵有限公司新建项目_02_报批稿或报告表,源强与定量核算,污染源强、产生量、排放量,污染源强、产生量、排放量,..- 61 - 建设项目污染物排放量汇总表 .....................................................,..- 61 - 建设项目污染物排放量汇总表 .....................................................,关键词已对应，待人工核验数值与字段归属,,
157_佛山市祖帮海绵有限公司新建项目_02_报批稿或报告表,废气治理,废气治理、废气收集、活性炭,废气治理、废气收集、活性炭,部气体收集，废气排至 VOCs 废气收集处 理系统。 粉状、粒状 VOCs 物料采用气力输送方式或采用 密闭固体投料器等给料方式密闭投加；无法密闭 投加,部气体收集，废气排至 VOCs 废气收集处 理系统。 粉状、粒状 VOCs 物料采用气力输送方式或采用 密闭固体投料器等给料方式密闭投加；无法密闭 投加,关键词已对应，待人工核验数值与字段归属,,
157_佛山市祖帮海绵有限公司新建项目_02_报批稿或报告表,固废与危险废物,危险废物、固体废物、危废暂存,危险废物、固体废物、危废暂存,饮用水水源保护区 周边。且项目对危险废物进行分类 暂存，危险废物暂存间、原材料及 助剂仓库设置围堰，做好防渗措施 。厂区进行硬底化建设。在发生火 灾和爆,饮用水水源保护区 周边。且项目对危险废物进行分类 暂存，危险废物暂存间、原材料及 助剂仓库设置围堰，做好防渗措施 。厂区进行硬底化建设。在发生火 灾和爆,关键词已对应，待人工核验数值与字段归属,,
157_佛山市祖帮海绵有限公司新建项目_02_报批稿或报告表,总量与执行标准,总量控制、总量指标、执行标准,总量控制、总量指标、执行标准,印发《顺德区重点行业挥发性有机物总量指标管理工作方 案（2024 年修订）》的通知 3.1 全区建设项目新增 VOCs 排放量施行“减二增一” 政策。 ,印发《顺德区重点行业挥发性有机物总量指标管理工作方 案（2024 年修订）》的通知 3.1 全区建设项目新增 VOCs 排放量施行“减二增一” 政策。 ,关键词已对应，待人工核验数值与字段归属,,
157_佛山市祖帮海绵有限公司新建项目_02_报批稿或报告表,监督检查清单,环境保护措施监督检查清单、监督检查清单,环境保护措施监督检查清单、监督检查清单,.......... 42 五、环境保护措施监督检查清单 ...............................................,.......... 42 五、环境保护措施监督检查清单 ...............................................,关键词已对应，待人工核验数值与字段归属,,
157_佛山市祖帮海绵有限公司新建项目_03_报批稿或报告表,项目基本情况,,,,,原文未自动定位，待人工确认,,
157_佛山市祖帮海绵有限公司新建项目_03_报批稿或报告表,产品与产量,,,,,原文未自动定位，待人工确认,,
157_佛山市祖帮海绵有限公司新建项目_03_报批稿或报告表,原辅材料,,,,,原文未自动定位，待人工确认,,
157_佛山市祖帮海绵有限公司新建项目_03_报批稿或报告表,生产设备,,,,,原文未自动定位，待人工确认,,
157_佛山市祖帮海绵有限公司新建项目_03_报批稿或报告表,工艺与产污,,,,,原文未自动定位，待人工确认,,
157_佛山市祖帮海绵有限公司新建项目_03_报批稿或报告表,源强与定量核算,,,,,原文未自动定位，待人工确认,,
157_佛山市祖帮海绵有限公司新建项目_03_报批稿或报告表,废气治理,,,,,原文未自动定位，待人工确认,,
157_佛山市祖帮海绵有限公司新建项目_03_报批稿或报告表,固废与危险废物,,,,,原文未自动定位，待人工确认,,
157_佛山市祖帮海绵有限公司新建项目_03_报批稿或报告表,总量与执行标准,,,,,原文未自动定位，待人工确认,,
157_佛山市祖帮海绵有限公司新建项目_03_报批稿或报告表,监督检查清单,,,,,原文未自动定位，待人工确认,,
158_佛山市彩川合成材料有限公司新建项目_01_报批稿或报告表,项目基本情况,建设地点,建设地点,(15分) | (1)项目名称、建设地点、建设性质、规模、平面布置(附图)等介绍清楚。(2)产品方案、主要原辅材料、主要设备、公用配套工程、依托工程等介,5分) | | (1)项目名称、建设地点、建设性质、规模、平面布置(附图)等介绍清楚。(2)产品方案、主要原辅材料、主要设备、公用配套工程、依托工程等介,关键词已对应，待人工核验数值与字段归属,,
158_佛山市彩川合成材料有限公司新建项目_01_报批稿或报告表,产品与产量,产品方案,产品方案,面布置(附图)等介绍清楚。(2)产品方案、主要原辅材料、主要设备、公用配套工程、依托工程等介绍清楚且与实际情况相符.(3)工艺过程(流程)描述清楚、准确,面布置(附图)等介绍清楚。(2)产品方案、主要原辅材料、主要设备、公用配套工程、依托工程等介绍清楚且与实际情况相符.(3)工艺过程(流程)描述清楚、准确,关键词已对应，待人工核验数值与字段归属,,
158_佛山市彩川合成材料有限公司新建项目_01_报批稿或报告表,原辅材料,主要原辅材料、原辅材料,主要原辅材料、原辅材料,图)等介绍清楚。(2)产品方案、主要原辅材料、主要设备、公用配套工程、依托工程等介绍清楚且与实际情况相符.(3)工艺过程(流程)描述清楚、准确。(4)产,图)等介绍清楚。(2)产品方案、主要原辅材料、主要设备、公用配套工程、依托工程等介绍清楚且与实际情况相符.(3)工艺过程(流程)描述清楚、准确。(4)产,关键词已对应，待人工核验数值与字段归属,,
158_佛山市彩川合成材料有限公司新建项目_01_报批稿或报告表,生产设备,,,,,原文未自动定位，待人工确认,,
158_佛山市彩川合成材料有限公司新建项目_01_报批稿或报告表,工艺与产污,工艺流程、产污节点,工艺流程、产污节点,冷却水的更换频次和年更换量。完善工艺流程，核实挤出机的操作温度，进一步明确挤出工艺废气的产排情况，建议删除挤出工艺颗粒物。环境质量现状与环境保护目标项目,冷却水的更换频次和年更换量。完善工艺流程，核实挤出机的操作温度，进一步明确挤出工艺废气的产排情况，建议删除挤出工艺颗粒物。环境质量现状与环境保护目标项目,关键词已对应，待人工核验数值与字段归属,,
158_佛山市彩川合成材料有限公司新建项目_01_报批稿或报告表,源强与定量核算,产生量,产生量,实改性塑料粒和色母制造时颗粒物的产生量，建议删除挤出工艺的颗粒物分析。完善挤出机废气的收集方式，进一步补充说明8台挤出机配32个有机废气收集罩的合理性，,实改性塑料粒和色母制造时颗粒物的产生量，建议删除挤出工艺的颗粒物分析。完善挤出机废气的收集方式，进一步补充说明8台挤出机配32个有机废气收集罩的合理性，,关键词已对应，待人工核验数值与字段归属,,
158_佛山市彩川合成材料有限公司新建项目_01_报批稿或报告表,废气治理,废气收集、排气筒、风量,废气收集、排气筒、风量,步补充说明8台挤出机配32个有机废气收集罩的合理性，核实风量。更新大气污染物自行监测计划表中的排放标准。固废：噪声：环境风险：更新《危险化学品目录（20,步补充说明8台挤出机配32个有机废气收集罩的合理性，核实风量。更新大气污染物自行监测计划表中的排放标准。固废：噪声：环境风险：更新《危险化学品目录（20,关键词已对应，待人工核验数值与字段归属,,
158_佛山市彩川合成材料有限公司新建项目_01_报批稿或报告表,固废与危险废物,危险废物、固体废物,危险废物、固体废物,008）中3类标准要求。加强项目固体废物分类管理与污染控制。危险废物厂内贮存应符合《危险废物贮存污染控制标准》（GB18597-2023）要求，并委托有,008）中3类标准要求。加强项目固体废物分类管理与污染控制。危险废物厂内贮存应符合《危险废物贮存污染控制标准》（GB18597-2023）要求，并委托有,关键词已对应，待人工核验数值与字段归属,,
158_佛山市彩川合成材料有限公司新建项目_01_报批稿或报告表,总量与执行标准,总量指标、执行标准、排放标准,总量指标、执行标准、排放标准,的距离，是否涉及4a类声功能区。排放标准及总量指标：生活污水排放标准补充污染因子总磷。按《佛山市生态环境局关于印发规范执行重点行业污染物排放标准的工作指,的距离，是否涉及4a类声功能区。排放标准及总量指标：生活污水排放标准补充污染因子总磷。按《佛山市生态环境局关于印发规范执行重点行业污染物排放标准的工作指,关键词已对应，待人工核验数值与字段归属,,
158_佛山市彩川合成材料有限公司新建项目_01_报批稿或报告表,监督检查清单,环境保护措施监督检查清单、监督检查清单,环境保护措施监督检查清单、监督检查清单,明废液压油的最大储存量取值依据。环境保护措施监督检查清单：更新各排气筒污染物的执行标准。附表、附图、附件：平面布置图中完善排气筒编号；建议以顺诚南路道路,明废液压油的最大储存量取值依据。环境保护措施监督检查清单：更新各排气筒污染物的执行标准。附表、附图、附件：平面布置图中完善排气筒编号；建议以顺诚南路道路,关键词已对应，待人工核验数值与字段归属,,
158_佛山市彩川合成材料有限公司新建项目_02_报批稿或报告表,项目基本情况,建设项目名称、建设地点、总投资,建设项目名称、建设地点、总投资, 1 — 一、建设项目基本情况 建设项目名称 佛山市彩川合成材料有限公司新建项目 项目代码 无 建设单位联系人 颜培颖 联系方式 18122379818, 1 — 一、建设项目基本情况 建设项目名称 佛山市彩川合成材料有限公司新建项目 项目代码 无 建设单位联系人 颜培颖 联系方式 18122379818,关键词已对应，待人工核验数值与字段归属,,
158_佛山市彩川合成材料有限公司新建项目_02_报批稿或报告表,产品与产量,产品名称、年产,产品名称、年产,性塑料粒、色母和色粉的生产，预计年产改性塑料粒 300 吨、色母 200 吨、 色粉 8 吨。 项目所在建筑为 9 层高的工业厂房（首层高度为 7.5m,性塑料粒、色母和色粉的生产，预计年产改性塑料粒 300 吨、色母 200 吨、 色粉 8 吨。 项目所在建筑为 9 层高的工业厂房（首层高度为 7.5m,关键词已对应，待人工核验数值与字段归属,,
158_佛山市彩川合成材料有限公司新建项目_02_报批稿或报告表,原辅材料,原辅材料、辅料,原辅材料、辅料,....... 84 附件 3 原辅材料成分报告 ...................................................,....... 84 附件 3 原辅材料成分报告 ...................................................,关键词已对应，待人工核验数值与字段归属,,
158_佛山市彩川合成材料有限公司新建项目_02_报批稿或报告表,生产设备,生产设施、设备一览,生产设施、设备一览,度不高于相应的排放 限值；车间或生产设施排气中 NMHC 初始排 放速率≥3kg/h 时，建设 VOCs 处理设施且处 理效率≥80%；b）厂区内无组织,度不高于相应的排放 限值；车间或生产设施排气中 NMHC 初始排 放速率≥3kg/h 时，建设 VOCs 处理设施且处 理效率≥80%；b）厂区内无组织,关键词已对应，待人工核验数值与字段归属,,
158_佛山市彩川合成材料有限公司新建项目_02_报批稿或报告表,工艺与产污,工艺流程、生产工艺、产污环节,工艺流程、生产工艺、产污环节,采购清单。鼓励重点行业企业 开展生产工艺和设备水性化改造，推广使用水性、 高固体分、无溶剂、粉末等低 VOCs 含量涂料。严 格落实《挥发性有机物无组织,采购清单。鼓励重点行业企业 开展生产工艺和设备水性化改造，推广使用水性、 高固体分、无溶剂、粉末等低 VOCs 含量涂料。严 格落实《挥发性有机物无组织,关键词已对应，待人工核验数值与字段归属,,
158_佛山市彩川合成材料有限公司新建项目_02_报批稿或报告表,源强与定量核算,产生量、排放量、收集效率,产生量、排放量、收集效率,..... 68 建设项目污染物排放量汇总表 .....................................................,..... 68 建设项目污染物排放量汇总表 .....................................................,关键词已对应，待人工核验数值与字段归属,,
158_佛山市彩川合成材料有限公司新建项目_02_报批稿或报告表,废气治理,废气治理、废气收集、活性炭,废气治理、废气收集、活性炭,排放挥发性有机物的车间必 须安装废气收集、回收净化装置 项目使用的塑料粒属于低 VOCs 原辅材料，挤出、注塑和 清理工序产生的废气经半密闭 型集气罩收,排放挥发性有机物的车间必 须安装废气收集、回收净化装置 项目使用的塑料粒属于低 VOCs 原辅材料，挤出、注塑和 清理工序产生的废气经半密闭 型集气罩收,关键词已对应，待人工核验数值与字段归属,,
158_佛山市彩川合成材料有限公司新建项目_02_报批稿或报告表,固废与危险废物,危险废物、固体废物、危废暂存,危险废物、固体废物、危废暂存,，日均产生量未超过三吨， 不属于危险废物，且经批准或者备案的环境影响评 价文件明确或者排污许可证、排污登记表登记载明 需要转移处理的工业废水。） 项目直,，日均产生量未超过三吨， 不属于危险废物，且经批准或者备案的环境影响评 价文件明确或者排污许可证、排污登记表登记载明 需要转移处理的工业废水。） 项目直,关键词已对应，待人工核验数值与字段归属,,
158_佛山市彩川合成材料有限公司新建项目_02_报批稿或报告表,总量与执行标准,总量控制、总量指标、执行标准,总量控制、总量指标、执行标准,业生产废水经预处理达到行业间接 排放标准和广东省地方标准《水污染物排 放限值》（DB44/26-2001）第二时段三级 标准较严者后排入五沙污水处理厂（,业生产废水经预处理达到行业间接 排放标准和广东省地方标准《水污染物排 放限值》（DB44/26-2001）第二时段三级 标准较严者后排入五沙污水处理厂（,关键词已对应，待人工核验数值与字段归属,,
158_佛山市彩川合成材料有限公司新建项目_02_报批稿或报告表,监督检查清单,环境保护措施监督检查清单、监督检查清单,环境保护措施监督检查清单、监督检查清单,.......... 36 五、环境保护措施监督检查清单 ...............................................,.......... 36 五、环境保护措施监督检查清单 ...............................................,关键词已对应，待人工核验数值与字段归属,,
158_佛山市彩川合成材料有限公司新建项目_03_报批稿或报告表,项目基本情况,,,,,原文未自动定位，待人工确认,,
158_佛山市彩川合成材料有限公司新建项目_03_报批稿或报告表,产品与产量,,,,,原文未自动定位，待人工确认,,
158_佛山市彩川合成材料有限公司新建项目_03_报批稿或报告表,原辅材料,,,,,原文未自动定位，待人工确认,,
158_佛山市彩川合成材料有限公司新建项目_03_报批稿或报告表,生产设备,,,,,原文未自动定位，待人工确认,,
158_佛山市彩川合成材料有限公司新建项目_03_报批稿或报告表,工艺与产污,,,,,原文未自动定位，待人工确认,,
158_佛山市彩川合成材料有限公司新建项目_03_报批稿或报告表,源强与定量核算,,,,,原文未自动定位，待人工确认,,
158_佛山市彩川合成材料有限公司新建项目_03_报批稿或报告表,废气治理,,,,,原文未自动定位，待人工确认,,
158_佛山市彩川合成材料有限公司新建项目_03_报批稿或报告表,固废与危险废物,,,,,原文未自动定位，待人工确认,,
158_佛山市彩川合成材料有限公司新建项目_03_报批稿或报告表,总量与执行标准,,,,,原文未自动定位，待人工确认,,
158_佛山市彩川合成材料有限公司新建项目_03_报批稿或报告表,监督检查清单,,,,,原文未自动定位，待人工确认,,
159_佛山市顺德区智成塑包装有限公司新建项目_01_报批稿或报告表,项目基本情况,建设项目名称、建设地点、总投资,建设项目名称、建设地点、总投资,公示声明 一、建设项目基本情况 建设项目名称 | 佛山市顺德区智成塑包装有限公司新建项目 项目代码 | / 建设单位联系人 | 廖秀婷 | 联系方式 |,公示声明 一、建设项目基本情况 建设项目名称 佛山市顺德区智成塑包装有限公司新建项目 项目代码 / 建设单位联系人 廖秀婷 联系方式 180386118,关键词已对应，待人工核验数值与字段归属,,
159_佛山市顺德区智成塑包装有限公司新建项目_01_报批稿或报告表,产品与产量,产品方案、主要产品、年产,产品方案、主要产品、年产,m2。项目主要从事塑料瓶的生产，年产塑料瓶700万个。 根据建设单位提供资料，项目总投资100万元，项目工程组成如表2-1所示。 表2-1 项目工程组成,2。 项目主要从事塑料瓶的生产，年产塑料瓶700万个。 根据建设单位提供资料，项目总投资100万元，项目工程组成如表2-1所示。 表2-1 项目工程组成,关键词已对应，待人工核验数值与字段归属,,
159_佛山市顺德区智成塑包装有限公司新建项目_01_报批稿或报告表,原辅材料,主要原辅材料、原辅材料,主要原辅材料、原辅材料,限制新建生产和使用高挥发性有机物原辅材料项目，优先开展低 VOCs含量原辅材料替代，强化无组织排放控制。原则上不再新建、扩建新增氮氧化物、烟（粉）尘排放,限制新建生产和使用高挥发性有机物原辅材料项目，优先开展低 VOCs含量原辅材料替代，强化无组织排放控制。 原则上不再新建、扩建新增氮氧化物、烟（粉）尘排,关键词已对应，待人工核验数值与字段归属,,
159_佛山市顺德区智成塑包装有限公司新建项目_01_报批稿或报告表,生产设备,主要生产设备、设备名称、生产设施,主要生产设备、设备名称、生产设施,浓度不高于相应的排放限值；车间或生产设施排气中NMHC初始排放速率≥3kg/h时，建设VOCs处理设施且处理效率≥80%；b）厂区内无组织排放监控点NM,度不高于相应的排放限值； 车间或生产设施排气中NMHC初始排放速率≥3kg/h时，建设VOCs处理设施且处理效率≥80%； b）厂区内无组织排放监控点N,关键词已对应，待人工核验数值与字段归属,,
159_佛山市顺德区智成塑包装有限公司新建项目_01_报批稿或报告表,工艺与产污,工艺流程、生产工艺、产污环节,工艺流程、生产工艺、产污环节,加强无组织排放控制。推进使用先进生产工艺。通过采用全密闭、连续化、自动化等生产技术，以及高效工艺与设备等，减少工艺过程无组织排放。挥发性有机液体装载优先,强无组织排放控制。 推进使用先进生产工艺。 通过采用全密闭、连续化、自动化等生产技术，以及高效工艺与设备等，减少工艺过程无组织排放。 挥发性有机液体装载,关键词已对应，待人工核验数值与字段归属,,
159_佛山市顺德区智成塑包装有限公司新建项目_01_报批稿或报告表,源强与定量核算,产生量、排放量、收集效率,产生量、排放量、收集效率,结论 65 附表 建设项目污染物排放量汇总表 附图1 项目地理位置图 附图2 项目车间平面布置图 附图3 项目周边环境敏感情况图 附图4 项目四至照片 ,．结论65 附表 建设项目污染物排放量汇总表 附图1 项目地理位置图 附图2 项目车间平面布置图 附图3 项目周边环境敏感情况图 附图4 项目四至照片 ,关键词已对应，待人工核验数值与字段归属,,
159_佛山市顺德区智成塑包装有限公司新建项目_01_报批稿或报告表,废气治理,废气治理、废气收集、活性炭,废气治理、废气收集、活性炭,使用密闭的包装袋封装。符合2.4废气收集-废气收集系统的输送管道应密闭。废气收集系统应在负压下运行，若处于正压状态，应对管道组件的密封垫进行泄漏检测，泄,密闭的包装袋封装。 符合2. 4废气收集-废气收集系统的输送管道应密闭。 废气收集系统应在负压下运行，若处于正压状态，应对管道组件的密封垫进行泄漏检测，,关键词已对应，待人工核验数值与字段归属,,
159_佛山市顺德区智成塑包装有限公司新建项目_01_报批稿或报告表,固废与危险废物,危险废物、固体废物、危废暂存,危险废物、固体废物、危废暂存,00m2），储存原料及放置产品。危险废物暂存间1个，存放危险废物，位于生产车间内；危险废物收集后暂存于危险废物暂存间内（面积10m2）。一般工业固废堆场,0m2），储存原料及放置产品。 危险废物暂存间1个，存放危险废物，位于生产车间内； 危险废物收集后暂存于危险废物暂存间内（面积10m2）。 一般工业固废,关键词已对应，待人工核验数值与字段归属,,
159_佛山市顺德区智成塑包装有限公司新建项目_01_报批稿或报告表,总量与执行标准,总量控制、总量指标、执行标准,总量控制、总量指标、执行标准,尾水应执行《城镇污水处理广污染物排放标准》(GB18918-2002) 一级A标准及《广东省水污染物排放限值》(DB44/26-2001) 的较严值项目,尾水应执行《城镇污水处理广污染物排放标准》(GB18918-2002) 一级A标准及《广东省水污染物排放限值》(DB44/26-2001) 的较严值项目,关键词已对应，待人工核验数值与字段归属,,
159_佛山市顺德区智成塑包装有限公司新建项目_01_报批稿或报告表,监督检查清单,环境保护措施监督检查清单、监督检查清单,环境保护措施监督检查清单、监督检查清单,要环境影响和保护措施 35 五．环境保护措施监督检查清单 62 六．结论 65 附表 建设项目污染物排放量汇总表 附图1 项目地理位置图 附图2 项目车,主要环境影响和保护措施35 五．环境保护措施监督检查清单62 六．结论65 附表 建设项目污染物排放量汇总表 附图1 项目地理位置图 附图2 项目车间平,关键词已对应，待人工核验数值与字段归属,,
159_佛山市顺德区智成塑包装有限公司新建项目_02_报批稿或报告表,项目基本情况,建设项目名称、建设地点、总投资,建设项目名称、建设地点、总投资,声明 1 一、建设项目基本情况 建设项目名称 佛山市顺德区智成塑包装有限公司新建项目 项目代码 / 建设单位联系 人 廖秀婷 联系方式 18038611,5页 1 一、建设项目基本情况 建设项目名称 佛山市顺德区智成塑包装有限公司新建项目 项目代码 / 建设单位联系 人 廖秀婷 联系方式 18038611,关键词已对应，待人工核验数值与字段归属,,
159_佛山市顺德区智成塑包装有限公司新建项目_02_报批稿或报告表,产品与产量,产品方案、主要产品、年产,产品方案、主要产品、年产,2。项目 主要从事塑料瓶的生产，年产塑料瓶 700 万个。 根据建设单位提供资料，项目总投资 100 万元，项目工程组成如表 2-1 所示。 表 2-1,2。项目 主要从事塑料瓶的生产，年产塑料瓶 700 万个。 根据建设单位提供资料，项目总投资 100 万元，项目工程组成如表 2-1 所示。 表 2-1,关键词已对应，待人工核验数值与字段归属,,
159_佛山市顺德区智成塑包装有限公司新建项目_02_报批稿或报告表,原辅材料,主要原辅材料、原辅材料,主要原辅材料、原辅材料,制新建生产和使用高 挥发性有机物原辅材料项目，优先开展低 VOCs 含量原辅材料替代，强化无组织排 项目生产过程没 有氮氧化物、烟 （粉）尘产生 符合 ,制新建生产和使用高 挥发性有机物原辅材料项目，优先开展低 VOCs 含量原辅材料替代，强化无组织排 项目生产过程没 有氮氧化物、烟 （粉）尘产生 符合 ,关键词已对应，待人工核验数值与字段归属,,
159_佛山市顺德区智成塑包装有限公司新建项目_02_报批稿或报告表,生产设备,主要生产设备、设备名称、生产设施,主要生产设备、设备名称、生产设施,量核算一览表 序号 清洗剂种类 设备名称 数量 （张） 清洗频次 （次/天） 年生产天数 （天） 单台设备单次 洗网水使用量 （g/张） 洗网水使用 量,量核算一览表 序号 清洗剂种类 设备名称 数量 （张） 清洗频次 （次/天） 年生产天数 （天） 单台设备单次 洗网水使用量 （g/张） 洗网水使用 量,关键词已对应，待人工核验数值与字段归属,,
159_佛山市顺德区智成塑包装有限公司新建项目_02_报批稿或报告表,工艺与产污,工艺流程、生产工艺、产污环节,工艺流程、生产工艺、产污环节,强无组织排放控制。推进使用先进 生产工艺。通过采用全密闭、连续化、自 动化等生产技术，以及高效工艺与设备等， 减少工艺过程无组织排放。挥发性有机液 体装,强无组织排放控制。推进使用先进 生产工艺。通过采用全密闭、连续化、自 动化等生产技术，以及高效工艺与设备等， 减少工艺过程无组织排放。挥发性有机液 体装,关键词已对应，待人工核验数值与字段归属,,
159_佛山市顺德区智成塑包装有限公司新建项目_02_报批稿或报告表,源强与定量核算,产生量、排放量、收集效率,产生量、排放量、收集效率,...65 附表 建设项目污染物排放量汇总表 附图 1 项目地理位置图 附图 2 项目车间平面布置图 附图 3 项目周边环境敏感情况图 附图 4 项目四,...65 附表 建设项目污染物排放量汇总表 附图 1 项目地理位置图 附图 2 项目车间平面布置图 附图 3 项目周边环境敏感情况图 附图 4 项目四,关键词已对应，待人工核验数值与字段归属,,
159_佛山市顺德区智成塑包装有限公司新建项目_02_报批稿或报告表,废气治理,废气治理、废气收集、活性炭,废气治理、废气收集、活性炭,闭的包装袋封装。 符合 2.4 废气收集-废气收集系统的输送管道应密 闭。废气收集系统应在负压下运行，若 处于正压状态，应对管道组件的密封垫进 行泄漏检,闭的包装袋封装。 符合 2.4 废气收集-废气收集系统的输送管道应密 闭。废气收集系统应在负压下运行，若 处于正压状态，应对管道组件的密封垫进 行泄漏检,关键词已对应，待人工核验数值与字段归属,,
159_佛山市顺德区智成塑包装有限公司新建项目_02_报批稿或报告表,固废与危险废物,危险废物、固体废物、危废暂存,危险废物、固体废物、危废暂存,m2）， 储存原料及放置产品。 危险废物暂存间 1 个，存放危险废物，位于生产车间内；危险废物收集后 暂存于危险废物暂存间内（面积 10m2）。 一般工,m2）， 储存原料及放置产品。 危险废物暂存间 1 个，存放危险废物，位于生产车间内；危险废物收集后 暂存于危险废物暂存间内（面积 10m2）。 一般工,关键词已对应，待人工核验数值与字段归属,,
159_佛山市顺德区智成塑包装有限公司新建项目_02_报批稿或报告表,总量与执行标准,总量控制、总量指标、执行标准,总量控制、总量指标、执行标准,水应执行《城镇污水处理广污 染物排放标准》(GB18918-2002) 一级 A 标准及《广东省水污染物排放限值》 (DB44/26-2001) 的较严,水应执行《城镇污水处理广污 染物排放标准》(GB18918-2002) 一级 A 标准及《广东省水污染物排放限值》 (DB44/26-2001) 的较严,关键词已对应，待人工核验数值与字段归属,,
159_佛山市顺德区智成塑包装有限公司新建项目_02_报批稿或报告表,监督检查清单,环境保护措施监督检查清单、监督检查清单,环境保护措施监督检查清单、监督检查清单,.......... 35 五．环境保护措施监督检查清单 ...............................................,.......... 35 五．环境保护措施监督检查清单 ...............................................,关键词已对应，待人工核验数值与字段归属,,
159_佛山市顺德区智成塑包装有限公司新建项目_03_报批稿或报告表,项目基本情况,,,,,原文未自动定位，待人工确认,,
159_佛山市顺德区智成塑包装有限公司新建项目_03_报批稿或报告表,产品与产量,年产,年产,，主要从事塑料瓶的生产。项目计划年产塑料瓶 700 万个。项目的规模及工艺见《报告表》。 根据《报告表》的评价结论，结合佛山市生态环境局顺德分 佛 山 ,，主要从事塑料瓶的生产。项目计划年产塑料瓶 700 万个。项目的规模及工艺见《报告表》。 根据《报告表》的评价结论，结合佛山市生态环境局顺德分 佛 山 ,关键词已对应，待人工核验数值与字段归属,,
159_佛山市顺德区智成塑包装有限公司新建项目_03_报批稿或报告表,原辅材料,,,,,原文未自动定位，待人工确认,,
159_佛山市顺德区智成塑包装有限公司新建项目_03_报批稿或报告表,生产设备,,,,,原文未自动定位，待人工确认,,
159_佛山市顺德区智成塑包装有限公司新建项目_03_报批稿或报告表,工艺与产污,,,,,原文未自动定位，待人工确认,,
159_佛山市顺德区智成塑包装有限公司新建项目_03_报批稿或报告表,源强与定量核算,排放量,排放量,）项目 VOCs（含非甲烷总烃）排放量为 1.245 吨/年， 其中有组织排放量为 0.415 吨/年，无组织排放量为 0.83 吨/年。 四、《报告表,）项目 VOCs（含非甲烷总烃）排放量为 1.245 吨/年， 其中有组织排放量为 0.415 吨/年，无组织排放量为 0.83 吨/年。 四、《报告表,关键词已对应，待人工核验数值与字段归属,,
159_佛山市顺德区智成塑包装有限公司新建项目_03_报批稿或报告表,废气治理,废气收集、活性炭、排气筒,废气收集、活性炭、排气筒,有机物无组织排放控制，并采取有效废气收集处理措 施，最大限度减少废气排放影响。 1．吹瓶、丝印、固化、清洁、贴标等工序产生的废气经集 气罩收集后通过活性,有机物无组织排放控制，并采取有效废气收集处理措 施，最大限度减少废气排放影响。 1．吹瓶、丝印、固化、清洁、贴标等工序产生的废气经集 气罩收集后通过活性,关键词已对应，待人工核验数值与字段归属,,
159_佛山市顺德区智成塑包装有限公司新建项目_03_报批稿或报告表,固废与危险废物,危险废物、固体废物,危险废物、固体废物,008）3 类标准。 （四）项目危险废物、一般工业固体废物贮存及处置应符合 法律法规及国家污染物控制标准要求。一般工业固体废物贮存过 程应满足相应防渗漏,008）3 类标准。 （四）项目危险废物、一般工业固体废物贮存及处置应符合 法律法规及国家污染物控制标准要求。一般工业固体废物贮存过 程应满足相应防渗漏,关键词已对应，待人工核验数值与字段归属,,
159_佛山市顺德区智成塑包装有限公司新建项目_03_报批稿或报告表,总量与执行标准,总量控制、排放标准,总量控制、排放标准,并确 保污染物排放稳定达标且符合总量控制要求的前提下，项目按照 《报告表》中所列的性质、规模、地点进行建设，从生态环境保 护角度可行。 三、你单位应按照,并确 保污染物排放稳定达标且符合总量控制要求的前提下，项目按照 《报告表》中所列的性质、规模、地点进行建设，从生态环境保 护角度可行。 三、你单位应按照,关键词已对应，待人工核验数值与字段归属,,
159_佛山市顺德区智成塑包装有限公司新建项目_03_报批稿或报告表,监督检查清单,,,,,原文未自动定位，待人工确认,,
160_鹏彩科技（佛山市）有限公司新建项目_01_报批稿或报告表,项目基本情况,建设项目名称、建设地点、总投资,建设项目名称、建设地点、总投资,公示声明 一、建设项目基本情况 建设项目名称 | 鹏彩科技（佛山市）有限公司新建项目 项目代码 | / 建设单位联系人 | 毛绪 | 联系方式 | 13,公示声明 一、建设项目基本情况 建设项目名称 鹏彩科技（佛山市）有限公司新建项目 项目代码 / 建设单位联系人 毛绪 联系方式 13924098168 ,关键词已对应，待人工核验数值与字段归属,,
160_鹏彩科技（佛山市）有限公司新建项目_01_报批稿或报告表,产品与产量,产品名称、年产,产品名称、年产,事色粉、色母、工程料的生产，预计年产色粉20吨、色母20吨、工程料200吨。项目年工作300天，每天工作8小时，员工人数为10人。根据建设单位提供的资料,事色粉、色母、工程料的生产，预计年产色粉20吨、色母20吨、工程料200吨。 项目年工作300天，每天工作8小时，员工人数为10人。 根据建设单位提供的,关键词已对应，待人工核验数值与字段归属,,
160_鹏彩科技（佛山市）有限公司新建项目_01_报批稿或报告表,原辅材料,主要原辅材料、原辅材料、辅料,主要原辅材料、原辅材料、辅料,排放管控，大力推进低VOCs含量原辅材料替代。产生VOCs的生产车间须配置废气收集净化装置。排放挥发性有机物的车间必须安装废气收集、回收净化装置。项目使,排放管控，大力推进低VOCs含量原辅材料替代。 产生VOCs的生产车间须配置废气收集净化装置。 排放挥发性有机物的车间必须安装废气收集、回收净化装置。 ,关键词已对应，待人工核验数值与字段归属,,
160_鹏彩科技（佛山市）有限公司新建项目_01_报批稿或报告表,生产设备,主要生产设备、设备名称、生产设施,主要生产设备、设备名称、生产设施,浓度不高于相应的排放限值；车间或生产设施排气中 NMHC初始排放速率≥3 kg/h 时，建设 VOCs 处理设施且处理效率≥80%；b）厂区内无组织排放,度不高于相应的排放限值； 车间或生产设施排气中 NMHC初始排放速率≥3 kg/h 时，建设 VOCs 处理设施且处理效率≥80%； b）厂区内无组织排,关键词已对应，待人工核验数值与字段归属,,
160_鹏彩科技（佛山市）有限公司新建项目_01_报批稿或报告表,工艺与产污,工艺流程、生产工艺、产污环节,工艺流程、生产工艺、产污环节,料替代，加快涉VOCs重点行业的生产工艺升级改造，推行自动化生产工艺，对达不到要求的VOCs收集及治理设施进行整治提升，逐步淘汰低效VOCs治理设施。项,料替代，加快涉VOCs重点行业的生产工艺升级改造，推行自动化生产工艺，对达不到要求的VOCs收集及治理设施进行整治提升，逐步淘汰低效VOCs治理设施。 ,关键词已对应，待人工核验数值与字段归属,,
160_鹏彩科技（佛山市）有限公司新建项目_01_报批稿或报告表,源强与定量核算,产生量、排放量、收集效率,产生量、排放量、收集效率,环境质量不满足标准要求。项目废气产生量较小，废气经过收集处理后排放，对周边环境影响很小。项目生活污水经三级化粪池预处理达标后通过市政管网进入五沙污水处理,境质量不满足标准要求。 项目废气产生量较小，废气经过收集处理后排放，对周边环境影响很小。 项目生活污水经三级化粪池预处理达标后通过市政管网进入五沙污水处,关键词已对应，待人工核验数值与字段归属,,
160_鹏彩科技（佛山市）有限公司新建项目_01_报批稿或报告表,废气治理,废气治理、废气收集、活性炭,废气治理、废气收集、活性炭,代。产生VOCs的生产车间须配置废气收集净化装置。排放挥发性有机物的车间必须安装废气收集、回收净化装置。项目使用的塑料粒属于低VOCs原辅材料，挤出、注,。 产生VOCs的生产车间须配置废气收集净化装置。 排放挥发性有机物的车间必须安装废气收集、回收净化装置。 项目使用的塑料粒属于低VOCs原辅材料，挤出,关键词已对应，待人工核验数值与字段归属,,
160_鹏彩科技（佛山市）有限公司新建项目_01_报批稿或报告表,固废与危险废物,危险废物、固体废物、危废暂存,危险废物、固体废物、危废暂存,处理方式资质佐证材料。 项目建立危险废物台账，定期将废活性炭等危险废物交给有资质的单位处理，整理危废处理合同、转移联单等资料。 符合 2.《固定污染源挥,处理方式资质佐证材料。 项目建立危险废物台账，定期将废活性炭等危险废物交给有资质的单位处理，整理危废处理合同、转移联单等资料。 符合2. 《固定污染源挥,关键词已对应，待人工核验数值与字段归属,,
160_鹏彩科技（佛山市）有限公司新建项目_01_报批稿或报告表,总量与执行标准,总量控制、总量指标、执行标准,总量控制、总量指标、执行标准,企业生产废水经预处理达到行业间接排放标准和广东省地方标准《水污染物排放限值》（DB44/26-2001）第二时段三级标准较严者后排入五沙污水处理厂（企业,企业生产废水经预处理达到行业间接排放标准和广东省地方标准《水污染物排放限值》（DB44/26-2001）第二时段三级标准较严者后排入五沙污水处理厂（企业,关键词已对应，待人工核验数值与字段归属,,
160_鹏彩科技（佛山市）有限公司新建项目_01_报批稿或报告表,监督检查清单,环境保护措施监督检查清单、监督检查清单,环境保护措施监督检查清单、监督检查清单,要环境影响和保护措施 42 五、环境保护措施监督检查清单 80 六、结论 82 附表 83 附图1 项目地理位置图 附图2 项目与补充监测点位位置关系图,主要环境影响和保护措施42 五、环境保护措施监督检查清单80 六、结论82 附表83 附图1 项目地理位置图 附图2 项目与补充监测点位位置关系图 附图,关键词已对应，待人工核验数值与字段归属,,
160_鹏彩科技（佛山市）有限公司新建项目_02_报批稿或报告表,项目基本情况,建设项目名称、建设地点、总投资,建设项目名称、建设地点、总投资,声明 1 一、建设项目基本情况 建设项目名称 鹏彩科技（佛山市）有限公司新建项目 项目代码 / 建设单位联系人 毛绪 联系方式 13924098168 ,0页 1 一、建设项目基本情况 建设项目名称 鹏彩科技（佛山市）有限公司新建项目 项目代码 / 建设单位联系人 毛绪 联系方式 13924098168 ,关键词已对应，待人工核验数值与字段归属,,
160_鹏彩科技（佛山市）有限公司新建项目_02_报批稿或报告表,产品与产量,产品名称、年产,产品名称、年产,色粉、色母、工程料的生产， 预计年产色粉 20 吨、色母 20 吨、工程料 200 吨。项目年工作 300 天，每天工作 8 小时，员 工人数为 10 ,色粉、色母、工程料的生产， 预计年产色粉 20 吨、色母 20 吨、工程料 200 吨。项目年工作 300 天，每天工作 8 小时，员 工人数为 10 ,关键词已对应，待人工核验数值与字段归属,,
160_鹏彩科技（佛山市）有限公司新建项目_02_报批稿或报告表,原辅材料,主要原辅材料、原辅材料、辅料,主要原辅材料、原辅材料、辅料,项目使用的塑料粒属于低VOCs 原辅材料，挤出、注塑废气经半密闭 型集气罩收集后引至一套“活性炭吸 附”装置处理，最终引至45m高排气 筒DA001排放,项目使用的塑料粒属于低VOCs 原辅材料，挤出、注塑废气经半密闭 型集气罩收集后引至一套“活性炭吸 附”装置处理，最终引至45m高排气 筒DA001排放,关键词已对应，待人工核验数值与字段归属,,
160_鹏彩科技（佛山市）有限公司新建项目_02_报批稿或报告表,生产设备,主要生产设备、设备名称、生产设施,主要生产设备、设备名称、生产设施,度不高于相应的排放限值；车 间或生产设施排气中 NMHC 初始 排放速率≥3 kg/h 时，建设 VOCs 处理设施且处理效率≥80%；b）厂 区内无组,度不高于相应的排放限值；车 间或生产设施排气中 NMHC 初始 排放速率≥3 kg/h 时，建设 VOCs 处理设施且处理效率≥80%；b）厂 区内无组,关键词已对应，待人工核验数值与字段归属,,
160_鹏彩科技（佛山市）有限公司新建项目_02_报批稿或报告表,工艺与产污,工艺流程、生产工艺、产污环节,工艺流程、生产工艺、产污环节,代，加快涉 VOCs 重点行业的生产工艺升级改 造，推行自动化生产工艺，对达不 到要求的 VOCs 收集及治理设施进 行整治提升，逐步淘汰低效 VOCs,代，加快涉 VOCs 重点行业的生产工艺升级改 造，推行自动化生产工艺，对达不 到要求的 VOCs 收集及治理设施进 行整治提升，逐步淘汰低效 VOCs,关键词已对应，待人工核验数值与字段归属,,
160_鹏彩科技（佛山市）有限公司新建项目_02_报批稿或报告表,源强与定量核算,产生量、排放量、收集效率,产生量、排放量、收集效率,境质 量不满足标准要求。项目废气产生量较小，废气经过收集处理后排放，对周边 环境影响很小。项目生活污水经三级化粪池预处理达标后通过市政管网进入五 沙污水,境质 量不满足标准要求。项目废气产生量较小，废气经过收集处理后排放，对周边 环境影响很小。项目生活污水经三级化粪池预处理达标后通过市政管网进入五 沙污水,关键词已对应，待人工核验数值与字段归属,,
160_鹏彩科技（佛山市）有限公司新建项目_02_报批稿或报告表,废气治理,废气治理、废气收集、活性炭,废气治理、废气收集、活性炭,。产生VOCs的生产车间须配置 废气收集净化装置。排放挥发性有机 物的车间必须安装废气收集、回收净 化装置。 项目使用的塑料粒属于低VOCs 原辅材料，,。产生VOCs的生产车间须配置 废气收集净化装置。排放挥发性有机 物的车间必须安装废气收集、回收净 化装置。 项目使用的塑料粒属于低VOCs 原辅材料，,关键词已对应，待人工核验数值与字段归属,,
160_鹏彩科技（佛山市）有限公司新建项目_02_报批稿或报告表,固废与危险废物,危险废物、固体废物、危废暂存,危险废物、固体废物、危废暂存,理 方式资质佐证材料。 项目建立危险废物台账，定期 将废活性炭等危险废物交给 有资质的单位处理，整理危废 处理合同、转移联单等资料。 符合 20 2.《,理 方式资质佐证材料。 项目建立危险废物台账，定期 将废活性炭等危险废物交给 有资质的单位处理，整理危废 处理合同、转移联单等资料。 符合 第29页 2,关键词已对应，待人工核验数值与字段归属,,
160_鹏彩科技（佛山市）有限公司新建项目_02_报批稿或报告表,总量与执行标准,总量控制、总量指标、执行标准,总量控制、总量指标、执行标准,业生产废 水经预处理达到行业间接排放标准和 项目产生的生活污水经三级化粪处 理达到广东省地方标准《水污染排放 限值》（DB44/26-2001）第二时段,业生产废 水经预处理达到行业间接排放标准和 项目产生的生活污水经三级化粪处 理达到广东省地方标准《水污染排放 限值》（DB44/26-2001）第二时段,关键词已对应，待人工核验数值与字段归属,,
160_鹏彩科技（佛山市）有限公司新建项目_02_报批稿或报告表,监督检查清单,环境保护措施监督检查清单、监督检查清单,环境保护措施监督检查清单、监督检查清单,.......... 42 五、环境保护措施监督检查清单 ...............................................,.......... 42 五、环境保护措施监督检查清单 ...............................................,关键词已对应，待人工核验数值与字段归属,,
160_鹏彩科技（佛山市）有限公司新建项目_03_报批稿或报告表,项目基本情况,,,,,原文未自动定位，待人工确认,,
160_鹏彩科技（佛山市）有限公司新建项目_03_报批稿或报告表,产品与产量,,,,,原文未自动定位，待人工确认,,
160_鹏彩科技（佛山市）有限公司新建项目_03_报批稿或报告表,原辅材料,,,,,原文未自动定位，待人工确认,,
160_鹏彩科技（佛山市）有限公司新建项目_03_报批稿或报告表,生产设备,,,,,原文未自动定位，待人工确认,,
160_鹏彩科技（佛山市）有限公司新建项目_03_报批稿或报告表,工艺与产污,,,,,原文未自动定位，待人工确认,,
160_鹏彩科技（佛山市）有限公司新建项目_03_报批稿或报告表,源强与定量核算,,,,,原文未自动定位，待人工确认,,
160_鹏彩科技（佛山市）有限公司新建项目_03_报批稿或报告表,废气治理,,,,,原文未自动定位，待人工确认,,
160_鹏彩科技（佛山市）有限公司新建项目_03_报批稿或报告表,固废与危险废物,,,,,原文未自动定位，待人工确认,,
160_鹏彩科技（佛山市）有限公司新建项目_03_报批稿或报告表,总量与执行标准,,,,,原文未自动定位，待人工确认,,
160_鹏彩科技（佛山市）有限公司新建项目_03_报批稿或报告表,监督检查清单,,,,,原文未自动定位，待人工确认,,
161_广东顺德意达电子薄膜器件有限公司新建项目_01_报批稿或报告表,项目基本情况,建设项目名称、建设地点、总投资,建设项目名称、建设地点、总投资, 115 一、建设项目基本情况 建设项目名称 | 广东顺德意达电子薄膜器件有限公司新建项目 项目代码 | 无 建设单位联系人 | 熊传华 | 联系方式 ,明115 一、建设项目基本情况 建设项目名称 广东顺德意达电子薄膜器件有限公司新建项目 项目代码 无 建设单位联系人 熊传华 联系方式 13922856,关键词已对应，待人工核验数值与字段归属,,
161_广东顺德意达电子薄膜器件有限公司新建项目_01_报批稿或报告表,产品与产量,主要产品、产品名称、年产,主要产品、产品名称、年产,物经营许可证的单位回收处置本项目主要产品年产量表2-2 本项目主要产品年产量序号产品名称单位产量单位产品印刷面积印刷厚度备注1彩膜贴合组件万片55000,物经营许可证的单位回收处置本项目主要产品年产量表2-2 本项目主要产品年产量序号产品名称单位产量单位产品印刷面积印刷厚度备注1彩膜贴合组件万片55000,关键词已对应，待人工核验数值与字段归属,,
161_广东顺德意达电子薄膜器件有限公司新建项目_01_报批稿或报告表,原辅材料,主要原辅材料、原辅材料、原料名称,主要原辅材料、原辅材料、原料名称,件的加工生产，生产的产品及使用的原辅材料均不属于《环境保护综合名录（2021年版）》 中“高污染、高环境风险”产品名录，符合要求。3、项目与“三线一单”,件的加工生产，生产的产品及使用的原辅材料均不属于《环境保护综合名录（2021年版）》 中“高污染、高环境风险”产品名录，符合要求。 3、项目与“三线一单,关键词已对应，待人工核验数值与字段归属,,
161_广东顺德意达电子薄膜器件有限公司新建项目_01_报批稿或报告表,生产设备,主要生产设备、设备名称、生产设施,主要生产设备、设备名称、生产设施,浓度不高于相应的排放限值；车间或生产设施排气中NMHC初始排放速率≥3kg/h时，建设VOCs处理设施且处理效率≥80%；b）厂区内无组织排放监控点NM,度不高于相应的排放限值； 车间或生产设施排气中NMHC初始排放速率≥3kg/h时，建设VOCs处理设施且处理效率≥80%； b）厂区内无组织排放监控点N,关键词已对应，待人工核验数值与字段归属,,
161_广东顺德意达电子薄膜器件有限公司新建项目_01_报批稿或报告表,工艺与产污,工艺流程、生产工艺、产污环节,工艺流程、生产工艺、产污环节,色采购清单。鼓励重点行业企业开展生产工艺和设备水性化改造，推广使用水性、高固体分、无溶剂、粉末等低VOCs含量涂料。严格落实《挥发性有机物无组织排放控制,采购清单。 鼓励重点行业企业开展生产工艺和设备水性化改造，推广使用水性、高固体分、无溶剂、粉末等低VOCs含量涂料。 严格落实《挥发性有机物无组织排放控,关键词已对应，待人工核验数值与字段归属,,
161_广东顺德意达电子薄膜器件有限公司新建项目_01_报批稿或报告表,源强与定量核算,产生量、排放量、收集效率,产生量、排放量、收集效率,67 附表 68 建设项目污染物排放量汇总表 68 附图1 项目地理位置 69 附图2 项目周围环境及噪声现状监测布点位图 70 附图3 项目周边敏感点,论67 附表68 建设项目污染物排放量汇总表68 附图1 项目地理位置69 附图2 项目周围环境及噪声现状监测布点位图70 附图3 项目周边敏感点分布图,关键词已对应，待人工核验数值与字段归属,,
161_广东顺德意达电子薄膜器件有限公司新建项目_01_报批稿或报告表,废气治理,废气治理、废气收集、活性炭,废气治理、废气收集、活性炭,经“集气罩+帘幕”收集后通过二级活性炭吸附处理后通过楼顶45m排气筒G1排放，符合重点管控单元的要求。4、与《佛山市人民政府关于印发佛山市“三线一单”生,经“集气罩+帘幕”收集后通过二级活性炭吸附处理后通过楼顶45m排气筒G1排放，符合重点管控单元的要求。 4、与《佛山市人民政府关于印发佛山市“三线一单”,关键词已对应，待人工核验数值与字段归属,,
161_广东顺德意达电子薄膜器件有限公司新建项目_01_报批稿或报告表,固废与危险废物,危险废物、固体废物、危废暂存,危险废物、固体废物、危废暂存,园区环境风险防控区域。项目产生的危险废物拟定期委托有资质的处置公司进行收集处理，并通过信息系统登记转移计划和电子转移联单，符合危险废物全过程跟踪管理的防,区环境风险防控区域。 项目产生的危险废物拟定期委托有资质的处置公司进行收集处理，并通过信息系统登记转移计划和电子转移联单，符合危险废物全过程跟踪管理的防,关键词已对应，待人工核验数值与字段归属,,
161_广东顺德意达电子薄膜器件有限公司新建项目_01_报批稿或报告表,总量与执行标准,总量控制、总量指标、执行标准,总量控制、总量指标、执行标准,/26-2001）第一类污染物的排放标准后纳入园区污水管道送工业园污水处理厂处理。本园区应按照《报告书》拟定的入园企业类别引进企业项目，并应避免引入生产,/26-2001）第一类污染物的排放标准后纳入园区污水管道送工业园污水处理厂处理。 本园区应按照《报告书》拟定的入园企业类别引进企业项目，并应避免引入生,关键词已对应，待人工核验数值与字段归属,,
161_广东顺德意达电子薄膜器件有限公司新建项目_01_报批稿或报告表,监督检查清单,环境保护措施监督检查清单、监督检查清单,环境保护措施监督检查清单、监督检查清单,要环境影响和保护措施 34 五、环境保护措施监督检查清单 64 六、结论 67 附表 68 建设项目污染物排放量汇总表 68 附图1 项目地理位置 69,主要环境影响和保护措施34 五、环境保护措施监督检查清单64 六、结论67 附表68 建设项目污染物排放量汇总表68 附图1 项目地理位置69 附图2 ,关键词已对应，待人工核验数值与字段归属,,
161_广东顺德意达电子薄膜器件有限公司新建项目_02_报批稿或报告表,项目基本情况,建设项目名称、建设地点、总投资,建设项目名称、建设地点、总投资, 1 — 一、建设项目基本情况 建设项目名称 广东顺德意达电子薄膜器件有限公司新建项目 项目代码 无 建设单位联系人 熊传华 联系方式 13922856, 1 — 一、建设项目基本情况 建设项目名称 广东顺德意达电子薄膜器件有限公司新建项目 项目代码 无 建设单位联系人 熊传华 联系方式 13922856,关键词已对应，待人工核验数值与字段归属,,
161_广东顺德意达电子薄膜器件有限公司新建项目_02_报批稿或报告表,产品与产量,主要产品、产品名称、年产,主要产品、产品名称、年产,可证 的单位回收处置 3、本项目主要产品年产量 表 2-2 本项目主要产品年产量 序号 产品名称 单位 产量 单位产品印刷面积 印刷厚度 备注 1 彩膜,可证 的单位回收处置 3、本项目主要产品年产量 表 2-2 本项目主要产品年产量 序号 产品名称 单位 产量 单位产品印刷面积 印刷厚度 备注 1 彩膜,关键词已对应，待人工核验数值与字段归属,,
161_广东顺德意达电子薄膜器件有限公司新建项目_02_报批稿或报告表,原辅材料,主要原辅材料、原辅材料、原料名称,主要原辅材料、原辅材料、原料名称,的加工生产，生产的产品及使用的 原辅材料均不属于《环境保护综合名录（2021 年版）》 中“高污 染、高环境风险”产品名录，符合要求。 3、项目与“三线,的加工生产，生产的产品及使用的 原辅材料均不属于《环境保护综合名录（2021 年版）》 中“高污 染、高环境风险”产品名录，符合要求。 3、项目与“三线,关键词已对应，待人工核验数值与字段归属,,
161_广东顺德意达电子薄膜器件有限公司新建项目_02_报批稿或报告表,生产设备,主要生产设备、设备名称、生产设施,主要生产设备、设备名称、生产设施,度不高于相应的排放限值；车间 或生产设施排气中 NMHC 初始排 放速率≥3kg/h 时，建设 VOCs 处 理设施且处理效率≥80%；b）厂 区内无组,度不高于相应的排放限值；车间 或生产设施排气中 NMHC 初始排 放速率≥3kg/h 时，建设 VOCs 处 理设施且处理效率≥80%；b）厂 区内无组,关键词已对应，待人工核验数值与字段归属,,
161_广东顺德意达电子薄膜器件有限公司新建项目_02_报批稿或报告表,工艺与产污,工艺流程、生产工艺、产污环节,工艺流程、生产工艺、产污环节,，加快涉 VOCs 重点行业的 生产工艺升级改造，推行自动化生产工艺，对达不到要求的 VOCs 收集及治理设 施进行整治提升，逐步淘汰低效 VOCs 治,，加快涉 VOCs 重点行业的 生产工艺升级改造，推行自动化生产工艺，对达不到要求的 VOCs 收集及治理设 施进行整治提升，逐步淘汰低效 VOCs 治,关键词已对应，待人工核验数值与字段归属,,
161_广东顺德意达电子薄膜器件有限公司新建项目_02_报批稿或报告表,源强与定量核算,产生量、排放量、收集效率,产生量、排放量、收集效率,..... 68 建设项目污染物排放量汇总表 .....................................................,..... 68 建设项目污染物排放量汇总表 .....................................................,关键词已对应，待人工核验数值与字段归属,,
161_广东顺德意达电子薄膜器件有限公司新建项目_02_报批稿或报告表,废气治理,废气治理、废气收集、活性炭,废气治理、废气收集、活性炭,“集气 罩+帘幕”收集后通过二级活性炭吸附处理后通过楼顶 45m 排气筒 G1 排放，符合重点管控单元的要求。 4、与《佛山市人民政府关于印发佛山市“三,“集气 罩+帘幕”收集后通过二级活性炭吸附处理后通过楼顶 45m 排气筒 G1 排放，符合重点管控单元的要求。 4、与《佛山市人民政府关于印发佛山市“三,关键词已对应，待人工核验数值与字段归属,,
161_广东顺德意达电子薄膜器件有限公司新建项目_02_报批稿或报告表,固废与危险废物,危险废物、固体废物、危废暂存,危险废物、固体废物、危废暂存,区环境风险防控区域。项目产生的 危险废物拟定期委托有资质的处置公司进行收集处理，并通过信息 系统登记转移计划和电子转移联单，符合危险废物全过程跟踪管理 ,区环境风险防控区域。项目产生的 危险废物拟定期委托有资质的处置公司进行收集处理，并通过信息 系统登记转移计划和电子转移联单，符合危险废物全过程跟踪管理 ,关键词已对应，待人工核验数值与字段归属,,
161_广东顺德意达电子薄膜器件有限公司新建项目_02_报批稿或报告表,总量与执行标准,总量控制、总量指标、执行标准,总量控制、总量指标、执行标准,目所在镇街分局出 具 VOCs 总量指标来源及替代削 减方案的意见，开展总量替代 项目总 VOCs 排放总量 为 0.289t/a，建议总 VOCs 总,目所在镇街分局出 具 VOCs 总量指标来源及替代削 减方案的意见，开展总量替代 项目总 VOCs 排放总量 为 0.289t/a，建议总 VOCs 总,关键词已对应，待人工核验数值与字段归属,,
161_广东顺德意达电子薄膜器件有限公司新建项目_02_报批稿或报告表,监督检查清单,环境保护措施监督检查清单、监督检查清单,环境保护措施监督检查清单、监督检查清单,.......... 34 五、环境保护措施监督检查清单 ...............................................,.......... 34 五、环境保护措施监督检查清单 ...............................................,关键词已对应，待人工核验数值与字段归属,,
161_广东顺德意达电子薄膜器件有限公司新建项目_03_报批稿或报告表,项目基本情况,,,,,原文未自动定位，待人工确认,,
161_广东顺德意达电子薄膜器件有限公司新建项目_03_报批稿或报告表,产品与产量,年产,年产,要从事彩膜贴 合组件的生产，预计年产彩膜贴合组件 5500 万片。项目的规模及 工艺见报告表内容。 佛 山 市 生 态 环 境 局 主动公开 佛环 03,要从事彩膜贴 合组件的生产，预计年产彩膜贴合组件 5500 万片。项目的规模及 工艺见报告表内容。 佛 山 市 生 态 环 境 局 主动公开 佛环 03,关键词已对应，待人工核验数值与字段归属,,
161_广东顺德意达电子薄膜器件有限公司新建项目_03_报批稿或报告表,原辅材料,,,,,原文未自动定位，待人工确认,,
161_广东顺德意达电子薄膜器件有限公司新建项目_03_报批稿或报告表,生产设备,,,,,原文未自动定位，待人工确认,,
161_广东顺德意达电子薄膜器件有限公司新建项目_03_报批稿或报告表,工艺与产污,生产工艺,生产工艺,后，该项目的性质、规模、地点、 生产工艺和环境保护措施发生重大变动，且可能导致环境影响显 —4 — 著变化（特别是不利环境影响加重）的，应当重新报批环境,后，该项目的性质、规模、地点、 生产工艺和环境保护措施发生重大变动，且可能导致环境影响显 第4页 —4 — 著变化（特别是不利环境影响加重）的，应当重新,关键词已对应，待人工核验数值与字段归属,,
161_广东顺德意达电子薄膜器件有限公司新建项目_03_报批稿或报告表,源强与定量核算,排放量,排放量,的较严值。 项目总 VOCs 年排放量 0.289 吨，其中有组织排放量 0.095 吨，无 组织排放量 0.194 吨。 项目应采用低噪声设备，对噪声,的较严值。 项目总 VOCs 年排放量 0.289 吨，其中有组织排放量 0.095 吨，无 组织排放量 0.194 吨。 项目应采用低噪声设备，对噪声,关键词已对应，待人工核验数值与字段归属,,
161_广东顺德意达电子薄膜器件有限公司新建项目_03_报批稿或报告表,废气治理,废气收集、活性炭,废气收集、活性炭,有机物无组织排放控制，并采取有效废气收集处理措施，最 大限度减少废气排放影响。项目印刷、清洗、覆膜工序产生的废 气经“集气罩+帘幕”收集后通过“二级活性,有机物无组织排放控制，并采取有效废气收集处理措施，最 大限度减少废气排放影响。项目印刷、清洗、覆膜工序产生的废 气经“集气罩+帘幕”收集后通过“二级活性,关键词已对应，待人工核验数值与字段归属,,
161_广东顺德意达电子薄膜器件有限公司新建项目_03_报批稿或报告表,固废与危险废物,危险废物、固体废物,危险废物、固体废物,8） 3 类标准要求。项目须加强固体废物分类管理与污染控制。危险废 物贮存应符合《危险废物贮存污染控制标准》（GB 18597—2023） 要求，并委托,8） 3 类标准要求。项目须加强固体废物分类管理与污染控制。危险废 物贮存应符合《危险废物贮存污染控制标准》（GB 18597—2023） 要求，并委托,关键词已对应，待人工核验数值与字段归属,,
161_广东顺德意达电子薄膜器件有限公司新建项目_03_报批稿或报告表,总量与执行标准,总量控制、排放标准,总量控制、排放标准,并 确保污染物排放稳定达标且符合总量控制要求的前提下，项目按 照报告表中所列的性质、规模、地点进行建设，从环境保护角度 可行。 三、你公司应按照报告表内,并 确保污染物排放稳定达标且符合总量控制要求的前提下，项目按 照报告表中所列的性质、规模、地点进行建设，从环境保护角度 可行。 三、你公司应按照报告表内,关键词已对应，待人工核验数值与字段归属,,
161_广东顺德意达电子薄膜器件有限公司新建项目_03_报批稿或报告表,监督检查清单,,,,,原文未自动定位，待人工确认,,
162_鹏彩科技（佛山市）有限公司新建项目_01_报批稿或报告表,项目基本情况,建设项目名称、建设地点、总投资,建设项目名称、建设地点、总投资,公示声明 一、建设项目基本情况 建设项目名称 | 鹏彩科技（佛山市）有限公司新建项目 项目代码 | / 建设单位联系人 | 毛绪 | 联系方式 | 13,公示声明 一、建设项目基本情况 建设项目名称 鹏彩科技（佛山市）有限公司新建项目 项目代码 / 建设单位联系人 毛绪 联系方式 13924098168 ,关键词已对应，待人工核验数值与字段归属,,
162_鹏彩科技（佛山市）有限公司新建项目_01_报批稿或报告表,产品与产量,产品名称、年产,产品名称、年产,事色粉、色母、工程料的生产，预计年产色粉20吨、色母20吨、工程料200吨。项目年工作300天，每天工作8小时，员工人数为10人。根据建设单位提供的资料,事色粉、色母、工程料的生产，预计年产色粉20吨、色母20吨、工程料200吨。 项目年工作300天，每天工作8小时，员工人数为10人。 根据建设单位提供的,关键词已对应，待人工核验数值与字段归属,,
162_鹏彩科技（佛山市）有限公司新建项目_01_报批稿或报告表,原辅材料,主要原辅材料、原辅材料、辅料,主要原辅材料、原辅材料、辅料,排放管控，大力推进低VOCs含量原辅材料替代。产生VOCs的生产车间须配置废气收集净化装置。排放挥发性有机物的车间必须安装废气收集、回收净化装置。项目使,排放管控，大力推进低VOCs含量原辅材料替代。 产生VOCs的生产车间须配置废气收集净化装置。 排放挥发性有机物的车间必须安装废气收集、回收净化装置。 ,关键词已对应，待人工核验数值与字段归属,,
162_鹏彩科技（佛山市）有限公司新建项目_01_报批稿或报告表,生产设备,主要生产设备、设备名称、生产设施,主要生产设备、设备名称、生产设施,浓度不高于相应的排放限值；车间或生产设施排气中 NMHC初始排放速率≥3 kg/h 时，建设 VOCs 处理设施且处理效率≥80%；b）厂区内无组织排放,度不高于相应的排放限值； 车间或生产设施排气中 NMHC初始排放速率≥3 kg/h 时，建设 VOCs 处理设施且处理效率≥80%； b）厂区内无组织排,关键词已对应，待人工核验数值与字段归属,,
162_鹏彩科技（佛山市）有限公司新建项目_01_报批稿或报告表,工艺与产污,工艺流程、生产工艺、产污环节,工艺流程、生产工艺、产污环节,料替代，加快涉VOCs重点行业的生产工艺升级改造，推行自动化生产工艺，对达不到要求的VOCs收集及治理设施进行整治提升，逐步淘汰低效VOCs治理设施。项,料替代，加快涉VOCs重点行业的生产工艺升级改造，推行自动化生产工艺，对达不到要求的VOCs收集及治理设施进行整治提升，逐步淘汰低效VOCs治理设施。 ,关键词已对应，待人工核验数值与字段归属,,
162_鹏彩科技（佛山市）有限公司新建项目_01_报批稿或报告表,源强与定量核算,产生量、排放量、收集效率,产生量、排放量、收集效率,环境质量不满足标准要求。项目废气产生量较小，废气经过收集处理后排放，对周边环境影响很小。项目生活污水经三级化粪池预处理达标后通过市政管网进入五沙污水处理,境质量不满足标准要求。 项目废气产生量较小，废气经过收集处理后排放，对周边环境影响很小。 项目生活污水经三级化粪池预处理达标后通过市政管网进入五沙污水处,关键词已对应，待人工核验数值与字段归属,,
162_鹏彩科技（佛山市）有限公司新建项目_01_报批稿或报告表,废气治理,废气治理、废气收集、活性炭,废气治理、废气收集、活性炭,代。产生VOCs的生产车间须配置废气收集净化装置。排放挥发性有机物的车间必须安装废气收集、回收净化装置。项目使用的塑料粒属于低VOCs原辅材料，挤出、注,。 产生VOCs的生产车间须配置废气收集净化装置。 排放挥发性有机物的车间必须安装废气收集、回收净化装置。 项目使用的塑料粒属于低VOCs原辅材料，挤出,关键词已对应，待人工核验数值与字段归属,,
162_鹏彩科技（佛山市）有限公司新建项目_01_报批稿或报告表,固废与危险废物,危险废物、固体废物、危废暂存,危险废物、固体废物、危废暂存,处理方式资质佐证材料。 项目建立危险废物台账，定期将废活性炭等危险废物交给有资质的单位处理，整理危废处理合同、转移联单等资料。 符合 2.《固定污染源挥,处理方式资质佐证材料。 项目建立危险废物台账，定期将废活性炭等危险废物交给有资质的单位处理，整理危废处理合同、转移联单等资料。 符合2. 《固定污染源挥,关键词已对应，待人工核验数值与字段归属,,
162_鹏彩科技（佛山市）有限公司新建项目_01_报批稿或报告表,总量与执行标准,总量控制、总量指标、执行标准,总量控制、总量指标、执行标准,企业生产废水经预处理达到行业间接排放标准和广东省地方标准《水污染物排放限值》（DB44/26-2001）第二时段三级标准较严者后排入五沙污水处理厂（企业,企业生产废水经预处理达到行业间接排放标准和广东省地方标准《水污染物排放限值》（DB44/26-2001）第二时段三级标准较严者后排入五沙污水处理厂（企业,关键词已对应，待人工核验数值与字段归属,,
162_鹏彩科技（佛山市）有限公司新建项目_01_报批稿或报告表,监督检查清单,环境保护措施监督检查清单、监督检查清单,环境保护措施监督检查清单、监督检查清单,要环境影响和保护措施 42 五、环境保护措施监督检查清单 80 六、结论 82 附表 83 附图1 项目地理位置图 附图2 项目与补充监测点位位置关系图,主要环境影响和保护措施42 五、环境保护措施监督检查清单80 六、结论82 附表83 附图1 项目地理位置图 附图2 项目与补充监测点位位置关系图 附图,关键词已对应，待人工核验数值与字段归属,,
162_鹏彩科技（佛山市）有限公司新建项目_02_受理公告或公示版,项目基本情况,建设项目名称、建设地点、总投资,建设项目名称、建设地点、总投资,声明 1 一、建设项目基本情况 建设项目名称 鹏彩科技（佛山市）有限公司新建项目 项目代码 / 建设单位联系人 毛绪 联系方式 13924098168 ,0页 1 一、建设项目基本情况 建设项目名称 鹏彩科技（佛山市）有限公司新建项目 项目代码 / 建设单位联系人 毛绪 联系方式 13924098168 ,关键词已对应，待人工核验数值与字段归属,,
162_鹏彩科技（佛山市）有限公司新建项目_02_受理公告或公示版,产品与产量,产品名称、年产,产品名称、年产,色粉、色母、工程料的生产， 预计年产色粉 20 吨、色母 20 吨、工程料 200 吨。项目年工作 300 天，每天工作 8 小时，员 工人数为 10 ,色粉、色母、工程料的生产， 预计年产色粉 20 吨、色母 20 吨、工程料 200 吨。项目年工作 300 天，每天工作 8 小时，员 工人数为 10 ,关键词已对应，待人工核验数值与字段归属,,
162_鹏彩科技（佛山市）有限公司新建项目_02_受理公告或公示版,原辅材料,主要原辅材料、原辅材料、辅料,主要原辅材料、原辅材料、辅料,项目使用的塑料粒属于低VOCs 原辅材料，挤出、注塑废气经半密闭 型集气罩收集后引至一套“活性炭吸 附”装置处理，最终引至45m高排气 筒DA001排放,项目使用的塑料粒属于低VOCs 原辅材料，挤出、注塑废气经半密闭 型集气罩收集后引至一套“活性炭吸 附”装置处理，最终引至45m高排气 筒DA001排放,关键词已对应，待人工核验数值与字段归属,,
162_鹏彩科技（佛山市）有限公司新建项目_02_受理公告或公示版,生产设备,主要生产设备、设备名称、生产设施,主要生产设备、设备名称、生产设施,度不高于相应的排放限值；车 间或生产设施排气中 NMHC 初始 排放速率≥3 kg/h 时，建设 VOCs 处理设施且处理效率≥80%；b）厂 区内无组,度不高于相应的排放限值；车 间或生产设施排气中 NMHC 初始 排放速率≥3 kg/h 时，建设 VOCs 处理设施且处理效率≥80%；b）厂 区内无组,关键词已对应，待人工核验数值与字段归属,,
162_鹏彩科技（佛山市）有限公司新建项目_02_受理公告或公示版,工艺与产污,工艺流程、生产工艺、产污环节,工艺流程、生产工艺、产污环节,代，加快涉 VOCs 重点行业的生产工艺升级改 造，推行自动化生产工艺，对达不 到要求的 VOCs 收集及治理设施进 行整治提升，逐步淘汰低效 VOCs,代，加快涉 VOCs 重点行业的生产工艺升级改 造，推行自动化生产工艺，对达不 到要求的 VOCs 收集及治理设施进 行整治提升，逐步淘汰低效 VOCs,关键词已对应，待人工核验数值与字段归属,,
162_鹏彩科技（佛山市）有限公司新建项目_02_受理公告或公示版,源强与定量核算,产生量、排放量、收集效率,产生量、排放量、收集效率,境质 量不满足标准要求。项目废气产生量较小，废气经过收集处理后排放，对周边 环境影响很小。项目生活污水经三级化粪池预处理达标后通过市政管网进入五 沙污水,境质 量不满足标准要求。项目废气产生量较小，废气经过收集处理后排放，对周边 环境影响很小。项目生活污水经三级化粪池预处理达标后通过市政管网进入五 沙污水,关键词已对应，待人工核验数值与字段归属,,
162_鹏彩科技（佛山市）有限公司新建项目_02_受理公告或公示版,废气治理,废气治理、废气收集、活性炭,废气治理、废气收集、活性炭,。产生VOCs的生产车间须配置 废气收集净化装置。排放挥发性有机 物的车间必须安装废气收集、回收净 化装置。 项目使用的塑料粒属于低VOCs 原辅材料，,。产生VOCs的生产车间须配置 废气收集净化装置。排放挥发性有机 物的车间必须安装废气收集、回收净 化装置。 项目使用的塑料粒属于低VOCs 原辅材料，,关键词已对应，待人工核验数值与字段归属,,
162_鹏彩科技（佛山市）有限公司新建项目_02_受理公告或公示版,固废与危险废物,危险废物、固体废物、危废暂存,危险废物、固体废物、危废暂存,理 方式资质佐证材料。 项目建立危险废物台账，定期 将废活性炭等危险废物交给 有资质的单位处理，整理危废 处理合同、转移联单等资料。 符合 20 2.《,理 方式资质佐证材料。 项目建立危险废物台账，定期 将废活性炭等危险废物交给 有资质的单位处理，整理危废 处理合同、转移联单等资料。 符合 第29页 2,关键词已对应，待人工核验数值与字段归属,,
162_鹏彩科技（佛山市）有限公司新建项目_02_受理公告或公示版,总量与执行标准,总量控制、总量指标、执行标准,总量控制、总量指标、执行标准,业生产废 水经预处理达到行业间接排放标准和 项目产生的生活污水经三级化粪处 理达到广东省地方标准《水污染排放 限值》（DB44/26-2001）第二时段,业生产废 水经预处理达到行业间接排放标准和 项目产生的生活污水经三级化粪处 理达到广东省地方标准《水污染排放 限值》（DB44/26-2001）第二时段,关键词已对应，待人工核验数值与字段归属,,
162_鹏彩科技（佛山市）有限公司新建项目_02_受理公告或公示版,监督检查清单,环境保护措施监督检查清单、监督检查清单,环境保护措施监督检查清单、监督检查清单,.......... 42 五、环境保护措施监督检查清单 ...............................................,.......... 42 五、环境保护措施监督检查清单 ...............................................,关键词已对应，待人工核验数值与字段归属,,
162_鹏彩科技（佛山市）有限公司新建项目_03_修改评估意见,项目基本情况,,,,,原文未自动定位，待人工确认,,
162_鹏彩科技（佛山市）有限公司新建项目_03_修改评估意见,产品与产量,,,,,原文未自动定位，待人工确认,,
162_鹏彩科技（佛山市）有限公司新建项目_03_修改评估意见,原辅材料,,,,,原文未自动定位，待人工确认,,
162_鹏彩科技（佛山市）有限公司新建项目_03_修改评估意见,生产设备,,,,,原文未自动定位，待人工确认,,
162_鹏彩科技（佛山市）有限公司新建项目_03_修改评估意见,工艺与产污,,,,,原文未自动定位，待人工确认,,
162_鹏彩科技（佛山市）有限公司新建项目_03_修改评估意见,源强与定量核算,,,,,原文未自动定位，待人工确认,,
162_鹏彩科技（佛山市）有限公司新建项目_03_修改评估意见,废气治理,,,,,原文未自动定位，待人工确认,,
162_鹏彩科技（佛山市）有限公司新建项目_03_修改评估意见,固废与危险废物,,,,,原文未自动定位，待人工确认,,
162_鹏彩科技（佛山市）有限公司新建项目_03_修改评估意见,总量与执行标准,,,,,原文未自动定位，待人工确认,,
162_鹏彩科技（佛山市）有限公司新建项目_03_修改评估意见,监督检查清单,,,,,原文未自动定位，待人工确认,,
163_佛山志兴盈包装有限公司新建项目_01_报批稿或报告表,项目基本情况,建设项目名称、建设地点、总投资,建设项目名称、建设地点、总投资, 106 一、建设项目基本情况 建设项目名称 | 佛山志兴盈包装有限公司新建项目 项目代码 | / 建设单位联系人 | 廖小燕 | 联系方式 | 137,06 一、建设项目基本情况 | 建设项目名称 | | 佛山志兴盈包装有限公司新建项目 | | 项目代码 | | / | | 建设单位联系人 | | 廖小,关键词已对应，待人工核验数值与字段归属,,
163_佛山志兴盈包装有限公司新建项目_01_报批稿或报告表,产品与产量,产品方案、主要产品、产品名称,产品方案、主要产品、产品名称,江村村慧商二路4号三厂房3楼建设年产220吨塑料袋的生产基地，项目项目占地面积1033平方米，建筑面积1033平方米。项目厂房为现有已建成厂房，处于前期,江村村慧商二路4号三厂房3楼建设年产220吨塑料袋的生产基地，项目项目占地面积1033平方米，建筑面积1033平方米。项目厂房为现有已建成厂房，处于前期,关键词已对应，待人工核验数值与字段归属,,
163_佛山志兴盈包装有限公司新建项目_01_报批稿或报告表,原辅材料,主要原辅材料、原辅材料、原料名称,主要原辅材料、原辅材料、原料名称,合2、大力推进低 VOCs 含量原辅材料替代，除现阶段溶剂型凹印油墨用于塑料印刷无法实施替代，可使用非低VOCs 涂料外，其他均要求使用低VOCs油墨、,合2、大力推进低 VOCs 含量原辅材料替代，除现阶段溶剂型凹印油墨用于塑料印刷无法实施替代，可使用非低VOCs 涂料外，其他均要求使用低VOCs油墨、,关键词已对应，待人工核验数值与字段归属,,
163_佛山志兴盈包装有限公司新建项目_01_报批稿或报告表,生产设备,主要生产设备、设备名称、生产设施,主要生产设备、设备名称、生产设施,于高效治理设施。符合3.4车间或生产设施收集排放的废气，VOCs初始排放速率大于等于3千克/小时、重点区域大于等于2千克/小时的，应加大控制力度，除确保,于高效治理设施。符合3.4车间或生产设施收集排放的废气，VOCs初始排放速率大于等于3千克/小时、重点区域大于等于2千克/小时的，应加大控制力度，除确保,关键词已对应，待人工核验数值与字段归属,,
163_佛山志兴盈包装有限公司新建项目_01_报批稿或报告表,工艺与产污,工艺流程、生产工艺、产污环节,工艺流程、生产工艺、产污环节,鼓励清洁生产型企业进入，采用清洁生产工艺和设备、单位产品能耗、物耗和污染物产生量达到清洁生产国内先进水平。本项目不属于强制型清洁生产型企业，不属于使用有,鼓励清洁生产型企业进入，采用清洁生产工艺和设备、单位产品能耗、物耗和污染物产生量达到清洁生产国内先进水平。本项目不属于强制型清洁生产型企业，不属于使用有,关键词已对应，待人工核验数值与字段归属,,
163_佛山志兴盈包装有限公司新建项目_01_报批稿或报告表,源强与定量核算,污染源强、产生量、排放量,污染源强、产生量、排放量, 六、结论 59 建设项目污染物排放量汇总表 60 附图1 项目地理位置图 61 附图2 项目厂界500米范围内敏感点图 62 附图3 项目卫星四至图 ,6 六、结论59 建设项目污染物排放量汇总表60 附图1 项目地理位置图61 附图2 项目厂界500米范围内敏感点图62 附图3 项目卫星四至图63 附,关键词已对应，待人工核验数值与字段归属,,
163_佛山志兴盈包装有限公司新建项目_01_报批稿或报告表,废气治理,废气治理、废气收集、活性炭,废气治理、废气收集、活性炭,规划要求执行，印刷废气经园区集中废气治理设施处理后达标排放，吹膜、制袋产生的有机废气采取包围型集气罩收集经自建废气治理设施“活性炭吸附”处理后达标排放；,规划要求执行，印刷废气经园区集中废气治理设施处理后达标排放，吹膜、制袋产生的有机废气采取包围型集气罩收集经自建废气治理设施“活性炭吸附”处理后达标排放；,关键词已对应，待人工核验数值与字段归属,,
163_佛山志兴盈包装有限公司新建项目_01_报批稿或报告表,固废与危险废物,危险废物、固体废物、危废暂存,危险废物、固体废物、危废暂存,、墙面裙脚、堵截泄漏的围堰、接触危险废物的隔板和墙体等应采用坚固的材料建造，表面无裂缝。地面与裙脚应采取表面防渗措施，要求达到等效黏土防渗层Mb≥6.0,、墙面裙脚、堵截泄漏的围堰、接触危险废物的隔板和墙体等应采用坚固的材料建造，表面无裂缝。地面与裙脚应采取表面防渗措施，要求达到等效黏土防渗层Mb≥6.0,关键词已对应，待人工核验数值与字段归属,,
163_佛山志兴盈包装有限公司新建项目_01_报批稿或报告表,总量与执行标准,总量控制、总量指标、执行标准,总量控制、总量指标、执行标准,排放符合污染物排放严格实施污染物总量控制制度，规划区域水和大气污染物排放总量不得突破批复的总量管控要求。本项目严格实施污染物总量控制制度，按照批复的总量,排放符合污染物排放严格实施污染物总量控制制度，规划区域水和大气污染物排放总量不得突破批复的总量管控要求。本项目严格实施污染物总量控制制度，按照批复的总量,关键词已对应，待人工核验数值与字段归属,,
163_佛山志兴盈包装有限公司新建项目_01_报批稿或报告表,监督检查清单,环境保护措施监督检查清单、监督检查清单,环境保护措施监督检查清单、监督检查清单,要环境影响和保护措施 29 五、环境保护措施监督检查清单 56 六、结论 59 建设项目污染物排放量汇总表 60 附图1 项目地理位置图 61 附图2 ,主要环境影响和保护措施29 五、环境保护措施监督检查清单56 六、结论59 建设项目污染物排放量汇总表60 附图1 项目地理位置图61 附图2 项目厂界,关键词已对应，待人工核验数值与字段归属,,
163_佛山志兴盈包装有限公司新建项目_02_受理公告或公示版,项目基本情况,建设项目名称、建设地点、总投资,建设项目名称、建设地点、总投资, 1 — 一、建设项目基本情况 建设项目名称 佛山志兴盈包装有限公司新建项目 项目代码 / 建设单位联系人 廖小燕 联系方式 13702634808 建, 1 — 一、建设项目基本情况 建设项目名称 佛山志兴盈包装有限公司新建项目 项目代码 / 建设单位联系人 廖小燕 联系方式 13702634808 建,关键词已对应，待人工核验数值与字段归属,,
163_佛山志兴盈包装有限公司新建项目_02_受理公告或公示版,产品与产量,产品方案、主要产品、产品名称,产品方案、主要产品、产品名称,江村村慧商二路4号三厂房3楼建设年产220吨塑料袋的生产基地，项 目项目占地面积1033平方米，建筑面积1033平方米。项目厂房为现有已建成厂房，处于 ,江村村慧商二路4号三厂房3楼建设年产220吨塑料袋的生产基地，项 目项目占地面积1033平方米，建筑面积1033平方米。项目厂房为现有已建成厂房，处于 ,关键词已对应，待人工核验数值与字段归属,,
163_佛山志兴盈包装有限公司新建项目_02_受理公告或公示版,原辅材料,主要原辅材料、原辅材料、原料名称,主要原辅材料、原辅材料、原料名称, 2、大力推进低 VOCs 含量原辅材料替 代，除现阶段溶剂型凹印油墨用于塑料 印刷无法实施替代，可使用非低 VOCs 涂料外，其他均要求使用低 VOC, 2、大力推进低 VOCs 含量原辅材料替 代，除现阶段溶剂型凹印油墨用于塑料 印刷无法实施替代，可使用非低 VOCs 涂料外，其他均要求使用低 VOC,关键词已对应，待人工核验数值与字段归属,,
163_佛山志兴盈包装有限公司新建项目_02_受理公告或公示版,生产设备,主要生产设备、设备名称、生产设施,主要生产设备、设备名称、生产设施,治理设施。 符合 3.4 车间或生产设施收集排放的废气， VOCs 初始排放速率大于等于 3 千克/ 小时、重点区域大于等于 2 千克/小时 的，应加大,治理设施。 符合 3.4 车间或生产设施收集排放的废气， VOCs 初始排放速率大于等于 3 千克/ 小时、重点区域大于等于 2 千克/小时 的，应加大,关键词已对应，待人工核验数值与字段归属,,
163_佛山志兴盈包装有限公司新建项目_02_受理公告或公示版,工艺与产污,工艺流程、生产工艺、产污环节,工艺流程、生产工艺、产污环节,专项治理与清洁化改造，采用先 进生产工艺和技术，减少废水排放量， 加强对重点企业进行清洁生产审核。 本项目仅产生生活污水，无 生产废水排放 符合 污染 ,专项治理与清洁化改造，采用先 进生产工艺和技术，减少废水排放量， 加强对重点企业进行清洁生产审核。 本项目仅产生生活污水，无 生产废水排放 符合 污染 ,关键词已对应，待人工核验数值与字段归属,,
163_佛山志兴盈包装有限公司新建项目_02_受理公告或公示版,源强与定量核算,污染源强、产生量、排放量,污染源强、产生量、排放量,..... 59 建设项目污染物排放量汇总表 .....................................................,..... 59 建设项目污染物排放量汇总表 .....................................................,关键词已对应，待人工核验数值与字段归属,,
163_佛山志兴盈包装有限公司新建项目_02_受理公告或公示版,废气治理,废气治理、废气收集、活性炭,废气治理、废气收集、活性炭,要 求执行，印刷废气经园区集 中废气治理设施处理后达标 排放，吹膜、制袋产生的有 机废气采取包围型集气罩收 集经自建废气治理设施“活 性炭吸附”处理后达,要 求执行，印刷废气经园区集 中废气治理设施处理后达标 排放，吹膜、制袋产生的有 机废气采取包围型集气罩收 集经自建废气治理设施“活 性炭吸附”处理后达,关键词已对应，待人工核验数值与字段归属,,
163_佛山志兴盈包装有限公司新建项目_02_受理公告或公示版,固废与危险废物,危险废物、固体废物、危废暂存,危险废物、固体废物、危废暂存,墙面裙脚、堵 截泄漏的围堰、接触危险废物的隔板和 墙体等应采用坚固的材料建造，表面无 裂缝。地面与裙脚应采取表面防渗措 施，要求达到等效黏土防渗层 Mb,墙面裙脚、堵 截泄漏的围堰、接触危险废物的隔板和 墙体等应采用坚固的材料建造，表面无 裂缝。地面与裙脚应采取表面防渗措 施，要求达到等效黏土防渗层 Mb,关键词已对应，待人工核验数值与字段归属,,
163_佛山志兴盈包装有限公司新建项目_02_受理公告或公示版,总量与执行标准,总量控制、总量指标、执行标准,总量控制、总量指标、执行标准, 污染 物排 放 严格实施污染物总量控制制度，规划区 域水和大气污染物排放总量不得突破 批复的总量管控要求。 本项目严格实施污染物总量 控制制度，按照批, 污染 物排 放 严格实施污染物总量控制制度，规划区 域水和大气污染物排放总量不得突破 批复的总量管控要求。 本项目严格实施污染物总量 控制制度，按照批,关键词已对应，待人工核验数值与字段归属,,
163_佛山志兴盈包装有限公司新建项目_02_受理公告或公示版,监督检查清单,环境保护措施监督检查清单、监督检查清单,环境保护措施监督检查清单、监督检查清单,.......... 29 五、环境保护措施监督检查清单 ...............................................,.......... 29 五、环境保护措施监督检查清单 ...............................................,关键词已对应，待人工核验数值与字段归属,,
163_佛山志兴盈包装有限公司新建项目_03_修改评估意见,项目基本情况,,,,,原文未自动定位，待人工确认,,
163_佛山志兴盈包装有限公司新建项目_03_修改评估意见,产品与产量,,,,,原文未自动定位，待人工确认,,
163_佛山志兴盈包装有限公司新建项目_03_修改评估意见,原辅材料,,,,,原文未自动定位，待人工确认,,
163_佛山志兴盈包装有限公司新建项目_03_修改评估意见,生产设备,,,,,原文未自动定位，待人工确认,,
163_佛山志兴盈包装有限公司新建项目_03_修改评估意见,工艺与产污,,,,,原文未自动定位，待人工确认,,
163_佛山志兴盈包装有限公司新建项目_03_修改评估意见,源强与定量核算,,,,,原文未自动定位，待人工确认,,
163_佛山志兴盈包装有限公司新建项目_03_修改评估意见,废气治理,,,,,原文未自动定位，待人工确认,,
163_佛山志兴盈包装有限公司新建项目_03_修改评估意见,固废与危险废物,,,,,原文未自动定位，待人工确认,,
163_佛山志兴盈包装有限公司新建项目_03_修改评估意见,总量与执行标准,,,,,原文未自动定位，待人工确认,,
163_佛山志兴盈包装有限公司新建项目_03_修改评估意见,监督检查清单,,,,,原文未自动定位，待人工确认,,
164_佛山市祖帮海绵有限公司新建项目_01_报批稿或报告表,项目基本情况,建设项目名称、建设地点、总投资,建设项目名称、建设地点、总投资,88 - 一、建设项目基本情况 建设项目名称 | 佛山市祖帮海绵有限公司新建项目 项目代码 | 无 建设单位联系人 | 周祖荣 | 联系方式 | 139, - 一、建设项目基本情况 | 建设项目名称 | | 佛山市祖帮海绵有限公司新建项目 | | 项目代码 | | 无 | | 建设单位联系人 | | 周祖,关键词已对应，待人工核验数值与字段归属,,
164_佛山市祖帮海绵有限公司新建项目_01_报批稿或报告表,产品与产量,主要产品、产品名称、年产,主要产品、产品名称、年产,南侧，，建筑面积约10m2 2、主要产品及产能 表2-2 项目主要产品产量表序号主要产品名称单位年产量备注1海绵高密度吨/年802.91全自动发泡生产线,东南侧，，建筑面积约10m22、主要产品及产能表2-2 项目主要产品产量表序号主要产品名称单位年产量备注1海绵高密度吨/年802.91全自动发泡生产线年,关键词已对应，待人工核验数值与字段归属,,
164_佛山市祖帮海绵有限公司新建项目_01_报批稿或报告表,原辅材料,主要原辅材料、原辅材料、辅料,主要原辅材料、原辅材料、辅料,对含VOCs物料（包括含VOCs原辅材料、含VOCs产品、含VOCs废料以及有机聚合物材料等）储存、转移和输送、设备与管线组件泄漏、敞开液面逸散以及工艺,对含VOCs物料（包括含VOCs原辅材料、含VOCs产品、含VOCs废料以及有机聚合物材料等）储存、转移和输送、设备与管线组件泄漏、敞开液面逸散以及工艺,关键词已对应，待人工核验数值与字段归属,,
164_佛山市祖帮海绵有限公司新建项目_01_报批稿或报告表,生产设备,主要生产设备、设备名称、生产设施,主要生产设备、设备名称、生产设施,设备及设施详见下表： 表2-4 主要生产设备一览表序号设备规格参数数量单位工艺位置1全自动发泡生产线L38000mm×W4550mm×H4200mm1条,要设备及设施详见下表：表2-4 主要生产设备一览表序号设备规格参数数量单位工艺位置1全自动发泡生产线L38000mm×W4550mm×H4200mm1条,关键词已对应，待人工核验数值与字段归属,,
164_佛山市祖帮海绵有限公司新建项目_01_报批稿或报告表,工艺与产污,工艺流程、生产工艺、产污环节,工艺流程、生产工艺、产污环节,中禁止和许可事项；项目生产产品、生产工艺和生产设备均不属于《产业结构调整指导目录（2024年本）》（国家发展和改革委员会令第7号，2024年2月1日起施,中禁止和许可事项；项目生产产品、生产工艺和生产设备均不属于《产业结构调整指导目录（2024年本）》（国家发展和改革委员会令第7号，2024年2月1日起施,关键词已对应，待人工核验数值与字段归属,,
164_佛山市祖帮海绵有限公司新建项目_01_报批稿或报告表,源强与定量核算,污染源强、产生量、排放量,污染源强、产生量、排放量,表 - 61 - 建设项目污染物排放量汇总表 - 61 - 附图1项目地理位置图 - 62 - 附图2大气环境保护目标分布图 - 63 - 附图3声环境,附表- 61 - 建设项目污染物排放量汇总表- 61 - 附图1项目地理位置图- 62 - 附图2大气环境保护目标分布图- 63 - 附图3声环境保护目,关键词已对应，待人工核验数值与字段归属,,
164_佛山市祖帮海绵有限公司新建项目_01_报批稿或报告表,废气治理,废气治理、废气收集、活性炭,废气治理、废气收集、活性炭,行局部气体收集，废气排至VOCs废气收集处理系统。粉状、粒状VOCs物料采用气力输送方式或采用密闭固体投料器等给料方式密闭投加；无法密闭投加的，在密闭空,行局部气体收集，废气排至VOCs废气收集处理系统。粉状、粒状VOCs物料采用气力输送方式或采用密闭固体投料器等给料方式密闭投加；无法密闭投加的，在密闭空,关键词已对应，待人工核验数值与字段归属,,
164_佛山市祖帮海绵有限公司新建项目_01_报批稿或报告表,固废与危险废物,危险废物、固体废物、危废暂存,危险废物、固体废物、危废暂存,均贮存危废间，定期交由有相应类型危险废物处理资质的单位收集处理。符合2.《重点行业挥发性有机物综合治理方案》（环大气[2019]53号）2.1加强制药、,均贮存危废间，定期交由有相应类型危险废物处理资质的单位收集处理。符合2.《重点行业挥发性有机物综合治理方案》（环大气[2019]53号）2.1加强制药、,关键词已对应，待人工核验数值与字段归属,,
164_佛山市祖帮海绵有限公司新建项目_01_报批稿或报告表,总量与执行标准,总量控制、总量指标、执行标准,总量控制、总量指标、执行标准,印发《顺德区重点行业挥发性有机物总量指标管理工作方案（2024 年修订）》的通知3.1全区建设项目新增VOCs排放量施行“减二增一”政策。项目挥发性有机,印发《顺德区重点行业挥发性有机物总量指标管理工作方案（2024 年修订）》的通知3.1全区建设项目新增VOCs排放量施行“减二增一”政策。项目挥发性有机,关键词已对应，待人工核验数值与字段归属,,
164_佛山市祖帮海绵有限公司新建项目_01_报批稿或报告表,监督检查清单,环境保护措施监督检查清单、监督检查清单,环境保护措施监督检查清单、监督检查清单,要环境影响和保护措施 42 五、环境保护措施监督检查清单 57 六、结论 60 附表 - 61 - 建设项目污染物排放量汇总表 - 61 - 附图1项目,主要环境影响和保护措施42 五、环境保护措施监督检查清单57 六、结论60 附表- 61 - 建设项目污染物排放量汇总表- 61 - 附图1项目地理位置,关键词已对应，待人工核验数值与字段归属,,
164_佛山市祖帮海绵有限公司新建项目_02_受理公告或公示版,项目基本情况,建设项目名称、建设地点、总投资,建设项目名称、建设地点、总投资, —1— 一、建设项目基本情况 建设项目名称 佛山市祖帮海绵有限公司新建项目 项目代码 无 建设单位联系人 周祖荣 联系方式 13924878666 建, —1— 一、建设项目基本情况 建设项目名称 佛山市祖帮海绵有限公司新建项目 项目代码 无 建设单位联系人 周祖荣 联系方式 13924878666 建,关键词已对应，待人工核验数值与字段归属,,
164_佛山市祖帮海绵有限公司新建项目_02_受理公告或公示版,产品与产量,主要产品、产品名称、年产,主要产品、产品名称、年产,侧，，建筑面积约 10m2 2、主要产品及产能 表 2-2 项目主要产品产量表 序号 主要产品名称 单位 年产量 备注 1 海绵 高密度 吨/年 802,侧，，建筑面积约 10m2 2、主要产品及产能 表 2-2 项目主要产品产量表 序号 主要产品名称 单位 年产量 备注 1 海绵 高密度 吨/年 802,关键词已对应，待人工核验数值与字段归属,,
164_佛山市祖帮海绵有限公司新建项目_02_受理公告或公示版,原辅材料,主要原辅材料、原辅材料、辅料,主要原辅材料、原辅材料、辅料,OCs 物料（包括含 VOCs 原辅材料、 含 VOCs 产品、含 VOCs 废料以及有机聚合物材 料等）储存、转移和输送、设备与管线组件泄漏、 敞开液,OCs 物料（包括含 VOCs 原辅材料、 含 VOCs 产品、含 VOCs 废料以及有机聚合物材 料等）储存、转移和输送、设备与管线组件泄漏、 敞开液,关键词已对应，待人工核验数值与字段归属,,
164_佛山市祖帮海绵有限公司新建项目_02_受理公告或公示版,生产设备,主要生产设备、设备名称、生产设施,主要生产设备、设备名称、生产设施,备及设施详见下表： 表 2-4 主要生产设备一览表 序号 设备 规格参数 数量 单位 工艺 位置 1 全自动发泡生 产线 L38000mm×W4550m,备及设施详见下表： 表 2-4 主要生产设备一览表 序号 设备 规格参数 数量 单位 工艺 位置 1 全自动发泡生 产线 L38000mm×W4550m,关键词已对应，待人工核验数值与字段归属,,
164_佛山市祖帮海绵有限公司新建项目_02_受理公告或公示版,工艺与产污,工艺流程、生产工艺、产污环节,工艺流程、生产工艺、产污环节,中禁止和许可事项；项目生产产品、生产工艺和 生产设备均不属于《产业结构调整指导目录（2024 年本）》（国家发展和改革委员会 令第 7 号，2024 年,中禁止和许可事项；项目生产产品、生产工艺和 生产设备均不属于《产业结构调整指导目录（2024 年本）》（国家发展和改革委员会 令第 7 号，2024 年,关键词已对应，待人工核验数值与字段归属,,
164_佛山市祖帮海绵有限公司新建项目_02_受理公告或公示版,源强与定量核算,污染源强、产生量、排放量,污染源强、产生量、排放量,..- 61 - 建设项目污染物排放量汇总表 .....................................................,..- 61 - 建设项目污染物排放量汇总表 .....................................................,关键词已对应，待人工核验数值与字段归属,,
164_佛山市祖帮海绵有限公司新建项目_02_受理公告或公示版,废气治理,废气治理、废气收集、活性炭,废气治理、废气收集、活性炭,部气体收集，废气排至 VOCs 废气收集处 理系统。 粉状、粒状 VOCs 物料采用气力输送方式或采用 密闭固体投料器等给料方式密闭投加；无法密闭 投加,部气体收集，废气排至 VOCs 废气收集处 理系统。 粉状、粒状 VOCs 物料采用气力输送方式或采用 密闭固体投料器等给料方式密闭投加；无法密闭 投加,关键词已对应，待人工核验数值与字段归属,,
164_佛山市祖帮海绵有限公司新建项目_02_受理公告或公示版,固废与危险废物,危险废物、固体废物、危废暂存,危险废物、固体废物、危废暂存,饮用水水源保护区 周边。且项目对危险废物进行分类 暂存，危险废物暂存间、原材料及 助剂仓库设置围堰，做好防渗措施 。厂区进行硬底化建设。在发生火 灾和爆,饮用水水源保护区 周边。且项目对危险废物进行分类 暂存，危险废物暂存间、原材料及 助剂仓库设置围堰，做好防渗措施 。厂区进行硬底化建设。在发生火 灾和爆,关键词已对应，待人工核验数值与字段归属,,
164_佛山市祖帮海绵有限公司新建项目_02_受理公告或公示版,总量与执行标准,总量控制、总量指标、执行标准,总量控制、总量指标、执行标准,印发《顺德区重点行业挥发性有机物总量指标管理工作方 案（2024 年修订）》的通知 3.1 全区建设项目新增 VOCs 排放量施行“减二增一” 政策。 ,印发《顺德区重点行业挥发性有机物总量指标管理工作方 案（2024 年修订）》的通知 3.1 全区建设项目新增 VOCs 排放量施行“减二增一” 政策。 ,关键词已对应，待人工核验数值与字段归属,,
164_佛山市祖帮海绵有限公司新建项目_02_受理公告或公示版,监督检查清单,环境保护措施监督检查清单、监督检查清单,环境保护措施监督检查清单、监督检查清单,.......... 42 五、环境保护措施监督检查清单 ...............................................,.......... 42 五、环境保护措施监督检查清单 ...............................................,关键词已对应，待人工核验数值与字段归属,,
164_佛山市祖帮海绵有限公司新建项目_03_修改评估意见,项目基本情况,,,,,原文未自动定位，待人工确认,,
164_佛山市祖帮海绵有限公司新建项目_03_修改评估意见,产品与产量,,,,,原文未自动定位，待人工确认,,
164_佛山市祖帮海绵有限公司新建项目_03_修改评估意见,原辅材料,,,,,原文未自动定位，待人工确认,,
164_佛山市祖帮海绵有限公司新建项目_03_修改评估意见,生产设备,,,,,原文未自动定位，待人工确认,,
164_佛山市祖帮海绵有限公司新建项目_03_修改评估意见,工艺与产污,,,,,原文未自动定位，待人工确认,,
164_佛山市祖帮海绵有限公司新建项目_03_修改评估意见,源强与定量核算,,,,,原文未自动定位，待人工确认,,
164_佛山市祖帮海绵有限公司新建项目_03_修改评估意见,废气治理,,,,,原文未自动定位，待人工确认,,
164_佛山市祖帮海绵有限公司新建项目_03_修改评估意见,固废与危险废物,,,,,原文未自动定位，待人工确认,,
164_佛山市祖帮海绵有限公司新建项目_03_修改评估意见,总量与执行标准,,,,,原文未自动定位，待人工确认,,
164_佛山市祖帮海绵有限公司新建项目_03_修改评估意见,监督检查清单,,,,,原文未自动定位，待人工确认,,
165_和默化学（佛山）有限公司新建项目_01_报批稿或报告表,项目基本情况,建设项目名称、建设地点、总投资,建设项目名称、建设地点、总投资,介绍截图 一、建设项目基本情况 建设项目名称 | 和默化学（佛山）有限公司新建项目 项目代码 | 无 建设单位联系人 | 杨佩峰 | 联系方式 | 13,介绍截图 一、建设项目基本情况 建设项目名称 和默化学（佛山）有限公司新建项目 项目代码 无 建设单位联系人 杨佩峰 联系方式 13690596436 ,关键词已对应，待人工核验数值与字段归属,,
165_和默化学（佛山）有限公司新建项目_01_报批稿或报告表,产品与产量,主要产品、年产,主要产品、年产,、浇注、烘干、粘合、喷涂工艺等，年产海洋浮力材料100吨，项目占地面积约为800m2，建筑面积800m2。项目所在建筑物共5层，其中首层高为7米，2~5,、浇注、烘干、粘合、喷涂工艺等，年产海洋浮力材料100吨，项目占地面积约为800m2，建筑面积800m2。项目所在建筑物共5层，其中首层高为7米，2~5,关键词已对应，待人工核验数值与字段归属,,
165_和默化学（佛山）有限公司新建项目_01_报批稿或报告表,原辅材料,主要原辅材料、原辅材料、原料名称,主要原辅材料、原辅材料、原料名称,、清洗剂、胶黏剂等高挥发性有机物原辅材料项目，鼓励现有该类项目搬迁退出。 1-4.【大气/鼓励引导类】大气环境高排放重点管控区内，应强化达标监管，引导工,、清洗剂、胶黏剂等高挥发性有机物原辅材料项目，鼓励现有该类项目搬迁退出。 1-4. 【大气/鼓励引导类】大气环境高排放重点管控区内，应强化达标监管，引导,关键词已对应，待人工核验数值与字段归属,,
165_和默化学（佛山）有限公司新建项目_01_报批稿或报告表,生产设备,主要生产设备、设备名称、生产设施,主要生产设备、设备名称、生产设施,（密闭设备）。符合10.3车间或生产设施排气中NMHC初始排放速率≥3kg/h时，建设VOCs处理设施且处理效率≥80%。厂区内无组织排放监控点NMHC,闭设备）。 符合10. 3车间或生产设施排气中NMHC初始排放速率≥3kg/h时，建设VOCs处理设施且处理效率≥80%。 厂区内无组织排放监控点NMH,关键词已对应，待人工核验数值与字段归属,,
165_和默化学（佛山）有限公司新建项目_01_报批稿或报告表,工艺与产污,工艺流程、生产工艺、产污节点,工艺流程、生产工艺、产污节点,代，加快涉 VOCs 重点行业的生产工艺升级改造，推行自动化生产工艺，对达不到要求的 VOCs 收集及治理设施进行整治提升，逐步淘汰低效 VOCs治理设,代，加快涉 VOCs 重点行业的生产工艺升级改造，推行自动化生产工艺，对达不到要求的 VOCs 收集及治理设施进行整治提升，逐步淘汰低效 VOCs治理设,关键词已对应，待人工核验数值与字段归属,,
165_和默化学（佛山）有限公司新建项目_01_报批稿或报告表,源强与定量核算,污染源强、产生量、排放量,污染源强、产生量、排放量, 六、结论 57 建设项目污染物排放量汇总表 附图 附图1 项目地理位置图 附图2 项目周围环境概况图 附图3 项目四至图 附图4 项目环境敏感点图 附,4 六、结论57 建设项目污染物排放量汇总表 附图 附图1 项目地理位置图 附图2 项目周围环境概况图 附图3 项目四至图 附图4 项目环境敏感点图 附,关键词已对应，待人工核验数值与字段归属,,
165_和默化学（佛山）有限公司新建项目_01_报批稿或报告表,废气治理,废气治理、废气收集、活性炭,废气治理、废气收集、活性炭,集后汇于同一主风管，再通过一套“活性炭吸附”处理设施处理后引至28米高排气筒DA001排放；切割、机加工粉尘以无组织形式排放；在厂房墙体设置排气扇，加强,集后汇于同一主风管，再通过一套“活性炭吸附”处理设施处理后引至28米高排气筒DA001排放； 切割、机加工粉尘以无组织形式排放； 在厂房墙体设置排气扇，,关键词已对应，待人工核验数值与字段归属,,
165_和默化学（佛山）有限公司新建项目_01_报批稿或报告表,固废与危险废物,危险废物、固体废物、危废暂存,危险废物、固体废物、危废暂存,5m，所在建筑物楼高25m，用于危险废物的临时储存辅助工程办公室面积45平方米，层高4.5m，所在建筑物楼高25m，用于人员办公的场所展厅面积50平方米,5m，所在建筑物楼高25m，用于危险废物的临时储存辅助工程办公室面积45平方米，层高4.5m，所在建筑物楼高25m，用于人员办公的场所展厅面积50平方米,关键词已对应，待人工核验数值与字段归属,,
165_和默化学（佛山）有限公司新建项目_01_报批稿或报告表,总量与执行标准,总量控制、总量指标、执行标准,总量控制、总量指标、执行标准,尾水应执行《城镇污水处理厂污染物排放标准》（GB18918-2002）一级 A 标准及《广东省水污染物排放限值》 （DB44/26-2001）的较严值。,尾水应执行《城镇污水处理厂污染物排放标准》（GB18918-2002）一级 A 标准及《广东省水污染物排放限值》 （DB44/26-2001）的较严值。,关键词已对应，待人工核验数值与字段归属,,
165_和默化学（佛山）有限公司新建项目_01_报批稿或报告表,监督检查清单,环境保护措施监督检查清单、监督检查清单,环境保护措施监督检查清单、监督检查清单,要环境影响和保护措施 29 五、环境保护措施监督检查清单 54 六、结论 57 建设项目污染物排放量汇总表 附图 附图1 项目地理位置图 附图2 项目周,主要环境影响和保护措施29 五、环境保护措施监督检查清单54 六、结论57 建设项目污染物排放量汇总表 附图 附图1 项目地理位置图 附图2 项目周围环,关键词已对应，待人工核验数值与字段归属,,
165_和默化学（佛山）有限公司新建项目_02_受理公告或公示版,项目基本情况,建设项目名称、建设地点、总投资,建设项目名称、建设地点、总投资,截图 1 一、建设项目基本情况 建设项目名称 和默化学（佛山）有限公司新建项目 项目代码 无 建设单位联系人 杨佩峰 联系方式 13690596436 ,5页 1 一、建设项目基本情况 建设项目名称 和默化学（佛山）有限公司新建项目 项目代码 无 建设单位联系人 杨佩峰 联系方式 13690596436 ,关键词已对应，待人工核验数值与字段归属,,
165_和默化学（佛山）有限公司新建项目_02_受理公告或公示版,产品与产量,主要产品、年产,主要产品、年产,、浇注、烘干、粘合、喷涂工艺等，年产海洋浮力材料 100 吨，项目占 地面积约为 800m2，建筑面积 800m2。 项目所在建筑物共 5 层，其中首层,、浇注、烘干、粘合、喷涂工艺等，年产海洋浮力材料 100 吨，项目占 地面积约为 800m2，建筑面积 800m2。 项目所在建筑物共 5 层，其中首层,关键词已对应，待人工核验数值与字段归属,,
165_和默化学（佛山）有限公司新建项目_02_受理公告或公示版,原辅材料,主要原辅材料、原辅材料、原料名称,主要原辅材料、原辅材料、原料名称,清洗剂、胶黏 剂等高挥发性有机物原辅材料项目，鼓励现 有该类项目搬迁退出。 1-4.【大气/鼓励引导类】大气环境高排放重 点管控区内，应强化达标监管，引,清洗剂、胶黏 剂等高挥发性有机物原辅材料项目，鼓励现 有该类项目搬迁退出。 1-4.【大气/鼓励引导类】大气环境高排放重 点管控区内，应强化达标监管，引,关键词已对应，待人工核验数值与字段归属,,
165_和默化学（佛山）有限公司新建项目_02_受理公告或公示版,生产设备,主要生产设备、设备名称、生产设施,主要生产设备、设备名称、生产设施,。 符合 10 10.3 车间或生产设施排气中 NMHC 初始排放速率 ≥3kg/h 时，建设 VOCs 处理设施且处理效率 ≥80%。厂区内无组织排放,第14页 10 10.3 车间或生产设施排气中 NMHC 初始排放速率 ≥3kg/h 时，建设 VOCs 处理设施且处理效率 ≥80%。厂区内无组织排放,关键词已对应，待人工核验数值与字段归属,,
165_和默化学（佛山）有限公司新建项目_02_受理公告或公示版,工艺与产污,工艺流程、生产工艺、产污节点,工艺流程、生产工艺、产污节点,，加快涉 VOCs 重点行业的 生产工艺升级改造，推行自动化生产工艺， 对达不到要求的 VOCs 收集及治理设施进 行整治提升，逐步淘汰低效 VOCs ,，加快涉 VOCs 重点行业的 生产工艺升级改造，推行自动化生产工艺， 对达不到要求的 VOCs 收集及治理设施进 行整治提升，逐步淘汰低效 VOCs ,关键词已对应，待人工核验数值与字段归属,,
165_和默化学（佛山）有限公司新建项目_02_受理公告或公示版,源强与定量核算,污染源强、产生量、排放量,污染源强、产生量、排放量,......59 建设项目污染物排放量汇总表 附图 附图 1 项目地理位置图 附图 2 项目周围环境概况图 附图 3 项目四至图 附图 4 项目环境敏感,......59 建设项目污染物排放量汇总表 附图 附图 1 项目地理位置图 附图 2 项目周围环境概况图 附图 3 项目四至图 附图 4 项目环境敏感,关键词已对应，待人工核验数值与字段归属,,
165_和默化学（佛山）有限公司新建项目_02_受理公告或公示版,废气治理,废气治理、废气收集、活性炭,废气治理、废气收集、活性炭,”处理设施处理后引至 28 米高排气筒 DA001 排放；切 割、机加工粉尘以无组织形式排放；在厂房墙体设置排气扇， 加强车间通排风，对周边环境影响较小,”处理设施处理后引至 28 米高排气筒 DA001 排放；切 割、机加工粉尘以无组织形式排放；在厂房墙体设置排气扇， 加强车间通排风，对周边环境影响较小,关键词已对应，待人工核验数值与字段归属,,
165_和默化学（佛山）有限公司新建项目_02_受理公告或公示版,固废与危险废物,危险废物、固体废物、危废暂存,危险废物、固体废物、危废暂存,m，所在建筑物楼高 25m，用于危险废物 的临时储存 辅助 工程 办公室 面积 45 平方米，层高 4.5m，所在建筑物楼高 25m，用于人员办 公的场,m，所在建筑物楼高 25m，用于危险废物 的临时储存 辅助 工程 办公室 面积 45 平方米，层高 4.5m，所在建筑物楼高 25m，用于人员办 公的场,关键词已对应，待人工核验数值与字段归属,,
165_和默化学（佛山）有限公司新建项目_02_受理公告或公示版,总量与执行标准,总量控制、总量指标、执行标准,总量控制、总量指标、执行标准,水应执行《城 镇污水处理厂污染物排放标准》 （GB18918-2002）一级 A 标准及《广东省 水污染物排放限值》 （DB44/26-2001）的较严,水应执行《城 镇污水处理厂污染物排放标准》 （GB18918-2002）一级 A 标准及《广东省 水污染物排放限值》 （DB44/26-2001）的较严,关键词已对应，待人工核验数值与字段归属,,
165_和默化学（佛山）有限公司新建项目_02_受理公告或公示版,监督检查清单,环境保护措施监督检查清单、监督检查清单,环境保护措施监督检查清单、监督检查清单,.......... 31 五、环境保护措施监督检查清单 ............................................ 56,.......... 31 五、环境保护措施监督检查清单 ............................................ 56,关键词已对应，待人工核验数值与字段归属,,
165_和默化学（佛山）有限公司新建项目_03_修改评估意见,项目基本情况,,,,,原文未自动定位，待人工确认,,
165_和默化学（佛山）有限公司新建项目_03_修改评估意见,产品与产量,,,,,原文未自动定位，待人工确认,,
165_和默化学（佛山）有限公司新建项目_03_修改评估意见,原辅材料,,,,,原文未自动定位，待人工确认,,
165_和默化学（佛山）有限公司新建项目_03_修改评估意见,生产设备,,,,,原文未自动定位，待人工确认,,
165_和默化学（佛山）有限公司新建项目_03_修改评估意见,工艺与产污,,,,,原文未自动定位，待人工确认,,
165_和默化学（佛山）有限公司新建项目_03_修改评估意见,源强与定量核算,,,,,原文未自动定位，待人工确认,,
165_和默化学（佛山）有限公司新建项目_03_修改评估意见,废气治理,,,,,原文未自动定位，待人工确认,,
165_和默化学（佛山）有限公司新建项目_03_修改评估意见,固废与危险废物,,,,,原文未自动定位，待人工确认,,
165_和默化学（佛山）有限公司新建项目_03_修改评估意见,总量与执行标准,,,,,原文未自动定位，待人工确认,,
165_和默化学（佛山）有限公司新建项目_03_修改评估意见,监督检查清单,,,,,原文未自动定位，待人工确认,,
166_佛山气盾新材料有限公司新建项目_01_报批稿或报告表,项目基本情况,建设项目名称、建设地点、总投资,建设项目名称、建设地点、总投资,公示声明 一、建设项目基本情况 建设项目名称 | 佛山气盾新材料有限公司新建项目 项目代码 | 无 建设单位联系人 | 范中华 | 联系方式 | 135,公示声明 一、建设项目基本情况 建设项目名称 佛山气盾新材料有限公司新建项目 项目代码 无 建设单位联系人 范中华 联系方式 13544449194 建,关键词已对应，待人工核验数值与字段归属,,
166_佛山气盾新材料有限公司新建项目_01_报批稿或报告表,产品与产量,主要产品、产品名称、年产,主要产品、产品名称、年产,油、疏水透气薄膜生产，预计投产后年产疏油透气薄膜20万平方米，疏水透气薄膜15万平方米。根据《中华人民共和国环境影响评价法》（2018年12月29日修订,油、疏水透气薄膜生产，预计投产后年产疏油透气薄膜20万平方米，疏水透气薄膜15万平方米。 根据《中华人民共和国环境影响评价法》（2018年12月29日修,关键词已对应，待人工核验数值与字段归属,,
166_佛山气盾新材料有限公司新建项目_01_报批稿或报告表,原辅材料,主要原辅材料、原辅材料、原料名称,主要原辅材料、原辅材料、原料名称,苯在工艺上具有不可替代性，其他原辅料尽量使用低VOCs含量物料原辅材料物质，不属于新建生产和使用高挥发性有机物原辅材料的项目，符合区域布局管控要求。2）,苯在工艺上具有不可替代性，其他原辅料尽量使用低VOCs含量物料原辅材料物质，不属于新建生产和使用高挥发性有机物原辅材料的项目，符合区域布局管控要求。 2,关键词已对应，待人工核验数值与字段归属,,
166_佛山气盾新材料有限公司新建项目_01_报批稿或报告表,生产设备,主要生产设备、生产设施、设备一览,主要生产设备、生产设施、设备一览,浓度不高于相应的排放限值；车间或生产设施排气中NMHC初始排放速率≥3kg/h时，建设VOCs处理设施且处理效率≥80%；b）厂区内无组织排放监控点NM,度不高于相应的排放限值； 车间或生产设施排气中NMHC初始排放速率≥3kg/h时，建设VOCs处理设施且处理效率≥80%； b）厂区内无组织排放监控点N,关键词已对应，待人工核验数值与字段归属,,
166_佛山气盾新材料有限公司新建项目_01_报批稿或报告表,工艺与产污,工艺流程、生产工艺、产污环节,工艺流程、生产工艺、产污环节,色采购清单。鼓励重点行业企业开展生产工艺和设备水性化改造，推广使用水性、高固体分、无溶剂、粉末等低VOCs含量涂料。严格落实《挥发性有机物无组织排放控制,采购清单。 鼓励重点行业企业开展生产工艺和设备水性化改造，推广使用水性、高固体分、无溶剂、粉末等低VOCs含量涂料。 严格落实《挥发性有机物无组织排放控,关键词已对应，待人工核验数值与字段归属,,
166_佛山气盾新材料有限公司新建项目_01_报批稿或报告表,源强与定量核算,产生量、排放量、收集效率,产生量、排放量、收集效率,有机废气的工序整室密闭正压收集，收集效率为80%，经配套治理设备治理后引至排气筒达标排放。通过废气收集和处理措施能减少项目的挥发性有机物无组织排放；项目,有机废气的工序整室密闭正压收集，收集效率为80%，经配套治理设备治理后引至排气筒达标排放。 通过废气收集和处理措施能减少项目的挥发性有机物无组织排放； ,关键词已对应，待人工核验数值与字段归属,,
166_佛山气盾新材料有限公司新建项目_01_报批稿或报告表,废气治理,废气治理、废气收集、活性炭,废气治理、废气收集、活性炭,80%，经配套治理设备治理后引至排气筒达标排放。通过废气收集和处理措施能减少项目的挥发性有机物无组织排放；项目生活污水经处理达标后排放至杏坛污水处理厂，,80%，经配套治理设备治理后引至排气筒达标排放。 通过废气收集和处理措施能减少项目的挥发性有机物无组织排放； 项目生活污水经处理达标后排放至杏坛污水处理,关键词已对应，待人工核验数值与字段归属,,
166_佛山气盾新材料有限公司新建项目_01_报批稿或报告表,固废与危险废物,危险废物、固体废物、危废暂存,危险废物、固体废物、危废暂存,园区环境风险防控区域。项目产生的危险废物拟定期委托有资质的处置公司进行收集处理，并通过信息系统登记转移计划和电子转移联单，符合危险废物全过程跟踪管理的防,区环境风险防控区域。 项目产生的危险废物拟定期委托有资质的处置公司进行收集处理，并通过信息系统登记转移计划和电子转移联单，符合危险废物全过程跟踪管理的防,关键词已对应，待人工核验数值与字段归属,,
166_佛山气盾新材料有限公司新建项目_01_报批稿或报告表,总量与执行标准,总量控制、总量指标、执行标准,总量控制、总量指标、执行标准,有机物实行区域内两倍削减量替代，总量指标由镇街分配；项目所有产生有机废气的工序整室密闭正压收集，收集效率为80%，经配套治理设备治理后引至排气筒达标排放,有机物实行区域内两倍削减量替代，总量指标由镇街分配； 项目所有产生有机废气的工序整室密闭正压收集，收集效率为80%，经配套治理设备治理后引至排气筒达标排,关键词已对应，待人工核验数值与字段归属,,
166_佛山气盾新材料有限公司新建项目_01_报批稿或报告表,监督检查清单,环境保护措施监督检查清单、监督检查清单,环境保护措施监督检查清单、监督检查清单,要环境影响和保护措施 27 五、环境保护措施监督检查清单 49 六、结论 51 附表 52 附图1 项目地理位置图 附图2 项目平面布置图 附图3 项目,主要环境影响和保护措施27 五、环境保护措施监督检查清单49 六、结论51 附表52 附图1 项目地理位置图 附图2 项目平面布置图 附图3 项目评价范,关键词已对应，待人工核验数值与字段归属,,
166_佛山气盾新材料有限公司新建项目_02_受理公告或公示版,项目基本情况,建设项目名称、建设地点、总投资,建设项目名称、建设地点、总投资,声明 2 一、建设项目基本情况 建设项目名称 佛山气盾新材料有限公司新建项目 项目代码 无 建设单位联系人 范中华 联系方式 13544449194 建,6页 2 一、建设项目基本情况 建设项目名称 佛山气盾新材料有限公司新建项目 项目代码 无 建设单位联系人 范中华 联系方式 13544449194 建,关键词已对应，待人工核验数值与字段归属,,
166_佛山气盾新材料有限公司新建项目_02_受理公告或公示版,产品与产量,主要产品、产品名称、年产,主要产品、产品名称、年产,、疏水 透气薄膜生产，预计投产后年产疏油透气薄膜 20 万平方米，疏水透气薄膜 15 万 平方米。 根据《中华人民共和国环境影响评价法》（2018 年 ,、疏水 透气薄膜生产，预计投产后年产疏油透气薄膜 20 万平方米，疏水透气薄膜 15 万 平方米。 根据《中华人民共和国环境影响评价法》（2018 年 ,关键词已对应，待人工核验数值与字段归属,,
166_佛山气盾新材料有限公司新建项目_02_受理公告或公示版,原辅材料,主要原辅材料、原辅材料、原料名称,主要原辅材料、原辅材料、原料名称, 在工艺上具有不可替代性，其他原辅料尽量使用低VOCs含量物料原辅材料物 质，不属于新建生产和使用高挥发性有机物原辅材料的项目，符合区域布局管 控要求。, 在工艺上具有不可替代性，其他原辅料尽量使用低VOCs含量物料原辅材料物 质，不属于新建生产和使用高挥发性有机物原辅材料的项目，符合区域布局管 控要求。,关键词已对应，待人工核验数值与字段归属,,
166_佛山气盾新材料有限公司新建项目_02_受理公告或公示版,生产设备,主要生产设备、生产设施、设备一览,主要生产设备、生产设施、设备一览,度不高于相应的排放限值；车间或 生产设施排气中 NMHC 初始排放速率≥3kg/h 时，建设 VOCs 处理设施且处理效率≥80%；b）厂区内无组织排 ,度不高于相应的排放限值；车间或 生产设施排气中 NMHC 初始排放速率≥3kg/h 时，建设 VOCs 处理设施且处理效率≥80%；b）厂区内无组织排 ,关键词已对应，待人工核验数值与字段归属,,
166_佛山气盾新材料有限公司新建项目_02_受理公告或公示版,工艺与产污,工艺流程、生产工艺、产污节点,工艺流程、生产工艺、产污节点,色采购清单。鼓励重点行业企业开展生产工艺和设备水 性化改造，推广使用水性、高固体分、无溶剂、粉末等 低 VOCs 含量涂料。严格落实《挥发性有机物无组织,色采购清单。鼓励重点行业企业开展生产工艺和设备水 性化改造，推广使用水性、高固体分、无溶剂、粉末等 低 VOCs 含量涂料。严格落实《挥发性有机物无组织,关键词已对应，待人工核验数值与字段归属,,
166_佛山气盾新材料有限公司新建项目_02_受理公告或公示版,源强与定量核算,产生量、排放量、收集效率,产生量、排放量、收集效率,有机废气的工序整室密闭正压收集，收集效率为 80%，经配套治理设备治理后引至排气筒达标排放。通过废气收集和处理措施 能减少项目的挥发性有机物无组织排放；,有机废气的工序整室密闭正压收集，收集效率为 80%，经配套治理设备治理后引至排气筒达标排放。通过废气收集和处理措施 能减少项目的挥发性有机物无组织排放；,关键词已对应，待人工核验数值与字段归属,,
166_佛山气盾新材料有限公司新建项目_02_受理公告或公示版,废气治理,废气治理、废气收集、活性炭,废气治理、废气收集、活性炭,80%，经配套治理设备治理后引至排气筒达标排放。通过废气收集和处理措施 能减少项目的挥发性有机物无组织排放；项目生活污水经处理达标后排放至杏 坛污水处理,80%，经配套治理设备治理后引至排气筒达标排放。通过废气收集和处理措施 能减少项目的挥发性有机物无组织排放；项目生活污水经处理达标后排放至杏 坛污水处理,关键词已对应，待人工核验数值与字段归属,,
166_佛山气盾新材料有限公司新建项目_02_受理公告或公示版,固废与危险废物,危险废物、固体废物、危废暂存,危险废物、固体废物、危废暂存,园区环境风险防控区域。项目产生的危险废物 拟定期委托有资质的处置公司进行收集处理，并通过信息系统登记转移计划和 电子转移联单，符合危险废物全过程跟踪管理,园区环境风险防控区域。项目产生的危险废物 拟定期委托有资质的处置公司进行收集处理，并通过信息系统登记转移计划和 电子转移联单，符合危险废物全过程跟踪管理,关键词已对应，待人工核验数值与字段归属,,
166_佛山气盾新材料有限公司新建项目_02_受理公告或公示版,总量与执行标准,总量控制、总量指标、执行标准,总量控制、总量指标、执行标准,有机物实行区域内两倍削减量替代，总量指标 由镇街分配；项目所有产生有机废气的工序整室密闭正压收集，收集效率为 80%，经配套治理设备治理后引至排气筒达标,有机物实行区域内两倍削减量替代，总量指标 由镇街分配；项目所有产生有机废气的工序整室密闭正压收集，收集效率为 80%，经配套治理设备治理后引至排气筒达标,关键词已对应，待人工核验数值与字段归属,,
166_佛山气盾新材料有限公司新建项目_02_受理公告或公示版,监督检查清单,环境保护措施监督检查清单、监督检查清单,环境保护措施监督检查清单、监督检查清单,.......... 27 五、环境保护措施监督检查清单 ...............................................,.......... 27 五、环境保护措施监督检查清单 ...............................................,关键词已对应，待人工核验数值与字段归属,,
166_佛山气盾新材料有限公司新建项目_03_修改评估意见,项目基本情况,,,,,原文未自动定位，待人工确认,,
166_佛山气盾新材料有限公司新建项目_03_修改评估意见,产品与产量,,,,,原文未自动定位，待人工确认,,
166_佛山气盾新材料有限公司新建项目_03_修改评估意见,原辅材料,,,,,原文未自动定位，待人工确认,,
166_佛山气盾新材料有限公司新建项目_03_修改评估意见,生产设备,,,,,原文未自动定位，待人工确认,,
166_佛山气盾新材料有限公司新建项目_03_修改评估意见,工艺与产污,,,,,原文未自动定位，待人工确认,,
166_佛山气盾新材料有限公司新建项目_03_修改评估意见,源强与定量核算,,,,,原文未自动定位，待人工确认,,
166_佛山气盾新材料有限公司新建项目_03_修改评估意见,废气治理,,,,,原文未自动定位，待人工确认,,
166_佛山气盾新材料有限公司新建项目_03_修改评估意见,固废与危险废物,,,,,原文未自动定位，待人工确认,,
166_佛山气盾新材料有限公司新建项目_03_修改评估意见,总量与执行标准,,,,,原文未自动定位，待人工确认,,
166_佛山气盾新材料有限公司新建项目_03_修改评估意见,监督检查清单,,,,,原文未自动定位，待人工确认,,
167_佛山市彩川合成材料有限公司新建项目_01_受理公告或公示版,项目基本情况,建设项目名称、建设地点、总投资,建设项目名称、建设地点、总投资, 1 — 一、建设项目基本情况 建设项目名称 佛山市彩川合成材料有限公司新建项目 项目代码 无 建设单位联系人 颜培颖 联系方式 18122379818, 1 — 一、建设项目基本情况 建设项目名称 佛山市彩川合成材料有限公司新建项目 项目代码 无 建设单位联系人 颜培颖 联系方式 18122379818,关键词已对应，待人工核验数值与字段归属,,
167_佛山市彩川合成材料有限公司新建项目_01_受理公告或公示版,产品与产量,产品名称、年产,产品名称、年产,性塑料粒、色母和色粉的生产，预计年产改性塑料粒 300 吨、色母 200 吨、 色粉 8 吨。 项目所在建筑为 9 层高的工业厂房（首层高度为 7.5m,性塑料粒、色母和色粉的生产，预计年产改性塑料粒 300 吨、色母 200 吨、 色粉 8 吨。 项目所在建筑为 9 层高的工业厂房（首层高度为 7.5m,关键词已对应，待人工核验数值与字段归属,,
167_佛山市彩川合成材料有限公司新建项目_01_受理公告或公示版,原辅材料,原辅材料、辅料,原辅材料、辅料,....... 84 附件 3 原辅材料成分报告 ...................................................,....... 84 附件 3 原辅材料成分报告 ...................................................,关键词已对应，待人工核验数值与字段归属,,
167_佛山市彩川合成材料有限公司新建项目_01_受理公告或公示版,生产设备,生产设施、设备一览,生产设施、设备一览,度不高于相应的排放 限值；车间或生产设施排气中 NMHC 初始排 放速率≥3kg/h 时，建设 VOCs 处理设施且处 理效率≥80%；b）厂区内无组织,度不高于相应的排放 限值；车间或生产设施排气中 NMHC 初始排 放速率≥3kg/h 时，建设 VOCs 处理设施且处 理效率≥80%；b）厂区内无组织,关键词已对应，待人工核验数值与字段归属,,
167_佛山市彩川合成材料有限公司新建项目_01_受理公告或公示版,工艺与产污,工艺流程、生产工艺、产污环节,工艺流程、生产工艺、产污环节,采购清单。鼓励重点行业企业 开展生产工艺和设备水性化改造，推广使用水性、 高固体分、无溶剂、粉末等低 VOCs 含量涂料。严 格落实《挥发性有机物无组织,采购清单。鼓励重点行业企业 开展生产工艺和设备水性化改造，推广使用水性、 高固体分、无溶剂、粉末等低 VOCs 含量涂料。严 格落实《挥发性有机物无组织,关键词已对应，待人工核验数值与字段归属,,
167_佛山市彩川合成材料有限公司新建项目_01_受理公告或公示版,源强与定量核算,产生量、排放量、收集效率,产生量、排放量、收集效率,..... 68 建设项目污染物排放量汇总表 .....................................................,..... 68 建设项目污染物排放量汇总表 .....................................................,关键词已对应，待人工核验数值与字段归属,,
167_佛山市彩川合成材料有限公司新建项目_01_受理公告或公示版,废气治理,废气治理、废气收集、活性炭,废气治理、废气收集、活性炭,排放挥发性有机物的车间必 须安装废气收集、回收净化装置 项目使用的塑料粒属于低 VOCs 原辅材料，挤出、注塑和 清理工序产生的废气经半密闭 型集气罩收,排放挥发性有机物的车间必 须安装废气收集、回收净化装置 项目使用的塑料粒属于低 VOCs 原辅材料，挤出、注塑和 清理工序产生的废气经半密闭 型集气罩收,关键词已对应，待人工核验数值与字段归属,,
167_佛山市彩川合成材料有限公司新建项目_01_受理公告或公示版,固废与危险废物,危险废物、固体废物、危废暂存,危险废物、固体废物、危废暂存,，日均产生量未超过三吨， 不属于危险废物，且经批准或者备案的环境影响评 价文件明确或者排污许可证、排污登记表登记载明 需要转移处理的工业废水。） 项目直,，日均产生量未超过三吨， 不属于危险废物，且经批准或者备案的环境影响评 价文件明确或者排污许可证、排污登记表登记载明 需要转移处理的工业废水。） 项目直,关键词已对应，待人工核验数值与字段归属,,
167_佛山市彩川合成材料有限公司新建项目_01_受理公告或公示版,总量与执行标准,总量控制、总量指标、执行标准,总量控制、总量指标、执行标准,业生产废水经预处理达到行业间接 排放标准和广东省地方标准《水污染物排 放限值》（DB44/26-2001）第二时段三级 标准较严者后排入五沙污水处理厂（,业生产废水经预处理达到行业间接 排放标准和广东省地方标准《水污染物排 放限值》（DB44/26-2001）第二时段三级 标准较严者后排入五沙污水处理厂（,关键词已对应，待人工核验数值与字段归属,,
167_佛山市彩川合成材料有限公司新建项目_01_受理公告或公示版,监督检查清单,环境保护措施监督检查清单、监督检查清单,环境保护措施监督检查清单、监督检查清单,.......... 36 五、环境保护措施监督检查清单 ...............................................,.......... 36 五、环境保护措施监督检查清单 ...............................................,关键词已对应，待人工核验数值与字段归属,,
167_佛山市彩川合成材料有限公司新建项目_02_修改评估意见,项目基本情况,建设地点,建设地点,(15分) | (1)项目名称、建设地点、建设性质、规模、平面布置(附图)等介绍清楚。(2)产品方案、主要原辅材料、主要设备、公用配套工程、依托工程等介,5分) | | (1)项目名称、建设地点、建设性质、规模、平面布置(附图)等介绍清楚。(2)产品方案、主要原辅材料、主要设备、公用配套工程、依托工程等介,关键词已对应，待人工核验数值与字段归属,,
167_佛山市彩川合成材料有限公司新建项目_02_修改评估意见,产品与产量,产品方案,产品方案,面布置(附图)等介绍清楚。(2)产品方案、主要原辅材料、主要设备、公用配套工程、依托工程等介绍清楚且与实际情况相符.(3)工艺过程(流程)描述清楚、准确,面布置(附图)等介绍清楚。(2)产品方案、主要原辅材料、主要设备、公用配套工程、依托工程等介绍清楚且与实际情况相符.(3)工艺过程(流程)描述清楚、准确,关键词已对应，待人工核验数值与字段归属,,
167_佛山市彩川合成材料有限公司新建项目_02_修改评估意见,原辅材料,主要原辅材料、原辅材料,主要原辅材料、原辅材料,图)等介绍清楚。(2)产品方案、主要原辅材料、主要设备、公用配套工程、依托工程等介绍清楚且与实际情况相符.(3)工艺过程(流程)描述清楚、准确。(4)产,图)等介绍清楚。(2)产品方案、主要原辅材料、主要设备、公用配套工程、依托工程等介绍清楚且与实际情况相符.(3)工艺过程(流程)描述清楚、准确。(4)产,关键词已对应，待人工核验数值与字段归属,,
167_佛山市彩川合成材料有限公司新建项目_02_修改评估意见,生产设备,,,,,原文未自动定位，待人工确认,,
167_佛山市彩川合成材料有限公司新建项目_02_修改评估意见,工艺与产污,工艺流程、产污节点,工艺流程、产污节点,冷却水的更换频次和年更换量。完善工艺流程，核实挤出机的操作温度，进一步明确挤出工艺废气的产排情况，建议删除挤出工艺颗粒物。环境质量现状与环境保护目标项目,冷却水的更换频次和年更换量。完善工艺流程，核实挤出机的操作温度，进一步明确挤出工艺废气的产排情况，建议删除挤出工艺颗粒物。环境质量现状与环境保护目标项目,关键词已对应，待人工核验数值与字段归属,,
167_佛山市彩川合成材料有限公司新建项目_02_修改评估意见,源强与定量核算,产生量,产生量,实改性塑料粒和色母制造时颗粒物的产生量，建议删除挤出工艺的颗粒物分析。完善挤出机废气的收集方式，进一步补充说明8台挤出机配32个有机废气收集罩的合理性，,实改性塑料粒和色母制造时颗粒物的产生量，建议删除挤出工艺的颗粒物分析。完善挤出机废气的收集方式，进一步补充说明8台挤出机配32个有机废气收集罩的合理性，,关键词已对应，待人工核验数值与字段归属,,
167_佛山市彩川合成材料有限公司新建项目_02_修改评估意见,废气治理,废气收集、排气筒、风量,废气收集、排气筒、风量,步补充说明8台挤出机配32个有机废气收集罩的合理性，核实风量。更新大气污染物自行监测计划表中的排放标准。固废：噪声：环境风险：更新《危险化学品目录（20,步补充说明8台挤出机配32个有机废气收集罩的合理性，核实风量。更新大气污染物自行监测计划表中的排放标准。固废：噪声：环境风险：更新《危险化学品目录（20,关键词已对应，待人工核验数值与字段归属,,
167_佛山市彩川合成材料有限公司新建项目_02_修改评估意见,固废与危险废物,危险废物、固体废物,危险废物、固体废物,008）中3类标准要求。加强项目固体废物分类管理与污染控制。危险废物厂内贮存应符合《危险废物贮存污染控制标准》（GB18597-2023）要求，并委托有,008）中3类标准要求。加强项目固体废物分类管理与污染控制。危险废物厂内贮存应符合《危险废物贮存污染控制标准》（GB18597-2023）要求，并委托有,关键词已对应，待人工核验数值与字段归属,,
167_佛山市彩川合成材料有限公司新建项目_02_修改评估意见,总量与执行标准,总量指标、执行标准、排放标准,总量指标、执行标准、排放标准,的距离，是否涉及4a类声功能区。排放标准及总量指标：生活污水排放标准补充污染因子总磷。按《佛山市生态环境局关于印发规范执行重点行业污染物排放标准的工作指,的距离，是否涉及4a类声功能区。排放标准及总量指标：生活污水排放标准补充污染因子总磷。按《佛山市生态环境局关于印发规范执行重点行业污染物排放标准的工作指,关键词已对应，待人工核验数值与字段归属,,
167_佛山市彩川合成材料有限公司新建项目_02_修改评估意见,监督检查清单,环境保护措施监督检查清单、监督检查清单,环境保护措施监督检查清单、监督检查清单,明废液压油的最大储存量取值依据。环境保护措施监督检查清单：更新各排气筒污染物的执行标准。附表、附图、附件：平面布置图中完善排气筒编号；建议以顺诚南路道路,明废液压油的最大储存量取值依据。环境保护措施监督检查清单：更新各排气筒污染物的执行标准。附表、附图、附件：平面布置图中完善排气筒编号；建议以顺诚南路道路,关键词已对应，待人工核验数值与字段归属,,
167_佛山市彩川合成材料有限公司新建项目_03_修改评估意见,项目基本情况,,,,,原文未自动定位，待人工确认,,
167_佛山市彩川合成材料有限公司新建项目_03_修改评估意见,产品与产量,,,,,原文未自动定位，待人工确认,,
167_佛山市彩川合成材料有限公司新建项目_03_修改评估意见,原辅材料,,,,,原文未自动定位，待人工确认,,
167_佛山市彩川合成材料有限公司新建项目_03_修改评估意见,生产设备,,,,,原文未自动定位，待人工确认,,
167_佛山市彩川合成材料有限公司新建项目_03_修改评估意见,工艺与产污,,,,,原文未自动定位，待人工确认,,
167_佛山市彩川合成材料有限公司新建项目_03_修改评估意见,源强与定量核算,,,,,原文未自动定位，待人工确认,,
167_佛山市彩川合成材料有限公司新建项目_03_修改评估意见,废气治理,,,,,原文未自动定位，待人工确认,,
167_佛山市彩川合成材料有限公司新建项目_03_修改评估意见,固废与危险废物,,,,,原文未自动定位，待人工确认,,
167_佛山市彩川合成材料有限公司新建项目_03_修改评估意见,总量与执行标准,,,,,原文未自动定位，待人工确认,,
167_佛山市彩川合成材料有限公司新建项目_03_修改评估意见,监督检查清单,,,,,原文未自动定位，待人工确认,,
168_广东顺德意达电子薄膜器件有限公司新建项目_01_报批稿或报告表,项目基本情况,建设项目名称、建设地点、总投资,建设项目名称、建设地点、总投资, 115 一、建设项目基本情况 建设项目名称 | 广东顺德意达电子薄膜器件有限公司新建项目 项目代码 | 无 建设单位联系人 | 熊传华 | 联系方式 ,明115 一、建设项目基本情况 建设项目名称 广东顺德意达电子薄膜器件有限公司新建项目 项目代码 无 建设单位联系人 熊传华 联系方式 13922856,关键词已对应，待人工核验数值与字段归属,,
168_广东顺德意达电子薄膜器件有限公司新建项目_01_报批稿或报告表,产品与产量,主要产品、产品名称、年产,主要产品、产品名称、年产,物经营许可证的单位回收处置本项目主要产品年产量表2-2 本项目主要产品年产量序号产品名称单位产量单位产品印刷面积印刷厚度备注1彩膜贴合组件万片55000,物经营许可证的单位回收处置本项目主要产品年产量表2-2 本项目主要产品年产量序号产品名称单位产量单位产品印刷面积印刷厚度备注1彩膜贴合组件万片55000,关键词已对应，待人工核验数值与字段归属,,
168_广东顺德意达电子薄膜器件有限公司新建项目_01_报批稿或报告表,原辅材料,主要原辅材料、原辅材料、原料名称,主要原辅材料、原辅材料、原料名称,件的加工生产，生产的产品及使用的原辅材料均不属于《环境保护综合名录（2021年版）》 中“高污染、高环境风险”产品名录，符合要求。3、项目与“三线一单”,件的加工生产，生产的产品及使用的原辅材料均不属于《环境保护综合名录（2021年版）》 中“高污染、高环境风险”产品名录，符合要求。 3、项目与“三线一单,关键词已对应，待人工核验数值与字段归属,,
168_广东顺德意达电子薄膜器件有限公司新建项目_01_报批稿或报告表,生产设备,主要生产设备、设备名称、生产设施,主要生产设备、设备名称、生产设施,浓度不高于相应的排放限值；车间或生产设施排气中NMHC初始排放速率≥3kg/h时，建设VOCs处理设施且处理效率≥80%；b）厂区内无组织排放监控点NM,度不高于相应的排放限值； 车间或生产设施排气中NMHC初始排放速率≥3kg/h时，建设VOCs处理设施且处理效率≥80%； b）厂区内无组织排放监控点N,关键词已对应，待人工核验数值与字段归属,,
168_广东顺德意达电子薄膜器件有限公司新建项目_01_报批稿或报告表,工艺与产污,工艺流程、生产工艺、产污环节,工艺流程、生产工艺、产污环节,色采购清单。鼓励重点行业企业开展生产工艺和设备水性化改造，推广使用水性、高固体分、无溶剂、粉末等低VOCs含量涂料。严格落实《挥发性有机物无组织排放控制,采购清单。 鼓励重点行业企业开展生产工艺和设备水性化改造，推广使用水性、高固体分、无溶剂、粉末等低VOCs含量涂料。 严格落实《挥发性有机物无组织排放控,关键词已对应，待人工核验数值与字段归属,,
168_广东顺德意达电子薄膜器件有限公司新建项目_01_报批稿或报告表,源强与定量核算,产生量、排放量、收集效率,产生量、排放量、收集效率,67 附表 68 建设项目污染物排放量汇总表 68 附图1 项目地理位置 69 附图2 项目周围环境及噪声现状监测布点位图 70 附图3 项目周边敏感点,论67 附表68 建设项目污染物排放量汇总表68 附图1 项目地理位置69 附图2 项目周围环境及噪声现状监测布点位图70 附图3 项目周边敏感点分布图,关键词已对应，待人工核验数值与字段归属,,
168_广东顺德意达电子薄膜器件有限公司新建项目_01_报批稿或报告表,废气治理,废气治理、废气收集、活性炭,废气治理、废气收集、活性炭,经“集气罩+帘幕”收集后通过二级活性炭吸附处理后通过楼顶45m排气筒G1排放，符合重点管控单元的要求。4、与《佛山市人民政府关于印发佛山市“三线一单”生,经“集气罩+帘幕”收集后通过二级活性炭吸附处理后通过楼顶45m排气筒G1排放，符合重点管控单元的要求。 4、与《佛山市人民政府关于印发佛山市“三线一单”,关键词已对应，待人工核验数值与字段归属,,
168_广东顺德意达电子薄膜器件有限公司新建项目_01_报批稿或报告表,固废与危险废物,危险废物、固体废物、危废暂存,危险废物、固体废物、危废暂存,园区环境风险防控区域。项目产生的危险废物拟定期委托有资质的处置公司进行收集处理，并通过信息系统登记转移计划和电子转移联单，符合危险废物全过程跟踪管理的防,区环境风险防控区域。 项目产生的危险废物拟定期委托有资质的处置公司进行收集处理，并通过信息系统登记转移计划和电子转移联单，符合危险废物全过程跟踪管理的防,关键词已对应，待人工核验数值与字段归属,,
168_广东顺德意达电子薄膜器件有限公司新建项目_01_报批稿或报告表,总量与执行标准,总量控制、总量指标、执行标准,总量控制、总量指标、执行标准,/26-2001）第一类污染物的排放标准后纳入园区污水管道送工业园污水处理厂处理。本园区应按照《报告书》拟定的入园企业类别引进企业项目，并应避免引入生产,/26-2001）第一类污染物的排放标准后纳入园区污水管道送工业园污水处理厂处理。 本园区应按照《报告书》拟定的入园企业类别引进企业项目，并应避免引入生,关键词已对应，待人工核验数值与字段归属,,
168_广东顺德意达电子薄膜器件有限公司新建项目_01_报批稿或报告表,监督检查清单,环境保护措施监督检查清单、监督检查清单,环境保护措施监督检查清单、监督检查清单,要环境影响和保护措施 34 五、环境保护措施监督检查清单 64 六、结论 67 附表 68 建设项目污染物排放量汇总表 68 附图1 项目地理位置 69,主要环境影响和保护措施34 五、环境保护措施监督检查清单64 六、结论67 附表68 建设项目污染物排放量汇总表68 附图1 项目地理位置69 附图2 ,关键词已对应，待人工核验数值与字段归属,,
168_广东顺德意达电子薄膜器件有限公司新建项目_02_受理公告或公示版,项目基本情况,建设项目名称、建设地点、总投资,建设项目名称、建设地点、总投资, 1 — 一、建设项目基本情况 建设项目名称 广东顺德意达电子薄膜器件有限公司新建项目 项目代码 无 建设单位联系人 熊传华 联系方式 13922856, 1 — 一、建设项目基本情况 建设项目名称 广东顺德意达电子薄膜器件有限公司新建项目 项目代码 无 建设单位联系人 熊传华 联系方式 13922856,关键词已对应，待人工核验数值与字段归属,,
168_广东顺德意达电子薄膜器件有限公司新建项目_02_受理公告或公示版,产品与产量,主要产品、产品名称、年产,主要产品、产品名称、年产,可证 的单位回收处置 3、本项目主要产品年产量 表 2-2 本项目主要产品年产量 序号 产品名称 单位 产量 单位产品印刷面积 印刷厚度 备注 1 彩膜,可证 的单位回收处置 3、本项目主要产品年产量 表 2-2 本项目主要产品年产量 序号 产品名称 单位 产量 单位产品印刷面积 印刷厚度 备注 1 彩膜,关键词已对应，待人工核验数值与字段归属,,
168_广东顺德意达电子薄膜器件有限公司新建项目_02_受理公告或公示版,原辅材料,主要原辅材料、原辅材料、原料名称,主要原辅材料、原辅材料、原料名称,的加工生产，生产的产品及使用的 原辅材料均不属于《环境保护综合名录（2021 年版）》 中“高污 染、高环境风险”产品名录，符合要求。 3、项目与“三线,的加工生产，生产的产品及使用的 原辅材料均不属于《环境保护综合名录（2021 年版）》 中“高污 染、高环境风险”产品名录，符合要求。 3、项目与“三线,关键词已对应，待人工核验数值与字段归属,,
168_广东顺德意达电子薄膜器件有限公司新建项目_02_受理公告或公示版,生产设备,主要生产设备、设备名称、生产设施,主要生产设备、设备名称、生产设施,度不高于相应的排放限值；车间 或生产设施排气中 NMHC 初始排 放速率≥3kg/h 时，建设 VOCs 处 理设施且处理效率≥80%；b）厂 区内无组,度不高于相应的排放限值；车间 或生产设施排气中 NMHC 初始排 放速率≥3kg/h 时，建设 VOCs 处 理设施且处理效率≥80%；b）厂 区内无组,关键词已对应，待人工核验数值与字段归属,,
168_广东顺德意达电子薄膜器件有限公司新建项目_02_受理公告或公示版,工艺与产污,工艺流程、生产工艺、产污环节,工艺流程、生产工艺、产污环节,，加快涉 VOCs 重点行业的 生产工艺升级改造，推行自动化生产工艺，对达不到要求的 VOCs 收集及治理设 施进行整治提升，逐步淘汰低效 VOCs 治,，加快涉 VOCs 重点行业的 生产工艺升级改造，推行自动化生产工艺，对达不到要求的 VOCs 收集及治理设 施进行整治提升，逐步淘汰低效 VOCs 治,关键词已对应，待人工核验数值与字段归属,,
168_广东顺德意达电子薄膜器件有限公司新建项目_02_受理公告或公示版,源强与定量核算,产生量、排放量、收集效率,产生量、排放量、收集效率,..... 68 建设项目污染物排放量汇总表 .....................................................,..... 68 建设项目污染物排放量汇总表 .....................................................,关键词已对应，待人工核验数值与字段归属,,
168_广东顺德意达电子薄膜器件有限公司新建项目_02_受理公告或公示版,废气治理,废气治理、废气收集、活性炭,废气治理、废气收集、活性炭,“集气 罩+帘幕”收集后通过二级活性炭吸附处理后通过楼顶 45m 排气筒 G1 排放，符合重点管控单元的要求。 4、与《佛山市人民政府关于印发佛山市“三,“集气 罩+帘幕”收集后通过二级活性炭吸附处理后通过楼顶 45m 排气筒 G1 排放，符合重点管控单元的要求。 4、与《佛山市人民政府关于印发佛山市“三,关键词已对应，待人工核验数值与字段归属,,
168_广东顺德意达电子薄膜器件有限公司新建项目_02_受理公告或公示版,固废与危险废物,危险废物、固体废物、危废暂存,危险废物、固体废物、危废暂存,区环境风险防控区域。项目产生的 危险废物拟定期委托有资质的处置公司进行收集处理，并通过信息 系统登记转移计划和电子转移联单，符合危险废物全过程跟踪管理 ,区环境风险防控区域。项目产生的 危险废物拟定期委托有资质的处置公司进行收集处理，并通过信息 系统登记转移计划和电子转移联单，符合危险废物全过程跟踪管理 ,关键词已对应，待人工核验数值与字段归属,,
168_广东顺德意达电子薄膜器件有限公司新建项目_02_受理公告或公示版,总量与执行标准,总量控制、总量指标、执行标准,总量控制、总量指标、执行标准,目所在镇街分局出 具 VOCs 总量指标来源及替代削 减方案的意见，开展总量替代 项目总 VOCs 排放总量 为 0.289t/a，建议总 VOCs 总,目所在镇街分局出 具 VOCs 总量指标来源及替代削 减方案的意见，开展总量替代 项目总 VOCs 排放总量 为 0.289t/a，建议总 VOCs 总,关键词已对应，待人工核验数值与字段归属,,
168_广东顺德意达电子薄膜器件有限公司新建项目_02_受理公告或公示版,监督检查清单,环境保护措施监督检查清单、监督检查清单,环境保护措施监督检查清单、监督检查清单,.......... 34 五、环境保护措施监督检查清单 ...............................................,.......... 34 五、环境保护措施监督检查清单 ...............................................,关键词已对应，待人工核验数值与字段归属,,
168_广东顺德意达电子薄膜器件有限公司新建项目_03_修改评估意见,项目基本情况,,,,,原文未自动定位，待人工确认,,
168_广东顺德意达电子薄膜器件有限公司新建项目_03_修改评估意见,产品与产量,年产,年产,要从事彩膜贴 合组件的生产，预计年产彩膜贴合组件 5500 万片。项目的规模及 工艺见报告表内容。 佛 山 市 生 态 环 境 局 主动公开 佛环 03,要从事彩膜贴 合组件的生产，预计年产彩膜贴合组件 5500 万片。项目的规模及 工艺见报告表内容。 佛 山 市 生 态 环 境 局 主动公开 佛环 03,关键词已对应，待人工核验数值与字段归属,,
168_广东顺德意达电子薄膜器件有限公司新建项目_03_修改评估意见,原辅材料,,,,,原文未自动定位，待人工确认,,
168_广东顺德意达电子薄膜器件有限公司新建项目_03_修改评估意见,生产设备,,,,,原文未自动定位，待人工确认,,
168_广东顺德意达电子薄膜器件有限公司新建项目_03_修改评估意见,工艺与产污,生产工艺,生产工艺,后，该项目的性质、规模、地点、 生产工艺和环境保护措施发生重大变动，且可能导致环境影响显 —4 — 著变化（特别是不利环境影响加重）的，应当重新报批环境,后，该项目的性质、规模、地点、 生产工艺和环境保护措施发生重大变动，且可能导致环境影响显 第4页 —4 — 著变化（特别是不利环境影响加重）的，应当重新,关键词已对应，待人工核验数值与字段归属,,
168_广东顺德意达电子薄膜器件有限公司新建项目_03_修改评估意见,源强与定量核算,排放量,排放量,的较严值。 项目总 VOCs 年排放量 0.289 吨，其中有组织排放量 0.095 吨，无 组织排放量 0.194 吨。 项目应采用低噪声设备，对噪声,的较严值。 项目总 VOCs 年排放量 0.289 吨，其中有组织排放量 0.095 吨，无 组织排放量 0.194 吨。 项目应采用低噪声设备，对噪声,关键词已对应，待人工核验数值与字段归属,,
168_广东顺德意达电子薄膜器件有限公司新建项目_03_修改评估意见,废气治理,废气收集、活性炭,废气收集、活性炭,有机物无组织排放控制，并采取有效废气收集处理措施，最 大限度减少废气排放影响。项目印刷、清洗、覆膜工序产生的废 气经“集气罩+帘幕”收集后通过“二级活性,有机物无组织排放控制，并采取有效废气收集处理措施，最 大限度减少废气排放影响。项目印刷、清洗、覆膜工序产生的废 气经“集气罩+帘幕”收集后通过“二级活性,关键词已对应，待人工核验数值与字段归属,,
168_广东顺德意达电子薄膜器件有限公司新建项目_03_修改评估意见,固废与危险废物,危险废物、固体废物,危险废物、固体废物,8） 3 类标准要求。项目须加强固体废物分类管理与污染控制。危险废 物贮存应符合《危险废物贮存污染控制标准》（GB 18597—2023） 要求，并委托,8） 3 类标准要求。项目须加强固体废物分类管理与污染控制。危险废 物贮存应符合《危险废物贮存污染控制标准》（GB 18597—2023） 要求，并委托,关键词已对应，待人工核验数值与字段归属,,
168_广东顺德意达电子薄膜器件有限公司新建项目_03_修改评估意见,总量与执行标准,总量控制、排放标准,总量控制、排放标准,并 确保污染物排放稳定达标且符合总量控制要求的前提下，项目按 照报告表中所列的性质、规模、地点进行建设，从环境保护角度 可行。 三、你公司应按照报告表内,并 确保污染物排放稳定达标且符合总量控制要求的前提下，项目按 照报告表中所列的性质、规模、地点进行建设，从环境保护角度 可行。 三、你公司应按照报告表内,关键词已对应，待人工核验数值与字段归属,,
168_广东顺德意达电子薄膜器件有限公司新建项目_03_修改评估意见,监督检查清单,,,,,原文未自动定位，待人工确认,,
169_佛山市全海世家新材料科技有限公司新建项目_01_报批稿或报告表,项目基本情况,建设项目名称、建设地点、总投资,建设项目名称、建设地点、总投资, 110 一、建设项目基本情况 建设项目名称 | 佛山市全海世家新材料科技有限公司新建项目 项目代码 | / 建设单位联系人 | 欧桂香 | 联系方式 ,同110 一、建设项目基本情况 建设项目名称 佛山市全海世家新材料科技有限公司新建项目 项目代码 / 建设单位联系人 欧桂香 联系方式 13018569,关键词已对应，待人工核验数值与字段归属,,
169_佛山市全海世家新材料科技有限公司新建项目_01_报批稿或报告表,产品与产量,产品方案、主要产品、年产,产品方案、主要产品、年产,元，占地面积7776.8平方米，年产挤塑板300万平方米、改性塑料粒1000吨。 2、总图布置及四至情况 佛山市全海世家新材料科技有限公司新建项目位于佛,元，占地面积7776.8平方米，年产挤塑板300万平方米、改性塑料粒1000吨。2、总图布置及四至情况佛山市全海世家新材料科技有限公司新建项目位于佛山市,关键词已对应，待人工核验数值与字段归属,,
169_佛山市全海世家新材料科技有限公司新建项目_01_报批稿或报告表,原辅材料,主要原辅材料、原辅材料、辅料,主要原辅材料、原辅材料、辅料,覆胶属于鼓励使用的低VOCs含量原辅材料，符合政策要求。符合1.2第四十五条 产生含挥发性有机物废气的生产和服务活动，应当在密闭空间或者设备中进行，并按,覆胶属于鼓励使用的低VOCs含量原辅材料，符合政策要求。 符合1. 2第四十五条 产生含挥发性有机物废气的生产和服务活动，应当在密闭空间或者设备中进行，,关键词已对应，待人工核验数值与字段归属,,
169_佛山市全海世家新材料科技有限公司新建项目_01_报批稿或报告表,生产设备,主要生产设备、设备名称、生产设施,主要生产设备、设备名称、生产设施,清单 根据建设单位提供资料，项目主要生产设备如下表所示。表2-9 项目主要生产设备一览表序号设备名称型号规格参数数量单位使用工序位置混料机50kg/h1,备清单根据建设单位提供资料，项目主要生产设备如下表所示。表2-9 项目主要生产设备一览表序号设备名称型号规格参数数量单位使用工序位置混料机50kg/h1,关键词已对应，待人工核验数值与字段归属,,
169_佛山市全海世家新材料科技有限公司新建项目_01_报批稿或报告表,工艺与产污,工艺流程、生产工艺、产污环节,工艺流程、生产工艺、产污环节,色采购清单。鼓励重点行业企业开展生产工艺和设备水性化改造，推广使用水性、高固体分、无溶剂、粉末等低VOCs含量涂料。本项目使用的包覆胶属于鼓励使用的低V,采购清单。 鼓励重点行业企业开展生产工艺和设备水性化改造，推广使用水性、高固体分、无溶剂、粉末等低VOCs含量涂料。 本项目使用的包覆胶属于鼓励使用的低,关键词已对应，待人工核验数值与字段归属,,
169_佛山市全海世家新材料科技有限公司新建项目_01_报批稿或报告表,源强与定量核算,污染源强、产生量、排放量,污染源强、产生量、排放量,70 附表 71 建设项目污染物排放量汇总表 71 附图1 地理位置图 72 附图2 总平面布置图 73 附图3 四至图及监测点位示意图 74 附图4 ,论70 附表71 建设项目污染物排放量汇总表71 附图1 地理位置图72 附图2 总平面布置图73 附图3 四至图及监测点位示意图74 附图4 敏感点分,关键词已对应，待人工核验数值与字段归属,,
169_佛山市全海世家新材料科技有限公司新建项目_01_报批稿或报告表,废气治理,废气治理、废气收集、活性炭,废气治理、废气收集、活性炭,废气经车间密闭负压收集后进入1套活性炭吸附系统处理后引至楼顶1个15米高的排气筒DA001排放，包覆废气经车间密闭负压收集后进入1套活性炭吸附系统处理后,废气经车间密闭负压收集后进入1套活性炭吸附系统处理后引至楼顶1个15米高的排气筒DA001排放，包覆废气经车间密闭负压收集后进入1套活性炭吸附系统处理后,关键词已对应，待人工核验数值与字段归属,,
169_佛山市全海世家新材料科技有限公司新建项目_01_报批稿或报告表,固废与危险废物,危险废物、固体废物、危废暂存,危险废物、固体废物、危废暂存,处理方资质佐证材料。企业严格执行危险废物转移计划报批、依法建立危险废物转移联单，并通过信息系统登记转移计划和电子转移联单。符合4.6要求建设单位需对有机,理方资质佐证材料。 企业严格执行危险废物转移计划报批、依法建立危险废物转移联单，并通过信息系统登记转移计划和电子转移联单。 符合4. 6要求建设单位需对,关键词已对应，待人工核验数值与字段归属,,
169_佛山市全海世家新材料科技有限公司新建项目_01_报批稿或报告表,总量与执行标准,总量控制、总量指标、执行标准,总量控制、总量指标、执行标准,做好重点行业建设项目挥发性有机物总量指标管理工作的通知》（佛顺环函[2019]56号）9.1涉VOCs排放项目，实现本行政区域内污染源“点对点”2倍量削,做好重点行业建设项目挥发性有机物总量指标管理工作的通知》（佛顺环函[2019]56号）9. 1涉VOCs排放项目，实现本行政区域内污染源“点对点”2倍量,关键词已对应，待人工核验数值与字段归属,,
169_佛山市全海世家新材料科技有限公司新建项目_01_报批稿或报告表,监督检查清单,环境保护措施监督检查清单、监督检查清单,环境保护措施监督检查清单、监督检查清单,要环境影响和保护措施 28 五、环境保护措施监督检查清单 68 六、结论 70 附表 71 建设项目污染物排放量汇总表 71 附图1 地理位置图 72 ,主要环境影响和保护措施28 五、环境保护措施监督检查清单68 六、结论70 附表71 建设项目污染物排放量汇总表71 附图1 地理位置图72 附图2 总,关键词已对应，待人工核验数值与字段归属,,
169_佛山市全海世家新材料科技有限公司新建项目_02_受理公告或公示版,项目基本情况,建设项目名称、建设地点、总投资,建设项目名称、建设地点、总投资,12 1 一、建设项目基本情况 建设项目名称 佛山市全海世家新材料科技有限公司新建项目 项目代码 / 建设单位联系人 欧桂香 联系方式 13018569,5页 1 一、建设项目基本情况 建设项目名称 佛山市全海世家新材料科技有限公司新建项目 项目代码 / 建设单位联系人 欧桂香 联系方式 13018569,关键词已对应，待人工核验数值与字段归属,,
169_佛山市全海世家新材料科技有限公司新建项目_02_受理公告或公示版,产品与产量,产品方案、主要产品、年产,产品方案、主要产品、年产,地面 积 7776.8 平方米，年产挤塑板 300 万平方米、改性塑料粒 1000 吨。 2、总图布置及四至情况 佛山市全海世家新材料科技有限公司新建项,地面 积 7776.8 平方米，年产挤塑板 300 万平方米、改性塑料粒 1000 吨。 2、总图布置及四至情况 佛山市全海世家新材料科技有限公司新建项,关键词已对应，待人工核验数值与字段归属,,
169_佛山市全海世家新材料科技有限公司新建项目_02_受理公告或公示版,原辅材料,主要原辅材料、原辅材料、辅料,主要原辅材料、原辅材料、辅料, 励使 用 的低 VOCs 含量原辅材料， 符合政策要求。 符合 3 1.2 第四十五条 产生含挥发性有机物废气 的生产和服务活动，应当在密闭空间或 者, 励使 用 的低 VOCs 含量原辅材料， 符合政策要求。 符合 第7页 3 1.2 第四十五条 产生含挥发性有机物废气 的生产和服务活动，应当在密闭空,关键词已对应，待人工核验数值与字段归属,,
169_佛山市全海世家新材料科技有限公司新建项目_02_受理公告或公示版,生产设备,主要生产设备、设备名称、生产设施,主要生产设备、设备名称、生产设施,清单 根据建设单位提供资料，项目主要生产设备如下表所示。 表 2-9 项目主要生产设备一览表 序号 设备名称 型号 规格参数 数量 单位 使用工序 位置,清单 根据建设单位提供资料，项目主要生产设备如下表所示。 表 2-9 项目主要生产设备一览表 序号 设备名称 型号 规格参数 数量 单位 使用工序 位置,关键词已对应，待人工核验数值与字段归属,,
169_佛山市全海世家新材料科技有限公司新建项目_02_受理公告或公示版,工艺与产污,工艺流程、生产工艺、产污环节,工艺流程、生产工艺、产污环节,采购清单。 鼓励重点行业企业开展生产工艺和设备 水性化改造，推广使用水性、高固体分、 无溶剂、粉末等低 VOCs 含量涂料。 本项目使用的包覆胶属于 鼓,采购清单。 鼓励重点行业企业开展生产工艺和设备 水性化改造，推广使用水性、高固体分、 无溶剂、粉末等低 VOCs 含量涂料。 本项目使用的包覆胶属于 鼓,关键词已对应，待人工核验数值与字段归属,,
169_佛山市全海世家新材料科技有限公司新建项目_02_受理公告或公示版,源强与定量核算,污染源强、产生量、排放量,污染源强、产生量、排放量,......73 建设项目污染物排放量汇总表 .....................................................,......73 建设项目污染物排放量汇总表 .....................................................,关键词已对应，待人工核验数值与字段归属,,
169_佛山市全海世家新材料科技有限公司新建项目_02_受理公告或公示版,废气治理,废气治理、废气收集、活性炭,废气治理、废气收集、活性炭, 密闭 负压 收集后进入 1 套活性炭吸附 系统处理后引至楼顶 1 个 15 米高的排气筒 DA001 排放， 包 覆废 气经 车间 密闭 负压 收集后, 密闭 负压 收集后进入 1 套活性炭吸附 系统处理后引至楼顶 1 个 15 米高的排气筒 DA001 排放， 包 覆废 气经 车间 密闭 负压 收集后,关键词已对应，待人工核验数值与字段归属,,
169_佛山市全海世家新材料科技有限公司新建项目_02_受理公告或公示版,固废与危险废物,危险废物、固体废物、危废暂存,危险废物、固体废物、危废暂存,理方资质佐证材料。 企业严格执行危险废物转 移计划报批、依法建立危险 废物转移联单，并通过信息 系统登记转移计划和电子 转移联单。 符合 4.6 要求建,理方资质佐证材料。 企业严格执行危险废物转 移计划报批、依法建立危险 废物转移联单，并通过信息 系统登记转移计划和电子 转移联单。 符合 4.6 要求建,关键词已对应，待人工核验数值与字段归属,,
169_佛山市全海世家新材料科技有限公司新建项目_02_受理公告或公示版,总量与执行标准,总量控制、总量指标、执行标准,总量控制、总量指标、执行标准, 目所在镇街分局出具 VOCs 总量指标来 源及替代削减方案的意见，开展总量替 代。 项目 VOCs 排放总量指标为 5.154t/a，从镇街总量列支 , 目所在镇街分局出具 VOCs 总量指标来 源及替代削减方案的意见，开展总量替 代。 项目 VOCs 排放总量指标为 5.154t/a，从镇街总量列支 ,关键词已对应，待人工核验数值与字段归属,,
169_佛山市全海世家新材料科技有限公司新建项目_02_受理公告或公示版,监督检查清单,环境保护措施监督检查清单、监督检查清单,环境保护措施监督检查清单、监督检查清单,...........29 五、环境保护措施监督检查清单 ...............................................,...........29 五、环境保护措施监督检查清单 ...............................................,关键词已对应，待人工核验数值与字段归属,,
169_佛山市全海世家新材料科技有限公司新建项目_03_修改评估意见,项目基本情况,,,,,原文未自动定位，待人工确认,,
169_佛山市全海世家新材料科技有限公司新建项目_03_修改评估意见,产品与产量,,,,,原文未自动定位，待人工确认,,
169_佛山市全海世家新材料科技有限公司新建项目_03_修改评估意见,原辅材料,,,,,原文未自动定位，待人工确认,,
169_佛山市全海世家新材料科技有限公司新建项目_03_修改评估意见,生产设备,,,,,原文未自动定位，待人工确认,,
169_佛山市全海世家新材料科技有限公司新建项目_03_修改评估意见,工艺与产污,,,,,原文未自动定位，待人工确认,,
169_佛山市全海世家新材料科技有限公司新建项目_03_修改评估意见,源强与定量核算,,,,,原文未自动定位，待人工确认,,
169_佛山市全海世家新材料科技有限公司新建项目_03_修改评估意见,废气治理,,,,,原文未自动定位，待人工确认,,
169_佛山市全海世家新材料科技有限公司新建项目_03_修改评估意见,固废与危险废物,,,,,原文未自动定位，待人工确认,,
169_佛山市全海世家新材料科技有限公司新建项目_03_修改评估意见,总量与执行标准,,,,,原文未自动定位，待人工确认,,
169_佛山市全海世家新材料科技有限公司新建项目_03_修改评估意见,监督检查清单,,,,,原文未自动定位，待人工确认,,
170_佛山市顺德区智成塑包装有限公司新建项目_01_报批稿或报告表,项目基本情况,建设项目名称、建设地点、总投资,建设项目名称、建设地点、总投资,公示声明 一、建设项目基本情况 建设项目名称 | 佛山市顺德区智成塑包装有限公司新建项目 项目代码 | / 建设单位联系人 | 廖秀婷 | 联系方式 |,公示声明 一、建设项目基本情况 建设项目名称 佛山市顺德区智成塑包装有限公司新建项目 项目代码 / 建设单位联系人 廖秀婷 联系方式 180386118,关键词已对应，待人工核验数值与字段归属,,
170_佛山市顺德区智成塑包装有限公司新建项目_01_报批稿或报告表,产品与产量,产品方案、主要产品、年产,产品方案、主要产品、年产,m2。项目主要从事塑料瓶的生产，年产塑料瓶700万个。 根据建设单位提供资料，项目总投资100万元，项目工程组成如表2-1所示。 表2-1 项目工程组成,2。 项目主要从事塑料瓶的生产，年产塑料瓶700万个。 根据建设单位提供资料，项目总投资100万元，项目工程组成如表2-1所示。 表2-1 项目工程组成,关键词已对应，待人工核验数值与字段归属,,
170_佛山市顺德区智成塑包装有限公司新建项目_01_报批稿或报告表,原辅材料,主要原辅材料、原辅材料,主要原辅材料、原辅材料,限制新建生产和使用高挥发性有机物原辅材料项目，优先开展低 VOCs含量原辅材料替代，强化无组织排放控制。原则上不再新建、扩建新增氮氧化物、烟（粉）尘排放,限制新建生产和使用高挥发性有机物原辅材料项目，优先开展低 VOCs含量原辅材料替代，强化无组织排放控制。 原则上不再新建、扩建新增氮氧化物、烟（粉）尘排,关键词已对应，待人工核验数值与字段归属,,
170_佛山市顺德区智成塑包装有限公司新建项目_01_报批稿或报告表,生产设备,主要生产设备、设备名称、生产设施,主要生产设备、设备名称、生产设施,浓度不高于相应的排放限值；车间或生产设施排气中NMHC初始排放速率≥3kg/h时，建设VOCs处理设施且处理效率≥80%；b）厂区内无组织排放监控点NM,度不高于相应的排放限值； 车间或生产设施排气中NMHC初始排放速率≥3kg/h时，建设VOCs处理设施且处理效率≥80%； b）厂区内无组织排放监控点N,关键词已对应，待人工核验数值与字段归属,,
170_佛山市顺德区智成塑包装有限公司新建项目_01_报批稿或报告表,工艺与产污,工艺流程、生产工艺、产污环节,工艺流程、生产工艺、产污环节,加强无组织排放控制。推进使用先进生产工艺。通过采用全密闭、连续化、自动化等生产技术，以及高效工艺与设备等，减少工艺过程无组织排放。挥发性有机液体装载优先,强无组织排放控制。 推进使用先进生产工艺。 通过采用全密闭、连续化、自动化等生产技术，以及高效工艺与设备等，减少工艺过程无组织排放。 挥发性有机液体装载,关键词已对应，待人工核验数值与字段归属,,
170_佛山市顺德区智成塑包装有限公司新建项目_01_报批稿或报告表,源强与定量核算,产生量、排放量、收集效率,产生量、排放量、收集效率,结论 65 附表 建设项目污染物排放量汇总表 附图1 项目地理位置图 附图2 项目车间平面布置图 附图3 项目周边环境敏感情况图 附图4 项目四至照片 ,．结论65 附表 建设项目污染物排放量汇总表 附图1 项目地理位置图 附图2 项目车间平面布置图 附图3 项目周边环境敏感情况图 附图4 项目四至照片 ,关键词已对应，待人工核验数值与字段归属,,
170_佛山市顺德区智成塑包装有限公司新建项目_01_报批稿或报告表,废气治理,废气治理、废气收集、活性炭,废气治理、废气收集、活性炭,使用密闭的包装袋封装。符合2.4废气收集-废气收集系统的输送管道应密闭。废气收集系统应在负压下运行，若处于正压状态，应对管道组件的密封垫进行泄漏检测，泄,密闭的包装袋封装。 符合2. 4废气收集-废气收集系统的输送管道应密闭。 废气收集系统应在负压下运行，若处于正压状态，应对管道组件的密封垫进行泄漏检测，,关键词已对应，待人工核验数值与字段归属,,
170_佛山市顺德区智成塑包装有限公司新建项目_01_报批稿或报告表,固废与危险废物,危险废物、固体废物、危废暂存,危险废物、固体废物、危废暂存,00m2），储存原料及放置产品。危险废物暂存间1个，存放危险废物，位于生产车间内；危险废物收集后暂存于危险废物暂存间内（面积10m2）。一般工业固废堆场,0m2），储存原料及放置产品。 危险废物暂存间1个，存放危险废物，位于生产车间内； 危险废物收集后暂存于危险废物暂存间内（面积10m2）。 一般工业固废,关键词已对应，待人工核验数值与字段归属,,
170_佛山市顺德区智成塑包装有限公司新建项目_01_报批稿或报告表,总量与执行标准,总量控制、总量指标、执行标准,总量控制、总量指标、执行标准,尾水应执行《城镇污水处理广污染物排放标准》(GB18918-2002) 一级A标准及《广东省水污染物排放限值》(DB44/26-2001) 的较严值项目,尾水应执行《城镇污水处理广污染物排放标准》(GB18918-2002) 一级A标准及《广东省水污染物排放限值》(DB44/26-2001) 的较严值项目,关键词已对应，待人工核验数值与字段归属,,
170_佛山市顺德区智成塑包装有限公司新建项目_01_报批稿或报告表,监督检查清单,环境保护措施监督检查清单、监督检查清单,环境保护措施监督检查清单、监督检查清单,要环境影响和保护措施 35 五．环境保护措施监督检查清单 62 六．结论 65 附表 建设项目污染物排放量汇总表 附图1 项目地理位置图 附图2 项目车,主要环境影响和保护措施35 五．环境保护措施监督检查清单62 六．结论65 附表 建设项目污染物排放量汇总表 附图1 项目地理位置图 附图2 项目车间平,关键词已对应，待人工核验数值与字段归属,,
170_佛山市顺德区智成塑包装有限公司新建项目_02_受理公告或公示版,项目基本情况,建设项目名称、建设地点、总投资,建设项目名称、建设地点、总投资,声明 1 一、建设项目基本情况 建设项目名称 佛山市顺德区智成塑包装有限公司新建项目 项目代码 / 建设单位联系 人 廖秀婷 联系方式 18038611,5页 1 一、建设项目基本情况 建设项目名称 佛山市顺德区智成塑包装有限公司新建项目 项目代码 / 建设单位联系 人 廖秀婷 联系方式 18038611,关键词已对应，待人工核验数值与字段归属,,
170_佛山市顺德区智成塑包装有限公司新建项目_02_受理公告或公示版,产品与产量,产品方案、主要产品、年产,产品方案、主要产品、年产,2。项目 主要从事塑料瓶的生产，年产塑料瓶 700 万个。 根据建设单位提供资料，项目总投资 100 万元，项目工程组成如表 2-1 所示。 表 2-1,2。项目 主要从事塑料瓶的生产，年产塑料瓶 700 万个。 根据建设单位提供资料，项目总投资 100 万元，项目工程组成如表 2-1 所示。 表 2-1,关键词已对应，待人工核验数值与字段归属,,
170_佛山市顺德区智成塑包装有限公司新建项目_02_受理公告或公示版,原辅材料,主要原辅材料、原辅材料,主要原辅材料、原辅材料,制新建生产和使用高 挥发性有机物原辅材料项目，优先开展低 VOCs 含量原辅材料替代，强化无组织排 项目生产过程没 有氮氧化物、烟 （粉）尘产生 符合 ,制新建生产和使用高 挥发性有机物原辅材料项目，优先开展低 VOCs 含量原辅材料替代，强化无组织排 项目生产过程没 有氮氧化物、烟 （粉）尘产生 符合 ,关键词已对应，待人工核验数值与字段归属,,
170_佛山市顺德区智成塑包装有限公司新建项目_02_受理公告或公示版,生产设备,主要生产设备、设备名称、生产设施,主要生产设备、设备名称、生产设施,量核算一览表 序号 清洗剂种类 设备名称 数量 （张） 清洗频次 （次/天） 年生产天数 （天） 单台设备单次 洗网水使用量 （g/张） 洗网水使用 量,量核算一览表 序号 清洗剂种类 设备名称 数量 （张） 清洗频次 （次/天） 年生产天数 （天） 单台设备单次 洗网水使用量 （g/张） 洗网水使用 量,关键词已对应，待人工核验数值与字段归属,,
170_佛山市顺德区智成塑包装有限公司新建项目_02_受理公告或公示版,工艺与产污,工艺流程、生产工艺、产污环节,工艺流程、生产工艺、产污环节,强无组织排放控制。推进使用先进 生产工艺。通过采用全密闭、连续化、自 动化等生产技术，以及高效工艺与设备等， 减少工艺过程无组织排放。挥发性有机液 体装,强无组织排放控制。推进使用先进 生产工艺。通过采用全密闭、连续化、自 动化等生产技术，以及高效工艺与设备等， 减少工艺过程无组织排放。挥发性有机液 体装,关键词已对应，待人工核验数值与字段归属,,
170_佛山市顺德区智成塑包装有限公司新建项目_02_受理公告或公示版,源强与定量核算,产生量、排放量、收集效率,产生量、排放量、收集效率,...65 附表 建设项目污染物排放量汇总表 附图 1 项目地理位置图 附图 2 项目车间平面布置图 附图 3 项目周边环境敏感情况图 附图 4 项目四,...65 附表 建设项目污染物排放量汇总表 附图 1 项目地理位置图 附图 2 项目车间平面布置图 附图 3 项目周边环境敏感情况图 附图 4 项目四,关键词已对应，待人工核验数值与字段归属,,
170_佛山市顺德区智成塑包装有限公司新建项目_02_受理公告或公示版,废气治理,废气治理、废气收集、活性炭,废气治理、废气收集、活性炭,闭的包装袋封装。 符合 2.4 废气收集-废气收集系统的输送管道应密 闭。废气收集系统应在负压下运行，若 处于正压状态，应对管道组件的密封垫进 行泄漏检,闭的包装袋封装。 符合 2.4 废气收集-废气收集系统的输送管道应密 闭。废气收集系统应在负压下运行，若 处于正压状态，应对管道组件的密封垫进 行泄漏检,关键词已对应，待人工核验数值与字段归属,,
170_佛山市顺德区智成塑包装有限公司新建项目_02_受理公告或公示版,固废与危险废物,危险废物、固体废物、危废暂存,危险废物、固体废物、危废暂存,m2）， 储存原料及放置产品。 危险废物暂存间 1 个，存放危险废物，位于生产车间内；危险废物收集后 暂存于危险废物暂存间内（面积 10m2）。 一般工,m2）， 储存原料及放置产品。 危险废物暂存间 1 个，存放危险废物，位于生产车间内；危险废物收集后 暂存于危险废物暂存间内（面积 10m2）。 一般工,关键词已对应，待人工核验数值与字段归属,,
170_佛山市顺德区智成塑包装有限公司新建项目_02_受理公告或公示版,总量与执行标准,总量控制、总量指标、执行标准,总量控制、总量指标、执行标准,水应执行《城镇污水处理广污 染物排放标准》(GB18918-2002) 一级 A 标准及《广东省水污染物排放限值》 (DB44/26-2001) 的较严,水应执行《城镇污水处理广污 染物排放标准》(GB18918-2002) 一级 A 标准及《广东省水污染物排放限值》 (DB44/26-2001) 的较严,关键词已对应，待人工核验数值与字段归属,,
170_佛山市顺德区智成塑包装有限公司新建项目_02_受理公告或公示版,监督检查清单,环境保护措施监督检查清单、监督检查清单,环境保护措施监督检查清单、监督检查清单,.......... 35 五．环境保护措施监督检查清单 ...............................................,.......... 35 五．环境保护措施监督检查清单 ...............................................,关键词已对应，待人工核验数值与字段归属,,
170_佛山市顺德区智成塑包装有限公司新建项目_03_修改评估意见,项目基本情况,,,,,原文未自动定位，待人工确认,,
170_佛山市顺德区智成塑包装有限公司新建项目_03_修改评估意见,产品与产量,年产,年产,，主要从事塑料瓶的生产。项目计划年产塑料瓶 700 万个。项目的规模及工艺见《报告表》。 根据《报告表》的评价结论，结合佛山市生态环境局顺德分 佛 山 ,，主要从事塑料瓶的生产。项目计划年产塑料瓶 700 万个。项目的规模及工艺见《报告表》。 根据《报告表》的评价结论，结合佛山市生态环境局顺德分 佛 山 ,关键词已对应，待人工核验数值与字段归属,,
170_佛山市顺德区智成塑包装有限公司新建项目_03_修改评估意见,原辅材料,,,,,原文未自动定位，待人工确认,,
170_佛山市顺德区智成塑包装有限公司新建项目_03_修改评估意见,生产设备,,,,,原文未自动定位，待人工确认,,
170_佛山市顺德区智成塑包装有限公司新建项目_03_修改评估意见,工艺与产污,,,,,原文未自动定位，待人工确认,,
170_佛山市顺德区智成塑包装有限公司新建项目_03_修改评估意见,源强与定量核算,排放量,排放量,）项目 VOCs（含非甲烷总烃）排放量为 1.245 吨/年， 其中有组织排放量为 0.415 吨/年，无组织排放量为 0.83 吨/年。 四、《报告表,）项目 VOCs（含非甲烷总烃）排放量为 1.245 吨/年， 其中有组织排放量为 0.415 吨/年，无组织排放量为 0.83 吨/年。 四、《报告表,关键词已对应，待人工核验数值与字段归属,,
170_佛山市顺德区智成塑包装有限公司新建项目_03_修改评估意见,废气治理,废气收集、活性炭、排气筒,废气收集、活性炭、排气筒,有机物无组织排放控制，并采取有效废气收集处理措 施，最大限度减少废气排放影响。 1．吹瓶、丝印、固化、清洁、贴标等工序产生的废气经集 气罩收集后通过活性,有机物无组织排放控制，并采取有效废气收集处理措 施，最大限度减少废气排放影响。 1．吹瓶、丝印、固化、清洁、贴标等工序产生的废气经集 气罩收集后通过活性,关键词已对应，待人工核验数值与字段归属,,
170_佛山市顺德区智成塑包装有限公司新建项目_03_修改评估意见,固废与危险废物,危险废物、固体废物,危险废物、固体废物,008）3 类标准。 （四）项目危险废物、一般工业固体废物贮存及处置应符合 法律法规及国家污染物控制标准要求。一般工业固体废物贮存过 程应满足相应防渗漏,008）3 类标准。 （四）项目危险废物、一般工业固体废物贮存及处置应符合 法律法规及国家污染物控制标准要求。一般工业固体废物贮存过 程应满足相应防渗漏,关键词已对应，待人工核验数值与字段归属,,
170_佛山市顺德区智成塑包装有限公司新建项目_03_修改评估意见,总量与执行标准,总量控制、排放标准,总量控制、排放标准,并确 保污染物排放稳定达标且符合总量控制要求的前提下，项目按照 《报告表》中所列的性质、规模、地点进行建设，从生态环境保 护角度可行。 三、你单位应按照,并确 保污染物排放稳定达标且符合总量控制要求的前提下，项目按照 《报告表》中所列的性质、规模、地点进行建设，从生态环境保 护角度可行。 三、你单位应按照,关键词已对应，待人工核验数值与字段归属,,
170_佛山市顺德区智成塑包装有限公司新建项目_03_修改评估意见,监督检查清单,,,,,原文未自动定位，待人工确认,,
171_佛山辰僖塑料有限公司新建项目_01_报批稿或报告表,项目基本情况,建设项目名称、建设地点、总投资,建设项目名称、建设地点、总投资,区排水证 一、建设项目基本情况 建设项目名称 | 佛山辰僖塑料有限公司新建项目 项目代码 | 无 建设单位联系人 | 周钜辉 | 联系方式 | 1508,区排水证 一、建设项目基本情况 建设项目名称 佛山辰僖塑料有限公司新建项目 项目代码 无 建设单位联系人 周钜辉 联系方式 15088042604 建设,关键词已对应，待人工核验数值与字段归属,,
171_佛山辰僖塑料有限公司新建项目_01_报批稿或报告表,产品与产量,主要产品、产品名称、年产,主要产品、产品名称、年产,4）。项目主要生产塑料制品，预计年产塑料瓶350万个、塑料盖350万套；项目主要生产工艺为注塑、吹瓶、过火、丝网印刷工艺等。 根据《建设项目环境影响评价,）。 项目主要生产塑料制品，预计年产塑料瓶350万个、塑料盖350万套； 项目主要生产工艺为注塑、吹瓶、过火、丝网印刷工艺等。 根据《建设项目环境影响评,关键词已对应，待人工核验数值与字段归属,,
171_佛山辰僖塑料有限公司新建项目_01_报批稿或报告表,原辅材料,主要原辅材料、原辅材料、原料名称,主要原辅材料、原辅材料、原料名称,、清洗剂、胶黏剂等高挥发性有机物原辅材料项目，鼓励现有该类项目搬迁退出。 1-4.【大气/鼓励引导类】大气环境高排放重点管控区内，应强化达标监管，引导工,、清洗剂、胶黏剂等高挥发性有机物原辅材料项目，鼓励现有该类项目搬迁退出。 1-4. 【大气/鼓励引导类】大气环境高排放重点管控区内，应强化达标监管，引导,关键词已对应，待人工核验数值与字段归属,,
171_佛山辰僖塑料有限公司新建项目_01_报批稿或报告表,生产设备,主要生产设备、设备名称、生产设施,主要生产设备、设备名称、生产设施,浓度不高于相应的排放限值；车间或生产设施排气中NMHC 初始排放速率≥3kg/h 时，建设 VOCs 处理设施且处理效率≥80%；b）厂区内无组织排放监,度不高于相应的排放限值； 车间或生产设施排气中NMHC 初始排放速率≥3kg/h 时，建设 VOCs 处理设施且处理效率≥80%； b）厂区内无组织排放,关键词已对应，待人工核验数值与字段归属,,
171_佛山辰僖塑料有限公司新建项目_01_报批稿或报告表,工艺与产污,工艺流程、生产工艺,工艺流程、生产工艺,代，加快涉 VOCs 重点行业的生产工艺升级改造，推行自动化生产工艺，对达不到要求的 VOCs 收集及治理设施进行整治提升，逐步淘汰低效 VOCs治理设,代，加快涉 VOCs 重点行业的生产工艺升级改造，推行自动化生产工艺，对达不到要求的 VOCs 收集及治理设施进行整治提升，逐步淘汰低效 VOCs治理设,关键词已对应，待人工核验数值与字段归属,,
171_佛山辰僖塑料有限公司新建项目_01_报批稿或报告表,源强与定量核算,污染源强、产生量、排放量,污染源强、产生量、排放量,61 附表 62 建设项目污染物排放量汇总表 附图1 项目地理位置图 附图2 项目所在地50m范围图 附图3 项目所在地500m环境敏感点分布图 附图4,论61 附表62 建设项目污染物排放量汇总表 附图1 项目地理位置图 附图2 项目所在地50m范围图 附图3 项目所在地500m环境敏感点分布图 附图4,关键词已对应，待人工核验数值与字段归属,,
171_佛山辰僖塑料有限公司新建项目_01_报批稿或报告表,废气治理,废气治理、废气收集、活性炭,废气治理、废气收集、活性炭,后排放至容桂第二污水处理厂。生产废气收集后经“活性炭吸附”处理后引至高空排放，不产生和排放有毒有害大气污染物项目，符合环境准入及管控要求。（2）与佛山市,排放至容桂第二污水处理厂。 生产废气收集后经“活性炭吸附”处理后引至高空排放，不产生和排放有毒有害大气污染物项目，符合环境准入及管控要求。 （2）与佛山,关键词已对应，待人工核验数值与字段归属,,
171_佛山辰僖塑料有限公司新建项目_01_报批稿或报告表,固废与危险废物,危险废物、固体废物、危废暂存,危险废物、固体废物、危废暂存,，设备做隔声、减振处理/噪声处理固体废物环保措施危废暂存间1个10m2，位于202室首层，用于暂存危险废物。一般固废储存间1个15m2，位于202室首层,，设备做隔声、减振处理/噪声处理固体废物环保措施危废暂存间1个10m2，位于202室首层，用于暂存危险废物。 一般固废储存间1个15m2，位于202室首,关键词已对应，待人工核验数值与字段归属,,
171_佛山辰僖塑料有限公司新建项目_01_报批稿或报告表,总量与执行标准,总量控制、总量指标、执行标准,总量控制、总量指标、执行标准,尾水应执行《城镇污水处理厂污染物排放标准》（GB18918-2002）一级 A 标准及《广东省水污染物排放限值》 （DB44/26-2001）的较严值。,尾水应执行《城镇污水处理厂污染物排放标准》（GB18918-2002）一级 A 标准及《广东省水污染物排放限值》 （DB44/26-2001）的较严值。,关键词已对应，待人工核验数值与字段归属,,
171_佛山辰僖塑料有限公司新建项目_01_报批稿或报告表,监督检查清单,环境保护措施监督检查清单、监督检查清单,环境保护措施监督检查清单、监督检查清单,要环境影响和保护措施 30 五、环境保护措施监督检查清单 58 六、结论 61 附表 62 建设项目污染物排放量汇总表 附图1 项目地理位置图 附图2 ,主要环境影响和保护措施30 五、环境保护措施监督检查清单58 六、结论61 附表62 建设项目污染物排放量汇总表 附图1 项目地理位置图 附图2 项目所,关键词已对应，待人工核验数值与字段归属,,
171_佛山辰僖塑料有限公司新建项目_02_受理公告或公示版,项目基本情况,建设项目名称、建设地点、总投资,建设项目名称、建设地点、总投资, 1 — 一、建设项目基本情况 建设项目名称 佛山辰僖塑料有限公司新建项目 项目代码 无 建设单位联系人 周钜辉 联系方式 15088042604 建设, 1 — 一、建设项目基本情况 建设项目名称 佛山辰僖塑料有限公司新建项目 项目代码 无 建设单位联系人 周钜辉 联系方式 15088042604 建设,关键词已对应，待人工核验数值与字段归属,,
171_佛山辰僖塑料有限公司新建项目_02_受理公告或公示版,产品与产量,主要产品、年产,主要产品、年产,4）。项目主要生产塑料制品，预计年产塑料瓶 350 万个、塑料盖 350 万套； 项目主要生产工艺为注塑、吹瓶、过火、丝网印刷工艺等。 根据《建设项目环,4）。项目主要生产塑料制品，预计年产塑料瓶 350 万个、塑料盖 350 万套； 项目主要生产工艺为注塑、吹瓶、过火、丝网印刷工艺等。 根据《建设项目环,关键词已对应，待人工核验数值与字段归属,,
171_佛山辰僖塑料有限公司新建项目_02_受理公告或公示版,原辅材料,主要原辅材料、原辅材料、原料名称,主要原辅材料、原辅材料、原料名称,清洗剂、胶黏 剂等高挥发性有机物原辅材料项目，鼓励现 有该类项目搬迁退出。 1-4.【大气/鼓励引导类】大气环境高排放重 点管控区内，应强化达标监管，引,清洗剂、胶黏 剂等高挥发性有机物原辅材料项目，鼓励现 有该类项目搬迁退出。 1-4.【大气/鼓励引导类】大气环境高排放重 点管控区内，应强化达标监管，引,关键词已对应，待人工核验数值与字段归属,,
171_佛山辰僖塑料有限公司新建项目_02_受理公告或公示版,生产设备,主要生产设备、设备名称、生产设施,主要生产设备、设备名称、生产设施,设备详见下表： 表 2-4 项目主要生产设备明细表 生产单 元名称 设备名称 单位 数量 设施参数/型号 能源 类型 工艺 生产单 元 混料机 台 6 ,设备详见下表： 表 2-4 项目主要生产设备明细表 生产单 元名称 设备名称 单位 数量 设施参数/型号 能源 类型 工艺 生产单 元 混料机 台 6 ,关键词已对应，待人工核验数值与字段归属,,
171_佛山辰僖塑料有限公司新建项目_02_受理公告或公示版,工艺与产污,工艺流程、生产工艺,工艺流程、生产工艺,，加快涉 VOCs 重点行业的 生产工艺升级改造，推行自动化生产工艺， 对达不到要求的 VOCs 收集及治理设施进 行整治提升，逐步淘汰低效 VOCs ,，加快涉 VOCs 重点行业的 生产工艺升级改造，推行自动化生产工艺， 对达不到要求的 VOCs 收集及治理设施进 行整治提升，逐步淘汰低效 VOCs ,关键词已对应，待人工核验数值与字段归属,,
171_佛山辰僖塑料有限公司新建项目_02_受理公告或公示版,源强与定量核算,污染源强、产生量、排放量,污染源强、产生量、排放量,......63 建设项目污染物排放量汇总表 附图 1 项目地理位置图 附图 2 项目所在地 50m 范围图 附图 3 项目所在地 500m 环境敏感点,......63 建设项目污染物排放量汇总表 附图 1 项目地理位置图 附图 2 项目所在地 50m 范围图 附图 3 项目所在地 500m 环境敏感点,关键词已对应，待人工核验数值与字段归属,,
171_佛山辰僖塑料有限公司新建项目_02_受理公告或公示版,废气治理,废气治理、废气收集、活性炭,废气治理、废气收集、活性炭, 排放至容桂第二污水处理厂。生产废气收集后经“活性炭吸附”处理后引至 高空排放，不产生和排放有毒有害大气污染物项目，符合环境准入及管控要 求。 （2）与, 排放至容桂第二污水处理厂。生产废气收集后经“活性炭吸附”处理后引至 高空排放，不产生和排放有毒有害大气污染物项目，符合环境准入及管控要 求。 （2）与,关键词已对应，待人工核验数值与字段归属,,
171_佛山辰僖塑料有限公司新建项目_02_受理公告或公示版,固废与危险废物,危险废物、固体废物、危废暂存,危险废物、固体废物、危废暂存,隔 声、减振处理 / 噪声处理 固体废物环 保措施 危废暂存间 1 个 10m2，位于 202 室首层，用于暂存危险废物。 一般固废储存 间 1 个 1,隔 声、减振处理 / 噪声处理 固体废物环 保措施 危废暂存间 1 个 10m2，位于 202 室首层，用于暂存危险废物。 一般固废储存 间 1 个 1,关键词已对应，待人工核验数值与字段归属,,
171_佛山辰僖塑料有限公司新建项目_02_受理公告或公示版,总量与执行标准,总量控制、总量指标、执行标准,总量控制、总量指标、执行标准,水应执行《城 镇污水处理厂污染物排放标准》 （GB18918-2002）一级 A 标准及《广东省 水污染物排放限值》 3-1.项目租用新建成厂 房。项目,水应执行《城 镇污水处理厂污染物排放标准》 （GB18918-2002）一级 A 标准及《广东省 水污染物排放限值》 3-1.项目租用新建成厂 房。项目,关键词已对应，待人工核验数值与字段归属,,
171_佛山辰僖塑料有限公司新建项目_02_受理公告或公示版,监督检查清单,环境保护措施监督检查清单、监督检查清单,环境保护措施监督检查清单、监督检查清单,.......... 30 五、环境保护措施监督检查清单 ...............................................,.......... 30 五、环境保护措施监督检查清单 ...............................................,关键词已对应，待人工核验数值与字段归属,,
171_佛山辰僖塑料有限公司新建项目_03_修改评估意见,项目基本情况,建设地点、总投资,建设地点、总投资,(15分) | (1)项目名称、建设地点、建设性质、规模、平面布置(附图)等介绍清楚。(2)产品方案、主要原辅材料、主要设备、公用配套工程、依托工程等介,5分) | | (1)项目名称、建设地点、建设性质、规模、平面布置(附图)等介绍清楚。(2)产品方案、主要原辅材料、主要设备、公用配套工程、依托工程等介,关键词已对应，待人工核验数值与字段归属,,
171_佛山辰僖塑料有限公司新建项目_03_修改评估意见,产品与产量,产品方案,产品方案,面布置(附图)等介绍清楚。(2)产品方案、主要原辅材料、主要设备、公用配套工程、依托工程等介绍清楚且与实际情况相符.(3)工艺过程(流程)描述清楚、准确,面布置(附图)等介绍清楚。(2)产品方案、主要原辅材料、主要设备、公用配套工程、依托工程等介绍清楚且与实际情况相符.(3)工艺过程(流程)描述清楚、准确,关键词已对应，待人工核验数值与字段归属,,
171_佛山辰僖塑料有限公司新建项目_03_修改评估意见,原辅材料,主要原辅材料、原辅材料,主要原辅材料、原辅材料,图)等介绍清楚。(2)产品方案、主要原辅材料、主要设备、公用配套工程、依托工程等介绍清楚且与实际情况相符.(3)工艺过程(流程)描述清楚、准确。(4)产,图)等介绍清楚。(2)产品方案、主要原辅材料、主要设备、公用配套工程、依托工程等介绍清楚且与实际情况相符.(3)工艺过程(流程)描述清楚、准确。(4)产,关键词已对应，待人工核验数值与字段归属,,
171_佛山辰僖塑料有限公司新建项目_03_修改评估意见,生产设备,生产设施,生产设施,4。第二次：1、按编制指南，补充生产设施开停炉（机）等非正常情况应分析频次、排放浓度、持续时间、排放量及措施。2、未考虑多个声源源强叠加，将一个建筑物外,4。第二次：1、按编制指南，补充生产设施开停炉（机）等非正常情况应分析频次、排放浓度、持续时间、排放量及措施。2、未考虑多个声源源强叠加，将一个建筑物外,关键词已对应，待人工核验数值与字段归属,,
171_佛山辰僖塑料有限公司新建项目_03_修改评估意见,工艺与产污,产污节点,产污节点,程(流程)描述清楚、准确。(4)产污节点及源强分析全面、详尽、准确，源强类比方法合理且具有代表性。改扩建项目“三本帐”清楚，现状存在的主要环境问题全面。,程(流程)描述清楚、准确。(4)产污节点及源强分析全面、详尽、准确，源强类比方法合理且具有代表性。改扩建项目“三本帐”清楚，现状存在的主要环境问题全面。,关键词已对应，待人工核验数值与字段归属,,
171_佛山辰僖塑料有限公司新建项目_03_修改评估意见,源强与定量核算,产生量、排放量,产生量、排放量,4-7 项目注塑、吹瓶非甲烷总烃产生量核算表”等厂界浓度计算结果的确定依据。P33~355、为计算过火工序熔融的塑料量，按油墨印刷的厚度计算不合理，P3,4-7 项目注塑、吹瓶非甲烷总烃产生量核算表”等厂界浓度计算结果的确定依据。P33~355、为计算过火工序熔融的塑料量，按油墨印刷的厚度计算不合理，P3,关键词已对应，待人工核验数值与字段归属,,
171_佛山辰僖塑料有限公司新建项目_03_修改评估意见,废气治理,活性炭、排气筒、风量,活性炭、排气筒、风量,确固化机的加热方式，P11。3、排气筒44米，在DB44/ 27—2001所列高度范围内，但采用外推法计算二氧化硫、氮氧化物排放速度有误，P25、P26,确固化机的加热方式，P11。3、排气筒44米，在DB44/ 27—2001所列高度范围内，但采用外推法计算二氧化硫、氮氧化物排放速度有误，P25、P26,关键词已对应，待人工核验数值与字段归属,,
171_佛山辰僖塑料有限公司新建项目_03_修改评估意见,固废与危险废物,危险废物、固体废物,危险废物、固体废物,，P48。核实“表4-23 项目危险废物产生情况”中In感染性的危险废物特性，遗漏核算废晒版液固体废物，P48。工业酒精、液化石油气等建议按相应风险物质,，P48。核实“表4-23 项目危险废物产生情况”中In感染性的危险废物特性，遗漏核算废晒版液固体废物，P48。工业酒精、液化石油气等建议按相应风险物质,关键词已对应，待人工核验数值与字段归属,,
171_佛山辰僖塑料有限公司新建项目_03_修改评估意见,总量与执行标准,排放标准,排放标准,厂界浓度低于《合成树脂工业污染物排放标准》（GB31572-2015）等标准容易引起歧义且结论不科学，因为AERSCREEN计算只是无组织排放单源排放的,厂界浓度低于《合成树脂工业污染物排放标准》（GB31572-2015）等标准容易引起歧义且结论不科学，因为AERSCREEN计算只是无组织排放单源排放的,关键词已对应，待人工核验数值与字段归属,,
171_佛山辰僖塑料有限公司新建项目_03_修改评估意见,监督检查清单,,,,,原文未自动定位，待人工确认,,
171_佛山辰僖塑料有限公司新建项目_04_修改评估意见,项目基本情况,,,,,原文未自动定位，待人工确认,,
171_佛山辰僖塑料有限公司新建项目_04_修改评估意见,产品与产量,,,,,原文未自动定位，待人工确认,,
171_佛山辰僖塑料有限公司新建项目_04_修改评估意见,原辅材料,,,,,原文未自动定位，待人工确认,,
171_佛山辰僖塑料有限公司新建项目_04_修改评估意见,生产设备,,,,,原文未自动定位，待人工确认,,
171_佛山辰僖塑料有限公司新建项目_04_修改评估意见,工艺与产污,,,,,原文未自动定位，待人工确认,,
171_佛山辰僖塑料有限公司新建项目_04_修改评估意见,源强与定量核算,,,,,原文未自动定位，待人工确认,,
171_佛山辰僖塑料有限公司新建项目_04_修改评估意见,废气治理,,,,,原文未自动定位，待人工确认,,
171_佛山辰僖塑料有限公司新建项目_04_修改评估意见,固废与危险废物,,,,,原文未自动定位，待人工确认,,
171_佛山辰僖塑料有限公司新建项目_04_修改评估意见,总量与执行标准,,,,,原文未自动定位，待人工确认,,
171_佛山辰僖塑料有限公司新建项目_04_修改评估意见,监督检查清单,,,,,原文未自动定位，待人工确认,,
