序号与项目,原文件类型,核验模式,自动预检判定,一句话理由,主体正文覆盖率,数值单位覆盖率,原文可见字符,解析纯文本字符,解析块数,阻断代码,警告代码,原报告路径,解析JSON路径,人工结论,人工意见
001_佛山市亮正新材料有限公司新建项目_01_核查材料,DOCX,DOCX Skill完整自动预检,自动预检通过，待关键证据抽查,未发现自动阻断项,0.9982,1.0,41676,61951,8,,,E:\华南理工项目\环评文件汇总\01_GitHub项目与研究文档\eia-openclaw-sync-chen2026\05_QA测试集\人工核查_环评报告出处整理_20260715\环评报告文件_按问答顺序\001_佛山市亮正新材料有限公司新建项目_01_核查材料.docx,E:\华南理工项目\环评文件汇总\01_GitHub项目与研究文档\eia-openclaw-sync-chen2026\05_QA测试集\人工核查_环评报告出处整理_20260715\解析文本输出_按目录章节_20000token\001_佛山市亮正新材料有限公司新建项目_01_核查材料\001_佛山市亮正新材料有限公司新建项目_01_核查材料.json,,
002_佛山市顺德区启卓工程塑料实业有限公司搬迁项目_01_核查材料,DOCX,DOCX Skill完整自动预检,自动预检通过，待关键证据抽查,未发现自动阻断项,0.9988,1.0,56068,83079,13,,,E:\华南理工项目\环评文件汇总\01_GitHub项目与研究文档\eia-openclaw-sync-chen2026\05_QA测试集\人工核查_环评报告出处整理_20260715\环评报告文件_按问答顺序\002_佛山市顺德区启卓工程塑料实业有限公司搬迁项目_01_核查材料.docx,E:\华南理工项目\环评文件汇总\01_GitHub项目与研究文档\eia-openclaw-sync-chen2026\05_QA测试集\人工核查_环评报告出处整理_20260715\解析文本输出_按目录章节_20000token\002_佛山市顺德区启卓工程塑料实业有限公司搬迁项目_01_核查材料\002_佛山市顺德区启卓工程塑料实业有限公司搬迁项目_01_核查材料.json,,
003_佛山市顺德区康明新材料厂新建项目_01_核查材料,DOCX,DOCX Skill完整自动预检,自动预检通过，待关键证据抽查,未发现自动阻断项,0.9989,1.0,58816,87363,12,,,E:\华南理工项目\环评文件汇总\01_GitHub项目与研究文档\eia-openclaw-sync-chen2026\05_QA测试集\人工核查_环评报告出处整理_20260715\环评报告文件_按问答顺序\003_佛山市顺德区康明新材料厂新建项目_01_核查材料.docx,E:\华南理工项目\环评文件汇总\01_GitHub项目与研究文档\eia-openclaw-sync-chen2026\05_QA测试集\人工核查_环评报告出处整理_20260715\解析文本输出_按目录章节_20000token\003_佛山市顺德区康明新材料厂新建项目_01_核查材料\003_佛山市顺德区康明新材料厂新建项目_01_核查材料.json,,
004_恒励新材料科技(佛山)有限公司新建项目_01_核查材料,DOCX,DOCX Skill完整自动预检,自动预检通过，待关键证据抽查,未发现自动阻断项,0.9984,1.0,51290,79964,10,,,E:\华南理工项目\环评文件汇总\01_GitHub项目与研究文档\eia-openclaw-sync-chen2026\05_QA测试集\人工核查_环评报告出处整理_20260715\环评报告文件_按问答顺序\004_恒励新材料科技(佛山)有限公司新建项目_01_核查材料.docx,E:\华南理工项目\环评文件汇总\01_GitHub项目与研究文档\eia-openclaw-sync-chen2026\05_QA测试集\人工核查_环评报告出处整理_20260715\解析文本输出_按目录章节_20000token\004_恒励新材料科技(佛山)有限公司新建项目_01_核查材料\004_恒励新材料科技(佛山)有限公司新建项目_01_核查材料.json,,
005_佛山市润特龙清洁用品有限公司新建项目_01_核查材料,DOCX,DOCX Skill完整自动预检,自动预检通过，待关键证据抽查,未发现自动阻断项,0.9989,1.0,42974,61958,11,,,E:\华南理工项目\环评文件汇总\01_GitHub项目与研究文档\eia-openclaw-sync-chen2026\05_QA测试集\人工核查_环评报告出处整理_20260715\环评报告文件_按问答顺序\005_佛山市润特龙清洁用品有限公司新建项目_01_核查材料.docx,E:\华南理工项目\环评文件汇总\01_GitHub项目与研究文档\eia-openclaw-sync-chen2026\05_QA测试集\人工核查_环评报告出处整理_20260715\解析文本输出_按目录章节_20000token\005_佛山市润特龙清洁用品有限公司新建项目_01_核查材料\005_佛山市润特龙清洁用品有限公司新建项目_01_核查材料.json,,
006_佛山市顺德区乐鲸科技有限公司年产五金拉手300万个新建项目_01_修改评估意见,DOCX,DOCX Skill完整自动预检,自动预检通过，待关键证据抽查,未发现自动阻断项,1.0,1.0,146,146,1,,,E:\华南理工项目\环评文件汇总\01_GitHub项目与研究文档\eia-openclaw-sync-chen2026\05_QA测试集\人工核查_环评报告出处整理_20260715\环评报告文件_按问答顺序\006_佛山市顺德区乐鲸科技有限公司年产五金拉手300万个新建项目_01_修改评估意见.docx,E:\华南理工项目\环评文件汇总\01_GitHub项目与研究文档\eia-openclaw-sync-chen2026\05_QA测试集\人工核查_环评报告出处整理_20260715\解析文本输出_按目录章节_20000token\006_佛山市顺德区乐鲸科技有限公司年产五金拉手300万个新建项目_01_修改评估意见\006_佛山市顺德区乐鲸科技有限公司年产五金拉手300万个新建项目_01_修改评估意见.json,,
007_广东云晟新材料有限公司年产水性涂料2400吨新建项目_01_修改评估意见,DOCX,DOCX Skill完整自动预检,自动预检通过，待关键证据抽查,未发现自动阻断项,1.0,1.0,146,146,1,,,E:\华南理工项目\环评文件汇总\01_GitHub项目与研究文档\eia-openclaw-sync-chen2026\05_QA测试集\人工核查_环评报告出处整理_20260715\环评报告文件_按问答顺序\007_广东云晟新材料有限公司年产水性涂料2400吨新建项目_01_修改评估意见.docx,E:\华南理工项目\环评文件汇总\01_GitHub项目与研究文档\eia-openclaw-sync-chen2026\05_QA测试集\人工核查_环评报告出处整理_20260715\解析文本输出_按目录章节_20000token\007_广东云晟新材料有限公司年产水性涂料2400吨新建项目_01_修改评估意见\007_广东云晟新材料有限公司年产水性涂料2400吨新建项目_01_修改评估意见.json,,
008_广东云晟新材料有限公司年产水性涂料2400吨新建项目_01_修改评估意见,DOCX,DOCX Skill完整自动预检,自动预检通过，待关键证据抽查,未发现自动阻断项,1.0,1.0,146,146,1,,,E:\华南理工项目\环评文件汇总\01_GitHub项目与研究文档\eia-openclaw-sync-chen2026\05_QA测试集\人工核查_环评报告出处整理_20260715\环评报告文件_按问答顺序\008_广东云晟新材料有限公司年产水性涂料2400吨新建项目_01_修改评估意见.docx,E:\华南理工项目\环评文件汇总\01_GitHub项目与研究文档\eia-openclaw-sync-chen2026\05_QA测试集\人工核查_环评报告出处整理_20260715\解析文本输出_按目录章节_20000token\008_广东云晟新材料有限公司年产水性涂料2400吨新建项目_01_修改评估意见\008_广东云晟新材料有限公司年产水性涂料2400吨新建项目_01_修改评估意见.json,,
009_佛山市顺德区亚马逊涂料有限公司迁扩建项目_01_修改评估意见,DOCX,DOCX Skill完整自动预检,自动预检通过，待关键证据抽查,未发现自动阻断项,0.9991,1.0,70485,99574,15,,,E:\华南理工项目\环评文件汇总\01_GitHub项目与研究文档\eia-openclaw-sync-chen2026\05_QA测试集\人工核查_环评报告出处整理_20260715\环评报告文件_按问答顺序\009_佛山市顺德区亚马逊涂料有限公司迁扩建项目_01_修改评估意见.docx,E:\华南理工项目\环评文件汇总\01_GitHub项目与研究文档\eia-openclaw-sync-chen2026\05_QA测试集\人工核查_环评报告出处整理_20260715\解析文本输出_按目录章节_20000token\009_佛山市顺德区亚马逊涂料有限公司迁扩建项目_01_修改评估意见\009_佛山市顺德区亚马逊涂料有限公司迁扩建项目_01_修改评估意见.json,,
010_广东威诺高科技股份有限公司搬迁项目_01_修改评估意见,DOCX,DOCX Skill完整自动预检,自动预检通过，待关键证据抽查,未发现自动阻断项,1.0,1.0,146,146,1,,,E:\华南理工项目\环评文件汇总\01_GitHub项目与研究文档\eia-openclaw-sync-chen2026\05_QA测试集\人工核查_环评报告出处整理_20260715\环评报告文件_按问答顺序\010_广东威诺高科技股份有限公司搬迁项目_01_修改评估意见.docx,E:\华南理工项目\环评文件汇总\01_GitHub项目与研究文档\eia-openclaw-sync-chen2026\05_QA测试集\人工核查_环评报告出处整理_20260715\解析文本输出_按目录章节_20000token\010_广东威诺高科技股份有限公司搬迁项目_01_修改评估意见\010_广东威诺高科技股份有限公司搬迁项目_01_修改评估意见.json,,
011_悍高集团股份有限公司功能拉篮车间搬迁扩建项目_01_修改评估意见,DOCX,DOCX Skill完整自动预检,自动预检通过，待关键证据抽查,未发现自动阻断项,1.0,1.0,146,146,1,,,E:\华南理工项目\环评文件汇总\01_GitHub项目与研究文档\eia-openclaw-sync-chen2026\05_QA测试集\人工核查_环评报告出处整理_20260715\环评报告文件_按问答顺序\011_悍高集团股份有限公司功能拉篮车间搬迁扩建项目_01_修改评估意见.docx,E:\华南理工项目\环评文件汇总\01_GitHub项目与研究文档\eia-openclaw-sync-chen2026\05_QA测试集\人工核查_环评报告出处整理_20260715\解析文本输出_按目录章节_20000token\011_悍高集团股份有限公司功能拉篮车间搬迁扩建项目_01_修改评估意见\011_悍高集团股份有限公司功能拉篮车间搬迁扩建项目_01_修改评估意见.json,,
012_广东潜龙化工有限公司新建项目_01_修改评估意见,DOCX,DOCX Skill完整自动预检,自动预检通过，待关键证据抽查,未发现自动阻断项,1.0,1.0,146,146,1,,,E:\华南理工项目\环评文件汇总\01_GitHub项目与研究文档\eia-openclaw-sync-chen2026\05_QA测试集\人工核查_环评报告出处整理_20260715\环评报告文件_按问答顺序\012_广东潜龙化工有限公司新建项目_01_修改评估意见.docx,E:\华南理工项目\环评文件汇总\01_GitHub项目与研究文档\eia-openclaw-sync-chen2026\05_QA测试集\人工核查_环评报告出处整理_20260715\解析文本输出_按目录章节_20000token\012_广东潜龙化工有限公司新建项目_01_修改评估意见\012_广东潜龙化工有限公司新建项目_01_修改评估意见.json,,
013_佛山市瀚铭新材料有限公司新建项目_01_修改评估意见,DOCX,DOCX Skill完整自动预检,自动预检通过，待关键证据抽查,未发现自动阻断项,1.0,1.0,146,146,1,,,E:\华南理工项目\环评文件汇总\01_GitHub项目与研究文档\eia-openclaw-sync-chen2026\05_QA测试集\人工核查_环评报告出处整理_20260715\环评报告文件_按问答顺序\013_佛山市瀚铭新材料有限公司新建项目_01_修改评估意见.docx,E:\华南理工项目\环评文件汇总\01_GitHub项目与研究文档\eia-openclaw-sync-chen2026\05_QA测试集\人工核查_环评报告出处整理_20260715\解析文本输出_按目录章节_20000token\013_佛山市瀚铭新材料有限公司新建项目_01_修改评估意见\013_佛山市瀚铭新材料有限公司新建项目_01_修改评估意见.json,,
014_佛山市顺德区百洛电器有限公司迁扩建项目_01_修改评估意见,DOCX,DOCX Skill完整自动预检,自动预检通过，待关键证据抽查,未发现自动阻断项,1.0,1.0,146,146,1,,,E:\华南理工项目\环评文件汇总\01_GitHub项目与研究文档\eia-openclaw-sync-chen2026\05_QA测试集\人工核查_环评报告出处整理_20260715\环评报告文件_按问答顺序\014_佛山市顺德区百洛电器有限公司迁扩建项目_01_修改评估意见.docx,E:\华南理工项目\环评文件汇总\01_GitHub项目与研究文档\eia-openclaw-sync-chen2026\05_QA测试集\人工核查_环评报告出处整理_20260715\解析文本输出_按目录章节_20000token\014_佛山市顺德区百洛电器有限公司迁扩建项目_01_修改评估意见\014_佛山市顺德区百洛电器有限公司迁扩建项目_01_修改评估意见.json,,
015_佛山市顺德区蓝顿涂料有限公司迁建项目_01_修改评估意见,DOCX,DOCX Skill完整自动预检,修复后可用,原文部分正文标题未以完整连续字符串出现，章节顺序需人工确认,0.996,0.9971,72036,105537,15,,source_heading_ambiguity,E:\华南理工项目\环评文件汇总\01_GitHub项目与研究文档\eia-openclaw-sync-chen2026\05_QA测试集\人工核查_环评报告出处整理_20260715\环评报告文件_按问答顺序\015_佛山市顺德区蓝顿涂料有限公司迁建项目_01_修改评估意见.docx,E:\华南理工项目\环评文件汇总\01_GitHub项目与研究文档\eia-openclaw-sync-chen2026\05_QA测试集\人工核查_环评报告出处整理_20260715\解析文本输出_按目录章节_20000token\015_佛山市顺德区蓝顿涂料有限公司迁建项目_01_修改评估意见\015_佛山市顺德区蓝顿涂料有限公司迁建项目_01_修改评估意见.json,,
016_佛山市镪优金属制品有限公司迁扩建项目_01_修改评估意见,DOCX,DOCX Skill完整自动预检,自动预检通过，待关键证据抽查,未发现自动阻断项,1.0,1.0,146,146,1,,,E:\华南理工项目\环评文件汇总\01_GitHub项目与研究文档\eia-openclaw-sync-chen2026\05_QA测试集\人工核查_环评报告出处整理_20260715\环评报告文件_按问答顺序\016_佛山市镪优金属制品有限公司迁扩建项目_01_修改评估意见.docx,E:\华南理工项目\环评文件汇总\01_GitHub项目与研究文档\eia-openclaw-sync-chen2026\05_QA测试集\人工核查_环评报告出处整理_20260715\解析文本输出_按目录章节_20000token\016_佛山市镪优金属制品有限公司迁扩建项目_01_修改评估意见\016_佛山市镪优金属制品有限公司迁扩建项目_01_修改评估意见.json,,
017_广东台塑智能科技有限公司新建项目_01_受理公告或公示版,PDF,PDF扩展文本预检,待PDF视觉与关键证据抽查,PDF表格、图片、公式和字段归属仍需视觉抽查,0.9887,0.9977,57157,57603,5,,pdf_layout_manual_review,E:\华南理工项目\环评文件汇总\01_GitHub项目与研究文档\eia-openclaw-sync-chen2026\05_QA测试集\人工核查_环评报告出处整理_20260715\环评报告文件_按问答顺序\017_广东台塑智能科技有限公司新建项目_01_受理公告或公示版.pdf,E:\华南理工项目\环评文件汇总\01_GitHub项目与研究文档\eia-openclaw-sync-chen2026\05_QA测试集\人工核查_环评报告出处整理_20260715\解析文本输出_按目录章节_20000token\017_广东台塑智能科技有限公司新建项目_01_受理公告或公示版\017_广东台塑智能科技有限公司新建项目_01_受理公告或公示版.json,,
018_佛山市智龙科技有限公司迁扩建项目_01_受理公告或公示版,PDF,PDF扩展文本预检,待PDF视觉与关键证据抽查,PDF表格、图片、公式和字段归属仍需视觉抽查,0.9886,0.999,59333,59718,6,,pdf_layout_manual_review,E:\华南理工项目\环评文件汇总\01_GitHub项目与研究文档\eia-openclaw-sync-chen2026\05_QA测试集\人工核查_环评报告出处整理_20260715\环评报告文件_按问答顺序\018_佛山市智龙科技有限公司迁扩建项目_01_受理公告或公示版.pdf,E:\华南理工项目\环评文件汇总\01_GitHub项目与研究文档\eia-openclaw-sync-chen2026\05_QA测试集\人工核查_环评报告出处整理_20260715\解析文本输出_按目录章节_20000token\018_佛山市智龙科技有限公司迁扩建项目_01_受理公告或公示版\018_佛山市智龙科技有限公司迁扩建项目_01_受理公告或公示版.json,,
019_佛山市朗信塑料制品有限公司新建项目_01_受理公告或公示版,PDF,PDF扩展文本预检,待PDF视觉与关键证据抽查,PDF表格、图片、公式和字段归属仍需视觉抽查,0.9888,0.9966,40969,41239,3,,pdf_layout_manual_review,E:\华南理工项目\环评文件汇总\01_GitHub项目与研究文档\eia-openclaw-sync-chen2026\05_QA测试集\人工核查_环评报告出处整理_20260715\环评报告文件_按问答顺序\019_佛山市朗信塑料制品有限公司新建项目_01_受理公告或公示版.pdf,E:\华南理工项目\环评文件汇总\01_GitHub项目与研究文档\eia-openclaw-sync-chen2026\05_QA测试集\人工核查_环评报告出处整理_20260715\解析文本输出_按目录章节_20000token\019_佛山市朗信塑料制品有限公司新建项目_01_受理公告或公示版\019_佛山市朗信塑料制品有限公司新建项目_01_受理公告或公示版.json,,
020_佛山市顺德区共诺电子元件厂搬迁项目_01_受理公告或公示版,PDF,PDF扩展文本预检,待PDF视觉与关键证据抽查,PDF表格、图片、公式和字段归属仍需视觉抽查,0.991,0.9985,41156,41427,3,,pdf_layout_manual_review,E:\华南理工项目\环评文件汇总\01_GitHub项目与研究文档\eia-openclaw-sync-chen2026\05_QA测试集\人工核查_环评报告出处整理_20260715\环评报告文件_按问答顺序\020_佛山市顺德区共诺电子元件厂搬迁项目_01_受理公告或公示版.pdf,E:\华南理工项目\环评文件汇总\01_GitHub项目与研究文档\eia-openclaw-sync-chen2026\05_QA测试集\人工核查_环评报告出处整理_20260715\解析文本输出_按目录章节_20000token\020_佛山市顺德区共诺电子元件厂搬迁项目_01_受理公告或公示版\020_佛山市顺德区共诺电子元件厂搬迁项目_01_受理公告或公示版.json,,
021_佛山市锐拓新材料有限公司新建项目_01_受理公告或公示版,PDF,PDF扩展文本预检,待PDF视觉与关键证据抽查,PDF表格、图片、公式和字段归属仍需视觉抽查,0.9894,1.0,48472,48792,4,,pdf_layout_manual_review,E:\华南理工项目\环评文件汇总\01_GitHub项目与研究文档\eia-openclaw-sync-chen2026\05_QA测试集\人工核查_环评报告出处整理_20260715\环评报告文件_按问答顺序\021_佛山市锐拓新材料有限公司新建项目_01_受理公告或公示版.pdf,E:\华南理工项目\环评文件汇总\01_GitHub项目与研究文档\eia-openclaw-sync-chen2026\05_QA测试集\人工核查_环评报告出处整理_20260715\解析文本输出_按目录章节_20000token\021_佛山市锐拓新材料有限公司新建项目_01_受理公告或公示版\021_佛山市锐拓新材料有限公司新建项目_01_受理公告或公示版.json,,
022_佛山市通能达科技有限公司新建项目_01_受理公告或公示版,PDF,PDF扩展文本预检,待PDF视觉与关键证据抽查,PDF表格、图片、公式和字段归属仍需视觉抽查,0.9902,0.9984,64502,64852,6,,pdf_layout_manual_review,E:\华南理工项目\环评文件汇总\01_GitHub项目与研究文档\eia-openclaw-sync-chen2026\05_QA测试集\人工核查_环评报告出处整理_20260715\环评报告文件_按问答顺序\022_佛山市通能达科技有限公司新建项目_01_受理公告或公示版.pdf,E:\华南理工项目\环评文件汇总\01_GitHub项目与研究文档\eia-openclaw-sync-chen2026\05_QA测试集\人工核查_环评报告出处整理_20260715\解析文本输出_按目录章节_20000token\022_佛山市通能达科技有限公司新建项目_01_受理公告或公示版\022_佛山市通能达科技有限公司新建项目_01_受理公告或公示版.json,,
023_佛山市巨人电器有限公司新建项目_01_受理公告或公示版,PDF,PDF扩展文本预检,待PDF视觉与关键证据抽查,PDF表格、图片、公式和字段归属仍需视觉抽查,0.9892,0.9947,44329,44636,4,,pdf_layout_manual_review,E:\华南理工项目\环评文件汇总\01_GitHub项目与研究文档\eia-openclaw-sync-chen2026\05_QA测试集\人工核查_环评报告出处整理_20260715\环评报告文件_按问答顺序\023_佛山市巨人电器有限公司新建项目_01_受理公告或公示版.pdf,E:\华南理工项目\环评文件汇总\01_GitHub项目与研究文档\eia-openclaw-sync-chen2026\05_QA测试集\人工核查_环评报告出处整理_20260715\解析文本输出_按目录章节_20000token\023_佛山市巨人电器有限公司新建项目_01_受理公告或公示版\023_佛山市巨人电器有限公司新建项目_01_受理公告或公示版.json,,
024_佛山市黑曜电器科技有限公司新建项目_01_报批稿或报告表,PDF,PDF扩展文本预检,待PDF视觉与关键证据抽查,PDF表格、图片、公式和字段归属仍需视觉抽查,0.9873,0.9958,50930,51390,4,,pdf_layout_manual_review,E:\华南理工项目\环评文件汇总\01_GitHub项目与研究文档\eia-openclaw-sync-chen2026\05_QA测试集\人工核查_环评报告出处整理_20260715\环评报告文件_按问答顺序\024_佛山市黑曜电器科技有限公司新建项目_01_报批稿或报告表.pdf,E:\华南理工项目\环评文件汇总\01_GitHub项目与研究文档\eia-openclaw-sync-chen2026\05_QA测试集\人工核查_环评报告出处整理_20260715\解析文本输出_按目录章节_20000token\024_佛山市黑曜电器科技有限公司新建项目_01_报批稿或报告表\024_佛山市黑曜电器科技有限公司新建项目_01_报批稿或报告表.json,,
025_佛山市天隆通塑料制品有限公司新建项目_01_受理公告或公示版,PDF,PDF扩展文本预检,待PDF视觉与关键证据抽查,PDF表格、图片、公式和字段归属仍需视觉抽查,0.9877,0.9976,49944,50263,5,,pdf_layout_manual_review,E:\华南理工项目\环评文件汇总\01_GitHub项目与研究文档\eia-openclaw-sync-chen2026\05_QA测试集\人工核查_环评报告出处整理_20260715\环评报告文件_按问答顺序\025_佛山市天隆通塑料制品有限公司新建项目_01_受理公告或公示版.pdf,E:\华南理工项目\环评文件汇总\01_GitHub项目与研究文档\eia-openclaw-sync-chen2026\05_QA测试集\人工核查_环评报告出处整理_20260715\解析文本输出_按目录章节_20000token\025_佛山市天隆通塑料制品有限公司新建项目_01_受理公告或公示版\025_佛山市天隆通塑料制品有限公司新建项目_01_受理公告或公示版.json,,
026_佛山市顺德区振峰塑料模具制造有限公司分车间新建项目_01_受理公告或公示版,PDF,PDF扩展文本预检,待PDF视觉与关键证据抽查,PDF表格、图片、公式和字段归属仍需视觉抽查,0.9903,0.998,43287,43527,4,,pdf_layout_manual_review,E:\华南理工项目\环评文件汇总\01_GitHub项目与研究文档\eia-openclaw-sync-chen2026\05_QA测试集\人工核查_环评报告出处整理_20260715\环评报告文件_按问答顺序\026_佛山市顺德区振峰塑料模具制造有限公司分车间新建项目_01_受理公告或公示版.pdf,E:\华南理工项目\环评文件汇总\01_GitHub项目与研究文档\eia-openclaw-sync-chen2026\05_QA测试集\人工核查_环评报告出处整理_20260715\解析文本输出_按目录章节_20000token\026_佛山市顺德区振峰塑料模具制造有限公司分车间新建项目_01_受理公告或公示版\026_佛山市顺德区振峰塑料模具制造有限公司分车间新建项目_01_受理公告或公示版.json,,
027_佛山市茂安耀科技有限公司新建项目_01_受理公告或公示版,PDF,PDF扩展文本预检,待PDF视觉与关键证据抽查,PDF表格、图片、公式和字段归属仍需视觉抽查,0.9907,0.998,42993,43221,4,,pdf_layout_manual_review,E:\华南理工项目\环评文件汇总\01_GitHub项目与研究文档\eia-openclaw-sync-chen2026\05_QA测试集\人工核查_环评报告出处整理_20260715\环评报告文件_按问答顺序\027_佛山市茂安耀科技有限公司新建项目_01_受理公告或公示版.pdf,E:\华南理工项目\环评文件汇总\01_GitHub项目与研究文档\eia-openclaw-sync-chen2026\05_QA测试集\人工核查_环评报告出处整理_20260715\解析文本输出_按目录章节_20000token\027_佛山市茂安耀科技有限公司新建项目_01_受理公告或公示版\027_佛山市茂安耀科技有限公司新建项目_01_受理公告或公示版.json,,
028_佛山市瑞易德塑料五金制品有限公司搬迁项目_01_受理公告或公示版,PDF,PDF扩展文本预检,待PDF视觉与关键证据抽查,PDF表格、图片、公式和字段归属仍需视觉抽查,0.991,0.9985,39506,39788,3,,pdf_layout_manual_review,E:\华南理工项目\环评文件汇总\01_GitHub项目与研究文档\eia-openclaw-sync-chen2026\05_QA测试集\人工核查_环评报告出处整理_20260715\环评报告文件_按问答顺序\028_佛山市瑞易德塑料五金制品有限公司搬迁项目_01_受理公告或公示版.pdf,E:\华南理工项目\环评文件汇总\01_GitHub项目与研究文档\eia-openclaw-sync-chen2026\05_QA测试集\人工核查_环评报告出处整理_20260715\解析文本输出_按目录章节_20000token\028_佛山市瑞易德塑料五金制品有限公司搬迁项目_01_受理公告或公示版\028_佛山市瑞易德塑料五金制品有限公司搬迁项目_01_受理公告或公示版.json,,
029_佛山市浩创时代包装制品有限公司新建项目_01_受理公告或公示版,PDF,PDF扩展文本预检,待PDF视觉与关键证据抽查,PDF表格、图片、公式和字段归属仍需视觉抽查,0.9884,0.9989,56610,56997,6,,pdf_layout_manual_review,E:\华南理工项目\环评文件汇总\01_GitHub项目与研究文档\eia-openclaw-sync-chen2026\05_QA测试集\人工核查_环评报告出处整理_20260715\环评报告文件_按问答顺序\029_佛山市浩创时代包装制品有限公司新建项目_01_受理公告或公示版.pdf,E:\华南理工项目\环评文件汇总\01_GitHub项目与研究文档\eia-openclaw-sync-chen2026\05_QA测试集\人工核查_环评报告出处整理_20260715\解析文本输出_按目录章节_20000token\029_佛山市浩创时代包装制品有限公司新建项目_01_受理公告或公示版\029_佛山市浩创时代包装制品有限公司新建项目_01_受理公告或公示版.json,,
030_德旺众新材料科技（佛山）有限公司新建建设项目_01_受理公告或公示版,PDF,PDF扩展文本预检,待PDF视觉与关键证据抽查,PDF表格、图片、公式和字段归属仍需视觉抽查,0.9895,1.0,35869,36049,3,,pdf_layout_manual_review,E:\华南理工项目\环评文件汇总\01_GitHub项目与研究文档\eia-openclaw-sync-chen2026\05_QA测试集\人工核查_环评报告出处整理_20260715\环评报告文件_按问答顺序\030_德旺众新材料科技（佛山）有限公司新建建设项目_01_受理公告或公示版.pdf,E:\华南理工项目\环评文件汇总\01_GitHub项目与研究文档\eia-openclaw-sync-chen2026\05_QA测试集\人工核查_环评报告出处整理_20260715\解析文本输出_按目录章节_20000token\030_德旺众新材料科技（佛山）有限公司新建建设项目_01_受理公告或公示版\030_德旺众新材料科技（佛山）有限公司新建建设项目_01_受理公告或公示版.json,,
031_广东施格纳电气有限公司新建项目_01_受理公告或公示版,PDF,PDF扩展文本预检,待PDF视觉与关键证据抽查,PDF表格、图片、公式和字段归属仍需视觉抽查,0.9891,0.9988,54498,54837,4,,pdf_layout_manual_review,E:\华南理工项目\环评文件汇总\01_GitHub项目与研究文档\eia-openclaw-sync-chen2026\05_QA测试集\人工核查_环评报告出处整理_20260715\环评报告文件_按问答顺序\031_广东施格纳电气有限公司新建项目_01_受理公告或公示版.pdf,E:\华南理工项目\环评文件汇总\01_GitHub项目与研究文档\eia-openclaw-sync-chen2026\05_QA测试集\人工核查_环评报告出处整理_20260715\解析文本输出_按目录章节_20000token\031_广东施格纳电气有限公司新建项目_01_受理公告或公示版\031_广东施格纳电气有限公司新建项目_01_受理公告或公示版.json,,
032_佛山市沃丰德电器有限公司扩建项目_01_受理公告或公示版,PDF,PDF扩展文本预检,待PDF视觉与关键证据抽查,PDF表格、图片、公式和字段归属仍需视觉抽查,0.9871,0.9984,57304,57684,4,,pdf_layout_manual_review,E:\华南理工项目\环评文件汇总\01_GitHub项目与研究文档\eia-openclaw-sync-chen2026\05_QA测试集\人工核查_环评报告出处整理_20260715\环评报告文件_按问答顺序\032_佛山市沃丰德电器有限公司扩建项目_01_受理公告或公示版.pdf,E:\华南理工项目\环评文件汇总\01_GitHub项目与研究文档\eia-openclaw-sync-chen2026\05_QA测试集\人工核查_环评报告出处整理_20260715\解析文本输出_按目录章节_20000token\032_佛山市沃丰德电器有限公司扩建项目_01_受理公告或公示版\032_佛山市沃丰德电器有限公司扩建项目_01_受理公告或公示版.json,,
033_佛山市顺德区钧锐塑料厂迁建项目_01_受理公告或公示版,PDF,PDF扩展文本预检,待PDF视觉与关键证据抽查,PDF表格、图片、公式和字段归属仍需视觉抽查,0.9899,1.0,75633,76104,7,,pdf_layout_manual_review,E:\华南理工项目\环评文件汇总\01_GitHub项目与研究文档\eia-openclaw-sync-chen2026\05_QA测试集\人工核查_环评报告出处整理_20260715\环评报告文件_按问答顺序\033_佛山市顺德区钧锐塑料厂迁建项目_01_受理公告或公示版.pdf,E:\华南理工项目\环评文件汇总\01_GitHub项目与研究文档\eia-openclaw-sync-chen2026\05_QA测试集\人工核查_环评报告出处整理_20260715\解析文本输出_按目录章节_20000token\033_佛山市顺德区钧锐塑料厂迁建项目_01_受理公告或公示版\033_佛山市顺德区钧锐塑料厂迁建项目_01_受理公告或公示版.json,,
034_广东梅州磁性材料有限公司顺德分公司迁扩建项目_01_受理公告或公示版,PDF,PDF扩展文本预检,待PDF视觉与关键证据抽查,PDF表格、图片、公式和字段归属仍需视觉抽查,0.988,0.9982,65572,65939,6,,pdf_layout_manual_review,E:\华南理工项目\环评文件汇总\01_GitHub项目与研究文档\eia-openclaw-sync-chen2026\05_QA测试集\人工核查_环评报告出处整理_20260715\环评报告文件_按问答顺序\034_广东梅州磁性材料有限公司顺德分公司迁扩建项目_01_受理公告或公示版.pdf,E:\华南理工项目\环评文件汇总\01_GitHub项目与研究文档\eia-openclaw-sync-chen2026\05_QA测试集\人工核查_环评报告出处整理_20260715\解析文本输出_按目录章节_20000token\034_广东梅州磁性材料有限公司顺德分公司迁扩建项目_01_受理公告或公示版\034_广东梅州磁性材料有限公司顺德分公司迁扩建项目_01_受理公告或公示版.json,,
035_佛山麦琪科技有限公司建设项目_01_受理公告或公示版,PDF,PDF扩展文本预检,待PDF视觉与关键证据抽查,PDF表格、图片、公式和字段归属仍需视觉抽查,0.9912,0.9985,46105,46383,4,,pdf_layout_manual_review,E:\华南理工项目\环评文件汇总\01_GitHub项目与研究文档\eia-openclaw-sync-chen2026\05_QA测试集\人工核查_环评报告出处整理_20260715\环评报告文件_按问答顺序\035_佛山麦琪科技有限公司建设项目_01_受理公告或公示版.pdf,E:\华南理工项目\环评文件汇总\01_GitHub项目与研究文档\eia-openclaw-sync-chen2026\05_QA测试集\人工核查_环评报告出处整理_20260715\解析文本输出_按目录章节_20000token\035_佛山麦琪科技有限公司建设项目_01_受理公告或公示版\035_佛山麦琪科技有限公司建设项目_01_受理公告或公示版.json,,
036_佛山市顺德区晟昂电子科技有限公司新建项目_01_报批稿或报告表,PDF,PDF扩展文本预检,待PDF视觉与关键证据抽查,PDF表格、图片、公式和字段归属仍需视觉抽查,0.9896,0.9971,56234,56567,5,,pdf_layout_manual_review,E:\华南理工项目\环评文件汇总\01_GitHub项目与研究文档\eia-openclaw-sync-chen2026\05_QA测试集\人工核查_环评报告出处整理_20260715\环评报告文件_按问答顺序\036_佛山市顺德区晟昂电子科技有限公司新建项目_01_报批稿或报告表.pdf,E:\华南理工项目\环评文件汇总\01_GitHub项目与研究文档\eia-openclaw-sync-chen2026\05_QA测试集\人工核查_环评报告出处整理_20260715\解析文本输出_按目录章节_20000token\036_佛山市顺德区晟昂电子科技有限公司新建项目_01_报批稿或报告表\036_佛山市顺德区晟昂电子科技有限公司新建项目_01_报批稿或报告表.json,,
037_佛山市锦汇塑料制品有限公司新建项目_01_受理公告或公示版,PDF,PDF扩展文本预检,待PDF视觉与关键证据抽查,PDF表格、图片、公式和字段归属仍需视觉抽查,0.9898,0.996,49960,50267,4,,pdf_layout_manual_review,E:\华南理工项目\环评文件汇总\01_GitHub项目与研究文档\eia-openclaw-sync-chen2026\05_QA测试集\人工核查_环评报告出处整理_20260715\环评报告文件_按问答顺序\037_佛山市锦汇塑料制品有限公司新建项目_01_受理公告或公示版.pdf,E:\华南理工项目\环评文件汇总\01_GitHub项目与研究文档\eia-openclaw-sync-chen2026\05_QA测试集\人工核查_环评报告出处整理_20260715\解析文本输出_按目录章节_20000token\037_佛山市锦汇塑料制品有限公司新建项目_01_受理公告或公示版\037_佛山市锦汇塑料制品有限公司新建项目_01_受理公告或公示版.json,,
038_佛山市海川塑料制品有限公司新建项目_01_受理公告或公示版,PDF,PDF扩展文本预检,待PDF视觉与关键证据抽查,PDF表格、图片、公式和字段归属仍需视觉抽查,0.9914,1.0,45296,45555,5,,pdf_layout_manual_review,E:\华南理工项目\环评文件汇总\01_GitHub项目与研究文档\eia-openclaw-sync-chen2026\05_QA测试集\人工核查_环评报告出处整理_20260715\环评报告文件_按问答顺序\038_佛山市海川塑料制品有限公司新建项目_01_受理公告或公示版.pdf,E:\华南理工项目\环评文件汇总\01_GitHub项目与研究文档\eia-openclaw-sync-chen2026\05_QA测试集\人工核查_环评报告出处整理_20260715\解析文本输出_按目录章节_20000token\038_佛山市海川塑料制品有限公司新建项目_01_受理公告或公示版\038_佛山市海川塑料制品有限公司新建项目_01_受理公告或公示版.json,,
039_佛山市创灏五金塑料有限公司年产塑料制品1250万件迁改扩建项目_01_受理公告或公示版,PDF,PDF扩展文本预检,待PDF视觉与关键证据抽查,PDF表格、图片、公式和字段归属仍需视觉抽查,0.988,0.9993,54967,55607,4,,pdf_layout_manual_review,E:\华南理工项目\环评文件汇总\01_GitHub项目与研究文档\eia-openclaw-sync-chen2026\05_QA测试集\人工核查_环评报告出处整理_20260715\环评报告文件_按问答顺序\039_佛山市创灏五金塑料有限公司年产塑料制品1250万件迁改扩建项目_01_受理公告或公示版.pdf,E:\华南理工项目\环评文件汇总\01_GitHub项目与研究文档\eia-openclaw-sync-chen2026\05_QA测试集\人工核查_环评报告出处整理_20260715\解析文本输出_按目录章节_20000token\039_佛山市创灏五金塑料有限公司年产塑料制品1250万件迁改扩建项目_01_受理公告或公示版\039_佛山市创灏五金塑料有限公司年产塑料制品1250万件迁改扩建项目_01_受理公告或公示版.json,,
040_佛山市顺德区夏瑞塑胶有限公司迁扩建项目_01_受理公告或公示版,PDF,PDF扩展文本预检,待PDF视觉与关键证据抽查,PDF表格、图片、公式和字段归属仍需视觉抽查,0.9886,0.9986,47440,47729,4,,pdf_layout_manual_review,E:\华南理工项目\环评文件汇总\01_GitHub项目与研究文档\eia-openclaw-sync-chen2026\05_QA测试集\人工核查_环评报告出处整理_20260715\环评报告文件_按问答顺序\040_佛山市顺德区夏瑞塑胶有限公司迁扩建项目_01_受理公告或公示版.pdf,E:\华南理工项目\环评文件汇总\01_GitHub项目与研究文档\eia-openclaw-sync-chen2026\05_QA测试集\人工核查_环评报告出处整理_20260715\解析文本输出_按目录章节_20000token\040_佛山市顺德区夏瑞塑胶有限公司迁扩建项目_01_受理公告或公示版\040_佛山市顺德区夏瑞塑胶有限公司迁扩建项目_01_受理公告或公示版.json,,
041_佛山市益旭电器有限公司新建项目_01_受理公告或公示版,PDF,PDF扩展文本预检,待PDF视觉与关键证据抽查,PDF表格、图片、公式和字段归属仍需视觉抽查,0.9891,1.0,47982,48297,5,,pdf_layout_manual_review,E:\华南理工项目\环评文件汇总\01_GitHub项目与研究文档\eia-openclaw-sync-chen2026\05_QA测试集\人工核查_环评报告出处整理_20260715\环评报告文件_按问答顺序\041_佛山市益旭电器有限公司新建项目_01_受理公告或公示版.pdf,E:\华南理工项目\环评文件汇总\01_GitHub项目与研究文档\eia-openclaw-sync-chen2026\05_QA测试集\人工核查_环评报告出处整理_20260715\解析文本输出_按目录章节_20000token\041_佛山市益旭电器有限公司新建项目_01_受理公告或公示版\041_佛山市益旭电器有限公司新建项目_01_受理公告或公示版.json,,
042_佛山市昇汇包装材料有限公司新建项目_01_受理公告或公示版,PDF,PDF扩展文本预检,待PDF视觉与关键证据抽查,PDF表格、图片、公式和字段归属仍需视觉抽查,0.9905,0.9981,45868,46123,5,,pdf_layout_manual_review,E:\华南理工项目\环评文件汇总\01_GitHub项目与研究文档\eia-openclaw-sync-chen2026\05_QA测试集\人工核查_环评报告出处整理_20260715\环评报告文件_按问答顺序\042_佛山市昇汇包装材料有限公司新建项目_01_受理公告或公示版.pdf,E:\华南理工项目\环评文件汇总\01_GitHub项目与研究文档\eia-openclaw-sync-chen2026\05_QA测试集\人工核查_环评报告出处整理_20260715\解析文本输出_按目录章节_20000token\042_佛山市昇汇包装材料有限公司新建项目_01_受理公告或公示版\042_佛山市昇汇包装材料有限公司新建项目_01_受理公告或公示版.json,,
043_佛山市富懿塑料制品有限公司新建项目_01_报批稿或报告表,PDF,PDF扩展文本预检,待PDF视觉与关键证据抽查,PDF表格、图片、公式和字段归属仍需视觉抽查,0.9892,0.996,38659,38846,3,,pdf_layout_manual_review,E:\华南理工项目\环评文件汇总\01_GitHub项目与研究文档\eia-openclaw-sync-chen2026\05_QA测试集\人工核查_环评报告出处整理_20260715\环评报告文件_按问答顺序\043_佛山市富懿塑料制品有限公司新建项目_01_报批稿或报告表.pdf,E:\华南理工项目\环评文件汇总\01_GitHub项目与研究文档\eia-openclaw-sync-chen2026\05_QA测试集\人工核查_环评报告出处整理_20260715\解析文本输出_按目录章节_20000token\043_佛山市富懿塑料制品有限公司新建项目_01_报批稿或报告表\043_佛山市富懿塑料制品有限公司新建项目_01_报批稿或报告表.json,,
044_佛山市圣鑫塑料制品有限公司新建项目_01_受理公告或公示版,PDF,PDF扩展文本预检,待PDF视觉与关键证据抽查,PDF表格、图片、公式和字段归属仍需视觉抽查,0.9915,1.0,48521,48784,5,,pdf_layout_manual_review,E:\华南理工项目\环评文件汇总\01_GitHub项目与研究文档\eia-openclaw-sync-chen2026\05_QA测试集\人工核查_环评报告出处整理_20260715\环评报告文件_按问答顺序\044_佛山市圣鑫塑料制品有限公司新建项目_01_受理公告或公示版.pdf,E:\华南理工项目\环评文件汇总\01_GitHub项目与研究文档\eia-openclaw-sync-chen2026\05_QA测试集\人工核查_环评报告出处整理_20260715\解析文本输出_按目录章节_20000token\044_佛山市圣鑫塑料制品有限公司新建项目_01_受理公告或公示版\044_佛山市圣鑫塑料制品有限公司新建项目_01_受理公告或公示版.json,,
045_佛山智达医疗器械有限公司新建项目_01_受理公告或公示版,PDF,PDF扩展文本预检,待PDF视觉与关键证据抽查,PDF表格、图片、公式和字段归属仍需视觉抽查,0.9915,1.0,52362,52653,5,,pdf_layout_manual_review,E:\华南理工项目\环评文件汇总\01_GitHub项目与研究文档\eia-openclaw-sync-chen2026\05_QA测试集\人工核查_环评报告出处整理_20260715\环评报告文件_按问答顺序\045_佛山智达医疗器械有限公司新建项目_01_受理公告或公示版.pdf,E:\华南理工项目\环评文件汇总\01_GitHub项目与研究文档\eia-openclaw-sync-chen2026\05_QA测试集\人工核查_环评报告出处整理_20260715\解析文本输出_按目录章节_20000token\045_佛山智达医疗器械有限公司新建项目_01_受理公告或公示版\045_佛山智达医疗器械有限公司新建项目_01_受理公告或公示版.json,,
046_佛山市顺德区华祥坤工艺电器有限公司扩建项目_01_受理公告或公示版,PDF,PDF扩展文本预检,待PDF视觉与关键证据抽查,PDF表格、图片、公式和字段归属仍需视觉抽查,0.989,0.9972,65901,66256,6,,pdf_layout_manual_review,E:\华南理工项目\环评文件汇总\01_GitHub项目与研究文档\eia-openclaw-sync-chen2026\05_QA测试集\人工核查_环评报告出处整理_20260715\环评报告文件_按问答顺序\046_佛山市顺德区华祥坤工艺电器有限公司扩建项目_01_受理公告或公示版.pdf,E:\华南理工项目\环评文件汇总\01_GitHub项目与研究文档\eia-openclaw-sync-chen2026\05_QA测试集\人工核查_环评报告出处整理_20260715\解析文本输出_按目录章节_20000token\046_佛山市顺德区华祥坤工艺电器有限公司扩建项目_01_受理公告或公示版\046_佛山市顺德区华祥坤工艺电器有限公司扩建项目_01_受理公告或公示版.json,,
047_广东希睿思汽车零部件有限公司新建项目_01_受理公告或公示版,PDF,PDF扩展文本预检,待PDF视觉与关键证据抽查,PDF表格、图片、公式和字段归属仍需视觉抽查,0.9903,1.0,63669,64015,6,,pdf_layout_manual_review,E:\华南理工项目\环评文件汇总\01_GitHub项目与研究文档\eia-openclaw-sync-chen2026\05_QA测试集\人工核查_环评报告出处整理_20260715\环评报告文件_按问答顺序\047_广东希睿思汽车零部件有限公司新建项目_01_受理公告或公示版.pdf,E:\华南理工项目\环评文件汇总\01_GitHub项目与研究文档\eia-openclaw-sync-chen2026\05_QA测试集\人工核查_环评报告出处整理_20260715\解析文本输出_按目录章节_20000token\047_广东希睿思汽车零部件有限公司新建项目_01_受理公告或公示版\047_广东希睿思汽车零部件有限公司新建项目_01_受理公告或公示版.json,,
048_佛山市顺德区嘉保洁具有限公司迁建项目_01_报批稿或报告表,PDF,PDF扩展文本预检,待PDF视觉与关键证据抽查,PDF表格、图片、公式和字段归属仍需视觉抽查,0.9897,0.9989,55428,55763,5,,pdf_layout_manual_review,E:\华南理工项目\环评文件汇总\01_GitHub项目与研究文档\eia-openclaw-sync-chen2026\05_QA测试集\人工核查_环评报告出处整理_20260715\环评报告文件_按问答顺序\048_佛山市顺德区嘉保洁具有限公司迁建项目_01_报批稿或报告表.pdf,E:\华南理工项目\环评文件汇总\01_GitHub项目与研究文档\eia-openclaw-sync-chen2026\05_QA测试集\人工核查_环评报告出处整理_20260715\解析文本输出_按目录章节_20000token\048_佛山市顺德区嘉保洁具有限公司迁建项目_01_报批稿或报告表\048_佛山市顺德区嘉保洁具有限公司迁建项目_01_报批稿或报告表.json,,
049_佛山市力方电器科技有限公司新建项目_01_报批稿或报告表,PDF,PDF扩展文本预检,不可用,PDF可提取文本不足，需OCR或逐页视觉核验,0.0,0.0,0,55,1,pdf_text_unavailable;low_body_coverage;low_number_unit_coverage;empty_text_placeholder,pdf_layout_manual_review,E:\华南理工项目\环评文件汇总\01_GitHub项目与研究文档\eia-openclaw-sync-chen2026\05_QA测试集\人工核查_环评报告出处整理_20260715\环评报告文件_按问答顺序\049_佛山市力方电器科技有限公司新建项目_01_报批稿或报告表.pdf,E:\华南理工项目\环评文件汇总\01_GitHub项目与研究文档\eia-openclaw-sync-chen2026\05_QA测试集\人工核查_环评报告出处整理_20260715\解析文本输出_按目录章节_20000token\049_佛山市力方电器科技有限公司新建项目_01_报批稿或报告表\049_佛山市力方电器科技有限公司新建项目_01_报批稿或报告表.json,,
050_佛山市顺德区红昇电器有限公司新建项目_01_受理公告或公示版,PDF,PDF扩展文本预检,待PDF视觉与关键证据抽查,PDF表格、图片、公式和字段归属仍需视觉抽查,0.9893,0.9993,49942,50249,5,,pdf_layout_manual_review,E:\华南理工项目\环评文件汇总\01_GitHub项目与研究文档\eia-openclaw-sync-chen2026\05_QA测试集\人工核查_环评报告出处整理_20260715\环评报告文件_按问答顺序\050_佛山市顺德区红昇电器有限公司新建项目_01_受理公告或公示版.pdf,E:\华南理工项目\环评文件汇总\01_GitHub项目与研究文档\eia-openclaw-sync-chen2026\05_QA测试集\人工核查_环评报告出处整理_20260715\解析文本输出_按目录章节_20000token\050_佛山市顺德区红昇电器有限公司新建项目_01_受理公告或公示版\050_佛山市顺德区红昇电器有限公司新建项目_01_受理公告或公示版.json,,
051_佛山市力新五金塑胶制品有限公司新建项目_01_受理公告或公示版,PDF,PDF扩展文本预检,待PDF视觉与关键证据抽查,PDF表格、图片、公式和字段归属仍需视觉抽查,0.9908,0.9978,63271,63598,6,,pdf_layout_manual_review,E:\华南理工项目\环评文件汇总\01_GitHub项目与研究文档\eia-openclaw-sync-chen2026\05_QA测试集\人工核查_环评报告出处整理_20260715\环评报告文件_按问答顺序\051_佛山市力新五金塑胶制品有限公司新建项目_01_受理公告或公示版.pdf,E:\华南理工项目\环评文件汇总\01_GitHub项目与研究文档\eia-openclaw-sync-chen2026\05_QA测试集\人工核查_环评报告出处整理_20260715\解析文本输出_按目录章节_20000token\051_佛山市力新五金塑胶制品有限公司新建项目_01_受理公告或公示版\051_佛山市力新五金塑胶制品有限公司新建项目_01_受理公告或公示版.json,,
052_佛山市祖帮海绵有限公司新建项目_01_受理公告或公示版,PDF,PDF扩展文本预检,待PDF视觉与关键证据抽查,PDF表格、图片、公式和字段归属仍需视觉抽查,0.9903,1.0,164248,165548,13,,pdf_layout_manual_review,E:\华南理工项目\环评文件汇总\01_GitHub项目与研究文档\eia-openclaw-sync-chen2026\05_QA测试集\人工核查_环评报告出处整理_20260715\环评报告文件_按问答顺序\052_佛山市祖帮海绵有限公司新建项目_01_受理公告或公示版.pdf,E:\华南理工项目\环评文件汇总\01_GitHub项目与研究文档\eia-openclaw-sync-chen2026\05_QA测试集\人工核查_环评报告出处整理_20260715\解析文本输出_按目录章节_20000token\052_佛山市祖帮海绵有限公司新建项目_01_受理公告或公示版\052_佛山市祖帮海绵有限公司新建项目_01_受理公告或公示版.json,,
053_佛山粤友塑料制品有限公司新建项目_01_受理公告或公示版,PDF,PDF扩展文本预检,待PDF视觉与关键证据抽查,PDF表格、图片、公式和字段归属仍需视觉抽查,0.9918,1.0,47629,47880,5,,pdf_layout_manual_review,E:\华南理工项目\环评文件汇总\01_GitHub项目与研究文档\eia-openclaw-sync-chen2026\05_QA测试集\人工核查_环评报告出处整理_20260715\环评报告文件_按问答顺序\053_佛山粤友塑料制品有限公司新建项目_01_受理公告或公示版.pdf,E:\华南理工项目\环评文件汇总\01_GitHub项目与研究文档\eia-openclaw-sync-chen2026\05_QA测试集\人工核查_环评报告出处整理_20260715\解析文本输出_按目录章节_20000token\053_佛山粤友塑料制品有限公司新建项目_01_受理公告或公示版\053_佛山粤友塑料制品有限公司新建项目_01_受理公告或公示版.json,,
054_佛山诗佳格科技有限公司新建项目_01_受理公告或公示版,PDF,PDF扩展文本预检,待PDF视觉与关键证据抽查,PDF表格、图片、公式和字段归属仍需视觉抽查,0.9916,1.0,52445,52720,5,,pdf_layout_manual_review,E:\华南理工项目\环评文件汇总\01_GitHub项目与研究文档\eia-openclaw-sync-chen2026\05_QA测试集\人工核查_环评报告出处整理_20260715\环评报告文件_按问答顺序\054_佛山诗佳格科技有限公司新建项目_01_受理公告或公示版.pdf,E:\华南理工项目\环评文件汇总\01_GitHub项目与研究文档\eia-openclaw-sync-chen2026\05_QA测试集\人工核查_环评报告出处整理_20260715\解析文本输出_按目录章节_20000token\054_佛山诗佳格科技有限公司新建项目_01_受理公告或公示版\054_佛山诗佳格科技有限公司新建项目_01_受理公告或公示版.json,,
055_佛山市乔安电器有限公司迁建项目_01_受理公告或公示版,PDF,PDF扩展文本预检,待PDF视觉与关键证据抽查,PDF表格、图片、公式和字段归属仍需视觉抽查,0.9892,0.998,46919,47233,5,,pdf_layout_manual_review,E:\华南理工项目\环评文件汇总\01_GitHub项目与研究文档\eia-openclaw-sync-chen2026\05_QA测试集\人工核查_环评报告出处整理_20260715\环评报告文件_按问答顺序\055_佛山市乔安电器有限公司迁建项目_01_受理公告或公示版.pdf,E:\华南理工项目\环评文件汇总\01_GitHub项目与研究文档\eia-openclaw-sync-chen2026\05_QA测试集\人工核查_环评报告出处整理_20260715\解析文本输出_按目录章节_20000token\055_佛山市乔安电器有限公司迁建项目_01_受理公告或公示版\055_佛山市乔安电器有限公司迁建项目_01_受理公告或公示版.json,,
056_佛山市顺德区菱昌精密塑料五金实业有限公司新建项目_01_受理公告或公示版,PDF,PDF扩展文本预检,待PDF视觉与关键证据抽查,PDF表格、图片、公式和字段归属仍需视觉抽查,0.9903,1.0,52397,52736,4,,pdf_layout_manual_review,E:\华南理工项目\环评文件汇总\01_GitHub项目与研究文档\eia-openclaw-sync-chen2026\05_QA测试集\人工核查_环评报告出处整理_20260715\环评报告文件_按问答顺序\056_佛山市顺德区菱昌精密塑料五金实业有限公司新建项目_01_受理公告或公示版.pdf,E:\华南理工项目\环评文件汇总\01_GitHub项目与研究文档\eia-openclaw-sync-chen2026\05_QA测试集\人工核查_环评报告出处整理_20260715\解析文本输出_按目录章节_20000token\056_佛山市顺德区菱昌精密塑料五金实业有限公司新建项目_01_受理公告或公示版\056_佛山市顺德区菱昌精密塑料五金实业有限公司新建项目_01_受理公告或公示版.json,,
057_佛山市德田科技有限公司建设项目_01_受理公告或公示版,PDF,PDF扩展文本预检,待PDF视觉与关键证据抽查,PDF表格、图片、公式和字段归属仍需视觉抽查,0.989,0.9968,47390,47717,5,,pdf_layout_manual_review,E:\华南理工项目\环评文件汇总\01_GitHub项目与研究文档\eia-openclaw-sync-chen2026\05_QA测试集\人工核查_环评报告出处整理_20260715\环评报告文件_按问答顺序\057_佛山市德田科技有限公司建设项目_01_受理公告或公示版.pdf,E:\华南理工项目\环评文件汇总\01_GitHub项目与研究文档\eia-openclaw-sync-chen2026\05_QA测试集\人工核查_环评报告出处整理_20260715\解析文本输出_按目录章节_20000token\057_佛山市德田科技有限公司建设项目_01_受理公告或公示版\057_佛山市德田科技有限公司建设项目_01_受理公告或公示版.json,,
058_佛山市车壹套塑料制品有限公司新建项目_01_受理公告或公示版,PDF,PDF扩展文本预检,待PDF视觉与关键证据抽查,PDF表格、图片、公式和字段归属仍需视觉抽查,0.9911,1.0,44856,45114,5,,pdf_layout_manual_review,E:\华南理工项目\环评文件汇总\01_GitHub项目与研究文档\eia-openclaw-sync-chen2026\05_QA测试集\人工核查_环评报告出处整理_20260715\环评报告文件_按问答顺序\058_佛山市车壹套塑料制品有限公司新建项目_01_受理公告或公示版.pdf,E:\华南理工项目\环评文件汇总\01_GitHub项目与研究文档\eia-openclaw-sync-chen2026\05_QA测试集\人工核查_环评报告出处整理_20260715\解析文本输出_按目录章节_20000token\058_佛山市车壹套塑料制品有限公司新建项目_01_受理公告或公示版\058_佛山市车壹套塑料制品有限公司新建项目_01_受理公告或公示版.json,,
059_华硕（广东）新材料股份有限公司新建项目_01_报批稿或报告表,PDF,PDF扩展文本预检,待PDF视觉与关键证据抽查,PDF表格、图片、公式和字段归属仍需视觉抽查,0.9887,1.0,51585,51911,4,,pdf_layout_manual_review,E:\华南理工项目\环评文件汇总\01_GitHub项目与研究文档\eia-openclaw-sync-chen2026\05_QA测试集\人工核查_环评报告出处整理_20260715\环评报告文件_按问答顺序\059_华硕（广东）新材料股份有限公司新建项目_01_报批稿或报告表.pdf,E:\华南理工项目\环评文件汇总\01_GitHub项目与研究文档\eia-openclaw-sync-chen2026\05_QA测试集\人工核查_环评报告出处整理_20260715\解析文本输出_按目录章节_20000token\059_华硕（广东）新材料股份有限公司新建项目_01_报批稿或报告表\059_华硕（广东）新材料股份有限公司新建项目_01_报批稿或报告表.json,,
060_佛山汇诚科技有限公司新建项目_01_报批稿或报告表,PDF,PDF扩展文本预检,待PDF视觉与关键证据抽查,PDF表格、图片、公式和字段归属仍需视觉抽查,0.9888,0.9988,80321,80761,7,,pdf_layout_manual_review,E:\华南理工项目\环评文件汇总\01_GitHub项目与研究文档\eia-openclaw-sync-chen2026\05_QA测试集\人工核查_环评报告出处整理_20260715\环评报告文件_按问答顺序\060_佛山汇诚科技有限公司新建项目_01_报批稿或报告表.pdf,E:\华南理工项目\环评文件汇总\01_GitHub项目与研究文档\eia-openclaw-sync-chen2026\05_QA测试集\人工核查_环评报告出处整理_20260715\解析文本输出_按目录章节_20000token\060_佛山汇诚科技有限公司新建项目_01_报批稿或报告表\060_佛山汇诚科技有限公司新建项目_01_报批稿或报告表.json,,
061_佛山市景素科科技有限公司建设项目_01_受理公告或公示版,PDF,PDF扩展文本预检,待PDF视觉与关键证据抽查,PDF表格、图片、公式和字段归属仍需视觉抽查,0.9905,0.998,50403,50714,5,,pdf_layout_manual_review,E:\华南理工项目\环评文件汇总\01_GitHub项目与研究文档\eia-openclaw-sync-chen2026\05_QA测试集\人工核查_环评报告出处整理_20260715\环评报告文件_按问答顺序\061_佛山市景素科科技有限公司建设项目_01_受理公告或公示版.pdf,E:\华南理工项目\环评文件汇总\01_GitHub项目与研究文档\eia-openclaw-sync-chen2026\05_QA测试集\人工核查_环评报告出处整理_20260715\解析文本输出_按目录章节_20000token\061_佛山市景素科科技有限公司建设项目_01_受理公告或公示版\061_佛山市景素科科技有限公司建设项目_01_受理公告或公示版.json,,
062_佛山市智鑫塑胶制品有限公司迁扩建项目_01_报批稿或报告表,PDF,PDF扩展文本预检,待PDF视觉与关键证据抽查,PDF表格、图片、公式和字段归属仍需视觉抽查,0.9919,0.9995,63155,63545,5,,pdf_layout_manual_review,E:\华南理工项目\环评文件汇总\01_GitHub项目与研究文档\eia-openclaw-sync-chen2026\05_QA测试集\人工核查_环评报告出处整理_20260715\环评报告文件_按问答顺序\062_佛山市智鑫塑胶制品有限公司迁扩建项目_01_报批稿或报告表.pdf,E:\华南理工项目\环评文件汇总\01_GitHub项目与研究文档\eia-openclaw-sync-chen2026\05_QA测试集\人工核查_环评报告出处整理_20260715\解析文本输出_按目录章节_20000token\062_佛山市智鑫塑胶制品有限公司迁扩建项目_01_报批稿或报告表\062_佛山市智鑫塑胶制品有限公司迁扩建项目_01_报批稿或报告表.json,,
063_佛山市玖心日用品有限公司新建项目_01_报批稿或报告表,PDF,PDF扩展文本预检,待PDF视觉与关键证据抽查,PDF表格、图片、公式和字段归属仍需视觉抽查,0.988,1.0,62655,63033,6,,pdf_layout_manual_review,E:\华南理工项目\环评文件汇总\01_GitHub项目与研究文档\eia-openclaw-sync-chen2026\05_QA测试集\人工核查_环评报告出处整理_20260715\环评报告文件_按问答顺序\063_佛山市玖心日用品有限公司新建项目_01_报批稿或报告表.pdf,E:\华南理工项目\环评文件汇总\01_GitHub项目与研究文档\eia-openclaw-sync-chen2026\05_QA测试集\人工核查_环评报告出处整理_20260715\解析文本输出_按目录章节_20000token\063_佛山市玖心日用品有限公司新建项目_01_报批稿或报告表\063_佛山市玖心日用品有限公司新建项目_01_报批稿或报告表.json,,
064_佛山市靓禾厨卫用品有限公司新建项目_01_受理公告或公示版,PDF,PDF扩展文本预检,待PDF视觉与关键证据抽查,PDF表格、图片、公式和字段归属仍需视觉抽查,0.9914,1.0,41678,41904,4,,pdf_layout_manual_review,E:\华南理工项目\环评文件汇总\01_GitHub项目与研究文档\eia-openclaw-sync-chen2026\05_QA测试集\人工核查_环评报告出处整理_20260715\环评报告文件_按问答顺序\064_佛山市靓禾厨卫用品有限公司新建项目_01_受理公告或公示版.pdf,E:\华南理工项目\环评文件汇总\01_GitHub项目与研究文档\eia-openclaw-sync-chen2026\05_QA测试集\人工核查_环评报告出处整理_20260715\解析文本输出_按目录章节_20000token\064_佛山市靓禾厨卫用品有限公司新建项目_01_受理公告或公示版\064_佛山市靓禾厨卫用品有限公司新建项目_01_受理公告或公示版.json,,
065_万业诚新材料（佛山）有限公司迁建项目_01_受理公告或公示版,PDF,PDF扩展文本预检,待PDF视觉与关键证据抽查,PDF表格、图片、公式和字段归属仍需视觉抽查,0.985,1.0,67229,68042,5,,pdf_layout_manual_review,E:\华南理工项目\环评文件汇总\01_GitHub项目与研究文档\eia-openclaw-sync-chen2026\05_QA测试集\人工核查_环评报告出处整理_20260715\环评报告文件_按问答顺序\065_万业诚新材料（佛山）有限公司迁建项目_01_受理公告或公示版.pdf,E:\华南理工项目\环评文件汇总\01_GitHub项目与研究文档\eia-openclaw-sync-chen2026\05_QA测试集\人工核查_环评报告出处整理_20260715\解析文本输出_按目录章节_20000token\065_万业诚新材料（佛山）有限公司迁建项目_01_受理公告或公示版\065_万业诚新材料（佛山）有限公司迁建项目_01_受理公告或公示版.json,,
066_广东顺德顺炎新材料股份有限公司年产改性塑料粒6万吨迁扩建项目_01_报批稿或报告表,PDF,PDF扩展文本预检,待PDF视觉与关键证据抽查,PDF表格、图片、公式和字段归属仍需视觉抽查,0.988,0.9993,49429,49806,5,,pdf_layout_manual_review,E:\华南理工项目\环评文件汇总\01_GitHub项目与研究文档\eia-openclaw-sync-chen2026\05_QA测试集\人工核查_环评报告出处整理_20260715\环评报告文件_按问答顺序\066_广东顺德顺炎新材料股份有限公司年产改性塑料粒6万吨迁扩建项目_01_报批稿或报告表.pdf,E:\华南理工项目\环评文件汇总\01_GitHub项目与研究文档\eia-openclaw-sync-chen2026\05_QA测试集\人工核查_环评报告出处整理_20260715\解析文本输出_按目录章节_20000token\066_广东顺德顺炎新材料股份有限公司年产改性塑料粒6万吨迁扩建项目_01_报批稿或报告表\066_广东顺德顺炎新材料股份有限公司年产改性塑料粒6万吨迁扩建项目_01_报批稿或报告表.json,,
067_佛山市顺德区耀顺欣模具厂新建项目_01_受理公告或公示版,PDF,PDF扩展文本预检,待PDF视觉与关键证据抽查,PDF表格、图片、公式和字段归属仍需视觉抽查,0.9889,0.9992,44202,44452,5,,pdf_layout_manual_review,E:\华南理工项目\环评文件汇总\01_GitHub项目与研究文档\eia-openclaw-sync-chen2026\05_QA测试集\人工核查_环评报告出处整理_20260715\环评报告文件_按问答顺序\067_佛山市顺德区耀顺欣模具厂新建项目_01_受理公告或公示版.pdf,E:\华南理工项目\环评文件汇总\01_GitHub项目与研究文档\eia-openclaw-sync-chen2026\05_QA测试集\人工核查_环评报告出处整理_20260715\解析文本输出_按目录章节_20000token\067_佛山市顺德区耀顺欣模具厂新建项目_01_受理公告或公示版\067_佛山市顺德区耀顺欣模具厂新建项目_01_受理公告或公示版.json,,
068_佛山市至贤科技有限公司新建项目_01_受理公告或公示版,PDF,PDF扩展文本预检,待PDF视觉与关键证据抽查,PDF表格、图片、公式和字段归属仍需视觉抽查,0.9896,0.9963,47590,47900,4,,pdf_layout_manual_review,E:\华南理工项目\环评文件汇总\01_GitHub项目与研究文档\eia-openclaw-sync-chen2026\05_QA测试集\人工核查_环评报告出处整理_20260715\环评报告文件_按问答顺序\068_佛山市至贤科技有限公司新建项目_01_受理公告或公示版.pdf,E:\华南理工项目\环评文件汇总\01_GitHub项目与研究文档\eia-openclaw-sync-chen2026\05_QA测试集\人工核查_环评报告出处整理_20260715\解析文本输出_按目录章节_20000token\068_佛山市至贤科技有限公司新建项目_01_受理公告或公示版\068_佛山市至贤科技有限公司新建项目_01_受理公告或公示版.json,,
069_佛山市安邵塑胶制品有限公司新建项目_01_报批稿或报告表,PDF,PDF扩展文本预检,待PDF视觉与关键证据抽查,PDF表格、图片、公式和字段归属仍需视觉抽查,0.9881,0.9971,49925,50290,4,,pdf_layout_manual_review,E:\华南理工项目\环评文件汇总\01_GitHub项目与研究文档\eia-openclaw-sync-chen2026\05_QA测试集\人工核查_环评报告出处整理_20260715\环评报告文件_按问答顺序\069_佛山市安邵塑胶制品有限公司新建项目_01_报批稿或报告表.pdf,E:\华南理工项目\环评文件汇总\01_GitHub项目与研究文档\eia-openclaw-sync-chen2026\05_QA测试集\人工核查_环评报告出处整理_20260715\解析文本输出_按目录章节_20000token\069_佛山市安邵塑胶制品有限公司新建项目_01_报批稿或报告表\069_佛山市安邵塑胶制品有限公司新建项目_01_报批稿或报告表.json,,
070_佛山市思莱拓科技有限公司新建项目_01_受理公告或公示版,PDF,PDF扩展文本预检,待PDF视觉与关键证据抽查,PDF表格、图片、公式和字段归属仍需视觉抽查,0.9911,1.0,50907,51193,5,,pdf_layout_manual_review,E:\华南理工项目\环评文件汇总\01_GitHub项目与研究文档\eia-openclaw-sync-chen2026\05_QA测试集\人工核查_环评报告出处整理_20260715\环评报告文件_按问答顺序\070_佛山市思莱拓科技有限公司新建项目_01_受理公告或公示版.pdf,E:\华南理工项目\环评文件汇总\01_GitHub项目与研究文档\eia-openclaw-sync-chen2026\05_QA测试集\人工核查_环评报告出处整理_20260715\解析文本输出_按目录章节_20000token\070_佛山市思莱拓科技有限公司新建项目_01_受理公告或公示版\070_佛山市思莱拓科技有限公司新建项目_01_受理公告或公示版.json,,
071_佛山市昊芸照明有限公司新建项目_01_受理公告或公示版,PDF,PDF扩展文本预检,待PDF视觉与关键证据抽查,PDF表格、图片、公式和字段归属仍需视觉抽查,0.9895,1.0,49451,49714,4,,pdf_layout_manual_review,E:\华南理工项目\环评文件汇总\01_GitHub项目与研究文档\eia-openclaw-sync-chen2026\05_QA测试集\人工核查_环评报告出处整理_20260715\环评报告文件_按问答顺序\071_佛山市昊芸照明有限公司新建项目_01_受理公告或公示版.pdf,E:\华南理工项目\环评文件汇总\01_GitHub项目与研究文档\eia-openclaw-sync-chen2026\05_QA测试集\人工核查_环评报告出处整理_20260715\解析文本输出_按目录章节_20000token\071_佛山市昊芸照明有限公司新建项目_01_受理公告或公示版\071_佛山市昊芸照明有限公司新建项目_01_受理公告或公示版.json,,
072_佛山市友帝塑料制品有限公司扩建项目_01_受理公告或公示版,PDF,PDF扩展文本预检,待PDF视觉与关键证据抽查,PDF表格、图片、公式和字段归属仍需视觉抽查,0.9906,0.9989,55652,55944,5,,pdf_layout_manual_review,E:\华南理工项目\环评文件汇总\01_GitHub项目与研究文档\eia-openclaw-sync-chen2026\05_QA测试集\人工核查_环评报告出处整理_20260715\环评报告文件_按问答顺序\072_佛山市友帝塑料制品有限公司扩建项目_01_受理公告或公示版.pdf,E:\华南理工项目\环评文件汇总\01_GitHub项目与研究文档\eia-openclaw-sync-chen2026\05_QA测试集\人工核查_环评报告出处整理_20260715\解析文本输出_按目录章节_20000token\072_佛山市友帝塑料制品有限公司扩建项目_01_受理公告或公示版\072_佛山市友帝塑料制品有限公司扩建项目_01_受理公告或公示版.json,,
073_佛山市优塑包装科技有限公司新建项目_01_受理公告或公示版,PDF,PDF扩展文本预检,待PDF视觉与关键证据抽查,PDF表格、图片、公式和字段归属仍需视觉抽查,0.9913,1.0,46126,46392,5,,pdf_layout_manual_review,E:\华南理工项目\环评文件汇总\01_GitHub项目与研究文档\eia-openclaw-sync-chen2026\05_QA测试集\人工核查_环评报告出处整理_20260715\环评报告文件_按问答顺序\073_佛山市优塑包装科技有限公司新建项目_01_受理公告或公示版.pdf,E:\华南理工项目\环评文件汇总\01_GitHub项目与研究文档\eia-openclaw-sync-chen2026\05_QA测试集\人工核查_环评报告出处整理_20260715\解析文本输出_按目录章节_20000token\073_佛山市优塑包装科技有限公司新建项目_01_受理公告或公示版\073_佛山市优塑包装科技有限公司新建项目_01_受理公告或公示版.json,,
074_佛山市顺德区德盈誉智能制造有限公司新建项目_01_受理公告或公示版,PDF,PDF扩展文本预检,待PDF视觉与关键证据抽查,PDF表格、图片、公式和字段归属仍需视觉抽查,0.9905,0.9987,45472,45746,5,,pdf_layout_manual_review,E:\华南理工项目\环评文件汇总\01_GitHub项目与研究文档\eia-openclaw-sync-chen2026\05_QA测试集\人工核查_环评报告出处整理_20260715\环评报告文件_按问答顺序\074_佛山市顺德区德盈誉智能制造有限公司新建项目_01_受理公告或公示版.pdf,E:\华南理工项目\环评文件汇总\01_GitHub项目与研究文档\eia-openclaw-sync-chen2026\05_QA测试集\人工核查_环评报告出处整理_20260715\解析文本输出_按目录章节_20000token\074_佛山市顺德区德盈誉智能制造有限公司新建项目_01_受理公告或公示版\074_佛山市顺德区德盈誉智能制造有限公司新建项目_01_受理公告或公示版.json,,
075_广东圣鑫机电股份有限公司扩建项目_01_受理公告或公示版,PDF,PDF扩展文本预检,待PDF视觉与关键证据抽查,PDF表格、图片、公式和字段归属仍需视觉抽查,0.988,0.9991,61430,61841,6,,pdf_layout_manual_review,E:\华南理工项目\环评文件汇总\01_GitHub项目与研究文档\eia-openclaw-sync-chen2026\05_QA测试集\人工核查_环评报告出处整理_20260715\环评报告文件_按问答顺序\075_广东圣鑫机电股份有限公司扩建项目_01_受理公告或公示版.pdf,E:\华南理工项目\环评文件汇总\01_GitHub项目与研究文档\eia-openclaw-sync-chen2026\05_QA测试集\人工核查_环评报告出处整理_20260715\解析文本输出_按目录章节_20000token\075_广东圣鑫机电股份有限公司扩建项目_01_受理公告或公示版\075_广东圣鑫机电股份有限公司扩建项目_01_受理公告或公示版.json,,
076_佛山市顺德区保塑管业有限公司迁扩建项目_01_受理公告或公示版,PDF,PDF扩展文本预检,待PDF视觉与关键证据抽查,PDF表格、图片、公式和字段归属仍需视觉抽查,0.989,0.9978,60846,61196,5,,pdf_layout_manual_review,E:\华南理工项目\环评文件汇总\01_GitHub项目与研究文档\eia-openclaw-sync-chen2026\05_QA测试集\人工核查_环评报告出处整理_20260715\环评报告文件_按问答顺序\076_佛山市顺德区保塑管业有限公司迁扩建项目_01_受理公告或公示版.pdf,E:\华南理工项目\环评文件汇总\01_GitHub项目与研究文档\eia-openclaw-sync-chen2026\05_QA测试集\人工核查_环评报告出处整理_20260715\解析文本输出_按目录章节_20000token\076_佛山市顺德区保塑管业有限公司迁扩建项目_01_受理公告或公示版\076_佛山市顺德区保塑管业有限公司迁扩建项目_01_受理公告或公示版.json,,
077_佛山市顺德区康明新材料厂新建项目_01_受理公告或公示版,PDF,PDF扩展文本预检,待PDF视觉与关键证据抽查,PDF表格、图片、公式和字段归属仍需视觉抽查,0.9891,0.9988,60079,60497,6,,pdf_layout_manual_review,E:\华南理工项目\环评文件汇总\01_GitHub项目与研究文档\eia-openclaw-sync-chen2026\05_QA测试集\人工核查_环评报告出处整理_20260715\环评报告文件_按问答顺序\077_佛山市顺德区康明新材料厂新建项目_01_受理公告或公示版.pdf,E:\华南理工项目\环评文件汇总\01_GitHub项目与研究文档\eia-openclaw-sync-chen2026\05_QA测试集\人工核查_环评报告出处整理_20260715\解析文本输出_按目录章节_20000token\077_佛山市顺德区康明新材料厂新建项目_01_受理公告或公示版\077_佛山市顺德区康明新材料厂新建项目_01_受理公告或公示版.json,,
078_佛山市顺德区中润基誉新材料科技有限公司新建项目_01_受理公告或公示版,PDF,PDF扩展文本预检,待PDF视觉与关键证据抽查,PDF表格、图片、公式和字段归属仍需视觉抽查,0.9893,0.9968,63907,64300,6,,pdf_layout_manual_review,E:\华南理工项目\环评文件汇总\01_GitHub项目与研究文档\eia-openclaw-sync-chen2026\05_QA测试集\人工核查_环评报告出处整理_20260715\环评报告文件_按问答顺序\078_佛山市顺德区中润基誉新材料科技有限公司新建项目_01_受理公告或公示版.pdf,E:\华南理工项目\环评文件汇总\01_GitHub项目与研究文档\eia-openclaw-sync-chen2026\05_QA测试集\人工核查_环评报告出处整理_20260715\解析文本输出_按目录章节_20000token\078_佛山市顺德区中润基誉新材料科技有限公司新建项目_01_受理公告或公示版\078_佛山市顺德区中润基誉新材料科技有限公司新建项目_01_受理公告或公示版.json,,
079_广东周杨科电器有限公司迁扩建项目_01_受理公告或公示版,PDF,PDF扩展文本预检,待PDF视觉与关键证据抽查,PDF表格、图片、公式和字段归属仍需视觉抽查,0.989,1.0,49041,49370,5,,pdf_layout_manual_review,E:\华南理工项目\环评文件汇总\01_GitHub项目与研究文档\eia-openclaw-sync-chen2026\05_QA测试集\人工核查_环评报告出处整理_20260715\环评报告文件_按问答顺序\079_广东周杨科电器有限公司迁扩建项目_01_受理公告或公示版.pdf,E:\华南理工项目\环评文件汇总\01_GitHub项目与研究文档\eia-openclaw-sync-chen2026\05_QA测试集\人工核查_环评报告出处整理_20260715\解析文本输出_按目录章节_20000token\079_广东周杨科电器有限公司迁扩建项目_01_受理公告或公示版\079_广东周杨科电器有限公司迁扩建项目_01_受理公告或公示版.json,,
080_佛山市科镁电器科技有限公司新建项目_01_受理公告或公示版,PDF,PDF扩展文本预检,待PDF视觉与关键证据抽查,PDF表格、图片、公式和字段归属仍需视觉抽查,0.9919,0.9986,50979,51289,4,,pdf_layout_manual_review,E:\华南理工项目\环评文件汇总\01_GitHub项目与研究文档\eia-openclaw-sync-chen2026\05_QA测试集\人工核查_环评报告出处整理_20260715\环评报告文件_按问答顺序\080_佛山市科镁电器科技有限公司新建项目_01_受理公告或公示版.pdf,E:\华南理工项目\环评文件汇总\01_GitHub项目与研究文档\eia-openclaw-sync-chen2026\05_QA测试集\人工核查_环评报告出处整理_20260715\解析文本输出_按目录章节_20000token\080_佛山市科镁电器科技有限公司新建项目_01_受理公告或公示版\080_佛山市科镁电器科技有限公司新建项目_01_受理公告或公示版.json,,
081_佛山市安邵塑胶制品有限公司新建项目_01_受理公告或公示版,PDF,PDF扩展文本预检,待PDF视觉与关键证据抽查,PDF表格、图片、公式和字段归属仍需视觉抽查,0.9882,0.9978,47155,47513,4,,pdf_layout_manual_review,E:\华南理工项目\环评文件汇总\01_GitHub项目与研究文档\eia-openclaw-sync-chen2026\05_QA测试集\人工核查_环评报告出处整理_20260715\环评报告文件_按问答顺序\081_佛山市安邵塑胶制品有限公司新建项目_01_受理公告或公示版.pdf,E:\华南理工项目\环评文件汇总\01_GitHub项目与研究文档\eia-openclaw-sync-chen2026\05_QA测试集\人工核查_环评报告出处整理_20260715\解析文本输出_按目录章节_20000token\081_佛山市安邵塑胶制品有限公司新建项目_01_受理公告或公示版\081_佛山市安邵塑胶制品有限公司新建项目_01_受理公告或公示版.json,,
082_佛山市优力塑电器有限公司新建项目_01_报批稿或报告表,PDF,PDF扩展文本预检,待PDF视觉与关键证据抽查,PDF表格、图片、公式和字段归属仍需视觉抽查,0.9869,0.998,49463,49851,4,,pdf_layout_manual_review,E:\华南理工项目\环评文件汇总\01_GitHub项目与研究文档\eia-openclaw-sync-chen2026\05_QA测试集\人工核查_环评报告出处整理_20260715\环评报告文件_按问答顺序\082_佛山市优力塑电器有限公司新建项目_01_报批稿或报告表.pdf,E:\华南理工项目\环评文件汇总\01_GitHub项目与研究文档\eia-openclaw-sync-chen2026\05_QA测试集\人工核查_环评报告出处整理_20260715\解析文本输出_按目录章节_20000token\082_佛山市优力塑电器有限公司新建项目_01_报批稿或报告表\082_佛山市优力塑电器有限公司新建项目_01_报批稿或报告表.json,,
083_佛山市永佳奕科技有限公司扩建项目_01_受理公告或公示版,PDF,PDF扩展文本预检,待PDF视觉与关键证据抽查,PDF表格、图片、公式和字段归属仍需视觉抽查,0.9914,1.0,54633,54919,5,,pdf_layout_manual_review,E:\华南理工项目\环评文件汇总\01_GitHub项目与研究文档\eia-openclaw-sync-chen2026\05_QA测试集\人工核查_环评报告出处整理_20260715\环评报告文件_按问答顺序\083_佛山市永佳奕科技有限公司扩建项目_01_受理公告或公示版.pdf,E:\华南理工项目\环评文件汇总\01_GitHub项目与研究文档\eia-openclaw-sync-chen2026\05_QA测试集\人工核查_环评报告出处整理_20260715\解析文本输出_按目录章节_20000token\083_佛山市永佳奕科技有限公司扩建项目_01_受理公告或公示版\083_佛山市永佳奕科技有限公司扩建项目_01_受理公告或公示版.json,,
084_佛山市凌锴源模具科技有限公司迁扩建项目_01_受理公告或公示版,PDF,PDF扩展文本预检,待PDF视觉与关键证据抽查,PDF表格、图片、公式和字段归属仍需视觉抽查,0.9898,0.9994,55493,55901,4,,pdf_layout_manual_review,E:\华南理工项目\环评文件汇总\01_GitHub项目与研究文档\eia-openclaw-sync-chen2026\05_QA测试集\人工核查_环评报告出处整理_20260715\环评报告文件_按问答顺序\084_佛山市凌锴源模具科技有限公司迁扩建项目_01_受理公告或公示版.pdf,E:\华南理工项目\环评文件汇总\01_GitHub项目与研究文档\eia-openclaw-sync-chen2026\05_QA测试集\人工核查_环评报告出处整理_20260715\解析文本输出_按目录章节_20000token\084_佛山市凌锴源模具科技有限公司迁扩建项目_01_受理公告或公示版\084_佛山市凌锴源模具科技有限公司迁扩建项目_01_受理公告或公示版.json,,
085_佛山市集北龙华海绵制造股份有限公司搬迁扩建项目_01_受理公告或公示版,PDF,PDF扩展文本预检,待PDF视觉与关键证据抽查,PDF表格、图片、公式和字段归属仍需视觉抽查,0.9909,0.999,164978,166151,12,,pdf_layout_manual_review,E:\华南理工项目\环评文件汇总\01_GitHub项目与研究文档\eia-openclaw-sync-chen2026\05_QA测试集\人工核查_环评报告出处整理_20260715\环评报告文件_按问答顺序\085_佛山市集北龙华海绵制造股份有限公司搬迁扩建项目_01_受理公告或公示版.pdf,E:\华南理工项目\环评文件汇总\01_GitHub项目与研究文档\eia-openclaw-sync-chen2026\05_QA测试集\人工核查_环评报告出处整理_20260715\解析文本输出_按目录章节_20000token\085_佛山市集北龙华海绵制造股份有限公司搬迁扩建项目_01_受理公告或公示版\085_佛山市集北龙华海绵制造股份有限公司搬迁扩建项目_01_受理公告或公示版.json,,
086_佛山市新得雅科技有限责任公司新建项目_01_受理公告或公示版,PDF,PDF扩展文本预检,待PDF视觉与关键证据抽查,PDF表格、图片、公式和字段归属仍需视觉抽查,0.9886,1.0,155544,156660,11,,pdf_layout_manual_review,E:\华南理工项目\环评文件汇总\01_GitHub项目与研究文档\eia-openclaw-sync-chen2026\05_QA测试集\人工核查_环评报告出处整理_20260715\环评报告文件_按问答顺序\086_佛山市新得雅科技有限责任公司新建项目_01_受理公告或公示版.pdf,E:\华南理工项目\环评文件汇总\01_GitHub项目与研究文档\eia-openclaw-sync-chen2026\05_QA测试集\人工核查_环评报告出处整理_20260715\解析文本输出_按目录章节_20000token\086_佛山市新得雅科技有限责任公司新建项目_01_受理公告或公示版\086_佛山市新得雅科技有限责任公司新建项目_01_受理公告或公示版.json,,
087_佛山市丰友享家具配件实业有限公司迁扩建项目_01_受理公告或公示版,PDF,PDF扩展文本预检,待PDF视觉与关键证据抽查,PDF表格、图片、公式和字段归属仍需视觉抽查,0.989,1.0,51898,52213,4,,pdf_layout_manual_review,E:\华南理工项目\环评文件汇总\01_GitHub项目与研究文档\eia-openclaw-sync-chen2026\05_QA测试集\人工核查_环评报告出处整理_20260715\环评报告文件_按问答顺序\087_佛山市丰友享家具配件实业有限公司迁扩建项目_01_受理公告或公示版.pdf,E:\华南理工项目\环评文件汇总\01_GitHub项目与研究文档\eia-openclaw-sync-chen2026\05_QA测试集\人工核查_环评报告出处整理_20260715\解析文本输出_按目录章节_20000token\087_佛山市丰友享家具配件实业有限公司迁扩建项目_01_受理公告或公示版\087_佛山市丰友享家具配件实业有限公司迁扩建项目_01_受理公告或公示版.json,,
088_佛山市京耘科技有限公司新建项目_01_受理公告或公示版,PDF,PDF扩展文本预检,待PDF视觉与关键证据抽查,PDF表格、图片、公式和字段归属仍需视觉抽查,0.9899,0.9992,49157,49524,4,,pdf_layout_manual_review,E:\华南理工项目\环评文件汇总\01_GitHub项目与研究文档\eia-openclaw-sync-chen2026\05_QA测试集\人工核查_环评报告出处整理_20260715\环评报告文件_按问答顺序\088_佛山市京耘科技有限公司新建项目_01_受理公告或公示版.pdf,E:\华南理工项目\环评文件汇总\01_GitHub项目与研究文档\eia-openclaw-sync-chen2026\05_QA测试集\人工核查_环评报告出处整理_20260715\解析文本输出_按目录章节_20000token\088_佛山市京耘科技有限公司新建项目_01_受理公告或公示版\088_佛山市京耘科技有限公司新建项目_01_受理公告或公示版.json,,
089_高晖（佛山）新材料科技有限公司新建项目_01_受理公告或公示版,PDF,PDF扩展文本预检,待PDF视觉与关键证据抽查,PDF表格、图片、公式和字段归属仍需视觉抽查,0.9891,1.0,54589,55095,4,,pdf_layout_manual_review,E:\华南理工项目\环评文件汇总\01_GitHub项目与研究文档\eia-openclaw-sync-chen2026\05_QA测试集\人工核查_环评报告出处整理_20260715\环评报告文件_按问答顺序\089_高晖（佛山）新材料科技有限公司新建项目_01_受理公告或公示版.pdf,E:\华南理工项目\环评文件汇总\01_GitHub项目与研究文档\eia-openclaw-sync-chen2026\05_QA测试集\人工核查_环评报告出处整理_20260715\解析文本输出_按目录章节_20000token\089_高晖（佛山）新材料科技有限公司新建项目_01_受理公告或公示版\089_高晖（佛山）新材料科技有限公司新建项目_01_受理公告或公示版.json,,
090_佛山市顺德区共诺电子元件厂搬迁项目_01_受理公告或公示版,PDF,PDF扩展文本预检,待PDF视觉与关键证据抽查,PDF表格、图片、公式和字段归属仍需视觉抽查,0.9911,0.9985,40552,40782,3,,pdf_layout_manual_review,E:\华南理工项目\环评文件汇总\01_GitHub项目与研究文档\eia-openclaw-sync-chen2026\05_QA测试集\人工核查_环评报告出处整理_20260715\环评报告文件_按问答顺序\090_佛山市顺德区共诺电子元件厂搬迁项目_01_受理公告或公示版.pdf,E:\华南理工项目\环评文件汇总\01_GitHub项目与研究文档\eia-openclaw-sync-chen2026\05_QA测试集\人工核查_环评报告出处整理_20260715\解析文本输出_按目录章节_20000token\090_佛山市顺德区共诺电子元件厂搬迁项目_01_受理公告或公示版\090_佛山市顺德区共诺电子元件厂搬迁项目_01_受理公告或公示版.json,,
091_佛山市顺佳利智能科技有限公司扩建项目（重新报批）_01_报批稿或报告表,PDF,PDF扩展文本预检,待PDF视觉与关键证据抽查,PDF表格、图片、公式和字段归属仍需视觉抽查,0.9882,0.999,55530,55872,5,,pdf_layout_manual_review,E:\华南理工项目\环评文件汇总\01_GitHub项目与研究文档\eia-openclaw-sync-chen2026\05_QA测试集\人工核查_环评报告出处整理_20260715\环评报告文件_按问答顺序\091_佛山市顺佳利智能科技有限公司扩建项目（重新报批）_01_报批稿或报告表.pdf,E:\华南理工项目\环评文件汇总\01_GitHub项目与研究文档\eia-openclaw-sync-chen2026\05_QA测试集\人工核查_环评报告出处整理_20260715\解析文本输出_按目录章节_20000token\091_佛山市顺佳利智能科技有限公司扩建项目（重新报批）_01_报批稿或报告表\091_佛山市顺佳利智能科技有限公司扩建项目（重新报批）_01_报批稿或报告表.json,,
092_佛山市天日塑料科技有限公司迁扩建项目_01_报批稿或报告表,PDF,PDF扩展文本预检,待PDF视觉与关键证据抽查,PDF表格、图片、公式和字段归属仍需视觉抽查,0.9892,0.9973,56201,56574,6,,pdf_layout_manual_review,E:\华南理工项目\环评文件汇总\01_GitHub项目与研究文档\eia-openclaw-sync-chen2026\05_QA测试集\人工核查_环评报告出处整理_20260715\环评报告文件_按问答顺序\092_佛山市天日塑料科技有限公司迁扩建项目_01_报批稿或报告表.pdf,E:\华南理工项目\环评文件汇总\01_GitHub项目与研究文档\eia-openclaw-sync-chen2026\05_QA测试集\人工核查_环评报告出处整理_20260715\解析文本输出_按目录章节_20000token\092_佛山市天日塑料科技有限公司迁扩建项目_01_报批稿或报告表\092_佛山市天日塑料科技有限公司迁扩建项目_01_报批稿或报告表.json,,
093_佛山市顺德区福晟鑫塑料制品有限公司迁扩建项目_01_受理公告或公示版,PDF,PDF扩展文本预检,待PDF视觉与关键证据抽查,PDF表格、图片、公式和字段归属仍需视觉抽查,0.9892,0.999,66483,66904,6,,pdf_layout_manual_review,E:\华南理工项目\环评文件汇总\01_GitHub项目与研究文档\eia-openclaw-sync-chen2026\05_QA测试集\人工核查_环评报告出处整理_20260715\环评报告文件_按问答顺序\093_佛山市顺德区福晟鑫塑料制品有限公司迁扩建项目_01_受理公告或公示版.pdf,E:\华南理工项目\环评文件汇总\01_GitHub项目与研究文档\eia-openclaw-sync-chen2026\05_QA测试集\人工核查_环评报告出处整理_20260715\解析文本输出_按目录章节_20000token\093_佛山市顺德区福晟鑫塑料制品有限公司迁扩建项目_01_受理公告或公示版\093_佛山市顺德区福晟鑫塑料制品有限公司迁扩建项目_01_受理公告或公示版.json,,
094_佛山市顺德区谦和丰塑料制品厂新建项目_01_受理公告或公示版,PDF,PDF扩展文本预检,待PDF视觉与关键证据抽查,PDF表格、图片、公式和字段归属仍需视觉抽查,0.991,0.9982,38403,38617,3,,pdf_layout_manual_review,E:\华南理工项目\环评文件汇总\01_GitHub项目与研究文档\eia-openclaw-sync-chen2026\05_QA测试集\人工核查_环评报告出处整理_20260715\环评报告文件_按问答顺序\094_佛山市顺德区谦和丰塑料制品厂新建项目_01_受理公告或公示版.pdf,E:\华南理工项目\环评文件汇总\01_GitHub项目与研究文档\eia-openclaw-sync-chen2026\05_QA测试集\人工核查_环评报告出处整理_20260715\解析文本输出_按目录章节_20000token\094_佛山市顺德区谦和丰塑料制品厂新建项目_01_受理公告或公示版\094_佛山市顺德区谦和丰塑料制品厂新建项目_01_受理公告或公示版.json,,
095_华硕（广东）新材料股份有限公司建设项目_01_受理公告或公示版,PDF,PDF扩展文本预检,待PDF视觉与关键证据抽查,PDF表格、图片、公式和字段归属仍需视觉抽查,0.9889,1.0,53047,53372,4,,pdf_layout_manual_review,E:\华南理工项目\环评文件汇总\01_GitHub项目与研究文档\eia-openclaw-sync-chen2026\05_QA测试集\人工核查_环评报告出处整理_20260715\环评报告文件_按问答顺序\095_华硕（广东）新材料股份有限公司建设项目_01_受理公告或公示版.pdf,E:\华南理工项目\环评文件汇总\01_GitHub项目与研究文档\eia-openclaw-sync-chen2026\05_QA测试集\人工核查_环评报告出处整理_20260715\解析文本输出_按目录章节_20000token\095_华硕（广东）新材料股份有限公司建设项目_01_受理公告或公示版\095_华硕（广东）新材料股份有限公司建设项目_01_受理公告或公示版.json,,
096_佛山市顺德区谦迅盛塑料制品厂新建项目_01_受理公告或公示版,PDF,PDF扩展文本预检,待PDF视觉与关键证据抽查,PDF表格、图片、公式和字段归属仍需视觉抽查,0.9908,0.9973,38260,38478,3,,pdf_layout_manual_review,E:\华南理工项目\环评文件汇总\01_GitHub项目与研究文档\eia-openclaw-sync-chen2026\05_QA测试集\人工核查_环评报告出处整理_20260715\环评报告文件_按问答顺序\096_佛山市顺德区谦迅盛塑料制品厂新建项目_01_受理公告或公示版.pdf,E:\华南理工项目\环评文件汇总\01_GitHub项目与研究文档\eia-openclaw-sync-chen2026\05_QA测试集\人工核查_环评报告出处整理_20260715\解析文本输出_按目录章节_20000token\096_佛山市顺德区谦迅盛塑料制品厂新建项目_01_受理公告或公示版\096_佛山市顺德区谦迅盛塑料制品厂新建项目_01_受理公告或公示版.json,,
097_佛山赫昶塑胶制品有限公司新建项目_01_报批稿或报告表,PDF,PDF扩展文本预检,待PDF视觉与关键证据抽查,PDF表格、图片、公式和字段归属仍需视觉抽查,0.9901,1.0,48601,48898,5,,pdf_layout_manual_review,E:\华南理工项目\环评文件汇总\01_GitHub项目与研究文档\eia-openclaw-sync-chen2026\05_QA测试集\人工核查_环评报告出处整理_20260715\环评报告文件_按问答顺序\097_佛山赫昶塑胶制品有限公司新建项目_01_报批稿或报告表.pdf,E:\华南理工项目\环评文件汇总\01_GitHub项目与研究文档\eia-openclaw-sync-chen2026\05_QA测试集\人工核查_环评报告出处整理_20260715\解析文本输出_按目录章节_20000token\097_佛山赫昶塑胶制品有限公司新建项目_01_报批稿或报告表\097_佛山赫昶塑胶制品有限公司新建项目_01_报批稿或报告表.json,,
098_佛山市东来晟塑料制品有限公司新建项目_01_报批稿或报告表,PDF,PDF扩展文本预检,待PDF视觉与关键证据抽查,PDF表格、图片、公式和字段归属仍需视觉抽查,0.9885,0.9992,41944,42198,3,,pdf_layout_manual_review,E:\华南理工项目\环评文件汇总\01_GitHub项目与研究文档\eia-openclaw-sync-chen2026\05_QA测试集\人工核查_环评报告出处整理_20260715\环评报告文件_按问答顺序\098_佛山市东来晟塑料制品有限公司新建项目_01_报批稿或报告表.pdf,E:\华南理工项目\环评文件汇总\01_GitHub项目与研究文档\eia-openclaw-sync-chen2026\05_QA测试集\人工核查_环评报告出处整理_20260715\解析文本输出_按目录章节_20000token\098_佛山市东来晟塑料制品有限公司新建项目_01_报批稿或报告表\098_佛山市东来晟塑料制品有限公司新建项目_01_报批稿或报告表.json,,
099_佛山市宇纳电器科技有限公司迁扩建项目_01_受理公告或公示版,PDF,PDF扩展文本预检,待PDF视觉与关键证据抽查,PDF表格、图片、公式和字段归属仍需视觉抽查,0.9898,0.9979,48766,49022,5,,pdf_layout_manual_review,E:\华南理工项目\环评文件汇总\01_GitHub项目与研究文档\eia-openclaw-sync-chen2026\05_QA测试集\人工核查_环评报告出处整理_20260715\环评报告文件_按问答顺序\099_佛山市宇纳电器科技有限公司迁扩建项目_01_受理公告或公示版.pdf,E:\华南理工项目\环评文件汇总\01_GitHub项目与研究文档\eia-openclaw-sync-chen2026\05_QA测试集\人工核查_环评报告出处整理_20260715\解析文本输出_按目录章节_20000token\099_佛山市宇纳电器科技有限公司迁扩建项目_01_受理公告或公示版\099_佛山市宇纳电器科技有限公司迁扩建项目_01_受理公告或公示版.json,,
100_佛山市承帆新材料科技有限公司新建项目_01_受理公告或公示版,PDF,PDF扩展文本预检,待PDF视觉与关键证据抽查,PDF表格、图片、公式和字段归属仍需视觉抽查,0.9908,1.0,59377,59705,6,,pdf_layout_manual_review,E:\华南理工项目\环评文件汇总\01_GitHub项目与研究文档\eia-openclaw-sync-chen2026\05_QA测试集\人工核查_环评报告出处整理_20260715\环评报告文件_按问答顺序\100_佛山市承帆新材料科技有限公司新建项目_01_受理公告或公示版.pdf,E:\华南理工项目\环评文件汇总\01_GitHub项目与研究文档\eia-openclaw-sync-chen2026\05_QA测试集\人工核查_环评报告出处整理_20260715\解析文本输出_按目录章节_20000token\100_佛山市承帆新材料科技有限公司新建项目_01_受理公告或公示版\100_佛山市承帆新材料科技有限公司新建项目_01_受理公告或公示版.json,,
101_广东顺德铁夫汽车配件有限公司迁扩建项目_01_受理公告或公示版,PDF,PDF扩展文本预检,待PDF视觉与关键证据抽查,PDF表格、图片、公式和字段归属仍需视觉抽查,0.9884,1.0,56917,57241,6,,pdf_layout_manual_review,E:\华南理工项目\环评文件汇总\01_GitHub项目与研究文档\eia-openclaw-sync-chen2026\05_QA测试集\人工核查_环评报告出处整理_20260715\环评报告文件_按问答顺序\101_广东顺德铁夫汽车配件有限公司迁扩建项目_01_受理公告或公示版.pdf,E:\华南理工项目\环评文件汇总\01_GitHub项目与研究文档\eia-openclaw-sync-chen2026\05_QA测试集\人工核查_环评报告出处整理_20260715\解析文本输出_按目录章节_20000token\101_广东顺德铁夫汽车配件有限公司迁扩建项目_01_受理公告或公示版\101_广东顺德铁夫汽车配件有限公司迁扩建项目_01_受理公告或公示版.json,,
102_佛山市顺腾丰家具配件有限公司新建项目_01_受理公告或公示版,PDF,PDF扩展文本预检,待PDF视觉与关键证据抽查,PDF表格、图片、公式和字段归属仍需视觉抽查,0.9886,0.9992,38500,38743,4,,pdf_layout_manual_review,E:\华南理工项目\环评文件汇总\01_GitHub项目与研究文档\eia-openclaw-sync-chen2026\05_QA测试集\人工核查_环评报告出处整理_20260715\环评报告文件_按问答顺序\102_佛山市顺腾丰家具配件有限公司新建项目_01_受理公告或公示版.pdf,E:\华南理工项目\环评文件汇总\01_GitHub项目与研究文档\eia-openclaw-sync-chen2026\05_QA测试集\人工核查_环评报告出处整理_20260715\解析文本输出_按目录章节_20000token\102_佛山市顺腾丰家具配件有限公司新建项目_01_受理公告或公示版\102_佛山市顺腾丰家具配件有限公司新建项目_01_受理公告或公示版.json,,
103_广东顺德优线三维科技有限公司迁扩建项目_01_受理公告或公示版,PDF,PDF扩展文本预检,待PDF视觉与关键证据抽查,PDF表格、图片、公式和字段归属仍需视觉抽查,0.9888,0.9982,67436,67825,6,,pdf_layout_manual_review,E:\华南理工项目\环评文件汇总\01_GitHub项目与研究文档\eia-openclaw-sync-chen2026\05_QA测试集\人工核查_环评报告出处整理_20260715\环评报告文件_按问答顺序\103_广东顺德优线三维科技有限公司迁扩建项目_01_受理公告或公示版.pdf,E:\华南理工项目\环评文件汇总\01_GitHub项目与研究文档\eia-openclaw-sync-chen2026\05_QA测试集\人工核查_环评报告出处整理_20260715\解析文本输出_按目录章节_20000token\103_广东顺德优线三维科技有限公司迁扩建项目_01_受理公告或公示版\103_广东顺德优线三维科技有限公司迁扩建项目_01_受理公告或公示版.json,,
104_佛山市邦博恩智能科技有限公司新建项目_01_报批稿或报告表,PDF,PDF扩展文本预检,待PDF视觉与关键证据抽查,PDF表格、图片、公式和字段归属仍需视觉抽查,0.9897,0.9978,48250,48527,5,,pdf_layout_manual_review,E:\华南理工项目\环评文件汇总\01_GitHub项目与研究文档\eia-openclaw-sync-chen2026\05_QA测试集\人工核查_环评报告出处整理_20260715\环评报告文件_按问答顺序\104_佛山市邦博恩智能科技有限公司新建项目_01_报批稿或报告表.pdf,E:\华南理工项目\环评文件汇总\01_GitHub项目与研究文档\eia-openclaw-sync-chen2026\05_QA测试集\人工核查_环评报告出处整理_20260715\解析文本输出_按目录章节_20000token\104_佛山市邦博恩智能科技有限公司新建项目_01_报批稿或报告表\104_佛山市邦博恩智能科技有限公司新建项目_01_报批稿或报告表.json,,
105_佛山市加合新材料有限公司新建项目_01_报批稿或报告表,PDF,PDF扩展文本预检,待PDF视觉与关键证据抽查,PDF表格、图片、公式和字段归属仍需视觉抽查,0.9896,1.0,51568,51885,5,,pdf_layout_manual_review,E:\华南理工项目\环评文件汇总\01_GitHub项目与研究文档\eia-openclaw-sync-chen2026\05_QA测试集\人工核查_环评报告出处整理_20260715\环评报告文件_按问答顺序\105_佛山市加合新材料有限公司新建项目_01_报批稿或报告表.pdf,E:\华南理工项目\环评文件汇总\01_GitHub项目与研究文档\eia-openclaw-sync-chen2026\05_QA测试集\人工核查_环评报告出处整理_20260715\解析文本输出_按目录章节_20000token\105_佛山市加合新材料有限公司新建项目_01_报批稿或报告表\105_佛山市加合新材料有限公司新建项目_01_报批稿或报告表.json,,
106_思邦自行车配件（佛山）有限公司改扩建项目_01_受理公告或公示版,PDF,PDF扩展文本预检,待PDF视觉与关键证据抽查,PDF表格、图片、公式和字段归属仍需视觉抽查,0.9887,0.9976,52259,52589,5,,pdf_layout_manual_review,E:\华南理工项目\环评文件汇总\01_GitHub项目与研究文档\eia-openclaw-sync-chen2026\05_QA测试集\人工核查_环评报告出处整理_20260715\环评报告文件_按问答顺序\106_思邦自行车配件（佛山）有限公司改扩建项目_01_受理公告或公示版.pdf,E:\华南理工项目\环评文件汇总\01_GitHub项目与研究文档\eia-openclaw-sync-chen2026\05_QA测试集\人工核查_环评报告出处整理_20260715\解析文本输出_按目录章节_20000token\106_思邦自行车配件（佛山）有限公司改扩建项目_01_受理公告或公示版\106_思邦自行车配件（佛山）有限公司改扩建项目_01_受理公告或公示版.json,,
107_佛山市顺德区凯和电器有限公司迁扩建项目_01_受理公告或公示版,PDF,PDF扩展文本预检,待PDF视觉与关键证据抽查,PDF表格、图片、公式和字段归属仍需视觉抽查,0.9896,1.0,34440,34666,4,,pdf_layout_manual_review,E:\华南理工项目\环评文件汇总\01_GitHub项目与研究文档\eia-openclaw-sync-chen2026\05_QA测试集\人工核查_环评报告出处整理_20260715\环评报告文件_按问答顺序\107_佛山市顺德区凯和电器有限公司迁扩建项目_01_受理公告或公示版.pdf,E:\华南理工项目\环评文件汇总\01_GitHub项目与研究文档\eia-openclaw-sync-chen2026\05_QA测试集\人工核查_环评报告出处整理_20260715\解析文本输出_按目录章节_20000token\107_佛山市顺德区凯和电器有限公司迁扩建项目_01_受理公告或公示版\107_佛山市顺德区凯和电器有限公司迁扩建项目_01_受理公告或公示版.json,,
108_佛山志兴盈包装有限公司新建项目_01_受理公告或公示版,PDF,PDF扩展文本预检,待PDF视觉与关键证据抽查,PDF表格、图片、公式和字段归属仍需视觉抽查,0.9902,1.0,50567,50861,4,,pdf_layout_manual_review,E:\华南理工项目\环评文件汇总\01_GitHub项目与研究文档\eia-openclaw-sync-chen2026\05_QA测试集\人工核查_环评报告出处整理_20260715\环评报告文件_按问答顺序\108_佛山志兴盈包装有限公司新建项目_01_受理公告或公示版.pdf,E:\华南理工项目\环评文件汇总\01_GitHub项目与研究文档\eia-openclaw-sync-chen2026\05_QA测试集\人工核查_环评报告出处整理_20260715\解析文本输出_按目录章节_20000token\108_佛山志兴盈包装有限公司新建项目_01_受理公告或公示版\108_佛山志兴盈包装有限公司新建项目_01_受理公告或公示版.json,,
109_佛山市顺德区昶新塑料制品有限公司搬迁、扩建项目_01_受理公告或公示版,PDF,PDF扩展文本预检,待PDF视觉与关键证据抽查,PDF表格、图片、公式和字段归属仍需视觉抽查,0.9877,1.0,182214,183358,14,,pdf_layout_manual_review,E:\华南理工项目\环评文件汇总\01_GitHub项目与研究文档\eia-openclaw-sync-chen2026\05_QA测试集\人工核查_环评报告出处整理_20260715\环评报告文件_按问答顺序\109_佛山市顺德区昶新塑料制品有限公司搬迁、扩建项目_01_受理公告或公示版.pdf,E:\华南理工项目\环评文件汇总\01_GitHub项目与研究文档\eia-openclaw-sync-chen2026\05_QA测试集\人工核查_环评报告出处整理_20260715\解析文本输出_按目录章节_20000token\109_佛山市顺德区昶新塑料制品有限公司搬迁、扩建项目_01_受理公告或公示版\109_佛山市顺德区昶新塑料制品有限公司搬迁、扩建项目_01_受理公告或公示版.json,,
110_佛山市宇象汇科技有限公司建设项目_01_受理公告或公示版,PDF,PDF扩展文本预检,待PDF视觉与关键证据抽查,PDF表格、图片、公式和字段归属仍需视觉抽查,0.9903,1.0,271191,272880,20,,pdf_layout_manual_review,E:\华南理工项目\环评文件汇总\01_GitHub项目与研究文档\eia-openclaw-sync-chen2026\05_QA测试集\人工核查_环评报告出处整理_20260715\环评报告文件_按问答顺序\110_佛山市宇象汇科技有限公司建设项目_01_受理公告或公示版.pdf,E:\华南理工项目\环评文件汇总\01_GitHub项目与研究文档\eia-openclaw-sync-chen2026\05_QA测试集\人工核查_环评报告出处整理_20260715\解析文本输出_按目录章节_20000token\110_佛山市宇象汇科技有限公司建设项目_01_受理公告或公示版\110_佛山市宇象汇科技有限公司建设项目_01_受理公告或公示版.json,,
111_广东创卓电器有限公司迁扩建项目_01_受理公告或公示版,PDF,PDF扩展文本预检,待PDF视觉与关键证据抽查,PDF表格、图片、公式和字段归属仍需视觉抽查,0.9886,1.0,55115,55587,4,,pdf_layout_manual_review,E:\华南理工项目\环评文件汇总\01_GitHub项目与研究文档\eia-openclaw-sync-chen2026\05_QA测试集\人工核查_环评报告出处整理_20260715\环评报告文件_按问答顺序\111_广东创卓电器有限公司迁扩建项目_01_受理公告或公示版.pdf,E:\华南理工项目\环评文件汇总\01_GitHub项目与研究文档\eia-openclaw-sync-chen2026\05_QA测试集\人工核查_环评报告出处整理_20260715\解析文本输出_按目录章节_20000token\111_广东创卓电器有限公司迁扩建项目_01_受理公告或公示版\111_广东创卓电器有限公司迁扩建项目_01_受理公告或公示版.json,,
112_佛山市顺德区湛宏塑料制品有限公司改扩建项目_01_受理公告或公示版,PDF,PDF扩展文本预检,待PDF视觉与关键证据抽查,PDF表格、图片、公式和字段归属仍需视觉抽查,0.9885,0.9978,71138,71564,7,,pdf_layout_manual_review,E:\华南理工项目\环评文件汇总\01_GitHub项目与研究文档\eia-openclaw-sync-chen2026\05_QA测试集\人工核查_环评报告出处整理_20260715\环评报告文件_按问答顺序\112_佛山市顺德区湛宏塑料制品有限公司改扩建项目_01_受理公告或公示版.pdf,E:\华南理工项目\环评文件汇总\01_GitHub项目与研究文档\eia-openclaw-sync-chen2026\05_QA测试集\人工核查_环评报告出处整理_20260715\解析文本输出_按目录章节_20000token\112_佛山市顺德区湛宏塑料制品有限公司改扩建项目_01_受理公告或公示版\112_佛山市顺德区湛宏塑料制品有限公司改扩建项目_01_受理公告或公示版.json,,
113_佛山市智枞电器制造有限公司扩建项目_01_受理公告或公示版,PDF,PDF扩展文本预检,待PDF视觉与关键证据抽查,PDF表格、图片、公式和字段归属仍需视觉抽查,0.9889,0.997,56398,56769,6,,pdf_layout_manual_review,E:\华南理工项目\环评文件汇总\01_GitHub项目与研究文档\eia-openclaw-sync-chen2026\05_QA测试集\人工核查_环评报告出处整理_20260715\环评报告文件_按问答顺序\113_佛山市智枞电器制造有限公司扩建项目_01_受理公告或公示版.pdf,E:\华南理工项目\环评文件汇总\01_GitHub项目与研究文档\eia-openclaw-sync-chen2026\05_QA测试集\人工核查_环评报告出处整理_20260715\解析文本输出_按目录章节_20000token\113_佛山市智枞电器制造有限公司扩建项目_01_受理公告或公示版\113_佛山市智枞电器制造有限公司扩建项目_01_受理公告或公示版.json,,
114_佛山创顺塑胶有限公司建设项目_01_受理公告或公示版,PDF,PDF扩展文本预检,待PDF视觉与关键证据抽查,PDF表格、图片、公式和字段归属仍需视觉抽查,0.9906,0.9992,45119,45383,5,,pdf_layout_manual_review,E:\华南理工项目\环评文件汇总\01_GitHub项目与研究文档\eia-openclaw-sync-chen2026\05_QA测试集\人工核查_环评报告出处整理_20260715\环评报告文件_按问答顺序\114_佛山创顺塑胶有限公司建设项目_01_受理公告或公示版.pdf,E:\华南理工项目\环评文件汇总\01_GitHub项目与研究文档\eia-openclaw-sync-chen2026\05_QA测试集\人工核查_环评报告出处整理_20260715\解析文本输出_按目录章节_20000token\114_佛山创顺塑胶有限公司建设项目_01_受理公告或公示版\114_佛山创顺塑胶有限公司建设项目_01_受理公告或公示版.json,,
115_佛山市顺德区天玛仕电子有限公司改扩建项目_01_受理公告或公示版,PDF,PDF扩展文本预检,待PDF视觉与关键证据抽查,PDF表格、图片、公式和字段归属仍需视觉抽查,0.9907,0.998,47667,48018,4,,pdf_layout_manual_review,E:\华南理工项目\环评文件汇总\01_GitHub项目与研究文档\eia-openclaw-sync-chen2026\05_QA测试集\人工核查_环评报告出处整理_20260715\环评报告文件_按问答顺序\115_佛山市顺德区天玛仕电子有限公司改扩建项目_01_受理公告或公示版.pdf,E:\华南理工项目\环评文件汇总\01_GitHub项目与研究文档\eia-openclaw-sync-chen2026\05_QA测试集\人工核查_环评报告出处整理_20260715\解析文本输出_按目录章节_20000token\115_佛山市顺德区天玛仕电子有限公司改扩建项目_01_受理公告或公示版\115_佛山市顺德区天玛仕电子有限公司改扩建项目_01_受理公告或公示版.json,,
116_佛山市昇汇包装材料有限公司新建项目_01_受理公告或公示版,PDF,PDF扩展文本预检,待PDF视觉与关键证据抽查,PDF表格、图片、公式和字段归属仍需视觉抽查,0.9907,0.9987,45603,45853,5,,pdf_layout_manual_review,E:\华南理工项目\环评文件汇总\01_GitHub项目与研究文档\eia-openclaw-sync-chen2026\05_QA测试集\人工核查_环评报告出处整理_20260715\环评报告文件_按问答顺序\116_佛山市昇汇包装材料有限公司新建项目_01_受理公告或公示版.pdf,E:\华南理工项目\环评文件汇总\01_GitHub项目与研究文档\eia-openclaw-sync-chen2026\05_QA测试集\人工核查_环评报告出处整理_20260715\解析文本输出_按目录章节_20000token\116_佛山市昇汇包装材料有限公司新建项目_01_受理公告或公示版\116_佛山市昇汇包装材料有限公司新建项目_01_受理公告或公示版.json,,
117_佛山市洲友尚包装材料有限公司新建项目_01_受理公告或公示版,PDF,PDF扩展文本预检,待PDF视觉与关键证据抽查,PDF表格、图片、公式和字段归属仍需视觉抽查,0.9892,0.9987,52539,52869,5,,pdf_layout_manual_review,E:\华南理工项目\环评文件汇总\01_GitHub项目与研究文档\eia-openclaw-sync-chen2026\05_QA测试集\人工核查_环评报告出处整理_20260715\环评报告文件_按问答顺序\117_佛山市洲友尚包装材料有限公司新建项目_01_受理公告或公示版.pdf,E:\华南理工项目\环评文件汇总\01_GitHub项目与研究文档\eia-openclaw-sync-chen2026\05_QA测试集\人工核查_环评报告出处整理_20260715\解析文本输出_按目录章节_20000token\117_佛山市洲友尚包装材料有限公司新建项目_01_受理公告或公示版\117_佛山市洲友尚包装材料有限公司新建项目_01_受理公告或公示版.json,,
118_佛山万美塑料制品有限公司迁扩建项目_01_受理公告或公示版,PDF,PDF扩展文本预检,待PDF视觉与关键证据抽查,PDF表格、图片、公式和字段归属仍需视觉抽查,0.9892,0.9959,56852,57210,5,,pdf_layout_manual_review,E:\华南理工项目\环评文件汇总\01_GitHub项目与研究文档\eia-openclaw-sync-chen2026\05_QA测试集\人工核查_环评报告出处整理_20260715\环评报告文件_按问答顺序\118_佛山万美塑料制品有限公司迁扩建项目_01_受理公告或公示版.pdf,E:\华南理工项目\环评文件汇总\01_GitHub项目与研究文档\eia-openclaw-sync-chen2026\05_QA测试集\人工核查_环评报告出处整理_20260715\解析文本输出_按目录章节_20000token\118_佛山万美塑料制品有限公司迁扩建项目_01_受理公告或公示版\118_佛山万美塑料制品有限公司迁扩建项目_01_受理公告或公示版.json,,
119_佛山市顺德区凯锦电器有限公司新建项目_01_受理公告或公示版,PDF,PDF扩展文本预检,待PDF视觉与关键证据抽查,PDF表格、图片、公式和字段归属仍需视觉抽查,0.989,0.9982,38241,38480,3,,pdf_layout_manual_review,E:\华南理工项目\环评文件汇总\01_GitHub项目与研究文档\eia-openclaw-sync-chen2026\05_QA测试集\人工核查_环评报告出处整理_20260715\环评报告文件_按问答顺序\119_佛山市顺德区凯锦电器有限公司新建项目_01_受理公告或公示版.pdf,E:\华南理工项目\环评文件汇总\01_GitHub项目与研究文档\eia-openclaw-sync-chen2026\05_QA测试集\人工核查_环评报告出处整理_20260715\解析文本输出_按目录章节_20000token\119_佛山市顺德区凯锦电器有限公司新建项目_01_受理公告或公示版\119_佛山市顺德区凯锦电器有限公司新建项目_01_受理公告或公示版.json,,
120_佛山市龙广塑料制品有限公司新建项目_01_受理公告或公示版,PDF,PDF扩展文本预检,待PDF视觉与关键证据抽查,PDF表格、图片、公式和字段归属仍需视觉抽查,0.9911,0.9978,41125,41379,3,,pdf_layout_manual_review,E:\华南理工项目\环评文件汇总\01_GitHub项目与研究文档\eia-openclaw-sync-chen2026\05_QA测试集\人工核查_环评报告出处整理_20260715\环评报告文件_按问答顺序\120_佛山市龙广塑料制品有限公司新建项目_01_受理公告或公示版.pdf,E:\华南理工项目\环评文件汇总\01_GitHub项目与研究文档\eia-openclaw-sync-chen2026\05_QA测试集\人工核查_环评报告出处整理_20260715\解析文本输出_按目录章节_20000token\120_佛山市龙广塑料制品有限公司新建项目_01_受理公告或公示版\120_佛山市龙广塑料制品有限公司新建项目_01_受理公告或公示版.json,,
121_佛山市特美仕电器有限公司迁扩建项目_01_报批稿或报告表,PDF,PDF扩展文本预检,待PDF视觉与关键证据抽查,PDF表格、图片、公式和字段归属仍需视觉抽查,0.9892,0.9969,55629,56000,5,,pdf_layout_manual_review,E:\华南理工项目\环评文件汇总\01_GitHub项目与研究文档\eia-openclaw-sync-chen2026\05_QA测试集\人工核查_环评报告出处整理_20260715\环评报告文件_按问答顺序\121_佛山市特美仕电器有限公司迁扩建项目_01_报批稿或报告表.pdf,E:\华南理工项目\环评文件汇总\01_GitHub项目与研究文档\eia-openclaw-sync-chen2026\05_QA测试集\人工核查_环评报告出处整理_20260715\解析文本输出_按目录章节_20000token\121_佛山市特美仕电器有限公司迁扩建项目_01_报批稿或报告表\121_佛山市特美仕电器有限公司迁扩建项目_01_报批稿或报告表.json,,
122_佛山市广优顺品日用品有限公司新建项目_01_报批稿或报告表,PDF,PDF扩展文本预检,待PDF视觉与关键证据抽查,PDF表格、图片、公式和字段归属仍需视觉抽查,0.9882,0.9986,50941,51454,4,,pdf_layout_manual_review,E:\华南理工项目\环评文件汇总\01_GitHub项目与研究文档\eia-openclaw-sync-chen2026\05_QA测试集\人工核查_环评报告出处整理_20260715\环评报告文件_按问答顺序\122_佛山市广优顺品日用品有限公司新建项目_01_报批稿或报告表.pdf,E:\华南理工项目\环评文件汇总\01_GitHub项目与研究文档\eia-openclaw-sync-chen2026\05_QA测试集\人工核查_环评报告出处整理_20260715\解析文本输出_按目录章节_20000token\122_佛山市广优顺品日用品有限公司新建项目_01_报批稿或报告表\122_佛山市广优顺品日用品有限公司新建项目_01_报批稿或报告表.json,,
123_佛山市邸怡居家居有限公司新建项目_01_受理公告或公示版,PDF,PDF扩展文本预检,待PDF视觉与关键证据抽查,PDF表格、图片、公式和字段归属仍需视觉抽查,0.9907,0.9988,51208,51487,5,,pdf_layout_manual_review,E:\华南理工项目\环评文件汇总\01_GitHub项目与研究文档\eia-openclaw-sync-chen2026\05_QA测试集\人工核查_环评报告出处整理_20260715\环评报告文件_按问答顺序\123_佛山市邸怡居家居有限公司新建项目_01_受理公告或公示版.pdf,E:\华南理工项目\环评文件汇总\01_GitHub项目与研究文档\eia-openclaw-sync-chen2026\05_QA测试集\人工核查_环评报告出处整理_20260715\解析文本输出_按目录章节_20000token\123_佛山市邸怡居家居有限公司新建项目_01_受理公告或公示版\123_佛山市邸怡居家居有限公司新建项目_01_受理公告或公示版.json,,
124_佛山市创灏五金塑料有限公司年产塑料制品1250万件迁改扩建项目_01_受理公告或公示版,PDF,PDF扩展文本预检,待PDF视觉与关键证据抽查,PDF表格、图片、公式和字段归属仍需视觉抽查,0.988,0.9993,54734,55094,4,,pdf_layout_manual_review,E:\华南理工项目\环评文件汇总\01_GitHub项目与研究文档\eia-openclaw-sync-chen2026\05_QA测试集\人工核查_环评报告出处整理_20260715\环评报告文件_按问答顺序\124_佛山市创灏五金塑料有限公司年产塑料制品1250万件迁改扩建项目_01_受理公告或公示版.pdf,E:\华南理工项目\环评文件汇总\01_GitHub项目与研究文档\eia-openclaw-sync-chen2026\05_QA测试集\人工核查_环评报告出处整理_20260715\解析文本输出_按目录章节_20000token\124_佛山市创灏五金塑料有限公司年产塑料制品1250万件迁改扩建项目_01_受理公告或公示版\124_佛山市创灏五金塑料有限公司年产塑料制品1250万件迁改扩建项目_01_受理公告或公示版.json,,
125_佛山市顺德区谦和丰塑料制品厂新建项目_01_受理公告或公示版,PDF,PDF扩展文本预检,待PDF视觉与关键证据抽查,PDF表格、图片、公式和字段归属仍需视觉抽查,0.9913,0.9982,38469,38692,3,,pdf_layout_manual_review,E:\华南理工项目\环评文件汇总\01_GitHub项目与研究文档\eia-openclaw-sync-chen2026\05_QA测试集\人工核查_环评报告出处整理_20260715\环评报告文件_按问答顺序\125_佛山市顺德区谦和丰塑料制品厂新建项目_01_受理公告或公示版.pdf,E:\华南理工项目\环评文件汇总\01_GitHub项目与研究文档\eia-openclaw-sync-chen2026\05_QA测试集\人工核查_环评报告出处整理_20260715\解析文本输出_按目录章节_20000token\125_佛山市顺德区谦和丰塑料制品厂新建项目_01_受理公告或公示版\125_佛山市顺德区谦和丰塑料制品厂新建项目_01_受理公告或公示版.json,,
126_佛山市顺德区谦迅盛塑料制品厂新建项目_01_受理公告或公示版,PDF,PDF扩展文本预检,待PDF视觉与关键证据抽查,PDF表格、图片、公式和字段归属仍需视觉抽查,0.9913,0.9982,38308,38531,3,,pdf_layout_manual_review,E:\华南理工项目\环评文件汇总\01_GitHub项目与研究文档\eia-openclaw-sync-chen2026\05_QA测试集\人工核查_环评报告出处整理_20260715\环评报告文件_按问答顺序\126_佛山市顺德区谦迅盛塑料制品厂新建项目_01_受理公告或公示版.pdf,E:\华南理工项目\环评文件汇总\01_GitHub项目与研究文档\eia-openclaw-sync-chen2026\05_QA测试集\人工核查_环评报告出处整理_20260715\解析文本输出_按目录章节_20000token\126_佛山市顺德区谦迅盛塑料制品厂新建项目_01_受理公告或公示版\126_佛山市顺德区谦迅盛塑料制品厂新建项目_01_受理公告或公示版.json,,
127_广东顺德意达电子薄膜器件有限公司扩建项目_01_受理公告或公示版,PDF,PDF扩展文本预检,待PDF视觉与关键证据抽查,PDF表格、图片、公式和字段归属仍需视觉抽查,0.9884,1.0,70398,70818,5,,pdf_layout_manual_review,E:\华南理工项目\环评文件汇总\01_GitHub项目与研究文档\eia-openclaw-sync-chen2026\05_QA测试集\人工核查_环评报告出处整理_20260715\环评报告文件_按问答顺序\127_广东顺德意达电子薄膜器件有限公司扩建项目_01_受理公告或公示版.pdf,E:\华南理工项目\环评文件汇总\01_GitHub项目与研究文档\eia-openclaw-sync-chen2026\05_QA测试集\人工核查_环评报告出处整理_20260715\解析文本输出_按目录章节_20000token\127_广东顺德意达电子薄膜器件有限公司扩建项目_01_受理公告或公示版\127_广东顺德意达电子薄膜器件有限公司扩建项目_01_受理公告或公示版.json,,
128_佛山市加耐安塑料制品有限公司新建项目_01_受理公告或公示版,PDF,PDF扩展文本预检,待PDF视觉与关键证据抽查,PDF表格、图片、公式和字段归属仍需视觉抽查,0.991,0.9984,64592,64899,6,,pdf_layout_manual_review,E:\华南理工项目\环评文件汇总\01_GitHub项目与研究文档\eia-openclaw-sync-chen2026\05_QA测试集\人工核查_环评报告出处整理_20260715\环评报告文件_按问答顺序\128_佛山市加耐安塑料制品有限公司新建项目_01_受理公告或公示版.pdf,E:\华南理工项目\环评文件汇总\01_GitHub项目与研究文档\eia-openclaw-sync-chen2026\05_QA测试集\人工核查_环评报告出处整理_20260715\解析文本输出_按目录章节_20000token\128_佛山市加耐安塑料制品有限公司新建项目_01_受理公告或公示版\128_佛山市加耐安塑料制品有限公司新建项目_01_受理公告或公示版.json,,
129_佛山市京耘科技有限公司新建项目_01_受理公告或公示版,PDF,PDF扩展文本预检,待PDF视觉与关键证据抽查,PDF表格、图片、公式和字段归属仍需视觉抽查,0.9889,0.9975,41026,41308,3,,pdf_layout_manual_review,E:\华南理工项目\环评文件汇总\01_GitHub项目与研究文档\eia-openclaw-sync-chen2026\05_QA测试集\人工核查_环评报告出处整理_20260715\环评报告文件_按问答顺序\129_佛山市京耘科技有限公司新建项目_01_受理公告或公示版.pdf,E:\华南理工项目\环评文件汇总\01_GitHub项目与研究文档\eia-openclaw-sync-chen2026\05_QA测试集\人工核查_环评报告出处整理_20260715\解析文本输出_按目录章节_20000token\129_佛山市京耘科技有限公司新建项目_01_受理公告或公示版\129_佛山市京耘科技有限公司新建项目_01_受理公告或公示版.json,,
130_佛山市汇铭臻新材料科技有限公司新建项目_01_受理公告或公示版,PDF,PDF扩展文本预检,待PDF视觉与关键证据抽查,PDF表格、图片、公式和字段归属仍需视觉抽查,0.9897,1.0,56386,56712,4,,pdf_layout_manual_review,E:\华南理工项目\环评文件汇总\01_GitHub项目与研究文档\eia-openclaw-sync-chen2026\05_QA测试集\人工核查_环评报告出处整理_20260715\环评报告文件_按问答顺序\130_佛山市汇铭臻新材料科技有限公司新建项目_01_受理公告或公示版.pdf,E:\华南理工项目\环评文件汇总\01_GitHub项目与研究文档\eia-openclaw-sync-chen2026\05_QA测试集\人工核查_环评报告出处整理_20260715\解析文本输出_按目录章节_20000token\130_佛山市汇铭臻新材料科技有限公司新建项目_01_受理公告或公示版\130_佛山市汇铭臻新材料科技有限公司新建项目_01_受理公告或公示版.json,,
131_佛山市千紫珏科技有限公司新建项目_01_受理公告或公示版,PDF,PDF扩展文本预检,待PDF视觉与关键证据抽查,PDF表格、图片、公式和字段归属仍需视觉抽查,0.9901,1.0,56555,56885,4,,pdf_layout_manual_review,E:\华南理工项目\环评文件汇总\01_GitHub项目与研究文档\eia-openclaw-sync-chen2026\05_QA测试集\人工核查_环评报告出处整理_20260715\环评报告文件_按问答顺序\131_佛山市千紫珏科技有限公司新建项目_01_受理公告或公示版.pdf,E:\华南理工项目\环评文件汇总\01_GitHub项目与研究文档\eia-openclaw-sync-chen2026\05_QA测试集\人工核查_环评报告出处整理_20260715\解析文本输出_按目录章节_20000token\131_佛山市千紫珏科技有限公司新建项目_01_受理公告或公示版\131_佛山市千紫珏科技有限公司新建项目_01_受理公告或公示版.json,,
132_佛山市万朗磁塑制品有限公司顺德分公司新建项目_01_报批稿或报告表,PDF,PDF扩展文本预检,待PDF视觉与关键证据抽查,PDF表格、图片、公式和字段归属仍需视觉抽查,0.9905,1.0,52518,52820,5,,pdf_layout_manual_review,E:\华南理工项目\环评文件汇总\01_GitHub项目与研究文档\eia-openclaw-sync-chen2026\05_QA测试集\人工核查_环评报告出处整理_20260715\环评报告文件_按问答顺序\132_佛山市万朗磁塑制品有限公司顺德分公司新建项目_01_报批稿或报告表.pdf,E:\华南理工项目\环评文件汇总\01_GitHub项目与研究文档\eia-openclaw-sync-chen2026\05_QA测试集\人工核查_环评报告出处整理_20260715\解析文本输出_按目录章节_20000token\132_佛山市万朗磁塑制品有限公司顺德分公司新建项目_01_报批稿或报告表\132_佛山市万朗磁塑制品有限公司顺德分公司新建项目_01_报批稿或报告表.json,,
133_佛山市顺德区全华工艺饰品有限公司新建项目_01_报批稿或报告表,PDF,PDF扩展文本预检,待PDF视觉与关键证据抽查,PDF表格、图片、公式和字段归属仍需视觉抽查,0.9901,0.9991,35495,35782,4,,pdf_layout_manual_review,E:\华南理工项目\环评文件汇总\01_GitHub项目与研究文档\eia-openclaw-sync-chen2026\05_QA测试集\人工核查_环评报告出处整理_20260715\环评报告文件_按问答顺序\133_佛山市顺德区全华工艺饰品有限公司新建项目_01_报批稿或报告表.pdf,E:\华南理工项目\环评文件汇总\01_GitHub项目与研究文档\eia-openclaw-sync-chen2026\05_QA测试集\人工核查_环评报告出处整理_20260715\解析文本输出_按目录章节_20000token\133_佛山市顺德区全华工艺饰品有限公司新建项目_01_报批稿或报告表\133_佛山市顺德区全华工艺饰品有限公司新建项目_01_报批稿或报告表.json,,
134_佛山市顺德区大亚湾五金塑料有限公司新建项目_01_受理公告或公示版,PDF,PDF扩展文本预检,待PDF视觉与关键证据抽查,PDF表格、图片、公式和字段归属仍需视觉抽查,0.991,0.9981,34329,34563,3,,pdf_layout_manual_review,E:\华南理工项目\环评文件汇总\01_GitHub项目与研究文档\eia-openclaw-sync-chen2026\05_QA测试集\人工核查_环评报告出处整理_20260715\环评报告文件_按问答顺序\134_佛山市顺德区大亚湾五金塑料有限公司新建项目_01_受理公告或公示版.pdf,E:\华南理工项目\环评文件汇总\01_GitHub项目与研究文档\eia-openclaw-sync-chen2026\05_QA测试集\人工核查_环评报告出处整理_20260715\解析文本输出_按目录章节_20000token\134_佛山市顺德区大亚湾五金塑料有限公司新建项目_01_受理公告或公示版\134_佛山市顺德区大亚湾五金塑料有限公司新建项目_01_受理公告或公示版.json,,
135_佛山市浩创时代包装制品有限公司新建项目_01_受理公告或公示版,PDF,PDF扩展文本预检,待PDF视觉与关键证据抽查,PDF表格、图片、公式和字段归属仍需视觉抽查,0.9884,0.9979,55905,56285,5,,pdf_layout_manual_review,E:\华南理工项目\环评文件汇总\01_GitHub项目与研究文档\eia-openclaw-sync-chen2026\05_QA测试集\人工核查_环评报告出处整理_20260715\环评报告文件_按问答顺序\135_佛山市浩创时代包装制品有限公司新建项目_01_受理公告或公示版.pdf,E:\华南理工项目\环评文件汇总\01_GitHub项目与研究文档\eia-openclaw-sync-chen2026\05_QA测试集\人工核查_环评报告出处整理_20260715\解析文本输出_按目录章节_20000token\135_佛山市浩创时代包装制品有限公司新建项目_01_受理公告或公示版\135_佛山市浩创时代包装制品有限公司新建项目_01_受理公告或公示版.json,,
136_佛山江福英智能设备制造有限公司新建项目_01_受理公告或公示版,PDF,PDF扩展文本预检,待PDF视觉与关键证据抽查,PDF表格、图片、公式和字段归属仍需视觉抽查,0.991,1.0,46825,47096,5,,pdf_layout_manual_review,E:\华南理工项目\环评文件汇总\01_GitHub项目与研究文档\eia-openclaw-sync-chen2026\05_QA测试集\人工核查_环评报告出处整理_20260715\环评报告文件_按问答顺序\136_佛山江福英智能设备制造有限公司新建项目_01_受理公告或公示版.pdf,E:\华南理工项目\环评文件汇总\01_GitHub项目与研究文档\eia-openclaw-sync-chen2026\05_QA测试集\人工核查_环评报告出处整理_20260715\解析文本输出_按目录章节_20000token\136_佛山江福英智能设备制造有限公司新建项目_01_受理公告或公示版\136_佛山江福英智能设备制造有限公司新建项目_01_受理公告或公示版.json,,
137_佛山市顺德区德毅塑料有限公司新建项目_01_受理公告或公示版,PDF,PDF扩展文本预检,待PDF视觉与关键证据抽查,PDF表格、图片、公式和字段归属仍需视觉抽查,0.9878,0.9983,42255,42570,3,,pdf_layout_manual_review,E:\华南理工项目\环评文件汇总\01_GitHub项目与研究文档\eia-openclaw-sync-chen2026\05_QA测试集\人工核查_环评报告出处整理_20260715\环评报告文件_按问答顺序\137_佛山市顺德区德毅塑料有限公司新建项目_01_受理公告或公示版.pdf,E:\华南理工项目\环评文件汇总\01_GitHub项目与研究文档\eia-openclaw-sync-chen2026\05_QA测试集\人工核查_环评报告出处整理_20260715\解析文本输出_按目录章节_20000token\137_佛山市顺德区德毅塑料有限公司新建项目_01_受理公告或公示版\137_佛山市顺德区德毅塑料有限公司新建项目_01_受理公告或公示版.json,,
138_佛山市顺德区派信誉塑料有限公司新建项目_01_受理公告或公示版,PDF,PDF扩展文本预检,待PDF视觉与关键证据抽查,PDF表格、图片、公式和字段归属仍需视觉抽查,0.989,1.0,49203,49539,4,,pdf_layout_manual_review,E:\华南理工项目\环评文件汇总\01_GitHub项目与研究文档\eia-openclaw-sync-chen2026\05_QA测试集\人工核查_环评报告出处整理_20260715\环评报告文件_按问答顺序\138_佛山市顺德区派信誉塑料有限公司新建项目_01_受理公告或公示版.pdf,E:\华南理工项目\环评文件汇总\01_GitHub项目与研究文档\eia-openclaw-sync-chen2026\05_QA测试集\人工核查_环评报告出处整理_20260715\解析文本输出_按目录章节_20000token\138_佛山市顺德区派信誉塑料有限公司新建项目_01_受理公告或公示版\138_佛山市顺德区派信誉塑料有限公司新建项目_01_受理公告或公示版.json,,
139_佛山市诗佳格科技有限公司新建项目_01_受理公告或公示版,PDF,PDF扩展文本预检,待PDF视觉与关键证据抽查,PDF表格、图片、公式和字段归属仍需视觉抽查,0.9916,1.0,50000,50267,5,,pdf_layout_manual_review,E:\华南理工项目\环评文件汇总\01_GitHub项目与研究文档\eia-openclaw-sync-chen2026\05_QA测试集\人工核查_环评报告出处整理_20260715\环评报告文件_按问答顺序\139_佛山市诗佳格科技有限公司新建项目_01_受理公告或公示版.pdf,E:\华南理工项目\环评文件汇总\01_GitHub项目与研究文档\eia-openclaw-sync-chen2026\05_QA测试集\人工核查_环评报告出处整理_20260715\解析文本输出_按目录章节_20000token\139_佛山市诗佳格科技有限公司新建项目_01_受理公告或公示版\139_佛山市诗佳格科技有限公司新建项目_01_受理公告或公示版.json,,
140_佛山市华泷彩科技有限公司新建项目_01_受理公告或公示版,PDF,PDF扩展文本预检,待PDF视觉与关键证据抽查,PDF表格、图片、公式和字段归属仍需视觉抽查,0.9917,1.0,50173,50440,5,,pdf_layout_manual_review,E:\华南理工项目\环评文件汇总\01_GitHub项目与研究文档\eia-openclaw-sync-chen2026\05_QA测试集\人工核查_环评报告出处整理_20260715\环评报告文件_按问答顺序\140_佛山市华泷彩科技有限公司新建项目_01_受理公告或公示版.pdf,E:\华南理工项目\环评文件汇总\01_GitHub项目与研究文档\eia-openclaw-sync-chen2026\05_QA测试集\人工核查_环评报告出处整理_20260715\解析文本输出_按目录章节_20000token\140_佛山市华泷彩科技有限公司新建项目_01_受理公告或公示版\140_佛山市华泷彩科技有限公司新建项目_01_受理公告或公示版.json,,
141_佛山市洲友尚包装材料有限公司新建项目_01_受理公告或公示版,PDF,PDF扩展文本预检,待PDF视觉与关键证据抽查,PDF表格、图片、公式和字段归属仍需视觉抽查,0.9898,1.0,51909,52196,5,,pdf_layout_manual_review,E:\华南理工项目\环评文件汇总\01_GitHub项目与研究文档\eia-openclaw-sync-chen2026\05_QA测试集\人工核查_环评报告出处整理_20260715\环评报告文件_按问答顺序\141_佛山市洲友尚包装材料有限公司新建项目_01_受理公告或公示版.pdf,E:\华南理工项目\环评文件汇总\01_GitHub项目与研究文档\eia-openclaw-sync-chen2026\05_QA测试集\人工核查_环评报告出处整理_20260715\解析文本输出_按目录章节_20000token\141_佛山市洲友尚包装材料有限公司新建项目_01_受理公告或公示版\141_佛山市洲友尚包装材料有限公司新建项目_01_受理公告或公示版.json,,
142_佛山市坤琪玲塑料制品有限公司新建项目_01_受理公告或公示版,PDF,PDF扩展文本预检,待PDF视觉与关键证据抽查,PDF表格、图片、公式和字段归属仍需视觉抽查,0.989,0.9966,45545,45787,4,,pdf_layout_manual_review,E:\华南理工项目\环评文件汇总\01_GitHub项目与研究文档\eia-openclaw-sync-chen2026\05_QA测试集\人工核查_环评报告出处整理_20260715\环评报告文件_按问答顺序\142_佛山市坤琪玲塑料制品有限公司新建项目_01_受理公告或公示版.pdf,E:\华南理工项目\环评文件汇总\01_GitHub项目与研究文档\eia-openclaw-sync-chen2026\05_QA测试集\人工核查_环评报告出处整理_20260715\解析文本输出_按目录章节_20000token\142_佛山市坤琪玲塑料制品有限公司新建项目_01_受理公告或公示版\142_佛山市坤琪玲塑料制品有限公司新建项目_01_受理公告或公示版.json,,
143_佛山市顺德区兴致盛塑料制品有限公司重新报批项目_01_受理公告或公示版,PDF,PDF扩展文本预检,待PDF视觉与关键证据抽查,PDF表格、图片、公式和字段归属仍需视觉抽查,0.9877,0.9979,51132,51522,4,,pdf_layout_manual_review,E:\华南理工项目\环评文件汇总\01_GitHub项目与研究文档\eia-openclaw-sync-chen2026\05_QA测试集\人工核查_环评报告出处整理_20260715\环评报告文件_按问答顺序\143_佛山市顺德区兴致盛塑料制品有限公司重新报批项目_01_受理公告或公示版.pdf,E:\华南理工项目\环评文件汇总\01_GitHub项目与研究文档\eia-openclaw-sync-chen2026\05_QA测试集\人工核查_环评报告出处整理_20260715\解析文本输出_按目录章节_20000token\143_佛山市顺德区兴致盛塑料制品有限公司重新报批项目_01_受理公告或公示版\143_佛山市顺德区兴致盛塑料制品有限公司重新报批项目_01_受理公告或公示版.json,,
144_佛山市顺德区壹德包装印刷有限公司迁扩建项目_01_受理公告或公示版,PDF,PDF扩展文本预检,待PDF视觉与关键证据抽查,PDF表格、图片、公式和字段归属仍需视觉抽查,0.9865,1.0,188572,189898,14,,pdf_layout_manual_review,E:\华南理工项目\环评文件汇总\01_GitHub项目与研究文档\eia-openclaw-sync-chen2026\05_QA测试集\人工核查_环评报告出处整理_20260715\环评报告文件_按问答顺序\144_佛山市顺德区壹德包装印刷有限公司迁扩建项目_01_受理公告或公示版.pdf,E:\华南理工项目\环评文件汇总\01_GitHub项目与研究文档\eia-openclaw-sync-chen2026\05_QA测试集\人工核查_环评报告出处整理_20260715\解析文本输出_按目录章节_20000token\144_佛山市顺德区壹德包装印刷有限公司迁扩建项目_01_受理公告或公示版\144_佛山市顺德区壹德包装印刷有限公司迁扩建项目_01_受理公告或公示版.json,,
145_广东东梓数码新材料有限公司建设项目_01_受理公告或公示版,PDF,PDF扩展文本预检,待PDF视觉与关键证据抽查,PDF表格、图片、公式和字段归属仍需视觉抽查,0.9894,1.0,51092,51387,5,,pdf_layout_manual_review,E:\华南理工项目\环评文件汇总\01_GitHub项目与研究文档\eia-openclaw-sync-chen2026\05_QA测试集\人工核查_环评报告出处整理_20260715\环评报告文件_按问答顺序\145_广东东梓数码新材料有限公司建设项目_01_受理公告或公示版.pdf,E:\华南理工项目\环评文件汇总\01_GitHub项目与研究文档\eia-openclaw-sync-chen2026\05_QA测试集\人工核查_环评报告出处整理_20260715\解析文本输出_按目录章节_20000token\145_广东东梓数码新材料有限公司建设项目_01_受理公告或公示版\145_广东东梓数码新材料有限公司建设项目_01_受理公告或公示版.json,,
146_佛山市顺德区德盈誉智能制造有限公司新建项目_01_受理公告或公示版,PDF,PDF扩展文本预检,待PDF视觉与关键证据抽查,PDF表格、图片、公式和字段归属仍需视觉抽查,0.9912,1.0,51221,51503,5,,pdf_layout_manual_review,E:\华南理工项目\环评文件汇总\01_GitHub项目与研究文档\eia-openclaw-sync-chen2026\05_QA测试集\人工核查_环评报告出处整理_20260715\环评报告文件_按问答顺序\146_佛山市顺德区德盈誉智能制造有限公司新建项目_01_受理公告或公示版.pdf,E:\华南理工项目\环评文件汇总\01_GitHub项目与研究文档\eia-openclaw-sync-chen2026\05_QA测试集\人工核查_环评报告出处整理_20260715\解析文本输出_按目录章节_20000token\146_佛山市顺德区德盈誉智能制造有限公司新建项目_01_受理公告或公示版\146_佛山市顺德区德盈誉智能制造有限公司新建项目_01_受理公告或公示版.json,,
147_佛山市顺德区菱昌精密塑料五金实业有限公司新建项目_01_受理公告或公示版,PDF,PDF扩展文本预检,待PDF视觉与关键证据抽查,PDF表格、图片、公式和字段归属仍需视觉抽查,0.99,1.0,49203,49538,4,,pdf_layout_manual_review,E:\华南理工项目\环评文件汇总\01_GitHub项目与研究文档\eia-openclaw-sync-chen2026\05_QA测试集\人工核查_环评报告出处整理_20260715\环评报告文件_按问答顺序\147_佛山市顺德区菱昌精密塑料五金实业有限公司新建项目_01_受理公告或公示版.pdf,E:\华南理工项目\环评文件汇总\01_GitHub项目与研究文档\eia-openclaw-sync-chen2026\05_QA测试集\人工核查_环评报告出处整理_20260715\解析文本输出_按目录章节_20000token\147_佛山市顺德区菱昌精密塑料五金实业有限公司新建项目_01_受理公告或公示版\147_佛山市顺德区菱昌精密塑料五金实业有限公司新建项目_01_受理公告或公示版.json,,
148_广东创卓电器有限公司迁扩建项目_01_受理公告或公示版,PDF,PDF扩展文本预检,待PDF视觉与关键证据抽查,PDF表格、图片、公式和字段归属仍需视觉抽查,0.9891,1.0,54746,55203,4,,pdf_layout_manual_review,E:\华南理工项目\环评文件汇总\01_GitHub项目与研究文档\eia-openclaw-sync-chen2026\05_QA测试集\人工核查_环评报告出处整理_20260715\环评报告文件_按问答顺序\148_广东创卓电器有限公司迁扩建项目_01_受理公告或公示版.pdf,E:\华南理工项目\环评文件汇总\01_GitHub项目与研究文档\eia-openclaw-sync-chen2026\05_QA测试集\人工核查_环评报告出处整理_20260715\解析文本输出_按目录章节_20000token\148_广东创卓电器有限公司迁扩建项目_01_受理公告或公示版\148_广东创卓电器有限公司迁扩建项目_01_受理公告或公示版.json,,
149_佛山市顺德区建德包装实业有限公司搬迁扩建项目_01_受理公告或公示版,PDF,PDF扩展文本预检,待PDF视觉与关键证据抽查,PDF表格、图片、公式和字段归属仍需视觉抽查,0.9879,1.0,221237,222877,16,,pdf_layout_manual_review,E:\华南理工项目\环评文件汇总\01_GitHub项目与研究文档\eia-openclaw-sync-chen2026\05_QA测试集\人工核查_环评报告出处整理_20260715\环评报告文件_按问答顺序\149_佛山市顺德区建德包装实业有限公司搬迁扩建项目_01_受理公告或公示版.pdf,E:\华南理工项目\环评文件汇总\01_GitHub项目与研究文档\eia-openclaw-sync-chen2026\05_QA测试集\人工核查_环评报告出处整理_20260715\解析文本输出_按目录章节_20000token\149_佛山市顺德区建德包装实业有限公司搬迁扩建项目_01_受理公告或公示版\149_佛山市顺德区建德包装实业有限公司搬迁扩建项目_01_受理公告或公示版.json,,
150_浙江宏昌电器科技股份有限公司佛山分公司新建项目_01_受理公告或公示版,PDF,PDF扩展文本预检,待PDF视觉与关键证据抽查,PDF表格、图片、公式和字段归属仍需视觉抽查,0.9873,0.9986,50256,50661,4,,pdf_layout_manual_review,E:\华南理工项目\环评文件汇总\01_GitHub项目与研究文档\eia-openclaw-sync-chen2026\05_QA测试集\人工核查_环评报告出处整理_20260715\环评报告文件_按问答顺序\150_浙江宏昌电器科技股份有限公司佛山分公司新建项目_01_受理公告或公示版.pdf,E:\华南理工项目\环评文件汇总\01_GitHub项目与研究文档\eia-openclaw-sync-chen2026\05_QA测试集\人工核查_环评报告出处整理_20260715\解析文本输出_按目录章节_20000token\150_浙江宏昌电器科技股份有限公司佛山分公司新建项目_01_受理公告或公示版\150_浙江宏昌电器科技股份有限公司佛山分公司新建项目_01_受理公告或公示版.json,,
151_佛山市智枞电器制造有限公司扩建项目_01_受理公告或公示版,PDF,PDF扩展文本预检,待PDF视觉与关键证据抽查,PDF表格、图片、公式和字段归属仍需视觉抽查,0.9892,0.998,56104,56468,5,,pdf_layout_manual_review,E:\华南理工项目\环评文件汇总\01_GitHub项目与研究文档\eia-openclaw-sync-chen2026\05_QA测试集\人工核查_环评报告出处整理_20260715\环评报告文件_按问答顺序\151_佛山市智枞电器制造有限公司扩建项目_01_受理公告或公示版.pdf,E:\华南理工项目\环评文件汇总\01_GitHub项目与研究文档\eia-openclaw-sync-chen2026\05_QA测试集\人工核查_环评报告出处整理_20260715\解析文本输出_按目录章节_20000token\151_佛山市智枞电器制造有限公司扩建项目_01_受理公告或公示版\151_佛山市智枞电器制造有限公司扩建项目_01_受理公告或公示版.json,,
152_广东图特精密五金科技股份有限公司智能制造基地建设项目重新报_01_受理公告或公示版,PDF,PDF扩展文本预检,待PDF视觉与关键证据抽查,PDF表格、图片、公式和字段归属仍需视觉抽查,0.9874,0.9983,98332,99005,8,,pdf_layout_manual_review,E:\华南理工项目\环评文件汇总\01_GitHub项目与研究文档\eia-openclaw-sync-chen2026\05_QA测试集\人工核查_环评报告出处整理_20260715\环评报告文件_按问答顺序\152_广东图特精密五金科技股份有限公司智能制造基地建设项目重新报_01_受理公告或公示版.pdf,E:\华南理工项目\环评文件汇总\01_GitHub项目与研究文档\eia-openclaw-sync-chen2026\05_QA测试集\人工核查_环评报告出处整理_20260715\解析文本输出_按目录章节_20000token\152_广东图特精密五金科技股份有限公司智能制造基地建设项目重新报_01_受理公告或公示版\152_广东图特精密五金科技股份有限公司智能制造基地建设项目重新报_01_受理公告或公示版.json,,
153_佛山市全海世家新材料科技有限公司新建项目_01_报批稿或报告表,DOCX,DOCX Skill完整自动预检,自动预检通过，待关键证据抽查,未发现自动阻断项,0.9992,1.0,51014,71988,12,,,E:\华南理工项目\环评文件汇总\01_GitHub项目与研究文档\eia-openclaw-sync-chen2026\05_QA测试集\人工核查_环评报告出处整理_20260715\环评报告文件_按问答顺序\153_佛山市全海世家新材料科技有限公司新建项目_01_报批稿或报告表.docx,E:\华南理工项目\环评文件汇总\01_GitHub项目与研究文档\eia-openclaw-sync-chen2026\05_QA测试集\人工核查_环评报告出处整理_20260715\解析文本输出_按目录章节_20000token\153_佛山市全海世家新材料科技有限公司新建项目_01_报批稿或报告表\153_佛山市全海世家新材料科技有限公司新建项目_01_报批稿或报告表.json,,
153_佛山市全海世家新材料科技有限公司新建项目_02_报批稿或报告表,PDF,PDF扩展文本预检,待PDF视觉与关键证据抽查,PDF表格、图片、公式和字段归属仍需视觉抽查,0.988,0.9941,54989,55460,4,,pdf_layout_manual_review,E:\华南理工项目\环评文件汇总\01_GitHub项目与研究文档\eia-openclaw-sync-chen2026\05_QA测试集\人工核查_环评报告出处整理_20260715\环评报告文件_按问答顺序\153_佛山市全海世家新材料科技有限公司新建项目_02_报批稿或报告表.pdf,E:\华南理工项目\环评文件汇总\01_GitHub项目与研究文档\eia-openclaw-sync-chen2026\05_QA测试集\人工核查_环评报告出处整理_20260715\解析文本输出_按目录章节_20000token\153_佛山市全海世家新材料科技有限公司新建项目_02_报批稿或报告表\153_佛山市全海世家新材料科技有限公司新建项目_02_报批稿或报告表.json,,
153_佛山市全海世家新材料科技有限公司新建项目_03_报批稿或报告表,PDF,PDF扩展文本预检,不可用,PDF可提取文本不足，需OCR或逐页视觉核验,0.0,0.0,0,55,1,pdf_text_unavailable;low_body_coverage;low_number_unit_coverage;empty_text_placeholder,pdf_layout_manual_review,E:\华南理工项目\环评文件汇总\01_GitHub项目与研究文档\eia-openclaw-sync-chen2026\05_QA测试集\人工核查_环评报告出处整理_20260715\环评报告文件_按问答顺序\153_佛山市全海世家新材料科技有限公司新建项目_03_报批稿或报告表.pdf,E:\华南理工项目\环评文件汇总\01_GitHub项目与研究文档\eia-openclaw-sync-chen2026\05_QA测试集\人工核查_环评报告出处整理_20260715\解析文本输出_按目录章节_20000token\153_佛山市全海世家新材料科技有限公司新建项目_03_报批稿或报告表\153_佛山市全海世家新材料科技有限公司新建项目_03_报批稿或报告表.json,,
154_佛山辰僖塑料有限公司新建项目_01_报批稿或报告表,DOCX,DOCX Skill完整自动预检,自动预检通过，待关键证据抽查,未发现自动阻断项,0.9993,1.0,60502,88911,14,,,E:\华南理工项目\环评文件汇总\01_GitHub项目与研究文档\eia-openclaw-sync-chen2026\05_QA测试集\人工核查_环评报告出处整理_20260715\环评报告文件_按问答顺序\154_佛山辰僖塑料有限公司新建项目_01_报批稿或报告表.docx,E:\华南理工项目\环评文件汇总\01_GitHub项目与研究文档\eia-openclaw-sync-chen2026\05_QA测试集\人工核查_环评报告出处整理_20260715\解析文本输出_按目录章节_20000token\154_佛山辰僖塑料有限公司新建项目_01_报批稿或报告表\154_佛山辰僖塑料有限公司新建项目_01_报批稿或报告表.json,,
154_佛山辰僖塑料有限公司新建项目_02_报批稿或报告表,PDF,PDF扩展文本预检,待PDF视觉与关键证据抽查,PDF表格、图片、公式和字段归属仍需视觉抽查,0.9911,1.0,61325,61668,6,,pdf_layout_manual_review,E:\华南理工项目\环评文件汇总\01_GitHub项目与研究文档\eia-openclaw-sync-chen2026\05_QA测试集\人工核查_环评报告出处整理_20260715\环评报告文件_按问答顺序\154_佛山辰僖塑料有限公司新建项目_02_报批稿或报告表.pdf,E:\华南理工项目\环评文件汇总\01_GitHub项目与研究文档\eia-openclaw-sync-chen2026\05_QA测试集\人工核查_环评报告出处整理_20260715\解析文本输出_按目录章节_20000token\154_佛山辰僖塑料有限公司新建项目_02_报批稿或报告表\154_佛山辰僖塑料有限公司新建项目_02_报批稿或报告表.json,,
154_佛山辰僖塑料有限公司新建项目_03_报批稿或报告表,DOCX,DOCX Skill完整自动预检,自动预检通过，待关键证据抽查,未发现自动阻断项,1.0,1.0,3834,3882,1,,,E:\华南理工项目\环评文件汇总\01_GitHub项目与研究文档\eia-openclaw-sync-chen2026\05_QA测试集\人工核查_环评报告出处整理_20260715\环评报告文件_按问答顺序\154_佛山辰僖塑料有限公司新建项目_03_报批稿或报告表.docx,E:\华南理工项目\环评文件汇总\01_GitHub项目与研究文档\eia-openclaw-sync-chen2026\05_QA测试集\人工核查_环评报告出处整理_20260715\解析文本输出_按目录章节_20000token\154_佛山辰僖塑料有限公司新建项目_03_报批稿或报告表\154_佛山辰僖塑料有限公司新建项目_03_报批稿或报告表.json,,
154_佛山辰僖塑料有限公司新建项目_04_报批稿或报告表,PDF,PDF扩展文本预检,不可用,PDF可提取文本不足，需OCR或逐页视觉核验,0.0,0.0,0,55,1,pdf_text_unavailable;low_body_coverage;low_number_unit_coverage;empty_text_placeholder,pdf_layout_manual_review,E:\华南理工项目\环评文件汇总\01_GitHub项目与研究文档\eia-openclaw-sync-chen2026\05_QA测试集\人工核查_环评报告出处整理_20260715\环评报告文件_按问答顺序\154_佛山辰僖塑料有限公司新建项目_04_报批稿或报告表.pdf,E:\华南理工项目\环评文件汇总\01_GitHub项目与研究文档\eia-openclaw-sync-chen2026\05_QA测试集\人工核查_环评报告出处整理_20260715\解析文本输出_按目录章节_20000token\154_佛山辰僖塑料有限公司新建项目_04_报批稿或报告表\154_佛山辰僖塑料有限公司新建项目_04_报批稿或报告表.json,,
155_和默化学（佛山）有限公司新建项目_01_报批稿或报告表,DOCX,DOCX Skill完整自动预检,自动预检通过，待关键证据抽查,未发现自动阻断项,0.9991,1.0,59822,87202,14,,,E:\华南理工项目\环评文件汇总\01_GitHub项目与研究文档\eia-openclaw-sync-chen2026\05_QA测试集\人工核查_环评报告出处整理_20260715\环评报告文件_按问答顺序\155_和默化学（佛山）有限公司新建项目_01_报批稿或报告表.docx,E:\华南理工项目\环评文件汇总\01_GitHub项目与研究文档\eia-openclaw-sync-chen2026\05_QA测试集\人工核查_环评报告出处整理_20260715\解析文本输出_按目录章节_20000token\155_和默化学（佛山）有限公司新建项目_01_报批稿或报告表\155_和默化学（佛山）有限公司新建项目_01_报批稿或报告表.json,,
155_和默化学（佛山）有限公司新建项目_02_报批稿或报告表,PDF,PDF扩展文本预检,待PDF视觉与关键证据抽查,PDF表格、图片、公式和字段归属仍需视觉抽查,0.9913,0.9995,59890,60228,6,,pdf_layout_manual_review,E:\华南理工项目\环评文件汇总\01_GitHub项目与研究文档\eia-openclaw-sync-chen2026\05_QA测试集\人工核查_环评报告出处整理_20260715\环评报告文件_按问答顺序\155_和默化学（佛山）有限公司新建项目_02_报批稿或报告表.pdf,E:\华南理工项目\环评文件汇总\01_GitHub项目与研究文档\eia-openclaw-sync-chen2026\05_QA测试集\人工核查_环评报告出处整理_20260715\解析文本输出_按目录章节_20000token\155_和默化学（佛山）有限公司新建项目_02_报批稿或报告表\155_和默化学（佛山）有限公司新建项目_02_报批稿或报告表.json,,
155_和默化学（佛山）有限公司新建项目_03_报批稿或报告表,PDF,PDF扩展文本预检,不可用,PDF可提取文本不足，需OCR或逐页视觉核验,0.0,0.0,0,55,1,pdf_text_unavailable;low_body_coverage;low_number_unit_coverage;empty_text_placeholder,pdf_layout_manual_review,E:\华南理工项目\环评文件汇总\01_GitHub项目与研究文档\eia-openclaw-sync-chen2026\05_QA测试集\人工核查_环评报告出处整理_20260715\环评报告文件_按问答顺序\155_和默化学（佛山）有限公司新建项目_03_报批稿或报告表.pdf,E:\华南理工项目\环评文件汇总\01_GitHub项目与研究文档\eia-openclaw-sync-chen2026\05_QA测试集\人工核查_环评报告出处整理_20260715\解析文本输出_按目录章节_20000token\155_和默化学（佛山）有限公司新建项目_03_报批稿或报告表\155_和默化学（佛山）有限公司新建项目_03_报批稿或报告表.json,,
156_佛山志兴盈包装有限公司新建项目_01_报批稿或报告表,DOCX,DOCX Skill完整自动预检,修复后可用,原文部分正文标题未以完整连续字符串出现，章节顺序需人工确认,0.9987,1.0,50382,70969,10,,source_heading_ambiguity,E:\华南理工项目\环评文件汇总\01_GitHub项目与研究文档\eia-openclaw-sync-chen2026\05_QA测试集\人工核查_环评报告出处整理_20260715\环评报告文件_按问答顺序\156_佛山志兴盈包装有限公司新建项目_01_报批稿或报告表.docx,E:\华南理工项目\环评文件汇总\01_GitHub项目与研究文档\eia-openclaw-sync-chen2026\05_QA测试集\人工核查_环评报告出处整理_20260715\解析文本输出_按目录章节_20000token\156_佛山志兴盈包装有限公司新建项目_01_报批稿或报告表\156_佛山志兴盈包装有限公司新建项目_01_报批稿或报告表.json,,
156_佛山志兴盈包装有限公司新建项目_02_报批稿或报告表,PDF,PDF扩展文本预检,待PDF视觉与关键证据抽查,PDF表格、图片、公式和字段归属仍需视觉抽查,0.9906,1.0,53935,54368,4,,pdf_layout_manual_review,E:\华南理工项目\环评文件汇总\01_GitHub项目与研究文档\eia-openclaw-sync-chen2026\05_QA测试集\人工核查_环评报告出处整理_20260715\环评报告文件_按问答顺序\156_佛山志兴盈包装有限公司新建项目_02_报批稿或报告表.pdf,E:\华南理工项目\环评文件汇总\01_GitHub项目与研究文档\eia-openclaw-sync-chen2026\05_QA测试集\人工核查_环评报告出处整理_20260715\解析文本输出_按目录章节_20000token\156_佛山志兴盈包装有限公司新建项目_02_报批稿或报告表\156_佛山志兴盈包装有限公司新建项目_02_报批稿或报告表.json,,
156_佛山志兴盈包装有限公司新建项目_03_报批稿或报告表,PDF,PDF扩展文本预检,不可用,PDF可提取文本不足，需OCR或逐页视觉核验,0.0,0.0,0,55,1,pdf_text_unavailable;low_body_coverage;low_number_unit_coverage;empty_text_placeholder,pdf_layout_manual_review,E:\华南理工项目\环评文件汇总\01_GitHub项目与研究文档\eia-openclaw-sync-chen2026\05_QA测试集\人工核查_环评报告出处整理_20260715\环评报告文件_按问答顺序\156_佛山志兴盈包装有限公司新建项目_03_报批稿或报告表.pdf,E:\华南理工项目\环评文件汇总\01_GitHub项目与研究文档\eia-openclaw-sync-chen2026\05_QA测试集\人工核查_环评报告出处整理_20260715\解析文本输出_按目录章节_20000token\156_佛山志兴盈包装有限公司新建项目_03_报批稿或报告表\156_佛山志兴盈包装有限公司新建项目_03_报批稿或报告表.json,,
157_佛山市祖帮海绵有限公司新建项目_01_报批稿或报告表,DOCX,DOCX Skill完整自动预检,自动预检通过，待关键证据抽查,未发现自动阻断项,0.9986,1.0,167013,210039,27,,,E:\华南理工项目\环评文件汇总\01_GitHub项目与研究文档\eia-openclaw-sync-chen2026\05_QA测试集\人工核查_环评报告出处整理_20260715\环评报告文件_按问答顺序\157_佛山市祖帮海绵有限公司新建项目_01_报批稿或报告表.docx,E:\华南理工项目\环评文件汇总\01_GitHub项目与研究文档\eia-openclaw-sync-chen2026\05_QA测试集\人工核查_环评报告出处整理_20260715\解析文本输出_按目录章节_20000token\157_佛山市祖帮海绵有限公司新建项目_01_报批稿或报告表\157_佛山市祖帮海绵有限公司新建项目_01_报批稿或报告表.json,,
157_佛山市祖帮海绵有限公司新建项目_02_报批稿或报告表,PDF,PDF扩展文本预检,待PDF视觉与关键证据抽查,PDF表格、图片、公式和字段归属仍需视觉抽查,0.99,1.0,160447,161744,12,,pdf_layout_manual_review,E:\华南理工项目\环评文件汇总\01_GitHub项目与研究文档\eia-openclaw-sync-chen2026\05_QA测试集\人工核查_环评报告出处整理_20260715\环评报告文件_按问答顺序\157_佛山市祖帮海绵有限公司新建项目_02_报批稿或报告表.pdf,E:\华南理工项目\环评文件汇总\01_GitHub项目与研究文档\eia-openclaw-sync-chen2026\05_QA测试集\人工核查_环评报告出处整理_20260715\解析文本输出_按目录章节_20000token\157_佛山市祖帮海绵有限公司新建项目_02_报批稿或报告表\157_佛山市祖帮海绵有限公司新建项目_02_报批稿或报告表.json,,
157_佛山市祖帮海绵有限公司新建项目_03_报批稿或报告表,PDF,PDF扩展文本预检,不可用,PDF可提取文本不足，需OCR或逐页视觉核验,0.0,0.0,0,55,1,pdf_text_unavailable;low_body_coverage;low_number_unit_coverage;empty_text_placeholder,pdf_layout_manual_review,E:\华南理工项目\环评文件汇总\01_GitHub项目与研究文档\eia-openclaw-sync-chen2026\05_QA测试集\人工核查_环评报告出处整理_20260715\环评报告文件_按问答顺序\157_佛山市祖帮海绵有限公司新建项目_03_报批稿或报告表.pdf,E:\华南理工项目\环评文件汇总\01_GitHub项目与研究文档\eia-openclaw-sync-chen2026\05_QA测试集\人工核查_环评报告出处整理_20260715\解析文本输出_按目录章节_20000token\157_佛山市祖帮海绵有限公司新建项目_03_报批稿或报告表\157_佛山市祖帮海绵有限公司新建项目_03_报批稿或报告表.json,,
158_佛山市彩川合成材料有限公司新建项目_01_报批稿或报告表,DOCX,DOCX Skill完整自动预检,自动预检通过，待关键证据抽查,未发现自动阻断项,1.0,1.0,2448,2501,1,,,E:\华南理工项目\环评文件汇总\01_GitHub项目与研究文档\eia-openclaw-sync-chen2026\05_QA测试集\人工核查_环评报告出处整理_20260715\环评报告文件_按问答顺序\158_佛山市彩川合成材料有限公司新建项目_01_报批稿或报告表.docx,E:\华南理工项目\环评文件汇总\01_GitHub项目与研究文档\eia-openclaw-sync-chen2026\05_QA测试集\人工核查_环评报告出处整理_20260715\解析文本输出_按目录章节_20000token\158_佛山市彩川合成材料有限公司新建项目_01_报批稿或报告表\158_佛山市彩川合成材料有限公司新建项目_01_报批稿或报告表.json,,
158_佛山市彩川合成材料有限公司新建项目_02_报批稿或报告表,PDF,PDF扩展文本预检,待PDF视觉与关键证据抽查,PDF表格、图片、公式和字段归属仍需视觉抽查,0.9914,1.0,69759,70127,6,,pdf_layout_manual_review,E:\华南理工项目\环评文件汇总\01_GitHub项目与研究文档\eia-openclaw-sync-chen2026\05_QA测试集\人工核查_环评报告出处整理_20260715\环评报告文件_按问答顺序\158_佛山市彩川合成材料有限公司新建项目_02_报批稿或报告表.pdf,E:\华南理工项目\环评文件汇总\01_GitHub项目与研究文档\eia-openclaw-sync-chen2026\05_QA测试集\人工核查_环评报告出处整理_20260715\解析文本输出_按目录章节_20000token\158_佛山市彩川合成材料有限公司新建项目_02_报批稿或报告表\158_佛山市彩川合成材料有限公司新建项目_02_报批稿或报告表.json,,
158_佛山市彩川合成材料有限公司新建项目_03_报批稿或报告表,PDF,PDF扩展文本预检,不可用,PDF可提取文本不足，需OCR或逐页视觉核验,0.0,0.0,0,55,1,pdf_text_unavailable;low_body_coverage;low_number_unit_coverage;empty_text_placeholder,pdf_layout_manual_review,E:\华南理工项目\环评文件汇总\01_GitHub项目与研究文档\eia-openclaw-sync-chen2026\05_QA测试集\人工核查_环评报告出处整理_20260715\环评报告文件_按问答顺序\158_佛山市彩川合成材料有限公司新建项目_03_报批稿或报告表.pdf,E:\华南理工项目\环评文件汇总\01_GitHub项目与研究文档\eia-openclaw-sync-chen2026\05_QA测试集\人工核查_环评报告出处整理_20260715\解析文本输出_按目录章节_20000token\158_佛山市彩川合成材料有限公司新建项目_03_报批稿或报告表\158_佛山市彩川合成材料有限公司新建项目_03_报批稿或报告表.json,,
159_佛山市顺德区智成塑包装有限公司新建项目_01_报批稿或报告表,DOCX,DOCX Skill完整自动预检,自动预检通过，待关键证据抽查,未发现自动阻断项,0.9991,1.0,53086,76379,13,,,E:\华南理工项目\环评文件汇总\01_GitHub项目与研究文档\eia-openclaw-sync-chen2026\05_QA测试集\人工核查_环评报告出处整理_20260715\环评报告文件_按问答顺序\159_佛山市顺德区智成塑包装有限公司新建项目_01_报批稿或报告表.docx,E:\华南理工项目\环评文件汇总\01_GitHub项目与研究文档\eia-openclaw-sync-chen2026\05_QA测试集\人工核查_环评报告出处整理_20260715\解析文本输出_按目录章节_20000token\159_佛山市顺德区智成塑包装有限公司新建项目_01_报批稿或报告表\159_佛山市顺德区智成塑包装有限公司新建项目_01_报批稿或报告表.json,,
159_佛山市顺德区智成塑包装有限公司新建项目_02_报批稿或报告表,PDF,PDF扩展文本预检,待PDF视觉与关键证据抽查,PDF表格、图片、公式和字段归属仍需视觉抽查,0.9886,0.9971,53034,53380,5,,pdf_layout_manual_review,E:\华南理工项目\环评文件汇总\01_GitHub项目与研究文档\eia-openclaw-sync-chen2026\05_QA测试集\人工核查_环评报告出处整理_20260715\环评报告文件_按问答顺序\159_佛山市顺德区智成塑包装有限公司新建项目_02_报批稿或报告表.pdf,E:\华南理工项目\环评文件汇总\01_GitHub项目与研究文档\eia-openclaw-sync-chen2026\05_QA测试集\人工核查_环评报告出处整理_20260715\解析文本输出_按目录章节_20000token\159_佛山市顺德区智成塑包装有限公司新建项目_02_报批稿或报告表\159_佛山市顺德区智成塑包装有限公司新建项目_02_报批稿或报告表.json,,
159_佛山市顺德区智成塑包装有限公司新建项目_03_报批稿或报告表,PDF,PDF扩展文本预检,待PDF视觉与关键证据抽查,PDF表格、图片、公式和字段归属仍需视觉抽查,0.988,1.0,2060,2072,1,,pdf_layout_manual_review,E:\华南理工项目\环评文件汇总\01_GitHub项目与研究文档\eia-openclaw-sync-chen2026\05_QA测试集\人工核查_环评报告出处整理_20260715\环评报告文件_按问答顺序\159_佛山市顺德区智成塑包装有限公司新建项目_03_报批稿或报告表.pdf,E:\华南理工项目\环评文件汇总\01_GitHub项目与研究文档\eia-openclaw-sync-chen2026\05_QA测试集\人工核查_环评报告出处整理_20260715\解析文本输出_按目录章节_20000token\159_佛山市顺德区智成塑包装有限公司新建项目_03_报批稿或报告表\159_佛山市顺德区智成塑包装有限公司新建项目_03_报批稿或报告表.json,,
160_鹏彩科技（佛山市）有限公司新建项目_01_报批稿或报告表,DOCX,DOCX Skill完整自动预检,自动预检通过，待关键证据抽查,未发现自动阻断项,0.9966,0.9971,71592,104743,16,,,E:\华南理工项目\环评文件汇总\01_GitHub项目与研究文档\eia-openclaw-sync-chen2026\05_QA测试集\人工核查_环评报告出处整理_20260715\环评报告文件_按问答顺序\160_鹏彩科技（佛山市）有限公司新建项目_01_报批稿或报告表.docx,E:\华南理工项目\环评文件汇总\01_GitHub项目与研究文档\eia-openclaw-sync-chen2026\05_QA测试集\人工核查_环评报告出处整理_20260715\解析文本输出_按目录章节_20000token\160_鹏彩科技（佛山市）有限公司新建项目_01_报批稿或报告表\160_鹏彩科技（佛山市）有限公司新建项目_01_报批稿或报告表.json,,
160_鹏彩科技（佛山市）有限公司新建项目_02_报批稿或报告表,PDF,PDF扩展文本预检,待PDF视觉与关键证据抽查,PDF表格、图片、公式和字段归属仍需视觉抽查,0.9899,0.999,71937,72391,7,,pdf_layout_manual_review,E:\华南理工项目\环评文件汇总\01_GitHub项目与研究文档\eia-openclaw-sync-chen2026\05_QA测试集\人工核查_环评报告出处整理_20260715\环评报告文件_按问答顺序\160_鹏彩科技（佛山市）有限公司新建项目_02_报批稿或报告表.pdf,E:\华南理工项目\环评文件汇总\01_GitHub项目与研究文档\eia-openclaw-sync-chen2026\05_QA测试集\人工核查_环评报告出处整理_20260715\解析文本输出_按目录章节_20000token\160_鹏彩科技（佛山市）有限公司新建项目_02_报批稿或报告表\160_鹏彩科技（佛山市）有限公司新建项目_02_报批稿或报告表.json,,
160_鹏彩科技（佛山市）有限公司新建项目_03_报批稿或报告表,PDF,PDF扩展文本预检,不可用,PDF可提取文本不足，需OCR或逐页视觉核验,0.0,0.0,0,55,1,pdf_text_unavailable;low_body_coverage;low_number_unit_coverage;empty_text_placeholder,pdf_layout_manual_review,E:\华南理工项目\环评文件汇总\01_GitHub项目与研究文档\eia-openclaw-sync-chen2026\05_QA测试集\人工核查_环评报告出处整理_20260715\环评报告文件_按问答顺序\160_鹏彩科技（佛山市）有限公司新建项目_03_报批稿或报告表.pdf,E:\华南理工项目\环评文件汇总\01_GitHub项目与研究文档\eia-openclaw-sync-chen2026\05_QA测试集\人工核查_环评报告出处整理_20260715\解析文本输出_按目录章节_20000token\160_鹏彩科技（佛山市）有限公司新建项目_03_报批稿或报告表\160_鹏彩科技（佛山市）有限公司新建项目_03_报批稿或报告表.json,,
161_广东顺德意达电子薄膜器件有限公司新建项目_01_报批稿或报告表,DOC,DOC转DOCX副本后Skill预检,自动预检通过，待关键证据抽查,未发现自动阻断项,0.9988,1.0,50659,69545,11,,,E:\华南理工项目\环评文件汇总\01_GitHub项目与研究文档\eia-openclaw-sync-chen2026\05_QA测试集\人工核查_环评报告出处整理_20260715\环评报告文件_按问答顺序\161_广东顺德意达电子薄膜器件有限公司新建项目_01_报批稿或报告表.doc,E:\华南理工项目\环评文件汇总\01_GitHub项目与研究文档\eia-openclaw-sync-chen2026\05_QA测试集\人工核查_环评报告出处整理_20260715\解析文本输出_按目录章节_20000token\161_广东顺德意达电子薄膜器件有限公司新建项目_01_报批稿或报告表\161_广东顺德意达电子薄膜器件有限公司新建项目_01_报批稿或报告表.json,,
161_广东顺德意达电子薄膜器件有限公司新建项目_02_报批稿或报告表,PDF,PDF扩展文本预检,待PDF视觉与关键证据抽查,PDF表格、图片、公式和字段归属仍需视觉抽查,0.9886,1.0,53099,53580,4,,pdf_layout_manual_review,E:\华南理工项目\环评文件汇总\01_GitHub项目与研究文档\eia-openclaw-sync-chen2026\05_QA测试集\人工核查_环评报告出处整理_20260715\环评报告文件_按问答顺序\161_广东顺德意达电子薄膜器件有限公司新建项目_02_报批稿或报告表.pdf,E:\华南理工项目\环评文件汇总\01_GitHub项目与研究文档\eia-openclaw-sync-chen2026\05_QA测试集\人工核查_环评报告出处整理_20260715\解析文本输出_按目录章节_20000token\161_广东顺德意达电子薄膜器件有限公司新建项目_02_报批稿或报告表\161_广东顺德意达电子薄膜器件有限公司新建项目_02_报批稿或报告表.json,,
161_广东顺德意达电子薄膜器件有限公司新建项目_03_报批稿或报告表,PDF,PDF扩展文本预检,待PDF视觉与关键证据抽查,PDF表格、图片、公式和字段归属仍需视觉抽查,0.9869,1.0,1902,1917,1,,pdf_layout_manual_review,E:\华南理工项目\环评文件汇总\01_GitHub项目与研究文档\eia-openclaw-sync-chen2026\05_QA测试集\人工核查_环评报告出处整理_20260715\环评报告文件_按问答顺序\161_广东顺德意达电子薄膜器件有限公司新建项目_03_报批稿或报告表.pdf,E:\华南理工项目\环评文件汇总\01_GitHub项目与研究文档\eia-openclaw-sync-chen2026\05_QA测试集\人工核查_环评报告出处整理_20260715\解析文本输出_按目录章节_20000token\161_广东顺德意达电子薄膜器件有限公司新建项目_03_报批稿或报告表\161_广东顺德意达电子薄膜器件有限公司新建项目_03_报批稿或报告表.json,,
162_鹏彩科技（佛山市）有限公司新建项目_01_报批稿或报告表,DOCX,DOCX Skill完整自动预检,自动预检通过，待关键证据抽查,未发现自动阻断项,0.9966,0.9971,71592,104743,16,,,E:\华南理工项目\环评文件汇总\01_GitHub项目与研究文档\eia-openclaw-sync-chen2026\05_QA测试集\人工核查_环评报告出处整理_20260715\环评报告文件_按问答顺序\162_鹏彩科技（佛山市）有限公司新建项目_01_报批稿或报告表.docx,E:\华南理工项目\环评文件汇总\01_GitHub项目与研究文档\eia-openclaw-sync-chen2026\05_QA测试集\人工核查_环评报告出处整理_20260715\解析文本输出_按目录章节_20000token\162_鹏彩科技（佛山市）有限公司新建项目_01_报批稿或报告表\162_鹏彩科技（佛山市）有限公司新建项目_01_报批稿或报告表.json,,
162_鹏彩科技（佛山市）有限公司新建项目_02_受理公告或公示版,PDF,PDF扩展文本预检,待PDF视觉与关键证据抽查,PDF表格、图片、公式和字段归属仍需视觉抽查,0.9899,0.999,71937,72391,7,,pdf_layout_manual_review,E:\华南理工项目\环评文件汇总\01_GitHub项目与研究文档\eia-openclaw-sync-chen2026\05_QA测试集\人工核查_环评报告出处整理_20260715\环评报告文件_按问答顺序\162_鹏彩科技（佛山市）有限公司新建项目_02_受理公告或公示版.pdf,E:\华南理工项目\环评文件汇总\01_GitHub项目与研究文档\eia-openclaw-sync-chen2026\05_QA测试集\人工核查_环评报告出处整理_20260715\解析文本输出_按目录章节_20000token\162_鹏彩科技（佛山市）有限公司新建项目_02_受理公告或公示版\162_鹏彩科技（佛山市）有限公司新建项目_02_受理公告或公示版.json,,
162_鹏彩科技（佛山市）有限公司新建项目_03_修改评估意见,PDF,PDF扩展文本预检,不可用,PDF可提取文本不足，需OCR或逐页视觉核验,0.0,0.0,0,55,1,pdf_text_unavailable;low_body_coverage;low_number_unit_coverage;empty_text_placeholder,pdf_layout_manual_review,E:\华南理工项目\环评文件汇总\01_GitHub项目与研究文档\eia-openclaw-sync-chen2026\05_QA测试集\人工核查_环评报告出处整理_20260715\环评报告文件_按问答顺序\162_鹏彩科技（佛山市）有限公司新建项目_03_修改评估意见.pdf,E:\华南理工项目\环评文件汇总\01_GitHub项目与研究文档\eia-openclaw-sync-chen2026\05_QA测试集\人工核查_环评报告出处整理_20260715\解析文本输出_按目录章节_20000token\162_鹏彩科技（佛山市）有限公司新建项目_03_修改评估意见\162_鹏彩科技（佛山市）有限公司新建项目_03_修改评估意见.json,,
163_佛山志兴盈包装有限公司新建项目_01_报批稿或报告表,DOCX,DOCX Skill完整自动预检,修复后可用,原文部分正文标题未以完整连续字符串出现，章节顺序需人工确认,0.9987,1.0,50382,70969,10,,source_heading_ambiguity,E:\华南理工项目\环评文件汇总\01_GitHub项目与研究文档\eia-openclaw-sync-chen2026\05_QA测试集\人工核查_环评报告出处整理_20260715\环评报告文件_按问答顺序\163_佛山志兴盈包装有限公司新建项目_01_报批稿或报告表.docx,E:\华南理工项目\环评文件汇总\01_GitHub项目与研究文档\eia-openclaw-sync-chen2026\05_QA测试集\人工核查_环评报告出处整理_20260715\解析文本输出_按目录章节_20000token\163_佛山志兴盈包装有限公司新建项目_01_报批稿或报告表\163_佛山志兴盈包装有限公司新建项目_01_报批稿或报告表.json,,
163_佛山志兴盈包装有限公司新建项目_02_受理公告或公示版,PDF,PDF扩展文本预检,待PDF视觉与关键证据抽查,PDF表格、图片、公式和字段归属仍需视觉抽查,0.9906,1.0,53935,54368,4,,pdf_layout_manual_review,E:\华南理工项目\环评文件汇总\01_GitHub项目与研究文档\eia-openclaw-sync-chen2026\05_QA测试集\人工核查_环评报告出处整理_20260715\环评报告文件_按问答顺序\163_佛山志兴盈包装有限公司新建项目_02_受理公告或公示版.pdf,E:\华南理工项目\环评文件汇总\01_GitHub项目与研究文档\eia-openclaw-sync-chen2026\05_QA测试集\人工核查_环评报告出处整理_20260715\解析文本输出_按目录章节_20000token\163_佛山志兴盈包装有限公司新建项目_02_受理公告或公示版\163_佛山志兴盈包装有限公司新建项目_02_受理公告或公示版.json,,
163_佛山志兴盈包装有限公司新建项目_03_修改评估意见,PDF,PDF扩展文本预检,不可用,PDF可提取文本不足，需OCR或逐页视觉核验,0.0,0.0,0,55,1,pdf_text_unavailable;low_body_coverage;low_number_unit_coverage;empty_text_placeholder,pdf_layout_manual_review,E:\华南理工项目\环评文件汇总\01_GitHub项目与研究文档\eia-openclaw-sync-chen2026\05_QA测试集\人工核查_环评报告出处整理_20260715\环评报告文件_按问答顺序\163_佛山志兴盈包装有限公司新建项目_03_修改评估意见.pdf,E:\华南理工项目\环评文件汇总\01_GitHub项目与研究文档\eia-openclaw-sync-chen2026\05_QA测试集\人工核查_环评报告出处整理_20260715\解析文本输出_按目录章节_20000token\163_佛山志兴盈包装有限公司新建项目_03_修改评估意见\163_佛山志兴盈包装有限公司新建项目_03_修改评估意见.json,,
164_佛山市祖帮海绵有限公司新建项目_01_报批稿或报告表,DOCX,DOCX Skill完整自动预检,自动预检通过，待关键证据抽查,未发现自动阻断项,0.9986,1.0,167013,210039,27,,,E:\华南理工项目\环评文件汇总\01_GitHub项目与研究文档\eia-openclaw-sync-chen2026\05_QA测试集\人工核查_环评报告出处整理_20260715\环评报告文件_按问答顺序\164_佛山市祖帮海绵有限公司新建项目_01_报批稿或报告表.docx,E:\华南理工项目\环评文件汇总\01_GitHub项目与研究文档\eia-openclaw-sync-chen2026\05_QA测试集\人工核查_环评报告出处整理_20260715\解析文本输出_按目录章节_20000token\164_佛山市祖帮海绵有限公司新建项目_01_报批稿或报告表\164_佛山市祖帮海绵有限公司新建项目_01_报批稿或报告表.json,,
164_佛山市祖帮海绵有限公司新建项目_02_受理公告或公示版,PDF,PDF扩展文本预检,待PDF视觉与关键证据抽查,PDF表格、图片、公式和字段归属仍需视觉抽查,0.99,1.0,160447,161744,12,,pdf_layout_manual_review,E:\华南理工项目\环评文件汇总\01_GitHub项目与研究文档\eia-openclaw-sync-chen2026\05_QA测试集\人工核查_环评报告出处整理_20260715\环评报告文件_按问答顺序\164_佛山市祖帮海绵有限公司新建项目_02_受理公告或公示版.pdf,E:\华南理工项目\环评文件汇总\01_GitHub项目与研究文档\eia-openclaw-sync-chen2026\05_QA测试集\人工核查_环评报告出处整理_20260715\解析文本输出_按目录章节_20000token\164_佛山市祖帮海绵有限公司新建项目_02_受理公告或公示版\164_佛山市祖帮海绵有限公司新建项目_02_受理公告或公示版.json,,
164_佛山市祖帮海绵有限公司新建项目_03_修改评估意见,PDF,PDF扩展文本预检,不可用,PDF可提取文本不足，需OCR或逐页视觉核验,0.0,0.0,0,55,1,pdf_text_unavailable;low_body_coverage;low_number_unit_coverage;empty_text_placeholder,pdf_layout_manual_review,E:\华南理工项目\环评文件汇总\01_GitHub项目与研究文档\eia-openclaw-sync-chen2026\05_QA测试集\人工核查_环评报告出处整理_20260715\环评报告文件_按问答顺序\164_佛山市祖帮海绵有限公司新建项目_03_修改评估意见.pdf,E:\华南理工项目\环评文件汇总\01_GitHub项目与研究文档\eia-openclaw-sync-chen2026\05_QA测试集\人工核查_环评报告出处整理_20260715\解析文本输出_按目录章节_20000token\164_佛山市祖帮海绵有限公司新建项目_03_修改评估意见\164_佛山市祖帮海绵有限公司新建项目_03_修改评估意见.json,,
165_和默化学（佛山）有限公司新建项目_01_报批稿或报告表,DOCX,DOCX Skill完整自动预检,自动预检通过，待关键证据抽查,未发现自动阻断项,0.9991,1.0,59822,87202,14,,,E:\华南理工项目\环评文件汇总\01_GitHub项目与研究文档\eia-openclaw-sync-chen2026\05_QA测试集\人工核查_环评报告出处整理_20260715\环评报告文件_按问答顺序\165_和默化学（佛山）有限公司新建项目_01_报批稿或报告表.docx,E:\华南理工项目\环评文件汇总\01_GitHub项目与研究文档\eia-openclaw-sync-chen2026\05_QA测试集\人工核查_环评报告出处整理_20260715\解析文本输出_按目录章节_20000token\165_和默化学（佛山）有限公司新建项目_01_报批稿或报告表\165_和默化学（佛山）有限公司新建项目_01_报批稿或报告表.json,,
165_和默化学（佛山）有限公司新建项目_02_受理公告或公示版,PDF,PDF扩展文本预检,待PDF视觉与关键证据抽查,PDF表格、图片、公式和字段归属仍需视觉抽查,0.9913,0.9995,59890,60228,6,,pdf_layout_manual_review,E:\华南理工项目\环评文件汇总\01_GitHub项目与研究文档\eia-openclaw-sync-chen2026\05_QA测试集\人工核查_环评报告出处整理_20260715\环评报告文件_按问答顺序\165_和默化学（佛山）有限公司新建项目_02_受理公告或公示版.pdf,E:\华南理工项目\环评文件汇总\01_GitHub项目与研究文档\eia-openclaw-sync-chen2026\05_QA测试集\人工核查_环评报告出处整理_20260715\解析文本输出_按目录章节_20000token\165_和默化学（佛山）有限公司新建项目_02_受理公告或公示版\165_和默化学（佛山）有限公司新建项目_02_受理公告或公示版.json,,
165_和默化学（佛山）有限公司新建项目_03_修改评估意见,PDF,PDF扩展文本预检,不可用,PDF可提取文本不足，需OCR或逐页视觉核验,0.0,0.0,0,55,1,pdf_text_unavailable;low_body_coverage;low_number_unit_coverage;empty_text_placeholder,pdf_layout_manual_review,E:\华南理工项目\环评文件汇总\01_GitHub项目与研究文档\eia-openclaw-sync-chen2026\05_QA测试集\人工核查_环评报告出处整理_20260715\环评报告文件_按问答顺序\165_和默化学（佛山）有限公司新建项目_03_修改评估意见.pdf,E:\华南理工项目\环评文件汇总\01_GitHub项目与研究文档\eia-openclaw-sync-chen2026\05_QA测试集\人工核查_环评报告出处整理_20260715\解析文本输出_按目录章节_20000token\165_和默化学（佛山）有限公司新建项目_03_修改评估意见\165_和默化学（佛山）有限公司新建项目_03_修改评估意见.json,,
166_佛山气盾新材料有限公司新建项目_01_报批稿或报告表,DOCX,DOCX Skill完整自动预检,自动预检通过，待关键证据抽查,未发现自动阻断项,0.9987,1.0,41161,58505,10,,,E:\华南理工项目\环评文件汇总\01_GitHub项目与研究文档\eia-openclaw-sync-chen2026\05_QA测试集\人工核查_环评报告出处整理_20260715\环评报告文件_按问答顺序\166_佛山气盾新材料有限公司新建项目_01_报批稿或报告表.docx,E:\华南理工项目\环评文件汇总\01_GitHub项目与研究文档\eia-openclaw-sync-chen2026\05_QA测试集\人工核查_环评报告出处整理_20260715\解析文本输出_按目录章节_20000token\166_佛山气盾新材料有限公司新建项目_01_报批稿或报告表\166_佛山气盾新材料有限公司新建项目_01_报批稿或报告表.json,,
166_佛山气盾新材料有限公司新建项目_02_受理公告或公示版,PDF,PDF扩展文本预检,待PDF视觉与关键证据抽查,PDF表格、图片、公式和字段归属仍需视觉抽查,0.9895,0.9976,41595,41862,4,,pdf_layout_manual_review,E:\华南理工项目\环评文件汇总\01_GitHub项目与研究文档\eia-openclaw-sync-chen2026\05_QA测试集\人工核查_环评报告出处整理_20260715\环评报告文件_按问答顺序\166_佛山气盾新材料有限公司新建项目_02_受理公告或公示版.pdf,E:\华南理工项目\环评文件汇总\01_GitHub项目与研究文档\eia-openclaw-sync-chen2026\05_QA测试集\人工核查_环评报告出处整理_20260715\解析文本输出_按目录章节_20000token\166_佛山气盾新材料有限公司新建项目_02_受理公告或公示版\166_佛山气盾新材料有限公司新建项目_02_受理公告或公示版.json,,
166_佛山气盾新材料有限公司新建项目_03_修改评估意见,PDF,PDF扩展文本预检,不可用,PDF可提取文本不足，需OCR或逐页视觉核验,0.0,0.0,0,55,1,pdf_text_unavailable;low_body_coverage;low_number_unit_coverage;empty_text_placeholder,pdf_layout_manual_review,E:\华南理工项目\环评文件汇总\01_GitHub项目与研究文档\eia-openclaw-sync-chen2026\05_QA测试集\人工核查_环评报告出处整理_20260715\环评报告文件_按问答顺序\166_佛山气盾新材料有限公司新建项目_03_修改评估意见.pdf,E:\华南理工项目\环评文件汇总\01_GitHub项目与研究文档\eia-openclaw-sync-chen2026\05_QA测试集\人工核查_环评报告出处整理_20260715\解析文本输出_按目录章节_20000token\166_佛山气盾新材料有限公司新建项目_03_修改评估意见\166_佛山气盾新材料有限公司新建项目_03_修改评估意见.json,,
167_佛山市彩川合成材料有限公司新建项目_01_受理公告或公示版,PDF,PDF扩展文本预检,待PDF视觉与关键证据抽查,PDF表格、图片、公式和字段归属仍需视觉抽查,0.9914,1.0,69759,70127,6,,pdf_layout_manual_review,E:\华南理工项目\环评文件汇总\01_GitHub项目与研究文档\eia-openclaw-sync-chen2026\05_QA测试集\人工核查_环评报告出处整理_20260715\环评报告文件_按问答顺序\167_佛山市彩川合成材料有限公司新建项目_01_受理公告或公示版.pdf,E:\华南理工项目\环评文件汇总\01_GitHub项目与研究文档\eia-openclaw-sync-chen2026\05_QA测试集\人工核查_环评报告出处整理_20260715\解析文本输出_按目录章节_20000token\167_佛山市彩川合成材料有限公司新建项目_01_受理公告或公示版\167_佛山市彩川合成材料有限公司新建项目_01_受理公告或公示版.json,,
167_佛山市彩川合成材料有限公司新建项目_02_修改评估意见,DOCX,DOCX Skill完整自动预检,自动预检通过，待关键证据抽查,未发现自动阻断项,1.0,1.0,2448,2501,1,,,E:\华南理工项目\环评文件汇总\01_GitHub项目与研究文档\eia-openclaw-sync-chen2026\05_QA测试集\人工核查_环评报告出处整理_20260715\环评报告文件_按问答顺序\167_佛山市彩川合成材料有限公司新建项目_02_修改评估意见.docx,E:\华南理工项目\环评文件汇总\01_GitHub项目与研究文档\eia-openclaw-sync-chen2026\05_QA测试集\人工核查_环评报告出处整理_20260715\解析文本输出_按目录章节_20000token\167_佛山市彩川合成材料有限公司新建项目_02_修改评估意见\167_佛山市彩川合成材料有限公司新建项目_02_修改评估意见.json,,
167_佛山市彩川合成材料有限公司新建项目_03_修改评估意见,PDF,PDF扩展文本预检,不可用,PDF可提取文本不足，需OCR或逐页视觉核验,0.0,0.0,0,55,1,pdf_text_unavailable;low_body_coverage;low_number_unit_coverage;empty_text_placeholder,pdf_layout_manual_review,E:\华南理工项目\环评文件汇总\01_GitHub项目与研究文档\eia-openclaw-sync-chen2026\05_QA测试集\人工核查_环评报告出处整理_20260715\环评报告文件_按问答顺序\167_佛山市彩川合成材料有限公司新建项目_03_修改评估意见.pdf,E:\华南理工项目\环评文件汇总\01_GitHub项目与研究文档\eia-openclaw-sync-chen2026\05_QA测试集\人工核查_环评报告出处整理_20260715\解析文本输出_按目录章节_20000token\167_佛山市彩川合成材料有限公司新建项目_03_修改评估意见\167_佛山市彩川合成材料有限公司新建项目_03_修改评估意见.json,,
168_广东顺德意达电子薄膜器件有限公司新建项目_01_报批稿或报告表,DOC,DOC转DOCX副本后Skill预检,自动预检通过，待关键证据抽查,未发现自动阻断项,0.9988,1.0,50659,69545,11,,,E:\华南理工项目\环评文件汇总\01_GitHub项目与研究文档\eia-openclaw-sync-chen2026\05_QA测试集\人工核查_环评报告出处整理_20260715\环评报告文件_按问答顺序\168_广东顺德意达电子薄膜器件有限公司新建项目_01_报批稿或报告表.doc,E:\华南理工项目\环评文件汇总\01_GitHub项目与研究文档\eia-openclaw-sync-chen2026\05_QA测试集\人工核查_环评报告出处整理_20260715\解析文本输出_按目录章节_20000token\168_广东顺德意达电子薄膜器件有限公司新建项目_01_报批稿或报告表\168_广东顺德意达电子薄膜器件有限公司新建项目_01_报批稿或报告表.json,,
168_广东顺德意达电子薄膜器件有限公司新建项目_02_受理公告或公示版,PDF,PDF扩展文本预检,待PDF视觉与关键证据抽查,PDF表格、图片、公式和字段归属仍需视觉抽查,0.9886,1.0,53099,53580,4,,pdf_layout_manual_review,E:\华南理工项目\环评文件汇总\01_GitHub项目与研究文档\eia-openclaw-sync-chen2026\05_QA测试集\人工核查_环评报告出处整理_20260715\环评报告文件_按问答顺序\168_广东顺德意达电子薄膜器件有限公司新建项目_02_受理公告或公示版.pdf,E:\华南理工项目\环评文件汇总\01_GitHub项目与研究文档\eia-openclaw-sync-chen2026\05_QA测试集\人工核查_环评报告出处整理_20260715\解析文本输出_按目录章节_20000token\168_广东顺德意达电子薄膜器件有限公司新建项目_02_受理公告或公示版\168_广东顺德意达电子薄膜器件有限公司新建项目_02_受理公告或公示版.json,,
168_广东顺德意达电子薄膜器件有限公司新建项目_03_修改评估意见,PDF,PDF扩展文本预检,待PDF视觉与关键证据抽查,PDF表格、图片、公式和字段归属仍需视觉抽查,0.9869,1.0,1902,1917,1,,pdf_layout_manual_review,E:\华南理工项目\环评文件汇总\01_GitHub项目与研究文档\eia-openclaw-sync-chen2026\05_QA测试集\人工核查_环评报告出处整理_20260715\环评报告文件_按问答顺序\168_广东顺德意达电子薄膜器件有限公司新建项目_03_修改评估意见.pdf,E:\华南理工项目\环评文件汇总\01_GitHub项目与研究文档\eia-openclaw-sync-chen2026\05_QA测试集\人工核查_环评报告出处整理_20260715\解析文本输出_按目录章节_20000token\168_广东顺德意达电子薄膜器件有限公司新建项目_03_修改评估意见\168_广东顺德意达电子薄膜器件有限公司新建项目_03_修改评估意见.json,,
169_佛山市全海世家新材料科技有限公司新建项目_01_报批稿或报告表,DOCX,DOCX Skill完整自动预检,自动预检通过，待关键证据抽查,未发现自动阻断项,0.9992,1.0,51014,71988,12,,,E:\华南理工项目\环评文件汇总\01_GitHub项目与研究文档\eia-openclaw-sync-chen2026\05_QA测试集\人工核查_环评报告出处整理_20260715\环评报告文件_按问答顺序\169_佛山市全海世家新材料科技有限公司新建项目_01_报批稿或报告表.docx,E:\华南理工项目\环评文件汇总\01_GitHub项目与研究文档\eia-openclaw-sync-chen2026\05_QA测试集\人工核查_环评报告出处整理_20260715\解析文本输出_按目录章节_20000token\169_佛山市全海世家新材料科技有限公司新建项目_01_报批稿或报告表\169_佛山市全海世家新材料科技有限公司新建项目_01_报批稿或报告表.json,,
169_佛山市全海世家新材料科技有限公司新建项目_02_受理公告或公示版,PDF,PDF扩展文本预检,待PDF视觉与关键证据抽查,PDF表格、图片、公式和字段归属仍需视觉抽查,0.988,0.9941,54989,55460,4,,pdf_layout_manual_review,E:\华南理工项目\环评文件汇总\01_GitHub项目与研究文档\eia-openclaw-sync-chen2026\05_QA测试集\人工核查_环评报告出处整理_20260715\环评报告文件_按问答顺序\169_佛山市全海世家新材料科技有限公司新建项目_02_受理公告或公示版.pdf,E:\华南理工项目\环评文件汇总\01_GitHub项目与研究文档\eia-openclaw-sync-chen2026\05_QA测试集\人工核查_环评报告出处整理_20260715\解析文本输出_按目录章节_20000token\169_佛山市全海世家新材料科技有限公司新建项目_02_受理公告或公示版\169_佛山市全海世家新材料科技有限公司新建项目_02_受理公告或公示版.json,,
169_佛山市全海世家新材料科技有限公司新建项目_03_修改评估意见,PDF,PDF扩展文本预检,不可用,PDF可提取文本不足，需OCR或逐页视觉核验,0.0,0.0,0,55,1,pdf_text_unavailable;low_body_coverage;low_number_unit_coverage;empty_text_placeholder,pdf_layout_manual_review,E:\华南理工项目\环评文件汇总\01_GitHub项目与研究文档\eia-openclaw-sync-chen2026\05_QA测试集\人工核查_环评报告出处整理_20260715\环评报告文件_按问答顺序\169_佛山市全海世家新材料科技有限公司新建项目_03_修改评估意见.pdf,E:\华南理工项目\环评文件汇总\01_GitHub项目与研究文档\eia-openclaw-sync-chen2026\05_QA测试集\人工核查_环评报告出处整理_20260715\解析文本输出_按目录章节_20000token\169_佛山市全海世家新材料科技有限公司新建项目_03_修改评估意见\169_佛山市全海世家新材料科技有限公司新建项目_03_修改评估意见.json,,
170_佛山市顺德区智成塑包装有限公司新建项目_01_报批稿或报告表,DOCX,DOCX Skill完整自动预检,自动预检通过，待关键证据抽查,未发现自动阻断项,0.9991,1.0,53086,76379,13,,,E:\华南理工项目\环评文件汇总\01_GitHub项目与研究文档\eia-openclaw-sync-chen2026\05_QA测试集\人工核查_环评报告出处整理_20260715\环评报告文件_按问答顺序\170_佛山市顺德区智成塑包装有限公司新建项目_01_报批稿或报告表.docx,E:\华南理工项目\环评文件汇总\01_GitHub项目与研究文档\eia-openclaw-sync-chen2026\05_QA测试集\人工核查_环评报告出处整理_20260715\解析文本输出_按目录章节_20000token\170_佛山市顺德区智成塑包装有限公司新建项目_01_报批稿或报告表\170_佛山市顺德区智成塑包装有限公司新建项目_01_报批稿或报告表.json,,
170_佛山市顺德区智成塑包装有限公司新建项目_02_受理公告或公示版,PDF,PDF扩展文本预检,待PDF视觉与关键证据抽查,PDF表格、图片、公式和字段归属仍需视觉抽查,0.9886,0.9971,53034,53380,5,,pdf_layout_manual_review,E:\华南理工项目\环评文件汇总\01_GitHub项目与研究文档\eia-openclaw-sync-chen2026\05_QA测试集\人工核查_环评报告出处整理_20260715\环评报告文件_按问答顺序\170_佛山市顺德区智成塑包装有限公司新建项目_02_受理公告或公示版.pdf,E:\华南理工项目\环评文件汇总\01_GitHub项目与研究文档\eia-openclaw-sync-chen2026\05_QA测试集\人工核查_环评报告出处整理_20260715\解析文本输出_按目录章节_20000token\170_佛山市顺德区智成塑包装有限公司新建项目_02_受理公告或公示版\170_佛山市顺德区智成塑包装有限公司新建项目_02_受理公告或公示版.json,,
170_佛山市顺德区智成塑包装有限公司新建项目_03_修改评估意见,PDF,PDF扩展文本预检,待PDF视觉与关键证据抽查,PDF表格、图片、公式和字段归属仍需视觉抽查,0.988,1.0,2060,2072,1,,pdf_layout_manual_review,E:\华南理工项目\环评文件汇总\01_GitHub项目与研究文档\eia-openclaw-sync-chen2026\05_QA测试集\人工核查_环评报告出处整理_20260715\环评报告文件_按问答顺序\170_佛山市顺德区智成塑包装有限公司新建项目_03_修改评估意见.pdf,E:\华南理工项目\环评文件汇总\01_GitHub项目与研究文档\eia-openclaw-sync-chen2026\05_QA测试集\人工核查_环评报告出处整理_20260715\解析文本输出_按目录章节_20000token\170_佛山市顺德区智成塑包装有限公司新建项目_03_修改评估意见\170_佛山市顺德区智成塑包装有限公司新建项目_03_修改评估意见.json,,
171_佛山辰僖塑料有限公司新建项目_01_报批稿或报告表,DOCX,DOCX Skill完整自动预检,自动预检通过，待关键证据抽查,未发现自动阻断项,0.9993,1.0,60502,88911,14,,,E:\华南理工项目\环评文件汇总\01_GitHub项目与研究文档\eia-openclaw-sync-chen2026\05_QA测试集\人工核查_环评报告出处整理_20260715\环评报告文件_按问答顺序\171_佛山辰僖塑料有限公司新建项目_01_报批稿或报告表.docx,E:\华南理工项目\环评文件汇总\01_GitHub项目与研究文档\eia-openclaw-sync-chen2026\05_QA测试集\人工核查_环评报告出处整理_20260715\解析文本输出_按目录章节_20000token\171_佛山辰僖塑料有限公司新建项目_01_报批稿或报告表\171_佛山辰僖塑料有限公司新建项目_01_报批稿或报告表.json,,
171_佛山辰僖塑料有限公司新建项目_02_受理公告或公示版,PDF,PDF扩展文本预检,待PDF视觉与关键证据抽查,PDF表格、图片、公式和字段归属仍需视觉抽查,0.9911,1.0,61325,61668,6,,pdf_layout_manual_review,E:\华南理工项目\环评文件汇总\01_GitHub项目与研究文档\eia-openclaw-sync-chen2026\05_QA测试集\人工核查_环评报告出处整理_20260715\环评报告文件_按问答顺序\171_佛山辰僖塑料有限公司新建项目_02_受理公告或公示版.pdf,E:\华南理工项目\环评文件汇总\01_GitHub项目与研究文档\eia-openclaw-sync-chen2026\05_QA测试集\人工核查_环评报告出处整理_20260715\解析文本输出_按目录章节_20000token\171_佛山辰僖塑料有限公司新建项目_02_受理公告或公示版\171_佛山辰僖塑料有限公司新建项目_02_受理公告或公示版.json,,
171_佛山辰僖塑料有限公司新建项目_03_修改评估意见,DOCX,DOCX Skill完整自动预检,自动预检通过，待关键证据抽查,未发现自动阻断项,1.0,1.0,3834,3882,1,,,E:\华南理工项目\环评文件汇总\01_GitHub项目与研究文档\eia-openclaw-sync-chen2026\05_QA测试集\人工核查_环评报告出处整理_20260715\环评报告文件_按问答顺序\171_佛山辰僖塑料有限公司新建项目_03_修改评估意见.docx,E:\华南理工项目\环评文件汇总\01_GitHub项目与研究文档\eia-openclaw-sync-chen2026\05_QA测试集\人工核查_环评报告出处整理_20260715\解析文本输出_按目录章节_20000token\171_佛山辰僖塑料有限公司新建项目_03_修改评估意见\171_佛山辰僖塑料有限公司新建项目_03_修改评估意见.json,,
171_佛山辰僖塑料有限公司新建项目_04_修改评估意见,PDF,PDF扩展文本预检,不可用,PDF可提取文本不足，需OCR或逐页视觉核验,0.0,0.0,0,55,1,pdf_text_unavailable;low_body_coverage;low_number_unit_coverage;empty_text_placeholder,pdf_layout_manual_review,E:\华南理工项目\环评文件汇总\01_GitHub项目与研究文档\eia-openclaw-sync-chen2026\05_QA测试集\人工核查_环评报告出处整理_20260715\环评报告文件_按问答顺序\171_佛山辰僖塑料有限公司新建项目_04_修改评估意见.pdf,E:\华南理工项目\环评文件汇总\01_GitHub项目与研究文档\eia-openclaw-sync-chen2026\05_QA测试集\人工核查_环评报告出处整理_20260715\解析文本输出_按目录章节_20000token\171_佛山辰僖塑料有限公司新建项目_04_修改评估意见\171_佛山辰僖塑料有限公司新建项目_04_修改评估意见.json,,
