project_id,file_name,page,table_local_index,row_index,row_status,cell_hit_ratio,row_preview,missed_cells,md_file,file_id
PL018,PL018_广东台塑智能科技有限公司新建项目_01_受理公告或公示版.pdf,9,2,10,部分,0.75,国民经济 | C2929 | 建设项目 | 三十五、电气机械和器材制造业 电,三十五、电气机械和器材制造业 电,解析文本拼接_表格清洗增强_01_001-020.md,017_广东台塑智能科技有限公司新建项目_01_受理公告或公示版
PL018,PL018_广东台塑智能科技有限公司新建项目_01_受理公告或公示版.pdf,9,2,11,疑似缺失,0.5,制品制造； 电线、电 | 77,制品制造； 电线、电,解析文本拼接_表格清洗增强_01_001-020.md,017_广东台塑智能科技有限公司新建项目_01_受理公告或公示版
PL018,PL018_广东台塑智能科技有限公司新建项目_01_受理公告或公示版.pdf,10,3,16,疑似缺失,0.5,其他符合性分 | 2021 11,2021 11,解析文本拼接_表格清洗增强_01_001-020.md,017_广东台塑智能科技有限公司新建项目_01_受理公告或公示版
PL018,PL018_广东台塑智能科技有限公司新建项目_01_受理公告或公示版.pdf,10,3,31,疑似缺失,0.5,区域 | 1-2. /,1-2. /,解析文本拼接_表格清洗增强_01_001-020.md,017_广东台塑智能科技有限公司新建项目_01_受理公告或公示版
PL018,PL018_广东台塑智能科技有限公司新建项目_01_受理公告或公示版.pdf,11,2,54,疑似缺失,0.667,2-1 / | 项目不涉及。 | 符合,2-1 /,解析文本拼接_表格清洗增强_01_001-020.md,017_广东台塑智能科技有限公司新建项目_01_受理公告或公示版
PL018,PL018_广东台塑智能科技有限公司新建项目_01_受理公告或公示版.pdf,12,2,2,疑似缺失,0.5,总量和强度 双控 ，新建高能耗项目单 | 项目生产过程中资源消耗量相,总量和强度 双控 ，新建高能耗项目单,解析文本拼接_表格清洗增强_01_001-020.md,017_广东台塑智能科技有限公司新建项目_01_受理公告或公示版
PL018,PL018_广东台塑智能科技有限公司新建项目_01_受理公告或公示版.pdf,12,2,15,疑似缺失,0.5,2-5. / | 强度、土地利用强度等建设用地,2-5. /,解析文本拼接_表格清洗增强_01_001-020.md,017_广东台塑智能科技有限公司新建项目_01_受理公告或公示版
PL018,PL018_广东台塑智能科技有限公司新建项目_01_受理公告或公示版.pdf,14,2,49,疑似缺失,0.667,2-1 / | 项目不涉及。 | 符合,2-1 /,解析文本拼接_表格清洗增强_01_001-020.md,017_广东台塑智能科技有限公司新建项目_01_受理公告或公示版
PL018,PL018_广东台塑智能科技有限公司新建项目_01_受理公告或公示版.pdf,14,2,58,疑似缺失,0.5,总量和强度 双控 ，新建高能耗项目单 | 项目生产过程中资源消耗量相,总量和强度 双控 ，新建高能耗项目单,解析文本拼接_表格清洗增强_01_001-020.md,017_广东台塑智能科技有限公司新建项目_01_受理公告或公示版
PL018,PL018_广东台塑智能科技有限公司新建项目_01_受理公告或公示版.pdf,15,2,10,疑似缺失,0.5,2-5. / | 强度、土地利用强度等建设用地,2-5. /,解析文本拼接_表格清洗增强_01_001-020.md,017_广东台塑智能科技有限公司新建项目_01_受理公告或公示版
PL018,PL018_广东台塑智能科技有限公司新建项目_01_受理公告或公示版.pdf,18,2,32,疑似缺失,0.5,低 含量产品规定的涂料、油墨、 | 发性有机物原辅材料（油性油墨、,低 含量产品规定的涂料、油墨、,解析文本拼接_表格清洗增强_01_001-020.md,017_广东台塑智能科技有限公司新建项目_01_受理公告或公示版
PL018,PL018_广东台塑智能科技有限公司新建项目_01_受理公告或公示版.pdf,18,2,37,疑似缺失,0.5,使用的原辅材料 含量（质量比） | 气罩收集后通过活性炭吸附废气,使用的原辅材料 含量（质量比）,解析文本拼接_表格清洗增强_01_001-020.md,017_广东台塑智能科技有限公司新建项目_01_受理公告或公示版
PL018,PL018_广东台塑智能科技有限公司新建项目_01_受理公告或公示版.pdf,18,2,40,疑似缺失,0.5,10% | 过排气筒 （ ）引至楼顶排放，,过排气筒 （ ）引至楼顶排放，,解析文本拼接_表格清洗增强_01_001-020.md,017_广东台塑智能科技有限公司新建项目_01_受理公告或公示版
PL018,PL018_广东台塑智能科技有限公司新建项目_01_受理公告或公示版.pdf,18,2,41,疑似缺失,0.5,排放收集措施。 | G1 24m,G1 24m,解析文本拼接_表格清洗增强_01_001-020.md,017_广东台塑智能科技有限公司新建项目_01_受理公告或公示版
PL018,PL018_广东台塑智能科技有限公司新建项目_01_受理公告或公示版.pdf,19,2,11,疑似缺失,0.5,制风速应不低于 米秒，有行业要求 | G1,制风速应不低于 米秒，有行业要求,解析文本拼接_表格清洗增强_01_001-020.md,017_广东台塑智能科技有限公司新建项目_01_受理公告或公示版
PL018,PL018_广东台塑智能科技有限公司新建项目_01_受理公告或公示版.pdf,19,2,12,疑似缺失,0.0,0.3 / | （ ）引至楼顶排放。,0.3 /；（ ）引至楼顶排放。,解析文本拼接_表格清洗增强_01_001-020.md,017_广东台塑智能科技有限公司新建项目_01_受理公告或公示版
PL018,PL018_广东台塑智能科技有限公司新建项目_01_受理公告或公示版.pdf,19,2,40,疑似缺失,0.5,炭，废旧活性炭应再生或处理处置。有 | G1 24m,G1 24m,解析文本拼接_表格清洗增强_01_001-020.md,017_广东台塑智能科技有限公司新建项目_01_受理公告或公示版
PL018,PL018_广东台塑智能科技有限公司新建项目_01_受理公告或公示版.pdf,19,2,42,疑似缺失,0.5,条件的工业园区和产业集群等，推广集 | 根据污染源强核算结果， 初,根据污染源强核算结果， 初,解析文本拼接_表格清洗增强_01_001-020.md,017_广东台塑智能科技有限公司新建项目_01_受理公告或公示版
PL018,PL018_广东台塑智能科技有限公司新建项目_01_受理公告或公示版.pdf,19,2,44,疑似缺失,0.5,生等，加强资源共享，提高 治理 | 始排放速率小于2kg/h。项目的有,生等，加强资源共享，提高 治理,解析文本拼接_表格清洗增强_01_001-020.md,017_广东台塑智能科技有限公司新建项目_01_受理公告或公示版
PL018,PL018_广东台塑智能科技有限公司新建项目_01_受理公告或公示版.pdf,20,2,13,疑似缺失,0.5,4 | 补充通知》（粤环函〔 〕 号）,补充通知》（粤环函〔 〕 号）,解析文本拼接_表格清洗增强_01_001-020.md,017_广东台塑智能科技有限公司新建项目_01_受理公告或公示版
PL018,PL018_广东台塑智能科技有限公司新建项目_01_受理公告或公示版.pdf,20,2,27,疑似缺失,0.5,5 | 前置实施细则（ 年修订）的通知》（顺环委〔 〕 号）,前置实施细则（ 年修订）的通知》（顺环委〔 〕 号）,解析文本拼接_表格清洗增强_01_001-020.md,017_广东台塑智能科技有限公司新建项目_01_受理公告或公示版
PL018,PL018_广东台塑智能科技有限公司新建项目_01_受理公告或公示版.pdf,20,2,36,疑似缺失,0.5,"5.1 | 放量削减2倍于拟建项目的VOCs排放 符合
据相关规定核定 总量来源。","放量削减2倍于拟建项目的VOCs排放 符合
据相关规定核定 总量来源。",解析文本拼接_表格清洗增强_01_001-020.md,017_广东台塑智能科技有限公司新建项目_01_受理公告或公示版
PL018,PL018_广东台塑智能科技有限公司新建项目_01_受理公告或公示版.pdf,20,2,45,疑似缺失,0.5,6 | 理工作的通知》（佛顺环函〔 〕 号）,理工作的通知》（佛顺环函〔 〕 号）,解析文本拼接_表格清洗增强_01_001-020.md,017_广东台塑智能科技有限公司新建项目_01_受理公告或公示版
PL018,PL018_广东台塑智能科技有限公司新建项目_01_受理公告或公示版.pdf,20,2,59,疑似缺失,0.5,7 | （ 年） 的通知》（粤环函〔 〕 号）,（ 年） 的通知》（粤环函〔 〕 号）,解析文本拼接_表格清洗增强_01_001-020.md,017_广东台塑智能科技有限公司新建项目_01_受理公告或公示版
PL018,PL018_广东台塑智能科技有限公司新建项目_01_受理公告或公示版.pdf,20,2,63,疑似缺失,0.5,7.1 | VOCs含量原辅材料替代，引导生产和 稀释剂），根据第二章分析可知， 符合,VOCs含量原辅材料替代，引导生产和 稀释剂），根据第二章分析可知， 符合,解析文本拼接_表格清洗增强_01_001-020.md,017_广东台塑智能科技有限公司新建项目_01_受理公告或公示版
PL018,PL018_广东台塑智能科技有限公司新建项目_01_受理公告或公示版.pdf,21,2,25,疑似缺失,0.5,8.1 | 分级管理，全面推进涉VOCs排放企业 暂无法替代。本项目有机废气经集 符合,分级管理，全面推进涉VOCs排放企业 暂无法替代。本项目有机废气经集 符合,解析文本拼接_表格清洗增强_01_001-020.md,017_广东台塑智能科技有限公司新建项目_01_受理公告或公示版
PL018,PL018_广东台塑智能科技有限公司新建项目_01_受理公告或公示版.pdf,21,2,36,疑似缺失,0.5,9.1 | 化学制浆、生皮制革以及国家规划外的 项目不属于“高耗能、高排放”项目。 符合,化学制浆、生皮制革以及国家规划外的 项目不属于“高耗能、高排放”项目。 符合,解析文本拼接_表格清洗增强_01_001-020.md,017_广东台塑智能科技有限公司新建项目_01_受理公告或公示版
PL018,PL018_广东台塑智能科技有限公司新建项目_01_受理公告或公示版.pdf,21,2,48,疑似缺失,0.5,9.2 | 涂料。严格落实《挥发性有机物无组织 符合,涂料。严格落实《挥发性有机物无组织 符合,解析文本拼接_表格清洗增强_01_001-020.md,017_广东台塑智能科技有限公司新建项目_01_受理公告或公示版
PL018,PL018_广东台塑智能科技有限公司新建项目_01_受理公告或公示版.pdf,22,2,31,疑似缺失,0.5,企业应建立台账，记录含 原辅材 | VOCs,企业应建立台账，记录含 原辅材,解析文本拼接_表格清洗增强_01_001-020.md,017_广东台塑智能科技有限公司新建项目_01_受理公告或公示版
PL018,PL018_广东台塑智能科技有限公司新建项目_01_受理公告或公示版.pdf,22,2,32,疑似缺失,0.5,VOCs | 辅材料和含 产品的名称、使,辅材料和含 产品的名称、使,解析文本拼接_表格清洗增强_01_001-020.md,017_广东台塑智能科技有限公司新建项目_01_受理公告或公示版
PL018,PL018_广东台塑智能科技有限公司新建项目_01_受理公告或公示版.pdf,22,2,34,部分,0.75,11.3 | 收量、废弃量、去向以及 含量等 | 用量、回收量、废弃量、去向以及 | 符合,收量、废弃量、去向以及 含量等,解析文本拼接_表格清洗增强_01_001-020.md,017_广东台塑智能科技有限公司新建项目_01_受理公告或公示版
PL018,PL018_广东台塑智能科技有限公司新建项目_01_受理公告或公示版.pdf,22,2,36,疑似缺失,0.5,信息。台账保存期限不少于 年。 | VOCs,信息。台账保存期限不少于 年。,解析文本拼接_表格清洗增强_01_001-020.md,017_广东台塑智能科技有限公司新建项目_01_受理公告或公示版
PL018,PL018_广东台塑智能科技有限公司新建项目_01_受理公告或公示版.pdf,22,2,37,疑似缺失,0.5,3 | 不少于 年。,不少于 年。,解析文本拼接_表格清洗增强_01_001-020.md,017_广东台塑智能科技有限公司新建项目_01_受理公告或公示版
PL018,PL018_广东台塑智能科技有限公司新建项目_01_受理公告或公示版.pdf,22,2,60,疑似缺失,0.667,≥3kg/h VOCs | 暂无法替代。本项目有机废气经集 | 符合,≥3kg/h VOCs,解析文本拼接_表格清洗增强_01_001-020.md,017_广东台塑智能科技有限公司新建项目_01_受理公告或公示版
PL018,PL018_广东台塑智能科技有限公司新建项目_01_受理公告或公示版.pdf,22,2,64,疑似缺失,0.5,≥2kg/h时，应配置VOCs处理设施，处 | 过排气筒 （ ）引至楼顶排放，,过排气筒 （ ）引至楼顶排放，,解析文本拼接_表格清洗增强_01_001-020.md,017_广东台塑智能科技有限公司新建项目_01_受理公告或公示版
PL018,PL018_广东台塑智能科技有限公司新建项目_01_受理公告或公示版.pdf,22,2,65,疑似缺失,0.0,理效率不应低于 ；采用的原辅材料 | G1 24m,理效率不应低于 ；采用的原辅材料；G1 24m,解析文本拼接_表格清洗增强_01_001-020.md,017_广东台塑智能科技有限公司新建项目_01_受理公告或公示版
PL018,PL018_广东台塑智能科技有限公司新建项目_01_受理公告或公示版.pdf,23,2,3,疑似缺失,0.5,12 | 〔 〕 号）,〔 〕 号）,解析文本拼接_表格清洗增强_01_001-020.md,017_广东台塑智能科技有限公司新建项目_01_受理公告或公示版
PL018,PL018_广东台塑智能科技有限公司新建项目_01_受理公告或公示版.pdf,23,2,6,疑似缺失,0.5,12.1 | 溶剂型油墨： 含量 。 油墨， 含量为,溶剂型油墨： 含量 。 油墨， 含量为,解析文本拼接_表格清洗增强_01_001-020.md,017_广东台塑智能科技有限公司新建项目_01_受理公告或公示版
PL018,PL018_广东台塑智能科技有限公司新建项目_01_受理公告或公示版.pdf,23,2,34,疑似缺失,0.5,"12.2 | 闭的包装袋进行物料转移。
气排至VOCs废气收集处理系统。","闭的包装袋进行物料转移。
气排至VOCs废气收集处理系统。",解析文本拼接_表格清洗增强_01_001-020.md,017_广东台塑智能科技有限公司新建项目_01_受理公告或公示版
PL018,PL018_广东台塑智能科技有限公司新建项目_01_受理公告或公示版.pdf,26,3,26,部分,0.75,"1
主体工程 | 三层 | 约 | 置区使用，车间部分区域外租给明伦公司","1
主体工程",解析文本拼接_表格清洗增强_01_001-020.md,017_广东台塑智能科技有限公司新建项目_01_受理公告或公示版
PL018,PL018_广东台塑智能科技有限公司新建项目_01_受理公告或公示版.pdf,28,4,1,部分,0.857,"生产单
元 | 设备参数 | 有效生产
时间（h) | 全年生
产天数
（d） | 关键设
备年产
量（万m/a | 申报
产能
）（万m/a) | 匹配性","申报
产能
）（万m/a)",解析文本拼接_表格清洗增强_01_001-020.md,017_广东台塑智能科技有限公司新建项目_01_受理公告或公示版
PL018,PL018_广东台塑智能科技有限公司新建项目_01_受理公告或公示版.pdf,29,4,32,疑似缺失,0.667,3，易燃，熔 | 点 ℃，在 | ℃左,点 ℃，在,解析文本拼接_表格清洗增强_01_001-020.md,017_广东台塑智能科技有限公司新建项目_01_受理公告或公示版
PL018,PL018_广东台塑智能科技有限公司新建项目_01_受理公告或公示版.pdf,29,4,33,疑似缺失,0.667,塑 | g/cm | 165 155,165 155,解析文本拼接_表格清洗增强_01_001-020.md,017_广东台塑智能科技有限公司新建项目_01_受理公告或公示版
PL018,PL018_广东台塑智能科技有限公司新建项目_01_受理公告或公示版.pdf,29,4,46,疑似缺失,0.667,酸树脂 、 | 异佛尔酮 、 | 着 | 别 | ； | 100%,酸树脂 、；异佛尔酮 、,解析文本拼接_表格清洗增强_01_001-020.md,017_广东台塑智能科技有限公司新建项目_01_受理公告或公示版
PL018,PL018_广东台塑智能科技有限公司新建项目_01_受理公告或公示版.pdf,29,4,49,疑似缺失,0.5,0-40% | 按 算,按 算,解析文本拼接_表格清洗增强_01_001-020.md,017_广东台塑智能科技有限公司新建项目_01_受理公告或公示版
PL018,PL018_广东台塑智能科技有限公司新建项目_01_受理公告或公示版.pdf,29,4,50,疑似缺失,0.667,敏， | 类别 ； | 60%,类别 ；,解析文本拼接_表格清洗增强_01_001-020.md,017_广东台塑智能科技有限公司新建项目_01_受理公告或公示版
PL018,PL018_广东台塑智能科技有限公司新建项目_01_受理公告或公示版.pdf,29,4,56,疑似缺失,0.6,稀释剂 | 异氟尔酮 ， | 密度为 3 | 高度 | 易燃液体,异氟尔酮 ，；密度为 3,解析文本拼接_表格清洗增强_01_001-020.md,017_广东台塑智能科技有限公司新建项目_01_受理公告或公示版
PL018,PL018_广东台塑智能科技有限公司新建项目_01_受理公告或公示版.pdf,29,4,57,部分,0.75,4 | 100% | 0.9g/cm | 按 算,按 算,解析文本拼接_表格清洗增强_01_001-020.md,017_广东台塑智能科技有限公司新建项目_01_受理公告或公示版
PL018,PL018_广东台塑智能科技有限公司新建项目_01_受理公告或公示版.pdf,30,3,19,部分,0.8,"2 | 稀释剂
（ | ） | ≤900g/L | 否2","稀释剂
（",解析文本拼接_表格清洗增强_01_001-020.md,017_广东台塑智能科技有限公司新建项目_01_受理公告或公示版
PL018,PL018_广东台塑智能科技有限公司新建项目_01_受理公告或公示版.pdf,35,1,5,部分,0.833,"2 | 废水 | 生活污水 | COD 、
Cr
BOD 、
5
NH -N和SS
3 | 生活 | 经三级化粪池处理达标后排至
北滘污水处理厂处理","COD 、
Cr
BOD 、
5
NH -N和SS
3",解析文本拼接_表格清洗增强_01_001-020.md,017_广东台塑智能科技有限公司新建项目_01_受理公告或公示版
PL018,PL018_广东台塑智能科技有限公司新建项目_01_受理公告或公示版.pdf,35,2,27,部分,0.75,"生活污水 | BOD 、
5 | 生活 | 北滘污水处理厂处理","BOD 、
5",解析文本拼接_表格清洗增强_01_001-020.md,017_广东台塑智能科技有限公司新建项目_01_受理公告或公示版
PL018,PL018_广东台塑智能科技有限公司新建项目_01_受理公告或公示版.pdf,36,2,5,疑似缺失,0.667,噪声 | 噪声 等效 声级 | 全厂设备,噪声 等效 声级,解析文本拼接_表格清洗增强_01_001-020.md,017_广东台塑智能科技有限公司新建项目_01_受理公告或公示版
PL018,PL018_广东台塑智能科技有限公司新建项目_01_受理公告或公示版.pdf,37,2,2,部分,0.75,"SO （μg/m3）
2 | 6 | 60 | 达标","SO （μg/m3）
2",解析文本拼接_表格清洗增强_01_001-020.md,017_广东台塑智能科技有限公司新建项目_01_受理公告或公示版
PL018,PL018_广东台塑智能科技有限公司新建项目_01_受理公告或公示版.pdf,37,2,3,部分,0.75,"NO （μg/m3）
2 | 28 | 40 | 达标","NO （μg/m3）
2",解析文本拼接_表格清洗增强_01_001-020.md,017_广东台塑智能科技有限公司新建项目_01_受理公告或公示版
PL018,PL018_广东台塑智能科技有限公司新建项目_01_受理公告或公示版.pdf,37,2,4,部分,0.75,"PM （μg/m3）
10 | 35 | 70 | 达标","PM （μg/m3）
10",解析文本拼接_表格清洗增强_01_001-020.md,017_广东台塑智能科技有限公司新建项目_01_受理公告或公示版
PL018,PL018_广东台塑智能科技有限公司新建项目_01_受理公告或公示版.pdf,37,2,5,部分,0.75,"PM （μg/m3）
2.5 | 20 | 35 | 达标","PM （μg/m3）
2.5",解析文本拼接_表格清洗增强_01_001-020.md,017_广东台塑智能科技有限公司新建项目_01_受理公告或公示版
PL018,PL018_广东台塑智能科技有限公司新建项目_01_受理公告或公示版.pdf,37,2,7,部分,0.75,"O -8H*（μg/m3）
3 | 164 | 160 | 超标","O -8H*（μg/m3）
3",解析文本拼接_表格清洗增强_01_001-020.md,017_广东台塑智能科技有限公司新建项目_01_受理公告或公示版
PL018,PL018_广东台塑智能科技有限公司新建项目_01_受理公告或公示版.pdf,37,3,17,疑似缺失,0.5,环境 | PM 10 （μg/m ） 35 70 达标,PM 10 （μg/m ） 35 70 达标,解析文本拼接_表格清洗增强_01_001-020.md,017_广东台塑智能科技有限公司新建项目_01_受理公告或公示版
PL018,PL018_广东台塑智能科技有限公司新建项目_01_受理公告或公示版.pdf,37,3,18,疑似缺失,0.5,质量 | （ 3） 达标,（ 3） 达标,解析文本拼接_表格清洗增强_01_001-020.md,017_广东台塑智能科技有限公司新建项目_01_受理公告或公示版
PL018,PL018_广东台塑智能科技有限公司新建项目_01_受理公告或公示版.pdf,39,2,1,部分,0.833,"指标 | pH | COD
Cr | BOD
5 | NH -N
3 | SS","NH -N
3",解析文本拼接_表格清洗增强_01_001-020.md,017_广东台塑智能科技有限公司新建项目_01_受理公告或公示版
PL018,PL018_广东台塑智能科技有限公司新建项目_01_受理公告或公示版.pdf,41,5,5,部分,0.75,"1 | ,3-丁二烯 | 1 | --- 含2024年修改",--- 含2024年修改,解析文本拼接_表格清洗增强_01_001-020.md,017_广东台塑智能科技有限公司新建项目_01_受理公告或公示版
PL018,PL018_广东台塑智能科技有限公司新建项目_01_受理公告或公示版.pdf,41,5,22,部分,0.75,注塑、挤 VO | Cs | 2.0 | DB44/815-2010,注塑、挤 VO,解析文本拼接_表格清洗增强_01_001-020.md,017_广东台塑智能科技有限公司新建项目_01_受理公告或公示版
PL018,PL018_广东台塑智能科技有限公司新建项目_01_受理公告或公示版.pdf,41,5,24,部分,0.75,（含烘干、 臭气 | 浓度 2 | 0（无量纲） | GB14554-93,（含烘干、 臭气,解析文本拼接_表格清洗增强_01_001-020.md,017_广东台塑智能科技有限公司新建项目_01_受理公告或公示版
PL018,PL018_广东台塑智能科技有限公司新建项目_01_受理公告或公示版.pdf,42,4,19,疑似缺失,0.0,"控制 号） | ，生活污水COD 、NH -N不分配总量。
Cr 3","控制 号）；，生活污水COD 、NH -N不分配总量。
Cr 3",解析文本拼接_表格清洗增强_01_001-020.md,017_广东台塑智能科技有限公司新建项目_01_受理公告或公示版
PL018,PL018_广东台塑智能科技有限公司新建项目_01_受理公告或公示版.pdf,42,4,20,疑似缺失,0.5,指标 | （ ）有机废气,（ ）有机废气,解析文本拼接_表格清洗增强_01_001-020.md,017_广东台塑智能科技有限公司新建项目_01_受理公告或公示版
PL018,PL018_广东台塑智能科技有限公司新建项目_01_受理公告或公示版.pdf,43,3,2,疑似缺失,0.6,"1 | 包围型集气
罩、半密闭型
集气罩 | Q=WHv ×3600
x | Q：排放量，m3/h； | v ：0.25~2.5m/s
x","Q=WHv ×3600
x；v ：0.25~2.5m/s
x",解析文本拼接_表格清洗增强_01_001-020.md,017_广东台塑智能科技有限公司新建项目_01_受理公告或公示版
PL018,PL018_广东台塑智能科技有限公司新建项目_01_受理公告或公示版.pdf,43,4,61,部分,0.714,"包围型集气 | Q：排 | 放量， | m /h； | v ：0.2
x | 5~2.5m | /s","m /h；；v ：0.2
x",解析文本拼接_表格清洗增强_01_001-020.md,017_广东台塑智能科技有限公司新建项目_01_受理公告或公示版
PL018,PL018_广东台塑智能科技有限公司新建项目_01_受理公告或公示版.pdf,43,4,62,部分,0.857,"1 | 罩、半密闭型 | Q=WHv ×
x | 3600 | H：污 | 染源至 | 罩口距","Q=WHv ×
x",解析文本拼接_表格清洗增强_01_001-020.md,017_广东台塑智能科技有限公司新建项目_01_受理公告或公示版
PL018,PL018_广东台塑智能科技有限公司新建项目_01_受理公告或公示版.pdf,44,3,5,疑似缺失,0.333,筒 | 度（ ） | 计（ 3 ）,度（ ）；计（ 3 ）,解析文本拼接_表格清洗增强_01_001-020.md,017_广东台塑智能科技有限公司新建项目_01_受理公告或公示版
PL018,PL018_广东台塑智能科技有限公司新建项目_01_受理公告或公示版.pdf,44,3,6,疑似缺失,0.571,m | （个） | 离（ ） | （ ） | （ 3 ） | m /h | （ 3 ）,离（ ）；（ ）；m /h,解析文本拼接_表格清洗增强_01_001-020.md,017_广东台塑智能科技有限公司新建项目_01_受理公告或公示版
PL018,PL018_广东台塑智能科技有限公司新建项目_01_受理公告或公示版.pdf,48,2,5,部分,0.9,"方 | 量t/a | 率（%） | 产生速 产生量
度 | 工艺 | 处理效 | 排放速 | 度 | 排放量 | 间（h）","产生速 产生量
度",解析文本拼接_表格清洗增强_01_001-020.md,017_广东台塑智能科技有限公司新建项目_01_受理公告或公示版
PL018,PL018_广东台塑智能科技有限公司新建项目_01_受理公告或公示版.pdf,49,2,6,部分,0.917,VOCs | / | / 间 | / | 0.032 | / | 0.068 | / | / | 0.032 | / | 0.068,/ 间,解析文本拼接_表格清洗增强_01_001-020.md,017_广东台塑智能科技有限公司新建项目_01_受理公告或公示版
PL018,PL018_广东台塑智能科技有限公司新建项目_01_受理公告或公示版.pdf,50,3,10,疑似缺失,0.5,"运 | 排放速 排放浓度 速率限 浓度限值 达标
污染源 污染物 执行标准","排放速 排放浓度 速率限 浓度限值 达标
污染源 污染物 执行标准",解析文本拼接_表格清洗增强_01_001-020.md,017_广东台塑智能科技有限公司新建项目_01_受理公告或公示版
PL018,PL018_广东台塑智能科技有限公司新建项目_01_受理公告或公示版.pdf,50,3,15,疑似缺失,0.5,"境 | 非甲烷总 与
1.082 44.15 达标","非甲烷总 与
1.082 44.15 达标",解析文本拼接_表格清洗增强_01_001-020.md,017_广东台塑智能科技有限公司新建项目_01_受理公告或公示版
PL018,PL018_广东台塑智能科技有限公司新建项目_01_受理公告或公示版.pdf,50,3,16,疑似缺失,0.5,"影 | 烃 --- 70
GB41616-2022","烃 --- 70
GB41616-2022",解析文本拼接_表格清洗增强_01_001-020.md,017_广东台塑智能科技有限公司新建项目_01_受理公告或公示版
PL018,PL018_广东台塑智能科技有限公司新建项目_01_受理公告或公示版.pdf,50,3,21,疑似缺失,0.5,保 | VOCs 0.016 0.66 2.55 120 达标,VOCs 0.016 0.66 2.55 120 达标,解析文本拼接_表格清洗增强_01_001-020.md,017_广东台塑智能科技有限公司新建项目_01_受理公告或公示版
PL018,PL018_广东台塑智能科技有限公司新建项目_01_受理公告或公示版.pdf,50,3,24,疑似缺失,0.5,"措 | 6000
6000（无","6000
6000（无",解析文本拼接_表格清洗增强_01_001-020.md,017_广东台塑智能科技有限公司新建项目_01_受理公告或公示版
PL018,PL018_广东台塑智能科技有限公司新建项目_01_受理公告或公示版.pdf,50,3,25,疑似缺失,0.5,施 | 臭气浓度 --- （无量 GB14554-93 --- 达标,臭气浓度 --- （无量 GB14554-93 --- 达标,解析文本拼接_表格清洗增强_01_001-020.md,017_广东台塑智能科技有限公司新建项目_01_受理公告或公示版
PL018,PL018_广东台塑智能科技有限公司新建项目_01_受理公告或公示版.pdf,51,4,16,疑似缺失,0.5,度mg/ | m3 度限值mg/m3,m3 度限值mg/m3,解析文本拼接_表格清洗增强_01_001-020.md,017_广东台塑智能科技有限公司新建项目_01_受理公告或公示版
PL018,PL018_广东台塑智能科技有限公司新建项目_01_受理公告或公示版.pdf,51,4,18,部分,0.75,"1h
<6 | 6 | DB44/2367-2022 | 达标","1h
<6",解析文本拼接_表格清洗增强_01_001-020.md,017_广东台塑智能科技有限公司新建项目_01_受理公告或公示版
PL018,PL018_广东台塑智能科技有限公司新建项目_01_受理公告或公示版.pdf,53,4,3,疑似缺失,0.615,"计算公式：V =
炭 | M×L | ×W ×H ×
3 3 3 | 10 。其中 | ，M | -活 | 性炭 | 抽屉个 | 数 | ，L -抽
3 | 屉 | 长度，m | m；W -
3","计算公式：V =
炭；×W ×H ×
3 3 3；10 。其中；，L -抽
3",解析文本拼接_表格清洗增强_01_001-020.md,017_广东台塑智能科技有限公司新建项目_01_受理公告或公示版
PL018,PL018_广东台塑智能科技有限公司新建项目_01_受理公告或公示版.pdf,53,4,4,部分,0.909,"屉 | 宽度，mm；H -
3 | 装填 | 厚度，mm | （颗粒状活 | 性 | 炭按 | 不小 | 于300 | m | m设计）","宽度，mm；H -
3",解析文本拼接_表格清洗增强_01_001-020.md,017_广东台塑智能科技有限公司新建项目_01_受理公告或公示版
PL018,PL018_广东台塑智能科技有限公司新建项目_01_受理公告或公示版.pdf,53,4,7,部分,0.8,（ ） | 。其 | 中， 活 | 性炭密度， | 3（ | 颗粒 | 状活性 | 炭 | 取 | 3）。,（ ）；中， 活,解析文本拼接_表格清洗增强_01_001-020.md,017_广东台塑智能科技有限公司新建项目_01_受理公告或公示版
PL018,PL018_广东台塑智能科技有限公司新建项目_01_受理公告或公示版.pdf,53,4,8,部分,0.857,"W kg =V ×ρ
炭 | ρ- | k | g/m | 400k | g | /m","W kg =V ×ρ
炭",解析文本拼接_表格清洗增强_01_001-020.md,017_广东台塑智能科技有限公司新建项目_01_受理公告或公示版
PL018,PL018_广东台塑智能科技有限公司新建项目_01_受理公告或公示版.pdf,53,4,20,部分,0.875,号 kg | % | mg/m3 | m3/h | h/d | d | d/a | 次/年,号 kg,解析文本拼接_表格清洗增强_01_001-020.md,017_广东台塑智能科技有限公司新建项目_01_受理公告或公示版
PL018,PL018_广东台塑智能科技有限公司新建项目_01_受理公告或公示版.pdf,54,3,31,疑似缺失,0.5,"活性炭尺寸 | ：L ×W ×
2 2 | H =2000mm×1800mm×60
2 | 0mm","：L ×W ×
2 2；H =2000mm×1800mm×60
2",解析文本拼接_表格清洗增强_01_001-020.md,017_广东台塑智能科技有限公司新建项目_01_受理公告或公示版
PL018,PL018_广东台塑智能科技有限公司新建项目_01_受理公告或公示版.pdf,54,3,32,疑似缺失,0.5,"炭箱外形尺 | 寸：L ×W ×
1 1 | H =3450mm×1895mm×150
1 | 0mm","寸：L ×W ×
1 1；H =3450mm×1895mm×150
1",解析文本拼接_表格清洗增强_01_001-020.md,017_广东台塑智能科技有限公司新建项目_01_受理公告或公示版
PL018,PL018_广东台塑智能科技有限公司新建项目_01_受理公告或公示版.pdf,54,3,36,疑似缺失,0.2,"计算公式：V | =M×L ×
炭 3 | W ×H ×10 。其中，M-活性
3 3 | 炭抽屉个数，L -抽屉长
3 | 度，mm；W -
3","=M×L ×
炭 3；W ×H ×10 。其中，M-活性
3 3；炭抽屉个数，L -抽屉长
3；度，mm；W -
3",解析文本拼接_表格清洗增强_01_001-020.md,017_广东台塑智能科技有限公司新建项目_01_受理公告或公示版
PL018,PL018_广东台塑智能科技有限公司新建项目_01_受理公告或公示版.pdf,54,3,37,部分,0.75,"宽度，mm； | H -装填厚
3 | 度，mm（颗粒状活性炭按 | 不小于300mm设计）","H -装填厚
3",解析文本拼接_表格清洗增强_01_001-020.md,017_广东台塑智能科技有限公司新建项目_01_受理公告或公示版
PL018,PL018_广东台塑智能科技有限公司新建项目_01_受理公告或公示版.pdf,55,4,1,部分,0.8,（ ） | 。其 | 中， 活 | 性炭密度， | 3（ | 颗粒 | 状活性 | 炭 | 取 | 3）。,（ ）；中， 活,解析文本拼接_表格清洗增强_01_001-020.md,017_广东台塑智能科技有限公司新建项目_01_受理公告或公示版
PL018,PL018_广东台塑智能科技有限公司新建项目_01_受理公告或公示版.pdf,55,4,2,部分,0.778,"W kg =V | ×ρ
炭 | ρ- | k | g/ | m | 400k | g | /m","W kg =V；×ρ
炭",解析文本拼接_表格清洗增强_01_001-020.md,017_广东台塑智能科技有限公司新建项目_01_受理公告或公示版
PL018,PL018_广东台塑智能科技有限公司新建项目_01_受理公告或公示版.pdf,56,5,22,部分,0.833,序 | 排放口 | 排放口 污染 | 物种 | 内 | 温,排放口 污染,解析文本拼接_表格清洗增强_01_001-020.md,017_广东台塑智能科技有限公司新建项目_01_受理公告或公示版
PL018,PL018_广东台塑智能科技有限公司新建项目_01_受理公告或公示版.pdf,56,5,30,部分,0.75,废气排 非甲 | 烷总 | 分 | 分,废气排 非甲,解析文本拼接_表格清洗增强_01_001-020.md,017_广东台塑智能科技有限公司新建项目_01_受理公告或公示版
PL018,PL018_广东台塑智能科技有限公司新建项目_01_受理公告或公示版.pdf,56,5,31,部分,0.909,"1 | G1 | 烃、
放口 | 臭 | 气浓 | 28000 | 13.5 | 22 | 0.8 | 25 | 排","烃、
放口",解析文本拼接_表格清洗增强_01_001-020.md,017_广东台塑智能科技有限公司新建项目_01_受理公告或公示版
PL018,PL018_广东台塑智能科技有限公司新建项目_01_受理公告或公示版.pdf,57,3,3,部分,0.857,"生活
污水 | COD 、BOD 、
Cr 5
NH -N和SS
3 | 三级化粪池 | 是
否 | 北滘污
水处理
厂 | 生活污水单
独排放口 | 一般排
放口","COD 、BOD 、
Cr 5
NH -N和SS
3",解析文本拼接_表格清洗增强_01_001-020.md,017_广东台塑智能科技有限公司新建项目_01_受理公告或公示版
PL018,PL018_广东台塑智能科技有限公司新建项目_01_受理公告或公示版.pdf,57,4,2,部分,0.75,臭气浓度 | 次年 | GB14554-93 | 2,次年,解析文本拼接_表格清洗增强_01_001-020.md,017_广东台塑智能科技有限公司新建项目_01_受理公告或公示版
PL018,PL018_广东台塑智能科技有限公司新建项目_01_受理公告或公示版.pdf,57,4,9,部分,0.857,2 | 下风向 | VOCs | 1 / | ）表 无组 | 织排放监控点浓 | 度限值,）表 无组,解析文本拼接_表格清洗增强_01_001-020.md,017_广东台塑智能科技有限公司新建项目_01_受理公告或公示版
PL018,PL018_广东台塑智能科技有限公司新建项目_01_受理公告或公示版.pdf,57,4,25,部分,0.857,废 | 水 | 污 | 染防 | 治设 | 流向排 | 排放口,流向排,解析文本拼接_表格清洗增强_01_001-020.md,017_广东台塑智能科技有限公司新建项目_01_受理公告或公示版
PL018,PL018_广东台塑智能科技有限公司新建项目_01_受理公告或公示版.pdf,57,4,31,部分,0.778,"生 | 活 COD
C | 、BOD 、
r 5 三 | 级化 | 粪池 | 是 | 水处理 | 生活污水单 | 一般排","活 COD
C；、BOD 、
r 5 三",解析文本拼接_表格清洗增强_01_001-020.md,017_广东台塑智能科技有限公司新建项目_01_受理公告或公示版
PL018,PL018_广东台塑智能科技有限公司新建项目_01_受理公告或公示版.pdf,57,4,32,部分,0.857,"污 | 水 NH -
3 | N和SS | 否 | 厂 | 独排放口 | 放口","水 NH -
3",解析文本拼接_表格清洗增强_01_001-020.md,017_广东台塑智能科技有限公司新建项目_01_受理公告或公示版
PL018,PL018_广东台塑智能科技有限公司新建项目_01_受理公告或公示版.pdf,57,4,38,部分,0.889,"2349m | /a，本项 | 目生活污水的 | 主要污 | 染物 | 因子为COD | 、BOD 、氨
Cr 5 | 氮和SS等。生 | 活污水经三","、BOD 、氨
Cr 5",解析文本拼接_表格清洗增强_01_001-020.md,017_广东台塑智能科技有限公司新建项目_01_受理公告或公示版
PL018,PL018_广东台塑智能科技有限公司新建项目_01_受理公告或公示版.pdf,58,1,3,部分,0.8,"NH -N
3 | 30 | 0.070 | 5 | 0.012","NH -N
3",解析文本拼接_表格清洗增强_01_001-020.md,017_广东台塑智能科技有限公司新建项目_01_受理公告或公示版
PL018,PL018_广东台塑智能科技有限公司新建项目_01_受理公告或公示版.pdf,58,4,5,部分,0.8,"NH -N
3 | 30 | 0.070 | 5 | 0.012","NH -N
3",解析文本拼接_表格清洗增强_01_001-020.md,017_广东台塑智能科技有限公司新建项目_01_受理公告或公示版
PL018,PL018_广东台塑智能科技有限公司新建项目_01_受理公告或公示版.pdf,60,3,21,疑似缺失,0.5,"Lp＝Lp0－20lg |  
0 －ΔL"," 
0 －ΔL",解析文本拼接_表格清洗增强_01_001-020.md,017_广东台塑智能科技有限公司新建项目_01_受理公告或公示版
PL018,PL018_广东台塑智能科技有限公司新建项目_01_受理公告或公示版.pdf,60,3,22,疑似缺失,0.5,"L ——距声源r米处的噪声预测值，dB（
p | A）；","L ——距声源r米处的噪声预测值，dB（
p",解析文本拼接_表格清洗增强_01_001-020.md,017_广东台塑智能科技有限公司新建项目_01_受理公告或公示版
PL018,PL018_广东台塑智能科技有限公司新建项目_01_受理公告或公示版.pdf,60,3,28,疑似缺失,0.667,"个设备同时运行时在预测点产生的总等声 | 级贡献值（L ）的
eqg | 计算公式为：","级贡献值（L ）的
eqg",解析文本拼接_表格清洗增强_01_001-020.md,017_广东台塑智能科技有限公司新建项目_01_受理公告或公示版
PL018,PL018_广东台塑智能科技有限公司新建项目_01_受理公告或公示版.pdf,60,3,30,疑似缺失,0.0,"L ＝10lg(
eqg |  t100.1L Ai)
i","L ＝10lg(
eqg； t100.1L Ai)
i",解析文本拼接_表格清洗增强_01_001-020.md,017_广东台塑智能科技有限公司新建项目_01_受理公告或公示版
PL018,PL018_广东台塑智能科技有限公司新建项目_01_受理公告或公示版.pdf,70,2,20,疑似缺失,0.667,VOCs | G1 | 表 排气筒 排放限值,表 排气筒 排放限值,解析文本拼接_表格清洗增强_01_001-020.md,017_广东台塑智能科技有限公司新建项目_01_受理公告或公示版
PL018,PL018_广东台塑智能科技有限公司新建项目_01_受理公告或公示版.pdf,70,2,21,疑似缺失,0.5,（ ）引至楼顶排 | 2 VOCs,（ ）引至楼顶排,解析文本拼接_表格清洗增强_01_001-020.md,017_广东台塑智能科技有限公司新建项目_01_受理公告或公示版
PL018,PL018_广东台塑智能科技有限公司新建项目_01_受理公告或公示版.pdf,70,2,22,疑似缺失,0.5,24m | 中的 时段标准,中的 时段标准,解析文本拼接_表格清洗增强_01_001-020.md,017_广东台塑智能科技有限公司新建项目_01_受理公告或公示版
PL018,PL018_广东台塑智能科技有限公司新建项目_01_受理公告或公示版.pdf,70,2,38,疑似缺失,0.667,塑、破碎） | 臭气浓度 | GB14554-93 1,GB14554-93 1,解析文本拼接_表格清洗增强_01_001-020.md,017_广东台塑智能科技有限公司新建项目_01_受理公告或公示版
PL018,PL018_广东台塑智能科技有限公司新建项目_01_受理公告或公示版.pdf,70,2,58,部分,0.75,"地表水 | NH -N
3 | 处理厂处理 | 第二时段三级标准","NH -N
3",解析文本拼接_表格清洗增强_01_001-020.md,017_广东台塑智能科技有限公司新建项目_01_受理公告或公示版
PL018,PL018_广东台塑智能科技有限公司新建项目_01_受理公告或公示版.pdf,71,2,8,疑似缺失,0.667,声环境 | 噪声 | 放限值》（ ）,放限值》（ ）,解析文本拼接_表格清洗增强_01_001-020.md,017_广东台塑智能科技有限公司新建项目_01_受理公告或公示版
PL018,PL018_广东台塑智能科技有限公司新建项目_01_受理公告或公示版.pdf,74,1,10,部分,0.875,"NH -N
3 | 0 | / | / | 0.012 | 0 | 0.012 | 0.012","NH -N
3",解析文本拼接_表格清洗增强_01_001-020.md,017_广东台塑智能科技有限公司新建项目_01_受理公告或公示版
PL018,PL018_广东台塑智能科技有限公司新建项目_01_受理公告或公示版.pdf,74,2,4,疑似缺失,0.5,污染物名称 排放量（ | 固体废 | 物 排放量（固体废物排放量（固体废物 | 全厂排放量（固体废,污染物名称 排放量（；物 排放量（固体废物排放量（固体废物,解析文本拼接_表格清洗增强_01_001-020.md,017_广东台塑智能科技有限公司新建项目_01_受理公告或公示版
PL018,PL018_广东台塑智能科技有限公司新建项目_01_受理公告或公示版.pdf,74,2,18,部分,0.833,"NH -N
3 | 0 | / / 0.012 | 0 | 0.012 | 0.012","NH -N
3",解析文本拼接_表格清洗增强_01_001-020.md,017_广东台塑智能科技有限公司新建项目_01_受理公告或公示版
PL019,PL019_佛山市智龙科技有限公司迁扩建项目_01_受理公告或公示版.pdf,9,2,5,疑似缺失,0.5,1-4. / | 经市政污水管网排入勒,1-4. /,解析文本拼接_表格清洗增强_01_001-020.md,018_佛山市智龙科技有限公司迁扩建项目_01_受理公告或公示版
PL019,PL019_佛山市智龙科技有限公司迁扩建项目_01_受理公告或公示版.pdf,9,2,16,疑似缺失,0.5,1-5. / — | 经市政污水管网排入勒,1-5. / —,解析文本拼接_表格清洗增强_01_001-020.md,018_佛山市智龙科技有限公司迁扩建项目_01_受理公告或公示版
PL019,PL019_佛山市智龙科技有限公司迁扩建项目_01_受理公告或公示版.pdf,9,2,26,疑似缺失,0.5,性有机物原辅材料项目，优先开展低 含 | 原辅材料均不属,性有机物原辅材料项目，优先开展低 含,解析文本拼接_表格清洗增强_01_001-020.md,018_佛山市智龙科技有限公司迁扩建项目_01_受理公告或公示版
PL019,PL019_佛山市智龙科技有限公司迁扩建项目_01_受理公告或公示版.pdf,9,2,32,疑似缺失,0.667,2-1. / | 迁扩建项目不涉及。 | 符合,2-1. /,解析文本拼接_表格清洗增强_01_001-020.md,018_佛山市智龙科技有限公司迁扩建项目_01_受理公告或公示版
PL019,PL019_佛山市智龙科技有限公司迁扩建项目_01_受理公告或公示版.pdf,9,2,44,疑似缺失,0.5,2-4. / “ ” | 度，勒流镇万元国内生,2-4. / “ ”,解析文本拼接_表格清洗增强_01_001-020.md,018_佛山市智龙科技有限公司迁扩建项目_01_受理公告或公示版
PL019,PL019_佛山市智龙科技有限公司迁扩建项目_01_受理公告或公示版.pdf,10,1,1,疑似缺失,0.5,"污染
物排
放管
控
环境
风险
管控 | 发建设活动，严禁以各种名义侵占河道、围垦
湖泊、非法采砂等。 | 其功能定位的开发建设
活动，不侵占河道、围
垦湖泊、非法采砂等 | 符合
符合
符合
符合
符合
符合","污染
物排
放管
控
环境
风险
管控；符合
符合
符合
符合
符合
符合",解析文本拼接_表格清洗增强_01_001-020.md,018_佛山市智龙科技有限公司迁扩建项目_01_受理公告或公示版
PL019,PL019_佛山市智龙科技有限公司迁扩建项目_01_受理公告或公示版.pdf,10,2,17,疑似缺失,0.667,3-2. / | 总量指标纳入勒流污水 | 符合,3-2. /,解析文本拼接_表格清洗增强_01_001-020.md,018_佛山市智龙科技有限公司迁扩建项目_01_受理公告或公示版
PL019,PL019_佛山市智龙科技有限公司迁扩建项目_01_受理公告或公示版.pdf,10,2,39,疑似缺失,0.5,3-5. / | 机废气，经“干式过滤,3-5. /,解析文本拼接_表格清洗增强_01_001-020.md,018_佛山市智龙科技有限公司迁扩建项目_01_受理公告或公示版
PL019,PL019_佛山市智龙科技有限公司迁扩建项目_01_受理公告或公示版.pdf,10,2,42,疑似缺失,0.5,遵循重点重金属污染物排放 等量替代 原则。 | +,遵循重点重金属污染物排放 等量替代 原则。,解析文本拼接_表格清洗增强_01_001-020.md,018_佛山市智龙科技有限公司迁扩建项目_01_受理公告或公示版
PL019,PL019_佛山市智龙科技有限公司迁扩建项目_01_受理公告或公示版.pdf,10,2,43,疑似缺失,0.5,“ ” | 处理后，引至排气筒,“ ”,解析文本拼接_表格清洗增强_01_001-020.md,018_佛山市智龙科技有限公司迁扩建项目_01_受理公告或公示版
PL019,PL019_佛山市智龙科技有限公司迁扩建项目_01_受理公告或公示版.pdf,10,2,50,疑似缺失,0.5,4-2. / | 实可行环境风险防范措,4-2. /,解析文本拼接_表格清洗增强_01_001-020.md,018_佛山市智龙科技有限公司迁扩建项目_01_受理公告或公示版
PL019,PL019_佛山市智龙科技有限公司迁扩建项目_01_受理公告或公示版.pdf,10,2,58,疑似缺失,0.5,4-3. / | 存在的风险影响。,4-3. /,解析文本拼接_表格清洗增强_01_001-020.md,018_佛山市智龙科技有限公司迁扩建项目_01_受理公告或公示版
PL019,PL019_佛山市智龙科技有限公司迁扩建项目_01_受理公告或公示版.pdf,11,4,46,疑似缺失,0.5,1-4. / — | 属于高污染、高环境风险,1-4. / —,解析文本拼接_表格清洗增强_01_001-020.md,018_佛山市智龙科技有限公司迁扩建项目_01_受理公告或公示版
PL019,PL019_佛山市智龙科技有限公司迁扩建项目_01_受理公告或公示版.pdf,11,4,49,疑似缺失,0.5,入 高污染、高环境风险 产品名录等可能影 | 符合,入 高污染、高环境风险 产品名录等可能影,解析文本拼接_表格清洗增强_01_001-020.md,018_佛山市智龙科技有限公司迁扩建项目_01_受理公告或公示版
PL019,PL019_佛山市智龙科技有限公司迁扩建项目_01_受理公告或公示版.pdf,12,1,1,疑似缺失,0.5,"能源
资源
利用
污染
物排
放管
控 | 1-5.【大气/限制类】大气环境布局敏感区重
点管控区内，应严格限制新建生产和使用高
挥发性有机物原辅材料项目，优先开展低
VOCs含量原辅材料替代，强化无组织排放
控制。原则上不再新建、扩建新增氮氧化物、
烟（粉）尘排放量较大的建设项目。 | 迁扩建项目使用的涉
VOCs原辅材料均不属
于高VOCs含量原辅材
料","能源
资源
利用
污染
物排
放管
控；符合
符合
符合
符合
符合
符合
符合
符合
符合",解析文本拼接_表格清洗增强_01_001-020.md,018_佛山市智龙科技有限公司迁扩建项目_01_受理公告或公示版
PL019,PL019_佛山市智龙科技有限公司迁扩建项目_01_受理公告或公示版.pdf,12,2,9,疑似缺失,0.5,1-6. / | 符合,1-6. /,解析文本拼接_表格清洗增强_01_001-020.md,018_佛山市智龙科技有限公司迁扩建项目_01_受理公告或公示版
PL019,PL019_佛山市智龙科技有限公司迁扩建项目_01_受理公告或公示版.pdf,12,2,13,疑似缺失,0.667,2-1. / | 术，项目不属于绿色货运 | 符合,2-1. /,解析文本拼接_表格清洗增强_01_001-020.md,018_佛山市智龙科技有限公司迁扩建项目_01_受理公告或公示版
PL019,PL019_佛山市智龙科技有限公司迁扩建项目_01_受理公告或公示版.pdf,12,2,20,疑似缺失,0.5,2-3. / | 迁扩建项目不属于高能,2-3. /,解析文本拼接_表格清洗增强_01_001-020.md,018_佛山市智龙科技有限公司迁扩建项目_01_受理公告或公示版
PL019,PL019_佛山市智龙科技有限公司迁扩建项目_01_受理公告或公示版.pdf,12,2,21,疑似缺失,0.5,和强度 双控 ，新建高能耗项目单位产品（产 | 符合,和强度 双控 ，新建高能耗项目单位产品（产,解析文本拼接_表格清洗增强_01_001-020.md,018_佛山市智龙科技有限公司迁扩建项目_01_受理公告或公示版
PL019,PL019_佛山市智龙科技有限公司迁扩建项目_01_受理公告或公示版.pdf,12,2,27,疑似缺失,0.5,2-4. / “ ” | 最严格水资源管理制度，,2-4. / “ ”,解析文本拼接_表格清洗增强_01_001-020.md,018_佛山市智龙科技有限公司迁扩建项目_01_受理公告或公示版
PL019,PL019_佛山市智龙科技有限公司迁扩建项目_01_受理公告或公示版.pdf,12,2,44,疑似缺失,0.5,2-6. / | 水域，不会破坏生态的岸,2-6. /,解析文本拼接_表格清洗增强_01_001-020.md,018_佛山市智龙科技有限公司迁扩建项目_01_受理公告或公示版
PL019,PL019_佛山市智龙科技有限公司迁扩建项目_01_受理公告或公示版.pdf,13,3,2,疑似缺失,0.5,3-2. / | 迁扩建项目不属于村级,3-2. /,解析文本拼接_表格清洗增强_01_001-020.md,018_佛山市智龙科技有限公司迁扩建项目_01_受理公告或公示版
PL019,PL019_佛山市智龙科技有限公司迁扩建项目_01_受理公告或公示版.pdf,13,3,7,疑似缺失,0.5,3-3. / “ | 迁扩建项目位于勒流污,3-3. / “,解析文本拼接_表格清洗增强_01_001-020.md,018_佛山市智龙科技有限公司迁扩建项目_01_受理公告或公示版
PL019,PL019_佛山市智龙科技有限公司迁扩建项目_01_受理公告或公示版.pdf,13,3,16,疑似缺失,0.0,全覆盖。 年前完成勒流污水处理厂扩建， | GB18918-2002 A,全覆盖。 年前完成勒流污水处理厂扩建，；GB18918-2002 A,解析文本拼接_表格清洗增强_01_001-020.md,018_佛山市智龙科技有限公司迁扩建项目_01_受理公告或公示版
PL019,PL019_佛山市智龙科技有限公司迁扩建项目_01_受理公告或公示版.pdf,13,3,21,疑似缺失,0.0,GB18918-2002 A | （ ）的较严,GB18918-2002 A；（ ）的较严,解析文本拼接_表格清洗增强_01_001-020.md,018_佛山市智龙科技有限公司迁扩建项目_01_受理公告或公示版
PL019,PL019_佛山市智龙科技有限公司迁扩建项目_01_受理公告或公示版.pdf,13,3,22,疑似缺失,0.5,省水污染物排放限值》（ ）的 | DB44/26-2001,省水污染物排放限值》（ ）的,解析文本拼接_表格清洗增强_01_001-020.md,018_佛山市智龙科技有限公司迁扩建项目_01_受理公告或公示版
PL019,PL019_佛山市智龙科技有限公司迁扩建项目_01_受理公告或公示版.pdf,13,3,34,疑似缺失,0.667,3-5. / | 防控的重金属污染物排 | 符合,3-5. /,解析文本拼接_表格清洗增强_01_001-020.md,018_佛山市智龙科技有限公司迁扩建项目_01_受理公告或公示版
PL019,PL019_佛山市智龙科技有限公司迁扩建项目_01_受理公告或公示版.pdf,14,2,34,疑似缺失,0.5,2.1 | 放 项目。,放 项目。,解析文本拼接_表格清洗增强_01_001-020.md,018_佛山市智龙科技有限公司迁扩建项目_01_受理公告或公示版
PL019,PL019_佛山市智龙科技有限公司迁扩建项目_01_受理公告或公示版.pdf,14,2,38,疑似缺失,0.5,用低 含量原辅材料的企业纳入正面清单 | 符合,用低 含量原辅材料的企业纳入正面清单,解析文本拼接_表格清洗增强_01_001-020.md,018_佛山市智龙科技有限公司迁扩建项目_01_受理公告或公示版
PL019,PL019_佛山市智龙科技有限公司迁扩建项目_01_受理公告或公示版.pdf,15,2,20,疑似缺失,0.5,项目不产生含 废水 | 符合,项目不产生含 废水,解析文本拼接_表格清洗增强_01_001-020.md,018_佛山市智龙科技有限公司迁扩建项目_01_受理公告或公示版
PL019,PL019_佛山市智龙科技有限公司迁扩建项目_01_受理公告或公示版.pdf,15,2,59,疑似缺失,0.5,6.1 | 料（新料）、 塑料（新,料（新料）、 塑料（新,解析文本拼接_表格清洗增强_01_001-020.md,018_佛山市智龙科技有限公司迁扩建项目_01_受理公告或公示版
PL019,PL019_佛山市智龙科技有限公司迁扩建项目_01_受理公告或公示版.pdf,16,2,17,疑似缺失,0.5,建立台账，记录含 原辅材料和含 | VOCs,建立台账，记录含 原辅材料和含,解析文本拼接_表格清洗增强_01_001-020.md,018_佛山市智龙科技有限公司迁扩建项目_01_受理公告或公示版
PL019,PL019_佛山市智龙科技有限公司迁扩建项目_01_受理公告或公示版.pdf,16,2,18,疑似缺失,0.5,VOCs VOCs | 材料和产品的名称、使用量、,VOCs VOCs,解析文本拼接_表格清洗增强_01_001-020.md,018_佛山市智龙科技有限公司迁扩建项目_01_受理公告或公示版
PL019,PL019_佛山市智龙科技有限公司迁扩建项目_01_受理公告或公示版.pdf,17,2,7,疑似缺失,0.5,式过滤棉 活性炭吸附”装置 | 符合,式过滤棉 活性炭吸附”装置,解析文本拼接_表格清洗增强_01_001-020.md,018_佛山市智龙科技有限公司迁扩建项目_01_受理公告或公示版
PL019,PL019_佛山市智龙科技有限公司迁扩建项目_01_受理公告或公示版.pdf,17,2,8,疑似缺失,0.5,应排至 废气收集处理系统；无法密闭的， | +,应排至 废气收集处理系统；无法密闭的，,解析文本拼接_表格清洗增强_01_001-020.md,018_佛山市智龙科技有限公司迁扩建项目_01_受理公告或公示版
PL019,PL019_佛山市智龙科技有限公司迁扩建项目_01_受理公告或公示版.pdf,17,2,9,疑似缺失,0.5,VOCs | 处理后引至 米排气筒,处理后引至 米排气筒,解析文本拼接_表格清洗增强_01_001-020.md,018_佛山市智龙科技有限公司迁扩建项目_01_受理公告或公示版
PL019,PL019_佛山市智龙科技有限公司迁扩建项目_01_受理公告或公示版.pdf,17,2,10,疑似缺失,0.5,应采取局部气体收集措施，废气排至 废 | 45,应采取局部气体收集措施，废气排至 废,解析文本拼接_表格清洗增强_01_001-020.md,018_佛山市智龙科技有限公司迁扩建项目_01_受理公告或公示版
PL019,PL019_佛山市智龙科技有限公司迁扩建项目_01_受理公告或公示版.pdf,17,2,17,疑似缺失,0.0,VOCs 0.3m/s | 风速为 。,VOCs 0.3m/s；风速为 。,解析文本拼接_表格清洗增强_01_001-020.md,018_佛山市智龙科技有限公司迁扩建项目_01_受理公告或公示版
PL019,PL019_佛山市智龙科技有限公司迁扩建项目_01_受理公告或公示版.pdf,17,2,32,疑似缺失,0.0,（ ）第Ⅱ时段排放限值，合成革和 | GB31572-2015 2024,（ ）第Ⅱ时段排放限值，合成革和；GB31572-2015 2024,解析文本拼接_表格清洗增强_01_001-020.md,018_佛山市智龙科技有限公司迁扩建项目_01_受理公告或公示版
PL019,PL019_佛山市智龙科技有限公司迁扩建项目_01_受理公告或公示版.pdf,17,2,33,疑似缺失,0.5,DB4427-2001 | 年修改单）中表 大气污染,年修改单）中表 大气污染,解析文本拼接_表格清洗增强_01_001-020.md,018_佛山市智龙科技有限公司迁扩建项目_01_受理公告或公示版
PL019,PL019_佛山市智龙科技有限公司迁扩建项目_01_受理公告或公示版.pdf,17,2,45,疑似缺失,0.5,NMHC ≥3kg/h | 值；厂区内无组织排放监控,NMHC ≥3kg/h,解析文本拼接_表格清洗增强_01_001-020.md,018_佛山市智龙科技有限公司迁扩建项目_01_受理公告或公示版
PL019,PL019_佛山市智龙科技有限公司迁扩建项目_01_受理公告或公示版.pdf,17,2,47,疑似缺失,0.0,VOCs ≥80% b | 点 达到广东省《固定,VOCs ≥80% b；点 达到广东省《固定,解析文本拼接_表格清洗增强_01_001-020.md,018_佛山市智龙科技有限公司迁扩建项目_01_受理公告或公示版
PL019,PL019_佛山市智龙科技有限公司迁扩建项目_01_受理公告或公示版.pdf,17,2,53,疑似缺失,0.5,20mg/m | 表 厂区内 无组织排,表 厂区内 无组织排,解析文本拼接_表格清洗增强_01_001-020.md,018_佛山市智龙科技有限公司迁扩建项目_01_受理公告或公示版
PL019,PL019_佛山市智龙科技有限公司迁扩建项目_01_受理公告或公示版.pdf,18,2,8,疑似缺失,0.5,空间，全区建设项目新增 排放量施行 减 | VOCs,空间，全区建设项目新增 排放量施行 减,解析文本拼接_表格清洗增强_01_001-020.md,018_佛山市智龙科技有限公司迁扩建项目_01_受理公告或公示版
PL019,PL019_佛山市智龙科技有限公司迁扩建项目_01_受理公告或公示版.pdf,18,2,9,疑似缺失,0.0,VOCs “ | 标为 ，由勒流镇出具,VOCs “；标为 ，由勒流镇出具,解析文本拼接_表格清洗增强_01_001-020.md,018_佛山市智龙科技有限公司迁扩建项目_01_受理公告或公示版
PL019,PL019_佛山市智龙科技有限公司迁扩建项目_01_受理公告或公示版.pdf,18,2,10,疑似缺失,0.0,"二增一 政策。其中，有组织排放和无组织排放 | 0.839t/a
符合","二增一 政策。其中，有组织排放和无组织排放；0.839t/a
符合",解析文本拼接_表格清洗增强_01_001-020.md,018_佛山市智龙科技有限公司迁扩建项目_01_受理公告或公示版
PL019,PL019_佛山市智龙科技有限公司迁扩建项目_01_受理公告或公示版.pdf,19,2,16,疑似缺失,0.667,面积约 2，厂房 | 搬迁至广东 | 依托所,面积约 2，厂房,解析文本拼接_表格清洗增强_01_001-020.md,018_佛山市智龙科技有限公司迁扩建项目_01_受理公告或公示版
PL019,PL019_佛山市智龙科技有限公司迁扩建项目_01_受理公告或公示版.pdf,19,2,17,疑似缺失,0.5,700m | 面积约 2，厂房,面积约 2，厂房,解析文本拼接_表格清洗增强_01_001-020.md,018_佛山市智龙科技有限公司迁扩建项目_01_受理公告或公示版
PL019,PL019_佛山市智龙科技有限公司迁扩建项目_01_受理公告或公示版.pdf,19,2,18,部分,0.8,主体 | 层高 米，含混料、 | 500m | 省佛山市顺 | 在厂房,层高 米，含混料、,解析文本拼接_表格清洗增强_01_001-020.md,018_佛山市智龙科技有限公司迁扩建项目_01_受理公告或公示版
PL019,PL019_佛山市智龙科技有限公司迁扩建项目_01_受理公告或公示版.pdf,19,2,19,疑似缺失,0.667,生产车间 | 5 | 层高 米，含混料、,层高 米，含混料、,解析文本拼接_表格清洗增强_01_001-020.md,018_佛山市智龙科技有限公司迁扩建项目_01_受理公告或公示版
PL019,PL019_佛山市智龙科技有限公司迁扩建项目_01_受理公告或公示版.pdf,20,2,25,疑似缺失,0.5,超声 | 干式过滤棉 活性炭,干式过滤棉 活性炭,解析文本拼接_表格清洗增强_01_001-020.md,018_佛山市智龙科技有限公司迁扩建项目_01_受理公告或公示版
PL019,PL019_佛山市智龙科技有限公司迁扩建项目_01_受理公告或公示版.pdf,20,2,30,部分,0.8,治 | 3 ， 米高 | DA001 | 吸附”处理设 | /,3 ， 米高,解析文本拼接_表格清洗增强_01_001-020.md,018_佛山市智龙科技有限公司迁扩建项目_01_受理公告或公示版
PL019,PL019_佛山市智龙科技有限公司迁扩建项目_01_受理公告或公示版.pdf,20,2,31,疑似缺失,0.333,锡、浸 | 15000m /h 15 | 3 ， 米高,15000m /h 15；3 ， 米高,解析文本拼接_表格清洗增强_01_001-020.md,018_佛山市智龙科技有限公司迁扩建项目_01_受理公告或公示版
PL019,PL019_佛山市智龙科技有限公司迁扩建项目_01_受理公告或公示版.pdf,20,2,32,部分,0.75,理 | 空排放） | 20000m /h 45 | 施,20000m /h 45,解析文本拼接_表格清洗增强_01_001-020.md,018_佛山市智龙科技有限公司迁扩建项目_01_受理公告或公示版
PL019,PL019_佛山市智龙科技有限公司迁扩建项目_01_受理公告或公示版.pdf,22,3,30,疑似缺失,0.667,"3 | PC | >340
条件下才挥",">340
条件下才挥",解析文本拼接_表格清洗增强_01_001-020.md,018_佛山市智龙科技有限公司迁扩建项目_01_受理公告或公示版
PL019,PL019_佛山市智龙科技有限公司迁扩建项目_01_受理公告或公示版.pdf,22,3,50,疑似缺失,0.667,5 | TPU | 体育用品、玩具、装饰材料等领域得到广泛应用，无卤阻 条件下才挥,体育用品、玩具、装饰材料等领域得到广泛应用，无卤阻 条件下才挥,解析文本拼接_表格清洗增强_01_001-020.md,018_佛山市智龙科技有限公司迁扩建项目_01_受理公告或公示版
PL019,PL019_佛山市智龙科技有限公司迁扩建项目_01_受理公告或公示版.pdf,23,3,15,疑似缺失,0.5,10 | 液压油 锈、冷却等作用。其主要成分是基础油及添加剂，外观为 /,液压油 锈、冷却等作用。其主要成分是基础油及添加剂，外观为 /,解析文本拼接_表格清洗增强_01_001-020.md,018_佛山市智龙科技有限公司迁扩建项目_01_受理公告或公示版
PL019,PL019_佛山市智龙科技有限公司迁扩建项目_01_受理公告或公示版.pdf,23,3,21,疑似缺失,0.5,号 | 名称 含量 国家标准限值,名称 含量 国家标准限值,解析文本拼接_表格清洗增强_01_001-020.md,018_佛山市智龙科技有限公司迁扩建项目_01_受理公告或公示版
PL019,PL019_佛山市智龙科技有限公司迁扩建项目_01_受理公告或公示版.pdf,23,3,27,疑似缺失,0.5,2 | 热熔胶 33372-2020），本体型胶粘 50g/kg 是,热熔胶 33372-2020），本体型胶粘 50g/kg 是,解析文本拼接_表格清洗增强_01_001-020.md,018_佛山市智龙科技有限公司迁扩建项目_01_受理公告或公示版
PL019,PL019_佛山市智龙科技有限公司迁扩建项目_01_受理公告或公示版.pdf,26,3,16,疑似缺失,0.6,设 | 备型 数 | 量 | 年生产 | 能力 塑料原辅,备型 数；能力 塑料原辅,解析文本拼接_表格清洗增强_01_001-020.md,018_佛山市智龙科技有限公司迁扩建项目_01_受理公告或公示版
PL019,PL019_佛山市智龙科技有限公司迁扩建项目_01_受理公告或公示版.pdf,28,5,8,部分,0.75,1 | 20 | 15 | 减少 人,减少 人,解析文本拼接_表格清洗增强_01_001-020.md,018_佛山市智龙科技有限公司迁扩建项目_01_受理公告或公示版
PL019,PL019_佛山市智龙科技有限公司迁扩建项目_01_受理公告或公示版.pdf,28,5,10,疑似缺失,0.667,年工 | 作300天，工作时间 年工作30 | 0天，工作时间,作300天，工作时间 年工作30,解析文本拼接_表格清洗增强_01_001-020.md,018_佛山市智龙科技有限公司迁扩建项目_01_受理公告或公示版
PL019,PL019_佛山市智龙科技有限公司迁扩建项目_01_受理公告或公示版.pdf,28,5,11,疑似缺失,0.4,"2 | 工作制度 8:00- | 12:00,13：30-17:30， 8:00-12:00 | ,13：30-17:30 | ， 不变","工作制度 8:00-；12:00,13：30-17:30， 8:00-12:00；， 不变",解析文本拼接_表格清洗增强_01_001-020.md,018_佛山市智龙科技有限公司迁扩建项目_01_受理公告或公示版
PL019,PL019_佛山市智龙科技有限公司迁扩建项目_01_受理公告或公示版.pdf,30,3,16,疑似缺失,0.667,"员工生活 | 生活污水 | CODcr、BOD 、NH -N、
5 3","CODcr、BOD 、NH -N、
5 3",解析文本拼接_表格清洗增强_01_001-020.md,018_佛山市智龙科技有限公司迁扩建项目_01_受理公告或公示版
PL019,PL019_佛山市智龙科技有限公司迁扩建项目_01_受理公告或公示版.pdf,31,3,19,部分,0.857,"生 | 活污水排放量 | 为216t/a，废水中 | 的主要污染 | 物为COD
Cr | 、BOD 、SS、
5 | 氨氮等。","、BOD 、SS、
5",解析文本拼接_表格清洗增强_01_001-020.md,018_佛山市智龙科技有限公司迁扩建项目_01_受理公告或公示版
PL019,PL019_佛山市智龙科技有限公司迁扩建项目_01_受理公告或公示版.pdf,37,2,12,部分,0.8,40 50% | 算方法（试行》中表 | 80% | 算方法（试行》中表 | 塑料制品行业系数,40 50%,解析文本拼接_表格清洗增强_01_001-020.md,018_佛山市智龙科技有限公司迁扩建项目_01_受理公告或公示版
PL019,PL019_佛山市智龙科技有限公司迁扩建项目_01_受理公告或公示版.pdf,37,2,13,疑似缺失,0.6,松香 ～ 、活化剂 | 1-4 | 、丁二醇 、其 | 1-4 | -292,松香 ～ 、活化剂；、丁二醇 、其,解析文本拼接_表格清洗增强_01_001-020.md,018_佛山市智龙科技有限公司迁扩建项目_01_受理公告或公示版
PL019,PL019_佛山市智龙科技有限公司迁扩建项目_01_受理公告或公示版.pdf,37,2,14,疑似缺失,0.4,35 45% | 主要塑料制品制造工序 | 9% 1% | 主要塑料制品制造工序 | 手册》中 塑料零件,35 45%；9% 1%；手册》中 塑料零件,解析文本拼接_表格清洗增强_01_001-020.md,018_佛山市智龙科技有限公司迁扩建项目_01_受理公告或公示版
PL019,PL019_佛山市智龙科技有限公司迁扩建项目_01_受理公告或公示版.pdf,37,2,15,疑似缺失,0.6,采用产污 | 系数来源 | ～ 、其它添加剂 | 他 ，易挥发成分 | “2929,～ 、其它添加剂；他 ，易挥发成分,解析文本拼接_表格清洗增强_01_001-020.md,018_佛山市智龙科技有限公司迁扩建项目_01_受理公告或公示版
PL019,PL019_佛山市智龙科技有限公司迁扩建项目_01_受理公告或公示版.pdf,37,2,16,部分,0.8,1 2% | 产污系数中的射出成型 | 10% | 产污系数中的射出成型 | 及其他塑料制品制造行,1 2%,解析文本拼接_表格清洗增强_01_001-020.md,018_佛山市智龙科技有限公司迁扩建项目_01_受理公告或公示版
PL019,PL019_佛山市智龙科技有限公司迁扩建项目_01_受理公告或公示版.pdf,37,2,18,部分,0.75,1 5% | 制造废气排放系数，非甲 | 制造废气排放系数，非 | 业系数表 塑料零件挤,业系数表 塑料零件挤,解析文本拼接_表格清洗增强_01_001-020.md,018_佛山市智龙科技有限公司迁扩建项目_01_受理公告或公示版
PL019,PL019_佛山市智龙科技有限公司迁扩建项目_01_受理公告或公示版.pdf,37,2,20,部分,0.75,VOCs 50% | 烷总烃排放系数为 | 甲烷总烃排放系数为 | 出的非甲烷总经产生系,VOCs 50%,解析文本拼接_表格清洗增强_01_001-020.md,018_佛山市智龙科技有限公司迁扩建项目_01_受理公告或公示版
PL019,PL019_佛山市智龙科技有限公司迁扩建项目_01_受理公告或公示版.pdf,37,2,22,部分,0.75,原料量 | 90% | 原料量 | 数为 千克吨 产品,数为 千克吨 产品,解析文本拼接_表格清洗增强_01_001-020.md,018_佛山市智龙科技有限公司迁扩建项目_01_受理公告或公示版
PL019,PL019_佛山市智龙科技有限公司迁扩建项目_01_受理公告或公示版.pdf,37,2,23,疑似缺失,0.667,2.885kg/t | 2.885kg/t | 2.70 / -,2.70 / -,解析文本拼接_表格清洗增强_01_001-020.md,018_佛山市智龙科技有限公司迁扩建项目_01_受理公告或公示版
PL019,PL019_佛山市智龙科技有限公司迁扩建项目_01_受理公告或公示版.pdf,38,1,16,疑似缺失,0.5,"NH -N
3 | 0.0011","NH -N
3",解析文本拼接_表格清洗增强_01_001-020.md,018_佛山市智龙科技有限公司迁扩建项目_01_受理公告或公示版
PL019,PL019_佛山市智龙科技有限公司迁扩建项目_01_受理公告或公示版.pdf,38,2,41,疑似缺失,0.5,"NH -N
3 | 0.0011","NH -N
3",解析文本拼接_表格清洗增强_01_001-020.md,018_佛山市智龙科技有限公司迁扩建项目_01_受理公告或公示版
PL019,PL019_佛山市智龙科技有限公司迁扩建项目_01_受理公告或公示版.pdf,39,2,10,疑似缺失,0.667,VOCs | 0.110 | 准》（ ）表,准》（ ）表,解析文本拼接_表格清洗增强_01_001-020.md,018_佛山市智龙科技有限公司迁扩建项目_01_受理公告或公示版
PL019,PL019_佛山市智龙科技有限公司迁扩建项目_01_受理公告或公示版.pdf,39,2,11,疑似缺失,0.5,集气罩收集 二 | DB44/2367-2022 1,集气罩收集 二,解析文本拼接_表格清洗增强_01_001-020.md,018_佛山市智龙科技有限公司迁扩建项目_01_受理公告或公示版
PL019,PL019_佛山市智龙科技有限公司迁扩建项目_01_受理公告或公示版.pdf,39,2,42,疑似缺失,0.667,烃 | 0.618 | GB31572-2015 9,GB31572-2015 9,解析文本拼接_表格清洗增强_01_001-020.md,018_佛山市智龙科技有限公司迁扩建项目_01_受理公告或公示版
PL019,PL019_佛山市智龙科技有限公司迁扩建项目_01_受理公告或公示版.pdf,39,2,46,疑似缺失,0.667,臭气浓度 | 少量 | GB14554-93 1,GB14554-93 1,解析文本拼接_表格清洗增强_01_001-020.md,018_佛山市智龙科技有限公司迁扩建项目_01_受理公告或公示版
PL019,PL019_佛山市智龙科技有限公司迁扩建项目_01_受理公告或公示版.pdf,39,2,51,疑似缺失,0.667,颗粒物 | 加强室内通风 | 标准》（ ）表,标准》（ ）表,解析文本拼接_表格清洗增强_01_001-020.md,018_佛山市智龙科技有限公司迁扩建项目_01_受理公告或公示版
PL019,PL019_佛山市智龙科技有限公司迁扩建项目_01_受理公告或公示版.pdf,39,2,52,疑似缺失,0.667,织） | 0.01425 | GB31572-2015 9,GB31572-2015 9,解析文本拼接_表格清洗增强_01_001-020.md,018_佛山市智龙科技有限公司迁扩建项目_01_受理公告或公示版
PL019,PL019_佛山市智龙科技有限公司迁扩建项目_01_受理公告或公示版.pdf,39,2,71,部分,0.75,噪 | 设备噪 | 减振、消声及隔 | 放标准》（ ）,放标准》（ ）,解析文本拼接_表格清洗增强_01_001-020.md,018_佛山市智龙科技有限公司迁扩建项目_01_受理公告或公示版
PL019,PL019_佛山市智龙科技有限公司迁扩建项目_01_受理公告或公示版.pdf,41,1,3,部分,0.833,"SO （ug/m3）
2 | 年平均质量浓度 | 6 | 60 | 10 | 达标","SO （ug/m3）
2",解析文本拼接_表格清洗增强_01_001-020.md,018_佛山市智龙科技有限公司迁扩建项目_01_受理公告或公示版
PL019,PL019_佛山市智龙科技有限公司迁扩建项目_01_受理公告或公示版.pdf,41,1,4,部分,0.833,"NO （ug/m3）
2 | 年平均质量浓度 | 28 | 40 | 70 | 达标","NO （ug/m3）
2",解析文本拼接_表格清洗增强_01_001-020.md,018_佛山市智龙科技有限公司迁扩建项目_01_受理公告或公示版
PL019,PL019_佛山市智龙科技有限公司迁扩建项目_01_受理公告或公示版.pdf,41,1,5,部分,0.833,"PM （ug/m3）
10 | 年平均质量浓度 | 35 | 70 | 50 | 达标","PM （ug/m3）
10",解析文本拼接_表格清洗增强_01_001-020.md,018_佛山市智龙科技有限公司迁扩建项目_01_受理公告或公示版
PL019,PL019_佛山市智龙科技有限公司迁扩建项目_01_受理公告或公示版.pdf,41,1,6,部分,0.833,"PM （ug/m3）
2.5 | 年平均质量浓度 | 20 | 35 | 57.14 | 达标","PM （ug/m3）
2.5",解析文本拼接_表格清洗增强_01_001-020.md,018_佛山市智龙科技有限公司迁扩建项目_01_受理公告或公示版
PL019,PL019_佛山市智龙科技有限公司迁扩建项目_01_受理公告或公示版.pdf,41,3,19,部分,0.714,"状 | 况公报》的通知 | 中的大气环境数据， | 2023年 | 全区 SO （二
2 | 氧化硫）、 | NO （二
2","全区 SO （二
2；NO （二
2",解析文本拼接_表格清洗增强_01_001-020.md,018_佛山市智龙科技有限公司迁扩建项目_01_受理公告或公示版
PL019,PL019_佛山市智龙科技有限公司迁扩建项目_01_受理公告或公示版.pdf,41,3,20,部分,0.714,"氧 | 化氮）、PM （
10 | 可吸入颗粒物）、P | M （细
2.5 | 颗粒物）平均 | 浓度分别为 | 6、28、","化氮）、PM （
10；M （细
2.5",解析文本拼接_表格清洗增强_01_001-020.md,018_佛山市智龙科技有限公司迁扩建项目_01_受理公告或公示版
PL019,PL019_佛山市智龙科技有限公司迁扩建项目_01_受理公告或公示版.pdf,41,3,22,部分,0.714,"35 | 、20 ，CO
ug/m | （一氧化碳）浓度的 | 第 95百 | 分位数为 1.0ug | ，O （臭
/m 3 | 氧）最","、20 ，CO
ug/m；，O （臭
/m 3",解析文本拼接_表格清洗增强_01_001-020.md,018_佛山市智龙科技有限公司迁扩建项目_01_受理公告或公示版
PL019,PL019_佛山市智龙科技有限公司迁扩建项目_01_受理公告或公示版.pdf,41,3,24,疑似缺失,0.571,"大 | 8 小时平均值的 | 第 90 百分位数为 16 | 4ug/m ，S | O （二氧化
2 | 硫）、NO （
2 | 二氧化","4ug/m ，S；O （二氧化
2；硫）、NO （
2",解析文本拼接_表格清洗增强_01_001-020.md,018_佛山市智龙科技有限公司迁扩建项目_01_受理公告或公示版
PL019,PL019_佛山市智龙科技有限公司迁扩建项目_01_受理公告或公示版.pdf,41,3,25,部分,0.714,"氮 | ）、PM （可吸
10 | 入颗粒物）、PM （
2.5 | 细颗粒 | 物）、CO（一 | 氧化碳）五 | 项污染","）、PM （可吸
10；入颗粒物）、PM （
2.5",解析文本拼接_表格清洗增强_01_001-020.md,018_佛山市智龙科技有限公司迁扩建项目_01_受理公告或公示版
PL019,PL019_佛山市智龙科技有限公司迁扩建项目_01_受理公告或公示版.pdf,41,3,27,部分,0.833,"二 | 级标准，臭氧（ | O ）超标，项目所在
3 | 的顺德区 | 判断为不达标 | 区。","O ）超标，项目所在
3",解析文本拼接_表格清洗增强_01_001-020.md,018_佛山市智龙科技有限公司迁扩建项目_01_受理公告或公示版
PL019,PL019_佛山市智龙科技有限公司迁扩建项目_01_受理公告或公示版.pdf,41,3,31,部分,0.833,"SO | （ug/m ）
2 | 年平均质量浓度 | 6 | 60 | 10","（ug/m ）
2",解析文本拼接_表格清洗增强_01_001-020.md,018_佛山市智龙科技有限公司迁扩建项目_01_受理公告或公示版
PL019,PL019_佛山市智龙科技有限公司迁扩建项目_01_受理公告或公示版.pdf,41,3,33,部分,0.833,"NO | （ug/m ）
2 | 年平均质量浓度 | 28 | 40 | 70","（ug/m ）
2",解析文本拼接_表格清洗增强_01_001-020.md,018_佛山市智龙科技有限公司迁扩建项目_01_受理公告或公示版
PL019,PL019_佛山市智龙科技有限公司迁扩建项目_01_受理公告或公示版.pdf,41,3,35,部分,0.833,"PM | （ug/m ）
10 | 年平均质量浓度 | 35 | 70 | 50","（ug/m ）
10",解析文本拼接_表格清洗增强_01_001-020.md,018_佛山市智龙科技有限公司迁扩建项目_01_受理公告或公示版
PL019,PL019_佛山市智龙科技有限公司迁扩建项目_01_受理公告或公示版.pdf,41,3,37,部分,0.833,"PM | （ug/m ）
2.5 | 年平均质量浓度 | 20 | 35 5 | 7.14","（ug/m ）
2.5",解析文本拼接_表格清洗增强_01_001-020.md,018_佛山市智龙科技有限公司迁扩建项目_01_受理公告或公示版
PL019,PL019_佛山市智龙科技有限公司迁扩建项目_01_受理公告或公示版.pdf,42,1,2,部分,0.833,"O （ug/m3）
3 | 90百分位数最大8小
时平均质量浓度 | 164 | 160 | 102.5 | 不达标","O （ug/m3）
3",解析文本拼接_表格清洗增强_01_001-020.md,018_佛山市智龙科技有限公司迁扩建项目_01_受理公告或公示版
PL019,PL019_佛山市智龙科技有限公司迁扩建项目_01_受理公告或公示版.pdf,42,2,22,疑似缺失,0.5,1 | 江村 居民区 约10000人 西 150,江村 居民区 约10000人 西 150,解析文本拼接_表格清洗增强_01_001-020.md,018_佛山市智龙科技有限公司迁扩建项目_01_受理公告或公示版
PL019,PL019_佛山市智龙科技有限公司迁扩建项目_01_受理公告或公示版.pdf,42,2,26,疑似缺失,0.5,2 | 莘村 居民区 约2000人 东南 236,莘村 居民区 约2000人 东南 236,解析文本拼接_表格清洗增强_01_001-020.md,018_佛山市智龙科技有限公司迁扩建项目_01_受理公告或公示版
PL019,PL019_佛山市智龙科技有限公司迁扩建项目_01_受理公告或公示版.pdf,43,2,17,疑似缺失,0.667,"指标 | COD | BOD SS 氨氮
Cr 5","BOD SS 氨氮
Cr 5",解析文本拼接_表格清洗增强_01_001-020.md,018_佛山市智龙科技有限公司迁扩建项目_01_受理公告或公示版
PL019,PL019_佛山市智龙科技有限公司迁扩建项目_01_受理公告或公示版.pdf,43,2,19,疑似缺失,0.5,"（ ）第二时 | 段一级标准较严 | ≤40
值 | ≤10 ≤10 ≤5","（ ）第二时；≤40
值",解析文本拼接_表格清洗增强_01_001-020.md,018_佛山市智龙科技有限公司迁扩建项目_01_受理公告或公示版
PL019,PL019_佛山市智龙科技有限公司迁扩建项目_01_受理公告或公示版.pdf,46,2,6,部分,0.833,"NH -N
3 | 0.0011 | 0.0011 | 0.0007 | -0.0004 | /","NH -N
3",解析文本拼接_表格清洗增强_01_001-020.md,018_佛山市智龙科技有限公司迁扩建项目_01_受理公告或公示版
PL019,PL019_佛山市智龙科技有限公司迁扩建项目_01_受理公告或公示版.pdf,46,3,1,部分,0.857,"迁扩建前项目 | 生活废水排 | 放量为0.021 | 6万t/a，CO | Dcr总量为 | 0.0086t/a | ，NH -N
3","，NH -N
3",解析文本拼接_表格清洗增强_01_001-020.md,018_佛山市智龙科技有限公司迁扩建项目_01_受理公告或公示版
PL019,PL019_佛山市智龙科技有限公司迁扩建项目_01_受理公告或公示版.pdf,46,3,4,部分,0.857,"迁扩建后项目 | 生活废水排 | 放量为0.013 | 5万t/a，CO | Dcr总量为 | 0.0054t/a | ，NH -N
3","，NH -N
3",解析文本拼接_表格清洗增强_01_001-020.md,018_佛山市智龙科技有限公司迁扩建项目_01_受理公告或公示版
PL019,PL019_佛山市智龙科技有限公司迁扩建项目_01_受理公告或公示版.pdf,46,3,23,疑似缺失,0.5,项目 控制指 | 标 发 | 总量指 真 | 总量指 厂 | 总量指 | 变化量,标 发；总量指 真；总量指 厂,解析文本拼接_表格清洗增强_01_001-020.md,018_佛山市智龙科技有限公司迁扩建项目_01_受理公告或公示版
PL019,PL019_佛山市智龙科技有限公司迁扩建项目_01_受理公告或公示版.pdf,48,2,5,部分,0.923,"节 | 类 | 量（t/a） | 量
（ ） | （mg | 形式 | （m3/ | 率 | 率 | 可
行 | （t/ | 率 | （m
3","量
（ ）",解析文本拼接_表格清洗增强_01_001-020.md,018_佛山市智龙科技有限公司迁扩建项目_01_受理公告或公示版
PL019,PL019_佛山市智龙科技有限公司迁扩建项目_01_受理公告或公示版.pdf,53,4,3,疑似缺失,0.6,"W
（台） | m H | m | （ 3 ） | （ 3 ）","W
（台）；m H",解析文本拼接_表格清洗增强_01_001-020.md,018_佛山市智龙科技有限公司迁扩建项目_01_受理公告或公示版
PL019,PL019_佛山市智龙科技有限公司迁扩建项目_01_受理公告或公示版.pdf,54,3,10,疑似缺失,0.5,全密 | 封设备空,封设备空,解析文本拼接_表格清洗增强_01_001-020.md,018_佛山市智龙科技有限公司迁扩建项目_01_受理公告或公示版
PL019,PL019_佛山市智龙科技有限公司迁扩建项目_01_受理公告或公示版.pdf,56,2,5,疑似缺失,0.5,放源 | 浓 | 度 | 3 速 | 率 ） 时间 | 频次次,3 速；率 ） 时间；频次次,解析文本拼接_表格清洗增强_01_001-020.md,018_佛山市智龙科技有限公司迁扩建项目_01_受理公告或公示版
PL019,PL019_佛山市智龙科技有限公司迁扩建项目_01_受理公告或公示版.pdf,57,2,2,疑似缺失,0.5,厂区内 NMHC 每半 | 年一次 标准》（DB44/2367-2022）表3厂区内VOCs,年一次 标准》（DB44/2367-2022）表3厂区内VOCs,解析文本拼接_表格清洗增强_01_001-020.md,018_佛山市智龙科技有限公司迁扩建项目_01_受理公告或公示版
PL019,PL019_佛山市智龙科技有限公司迁扩建项目_01_受理公告或公示版.pdf,57,2,13,疑似缺失,0.0,"约135m /a，这部分污水主要含COD | cr、BOD 、SS、NH -N等污染物。项目生活污
5 3","约135m /a，这部分污水主要含COD；cr、BOD 、SS、NH -N等污染物。项目生活污
5 3",解析文本拼接_表格清洗增强_01_001-020.md,018_佛山市智龙科技有限公司迁扩建项目_01_受理公告或公示版
PL019,PL019_佛山市智龙科技有限公司迁扩建项目_01_受理公告或公示版.pdf,57,2,25,疑似缺失,0.5,水 BOD 5 150 0. | 0203 130 0.0176 10 0.0014,水 BOD 5 150 0.,解析文本拼接_表格清洗增强_01_001-020.md,018_佛山市智龙科技有限公司迁扩建项目_01_受理公告或公示版
PL019,PL019_佛山市智龙科技有限公司迁扩建项目_01_受理公告或公示版.pdf,57,2,27,疑似缺失,0.5,"135t/a
SS 150 0. | 0203 130 0.0176 10 0.0014","135t/a
SS 150 0.",解析文本拼接_表格清洗增强_01_001-020.md,018_佛山市智龙科技有限公司迁扩建项目_01_受理公告或公示版
PL019,PL019_佛山市智龙科技有限公司迁扩建项目_01_受理公告或公示版.pdf,57,2,34,疑似缺失,0.0,QmQe | QbQw（式1.1）,QmQe；QbQw（式1.1）,解析文本拼接_表格清洗增强_01_001-020.md,018_佛山市智龙科技有限公司迁扩建项目_01_受理公告或公示版
PL019,PL019_佛山市智龙科技有限公司迁扩建项目_01_受理公告或公示版.pdf,57,2,37,疑似缺失,0.5,Qm | 1.2,Qm,解析文本拼接_表格清洗增强_01_001-020.md,018_佛山市智龙科技有限公司迁扩建项目_01_受理公告或公示版
PL019,PL019_佛山市智龙科技有限公司迁扩建项目_01_受理公告或公示版.pdf,57,2,39,疑似缺失,0.0,Qek | tQr （式1.3）,Qek；tQr （式1.3）,解析文本拼接_表格清洗增强_01_001-020.md,018_佛山市智龙科技有限公司迁扩建项目_01_受理公告或公示版
PL019,PL019_佛山市智龙科技有限公司迁扩建项目_01_受理公告或公示版.pdf,57,2,42,疑似缺失,0.0,Qb | Qw 1.4,Qb；Qw 1.4,解析文本拼接_表格清洗增强_01_001-020.md,018_佛山市智龙科技有限公司迁扩建项目_01_受理公告或公示版
PL019,PL019_佛山市智龙科技有限公司迁扩建项目_01_受理公告或公示版.pdf,61,3,14,部分,0.8,"进入 | 间断排放，排 | 勒流 C | OD
Cr | ≤40",勒流 C,解析文本拼接_表格清洗增强_01_001-020.md,018_佛山市智龙科技有限公司迁扩建项目_01_受理公告或公示版
PL019,PL019_佛山市智龙科技有限公司迁扩建项目_01_受理公告或公示版.pdf,61,3,16,部分,0.9,"1 | W | 22°51
0′3.53 | ′ | 0.013 | 污水 | 稳定且无规 | ~ | 处理 | 5","22°51
0′3.53",解析文本拼接_表格清洗增强_01_001-020.md,018_佛山市智龙科技有限公司迁扩建项目_01_受理公告或公示版
PL019,PL019_佛山市智龙科技有限公司迁扩建项目_01_受理公告或公示版.pdf,62,3,28,疑似缺失,0.333,L  | L 10lg | (  ),L 10lg；(  ),解析文本拼接_表格清洗增强_01_001-020.md,018_佛山市智龙科技有限公司迁扩建项目_01_受理公告或公示版
PL019,PL019_佛山市智龙科技有限公司迁扩建项目_01_受理公告或公示版.pdf,69,2,4,部分,0.75,SW17可 S | 17 | 间 | 资源回收,SW17可 S,解析文本拼接_表格清洗增强_01_001-020.md,018_佛山市智龙科技有限公司迁扩建项目_01_受理公告或公示版
PL019,PL019_佛山市智龙科技有限公司迁扩建项目_01_受理公告或公示版.pdf,69,2,13,部分,0.75,含矿物油 | 0.006 | 0.006 | T I,T I,解析文本拼接_表格清洗增强_01_001-020.md,018_佛山市智龙科技有限公司迁扩建项目_01_受理公告或公示版
PL019,PL019_佛山市智龙科技有限公司迁扩建项目_01_受理公告或公示版.pdf,69,2,20,部分,0.833,油 | 含矿物油 | 0.06 | 0.06 | 质 | T I,T I,解析文本拼接_表格清洗增强_01_001-020.md,018_佛山市智龙科技有限公司迁扩建项目_01_受理公告或公示版
PL019,PL019_佛山市智龙科技有限公司迁扩建项目_01_受理公告或公示版.pdf,69,2,26,部分,0.833,含矿物油 | 0.063 | 0.063 | T I | 储存 | 交由有危,T I,解析文本拼接_表格清洗增强_01_001-020.md,018_佛山市智龙科技有限公司迁扩建项目_01_受理公告或公示版
PL019,PL019_佛山市智龙科技有限公司迁扩建项目_01_受理公告或公示版.pdf,69,2,29,部分,0.8,含油废 | HW49其900 | -041- | 机油、 | 置资质单,HW49其900,解析文本拼接_表格清洗增强_01_001-020.md,018_佛山市智龙科技有限公司迁扩建项目_01_受理公告或公示版
PL019,PL019_佛山市智龙科技有限公司迁扩建项目_01_受理公告或公示版.pdf,76,1,1,部分,0.8,"内容
要素 | 排放口(编号、
名称)/污染源 | 污染物项目 | 环境保护措施 | 执行标准","内容
要素",解析文本拼接_表格清洗增强_01_001-020.md,018_佛山市智龙科技有限公司迁扩建项目_01_受理公告或公示版
PL019,PL019_佛山市智龙科技有限公司迁扩建项目_01_受理公告或公示版.pdf,76,1,9,部分,0.8,"地表水环境 | 生活污水 | COD 、
Cr
BOD 、氨氮、
5
SS | 三级化粪池 | 广东省《水污染物排放限值》
（DB44/26-2001）第二时段三
级标准","COD 、
Cr
BOD 、氨氮、
5
SS",解析文本拼接_表格清洗增强_01_001-020.md,018_佛山市智龙科技有限公司迁扩建项目_01_受理公告或公示版
PL019,PL019_佛山市智龙科技有限公司迁扩建项目_01_受理公告或公示版.pdf,76,2,16,疑似缺失,0.5,锡、组装） | 量 3 ，,量 3 ，,解析文本拼接_表格清洗增强_01_001-020.md,018_佛山市智龙科技有限公司迁扩建项目_01_受理公告或公示版
PL019,PL019_佛山市智龙科技有限公司迁扩建项目_01_受理公告或公示版.pdf,76,2,17,疑似缺失,0.667,VOCs | 20000m /h 45 | （DB44/2367-2022）表1挥发,20000m /h 45,解析文本拼接_表格清洗增强_01_001-020.md,018_佛山市智龙科技有限公司迁扩建项目_01_受理公告或公示版
PL019,PL019_佛山市智龙科技有限公司迁扩建项目_01_受理公告或公示版.pdf,76,2,37,疑似缺失,0.667,臭气浓度 | 置排气扇，加强车 | GB14554-93 1,GB14554-93 1,解析文本拼接_表格清洗增强_01_001-020.md,018_佛山市智龙科技有限公司迁扩建项目_01_受理公告或公示版
PL019,PL019_佛山市智龙科技有限公司迁扩建项目_01_受理公告或公示版.pdf,76,2,50,疑似缺失,0.667,"B | OD 、氨氮、
5 | DB44/26-2001","OD 、氨氮、
5",解析文本拼接_表格清洗增强_01_001-020.md,018_佛山市智龙科技有限公司迁扩建项目_01_受理公告或公示版
PL019,PL019_佛山市智龙科技有限公司迁扩建项目_01_受理公告或公示版.pdf,76,2,59,部分,0.75,声环境 | 生产过程 | 噪声 | 放标准》 中,放标准》 中,解析文本拼接_表格清洗增强_01_001-020.md,018_佛山市智龙科技有限公司迁扩建项目_01_受理公告或公示版
PL019,PL019_佛山市智龙科技有限公司迁扩建项目_01_受理公告或公示版.pdf,76,2,60,疑似缺失,0.5,声等设施、合理布 | (GB12348-2008) 3,(GB12348-2008) 3,解析文本拼接_表格清洗增强_01_001-020.md,018_佛山市智龙科技有限公司迁扩建项目_01_受理公告或公示版
PL019,PL019_佛山市智龙科技有限公司迁扩建项目_01_受理公告或公示版.pdf,80,2,3,部分,0.857,污染物名 | 称 | 排放量（固体废物 | 排 | 放量（固体废物排 | 放量（固体废物 | 全厂排放量（固体废,放量（固体废物排,解析文本拼接_表格清洗增强_01_001-020.md,018_佛山市智龙科技有限公司迁扩建项目_01_受理公告或公示版
PL020,PL020_佛山市朗信塑料制品有限公司新建项目_01_受理公告或公示版.pdf,6,2,31,疑似缺失,0.667,比（ ） | 15 | 1,比（ ）,解析文本拼接_表格清洗增强_01_001-020.md,019_佛山市朗信塑料制品有限公司新建项目_01_受理公告或公示版
PL020,PL020_佛山市朗信塑料制品有限公司新建项目_01_受理公告或公示版.pdf,6,2,34,部分,0.75,设 | 是： | 面积（ 2） | 4392.38,面积（ 2）,解析文本拼接_表格清洗增强_01_001-020.md,019_佛山市朗信塑料制品有限公司新建项目_01_受理公告或公示版
PL020,PL020_佛山市朗信塑料制品有限公司新建项目_01_受理公告或公示版.pdf,8,3,29,疑似缺失,0.5,双控 ，新建高能耗项目单位 | C2929,双控 ，新建高能耗项目单位,解析文本拼接_表格清洗增强_01_001-020.md,019_佛山市朗信塑料制品有限公司新建项目_01_受理公告或公示版
PL020,PL020_佛山市朗信塑料制品有限公司新建项目_01_受理公告或公示版.pdf,8,3,58,疑似缺失,0.5,建项目实施减量替代。大力推 | 量标准》（ ）水,量标准》（ ）水,解析文本拼接_表格清洗增强_01_001-020.md,019_佛山市朗信塑料制品有限公司新建项目_01_受理公告或公示版
PL020,PL020_佛山市朗信塑料制品有限公司新建项目_01_受理公告或公示版.pdf,9,5,20,疑似缺失,0.667,"O 。本项目有机废气和恶臭
3 | 气体经集 | 气罩+胶帘围挡收集","O 。本项目有机废气和恶臭
3",解析文本拼接_表格清洗增强_01_001-020.md,019_佛山市朗信塑料制品有限公司新建项目_01_受理公告或公示版
PL020,PL020_佛山市朗信塑料制品有限公司新建项目_01_受理公告或公示版.pdf,9,5,21,疑似缺失,0.667,后通过活性炭吸附处理后 | 通过距离地 | 面约 高排气筒,面约 高排气筒,解析文本拼接_表格清洗增强_01_001-020.md,019_佛山市朗信塑料制品有限公司新建项目_01_受理公告或公示版
PL020,PL020_佛山市朗信塑料制品有限公司新建项目_01_受理公告或公示版.pdf,9,5,53,部分,0.75,【产 | 业综合类】系统推进村级 | 工业园 | C2929,业综合类】系统推进村级,解析文本拼接_表格清洗增强_01_001-020.md,019_佛山市朗信塑料制品有限公司新建项目_01_受理公告或公示版
PL020,PL020_佛山市朗信塑料制品有限公司新建项目_01_受理公告或公示版.pdf,11,3,38,疑似缺失,0.5,全面提升产业层次与集聚度，促进污染 本项目不涉及。 | /,全面提升产业层次与集聚度，促进污染 本项目不涉及。,解析文本拼接_表格清洗增强_01_001-020.md,019_佛山市朗信塑料制品有限公司新建项目_01_受理公告或公示版
PL020,PL020_佛山市朗信塑料制品有限公司新建项目_01_受理公告或公示版.pdf,11,3,47,疑似缺失,0.5,实现城乡污水收集处理全覆盖。2025 水处理厂污染物排放 | 符合,实现城乡污水收集处理全覆盖。2025 水处理厂污染物排放,解析文本拼接_表格清洗增强_01_001-020.md,019_佛山市朗信塑料制品有限公司新建项目_01_受理公告或公示版
PL020,PL020_佛山市朗信塑料制品有限公司新建项目_01_受理公告或公示版.pdf,13,3,19,疑似缺失,0.5,VOCs | 、 塑料粒和色粉储,、 塑料粒和色粉储,解析文本拼接_表格清洗增强_01_001-020.md,019_佛山市朗信塑料制品有限公司新建项目_01_受理公告或公示版
PL020,PL020_佛山市朗信塑料制品有限公司新建项目_01_受理公告或公示版.pdf,13,3,31,疑似缺失,0.667,VOCs | VOCs | 项目 、 、 、 、,项目 、 、 、 、,解析文本拼接_表格清洗增强_01_001-020.md,019_佛山市朗信塑料制品有限公司新建项目_01_受理公告或公示版
PL020,PL020_佛山市朗信塑料制品有限公司新建项目_01_受理公告或公示版.pdf,13,3,32,疑似缺失,0.667,物料 | 送设备、管状带式输送机、螺旋输 | ABS PP AS TPE,ABS PP AS TPE,解析文本拼接_表格清洗增强_01_001-020.md,019_佛山市朗信塑料制品有限公司新建项目_01_受理公告或公示版
PL020,PL020_佛山市朗信塑料制品有限公司新建项目_01_受理公告或公示版.pdf,13,3,48,疑似缺失,0.5,部气体收集，废气排至除尘设施、 | 40m DA001,40m DA001,解析文本拼接_表格清洗增强_01_001-020.md,019_佛山市朗信塑料制品有限公司新建项目_01_受理公告或公示版
PL020,PL020_佛山市朗信塑料制品有限公司新建项目_01_受理公告或公示版.pdf,13,3,55,部分,0.75,4.4 | 面最远处的 无组织排放位 | + | 符合,面最远处的 无组织排放位,解析文本拼接_表格清洗增强_01_001-020.md,019_佛山市朗信塑料制品有限公司新建项目_01_受理公告或公示版
PL020,PL020_佛山市朗信塑料制品有限公司新建项目_01_受理公告或公示版.pdf,13,3,56,疑似缺失,0.5,VOCs | 为 ，收集风速为,为 ，收集风速为,解析文本拼接_表格清洗增强_01_001-020.md,019_佛山市朗信塑料制品有限公司新建项目_01_受理公告或公示版
PL020,PL020_佛山市朗信塑料制品有限公司新建项目_01_受理公告或公示版.pdf,13,3,57,疑似缺失,0.5,置，控制风速不低于 。 | 50%,置，控制风速不低于 。,解析文本拼接_表格清洗增强_01_001-020.md,019_佛山市朗信塑料制品有限公司新建项目_01_受理公告或公示版
PL020,PL020_佛山市朗信塑料制品有限公司新建项目_01_受理公告或公示版.pdf,13,3,58,疑似缺失,0.5,0.3m/s | ，大于 。,，大于 。,解析文本拼接_表格清洗增强_01_001-020.md,019_佛山市朗信塑料制品有限公司新建项目_01_受理公告或公示版
PL020,PL020_佛山市朗信塑料制品有限公司新建项目_01_受理公告或公示版.pdf,13,3,70,疑似缺失,0.5,染物排放限值》（ ） | 置活性炭吸附废气治理设,染物排放限值》（ ）,解析文本拼接_表格清洗增强_01_001-020.md,019_佛山市朗信塑料制品有限公司新建项目_01_受理公告或公示版
PL020,PL020_佛山市朗信塑料制品有限公司新建项目_01_受理公告或公示版.pdf,15,3,19,疑似缺失,0.5,7.2 | 计排放高度为 。,计排放高度为 。,解析文本拼接_表格清洗增强_01_001-020.md,019_佛山市朗信塑料制品有限公司新建项目_01_受理公告或公示版
PL020,PL020_佛山市朗信塑料制品有限公司新建项目_01_受理公告或公示版.pdf,15,3,25,疑似缺失,0.5,VOCs | 、 、 塑料粒和,、 、 塑料粒和,解析文本拼接_表格清洗增强_01_001-020.md,019_佛山市朗信塑料制品有限公司新建项目_01_受理公告或公示版
PL020,PL020_佛山市朗信塑料制品有限公司新建项目_01_受理公告或公示版.pdf,16,3,15,疑似缺失,0.5,办公区域 | 位于首层生产车间，建筑面积为 2，建筑高度为,位于首层生产车间，建筑面积为 2，建筑高度为,解析文本拼接_表格清洗增强_01_001-020.md,019_佛山市朗信塑料制品有限公司新建项目_01_受理公告或公示版
PL020,PL020_佛山市朗信塑料制品有限公司新建项目_01_受理公告或公示版.pdf,19,3,1,部分,0.75,2 | P | P塑料粒 t | /a 100 5 固态颗粒 25kg/袋 注塑工 壳、熨,/a 100 5 固态颗粒 25kg/袋 注塑工 壳、熨,解析文本拼接_表格清洗增强_01_001-020.md,019_佛山市朗信塑料制品有限公司新建项目_01_受理公告或公示版
PL020,PL020_佛山市朗信塑料制品有限公司新建项目_01_受理公告或公示版.pdf,19,3,4,疑似缺失,0.667,"3 | 色粉 t | /a 1.4 0.5 粉状 25kg/袋
磨机内","/a 1.4 0.5 粉状 25kg/袋
磨机内",解析文本拼接_表格清洗增强_01_001-020.md,019_佛山市朗信塑料制品有限公司新建项目_01_受理公告或公示版
PL020,PL020_佛山市朗信塑料制品有限公司新建项目_01_受理公告或公示版.pdf,19,3,9,疑似缺失,0.5,"4 | A | S t | /a 20 2 25kg/
斗机外","S t；/a 20 2 25kg/
斗机外",解析文本拼接_表格清洗增强_01_001-020.md,019_佛山市朗信塑料制品有限公司新建项目_01_受理公告或公示版
PL020,PL020_佛山市朗信塑料制品有限公司新建项目_01_受理公告或公示版.pdf,19,3,13,部分,0.75,"5 | PA | t | /a 5 0.5 25kg/
壳","/a 5 0.5 25kg/
壳",解析文本拼接_表格清洗增强_01_001-020.md,019_佛山市朗信塑料制品有限公司新建项目_01_受理公告或公示版
PL020,PL020_佛山市朗信塑料制品有限公司新建项目_01_受理公告或公示版.pdf,19,3,16,疑似缺失,0.5,"6 | TP | E t | /a 25 2.5 25kg/
外壳","E t；/a 25 2.5 25kg/
外壳",解析文本拼接_表格清洗增强_01_001-020.md,019_佛山市朗信塑料制品有限公司新建项目_01_受理公告或公示版
PL020,PL020_佛山市朗信塑料制品有限公司新建项目_01_受理公告或公示版.pdf,19,3,19,疑似缺失,0.5,"7 | PO | M t | /a 20 2 25kg/
内壳","M t；/a 20 2 25kg/
内壳",解析文本拼接_表格清洗增强_01_001-020.md,019_佛山市朗信塑料制品有限公司新建项目_01_受理公告或公示版
PL020,PL020_佛山市朗信塑料制品有限公司新建项目_01_受理公告或公示版.pdf,19,3,22,疑似缺失,0.5,"8 | /a 150 150 / /
序","/a 150 150 / /
序",解析文本拼接_表格清洗增强_01_001-020.md,019_佛山市朗信塑料制品有限公司新建项目_01_受理公告或公示版
PL020,PL020_佛山市朗信塑料制品有限公司新建项目_01_受理公告或公示版.pdf,19,3,27,疑似缺失,0.667,包 | 装材料 | 固体 打包,固体 打包,解析文本拼接_表格清洗增强_01_001-020.md,019_佛山市朗信塑料制品有限公司新建项目_01_受理公告或公示版
PL020,PL020_佛山市朗信塑料制品有限公司新建项目_01_受理公告或公示版.pdf,19,3,28,疑似缺失,0.667,10 | t | /a 0.5 0.1 /,/a 0.5 0.1 /,解析文本拼接_表格清洗增强_01_001-020.md,019_佛山市朗信塑料制品有限公司新建项目_01_受理公告或公示版
PL020,PL020_佛山市朗信塑料制品有限公司新建项目_01_受理公告或公示版.pdf,19,3,40,疑似缺失,0.667,1 | ABS | 加工成型的热塑性高分子材料结构。 塑料是微黄色固体，有,加工成型的热塑性高分子材料结构。 塑料是微黄色固体，有,解析文本拼接_表格清洗增强_01_001-020.md,019_佛山市朗信塑料制品有限公司新建项目_01_受理公告或公示版
PL020,PL020_佛山市朗信塑料制品有限公司新建项目_01_受理公告或公示版.pdf,19,3,48,疑似缺失,0.667,2 | PP | 分解温度为 。在 以下能耐酸、碱、盐液及多种有机溶剂,分解温度为 。在 以下能耐酸、碱、盐液及多种有机溶剂,解析文本拼接_表格清洗增强_01_001-020.md,019_佛山市朗信塑料制品有限公司新建项目_01_受理公告或公示版
PL020,PL020_佛山市朗信塑料制品有限公司新建项目_01_受理公告或公示版.pdf,21,3,6,部分,0.857,10 | 混料机 | 1t 200kg 150kg | 4 | 台 | 混料区 | 混料,1t 200kg 150kg,解析文本拼接_表格清洗增强_01_001-020.md,019_佛山市朗信塑料制品有限公司新建项目_01_受理公告或公示版
PL020,PL020_佛山市朗信塑料制品有限公司新建项目_01_受理公告或公示版.pdf,21,3,28,疑似缺失,0.6,生产量 | （ ） | 时间（ | ） | 备产能（ ）,（ ）；备产能（ ）,解析文本拼接_表格清洗增强_01_001-020.md,019_佛山市朗信塑料制品有限公司新建项目_01_受理公告或公示版
PL020,PL020_佛山市朗信塑料制品有限公司新建项目_01_受理公告或公示版.pdf,21,3,37,部分,0.833,4 | YZ16 | 0S- S 160T | 2.0 | 7200 | 57.6,0S- S 160T,解析文本拼接_表格清洗增强_01_001-020.md,019_佛山市朗信塑料制品有限公司新建项目_01_受理公告或公示版
PL020,PL020_佛山市朗信塑料制品有限公司新建项目_01_受理公告或公示版.pdf,23,3,4,疑似缺失,0.667,ABS | 250 | （共 吨）,（共 吨）,解析文本拼接_表格清洗增强_01_001-020.md,019_佛山市朗信塑料制品有限公司新建项目_01_受理公告或公示版
PL020,PL020_佛山市朗信塑料制品有限公司新建项目_01_受理公告或公示版.pdf,23,3,8,疑似缺失,0.667,PP | 100 | （共 吨）,（共 吨）,解析文本拼接_表格清洗增强_01_001-020.md,019_佛山市朗信塑料制品有限公司新建项目_01_受理公告或公示版
PL020,PL020_佛山市朗信塑料制品有限公司新建项目_01_受理公告或公示版.pdf,25,2,1,疑似缺失,0.5,工艺 | 混料：根据不同产品需求，将外购的 、 、 、 、 、 塑,混料：根据不同产品需求，将外购的 、 、 、 、 、 塑,解析文本拼接_表格清洗增强_01_001-020.md,019_佛山市朗信塑料制品有限公司新建项目_01_受理公告或公示版
PL020,PL020_佛山市朗信塑料制品有限公司新建项目_01_受理公告或公示版.pdf,26,1,3,疑似缺失,0.667,"员工办公生活 | 生活污水 | COD 、BOD 、SS、氨氮
Cr 5","COD 、BOD 、SS、氨氮
Cr 5",解析文本拼接_表格清洗增强_01_001-020.md,019_佛山市朗信塑料制品有限公司新建项目_01_受理公告或公示版
PL020,PL020_佛山市朗信塑料制品有限公司新建项目_01_受理公告或公示版.pdf,26,4,10,部分,0.75,"员工办公生活 | 生活污 | 水 COD 、BOD 、SS、
Cr 5 | 氨氮","水 COD 、BOD 、SS、
Cr 5",解析文本拼接_表格清洗增强_01_001-020.md,019_佛山市朗信塑料制品有限公司新建项目_01_受理公告或公示版
PL020,PL020_佛山市朗信塑料制品有限公司新建项目_01_受理公告或公示版.pdf,29,4,23,疑似缺失,0.5,污染 （D | B44/26-2001）第二时段一级标准的较严值后，尾水排入顺德支流。,污染 （D,解析文本拼接_表格清洗增强_01_001-020.md,019_佛山市朗信塑料制品有限公司新建项目_01_受理公告或公示版
PL020,PL020_佛山市朗信塑料制品有限公司新建项目_01_受理公告或公示版.pdf,29,4,26,疑似缺失,0.0,"制标 类 | 别 标准 pH COD BOD SS 氨氮
Cr 5","制标 类；别 标准 pH COD BOD SS 氨氮
Cr 5",解析文本拼接_表格清洗增强_01_001-020.md,019_佛山市朗信塑料制品有限公司新建项目_01_受理公告或公示版
PL020,PL020_佛山市朗信塑料制品有限公司新建项目_01_受理公告或公示版.pdf,29,4,27,疑似缺失,0.0,准 生 | 活污 广东省地方标准《水污染物排放限,准 生；活污 广东省地方标准《水污染物排放限,解析文本拼接_表格清洗增强_01_001-020.md,019_佛山市朗信塑料制品有限公司新建项目_01_受理公告或公示版
PL020,PL020_佛山市朗信塑料制品有限公司新建项目_01_受理公告或公示版.pdf,29,4,28,疑似缺失,0.5,水 | 排放 值》（DB44/26-2001）第二时段三 6~9 ≤500 ≤300 ≤400 /,排放 值》（DB44/26-2001）第二时段三 6~9 ≤500 ≤300 ≤400 /,解析文本拼接_表格清洗增强_01_001-020.md,019_佛山市朗信塑料制品有限公司新建项目_01_受理公告或公示版
PL020,PL020_佛山市朗信塑料制品有限公司新建项目_01_受理公告或公示版.pdf,29,4,31,疑似缺失,0.5,"勒 | 流污
值》（DB44/26-2001）第二时段一 6~9 ≤40 ≤20 ≤20 ≤10","流污
值》（DB44/26-2001）第二时段一 6~9 ≤40 ≤20 ≤20 ≤10",解析文本拼接_表格清洗增强_01_001-020.md,019_佛山市朗信塑料制品有限公司新建项目_01_受理公告或公示版
PL020,PL020_佛山市朗信塑料制品有限公司新建项目_01_受理公告或公示版.pdf,29,4,32,疑似缺失,0.5,"水 | 处理
级标准","处理
级标准",解析文本拼接_表格清洗增强_01_001-020.md,019_佛山市朗信塑料制品有限公司新建项目_01_受理公告或公示版
PL020,PL020_佛山市朗信塑料制品有限公司新建项目_01_受理公告或公示版.pdf,29,4,35,疑似缺失,0.5,"排 | 放标 6~9 ≤50 ≤10 ≤10 ≤5
准》（ ）一级 标准","放标 6~9 ≤50 ≤10 ≤10 ≤5
准》（ ）一级 标准",解析文本拼接_表格清洗增强_01_001-020.md,019_佛山市朗信塑料制品有限公司新建项目_01_受理公告或公示版
PL020,PL020_佛山市朗信塑料制品有限公司新建项目_01_受理公告或公示版.pdf,30,2,27,部分,0.8,烃 | 100 | / | / | 含 年修改单）中表 大,含 年修改单）中表 大,解析文本拼接_表格清洗增强_01_001-020.md,019_佛山市朗信塑料制品有限公司新建项目_01_受理公告或公示版
PL020,PL020_佛山市朗信塑料制品有限公司新建项目_01_受理公告或公示版.pdf,30,2,28,疑似缺失,0.667,DA0 | 01 | 2024 4,2024 4,解析文本拼接_表格清洗增强_01_001-020.md,019_佛山市朗信塑料制品有限公司新建项目_01_受理公告或公示版
PL020,PL020_佛山市朗信塑料制品有限公司新建项目_01_受理公告或公示版.pdf,32,3,2,疑似缺失,0.5,"府办2020年第19号 | ），本项目生活污水COD 、
Cr | NH -N 不分配
3 | 总量。","），本项目生活污水COD 、
Cr；NH -N 不分配
3",解析文本拼接_表格清洗增强_01_001-020.md,019_佛山市朗信塑料制品有限公司新建项目_01_受理公告或公示版
PL020,PL020_佛山市朗信塑料制品有限公司新建项目_01_受理公告或公示版.pdf,32,3,17,疑似缺失,0.5,"废气
挥发性有 | 有组织
机物 | 0.284 | 0.284","废气
挥发性有；有组织
机物",解析文本拼接_表格清洗增强_01_001-020.md,019_佛山市朗信塑料制品有限公司新建项目_01_受理公告或公示版
PL020,PL020_佛山市朗信塑料制品有限公司新建项目_01_受理公告或公示版.pdf,32,3,18,部分,0.75,"（非甲烷 | 总烃）
无组织 | 0.567 | 0.567","总烃）
无组织",解析文本拼接_表格清洗增强_01_001-020.md,019_佛山市朗信塑料制品有限公司新建项目_01_受理公告或公示版
PL020,PL020_佛山市朗信塑料制品有限公司新建项目_01_受理公告或公示版.pdf,33,2,2,部分,0.923,"施工
机 | 械 | 入内， | 施工期的 | 环境影响主要为施 | 工人员生活 | 污水、设 | 备安装 | 和调试 | 噪声、施 | 工人员 | 生活 | 垃圾等。","施工
机",解析文本拼接_表格清洗增强_01_001-020.md,019_佛山市朗信塑料制品有限公司新建项目_01_受理公告或公示版
PL020,PL020_佛山市朗信塑料制品有限公司新建项目_01_受理公告或公示版.pdf,33,2,13,部分,0.933,"产 | 排污 | 生产单元 | 污染物
产生量 | 产生浓度 | 排放形 | 处理 | 收集 | 处理工 去 | 除 | 是否 | 排放量 | 排放速 | 排放浓 | 排放",处理工 去,解析文本拼接_表格清洗增强_01_001-020.md,019_佛山市朗信塑料制品有限公司新建项目_01_受理公告或公示版
PL020,PL020_佛山市朗信塑料制品有限公司新建项目_01_受理公告或公示版.pdf,33,2,14,部分,0.867,"运营 | 环 | 节 | 种类
t/a | mg/m3 | 式 | 能力
m3/h | 效率
% | 艺 率 | % | 可行
技术 | t/a | 率kg/h | 度mg/m3 | 时间
h","种类
t/a；艺 率",解析文本拼接_表格清洗增强_01_001-020.md,019_佛山市朗信塑料制品有限公司新建项目_01_受理公告或公示版
PL020,PL020_佛山市朗信塑料制品有限公司新建项目_01_受理公告或公示版.pdf,33,2,22,部分,0.929,措施 | 注 | 塑工 | 非甲烷 0.567 | 3.15 | 有组织 | 25000 | 50 | 5 | 0 | 是 | 0.284 | 0..039 | 1.58,非甲烷 0.567,解析文本拼接_表格清洗增强_01_001-020.md,019_佛山市朗信塑料制品有限公司新建项目_01_受理公告或公示版
PL020,PL020_佛山市朗信塑料制品有限公司新建项目_01_受理公告或公示版.pdf,34,4,2,部分,0.75,编号及 | 高 | 度 设计废 | 气 | 内径 | 烟气流 | 温度 | 类 地理坐标,度 设计废；类 地理坐标,解析文本拼接_表格清洗增强_01_001-020.md,019_佛山市朗信塑料制品有限公司新建项目_01_受理公告或公示版
PL020,PL020_佛山市朗信塑料制品有限公司新建项目_01_受理公告或公示版.pdf,34,4,3,部分,0.75,名称 | （m | ） 量（m3/ | h | ） （m） | 速（m/s） | （℃） | 型,） 量（m3/；） （m）,解析文本拼接_表格清洗增强_01_001-020.md,019_佛山市朗信塑料制品有限公司新建项目_01_受理公告或公示版
PL020,PL020_佛山市朗信塑料制品有限公司新建项目_01_受理公告或公示版.pdf,34,4,7,疑似缺失,0.667,"废气排 | 常温 | E113.169955
排","E113.169955
排",解析文本拼接_表格清洗增强_01_001-020.md,019_佛山市朗信塑料制品有限公司新建项目_01_受理公告或公示版
PL020,PL020_佛山市朗信塑料制品有限公司新建项目_01_受理公告或公示版.pdf,34,4,9,疑似缺失,0.5,"放口 | N22.851866°
放","N22.851866°
放",解析文本拼接_表格清洗增强_01_001-020.md,019_佛山市朗信塑料制品有限公司新建项目_01_受理公告或公示版
PL020,PL020_佛山市朗信塑料制品有限公司新建项目_01_受理公告或公示版.pdf,34,4,13,部分,0.75,非甲烷总 | （ | ，含 | 年修改）表 大气,年修改）表 大气,解析文本拼接_表格清洗增强_01_001-020.md,019_佛山市朗信塑料制品有限公司新建项目_01_受理公告或公示版
PL020,PL020_佛山市朗信塑料制品有限公司新建项目_01_受理公告或公示版.pdf,34,4,14,疑似缺失,0.25,次半年 | GB31572-2 | 015 2 | 024 4,次半年；015 2；024 4,解析文本拼接_表格清洗增强_01_001-020.md,019_佛山市朗信塑料制品有限公司新建项目_01_受理公告或公示版
PL020,PL020_佛山市朗信塑料制品有限公司新建项目_01_受理公告或公示版.pdf,34,4,18,疑似缺失,0.5,臭气浓度 | 次年 | GB14554- | 93 2,次年；93 2,解析文本拼接_表格清洗增强_01_001-020.md,019_佛山市朗信塑料制品有限公司新建项目_01_受理公告或公示版
PL020,PL020_佛山市朗信塑料制品有限公司新建项目_01_受理公告或公示版.pdf,37,4,13,部分,0.875,"包围型 | 通过软质垂帘四周 | 围挡（偶 | 敞
有 | 开面控制 | 风速不小于 | 0.3m/s； | 50","敞
有",解析文本拼接_表格清洗增强_01_001-020.md,019_佛山市朗信塑料制品有限公司新建项目_01_受理公告或公示版
PL020,PL020_佛山市朗信塑料制品有限公司新建项目_01_受理公告或公示版.pdf,37,4,41,部分,0.75,设备 | 量（台） | 长（ ） | 口的距离,长（ ）,解析文本拼接_表格清洗增强_01_001-020.md,019_佛山市朗信塑料制品有限公司新建项目_01_受理公告或公示版
PL020,PL020_佛山市朗信塑料制品有限公司新建项目_01_受理公告或公示版.pdf,41,3,4,疑似缺失,0.667,污环 污染 | 源 | 污染物,污环 污染,解析文本拼接_表格清洗增强_01_001-020.md,019_佛山市朗信塑料制品有限公司新建项目_01_受理公告或公示版
PL020,PL020_佛山市朗信塑料制品有限公司新建项目_01_受理公告或公示版.pdf,41,3,16,部分,0.889,办公 水 | SS | 150 | 0.043 | 20 | 1 | 20 | 0.035 | 放,办公 水,解析文本拼接_表格清洗增强_01_001-020.md,019_佛山市朗信塑料制品有限公司新建项目_01_受理公告或公示版
PL020,PL020_佛山市朗信塑料制品有限公司新建项目_01_受理公告或公示版.pdf,41,3,18,部分,0.933,"运营
备 | 注：根据《排 | 污许 | 可证申请 | 与核发规 | 范 橡胶和塑 | 料制品工业》（ | HJ1122-2020 | ） | ，化粪池 | 属 | 于生活污 | 水治理可 | 行技 | 术。","运营
备",解析文本拼接_表格清洗增强_01_001-020.md,019_佛山市朗信塑料制品有限公司新建项目_01_受理公告或公示版
PL020,PL020_佛山市朗信塑料制品有限公司新建项目_01_受理公告或公示版.pdf,42,1,3,疑似缺失,0.6,"DW001生活
污水排放口 | 流量、pH值、COD 、
Cr
BOD 、SS、氨氮
5 | / | 《水污染物排放限值》（DB44/26-2001
中第二时段三级标准 | ）","流量、pH值、COD 、
Cr
BOD 、SS、氨氮
5；《水污染物排放限值》（DB44/26-2001
中第二时段三级标准",解析文本拼接_表格清洗增强_01_001-020.md,019_佛山市朗信塑料制品有限公司新建项目_01_受理公告或公示版
PL020,PL020_佛山市朗信塑料制品有限公司新建项目_01_受理公告或公示版.pdf,42,2,1,部分,0.8,"污染物 | COD
Cr | BOD
5 | NH -N
3 | SS","NH -N
3",解析文本拼接_表格清洗增强_01_001-020.md,019_佛山市朗信塑料制品有限公司新建项目_01_受理公告或公示版
PL020,PL020_佛山市朗信塑料制品有限公司新建项目_01_受理公告或公示版.pdf,44,5,13,疑似缺失,0.6,"1m | A | 1 /
准》 | （ | ） 类标准","1 /
准》；） 类标准",解析文本拼接_表格清洗增强_01_001-020.md,019_佛山市朗信塑料制品有限公司新建项目_01_受理公告或公示版
PL020,PL020_佛山市朗信塑料制品有限公司新建项目_01_受理公告或公示版.pdf,44,5,41,部分,0.857,序 | 危险废 | 工序 形 主要 | 有害 | 废 | 险 | 污染防,工序 形 主要,解析文本拼接_表格清洗增强_01_001-020.md,019_佛山市朗信塑料制品有限公司新建项目_01_受理公告或公示版
PL020,PL020_佛山市朗信塑料制品有限公司新建项目_01_受理公告或公示版.pdf,44,5,46,部分,0.75,900-2 | 设备 液 矿物 | 矿物 | 半,设备 液 矿物,解析文本拼接_表格清洗增强_01_001-020.md,019_佛山市朗信塑料制品有限公司新建项目_01_受理公告或公示版
PL020,PL020_佛山市朗信塑料制品有限公司新建项目_01_受理公告或公示版.pdf,44,5,48,部分,0.8,14-08 | 维修 态 油 | 油 | 年 | 分类分,维修 态 油,解析文本拼接_表格清洗增强_01_001-020.md,019_佛山市朗信塑料制品有限公司新建项目_01_受理公告或公示版
PL020,PL020_佛山市朗信塑料制品有限公司新建项目_01_受理公告或公示版.pdf,44,5,49,部分,0.833,"含油废 | 900-0 | 纤
设备 固 维、 | 矿物 | 1 | 区收集，
暂存于","纤
设备 固 维、",解析文本拼接_表格清洗增强_01_001-020.md,019_佛山市朗信塑料制品有限公司新建项目_01_受理公告或公示版
PL020,PL020_佛山市朗信塑料制品有限公司新建项目_01_受理公告或公示版.pdf,44,5,50,部分,0.909,"2 | 抹布 | HW | 49 | 41-49 | 0.01 | 维修 态 矿物 | 油 | 个
月 | T/In | 危废暂",维修 态 矿物,解析文本拼接_表格清洗增强_01_001-020.md,019_佛山市朗信塑料制品有限公司新建项目_01_受理公告或公示版
PL020,PL020_佛山市朗信塑料制品有限公司新建项目_01_受理公告或公示版.pdf,44,5,52,部分,0.75,"铁、
设备 固 | 矿物 | 半 | 由有资","铁、
设备 固",解析文本拼接_表格清洗增强_01_001-020.md,019_佛山市朗信塑料制品有限公司新建项目_01_受理公告或公示版
PL020,PL020_佛山市朗信塑料制品有限公司新建项目_01_受理公告或公示版.pdf,44,5,54,部分,0.75,49-08 | 维修 态 | 油 | 年,维修 态,解析文本拼接_表格清洗增强_01_001-020.md,019_佛山市朗信塑料制品有限公司新建项目_01_受理公告或公示版
PL020,PL020_佛山市朗信塑料制品有限公司新建项目_01_受理公告或公示版.pdf,44,5,56,部分,0.833,废活性 | 900-0 | 废气 固 活性 | 挥发 | 3 | 处理,废气 固 活性,解析文本拼接_表格清洗增强_01_001-020.md,019_佛山市朗信塑料制品有限公司新建项目_01_受理公告或公示版
PL020,PL020_佛山市朗信塑料制品有限公司新建项目_01_受理公告或公示版.pdf,44,5,57,部分,0.889,4 | 炭 | HW | 49 | 6.043 | 治理 态 炭、 | 性有 | 个 | T,治理 态 炭、,解析文本拼接_表格清洗增强_01_001-020.md,019_佛山市朗信塑料制品有限公司新建项目_01_受理公告或公示版
PL020,PL020_佛山市朗信塑料制品有限公司新建项目_01_受理公告或公示版.pdf,45,5,11,部分,0.8,"废机油 | HW08 | （ | 0.2t
桶） | 1年","0.2t
桶）",解析文本拼接_表格清洗增强_01_001-020.md,019_佛山市朗信塑料制品有限公司新建项目_01_受理公告或公示版
PL020,PL020_佛山市朗信塑料制品有限公司新建项目_01_受理公告或公示版.pdf,45,5,13,部分,0.857,"含油废 | 抹 | 900-04 | 厂
1-4 | 房 | 塑料 | 袋装","厂
1-4",解析文本拼接_表格清洗增强_01_001-020.md,019_佛山市朗信塑料制品有限公司新建项目_01_受理公告或公示版
PL020,PL020_佛山市朗信塑料制品有限公司新建项目_01_受理公告或公示版.pdf,45,5,14,部分,0.889,"危险废物 | 布 | HW49 | 9 | 东 | 北 | （ | 0.01
袋） | t 1年","0.01
袋）",解析文本拼接_表格清洗增强_01_001-020.md,019_佛山市朗信塑料制品有限公司新建项目_01_受理公告或公示版
PL020,PL020_佛山市朗信塑料制品有限公司新建项目_01_受理公告或公示版.pdf,45,5,15,疑似缺失,0.6,"1
暂存区 | 面 | 位 | 25k
5m2 | g/","1
暂存区；25k
5m2",解析文本拼接_表格清洗增强_01_001-020.md,019_佛山市朗信塑料制品有限公司新建项目_01_受理公告或公示版
PL020,PL020_佛山市朗信塑料制品有限公司新建项目_01_受理公告或公示版.pdf,53,1,6,部分,0.8,"地表水环
境 | DW001生
活污水排
放口 | pH、
COD 、
Cr
BOD 、SS、
5
氨氮 | 经三级化粪池预处理
达标后通过市政管网
引至勒流污水处理厂
深度处理 | 《水污染物排放限值》
（DB44/26-2001）中第二时
段三级标准","pH、
COD 、
Cr
BOD 、SS、
5
氨氮",解析文本拼接_表格清洗增强_01_001-020.md,019_佛山市朗信塑料制品有限公司新建项目_01_受理公告或公示版
PL020,PL020_佛山市朗信塑料制品有限公司新建项目_01_受理公告或公示版.pdf,53,2,9,疑似缺失,0.5,DA001 | 烃 | 集气罩 胶帘围挡收 | 含 年修改单）表 大,集气罩 胶帘围挡收；含 年修改单）表 大,解析文本拼接_表格清洗增强_01_001-020.md,019_佛山市朗信塑料制品有限公司新建项目_01_受理公告或公示版
PL020,PL020_佛山市朗信塑料制品有限公司新建项目_01_受理公告或公示版.pdf,53,2,10,疑似缺失,0.667,气排放口 | + | 2024 4,2024 4,解析文本拼接_表格清洗增强_01_001-020.md,019_佛山市朗信塑料制品有限公司新建项目_01_受理公告或公示版
PL020,PL020_佛山市朗信塑料制品有限公司新建项目_01_受理公告或公示版.pdf,53,2,20,疑似缺失,0.5,颗粒物 | DB44/27 2001,DB44/27 2001,解析文本拼接_表格清洗增强_01_001-020.md,019_佛山市朗信塑料制品有限公司新建项目_01_受理公告或公示版
PL020,PL020_佛山市朗信塑料制品有限公司新建项目_01_受理公告或公示版.pdf,53,2,30,疑似缺失,0.667,、 、 | 引至勒流污水处理厂 | DB44/26-2001,、 、,解析文本拼接_表格清洗增强_01_001-020.md,019_佛山市朗信塑料制品有限公司新建项目_01_受理公告或公示版
PL020,PL020_佛山市朗信塑料制品有限公司新建项目_01_受理公告或公示版.pdf,53,2,31,部分,0.75,"地表水环 | 放口 | BOD SS
5 | 段三级标准","BOD SS
5",解析文本拼接_表格清洗增强_01_001-020.md,019_佛山市朗信塑料制品有限公司新建项目_01_受理公告或公示版
PL020,PL020_佛山市朗信塑料制品有限公司新建项目_01_受理公告或公示版.pdf,53,2,40,疑似缺失,0.5,声环境 | 放标准》（ ）,放标准》（ ）,解析文本拼接_表格清洗增强_01_001-020.md,019_佛山市朗信塑料制品有限公司新建项目_01_受理公告或公示版
PL020,PL020_佛山市朗信塑料制品有限公司新建项目_01_受理公告或公示版.pdf,53,2,42,疑似缺失,0.5,A | 中的 类标准,中的 类标准,解析文本拼接_表格清洗增强_01_001-020.md,019_佛山市朗信塑料制品有限公司新建项目_01_受理公告或公示版
PL020,PL020_佛山市朗信塑料制品有限公司新建项目_01_受理公告或公示版.pdf,58,1,7,部分,0.875,"NH -N
3 | 0 | 0 | 0 | 0.001 | 0 | 0.001 | +0.001","NH -N
3",解析文本拼接_表格清洗增强_01_001-020.md,019_佛山市朗信塑料制品有限公司新建项目_01_受理公告或公示版
PL020,PL020_佛山市朗信塑料制品有限公司新建项目_01_受理公告或公示版.pdf,58,2,6,部分,0.889,"非 | 有组织
甲烷总 | 0 | 0 | 0 | 0.284 | 0 | 0.284 | +0.284","有组织
甲烷总",解析文本拼接_表格清洗增强_01_001-020.md,019_佛山市朗信塑料制品有限公司新建项目_01_受理公告或公示版
PL020,PL020_佛山市朗信塑料制品有限公司新建项目_01_受理公告或公示版.pdf,58,2,14,部分,0.875,"NH -N
3 | 0 | 0 | 0 | 0.001 | 0 | 0.001 | +0.001","NH -N
3",解析文本拼接_表格清洗增强_01_001-020.md,019_佛山市朗信塑料制品有限公司新建项目_01_受理公告或公示版
PL021,PL021_佛山市顺德区共诺电子元件厂搬迁项目_01_受理公告或公示版.pdf,6,1,14,疑似缺失,0.5,"规划情况 | 规划名称：《大良街道105国道以西北片（DL-01-02、DL-01-03、DL-01-04）控
制性详细规划》","规划名称：《大良街道105国道以西北片（DL-01-02、DL-01-03、DL-01-04）控
制性详细规划》",解析文本拼接_表格清洗增强_05_081-100.md,090_佛山市顺德区共诺电子元件厂搬迁项目_01_受理公告或公示版
PL021,PL021_佛山市顺德区共诺电子元件厂搬迁项目_01_受理公告或公示版.pdf,6,1,16,疑似缺失,0.5,"规划及规划环境
影响评价符合性
分析 | 根据《大良街道105国道以西北片（DL-01-02、DL-01-03、DL-01-04）控制性详
细规划》，项目用地为一类工业用地，符合规划要求","根据《大良街道105国道以西北片（DL-01-02、DL-01-03、DL-01-04）控制性详
细规划》，项目用地为一类工业用地，符合规划要求",解析文本拼接_表格清洗增强_05_081-100.md,090_佛山市顺德区共诺电子元件厂搬迁项目_01_受理公告或公示版
PL021,PL021_佛山市顺德区共诺电子元件厂搬迁项目_01_受理公告或公示版.pdf,6,2,9,疑似缺失,0.5,C2929 | 料制品业 其他（年用非溶剂型低,料制品业 其他（年用非溶剂型低,解析文本拼接_表格清洗增强_05_081-100.md,090_佛山市顺德区共诺电子元件厂搬迁项目_01_受理公告或公示版
PL021,PL021_佛山市顺德区共诺电子元件厂搬迁项目_01_受理公告或公示版.pdf,6,2,30,疑似缺失,0.0,规划名称：《大良街道10 | 5国道以西北片（D | L-01-02、DL-01-03、DL-01-04）控,规划名称：《大良街道10；5国道以西北片（D；L-01-02、DL-01-03、DL-01-04）控,解析文本拼接_表格清洗增强_05_081-100.md,090_佛山市顺德区共诺电子元件厂搬迁项目_01_受理公告或公示版
PL021,PL021_佛山市顺德区共诺电子元件厂搬迁项目_01_受理公告或公示版.pdf,6,2,35,疑似缺失,0.25,规划及规划环境 | 根据《大良街道105国道 | 以西北片（DL-01-0 | 2、DL-01-03、DL-01-04）控制性详,根据《大良街道105国道；以西北片（DL-01-0；2、DL-01-03、DL-01-04）控制性详,解析文本拼接_表格清洗增强_05_081-100.md,090_佛山市顺德区共诺电子元件厂搬迁项目_01_受理公告或公示版
PL021,PL021_佛山市顺德区共诺电子元件厂搬迁项目_01_受理公告或公示版.pdf,8,1,5,疑似缺失,0.667,"含VOCs物料生产和使用过程，应采
取有效收集措施或在密闭空间中操
作。 | 项目注塑废气经整室收集，经
活性炭吸附装置处理后通过
15m高G1排气筒达标排放。
废气采取有效收集措施。 | 符合","项目注塑废气经整室收集，经
活性炭吸附装置处理后通过
15m高G1排气筒达标排放。
废气采取有效收集措施。",解析文本拼接_表格清洗增强_05_081-100.md,090_佛山市顺德区共诺电子元件厂搬迁项目_01_受理公告或公示版
PL021,PL021_佛山市顺德区共诺电子元件厂搬迁项目_01_受理公告或公示版.pdf,8,1,7,疑似缺失,0.333,"45-工艺过程-在混合/混炼、塑炼/
塑化/熔化、加工成型（挤出、注射、
压制、压延、发泡、纺丝等）、硫 | 项目注塑废气经整室收集，
经活性炭吸附装置处理后
通过15m高排气筒达标排 | 符
合","45-工艺过程-在混合/混炼、塑炼/
塑化/熔化、加工成型（挤出、注射、
压制、压延、发泡、纺丝等）、硫；项目注塑废气经整室收集，
经活性炭吸附装置处理后
通过15m高排气筒达标排",解析文本拼接_表格清洗增强_05_081-100.md,090_佛山市顺德区共诺电子元件厂搬迁项目_01_受理公告或公示版
PL021,PL021_佛山市顺德区共诺电子元件厂搬迁项目_01_受理公告或公示版.pdf,8,2,18,疑似缺失,0.0,排放总量进行管理，并按照 以 | 量为 ，无组织排放量,排放总量进行管理，并按照 以；量为 ，无组织排放量,解析文本拼接_表格清洗增强_05_081-100.md,090_佛山市顺德区共诺电子元件厂搬迁项目_01_受理公告或公示版
PL021,PL021_佛山市顺德区共诺电子元件厂搬迁项目_01_受理公告或公示版.pdf,8,2,19,疑似缺失,0.667,《广东省生态环 | VOCs “ | 0.164t/a,0.164t/a,解析文本拼接_表格清洗增强_05_081-100.md,090_佛山市顺德区共诺电子元件厂搬迁项目_01_受理公告或公示版
PL021,PL021_佛山市顺德区共诺电子元件厂搬迁项目_01_受理公告或公示版.pdf,8,2,21,疑似缺失,0.333,境厅关于做好重 | ” VOCs | 0.037t/a NMHC,” VOCs；0.037t/a NMHC,解析文本拼接_表格清洗增强_05_081-100.md,090_佛山市顺德区共诺电子元件厂搬迁项目_01_受理公告或公示版
PL021,PL021_佛山市顺德区共诺电子元件厂搬迁项目_01_受理公告或公示版.pdf,8,2,24,部分,0.75,挥发性有机物总 | 0 | .201t/a | 符合,.201t/a,解析文本拼接_表格清洗增强_05_081-100.md,090_佛山市顺德区共诺电子元件厂搬迁项目_01_受理公告或公示版
PL021,PL021_佛山市顺德区共诺电子元件厂搬迁项目_01_受理公告或公示版.pdf,8,2,28,疑似缺失,0.667,发〔 〕 号） | 药品原料药制造、合成纤维制造、表 | 知》（粤环函〔2021〕537号）,发〔 〕 号）,解析文本拼接_表格清洗增强_05_081-100.md,090_佛山市顺德区共诺电子元件厂搬迁项目_01_受理公告或公示版
PL021,PL021_佛山市顺德区共诺电子元件厂搬迁项目_01_受理公告或公示版.pdf,8,2,29,疑似缺失,0.667,2019 2 | 面涂装、印刷、制鞋、家具制造、人 | 文件要求，待项目审批时由生,2019 2,解析文本拼接_表格清洗增强_05_081-100.md,090_佛山市顺德区共诺电子元件厂搬迁项目_01_受理公告或公示版
PL021,PL021_佛山市顺德区共诺电子元件厂搬迁项目_01_受理公告或公示版.pdf,8,2,42,疑似缺失,0.5,大气〔2019〕53 | 洗剂等，从源头减少 产生。,洗剂等，从源头减少 产生。,解析文本拼接_表格清洗增强_05_081-100.md,090_佛山市顺德区共诺电子元件厂搬迁项目_01_受理公告或公示版
PL021,PL021_佛山市顺德区共诺电子元件厂搬迁项目_01_受理公告或公示版.pdf,8,2,44,疑似缺失,0.0,含 物料生产和使用过程，应采 | 项目注塑废气经整室收集，经,含 物料生产和使用过程，应采；项目注塑废气经整室收集，经,解析文本拼接_表格清洗增强_05_081-100.md,090_佛山市顺德区共诺电子元件厂搬迁项目_01_受理公告或公示版
PL021,PL021_佛山市顺德区共诺电子元件厂搬迁项目_01_受理公告或公示版.pdf,8,2,48,疑似缺失,0.667,作。 | 1 | 5m G1,5m G1,解析文本拼接_表格清洗增强_05_081-100.md,090_佛山市顺德区共诺电子元件厂搬迁项目_01_受理公告或公示版
PL021,PL021_佛山市顺德区共诺电子元件厂搬迁项目_01_受理公告或公示版.pdf,8,2,58,疑似缺失,0.667,的通知（粤环办 | 45-工艺过程-在混合/混炼、塑炼/ | 项目注塑废气经整室收集，,项目注塑废气经整室收集，,解析文本拼接_表格清洗增强_05_081-100.md,090_佛山市顺德区共诺电子元件厂搬迁项目_01_受理公告或公示版
PL021,PL021_佛山市顺德区共诺电子元件厂搬迁项目_01_受理公告或公示版.pdf,9,1,2,疑似缺失,0.667,"49-废气收集-采用外部集气罩的，
距集气罩开口面最远处的VOCs无
组织排放位置，控制风速不低于
0.3m/s。 | 项目注塑废气经整室收集。 | 符
合",项目注塑废气经整室收集。,解析文本拼接_表格清洗增强_05_081-100.md,090_佛山市顺德区共诺电子元件厂搬迁项目_01_受理公告或公示版
PL021,PL021_佛山市顺德区共诺电子元件厂搬迁项目_01_受理公告或公示版.pdf,9,1,6,疑似缺失,0.333,"59-管理台账-建立危废台账，整理
危废处置合同、转移联单及危废处
理方式资质佐证材料。 | 项目建立危险废物台账，定
期将废液压油、废机油、废
包装桶、废活性炭等危险废
物交给有资质的单位处理， | 符
合","59-管理台账-建立危废台账，整理
危废处置合同、转移联单及危废处
理方式资质佐证材料。；项目建立危险废物台账，定
期将废液压油、废机油、废
包装桶、废活性炭等危险废
物交给有资质的单位处理，",解析文本拼接_表格清洗增强_05_081-100.md,090_佛山市顺德区共诺电子元件厂搬迁项目_01_受理公告或公示版
PL021,PL021_佛山市顺德区共诺电子元件厂搬迁项目_01_受理公告或公示版.pdf,10,1,6,部分,0.8,"8 | 《固定污染源挥
发性有机物综合
排放标准》
(DB44/
2367-2022) | 排气筒高度不低于15m（因安全考虑
或者有特殊工艺要求的除外），具体
高度以及与周围建筑物的相对高度
关系应当根据环境影响评价文件确
定。 | 注塑工序产生的有机废气经
整室收集后，通过“活性炭吸
附”装置处理后引至15m高的
G1排气筒排放。 | 符合","注塑工序产生的有机废气经
整室收集后，通过“活性炭吸
附”装置处理后引至15m高的
G1排气筒排放。",解析文本拼接_表格清洗增强_05_081-100.md,090_佛山市顺德区共诺电子元件厂搬迁项目_01_受理公告或公示版
PL021,PL021_佛山市顺德区共诺电子元件厂搬迁项目_01_受理公告或公示版.pdf,10,1,7,疑似缺失,0.5,"企业应当建立台账，记录废气收集系
统、VOCs处理设施的主要运行和维
护信息，如运行时间、废气处理量、
操作温度、停留时间、吸附剂再生/
更换周期和更换量、催化剂更换周期
和更换量、吸收液 pH值等关键运行
参数。台账保存期限不少于3年。 | 项目废气治理设施安排专人
维护并定期建立台账，记录相
关废气数据。","企业应当建立台账，记录废气收集系
统、VOCs处理设施的主要运行和维
护信息，如运行时间、废气处理量、
操作温度、停留时间、吸附剂再生/
更换周期和更换量、催化剂更换周期
和更换量、吸收液 pH值等关键运行
参数。台账保存期限不少于3年。",解析文本拼接_表格清洗增强_05_081-100.md,090_佛山市顺德区共诺电子元件厂搬迁项目_01_受理公告或公示版
PL021,PL021_佛山市顺德区共诺电子元件厂搬迁项目_01_受理公告或公示版.pdf,10,2,6,疑似缺失,0.6,4 | 保护 十四五 规 | VOCs含量限值质量标准，禁止建设 | 使用高 含量的原辅材 | 符合,保护 十四五 规；使用高 含量的原辅材,解析文本拼接_表格清洗增强_05_081-100.md,090_佛山市顺德区共诺电子元件厂搬迁项目_01_受理公告或公示版
PL021,PL021_佛山市顺德区共诺电子元件厂搬迁项目_01_受理公告或公示版.pdf,10,2,7,疑似缺失,0.333,“ ” | 生产和使用高 含量的溶剂型涂 | VOCs,“ ”；生产和使用高 含量的溶剂型涂,解析文本拼接_表格清洗增强_05_081-100.md,090_佛山市顺德区共诺电子元件厂搬迁项目_01_受理公告或公示版
PL021,PL021_佛山市顺德区共诺电子元件厂搬迁项目_01_受理公告或公示版.pdf,10,2,8,疑似缺失,0.667,划 的通知》（粤 | VOCs | 料。,划 的通知》（粤,解析文本拼接_表格清洗增强_05_081-100.md,090_佛山市顺德区共诺电子元件厂搬迁项目_01_受理公告或公示版
PL021,PL021_佛山市顺德区共诺电子元件厂搬迁项目_01_受理公告或公示版.pdf,10,2,13,疑似缺失,0.5,加强 源头替代和无组织排放管 | VOCs,加强 源头替代和无组织排放管,解析文本拼接_表格清洗增强_05_081-100.md,090_佛山市顺德区共诺电子元件厂搬迁项目_01_受理公告或公示版
PL021,PL021_佛山市顺德区共诺电子元件厂搬迁项目_01_受理公告或公示版.pdf,10,2,14,疑似缺失,0.5,VOCs | 塑过程产生的 经整室,塑过程产生的 经整室,解析文本拼接_表格清洗增强_05_081-100.md,090_佛山市顺德区共诺电子元件厂搬迁项目_01_受理公告或公示版
PL021,PL021_佛山市顺德区共诺电子元件厂搬迁项目_01_受理公告或公示版.pdf,10,2,15,疑似缺失,0.5,控。大力推进低 含量原辅材料 | NMHC,控。大力推进低 含量原辅材料,解析文本拼接_表格清洗增强_05_081-100.md,090_佛山市顺德区共诺电子元件厂搬迁项目_01_受理公告或公示版
PL021,PL021_佛山市顺德区共诺电子元件厂搬迁项目_01_受理公告或公示版.pdf,10,2,16,疑似缺失,0.5,VOCs | 收集后通过 排气筒,收集后通过 排气筒,解析文本拼接_表格清洗增强_05_081-100.md,090_佛山市顺德区共诺电子元件厂搬迁项目_01_受理公告或公示版
PL021,PL021_佛山市顺德区共诺电子元件厂搬迁项目_01_受理公告或公示版.pdf,10,2,17,疑似缺失,0.0,替代，将全面使用低 含量原辅 | 15m G1,替代，将全面使用低 含量原辅；15m G1,解析文本拼接_表格清洗增强_05_081-100.md,090_佛山市顺德区共诺电子元件厂搬迁项目_01_受理公告或公示版
PL021,PL021_佛山市顺德区共诺电子元件厂搬迁项目_01_受理公告或公示版.pdf,10,2,23,部分,0.8,5 | 保护 十四五 规 | 用水性、高固体分，无溶剂、粉末等 | 包装袋封装。项目生产过程有 | 符合,保护 十四五 规,解析文本拼接_表格清洗增强_05_081-100.md,090_佛山市顺德区共诺电子元件厂搬迁项目_01_受理公告或公示版
PL021,PL021_佛山市顺德区共诺电子元件厂搬迁项目_01_受理公告或公示版.pdf,10,2,25,疑似缺失,0.667,划 的通知》（佛 | VOCs | 机废气达到《合成树脂工业污,划 的通知》（佛,解析文本拼接_表格清洗增强_05_081-100.md,090_佛山市顺德区共诺电子元件厂搬迁项目_01_受理公告或公示版
PL021,PL021_佛山市顺德区共诺电子元件厂搬迁项目_01_受理公告或公示版.pdf,10,2,28,疑似缺失,0.5,含 物料储存、转移和运输、设 | 31572-2015，含2024年修改,含 物料储存、转移和运输、设,解析文本拼接_表格清洗增强_05_081-100.md,090_佛山市顺德区共诺电子元件厂搬迁项目_01_受理公告或公示版
PL021,PL021_佛山市顺德区共诺电子元件厂搬迁项目_01_受理公告或公示版.pdf,10,2,41,部分,0.8,6 | 境保护“十四五” | 清单和政府绿色采购清单。鼓励重点 | 使用高 含量的原辅材 | 符合,使用高 含量的原辅材,解析文本拼接_表格清洗增强_05_081-100.md,090_佛山市顺德区共诺电子元件厂搬迁项目_01_受理公告或公示版
PL021,PL021_佛山市顺德区共诺电子元件厂搬迁项目_01_受理公告或公示版.pdf,10,2,55,疑似缺失,0.667,2021 | 宜高效的治理技术，涉VOCs重点行 | 废气，不使用高 含量,废气，不使用高 含量,解析文本拼接_表格清洗增强_05_081-100.md,090_佛山市顺德区共诺电子元件厂搬迁项目_01_受理公告或公示版
PL021,PL021_佛山市顺德区共诺电子元件厂搬迁项目_01_受理公告或公示版.pdf,10,2,60,疑似缺失,0.667,2021 58 | 化、光催化、低温等离子治理设施。 | 子等低效治理设施。,2021 58,解析文本拼接_表格清洗增强_05_081-100.md,090_佛山市顺德区共诺电子元件厂搬迁项目_01_受理公告或公示版
PL021,PL021_佛山市顺德区共诺电子元件厂搬迁项目_01_受理公告或公示版.pdf,10,2,67,疑似缺失,0.5,高度以及与周围建筑物的相对高度 | 整室收集后，通过“活性炭吸,整室收集后，通过“活性炭吸,解析文本拼接_表格清洗增强_05_081-100.md,090_佛山市顺德区共诺电子元件厂搬迁项目_01_受理公告或公示版
PL021,PL021_佛山市顺德区共诺电子元件厂搬迁项目_01_受理公告或公示版.pdf,11,1,3,部分,0.8,"10 | 《顺德区重点行
业挥发性有机物
总量指标管理工
作方案（2023年
修订）》（顺环
委办〔2023〕
19号） | 根据区域现状、改善目标、减排空间，
全区建设项目新增VOCs排放量施行
“减二增一”政策。其中，有组织排
放和无组织排放均纳入新增指标管
理：非甲烷总听合并计入VOCs管理。 | 项目注塑过程产生非甲烷总
经，并将非甲烷总经有组织排
","项目注塑过程产生非甲烷总
经，并将非甲烷总经有组织排
放和无组织排放统一纳入
VOCs管理。",解析文本拼接_表格清洗增强_05_081-100.md,090_佛山市顺德区共诺电子元件厂搬迁项目_01_受理公告或公示版
PL021,PL021_佛山市顺德区共诺电子元件厂搬迁项目_01_受理公告或公示版.pdf,11,1,4,疑似缺失,0.667,"总量分配管理：建设项目VOCs总量
分配原则上以环评文件为核定依据，
环评文件应包含VOCs总量控制内
容，核算原辅材料使用量、VOCs产
生和排放量等数据。 | 本报告已核算VOCs原辅材料
使用量、VOCs产生和排放等
相关数据。 | 符合","本报告已核算VOCs原辅材料
使用量、VOCs产生和排放等
相关数据。",解析文本拼接_表格清洗增强_05_081-100.md,090_佛山市顺德区共诺电子元件厂搬迁项目_01_受理公告或公示版
PL021,PL021_佛山市顺德区共诺电子元件厂搬迁项目_01_受理公告或公示版.pdf,11,2,18,疑似缺失,0.5,发 | 改资环〔 〕 | 2020年底，禁止生产和销售一次性发 | “ ”,改资环〔 〕；“ ”,解析文本拼接_表格清洗增强_05_081-100.md,090_佛山市顺德区共诺电子元件厂搬迁项目_01_受理公告或公示版
PL021,PL021_佛山市顺德区共诺电子元件厂搬迁项目_01_受理公告或公示版.pdf,11,2,34,疑似缺失,0.667,作 | 方案（2023年 | 总量分配管理：建设项目 总量,总量分配管理：建设项目 总量,解析文本拼接_表格清洗增强_05_081-100.md,090_佛山市顺德区共诺电子元件厂搬迁项目_01_受理公告或公示版
PL021,PL021_佛山市顺德区共诺电子元件厂搬迁项目_01_受理公告或公示版.pdf,11,2,36,疑似缺失,0.667,委办〔 〕 | 分配原则上以环评文件为核定依据， | 本报告已核算VOCs原辅材料,委办〔 〕,解析文本拼接_表格清洗增强_05_081-100.md,090_佛山市顺德区共诺电子元件厂搬迁项目_01_受理公告或公示版
PL021,PL021_佛山市顺德区共诺电子元件厂搬迁项目_01_受理公告或公示版.pdf,11,2,37,疑似缺失,0.5,2023 | 环评文件应包含 总量控制内 | 使用量、 产生和排放等 | 符合,环评文件应包含 总量控制内；使用量、 产生和排放等,解析文本拼接_表格清洗增强_05_081-100.md,090_佛山市顺德区共诺电子元件厂搬迁项目_01_受理公告或公示版
PL021,PL021_佛山市顺德区共诺电子元件厂搬迁项目_01_受理公告或公示版.pdf,11,2,40,疑似缺失,0.5,容，核算原辅材料使用量、VOCs产 | 相关数据。,相关数据。,解析文本拼接_表格清洗增强_05_081-100.md,090_佛山市顺德区共诺电子元件厂搬迁项目_01_受理公告或公示版
PL021,PL021_佛山市顺德区共诺电子元件厂搬迁项目_01_受理公告或公示版.pdf,11,2,44,疑似缺失,0.2,《 | 大良街道105 | 国道以西北片（DL-01-02、DL- | 01-03、DL-01-04）控制性 | 详细,大良街道105；国道以西北片（DL-01-02、DL-；01-03、DL-01-04）控制性；详细,解析文本拼接_表格清洗增强_05_081-100.md,090_佛山市顺德区共诺电子元件厂搬迁项目_01_受理公告或公示版
PL021,PL021_佛山市顺德区共诺电子元件厂搬迁项目_01_受理公告或公示版.pdf,11,2,45,部分,0.8,划 | 》，项目所在 | 地性质为工业用地，且根据粤房 | 地权证佛字第0814054312 | 号,地性质为工业用地，且根据粤房,解析文本拼接_表格清洗增强_05_081-100.md,090_佛山市顺德区共诺电子元件厂搬迁项目_01_受理公告或公示版
PL021,PL021_佛山市顺德区共诺电子元件厂搬迁项目_01_受理公告或公示版.pdf,12,2,17,疑似缺失,0.5,产项目和化工项目应在配套污水集中处置的工业园区或生活污水管网覆盖区域内建设： | 于涂装工艺的木质家具制造项目。,于涂装工艺的木质家具制造项目。,解析文本拼接_表格清洗增强_05_081-100.md,090_佛山市顺德区共诺电子元件厂搬迁项目_01_受理公告或公示版
PL021,PL021_佛山市顺德区共诺电子元件厂搬迁项目_01_受理公告或公示版.pdf,12,2,24,疑似缺失,0.5,2-1 / | 、项目推广节能技术，加快发展绿色货运与现代物流。,2-1 /,解析文本拼接_表格清洗增强_05_081-100.md,090_佛山市顺德区共诺电子元件厂搬迁项目_01_受理公告或公示版
PL021,PL021_佛山市顺德区共诺电子元件厂搬迁项目_01_受理公告或公示版.pdf,12,2,25,疑似缺失,0.5,【能源鼓励引导类】推广新能源汽车应用和充电基础设施、加氢站建设。 | 1,【能源鼓励引导类】推广新能源汽车应用和充电基础设施、加氢站建设。,解析文本拼接_表格清洗增强_05_081-100.md,090_佛山市顺德区共诺电子元件厂搬迁项目_01_受理公告或公示版
PL021,PL021_佛山市顺德区共诺电子元件厂搬迁项目_01_受理公告或公示版.pdf,12,2,26,疑似缺失,0.0,2-2 / | 、不适用。,2-2 /；、不适用。,解析文本拼接_表格清洗增强_05_081-100.md,090_佛山市顺德区共诺电子元件厂搬迁项目_01_受理公告或公示版
PL021,PL021_佛山市顺德区共诺电子元件厂搬迁项目_01_受理公告或公示版.pdf,12,2,27,疑似缺失,0.5,【能源综合类】科学实施能源消费总量和强度 双控 ，新建高能耗项目单位产品（产 | 2,【能源综合类】科学实施能源消费总量和强度 双控 ，新建高能耗项目单位产品（产,解析文本拼接_表格清洗增强_05_081-100.md,090_佛山市顺德区共诺电子元件厂搬迁项目_01_受理公告或公示版
PL021,PL021_佛山市顺德区共诺电子元件厂搬迁项目_01_受理公告或公示版.pdf,12,2,28,疑似缺失,0.0,2-3. / “ ” | 、项目科学实施能源消费总量和强度 双控 ，不属于,2-3. / “ ”；、项目科学实施能源消费总量和强度 双控 ，不属于,解析文本拼接_表格清洗增强_05_081-100.md,090_佛山市顺德区共诺电子元件厂搬迁项目_01_受理公告或公示版
PL021,PL021_佛山市顺德区共诺电子元件厂搬迁项目_01_受理公告或公示版.pdf,12,2,29,疑似缺失,0.5,值）能耗达到国际国内先进水平。 | 3 “ ”,3 “ ”,解析文本拼接_表格清洗增强_05_081-100.md,090_佛山市顺德区共诺电子元件厂搬迁项目_01_受理公告或公示版
PL021,PL021_佛山市顺德区共诺电子元件厂搬迁项目_01_受理公告或公示版.pdf,12,2,31,疑似缺失,0.5,2-4.【水资源/综合类】贯彻落实“节水优先”方针，实行最严格水资源管理制度，大良街 | 、不适用。,、不适用。,解析文本拼接_表格清洗增强_05_081-100.md,090_佛山市顺德区共诺电子元件厂搬迁项目_01_受理公告或公示版
PL021,PL021_佛山市顺德区共诺电子元件厂搬迁项目_01_受理公告或公示版.pdf,12,2,37,疑似缺失,0.5,【岸线禁止类】严格水域岸线用途管制，新建项目一律不得违规占用水域。严禁破 | 6,【岸线禁止类】严格水域岸线用途管制，新建项目一律不得违规占用水域。严禁破,解析文本拼接_表格清洗增强_05_081-100.md,090_佛山市顺德区共诺电子元件厂搬迁项目_01_受理公告或公示版
PL021,PL021_佛山市顺德区共诺电子元件厂搬迁项目_01_受理公告或公示版.pdf,12,2,38,疑似缺失,0.5,2-6. / | 域，不会破坏生态的岸线利用和做不符合其功能定位的,2-6. /,解析文本拼接_表格清洗增强_05_081-100.md,090_佛山市顺德区共诺电子元件厂搬迁项目_01_受理公告或公示版
PL021,PL021_佛山市顺德区共诺电子元件厂搬迁项目_01_受理公告或公示版.pdf,12,2,41,疑似缺失,0.667,污染物排放 | 【水限制类】城镇新区建设实行雨污分流。住宅、商业体、学校、市场等城镇开发 | 、项目不属于城镇新区建设。,【水限制类】城镇新区建设实行雨污分流。住宅、商业体、学校、市场等城镇开发,解析文本拼接_表格清洗增强_05_081-100.md,090_佛山市顺德区共诺电子元件厂搬迁项目_01_受理公告或公示版
PL021,PL021_佛山市顺德区共诺电子元件厂搬迁项目_01_受理公告或公示版.pdf,12,2,42,疑似缺失,0.667,3-1. / | 1 | 符合,3-1. /,解析文本拼接_表格清洗增强_05_081-100.md,090_佛山市顺德区共诺电子元件厂搬迁项目_01_受理公告或公示版
PL021,PL021_佛山市顺德区共诺电子元件厂搬迁项目_01_受理公告或公示版.pdf,13,1,3,疑似缺失,0.667,"环境风险防
控 | 4-1.【水/综合类】大门污水处理厂、逢沙污水处理厂、工业污水集中处理设施应采临取
有效措施，防止事故废水直接排入水体。完善污水处理厂在线监控系统联网，实现污水
处理厂的实时、动态监管。
4-2.【风险/综合类】加强环境风险分级分类管理，强化金属制品、有色金属和压延加工、
化学原料和化学品制造业等涉重金属、化工行业企业及工业园区等重点环境","1、不适用。
2、项目不属于金属制品、有色金属和压延加工、化学
原料和化学品制造业等涉重金属、化工行业企业及工业
园区等重点环境风险源，日常加强环境风险分级分类管
理。",解析文本拼接_表格清洗增强_05_081-100.md,090_佛山市顺德区共诺电子元件厂搬迁项目_01_受理公告或公示版
PL021,PL021_佛山市顺德区共诺电子元件厂搬迁项目_01_受理公告或公示版.pdf,13,2,15,疑似缺失,0.5,理厂污染物排放标准》（GB18918-2002）一级A标准及《广东省水污染物排放限值》 | 废气；项目注塑废气经整室收集后通过活性炭处理后引,废气；项目注塑废气经整室收集后通过活性炭处理后引,解析文本拼接_表格清洗增强_05_081-100.md,090_佛山市顺德区共诺电子元件厂搬迁项目_01_受理公告或公示版
PL021,PL021_佛山市顺德区共诺电子元件厂搬迁项目_01_受理公告或公示版.pdf,13,2,24,疑似缺失,0.0,4-1. / | 、不适用。,4-1. /；、不适用。,解析文本拼接_表格清洗增强_05_081-100.md,090_佛山市顺德区共诺电子元件厂搬迁项目_01_受理公告或公示版
PL021,PL021_佛山市顺德区共诺电子元件厂搬迁项目_01_受理公告或公示版.pdf,13,2,30,疑似缺失,0.5,4-2. / | 园区等重点环境风险源，日常加强环境风险分级分类管,4-2. /,解析文本拼接_表格清洗增强_05_081-100.md,090_佛山市顺德区共诺电子元件厂搬迁项目_01_受理公告或公示版
PL021,PL021_佛山市顺德区共诺电子元件厂搬迁项目_01_受理公告或公示版.pdf,14,1,3,疑似缺失,0.5,"主体
工程 | 生产车间 | 设有混料和破碎区、注塑区、模具维
修区等 | 面积约120m2，主要功能为注塑70
m3、插针10m3、混料/碎料10m3、
烘料20m3、模具维修10m3等","设有混料和破碎区、注塑区、模具维
修区等；面积约120m2，主要功能为注塑70
m3、插针10m3、混料/碎料10m3、
烘料20m3、模具维修10m3等",解析文本拼接_表格清洗增强_05_081-100.md,090_佛山市顺德区共诺电子元件厂搬迁项目_01_受理公告或公示版
PL021,PL021_佛山市顺德区共诺电子元件厂搬迁项目_01_受理公告或公示版.pdf,14,1,4,部分,0.75,"储运
工程 | 仓库 | 主要功能包括原料堆放、成品储存 | 面积约365m2，位于3层，主要功
能包括原料堆放、成品储存","面积约365m2，位于3层，主要功
能包括原料堆放、成品储存",解析文本拼接_表格清洗增强_05_081-100.md,090_佛山市顺德区共诺电子元件厂搬迁项目_01_受理公告或公示版
PL021,PL021_佛山市顺德区共诺电子元件厂搬迁项目_01_受理公告或公示版.pdf,14,1,9,部分,0.75,"环保
工程 | 注塑废气 | 通过集气罩收集到“UV 光解”装置
处理，处理达标后通过 22m
高的排气筒 1#排放 | 注塑废气经整室收集，引入活性炭吸
附设施进行处理，最后引至15m高
排气筒（G1）排放","注塑废气经整室收集，引入活性炭吸
附设施进行处理，最后引至15m高
排气筒（G1）排放",解析文本拼接_表格清洗增强_05_081-100.md,090_佛山市顺德区共诺电子元件厂搬迁项目_01_受理公告或公示版
PL021,PL021_佛山市顺德区共诺电子元件厂搬迁项目_01_受理公告或公示版.pdf,14,2,3,疑似缺失,0.6,环 | 审〔2 | 020〕第0285 | 号）。搬迁前项目由于厂房租期快 | 到期不能继续在原址生产，所以,号）。搬迁前项目由于厂房租期快；到期不能继续在原址生产，所以,解析文本拼接_表格清洗增强_05_081-100.md,090_佛山市顺德区共诺电子元件厂搬迁项目_01_受理公告或公示版
PL021,PL021_佛山市顺德区共诺电子元件厂搬迁项目_01_受理公告或公示版.pdf,14,2,4,部分,0.8,未 | 进行固 | 定污染源排污 | 登记及验收等后续环保手续的办 | 理。,登记及验收等后续环保手续的办,解析文本拼接_表格清洗增强_05_081-100.md,090_佛山市顺德区共诺电子元件厂搬迁项目_01_受理公告或公示版
PL021,PL021_佛山市顺德区共诺电子元件厂搬迁项目_01_受理公告或公示版.pdf,14,2,6,部分,0.8,8 | 号3楼 | 之二内已建成 | 的工业厂房，与搬迁前相比，搬 | 迁后减少生产设备，升级生产效,迁后减少生产设备，升级生产效,解析文本拼接_表格清洗增强_05_081-100.md,090_佛山市顺德区共诺电子元件厂搬迁项目_01_受理公告或公示版
PL021,PL021_佛山市顺德区共诺电子元件厂搬迁项目_01_受理公告或公示版.pdf,14,2,7,疑似缺失,0.2,率 | ，降本 | 增效使产品产 | 量增加。预计搬迁后项目年产变 | 压器线圈骨架1120万个。,，降本；增效使产品产；量增加。预计搬迁后项目年产变；压器线圈骨架1120万个。,解析文本拼接_表格清洗增强_05_081-100.md,090_佛山市顺德区共诺电子元件厂搬迁项目_01_受理公告或公示版
PL021,PL021_佛山市顺德区共诺电子元件厂搬迁项目_01_受理公告或公示版.pdf,14,2,16,疑似缺失,0.5,生产车间 | m3、插针10m3、混料/碎料10m3、,m3、插针10m3、混料/碎料10m3、,解析文本拼接_表格清洗增强_05_081-100.md,090_佛山市顺德区共诺电子元件厂搬迁项目_01_受理公告或公示版
PL021,PL021_佛山市顺德区共诺电子元件厂搬迁项目_01_受理公告或公示版.pdf,14,2,19,疑似缺失,0.5,储运 | 面积约 2，位于 层，主要功,面积约 2，位于 层，主要功,解析文本拼接_表格清洗增强_05_081-100.md,090_佛山市顺德区共诺电子元件厂搬迁项目_01_受理公告或公示版
PL021,PL021_佛山市顺德区共诺电子元件厂搬迁项目_01_受理公告或公示版.pdf,14,2,20,疑似缺失,0.667,仓库 | 主要功能包括原料堆放、成品储存 | 365m 3,365m 3,解析文本拼接_表格清洗增强_05_081-100.md,090_佛山市顺德区共诺电子元件厂搬迁项目_01_受理公告或公示版
PL021,PL021_佛山市顺德区共诺电子元件厂搬迁项目_01_受理公告或公示版.pdf,14,2,22,疑似缺失,0.5,辅助 | 面积约 2，位于 层，主要功,面积约 2，位于 层，主要功,解析文本拼接_表格清洗增强_05_081-100.md,090_佛山市顺德区共诺电子元件厂搬迁项目_01_受理公告或公示版
PL021,PL021_佛山市顺德区共诺电子元件厂搬迁项目_01_受理公告或公示版.pdf,14,2,37,疑似缺失,0.5,通过集气罩收集到“UV 光解”装置 | 注塑废气经整室收集，引入活性炭吸,注塑废气经整室收集，引入活性炭吸,解析文本拼接_表格清洗增强_05_081-100.md,090_佛山市顺德区共诺电子元件厂搬迁项目_01_受理公告或公示版
PL021,PL021_佛山市顺德区共诺电子元件厂搬迁项目_01_受理公告或公示版.pdf,14,2,46,疑似缺失,0.5,分类收集定期交给商品回收商进行 | 设立固废间 个，面积 2，用于,设立固废间 个，面积 2，用于,解析文本拼接_表格清洗增强_05_081-100.md,090_佛山市顺德区共诺电子元件厂搬迁项目_01_受理公告或公示版
PL021,PL021_佛山市顺德区共诺电子元件厂搬迁项目_01_受理公告或公示版.pdf,14,2,47,疑似缺失,0.5,一般固体废物 | 1 10m,1 10m,解析文本拼接_表格清洗增强_05_081-100.md,090_佛山市顺德区共诺电子元件厂搬迁项目_01_受理公告或公示版
PL021,PL021_佛山市顺德区共诺电子元件厂搬迁项目_01_受理公告或公示版.pdf,15,1,2,疑似缺失,0.667,"危险废物 | 危险废物收集暂存于危废池并委托
有资质的单位定期处理 | 设有危废间1个，面积5m2，危险
废物收集暂存于危废间并委托有资
质的单位定期处理","设有危废间1个，面积5m2，危险
废物收集暂存于危废间并委托有资
质的单位定期处理",解析文本拼接_表格清洗增强_05_081-100.md,090_佛山市顺德区共诺电子元件厂搬迁项目_01_受理公告或公示版
PL021,PL021_佛山市顺德区共诺电子元件厂搬迁项目_01_受理公告或公示版.pdf,15,2,2,疑似缺失,0.5,"变压器线圈骨架 | 万个/年 | 1200 | +900 | 2100 | 有大有小，小的重量约3g/个
共1500万个；大的重量约
15g/个，共600万个","+900；2100；有大有小，小的重量约3g/个
共1500万个；大的重量约
15g/个，共600万个",解析文本拼接_表格清洗增强_05_081-100.md,090_佛山市顺德区共诺电子元件厂搬迁项目_01_受理公告或公示版
PL021,PL021_佛山市顺德区共诺电子元件厂搬迁项目_01_受理公告或公示版.pdf,15,3,2,部分,0.875,"生产车
间 | 注塑 | 注塑机 | 台 | 17 | -2 | 15 | 处理能力2.88-14.4kg/h",处理能力2.88-14.4kg/h,解析文本拼接_表格清洗增强_05_081-100.md,090_佛山市顺德区共诺电子元件厂搬迁项目_01_受理公告或公示版
PL021,PL021_佛山市顺德区共诺电子元件厂搬迁项目_01_受理公告或公示版.pdf,15,3,8,部分,0.833,台钻 | 台 | 0 | 1 | 1 | 功率1kW,台钻,解析文本拼接_表格清洗增强_05_081-100.md,090_佛山市顺德区共诺电子元件厂搬迁项目_01_受理公告或公示版
PL021,PL021_佛山市顺德区共诺电子元件厂搬迁项目_01_受理公告或公示版.pdf,15,4,2,部分,0.714,PBT塑料粒 | 吨/年 | 36 | +99.372 | 135.372 | 6 | 25kg/袋，新料、粒状,+99.372；135.372,解析文本拼接_表格清洗增强_05_081-100.md,090_佛山市顺德区共诺电子元件厂搬迁项目_01_受理公告或公示版
PL021,PL021_佛山市顺德区共诺电子元件厂搬迁项目_01_受理公告或公示版.pdf,15,4,3,部分,0.857,导针 | 吨/年 | 0.85 | +2.35 | 3.2 | 0.15 | 2.5kg/袋，用于插针,+2.35,解析文本拼接_表格清洗增强_05_081-100.md,090_佛山市顺德区共诺电子元件厂搬迁项目_01_受理公告或公示版
PL021,PL021_佛山市顺德区共诺电子元件厂搬迁项目_01_受理公告或公示版.pdf,15,4,4,部分,0.857,液压油 | 吨/年 | 0 | +0.25 | 0.25 | 0.25 | 25kg/桶，液体,+0.25,解析文本拼接_表格清洗增强_05_081-100.md,090_佛山市顺德区共诺电子元件厂搬迁项目_01_受理公告或公示版
PL021,PL021_佛山市顺德区共诺电子元件厂搬迁项目_01_受理公告或公示版.pdf,15,4,5,部分,0.857,机油 | 吨/年 | 0.01 | -0.005 | 0.005 | 0.005 | 2.5kg/瓶，液体,2.5kg/瓶，液体,解析文本拼接_表格清洗增强_05_081-100.md,090_佛山市顺德区共诺电子元件厂搬迁项目_01_受理公告或公示版
PL021,PL021_佛山市顺德区共诺电子元件厂搬迁项目_01_受理公告或公示版.pdf,15,5,2,部分,0.75,设 | 有危 | 废间 | 个，面积 2，危险,个，面积 2，危险,解析文本拼接_表格清洗增强_05_081-100.md,090_佛山市顺德区共诺电子元件厂搬迁项目_01_受理公告或公示版
PL021,PL021_佛山市顺德区共诺电子元件厂搬迁项目_01_受理公告或公示版.pdf,15,5,8,部分,0.917,项目主要从 | 事变压 | 器 | 线 | 圈骨架 | 的制造及 | 经营工 | 作，项 | 目建 | 成后 | 产 | 品产量见表2-2。,的制造及,解析文本拼接_表格清洗增强_05_081-100.md,090_佛山市顺德区共诺电子元件厂搬迁项目_01_受理公告或公示版
PL021,PL021_佛山市顺德区共诺电子元件厂搬迁项目_01_受理公告或公示版.pdf,15,5,13,疑似缺失,0.667,万个/ | 年 | 1200 | +9 | 00 | 2100 | 共15 | 0 | 0万个；大的重量约,+9；2100；共15,解析文本拼接_表格清洗增强_05_081-100.md,090_佛山市顺德区共诺电子元件厂搬迁项目_01_受理公告或公示版
PL021,PL021_佛山市顺德区共诺电子元件厂搬迁项目_01_受理公告或公示版.pdf,15,5,14,疑似缺失,0.667,1 | 5g | /个，共600万个,/个，共600万个,解析文本拼接_表格清洗增强_05_081-100.md,090_佛山市顺德区共诺电子元件厂搬迁项目_01_受理公告或公示版
PL021,PL021_佛山市顺德区共诺电子元件厂搬迁项目_01_受理公告或公示版.pdf,15,5,21,部分,0.9,注塑 | 注塑 | 机 | 台 1 | 7 | -2 | 1 | 5 | 处 | 理能力2.88-14.4kg/h,理能力2.88-14.4kg/h,解析文本拼接_表格清洗增强_05_081-100.md,090_佛山市顺德区共诺电子元件厂搬迁项目_01_受理公告或公示版
PL021,PL021_佛山市顺德区共诺电子元件厂搬迁项目_01_受理公告或公示版.pdf,15,5,29,部分,0.857,台 | 钻 | 台 | 0 | 1 | 1 | 功率1kW,钻,解析文本拼接_表格清洗增强_05_081-100.md,090_佛山市顺德区共诺电子元件厂搬迁项目_01_受理公告或公示版
PL021,PL021_佛山市顺德区共诺电子元件厂搬迁项目_01_受理公告或公示版.pdf,15,5,40,部分,0.8,PB | T塑料粒 | 吨/年 | 3 | 6 | +99.372 | 135.37 | 2 | 6 | 25kg/袋，新料、粒状,+99.372；135.37,解析文本拼接_表格清洗增强_05_081-100.md,090_佛山市顺德区共诺电子元件厂搬迁项目_01_受理公告或公示版
PL021,PL021_佛山市顺德区共诺电子元件厂搬迁项目_01_受理公告或公示版.pdf,15,5,41,部分,0.889,导针 | 吨/年 | 0. | 85 | +2.35 | 3.2 | 0.1 | 5 | 2.5kg/袋，用于插针,+2.35,解析文本拼接_表格清洗增强_05_081-100.md,090_佛山市顺德区共诺电子元件厂搬迁项目_01_受理公告或公示版
PL021,PL021_佛山市顺德区共诺电子元件厂搬迁项目_01_受理公告或公示版.pdf,15,5,42,部分,0.875,液压油 | 吨/年 | 0 | +0.25 | 0.25 | 0.2 | 5 | 25kg/桶，液体,+0.25,解析文本拼接_表格清洗增强_05_081-100.md,090_佛山市顺德区共诺电子元件厂搬迁项目_01_受理公告或公示版
PL021,PL021_佛山市顺德区共诺电子元件厂搬迁项目_01_受理公告或公示版.pdf,15,5,43,部分,0.889,机油 | 吨/年 | 0. | 01 | -0.005 | 0.005 | 0.0 | 05 | 2.5kg/瓶，液体,2.5kg/瓶，液体,解析文本拼接_表格清洗增强_05_081-100.md,090_佛山市顺德区共诺电子元件厂搬迁项目_01_受理公告或公示版
PL021,PL021_佛山市顺德区共诺电子元件厂搬迁项目_01_受理公告或公示版.pdf,16,1,7,部分,0.8,"设备
名称 | 塑料加
工量
（kg/h） | 产品 | 设备
数量
（台） | 单个模
具容量
（g） | 一模生产
时间
（min） | 产能
（g/m
in） | 作业时
间
（min） | 理论年
产量（t） | 申报年
产量
（t）","塑料加
工量
（kg/h）；一模生产
时间
（min）",解析文本拼接_表格清洗增强_05_081-100.md,090_佛山市顺德区共诺电子元件厂搬迁项目_01_受理公告或公示版
PL021,PL021_佛山市顺德区共诺电子元件厂搬迁项目_01_受理公告或公示版.pdf,16,1,8,部分,0.7,"注塑
机 | 2.88 | 小变压
器线圈
骨架 | 8 | 12 | 0.25 | 384 | 144000 | 55.296 | 45",2.88；384；55.296,解析文本拼接_表格清洗增强_05_081-100.md,090_佛山市顺德区共诺电子元件厂搬迁项目_01_受理公告或公示版
PL021,PL021_佛山市顺德区共诺电子元件厂搬迁项目_01_受理公告或公示版.pdf,16,1,9,部分,0.889,"14.4 | 大变压
器线圈
骨架 | 7 | 60 | 0.5 | 840 | 144000 | 120.96 | 90",120.96,解析文本拼接_表格清洗增强_05_081-100.md,090_佛山市顺德区共诺电子元件厂搬迁项目_01_受理公告或公示版
PL021,PL021_佛山市顺德区共诺电子元件厂搬迁项目_01_受理公告或公示版.pdf,16,2,4,疑似缺失,0.5,"塑料粒 | PBT 1,4-","PBT 1,4-",解析文本拼接_表格清洗增强_05_081-100.md,090_佛山市顺德区共诺电子元件厂搬迁项目_01_受理公告或公示版
PL021,PL021_佛山市顺德区共诺电子元件厂搬迁项目_01_受理公告或公示版.pdf,16,2,17,疑似缺失,0.5,塑料 | 加 设备 单个模 一模生产 产能 作业时 申报年,加 设备 单个模 一模生产 产能 作业时 申报年,解析文本拼接_表格清洗增强_05_081-100.md,090_佛山市顺德区共诺电子元件厂搬迁项目_01_受理公告或公示版
PL021,PL021_佛山市顺德区共诺电子元件厂搬迁项目_01_受理公告或公示版.pdf,16,2,18,疑似缺失,0.667,"设备 | 工量 | 理论年
产品 数量 具容量 时间 （ 间 产量","理论年
产品 数量 具容量 时间 （ 间 产量",解析文本拼接_表格清洗增强_05_081-100.md,090_佛山市顺德区共诺电子元件厂搬迁项目_01_受理公告或公示版
PL021,PL021_佛山市顺德区共诺电子元件厂搬迁项目_01_受理公告或公示版.pdf,16,2,23,疑似缺失,0.0,2.88 | 器线圈 8 12 0.25 384 144000 55.296 45,2.88；器线圈 8 12 0.25 384 144000 55.296 45,解析文本拼接_表格清洗增强_05_081-100.md,090_佛山市顺德区共诺电子元件厂搬迁项目_01_受理公告或公示版
PL021,PL021_佛山市顺德区共诺电子元件厂搬迁项目_01_受理公告或公示版.pdf,16,2,26,疑似缺失,0.5,14.4 | 器线圈 7 60 0.5 840 144000 120.96 90,器线圈 7 60 0.5 840 144000 120.96 90,解析文本拼接_表格清洗增强_05_081-100.md,090_佛山市顺德区共诺电子元件厂搬迁项目_01_受理公告或公示版
PL021,PL021_佛山市顺德区共诺电子元件厂搬迁项目_01_受理公告或公示版.pdf,16,2,28,疑似缺失,0.667,：1 | 、项目每 | 天生产8h，年生产300天。2、小变压器线圈骨架一模约4个耗时15秒，大变压器线圈,天生产8h，年生产300天。2、小变压器线圈骨架一模约4个耗时15秒，大变压器线圈,解析文本拼接_表格清洗增强_05_081-100.md,090_佛山市顺德区共诺电子元件厂搬迁项目_01_受理公告或公示版
PL021,PL021_佛山市顺德区共诺电子元件厂搬迁项目_01_受理公告或公示版.pdf,16,2,29,疑似缺失,0.333,架 | 一模约4个 | 耗时30秒。3、设备连续生产，年产量较申报产能偏大主要受生产过程中设备调试、维,一模约4个；耗时30秒。3、设备连续生产，年产量较申报产能偏大主要受生产过程中设备调试、维,解析文本拼接_表格清洗增强_05_081-100.md,090_佛山市顺德区共诺电子元件厂搬迁项目_01_受理公告或公示版
PL021,PL021_佛山市顺德区共诺电子元件厂搬迁项目_01_受理公告或公示版.pdf,16,2,30,疑似缺失,0.667,、 | 维修等情况 | 影响，用量偏差在可接受的范围内。4、塑料加工量=实际注射量*作业时间,影响，用量偏差在可接受的范围内。4、塑料加工量=实际注射量*作业时间,解析文本拼接_表格清洗增强_05_081-100.md,090_佛山市顺德区共诺电子元件厂搬迁项目_01_受理公告或公示版
PL021,PL021_佛山市顺德区共诺电子元件厂搬迁项目_01_受理公告或公示版.pdf,16,2,31,疑似缺失,0.5,项目理论 | 年产量176.256吨，申报年产量135吨，生产能力可满足。,年产量176.256吨，申报年产量135吨，生产能力可满足。,解析文本拼接_表格清洗增强_05_081-100.md,090_佛山市顺德区共诺电子元件厂搬迁项目_01_受理公告或公示版
PL021,PL021_佛山市顺德区共诺电子元件厂搬迁项目_01_受理公告或公示版.pdf,17,2,3,疑似缺失,0.6,PBT塑料粒 | 135.372 | 变压器线圈骨架 | 138.2 | 产品出售,135.372；138.2,解析文本拼接_表格清洗增强_05_081-100.md,090_佛山市顺德区共诺电子元件厂搬迁项目_01_受理公告或公示版
PL021,PL021_佛山市顺德区共诺电子元件厂搬迁项目_01_受理公告或公示版.pdf,17,2,4,部分,0.8,"导针 | 3.2 | 非甲烷总烃 | 0.365 | 收集经活性炭吸
附后进入大气",0.365,解析文本拼接_表格清洗增强_05_081-100.md,090_佛山市顺德区共诺电子元件厂搬迁项目_01_受理公告或公示版
PL021,PL021_佛山市顺德区共诺电子元件厂搬迁项目_01_受理公告或公示版.pdf,17,2,5,部分,0.8,/ | / | 颗粒物 | 0.007 | 进入大气,0.007,解析文本拼接_表格清洗增强_05_081-100.md,090_佛山市顺德区共诺电子元件厂搬迁项目_01_受理公告或公示版
PL021,PL021_佛山市顺德区共诺电子元件厂搬迁项目_01_受理公告或公示版.pdf,17,2,6,疑似缺失,0.6,合计 | 138.572 | 合计 | 138.572 | /,138.572；138.572,解析文本拼接_表格清洗增强_05_081-100.md,090_佛山市顺德区共诺电子元件厂搬迁项目_01_受理公告或公示版
PL021,PL021_佛山市顺德区共诺电子元件厂搬迁项目_01_受理公告或公示版.pdf,17,3,3,疑似缺失,0.6,PBT塑料粒 | 135.372 | 变压器线圈骨架 | 138.2 | 产品出售,135.372；138.2,解析文本拼接_表格清洗增强_05_081-100.md,090_佛山市顺德区共诺电子元件厂搬迁项目_01_受理公告或公示版
PL021,PL021_佛山市顺德区共诺电子元件厂搬迁项目_01_受理公告或公示版.pdf,17,3,5,部分,0.75,导针 | 3.2 | 非甲烷总烃 | 0.365,0.365,解析文本拼接_表格清洗增强_05_081-100.md,090_佛山市顺德区共诺电子元件厂搬迁项目_01_受理公告或公示版
PL021,PL021_佛山市顺德区共诺电子元件厂搬迁项目_01_受理公告或公示版.pdf,17,3,7,部分,0.8,/ | / | 颗粒物 | 0.007 | 进入大气,0.007,解析文本拼接_表格清洗增强_05_081-100.md,090_佛山市顺德区共诺电子元件厂搬迁项目_01_受理公告或公示版
PL021,PL021_佛山市顺德区共诺电子元件厂搬迁项目_01_受理公告或公示版.pdf,17,3,8,疑似缺失,0.6,合计 | 138.572 | 合计 | 138.572 | /,138.572；138.572,解析文本拼接_表格清洗增强_05_081-100.md,090_佛山市顺德区共诺电子元件厂搬迁项目_01_受理公告或公示版
PL021,PL021_佛山市顺德区共诺电子元件厂搬迁项目_01_受理公告或公示版.pdf,18,4,13,部分,0.8,位 | 置 | 属于顺 | 德红岗科技城产业集聚区， | 项目位于所在楼栋3楼；项目所在厂房北面为顺,项目位于所在楼栋3楼；项目所在厂房北面为顺,解析文本拼接_表格清洗增强_05_081-100.md,090_佛山市顺德区共诺电子元件厂搬迁项目_01_受理公告或公示版
PL021,PL021_佛山市顺德区共诺电子元件厂搬迁项目_01_受理公告或公示版.pdf,18,4,17,部分,0.8,烘 | 料 | 、插针 | 、模具维修等，仓库、办公室 | 、危废间设于厂房内。项目生产车间层高4.2m，,、模具维修等，仓库、办公室,解析文本拼接_表格清洗增强_05_081-100.md,090_佛山市顺德区共诺电子元件厂搬迁项目_01_受理公告或公示版
PL021,PL021_佛山市顺德区共诺电子元件厂搬迁项目_01_受理公告或公示版.pdf,19,2,2,部分,0.833,"1 | 废气 | 破碎粉尘、金属粉尘 | 颗粒物 | 破碎、模具维修 | 在车间内无组织排放，加强车间
通风。",破碎、模具维修,解析文本拼接_表格清洗增强_05_081-100.md,090_佛山市顺德区共诺电子元件厂搬迁项目_01_受理公告或公示版
PL021,PL021_佛山市顺德区共诺电子元件厂搬迁项目_01_受理公告或公示版.pdf,19,2,3,部分,0.8,"2 | 注塑废气 | 非甲烷总烃 | 注塑 | 注塑废气由整室收集，通过“活性
炭吸附”设施处理，后经G1排气
筒（15m）排放；未收集的废气
在车间无组织排放。","注塑废气由整室收集，通过“活性
炭吸附”设施处理，后经G1排气
筒（15m）排放；未收集的废气
在车间无组织排放。",解析文本拼接_表格清洗增强_05_081-100.md,090_佛山市顺德区共诺电子元件厂搬迁项目_01_受理公告或公示版
PL021,PL021_佛山市顺德区共诺电子元件厂搬迁项目_01_受理公告或公示版.pdf,19,3,1,疑似缺失,0.333,机中 | 烘干 | （温度60-70℃，低 | 于塑料熔融温度 | 无有机废气产 | 生），随后投入注塑机配套的,（温度60-70℃，低；于塑料熔融温度；无有机废气产；生），随后投入注塑机配套的,解析文本拼接_表格清洗增强_05_081-100.md,090_佛山市顺德区共诺电子元件厂搬迁项目_01_受理公告或公示版
PL021,PL021_佛山市顺德区共诺电子元件厂搬迁项目_01_受理公告或公示版.pdf,19,3,15,部分,0.75,1 | 破碎粉尘、金属粉尘 | 颗粒物 | 破碎、模具维修,破碎、模具维修,解析文本拼接_表格清洗增强_05_081-100.md,090_佛山市顺德区共诺电子元件厂搬迁项目_01_受理公告或公示版
PL021,PL021_佛山市顺德区共诺电子元件厂搬迁项目_01_受理公告或公示版.pdf,19,3,17,部分,0.75,2 | 废气 | 非甲烷总烃 | 注塑废气由整室收集，通过“活性,注塑废气由整室收集，通过“活性,解析文本拼接_表格清洗增强_05_081-100.md,090_佛山市顺德区共诺电子元件厂搬迁项目_01_受理公告或公示版
PL021,PL021_佛山市顺德区共诺电子元件厂搬迁项目_01_受理公告或公示版.pdf,19,3,22,部分,0.75,4 | 生活污水 | Cr 5 | 员工生活,Cr 5,解析文本拼接_表格清洗增强_05_081-100.md,090_佛山市顺德区共诺电子元件厂搬迁项目_01_受理公告或公示版
PL021,PL021_佛山市顺德区共诺电子元件厂搬迁项目_01_受理公告或公示版.pdf,20,2,6,疑似缺失,0.667,"VOCs收集和
治理设施 | 注塑废气利用集气罩收集经一套UV光解
装置处理后通过22m排气筒G1排放。 | 与审批一致","注塑废气利用集气罩收集经一套UV光解
装置处理后通过22m排气筒G1排放。",解析文本拼接_表格清洗增强_05_081-100.md,090_佛山市顺德区共诺电子元件厂搬迁项目_01_受理公告或公示版
PL021,PL021_佛山市顺德区共诺电子元件厂搬迁项目_01_受理公告或公示版.pdf,20,4,7,疑似缺失,0.5,号 | ）。搬迁前项 | 目由于厂房租期快到 | 期不能 | 继续在原 | 址 | 生产，所以 | 未进行固定污染源,目由于厂房租期快到；期不能；继续在原；生产，所以,解析文本拼接_表格清洗增强_05_081-100.md,090_佛山市顺德区共诺电子元件厂搬迁项目_01_受理公告或公示版
PL021,PL021_佛山市顺德区共诺电子元件厂搬迁项目_01_受理公告或公示版.pdf,20,4,20,部分,0.8,规模 | 17 8 | 1 | 与 | 审批一致,17 8,解析文本拼接_表格清洗增强_05_081-100.md,090_佛山市顺德区共诺电子元件厂搬迁项目_01_受理公告或公示版
PL021,PL021_佛山市顺德区共诺电子元件厂搬迁项目_01_受理公告或公示版.pdf,20,4,27,部分,0.75,治理设施 | 装置处理后通过22m | 排气筒G1排 | 放。,装置处理后通过22m,解析文本拼接_表格清洗增强_05_081-100.md,090_佛山市顺德区共诺电子元件厂搬迁项目_01_受理公告或公示版
PL021,PL021_佛山市顺德区共诺电子元件厂搬迁项目_01_受理公告或公示版.pdf,20,4,36,部分,0.857,V | OCs | 本项目注塑过程非甲烷 | 总烃的产 | 生量约为 | 为 × ÷ | ；根据《广,为 × ÷,解析文本拼接_表格清洗增强_05_081-100.md,090_佛山市顺德区共诺电子元件厂搬迁项目_01_受理公告或公示版
PL021,PL021_佛山市顺德区共诺电子元件厂搬迁项目_01_受理公告或公示版.pdf,20,4,37,疑似缺失,0.667,标 | 36 2.70 10 | 00=0.097t/a,36 2.70 10,解析文本拼接_表格清洗增强_05_081-100.md,090_佛山市顺德区共诺电子元件厂搬迁项目_01_受理公告或公示版
PL021,PL021_佛山市顺德区共诺电子元件厂搬迁项目_01_受理公告或公示版.pdf,20,4,53,部分,0.75,"1 | 生活
污水 CODC | r 22.5 9 | 100 | 100 | 生
设 | 活污水处理
施处理后排 | 处理设施处理达到《城
镇污水处理厂污染物","生
设；活污水处理
施处理后排",解析文本拼接_表格清洗增强_05_081-100.md,090_佛山市顺德区共诺电子元件厂搬迁项目_01_受理公告或公示版
PL021,PL021_佛山市顺德区共诺电子元件厂搬迁项目_01_受理公告或公示版.pdf,21,3,10,部分,0.833,（有组织） | 0.029 | 0.026 | 21 | 100 | ）表 规定的大气污,）表 规定的大气污,解析文本拼接_表格清洗增强_05_081-100.md,090_佛山市顺德区共诺电子元件厂搬迁项目_01_受理公告或公示版
PL021,PL021_佛山市顺德区共诺电子元件厂搬迁项目_01_受理公告或公示版.pdf,21,3,11,疑似缺失,0.0,后通过 高 | -2015 4,后通过 高；-2015 4,解析文本拼接_表格清洗增强_05_081-100.md,090_佛山市顺德区共诺电子元件厂搬迁项目_01_受理公告或公示版
PL021,PL021_佛山市顺德区共诺电子元件厂搬迁项目_01_受理公告或公示版.pdf,22,3,18,疑似缺失,0.5,现 | PM （μg/m3） 35 70 达标,PM （μg/m3） 35 70 达标,解析文本拼接_表格清洗增强_05_081-100.md,090_佛山市顺德区共诺电子元件厂搬迁项目_01_受理公告或公示版
PL021,PL021_佛山市顺德区共诺电子元件厂搬迁项目_01_受理公告或公示版.pdf,23,3,3,疑似缺失,0.667,2 | 怡水轩国际公寓 | 人群健康 | 大气二类 | 北面 | 174,怡水轩国际公寓；174,解析文本拼接_表格清洗增强_05_081-100.md,090_佛山市顺德区共诺电子元件厂搬迁项目_01_受理公告或公示版
PL021,PL021_佛山市顺德区共诺电子元件厂搬迁项目_01_受理公告或公示版.pdf,23,3,5,疑似缺失,0.667,4 | 银景苑 | 人群健康 | 大气二类 | 东北面 | 260,银景苑；东北面,解析文本拼接_表格清洗增强_05_081-100.md,090_佛山市顺德区共诺电子元件厂搬迁项目_01_受理公告或公示版
PL021,PL021_佛山市顺德区共诺电子元件厂搬迁项目_01_受理公告或公示版.pdf,23,4,25,疑似缺失,0.6,2 | 怡水轩国际公寓 | 人群健康 大气二类 | 北面 | 174,怡水轩国际公寓；174,解析文本拼接_表格清洗增强_05_081-100.md,090_佛山市顺德区共诺电子元件厂搬迁项目_01_受理公告或公示版
PL021,PL021_佛山市顺德区共诺电子元件厂搬迁项目_01_受理公告或公示版.pdf,23,4,26,部分,0.8,3 | 新滘村 住宅 | 人群健康 大气二类 | 北面 | 230,新滘村 住宅,解析文本拼接_表格清洗增强_05_081-100.md,090_佛山市顺德区共诺电子元件厂搬迁项目_01_受理公告或公示版
PL021,PL021_佛山市顺德区共诺电子元件厂搬迁项目_01_受理公告或公示版.pdf,23,4,27,疑似缺失,0.6,4 | 银景苑 | 人群健康 大气二类 | 东北面 | 260,银景苑；东北面,解析文本拼接_表格清洗增强_05_081-100.md,090_佛山市顺德区共诺电子元件厂搬迁项目_01_受理公告或公示版
PL021,PL021_佛山市顺德区共诺电子元件厂搬迁项目_01_受理公告或公示版.pdf,25,1,6,疑似缺失,0.667,四氢呋喃a | 100 | ---,四氢呋喃a,解析文本拼接_表格清洗增强_05_081-100.md,090_佛山市顺德区共诺电子元件厂搬迁项目_01_受理公告或公示版
PL021,PL021_佛山市顺德区共诺电子元件厂搬迁项目_01_受理公告或公示版.pdf,25,1,7,部分,0.833,"/ | 破碎、模
具维修 | 颗粒物 | --- | 1.0 | DB44/27-2001","破碎、模
具维修",解析文本拼接_表格清洗增强_05_081-100.md,090_佛山市顺德区共诺电子元件厂搬迁项目_01_受理公告或公示版
PL021,PL021_佛山市顺德区共诺电子元件厂搬迁项目_01_受理公告或公示版.pdf,25,3,12,疑似缺失,0.5,污 | 项目大气污染物排放限值如表 和表 所示。,项目大气污染物排放限值如表 和表 所示。,解析文本拼接_表格清洗增强_05_081-100.md,090_佛山市顺德区共诺电子元件厂搬迁项目_01_受理公告或公示版
PL021,PL021_佛山市顺德区共诺电子元件厂搬迁项目_01_受理公告或公示版.pdf,25,3,17,疑似缺失,0.5,放 | 排气筒 污染源 污染因子 最高允许排放浓度 度限值 执行标准,排气筒 污染源 污染因子 最高允许排放浓度 度限值 执行标准,解析文本拼接_表格清洗增强_05_081-100.md,090_佛山市顺德区共诺电子元件厂搬迁项目_01_受理公告或公示版
PL021,PL021_佛山市顺德区共诺电子元件厂搬迁项目_01_受理公告或公示版.pdf,25,3,21,疑似缺失,0.5,"标 | 注塑 非甲烷总烃 100 4.0 GB31572—2015（含
（15m）","注塑 非甲烷总烃 100 4.0 GB31572—2015（含
（15m）",解析文本拼接_表格清洗增强_05_081-100.md,090_佛山市顺德区共诺电子元件厂搬迁项目_01_受理公告或公示版
PL021,PL021_佛山市顺德区共诺电子元件厂搬迁项目_01_受理公告或公示版.pdf,25,3,22,疑似缺失,0.5,准 | 四氢呋喃a 100 --- 2024 年修改单）,四氢呋喃a 100 --- 2024 年修改单）,解析文本拼接_表格清洗增强_05_081-100.md,090_佛山市顺德区共诺电子元件厂搬迁项目_01_受理公告或公示版
PL021,PL021_佛山市顺德区共诺电子元件厂搬迁项目_01_受理公告或公示版.pdf,26,3,25,疑似缺失,0.5,控 | 0.0013t/a 0.0053t/a,0.0013t/a 0.0053t/a,解析文本拼接_表格清洗增强_05_081-100.md,090_佛山市顺德区共诺电子元件厂搬迁项目_01_受理公告或公示版
PL021,PL021_佛山市顺德区共诺电子元件厂搬迁项目_01_受理公告或公示版.pdf,26,3,29,疑似缺失,0.5,标 | 0.164t/a 0.037t/a NMHC,0.164t/a 0.037t/a NMHC,解析文本拼接_表格清洗增强_05_081-100.md,090_佛山市顺德区共诺电子元件厂搬迁项目_01_受理公告或公示版
PL021,PL021_佛山市顺德区共诺电子元件厂搬迁项目_01_受理公告或公示版.pdf,27,2,3,部分,0.9,"注塑 | 注塑机 | 非甲烷
总烃 | 有组织 | 整室收集 | 90% | 50% | 活性炭吸附
（排气筒
G1） | 是
否 | 一般
排放
口",整室收集,解析文本拼接_表格清洗增强_05_081-100.md,090_佛山市顺德区共诺电子元件厂搬迁项目_01_受理公告或公示版
PL021,PL021_佛山市顺德区共诺电子元件厂搬迁项目_01_受理公告或公示版.pdf,27,3,2,疑似缺失,0.25,"全密封设备/空间 | 单层密闭负压 | VOCs 产生源设置在密闭车间、密闭设备(含
反应釜)、密闭管道内，所有开口处，包括人
员或物料进出口处呈负压 | 90","全密封设备/空间；单层密闭负压；VOCs 产生源设置在密闭车间、密闭设备(含
反应釜)、密闭管道内，所有开口处，包括人
员或物料进出口处呈负压",解析文本拼接_表格清洗增强_05_081-100.md,090_佛山市顺德区共诺电子元件厂搬迁项目_01_受理公告或公示版
PL021,PL021_佛山市顺德区共诺电子元件厂搬迁项目_01_受理公告或公示版.pdf,27,4,1,疑似缺失,0.333,"污染源 | 数量（个） | 规格 | 体积m3 | 换气次数次/h | 核算风量
m3/h","数量（个）；体积m3；换气次数次/h；核算风量
m3/h",解析文本拼接_表格清洗增强_05_081-100.md,090_佛山市顺德区共诺电子元件厂搬迁项目_01_受理公告或公示版
PL021,PL021_佛山市顺德区共诺电子元件厂搬迁项目_01_受理公告或公示版.pdf,27,4,2,疑似缺失,0.5,注塑区 | 1 | 25m×3m×3m | 225 | 20 | 4500,25m×3m×3m；225；4500,解析文本拼接_表格清洗增强_05_081-100.md,090_佛山市顺德区共诺电子元件厂搬迁项目_01_受理公告或公示版
PL021,PL021_佛山市顺德区共诺电子元件厂搬迁项目_01_受理公告或公示版.pdf,27,5,9,部分,0.857,注塑 | 注塑机 | 整室收集 | 90% | 50% | （排气筒 | 排放,整室收集,解析文本拼接_表格清洗增强_05_081-100.md,090_佛山市顺德区共诺电子元件厂搬迁项目_01_受理公告或公示版
PL021,PL021_佛山市顺德区共诺电子元件厂搬迁项目_01_受理公告或公示版.pdf,27,5,24,部分,0.833,境影 | 产 | 污系数为 | 2.70kg/t | 产品。项目 | 塑料件产 | 品量总共1 | 35t/a，则 | 非甲烷 | 总烃的产生 | 量为0.36 | 5t/a。,35t/a，则；量为0.36,解析文本拼接_表格清洗增强_05_081-100.md,090_佛山市顺德区共诺电子元件厂搬迁项目_01_受理公告或公示版
PL021,PL021_佛山市顺德区共诺电子元件厂搬迁项目_01_受理公告或公示版.pdf,27,5,26,部分,0.727,塑 | 料每小时 | 最大使用 | 量为123.8 | 4kg，则 | 非甲烷总烃 | 最大产 | 生速率 | 为0.334kg/h | 。注塑废 | 气经,量为123.8；4kg，则；为0.334kg/h,解析文本拼接_表格清洗增强_05_081-100.md,090_佛山市顺德区共诺电子元件厂搬迁项目_01_受理公告或公示版
PL021,PL021_佛山市顺德区共诺电子元件厂搬迁项目_01_受理公告或公示版.pdf,27,5,28,部分,0.889,措施 | 整 | 室收集， | 经活性炭 | 吸附处理 | 后通过15 | m排气筒G | 1排放 | 。,室收集，,解析文本拼接_表格清洗增强_05_081-100.md,090_佛山市顺德区共诺电子元件厂搬迁项目_01_受理公告或公示版
PL021,PL021_佛山市顺德区共诺电子元件厂搬迁项目_01_受理公告或公示版.pdf,27,5,29,部分,0.8,本项目 | 废气收集 | 类型为整 | 室收集， | 根据《广东 | 省工业 | 源挥发 | 性有机物减 | 排量核算 | 方法,类型为整；室收集，,解析文本拼接_表格清洗增强_05_081-100.md,090_佛山市顺德区共诺电子元件厂搬迁项目_01_受理公告或公示版
PL021,PL021_佛山市顺德区共诺电子元件厂搬迁项目_01_受理公告或公示版.pdf,27,5,30,部分,0.909,（ | 2023年修 | 订版）》 | 表3.3-2 废 | 气收集集 | 气效率参 | 考值（如 | 表4-2 | 所示）集气 | 效率取值 | 90%。,90%。,解析文本拼接_表格清洗增强_05_081-100.md,090_佛山市顺德区共诺电子元件厂搬迁项目_01_受理公告或公示版
PL021,PL021_佛山市顺德区共诺电子元件厂搬迁项目_01_受理公告或公示版.pdf,27,5,33,疑似缺失,0.4,VOCs | 产生源设置 | 在密闭车 | 间、密闭 | 设备(含,产生源设置；在密闭车；间、密闭,解析文本拼接_表格清洗增强_05_081-100.md,090_佛山市顺德区共诺电子元件厂搬迁项目_01_受理公告或公示版
PL021,PL021_佛山市顺德区共诺电子元件厂搬迁项目_01_受理公告或公示版.pdf,27,5,34,疑似缺失,0.111,全密封设 | 备/空间 | 单层密闭负 | 压 反应釜 | )、密闭管道 | 内，所有 | 开口处 | ，包括人 | 90,全密封设；备/空间；单层密闭负；压 反应釜,解析文本拼接_表格清洗增强_05_081-100.md,090_佛山市顺德区共诺电子元件厂搬迁项目_01_受理公告或公示版
PL021,PL021_佛山市顺德区共诺电子元件厂搬迁项目_01_受理公告或公示版.pdf,27,5,37,疑似缺失,0.1,根据现 | 场实际情 | 况，注塑 | 区整室规 | 格为25m×3 | m×3m， | 换气次 | 数均为20次 | /h，所需 | 排风,根据现；场实际情；况，注塑；区整室规,解析文本拼接_表格清洗增强_05_081-100.md,090_佛山市顺德区共诺电子元件厂搬迁项目_01_受理公告或公示版
PL021,PL021_佛山市顺德区共诺电子元件厂搬迁项目_01_受理公告或公示版.pdf,27,5,38,疑似缺失,0.667,量 | 为4500m | 3/h。,为4500m,解析文本拼接_表格清洗增强_05_081-100.md,090_佛山市顺德区共诺电子元件厂搬迁项目_01_受理公告或公示版
PL021,PL021_佛山市顺德区共诺电子元件厂搬迁项目_01_受理公告或公示版.pdf,27,5,41,疑似缺失,0.5,污染源 | 数量（个 | ） | 规格 | 体积 | 3 | 换气次 | 数次,数量（个；体积；换气次；数次,解析文本拼接_表格清洗增强_05_081-100.md,090_佛山市顺德区共诺电子元件厂搬迁项目_01_受理公告或公示版
PL021,PL021_佛山市顺德区共诺电子元件厂搬迁项目_01_受理公告或公示版.pdf,27,5,44,疑似缺失,0.429,注塑区 | 1 | 25m | ×3m×3m | 225 | 20 | 4500,25m；×3m×3m；225；4500,解析文本拼接_表格清洗增强_05_081-100.md,090_佛山市顺德区共诺电子元件厂搬迁项目_01_受理公告或公示版
PL021,PL021_佛山市顺德区共诺电子元件厂搬迁项目_01_受理公告或公示版.pdf,27,5,45,部分,0.8,根据核 | 算，得出 | 注塑工序需 | 要的收集 | 设施收集 | 风量为4 | 500m3 | /h，根据《吸 | 附法工业 | 有机,风量为4；500m3,解析文本拼接_表格清洗增强_05_081-100.md,090_佛山市顺德区共诺电子元件厂搬迁项目_01_受理公告或公示版
PL021,PL021_佛山市顺德区共诺电子元件厂搬迁项目_01_受理公告或公示版.pdf,28,2,3,疑似缺失,0.5,排气筒G1 | 非甲烷总烃 | 0.301 | 55.74 | 0.328 | 0.151 | 27.96 | 0.164,0.301；55.74；0.328；27.96,解析文本拼接_表格清洗增强_05_081-100.md,090_佛山市顺德区共诺电子元件厂搬迁项目_01_受理公告或公示版
PL021,PL021_佛山市顺德区共诺电子元件厂搬迁项目_01_受理公告或公示版.pdf,28,2,4,疑似缺失,0.5,无组织 | 非甲烷总烃 | 0.033 | / | 0.037 | 0.033 | / | 0.037,0.033；0.037；0.033；0.037,解析文本拼接_表格清洗增强_05_081-100.md,090_佛山市顺德区共诺电子元件厂搬迁项目_01_受理公告或公示版
PL021,PL021_佛山市顺德区共诺电子元件厂搬迁项目_01_受理公告或公示版.pdf,29,2,2,部分,0.857,"排气筒
G1 | 非甲烷总烃 | 27.96 | 0.151 | GB31572-2015（含
2024 年修改单） | 100 | 达标",27.96,解析文本拼接_表格清洗增强_05_081-100.md,090_佛山市顺德区共诺电子元件厂搬迁项目_01_受理公告或公示版
PL021,PL021_佛山市顺德区共诺电子元件厂搬迁项目_01_受理公告或公示版.pdf,29,3,2,部分,0.75,"注塑 | 活性炭吸
附装置故
障或完全
失效 | 非甲
烷总
烃 | 55.74 | 0.301 | <1 | 1 | 立即停止生产直至废
气治理设施恢复正常
运行，做好日常巡查
检查及设施运行记
录；日常加强设备保
养维护",55.74；0.301,解析文本拼接_表格清洗增强_05_081-100.md,090_佛山市顺德区共诺电子元件厂搬迁项目_01_受理公告或公示版
PL021,PL021_佛山市顺德区共诺电子元件厂搬迁项目_01_受理公告或公示版.pdf,29,4,5,部分,0.8,非甲烷总烃 | 27.96 | 0.151 | 100 | 达标,27.96,解析文本拼接_表格清洗增强_05_081-100.md,090_佛山市顺德区共诺电子元件厂搬迁项目_01_受理公告或公示版
PL021,PL021_佛山市顺德区共诺电子元件厂搬迁项目_01_受理公告或公示版.pdf,29,4,16,部分,0.857,内 | 无组织排放限值 | ，监控点处 | 平均浓 | 度值≤ 3，监控 | 点处任意一次 | 浓度值≤,度值≤ 3，监控,解析文本拼接_表格清洗增强_05_081-100.md,090_佛山市顺德区共诺电子元件厂搬迁项目_01_受理公告或公示版
PL021,PL021_佛山市顺德区共诺电子元件厂搬迁项目_01_受理公告或公示版.pdf,29,4,30,疑似缺失,0.5,"污染 非正常排 污 | 非正
染 | 常排 | 年发生频","污染 非正常排 污；非正
染",解析文本拼接_表格清洗增强_05_081-100.md,090_佛山市顺德区共诺电子元件厂搬迁项目_01_受理公告或公示版
PL021,PL021_佛山市顺德区共诺电子元件厂搬迁项目_01_受理公告或公示版.pdf,29,4,33,疑似缺失,0.333,"mg/ | m3 率kg | 时间 /
/h","m3 率kg；时间 /
/h",解析文本拼接_表格清洗增强_05_081-100.md,090_佛山市顺德区共诺电子元件厂搬迁项目_01_受理公告或公示版
PL021,PL021_佛山市顺德区共诺电子元件厂搬迁项目_01_受理公告或公示版.pdf,29,4,38,疑似缺失,0.0,"注塑 烷
障或完全 | 总 55. | 74 0.30 | 1 <1 1","注塑 烷
障或完全；总 55.；74 0.30；1 <1 1",解析文本拼接_表格清洗增强_05_081-100.md,090_佛山市顺德区共诺电子元件厂搬迁项目_01_受理公告或公示版
PL021,PL021_佛山市顺德区共诺电子元件厂搬迁项目_01_受理公告或公示版.pdf,32,2,6,部分,0.8,总磷 | 3.5 | 0.315 | 0.5 | 0.045,0.045,解析文本拼接_表格清洗增强_05_081-100.md,090_佛山市顺德区共诺电子元件厂搬迁项目_01_受理公告或公示版
PL021,PL021_佛山市顺德区共诺电子元件厂搬迁项目_01_受理公告或公示版.pdf,34,2,10,部分,0.875,磨床 | 模具维修区 | 偶发 | 类比法 | 70-80 | 5 | 类比法 | 75,模具维修区,解析文本拼接_表格清洗增强_05_081-100.md,090_佛山市顺德区共诺电子元件厂搬迁项目_01_受理公告或公示版
PL021,PL021_佛山市顺德区共诺电子元件厂搬迁项目_01_受理公告或公示版.pdf,34,2,11,部分,0.857,台钻 | 偶发 | 类比法 | 70-80 | 5 | 类比法 | 75,台钻,解析文本拼接_表格清洗增强_05_081-100.md,090_佛山市顺德区共诺电子元件厂搬迁项目_01_受理公告或公示版
PL021,PL021_佛山市顺德区共诺电子元件厂搬迁项目_01_受理公告或公示版.pdf,34,2,12,部分,0.875,"离心风机 | 模具维修区
旁 | 频发 | 类比法 | 75-85 | 5 | 类比法 | 80","模具维修区
旁",解析文本拼接_表格清洗增强_05_081-100.md,090_佛山市顺德区共诺电子元件厂搬迁项目_01_受理公告或公示版
PL021,PL021_佛山市顺德区共诺电子元件厂搬迁项目_01_受理公告或公示版.pdf,34,3,2,疑似缺失,0.667,声源类型单台设备噪声源强 降噪措施 | 单台设备噪声 | 排放值,声源类型单台设备噪声源强 降噪措施,解析文本拼接_表格清洗增强_05_081-100.md,090_佛山市顺德区共诺电子元件厂搬迁项目_01_受理公告或公示版
PL021,PL021_佛山市顺德区共诺电子元件厂搬迁项目_01_受理公告或公示版.pdf,34,3,4,部分,0.833,线 | 偶发等） 法 噪声值 工艺 效 | 果 | 核算方法 | 噪声值 | 时段,偶发等） 法 噪声值 工艺 效,解析文本拼接_表格清洗增强_05_081-100.md,090_佛山市顺德区共诺电子元件厂搬迁项目_01_受理公告或公示版
PL021,PL021_佛山市顺德区共诺电子元件厂搬迁项目_01_受理公告或公示版.pdf,34,3,16,部分,0.8,台钻 | 偶发 类比法 70-80 | 5 | 类比法 | 75,台钻,解析文本拼接_表格清洗增强_05_081-100.md,090_佛山市顺德区共诺电子元件厂搬迁项目_01_受理公告或公示版
PL021,PL021_佛山市顺德区共诺电子元件厂搬迁项目_01_受理公告或公示版.pdf,35,2,3,部分,0.857,"注塑机 | 70~80 | 减振处
理 | 5 | 75 | 15 | 91.07",91.07,解析文本拼接_表格清洗增强_05_081-100.md,090_佛山市顺德区共诺电子元件厂搬迁项目_01_受理公告或公示版
PL021,PL021_佛山市顺德区共诺电子元件厂搬迁项目_01_受理公告或公示版.pdf,35,2,9,部分,0.8,台钻 | 70-80 | 5 | 75 | 1,台钻,解析文本拼接_表格清洗增强_05_081-100.md,090_佛山市顺德区共诺电子元件厂搬迁项目_01_受理公告或公示版
PL021,PL021_佛山市顺德区共诺电子元件厂搬迁项目_01_受理公告或公示版.pdf,35,3,3,疑似缺失,0.4,91.07 | 66.07 | 20 | 7.5 | 20 | 7.5 | 40.05 | 48.57 | 40.05 | 48.57,91.07；66.07；40.05；48.57,解析文本拼接_表格清洗增强_05_081-100.md,090_佛山市顺德区共诺电子元件厂搬迁项目_01_受理公告或公示版
PL021,PL021_佛山市顺德区共诺电子元件厂搬迁项目_01_受理公告或公示版.pdf,35,4,7,疑似缺失,0.25,单台设 | 备距声源 的降 | 噪 采取降 | 噪措施后 后叠加噪声源,备距声源 的降；噪 采取降；噪措施后 后叠加噪声源,解析文本拼接_表格清洗增强_05_081-100.md,090_佛山市顺德区共诺电子元件厂搬迁项目_01_受理公告或公示版
PL021,PL021_佛山市顺德区共诺电子元件厂搬迁项目_01_受理公告或公示版.pdf,35,4,10,疑似缺失,0.4,"名称 | 1m | dB 措施 | （ ） | 1m 强dB（A）
量（台）","dB 措施；（ ）；1m 强dB（A）
量（台）",解析文本拼接_表格清洗增强_05_081-100.md,090_佛山市顺德区共诺电子元件厂搬迁项目_01_受理公告或公示版
PL021,PL021_佛山市顺德区共诺电子元件厂搬迁项目_01_受理公告或公示版.pdf,35,4,13,部分,0.833,注 | 塑机 | 70 | ~80 | 5 | 75 15,75 15,解析文本拼接_表格清洗增强_05_081-100.md,090_佛山市顺德区共诺电子元件厂搬迁项目_01_受理公告或公示版
PL021,PL021_佛山市顺德区共诺电子元件厂搬迁项目_01_受理公告或公示版.pdf,35,4,17,疑似缺失,0.667,混 | 料机 | 70 | -80 减振 | 处 5 | 75 1,-80 减振；处 5,解析文本拼接_表格清洗增强_05_081-100.md,090_佛山市顺德区共诺电子元件厂搬迁项目_01_受理公告或公示版
PL021,PL021_佛山市顺德区共诺电子元件厂搬迁项目_01_受理公告或公示版.pdf,35,4,18,疑似缺失,0.6,"磨床 | 70 | -80 理 | 5 | 91.07
75 1","-80 理；91.07
75 1",解析文本拼接_表格清洗增强_05_081-100.md,090_佛山市顺德区共诺电子元件厂搬迁项目_01_受理公告或公示版
PL021,PL021_佛山市顺德区共诺电子元件厂搬迁项目_01_受理公告或公示版.pdf,35,4,19,部分,0.8,台钻 | 70 | -80 | 5 | 75 1,台钻,解析文本拼接_表格清洗增强_05_081-100.md,090_佛山市顺德区共诺电子元件厂搬迁项目_01_受理公告或公示版
PL021,PL021_佛山市顺德区共诺电子元件厂搬迁项目_01_受理公告或公示版.pdf,35,4,28,疑似缺失,0.25,91.07 | 66.07 2 | 0 7.5 20 7.5 | 40.05 48.57 40.05 48.57,91.07；66.07 2；40.05 48.57 40.05 48.57,解析文本拼接_表格清洗增强_05_081-100.md,090_佛山市顺德区共诺电子元件厂搬迁项目_01_受理公告或公示版
PL021,PL021_佛山市顺德区共诺电子元件厂搬迁项目_01_受理公告或公示版.pdf,36,3,3,部分,0.875,2 | 生产过程 | 废包装材料 | 一般固体废物 | 900-003-S17 | 固体 | 1.482 | 外卖给回收商,1.482,解析文本拼接_表格清洗增强_05_081-100.md,090_佛山市顺德区共诺电子元件厂搬迁项目_01_受理公告或公示版
PL021,PL021_佛山市顺德区共诺电子元件厂搬迁项目_01_受理公告或公示版.pdf,36,3,4,疑似缺失,0.667,合计 | 2.982 | ---,2.982,解析文本拼接_表格清洗增强_05_081-100.md,090_佛山市顺德区共诺电子元件厂搬迁项目_01_受理公告或公示版
PL021,PL021_佛山市顺德区共诺电子元件厂搬迁项目_01_受理公告或公示版.pdf,37,2,2,部分,0.8,机油 | 2.5 | 0.005 | 0.2 | 0.0004,0.0004,解析文本拼接_表格清洗增强_05_081-100.md,090_佛山市顺德区共诺电子元件厂搬迁项目_01_受理公告或公示版
PL021,PL021_佛山市顺德区共诺电子元件厂搬迁项目_01_受理公告或公示版.pdf,37,2,3,部分,0.8,液压油 | 25 | 0.25 | 1.5 | 0.015,0.015,解析文本拼接_表格清洗增强_05_081-100.md,090_佛山市顺德区共诺电子元件厂搬迁项目_01_受理公告或公示版
PL021,PL021_佛山市顺德区共诺电子元件厂搬迁项目_01_受理公告或公示版.pdf,37,2,4,疑似缺失,0.5,合计 | 0.0154,0.0154,解析文本拼接_表格清洗增强_05_081-100.md,090_佛山市顺德区共诺电子元件厂搬迁项目_01_受理公告或公示版
PL021,PL021_佛山市顺德区共诺电子元件厂搬迁项目_01_受理公告或公示版.pdf,38,2,2,疑似缺失,0.5,1 | 过滤风速 | m/s | 颗粒状活性炭小于0.6m/s,过滤风速；颗粒状活性炭小于0.6m/s,解析文本拼接_表格清洗增强_05_081-100.md,090_佛山市顺德区共诺电子元件厂搬迁项目_01_受理公告或公示版
PL021,PL021_佛山市顺德区共诺电子元件厂搬迁项目_01_受理公告或公示版.pdf,38,2,3,疑似缺失,0.25,2 | 活性炭箱外形体积 | m3/万m3风量 | ＞2.8,活性炭箱外形体积；m3/万m3风量；＞2.8,解析文本拼接_表格清洗增强_05_081-100.md,090_佛山市顺德区共诺电子元件厂搬迁项目_01_受理公告或公示版
PL021,PL021_佛山市顺德区共诺电子元件厂搬迁项目_01_受理公告或公示版.pdf,38,2,4,疑似缺失,0.5,3 | 活性炭装填厚度 | mm | ≥300,活性炭装填厚度；≥300,解析文本拼接_表格清洗增强_05_081-100.md,090_佛山市顺德区共诺电子元件厂搬迁项目_01_受理公告或公示版
PL021,PL021_佛山市顺德区共诺电子元件厂搬迁项目_01_受理公告或公示版.pdf,38,2,5,疑似缺失,0.5,4 | 入口废气温度 | ℃ | ＜40,入口废气温度；＜40,解析文本拼接_表格清洗增强_05_081-100.md,090_佛山市顺德区共诺电子元件厂搬迁项目_01_受理公告或公示版
PL021,PL021_佛山市顺德区共诺电子元件厂搬迁项目_01_受理公告或公示版.pdf,38,2,6,疑似缺失,0.5,5 | 入口废气湿度 | % | ＜70,入口废气湿度；＜70,解析文本拼接_表格清洗增强_05_081-100.md,090_佛山市顺德区共诺电子元件厂搬迁项目_01_受理公告或公示版
PL021,PL021_佛山市顺德区共诺电子元件厂搬迁项目_01_受理公告或公示版.pdf,38,2,7,疑似缺失,0.5,6 | 碘值 | mg/g | ＞800,碘值；＞800,解析文本拼接_表格清洗增强_05_081-100.md,090_佛山市顺德区共诺电子元件厂搬迁项目_01_受理公告或公示版
PL021,PL021_佛山市顺德区共诺电子元件厂搬迁项目_01_受理公告或公示版.pdf,38,3,2,疑似缺失,0.667,"活性炭吸附装
置 | 设计风量 | 5400m³/h",5400m³/h,解析文本拼接_表格清洗增强_05_081-100.md,090_佛山市顺德区共诺电子元件厂搬迁项目_01_受理公告或公示版
PL021,PL021_佛山市顺德区共诺电子元件厂搬迁项目_01_受理公告或公示版.pdf,38,3,3,疑似缺失,0.0,装备尺寸（mm） | （1210+1200）×1310×1540,装备尺寸（mm）；（1210+1200）×1310×1540,解析文本拼接_表格清洗增强_05_081-100.md,090_佛山市顺德区共诺电子元件厂搬迁项目_01_受理公告或公示版
PL021,PL021_佛山市顺德区共诺电子元件厂搬迁项目_01_受理公告或公示版.pdf,38,3,4,疑似缺失,0.0,活性炭尺寸（mm） | 600×550×300×8抽屉,活性炭尺寸（mm）；600×550×300×8抽屉,解析文本拼接_表格清洗增强_05_081-100.md,090_佛山市顺德区共诺电子元件厂搬迁项目_01_受理公告或公示版
PL021,PL021_佛山市顺德区共诺电子元件厂搬迁项目_01_受理公告或公示版.pdf,38,3,5,疑似缺失,0.5,装填厚度（mm） | 300,装填厚度（mm）,解析文本拼接_表格清洗增强_05_081-100.md,090_佛山市顺德区共诺电子元件厂搬迁项目_01_受理公告或公示版
PL021,PL021_佛山市顺德区共诺电子元件厂搬迁项目_01_受理公告或公示版.pdf,38,3,6,疑似缺失,0.0,活性炭类型 | 颗粒状,活性炭类型；颗粒状,解析文本拼接_表格清洗增强_05_081-100.md,090_佛山市顺德区共诺电子元件厂搬迁项目_01_受理公告或公示版
PL021,PL021_佛山市顺德区共诺电子元件厂搬迁项目_01_受理公告或公示版.pdf,38,3,7,疑似缺失,0.5,活性炭密度（kg/m³） | 400,活性炭密度（kg/m³）,解析文本拼接_表格清洗增强_05_081-100.md,090_佛山市顺德区共诺电子元件厂搬迁项目_01_受理公告或公示版
PL021,PL021_佛山市顺德区共诺电子元件厂搬迁项目_01_受理公告或公示版.pdf,38,3,8,疑似缺失,0.5,碳层数量（层） | 2,碳层数量（层）,解析文本拼接_表格清洗增强_05_081-100.md,090_佛山市顺德区共诺电子元件厂搬迁项目_01_受理公告或公示版
PL021,PL021_佛山市顺德区共诺电子元件厂搬迁项目_01_受理公告或公示版.pdf,38,3,9,疑似缺失,0.0,过滤风速（m/s） | 0.57,过滤风速（m/s）；0.57,解析文本拼接_表格清洗增强_05_081-100.md,090_佛山市顺德区共诺电子元件厂搬迁项目_01_受理公告或公示版
PL021,PL021_佛山市顺德区共诺电子元件厂搬迁项目_01_受理公告或公示版.pdf,38,3,10,疑似缺失,0.5,停留时间（s） | 0.53,停留时间（s）,解析文本拼接_表格清洗增强_05_081-100.md,090_佛山市顺德区共诺电子元件厂搬迁项目_01_受理公告或公示版
PL021,PL021_佛山市顺德区共诺电子元件厂搬迁项目_01_受理公告或公示版.pdf,38,3,11,疑似缺失,0.0,活性炭装填量（t） | 0.3168,活性炭装填量（t）；0.3168,解析文本拼接_表格清洗增强_05_081-100.md,090_佛山市顺德区共诺电子元件厂搬迁项目_01_受理公告或公示版
PL021,PL021_佛山市顺德区共诺电子元件厂搬迁项目_01_受理公告或公示版.pdf,38,4,2,疑似缺失,0.6,1 | 过滤 | 风速 | m/s | 颗粒状活性炭小于0.6m/s,过滤；颗粒状活性炭小于0.6m/s,解析文本拼接_表格清洗增强_05_081-100.md,090_佛山市顺德区共诺电子元件厂搬迁项目_01_受理公告或公示版
PL021,PL021_佛山市顺德区共诺电子元件厂搬迁项目_01_受理公告或公示版.pdf,38,4,3,疑似缺失,0.4,2 | 活性炭箱 | 外形体积 | m3/万m3风量 | ＞2.8,外形体积；m3/万m3风量；＞2.8,解析文本拼接_表格清洗增强_05_081-100.md,090_佛山市顺德区共诺电子元件厂搬迁项目_01_受理公告或公示版
PL021,PL021_佛山市顺德区共诺电子元件厂搬迁项目_01_受理公告或公示版.pdf,38,4,4,部分,0.8,3 | 活性炭装 | 填厚度 | mm | ≥300,≥300,解析文本拼接_表格清洗增强_05_081-100.md,090_佛山市顺德区共诺电子元件厂搬迁项目_01_受理公告或公示版
PL021,PL021_佛山市顺德区共诺电子元件厂搬迁项目_01_受理公告或公示版.pdf,38,4,5,疑似缺失,0.6,4 | 入口废 | 气温度 | ℃ | ＜40,入口废；＜40,解析文本拼接_表格清洗增强_05_081-100.md,090_佛山市顺德区共诺电子元件厂搬迁项目_01_受理公告或公示版
PL021,PL021_佛山市顺德区共诺电子元件厂搬迁项目_01_受理公告或公示版.pdf,38,4,6,疑似缺失,0.4,5 | 入口废 | 气湿度 | % | ＜70,入口废；气湿度；＜70,解析文本拼接_表格清洗增强_05_081-100.md,090_佛山市顺德区共诺电子元件厂搬迁项目_01_受理公告或公示版
PL021,PL021_佛山市顺德区共诺电子元件厂搬迁项目_01_受理公告或公示版.pdf,38,4,7,部分,0.8,6 | 碘 | 值 | mg/g | ＞800,＞800,解析文本拼接_表格清洗增强_05_081-100.md,090_佛山市顺德区共诺电子元件厂搬迁项目_01_受理公告或公示版
PL021,PL021_佛山市顺德区共诺电子元件厂搬迁项目_01_受理公告或公示版.pdf,38,4,8,疑似缺失,0.6,项目活 | 性 | 炭吸附 | 设备参数见下 | 表。,项目活；设备参数见下,解析文本拼接_表格清洗增强_05_081-100.md,090_佛山市顺德区共诺电子元件厂搬迁项目_01_受理公告或公示版
PL021,PL021_佛山市顺德区共诺电子元件厂搬迁项目_01_受理公告或公示版.pdf,38,4,9,疑似缺失,0.667,表4-18 项目废气治理设 | 备 | 参数,表4-18 项目废气治理设,解析文本拼接_表格清洗增强_05_081-100.md,090_佛山市顺德区共诺电子元件厂搬迁项目_01_受理公告或公示版
PL021,PL021_佛山市顺德区共诺电子元件厂搬迁项目_01_受理公告或公示版.pdf,38,4,11,疑似缺失,0.5,设计风量 | 5400m³/h,5400m³/h,解析文本拼接_表格清洗增强_05_081-100.md,090_佛山市顺德区共诺电子元件厂搬迁项目_01_受理公告或公示版
PL021,PL021_佛山市顺德区共诺电子元件厂搬迁项目_01_受理公告或公示版.pdf,38,4,12,疑似缺失,0.5,装备尺寸（m | m） | （ | 1210+1200）×1310×1540,装备尺寸（m；1210+1200）×1310×1540,解析文本拼接_表格清洗增强_05_081-100.md,090_佛山市顺德区共诺电子元件厂搬迁项目_01_受理公告或公示版
PL021,PL021_佛山市顺德区共诺电子元件厂搬迁项目_01_受理公告或公示版.pdf,38,4,13,疑似缺失,0.333,活性炭尺寸（ | mm） | 600×550×300×8抽屉,活性炭尺寸（；600×550×300×8抽屉,解析文本拼接_表格清洗增强_05_081-100.md,090_佛山市顺德区共诺电子元件厂搬迁项目_01_受理公告或公示版
PL021,PL021_佛山市顺德区共诺电子元件厂搬迁项目_01_受理公告或公示版.pdf,38,4,14,疑似缺失,0.667,装填厚度（m | m） | 300,装填厚度（m,解析文本拼接_表格清洗增强_05_081-100.md,090_佛山市顺德区共诺电子元件厂搬迁项目_01_受理公告或公示版
PL021,PL021_佛山市顺德区共诺电子元件厂搬迁项目_01_受理公告或公示版.pdf,38,4,15,疑似缺失,0.5,活性炭吸附 | 装 | 活性炭类型 | 颗粒状,活性炭类型；颗粒状,解析文本拼接_表格清洗增强_05_081-100.md,090_佛山市顺德区共诺电子元件厂搬迁项目_01_受理公告或公示版
PL021,PL021_佛山市顺德区共诺电子元件厂搬迁项目_01_受理公告或公示版.pdf,38,4,16,疑似缺失,0.5,置 | 活性炭密度（k | g/m³） | 400,活性炭密度（k；g/m³）,解析文本拼接_表格清洗增强_05_081-100.md,090_佛山市顺德区共诺电子元件厂搬迁项目_01_受理公告或公示版
PL021,PL021_佛山市顺德区共诺电子元件厂搬迁项目_01_受理公告或公示版.pdf,38,4,17,疑似缺失,0.667,碳层数量（层 | ） | 2,碳层数量（层,解析文本拼接_表格清洗增强_05_081-100.md,090_佛山市顺德区共诺电子元件厂搬迁项目_01_受理公告或公示版
PL021,PL021_佛山市顺德区共诺电子元件厂搬迁项目_01_受理公告或公示版.pdf,38,4,18,疑似缺失,0.333,过滤风速（m | /s） | 0.57,过滤风速（m；0.57,解析文本拼接_表格清洗增强_05_081-100.md,090_佛山市顺德区共诺电子元件厂搬迁项目_01_受理公告或公示版
PL021,PL021_佛山市顺德区共诺电子元件厂搬迁项目_01_受理公告或公示版.pdf,38,4,19,疑似缺失,0.667,停留时间（s | ） | 0.53,停留时间（s,解析文本拼接_表格清洗增强_05_081-100.md,090_佛山市顺德区共诺电子元件厂搬迁项目_01_受理公告或公示版
PL021,PL021_佛山市顺德区共诺电子元件厂搬迁项目_01_受理公告或公示版.pdf,38,4,20,疑似缺失,0.333,活性炭装填量 | （t） | 0.3168,活性炭装填量；0.3168,解析文本拼接_表格清洗增强_05_081-100.md,090_佛山市顺德区共诺电子元件厂搬迁项目_01_受理公告或公示版
PL021,PL021_佛山市顺德区共诺电子元件厂搬迁项目_01_受理公告或公示版.pdf,38,4,29,部分,0.857,根据公 | 式 | 计算， | 活性炭更换周 | 期约为40天，本项目 | 年 | 工作300天，活性炭年,期约为40天，本项目,解析文本拼接_表格清洗增强_05_081-100.md,090_佛山市顺德区共诺电子元件厂搬迁项目_01_受理公告或公示版
PL021,PL021_佛山市顺德区共诺电子元件厂搬迁项目_01_受理公告或公示版.pdf,39,1,3,疑似缺失,0.429,5400 | 15 | 27.78 | 0.3168 | 8 | 40 | 2.3816,5400；27.78；0.3168；2.3816,解析文本拼接_表格清洗增强_05_081-100.md,090_佛山市顺德区共诺电子元件厂搬迁项目_01_受理公告或公示版
PL021,PL021_佛山市顺德区共诺电子元件厂搬迁项目_01_受理公告或公示版.pdf,39,2,3,疑似缺失,0.429,5400 | 15 | 27.78 | 0.3168 | 8 | 40 | 2.3816,5400；27.78；0.3168；2.3816,解析文本拼接_表格清洗增强_05_081-100.md,090_佛山市顺德区共诺电子元件厂搬迁项目_01_受理公告或公示版
PL021,PL021_佛山市顺德区共诺电子元件厂搬迁项目_01_受理公告或公示版.pdf,39,2,4,部分,0.714,参照《广东 | 省工业源挥发 | 性有机物减排量核 | 算方法（ | 2023 年修 | 订版）》表 | 4.5-2 废气收,参照《广东；4.5-2 废气收,解析文本拼接_表格清洗增强_05_081-100.md,090_佛山市顺德区共诺电子元件厂搬迁项目_01_受理公告或公示版
PL021,PL021_佛山市顺德区共诺电子元件厂搬迁项目_01_受理公告或公示版.pdf,39,2,5,疑似缺失,0.375,集 | 集气效率参考 | 值，活性炭 | 吸附法可采用“VOC | s削减量= | 活性炭年 | 更换量×活 | 性炭吸附比例,值，活性炭；吸附法可采用“VOC；s削减量=；更换量×活,解析文本拼接_表格清洗增强_05_081-100.md,090_佛山市顺德区共诺电子元件厂搬迁项目_01_受理公告或公示版
PL021,PL021_佛山市顺德区共诺电子元件厂搬迁项目_01_受理公告或公示版.pdf,39,2,6,疑似缺失,0.125,（ | 本项目采用颗 | 粒活性炭，吸 | 附比例取值15%） | 进行校核 | 。吸附0.1 | 64t有机废 | 气所需的理论,本项目采用颗；粒活性炭，吸；附比例取值15%）；进行校核,解析文本拼接_表格清洗增强_05_081-100.md,090_佛山市顺德区共诺电子元件厂搬迁项目_01_受理公告或公示版
PL021,PL021_佛山市顺德区共诺电子元件厂搬迁项目_01_受理公告或公示版.pdf,39,2,7,疑似缺失,0.125,活 | 性炭量为0.1 | 64÷15%=1.09 | 3t，本项目活性炭量 | 可满足废 | 气治理系 | 统吸附有机 | 废气的活性炭,性炭量为0.1；64÷15%=1.09；3t，本项目活性炭量；可满足废,解析文本拼接_表格清洗增强_05_081-100.md,090_佛山市顺德区共诺电子元件厂搬迁项目_01_受理公告或公示版
PL021,PL021_佛山市顺德区共诺电子元件厂搬迁项目_01_受理公告或公示版.pdf,40,1,2,部分,0.917,"1 | 废机油 | HW08 | 900-249-08 | 0.0025 | 设备维护保养 | 液体 | 机油 | 机油 | 每年 | T，I | 密封桶装，暂存于危废暂存间，定期交有相应
资质的危废单位处理",设备维护保养,解析文本拼接_表格清洗增强_05_081-100.md,090_佛山市顺德区共诺电子元件厂搬迁项目_01_受理公告或公示版
PL021,PL021_佛山市顺德区共诺电子元件厂搬迁项目_01_受理公告或公示版.pdf,40,1,3,部分,0.909,2 | 废液压油 | HW08 | 900-218-08 | 0.25 | 设备维护保养 | 液体 | 液压油 | 液压油 | 每年 | T，I,设备维护保养,解析文本拼接_表格清洗增强_05_081-100.md,090_佛山市顺德区共诺电子元件厂搬迁项目_01_受理公告或公示版
PL021,PL021_佛山市顺德区共诺电子元件厂搬迁项目_01_受理公告或公示版.pdf,40,1,4,部分,0.917,"3 | 含油废抹布 | HW49 | 900-041-49 | 0.005 | 设备维护保
养 | 固体 | 机油 | 机油 | 每年 | T/In | 防渗装，暂存于危废暂存间，定期交有相应资
质的危废单位处理","设备维护保
养",解析文本拼接_表格清洗增强_05_081-100.md,090_佛山市顺德区共诺电子元件厂搬迁项目_01_受理公告或公示版
PL021,PL021_佛山市顺德区共诺电子元件厂搬迁项目_01_受理公告或公示版.pdf,40,1,5,部分,0.909,"4 | 废油桶 | HW08 | 900-249-08 | 0.0154 | 原料使用 | 固体 | 机油、液压
油 | 机油、液压油 | 每年 | T，I",0.0154,解析文本拼接_表格清洗增强_05_081-100.md,090_佛山市顺德区共诺电子元件厂搬迁项目_01_受理公告或公示版
PL021,PL021_佛山市顺德区共诺电子元件厂搬迁项目_01_受理公告或公示版.pdf,40,1,6,部分,0.909,"5 | 废活性炭 | HW49 | 900-039-49 | 2.3816 | 废气治理 | 固体 | 挥发性
有机物 | 挥发性
有机物 | 每年 | T/In",2.3816,解析文本拼接_表格清洗增强_05_081-100.md,090_佛山市顺德区共诺电子元件厂搬迁项目_01_受理公告或公示版
PL021,PL021_佛山市顺德区共诺电子元件厂搬迁项目_01_受理公告或公示版.pdf,40,1,7,疑似缺失,0.667,合计 | 2.6545 | /,2.6545,解析文本拼接_表格清洗增强_05_081-100.md,090_佛山市顺德区共诺电子元件厂搬迁项目_01_受理公告或公示版
PL021,PL021_佛山市顺德区共诺电子元件厂搬迁项目_01_受理公告或公示版.pdf,40,2,2,部分,0.9,"1 | 危废暂存间 | 废机油 | HW08 | 900-249-08 | 模具维修
区旁 | 5m2 | 铁桶装 | 0.5t | 一年","模具维修
区旁",解析文本拼接_表格清洗增强_05_081-100.md,090_佛山市顺德区共诺电子元件厂搬迁项目_01_受理公告或公示版
PL021,PL021_佛山市顺德区共诺电子元件厂搬迁项目_01_受理公告或公示版.pdf,40,3,6,部分,0.923,1 | 废 | 机油 | HW08 | 900-249-08 | 0.0025 | 设备维护保养 | 液体 | 机 | 油 | 机油 | 每年 | T，I,设备维护保养,解析文本拼接_表格清洗增强_05_081-100.md,090_佛山市顺德区共诺电子元件厂搬迁项目_01_受理公告或公示版
PL021,PL021_佛山市顺德区共诺电子元件厂搬迁项目_01_受理公告或公示版.pdf,40,3,9,部分,0.923,2 | 废液 | 压油 | HW08 | 900-218-08 | 0.25 | 设备维护保养 | 液体 | 液压 | 油 | 液压油 | 每年 | T，I,设备维护保养,解析文本拼接_表格清洗增强_05_081-100.md,090_佛山市顺德区共诺电子元件厂搬迁项目_01_受理公告或公示版
PL021,PL021_佛山市顺德区共诺电子元件厂搬迁项目_01_受理公告或公示版.pdf,40,3,14,部分,0.933,4 | 废 | 油桶 | HW08 | 900-249-08 | 0.0154 | 原料使用 | 固体 | 油 | 机油、液压 | 油 | 每年 | T，I | 质 | 的危废单位处理,0.0154,解析文本拼接_表格清洗增强_05_081-100.md,090_佛山市顺德区共诺电子元件厂搬迁项目_01_受理公告或公示版
PL021,PL021_佛山市顺德区共诺电子元件厂搬迁项目_01_受理公告或公示版.pdf,40,3,16,部分,0.9,5 | 废活 | 性炭 | HW49 | 900-039-49 | 2.3816 | 废气治理 | 固体 | 每年 | T/In,2.3816,解析文本拼接_表格清洗增强_05_081-100.md,090_佛山市顺德区共诺电子元件厂搬迁项目_01_受理公告或公示版
PL021,PL021_佛山市顺德区共诺电子元件厂搬迁项目_01_受理公告或公示版.pdf,40,3,18,疑似缺失,0.667,合计 | 2.6545 | /,2.6545,解析文本拼接_表格清洗增强_05_081-100.md,090_佛山市顺德区共诺电子元件厂搬迁项目_01_受理公告或公示版
PL021,PL021_佛山市顺德区共诺电子元件厂搬迁项目_01_受理公告或公示版.pdf,40,3,26,部分,0.875,"3 | HW49 | 900- | 041-49 | 区 | 5m
旁 | 防渗袋 | 0.02t","5m
旁",解析文本拼接_表格清洗增强_05_081-100.md,090_佛山市顺德区共诺电子元件厂搬迁项目_01_受理公告或公示版
PL021,PL021_佛山市顺德区共诺电子元件厂搬迁项目_01_受理公告或公示版.pdf,42,2,3,部分,0.875,"2 | 废机油 | 机油 | 易燃液体 | 危废暂存间
/16kg铁桶 | 0.0025 | 2500 | 0.000001",0.000001,解析文本拼接_表格清洗增强_05_081-100.md,090_佛山市顺德区共诺电子元件厂搬迁项目_01_受理公告或公示版
PL021,PL021_佛山市顺德区共诺电子元件厂搬迁项目_01_受理公告或公示版.pdf,42,2,6,疑似缺失,0.5,合计 | 0.000203,0.000203,解析文本拼接_表格清洗增强_05_081-100.md,090_佛山市顺德区共诺电子元件厂搬迁项目_01_受理公告或公示版
PL021,PL021_佛山市顺德区共诺电子元件厂搬迁项目_01_受理公告或公示版.pdf,45,1,2,部分,0.8,"大气环境 | G1（排放口） | 非甲烷总烃 | 注塑废气经整室收
集，经“活性炭吸
附”处理后通过G1
排气筒（15m）排
放 | 《合成树脂工业污染物排放标
准》GB31572—2015（含 2024
年修改单）表4大气污染物排放
限值","注塑废气经整室收
集，经“活性炭吸
附”处理后通过G1
排气筒（15m）排
放",解析文本拼接_表格清洗增强_05_081-100.md,090_佛山市顺德区共诺电子元件厂搬迁项目_01_受理公告或公示版
PL021,PL021_佛山市顺德区共诺电子元件厂搬迁项目_01_受理公告或公示版.pdf,45,2,7,疑似缺失,0.0,注塑废气经整室收 | 准》 （含,注塑废气经整室收；准》 （含,解析文本拼接_表格清洗增强_05_081-100.md,090_佛山市顺德区共诺电子元件厂搬迁项目_01_受理公告或公示版
PL021,PL021_佛山市顺德区共诺电子元件厂搬迁项目_01_受理公告或公示版.pdf,45,2,8,疑似缺失,0.5,非甲烷总烃 | GB31572—2015 2024,GB31572—2015 2024,解析文本拼接_表格清洗增强_05_081-100.md,090_佛山市顺德区共诺电子元件厂搬迁项目_01_受理公告或公示版
PL021,PL021_佛山市顺德区共诺电子元件厂搬迁项目_01_受理公告或公示版.pdf,45,2,16,疑似缺失,0.5,大气环境 | 表 工艺废气大气污染物排放,表 工艺废气大气污染物排放,解析文本拼接_表格清洗增强_05_081-100.md,090_佛山市顺德区共诺电子元件厂搬迁项目_01_受理公告或公示版
PL021,PL021_佛山市顺德区共诺电子元件厂搬迁项目_01_受理公告或公示版.pdf,45,2,36,疑似缺失,0.5,NH -N | 镇污水处理厂污染物排放标准》,NH -N,解析文本拼接_表格清洗增强_05_081-100.md,090_佛山市顺德区共诺电子元件厂搬迁项目_01_受理公告或公示版
PL021,PL021_佛山市顺德区共诺电子元件厂搬迁项目_01_受理公告或公示版.pdf,45,2,40,部分,0.75,地表水 | SS | 水处理厂处理，尾 | GB18918-2002 A,GB18918-2002 A,解析文本拼接_表格清洗增强_05_081-100.md,090_佛山市顺德区共诺电子元件厂搬迁项目_01_受理公告或公示版
PL021,PL021_佛山市顺德区共诺电子元件厂搬迁项目_01_受理公告或公示版.pdf,49,1,2,部分,0.9,"废
气 | 有组
织 | 非甲烷总烃(t/a) | 0.029 | 0.004 | / | 0.164 | 0.029 | 0.164 | +0.135",+0.135,解析文本拼接_表格清洗增强_05_081-100.md,090_佛山市顺德区共诺电子元件厂搬迁项目_01_受理公告或公示版
PL021,PL021_佛山市顺德区共诺电子元件厂搬迁项目_01_受理公告或公示版.pdf,49,1,3,疑似缺失,0.667,"无组
织 | 非甲烷总烃(t/a) | 0.068 | / | / | 0.037 | 0.068 | 0.037 | -0.031",0.037；0.037；-0.031,解析文本拼接_表格清洗增强_05_081-100.md,090_佛山市顺德区共诺电子元件厂搬迁项目_01_受理公告或公示版
PL021,PL021_佛山市顺德区共诺电子元件厂搬迁项目_01_受理公告或公示版.pdf,49,1,4,疑似缺失,0.625,颗粒物(t/a) | 0.0017 | / | / | 0.007 | 0.0017 | 0.007 | +0.0053,0.007；0.007；+0.0053,解析文本拼接_表格清洗增强_05_081-100.md,090_佛山市顺德区共诺电子元件厂搬迁项目_01_受理公告或公示版
PL021,PL021_佛山市顺德区共诺电子元件厂搬迁项目_01_受理公告或公示版.pdf,49,1,5,部分,0.9,"废
水 | 生活
污水 | COD (kg/a)
Cr | 9 | / | / | 3.6 | 9 | 3.6 | -5.4","COD (kg/a)
Cr",解析文本拼接_表格清洗增强_05_081-100.md,090_佛山市顺德区共诺电子元件厂搬迁项目_01_受理公告或公示版
PL021,PL021_佛山市顺德区共诺电子元件厂搬迁项目_01_受理公告或公示版.pdf,49,1,6,部分,0.875,"BOD (kg/a)
5 | 2.7 | / | / | 0.9 | 2.7 | 0.9 | -1.8","BOD (kg/a)
5",解析文本拼接_表格清洗增强_05_081-100.md,090_佛山市顺德区共诺电子元件厂搬迁项目_01_受理公告或公示版
PL021,PL021_佛山市顺德区共诺电子元件厂搬迁项目_01_受理公告或公示版.pdf,49,1,7,部分,0.875,"NH -N(kg/a)
3 | 2.25 | / | / | 0.45 | 2.25 | 0.45 | -1.8","NH -N(kg/a)
3",解析文本拼接_表格清洗增强_05_081-100.md,090_佛山市顺德区共诺电子元件厂搬迁项目_01_受理公告或公示版
PL021,PL021_佛山市顺德区共诺电子元件厂搬迁项目_01_受理公告或公示版.pdf,49,1,9,部分,0.875,总磷(kg/a) | 0.27 | / | / | 0.45 | 0.27 | 0.45 | +0.18,+0.18,解析文本拼接_表格清洗增强_05_081-100.md,090_佛山市顺德区共诺电子元件厂搬迁项目_01_受理公告或公示版
PL021,PL021_佛山市顺德区共诺电子元件厂搬迁项目_01_受理公告或公示版.pdf,49,1,11,疑似缺失,0.625,次品和边角料（t/a） | 0.5 | / | / | 6.769 | 0.5 | 6.769 | +6.269,6.769；6.769；+6.269,解析文本拼接_表格清洗增强_05_081-100.md,090_佛山市顺德区共诺电子元件厂搬迁项目_01_受理公告或公示版
PL021,PL021_佛山市顺德区共诺电子元件厂搬迁项目_01_受理公告或公示版.pdf,49,1,12,疑似缺失,0.625,废包装袋（t/a） | 0.1 | / | / | 1.482 | 0.1 | 1.482 | +1.381,1.482；1.482；+1.381,解析文本拼接_表格清洗增强_05_081-100.md,090_佛山市顺德区共诺电子元件厂搬迁项目_01_受理公告或公示版
PL021,PL021_佛山市顺德区共诺电子元件厂搬迁项目_01_受理公告或公示版.pdf,49,1,14,部分,0.875,废液压油（t/a） | 0 | / | / | 0.25 | 0 | 0.25 | +0.25,+0.25,解析文本拼接_表格清洗增强_05_081-100.md,090_佛山市顺德区共诺电子元件厂搬迁项目_01_受理公告或公示版
PL021,PL021_佛山市顺德区共诺电子元件厂搬迁项目_01_受理公告或公示版.pdf,49,1,16,疑似缺失,0.625,废包装桶（t/a） | 0.002 | / | / | 0.0154 | 0.002 | 0.0154 | +0.0134,0.0154；0.0154；+0.0134,解析文本拼接_表格清洗增强_05_081-100.md,090_佛山市顺德区共诺电子元件厂搬迁项目_01_受理公告或公示版
PL021,PL021_佛山市顺德区共诺电子元件厂搬迁项目_01_受理公告或公示版.pdf,49,1,17,疑似缺失,0.625,废活性炭（t/a） | 0 | / | / | 2.3816 | 0 | 2.3816 | +2.3816,2.3816；2.3816；+2.3816,解析文本拼接_表格清洗增强_05_081-100.md,090_佛山市顺德区共诺电子元件厂搬迁项目_01_受理公告或公示版
PL021,PL021_佛山市顺德区共诺电子元件厂搬迁项目_01_受理公告或公示版.pdf,49,2,3,部分,0.857,污染物名称 | 排放量（固体废 | 许可排放量 | 排放量（固体废物 | 排放量（固体废物 | （新建项目不填）全厂 | 排放量（固体废物产,（新建项目不填）全厂,解析文本拼接_表格清洗增强_05_081-100.md,090_佛山市顺德区共诺电子元件厂搬迁项目_01_受理公告或公示版
PL021,PL021_佛山市顺德区共诺电子元件厂搬迁项目_01_受理公告或公示版.pdf,49,2,8,部分,0.875,(t/a) | 0.029 | 0.004 | / | 0.164 | 0.029 | 0.164 | +0.135,+0.135,解析文本拼接_表格清洗增强_05_081-100.md,090_佛山市顺德区共诺电子元件厂搬迁项目_01_受理公告或公示版
PL021,PL021_佛山市顺德区共诺电子元件厂搬迁项目_01_受理公告或公示版.pdf,49,2,10,部分,0.7,气 | 无组 | 非甲烷总烃(t/a) | 0.068 | / | / | 0.037 | 0.068 | 0.037 | -0.031,0.037；0.037；-0.031,解析文本拼接_表格清洗增强_05_081-100.md,090_佛山市顺德区共诺电子元件厂搬迁项目_01_受理公告或公示版
PL021,PL021_佛山市顺德区共诺电子元件厂搬迁项目_01_受理公告或公示版.pdf,49,2,11,疑似缺失,0.667,织 | 颗粒物(t/a) | 0.0017 | / | / | 0.007 | 0.0017 | 0.007 | +0.0053,0.007；0.007；+0.0053,解析文本拼接_表格清洗增强_05_081-100.md,090_佛山市顺德区共诺电子元件厂搬迁项目_01_受理公告或公示版
PL021,PL021_佛山市顺德区共诺电子元件厂搬迁项目_01_受理公告或公示版.pdf,49,2,12,部分,0.875,"COD (kg/a)
Cr | 9 | / | / | 3.6 | 9 | 3.6 | -5.4","COD (kg/a)
Cr",解析文本拼接_表格清洗增强_05_081-100.md,090_佛山市顺德区共诺电子元件厂搬迁项目_01_受理公告或公示版
PL021,PL021_佛山市顺德区共诺电子元件厂搬迁项目_01_受理公告或公示版.pdf,49,2,13,部分,0.875,"BOD (kg/a)
5 | 2.7 | / | / | 0.9 | 2.7 | 0.9 | -1.8","BOD (kg/a)
5",解析文本拼接_表格清洗增强_05_081-100.md,090_佛山市顺德区共诺电子元件厂搬迁项目_01_受理公告或公示版
PL021,PL021_佛山市顺德区共诺电子元件厂搬迁项目_01_受理公告或公示版.pdf,49,2,15,部分,0.875,"NH -N(kg/a)
3 | 2.25 | / | / | 0.45 | 2.25 | 0.45 | -1.8","NH -N(kg/a)
3",解析文本拼接_表格清洗增强_05_081-100.md,090_佛山市顺德区共诺电子元件厂搬迁项目_01_受理公告或公示版
PL021,PL021_佛山市顺德区共诺电子元件厂搬迁项目_01_受理公告或公示版.pdf,49,2,18,部分,0.875,总磷(kg/a) | 0.27 | / | / | 0.45 | 0.27 | 0.45 | +0.18,+0.18,解析文本拼接_表格清洗增强_05_081-100.md,090_佛山市顺德区共诺电子元件厂搬迁项目_01_受理公告或公示版
PL021,PL021_佛山市顺德区共诺电子元件厂搬迁项目_01_受理公告或公示版.pdf,49,2,22,部分,0.7,固体 | 废物 | t/a | 0.5 | / | / | 6.769 | 0.5 | 6.769 | +6.269,6.769；6.769；+6.269,解析文本拼接_表格清洗增强_05_081-100.md,090_佛山市顺德区共诺电子元件厂搬迁项目_01_受理公告或公示版
PL021,PL021_佛山市顺德区共诺电子元件厂搬迁项目_01_受理公告或公示版.pdf,49,2,23,疑似缺失,0.625,废包装袋（t/a） | 0.1 | / | / | 1.482 | 0.1 | 1.482 | +1.381,1.482；1.482；+1.381,解析文本拼接_表格清洗增强_05_081-100.md,090_佛山市顺德区共诺电子元件厂搬迁项目_01_受理公告或公示版
PL021,PL021_佛山市顺德区共诺电子元件厂搬迁项目_01_受理公告或公示版.pdf,49,2,25,部分,0.875,废液压油（t/a） | 0 | / | / | 0.25 | 0 | 0.25 | +0.25,+0.25,解析文本拼接_表格清洗增强_05_081-100.md,090_佛山市顺德区共诺电子元件厂搬迁项目_01_受理公告或公示版
PL021,PL021_佛山市顺德区共诺电子元件厂搬迁项目_01_受理公告或公示版.pdf,49,2,27,疑似缺失,0.625,废包装桶（t/a） | 0.002 | / | / | 0.0154 | 0.002 | 0.0154 | +0.0134,0.0154；0.0154；+0.0134,解析文本拼接_表格清洗增强_05_081-100.md,090_佛山市顺德区共诺电子元件厂搬迁项目_01_受理公告或公示版
PL021,PL021_佛山市顺德区共诺电子元件厂搬迁项目_01_受理公告或公示版.pdf,49,2,28,疑似缺失,0.625,废活性炭（t/a） | 0 | / | / | 2.3816 | 0 | 2.3816 | +2.3816,2.3816；2.3816；+2.3816,解析文本拼接_表格清洗增强_05_081-100.md,090_佛山市顺德区共诺电子元件厂搬迁项目_01_受理公告或公示版
PL022,PL022_佛山市锐拓新材料有限公司新建项目_01_受理公告或公示版.pdf,5,1,2,疑似缺失,0.667,"污染
物排
放管
控 | 1、污染物排放总量不得突破
“污染物排放总量管控限值清
单”的总量管控要求；重点对重
点污染物（重点污染物包括化学
需氧量、氨氮、 氮氧化物及挥
发性有机物等）实施总量控制；
上年度重点河涌水质未达到水
环境质量目标 的管控分区所在
镇（街道），须组织编制、系统
实施、向社会公开区域重点水污
染物减排计划并明确“替代量”，
本年度新","1、项目产生的生活污
水经三级化粪池处理
后排入杏坛污水处理
厂，根据《佛山市排污
权有偿使用和交易管
理试行办法》（佛府办
2016第63号），生活
污水COD 、NH -N 不
Cr 3
单独分配总量。
2、项目挥发性有机物
（非甲烷总烃）有组织
排放为0.271t/a，无组",解析文本拼接_表格清洗增强_02_021-040.md,021_佛山市锐拓新材料有限公司新建项目_01_受理公告或公示版
PL022,PL022_佛山市锐拓新材料有限公司新建项目_01_受理公告或公示版.pdf,5,2,45,疑似缺失,0.667,"控 | 环境质量目标 的管控分区所在 | 污水COD 、NH -N 不
Cr 3","污水COD 、NH -N 不
Cr 3",解析文本拼接_表格清洗增强_02_021-040.md,021_佛山市锐拓新材料有限公司新建项目_01_受理公告或公示版
PL022,PL022_佛山市锐拓新材料有限公司新建项目_01_受理公告或公示版.pdf,7,2,24,疑似缺失,0.5,风险 | 顺德区绿点废水回收 符合,顺德区绿点废水回收 符合,解析文本拼接_表格清洗增强_02_021-040.md,021_佛山市锐拓新材料有限公司新建项目_01_受理公告或公示版
PL022,PL022_佛山市锐拓新材料有限公司新建项目_01_受理公告或公示版.pdf,9,2,29,疑似缺失,0.667,生态 | 维护、水土保持、防风固沙、 | 20 101,20 101,解析文本拼接_表格清洗增强_02_021-040.md,021_佛山市锐拓新材料有限公司新建项目_01_受理公告或公示版
PL022,PL022_佛山市锐拓新材料有限公司新建项目_01_受理公告或公示版.pdf,11,3,31,疑似缺失,0.5,局管控 | 1-3. /,1-3. /,解析文本拼接_表格清洗增强_02_021-040.md,021_佛山市锐拓新材料有限公司新建项目_01_受理公告或公示版
PL022,PL022_佛山市锐拓新材料有限公司新建项目_01_受理公告或公示版.pdf,14,2,42,疑似缺失,0.5,3-8. / | ，使用塑料原,3-8. /,解析文本拼接_表格清洗增强_02_021-040.md,021_佛山市锐拓新材料有限公司新建项目_01_受理公告或公示版
PL022,PL022_佛山市锐拓新材料有限公司新建项目_01_受理公告或公示版.pdf,15,4,18,疑似缺失,0.5,4-2. / | 本项目建成后运营,4-2. /,解析文本拼接_表格清洗增强_02_021-040.md,021_佛山市锐拓新材料有限公司新建项目_01_受理公告或公示版
PL022,PL022_佛山市锐拓新材料有限公司新建项目_01_受理公告或公示版.pdf,15,4,51,部分,0.75,气的 | 生产和服务活动，应当在密闭空 集 | ，通过“活性炭吸附 | ”,生产和服务活动，应当在密闭空 集,解析文本拼接_表格清洗增强_02_021-040.md,021_佛山市锐拓新材料有限公司新建项目_01_受理公告或公示版
PL022,PL022_佛山市锐拓新材料有限公司新建项目_01_受理公告或公示版.pdf,15,4,55,疑似缺失,0.667,装、 | 使用污染防治设施；无法密闭的， 排 | 气筒高空排放，可有,使用污染防治设施；无法密闭的， 排,解析文本拼接_表格清洗增强_02_021-040.md,021_佛山市锐拓新材料有限公司新建项目_01_受理公告或公示版
PL022,PL022_佛山市锐拓新材料有限公司新建项目_01_受理公告或公示版.pdf,16,2,11,疑似缺失,0.5,效率高的污染防治设施；无法密闭 | “ ”,“ ”,解析文本拼接_表格清洗增强_02_021-040.md,021_佛山市锐拓新材料有限公司新建项目_01_受理公告或公示版
PL022,PL022_佛山市锐拓新材料有限公司新建项目_01_受理公告或公示版.pdf,17,3,24,部分,0.8,5.1 | 高 含量原辅材料项目。鼓 | 励 | 含量原辅材料， | 合,高 含量原辅材料项目。鼓,解析文本拼接_表格清洗增强_02_021-040.md,021_佛山市锐拓新材料有限公司新建项目_01_受理公告或公示版
PL022,PL022_佛山市锐拓新材料有限公司新建项目_01_受理公告或公示版.pdf,19,2,11,疑似缺失,0.5,主体工 | 占地面积约 2，设有挤出车间、组装车间和仓库,占地面积约 2，设有挤出车间、组装车间和仓库,解析文本拼接_表格清洗增强_02_021-040.md,021_佛山市锐拓新材料有限公司新建项目_01_受理公告或公示版
PL022,PL022_佛山市锐拓新材料有限公司新建项目_01_受理公告或公示版.pdf,19,2,12,疑似缺失,0.667,生 | 产厂房 层 | 600m,产厂房 层,解析文本拼接_表格清洗增强_02_021-040.md,021_佛山市锐拓新材料有限公司新建项目_01_受理公告或公示版
PL022,PL022_佛山市锐拓新材料有限公司新建项目_01_受理公告或公示版.pdf,19,2,15,疑似缺失,0.5,办公室 | 办公室一个，面积约 ㎡，主要用于人员办公,办公室一个，面积约 ㎡，主要用于人员办公,解析文本拼接_表格清洗增强_02_021-040.md,021_佛山市锐拓新材料有限公司新建项目_01_受理公告或公示版
PL022,PL022_佛山市锐拓新材料有限公司新建项目_01_受理公告或公示版.pdf,20,3,6,部分,0.8,1 ABS | 130 / | 20 | 25kg/ | 料,130 /,解析文本拼接_表格清洗增强_02_021-040.md,021_佛山市锐拓新材料有限公司新建项目_01_受理公告或公示版
PL022,PL022_佛山市锐拓新材料有限公司新建项目_01_受理公告或公示版.pdf,20,3,9,部分,0.8,2 PC | 130 / | 20 | 25kg/ | 料,130 /,解析文本拼接_表格清洗增强_02_021-040.md,021_佛山市锐拓新材料有限公司新建项目_01_受理公告或公示版
PL022,PL022_佛山市锐拓新材料有限公司新建项目_01_受理公告或公示版.pdf,20,3,18,部分,0.8,5 | 0.5 / | 0.1 | 10kg/ | 保养,0.5 /,解析文本拼接_表格清洗增强_02_021-040.md,021_佛山市锐拓新材料有限公司新建项目_01_受理公告或公示版
PL022,PL022_佛山市锐拓新材料有限公司新建项目_01_受理公告或公示版.pdf,22,2,4,疑似缺失,0.0,为 ，生产能力为 | 设备产能 规,为 ，生产能力为；设备产能 规,解析文本拼接_表格清洗增强_02_021-040.md,021_佛山市锐拓新材料有限公司新建项目_01_受理公告或公示版
PL022,PL022_佛山市锐拓新材料有限公司新建项目_01_受理公告或公示版.pdf,22,2,7,疑似缺失,0.5,按本设备年 年产塑料颗粒 | 120-280kg/h,按本设备年 年产塑料颗粒,解析文本拼接_表格清洗增强_02_021-040.md,021_佛山市锐拓新材料有限公司新建项目_01_受理公告或公示版
PL022,PL022_佛山市锐拓新材料有限公司新建项目_01_受理公告或公示版.pdf,22,2,8,疑似缺失,0.667,生产 | 计最大产能合计为 | 能产品规,能产品规,解析文本拼接_表格清洗增强_02_021-040.md,021_佛山市锐拓新材料有限公司新建项目_01_受理公告或公示版
PL022,PL022_佛山市锐拓新材料有限公司新建项目_01_受理公告或公示版.pdf,22,2,9,疑似缺失,0.667,1 | 最大工作时 吨 | /,最大工作时 吨,解析文本拼接_表格清洗增强_02_021-040.md,021_佛山市锐拓新材料有限公司新建项目_01_受理公告或公示版
PL022,PL022_佛山市锐拓新材料有限公司新建项目_01_受理公告或公示版.pdf,22,2,10,部分,0.75,线 | 390 | ，共有 条挤出 | 格、技术参考,，共有 条挤出,解析文本拼接_表格清洗增强_02_021-040.md,021_佛山市锐拓新材料有限公司新建项目_01_受理公告或公示版
PL022,PL022_佛山市锐拓新材料有限公司新建项目_01_受理公告或公示版.pdf,22,2,11,疑似缺失,0.0,间 折 | 58.3kg/h 3,间 折；58.3kg/h 3,解析文本拼接_表格清洗增强_02_021-040.md,021_佛山市锐拓新材料有限公司新建项目_01_受理公告或公示版
PL022,PL022_佛山市锐拓新材料有限公司新建项目_01_受理公告或公示版.pdf,24,1,7,部分,0.8,"5 | 废水 | 生活污水 | 员工办公 | COD 、BOD 、
cr 5
NH -N、SS
3","COD 、BOD 、
cr 5
NH -N、SS
3",解析文本拼接_表格清洗增强_02_021-040.md,021_佛山市锐拓新材料有限公司新建项目_01_受理公告或公示版
PL022,PL022_佛山市锐拓新材料有限公司新建项目_01_受理公告或公示版.pdf,24,2,15,疑似缺失,0.5,"5 | 生活污水 | C
员工办公 | OD BOD
cr 5","C
员工办公；OD BOD
cr 5",解析文本拼接_表格清洗增强_02_021-040.md,021_佛山市锐拓新材料有限公司新建项目_01_受理公告或公示版
PL022,PL022_佛山市锐拓新材料有限公司新建项目_01_受理公告或公示版.pdf,24,2,16,疑似缺失,0.5,"废水 | NH -N、SS
3","NH -N、SS
3",解析文本拼接_表格清洗增强_02_021-040.md,021_佛山市锐拓新材料有限公司新建项目_01_受理公告或公示版
PL022,PL022_佛山市锐拓新材料有限公司新建项目_01_受理公告或公示版.pdf,26,2,3,部分,0.833,"SO
2
（ g/m ）
μ ³ | 5 | 6 | 60 | 20% | 达标","SO
2
（ g/m ）
μ ³",解析文本拼接_表格清洗增强_02_021-040.md,021_佛山市锐拓新材料有限公司新建项目_01_受理公告或公示版
PL022,PL022_佛山市锐拓新材料有限公司新建项目_01_受理公告或公示版.pdf,26,2,4,部分,0.833,"NO
2
（ g/m ）
μ ³ | 29 | 28 | 40 | -3.4% | 达标","NO
2
（ g/m ）
μ ³",解析文本拼接_表格清洗增强_02_021-040.md,021_佛山市锐拓新材料有限公司新建项目_01_受理公告或公示版
PL022,PL022_佛山市锐拓新材料有限公司新建项目_01_受理公告或公示版.pdf,26,2,5,部分,0.833,"PM
10
（ g/m ）
μ ³ | 32 | 35 | 70 | 9.4% | 达标","PM
10
（ g/m ）
μ ³",解析文本拼接_表格清洗增强_02_021-040.md,021_佛山市锐拓新材料有限公司新建项目_01_受理公告或公示版
PL022,PL022_佛山市锐拓新材料有限公司新建项目_01_受理公告或公示版.pdf,26,2,6,部分,0.833,"PM
2.5
（ g/m ）
μ ³ | 19 | 20 | 35 | 5.3% | 达标","PM
2.5
（ g/m ）
μ ³",解析文本拼接_表格清洗增强_02_021-040.md,021_佛山市锐拓新材料有限公司新建项目_01_受理公告或公示版
PL022,PL022_佛山市锐拓新材料有限公司新建项目_01_受理公告或公示版.pdf,26,2,7,部分,0.833,"CO*
（ g/m ）
μ ³ | 131 | 1.0 | 4 | -13.7% | 达标","CO*
（ g/m ）
μ ³",解析文本拼接_表格清洗增强_02_021-040.md,021_佛山市锐拓新材料有限公司新建项目_01_受理公告或公示版
PL022,PL022_佛山市锐拓新材料有限公司新建项目_01_受理公告或公示版.pdf,26,2,8,部分,0.833,"O -8H
3
（ g/m ）
μ ³ | 190（超标） | 164（超标） | 160 | -9.1% | 不达标","O -8H
3
（ g/m ）
μ ³",解析文本拼接_表格清洗增强_02_021-040.md,021_佛山市锐拓新材料有限公司新建项目_01_受理公告或公示版
PL022,PL022_佛山市锐拓新材料有限公司新建项目_01_受理公告或公示版.pdf,26,3,8,疑似缺失,0.667,"五 | 区 | 中排名第二。2023年，按照《环境空气质量标准》评价，顺德区二氧化硫（SO ）、
2","中排名第二。2023年，按照《环境空气质量标准》评价，顺德区二氧化硫（SO ）、
2",解析文本拼接_表格清洗增强_02_021-040.md,021_佛山市锐拓新材料有限公司新建项目_01_受理公告或公示版
PL022,PL022_佛山市锐拓新材料有限公司新建项目_01_受理公告或公示版.pdf,26,3,9,疑似缺失,0.667,"二 | 氧 | 化氮（NO ）、可吸入颗粒物（PM ）、细颗粒物（PM ）、一氧化碳（CO）五
2 10 2.5","化氮（NO ）、可吸入颗粒物（PM ）、细颗粒物（PM ）、一氧化碳（CO）五
2 10 2.5",解析文本拼接_表格清洗增强_02_021-040.md,021_佛山市锐拓新材料有限公司新建项目_01_受理公告或公示版
PL022,PL022_佛山市锐拓新材料有限公司新建项目_01_受理公告或公示版.pdf,26,3,10,疑似缺失,0.667,"项 | 污 | 染物年评价浓度均达到二级标准，臭氧（O ）超标。项目所在区域环境空气为不达
3","染物年评价浓度均达到二级标准，臭氧（O ）超标。项目所在区域环境空气为不达
3",解析文本拼接_表格清洗增强_02_021-040.md,021_佛山市锐拓新材料有限公司新建项目_01_受理公告或公示版
PL022,PL022_佛山市锐拓新材料有限公司新建项目_01_受理公告或公示版.pdf,26,3,13,疑似缺失,0.667,"区 | SO | 年平均浓度为6微克/立方米，与上年相比上升20.0%。NO 年平均浓度为 28 微克/
2 2","年平均浓度为6微克/立方米，与上年相比上升20.0%。NO 年平均浓度为 28 微克/
2 2",解析文本拼接_表格清洗增强_02_021-040.md,021_佛山市锐拓新材料有限公司新建项目_01_受理公告或公示版
PL022,PL022_佛山市锐拓新材料有限公司新建项目_01_受理公告或公示版.pdf,26,3,15,疑似缺失,0.667,"立 | 方 | 米，与上年相比下降 3.4%。PM 年平均浓度为35微克/立方米，与上年相比上升
10","米，与上年相比下降 3.4%。PM 年平均浓度为35微克/立方米，与上年相比上升
10",解析文本拼接_表格清洗增强_02_021-040.md,021_佛山市锐拓新材料有限公司新建项目_01_受理公告或公示版
PL022,PL022_佛山市锐拓新材料有限公司新建项目_01_受理公告或公示版.pdf,26,3,17,疑似缺失,0.333,"9
质量 | .4% | 。PM 年平均浓度为20微克/立方米，与上年相比上升5.3%。O 年评价浓度为164
2.5 3","9
质量；。PM 年平均浓度为20微克/立方米，与上年相比上升5.3%。O 年评价浓度为164
2.5 3",解析文本拼接_表格清洗增强_02_021-040.md,021_佛山市锐拓新材料有限公司新建项目_01_受理公告或公示版
PL022,PL022_佛山市锐拓新材料有限公司新建项目_01_受理公告或公示版.pdf,26,3,18,疑似缺失,0.667,现状 微 | 克 | /立方米，与上年相比下降13.7%。CO年评价浓度为1.0毫克/立方米，与上年相比下,现状 微,解析文本拼接_表格清洗增强_02_021-040.md,021_佛山市锐拓新材料有限公司新建项目_01_受理公告或公示版
PL022,PL022_佛山市锐拓新材料有限公司新建项目_01_受理公告或公示版.pdf,26,3,36,疑似缺失,0.5,"（ | 190 164 160 -9.1%
）","190 164 160 -9.1%
）",解析文本拼接_表格清洗增强_02_021-040.md,021_佛山市锐拓新材料有限公司新建项目_01_受理公告或公示版
PL022,PL022_佛山市锐拓新材料有限公司新建项目_01_受理公告或公示版.pdf,26,3,38,疑似缺失,0.5,注 | ：（1）表中CO为年内日平均浓度第95百分位数，O为年内日最大8小时滑动平均浓,：（1）表中CO为年内日平均浓度第95百分位数，O为年内日最大8小时滑动平均浓,解析文本拼接_表格清洗增强_02_021-040.md,021_佛山市锐拓新材料有限公司新建项目_01_受理公告或公示版
PL022,PL022_佛山市锐拓新材料有限公司新建项目_01_受理公告或公示版.pdf,27,3,14,疑似缺失,0.667,2023年 2022年 | 标准 2023年 | 2022年,标准 2023年,解析文本拼接_表格清洗增强_02_021-040.md,021_佛山市锐拓新材料有限公司新建项目_01_受理公告或公示版
PL022,PL022_佛山市锐拓新材料有限公司新建项目_01_受理公告或公示版.pdf,29,2,1,部分,0.833,"项目 | pH值 | CODcr | BOD
5 | NH -N
3 | SS","NH -N
3",解析文本拼接_表格清洗增强_02_021-040.md,021_佛山市锐拓新材料有限公司新建项目_01_受理公告或公示版
PL022,PL022_佛山市锐拓新材料有限公司新建项目_01_受理公告或公示版.pdf,29,3,13,疑似缺失,0.667,"pH | CODcr | BOD NH -N SS
5 3","BOD NH -N SS
5 3",解析文本拼接_表格清洗增强_02_021-040.md,021_佛山市锐拓新材料有限公司新建项目_01_受理公告或公示版
PL022,PL022_佛山市锐拓新材料有限公司新建项目_01_受理公告或公示版.pdf,29,3,16,部分,0.75,物排 | （DB44/26-2001）第二时段三级标 6~ | 9 500 | 300 — 400,（DB44/26-2001）第二时段三级标 6~,解析文本拼接_表格清洗增强_02_021-040.md,021_佛山市锐拓新材料有限公司新建项目_01_受理公告或公示版
PL022,PL022_佛山市锐拓新材料有限公司新建项目_01_受理公告或公示版.pdf,29,3,23,疑似缺失,0.667,标准及广东省地方标准《水污染物排 6~ | 9 40 | 10 5 10,标准及广东省地方标准《水污染物排 6~,解析文本拼接_表格清洗增强_02_021-040.md,021_佛山市锐拓新材料有限公司新建项目_01_受理公告或公示版
PL022,PL022_佛山市锐拓新材料有限公司新建项目_01_受理公告或公示版.pdf,29,3,34,疑似缺失,0.667,"非甲烷总烃
生产 | ≤100mg/m3 | 《合成树脂工业污染物排放","非甲烷总烃
生产",解析文本拼接_表格清洗增强_02_021-040.md,021_佛山市锐拓新材料有限公司新建项目_01_受理公告或公示版
PL022,PL022_佛山市锐拓新材料有限公司新建项目_01_受理公告或公示版.pdf,29,3,36,疑似缺失,0.667,"废气
苯乙烯 | 50 | 标准》（GB31572-2015，含","废气
苯乙烯",解析文本拼接_表格清洗增强_02_021-040.md,021_佛山市锐拓新材料有限公司新建项目_01_受理公告或公示版
PL022,PL022_佛山市锐拓新材料有限公司新建项目_01_受理公告或公示版.pdf,35,2,36,疑似缺失,0.5,于 ，或存在强对流干扰 | 0,于 ，或存在强对流干扰,解析文本拼接_表格清洗增强_02_021-040.md,021_佛山市锐拓新材料有限公司新建项目_01_受理公告或公示版
PL022,PL022_佛山市锐拓新材料有限公司新建项目_01_受理公告或公示版.pdf,36,4,16,部分,0.889,"t/a | 3 | 率 | 工
率 | 行 | mg/ | m | t/a | 时间","工
率",解析文本拼接_表格清洗增强_02_021-040.md,021_佛山市锐拓新材料有限公司新建项目_01_受理公告或公示版
PL022,PL022_佛山市锐拓新材料有限公司新建项目_01_受理公告或公示版.pdf,36,4,17,部分,0.857,kg/h | m /h | 艺 | 技 | 3 | kg | /h,m /h,解析文本拼接_表格清洗增强_02_021-040.md,021_佛山市锐拓新材料有限公司新建项目_01_受理公告或公示版
PL022,PL022_佛山市锐拓新材料有限公司新建项目_01_受理公告或公示版.pdf,36,4,21,部分,0.9,"组 | 5000 | 30 | 50
炭 | 是 | 22.5 | 3 | 0.1 | 13 | 0.270","50
炭",解析文本拼接_表格清洗增强_02_021-040.md,021_佛山市锐拓新材料有限公司新建项目_01_受理公告或公示版
PL022,PL022_佛山市锐拓新材料有限公司新建项目_01_受理公告或公示版.pdf,37,3,3,疑似缺失,0.5,"22.53 0.113
总烃 | 100 /","22.53 0.113
总烃",解析文本拼接_表格清洗增强_02_021-040.md,021_佛山市锐拓新材料有限公司新建项目_01_受理公告或公示版
PL022,PL022_佛山市锐拓新材料有限公司新建项目_01_受理公告或公示版.pdf,37,3,28,疑似缺失,0.25,污 | 染源 排放原 污染物 放 | 浓度 放速率 | 续时间 生频,染源 排放原 污染物 放；浓度 放速率；续时间 生频,解析文本拼接_表格清洗增强_02_021-040.md,021_佛山市锐拓新材料有限公司新建项目_01_受理公告或公示版
PL022,PL022_佛山市锐拓新材料有限公司新建项目_01_受理公告或公示版.pdf,37,3,30,疑似缺失,0.0,因 （m | g/m3） （kg/h） | /h 次/次,因 （m；g/m3） （kg/h）；/h 次/次,解析文本拼接_表格清洗增强_02_021-040.md,021_佛山市锐拓新材料有限公司新建项目_01_受理公告或公示版
PL022,PL022_佛山市锐拓新材料有限公司新建项目_01_受理公告或公示版.pdf,37,3,33,疑似缺失,0.5,"4
理设施 总烃 | 5.07 0.225","4
理设施 总烃",解析文本拼接_表格清洗增强_02_021-040.md,021_佛山市锐拓新材料有限公司新建项目_01_受理公告或公示版
PL022,PL022_佛山市锐拓新材料有限公司新建项目_01_受理公告或公示版.pdf,37,3,36,疑似缺失,0.0,"1
气 | 筒 臭气浓 ≤ | 1 1
生产","1
气；筒 臭气浓 ≤；1 1
生产",解析文本拼接_表格清洗增强_02_021-040.md,021_佛山市锐拓新材料有限公司新建项目_01_受理公告或公示版
PL022,PL022_佛山市锐拓新材料有限公司新建项目_01_受理公告或公示版.pdf,38,4,26,部分,0.9,1 | DA00 | 废气 | 烃、 113 | .186091° | 22.774331° | 18 | 0.4 | 常温 | 排放,烃、 113,解析文本拼接_表格清洗增强_02_021-040.md,021_佛山市锐拓新材料有限公司新建项目_01_受理公告或公示版
PL022,PL022_佛山市锐拓新材料有限公司新建项目_01_受理公告或公示版.pdf,39,2,5,疑似缺失,0.333,4 1 / | （ ）相应 | 20,4 1 /；（ ）相应,解析文本拼接_表格清洗增强_02_021-040.md,021_佛山市锐拓新材料有限公司新建项目_01_受理公告或公示版
PL022,PL022_佛山市锐拓新材料有限公司新建项目_01_受理公告或公示版.pdf,39,2,12,疑似缺失,0.5,厂区内 1次/年 | 织控制标准》,厂区内 1次/年,解析文本拼接_表格清洗增强_02_021-040.md,021_佛山市锐拓新材料有限公司新建项目_01_受理公告或公示版
PL022,PL022_佛山市锐拓新材料有限公司新建项目_01_受理公告或公示版.pdf,40,3,7,部分,0.857,表 废水污染 | 源 | 源强 | 核算结果 | 及相 | 关参数一 | 览表,表 废水污染,解析文本拼接_表格清洗增强_02_021-040.md,021_佛山市锐拓新材料有限公司新建项目_01_受理公告或公示版
PL022,PL022_佛山市锐拓新材料有限公司新建项目_01_受理公告或公示版.pdf,40,3,12,部分,0.889,"排
污 | 污染
类
物种 核 | 处 | 各
级 | 总 | 总治 | 是
否 | 排
放 | 排
放","污染
类
物种 核",解析文本拼接_表格清洗增强_02_021-040.md,021_佛山市锐拓新材料有限公司新建项目_01_受理公告或公示版
PL022,PL022_佛山市锐拓新材料有限公司新建项目_01_受理公告或公示版.pdf,40,3,13,部分,0.923,"环 | 别 废水产 产生浓 产生
类 算
生量（m 度 量
方 | 理
能 | 治
理 | 处理
效率 | 治
理 | 理效
率 | 为
可 | 去
向 | 排放废
水量（m | 排放浓
度 | 排放
量 | 方
式","别 废水产 产生浓 产生
类 算
生量（m 度 量
方",解析文本拼接_表格清洗增强_02_021-040.md,021_佛山市锐拓新材料有限公司新建项目_01_受理公告或公示版
PL022,PL022_佛山市锐拓新材料有限公司新建项目_01_受理公告或公示版.pdf,40,3,24,部分,0.833,"系
BOD 150 0.0270 | 级 | 9 | 污 | 145.5 | 0.0262","系
BOD 150 0.0270",解析文本拼接_表格清洗增强_02_021-040.md,021_佛山市锐拓新材料有限公司新建项目_01_受理公告或公示版
PL022,PL022_佛山市锐拓新材料有限公司新建项目_01_受理公告或公示版.pdf,40,3,27,部分,0.857,"生 | 180
污 | / | / | / | 180 | 排","180
污",解析文本拼接_表格清洗增强_02_021-040.md,021_佛山市锐拓新材料有限公司新建项目_01_受理公告或公示版
PL022,PL022_佛山市锐拓新材料有限公司新建项目_01_受理公告或公示版.pdf,40,3,36,部分,0.75,"排放 | 排放口地理坐标
口排放口类 废水排放 | 国家 | 或地","排放口地理坐标
口排放口类 废水排放",解析文本拼接_表格清洗增强_02_021-040.md,021_佛山市锐拓新材料有限公司新建项目_01_受理公告或公示版
PL022,PL022_佛山市锐拓新材料有限公司新建项目_01_受理公告或公示版.pdf,40,3,38,部分,0.875,编 | 号 型 量/t/a | 名 | 称 | 污 | 染物种类 | 方污 | 染物,号 型 量/t/a,解析文本拼接_表格清洗增强_02_021-040.md,021_佛山市锐拓新材料有限公司新建项目_01_受理公告或公示版
PL022,PL022_佛山市锐拓新材料有限公司新建项目_01_受理公告或公示版.pdf,41,1,1,部分,0.9,"经市政管网 《水污染物排放限值》
一般排 杏坛污水 COD 、BOD
DW001 113.186008° 22.774259° 180 排入杏坛污 间断排放 Cr 5（DB44/26-2001）第二
放口 处理厂 、SS、NH -N
水处理厂 3 时段三级标准
表4-10 废水监测点位、监测指标、监测方式及监测频次一览表
监测点位 监测因子 监测频次（间接排","COD 、BOD
Cr 5
、SS、NH -N
3",解析文本拼接_表格清洗增强_02_021-040.md,021_佛山市锐拓新材料有限公司新建项目_01_受理公告或公示版
PL022,PL022_佛山市锐拓新材料有限公司新建项目_01_受理公告或公示版.pdf,41,1,3,部分,0.8,"生活污水排放口 | CODcr、BOD 、SS、氨
5
氮、pH、流量 | / | / | 《水污染物排放限值》
（DB44/26-2001）第二
时段三级标准","CODcr、BOD 、SS、氨
5
氮、pH、流量",解析文本拼接_表格清洗增强_02_021-040.md,021_佛山市锐拓新材料有限公司新建项目_01_受理公告或公示版
PL022,PL022_佛山市锐拓新材料有限公司新建项目_01_受理公告或公示版.pdf,41,2,2,疑似缺失,0.0,"杏坛污水 COD 、BOD
排入杏坛污 间断排放 Cr | 5（DB44/26-2001）第","杏坛污水 COD 、BOD
排入杏坛污 间断排放 Cr；5（DB44/26-2001）第",解析文本拼接_表格清洗增强_02_021-040.md,021_佛山市锐拓新材料有限公司新建项目_01_受理公告或公示版
PL022,PL022_佛山市锐拓新材料有限公司新建项目_01_受理公告或公示版.pdf,41,2,3,疑似缺失,0.5,"处理厂 、SS、NH -N
水处理厂 3 | 时段三级标准","处理厂 、SS、NH -N
水处理厂 3",解析文本拼接_表格清洗增强_02_021-040.md,021_佛山市锐拓新材料有限公司新建项目_01_受理公告或公示版
PL022,PL022_佛山市锐拓新材料有限公司新建项目_01_受理公告或公示版.pdf,47,4,2,疑似缺失,0.0,"   
L T L T |  TL 6 ","   
L T L T； TL 6 ",解析文本拼接_表格清洗增强_02_021-040.md,021_佛山市锐拓新材料有限公司新建项目_01_受理公告或公示版
PL022,PL022_佛山市锐拓新材料有限公司新建项目_01_受理公告或公示版.pdf,47,4,3,疑似缺失,0.5,P2i P1i | i,P2i P1i,解析文本拼接_表格清洗增强_02_021-040.md,021_佛山市锐拓新材料有限公司新建项目_01_受理公告或公示版
PL022,PL022_佛山市锐拓新材料有限公司新建项目_01_受理公告或公示版.pdf,47,4,10,疑似缺失,0.0,L  L  T 1 | 0lgs,L  L  T 1；0lgs,解析文本拼接_表格清洗增强_02_021-040.md,021_佛山市锐拓新材料有限公司新建项目_01_受理公告或公示版
PL022,PL022_佛山市锐拓新材料有限公司新建项目_01_受理公告或公示版.pdf,47,4,14,疑似缺失,0.0,L 10log1 | 00.1li,L 10log1；00.1li,解析文本拼接_表格清洗增强_02_021-040.md,021_佛山市锐拓新材料有限公司新建项目_01_受理公告或公示版
PL022,PL022_佛山市锐拓新材料有限公司新建项目_01_受理公告或公示版.pdf,52,4,19,部分,0.714,"1 | HW08 | 900-217-08 | 0.25
维 | 态 | 油 | T I","0.25
维；T I",解析文本拼接_表格清洗增强_02_021-040.md,021_佛山市锐拓新材料有限公司新建项目_01_受理公告或公示版
PL022,PL022_佛山市锐拓新材料有限公司新建项目_01_受理公告或公示版.pdf,52,4,37,部分,0.857,3 | HW08 | 900-249-08 | 0.025 装 | 机油 | 个 | T，,0.025 装,解析文本拼接_表格清洗增强_02_021-040.md,021_佛山市锐拓新材料有限公司新建项目_01_受理公告或公示版
PL022,PL022_佛山市锐拓新材料有限公司新建项目_01_受理公告或公示版.pdf,52,4,42,部分,0.909,"4 | 性 | HW49 | 900-039-49 | 4.591
治 | 体 | 物 | 机 | 个 | T，I | 置","4.591
治",解析文本拼接_表格清洗增强_02_021-040.md,021_佛山市锐拓新材料有限公司新建项目_01_受理公告或公示版
PL022,PL022_佛山市锐拓新材料有限公司新建项目_01_受理公告或公示版.pdf,55,2,26,部分,0.833,5 | 0.25 | 900-214-08 | 加剂 | T I | 0.25,T I,解析文本拼接_表格清洗增强_02_021-040.md,021_佛山市锐拓新材料有限公司新建项目_01_受理公告或公示版
PL022,PL022_佛山市锐拓新材料有限公司新建项目_01_受理公告或公示版.pdf,59,3,6,疑似缺失,0.667,危废仓 | 危险废物 | 制标准》（ ）,制标准》（ ）,解析文本拼接_表格清洗增强_02_021-040.md,021_佛山市锐拓新材料有限公司新建项目_01_受理公告或公示版
PL022,PL022_佛山市锐拓新材料有限公司新建项目_01_受理公告或公示版.pdf,61,2,18,疑似缺失,0.333,有 | 顶 米排气筒 | GB14554-93 1,顶 米排气筒；GB14554-93 1,解析文本拼接_表格清洗增强_02_021-040.md,021_佛山市锐拓新材料有限公司新建项目_01_受理公告或公示版
PL022,PL022_佛山市锐拓新材料有限公司新建项目_01_受理公告或公示版.pdf,61,2,45,疑似缺失,0.667,"NH -N
3 | 网排至杏坛污水 | （DB44/26-2001）第二时","NH -N
3",解析文本拼接_表格清洗增强_02_021-040.md,021_佛山市锐拓新材料有限公司新建项目_01_受理公告或公示版
PL022,PL022_佛山市锐拓新材料有限公司新建项目_01_受理公告或公示版.pdf,65,1,8,部分,0.875,"NH-N
3 | 0 | 0 | 0 | 0.0109t/a | 0 | 0.0109t/a | +0.0109t/a","NH-N
3",解析文本拼接_表格清洗增强_02_021-040.md,021_佛山市锐拓新材料有限公司新建项目_01_受理公告或公示版
PL022,PL022_佛山市锐拓新材料有限公司新建项目_01_受理公告或公示版.pdf,65,2,6,部分,0.875,"有组织
非甲烷 | 0 | 0 | 0 | 0.271t/a | 0 | 0.271t/a | +0.271t/a","有组织
非甲烷",解析文本拼接_表格清洗增强_02_021-040.md,021_佛山市锐拓新材料有限公司新建项目_01_受理公告或公示版
PL022,PL022_佛山市锐拓新材料有限公司新建项目_01_受理公告或公示版.pdf,65,2,14,部分,0.875,生活 BOD 5 | 0 | 0 | 0 | 0.0309t/a | 0 | 0.0309t/a | +0.0309t/a,生活 BOD 5,解析文本拼接_表格清洗增强_02_021-040.md,021_佛山市锐拓新材料有限公司新建项目_01_受理公告或公示版
PL022,PL022_佛山市锐拓新材料有限公司新建项目_01_受理公告或公示版.pdf,65,2,17,部分,0.875,"NH-N
3 | 0 | 0 | 0 | 0.0109t/a | 0 | 0.0109t/a | +0.0109t/a","NH-N
3",解析文本拼接_表格清洗增强_02_021-040.md,021_佛山市锐拓新材料有限公司新建项目_01_受理公告或公示版
