project_id,file_name,page,table_local_index,row_index,row_status,cell_hit_ratio,row_preview,missed_cells,md_file,file_id
PL018,PL018_广东台塑智能科技有限公司新建项目_01_受理公告或公示版.pdf,9,1,3,完整,1.0,建设单位联系人 | 郭** | 联系方式 | 181**,,解析文本拼接_表格清洗增强_01_001-020.md,017_广东台塑智能科技有限公司新建项目_01_受理公告或公示版
PL018,PL018_广东台塑智能科技有限公司新建项目_01_受理公告或公示版.pdf,9,1,5,完整,1.0,地理坐标 | （ 113度9分31.564秒， 22度54分28.567秒）,,解析文本拼接_表格清洗增强_01_001-020.md,017_广东台塑智能科技有限公司新建项目_01_受理公告或公示版
PL018,PL018_广东台塑智能科技有限公司新建项目_01_受理公告或公示版.pdf,9,1,6,完整,1.0,"国民经济
行业类别 | C2929塑料零件及其他塑料
制品制造；C3831电线、电
缆制造 | 建设项目
行业类别 | 二十六、橡胶和塑料制品业53塑料制
品业，其他（年用非溶剂型低 VOCs
含量涂料10吨以下的除外）；
三十五、电气机械和器材制造业77电
线、电缆、光缆及电工器材制造，其
他（仅分割、焊接、组装的除外；年
用非溶剂型低VOCs含量涂料10",,解析文本拼接_表格清洗增强_01_001-020.md,017_广东台塑智能科技有限公司新建项目_01_受理公告或公示版
PL018,PL018_广东台塑智能科技有限公司新建项目_01_受理公告或公示版.pdf,9,1,9,完整,1.0,总投资（万元） | 1000 | 环保投资（万元） | 30,,解析文本拼接_表格清洗增强_01_001-020.md,017_广东台塑智能科技有限公司新建项目_01_受理公告或公示版
PL018,PL018_广东台塑智能科技有限公司新建项目_01_受理公告或公示版.pdf,9,1,10,完整,1.0,环保投资占比（%） | 3 | 施工工期 | 2个月,,解析文本拼接_表格清洗增强_01_001-020.md,017_广东台塑智能科技有限公司新建项目_01_受理公告或公示版
PL018,PL018_广东台塑智能科技有限公司新建项目_01_受理公告或公示版.pdf,9,1,11,完整,1.0,"是否开工建设 | 否
是： | 用地（用海）
面积（m2） | 5162.06",,解析文本拼接_表格清洗增强_01_001-020.md,017_广东台塑智能科技有限公司新建项目_01_受理公告或公示版
PL018,PL018_广东台塑智能科技有限公司新建项目_01_受理公告或公示版.pdf,9,2,3,完整,1.0,建设单位联系人 | 郭** | 联系方式 | 181**,,解析文本拼接_表格清洗增强_01_001-020.md,017_广东台塑智能科技有限公司新建项目_01_受理公告或公示版
PL018,PL018_广东台塑智能科技有限公司新建项目_01_受理公告或公示版.pdf,9,2,5,完整,1.0,地理坐标 | （ 113度9 | 分31.564秒， 22 | 度54分28.567秒）,,解析文本拼接_表格清洗增强_01_001-020.md,017_广东台塑智能科技有限公司新建项目_01_受理公告或公示版
PL018,PL018_广东台塑智能科技有限公司新建项目_01_受理公告或公示版.pdf,9,2,9,完整,1.0,塑料零件及其他塑料 | 10,,解析文本拼接_表格清洗增强_01_001-020.md,017_广东台塑智能科技有限公司新建项目_01_受理公告或公示版
PL018,PL018_广东台塑智能科技有限公司新建项目_01_受理公告或公示版.pdf,9,2,10,部分,0.75,国民经济 | C2929 | 建设项目 | 三十五、电气机械和器材制造业 电,三十五、电气机械和器材制造业 电,解析文本拼接_表格清洗增强_01_001-020.md,017_广东台塑智能科技有限公司新建项目_01_受理公告或公示版
PL018,PL018_广东台塑智能科技有限公司新建项目_01_受理公告或公示版.pdf,9,2,11,疑似缺失,0.5,制品制造； 电线、电 | 77,制品制造； 电线、电,解析文本拼接_表格清洗增强_01_001-020.md,017_广东台塑智能科技有限公司新建项目_01_受理公告或公示版
PL018,PL018_广东台塑智能科技有限公司新建项目_01_受理公告或公示版.pdf,9,2,12,完整,1.0,行业类别 | C3831 | 行业类别 | 线、电缆、光缆及电工器材制造，其,,解析文本拼接_表格清洗增强_01_001-020.md,017_广东台塑智能科技有限公司新建项目_01_受理公告或公示版
PL018,PL018_广东台塑智能科技有限公司新建项目_01_受理公告或公示版.pdf,9,2,24,完整,1.0,总投资（万元） | 1000 | 环保投资（万元） | 30,,解析文本拼接_表格清洗增强_01_001-020.md,017_广东台塑智能科技有限公司新建项目_01_受理公告或公示版
PL018,PL018_广东台塑智能科技有限公司新建项目_01_受理公告或公示版.pdf,9,2,25,完整,1.0,环保投资占比（%） | 3 | 施工工期 | 2个月,,解析文本拼接_表格清洗增强_01_001-020.md,017_广东台塑智能科技有限公司新建项目_01_受理公告或公示版
PL018,PL018_广东台塑智能科技有限公司新建项目_01_受理公告或公示版.pdf,9,2,27,完整,1.0,是否开工建设 | 2 | 5162.06,,解析文本拼接_表格清洗增强_01_001-020.md,017_广东台塑智能科技有限公司新建项目_01_受理公告或公示版
PL018,PL018_广东台塑智能科技有限公司新建项目_01_受理公告或公示版.pdf,10,2,3,完整,1.0,"区域
布局
管控 | 1-1.【生态/禁止类】单元内的一般生态
空间，主导生态功能为水土保持，禁止
在25度以上的陡坡地开垦种植农作物，
禁止在崩塌、滑坡危险区、泥石流易发
区从事采石、取土、采砂等可能造成水
土流失的活动。 | 项目不涉及。 | 符合",,解析文本拼接_表格清洗增强_01_001-020.md,017_广东台塑智能科技有限公司新建项目_01_受理公告或公示版
PL018,PL018_广东台塑智能科技有限公司新建项目_01_受理公告或公示版.pdf,10,2,4,完整,1.0,"1-2.【产业/鼓励引导类】重点发展机器
人及配套产业、智能家用电器、高端新
型电子信息、新材料等制造业和总部经
济、电子商务、工业设计与文化创意、
科技金融等现代服务业，打造智能制造
和智慧家电示范区。 | 项目不涉及。 | 符合",,解析文本拼接_表格清洗增强_01_001-020.md,017_广东台塑智能科技有限公司新建项目_01_受理公告或公示版
PL018,PL018_广东台塑智能科技有限公司新建项目_01_受理公告或公示版.pdf,10,2,5,完整,1.0,"1-3.【产业/综合类】系统推进村级工业
园升级改造，腾出连片空间，布局产业
集聚区和主题产业园，推动工业项目入
园集聚发展。 | 项目不涉及。 | 符合",,解析文本拼接_表格清洗增强_01_001-020.md,017_广东台塑智能科技有限公司新建项目_01_受理公告或公示版
PL018,PL018_广东台塑智能科技有限公司新建项目_01_受理公告或公示版.pdf,10,3,2,完整,1.0,1、与 | 广东省、佛山市、佛山市顺德区“三 | 线一单”生态环境分区管控方 | 案相符,,解析文本拼接_表格清洗增强_01_001-020.md,017_广东台塑智能科技有限公司新建项目_01_受理公告或公示版
PL018,PL018_广东台塑智能科技有限公司新建项目_01_受理公告或公示版.pdf,10,3,4,完整,1.0,1.1、 | 与广东省“三线一单”生态环境分区管 | 控方案相符性分析,,解析文本拼接_表格清洗增强_01_001-020.md,017_广东台塑智能科技有限公司新建项目_01_受理公告或公示版
PL018,PL018_广东台塑智能科技有限公司新建项目_01_受理公告或公示版.pdf,10,3,6,完整,1.0,知 | 》（粤 | 府〔2020〕71号）发布的广东省环境 | 管控单元图，项目所在地属于 | 重点,,解析文本拼接_表格清洗增强_01_001-020.md,017_广东台塑智能科技有限公司新建项目_01_受理公告或公示版
PL018,PL018_广东台塑智能科技有限公司新建项目_01_受理公告或公示版.pdf,10,3,7,完整,1.0,管 | 控单元 | ，项目总体符合重点管控单元的要求 | 。具体分析详见表1-1。,,解析文本拼接_表格清洗增强_01_001-020.md,017_广东台塑智能科技有限公司新建项目_01_受理公告或公示版
PL018,PL018_广东台塑智能科技有限公司新建项目_01_受理公告或公示版.pdf,10,3,8,完整,1.0,1.2、 | 与佛山市“三线一单”生态环境分区管 | 控方案相符性分析,,解析文本拼接_表格清洗增强_01_001-020.md,017_广东台塑智能科技有限公司新建项目_01_受理公告或公示版
PL018,PL018_广东台塑智能科技有限公司新建项目_01_受理公告或公示版.pdf,10,3,10,完整,1.0,（ | 2024年 | 版）>的通知》（佛环〔2024〕20号 | ）发布的佛山市环境管控单元 | 图，项,,解析文本拼接_表格清洗增强_01_001-020.md,017_广东台塑智能科技有限公司新建项目_01_受理公告或公示版
PL018,PL018_广东台塑智能科技有限公司新建项目_01_受理公告或公示版.pdf,10,3,12,完整,1.0,ZH | 440606 | 20004）。项目总体符合重点管控单 | 元的要求。具体分析详见表1-1 | 。,,解析文本拼接_表格清洗增强_01_001-020.md,017_广东台塑智能科技有限公司新建项目_01_受理公告或公示版
PL018,PL018_广东台塑智能科技有限公司新建项目_01_受理公告或公示版.pdf,10,3,13,完整,1.0,1.3、 | 与佛山市顺德区“三线一单”生态环境 | 分区管控方案相符性分析,,解析文本拼接_表格清洗增强_01_001-020.md,017_广东台塑智能科技有限公司新建项目_01_受理公告或公示版
PL018,PL018_广东台塑智能科技有限公司新建项目_01_受理公告或公示版.pdf,10,3,16,疑似缺失,0.5,其他符合性分 | 2021 11,2021 11,解析文本拼接_表格清洗增强_01_001-020.md,017_广东台塑智能科技有限公司新建项目_01_受理公告或公示版
PL018,PL018_广东台塑智能科技有限公司新建项目_01_受理公告或公示版.pdf,10,3,17,完整,1.0,析 | 为 | 北滘镇 | 重点管控区，环境管控单元编码：ZH | 44060620004。,,解析文本拼接_表格清洗增强_01_001-020.md,017_广东台塑智能科技有限公司新建项目_01_受理公告或公示版
PL018,PL018_广东台塑智能科技有限公司新建项目_01_受理公告或公示版.pdf,10,3,18,完整,1.0,项目 | 与广东省佛山市顺德区重点管控单元 | 4准入清单相符性分析详见表 | 1-1。,,解析文本拼接_表格清洗增强_01_001-020.md,017_广东台塑智能科技有限公司新建项目_01_受理公告或公示版
PL018,PL018_广东台塑智能科技有限公司新建项目_01_受理公告或公示版.pdf,10,3,19,完整,1.0,表1-1 项目与广东省佛山市顺德区重点 | 管控单元4准入清单相符性分析,,解析文本拼接_表格清洗增强_01_001-020.md,017_广东台塑智能科技有限公司新建项目_01_受理公告或公示版
PL018,PL018_广东台塑智能科技有限公司新建项目_01_受理公告或公示版.pdf,10,3,21,完整,1.0,《佛山市 | 生态环境局关于印发<佛山市“三线一单”生 | 态环境分区管控方案（2024年版）> | 的通,,解析文本拼接_表格清洗增强_01_001-020.md,017_广东台塑智能科技有限公司新建项目_01_受理公告或公示版
PL018,PL018_广东台塑智能科技有限公司新建项目_01_受理公告或公示版.pdf,10,3,22,完整,1.0,知》（佛环〔2024〕 | 20号）,,解析文本拼接_表格清洗增强_01_001-020.md,017_广东台塑智能科技有限公司新建项目_01_受理公告或公示版
PL018,PL018_广东台塑智能科技有限公司新建项目_01_受理公告或公示版.pdf,10,3,31,疑似缺失,0.5,区域 | 1-2. /,1-2. /,解析文本拼接_表格清洗增强_01_001-020.md,017_广东台塑智能科技有限公司新建项目_01_受理公告或公示版
PL018,PL018_广东台塑智能科技有限公司新建项目_01_受理公告或公示版.pdf,10,3,33,完整,1.0,管控 | 型电子信息、新材料等制造业和总部经 | 项目不涉及。 | 符合,,解析文本拼接_表格清洗增强_01_001-020.md,017_广东台塑智能科技有限公司新建项目_01_受理公告或公示版
PL018,PL018_广东台塑智能科技有限公司新建项目_01_受理公告或公示版.pdf,11,1,1,完整,1.0,"1-4.【水/限制类】严格限制在佛山市禅
城南庄紫洞水厂、佛山市禅城沙口（石
湾）水厂、羊额—北滘水厂、广州市南
洲水厂顺德水道取水口饮用水水源保护
区上游和周边区域建设列入“高污染、高
环境风险”产品名录等可能影响水环境
安全的项目。 | 项目生活污水经三级化粪处理
达标后排至北滘污水处理厂处
理。间接循环冷却水定期排水可
作为清净下水通过市政雨水管
网排",,解析文本拼接_表格清洗增强_01_001-020.md,017_广东台塑智能科技有限公司新建项目_01_受理公告或公示版
PL018,PL018_广东台塑智能科技有限公司新建项目_01_受理公告或公示版.pdf,11,1,2,完整,1.0,"1-5.【大气/限制类】大气环境受体敏感
重点管控区内，应严格限制新建储油库
项目、产生和排放有毒有害大气污染物
的建设项目以及使用溶剂型油墨、涂料、
清洗剂、胶黏剂等高挥发性有机物原辅
材料项目，鼓励现有该类项目搬迁退出。 | 项目位于大气环境敏感重点管
控区内，所属行业为C2929塑料
零件及其他塑料制品制造；
C3831电线、电缆制造，项目生
产过程中",,解析文本拼接_表格清洗增强_01_001-020.md,017_广东台塑智能科技有限公司新建项目_01_受理公告或公示版
PL018,PL018_广东台塑智能科技有限公司新建项目_01_受理公告或公示版.pdf,11,1,3,完整,1.0,"1-6.【大气/鼓励引导类】大气环境高排
放重点管控区内，应强化达标监管，引
导工业项目落地集聚发展，有序推进区
域内行业企业提标改造。 | 项目位于北滘镇高排放重点管
控单元，废气可达标排放。 | 符合",,解析文本拼接_表格清洗增强_01_001-020.md,017_广东台塑智能科技有限公司新建项目_01_受理公告或公示版
PL018,PL018_广东台塑智能科技有限公司新建项目_01_受理公告或公示版.pdf,11,1,4,完整,1.0,"1.7.【产业/综合类】划定家具生产优先发
展区域，优先发展区外不再新建涉及涂
装工艺的木质家具制造项目。优先发展
区范围根据家具产业发展规划及其规划
环评文件确定。 | 项目不涉及。 | 符合",,解析文本拼接_表格清洗增强_01_001-020.md,017_广东台塑智能科技有限公司新建项目_01_受理公告或公示版
PL018,PL018_广东台塑智能科技有限公司新建项目_01_受理公告或公示版.pdf,11,1,5,完整,1.0,"1-8.【产业/限制类】受纳水体或监控断
面不达标且未“以新带老”制定区域达标
方案的河涌，不得新建、扩建向河涌直
接排放废水的项目。新建、扩建含蚀刻
工序的线路板生产项目和化工项目应在
配套污水集中处置的工业园区或生活污
水管网覆盖区域内建设；纯加工型印花
项目，含酸洗、磷化的金属表面处理、
金属制品项目（与自身高新技术企业配
套的和区级及以上重点项目除外",,解析文本拼接_表格清洗增强_01_001-020.md,017_广东台塑智能科技有限公司新建项目_01_受理公告或公示版
PL018,PL018_广东台塑智能科技有限公司新建项目_01_受理公告或公示版.pdf,11,1,6,完整,1.0,"能源
资源
利用 | 2-1【能源/鼓励引导类】推广节能技术，
加快发展绿色货运与现代物流。 | 项目不涉及。 | 符合",,解析文本拼接_表格清洗增强_01_001-020.md,017_广东台塑智能科技有限公司新建项目_01_受理公告或公示版
PL018,PL018_广东台塑智能科技有限公司新建项目_01_受理公告或公示版.pdf,11,1,7,完整,1.0,"2-2【能源/鼓励引导类】推广新能源汽车
应用和充电基础设施建设，积极推动重
卡LNG加气站、充电基础设施、加氢站
建设。 | 项目不涉及。 | 符合",,解析文本拼接_表格清洗增强_01_001-020.md,017_广东台塑智能科技有限公司新建项目_01_受理公告或公示版
PL018,PL018_广东台塑智能科技有限公司新建项目_01_受理公告或公示版.pdf,11,2,2,完整,1.0,1-4.【水/限制类】严格限制在佛山市禅 | 达标后排至北滘污水处理厂处,,解析文本拼接_表格清洗增强_01_001-020.md,017_广东台塑智能科技有限公司新建项目_01_受理公告或公示版
PL018,PL018_广东台塑智能科技有限公司新建项目_01_受理公告或公示版.pdf,11,2,6,完整,1.0,区上游和周边区域建设列入“高污染、高 | 由佛山市科源达环保污水处理,,解析文本拼接_表格清洗增强_01_001-020.md,017_广东台塑智能科技有限公司新建项目_01_受理公告或公示版
PL018,PL018_广东台塑智能科技有限公司新建项目_01_受理公告或公示版.pdf,11,2,7,完整,1.0,环境风险”产品名录等可能影响水环境 | 有限公司回收处理。项目不在,,解析文本拼接_表格清洗增强_01_001-020.md,017_广东台塑智能科技有限公司新建项目_01_受理公告或公示版
PL018,PL018_广东台塑智能科技有限公司新建项目_01_受理公告或公示版.pdf,11,2,8,完整,1.0,安全的项目。 | “高污染、高环境风险”产品名录,,解析文本拼接_表格清洗增强_01_001-020.md,017_广东台塑智能科技有限公司新建项目_01_受理公告或公示版
PL018,PL018_广东台塑智能科技有限公司新建项目_01_受理公告或公示版.pdf,11,2,14,完整,1.0,1-5.【大气/限制类】大气环境受体敏感 | 产过程中需使用少量高挥发性,,解析文本拼接_表格清洗增强_01_001-020.md,017_广东台塑智能科技有限公司新建项目_01_受理公告或公示版
PL018,PL018_广东台塑智能科技有限公司新建项目_01_受理公告或公示版.pdf,11,2,15,完整,1.0,重点管控区内，应严格限制新建储油库 | 有机物原辅材料（油性油墨、稀,,解析文本拼接_表格清洗增强_01_001-020.md,017_广东台塑智能科技有限公司新建项目_01_受理公告或公示版
PL018,PL018_广东台塑智能科技有限公司新建项目_01_受理公告或公示版.pdf,11,2,16,完整,1.0,项目、产生和排放有毒有害大气污染物 | 释剂），根据第二章分析可知，,,解析文本拼接_表格清洗增强_01_001-020.md,017_广东台塑智能科技有限公司新建项目_01_受理公告或公示版
PL018,PL018_广东台塑智能科技有限公司新建项目_01_受理公告或公示版.pdf,11,2,18,完整,1.0,的建设项目以及使用溶剂型油墨、涂料、 | 使用的高挥发性有机物原辅材,,解析文本拼接_表格清洗增强_01_001-020.md,017_广东台塑智能科技有限公司新建项目_01_受理公告或公示版
PL018,PL018_广东台塑智能科技有限公司新建项目_01_受理公告或公示版.pdf,11,2,19,完整,1.0,清洗剂、胶黏剂等高挥发性有机物原辅 | 料暂无法替代。本项目有机废气,,解析文本拼接_表格清洗增强_01_001-020.md,017_广东台塑智能科技有限公司新建项目_01_受理公告或公示版
PL018,PL018_广东台塑智能科技有限公司新建项目_01_受理公告或公示版.pdf,11,2,20,完整,1.0,材料项目，鼓励现有该类项目搬迁退出。 | 经集气罩收集后通过活性炭吸,,解析文本拼接_表格清洗增强_01_001-020.md,017_广东台塑智能科技有限公司新建项目_01_受理公告或公示版
PL018,PL018_广东台塑智能科技有限公司新建项目_01_受理公告或公示版.pdf,11,2,28,完整,1.0,导工业项目落地集聚发展，有序推进区 | 控单元，废气可达标排放。,,解析文本拼接_表格清洗增强_01_001-020.md,017_广东台塑智能科技有限公司新建项目_01_受理公告或公示版
PL018,PL018_广东台塑智能科技有限公司新建项目_01_受理公告或公示版.pdf,11,2,32,完整,1.0,装工艺的木质家具制造项目。优先发展 | 项目不涉及。 | 符合,,解析文本拼接_表格清洗增强_01_001-020.md,017_广东台塑智能科技有限公司新建项目_01_受理公告或公示版
PL018,PL018_广东台塑智能科技有限公司新建项目_01_受理公告或公示版.pdf,11,2,54,疑似缺失,0.667,2-1 / | 项目不涉及。 | 符合,2-1 /,解析文本拼接_表格清洗增强_01_001-020.md,017_广东台塑智能科技有限公司新建项目_01_受理公告或公示版
PL018,PL018_广东台塑智能科技有限公司新建项目_01_受理公告或公示版.pdf,11,2,57,完整,1.0,资源 | 2-2【能源/鼓励引导类】推广新能源汽车,,解析文本拼接_表格清洗增强_01_001-020.md,017_广东台塑智能科技有限公司新建项目_01_受理公告或公示版
PL018,PL018_广东台塑智能科技有限公司新建项目_01_受理公告或公示版.pdf,12,1,1,完整,1.0,"2-3.【能源/综合类】科学实施能源消费
总量和强度“双控”，新建高能耗项目单
位产品（产值）能耗达到国际国内先进
水平。 | 项目生产过程中资源消耗量相
对区域资源利用总量较少。 | 符合",,解析文本拼接_表格清洗增强_01_001-020.md,017_广东台塑智能科技有限公司新建项目_01_受理公告或公示版
PL018,PL018_广东台塑智能科技有限公司新建项目_01_受理公告或公示版.pdf,12,1,2,完整,1.0,"2-4.【水资源/综合类】贯彻落实“节水优
先”方针，实行最严格水资源管理制度，
北滘镇万元国内生产总值用水量、万元
工业增加值用水量、用水总量、农田灌
溉水有效利用系数等用水总量和效率指
标达到区下达要求。 | 项目用水量较少，符合要求。 | 符合",,解析文本拼接_表格清洗增强_01_001-020.md,017_广东台塑智能科技有限公司新建项目_01_受理公告或公示版
PL018,PL018_广东台塑智能科技有限公司新建项目_01_受理公告或公示版.pdf,12,1,3,完整,1.0,"2-5.【土地资源/限制类】落实单位土地
面积投资强度、土地利用强度等建设用
地控制性指标要求，提高土地利用效率。 | 项目已落实单位土地面积投资
强度、土地利用强度等建设用地
控制性指标要求，提高土地利用
效率。 | 符合",,解析文本拼接_表格清洗增强_01_001-020.md,017_广东台塑智能科技有限公司新建项目_01_受理公告或公示版
PL018,PL018_广东台塑智能科技有限公司新建项目_01_受理公告或公示版.pdf,12,1,4,完整,1.0,"2-6.【岸线/禁止类】严格水域岸线用途
管制，新建项目一律不得违规占用水域。
严禁破坏生态的岸线利用行为和不符合
其功能定位的开发建设活动，严禁以各
种名义侵占河道、围垦湖泊、非法采砂
等。 | 项目使用已建成工业厂房，不涉
及“违规占用水域。严禁破坏生
态的岸线利用行为和不符合其
功能定位的开发建设活动，严禁
以各种名义侵占河道、围垦湖
泊、非法采砂等。",,解析文本拼接_表格清洗增强_01_001-020.md,017_广东台塑智能科技有限公司新建项目_01_受理公告或公示版
PL018,PL018_广东台塑智能科技有限公司新建项目_01_受理公告或公示版.pdf,12,1,5,完整,1.0,"污染
物排
放管
控 | 3-1.【水/限制类】城镇新区建设实行雨
污分流，逐步推进初期雨水收集、处理
和资源化利用。住宅、商业体、学校、
市场等城镇开发建设项目应当配套或者
同步计划建设公共排水设施，公共排水
设施或自建排污水设施未能投产运行
的，以上涉水项目不得投入使用。新建
小区严格实施雨污分流，阳台、露台等
污水接入污水收集系统，将生活污水“应
截尽",,解析文本拼接_表格清洗增强_01_001-020.md,017_广东台塑智能科技有限公司新建项目_01_受理公告或公示版
PL018,PL018_广东台塑智能科技有限公司新建项目_01_受理公告或公示版.pdf,12,1,6,完整,1.0,"3-2.【水/综合类】结合村级工业园改造，
全面提升产业层次与集聚度，促进污染
集中整治。 | 项目不涉及。 | 符合",,解析文本拼接_表格清洗增强_01_001-020.md,017_广东台塑智能科技有限公司新建项目_01_受理公告或公示版
PL018,PL018_广东台塑智能科技有限公司新建项目_01_受理公告或公示版.pdf,12,1,7,完整,1.0,"3-3.【水/综合类】稳步推进排水设施“三
个一体化”管理模式，补齐城乡污水收集
和处理短板，推动群力围污水处理厂提
质增效，加快消除城中村、老旧城区、
城乡结合部等污水收集管网空白区，逐
步实现城乡污水水收集处理全覆盖。
2025年前完成群力围污水处理厂扩建，
尾水应执行《城镇污水处理厂污染物排
放标准》（GB18918-2002）一级A标准
及《广东省水",,解析文本拼接_表格清洗增强_01_001-020.md,017_广东台塑智能科技有限公司新建项目_01_受理公告或公示版
PL018,PL018_广东台塑智能科技有限公司新建项目_01_受理公告或公示版.pdf,12,1,8,完整,1.0,"3-4.【水/综合类】近期保留并完善水口
村、三桂村、西滘村、马龙村等现状农
村污水分散式处理设施，新建莘村、马
龙村等分散式污水处理站建设，继续完
善污水支管网建设，提高污水收集处理
率，其余行政村（社区）继续完善污水
管网建设，实现农村污水100%收集进入
市政污水系统，有条件的区域实施雨污
分流改造，到2030年全面雨污分流，污
水纳入北滘城镇污水处理",,解析文本拼接_表格清洗增强_01_001-020.md,017_广东台塑智能科技有限公司新建项目_01_受理公告或公示版
PL018,PL018_广东台塑智能科技有限公司新建项目_01_受理公告或公示版.pdf,12,2,2,疑似缺失,0.5,总量和强度 双控 ，新建高能耗项目单 | 项目生产过程中资源消耗量相,总量和强度 双控 ，新建高能耗项目单,解析文本拼接_表格清洗增强_01_001-020.md,017_广东台塑智能科技有限公司新建项目_01_受理公告或公示版
PL018,PL018_广东台塑智能科技有限公司新建项目_01_受理公告或公示版.pdf,12,2,4,完整,1.0,位产品（产值）能耗达到国际国内先进 | 对区域资源利用总量较少。,,解析文本拼接_表格清洗增强_01_001-020.md,017_广东台塑智能科技有限公司新建项目_01_受理公告或公示版
PL018,PL018_广东台塑智能科技有限公司新建项目_01_受理公告或公示版.pdf,12,2,15,疑似缺失,0.5,2-5. / | 强度、土地利用强度等建设用地,2-5. /,解析文本拼接_表格清洗增强_01_001-020.md,017_广东台塑智能科技有限公司新建项目_01_受理公告或公示版
PL018,PL018_广东台塑智能科技有限公司新建项目_01_受理公告或公示版.pdf,12,2,19,完整,1.0,2-6.【岸线/禁止类】严格水域岸线用途 | 项目使用已建成工业厂房，不涉,,解析文本拼接_表格清洗增强_01_001-020.md,017_广东台塑智能科技有限公司新建项目_01_受理公告或公示版
PL018,PL018_广东台塑智能科技有限公司新建项目_01_受理公告或公示版.pdf,12,2,40,完整,1.0,全面提升产业层次与集聚度，促进污染 | 项目不涉及。 | 符合,,解析文本拼接_表格清洗增强_01_001-020.md,017_广东台塑智能科技有限公司新建项目_01_受理公告或公示版
PL018,PL018_广东台塑智能科技有限公司新建项目_01_受理公告或公示版.pdf,12,2,43,完整,1.0,污染 | 个一体化”管理模式，补齐城乡污水收集,,解析文本拼接_表格清洗增强_01_001-020.md,017_广东台塑智能科技有限公司新建项目_01_受理公告或公示版
PL018,PL018_广东台塑智能科技有限公司新建项目_01_受理公告或公示版.pdf,13,1,1,完整,1.0,"3-5.【大气/综合类】大力推进低VOCs
含量原辅材料替代，加快涉VOCs重点
行业的生产工艺升级改造，推行自动化
生产工艺，对达不到要求的VOCs收集
及治理设施进行整治提升，逐步淘汰低
效VOCs治理设施。 | 项目生产过程中需使用少量高
挥发性有机物原辅材料（油性油
墨、稀释剂），根据第二章分析
可知，使用的高挥发性有机物原
辅材料暂无法替代。本项目",,解析文本拼接_表格清洗增强_01_001-020.md,017_广东台塑智能科技有限公司新建项目_01_受理公告或公示版
PL018,PL018_广东台塑智能科技有限公司新建项目_01_受理公告或公示版.pdf,13,1,2,完整,1.0,"环境
风险
防控 | 4-1.【水/综合类】加强单元内佛山市禅
城南庄紫洞水厂、佛山市禅城沙口（石
湾）水厂、羊额—北滘水厂、广州市南
洲水厂顺德水道取水口饮用水水源保护
区周边环境风险源管控，完善突发环境
事件应急管理体系。 | 项目不涉及。 | 符合",,解析文本拼接_表格清洗增强_01_001-020.md,017_广东台塑智能科技有限公司新建项目_01_受理公告或公示版
PL018,PL018_广东台塑智能科技有限公司新建项目_01_受理公告或公示版.pdf,13,1,3,完整,1.0,"4-2.【水/综合类】北滘污水处理厂、群
力围污水处理厂、工业污水集中处理设
施应采取有效措施，防止事故废水直接
排入水体。完善污水处理厂在线监控系
统联网，实现污水处理厂的实时、动态
监管。 | 项目不涉及。 | 符合",,解析文本拼接_表格清洗增强_01_001-020.md,017_广东台塑智能科技有限公司新建项目_01_受理公告或公示版
PL018,PL018_广东台塑智能科技有限公司新建项目_01_受理公告或公示版.pdf,13,1,4,完整,1.0,"4-3.【风险/综合类】加强环境风险分级
分类管理，强化金属制品、有色金属和
压延加工、化学原料和化学品制造业等
涉重金属、化工行业企业及工业园区等
重点环境风险源的环境风险防控。 | 项目通过采取防止泄漏措施，在
火灾和爆炸事故次生灾害时，可
通过封堵厂区门口，采取紧急疏
散等措施，其环境风险总体是可
控的。 | 符合",,解析文本拼接_表格清洗增强_01_001-020.md,017_广东台塑智能科技有限公司新建项目_01_受理公告或公示版
PL018,PL018_广东台塑智能科技有限公司新建项目_01_受理公告或公示版.pdf,13,1,6,完整,1.0,"区域
布局
管控 | 1-1.【生态/禁止类】单元内的一般生态
空间，主导生态功能为水土保持，禁止
在25度以上的陡坡地开垦种植农作物，
禁止在崩塌、滑坡危险区、泥石流易发
区从事采石、取土、采砂等可能造成水
土流失的活动。 | 项目不涉及。 | 符合",,解析文本拼接_表格清洗增强_01_001-020.md,017_广东台塑智能科技有限公司新建项目_01_受理公告或公示版
PL018,PL018_广东台塑智能科技有限公司新建项目_01_受理公告或公示版.pdf,13,1,7,完整,1.0,"1-2.【产业/鼓励引导类】重点发展机器
人及配套产业、智能家用电器、高端新
型电子信息、新材料等制造业和总部经
济、电子商务、工业设计与文化创意、
科技金融等现代服务业，打造智能制造
和智慧家电示范区。 | 项目不涉及。 | 符合",,解析文本拼接_表格清洗增强_01_001-020.md,017_广东台塑智能科技有限公司新建项目_01_受理公告或公示版
PL018,PL018_广东台塑智能科技有限公司新建项目_01_受理公告或公示版.pdf,13,1,8,完整,1.0,"1-3.【产业/综合类】产业聚集区所属地
块内的工业用地或企业与村庄、学校等
环境敏感点之间应设置合理的大气环境
防护距离，并通过绿化带进行有效隔离；
聚集区规划布局应注重大气污染排放企
业应尽量避免布局在居住用地的常年主
导风向的上风向。 | 项目不涉及。 | 符合",,解析文本拼接_表格清洗增强_01_001-020.md,017_广东台塑智能科技有限公司新建项目_01_受理公告或公示版
PL018,PL018_广东台塑智能科技有限公司新建项目_01_受理公告或公示版.pdf,13,1,9,完整,1.0,"1-4.【产业/综合类】系统推进村级工业
园升级改造，腾出连片空间，布局产业
集聚区和主题产业园，推动工业项目入
园集聚发展。新增工业制造业用地原则
上安排在产业集聚区内，产业集聚区外
原则上不鼓励工业及物流仓储用地的新
建与改造。 | 项目不涉及。 | 符合",,解析文本拼接_表格清洗增强_01_001-020.md,017_广东台塑智能科技有限公司新建项目_01_受理公告或公示版
PL018,PL018_广东台塑智能科技有限公司新建项目_01_受理公告或公示版.pdf,13,2,3,完整,1.0,3-5.【大气/综合类】大力推进低VOCs | 墨、稀释剂），根据第二章分析,,解析文本拼接_表格清洗增强_01_001-020.md,017_广东台塑智能科技有限公司新建项目_01_受理公告或公示版
PL018,PL018_广东台塑智能科技有限公司新建项目_01_受理公告或公示版.pdf,13,2,4,完整,1.0,含量原辅材料替代，加快涉VOCs重点 | 可知，使用的高挥发性有机物原,,解析文本拼接_表格清洗增强_01_001-020.md,017_广东台塑智能科技有限公司新建项目_01_受理公告或公示版
PL018,PL018_广东台塑智能科技有限公司新建项目_01_受理公告或公示版.pdf,13,2,5,完整,1.0,行业的生产工艺升级改造，推行自动化 | 辅材料暂无法替代。本项目有机,,解析文本拼接_表格清洗增强_01_001-020.md,017_广东台塑智能科技有限公司新建项目_01_受理公告或公示版
PL018,PL018_广东台塑智能科技有限公司新建项目_01_受理公告或公示版.pdf,13,2,7,完整,1.0,生产工艺，对达不到要求的VOCs收集 | 废气经集气罩收集后通过活性,,解析文本拼接_表格清洗增强_01_001-020.md,017_广东台塑智能科技有限公司新建项目_01_受理公告或公示版
PL018,PL018_广东台塑智能科技有限公司新建项目_01_受理公告或公示版.pdf,13,2,8,完整,1.0,及治理设施进行整治提升，逐步淘汰低 | 炭吸附废气处理设施进行处理，,,解析文本拼接_表格清洗增强_01_001-020.md,017_广东台塑智能科技有限公司新建项目_01_受理公告或公示版
PL018,PL018_广东台塑智能科技有限公司新建项目_01_受理公告或公示版.pdf,13,2,9,完整,1.0,效VOCs治理设施。 | 处理达标后通过排气筒G1,,解析文本拼接_表格清洗增强_01_001-020.md,017_广东台塑智能科技有限公司新建项目_01_受理公告或公示版
PL018,PL018_广东台塑智能科技有限公司新建项目_01_受理公告或公示版.pdf,13,2,21,完整,1.0,风险 | 施应采取有效措施，防止事故废水直接,,解析文本拼接_表格清洗增强_01_001-020.md,017_广东台塑智能科技有限公司新建项目_01_受理公告或公示版
PL018,PL018_广东台塑智能科技有限公司新建项目_01_受理公告或公示版.pdf,13,2,26,完整,1.0,4-3.【风险/综合类】加强环境风险分级 | 项目通过采取防止泄漏措施，在,,解析文本拼接_表格清洗增强_01_001-020.md,017_广东台塑智能科技有限公司新建项目_01_受理公告或公示版
PL018,PL018_广东台塑智能科技有限公司新建项目_01_受理公告或公示版.pdf,13,2,32,完整,1.0,（顺府发〔2021〕 | 11号）,,解析文本拼接_表格清洗增强_01_001-020.md,017_广东台塑智能科技有限公司新建项目_01_受理公告或公示版
PL018,PL018_广东台塑智能科技有限公司新建项目_01_受理公告或公示版.pdf,13,2,36,完整,1.0,25 | 项目不涉及。 | 符合,,解析文本拼接_表格清洗增强_01_001-020.md,017_广东台塑智能科技有限公司新建项目_01_受理公告或公示版
PL018,PL018_广东台塑智能科技有限公司新建项目_01_受理公告或公示版.pdf,13,2,48,完整,1.0,布局 | 1-3.【产业/综合类】产业聚集区所属地,,解析文本拼接_表格清洗增强_01_001-020.md,017_广东台塑智能科技有限公司新建项目_01_受理公告或公示版
PL018,PL018_广东台塑智能科技有限公司新建项目_01_受理公告或公示版.pdf,14,1,1,完整,1.0,"1-5.【产业/限制类】受纳水体或监控断
面不达标的，不得新建、扩建向河涌直
接排放废水的项目。新建、扩建含蚀刻
工序的线路板生产项目和化工项目应在
配套污水集中处置的工业园区或生活污
水管网覆盖区域内建设；纯加工型印花
项目，含酸洗、磷化的金属表面处理、
金属制品项目（与自身高新技术企业配
套的除外），含酸洗、喷涂、化学抛光、
电解等涉及废水排放工艺的不锈",,解析文本拼接_表格清洗增强_01_001-020.md,017_广东台塑智能科技有限公司新建项目_01_受理公告或公示版
PL018,PL018_广东台塑智能科技有限公司新建项目_01_受理公告或公示版.pdf,14,1,2,完整,1.0,"1-6.【产业/综合类】划定家具生产优先
发展区域，优先发展区外不再新建涉及
涂装工艺的木质家具制造项目。 | 项目不涉及。 | 符合",,解析文本拼接_表格清洗增强_01_001-020.md,017_广东台塑智能科技有限公司新建项目_01_受理公告或公示版
PL018,PL018_广东台塑智能科技有限公司新建项目_01_受理公告或公示版.pdf,14,1,3,完整,1.0,"1-7.【水/限制类】严格限制在佛山市禅
城南庄紫洞水厂、佛山市禅城沙口（石
湾）水厂、羊额-北滘水厂、广州市南洲
水厂顺德水道取水口饮用水水源保护区
上游和周边区域建设列入“高污染、高环
境风险”产品名录等可能影响水环境安
全的项目。 | 项目生活污水经三级化粪处理
达标后排至北滘污水处理厂处
理。间接循环冷却水定期排水可
作为清净下水通过市政雨水管
网排",,解析文本拼接_表格清洗增强_01_001-020.md,017_广东台塑智能科技有限公司新建项目_01_受理公告或公示版
PL018,PL018_广东台塑智能科技有限公司新建项目_01_受理公告或公示版.pdf,14,1,4,完整,1.0,"1-8.【大气/限制类】大气环境受体敏感
重点管控区内，应严格限制新建储油库
项目、产生和排放有毒有害大气污染物
的建设项目以及使用溶剂型油墨、涂料、
清洗剂、胶黏剂等高挥发性有机物原辅
材料项目，鼓励现有该类项目搬迁退出。 | 项目位于大气环境敏感重点管
控区内，所属行业为C2929塑料
零件及其他塑料制品制造；
C3831电线、电缆制造，项目生
产过程中",,解析文本拼接_表格清洗增强_01_001-020.md,017_广东台塑智能科技有限公司新建项目_01_受理公告或公示版
PL018,PL018_广东台塑智能科技有限公司新建项目_01_受理公告或公示版.pdf,14,1,5,完整,1.0,"1-9.【大气/鼓励引导类】大气环境高排
放重点管控区内，应强化达标监管，引
导工业项目落地集聚发展，有序推进区
域内行业企业提标改造。 | 项目位于北滘镇高排放重点管
控单元，废气可达标排放。",,解析文本拼接_表格清洗增强_01_001-020.md,017_广东台塑智能科技有限公司新建项目_01_受理公告或公示版
PL018,PL018_广东台塑智能科技有限公司新建项目_01_受理公告或公示版.pdf,14,1,6,完整,1.0,"能源
资源
利用 | 2-1【能源/鼓励引导类】推广节能技术，
加快发展绿色货运与现代物流。 | 项目不涉及。 | 符合",,解析文本拼接_表格清洗增强_01_001-020.md,017_广东台塑智能科技有限公司新建项目_01_受理公告或公示版
PL018,PL018_广东台塑智能科技有限公司新建项目_01_受理公告或公示版.pdf,14,1,7,完整,1.0,"2-2【能源/鼓励引导类】推广新能源汽车
应用和充电基础设施建设，积极推动重
卡LNG加气站、充电基础设施、加氢站
建设。 | 项目不涉及。 | 符合",,解析文本拼接_表格清洗增强_01_001-020.md,017_广东台塑智能科技有限公司新建项目_01_受理公告或公示版
PL018,PL018_广东台塑智能科技有限公司新建项目_01_受理公告或公示版.pdf,14,1,8,完整,1.0,"2-3.【能源/综合类】科学实施能源消费
总量和强度“双控”，新建高能耗项目单
位产品（产值）能耗达到国际国内先进
水平。 | 项目生产过程中资源消耗量相
对区域资源利用总量较少。 | 符合",,解析文本拼接_表格清洗增强_01_001-020.md,017_广东台塑智能科技有限公司新建项目_01_受理公告或公示版
PL018,PL018_广东台塑智能科技有限公司新建项目_01_受理公告或公示版.pdf,14,2,12,完整,1.0,电解等涉及废水排放工艺的不锈钢型材 | 有限公司回收处理。,,解析文本拼接_表格清洗增强_01_001-020.md,017_广东台塑智能科技有限公司新建项目_01_受理公告或公示版
PL018,PL018_广东台塑智能科技有限公司新建项目_01_受理公告或公示版.pdf,14,2,21,完整,1.0,1-7.【水/限制类】严格限制在佛山市禅 | 达标后排至北滘污水处理厂处,,解析文本拼接_表格清洗增强_01_001-020.md,017_广东台塑智能科技有限公司新建项目_01_受理公告或公示版
PL018,PL018_广东台塑智能科技有限公司新建项目_01_受理公告或公示版.pdf,14,2,25,完整,1.0,上游和周边区域建设列入“高污染、高环 | 由佛山市科源达环保污水处理,,解析文本拼接_表格清洗增强_01_001-020.md,017_广东台塑智能科技有限公司新建项目_01_受理公告或公示版
PL018,PL018_广东台塑智能科技有限公司新建项目_01_受理公告或公示版.pdf,14,2,26,完整,1.0,境风险”产品名录等可能影响水环境安 | 有限公司回收处理。项目不在,,解析文本拼接_表格清洗增强_01_001-020.md,017_广东台塑智能科技有限公司新建项目_01_受理公告或公示版
PL018,PL018_广东台塑智能科技有限公司新建项目_01_受理公告或公示版.pdf,14,2,27,完整,1.0,全的项目。 | “高污染、高环境风险”产品名录,,解析文本拼接_表格清洗增强_01_001-020.md,017_广东台塑智能科技有限公司新建项目_01_受理公告或公示版
PL018,PL018_广东台塑智能科技有限公司新建项目_01_受理公告或公示版.pdf,14,2,33,完整,1.0,1-8.【大气/限制类】大气环境受体敏感 | 产过程中需使用少量高挥发性,,解析文本拼接_表格清洗增强_01_001-020.md,017_广东台塑智能科技有限公司新建项目_01_受理公告或公示版
PL018,PL018_广东台塑智能科技有限公司新建项目_01_受理公告或公示版.pdf,14,2,34,完整,1.0,重点管控区内，应严格限制新建储油库 | 有机物原辅材料（油性油墨、稀,,解析文本拼接_表格清洗增强_01_001-020.md,017_广东台塑智能科技有限公司新建项目_01_受理公告或公示版
PL018,PL018_广东台塑智能科技有限公司新建项目_01_受理公告或公示版.pdf,14,2,35,完整,1.0,项目、产生和排放有毒有害大气污染物 | 释剂），根据第二章分析可知，,,解析文本拼接_表格清洗增强_01_001-020.md,017_广东台塑智能科技有限公司新建项目_01_受理公告或公示版
PL018,PL018_广东台塑智能科技有限公司新建项目_01_受理公告或公示版.pdf,14,2,37,完整,1.0,的建设项目以及使用溶剂型油墨、涂料、 | 使用的高挥发性有机物原辅材,,解析文本拼接_表格清洗增强_01_001-020.md,017_广东台塑智能科技有限公司新建项目_01_受理公告或公示版
PL018,PL018_广东台塑智能科技有限公司新建项目_01_受理公告或公示版.pdf,14,2,38,完整,1.0,清洗剂、胶黏剂等高挥发性有机物原辅 | 料暂无法替代。本项目有机废气,,解析文本拼接_表格清洗增强_01_001-020.md,017_广东台塑智能科技有限公司新建项目_01_受理公告或公示版
PL018,PL018_广东台塑智能科技有限公司新建项目_01_受理公告或公示版.pdf,14,2,39,完整,1.0,材料项目，鼓励现有该类项目搬迁退出。 | 经集气罩收集后通过活性炭吸,,解析文本拼接_表格清洗增强_01_001-020.md,017_广东台塑智能科技有限公司新建项目_01_受理公告或公示版
PL018,PL018_广东台塑智能科技有限公司新建项目_01_受理公告或公示版.pdf,14,2,46,完整,1.0,导工业项目落地集聚发展，有序推进区 | 控单元，废气可达标排放。,,解析文本拼接_表格清洗增强_01_001-020.md,017_广东台塑智能科技有限公司新建项目_01_受理公告或公示版
PL018,PL018_广东台塑智能科技有限公司新建项目_01_受理公告或公示版.pdf,14,2,49,疑似缺失,0.667,2-1 / | 项目不涉及。 | 符合,2-1 /,解析文本拼接_表格清洗增强_01_001-020.md,017_广东台塑智能科技有限公司新建项目_01_受理公告或公示版
PL018,PL018_广东台塑智能科技有限公司新建项目_01_受理公告或公示版.pdf,14,2,58,疑似缺失,0.5,总量和强度 双控 ，新建高能耗项目单 | 项目生产过程中资源消耗量相,总量和强度 双控 ，新建高能耗项目单,解析文本拼接_表格清洗增强_01_001-020.md,017_广东台塑智能科技有限公司新建项目_01_受理公告或公示版
PL018,PL018_广东台塑智能科技有限公司新建项目_01_受理公告或公示版.pdf,14,2,60,完整,1.0,位产品（产值）能耗达到国际国内先进 | 对区域资源利用总量较少。,,解析文本拼接_表格清洗增强_01_001-020.md,017_广东台塑智能科技有限公司新建项目_01_受理公告或公示版
PL018,PL018_广东台塑智能科技有限公司新建项目_01_受理公告或公示版.pdf,15,1,1,完整,1.0,"2-4.【水资源/综合类】贯彻落实“节水优
先”方针，实行最严格水资源管理制度，
北滘镇万元国内生产总值用水量、万元
工业增加值用水量、用水总量、农田灌
溉水有效利用系数等用水总量和效率指
标达到区下达要求。 | 项目用水量较少，符合要求。 | 符合",,解析文本拼接_表格清洗增强_01_001-020.md,017_广东台塑智能科技有限公司新建项目_01_受理公告或公示版
PL018,PL018_广东台塑智能科技有限公司新建项目_01_受理公告或公示版.pdf,15,1,2,完整,1.0,"2-5.【土地资源/限制类】落实单位土地
面积投资强度、土地利用强度等建设用
地控制性指标要求，提高土地利用效率。 | 项目已落实单位土地面积投资
强度、土地利用强度等建设用地
控制性指标要求，提高土地利用
效率。 | 符合",,解析文本拼接_表格清洗增强_01_001-020.md,017_广东台塑智能科技有限公司新建项目_01_受理公告或公示版
PL018,PL018_广东台塑智能科技有限公司新建项目_01_受理公告或公示版.pdf,15,1,3,完整,1.0,"2-6.【岸线/禁止类】严格水域岸线用途
管制，新建项目一律不得违规占用水域。
严禁破坏生态的岸线利用行为和不符合
其功能定位的开发建设活动，严禁以各
种名义侵占河道、围垦湖泊、非法采砂
等。 | 项目使用已建成工业厂房，不涉
及“违规占用水域。严禁破坏生
态的岸线利用行为和不符合其
功能定位的开发建设活动，严禁
以各种名义侵占河道、围垦湖
泊、非法采砂等。",,解析文本拼接_表格清洗增强_01_001-020.md,017_广东台塑智能科技有限公司新建项目_01_受理公告或公示版
PL018,PL018_广东台塑智能科技有限公司新建项目_01_受理公告或公示版.pdf,15,1,4,完整,1.0,"污染
物排
放管
控 | 3-1.【水/限制类】城镇新区建设实行雨
污分流，逐步推进初期雨水收集、处理
和资源化利用。住宅、商业体、学校、
市场等城镇开发建设项目应当配套或者
同步计划建设公共排水设施，公共排水
设施或自建排污水设施未能投产运行
的，以上涉水项目不得投入使用。新建
小区严格实施雨污分流，阳台、露台等
污水接入污水收集系统，将生活污水“应
截尽",,解析文本拼接_表格清洗增强_01_001-020.md,017_广东台塑智能科技有限公司新建项目_01_受理公告或公示版
PL018,PL018_广东台塑智能科技有限公司新建项目_01_受理公告或公示版.pdf,15,1,5,完整,1.0,"3-2.【水/综合类】结合村级工业园改造，
全面提升产业层次与集聚度，促进污染
集中整治。 | 项目不涉及。 | 符合",,解析文本拼接_表格清洗增强_01_001-020.md,017_广东台塑智能科技有限公司新建项目_01_受理公告或公示版
PL018,PL018_广东台塑智能科技有限公司新建项目_01_受理公告或公示版.pdf,15,1,6,完整,1.0,"3-3.【水/综合类】稳步推进排水设施“三
个一体化”管理模式，补齐城乡污水收集
和处理短板，推动群力围污水处理厂提
质增效，加快消除城中村、老旧城区、
城乡结合部等污水收集管网空白区，逐
步实现城乡污水收集处理全覆盖。2025
年前完成群力围污水处理厂扩建，尾水
应执行《城镇污水处理厂污染物排放标
准》（GB18918-2002）一级A标准及《广
东省水污",,解析文本拼接_表格清洗增强_01_001-020.md,017_广东台塑智能科技有限公司新建项目_01_受理公告或公示版
PL018,PL018_广东台塑智能科技有限公司新建项目_01_受理公告或公示版.pdf,15,1,7,完整,1.0,"3-4.【水/综合类】近期保留并完善水口
村、三桂村、西滘村、马龙村等现状农
村污水分散式处理设施，新建莘村、马
龙村等分散式污水处理站建设，继续完
善污水支管网建设，提高污水收集处理
率，其余行政村（社区）继续完善污水
管网建设，实现农村污水100%收集进入
市政污水系统，有条件的区域实施雨污
分流改造，到2030年全面雨污分流，污
水纳入北滘城镇污水处理",,解析文本拼接_表格清洗增强_01_001-020.md,017_广东台塑智能科技有限公司新建项目_01_受理公告或公示版
PL018,PL018_广东台塑智能科技有限公司新建项目_01_受理公告或公示版.pdf,15,2,10,疑似缺失,0.5,2-5. / | 强度、土地利用强度等建设用地,2-5. /,解析文本拼接_表格清洗增强_01_001-020.md,017_广东台塑智能科技有限公司新建项目_01_受理公告或公示版
PL018,PL018_广东台塑智能科技有限公司新建项目_01_受理公告或公示版.pdf,15,2,14,完整,1.0,2-6.【岸线/禁止类】严格水域岸线用途 | 项目使用已建成工业厂房，不涉,,解析文本拼接_表格清洗增强_01_001-020.md,017_广东台塑智能科技有限公司新建项目_01_受理公告或公示版
PL018,PL018_广东台塑智能科技有限公司新建项目_01_受理公告或公示版.pdf,15,2,36,完整,1.0,全面提升产业层次与集聚度，促进污染 | 项目不涉及。 | 符合,,解析文本拼接_表格清洗增强_01_001-020.md,017_广东台塑智能科技有限公司新建项目_01_受理公告或公示版
PL018,PL018_广东台塑智能科技有限公司新建项目_01_受理公告或公示版.pdf,15,2,39,完整,1.0,污染 | 个一体化”管理模式，补齐城乡污水收集,,解析文本拼接_表格清洗增强_01_001-020.md,017_广东台塑智能科技有限公司新建项目_01_受理公告或公示版
PL018,PL018_广东台塑智能科技有限公司新建项目_01_受理公告或公示版.pdf,15,2,43,完整,1.0,步实现城乡污水收集处理全覆盖。2025 | 项目不涉及。 | 符合,,解析文本拼接_表格清洗增强_01_001-020.md,017_广东台塑智能科技有限公司新建项目_01_受理公告或公示版
PL018,PL018_广东台塑智能科技有限公司新建项目_01_受理公告或公示版.pdf,16,2,1,完整,1.0,"3-5.【水/综合类】产业集聚区和主题园
区内做好污水管网和污水集中处理设施
的配套保障，确保废水收集到城镇污水
处理厂、园区污水处理厂或分散式污水
处理设施集中处置。 | 项目属于北滘污水处理厂纳污
范围。 | 符合",,解析文本拼接_表格清洗增强_01_001-020.md,017_广东台塑智能科技有限公司新建项目_01_受理公告或公示版
PL018,PL018_广东台塑智能科技有限公司新建项目_01_受理公告或公示版.pdf,16,2,2,完整,1.0,"3-6.【大气/综合类】大力推进低VOCs
含量原辅材料替代，加快涉VOCs重点
行业的生产工艺升级改造，推行自动化
生产工艺，对达不到要求的VOCs收集
及治理设施进行整治提升，逐步淘汰低
效VOCs治理设施。 | 项目生产过程中需使用少量高
挥发性有机物原辅材料（油性油
墨、稀释剂），根据第二章分析
可知，使用的高挥发性有机物原
辅材料暂无法替代。本项目",,解析文本拼接_表格清洗增强_01_001-020.md,017_广东台塑智能科技有限公司新建项目_01_受理公告或公示版
PL018,PL018_广东台塑智能科技有限公司新建项目_01_受理公告或公示版.pdf,16,2,3,完整,1.0,"环境
风险
防控 | 4-1.【水/综合类】加强单元内佛山市禅
城南庄紫洞水厂、佛山市禅城沙口（石
湾）水厂、羊额—北滘水厂、广州市南
洲水厂顺德水道取水口饮用水水源保护
区周边环境风险源管控，完善突发环境
事件应急管理体系。 | 项目不涉及。 | 符合",,解析文本拼接_表格清洗增强_01_001-020.md,017_广东台塑智能科技有限公司新建项目_01_受理公告或公示版
PL018,PL018_广东台塑智能科技有限公司新建项目_01_受理公告或公示版.pdf,16,2,4,完整,1.0,"4-2.【水/综合类】北滘污水处理厂、群
力围污水处理厂、工业污水集中处理设
施应采取有效措施，防止事故废水直接
排入水体。完善污水处理厂在线监控系
统联网，实现污水处理厂的实时、动态
监管。 | 项目不涉及。 | 符合",,解析文本拼接_表格清洗增强_01_001-020.md,017_广东台塑智能科技有限公司新建项目_01_受理公告或公示版
PL018,PL018_广东台塑智能科技有限公司新建项目_01_受理公告或公示版.pdf,16,2,5,完整,1.0,"4-3.【风险/综合类】加强环境风险分级
分类管理，强化金属制品、有色金属和
压延加工、化学原料和化学品制造业等
涉重金属、化工行业企业及工业园区等
重点环境风险源的环境风险防控。 | 项目通过采取防止泄漏措施，在
火灾和爆炸事故次生灾害时，可
通过封堵厂区门口，采取紧急疏
散等措施，其环境风险总体是可
控的。 | 符合",,解析文本拼接_表格清洗增强_01_001-020.md,017_广东台塑智能科技有限公司新建项目_01_受理公告或公示版
PL018,PL018_广东台塑智能科技有限公司新建项目_01_受理公告或公示版.pdf,17,2,2,完整,1.0,"1 | 《关于珠江三角洲地区严格控制工业企业挥发性有机物（VOCs）排放的意见》（粤
环〔2012〕18号）",,解析文本拼接_表格清洗增强_01_001-020.md,017_广东台塑智能科技有限公司新建项目_01_受理公告或公示版
PL018,PL018_广东台塑智能科技有限公司新建项目_01_受理公告或公示版.pdf,17,2,3,完整,1.0,"1.1 | 在自然保护区、水源保护区、风景名胜
区、森林公园、重要湿地、生态敏感区
和其他重生态功能区实行强制性保护，
禁止新建VOCs污染企业。 | 项目选址不在规定区域 | 符合",,解析文本拼接_表格清洗增强_01_001-020.md,017_广东台塑智能科技有限公司新建项目_01_受理公告或公示版
PL018,PL018_广东台塑智能科技有限公司新建项目_01_受理公告或公示版.pdf,17,2,4,完整,1.0,2 | 《中华人民共和国大气污染防治法》（2018.10.27修订，2016.1.1实施）,,解析文本拼接_表格清洗增强_01_001-020.md,017_广东台塑智能科技有限公司新建项目_01_受理公告或公示版
PL018,PL018_广东台塑智能科技有限公司新建项目_01_受理公告或公示版.pdf,18,1,1,完整,1.0,"2.1 | 第四十四条 生产、进口、销售和使用
含挥发性有机物的原材料和产品的，其
挥发性有机物含量应当符合质量标准
或者要求。
国家鼓励生产、进口、销售和使用低毒、
低挥发性有机溶剂。 | 项目生产过程中需使用少量高挥
发性有机物原辅材料（油性油墨、
稀释剂），根据第二章分析可知，
使用的高挥发性有机物原辅材料
暂无法替代。本项目有机废气经集
气罩收集后通",,解析文本拼接_表格清洗增强_01_001-020.md,017_广东台塑智能科技有限公司新建项目_01_受理公告或公示版
PL018,PL018_广东台塑智能科技有限公司新建项目_01_受理公告或公示版.pdf,18,1,2,完整,1.0,"2.2 | 第四十五条 产生含挥发性有机物废气
的生产和服务活动，应当在密闭空间或
者设备中进行，并按照规定安装、使用
污染防治设施；无法密闭的，应当采取
措施减少废气排放。 | 本项目有机废气经集气罩收集后
通过活性炭吸附废气处理设施进
行处理，处理达标后通过排气筒G1
（24m）引至楼顶排放。 | 符合",,解析文本拼接_表格清洗增强_01_001-020.md,017_广东台塑智能科技有限公司新建项目_01_受理公告或公示版
PL018,PL018_广东台塑智能科技有限公司新建项目_01_受理公告或公示版.pdf,18,1,3,完整,1.0,"3 | 《生态环境部关于印发<重点行业挥发性有机物综合治理方案>的通知》（环大气
〔2019〕53号）",,解析文本拼接_表格清洗增强_01_001-020.md,017_广东台塑智能科技有限公司新建项目_01_受理公告或公示版
PL018,PL018_广东台塑智能科技有限公司新建项目_01_受理公告或公示版.pdf,18,1,4,完整,1.0,"3.1 | 大力推进源头替代：通过使用水性、粉
末、高固体分、无溶剂、辐射固化等低
VOCs含量的涂料，水性、辐射固化、
植物基等低VOCs含量的油墨，水基、
热熔、无溶剂、辐射固化、改性、生物
降解等低VOCs含量的胶粘剂，以及低
VOCs含量、低反应活性的清洗剂等，
替代溶剂型涂料、油墨、胶粘剂、清洗
剂等，从源头减少VOCs产生。 | 项目生产过程中需",,解析文本拼接_表格清洗增强_01_001-020.md,017_广东台塑智能科技有限公司新建项目_01_受理公告或公示版
PL018,PL018_广东台塑智能科技有限公司新建项目_01_受理公告或公示版.pdf,18,1,5,完整,1.0,"3.2 | 加强政策引导：企业采用符合国家有关
低VOCs含量产品规定的涂料、油墨、
胶粘剂等，排放浓度稳定达标且排放速
率、排放绩效等满足相关规定的，相应
生产工序可不要求建设末端治理设施。
使用的原辅材料VOCs含量（质量比）
低于10%的工序，可不要求采取无组织
排放收集措施。 | 项目生产过程中需使用少量高挥
发性有机物原辅材料（油性油墨、
稀释剂）",,解析文本拼接_表格清洗增强_01_001-020.md,017_广东台塑智能科技有限公司新建项目_01_受理公告或公示版
PL018,PL018_广东台塑智能科技有限公司新建项目_01_受理公告或公示版.pdf,18,2,4,完整,1.0,含挥发性有机物的原材料和产品的，其 | 稀释剂），根据第二章分析可知，,,解析文本拼接_表格清洗增强_01_001-020.md,017_广东台塑智能科技有限公司新建项目_01_受理公告或公示版
PL018,PL018_广东台塑智能科技有限公司新建项目_01_受理公告或公示版.pdf,18,2,5,完整,1.0,挥发性有机物含量应当符合质量标准 | 使用的高挥发性有机物原辅材料,,解析文本拼接_表格清洗增强_01_001-020.md,017_广东台塑智能科技有限公司新建项目_01_受理公告或公示版
PL018,PL018_广东台塑智能科技有限公司新建项目_01_受理公告或公示版.pdf,18,2,6,完整,1.0,2.1 | 或者要求。 | 暂无法替代。本项目有机废气经集,,解析文本拼接_表格清洗增强_01_001-020.md,017_广东台塑智能科技有限公司新建项目_01_受理公告或公示版
PL018,PL018_广东台塑智能科技有限公司新建项目_01_受理公告或公示版.pdf,18,2,7,完整,1.0,国家鼓励生产、进口、销售和使用低毒、 | 气罩收集后通过活性炭吸附废气,,解析文本拼接_表格清洗增强_01_001-020.md,017_广东台塑智能科技有限公司新建项目_01_受理公告或公示版
PL018,PL018_广东台塑智能科技有限公司新建项目_01_受理公告或公示版.pdf,18,2,13,完整,1.0,的生产和服务活动，应当在密闭空间或 | 通过活性炭吸附废气处理设施进,,解析文本拼接_表格清洗增强_01_001-020.md,017_广东台塑智能科技有限公司新建项目_01_受理公告或公示版
PL018,PL018_广东台塑智能科技有限公司新建项目_01_受理公告或公示版.pdf,18,2,14,完整,1.0,2.2 | 者设备中进行，并按照规定安装、使用 | 行处理，处理达标后通过排气筒 | 符合,,解析文本拼接_表格清洗增强_01_001-020.md,017_广东台塑智能科技有限公司新建项目_01_受理公告或公示版
PL018,PL018_广东台塑智能科技有限公司新建项目_01_受理公告或公示版.pdf,18,2,15,完整,1.0,污染防治设施；无法密闭的，应当采取 | G1,,解析文本拼接_表格清洗增强_01_001-020.md,017_广东台塑智能科技有限公司新建项目_01_受理公告或公示版
PL018,PL018_广东台塑智能科技有限公司新建项目_01_受理公告或公示版.pdf,18,2,20,完整,1.0,2019 | 53,,解析文本拼接_表格清洗增强_01_001-020.md,017_广东台塑智能科技有限公司新建项目_01_受理公告或公示版
PL018,PL018_广东台塑智能科技有限公司新建项目_01_受理公告或公示版.pdf,18,2,22,完整,1.0,末、高固体分、无溶剂、辐射固化等低 | 发性有机物原辅材料（油性油墨、,,解析文本拼接_表格清洗增强_01_001-020.md,017_广东台塑智能科技有限公司新建项目_01_受理公告或公示版
PL018,PL018_广东台塑智能科技有限公司新建项目_01_受理公告或公示版.pdf,18,2,23,完整,1.0,VOCs含量的涂料，水性、辐射固化、 | 稀释剂），根据第二章分析可知，,,解析文本拼接_表格清洗增强_01_001-020.md,017_广东台塑智能科技有限公司新建项目_01_受理公告或公示版
PL018,PL018_广东台塑智能科技有限公司新建项目_01_受理公告或公示版.pdf,18,2,24,完整,1.0,植物基等低VOCs含量的油墨，水基、 | 使用的高挥发性有机物原辅材料,,解析文本拼接_表格清洗增强_01_001-020.md,017_广东台塑智能科技有限公司新建项目_01_受理公告或公示版
PL018,PL018_广东台塑智能科技有限公司新建项目_01_受理公告或公示版.pdf,18,2,25,完整,1.0,3.1 | 热熔、无溶剂、辐射固化、改性、生物 | 暂无法替代。本项目有机废气经集 | 符合,,解析文本拼接_表格清洗增强_01_001-020.md,017_广东台塑智能科技有限公司新建项目_01_受理公告或公示版
PL018,PL018_广东台塑智能科技有限公司新建项目_01_受理公告或公示版.pdf,18,2,26,完整,1.0,降解等低VOCs含量的胶粘剂，以及低 | 气罩收集后通过活性炭吸附废气,,解析文本拼接_表格清洗增强_01_001-020.md,017_广东台塑智能科技有限公司新建项目_01_受理公告或公示版
PL018,PL018_广东台塑智能科技有限公司新建项目_01_受理公告或公示版.pdf,18,2,27,完整,1.0,VOCs含量、低反应活性的清洗剂等， | 处理设施进行处理，处理达标后通,,解析文本拼接_表格清洗增强_01_001-020.md,017_广东台塑智能科技有限公司新建项目_01_受理公告或公示版
PL018,PL018_广东台塑智能科技有限公司新建项目_01_受理公告或公示版.pdf,18,2,28,完整,1.0,替代溶剂型涂料、油墨、胶粘剂、清洗 | 过排气筒G1（24m）引至楼顶排放，,,解析文本拼接_表格清洗增强_01_001-020.md,017_广东台塑智能科技有限公司新建项目_01_受理公告或公示版
PL018,PL018_广东台塑智能科技有限公司新建项目_01_受理公告或公示版.pdf,18,2,29,完整,1.0,剂等，从源头减少VOCs产生。 | 保证有机废气达标排放。,,解析文本拼接_表格清洗增强_01_001-020.md,017_广东台塑智能科技有限公司新建项目_01_受理公告或公示版
PL018,PL018_广东台塑智能科技有限公司新建项目_01_受理公告或公示版.pdf,18,2,32,疑似缺失,0.5,低 含量产品规定的涂料、油墨、 | 发性有机物原辅材料（油性油墨、,低 含量产品规定的涂料、油墨、,解析文本拼接_表格清洗增强_01_001-020.md,017_广东台塑智能科技有限公司新建项目_01_受理公告或公示版
PL018,PL018_广东台塑智能科技有限公司新建项目_01_受理公告或公示版.pdf,18,2,33,完整,1.0,VOCs | 稀释剂），根据第二章分析可知，,,解析文本拼接_表格清洗增强_01_001-020.md,017_广东台塑智能科技有限公司新建项目_01_受理公告或公示版
PL018,PL018_广东台塑智能科技有限公司新建项目_01_受理公告或公示版.pdf,18,2,35,完整,1.0,率、排放绩效等满足相关规定的，相应 | 使用的高挥发性有机物原辅材料,,解析文本拼接_表格清洗增强_01_001-020.md,017_广东台塑智能科技有限公司新建项目_01_受理公告或公示版
PL018,PL018_广东台塑智能科技有限公司新建项目_01_受理公告或公示版.pdf,18,2,36,完整,1.0,3.2 | 生产工序可不要求建设末端治理设施。 | 暂无法替代。本项目有机废气经集 | 符合,,解析文本拼接_表格清洗增强_01_001-020.md,017_广东台塑智能科技有限公司新建项目_01_受理公告或公示版
PL018,PL018_广东台塑智能科技有限公司新建项目_01_受理公告或公示版.pdf,18,2,37,疑似缺失,0.5,使用的原辅材料 含量（质量比） | 气罩收集后通过活性炭吸附废气,使用的原辅材料 含量（质量比）,解析文本拼接_表格清洗增强_01_001-020.md,017_广东台塑智能科技有限公司新建项目_01_受理公告或公示版
PL018,PL018_广东台塑智能科技有限公司新建项目_01_受理公告或公示版.pdf,18,2,38,完整,1.0,VOCs | 处理设施进行处理，处理达标后通,,解析文本拼接_表格清洗增强_01_001-020.md,017_广东台塑智能科技有限公司新建项目_01_受理公告或公示版
PL018,PL018_广东台塑智能科技有限公司新建项目_01_受理公告或公示版.pdf,18,2,40,疑似缺失,0.5,10% | 过排气筒 （ ）引至楼顶排放，,过排气筒 （ ）引至楼顶排放，,解析文本拼接_表格清洗增强_01_001-020.md,017_广东台塑智能科技有限公司新建项目_01_受理公告或公示版
PL018,PL018_广东台塑智能科技有限公司新建项目_01_受理公告或公示版.pdf,18,2,41,疑似缺失,0.5,排放收集措施。 | G1 24m,G1 24m,解析文本拼接_表格清洗增强_01_001-020.md,017_广东台塑智能科技有限公司新建项目_01_受理公告或公示版
PL018,PL018_广东台塑智能科技有限公司新建项目_01_受理公告或公示版.pdf,18,2,51,完整,1.0,放。加强设备与场所密闭管理。含VOCs | 本项目有机废气经集气罩收集后,,解析文本拼接_表格清洗增强_01_001-020.md,017_广东台塑智能科技有限公司新建项目_01_受理公告或公示版
PL018,PL018_广东台塑智能科技有限公司新建项目_01_受理公告或公示版.pdf,18,2,52,完整,1.0,物料应储存于密闭容器、包装袋，高效 | 通过活性炭吸附废气处理设施进,,解析文本拼接_表格清洗增强_01_001-020.md,017_广东台塑智能科技有限公司新建项目_01_受理公告或公示版
PL018,PL018_广东台塑智能科技有限公司新建项目_01_受理公告或公示版.pdf,18,2,53,完整,1.0,密封储罐，封闭式储库、料仓等。含 | 行处理，处理达标后通过排气筒G1,,解析文本拼接_表格清洗增强_01_001-020.md,017_广东台塑智能科技有限公司新建项目_01_受理公告或公示版
PL018,PL018_广东台塑智能科技有限公司新建项目_01_受理公告或公示版.pdf,18,2,54,完整,1.0,3.3 | VOCs物料转移和输送，应采用密闭管 | （24m）引至楼顶排放。本项目涉 | 符合,,解析文本拼接_表格清洗增强_01_001-020.md,017_广东台塑智能科技有限公司新建项目_01_受理公告或公示版
PL018,PL018_广东台塑智能科技有限公司新建项目_01_受理公告或公示版.pdf,18,2,55,完整,1.0,道或密闭容器、罐车等。高VOCs含量 | VOCs物料为塑料、油性油墨、稀,,解析文本拼接_表格清洗增强_01_001-020.md,017_广东台塑智能科技有限公司新建项目_01_受理公告或公示版
PL018,PL018_广东台塑智能科技有限公司新建项目_01_受理公告或公示版.pdf,18,2,56,完整,1.0,废水（废水液面上方100毫米处VOCs | 释剂，塑料储存于包装袋中，油性,,解析文本拼接_表格清洗增强_01_001-020.md,017_广东台塑智能科技有限公司新建项目_01_受理公告或公示版
PL018,PL018_广东台塑智能科技有限公司新建项目_01_受理公告或公示版.pdf,18,2,57,完整,1.0,检测浓度超过200ppm，其中，重点区 | 油墨、稀释剂储存于密闭容器中。,,解析文本拼接_表格清洗增强_01_001-020.md,017_广东台塑智能科技有限公司新建项目_01_受理公告或公示版
PL018,PL018_广东台塑智能科技有限公司新建项目_01_受理公告或公示版.pdf,19,1,2,完整,1.0,"3.4 | 提高废气收集率。遵循“应收尽收、分
质收集”的原则，科学设计废气收集系
统，将无组织排放转变为有组织排放进
行控制。采用全密闭集气罩或密闭空间
的，除行业有特殊要求外，应保持微负
压状态，并根据相关规范合理设置通风
量。采用局部集气罩的，距集气罩开口
面最远处的VOCs无组织排放位置，控
制风速应不低于0.3米/秒，有行业要求
的按相关规定执行。",,解析文本拼接_表格清洗增强_01_001-020.md,017_广东台塑智能科技有限公司新建项目_01_受理公告或公示版
PL018,PL018_广东台塑智能科技有限公司新建项目_01_受理公告或公示版.pdf,19,2,8,完整,1.0,量。采用局部集气罩的，距集气罩开口 | 本项目有机废气经集气罩收集后,,解析文本拼接_表格清洗增强_01_001-020.md,017_广东台塑智能科技有限公司新建项目_01_受理公告或公示版
PL018,PL018_广东台塑智能科技有限公司新建项目_01_受理公告或公示版.pdf,19,2,10,完整,1.0,面最远处的VOCs无组织排放位置，控 | 行处理，处理达标后通过排气筒,,解析文本拼接_表格清洗增强_01_001-020.md,017_广东台塑智能科技有限公司新建项目_01_受理公告或公示版
PL018,PL018_广东台塑智能科技有限公司新建项目_01_受理公告或公示版.pdf,19,2,11,疑似缺失,0.5,制风速应不低于 米秒，有行业要求 | G1,制风速应不低于 米秒，有行业要求,解析文本拼接_表格清洗增强_01_001-020.md,017_广东台塑智能科技有限公司新建项目_01_受理公告或公示版
PL018,PL018_广东台塑智能科技有限公司新建项目_01_受理公告或公示版.pdf,19,2,12,疑似缺失,0.0,0.3 / | （ ）引至楼顶排放。,0.3 /；（ ）引至楼顶排放。,解析文本拼接_表格清洗增强_01_001-020.md,017_广东台塑智能科技有限公司新建项目_01_受理公告或公示版
PL018,PL018_广东台塑智能科技有限公司新建项目_01_受理公告或公示版.pdf,19,2,13,完整,1.0,的按相关规定执行。加强设备与管线组 | 24m,,解析文本拼接_表格清洗增强_01_001-020.md,017_广东台塑智能科技有限公司新建项目_01_受理公告或公示版
PL018,PL018_广东台塑智能科技有限公司新建项目_01_受理公告或公示版.pdf,19,2,32,完整,1.0,吸附、吸附+吸收、膜分离+吸附等技术。 | 发性有机物原辅材料（油性油墨、,,解析文本拼接_表格清洗增强_01_001-020.md,017_广东台塑智能科技有限公司新建项目_01_受理公告或公示版
PL018,PL018_广东台塑智能科技有限公司新建项目_01_受理公告或公示版.pdf,19,2,34,完整,1.0,适用于恶臭异味等治理；生物法主要适 | 使用的高挥发性有机物原辅材料,,解析文本拼接_表格清洗增强_01_001-020.md,017_广东台塑智能科技有限公司新建项目_01_受理公告或公示版
PL018,PL018_广东台塑智能科技有限公司新建项目_01_受理公告或公示版.pdf,19,2,35,完整,1.0,用于低浓度VOCs废气治理和恶臭异味 | 暂无法替代。本项目有机废气经集,,解析文本拼接_表格清洗增强_01_001-020.md,017_广东台塑智能科技有限公司新建项目_01_受理公告或公示版
PL018,PL018_广东台塑智能科技有限公司新建项目_01_受理公告或公示版.pdf,19,2,36,完整,1.0,治理。非水溶性的VOCs废气禁止采用 | 气罩收集后通过活性炭吸附废气,,解析文本拼接_表格清洗增强_01_001-020.md,017_广东台塑智能科技有限公司新建项目_01_受理公告或公示版
PL018,PL018_广东台塑智能科技有限公司新建项目_01_受理公告或公示版.pdf,19,2,38,完整,1.0,活性炭吸附技术的，应定期更换活性 | 处理设施进行处理，处理达标后通,,解析文本拼接_表格清洗增强_01_001-020.md,017_广东台塑智能科技有限公司新建项目_01_受理公告或公示版
PL018,PL018_广东台塑智能科技有限公司新建项目_01_受理公告或公示版.pdf,19,2,40,疑似缺失,0.5,炭，废旧活性炭应再生或处理处置。有 | G1 24m,G1 24m,解析文本拼接_表格清洗增强_01_001-020.md,017_广东台塑智能科技有限公司新建项目_01_受理公告或公示版
PL018,PL018_广东台塑智能科技有限公司新建项目_01_受理公告或公示版.pdf,19,2,42,疑似缺失,0.5,条件的工业园区和产业集群等，推广集 | 根据污染源强核算结果， 初,根据污染源强核算结果， 初,解析文本拼接_表格清洗增强_01_001-020.md,017_广东台塑智能科技有限公司新建项目_01_受理公告或公示版
PL018,PL018_广东台塑智能科技有限公司新建项目_01_受理公告或公示版.pdf,19,2,43,完整,1.0,中喷涂、溶剂集中回收、活性炭集中再 | VOCs,,解析文本拼接_表格清洗增强_01_001-020.md,017_广东台塑智能科技有限公司新建项目_01_受理公告或公示版
PL018,PL018_广东台塑智能科技有限公司新建项目_01_受理公告或公示版.pdf,19,2,44,疑似缺失,0.5,生等，加强资源共享，提高 治理 | 始排放速率小于2kg/h。项目的有,生等，加强资源共享，提高 治理,解析文本拼接_表格清洗增强_01_001-020.md,017_广东台塑智能科技有限公司新建项目_01_受理公告或公示版
PL018,PL018_广东台塑智能科技有限公司新建项目_01_受理公告或公示版.pdf,19,2,45,完整,1.0,VOCs | 机废气拟采用活性炭吸附技术，应,,解析文本拼接_表格清洗增强_01_001-020.md,017_广东台塑智能科技有限公司新建项目_01_受理公告或公示版
PL018,PL018_广东台塑智能科技有限公司新建项目_01_受理公告或公示版.pdf,19,2,46,完整,1.0,效率。规范工程设计。采用吸附处理工 | 满足《吸附法工业有机废气治理工,,解析文本拼接_表格清洗增强_01_001-020.md,017_广东台塑智能科技有限公司新建项目_01_受理公告或公示版
PL018,PL018_广东台塑智能科技有限公司新建项目_01_受理公告或公示版.pdf,19,2,47,完整,1.0,艺的，应满足《吸附法工业有机废气治 | 程技术规范》要求；建设单位将定,,解析文本拼接_表格清洗增强_01_001-020.md,017_广东台塑智能科技有限公司新建项目_01_受理公告或公示版
PL018,PL018_广东台塑智能科技有限公司新建项目_01_受理公告或公示版.pdf,19,2,48,完整,1.0,理工程技术规范》要求。采用催化燃烧 | 期更换活性炭，并将废旧活性炭交,,解析文本拼接_表格清洗增强_01_001-020.md,017_广东台塑智能科技有限公司新建项目_01_受理公告或公示版
PL018,PL018_广东台塑智能科技有限公司新建项目_01_受理公告或公示版.pdf,19,2,49,完整,1.0,工艺的，应满足《催化燃烧法工业有机 | 由有资质的单位进行处置。,,解析文本拼接_表格清洗增强_01_001-020.md,017_广东台塑智能科技有限公司新建项目_01_受理公告或公示版
PL018,PL018_广东台塑智能科技有限公司新建项目_01_受理公告或公示版.pdf,20,1,1,完整,1.0,"3.6 | 加强企业运行管理。企业应系统梳理
VOCs排放主要环节和工序，包括启停
机、检维修作业等，制定具体操作规程，
落实到具体责任人。健全内部考核制
度。加强人员能力培训和技术交流。建
立管理台账，记录企业生产和治污设施
运行的关键参数（详见环大气〔2019〕
53号文附件3VOCs治理台账记录要
求），在线监控参数要确保能够实时调
取，相关台账记录至",,解析文本拼接_表格清洗增强_01_001-020.md,017_广东台塑智能科技有限公司新建项目_01_受理公告或公示版
PL018,PL018_广东台塑智能科技有限公司新建项目_01_受理公告或公示版.pdf,20,1,2,完整,1.0,"4 | 《广东省生态环境厅关于做好建设项目挥发性有机物（VOCs）排放削减替代工作的
补充通知》（粤环函〔2021〕537号）",,解析文本拼接_表格清洗增强_01_001-020.md,017_广东台塑智能科技有限公司新建项目_01_受理公告或公示版
PL018,PL018_广东台塑智能科技有限公司新建项目_01_受理公告或公示版.pdf,20,1,3,完整,1.0,"4.1 | 各地生态环境部门要健全建设项目
VOCs排放总量管理台账，严格核定
VOCs可替代总量指标，重点核查用作
替代的削城量是否为企业达标排放后
采取治理措施的削减量、或淘汰关停后
的削减量，是否有削减量重复使用等情
况，进一步规范VOCs削减替代工作。
新改扩建项目环评审批时，应逐级出具
VOCs总量替代来源审核意见，确保总
量指标管理扎实有效。 |",,解析文本拼接_表格清洗增强_01_001-020.md,017_广东台塑智能科技有限公司新建项目_01_受理公告或公示版
PL018,PL018_广东台塑智能科技有限公司新建项目_01_受理公告或公示版.pdf,20,1,4,完整,1.0,"5 | 《顺德区环境保护委员会关于印发顺德区工业挥发性有机物项目（VOCs）审批总量
前置实施细则（2016年修订）的通知》（顺环委〔2016〕3号）",,解析文本拼接_表格清洗增强_01_001-020.md,017_广东台塑智能科技有限公司新建项目_01_受理公告或公示版
PL018,PL018_广东台塑智能科技有限公司新建项目_01_受理公告或公示版.pdf,20,1,5,完整,1.0,"5.1 | 对新、改、扩建涉及新增VOCs排放的
建设项目实行VOCs排放总量前置审
批，凡新增VOCs排放量必须取得VOCs
排放总量指标，且执行“减二增一”政策，
即新、改、扩建涉及新增VOCs排放的
建设项目，必须在区域内已有排放源排
放量削减2倍于拟建项目的VOCs排放
量。有组织排放量小于0.1吨（不含0.1
吨，下同）的建设项目，不需要申请
VO",,解析文本拼接_表格清洗增强_01_001-020.md,017_广东台塑智能科技有限公司新建项目_01_受理公告或公示版
PL018,PL018_广东台塑智能科技有限公司新建项目_01_受理公告或公示版.pdf,20,1,6,完整,1.0,"6 | 《佛山市生态环境局顺德分局关于做好重点行业建设项目挥发性有机物总量指标管
理工作的通知》（佛顺环函〔2019〕56号）",,解析文本拼接_表格清洗增强_01_001-020.md,017_广东台塑智能科技有限公司新建项目_01_受理公告或公示版
PL018,PL018_广东台塑智能科技有限公司新建项目_01_受理公告或公示版.pdf,20,1,7,完整,1.0,"6.1 | 各地生态环境部门要健全建设项目
VOCs排放总量管理台账，严格核定
VOCs可替代总量指标，重点核查用作
替代的削减量是否为企业达标排放后
采取治理措施的削减量、或淘汰关停后
的削减量，是否有削减量重复使用等情
况，进一步规范VOCs削减替代工作。
新改扩建项目环评审批时，应逐级出具
VOCs总量替代来源审核意见，确保总
量指标管理扎实有效。 |",,解析文本拼接_表格清洗增强_01_001-020.md,017_广东台塑智能科技有限公司新建项目_01_受理公告或公示版
PL018,PL018_广东台塑智能科技有限公司新建项目_01_受理公告或公示版.pdf,20,1,8,完整,1.0,"7 | 《关于印发<广东省臭氧污染防治（氮氧化物和挥发性有机物协同减排）实施方案
（2023-2025年）>的通知》（粤环函〔2023〕45号）",,解析文本拼接_表格清洗增强_01_001-020.md,017_广东台塑智能科技有限公司新建项目_01_受理公告或公示版
PL018,PL018_广东台塑智能科技有限公司新建项目_01_受理公告或公示版.pdf,20,1,9,完整,1.0,"7.1 | 其他涉VOCs排放行业控制：加快推进
工程机械、钢结构、船舶制造等行业低
VOCs含量原辅材料替代，引导生产和
使用企业供应和使用符合国家质量标
准产品；企业无组织排放控制措施及相 | 项目生产过程中需使用少量高挥
发性有机物原辅材料（油性油墨、
稀释剂），根据第二章分析可知，
使用的高挥发性有机物原辅材料
暂无法替代。本项目有机废气经集 | 符",,解析文本拼接_表格清洗增强_01_001-020.md,017_广东台塑智能科技有限公司新建项目_01_受理公告或公示版
PL018,PL018_广东台塑智能科技有限公司新建项目_01_受理公告或公示版.pdf,20,2,13,疑似缺失,0.5,4 | 补充通知》（粤环函〔 〕 号）,补充通知》（粤环函〔 〕 号）,解析文本拼接_表格清洗增强_01_001-020.md,017_广东台塑智能科技有限公司新建项目_01_受理公告或公示版
PL018,PL018_广东台塑智能科技有限公司新建项目_01_受理公告或公示版.pdf,20,2,27,疑似缺失,0.5,5 | 前置实施细则（ 年修订）的通知》（顺环委〔 〕 号）,前置实施细则（ 年修订）的通知》（顺环委〔 〕 号）,解析文本拼接_表格清洗增强_01_001-020.md,017_广东台塑智能科技有限公司新建项目_01_受理公告或公示版
PL018,PL018_广东台塑智能科技有限公司新建项目_01_受理公告或公示版.pdf,20,2,36,疑似缺失,0.5,"5.1 | 放量削减2倍于拟建项目的VOCs排放 符合
据相关规定核定 总量来源。","放量削减2倍于拟建项目的VOCs排放 符合
据相关规定核定 总量来源。",解析文本拼接_表格清洗增强_01_001-020.md,017_广东台塑智能科技有限公司新建项目_01_受理公告或公示版
PL018,PL018_广东台塑智能科技有限公司新建项目_01_受理公告或公示版.pdf,20,2,45,疑似缺失,0.5,6 | 理工作的通知》（佛顺环函〔 〕 号）,理工作的通知》（佛顺环函〔 〕 号）,解析文本拼接_表格清洗增强_01_001-020.md,017_广东台塑智能科技有限公司新建项目_01_受理公告或公示版
PL018,PL018_广东台塑智能科技有限公司新建项目_01_受理公告或公示版.pdf,20,2,59,疑似缺失,0.5,7 | （ 年） 的通知》（粤环函〔 〕 号）,（ 年） 的通知》（粤环函〔 〕 号）,解析文本拼接_表格清洗增强_01_001-020.md,017_广东台塑智能科技有限公司新建项目_01_受理公告或公示版
PL018,PL018_广东台塑智能科技有限公司新建项目_01_受理公告或公示版.pdf,20,2,63,疑似缺失,0.5,7.1 | VOCs含量原辅材料替代，引导生产和 稀释剂），根据第二章分析可知， 符合,VOCs含量原辅材料替代，引导生产和 稀释剂），根据第二章分析可知， 符合,解析文本拼接_表格清洗增强_01_001-020.md,017_广东台塑智能科技有限公司新建项目_01_受理公告或公示版
PL018,PL018_广东台塑智能科技有限公司新建项目_01_受理公告或公示版.pdf,21,1,1,完整,1.0,"关限值应符合《挥发性有机物无组织排
放控制标准（GB37822）》、《固定污
染源挥发性有机物排放综合标准
（DB44/2367）》和《广东省生态环境
厅关于实施厂区内挥发性有机物无组
织排放监控要求的通告》（粤环发
〔2021〕4号）要求，无法实现低VOCs
原辅材料替代的工序，宜在密闭设备、
密闭空间作业或安装二次密闭设施；
新、改、扩建项目限制使用光催",,解析文本拼接_表格清洗增强_01_001-020.md,017_广东台塑智能科技有限公司新建项目_01_受理公告或公示版
PL018,PL018_广东台塑智能科技有限公司新建项目_01_受理公告或公示版.pdf,21,1,2,完整,1.0,"8 | 《广东省生态环境厅关于印发<广东省生态环境保护“十四五”规划>的通知》（粤环
〔2021〕10号）",,解析文本拼接_表格清洗增强_01_001-020.md,017_广东台塑智能科技有限公司新建项目_01_受理公告或公示版
PL018,PL018_广东台塑智能科技有限公司新建项目_01_受理公告或公示版.pdf,21,1,3,完整,1.0,"8.1 | 大力推进低VOCs含量原辅材料源头替
代，严格落实国家和地方产品VOCs含
量限值质量标准，禁止建设生产和使用
高VOCs含量的溶剂型涂料、油墨、胶
粘剂等项目。严格实施VOCs排放企业
分级管理，全面推进涉VOCs排放企业
深度治理。开展中小型企业废气收集和
治理设施建设、运行情况的评估，强化
对企业涉VOCs生产车间/工序废气的
收集管理，推",,解析文本拼接_表格清洗增强_01_001-020.md,017_广东台塑智能科技有限公司新建项目_01_受理公告或公示版
PL018,PL018_广东台塑智能科技有限公司新建项目_01_受理公告或公示版.pdf,21,1,4,完整,1.0,"9 | 《佛山市生态环境局关于印发<佛山市生态环境保护“十四五”规划>的通知》（佛环
〔2022〕3号）",,解析文本拼接_表格清洗增强_01_001-020.md,017_广东台塑智能科技有限公司新建项目_01_受理公告或公示版
PL018,PL018_广东台塑智能科技有限公司新建项目_01_受理公告或公示版.pdf,21,1,5,完整,1.0,"9.1 | 严格控制“高耗能、高排放”项目盲目发
展，禁止新建、扩建水泥、平板玻璃、
化学制浆、生皮制革以及国家规划外的
钢铁、原油加工等项目。专业电镀、印
染等项目进入定点园区集中管理。 | 项目不属于“高耗能、高排放”项目。 | 符合",,解析文本拼接_表格清洗增强_01_001-020.md,017_广东台塑智能科技有限公司新建项目_01_受理公告或公示版
PL018,PL018_广东台塑智能科技有限公司新建项目_01_受理公告或公示版.pdf,21,1,7,完整,1.0,"9.3 | 实施VOCs分级和清单化管控。建立并
动态更新涉VOCs重点企业分级管理台
账，在典型行业建立治理样板并推广实
施。对家具、凹版印刷行业（除瓦楞纸
印刷）、铝型材（氟碳喷涂）等VOCs
排放重点行业进行严格监管，建立实施 | 项目所用涉VOCs原辅材料满足低
挥发性要求。
本项目注塑废气经集气罩收集后
通过活性炭吸附废气处理设施进
行处理，处理达",,解析文本拼接_表格清洗增强_01_001-020.md,017_广东台塑智能科技有限公司新建项目_01_受理公告或公示版
PL018,PL018_广东台塑智能科技有限公司新建项目_01_受理公告或公示版.pdf,21,2,25,疑似缺失,0.5,8.1 | 分级管理，全面推进涉VOCs排放企业 暂无法替代。本项目有机废气经集 符合,分级管理，全面推进涉VOCs排放企业 暂无法替代。本项目有机废气经集 符合,解析文本拼接_表格清洗增强_01_001-020.md,017_广东台塑智能科技有限公司新建项目_01_受理公告或公示版
PL018,PL018_广东台塑智能科技有限公司新建项目_01_受理公告或公示版.pdf,21,2,36,疑似缺失,0.5,9.1 | 化学制浆、生皮制革以及国家规划外的 项目不属于“高耗能、高排放”项目。 符合,化学制浆、生皮制革以及国家规划外的 项目不属于“高耗能、高排放”项目。 符合,解析文本拼接_表格清洗增强_01_001-020.md,017_广东台塑智能科技有限公司新建项目_01_受理公告或公示版
PL018,PL018_广东台塑智能科技有限公司新建项目_01_受理公告或公示版.pdf,21,2,48,疑似缺失,0.5,9.2 | 涂料。严格落实《挥发性有机物无组织 符合,涂料。严格落实《挥发性有机物无组织 符合,解析文本拼接_表格清洗增强_01_001-020.md,017_广东台塑智能科技有限公司新建项目_01_受理公告或公示版
PL018,PL018_广东台塑智能科技有限公司新建项目_01_受理公告或公示版.pdf,22,1,2,完整,1.0,"10 | 《佛山市顺德区人民政府办公室关于印发<佛山市顺德区生态环境保护“十四五”规
划（2021-2025）>的通知》(顺府办发〔2022〕16号)",,解析文本拼接_表格清洗增强_01_001-020.md,017_广东台塑智能科技有限公司新建项目_01_受理公告或公示版
PL018,PL018_广东台塑智能科技有限公司新建项目_01_受理公告或公示版.pdf,22,1,3,完整,1.0,"10.1 | 持续探寻高效节能的VOCs治理技术，
对采用低温等离子、光氧化、光催化等
低效治理工艺的企业在臭氧污染天气
应对期间实施停限产或错峰生产，并推
动企业逐步淘汰低效治理工艺。 | 项目采用活性炭吸附装置处理有
机废气，未采用淘汰的低效治理设
施。 | 符合",,解析文本拼接_表格清洗增强_01_001-020.md,017_广东台塑智能科技有限公司新建项目_01_受理公告或公示版
PL018,PL018_广东台塑智能科技有限公司新建项目_01_受理公告或公示版.pdf,22,1,4,完整,1.0,11 | 《挥发性有机物无组织排放控制标准〉（GB37822-2019）,,解析文本拼接_表格清洗增强_01_001-020.md,017_广东台塑智能科技有限公司新建项目_01_受理公告或公示版
PL018,PL018_广东台塑智能科技有限公司新建项目_01_受理公告或公示版.pdf,22,1,5,完整,1.0,"11.1 | VOCs质量占比大于等于10%的含
VOCs产品，其使用过程应采用密闭设
备或在密闭空间内操作，废气应排至
VOCs废气处理收集系统；无法密闭的，
应采取局部收集措施，废气应排至
VOCs废气收集处理系统。 | 本项目有机废气经集气罩收集后
通过活性炭吸附废气处理设施进
行处理，处理达标后通过排气筒G1
（24m）引至楼顶排放。 | 符合",,解析文本拼接_表格清洗增强_01_001-020.md,017_广东台塑智能科技有限公司新建项目_01_受理公告或公示版
PL018,PL018_广东台塑智能科技有限公司新建项目_01_受理公告或公示版.pdf,22,1,6,完整,1.0,"11.2 | VOCs废气收集处理系统应与生产工艺
设备同步运行。VOCs废气收集处理系
统发生故障或检修时，对应的生产工艺
设备应停止运行，待检修完毕后同步投
入使用。 | 项目产生VOCs的加工过程必须开
启风机，有效减少无组织排放废
气。废气收集处理系统发生故障或
检修时，产生VOCs的工序停止运
行，待检修完毕后再投入生产 | 符合",,解析文本拼接_表格清洗增强_01_001-020.md,017_广东台塑智能科技有限公司新建项目_01_受理公告或公示版
PL018,PL018_广东台塑智能科技有限公司新建项目_01_受理公告或公示版.pdf,22,1,7,完整,1.0,"11.3 | 企业应建立台账，记录含VOCs原辅材
料和含VOCs产品的名称、使用量、回
收量、废弃量、去向以及VOCs含量等
信息。台账保存期限不少于3年。 | 企业拟建立台账，记录含VOCs原
辅材料和含VOCs产品的名称、使
用量、回收量、废弃量、去向以及
VOCs含量等信息。台账保存期限
不少于3年。 | 符合",,解析文本拼接_表格清洗增强_01_001-020.md,017_广东台塑智能科技有限公司新建项目_01_受理公告或公示版
PL018,PL018_广东台塑智能科技有限公司新建项目_01_受理公告或公示版.pdf,22,1,8,完整,1.0,"11.4 | VOCs废气收集处理系统应与生产工艺
设备同步运行。VOCs废气收集处理系
统发生故障或检修时，对应的生产工艺
设备应停止运行，待检修完毕后同步投
入使用；生产工艺设备不能停止运行或
不能及时停止运行的，应设置废气应急
处理设施或采取其他替代措施。 | VOCs废气收集处理系统应与生产
工艺设备同步运行。VOCs废气收
集处理系统发生故障或检修",,解析文本拼接_表格清洗增强_01_001-020.md,017_广东台塑智能科技有限公司新建项目_01_受理公告或公示版
PL018,PL018_广东台塑智能科技有限公司新建项目_01_受理公告或公示版.pdf,22,1,9,完整,1.0,"11.5 | 废气收集系统的输送管道应密闭。废气
收集系统应在负压下运行，若处于正压
状态，应对输送管道组件的密封点进行
泄漏检测，泄漏检测值不应超过
500mmol/mol，亦不应有感官可察觉泄
漏。 | 项目废气收集系统的输送管道均
密闭，废气收集系统在负压下运
行。 | 符合",,解析文本拼接_表格清洗增强_01_001-020.md,017_广东台塑智能科技有限公司新建项目_01_受理公告或公示版
PL018,PL018_广东台塑智能科技有限公司新建项目_01_受理公告或公示版.pdf,22,1,10,完整,1.0,"11.6 | VOCs废气收集处理系统污染物排放应
符合GB16297或相关行业排放标准的
规定。
收集的废气中NMHC初始排放速率
≥3kg/h时，应配置VOCs处理设施，处
理效率不应低于80%；对于重点地区，
收集的废气中NMHC初始排放速率
≥2kg/h时，应配置VOCs处理设施，处
理效率不应低于80%；采用的原辅材料
符合国家有关低VOCs含量产",,解析文本拼接_表格清洗增强_01_001-020.md,017_广东台塑智能科技有限公司新建项目_01_受理公告或公示版
PL018,PL018_广东台塑智能科技有限公司新建项目_01_受理公告或公示版.pdf,22,2,11,完整,1.0,划（2021-2025）>的通知 | 》(顺府办发〔2022〕16号),,解析文本拼接_表格清洗增强_01_001-020.md,017_广东台塑智能科技有限公司新建项目_01_受理公告或公示版
PL018,PL018_广东台塑智能科技有限公司新建项目_01_受理公告或公示版.pdf,22,2,13,完整,1.0,对采用低温等离子、光氧化、光催化等 | 项目采用活性炭吸附装置处理有,,解析文本拼接_表格清洗增强_01_001-020.md,017_广东台塑智能科技有限公司新建项目_01_受理公告或公示版
PL018,PL018_广东台塑智能科技有限公司新建项目_01_受理公告或公示版.pdf,22,2,14,完整,1.0,10.1 | 低效治理工艺的企业在臭氧污染天气 | 机废气，未采用淘汰的低效治理设 | 符合,,解析文本拼接_表格清洗增强_01_001-020.md,017_广东台塑智能科技有限公司新建项目_01_受理公告或公示版
PL018,PL018_广东台塑智能科技有限公司新建项目_01_受理公告或公示版.pdf,22,2,17,完整,1.0,11 | 《挥发性有机物无组织排放控 | 制标准〉（GB37822-2019）,,解析文本拼接_表格清洗增强_01_001-020.md,017_广东台塑智能科技有限公司新建项目_01_受理公告或公示版
PL018,PL018_广东台塑智能科技有限公司新建项目_01_受理公告或公示版.pdf,22,2,19,完整,1.0,VOCs产品，其使用过程应采用密闭设 | 本项目有机废气经集气罩收集后,,解析文本拼接_表格清洗增强_01_001-020.md,017_广东台塑智能科技有限公司新建项目_01_受理公告或公示版
PL018,PL018_广东台塑智能科技有限公司新建项目_01_受理公告或公示版.pdf,22,2,20,完整,1.0,备或在密闭空间内操作，废气应排至 | 通过活性炭吸附废气处理设施进,,解析文本拼接_表格清洗增强_01_001-020.md,017_广东台塑智能科技有限公司新建项目_01_受理公告或公示版
PL018,PL018_广东台塑智能科技有限公司新建项目_01_受理公告或公示版.pdf,22,2,21,完整,1.0,11.1 | 符合,,解析文本拼接_表格清洗增强_01_001-020.md,017_广东台塑智能科技有限公司新建项目_01_受理公告或公示版
PL018,PL018_广东台塑智能科技有限公司新建项目_01_受理公告或公示版.pdf,22,2,22,完整,1.0,VOCs废气处理收集系统；无法密闭的， | 行处理，处理达标后通过排气筒G1,,解析文本拼接_表格清洗增强_01_001-020.md,017_广东台塑智能科技有限公司新建项目_01_受理公告或公示版
PL018,PL018_广东台塑智能科技有限公司新建项目_01_受理公告或公示版.pdf,22,2,23,完整,1.0,应采取局部收集措施，废气应排至 | （24m）引至楼顶排放。,,解析文本拼接_表格清洗增强_01_001-020.md,017_广东台塑智能科技有限公司新建项目_01_受理公告或公示版
PL018,PL018_广东台塑智能科技有限公司新建项目_01_受理公告或公示版.pdf,22,2,25,完整,1.0,VOCs废气收集处理系统应与生产工艺 | 项目产生VOCs的加工过程必须开,,解析文本拼接_表格清洗增强_01_001-020.md,017_广东台塑智能科技有限公司新建项目_01_受理公告或公示版
PL018,PL018_广东台塑智能科技有限公司新建项目_01_受理公告或公示版.pdf,22,2,26,完整,1.0,设备同步运行。VOCs废气收集处理系 | 启风机，有效减少无组织排放废,,解析文本拼接_表格清洗增强_01_001-020.md,017_广东台塑智能科技有限公司新建项目_01_受理公告或公示版
PL018,PL018_广东台塑智能科技有限公司新建项目_01_受理公告或公示版.pdf,22,2,27,完整,1.0,11.2 | 统发生故障或检修时，对应的生产工艺 | 气。废气收集处理系统发生故障或 | 符合,,解析文本拼接_表格清洗增强_01_001-020.md,017_广东台塑智能科技有限公司新建项目_01_受理公告或公示版
PL018,PL018_广东台塑智能科技有限公司新建项目_01_受理公告或公示版.pdf,22,2,28,完整,1.0,设备应停止运行，待检修完毕后同步投 | 检修时，产生VOCs的工序停止运,,解析文本拼接_表格清洗增强_01_001-020.md,017_广东台塑智能科技有限公司新建项目_01_受理公告或公示版
PL018,PL018_广东台塑智能科技有限公司新建项目_01_受理公告或公示版.pdf,22,2,31,疑似缺失,0.5,企业应建立台账，记录含 原辅材 | VOCs,企业应建立台账，记录含 原辅材,解析文本拼接_表格清洗增强_01_001-020.md,017_广东台塑智能科技有限公司新建项目_01_受理公告或公示版
PL018,PL018_广东台塑智能科技有限公司新建项目_01_受理公告或公示版.pdf,22,2,32,疑似缺失,0.5,VOCs | 辅材料和含 产品的名称、使,辅材料和含 产品的名称、使,解析文本拼接_表格清洗增强_01_001-020.md,017_广东台塑智能科技有限公司新建项目_01_受理公告或公示版
PL018,PL018_广东台塑智能科技有限公司新建项目_01_受理公告或公示版.pdf,22,2,33,完整,1.0,料和含VOCs产品的名称、使用量、回 | VOCs,,解析文本拼接_表格清洗增强_01_001-020.md,017_广东台塑智能科技有限公司新建项目_01_受理公告或公示版
PL018,PL018_广东台塑智能科技有限公司新建项目_01_受理公告或公示版.pdf,22,2,34,部分,0.75,11.3 | 收量、废弃量、去向以及 含量等 | 用量、回收量、废弃量、去向以及 | 符合,收量、废弃量、去向以及 含量等,解析文本拼接_表格清洗增强_01_001-020.md,017_广东台塑智能科技有限公司新建项目_01_受理公告或公示版
PL018,PL018_广东台塑智能科技有限公司新建项目_01_受理公告或公示版.pdf,22,2,35,完整,1.0,VOCs | 含量等信息。台账保存期限,,解析文本拼接_表格清洗增强_01_001-020.md,017_广东台塑智能科技有限公司新建项目_01_受理公告或公示版
PL018,PL018_广东台塑智能科技有限公司新建项目_01_受理公告或公示版.pdf,22,2,36,疑似缺失,0.5,信息。台账保存期限不少于 年。 | VOCs,信息。台账保存期限不少于 年。,解析文本拼接_表格清洗增强_01_001-020.md,017_广东台塑智能科技有限公司新建项目_01_受理公告或公示版
PL018,PL018_广东台塑智能科技有限公司新建项目_01_受理公告或公示版.pdf,22,2,37,疑似缺失,0.5,3 | 不少于 年。,不少于 年。,解析文本拼接_表格清洗增强_01_001-020.md,017_广东台塑智能科技有限公司新建项目_01_受理公告或公示版
PL018,PL018_广东台塑智能科技有限公司新建项目_01_受理公告或公示版.pdf,22,2,40,完整,1.0,设备同步运行。VOCs废气收集处理系 | VOCs废气收集处理系统应与生产,,解析文本拼接_表格清洗增强_01_001-020.md,017_广东台塑智能科技有限公司新建项目_01_受理公告或公示版
PL018,PL018_广东台塑智能科技有限公司新建项目_01_受理公告或公示版.pdf,22,2,41,完整,1.0,统发生故障或检修时，对应的生产工艺 | 工艺设备同步运行。VOCs废气收,,解析文本拼接_表格清洗增强_01_001-020.md,017_广东台塑智能科技有限公司新建项目_01_受理公告或公示版
PL018,PL018_广东台塑智能科技有限公司新建项目_01_受理公告或公示版.pdf,22,2,42,完整,1.0,11.4 | 设备应停止运行，待检修完毕后同步投 | 集处理系统发生故障或检修时，对 | 符合,,解析文本拼接_表格清洗增强_01_001-020.md,017_广东台塑智能科技有限公司新建项目_01_受理公告或公示版
PL018,PL018_广东台塑智能科技有限公司新建项目_01_受理公告或公示版.pdf,22,2,43,完整,1.0,入使用；生产工艺设备不能停止运行或 | 应的生产工艺设备应停止运行，待,,解析文本拼接_表格清洗增强_01_001-020.md,017_广东台塑智能科技有限公司新建项目_01_受理公告或公示版
PL018,PL018_广东台塑智能科技有限公司新建项目_01_受理公告或公示版.pdf,22,2,44,完整,1.0,不能及时停止运行的，应设置废气应急 | 检修完毕后同步投入使用。,,解析文本拼接_表格清洗增强_01_001-020.md,017_广东台塑智能科技有限公司新建项目_01_受理公告或公示版
PL018,PL018_广东台塑智能科技有限公司新建项目_01_受理公告或公示版.pdf,22,2,50,完整,1.0,11.5 | 泄漏检测，泄漏检测值不应超过 | 密闭，废气收集系统在负压下运 | 符合,,解析文本拼接_表格清洗增强_01_001-020.md,017_广东台塑智能科技有限公司新建项目_01_受理公告或公示版
PL018,PL018_广东台塑智能科技有限公司新建项目_01_受理公告或公示版.pdf,22,2,55,完整,1.0,VOCs | 项目生产过程中需使用少量高挥,,解析文本拼接_表格清洗增强_01_001-020.md,017_广东台塑智能科技有限公司新建项目_01_受理公告或公示版
PL018,PL018_广东台塑智能科技有限公司新建项目_01_受理公告或公示版.pdf,22,2,56,完整,1.0,符合GB16297或相关行业排放标准的 | 发性有机物原辅材料（油性油墨、,,解析文本拼接_表格清洗增强_01_001-020.md,017_广东台塑智能科技有限公司新建项目_01_受理公告或公示版
PL018,PL018_广东台塑智能科技有限公司新建项目_01_受理公告或公示版.pdf,22,2,58,完整,1.0,收集的废气中NMHC初始排放速率 | 使用的高挥发性有机物原辅材料,,解析文本拼接_表格清洗增强_01_001-020.md,017_广东台塑智能科技有限公司新建项目_01_受理公告或公示版
PL018,PL018_广东台塑智能科技有限公司新建项目_01_受理公告或公示版.pdf,22,2,60,疑似缺失,0.667,≥3kg/h VOCs | 暂无法替代。本项目有机废气经集 | 符合,≥3kg/h VOCs,解析文本拼接_表格清洗增强_01_001-020.md,017_广东台塑智能科技有限公司新建项目_01_受理公告或公示版
PL018,PL018_广东台塑智能科技有限公司新建项目_01_受理公告或公示版.pdf,22,2,62,完整,1.0,理效率不应低于80%；对于重点地区， | 气罩收集后通过活性炭吸附废气,,解析文本拼接_表格清洗增强_01_001-020.md,017_广东台塑智能科技有限公司新建项目_01_受理公告或公示版
PL018,PL018_广东台塑智能科技有限公司新建项目_01_受理公告或公示版.pdf,22,2,63,完整,1.0,收集的废气中NMHC初始排放速率 | 处理设施进行处理，处理达标后通,,解析文本拼接_表格清洗增强_01_001-020.md,017_广东台塑智能科技有限公司新建项目_01_受理公告或公示版
PL018,PL018_广东台塑智能科技有限公司新建项目_01_受理公告或公示版.pdf,22,2,64,疑似缺失,0.5,≥2kg/h时，应配置VOCs处理设施，处 | 过排气筒 （ ）引至楼顶排放，,过排气筒 （ ）引至楼顶排放，,解析文本拼接_表格清洗增强_01_001-020.md,017_广东台塑智能科技有限公司新建项目_01_受理公告或公示版
PL018,PL018_广东台塑智能科技有限公司新建项目_01_受理公告或公示版.pdf,22,2,65,疑似缺失,0.0,理效率不应低于 ；采用的原辅材料 | G1 24m,理效率不应低于 ；采用的原辅材料；G1 24m,解析文本拼接_表格清洗增强_01_001-020.md,017_广东台塑智能科技有限公司新建项目_01_受理公告或公示版
PL018,PL018_广东台塑智能科技有限公司新建项目_01_受理公告或公示版.pdf,22,2,66,完整,1.0,80% | 保证有机废气达标排放。,,解析文本拼接_表格清洗增强_01_001-020.md,017_广东台塑智能科技有限公司新建项目_01_受理公告或公示版
PL018,PL018_广东台塑智能科技有限公司新建项目_01_受理公告或公示版.pdf,23,1,2,完整,1.0,"12 | 《关于印发<广东省涉挥发性有机物（VOCs）重点行业治理指引>的通知》（粤环办
〔2021〕43号）",,解析文本拼接_表格清洗增强_01_001-020.md,017_广东台塑智能科技有限公司新建项目_01_受理公告或公示版
PL018,PL018_广东台塑智能科技有限公司新建项目_01_受理公告或公示版.pdf,23,1,3,完整,1.0,"12.1 | 源头削减
溶剂型油墨：VOCs含量≤75%。 | 本项目使用的油性油墨为溶剂型
油墨，VOCs含量为60%",,解析文本拼接_表格清洗增强_01_001-020.md,017_广东台塑智能科技有限公司新建项目_01_受理公告或公示版
PL018,PL018_广东台塑智能科技有限公司新建项目_01_受理公告或公示版.pdf,23,2,3,疑似缺失,0.5,12 | 〔 〕 号）,〔 〕 号）,解析文本拼接_表格清洗增强_01_001-020.md,017_广东台塑智能科技有限公司新建项目_01_受理公告或公示版
PL018,PL018_广东台塑智能科技有限公司新建项目_01_受理公告或公示版.pdf,23,2,6,疑似缺失,0.5,12.1 | 溶剂型油墨： 含量 。 油墨， 含量为,溶剂型油墨： 含量 。 油墨， 含量为,解析文本拼接_表格清洗增强_01_001-020.md,017_广东台塑智能科技有限公司新建项目_01_受理公告或公示版
PL018,PL018_广东台塑智能科技有限公司新建项目_01_受理公告或公示版.pdf,23,2,34,疑似缺失,0.5,"12.2 | 闭的包装袋进行物料转移。
气排至VOCs废气收集处理系统。","闭的包装袋进行物料转移。
气排至VOCs废气收集处理系统。",解析文本拼接_表格清洗增强_01_001-020.md,017_广东台塑智能科技有限公司新建项目_01_受理公告或公示版
PL018,PL018_广东台塑智能科技有限公司新建项目_01_受理公告或公示版.pdf,24,3,3,完整,1.0,"1.1 | 排放量在50吨/日以上的工业废水退出城市
生活污水处理厂（大良街道和伦教街道，五
沙污水处理厂除外）；排放量在100吨/日以
上的工业废水退出城镇生活污水处理厂（其
他镇街） | 项目废水排入北滘污水处理厂，间接
循环冷却水定期排水可作为清净下水
通过市政雨水管网排放；直接循环冷
却水定期交由佛山市科源达环保污水
处理有限公司回收处理。",,解析文本拼接_表格清洗增强_01_001-020.md,017_广东台塑智能科技有限公司新建项目_01_受理公告或公示版
PL018,PL018_广东台塑智能科技有限公司新建项目_01_受理公告或公示版.pdf,25,2,1,完整,1.0,"1.2 | 工业园区集中处理设施尾水全部退出城镇生
活污水处理系统 | 项目废水处理设施不属于工业园区集
中处理设施。",,解析文本拼接_表格清洗增强_01_001-020.md,017_广东台塑智能科技有限公司新建项目_01_受理公告或公示版
PL018,PL018_广东台塑智能科技有限公司新建项目_01_受理公告或公示版.pdf,25,2,2,完整,1.0,"1.3 | 冶金、电镀、化工、印染、原料药制造行业
工业废水全部退出城镇生活污水处理系统 | 项目不属于冶金、电镀、化工、印染、
原料药制造行业。",,解析文本拼接_表格清洗增强_01_001-020.md,017_广东台塑智能科技有限公司新建项目_01_受理公告或公示版
PL018,PL018_广东台塑智能科技有限公司新建项目_01_受理公告或公示版.pdf,25,2,3,完整,1.0,"1.4 | 发酵酒精和白酒、啤酒、味精、制糖；淀粉、
酵母、柠檬酸；肉类加工；预制菜等制造业
工业企业废水不退出城镇生活污水处理系统 | 项目不属于发酵酒精和白酒、啤酒、
味精、制糖；淀粉、酵母、柠檬酸；
肉类加工；预制菜等制造业工业。",,解析文本拼接_表格清洗增强_01_001-020.md,017_广东台塑智能科技有限公司新建项目_01_受理公告或公示版
PL018,PL018_广东台塑智能科技有限公司新建项目_01_受理公告或公示版.pdf,25,2,4,完整,1.0,"1.5 | 其他行业含重金属、难生化降解、有生物毒性、易燃易爆、高盐分、重油脂等超城
镇生活污水处理厂接收能力，以及间接冷却的清净下水等过低浓度生产废水（以下
简称“6+1”类废水）退出城镇生活污水处理系统，以排水单元接入市政污水管网处水
质情况进行判定。",,解析文本拼接_表格清洗增强_01_001-020.md,017_广东台塑智能科技有限公司新建项目_01_受理公告或公示版
PL018,PL018_广东台塑智能科技有限公司新建项目_01_受理公告或公示版.pdf,25,2,5,完整,1.0,"（1）含重金属：总汞>0.005mg/L、总镉
>0.05mg/L、总铬>1.5mg/L、六价铬>0.5mg/L、
总砷>0.3mg/L、总铅>0.5mg/L、总镍>1mg/L、
总铍>0.005mg/L、总银>0.5mg/L、总硒
>0.5mg/L、总铜>2mg/L、总锌>5mg/L、总锰
>5mg/L、总铁>10mg/L | 项目不涉及。",,解析文本拼接_表格清洗增强_01_001-020.md,017_广东台塑智能科技有限公司新建项目_01_受理公告或公示版
PL018,PL018_广东台塑智能科技有限公司新建项目_01_受理公告或公示版.pdf,25,2,6,完整,1.0,"（2）难生化降解：进入城市生活污水处理厂
BOD<100mg/L，进入非城市生活污水处理厂
BOD/COD<0.3 | 项目生活污水排入北滘污水处理厂，
间接循环冷却水定期排水可作为清净
下水通过市政雨水管网排放；直接循
环冷却水定期交由佛山市科源达环保
污水处理有限公司回收处理。",,解析文本拼接_表格清洗增强_01_001-020.md,017_广东台塑智能科技有限公司新建项目_01_受理公告或公示版
PL018,PL018_广东台塑智能科技有限公司新建项目_01_受理公告或公示版.pdf,25,2,7,完整,1.0,"（3）有生物毒性：总氰化物>0.5mg/L、总余
氯（以Cl2 计）>8mg/L、可吸附有机卤化物
（AOX，以 Cl 计）>8mg/L、有机磷农药
>0.5mg/L | 项目不涉及。",,解析文本拼接_表格清洗增强_01_001-020.md,017_广东台塑智能科技有限公司新建项目_01_受理公告或公示版
PL018,PL018_广东台塑智能科技有限公司新建项目_01_受理公告或公示版.pdf,25,2,8,完整,1.0,"（4）易燃易爆：挥发酚>1mg/L、苯系物
>2.5mg/L、苯胺类>5mg/L、硝基苯类>5mg/L、
甲醛>5mg/L、三氯甲烷>1mg/L、四氯化碳
>0.5mg/L、三氯乙烯>1mg/L、四氯乙烯
>1mg/L、五氯酚>5mg/L | 项目不涉及。",,解析文本拼接_表格清洗增强_01_001-020.md,017_广东台塑智能科技有限公司新建项目_01_受理公告或公示版
PL018,PL018_广东台塑智能科技有限公司新建项目_01_受理公告或公示版.pdf,25,2,9,完整,1.0,（5）高盐分：溶解性总固体>2000mg/L | 项目不涉及。,,解析文本拼接_表格清洗增强_01_001-020.md,017_广东台塑智能科技有限公司新建项目_01_受理公告或公示版
PL018,PL018_广东台塑智能科技有限公司新建项目_01_受理公告或公示版.pdf,25,2,10,完整,1.0,"（6）重油脂：动植物油>100mg/L、石油类
>15mg/L | 项目不涉及。",,解析文本拼接_表格清洗增强_01_001-020.md,017_广东台塑智能科技有限公司新建项目_01_受理公告或公示版
PL018,PL018_广东台塑智能科技有限公司新建项目_01_受理公告或公示版.pdf,26,2,2,完整,1.0,"主体工程 | 厂房1
栋 | 一层 | 单层面积
约
5162.06m2 | 车间层高6.8米，主要用作注塑区、破碎
区、模具维修区使用，车间部分区域外租
给明伦公司使用",,解析文本拼接_表格清洗增强_01_001-020.md,017_广东台塑智能科技有限公司新建项目_01_受理公告或公示版
PL018,PL018_广东台塑智能科技有限公司新建项目_01_受理公告或公示版.pdf,26,2,3,完整,1.0,"二层 | 车间层高4.3米，主要用作混料区、组装
区、物料放置区使用，车间部分区域外租
给明伦公司使用",,解析文本拼接_表格清洗增强_01_001-020.md,017_广东台塑智能科技有限公司新建项目_01_受理公告或公示版
PL018,PL018_广东台塑智能科技有限公司新建项目_01_受理公告或公示版.pdf,26,2,4,完整,1.0,"三层 | 车间层高4.3米，主要用印刷区、物料放
置区使用，车间部分区域外租给明伦公司
使用",,解析文本拼接_表格清洗增强_01_001-020.md,017_广东台塑智能科技有限公司新建项目_01_受理公告或公示版
PL018,PL018_广东台塑智能科技有限公司新建项目_01_受理公告或公示版.pdf,26,2,5,完整,1.0,"四层 | 车间层高3.8米，主要用作电线生产区、
组装区使用，车间部分区域外租给明伦公
司使用",,解析文本拼接_表格清洗增强_01_001-020.md,017_广东台塑智能科技有限公司新建项目_01_受理公告或公示版
PL018,PL018_广东台塑智能科技有限公司新建项目_01_受理公告或公示版.pdf,26,2,6,完整,1.0,"五层 | 车间层高3.8米，主要用作物料放置区、
办公区使用，车间部分区域外租给明伦公
司使用",,解析文本拼接_表格清洗增强_01_001-020.md,017_广东台塑智能科技有限公司新建项目_01_受理公告或公示版
PL018,PL018_广东台塑智能科技有限公司新建项目_01_受理公告或公示版.pdf,26,3,2,完整,1.0,电 | 线的生产，年产轿车塑 | 料配件960 | 万套、小家 | 电塑料组装件960万套、电线3.5万卷。,,解析文本拼接_表格清洗增强_01_001-020.md,017_广东台塑智能科技有限公司新建项目_01_受理公告或公示版
PL018,PL018_广东台塑智能科技有限公司新建项目_01_受理公告或公示版.pdf,26,3,4,完整,1.0,第 | 682号《国务院关于修 | 改〈建设项 | 目环境保护管 | 理条例〉的决定》等有关法律法规的规定，,,解析文本拼接_表格清洗增强_01_001-020.md,017_广东台塑智能科技有限公司新建项目_01_受理公告或公示版
PL018,PL018_广东台塑智能科技有限公司新建项目_01_受理公告或公示版.pdf,26,3,5,完整,1.0,本 | 项目须执行环境影响审 | 批制度。根 | 据《建设项目 | 环境影响评价分类管理名录》（2021年版，,,解析文本拼接_表格清洗增强_01_001-020.md,017_广东台塑智能科技有限公司新建项目_01_受理公告或公示版
PL018,PL018_广东台塑智能科技有限公司新建项目_01_受理公告或公示版.pdf,26,3,6,完整,1.0,自 | 2021年1月1日起施行 | ），本项 | 目轿车塑料配 | 件、小家电塑料组装件产品属于“橡胶和塑,,解析文本拼接_表格清洗增强_01_001-020.md,017_广东台塑智能科技有限公司新建项目_01_受理公告或公示版
PL018,PL018_广东台塑智能科技有限公司新建项目_01_受理公告或公示版.pdf,26,3,7,完整,1.0,料 | 制品业，53塑料制品业 | ”中的“其 | 他（年用非溶 | 剂型低VOCs含量涂料10吨以下的除外）”，,,解析文本拼接_表格清洗增强_01_001-020.md,017_广东台塑智能科技有限公司新建项目_01_受理公告或公示版
PL018,PL018_广东台塑智能科技有限公司新建项目_01_受理公告或公示版.pdf,26,3,8,完整,1.0,需 | 编制建设项目环境影响 | 报告表；本 | 项目电线产品 | 属于“三十五、电气机械和器材制造业77,,解析文本拼接_表格清洗增强_01_001-020.md,017_广东台塑智能科技有限公司新建项目_01_受理公告或公示版
PL018,PL018_广东台塑智能科技有限公司新建项目_01_受理公告或公示版.pdf,26,3,10,完整,1.0,型 | 低VOCs含量涂料10吨 | 以下的除 | 外）”，需编 | 制建设项目环境影响报告表。综上，需编制,,解析文本拼接_表格清洗增强_01_001-020.md,017_广东台塑智能科技有限公司新建项目_01_受理公告或公示版
PL018,PL018_广东台塑智能科技有限公司新建项目_01_受理公告或公示版.pdf,26,3,16,完整,1.0,内 | 表2 | -1 项目工 | 程组成情况,,解析文本拼接_表格清洗增强_01_001-020.md,017_广东台塑智能科技有限公司新建项目_01_受理公告或公示版
PL018,PL018_广东台塑智能科技有限公司新建项目_01_受理公告或公示版.pdf,26,3,26,部分,0.75,"1
主体工程 | 三层 | 约 | 置区使用，车间部分区域外租给明伦公司","1
主体工程",解析文本拼接_表格清洗增强_01_001-020.md,017_广东台塑智能科技有限公司新建项目_01_受理公告或公示版
PL018,PL018_广东台塑智能科技有限公司新建项目_01_受理公告或公示版.pdf,26,3,28,完整,1.0,5162.06m2 | 使用,,解析文本拼接_表格清洗增强_01_001-020.md,017_广东台塑智能科技有限公司新建项目_01_受理公告或公示版
PL018,PL018_广东台塑智能科技有限公司新建项目_01_受理公告或公示版.pdf,27,2,2,完整,1.0,"活性炭吸附废气
处理设施 | 两套 | 对有机废气进行处理",,解析文本拼接_表格清洗增强_01_001-020.md,017_广东台塑智能科技有限公司新建项目_01_受理公告或公示版
PL018,PL018_广东台塑智能科技有限公司新建项目_01_受理公告或公示版.pdf,27,3,2,完整,1.0,产品产量 | 轿车塑料配件 | 万套/年 | 960 | 对应的塑料量约100t/a,,解析文本拼接_表格清洗增强_01_001-020.md,017_广东台塑智能科技有限公司新建项目_01_受理公告或公示版
PL018,PL018_广东台塑智能科技有限公司新建项目_01_受理公告或公示版.pdf,27,3,3,完整,1.0,小家电塑料组装件 | 万套/年 | 960 | 对应的塑料量约2900t/a,,解析文本拼接_表格清洗增强_01_001-020.md,017_广东台塑智能科技有限公司新建项目_01_受理公告或公示版
PL018,PL018_广东台塑智能科技有限公司新建项目_01_受理公告或公示版.pdf,27,3,4,完整,1.0,"电线 | 万卷/年 | 3.5 | 电线长度约610-1000米/
卷，电线中对应的塑料
量约150t/a，对应的铜线
量约950t/a",,解析文本拼接_表格清洗增强_01_001-020.md,017_广东台塑智能科技有限公司新建项目_01_受理公告或公示版
PL018,PL018_广东台塑智能科技有限公司新建项目_01_受理公告或公示版.pdf,27,4,1,完整,1.0,"生产
单元 | 名称 | 单位 | 数量 | 设备参数 | 备注",,解析文本拼接_表格清洗增强_01_001-020.md,017_广东台塑智能科技有限公司新建项目_01_受理公告或公示版
PL018,PL018_广东台塑智能科技有限公司新建项目_01_受理公告或公示版.pdf,27,4,3,完整,1.0,"注塑
成型 | 注塑机 | 台 | 100 | 射胶容量 | 180 | cm3 | /",,解析文本拼接_表格清洗增强_01_001-020.md,017_广东台塑智能科技有限公司新建项目_01_受理公告或公示版
PL018,PL018_广东台塑智能科技有限公司新建项目_01_受理公告或公示版.pdf,27,4,4,完整,1.0,破碎 | 破碎机 | 台 | 10 | 功率 | 7.5 | kw | /,,解析文本拼接_表格清洗增强_01_001-020.md,017_广东台塑智能科技有限公司新建项目_01_受理公告或公示版
PL018,PL018_广东台塑智能科技有限公司新建项目_01_受理公告或公示版.pdf,27,4,5,完整,1.0,混料 | 混料机 | 台 | 20 | 功率 | 7.5 | kw | /,,解析文本拼接_表格清洗增强_01_001-020.md,017_广东台塑智能科技有限公司新建项目_01_受理公告或公示版
PL018,PL018_广东台塑智能科技有限公司新建项目_01_受理公告或公示版.pdf,27,4,6,完整,1.0,"装配 | 装配流水
线 | 条 | 30 | / | / | / | /",,解析文本拼接_表格清洗增强_01_001-020.md,017_广东台塑智能科技有限公司新建项目_01_受理公告或公示版
PL018,PL018_广东台塑智能科技有限公司新建项目_01_受理公告或公示版.pdf,27,4,7,完整,1.0,印刷 | 丝印机 | 台 | 15 | / | / | / | /,,解析文本拼接_表格清洗增强_01_001-020.md,017_广东台塑智能科技有限公司新建项目_01_受理公告或公示版
PL018,PL018_广东台塑智能科技有限公司新建项目_01_受理公告或公示版.pdf,27,4,8,完整,1.0,烘干 | 烘干机 | 台 | 2 | / | / | / | /,,解析文本拼接_表格清洗增强_01_001-020.md,017_广东台塑智能科技有限公司新建项目_01_受理公告或公示版
PL018,PL018_广东台塑智能科技有限公司新建项目_01_受理公告或公示版.pdf,27,4,9,完整,1.0,"电线
生产 | 拉线生产
线 | 条 | 2 | 线速度 | 200 | m/min | 用于电线生产，
含束丝绞铜、混
料、挤塑、印刷、
绕线功能",,解析文本拼接_表格清洗增强_01_001-020.md,017_广东台塑智能科技有限公司新建项目_01_受理公告或公示版
PL018,PL018_广东台塑智能科技有限公司新建项目_01_受理公告或公示版.pdf,27,4,10,完整,1.0,"设备
维修 | 砂轮机 | 台 | 1 | / | / | / | /",,解析文本拼接_表格清洗增强_01_001-020.md,017_广东台塑智能科技有限公司新建项目_01_受理公告或公示版
PL018,PL018_广东台塑智能科技有限公司新建项目_01_受理公告或公示版.pdf,27,4,11,完整,1.0,钻机 | 台 | 1 | / | / | / | /,,解析文本拼接_表格清洗增强_01_001-020.md,017_广东台塑智能科技有限公司新建项目_01_受理公告或公示版
PL018,PL018_广东台塑智能科技有限公司新建项目_01_受理公告或公示版.pdf,27,4,12,完整,1.0,公用 | 空压机 | 台 | 3 | / | / | / | 辅助设备,,解析文本拼接_表格清洗增强_01_001-020.md,017_广东台塑智能科技有限公司新建项目_01_受理公告或公示版
PL018,PL018_广东台塑智能科技有限公司新建项目_01_受理公告或公示版.pdf,27,4,13,完整,1.0,冷却塔 | 个 | 2 | / | / | / | 辅助设备,,解析文本拼接_表格清洗增强_01_001-020.md,017_广东台塑智能科技有限公司新建项目_01_受理公告或公示版
PL018,PL018_广东台塑智能科技有限公司新建项目_01_受理公告或公示版.pdf,27,5,2,完整,1.0,活 | 性炭 | 吸附废气,,解析文本拼接_表格清洗增强_01_001-020.md,017_广东台塑智能科技有限公司新建项目_01_受理公告或公示版
PL018,PL018_广东台塑智能科技有限公司新建项目_01_受理公告或公示版.pdf,27,5,3,完整,1.0,环保工程 | 两 | 套 | 对 | 有机 | 废气进行 | 处理,,解析文本拼接_表格清洗增强_01_001-020.md,017_广东台塑智能科技有限公司新建项目_01_受理公告或公示版
PL018,PL018_广东台塑智能科技有限公司新建项目_01_受理公告或公示版.pdf,27,5,6,完整,1.0,3、主要 | 产 | 品及 | 产 | 能,,解析文本拼接_表格清洗增强_01_001-020.md,017_广东台塑智能科技有限公司新建项目_01_受理公告或公示版
PL018,PL018_广东台塑智能科技有限公司新建项目_01_受理公告或公示版.pdf,27,5,7,完整,1.0,项目主 | 要产 | 品 | 及年 | 产量见下 | 表2-2。,,解析文本拼接_表格清洗增强_01_001-020.md,017_广东台塑智能科技有限公司新建项目_01_受理公告或公示版
PL018,PL018_广东台塑智能科技有限公司新建项目_01_受理公告或公示版.pdf,27,5,8,完整,1.0,表2 | -2 项 | 目 | 主要产品 | 种类 | 及 | 规模,,解析文本拼接_表格清洗增强_01_001-020.md,017_广东台塑智能科技有限公司新建项目_01_受理公告或公示版
PL018,PL018_广东台塑智能科技有限公司新建项目_01_受理公告或公示版.pdf,27,5,10,完整,1.0,轿 | 车塑料配 | 件 | 万套/年 | 96 | 0 | 对应的 | 塑料量约100t/a,,解析文本拼接_表格清洗增强_01_001-020.md,017_广东台塑智能科技有限公司新建项目_01_受理公告或公示版
PL018,PL018_广东台塑智能科技有限公司新建项目_01_受理公告或公示版.pdf,27,5,11,完整,1.0,小家 | 电塑料组 | 装件 | 万套/年 | 96 | 0 | 对应的塑 | 料量约2900t/a,,解析文本拼接_表格清洗增强_01_001-020.md,017_广东台塑智能科技有限公司新建项目_01_受理公告或公示版
PL018,PL018_广东台塑智能科技有限公司新建项目_01_受理公告或公示版.pdf,27,5,12,完整,1.0,产品产 | 量 | 电线长度 | 约610-1000米/,,解析文本拼接_表格清洗增强_01_001-020.md,017_广东台塑智能科技有限公司新建项目_01_受理公告或公示版
PL018,PL018_广东台塑智能科技有限公司新建项目_01_受理公告或公示版.pdf,27,5,16,完整,1.0,量约150 | t/a，对应的铜线,,解析文本拼接_表格清洗增强_01_001-020.md,017_广东台塑智能科技有限公司新建项目_01_受理公告或公示版
PL018,PL018_广东台塑智能科技有限公司新建项目_01_受理公告或公示版.pdf,27,5,17,完整,1.0,量 | 约950t/a,,解析文本拼接_表格清洗增强_01_001-020.md,017_广东台塑智能科技有限公司新建项目_01_受理公告或公示版
PL018,PL018_广东台塑智能科技有限公司新建项目_01_受理公告或公示版.pdf,27,5,18,完整,1.0,4、主要 | 设 | 备,,解析文本拼接_表格清洗增强_01_001-020.md,017_广东台塑智能科技有限公司新建项目_01_受理公告或公示版
PL018,PL018_广东台塑智能科技有限公司新建项目_01_受理公告或公示版.pdf,27,5,19,完整,1.0,本项目 | 主要 | 设 | 备见 | 表2-3。,,解析文本拼接_表格清洗增强_01_001-020.md,017_广东台塑智能科技有限公司新建项目_01_受理公告或公示版
PL018,PL018_广东台塑智能科技有限公司新建项目_01_受理公告或公示版.pdf,27,5,20,完整,1.0,表 | 2-3 | 项目主要设 | 备一 | 览 | 表,,解析文本拼接_表格清洗增强_01_001-020.md,017_广东台塑智能科技有限公司新建项目_01_受理公告或公示版
PL018,PL018_广东台塑智能科技有限公司新建项目_01_受理公告或公示版.pdf,27,5,21,完整,1.0,生产 | 设备 | 参 | 数,,解析文本拼接_表格清洗增强_01_001-020.md,017_广东台塑智能科技有限公司新建项目_01_受理公告或公示版
PL018,PL018_广东台塑智能科技有限公司新建项目_01_受理公告或公示版.pdf,27,5,25,完整,1.0,注塑 | 机 | 台 | 射胶容量 | 18 | 0 | 3,,解析文本拼接_表格清洗增强_01_001-020.md,017_广东台塑智能科技有限公司新建项目_01_受理公告或公示版
PL018,PL018_广东台塑智能科技有限公司新建项目_01_受理公告或公示版.pdf,27,5,26,完整,1.0,100 | c | m | /,,解析文本拼接_表格清洗增强_01_001-020.md,017_广东台塑智能科技有限公司新建项目_01_受理公告或公示版
PL018,PL018_广东台塑智能科技有限公司新建项目_01_受理公告或公示版.pdf,27,5,28,完整,1.0,破碎 | 破碎 | 机 | 台 | 10 | 功率 | 7.5 | k | w | /,,解析文本拼接_表格清洗增强_01_001-020.md,017_广东台塑智能科技有限公司新建项目_01_受理公告或公示版
PL018,PL018_广东台塑智能科技有限公司新建项目_01_受理公告或公示版.pdf,27,5,29,完整,1.0,混料 | 混料 | 机 | 台 | 20 | 功率 | 7.5 | k | w | /,,解析文本拼接_表格清洗增强_01_001-020.md,017_广东台塑智能科技有限公司新建项目_01_受理公告或公示版
PL018,PL018_广东台塑智能科技有限公司新建项目_01_受理公告或公示版.pdf,27,5,32,完整,1.0,30 | / | / | / | /,,解析文本拼接_表格清洗增强_01_001-020.md,017_广东台塑智能科技有限公司新建项目_01_受理公告或公示版
PL018,PL018_广东台塑智能科技有限公司新建项目_01_受理公告或公示版.pdf,27,5,34,完整,1.0,印刷 | 丝印 | 机 | 台 | 15 | / | / | / | /,,解析文本拼接_表格清洗增强_01_001-020.md,017_广东台塑智能科技有限公司新建项目_01_受理公告或公示版
PL018,PL018_广东台塑智能科技有限公司新建项目_01_受理公告或公示版.pdf,27,5,35,完整,1.0,烘干 | 烘干 | 机 | 台 | 2 | / | / | / | /,,解析文本拼接_表格清洗增强_01_001-020.md,017_广东台塑智能科技有限公司新建项目_01_受理公告或公示版
PL018,PL018_广东台塑智能科技有限公司新建项目_01_受理公告或公示版.pdf,27,5,38,完整,1.0,条 | 2 | 线速度 | 20 | 0 | m/ | min,,解析文本拼接_表格清洗增强_01_001-020.md,017_广东台塑智能科技有限公司新建项目_01_受理公告或公示版
PL018,PL018_广东台塑智能科技有限公司新建项目_01_受理公告或公示版.pdf,27,5,41,完整,1.0,设备 | 砂轮 | 机 | 台 | 1 | / | / | / | /,,解析文本拼接_表格清洗增强_01_001-020.md,017_广东台塑智能科技有限公司新建项目_01_受理公告或公示版
PL018,PL018_广东台塑智能科技有限公司新建项目_01_受理公告或公示版.pdf,27,5,42,完整,1.0,维修 | 钻 | 机 | 台 | 1 | / | / | / | /,,解析文本拼接_表格清洗增强_01_001-020.md,017_广东台塑智能科技有限公司新建项目_01_受理公告或公示版
PL018,PL018_广东台塑智能科技有限公司新建项目_01_受理公告或公示版.pdf,27,5,43,完整,1.0,空压 | 机 | 台 | 3 | / | / | / | 辅助设备,,解析文本拼接_表格清洗增强_01_001-020.md,017_广东台塑智能科技有限公司新建项目_01_受理公告或公示版
PL018,PL018_广东台塑智能科技有限公司新建项目_01_受理公告或公示版.pdf,27,5,45,完整,1.0,冷却 | 塔 | 个 | 2 | / | / | / | 辅助设备,,解析文本拼接_表格清洗增强_01_001-020.md,017_广东台塑智能科技有限公司新建项目_01_受理公告或公示版
PL018,PL018_广东台塑智能科技有限公司新建项目_01_受理公告或公示版.pdf,28,2,1,完整,1.0,"塑料名称 | 原料密度
（g/cm3） | 理论射胶容
量（cm3） | 单次射胶时
间（min） | 生产能力
（kg/h） | 备注",,解析文本拼接_表格清洗增强_01_001-020.md,017_广东台塑智能科技有限公司新建项目_01_受理公告或公示版
PL018,PL018_广东台塑智能科技有限公司新建项目_01_受理公告或公示版.pdf,28,2,2,完整,1.0,"ABS塑料 | 1.06 | 180 | 1 | 11.45 | 本项目ABS
塑料与PP塑
料约按
56:7.19比例
混合使用",,解析文本拼接_表格清洗增强_01_001-020.md,017_广东台塑智能科技有限公司新建项目_01_受理公告或公示版
PL018,PL018_广东台塑智能科技有限公司新建项目_01_受理公告或公示版.pdf,28,2,3,完整,1.0,PP塑料 | 0.9 | 180 | 1 | 9.72,,解析文本拼接_表格清洗增强_01_001-020.md,017_广东台塑智能科技有限公司新建项目_01_受理公告或公示版
PL018,PL018_广东台塑智能科技有限公司新建项目_01_受理公告或公示版.pdf,28,2,4,完整,1.0,以上塑料混合后的生产能力 | 11.25,,解析文本拼接_表格清洗增强_01_001-020.md,017_广东台塑智能科技有限公司新建项目_01_受理公告或公示版
PL018,PL018_广东台塑智能科技有限公司新建项目_01_受理公告或公示版.pdf,28,3,1,完整,1.0,"生产单
元 | 设备参数 | 有效生产
时间（h) | 全年生
产天数
（d) | 关键设
备年产
量（t/a） | 申报
产能
（t/a) | 匹配性",,解析文本拼接_表格清洗增强_01_001-020.md,017_广东台塑智能科技有限公司新建项目_01_受理公告或公示版
PL018,PL018_广东台塑智能科技有限公司新建项目_01_受理公告或公示版.pdf,28,3,2,完整,1.0,"名称 | 数量
（台） | 单台设备
生产能力
（kg/h）",,解析文本拼接_表格清洗增强_01_001-020.md,017_广东台塑智能科技有限公司新建项目_01_受理公告或公示版
PL018,PL018_广东台塑智能科技有限公司新建项目_01_受理公告或公示版.pdf,28,3,3,完整,1.0,"注塑 | 注塑
机 | 100 | 11.25 | 10 | 300 | 3375 | 3000 | 匹配",,解析文本拼接_表格清洗增强_01_001-020.md,017_广东台塑智能科技有限公司新建项目_01_受理公告或公示版
PL018,PL018_广东台塑智能科技有限公司新建项目_01_受理公告或公示版.pdf,28,4,1,部分,0.857,"生产单
元 | 设备参数 | 有效生产
时间（h) | 全年生
产天数
（d） | 关键设
备年产
量（万m/a | 申报
产能
）（万m/a) | 匹配性","申报
产能
）（万m/a)",解析文本拼接_表格清洗增强_01_001-020.md,017_广东台塑智能科技有限公司新建项目_01_受理公告或公示版
PL018,PL018_广东台塑智能科技有限公司新建项目_01_受理公告或公示版.pdf,28,4,2,完整,1.0,"名称 | 数量
（条） | 单台设备
生产能力
（m/min）",,解析文本拼接_表格清洗增强_01_001-020.md,017_广东台塑智能科技有限公司新建项目_01_受理公告或公示版
PL018,PL018_广东台塑智能科技有限公司新建项目_01_受理公告或公示版.pdf,28,4,3,完整,1.0,"电线生
产 | 拉线
生产
线 | 2 | 200 | 6 | 300 | 4320 | 3500 | 匹配",,解析文本拼接_表格清洗增强_01_001-020.md,017_广东台塑智能科技有限公司新建项目_01_受理公告或公示版
PL018,PL018_广东台塑智能科技有限公司新建项目_01_受理公告或公示版.pdf,28,5,2,完整,1.0,"主要原辅
材料用量 | ABS塑料 | 吨/年 | 2800 | 新料，25kg/包，粒料",,解析文本拼接_表格清洗增强_01_001-020.md,017_广东台塑智能科技有限公司新建项目_01_受理公告或公示版
PL018,PL018_广东台塑智能科技有限公司新建项目_01_受理公告或公示版.pdf,28,5,3,完整,1.0,PP塑料 | 吨/年 | 359.477 | 新料，30kg/包，粒料,,解析文本拼接_表格清洗增强_01_001-020.md,017_广东台塑智能科技有限公司新建项目_01_受理公告或公示版
PL018,PL018_广东台塑智能科技有限公司新建项目_01_受理公告或公示版.pdf,28,5,4,完整,1.0,油性油墨 | 吨/年 | 0.06 | 5kg/桶，最大储存量为0.02t,,解析文本拼接_表格清洗增强_01_001-020.md,017_广东台塑智能科技有限公司新建项目_01_受理公告或公示版
PL018,PL018_广东台塑智能科技有限公司新建项目_01_受理公告或公示版.pdf,28,5,5,完整,1.0,"稀释剂 | 吨/年 | 0.1 | 5kg/桶，用于调配油墨、印刷
机和印版擦洗，最大储存量为
0.04t",,解析文本拼接_表格清洗增强_01_001-020.md,017_广东台塑智能科技有限公司新建项目_01_受理公告或公示版
PL018,PL018_广东台塑智能科技有限公司新建项目_01_受理公告或公示版.pdf,28,5,6,完整,1.0,铜线 | 吨/年 | 1000,,解析文本拼接_表格清洗增强_01_001-020.md,017_广东台塑智能科技有限公司新建项目_01_受理公告或公示版
PL018,PL018_广东台塑智能科技有限公司新建项目_01_受理公告或公示版.pdf,28,6,1,完整,1.0,原 | 料密度 | 理论射胶容 | 单次射 | 胶 | 时 | 生产 | 能力,,解析文本拼接_表格清洗增强_01_001-020.md,017_广东台塑智能科技有限公司新建项目_01_受理公告或公示版
PL018,PL018_广东台塑智能科技有限公司新建项目_01_受理公告或公示版.pdf,28,6,3,完整,1.0,（ | g/cm3） | 量（cm3） | 间（mi | n | ） | （kg/ | h）,,解析文本拼接_表格清洗增强_01_001-020.md,017_广东台塑智能科技有限公司新建项目_01_受理公告或公示版
PL018,PL018_广东台塑智能科技有限公司新建项目_01_受理公告或公示版.pdf,28,6,4,完整,1.0,ABS | 塑料 | 1.06 | 180 | 1 | 11.4 | 5 | 本项 | 目ABS,,解析文本拼接_表格清洗增强_01_001-020.md,017_广东台塑智能科技有限公司新建项目_01_受理公告或公示版
PL018,PL018_广东台塑智能科技有限公司新建项目_01_受理公告或公示版.pdf,28,6,6,完整,1.0,PP塑 | 料 | 0.9 | 180 | 1 | 9.7 | 2 | 料 | 约按,,解析文本拼接_表格清洗增强_01_001-020.md,017_广东台塑智能科技有限公司新建项目_01_受理公告或公示版
PL018,PL018_广东台塑智能科技有限公司新建项目_01_受理公告或公示版.pdf,28,6,7,完整,1.0,56:7 | .19比例,,解析文本拼接_表格清洗增强_01_001-020.md,017_广东台塑智能科技有限公司新建项目_01_受理公告或公示版
PL018,PL018_广东台塑智能科技有限公司新建项目_01_受理公告或公示版.pdf,28,6,8,完整,1.0,以 | 上 | 塑料混合后 | 的生产能力,,解析文本拼接_表格清洗增强_01_001-020.md,017_广东台塑智能科技有限公司新建项目_01_受理公告或公示版
PL018,PL018_广东台塑智能科技有限公司新建项目_01_受理公告或公示版.pdf,28,6,11,完整,1.0,备 | 注 | ：1） | ABS塑料 | 密 | 度 | 为1.06g/c | m3。,,解析文本拼接_表格清洗增强_01_001-020.md,017_广东台塑智能科技有限公司新建项目_01_受理公告或公示版
PL018,PL018_广东台塑智能科技有限公司新建项目_01_受理公告或公示版.pdf,28,6,12,完整,1.0,） | PP塑料 | 密度为 | 0. | 89 | -0.91g/cm3 | ，取0.9g/cm | 3参 | 与上表计 | 算。,,解析文本拼接_表格清洗增强_01_001-020.md,017_广东台塑智能科技有限公司新建项目_01_受理公告或公示版
PL018,PL018_广东台塑智能科技有限公司新建项目_01_受理公告或公示版.pdf,28,6,13,完整,1.0,） | 生产能 | 力=理论 | 射 | 胶 | 容积*原料 | 密度(ρ)*60m | in/ | 单次射 | 胶 | 时 | 间/1 | 000。,,解析文本拼接_表格清洗增强_01_001-020.md,017_广东台塑智能科技有限公司新建项目_01_受理公告或公示版
PL018,PL018_广东台塑智能科技有限公司新建项目_01_受理公告或公示版.pdf,28,6,14,完整,1.0,表2 | -5 | 关键设备产 | 能和产品规 | 模 | 匹配性分 | 析一 | 览 | 表（注 | 塑机）,,解析文本拼接_表格清洗增强_01_001-020.md,017_广东台塑智能科技有限公司新建项目_01_受理公告或公示版
PL018,PL018_广东台塑智能科技有限公司新建项目_01_受理公告或公示版.pdf,28,6,17,完整,1.0,生 | 产单 | 单台设备 | 有效生产 | 产天 | 数 | 备年 | 产 | 产能 | 匹配性,,解析文本拼接_表格清洗增强_01_001-020.md,017_广东台塑智能科技有限公司新建项目_01_受理公告或公示版
PL018,PL018_广东台塑智能科技有限公司新建项目_01_受理公告或公示版.pdf,28,6,18,完整,1.0,元 | 名称 | 数 | 量 | 生产能力 | 时间（h),,解析文本拼接_表格清洗增强_01_001-020.md,017_广东台塑智能科技有限公司新建项目_01_受理公告或公示版
PL018,PL018_广东台塑智能科技有限公司新建项目_01_受理公告或公示版.pdf,28,6,24,完整,1.0,10 | 0 | 11.25 | 10 | 30 | 0 | 33 | 75 | 3000,,解析文本拼接_表格清洗增强_01_001-020.md,017_广东台塑智能科技有限公司新建项目_01_受理公告或公示版
PL018,PL018_广东台塑智能科技有限公司新建项目_01_受理公告或公示版.pdf,28,6,26,完整,1.0,表2-6 | 关 | 键设备产能 | 和产品规模 | 匹 | 配性分 | 析 | 一览 | 表 | （拉线 | 生产线 | ）,,解析文本拼接_表格清洗增强_01_001-020.md,017_广东台塑智能科技有限公司新建项目_01_受理公告或公示版
PL018,PL018_广东台塑智能科技有限公司新建项目_01_受理公告或公示版.pdf,28,6,29,完整,1.0,生 | 产单 | 单台设备 | 有效生产 | 产 | 天数 | 备 | 年产 | 产能 | 匹配性,,解析文本拼接_表格清洗增强_01_001-020.md,017_广东台塑智能科技有限公司新建项目_01_受理公告或公示版
PL018,PL018_广东台塑智能科技有限公司新建项目_01_受理公告或公示版.pdf,28,6,30,完整,1.0,"元 | 数
名称 | 量 | 生产能力 | 时间（h)",,解析文本拼接_表格清洗增强_01_001-020.md,017_广东台塑智能科技有限公司新建项目_01_受理公告或公示版
PL018,PL018_广东台塑智能科技有限公司新建项目_01_受理公告或公示版.pdf,28,6,37,完整,1.0,2 | 200 | 6 | 3 | 00 | 43 | 20 | 3500,,解析文本拼接_表格清洗增强_01_001-020.md,017_广东台塑智能科技有限公司新建项目_01_受理公告或公示版
PL018,PL018_广东台塑智能科技有限公司新建项目_01_受理公告或公示版.pdf,28,6,40,完整,1.0,备 | 注 | ：1） | 本项目电 | 线 | 产 | 品每卷长度 | 约610-1000 | 米 | ，按100 | 0 | 米/ | 卷计 | 算，本 | 项目申 | 报产 | 能约350,,解析文本拼接_表格清洗增强_01_001-020.md,017_广东台塑智能科技有限公司新建项目_01_受理公告或公示版
PL018,PL018_广东台塑智能科技有限公司新建项目_01_受理公告或公示版.pdf,28,6,41,完整,1.0,万 | m | /a。2 | ）本项目 | 每 | 天 | 工作时间为 | 10小时，电 | 线 | 生产有效 | 时间 | 为6 | 小时 | 。,,解析文本拼接_表格清洗增强_01_001-020.md,017_广东台塑智能科技有限公司新建项目_01_受理公告或公示版
PL018,PL018_广东台塑智能科技有限公司新建项目_01_受理公告或公示版.pdf,28,6,42,完整,1.0,5、项 | 目原辅 | 材 | 料,,解析文本拼接_表格清洗增强_01_001-020.md,017_广东台塑智能科技有限公司新建项目_01_受理公告或公示版
PL018,PL018_广东台塑智能科技有限公司新建项目_01_受理公告或公示版.pdf,28,6,43,完整,1.0,项目 | 主要原辅 | 材 | 料 | 的种类和用 | 量见表2-7 | 。,,解析文本拼接_表格清洗增强_01_001-020.md,017_广东台塑智能科技有限公司新建项目_01_受理公告或公示版
PL018,PL018_广东台塑智能科技有限公司新建项目_01_受理公告或公示版.pdf,28,6,44,完整,1.0,表2- | 7 主要原 | 辅材 | 料情况 | 一 | 览 | 表,,解析文本拼接_表格清洗增强_01_001-020.md,017_广东台塑智能科技有限公司新建项目_01_受理公告或公示版
PL018,PL018_广东台塑智能科技有限公司新建项目_01_受理公告或公示版.pdf,28,6,46,完整,1.0,A | BS | 塑料 | 吨/年 | 2800 | 新料 | ，25kg/ | 包， | 粒料,,解析文本拼接_表格清洗增强_01_001-020.md,017_广东台塑智能科技有限公司新建项目_01_受理公告或公示版
PL018,PL018_广东台塑智能科技有限公司新建项目_01_受理公告或公示版.pdf,28,6,47,完整,1.0,P | P | 塑料 | 吨/年 | 359.477 | 新料 | ，30kg/ | 包， | 粒料,,解析文本拼接_表格清洗增强_01_001-020.md,017_广东台塑智能科技有限公司新建项目_01_受理公告或公示版
PL018,PL018_广东台塑智能科技有限公司新建项目_01_受理公告或公示版.pdf,28,6,48,完整,1.0,主 | 要原 | 辅 | 油 | 性 | 油墨 | 吨/年 | 0.06 | 5k | g/桶， | 最大储 | 存量 | 为0.02t,,解析文本拼接_表格清洗增强_01_001-020.md,017_广东台塑智能科技有限公司新建项目_01_受理公告或公示版
PL018,PL018_广东台塑智能科技有限公司新建项目_01_受理公告或公示版.pdf,28,6,49,完整,1.0,材 | 料用 | 量 | 5kg | /桶， | 用于调配 | 油 | 墨、印刷,,解析文本拼接_表格清洗增强_01_001-020.md,017_广东台塑智能科技有限公司新建项目_01_受理公告或公示版
PL018,PL018_广东台塑智能科技有限公司新建项目_01_受理公告或公示版.pdf,28,6,50,完整,1.0,稀 | 释剂 | 吨/年 | 0.1 | 机和 | 印版 | 擦洗，最 | 大 | 储存量为,,解析文本拼接_表格清洗增强_01_001-020.md,017_广东台塑智能科技有限公司新建项目_01_受理公告或公示版
PL018,PL018_广东台塑智能科技有限公司新建项目_01_受理公告或公示版.pdf,28,6,52,完整,1.0,铜 | 线 | 吨/年 | 1000,,解析文本拼接_表格清洗增强_01_001-020.md,017_广东台塑智能科技有限公司新建项目_01_受理公告或公示版
PL018,PL018_广东台塑智能科技有限公司新建项目_01_受理公告或公示版.pdf,29,2,1,完整,1.0,"机油 | 吨/年 | 0.1 | 用于设备维护，10kg/桶，最大
储存量为0.1t",,解析文本拼接_表格清洗增强_01_001-020.md,017_广东台塑智能科技有限公司新建项目_01_受理公告或公示版
PL018,PL018_广东台塑智能科技有限公司新建项目_01_受理公告或公示版.pdf,29,2,2,完整,1.0,"液压油 | 吨/年 | 12 | 用于设备维护，170kg/桶，最
大储存量为1.7t",,解析文本拼接_表格清洗增强_01_001-020.md,017_广东台塑智能科技有限公司新建项目_01_受理公告或公示版
PL018,PL018_广东台塑智能科技有限公司新建项目_01_受理公告或公示版.pdf,29,2,3,完整,1.0,电气配件 | 万套/年 | 960,,解析文本拼接_表格清洗增强_01_001-020.md,017_广东台塑智能科技有限公司新建项目_01_受理公告或公示版
PL018,PL018_广东台塑智能科技有限公司新建项目_01_受理公告或公示版.pdf,29,2,4,完整,1.0,玻璃 | 万套/年 | 960,,解析文本拼接_表格清洗增强_01_001-020.md,017_广东台塑智能科技有限公司新建项目_01_受理公告或公示版
PL018,PL018_广东台塑智能科技有限公司新建项目_01_受理公告或公示版.pdf,29,3,2,完整,1.0,"1 | ABS | ABS（丙烯腈-丁二烯-苯乙烯）塑料：
ABS通常为浅黄色或乳白色的粒料非
结晶性树脂。密度为1.06g/cm3，加工
温度为190～235℃。ABS树脂抗冲击
性、耐热性、耐低温性、耐化学药品
性及电气性能优良，还具有易加工、
制品尺寸稳定、表面光泽性好等特点，
容易涂装、着色，还可以进行表面喷
镀金属、电镀、焊接、热压和粘接等
二次加",,解析文本拼接_表格清洗增强_01_001-020.md,017_广东台塑智能科技有限公司新建项目_01_受理公告或公示版
PL018,PL018_广东台塑智能科技有限公司新建项目_01_受理公告或公示版.pdf,29,3,3,完整,1.0,"2 | PP塑
料 | PP（聚丙烯）塑料：聚丙烯是丙烯加
聚反应而成的聚合物。系白色蜡状材
料，外观透明而轻。密度为0.89~0.91
g/cm3，易燃，熔点165℃，在155℃左
右软化，使用温度范围为-30~140℃。
在80℃以下能耐酸、碱、盐液及多种
有机溶剂的腐蚀，能在高温和氧化作
用下分解。聚丙烯成型温度为160~
220℃，热分解温度为350",,解析文本拼接_表格清洗增强_01_001-020.md,017_广东台塑智能科技有限公司新建项目_01_受理公告或公示版
PL018,PL018_广东台塑智能科技有限公司新建项目_01_受理公告或公示版.pdf,29,3,4,完整,1.0,"3 | 油性油
墨 | 氯乙烯醋酸乙烯聚合物10-30%、丙烯
酸树脂15-25%、异佛尔酮1-60%、着
色料0-40% | 皮肤腐蚀/刺
激，类别2；
严重眼睛损伤/
眼睛刺激性，类
别2；
皮肤或皮肤过
敏，类别1；
急性毒性—经
口，类别4； | 按异佛尔酮
100%挥发，
VOCs挥发系数
按60%算",,解析文本拼接_表格清洗增强_01_001-020.md,017_广东台塑智能科技有限公司新建项目_01_受理公告或公示版
PL018,PL018_广东台塑智能科技有限公司新建项目_01_受理公告或公示版.pdf,29,3,5,完整,1.0,"4 | 稀释剂 | 异氟尔酮100%，密度为0.9g/cm3 | 高度易燃液体 | 按100%挥发，
VOCs挥发系数
按100%算
（900g/L）",,解析文本拼接_表格清洗增强_01_001-020.md,017_广东台塑智能科技有限公司新建项目_01_受理公告或公示版
PL018,PL018_广东台塑智能科技有限公司新建项目_01_受理公告或公示版.pdf,29,4,1,完整,1.0,用于设备维护 | ，10kg/桶，最大,,解析文本拼接_表格清洗增强_01_001-020.md,017_广东台塑智能科技有限公司新建项目_01_受理公告或公示版
PL018,PL018_广东台塑智能科技有限公司新建项目_01_受理公告或公示版.pdf,29,4,3,完整,1.0,/ | 0.1 | 储存 | 量为,,解析文本拼接_表格清洗增强_01_001-020.md,017_广东台塑智能科技有限公司新建项目_01_受理公告或公示版
PL018,PL018_广东台塑智能科技有限公司新建项目_01_受理公告或公示版.pdf,29,4,5,完整,1.0,用于设备维护 | ，170kg/桶，最,,解析文本拼接_表格清洗增强_01_001-020.md,017_广东台塑智能科技有限公司新建项目_01_受理公告或公示版
PL018,PL018_广东台塑智能科技有限公司新建项目_01_受理公告或公示版.pdf,29,4,7,完整,1.0,/ | 12 | 大储存 | 量为,,解析文本拼接_表格清洗增强_01_001-020.md,017_广东台塑智能科技有限公司新建项目_01_受理公告或公示版
PL018,PL018_广东台塑智能科技有限公司新建项目_01_受理公告或公示版.pdf,29,4,9,完整,1.0,电气配件 | 万套/年 | 960,,解析文本拼接_表格清洗增强_01_001-020.md,017_广东台塑智能科技有限公司新建项目_01_受理公告或公示版
PL018,PL018_广东台塑智能科技有限公司新建项目_01_受理公告或公示版.pdf,29,4,10,完整,1.0,玻璃 | 万套/年 | 960,,解析文本拼接_表格清洗增强_01_001-020.md,017_广东台塑智能科技有限公司新建项目_01_受理公告或公示版
PL018,PL018_广东台塑智能科技有限公司新建项目_01_受理公告或公示版.pdf,29,4,11,完整,1.0,表2-8 项目主 | 要原辅材料理化 | 性质/ | 主要 | 成分一览表,,解析文本拼接_表格清洗增强_01_001-020.md,017_广东台塑智能科技有限公司新建项目_01_受理公告或公示版
PL018,PL018_广东台塑智能科技有限公司新建项目_01_受理公告或公示版.pdf,29,4,18,完整,1.0,结晶性树脂。密度 | 为1.06g/cm3， | 加工,,解析文本拼接_表格清洗增强_01_001-020.md,017_广东台塑智能科技有限公司新建项目_01_受理公告或公示版
PL018,PL018_广东台塑智能科技有限公司新建项目_01_受理公告或公示版.pdf,29,4,19,完整,1.0,温度为190～235 | ℃。ABS树脂抗 | 冲击,,解析文本拼接_表格清洗增强_01_001-020.md,017_广东台塑智能科技有限公司新建项目_01_受理公告或公示版
PL018,PL018_广东台塑智能科技有限公司新建项目_01_受理公告或公示版.pdf,29,4,22,完整,1.0,1 | ABS | 制品尺寸稳定、表 | 面光泽性好等特 | 点， | / | /,,解析文本拼接_表格清洗增强_01_001-020.md,017_广东台塑智能科技有限公司新建项目_01_受理公告或公示版
PL018,PL018_广东台塑智能科技有限公司新建项目_01_受理公告或公示版.pdf,29,4,27,完整,1.0,260℃，分解会产 | 生特征污染物苯 | 乙,,解析文本拼接_表格清洗增强_01_001-020.md,017_广东台塑智能科技有限公司新建项目_01_受理公告或公示版
PL018,PL018_广东台塑智能科技有限公司新建项目_01_受理公告或公示版.pdf,29,4,28,完整,1.0,"烯、丙烯腈、1,3- | 丁二烯、甲苯、乙 | 苯。",,解析文本拼接_表格清洗增强_01_001-020.md,017_广东台塑智能科技有限公司新建项目_01_受理公告或公示版
PL018,PL018_广东台塑智能科技有限公司新建项目_01_受理公告或公示版.pdf,29,4,31,完整,1.0,料，外观透明而轻 | 。密度为0.89~ | 0.91,,解析文本拼接_表格清洗增强_01_001-020.md,017_广东台塑智能科技有限公司新建项目_01_受理公告或公示版
PL018,PL018_广东台塑智能科技有限公司新建项目_01_受理公告或公示版.pdf,29,4,32,疑似缺失,0.667,3，易燃，熔 | 点 ℃，在 | ℃左,点 ℃，在,解析文本拼接_表格清洗增强_01_001-020.md,017_广东台塑智能科技有限公司新建项目_01_受理公告或公示版
PL018,PL018_广东台塑智能科技有限公司新建项目_01_受理公告或公示版.pdf,29,4,33,疑似缺失,0.667,塑 | g/cm | 165 155,165 155,解析文本拼接_表格清洗增强_01_001-020.md,017_广东台塑智能科技有限公司新建项目_01_受理公告或公示版
PL018,PL018_广东台塑智能科技有限公司新建项目_01_受理公告或公示版.pdf,29,4,35,完整,1.0,2 | 料 | -30~140 | / | /,,解析文本拼接_表格清洗增强_01_001-020.md,017_广东台塑智能科技有限公司新建项目_01_受理公告或公示版
PL018,PL018_广东台塑智能科技有限公司新建项目_01_受理公告或公示版.pdf,29,4,36,完整,1.0,在80℃以下能耐 | 酸、碱、盐液及多 | 种,,解析文本拼接_表格清洗增强_01_001-020.md,017_广东台塑智能科技有限公司新建项目_01_受理公告或公示版
PL018,PL018_广东台塑智能科技有限公司新建项目_01_受理公告或公示版.pdf,29,4,38,完整,1.0,用下分解。聚丙 | 烯成型温度为160 | ~,,解析文本拼接_表格清洗增强_01_001-020.md,017_广东台塑智能科技有限公司新建项目_01_受理公告或公示版
PL018,PL018_广东台塑智能科技有限公司新建项目_01_受理公告或公示版.pdf,29,4,39,完整,1.0,220℃，热分解温 | 度为350~380℃。,,解析文本拼接_表格清洗增强_01_001-020.md,017_广东台塑智能科技有限公司新建项目_01_受理公告或公示版
PL018,PL018_广东台塑智能科技有限公司新建项目_01_受理公告或公示版.pdf,29,4,41,完整,1.0,激， | 类别2；,,解析文本拼接_表格清洗增强_01_001-020.md,017_广东台塑智能科技有限公司新建项目_01_受理公告或公示版
PL018,PL018_广东台塑智能科技有限公司新建项目_01_受理公告或公示版.pdf,29,4,45,完整,1.0,油性油 | 10-30% | 挥发，,,解析文本拼接_表格清洗增强_01_001-020.md,017_广东台塑智能科技有限公司新建项目_01_受理公告或公示版
PL018,PL018_广东台塑智能科技有限公司新建项目_01_受理公告或公示版.pdf,29,4,46,疑似缺失,0.667,酸树脂 、 | 异佛尔酮 、 | 着 | 别 | ； | 100%,酸树脂 、；异佛尔酮 、,解析文本拼接_表格清洗增强_01_001-020.md,017_广东台塑智能科技有限公司新建项目_01_受理公告或公示版
PL018,PL018_广东台塑智能科技有限公司新建项目_01_受理公告或公示版.pdf,29,4,47,完整,1.0,3 | 墨 | 15-25% | 1-60% | 2 | 挥发系数,,解析文本拼接_表格清洗增强_01_001-020.md,017_广东台塑智能科技有限公司新建项目_01_受理公告或公示版
PL018,PL018_广东台塑智能科技有限公司新建项目_01_受理公告或公示版.pdf,29,4,48,完整,1.0,色料 | 皮肤 | 或皮肤过 | VOCs,,解析文本拼接_表格清洗增强_01_001-020.md,017_广东台塑智能科技有限公司新建项目_01_受理公告或公示版
PL018,PL018_广东台塑智能科技有限公司新建项目_01_受理公告或公示版.pdf,29,4,49,疑似缺失,0.5,0-40% | 按 算,按 算,解析文本拼接_表格清洗增强_01_001-020.md,017_广东台塑智能科技有限公司新建项目_01_受理公告或公示版
PL018,PL018_广东台塑智能科技有限公司新建项目_01_受理公告或公示版.pdf,29,4,50,疑似缺失,0.667,敏， | 类别 ； | 60%,类别 ；,解析文本拼接_表格清洗增强_01_001-020.md,017_广东台塑智能科技有限公司新建项目_01_受理公告或公示版
PL018,PL018_广东台塑智能科技有限公司新建项目_01_受理公告或公示版.pdf,29,4,53,完整,1.0,口， | 类别4；,,解析文本拼接_表格清洗增强_01_001-020.md,017_广东台塑智能科技有限公司新建项目_01_受理公告或公示版
PL018,PL018_广东台塑智能科技有限公司新建项目_01_受理公告或公示版.pdf,29,4,56,疑似缺失,0.6,稀释剂 | 异氟尔酮 ， | 密度为 3 | 高度 | 易燃液体,异氟尔酮 ，；密度为 3,解析文本拼接_表格清洗增强_01_001-020.md,017_广东台塑智能科技有限公司新建项目_01_受理公告或公示版
PL018,PL018_广东台塑智能科技有限公司新建项目_01_受理公告或公示版.pdf,29,4,57,部分,0.75,4 | 100% | 0.9g/cm | 按 算,按 算,解析文本拼接_表格清洗增强_01_001-020.md,017_广东台塑智能科技有限公司新建项目_01_受理公告或公示版
PL018,PL018_广东台塑智能科技有限公司新建项目_01_受理公告或公示版.pdf,30,2,1,完整,1.0,"序号 | 名称 | VOCs含量
/VOCs产生
系数 | 国家标准 | 是否属于低
VOCs物料",,解析文本拼接_表格清洗增强_01_001-020.md,017_广东台塑智能科技有限公司新建项目_01_受理公告或公示版
PL018,PL018_广东台塑智能科技有限公司新建项目_01_受理公告或公示版.pdf,30,2,3,完整,1.0,"1 | 油性油墨 | 60% | 《油墨中可挥发性
有机化合物
（VOCs）含量的限
值》
（GB38507-2020）
中油性油墨（网印
油墨）VOC含量限
值要求 | 75% | 否1）",,解析文本拼接_表格清洗增强_01_001-020.md,017_广东台塑智能科技有限公司新建项目_01_受理公告或公示版
PL018,PL018_广东台塑智能科技有限公司新建项目_01_受理公告或公示版.pdf,30,2,4,完整,1.0,"2 | 稀释剂 | 100%
（900g/L） | 《清洗剂挥发性有
机化合物含量限
值》（GB
38508-2020） | ≤900g/L | 否2）",,解析文本拼接_表格清洗增强_01_001-020.md,017_广东台塑智能科技有限公司新建项目_01_受理公告或公示版
PL018,PL018_广东台塑智能科技有限公司新建项目_01_受理公告或公示版.pdf,30,3,1,完整,1.0,表2-9 | 主要涉VOCs物料一览表,,解析文本拼接_表格清洗增强_01_001-020.md,017_广东台塑智能科技有限公司新建项目_01_受理公告或公示版
PL018,PL018_广东台塑智能科技有限公司新建项目_01_受理公告或公示版.pdf,30,3,3,完整,1.0,V | OCs | 国家标准 | 是否属于低,,解析文本拼接_表格清洗增强_01_001-020.md,017_广东台塑智能科技有限公司新建项目_01_受理公告或公示版
PL018,PL018_广东台塑智能科技有限公司新建项目_01_受理公告或公示版.pdf,30,3,6,完整,1.0,系数 | 依据 | 限值 | VOCs物料,,解析文本拼接_表格清洗增强_01_001-020.md,017_广东台塑智能科技有限公司新建项目_01_受理公告或公示版
PL018,PL018_广东台塑智能科技有限公司新建项目_01_受理公告或公示版.pdf,30,3,11,完整,1.0,油性油墨 | 否1）,,解析文本拼接_表格清洗增强_01_001-020.md,017_广东台塑智能科技有限公司新建项目_01_受理公告或公示版
PL018,PL018_广东台塑智能科技有限公司新建项目_01_受理公告或公示版.pdf,30,3,12,完整,1.0,1 | 60% | 75%,,解析文本拼接_表格清洗增强_01_001-020.md,017_广东台塑智能科技有限公司新建项目_01_受理公告或公示版
PL018,PL018_广东台塑智能科技有限公司新建项目_01_受理公告或公示版.pdf,30,3,18,完整,1.0,100% | 机化合物含量限 | ）,,解析文本拼接_表格清洗增强_01_001-020.md,017_广东台塑智能科技有限公司新建项目_01_受理公告或公示版
PL018,PL018_广东台塑智能科技有限公司新建项目_01_受理公告或公示版.pdf,30,3,19,部分,0.8,"2 | 稀释剂
（ | ） | ≤900g/L | 否2","稀释剂
（",解析文本拼接_表格清洗增强_01_001-020.md,017_广东台塑智能科技有限公司新建项目_01_受理公告或公示版
PL018,PL018_广东台塑智能科技有限公司新建项目_01_受理公告或公示版.pdf,30,3,20,完整,1.0,900g/L | 值》（GB,,解析文本拼接_表格清洗增强_01_001-020.md,017_广东台塑智能科技有限公司新建项目_01_受理公告或公示版
PL018,PL018_广东台塑智能科技有限公司新建项目_01_受理公告或公示版.pdf,30,3,22,完整,1.0,备 | 注：1）根 | 据《油墨中可挥 | 发性有机 | 化合物（VOCs）含量的限 | 值》（GB385 | 07-2020），水,,解析文本拼接_表格清洗增强_01_001-020.md,017_广东台塑智能科技有限公司新建项目_01_受理公告或公示版
PL018,PL018_广东台塑智能科技有限公司新建项目_01_受理公告或公示版.pdf,30,3,23,完整,1.0,性 | 油墨、胶 | 印油墨、能量固 | 化油墨、 | 雕刻凹印油墨为低挥发性有 | 机化合物含量 | 油墨产品，因,,解析文本拼接_表格清洗增强_01_001-020.md,017_广东台塑智能科技有限公司新建项目_01_受理公告或公示版
PL018,PL018_广东台塑智能科技有限公司新建项目_01_受理公告或公示版.pdf,30,3,24,完整,1.0,此 | ，本项目 | 使用的油性油墨 | 不属于低 | VOCs含量油墨。,,解析文本拼接_表格清洗增强_01_001-020.md,017_广东台塑智能科技有限公司新建项目_01_受理公告或公示版
PL018,PL018_广东台塑智能科技有限公司新建项目_01_受理公告或公示版.pdf,30,3,25,完整,1.0,2 | ）根据《清 | 洗剂挥发性有机 | 化合物含 | 量限值》（GB38508-2020 | ），符合GB | 38508-2020文,,解析文本拼接_表格清洗增强_01_001-020.md,017_广东台塑智能科技有限公司新建项目_01_受理公告或公示版
PL018,PL018_广东台塑智能科技有限公司新建项目_01_受理公告或公示版.pdf,30,3,26,完整,1.0,件 | 表1要求 | 的水基清洗剂和 | 符合表2 | 要求的半水基清洗剂可归为 | 低VOCs含量 | 清洗剂。本项,,解析文本拼接_表格清洗增强_01_001-020.md,017_广东台塑智能科技有限公司新建项目_01_受理公告或公示版
PL018,PL018_广东台塑智能科技有限公司新建项目_01_受理公告或公示版.pdf,30,3,27,完整,1.0,目 | 使用的稀 | 释剂为有机溶剂 | 清洗剂，因 | 此，本项目使用的清洗剂不 | 属于低VOC | s含量清洗剂。,,解析文本拼接_表格清洗增强_01_001-020.md,017_广东台塑智能科技有限公司新建项目_01_受理公告或公示版
PL018,PL018_广东台塑智能科技有限公司新建项目_01_受理公告或公示版.pdf,30,3,33,完整,1.0,不同种 | 类低VOCs油墨 | 分析,,解析文本拼接_表格清洗增强_01_001-020.md,017_广东台塑智能科技有限公司新建项目_01_受理公告或公示版
PL018,PL018_广东台塑智能科技有限公司新建项目_01_受理公告或公示版.pdf,30,3,35,完整,1.0,方 | 式，可以 | 减少臭氧的产生。 | 用辐射固 | 化油墨替代溶剂型油墨可减 | 少VOCs产 | 生量80%以上。,,解析文本拼接_表格清洗增强_01_001-020.md,017_广东台塑智能科技有限公司新建项目_01_受理公告或公示版
PL018,PL018_广东台塑智能科技有限公司新建项目_01_受理公告或公示版.pdf,30,3,37,完整,1.0,妨 | 碍UV油 | 墨在塑料材料印刷 | 中的推广 | 主要原因有以下几点：,,解析文本拼接_表格清洗增强_01_001-020.md,017_广东台塑智能科技有限公司新建项目_01_受理公告或公示版
PL018,PL018_广东台塑智能科技有限公司新建项目_01_受理公告或公示版.pdf,30,3,38,完整,1.0,1、油墨 | 附着力差,,解析文本拼接_表格清洗增强_01_001-020.md,017_广东台塑智能科技有限公司新建项目_01_受理公告或公示版
PL018,PL018_广东台塑智能科技有限公司新建项目_01_受理公告或公示版.pdf,30,3,40,完整,1.0,2、UV | 固化设备有待优 | 化改造,,解析文本拼接_表格清洗增强_01_001-020.md,017_广东台塑智能科技有限公司新建项目_01_受理公告或公示版
PL018,PL018_广东台塑智能科技有限公司新建项目_01_受理公告或公示版.pdf,30,3,41,完整,1.0,使用U | V油墨的印刷工 | 序对UV固 | 化设备要求较高，需要确 | 保均匀充足的 | 固化能量，否,,解析文本拼接_表格清洗增强_01_001-020.md,017_广东台塑智能科技有限公司新建项目_01_受理公告或公示版
PL018,PL018_广东台塑智能科技有限公司新建项目_01_受理公告或公示版.pdf,32,2,2,完整,1.0,原材料名称 | 数量（t/a） | 名称 | 数量（t/a） | 备注,,解析文本拼接_表格清洗增强_01_001-020.md,017_广东台塑智能科技有限公司新建项目_01_受理公告或公示版
PL018,PL018_广东台塑智能科技有限公司新建项目_01_受理公告或公示版.pdf,32,2,3,完整,1.0,ABS塑料 | 2800 | 轿车塑料配件 | 100 | /,,解析文本拼接_表格清洗增强_01_001-020.md,017_广东台塑智能科技有限公司新建项目_01_受理公告或公示版
PL018,PL018_广东台塑智能科技有限公司新建项目_01_受理公告或公示版.pdf,32,2,4,完整,1.0,PP塑料 | 359.477 | 小家电塑料组装件 | 2900,,解析文本拼接_表格清洗增强_01_001-020.md,017_广东台塑智能科技有限公司新建项目_01_受理公告或公示版
PL018,PL018_广东台塑智能科技有限公司新建项目_01_受理公告或公示版.pdf,32,2,5,完整,1.0,油性油墨 | 0.06 | 电线 | 1100,,解析文本拼接_表格清洗增强_01_001-020.md,017_广东台塑智能科技有限公司新建项目_01_受理公告或公示版
PL018,PL018_广东台塑智能科技有限公司新建项目_01_受理公告或公示版.pdf,32,2,6,完整,1.0,稀释剂 | 0.1 | 废气量 | 9.637 | 有机废气、颗粒物,,解析文本拼接_表格清洗增强_01_001-020.md,017_广东台塑智能科技有限公司新建项目_01_受理公告或公示版
PL018,PL018_广东台塑智能科技有限公司新建项目_01_受理公告或公示版.pdf,32,2,7,完整,1.0,铜线 | 1000 | 塑料次品和边角料 | 157.974 | 经破碎后回用于生产,,解析文本拼接_表格清洗增强_01_001-020.md,017_广东台塑智能科技有限公司新建项目_01_受理公告或公示版
PL018,PL018_广东台塑智能科技有限公司新建项目_01_受理公告或公示版.pdf,32,2,8,完整,1.0,/ | / | 金属次品和边角料 | 50,,解析文本拼接_表格清洗增强_01_001-020.md,017_广东台塑智能科技有限公司新建项目_01_受理公告或公示版
PL018,PL018_广东台塑智能科技有限公司新建项目_01_受理公告或公示版.pdf,32,2,9,完整,1.0,小计 | 4159.637 | / | 4159.637,,解析文本拼接_表格清洗增强_01_001-020.md,017_广东台塑智能科技有限公司新建项目_01_受理公告或公示版
PL018,PL018_广东台塑智能科技有限公司新建项目_01_受理公告或公示版.pdf,32,3,2,完整,1.0,能源及水耗 | 电 | 万千瓦时/年 | 10 | /,,解析文本拼接_表格清洗增强_01_001-020.md,017_广东台塑智能科技有限公司新建项目_01_受理公告或公示版
PL018,PL018_广东台塑智能科技有限公司新建项目_01_受理公告或公示版.pdf,32,3,3,完整,1.0,生活用水 | 吨/年 | 2610,,解析文本拼接_表格清洗增强_01_001-020.md,017_广东台塑智能科技有限公司新建项目_01_受理公告或公示版
PL018,PL018_广东台塑智能科技有限公司新建项目_01_受理公告或公示版.pdf,32,3,4,完整,1.0,生产用水 | 吨/年 | 216 | 循环补充水,,解析文本拼接_表格清洗增强_01_001-020.md,017_广东台塑智能科技有限公司新建项目_01_受理公告或公示版
PL018,PL018_广东台塑智能科技有限公司新建项目_01_受理公告或公示版.pdf,32,4,1,完整,1.0,原材料名称 | 数量（t/a） | 名称 | 数量（t/a） | 备注,,解析文本拼接_表格清洗增强_01_001-020.md,017_广东台塑智能科技有限公司新建项目_01_受理公告或公示版
PL018,PL018_广东台塑智能科技有限公司新建项目_01_受理公告或公示版.pdf,32,4,2,完整,1.0,ABS塑料 | 2800 | 轿车塑料配件 | 100 | /,,解析文本拼接_表格清洗增强_01_001-020.md,017_广东台塑智能科技有限公司新建项目_01_受理公告或公示版
PL018,PL018_广东台塑智能科技有限公司新建项目_01_受理公告或公示版.pdf,32,4,3,完整,1.0,PP塑料 | 359.477 | 小家电塑料组装件 | 2900,,解析文本拼接_表格清洗增强_01_001-020.md,017_广东台塑智能科技有限公司新建项目_01_受理公告或公示版
PL018,PL018_广东台塑智能科技有限公司新建项目_01_受理公告或公示版.pdf,32,4,4,完整,1.0,油性油墨 | 0.06 | 电线 | 1100,,解析文本拼接_表格清洗增强_01_001-020.md,017_广东台塑智能科技有限公司新建项目_01_受理公告或公示版
PL018,PL018_广东台塑智能科技有限公司新建项目_01_受理公告或公示版.pdf,32,4,5,完整,1.0,稀释剂 | 0.1 | 废气量 | 9.637 | 有机废气、颗粒物,,解析文本拼接_表格清洗增强_01_001-020.md,017_广东台塑智能科技有限公司新建项目_01_受理公告或公示版
PL018,PL018_广东台塑智能科技有限公司新建项目_01_受理公告或公示版.pdf,32,4,6,完整,1.0,铜线 | 1000 | 塑料次品和边角料 | 157.974 | 经 | 破碎后回用于生产,,解析文本拼接_表格清洗增强_01_001-020.md,017_广东台塑智能科技有限公司新建项目_01_受理公告或公示版
PL018,PL018_广东台塑智能科技有限公司新建项目_01_受理公告或公示版.pdf,32,4,7,完整,1.0,/ | / | 金属次品和边角料 | 50,,解析文本拼接_表格清洗增强_01_001-020.md,017_广东台塑智能科技有限公司新建项目_01_受理公告或公示版
PL018,PL018_广东台塑智能科技有限公司新建项目_01_受理公告或公示版.pdf,32,4,8,完整,1.0,小计 | 4159.637 | / | 4159.637,,解析文本拼接_表格清洗增强_01_001-020.md,017_广东台塑智能科技有限公司新建项目_01_受理公告或公示版
PL018,PL018_广东台塑智能科技有限公司新建项目_01_受理公告或公示版.pdf,32,4,9,完整,1.0,6、劳动定员 | 和 | 工作制度,,解析文本拼接_表格清洗增强_01_001-020.md,017_广东台塑智能科技有限公司新建项目_01_受理公告或公示版
PL018,PL018_广东台塑智能科技有限公司新建项目_01_受理公告或公示版.pdf,32,4,10,完整,1.0,项目占地面 | 积 | 为5162.06m | 2，经营面积为258 | 10 | .32m2，从业人数 | 为261人，年工作3,,解析文本拼接_表格清洗增强_01_001-020.md,017_广东台塑智能科技有限公司新建项目_01_受理公告或公示版
PL018,PL018_广东台塑智能科技有限公司新建项目_01_受理公告或公示版.pdf,32,4,11,完整,1.0,，每天工作10 | 小 | 时，项目不 | 设宿舍，不设饭堂 | 。,,解析文本拼接_表格清洗增强_01_001-020.md,017_广东台塑智能科技有限公司新建项目_01_受理公告或公示版
PL018,PL018_广东台塑智能科技有限公司新建项目_01_受理公告或公示版.pdf,32,4,12,完整,1.0,7、能源及水 | 耗,,解析文本拼接_表格清洗增强_01_001-020.md,017_广东台塑智能科技有限公司新建项目_01_受理公告或公示版
PL018,PL018_广东台塑智能科技有限公司新建项目_01_受理公告或公示版.pdf,32,4,13,完整,1.0,表2-11 能源及水 | 耗 | 一览表,,解析文本拼接_表格清洗增强_01_001-020.md,017_广东台塑智能科技有限公司新建项目_01_受理公告或公示版
PL018,PL018_广东台塑智能科技有限公司新建项目_01_受理公告或公示版.pdf,32,4,15,完整,1.0,电 | 万千瓦时/年 | 1 | 0 | /,,解析文本拼接_表格清洗增强_01_001-020.md,017_广东台塑智能科技有限公司新建项目_01_受理公告或公示版
PL018,PL018_广东台塑智能科技有限公司新建项目_01_受理公告或公示版.pdf,32,4,16,完整,1.0,源及水耗 | 生 | 活用水 | 吨/年 | 26 | 10,,解析文本拼接_表格清洗增强_01_001-020.md,017_广东台塑智能科技有限公司新建项目_01_受理公告或公示版
PL018,PL018_广东台塑智能科技有限公司新建项目_01_受理公告或公示版.pdf,32,4,17,完整,1.0,生 | 产用水 | 吨/年 | 21 | 6 | 循环补充水,,解析文本拼接_表格清洗增强_01_001-020.md,017_广东台塑智能科技有限公司新建项目_01_受理公告或公示版
PL018,PL018_广东台塑智能科技有限公司新建项目_01_受理公告或公示版.pdf,33,1,2,完整,1.0,"工
艺
流
程
和
产
排
污
环
节 | 生产工艺如下：
图2-2 项目轿车塑料配件和小家电塑料组装件产品生产工艺流程
工艺流程说明：
（1）投料、混料：将外购的塑料粒人工投加到混料机中进行混料，本项目外购的塑料粒
为粒状，投料、混料过程没有粉尘产生。
（2）注塑、印刷、烘干、装配：混合均匀的物料通过高温（约190-220℃）使其受热熔
融，注塑成型。根据",,解析文本拼接_表格清洗增强_01_001-020.md,017_广东台塑智能科技有限公司新建项目_01_受理公告或公示版
PL018,PL018_广东台塑智能科技有限公司新建项目_01_受理公告或公示版.pdf,35,1,2,完整,1.0,"序
号 | 污染
类别 | 排放口(编
号、
名称)/污染
源 | 主要污染因
子 | 产生环节 | 处理排放方式",,解析文本拼接_表格清洗增强_01_001-020.md,017_广东台塑智能科技有限公司新建项目_01_受理公告或公示版
PL018,PL018_广东台塑智能科技有限公司新建项目_01_受理公告或公示版.pdf,35,1,3,完整,1.0,"1 | 废气 | G1（排放
口） | 非甲烷总烃、
VOCs、臭气
浓度 | 注塑、挤塑、印
刷（含烘干、擦
洗） | 注塑废气、挤塑废气、印刷废
气（含烘干、擦洗）经集气罩
收集后通过活性炭吸附废气处
理设施进行处理，处理达标后
通过排气筒G1（24m）引至楼
顶排放",,解析文本拼接_表格清洗增强_01_001-020.md,017_广东台塑智能科技有限公司新建项目_01_受理公告或公示版
PL018,PL018_广东台塑智能科技有限公司新建项目_01_受理公告或公示版.pdf,35,1,4,完整,1.0,"无组织排放 | 非甲烷总烃、
VOCs、臭气
浓度 | 注塑、挤塑、印
刷（含烘干、擦
洗）、破碎 | 加强废气收集效果",,解析文本拼接_表格清洗增强_01_001-020.md,017_广东台塑智能科技有限公司新建项目_01_受理公告或公示版
PL018,PL018_广东台塑智能科技有限公司新建项目_01_受理公告或公示版.pdf,35,1,5,部分,0.833,"2 | 废水 | 生活污水 | COD 、
Cr
BOD 、
5
NH -N和SS
3 | 生活 | 经三级化粪池处理达标后排至
北滘污水处理厂处理","COD 、
Cr
BOD 、
5
NH -N和SS
3",解析文本拼接_表格清洗增强_01_001-020.md,017_广东台塑智能科技有限公司新建项目_01_受理公告或公示版
PL018,PL018_广东台塑智能科技有限公司新建项目_01_受理公告或公示版.pdf,35,1,8,完整,1.0,3 | 固废 | 生活垃圾 | / | 生活 | 生活垃圾由环卫部门及时清运,,解析文本拼接_表格清洗增强_01_001-020.md,017_广东台塑智能科技有限公司新建项目_01_受理公告或公示版
PL018,PL018_广东台塑智能科技有限公司新建项目_01_受理公告或公示版.pdf,35,1,11,完整,1.0,"一般废包装
材料 | 生产过程 | 定期交由废品回收商处理",,解析文本拼接_表格清洗增强_01_001-020.md,017_广东台塑智能科技有限公司新建项目_01_受理公告或公示版
PL018,PL018_广东台塑智能科技有限公司新建项目_01_受理公告或公示版.pdf,35,1,12,完整,1.0,"废机油 | 危险废物 | 设备维修 | 定期交有相应资质的危废单位
回收处理",,解析文本拼接_表格清洗增强_01_001-020.md,017_广东台塑智能科技有限公司新建项目_01_受理公告或公示版
PL018,PL018_广东台塑智能科技有限公司新建项目_01_受理公告或公示版.pdf,35,1,14,完整,1.0,废矿物油桶 | 设备维修,,解析文本拼接_表格清洗增强_01_001-020.md,017_广东台塑智能科技有限公司新建项目_01_受理公告或公示版
PL018,PL018_广东台塑智能科技有限公司新建项目_01_受理公告或公示版.pdf,35,1,15,完整,1.0,"废含油抹
布、蘸有油
墨的废抹布 | 设备维修",,解析文本拼接_表格清洗增强_01_001-020.md,017_广东台塑智能科技有限公司新建项目_01_受理公告或公示版
PL018,PL018_广东台塑智能科技有限公司新建项目_01_受理公告或公示版.pdf,35,2,7,完整,1.0,表2-12 | 项目产污环节汇总表,,解析文本拼接_表格清洗增强_01_001-020.md,017_广东台塑智能科技有限公司新建项目_01_受理公告或公示版
PL018,PL018_广东台塑智能科技有限公司新建项目_01_受理公告或公示版.pdf,35,2,9,完整,1.0,序 | 污染 | 号、 | 主要污染因,,解析文本拼接_表格清洗增强_01_001-020.md,017_广东台塑智能科技有限公司新建项目_01_受理公告或公示版
PL018,PL018_广东台塑智能科技有限公司新建项目_01_受理公告或公示版.pdf,35,2,11,完整,1.0,号 | 类别 | 名称)/污染 | 子,,解析文本拼接_表格清洗增强_01_001-020.md,017_广东台塑智能科技有限公司新建项目_01_受理公告或公示版
PL018,PL018_广东台塑智能科技有限公司新建项目_01_受理公告或公示版.pdf,35,2,15,完整,1.0,非甲烷总烃、 | 注塑、挤塑、印,,解析文本拼接_表格清洗增强_01_001-020.md,017_广东台塑智能科技有限公司新建项目_01_受理公告或公示版
PL018,PL018_广东台塑智能科技有限公司新建项目_01_受理公告或公示版.pdf,35,2,16,完整,1.0,（排放 | 收集后通过活性炭吸附废气处,,解析文本拼接_表格清洗增强_01_001-020.md,017_广东台塑智能科技有限公司新建项目_01_受理公告或公示版
PL018,PL018_广东台塑智能科技有限公司新建项目_01_受理公告或公示版.pdf,35,2,17,完整,1.0,G1 | 、臭气 | 刷（含烘干、擦,,解析文本拼接_表格清洗增强_01_001-020.md,017_广东台塑智能科技有限公司新建项目_01_受理公告或公示版
PL018,PL018_广东台塑智能科技有限公司新建项目_01_受理公告或公示版.pdf,35,2,18,完整,1.0,口） | VOCs | 理设施进行处理，处理达标后,,解析文本拼接_表格清洗增强_01_001-020.md,017_广东台塑智能科技有限公司新建项目_01_受理公告或公示版
PL018,PL018_广东台塑智能科技有限公司新建项目_01_受理公告或公示版.pdf,35,2,20,完整,1.0,1 | 废气 | 通过排气筒G1（24m）引至楼,,解析文本拼接_表格清洗增强_01_001-020.md,017_广东台塑智能科技有限公司新建项目_01_受理公告或公示版
PL018,PL018_广东台塑智能科技有限公司新建项目_01_受理公告或公示版.pdf,35,2,22,完整,1.0,非甲烷总烃、 | 注塑、挤塑、印,,解析文本拼接_表格清洗增强_01_001-020.md,017_广东台塑智能科技有限公司新建项目_01_受理公告或公示版
PL018,PL018_广东台塑智能科技有限公司新建项目_01_受理公告或公示版.pdf,35,2,23,完整,1.0,无组织排放 | VOCs、臭气 | 刷（含烘干、擦 | 加强废气收集效果,,解析文本拼接_表格清洗增强_01_001-020.md,017_广东台塑智能科技有限公司新建项目_01_受理公告或公示版
PL018,PL018_广东台塑智能科技有限公司新建项目_01_受理公告或公示版.pdf,35,2,27,部分,0.75,"生活污水 | BOD 、
5 | 生活 | 北滘污水处理厂处理","BOD 、
5",解析文本拼接_表格清洗增强_01_001-020.md,017_广东台塑智能科技有限公司新建项目_01_受理公告或公示版
PL018,PL018_广东台塑智能科技有限公司新建项目_01_受理公告或公示版.pdf,35,2,44,完整,1.0,固废 | 一般废包装,,解析文本拼接_表格清洗增强_01_001-020.md,017_广东台塑智能科技有限公司新建项目_01_受理公告或公示版
PL018,PL018_广东台塑智能科技有限公司新建项目_01_受理公告或公示版.pdf,35,2,45,完整,1.0,3 | 生产过程 | 定期交由废品回收商处理,,解析文本拼接_表格清洗增强_01_001-020.md,017_广东台塑智能科技有限公司新建项目_01_受理公告或公示版
PL018,PL018_广东台塑智能科技有限公司新建项目_01_受理公告或公示版.pdf,35,2,47,完整,1.0,废机油 | 设备维修,,解析文本拼接_表格清洗增强_01_001-020.md,017_广东台塑智能科技有限公司新建项目_01_受理公告或公示版
PL018,PL018_广东台塑智能科技有限公司新建项目_01_受理公告或公示版.pdf,35,2,49,完整,1.0,废矿物油桶 | 设备维修 | 定期交有相应资质的危废单位,,解析文本拼接_表格清洗增强_01_001-020.md,017_广东台塑智能科技有限公司新建项目_01_受理公告或公示版
PL018,PL018_广东台塑智能科技有限公司新建项目_01_受理公告或公示版.pdf,35,2,52,完整,1.0,布、蘸有油 | 设备维修,,解析文本拼接_表格清洗增强_01_001-020.md,017_广东台塑智能科技有限公司新建项目_01_受理公告或公示版
PL018,PL018_广东台塑智能科技有限公司新建项目_01_受理公告或公示版.pdf,36,1,1,完整,1.0,"化工原料废
包装材料 | 生产过程",,解析文本拼接_表格清洗增强_01_001-020.md,017_广东台塑智能科技有限公司新建项目_01_受理公告或公示版
PL018,PL018_广东台塑智能科技有限公司新建项目_01_受理公告或公示版.pdf,36,1,2,完整,1.0,废活性炭 | 废气处理设施,,解析文本拼接_表格清洗增强_01_001-020.md,017_广东台塑智能科技有限公司新建项目_01_受理公告或公示版
PL018,PL018_广东台塑智能科技有限公司新建项目_01_受理公告或公示版.pdf,36,1,3,完整,1.0,"4 | 噪声 | 噪声 | 等效A 声级 | 全厂设备 | 车间设备合理布局，厂房建筑
隔声；采取降噪措施",,解析文本拼接_表格清洗增强_01_001-020.md,017_广东台塑智能科技有限公司新建项目_01_受理公告或公示版
PL018,PL018_广东台塑智能科技有限公司新建项目_01_受理公告或公示版.pdf,36,1,4,完整,1.0,"与
项
目
有
关
的
原
有
环
境
污
染
问
题 | 本项目为新建，租赁已建的工业厂房简单装修后进行生产，没有与项目有关的原有环境
污染问题。",,解析文本拼接_表格清洗增强_01_001-020.md,017_广东台塑智能科技有限公司新建项目_01_受理公告或公示版
PL018,PL018_广东台塑智能科技有限公司新建项目_01_受理公告或公示版.pdf,36,2,4,完整,1.0,废活性炭 | 废气处理设施,,解析文本拼接_表格清洗增强_01_001-020.md,017_广东台塑智能科技有限公司新建项目_01_受理公告或公示版
PL018,PL018_广东台塑智能科技有限公司新建项目_01_受理公告或公示版.pdf,36,2,5,疑似缺失,0.667,噪声 | 噪声 等效 声级 | 全厂设备,噪声 等效 声级,解析文本拼接_表格清洗增强_01_001-020.md,017_广东台塑智能科技有限公司新建项目_01_受理公告或公示版
PL018,PL018_广东台塑智能科技有限公司新建项目_01_受理公告或公示版.pdf,37,2,1,完整,1.0,污染物 | 浓度均值 | 评价标准 | 达标情况,,解析文本拼接_表格清洗增强_01_001-020.md,017_广东台塑智能科技有限公司新建项目_01_受理公告或公示版
PL018,PL018_广东台塑智能科技有限公司新建项目_01_受理公告或公示版.pdf,37,2,2,部分,0.75,"SO （μg/m3）
2 | 6 | 60 | 达标","SO （μg/m3）
2",解析文本拼接_表格清洗增强_01_001-020.md,017_广东台塑智能科技有限公司新建项目_01_受理公告或公示版
PL018,PL018_广东台塑智能科技有限公司新建项目_01_受理公告或公示版.pdf,37,2,3,部分,0.75,"NO （μg/m3）
2 | 28 | 40 | 达标","NO （μg/m3）
2",解析文本拼接_表格清洗增强_01_001-020.md,017_广东台塑智能科技有限公司新建项目_01_受理公告或公示版
PL018,PL018_广东台塑智能科技有限公司新建项目_01_受理公告或公示版.pdf,37,2,4,部分,0.75,"PM （μg/m3）
10 | 35 | 70 | 达标","PM （μg/m3）
10",解析文本拼接_表格清洗增强_01_001-020.md,017_广东台塑智能科技有限公司新建项目_01_受理公告或公示版
PL018,PL018_广东台塑智能科技有限公司新建项目_01_受理公告或公示版.pdf,37,2,5,部分,0.75,"PM （μg/m3）
2.5 | 20 | 35 | 达标","PM （μg/m3）
2.5",解析文本拼接_表格清洗增强_01_001-020.md,017_广东台塑智能科技有限公司新建项目_01_受理公告或公示版
PL018,PL018_广东台塑智能科技有限公司新建项目_01_受理公告或公示版.pdf,37,2,6,完整,1.0,CO*（mg/m3） | 1 | 4 | 达标,,解析文本拼接_表格清洗增强_01_001-020.md,017_广东台塑智能科技有限公司新建项目_01_受理公告或公示版
PL018,PL018_广东台塑智能科技有限公司新建项目_01_受理公告或公示版.pdf,37,2,7,部分,0.75,"O -8H*（μg/m3）
3 | 164 | 160 | 超标","O -8H*（μg/m3）
3",解析文本拼接_表格清洗增强_01_001-020.md,017_广东台塑智能科技有限公司新建项目_01_受理公告或公示版
PL018,PL018_广东台塑智能科技有限公司新建项目_01_受理公告或公示版.pdf,37,3,17,疑似缺失,0.5,环境 | PM 10 （μg/m ） 35 70 达标,PM 10 （μg/m ） 35 70 达标,解析文本拼接_表格清洗增强_01_001-020.md,017_广东台塑智能科技有限公司新建项目_01_受理公告或公示版
PL018,PL018_广东台塑智能科技有限公司新建项目_01_受理公告或公示版.pdf,37,3,18,疑似缺失,0.5,质量 | （ 3） 达标,（ 3） 达标,解析文本拼接_表格清洗增强_01_001-020.md,017_广东台塑智能科技有限公司新建项目_01_受理公告或公示版
PL018,PL018_广东台塑智能科技有限公司新建项目_01_受理公告或公示版.pdf,38,1,2,完整,1.0,"环境
保护
目标 | 1、大气环境
项目周围主要大气环境保护目标见表3-2。
表3-2 主要环境保护目标
环境功能 相对厂 相对厂界
序号 名称 保护对象 保护内容
区 址方位 距离/m
1 黄龙村居民区 住宅 人群健康 大气二类 东北面 100
2 马龙村居民区 住宅 人群健康 大气二类 西面 230
2、声环境
项目所在地属于3类声环境功能区，厂界外50",,解析文本拼接_表格清洗增强_01_001-020.md,017_广东台塑智能科技有限公司新建项目_01_受理公告或公示版
PL018,PL018_广东台塑智能科技有限公司新建项目_01_受理公告或公示版.pdf,38,3,3,完整,1.0,号） | ，项目所在地属于 3 类声环境功能区，声环境质量执行《声环境质量标准》,,解析文本拼接_表格清洗增强_01_001-020.md,017_广东台塑智能科技有限公司新建项目_01_受理公告或公示版
PL018,PL018_广东台塑智能科技有限公司新建项目_01_受理公告或公示版.pdf,38,3,4,完整,1.0,（G | B3096-2008）中的3类标准：昼间≤65dB（A）、夜间≤55dB（A）。本项目厂界外50m,,解析文本拼接_表格清洗增强_01_001-020.md,017_广东台塑智能科技有限公司新建项目_01_受理公告或公示版
PL018,PL018_广东台塑智能科技有限公司新建项目_01_受理公告或公示版.pdf,38,3,18,完整,1.0,1 | 黄龙村居民区 住宅 人群健康 大气二类 东北面 100,,解析文本拼接_表格清洗增强_01_001-020.md,017_广东台塑智能科技有限公司新建项目_01_受理公告或公示版
PL018,PL018_广东台塑智能科技有限公司新建项目_01_受理公告或公示版.pdf,38,3,19,完整,1.0,2 | 马龙村居民区 住宅 人群健康 大气二类 西面 230,,解析文本拼接_表格清洗增强_01_001-020.md,017_广东台塑智能科技有限公司新建项目_01_受理公告或公示版
PL018,PL018_广东台塑智能科技有限公司新建项目_01_受理公告或公示版.pdf,38,3,21,完整,1.0,保护 | 2、声环境,,解析文本拼接_表格清洗增强_01_001-020.md,017_广东台塑智能科技有限公司新建项目_01_受理公告或公示版
PL018,PL018_广东台塑智能科技有限公司新建项目_01_受理公告或公示版.pdf,39,2,1,部分,0.833,"指标 | pH | COD
Cr | BOD
5 | NH -N
3 | SS","NH -N
3",解析文本拼接_表格清洗增强_01_001-020.md,017_广东台塑智能科技有限公司新建项目_01_受理公告或公示版
PL018,PL018_广东台塑智能科技有限公司新建项目_01_受理公告或公示版.pdf,39,2,2,完整,1.0,厂区排放口标准 | 6～9 | 500 | 300 | -- | 400,,解析文本拼接_表格清洗增强_01_001-020.md,017_广东台塑智能科技有限公司新建项目_01_受理公告或公示版
PL018,PL018_广东台塑智能科技有限公司新建项目_01_受理公告或公示版.pdf,39,2,3,完整,1.0,"污水处理厂
尾水排放标准 | 6-9 | 40 | 10 | 5 | 10",,解析文本拼接_表格清洗增强_01_001-020.md,017_广东台塑智能科技有限公司新建项目_01_受理公告或公示版
PL018,PL018_广东台塑智能科技有限公司新建项目_01_受理公告或公示版.pdf,39,3,19,完整,1.0,放控 | 厂区排放口标准 6～9 500 300 -- 400,,解析文本拼接_表格清洗增强_01_001-020.md,017_广东台塑智能科技有限公司新建项目_01_受理公告或公示版
PL018,PL018_广东台塑智能科技有限公司新建项目_01_受理公告或公示版.pdf,40,2,1,完整,1.0,"工序 | 排气筒
（m） | 污染因子 | 有组织 | 执行标准",,解析文本拼接_表格清洗增强_01_001-020.md,017_广东台塑智能科技有限公司新建项目_01_受理公告或公示版
PL018,PL018_广东台塑智能科技有限公司新建项目_01_受理公告或公示版.pdf,40,2,2,完整,1.0,"最高允许排放
浓度
（mg/m3） | 最高允许排
放速率
（kg/h）",,解析文本拼接_表格清洗增强_01_001-020.md,017_广东台塑智能科技有限公司新建项目_01_受理公告或公示版
PL018,PL018_广东台塑智能科技有限公司新建项目_01_受理公告或公示版.pdf,40,2,3,完整,1.0,"注塑、挤
塑、印刷
（含烘干、 | G1
（24m） | 非甲烷总烃 | 70 | --- | GB31572-2015，
含2024年修改
单、
GB41616-2022",,解析文本拼接_表格清洗增强_01_001-020.md,017_广东台塑智能科技有限公司新建项目_01_受理公告或公示版
PL018,PL018_广东台塑智能科技有限公司新建项目_01_受理公告或公示版.pdf,41,2,1,完整,1.0,擦洗） | VOCs | 120 | 2.55 | DB44/815-2010,,解析文本拼接_表格清洗增强_01_001-020.md,017_广东台塑智能科技有限公司新建项目_01_受理公告或公示版
PL018,PL018_广东台塑智能科技有限公司新建项目_01_受理公告或公示版.pdf,41,2,2,完整,1.0,"苯乙烯 | 50 | --- | GB31572-2015，
含2024年修改
单",,解析文本拼接_表格清洗增强_01_001-020.md,017_广东台塑智能科技有限公司新建项目_01_受理公告或公示版
PL018,PL018_广东台塑智能科技有限公司新建项目_01_受理公告或公示版.pdf,41,2,3,完整,1.0,丙烯腈 | 0.5 | ---,,解析文本拼接_表格清洗增强_01_001-020.md,017_广东台塑智能科技有限公司新建项目_01_受理公告或公示版
PL018,PL018_广东台塑智能科技有限公司新建项目_01_受理公告或公示版.pdf,41,2,4,完整,1.0,"1,3-丁二烯 | 1 | ---",,解析文本拼接_表格清洗增强_01_001-020.md,017_广东台塑智能科技有限公司新建项目_01_受理公告或公示版
PL018,PL018_广东台塑智能科技有限公司新建项目_01_受理公告或公示版.pdf,41,2,5,完整,1.0,甲苯 | 15 | ---,,解析文本拼接_表格清洗增强_01_001-020.md,017_广东台塑智能科技有限公司新建项目_01_受理公告或公示版
PL018,PL018_广东台塑智能科技有限公司新建项目_01_受理公告或公示版.pdf,41,2,6,完整,1.0,乙苯 | 100 | ---,,解析文本拼接_表格清洗增强_01_001-020.md,017_广东台塑智能科技有限公司新建项目_01_受理公告或公示版
PL018,PL018_广东台塑智能科技有限公司新建项目_01_受理公告或公示版.pdf,41,2,7,完整,1.0,臭气浓度 | 6000（无量纲） | --- | GB14554-93,,解析文本拼接_表格清洗增强_01_001-020.md,017_广东台塑智能科技有限公司新建项目_01_受理公告或公示版
PL018,PL018_广东台塑智能科技有限公司新建项目_01_受理公告或公示版.pdf,41,3,1,完整,1.0,"工序 | 污染因子 | 无组织排放浓度限值
（mg/m3） | 执行标准",,解析文本拼接_表格清洗增强_01_001-020.md,017_广东台塑智能科技有限公司新建项目_01_受理公告或公示版
PL018,PL018_广东台塑智能科技有限公司新建项目_01_受理公告或公示版.pdf,41,3,2,完整,1.0,"注塑、挤
塑、印刷
（含烘干、
擦洗） | VOCs | 2.0 | DB44/815-2010",,解析文本拼接_表格清洗增强_01_001-020.md,017_广东台塑智能科技有限公司新建项目_01_受理公告或公示版
PL018,PL018_广东台塑智能科技有限公司新建项目_01_受理公告或公示版.pdf,41,3,3,完整,1.0,臭气浓度 | 20（无量纲） | GB14554-93,,解析文本拼接_表格清洗增强_01_001-020.md,017_广东台塑智能科技有限公司新建项目_01_受理公告或公示版
PL018,PL018_广东台塑智能科技有限公司新建项目_01_受理公告或公示版.pdf,41,3,4,完整,1.0,注塑、挤塑 | 丙烯腈 | 0.1 | DB44/2367-2022,,解析文本拼接_表格清洗增强_01_001-020.md,017_广东台塑智能科技有限公司新建项目_01_受理公告或公示版
PL018,PL018_广东台塑智能科技有限公司新建项目_01_受理公告或公示版.pdf,41,3,5,完整,1.0,破碎 | 颗粒物 | 1.0 | DB44/27-2001,,解析文本拼接_表格清洗增强_01_001-020.md,017_广东台塑智能科技有限公司新建项目_01_受理公告或公示版
PL018,PL018_广东台塑智能科技有限公司新建项目_01_受理公告或公示版.pdf,41,4,1,完整,1.0,"工序 | 污染因子 | 特别排放限值
mg/m³ | 限值意义 | 执行标准",,解析文本拼接_表格清洗增强_01_001-020.md,017_广东台塑智能科技有限公司新建项目_01_受理公告或公示版
PL018,PL018_广东台塑智能科技有限公司新建项目_01_受理公告或公示版.pdf,41,4,2,完整,1.0,注塑、挤 | NMHC | 6 | 监控点处1h平均浓度值 | DB44/2367-2022,,解析文本拼接_表格清洗增强_01_001-020.md,017_广东台塑智能科技有限公司新建项目_01_受理公告或公示版
PL018,PL018_广东台塑智能科技有限公司新建项目_01_受理公告或公示版.pdf,41,5,1,完整,1.0,VOCs | 120 | 2.55 DB44/815-2010,,解析文本拼接_表格清洗增强_01_001-020.md,017_广东台塑智能科技有限公司新建项目_01_受理公告或公示版
PL018,PL018_广东台塑智能科技有限公司新建项目_01_受理公告或公示版.pdf,41,5,2,完整,1.0,苯乙烯 | 50 | ---,,解析文本拼接_表格清洗增强_01_001-020.md,017_广东台塑智能科技有限公司新建项目_01_受理公告或公示版
PL018,PL018_广东台塑智能科技有限公司新建项目_01_受理公告或公示版.pdf,41,5,3,完整,1.0,丙烯腈 | 0.5 | ---,,解析文本拼接_表格清洗增强_01_001-020.md,017_广东台塑智能科技有限公司新建项目_01_受理公告或公示版
PL018,PL018_广东台塑智能科技有限公司新建项目_01_受理公告或公示版.pdf,41,5,5,部分,0.75,"1 | ,3-丁二烯 | 1 | --- 含2024年修改",--- 含2024年修改,解析文本拼接_表格清洗增强_01_001-020.md,017_广东台塑智能科技有限公司新建项目_01_受理公告或公示版
PL018,PL018_广东台塑智能科技有限公司新建项目_01_受理公告或公示版.pdf,41,5,7,完整,1.0,甲苯 | 15 | ---,,解析文本拼接_表格清洗增强_01_001-020.md,017_广东台塑智能科技有限公司新建项目_01_受理公告或公示版
PL018,PL018_广东台塑智能科技有限公司新建项目_01_受理公告或公示版.pdf,41,5,8,完整,1.0,乙苯 | 100 | ---,,解析文本拼接_表格清洗增强_01_001-020.md,017_广东台塑智能科技有限公司新建项目_01_受理公告或公示版
PL018,PL018_广东台塑智能科技有限公司新建项目_01_受理公告或公示版.pdf,41,5,9,完整,1.0,臭气浓度 6000（ | 无量纲） | --- GB14554-93,,解析文本拼接_表格清洗增强_01_001-020.md,017_广东台塑智能科技有限公司新建项目_01_受理公告或公示版
PL018,PL018_广东台塑智能科技有限公司新建项目_01_受理公告或公示版.pdf,41,5,10,完整,1.0,注：（1）根据《恶臭污染 | 物 | 排放标准》（GB | 14554-93）表2 | 恶臭污染物排放标准值：排,,解析文本拼接_表格清洗增强_01_001-020.md,017_广东台塑智能科技有限公司新建项目_01_受理公告或公示版
PL018,PL018_广东台塑智能科技有限公司新建项目_01_受理公告或公示版.pdf,41,5,11,完整,1.0,气筒高度为15m时，臭气 | 浓 | 度标准值为2000 | （无量纲）；排 | 气筒高度为25m时，臭气浓,,解析文本拼接_表格清洗增强_01_001-020.md,017_广东台塑智能科技有限公司新建项目_01_受理公告或公示版
PL018,PL018_广东台塑智能科技有限公司新建项目_01_受理公告或公示版.pdf,41,5,12,完整,1.0,度标准值为6000（无量纲 | ） | ，本项目排气筒 | 高度为24m，采 | 用四舍五入方法计算排气筒,,解析文本拼接_表格清洗增强_01_001-020.md,017_广东台塑智能科技有限公司新建项目_01_受理公告或公示版
PL018,PL018_广东台塑智能科技有限公司新建项目_01_受理公告或公示版.pdf,41,5,13,完整,1.0,高度，因此，臭气浓度最 | 高 | 允许排放浓度为6 | 000（无量纲） | 。,,解析文本拼接_表格清洗增强_01_001-020.md,017_广东台塑智能科技有限公司新建项目_01_受理公告或公示版
PL018,PL018_广东台塑智能科技有限公司新建项目_01_受理公告或公示版.pdf,41,5,14,完整,1.0,（2）根据《印刷行业挥发 | 性有机物排放标准 | 》（DB44/815- | 2010），排气筒高度未高出,,解析文本拼接_表格清洗增强_01_001-020.md,017_广东台塑智能科技有限公司新建项目_01_受理公告或公示版
PL018,PL018_广东台塑智能科技有限公司新建项目_01_受理公告或公示版.pdf,41,5,15,完整,1.0,周围200m半径范围内的 | 建 | 筑5m以上，VOC | s污染物最高允 | 许排放速率需要按排放速率,,解析文本拼接_表格清洗增强_01_001-020.md,017_广东台塑智能科技有限公司新建项目_01_受理公告或公示版
PL018,PL018_广东台塑智能科技有限公司新建项目_01_受理公告或公示版.pdf,41,5,17,完整,1.0,"（3）苯乙烯、丙烯腈、1, | 3 | -丁二烯、甲苯、乙 | 苯为ABS特征 | 污染物。",,解析文本拼接_表格清洗增强_01_001-020.md,017_广东台塑智能科技有限公司新建项目_01_受理公告或公示版
PL018,PL018_广东台塑智能科技有限公司新建项目_01_受理公告或公示版.pdf,41,5,18,完整,1.0,表 | 3- | 5 项目废气排放 | 标准（无组织排 | 放）,,解析文本拼接_表格清洗增强_01_001-020.md,017_广东台塑智能科技有限公司新建项目_01_受理公告或公示版
PL018,PL018_广东台塑智能科技有限公司新建项目_01_受理公告或公示版.pdf,41,5,20,完整,1.0,工序 污染 | 因子 | 执行标准,,解析文本拼接_表格清洗增强_01_001-020.md,017_广东台塑智能科技有限公司新建项目_01_受理公告或公示版
PL018,PL018_广东台塑智能科技有限公司新建项目_01_受理公告或公示版.pdf,41,5,22,部分,0.75,注塑、挤 VO | Cs | 2.0 | DB44/815-2010,注塑、挤 VO,解析文本拼接_表格清洗增强_01_001-020.md,017_广东台塑智能科技有限公司新建项目_01_受理公告或公示版
PL018,PL018_广东台塑智能科技有限公司新建项目_01_受理公告或公示版.pdf,41,5,24,部分,0.75,（含烘干、 臭气 | 浓度 2 | 0（无量纲） | GB14554-93,（含烘干、 臭气,解析文本拼接_表格清洗增强_01_001-020.md,017_广东台塑智能科技有限公司新建项目_01_受理公告或公示版
PL018,PL018_广东台塑智能科技有限公司新建项目_01_受理公告或公示版.pdf,41,5,26,完整,1.0,注塑、挤塑 丙 | 烯 | 腈 | 0.1 | DB44/2367-2022,,解析文本拼接_表格清洗增强_01_001-020.md,017_广东台塑智能科技有限公司新建项目_01_受理公告或公示版
PL018,PL018_广东台塑智能科技有限公司新建项目_01_受理公告或公示版.pdf,41,5,27,完整,1.0,破碎 颗 | 粒 | 物 | 1.0 | DB44/27-2001,,解析文本拼接_表格清洗增强_01_001-020.md,017_广东台塑智能科技有限公司新建项目_01_受理公告或公示版
PL018,PL018_广东台塑智能科技有限公司新建项目_01_受理公告或公示版.pdf,41,5,28,完整,1.0,注：丙烯腈为ABS特征污 | 染物。,,解析文本拼接_表格清洗增强_01_001-020.md,017_广东台塑智能科技有限公司新建项目_01_受理公告或公示版
PL018,PL018_广东台塑智能科技有限公司新建项目_01_受理公告或公示版.pdf,41,5,29,完整,1.0,表3- | 6 | 厂区内挥发性 | 有机物无组织排 | 放限值,,解析文本拼接_表格清洗增强_01_001-020.md,017_广东台塑智能科技有限公司新建项目_01_受理公告或公示版
PL018,PL018_广东台塑智能科技有限公司新建项目_01_受理公告或公示版.pdf,41,5,31,完整,1.0,工序 污染因子 | 限值意义 | 执行标准,,解析文本拼接_表格清洗增强_01_001-020.md,017_广东台塑智能科技有限公司新建项目_01_受理公告或公示版
PL018,PL018_广东台塑智能科技有限公司新建项目_01_受理公告或公示版.pdf,41,5,33,完整,1.0,注塑、挤 NMHC | 6 | 监控点处1h平均 | 浓度值 DB44/2367-2022,,解析文本拼接_表格清洗增强_01_001-020.md,017_广东台塑智能科技有限公司新建项目_01_受理公告或公示版
PL018,PL018_广东台塑智能科技有限公司新建项目_01_受理公告或公示版.pdf,42,1,2,完整,1.0,"总量
控制
指标 | （1）生活污水
本项目生活污水排放量为 2349m3/a，COD 排放量为 0.094t/a，NH -N 排放量为
Cr 3
0.012t/a。生活污水经三级化粪处理达标后排至北滘污水处理厂处理。根据《佛山市人民
政府办公室关于印发佛山市排污权有偿使用和交易管理办法的通知》（佛府办〔2020〕19
号），生活污水COD 、NH -N不分",,解析文本拼接_表格清洗增强_01_001-020.md,017_广东台塑智能科技有限公司新建项目_01_受理公告或公示版
PL018,PL018_广东台塑智能科技有限公司新建项目_01_受理公告或公示版.pdf,42,2,1,完整,1.0,"塑、印刷
（含烘
干、擦洗） | 20 | 监控点处任意一次浓度
值 | 与
GB41616-2022
较严值",,解析文本拼接_表格清洗增强_01_001-020.md,017_广东台塑智能科技有限公司新建项目_01_受理公告或公示版
PL018,PL018_广东台塑智能科技有限公司新建项目_01_受理公告或公示版.pdf,42,3,2,完整,1.0,3类 | 65 | 55,,解析文本拼接_表格清洗增强_01_001-020.md,017_广东台塑智能科技有限公司新建项目_01_受理公告或公示版
PL018,PL018_广东台塑智能科技有限公司新建项目_01_受理公告或公示版.pdf,42,4,9,完整,1.0,物污 | 染环境防治条例》的要求；固体废物暂存于仓库，仓库应满足防渗漏、防雨淋、防扬,,解析文本拼接_表格清洗增强_01_001-020.md,017_广东台塑智能科技有限公司新建项目_01_受理公告或公示版
PL018,PL018_广东台塑智能科技有限公司新建项目_01_受理公告或公示版.pdf,42,4,12,完整,1.0,（G | B18597-2023）、《固体废物鉴别标准 通则》（GB34330-2017）。,,解析文本拼接_表格清洗增强_01_001-020.md,017_广东台塑智能科技有限公司新建项目_01_受理公告或公示版
PL018,PL018_广东台塑智能科技有限公司新建项目_01_受理公告或公示版.pdf,42,4,16,完整,1.0,0.012 | t/a。生活污水经三级化粪处理达标后排至北滘污水处理厂处理。根据《佛山市人民,,解析文本拼接_表格清洗增强_01_001-020.md,017_广东台塑智能科技有限公司新建项目_01_受理公告或公示版
PL018,PL018_广东台塑智能科技有限公司新建项目_01_受理公告或公示版.pdf,42,4,17,完整,1.0,政府 | 办公室关于印发佛山市排污权有偿使用和交易管理办法的通知》（佛府办〔2020〕19,,解析文本拼接_表格清洗增强_01_001-020.md,017_广东台塑智能科技有限公司新建项目_01_受理公告或公示版
PL018,PL018_广东台塑智能科技有限公司新建项目_01_受理公告或公示版.pdf,42,4,19,疑似缺失,0.0,"控制 号） | ，生活污水COD 、NH -N不分配总量。
Cr 3","控制 号）；，生活污水COD 、NH -N不分配总量。
Cr 3",解析文本拼接_表格清洗增强_01_001-020.md,017_广东台塑智能科技有限公司新建项目_01_受理公告或公示版
PL018,PL018_广东台塑智能科技有限公司新建项目_01_受理公告或公示版.pdf,42,4,20,疑似缺失,0.5,指标 | （ ）有机废气,（ ）有机废气,解析文本拼接_表格清洗增强_01_001-020.md,017_广东台塑智能科技有限公司新建项目_01_受理公告或公示版
PL018,PL018_广东台塑智能科技有限公司新建项目_01_受理公告或公示版.pdf,43,1,1,完整,1.0,"施
工
期
环
境
保
护
措
施 | 项目租用已经建设完毕的工业厂房，不涉及厂房建设，施工过程主要是内部装修和设备
安装，没有基建工程，因此施工期间基本不存在大型土建工程，施工期间产生的影响主要是
由于设备运输、安装时产生的噪声等。
施工期建设方应严格遵守有关建筑施工的环境保护条例，防止运输扬尘，建筑垃圾、废
物等及时清运，降低施工过程对周围环境造成的影响",,解析文本拼接_表格清洗增强_01_001-020.md,017_广东台塑智能科技有限公司新建项目_01_受理公告或公示版
PL018,PL018_广东台塑智能科技有限公司新建项目_01_受理公告或公示版.pdf,43,2,1,完整,1.0,"生产工
艺 | 产排污
环节 | 污染物种类 | 排放
形式 | 废气收集 | 污染防治设施 | 排放
口类
型",,解析文本拼接_表格清洗增强_01_001-020.md,017_广东台塑智能科技有限公司新建项目_01_受理公告或公示版
PL018,PL018_广东台塑智能科技有限公司新建项目_01_受理公告或公示版.pdf,43,2,2,完整,1.0,"收集
措施 | 收集
效率 | 污染防
治设施
名称及
工艺 | 治理
效率 | 是否为
可行性
技术",,解析文本拼接_表格清洗增强_01_001-020.md,017_广东台塑智能科技有限公司新建项目_01_受理公告或公示版
PL018,PL018_广东台塑智能科技有限公司新建项目_01_受理公告或公示版.pdf,43,2,4,完整,1.0,"注塑 | 注塑 | 非甲烷总
烃、臭气浓
度 | 有组
织 | 半密
闭型
集气
罩 | 65% | 活性炭吸
附 | 50% | 是 | 一般
排放
口",,解析文本拼接_表格清洗增强_01_001-020.md,017_广东台塑智能科技有限公司新建项目_01_受理公告或公示版
PL018,PL018_广东台塑智能科技有限公司新建项目_01_受理公告或公示版.pdf,43,2,5,完整,1.0,"挤塑 | 挤塑 | 非甲烷总
烃、臭气浓
度 | 有组
织 | 包围
型集
气罩 | 50% | 活性炭吸
附 | 50% | 是 | 一般
排放
口",,解析文本拼接_表格清洗增强_01_001-020.md,017_广东台塑智能科技有限公司新建项目_01_受理公告或公示版
PL018,PL018_广东台塑智能科技有限公司新建项目_01_受理公告或公示版.pdf,43,2,6,完整,1.0,"印刷（含
烘干、擦
洗） | 印刷
（含烘
干、擦
洗） | 非甲烷总
烃、臭气浓
度、VOCs | 有组
织 | 包围
型集
气罩 | 50% | 活性炭吸
附 | 50% | 是 | 一般
排放
口",,解析文本拼接_表格清洗增强_01_001-020.md,017_广东台塑智能科技有限公司新建项目_01_受理公告或公示版
PL018,PL018_广东台塑智能科技有限公司新建项目_01_受理公告或公示版.pdf,43,3,2,疑似缺失,0.6,"1 | 包围型集气
罩、半密闭型
集气罩 | Q=WHv ×3600
x | Q：排放量，m3/h； | v ：0.25~2.5m/s
x","Q=WHv ×3600
x；v ：0.25~2.5m/s
x",解析文本拼接_表格清洗增强_01_001-020.md,017_广东台塑智能科技有限公司新建项目_01_受理公告或公示版
PL018,PL018_广东台塑智能科技有限公司新建项目_01_受理公告或公示版.pdf,43,3,3,完整,1.0,"H：污染源至罩口距
离，m | W：罩口长度，m",,解析文本拼接_表格清洗增强_01_001-020.md,017_广东台塑智能科技有限公司新建项目_01_受理公告或公示版
PL018,PL018_广东台塑智能科技有限公司新建项目_01_受理公告或公示版.pdf,43,4,4,完整,1.0,"由
环 | 于设备 | 运输、安装时 | 产生的噪声等 | 。",,解析文本拼接_表格清洗增强_01_001-020.md,017_广东台塑智能科技有限公司新建项目_01_受理公告或公示版
PL018,PL018_广东台塑智能科技有限公司新建项目_01_受理公告或公示版.pdf,43,4,12,完整,1.0,表4-1 项目 | 废气产污环节 | 、污染 | 物种类、 | 排放形 | 式及污染防 | 治设施一 | 览表,,解析文本拼接_表格清洗增强_01_001-020.md,017_广东台塑智能科技有限公司新建项目_01_受理公告或公示版
PL018,PL018_广东台塑智能科技有限公司新建项目_01_受理公告或公示版.pdf,43,4,13,完整,1.0,废气收 | 集 | 污染 | 防治设施,,解析文本拼接_表格清洗增强_01_001-020.md,017_广东台塑智能科技有限公司新建项目_01_受理公告或公示版
PL018,PL018_广东台塑智能科技有限公司新建项目_01_受理公告或公示版.pdf,43,4,18,完整,1.0,污染物种类 | 口类,,解析文本拼接_表格清洗增强_01_001-020.md,017_广东台塑智能科技有限公司新建项目_01_受理公告或公示版
PL018,PL018_广东台塑智能科技有限公司新建项目_01_受理公告或公示版.pdf,43,4,31,完整,1.0,非甲烷总 | 一般,,解析文本拼接_表格清洗增强_01_001-020.md,017_广东台塑智能科技有限公司新建项目_01_受理公告或公示版
PL018,PL018_广东台塑智能科技有限公司新建项目_01_受理公告或公示版.pdf,43,4,32,完整,1.0,有组 | 闭型 | 活性炭吸,,解析文本拼接_表格清洗增强_01_001-020.md,017_广东台塑智能科技有限公司新建项目_01_受理公告或公示版
PL018,PL018_广东台塑智能科技有限公司新建项目_01_受理公告或公示版.pdf,43,4,34,完整,1.0,运 | 织 | 集气 | 65% | 附 | 50%,,解析文本拼接_表格清洗增强_01_001-020.md,017_广东台塑智能科技有限公司新建项目_01_受理公告或公示版
PL018,PL018_广东台塑智能科技有限公司新建项目_01_受理公告或公示版.pdf,43,4,38,完整,1.0,期 | 非甲烷总 | 包围 | 一般,,解析文本拼接_表格清洗增强_01_001-020.md,017_广东台塑智能科技有限公司新建项目_01_受理公告或公示版
PL018,PL018_广东台塑智能科技有限公司新建项目_01_受理公告或公示版.pdf,43,4,39,完整,1.0,环 | 有组 | 活性炭吸,,解析文本拼接_表格清洗增强_01_001-020.md,017_广东台塑智能科技有限公司新建项目_01_受理公告或公示版
PL018,PL018_广东台塑智能科技有限公司新建项目_01_受理公告或公示版.pdf,43,4,40,完整,1.0,挤塑 | 挤塑 | 烃、臭气浓 | 型集 | 50% | 50% | 是 | 排放,,解析文本拼接_表格清洗增强_01_001-020.md,017_广东台塑智能科技有限公司新建项目_01_受理公告或公示版
PL018,PL018_广东台塑智能科技有限公司新建项目_01_受理公告或公示版.pdf,43,4,44,完整,1.0,印 | 刷（含 | 非甲烷总 | 包围 | 一般,,解析文本拼接_表格清洗增强_01_001-020.md,017_广东台塑智能科技有限公司新建项目_01_受理公告或公示版
PL018,PL018_广东台塑智能科技有限公司新建项目_01_受理公告或公示版.pdf,43,4,45,完整,1.0,响 | （含烘 | 有组 | 活性炭吸,,解析文本拼接_表格清洗增强_01_001-020.md,017_广东台塑智能科技有限公司新建项目_01_受理公告或公示版
PL018,PL018_广东台塑智能科技有限公司新建项目_01_受理公告或公示版.pdf,43,4,47,完整,1.0,和 | 干、擦 | 织 | 50% | 附 | 50%,,解析文本拼接_表格清洗增强_01_001-020.md,017_广东台塑智能科技有限公司新建项目_01_受理公告或公示版
PL018,PL018_广东台塑智能科技有限公司新建项目_01_受理公告或公示版.pdf,43,4,48,完整,1.0,洗） | 度、VOCs | 气罩 | 口,,解析文本拼接_表格清洗增强_01_001-020.md,017_广东台塑智能科技有限公司新建项目_01_受理公告或公示版
PL018,PL018_广东台塑智能科技有限公司新建项目_01_受理公告或公示版.pdf,43,4,54,完整,1.0,施 | 本项 | 目注塑废气采 | 用“半密闭型 | 集气罩” | 进行收 | 集；挤塑 | 废气、印 | 刷废气、 | 烘干废 | 气采,,解析文本拼接_表格清洗增强_01_001-020.md,017_广东台塑智能科技有限公司新建项目_01_受理公告或公示版
PL018,PL018_广东台塑智能科技有限公司新建项目_01_受理公告或公示版.pdf,43,4,56,完整,1.0,项目 | 排风量计算公 | 式参照《废 | 气处理工 | 程技术 | 手册》（ | 王纯、张 | 殿印主编 | ，化学 | 工业,,解析文本拼接_表格清洗增强_01_001-020.md,017_广东台塑智能科技有限公司新建项目_01_受理公告或公示版
PL018,PL018_广东台塑智能科技有限公司新建项目_01_受理公告或公示版.pdf,43,4,57,完整,1.0,版 | 社，20 | 13版）见下表 | ：,,解析文本拼接_表格清洗增强_01_001-020.md,017_广东台塑智能科技有限公司新建项目_01_受理公告或公示版
PL018,PL018_广东台塑智能科技有限公司新建项目_01_受理公告或公示版.pdf,43,4,58,完整,1.0,表4-2 | 项目 | 排风量 | 计算公式 | 表,,解析文本拼接_表格清洗增强_01_001-020.md,017_广东台塑智能科技有限公司新建项目_01_受理公告或公示版
PL018,PL018_广东台塑智能科技有限公司新建项目_01_受理公告或公示版.pdf,43,4,61,部分,0.714,"包围型集气 | Q：排 | 放量， | m /h； | v ：0.2
x | 5~2.5m | /s","m /h；；v ：0.2
x",解析文本拼接_表格清洗增强_01_001-020.md,017_广东台塑智能科技有限公司新建项目_01_受理公告或公示版
PL018,PL018_广东台塑智能科技有限公司新建项目_01_受理公告或公示版.pdf,43,4,62,部分,0.857,"1 | 罩、半密闭型 | Q=WHv ×
x | 3600 | H：污 | 染源至 | 罩口距","Q=WHv ×
x",解析文本拼接_表格清洗增强_01_001-020.md,017_广东台塑智能科技有限公司新建项目_01_受理公告或公示版
PL018,PL018_广东台塑智能科技有限公司新建项目_01_受理公告或公示版.pdf,44,2,1,完整,1.0,"排气
筒 | 收集区域 | 收集方式 | 罩口长
度（m） | 集气罩
个数
（个） | 有害物至
罩口的距
离（m） | 罩口截
面风速
（m/s） | 罩口排
风量
（m3/h） | 风量小
计（m3/h） | 选用风
机风量
（m3/h）",,解析文本拼接_表格清洗增强_01_001-020.md,017_广东台塑智能科技有限公司新建项目_01_受理公告或公示版
PL018,PL018_广东台塑智能科技有限公司新建项目_01_受理公告或公示版.pdf,44,2,2,完整,1.0,"G1 | 注塑区 | 半密闭型
集气罩 | 0.4 | 53 | 0.25 | 0.4 | 7632 | 7632 | 9500",,解析文本拼接_表格清洗增强_01_001-020.md,017_广东台塑智能科技有限公司新建项目_01_受理公告或公示版
PL018,PL018_广东台塑智能科技有限公司新建项目_01_受理公告或公示版.pdf,44,2,3,完整,1.0,"注塑区 | 半密闭型
集气罩 | 0.4 | 47 | 0.25 | 0.4 | 6768 | 11851 | 15000",,解析文本拼接_表格清洗增强_01_001-020.md,017_广东台塑智能科技有限公司新建项目_01_受理公告或公示版
PL018,PL018_广东台塑智能科技有限公司新建项目_01_受理公告或公示版.pdf,44,2,4,完整,1.0,"挤塑区 | 包围型集
气罩 | 0.3 | 2 | 0.25 | 0.4 | 216",,解析文本拼接_表格清洗增强_01_001-020.md,017_广东台塑智能科技有限公司新建项目_01_受理公告或公示版
PL018,PL018_广东台塑智能科技有限公司新建项目_01_受理公告或公示版.pdf,44,2,5,完整,1.0,"印刷区（丝
印机） | 包围型集
气罩 | 0.4 | 15 | 0.4 | 0.4 | 3456",,解析文本拼接_表格清洗增强_01_001-020.md,017_广东台塑智能科技有限公司新建项目_01_受理公告或公示版
PL018,PL018_广东台塑智能科技有限公司新建项目_01_受理公告或公示版.pdf,44,2,6,完整,1.0,"印刷区（拉
线生产线） | 包围型集
气罩 | 0.3 | 2 | 0.3 | 0.4 | 259",,解析文本拼接_表格清洗增强_01_001-020.md,017_广东台塑智能科技有限公司新建项目_01_受理公告或公示版
PL018,PL018_广东台塑智能科技有限公司新建项目_01_受理公告或公示版.pdf,44,2,7,完整,1.0,"烘干区 | 包围型集
气罩 | 1 | 2 | 0.4 | 0.4 | 1152",,解析文本拼接_表格清洗增强_01_001-020.md,017_广东台塑智能科技有限公司新建项目_01_受理公告或公示版
PL018,PL018_广东台塑智能科技有限公司新建项目_01_受理公告或公示版.pdf,44,3,1,完整,1.0,表4-3 | 项目车 | 间风机风 | 量一览表,,解析文本拼接_表格清洗增强_01_001-020.md,017_广东台塑智能科技有限公司新建项目_01_受理公告或公示版
PL018,PL018_广东台塑智能科技有限公司新建项目_01_受理公告或公示版.pdf,44,3,5,疑似缺失,0.333,筒 | 度（ ） | 计（ 3 ）,度（ ）；计（ 3 ）,解析文本拼接_表格清洗增强_01_001-020.md,017_广东台塑智能科技有限公司新建项目_01_受理公告或公示版
PL018,PL018_广东台塑智能科技有限公司新建项目_01_受理公告或公示版.pdf,44,3,6,疑似缺失,0.571,m | （个） | 离（ ） | （ ） | （ 3 ） | m /h | （ 3 ）,离（ ）；（ ）；m /h,解析文本拼接_表格清洗增强_01_001-020.md,017_广东台塑智能科技有限公司新建项目_01_受理公告或公示版
PL018,PL018_广东台塑智能科技有限公司新建项目_01_受理公告或公示版.pdf,44,3,10,完整,1.0,0.4 | 53 | 0.25 | 0.4 | 7632 | 7632 | 9500,,解析文本拼接_表格清洗增强_01_001-020.md,017_广东台塑智能科技有限公司新建项目_01_受理公告或公示版
PL018,PL018_广东台塑智能科技有限公司新建项目_01_受理公告或公示版.pdf,44,3,14,完整,1.0,0.4 | 47 | 0.25 | 0.4 | 6768,,解析文本拼接_表格清洗增强_01_001-020.md,017_广东台塑智能科技有限公司新建项目_01_受理公告或公示版
PL018,PL018_广东台塑智能科技有限公司新建项目_01_受理公告或公示版.pdf,44,3,18,完整,1.0,0.3 | 2 | 0.25 | 0.4 | 216,,解析文本拼接_表格清洗增强_01_001-020.md,017_广东台塑智能科技有限公司新建项目_01_受理公告或公示版
PL018,PL018_广东台塑智能科技有限公司新建项目_01_受理公告或公示版.pdf,44,3,22,完整,1.0,印机） | 气罩 | 0.4 | 15 | 0.4 | 0.4 | 3456 | 11851 | 15000,,解析文本拼接_表格清洗增强_01_001-020.md,017_广东台塑智能科技有限公司新建项目_01_受理公告或公示版
PL018,PL018_广东台塑智能科技有限公司新建项目_01_受理公告或公示版.pdf,44,3,24,完整,1.0,线生产线） | 气罩 | 0.3 | 2 | 0.3 | 0.4 | 259,,解析文本拼接_表格清洗增强_01_001-020.md,017_广东台塑智能科技有限公司新建项目_01_受理公告或公示版
PL018,PL018_广东台塑智能科技有限公司新建项目_01_受理公告或公示版.pdf,44,3,27,完整,1.0,1 | 2 | 0.4 | 0.4 | 1152,,解析文本拼接_表格清洗增强_01_001-020.md,017_广东台塑智能科技有限公司新建项目_01_受理公告或公示版
PL018,PL018_广东台塑智能科技有限公司新建项目_01_受理公告或公示版.pdf,44,3,29,完整,1.0,备注： | 53台注塑机 | 对应的注 | 塑废气收 | 集后经 | 活性炭吸附 | 废气处理 | 设施（TA | 001）进 | 行处理，,,解析文本拼接_表格清洗增强_01_001-020.md,017_广东台塑智能科技有限公司新建项目_01_受理公告或公示版
PL018,PL018_广东台塑智能科技有限公司新建项目_01_受理公告或公示版.pdf,44,3,30,完整,1.0,其余有 | 机废气收集 | 后经活性 | 炭吸附废 | 气处理设 | 施（TA00 | 2）进行 | 处理，处理 | 达标后的 | 废气通过,,解析文本拼接_表格清洗增强_01_001-020.md,017_广东台塑智能科技有限公司新建项目_01_受理公告或公示版
PL018,PL018_广东台塑智能科技有限公司新建项目_01_受理公告或公示版.pdf,44,3,31,完整,1.0,排气筒 | G1（24m） | 引至楼顶 | 排放。,,解析文本拼接_表格清洗增强_01_001-020.md,017_广东台塑智能科技有限公司新建项目_01_受理公告或公示版
PL018,PL018_广东台塑智能科技有限公司新建项目_01_受理公告或公示版.pdf,44,3,32,完整,1.0,本 | 项目有机废 | 气分两部 | 分进行收 | 集，由上 | 表可知， | 项目所需 | 的风机风量 | 分别为 | 7632m³/h、,,解析文本拼接_表格清洗增强_01_001-020.md,017_广东台塑智能科技有限公司新建项目_01_受理公告或公示版
PL018,PL018_广东台塑智能科技有限公司新建项目_01_受理公告或公示版.pdf,44,3,33,完整,1.0,1 | 1851m | ³/h，考虑到 | 收集管道 | 弯道和接 | 口损失 | ，设计风量 | 应预留余 | 量，所以 | 选用的风 | 机风量分,,解析文本拼接_表格清洗增强_01_001-020.md,017_广东台塑智能科技有限公司新建项目_01_受理公告或公示版
PL018,PL018_广东台塑智能科技有限公司新建项目_01_受理公告或公示版.pdf,44,3,34,完整,1.0,别为1 | 2000m³/h、1 | 6000m³/h | ，合计风 | 量为245 | 00m³/h。,,解析文本拼接_表格清洗增强_01_001-020.md,017_广东台塑智能科技有限公司新建项目_01_受理公告或公示版
PL018,PL018_广东台塑智能科技有限公司新建项目_01_受理公告或公示版.pdf,44,3,35,完整,1.0,本 | 项目注塑废 | 气集气罩 | 采用半密 | 闭型集气 | 罩，仅保留 | 物料进 | 出通道，通 | 道敞开面 | 小于1 个,,解析文本拼接_表格清洗增强_01_001-020.md,017_广东台塑智能科技有限公司新建项目_01_受理公告或公示版
PL018,PL018_广东台塑智能科技有限公司新建项目_01_受理公告或公示版.pdf,44,3,36,完整,1.0,操作工 | 位面，敞开 | 面控制风速 | 不小于 | 0.3m/s， | 根据《广东 | 省工业源 | 挥发性有 | 机物减排 | 量核算方,,解析文本拼接_表格清洗增强_01_001-020.md,017_广东台塑智能科技有限公司新建项目_01_受理公告或公示版
PL018,PL018_广东台塑智能科技有限公司新建项目_01_受理公告或公示版.pdf,44,3,37,完整,1.0,法（20 | 23年修订版 | ）》，本 | 项目注塑 | 废气集 | 气罩收集效 | 率对照“ | 半密闭型 | 集气设备 | ”对应的,,解析文本拼接_表格清洗增强_01_001-020.md,017_广东台塑智能科技有限公司新建项目_01_受理公告或公示版
PL018,PL018_广东台塑智能科技有限公司新建项目_01_受理公告或公示版.pdf,44,3,38,完整,1.0,集气效 | 率，即65% | 。,,解析文本拼接_表格清洗增强_01_001-020.md,017_广东台塑智能科技有限公司新建项目_01_受理公告或公示版
PL018,PL018_广东台塑智能科技有限公司新建项目_01_受理公告或公示版.pdf,44,3,39,完整,1.0,本 | 项目挤塑废 | 气、印刷 | 废气、烘 | 干废气 | 集气罩采用 | 包围型集 | 气罩，通 | 过软质垂 | 帘四周围,,解析文本拼接_表格清洗增强_01_001-020.md,017_广东台塑智能科技有限公司新建项目_01_受理公告或公示版
PL018,PL018_广东台塑智能科技有限公司新建项目_01_受理公告或公示版.pdf,44,3,40,完整,1.0,挡，且 | 敞开面控制 | 风速不小于 | 0.3m/s | ，根据《广 | 东省工业 | 源挥发性 | 有机物减排 | 量核算方 | 法（2023,,解析文本拼接_表格清洗增强_01_001-020.md,017_广东台塑智能科技有限公司新建项目_01_受理公告或公示版
PL018,PL018_广东台塑智能科技有限公司新建项目_01_受理公告或公示版.pdf,44,3,41,完整,1.0,年修订 | 版）》，本 | 项目挤塑 | 废气、印 | 刷废气、 | 烘干废气 | 集气罩收 | 集效率对照 | “包围 | 型集气罩”,,解析文本拼接_表格清洗增强_01_001-020.md,017_广东台塑智能科技有限公司新建项目_01_受理公告或公示版
PL018,PL018_广东台塑智能科技有限公司新建项目_01_受理公告或公示版.pdf,44,3,42,完整,1.0,对应的 | 集气效率， | 即50%。,,解析文本拼接_表格清洗增强_01_001-020.md,017_广东台塑智能科技有限公司新建项目_01_受理公告或公示版
PL018,PL018_广东台塑智能科技有限公司新建项目_01_受理公告或公示版.pdf,44,3,44,完整,1.0,项 | 目注塑过程 | 中，塑料 | 加工温度 | 为190~ | 220℃，塑 | 料加工时 | 会产生一 | 定量的有 | 机废气。,,解析文本拼接_表格清洗增强_01_001-020.md,017_广东台塑智能科技有限公司新建项目_01_受理公告或公示版
PL018,PL018_广东台塑智能科技有限公司新建项目_01_受理公告或公示版.pdf,44,3,45,完整,1.0,由于P | P塑料粒分 | 解温度为3 | 50~380℃ | ，ABS | 热分解温度 | 约为26 | 0℃，塑料 | 粒加工温 | 度低于分,,解析文本拼接_表格清洗增强_01_001-020.md,017_广东台塑智能科技有限公司新建项目_01_受理公告或公示版
PL018,PL018_广东台塑智能科技有限公司新建项目_01_受理公告或公示版.pdf,44,3,46,完整,1.0,解温度 | ，因此本项 | 目塑料粒 | 加工时没 | 有其他特 | 征污染物 | 产生，其 | 污染因子主 | 要为非 | 甲烷总烃。,,解析文本拼接_表格清洗增强_01_001-020.md,017_广东台塑智能科技有限公司新建项目_01_受理公告或公示版
PL018,PL018_广东台塑智能科技有限公司新建项目_01_受理公告或公示版.pdf,44,3,47,完整,1.0,本项目 | 轿车塑料配 | 件和小家 | 电塑料组 | 装件产品 | 小时最大 | 生产量为 | 1125kg/h， | 年产量约 | 3000t/a。,,解析文本拼接_表格清洗增强_01_001-020.md,017_广东台塑智能科技有限公司新建项目_01_受理公告或公示版
PL018,PL018_广东台塑智能科技有限公司新建项目_01_受理公告或公示版.pdf,46,2,1,完整,1.0,工序 | 物料使用情况 | 污染因子 | 污染物产生情况,,解析文本拼接_表格清洗增强_01_001-020.md,017_广东台塑智能科技有限公司新建项目_01_受理公告或公示版
PL018,PL018_广东台塑智能科技有限公司新建项目_01_受理公告或公示版.pdf,46,2,3,完整,1.0,"注塑 | 轿车塑料
配件和小
家电塑料
组装件产
品 | 1125 | 3000 | 非甲烷总
烃 | 2.7kg/t产
品 | 3.038 | 8.100",,解析文本拼接_表格清洗增强_01_001-020.md,017_广东台塑智能科技有限公司新建项目_01_受理公告或公示版
PL018,PL018_广东台塑智能科技有限公司新建项目_01_受理公告或公示版.pdf,46,2,4,完整,1.0,"挤塑 | 电线产品 | 83 | 150 | 非甲烷总
烃 | 3.76kg/t
产品 | 0.313 | 0.564",,解析文本拼接_表格清洗增强_01_001-020.md,017_广东台塑智能科技有限公司新建项目_01_受理公告或公示版
PL018,PL018_广东台塑智能科技有限公司新建项目_01_受理公告或公示版.pdf,46,2,5,完整,1.0,"破碎 | 塑料次品
和边角料 | 100 | 158.0 | 颗粒物 | 5.30kg/t
塑胶原料 | 0.530 | 0.837",,解析文本拼接_表格清洗增强_01_001-020.md,017_广东台塑智能科技有限公司新建项目_01_受理公告或公示版
PL018,PL018_广东台塑智能科技有限公司新建项目_01_受理公告或公示版.pdf,46,2,6,完整,1.0,"印刷
（含
烘干） | 油性油墨 | 0.033 | 0.06 | 非甲烷总
烃、VOCs | 60% | 0.020 | 0.036",,解析文本拼接_表格清洗增强_01_001-020.md,017_广东台塑智能科技有限公司新建项目_01_受理公告或公示版
PL018,PL018_广东台塑智能科技有限公司新建项目_01_受理公告或公示版.pdf,46,2,7,完整,1.0,"印刷
（含
烘干） | 稀释剂 | 0.044 | 0.08 | 非甲烷总
烃、VOCs | 100% | 0.044 | 0.080",,解析文本拼接_表格清洗增强_01_001-020.md,017_广东台塑智能科技有限公司新建项目_01_受理公告或公示版
PL018,PL018_广东台塑智能科技有限公司新建项目_01_受理公告或公示版.pdf,46,2,8,完整,1.0,"擦洗 | 稀释剂 | 0.035 | 0.02 | 非甲烷总
烃、VOCs | 100% | 0.035 | 0.020",,解析文本拼接_表格清洗增强_01_001-020.md,017_广东台塑智能科技有限公司新建项目_01_受理公告或公示版
PL018,PL018_广东台塑智能科技有限公司新建项目_01_受理公告或公示版.pdf,46,3,1,完整,1.0,生 | 印刷废气 | ，污染因子为 | 非甲烷总 | 烃、臭气浓 | 度、VOCs | 。根据建设单 | 位提供的 | MSDS，油性,,解析文本拼接_表格清洗增强_01_001-020.md,017_广东台塑智能科技有限公司新建项目_01_受理公告或公示版
PL018,PL018_广东台塑智能科技有限公司新建项目_01_受理公告或公示版.pdf,46,3,2,完整,1.0,油 | 墨中VO | Cs产污系数为 | 60%，稀 | 释剂中VO | Cs产污系数 | 为100%。,,解析文本拼接_表格清洗增强_01_001-020.md,017_广东台塑智能科技有限公司新建项目_01_受理公告或公示版
PL018,PL018_广东台塑智能科技有限公司新建项目_01_受理公告或公示版.pdf,46,3,3,完整,1.0,根据下 | 表可知，项目 | 印刷（含 | 烘干、擦洗 | ）工序VO | Cs产生速率为 | 0.064kg/ | h，产生量为,,解析文本拼接_表格清洗增强_01_001-020.md,017_广东台塑智能科技有限公司新建项目_01_受理公告或公示版
PL018,PL018_广东台塑智能科技有限公司新建项目_01_受理公告或公示版.pdf,46,3,4,完整,1.0,0 | .136t/a。,,解析文本拼接_表格清洗增强_01_001-020.md,017_广东台塑智能科技有限公司新建项目_01_受理公告或公示版
PL018,PL018_广东台塑智能科技有限公司新建项目_01_受理公告或公示版.pdf,46,3,5,完整,1.0,本项目 | 将印刷废气（ | 含烘干、 | 擦洗）经 | 集气罩收集后 | 通过活性炭 | 吸附废气处 | 理设施进行,,解析文本拼接_表格清洗增强_01_001-020.md,017_广东台塑智能科技有限公司新建项目_01_受理公告或公示版
PL018,PL018_广东台塑智能科技有限公司新建项目_01_受理公告或公示版.pdf,46,3,6,完整,1.0,处 | 理，处理 | 达标后通过排 | 气筒G1 | （24m）引 | 至楼顶排放 | ，根据《主要 | 污染物总量 | 减排核算技,,解析文本拼接_表格清洗增强_01_001-020.md,017_广东台塑智能科技有限公司新建项目_01_受理公告或公示版
PL018,PL018_广东台塑智能科技有限公司新建项目_01_受理公告或公示版.pdf,46,3,7,完整,1.0,术 | 指南（20 | 22年修订）》 | ，集中 | 再生并活化 | 的一次性活 | 性炭吸附VOC | s去除率取 | 50%，印刷,,解析文本拼接_表格清洗增强_01_001-020.md,017_广东台塑智能科技有限公司新建项目_01_受理公告或公示版
PL018,PL018_广东台塑智能科技有限公司新建项目_01_受理公告或公示版.pdf,46,3,8,完整,1.0,废 | 气（含烘 | 干、擦洗）产 | 生和排放 | 情况如表4 | -5所示。,,解析文本拼接_表格清洗增强_01_001-020.md,017_广东台塑智能科技有限公司新建项目_01_受理公告或公示版
PL018,PL018_广东台塑智能科技有限公司新建项目_01_受理公告或公示版.pdf,46,3,10,完整,1.0,项目注 | 塑、挤塑、印 | 刷（含烘 | 干、擦洗） | 过程中会产 | 生轻微恶臭 | 气味，其污 | 染因子为臭,,解析文本拼接_表格清洗增强_01_001-020.md,017_广东台塑智能科技有限公司新建项目_01_受理公告或公示版
PL018,PL018_广东台塑智能科技有限公司新建项目_01_受理公告或公示版.pdf,46,3,11,完整,1.0,气 | 浓度。注 | 塑、挤塑、印 | 刷（含烘 | 干、擦洗 | ）过程产生的 | 恶臭废气和 | 有机废气一 | 并收集，废,,解析文本拼接_表格清洗增强_01_001-020.md,017_广东台塑智能科技有限公司新建项目_01_受理公告或公示版
PL018,PL018_广东台塑智能科技有限公司新建项目_01_受理公告或公示版.pdf,46,3,12,完整,1.0,气 | 经集气罩 | 收集后通过活 | 性炭吸附 | 废气处理设 | 施进行处理 | ，处理达标后 | 通过排气 | 筒G1（24m）,,解析文本拼接_表格清洗增强_01_001-020.md,017_广东台塑智能科技有限公司新建项目_01_受理公告或公示版
PL018,PL018_广东台塑智能科技有限公司新建项目_01_受理公告或公示版.pdf,46,3,13,完整,1.0,引 | 至楼顶排 | 放。臭气浓度 | 产生量不 | 大，预计有 | 组织排放浓 | 度≤6000（无 | 量纲），无 | 组织排放浓,,解析文本拼接_表格清洗增强_01_001-020.md,017_广东台塑智能科技有限公司新建项目_01_受理公告或公示版
PL018,PL018_广东台塑智能科技有限公司新建项目_01_受理公告或公示版.pdf,46,3,14,完整,1.0,度 | ≤20（无 | 量纲）。,,解析文本拼接_表格清洗增强_01_001-020.md,017_广东台塑智能科技有限公司新建项目_01_受理公告或公示版
PL018,PL018_广东台塑智能科技有限公司新建项目_01_受理公告或公示版.pdf,46,3,15,完整,1.0,表4- | 4 项目废 | 气产生情况 | 一览表,,解析文本拼接_表格清洗增强_01_001-020.md,017_广东台塑智能科技有限公司新建项目_01_受理公告或公示版
PL018,PL018_广东台塑智能科技有限公司新建项目_01_受理公告或公示版.pdf,46,3,16,完整,1.0,物料 | 使用情况 | 污染 | 物产生情况,,解析文本拼接_表格清洗增强_01_001-020.md,017_广东台塑智能科技有限公司新建项目_01_受理公告或公示版
PL018,PL018_广东台塑智能科技有限公司新建项目_01_受理公告或公示版.pdf,46,3,18,完整,1.0,工序 | 年使用量 | 污染因子 | 产 | 生速率,,解析文本拼接_表格清洗增强_01_001-020.md,017_广东台塑智能科技有限公司新建项目_01_受理公告或公示版
PL018,PL018_广东台塑智能科技有限公司新建项目_01_受理公告或公示版.pdf,46,3,24,完整,1.0,非甲烷总 | 2.7kg/t产,,解析文本拼接_表格清洗增强_01_001-020.md,017_广东台塑智能科技有限公司新建项目_01_受理公告或公示版
PL018,PL018_广东台塑智能科技有限公司新建项目_01_受理公告或公示版.pdf,46,3,26,完整,1.0,1125 | 3000 | 烃 | 品 | 3.038 | 8.100,,解析文本拼接_表格清洗增强_01_001-020.md,017_广东台塑智能科技有限公司新建项目_01_受理公告或公示版
PL018,PL018_广东台塑智能科技有限公司新建项目_01_受理公告或公示版.pdf,46,3,29,完整,1.0,非甲烷总 | 3.76kg/t,,解析文本拼接_表格清洗增强_01_001-020.md,017_广东台塑智能科技有限公司新建项目_01_受理公告或公示版
PL018,PL018_广东台塑智能科技有限公司新建项目_01_受理公告或公示版.pdf,46,3,30,完整,1.0,挤塑 | 电线产品 | 83 | 150 | 产品 | 0.313 | 0.564,,解析文本拼接_表格清洗增强_01_001-020.md,017_广东台塑智能科技有限公司新建项目_01_受理公告或公示版
PL018,PL018_广东台塑智能科技有限公司新建项目_01_受理公告或公示版.pdf,46,3,32,完整,1.0,塑料次品 | 5.30kg/t,,解析文本拼接_表格清洗增强_01_001-020.md,017_广东台塑智能科技有限公司新建项目_01_受理公告或公示版
PL018,PL018_广东台塑智能科技有限公司新建项目_01_受理公告或公示版.pdf,46,3,33,完整,1.0,破碎 | 100 | 158.0 | 颗粒物 | 塑胶原料 | 0.530 | 0.837,,解析文本拼接_表格清洗增强_01_001-020.md,017_广东台塑智能科技有限公司新建项目_01_受理公告或公示版
PL018,PL018_广东台塑智能科技有限公司新建项目_01_受理公告或公示版.pdf,46,3,38,完整,1.0,0.033 | 0.06 | 烃、 | 60% | 0.020 | 0.036,,解析文本拼接_表格清洗增强_01_001-020.md,017_广东台塑智能科技有限公司新建项目_01_受理公告或公示版
PL018,PL018_广东台塑智能科技有限公司新建项目_01_受理公告或公示版.pdf,46,3,39,完整,1.0,烘干） | VOCs,,解析文本拼接_表格清洗增强_01_001-020.md,017_广东台塑智能科技有限公司新建项目_01_受理公告或公示版
PL018,PL018_广东台塑智能科技有限公司新建项目_01_受理公告或公示版.pdf,46,3,43,完整,1.0,0.044 | 0.08 | 烃、 | 100% | 0.044 | 0.080,,解析文本拼接_表格清洗增强_01_001-020.md,017_广东台塑智能科技有限公司新建项目_01_受理公告或公示版
PL018,PL018_广东台塑智能科技有限公司新建项目_01_受理公告或公示版.pdf,46,3,48,完整,1.0,0.035 | 0.02 | 100% | 0.035 | 0.020,,解析文本拼接_表格清洗增强_01_001-020.md,017_广东台塑智能科技有限公司新建项目_01_受理公告或公示版
PL018,PL018_广东台塑智能科技有限公司新建项目_01_受理公告或公示版.pdf,47,2,1,完整,1.0,"印刷
（含
烘干、
擦洗，
小计） | 油性油墨、
稀释剂 | / | / | 非甲烷总
烃、VOCs | / | 0.064 | 0.136",,解析文本拼接_表格清洗增强_01_001-020.md,017_广东台塑智能科技有限公司新建项目_01_受理公告或公示版
PL018,PL018_广东台塑智能科技有限公司新建项目_01_受理公告或公示版.pdf,48,1,1,完整,1.0,"工序 | 装置 | 污染物 | 核
算
方
法 | 总产生
量t/a | 污染源 | 收集效
率（%） | 产生情况 | 治理措施 | 排放情况 | 排放时
间（h）",,解析文本拼接_表格清洗增强_01_001-020.md,017_广东台塑智能科技有限公司新建项目_01_受理公告或公示版
PL018,PL018_广东台塑智能科技有限公司新建项目_01_受理公告或公示版.pdf,48,1,2,完整,1.0,"产生速
率kg/h | 产生浓
度
mg/m³ | 产生量
t/a | 工艺 | 处理效
率（%） | 排放速
率kg/h | 排放浓
度
mg/m³ | 排放量
t/a",,解析文本拼接_表格清洗增强_01_001-020.md,017_广东台塑智能科技有限公司新建项目_01_受理公告或公示版
PL018,PL018_广东台塑智能科技有限公司新建项目_01_受理公告或公示版.pdf,48,1,3,完整,1.0,"注塑 | 注塑
机53
台 | 非甲烷
总烃 | 系
数
法 | 4.293 | G1排气
筒 | 65 | 1.047 | 42.72 | 2.790 | 活性炭
吸附 | 50 | 0.523 | 21.36 | 1.395 | 2666",,解析文本拼接_表格清洗增强_01_001-020.md,017_广东台塑智能科技有限公司新建项目_01_受理公告或公示版
PL018,PL018_广东台塑智能科技有限公司新建项目_01_受理公告或公示版.pdf,48,1,4,完整,1.0,"生产车
间 | / | 0.564 | / | 1.503 | / | / | 0.564 | / | 1.503 | 2666",,解析文本拼接_表格清洗增强_01_001-020.md,017_广东台塑智能科技有限公司新建项目_01_受理公告或公示版
PL018,PL018_广东台塑智能科技有限公司新建项目_01_受理公告或公示版.pdf,48,1,5,完整,1.0,"注塑 | 注塑
机47
台 | 非甲烷
总烃 | 系
数
法 | 3.807 | G1排气
筒 | 65 | 0.928 | 37.88 | 2.475 | 活性炭
吸附 | 50 | 0.464 | 18.94 | 1.237 | 2666",,解析文本拼接_表格清洗增强_01_001-020.md,017_广东台塑智能科技有限公司新建项目_01_受理公告或公示版
PL018,PL018_广东台塑智能科技有限公司新建项目_01_受理公告或公示版.pdf,48,1,6,完整,1.0,"生产车
间 | / | 0.500 | / | 1.332 | / | / | 0.500 | / | 1.332 | 2666",,解析文本拼接_表格清洗增强_01_001-020.md,017_广东台塑智能科技有限公司新建项目_01_受理公告或公示版
PL018,PL018_广东台塑智能科技有限公司新建项目_01_受理公告或公示版.pdf,48,1,7,完整,1.0,"注塑
（以上
小计） | 注塑
机 | 非甲烷
总烃 | 系
数
法 | 8.100 | G1排气
筒 | 65 | 1.975 | 80.60 | 5.265 | 活性炭
吸附 | 50 | 0.987 | 40.30 | 2.633 | 2666",,解析文本拼接_表格清洗增强_01_001-020.md,017_广东台塑智能科技有限公司新建项目_01_受理公告或公示版
PL018,PL018_广东台塑智能科技有限公司新建项目_01_受理公告或公示版.pdf,48,1,8,完整,1.0,"生产车
间 | / | 1.063 | / | 2.835 | / | / | 1.063 | / | 2.835 | 2666",,解析文本拼接_表格清洗增强_01_001-020.md,017_广东台塑智能科技有限公司新建项目_01_受理公告或公示版
PL018,PL018_广东台塑智能科技有限公司新建项目_01_受理公告或公示版.pdf,48,1,9,完整,1.0,"挤塑 | 拉电
生产
线 | 非甲烷
总烃 | 系
数
法 | 0.564 | G1排气
筒 | 50 | 0.157 | 6.39 | 0.282 | 活性炭
吸附 | 50 | 0.078 | 3.20 | 0.141 | 1800",,解析文本拼接_表格清洗增强_01_001-020.md,017_广东台塑智能科技有限公司新建项目_01_受理公告或公示版
PL018,PL018_广东台塑智能科技有限公司新建项目_01_受理公告或公示版.pdf,48,1,10,完整,1.0,"生产车
间 | / | 0.157 | / | 0.282 | / | / | 0.157 | / | 0.282 | 1800",,解析文本拼接_表格清洗增强_01_001-020.md,017_广东台塑智能科技有限公司新建项目_01_受理公告或公示版
PL018,PL018_广东台塑智能科技有限公司新建项目_01_受理公告或公示版.pdf,48,1,11,完整,1.0,"印刷、
烘干 | 丝印
机、拉
电生
产线 | 非甲烷
总烃 | 系
数
法 | 0.136 | G1排气
筒 | 50 | 0.032 | 1.32 | 0.068 | 活性炭
吸附 | 50 | 0.016 | 0.66 | 0.034 | 2110",,解析文本拼接_表格清洗增强_01_001-020.md,017_广东台塑智能科技有限公司新建项目_01_受理公告或公示版
PL018,PL018_广东台塑智能科技有限公司新建项目_01_受理公告或公示版.pdf,48,1,12,完整,1.0,"生产车
间 | / | 0.032 | / | 0.068 | / | / | 0.032 | / | 0.068 | 2110",,解析文本拼接_表格清洗增强_01_001-020.md,017_广东台塑智能科技有限公司新建项目_01_受理公告或公示版
PL018,PL018_广东台塑智能科技有限公司新建项目_01_受理公告或公示版.pdf,48,1,13,完整,1.0,"VOCs | 系
数
法 | 0.136 | G1排气
筒 | 50 | 0.032 | 1.32 | 0.068 | 活性炭
吸附 | 50 | 0.016 | 0.66 | 0.034 | 2110",,解析文本拼接_表格清洗增强_01_001-020.md,017_广东台塑智能科技有限公司新建项目_01_受理公告或公示版
PL018,PL018_广东台塑智能科技有限公司新建项目_01_受理公告或公示版.pdf,48,1,14,完整,1.0,"生产车
间 | / | 0.032 | / | 0.068 | / | / | 0.032 | / | 0.068 | 2110",,解析文本拼接_表格清洗增强_01_001-020.md,017_广东台塑智能科技有限公司新建项目_01_受理公告或公示版
PL018,PL018_广东台塑智能科技有限公司新建项目_01_受理公告或公示版.pdf,48,1,15,完整,1.0,"破碎 | 破碎
机 | 颗粒物 | 系
数
法 | 0.837 | 生产车
间 | / | 0.530 | / | 0.837 | / | / | 0.530 | / | 0.837 | 1580",,解析文本拼接_表格清洗增强_01_001-020.md,017_广东台塑智能科技有限公司新建项目_01_受理公告或公示版
PL018,PL018_广东台塑智能科技有限公司新建项目_01_受理公告或公示版.pdf,48,1,16,完整,1.0,"合计 | 有组
织 | 非甲烷
总烃 | / | 风量
24500m | G1排气
筒 | / | 2.164 | 88.31 | 5.615 | / | / | 1.082 | 44.15 | 2.808 | /",,解析文本拼接_表格清洗增强_01_001-020.md,017_广东台塑智能科技有限公司新建项目_01_受理公告或公示版
PL018,PL018_广东台塑智能科技有限公司新建项目_01_受理公告或公示版.pdf,48,2,1,完整,1.0,表4-5 | 项目废气产生及排放情况,,解析文本拼接_表格清洗增强_01_001-020.md,017_广东台塑智能科技有限公司新建项目_01_受理公告或公示版
PL018,PL018_广东台塑智能科技有限公司新建项目_01_受理公告或公示版.pdf,48,2,4,完整,1.0,工序 | 装置 | 污染物 | 污染源 | 产生浓 | 排放浓,,解析文本拼接_表格清洗增强_01_001-020.md,017_广东台塑智能科技有限公司新建项目_01_受理公告或公示版
PL018,PL018_广东台塑智能科技有限公司新建项目_01_受理公告或公示版.pdf,48,2,5,部分,0.9,"方 | 量t/a | 率（%） | 产生速 产生量
度 | 工艺 | 处理效 | 排放速 | 度 | 排放量 | 间（h）","产生速 产生量
度",解析文本拼接_表格清洗增强_01_001-020.md,017_广东台塑智能科技有限公司新建项目_01_受理公告或公示版
PL018,PL018_广东台塑智能科技有限公司新建项目_01_受理公告或公示版.pdf,48,2,8,完整,1.0,G1排气 | 活性炭,,解析文本拼接_表格清洗增强_01_001-020.md,017_广东台塑智能科技有限公司新建项目_01_受理公告或公示版
PL018,PL018_广东台塑智能科技有限公司新建项目_01_受理公告或公示版.pdf,48,2,10,完整,1.0,非甲烷 | 筒 | 65 | 1.047 42.72 2.790 | 吸附 | 50 | 0.523 | 21.36 | 1.395 | 2666,,解析文本拼接_表格清洗增强_01_001-020.md,017_广东台塑智能科技有限公司新建项目_01_受理公告或公示版
PL018,PL018_广东台塑智能科技有限公司新建项目_01_受理公告或公示版.pdf,48,2,11,完整,1.0,注塑 | 机53 | 数,,解析文本拼接_表格清洗增强_01_001-020.md,017_广东台塑智能科技有限公司新建项目_01_受理公告或公示版
PL018,PL018_广东台塑智能科技有限公司新建项目_01_受理公告或公示版.pdf,48,2,12,完整,1.0,总烃 | 4.293 | 生产车,,解析文本拼接_表格清洗增强_01_001-020.md,017_广东台塑智能科技有限公司新建项目_01_受理公告或公示版
PL018,PL018_广东台塑智能科技有限公司新建项目_01_受理公告或公示版.pdf,48,2,14,完整,1.0,/ | 0.564 / 1.503 | / | / | 0.564 | / | 1.503 | 2666,,解析文本拼接_表格清洗增强_01_001-020.md,017_广东台塑智能科技有限公司新建项目_01_受理公告或公示版
PL018,PL018_广东台塑智能科技有限公司新建项目_01_受理公告或公示版.pdf,48,2,16,完整,1.0,G1排气 | 活性炭,,解析文本拼接_表格清洗增强_01_001-020.md,017_广东台塑智能科技有限公司新建项目_01_受理公告或公示版
PL018,PL018_广东台塑智能科技有限公司新建项目_01_受理公告或公示版.pdf,48,2,18,完整,1.0,非甲烷 | 筒 | 65 | 0.928 37.88 2.475 | 吸附 | 50 | 0.464 | 18.94 | 1.237 | 2666,,解析文本拼接_表格清洗增强_01_001-020.md,017_广东台塑智能科技有限公司新建项目_01_受理公告或公示版
PL018,PL018_广东台塑智能科技有限公司新建项目_01_受理公告或公示版.pdf,48,2,19,完整,1.0,注塑 | 机47 | 数,,解析文本拼接_表格清洗增强_01_001-020.md,017_广东台塑智能科技有限公司新建项目_01_受理公告或公示版
PL018,PL018_广东台塑智能科技有限公司新建项目_01_受理公告或公示版.pdf,48,2,20,完整,1.0,总烃 | 3.807 | 生产车,,解析文本拼接_表格清洗增强_01_001-020.md,017_广东台塑智能科技有限公司新建项目_01_受理公告或公示版
PL018,PL018_广东台塑智能科技有限公司新建项目_01_受理公告或公示版.pdf,48,2,22,完整,1.0,/ | 0.500 / 1.332 | / | / | 0.500 | / | 1.332 | 2666,,解析文本拼接_表格清洗增强_01_001-020.md,017_广东台塑智能科技有限公司新建项目_01_受理公告或公示版
PL018,PL018_广东台塑智能科技有限公司新建项目_01_受理公告或公示版.pdf,48,2,24,完整,1.0,G1排气 | 活性炭,,解析文本拼接_表格清洗增强_01_001-020.md,017_广东台塑智能科技有限公司新建项目_01_受理公告或公示版
PL018,PL018_广东台塑智能科技有限公司新建项目_01_受理公告或公示版.pdf,48,2,26,完整,1.0,注塑 | 非甲烷 | 筒 | 65 | 1.975 80.60 5.265 | 吸附 | 50 | 0.987 | 40.30 | 2.633 | 2666,,解析文本拼接_表格清洗增强_01_001-020.md,017_广东台塑智能科技有限公司新建项目_01_受理公告或公示版
PL018,PL018_广东台塑智能科技有限公司新建项目_01_受理公告或公示版.pdf,48,2,28,完整,1.0,机 | 总烃 | 8.100 | 生产车,,解析文本拼接_表格清洗增强_01_001-020.md,017_广东台塑智能科技有限公司新建项目_01_受理公告或公示版
PL018,PL018_广东台塑智能科技有限公司新建项目_01_受理公告或公示版.pdf,48,2,30,完整,1.0,/ | 1.063 / 2.835 | / | / | 1.063 | / | 2.835 | 2666,,解析文本拼接_表格清洗增强_01_001-020.md,017_广东台塑智能科技有限公司新建项目_01_受理公告或公示版
PL018,PL018_广东台塑智能科技有限公司新建项目_01_受理公告或公示版.pdf,48,2,32,完整,1.0,G1排气 | 活性炭,,解析文本拼接_表格清洗增强_01_001-020.md,017_广东台塑智能科技有限公司新建项目_01_受理公告或公示版
PL018,PL018_广东台塑智能科技有限公司新建项目_01_受理公告或公示版.pdf,48,2,34,完整,1.0,非甲烷 | 筒 | 50 | 0.157 6.39 0.282 | 吸附 | 50 | 0.078 | 3.20 | 0.141 | 1800,,解析文本拼接_表格清洗增强_01_001-020.md,017_广东台塑智能科技有限公司新建项目_01_受理公告或公示版
PL018,PL018_广东台塑智能科技有限公司新建项目_01_受理公告或公示版.pdf,48,2,36,完整,1.0,总烃 | 0.564 | 生产车,,解析文本拼接_表格清洗增强_01_001-020.md,017_广东台塑智能科技有限公司新建项目_01_受理公告或公示版
PL018,PL018_广东台塑智能科技有限公司新建项目_01_受理公告或公示版.pdf,48,2,38,完整,1.0,/ | 0.157 / 0.282 | / | / | 0.157 | / | 0.282 | 1800,,解析文本拼接_表格清洗增强_01_001-020.md,017_广东台塑智能科技有限公司新建项目_01_受理公告或公示版
PL018,PL018_广东台塑智能科技有限公司新建项目_01_受理公告或公示版.pdf,48,2,40,完整,1.0,G1排气 | 活性炭,,解析文本拼接_表格清洗增强_01_001-020.md,017_广东台塑智能科技有限公司新建项目_01_受理公告或公示版
PL018,PL018_广东台塑智能科技有限公司新建项目_01_受理公告或公示版.pdf,48,2,42,完整,1.0,非甲烷 | 筒 | 50 | 0.032 1.32 0.068 | 吸附 | 50 | 0.016 | 0.66 | 0.034 | 2110,,解析文本拼接_表格清洗增强_01_001-020.md,017_广东台塑智能科技有限公司新建项目_01_受理公告或公示版
PL018,PL018_广东台塑智能科技有限公司新建项目_01_受理公告或公示版.pdf,48,2,44,完整,1.0,丝印 | 总烃 | 0.136 | 生产车,,解析文本拼接_表格清洗增强_01_001-020.md,017_广东台塑智能科技有限公司新建项目_01_受理公告或公示版
PL018,PL018_广东台塑智能科技有限公司新建项目_01_受理公告或公示版.pdf,48,2,45,完整,1.0,法 | / | 0.032 / 0.068 | / | / | 0.032 | / | 0.068 | 2110,,解析文本拼接_表格清洗增强_01_001-020.md,017_广东台塑智能科技有限公司新建项目_01_受理公告或公示版
PL018,PL018_广东台塑智能科技有限公司新建项目_01_受理公告或公示版.pdf,48,2,47,完整,1.0,烘干 | 电生 | G1排气 | 活性炭,,解析文本拼接_表格清洗增强_01_001-020.md,017_广东台塑智能科技有限公司新建项目_01_受理公告或公示版
PL018,PL018_广东台塑智能科技有限公司新建项目_01_受理公告或公示版.pdf,48,2,49,完整,1.0,产线 | 筒 | 50 | 0.032 1.32 0.068 | 吸附 | 50 | 0.016 | 0.66 | 0.034 | 2110,,解析文本拼接_表格清洗增强_01_001-020.md,017_广东台塑智能科技有限公司新建项目_01_受理公告或公示版
PL018,PL018_广东台塑智能科技有限公司新建项目_01_受理公告或公示版.pdf,48,2,50,完整,1.0,VOCs | 数 | 0.136,,解析文本拼接_表格清洗增强_01_001-020.md,017_广东台塑智能科技有限公司新建项目_01_受理公告或公示版
PL018,PL018_广东台塑智能科技有限公司新建项目_01_受理公告或公示版.pdf,48,2,53,完整,1.0,/ | 0.032 / 0.068 | / | / | 0.032 | / | 0.068 | 2110,,解析文本拼接_表格清洗增强_01_001-020.md,017_广东台塑智能科技有限公司新建项目_01_受理公告或公示版
PL018,PL018_广东台塑智能科技有限公司新建项目_01_受理公告或公示版.pdf,48,2,58,完整,1.0,机 | 0.837 | 间 | / | 0.530 / 0.837 | / | / | 0.530 | / | 0.837 | 1580,,解析文本拼接_表格清洗增强_01_001-020.md,017_广东台塑智能科技有限公司新建项目_01_受理公告或公示版
PL018,PL018_广东台塑智能科技有限公司新建项目_01_受理公告或公示版.pdf,48,2,60,完整,1.0,有组 | 非甲烷 | 风量 | G1排气,,解析文本拼接_表格清洗增强_01_001-020.md,017_广东台塑智能科技有限公司新建项目_01_受理公告或公示版
PL018,PL018_广东台塑智能科技有限公司新建项目_01_受理公告或公示版.pdf,48,2,61,完整,1.0,合计 | / | / | 2.164 88.31 5.615 | / | / | 1.082 | 44.15 | 2.808 | /,,解析文本拼接_表格清洗增强_01_001-020.md,017_广东台塑智能科技有限公司新建项目_01_受理公告或公示版
PL018,PL018_广东台塑智能科技有限公司新建项目_01_受理公告或公示版.pdf,48,2,62,完整,1.0,织 | 总烃 | 24500m | 筒,,解析文本拼接_表格清洗增强_01_001-020.md,017_广东台塑智能科技有限公司新建项目_01_受理公告或公示版
PL018,PL018_广东台塑智能科技有限公司新建项目_01_受理公告或公示版.pdf,49,1,1,完整,1.0,VOCs | / | 3/h | / | 0.032 | 1.32 | 0.068 | / | / | 0.016 | 0.66 | 0.034 | /,,解析文本拼接_表格清洗增强_01_001-020.md,017_广东台塑智能科技有限公司新建项目_01_受理公告或公示版
PL018,PL018_广东台塑智能科技有限公司新建项目_01_受理公告或公示版.pdf,49,1,2,完整,1.0,"无组
织 | 非甲烷
总烃 | / | / | 生产车
间 | / | 1.252 | / | 3.185 | / | / | 1.252 | / | 3.185 | /",,解析文本拼接_表格清洗增强_01_001-020.md,017_广东台塑智能科技有限公司新建项目_01_受理公告或公示版
PL018,PL018_广东台塑智能科技有限公司新建项目_01_受理公告或公示版.pdf,49,1,3,完整,1.0,VOCs | / | / | / | 0.032 | / | 0.068 | / | / | 0.032 | / | 0.068 | /,,解析文本拼接_表格清洗增强_01_001-020.md,017_广东台塑智能科技有限公司新建项目_01_受理公告或公示版
PL018,PL018_广东台塑智能科技有限公司新建项目_01_受理公告或公示版.pdf,49,1,4,完整,1.0,颗粒物 | / | / | / | 0.530 | / | 0.837 | / | / | 0.530 | / | 0.837 | /,,解析文本拼接_表格清洗增强_01_001-020.md,017_广东台塑智能科技有限公司新建项目_01_受理公告或公示版
PL018,PL018_广东台塑智能科技有限公司新建项目_01_受理公告或公示版.pdf,49,2,1,完整,1.0,VOCs | / | 3/h | / | 0.032 | 1.32 | 0.068 | / | / | 0.016 | 0.66 | 0.034,,解析文本拼接_表格清洗增强_01_001-020.md,017_广东台塑智能科技有限公司新建项目_01_受理公告或公示版
PL018,PL018_广东台塑智能科技有限公司新建项目_01_受理公告或公示版.pdf,49,2,3,完整,1.0,/ | / | / | 1.252 | / | 3.185 | / | / | 1.252 | / | 3.185,,解析文本拼接_表格清洗增强_01_001-020.md,017_广东台塑智能科技有限公司新建项目_01_受理公告或公示版
PL018,PL018_广东台塑智能科技有限公司新建项目_01_受理公告或公示版.pdf,49,2,6,部分,0.917,VOCs | / | / 间 | / | 0.032 | / | 0.068 | / | / | 0.032 | / | 0.068,/ 间,解析文本拼接_表格清洗增强_01_001-020.md,017_广东台塑智能科技有限公司新建项目_01_受理公告或公示版
PL018,PL018_广东台塑智能科技有限公司新建项目_01_受理公告或公示版.pdf,49,2,7,完整,1.0,颗粒物 | / | / | / | 0.530 | / | 0.837 | / | / | 0.530 | / | 0.837,,解析文本拼接_表格清洗增强_01_001-020.md,017_广东台塑智能科技有限公司新建项目_01_受理公告或公示版
PL018,PL018_广东台塑智能科技有限公司新建项目_01_受理公告或公示版.pdf,50,2,1,完整,1.0,"污染源 | 污染物 | 排放速
率kg/h | 排放浓度
mg/m³ | 执行标准 | 速率限
值*kg/h | 浓度限值
mg/m³ | 达标
情况",,解析文本拼接_表格清洗增强_01_001-020.md,017_广东台塑智能科技有限公司新建项目_01_受理公告或公示版
PL018,PL018_广东台塑智能科技有限公司新建项目_01_受理公告或公示版.pdf,50,2,2,完整,1.0,"排气筒
G1 | 非甲烷总
烃 | 1.082 | 44.15 | GB31572-2015
与
GB41616-2022
较严值 | --- | 70 | 达标",,解析文本拼接_表格清洗增强_01_001-020.md,017_广东台塑智能科技有限公司新建项目_01_受理公告或公示版
PL018,PL018_广东台塑智能科技有限公司新建项目_01_受理公告或公示版.pdf,50,2,3,完整,1.0,"VOCs | 0.016 | 0.66 | DB
44/815-2010 | 2.55 | 120 | 达标",,解析文本拼接_表格清洗增强_01_001-020.md,017_广东台塑智能科技有限公司新建项目_01_受理公告或公示版
PL018,PL018_广东台塑智能科技有限公司新建项目_01_受理公告或公示版.pdf,50,2,4,完整,1.0,"臭气浓度 | --- | ≤6000
（无量
纲） | GB14554-93 | --- | 6000（无
量纲） | 达标",,解析文本拼接_表格清洗增强_01_001-020.md,017_广东台塑智能科技有限公司新建项目_01_受理公告或公示版
PL018,PL018_广东台塑智能科技有限公司新建项目_01_受理公告或公示版.pdf,50,3,10,疑似缺失,0.5,"运 | 排放速 排放浓度 速率限 浓度限值 达标
污染源 污染物 执行标准","排放速 排放浓度 速率限 浓度限值 达标
污染源 污染物 执行标准",解析文本拼接_表格清洗增强_01_001-020.md,017_广东台塑智能科技有限公司新建项目_01_受理公告或公示版
PL018,PL018_广东台塑智能科技有限公司新建项目_01_受理公告或公示版.pdf,50,3,15,疑似缺失,0.5,"境 | 非甲烷总 与
1.082 44.15 达标","非甲烷总 与
1.082 44.15 达标",解析文本拼接_表格清洗增强_01_001-020.md,017_广东台塑智能科技有限公司新建项目_01_受理公告或公示版
PL018,PL018_广东台塑智能科技有限公司新建项目_01_受理公告或公示版.pdf,50,3,16,疑似缺失,0.5,"影 | 烃 --- 70
GB41616-2022","烃 --- 70
GB41616-2022",解析文本拼接_表格清洗增强_01_001-020.md,017_广东台塑智能科技有限公司新建项目_01_受理公告或公示版
PL018,PL018_广东台塑智能科技有限公司新建项目_01_受理公告或公示版.pdf,50,3,21,疑似缺失,0.5,保 | VOCs 0.016 0.66 2.55 120 达标,VOCs 0.016 0.66 2.55 120 达标,解析文本拼接_表格清洗增强_01_001-020.md,017_广东台塑智能科技有限公司新建项目_01_受理公告或公示版
PL018,PL018_广东台塑智能科技有限公司新建项目_01_受理公告或公示版.pdf,50,3,22,完整,1.0,护 | 44/815-2010,,解析文本拼接_表格清洗增强_01_001-020.md,017_广东台塑智能科技有限公司新建项目_01_受理公告或公示版
PL018,PL018_广东台塑智能科技有限公司新建项目_01_受理公告或公示版.pdf,50,3,24,疑似缺失,0.5,"措 | 6000
6000（无","6000
6000（无",解析文本拼接_表格清洗增强_01_001-020.md,017_广东台塑智能科技有限公司新建项目_01_受理公告或公示版
PL018,PL018_广东台塑智能科技有限公司新建项目_01_受理公告或公示版.pdf,50,3,25,疑似缺失,0.5,施 | 臭气浓度 --- （无量 GB14554-93 --- 达标,臭气浓度 --- （无量 GB14554-93 --- 达标,解析文本拼接_表格清洗增强_01_001-020.md,017_广东台塑智能科技有限公司新建项目_01_受理公告或公示版
PL018,PL018_广东台塑智能科技有限公司新建项目_01_受理公告或公示版.pdf,51,2,1,完整,1.0,"污染物 | 厂界浓度
mg/m3 | 厂界监控浓度
限值mg/m3 | 标准来源 | 达标分析",,解析文本拼接_表格清洗增强_01_001-020.md,017_广东台塑智能科技有限公司新建项目_01_受理公告或公示版
PL018,PL018_广东台塑智能科技有限公司新建项目_01_受理公告或公示版.pdf,51,2,2,完整,1.0,VOCs | <2.0 | 2.0 | DB44/815-2010 | 达标,,解析文本拼接_表格清洗增强_01_001-020.md,017_广东台塑智能科技有限公司新建项目_01_受理公告或公示版
PL018,PL018_广东台塑智能科技有限公司新建项目_01_受理公告或公示版.pdf,51,2,3,完整,1.0,颗粒物 | <1.0 | 1.0 | DB44/27-2001 | 达标,,解析文本拼接_表格清洗增强_01_001-020.md,017_广东台塑智能科技有限公司新建项目_01_受理公告或公示版
PL018,PL018_广东台塑智能科技有限公司新建项目_01_受理公告或公示版.pdf,51,2,4,完整,1.0,臭气浓度 | ≤20（无量纲） | 20（无量纲） | GB14554-93 | 达标,,解析文本拼接_表格清洗增强_01_001-020.md,017_广东台塑智能科技有限公司新建项目_01_受理公告或公示版
PL018,PL018_广东台塑智能科技有限公司新建项目_01_受理公告或公示版.pdf,51,3,1,完整,1.0,"污染物 | 厂区内浓
度mg/m3 | 厂区内监控浓
度限值mg/m3 | 标准来源 | 达标分析",,解析文本拼接_表格清洗增强_01_001-020.md,017_广东台塑智能科技有限公司新建项目_01_受理公告或公示版
PL018,PL018_广东台塑智能科技有限公司新建项目_01_受理公告或公示版.pdf,51,3,2,完整,1.0,"非甲烷
总烃 | 监控点处1h平
均浓度值 | <6 | 6 | DB44/2367-2022
与
GB41616-2022
较严值 | 达标",,解析文本拼接_表格清洗增强_01_001-020.md,017_广东台塑智能科技有限公司新建项目_01_受理公告或公示版
PL018,PL018_广东台塑智能科技有限公司新建项目_01_受理公告或公示版.pdf,51,3,3,完整,1.0,"监控点处任意
一次浓度值 | <20 | 20 | 达标",,解析文本拼接_表格清洗增强_01_001-020.md,017_广东台塑智能科技有限公司新建项目_01_受理公告或公示版
PL018,PL018_广东台塑智能科技有限公司新建项目_01_受理公告或公示版.pdf,51,4,1,完整,1.0,表4-7 项目 | 厂界污染物排放达标 | 情况一览表,,解析文本拼接_表格清洗增强_01_001-020.md,017_广东台塑智能科技有限公司新建项目_01_受理公告或公示版
PL018,PL018_广东台塑智能科技有限公司新建项目_01_受理公告或公示版.pdf,51,4,3,完整,1.0,污染物 | 标准来源 | 达标分析,,解析文本拼接_表格清洗增强_01_001-020.md,017_广东台塑智能科技有限公司新建项目_01_受理公告或公示版
PL018,PL018_广东台塑智能科技有限公司新建项目_01_受理公告或公示版.pdf,51,4,4,完整,1.0,mg/m3 | 限值mg/m3,,解析文本拼接_表格清洗增强_01_001-020.md,017_广东台塑智能科技有限公司新建项目_01_受理公告或公示版
PL018,PL018_广东台塑智能科技有限公司新建项目_01_受理公告或公示版.pdf,51,4,5,完整,1.0,VOCs | <2.0 | 2.0 | DB44/815-2010 | 达标,,解析文本拼接_表格清洗增强_01_001-020.md,017_广东台塑智能科技有限公司新建项目_01_受理公告或公示版
PL018,PL018_广东台塑智能科技有限公司新建项目_01_受理公告或公示版.pdf,51,4,6,完整,1.0,颗粒物 | <1.0 | 1.0 | DB44/27-2001 | 达标,,解析文本拼接_表格清洗增强_01_001-020.md,017_广东台塑智能科技有限公司新建项目_01_受理公告或公示版
PL018,PL018_广东台塑智能科技有限公司新建项目_01_受理公告或公示版.pdf,51,4,7,完整,1.0,臭气浓度 ≤ | 20（无量纲） | 20（无量纲） | GB14554-93 | 达标,,解析文本拼接_表格清洗增强_01_001-020.md,017_广东台塑智能科技有限公司新建项目_01_受理公告或公示版
PL018,PL018_广东台塑智能科技有限公司新建项目_01_受理公告或公示版.pdf,51,4,8,完整,1.0,（3）厂区内废气达 | 标分析,,解析文本拼接_表格清洗增强_01_001-020.md,017_广东台塑智能科技有限公司新建项目_01_受理公告或公示版
PL018,PL018_广东台塑智能科技有限公司新建项目_01_受理公告或公示版.pdf,51,4,9,完整,1.0,本项目有机废气 | 经集气罩收集后 | 仍有少量的废气在车间 | 无组织排放。,,解析文本拼接_表格清洗增强_01_001-020.md,017_广东台塑智能科技有限公司新建项目_01_受理公告或公示版
PL018,PL018_广东台塑智能科技有限公司新建项目_01_受理公告或公示版.pdf,51,4,10,完整,1.0,本项目厂区内 | 非甲烷总烃可 | 达到《固定污染源 | 挥发性有机物综合排 | 放标准》,,解析文本拼接_表格清洗增强_01_001-020.md,017_广东台塑智能科技有限公司新建项目_01_受理公告或公示版
PL018,PL018_广东台塑智能科技有限公司新建项目_01_受理公告或公示版.pdf,51,4,11,完整,1.0,（D | B44/2367-2022） | 表3厂区内VOC | s无组织排放限值与 | 《印刷工业大气污染物 | 排放标准》,,解析文本拼接_表格清洗增强_01_001-020.md,017_广东台塑智能科技有限公司新建项目_01_受理公告或公示版
PL018,PL018_广东台塑智能科技有限公司新建项目_01_受理公告或公示版.pdf,51,4,12,完整,1.0,（G | B41616-2022）中 | 表A.1厂区内V | OCs无组织排放限值 | 较严值，对周围环境影 | 响不明显。,,解析文本拼接_表格清洗增强_01_001-020.md,017_广东台塑智能科技有限公司新建项目_01_受理公告或公示版
PL018,PL018_广东台塑智能科技有限公司新建项目_01_受理公告或公示版.pdf,51,4,13,完整,1.0,表4-8 项目 | 厂区内污染物排放达标 | 情况一览表,,解析文本拼接_表格清洗增强_01_001-020.md,017_广东台塑智能科技有限公司新建项目_01_受理公告或公示版
PL018,PL018_广东台塑智能科技有限公司新建项目_01_受理公告或公示版.pdf,51,4,15,完整,1.0,污染物 | 标准来源 | 达标分析,,解析文本拼接_表格清洗增强_01_001-020.md,017_广东台塑智能科技有限公司新建项目_01_受理公告或公示版
PL018,PL018_广东台塑智能科技有限公司新建项目_01_受理公告或公示版.pdf,51,4,16,疑似缺失,0.5,度mg/ | m3 度限值mg/m3,m3 度限值mg/m3,解析文本拼接_表格清洗增强_01_001-020.md,017_广东台塑智能科技有限公司新建项目_01_受理公告或公示版
PL018,PL018_广东台塑智能科技有限公司新建项目_01_受理公告或公示版.pdf,51,4,18,部分,0.75,"1h
<6 | 6 | DB44/2367-2022 | 达标","1h
<6",解析文本拼接_表格清洗增强_01_001-020.md,017_广东台塑智能科技有限公司新建项目_01_受理公告或公示版
PL018,PL018_广东台塑智能科技有限公司新建项目_01_受理公告或公示版.pdf,51,4,22,完整,1.0,<20 | 20 | GB41616-2022 | 达标,,解析文本拼接_表格清洗增强_01_001-020.md,017_广东台塑智能科技有限公司新建项目_01_受理公告或公示版
PL018,PL018_广东台塑智能科技有限公司新建项目_01_受理公告或公示版.pdf,51,4,25,完整,1.0,1.3 | 非正常工况下废气 | 达标分析,,解析文本拼接_表格清洗增强_01_001-020.md,017_广东台塑智能科技有限公司新建项目_01_受理公告或公示版
PL018,PL018_广东台塑智能科技有限公司新建项目_01_受理公告或公示版.pdf,51,4,27,完整,1.0,1.4 | 废气治理设施可行 | 性分析,,解析文本拼接_表格清洗增强_01_001-020.md,017_广东台塑智能科技有限公司新建项目_01_受理公告或公示版
PL018,PL018_广东台塑智能科技有限公司新建项目_01_受理公告或公示版.pdf,51,4,28,完整,1.0,本项目注塑废气 | 、挤塑废气、印 | 刷废气（含烘干、擦 | 洗）经集气罩收集后通 | 过活性炭吸,,解析文本拼接_表格清洗增强_01_001-020.md,017_广东台塑智能科技有限公司新建项目_01_受理公告或公示版
PL018,PL018_广东台塑智能科技有限公司新建项目_01_受理公告或公示版.pdf,51,4,29,完整,1.0,附废 | 气处理设施进行 | 处理，处理达标 | 后通过排气筒G1（24 | m）引至楼顶排放。,,解析文本拼接_表格清洗增强_01_001-020.md,017_广东台塑智能科技有限公司新建项目_01_受理公告或公示版
PL018,PL018_广东台塑智能科技有限公司新建项目_01_受理公告或公示版.pdf,51,4,30,完整,1.0,本项目采用的废 | 气处理设施为《 | 排污许可证申请与核发 | 技术规范 橡胶和塑料 | 制品工业》,,解析文本拼接_表格清洗增强_01_001-020.md,017_广东台塑智能科技有限公司新建项目_01_受理公告或公示版
PL018,PL018_广东台塑智能科技有限公司新建项目_01_受理公告或公示版.pdf,51,4,31,完整,1.0,(HJ1 | 122—2020)、《排 | 污许可证申请与 | 核发技术规范 印刷 | 工业》（HJ1066-2019） | 可行性技术,,解析文本拼接_表格清洗增强_01_001-020.md,017_广东台塑智能科技有限公司新建项目_01_受理公告或公示版
PL018,PL018_广东台塑智能科技有限公司新建项目_01_受理公告或公示版.pdf,51,4,32,完整,1.0,中的 | “吸附”，故本 | 项目废气治理设 | 施可行。,,解析文本拼接_表格清洗增强_01_001-020.md,017_广东台塑智能科技有限公司新建项目_01_受理公告或公示版
PL018,PL018_广东台塑智能科技有限公司新建项目_01_受理公告或公示版.pdf,51,4,33,完整,1.0,1.4.1、与《佛山市生 | 态环境局关于加 | 强活性炭吸附工艺规范 | 化设计建设与运行管理的 | 通知》（佛环,,解析文本拼接_表格清洗增强_01_001-020.md,017_广东台塑智能科技有限公司新建项目_01_受理公告或公示版
PL018,PL018_广东台塑智能科技有限公司新建项目_01_受理公告或公示版.pdf,51,4,34,完整,1.0,函〔 | 2024〕70号）相关 | 分析,,解析文本拼接_表格清洗增强_01_001-020.md,017_广东台塑智能科技有限公司新建项目_01_受理公告或公示版
PL018,PL018_广东台塑智能科技有限公司新建项目_01_受理公告或公示版.pdf,51,4,35,完整,1.0,根据《佛山市生 | 态环境局关于加 | 强活性炭吸附工艺规范 | 化设计建设与运行管理 | 的通知》,,解析文本拼接_表格清洗增强_01_001-020.md,017_广东台塑智能科技有限公司新建项目_01_受理公告或公示版
PL018,PL018_广东台塑智能科技有限公司新建项目_01_受理公告或公示版.pdf,51,4,36,完整,1.0,（佛 | 环函〔2024〕70 | 号）及附件文件 | ，有以下要求：,,解析文本拼接_表格清洗增强_01_001-020.md,017_广东台塑智能科技有限公司新建项目_01_受理公告或公示版
PL018,PL018_广东台塑智能科技有限公司新建项目_01_受理公告或公示版.pdf,52,2,1,完整,1.0,废气治理工程装置 | 活性炭吸附装置,,解析文本拼接_表格清洗增强_01_001-020.md,017_广东台塑智能科技有限公司新建项目_01_受理公告或公示版
PL018,PL018_广东台塑智能科技有限公司新建项目_01_受理公告或公示版.pdf,52,2,3,完整,1.0,TA001 | 9500m3/h | 1# | 9500m3/h,,解析文本拼接_表格清洗增强_01_001-020.md,017_广东台塑智能科技有限公司新建项目_01_受理公告或公示版
PL018,PL018_广东台塑智能科技有限公司新建项目_01_受理公告或公示版.pdf,52,2,4,完整,1.0,TA002 | 15000m3/h | 2# | 15000m3/h,,解析文本拼接_表格清洗增强_01_001-020.md,017_广东台塑智能科技有限公司新建项目_01_受理公告或公示版
PL018,PL018_广东台塑智能科技有限公司新建项目_01_受理公告或公示版.pdf,53,2,1,完整,1.0,"工程编
号 | 装
置
编
号 | 活性
炭
用量 | 动态
吸附量 | 活性炭削减
VOCs浓度 | 设计
风量 | 运行
时间 | 更换
周期 | 年工作
时间 | 建议更
换频次",,解析文本拼接_表格清洗增强_01_001-020.md,017_广东台塑智能科技有限公司新建项目_01_受理公告或公示版
PL018,PL018_广东台塑智能科技有限公司新建项目_01_受理公告或公示版.pdf,53,2,2,完整,1.0,kg | % | mg/m3 | m3/h | h/d | d | d/a | 次/年,,解析文本拼接_表格清洗增强_01_001-020.md,017_广东台塑智能科技有限公司新建项目_01_受理公告或公示版
PL018,PL018_广东台塑智能科技有限公司新建项目_01_受理公告或公示版.pdf,53,2,3,完整,1.0,TA001 | 1# | 576 | 15% | 55.08 | 9500 | 10 | 17 | 300 | 19,,解析文本拼接_表格清洗增强_01_001-020.md,017_广东台塑智能科技有限公司新建项目_01_受理公告或公示版
PL018,PL018_广东台塑智能科技有限公司新建项目_01_受理公告或公示版.pdf,53,3,2,完整,1.0,"活性炭吸附装
置 | 工程编号 | TA001 | /",,解析文本拼接_表格清洗增强_01_001-020.md,017_广东台塑智能科技有限公司新建项目_01_受理公告或公示版
PL018,PL018_广东台塑智能科技有限公司新建项目_01_受理公告或公示版.pdf,53,3,3,完整,1.0,排气筒 | G1 | /,,解析文本拼接_表格清洗增强_01_001-020.md,017_广东台塑智能科技有限公司新建项目_01_受理公告或公示版
PL018,PL018_广东台塑智能科技有限公司新建项目_01_受理公告或公示版.pdf,53,3,4,完整,1.0,活性炭吸附装置编号 | 1# | /,,解析文本拼接_表格清洗增强_01_001-020.md,017_广东台塑智能科技有限公司新建项目_01_受理公告或公示版
PL018,PL018_广东台塑智能科技有限公司新建项目_01_受理公告或公示版.pdf,53,3,5,完整,1.0,设计风量 | 9500 | m3/h,,解析文本拼接_表格清洗增强_01_001-020.md,017_广东台塑智能科技有限公司新建项目_01_受理公告或公示版
PL018,PL018_广东台塑智能科技有限公司新建项目_01_受理公告或公示版.pdf,53,3,6,完整,1.0,活性炭类型 | 颗粒状 | /,,解析文本拼接_表格清洗增强_01_001-020.md,017_广东台塑智能科技有限公司新建项目_01_受理公告或公示版
PL018,PL018_广东台塑智能科技有限公司新建项目_01_受理公告或公示版.pdf,53,3,7,完整,1.0,所需过炭面积 | 4.40 | m2,,解析文本拼接_表格清洗增强_01_001-020.md,017_广东台塑智能科技有限公司新建项目_01_受理公告或公示版
PL018,PL018_广东台塑智能科技有限公司新建项目_01_受理公告或公示版.pdf,53,3,8,完整,1.0,设计过炭面积 | 4.8 | m2,,解析文本拼接_表格清洗增强_01_001-020.md,017_广东台塑智能科技有限公司新建项目_01_受理公告或公示版
PL018,PL018_广东台塑智能科技有限公司新建项目_01_受理公告或公示版.pdf,53,3,9,完整,1.0,设计抽屉个数 | 16 | 个,,解析文本拼接_表格清洗增强_01_001-020.md,017_广东台塑智能科技有限公司新建项目_01_受理公告或公示版
PL018,PL018_广东台塑智能科技有限公司新建项目_01_受理公告或公示版.pdf,53,3,10,完整,1.0,设计抽屉尺寸 | 600 | 500 | 300 | mm*mm*mm,,解析文本拼接_表格清洗增强_01_001-020.md,017_广东台塑智能科技有限公司新建项目_01_受理公告或公示版
PL018,PL018_广东台塑智能科技有限公司新建项目_01_受理公告或公示版.pdf,53,3,11,完整,1.0,设计炭箱装置尺寸 | 3450 | 1275 | 1500 | mm*mm*mm,,解析文本拼接_表格清洗增强_01_001-020.md,017_广东台塑智能科技有限公司新建项目_01_受理公告或公示版
PL018,PL018_广东台塑智能科技有限公司新建项目_01_受理公告或公示版.pdf,53,3,12,完整,1.0,设计活性炭尺寸 | 2000 | 1200 | 600 | mm*mm*mm,,解析文本拼接_表格清洗增强_01_001-020.md,017_广东台塑智能科技有限公司新建项目_01_受理公告或公示版
PL018,PL018_广东台塑智能科技有限公司新建项目_01_受理公告或公示版.pdf,53,3,13,完整,1.0,活性炭密度 | 400 | kg/m3,,解析文本拼接_表格清洗增强_01_001-020.md,017_广东台塑智能科技有限公司新建项目_01_受理公告或公示版
PL018,PL018_广东台塑智能科技有限公司新建项目_01_受理公告或公示版.pdf,53,3,14,完整,1.0,活性炭碘值 | ≥800 | mg/g,,解析文本拼接_表格清洗增强_01_001-020.md,017_广东台塑智能科技有限公司新建项目_01_受理公告或公示版
PL018,PL018_广东台塑智能科技有限公司新建项目_01_受理公告或公示版.pdf,53,3,15,完整,1.0,BET比表面积 | ≥850 | m2/g,,解析文本拼接_表格清洗增强_01_001-020.md,017_广东台塑智能科技有限公司新建项目_01_受理公告或公示版
PL018,PL018_广东台塑智能科技有限公司新建项目_01_受理公告或公示版.pdf,53,4,3,疑似缺失,0.615,"计算公式：V =
炭 | M×L | ×W ×H ×
3 3 3 | 10 。其中 | ，M | -活 | 性炭 | 抽屉个 | 数 | ，L -抽
3 | 屉 | 长度，m | m；W -
3","计算公式：V =
炭；×W ×H ×
3 3 3；10 。其中；，L -抽
3",解析文本拼接_表格清洗增强_01_001-020.md,017_广东台塑智能科技有限公司新建项目_01_受理公告或公示版
PL018,PL018_广东台塑智能科技有限公司新建项目_01_受理公告或公示版.pdf,53,4,4,部分,0.909,"屉 | 宽度，mm；H -
3 | 装填 | 厚度，mm | （颗粒状活 | 性 | 炭按 | 不小 | 于300 | m | m设计）","宽度，mm；H -
3",解析文本拼接_表格清洗增强_01_001-020.md,017_广东台塑智能科技有限公司新建项目_01_受理公告或公示版
PL018,PL018_广东台塑智能科技有限公司新建项目_01_受理公告或公示版.pdf,53,4,5,完整,1.0,项目活性炭填充 | 体积 | =（8*2） | *600*500*3 | 00× | 10-9 | =1.44 | m3。,,解析文本拼接_表格清洗增强_01_001-020.md,017_广东台塑智能科技有限公司新建项目_01_受理公告或公示版
PL018,PL018_广东台塑智能科技有限公司新建项目_01_受理公告或公示版.pdf,53,4,7,部分,0.8,（ ） | 。其 | 中， 活 | 性炭密度， | 3（ | 颗粒 | 状活性 | 炭 | 取 | 3）。,（ ）；中， 活,解析文本拼接_表格清洗增强_01_001-020.md,017_广东台塑智能科技有限公司新建项目_01_受理公告或公示版
PL018,PL018_广东台塑智能科技有限公司新建项目_01_受理公告或公示版.pdf,53,4,8,部分,0.857,"W kg =V ×ρ
炭 | ρ- | k | g/m | 400k | g | /m","W kg =V ×ρ
炭",解析文本拼接_表格清洗增强_01_001-020.md,017_广东台塑智能科技有限公司新建项目_01_受理公告或公示版
PL018,PL018_广东台塑智能科技有限公司新建项目_01_受理公告或公示版.pdf,53,4,9,完整,1.0,项目活性炭填充 | 量=1 | .44*400=5 | 76kg。,,解析文本拼接_表格清洗增强_01_001-020.md,017_广东台塑智能科技有限公司新建项目_01_受理公告或公示版
PL018,PL018_广东台塑智能科技有限公司新建项目_01_受理公告或公示版.pdf,53,4,10,完整,1.0,[3] 活性炭更换 | 周期 | 计算,,解析文本拼接_表格清洗增强_01_001-020.md,017_广东台塑智能科技有限公司新建项目_01_受理公告或公示版
PL018,PL018_广东台塑智能科技有限公司新建项目_01_受理公告或公示版.pdf,53,4,11,完整,1.0,计算公式：T（d | ）= | M×S/C/10- | 6/Q/t。其中 | ，T | — | 更换 | 周期， | d | ；M—活 | 性 | 炭的用量 | ，kg；,,解析文本拼接_表格清洗增强_01_001-020.md,017_广东台塑智能科技有限公司新建项目_01_受理公告或公示版
PL018,PL018_广东台塑智能科技有限公司新建项目_01_受理公告或公示版.pdf,53,4,12,完整,1.0,— | 动态吸附量，%（ | 一 | 般取值15% | ）；C—活 | 性 | 炭削 | 减的 | VOCs | 浓 | 度，mg | / | m3；Q— | 风量，单,,解析文本拼接_表格清洗增强_01_001-020.md,017_广东台塑智能科技有限公司新建项目_01_受理公告或公示版
PL018,PL018_广东台塑智能科技有限公司新建项目_01_受理公告或公示版.pdf,53,4,13,完整,1.0,m | 3/h；t—作业时间 | ， | 单位h/d。,,解析文本拼接_表格清洗增强_01_001-020.md,017_广东台塑智能科技有限公司新建项目_01_受理公告或公示版
PL018,PL018_广东台塑智能科技有限公司新建项目_01_受理公告或公示版.pdf,53,4,14,完整,1.0,表4-10 T | A001工程 | 活性 | 炭 | 更换频 | 次核 | 算 | 表,,解析文本拼接_表格清洗增强_01_001-020.md,017_广东台塑智能科技有限公司新建项目_01_受理公告或公示版
PL018,PL018_广东台塑智能科技有限公司新建项目_01_受理公告或公示版.pdf,53,4,16,完整,1.0,动态 | 活性炭削减 | 设计 | 运行 | 更换 | 年 | 工作 | 建议更,,解析文本拼接_表格清洗增强_01_001-020.md,017_广东台塑智能科技有限公司新建项目_01_受理公告或公示版
PL018,PL018_广东台塑智能科技有限公司新建项目_01_受理公告或公示版.pdf,53,4,18,完整,1.0,用量 | VOCs,,解析文本拼接_表格清洗增强_01_001-020.md,017_广东台塑智能科技有限公司新建项目_01_受理公告或公示版
PL018,PL018_广东台塑智能科技有限公司新建项目_01_受理公告或公示版.pdf,53,4,20,部分,0.875,号 kg | % | mg/m3 | m3/h | h/d | d | d/a | 次/年,号 kg,解析文本拼接_表格清洗增强_01_001-020.md,017_广东台塑智能科技有限公司新建项目_01_受理公告或公示版
PL018,PL018_广东台塑智能科技有限公司新建项目_01_受理公告或公示版.pdf,53,4,21,完整,1.0,TA | 001 1# 576 | 15% | 55.08 | 9500 | 10 | 17 | 300 | 19,,解析文本拼接_表格清洗增强_01_001-020.md,017_广东台塑智能科技有限公司新建项目_01_受理公告或公示版
PL018,PL018_广东台塑智能科技有限公司新建项目_01_受理公告或公示版.pdf,53,4,22,完整,1.0,备注 | ：根据《佛山市生 | 态环 | 境局关于加 | 强活性炭吸附 | 工艺 | 规 | 范化设 | 计建设 | 与 | 运行管理 | 的 | 通知》（ | 佛环函,,解析文本拼接_表格清洗增强_01_001-020.md,017_广东台塑智能科技有限公司新建项目_01_受理公告或公示版
PL018,PL018_广东台塑智能科技有限公司新建项目_01_受理公告或公示版.pdf,53,4,23,完整,1.0,〔2 | 024〕70号）及其附 | 件： | 活性炭更换 | 周期一般不应 | 超 | 过累 | 计运行 | 500小 | 时 | 或3个月 | 。,,解析文本拼接_表格清洗增强_01_001-020.md,017_广东台塑智能科技有限公司新建项目_01_受理公告或公示版
PL018,PL018_广东台塑智能科技有限公司新建项目_01_受理公告或公示版.pdf,53,4,24,完整,1.0,表4- | 11 TA001 | 工程活性 | 炭吸 | 附 | 装置设 | 计方 | 案 | 一览表,,解析文本拼接_表格清洗增强_01_001-020.md,017_广东台塑智能科技有限公司新建项目_01_受理公告或公示版
PL018,PL018_广东台塑智能科技有限公司新建项目_01_受理公告或公示版.pdf,53,4,26,完整,1.0,工程编号 | TA0 | 01 | /,,解析文本拼接_表格清洗增强_01_001-020.md,017_广东台塑智能科技有限公司新建项目_01_受理公告或公示版
PL018,PL018_广东台塑智能科技有限公司新建项目_01_受理公告或公示版.pdf,53,4,27,完整,1.0,排气筒 | G1 | /,,解析文本拼接_表格清洗增强_01_001-020.md,017_广东台塑智能科技有限公司新建项目_01_受理公告或公示版
PL018,PL018_广东台塑智能科技有限公司新建项目_01_受理公告或公示版.pdf,53,4,28,完整,1.0,活性 | 炭吸附装置 | 编号 | 1# | /,,解析文本拼接_表格清洗增强_01_001-020.md,017_广东台塑智能科技有限公司新建项目_01_受理公告或公示版
PL018,PL018_广东台塑智能科技有限公司新建项目_01_受理公告或公示版.pdf,53,4,29,完整,1.0,设计风量 | 950 | 0 | m3/h,,解析文本拼接_表格清洗增强_01_001-020.md,017_广东台塑智能科技有限公司新建项目_01_受理公告或公示版
PL018,PL018_广东台塑智能科技有限公司新建项目_01_受理公告或公示版.pdf,53,4,30,完整,1.0,活性炭类型 | 颗粒 | 状 | /,,解析文本拼接_表格清洗增强_01_001-020.md,017_广东台塑智能科技有限公司新建项目_01_受理公告或公示版
PL018,PL018_广东台塑智能科技有限公司新建项目_01_受理公告或公示版.pdf,53,4,31,完整,1.0,所需过炭面积 | 4.4 | 0 | m2,,解析文本拼接_表格清洗增强_01_001-020.md,017_广东台塑智能科技有限公司新建项目_01_受理公告或公示版
PL018,PL018_广东台塑智能科技有限公司新建项目_01_受理公告或公示版.pdf,53,4,32,完整,1.0,活 | 性炭吸附装 | 设计过炭面积 | 4.8 | m2,,解析文本拼接_表格清洗增强_01_001-020.md,017_广东台塑智能科技有限公司新建项目_01_受理公告或公示版
PL018,PL018_广东台塑智能科技有限公司新建项目_01_受理公告或公示版.pdf,53,4,33,完整,1.0,置 | 设计抽屉个数 | 16 | 个,,解析文本拼接_表格清洗增强_01_001-020.md,017_广东台塑智能科技有限公司新建项目_01_受理公告或公示版
PL018,PL018_广东台塑智能科技有限公司新建项目_01_受理公告或公示版.pdf,53,4,34,完整,1.0,设计抽屉尺寸 | 600 | 50 | 0 | 3 | 00 | mm*mm*m | m,,解析文本拼接_表格清洗增强_01_001-020.md,017_广东台塑智能科技有限公司新建项目_01_受理公告或公示版
PL018,PL018_广东台塑智能科技有限公司新建项目_01_受理公告或公示版.pdf,53,4,35,完整,1.0,设 | 计炭箱装置尺 | 寸 | 345 | 0 | 127 | 5 | 15 | 00 | mm*mm*m | m,,解析文本拼接_表格清洗增强_01_001-020.md,017_广东台塑智能科技有限公司新建项目_01_受理公告或公示版
PL018,PL018_广东台塑智能科技有限公司新建项目_01_受理公告或公示版.pdf,53,4,36,完整,1.0,设 | 计活性炭尺 | 寸 | 200 | 0 | 120 | 0 | 6 | 00 | mm*mm*m | m,,解析文本拼接_表格清洗增强_01_001-020.md,017_广东台塑智能科技有限公司新建项目_01_受理公告或公示版
PL018,PL018_广东台塑智能科技有限公司新建项目_01_受理公告或公示版.pdf,53,4,37,完整,1.0,活性炭密度 | 400 | kg/m3,,解析文本拼接_表格清洗增强_01_001-020.md,017_广东台塑智能科技有限公司新建项目_01_受理公告或公示版
PL018,PL018_广东台塑智能科技有限公司新建项目_01_受理公告或公示版.pdf,53,4,38,完整,1.0,活性炭碘值 | ≥80 | 0 | mg/g,,解析文本拼接_表格清洗增强_01_001-020.md,017_广东台塑智能科技有限公司新建项目_01_受理公告或公示版
PL018,PL018_广东台塑智能科技有限公司新建项目_01_受理公告或公示版.pdf,53,4,39,完整,1.0,B | ET比表面积 | ≥85 | 0 | m2/g,,解析文本拼接_表格清洗增强_01_001-020.md,017_广东台塑智能科技有限公司新建项目_01_受理公告或公示版
PL018,PL018_广东台塑智能科技有限公司新建项目_01_受理公告或公示版.pdf,54,2,1,完整,1.0,过滤风速（＜0.6m/s） | 0.550 | m/s,,解析文本拼接_表格清洗增强_01_001-020.md,017_广东台塑智能科技有限公司新建项目_01_受理公告或公示版
PL018,PL018_广东台塑智能科技有限公司新建项目_01_受理公告或公示版.pdf,54,2,2,完整,1.0,停留时间（0.5~1.0s） | 0.546 | s,,解析文本拼接_表格清洗增强_01_001-020.md,017_广东台塑智能科技有限公司新建项目_01_受理公告或公示版
PL018,PL018_广东台塑智能科技有限公司新建项目_01_受理公告或公示版.pdf,54,2,3,完整,1.0,活性炭数量 | 0.576 | t,,解析文本拼接_表格清洗增强_01_001-020.md,017_广东台塑智能科技有限公司新建项目_01_受理公告或公示版
PL018,PL018_广东台塑智能科技有限公司新建项目_01_受理公告或公示版.pdf,54,2,4,完整,1.0,更换频次（500h或3个月） | 19 | 次/年,,解析文本拼接_表格清洗增强_01_001-020.md,017_广东台塑智能科技有限公司新建项目_01_受理公告或公示版
PL018,PL018_广东台塑智能科技有限公司新建项目_01_受理公告或公示版.pdf,54,2,5,完整,1.0,活性炭设计使用量 | 10.944 | t/a,,解析文本拼接_表格清洗增强_01_001-020.md,017_广东台塑智能科技有限公司新建项目_01_受理公告或公示版
PL018,PL018_广东台塑智能科技有限公司新建项目_01_受理公告或公示版.pdf,54,2,6,完整,1.0,VOCs物质-吸附设计量 | 1.642 | t/a,,解析文本拼接_表格清洗增强_01_001-020.md,017_广东台塑智能科技有限公司新建项目_01_受理公告或公示版
PL018,PL018_广东台塑智能科技有限公司新建项目_01_受理公告或公示版.pdf,54,2,7,完整,1.0,VOCs物质-吸附需求量 | 1.395 | t/a,,解析文本拼接_表格清洗增强_01_001-020.md,017_广东台塑智能科技有限公司新建项目_01_受理公告或公示版
PL018,PL018_广东台塑智能科技有限公司新建项目_01_受理公告或公示版.pdf,54,2,8,完整,1.0,废活性炭产生量 | 12.339 | t/a,,解析文本拼接_表格清洗增强_01_001-020.md,017_广东台塑智能科技有限公司新建项目_01_受理公告或公示版
PL018,PL018_广东台塑智能科技有限公司新建项目_01_受理公告或公示版.pdf,54,2,9,完整,1.0,"安全生产设施
要求 | 压差计 | 须每个活性炭箱体安装一个。当压力差增大到限值，提醒更换活性炭。",,解析文本拼接_表格清洗增强_01_001-020.md,017_广东台塑智能科技有限公司新建项目_01_受理公告或公示版
PL018,PL018_广东台塑智能科技有限公司新建项目_01_受理公告或公示版.pdf,54,2,10,完整,1.0,"温度传感
器 | 每个活性炭箱体安装一个，活性炭箱体要求进气温度不大于40℃、温度达
到83℃开始报警。当进气温度异常时，强制措施一般包括：停止风机、关
闭炭箱进风口、废气紧急排放启动、冷却风补风机启动等。",,解析文本拼接_表格清洗增强_01_001-020.md,017_广东台塑智能科技有限公司新建项目_01_受理公告或公示版
PL018,PL018_广东台塑智能科技有限公司新建项目_01_受理公告或公示版.pdf,54,2,11,完整,1.0,"防火阀 | 单独活性炭吸附工艺必须安装在进风风管。当活性炭箱内部温度正常时，
防火阀常开；当通过活性炭箱的气体温度升高至防火阀限值（65-80℃），
防火阀关闭。防火阀为一次性保护措施，如使用应及时更换。",,解析文本拼接_表格清洗增强_01_001-020.md,017_广东台塑智能科技有限公司新建项目_01_受理公告或公示版
PL018,PL018_广东台塑智能科技有限公司新建项目_01_受理公告或公示版.pdf,54,2,12,完整,1.0,"其他 | 有条件的排污单位还可选择活性炭箱冷风补风机、喷淋、换热器以及警报
装置和远程控制等安全措施。",,解析文本拼接_表格清洗增强_01_001-020.md,017_广东台塑智能科技有限公司新建项目_01_受理公告或公示版
PL018,PL018_广东台塑智能科技有限公司新建项目_01_受理公告或公示版.pdf,54,3,1,完整,1.0,过滤风速 | （＜0.6m/s） | 0.550 | m/s,,解析文本拼接_表格清洗增强_01_001-020.md,017_广东台塑智能科技有限公司新建项目_01_受理公告或公示版
PL018,PL018_广东台塑智能科技有限公司新建项目_01_受理公告或公示版.pdf,54,3,2,完整,1.0,停留时间 | （0.5~1.0s） | 0.546 | s,,解析文本拼接_表格清洗增强_01_001-020.md,017_广东台塑智能科技有限公司新建项目_01_受理公告或公示版
PL018,PL018_广东台塑智能科技有限公司新建项目_01_受理公告或公示版.pdf,54,3,3,完整,1.0,活 | 性炭数量 | 0.576 | t,,解析文本拼接_表格清洗增强_01_001-020.md,017_广东台塑智能科技有限公司新建项目_01_受理公告或公示版
PL018,PL018_广东台塑智能科技有限公司新建项目_01_受理公告或公示版.pdf,54,3,4,完整,1.0,更换频次（ | 500h或3个月） | 19 | 次/年,,解析文本拼接_表格清洗增强_01_001-020.md,017_广东台塑智能科技有限公司新建项目_01_受理公告或公示版
PL018,PL018_广东台塑智能科技有限公司新建项目_01_受理公告或公示版.pdf,54,3,5,完整,1.0,活性炭 | 设计使用量 | 10.944 | t/a,,解析文本拼接_表格清洗增强_01_001-020.md,017_广东台塑智能科技有限公司新建项目_01_受理公告或公示版
PL018,PL018_广东台塑智能科技有限公司新建项目_01_受理公告或公示版.pdf,54,3,6,完整,1.0,VOCs物 | 质-吸附设计量 | 1.642 | t/a,,解析文本拼接_表格清洗增强_01_001-020.md,017_广东台塑智能科技有限公司新建项目_01_受理公告或公示版
PL018,PL018_广东台塑智能科技有限公司新建项目_01_受理公告或公示版.pdf,54,3,7,完整,1.0,VOCs物 | 质-吸附需求量 | 1.395 | t/a,,解析文本拼接_表格清洗增强_01_001-020.md,017_广东台塑智能科技有限公司新建项目_01_受理公告或公示版
PL018,PL018_广东台塑智能科技有限公司新建项目_01_受理公告或公示版.pdf,54,3,8,完整,1.0,废活 | 性炭产生量 | 12.339 | t/a,,解析文本拼接_表格清洗增强_01_001-020.md,017_广东台塑智能科技有限公司新建项目_01_受理公告或公示版
PL018,PL018_广东台塑智能科技有限公司新建项目_01_受理公告或公示版.pdf,54,3,9,完整,1.0,压差计 | 须每个活性炭箱体安装一个。 | 当压力差增大到限值，提醒更 | 换活性炭。,,解析文本拼接_表格清洗增强_01_001-020.md,017_广东台塑智能科技有限公司新建项目_01_受理公告或公示版
PL018,PL018_广东台塑智能科技有限公司新建项目_01_受理公告或公示版.pdf,54,3,10,完整,1.0,每个活性炭箱体安装一个，活 | 性炭箱体要求进气温度不大于 | 40℃、温度达,,解析文本拼接_表格清洗增强_01_001-020.md,017_广东台塑智能科技有限公司新建项目_01_受理公告或公示版
PL018,PL018_广东台塑智能科技有限公司新建项目_01_受理公告或公示版.pdf,54,3,12,完整,1.0,到83℃开始报警。当进气温度 | 异常时，强制措施一般包括： | 停止风机、关,,解析文本拼接_表格清洗增强_01_001-020.md,017_广东台塑智能科技有限公司新建项目_01_受理公告或公示版
PL018,PL018_广东台塑智能科技有限公司新建项目_01_受理公告或公示版.pdf,54,3,14,完整,1.0,闭炭箱进风口、废气紧急排放 | 启动、冷却风补风机启动等。,,解析文本拼接_表格清洗增强_01_001-020.md,017_广东台塑智能科技有限公司新建项目_01_受理公告或公示版
PL018,PL018_广东台塑智能科技有限公司新建项目_01_受理公告或公示版.pdf,54,3,16,完整,1.0,单独活性炭吸附工艺必须安装 | 在进风风管。当活性炭箱内部 | 温度正常时，,,解析文本拼接_表格清洗增强_01_001-020.md,017_广东台塑智能科技有限公司新建项目_01_受理公告或公示版
PL018,PL018_广东台塑智能科技有限公司新建项目_01_受理公告或公示版.pdf,54,3,18,完整,1.0,防火阀 | 防火阀常开；当通过活性炭箱 | 的气体温度升高至防火阀限值 | （65-80℃），,,解析文本拼接_表格清洗增强_01_001-020.md,017_广东台塑智能科技有限公司新建项目_01_受理公告或公示版
PL018,PL018_广东台塑智能科技有限公司新建项目_01_受理公告或公示版.pdf,54,3,20,完整,1.0,有条件的排污单位还可选择活 | 性炭箱冷风补风机、喷淋、换 | 热器以及警报,,解析文本拼接_表格清洗增强_01_001-020.md,017_广东台塑智能科技有限公司新建项目_01_受理公告或公示版
PL018,PL018_广东台塑智能科技有限公司新建项目_01_受理公告或公示版.pdf,54,3,23,完整,1.0,（2）TA002工 | 程活性炭吸 | 附装置设计方案（2#-15000m | 3/h）,,解析文本拼接_表格清洗增强_01_001-020.md,017_广东台塑智能科技有限公司新建项目_01_受理公告或公示版
PL018,PL018_广东台塑智能科技有限公司新建项目_01_受理公告或公示版.pdf,54,3,24,完整,1.0,[1] 炭箱外 | 形尺寸计算,,解析文本拼接_表格清洗增强_01_001-020.md,017_广东台塑智能科技有限公司新建项目_01_受理公告或公示版
PL018,PL018_广东台塑智能科技有限公司新建项目_01_受理公告或公示版.pdf,54,3,25,完整,1.0,项目使用颗 | 粒状活性炭 | ，设计风量Q=15000m3/h， | 颗粒状活性炭空塔流速不 | 超过0.6m/s。,,解析文本拼接_表格清洗增强_01_001-020.md,017_广东台塑智能科技有限公司新建项目_01_受理公告或公示版
PL018,PL018_广东台塑智能科技有限公司新建项目_01_受理公告或公示版.pdf,54,3,26,完整,1.0,①所需过炭 | 面积（吸附 | 截面积）：S=Q÷v÷3600=1 | 5000m3/h÷0.6m/s÷3600≈6. | 94m2；,,解析文本拼接_表格清洗增强_01_001-020.md,017_广东台塑智能科技有限公司新建项目_01_受理公告或公示版
PL018,PL018_广东台塑智能科技有限公司新建项目_01_受理公告或公示版.pdf,54,3,27,完整,1.0,②炭箱抽屉 | 个数：6.94 | m2÷0.5÷0.6≈23.1个抽屉（不 | 少于24个抽屉），本项 | 目抽屉装碳空,,解析文本拼接_表格清洗增强_01_001-020.md,017_广东台塑智能科技有限公司新建项目_01_受理公告或公示版
PL018,PL018_广东台塑智能科技有限公司新建项目_01_受理公告或公示版.pdf,54,3,28,完整,1.0,寸为600×5 | 00×300mm | ，颗粒状活性炭装填厚度要 | 求为300mm，故项目拟设 | 置24个抽屉。,,解析文本拼接_表格清洗增强_01_001-020.md,017_广东台塑智能科技有限公司新建项目_01_受理公告或公示版
PL018,PL018_广东台塑智能科技有限公司新建项目_01_受理公告或公示版.pdf,54,3,29,完整,1.0,③炭箱外形 | 尺寸：项目 | 活性炭箱中24个抽屉排布 | ，拟按2层，每层设12 | 个抽屉（按照,,解析文本拼接_表格清洗增强_01_001-020.md,017_广东台塑智能科技有限公司新建项目_01_受理公告或公示版
PL018,PL018_广东台塑智能科技有限公司新建项目_01_受理公告或公示版.pdf,54,3,30,完整,1.0,长3个，宽 | 4个来布置 | ）。（核算过炭面积为12 | ×2×0.6×0.5=7.2m2＞6.9 | 4m2。）,,解析文本拼接_表格清洗增强_01_001-020.md,017_广东台塑智能科技有限公司新建项目_01_受理公告或公示版
PL018,PL018_广东台塑智能科技有限公司新建项目_01_受理公告或公示版.pdf,54,3,31,疑似缺失,0.5,"活性炭尺寸 | ：L ×W ×
2 2 | H =2000mm×1800mm×60
2 | 0mm","：L ×W ×
2 2；H =2000mm×1800mm×60
2",解析文本拼接_表格清洗增强_01_001-020.md,017_广东台塑智能科技有限公司新建项目_01_受理公告或公示版
PL018,PL018_广东台塑智能科技有限公司新建项目_01_受理公告或公示版.pdf,54,3,32,疑似缺失,0.5,"炭箱外形尺 | 寸：L ×W ×
1 1 | H =3450mm×1895mm×150
1 | 0mm","寸：L ×W ×
1 1；H =3450mm×1895mm×150
1",解析文本拼接_表格清洗增强_01_001-020.md,017_广东台塑智能科技有限公司新建项目_01_受理公告或公示版
PL018,PL018_广东台塑智能科技有限公司新建项目_01_受理公告或公示版.pdf,54,3,33,完整,1.0,[2] 活性炭 | 装填量计算,,解析文本拼接_表格清洗增强_01_001-020.md,017_广东台塑智能科技有限公司新建项目_01_受理公告或公示版
PL018,PL018_广东台塑智能科技有限公司新建项目_01_受理公告或公示版.pdf,54,3,34,完整,1.0,①活性炭体 | 积,,解析文本拼接_表格清洗增强_01_001-020.md,017_广东台塑智能科技有限公司新建项目_01_受理公告或公示版
PL018,PL018_广东台塑智能科技有限公司新建项目_01_受理公告或公示版.pdf,54,3,36,疑似缺失,0.2,"计算公式：V | =M×L ×
炭 3 | W ×H ×10 。其中，M-活性
3 3 | 炭抽屉个数，L -抽屉长
3 | 度，mm；W -
3","=M×L ×
炭 3；W ×H ×10 。其中，M-活性
3 3；炭抽屉个数，L -抽屉长
3；度，mm；W -
3",解析文本拼接_表格清洗增强_01_001-020.md,017_广东台塑智能科技有限公司新建项目_01_受理公告或公示版
PL018,PL018_广东台塑智能科技有限公司新建项目_01_受理公告或公示版.pdf,54,3,37,部分,0.75,"宽度，mm； | H -装填厚
3 | 度，mm（颗粒状活性炭按 | 不小于300mm设计）","H -装填厚
3",解析文本拼接_表格清洗增强_01_001-020.md,017_广东台塑智能科技有限公司新建项目_01_受理公告或公示版
PL018,PL018_广东台塑智能科技有限公司新建项目_01_受理公告或公示版.pdf,54,3,38,完整,1.0,项目活性炭 | 填充体积=（ | 12*2）*600*500*300×10-9 | =2.16m3。,,解析文本拼接_表格清洗增强_01_001-020.md,017_广东台塑智能科技有限公司新建项目_01_受理公告或公示版
PL018,PL018_广东台塑智能科技有限公司新建项目_01_受理公告或公示版.pdf,54,3,39,完整,1.0,②活性炭装 | 填量,,解析文本拼接_表格清洗增强_01_001-020.md,017_广东台塑智能科技有限公司新建项目_01_受理公告或公示版
PL018,PL018_广东台塑智能科技有限公司新建项目_01_受理公告或公示版.pdf,55,2,1,完整,1.0,"工程编
号 | 装
置
编
号 | 活性
炭
用量 | 动态
吸附量 | 活性炭削减
VOCs浓度 | 设计
风量 | 运行
时间 | 更换
周期 | 年工作
时间 | 建议更
换频次",,解析文本拼接_表格清洗增强_01_001-020.md,017_广东台塑智能科技有限公司新建项目_01_受理公告或公示版
PL018,PL018_广东台塑智能科技有限公司新建项目_01_受理公告或公示版.pdf,55,2,2,完整,1.0,kg | % | mg/m3 | m3/h | h/d | d | d/a | 次/年,,解析文本拼接_表格清洗增强_01_001-020.md,017_广东台塑智能科技有限公司新建项目_01_受理公告或公示版
PL018,PL018_广东台塑智能科技有限公司新建项目_01_受理公告或公示版.pdf,55,2,3,完整,1.0,TA002 | 2# | 864 | 15% | 37.23 | 15000 | 10 | 23 | 300 | 13,,解析文本拼接_表格清洗增强_01_001-020.md,017_广东台塑智能科技有限公司新建项目_01_受理公告或公示版
PL018,PL018_广东台塑智能科技有限公司新建项目_01_受理公告或公示版.pdf,55,3,2,完整,1.0,"活性炭吸附装
置 | 工程编号 | TA002 | /",,解析文本拼接_表格清洗增强_01_001-020.md,017_广东台塑智能科技有限公司新建项目_01_受理公告或公示版
PL018,PL018_广东台塑智能科技有限公司新建项目_01_受理公告或公示版.pdf,55,3,3,完整,1.0,排气筒 | G1 | /,,解析文本拼接_表格清洗增强_01_001-020.md,017_广东台塑智能科技有限公司新建项目_01_受理公告或公示版
PL018,PL018_广东台塑智能科技有限公司新建项目_01_受理公告或公示版.pdf,55,3,4,完整,1.0,活性炭吸附装置编号 | 2# | /,,解析文本拼接_表格清洗增强_01_001-020.md,017_广东台塑智能科技有限公司新建项目_01_受理公告或公示版
PL018,PL018_广东台塑智能科技有限公司新建项目_01_受理公告或公示版.pdf,55,3,5,完整,1.0,设计风量 | 15000 | m3/h,,解析文本拼接_表格清洗增强_01_001-020.md,017_广东台塑智能科技有限公司新建项目_01_受理公告或公示版
PL018,PL018_广东台塑智能科技有限公司新建项目_01_受理公告或公示版.pdf,55,3,6,完整,1.0,活性炭类型 | 颗粒状 | /,,解析文本拼接_表格清洗增强_01_001-020.md,017_广东台塑智能科技有限公司新建项目_01_受理公告或公示版
PL018,PL018_广东台塑智能科技有限公司新建项目_01_受理公告或公示版.pdf,55,3,7,完整,1.0,所需过炭面积 | 6.94 | m2,,解析文本拼接_表格清洗增强_01_001-020.md,017_广东台塑智能科技有限公司新建项目_01_受理公告或公示版
PL018,PL018_广东台塑智能科技有限公司新建项目_01_受理公告或公示版.pdf,55,3,8,完整,1.0,设计过炭面积 | 7.2 | m2,,解析文本拼接_表格清洗增强_01_001-020.md,017_广东台塑智能科技有限公司新建项目_01_受理公告或公示版
PL018,PL018_广东台塑智能科技有限公司新建项目_01_受理公告或公示版.pdf,55,3,9,完整,1.0,设计抽屉个数 | 24 | 个,,解析文本拼接_表格清洗增强_01_001-020.md,017_广东台塑智能科技有限公司新建项目_01_受理公告或公示版
PL018,PL018_广东台塑智能科技有限公司新建项目_01_受理公告或公示版.pdf,55,3,10,完整,1.0,设计抽屉尺寸 | 600 | 500 | 300 | mm*mm*mm,,解析文本拼接_表格清洗增强_01_001-020.md,017_广东台塑智能科技有限公司新建项目_01_受理公告或公示版
PL018,PL018_广东台塑智能科技有限公司新建项目_01_受理公告或公示版.pdf,55,3,11,完整,1.0,设计炭箱装置尺寸 | 3450 | 1895 | 1500 | mm*mm*mm,,解析文本拼接_表格清洗增强_01_001-020.md,017_广东台塑智能科技有限公司新建项目_01_受理公告或公示版
PL018,PL018_广东台塑智能科技有限公司新建项目_01_受理公告或公示版.pdf,55,3,12,完整,1.0,设计活性炭尺寸 | 2000 | 1800 | 600 | mm*mm*mm,,解析文本拼接_表格清洗增强_01_001-020.md,017_广东台塑智能科技有限公司新建项目_01_受理公告或公示版
PL018,PL018_广东台塑智能科技有限公司新建项目_01_受理公告或公示版.pdf,55,3,13,完整,1.0,活性炭密度 | 400 | kg/m3,,解析文本拼接_表格清洗增强_01_001-020.md,017_广东台塑智能科技有限公司新建项目_01_受理公告或公示版
PL018,PL018_广东台塑智能科技有限公司新建项目_01_受理公告或公示版.pdf,55,3,14,完整,1.0,活性炭碘值 | ≥800 | mg/g,,解析文本拼接_表格清洗增强_01_001-020.md,017_广东台塑智能科技有限公司新建项目_01_受理公告或公示版
PL018,PL018_广东台塑智能科技有限公司新建项目_01_受理公告或公示版.pdf,55,3,15,完整,1.0,BET比表面积 | ≥850 | m2/g,,解析文本拼接_表格清洗增强_01_001-020.md,017_广东台塑智能科技有限公司新建项目_01_受理公告或公示版
PL018,PL018_广东台塑智能科技有限公司新建项目_01_受理公告或公示版.pdf,55,3,16,完整,1.0,过滤风速（＜0.6m/s） | 0.579 | m/s,,解析文本拼接_表格清洗增强_01_001-020.md,017_广东台塑智能科技有限公司新建项目_01_受理公告或公示版
PL018,PL018_广东台塑智能科技有限公司新建项目_01_受理公告或公示版.pdf,55,3,17,完整,1.0,停留时间（0.5~1.0s） | 0.518 | s,,解析文本拼接_表格清洗增强_01_001-020.md,017_广东台塑智能科技有限公司新建项目_01_受理公告或公示版
PL018,PL018_广东台塑智能科技有限公司新建项目_01_受理公告或公示版.pdf,55,3,18,完整,1.0,活性炭数量 | 0.864 | t,,解析文本拼接_表格清洗增强_01_001-020.md,017_广东台塑智能科技有限公司新建项目_01_受理公告或公示版
PL018,PL018_广东台塑智能科技有限公司新建项目_01_受理公告或公示版.pdf,55,3,19,完整,1.0,更换频次（500h或3个月） | 13 | 次/年,,解析文本拼接_表格清洗增强_01_001-020.md,017_广东台塑智能科技有限公司新建项目_01_受理公告或公示版
PL018,PL018_广东台塑智能科技有限公司新建项目_01_受理公告或公示版.pdf,55,3,20,完整,1.0,活性炭设计使用量 | 11.232 | t/a,,解析文本拼接_表格清洗增强_01_001-020.md,017_广东台塑智能科技有限公司新建项目_01_受理公告或公示版
PL018,PL018_广东台塑智能科技有限公司新建项目_01_受理公告或公示版.pdf,55,3,21,完整,1.0,VOCs物质-吸附设计量 | 1.685 | t/a,,解析文本拼接_表格清洗增强_01_001-020.md,017_广东台塑智能科技有限公司新建项目_01_受理公告或公示版
PL018,PL018_广东台塑智能科技有限公司新建项目_01_受理公告或公示版.pdf,55,4,1,部分,0.8,（ ） | 。其 | 中， 活 | 性炭密度， | 3（ | 颗粒 | 状活性 | 炭 | 取 | 3）。,（ ）；中， 活,解析文本拼接_表格清洗增强_01_001-020.md,017_广东台塑智能科技有限公司新建项目_01_受理公告或公示版
PL018,PL018_广东台塑智能科技有限公司新建项目_01_受理公告或公示版.pdf,55,4,2,部分,0.778,"W kg =V | ×ρ
炭 | ρ- | k | g/ | m | 400k | g | /m","W kg =V；×ρ
炭",解析文本拼接_表格清洗增强_01_001-020.md,017_广东台塑智能科技有限公司新建项目_01_受理公告或公示版
PL018,PL018_广东台塑智能科技有限公司新建项目_01_受理公告或公示版.pdf,55,4,3,完整,1.0,项目活性炭填 | 充量=2 | .16*400=8 | 64kg。,,解析文本拼接_表格清洗增强_01_001-020.md,017_广东台塑智能科技有限公司新建项目_01_受理公告或公示版
PL018,PL018_广东台塑智能科技有限公司新建项目_01_受理公告或公示版.pdf,55,4,4,完整,1.0,[3] 活性炭更 | 换周期 | 计算,,解析文本拼接_表格清洗增强_01_001-020.md,017_广东台塑智能科技有限公司新建项目_01_受理公告或公示版
PL018,PL018_广东台塑智能科技有限公司新建项目_01_受理公告或公示版.pdf,55,4,5,完整,1.0,计算公式：T | （d）= | M×S/C/10- | 6/Q/t。其中 | ， | T— | 更换 | 周期， | d | ；M—活 | 性 | 炭的用量 | ，kg；,,解析文本拼接_表格清洗增强_01_001-020.md,017_广东台塑智能科技有限公司新建项目_01_受理公告或公示版
PL018,PL018_广东台塑智能科技有限公司新建项目_01_受理公告或公示版.pdf,55,4,6,完整,1.0,— | 动态吸附量， | %（一 | 般取值15% | ）；C—活 | 性 | 炭削 | 减的 | VOCs | 浓 | 度，mg | / | m3；Q— | 风量，单,,解析文本拼接_表格清洗增强_01_001-020.md,017_广东台塑智能科技有限公司新建项目_01_受理公告或公示版
PL018,PL018_广东台塑智能科技有限公司新建项目_01_受理公告或公示版.pdf,55,4,7,完整,1.0,m | 3/h；t—作业 | 时间， | 单位h/d。,,解析文本拼接_表格清洗增强_01_001-020.md,017_广东台塑智能科技有限公司新建项目_01_受理公告或公示版
PL018,PL018_广东台塑智能科技有限公司新建项目_01_受理公告或公示版.pdf,55,4,8,完整,1.0,表4-12 T | A002工程 | 活性 | 炭 | 更换频 | 次核 | 算 | 表,,解析文本拼接_表格清洗增强_01_001-020.md,017_广东台塑智能科技有限公司新建项目_01_受理公告或公示版
PL018,PL018_广东台塑智能科技有限公司新建项目_01_受理公告或公示版.pdf,55,4,10,完整,1.0,动态 | 活性炭削减 | 设计 | 运行 | 更换 | 年 | 工作 | 建议更,,解析文本拼接_表格清洗增强_01_001-020.md,017_广东台塑智能科技有限公司新建项目_01_受理公告或公示版
PL018,PL018_广东台塑智能科技有限公司新建项目_01_受理公告或公示版.pdf,55,4,12,完整,1.0,用量 | VOCs,,解析文本拼接_表格清洗增强_01_001-020.md,017_广东台塑智能科技有限公司新建项目_01_受理公告或公示版
PL018,PL018_广东台塑智能科技有限公司新建项目_01_受理公告或公示版.pdf,55,4,14,完整,1.0,号 | kg | % | mg/m3 | m3/h | h/d | d | d/a | 次/年,,解析文本拼接_表格清洗增强_01_001-020.md,017_广东台塑智能科技有限公司新建项目_01_受理公告或公示版
PL018,PL018_广东台塑智能科技有限公司新建项目_01_受理公告或公示版.pdf,55,4,15,完整,1.0,TA | 002 2# | 864 | 15% | 37.23 | 1500 | 0 | 10 | 23 | 300 | 13,,解析文本拼接_表格清洗增强_01_001-020.md,017_广东台塑智能科技有限公司新建项目_01_受理公告或公示版
PL018,PL018_广东台塑智能科技有限公司新建项目_01_受理公告或公示版.pdf,55,4,16,完整,1.0,备注 | ：根据《佛山 | 市生态环 | 境局关于加 | 强活性炭吸附 | 工 | 艺规 | 范化设 | 计建设 | 与 | 运行管理 | 的 | 通知》（ | 佛环函,,解析文本拼接_表格清洗增强_01_001-020.md,017_广东台塑智能科技有限公司新建项目_01_受理公告或公示版
PL018,PL018_广东台塑智能科技有限公司新建项目_01_受理公告或公示版.pdf,55,4,17,完整,1.0,〔2 | 024〕70号）及 | 其附件： | 活性炭更换 | 周期一般不应 | 超 | 过累 | 计运行 | 500小 | 时 | 或3个月 | 。,,解析文本拼接_表格清洗增强_01_001-020.md,017_广东台塑智能科技有限公司新建项目_01_受理公告或公示版
PL018,PL018_广东台塑智能科技有限公司新建项目_01_受理公告或公示版.pdf,55,4,18,完整,1.0,表4- | 13 TA002 | 工程活性炭 | 吸 | 附 | 装置设 | 计方 | 案 | 一览表,,解析文本拼接_表格清洗增强_01_001-020.md,017_广东台塑智能科技有限公司新建项目_01_受理公告或公示版
PL018,PL018_广东台塑智能科技有限公司新建项目_01_受理公告或公示版.pdf,55,4,20,完整,1.0,工程编号 | TA0 | 02 | /,,解析文本拼接_表格清洗增强_01_001-020.md,017_广东台塑智能科技有限公司新建项目_01_受理公告或公示版
PL018,PL018_广东台塑智能科技有限公司新建项目_01_受理公告或公示版.pdf,55,4,21,完整,1.0,排气筒 | G1 | /,,解析文本拼接_表格清洗增强_01_001-020.md,017_广东台塑智能科技有限公司新建项目_01_受理公告或公示版
PL018,PL018_广东台塑智能科技有限公司新建项目_01_受理公告或公示版.pdf,55,4,22,完整,1.0,活性 | 炭吸附装置 | 编号 | 2# | /,,解析文本拼接_表格清洗增强_01_001-020.md,017_广东台塑智能科技有限公司新建项目_01_受理公告或公示版
PL018,PL018_广东台塑智能科技有限公司新建项目_01_受理公告或公示版.pdf,55,4,23,完整,1.0,设计风量 | 1500 | 0 | m3/h,,解析文本拼接_表格清洗增强_01_001-020.md,017_广东台塑智能科技有限公司新建项目_01_受理公告或公示版
PL018,PL018_广东台塑智能科技有限公司新建项目_01_受理公告或公示版.pdf,55,4,24,完整,1.0,活性炭类型 | 颗粒 | 状 | /,,解析文本拼接_表格清洗增强_01_001-020.md,017_广东台塑智能科技有限公司新建项目_01_受理公告或公示版
PL018,PL018_广东台塑智能科技有限公司新建项目_01_受理公告或公示版.pdf,55,4,25,完整,1.0,所需过炭面积 | 6.9 | 4 | m2,,解析文本拼接_表格清洗增强_01_001-020.md,017_广东台塑智能科技有限公司新建项目_01_受理公告或公示版
PL018,PL018_广东台塑智能科技有限公司新建项目_01_受理公告或公示版.pdf,55,4,26,完整,1.0,设计过炭面积 | 7.2 | m2,,解析文本拼接_表格清洗增强_01_001-020.md,017_广东台塑智能科技有限公司新建项目_01_受理公告或公示版
PL018,PL018_广东台塑智能科技有限公司新建项目_01_受理公告或公示版.pdf,55,4,27,完整,1.0,设计抽屉个数 | 24 | 个,,解析文本拼接_表格清洗增强_01_001-020.md,017_广东台塑智能科技有限公司新建项目_01_受理公告或公示版
PL018,PL018_广东台塑智能科技有限公司新建项目_01_受理公告或公示版.pdf,55,4,28,完整,1.0,设计抽屉尺寸 | 60 | 0 | 50 | 0 | 3 | 00 | mm*mm*m | m,,解析文本拼接_表格清洗增强_01_001-020.md,017_广东台塑智能科技有限公司新建项目_01_受理公告或公示版
PL018,PL018_广东台塑智能科技有限公司新建项目_01_受理公告或公示版.pdf,55,4,29,完整,1.0,活 | 性炭吸附装 | 设 | 计炭箱装置尺 | 寸 | 345 | 0 | 189 | 5 | 15 | 00 | mm*mm*m | m,,解析文本拼接_表格清洗增强_01_001-020.md,017_广东台塑智能科技有限公司新建项目_01_受理公告或公示版
PL018,PL018_广东台塑智能科技有限公司新建项目_01_受理公告或公示版.pdf,55,4,30,完整,1.0,置 | 设 | 计活性炭尺 | 寸 | 200 | 0 | 180 | 0 | 6 | 00 | mm*mm*m | m,,解析文本拼接_表格清洗增强_01_001-020.md,017_广东台塑智能科技有限公司新建项目_01_受理公告或公示版
PL018,PL018_广东台塑智能科技有限公司新建项目_01_受理公告或公示版.pdf,55,4,31,完整,1.0,活性炭密度 | 400 | kg/m3,,解析文本拼接_表格清洗增强_01_001-020.md,017_广东台塑智能科技有限公司新建项目_01_受理公告或公示版
PL018,PL018_广东台塑智能科技有限公司新建项目_01_受理公告或公示版.pdf,55,4,32,完整,1.0,活性炭碘值 | ≥80 | 0 | mg/g,,解析文本拼接_表格清洗增强_01_001-020.md,017_广东台塑智能科技有限公司新建项目_01_受理公告或公示版
PL018,PL018_广东台塑智能科技有限公司新建项目_01_受理公告或公示版.pdf,55,4,33,完整,1.0,B | ET比表面积 | ≥85 | 0 | m2/g,,解析文本拼接_表格清洗增强_01_001-020.md,017_广东台塑智能科技有限公司新建项目_01_受理公告或公示版
PL018,PL018_广东台塑智能科技有限公司新建项目_01_受理公告或公示版.pdf,55,4,34,完整,1.0,过滤 | 风速（＜0.6 | m/s） | 0.57 | 9 | m/s,,解析文本拼接_表格清洗增强_01_001-020.md,017_广东台塑智能科技有限公司新建项目_01_受理公告或公示版
PL018,PL018_广东台塑智能科技有限公司新建项目_01_受理公告或公示版.pdf,55,4,35,完整,1.0,停留 | 时间（0.5~1 | .0s） | 0.51 | 8 | s,,解析文本拼接_表格清洗增强_01_001-020.md,017_广东台塑智能科技有限公司新建项目_01_受理公告或公示版
PL018,PL018_广东台塑智能科技有限公司新建项目_01_受理公告或公示版.pdf,55,4,36,完整,1.0,活性炭数量 | 0.86 | 4 | t,,解析文本拼接_表格清洗增强_01_001-020.md,017_广东台塑智能科技有限公司新建项目_01_受理公告或公示版
PL018,PL018_广东台塑智能科技有限公司新建项目_01_受理公告或公示版.pdf,55,4,37,完整,1.0,更换频次 | （500h或 | 3个月） | 13 | 次/年,,解析文本拼接_表格清洗增强_01_001-020.md,017_广东台塑智能科技有限公司新建项目_01_受理公告或公示版
PL018,PL018_广东台塑智能科技有限公司新建项目_01_受理公告或公示版.pdf,55,4,38,完整,1.0,活 | 性炭设计使用 | 量 | 11.2 | 32 | t/a,,解析文本拼接_表格清洗增强_01_001-020.md,017_广东台塑智能科技有限公司新建项目_01_受理公告或公示版
PL018,PL018_广东台塑智能科技有限公司新建项目_01_受理公告或公示版.pdf,55,4,39,完整,1.0,VOCs | 物质-吸附设 | 计量 | 1.68 | 5 | t/a,,解析文本拼接_表格清洗增强_01_001-020.md,017_广东台塑智能科技有限公司新建项目_01_受理公告或公示版
PL018,PL018_广东台塑智能科技有限公司新建项目_01_受理公告或公示版.pdf,56,2,1,完整,1.0,VOCs物质-吸附需求量 | 1.412 | t/a,,解析文本拼接_表格清洗增强_01_001-020.md,017_广东台塑智能科技有限公司新建项目_01_受理公告或公示版
PL018,PL018_广东台塑智能科技有限公司新建项目_01_受理公告或公示版.pdf,56,2,2,完整,1.0,废活性炭产生量 | 12.644 | t/a,,解析文本拼接_表格清洗增强_01_001-020.md,017_广东台塑智能科技有限公司新建项目_01_受理公告或公示版
PL018,PL018_广东台塑智能科技有限公司新建项目_01_受理公告或公示版.pdf,56,2,3,完整,1.0,"安全生产设施
要求 | 压差计 | 须每个活性炭箱体安装一个。当压力差增大到限值，提醒更换活性炭。",,解析文本拼接_表格清洗增强_01_001-020.md,017_广东台塑智能科技有限公司新建项目_01_受理公告或公示版
PL018,PL018_广东台塑智能科技有限公司新建项目_01_受理公告或公示版.pdf,56,2,4,完整,1.0,"温度传感
器 | 每个活性炭箱体安装一个，活性炭箱体要求进气温度不大于40℃、温度达
到83℃开始报警。当进气温度异常时，强制措施一般包括：停止风机、关
闭炭箱进风口、废气紧急排放启动、冷却风补风机启动等。",,解析文本拼接_表格清洗增强_01_001-020.md,017_广东台塑智能科技有限公司新建项目_01_受理公告或公示版
PL018,PL018_广东台塑智能科技有限公司新建项目_01_受理公告或公示版.pdf,56,2,5,完整,1.0,"防火阀 | 单独活性炭吸附工艺必须安装在进风风管。当活性炭箱内部温度正常时，
防火阀常开；当通过活性炭箱的气体温度升高至防火阀限值（65-80℃），
防火阀关闭。防火阀为一次性保护措施，如使用应及时更换。",,解析文本拼接_表格清洗增强_01_001-020.md,017_广东台塑智能科技有限公司新建项目_01_受理公告或公示版
PL018,PL018_广东台塑智能科技有限公司新建项目_01_受理公告或公示版.pdf,56,2,6,完整,1.0,"其他 | 有条件的排污单位还可选择活性炭箱冷风补风机、喷淋、换热器以及警报
装置和远程控制等安全措施。",,解析文本拼接_表格清洗增强_01_001-020.md,017_广东台塑智能科技有限公司新建项目_01_受理公告或公示版
PL018,PL018_广东台塑智能科技有限公司新建项目_01_受理公告或公示版.pdf,56,3,1,完整,1.0,"序
号 | 排放口
编号 | 排放口
名称 | 污染物种
类 | 排放口地理坐标 | 排气筒基本情况",,解析文本拼接_表格清洗增强_01_001-020.md,017_广东台塑智能科技有限公司新建项目_01_受理公告或公示版
PL018,PL018_广东台塑智能科技有限公司新建项目_01_受理公告或公示版.pdf,56,3,3,完整,1.0,m3/h | m/s | m | m | ℃,,解析文本拼接_表格清洗增强_01_001-020.md,017_广东台塑智能科技有限公司新建项目_01_受理公告或公示版
PL018,PL018_广东台塑智能科技有限公司新建项目_01_受理公告或公示版.pdf,56,3,4,完整,1.0,"1 | G1 | 废气排
放口 | 非甲烷总
烃、臭气浓
度、VOCs | 113度9
分
31.076
秒 | 22度54
分
27.966
秒 | 28000 | 13.5 | 22 | 0.8 | 25 | 一
般
排
放
口",,解析文本拼接_表格清洗增强_01_001-020.md,017_广东台塑智能科技有限公司新建项目_01_受理公告或公示版
PL018,PL018_广东台塑智能科技有限公司新建项目_01_受理公告或公示版.pdf,56,4,1,完整,1.0,"序
号 | 监测
点位 | 监测因子 | 最低监测
频次 | 排放标准",,解析文本拼接_表格清洗增强_01_001-020.md,017_广东台塑智能科技有限公司新建项目_01_受理公告或公示版
PL018,PL018_广东台塑智能科技有限公司新建项目_01_受理公告或公示版.pdf,56,4,2,完整,1.0,"1 | G1排
气筒 | 非甲烷总
烃 | 1次/半年 | 《合成树脂工业污染物排放标准》（GB
31572-2015，含2024年修改单）表4大气污染物
排放限值及《印刷工业大气污染物排放标准》
（GB41616-2022）中表1大气污染物排放限值较
严值",,解析文本拼接_表格清洗增强_01_001-020.md,017_广东台塑智能科技有限公司新建项目_01_受理公告或公示版
PL018,PL018_广东台塑智能科技有限公司新建项目_01_受理公告或公示版.pdf,56,4,3,完整,1.0,"VOCs | 《印刷行业挥发性有机物排放标准》（DB
44/815-2010）表2排气筒VOCs排放限值中的II
时段标准",,解析文本拼接_表格清洗增强_01_001-020.md,017_广东台塑智能科技有限公司新建项目_01_受理公告或公示版
PL018,PL018_广东台塑智能科技有限公司新建项目_01_受理公告或公示版.pdf,56,5,1,完整,1.0,压差计 | 须 | 每个活 | 性炭箱 | 体安 | 装一个。 | 当压力差 | 增大到限 | 值，提醒 | 更换活 | 性炭。,,解析文本拼接_表格清洗增强_01_001-020.md,017_广东台塑智能科技有限公司新建项目_01_受理公告或公示版
PL018,PL018_广东台塑智能科技有限公司新建项目_01_受理公告或公示版.pdf,56,5,2,完整,1.0,每 | 个活性 | 炭箱体 | 安装 | 一个，活 | 性炭箱体 | 要求进气 | 温度不大 | 于40℃ | 、温度 | 达,,解析文本拼接_表格清洗增强_01_001-020.md,017_广东台塑智能科技有限公司新建项目_01_受理公告或公示版
PL018,PL018_广东台塑智能科技有限公司新建项目_01_受理公告或公示版.pdf,56,5,4,完整,1.0,到 | 83℃开 | 始报警 | 。 | 当进气温度 | 异常时， | 强制措施 | 一般包 | 括：停止 | 风机、 | 关,,解析文本拼接_表格清洗增强_01_001-020.md,017_广东台塑智能科技有限公司新建项目_01_受理公告或公示版
PL018,PL018_广东台塑智能科技有限公司新建项目_01_受理公告或公示版.pdf,56,5,6,完整,1.0,闭 | 炭箱进 | 风口、 | 废气 | 紧急排放 | 启动、冷 | 却风补风 | 机启动等 | 。,,解析文本拼接_表格清洗增强_01_001-020.md,017_广东台塑智能科技有限公司新建项目_01_受理公告或公示版
PL018,PL018_广东台塑智能科技有限公司新建项目_01_受理公告或公示版.pdf,56,5,8,完整,1.0,单 | 独活性 | 炭吸附 | 工艺 | 必须安装 | 在进风风 | 管。当活 | 性炭箱 | 内部温度 | 正常时 | ，,,解析文本拼接_表格清洗增强_01_001-020.md,017_广东台塑智能科技有限公司新建项目_01_受理公告或公示版
PL018,PL018_广东台塑智能科技有限公司新建项目_01_受理公告或公示版.pdf,56,5,10,完整,1.0,防火阀 | 防 | 火阀常 | 开；当 | 通过 | 活性炭箱 | 的气体温 | 度升高至 | 防火阀限 | 值（65 | -80℃） | ，,,解析文本拼接_表格清洗增强_01_001-020.md,017_广东台塑智能科技有限公司新建项目_01_受理公告或公示版
PL018,PL018_广东台塑智能科技有限公司新建项目_01_受理公告或公示版.pdf,56,5,12,完整,1.0,有 | 条件的 | 排污单 | 位还 | 可选择活 | 性炭箱冷 | 风补风机 | 、喷淋 | 、换热器 | 以及警 | 报,,解析文本拼接_表格清洗增强_01_001-020.md,017_广东台塑智能科技有限公司新建项目_01_受理公告或公示版
PL018,PL018_广东台塑智能科技有限公司新建项目_01_受理公告或公示版.pdf,56,5,16,完整,1.0,根 | 据《排污 | 许可证申请 | 与 | 核发技 | 术规 | 范 | 橡胶和塑 | 料制品 | 工业》 | （HJ11 | 22-202 | 0）、 | 《,,解析文本拼接_表格清洗增强_01_001-020.md,017_广东台塑智能科技有限公司新建项目_01_受理公告或公示版
PL018,PL018_广东台塑智能科技有限公司新建项目_01_受理公告或公示版.pdf,56,5,17,完整,1.0,单位 | 自行监测 | 技术指南 橡 | 胶和塑 | 料制品 | 》 | （HJ1207- | 2021） | 、《排污 | 许可证 | 申请与 | 核发 | 技,,解析文本拼接_表格清洗增强_01_001-020.md,017_广东台塑智能科技有限公司新建项目_01_受理公告或公示版
PL018,PL018_广东台塑智能科技有限公司新建项目_01_受理公告或公示版.pdf,56,5,18,完整,1.0,范 | 印刷工业 | 》（HJ1066-2 | 0 | 19）、《 | 排污 | 单位 | 自行监测 | 技术指 | 南 印刷 | 工业》 | （HJ12 | 46-20 | 22,,解析文本拼接_表格清洗增强_01_001-020.md,017_广东台塑智能科技有限公司新建项目_01_受理公告或公示版
PL018,PL018_广东台塑智能科技有限公司新建项目_01_受理公告或公示版.pdf,56,5,19,完整,1.0,项目 | 运营期废 | 气污染源自 | 行 | 监测计 | 划如 | 下表 | 4-15所 | 示。,,解析文本拼接_表格清洗增强_01_001-020.md,017_广东台塑智能科技有限公司新建项目_01_受理公告或公示版
PL018,PL018_广东台塑智能科技有限公司新建项目_01_受理公告或公示版.pdf,56,5,20,完整,1.0,表4-14 | 项目 | 大 | 气排放口 | 基本情况 | 表,,解析文本拼接_表格清洗增强_01_001-020.md,017_广东台塑智能科技有限公司新建项目_01_受理公告或公示版
PL018,PL018_广东台塑智能科技有限公司新建项目_01_受理公告或公示版.pdf,56,5,21,完整,1.0,排放 | 口地 | 理坐标 | 排气 | 筒基本 | 情况,,解析文本拼接_表格清洗增强_01_001-020.md,017_广东台塑智能科技有限公司新建项目_01_受理公告或公示版
PL018,PL018_广东台塑智能科技有限公司新建项目_01_受理公告或公示版.pdf,56,5,22,部分,0.833,序 | 排放口 | 排放口 污染 | 物种 | 内 | 温,排放口 污染,解析文本拼接_表格清洗增强_01_001-020.md,017_广东台塑智能科技有限公司新建项目_01_受理公告或公示版
PL018,PL018_广东台塑智能科技有限公司新建项目_01_受理公告或公示版.pdf,56,5,26,完整,1.0,m3/h | m/s | m | m | ℃,,解析文本拼接_表格清洗增强_01_001-020.md,017_广东台塑智能科技有限公司新建项目_01_受理公告或公示版
PL018,PL018_广东台塑智能科技有限公司新建项目_01_受理公告或公示版.pdf,56,5,28,完整,1.0,113度 | 9 | 22度54,,解析文本拼接_表格清洗增强_01_001-020.md,017_广东台塑智能科技有限公司新建项目_01_受理公告或公示版
PL018,PL018_广东台塑智能科技有限公司新建项目_01_受理公告或公示版.pdf,56,5,30,部分,0.75,废气排 非甲 | 烷总 | 分 | 分,废气排 非甲,解析文本拼接_表格清洗增强_01_001-020.md,017_广东台塑智能科技有限公司新建项目_01_受理公告或公示版
PL018,PL018_广东台塑智能科技有限公司新建项目_01_受理公告或公示版.pdf,56,5,31,部分,0.909,"1 | G1 | 烃、
放口 | 臭 | 气浓 | 28000 | 13.5 | 22 | 0.8 | 25 | 排","烃、
放口",解析文本拼接_表格清洗增强_01_001-020.md,017_广东台塑智能科技有限公司新建项目_01_受理公告或公示版
PL018,PL018_广东台塑智能科技有限公司新建项目_01_受理公告或公示版.pdf,56,5,32,完整,1.0,度、 | V | OCs | 31.076 | 27.966 | 放,,解析文本拼接_表格清洗增强_01_001-020.md,017_广东台塑智能科技有限公司新建项目_01_受理公告或公示版
PL018,PL018_广东台塑智能科技有限公司新建项目_01_受理公告或公示版.pdf,56,5,35,完整,1.0,表4- | 1 | 5 运营 | 期大 | 气 | 环境自行 | 监测计划 | 一览表,,解析文本拼接_表格清洗增强_01_001-020.md,017_广东台塑智能科技有限公司新建项目_01_受理公告或公示版
PL018,PL018_广东台塑智能科技有限公司新建项目_01_受理公告或公示版.pdf,56,5,36,完整,1.0,序 | 监测 | 最低监 | 测,,解析文本拼接_表格清洗增强_01_001-020.md,017_广东台塑智能科技有限公司新建项目_01_受理公告或公示版
PL018,PL018_广东台塑智能科技有限公司新建项目_01_受理公告或公示版.pdf,56,5,37,完整,1.0,监测因子 | 排放标 | 准,,解析文本拼接_表格清洗增强_01_001-020.md,017_广东台塑智能科技有限公司新建项目_01_受理公告或公示版
PL018,PL018_广东台塑智能科技有限公司新建项目_01_受理公告或公示版.pdf,56,5,39,完整,1.0,《合成树 | 脂工业 | 污染物 | 排放标 | 准》（ | GB,,解析文本拼接_表格清洗增强_01_001-020.md,017_广东台塑智能科技有限公司新建项目_01_受理公告或公示版
PL018,PL018_广东台塑智能科技有限公司新建项目_01_受理公告或公示版.pdf,56,5,40,完整,1.0,， | 含 | 年修改 | 单）表 | 大气 | 污染 | 物,,解析文本拼接_表格清洗增强_01_001-020.md,017_广东台塑智能科技有限公司新建项目_01_受理公告或公示版
PL018,PL018_广东台塑智能科技有限公司新建项目_01_受理公告或公示版.pdf,56,5,41,完整,1.0,非甲烷总 | 315 | 72-2015 | 2024 | 4,,解析文本拼接_表格清洗增强_01_001-020.md,017_广东台塑智能科技有限公司新建项目_01_受理公告或公示版
PL018,PL018_广东台塑智能科技有限公司新建项目_01_受理公告或公示版.pdf,56,5,42,完整,1.0,排 | 放限值及 | 《印刷 | 工业大 | 气污染物 | 排放 | 标准》,,解析文本拼接_表格清洗增强_01_001-020.md,017_广东台塑智能科技有限公司新建项目_01_受理公告或公示版
PL018,PL018_广东台塑智能科技有限公司新建项目_01_受理公告或公示版.pdf,56,5,44,完整,1.0,G1排 | （G | B41616-2 | 022）中 | 表1大 | 气污染 | 物排放 | 限值 | 较,,解析文本拼接_表格清洗增强_01_001-020.md,017_广东台塑智能科技有限公司新建项目_01_受理公告或公示版
PL018,PL018_广东台塑智能科技有限公司新建项目_01_受理公告或公示版.pdf,56,5,46,完整,1.0,1 | 气筒 | 1 / | 严值,,解析文本拼接_表格清洗增强_01_001-020.md,017_广东台塑智能科技有限公司新建项目_01_受理公告或公示版
PL018,PL018_广东台塑智能科技有限公司新建项目_01_受理公告或公示版.pdf,56,5,47,完整,1.0,《印刷行 | 业挥发性 | 有机物 | 排放标 | 准》（ | DB,,解析文本拼接_表格清洗增强_01_001-020.md,017_广东台塑智能科技有限公司新建项目_01_受理公告或公示版
PL018,PL018_广东台塑智能科技有限公司新建项目_01_受理公告或公示版.pdf,56,5,48,完整,1.0,VOCs | 44/ | 815-2010 | ）表2排 | 气筒V | OCs排 | 放限值 | 中的 | II,,解析文本拼接_表格清洗增强_01_001-020.md,017_广东台塑智能科技有限公司新建项目_01_受理公告或公示版
PL018,PL018_广东台塑智能科技有限公司新建项目_01_受理公告或公示版.pdf,57,1,2,完整,1.0,"项目 | 污染物 | 产生浓度
（mg/L） | 产生量
（t/a） | 排放浓度
（mg/L） | 排放量
（t/a）",,解析文本拼接_表格清洗增强_01_001-020.md,017_广东台塑智能科技有限公司新建项目_01_受理公告或公示版
PL018,PL018_广东台塑智能科技有限公司新建项目_01_受理公告或公示版.pdf,57,1,3,完整,1.0,生活污水 | CODcr | 250 | 0.587 | 40 | 0.094,,解析文本拼接_表格清洗增强_01_001-020.md,017_广东台塑智能科技有限公司新建项目_01_受理公告或公示版
PL018,PL018_广东台塑智能科技有限公司新建项目_01_受理公告或公示版.pdf,57,2,1,完整,1.0,"臭气浓度 | 1次/年 | 《恶臭污染物排放标准》（GB14554-93）中表2
恶臭污染物排放标准值",,解析文本拼接_表格清洗增强_01_001-020.md,017_广东台塑智能科技有限公司新建项目_01_受理公告或公示版
PL018,PL018_广东台塑智能科技有限公司新建项目_01_受理公告或公示版.pdf,57,2,2,完整,1.0,"2 | 厂界上
下风向 | 颗粒物 | 1次/年 | 《大气污染物排放限值》（DB44/27-2001）第二时
段无组织排放监控浓度限值",,解析文本拼接_表格清洗增强_01_001-020.md,017_广东台塑智能科技有限公司新建项目_01_受理公告或公示版
PL018,PL018_广东台塑智能科技有限公司新建项目_01_受理公告或公示版.pdf,57,2,3,完整,1.0,"VOCs | 《印刷行业挥发性有机物排放标准》（DB
44/815-2010）表3无组织排放监控点浓度限值",,解析文本拼接_表格清洗增强_01_001-020.md,017_广东台塑智能科技有限公司新建项目_01_受理公告或公示版
PL018,PL018_广东台塑智能科技有限公司新建项目_01_受理公告或公示版.pdf,57,2,4,完整,1.0,"臭气浓度 | 《恶臭污染物排放标准》（GB14554-93）中表1
恶臭污染物厂界标准值的二级新扩改建标准",,解析文本拼接_表格清洗增强_01_001-020.md,017_广东台塑智能科技有限公司新建项目_01_受理公告或公示版
PL018,PL018_广东台塑智能科技有限公司新建项目_01_受理公告或公示版.pdf,57,2,5,完整,1.0,"3 | 厂区内 | NMHC | 1次/年 | 《固定污染源挥发性有机物综合排放标准》
（DB44/2367-2022）表3厂区内VOCs无组织排放
限值与《印刷工业大气污染物排放标准》
（GB41616-2022）中表A.1厂区内VOCs无组织
排放限值较严值",,解析文本拼接_表格清洗增强_01_001-020.md,017_广东台塑智能科技有限公司新建项目_01_受理公告或公示版
PL018,PL018_广东台塑智能科技有限公司新建项目_01_受理公告或公示版.pdf,57,3,1,完整,1.0,"废水
类别 | 污染物项目 | 污染防治设施 | 流向/排
放去向 | 对应排放口 | 排放口
类型",,解析文本拼接_表格清洗增强_01_001-020.md,017_广东台塑智能科技有限公司新建项目_01_受理公告或公示版
PL018,PL018_广东台塑智能科技有限公司新建项目_01_受理公告或公示版.pdf,57,3,2,完整,1.0,"污染防治设
施名称及工
艺 | 是否为可
行性技术",,解析文本拼接_表格清洗增强_01_001-020.md,017_广东台塑智能科技有限公司新建项目_01_受理公告或公示版
PL018,PL018_广东台塑智能科技有限公司新建项目_01_受理公告或公示版.pdf,57,3,3,部分,0.857,"生活
污水 | COD 、BOD 、
Cr 5
NH -N和SS
3 | 三级化粪池 | 是
否 | 北滘污
水处理
厂 | 生活污水单
独排放口 | 一般排
放口","COD 、BOD 、
Cr 5
NH -N和SS
3",解析文本拼接_表格清洗增强_01_001-020.md,017_广东台塑智能科技有限公司新建项目_01_受理公告或公示版
PL018,PL018_广东台塑智能科技有限公司新建项目_01_受理公告或公示版.pdf,57,4,1,完整,1.0,《恶臭污染 | 物排放标准》 | （ | ）中表,,解析文本拼接_表格清洗增强_01_001-020.md,017_广东台塑智能科技有限公司新建项目_01_受理公告或公示版
PL018,PL018_广东台塑智能科技有限公司新建项目_01_受理公告或公示版.pdf,57,4,2,部分,0.75,臭气浓度 | 次年 | GB14554-93 | 2,次年,解析文本拼接_表格清洗增强_01_001-020.md,017_广东台塑智能科技有限公司新建项目_01_受理公告或公示版
PL018,PL018_广东台塑智能科技有限公司新建项目_01_受理公告或公示版.pdf,57,4,3,完整,1.0,1 / | 恶臭污染物 | 排放标准值,,解析文本拼接_表格清洗增强_01_001-020.md,017_广东台塑智能科技有限公司新建项目_01_受理公告或公示版
PL018,PL018_广东台塑智能科技有限公司新建项目_01_受理公告或公示版.pdf,57,4,4,完整,1.0,《大气污染 | 物排放限值》 | （ | ）第二时,,解析文本拼接_表格清洗增强_01_001-020.md,017_广东台塑智能科技有限公司新建项目_01_受理公告或公示版
PL018,PL018_广东台塑智能科技有限公司新建项目_01_受理公告或公示版.pdf,57,4,5,完整,1.0,颗粒物 | DB44/27-2001,,解析文本拼接_表格清洗增强_01_001-020.md,017_广东台塑智能科技有限公司新建项目_01_受理公告或公示版
PL018,PL018_广东台塑智能科技有限公司新建项目_01_受理公告或公示版.pdf,57,4,7,完整,1.0,厂界上 | 《印刷 | 行业挥发性有 | 机物排放标准》 | （DB,,解析文本拼接_表格清洗增强_01_001-020.md,017_广东台塑智能科技有限公司新建项目_01_受理公告或公示版
PL018,PL018_广东台塑智能科技有限公司新建项目_01_受理公告或公示版.pdf,57,4,9,部分,0.857,2 | 下风向 | VOCs | 1 / | ）表 无组 | 织排放监控点浓 | 度限值,）表 无组,解析文本拼接_表格清洗增强_01_001-020.md,017_广东台塑智能科技有限公司新建项目_01_受理公告或公示版
PL018,PL018_广东台塑智能科技有限公司新建项目_01_受理公告或公示版.pdf,57,4,10,完整,1.0,44/815-20 | 10 3,,解析文本拼接_表格清洗增强_01_001-020.md,017_广东台塑智能科技有限公司新建项目_01_受理公告或公示版
PL018,PL018_广东台塑智能科技有限公司新建项目_01_受理公告或公示版.pdf,57,4,11,完整,1.0,《恶臭污染 | 物排放标准》 | （ | ）中表,,解析文本拼接_表格清洗增强_01_001-020.md,017_广东台塑智能科技有限公司新建项目_01_受理公告或公示版
PL018,PL018_广东台塑智能科技有限公司新建项目_01_受理公告或公示版.pdf,57,4,12,完整,1.0,臭气浓度 | GB14554-93 | 1,,解析文本拼接_表格清洗增强_01_001-020.md,017_广东台塑智能科技有限公司新建项目_01_受理公告或公示版
PL018,PL018_广东台塑智能科技有限公司新建项目_01_受理公告或公示版.pdf,57,4,13,完整,1.0,恶臭污染 | 物厂界标准值 | 的二级新扩改建 | 标准,,解析文本拼接_表格清洗增强_01_001-020.md,017_广东台塑智能科技有限公司新建项目_01_受理公告或公示版
PL018,PL018_广东台塑智能科技有限公司新建项目_01_受理公告或公示版.pdf,57,4,14,完整,1.0,《固定污 | 染源挥发性有 | 机物综合排放标 | 准》,,解析文本拼接_表格清洗增强_01_001-020.md,017_广东台塑智能科技有限公司新建项目_01_受理公告或公示版
PL018,PL018_广东台塑智能科技有限公司新建项目_01_受理公告或公示版.pdf,57,4,15,完整,1.0,（DB44/23 | 67-2022）表3 | 厂区内VOCs无 | 组织排放,,解析文本拼接_表格清洗增强_01_001-020.md,017_广东台塑智能科技有限公司新建项目_01_受理公告或公示版
PL018,PL018_广东台塑智能科技有限公司新建项目_01_受理公告或公示版.pdf,57,4,16,完整,1.0,3 | 厂区内 | NMHC | 1次/年 | 限值与 | 《印刷工业大 | 气污染物排放标 | 准》,,解析文本拼接_表格清洗增强_01_001-020.md,017_广东台塑智能科技有限公司新建项目_01_受理公告或公示版
PL018,PL018_广东台塑智能科技有限公司新建项目_01_受理公告或公示版.pdf,57,4,17,完整,1.0,（GB41616 | -2022）中表 | A.1厂区内VOC | s无组织,,解析文本拼接_表格清洗增强_01_001-020.md,017_广东台塑智能科技有限公司新建项目_01_受理公告或公示版
PL018,PL018_广东台塑智能科技有限公司新建项目_01_受理公告或公示版.pdf,57,4,19,完整,1.0,备 | 注：该企 | 业将来若列入 | 重点企 | 业管 | 理，则按重 | 点排污单位监 | 测要求进行管理 | 。,,解析文本拼接_表格清洗增强_01_001-020.md,017_广东台塑智能科技有限公司新建项目_01_受理公告或公示版
PL018,PL018_广东台塑智能科技有限公司新建项目_01_受理公告或公示版.pdf,57,4,21,完整,1.0,项 | 目产生的 | 生活污水经处 | 理达 | 标后排 | 入北滘污水 | 处理厂，项 | 目废水类别、污 | 染物项目及,,解析文本拼接_表格清洗增强_01_001-020.md,017_广东台塑智能科技有限公司新建项目_01_受理公告或公示版
PL018,PL018_广东台塑智能科技有限公司新建项目_01_受理公告或公示版.pdf,57,4,22,完整,1.0,污染防 | 治设施见 | 下表。,,解析文本拼接_表格清洗增强_01_001-020.md,017_广东台塑智能科技有限公司新建项目_01_受理公告或公示版
PL018,PL018_广东台塑智能科技有限公司新建项目_01_受理公告或公示版.pdf,57,4,23,完整,1.0,表4-16 项目 | 废水 | 类别、 | 污染物项目 | 及污染防治 | 设施一览表,,解析文本拼接_表格清洗增强_01_001-020.md,017_广东台塑智能科技有限公司新建项目_01_受理公告或公示版
PL018,PL018_广东台塑智能科技有限公司新建项目_01_受理公告或公示版.pdf,57,4,24,完整,1.0,污 | 染防 | 治设施,,解析文本拼接_表格清洗增强_01_001-020.md,017_广东台塑智能科技有限公司新建项目_01_受理公告或公示版
PL018,PL018_广东台塑智能科技有限公司新建项目_01_受理公告或公示版.pdf,57,4,25,部分,0.857,废 | 水 | 污 | 染防 | 治设 | 流向排 | 排放口,流向排,解析文本拼接_表格清洗增强_01_001-020.md,017_广东台塑智能科技有限公司新建项目_01_受理公告或公示版
PL018,PL018_广东台塑智能科技有限公司新建项目_01_受理公告或公示版.pdf,57,4,26,完整,1.0,污染 | 物项目 | 是否为可 | / | 对应排放口,,解析文本拼接_表格清洗增强_01_001-020.md,017_广东台塑智能科技有限公司新建项目_01_受理公告或公示版
PL018,PL018_广东台塑智能科技有限公司新建项目_01_受理公告或公示版.pdf,57,4,31,部分,0.778,"生 | 活 COD
C | 、BOD 、
r 5 三 | 级化 | 粪池 | 是 | 水处理 | 生活污水单 | 一般排","活 COD
C；、BOD 、
r 5 三",解析文本拼接_表格清洗增强_01_001-020.md,017_广东台塑智能科技有限公司新建项目_01_受理公告或公示版
PL018,PL018_广东台塑智能科技有限公司新建项目_01_受理公告或公示版.pdf,57,4,32,部分,0.857,"污 | 水 NH -
3 | N和SS | 否 | 厂 | 独排放口 | 放口","水 NH -
3",解析文本拼接_表格清洗增强_01_001-020.md,017_广东台塑智能科技有限公司新建项目_01_受理公告或公示版
PL018,PL018_广东台塑智能科技有限公司新建项目_01_受理公告或公示版.pdf,57,4,33,完整,1.0,2.1 | 废水排放 | 源强,,解析文本拼接_表格清洗增强_01_001-020.md,017_广东台塑智能科技有限公司新建项目_01_受理公告或公示版
PL018,PL018_广东台塑智能科技有限公司新建项目_01_受理公告或公示版.pdf,57,4,34,完整,1.0,本 | 项目从业 | 人数是261人 | ，厂区 | 内不 | 设置食堂和 | 员工宿舍。根 | 据广东省《用水 | 定额 第3,,解析文本拼接_表格清洗增强_01_001-020.md,017_广东台塑智能科技有限公司新建项目_01_受理公告或公示版
PL018,PL018_广东台塑智能科技有限公司新建项目_01_受理公告或公示版.pdf,57,4,35,完整,1.0,部分： | 生活》（ | DB44/T1461.3 | —202 | 1）， | 员工生活 | 用水定额参照 | 国家机构办公楼 | 无食堂和浴,,解析文本拼接_表格清洗增强_01_001-020.md,017_广东台塑智能科技有限公司新建项目_01_受理公告或公示版
PL018,PL018_广东台塑智能科技有限公司新建项目_01_受理公告或公示版.pdf,57,4,36,完整,1.0,室，按 | 10m3/（人 | •a）计，则生 | 活用 | 水261 | 0m3/a；排 | 放系数按90% | 计，则生活污水 | 产生量约为,,解析文本拼接_表格清洗增强_01_001-020.md,017_广东台塑智能科技有限公司新建项目_01_受理公告或公示版
PL018,PL018_广东台塑智能科技有限公司新建项目_01_受理公告或公示版.pdf,57,4,38,部分,0.889,"2349m | /a，本项 | 目生活污水的 | 主要污 | 染物 | 因子为COD | 、BOD 、氨
Cr 5 | 氮和SS等。生 | 活污水经三","、BOD 、氨
Cr 5",解析文本拼接_表格清洗增强_01_001-020.md,017_广东台塑智能科技有限公司新建项目_01_受理公告或公示版
PL018,PL018_广东台塑智能科技有限公司新建项目_01_受理公告或公示版.pdf,57,4,40,完整,1.0,生 | 活污水污 | 染物浓度取值 | 依据 | 描述： | 参考环境保 | 护部环境工 | 程技术评估中心 | 编制《环境,,解析文本拼接_表格清洗增强_01_001-020.md,017_广东台塑智能科技有限公司新建项目_01_受理公告或公示版
PL018,PL018_广东台塑智能科技有限公司新建项目_01_受理公告或公示版.pdf,57,4,41,完整,1.0,影响评 | 价（社会 | 区域类）》教 | 材（表 | 5-18 | ），结合项 | 目实际，污染 | 物产排放浓度计 | 算如下表：,,解析文本拼接_表格清洗增强_01_001-020.md,017_广东台塑智能科技有限公司新建项目_01_受理公告或公示版
PL018,PL018_广东台塑智能科技有限公司新建项目_01_受理公告或公示版.pdf,57,4,42,完整,1.0,表4-17 | 项 | 目生活 | 污水产生及 | 排放情况一 | 览表,,解析文本拼接_表格清洗增强_01_001-020.md,017_广东台塑智能科技有限公司新建项目_01_受理公告或公示版
PL018,PL018_广东台塑智能科技有限公司新建项目_01_受理公告或公示版.pdf,57,4,46,完整,1.0,生 | 活污水 | CODcr | 25 | 0 | 0.587 | 40 | 0.094,,解析文本拼接_表格清洗增强_01_001-020.md,017_广东台塑智能科技有限公司新建项目_01_受理公告或公示版
PL018,PL018_广东台塑智能科技有限公司新建项目_01_受理公告或公示版.pdf,58,1,1,完整,1.0,"2349m3/a | BOD
5 | 100 | 0.235 | 10 | 0.023",,解析文本拼接_表格清洗增强_01_001-020.md,017_广东台塑智能科技有限公司新建项目_01_受理公告或公示版
PL018,PL018_广东台塑智能科技有限公司新建项目_01_受理公告或公示版.pdf,58,1,2,完整,1.0,SS | 100 | 0.235 | 10 | 0.023,,解析文本拼接_表格清洗增强_01_001-020.md,017_广东台塑智能科技有限公司新建项目_01_受理公告或公示版
PL018,PL018_广东台塑智能科技有限公司新建项目_01_受理公告或公示版.pdf,58,1,3,部分,0.8,"NH -N
3 | 30 | 0.070 | 5 | 0.012","NH -N
3",解析文本拼接_表格清洗增强_01_001-020.md,017_广东台塑智能科技有限公司新建项目_01_受理公告或公示版
PL018,PL018_广东台塑智能科技有限公司新建项目_01_受理公告或公示版.pdf,58,4,3,完整,1.0,"BOD
5 | 100 | 0.235 | 10 | 0.023",,解析文本拼接_表格清洗增强_01_001-020.md,017_广东台塑智能科技有限公司新建项目_01_受理公告或公示版
PL018,PL018_广东台塑智能科技有限公司新建项目_01_受理公告或公示版.pdf,58,4,4,完整,1.0,SS | 100 | 0.235 | 10 | 0.023,,解析文本拼接_表格清洗增强_01_001-020.md,017_广东台塑智能科技有限公司新建项目_01_受理公告或公示版
PL018,PL018_广东台塑智能科技有限公司新建项目_01_受理公告或公示版.pdf,58,4,5,部分,0.8,"NH -N
3 | 30 | 0.070 | 5 | 0.012","NH -N
3",解析文本拼接_表格清洗增强_01_001-020.md,017_广东台塑智能科技有限公司新建项目_01_受理公告或公示版
PL018,PL018_广东台塑智能科技有限公司新建项目_01_受理公告或公示版.pdf,58,4,7,完整,1.0,本项目注塑机需要使用自来水间接 | 冷却，对应使 | 用2台冷却塔。 | 冷却塔蒸发水 | 量约占循,,解析文本拼接_表格清洗增强_01_001-020.md,017_广东台塑智能科技有限公司新建项目_01_受理公告或公示版
PL018,PL018_广东台塑智能科技有限公司新建项目_01_受理公告或公示版.pdf,58,4,8,完整,1.0,环水量的2.0%，排水量约占循环水量的 | 0.4%，本项 | 目冷却水补充量 | 约占循环水量 | 的2.4%。,,解析文本拼接_表格清洗增强_01_001-020.md,017_广东台塑智能科技有限公司新建项目_01_受理公告或公示版
PL018,PL018_广东台塑智能科技有限公司新建项目_01_受理公告或公示版.pdf,58,4,9,完整,1.0,项目生产时间约10h/d，年工作日300天 | ，循环水量为 | 1m3/h，则总循 | 环水量为600 | 0m3/a，新,,解析文本拼接_表格清洗增强_01_001-020.md,017_广东台塑智能科技有限公司新建项目_01_受理公告或公示版
PL018,PL018_广东台塑智能科技有限公司新建项目_01_受理公告或公示版.pdf,58,4,10,完整,1.0,鲜水补充量为144m3/a，定期排水量为2 | 4m3/a。本项目 | 间接冷却循环水 | 系统定期排水 | 可作为清,,解析文本拼接_表格清洗增强_01_001-020.md,017_广东台塑智能科技有限公司新建项目_01_受理公告或公示版
PL018,PL018_广东台塑智能科技有限公司新建项目_01_受理公告或公示版.pdf,58,4,13,完整,1.0,本项目拉线生产线生产电线时需要 | 使用自来水直 | 接冷却，对应使 | 用1台冷却塔 | 。冷却塔,,解析文本拼接_表格清洗增强_01_001-020.md,017_广东台塑智能科技有限公司新建项目_01_受理公告或公示版
PL018,PL018_广东台塑智能科技有限公司新建项目_01_受理公告或公示版.pdf,58,4,14,完整,1.0,蒸发水量约占循环水量的2.0%，排水量 | 约占循环水量 | 的0.4%，本项目 | 冷却水补充量 | 约占循环,,解析文本拼接_表格清洗增强_01_001-020.md,017_广东台塑智能科技有限公司新建项目_01_受理公告或公示版
PL018,PL018_广东台塑智能科技有限公司新建项目_01_受理公告或公示版.pdf,58,4,15,完整,1.0,水量的2.4%。项目生产时间约10h/d， | 年工作日300 | 天，循环水量为 | 1m3/h，则总 | 循环水量,,解析文本拼接_表格清洗增强_01_001-020.md,017_广东台塑智能科技有限公司新建项目_01_受理公告或公示版
PL018,PL018_广东台塑智能科技有限公司新建项目_01_受理公告或公示版.pdf,58,4,16,完整,1.0,为3000m3/a，新鲜水补充量为72m3/a， | 定期排水量为 | 12m3/a。本项目 | 直接循环冷却 | 水系统定,,解析文本拼接_表格清洗增强_01_001-020.md,017_广东台塑智能科技有限公司新建项目_01_受理公告或公示版
PL018,PL018_广东台塑智能科技有限公司新建项目_01_受理公告或公示版.pdf,58,4,19,完整,1.0,根据《排污许可证申请与核发技术 | 规范 橡胶和塑 | 料制品工业》( | HJ1122—2020 | )和《排污,,解析文本拼接_表格清洗增强_01_001-020.md,017_广东台塑智能科技有限公司新建项目_01_受理公告或公示版
PL018,PL018_广东台塑智能科技有限公司新建项目_01_受理公告或公示版.pdf,58,4,20,完整,1.0,许可证申请与核发技术规范 印刷工业》 | （HJ1066-201 | 9）中的污染防治 | 措施，生活污 | 水处理设,,解析文本拼接_表格清洗增强_01_001-020.md,017_广东台塑智能科技有限公司新建项目_01_受理公告或公示版
PL018,PL018_广东台塑智能科技有限公司新建项目_01_受理公告或公示版.pdf,58,4,23,完整,1.0,表4-18 | 生活污水处理 | 可行技术,,解析文本拼接_表格清洗增强_01_001-020.md,017_广东台塑智能科技有限公司新建项目_01_受理公告或公示版
PL018,PL018_广东台塑智能科技有限公司新建项目_01_受理公告或公示版.pdf,58,4,27,完整,1.0,项目生活污水经三级化粪池处理， | 处理后能够达 | 到广东省地方标 | 准《水污染物 | 排放限值》,,解析文本拼接_表格清洗增强_01_001-020.md,017_广东台塑智能科技有限公司新建项目_01_受理公告或公示版
PL018,PL018_广东台塑智能科技有限公司新建项目_01_受理公告或公示版.pdf,58,4,28,完整,1.0,（DB44/26-2001）第二时段三级标准。 | 本项目达标排 | 放的生活污水通 | 过市政污水管 | 网引入北,,解析文本拼接_表格清洗增强_01_001-020.md,017_广东台塑智能科技有限公司新建项目_01_受理公告或公示版
PL018,PL018_广东台塑智能科技有限公司新建项目_01_受理公告或公示版.pdf,59,2,1,完整,1.0,"噪声源 | 设备数
量 | 声源
类型 | 距噪声源1m处源强
（dB(A)） | 降噪措施 | 采取降噪措施后距噪声
源1m源强（dB(A)） | 持续时
间/h",,解析文本拼接_表格清洗增强_01_001-020.md,017_广东台塑智能科技有限公司新建项目_01_受理公告或公示版
PL018,PL018_广东台塑智能科技有限公司新建项目_01_受理公告或公示版.pdf,59,2,2,完整,1.0,"核算方法 | 噪声值 | 工艺 | 降噪
效果 | 核算方法 | 噪声值",,解析文本拼接_表格清洗增强_01_001-020.md,017_广东台塑智能科技有限公司新建项目_01_受理公告或公示版
PL018,PL018_广东台塑智能科技有限公司新建项目_01_受理公告或公示版.pdf,59,2,3,完整,1.0,注塑机 | 100 | 频发 | 类比法 | 75 ~ 80 | 选用低噪声设 | 30 | 类比法 | 50 | 3000,,解析文本拼接_表格清洗增强_01_001-020.md,017_广东台塑智能科技有限公司新建项目_01_受理公告或公示版
PL018,PL018_广东台塑智能科技有限公司新建项目_01_受理公告或公示版.pdf,60,2,1,完整,1.0,"破碎机 | 10 | 频发 | 类比法 | 80 ~ 85 | 备
设备基础减振
厂房隔声 | 类比法 | 55 | 3000",,解析文本拼接_表格清洗增强_01_001-020.md,017_广东台塑智能科技有限公司新建项目_01_受理公告或公示版
PL018,PL018_广东台塑智能科技有限公司新建项目_01_受理公告或公示版.pdf,60,2,2,完整,1.0,混料机 | 20 | 频发 | 类比法 | 65 ~ 70 | 类比法 | 40 | 3000,,解析文本拼接_表格清洗增强_01_001-020.md,017_广东台塑智能科技有限公司新建项目_01_受理公告或公示版
PL018,PL018_广东台塑智能科技有限公司新建项目_01_受理公告或公示版.pdf,60,2,3,完整,1.0,装配流水线 | 30 | 频发 | 类比法 | 65 ~ 70 | 类比法 | 40 | 3000,,解析文本拼接_表格清洗增强_01_001-020.md,017_广东台塑智能科技有限公司新建项目_01_受理公告或公示版
PL018,PL018_广东台塑智能科技有限公司新建项目_01_受理公告或公示版.pdf,60,2,4,完整,1.0,丝印机 | 15 | 频发 | 类比法 | 65 ~ 70 | 类比法 | 40 | 3000,,解析文本拼接_表格清洗增强_01_001-020.md,017_广东台塑智能科技有限公司新建项目_01_受理公告或公示版
PL018,PL018_广东台塑智能科技有限公司新建项目_01_受理公告或公示版.pdf,60,2,5,完整,1.0,烘干机 | 2 | 频发 | 类比法 | 65 ~ 70 | 类比法 | 40 | 3000,,解析文本拼接_表格清洗增强_01_001-020.md,017_广东台塑智能科技有限公司新建项目_01_受理公告或公示版
PL018,PL018_广东台塑智能科技有限公司新建项目_01_受理公告或公示版.pdf,60,2,6,完整,1.0,拉线生产线 | 2 | 频发 | 类比法 | 75 ~ 80 | 类比法 | 50 | 3000,,解析文本拼接_表格清洗增强_01_001-020.md,017_广东台塑智能科技有限公司新建项目_01_受理公告或公示版
PL018,PL018_广东台塑智能科技有限公司新建项目_01_受理公告或公示版.pdf,60,2,7,完整,1.0,砂轮机 | 1 | 频发 | 类比法 | 80 ~ 85 | 类比法 | 55 | 3000,,解析文本拼接_表格清洗增强_01_001-020.md,017_广东台塑智能科技有限公司新建项目_01_受理公告或公示版
PL018,PL018_广东台塑智能科技有限公司新建项目_01_受理公告或公示版.pdf,60,2,8,完整,1.0,钻机 | 1 | 频发 | 类比法 | 75 ~ 80 | 类比法 | 50 | 3000,,解析文本拼接_表格清洗增强_01_001-020.md,017_广东台塑智能科技有限公司新建项目_01_受理公告或公示版
PL018,PL018_广东台塑智能科技有限公司新建项目_01_受理公告或公示版.pdf,60,2,9,完整,1.0,空压机 | 2 | 频发 | 类比法 | 80 ~ 85 | 类比法 | 55 | 3000,,解析文本拼接_表格清洗增强_01_001-020.md,017_广东台塑智能科技有限公司新建项目_01_受理公告或公示版
PL018,PL018_广东台塑智能科技有限公司新建项目_01_受理公告或公示版.pdf,60,2,10,完整,1.0,冷却塔 | 3 | 频发 | 类比法 | 80 ~ 85 | 类比法 | 55 | 3000,,解析文本拼接_表格清洗增强_01_001-020.md,017_广东台塑智能科技有限公司新建项目_01_受理公告或公示版
PL018,PL018_广东台塑智能科技有限公司新建项目_01_受理公告或公示版.pdf,60,2,11,完整,1.0,"排风机 | 1 | 频发 | 类比法 | 80 ~ 85 | 设备基础减震
厂房隔声 | 30 | 类比法 | 55 | 3000",,解析文本拼接_表格清洗增强_01_001-020.md,017_广东台塑智能科技有限公司新建项目_01_受理公告或公示版
PL018,PL018_广东台塑智能科技有限公司新建项目_01_受理公告或公示版.pdf,60,3,1,完整,1.0,机 10 频发 类比法 80 ~ 85 | 备 | 类比法 | 55 | 3000,,解析文本拼接_表格清洗增强_01_001-020.md,017_广东台塑智能科技有限公司新建项目_01_受理公告或公示版
PL018,PL018_广东台塑智能科技有限公司新建项目_01_受理公告或公示版.pdf,60,3,2,完整,1.0,机 20 频发 类比法 65 ~ 70 | 设备基础减振 | 类比法 | 40 | 3000,,解析文本拼接_表格清洗增强_01_001-020.md,017_广东台塑智能科技有限公司新建项目_01_受理公告或公示版
PL018,PL018_广东台塑智能科技有限公司新建项目_01_受理公告或公示版.pdf,60,3,3,完整,1.0,水线 30 频发 类比法 65 ~ 70 | 厂房隔声 | 类比法 | 40 | 3000,,解析文本拼接_表格清洗增强_01_001-020.md,017_广东台塑智能科技有限公司新建项目_01_受理公告或公示版
PL018,PL018_广东台塑智能科技有限公司新建项目_01_受理公告或公示版.pdf,60,3,4,完整,1.0,机 15 频发 类比法 65 ~ 70 | 类比法 | 40 | 3000,,解析文本拼接_表格清洗增强_01_001-020.md,017_广东台塑智能科技有限公司新建项目_01_受理公告或公示版
PL018,PL018_广东台塑智能科技有限公司新建项目_01_受理公告或公示版.pdf,60,3,5,完整,1.0,机 2 频发 类比法 65 ~ 70 | 类比法 | 40 | 3000,,解析文本拼接_表格清洗增强_01_001-020.md,017_广东台塑智能科技有限公司新建项目_01_受理公告或公示版
PL018,PL018_广东台塑智能科技有限公司新建项目_01_受理公告或公示版.pdf,60,3,6,完整,1.0,产线 2 频发 类比法 75 ~ 80 | 类比法 | 50 | 3000,,解析文本拼接_表格清洗增强_01_001-020.md,017_广东台塑智能科技有限公司新建项目_01_受理公告或公示版
PL018,PL018_广东台塑智能科技有限公司新建项目_01_受理公告或公示版.pdf,60,3,7,完整,1.0,机 1 频发 类比法 80 ~ 85 | 类比法 | 55 | 3000,,解析文本拼接_表格清洗增强_01_001-020.md,017_广东台塑智能科技有限公司新建项目_01_受理公告或公示版
PL018,PL018_广东台塑智能科技有限公司新建项目_01_受理公告或公示版.pdf,60,3,8,完整,1.0,机 1 频发 类比法 75 ~ 80 | 类比法 | 50 | 3000,,解析文本拼接_表格清洗增强_01_001-020.md,017_广东台塑智能科技有限公司新建项目_01_受理公告或公示版
PL018,PL018_广东台塑智能科技有限公司新建项目_01_受理公告或公示版.pdf,60,3,9,完整,1.0,机 2 频发 类比法 80 ~ 85 | 类比法 | 55 | 3000,,解析文本拼接_表格清洗增强_01_001-020.md,017_广东台塑智能科技有限公司新建项目_01_受理公告或公示版
PL018,PL018_广东台塑智能科技有限公司新建项目_01_受理公告或公示版.pdf,60,3,10,完整,1.0,塔 3 频发 类比法 80 ~ 85 | 类比法 | 55 | 3000,,解析文本拼接_表格清洗增强_01_001-020.md,017_广东台塑智能科技有限公司新建项目_01_受理公告或公示版
PL018,PL018_广东台塑智能科技有限公司新建项目_01_受理公告或公示版.pdf,60,3,12,完整,1.0,机 1 频发 类比法 80 ~ 85 | 30 | 类比法 | 55 | 3000,,解析文本拼接_表格清洗增强_01_001-020.md,017_广东台塑智能科技有限公司新建项目_01_受理公告或公示版
PL018,PL018_广东台塑智能科技有限公司新建项目_01_受理公告或公示版.pdf,60,3,15,完整,1.0,据项目噪声污染源的特征，按照《环境影 | 响评价技术导则 声 | 环境》（HJ | 2.4-202 | 1）,,解析文本拼接_表格清洗增强_01_001-020.md,017_广东台塑智能科技有限公司新建项目_01_受理公告或公示版
PL018,PL018_广东台塑智能科技有限公司新建项目_01_受理公告或公示版.pdf,60,3,16,完整,1.0,用多声源叠加综合预测模式对项目产生噪 | 声的发散衰减进行模 | 拟预测。,,解析文本拼接_表格清洗增强_01_001-020.md,017_广东台塑智能科技有限公司新建项目_01_受理公告或公示版
PL018,PL018_广东台塑智能科技有限公司新建项目_01_受理公告或公示版.pdf,60,3,17,完整,1.0,声源在预测点的噪声强度采用几何发散 | 衰减计算式：,,解析文本拼接_表格清洗增强_01_001-020.md,017_广东台塑智能科技有限公司新建项目_01_受理公告或公示版
PL018,PL018_广东台塑智能科技有限公司新建项目_01_受理公告或公示版.pdf,60,3,21,疑似缺失,0.5,"Lp＝Lp0－20lg |  
0 －ΔL"," 
0 －ΔL",解析文本拼接_表格清洗增强_01_001-020.md,017_广东台塑智能科技有限公司新建项目_01_受理公告或公示版
PL018,PL018_广东台塑智能科技有限公司新建项目_01_受理公告或公示版.pdf,60,3,22,疑似缺失,0.5,"L ——距声源r米处的噪声预测值，dB（
p | A）；","L ——距声源r米处的噪声预测值，dB（
p",解析文本拼接_表格清洗增强_01_001-020.md,017_广东台塑智能科技有限公司新建项目_01_受理公告或公示版
PL018,PL018_广东台塑智能科技有限公司新建项目_01_受理公告或公示版.pdf,60,3,28,疑似缺失,0.667,"个设备同时运行时在预测点产生的总等声 | 级贡献值（L ）的
eqg | 计算公式为：","级贡献值（L ）的
eqg",解析文本拼接_表格清洗增强_01_001-020.md,017_广东台塑智能科技有限公司新建项目_01_受理公告或公示版
PL018,PL018_广东台塑智能科技有限公司新建项目_01_受理公告或公示版.pdf,60,3,30,疑似缺失,0.0,"L ＝10lg(
eqg |  t100.1L Ai)
i","L ＝10lg(
eqg； t100.1L Ai)
i",解析文本拼接_表格清洗增强_01_001-020.md,017_广东台塑智能科技有限公司新建项目_01_受理公告或公示版
PL018,PL018_广东台塑智能科技有限公司新建项目_01_受理公告或公示版.pdf,61,2,1,完整,1.0,"厂界 | 影响设备 | 与厂界距离m | 考虑墙体隔声、采
取降噪措施后设备
噪声源强dB(A) | 贡献值叠加 | 备注",,解析文本拼接_表格清洗增强_01_001-020.md,017_广东台塑智能科技有限公司新建项目_01_受理公告或公示版
PL018,PL018_广东台塑智能科技有限公司新建项目_01_受理公告或公示版.pdf,61,2,2,完整,1.0,东面（1#） | 注塑机 | 30 | 20.2 | 32.2 | 达标,,解析文本拼接_表格清洗增强_01_001-020.md,017_广东台塑智能科技有限公司新建项目_01_受理公告或公示版
PL018,PL018_广东台塑智能科技有限公司新建项目_01_受理公告或公示版.pdf,61,2,3,完整,1.0,破碎机 | 90 | 15.8,,解析文本拼接_表格清洗增强_01_001-020.md,017_广东台塑智能科技有限公司新建项目_01_受理公告或公示版
PL018,PL018_广东台塑智能科技有限公司新建项目_01_受理公告或公示版.pdf,61,2,4,完整,1.0,混料机 | 70 | 3.0,,解析文本拼接_表格清洗增强_01_001-020.md,017_广东台塑智能科技有限公司新建项目_01_受理公告或公示版
PL018,PL018_广东台塑智能科技有限公司新建项目_01_受理公告或公示版.pdf,61,2,5,完整,1.0,装配流水线 | 2 | 30.5,,解析文本拼接_表格清洗增强_01_001-020.md,017_广东台塑智能科技有限公司新建项目_01_受理公告或公示版
PL018,PL018_广东台塑智能科技有限公司新建项目_01_受理公告或公示版.pdf,61,2,6,完整,1.0,丝印机 | 25 | 11.7,,解析文本拼接_表格清洗增强_01_001-020.md,017_广东台塑智能科技有限公司新建项目_01_受理公告或公示版
PL018,PL018_广东台塑智能科技有限公司新建项目_01_受理公告或公示版.pdf,61,2,7,完整,1.0,烘干机 | 25 | 11.7,,解析文本拼接_表格清洗增强_01_001-020.md,017_广东台塑智能科技有限公司新建项目_01_受理公告或公示版
PL018,PL018_广东台塑智能科技有限公司新建项目_01_受理公告或公示版.pdf,61,2,8,完整,1.0,拉线生产线 | 75 | 12.4,,解析文本拼接_表格清洗增强_01_001-020.md,017_广东台塑智能科技有限公司新建项目_01_受理公告或公示版
PL018,PL018_广东台塑智能科技有限公司新建项目_01_受理公告或公示版.pdf,61,2,9,完整,1.0,砂轮机 | 90 | 15.8,,解析文本拼接_表格清洗增强_01_001-020.md,017_广东台塑智能科技有限公司新建项目_01_受理公告或公示版
PL018,PL018_广东台塑智能科技有限公司新建项目_01_受理公告或公示版.pdf,61,2,10,完整,1.0,钻机 | 90 | 10.8,,解析文本拼接_表格清洗增强_01_001-020.md,017_广东台塑智能科技有限公司新建项目_01_受理公告或公示版
PL018,PL018_广东台塑智能科技有限公司新建项目_01_受理公告或公示版.pdf,61,2,11,完整,1.0,空压机 | 50 | 20.8,,解析文本拼接_表格清洗增强_01_001-020.md,017_广东台塑智能科技有限公司新建项目_01_受理公告或公示版
PL018,PL018_广东台塑智能科技有限公司新建项目_01_受理公告或公示版.pdf,61,2,12,完整,1.0,冷却塔 | 45 | 21.7,,解析文本拼接_表格清洗增强_01_001-020.md,017_广东台塑智能科技有限公司新建项目_01_受理公告或公示版
PL018,PL018_广东台塑智能科技有限公司新建项目_01_受理公告或公示版.pdf,61,2,13,完整,1.0,排风机 | 90 | 15.8,,解析文本拼接_表格清洗增强_01_001-020.md,017_广东台塑智能科技有限公司新建项目_01_受理公告或公示版
PL018,PL018_广东台塑智能科技有限公司新建项目_01_受理公告或公示版.pdf,61,2,14,完整,1.0,南面（2#） | 注塑机 | 5 | 34.4 | 54.1 | 达标,,解析文本拼接_表格清洗增强_01_001-020.md,017_广东台塑智能科技有限公司新建项目_01_受理公告或公示版
PL018,PL018_广东台塑智能科技有限公司新建项目_01_受理公告或公示版.pdf,61,2,15,完整,1.0,破碎机 | 5 | 39.4,,解析文本拼接_表格清洗增强_01_001-020.md,017_广东台塑智能科技有限公司新建项目_01_受理公告或公示版
PL018,PL018_广东台塑智能科技有限公司新建项目_01_受理公告或公示版.pdf,61,2,16,完整,1.0,混料机 | 2 | 30.5,,解析文本拼接_表格清洗增强_01_001-020.md,017_广东台塑智能科技有限公司新建项目_01_受理公告或公示版
PL018,PL018_广东台塑智能科技有限公司新建项目_01_受理公告或公示版.pdf,61,2,17,完整,1.0,装配流水线 | 2 | 30.5,,解析文本拼接_表格清洗增强_01_001-020.md,017_广东台塑智能科技有限公司新建项目_01_受理公告或公示版
PL018,PL018_广东台塑智能科技有限公司新建项目_01_受理公告或公示版.pdf,61,2,18,完整,1.0,丝印机 | 2 | 30.5,,解析文本拼接_表格清洗增强_01_001-020.md,017_广东台塑智能科技有限公司新建项目_01_受理公告或公示版
PL018,PL018_广东台塑智能科技有限公司新建项目_01_受理公告或公示版.pdf,61,2,19,完整,1.0,烘干机 | 2 | 30.5,,解析文本拼接_表格清洗增强_01_001-020.md,017_广东台塑智能科技有限公司新建项目_01_受理公告或公示版
PL018,PL018_广东台塑智能科技有限公司新建项目_01_受理公告或公示版.pdf,61,2,20,完整,1.0,拉线生产线 | 5 | 34.4,,解析文本拼接_表格清洗增强_01_001-020.md,017_广东台塑智能科技有限公司新建项目_01_受理公告或公示版
PL018,PL018_广东台塑智能科技有限公司新建项目_01_受理公告或公示版.pdf,61,2,21,完整,1.0,砂轮机 | 2 | 45.5,,解析文本拼接_表格清洗增强_01_001-020.md,017_广东台塑智能科技有限公司新建项目_01_受理公告或公示版
PL018,PL018_广东台塑智能科技有限公司新建项目_01_受理公告或公示版.pdf,61,2,22,完整,1.0,钻机 | 2 | 40.5,,解析文本拼接_表格清洗增强_01_001-020.md,017_广东台塑智能科技有限公司新建项目_01_受理公告或公示版
PL018,PL018_广东台塑智能科技有限公司新建项目_01_受理公告或公示版.pdf,61,2,23,完整,1.0,空压机 | 1 | 49.0,,解析文本拼接_表格清洗增强_01_001-020.md,017_广东台塑智能科技有限公司新建项目_01_受理公告或公示版
PL018,PL018_广东台塑智能科技有限公司新建项目_01_受理公告或公示版.pdf,61,2,24,完整,1.0,冷却塔 | 1 | 49.0,,解析文本拼接_表格清洗增强_01_001-020.md,017_广东台塑智能科技有限公司新建项目_01_受理公告或公示版
PL018,PL018_广东台塑智能科技有限公司新建项目_01_受理公告或公示版.pdf,61,2,25,完整,1.0,排风机 | 2 | 45.5,,解析文本拼接_表格清洗增强_01_001-020.md,017_广东台塑智能科技有限公司新建项目_01_受理公告或公示版
PL018,PL018_广东台塑智能科技有限公司新建项目_01_受理公告或公示版.pdf,61,2,26,完整,1.0,西面（3#） | 注塑机 | 5 | 34.4 | 49.8 | 达标,,解析文本拼接_表格清洗增强_01_001-020.md,017_广东台塑智能科技有限公司新建项目_01_受理公告或公示版
PL018,PL018_广东台塑智能科技有限公司新建项目_01_受理公告或公示版.pdf,61,3,2,完整,1.0,厂界 | 影响设备 | 与厂界距离m | 取降噪措施后设备 | 贡献值叠加 | 备注,,解析文本拼接_表格清洗增强_01_001-020.md,017_广东台塑智能科技有限公司新建项目_01_受理公告或公示版
PL018,PL018_广东台塑智能科技有限公司新建项目_01_受理公告或公示版.pdf,61,3,5,完整,1.0,30 | 20.2,,解析文本拼接_表格清洗增强_01_001-020.md,017_广东台塑智能科技有限公司新建项目_01_受理公告或公示版
PL018,PL018_广东台塑智能科技有限公司新建项目_01_受理公告或公示版.pdf,61,3,7,完整,1.0,90 | 15.8,,解析文本拼接_表格清洗增强_01_001-020.md,017_广东台塑智能科技有限公司新建项目_01_受理公告或公示版
PL018,PL018_广东台塑智能科技有限公司新建项目_01_受理公告或公示版.pdf,61,3,13,完整,1.0,25 | 11.7,,解析文本拼接_表格清洗增强_01_001-020.md,017_广东台塑智能科技有限公司新建项目_01_受理公告或公示版
PL018,PL018_广东台塑智能科技有限公司新建项目_01_受理公告或公示版.pdf,61,3,14,完整,1.0,烘干机 | 25 | 11.7,,解析文本拼接_表格清洗增强_01_001-020.md,017_广东台塑智能科技有限公司新建项目_01_受理公告或公示版
PL018,PL018_广东台塑智能科技有限公司新建项目_01_受理公告或公示版.pdf,61,3,16,完整,1.0,1# | 32.2,,解析文本拼接_表格清洗增强_01_001-020.md,017_广东台塑智能科技有限公司新建项目_01_受理公告或公示版
PL018,PL018_广东台塑智能科技有限公司新建项目_01_受理公告或公示版.pdf,61,3,18,完整,1.0,75 | 12.4,,解析文本拼接_表格清洗增强_01_001-020.md,017_广东台塑智能科技有限公司新建项目_01_受理公告或公示版
PL018,PL018_广东台塑智能科技有限公司新建项目_01_受理公告或公示版.pdf,61,3,20,完整,1.0,90 | 15.8,,解析文本拼接_表格清洗增强_01_001-020.md,017_广东台塑智能科技有限公司新建项目_01_受理公告或公示版
PL018,PL018_广东台塑智能科技有限公司新建项目_01_受理公告或公示版.pdf,61,3,22,完整,1.0,90 | 10.8,,解析文本拼接_表格清洗增强_01_001-020.md,017_广东台塑智能科技有限公司新建项目_01_受理公告或公示版
PL018,PL018_广东台塑智能科技有限公司新建项目_01_受理公告或公示版.pdf,61,3,24,完整,1.0,50 | 20.8,,解析文本拼接_表格清洗增强_01_001-020.md,017_广东台塑智能科技有限公司新建项目_01_受理公告或公示版
PL018,PL018_广东台塑智能科技有限公司新建项目_01_受理公告或公示版.pdf,61,3,26,完整,1.0,45 | 21.7,,解析文本拼接_表格清洗增强_01_001-020.md,017_广东台塑智能科技有限公司新建项目_01_受理公告或公示版
PL018,PL018_广东台塑智能科技有限公司新建项目_01_受理公告或公示版.pdf,61,3,27,完整,1.0,排风机 | 90 | 15.8,,解析文本拼接_表格清洗增强_01_001-020.md,017_广东台塑智能科技有限公司新建项目_01_受理公告或公示版
PL018,PL018_广东台塑智能科技有限公司新建项目_01_受理公告或公示版.pdf,61,3,38,完整,1.0,烘干机 | 2 | 30.5,,解析文本拼接_表格清洗增强_01_001-020.md,017_广东台塑智能科技有限公司新建项目_01_受理公告或公示版
PL018,PL018_广东台塑智能科技有限公司新建项目_01_受理公告或公示版.pdf,61,3,40,完整,1.0,2# | 54.1,,解析文本拼接_表格清洗增强_01_001-020.md,017_广东台塑智能科技有限公司新建项目_01_受理公告或公示版
PL018,PL018_广东台塑智能科技有限公司新建项目_01_受理公告或公示版.pdf,61,3,51,完整,1.0,排风机 | 2 | 45.5,,解析文本拼接_表格清洗增强_01_001-020.md,017_广东台塑智能科技有限公司新建项目_01_受理公告或公示版
PL018,PL018_广东台塑智能科技有限公司新建项目_01_受理公告或公示版.pdf,61,3,53,完整,1.0,3# | 5 | 34.4 | 49.8,,解析文本拼接_表格清洗增强_01_001-020.md,017_广东台塑智能科技有限公司新建项目_01_受理公告或公示版
PL018,PL018_广东台塑智能科技有限公司新建项目_01_受理公告或公示版.pdf,62,2,1,完整,1.0,破碎机 | 2 | 45.5,,解析文本拼接_表格清洗增强_01_001-020.md,017_广东台塑智能科技有限公司新建项目_01_受理公告或公示版
PL018,PL018_广东台塑智能科技有限公司新建项目_01_受理公告或公示版.pdf,62,2,2,完整,1.0,混料机 | 2 | 30.5,,解析文本拼接_表格清洗增强_01_001-020.md,017_广东台塑智能科技有限公司新建项目_01_受理公告或公示版
PL018,PL018_广东台塑智能科技有限公司新建项目_01_受理公告或公示版.pdf,62,2,3,完整,1.0,装配流水线 | 25 | 11.7,,解析文本拼接_表格清洗增强_01_001-020.md,017_广东台塑智能科技有限公司新建项目_01_受理公告或公示版
PL018,PL018_广东台塑智能科技有限公司新建项目_01_受理公告或公示版.pdf,62,2,4,完整,1.0,丝印机 | 25 | 11.7,,解析文本拼接_表格清洗增强_01_001-020.md,017_广东台塑智能科技有限公司新建项目_01_受理公告或公示版
PL018,PL018_广东台塑智能科技有限公司新建项目_01_受理公告或公示版.pdf,62,2,5,完整,1.0,烘干机 | 25 | 11.7,,解析文本拼接_表格清洗增强_01_001-020.md,017_广东台塑智能科技有限公司新建项目_01_受理公告或公示版
PL018,PL018_广东台塑智能科技有限公司新建项目_01_受理公告或公示版.pdf,62,2,6,完整,1.0,拉线生产线 | 15 | 25.9,,解析文本拼接_表格清洗增强_01_001-020.md,017_广东台塑智能科技有限公司新建项目_01_受理公告或公示版
PL018,PL018_广东台塑智能科技有限公司新建项目_01_受理公告或公示版.pdf,62,2,7,完整,1.0,砂轮机 | 2 | 45.5,,解析文本拼接_表格清洗增强_01_001-020.md,017_广东台塑智能科技有限公司新建项目_01_受理公告或公示版
PL018,PL018_广东台塑智能科技有限公司新建项目_01_受理公告或公示版.pdf,62,2,8,完整,1.0,钻机 | 2 | 40.5,,解析文本拼接_表格清洗增强_01_001-020.md,017_广东台塑智能科技有限公司新建项目_01_受理公告或公示版
PL018,PL018_广东台塑智能科技有限公司新建项目_01_受理公告或公示版.pdf,62,2,9,完整,1.0,空压机 | 45 | 21.7,,解析文本拼接_表格清洗增强_01_001-020.md,017_广东台塑智能科技有限公司新建项目_01_受理公告或公示版
PL018,PL018_广东台塑智能科技有限公司新建项目_01_受理公告或公示版.pdf,62,2,10,完整,1.0,冷却塔 | 45 | 21.7,,解析文本拼接_表格清洗增强_01_001-020.md,017_广东台塑智能科技有限公司新建项目_01_受理公告或公示版
PL018,PL018_广东台塑智能科技有限公司新建项目_01_受理公告或公示版.pdf,62,2,11,完整,1.0,排风机 | 5 | 39.4,,解析文本拼接_表格清洗增强_01_001-020.md,017_广东台塑智能科技有限公司新建项目_01_受理公告或公示版
PL018,PL018_广东台塑智能科技有限公司新建项目_01_受理公告或公示版.pdf,62,2,12,完整,1.0,北面（4#） | 注塑机 | 25 | 21.7 | 32.4 | 达标,,解析文本拼接_表格清洗增强_01_001-020.md,017_广东台塑智能科技有限公司新建项目_01_受理公告或公示版
PL018,PL018_广东台塑智能科技有限公司新建项目_01_受理公告或公示版.pdf,62,2,13,完整,1.0,破碎机 | 25 | 26.7,,解析文本拼接_表格清洗增强_01_001-020.md,017_广东台塑智能科技有限公司新建项目_01_受理公告或公示版
PL018,PL018_广东台塑智能科技有限公司新建项目_01_受理公告或公示版.pdf,62,2,14,完整,1.0,混料机 | 30 | 10.2,,解析文本拼接_表格清洗增强_01_001-020.md,017_广东台塑智能科技有限公司新建项目_01_受理公告或公示版
PL018,PL018_广东台塑智能科技有限公司新建项目_01_受理公告或公示版.pdf,62,2,15,完整,1.0,装配流水线 | 35 | 8.9,,解析文本拼接_表格清洗增强_01_001-020.md,017_广东台塑智能科技有限公司新建项目_01_受理公告或公示版
PL018,PL018_广东台塑智能科技有限公司新建项目_01_受理公告或公示版.pdf,62,2,16,完整,1.0,丝印机 | 30 | 10.2,,解析文本拼接_表格清洗增强_01_001-020.md,017_广东台塑智能科技有限公司新建项目_01_受理公告或公示版
PL018,PL018_广东台塑智能科技有限公司新建项目_01_受理公告或公示版.pdf,62,2,17,完整,1.0,烘干机 | 30 | 10.2,,解析文本拼接_表格清洗增强_01_001-020.md,017_广东台塑智能科技有限公司新建项目_01_受理公告或公示版
PL018,PL018_广东台塑智能科技有限公司新建项目_01_受理公告或公示版.pdf,62,2,18,完整,1.0,拉线生产线 | 15 | 25.9,,解析文本拼接_表格清洗增强_01_001-020.md,017_广东台塑智能科技有限公司新建项目_01_受理公告或公示版
PL018,PL018_广东台塑智能科技有限公司新建项目_01_受理公告或公示版.pdf,62,2,19,完整,1.0,砂轮机 | 40 | 22.7,,解析文本拼接_表格清洗增强_01_001-020.md,017_广东台塑智能科技有限公司新建项目_01_受理公告或公示版
PL018,PL018_广东台塑智能科技有限公司新建项目_01_受理公告或公示版.pdf,62,2,20,完整,1.0,钻机 | 40 | 17.7,,解析文本拼接_表格清洗增强_01_001-020.md,017_广东台塑智能科技有限公司新建项目_01_受理公告或公示版
PL018,PL018_广东台塑智能科技有限公司新建项目_01_受理公告或公示版.pdf,62,2,21,完整,1.0,空压机 | 45 | 21.7,,解析文本拼接_表格清洗增强_01_001-020.md,017_广东台塑智能科技有限公司新建项目_01_受理公告或公示版
PL018,PL018_广东台塑智能科技有限公司新建项目_01_受理公告或公示版.pdf,62,2,22,完整,1.0,冷却塔 | 45 | 21.7,,解析文本拼接_表格清洗增强_01_001-020.md,017_广东台塑智能科技有限公司新建项目_01_受理公告或公示版
PL018,PL018_广东台塑智能科技有限公司新建项目_01_受理公告或公示版.pdf,62,2,23,完整,1.0,排风机 | 48 | 21.2,,解析文本拼接_表格清洗增强_01_001-020.md,017_广东台塑智能科技有限公司新建项目_01_受理公告或公示版
PL018,PL018_广东台塑智能科技有限公司新建项目_01_受理公告或公示版.pdf,62,3,6,完整,1.0,25 | 11.7,,解析文本拼接_表格清洗增强_01_001-020.md,017_广东台塑智能科技有限公司新建项目_01_受理公告或公示版
PL018,PL018_广东台塑智能科技有限公司新建项目_01_受理公告或公示版.pdf,62,3,8,完整,1.0,25 | 11.7,,解析文本拼接_表格清洗增强_01_001-020.md,017_广东台塑智能科技有限公司新建项目_01_受理公告或公示版
PL018,PL018_广东台塑智能科技有限公司新建项目_01_受理公告或公示版.pdf,62,3,10,完整,1.0,25 | 11.7,,解析文本拼接_表格清洗增强_01_001-020.md,017_广东台塑智能科技有限公司新建项目_01_受理公告或公示版
PL018,PL018_广东台塑智能科技有限公司新建项目_01_受理公告或公示版.pdf,62,3,12,完整,1.0,15 | 25.9,,解析文本拼接_表格清洗增强_01_001-020.md,017_广东台塑智能科技有限公司新建项目_01_受理公告或公示版
PL018,PL018_广东台塑智能科技有限公司新建项目_01_受理公告或公示版.pdf,62,3,18,完整,1.0,45 | 21.7,,解析文本拼接_表格清洗增强_01_001-020.md,017_广东台塑智能科技有限公司新建项目_01_受理公告或公示版
PL018,PL018_广东台塑智能科技有限公司新建项目_01_受理公告或公示版.pdf,62,3,20,完整,1.0,45 | 21.7,,解析文本拼接_表格清洗增强_01_001-020.md,017_广东台塑智能科技有限公司新建项目_01_受理公告或公示版
PL018,PL018_广东台塑智能科技有限公司新建项目_01_受理公告或公示版.pdf,62,3,21,完整,1.0,排风机 | 5 | 39.4,,解析文本拼接_表格清洗增强_01_001-020.md,017_广东台塑智能科技有限公司新建项目_01_受理公告或公示版
PL018,PL018_广东台塑智能科技有限公司新建项目_01_受理公告或公示版.pdf,62,3,23,完整,1.0,25 | 21.7,,解析文本拼接_表格清洗增强_01_001-020.md,017_广东台塑智能科技有限公司新建项目_01_受理公告或公示版
PL018,PL018_广东台塑智能科技有限公司新建项目_01_受理公告或公示版.pdf,62,3,25,完整,1.0,25 | 26.7,,解析文本拼接_表格清洗增强_01_001-020.md,017_广东台塑智能科技有限公司新建项目_01_受理公告或公示版
PL018,PL018_广东台塑智能科技有限公司新建项目_01_受理公告或公示版.pdf,62,3,27,完整,1.0,30 | 10.2,,解析文本拼接_表格清洗增强_01_001-020.md,017_广东台塑智能科技有限公司新建项目_01_受理公告或公示版
PL018,PL018_广东台塑智能科技有限公司新建项目_01_受理公告或公示版.pdf,62,3,31,完整,1.0,30 | 10.2,,解析文本拼接_表格清洗增强_01_001-020.md,017_广东台塑智能科技有限公司新建项目_01_受理公告或公示版
PL018,PL018_广东台塑智能科技有限公司新建项目_01_受理公告或公示版.pdf,62,3,32,完整,1.0,烘干机 | 30 | 10.2,,解析文本拼接_表格清洗增强_01_001-020.md,017_广东台塑智能科技有限公司新建项目_01_受理公告或公示版
PL018,PL018_广东台塑智能科技有限公司新建项目_01_受理公告或公示版.pdf,62,3,34,完整,1.0,4# | 32.4,,解析文本拼接_表格清洗增强_01_001-020.md,017_广东台塑智能科技有限公司新建项目_01_受理公告或公示版
PL018,PL018_广东台塑智能科技有限公司新建项目_01_受理公告或公示版.pdf,62,3,36,完整,1.0,15 | 25.9,,解析文本拼接_表格清洗增强_01_001-020.md,017_广东台塑智能科技有限公司新建项目_01_受理公告或公示版
PL018,PL018_广东台塑智能科技有限公司新建项目_01_受理公告或公示版.pdf,62,3,38,完整,1.0,40 | 22.7,,解析文本拼接_表格清洗增强_01_001-020.md,017_广东台塑智能科技有限公司新建项目_01_受理公告或公示版
PL018,PL018_广东台塑智能科技有限公司新建项目_01_受理公告或公示版.pdf,62,3,40,完整,1.0,40 | 17.7,,解析文本拼接_表格清洗增强_01_001-020.md,017_广东台塑智能科技有限公司新建项目_01_受理公告或公示版
PL018,PL018_广东台塑智能科技有限公司新建项目_01_受理公告或公示版.pdf,62,3,42,完整,1.0,45 | 21.7,,解析文本拼接_表格清洗增强_01_001-020.md,017_广东台塑智能科技有限公司新建项目_01_受理公告或公示版
PL018,PL018_广东台塑智能科技有限公司新建项目_01_受理公告或公示版.pdf,62,3,44,完整,1.0,45 | 21.7,,解析文本拼接_表格清洗增强_01_001-020.md,017_广东台塑智能科技有限公司新建项目_01_受理公告或公示版
PL018,PL018_广东台塑智能科技有限公司新建项目_01_受理公告或公示版.pdf,62,3,45,完整,1.0,排风机 | 48 | 21.2,,解析文本拼接_表格清洗增强_01_001-020.md,017_广东台塑智能科技有限公司新建项目_01_受理公告或公示版
PL018,PL018_广东台塑智能科技有限公司新建项目_01_受理公告或公示版.pdf,62,3,46,完整,1.0,根据预测结 | 果，项目运营期间，项 | 目主要声源经采 | 取相应措施后，项目厂界噪声预测值,,解析文本拼接_表格清洗增强_01_001-020.md,017_广东台塑智能科技有限公司新建项目_01_受理公告或公示版
PL018,PL018_广东台塑智能科技有限公司新建项目_01_受理公告或公示版.pdf,62,3,47,完整,1.0,达到《工业企业 | 厂界环境噪声排放标准》 | (GB12348-2008) | 3类标准要求。项目选址周围主要以,,解析文本拼接_表格清洗增强_01_001-020.md,017_广东台塑智能科技有限公司新建项目_01_受理公告或公示版
PL018,PL018_广东台塑智能科技有限公司新建项目_01_受理公告或公示版.pdf,62,3,48,完整,1.0,工业企业厂房为 | 主，项目厂界与最近敏 | 感点（黄龙村居 | 民区）距离为100米，建议项目采用,,解析文本拼接_表格清洗增强_01_001-020.md,017_广东台塑智能科技有限公司新建项目_01_受理公告或公示版
PL018,PL018_广东台塑智能科技有限公司新建项目_01_受理公告或公示版.pdf,62,3,49,完整,1.0,低噪声设备，做 | 好厂房隔声及设备基础 | 减震，加强管理 | 。声音通过距离的衰减和厂房的声屏,,解析文本拼接_表格清洗增强_01_001-020.md,017_广东台塑智能科技有限公司新建项目_01_受理公告或公示版
PL018,PL018_广东台塑智能科技有限公司新建项目_01_受理公告或公示版.pdf,62,3,50,完整,1.0,障效应，项目对 | 厂界噪声的贡献值较少 | ，其噪声经距离 | 衰减后不会对周围环境和敏感点造成,,解析文本拼接_表格清洗增强_01_001-020.md,017_广东台塑智能科技有限公司新建项目_01_受理公告或公示版
PL018,PL018_广东台塑智能科技有限公司新建项目_01_受理公告或公示版.pdf,62,3,52,完整,1.0,3.3 噪声污染防治 | 措施可行性分析,,解析文本拼接_表格清洗增强_01_001-020.md,017_广东台塑智能科技有限公司新建项目_01_受理公告或公示版
PL018,PL018_广东台塑智能科技有限公司新建项目_01_受理公告或公示版.pdf,62,3,53,完整,1.0,本项目生产 | 设备均放置在生产区域 | 内，混凝土钢筋结 | 构、门窗紧闭，综合隔声量可达20dB,,解析文本拼接_表格清洗增强_01_001-020.md,017_广东台塑智能科技有限公司新建项目_01_受理公告或公示版
PL018,PL018_广东台塑智能科技有限公司新建项目_01_受理公告或公示版.pdf,62,3,54,完整,1.0,（A）以上，设 | 备下方加装减震垫，隔声 | 量可达10dB（A | ），考虑墙体隔声及采取降噪措施后，,,解析文本拼接_表格清洗增强_01_001-020.md,017_广东台塑智能科技有限公司新建项目_01_受理公告或公示版
PL018,PL018_广东台塑智能科技有限公司新建项目_01_受理公告或公示版.pdf,62,3,55,完整,1.0,隔声量可达30d | B（A）。,,解析文本拼接_表格清洗增强_01_001-020.md,017_广东台塑智能科技有限公司新建项目_01_受理公告或公示版
PL018,PL018_广东台塑智能科技有限公司新建项目_01_受理公告或公示版.pdf,62,3,56,完整,1.0,根据《排污 | 许可证申请与核发技术 | 规范 工业噪声》 | （HJ1301—2023）-附录A-表A.1 主,,解析文本拼接_表格清洗增强_01_001-020.md,017_广东台塑智能科技有限公司新建项目_01_受理公告或公示版
PL018,PL018_广东台塑智能科技有限公司新建项目_01_受理公告或公示版.pdf,63,2,1,完整,1.0,"监测
点位 | 监测
时段 | 最低监测
频次 | 执行排放标准 | 厂界噪声排放限值
dB（A）",,解析文本拼接_表格清洗增强_01_001-020.md,017_广东台塑智能科技有限公司新建项目_01_受理公告或公示版
PL018,PL018_广东台塑智能科技有限公司新建项目_01_受理公告或公示版.pdf,63,2,2,完整,1.0,"东面 | 昼间 | 1次/季度 | 《工业企业厂界环境噪声
排放标准》（GB12348-2008）
3类标准 | 65",,解析文本拼接_表格清洗增强_01_001-020.md,017_广东台塑智能科技有限公司新建项目_01_受理公告或公示版
PL018,PL018_广东台塑智能科技有限公司新建项目_01_受理公告或公示版.pdf,63,2,3,完整,1.0,南面 | 昼间 | 1次/季度 | 65,,解析文本拼接_表格清洗增强_01_001-020.md,017_广东台塑智能科技有限公司新建项目_01_受理公告或公示版
PL018,PL018_广东台塑智能科技有限公司新建项目_01_受理公告或公示版.pdf,63,2,4,完整,1.0,北面 | 昼间 | 1次/季度 | 65,,解析文本拼接_表格清洗增强_01_001-020.md,017_广东台塑智能科技有限公司新建项目_01_受理公告或公示版
PL018,PL018_广东台塑智能科技有限公司新建项目_01_受理公告或公示版.pdf,63,2,5,完整,1.0,西面 | 昼间 | 1次/季度 | 65,,解析文本拼接_表格清洗增强_01_001-020.md,017_广东台塑智能科技有限公司新建项目_01_受理公告或公示版
PL018,PL018_广东台塑智能科技有限公司新建项目_01_受理公告或公示版.pdf,65,1,2,完整,1.0,"1 | 生活垃圾 | 员工生活 | 39.15 | --- | --- | 固体 | --- | --- | 桶装 | 由环卫部
门集中处
理 | 39.15 | 分类收集，定期清运",,解析文本拼接_表格清洗增强_01_001-020.md,017_广东台塑智能科技有限公司新建项目_01_受理公告或公示版
PL018,PL018_广东台塑智能科技有限公司新建项目_01_受理公告或公示版.pdf,65,1,3,完整,1.0,"2 | 一
般
工
业
固
废 | 塑料次品
及边角料 | 生产过程 | 158.0 | S17 | 900-003-S17 | 固体 | --- | --- | 袋装 | 经破碎后
回用到生
产过程 | 158.0 | 分类收集储存在一般工
业固体废物暂存间内、
妥善处置",,解析文本拼接_表格清洗增强_01_001-020.md,017_广东台塑智能科技有限公司新建项目_01_受理公告或公示版
PL018,PL018_广东台塑智能科技有限公司新建项目_01_受理公告或公示版.pdf,65,1,4,完整,1.0,"金属次品
及边角料 | 生产过程 | 50.0 | S17 | 900-002-S17 | 固体 | --- | --- | 袋装 | 外卖回收
商 | 50.0",,解析文本拼接_表格清洗增强_01_001-020.md,017_广东台塑智能科技有限公司新建项目_01_受理公告或公示版
PL018,PL018_广东台塑智能科技有限公司新建项目_01_受理公告或公示版.pdf,65,1,5,完整,1.0,"一般废包
装材料 | 生产过程 | 15.797 | S17 | 900-003-S17 | 固体 | --- | --- | 袋装 | 外卖回收
商 | 15.797",,解析文本拼接_表格清洗增强_01_001-020.md,017_广东台塑智能科技有限公司新建项目_01_受理公告或公示版
PL018,PL018_广东台塑智能科技有限公司新建项目_01_受理公告或公示版.pdf,65,1,6,完整,1.0,"3 | 危
险
废
物 | 废机油 | 设备维修 | 0.05 | HW08 | 900-214-08 | 液体 | 油 | T、I | 桶装 | 定期交有
相应资质
的危废单
位回收处
理 | 0.05 | 根据生产需要合理设置
贮存量，尽量减少厂内
的物料贮存量；严禁将
危险废物混入生活垃
圾；堆放危险废物的地
方要有明显的标志，堆
放点要防雨、防渗、防",,解析文本拼接_表格清洗增强_01_001-020.md,017_广东台塑智能科技有限公司新建项目_01_受理公告或公示版
PL018,PL018_广东台塑智能科技有限公司新建项目_01_受理公告或公示版.pdf,65,1,7,完整,1.0,废液压油 | 生产过程 | 6 | HW49 | 900-218-08 | 液体 | 油 | T、I | 桶装 | 6,,解析文本拼接_表格清洗增强_01_001-020.md,017_广东台塑智能科技有限公司新建项目_01_受理公告或公示版
PL018,PL018_广东台塑智能科技有限公司新建项目_01_受理公告或公示版.pdf,65,1,8,完整,1.0,"废矿物油
桶 | 设备维修 | 0.709 | HW08 | 900-249-08 | 固体 | 油 | T、I | --- | 0.709",,解析文本拼接_表格清洗增强_01_001-020.md,017_广东台塑智能科技有限公司新建项目_01_受理公告或公示版
PL018,PL018_广东台塑智能科技有限公司新建项目_01_受理公告或公示版.pdf,65,1,9,完整,1.0,"废含油抹
布、蘸有
油墨的废
抹布 | 设备维修 | 0.05 | HW49 | 900-041-49 | 固体 | 油、油墨 | T/In | 袋装 | 0.05",,解析文本拼接_表格清洗增强_01_001-020.md,017_广东台塑智能科技有限公司新建项目_01_受理公告或公示版
PL018,PL018_广东台塑智能科技有限公司新建项目_01_受理公告或公示版.pdf,65,1,10,完整,1.0,"化工原料
废包装材
料 | 生产过程 | 0.003 | HW49 | 900-041-49 | 固体 | 化工原
料 | T | --- | 0.003",,解析文本拼接_表格清洗增强_01_001-020.md,017_广东台塑智能科技有限公司新建项目_01_受理公告或公示版
PL018,PL018_广东台塑智能科技有限公司新建项目_01_受理公告或公示版.pdf,65,1,11,完整,1.0,"废活性炭 | 废气处理
设施 | 24.984 | HW49 | 900-039-49 | 固体 | 活性炭、
有机废
气 | T | --- | 24.984",,解析文本拼接_表格清洗增强_01_001-020.md,017_广东台塑智能科技有限公司新建项目_01_受理公告或公示版
PL018,PL018_广东台塑智能科技有限公司新建项目_01_受理公告或公示版.pdf,65,1,12,完整,1.0,危险废物合计 | --- | 31.796 | --- | --- | --- | --- | --- | --- | 31.796 | ---,,解析文本拼接_表格清洗增强_01_001-020.md,017_广东台塑智能科技有限公司新建项目_01_受理公告或公示版
PL018,PL018_广东台塑智能科技有限公司新建项目_01_受理公告或公示版.pdf,65,2,7,完整,1.0,1 | 生 | 活垃圾 | 员工生活 | 39.15 | --- | --- | 固体 | --- | --- | 桶装 | 门集中处 | 39.15 | 分类收集，定期清运,,解析文本拼接_表格清洗增强_01_001-020.md,017_广东台塑智能科技有限公司新建项目_01_受理公告或公示版
PL018,PL018_广东台塑智能科技有限公司新建项目_01_受理公告或公示版.pdf,65,2,11,完整,1.0,生产过程 | 158.0 | S17 | 900-003-S17 | 固体 | --- | --- | 袋装 | 回用到生 | 158.0,,解析文本拼接_表格清洗增强_01_001-020.md,017_广东台塑智能科技有限公司新建项目_01_受理公告或公示版
PL018,PL018_广东台塑智能科技有限公司新建项目_01_受理公告或公示版.pdf,65,2,15,完整,1.0,2 | 金属次品 | 外卖回收 | 业固体废物暂存间内、,,解析文本拼接_表格清洗增强_01_001-020.md,017_广东台塑智能科技有限公司新建项目_01_受理公告或公示版
PL018,PL018_广东台塑智能科技有限公司新建项目_01_受理公告或公示版.pdf,65,2,16,完整,1.0,业 | 生产过程 | 50.0 | S17 | 900-002-S17 | 固体 | --- | --- | 袋装 | 50.0 | 妥善处置,,解析文本拼接_表格清洗增强_01_001-020.md,017_广东台塑智能科技有限公司新建项目_01_受理公告或公示版
PL018,PL018_广东台塑智能科技有限公司新建项目_01_受理公告或公示版.pdf,65,2,21,完整,1.0,15.797 | S17 | 900-003-S17 | --- | --- | 15.797,,解析文本拼接_表格清洗增强_01_001-020.md,017_广东台塑智能科技有限公司新建项目_01_受理公告或公示版
PL018,PL018_广东台塑智能科技有限公司新建项目_01_受理公告或公示版.pdf,65,2,23,完整,1.0,废机油 | 设备维修 | 0.05 | HW08 | 900-214-08 | 液体 | 油 | T、I | 桶装 | 0.05,,解析文本拼接_表格清洗增强_01_001-020.md,017_广东台塑智能科技有限公司新建项目_01_受理公告或公示版
PL018,PL018_广东台塑智能科技有限公司新建项目_01_受理公告或公示版.pdf,65,2,24,完整,1.0,废液压油 | 生产过程 | 6 | HW49 | 900-218-08 | 液体 | 油 | T、I | 桶装 | 6,,解析文本拼接_表格清洗增强_01_001-020.md,017_广东台塑智能科技有限公司新建项目_01_受理公告或公示版
PL018,PL018_广东台塑智能科技有限公司新建项目_01_受理公告或公示版.pdf,65,2,26,完整,1.0,桶 | 设备维修 | 0.709 | HW08 | 900-249-08 | 固体 | 油 | T、I | --- | 0.709 | 贮存量，尽量减少厂内,,解析文本拼接_表格清洗增强_01_001-020.md,017_广东台塑智能科技有限公司新建项目_01_受理公告或公示版
PL018,PL018_广东台塑智能科技有限公司新建项目_01_受理公告或公示版.pdf,65,2,29,完整,1.0,险 | 布、蘸有 | 设备维修 | 0.05 | HW49 | 900-041-49 | 固体 | 油、油墨 | T/In | 袋装 | 相应资质 | 0.05 | 危险废物混入生活垃,,解析文本拼接_表格清洗增强_01_001-020.md,017_广东台塑智能科技有限公司新建项目_01_受理公告或公示版
PL018,PL018_广东台塑智能科技有限公司新建项目_01_受理公告或公示版.pdf,65,2,30,完整,1.0,"3 | 废 | 油墨的废
抹布 | 的危废单
位回收处 | 圾；堆放危险废物的地
方要有明显的标志，堆",,解析文本拼接_表格清洗增强_01_001-020.md,017_广东台塑智能科技有限公司新建项目_01_受理公告或公示版
PL018,PL018_广东台塑智能科技有限公司新建项目_01_受理公告或公示版.pdf,65,2,33,完整,1.0,废包装材 | 生产过程 | 0.003 | HW49 | 900-041-49 | 固体 | 化工原 | T | --- | 0.003 | 漏，应按要求进行包装,,解析文本拼接_表格清洗增强_01_001-020.md,017_广东台塑智能科技有限公司新建项目_01_受理公告或公示版
PL018,PL018_广东台塑智能科技有限公司新建项目_01_受理公告或公示版.pdf,65,2,38,完整,1.0,废活性炭 | 固体 | 有机废,,解析文本拼接_表格清洗增强_01_001-020.md,017_广东台塑智能科技有限公司新建项目_01_受理公告或公示版
PL018,PL018_广东台塑智能科技有限公司新建项目_01_受理公告或公示版.pdf,65,2,39,完整,1.0,设施 | 24.984 | HW49 | 900-039-49 | T | --- | 24.984,,解析文本拼接_表格清洗增强_01_001-020.md,017_广东台塑智能科技有限公司新建项目_01_受理公告或公示版
PL018,PL018_广东台塑智能科技有限公司新建项目_01_受理公告或公示版.pdf,65,2,41,完整,1.0,危 | 险废物 | 合计 | --- | 31.796 | --- | --- | --- | --- | --- | --- | 31.796 | ---,,解析文本拼接_表格清洗增强_01_001-020.md,017_广东台塑智能科技有限公司新建项目_01_受理公告或公示版
PL018,PL018_广东台塑智能科技有限公司新建项目_01_受理公告或公示版.pdf,66,2,21,完整,1.0,和 | 交通运输部令第23号），应当按照国家有关要求开展危险废物鉴别，禁止将危险废物以副产,,解析文本拼接_表格清洗增强_01_001-020.md,017_广东台塑智能科技有限公司新建项目_01_受理公告或公示版
PL018,PL018_广东台塑智能科技有限公司新建项目_01_受理公告或公示版.pdf,67,2,2,完整,1.0,1 | 机油 | 生产车间/桶装 | 0.1 | 0.1 | 2500 | 4.000E-05,,解析文本拼接_表格清洗增强_01_001-020.md,017_广东台塑智能科技有限公司新建项目_01_受理公告或公示版
PL018,PL018_广东台塑智能科技有限公司新建项目_01_受理公告或公示版.pdf,67,2,3,完整,1.0,2 | 废机油 | 危废间/桶装 | -- | 0.05 | 2500 | 2.000E-05,,解析文本拼接_表格清洗增强_01_001-020.md,017_广东台塑智能科技有限公司新建项目_01_受理公告或公示版
PL018,PL018_广东台塑智能科技有限公司新建项目_01_受理公告或公示版.pdf,67,2,4,完整,1.0,3 | 液压油 | 生产车间/桶装 | 12 | 1.7 | 2500 | 6.800E-04,,解析文本拼接_表格清洗增强_01_001-020.md,017_广东台塑智能科技有限公司新建项目_01_受理公告或公示版
PL018,PL018_广东台塑智能科技有限公司新建项目_01_受理公告或公示版.pdf,67,2,5,完整,1.0,4 | 废液压油 | 危废间/桶装 | -- | 6 | 2500 | 2.400E-03,,解析文本拼接_表格清洗增强_01_001-020.md,017_广东台塑智能科技有限公司新建项目_01_受理公告或公示版
PL018,PL018_广东台塑智能科技有限公司新建项目_01_受理公告或公示版.pdf,67,2,6,完整,1.0,小计 | 0.0031,,解析文本拼接_表格清洗增强_01_001-020.md,017_广东台塑智能科技有限公司新建项目_01_受理公告或公示版
PL018,PL018_广东台塑智能科技有限公司新建项目_01_受理公告或公示版.pdf,67,3,4,完整,1.0,"危险废
物泄漏 | 泄漏危险废物
通过雨水管进
入水体 | 危险废物 | 水环境 | 影响内河涌水
质，影响水生环
境 | 危废间 | 危险废物暂存间
设置围堰，做好防
渗措施",,解析文本拼接_表格清洗增强_01_001-020.md,017_广东台塑智能科技有限公司新建项目_01_受理公告或公示版
PL018,PL018_广东台塑智能科技有限公司新建项目_01_受理公告或公示版.pdf,67,3,5,完整,1.0,"火灾、爆
炸 | 燃烧烟尘及污
染物污染周围
大气环境 | CO | 大气环境 | 对周围大气环境
造成短时污染 | 生产车间 | 落实防止火灾措
施，发生火灾时可
封堵厂区门口",,解析文本拼接_表格清洗增强_01_001-020.md,017_广东台塑智能科技有限公司新建项目_01_受理公告或公示版
PL018,PL018_广东台塑智能科技有限公司新建项目_01_受理公告或公示版.pdf,67,3,6,完整,1.0,"消防废水通过
雨水管进入附
近水体 | COD等 | 水环境 | 对附近内河涌水
质造成影响。 | 生产车间",,解析文本拼接_表格清洗增强_01_001-020.md,017_广东台塑智能科技有限公司新建项目_01_受理公告或公示版
PL018,PL018_广东台塑智能科技有限公司新建项目_01_受理公告或公示版.pdf,67,3,7,完整,1.0,"环境保
护设施
失效/事
故排放 | 废气事故排放 | 有机废气 | 大气环境 | 对车间局部大气
环境和厂区附近
环境造成影响 | 废气处理
设施 | 应停止生产，维修
污染治理设施，达
标后方可继续运
行",,解析文本拼接_表格清洗增强_01_001-020.md,017_广东台塑智能科技有限公司新建项目_01_受理公告或公示版
PL018,PL018_广东台塑智能科技有限公司新建项目_01_受理公告或公示版.pdf,67,4,5,完整,1.0,1 | 机油 | 生产车间/桶装 | 0.1 | 0.1 | 2500 | 4.000E-05,,解析文本拼接_表格清洗增强_01_001-020.md,017_广东台塑智能科技有限公司新建项目_01_受理公告或公示版
PL018,PL018_广东台塑智能科技有限公司新建项目_01_受理公告或公示版.pdf,67,4,6,完整,1.0,2 | 废机油 | 危废间/桶装 | -- | 0.05 | 2500 | 2.000E-05,,解析文本拼接_表格清洗增强_01_001-020.md,017_广东台塑智能科技有限公司新建项目_01_受理公告或公示版
PL018,PL018_广东台塑智能科技有限公司新建项目_01_受理公告或公示版.pdf,67,4,7,完整,1.0,3 | 液压油 | 生产车间/桶装 | 12 | 1.7 | 2500 | 6.800E-04,,解析文本拼接_表格清洗增强_01_001-020.md,017_广东台塑智能科技有限公司新建项目_01_受理公告或公示版
PL018,PL018_广东台塑智能科技有限公司新建项目_01_受理公告或公示版.pdf,67,4,8,完整,1.0,4 | 废液压油 | 危废间/桶装 | -- | 6 | 2500 | 2.400E-03,,解析文本拼接_表格清洗增强_01_001-020.md,017_广东台塑智能科技有限公司新建项目_01_受理公告或公示版
PL018,PL018_广东台塑智能科技有限公司新建项目_01_受理公告或公示版.pdf,67,4,9,完整,1.0,小 | 计 | 0.0031,,解析文本拼接_表格清洗增强_01_001-020.md,017_广东台塑智能科技有限公司新建项目_01_受理公告或公示版
PL018,PL018_广东台塑智能科技有限公司新建项目_01_受理公告或公示版.pdf,67,4,10,完整,1.0,5.2 | 环 | 境风险分析,,解析文本拼接_表格清洗增强_01_001-020.md,017_广东台塑智能科技有限公司新建项目_01_受理公告或公示版
PL018,PL018_广东台塑智能科技有限公司新建项目_01_受理公告或公示版.pdf,67,4,12,完整,1.0,表4- | 24 | 风险 | 分析内 | 容表,,解析文本拼接_表格清洗增强_01_001-020.md,017_广东台塑智能科技有限公司新建项目_01_受理公告或公示版
PL018,PL018_广东台塑智能科技有限公司新建项目_01_受理公告或公示版.pdf,67,4,32,完整,1.0,通过雨水管进 | 危险废物 | 水 | 环境 | 质，影 | 响水生环 | 危废间 | 设置 | 围堰，做好防,,解析文本拼接_表格清洗增强_01_001-020.md,017_广东台塑智能科技有限公司新建项目_01_受理公告或公示版
PL018,PL018_广东台塑智能科技有限公司新建项目_01_受理公告或公示版.pdf,67,4,37,完整,1.0,染物污染周围 | 大气 | 环境 | 生产车间,,解析文本拼接_表格清洗增强_01_001-020.md,017_广东台塑智能科技有限公司新建项目_01_受理公告或公示版
PL018,PL018_广东台塑智能科技有限公司新建项目_01_受理公告或公示版.pdf,67,4,38,完整,1.0,CO | 造成 | 短时污染,,解析文本拼接_表格清洗增强_01_001-020.md,017_广东台塑智能科技有限公司新建项目_01_受理公告或公示版
PL018,PL018_广东台塑智能科技有限公司新建项目_01_受理公告或公示版.pdf,67,4,42,完整,1.0,炸 | 消防废水通过,,解析文本拼接_表格清洗增强_01_001-020.md,017_广东台塑智能科技有限公司新建项目_01_受理公告或公示版
PL018,PL018_广东台塑智能科技有限公司新建项目_01_受理公告或公示版.pdf,67,4,49,完整,1.0,护设施 | 废气处理 | 污染 | 治理设施，达,,解析文本拼接_表格清洗增强_01_001-020.md,017_广东台塑智能科技有限公司新建项目_01_受理公告或公示版
PL018,PL018_广东台塑智能科技有限公司新建项目_01_受理公告或公示版.pdf,67,4,50,完整,1.0,废气事故排放 | 有机废气 | 大气 | 环境 | 环境和 | 厂区附近,,解析文本拼接_表格清洗增强_01_001-020.md,017_广东台塑智能科技有限公司新建项目_01_受理公告或公示版
PL018,PL018_广东台塑智能科技有限公司新建项目_01_受理公告或公示版.pdf,70,1,1,完整,1.0,"内容
要素 | 排放口(编号、
名称)/污染源 | 污染物项目 | 环境保护措施 | 执行标准",,解析文本拼接_表格清洗增强_01_001-020.md,017_广东台塑智能科技有限公司新建项目_01_受理公告或公示版
PL018,PL018_广东台塑智能科技有限公司新建项目_01_受理公告或公示版.pdf,70,1,2,完整,1.0,"大
气
环
境 | G1（排放口，注
塑） | 非甲烷总烃 | 注塑废气、挤塑废
气、印刷废气（含烘
干、擦洗）经集气罩
收集后通过活性炭
吸附废气处理设施
进行处理，处理达标
后通过排气筒G1
（24m）引至楼顶排
放 | 《合成树脂工业污染物排放
标准》（GB31572-2015，含
2024年修改单）表4大气污
染物排放限值及《印刷工业
大气污染物排放",,解析文本拼接_表格清洗增强_01_001-020.md,017_广东台塑智能科技有限公司新建项目_01_受理公告或公示版
PL018,PL018_广东台塑智能科技有限公司新建项目_01_受理公告或公示版.pdf,70,1,3,完整,1.0,"VOCs | 《印刷行业挥发性有机物排
放标准》（DB44/815-2010）
表2排气筒VOCs排放限值
中的II时段标准",,解析文本拼接_表格清洗增强_01_001-020.md,017_广东台塑智能科技有限公司新建项目_01_受理公告或公示版
PL018,PL018_广东台塑智能科技有限公司新建项目_01_受理公告或公示版.pdf,70,1,4,完整,1.0,"臭气浓度 | 《恶臭污染物排放标准》
（GB14554-93）中表2恶臭
污染物排放标准值",,解析文本拼接_表格清洗增强_01_001-020.md,017_广东台塑智能科技有限公司新建项目_01_受理公告或公示版
PL018,PL018_广东台塑智能科技有限公司新建项目_01_受理公告或公示版.pdf,70,1,5,完整,1.0,"无组织（厂界，注
塑、破碎） | VOCs | 加强废气收集效果 | 《印刷行业挥发性有机物排
放标准》（DB44/815-2010）
表3无组织排放监控点浓度
限值",,解析文本拼接_表格清洗增强_01_001-020.md,017_广东台塑智能科技有限公司新建项目_01_受理公告或公示版
PL018,PL018_广东台塑智能科技有限公司新建项目_01_受理公告或公示版.pdf,70,1,6,完整,1.0,"臭气浓度 | 《恶臭污染物排放标准》
（GB14554-93）中表1恶臭
污染物厂界标准值的二级新
扩改建标准",,解析文本拼接_表格清洗增强_01_001-020.md,017_广东台塑智能科技有限公司新建项目_01_受理公告或公示版
PL018,PL018_广东台塑智能科技有限公司新建项目_01_受理公告或公示版.pdf,70,1,7,完整,1.0,"颗粒物 | 加强车间通风 | 《大气污染物排放限值》
（DB44/27-2001）第二时段
无组织排放监控浓度限值",,解析文本拼接_表格清洗增强_01_001-020.md,017_广东台塑智能科技有限公司新建项目_01_受理公告或公示版
PL018,PL018_广东台塑智能科技有限公司新建项目_01_受理公告或公示版.pdf,70,1,8,完整,1.0,"无组织（厂区内） | NMHC | 加强废气收集效果 | 《固定污染源挥发性有机物
综合排放标准》
（DB44/2367-2022）表3厂
区内VOCs无组织排放限值
与《印刷工业大气污染物排
放标准》（GB41616-2022）
中表A.1厂区内VOCs无组
织排放限值较严值",,解析文本拼接_表格清洗增强_01_001-020.md,017_广东台塑智能科技有限公司新建项目_01_受理公告或公示版
PL018,PL018_广东台塑智能科技有限公司新建项目_01_受理公告或公示版.pdf,70,1,9,完整,1.0,"地表水
环境 | 生活污水 | CODcr | 经三级化粪处理达
标后排至北滘污水
处理厂处理 | 广东省地方标准《水污染物
排放限值》(DB44/26-2001)
第二时段三级标准",,解析文本拼接_表格清洗增强_01_001-020.md,017_广东台塑智能科技有限公司新建项目_01_受理公告或公示版
PL018,PL018_广东台塑智能科技有限公司新建项目_01_受理公告或公示版.pdf,70,2,2,完整,1.0,( | 污染物项目 | 环境保护措施 | 执行标准,,解析文本拼接_表格清洗增强_01_001-020.md,017_广东台塑智能科技有限公司新建项目_01_受理公告或公示版
PL018,PL018_广东台塑智能科技有限公司新建项目_01_受理公告或公示版.pdf,70,2,3,完整,1.0,要素 | 名称)/污染源,,解析文本拼接_表格清洗增强_01_001-020.md,017_广东台塑智能科技有限公司新建项目_01_受理公告或公示版
PL018,PL018_广东台塑智能科技有限公司新建项目_01_受理公告或公示版.pdf,70,2,8,完整,1.0,非甲烷总烃 | 染物排放限值及《印刷工业,,解析文本拼接_表格清洗增强_01_001-020.md,017_广东台塑智能科技有限公司新建项目_01_受理公告或公示版
PL018,PL018_广东台塑智能科技有限公司新建项目_01_受理公告或公示版.pdf,70,2,14,完整,1.0,（排放口，注 | 气污染物排放限值较严值,,解析文本拼接_表格清洗增强_01_001-020.md,017_广东台塑智能科技有限公司新建项目_01_受理公告或公示版
PL018,PL018_广东台塑智能科技有限公司新建项目_01_受理公告或公示版.pdf,70,2,15,完整,1.0,G1 | 吸附废气处理设施,,解析文本拼接_表格清洗增强_01_001-020.md,017_广东台塑智能科技有限公司新建项目_01_受理公告或公示版
PL018,PL018_广东台塑智能科技有限公司新建项目_01_受理公告或公示版.pdf,70,2,19,完整,1.0,后通过排气筒 | DB44/815-2010,,解析文本拼接_表格清洗增强_01_001-020.md,017_广东台塑智能科技有限公司新建项目_01_受理公告或公示版
PL018,PL018_广东台塑智能科技有限公司新建项目_01_受理公告或公示版.pdf,70,2,20,疑似缺失,0.667,VOCs | G1 | 表 排气筒 排放限值,表 排气筒 排放限值,解析文本拼接_表格清洗增强_01_001-020.md,017_广东台塑智能科技有限公司新建项目_01_受理公告或公示版
PL018,PL018_广东台塑智能科技有限公司新建项目_01_受理公告或公示版.pdf,70,2,21,疑似缺失,0.5,（ ）引至楼顶排 | 2 VOCs,（ ）引至楼顶排,解析文本拼接_表格清洗增强_01_001-020.md,017_广东台塑智能科技有限公司新建项目_01_受理公告或公示版
PL018,PL018_广东台塑智能科技有限公司新建项目_01_受理公告或公示版.pdf,70,2,22,疑似缺失,0.5,24m | 中的 时段标准,中的 时段标准,解析文本拼接_表格清洗增强_01_001-020.md,017_广东台塑智能科技有限公司新建项目_01_受理公告或公示版
PL018,PL018_广东台塑智能科技有限公司新建项目_01_受理公告或公示版.pdf,70,2,25,完整,1.0,臭气浓度 | （GB14554-93）中表2恶臭,,解析文本拼接_表格清洗增强_01_001-020.md,017_广东台塑智能科技有限公司新建项目_01_受理公告或公示版
PL018,PL018_广东台塑智能科技有限公司新建项目_01_受理公告或公示版.pdf,70,2,32,完整,1.0,环 | 表3无组织排放监控点浓度,,解析文本拼接_表格清洗增强_01_001-020.md,017_广东台塑智能科技有限公司新建项目_01_受理公告或公示版
PL018,PL018_广东台塑智能科技有限公司新建项目_01_受理公告或公示版.pdf,70,2,34,完整,1.0,境 | 加强废气收集效果,,解析文本拼接_表格清洗增强_01_001-020.md,017_广东台塑智能科技有限公司新建项目_01_受理公告或公示版
PL018,PL018_广东台塑智能科技有限公司新建项目_01_受理公告或公示版.pdf,70,2,38,疑似缺失,0.667,塑、破碎） | 臭气浓度 | GB14554-93 1,GB14554-93 1,解析文本拼接_表格清洗增强_01_001-020.md,017_广东台塑智能科技有限公司新建项目_01_受理公告或公示版
PL018,PL018_广东台塑智能科技有限公司新建项目_01_受理公告或公示版.pdf,70,2,42,完整,1.0,颗粒物 | 加强车间通风 | （DB44/27-2001）第二时段,,解析文本拼接_表格清洗增强_01_001-020.md,017_广东台塑智能科技有限公司新建项目_01_受理公告或公示版
PL018,PL018_广东台塑智能科技有限公司新建项目_01_受理公告或公示版.pdf,70,2,48,完整,1.0,无组织（厂区内） | 加强废气收集效果,,解析文本拼接_表格清洗增强_01_001-020.md,017_广东台塑智能科技有限公司新建项目_01_受理公告或公示版
PL018,PL018_广东台塑智能科技有限公司新建项目_01_受理公告或公示版.pdf,70,2,55,完整,1.0,经三级化粪处理达 | 广东省地方标准《水污染物,,解析文本拼接_表格清洗增强_01_001-020.md,017_广东台塑智能科技有限公司新建项目_01_受理公告或公示版
PL018,PL018_广东台塑智能科技有限公司新建项目_01_受理公告或公示版.pdf,70,2,57,完整,1.0,生活污水 | 标后排至北滘污水 | 排放限值》(DB44/26-2001),,解析文本拼接_表格清洗增强_01_001-020.md,017_广东台塑智能科技有限公司新建项目_01_受理公告或公示版
PL018,PL018_广东台塑智能科技有限公司新建项目_01_受理公告或公示版.pdf,70,2,58,部分,0.75,"地表水 | NH -N
3 | 处理厂处理 | 第二时段三级标准","NH -N
3",解析文本拼接_表格清洗增强_01_001-020.md,017_广东台塑智能科技有限公司新建项目_01_受理公告或公示版
PL018,PL018_广东台塑智能科技有限公司新建项目_01_受理公告或公示版.pdf,71,1,2,完整,1.0,"声环境 | 生产设备
运行噪声 | 噪声 | 应选用效率高、噪声
低的设备，定期对设
备进修检修保养，合
理布置车间；风机外
安装隔声罩，下方加
装减振垫 | 《工业企业厂界环境噪声排
放限值》（GB12348-2008）
中3类标准",,解析文本拼接_表格清洗增强_01_001-020.md,017_广东台塑智能科技有限公司新建项目_01_受理公告或公示版
PL018,PL018_广东台塑智能科技有限公司新建项目_01_受理公告或公示版.pdf,71,1,4,完整,1.0,"固体废
物 | 项目产生的一般固体废物主要是次品和边角料、一般废包装材料以及员工生活垃圾。项
目产生的危险废物主要为废机油、废矿物油桶、废含油抹布、蘸有油墨的废抹布、化工
原料废包装材料、废活性炭。生活垃圾交由环卫部门处理；塑料次品及边角料经破碎后
回用到生产过程；金属次品及边角料、一般废包装材料定期外卖回收商。各类危险废物
必须交有相应类别危险废物处理资质",,解析文本拼接_表格清洗增强_01_001-020.md,017_广东台塑智能科技有限公司新建项目_01_受理公告或公示版
PL018,PL018_广东台塑智能科技有限公司新建项目_01_受理公告或公示版.pdf,71,1,5,完整,1.0,"土壤及
地下水
污染防
治措施 | 项目厂区内进行硬底化建设，三级化粪池、危险废物暂存间进行防腐防渗措施，定期检
查防渗措施",,解析文本拼接_表格清洗增强_01_001-020.md,017_广东台塑智能科技有限公司新建项目_01_受理公告或公示版
PL018,PL018_广东台塑智能科技有限公司新建项目_01_受理公告或公示版.pdf,71,1,7,完整,1.0,"环境风
险防范
措施 | 化学品和危险废物贮存时要严格检查包装，防止泄漏。化学品储存在专用储存区内，控
制储存量。现场配置泄漏吸附收集等应急器材，危废暂存间设置围堰，做好防渗措施；
在火灾和爆炸事故次生灾害时，可通过封堵厂区门口，采取紧急疏散等措施。",,解析文本拼接_表格清洗增强_01_001-020.md,017_广东台塑智能科技有限公司新建项目_01_受理公告或公示版
PL018,PL018_广东台塑智能科技有限公司新建项目_01_受理公告或公示版.pdf,71,1,8,完整,1.0,"其他环
境管理
要求 | 项目根据《排污单位自行监测技术指南 总则》（HJ819-2017）、《排污许可证申
请与核发技术规范 橡胶和塑料制品工业》（HJ1122-2020）、排污单位自行监测技术指
南 橡胶和塑料制品》（HJ1207-2021）、《排污许可证申请与核发技术规范 印刷工业》
（HJ1066-2019）、《排污单位自行监测技术指南 印刷工业》（",,解析文本拼接_表格清洗增强_01_001-020.md,017_广东台塑智能科技有限公司新建项目_01_受理公告或公示版
PL018,PL018_广东台塑智能科技有限公司新建项目_01_受理公告或公示版.pdf,71,2,7,完整,1.0,生产设备 | 备进修检修保养，合,,解析文本拼接_表格清洗增强_01_001-020.md,017_广东台塑智能科技有限公司新建项目_01_受理公告或公示版
PL018,PL018_广东台塑智能科技有限公司新建项目_01_受理公告或公示版.pdf,71,2,8,疑似缺失,0.667,声环境 | 噪声 | 放限值》（ ）,放限值》（ ）,解析文本拼接_表格清洗增强_01_001-020.md,017_广东台塑智能科技有限公司新建项目_01_受理公告或公示版
PL018,PL018_广东台塑智能科技有限公司新建项目_01_受理公告或公示版.pdf,71,2,9,完整,1.0,运行噪声 | 理布置车间；风机外 | GB12348-2008,,解析文本拼接_表格清洗增强_01_001-020.md,017_广东台塑智能科技有限公司新建项目_01_受理公告或公示版
PL018,PL018_广东台塑智能科技有限公司新建项目_01_受理公告或公示版.pdf,71,2,11,完整,1.0,安装隔声罩，下方加 | 3,,解析文本拼接_表格清洗增强_01_001-020.md,017_广东台塑智能科技有限公司新建项目_01_受理公告或公示版
PL018,PL018_广东台塑智能科技有限公司新建项目_01_受理公告或公示版.pdf,71,2,15,完整,1.0,项目产生的一般固体废物主要是次品 | 和边角料、一般废包装 | 材料以及员工生活垃圾。项,,解析文本拼接_表格清洗增强_01_001-020.md,017_广东台塑智能科技有限公司新建项目_01_受理公告或公示版
PL018,PL018_广东台塑智能科技有限公司新建项目_01_受理公告或公示版.pdf,71,2,17,完整,1.0,原料废包装材料、废活性炭。生活垃 | 圾交由环卫部门处理； | 塑料次品及边角料经破碎后,,解析文本拼接_表格清洗增强_01_001-020.md,017_广东台塑智能科技有限公司新建项目_01_受理公告或公示版
PL018,PL018_广东台塑智能科技有限公司新建项目_01_受理公告或公示版.pdf,71,2,18,完整,1.0,回用到生产过程；金属次品及边角料 | 、一般废包装材料定期 | 外卖回收商。各类危险废物,,解析文本拼接_表格清洗增强_01_001-020.md,017_广东台塑智能科技有限公司新建项目_01_受理公告或公示版
PL018,PL018_广东台塑智能科技有限公司新建项目_01_受理公告或公示版.pdf,71,2,20,完整,1.0,物 | 物贮存污染控制标准》（GB18597-2 | 023）的要求。一般工业 | 固废在厂内暂存应符合《一,,解析文本拼接_表格清洗增强_01_001-020.md,017_广东台塑智能科技有限公司新建项目_01_受理公告或公示版
PL018,PL018_广东台塑智能科技有限公司新建项目_01_受理公告或公示版.pdf,71,2,21,完整,1.0,般工业固体废物贮存和填埋污染控制 | 标准》（GB18599-20 | 20）以及《关于发布〈一般,,解析文本拼接_表格清洗增强_01_001-020.md,017_广东台塑智能科技有限公司新建项目_01_受理公告或公示版
PL018,PL018_广东台塑智能科技有限公司新建项目_01_受理公告或公示版.pdf,71,2,22,完整,1.0,工业固体废物贮存、处置场污染控制 | 标准〉（GB18599-20 | 01）等3项国家污染物控制,,解析文本拼接_表格清洗增强_01_001-020.md,017_广东台塑智能科技有限公司新建项目_01_受理公告或公示版
PL018,PL018_广东台塑智能科技有限公司新建项目_01_受理公告或公示版.pdf,71,2,23,完整,1.0,标准修改单的公告》（环境保护部公 | 告2013年第36号）、 | 《一般固体废物分类及代码》,,解析文本拼接_表格清洗增强_01_001-020.md,017_广东台塑智能科技有限公司新建项目_01_受理公告或公示版
PL018,PL018_广东台塑智能科技有限公司新建项目_01_受理公告或公示版.pdf,71,2,27,完整,1.0,污染防 | 查防渗措施,,解析文本拼接_表格清洗增强_01_001-020.md,017_广东台塑智能科技有限公司新建项目_01_受理公告或公示版
PL018,PL018_广东台塑智能科技有限公司新建项目_01_受理公告或公示版.pdf,71,2,33,完整,1.0,险防范 | 制储存量。现场配置泄漏吸附收集等 | 应急器材，危废暂存 | 间设置围堰，做好防渗措施；,,解析文本拼接_表格清洗增强_01_001-020.md,017_广东台塑智能科技有限公司新建项目_01_受理公告或公示版
PL018,PL018_广东台塑智能科技有限公司新建项目_01_受理公告或公示版.pdf,71,2,35,完整,1.0,项目根据《排污单位自行监测技 | 术指南 总则》（HJ8 | 19-2017）、《排污许可证申,,解析文本拼接_表格清洗增强_01_001-020.md,017_广东台塑智能科技有限公司新建项目_01_受理公告或公示版
PL018,PL018_广东台塑智能科技有限公司新建项目_01_受理公告或公示版.pdf,71,2,36,完整,1.0,请与核发技术规范 橡胶和塑料制品 | 工业》（HJ1122-2020 | ）、排污单位自行监测技术指,,解析文本拼接_表格清洗增强_01_001-020.md,017_广东台塑智能科技有限公司新建项目_01_受理公告或公示版
PL018,PL018_广东台塑智能科技有限公司新建项目_01_受理公告或公示版.pdf,71,2,37,完整,1.0,南 橡胶和塑料制品》（HJ1207-2021 | ）、《排污许可证申请 | 与核发技术规范 印刷工业》,,解析文本拼接_表格清洗增强_01_001-020.md,017_广东台塑智能科技有限公司新建项目_01_受理公告或公示版
PL018,PL018_广东台塑智能科技有限公司新建项目_01_受理公告或公示版.pdf,71,2,38,完整,1.0,其他环 | （HJ1066-2019）、《排污单位自行 | 监测技术指南 印刷工 | 业》（HJ1246-2022）、《排,,解析文本拼接_表格清洗增强_01_001-020.md,017_广东台塑智能科技有限公司新建项目_01_受理公告或公示版
PL018,PL018_广东台塑智能科技有限公司新建项目_01_受理公告或公示版.pdf,71,2,40,完整,1.0,污许可证申请与核发技术规范 工业 | 噪声》（ | ），制定运营期环境自行监,,解析文本拼接_表格清洗增强_01_001-020.md,017_广东台塑智能科技有限公司新建项目_01_受理公告或公示版
PL018,PL018_广东台塑智能科技有限公司新建项目_01_受理公告或公示版.pdf,71,2,41,完整,1.0,要求 | HJ1301-2023,,解析文本拼接_表格清洗增强_01_001-020.md,017_广东台塑智能科技有限公司新建项目_01_受理公告或公示版
PL018,PL018_广东台塑智能科技有限公司新建项目_01_受理公告或公示版.pdf,71,2,44,完整,1.0,染影响类》（生态环境部令第9号） | 要求进行监测。,,解析文本拼接_表格清洗增强_01_001-020.md,017_广东台塑智能科技有限公司新建项目_01_受理公告或公示版
PL018,PL018_广东台塑智能科技有限公司新建项目_01_受理公告或公示版.pdf,74,1,1,完整,1.0,"项目
分类 | 污染物名称 | 现有工程
排放量（固体废物
产生量）① | 现有工程
许可排放量② | 在建工程
排放量（固体废物
产生量）③ | 本项目
排放量（固体废物
产生量）④ | 以新带老削减量
（新建项目不填）⑤ | 本项目建成后
全厂排放量（固体废
物产生量）⑥ | 变化量
⑦",,解析文本拼接_表格清洗增强_01_001-020.md,017_广东台塑智能科技有限公司新建项目_01_受理公告或公示版
PL018,PL018_广东台塑智能科技有限公司新建项目_01_受理公告或公示版.pdf,74,1,2,完整,1.0,"废
气 | 有组
织 | 非甲烷总烃 | 0 | / | / | 2.808 | 0 | 2.808 | 2.808",,解析文本拼接_表格清洗增强_01_001-020.md,017_广东台塑智能科技有限公司新建项目_01_受理公告或公示版
PL018,PL018_广东台塑智能科技有限公司新建项目_01_受理公告或公示版.pdf,74,1,3,完整,1.0,VOCs | 0 | / | / | 0.034 | 0 | 0.034 | 0.034,,解析文本拼接_表格清洗增强_01_001-020.md,017_广东台塑智能科技有限公司新建项目_01_受理公告或公示版
PL018,PL018_广东台塑智能科技有限公司新建项目_01_受理公告或公示版.pdf,74,1,4,完整,1.0,"无组
织 | 非甲烷总烃 | 0 | / | / | 3.185 | 0 | 3.185 | 3.185",,解析文本拼接_表格清洗增强_01_001-020.md,017_广东台塑智能科技有限公司新建项目_01_受理公告或公示版
PL018,PL018_广东台塑智能科技有限公司新建项目_01_受理公告或公示版.pdf,74,1,5,完整,1.0,VOCs | 0 | / | / | 0.068 | 0 | 0.068 | 0.068,,解析文本拼接_表格清洗增强_01_001-020.md,017_广东台塑智能科技有限公司新建项目_01_受理公告或公示版
PL018,PL018_广东台塑智能科技有限公司新建项目_01_受理公告或公示版.pdf,74,1,6,完整,1.0,颗粒物 | 0 | / | / | 0.837 | 0 | 0.837 | 0.837,,解析文本拼接_表格清洗增强_01_001-020.md,017_广东台塑智能科技有限公司新建项目_01_受理公告或公示版
PL018,PL018_广东台塑智能科技有限公司新建项目_01_受理公告或公示版.pdf,74,1,7,完整,1.0,"废水 | COD
Cr | 0 | / | / | 0.094 | 0 | 0.094 | 0.094",,解析文本拼接_表格清洗增强_01_001-020.md,017_广东台塑智能科技有限公司新建项目_01_受理公告或公示版
PL018,PL018_广东台塑智能科技有限公司新建项目_01_受理公告或公示版.pdf,74,1,8,完整,1.0,"BOD
5 | 0 | / | / | 0.023 | 0 | 0.023 | 0.023",,解析文本拼接_表格清洗增强_01_001-020.md,017_广东台塑智能科技有限公司新建项目_01_受理公告或公示版
PL018,PL018_广东台塑智能科技有限公司新建项目_01_受理公告或公示版.pdf,74,1,9,完整,1.0,SS | 0 | / | / | 0.023 | 0 | 0.023 | 0.023,,解析文本拼接_表格清洗增强_01_001-020.md,017_广东台塑智能科技有限公司新建项目_01_受理公告或公示版
PL018,PL018_广东台塑智能科技有限公司新建项目_01_受理公告或公示版.pdf,74,1,10,部分,0.875,"NH -N
3 | 0 | / | / | 0.012 | 0 | 0.012 | 0.012","NH -N
3",解析文本拼接_表格清洗增强_01_001-020.md,017_广东台塑智能科技有限公司新建项目_01_受理公告或公示版
PL018,PL018_广东台塑智能科技有限公司新建项目_01_受理公告或公示版.pdf,74,1,11,完整,1.0,生活垃圾 | 0 | / | / | 39.15 | 0 | 39.15 | 39.15,,解析文本拼接_表格清洗增强_01_001-020.md,017_广东台塑智能科技有限公司新建项目_01_受理公告或公示版
PL018,PL018_广东台塑智能科技有限公司新建项目_01_受理公告或公示版.pdf,74,1,12,完整,1.0,"一般工业
固体废物 | 塑料次品及边角料 | 0 | / | / | 158.0 | 0 | 158.0 | 158.0",,解析文本拼接_表格清洗增强_01_001-020.md,017_广东台塑智能科技有限公司新建项目_01_受理公告或公示版
PL018,PL018_广东台塑智能科技有限公司新建项目_01_受理公告或公示版.pdf,74,1,13,完整,1.0,金属次品及边角料 | 0 | / | / | 50.0 | 0 | 50.0 | 50.0,,解析文本拼接_表格清洗增强_01_001-020.md,017_广东台塑智能科技有限公司新建项目_01_受理公告或公示版
PL018,PL018_广东台塑智能科技有限公司新建项目_01_受理公告或公示版.pdf,74,1,14,完整,1.0,一般废包装材料 | 0 | / | / | 15.797 | 0 | 15.797 | 15.797,,解析文本拼接_表格清洗增强_01_001-020.md,017_广东台塑智能科技有限公司新建项目_01_受理公告或公示版
PL018,PL018_广东台塑智能科技有限公司新建项目_01_受理公告或公示版.pdf,74,1,15,完整,1.0,危险废物 | 废机油 | 0 | / | / | 0.05 | 0 | 0.05 | 0.05,,解析文本拼接_表格清洗增强_01_001-020.md,017_广东台塑智能科技有限公司新建项目_01_受理公告或公示版
PL018,PL018_广东台塑智能科技有限公司新建项目_01_受理公告或公示版.pdf,74,1,16,完整,1.0,废液压油 | 6 | 0 | 6 | 6,,解析文本拼接_表格清洗增强_01_001-020.md,017_广东台塑智能科技有限公司新建项目_01_受理公告或公示版
PL018,PL018_广东台塑智能科技有限公司新建项目_01_受理公告或公示版.pdf,74,1,17,完整,1.0,废矿物油桶 | 0 | / | / | 0.709 | 0 | 0.709 | 0.709,,解析文本拼接_表格清洗增强_01_001-020.md,017_广东台塑智能科技有限公司新建项目_01_受理公告或公示版
PL018,PL018_广东台塑智能科技有限公司新建项目_01_受理公告或公示版.pdf,74,1,18,完整,1.0,"废含油抹布、蘸有
油墨的废抹布 | 0 | / | / | 0.05 | 0 | 0.05 | 0.05",,解析文本拼接_表格清洗增强_01_001-020.md,017_广东台塑智能科技有限公司新建项目_01_受理公告或公示版
PL018,PL018_广东台塑智能科技有限公司新建项目_01_受理公告或公示版.pdf,74,1,19,完整,1.0,"化工原料废包装材
料 | 0 | / | / | 0.003 | 0 | 0.003 | 0.003",,解析文本拼接_表格清洗增强_01_001-020.md,017_广东台塑智能科技有限公司新建项目_01_受理公告或公示版
PL018,PL018_广东台塑智能科技有限公司新建项目_01_受理公告或公示版.pdf,74,1,20,完整,1.0,废活性炭 | 0 | / | / | 24.984 | 0 | 24.984 | 24.984,,解析文本拼接_表格清洗增强_01_001-020.md,017_广东台塑智能科技有限公司新建项目_01_受理公告或公示版
PL018,PL018_广东台塑智能科技有限公司新建项目_01_受理公告或公示版.pdf,74,2,4,疑似缺失,0.5,污染物名称 排放量（ | 固体废 | 物 排放量（固体废物排放量（固体废物 | 全厂排放量（固体废,污染物名称 排放量（；物 排放量（固体废物排放量（固体废物,解析文本拼接_表格清洗增强_01_001-020.md,017_广东台塑智能科技有限公司新建项目_01_受理公告或公示版
PL018,PL018_广东台塑智能科技有限公司新建项目_01_受理公告或公示版.pdf,74,2,7,完整,1.0,有组 | 非甲烷总烃 | 0 | / / 2.808 | 0 | 2.808 | 2.808,,解析文本拼接_表格清洗增强_01_001-020.md,017_广东台塑智能科技有限公司新建项目_01_受理公告或公示版
PL018,PL018_广东台塑智能科技有限公司新建项目_01_受理公告或公示版.pdf,74,2,8,完整,1.0,织 | VOCs | 0 | / / 0.034 | 0 | 0.034 | 0.034,,解析文本拼接_表格清洗增强_01_001-020.md,017_广东台塑智能科技有限公司新建项目_01_受理公告或公示版
PL018,PL018_广东台塑智能科技有限公司新建项目_01_受理公告或公示版.pdf,74,2,10,完整,1.0,非甲烷总烃 | 0 | / / 3.185 | 0 | 3.185 | 3.185,,解析文本拼接_表格清洗增强_01_001-020.md,017_广东台塑智能科技有限公司新建项目_01_受理公告或公示版
PL018,PL018_广东台塑智能科技有限公司新建项目_01_受理公告或公示版.pdf,74,2,12,完整,1.0,织 | VOCs | 0 | / / 0.068 | 0 | 0.068 | 0.068,,解析文本拼接_表格清洗增强_01_001-020.md,017_广东台塑智能科技有限公司新建项目_01_受理公告或公示版
PL018,PL018_广东台塑智能科技有限公司新建项目_01_受理公告或公示版.pdf,74,2,13,完整,1.0,颗粒物 | 0 | / / 0.837 | 0 | 0.837 | 0.837,,解析文本拼接_表格清洗增强_01_001-020.md,017_广东台塑智能科技有限公司新建项目_01_受理公告或公示版
PL018,PL018_广东台塑智能科技有限公司新建项目_01_受理公告或公示版.pdf,74,2,14,完整,1.0,"COD
Cr | 0 | / / 0.094 | 0 | 0.094 | 0.094",,解析文本拼接_表格清洗增强_01_001-020.md,017_广东台塑智能科技有限公司新建项目_01_受理公告或公示版
PL018,PL018_广东台塑智能科技有限公司新建项目_01_受理公告或公示版.pdf,74,2,15,完整,1.0,"BOD
5 | 0 | / / 0.023 | 0 | 0.023 | 0.023",,解析文本拼接_表格清洗增强_01_001-020.md,017_广东台塑智能科技有限公司新建项目_01_受理公告或公示版
PL018,PL018_广东台塑智能科技有限公司新建项目_01_受理公告或公示版.pdf,74,2,17,完整,1.0,SS | 0 | / / 0.023 | 0 | 0.023 | 0.023,,解析文本拼接_表格清洗增强_01_001-020.md,017_广东台塑智能科技有限公司新建项目_01_受理公告或公示版
PL018,PL018_广东台塑智能科技有限公司新建项目_01_受理公告或公示版.pdf,74,2,18,部分,0.833,"NH -N
3 | 0 | / / 0.012 | 0 | 0.012 | 0.012","NH -N
3",解析文本拼接_表格清洗增强_01_001-020.md,017_广东台塑智能科技有限公司新建项目_01_受理公告或公示版
PL018,PL018_广东台塑智能科技有限公司新建项目_01_受理公告或公示版.pdf,74,2,19,完整,1.0,生 | 活垃圾 | 0 | / / 39.15 | 0 | 39.15 | 39.15,,解析文本拼接_表格清洗增强_01_001-020.md,017_广东台塑智能科技有限公司新建项目_01_受理公告或公示版
PL018,PL018_广东台塑智能科技有限公司新建项目_01_受理公告或公示版.pdf,74,2,20,完整,1.0,一般工业 | 塑料次品及边角料 | 0 | / / 158.0 | 0 | 158.0 | 158.0,,解析文本拼接_表格清洗增强_01_001-020.md,017_广东台塑智能科技有限公司新建项目_01_受理公告或公示版
PL018,PL018_广东台塑智能科技有限公司新建项目_01_受理公告或公示版.pdf,74,2,22,完整,1.0,固体废物 | 0 | / / 50.0 | 0 | 50.0 | 50.0,,解析文本拼接_表格清洗增强_01_001-020.md,017_广东台塑智能科技有限公司新建项目_01_受理公告或公示版
PL018,PL018_广东台塑智能科技有限公司新建项目_01_受理公告或公示版.pdf,74,2,23,完整,1.0,一般废包装材料 | 0 | / / 15.797 | 0 | 15.797 | 15.797,,解析文本拼接_表格清洗增强_01_001-020.md,017_广东台塑智能科技有限公司新建项目_01_受理公告或公示版
PL018,PL018_广东台塑智能科技有限公司新建项目_01_受理公告或公示版.pdf,74,2,24,完整,1.0,废机油 | 0 | / / 0.05 | 0 | 0.05 | 0.05,,解析文本拼接_表格清洗增强_01_001-020.md,017_广东台塑智能科技有限公司新建项目_01_受理公告或公示版
PL018,PL018_广东台塑智能科技有限公司新建项目_01_受理公告或公示版.pdf,74,2,25,完整,1.0,废液压油 | 6 | 0 | 6 | 6,,解析文本拼接_表格清洗增强_01_001-020.md,017_广东台塑智能科技有限公司新建项目_01_受理公告或公示版
PL018,PL018_广东台塑智能科技有限公司新建项目_01_受理公告或公示版.pdf,74,2,26,完整,1.0,废矿物油桶 | 0 | / / 0.709 | 0 | 0.709 | 0.709,,解析文本拼接_表格清洗增强_01_001-020.md,017_广东台塑智能科技有限公司新建项目_01_受理公告或公示版
PL018,PL018_广东台塑智能科技有限公司新建项目_01_受理公告或公示版.pdf,74,2,28,完整,1.0,危险废物 | 0 | / /,,解析文本拼接_表格清洗增强_01_001-020.md,017_广东台塑智能科技有限公司新建项目_01_受理公告或公示版
PL018,PL018_广东台塑智能科技有限公司新建项目_01_受理公告或公示版.pdf,74,2,29,完整,1.0,油墨的废抹布 | 0.05 | 0 | 0.05 | 0.05,,解析文本拼接_表格清洗增强_01_001-020.md,017_广东台塑智能科技有限公司新建项目_01_受理公告或公示版
PL018,PL018_广东台塑智能科技有限公司新建项目_01_受理公告或公示版.pdf,74,2,32,完整,1.0,料 | 0.003 | 0 | 0.003 | 0.003,,解析文本拼接_表格清洗增强_01_001-020.md,017_广东台塑智能科技有限公司新建项目_01_受理公告或公示版
PL018,PL018_广东台塑智能科技有限公司新建项目_01_受理公告或公示版.pdf,74,2,33,完整,1.0,废活性炭 | 0 | / / 24.984 | 0 | 24.984 | 24.984,,解析文本拼接_表格清洗增强_01_001-020.md,017_广东台塑智能科技有限公司新建项目_01_受理公告或公示版
PL018,PL018_广东台塑智能科技有限公司新建项目_01_受理公告或公示版.pdf,74,2,34,完整,1.0,：1、⑥=① | +③+④-⑤；⑦=⑥-①,,解析文本拼接_表格清洗增强_01_001-020.md,017_广东台塑智能科技有限公司新建项目_01_受理公告或公示版
PL018,PL018_广东台塑智能科技有限公司新建项目_01_受理公告或公示版.pdf,74,2,35,完整,1.0,2、污染物 | 单位为t/a。,,解析文本拼接_表格清洗增强_01_001-020.md,017_广东台塑智能科技有限公司新建项目_01_受理公告或公示版
PL019,PL019_佛山市智龙科技有限公司迁扩建项目_01_受理公告或公示版.pdf,6,1,3,完整,1.0,建设单位联系人 | 邝** | 联系方式 | 1338029****,,解析文本拼接_表格清洗增强_01_001-020.md,018_佛山市智龙科技有限公司迁扩建项目_01_受理公告或公示版
PL019,PL019_佛山市智龙科技有限公司迁扩建项目_01_受理公告或公示版.pdf,6,1,4,完整,1.0,建设地点 | 广东省佛山市顺德区勒流街道江村村工业大道18号华科园6栋201之一,,解析文本拼接_表格清洗增强_01_001-020.md,018_佛山市智龙科技有限公司迁扩建项目_01_受理公告或公示版
PL019,PL019_佛山市智龙科技有限公司迁扩建项目_01_受理公告或公示版.pdf,6,1,5,完整,1.0,地理坐标 | （东经113度8分38.248秒，北纬22度50分55.525秒）,,解析文本拼接_表格清洗增强_01_001-020.md,018_佛山市智龙科技有限公司迁扩建项目_01_受理公告或公示版
PL019,PL019_佛山市智龙科技有限公司迁扩建项目_01_受理公告或公示版.pdf,6,1,6,完整,1.0,"国民经济
行业类别 | C2929 塑料零件及其
他塑料制品制造 | 建设项目
行业类别 | 二十六、橡胶和塑料制品业 29-
塑料制品业 292-其他（年用非
溶剂型低VOCs含量涂料10吨
以下的除外）",,解析文本拼接_表格清洗增强_01_001-020.md,018_佛山市智龙科技有限公司迁扩建项目_01_受理公告或公示版
PL019,PL019_佛山市智龙科技有限公司迁扩建项目_01_受理公告或公示版.pdf,6,1,9,完整,1.0,总投资（万元） | 100 | 环保投资（万元） | 12,,解析文本拼接_表格清洗增强_01_001-020.md,018_佛山市智龙科技有限公司迁扩建项目_01_受理公告或公示版
PL019,PL019_佛山市智龙科技有限公司迁扩建项目_01_受理公告或公示版.pdf,6,1,10,完整,1.0,"环保投资占比
（%） | 12 | 施工工期 | 1个月",,解析文本拼接_表格清洗增强_01_001-020.md,018_佛山市智龙科技有限公司迁扩建项目_01_受理公告或公示版
PL019,PL019_佛山市智龙科技有限公司迁扩建项目_01_受理公告或公示版.pdf,6,1,11,完整,1.0,"是否开工建设 | 否
是： | 用地（用海）
面积（m2） | 1100",,解析文本拼接_表格清洗增强_01_001-020.md,018_佛山市智龙科技有限公司迁扩建项目_01_受理公告或公示版
PL019,PL019_佛山市智龙科技有限公司迁扩建项目_01_受理公告或公示版.pdf,6,2,3,完整,1.0,建设单位联系人 | 邝** | 联系方式 | 1338029****,,解析文本拼接_表格清洗增强_01_001-020.md,018_佛山市智龙科技有限公司迁扩建项目_01_受理公告或公示版
PL019,PL019_佛山市智龙科技有限公司迁扩建项目_01_受理公告或公示版.pdf,6,2,4,完整,1.0,建设地点 | 广东省佛山市顺德区 | 勒流街道江村村工业 | 大道18号华科园6栋201之一,,解析文本拼接_表格清洗增强_01_001-020.md,018_佛山市智龙科技有限公司迁扩建项目_01_受理公告或公示版
PL019,PL019_佛山市智龙科技有限公司迁扩建项目_01_受理公告或公示版.pdf,6,2,5,完整,1.0,地理坐标 | （东经113度 | 8分38.248秒，北纬 | 22度50分55.525秒）,,解析文本拼接_表格清洗增强_01_001-020.md,018_佛山市智龙科技有限公司迁扩建项目_01_受理公告或公示版
PL019,PL019_佛山市智龙科技有限公司迁扩建项目_01_受理公告或公示版.pdf,6,2,7,完整,1.0,国民经济 | C2929 塑料零件及其 | 建设项目 | 塑料制品业 292-其他（年用非,,解析文本拼接_表格清洗增强_01_001-020.md,018_佛山市智龙科技有限公司迁扩建项目_01_受理公告或公示版
PL019,PL019_佛山市智龙科技有限公司迁扩建项目_01_受理公告或公示版.pdf,6,2,8,完整,1.0,行业类别 | 他塑料制品制造 | 行业类别 | 溶剂型低VOCs含量涂料10吨,,解析文本拼接_表格清洗增强_01_001-020.md,018_佛山市智龙科技有限公司迁扩建项目_01_受理公告或公示版
PL019,PL019_佛山市智龙科技有限公司迁扩建项目_01_受理公告或公示版.pdf,6,2,20,完整,1.0,总投资（万元） | 100 | 环保投资（万元） | 12,,解析文本拼接_表格清洗增强_01_001-020.md,018_佛山市智龙科技有限公司迁扩建项目_01_受理公告或公示版
PL019,PL019_佛山市智龙科技有限公司迁扩建项目_01_受理公告或公示版.pdf,7,2,16,完整,1.0,性分 | 项目属于迁扩建项目，挥发性有机物实行区域内两倍削减量替代，总量指标,,解析文本拼接_表格清洗增强_01_001-020.md,018_佛山市智龙科技有限公司迁扩建项目_01_受理公告或公示版
PL019,PL019_佛山市智龙科技有限公司迁扩建项目_01_受理公告或公示版.pdf,8,2,2,完整,1.0,"1-1.【产业/鼓励引导类】重点发展智能家电、
家具五金、环保装备、光电照明、装备制造及
交通机械产业，引入智能制造服务、电子商务、
现代商贸流通产业，重点建设环保产业基地、
小家电产业基地和五金产业创业基地。 | 迁扩建项目不属于鼓励
引导类项目。",,解析文本拼接_表格清洗增强_01_001-020.md,018_佛山市智龙科技有限公司迁扩建项目_01_受理公告或公示版
PL019,PL019_佛山市智龙科技有限公司迁扩建项目_01_受理公告或公示版.pdf,8,2,3,完整,1.0,"1-2.【产业/综合类】系统推进村级工业园升级
改造，腾出连片空间，布局产业集聚区和主题
产业园，推动工业项目入园集聚发展。 | 迁扩建项目位于广东省
佛山市顺德区勒流街道
江村村工业大道18号华
科园6栋201之一，属于
产业集聚区。",,解析文本拼接_表格清洗增强_01_001-020.md,018_佛山市智龙科技有限公司迁扩建项目_01_受理公告或公示版
PL019,PL019_佛山市智龙科技有限公司迁扩建项目_01_受理公告或公示版.pdf,8,2,4,完整,1.0,"1-3.【产业/限制类】受纳水体或监控断面不达
标且未“以新带老”制定区域达标方案的河涌，
不得新建、扩建向河涌直接排放废水的项目。
新建、扩建含蚀刻工序的线路板生产项目和化
工项目应在配套污水集中处置的工业园区或
生活污水管网覆盖区域内建设；纯加工型印花
项目，含酸洗、磷化的金属表面处理、金属制
品项目（与自身高新技术企业配套的和区级及
以上重点项目除外）",,解析文本拼接_表格清洗增强_01_001-020.md,018_佛山市智龙科技有限公司迁扩建项目_01_受理公告或公示版
PL019,PL019_佛山市智龙科技有限公司迁扩建项目_01_受理公告或公示版.pdf,8,3,1,完整,1.0,通 | 知》（ | 粤府〔2020〕71号）发布的广东省环境管 | 控单元图，项目所在区 | 域为重,,解析文本拼接_表格清洗增强_01_001-020.md,018_佛山市智龙科技有限公司迁扩建项目_01_受理公告或公示版
PL019,PL019_佛山市智龙科技有限公司迁扩建项目_01_受理公告或公示版.pdf,8,3,3,完整,1.0,项 | 目，产 | 生和排放有毒有害大气污染物项目，以及 | 使用溶剂型油墨、涂料 | 、清洗,,解析文本拼接_表格清洗增强_01_001-020.md,018_佛山市智龙科技有限公司迁扩建项目_01_受理公告或公示版
PL019,PL019_佛山市智龙科技有限公司迁扩建项目_01_受理公告或公示版.pdf,8,3,4,完整,1.0,剂 | 、胶黏 | 剂等高挥发性有机物原辅材料的项目；鼓励 | 现有该类项目逐步搬迁 | 退出，,,解析文本拼接_表格清洗增强_01_001-020.md,018_佛山市智龙科技有限公司迁扩建项目_01_受理公告或公示版
PL019,PL019_佛山市智龙科技有限公司迁扩建项目_01_受理公告或公示版.pdf,8,3,6,完整,1.0,2、《 | 佛山市“三线一单”生态环境分区管控方 | 案（2024年版）》（佛环〔 | 2024〕,,解析文本拼接_表格清洗增强_01_001-020.md,018_佛山市智龙科技有限公司迁扩建项目_01_受理公告或公示版
PL019,PL019_佛山市智龙科技有限公司迁扩建项目_01_受理公告或公示版.pdf,8,3,8,完整,1.0,根据 | 《佛山市“三线一单”生态环境分区管控方 | 案（2024年版）》（佛环〔 | 2024〕,,解析文本拼接_表格清洗增强_01_001-020.md,018_佛山市智龙科技有限公司迁扩建项目_01_受理公告或公示版
PL019,PL019_佛山市智龙科技有限公司迁扩建项目_01_受理公告或公示版.pdf,8,3,9,完整,1.0,20 | 号）发 | 布的佛山市环境管控单元图，项目所在地 | 广东省佛山市顺德区勒 | 流街道,,解析文本拼接_表格清洗增强_01_001-020.md,018_佛山市智龙科技有限公司迁扩建项目_01_受理公告或公示版
PL019,PL019_佛山市智龙科技有限公司迁扩建项目_01_受理公告或公示版.pdf,8,3,10,完整,1.0,江 | 村村工 | 业大道18号华科园6栋201之一，为珠三角 | 核心区的重点管控单元 | 。环境,,解析文本拼接_表格清洗增强_01_001-020.md,018_佛山市智龙科技有限公司迁扩建项目_01_受理公告或公示版
PL019,PL019_佛山市智龙科技有限公司迁扩建项目_01_受理公告或公示版.pdf,8,3,11,完整,1.0,管 | 控单元 | 编号为ZH44060620009，单元名称为勒流 | 街道重点管控区。,,解析文本拼接_表格清洗增强_01_001-020.md,018_佛山市智龙科技有限公司迁扩建项目_01_受理公告或公示版
PL019,PL019_佛山市智龙科技有限公司迁扩建项目_01_受理公告或公示版.pdf,8,3,12,完整,1.0,表1.1 与佛山市“三线一单”相符 | 性分析,,解析文本拼接_表格清洗增强_01_001-020.md,018_佛山市智龙科技有限公司迁扩建项目_01_受理公告或公示版
PL019,PL019_佛山市智龙科技有限公司迁扩建项目_01_受理公告或公示版.pdf,8,3,26,完整,1.0,1-2.【产业/综合类】系统推进村级工业园升级 | 佛山市顺德区勒流街道,,解析文本拼接_表格清洗增强_01_001-020.md,018_佛山市智龙科技有限公司迁扩建项目_01_受理公告或公示版
PL019,PL019_佛山市智龙科技有限公司迁扩建项目_01_受理公告或公示版.pdf,8,3,27,完整,1.0,改造，腾出连片空间，布局产业集聚区和主题 | 江村村工业大道18号华 | 符合,,解析文本拼接_表格清洗增强_01_001-020.md,018_佛山市智龙科技有限公司迁扩建项目_01_受理公告或公示版
PL019,PL019_佛山市智龙科技有限公司迁扩建项目_01_受理公告或公示版.pdf,8,3,28,完整,1.0,产业园，推动工业项目入园集聚发展。 | 科园6栋201之一，属于,,解析文本拼接_表格清洗增强_01_001-020.md,018_佛山市智龙科技有限公司迁扩建项目_01_受理公告或公示版
PL019,PL019_佛山市智龙科技有限公司迁扩建项目_01_受理公告或公示版.pdf,8,3,30,完整,1.0,区域 | 1-3.【产业/限制类】受纳水体或监控断面不达,,解析文本拼接_表格清洗增强_01_001-020.md,018_佛山市智龙科技有限公司迁扩建项目_01_受理公告或公示版
PL019,PL019_佛山市智龙科技有限公司迁扩建项目_01_受理公告或公示版.pdf,8,3,32,完整,1.0,管控 | 不得新建、扩建向河涌直接排放废水的项目。,,解析文本拼接_表格清洗增强_01_001-020.md,018_佛山市智龙科技有限公司迁扩建项目_01_受理公告或公示版
PL019,PL019_佛山市智龙科技有限公司迁扩建项目_01_受理公告或公示版.pdf,9,1,2,完整,1.0,"1-4.【产业/综合类】划定家具生产优先发展区
域，优先发展区外不再新建涉及涂装工艺的木
质家具制造项目。优先发展区范围根据家具产
业发展规划及其规划环评文件确定。 | 迁扩建项目生活污水经
过三级化粪池预处理后
经市政污水管网排入勒
流污水处理厂；生产废
水定期委外处理。项目
的产品不在“高污染、高
环境风险”产品名录内。",,解析文本拼接_表格清洗增强_01_001-020.md,018_佛山市智龙科技有限公司迁扩建项目_01_受理公告或公示版
PL019,PL019_佛山市智龙科技有限公司迁扩建项目_01_受理公告或公示版.pdf,9,1,3,完整,1.0,"1-5.【水/限制类】严格限制在羊额—北滘水厂
饮用水水源保护区上游和周边区域建设列入
“高污染、高环境风险”产品名录等可能影响水
环境安全的项目。 | 迁扩建项目生活污水经
过三级化粪池预处理后
经市政污水管网排入勒
流污水处理厂；生产废
水定期委外处理。项目
的产品不在“高污染、高
环境风险”产品名录内。",,解析文本拼接_表格清洗增强_01_001-020.md,018_佛山市智龙科技有限公司迁扩建项目_01_受理公告或公示版
PL019,PL019_佛山市智龙科技有限公司迁扩建项目_01_受理公告或公示版.pdf,9,1,4,完整,1.0,"1-6.【大气/限制类】大气环境布局敏感区重点
管控区内，应严格限制新建生产和使用高挥发
性有机物原辅材料项目，优先开展低VOCs含
量原辅材料替代，强化无组织排放控制。原则
上不再新建、扩建新增氮氧化物、烟（粉）尘
排放量较大的建设项目。 | 迁扩建项目使用的涉
VOCs原辅材料均不属
于高VOCs含量原辅材
料",,解析文本拼接_表格清洗增强_01_001-020.md,018_佛山市智龙科技有限公司迁扩建项目_01_受理公告或公示版
PL019,PL019_佛山市智龙科技有限公司迁扩建项目_01_受理公告或公示版.pdf,9,1,5,完整,1.0,"2-1.【能源/鼓励引导类】推广节能技术，加快
发展绿色货运与现代物流。 | 迁扩建项目不涉及。",,解析文本拼接_表格清洗增强_01_001-020.md,018_佛山市智龙科技有限公司迁扩建项目_01_受理公告或公示版
PL019,PL019_佛山市智龙科技有限公司迁扩建项目_01_受理公告或公示版.pdf,9,1,6,完整,1.0,"2-2.【能源/鼓励引导类】推广新能源汽车应用
和充电基础设施建设，积极推动重卡LNG加
气站、充电基础设施、加氢站建设。 | 迁扩建项目不涉及。",,解析文本拼接_表格清洗增强_01_001-020.md,018_佛山市智龙科技有限公司迁扩建项目_01_受理公告或公示版
PL019,PL019_佛山市智龙科技有限公司迁扩建项目_01_受理公告或公示版.pdf,9,1,7,完整,1.0,"2-3.【能源/综合类】科学实施能源消费总量和
强度“双控”，新建高能耗项目单位产品（产值）
能耗达到国际国内先进水平。 | 迁扩建项目生产过程中
资源消耗量相对区域资
源利用总量较少。",,解析文本拼接_表格清洗增强_01_001-020.md,018_佛山市智龙科技有限公司迁扩建项目_01_受理公告或公示版
PL019,PL019_佛山市智龙科技有限公司迁扩建项目_01_受理公告或公示版.pdf,9,1,8,完整,1.0,"2-4.【水资源/综合类】贯彻落实“节水优先”方
针，实行最严格水资源管理制度，勒流街道万
元国内生产总值用水量、万元工业增加值用水
量、用水总量、农田灌溉水有效利用系数等用
水总量和效率指标达到区下达要求。 | 迁扩建项目严格贯彻落
实“节水优先”方针，实
行最严格水资源管理制
度，勒流镇万元国内生
产总值用水量、万元工
业增加值用水量、用水
总量、农田灌",,解析文本拼接_表格清洗增强_01_001-020.md,018_佛山市智龙科技有限公司迁扩建项目_01_受理公告或公示版
PL019,PL019_佛山市智龙科技有限公司迁扩建项目_01_受理公告或公示版.pdf,9,1,9,完整,1.0,"2-5.【土地资源/限制类】落实单位土地面积投
资强度、土地利用强度等建设用地控制性指标
要求，提高土地利用效率。 | 迁扩建项目已落实单位
土地面积投资强度、土
地利用强度等建设用地
控制性指标要求，提高
土地利用效率",,解析文本拼接_表格清洗增强_01_001-020.md,018_佛山市智龙科技有限公司迁扩建项目_01_受理公告或公示版
PL019,PL019_佛山市智龙科技有限公司迁扩建项目_01_受理公告或公示版.pdf,9,1,10,完整,1.0,"2-6.【岸线/禁止类】严格水域岸线用途管制，
新建项目一律不得违规占用水域。严禁破坏生
态的岸线利用行为和不符合其功能定位的开 | 迁扩建项目未违规占用
水域，不会破坏生态的
岸线利用行为和不符合",,解析文本拼接_表格清洗增强_01_001-020.md,018_佛山市智龙科技有限公司迁扩建项目_01_受理公告或公示版
PL019,PL019_佛山市智龙科技有限公司迁扩建项目_01_受理公告或公示版.pdf,9,2,5,疑似缺失,0.5,1-4. / | 经市政污水管网排入勒,1-4. /,解析文本拼接_表格清洗增强_01_001-020.md,018_佛山市智龙科技有限公司迁扩建项目_01_受理公告或公示版
PL019,PL019_佛山市智龙科技有限公司迁扩建项目_01_受理公告或公示版.pdf,9,2,16,疑似缺失,0.5,1-5. / — | 经市政污水管网排入勒,1-5. / —,解析文本拼接_表格清洗增强_01_001-020.md,018_佛山市智龙科技有限公司迁扩建项目_01_受理公告或公示版
PL019,PL019_佛山市智龙科技有限公司迁扩建项目_01_受理公告或公示版.pdf,9,2,26,疑似缺失,0.5,性有机物原辅材料项目，优先开展低 含 | 原辅材料均不属,性有机物原辅材料项目，优先开展低 含,解析文本拼接_表格清洗增强_01_001-020.md,018_佛山市智龙科技有限公司迁扩建项目_01_受理公告或公示版
PL019,PL019_佛山市智龙科技有限公司迁扩建项目_01_受理公告或公示版.pdf,9,2,27,完整,1.0,VOCs | VOCs | 符合,,解析文本拼接_表格清洗增强_01_001-020.md,018_佛山市智龙科技有限公司迁扩建项目_01_受理公告或公示版
PL019,PL019_佛山市智龙科技有限公司迁扩建项目_01_受理公告或公示版.pdf,9,2,28,完整,1.0,量原辅材料替代，强化无组织排放控制。原则 | 于高VOCs含量原辅材,,解析文本拼接_表格清洗增强_01_001-020.md,018_佛山市智龙科技有限公司迁扩建项目_01_受理公告或公示版
PL019,PL019_佛山市智龙科技有限公司迁扩建项目_01_受理公告或公示版.pdf,9,2,32,疑似缺失,0.667,2-1. / | 迁扩建项目不涉及。 | 符合,2-1. /,解析文本拼接_表格清洗增强_01_001-020.md,018_佛山市智龙科技有限公司迁扩建项目_01_受理公告或公示版
PL019,PL019_佛山市智龙科技有限公司迁扩建项目_01_受理公告或公示版.pdf,9,2,37,完整,1.0,2-3.【能源/综合类】科学实施能源消费总量和 | 迁扩建项目生产过程中,,解析文本拼接_表格清洗增强_01_001-020.md,018_佛山市智龙科技有限公司迁扩建项目_01_受理公告或公示版
PL019,PL019_佛山市智龙科技有限公司迁扩建项目_01_受理公告或公示版.pdf,9,2,38,完整,1.0,强度“双控”，新建高能耗项目单位产品（产值） | 资源消耗量相对区域资 | 符合,,解析文本拼接_表格清洗增强_01_001-020.md,018_佛山市智龙科技有限公司迁扩建项目_01_受理公告或公示版
PL019,PL019_佛山市智龙科技有限公司迁扩建项目_01_受理公告或公示版.pdf,9,2,39,完整,1.0,能耗达到国际国内先进水平。 | 源利用总量较少。,,解析文本拼接_表格清洗增强_01_001-020.md,018_佛山市智龙科技有限公司迁扩建项目_01_受理公告或公示版
PL019,PL019_佛山市智龙科技有限公司迁扩建项目_01_受理公告或公示版.pdf,9,2,44,疑似缺失,0.5,2-4. / “ ” | 度，勒流镇万元国内生,2-4. / “ ”,解析文本拼接_表格清洗增强_01_001-020.md,018_佛山市智龙科技有限公司迁扩建项目_01_受理公告或公示版
PL019,PL019_佛山市智龙科技有限公司迁扩建项目_01_受理公告或公示版.pdf,9,2,49,完整,1.0,利用 | 量、用水总量、农田灌溉水有效利用系数等用,,解析文本拼接_表格清洗增强_01_001-020.md,018_佛山市智龙科技有限公司迁扩建项目_01_受理公告或公示版
PL019,PL019_佛山市智龙科技有限公司迁扩建项目_01_受理公告或公示版.pdf,9,2,56,完整,1.0,2-5.【土地资源/限制类】落实单位土地面积投 | 土地面积投资强度、土,,解析文本拼接_表格清洗增强_01_001-020.md,018_佛山市智龙科技有限公司迁扩建项目_01_受理公告或公示版
PL019,PL019_佛山市智龙科技有限公司迁扩建项目_01_受理公告或公示版.pdf,9,2,60,完整,1.0,2-6.【岸线/禁止类】严格水域岸线用途管制， | 迁扩建项目未违规占用,,解析文本拼接_表格清洗增强_01_001-020.md,018_佛山市智龙科技有限公司迁扩建项目_01_受理公告或公示版
PL019,PL019_佛山市智龙科技有限公司迁扩建项目_01_受理公告或公示版.pdf,10,1,1,疑似缺失,0.5,"污染
物排
放管
控
环境
风险
管控 | 发建设活动，严禁以各种名义侵占河道、围垦
湖泊、非法采砂等。 | 其功能定位的开发建设
活动，不侵占河道、围
垦湖泊、非法采砂等 | 符合
符合
符合
符合
符合
符合","污染
物排
放管
控
环境
风险
管控；符合
符合
符合
符合
符合
符合",解析文本拼接_表格清洗增强_01_001-020.md,018_佛山市智龙科技有限公司迁扩建项目_01_受理公告或公示版
PL019,PL019_佛山市智龙科技有限公司迁扩建项目_01_受理公告或公示版.pdf,10,1,2,完整,1.0,"3-1【. 水/限制类】城镇新区建设实行雨污分流，
逐步推进初期雨水收集、处理和资源化利用。
住宅、商业体、学校、市场等城镇开发建设项
目应当配套或者同步计划建设公共排水设施，
公共排水设施或自建排污水设施未能投产运
行的，以上涉水项目不得投入使用。新建小区
严格实施雨污分流，阳台、露台等污水接入污
水收集系统，将生活污水“应截尽截”。做好大
型楼盘、集贸市",,解析文本拼接_表格清洗增强_01_001-020.md,018_佛山市智龙科技有限公司迁扩建项目_01_受理公告或公示版
PL019,PL019_佛山市智龙科技有限公司迁扩建项目_01_受理公告或公示版.pdf,10,1,3,完整,1.0,"3-2.【水/综合类】结合村级工业园改造，全面
提升产业层次与集聚度，促进污染集中整治。 | 迁扩建项目废水污染物
总量指标纳入勒流污水
处理厂。",,解析文本拼接_表格清洗增强_01_001-020.md,018_佛山市智龙科技有限公司迁扩建项目_01_受理公告或公示版
PL019,PL019_佛山市智龙科技有限公司迁扩建项目_01_受理公告或公示版.pdf,10,1,4,完整,1.0,"3-3.【水/综合类】稳步推进排水设施“三个一
体化”管理模式，补齐城乡污水收集和处理短
板，推动群力围污水处理厂提质增效，加快消
除城中村、老旧城区、城乡结合部等污水收集
管网空白区，逐步实现城乡污水收集处理全覆
盖。2025年前完成群力围污水处理厂扩建，尾
水应执行《城镇污水处理厂污染物排放标准》
（GB18918-2002）一级A标准及《广东省水
污染",,解析文本拼接_表格清洗增强_01_001-020.md,018_佛山市智龙科技有限公司迁扩建项目_01_受理公告或公示版
PL019,PL019_佛山市智龙科技有限公司迁扩建项目_01_受理公告或公示版.pdf,10,1,5,完整,1.0,"3-4.【水/综合类】保留勒流社区百丈片区分散
式农村污水处理设施，其余行政村（社区）通
过市政污水管网，配合农村支管网建设，有条
件的区域实施雨污分流改造，到2030年实现
农村生活污水100%收集进入勒流污水处理系
统。 | 迁扩建项目属于勒流污
水处理厂纳污范围。",,解析文本拼接_表格清洗增强_01_001-020.md,018_佛山市智龙科技有限公司迁扩建项目_01_受理公告或公示版
PL019,PL019_佛山市智龙科技有限公司迁扩建项目_01_受理公告或公示版.pdf,10,1,6,完整,1.0,"3-5.【土壤/限制类】严格重金属重点行业企业
准入管理。新、改、扩建重点行业建设项目应
遵循重点重金属污染物排放“等量替代”原则。 | 迁扩建项目生产过程采
用包围型集气罩收集有
机废气，经“干式过滤
棉+活性炭吸附”装置
处理后，引至排气筒
DA001排放。",,解析文本拼接_表格清洗增强_01_001-020.md,018_佛山市智龙科技有限公司迁扩建项目_01_受理公告或公示版
PL019,PL019_佛山市智龙科技有限公司迁扩建项目_01_受理公告或公示版.pdf,10,1,7,完整,1.0,"4-1.【水/综合类】加强单元内羊额—北滘水厂
饮用水水源保护区周边环境风险源管控，完善
突发环境事件应急管理体系。 | 建设单位将严格采取切
实可行环境风险防范措
施，可有效防止项目产
生的污染物进入环境，
有效降低了对周围环境
存在的风险影响。",,解析文本拼接_表格清洗增强_01_001-020.md,018_佛山市智龙科技有限公司迁扩建项目_01_受理公告或公示版
PL019,PL019_佛山市智龙科技有限公司迁扩建项目_01_受理公告或公示版.pdf,10,2,17,疑似缺失,0.667,3-2. / | 总量指标纳入勒流污水 | 符合,3-2. /,解析文本拼接_表格清洗增强_01_001-020.md,018_佛山市智龙科技有限公司迁扩建项目_01_受理公告或公示版
PL019,PL019_佛山市智龙科技有限公司迁扩建项目_01_受理公告或公示版.pdf,10,2,20,完整,1.0,3-3.【水/综合类】稳步推进排水设施“三个一 | 迁扩建项目位于勒流污,,解析文本拼接_表格清洗增强_01_001-020.md,018_佛山市智龙科技有限公司迁扩建项目_01_受理公告或公示版
PL019,PL019_佛山市智龙科技有限公司迁扩建项目_01_受理公告或公示版.pdf,10,2,22,完整,1.0,污染 | 板，推动群力围污水处理厂提质增效，加快消 | 水执行《城镇污水处理,,解析文本拼接_表格清洗增强_01_001-020.md,018_佛山市智龙科技有限公司迁扩建项目_01_受理公告或公示版
PL019,PL019_佛山市智龙科技有限公司迁扩建项目_01_受理公告或公示版.pdf,10,2,23,完整,1.0,物排 | 除城中村、老旧城区、城乡结合部等污水收集 | 厂污染物排放标准》,,解析文本拼接_表格清洗增强_01_001-020.md,018_佛山市智龙科技有限公司迁扩建项目_01_受理公告或公示版
PL019,PL019_佛山市智龙科技有限公司迁扩建项目_01_受理公告或公示版.pdf,10,2,24,完整,1.0,放管 | 管网空白区，逐步实现城乡污水收集处理全覆 | （GB18918-2002）一级 | 符合,,解析文本拼接_表格清洗增强_01_001-020.md,018_佛山市智龙科技有限公司迁扩建项目_01_受理公告或公示版
PL019,PL019_佛山市智龙科技有限公司迁扩建项目_01_受理公告或公示版.pdf,10,2,25,完整,1.0,控 | 盖。2025年前完成群力围污水处理厂扩建，尾 | A标准及《广东省水污,,解析文本拼接_表格清洗增强_01_001-020.md,018_佛山市智龙科技有限公司迁扩建项目_01_受理公告或公示版
PL019,PL019_佛山市智龙科技有限公司迁扩建项目_01_受理公告或公示版.pdf,10,2,26,完整,1.0,水应执行《城镇污水处理厂污染物排放标准》 | 染物排放限值》,,解析文本拼接_表格清洗增强_01_001-020.md,018_佛山市智龙科技有限公司迁扩建项目_01_受理公告或公示版
PL019,PL019_佛山市智龙科技有限公司迁扩建项目_01_受理公告或公示版.pdf,10,2,27,完整,1.0,（GB18918-2002）一级A标准及《广东省水 | （DB44/26-2001）的较,,解析文本拼接_表格清洗增强_01_001-020.md,018_佛山市智龙科技有限公司迁扩建项目_01_受理公告或公示版
PL019,PL019_佛山市智龙科技有限公司迁扩建项目_01_受理公告或公示版.pdf,10,2,28,完整,1.0,污染物排放限值》（DB44/26-2001）的较严值。 | 严值。,,解析文本拼接_表格清洗增强_01_001-020.md,018_佛山市智龙科技有限公司迁扩建项目_01_受理公告或公示版
PL019,PL019_佛山市智龙科技有限公司迁扩建项目_01_受理公告或公示版.pdf,10,2,33,完整,1.0,件的区域实施雨污分流改造，到2030年实现 | 水处理厂纳污范围。,,解析文本拼接_表格清洗增强_01_001-020.md,018_佛山市智龙科技有限公司迁扩建项目_01_受理公告或公示版
PL019,PL019_佛山市智龙科技有限公司迁扩建项目_01_受理公告或公示版.pdf,10,2,39,疑似缺失,0.5,3-5. / | 机废气，经“干式过滤,3-5. /,解析文本拼接_表格清洗增强_01_001-020.md,018_佛山市智龙科技有限公司迁扩建项目_01_受理公告或公示版
PL019,PL019_佛山市智龙科技有限公司迁扩建项目_01_受理公告或公示版.pdf,10,2,42,疑似缺失,0.5,遵循重点重金属污染物排放 等量替代 原则。 | +,遵循重点重金属污染物排放 等量替代 原则。,解析文本拼接_表格清洗增强_01_001-020.md,018_佛山市智龙科技有限公司迁扩建项目_01_受理公告或公示版
PL019,PL019_佛山市智龙科技有限公司迁扩建项目_01_受理公告或公示版.pdf,10,2,43,疑似缺失,0.5,“ ” | 处理后，引至排气筒,“ ”,解析文本拼接_表格清洗增强_01_001-020.md,018_佛山市智龙科技有限公司迁扩建项目_01_受理公告或公示版
PL019,PL019_佛山市智龙科技有限公司迁扩建项目_01_受理公告或公示版.pdf,10,2,50,疑似缺失,0.5,4-2. / | 实可行环境风险防范措,4-2. /,解析文本拼接_表格清洗增强_01_001-020.md,018_佛山市智龙科技有限公司迁扩建项目_01_受理公告或公示版
PL019,PL019_佛山市智龙科技有限公司迁扩建项目_01_受理公告或公示版.pdf,10,2,51,完整,1.0,环境 | 集中处理设施应采取有效措施，防止事故废水,,解析文本拼接_表格清洗增强_01_001-020.md,018_佛山市智龙科技有限公司迁扩建项目_01_受理公告或公示版
PL019,PL019_佛山市智龙科技有限公司迁扩建项目_01_受理公告或公示版.pdf,10,2,58,疑似缺失,0.5,4-3. / | 存在的风险影响。,4-3. /,解析文本拼接_表格清洗增强_01_001-020.md,018_佛山市智龙科技有限公司迁扩建项目_01_受理公告或公示版
PL019,PL019_佛山市智龙科技有限公司迁扩建项目_01_受理公告或公示版.pdf,11,3,2,完整,1.0,"1-1.【产业/鼓励引导类】重点发展智能家电、
家具五金、环保装备、光电照明、装备制造
及交通机械产业，引入智能制造服务、电子
商务、现代商贸流通产业，重点建设环保产
业基地、小家电产业基地和五金产业创业基
地。 | 迁扩建项目为C2929塑
料零件及其他塑料制品
制造，不属于鼓励引导类
项目。",,解析文本拼接_表格清洗增强_01_001-020.md,018_佛山市智龙科技有限公司迁扩建项目_01_受理公告或公示版
PL019,PL019_佛山市智龙科技有限公司迁扩建项目_01_受理公告或公示版.pdf,11,3,3,完整,1.0,"1-2.【产业/综合类】系统推进村级工业园升
级改造，腾出连片空间，布局产业集聚区和
主题产业园，推动工业项目入园集聚发展。
新增工业制造业用地原则上安排在产业集聚
区内，产业集聚区外原则上不鼓励工业及物
流仓储用地的新建与改造。 | 迁扩建项目不属于村改
范围，不属于工业及物流
仓储用地的新建与改造。",,解析文本拼接_表格清洗增强_01_001-020.md,018_佛山市智龙科技有限公司迁扩建项目_01_受理公告或公示版
PL019,PL019_佛山市智龙科技有限公司迁扩建项目_01_受理公告或公示版.pdf,11,3,4,完整,1.0,"1-3.【产业/限制类】受纳水体或监控断面不
达标的，不得新建、扩建向河涌直接排放废
水的项目。新建、扩建含蚀刻工序的线路板
生产项目和化工项目应在配套污水集中处置
的工业园区或生活污水管网覆盖区域内建
设；纯加工型印花项目，含酸洗、磷化的金
属表面处理、金属制品项目（与自身高新技
术企业配套的除外），含酸洗、喷涂、拉丝、
表面抛光等工艺的不锈钢型材加工项目",,解析文本拼接_表格清洗增强_01_001-020.md,018_佛山市智龙科技有限公司迁扩建项目_01_受理公告或公示版
PL019,PL019_佛山市智龙科技有限公司迁扩建项目_01_受理公告或公示版.pdf,11,3,5,完整,1.0,"1-4.【水/限制类】严格限制在羊额—北滘水
厂饮用水水源保护区上游和周边区域建设列
入“高污染、高环境风险”产品名录等可能影
响水环境安全的项目。 | 迁扩建项目建设不在以
上水源保护区的范围，不
属于高污染、高环境风险
的产品名录，本项目属于
勒流污水处理厂的纳污
范围，不属于影响水环境
安全的项目",,解析文本拼接_表格清洗增强_01_001-020.md,018_佛山市智龙科技有限公司迁扩建项目_01_受理公告或公示版
PL019,PL019_佛山市智龙科技有限公司迁扩建项目_01_受理公告或公示版.pdf,11,4,1,完整,1.0,区 | 管控方 | 案的通知》（顺府发〔2021〕11号）,,解析文本拼接_表格清洗增强_01_001-020.md,018_佛山市智龙科技有限公司迁扩建项目_01_受理公告或公示版
PL019,PL019_佛山市智龙科技有限公司迁扩建项目_01_受理公告或公示版.pdf,11,4,3,完整,1.0,区 | 管控方 | 案的通知》（顺府发〔2021〕11号）的 | 附件2佛山市顺德区环境 | 管控单,,解析文本拼接_表格清洗增强_01_001-020.md,018_佛山市智龙科技有限公司迁扩建项目_01_受理公告或公示版
PL019,PL019_佛山市智龙科技有限公司迁扩建项目_01_受理公告或公示版.pdf,11,4,4,完整,1.0,元 | 图，项 | 目所在地属于重点管控单元9（环境管控 | 单元编码：ZH44060620 | 009，,,解析文本拼接_表格清洗增强_01_001-020.md,018_佛山市智龙科技有限公司迁扩建项目_01_受理公告或公示版
PL019,PL019_佛山市智龙科技有限公司迁扩建项目_01_受理公告或公示版.pdf,11,4,5,完整,1.0,环 | 境管控 | 单元名称：勒流街道重点管控区，详见 | 附图8）。相关管控要求 | 的相符,,解析文本拼接_表格清洗增强_01_001-020.md,018_佛山市智龙科技有限公司迁扩建项目_01_受理公告或公示版
PL019,PL019_佛山市智龙科技有限公司迁扩建项目_01_受理公告或公示版.pdf,11,4,7,完整,1.0,表1.2 与顺德区“三线一单”相 | 符性分析,,解析文本拼接_表格清洗增强_01_001-020.md,018_佛山市智龙科技有限公司迁扩建项目_01_受理公告或公示版
PL019,PL019_佛山市智龙科技有限公司迁扩建项目_01_受理公告或公示版.pdf,11,4,14,完整,1.0,家具五金、环保装备、光电照明、装备制造 | 迁扩建项目为C2929塑,,解析文本拼接_表格清洗增强_01_001-020.md,018_佛山市智龙科技有限公司迁扩建项目_01_受理公告或公示版
PL019,PL019_佛山市智龙科技有限公司迁扩建项目_01_受理公告或公示版.pdf,11,4,29,完整,1.0,1-3.【产业/限制类】受纳水体或监控断面不 | 迁扩建项目生活污水排,,解析文本拼接_表格清洗增强_01_001-020.md,018_佛山市智龙科技有限公司迁扩建项目_01_受理公告或公示版
PL019,PL019_佛山市智龙科技有限公司迁扩建项目_01_受理公告或公示版.pdf,11,4,33,完整,1.0,布局 | C2929,,解析文本拼接_表格清洗增强_01_001-020.md,018_佛山市智龙科技有限公司迁扩建项目_01_受理公告或公示版
PL019,PL019_佛山市智龙科技有限公司迁扩建项目_01_受理公告或公示版.pdf,11,4,36,完整,1.0,的工业园区或生活污水管网覆盖区域内建 | 事玻璃加工设备的加工,,解析文本拼接_表格清洗增强_01_001-020.md,018_佛山市智龙科技有限公司迁扩建项目_01_受理公告或公示版
PL019,PL019_佛山市智龙科技有限公司迁扩建项目_01_受理公告或公示版.pdf,11,4,40,完整,1.0,表面抛光等工艺的不锈钢型材加工项目，应 | 喷涂、拉丝、表面抛光等,,解析文本拼接_表格清洗增强_01_001-020.md,018_佛山市智龙科技有限公司迁扩建项目_01_受理公告或公示版
PL019,PL019_佛山市智龙科技有限公司迁扩建项目_01_受理公告或公示版.pdf,11,4,41,完整,1.0,进入以此类项目为主导产业、有相应废水集 | 工艺的不锈钢型材加工,,解析文本拼接_表格清洗增强_01_001-020.md,018_佛山市智龙科技有限公司迁扩建项目_01_受理公告或公示版
PL019,PL019_佛山市智龙科技有限公司迁扩建项目_01_受理公告或公示版.pdf,11,4,46,疑似缺失,0.5,1-4. / — | 属于高污染、高环境风险,1-4. / —,解析文本拼接_表格清洗增强_01_001-020.md,018_佛山市智龙科技有限公司迁扩建项目_01_受理公告或公示版
PL019,PL019_佛山市智龙科技有限公司迁扩建项目_01_受理公告或公示版.pdf,11,4,49,疑似缺失,0.5,入 高污染、高环境风险 产品名录等可能影 | 符合,入 高污染、高环境风险 产品名录等可能影,解析文本拼接_表格清洗增强_01_001-020.md,018_佛山市智龙科技有限公司迁扩建项目_01_受理公告或公示版
PL019,PL019_佛山市智龙科技有限公司迁扩建项目_01_受理公告或公示版.pdf,12,1,1,疑似缺失,0.5,"能源
资源
利用
污染
物排
放管
控 | 1-5.【大气/限制类】大气环境布局敏感区重
点管控区内，应严格限制新建生产和使用高
挥发性有机物原辅材料项目，优先开展低
VOCs含量原辅材料替代，强化无组织排放
控制。原则上不再新建、扩建新增氮氧化物、
烟（粉）尘排放量较大的建设项目。 | 迁扩建项目使用的涉
VOCs原辅材料均不属
于高VOCs含量原辅材
料","能源
资源
利用
污染
物排
放管
控；符合
符合
符合
符合
符合
符合
符合
符合
符合",解析文本拼接_表格清洗增强_01_001-020.md,018_佛山市智龙科技有限公司迁扩建项目_01_受理公告或公示版
PL019,PL019_佛山市智龙科技有限公司迁扩建项目_01_受理公告或公示版.pdf,12,1,2,完整,1.0,"1-6.【土壤/禁止类】禁止新建、扩建增加重
点防控的重金属污染物排放的建设项目 | 迁扩建项目不涉及重金
属污染物排放",,解析文本拼接_表格清洗增强_01_001-020.md,018_佛山市智龙科技有限公司迁扩建项目_01_受理公告或公示版
PL019,PL019_佛山市智龙科技有限公司迁扩建项目_01_受理公告或公示版.pdf,12,1,3,完整,1.0,"2-1.【能源/鼓励引导类】推广节能技术，加
快发展绿色货运与现代物流。 | 迁扩建项目使用节能技
术，项目不属于绿色货运
与现代物流。",,解析文本拼接_表格清洗增强_01_001-020.md,018_佛山市智龙科技有限公司迁扩建项目_01_受理公告或公示版
PL019,PL019_佛山市智龙科技有限公司迁扩建项目_01_受理公告或公示版.pdf,12,1,4,完整,1.0,"2-2.【能源/鼓励引导类】推广新能源汽车应
用和充电基础设施建设，积极推动重卡LNG
加气站、充电基础设施、加氢站建设。 | 迁扩建项目不属于新能
源汽车应用和充电基础
设施、加氢站建设项目。",,解析文本拼接_表格清洗增强_01_001-020.md,018_佛山市智龙科技有限公司迁扩建项目_01_受理公告或公示版
PL019,PL019_佛山市智龙科技有限公司迁扩建项目_01_受理公告或公示版.pdf,12,1,5,完整,1.0,"2-3.【能源/综合类】科学实施能源消费总量
和强度“双控”，新建高能耗项目单位产品（产
值）能耗达到国际国内先进水平。 | 迁扩建项目不属于高能
耗项目。",,解析文本拼接_表格清洗增强_01_001-020.md,018_佛山市智龙科技有限公司迁扩建项目_01_受理公告或公示版
PL019,PL019_佛山市智龙科技有限公司迁扩建项目_01_受理公告或公示版.pdf,12,1,6,完整,1.0,"2-4.【水资源/综合类】贯彻落实“节水优先”
方针，实行最严格水资源管理制度，勒流街
道万元国内生产总值用水量、万元工业增加
值用水量、用水总量、农田灌溉水有效利用
系数等用水总量和效率指标达到区下达要
求。 | 迁扩建项目严格贯彻落
实“节水优先”方针，实行
最严格水资源管理制度，
勒流镇万元国内生产总
值用水量、万元工业增加
值用水量、用水总量、农
田",,解析文本拼接_表格清洗增强_01_001-020.md,018_佛山市智龙科技有限公司迁扩建项目_01_受理公告或公示版
PL019,PL019_佛山市智龙科技有限公司迁扩建项目_01_受理公告或公示版.pdf,12,1,7,完整,1.0,"2-5.【土地资源/限制类】落实单位土地面积
投资强度、土地利用强度等建设用地控制性
指标要求，提高土地利用效率。 | 迁扩建项目所在地为工
业用地，符合控制性指标
要求",,解析文本拼接_表格清洗增强_01_001-020.md,018_佛山市智龙科技有限公司迁扩建项目_01_受理公告或公示版
PL019,PL019_佛山市智龙科技有限公司迁扩建项目_01_受理公告或公示版.pdf,12,1,8,完整,1.0,"2-6.【岸线/禁止类】严格水域岸线用途管制，
新建项目一律不得违规占用水域。严禁破坏
生态的岸线利用行为和不符合其功能定位的
开发建设活动，严禁以各种名义侵占河道、
围垦湖泊、非法采砂等。 | 迁扩建项目未违规占用
水域，不会破坏生态的岸
线利用行为和不符合其
功能定位的开发建设活
动，不侵占河道、围垦湖
泊、非法采砂等",,解析文本拼接_表格清洗增强_01_001-020.md,018_佛山市智龙科技有限公司迁扩建项目_01_受理公告或公示版
PL019,PL019_佛山市智龙科技有限公司迁扩建项目_01_受理公告或公示版.pdf,12,1,9,完整,1.0,"3-1.【水/限制类】城镇新区建设实行雨污分
流。住宅、商业体、学校、市场等城镇开发
建设项目应当配套或者同步计划建设公共排
水设施，公共排水设施或自建排污水设施未
能投产运行的，以上涉水项目不得投入使用。
新建小区严格实施雨污分流，阳台、露台等
污水接入污水收集系统，将生活污水“应截尽
截”。做好大型楼盘、集贸市场、餐饮以及学
校等4大类排水户污水接入市政",,解析文本拼接_表格清洗增强_01_001-020.md,018_佛山市智龙科技有限公司迁扩建项目_01_受理公告或公示版
PL019,PL019_佛山市智龙科技有限公司迁扩建项目_01_受理公告或公示版.pdf,12,2,3,完整,1.0,挥发性有机物原辅材料项目，优先开展低 | 原辅材料均不属,,解析文本拼接_表格清洗增强_01_001-020.md,018_佛山市智龙科技有限公司迁扩建项目_01_受理公告或公示版
PL019,PL019_佛山市智龙科技有限公司迁扩建项目_01_受理公告或公示版.pdf,12,2,4,完整,1.0,VOCs | 符合,,解析文本拼接_表格清洗增强_01_001-020.md,018_佛山市智龙科技有限公司迁扩建项目_01_受理公告或公示版
PL019,PL019_佛山市智龙科技有限公司迁扩建项目_01_受理公告或公示版.pdf,12,2,5,完整,1.0,VOCs含量原辅材料替代，强化无组织排放 | 于高VOCs含量原辅材,,解析文本拼接_表格清洗增强_01_001-020.md,018_佛山市智龙科技有限公司迁扩建项目_01_受理公告或公示版
PL019,PL019_佛山市智龙科技有限公司迁扩建项目_01_受理公告或公示版.pdf,12,2,9,疑似缺失,0.5,1-6. / | 符合,1-6. /,解析文本拼接_表格清洗增强_01_001-020.md,018_佛山市智龙科技有限公司迁扩建项目_01_受理公告或公示版
PL019,PL019_佛山市智龙科技有限公司迁扩建项目_01_受理公告或公示版.pdf,12,2,10,完整,1.0,点防控的重金属污染物排放的建设项目 | 属污染物排放,,解析文本拼接_表格清洗增强_01_001-020.md,018_佛山市智龙科技有限公司迁扩建项目_01_受理公告或公示版
PL019,PL019_佛山市智龙科技有限公司迁扩建项目_01_受理公告或公示版.pdf,12,2,13,疑似缺失,0.667,2-1. / | 术，项目不属于绿色货运 | 符合,2-1. /,解析文本拼接_表格清洗增强_01_001-020.md,018_佛山市智龙科技有限公司迁扩建项目_01_受理公告或公示版
PL019,PL019_佛山市智龙科技有限公司迁扩建项目_01_受理公告或公示版.pdf,12,2,16,完整,1.0,2-2.【能源/鼓励引导类】推广新能源汽车应 | 迁扩建项目不属于新能,,解析文本拼接_表格清洗增强_01_001-020.md,018_佛山市智龙科技有限公司迁扩建项目_01_受理公告或公示版
PL019,PL019_佛山市智龙科技有限公司迁扩建项目_01_受理公告或公示版.pdf,12,2,20,疑似缺失,0.5,2-3. / | 迁扩建项目不属于高能,2-3. /,解析文本拼接_表格清洗增强_01_001-020.md,018_佛山市智龙科技有限公司迁扩建项目_01_受理公告或公示版
PL019,PL019_佛山市智龙科技有限公司迁扩建项目_01_受理公告或公示版.pdf,12,2,21,疑似缺失,0.5,和强度 双控 ，新建高能耗项目单位产品（产 | 符合,和强度 双控 ，新建高能耗项目单位产品（产,解析文本拼接_表格清洗增强_01_001-020.md,018_佛山市智龙科技有限公司迁扩建项目_01_受理公告或公示版
PL019,PL019_佛山市智龙科技有限公司迁扩建项目_01_受理公告或公示版.pdf,12,2,27,疑似缺失,0.5,2-4. / “ ” | 最严格水资源管理制度，,2-4. / “ ”,解析文本拼接_表格清洗增强_01_001-020.md,018_佛山市智龙科技有限公司迁扩建项目_01_受理公告或公示版
PL019,PL019_佛山市智龙科技有限公司迁扩建项目_01_受理公告或公示版.pdf,12,2,32,完整,1.0,利用 | 值用水量、用水总量、农田灌溉水有效利用,,解析文本拼接_表格清洗增强_01_001-020.md,018_佛山市智龙科技有限公司迁扩建项目_01_受理公告或公示版
PL019,PL019_佛山市智龙科技有限公司迁扩建项目_01_受理公告或公示版.pdf,12,2,39,完整,1.0,2-5.【土地资源/限制类】落实单位土地面积 | 迁扩建项目所在地为工,,解析文本拼接_表格清洗增强_01_001-020.md,018_佛山市智龙科技有限公司迁扩建项目_01_受理公告或公示版
PL019,PL019_佛山市智龙科技有限公司迁扩建项目_01_受理公告或公示版.pdf,12,2,44,疑似缺失,0.5,2-6. / | 水域，不会破坏生态的岸,2-6. /,解析文本拼接_表格清洗增强_01_001-020.md,018_佛山市智龙科技有限公司迁扩建项目_01_受理公告或公示版
PL019,PL019_佛山市智龙科技有限公司迁扩建项目_01_受理公告或公示版.pdf,13,2,1,完整,1.0,"3-2.【水/综合类】结合村级工业园改造，全
面提升产业层次与集聚度，促进污染集中整
治。 | 迁扩建项目不属于村级
工业园改造区。",,解析文本拼接_表格清洗增强_01_001-020.md,018_佛山市智龙科技有限公司迁扩建项目_01_受理公告或公示版
PL019,PL019_佛山市智龙科技有限公司迁扩建项目_01_受理公告或公示版.pdf,13,2,2,完整,1.0,"3-3.【水/综合类】稳步推进排水设施“三个一
体化”管理模式，补齐城乡污水收集和处理短
板，推动勒流污水处理厂提质增效，加快消
除城中村、老旧城区、城乡结合部等污水收
集管网空白区，逐步实现城乡污水收集处理
全覆盖。2025年前完成勒流污水处理厂扩建，
尾水应执行《城镇污水处理厂污染物排放标
准》（GB18918-2002）一级A标准及《广东
省水污染物排",,解析文本拼接_表格清洗增强_01_001-020.md,018_佛山市智龙科技有限公司迁扩建项目_01_受理公告或公示版
PL019,PL019_佛山市智龙科技有限公司迁扩建项目_01_受理公告或公示版.pdf,13,2,3,完整,1.0,"3-4.【水/综合类】保留勒流社区百丈片区分
散式农村污水处理设施，其余行政村（社区）
通过市政污水管网，配合农村支管网建设，
有条件的区域实施雨污分流改造，到2030年
实现农村生活污水100%收集进入勒流污水
处理系统。 | 迁扩建项目不属于污水
管网、污水处理设施等建
设项目。本项目实施雨污
分流。",,解析文本拼接_表格清洗增强_01_001-020.md,018_佛山市智龙科技有限公司迁扩建项目_01_受理公告或公示版
PL019,PL019_佛山市智龙科技有限公司迁扩建项目_01_受理公告或公示版.pdf,13,2,4,完整,1.0,"3-5.【土壤/限制类】作为重金属污染重点防
控区，区域内重点重金属排放总量只减不增。 | 迁扩建项目不涉及重点
防控的重金属污染物排
放",,解析文本拼接_表格清洗增强_01_001-020.md,018_佛山市智龙科技有限公司迁扩建项目_01_受理公告或公示版
PL019,PL019_佛山市智龙科技有限公司迁扩建项目_01_受理公告或公示版.pdf,13,2,5,完整,1.0,"4-1.【水/综合类】加强单元内羊额—北滘水
厂饮用水水源保护区周边环境风险源管控，
完善突发环境事件应急管理体系。 | 建设单位将严格采取切
实可行环境风险防范措
施，可有效防止项目产生
的污染物进入环境，有效
降低了对周围环境存在
的风险影响。",,解析文本拼接_表格清洗增强_01_001-020.md,018_佛山市智龙科技有限公司迁扩建项目_01_受理公告或公示版
PL019,PL019_佛山市智龙科技有限公司迁扩建项目_01_受理公告或公示版.pdf,13,3,2,疑似缺失,0.5,3-2. / | 迁扩建项目不属于村级,3-2. /,解析文本拼接_表格清洗增强_01_001-020.md,018_佛山市智龙科技有限公司迁扩建项目_01_受理公告或公示版
PL019,PL019_佛山市智龙科技有限公司迁扩建项目_01_受理公告或公示版.pdf,13,3,3,完整,1.0,面提升产业层次与集聚度，促进污染集中整 | 符合,,解析文本拼接_表格清洗增强_01_001-020.md,018_佛山市智龙科技有限公司迁扩建项目_01_受理公告或公示版
PL019,PL019_佛山市智龙科技有限公司迁扩建项目_01_受理公告或公示版.pdf,13,3,7,疑似缺失,0.5,3-3. / “ | 迁扩建项目位于勒流污,3-3. / “,解析文本拼接_表格清洗增强_01_001-020.md,018_佛山市智龙科技有限公司迁扩建项目_01_受理公告或公示版
PL019,PL019_佛山市智龙科技有限公司迁扩建项目_01_受理公告或公示版.pdf,13,3,16,疑似缺失,0.0,全覆盖。 年前完成勒流污水处理厂扩建， | GB18918-2002 A,全覆盖。 年前完成勒流污水处理厂扩建，；GB18918-2002 A,解析文本拼接_表格清洗增强_01_001-020.md,018_佛山市智龙科技有限公司迁扩建项目_01_受理公告或公示版
PL019,PL019_佛山市智龙科技有限公司迁扩建项目_01_受理公告或公示版.pdf,13,3,17,完整,1.0,2025 | 标准及《广东省水污染物,,解析文本拼接_表格清洗增强_01_001-020.md,018_佛山市智龙科技有限公司迁扩建项目_01_受理公告或公示版
PL019,PL019_佛山市智龙科技有限公司迁扩建项目_01_受理公告或公示版.pdf,13,3,21,疑似缺失,0.0,GB18918-2002 A | （ ）的较严,GB18918-2002 A；（ ）的较严,解析文本拼接_表格清洗增强_01_001-020.md,018_佛山市智龙科技有限公司迁扩建项目_01_受理公告或公示版
PL019,PL019_佛山市智龙科技有限公司迁扩建项目_01_受理公告或公示版.pdf,13,3,22,疑似缺失,0.5,省水污染物排放限值》（ ）的 | DB44/26-2001,省水污染物排放限值》（ ）的,解析文本拼接_表格清洗增强_01_001-020.md,018_佛山市智龙科技有限公司迁扩建项目_01_受理公告或公示版
PL019,PL019_佛山市智龙科技有限公司迁扩建项目_01_受理公告或公示版.pdf,13,3,23,完整,1.0,DB44/26-2001 | 值。,,解析文本拼接_表格清洗增强_01_001-020.md,018_佛山市智龙科技有限公司迁扩建项目_01_受理公告或公示版
PL019,PL019_佛山市智龙科技有限公司迁扩建项目_01_受理公告或公示版.pdf,13,3,29,完整,1.0,有条件的区域实施雨污分流改造，到2030年 | 设项目。本项目实施雨污,,解析文本拼接_表格清洗增强_01_001-020.md,018_佛山市智龙科技有限公司迁扩建项目_01_受理公告或公示版
PL019,PL019_佛山市智龙科技有限公司迁扩建项目_01_受理公告或公示版.pdf,13,3,30,完整,1.0,实现农村生活污水100%收集进入勒流污水 | 分流。,,解析文本拼接_表格清洗增强_01_001-020.md,018_佛山市智龙科技有限公司迁扩建项目_01_受理公告或公示版
PL019,PL019_佛山市智龙科技有限公司迁扩建项目_01_受理公告或公示版.pdf,13,3,34,疑似缺失,0.667,3-5. / | 防控的重金属污染物排 | 符合,3-5. /,解析文本拼接_表格清洗增强_01_001-020.md,018_佛山市智龙科技有限公司迁扩建项目_01_受理公告或公示版
PL019,PL019_佛山市智龙科技有限公司迁扩建项目_01_受理公告或公示版.pdf,13,3,40,完整,1.0,4-2.【水/综合类】勒流污水处理厂、工业污 | 建设单位将严格采取切,,解析文本拼接_表格清洗增强_01_001-020.md,018_佛山市智龙科技有限公司迁扩建项目_01_受理公告或公示版
PL019,PL019_佛山市智龙科技有限公司迁扩建项目_01_受理公告或公示版.pdf,13,3,43,完整,1.0,故废水直接排入水体。完善污水处理厂在线 | 施，可有效防止项目产生,,解析文本拼接_表格清洗增强_01_001-020.md,018_佛山市智龙科技有限公司迁扩建项目_01_受理公告或公示版
PL019,PL019_佛山市智龙科技有限公司迁扩建项目_01_受理公告或公示版.pdf,13,3,45,完整,1.0,监控系统联网，实现污水处理厂的实时、动 | 的污染物进入环境，有效,,解析文本拼接_表格清洗增强_01_001-020.md,018_佛山市智龙科技有限公司迁扩建项目_01_受理公告或公示版
PL019,PL019_佛山市智龙科技有限公司迁扩建项目_01_受理公告或公示版.pdf,13,3,49,完整,1.0,4-3.【风险/综合类】加强环境风险分级分类 | 的风险影响。,,解析文本拼接_表格清洗增强_01_001-020.md,018_佛山市智龙科技有限公司迁扩建项目_01_受理公告或公示版
PL019,PL019_佛山市智龙科技有限公司迁扩建项目_01_受理公告或公示版.pdf,13,3,54,完整,1.0,2、 | 产业政策符合性分析,,解析文本拼接_表格清洗增强_01_001-020.md,018_佛山市智龙科技有限公司迁扩建项目_01_受理公告或公示版
PL019,PL019_佛山市智龙科技有限公司迁扩建项目_01_受理公告或公示版.pdf,13,3,55,完整,1.0,迁扩 | 建项目属于《国民经济行业分类》（GB | /T4754-2017）及第1号 | 修改单,,解析文本拼接_表格清洗增强_01_001-020.md,018_佛山市智龙科技有限公司迁扩建项目_01_受理公告或公示版
PL019,PL019_佛山市智龙科技有限公司迁扩建项目_01_受理公告或公示版.pdf,13,3,56,完整,1.0,中 | 的C29 | 29塑料零件及其他塑料制品制造，根据《 | 产业结构调整指导目录 | （2024,,解析文本拼接_表格清洗增强_01_001-020.md,018_佛山市智龙科技有限公司迁扩建项目_01_受理公告或公示版
PL019,PL019_佛山市智龙科技有限公司迁扩建项目_01_受理公告或公示版.pdf,13,3,59,完整,1.0,根据 | 《广东省“两高”项目管理目录（2022年 | 版）》和广东省发展改革 | 委关,,解析文本拼接_表格清洗增强_01_001-020.md,018_佛山市智龙科技有限公司迁扩建项目_01_受理公告或公示版
PL019,PL019_佛山市智龙科技有限公司迁扩建项目_01_受理公告或公示版.pdf,14,1,4,完整,1.0,"1.1 | 大力推进VOCs含量原辅材料源头替代，严格落
实国家和地方产品VOCs含量限值质量标准，禁
止建设生产和使用高VOCs含量的溶剂型涂料、
油墨、胶粘剂等项目 | 迁扩建项目不使用高VOCs
含量原辅材料。 | 符合",,解析文本拼接_表格清洗增强_01_001-020.md,018_佛山市智龙科技有限公司迁扩建项目_01_受理公告或公示版
PL019,PL019_佛山市智龙科技有限公司迁扩建项目_01_受理公告或公示版.pdf,14,1,5,完整,1.0,"1.2 | 强化对企业涉VOCs生产车间/工序废气的收集
管理，推动企业开展治理设施升级改造 | 迁扩建项目拟于注塑机、超
声波焊接机上方设置包围型
集气罩，有机废气经包围型
收集通过“干式过滤棉+活性
炭吸附”设施处理后引至45
米高排气筒（DA001）排放。
可有效减少有机废气排放，
减少异味影响 | 符合",,解析文本拼接_表格清洗增强_01_001-020.md,018_佛山市智龙科技有限公司迁扩建项目_01_受理公告或公示版
PL019,PL019_佛山市智龙科技有限公司迁扩建项目_01_受理公告或公示版.pdf,14,1,7,完整,1.0,"2.1 | 严格控制“高耗能、高排放”项目盲目发展，禁止
新建、扩建水泥、平板玻璃、化学制浆、生皮制
革以及国家规划外的钢铁、原油加工等项目 | 项目不属于“高耗能、高排
放”项目。 | 符合",,解析文本拼接_表格清洗增强_01_001-020.md,018_佛山市智龙科技有限公司迁扩建项目_01_受理公告或公示版
PL019,PL019_佛山市智龙科技有限公司迁扩建项目_01_受理公告或公示版.pdf,14,1,8,完整,1.0,"2.2 | 大力推进低VOCs含量原辅材料替代，将全面使
用低VOCs含量原辅材料的企业纳入正面清单
和政府绿色采购清单。 | 项目使用的原辅材料属于低
挥发原辅材料。 | 符合",,解析文本拼接_表格清洗增强_01_001-020.md,018_佛山市智龙科技有限公司迁扩建项目_01_受理公告或公示版
PL019,PL019_佛山市智龙科技有限公司迁扩建项目_01_受理公告或公示版.pdf,14,1,9,完整,1.0,"2.3 | 推进VOCs高排放企业治理设施提升改造，淘汰
光催化、光氧化、低温等离子等现有低效治理设
施。 | 项目治理设备为“干式过滤
棉+活性炭吸附”设施，不使
用低效治理设施 | 符合",,解析文本拼接_表格清洗增强_01_001-020.md,018_佛山市智龙科技有限公司迁扩建项目_01_受理公告或公示版
PL019,PL019_佛山市智龙科技有限公司迁扩建项目_01_受理公告或公示版.pdf,14,1,11,完整,1.0,"3.1 | 禁止新建、扩建水泥、平板玻璃、化学制浆、生
皮制革以及国家规划外的钢铁、原油加工等项
目；专业电镀、印染等项目进入定点园区集中管
理 | 项目属于C2929塑料零件及
其他塑料制品制造，不属于
水泥、平板玻璃、化学制浆、
生皮制革以及国家规划外的
钢铁、原油加工等项目 | 符合",,解析文本拼接_表格清洗增强_01_001-020.md,018_佛山市智龙科技有限公司迁扩建项目_01_受理公告或公示版
PL019,PL019_佛山市智龙科技有限公司迁扩建项目_01_受理公告或公示版.pdf,14,2,1,完整,1.0,〔202 | 1〕368号）中指出两高”项目范围暂定为年 | 综合能源消费量1万吨标 | 准煤,,解析文本拼接_表格清洗增强_01_001-020.md,018_佛山市智龙科技有限公司迁扩建项目_01_受理公告或公示版
PL019,PL019_佛山市智龙科技有限公司迁扩建项目_01_受理公告或公示版.pdf,14,2,2,完整,1.0,以上的 | 煤电、石化、化工、钢铁、有色金属、建 | 材、煤化工、焦化等8个行 | 业的,,解析文本拼接_表格清洗增强_01_001-020.md,018_佛山市智龙科技有限公司迁扩建项目_01_受理公告或公示版
PL019,PL019_佛山市智龙科技有限公司迁扩建项目_01_受理公告或公示版.pdf,14,2,4,完整,1.0,等8个 | 行业的项目。,,解析文本拼接_表格清洗增强_01_001-020.md,018_佛山市智龙科技有限公司迁扩建项目_01_受理公告或公示版
PL019,PL019_佛山市智龙科技有限公司迁扩建项目_01_受理公告或公示版.pdf,14,2,5,完整,1.0,根 | 据国家发展改革委商务部关于印发《市场 | 准入负面清单（2022 年版 | ）》,,解析文本拼接_表格清洗增强_01_001-020.md,018_佛山市智龙科技有限公司迁扩建项目_01_受理公告或公示版
PL019,PL019_佛山市智龙科技有限公司迁扩建项目_01_受理公告或公示版.pdf,14,2,7,完整,1.0,3 | 、项目与相关政策文件规定的相符性分析,,解析文本拼接_表格清洗增强_01_001-020.md,018_佛山市智龙科技有限公司迁扩建项目_01_受理公告或公示版
PL019,PL019_佛山市智龙科技有限公司迁扩建项目_01_受理公告或公示版.pdf,14,2,9,完整,1.0,表1.3 相关政策文件规定的相 | 符性分析,,解析文本拼接_表格清洗增强_01_001-020.md,018_佛山市智龙科技有限公司迁扩建项目_01_受理公告或公示版
PL019,PL019_佛山市智龙科技有限公司迁扩建项目_01_受理公告或公示版.pdf,14,2,13,完整,1.0,1.《广东省生态环境保护“十四五”规划》（ | 粤环〔2021〕10号）,,解析文本拼接_表格清洗增强_01_001-020.md,018_佛山市智龙科技有限公司迁扩建项目_01_受理公告或公示版
PL019,PL019_佛山市智龙科技有限公司迁扩建项目_01_受理公告或公示版.pdf,14,2,15,完整,1.0,实国家和地方产品VOCs含量限值质量标准，禁 | 迁扩建项目不使用高VOCs,,解析文本拼接_表格清洗增强_01_001-020.md,018_佛山市智龙科技有限公司迁扩建项目_01_受理公告或公示版
PL019,PL019_佛山市智龙科技有限公司迁扩建项目_01_受理公告或公示版.pdf,14,2,18,完整,1.0,止建设生产和使用高VOCs含量的溶剂型涂料、 | 含量原辅材料。,,解析文本拼接_表格清洗增强_01_001-020.md,018_佛山市智龙科技有限公司迁扩建项目_01_受理公告或公示版
PL019,PL019_佛山市智龙科技有限公司迁扩建项目_01_受理公告或公示版.pdf,14,2,23,完整,1.0,强化对企业涉VOCs生产车间/工序废气的收集 | 收集通过“干式过滤棉+活性,,解析文本拼接_表格清洗增强_01_001-020.md,018_佛山市智龙科技有限公司迁扩建项目_01_受理公告或公示版
PL019,PL019_佛山市智龙科技有限公司迁扩建项目_01_受理公告或公示版.pdf,14,2,26,完整,1.0,管理，推动企业开展治理设施升级改造 | 炭吸附”设施处理后引至45,,解析文本拼接_表格清洗增强_01_001-020.md,018_佛山市智龙科技有限公司迁扩建项目_01_受理公告或公示版
PL019,PL019_佛山市智龙科技有限公司迁扩建项目_01_受理公告或公示版.pdf,14,2,30,完整,1.0,2.《佛山市生态环境保护“十四五”规划 | 》佛环（2022）3号,,解析文本拼接_表格清洗增强_01_001-020.md,018_佛山市智龙科技有限公司迁扩建项目_01_受理公告或公示版
PL019,PL019_佛山市智龙科技有限公司迁扩建项目_01_受理公告或公示版.pdf,14,2,34,疑似缺失,0.5,2.1 | 放 项目。,放 项目。,解析文本拼接_表格清洗增强_01_001-020.md,018_佛山市智龙科技有限公司迁扩建项目_01_受理公告或公示版
PL019,PL019_佛山市智龙科技有限公司迁扩建项目_01_受理公告或公示版.pdf,14,2,37,完整,1.0,VOCs | 项目使用的原辅材料属于低,,解析文本拼接_表格清洗增强_01_001-020.md,018_佛山市智龙科技有限公司迁扩建项目_01_受理公告或公示版
PL019,PL019_佛山市智龙科技有限公司迁扩建项目_01_受理公告或公示版.pdf,14,2,38,疑似缺失,0.5,用低 含量原辅材料的企业纳入正面清单 | 符合,用低 含量原辅材料的企业纳入正面清单,解析文本拼接_表格清洗增强_01_001-020.md,018_佛山市智龙科技有限公司迁扩建项目_01_受理公告或公示版
PL019,PL019_佛山市智龙科技有限公司迁扩建项目_01_受理公告或公示版.pdf,14,2,39,完整,1.0,2.2 | VOCs | 挥发原辅材料。,,解析文本拼接_表格清洗增强_01_001-020.md,018_佛山市智龙科技有限公司迁扩建项目_01_受理公告或公示版
PL019,PL019_佛山市智龙科技有限公司迁扩建项目_01_受理公告或公示版.pdf,14,2,41,完整,1.0,推进VOCs高排放企业治理设施提升改造，淘汰 | 项目治理设备为“干式过滤,,解析文本拼接_表格清洗增强_01_001-020.md,018_佛山市智龙科技有限公司迁扩建项目_01_受理公告或公示版
PL019,PL019_佛山市智龙科技有限公司迁扩建项目_01_受理公告或公示版.pdf,14,2,42,完整,1.0,2.3 | 光催化、光氧化、低温等离子等现有低效治理设 | 棉+活性炭吸附”设施，不使 | 符合,,解析文本拼接_表格清洗增强_01_001-020.md,018_佛山市智龙科技有限公司迁扩建项目_01_受理公告或公示版
PL019,PL019_佛山市智龙科技有限公司迁扩建项目_01_受理公告或公示版.pdf,14,2,44,完整,1.0,3.《佛山市顺德区生态环境保护“十四五” | 规划（2021—2025）,,解析文本拼接_表格清洗增强_01_001-020.md,018_佛山市智龙科技有限公司迁扩建项目_01_受理公告或公示版
PL019,PL019_佛山市智龙科技有限公司迁扩建项目_01_受理公告或公示版.pdf,14,2,46,完整,1.0,禁止新建、扩建水泥、平板玻璃、化学制浆、生 | C2929,,解析文本拼接_表格清洗增强_01_001-020.md,018_佛山市智龙科技有限公司迁扩建项目_01_受理公告或公示版
PL019,PL019_佛山市智龙科技有限公司迁扩建项目_01_受理公告或公示版.pdf,14,2,50,完整,1.0,3.1 | 目；专业电镀、印染等项目进入定点园区集中管,,解析文本拼接_表格清洗增强_01_001-020.md,018_佛山市智龙科技有限公司迁扩建项目_01_受理公告或公示版
PL019,PL019_佛山市智龙科技有限公司迁扩建项目_01_受理公告或公示版.pdf,15,1,1,完整,1.0,"3.2 | 加强VOCs源头替代和无组织排放管控。大力推
进低VOCs含量、低反应活性的原辅 材料替代，
将全面使用低VOCs含量原辅材料的企业纳入
正面清单和政府 绿色采购清单。鼓励重点行业
企业开展生产工艺和设备水性化改造，推广使用
水性、高固体分、无溶剂、粉末等低VOCs含量
涂料。严格落实《挥发性有机物无组织排放控制
标准》，开展厂区内无组织排放浓度",,解析文本拼接_表格清洗增强_01_001-020.md,018_佛山市智龙科技有限公司迁扩建项目_01_受理公告或公示版
PL019,PL019_佛山市智龙科技有限公司迁扩建项目_01_受理公告或公示版.pdf,15,1,3,完整,1.0,"4.1 | 2021年底前淘汰光氧化、光催化、低温等离子
等低效治理设施。 | 迁扩建项目废气收集通过
“干式过滤棉+活性炭吸附”
处理后引至高空排放，未采
用淘汰的低效治理设施。 | 符合",,解析文本拼接_表格清洗增强_01_001-020.md,018_佛山市智龙科技有限公司迁扩建项目_01_受理公告或公示版
PL019,PL019_佛山市智龙科技有限公司迁扩建项目_01_受理公告或公示版.pdf,15,1,4,完整,1.0,"4.2 | 不外运处理的含VOCs废水须深化处理（包含物
化、生化处理工艺），达标排放。 | 项目不产生含VOCs废水 | 符合",,解析文本拼接_表格清洗增强_01_001-020.md,018_佛山市智龙科技有限公司迁扩建项目_01_受理公告或公示版
PL019,PL019_佛山市智龙科技有限公司迁扩建项目_01_受理公告或公示版.pdf,15,1,6,完整,1.0,"5.1 | 珠江三角洲区域禁止新建、扩建燃煤燃油火电机
组或者企业燃煤燃油自备电站。珠江三角洲区域
禁止新建、扩建国家规划外的钢铁、原油加工、
乙烯生产、造纸、水泥、平板玻璃、除特种陶瓷
以外的陶瓷、有色金属冶炼等大气重污染项目。 | 迁扩建项目不属于大气重污
染项目 | 符合",,解析文本拼接_表格清洗增强_01_001-020.md,018_佛山市智龙科技有限公司迁扩建项目_01_受理公告或公示版
PL019,PL019_佛山市智龙科技有限公司迁扩建项目_01_受理公告或公示版.pdf,15,1,7,完整,1.0,"5.2 | 新建、扩建、扩建排放挥发性有机物的建设项目，
应当使用污染防治先进可行技术。下列产生含挥
发性有机物废气的生产和服务活动，应当优先使
用低挥发性有机物含量的原材料和低排放环保
工艺，在确保安全条件下，按照规定在密闭空间
或者设备中进行，安装、使用满足防爆、防静电
要求的治理效率高的污染防治设施；无法密闭或
者不适宜密闭的，应当采取有效措施减少废气",,解析文本拼接_表格清洗增强_01_001-020.md,018_佛山市智龙科技有限公司迁扩建项目_01_受理公告或公示版
PL019,PL019_佛山市智龙科技有限公司迁扩建项目_01_受理公告或公示版.pdf,15,1,9,完整,1.0,"6.1 | 粉状、粒状VOCs物料应当采用气力输送方式或
者采用密闭固体投料器等给料方式密闭投加。
无法密闭投加的，应当在密闭空间内操作，或者
进行局部气体收集，废气应当排至除尘设施、
VOCs废气收集处理系统 | 迁扩建项目生产过程中主要
使用原辅材料主要为PP粒
料（新料）、PVC塑料（新
料）、PU塑料（新料），其 | 符合",,解析文本拼接_表格清洗增强_01_001-020.md,018_佛山市智龙科技有限公司迁扩建项目_01_受理公告或公示版
PL019,PL019_佛山市智龙科技有限公司迁扩建项目_01_受理公告或公示版.pdf,15,2,5,完整,1.0,企业开展生产工艺和设备水性化改造，推广使用 | 油墨、胶黏剂和清洗剂等，,,解析文本拼接_表格清洗增强_01_001-020.md,018_佛山市智龙科技有限公司迁扩建项目_01_受理公告或公示版
PL019,PL019_佛山市智龙科技有限公司迁扩建项目_01_受理公告或公示版.pdf,15,2,6,完整,1.0,3.2 | 水性、高固体分、无溶剂、粉末等低VOCs含量 | 使用“干式过滤棉+活性炭吸 | 符合,,解析文本拼接_表格清洗增强_01_001-020.md,018_佛山市智龙科技有限公司迁扩建项目_01_受理公告或公示版
PL019,PL019_佛山市智龙科技有限公司迁扩建项目_01_受理公告或公示版.pdf,15,2,7,完整,1.0,涂料。严格落实《挥发性有机物无组织排放控制 | 附”装置治理后引至排气筒,,解析文本拼接_表格清洗增强_01_001-020.md,018_佛山市智龙科技有限公司迁扩建项目_01_受理公告或公示版
PL019,PL019_佛山市智龙科技有限公司迁扩建项目_01_受理公告或公示版.pdf,15,2,8,完整,1.0,标准》，开展厂区内无组织排放浓度监测，加强 | 达标排放。,,解析文本拼接_表格清洗增强_01_001-020.md,018_佛山市智龙科技有限公司迁扩建项目_01_受理公告或公示版
PL019,PL019_佛山市智龙科技有限公司迁扩建项目_01_受理公告或公示版.pdf,15,2,12,完整,1.0,4.佛 | 山市生态环境局关于印发《佛山市重点行业VO | Cs治理提升工作方案》的通 | 知,,解析文本拼接_表格清洗增强_01_001-020.md,018_佛山市智龙科技有限公司迁扩建项目_01_受理公告或公示版
PL019,PL019_佛山市智龙科技有限公司迁扩建项目_01_受理公告或公示版.pdf,15,2,14,完整,1.0,2021年底前淘汰光氧化、光催化、低温等离子 | “干式过滤棉+活性炭吸附”,,解析文本拼接_表格清洗增强_01_001-020.md,018_佛山市智龙科技有限公司迁扩建项目_01_受理公告或公示版
PL019,PL019_佛山市智龙科技有限公司迁扩建项目_01_受理公告或公示版.pdf,15,2,20,疑似缺失,0.5,项目不产生含 废水 | 符合,项目不产生含 废水,解析文本拼接_表格清洗增强_01_001-020.md,018_佛山市智龙科技有限公司迁扩建项目_01_受理公告或公示版
PL019,PL019_佛山市智龙科技有限公司迁扩建项目_01_受理公告或公示版.pdf,15,2,21,完整,1.0,4.2 | 化、生化处理工艺），达标排放。 | VOCs,,解析文本拼接_表格清洗增强_01_001-020.md,018_佛山市智龙科技有限公司迁扩建项目_01_受理公告或公示版
PL019,PL019_佛山市智龙科技有限公司迁扩建项目_01_受理公告或公示版.pdf,15,2,22,完整,1.0,5.《广东省大气污染防治条例》（2 | 022年修正版）,,解析文本拼接_表格清洗增强_01_001-020.md,018_佛山市智龙科技有限公司迁扩建项目_01_受理公告或公示版
PL019,PL019_佛山市智龙科技有限公司迁扩建项目_01_受理公告或公示版.pdf,15,2,27,完整,1.0,5.1 | 染项目,,解析文本拼接_表格清洗增强_01_001-020.md,018_佛山市智龙科技有限公司迁扩建项目_01_受理公告或公示版
PL019,PL019_佛山市智龙科技有限公司迁扩建项目_01_受理公告或公示版.pdf,15,2,41,完整,1.0,者不适宜密闭的，应当采取有效措施减少废气排 | 符合,,解析文本拼接_表格清洗增强_01_001-020.md,018_佛山市智龙科技有限公司迁扩建项目_01_受理公告或公示版
PL019,PL019_佛山市智龙科技有限公司迁扩建项目_01_受理公告或公示版.pdf,15,2,42,完整,1.0,5.2 | 炭吸附”设施处理后引至,,解析文本拼接_表格清洗增强_01_001-020.md,018_佛山市智龙科技有限公司迁扩建项目_01_受理公告或公示版
PL019,PL019_佛山市智龙科技有限公司迁扩建项目_01_受理公告或公示版.pdf,15,2,43,完整,1.0,放：（一）石油、化工、煤炭加工与转化等含挥 | 45,,解析文本拼接_表格清洗增强_01_001-020.md,018_佛山市智龙科技有限公司迁扩建项目_01_受理公告或公示版
PL019,PL019_佛山市智龙科技有限公司迁扩建项目_01_受理公告或公示版.pdf,15,2,45,完整,1.0,发性有机物原料的生产；（二）燃油、溶剂的储 | DA001,,解析文本拼接_表格清洗增强_01_001-020.md,018_佛山市智龙科技有限公司迁扩建项目_01_受理公告或公示版
PL019,PL019_佛山市智龙科技有限公司迁扩建项目_01_受理公告或公示版.pdf,15,2,53,完整,1.0,6.《固定污染源挥发性有机物综合排放标准 | 》（DB44/2367—2022）,,解析文本拼接_表格清洗增强_01_001-020.md,018_佛山市智龙科技有限公司迁扩建项目_01_受理公告或公示版
PL019,PL019_佛山市智龙科技有限公司迁扩建项目_01_受理公告或公示版.pdf,15,2,55,完整,1.0,VOCs | 迁扩建项目生产过程中主要,,解析文本拼接_表格清洗增强_01_001-020.md,018_佛山市智龙科技有限公司迁扩建项目_01_受理公告或公示版
PL019,PL019_佛山市智龙科技有限公司迁扩建项目_01_受理公告或公示版.pdf,15,2,59,疑似缺失,0.5,6.1 | 料（新料）、 塑料（新,料（新料）、 塑料（新,解析文本拼接_表格清洗增强_01_001-020.md,018_佛山市智龙科技有限公司迁扩建项目_01_受理公告或公示版
PL019,PL019_佛山市智龙科技有限公司迁扩建项目_01_受理公告或公示版.pdf,15,2,60,完整,1.0,进行局部气体收集，废气应当排至除尘设施、 | PVC,,解析文本拼接_表格清洗增强_01_001-020.md,018_佛山市智龙科技有限公司迁扩建项目_01_受理公告或公示版
PL019,PL019_佛山市智龙科技有限公司迁扩建项目_01_受理公告或公示版.pdf,15,2,62,完整,1.0,废气收集处理系统 | PU,,解析文本拼接_表格清洗增强_01_001-020.md,018_佛山市智龙科技有限公司迁扩建项目_01_受理公告或公示版
PL019,PL019_佛山市智龙科技有限公司迁扩建项目_01_受理公告或公示版.pdf,16,1,1,完整,1.0,"6.2 | VOCs物料卸（出、放）料过程应当密闭，卸料
废气应当排至VOCs废气收集处理系统；无法密
闭的，应当采取局部气体收集措施，废气应当排
至VOCs废气收集处理系统。 | 不含常温下会挥发的物料。
产生的非甲烷总烃采用包围
型集气罩收集，经“干式过
滤棉+活性炭吸附”装置处理
后引至45米排气筒DA001
高空排放 | 符合",,解析文本拼接_表格清洗增强_01_001-020.md,018_佛山市智龙科技有限公司迁扩建项目_01_受理公告或公示版
PL019,PL019_佛山市智龙科技有限公司迁扩建项目_01_受理公告或公示版.pdf,16,1,2,完整,1.0,"6.3 | VOCs物料储库、料仓应利用完整的围护结构将
污染物质、作业场所等与周围空间阻隔所形成的
封闭区域或封闭式建筑物。该封闭区域或封闭式
建筑物除人员、车辆、设备、物料进出时，以及
依法设立的排气筒、通风口外，窗及其他开口
（孔）部位应随时保持关闭状态 | 符合",,解析文本拼接_表格清洗增强_01_001-020.md,018_佛山市智龙科技有限公司迁扩建项目_01_受理公告或公示版
PL019,PL019_佛山市智龙科技有限公司迁扩建项目_01_受理公告或公示版.pdf,16,1,3,完整,1.0,"6.4 | 建立台账，记录含VOCs原辅材料和含VOCs
产品的名称、使用量、回收量、废弃量、去向以
及VOCs含量等信息。台账保存期应不少于三年 | 迁扩建项目正式运营后将建
立台账，记录含VOCs原辅
材料和产品的名称、使用量、
回收量、废弃量、去向以及
VOCs含量等信息。台账保
存期限不少于三年 | 符合",,解析文本拼接_表格清洗增强_01_001-020.md,018_佛山市智龙科技有限公司迁扩建项目_01_受理公告或公示版
PL019,PL019_佛山市智龙科技有限公司迁扩建项目_01_受理公告或公示版.pdf,16,1,5,完整,1.0,"7.1 | 全面加强无组织排放控制。重点对含VOCs物料
（包括含VOCs原辅材料、含VOCs产品、含
VOCs废料以及有机聚合物材料等）储存、转移
和输送、设备与管线组件泄漏、敞开液面逸散以
及工艺过程等五类排放源实施管控，通过采取设
备与场所密闭、工艺改进、废气有效收集等措施，
削减VOCs无组织排放。 | 迁扩建项目产生非甲烷总烃
的工序配套有收集设施",,解析文本拼接_表格清洗增强_01_001-020.md,018_佛山市智龙科技有限公司迁扩建项目_01_受理公告或公示版
PL019,PL019_佛山市智龙科技有限公司迁扩建项目_01_受理公告或公示版.pdf,16,1,6,完整,1.0,"7.2 | 加强设备与场所密闭管理。含VOCs物料应储存
于密闭容器、包装袋，高效密封储罐，封闭式储
库、料仓等。 | 迁扩建项目含VOCs的塑料
原料储存于包装袋，常温下
不会发生分解 | 符合",,解析文本拼接_表格清洗增强_01_001-020.md,018_佛山市智龙科技有限公司迁扩建项目_01_受理公告或公示版
PL019,PL019_佛山市智龙科技有限公司迁扩建项目_01_受理公告或公示版.pdf,16,1,7,完整,1.0,"7.3 | 提高废气收集率。遵循“应收尽收、分质收集”
的原则，科学设计废气收集系统，将无组织排放
转变为有组织排放进行控制。采用全密闭集气罩
或密闭空间的，除行业有特殊要求外，应保持微
负压状态，并根据相关规范合理设置通风量。采
用局部集气罩的，距集气罩开口面最远处的
VOCs无组织排放位置，控制风速应不低于0.3
米/秒，有行业要求的按相关规定执行。 |",,解析文本拼接_表格清洗增强_01_001-020.md,018_佛山市智龙科技有限公司迁扩建项目_01_受理公告或公示版
PL019,PL019_佛山市智龙科技有限公司迁扩建项目_01_受理公告或公示版.pdf,16,1,9,完整,1.0,"VOC
s物
料转
移和
输送 | VOCs物料储存：含VOCs的物料应储存于密闭
的容器、包装袋、储罐、储库、料仓中。盛装
VOCs物料的容器是否存放于室内，或存放于设
置有雨棚、遮阳和防渗设施的专用场地。盛装
VOCs物料的容器在非取用状态时应加盖、封
口，保持密闭。 | 迁扩建项目使用的塑料为固
态粒状，常温条件下不会产
生有机废气，在转移过程中
均使",,解析文本拼接_表格清洗增强_01_001-020.md,018_佛山市智龙科技有限公司迁扩建项目_01_受理公告或公示版
PL019,PL019_佛山市智龙科技有限公司迁扩建项目_01_受理公告或公示版.pdf,16,1,10,完整,1.0,"工艺
过程 | 粉状、粒状VOCs物料采用气力输送方式或采用
密闭固体投料器等给料方式密闭投加；无法密闭
投加的，在密闭空间内操作，或进行局部气体收
集，废气排至除尘设施、VOCs 废气收集处理系 | 迁扩建项目粒状塑料常温下
不挥发，在转移过程中均使
用密闭的包装袋封装 | 符合",,解析文本拼接_表格清洗增强_01_001-020.md,018_佛山市智龙科技有限公司迁扩建项目_01_受理公告或公示版
PL019,PL019_佛山市智龙科技有限公司迁扩建项目_01_受理公告或公示版.pdf,16,2,1,完整,1.0,VOCs物料卸（出、放）料过程应当密闭，卸料 | 不含常温下会挥发的物料。,,解析文本拼接_表格清洗增强_01_001-020.md,018_佛山市智龙科技有限公司迁扩建项目_01_受理公告或公示版
PL019,PL019_佛山市智龙科技有限公司迁扩建项目_01_受理公告或公示版.pdf,16,2,2,完整,1.0,废气应当排至VOCs废气收集处理系统；无法密 | 产生的非甲烷总烃采用包围,,解析文本拼接_表格清洗增强_01_001-020.md,018_佛山市智龙科技有限公司迁扩建项目_01_受理公告或公示版
PL019,PL019_佛山市智龙科技有限公司迁扩建项目_01_受理公告或公示版.pdf,16,2,5,完整,1.0,闭的，应当采取局部气体收集措施，废气应当排 | 型集气罩收集，经“干式过,,解析文本拼接_表格清洗增强_01_001-020.md,018_佛山市智龙科技有限公司迁扩建项目_01_受理公告或公示版
PL019,PL019_佛山市智龙科技有限公司迁扩建项目_01_受理公告或公示版.pdf,16,2,6,完整,1.0,至VOCs废气收集处理系统。 | 滤棉+活性炭吸附”装置处理,,解析文本拼接_表格清洗增强_01_001-020.md,018_佛山市智龙科技有限公司迁扩建项目_01_受理公告或公示版
PL019,PL019_佛山市智龙科技有限公司迁扩建项目_01_受理公告或公示版.pdf,16,2,7,完整,1.0,VOCs物料储库、料仓应利用完整的围护结构将 | 后引至45米排气筒DA001,,解析文本拼接_表格清洗增强_01_001-020.md,018_佛山市智龙科技有限公司迁扩建项目_01_受理公告或公示版
PL019,PL019_佛山市智龙科技有限公司迁扩建项目_01_受理公告或公示版.pdf,16,2,8,完整,1.0,污染物质、作业场所等与周围空间阻隔所形成的 | 高空排放,,解析文本拼接_表格清洗增强_01_001-020.md,018_佛山市智龙科技有限公司迁扩建项目_01_受理公告或公示版
PL019,PL019_佛山市智龙科技有限公司迁扩建项目_01_受理公告或公示版.pdf,16,2,17,疑似缺失,0.5,建立台账，记录含 原辅材料和含 | VOCs,建立台账，记录含 原辅材料和含,解析文本拼接_表格清洗增强_01_001-020.md,018_佛山市智龙科技有限公司迁扩建项目_01_受理公告或公示版
PL019,PL019_佛山市智龙科技有限公司迁扩建项目_01_受理公告或公示版.pdf,16,2,18,疑似缺失,0.5,VOCs VOCs | 材料和产品的名称、使用量、,VOCs VOCs,解析文本拼接_表格清洗增强_01_001-020.md,018_佛山市智龙科技有限公司迁扩建项目_01_受理公告或公示版
PL019,PL019_佛山市智龙科技有限公司迁扩建项目_01_受理公告或公示版.pdf,16,2,19,完整,1.0,产品的名称、使用量、回收量、废弃量、去向以 | 符合,,解析文本拼接_表格清洗增强_01_001-020.md,018_佛山市智龙科技有限公司迁扩建项目_01_受理公告或公示版
PL019,PL019_佛山市智龙科技有限公司迁扩建项目_01_受理公告或公示版.pdf,16,2,23,完整,1.0,VOCs | 含量等信息。台账保,,解析文本拼接_表格清洗增强_01_001-020.md,018_佛山市智龙科技有限公司迁扩建项目_01_受理公告或公示版
PL019,PL019_佛山市智龙科技有限公司迁扩建项目_01_受理公告或公示版.pdf,16,2,26,完整,1.0,7、《重点行业挥发性有机物综合治理方案》的 | 通知（环大气[2019]53号）,,解析文本拼接_表格清洗增强_01_001-020.md,018_佛山市智龙科技有限公司迁扩建项目_01_受理公告或公示版
PL019,PL019_佛山市智龙科技有限公司迁扩建项目_01_受理公告或公示版.pdf,16,2,28,完整,1.0,（包括含VOCs原辅材料、含VOCs产品、含 | 迁扩建项目产生非甲烷总烃,,解析文本拼接_表格清洗增强_01_001-020.md,018_佛山市智龙科技有限公司迁扩建项目_01_受理公告或公示版
PL019,PL019_佛山市智龙科技有限公司迁扩建项目_01_受理公告或公示版.pdf,16,2,29,完整,1.0,VOCs废料以及有机聚合物材料等）储存、转移 | 的工序配套有收集设施，收,,解析文本拼接_表格清洗增强_01_001-020.md,018_佛山市智龙科技有限公司迁扩建项目_01_受理公告或公示版
PL019,PL019_佛山市智龙科技有限公司迁扩建项目_01_受理公告或公示版.pdf,16,2,30,完整,1.0,7.1 | 和输送、设备与管线组件泄漏、敞开液面逸散以 | 集效率约50%，经配套治理 | 符合,,解析文本拼接_表格清洗增强_01_001-020.md,018_佛山市智龙科技有限公司迁扩建项目_01_受理公告或公示版
PL019,PL019_佛山市智龙科技有限公司迁扩建项目_01_受理公告或公示版.pdf,16,2,31,完整,1.0,及工艺过程等五类排放源实施管控，通过采取设 | 设备治理后引至45米高排,,解析文本拼接_表格清洗增强_01_001-020.md,018_佛山市智龙科技有限公司迁扩建项目_01_受理公告或公示版
PL019,PL019_佛山市智龙科技有限公司迁扩建项目_01_受理公告或公示版.pdf,16,2,32,完整,1.0,备与场所密闭、工艺改进、废气有效收集等措施， | 气筒达标排放,,解析文本拼接_表格清洗增强_01_001-020.md,018_佛山市智龙科技有限公司迁扩建项目_01_受理公告或公示版
PL019,PL019_佛山市智龙科技有限公司迁扩建项目_01_受理公告或公示版.pdf,16,2,34,完整,1.0,加强设备与场所密闭管理。含VOCs物料应储存 | 迁扩建项目含VOCs的塑料,,解析文本拼接_表格清洗增强_01_001-020.md,018_佛山市智龙科技有限公司迁扩建项目_01_受理公告或公示版
PL019,PL019_佛山市智龙科技有限公司迁扩建项目_01_受理公告或公示版.pdf,16,2,35,完整,1.0,7.2 | 于密闭容器、包装袋，高效密封储罐，封闭式储 | 原料储存于包装袋，常温下 | 符合,,解析文本拼接_表格清洗增强_01_001-020.md,018_佛山市智龙科技有限公司迁扩建项目_01_受理公告或公示版
PL019,PL019_佛山市智龙科技有限公司迁扩建项目_01_受理公告或公示版.pdf,16,2,42,完整,1.0,收集非甲烷总烃，控制风速 | 符合,,解析文本拼接_表格清洗增强_01_001-020.md,018_佛山市智龙科技有限公司迁扩建项目_01_受理公告或公示版
PL019,PL019_佛山市智龙科技有限公司迁扩建项目_01_受理公告或公示版.pdf,16,2,43,完整,1.0,7.3 | 负压状态，并根据相关规范合理设置通风量。采,,解析文本拼接_表格清洗增强_01_001-020.md,018_佛山市智龙科技有限公司迁扩建项目_01_受理公告或公示版
PL019,PL019_佛山市智龙科技有限公司迁扩建项目_01_受理公告或公示版.pdf,16,2,45,完整,1.0,用局部集气罩的，距集气罩开口面最远处的 | 0.3m/s,,解析文本拼接_表格清洗增强_01_001-020.md,018_佛山市智龙科技有限公司迁扩建项目_01_受理公告或公示版
PL019,PL019_佛山市智龙科技有限公司迁扩建项目_01_受理公告或公示版.pdf,16,2,48,完整,1.0,8、关于 | 印发《广东省涉挥发性有机物（VOCs）重点行业 | 治理指引》的通知（粤环办〔2 | 021,,解析文本拼接_表格清洗增强_01_001-020.md,018_佛山市智龙科技有限公司迁扩建项目_01_受理公告或公示版
PL019,PL019_佛山市智龙科技有限公司迁扩建项目_01_受理公告或公示版.pdf,16,2,54,完整,1.0,料转 | VOCs | 符合,,解析文本拼接_表格清洗增强_01_001-020.md,018_佛山市智龙科技有限公司迁扩建项目_01_受理公告或公示版
PL019,PL019_佛山市智龙科技有限公司迁扩建项目_01_受理公告或公示版.pdf,16,2,55,完整,1.0,置有雨棚、遮阳和防渗设施的专用场地。盛装 | 生有机废气，在转移过程中,,解析文本拼接_表格清洗增强_01_001-020.md,018_佛山市智龙科技有限公司迁扩建项目_01_受理公告或公示版
PL019,PL019_佛山市智龙科技有限公司迁扩建项目_01_受理公告或公示版.pdf,16,2,58,完整,1.0,输送 | VOCs,,解析文本拼接_表格清洗增强_01_001-020.md,018_佛山市智龙科技有限公司迁扩建项目_01_受理公告或公示版
PL019,PL019_佛山市智龙科技有限公司迁扩建项目_01_受理公告或公示版.pdf,16,2,61,完整,1.0,VOCs | 迁扩建项目粒状塑料常温下,,解析文本拼接_表格清洗增强_01_001-020.md,018_佛山市智龙科技有限公司迁扩建项目_01_受理公告或公示版
PL019,PL019_佛山市智龙科技有限公司迁扩建项目_01_受理公告或公示版.pdf,16,2,62,完整,1.0,工艺 | 密闭固体投料器等给料方式密闭投加；无法密闭,,解析文本拼接_表格清洗增强_01_001-020.md,018_佛山市智龙科技有限公司迁扩建项目_01_受理公告或公示版
PL019,PL019_佛山市智龙科技有限公司迁扩建项目_01_受理公告或公示版.pdf,17,1,2,完整,1.0,"在混合/混炼、塑炼/塑化/熔化、加工成型（挤出、
注射、压制、压延、发泡、纺丝等）、硫化等作
用中应采用密闭设备或在密闭空间中操作，废气
应排至VOCs废气收集处理系统；无法密闭的，
应采取局部气体收集措施，废气排至 VOCs废
气收集处理系统。 | 迁扩建项目采用包围型集气
罩收集非甲烷总烃，经“干
式过滤棉+活性炭吸附”装置
处理后引至45米排气筒
DA",,解析文本拼接_表格清洗增强_01_001-020.md,018_佛山市智龙科技有限公司迁扩建项目_01_受理公告或公示版
PL019,PL019_佛山市智龙科技有限公司迁扩建项目_01_受理公告或公示版.pdf,17,1,3,完整,1.0,"废气
收集 | 采用外部集气罩的，距集气罩开口面最远处的
VOCs无组织排放位置，控制风速不低于0.3m/s。 | 项目集气罩置于废气产生点
的合理位置，保证罩口截面
风速为0.5m/s。 | 符合",,解析文本拼接_表格清洗增强_01_001-020.md,018_佛山市智龙科技有限公司迁扩建项目_01_受理公告或公示版
PL019,PL019_佛山市智龙科技有限公司迁扩建项目_01_受理公告或公示版.pdf,17,1,4,完整,1.0,"废气收集系统的输送管道应密闭。废气收集系统
应在负压下运行，若处于正压状态，应对管道组
件的密封垫进行泄漏检测，泄漏检测值不应超过
500μmol/mol，亦不应有感官可察觉泄漏。 | 项目废气收集系统的输送管
道均密闭，废气收集系统在
负压下运行。 | 符合",,解析文本拼接_表格清洗增强_01_001-020.md,018_佛山市智龙科技有限公司迁扩建项目_01_受理公告或公示版
PL019,PL019_佛山市智龙科技有限公司迁扩建项目_01_受理公告或公示版.pdf,17,1,7,完整,1.0,"9.1 | 开展简易低效VOCs治理设施清理整治。严格限
制新改扩建项目使用光催化、光氧化、水喷淋(吸
收可溶性VOCs除外)、低温等离子等低效VOCs
治理设施(恶臭处理除外)。各地要对低效VOCs
治理设施开展排查，对达不到治理要求的单位，
要督促其更换或升级改造。 | 项目有机废气治理设施为
“干式过滤棉+活性炭吸附”
装置，不属于低效VOCs治
理设",,解析文本拼接_表格清洗增强_01_001-020.md,018_佛山市智龙科技有限公司迁扩建项目_01_受理公告或公示版
PL019,PL019_佛山市智龙科技有限公司迁扩建项目_01_受理公告或公示版.pdf,17,1,8,完整,1.0,"9.2 | 严格执行涂料、油墨、胶粘剂、清洗剂VOCs
含量限值标准，建立多部门联合执法机制，加强
对相关产品生产、销售、使用环节VOCs含量限
值执行情况的监督检查。 | 项目使用的物料均不属于高
挥发性有机物原辅材料，符
合政策要求。 | 符合",,解析文本拼接_表格清洗增强_01_001-020.md,018_佛山市智龙科技有限公司迁扩建项目_01_受理公告或公示版
PL019,PL019_佛山市智龙科技有限公司迁扩建项目_01_受理公告或公示版.pdf,17,1,10,完整,1.0,"10.1 | 按照《佛山市安全生产委员会办公室关于印发佛
山市有机废气治理设施安全专项整治工作方案
的通知》(佛安办(2020)9.1246号)部署，要求已 | 项目有机废气治理设施为
“干式过滤棉+活性炭吸附”
装置。不属于上述低效治理 | 符合",,解析文本拼接_表格清洗增强_01_001-020.md,018_佛山市智龙科技有限公司迁扩建项目_01_受理公告或公示版
PL019,PL019_佛山市智龙科技有限公司迁扩建项目_01_受理公告或公示版.pdf,17,2,7,疑似缺失,0.5,式过滤棉 活性炭吸附”装置 | 符合,式过滤棉 活性炭吸附”装置,解析文本拼接_表格清洗增强_01_001-020.md,018_佛山市智龙科技有限公司迁扩建项目_01_受理公告或公示版
PL019,PL019_佛山市智龙科技有限公司迁扩建项目_01_受理公告或公示版.pdf,17,2,8,疑似缺失,0.5,应排至 废气收集处理系统；无法密闭的， | +,应排至 废气收集处理系统；无法密闭的，,解析文本拼接_表格清洗增强_01_001-020.md,018_佛山市智龙科技有限公司迁扩建项目_01_受理公告或公示版
PL019,PL019_佛山市智龙科技有限公司迁扩建项目_01_受理公告或公示版.pdf,17,2,9,疑似缺失,0.5,VOCs | 处理后引至 米排气筒,处理后引至 米排气筒,解析文本拼接_表格清洗增强_01_001-020.md,018_佛山市智龙科技有限公司迁扩建项目_01_受理公告或公示版
PL019,PL019_佛山市智龙科技有限公司迁扩建项目_01_受理公告或公示版.pdf,17,2,10,疑似缺失,0.5,应采取局部气体收集措施，废气排至 废 | 45,应采取局部气体收集措施，废气排至 废,解析文本拼接_表格清洗增强_01_001-020.md,018_佛山市智龙科技有限公司迁扩建项目_01_受理公告或公示版
PL019,PL019_佛山市智龙科技有限公司迁扩建项目_01_受理公告或公示版.pdf,17,2,11,完整,1.0,VOCs | 高空排放。,,解析文本拼接_表格清洗增强_01_001-020.md,018_佛山市智龙科技有限公司迁扩建项目_01_受理公告或公示版
PL019,PL019_佛山市智龙科技有限公司迁扩建项目_01_受理公告或公示版.pdf,17,2,12,完整,1.0,气收集处理系统。 | DA001,,解析文本拼接_表格清洗增强_01_001-020.md,018_佛山市智龙科技有限公司迁扩建项目_01_受理公告或公示版
PL019,PL019_佛山市智龙科技有限公司迁扩建项目_01_受理公告或公示版.pdf,17,2,17,疑似缺失,0.0,VOCs 0.3m/s | 风速为 。,VOCs 0.3m/s；风速为 。,解析文本拼接_表格清洗增强_01_001-020.md,018_佛山市智龙科技有限公司迁扩建项目_01_受理公告或公示版
PL019,PL019_佛山市智龙科技有限公司迁扩建项目_01_受理公告或公示版.pdf,17,2,18,完整,1.0,废气 | 0.5m/s,,解析文本拼接_表格清洗增强_01_001-020.md,018_佛山市智龙科技有限公司迁扩建项目_01_受理公告或公示版
PL019,PL019_佛山市智龙科技有限公司迁扩建项目_01_受理公告或公示版.pdf,17,2,20,完整,1.0,收集 | 项目废气收集系统的输送管,,解析文本拼接_表格清洗增强_01_001-020.md,018_佛山市智龙科技有限公司迁扩建项目_01_受理公告或公示版
PL019,PL019_佛山市智龙科技有限公司迁扩建项目_01_受理公告或公示版.pdf,17,2,22,完整,1.0,道均密闭，废气收集系统在 | 符合,,解析文本拼接_表格清洗增强_01_001-020.md,018_佛山市智龙科技有限公司迁扩建项目_01_受理公告或公示版
PL019,PL019_佛山市智龙科技有限公司迁扩建项目_01_受理公告或公示版.pdf,17,2,29,完整,1.0,a | 污染物排放标准》,,解析文本拼接_表格清洗增强_01_001-020.md,018_佛山市智龙科技有限公司迁扩建项目_01_受理公告或公示版
PL019,PL019_佛山市智龙科技有限公司迁扩建项目_01_受理公告或公示版.pdf,17,2,32,疑似缺失,0.0,（ ）第Ⅱ时段排放限值，合成革和 | GB31572-2015 2024,（ ）第Ⅱ时段排放限值，合成革和；GB31572-2015 2024,解析文本拼接_表格清洗增强_01_001-020.md,018_佛山市智龙科技有限公司迁扩建项目_01_受理公告或公示版
PL019,PL019_佛山市智龙科技有限公司迁扩建项目_01_受理公告或公示版.pdf,17,2,33,疑似缺失,0.5,DB4427-2001 | 年修改单）中表 大气污染,年修改单）中表 大气污染,解析文本拼接_表格清洗增强_01_001-020.md,018_佛山市智龙科技有限公司迁扩建项目_01_受理公告或公示版
PL019,PL019_佛山市智龙科技有限公司迁扩建项目_01_受理公告或公示版.pdf,17,2,34,完整,1.0,人造革企业排放浓度不高于《合成革与人造革工 | 4,,解析文本拼接_表格清洗增强_01_001-020.md,018_佛山市智龙科技有限公司迁扩建项目_01_受理公告或公示版
PL019,PL019_佛山市智龙科技有限公司迁扩建项目_01_受理公告或公示版.pdf,17,2,37,完整,1.0,GB21902-2008 | 准《固定污染源挥发性有机,,解析文本拼接_表格清洗增强_01_001-020.md,018_佛山市智龙科技有限公司迁扩建项目_01_受理公告或公示版
PL019,PL019_佛山市智龙科技有限公司迁扩建项目_01_受理公告或公示版.pdf,17,2,39,完整,1.0,排放 | 物综合排放标准》,,解析文本拼接_表格清洗增强_01_001-020.md,018_佛山市智龙科技有限公司迁扩建项目_01_受理公告或公示版
PL019,PL019_佛山市智龙科技有限公司迁扩建项目_01_受理公告或公示版.pdf,17,2,40,完整,1.0,造业的大气污染物排放标准，则有机废气排气筒 | 符合,,解析文本拼接_表格清洗增强_01_001-020.md,018_佛山市智龙科技有限公司迁扩建项目_01_受理公告或公示版
PL019,PL019_佛山市智龙科技有限公司迁扩建项目_01_受理公告或公示版.pdf,17,2,42,完整,1.0,排放浓度不高于相应的排放限值；车间或生产设 | DB44/2367-2022 1,,解析文本拼接_表格清洗增强_01_001-020.md,018_佛山市智龙科技有限公司迁扩建项目_01_受理公告或公示版
PL019,PL019_佛山市智龙科技有限公司迁扩建项目_01_受理公告或公示版.pdf,17,2,45,疑似缺失,0.5,NMHC ≥3kg/h | 值；厂区内无组织排放监控,NMHC ≥3kg/h,解析文本拼接_表格清洗增强_01_001-020.md,018_佛山市智龙科技有限公司迁扩建项目_01_受理公告或公示版
PL019,PL019_佛山市智龙科技有限公司迁扩建项目_01_受理公告或公示版.pdf,17,2,47,疑似缺失,0.0,VOCs ≥80% b | 点 达到广东省《固定,VOCs ≥80% b；点 达到广东省《固定,解析文本拼接_表格清洗增强_01_001-020.md,018_佛山市智龙科技有限公司迁扩建项目_01_受理公告或公示版
PL019,PL019_佛山市智龙科技有限公司迁扩建项目_01_受理公告或公示版.pdf,17,2,49,完整,1.0,NMHC | 污染源挥发性有机物综合排,,解析文本拼接_表格清洗增强_01_001-020.md,018_佛山市智龙科技有限公司迁扩建项目_01_受理公告或公示版
PL019,PL019_佛山市智龙科技有限公司迁扩建项目_01_受理公告或公示版.pdf,17,2,52,完整,1.0,3。 | DB44/2367-2022,,解析文本拼接_表格清洗增强_01_001-020.md,018_佛山市智龙科技有限公司迁扩建项目_01_受理公告或公示版
PL019,PL019_佛山市智龙科技有限公司迁扩建项目_01_受理公告或公示版.pdf,17,2,53,疑似缺失,0.5,20mg/m | 表 厂区内 无组织排,表 厂区内 无组织排,解析文本拼接_表格清洗增强_01_001-020.md,018_佛山市智龙科技有限公司迁扩建项目_01_受理公告或公示版
PL019,PL019_佛山市智龙科技有限公司迁扩建项目_01_受理公告或公示版.pdf,17,2,56,完整,1.0,9、《广 | 东省人民政府办公厅关于印发《广东省2023年 | 大气污染防治工作方案的通知 | 》(粤,,解析文本拼接_表格清洗增强_01_001-020.md,018_佛山市智龙科技有限公司迁扩建项目_01_受理公告或公示版
PL019,PL019_佛山市智龙科技有限公司迁扩建项目_01_受理公告或公示版.pdf,17,2,59,完整,1.0,制新改扩建项目使用光催化、光氧化、水喷淋(吸 | 项目有机废气治理设施为,,解析文本拼接_表格清洗增强_01_001-020.md,018_佛山市智龙科技有限公司迁扩建项目_01_受理公告或公示版
PL019,PL019_佛山市智龙科技有限公司迁扩建项目_01_受理公告或公示版.pdf,17,2,60,完整,1.0,收可溶性VOCs除外)、低温等离子等低效VOCs | “干式过滤棉+活性炭吸附”,,解析文本拼接_表格清洗增强_01_001-020.md,018_佛山市智龙科技有限公司迁扩建项目_01_受理公告或公示版
PL019,PL019_佛山市智龙科技有限公司迁扩建项目_01_受理公告或公示版.pdf,17,2,63,完整,1.0,治理设施(恶臭处理除外)。各地要对低效VOCs | 装置，不属于低效VOCs治,,解析文本拼接_表格清洗增强_01_001-020.md,018_佛山市智龙科技有限公司迁扩建项目_01_受理公告或公示版
PL019,PL019_佛山市智龙科技有限公司迁扩建项目_01_受理公告或公示版.pdf,17,2,67,完整,1.0,VOCs | 项目使用的物料均不属于高,,解析文本拼接_表格清洗增强_01_001-020.md,018_佛山市智龙科技有限公司迁扩建项目_01_受理公告或公示版
PL019,PL019_佛山市智龙科技有限公司迁扩建项目_01_受理公告或公示版.pdf,17,2,69,完整,1.0,挥发性有机物原辅材料，符 | 符合,,解析文本拼接_表格清洗增强_01_001-020.md,018_佛山市智龙科技有限公司迁扩建项目_01_受理公告或公示版
PL019,PL019_佛山市智龙科技有限公司迁扩建项目_01_受理公告或公示版.pdf,17,2,71,完整,1.0,对相关产品生产、销售、使用环节VOCs含量限 | 合政策要求。,,解析文本拼接_表格清洗增强_01_001-020.md,018_佛山市智龙科技有限公司迁扩建项目_01_受理公告或公示版
PL019,PL019_佛山市智龙科技有限公司迁扩建项目_01_受理公告或公示版.pdf,17,2,73,完整,1.0,10、《佛山市顺德区强化大气污染防治行 | 动方案 (2024年)》,,解析文本拼接_表格清洗增强_01_001-020.md,018_佛山市智龙科技有限公司迁扩建项目_01_受理公告或公示版
PL019,PL019_佛山市智龙科技有限公司迁扩建项目_01_受理公告或公示版.pdf,17,2,74,完整,1.0,按照《佛山市安全生产委员会办公室关于印发佛 | 项目有机废气治理设施为,,解析文本拼接_表格清洗增强_01_001-020.md,018_佛山市智龙科技有限公司迁扩建项目_01_受理公告或公示版
PL019,PL019_佛山市智龙科技有限公司迁扩建项目_01_受理公告或公示版.pdf,17,2,75,完整,1.0,10.1 | 山市有机废气治理设施安全专项整治工作方案 | “干式过滤棉+活性炭吸附” | 符合,,解析文本拼接_表格清洗增强_01_001-020.md,018_佛山市智龙科技有限公司迁扩建项目_01_受理公告或公示版
PL019,PL019_佛山市智龙科技有限公司迁扩建项目_01_受理公告或公示版.pdf,17,2,76,完整,1.0,的通知》(佛安办(2020)9.1246号)部署，要求已 | 装置。不属于上述低效治理,,解析文本拼接_表格清洗增强_01_001-020.md,018_佛山市智龙科技有限公司迁扩建项目_01_受理公告或公示版
PL019,PL019_佛山市智龙科技有限公司迁扩建项目_01_受理公告或公示版.pdf,18,1,1,完整,1.0,"登记造册的仍在使用低温等离子、UV光解设备
设施的企业，2024年底基本完成光氧化、光催
化、低温等离子等低效治理设施淘汰。 | 设施。",,解析文本拼接_表格清洗增强_01_001-020.md,018_佛山市智龙科技有限公司迁扩建项目_01_受理公告或公示版
PL019,PL019_佛山市智龙科技有限公司迁扩建项目_01_受理公告或公示版.pdf,18,1,3,完整,1.0,"11.1 | 总量替代原则。根据区域现状、改善目标、减排
空间，全区建设项目新增VOCs排放量施行“减
二增一”政策。其中，有组织排放和无组织排放
均纳入新增指标管理；非甲烷总烃合并计入
VOCs管理。 | 项目新增VOCs排放总量指
标为0.839t/a，由勒流镇出具
VOCs总量指标来源及替代
削减方案的意见。 | 符合",,解析文本拼接_表格清洗增强_01_001-020.md,018_佛山市智龙科技有限公司迁扩建项目_01_受理公告或公示版
PL019,PL019_佛山市智龙科技有限公司迁扩建项目_01_受理公告或公示版.pdf,18,2,1,完整,1.0,登记造册的仍在使用低温等离子、UV光解设备 | 设施。,,解析文本拼接_表格清洗增强_01_001-020.md,018_佛山市智龙科技有限公司迁扩建项目_01_受理公告或公示版
PL019,PL019_佛山市智龙科技有限公司迁扩建项目_01_受理公告或公示版.pdf,18,2,4,完整,1.0,11、顺 | 德区生态环境保护委员会办公室关于印发《顺德 | 区重点行业挥发性有机物总量指标,,解析文本拼接_表格清洗增强_01_001-020.md,018_佛山市智龙科技有限公司迁扩建项目_01_受理公告或公示版
PL019,PL019_佛山市智龙科技有限公司迁扩建项目_01_受理公告或公示版.pdf,18,2,5,完整,1.0,管理工作方案（2024年修订）（顺环 | 委办[2024]3号),,解析文本拼接_表格清洗增强_01_001-020.md,018_佛山市智龙科技有限公司迁扩建项目_01_受理公告或公示版
PL019,PL019_佛山市智龙科技有限公司迁扩建项目_01_受理公告或公示版.pdf,18,2,8,疑似缺失,0.5,空间，全区建设项目新增 排放量施行 减 | VOCs,空间，全区建设项目新增 排放量施行 减,解析文本拼接_表格清洗增强_01_001-020.md,018_佛山市智龙科技有限公司迁扩建项目_01_受理公告或公示版
PL019,PL019_佛山市智龙科技有限公司迁扩建项目_01_受理公告或公示版.pdf,18,2,9,疑似缺失,0.0,VOCs “ | 标为 ，由勒流镇出具,VOCs “；标为 ，由勒流镇出具,解析文本拼接_表格清洗增强_01_001-020.md,018_佛山市智龙科技有限公司迁扩建项目_01_受理公告或公示版
PL019,PL019_佛山市智龙科技有限公司迁扩建项目_01_受理公告或公示版.pdf,18,2,10,疑似缺失,0.0,"二增一 政策。其中，有组织排放和无组织排放 | 0.839t/a
符合","二增一 政策。其中，有组织排放和无组织排放；0.839t/a
符合",解析文本拼接_表格清洗增强_01_001-020.md,018_佛山市智龙科技有限公司迁扩建项目_01_受理公告或公示版
PL019,PL019_佛山市智龙科技有限公司迁扩建项目_01_受理公告或公示版.pdf,18,2,11,完整,1.0,11.1 | ” | 总量指标来源及替代,,解析文本拼接_表格清洗增强_01_001-020.md,018_佛山市智龙科技有限公司迁扩建项目_01_受理公告或公示版
PL019,PL019_佛山市智龙科技有限公司迁扩建项目_01_受理公告或公示版.pdf,18,2,12,完整,1.0,均纳入新增指标管理；非甲烷总烃合并计入 | VOCs,,解析文本拼接_表格清洗增强_01_001-020.md,018_佛山市智龙科技有限公司迁扩建项目_01_受理公告或公示版
PL019,PL019_佛山市智龙科技有限公司迁扩建项目_01_受理公告或公示版.pdf,18,2,15,完整,1.0,4、 | 选址合理性分析,,解析文本拼接_表格清洗增强_01_001-020.md,018_佛山市智龙科技有限公司迁扩建项目_01_受理公告或公示版
PL019,PL019_佛山市智龙科技有限公司迁扩建项目_01_受理公告或公示版.pdf,18,2,16,完整,1.0,本 | 项目位于广东省佛山市顺德区勒流街道江 | 村村工业大道18号华科园6栋,,解析文本拼接_表格清洗增强_01_001-020.md,018_佛山市智龙科技有限公司迁扩建项目_01_受理公告或公示版
PL019,PL019_佛山市智龙科技有限公司迁扩建项目_01_受理公告或公示版.pdf,18,2,17,完整,1.0,201之 | 一，根据《佛山市顺德区勒流中部产业园（ | SD-H-02-05 编制单元）控制性,,解析文本拼接_表格清洗增强_01_001-020.md,018_佛山市智龙科技有限公司迁扩建项目_01_受理公告或公示版
PL019,PL019_佛山市智龙科技有限公司迁扩建项目_01_受理公告或公示版.pdf,18,2,20,完整,1.0,5 | 、项目与《环境保护综合名录》（2021年 | 版）相符性分析,,解析文本拼接_表格清洗增强_01_001-020.md,018_佛山市智龙科技有限公司迁扩建项目_01_受理公告或公示版
PL019,PL019_佛山市智龙科技有限公司迁扩建项目_01_受理公告或公示版.pdf,18,2,21,完整,1.0,项目 | 生产的产品为滑轮，不属于《环境保护综 | 合名录》（2021年版）中“高污,,解析文本拼接_表格清洗增强_01_001-020.md,018_佛山市智龙科技有限公司迁扩建项目_01_受理公告或公示版
PL019,PL019_佛山市智龙科技有限公司迁扩建项目_01_受理公告或公示版.pdf,18,2,22,完整,1.0,染、高 | 环境风险”产品，符合《环境保护综合名录 | 》（2021年版）的相关规定。,,解析文本拼接_表格清洗增强_01_001-020.md,018_佛山市智龙科技有限公司迁扩建项目_01_受理公告或公示版
PL019,PL019_佛山市智龙科技有限公司迁扩建项目_01_受理公告或公示版.pdf,19,1,3,完整,1.0,"主体
工程 | 生产车间 | 面积约700m2，厂房
层高5米，含混料、
破碎、注塑区域、组
装车间 | 面积约500m2，厂房
层高5.5米，含混料、
破碎、注塑区域 | 搬迁至广东
省佛山市顺
德区勒流街
道江村村工
业大道18号
华科园6栋
201之一，建
筑面积
1100m2，车间
内部重新布
局，详见迁扩
建后情况 | 依托所
在厂房
已有设
施",,解析文本拼接_表格清洗增强_01_001-020.md,018_佛山市智龙科技有限公司迁扩建项目_01_受理公告或公示版
PL019,PL019_佛山市智龙科技有限公司迁扩建项目_01_受理公告或公示版.pdf,19,1,4,完整,1.0,"辅助
工程 | 办公室 | 供日常办公使用，建
筑面积约50m2。 | 供日常办公使用，成
品储存，建筑面积约
100m2 | 依托所
在厂房
已有设
施",,解析文本拼接_表格清洗增强_01_001-020.md,018_佛山市智龙科技有限公司迁扩建项目_01_受理公告或公示版
PL019,PL019_佛山市智龙科技有限公司迁扩建项目_01_受理公告或公示版.pdf,19,1,5,完整,1.0,"仓库 | 供原料、成品储存，
建筑面积约50m2。 | 供原料、成品储存，
建筑面积约495m2。 | 依托所
在厂房
已有设
施",,解析文本拼接_表格清洗增强_01_001-020.md,018_佛山市智龙科技有限公司迁扩建项目_01_受理公告或公示版
PL019,PL019_佛山市智龙科技有限公司迁扩建项目_01_受理公告或公示版.pdf,19,2,1,完整,1.0,年 | 产溜冰 | 鞋轮 300 | 万个、滑板车轮 300 | 万个新建项目》的 | 环评批复（佛 | 环 0304,,解析文本拼接_表格清洗增强_01_001-020.md,018_佛山市智龙科技有限公司迁扩建项目_01_受理公告或公示版
PL019,PL019_佛山市智龙科技有限公司迁扩建项目_01_受理公告或公示版.pdf,19,2,2,完整,1.0,环 | 审[202 | 1]第0002 | 号），2021年5月2 | 4日通过竣工环境保 | 护验收。2021 | 年5月,,解析文本拼接_表格清洗增强_01_001-020.md,018_佛山市智龙科技有限公司迁扩建项目_01_受理公告或公示版
PL019,PL019_佛山市智龙科技有限公司迁扩建项目_01_受理公告或公示版.pdf,19,2,3,完整,1.0,完 | 成固定 | 污染源排 | 污登记，编号：9144 | 0606MA558YA35M | 001W。原项目 | 位于广,,解析文本拼接_表格清洗增强_01_001-020.md,018_佛山市智龙科技有限公司迁扩建项目_01_受理公告或公示版
PL019,PL019_佛山市智龙科技有限公司迁扩建项目_01_受理公告或公示版.pdf,19,2,4,完整,1.0,东 | 省佛山 | 市顺德区勒 | 流街道勒北村百丈 | 工业一路9号A之 | 四，年产溜冰 | 鞋轮300,,解析文本拼接_表格清洗增强_01_001-020.md,018_佛山市智龙科技有限公司迁扩建项目_01_受理公告或公示版
PL019,PL019_佛山市智龙科技有限公司迁扩建项目_01_受理公告或公示版.pdf,19,2,5,完整,1.0,万 | 个、滑 | 板车轮300 | 万个。因企业发展 | 需要，企业拟选址于 | 广东省佛山市 | 顺德区,,解析文本拼接_表格清洗增强_01_001-020.md,018_佛山市智龙科技有限公司迁扩建项目_01_受理公告或公示版
PL019,PL019_佛山市智龙科技有限公司迁扩建项目_01_受理公告或公示版.pdf,19,2,6,完整,1.0,勒 | 流街道 | 江村村工业 | 大道18号华科园6 | 栋201之一进行迁 | 扩建生产，项目 | 所在建,,解析文本拼接_表格清洗增强_01_001-020.md,018_佛山市智龙科技有限公司迁扩建项目_01_受理公告或公示版
PL019,PL019_佛山市智龙科技有限公司迁扩建项目_01_受理公告或公示版.pdf,19,2,7,完整,1.0,筑 | 为8 层 | 高的工业 | 厂房，首层高度为 8 | 米，其他楼层高度 | 为 5.95m，建筑 | 物总高,,解析文本拼接_表格清洗增强_01_001-020.md,018_佛山市智龙科技有限公司迁扩建项目_01_受理公告或公示版
PL019,PL019_佛山市智龙科技有限公司迁扩建项目_01_受理公告或公示版.pdf,19,2,8,完整,1.0,度 | 为43. | 7m。现进行 | 迁扩建环境影响评价 | 审批申请，本项目 | 预计年产溜冰 | 鞋轮300,,解析文本拼接_表格清洗增强_01_001-020.md,018_佛山市智龙科技有限公司迁扩建项目_01_受理公告或公示版
PL019,PL019_佛山市智龙科技有限公司迁扩建项目_01_受理公告或公示版.pdf,19,2,9,完整,1.0,万 | 个、滑 | 板车轮300 | 万个、儿童车轮30 | 0万个、其他车轮1 | 00万个。,,解析文本拼接_表格清洗增强_01_001-020.md,018_佛山市智龙科技有限公司迁扩建项目_01_受理公告或公示版
PL019,PL019_佛山市智龙科技有限公司迁扩建项目_01_受理公告或公示版.pdf,19,2,10,完整,1.0,2.工 | 程组成,,解析文本拼接_表格清洗增强_01_001-020.md,018_佛山市智龙科技有限公司迁扩建项目_01_受理公告或公示版
PL019,PL019_佛山市智龙科技有限公司迁扩建项目_01_受理公告或公示版.pdf,19,2,12,完整,1.0,表2.1 迁扩建前 | 后项目工程组成表,,解析文本拼接_表格清洗增强_01_001-020.md,018_佛山市智龙科技有限公司迁扩建项目_01_受理公告或公示版
PL019,PL019_佛山市智龙科技有限公司迁扩建项目_01_受理公告或公示版.pdf,19,2,16,疑似缺失,0.667,面积约 2，厂房 | 搬迁至广东 | 依托所,面积约 2，厂房,解析文本拼接_表格清洗增强_01_001-020.md,018_佛山市智龙科技有限公司迁扩建项目_01_受理公告或公示版
PL019,PL019_佛山市智龙科技有限公司迁扩建项目_01_受理公告或公示版.pdf,19,2,17,疑似缺失,0.5,700m | 面积约 2，厂房,面积约 2，厂房,解析文本拼接_表格清洗增强_01_001-020.md,018_佛山市智龙科技有限公司迁扩建项目_01_受理公告或公示版
PL019,PL019_佛山市智龙科技有限公司迁扩建项目_01_受理公告或公示版.pdf,19,2,18,部分,0.8,主体 | 层高 米，含混料、 | 500m | 省佛山市顺 | 在厂房,层高 米，含混料、,解析文本拼接_表格清洗增强_01_001-020.md,018_佛山市智龙科技有限公司迁扩建项目_01_受理公告或公示版
PL019,PL019_佛山市智龙科技有限公司迁扩建项目_01_受理公告或公示版.pdf,19,2,19,疑似缺失,0.667,生产车间 | 5 | 层高 米，含混料、,层高 米，含混料、,解析文本拼接_表格清洗增强_01_001-020.md,018_佛山市智龙科技有限公司迁扩建项目_01_受理公告或公示版
PL019,PL019_佛山市智龙科技有限公司迁扩建项目_01_受理公告或公示版.pdf,19,2,20,完整,1.0,工程 | 破碎、注塑区域、组 | 5.5 | 德区勒流街 | 已有设,,解析文本拼接_表格清洗增强_01_001-020.md,018_佛山市智龙科技有限公司迁扩建项目_01_受理公告或公示版
PL019,PL019_佛山市智龙科技有限公司迁扩建项目_01_受理公告或公示版.pdf,19,2,26,完整,1.0,供日常办公使用，成 | 6,,解析文本拼接_表格清洗增强_01_001-020.md,018_佛山市智龙科技有限公司迁扩建项目_01_受理公告或公示版
PL019,PL019_佛山市智龙科技有限公司迁扩建项目_01_受理公告或公示版.pdf,19,2,28,完整,1.0,办公室 | 品储存，建筑面积约 | 201,,解析文本拼接_表格清洗增强_01_001-020.md,018_佛山市智龙科技有限公司迁扩建项目_01_受理公告或公示版
PL019,PL019_佛山市智龙科技有限公司迁扩建项目_01_受理公告或公示版.pdf,19,2,29,完整,1.0,筑面积约50m2。 | 已有设,,解析文本拼接_表格清洗增强_01_001-020.md,018_佛山市智龙科技有限公司迁扩建项目_01_受理公告或公示版
PL019,PL019_佛山市智龙科技有限公司迁扩建项目_01_受理公告或公示版.pdf,19,2,32,完整,1.0,辅助 | 2，车间 | 施,,解析文本拼接_表格清洗增强_01_001-020.md,018_佛山市智龙科技有限公司迁扩建项目_01_受理公告或公示版
PL019,PL019_佛山市智龙科技有限公司迁扩建项目_01_受理公告或公示版.pdf,19,2,38,完整,1.0,建筑面积约50m2。 | 建筑面积约495m2。 | 建后情况 | 已有设,,解析文本拼接_表格清洗增强_01_001-020.md,018_佛山市智龙科技有限公司迁扩建项目_01_受理公告或公示版
PL019,PL019_佛山市智龙科技有限公司迁扩建项目_01_受理公告或公示版.pdf,20,1,3,完整,1.0,"环保
工程 | 废
水
治
理 | 生活
污水 | 独立处理设施 | 三级化粪池 | 迁建后废水
治理设施为
三级化粪池 | 依托所
在厂区
已有生
活污水
处理设
施",,解析文本拼接_表格清洗增强_01_001-020.md,018_佛山市智龙科技有限公司迁扩建项目_01_受理公告或公示版
PL019,PL019_佛山市智龙科技有限公司迁扩建项目_01_受理公告或公示版.pdf,20,1,4,完整,1.0,"废
气
治
理 | 注塑、
超声
波焊
接、焊
锡、浸
锡、组
装 | 二级活性炭（排气筒
编号G1；风量
15000m3/h，15米高
空排放） | 干式过滤棉+活性炭
吸附（排气筒编号
DA001；风量
20000m3/h，45米高
空排放） | 更新“干式过
滤棉+活性炭
吸附”处理设
施 | /",,解析文本拼接_表格清洗增强_01_001-020.md,018_佛山市智龙科技有限公司迁扩建项目_01_受理公告或公示版
PL019,PL019_佛山市智龙科技有限公司迁扩建项目_01_受理公告或公示版.pdf,20,1,5,完整,1.0,"噪声治理 | 高噪声设备基础减
振、局部隔声降噪措
施 | 选用低噪声设备，并
采取减振、隔声、消
声、降噪措施 | 迁扩建后厂
房采用低噪
声设备、做好
设备隔声、减
振处理、合理
布局车间 | /",,解析文本拼接_表格清洗增强_01_001-020.md,018_佛山市智龙科技有限公司迁扩建项目_01_受理公告或公示版
PL019,PL019_佛山市智龙科技有限公司迁扩建项目_01_受理公告或公示版.pdf,20,1,6,完整,1.0,"固废贮存 | 生活垃圾交环卫部
门及时清运处理；一
般工业固体废物交
回收单位回收处理；
设有危废暂存区，废
机油、废液压油、含
油废抹布、废包装
桶、废活性炭收集后
定期交由具有危废
运营资质的单位统
一处理 | 员工生活垃圾经收
集后交由环卫部门
定期清运处理；一般
固体废物交由资源
回收公司回收；废机
油、废液压油、废活
性炭、废油桶、含油
废抹布、废",,解析文本拼接_表格清洗增强_01_001-020.md,018_佛山市智龙科技有限公司迁扩建项目_01_受理公告或公示版
PL019,PL019_佛山市智龙科技有限公司迁扩建项目_01_受理公告或公示版.pdf,20,1,8,完整,1.0,"序号 | 产品名称 | 迁扩建前
（万个/年） | 变化（万
个/年） | 迁扩建后
（万个/年） | 滑轮塑料重
量，不含金
属配件（kg/
个） | 塑料总用量
（吨/年）",,解析文本拼接_表格清洗增强_01_001-020.md,018_佛山市智龙科技有限公司迁扩建项目_01_受理公告或公示版
PL019,PL019_佛山市智龙科技有限公司迁扩建项目_01_受理公告或公示版.pdf,20,2,25,疑似缺失,0.5,超声 | 干式过滤棉 活性炭,干式过滤棉 活性炭,解析文本拼接_表格清洗增强_01_001-020.md,018_佛山市智龙科技有限公司迁扩建项目_01_受理公告或公示版
PL019,PL019_佛山市智龙科技有限公司迁扩建项目_01_受理公告或公示版.pdf,20,2,26,完整,1.0,废 | 二级活性炭（排气筒 | + | 更新“干式过,,解析文本拼接_表格清洗增强_01_001-020.md,018_佛山市智龙科技有限公司迁扩建项目_01_受理公告或公示版
PL019,PL019_佛山市智龙科技有限公司迁扩建项目_01_受理公告或公示版.pdf,20,2,27,完整,1.0,波焊 | 吸附（排气筒编号,,解析文本拼接_表格清洗增强_01_001-020.md,018_佛山市智龙科技有限公司迁扩建项目_01_受理公告或公示版
PL019,PL019_佛山市智龙科技有限公司迁扩建项目_01_受理公告或公示版.pdf,20,2,28,完整,1.0,气 | 编号G1；风量 | 滤棉+活性炭,,解析文本拼接_表格清洗增强_01_001-020.md,018_佛山市智龙科技有限公司迁扩建项目_01_受理公告或公示版
PL019,PL019_佛山市智龙科技有限公司迁扩建项目_01_受理公告或公示版.pdf,20,2,30,部分,0.8,治 | 3 ， 米高 | DA001 | 吸附”处理设 | /,3 ， 米高,解析文本拼接_表格清洗增强_01_001-020.md,018_佛山市智龙科技有限公司迁扩建项目_01_受理公告或公示版
PL019,PL019_佛山市智龙科技有限公司迁扩建项目_01_受理公告或公示版.pdf,20,2,31,疑似缺失,0.333,锡、浸 | 15000m /h 15 | 3 ， 米高,15000m /h 15；3 ， 米高,解析文本拼接_表格清洗增强_01_001-020.md,018_佛山市智龙科技有限公司迁扩建项目_01_受理公告或公示版
PL019,PL019_佛山市智龙科技有限公司迁扩建项目_01_受理公告或公示版.pdf,20,2,32,部分,0.75,理 | 空排放） | 20000m /h 45 | 施,20000m /h 45,解析文本拼接_表格清洗增强_01_001-020.md,018_佛山市智龙科技有限公司迁扩建项目_01_受理公告或公示版
PL019,PL019_佛山市智龙科技有限公司迁扩建项目_01_受理公告或公示版.pdf,20,2,37,完整,1.0,高噪声设备基础减 | 选用低噪声设备，并,,解析文本拼接_表格清洗增强_01_001-020.md,018_佛山市智龙科技有限公司迁扩建项目_01_受理公告或公示版
PL019,PL019_佛山市智龙科技有限公司迁扩建项目_01_受理公告或公示版.pdf,20,2,39,完整,1.0,噪声 | 治理 | 振、局部隔声降噪措 | 采取减振、隔声、消,,解析文本拼接_表格清洗增强_01_001-020.md,018_佛山市智龙科技有限公司迁扩建项目_01_受理公告或公示版
PL019,PL019_佛山市智龙科技有限公司迁扩建项目_01_受理公告或公示版.pdf,20,2,50,完整,1.0,设有危废暂存区，废 | 回收公司回收；废机,,解析文本拼接_表格清洗增强_01_001-020.md,018_佛山市智龙科技有限公司迁扩建项目_01_受理公告或公示版
PL019,PL019_佛山市智龙科技有限公司迁扩建项目_01_受理公告或公示版.pdf,20,2,52,完整,1.0,固废 | 贮存 | 机油、废液压油、含 | 油、废液压油、废活,,解析文本拼接_表格清洗增强_01_001-020.md,018_佛山市智龙科技有限公司迁扩建项目_01_受理公告或公示版
PL019,PL019_佛山市智龙科技有限公司迁扩建项目_01_受理公告或公示版.pdf,20,2,56,完整,1.0,桶、废活性炭收集后 | 废抹布、废包装桶、,,解析文本拼接_表格清洗增强_01_001-020.md,018_佛山市智龙科技有限公司迁扩建项目_01_受理公告或公示版
PL019,PL019_佛山市智龙科技有限公司迁扩建项目_01_受理公告或公示版.pdf,20,2,57,完整,1.0,定期交由具有危废 | 废PCB板、废滤芯,,解析文本拼接_表格清洗增强_01_001-020.md,018_佛山市智龙科技有限公司迁扩建项目_01_受理公告或公示版
PL019,PL019_佛山市智龙科技有限公司迁扩建项目_01_受理公告或公示版.pdf,20,2,59,完整,1.0,一处理 | 危废公司处置,,解析文本拼接_表格清洗增强_01_001-020.md,018_佛山市智龙科技有限公司迁扩建项目_01_受理公告或公示版
PL019,PL019_佛山市智龙科技有限公司迁扩建项目_01_受理公告或公示版.pdf,20,2,61,完整,1.0,建 | 项目主要 | 从事滑轮的生产组 | 装，主要产品及产能 | 见下表：,,解析文本拼接_表格清洗增强_01_001-020.md,018_佛山市智龙科技有限公司迁扩建项目_01_受理公告或公示版
PL019,PL019_佛山市智龙科技有限公司迁扩建项目_01_受理公告或公示版.pdf,20,2,62,完整,1.0,表2.2 | 产品及产能,,解析文本拼接_表格清洗增强_01_001-020.md,018_佛山市智龙科技有限公司迁扩建项目_01_受理公告或公示版
PL019,PL019_佛山市智龙科技有限公司迁扩建项目_01_受理公告或公示版.pdf,21,1,1,完整,1.0,1 | 溜冰鞋轮 | 300 | 0 | 300 | 0.058 | 174,,解析文本拼接_表格清洗增强_01_001-020.md,018_佛山市智龙科技有限公司迁扩建项目_01_受理公告或公示版
PL019,PL019_佛山市智龙科技有限公司迁扩建项目_01_受理公告或公示版.pdf,21,1,2,完整,1.0,2 | 滑板车轮 | 300 | 0 | 300 | 0.057 | 171,,解析文本拼接_表格清洗增强_01_001-020.md,018_佛山市智龙科技有限公司迁扩建项目_01_受理公告或公示版
PL019,PL019_佛山市智龙科技有限公司迁扩建项目_01_受理公告或公示版.pdf,21,1,3,完整,1.0,3 | 儿童车轮 | 0 | +300 | 300 | 0.057 | 171,,解析文本拼接_表格清洗增强_01_001-020.md,018_佛山市智龙科技有限公司迁扩建项目_01_受理公告或公示版
PL019,PL019_佛山市智龙科技有限公司迁扩建项目_01_受理公告或公示版.pdf,21,1,4,完整,1.0,4 | 其他车轮 | 0 | +100 | 100 | 0.059 | 59,,解析文本拼接_表格清洗增强_01_001-020.md,018_佛山市智龙科技有限公司迁扩建项目_01_受理公告或公示版
PL019,PL019_佛山市智龙科技有限公司迁扩建项目_01_受理公告或公示版.pdf,21,1,8,完整,1.0,"1 | PP塑料 | 吨/年 | 210 | +90 | 300 | 20吨 | 25kg/包 | 新料、粒
状",,解析文本拼接_表格清洗增强_01_001-020.md,018_佛山市智龙科技有限公司迁扩建项目_01_受理公告或公示版
PL019,PL019_佛山市智龙科技有限公司迁扩建项目_01_受理公告或公示版.pdf,21,1,9,完整,1.0,"2 | ABS塑料 | 吨/年 | 50 | 0 | 50 | 10吨 | 25kg/包 | 新料、粒
状",,解析文本拼接_表格清洗增强_01_001-020.md,018_佛山市智龙科技有限公司迁扩建项目_01_受理公告或公示版
PL019,PL019_佛山市智龙科技有限公司迁扩建项目_01_受理公告或公示版.pdf,21,1,10,完整,1.0,"3 | PC塑料 | 吨/年 | 20 | 0 | 20 | 2吨 | 25kg/包 | 新料、粒
状",,解析文本拼接_表格清洗增强_01_001-020.md,018_佛山市智龙科技有限公司迁扩建项目_01_受理公告或公示版
PL019,PL019_佛山市智龙科技有限公司迁扩建项目_01_受理公告或公示版.pdf,21,1,11,完整,1.0,4 | 色母 | 吨/年 | 5 | 0 | 5 | / | / | 固态,,解析文本拼接_表格清洗增强_01_001-020.md,018_佛山市智龙科技有限公司迁扩建项目_01_受理公告或公示版
PL019,PL019_佛山市智龙科技有限公司迁扩建项目_01_受理公告或公示版.pdf,21,1,12,完整,1.0,5 | 五金配件 | 吨/年 | 10 | +40 | 50 | / | / | 固态,,解析文本拼接_表格清洗增强_01_001-020.md,018_佛山市智龙科技有限公司迁扩建项目_01_受理公告或公示版
PL019,PL019_佛山市智龙科技有限公司迁扩建项目_01_受理公告或公示版.pdf,21,1,13,完整,1.0,6 | 铜线 | 吨/年 | 8 | +42 | 50 | / | / | 固态,,解析文本拼接_表格清洗增强_01_001-020.md,018_佛山市智龙科技有限公司迁扩建项目_01_受理公告或公示版
PL019,PL019_佛山市智龙科技有限公司迁扩建项目_01_受理公告或公示版.pdf,21,1,14,完整,1.0,7 | 线路板 | 万块/年 | 600 | +400 | 1000 | / | / | 固态,,解析文本拼接_表格清洗增强_01_001-020.md,018_佛山市智龙科技有限公司迁扩建项目_01_受理公告或公示版
PL019,PL019_佛山市智龙科技有限公司迁扩建项目_01_受理公告或公示版.pdf,21,1,15,完整,1.0,8 | LED灯珠 | 万个/年 | 1500 | +1500 | 3000 | / | / | 固态,,解析文本拼接_表格清洗增强_01_001-020.md,018_佛山市智龙科技有限公司迁扩建项目_01_受理公告或公示版
PL019,PL019_佛山市智龙科技有限公司迁扩建项目_01_受理公告或公示版.pdf,21,1,16,完整,1.0,9 | 无铅锡丝 | 吨/年 | 0.2 | +0.3 | 0.5 | / | / | 固态,,解析文本拼接_表格清洗增强_01_001-020.md,018_佛山市智龙科技有限公司迁扩建项目_01_受理公告或公示版
PL019,PL019_佛山市智龙科技有限公司迁扩建项目_01_受理公告或公示版.pdf,21,1,17,完整,1.0,10 | 无铅锡条 | 吨/年 | 0.3 | +0.1 | 0.4 | / | / | 固态,,解析文本拼接_表格清洗增强_01_001-020.md,018_佛山市智龙科技有限公司迁扩建项目_01_受理公告或公示版
PL019,PL019_佛山市智龙科技有限公司迁扩建项目_01_受理公告或公示版.pdf,21,1,18,完整,1.0,11 | 助焊剂 | 吨/年 | 0.5 | +0.3 | 0.8 | 0.1吨 | 5kg/桶 | 液态,,解析文本拼接_表格清洗增强_01_001-020.md,018_佛山市智龙科技有限公司迁扩建项目_01_受理公告或公示版
PL019,PL019_佛山市智龙科技有限公司迁扩建项目_01_受理公告或公示版.pdf,21,1,19,完整,1.0,12 | 液压油 | 吨/年 | 0.4 | +0.2 | 0.6 | 0.2吨 | 200kg/桶 | 液态,,解析文本拼接_表格清洗增强_01_001-020.md,018_佛山市智龙科技有限公司迁扩建项目_01_受理公告或公示版
PL019,PL019_佛山市智龙科技有限公司迁扩建项目_01_受理公告或公示版.pdf,21,1,20,完整,1.0,13 | 机油 | 吨/年 | 0.02 | +0.04 | 0.06 | 0.05吨 | 25kg/桶 | 液态,,解析文本拼接_表格清洗增强_01_001-020.md,018_佛山市智龙科技有限公司迁扩建项目_01_受理公告或公示版
PL019,PL019_佛山市智龙科技有限公司迁扩建项目_01_受理公告或公示版.pdf,21,1,21,完整,1.0,"14 | PVC塑料 | 吨/年 | 0 | +100 | 100 | 10吨 | 25kg/包 | 新料、粒
状",,解析文本拼接_表格清洗增强_01_001-020.md,018_佛山市智龙科技有限公司迁扩建项目_01_受理公告或公示版
PL019,PL019_佛山市智龙科技有限公司迁扩建项目_01_受理公告或公示版.pdf,21,1,22,完整,1.0,"15 | TPU塑料 | 吨/年 | 0 | +100 | 100 | 10吨 | 25kg/包 | 新料、粒
状",,解析文本拼接_表格清洗增强_01_001-020.md,018_佛山市智龙科技有限公司迁扩建项目_01_受理公告或公示版
PL019,PL019_佛山市智龙科技有限公司迁扩建项目_01_受理公告或公示版.pdf,21,1,23,完整,1.0,16 | 硅胶配件 | 吨/年 | 0 | +30 | 30 | / | / | 固态,,解析文本拼接_表格清洗增强_01_001-020.md,018_佛山市智龙科技有限公司迁扩建项目_01_受理公告或公示版
PL019,PL019_佛山市智龙科技有限公司迁扩建项目_01_受理公告或公示版.pdf,21,1,24,完整,1.0,17 | LED灯带 | 万条/年 | 0 | +100 | 100 | / | / | 固态,,解析文本拼接_表格清洗增强_01_001-020.md,018_佛山市智龙科技有限公司迁扩建项目_01_受理公告或公示版
PL019,PL019_佛山市智龙科技有限公司迁扩建项目_01_受理公告或公示版.pdf,21,1,25,完整,1.0,"18 | 热熔胶（棒
状） | 吨/年 | 0 | +2 | 2 | / | 1kg/箱 | 固态",,解析文本拼接_表格清洗增强_01_001-020.md,018_佛山市智龙科技有限公司迁扩建项目_01_受理公告或公示版
PL019,PL019_佛山市智龙科技有限公司迁扩建项目_01_受理公告或公示版.pdf,21,2,1,完整,1.0,1 | 溜冰鞋轮 | 300 | 0 | 300 | 0. | 058 | 174,,解析文本拼接_表格清洗增强_01_001-020.md,018_佛山市智龙科技有限公司迁扩建项目_01_受理公告或公示版
PL019,PL019_佛山市智龙科技有限公司迁扩建项目_01_受理公告或公示版.pdf,21,2,2,完整,1.0,2 | 滑板车轮 | 300 | 0 | 300 | 0. | 057 | 171,,解析文本拼接_表格清洗增强_01_001-020.md,018_佛山市智龙科技有限公司迁扩建项目_01_受理公告或公示版
PL019,PL019_佛山市智龙科技有限公司迁扩建项目_01_受理公告或公示版.pdf,21,2,3,完整,1.0,3 | 儿童车轮 | 0 | +300 | 300 | 0. | 057 | 171,,解析文本拼接_表格清洗增强_01_001-020.md,018_佛山市智龙科技有限公司迁扩建项目_01_受理公告或公示版
PL019,PL019_佛山市智龙科技有限公司迁扩建项目_01_受理公告或公示版.pdf,21,2,4,完整,1.0,4 | 其他车轮 | 0 | +100 | 100 | 0. | 059 | 59,,解析文本拼接_表格清洗增强_01_001-020.md,018_佛山市智龙科技有限公司迁扩建项目_01_受理公告或公示版
PL019,PL019_佛山市智龙科技有限公司迁扩建项目_01_受理公告或公示版.pdf,21,2,6,完整,1.0,4. | 主 | 要原辅材 | 料及燃 | 料,,解析文本拼接_表格清洗增强_01_001-020.md,018_佛山市智龙科技有限公司迁扩建项目_01_受理公告或公示版
PL019,PL019_佛山市智龙科技有限公司迁扩建项目_01_受理公告或公示版.pdf,21,2,7,完整,1.0,项 | 目 | 主要原辅 | 材料 | 及用 | 量见下 | 表：,,解析文本拼接_表格清洗增强_01_001-020.md,018_佛山市智龙科技有限公司迁扩建项目_01_受理公告或公示版
PL019,PL019_佛山市智龙科技有限公司迁扩建项目_01_受理公告或公示版.pdf,21,2,8,完整,1.0,表2 | .3 | 迁扩建前 | 后项目 | 主要 | 原材 | 料年用量 | 一 | 览表,,解析文本拼接_表格清洗增强_01_001-020.md,018_佛山市智龙科技有限公司迁扩建项目_01_受理公告或公示版
PL019,PL019_佛山市智龙科技有限公司迁扩建项目_01_受理公告或公示版.pdf,21,2,14,完整,1.0,1 | P | P | / | 210 | +90 | 300 | 20 | 25kg/ | 状,,解析文本拼接_表格清洗增强_01_001-020.md,018_佛山市智龙科技有限公司迁扩建项目_01_受理公告或公示版
PL019,PL019_佛山市智龙科技有限公司迁扩建项目_01_受理公告或公示版.pdf,21,2,17,完整,1.0,2 | AB | S | / | 50 | 0 | 50 | 10 | 25kg/ | 状,,解析文本拼接_表格清洗增强_01_001-020.md,018_佛山市智龙科技有限公司迁扩建项目_01_受理公告或公示版
PL019,PL019_佛山市智龙科技有限公司迁扩建项目_01_受理公告或公示版.pdf,21,2,20,完整,1.0,3 | P | C | / | 20 | 0 | 20 | 2 | 25kg/ | 状,,解析文本拼接_表格清洗增强_01_001-020.md,018_佛山市智龙科技有限公司迁扩建项目_01_受理公告或公示版
PL019,PL019_佛山市智龙科技有限公司迁扩建项目_01_受理公告或公示版.pdf,21,2,21,完整,1.0,4 | 色母 | 吨/年 | 5 | 0 | 5 | / | / | 固态,,解析文本拼接_表格清洗增强_01_001-020.md,018_佛山市智龙科技有限公司迁扩建项目_01_受理公告或公示版
PL019,PL019_佛山市智龙科技有限公司迁扩建项目_01_受理公告或公示版.pdf,21,2,22,完整,1.0,5 | 五 | 金配件 | 吨/年 | 10 | +40 | 50 | / | / | 固态,,解析文本拼接_表格清洗增强_01_001-020.md,018_佛山市智龙科技有限公司迁扩建项目_01_受理公告或公示版
PL019,PL019_佛山市智龙科技有限公司迁扩建项目_01_受理公告或公示版.pdf,21,2,23,完整,1.0,6 | 铜线 | 吨/年 | 8 | +42 | 50 | / | / | 固态,,解析文本拼接_表格清洗增强_01_001-020.md,018_佛山市智龙科技有限公司迁扩建项目_01_受理公告或公示版
PL019,PL019_佛山市智龙科技有限公司迁扩建项目_01_受理公告或公示版.pdf,21,2,24,完整,1.0,7 | 线 | 路板 | 万块/年 | 600 | +400 | 100 | 0 | / | / | 固态,,解析文本拼接_表格清洗增强_01_001-020.md,018_佛山市智龙科技有限公司迁扩建项目_01_受理公告或公示版
PL019,PL019_佛山市智龙科技有限公司迁扩建项目_01_受理公告或公示版.pdf,21,2,25,完整,1.0,8 | LE | D灯珠 | 万个/年 | 1500 | +1500 | 300 | 0 | / | / | 固态,,解析文本拼接_表格清洗增强_01_001-020.md,018_佛山市智龙科技有限公司迁扩建项目_01_受理公告或公示版
PL019,PL019_佛山市智龙科技有限公司迁扩建项目_01_受理公告或公示版.pdf,21,2,26,完整,1.0,9 | 无 | 铅锡丝 | 吨/年 | 0.2 | +0.3 | 0.5 | / | / | 固态,,解析文本拼接_表格清洗增强_01_001-020.md,018_佛山市智龙科技有限公司迁扩建项目_01_受理公告或公示版
PL019,PL019_佛山市智龙科技有限公司迁扩建项目_01_受理公告或公示版.pdf,21,2,27,完整,1.0,1 | 0 | 无 | 铅锡条 | 吨/年 | 0.3 | +0.1 | 0.4 | / | / | 固态,,解析文本拼接_表格清洗增强_01_001-020.md,018_佛山市智龙科技有限公司迁扩建项目_01_受理公告或公示版
PL019,PL019_佛山市智龙科技有限公司迁扩建项目_01_受理公告或公示版.pdf,21,2,28,完整,1.0,1 | 1 | 助 | 焊剂 | 吨/年 | 0.5 | +0.3 | 0.8 | 0.1吨 | 5kg/桶 | 液态,,解析文本拼接_表格清洗增强_01_001-020.md,018_佛山市智龙科技有限公司迁扩建项目_01_受理公告或公示版
PL019,PL019_佛山市智龙科技有限公司迁扩建项目_01_受理公告或公示版.pdf,21,2,29,完整,1.0,1 | 2 | 液 | 压油 | 吨/年 | 0.4 | +0.2 | 0.6 | 0.2吨 | 200kg/桶 | 液态,,解析文本拼接_表格清洗增强_01_001-020.md,018_佛山市智龙科技有限公司迁扩建项目_01_受理公告或公示版
PL019,PL019_佛山市智龙科技有限公司迁扩建项目_01_受理公告或公示版.pdf,21,2,30,完整,1.0,1 | 3 | 机油 | 吨/年 | 0.02 | +0.04 | 0.0 | 6 | 0.05吨 | 25kg/桶 | 液态,,解析文本拼接_表格清洗增强_01_001-020.md,018_佛山市智龙科技有限公司迁扩建项目_01_受理公告或公示版
PL019,PL019_佛山市智龙科技有限公司迁扩建项目_01_受理公告或公示版.pdf,21,2,33,完整,1.0,1 | 4 | PV | C | / | 0 | +100 | 100 | 10 | 25kg/ | 状,,解析文本拼接_表格清洗增强_01_001-020.md,018_佛山市智龙科技有限公司迁扩建项目_01_受理公告或公示版
PL019,PL019_佛山市智龙科技有限公司迁扩建项目_01_受理公告或公示版.pdf,21,2,36,完整,1.0,1 | 5 | TP | U | / | 0 | +100 | 100 | 10 | 25kg/ | 状,,解析文本拼接_表格清洗增强_01_001-020.md,018_佛山市智龙科技有限公司迁扩建项目_01_受理公告或公示版
PL019,PL019_佛山市智龙科技有限公司迁扩建项目_01_受理公告或公示版.pdf,21,2,37,完整,1.0,1 | 6 | 硅 | 胶配件 | 吨/年 | 0 | +30 | 30 | / | / | 固态,,解析文本拼接_表格清洗增强_01_001-020.md,018_佛山市智龙科技有限公司迁扩建项目_01_受理公告或公示版
PL019,PL019_佛山市智龙科技有限公司迁扩建项目_01_受理公告或公示版.pdf,21,2,38,完整,1.0,1 | 7 | LE | D灯带 | 万条/年 | 0 | +100 | 100 | / | / | 固态,,解析文本拼接_表格清洗增强_01_001-020.md,018_佛山市智龙科技有限公司迁扩建项目_01_受理公告或公示版
PL019,PL019_佛山市智龙科技有限公司迁扩建项目_01_受理公告或公示版.pdf,21,2,41,完整,1.0,1 | 8 | 状） | / | 0 | +2 | 2 | / | 1kg/,,解析文本拼接_表格清洗增强_01_001-020.md,018_佛山市智龙科技有限公司迁扩建项目_01_受理公告或公示版
PL019,PL019_佛山市智龙科技有限公司迁扩建项目_01_受理公告或公示版.pdf,22,2,2,完整,1.0,"PP（新料） | 由丙烯单体聚合而成，为无毒、无臭、无味的乳白色高结
晶的聚合物，密度只有0.9~0.91g/cm3，化学稳定性很好，
除能被浓硫酸、浓硝酸侵蚀外，对其它各种化学试剂都比
较稳定，但低分子量的脂肪烃、芳香烃和氯化烃等能使聚
丙烯软化和溶胀，同时它的化学稳定性随结晶度的增加还
有所提高。PP塑料具有较高的耐热性，连续使用温度可
达110-120",,解析文本拼接_表格清洗增强_01_001-020.md,018_佛山市智龙科技有限公司迁扩建项目_01_受理公告或公示版
PL019,PL019_佛山市智龙科技有限公司迁扩建项目_01_受理公告或公示版.pdf,22,2,3,完整,1.0,"ABS（新料） | 熔融温度在217~237℃，热分解温度在250℃以上。抗冲
击性、耐热性、耐低温性、耐化学药品性及电气性能优良，
还具有易加工、制品尺寸稳定、表面光泽性好等特点，容
易涂装、着色，还可以进行表面喷镀金属、电镀、焊接、
热压和粘接等二次加工，广泛应用于机械、汽车、电子电
器、仪器仪表、纺织和建筑等工业领域，是一种用途极广
的热塑性工程塑料。",,解析文本拼接_表格清洗增强_01_001-020.md,018_佛山市智龙科技有限公司迁扩建项目_01_受理公告或公示版
PL019,PL019_佛山市智龙科技有限公司迁扩建项目_01_受理公告或公示版.pdf,22,2,4,完整,1.0,"PC（新料） | 聚碳酸酯，英文名Polycarbonate, 简称PC。PC是一种无
定型、无臭、无毒、高度透明的无色或微黄色热塑性工程
塑料。熔点120~136℃，成型温度为250-320℃，分解温
度>340℃。具有优良的物理机械性能，尤其是耐冲击性
优异，拉伸强度、弯曲强度、压缩强度高；蠕变性小，尺
寸稳定；具有良好的耐热性和耐低温性，在较宽的温度范",,解析文本拼接_表格清洗增强_01_001-020.md,018_佛山市智龙科技有限公司迁扩建项目_01_受理公告或公示版
PL019,PL019_佛山市智龙科技有限公司迁扩建项目_01_受理公告或公示版.pdf,22,2,5,完整,1.0,"PVC（新料） | 是由氯乙烯在引发剂作用下聚合而成的热塑性树脂。密度
1.38g/m3，杨氏弹性模量（E）2900-3400MPa，拉伸强度
（σt）50-80MPa。PVC为无定形结构的白色粉末。具有
稳定的物理化学性质，不溶于水、酒精、汽油，气体、水
汽渗漏性低。PVC 具有优良的耐低温性能，化学稳定性
好，能耐大多数酸碱的侵蚀。常温下不溶于一般溶剂，",,解析文本拼接_表格清洗增强_01_001-020.md,018_佛山市智龙科技有限公司迁扩建项目_01_受理公告或公示版
PL019,PL019_佛山市智龙科技有限公司迁扩建项目_01_受理公告或公示版.pdf,22,2,6,完整,1.0,"TPU（新料） | TPU(Thermoplasticpolyurethanes)名称为热塑性聚氨酯弹
性体橡胶。主要分为聚酯型和聚醚型，它硬度范围宽
(60HA-85HD)、耐磨、耐油，透明，弹性好，在日用品、
体育用品、玩具、装饰材料等领域得到广泛应用，无卤阻
燃TPU还可以代替软质PVC以满足越来越多领域的环保
要求",,解析文本拼接_表格清洗增强_01_001-020.md,018_佛山市智龙科技有限公司迁扩建项目_01_受理公告或公示版
PL019,PL019_佛山市智龙科技有限公司迁扩建项目_01_受理公告或公示版.pdf,22,2,7,完整,1.0,"色母 | 色母是无味的颗粒状状物质，是一种新型高分子材料专用
着色剂，专用色母的载体与制品的塑料品种相同，具有良
好的匹配性，加热熔融后颜料颗粒能很好地分散于制品塑
料中。",,解析文本拼接_表格清洗增强_01_001-020.md,018_佛山市智龙科技有限公司迁扩建项目_01_受理公告或公示版
PL019,PL019_佛山市智龙科技有限公司迁扩建项目_01_受理公告或公示版.pdf,22,2,8,完整,1.0,"热熔胶 | 鞋材用热熔胶：主要用于鞋、帽的生产，熔融粘度：
8000CPs/180℃，软化点：95℃正负不超过5℃，加德纳
颜色：0±0.2，初粘性：>20#铜球，剥离强度：>4.8N/in2，
融化温度：160-180°",,解析文本拼接_表格清洗增强_01_001-020.md,018_佛山市智龙科技有限公司迁扩建项目_01_受理公告或公示版
PL019,PL019_佛山市智龙科技有限公司迁扩建项目_01_受理公告或公示版.pdf,22,2,9,完整,1.0,助焊剂 | 主要成分醇类80%、松香类9%、丁二醇1%、其他10%，,,解析文本拼接_表格清洗增强_01_001-020.md,018_佛山市智龙科技有限公司迁扩建项目_01_受理公告或公示版
PL019,PL019_佛山市智龙科技有限公司迁扩建项目_01_受理公告或公示版.pdf,22,3,8,完整,1.0,1 | PP | 条件下才挥,,解析文本拼接_表格清洗增强_01_001-020.md,018_佛山市智龙科技有限公司迁扩建项目_01_受理公告或公示版
PL019,PL019_佛山市智龙科技有限公司迁扩建项目_01_受理公告或公示版.pdf,22,3,19,完整,1.0,2 | ABS | 条件下才挥,,解析文本拼接_表格清洗增强_01_001-020.md,018_佛山市智龙科技有限公司迁扩建项目_01_受理公告或公示版
PL019,PL019_佛山市智龙科技有限公司迁扩建项目_01_受理公告或公示版.pdf,22,3,30,疑似缺失,0.667,"3 | PC | >340
条件下才挥",">340
条件下才挥",解析文本拼接_表格清洗增强_01_001-020.md,018_佛山市智龙科技有限公司迁扩建项目_01_受理公告或公示版
PL019,PL019_佛山市智龙科技有限公司迁扩建项目_01_受理公告或公示版.pdf,22,3,41,完整,1.0,4 | PVC | 条件下才挥,,解析文本拼接_表格清洗增强_01_001-020.md,018_佛山市智龙科技有限公司迁扩建项目_01_受理公告或公示版
PL019,PL019_佛山市智龙科技有限公司迁扩建项目_01_受理公告或公示版.pdf,22,3,50,疑似缺失,0.667,5 | TPU | 体育用品、玩具、装饰材料等领域得到广泛应用，无卤阻 条件下才挥,体育用品、玩具、装饰材料等领域得到广泛应用，无卤阻 条件下才挥,解析文本拼接_表格清洗增强_01_001-020.md,018_佛山市智龙科技有限公司迁扩建项目_01_受理公告或公示版
PL019,PL019_佛山市智龙科技有限公司迁扩建项目_01_受理公告或公示版.pdf,22,3,65,完整,1.0,8 | 助焊剂 | 主要成分醇类80%、松香类9%、丁二醇1%、其他10%， 90%,,解析文本拼接_表格清洗增强_01_001-020.md,018_佛山市智龙科技有限公司迁扩建项目_01_受理公告或公示版
PL019,PL019_佛山市智龙科技有限公司迁扩建项目_01_受理公告或公示版.pdf,23,1,2,完整,1.0,"序号 | 名称 | VOCs含量 | 国家标准限值 | 是否属于低
VOCs原辅材料",,解析文本拼接_表格清洗增强_01_001-020.md,018_佛山市智龙科技有限公司迁扩建项目_01_受理公告或公示版
PL019,PL019_佛山市智龙科技有限公司迁扩建项目_01_受理公告或公示版.pdf,23,1,3,完整,1.0,1 | 助焊剂 | 90%,,解析文本拼接_表格清洗增强_01_001-020.md,018_佛山市智龙科技有限公司迁扩建项目_01_受理公告或公示版
PL019,PL019_佛山市智龙科技有限公司迁扩建项目_01_受理公告或公示版.pdf,23,1,4,完整,1.0,"2 | 热熔胶 | 参考《胶粘剂挥发性有机化
合物限量》（GB
33372-2020），本体型胶粘
剂-鞋和箱包-聚氨酯类
-VOC含量限制≤50g/kg | 50g/kg | 是",,解析文本拼接_表格清洗增强_01_001-020.md,018_佛山市智龙科技有限公司迁扩建项目_01_受理公告或公示版
PL019,PL019_佛山市智龙科技有限公司迁扩建项目_01_受理公告或公示版.pdf,23,2,2,完整,1.0,"机油 | 密度约为0.91×10³（kg/m³），闪点约为180℃。能对机械
设备到润滑减磨、辅助冷却降温、密封防漏、防锈防蚀、
减振缓冲等作用。机油由基础油和添加剂两部分组成。基
础油是机油的主要成分，决定着机油的基本性质，添加剂
则可弥补和改善基础油性能方面的不足，赋予某些新的性
能，是机油的重要组成部分。",,解析文本拼接_表格清洗增强_01_001-020.md,018_佛山市智龙科技有限公司迁扩建项目_01_受理公告或公示版
PL019,PL019_佛山市智龙科技有限公司迁扩建项目_01_受理公告或公示版.pdf,23,3,15,疑似缺失,0.5,10 | 液压油 锈、冷却等作用。其主要成分是基础油及添加剂，外观为 /,液压油 锈、冷却等作用。其主要成分是基础油及添加剂，外观为 /,解析文本拼接_表格清洗增强_01_001-020.md,018_佛山市智龙科技有限公司迁扩建项目_01_受理公告或公示版
PL019,PL019_佛山市智龙科技有限公司迁扩建项目_01_受理公告或公示版.pdf,23,3,18,完整,1.0,项 | 目主要涉VOCs 原辅材料情况见下表。,,解析文本拼接_表格清洗增强_01_001-020.md,018_佛山市智龙科技有限公司迁扩建项目_01_受理公告或公示版
PL019,PL019_佛山市智龙科技有限公司迁扩建项目_01_受理公告或公示版.pdf,23,3,21,疑似缺失,0.5,号 | 名称 含量 国家标准限值,名称 含量 国家标准限值,解析文本拼接_表格清洗增强_01_001-020.md,018_佛山市智龙科技有限公司迁扩建项目_01_受理公告或公示版
PL019,PL019_佛山市智龙科技有限公司迁扩建项目_01_受理公告或公示版.pdf,23,3,24,完整,1.0,1 | 助焊剂 90%,,解析文本拼接_表格清洗增强_01_001-020.md,018_佛山市智龙科技有限公司迁扩建项目_01_受理公告或公示版
PL019,PL019_佛山市智龙科技有限公司迁扩建项目_01_受理公告或公示版.pdf,23,3,27,疑似缺失,0.5,2 | 热熔胶 33372-2020），本体型胶粘 50g/kg 是,热熔胶 33372-2020），本体型胶粘 50g/kg 是,解析文本拼接_表格清洗增强_01_001-020.md,018_佛山市智龙科技有限公司迁扩建项目_01_受理公告或公示版
PL019,PL019_佛山市智龙科技有限公司迁扩建项目_01_受理公告或公示版.pdf,23,3,30,完整,1.0,参 | 照广东省生态环境厅于2021年5月7日在网络问政平台上对低挥发性物质,,解析文本拼接_表格清洗增强_01_001-020.md,018_佛山市智龙科技有限公司迁扩建项目_01_受理公告或公示版
PL019,PL019_佛山市智龙科技有限公司迁扩建项目_01_受理公告或公示版.pdf,23,3,31,完整,1.0,认定 | 答复：“国家已出台《低挥发性有机化合物含量涂料产品技术要求》（GBT,,解析文本拼接_表格清洗增强_01_001-020.md,018_佛山市智龙科技有限公司迁扩建项目_01_受理公告或公示版
PL019,PL019_佛山市智龙科技有限公司迁扩建项目_01_受理公告或公示版.pdf,23,3,32,完整,1.0,597- | 2020）、《清洗剂挥发性有机化合物含量限值》（GB 38508-2020）等产品,,解析文本拼接_表格清洗增强_01_001-020.md,018_佛山市智龙科技有限公司迁扩建项目_01_受理公告或公示版
PL019,PL019_佛山市智龙科技有限公司迁扩建项目_01_受理公告或公示版.pdf,23,3,33,完整,1.0,Cs | 含量限值标准，建议按照国家标准执行，符合低挥发性有机物含量限值的，,,解析文本拼接_表格清洗增强_01_001-020.md,018_佛山市智龙科技有限公司迁扩建项目_01_受理公告或公示版
PL019,PL019_佛山市智龙科技有限公司迁扩建项目_01_受理公告或公示版.pdf,24,2,3,完整,1.0,50 | 非甲烷总烃,,解析文本拼接_表格清洗增强_01_001-020.md,018_佛山市智龙科技有限公司迁扩建项目_01_受理公告或公示版
PL019,PL019_佛山市智龙科技有限公司迁扩建项目_01_受理公告或公示版.pdf,24,2,7,完整,1.0,6.668 | /,,解析文本拼接_表格清洗增强_01_001-020.md,018_佛山市智龙科技有限公司迁扩建项目_01_受理公告或公示版
PL019,PL019_佛山市智龙科技有限公司迁扩建项目_01_受理公告或公示版.pdf,24,2,8,完整,1.0,576.668 | 合计,,解析文本拼接_表格清洗增强_01_001-020.md,018_佛山市智龙科技有限公司迁扩建项目_01_受理公告或公示版
PL019,PL019_佛山市智龙科技有限公司迁扩建项目_01_受理公告或公示版.pdf,25,1,3,完整,1.0,"1 | 注塑机 | 18 | 0 | 18 | 2台90T、6
台160T、10
台200T | 注塑 | 注塑区",,解析文本拼接_表格清洗增强_01_001-020.md,018_佛山市智龙科技有限公司迁扩建项目_01_受理公告或公示版
PL019,PL019_佛山市智龙科技有限公司迁扩建项目_01_受理公告或公示版.pdf,25,1,4,完整,1.0,2 | 混料机 | 4 | 0 | 4 | / | 混料 | 混料区,,解析文本拼接_表格清洗增强_01_001-020.md,018_佛山市智龙科技有限公司迁扩建项目_01_受理公告或公示版
PL019,PL019_佛山市智龙科技有限公司迁扩建项目_01_受理公告或公示版.pdf,25,1,5,完整,1.0,3 | 破碎机 | 3 | +1 | 4 | / | 破碎 | 破碎区,,解析文本拼接_表格清洗增强_01_001-020.md,018_佛山市智龙科技有限公司迁扩建项目_01_受理公告或公示版
PL019,PL019_佛山市智龙科技有限公司迁扩建项目_01_受理公告或公示版.pdf,25,1,6,完整,1.0,4 | 冷却塔 | 2 | 0 | 2 | 5m3/h | 辅助设备 | /,,解析文本拼接_表格清洗增强_01_001-020.md,018_佛山市智龙科技有限公司迁扩建项目_01_受理公告或公示版
PL019,PL019_佛山市智龙科技有限公司迁扩建项目_01_受理公告或公示版.pdf,25,1,7,完整,1.0,5 | 绕线机 | 8 | 0 | 8 | / | 辅助设备 | 组装区,,解析文本拼接_表格清洗增强_01_001-020.md,018_佛山市智龙科技有限公司迁扩建项目_01_受理公告或公示版
PL019,PL019_佛山市智龙科技有限公司迁扩建项目_01_受理公告或公示版.pdf,25,1,8,完整,1.0,6 | 电烙铁 | 10 | +6 | 16 | / | 焊锡 | 组装区,,解析文本拼接_表格清洗增强_01_001-020.md,018_佛山市智龙科技有限公司迁扩建项目_01_受理公告或公示版
PL019,PL019_佛山市智龙科技有限公司迁扩建项目_01_受理公告或公示版.pdf,25,1,9,完整,1.0,7 | 自动焊锡机 | 4 | 0 | 4 | / | 焊锡 | 组装区,,解析文本拼接_表格清洗增强_01_001-020.md,018_佛山市智龙科技有限公司迁扩建项目_01_受理公告或公示版
PL019,PL019_佛山市智龙科技有限公司迁扩建项目_01_受理公告或公示版.pdf,25,1,10,完整,1.0,8 | 浸锡炉 | 1 | 0 | 1 | / | 浸锡 | 组装区,,解析文本拼接_表格清洗增强_01_001-020.md,018_佛山市智龙科技有限公司迁扩建项目_01_受理公告或公示版
PL019,PL019_佛山市智龙科技有限公司迁扩建项目_01_受理公告或公示版.pdf,25,1,11,完整,1.0,"9 | 超声波焊接
机 | 2 | 0 | 2 | / | 超声波焊接 | 组装区",,解析文本拼接_表格清洗增强_01_001-020.md,018_佛山市智龙科技有限公司迁扩建项目_01_受理公告或公示版
PL019,PL019_佛山市智龙科技有限公司迁扩建项目_01_受理公告或公示版.pdf,25,1,12,完整,1.0,10 | 手啤机 | 10 | +6 | 16 | / | 组装 | 组装区,,解析文本拼接_表格清洗增强_01_001-020.md,018_佛山市智龙科技有限公司迁扩建项目_01_受理公告或公示版
PL019,PL019_佛山市智龙科技有限公司迁扩建项目_01_受理公告或公示版.pdf,25,1,13,完整,1.0,"11 | 挤出机 | 0 | +2 | 2 | Ø50 | 挤出塑料管道配
件 | 注塑区",,解析文本拼接_表格清洗增强_01_001-020.md,018_佛山市智龙科技有限公司迁扩建项目_01_受理公告或公示版
PL019,PL019_佛山市智龙科技有限公司迁扩建项目_01_受理公告或公示版.pdf,25,1,14,完整,1.0,12 | 端子机 | 0 | +2 | 2 | / | 焊锡 | 组装区,,解析文本拼接_表格清洗增强_01_001-020.md,018_佛山市智龙科技有限公司迁扩建项目_01_受理公告或公示版
PL019,PL019_佛山市智龙科技有限公司迁扩建项目_01_受理公告或公示版.pdf,25,1,15,完整,1.0,13 | 剥皮机 | 0 | +2 | 2 | / | 焊锡 | 组装区,,解析文本拼接_表格清洗增强_01_001-020.md,018_佛山市智龙科技有限公司迁扩建项目_01_受理公告或公示版
PL019,PL019_佛山市智龙科技有限公司迁扩建项目_01_受理公告或公示版.pdf,25,1,16,完整,1.0,14 | 贴片机 | 0 | +2 | 2 | / | 焊锡 | 组装区,,解析文本拼接_表格清洗增强_01_001-020.md,018_佛山市智龙科技有限公司迁扩建项目_01_受理公告或公示版
PL019,PL019_佛山市智龙科技有限公司迁扩建项目_01_受理公告或公示版.pdf,25,1,17,完整,1.0,15 | 电烘箱 | 0 | +3 | 3 | / | 组装 | 组装区,,解析文本拼接_表格清洗增强_01_001-020.md,018_佛山市智龙科技有限公司迁扩建项目_01_受理公告或公示版
PL019,PL019_佛山市智龙科技有限公司迁扩建项目_01_受理公告或公示版.pdf,25,1,18,完整,1.0,16 | 滴胶机 | 0 | +3 | 3 | / | 组装 | 组装区,,解析文本拼接_表格清洗增强_01_001-020.md,018_佛山市智龙科技有限公司迁扩建项目_01_受理公告或公示版
PL019,PL019_佛山市智龙科技有限公司迁扩建项目_01_受理公告或公示版.pdf,25,1,19,完整,1.0,17 | 弯脚机 | 3 | 0 | 3 | / | 组装 | 组装区,,解析文本拼接_表格清洗增强_01_001-020.md,018_佛山市智龙科技有限公司迁扩建项目_01_受理公告或公示版
PL019,PL019_佛山市智龙科技有限公司迁扩建项目_01_受理公告或公示版.pdf,25,1,20,完整,1.0,18 | 钻床 | 1 | 0 | 1 | / | 维修设备 | 维修区,,解析文本拼接_表格清洗增强_01_001-020.md,018_佛山市智龙科技有限公司迁扩建项目_01_受理公告或公示版
PL019,PL019_佛山市智龙科技有限公司迁扩建项目_01_受理公告或公示版.pdf,25,1,21,完整,1.0,19 | 磨床 | 1 | 0 | 1 | / | 维修设备 | 维修区,,解析文本拼接_表格清洗增强_01_001-020.md,018_佛山市智龙科技有限公司迁扩建项目_01_受理公告或公示版
PL019,PL019_佛山市智龙科技有限公司迁扩建项目_01_受理公告或公示版.pdf,25,1,22,完整,1.0,20 | 铣床 | 1 | 0 | 1 | / | 维修设备 | 维修区,,解析文本拼接_表格清洗增强_01_001-020.md,018_佛山市智龙科技有限公司迁扩建项目_01_受理公告或公示版
PL019,PL019_佛山市智龙科技有限公司迁扩建项目_01_受理公告或公示版.pdf,25,1,24,完整,1.0,"设备 | 设备型
号 | 数量
（台） | 单批
次加
工量
（g） | 单批次
生产时
间（s） | 实际日
生产时
间（h） | 单台设
备生产
能力（吨
/年） | 设计最
大加工
量（t/a） | 项目申报
塑料原辅
料用量
（吨/年）",,解析文本拼接_表格清洗增强_01_001-020.md,018_佛山市智龙科技有限公司迁扩建项目_01_受理公告或公示版
PL019,PL019_佛山市智龙科技有限公司迁扩建项目_01_受理公告或公示版.pdf,25,2,1,完整,1.0,表2.7 | 项目主要 | 生产设 | 备一览表 单位 | （台）,,解析文本拼接_表格清洗增强_01_001-020.md,018_佛山市智龙科技有限公司迁扩建项目_01_受理公告或公示版
PL019,PL019_佛山市智龙科技有限公司迁扩建项目_01_受理公告或公示版.pdf,25,2,6,完整,1.0,1 | 注塑机 | 18 | 0 | 18 | 台160T、10 | 注塑 | 注塑区,,解析文本拼接_表格清洗增强_01_001-020.md,018_佛山市智龙科技有限公司迁扩建项目_01_受理公告或公示版
PL019,PL019_佛山市智龙科技有限公司迁扩建项目_01_受理公告或公示版.pdf,25,2,8,完整,1.0,2 | 混料机 | 4 | 0 | 4 | / | 混料 | 混料区,,解析文本拼接_表格清洗增强_01_001-020.md,018_佛山市智龙科技有限公司迁扩建项目_01_受理公告或公示版
PL019,PL019_佛山市智龙科技有限公司迁扩建项目_01_受理公告或公示版.pdf,25,2,9,完整,1.0,3 | 破碎机 | 3 | +1 | 4 | / | 破碎 | 破碎区,,解析文本拼接_表格清洗增强_01_001-020.md,018_佛山市智龙科技有限公司迁扩建项目_01_受理公告或公示版
PL019,PL019_佛山市智龙科技有限公司迁扩建项目_01_受理公告或公示版.pdf,25,2,10,完整,1.0,4 | 冷却塔 | 2 | 0 | 2 | 5m3/h | 辅助设备 | /,,解析文本拼接_表格清洗增强_01_001-020.md,018_佛山市智龙科技有限公司迁扩建项目_01_受理公告或公示版
PL019,PL019_佛山市智龙科技有限公司迁扩建项目_01_受理公告或公示版.pdf,25,2,11,完整,1.0,5 | 绕线机 | 8 | 0 | 8 | / | 辅助设备 | 组装区,,解析文本拼接_表格清洗增强_01_001-020.md,018_佛山市智龙科技有限公司迁扩建项目_01_受理公告或公示版
PL019,PL019_佛山市智龙科技有限公司迁扩建项目_01_受理公告或公示版.pdf,25,2,12,完整,1.0,6 | 电烙铁 | 10 | +6 | 16 | / | 焊锡 | 组装区,,解析文本拼接_表格清洗增强_01_001-020.md,018_佛山市智龙科技有限公司迁扩建项目_01_受理公告或公示版
PL019,PL019_佛山市智龙科技有限公司迁扩建项目_01_受理公告或公示版.pdf,25,2,13,完整,1.0,7 | 自动焊锡机 | 4 | 0 | 4 | / | 焊锡 | 组装区,,解析文本拼接_表格清洗增强_01_001-020.md,018_佛山市智龙科技有限公司迁扩建项目_01_受理公告或公示版
PL019,PL019_佛山市智龙科技有限公司迁扩建项目_01_受理公告或公示版.pdf,25,2,14,完整,1.0,8 | 浸锡炉 | 1 | 0 | 1 | / | 浸锡 | 组装区,,解析文本拼接_表格清洗增强_01_001-020.md,018_佛山市智龙科技有限公司迁扩建项目_01_受理公告或公示版
PL019,PL019_佛山市智龙科技有限公司迁扩建项目_01_受理公告或公示版.pdf,25,2,19,完整,1.0,10 | 手啤机 | 10 | +6 | 16 | / | 组装 | 组装区,,解析文本拼接_表格清洗增强_01_001-020.md,018_佛山市智龙科技有限公司迁扩建项目_01_受理公告或公示版
PL019,PL019_佛山市智龙科技有限公司迁扩建项目_01_受理公告或公示版.pdf,25,2,22,完整,1.0,11 | 0 | +2 | 2 | Ø50,,解析文本拼接_表格清洗增强_01_001-020.md,018_佛山市智龙科技有限公司迁扩建项目_01_受理公告或公示版
PL019,PL019_佛山市智龙科技有限公司迁扩建项目_01_受理公告或公示版.pdf,25,2,24,完整,1.0,12 | 端子机 | 0 | +2 | 2 | / | 焊锡 | 组装区,,解析文本拼接_表格清洗增强_01_001-020.md,018_佛山市智龙科技有限公司迁扩建项目_01_受理公告或公示版
PL019,PL019_佛山市智龙科技有限公司迁扩建项目_01_受理公告或公示版.pdf,25,2,25,完整,1.0,13 | 剥皮机 | 0 | +2 | 2 | / | 焊锡 | 组装区,,解析文本拼接_表格清洗增强_01_001-020.md,018_佛山市智龙科技有限公司迁扩建项目_01_受理公告或公示版
PL019,PL019_佛山市智龙科技有限公司迁扩建项目_01_受理公告或公示版.pdf,25,2,26,完整,1.0,14 | 贴片机 | 0 | +2 | 2 | / | 焊锡 | 组装区,,解析文本拼接_表格清洗增强_01_001-020.md,018_佛山市智龙科技有限公司迁扩建项目_01_受理公告或公示版
PL019,PL019_佛山市智龙科技有限公司迁扩建项目_01_受理公告或公示版.pdf,25,2,27,完整,1.0,15 | 电烘箱 | 0 | +3 | 3 | / | 组装 | 组装区,,解析文本拼接_表格清洗增强_01_001-020.md,018_佛山市智龙科技有限公司迁扩建项目_01_受理公告或公示版
PL019,PL019_佛山市智龙科技有限公司迁扩建项目_01_受理公告或公示版.pdf,25,2,28,完整,1.0,16 | 滴胶机 | 0 | +3 | 3 | / | 组装 | 组装区,,解析文本拼接_表格清洗增强_01_001-020.md,018_佛山市智龙科技有限公司迁扩建项目_01_受理公告或公示版
PL019,PL019_佛山市智龙科技有限公司迁扩建项目_01_受理公告或公示版.pdf,25,2,29,完整,1.0,17 | 弯脚机 | 3 | 0 | 3 | / | 组装 | 组装区,,解析文本拼接_表格清洗增强_01_001-020.md,018_佛山市智龙科技有限公司迁扩建项目_01_受理公告或公示版
PL019,PL019_佛山市智龙科技有限公司迁扩建项目_01_受理公告或公示版.pdf,25,2,30,完整,1.0,18 | 钻床 | 1 | 0 | 1 | / | 维修设备 | 维修区,,解析文本拼接_表格清洗增强_01_001-020.md,018_佛山市智龙科技有限公司迁扩建项目_01_受理公告或公示版
PL019,PL019_佛山市智龙科技有限公司迁扩建项目_01_受理公告或公示版.pdf,25,2,31,完整,1.0,19 | 磨床 | 1 | 0 | 1 | / | 维修设备 | 维修区,,解析文本拼接_表格清洗增强_01_001-020.md,018_佛山市智龙科技有限公司迁扩建项目_01_受理公告或公示版
PL019,PL019_佛山市智龙科技有限公司迁扩建项目_01_受理公告或公示版.pdf,25,2,32,完整,1.0,20 | 铣床 | 1 | 0 | 1 | / | 维修设备 | 维修区,,解析文本拼接_表格清洗增强_01_001-020.md,018_佛山市智龙科技有限公司迁扩建项目_01_受理公告或公示版
PL019,PL019_佛山市智龙科技有限公司迁扩建项目_01_受理公告或公示版.pdf,25,2,33,完整,1.0,表2.8 迁 | 扩建后项 | 目注塑关 | 键设备 | 产能和原料规模 | 匹配性分析一览表,,解析文本拼接_表格清洗增强_01_001-020.md,018_佛山市智龙科技有限公司迁扩建项目_01_受理公告或公示版
PL019,PL019_佛山市智龙科技有限公司迁扩建项目_01_受理公告或公示版.pdf,25,2,36,完整,1.0,设备型 | 数量 | 次加 | 备 | 生产 | 塑料原辅,,解析文本拼接_表格清洗增强_01_001-020.md,018_佛山市智龙科技有限公司迁扩建项目_01_受理公告或公示版
PL019,PL019_佛山市智龙科技有限公司迁扩建项目_01_受理公告或公示版.pdf,25,2,37,完整,1.0,设备 | 生产时 | 生产时 | 大加工,,解析文本拼接_表格清洗增强_01_001-020.md,018_佛山市智龙科技有限公司迁扩建项目_01_受理公告或公示版
PL019,PL019_佛山市智龙科技有限公司迁扩建项目_01_受理公告或公示版.pdf,26,1,1,完整,1.0,"注塑机 | 200t注
塑机 | 10 | 250 | 60 | 8 | 36 | 360 | 475",,解析文本拼接_表格清洗增强_01_001-020.md,018_佛山市智龙科技有限公司迁扩建项目_01_受理公告或公示版
PL019,PL019_佛山市智龙科技有限公司迁扩建项目_01_受理公告或公示版.pdf,26,1,2,完整,1.0,"160t注
塑机 | 6 | 180 | 60 | 8 | 25.92 | 155.52",,解析文本拼接_表格清洗增强_01_001-020.md,018_佛山市智龙科技有限公司迁扩建项目_01_受理公告或公示版
PL019,PL019_佛山市智龙科技有限公司迁扩建项目_01_受理公告或公示版.pdf,26,1,3,完整,1.0,"90t注塑
机 | 2 | 100 | 30 | 8 | 28.8 | 57.6",,解析文本拼接_表格清洗增强_01_001-020.md,018_佛山市智龙科技有限公司迁扩建项目_01_受理公告或公示版
PL019,PL019_佛山市智龙科技有限公司迁扩建项目_01_受理公告或公示版.pdf,26,1,4,完整,1.0,合计 | 573.12,,解析文本拼接_表格清洗增强_01_001-020.md,018_佛山市智龙科技有限公司迁扩建项目_01_受理公告或公示版
PL019,PL019_佛山市智龙科技有限公司迁扩建项目_01_受理公告或公示版.pdf,26,2,1,完整,1.0,"设备型
号 | 数量
（台） | 单台设备设计
最大加工量
（kg/h） | 年生产
时间（h） | 单台设备
生产能力
（吨/年） | 总生产
能力
（吨/
年）",,解析文本拼接_表格清洗增强_01_001-020.md,018_佛山市智龙科技有限公司迁扩建项目_01_受理公告或公示版
PL019,PL019_佛山市智龙科技有限公司迁扩建项目_01_受理公告或公示版.pdf,26,2,2,完整,1.0,Ø50 | 2 | 26 | 2400 | 62.4 | 124.8,,解析文本拼接_表格清洗增强_01_001-020.md,018_佛山市智龙科技有限公司迁扩建项目_01_受理公告或公示版
PL019,PL019_佛山市智龙科技有限公司迁扩建项目_01_受理公告或公示版.pdf,26,3,2,完整,1.0,塑机 | 10 | 250 | 60 | 8 | 36 | 360,,解析文本拼接_表格清洗增强_01_001-020.md,018_佛山市智龙科技有限公司迁扩建项目_01_受理公告或公示版
PL019,PL019_佛山市智龙科技有限公司迁扩建项目_01_受理公告或公示版.pdf,26,3,5,完整,1.0,塑机 | 6 | 180 | 60 | 8 | 25.92 | 155.52,,解析文本拼接_表格清洗增强_01_001-020.md,018_佛山市智龙科技有限公司迁扩建项目_01_受理公告或公示版
PL019,PL019_佛山市智龙科技有限公司迁扩建项目_01_受理公告或公示版.pdf,26,3,8,完整,1.0,机 | 2 | 100 | 30 | 8 | 28.8 | 57.6,,解析文本拼接_表格清洗增强_01_001-020.md,018_佛山市智龙科技有限公司迁扩建项目_01_受理公告或公示版
PL019,PL019_佛山市智龙科技有限公司迁扩建项目_01_受理公告或公示版.pdf,26,3,9,完整,1.0,合计 | 573.12,,解析文本拼接_表格清洗增强_01_001-020.md,018_佛山市智龙科技有限公司迁扩建项目_01_受理公告或公示版
PL019,PL019_佛山市智龙科技有限公司迁扩建项目_01_受理公告或公示版.pdf,26,3,10,完整,1.0,本项 | 目18台注塑 | 机满负 | 荷最大速 | 率运行时 | ，设计 | 最大加工 | 量573.12t/a，项目,,解析文本拼接_表格清洗增强_01_001-020.md,018_佛山市智龙科技有限公司迁扩建项目_01_受理公告或公示版
PL019,PL019_佛山市智龙科技有限公司迁扩建项目_01_受理公告或公示版.pdf,26,3,11,完整,1.0,申报塑料 | 用量为475t | /a，实际 | 生产过 | 程产能占 | 最大设计 | 产能的8 | 2.9%。因此注塑,,解析文本拼接_表格清洗增强_01_001-020.md,018_佛山市智龙科技有限公司迁扩建项目_01_受理公告或公示版
PL019,PL019_佛山市智龙科技有限公司迁扩建项目_01_受理公告或公示版.pdf,26,3,12,完整,1.0,机设计产 | 能可满足本 | 项目实 | 际产能。,,解析文本拼接_表格清洗增强_01_001-020.md,018_佛山市智龙科技有限公司迁扩建项目_01_受理公告或公示版
PL019,PL019_佛山市智龙科技有限公司迁扩建项目_01_受理公告或公示版.pdf,26,3,13,完整,1.0,表2.9 | 项目挤出 | 关键设备 | 产能和原料 | 规模匹 | 配性分析一 | 览表,,解析文本拼接_表格清洗增强_01_001-020.md,018_佛山市智龙科技有限公司迁扩建项目_01_受理公告或公示版
PL019,PL019_佛山市智龙科技有限公司迁扩建项目_01_受理公告或公示版.pdf,26,3,15,完整,1.0,单 | 台设备设计 | 单台 | 设备,,解析文本拼接_表格清洗增强_01_001-020.md,018_佛山市智龙科技有限公司迁扩建项目_01_受理公告或公示版
PL019,PL019_佛山市智龙科技有限公司迁扩建项目_01_受理公告或公示版.pdf,26,3,16,疑似缺失,0.6,设 | 备型 数 | 量 | 年生产 | 能力 塑料原辅,备型 数；能力 塑料原辅,解析文本拼接_表格清洗增强_01_001-020.md,018_佛山市智龙科技有限公司迁扩建项目_01_受理公告或公示版
PL019,PL019_佛山市智龙科技有限公司迁扩建项目_01_受理公告或公示版.pdf,26,3,17,完整,1.0,设备 | 最 | 大加工量 | 生产 | 能力,,解析文本拼接_表格清洗增强_01_001-020.md,018_佛山市智龙科技有限公司迁扩建项目_01_受理公告或公示版
PL019,PL019_佛山市智龙科技有限公司迁扩建项目_01_受理公告或公示版.pdf,26,3,23,完整,1.0,机 | Ø50 2 | 26 | 2400 | 6 | 2.4 1 | 24.8 100,,解析文本拼接_表格清洗增强_01_001-020.md,018_佛山市智龙科技有限公司迁扩建项目_01_受理公告或公示版
PL019,PL019_佛山市智龙科技有限公司迁扩建项目_01_受理公告或公示版.pdf,26,3,24,完整,1.0,根据 | 挤出机生产 | 设备产 | 能匹配性 | 核算，其 | 满负荷生 | 产量为1 | 24.8t/a，项目申报,,解析文本拼接_表格清洗增强_01_001-020.md,018_佛山市智龙科技有限公司迁扩建项目_01_受理公告或公示版
PL019,PL019_佛山市智龙科技有限公司迁扩建项目_01_受理公告或公示版.pdf,26,3,25,完整,1.0,产能为10 | 0t/a，占理 | 论产量的 | 80.3%， | 与生产设 | 备产能 | 匹配。,,解析文本拼接_表格清洗增强_01_001-020.md,018_佛山市智龙科技有限公司迁扩建项目_01_受理公告或公示版
PL019,PL019_佛山市智龙科技有限公司迁扩建项目_01_受理公告或公示版.pdf,26,3,26,完整,1.0,7、公 | 用、配套工 | 程,,解析文本拼接_表格清洗增强_01_001-020.md,018_佛山市智龙科技有限公司迁扩建项目_01_受理公告或公示版
PL019,PL019_佛山市智龙科技有限公司迁扩建项目_01_受理公告或公示版.pdf,26,3,27,完整,1.0,（1） | 给排水,,解析文本拼接_表格清洗增强_01_001-020.md,018_佛山市智龙科技有限公司迁扩建项目_01_受理公告或公示版
PL019,PL019_佛山市智龙科技有限公司迁扩建项目_01_受理公告或公示版.pdf,26,3,29,完整,1.0,根据 | 原环评审批 | 情况，迁 | 扩建前 | 项目设置 | 员工20 | 人，生活 | 用水量为240m3/a，,,解析文本拼接_表格清洗增强_01_001-020.md,018_佛山市智龙科技有限公司迁扩建项目_01_受理公告或公示版
PL019,PL019_佛山市智龙科技有限公司迁扩建项目_01_受理公告或公示版.pdf,26,3,30,完整,1.0,生活污水 | 排污系数按 | 0.9计， | 生活污水 | 产生量为 | 216m3 | /a。项目 | 生活污水经独立处,,解析文本拼接_表格清洗增强_01_001-020.md,018_佛山市智龙科技有限公司迁扩建项目_01_受理公告或公示版
PL019,PL019_佛山市智龙科技有限公司迁扩建项目_01_受理公告或公示版.pdf,26,3,32,完整,1.0,冷却 | 塔用水：根 | 据回顾 | 性分析， | 冷却塔总 | 循环水 | 量为2400 | 0m3/a，新鲜水补,,解析文本拼接_表格清洗增强_01_001-020.md,018_佛山市智龙科技有限公司迁扩建项目_01_受理公告或公示版
PL019,PL019_佛山市智龙科技有限公司迁扩建项目_01_受理公告或公示版.pdf,26,3,33,完整,1.0,充量为57 | 6m3/a，定期 | 排水量 | 为96m3/ | a，可作为 | 清净下 | 水通过雨 | 水管道排放。,,解析文本拼接_表格清洗增强_01_001-020.md,018_佛山市智龙科技有限公司迁扩建项目_01_受理公告或公示版
PL019,PL019_佛山市智龙科技有限公司迁扩建项目_01_受理公告或公示版.pdf,26,3,36,完整,1.0,污水处理 | 厂处理，尾 | 水排入 | 顺德支流 | 。本项目 | 有15名 | 工作人员 | ，年工作300日，,,解析文本拼接_表格清洗增强_01_001-020.md,018_佛山市智龙科技有限公司迁扩建项目_01_受理公告或公示版
PL019,PL019_佛山市智龙科技有限公司迁扩建项目_01_受理公告或公示版.pdf,26,3,37,完整,1.0,厂内不设 | 食堂和住宿 | ，参考广 | 东省地 | 方标准《用 | 水定额 | 第3部分 | ：生活》（DB44/T,,解析文本拼接_表格清洗增强_01_001-020.md,018_佛山市智龙科技有限公司迁扩建项目_01_受理公告或公示版
PL019,PL019_佛山市智龙科技有限公司迁扩建项目_01_受理公告或公示版.pdf,26,3,38,完整,1.0,1461.3-20 | 21）可知， | 机关事 | 业单位无 | 食堂和浴 | 室用水定 | 额先进 | 值按10m3/人·a 计，,,解析文本拼接_表格清洗增强_01_001-020.md,018_佛山市智龙科技有限公司迁扩建项目_01_受理公告或公示版
PL019,PL019_佛山市智龙科技有限公司迁扩建项目_01_受理公告或公示版.pdf,26,3,39,完整,1.0,则生活用 | 水量150m3/ | a。,,解析文本拼接_表格清洗增强_01_001-020.md,018_佛山市智龙科技有限公司迁扩建项目_01_受理公告或公示版
PL019,PL019_佛山市智龙科技有限公司迁扩建项目_01_受理公告或公示版.pdf,27,2,2,完整,1.0,自来水 | 吨/年 | 816 | +507.6,,解析文本拼接_表格清洗增强_01_001-020.md,018_佛山市智龙科技有限公司迁扩建项目_01_受理公告或公示版
PL019,PL019_佛山市智龙科技有限公司迁扩建项目_01_受理公告或公示版.pdf,27,3,1,完整,1.0,1152m3/a），蒸发水量Qe 为0.32m3 | /h（即768m3/a），风吹损失水量Qw为0.03m3/h,,解析文本拼接_表格清洗增强_01_001-020.md,018_佛山市智龙科技有限公司迁扩建项目_01_受理公告或公示版
PL019,PL019_佛山市智龙科技有限公司迁扩建项目_01_受理公告或公示版.pdf,27,3,2,完整,1.0,（即72m3/a），排污水量Qb 为0. | 13m3/h（即312m3/a）。项目注塑过程中温度较,,解析文本拼接_表格清洗增强_01_001-020.md,018_佛山市智龙科技有限公司迁扩建项目_01_受理公告或公示版
PL019,PL019_佛山市智龙科技有限公司迁扩建项目_01_受理公告或公示版.pdf,27,3,3,完整,1.0,高，使用电能，需要使用水对其降 | 温冷却，冷却水用于注塑设备的间接冷却，需,,解析文本拼接_表格清洗增强_01_001-020.md,018_佛山市智龙科技有限公司迁扩建项目_01_受理公告或公示版
PL019,PL019_佛山市智龙科技有限公司迁扩建项目_01_受理公告或公示版.pdf,27,3,8,完整,1.0,定期换水。挤出机的冷却水槽外形 | 尺寸：长2.5米，宽0.4米，深0.3米，装水量,,解析文本拼接_表格清洗增强_01_001-020.md,018_佛山市智龙科技有限公司迁扩建项目_01_受理公告或公示版
PL019,PL019_佛山市智龙科技有限公司迁扩建项目_01_受理公告或公示版.pdf,27,3,9,完整,1.0,为容积的80%，则冷却水槽装水量 | 为0.24m3，更换频率为每2个月一次，直接冷,,解析文本拼接_表格清洗增强_01_001-020.md,018_佛山市智龙科技有限公司迁扩建项目_01_受理公告或公示版
PL019,PL019_佛山市智龙科技有限公司迁扩建项目_01_受理公告或公示版.pdf,27,3,10,完整,1.0,却水用水量为 21.6t/a，废水产生量 | 按 90%计算，直接冷却水产生量为 19.44t/a，,,解析文本拼接_表格清洗增强_01_001-020.md,018_佛山市智龙科技有限公司迁扩建项目_01_受理公告或公示版
PL019,PL019_佛山市智龙科技有限公司迁扩建项目_01_受理公告或公示版.pdf,27,3,11,完整,1.0,收集后交由佛山市顺德区绿点废水 | 回收处理有限公司处置。,,解析文本拼接_表格清洗增强_01_001-020.md,018_佛山市智龙科技有限公司迁扩建项目_01_受理公告或公示版
PL019,PL019_佛山市智龙科技有限公司迁扩建项目_01_受理公告或公示版.pdf,27,3,15,完整,1.0,图2.2 迁扩建 | 后全厂水平衡图 单位：t/a,,解析文本拼接_表格清洗增强_01_001-020.md,018_佛山市智龙科技有限公司迁扩建项目_01_受理公告或公示版
PL019,PL019_佛山市智龙科技有限公司迁扩建项目_01_受理公告或公示版.pdf,27,3,17,完整,1.0,表2.9 迁 | 扩建前后项目能源使用一览表,,解析文本拼接_表格清洗增强_01_001-020.md,018_佛山市智龙科技有限公司迁扩建项目_01_受理公告或公示版
PL019,PL019_佛山市智龙科技有限公司迁扩建项目_01_受理公告或公示版.pdf,27,3,19,完整,1.0,1 自来水 | 吨/年 816 +507.6 1323.6,,解析文本拼接_表格清洗增强_01_001-020.md,018_佛山市智龙科技有限公司迁扩建项目_01_受理公告或公示版
PL019,PL019_佛山市智龙科技有限公司迁扩建项目_01_受理公告或公示版.pdf,28,2,1,完整,1.0,电能 | 万kw·h/a | 18 | +4,,解析文本拼接_表格清洗增强_01_001-020.md,018_佛山市智龙科技有限公司迁扩建项目_01_受理公告或公示版
PL019,PL019_佛山市智龙科技有限公司迁扩建项目_01_受理公告或公示版.pdf,28,3,2,完整,1.0,劳动定员 | 20人 | 15人,,解析文本拼接_表格清洗增强_01_001-020.md,018_佛山市智龙科技有限公司迁扩建项目_01_受理公告或公示版
PL019,PL019_佛山市智龙科技有限公司迁扩建项目_01_受理公告或公示版.pdf,28,3,3,完整,1.0,"工作制度 | 年工作300天，工作时间
8:00-12:00,13：30-17:30，
实行一班制 | 年工作300天，工作时间
8:00-12:00,13：30-17:30，
实行一班制",,解析文本拼接_表格清洗增强_01_001-020.md,018_佛山市智龙科技有限公司迁扩建项目_01_受理公告或公示版
PL019,PL019_佛山市智龙科技有限公司迁扩建项目_01_受理公告或公示版.pdf,28,4,3,完整,1.0,"废气控制工程 | 集气罩+围挡+干式过滤棉+活性
炭吸附+废气排放管道 | 10.0",,解析文本拼接_表格清洗增强_01_001-020.md,018_佛山市智龙科技有限公司迁扩建项目_01_受理公告或公示版
PL019,PL019_佛山市智龙科技有限公司迁扩建项目_01_受理公告或公示版.pdf,28,4,4,完整,1.0,噪声防治工程 | 设备减振、墙体隔声等 | 0.5,,解析文本拼接_表格清洗增强_01_001-020.md,018_佛山市智龙科技有限公司迁扩建项目_01_受理公告或公示版
PL019,PL019_佛山市智龙科技有限公司迁扩建项目_01_受理公告或公示版.pdf,28,4,5,完整,1.0,固废 | 危废暂存间 | 1.5,,解析文本拼接_表格清洗增强_01_001-020.md,018_佛山市智龙科技有限公司迁扩建项目_01_受理公告或公示版
PL019,PL019_佛山市智龙科技有限公司迁扩建项目_01_受理公告或公示版.pdf,28,5,1,完整,1.0,8、 | 工作制度和劳动 | 定员,,解析文本拼接_表格清洗增强_01_001-020.md,018_佛山市智龙科技有限公司迁扩建项目_01_受理公告或公示版
PL019,PL019_佛山市智龙科技有限公司迁扩建项目_01_受理公告或公示版.pdf,28,5,8,部分,0.75,1 | 20 | 15 | 减少 人,减少 人,解析文本拼接_表格清洗增强_01_001-020.md,018_佛山市智龙科技有限公司迁扩建项目_01_受理公告或公示版
PL019,PL019_佛山市智龙科技有限公司迁扩建项目_01_受理公告或公示版.pdf,28,5,10,疑似缺失,0.667,年工 | 作300天，工作时间 年工作30 | 0天，工作时间,作300天，工作时间 年工作30,解析文本拼接_表格清洗增强_01_001-020.md,018_佛山市智龙科技有限公司迁扩建项目_01_受理公告或公示版
PL019,PL019_佛山市智龙科技有限公司迁扩建项目_01_受理公告或公示版.pdf,28,5,11,疑似缺失,0.4,"2 | 工作制度 8:00- | 12:00,13：30-17:30， 8:00-12:00 | ,13：30-17:30 | ， 不变","工作制度 8:00-；12:00,13：30-17:30， 8:00-12:00；， 不变",解析文本拼接_表格清洗增强_01_001-020.md,018_佛山市智龙科技有限公司迁扩建项目_01_受理公告或公示版
PL019,PL019_佛山市智龙科技有限公司迁扩建项目_01_受理公告或公示版.pdf,28,5,13,完整,1.0,3 | 食宿情况 | 不食宿 | 不食宿 | 不变,,解析文本拼接_表格清洗增强_01_001-020.md,018_佛山市智龙科技有限公司迁扩建项目_01_受理公告或公示版
PL019,PL019_佛山市智龙科技有限公司迁扩建项目_01_受理公告或公示版.pdf,28,5,14,完整,1.0,9、 | 厂区平面布置,,解析文本拼接_表格清洗增强_01_001-020.md,018_佛山市智龙科技有限公司迁扩建项目_01_受理公告或公示版
PL019,PL019_佛山市智龙科技有限公司迁扩建项目_01_受理公告或公示版.pdf,28,5,15,完整,1.0,迁扩 | 建后项目使用已 | 建厂房，项目所在建筑为 8 层 | 高的工业厂 | 房，首层高度,,解析文本拼接_表格清洗增强_01_001-020.md,018_佛山市智龙科技有限公司迁扩建项目_01_受理公告或公示版
PL019,PL019_佛山市智龙科技有限公司迁扩建项目_01_受理公告或公示版.pdf,28,5,16,完整,1.0,为 | 8 | 米， | 其他楼层高度为 | 5.5m，建筑物总高度为41米 | ，经营面积 | 1100m2，建设,,解析文本拼接_表格清洗增强_01_001-020.md,018_佛山市智龙科技有限公司迁扩建项目_01_受理公告或公示版
PL019,PL019_佛山市智龙科技有限公司迁扩建项目_01_受理公告或公示版.pdf,28,5,17,完整,1.0,内 | 容 | 为混 | 料、破碎、注塑 | 、组装、维修、办公室、原 | 材料成品堆放 | 区域。,,解析文本拼接_表格清洗增强_01_001-020.md,018_佛山市智龙科技有限公司迁扩建项目_01_受理公告或公示版
PL019,PL019_佛山市智龙科技有限公司迁扩建项目_01_受理公告或公示版.pdf,28,5,18,完整,1.0,10、 | 项目环保投资情 | 况,,解析文本拼接_表格清洗增强_01_001-020.md,018_佛山市智龙科技有限公司迁扩建项目_01_受理公告或公示版
PL019,PL019_佛山市智龙科技有限公司迁扩建项目_01_受理公告或公示版.pdf,28,5,20,完整,1.0,合 | 本 | 环境 | 保护和污染防治 | 工作拟采用一些必要的工程措 | 施，对本环 | 境保护投资进,,解析文本拼接_表格清洗增强_01_001-020.md,018_佛山市智龙科技有限公司迁扩建项目_01_受理公告或公示版
PL019,PL019_佛山市智龙科技有限公司迁扩建项目_01_受理公告或公示版.pdf,28,5,21,完整,1.0,行 | 了 | 估算 | ，具体结果见表 | 2.11。,,解析文本拼接_表格清洗增强_01_001-020.md,018_佛山市智龙科技有限公司迁扩建项目_01_受理公告或公示版
PL019,PL019_佛山市智龙科技有限公司迁扩建项目_01_受理公告或公示版.pdf,28,5,22,完整,1.0,表 | 2.11 项目环保工程措施投资一 | 览表,,解析文本拼接_表格清洗增强_01_001-020.md,018_佛山市智龙科技有限公司迁扩建项目_01_受理公告或公示版
PL019,PL019_佛山市智龙科技有限公司迁扩建项目_01_受理公告或公示版.pdf,28,5,26,完整,1.0,1 | 污水处理工程 | 三级化粪池（依托的所在建筑） | / | /,,解析文本拼接_表格清洗增强_01_001-020.md,018_佛山市智龙科技有限公司迁扩建项目_01_受理公告或公示版
PL019,PL019_佛山市智龙科技有限公司迁扩建项目_01_受理公告或公示版.pdf,28,5,29,完整,1.0,2 | 10.0 | 10.00,,解析文本拼接_表格清洗增强_01_001-020.md,018_佛山市智龙科技有限公司迁扩建项目_01_受理公告或公示版
PL019,PL019_佛山市智龙科技有限公司迁扩建项目_01_受理公告或公示版.pdf,28,5,31,完整,1.0,3 | 噪声防治工程 | 设备减振、墙体隔声等 | 0.5 | 0.5,,解析文本拼接_表格清洗增强_01_001-020.md,018_佛山市智龙科技有限公司迁扩建项目_01_受理公告或公示版
PL019,PL019_佛山市智龙科技有限公司迁扩建项目_01_受理公告或公示版.pdf,28,5,32,完整,1.0,4 | 固废 | 危废暂存间 | 1.5 | 1.5,,解析文本拼接_表格清洗增强_01_001-020.md,018_佛山市智龙科技有限公司迁扩建项目_01_受理公告或公示版
PL019,PL019_佛山市智龙科技有限公司迁扩建项目_01_受理公告或公示版.pdf,29,1,1,完整,1.0,"工艺
流程
和产
排污
环节 | 1、营运期工艺流程及产污节点图见下图：
图2.3 项目滑轮工艺流程图
工艺流程简述：
根据溜冰鞋轮、滑板车轮、儿童车轮、其他车轮的需要，项目外购的铜线通
过绕线机绕在五金配件上，然后将线路板、LED 灯珠通过自动焊锡机、电烙铁焊
接组装固定，经浸锡处理后电子配件半成品备用。同时项目将通过PP、ABS、PC、",,解析文本拼接_表格清洗增强_01_001-020.md,018_佛山市智龙科技有限公司迁扩建项目_01_受理公告或公示版
PL019,PL019_佛山市智龙科技有限公司迁扩建项目_01_受理公告或公示版.pdf,30,2,1,完整,1.0,产污工序 | 污染物,,解析文本拼接_表格清洗增强_01_001-020.md,018_佛山市智龙科技有限公司迁扩建项目_01_受理公告或公示版
PL019,PL019_佛山市智龙科技有限公司迁扩建项目_01_受理公告或公示版.pdf,30,2,2,完整,1.0,"废气 | 焊锡、浸锡 | 有机废气、锡及其化合
物",,解析文本拼接_表格清洗增强_01_001-020.md,018_佛山市智龙科技有限公司迁扩建项目_01_受理公告或公示版
PL019,PL019_佛山市智龙科技有限公司迁扩建项目_01_受理公告或公示版.pdf,30,2,4,完整,1.0,注塑、超声波焊接、组装 | 有机废气、恶臭气体,,解析文本拼接_表格清洗增强_01_001-020.md,018_佛山市智龙科技有限公司迁扩建项目_01_受理公告或公示版
PL019,PL019_佛山市智龙科技有限公司迁扩建项目_01_受理公告或公示版.pdf,30,2,5,完整,1.0,废水 | 员工生活 | 生活污水,,解析文本拼接_表格清洗增强_01_001-020.md,018_佛山市智龙科技有限公司迁扩建项目_01_受理公告或公示版
PL019,PL019_佛山市智龙科技有限公司迁扩建项目_01_受理公告或公示版.pdf,30,2,7,完整,1.0,固废 | 员工生活,,解析文本拼接_表格清洗增强_01_001-020.md,018_佛山市智龙科技有限公司迁扩建项目_01_受理公告或公示版
PL019,PL019_佛山市智龙科技有限公司迁扩建项目_01_受理公告或公示版.pdf,30,3,2,完整,1.0,塑 | 料粒 | 放进注 | 塑机和挤出机中，通过 | 高温（注塑成型温度1 | 90~220℃）使其受热,,解析文本拼接_表格清洗增强_01_001-020.md,018_佛山市智龙科技有限公司迁扩建项目_01_受理公告或公示版
PL019,PL019_佛山市智龙科技有限公司迁扩建项目_01_受理公告或公示版.pdf,30,3,9,完整,1.0,表2.11 迁扩 | 建后项目产污一览表,,解析文本拼接_表格清洗增强_01_001-020.md,018_佛山市智龙科技有限公司迁扩建项目_01_受理公告或公示版
PL019,PL019_佛山市智龙科技有限公司迁扩建项目_01_受理公告或公示版.pdf,30,3,10,完整,1.0,项 | 目 | 产污工序 | 污染物 | 主要污染因子,,解析文本拼接_表格清洗增强_01_001-020.md,018_佛山市智龙科技有限公司迁扩建项目_01_受理公告或公示版
PL019,PL019_佛山市智龙科技有限公司迁扩建项目_01_受理公告或公示版.pdf,30,3,14,完整,1.0,废气 | 投料、混料、破碎 | 塑料粉尘 | 颗粒物,,解析文本拼接_表格清洗增强_01_001-020.md,018_佛山市智龙科技有限公司迁扩建项目_01_受理公告或公示版
PL019,PL019_佛山市智龙科技有限公司迁扩建项目_01_受理公告或公示版.pdf,30,3,15,完整,1.0,注塑、超声波焊接、组装 | 有机废气、恶臭气体 | 非甲烷总烃、臭气浓度,,解析文本拼接_表格清洗增强_01_001-020.md,018_佛山市智龙科技有限公司迁扩建项目_01_受理公告或公示版
PL019,PL019_佛山市智龙科技有限公司迁扩建项目_01_受理公告或公示版.pdf,30,3,16,疑似缺失,0.667,"员工生活 | 生活污水 | CODcr、BOD 、NH -N、
5 3","CODcr、BOD 、NH -N、
5 3",解析文本拼接_表格清洗增强_01_001-020.md,018_佛山市智龙科技有限公司迁扩建项目_01_受理公告或公示版
PL019,PL019_佛山市智龙科技有限公司迁扩建项目_01_受理公告或公示版.pdf,30,3,21,完整,1.0,固废 | 一般固体废物 | 废包装材料 | 、塑料次品,,解析文本拼接_表格清洗增强_01_001-020.md,018_佛山市智龙科技有限公司迁扩建项目_01_受理公告或公示版
PL019,PL019_佛山市智龙科技有限公司迁扩建项目_01_受理公告或公示版.pdf,30,3,22,完整,1.0,废机油、废液压油、废活 | 性炭、废油桶、含油废,,解析文本拼接_表格清洗增强_01_001-020.md,018_佛山市智龙科技有限公司迁扩建项目_01_受理公告或公示版
PL019,PL019_佛山市智龙科技有限公司迁扩建项目_01_受理公告或公示版.pdf,30,3,25,完整,1.0,噪声 | 生产设备,,解析文本拼接_表格清洗增强_01_001-020.md,018_佛山市智龙科技有限公司迁扩建项目_01_受理公告或公示版
PL019,PL019_佛山市智龙科技有限公司迁扩建项目_01_受理公告或公示版.pdf,31,2,1,完整,1.0,污染物 | 产生浓度及产生量,,解析文本拼接_表格清洗增强_01_001-020.md,018_佛山市智龙科技有限公司迁扩建项目_01_受理公告或公示版
PL019,PL019_佛山市智龙科技有限公司迁扩建项目_01_受理公告或公示版.pdf,31,2,3,完整,1.0,CODcr | 250 | 0.0540 | 40,,解析文本拼接_表格清洗增强_01_001-020.md,018_佛山市智龙科技有限公司迁扩建项目_01_受理公告或公示版
PL019,PL019_佛山市智龙科技有限公司迁扩建项目_01_受理公告或公示版.pdf,31,2,4,完整,1.0,"BOD
5 | 100 | 0.0216 | 10",,解析文本拼接_表格清洗增强_01_001-020.md,018_佛山市智龙科技有限公司迁扩建项目_01_受理公告或公示版
PL019,PL019_佛山市智龙科技有限公司迁扩建项目_01_受理公告或公示版.pdf,31,2,5,完整,1.0,SS | 100 | 0.0216 | 10,,解析文本拼接_表格清洗增强_01_001-020.md,018_佛山市智龙科技有限公司迁扩建项目_01_受理公告或公示版
PL019,PL019_佛山市智龙科技有限公司迁扩建项目_01_受理公告或公示版.pdf,31,2,6,完整,1.0,氨氮 | 30 | 0.0065 | 5,,解析文本拼接_表格清洗增强_01_001-020.md,018_佛山市智龙科技有限公司迁扩建项目_01_受理公告或公示版
PL019,PL019_佛山市智龙科技有限公司迁扩建项目_01_受理公告或公示版.pdf,31,3,1,完整,1.0,年 | 产溜冰鞋轮 30 | 0 万个、滑板车 | 轮 300 万个 | 新建项目》 | 的环评批复（ | 佛环 0304,,解析文本拼接_表格清洗增强_01_001-020.md,018_佛山市智龙科技有限公司迁扩建项目_01_受理公告或公示版
PL019,PL019_佛山市智龙科技有限公司迁扩建项目_01_受理公告或公示版.pdf,31,3,2,完整,1.0,环 | 审[2021]第000 | 2号），2021年 | 5月24日通 | 过竣工环境 | 保护验收。20 | 21年5月,,解析文本拼接_表格清洗增强_01_001-020.md,018_佛山市智龙科技有限公司迁扩建项目_01_受理公告或公示版
PL019,PL019_佛山市智龙科技有限公司迁扩建项目_01_受理公告或公示版.pdf,31,3,3,完整,1.0,完 | 成固定污染源 | 排污登记，编号 | ：91440606 | MA558YA35 | M001W。原项 | 目位于广,,解析文本拼接_表格清洗增强_01_001-020.md,018_佛山市智龙科技有限公司迁扩建项目_01_受理公告或公示版
PL019,PL019_佛山市智龙科技有限公司迁扩建项目_01_受理公告或公示版.pdf,31,3,4,完整,1.0,东 | 省佛山市顺德 | 区勒流街道勒北村 | 百丈工业一 | 路9号A | 之四，年产溜冰 | 鞋轮300,,解析文本拼接_表格清洗增强_01_001-020.md,018_佛山市智龙科技有限公司迁扩建项目_01_受理公告或公示版
PL019,PL019_佛山市智龙科技有限公司迁扩建项目_01_受理公告或公示版.pdf,31,3,5,完整,1.0,万 | 个、滑板车轮 | 300万个。,,解析文本拼接_表格清洗增强_01_001-020.md,018_佛山市智龙科技有限公司迁扩建项目_01_受理公告或公示版
PL019,PL019_佛山市智龙科技有限公司迁扩建项目_01_受理公告或公示版.pdf,31,3,6,完整,1.0,2、原项目产 | 工艺流程及产污 | 环节,,解析文本拼接_表格清洗增强_01_001-020.md,018_佛山市智龙科技有限公司迁扩建项目_01_受理公告或公示版
PL019,PL019_佛山市智龙科技有限公司迁扩建项目_01_受理公告或公示版.pdf,31,3,7,完整,1.0,迁扩建前项 | 目生产工艺流程均 | 与迁扩建后 | 一致，详见 | 图2.3。,,解析文本拼接_表格清洗增强_01_001-020.md,018_佛山市智龙科技有限公司迁扩建项目_01_受理公告或公示版
PL019,PL019_佛山市智龙科技有限公司迁扩建项目_01_受理公告或公示版.pdf,31,3,8,完整,1.0,3、核算现有 | 工程污染物实际 | 排放总量,,解析文本拼接_表格清洗增强_01_001-020.md,018_佛山市智龙科技有限公司迁扩建项目_01_受理公告或公示版
PL019,PL019_佛山市智龙科技有限公司迁扩建项目_01_受理公告或公示版.pdf,31,3,9,完整,1.0,迁扩建前项 | 目大气污染源为注 | 塑、超声波 | 焊接产生的 | 非甲烷总烃、 | 臭气浓度；,,解析文本拼接_表格清洗增强_01_001-020.md,018_佛山市智龙科技有限公司迁扩建项目_01_受理公告或公示版
PL019,PL019_佛山市智龙科技有限公司迁扩建项目_01_受理公告或公示版.pdf,31,3,10,完整,1.0,破 | 碎产生的塑料 | 粉尘；焊锡、浸锡 | 产生的锡及 | 其化合物、 | 有机废气；迁 | 扩建前项,,解析文本拼接_表格清洗增强_01_001-020.md,018_佛山市智龙科技有限公司迁扩建项目_01_受理公告或公示版
PL019,PL019_佛山市智龙科技有限公司迁扩建项目_01_受理公告或公示版.pdf,31,3,11,完整,1.0,与项 | 目 | 生产过程中废 | 水主要为员工生活 | 污水；注塑 | 机冷却水循 | 环使用，作为 | 清净下水,,解析文本拼接_表格清洗增强_01_001-020.md,018_佛山市智龙科技有限公司迁扩建项目_01_受理公告或公示版
PL019,PL019_佛山市智龙科技有限公司迁扩建项目_01_受理公告或公示版.pdf,31,3,14,完整,1.0,原有 | （1）废水,,解析文本拼接_表格清洗增强_01_001-020.md,018_佛山市智龙科技有限公司迁扩建项目_01_受理公告或公示版
PL019,PL019_佛山市智龙科技有限公司迁扩建项目_01_受理公告或公示版.pdf,31,3,16,完整,1.0,污染 | ①员工生活 | 污水,,解析文本拼接_表格清洗增强_01_001-020.md,018_佛山市智龙科技有限公司迁扩建项目_01_受理公告或公示版
PL019,PL019_佛山市智龙科技有限公司迁扩建项目_01_受理公告或公示版.pdf,31,3,18,完整,1.0,洗 | 、洗手及食堂 | 工作等，原项目员 | 工生活用水 | 量为240t/a | ，排水系数按 | 0.9计算，,,解析文本拼接_表格清洗增强_01_001-020.md,018_佛山市智龙科技有限公司迁扩建项目_01_受理公告或公示版
PL019,PL019_佛山市智龙科技有限公司迁扩建项目_01_受理公告或公示版.pdf,31,3,19,部分,0.857,"生 | 活污水排放量 | 为216t/a，废水中 | 的主要污染 | 物为COD
Cr | 、BOD 、SS、
5 | 氨氮等。","、BOD 、SS、
5",解析文本拼接_表格清洗增强_01_001-020.md,018_佛山市智龙科技有限公司迁扩建项目_01_受理公告或公示版
PL019,PL019_佛山市智龙科技有限公司迁扩建项目_01_受理公告或公示版.pdf,31,3,22,完整,1.0,表2.12 | 原项目生活 | 废水排放情况,,解析文本拼接_表格清洗增强_01_001-020.md,018_佛山市智龙科技有限公司迁扩建项目_01_受理公告或公示版
PL019,PL019_佛山市智龙科技有限公司迁扩建项目_01_受理公告或公示版.pdf,31,3,29,完整,1.0,CODcr | 250 | 0.0540 | 40 | 0.0086,,解析文本拼接_表格清洗增强_01_001-020.md,018_佛山市智龙科技有限公司迁扩建项目_01_受理公告或公示版
PL019,PL019_佛山市智龙科技有限公司迁扩建项目_01_受理公告或公示版.pdf,31,3,30,完整,1.0,"生活污水 | BOD
5 | 100 | 0.0216 | 10 | 0.0022",,解析文本拼接_表格清洗增强_01_001-020.md,018_佛山市智龙科技有限公司迁扩建项目_01_受理公告或公示版
PL019,PL019_佛山市智龙科技有限公司迁扩建项目_01_受理公告或公示版.pdf,31,3,32,完整,1.0,216t/a | SS | 100 | 0.0216 | 10 | 0.0022,,解析文本拼接_表格清洗增强_01_001-020.md,018_佛山市智龙科技有限公司迁扩建项目_01_受理公告或公示版
PL019,PL019_佛山市智龙科技有限公司迁扩建项目_01_受理公告或公示版.pdf,31,3,33,完整,1.0,氨氮 | 30 | 0.0065 | 5 | 0.0011,,解析文本拼接_表格清洗增强_01_001-020.md,018_佛山市智龙科技有限公司迁扩建项目_01_受理公告或公示版
PL019,PL019_佛山市智龙科技有限公司迁扩建项目_01_受理公告或公示版.pdf,35,1,2,完整,1.0,"核
算
方
法 | 产
生
工
序 | 污染
物种
类 | 总产
生量
（t/a
） | 污染物产生 | 排放 | 治理设施 | 污染物排放",,解析文本拼接_表格清洗增强_01_001-020.md,018_佛山市智龙科技有限公司迁扩建项目_01_受理公告或公示版
PL019,PL019_佛山市智龙科技有限公司迁扩建项目_01_受理公告或公示版.pdf,35,1,3,完整,1.0,"产生量
（t/a） | 产生
浓度
（mg/
m3） | 形式 | 处理
能力
（m3/
h） | 收
集
效
率
（
%） | 治理
工艺
去除
率
（%
） | 是
否
为
可
行
技
术 | 排放
量
（t/
a） | 排放
速率
（kg
/h） | 排
放
浓
度
（
mg
/m3
）",,解析文本拼接_表格清洗增强_01_001-020.md,018_佛山市智龙科技有限公司迁扩建项目_01_受理公告或公示版
PL019,PL019_佛山市智龙科技有限公司迁扩建项目_01_受理公告或公示版.pdf,35,1,4,完整,1.0,"原
环
评
数
据 | 焊
锡
、
浸
锡 | 锡及
其化
合物 | 0.002
5 | 0.0022
5 | 0.08 | 有组
织 | 1500
0 | 90 | 80 | / | 0.00
045 | 0.000
2 | 0.0
2",,解析文本拼接_表格清洗增强_01_001-020.md,018_佛山市智龙科技有限公司迁扩建项目_01_受理公告或公示版
PL019,PL019_佛山市智龙科技有限公司迁扩建项目_01_受理公告或公示版.pdf,35,1,5,完整,1.0,"0.0002
5 | / | 无组
织 | / | / | / | / | 0.00
025 | 0.000
1 | /",,解析文本拼接_表格清洗增强_01_001-020.md,018_佛山市智龙科技有限公司迁扩建项目_01_受理公告或公示版
PL019,PL019_佛山市智龙科技有限公司迁扩建项目_01_受理公告或公示版.pdf,35,1,6,完整,1.0,"VOCs | 0.25 | 0.225 | 7.50 | 有组
织 | 1500
0 | 90 | 80 | / | 0.04
5 | 0.022
5 | 1.5
0",,解析文本拼接_表格清洗增强_01_001-020.md,018_佛山市智龙科技有限公司迁扩建项目_01_受理公告或公示版
PL019,PL019_佛山市智龙科技有限公司迁扩建项目_01_受理公告或公示版.pdf,35,1,7,完整,1.0,"0.025 | / | 无组
织 | / | / | / | / | 0.02
5 | 0.012
5 | /",,解析文本拼接_表格清洗增强_01_001-020.md,018_佛山市智龙科技有限公司迁扩建项目_01_受理公告或公示版
PL019,PL019_佛山市智龙科技有限公司迁扩建项目_01_受理公告或公示版.pdf,35,1,8,完整,1.0,"注
塑 | 非甲
烷总
烃 | 0.822 | 0.740 | 24.67 | 有组
织 | 1500
0 | 90 | 80 | / | 0.14
8 | 0.074 | 4.9
3",,解析文本拼接_表格清洗增强_01_001-020.md,018_佛山市智龙科技有限公司迁扩建项目_01_受理公告或公示版
PL019,PL019_佛山市智龙科技有限公司迁扩建项目_01_受理公告或公示版.pdf,35,1,9,完整,1.0,"0.0822 | / | 无组
织 | / | / | / | / | 0.08
22 | 0.041
1 | /",,解析文本拼接_表格清洗增强_01_001-020.md,018_佛山市智龙科技有限公司迁扩建项目_01_受理公告或公示版
PL019,PL019_佛山市智龙科技有限公司迁扩建项目_01_受理公告或公示版.pdf,35,1,12,完整,1.0,"破
碎 | 颗粒
物 | 0.014
25 | 0.0142
5 | / | 无组
织 | / | / | / | / | 0.01
425 | 0.011
9 | /",,解析文本拼接_表格清洗增强_01_001-020.md,018_佛山市智龙科技有限公司迁扩建项目_01_受理公告或公示版
PL019,PL019_佛山市智龙科技有限公司迁扩建项目_01_受理公告或公示版.pdf,36,1,1,完整,1.0,"归
真
核
算 | 浸
锡 | VOCs | 0.45 | 0.225 | 6.25 | 有组
织 | 1500
0 | 50 | 51 | 是 | 0.11
0 | 0.046 | 3.0
6",,解析文本拼接_表格清洗增强_01_001-020.md,018_佛山市智龙科技有限公司迁扩建项目_01_受理公告或公示版
PL019,PL019_佛山市智龙科技有限公司迁扩建项目_01_受理公告或公示版.pdf,36,1,2,完整,1.0,"0.225 | / | 无组
织 | / | / | / | / | 0.22
5 | 0.094 | /",,解析文本拼接_表格清洗增强_01_001-020.md,018_佛山市智龙科技有限公司迁扩建项目_01_受理公告或公示版
PL019,PL019_佛山市智龙科技有限公司迁扩建项目_01_受理公告或公示版.pdf,36,1,3,完整,1.0,"注
塑 | 非甲
烷总
烃 | 0.822 | 0.411 | 11.42 | 有组
织 | 1500
0 | 50 | 51 | 是 | 0.20
1 | 0.084 | 5.5
9",,解析文本拼接_表格清洗增强_01_001-020.md,018_佛山市智龙科技有限公司迁扩建项目_01_受理公告或公示版
PL019,PL019_佛山市智龙科技有限公司迁扩建项目_01_受理公告或公示版.pdf,36,1,4,完整,1.0,"0.411 | / | 无组
织 | / | / | / | / | 0.41
1 | 0.171 | /",,解析文本拼接_表格清洗增强_01_001-020.md,018_佛山市智龙科技有限公司迁扩建项目_01_受理公告或公示版
PL019,PL019_佛山市智龙科技有限公司迁扩建项目_01_受理公告或公示版.pdf,36,1,5,完整,1.0,"超
声
波
焊
接 | 非甲
烷总
烃 | 0.008 | 0.004 | 0.11 | 有组
织 | 1500
0 | 50 | 51 | 是 | 0.00
2 | 0.001 | 0.0
5",,解析文本拼接_表格清洗增强_01_001-020.md,018_佛山市智龙科技有限公司迁扩建项目_01_受理公告或公示版
PL019,PL019_佛山市智龙科技有限公司迁扩建项目_01_受理公告或公示版.pdf,36,1,6,完整,1.0,"0.004 | / | 无组
织 | / | / | / | / | 0.00
4 | 0.002 | /",,解析文本拼接_表格清洗增强_01_001-020.md,018_佛山市智龙科技有限公司迁扩建项目_01_受理公告或公示版
PL019,PL019_佛山市智龙科技有限公司迁扩建项目_01_受理公告或公示版.pdf,36,2,1,完整,1.0,"浸 | VOCs | 0.225 | 6.25 | 有组
织 | 1500
0 | 50 | 51 | 是 | 0.11
0 | 0.046 | 3.0
6",,解析文本拼接_表格清洗增强_01_001-020.md,018_佛山市智龙科技有限公司迁扩建项目_01_受理公告或公示版
PL019,PL019_佛山市智龙科技有限公司迁扩建项目_01_受理公告或公示版.pdf,36,2,2,完整,1.0,"锡 | 0.45 | 0.225 | / | 无组
织 | / | / | / | / | 0.22 | 0.094 | /",,解析文本拼接_表格清洗增强_01_001-020.md,018_佛山市智龙科技有限公司迁扩建项目_01_受理公告或公示版
PL019,PL019_佛山市智龙科技有限公司迁扩建项目_01_受理公告或公示版.pdf,36,2,4,完整,1.0,有组 | 1500 | 0.20 | 5.5,,解析文本拼接_表格清洗增强_01_001-020.md,018_佛山市智龙科技有限公司迁扩建项目_01_受理公告或公示版
PL019,PL019_佛山市智龙科技有限公司迁扩建项目_01_受理公告或公示版.pdf,36,2,5,完整,1.0,"归
真 | 注
塑 | 非甲
烷总 | 0.822 | 0.411 | 11.42 | 织 | 0 | 50 | 51 | 是 | 1 | 0.084 | 9",,解析文本拼接_表格清洗增强_01_001-020.md,018_佛山市智龙科技有限公司迁扩建项目_01_受理公告或公示版
PL019,PL019_佛山市智龙科技有限公司迁扩建项目_01_受理公告或公示版.pdf,36,2,6,完整,1.0,"核
算 | 烃 | 0.411 | / | 无组
织 | / | / | / | / | 0.41
1 | 0.171 | /",,解析文本拼接_表格清洗增强_01_001-020.md,018_佛山市智龙科技有限公司迁扩建项目_01_受理公告或公示版
PL019,PL019_佛山市智龙科技有限公司迁扩建项目_01_受理公告或公示版.pdf,36,2,7,完整,1.0,超 | 有组 | 1500 | 0.00 | 0.0,,解析文本拼接_表格清洗增强_01_001-020.md,018_佛山市智龙科技有限公司迁扩建项目_01_受理公告或公示版
PL019,PL019_佛山市智龙科技有限公司迁扩建项目_01_受理公告或公示版.pdf,36,2,8,完整,1.0,0.004 | 0.11 | 50 | 51 | 是 | 0.001,,解析文本拼接_表格清洗增强_01_001-020.md,018_佛山市智龙科技有限公司迁扩建项目_01_受理公告或公示版
PL019,PL019_佛山市智龙科技有限公司迁扩建项目_01_受理公告或公示版.pdf,36,2,9,完整,1.0,声 | 非甲 | 织 | 0 | 2 | 5,,解析文本拼接_表格清洗增强_01_001-020.md,018_佛山市智龙科技有限公司迁扩建项目_01_受理公告或公示版
PL019,PL019_佛山市智龙科技有限公司迁扩建项目_01_受理公告或公示版.pdf,36,2,10,完整,1.0,波 | 烷总 | 0.008 | 无组 | 0.00,,解析文本拼接_表格清洗增强_01_001-020.md,018_佛山市智龙科技有限公司迁扩建项目_01_受理公告或公示版
PL019,PL019_佛山市智龙科技有限公司迁扩建项目_01_受理公告或公示版.pdf,36,2,11,完整,1.0,焊 | 烃 | 0.004 | / | 织 | / | / | / | / | 4 | 0.002 | /,,解析文本拼接_表格清洗增强_01_001-020.md,018_佛山市智龙科技有限公司迁扩建项目_01_受理公告或公示版
PL019,PL019_佛山市智龙科技有限公司迁扩建项目_01_受理公告或公示版.pdf,36,2,13,完整,1.0,项目 | 非甲烷 | 总烃、 | 臭气浓 | 度、颗 | 粒物 | 、锡及 | 其化合 | 物、 | VOCs | 均达 | 标排放 | ，,,解析文本拼接_表格清洗增强_01_001-020.md,018_佛山市智龙科技有限公司迁扩建项目_01_受理公告或公示版
PL019,PL019_佛山市智龙科技有限公司迁扩建项目_01_受理公告或公示版.pdf,36,2,14,完整,1.0,非甲 | 烷总 | 烃符合 | 《合成 | 树脂工 | 业污染 | 物排放 | 标准》 | （GB | 31572 | -201 | 5）表 | 4大气 | 污,,解析文本拼接_表格清洗增强_01_001-020.md,018_佛山市智龙科技有限公司迁扩建项目_01_受理公告或公示版
PL019,PL019_佛山市智龙科技有限公司迁扩建项目_01_受理公告或公示版.pdf,36,2,15,完整,1.0,染物 | 排放 | 限值及 | 表9企 | 业边界 | 大气污 | 染物浓 | 度限值 | ；臭 | 气浓度 | 符合 | 《恶 | 臭污染 | 物,,解析文本拼接_表格清洗增强_01_001-020.md,018_佛山市智龙科技有限公司迁扩建项目_01_受理公告或公示版
PL019,PL019_佛山市智龙科技有限公司迁扩建项目_01_受理公告或公示版.pdf,36,2,16,完整,1.0,排放 | 标准 | 》（G | B14554- | 93）中 | 表1恶 | 臭污染 | 物厂界 | 标准 | 值的二 | 级新 | 扩改 | 建标准 | 和,,解析文本拼接_表格清洗增强_01_001-020.md,018_佛山市智龙科技有限公司迁扩建项目_01_受理公告或公示版
PL019,PL019_佛山市智龙科技有限公司迁扩建项目_01_受理公告或公示版.pdf,36,2,17,完整,1.0,表 2 | 恶臭 | 污染物 | 排放 | 标准值 | ；颗粒 | 物符合 | 《合 | 成树脂 | 工业 | 污染 | 物排 | 放标准 | 》,,解析文本拼接_表格清洗增强_01_001-020.md,018_佛山市智龙科技有限公司迁扩建项目_01_受理公告或公示版
PL019,PL019_佛山市智龙科技有限公司迁扩建项目_01_受理公告或公示版.pdf,36,2,18,完整,1.0,（GB | 315 | 72-201 | 5）表9 | 规定的 | 大气污 | 染物排 | 放限 | 值；锡 | 及其化 | 合物 | 符合 | 广东省 | 地,,解析文本拼接_表格清洗增强_01_001-020.md,018_佛山市智龙科技有限公司迁扩建项目_01_受理公告或公示版
PL019,PL019_佛山市智龙科技有限公司迁扩建项目_01_受理公告或公示版.pdf,36,2,19,完整,1.0,方标 | 准《 | 大气污 | 染物排 | 放限值 | 》（DB | 44/27- | 2001） | 中第二 | 时段二 | 级标 | 准及 | 无组织 | 排,,解析文本拼接_表格清洗增强_01_001-020.md,018_佛山市智龙科技有限公司迁扩建项目_01_受理公告或公示版
PL019,PL019_佛山市智龙科技有限公司迁扩建项目_01_受理公告或公示版.pdf,36,2,20,完整,1.0,放监 | 控点 | 浓度限 | 值要求 | ；VOC | s 排放 | 可达到 | 广东省 | 地方 | 标准《 | 固定 | 污染 | 源挥发 | 性,,解析文本拼接_表格清洗增强_01_001-020.md,018_佛山市智龙科技有限公司迁扩建项目_01_受理公告或公示版
PL019,PL019_佛山市智龙科技有限公司迁扩建项目_01_受理公告或公示版.pdf,36,2,21,完整,1.0,有机 | 物综 | 合排放 | 标准》 | （DB4 | 4/2367- | 2022） | 表 1 | 挥发性 | 有机 | 物排 | 放限值 | 以及表 | 3,,解析文本拼接_表格清洗增强_01_001-020.md,018_佛山市智龙科技有限公司迁扩建项目_01_受理公告或公示版
PL019,PL019_佛山市智龙科技有限公司迁扩建项目_01_受理公告或公示版.pdf,36,2,22,完整,1.0,厂区 | 内V | OCs 无 | 组织排 | 放限值 | 的要求 | 。,,解析文本拼接_表格清洗增强_01_001-020.md,018_佛山市智龙科技有限公司迁扩建项目_01_受理公告或公示版
PL019,PL019_佛山市智龙科技有限公司迁扩建项目_01_受理公告或公示版.pdf,37,1,4,完整,1.0,浸锡炉1台 | 注塑机18台 | 浸锡炉1台 | 注塑机18台,,解析文本拼接_表格清洗增强_01_001-020.md,018_佛山市智龙科技有限公司迁扩建项目_01_受理公告或公示版
PL019,PL019_佛山市智龙科技有限公司迁扩建项目_01_受理公告或公示版.pdf,37,1,6,完整,1.0,0.5t/a | 285t/a | 0.5t/a | 285t/a,,解析文本拼接_表格清洗增强_01_001-020.md,018_佛山市智龙科技有限公司迁扩建项目_01_受理公告或公示版
PL019,PL019_佛山市智龙科技有限公司迁扩建项目_01_受理公告或公示版.pdf,37,1,8,完整,1.0,"异丙醇40～50%、精致
松香35～45%、活化剂
1～2%、其它添加剂
1～5%，按照最不利原
则VOCs挥发量占50% | 《上海市工业企业挥发
性有机物排放量通用计
算方法（试行》中表1-4
主要塑料制品制造工序
产污系数中的射出成型
制造废气排放系数，非甲
烷总烃排放系数为
2.885kg/t原料量 | 助焊剂主要成分为
醇类80%、松香类
9%、丁",,解析文本拼接_表格清洗增强_01_001-020.md,018_佛山市智龙科技有限公司迁扩建项目_01_受理公告或公示版
PL019,PL019_佛山市智龙科技有限公司迁扩建项目_01_受理公告或公示版.pdf,37,1,9,完整,1.0,90% | 90% | 50% | 50%,,解析文本拼接_表格清洗增强_01_001-020.md,018_佛山市智龙科技有限公司迁扩建项目_01_受理公告或公示版
PL019,PL019_佛山市智龙科技有限公司迁扩建项目_01_受理公告或公示版.pdf,37,1,10,完整,1.0,80% | 80% | 51% | 51%,,解析文本拼接_表格清洗增强_01_001-020.md,018_佛山市智龙科技有限公司迁扩建项目_01_受理公告或公示版
PL019,PL019_佛山市智龙科技有限公司迁扩建项目_01_受理公告或公示版.pdf,37,1,11,完整,1.0,有组织 | 0.045 | 0.148 | 0.110 | 0.201,,解析文本拼接_表格清洗增强_01_001-020.md,018_佛山市智龙科技有限公司迁扩建项目_01_受理公告或公示版
PL019,PL019_佛山市智龙科技有限公司迁扩建项目_01_受理公告或公示版.pdf,37,1,12,完整,1.0,无组织 | 0.025 | 0.082 | 0.225 | 0.411,,解析文本拼接_表格清洗增强_01_001-020.md,018_佛山市智龙科技有限公司迁扩建项目_01_受理公告或公示版
PL019,PL019_佛山市智龙科技有限公司迁扩建项目_01_受理公告或公示版.pdf,37,1,13,完整,1.0,合计 | 0.07 | 0.230 | 0.335 | 0.612,,解析文本拼接_表格清洗增强_01_001-020.md,018_佛山市智龙科技有限公司迁扩建项目_01_受理公告或公示版
PL019,PL019_佛山市智龙科技有限公司迁扩建项目_01_受理公告或公示版.pdf,37,2,2,完整,1.0,工 | 艺 | 浸锡 | 注塑 | 浸锡 | 注塑 | 超声波焊接,,解析文本拼接_表格清洗增强_01_001-020.md,018_佛山市智龙科技有限公司迁扩建项目_01_受理公告或公示版
PL019,PL019_佛山市智龙科技有限公司迁扩建项目_01_受理公告或公示版.pdf,37,2,3,完整,1.0,产 | 能 | 溜冰鞋轮300万个 | 、滑板车轮300万个 | 溜冰 | 鞋轮300万个、滑板车轮30 | 0万个,,解析文本拼接_表格清洗增强_01_001-020.md,018_佛山市智龙科技有限公司迁扩建项目_01_受理公告或公示版
PL019,PL019_佛山市智龙科技有限公司迁扩建项目_01_受理公告或公示版.pdf,37,2,4,完整,1.0,关键产能 | 设备规模 | 浸锡炉1台 | 注塑机18台 | 浸锡炉1台 | 注塑机18台 | 超声波焊接机,,解析文本拼接_表格清洗增强_01_001-020.md,018_佛山市智龙科技有限公司迁扩建项目_01_受理公告或公示版
PL019,PL019_佛山市智龙科技有限公司迁扩建项目_01_受理公告或公示版.pdf,37,2,5,完整,1.0,涉VOCs | 原料种类 | 助焊剂 | PP、ABS、PC | 助焊剂 | PP、ABS、PC | PP、ABS、PC,,解析文本拼接_表格清洗增强_01_001-020.md,018_佛山市智龙科技有限公司迁扩建项目_01_受理公告或公示版
PL019,PL019_佛山市智龙科技有限公司迁扩建项目_01_受理公告或公示版.pdf,37,2,6,完整,1.0,VOCs原 | 料用量 | 0.5t/a | 285t/a | 0.5t/a | 285t/a | 2.85t/a,,解析文本拼接_表格清洗增强_01_001-020.md,018_佛山市智龙科技有限公司迁扩建项目_01_受理公告或公示版
PL019,PL019_佛山市智龙科技有限公司迁扩建项目_01_受理公告或公示版.pdf,37,2,12,部分,0.8,40 50% | 算方法（试行》中表 | 80% | 算方法（试行》中表 | 塑料制品行业系数,40 50%,解析文本拼接_表格清洗增强_01_001-020.md,018_佛山市智龙科技有限公司迁扩建项目_01_受理公告或公示版
PL019,PL019_佛山市智龙科技有限公司迁扩建项目_01_受理公告或公示版.pdf,37,2,13,疑似缺失,0.6,松香 ～ 、活化剂 | 1-4 | 、丁二醇 、其 | 1-4 | -292,松香 ～ 、活化剂；、丁二醇 、其,解析文本拼接_表格清洗增强_01_001-020.md,018_佛山市智龙科技有限公司迁扩建项目_01_受理公告或公示版
PL019,PL019_佛山市智龙科技有限公司迁扩建项目_01_受理公告或公示版.pdf,37,2,14,疑似缺失,0.4,35 45% | 主要塑料制品制造工序 | 9% 1% | 主要塑料制品制造工序 | 手册》中 塑料零件,35 45%；9% 1%；手册》中 塑料零件,解析文本拼接_表格清洗增强_01_001-020.md,018_佛山市智龙科技有限公司迁扩建项目_01_受理公告或公示版
PL019,PL019_佛山市智龙科技有限公司迁扩建项目_01_受理公告或公示版.pdf,37,2,15,疑似缺失,0.6,采用产污 | 系数来源 | ～ 、其它添加剂 | 他 ，易挥发成分 | “2929,～ 、其它添加剂；他 ，易挥发成分,解析文本拼接_表格清洗增强_01_001-020.md,018_佛山市智龙科技有限公司迁扩建项目_01_受理公告或公示版
PL019,PL019_佛山市智龙科技有限公司迁扩建项目_01_受理公告或公示版.pdf,37,2,16,部分,0.8,1 2% | 产污系数中的射出成型 | 10% | 产污系数中的射出成型 | 及其他塑料制品制造行,1 2%,解析文本拼接_表格清洗增强_01_001-020.md,018_佛山市智龙科技有限公司迁扩建项目_01_受理公告或公示版
PL019,PL019_佛山市智龙科技有限公司迁扩建项目_01_受理公告或公示版.pdf,37,2,18,部分,0.75,1 5% | 制造废气排放系数，非甲 | 制造废气排放系数，非 | 业系数表 塑料零件挤,业系数表 塑料零件挤,解析文本拼接_表格清洗增强_01_001-020.md,018_佛山市智龙科技有限公司迁扩建项目_01_受理公告或公示版
PL019,PL019_佛山市智龙科技有限公司迁扩建项目_01_受理公告或公示版.pdf,37,2,20,部分,0.75,VOCs 50% | 烷总烃排放系数为 | 甲烷总烃排放系数为 | 出的非甲烷总经产生系,VOCs 50%,解析文本拼接_表格清洗增强_01_001-020.md,018_佛山市智龙科技有限公司迁扩建项目_01_受理公告或公示版
PL019,PL019_佛山市智龙科技有限公司迁扩建项目_01_受理公告或公示版.pdf,37,2,22,部分,0.75,原料量 | 90% | 原料量 | 数为 千克吨 产品,数为 千克吨 产品,解析文本拼接_表格清洗增强_01_001-020.md,018_佛山市智龙科技有限公司迁扩建项目_01_受理公告或公示版
PL019,PL019_佛山市智龙科技有限公司迁扩建项目_01_受理公告或公示版.pdf,37,2,23,疑似缺失,0.667,2.885kg/t | 2.885kg/t | 2.70 / -,2.70 / -,解析文本拼接_表格清洗增强_01_001-020.md,018_佛山市智龙科技有限公司迁扩建项目_01_受理公告或公示版
PL019,PL019_佛山市智龙科技有限公司迁扩建项目_01_受理公告或公示版.pdf,37,2,24,完整,1.0,收集 | 效率 | 90% | 90% | 50% | 50% | 50%,,解析文本拼接_表格清洗增强_01_001-020.md,018_佛山市智龙科技有限公司迁扩建项目_01_受理公告或公示版
PL019,PL019_佛山市智龙科技有限公司迁扩建项目_01_受理公告或公示版.pdf,37,2,25,完整,1.0,处理 | 效率 | 80% | 80% | 51% | 51% | 51%,,解析文本拼接_表格清洗增强_01_001-020.md,018_佛山市智龙科技有限公司迁扩建项目_01_受理公告或公示版
PL019,PL019_佛山市智龙科技有限公司迁扩建项目_01_受理公告或公示版.pdf,37,2,26,完整,1.0,VOC | 有组织 | 0.045 | 0.148 | 0.110 | 0.201 | 0.002,,解析文本拼接_表格清洗增强_01_001-020.md,018_佛山市智龙科技有限公司迁扩建项目_01_受理公告或公示版
PL019,PL019_佛山市智龙科技有限公司迁扩建项目_01_受理公告或公示版.pdf,37,2,28,完整,1.0,算指 | 无组织 | 0.025 | 0.082 | 0.225 | 0.411 | 0.004,,解析文本拼接_表格清洗增强_01_001-020.md,018_佛山市智龙科技有限公司迁扩建项目_01_受理公告或公示版
PL019,PL019_佛山市智龙科技有限公司迁扩建项目_01_受理公告或公示版.pdf,37,2,30,完整,1.0,0.07 | 0.230 | 0.335 | 0.612 | 0.006,,解析文本拼接_表格清洗增强_01_001-020.md,018_佛山市智龙科技有限公司迁扩建项目_01_受理公告或公示版
PL019,PL019_佛山市智龙科技有限公司迁扩建项目_01_受理公告或公示版.pdf,38,1,1,完整,1.0,"与项
目有
关的
原有
环境
污染
问题 | （3）噪声
项目的噪声主要来自于生产设备运行过程中产生的噪声，类比同类设备的噪
声级数据，项目生产设备运行时的机械噪声值约为70~95dB（A）。
根据《佛山市智龙科技有限公司新建项目竣工验收监测报告》（编号：
R2105B013），原项目厂界环境噪声均能达到《工业企业厂界环境噪声排放标准》
（GB12348-2",,解析文本拼接_表格清洗增强_01_001-020.md,018_佛山市智龙科技有限公司迁扩建项目_01_受理公告或公示版
PL019,PL019_佛山市智龙科技有限公司迁扩建项目_01_受理公告或公示版.pdf,38,1,2,完整,1.0,固体废物性质 | 污染物名称 | 产生量（t/a） | 现状处置情况,,解析文本拼接_表格清洗增强_01_001-020.md,018_佛山市智龙科技有限公司迁扩建项目_01_受理公告或公示版
PL019,PL019_佛山市智龙科技有限公司迁扩建项目_01_受理公告或公示版.pdf,38,1,3,完整,1.0,生活垃圾 | 生活垃圾 | 3.0 | 环卫部门统一清运,,解析文本拼接_表格清洗增强_01_001-020.md,018_佛山市智龙科技有限公司迁扩建项目_01_受理公告或公示版
PL019,PL019_佛山市智龙科技有限公司迁扩建项目_01_受理公告或公示版.pdf,38,1,4,完整,1.0,"一般工业固体废
物 | 塑料次品 | 14.25 | 全部回用于生产",,解析文本拼接_表格清洗增强_01_001-020.md,018_佛山市智龙科技有限公司迁扩建项目_01_受理公告或公示版
PL019,PL019_佛山市智龙科技有限公司迁扩建项目_01_受理公告或公示版.pdf,38,1,5,完整,1.0,废包装材料 | 1.14 | 外卖给回收商利用,,解析文本拼接_表格清洗增强_01_001-020.md,018_佛山市智龙科技有限公司迁扩建项目_01_受理公告或公示版
PL019,PL019_佛山市智龙科技有限公司迁扩建项目_01_受理公告或公示版.pdf,38,1,6,完整,1.0,"危险废物 | 废液压油 | 0.36 | 交由具有危废运营资质
的单位统一处理",,解析文本拼接_表格清洗增强_01_001-020.md,018_佛山市智龙科技有限公司迁扩建项目_01_受理公告或公示版
PL019,PL019_佛山市智龙科技有限公司迁扩建项目_01_受理公告或公示版.pdf,38,1,7,完整,1.0,废机油 | 0.02,,解析文本拼接_表格清洗增强_01_001-020.md,018_佛山市智龙科技有限公司迁扩建项目_01_受理公告或公示版
PL019,PL019_佛山市智龙科技有限公司迁扩建项目_01_受理公告或公示版.pdf,38,1,8,完整,1.0,废包装桶 | 0.01,,解析文本拼接_表格清洗增强_01_001-020.md,018_佛山市智龙科技有限公司迁扩建项目_01_受理公告或公示版
PL019,PL019_佛山市智龙科技有限公司迁扩建项目_01_受理公告或公示版.pdf,38,1,9,完整,1.0,含油废抹布 | 0.01,,解析文本拼接_表格清洗增强_01_001-020.md,018_佛山市智龙科技有限公司迁扩建项目_01_受理公告或公示版
PL019,PL019_佛山市智龙科技有限公司迁扩建项目_01_受理公告或公示版.pdf,38,1,10,完整,1.0,废活性炭 | 3.98,,解析文本拼接_表格清洗增强_01_001-020.md,018_佛山市智龙科技有限公司迁扩建项目_01_受理公告或公示版
PL019,PL019_佛山市智龙科技有限公司迁扩建项目_01_受理公告或公示版.pdf,38,1,12,完整,1.0,"类
型 | 污染源 | 污染物 | 排放量
（t/a） | 原项目采取的
措施 | 执行标准",,解析文本拼接_表格清洗增强_01_001-020.md,018_佛山市智龙科技有限公司迁扩建项目_01_受理公告或公示版
PL019,PL019_佛山市智龙科技有限公司迁扩建项目_01_受理公告或公示版.pdf,38,1,13,完整,1.0,"水
污
染
物 | 生活废水
216t/a | CODcr | 0.0086 | 独立处理设施 | 执行《城镇污水处理厂污染
物排放标准》
（GB18918-2002）中的一级
A标准和广东省《水污染排放
限值》（DB44/26-2001）第
二时段一级标准较严者。",,解析文本拼接_表格清洗增强_01_001-020.md,018_佛山市智龙科技有限公司迁扩建项目_01_受理公告或公示版
PL019,PL019_佛山市智龙科技有限公司迁扩建项目_01_受理公告或公示版.pdf,38,1,14,完整,1.0,"BOD
5 | 0.0022",,解析文本拼接_表格清洗增强_01_001-020.md,018_佛山市智龙科技有限公司迁扩建项目_01_受理公告或公示版
PL019,PL019_佛山市智龙科技有限公司迁扩建项目_01_受理公告或公示版.pdf,38,1,15,完整,1.0,SS | 0.0022,,解析文本拼接_表格清洗增强_01_001-020.md,018_佛山市智龙科技有限公司迁扩建项目_01_受理公告或公示版
PL019,PL019_佛山市智龙科技有限公司迁扩建项目_01_受理公告或公示版.pdf,38,1,16,疑似缺失,0.5,"NH -N
3 | 0.0011","NH -N
3",解析文本拼接_表格清洗增强_01_001-020.md,018_佛山市智龙科技有限公司迁扩建项目_01_受理公告或公示版
PL019,PL019_佛山市智龙科技有限公司迁扩建项目_01_受理公告或公示版.pdf,38,2,2,完整,1.0,项目的噪声主 | 要来自于生 | 产设备运 | 行过程中产生的 | 噪声，类比同类设备的噪,,解析文本拼接_表格清洗增强_01_001-020.md,018_佛山市智龙科技有限公司迁扩建项目_01_受理公告或公示版
PL019,PL019_佛山市智龙科技有限公司迁扩建项目_01_受理公告或公示版.pdf,38,2,3,完整,1.0,声级 | 数据，项目生 | 产设备运行 | 时的机械 | 噪声值约为70~ | 95dB（A）。,,解析文本拼接_表格清洗增强_01_001-020.md,018_佛山市智龙科技有限公司迁扩建项目_01_受理公告或公示版
PL019,PL019_佛山市智龙科技有限公司迁扩建项目_01_受理公告或公示版.pdf,38,2,4,完整,1.0,根据《佛山市 | 智龙科技 | 有限公司 | 新建项目竣工 | 验收监测报告》（编号：,,解析文本拼接_表格清洗增强_01_001-020.md,018_佛山市智龙科技有限公司迁扩建项目_01_受理公告或公示版
PL019,PL019_佛山市智龙科技有限公司迁扩建项目_01_受理公告或公示版.pdf,38,2,5,完整,1.0,R210 | 5B013），原 | 项目厂界环 | 境噪声均能 | 达到《工业企 | 业厂界环境噪声排放标准,,解析文本拼接_表格清洗增强_01_001-020.md,018_佛山市智龙科技有限公司迁扩建项目_01_受理公告或公示版
PL019,PL019_佛山市智龙科技有限公司迁扩建项目_01_受理公告或公示版.pdf,38,2,6,完整,1.0,（G | B | 12348-2008） | 中表1工业 | 企业厂界 | 环境噪声2类区 | 排放限值。,,解析文本拼接_表格清洗增强_01_001-020.md,018_佛山市智龙科技有限公司迁扩建项目_01_受理公告或公示版
PL019,PL019_佛山市智龙科技有限公司迁扩建项目_01_受理公告或公示版.pdf,38,2,9,完整,1.0,废包 | 装材料定期外 | 卖给回收商 | ；废机油 | 、废包装桶、含 | 油废抹布、废活性炭收集,,解析文本拼接_表格清洗增强_01_001-020.md,018_佛山市智龙科技有限公司迁扩建项目_01_受理公告或公示版
PL019,PL019_佛山市智龙科技有限公司迁扩建项目_01_受理公告或公示版.pdf,38,2,10,完整,1.0,后交 | 由具有危废运 | 营资质的单 | 位统一处 | 理。,,解析文本拼接_表格清洗增强_01_001-020.md,018_佛山市智龙科技有限公司迁扩建项目_01_受理公告或公示版
PL019,PL019_佛山市智龙科技有限公司迁扩建项目_01_受理公告或公示版.pdf,38,2,11,完整,1.0,表2.14 | 原项目的 | 固体废物产生和处 | 置情况,,解析文本拼接_表格清洗增强_01_001-020.md,018_佛山市智龙科技有限公司迁扩建项目_01_受理公告或公示版
PL019,PL019_佛山市智龙科技有限公司迁扩建项目_01_受理公告或公示版.pdf,38,2,12,完整,1.0,固 | 体废物性质 | 污染 | 物名称 | 产生量（t/a | ） 现状处置情况,,解析文本拼接_表格清洗增强_01_001-020.md,018_佛山市智龙科技有限公司迁扩建项目_01_受理公告或公示版
PL019,PL019_佛山市智龙科技有限公司迁扩建项目_01_受理公告或公示版.pdf,38,2,14,完整,1.0,目有 | 生活垃圾 | 生 | 活垃圾 | 3.0 | 环卫部门统一清运,,解析文本拼接_表格清洗增强_01_001-020.md,018_佛山市智龙科技有限公司迁扩建项目_01_受理公告或公示版
PL019,PL019_佛山市智龙科技有限公司迁扩建项目_01_受理公告或公示版.pdf,38,2,15,完整,1.0,关的 | 一般 | 工业固体废 | 塑 | 料次品 | 14.25 | 全部回用于生产,,解析文本拼接_表格清洗增强_01_001-020.md,018_佛山市智龙科技有限公司迁扩建项目_01_受理公告或公示版
PL019,PL019_佛山市智龙科技有限公司迁扩建项目_01_受理公告或公示版.pdf,38,2,17,完整,1.0,废包 | 装材料 | 外卖给回收商利用,,解析文本拼接_表格清洗增强_01_001-020.md,018_佛山市智龙科技有限公司迁扩建项目_01_受理公告或公示版
PL019,PL019_佛山市智龙科技有限公司迁扩建项目_01_受理公告或公示版.pdf,38,2,18,完整,1.0,环境 | 1.14,,解析文本拼接_表格清洗增强_01_001-020.md,018_佛山市智龙科技有限公司迁扩建项目_01_受理公告或公示版
PL019,PL019_佛山市智龙科技有限公司迁扩建项目_01_受理公告或公示版.pdf,38,2,19,完整,1.0,污染 | 废 | 液压油 | 0.36,,解析文本拼接_表格清洗增强_01_001-020.md,018_佛山市智龙科技有限公司迁扩建项目_01_受理公告或公示版
PL019,PL019_佛山市智龙科技有限公司迁扩建项目_01_受理公告或公示版.pdf,38,2,21,完整,1.0,废 | 机油 | 0.02,,解析文本拼接_表格清洗增强_01_001-020.md,018_佛山市智龙科技有限公司迁扩建项目_01_受理公告或公示版
PL019,PL019_佛山市智龙科技有限公司迁扩建项目_01_受理公告或公示版.pdf,38,2,26,完整,1.0,含油 | 废抹布 | 0.01,,解析文本拼接_表格清洗增强_01_001-020.md,018_佛山市智龙科技有限公司迁扩建项目_01_受理公告或公示版
PL019,PL019_佛山市智龙科技有限公司迁扩建项目_01_受理公告或公示版.pdf,38,2,27,完整,1.0,废 | 活性炭 | 3.98,,解析文本拼接_表格清洗增强_01_001-020.md,018_佛山市智龙科技有限公司迁扩建项目_01_受理公告或公示版
PL019,PL019_佛山市智龙科技有限公司迁扩建项目_01_受理公告或公示版.pdf,38,2,28,完整,1.0,2 | 、原项目污 | 染物排放及 | 污染源治理 | 效果汇总,,解析文本拼接_表格清洗增强_01_001-020.md,018_佛山市智龙科技有限公司迁扩建项目_01_受理公告或公示版
PL019,PL019_佛山市智龙科技有限公司迁扩建项目_01_受理公告或公示版.pdf,38,2,29,完整,1.0,根据建设单位 | 提供的资料 | 及上述分 | 析可知，原项目 | 污染物排放情况见下表。,,解析文本拼接_表格清洗增强_01_001-020.md,018_佛山市智龙科技有限公司迁扩建项目_01_受理公告或公示版
PL019,PL019_佛山市智龙科技有限公司迁扩建项目_01_受理公告或公示版.pdf,38,2,30,完整,1.0,表2.15 | 原项目各污 | 染物的现状防治措 | 施汇总表,,解析文本拼接_表格清洗增强_01_001-020.md,018_佛山市智龙科技有限公司迁扩建项目_01_受理公告或公示版
PL019,PL019_佛山市智龙科技有限公司迁扩建项目_01_受理公告或公示版.pdf,38,2,32,完整,1.0,污染源 | 污染物 | 执行标准,,解析文本拼接_表格清洗增强_01_001-020.md,018_佛山市智龙科技有限公司迁扩建项目_01_受理公告或公示版
PL019,PL019_佛山市智龙科技有限公司迁扩建项目_01_受理公告或公示版.pdf,38,2,34,完整,1.0,CODcr | 0.0086 | 执行《城镇污水处理厂污染,,解析文本拼接_表格清洗增强_01_001-020.md,018_佛山市智龙科技有限公司迁扩建项目_01_受理公告或公示版
PL019,PL019_佛山市智龙科技有限公司迁扩建项目_01_受理公告或公示版.pdf,38,2,35,完整,1.0,水 | 物排放标准》,,解析文本拼接_表格清洗增强_01_001-020.md,018_佛山市智龙科技有限公司迁扩建项目_01_受理公告或公示版
PL019,PL019_佛山市智龙科技有限公司迁扩建项目_01_受理公告或公示版.pdf,38,2,36,完整,1.0,"污 | 生活废水 | BOD
5 | 0.0022 | （GB18918-2002）中的一级",,解析文本拼接_表格清洗增强_01_001-020.md,018_佛山市智龙科技有限公司迁扩建项目_01_受理公告或公示版
PL019,PL019_佛山市智龙科技有限公司迁扩建项目_01_受理公告或公示版.pdf,38,2,38,完整,1.0,染 | 216t/a | SS | 0.0022 | A标准和广东省《水污染排放,,解析文本拼接_表格清洗增强_01_001-020.md,018_佛山市智龙科技有限公司迁扩建项目_01_受理公告或公示版
PL019,PL019_佛山市智龙科技有限公司迁扩建项目_01_受理公告或公示版.pdf,38,2,39,完整,1.0,物 | 限值》（DB44/26-2001）第,,解析文本拼接_表格清洗增强_01_001-020.md,018_佛山市智龙科技有限公司迁扩建项目_01_受理公告或公示版
PL019,PL019_佛山市智龙科技有限公司迁扩建项目_01_受理公告或公示版.pdf,38,2,41,疑似缺失,0.5,"NH -N
3 | 0.0011","NH -N
3",解析文本拼接_表格清洗增强_01_001-020.md,018_佛山市智龙科技有限公司迁扩建项目_01_受理公告或公示版
PL019,PL019_佛山市智龙科技有限公司迁扩建项目_01_受理公告或公示版.pdf,39,1,1,完整,1.0,"大
气
污
染
物 | 焊锡、浸锡
（有组织） | 锡及其化
合物 | 0.00045 | 集气罩收集+二
级活性炭 | 广东省地方标准《大气污染物
排放限值》（DB44/27-2001）
中表2第二时段二级标准",,解析文本拼接_表格清洗增强_01_001-020.md,018_佛山市智龙科技有限公司迁扩建项目_01_受理公告或公示版
PL019,PL019_佛山市智龙科技有限公司迁扩建项目_01_受理公告或公示版.pdf,39,1,2,完整,1.0,"VOCs | 0.110 | 广东省地方标准《固定污染
源挥发性有机物综合排放标
准》（DB44/2367-2022）表1
挥发性有机物排放限值",,解析文本拼接_表格清洗增强_01_001-020.md,018_佛山市智龙科技有限公司迁扩建项目_01_受理公告或公示版
PL019,PL019_佛山市智龙科技有限公司迁扩建项目_01_受理公告或公示版.pdf,39,1,3,完整,1.0,"注塑、超声
波焊接（有
组织） | 非甲烷总
烃 | 0.203 | 《合成树脂工业污染物排放
标准》（GB31572-2015）中
表4大气污染物排放标准",,解析文本拼接_表格清洗增强_01_001-020.md,018_佛山市智龙科技有限公司迁扩建项目_01_受理公告或公示版
PL019,PL019_佛山市智龙科技有限公司迁扩建项目_01_受理公告或公示版.pdf,39,1,4,完整,1.0,"臭气浓度 | 少量 | 《恶臭污染物排放标准》
（GB14554-93）中表2恶臭
污染物排放标准值",,解析文本拼接_表格清洗增强_01_001-020.md,018_佛山市智龙科技有限公司迁扩建项目_01_受理公告或公示版
PL019,PL019_佛山市智龙科技有限公司迁扩建项目_01_受理公告或公示版.pdf,39,1,5,完整,1.0,"车间（无组
织） | 锡及其化
合物 | 0.00025 | 加强室内通风 | 广东省地方标准《大气污染物
排放限值》（DB44/27-2001）
中第二时段无组织排放浓度
监控限值",,解析文本拼接_表格清洗增强_01_001-020.md,018_佛山市智龙科技有限公司迁扩建项目_01_受理公告或公示版
PL019,PL019_佛山市智龙科技有限公司迁扩建项目_01_受理公告或公示版.pdf,39,1,6,完整,1.0,"VOCs | 0.225 | 广东省地方标准《固定污染
源挥发性有机物综合排放标
准》（DB44/2367-2022）表3
厂区内VOCs无组织排放限
值",,解析文本拼接_表格清洗增强_01_001-020.md,018_佛山市智龙科技有限公司迁扩建项目_01_受理公告或公示版
PL019,PL019_佛山市智龙科技有限公司迁扩建项目_01_受理公告或公示版.pdf,39,1,7,完整,1.0,"非甲烷总
烃 | 0.618 | 《合成树脂工业污染物排放
标准》（GB31572-2015）表9
企业边界浓度排放限值",,解析文本拼接_表格清洗增强_01_001-020.md,018_佛山市智龙科技有限公司迁扩建项目_01_受理公告或公示版
PL019,PL019_佛山市智龙科技有限公司迁扩建项目_01_受理公告或公示版.pdf,39,1,8,完整,1.0,"臭气浓度 | 少量 | 《恶臭污染物排放标准》
（GB14554-93）表1恶臭污
染物厂界标准值的二级新扩
改建标准",,解析文本拼接_表格清洗增强_01_001-020.md,018_佛山市智龙科技有限公司迁扩建项目_01_受理公告或公示版
PL019,PL019_佛山市智龙科技有限公司迁扩建项目_01_受理公告或公示版.pdf,39,1,9,完整,1.0,"车间（无组
织） | 颗粒物 | 0.01425 | 加强室内通风 | 《合成树脂工业污染物排放
标准》（GB31572-2015）表9
规定的大气污染物排放限值",,解析文本拼接_表格清洗增强_01_001-020.md,018_佛山市智龙科技有限公司迁扩建项目_01_受理公告或公示版
PL019,PL019_佛山市智龙科技有限公司迁扩建项目_01_受理公告或公示版.pdf,39,1,10,完整,1.0,"固
体
废
物 | 员工 | 生活垃圾 | 3.0 | 环卫部门统一
清运 | 减量化、无害化、资源化",,解析文本拼接_表格清洗增强_01_001-020.md,018_佛山市智龙科技有限公司迁扩建项目_01_受理公告或公示版
PL019,PL019_佛山市智龙科技有限公司迁扩建项目_01_受理公告或公示版.pdf,39,1,11,完整,1.0,"一般工业
固体废物 | 塑料次品 | 14.25 | 回用于生产",,解析文本拼接_表格清洗增强_01_001-020.md,018_佛山市智龙科技有限公司迁扩建项目_01_受理公告或公示版
PL019,PL019_佛山市智龙科技有限公司迁扩建项目_01_受理公告或公示版.pdf,39,1,12,完整,1.0,"废包装材
料 | 1.14 | 外卖给回收商
利用",,解析文本拼接_表格清洗增强_01_001-020.md,018_佛山市智龙科技有限公司迁扩建项目_01_受理公告或公示版
PL019,PL019_佛山市智龙科技有限公司迁扩建项目_01_受理公告或公示版.pdf,39,1,13,完整,1.0,"危险废物 | 废液压油、
废机油、废
包装桶、含
油废抹布、
废活性炭 | 4.38 | 暂存于危险废
物暂存间，定期
交由具有危废
运营资质的单
位统一处理",,解析文本拼接_表格清洗增强_01_001-020.md,018_佛山市智龙科技有限公司迁扩建项目_01_受理公告或公示版
PL019,PL019_佛山市智龙科技有限公司迁扩建项目_01_受理公告或公示版.pdf,39,1,14,完整,1.0,"噪
声 | 生产设备 | 设备噪
声 | 昼间
≤60dB(A)
；夜间
≤50dB(A) | 减振、消声及隔
声处理 | 《工业企业厂界环境噪声排
放标准》（GB12348-2008）
中表1工业企业厂界环境噪
声2类区排放限值",,解析文本拼接_表格清洗增强_01_001-020.md,018_佛山市智龙科技有限公司迁扩建项目_01_受理公告或公示版
PL019,PL019_佛山市智龙科技有限公司迁扩建项目_01_受理公告或公示版.pdf,39,2,4,完整,1.0,合物 | 0.00045 | DB44/27-2001,,解析文本拼接_表格清洗增强_01_001-020.md,018_佛山市智龙科技有限公司迁扩建项目_01_受理公告或公示版
PL019,PL019_佛山市智龙科技有限公司迁扩建项目_01_受理公告或公示版.pdf,39,2,10,疑似缺失,0.667,VOCs | 0.110 | 准》（ ）表,准》（ ）表,解析文本拼接_表格清洗增强_01_001-020.md,018_佛山市智龙科技有限公司迁扩建项目_01_受理公告或公示版
PL019,PL019_佛山市智龙科技有限公司迁扩建项目_01_受理公告或公示版.pdf,39,2,11,疑似缺失,0.5,集气罩收集 二 | DB44/2367-2022 1,集气罩收集 二,解析文本拼接_表格清洗增强_01_001-020.md,018_佛山市智龙科技有限公司迁扩建项目_01_受理公告或公示版
PL019,PL019_佛山市智龙科技有限公司迁扩建项目_01_受理公告或公示版.pdf,39,2,16,完整,1.0,、 | 烃 | 0.203 | 标准》（GB31572-2015）中,,解析文本拼接_表格清洗增强_01_001-020.md,018_佛山市智龙科技有限公司迁扩建项目_01_受理公告或公示版
PL019,PL019_佛山市智龙科技有限公司迁扩建项目_01_受理公告或公示版.pdf,39,2,22,完整,1.0,臭气浓度 | 少量 | （GB14554-93）中表2恶臭,,解析文本拼接_表格清洗增强_01_001-020.md,018_佛山市智龙科技有限公司迁扩建项目_01_受理公告或公示版
PL019,PL019_佛山市智龙科技有限公司迁扩建项目_01_受理公告或公示版.pdf,39,2,25,完整,1.0,锡及其化 | 排放限值》（DB44/27-2001）,,解析文本拼接_表格清洗增强_01_001-020.md,018_佛山市智龙科技有限公司迁扩建项目_01_受理公告或公示版
PL019,PL019_佛山市智龙科技有限公司迁扩建项目_01_受理公告或公示版.pdf,39,2,27,完整,1.0,合物 | 0.00025 | 中第二时段无组织排放浓度,,解析文本拼接_表格清洗增强_01_001-020.md,018_佛山市智龙科技有限公司迁扩建项目_01_受理公告或公示版
PL019,PL019_佛山市智龙科技有限公司迁扩建项目_01_受理公告或公示版.pdf,39,2,35,完整,1.0,VOCs | 0.225 | 准》（DB44/2367-2022）表3,,解析文本拼接_表格清洗增强_01_001-020.md,018_佛山市智龙科技有限公司迁扩建项目_01_受理公告或公示版
PL019,PL019_佛山市智龙科技有限公司迁扩建项目_01_受理公告或公示版.pdf,39,2,36,完整,1.0,车间（无组 | 厂区内VOCs无组织排放限,,解析文本拼接_表格清洗增强_01_001-020.md,018_佛山市智龙科技有限公司迁扩建项目_01_受理公告或公示版
PL019,PL019_佛山市智龙科技有限公司迁扩建项目_01_受理公告或公示版.pdf,39,2,42,疑似缺失,0.667,烃 | 0.618 | GB31572-2015 9,GB31572-2015 9,解析文本拼接_表格清洗增强_01_001-020.md,018_佛山市智龙科技有限公司迁扩建项目_01_受理公告或公示版
PL019,PL019_佛山市智龙科技有限公司迁扩建项目_01_受理公告或公示版.pdf,39,2,46,疑似缺失,0.667,臭气浓度 | 少量 | GB14554-93 1,GB14554-93 1,解析文本拼接_表格清洗增强_01_001-020.md,018_佛山市智龙科技有限公司迁扩建项目_01_受理公告或公示版
PL019,PL019_佛山市智龙科技有限公司迁扩建项目_01_受理公告或公示版.pdf,39,2,51,疑似缺失,0.667,颗粒物 | 加强室内通风 | 标准》（ ）表,标准》（ ）表,解析文本拼接_表格清洗增强_01_001-020.md,018_佛山市智龙科技有限公司迁扩建项目_01_受理公告或公示版
PL019,PL019_佛山市智龙科技有限公司迁扩建项目_01_受理公告或公示版.pdf,39,2,52,疑似缺失,0.667,织） | 0.01425 | GB31572-2015 9,GB31572-2015 9,解析文本拼接_表格清洗增强_01_001-020.md,018_佛山市智龙科技有限公司迁扩建项目_01_受理公告或公示版
PL019,PL019_佛山市智龙科技有限公司迁扩建项目_01_受理公告或公示版.pdf,39,2,58,完整,1.0,塑料次品 | 14.25 | 回用于生产,,解析文本拼接_表格清洗增强_01_001-020.md,018_佛山市智龙科技有限公司迁扩建项目_01_受理公告或公示版
PL019,PL019_佛山市智龙科技有限公司迁扩建项目_01_受理公告或公示版.pdf,39,2,61,完整,1.0,体 | 料 | 1.14 | 利用,,解析文本拼接_表格清洗增强_01_001-020.md,018_佛山市智龙科技有限公司迁扩建项目_01_受理公告或公示版
PL019,PL019_佛山市智龙科技有限公司迁扩建项目_01_受理公告或公示版.pdf,39,2,67,完整,1.0,危险废物 | 包装桶、含 | 4.38 | 交由具有危废,,解析文本拼接_表格清洗增强_01_001-020.md,018_佛山市智龙科技有限公司迁扩建项目_01_受理公告或公示版
PL019,PL019_佛山市智龙科技有限公司迁扩建项目_01_受理公告或公示版.pdf,39,2,69,完整,1.0,废活性炭 | 位统一处理,,解析文本拼接_表格清洗增强_01_001-020.md,018_佛山市智龙科技有限公司迁扩建项目_01_受理公告或公示版
PL019,PL019_佛山市智龙科技有限公司迁扩建项目_01_受理公告或公示版.pdf,39,2,70,完整,1.0,昼间 | 《工业企业厂界环境噪声排,,解析文本拼接_表格清洗增强_01_001-020.md,018_佛山市智龙科技有限公司迁扩建项目_01_受理公告或公示版
PL019,PL019_佛山市智龙科技有限公司迁扩建项目_01_受理公告或公示版.pdf,39,2,71,部分,0.75,噪 | 设备噪 | 减振、消声及隔 | 放标准》（ ）,放标准》（ ）,解析文本拼接_表格清洗增强_01_001-020.md,018_佛山市智龙科技有限公司迁扩建项目_01_受理公告或公示版
PL019,PL019_佛山市智龙科技有限公司迁扩建项目_01_受理公告或公示版.pdf,39,2,72,完整,1.0,生产设备 | ≤60dB(A) | GB12348-2008,,解析文本拼接_表格清洗增强_01_001-020.md,018_佛山市智龙科技有限公司迁扩建项目_01_受理公告或公示版
PL019,PL019_佛山市智龙科技有限公司迁扩建项目_01_受理公告或公示版.pdf,39,2,73,完整,1.0,声 | 声 | ；夜间 | 声处理 | 中表1工业企业厂界环境噪,,解析文本拼接_表格清洗增强_01_001-020.md,018_佛山市智龙科技有限公司迁扩建项目_01_受理公告或公示版
PL019,PL019_佛山市智龙科技有限公司迁扩建项目_01_受理公告或公示版.pdf,39,2,74,完整,1.0,≤50dB(A) | 声2类区排放限值,,解析文本拼接_表格清洗增强_01_001-020.md,018_佛山市智龙科技有限公司迁扩建项目_01_受理公告或公示版
PL019,PL019_佛山市智龙科技有限公司迁扩建项目_01_受理公告或公示版.pdf,41,1,2,完整,1.0,污染物 | 年评价指标 | 现状浓度 | 标准值 | 占标率/% | 达标情况,,解析文本拼接_表格清洗增强_01_001-020.md,018_佛山市智龙科技有限公司迁扩建项目_01_受理公告或公示版
PL019,PL019_佛山市智龙科技有限公司迁扩建项目_01_受理公告或公示版.pdf,41,1,3,部分,0.833,"SO （ug/m3）
2 | 年平均质量浓度 | 6 | 60 | 10 | 达标","SO （ug/m3）
2",解析文本拼接_表格清洗增强_01_001-020.md,018_佛山市智龙科技有限公司迁扩建项目_01_受理公告或公示版
PL019,PL019_佛山市智龙科技有限公司迁扩建项目_01_受理公告或公示版.pdf,41,1,4,部分,0.833,"NO （ug/m3）
2 | 年平均质量浓度 | 28 | 40 | 70 | 达标","NO （ug/m3）
2",解析文本拼接_表格清洗增强_01_001-020.md,018_佛山市智龙科技有限公司迁扩建项目_01_受理公告或公示版
PL019,PL019_佛山市智龙科技有限公司迁扩建项目_01_受理公告或公示版.pdf,41,1,5,部分,0.833,"PM （ug/m3）
10 | 年平均质量浓度 | 35 | 70 | 50 | 达标","PM （ug/m3）
10",解析文本拼接_表格清洗增强_01_001-020.md,018_佛山市智龙科技有限公司迁扩建项目_01_受理公告或公示版
PL019,PL019_佛山市智龙科技有限公司迁扩建项目_01_受理公告或公示版.pdf,41,1,6,部分,0.833,"PM （ug/m3）
2.5 | 年平均质量浓度 | 20 | 35 | 57.14 | 达标","PM （ug/m3）
2.5",解析文本拼接_表格清洗增强_01_001-020.md,018_佛山市智龙科技有限公司迁扩建项目_01_受理公告或公示版
PL019,PL019_佛山市智龙科技有限公司迁扩建项目_01_受理公告或公示版.pdf,41,2,2,完整,1.0,2023年 | 2022年 | 2023年,,解析文本拼接_表格清洗增强_01_001-020.md,018_佛山市智龙科技有限公司迁扩建项目_01_受理公告或公示版
PL019,PL019_佛山市智龙科技有限公司迁扩建项目_01_受理公告或公示版.pdf,41,3,1,完整,1.0,支 | 流。按《佛山市 | 顺德区生态环境保护 | “十四五” | 规划（2021-2 | 025）》及《 | 关于同,,解析文本拼接_表格清洗增强_01_001-020.md,018_佛山市智龙科技有限公司迁扩建项目_01_受理公告或公示版
PL019,PL019_佛山市智龙科技有限公司迁扩建项目_01_受理公告或公示版.pdf,41,3,2,完整,1.0,意 | 实施广东省地表 | 水环境功能区划的批 | 复》(粤 | 府函〔2011〕2 | 9 号)，顺德 | 支流水,,解析文本拼接_表格清洗增强_01_001-020.md,018_佛山市智龙科技有限公司迁扩建项目_01_受理公告或公示版
PL019,PL019_佛山市智龙科技有限公司迁扩建项目_01_受理公告或公示版.pdf,41,3,3,完整,1.0,质 | 执行《地表水环 | 境质量标准》(GB383 | 8-2002) | Ⅲ类标准。,,解析文本拼接_表格清洗增强_01_001-020.md,018_佛山市智龙科技有限公司迁扩建项目_01_受理公告或公示版
PL019,PL019_佛山市智龙科技有限公司迁扩建项目_01_受理公告或公示版.pdf,41,3,4,完整,1.0,根据佛山市生 | 态环境局顺德分局关 | 于发布《 | 2023年度佛山 | 市顺德区生 | 态环境,,解析文本拼接_表格清洗增强_01_001-020.md,018_佛山市智龙科技有限公司迁扩建项目_01_受理公告或公示版
PL019,PL019_佛山市智龙科技有限公司迁扩建项目_01_受理公告或公示版.pdf,41,3,5,完整,1.0,状 | 况公报》的通知 | （佛环顺函〔2024〕 | 44号）， | 项目纳污水体 | 顺德支流新 | 涌断面,,解析文本拼接_表格清洗增强_01_001-020.md,018_佛山市智龙科技有限公司迁扩建项目_01_受理公告或公示版
PL019,PL019_佛山市智龙科技有限公司迁扩建项目_01_受理公告或公示版.pdf,41,3,6,完整,1.0,202 | 3年河流定类 | 均为Ⅲ类，符合《地表 | 水环境质 | 量标准》（ | GB3838-200 | 2）Ⅲ类,,解析文本拼接_表格清洗增强_01_001-020.md,018_佛山市智龙科技有限公司迁扩建项目_01_受理公告或公示版
PL019,PL019_佛山市智龙科技有限公司迁扩建项目_01_受理公告或公示版.pdf,41,3,7,完整,1.0,标 | 准，水质良好。,,解析文本拼接_表格清洗增强_01_001-020.md,018_佛山市智龙科技有限公司迁扩建项目_01_受理公告或公示版
PL019,PL019_佛山市智龙科技有限公司迁扩建项目_01_受理公告或公示版.pdf,41,3,8,完整,1.0,表3 | .1 2023年顺德区主河道 | 质量评价 | 及年度对比（节 | 选）,,解析文本拼接_表格清洗增强_01_001-020.md,018_佛山市智龙科技有限公司迁扩建项目_01_受理公告或公示版
PL019,PL019_佛山市智龙科技有限公司迁扩建项目_01_受理公告或公示版.pdf,41,3,12,完整,1.0,2023 | 2022 | 2023 | 2022,,解析文本拼接_表格清洗增强_01_001-020.md,018_佛山市智龙科技有限公司迁扩建项目_01_受理公告或公示版
PL019,PL019_佛山市智龙科技有限公司迁扩建项目_01_受理公告或公示版.pdf,41,3,13,完整,1.0,1 | 3 顺德支流 | 新涌 Ⅲ | Ⅲ | Ⅲ | Ⅲ | Ⅲ,,解析文本拼接_表格清洗增强_01_001-020.md,018_佛山市智龙科技有限公司迁扩建项目_01_受理公告或公示版
PL019,PL019_佛山市智龙科技有限公司迁扩建项目_01_受理公告或公示版.pdf,41,3,17,完整,1.0,质量 | 根据佛山市生 | 态环境局顺德分局关 | 于发布《 | 2023年度佛山 | 市顺德区生 | 态环境,,解析文本拼接_表格清洗增强_01_001-020.md,018_佛山市智龙科技有限公司迁扩建项目_01_受理公告或公示版
PL019,PL019_佛山市智龙科技有限公司迁扩建项目_01_受理公告或公示版.pdf,41,3,19,部分,0.714,"状 | 况公报》的通知 | 中的大气环境数据， | 2023年 | 全区 SO （二
2 | 氧化硫）、 | NO （二
2","全区 SO （二
2；NO （二
2",解析文本拼接_表格清洗增强_01_001-020.md,018_佛山市智龙科技有限公司迁扩建项目_01_受理公告或公示版
PL019,PL019_佛山市智龙科技有限公司迁扩建项目_01_受理公告或公示版.pdf,41,3,20,部分,0.714,"氧 | 化氮）、PM （
10 | 可吸入颗粒物）、P | M （细
2.5 | 颗粒物）平均 | 浓度分别为 | 6、28、","化氮）、PM （
10；M （细
2.5",解析文本拼接_表格清洗增强_01_001-020.md,018_佛山市智龙科技有限公司迁扩建项目_01_受理公告或公示版
PL019,PL019_佛山市智龙科技有限公司迁扩建项目_01_受理公告或公示版.pdf,41,3,22,部分,0.714,"35 | 、20 ，CO
ug/m | （一氧化碳）浓度的 | 第 95百 | 分位数为 1.0ug | ，O （臭
/m 3 | 氧）最","、20 ，CO
ug/m；，O （臭
/m 3",解析文本拼接_表格清洗增强_01_001-020.md,018_佛山市智龙科技有限公司迁扩建项目_01_受理公告或公示版
PL019,PL019_佛山市智龙科技有限公司迁扩建项目_01_受理公告或公示版.pdf,41,3,24,疑似缺失,0.571,"大 | 8 小时平均值的 | 第 90 百分位数为 16 | 4ug/m ，S | O （二氧化
2 | 硫）、NO （
2 | 二氧化","4ug/m ，S；O （二氧化
2；硫）、NO （
2",解析文本拼接_表格清洗增强_01_001-020.md,018_佛山市智龙科技有限公司迁扩建项目_01_受理公告或公示版
PL019,PL019_佛山市智龙科技有限公司迁扩建项目_01_受理公告或公示版.pdf,41,3,25,部分,0.714,"氮 | ）、PM （可吸
10 | 入颗粒物）、PM （
2.5 | 细颗粒 | 物）、CO（一 | 氧化碳）五 | 项污染","）、PM （可吸
10；入颗粒物）、PM （
2.5",解析文本拼接_表格清洗增强_01_001-020.md,018_佛山市智龙科技有限公司迁扩建项目_01_受理公告或公示版
PL019,PL019_佛山市智龙科技有限公司迁扩建项目_01_受理公告或公示版.pdf,41,3,26,完整,1.0,物 | 指标浓度均达到 | 《环境空气质量标准 | 》（GB3 | 095-2012）及 | 2018年修改 | 单中的,,解析文本拼接_表格清洗增强_01_001-020.md,018_佛山市智龙科技有限公司迁扩建项目_01_受理公告或公示版
PL019,PL019_佛山市智龙科技有限公司迁扩建项目_01_受理公告或公示版.pdf,41,3,27,部分,0.833,"二 | 级标准，臭氧（ | O ）超标，项目所在
3 | 的顺德区 | 判断为不达标 | 区。","O ）超标，项目所在
3",解析文本拼接_表格清洗增强_01_001-020.md,018_佛山市智龙科技有限公司迁扩建项目_01_受理公告或公示版
PL019,PL019_佛山市智龙科技有限公司迁扩建项目_01_受理公告或公示版.pdf,41,3,28,完整,1.0,表3. | 2 2023年顺德区（国控 | 测点）环 | 境空气质量现状 | 评价表,,解析文本拼接_表格清洗增强_01_001-020.md,018_佛山市智龙科技有限公司迁扩建项目_01_受理公告或公示版
PL019,PL019_佛山市智龙科技有限公司迁扩建项目_01_受理公告或公示版.pdf,41,3,29,完整,1.0,污染物 | 年评价指标 现状 | 浓度 | 标准值 占标 | 率/% 达 | 标情况,,解析文本拼接_表格清洗增强_01_001-020.md,018_佛山市智龙科技有限公司迁扩建项目_01_受理公告或公示版
PL019,PL019_佛山市智龙科技有限公司迁扩建项目_01_受理公告或公示版.pdf,41,3,31,部分,0.833,"SO | （ug/m ）
2 | 年平均质量浓度 | 6 | 60 | 10","（ug/m ）
2",解析文本拼接_表格清洗增强_01_001-020.md,018_佛山市智龙科技有限公司迁扩建项目_01_受理公告或公示版
PL019,PL019_佛山市智龙科技有限公司迁扩建项目_01_受理公告或公示版.pdf,41,3,33,部分,0.833,"NO | （ug/m ）
2 | 年平均质量浓度 | 28 | 40 | 70","（ug/m ）
2",解析文本拼接_表格清洗增强_01_001-020.md,018_佛山市智龙科技有限公司迁扩建项目_01_受理公告或公示版
PL019,PL019_佛山市智龙科技有限公司迁扩建项目_01_受理公告或公示版.pdf,41,3,35,部分,0.833,"PM | （ug/m ）
10 | 年平均质量浓度 | 35 | 70 | 50","（ug/m ）
10",解析文本拼接_表格清洗增强_01_001-020.md,018_佛山市智龙科技有限公司迁扩建项目_01_受理公告或公示版
PL019,PL019_佛山市智龙科技有限公司迁扩建项目_01_受理公告或公示版.pdf,41,3,37,部分,0.833,"PM | （ug/m ）
2.5 | 年平均质量浓度 | 20 | 35 5 | 7.14","（ug/m ）
2.5",解析文本拼接_表格清洗增强_01_001-020.md,018_佛山市智龙科技有限公司迁扩建项目_01_受理公告或公示版
PL019,PL019_佛山市智龙科技有限公司迁扩建项目_01_受理公告或公示版.pdf,42,1,1,完整,1.0,"CO（mg/m3） | 95百分位数日平均
质量浓度 | 1000 | 4000 | 25 | 达标",,解析文本拼接_表格清洗增强_01_001-020.md,018_佛山市智龙科技有限公司迁扩建项目_01_受理公告或公示版
PL019,PL019_佛山市智龙科技有限公司迁扩建项目_01_受理公告或公示版.pdf,42,1,2,部分,0.833,"O （ug/m3）
3 | 90百分位数最大8小
时平均质量浓度 | 164 | 160 | 102.5 | 不达标","O （ug/m3）
3",解析文本拼接_表格清洗增强_01_001-020.md,018_佛山市智龙科技有限公司迁扩建项目_01_受理公告或公示版
PL019,PL019_佛山市智龙科技有限公司迁扩建项目_01_受理公告或公示版.pdf,42,1,4,完整,1.0,"环境
保护
目标 | 1.大气环境
本项目厂界外 500m 范围无自然保护区、风景名胜区、文化区，主要保护目
标为江村和莘村，具体敏感目标信息见下表所示。
表3.3 环境保护目标",,解析文本拼接_表格清洗增强_01_001-020.md,018_佛山市智龙科技有限公司迁扩建项目_01_受理公告或公示版
PL019,PL019_佛山市智龙科技有限公司迁扩建项目_01_受理公告或公示版.pdf,42,1,6,完整,1.0,"1 | 江村 | 居民区 | 约10000人 | 二类环境空气
质量功能区 | 西 | 150",,解析文本拼接_表格清洗增强_01_001-020.md,018_佛山市智龙科技有限公司迁扩建项目_01_受理公告或公示版
PL019,PL019_佛山市智龙科技有限公司迁扩建项目_01_受理公告或公示版.pdf,42,1,7,完整,1.0,"2 | 莘村 | 居民区 | 约2000人 | 二类环境空气
质量功能区 | 东南 | 236",,解析文本拼接_表格清洗增强_01_001-020.md,018_佛山市智龙科技有限公司迁扩建项目_01_受理公告或公示版
PL019,PL019_佛山市智龙科技有限公司迁扩建项目_01_受理公告或公示版.pdf,42,2,3,完整,1.0,[202 | 4]1号），项目位置属于3308勒流北部工业区片区，执行《声环境质量标准,,解析文本拼接_表格清洗增强_01_001-020.md,018_佛山市智龙科技有限公司迁扩建项目_01_受理公告或公示版
PL019,PL019_佛山市智龙科技有限公司迁扩建项目_01_受理公告或公示版.pdf,42,2,4,完整,1.0,（G | B3096-2008）3类标准，项目厂界外 50m 内无环境敏感目标，无需开展声环,,解析文本拼接_表格清洗增强_01_001-020.md,018_佛山市智龙科技有限公司迁扩建项目_01_受理公告或公示版
PL019,PL019_佛山市智龙科技有限公司迁扩建项目_01_受理公告或公示版.pdf,42,2,22,疑似缺失,0.5,1 | 江村 居民区 约10000人 西 150,江村 居民区 约10000人 西 150,解析文本拼接_表格清洗增强_01_001-020.md,018_佛山市智龙科技有限公司迁扩建项目_01_受理公告或公示版
PL019,PL019_佛山市智龙科技有限公司迁扩建项目_01_受理公告或公示版.pdf,42,2,26,疑似缺失,0.5,2 | 莘村 居民区 约2000人 东南 236,莘村 居民区 约2000人 东南 236,解析文本拼接_表格清洗增强_01_001-020.md,018_佛山市智龙科技有限公司迁扩建项目_01_受理公告或公示版
PL019,PL019_佛山市智龙科技有限公司迁扩建项目_01_受理公告或公示版.pdf,43,1,3,完整,1.0,"顺德支流 | 水质 | （GB3838-2
002）Ⅲ类 | 西南面 | 3421 | / | /",,解析文本拼接_表格清洗增强_01_001-020.md,018_佛山市智龙科技有限公司迁扩建项目_01_受理公告或公示版
PL019,PL019_佛山市智龙科技有限公司迁扩建项目_01_受理公告或公示版.pdf,43,1,5,完整,1.0,"污染
物排
放控
制标
准 | 1、水污染物排放标准
本项目生活污水经三级化粪池预处理，水质执行广东省地方标准《水污染物
排放限值》（DB44/26-2001）中第二时段三级标准，处理达标后经市政管网排入
勒流污水处理厂处理，污水处理厂的尾水执行《城镇污水处理厂污染物排放标准》
（GB18918-2002）一级A标准及《水污染物排放限值》（DB44/26-2",,解析文本拼接_表格清洗增强_01_001-020.md,018_佛山市智龙科技有限公司迁扩建项目_01_受理公告或公示版
PL019,PL019_佛山市智龙科技有限公司迁扩建项目_01_受理公告或公示版.pdf,43,1,6,完整,1.0,"指标 | COD
Cr | BOD
5 | SS | 氨氮",,解析文本拼接_表格清洗增强_01_001-020.md,018_佛山市智龙科技有限公司迁扩建项目_01_受理公告或公示版
PL019,PL019_佛山市智龙科技有限公司迁扩建项目_01_受理公告或公示版.pdf,43,1,7,完整,1.0,"（GB18918-2002）一级A标准和
（DB44/26-2001）第二时段一级标准较严值 | ≤40 | ≤10 | ≤10 | ≤5",,解析文本拼接_表格清洗增强_01_001-020.md,018_佛山市智龙科技有限公司迁扩建项目_01_受理公告或公示版
PL019,PL019_佛山市智龙科技有限公司迁扩建项目_01_受理公告或公示版.pdf,43,1,8,完整,1.0,"《水污染物排放限值》（DB44/26-2001）第
二时段三级标准 | ≤500 | ≤300 | ≤400 | --",,解析文本拼接_表格清洗增强_01_001-020.md,018_佛山市智龙科技有限公司迁扩建项目_01_受理公告或公示版
PL019,PL019_佛山市智龙科技有限公司迁扩建项目_01_受理公告或公示版.pdf,43,2,10,完整,1.0,1、水污染物排放 | 标准,,解析文本拼接_表格清洗增强_01_001-020.md,018_佛山市智龙科技有限公司迁扩建项目_01_受理公告或公示版
PL019,PL019_佛山市智龙科技有限公司迁扩建项目_01_受理公告或公示版.pdf,43,2,11,完整,1.0,本项目生活污水 | 经三级化粪池 | 预处理， | 水质执行广东省地方标准《水污染物,,解析文本拼接_表格清洗增强_01_001-020.md,018_佛山市智龙科技有限公司迁扩建项目_01_受理公告或公示版
PL019,PL019_佛山市智龙科技有限公司迁扩建项目_01_受理公告或公示版.pdf,43,2,12,完整,1.0,排放限值》（DB44/26 | -2001）中第 | 二时段三 | 级标准，处理达标后经市政管网排入,,解析文本拼接_表格清洗增强_01_001-020.md,018_佛山市智龙科技有限公司迁扩建项目_01_受理公告或公示版
PL019,PL019_佛山市智龙科技有限公司迁扩建项目_01_受理公告或公示版.pdf,43,2,13,完整,1.0,勒流污水处理厂处理 | ，污水处理厂的 | 尾水执 | 行《城镇污水处理厂污染物排放标准》,,解析文本拼接_表格清洗增强_01_001-020.md,018_佛山市智龙科技有限公司迁扩建项目_01_受理公告或公示版
PL019,PL019_佛山市智龙科技有限公司迁扩建项目_01_受理公告或公示版.pdf,43,2,14,完整,1.0,（GB18918-2002）一 | 级A标准及《 | 水污染物 | 排放限值》（DB44/26-2001）第二时,,解析文本拼接_表格清洗增强_01_001-020.md,018_佛山市智龙科技有限公司迁扩建项目_01_受理公告或公示版
PL019,PL019_佛山市智龙科技有限公司迁扩建项目_01_受理公告或公示版.pdf,43,2,15,完整,1.0,段一级标准的较严值 | 。水污染物排 | 放限值如 | 下。,,解析文本拼接_表格清洗增强_01_001-020.md,018_佛山市智龙科技有限公司迁扩建项目_01_受理公告或公示版
PL019,PL019_佛山市智龙科技有限公司迁扩建项目_01_受理公告或公示版.pdf,43,2,16,完整,1.0,表3.5 | 水污染物排放执 | 行标准（ | 单位：mg/L，pH除外）,,解析文本拼接_表格清洗增强_01_001-020.md,018_佛山市智龙科技有限公司迁扩建项目_01_受理公告或公示版
PL019,PL019_佛山市智龙科技有限公司迁扩建项目_01_受理公告或公示版.pdf,43,2,17,疑似缺失,0.667,"指标 | COD | BOD SS 氨氮
Cr 5","BOD SS 氨氮
Cr 5",解析文本拼接_表格清洗增强_01_001-020.md,018_佛山市智龙科技有限公司迁扩建项目_01_受理公告或公示版
PL019,PL019_佛山市智龙科技有限公司迁扩建项目_01_受理公告或公示版.pdf,43,2,18,完整,1.0,（GB18918-2002）一 | 级A标准和,,解析文本拼接_表格清洗增强_01_001-020.md,018_佛山市智龙科技有限公司迁扩建项目_01_受理公告或公示版
PL019,PL019_佛山市智龙科技有限公司迁扩建项目_01_受理公告或公示版.pdf,43,2,19,疑似缺失,0.5,"（ ）第二时 | 段一级标准较严 | ≤40
值 | ≤10 ≤10 ≤5","（ ）第二时；≤40
值",解析文本拼接_表格清洗增强_01_001-020.md,018_佛山市智龙科技有限公司迁扩建项目_01_受理公告或公示版
PL019,PL019_佛山市智龙科技有限公司迁扩建项目_01_受理公告或公示版.pdf,43,2,21,完整,1.0,《水污染物排放限值》（ | DB44/26-2001） | 第,,解析文本拼接_表格清洗增强_01_001-020.md,018_佛山市智龙科技有限公司迁扩建项目_01_受理公告或公示版
PL019,PL019_佛山市智龙科技有限公司迁扩建项目_01_受理公告或公示版.pdf,43,2,22,完整,1.0,二时段三级 | 标准 | ≤50 | 0 ≤300 ≤400 --,,解析文本拼接_表格清洗增强_01_001-020.md,018_佛山市智龙科技有限公司迁扩建项目_01_受理公告或公示版
PL019,PL019_佛山市智龙科技有限公司迁扩建项目_01_受理公告或公示版.pdf,43,2,24,完整,1.0,物排 | 2、大气污染物排 | 放标准,,解析文本拼接_表格清洗增强_01_001-020.md,018_佛山市智龙科技有限公司迁扩建项目_01_受理公告或公示版
PL019,PL019_佛山市智龙科技有限公司迁扩建项目_01_受理公告或公示版.pdf,43,2,26,完整,1.0,（1）混料、投料 | 、破碎产生的 | 塑料粉尘 | 执行广东省《大气污染物排放限值》,,解析文本拼接_表格清洗增强_01_001-020.md,018_佛山市智龙科技有限公司迁扩建项目_01_受理公告或公示版
PL019,PL019_佛山市智龙科技有限公司迁扩建项目_01_受理公告或公示版.pdf,43,2,28,完整,1.0,准 | （DB4427-2001）第 | 二时段无组织 | 排放监控 | 浓度限值。,,解析文本拼接_表格清洗增强_01_001-020.md,018_佛山市智龙科技有限公司迁扩建项目_01_受理公告或公示版
PL019,PL019_佛山市智龙科技有限公司迁扩建项目_01_受理公告或公示版.pdf,43,2,29,完整,1.0,（2）根据国家生 | 态环境部部长 | 信箱关于 | 树脂制品业排放标准问题的回复:以,,解析文本拼接_表格清洗增强_01_001-020.md,018_佛山市智龙科技有限公司迁扩建项目_01_受理公告或公示版
PL019,PL019_佛山市智龙科技有限公司迁扩建项目_01_受理公告或公示版.pdf,43,2,30,完整,1.0,聚乙烯树脂为原料， | 采用混合、共 | 混、改性 | 等工艺，通过挤出、注射、压制、压,,解析文本拼接_表格清洗增强_01_001-020.md,018_佛山市智龙科技有限公司迁扩建项目_01_受理公告或公示版
PL019,PL019_佛山市智龙科技有限公司迁扩建项目_01_受理公告或公示版.pdf,43,2,31,完整,1.0,延、发泡等方法生产 | 聚氯乙烯树脂 | 制品的企 | 业生产过程中产生的废气应执行《大,,解析文本拼接_表格清洗增强_01_001-020.md,018_佛山市智龙科技有限公司迁扩建项目_01_受理公告或公示版
PL019,PL019_佛山市智龙科技有限公司迁扩建项目_01_受理公告或公示版.pdf,43,2,32,完整,1.0,气污染物综合排放标 | 准》(GB16297 | -1996)表 | 2 新污染源大气污染物排放限值。已,,解析文本拼接_表格清洗增强_01_001-020.md,018_佛山市智龙科技有限公司迁扩建项目_01_受理公告或公示版
PL019,PL019_佛山市智龙科技有限公司迁扩建项目_01_受理公告或公示版.pdf,43,2,33,完整,1.0,制定更严格地方排放 | 标准的，按地 | 方标准执 | 行，因此本项目应执行《固定污染源,,解析文本拼接_表格清洗增强_01_001-020.md,018_佛山市智龙科技有限公司迁扩建项目_01_受理公告或公示版
PL019,PL019_佛山市智龙科技有限公司迁扩建项目_01_受理公告或公示版.pdf,43,2,34,完整,1.0,挥发性有机物综合排 | 放标准》（DB | 44/2367- | 2022）表1 挥发性有机物排放限值。,,解析文本拼接_表格清洗增强_01_001-020.md,018_佛山市智龙科技有限公司迁扩建项目_01_受理公告或公示版
PL019,PL019_佛山市智龙科技有限公司迁扩建项目_01_受理公告或公示版.pdf,43,2,35,完整,1.0,因此注塑、超声波焊 | 接工序产生的 | 非甲烷总 | 烃有组织排放执行《合成树脂工业污,,解析文本拼接_表格清洗增强_01_001-020.md,018_佛山市智龙科技有限公司迁扩建项目_01_受理公告或公示版
PL019,PL019_佛山市智龙科技有限公司迁扩建项目_01_受理公告或公示版.pdf,43,2,36,完整,1.0,染物排放标准》（GB | 31572-2015， | 含 2024 | 年修改单）表 4 大气污染物排放限值,,解析文本拼接_表格清洗增强_01_001-020.md,018_佛山市智龙科技有限公司迁扩建项目_01_受理公告或公示版
PL019,PL019_佛山市智龙科技有限公司迁扩建项目_01_受理公告或公示版.pdf,43,2,37,完整,1.0,与《固定污染源挥发 | 性有机物综合 | 排放标准 | 》（DB44/2367-2022）表1挥发性有,,解析文本拼接_表格清洗增强_01_001-020.md,018_佛山市智龙科技有限公司迁扩建项目_01_受理公告或公示版
PL019,PL019_佛山市智龙科技有限公司迁扩建项目_01_受理公告或公示版.pdf,44,1,2,完整,1.0,"污染物 | 排气筒高
度（m） | 有组织排放执行标准 | 无组织排放厂界
浓度监控限值
（mg/m3）",,解析文本拼接_表格清洗增强_01_001-020.md,018_佛山市智龙科技有限公司迁扩建项目_01_受理公告或公示版
PL019,PL019_佛山市智龙科技有限公司迁扩建项目_01_受理公告或公示版.pdf,44,1,3,完整,1.0,"最高允许排放浓
度（mg/m3） | 折算后最高允许排
放速率（kg/h)",,解析文本拼接_表格清洗增强_01_001-020.md,018_佛山市智龙科技有限公司迁扩建项目_01_受理公告或公示版
PL019,PL019_佛山市智龙科技有限公司迁扩建项目_01_受理公告或公示版.pdf,44,1,4,完整,1.0,"颗粒物 | （排气筒
DA001）45
米 | / | / | 1.0",,解析文本拼接_表格清洗增强_01_001-020.md,018_佛山市智龙科技有限公司迁扩建项目_01_受理公告或公示版
PL019,PL019_佛山市智龙科技有限公司迁扩建项目_01_受理公告或公示版.pdf,44,1,5,完整,1.0,非甲烷总烃 | 80 | / | /,,解析文本拼接_表格清洗增强_01_001-020.md,018_佛山市智龙科技有限公司迁扩建项目_01_受理公告或公示版
PL019,PL019_佛山市智龙科技有限公司迁扩建项目_01_受理公告或公示版.pdf,44,1,6,完整,1.0,臭气浓度 | 40000（无量纲） | / | 20（无量纲）,,解析文本拼接_表格清洗增强_01_001-020.md,018_佛山市智龙科技有限公司迁扩建项目_01_受理公告或公示版
PL019,PL019_佛山市智龙科技有限公司迁扩建项目_01_受理公告或公示版.pdf,44,1,7,完整,1.0,TVOC | 100 | / | /,,解析文本拼接_表格清洗增强_01_001-020.md,018_佛山市智龙科技有限公司迁扩建项目_01_受理公告或公示版
PL019,PL019_佛山市智龙科技有限公司迁扩建项目_01_受理公告或公示版.pdf,44,1,8,完整,1.0,锡及其化合物 | 8.5 | 3.1* | 0.24,,解析文本拼接_表格清洗增强_01_001-020.md,018_佛山市智龙科技有限公司迁扩建项目_01_受理公告或公示版
PL019,PL019_佛山市智龙科技有限公司迁扩建项目_01_受理公告或公示版.pdf,44,1,11,完整,1.0,污染物项目 | 排放限值 | 限制含义 | 无组织排放监控位置,,解析文本拼接_表格清洗增强_01_001-020.md,018_佛山市智龙科技有限公司迁扩建项目_01_受理公告或公示版
PL019,PL019_佛山市智龙科技有限公司迁扩建项目_01_受理公告或公示版.pdf,44,1,12,完整,1.0,NMHC | 6 | 监控点处1h平均浓度值 | 在厂房外设置监控点,,解析文本拼接_表格清洗增强_01_001-020.md,018_佛山市智龙科技有限公司迁扩建项目_01_受理公告或公示版
PL019,PL019_佛山市智龙科技有限公司迁扩建项目_01_受理公告或公示版.pdf,44,1,13,完整,1.0,20 | 监控点处任意一次浓度值,,解析文本拼接_表格清洗增强_01_001-020.md,018_佛山市智龙科技有限公司迁扩建项目_01_受理公告或公示版
PL019,PL019_佛山市智龙科技有限公司迁扩建项目_01_受理公告或公示版.pdf,46,2,1,完整,1.0,"控制指标 | 迁建前核
发总量指
标 | 迁建前“归
真”总量指
标 | 迁建后全
厂总量指
标 | 变化量 | 新增分配
的总量",,解析文本拼接_表格清洗增强_01_001-020.md,018_佛山市智龙科技有限公司迁扩建项目_01_受理公告或公示版
PL019,PL019_佛山市智龙科技有限公司迁扩建项目_01_受理公告或公示版.pdf,46,2,2,完整,1.0,"总
VOCs | 有组织 | 0.193 | 0.313 | 0.597 | +0.284 | 0.284",,解析文本拼接_表格清洗增强_01_001-020.md,018_佛山市智龙科技有限公司迁扩建项目_01_受理公告或公示版
PL019,PL019_佛山市智龙科技有限公司迁扩建项目_01_受理公告或公示版.pdf,46,2,3,完整,1.0,无组织 | 0.107 | 0.640 | 1.195 | +0.555 | 0.555,,解析文本拼接_表格清洗增强_01_001-020.md,018_佛山市智龙科技有限公司迁扩建项目_01_受理公告或公示版
PL019,PL019_佛山市智龙科技有限公司迁扩建项目_01_受理公告或公示版.pdf,46,2,4,完整,1.0,总计 | 0.300 | 0.953 | 1.792 | +0.839 | 0.839,,解析文本拼接_表格清洗增强_01_001-020.md,018_佛山市智龙科技有限公司迁扩建项目_01_受理公告或公示版
PL019,PL019_佛山市智龙科技有限公司迁扩建项目_01_受理公告或公示版.pdf,46,2,5,完整,1.0,CODcr | 0.0086 | 0.0086 | 0.0054 | -0.0032 | /,,解析文本拼接_表格清洗增强_01_001-020.md,018_佛山市智龙科技有限公司迁扩建项目_01_受理公告或公示版
PL019,PL019_佛山市智龙科技有限公司迁扩建项目_01_受理公告或公示版.pdf,46,2,6,部分,0.833,"NH -N
3 | 0.0011 | 0.0011 | 0.0007 | -0.0004 | /","NH -N
3",解析文本拼接_表格清洗增强_01_001-020.md,018_佛山市智龙科技有限公司迁扩建项目_01_受理公告或公示版
PL019,PL019_佛山市智龙科技有限公司迁扩建项目_01_受理公告或公示版.pdf,46,3,1,部分,0.857,"迁扩建前项目 | 生活废水排 | 放量为0.021 | 6万t/a，CO | Dcr总量为 | 0.0086t/a | ，NH -N
3","，NH -N
3",解析文本拼接_表格清洗增强_01_001-020.md,018_佛山市智龙科技有限公司迁扩建项目_01_受理公告或公示版
PL019,PL019_佛山市智龙科技有限公司迁扩建项目_01_受理公告或公示版.pdf,46,3,2,完整,1.0,总量为0.0011t/a， | 原项目生活 | 污水经独立 | 处理设施处 | 理后排入 | 百丈农村分 | 散式污,,解析文本拼接_表格清洗增强_01_001-020.md,018_佛山市智龙科技有限公司迁扩建项目_01_受理公告或公示版
PL019,PL019_佛山市智龙科技有限公司迁扩建项目_01_受理公告或公示版.pdf,46,3,4,部分,0.857,"迁扩建后项目 | 生活废水排 | 放量为0.013 | 5万t/a，CO | Dcr总量为 | 0.0054t/a | ，NH -N
3","，NH -N
3",解析文本拼接_表格清洗增强_01_001-020.md,018_佛山市智龙科技有限公司迁扩建项目_01_受理公告或公示版
PL019,PL019_佛山市智龙科技有限公司迁扩建项目_01_受理公告或公示版.pdf,46,3,5,完整,1.0,总量为0.0007t/a， | 项目生活污 | 水经三级化 | 粪池处理达 | 标后汇入 | 市政污水管 | 网排入,,解析文本拼接_表格清洗增强_01_001-020.md,018_佛山市智龙科技有限公司迁扩建项目_01_受理公告或公示版
PL019,PL019_佛山市智龙科技有限公司迁扩建项目_01_受理公告或公示版.pdf,46,3,8,完整,1.0,根据回顾性分 | 析，归真核 | 算非甲烷总 | 烃、VOCs | 有组织排放 | 量为0.313 | t/a，无,,解析文本拼接_表格清洗增强_01_001-020.md,018_佛山市智龙科技有限公司迁扩建项目_01_受理公告或公示版
PL019,PL019_佛山市智龙科技有限公司迁扩建项目_01_受理公告或公示版.pdf,46,3,9,完整,1.0,组织排放量为 0.64 | 0t/a，根据 | 核算，原项 | 目非甲烷总 | 烃、VOCs | 总量控制 | 指标为,,解析文本拼接_表格清洗增强_01_001-020.md,018_佛山市智龙科技有限公司迁扩建项目_01_受理公告或公示版
PL019,PL019_佛山市智龙科技有限公司迁扩建项目_01_受理公告或公示版.pdf,46,3,11,完整,1.0,迁扩建后项目 | 非甲烷总烃 | 、VOCs 有组 | 织排放量 | 为0.597t/a | ，无组织排 | 放量为,,解析文本拼接_表格清洗增强_01_001-020.md,018_佛山市智龙科技有限公司迁扩建项目_01_受理公告或公示版
PL019,PL019_佛山市智龙科技有限公司迁扩建项目_01_受理公告或公示版.pdf,46,3,12,完整,1.0,，因此本项 | 目有机废气 | 总量控制指 | 标为 | 。对比 | 迁扩建前归 | 真核算,,解析文本拼接_表格清洗增强_01_001-020.md,018_佛山市智龙科技有限公司迁扩建项目_01_受理公告或公示版
PL019,PL019_佛山市智龙科技有限公司迁扩建项目_01_受理公告或公示版.pdf,46,3,13,完整,1.0,总量 | 1.195t/a | 1.792t | /a,,解析文本拼接_表格清洗增强_01_001-020.md,018_佛山市智龙科技有限公司迁扩建项目_01_受理公告或公示版
PL019,PL019_佛山市智龙科技有限公司迁扩建项目_01_受理公告或公示版.pdf,46,3,14,完整,1.0,控制 | 总量增加量为0.839 | t/a。,,解析文本拼接_表格清洗增强_01_001-020.md,018_佛山市智龙科技有限公司迁扩建项目_01_受理公告或公示版
PL019,PL019_佛山市智龙科技有限公司迁扩建项目_01_受理公告或公示版.pdf,46,3,17,完整,1.0,机物总量指标管理 | 工作方案(20 | 24 年修订) | 》的通知(顺 | 环委办(20 | 24)3 号)， | 全区建,,解析文本拼接_表格清洗增强_01_001-020.md,018_佛山市智龙科技有限公司迁扩建项目_01_受理公告或公示版
PL019,PL019_佛山市智龙科技有限公司迁扩建项目_01_受理公告或公示版.pdf,46,3,18,完整,1.0,设项目新增 VOCs | 排放量施行 | “减二增一” | 政策，建议 | 新增挥发 | 性有机物排 | 放总量,,解析文本拼接_表格清洗增强_01_001-020.md,018_佛山市智龙科技有限公司迁扩建项目_01_受理公告或公示版
PL019,PL019_佛山市智龙科技有限公司迁扩建项目_01_受理公告或公示版.pdf,46,3,19,完整,1.0,控制指标为0.839t/a | ，由区镇两 | 级环保主管 | 部门核查总 | 量指标。,,解析文本拼接_表格清洗增强_01_001-020.md,018_佛山市智龙科技有限公司迁扩建项目_01_受理公告或公示版
PL019,PL019_佛山市智龙科技有限公司迁扩建项目_01_受理公告或公示版.pdf,46,3,20,完整,1.0,表3 | .8 项目总量 | 控制指标汇总,,解析文本拼接_表格清洗增强_01_001-020.md,018_佛山市智龙科技有限公司迁扩建项目_01_受理公告或公示版
PL019,PL019_佛山市智龙科技有限公司迁扩建项目_01_受理公告或公示版.pdf,46,3,23,疑似缺失,0.5,项目 控制指 | 标 发 | 总量指 真 | 总量指 厂 | 总量指 | 变化量,标 发；总量指 真；总量指 厂,解析文本拼接_表格清洗增强_01_001-020.md,018_佛山市智龙科技有限公司迁扩建项目_01_受理公告或公示版
PL019,PL019_佛山市智龙科技有限公司迁扩建项目_01_受理公告或公示版.pdf,46,3,26,完整,1.0,有组织 | 0.193 | 0.313 | 0.597 | +0.284 | 0.284,,解析文本拼接_表格清洗增强_01_001-020.md,018_佛山市智龙科技有限公司迁扩建项目_01_受理公告或公示版
PL019,PL019_佛山市智龙科技有限公司迁扩建项目_01_受理公告或公示版.pdf,46,3,28,完整,1.0,废气 | 无组织 | 0.107 | 0.640 | 1.195 | +0.555 | 0.555,,解析文本拼接_表格清洗增强_01_001-020.md,018_佛山市智龙科技有限公司迁扩建项目_01_受理公告或公示版
PL019,PL019_佛山市智龙科技有限公司迁扩建项目_01_受理公告或公示版.pdf,46,3,30,完整,1.0,总计 | 0.300 | 0.953 | 1.792 | +0.839 | 0.839,,解析文本拼接_表格清洗增强_01_001-020.md,018_佛山市智龙科技有限公司迁扩建项目_01_受理公告或公示版
PL019,PL019_佛山市智龙科技有限公司迁扩建项目_01_受理公告或公示版.pdf,48,1,1,完整,1.0,"运营
期环
境影
响和
保护
措施 | 1、废气
项目废气产生、排放情况详见下表：
表4.1 项目废气产生、排放情况一览表",,解析文本拼接_表格清洗增强_01_001-020.md,018_佛山市智龙科技有限公司迁扩建项目_01_受理公告或公示版
PL019,PL019_佛山市智龙科技有限公司迁扩建项目_01_受理公告或公示版.pdf,48,1,2,完整,1.0,"产排
污环
节 | 污染
物种
类 | 总产生
量（t/a） | 污染物产生 | 排放 | 治理设施 | 污染物排放",,解析文本拼接_表格清洗增强_01_001-020.md,018_佛山市智龙科技有限公司迁扩建项目_01_受理公告或公示版
PL019,PL019_佛山市智龙科技有限公司迁扩建项目_01_受理公告或公示版.pdf,48,1,3,完整,1.0,"产生
量
（t/a） | 产生
浓度
（mg
/m3） | 形式 | 处理
能力
（m3/
h） | 收
集
效
率
（
%） | 治理
工艺
去除
率
（%
） | 是
否
为
可
行
技
术 | 排放
量
（t/
a） | 排
放
速
率
（k
g/h） | 排放
浓度
（m
g/m3
）",,解析文本拼接_表格清洗增强_01_001-020.md,018_佛山市智龙科技有限公司迁扩建项目_01_受理公告或公示版
PL019,PL019_佛山市智龙科技有限公司迁扩建项目_01_受理公告或公示版.pdf,48,1,4,完整,1.0,"注塑、
超声
波焊
接 | 非甲
烷总
烃 | 1.569 | 0.785 | 16.3 | 有组织 | 2000
0 | 50% | 50% | 是 | 0.39
2 | 0.16
3 | 8.17",,解析文本拼接_表格清洗增强_01_001-020.md,018_佛山市智龙科技有限公司迁扩建项目_01_受理公告或公示版
PL019,PL019_佛山市智龙科技有限公司迁扩建项目_01_受理公告或公示版.pdf,48,1,5,完整,1.0,"0.785 | / | 无组织 | / | / | / | / | 0.78
5 | 0.32
7 | /",,解析文本拼接_表格清洗增强_01_001-020.md,018_佛山市智龙科技有限公司迁扩建项目_01_受理公告或公示版
PL019,PL019_佛山市智龙科技有限公司迁扩建项目_01_受理公告或公示版.pdf,48,1,6,完整,1.0,"臭气
浓度 | 极少量 | 极少
量 | / | 有组织 | 2000
0 | 50% | 50% | 是 | 极少
量 | / | 极少
量",,解析文本拼接_表格清洗增强_01_001-020.md,018_佛山市智龙科技有限公司迁扩建项目_01_受理公告或公示版
PL019,PL019_佛山市智龙科技有限公司迁扩建项目_01_受理公告或公示版.pdf,48,1,8,完整,1.0,"组装 | VOCs | 0.100 | 0.050 | 1.04 | 有组织 | 2000
0 | 50% | 50% | 是 | 0.02
5 | 0.01
0 | 0.52",,解析文本拼接_表格清洗增强_01_001-020.md,018_佛山市智龙科技有限公司迁扩建项目_01_受理公告或公示版
PL019,PL019_佛山市智龙科技有限公司迁扩建项目_01_受理公告或公示版.pdf,48,1,9,完整,1.0,"0.050 | / | 无组织 | / | / | / | / | 0.05
0 | 0.02
1 | /",,解析文本拼接_表格清洗增强_01_001-020.md,018_佛山市智龙科技有限公司迁扩建项目_01_受理公告或公示版
PL019,PL019_佛山市智龙科技有限公司迁扩建项目_01_受理公告或公示版.pdf,48,1,10,完整,1.0,"焊锡、
浸锡 | 锡及
其化
合物 | 0.0004 | 0.000
2 | 0.004 | 有组织 | 2000
0 | 50% | 80% | 是 | 0.00
004 | 0.00
002 | 0.00
1",,解析文本拼接_表格清洗增强_01_001-020.md,018_佛山市智龙科技有限公司迁扩建项目_01_受理公告或公示版
PL019,PL019_佛山市智龙科技有限公司迁扩建项目_01_受理公告或公示版.pdf,48,1,11,完整,1.0,"0.000
2 | / | 无组织 | / | / | / | / | 0.00
02 | 0.00
01 | /",,解析文本拼接_表格清洗增强_01_001-020.md,018_佛山市智龙科技有限公司迁扩建项目_01_受理公告或公示版
PL019,PL019_佛山市智龙科技有限公司迁扩建项目_01_受理公告或公示版.pdf,48,1,12,完整,1.0,"VOCs | 0.720 | 0.360 | 7.50 | 有组织 | 2000
0 | 50% | 50% | 是 | 0.18
0 | 0.07
5 | 3.75",,解析文本拼接_表格清洗增强_01_001-020.md,018_佛山市智龙科技有限公司迁扩建项目_01_受理公告或公示版
PL019,PL019_佛山市智龙科技有限公司迁扩建项目_01_受理公告或公示版.pdf,48,1,13,完整,1.0,"0.360 | / | 无组织 | / | / | / | / | 0.36
0 | 0.15
0 | /",,解析文本拼接_表格清洗增强_01_001-020.md,018_佛山市智龙科技有限公司迁扩建项目_01_受理公告或公示版
PL019,PL019_佛山市智龙科技有限公司迁扩建项目_01_受理公告或公示版.pdf,48,1,14,完整,1.0,"混料、
投料、
破碎 | 颗粒
物 | 0.099 | 0.099 | / | 无组织 | / | / | / | / | 0.09
9 | 0.64
8 | /",,解析文本拼接_表格清洗增强_01_001-020.md,018_佛山市智龙科技有限公司迁扩建项目_01_受理公告或公示版
PL019,PL019_佛山市智龙科技有限公司迁扩建项目_01_受理公告或公示版.pdf,48,2,1,完整,1.0,污染物 | 产生 | 排放 | 治理设 | 施 | 污染 | 物排放,,解析文本拼接_表格清洗增强_01_001-020.md,018_佛山市智龙科技有限公司迁扩建项目_01_受理公告或公示版
PL019,PL019_佛山市智龙科技有限公司迁扩建项目_01_受理公告或公示版.pdf,48,2,4,完整,1.0,"产排
污环 | 污染
物种 | 总产生 | 产生 | 产生
浓度 | 处理
能力 | 集
效 | 工艺
去除 | 否
为 | 排放
量 | 放
速 | 排放
浓度",,解析文本拼接_表格清洗增强_01_001-020.md,018_佛山市智龙科技有限公司迁扩建项目_01_受理公告或公示版
PL019,PL019_佛山市智龙科技有限公司迁扩建项目_01_受理公告或公示版.pdf,48,2,5,部分,0.923,"节 | 类 | 量（t/a） | 量
（ ） | （mg | 形式 | （m3/ | 率 | 率 | 可
行 | （t/ | 率 | （m
3","量
（ ）",解析文本拼接_表格清洗增强_01_001-020.md,018_佛山市智龙科技有限公司迁扩建项目_01_受理公告或公示版
PL019,PL019_佛山市智龙科技有限公司迁扩建项目_01_受理公告或公示版.pdf,48,2,6,完整,1.0,t/a | 3） | ） | （ | （ | ） | （ | g/m,,解析文本拼接_表格清洗增强_01_001-020.md,018_佛山市智龙科技有限公司迁扩建项目_01_受理公告或公示版
PL019,PL019_佛山市智龙科技有限公司迁扩建项目_01_受理公告或公示版.pdf,48,2,10,完整,1.0,非甲 | 0.785 | 16.3 | 有组织 | 2000 | 50% | 50% | 是 | 0.39 | 0.16 | 8.17,,解析文本拼接_表格清洗增强_01_001-020.md,018_佛山市智龙科技有限公司迁扩建项目_01_受理公告或公示版
PL019,PL019_佛山市智龙科技有限公司迁扩建项目_01_受理公告或公示版.pdf,48,2,11,完整,1.0,烷总 | 1.569 | 0 | 2 | 3,,解析文本拼接_表格清洗增强_01_001-020.md,018_佛山市智龙科技有限公司迁扩建项目_01_受理公告或公示版
PL019,PL019_佛山市智龙科技有限公司迁扩建项目_01_受理公告或公示版.pdf,48,2,12,完整,1.0,注塑、 | 烃 | 0.785 | / | 无组织 | / | / | / | / | 0.78 | 0.32 | /,,解析文本拼接_表格清洗增强_01_001-020.md,018_佛山市智龙科技有限公司迁扩建项目_01_受理公告或公示版
PL019,PL019_佛山市智龙科技有限公司迁扩建项目_01_受理公告或公示版.pdf,48,2,14,完整,1.0,波焊 | 极少 | / | 有组织 | 2000 | 50% | 50% | 是 | 极少 | / | 极少,,解析文本拼接_表格清洗增强_01_001-020.md,018_佛山市智龙科技有限公司迁扩建项目_01_受理公告或公示版
PL019,PL019_佛山市智龙科技有限公司迁扩建项目_01_受理公告或公示版.pdf,48,2,15,完整,1.0,接 | 臭气 | 极少量 | 量 | 0 | 量 | 量,,解析文本拼接_表格清洗增强_01_001-020.md,018_佛山市智龙科技有限公司迁扩建项目_01_受理公告或公示版
PL019,PL019_佛山市智龙科技有限公司迁扩建项目_01_受理公告或公示版.pdf,48,2,19,完整,1.0,0.050 | 1.04 | 有组织 | 2000 | 50% | 50% | 是 | 0.02 | 0.01 | 0.52,,解析文本拼接_表格清洗增强_01_001-020.md,018_佛山市智龙科技有限公司迁扩建项目_01_受理公告或公示版
PL019,PL019_佛山市智龙科技有限公司迁扩建项目_01_受理公告或公示版.pdf,48,2,20,完整,1.0,组装 | VOCs | 0.100 | 0 | 5 | 0,,解析文本拼接_表格清洗增强_01_001-020.md,018_佛山市智龙科技有限公司迁扩建项目_01_受理公告或公示版
PL019,PL019_佛山市智龙科技有限公司迁扩建项目_01_受理公告或公示版.pdf,48,2,21,完整,1.0,0.050 | / | 无组织 | / | / | / | / | 0.05 | 0.02 | /,,解析文本拼接_表格清洗增强_01_001-020.md,018_佛山市智龙科技有限公司迁扩建项目_01_受理公告或公示版
PL019,PL019_佛山市智龙科技有限公司迁扩建项目_01_受理公告或公示版.pdf,48,2,23,完整,1.0,运营 | 锡及 | 0.000 | 0.004 | 有组织 | 2000 | 50% | 80% | 是 | 0.00 | 0.00 | 0.00,,解析文本拼接_表格清洗增强_01_001-020.md,018_佛山市智龙科技有限公司迁扩建项目_01_受理公告或公示版
PL019,PL019_佛山市智龙科技有限公司迁扩建项目_01_受理公告或公示版.pdf,48,2,24,完整,1.0,"期环 | 其化 | 0.0004 | 2
0.000 | 0 | 004
0.00 | 002
0.00 | 1",,解析文本拼接_表格清洗增强_01_001-020.md,018_佛山市智龙科技有限公司迁扩建项目_01_受理公告或公示版
PL019,PL019_佛山市智龙科技有限公司迁扩建项目_01_受理公告或公示版.pdf,48,2,25,完整,1.0,境影 | 焊锡、 | 合物 | 2 | / | 无组织 | / | / | / | / | 02 | 01 | /,,解析文本拼接_表格清洗增强_01_001-020.md,018_佛山市智龙科技有限公司迁扩建项目_01_受理公告或公示版
PL019,PL019_佛山市智龙科技有限公司迁扩建项目_01_受理公告或公示版.pdf,48,2,27,完整,1.0,有组织 | 2000 | 是 | 0.18 | 0.07,,解析文本拼接_表格清洗增强_01_001-020.md,018_佛山市智龙科技有限公司迁扩建项目_01_受理公告或公示版
PL019,PL019_佛山市智龙科技有限公司迁扩建项目_01_受理公告或公示版.pdf,48,2,28,完整,1.0,响和 | 0.360 | 7.50 | 0 | 50% | 50% | 0 | 5 | 3.75,,解析文本拼接_表格清洗增强_01_001-020.md,018_佛山市智龙科技有限公司迁扩建项目_01_受理公告或公示版
PL019,PL019_佛山市智龙科技有限公司迁扩建项目_01_受理公告或公示版.pdf,48,2,29,完整,1.0,VOCs | 0.720,,解析文本拼接_表格清洗增强_01_001-020.md,018_佛山市智龙科技有限公司迁扩建项目_01_受理公告或公示版
PL019,PL019_佛山市智龙科技有限公司迁扩建项目_01_受理公告或公示版.pdf,48,2,30,完整,1.0,保护 | 0.360 | / | 无组织 | / | / | / | / | 0.36 | 0.15 | /,,解析文本拼接_表格清洗增强_01_001-020.md,018_佛山市智龙科技有限公司迁扩建项目_01_受理公告或公示版
PL019,PL019_佛山市智龙科技有限公司迁扩建项目_01_受理公告或公示版.pdf,48,2,33,完整,1.0,投料、 | 物 | 0.099 | 0.099 | / | 无组织 | / | / | / | / | 0.09 | 0.64 | /,,解析文本拼接_表格清洗增强_01_001-020.md,018_佛山市智龙科技有限公司迁扩建项目_01_受理公告或公示版
PL019,PL019_佛山市智龙科技有限公司迁扩建项目_01_受理公告或公示版.pdf,48,2,36,完整,1.0,1.1 | 、源强 | 核算说明,,解析文本拼接_表格清洗增强_01_001-020.md,018_佛山市智龙科技有限公司迁扩建项目_01_受理公告或公示版
PL019,PL019_佛山市智龙科技有限公司迁扩建项目_01_受理公告或公示版.pdf,48,2,38,完整,1.0,① | 非甲烷 | 总烃,,解析文本拼接_表格清洗增强_01_001-020.md,018_佛山市智龙科技有限公司迁扩建项目_01_受理公告或公示版
PL019,PL019_佛山市智龙科技有限公司迁扩建项目_01_受理公告或公示版.pdf,48,2,39,完整,1.0,根 | 据《合 | 成树脂工 | 业污 | 染物排 | 放标准 | 》（G | B315 | 72-2015 | GB3 | 1572- | 2015 | ，含,,解析文本拼接_表格清洗增强_01_001-020.md,018_佛山市智龙科技有限公司迁扩建项目_01_受理公告或公示版
PL019,PL019_佛山市智龙科技有限公司迁扩建项目_01_受理公告或公示版.pdf,48,2,40,完整,1.0,"2 | 024年 | 修改单 | ），生产 | 过程使 | 用到 | ABS 需 | 对苯乙 | 烯、1 | ,3-丁二 | 烯、 | 丙烯 | 腈、甲 | 苯、",,解析文本拼接_表格清洗增强_01_001-020.md,018_佛山市智龙科技有限公司迁扩建项目_01_受理公告或公示版
PL019,PL019_佛山市智龙科技有限公司迁扩建项目_01_受理公告或公示版.pdf,48,2,44,完整,1.0,用的A | BS、PP | 、PC、 | TPU热 | 分解温 | 度分别 | 在273 | .9℃、 | 380℃ | 以上 | 、250 | ℃以 | 上、,,解析文本拼接_表格清洗增强_01_001-020.md,018_佛山市智龙科技有限公司迁扩建项目_01_受理公告或公示版
PL019,PL019_佛山市智龙科技有限公司迁扩建项目_01_受理公告或公示版.pdf,48,2,45,完整,1.0,2 | 40℃； | 根据《 | PVC 热 | 解过程 | 中 HC | l 的生成 | 及其 | 影响因 | 素》（ | 任浩 | 华， | 王帅 | ，王,,解析文本拼接_表格清洗增强_01_001-020.md,018_佛山市智龙科技有限公司迁扩建项目_01_受理公告或公示版
PL019,PL019_佛山市智龙科技有限公司迁扩建项目_01_受理公告或公示版.pdf,48,2,46,完整,1.0,芳杰， | 关杰， | 付晓恒； | 20120 | 9）、《 | 聚氯乙 | 烯热降 | 解机 | 理的理 | 论研 | 究》 | （潘桂 | 英；,,解析文本拼接_表格清洗增强_01_001-020.md,018_佛山市智龙科技有限公司迁扩建项目_01_受理公告或公示版
PL019,PL019_佛山市智龙科技有限公司迁扩建项目_01_受理公告或公示版.pdf,51,3,1,完整,1.0,（ | GB33372-2020），本体型 | 胶粘剂-鞋和箱包 | -聚氨酯类-VOC 含量限制≤50g/kg，,,解析文本拼接_表格清洗增强_01_001-020.md,018_佛山市智龙科技有限公司迁扩建项目_01_受理公告或公示版
PL019,PL019_佛山市智龙科技有限公司迁扩建项目_01_受理公告或公示版.pdf,51,3,2,完整,1.0,本 | 项目热熔胶VOCs 产生系 | 数为50g/kg。项目 | 使用热熔胶2t，则热熔胶熔融过程,,解析文本拼接_表格清洗增强_01_001-020.md,018_佛山市智龙科技有限公司迁扩建项目_01_受理公告或公示版
PL019,PL019_佛山市智龙科技有限公司迁扩建项目_01_受理公告或公示版.pdf,51,3,3,完整,1.0,有 | 机废气产生量为0.100t/a。 | 建设单位拟在滴胶 | 机生产工位设置包围型集气罩收集,,解析文本拼接_表格清洗增强_01_001-020.md,018_佛山市智龙科技有限公司迁扩建项目_01_受理公告或公示版
PL019,PL019_佛山市智龙科技有限公司迁扩建项目_01_受理公告或公示版.pdf,51,3,4,完整,1.0,后 | 经一套“干式过滤棉+活性 | 炭吸附”废气处 | 理设备处理后引至45米高排气筒,,解析文本拼接_表格清洗增强_01_001-020.md,018_佛山市智龙科技有限公司迁扩建项目_01_受理公告或公示版
PL019,PL019_佛山市智龙科技有限公司迁扩建项目_01_受理公告或公示版.pdf,51,3,5,完整,1.0,（ | DA001）高空排放，其余 | 无组织排放。,,解析文本拼接_表格清洗增强_01_001-020.md,018_佛山市智龙科技有限公司迁扩建项目_01_受理公告或公示版
PL019,PL019_佛山市智龙科技有限公司迁扩建项目_01_受理公告或公示版.pdf,51,3,8,完整,1.0,行 | 焊接处理，超声波焊接时 | 会产生少量的废气 | ，主要污染因子是非甲烷总烃。根,,解析文本拼接_表格清洗增强_01_001-020.md,018_佛山市智龙科技有限公司迁扩建项目_01_受理公告或公示版
PL019,PL019_佛山市智龙科技有限公司迁扩建项目_01_受理公告或公示版.pdf,51,3,9,完整,1.0,据 | 原项目实际运行经验，产 | 品需超声波焊接的 | 塑料配件较少，约占总塑料配件量,,解析文本拼接_表格清洗增强_01_001-020.md,018_佛山市智龙科技有限公司迁扩建项目_01_受理公告或公示版
PL019,PL019_佛山市智龙科技有限公司迁扩建项目_01_受理公告或公示版.pdf,51,3,10,完整,1.0,的 | 1%，项目产品中塑料的使 | 用量为575t/a， | 则焊接塑料量约5.75t/a，通过查阅生,,解析文本拼接_表格清洗增强_01_001-020.md,018_佛山市智龙科技有限公司迁扩建项目_01_受理公告或公示版
PL019,PL019_佛山市智龙科技有限公司迁扩建项目_01_受理公告或公示版.pdf,51,3,12,完整,1.0,焊 | 接过程在塑料材料上进行 | 焊接，其方式为熔 | 融状态下焊接，因此参考《排放源,,解析文本拼接_表格清洗增强_01_001-020.md,018_佛山市智龙科技有限公司迁扩建项目_01_受理公告或公示版
PL019,PL019_佛山市智龙科技有限公司迁扩建项目_01_受理公告或公示版.pdf,51,3,13,完整,1.0,统 | 计调查产排污核算方法和 | 系数手册-292 塑料 | 制品行业系数手册》中“2929塑料,,解析文本拼接_表格清洗增强_01_001-020.md,018_佛山市智龙科技有限公司迁扩建项目_01_受理公告或公示版
PL019,PL019_佛山市智龙科技有限公司迁扩建项目_01_受理公告或公示版.pdf,51,3,14,完整,1.0,零 | 件及其他塑料制品制造行 | 业系数表”-塑料零 | 件挤出的非甲烷总经产生系数为,,解析文本拼接_表格清洗增强_01_001-020.md,018_佛山市智龙科技有限公司迁扩建项目_01_受理公告或公示版
PL019,PL019_佛山市智龙科技有限公司迁扩建项目_01_受理公告或公示版.pdf,51,3,15,完整,1.0,2 | .70千克/吨-产品，则非甲烷 | 总烃产生量约为 | 0.016t/a，非甲烷总烃的产生速率为,,解析文本拼接_表格清洗增强_01_001-020.md,018_佛山市智龙科技有限公司迁扩建项目_01_受理公告或公示版
PL019,PL019_佛山市智龙科技有限公司迁扩建项目_01_受理公告或公示版.pdf,51,3,16,完整,1.0,0 | .007kg/h。建设单位拟在超 | 声波焊接机生产工 | 位设置包围型集气罩（通过软质垂,,解析文本拼接_表格清洗增强_01_001-020.md,018_佛山市智龙科技有限公司迁扩建项目_01_受理公告或公示版
PL019,PL019_佛山市智龙科技有限公司迁扩建项目_01_受理公告或公示版.pdf,51,3,17,完整,1.0,帘 | 四周围挡，偶有部分敞开 | ）收集后经一套“ | 干式过滤棉+活性炭吸附”废气处理,,解析文本拼接_表格清洗增强_01_001-020.md,018_佛山市智龙科技有限公司迁扩建项目_01_受理公告或公示版
PL019,PL019_佛山市智龙科技有限公司迁扩建项目_01_受理公告或公示版.pdf,51,3,18,完整,1.0,设 | 备处理后引至45米高排气 | 筒（DA001）高 | 空排放，其余无组织排放。,,解析文本拼接_表格清洗增强_01_001-020.md,018_佛山市智龙科技有限公司迁扩建项目_01_受理公告或公示版
PL019,PL019_佛山市智龙科技有限公司迁扩建项目_01_受理公告或公示版.pdf,51,3,20,完整,1.0,迁扩建后项目注塑、超 | 声波焊接工序会产 | 生少量异味，该异味污染因子以臭,,解析文本拼接_表格清洗增强_01_001-020.md,018_佛山市智龙科技有限公司迁扩建项目_01_受理公告或公示版
PL019,PL019_佛山市智龙科技有限公司迁扩建项目_01_受理公告或公示版.pdf,51,3,21,完整,1.0,气 | 浓度为表征。本文引用张 | 欢等在《恶臭污染 | 评价分级方法》中基于韦伯-费希纳,,解析文本拼接_表格清洗增强_01_001-020.md,018_佛山市智龙科技有限公司迁扩建项目_01_受理公告或公示版
PL019,PL019_佛山市智龙科技有限公司迁扩建项目_01_受理公告或公示版.pdf,51,3,22,完整,1.0,公 | 式所建立的臭气强度与臭 | 气浓度的关系，将 | 国外臭气强度 6级法与我国《恶臭,,解析文本拼接_表格清洗增强_01_001-020.md,018_佛山市智龙科技有限公司迁扩建项目_01_受理公告或公示版
PL019,PL019_佛山市智龙科技有限公司迁扩建项目_01_受理公告或公示版.pdf,51,3,23,完整,1.0,污 | 染物排放标准》（GB1455 | 4-1993）结合，该 | 分级法以臭气强度的嗅觉感觉和实,,解析文本拼接_表格清洗增强_01_001-020.md,018_佛山市智龙科技有限公司迁扩建项目_01_受理公告或公示版
PL019,PL019_佛山市智龙科技有限公司迁扩建项目_01_受理公告或公示版.pdf,51,3,25,完整,1.0,表4. | 2 与臭气强度相对 | 应的臭气浓度限值,,解析文本拼接_表格清洗增强_01_001-020.md,018_佛山市智龙科技有限公司迁扩建项目_01_受理公告或公示版
PL019,PL019_佛山市智龙科技有限公司迁扩建项目_01_受理公告或公示版.pdf,51,3,29,完整,1.0,0 0 | 10 | 未闻到有任何气味，无任何反应,,解析文本拼接_表格清洗增强_01_001-020.md,018_佛山市智龙科技有限公司迁扩建项目_01_受理公告或公示版
PL019,PL019_佛山市智龙科技有限公司迁扩建项目_01_受理公告或公示版.pdf,51,3,31,完整,1.0,1 1 | 23 | 质（感觉阀值）认为无所谓,,解析文本拼接_表格清洗增强_01_001-020.md,018_佛山市智龙科技有限公司迁扩建项目_01_受理公告或公示版
PL019,PL019_佛山市智龙科技有限公司迁扩建项目_01_受理公告或公示版.pdf,52,3,2,完整,1.0,2 | 2 | 51 | 别阀值），但感到很正常,,解析文本拼接_表格清洗增强_01_001-020.md,018_佛山市智龙科技有限公司迁扩建项目_01_受理公告或公示版
PL019,PL019_佛山市智龙科技有限公司迁扩建项目_01_受理公告或公示版.pdf,52,3,3,完整,1.0,3 | 3 | 117 | 很容易闻到气味，有所不快，但不反感,,解析文本拼接_表格清洗增强_01_001-020.md,018_佛山市智龙科技有限公司迁扩建项目_01_受理公告或公示版
PL019,PL019_佛山市智龙科技有限公司迁扩建项目_01_受理公告或公示版.pdf,52,3,4,完整,1.0,4 | 4 | 265 | 有很强的气味，很反感，想离开,,解析文本拼接_表格清洗增强_01_001-020.md,018_佛山市智龙科技有限公司迁扩建项目_01_受理公告或公示版
PL019,PL019_佛山市智龙科技有限公司迁扩建项目_01_受理公告或公示版.pdf,52,3,5,完整,1.0,5 | 5 | 600 | 有极强的气味，无法忍受，立即逃跑,,解析文本拼接_表格清洗增强_01_001-020.md,018_佛山市智龙科技有限公司迁扩建项目_01_受理公告或公示版
PL019,PL019_佛山市智龙科技有限公司迁扩建项目_01_受理公告或公示版.pdf,52,3,6,完整,1.0,类比同类型 | 项目，迁扩建后项 | 目注塑、超 | 声波焊接工序异味强度一般在1~2,,解析文本拼接_表格清洗增强_01_001-020.md,018_佛山市智龙科技有限公司迁扩建项目_01_受理公告或公示版
PL019,PL019_佛山市智龙科技有限公司迁扩建项目_01_受理公告或公示版.pdf,52,3,7,完整,1.0,级 | 臭气浓度随注 | 塑废气、超声波焊 | 接废气由包 | 围型集气罩（通过软质垂帘四周围,,解析文本拼接_表格清洗增强_01_001-020.md,018_佛山市智龙科技有限公司迁扩建项目_01_受理公告或公示版
PL019,PL019_佛山市智龙科技有限公司迁扩建项目_01_受理公告或公示版.pdf,52,3,8,完整,1.0,挡 | ，偶有部分敞 | 开）收集后经一套 | “干式过滤 | 棉+活性炭吸附”废气处理设备处理，,,解析文本拼接_表格清洗增强_01_001-020.md,018_佛山市智龙科技有限公司迁扩建项目_01_受理公告或公示版
PL019,PL019_佛山市智龙科技有限公司迁扩建项目_01_受理公告或公示版.pdf,52,3,9,完整,1.0,再 | 引至一根45米 | 高排气筒（DA00 | 1）高空排 | 放，其余无组织排放。臭气产生量较,,解析文本拼接_表格清洗增强_01_001-020.md,018_佛山市智龙科技有限公司迁扩建项目_01_受理公告或公示版
PL019,PL019_佛山市智龙科技有限公司迁扩建项目_01_受理公告或公示版.pdf,52,3,10,完整,1.0,轻 | 微，本环评不 | 作定量分析，仅作 | 定性分析， | 预计项目排气筒（DA001）臭气浓,,解析文本拼接_表格清洗增强_01_001-020.md,018_佛山市智龙科技有限公司迁扩建项目_01_受理公告或公示版
PL019,PL019_佛山市智龙科技有限公司迁扩建项目_01_受理公告或公示版.pdf,52,3,11,完整,1.0,度 | ≤40000（无量 | 纲），厂界臭气浓 | 度≤20（无 | 量纲）。,,解析文本拼接_表格清洗增强_01_001-020.md,018_佛山市智龙科技有限公司迁扩建项目_01_受理公告或公示版
PL019,PL019_佛山市智龙科技有限公司迁扩建项目_01_受理公告或公示版.pdf,52,3,12,完整,1.0,1.2、废气治 | 理措施可行性分 | 析,,解析文本拼接_表格清洗增强_01_001-020.md,018_佛山市智龙科技有限公司迁扩建项目_01_受理公告或公示版
PL019,PL019_佛山市智龙科技有限公司迁扩建项目_01_受理公告或公示版.pdf,52,3,13,完整,1.0,（1）集气设 | 施设置情况,,解析文本拼接_表格清洗增强_01_001-020.md,018_佛山市智龙科技有限公司迁扩建项目_01_受理公告或公示版
PL019,PL019_佛山市智龙科技有限公司迁扩建项目_01_受理公告或公示版.pdf,52,3,16,完整,1.0,废 | 气直接在设备 | 塑料射出口进行收 | 集，按照《 | 佛山市塑胶行业建设项目环评文件,,解析文本拼接_表格清洗增强_01_001-020.md,018_佛山市智龙科技有限公司迁扩建项目_01_受理公告或公示版
PL019,PL019_佛山市智龙科技有限公司迁扩建项目_01_受理公告或公示版.pdf,52,3,17,完整,1.0,编 | 制技术参考指 | 南（试行）》中附 | 表5的计算 | 公式，包围型集气罩（三面围挡）,,解析文本拼接_表格清洗增强_01_001-020.md,018_佛山市智龙科技有限公司迁扩建项目_01_受理公告或公示版
PL019,PL019_佛山市智龙科技有限公司迁扩建项目_01_受理公告或公示版.pdf,53,2,1,完整,1.0,"污染源 | 设备数量
（台） | W（m） | H（m） | 每个集气罩风量
（m3/h）",,解析文本拼接_表格清洗增强_01_001-020.md,018_佛山市智龙科技有限公司迁扩建项目_01_受理公告或公示版
PL019,PL019_佛山市智龙科技有限公司迁扩建项目_01_受理公告或公示版.pdf,53,2,2,完整,1.0,注塑机 | 18 | 1.3 | 0.2 | 561.6,,解析文本拼接_表格清洗增强_01_001-020.md,018_佛山市智龙科技有限公司迁扩建项目_01_受理公告或公示版
PL019,PL019_佛山市智龙科技有限公司迁扩建项目_01_受理公告或公示版.pdf,53,2,3,完整,1.0,挤出机 | 2 | 1.3 | 0.2 | 561.6,,解析文本拼接_表格清洗增强_01_001-020.md,018_佛山市智龙科技有限公司迁扩建项目_01_受理公告或公示版
PL019,PL019_佛山市智龙科技有限公司迁扩建项目_01_受理公告或公示版.pdf,53,2,4,完整,1.0,浸锡炉 | 1 | 1 | 0.2 | 432,,解析文本拼接_表格清洗增强_01_001-020.md,018_佛山市智龙科技有限公司迁扩建项目_01_受理公告或公示版
PL019,PL019_佛山市智龙科技有限公司迁扩建项目_01_受理公告或公示版.pdf,53,2,5,完整,1.0,电烙铁 | 16 | 0.4 | 0.1 | 86.4,,解析文本拼接_表格清洗增强_01_001-020.md,018_佛山市智龙科技有限公司迁扩建项目_01_受理公告或公示版
PL019,PL019_佛山市智龙科技有限公司迁扩建项目_01_受理公告或公示版.pdf,53,2,6,完整,1.0,滴胶机 | 3 | 1.2 | 0.2 | 518.4,,解析文本拼接_表格清洗增强_01_001-020.md,018_佛山市智龙科技有限公司迁扩建项目_01_受理公告或公示版
PL019,PL019_佛山市智龙科技有限公司迁扩建项目_01_受理公告或公示版.pdf,53,2,7,完整,1.0,"超声波
焊接机 | 2 | 1.2 | 0.2 | 518.4",,解析文本拼接_表格清洗增强_01_001-020.md,018_佛山市智龙科技有限公司迁扩建项目_01_受理公告或公示版
PL019,PL019_佛山市智龙科技有限公司迁扩建项目_01_受理公告或公示版.pdf,53,3,1,完整,1.0,废气收集方式 | 情况说明,,解析文本拼接_表格清洗增强_01_001-020.md,018_佛山市智龙科技有限公司迁扩建项目_01_受理公告或公示版
PL019,PL019_佛山市智龙科技有限公司迁扩建项目_01_受理公告或公示版.pdf,53,4,1,完整,1.0,设备数量 | 每个集气罩风量 | 设计风量,,解析文本拼接_表格清洗增强_01_001-020.md,018_佛山市智龙科技有限公司迁扩建项目_01_受理公告或公示版
PL019,PL019_佛山市智龙科技有限公司迁扩建项目_01_受理公告或公示版.pdf,53,4,2,完整,1.0,污染源 | （ ） | （ ）,,解析文本拼接_表格清洗增强_01_001-020.md,018_佛山市智龙科技有限公司迁扩建项目_01_受理公告或公示版
PL019,PL019_佛山市智龙科技有限公司迁扩建项目_01_受理公告或公示版.pdf,53,4,3,疑似缺失,0.6,"W
（台） | m H | m | （ 3 ） | （ 3 ）","W
（台）；m H",解析文本拼接_表格清洗增强_01_001-020.md,018_佛山市智龙科技有限公司迁扩建项目_01_受理公告或公示版
PL019,PL019_佛山市智龙科技有限公司迁扩建项目_01_受理公告或公示版.pdf,53,4,5,完整,1.0,注塑机 | 18 | 1.3 | 0.2 | 561.6 | 10108.8,,解析文本拼接_表格清洗增强_01_001-020.md,018_佛山市智龙科技有限公司迁扩建项目_01_受理公告或公示版
PL019,PL019_佛山市智龙科技有限公司迁扩建项目_01_受理公告或公示版.pdf,53,4,6,完整,1.0,挤出机 | 2 | 1.3 | 0.2 | 561.6 | 1123.2,,解析文本拼接_表格清洗增强_01_001-020.md,018_佛山市智龙科技有限公司迁扩建项目_01_受理公告或公示版
PL019,PL019_佛山市智龙科技有限公司迁扩建项目_01_受理公告或公示版.pdf,53,4,7,完整,1.0,浸锡炉 | 1 | 1 | 0.2 | 432 | 432,,解析文本拼接_表格清洗增强_01_001-020.md,018_佛山市智龙科技有限公司迁扩建项目_01_受理公告或公示版
PL019,PL019_佛山市智龙科技有限公司迁扩建项目_01_受理公告或公示版.pdf,53,4,8,完整,1.0,电烙铁 | 16 | 0.4 | 0.1 | 86.4 | 1382.4,,解析文本拼接_表格清洗增强_01_001-020.md,018_佛山市智龙科技有限公司迁扩建项目_01_受理公告或公示版
PL019,PL019_佛山市智龙科技有限公司迁扩建项目_01_受理公告或公示版.pdf,53,4,9,完整,1.0,滴胶机 | 3 | 1.2 | 0.2 | 518.4 | 1555.2,,解析文本拼接_表格清洗增强_01_001-020.md,018_佛山市智龙科技有限公司迁扩建项目_01_受理公告或公示版
PL019,PL019_佛山市智龙科技有限公司迁扩建项目_01_受理公告或公示版.pdf,53,4,11,完整,1.0,焊接机 | 2 | 1.2 | 0.2 | 518.4 | 1036.8,,解析文本拼接_表格清洗增强_01_001-020.md,018_佛山市智龙科技有限公司迁扩建项目_01_受理公告或公示版
PL019,PL019_佛山市智龙科技有限公司迁扩建项目_01_受理公告或公示版.pdf,53,4,12,完整,1.0,设计风量宜 | 按照最大废气 | 排放量的 | 120%进行设计 | 20000,,解析文本拼接_表格清洗增强_01_001-020.md,018_佛山市智龙科技有限公司迁扩建项目_01_受理公告或公示版
PL019,PL019_佛山市智龙科技有限公司迁扩建项目_01_受理公告或公示版.pdf,53,4,13,完整,1.0,废气收集 | 效率,,解析文本拼接_表格清洗增强_01_001-020.md,018_佛山市智龙科技有限公司迁扩建项目_01_受理公告或公示版
PL019,PL019_佛山市智龙科技有限公司迁扩建项目_01_受理公告或公示版.pdf,53,4,14,完整,1.0,废气产生 | 点上方废气 | 产生位置设 | 置包围型 | 集气罩（通过软 | 质垂帘四周围,,解析文本拼接_表格清洗增强_01_001-020.md,018_佛山市智龙科技有限公司迁扩建项目_01_受理公告或公示版
PL019,PL019_佛山市智龙科技有限公司迁扩建项目_01_受理公告或公示版.pdf,53,4,15,完整,1.0,部分敞开 | ），控制面速 | 度为 0.5m | /s。根据 | 《广东省工业源 | 挥发性有机物,,解析文本拼接_表格清洗增强_01_001-020.md,018_佛山市智龙科技有限公司迁扩建项目_01_受理公告或公示版
PL019,PL019_佛山市智龙科技有限公司迁扩建项目_01_受理公告或公示版.pdf,53,4,16,完整,1.0,算方法（ | 2023年修订 | 版）》表3 | .3-2“废气 | 收集集气效率参 | 考值”中“包围,,解析文本拼接_表格清洗增强_01_001-020.md,018_佛山市智龙科技有限公司迁扩建项目_01_受理公告或公示版
PL019,PL019_佛山市智龙科技有限公司迁扩建项目_01_受理公告或公示版.pdf,53,4,17,完整,1.0,（通过软 | 质垂帘四周 | 围档，偶有 | 部分敞开 | ）”的收集效率 | 为50%。,,解析文本拼接_表格清洗增强_01_001-020.md,018_佛山市智龙科技有限公司迁扩建项目_01_受理公告或公示版
PL019,PL019_佛山市智龙科技有限公司迁扩建项目_01_受理公告或公示版.pdf,53,4,18,完整,1.0,表4.4 | 废气收集 | 集气效率参 | 考值,,解析文本拼接_表格清洗增强_01_001-020.md,018_佛山市智龙科技有限公司迁扩建项目_01_受理公告或公示版
PL019,PL019_佛山市智龙科技有限公司迁扩建项目_01_受理公告或公示版.pdf,53,4,19,完整,1.0,类型 | 废气收集方式 | 情况 | 说明 | 收集效率（%）,,解析文本拼接_表格清洗增强_01_001-020.md,018_佛山市智龙科技有限公司迁扩建项目_01_受理公告或公示版
PL019,PL019_佛山市智龙科技有限公司迁扩建项目_01_受理公告或公示版.pdf,54,2,1,完整,1.0,"单层密闭负压 | VOCs 产生源设置在密闭车
间、密闭设备（含反应釜）、
密闭管道内，所有开口处，包
括人员或物料进出口处呈负压",,解析文本拼接_表格清洗增强_01_001-020.md,018_佛山市智龙科技有限公司迁扩建项目_01_受理公告或公示版
PL019,PL019_佛山市智龙科技有限公司迁扩建项目_01_受理公告或公示版.pdf,54,2,2,完整,1.0,"单层密闭正压 | VOCs产生源设置在密闭车间
内，所有开口处，包括人员或
物料进出口处呈正压，且无明
显泄漏点",,解析文本拼接_表格清洗增强_01_001-020.md,018_佛山市智龙科技有限公司迁扩建项目_01_受理公告或公示版
PL019,PL019_佛山市智龙科技有限公司迁扩建项目_01_受理公告或公示版.pdf,54,2,4,完整,1.0,"设备废气排口直连 | 设备有固定排放管（或口）直
接与风管连接，设备整体密闭
只留产品进出口，且进出口处
有废气收集措施，收集系统运
行时周边基本无VOCs散发。",,解析文本拼接_表格清洗增强_01_001-020.md,018_佛山市智龙科技有限公司迁扩建项目_01_受理公告或公示版
PL019,PL019_佛山市智龙科技有限公司迁扩建项目_01_受理公告或公示版.pdf,54,2,5,完整,1.0,"污染物产生点(或生产
设施)四周及上下有围
挡设施，符合以下两
种情况：
1、仅保留1个操作工
位面；
2、仅保留物料进出
通道，通道敞开面小
于1个操作工位面。 | 敞开面控制风速不小于0.3m/s",,解析文本拼接_表格清洗增强_01_001-020.md,018_佛山市智龙科技有限公司迁扩建项目_01_受理公告或公示版
PL019,PL019_佛山市智龙科技有限公司迁扩建项目_01_受理公告或公示版.pdf,54,2,7,完整,1.0,"通过软质垂帘四周围
挡(偶有部分敞开) | 敞开面控制风速不小于0.3m/s",,解析文本拼接_表格清洗增强_01_001-020.md,018_佛山市智龙科技有限公司迁扩建项目_01_受理公告或公示版
PL019,PL019_佛山市智龙科技有限公司迁扩建项目_01_受理公告或公示版.pdf,54,2,9,完整,1.0,"—— | 相应工位所有VOCs逸散点控
制风速不小于0.3m/s",,解析文本拼接_表格清洗增强_01_001-020.md,018_佛山市智龙科技有限公司迁扩建项目_01_受理公告或公示版
PL019,PL019_佛山市智龙科技有限公司迁扩建项目_01_受理公告或公示版.pdf,54,2,11,完整,1.0,"/ | 1、无集气设施；2、集气设施
运行不正常",,解析文本拼接_表格清洗增强_01_001-020.md,018_佛山市智龙科技有限公司迁扩建项目_01_受理公告或公示版
PL019,PL019_佛山市智龙科技有限公司迁扩建项目_01_受理公告或公示版.pdf,54,3,9,完整,1.0,物料进出口处呈正压，且无明 | 80,,解析文本拼接_表格清洗增强_01_001-020.md,018_佛山市智龙科技有限公司迁扩建项目_01_受理公告或公示版
PL019,PL019_佛山市智龙科技有限公司迁扩建项目_01_受理公告或公示版.pdf,54,3,10,疑似缺失,0.5,全密 | 封设备空,封设备空,解析文本拼接_表格清洗增强_01_001-020.md,018_佛山市智龙科技有限公司迁扩建项目_01_受理公告或公示版
PL019,PL019_佛山市智龙科技有限公司迁扩建项目_01_受理公告或公示版.pdf,54,3,19,完整,1.0,设备废气排口直连 | 只留产品进出口，且进出口处 | 95,,解析文本拼接_表格清洗增强_01_001-020.md,018_佛山市智龙科技有限公司迁扩建项目_01_受理公告或公示版
PL019,PL019_佛山市智龙科技有限公司迁扩建项目_01_受理公告或公示版.pdf,54,3,24,完整,1.0,挡设施，符合以下两 | 敞开面控制风速不小于0.3m/s | 65,,解析文本拼接_表格清洗增强_01_001-020.md,018_佛山市智龙科技有限公司迁扩建项目_01_受理公告或公示版
PL019,PL019_佛山市智龙科技有限公司迁扩建项目_01_受理公告或公示版.pdf,54,3,30,完整,1.0,2、仅保留物料进出 | 敞开面控制风速小于0.3m/s | 0,,解析文本拼接_表格清洗增强_01_001-020.md,018_佛山市智龙科技有限公司迁扩建项目_01_受理公告或公示版
PL019,PL019_佛山市智龙科技有限公司迁扩建项目_01_受理公告或公示版.pdf,54,3,33,完整,1.0,通过软质垂帘四周围 | 敞开面控制风速不小于0.3m/s | 50,,解析文本拼接_表格清洗增强_01_001-020.md,018_佛山市智龙科技有限公司迁扩建项目_01_受理公告或公示版
PL019,PL019_佛山市智龙科技有限公司迁扩建项目_01_受理公告或公示版.pdf,54,3,35,完整,1.0,挡(偶有部分敞开) | 敞开面控制风速小于0.3m/s | 0,,解析文本拼接_表格清洗增强_01_001-020.md,018_佛山市智龙科技有限公司迁扩建项目_01_受理公告或公示版
PL019,PL019_佛山市智龙科技有限公司迁扩建项目_01_受理公告或公示版.pdf,54,3,37,完整,1.0,制风速不小于 | 30,,解析文本拼接_表格清洗增强_01_001-020.md,018_佛山市智龙科技有限公司迁扩建项目_01_受理公告或公示版
PL019,PL019_佛山市智龙科技有限公司迁扩建项目_01_受理公告或公示版.pdf,54,3,38,完整,1.0,外部 | 型集气设 | 0.3m/s,,解析文本拼接_表格清洗增强_01_001-020.md,018_佛山市智龙科技有限公司迁扩建项目_01_受理公告或公示版
PL019,PL019_佛山市智龙科技有限公司迁扩建项目_01_受理公告或公示版.pdf,54,3,40,完整,1.0,备 | —— | VOCs,,解析文本拼接_表格清洗增强_01_001-020.md,018_佛山市智龙科技有限公司迁扩建项目_01_受理公告或公示版
PL019,PL019_佛山市智龙科技有限公司迁扩建项目_01_受理公告或公示版.pdf,54,3,41,完整,1.0,制风速小于0.3m/s，或存在强对 | 0,,解析文本拼接_表格清洗增强_01_001-020.md,018_佛山市智龙科技有限公司迁扩建项目_01_受理公告或公示版
PL019,PL019_佛山市智龙科技有限公司迁扩建项目_01_受理公告或公示版.pdf,54,3,47,完整,1.0,（3）废气处 | 理效率,,解析文本拼接_表格清洗增强_01_001-020.md,018_佛山市智龙科技有限公司迁扩建项目_01_受理公告或公示版
PL019,PL019_佛山市智龙科技有限公司迁扩建项目_01_受理公告或公示版.pdf,54,3,48,完整,1.0,①参考《汽 | 车制造工业污染防治 | 可行性技术指南》（HJ 1097—202 | 0）,,解析文本拼接_表格清洗增强_01_001-020.md,018_佛山市智龙科技有限公司迁扩建项目_01_受理公告或公示版
PL019,PL019_佛山市智龙科技有限公司迁扩建项目_01_受理公告或公示版.pdf,54,3,49,完整,1.0,气 | 污染治理技 | 术及去除效率一览表 | 可知，化学纤维过滤的去除效率为 | 80,,解析文本拼接_表格清洗增强_01_001-020.md,018_佛山市智龙科技有限公司迁扩建项目_01_受理公告或公示版
PL019,PL019_佛山市智龙科技有限公司迁扩建项目_01_受理公告或公示版.pdf,54,3,50,完整,1.0,目 | 锡及其化合 | 物的处理效率取80% | 。,,解析文本拼接_表格清洗增强_01_001-020.md,018_佛山市智龙科技有限公司迁扩建项目_01_受理公告或公示版
PL019,PL019_佛山市智龙科技有限公司迁扩建项目_01_受理公告或公示版.pdf,54,3,51,完整,1.0,②根据《主 | 要污染物总量减排核 | 算技术指南》（2022 年修订）表 | 2-3,,解析文本拼接_表格清洗增强_01_001-020.md,018_佛山市智龙科技有限公司迁扩建项目_01_受理公告或公示版
PL019,PL019_佛山市智龙科技有限公司迁扩建项目_01_受理公告或公示版.pdf,54,3,53,完整,1.0,集中 | 再生并活化 | ”的VOCs 去除率为 | 50%，本项目单级活性炭吸附装置 | 处,,解析文本拼接_表格清洗增强_01_001-020.md,018_佛山市智龙科技有限公司迁扩建项目_01_受理公告或公示版
PL019,PL019_佛山市智龙科技有限公司迁扩建项目_01_受理公告或公示版.pdf,54,3,54,完整,1.0,照 | 50%计算。,,解析文本拼接_表格清洗增强_01_001-020.md,018_佛山市智龙科技有限公司迁扩建项目_01_受理公告或公示版
PL019,PL019_佛山市智龙科技有限公司迁扩建项目_01_受理公告或公示版.pdf,54,3,55,完整,1.0,参考《排污 | 许可证申请与核发技术 | 规范 橡胶和塑料制品工业》（HJ1 | 122,,解析文本拼接_表格清洗增强_01_001-020.md,018_佛山市智龙科技有限公司迁扩建项目_01_受理公告或公示版
PL019,PL019_佛山市智龙科技有限公司迁扩建项目_01_受理公告或公示版.pdf,55,1,2,完整,1.0,"污染源 | 污染物 | 排放浓度
（mg/m3） | 排放速率
（kg/h） | 执行标准 | 最高允许排
放浓度
（mg/m3） | 达标情
况",,解析文本拼接_表格清洗增强_01_001-020.md,018_佛山市智龙科技有限公司迁扩建项目_01_受理公告或公示版
PL019,PL019_佛山市智龙科技有限公司迁扩建项目_01_受理公告或公示版.pdf,55,1,3,完整,1.0,"DA001 | 锡及其化合
物 | 0.001 | 0.00002 | DB444/27-20
01 | 8.5 | 达标",,解析文本拼接_表格清洗增强_01_001-020.md,018_佛山市智龙科技有限公司迁扩建项目_01_受理公告或公示版
PL019,PL019_佛山市智龙科技有限公司迁扩建项目_01_受理公告或公示版.pdf,55,1,4,完整,1.0,"非甲烷总烃 | 8.17 | 0.163 | GB31572-201
5与
DB44/2367-2
022的较严值 | 80 | 达标",,解析文本拼接_表格清洗增强_01_001-020.md,018_佛山市智龙科技有限公司迁扩建项目_01_受理公告或公示版
PL019,PL019_佛山市智龙科技有限公司迁扩建项目_01_受理公告或公示版.pdf,55,1,5,完整,1.0,"VOCs | 4.27 | 0.085 | DB44/2367-2
022 | 100 | 达标",,解析文本拼接_表格清洗增强_01_001-020.md,018_佛山市智龙科技有限公司迁扩建项目_01_受理公告或公示版
PL019,PL019_佛山市智龙科技有限公司迁扩建项目_01_受理公告或公示版.pdf,55,1,6,完整,1.0,"臭气浓度 | / | / | GB14554-93 | 40000（无量
纲） | 达标",,解析文本拼接_表格清洗增强_01_001-020.md,018_佛山市智龙科技有限公司迁扩建项目_01_受理公告或公示版
PL019,PL019_佛山市智龙科技有限公司迁扩建项目_01_受理公告或公示版.pdf,56,1,2,完整,1.0,"非正常排
放源 | 非正常
排放原
因 | 污染物 | 非正常排放
浓度/(mg/m3) | 非正常排放
速率/(kg/h） | 单次持续
时间/h | 年发生
频次/次 | 应对措施",,解析文本拼接_表格清洗增强_01_001-020.md,018_佛山市智龙科技有限公司迁扩建项目_01_受理公告或公示版
PL019,PL019_佛山市智龙科技有限公司迁扩建项目_01_受理公告或公示版.pdf,56,1,3,完整,1.0,"注塑 | 治理设
施故障 | 非甲烷总烃 | 16.3 | 0.327 | 1 | 1 | 定期检查设
备，发现问题
立即停止生产",,解析文本拼接_表格清洗增强_01_001-020.md,018_佛山市智龙科技有限公司迁扩建项目_01_受理公告或公示版
PL019,PL019_佛山市智龙科技有限公司迁扩建项目_01_受理公告或公示版.pdf,56,1,4,完整,1.0,"浸锡、组
装 | VOCs | 8.54 | 0.171 | 1 | 1 | 定期检查设
备，发现问题
立即停止生产",,解析文本拼接_表格清洗增强_01_001-020.md,018_佛山市智龙科技有限公司迁扩建项目_01_受理公告或公示版
PL019,PL019_佛山市智龙科技有限公司迁扩建项目_01_受理公告或公示版.pdf,56,1,7,完整,1.0,监测点位 | 监测因子 | 监测频次 | 执行标准,,解析文本拼接_表格清洗增强_01_001-020.md,018_佛山市智龙科技有限公司迁扩建项目_01_受理公告或公示版
PL019,PL019_佛山市智龙科技有限公司迁扩建项目_01_受理公告或公示版.pdf,56,1,8,完整,1.0,"排气筒
（DA001
）监测口 | 非甲烷总烃 | 每半年一次 | 《合成树脂工业污染物排放标准》
（GB31572-2015，含2024年修改单）中表
4大气污染物排放标准与《固定污染源挥发
性有机物综合排放标准》（DB44/2367-2022）
表1挥发性有机物排放限值的较严值",,解析文本拼接_表格清洗增强_01_001-020.md,018_佛山市智龙科技有限公司迁扩建项目_01_受理公告或公示版
PL019,PL019_佛山市智龙科技有限公司迁扩建项目_01_受理公告或公示版.pdf,56,1,9,完整,1.0,"VOCs | 每年一次 | 广东省《固定污染源挥发性有机物综合排放
标准》（DB44/2367-2022）表1挥发性有机
物排放限值",,解析文本拼接_表格清洗增强_01_001-020.md,018_佛山市智龙科技有限公司迁扩建项目_01_受理公告或公示版
PL019,PL019_佛山市智龙科技有限公司迁扩建项目_01_受理公告或公示版.pdf,56,1,10,完整,1.0,"锡及其化合物 | 每年一次 | 广东省地方标准《大气污染物排放限值》
（DB44/27-2001）中第二时段二级标准",,解析文本拼接_表格清洗增强_01_001-020.md,018_佛山市智龙科技有限公司迁扩建项目_01_受理公告或公示版
PL019,PL019_佛山市智龙科技有限公司迁扩建项目_01_受理公告或公示版.pdf,56,1,11,完整,1.0,"臭气浓度 | 每年一次 | 臭气浓度排放执行《恶臭污染物排放标准》
（GB14554-93）中表2恶臭污染物排放标准
值",,解析文本拼接_表格清洗增强_01_001-020.md,018_佛山市智龙科技有限公司迁扩建项目_01_受理公告或公示版
PL019,PL019_佛山市智龙科技有限公司迁扩建项目_01_受理公告或公示版.pdf,56,1,12,完整,1.0,"厂界上、
下风向 | 臭气浓度 | 每年一次 | 臭气浓度排放执行《恶臭污染物排放标准》
（GB14554-93）表1恶臭污染物厂界标准值
的二级新扩改建标准",,解析文本拼接_表格清洗增强_01_001-020.md,018_佛山市智龙科技有限公司迁扩建项目_01_受理公告或公示版
PL019,PL019_佛山市智龙科技有限公司迁扩建项目_01_受理公告或公示版.pdf,56,1,13,完整,1.0,"锡及其化合物、颗粒物 | 每年一次 | 广东省地方标准《大气污染物排放限值》
（DB44/27-2001）中第二时段无组织排放浓
度监控限值",,解析文本拼接_表格清洗增强_01_001-020.md,018_佛山市智龙科技有限公司迁扩建项目_01_受理公告或公示版
PL019,PL019_佛山市智龙科技有限公司迁扩建项目_01_受理公告或公示版.pdf,56,2,1,完整,1.0,表4.6 | 非正 | 常排放参数表,,解析文本拼接_表格清洗增强_01_001-020.md,018_佛山市智龙科技有限公司迁扩建项目_01_受理公告或公示版
PL019,PL019_佛山市智龙科技有限公司迁扩建项目_01_受理公告或公示版.pdf,56,2,4,完整,1.0,排放原 | 污染物 | 应对措施,,解析文本拼接_表格清洗增强_01_001-020.md,018_佛山市智龙科技有限公司迁扩建项目_01_受理公告或公示版
PL019,PL019_佛山市智龙科技有限公司迁扩建项目_01_受理公告或公示版.pdf,56,2,5,疑似缺失,0.5,放源 | 浓 | 度 | 3 速 | 率 ） 时间 | 频次次,3 速；率 ） 时间；频次次,解析文本拼接_表格清洗增强_01_001-020.md,018_佛山市智龙科技有限公司迁扩建项目_01_受理公告或公示版
PL019,PL019_佛山市智龙科技有限公司迁扩建项目_01_受理公告或公示版.pdf,56,2,8,完整,1.0,注塑 | 非甲烷总烃 | 16.3 | 0.327 1 | 1 | 备，发现问题,,解析文本拼接_表格清洗增强_01_001-020.md,018_佛山市智龙科技有限公司迁扩建项目_01_受理公告或公示版
PL019,PL019_佛山市智龙科技有限公司迁扩建项目_01_受理公告或公示版.pdf,56,2,13,完整,1.0,装 | VOCs | 8.54 | 0.171 1 | 1,,解析文本拼接_表格清洗增强_01_001-020.md,018_佛山市智龙科技有限公司迁扩建项目_01_受理公告或公示版
PL019,PL019_佛山市智龙科技有限公司迁扩建项目_01_受理公告或公示版.pdf,56,2,15,完整,1.0,注：非正 | 常 | 排放按有 | 机废气治理效率 | 为0% | 。,,解析文本拼接_表格清洗增强_01_001-020.md,018_佛山市智龙科技有限公司迁扩建项目_01_受理公告或公示版
PL019,PL019_佛山市智龙科技有限公司迁扩建项目_01_受理公告或公示版.pdf,56,2,16,完整,1.0,根据 | 工程分 | 析，企业需要做 | 好废气 | 设施 | 的巡检，按照管理 | 要求定 | 期监测废气，,,解析文本拼接_表格清洗增强_01_001-020.md,018_佛山市智龙科技有限公司迁扩建项目_01_受理公告或公示版
PL019,PL019_佛山市智龙科技有限公司迁扩建项目_01_受理公告或公示版.pdf,56,2,17,完整,1.0,确保处理 | 设施能 | 正常运行，发 | 生异常 | 时，应 | 及时停止生产，待 | 处理设 | 备运行稳定,,解析文本拼接_表格清洗增强_01_001-020.md,018_佛山市智龙科技有限公司迁扩建项目_01_受理公告或公示版
PL019,PL019_佛山市智龙科技有限公司迁扩建项目_01_受理公告或公示版.pdf,56,2,18,完整,1.0,正常后， | 才恢复 | 生产，预计废 | 气污染 | 物排放 | 对区域大气环境和 | 环境敏 | 感目标影响,,解析文本拼接_表格清洗增强_01_001-020.md,018_佛山市智龙科技有限公司迁扩建项目_01_受理公告或公示版
PL019,PL019_佛山市智龙科技有限公司迁扩建项目_01_受理公告或公示版.pdf,56,2,20,完整,1.0,1.5、 | 监测计 | 划,,解析文本拼接_表格清洗增强_01_001-020.md,018_佛山市智龙科技有限公司迁扩建项目_01_受理公告或公示版
PL019,PL019_佛山市智龙科技有限公司迁扩建项目_01_受理公告或公示版.pdf,56,2,21,完整,1.0,本项 | 目为非 | 重点排污单位 | ，根据《 | 排污 | 单位自行监测技术 | 指南 橡 | 胶和塑料制,,解析文本拼接_表格清洗增强_01_001-020.md,018_佛山市智龙科技有限公司迁扩建项目_01_受理公告或公示版
PL019,PL019_佛山市智龙科技有限公司迁扩建项目_01_受理公告或公示版.pdf,56,2,22,完整,1.0,品》（HJ | 1 | 207-20 | 21），本项目 | 废气由 | 建设 | 单位委托有资质的环 | 境监测 | 单位进行监,,解析文本拼接_表格清洗增强_01_001-020.md,018_佛山市智龙科技有限公司迁扩建项目_01_受理公告或公示版
PL019,PL019_佛山市智龙科技有限公司迁扩建项目_01_受理公告或公示版.pdf,56,2,24,完整,1.0,表 | 4.7 监 | 测计 | 划一览表,,解析文本拼接_表格清洗增强_01_001-020.md,018_佛山市智龙科技有限公司迁扩建项目_01_受理公告或公示版
PL019,PL019_佛山市智龙科技有限公司迁扩建项目_01_受理公告或公示版.pdf,56,2,25,完整,1.0,监测点位 | 监 | 测因子 | 监测频 | 次 | 执行 | 标准,,解析文本拼接_表格清洗增强_01_001-020.md,018_佛山市智龙科技有限公司迁扩建项目_01_受理公告或公示版
PL019,PL019_佛山市智龙科技有限公司迁扩建项目_01_受理公告或公示版.pdf,56,2,26,完整,1.0,《合成树脂工业 | 污染物排 | 放标准》,,解析文本拼接_表格清洗增强_01_001-020.md,018_佛山市智龙科技有限公司迁扩建项目_01_受理公告或公示版
PL019,PL019_佛山市智龙科技有限公司迁扩建项目_01_受理公告或公示版.pdf,56,2,27,完整,1.0,（GB31572-2015，含 | 2024年 | 修改单）中表,,解析文本拼接_表格清洗增强_01_001-020.md,018_佛山市智龙科技有限公司迁扩建项目_01_受理公告或公示版
PL019,PL019_佛山市智龙科技有限公司迁扩建项目_01_受理公告或公示版.pdf,56,2,28,完整,1.0,非甲 | 烷总烃 | 每半年 | 一次 | 4大气污染物排放标 | 准与《固 | 定污染源挥发,,解析文本拼接_表格清洗增强_01_001-020.md,018_佛山市智龙科技有限公司迁扩建项目_01_受理公告或公示版
PL019,PL019_佛山市智龙科技有限公司迁扩建项目_01_受理公告或公示版.pdf,56,2,29,完整,1.0,性有机物综合排放标 | 准》（DB4 | 4/2367-2022）,,解析文本拼接_表格清洗增强_01_001-020.md,018_佛山市智龙科技有限公司迁扩建项目_01_受理公告或公示版
PL019,PL019_佛山市智龙科技有限公司迁扩建项目_01_受理公告或公示版.pdf,56,2,30,完整,1.0,表1挥发性有机物 | 排放限值 | 的较严值,,解析文本拼接_表格清洗增强_01_001-020.md,018_佛山市智龙科技有限公司迁扩建项目_01_受理公告或公示版
PL019,PL019_佛山市智龙科技有限公司迁扩建项目_01_受理公告或公示版.pdf,56,2,31,完整,1.0,排气筒 | 广东省《固定污染源 | 挥发性有 | 机物综合排放,,解析文本拼接_表格清洗增强_01_001-020.md,018_佛山市智龙科技有限公司迁扩建项目_01_受理公告或公示版
PL019,PL019_佛山市智龙科技有限公司迁扩建项目_01_受理公告或公示版.pdf,56,2,32,完整,1.0,（DA001 | V | OCs | 每年一 | 次 | 标准》（DB44/2367-2 | 022）表 | 1挥发性有机,,解析文本拼接_表格清洗增强_01_001-020.md,018_佛山市智龙科技有限公司迁扩建项目_01_受理公告或公示版
PL019,PL019_佛山市智龙科技有限公司迁扩建项目_01_受理公告或公示版.pdf,56,2,33,完整,1.0,）监测口 | 物排 | 放限值,,解析文本拼接_表格清洗增强_01_001-020.md,018_佛山市智龙科技有限公司迁扩建项目_01_受理公告或公示版
PL019,PL019_佛山市智龙科技有限公司迁扩建项目_01_受理公告或公示版.pdf,56,2,34,完整,1.0,广东省地方标准《大 | 气污染物 | 排放限值》,,解析文本拼接_表格清洗增强_01_001-020.md,018_佛山市智龙科技有限公司迁扩建项目_01_受理公告或公示版
PL019,PL019_佛山市智龙科技有限公司迁扩建项目_01_受理公告或公示版.pdf,56,2,36,完整,1.0,（DB44/27-2001） | 中第二时 | 段二级标准,,解析文本拼接_表格清洗增强_01_001-020.md,018_佛山市智龙科技有限公司迁扩建项目_01_受理公告或公示版
PL019,PL019_佛山市智龙科技有限公司迁扩建项目_01_受理公告或公示版.pdf,56,2,37,完整,1.0,臭气浓度排放执行《 | 恶臭污染 | 物排放标准》,,解析文本拼接_表格清洗增强_01_001-020.md,018_佛山市智龙科技有限公司迁扩建项目_01_受理公告或公示版
PL019,PL019_佛山市智龙科技有限公司迁扩建项目_01_受理公告或公示版.pdf,56,2,38,完整,1.0,臭 | 气浓度 | 每年一 | 次 | （GB14554-93）中表 | 2恶臭污 | 染物排放标准,,解析文本拼接_表格清洗增强_01_001-020.md,018_佛山市智龙科技有限公司迁扩建项目_01_受理公告或公示版
PL019,PL019_佛山市智龙科技有限公司迁扩建项目_01_受理公告或公示版.pdf,56,2,40,完整,1.0,臭气浓度排放执行《 | 恶臭污染 | 物排放标准》,,解析文本拼接_表格清洗增强_01_001-020.md,018_佛山市智龙科技有限公司迁扩建项目_01_受理公告或公示版
PL019,PL019_佛山市智龙科技有限公司迁扩建项目_01_受理公告或公示版.pdf,56,2,41,完整,1.0,臭 | 气浓度 | 每年一 | 次 | （GB14554-93）表1 | 恶臭污染 | 物厂界标准值,,解析文本拼接_表格清洗增强_01_001-020.md,018_佛山市智龙科技有限公司迁扩建项目_01_受理公告或公示版
PL019,PL019_佛山市智龙科技有限公司迁扩建项目_01_受理公告或公示版.pdf,56,2,42,完整,1.0,厂界上、 | 的二级新 | 扩改建标 | 准,,解析文本拼接_表格清洗增强_01_001-020.md,018_佛山市智龙科技有限公司迁扩建项目_01_受理公告或公示版
PL019,PL019_佛山市智龙科技有限公司迁扩建项目_01_受理公告或公示版.pdf,56,2,43,完整,1.0,下风向 | 广东省地方标准《大 | 气污染物 | 排放限值》,,解析文本拼接_表格清洗增强_01_001-020.md,018_佛山市智龙科技有限公司迁扩建项目_01_受理公告或公示版
PL019,PL019_佛山市智龙科技有限公司迁扩建项目_01_受理公告或公示版.pdf,56,2,44,完整,1.0,锡 | 及其化 | 合物、颗粒物 | 每年一 | 次 | （DB44/27-2001）中第 | 二时段 | 无组织排放浓,,解析文本拼接_表格清洗增强_01_001-020.md,018_佛山市智龙科技有限公司迁扩建项目_01_受理公告或公示版
PL019,PL019_佛山市智龙科技有限公司迁扩建项目_01_受理公告或公示版.pdf,57,1,1,完整,1.0,"厂区内 | NMHC | 每半年一次 | 广东省《固定污染源挥发性有机物综合排放
标准》（DB44/2367-2022）表3厂区内VOCs
无组织排放限值",,解析文本拼接_表格清洗增强_01_001-020.md,018_佛山市智龙科技有限公司迁扩建项目_01_受理公告或公示版
PL019,PL019_佛山市智龙科技有限公司迁扩建项目_01_受理公告或公示版.pdf,57,1,3,完整,1.0,"项目 | 污染物 | 产生浓度及产生量 | 预处理后排放浓度
及排放量 | 污水厂处理后排放浓
度及排放量",,解析文本拼接_表格清洗增强_01_001-020.md,018_佛山市智龙科技有限公司迁扩建项目_01_受理公告或公示版
PL019,PL019_佛山市智龙科技有限公司迁扩建项目_01_受理公告或公示版.pdf,57,1,5,完整,1.0,"生活污
水
（135t/a
） | CODcr | 250 | 0.0338 | 230 | 0.0311 | 40 | 0.0054",,解析文本拼接_表格清洗增强_01_001-020.md,018_佛山市智龙科技有限公司迁扩建项目_01_受理公告或公示版
PL019,PL019_佛山市智龙科技有限公司迁扩建项目_01_受理公告或公示版.pdf,57,1,6,完整,1.0,"BOD
5 | 150 | 0.0203 | 130 | 0.0176 | 10 | 0.0014",,解析文本拼接_表格清洗增强_01_001-020.md,018_佛山市智龙科技有限公司迁扩建项目_01_受理公告或公示版
PL019,PL019_佛山市智龙科技有限公司迁扩建项目_01_受理公告或公示版.pdf,57,1,7,完整,1.0,SS | 150 | 0.0203 | 130 | 0.0176 | 10 | 0.0014,,解析文本拼接_表格清洗增强_01_001-020.md,018_佛山市智龙科技有限公司迁扩建项目_01_受理公告或公示版
PL019,PL019_佛山市智龙科技有限公司迁扩建项目_01_受理公告或公示版.pdf,57,1,8,完整,1.0,氨氮 | 30 | 0.0041 | 23 | 0.0031 | 5 | 0.0007,,解析文本拼接_表格清洗增强_01_001-020.md,018_佛山市智龙科技有限公司迁扩建项目_01_受理公告或公示版
PL019,PL019_佛山市智龙科技有限公司迁扩建项目_01_受理公告或公示版.pdf,57,2,2,疑似缺失,0.5,厂区内 NMHC 每半 | 年一次 标准》（DB44/2367-2022）表3厂区内VOCs,年一次 标准》（DB44/2367-2022）表3厂区内VOCs,解析文本拼接_表格清洗增强_01_001-020.md,018_佛山市智龙科技有限公司迁扩建项目_01_受理公告或公示版
PL019,PL019_佛山市智龙科技有限公司迁扩建项目_01_受理公告或公示版.pdf,57,2,7,完整,1.0,迁扩建后项目有15名工作人员 | ，年工作300日，厂内不设食堂和住宿，参考广,,解析文本拼接_表格清洗增强_01_001-020.md,018_佛山市智龙科技有限公司迁扩建项目_01_受理公告或公示版
PL019,PL019_佛山市智龙科技有限公司迁扩建项目_01_受理公告或公示版.pdf,57,2,8,完整,1.0,东省地方标准《用水定额第3部分： | 生活》（DB44/T1461.3-2021）可知，机关事,,解析文本拼接_表格清洗增强_01_001-020.md,018_佛山市智龙科技有限公司迁扩建项目_01_受理公告或公示版
PL019,PL019_佛山市智龙科技有限公司迁扩建项目_01_受理公告或公示版.pdf,57,2,9,完整,1.0,业单位无食堂和浴室用水定额先进 | 值按10m3/人·a计，则生活用水量150m3/a。参考,,解析文本拼接_表格清洗增强_01_001-020.md,018_佛山市智龙科技有限公司迁扩建项目_01_受理公告或公示版
PL019,PL019_佛山市智龙科技有限公司迁扩建项目_01_受理公告或公示版.pdf,57,2,11,完整,1.0,生活污水排水系数0.85~0.95，污水 | 排放量按用水量的90%算，则生活污水排放量,,解析文本拼接_表格清洗增强_01_001-020.md,018_佛山市智龙科技有限公司迁扩建项目_01_受理公告或公示版
PL019,PL019_佛山市智龙科技有限公司迁扩建项目_01_受理公告或公示版.pdf,57,2,13,疑似缺失,0.0,"约135m /a，这部分污水主要含COD | cr、BOD 、SS、NH -N等污染物。项目生活污
5 3","约135m /a，这部分污水主要含COD；cr、BOD 、SS、NH -N等污染物。项目生活污
5 3",解析文本拼接_表格清洗增强_01_001-020.md,018_佛山市智龙科技有限公司迁扩建项目_01_受理公告或公示版
PL019,PL019_佛山市智龙科技有限公司迁扩建项目_01_受理公告或公示版.pdf,57,2,15,完整,1.0,入顺德支流。项目生活污水主要污 | 染物产排情况见下表。,,解析文本拼接_表格清洗增强_01_001-020.md,018_佛山市智龙科技有限公司迁扩建项目_01_受理公告或公示版
PL019,PL019_佛山市智龙科技有限公司迁扩建项目_01_受理公告或公示版.pdf,57,2,16,完整,1.0,表4.8 迁扩建后项目生 | 活污水主要污染物的产生和排放情况,,解析文本拼接_表格清洗增强_01_001-020.md,018_佛山市智龙科技有限公司迁扩建项目_01_受理公告或公示版
PL019,PL019_佛山市智龙科技有限公司迁扩建项目_01_受理公告或公示版.pdf,57,2,23,完整,1.0,CODcr 250 0. | 0338 230 0.0311 40 0.0054,,解析文本拼接_表格清洗增强_01_001-020.md,018_佛山市智龙科技有限公司迁扩建项目_01_受理公告或公示版
PL019,PL019_佛山市智龙科技有限公司迁扩建项目_01_受理公告或公示版.pdf,57,2,25,疑似缺失,0.5,水 BOD 5 150 0. | 0203 130 0.0176 10 0.0014,水 BOD 5 150 0.,解析文本拼接_表格清洗增强_01_001-020.md,018_佛山市智龙科技有限公司迁扩建项目_01_受理公告或公示版
PL019,PL019_佛山市智龙科技有限公司迁扩建项目_01_受理公告或公示版.pdf,57,2,27,疑似缺失,0.5,"135t/a
SS 150 0. | 0203 130 0.0176 10 0.0014","135t/a
SS 150 0.",解析文本拼接_表格清洗增强_01_001-020.md,018_佛山市智龙科技有限公司迁扩建项目_01_受理公告或公示版
PL019,PL019_佛山市智龙科技有限公司迁扩建项目_01_受理公告或公示版.pdf,57,2,29,完整,1.0,氨氮 30 0. | 0041 23 0.0031 5 0.0007,,解析文本拼接_表格清洗增强_01_001-020.md,018_佛山市智龙科技有限公司迁扩建项目_01_受理公告或公示版
PL019,PL019_佛山市智龙科技有限公司迁扩建项目_01_受理公告或公示版.pdf,57,2,31,完整,1.0,迁扩建后项目设有 2 台冷却塔 | ，循环水量为 5m3/h 的冷却塔，需适当地加入,,解析文本拼接_表格清洗增强_01_001-020.md,018_佛山市智龙科技有限公司迁扩建项目_01_受理公告或公示版
PL019,PL019_佛山市智龙科技有限公司迁扩建项目_01_受理公告或公示版.pdf,57,2,33,完整,1.0,（GB/T50050-2017）开式系统的补 | 充水量公式为：,,解析文本拼接_表格清洗增强_01_001-020.md,018_佛山市智龙科技有限公司迁扩建项目_01_受理公告或公示版
PL019,PL019_佛山市智龙科技有限公司迁扩建项目_01_受理公告或公示版.pdf,57,2,34,疑似缺失,0.0,QmQe | QbQw（式1.1）,QmQe；QbQw（式1.1）,解析文本拼接_表格清洗增强_01_001-020.md,018_佛山市智龙科技有限公司迁扩建项目_01_受理公告或公示版
PL019,PL019_佛山市智龙科技有限公司迁扩建项目_01_受理公告或公示版.pdf,57,2,37,疑似缺失,0.5,Qm | 1.2,Qm,解析文本拼接_表格清洗增强_01_001-020.md,018_佛山市智龙科技有限公司迁扩建项目_01_受理公告或公示版
PL019,PL019_佛山市智龙科技有限公司迁扩建项目_01_受理公告或公示版.pdf,57,2,39,疑似缺失,0.0,Qek | tQr （式1.3）,Qek；tQr （式1.3）,解析文本拼接_表格清洗增强_01_001-020.md,018_佛山市智龙科技有限公司迁扩建项目_01_受理公告或公示版
PL019,PL019_佛山市智龙科技有限公司迁扩建项目_01_受理公告或公示版.pdf,57,2,42,疑似缺失,0.0,Qb | Qw 1.4,Qb；Qw 1.4,解析文本拼接_表格清洗增强_01_001-020.md,018_佛山市智龙科技有限公司迁扩建项目_01_受理公告或公示版
PL019,PL019_佛山市智龙科技有限公司迁扩建项目_01_受理公告或公示版.pdf,58,2,1,完整,1.0,k | Δt | Qr（m3/h） | N | Qe（m3/h） | Qw（m3/h） | Qb（m3/h）,,解析文本拼接_表格清洗增强_01_001-020.md,018_佛山市智龙科技有限公司迁扩建项目_01_受理公告或公示版
PL019,PL019_佛山市智龙科技有限公司迁扩建项目_01_受理公告或公示版.pdf,58,2,2,完整,1.0,"0.001
6 | 20 | 5 | 3 | 0.32 | 0.03 | 0.13",,解析文本拼接_表格清洗增强_01_001-020.md,018_佛山市智龙科技有限公司迁扩建项目_01_受理公告或公示版
PL019,PL019_佛山市智龙科技有限公司迁扩建项目_01_受理公告或公示版.pdf,60,2,1,完整,1.0,"项目 | pH | CODcr | BOD
5 | SS | 色度 | 石油类",,解析文本拼接_表格清洗增强_01_001-020.md,018_佛山市智龙科技有限公司迁扩建项目_01_受理公告或公示版
PL019,PL019_佛山市智龙科技有限公司迁扩建项目_01_受理公告或公示版.pdf,60,2,3,完整,1.0,设计进水 | 8-9 | ≤3800 | ≤850 | ≤200 | ≤50000 | ≤120,,解析文本拼接_表格清洗增强_01_001-020.md,018_佛山市智龙科技有限公司迁扩建项目_01_受理公告或公示版
PL019,PL019_佛山市智龙科技有限公司迁扩建项目_01_受理公告或公示版.pdf,60,2,4,完整,1.0,设计出水 | 6-9 | ≤90 | ≤20 | ≤60 | ≤40 | ≤5.0,,解析文本拼接_表格清洗增强_01_001-020.md,018_佛山市智龙科技有限公司迁扩建项目_01_受理公告或公示版
PL019,PL019_佛山市智龙科技有限公司迁扩建项目_01_受理公告或公示版.pdf,61,1,2,完整,1.0,"序
号 | 排
放
口
编
号 | 排放口地理坐
标 | 废水
排放
量
（万
t/a） | 排放
去向 | 排放规律 | 间
歇
排
放
时
段 | 受纳污水处理厂信息",,解析文本拼接_表格清洗增强_01_001-020.md,018_佛山市智龙科技有限公司迁扩建项目_01_受理公告或公示版
PL019,PL019_佛山市智龙科技有限公司迁扩建项目_01_受理公告或公示版.pdf,61,1,3,完整,1.0,"经度 | 纬度 | 名称 | 污染
物种
类 | 国家或地
方污染物
排放标准
限值
（mg/L）",,解析文本拼接_表格清洗增强_01_001-020.md,018_佛山市智龙科技有限公司迁扩建项目_01_受理公告或公示版
PL019,PL019_佛山市智龙科技有限公司迁扩建项目_01_受理公告或公示版.pdf,61,1,4,完整,1.0,"1 | D
W
00
1 | 113°1
0′3.53
3″ | 22°51′
6.552″ | 0.013
5 | 进入
勒流
污水
处理
厂 | 间断排放，排
放期间流量不
稳定且无规
律，但不属于
冲击型排放 | 8:30
~
17:3
0 | 勒流
污水
处理
厂 | COD
Cr | ≤40",,解析文本拼接_表格清洗增强_01_001-020.md,018_佛山市智龙科技有限公司迁扩建项目_01_受理公告或公示版
PL019,PL019_佛山市智龙科技有限公司迁扩建项目_01_受理公告或公示版.pdf,61,1,5,完整,1.0,"BOD
5 | ≤10",,解析文本拼接_表格清洗增强_01_001-020.md,018_佛山市智龙科技有限公司迁扩建项目_01_受理公告或公示版
PL019,PL019_佛山市智龙科技有限公司迁扩建项目_01_受理公告或公示版.pdf,61,2,1,完整,1.0,"数量
（台） | 单台噪
声源强
/dB(A) | 声源类型
（频发、
偶发等） | 噪声源强叠加值
dB(A",,解析文本拼接_表格清洗增强_01_001-020.md,018_佛山市智龙科技有限公司迁扩建项目_01_受理公告或公示版
PL019,PL019_佛山市智龙科技有限公司迁扩建项目_01_受理公告或公示版.pdf,61,2,2,完整,1.0,"核算
方法 | 噪声值
dB(A) | 核算
方法",,解析文本拼接_表格清洗增强_01_001-020.md,018_佛山市智龙科技有限公司迁扩建项目_01_受理公告或公示版
PL019,PL019_佛山市智龙科技有限公司迁扩建项目_01_受理公告或公示版.pdf,61,2,3,完整,1.0,18 | 80 | 频发 | 类比 | 92.6 | 类比,,解析文本拼接_表格清洗增强_01_001-020.md,018_佛山市智龙科技有限公司迁扩建项目_01_受理公告或公示版
PL019,PL019_佛山市智龙科技有限公司迁扩建项目_01_受理公告或公示版.pdf,61,3,7,完整,1.0,口 | 量 | 排放规律 | 污 | 染 | 方污染物,,解析文本拼接_表格清洗增强_01_001-020.md,018_佛山市智龙科技有限公司迁扩建项目_01_受理公告或公示版
PL019,PL019_佛山市智龙科技有限公司迁扩建项目_01_受理公告或公示版.pdf,61,3,9,完整,1.0,编 | 经度 纬度 | （万 | 名称 | 物 | 种 | 排放标准,,解析文本拼接_表格清洗增强_01_001-020.md,018_佛山市智龙科技有限公司迁扩建项目_01_受理公告或公示版
PL019,PL019_佛山市智龙科技有限公司迁扩建项目_01_受理公告或公示版.pdf,61,3,14,部分,0.8,"进入 | 间断排放，排 | 勒流 C | OD
Cr | ≤40",勒流 C,解析文本拼接_表格清洗增强_01_001-020.md,018_佛山市智龙科技有限公司迁扩建项目_01_受理公告或公示版
PL019,PL019_佛山市智龙科技有限公司迁扩建项目_01_受理公告或公示版.pdf,61,3,15,完整,1.0,D | 113°1 | 勒流 | 放期间流量不 | 8:30 | 污水 | B | OD | ≤10,,解析文本拼接_表格清洗增强_01_001-020.md,018_佛山市智龙科技有限公司迁扩建项目_01_受理公告或公示版
PL019,PL019_佛山市智龙科技有限公司迁扩建项目_01_受理公告或公示版.pdf,61,3,16,部分,0.9,"1 | W | 22°51
0′3.53 | ′ | 0.013 | 污水 | 稳定且无规 | ~ | 处理 | 5","22°51
0′3.53",解析文本拼接_表格清洗增强_01_001-020.md,018_佛山市智龙科技有限公司迁扩建项目_01_受理公告或公示版
PL019,PL019_佛山市智龙科技有限公司迁扩建项目_01_受理公告或公示版.pdf,61,3,17,完整,1.0,00 | 6.552 | ″ | 5 | 处理 | 律，但不属于 | 17:3 | SS | ≤10,,解析文本拼接_表格清洗增强_01_001-020.md,018_佛山市智龙科技有限公司迁扩建项目_01_受理公告或公示版
PL019,PL019_佛山市智龙科技有限公司迁扩建项目_01_受理公告或公示版.pdf,61,3,19,完整,1.0,1 | 厂 | 冲击型排放 | 0 | 厂 | 氨 | 氮 | ≤5,,解析文本拼接_表格清洗增强_01_001-020.md,018_佛山市智龙科技有限公司迁扩建项目_01_受理公告或公示版
PL019,PL019_佛山市智龙科技有限公司迁扩建项目_01_受理公告或公示版.pdf,61,3,20,完整,1.0,2.4 | 、监测计划,,解析文本拼接_表格清洗增强_01_001-020.md,018_佛山市智龙科技有限公司迁扩建项目_01_受理公告或公示版
PL019,PL019_佛山市智龙科技有限公司迁扩建项目_01_受理公告或公示版.pdf,61,3,21,完整,1.0,《排 | 污单位自行 | 监 | 测技术 | 指南 橡 | 胶和塑料制 | 品 | 》（H | J1207- | 2 | 021） | 表 2 中非,,解析文本拼接_表格清洗增强_01_001-020.md,018_佛山市智龙科技有限公司迁扩建项目_01_受理公告或公示版
PL019,PL019_佛山市智龙科技有限公司迁扩建项目_01_受理公告或公示版.pdf,61,3,22,完整,1.0,重点 | 排污 | 单位生活污 | 水 | 间接排 | 放无需 | 进行监测， | 但 | 需要说 | 明排放 | 去 | 向， | 本项目生,,解析文本拼接_表格清洗增强_01_001-020.md,018_佛山市智龙科技有限公司迁扩建项目_01_受理公告或公示版
PL019,PL019_佛山市智龙科技有限公司迁扩建项目_01_受理公告或公示版.pdf,61,3,25,完整,1.0,3.1 | 、噪声源强及 | 降 | 噪措 | 施,,解析文本拼接_表格清洗增强_01_001-020.md,018_佛山市智龙科技有限公司迁扩建项目_01_受理公告或公示版
PL019,PL019_佛山市智龙科技有限公司迁扩建项目_01_受理公告或公示版.pdf,61,3,26,完整,1.0,迁扩 | 建后项目营 | 运 | 期产生 | 的噪声 | 主要来源于 | 生 | 产设备 | ，源强 | 为 | 65~8 | 0dB(A)。,,解析文本拼接_表格清洗增强_01_001-020.md,018_佛山市智龙科技有限公司迁扩建项目_01_受理公告或公示版
PL019,PL019_佛山市智龙科技有限公司迁扩建项目_01_受理公告或公示版.pdf,61,3,27,完整,1.0,根据 | 现场调查及 | 所 | 在区域 | 规划资 | 料可知，项目 | 四 | 周均为 | 工业厂 | 房，厂 | 界外50m,,解析文本拼接_表格清洗增强_01_001-020.md,018_佛山市智龙科技有限公司迁扩建项目_01_受理公告或公示版
PL019,PL019_佛山市智龙科技有限公司迁扩建项目_01_受理公告或公示版.pdf,61,3,29,完整,1.0,迁扩 | 建后项目噪 | 声 | 污染源 | 源强核 | 算结果及相 | 关 | 参数详 | 见下表 | 。,,解析文本拼接_表格清洗增强_01_001-020.md,018_佛山市智龙科技有限公司迁扩建项目_01_受理公告或公示版
PL019,PL019_佛山市智龙科技有限公司迁扩建项目_01_受理公告或公示版.pdf,61,3,30,完整,1.0,表4 | .12 | 噪声 | 污 | 染源源 | 强核算结果及 | 相 | 关参数 | 一览表,,解析文本拼接_表格清洗增强_01_001-020.md,018_佛山市智龙科技有限公司迁扩建项目_01_受理公告或公示版
PL019,PL019_佛山市智龙科技有限公司迁扩建项目_01_受理公告或公示版.pdf,61,3,31,完整,1.0,噪声 | 源强叠 | 加值,,解析文本拼接_表格清洗增强_01_001-020.md,018_佛山市智龙科技有限公司迁扩建项目_01_受理公告或公示版
PL019,PL019_佛山市智龙科技有限公司迁扩建项目_01_受理公告或公示版.pdf,61,3,32,完整,1.0,单 | 台噪 | 声源类型 | 噪声 | 排放值,,解析文本拼接_表格清洗增强_01_001-020.md,018_佛山市智龙科技有限公司迁扩建项目_01_受理公告或公示版
PL019,PL019_佛山市智龙科技有限公司迁扩建项目_01_受理公告或公示版.pdf,61,3,34,完整,1.0,噪 | 声源 | （台 | ） | 声 | 源强 | （频发、 | 核算 | 噪 | 声值 | 核算 | 噪声值,,解析文本拼接_表格清洗增强_01_001-020.md,018_佛山市智龙科技有限公司迁扩建项目_01_受理公告或公示版
PL019,PL019_佛山市智龙科技有限公司迁扩建项目_01_受理公告或公示版.pdf,61,3,36,完整,1.0,注 | 塑机 | 1 | 8 | 80 | 频发 | 类比 | 92.6 | 类比 | 67.6,,解析文本拼接_表格清洗增强_01_001-020.md,018_佛山市智龙科技有限公司迁扩建项目_01_受理公告或公示版
PL019,PL019_佛山市智龙科技有限公司迁扩建项目_01_受理公告或公示版.pdf,62,2,1,完整,1.0,4 | 80 | 频发 | 法 | 86.0 | 法,,解析文本拼接_表格清洗增强_01_001-020.md,018_佛山市智龙科技有限公司迁扩建项目_01_受理公告或公示版
PL019,PL019_佛山市智龙科技有限公司迁扩建项目_01_受理公告或公示版.pdf,62,2,2,完整,1.0,4 | 80 | 频发 | 86.0,,解析文本拼接_表格清洗增强_01_001-020.md,018_佛山市智龙科技有限公司迁扩建项目_01_受理公告或公示版
PL019,PL019_佛山市智龙科技有限公司迁扩建项目_01_受理公告或公示版.pdf,62,2,3,完整,1.0,2 | 80 | 频发 | 83.0,,解析文本拼接_表格清洗增强_01_001-020.md,018_佛山市智龙科技有限公司迁扩建项目_01_受理公告或公示版
PL019,PL019_佛山市智龙科技有限公司迁扩建项目_01_受理公告或公示版.pdf,62,2,4,完整,1.0,8 | 70 | 频发 | 79.0,,解析文本拼接_表格清洗增强_01_001-020.md,018_佛山市智龙科技有限公司迁扩建项目_01_受理公告或公示版
PL019,PL019_佛山市智龙科技有限公司迁扩建项目_01_受理公告或公示版.pdf,62,2,5,完整,1.0,16 | 70 | 频发 | 82.0,,解析文本拼接_表格清洗增强_01_001-020.md,018_佛山市智龙科技有限公司迁扩建项目_01_受理公告或公示版
PL019,PL019_佛山市智龙科技有限公司迁扩建项目_01_受理公告或公示版.pdf,62,2,6,完整,1.0,4 | 70 | 频发 | 76.0,,解析文本拼接_表格清洗增强_01_001-020.md,018_佛山市智龙科技有限公司迁扩建项目_01_受理公告或公示版
PL019,PL019_佛山市智龙科技有限公司迁扩建项目_01_受理公告或公示版.pdf,62,2,7,完整,1.0,1 | 65 | 频发 | 65.0,,解析文本拼接_表格清洗增强_01_001-020.md,018_佛山市智龙科技有限公司迁扩建项目_01_受理公告或公示版
PL019,PL019_佛山市智龙科技有限公司迁扩建项目_01_受理公告或公示版.pdf,62,2,8,完整,1.0,2 | 75 | 频发 | 78.0,,解析文本拼接_表格清洗增强_01_001-020.md,018_佛山市智龙科技有限公司迁扩建项目_01_受理公告或公示版
PL019,PL019_佛山市智龙科技有限公司迁扩建项目_01_受理公告或公示版.pdf,62,2,9,完整,1.0,16 | 70 | 频发 | 82.0,,解析文本拼接_表格清洗增强_01_001-020.md,018_佛山市智龙科技有限公司迁扩建项目_01_受理公告或公示版
PL019,PL019_佛山市智龙科技有限公司迁扩建项目_01_受理公告或公示版.pdf,62,2,10,完整,1.0,2 | 80 | 频发 | 83.0,,解析文本拼接_表格清洗增强_01_001-020.md,018_佛山市智龙科技有限公司迁扩建项目_01_受理公告或公示版
PL019,PL019_佛山市智龙科技有限公司迁扩建项目_01_受理公告或公示版.pdf,62,2,11,完整,1.0,2 | 70 | 频发 | 73.0,,解析文本拼接_表格清洗增强_01_001-020.md,018_佛山市智龙科技有限公司迁扩建项目_01_受理公告或公示版
PL019,PL019_佛山市智龙科技有限公司迁扩建项目_01_受理公告或公示版.pdf,62,2,12,完整,1.0,2 | 80 | 频发 | 83.0,,解析文本拼接_表格清洗增强_01_001-020.md,018_佛山市智龙科技有限公司迁扩建项目_01_受理公告或公示版
PL019,PL019_佛山市智龙科技有限公司迁扩建项目_01_受理公告或公示版.pdf,62,2,13,完整,1.0,2 | 70 | 频发 | 73.0,,解析文本拼接_表格清洗增强_01_001-020.md,018_佛山市智龙科技有限公司迁扩建项目_01_受理公告或公示版
PL019,PL019_佛山市智龙科技有限公司迁扩建项目_01_受理公告或公示版.pdf,62,2,14,完整,1.0,3 | 65 | 频发 | 69.8,,解析文本拼接_表格清洗增强_01_001-020.md,018_佛山市智龙科技有限公司迁扩建项目_01_受理公告或公示版
PL019,PL019_佛山市智龙科技有限公司迁扩建项目_01_受理公告或公示版.pdf,62,2,15,完整,1.0,3 | 75 | 频发 | 79.8,,解析文本拼接_表格清洗增强_01_001-020.md,018_佛山市智龙科技有限公司迁扩建项目_01_受理公告或公示版
PL019,PL019_佛山市智龙科技有限公司迁扩建项目_01_受理公告或公示版.pdf,62,2,16,完整,1.0,3 | 80 | 频发 | 84.8,,解析文本拼接_表格清洗增强_01_001-020.md,018_佛山市智龙科技有限公司迁扩建项目_01_受理公告或公示版
PL019,PL019_佛山市智龙科技有限公司迁扩建项目_01_受理公告或公示版.pdf,62,2,17,完整,1.0,1 | 80 | 频发 | 80.0,,解析文本拼接_表格清洗增强_01_001-020.md,018_佛山市智龙科技有限公司迁扩建项目_01_受理公告或公示版
PL019,PL019_佛山市智龙科技有限公司迁扩建项目_01_受理公告或公示版.pdf,62,2,18,完整,1.0,1 | 80 | 频发 | 80.0,,解析文本拼接_表格清洗增强_01_001-020.md,018_佛山市智龙科技有限公司迁扩建项目_01_受理公告或公示版
PL019,PL019_佛山市智龙科技有限公司迁扩建项目_01_受理公告或公示版.pdf,62,2,19,完整,1.0,1 | 80 | 频发 | 80.0,,解析文本拼接_表格清洗增强_01_001-020.md,018_佛山市智龙科技有限公司迁扩建项目_01_受理公告或公示版
PL019,PL019_佛山市智龙科技有限公司迁扩建项目_01_受理公告或公示版.pdf,62,3,3,完整,1.0,4 | 80 | 86.0 | 61.0,,解析文本拼接_表格清洗增强_01_001-020.md,018_佛山市智龙科技有限公司迁扩建项目_01_受理公告或公示版
PL019,PL019_佛山市智龙科技有限公司迁扩建项目_01_受理公告或公示版.pdf,62,3,4,完整,1.0,破碎机 | 4 | 80 | 频发 | 86.0 | 61.0,,解析文本拼接_表格清洗增强_01_001-020.md,018_佛山市智龙科技有限公司迁扩建项目_01_受理公告或公示版
PL019,PL019_佛山市智龙科技有限公司迁扩建项目_01_受理公告或公示版.pdf,62,3,5,完整,1.0,冷却塔 | 2 | 80 | 频发 | 83.0 | 58.0,,解析文本拼接_表格清洗增强_01_001-020.md,018_佛山市智龙科技有限公司迁扩建项目_01_受理公告或公示版
PL019,PL019_佛山市智龙科技有限公司迁扩建项目_01_受理公告或公示版.pdf,62,3,6,完整,1.0,绕线机 | 8 | 70 | 频发 | 79.0 | 54.0,,解析文本拼接_表格清洗增强_01_001-020.md,018_佛山市智龙科技有限公司迁扩建项目_01_受理公告或公示版
PL019,PL019_佛山市智龙科技有限公司迁扩建项目_01_受理公告或公示版.pdf,62,3,7,完整,1.0,电烙铁 | 16 | 70 | 频发 | 82.0 | 57.0,,解析文本拼接_表格清洗增强_01_001-020.md,018_佛山市智龙科技有限公司迁扩建项目_01_受理公告或公示版
PL019,PL019_佛山市智龙科技有限公司迁扩建项目_01_受理公告或公示版.pdf,62,3,8,完整,1.0,自动焊锡机 | 4 | 70 | 频发 | 76.0 | 51.0,,解析文本拼接_表格清洗增强_01_001-020.md,018_佛山市智龙科技有限公司迁扩建项目_01_受理公告或公示版
PL019,PL019_佛山市智龙科技有限公司迁扩建项目_01_受理公告或公示版.pdf,62,3,9,完整,1.0,浸锡炉 | 1 | 65 | 频发 | 65.0 | 40.0,,解析文本拼接_表格清洗增强_01_001-020.md,018_佛山市智龙科技有限公司迁扩建项目_01_受理公告或公示版
PL019,PL019_佛山市智龙科技有限公司迁扩建项目_01_受理公告或公示版.pdf,62,3,10,完整,1.0,超声波焊接机 | 2 | 75 | 频发 | 78.0 | 53.0,,解析文本拼接_表格清洗增强_01_001-020.md,018_佛山市智龙科技有限公司迁扩建项目_01_受理公告或公示版
PL019,PL019_佛山市智龙科技有限公司迁扩建项目_01_受理公告或公示版.pdf,62,3,11,完整,1.0,手啤机 | 16 | 70 | 频发 | 82.0 | 57.0,,解析文本拼接_表格清洗增强_01_001-020.md,018_佛山市智龙科技有限公司迁扩建项目_01_受理公告或公示版
PL019,PL019_佛山市智龙科技有限公司迁扩建项目_01_受理公告或公示版.pdf,62,3,12,完整,1.0,挤出机 | 2 | 80 | 频发 | 83.0 | 58.0,,解析文本拼接_表格清洗增强_01_001-020.md,018_佛山市智龙科技有限公司迁扩建项目_01_受理公告或公示版
PL019,PL019_佛山市智龙科技有限公司迁扩建项目_01_受理公告或公示版.pdf,62,3,13,完整,1.0,端子机 | 2 | 70 | 频发 | 73.0 | 48.0,,解析文本拼接_表格清洗增强_01_001-020.md,018_佛山市智龙科技有限公司迁扩建项目_01_受理公告或公示版
PL019,PL019_佛山市智龙科技有限公司迁扩建项目_01_受理公告或公示版.pdf,62,3,14,完整,1.0,剥皮机 | 2 | 80 | 频发 | 83.0 | 58.0,,解析文本拼接_表格清洗增强_01_001-020.md,018_佛山市智龙科技有限公司迁扩建项目_01_受理公告或公示版
PL019,PL019_佛山市智龙科技有限公司迁扩建项目_01_受理公告或公示版.pdf,62,3,15,完整,1.0,贴片机 | 2 | 70 | 频发 | 73.0 | 48.0,,解析文本拼接_表格清洗增强_01_001-020.md,018_佛山市智龙科技有限公司迁扩建项目_01_受理公告或公示版
PL019,PL019_佛山市智龙科技有限公司迁扩建项目_01_受理公告或公示版.pdf,62,3,16,完整,1.0,电烘箱 | 3 | 65 | 频发 | 69.8 | 44.8,,解析文本拼接_表格清洗增强_01_001-020.md,018_佛山市智龙科技有限公司迁扩建项目_01_受理公告或公示版
PL019,PL019_佛山市智龙科技有限公司迁扩建项目_01_受理公告或公示版.pdf,62,3,17,完整,1.0,滴胶机 | 3 | 75 | 频发 | 79.8 | 54.8,,解析文本拼接_表格清洗增强_01_001-020.md,018_佛山市智龙科技有限公司迁扩建项目_01_受理公告或公示版
PL019,PL019_佛山市智龙科技有限公司迁扩建项目_01_受理公告或公示版.pdf,62,3,18,完整,1.0,弯脚机 | 3 | 80 | 频发 | 84.8 | 59.8,,解析文本拼接_表格清洗增强_01_001-020.md,018_佛山市智龙科技有限公司迁扩建项目_01_受理公告或公示版
PL019,PL019_佛山市智龙科技有限公司迁扩建项目_01_受理公告或公示版.pdf,62,3,19,完整,1.0,钻床 | 1 | 80 | 频发 | 80.0 | 55.0,,解析文本拼接_表格清洗增强_01_001-020.md,018_佛山市智龙科技有限公司迁扩建项目_01_受理公告或公示版
PL019,PL019_佛山市智龙科技有限公司迁扩建项目_01_受理公告或公示版.pdf,62,3,20,完整,1.0,磨床 | 1 | 80 | 频发 | 80.0 | 55.0,,解析文本拼接_表格清洗增强_01_001-020.md,018_佛山市智龙科技有限公司迁扩建项目_01_受理公告或公示版
PL019,PL019_佛山市智龙科技有限公司迁扩建项目_01_受理公告或公示版.pdf,62,3,21,完整,1.0,铣床 | 1 | 80 | 频发 | 80.0 | 55.0,,解析文本拼接_表格清洗增强_01_001-020.md,018_佛山市智龙科技有限公司迁扩建项目_01_受理公告或公示版
PL019,PL019_佛山市智龙科技有限公司迁扩建项目_01_受理公告或公示版.pdf,62,3,22,完整,1.0,3.2、噪声排放定 | 量预测,,解析文本拼接_表格清洗增强_01_001-020.md,018_佛山市智龙科技有限公司迁扩建项目_01_受理公告或公示版
PL019,PL019_佛山市智龙科技有限公司迁扩建项目_01_受理公告或公示版.pdf,62,3,23,完整,1.0,根据《环境影响评 | 价技术导 | 则（声 | 环境）》(HJ2.4-20 | 21)推荐的方法， | 在用,,解析文本拼接_表格清洗增强_01_001-020.md,018_佛山市智龙科技有限公司迁扩建项目_01_受理公告或公示版
PL019,PL019_佛山市智龙科技有限公司迁扩建项目_01_受理公告或公示版.pdf,62,3,24,完整,1.0,声压级计算噪声传 | 播衰减有 | 困难时 | ，可用A声级计算 | 噪声影响，分析 | 如下,,解析文本拼接_表格清洗增强_01_001-020.md,018_佛山市智龙科技有限公司迁扩建项目_01_受理公告或公示版
PL019,PL019_佛山市智龙科技有限公司迁扩建项目_01_受理公告或公示版.pdf,62,3,25,完整,1.0,①车间内噪声源靠 | 近围护 | 结构处的 | 噪声贡献值预测,,解析文本拼接_表格清洗增强_01_001-020.md,018_佛山市智龙科技有限公司迁扩建项目_01_受理公告或公示版
PL019,PL019_佛山市智龙科技有限公司迁扩建项目_01_受理公告或公示版.pdf,62,3,26,完整,1.0,计算某一室内声源 | 靠近围护 | 结构处 | 产生的A声压级L | p1：,,解析文本拼接_表格清洗增强_01_001-020.md,018_佛山市智龙科技有限公司迁扩建项目_01_受理公告或公示版
PL019,PL019_佛山市智龙科技有限公司迁扩建项目_01_受理公告或公示版.pdf,62,3,28,疑似缺失,0.333,L  | L 10lg | (  ),L 10lg；(  ),解析文本拼接_表格清洗增强_01_001-020.md,018_佛山市智龙科技有限公司迁扩建项目_01_受理公告或公示版
PL019,PL019_佛山市智龙科技有限公司迁扩建项目_01_受理公告或公示版.pdf,63,2,1,完整,1.0,"叠加后噪声值
dB(A) | 车间内东侧 | 车间内南侧 | 车间内西侧",,解析文本拼接_表格清洗增强_01_001-020.md,018_佛山市智龙科技有限公司迁扩建项目_01_受理公告或公示版
PL019,PL019_佛山市智龙科技有限公司迁扩建项目_01_受理公告或公示版.pdf,63,2,2,完整,1.0,96.5 | 2.3m | 89.3 | 5m | 82.5 | 3m | 87.0 | 2.2m,,解析文本拼接_表格清洗增强_01_001-020.md,018_佛山市智龙科技有限公司迁扩建项目_01_受理公告或公示版
PL019,PL019_佛山市智龙科技有限公司迁扩建项目_01_受理公告或公示版.pdf,64,2,2,完整,1.0,64.3 | 57.5 | 62.0,,解析文本拼接_表格清洗增强_01_001-020.md,018_佛山市智龙科技有限公司迁扩建项目_01_受理公告或公示版
PL019,PL019_佛山市智龙科技有限公司迁扩建项目_01_受理公告或公示版.pdf,64,3,2,完整,1.0,64.3 | 57.5 | 62.0,,解析文本拼接_表格清洗增强_01_001-020.md,018_佛山市智龙科技有限公司迁扩建项目_01_受理公告或公示版
PL019,PL019_佛山市智龙科技有限公司迁扩建项目_01_受理公告或公示版.pdf,64,3,3,完整,1.0,昼间 | 65 | 65 | 65,,解析文本拼接_表格清洗增强_01_001-020.md,018_佛山市智龙科技有限公司迁扩建项目_01_受理公告或公示版
PL019,PL019_佛山市智龙科技有限公司迁扩建项目_01_受理公告或公示版.pdf,65,1,2,完整,1.0,监测点位 | 监测因子 | 监测频次 | 执行标准,,解析文本拼接_表格清洗增强_01_001-020.md,018_佛山市智龙科技有限公司迁扩建项目_01_受理公告或公示版
PL019,PL019_佛山市智龙科技有限公司迁扩建项目_01_受理公告或公示版.pdf,65,1,3,完整,1.0,"厂界（东南西北4个点位） | 噪声 | 每季度1次 | 《工业企业厂界环境噪声排放标
准》（GB12348-2008）",,解析文本拼接_表格清洗增强_01_001-020.md,018_佛山市智龙科技有限公司迁扩建项目_01_受理公告或公示版
PL019,PL019_佛山市智龙科技有限公司迁扩建项目_01_受理公告或公示版.pdf,66,2,2,完整,1.0,活性炭吸附装置 | 设计风量,,解析文本拼接_表格清洗增强_01_001-020.md,018_佛山市智龙科技有限公司迁扩建项目_01_受理公告或公示版
PL019,PL019_佛山市智龙科技有限公司迁扩建项目_01_受理公告或公示版.pdf,66,3,1,完整,1.0,物名录》（2021年版）中的HW08废矿 | 物油与含矿物油废物， | 代码为900-217-08。,,解析文本拼接_表格清洗增强_01_001-020.md,018_佛山市智龙科技有限公司迁扩建项目_01_受理公告或公示版
PL019,PL019_佛山市智龙科技有限公司迁扩建项目_01_受理公告或公示版.pdf,66,3,2,完整,1.0,根据项目机械设备数量情况，产生量 | 约占使用量的10%，机油 | 原料使用量为,,解析文本拼接_表格清洗增强_01_001-020.md,018_佛山市智龙科技有限公司迁扩建项目_01_受理公告或公示版
PL019,PL019_佛山市智龙科技有限公司迁扩建项目_01_受理公告或公示版.pdf,66,3,3,完整,1.0,0.06t/a，则废机油的产生量为0.006t/a | 。,,解析文本拼接_表格清洗增强_01_001-020.md,018_佛山市智龙科技有限公司迁扩建项目_01_受理公告或公示版
PL019,PL019_佛山市智龙科技有限公司迁扩建项目_01_受理公告或公示版.pdf,66,3,5,完整,1.0,险废物名录》（2021 年版）中的 H | W08 废矿物油与含矿 | 物油废物，代码为,,解析文本拼接_表格清洗增强_01_001-020.md,018_佛山市智龙科技有限公司迁扩建项目_01_受理公告或公示版
PL019,PL019_佛山市智龙科技有限公司迁扩建项目_01_受理公告或公示版.pdf,66,3,6,完整,1.0,900-218-08。根据项目机械设备数量情 | 况，产生量约占使用量 | 的 10%，废切削液,,解析文本拼接_表格清洗增强_01_001-020.md,018_佛山市智龙科技有限公司迁扩建项目_01_受理公告或公示版
PL019,PL019_佛山市智龙科技有限公司迁扩建项目_01_受理公告或公示版.pdf,66,3,8,完整,1.0,③废活性炭：迁扩建后项目采用“ | 干式过滤棉+活性炭吸附 | ”治理设施处理有机,,解析文本拼接_表格清洗增强_01_001-020.md,018_佛山市智龙科技有限公司迁扩建项目_01_受理公告或公示版
PL019,PL019_佛山市智龙科技有限公司迁扩建项目_01_受理公告或公示版.pdf,66,3,9,完整,1.0,废气，根据工程分析结果可知，迁扩建 | 后项目有机废气有组织收 | 集量约为1.195t/a，,,解析文本拼接_表格清洗增强_01_001-020.md,018_佛山市智龙科技有限公司迁扩建项目_01_受理公告或公示版
PL019,PL019_佛山市智龙科技有限公司迁扩建项目_01_受理公告或公示版.pdf,66,3,10,完整,1.0,经过“活性炭吸附”治理设施处理后有机 | 废气排放量约为 0.597t | /a，则经活性炭吸附,,解析文本拼接_表格清洗增强_01_001-020.md,018_佛山市智龙科技有限公司迁扩建项目_01_受理公告或公示版
PL019,PL019_佛山市智龙科技有限公司迁扩建项目_01_受理公告或公示版.pdf,66,3,12,完整,1.0,根据《吸附法工业有机废气治理工 | 程技术规范》（HJ 2026- | 2013）中6.3.3.3 采,,解析文本拼接_表格清洗增强_01_001-020.md,018_佛山市智龙科技有限公司迁扩建项目_01_受理公告或公示版
PL019,PL019_佛山市智龙科技有限公司迁扩建项目_01_受理公告或公示版.pdf,66,3,13,完整,1.0,用颗粒状吸附剂时，气体流速宜低于 | 0.60m/s；废气停留时间 | 保持0.5-1s；装填厚,,解析文本拼接_表格清洗增强_01_001-020.md,018_佛山市智龙科技有限公司迁扩建项目_01_受理公告或公示版
PL019,PL019_佛山市智龙科技有限公司迁扩建项目_01_受理公告或公示版.pdf,66,3,14,完整,1.0,度不宜低于300mm。本项目共有1套有 | 机废气治理设施，处理风 | 量共计20000m3/h，,,解析文本拼接_表格清洗增强_01_001-020.md,018_佛山市智龙科技有限公司迁扩建项目_01_受理公告或公示版
PL019,PL019_佛山市智龙科技有限公司迁扩建项目_01_受理公告或公示版.pdf,66,3,15,完整,1.0,使用碘值不低于800mg/g 的活性炭，总 | 填装厚度不低于30cm， | 过滤风速为0.6m/s，,,解析文本拼接_表格清洗增强_01_001-020.md,018_佛山市智龙科技有限公司迁扩建项目_01_受理公告或公示版
PL019,PL019_佛山市智龙科技有限公司迁扩建项目_01_受理公告或公示版.pdf,66,3,16,完整,1.0,活 性 炭 的 停 留 时 间 为 | 0.5s ， 则 所 需 | 过 炭 面 积 ：,,解析文本拼接_表格清洗增强_01_001-020.md,018_佛山市智龙科技有限公司迁扩建项目_01_受理公告或公示版
PL019,PL019_佛山市智龙科技有限公司迁扩建项目_01_受理公告或公示版.pdf,66,3,17,完整,1.0,S=Q/v/3600=20000m³/h÷0.6m/s÷3600= | 9.26m2 。 炭 箱 抽 屉 个 | 数 （ 抽 屉 长 × 宽,,解析文本拼接_表格清洗增强_01_001-020.md,018_佛山市智龙科技有限公司迁扩建项目_01_受理公告或公示版
PL019,PL019_佛山市智龙科技有限公司迁扩建项目_01_受理公告或公示版.pdf,66,3,18,完整,1.0,=600*500mm）：9.26m2÷0.5÷0.6≈32个 | 抽屉。,,解析文本拼接_表格清洗增强_01_001-020.md,018_佛山市智龙科技有限公司迁扩建项目_01_受理公告或公示版
PL019,PL019_佛山市智龙科技有限公司迁扩建项目_01_受理公告或公示版.pdf,66,3,19,完整,1.0,迁扩建后项目废活性炭产生情况 | 见下表。,,解析文本拼接_表格清洗增强_01_001-020.md,018_佛山市智龙科技有限公司迁扩建项目_01_受理公告或公示版
PL019,PL019_佛山市智龙科技有限公司迁扩建项目_01_受理公告或公示版.pdf,66,3,20,完整,1.0,表4.17 废气 | 治理设施基本参数表,,解析文本拼接_表格清洗增强_01_001-020.md,018_佛山市智龙科技有限公司迁扩建项目_01_受理公告或公示版
PL019,PL019_佛山市智龙科技有限公司迁扩建项目_01_受理公告或公示版.pdf,66,3,21,完整,1.0,对应排气筒编号 设施名称 | 参数指标 | 主要参数,,解析文本拼接_表格清洗增强_01_001-020.md,018_佛山市智龙科技有限公司迁扩建项目_01_受理公告或公示版
PL019,PL019_佛山市智龙科技有限公司迁扩建项目_01_受理公告或公示版.pdf,66,3,22,完整,1.0,设计风量 | 20000m3/h,,解析文本拼接_表格清洗增强_01_001-020.md,018_佛山市智龙科技有限公司迁扩建项目_01_受理公告或公示版
PL019,PL019_佛山市智龙科技有限公司迁扩建项目_01_受理公告或公示版.pdf,66,3,23,完整,1.0,装置尺寸 | 3800*2550*1540mm,,解析文本拼接_表格清洗增强_01_001-020.md,018_佛山市智龙科技有限公司迁扩建项目_01_受理公告或公示版
PL019,PL019_佛山市智龙科技有限公司迁扩建项目_01_受理公告或公示版.pdf,66,3,24,完整,1.0,单个抽屉尺寸 | 600*500mm,,解析文本拼接_表格清洗增强_01_001-020.md,018_佛山市智龙科技有限公司迁扩建项目_01_受理公告或公示版
PL019,PL019_佛山市智龙科技有限公司迁扩建项目_01_受理公告或公示版.pdf,66,3,25,完整,1.0,DA001 活性炭吸附装置 | 设置抽屉个数（个） | 32,,解析文本拼接_表格清洗增强_01_001-020.md,018_佛山市智龙科技有限公司迁扩建项目_01_受理公告或公示版
PL019,PL019_佛山市智龙科技有限公司迁扩建项目_01_受理公告或公示版.pdf,66,3,26,完整,1.0,炭层厚度（mm） | 300,,解析文本拼接_表格清洗增强_01_001-020.md,018_佛山市智龙科技有限公司迁扩建项目_01_受理公告或公示版
PL019,PL019_佛山市智龙科技有限公司迁扩建项目_01_受理公告或公示版.pdf,66,3,27,完整,1.0,活性炭密度（kg/m3） | 400,,解析文本拼接_表格清洗增强_01_001-020.md,018_佛山市智龙科技有限公司迁扩建项目_01_受理公告或公示版
PL019,PL019_佛山市智龙科技有限公司迁扩建项目_01_受理公告或公示版.pdf,66,3,28,完整,1.0,炭层数量 | 2层,,解析文本拼接_表格清洗增强_01_001-020.md,018_佛山市智龙科技有限公司迁扩建项目_01_受理公告或公示版
PL019,PL019_佛山市智龙科技有限公司迁扩建项目_01_受理公告或公示版.pdf,68,1,2,完整,1.0,"产生位置
/工序 | 固废名
称 | 类别代码 | 固废代
码 | 产生
量
t/a | 利用或
处置量
t/a | 有害物
质名称 | 物理性
状 | 危害特
性 | 贮存方式 | 利用处置
方式与去
向",,解析文本拼接_表格清洗增强_01_001-020.md,018_佛山市智龙科技有限公司迁扩建项目_01_受理公告或公示版
PL019,PL019_佛山市智龙科技有限公司迁扩建项目_01_受理公告或公示版.pdf,68,1,3,完整,1.0,"车间、办
公地点等 | 生活垃
圾 | 生活垃圾 | 900-099-
S64 | 2.25 | 2.25 | - | 固体 | - | 垃圾桶收
集 | 交环卫部
门处理",,解析文本拼接_表格清洗增强_01_001-020.md,018_佛山市智龙科技有限公司迁扩建项目_01_受理公告或公示版
PL019,PL019_佛山市智龙科技有限公司迁扩建项目_01_受理公告或公示版.pdf,69,1,1,完整,1.0,"原料拆
包、打包 | 废包装
材料 | SW17可
再生类废
物 | 900-005-
S17 | 0.24 | 0.24 | - | 固体 | - | 堆放一般
固废暂存
间 | 资源回收
公司回收",,解析文本拼接_表格清洗增强_01_001-020.md,018_佛山市智龙科技有限公司迁扩建项目_01_受理公告或公示版
PL019,PL019_佛山市智龙科技有限公司迁扩建项目_01_受理公告或公示版.pdf,69,1,2,完整,1.0,"注塑 | 塑料次
品 | 900-003-
S17 | 28.75 | 28.75 | - | 固体 | - | 回用于生
产",,解析文本拼接_表格清洗增强_01_001-020.md,018_佛山市智龙科技有限公司迁扩建项目_01_受理公告或公示版
PL019,PL019_佛山市智龙科技有限公司迁扩建项目_01_受理公告或公示版.pdf,69,1,3,完整,1.0,"生产过程 | 废机油 | HW08废
矿物油与
含矿物油
废物 | 900-217-
08 | 0.006 | 0.006 | 基础油
及添加
剂 | 液体 | T，I | 塑料桶储
存 | 交由有危
险废物处
置资质单
位处理",,解析文本拼接_表格清洗增强_01_001-020.md,018_佛山市智龙科技有限公司迁扩建项目_01_受理公告或公示版
PL019,PL019_佛山市智龙科技有限公司迁扩建项目_01_受理公告或公示版.pdf,69,1,4,完整,1.0,"废液压
油 | HW08废
矿物油与
含矿物油
废物 | 900-218-
08 | 0.06 | 0.06 | 油类物
质 | 液体 | T，I",,解析文本拼接_表格清洗增强_01_001-020.md,018_佛山市智龙科技有限公司迁扩建项目_01_受理公告或公示版
PL019,PL019_佛山市智龙科技有限公司迁扩建项目_01_受理公告或公示版.pdf,69,1,5,完整,1.0,"废油桶 | HW08废
矿物油与
含矿物油
废物 | 900-249-
08 | 0.063 | 0.063 | 有机物 | 固体 | T，I | 封盖堆放
储存",,解析文本拼接_表格清洗增强_01_001-020.md,018_佛山市智龙科技有限公司迁扩建项目_01_受理公告或公示版
PL019,PL019_佛山市智龙科技有限公司迁扩建项目_01_受理公告或公示版.pdf,69,1,6,完整,1.0,"含油废
抹布 | HW49其
他废物 | 900-041-
49 | 0.01 | 0.01 | 机油、
布料 | 固体 | T/In | 袋装",,解析文本拼接_表格清洗增强_01_001-020.md,018_佛山市智龙科技有限公司迁扩建项目_01_受理公告或公示版
PL019,PL019_佛山市智龙科技有限公司迁扩建项目_01_受理公告或公示版.pdf,69,1,7,完整,1.0,"废PCB
板 | HW49其
他废物 | 900-045-
49 | 0.04 | 0.04 | 重金属 | 固体 | T | 塑料桶储
存",,解析文本拼接_表格清洗增强_01_001-020.md,018_佛山市智龙科技有限公司迁扩建项目_01_受理公告或公示版
PL019,PL019_佛山市智龙科技有限公司迁扩建项目_01_受理公告或公示版.pdf,69,1,8,完整,1.0,"废包装
桶 | HW49其
他废物 | 900-041-
49 | 0.016 | 0.016 | 有机物 | 固体 | T/In | 封盖堆放
储存",,解析文本拼接_表格清洗增强_01_001-020.md,018_佛山市智龙科技有限公司迁扩建项目_01_受理公告或公示版
PL019,PL019_佛山市智龙科技有限公司迁扩建项目_01_受理公告或公示版.pdf,69,1,9,完整,1.0,"废气处理
设施 | 废活性
炭 | HW49其
他废物 | 900-039-
49 | 5.206 | 5.206 | 有机废
气、活
性炭 | 固体 | T | 袋装",,解析文本拼接_表格清洗增强_01_001-020.md,018_佛山市智龙科技有限公司迁扩建项目_01_受理公告或公示版
PL019,PL019_佛山市智龙科技有限公司迁扩建项目_01_受理公告或公示版.pdf,69,1,10,完整,1.0,"废滤芯 | HW49其
他废物 | 900-041-
49 | 0.006 | 0.006 | 锡及其
化合物
等 | 固体 | T/In | 袋装",,解析文本拼接_表格清洗增强_01_001-020.md,018_佛山市智龙科技有限公司迁扩建项目_01_受理公告或公示版
PL019,PL019_佛山市智龙科技有限公司迁扩建项目_01_受理公告或公示版.pdf,69,2,2,完整,1.0,原料 | 拆 | 废包装 | 900 | -005-,,解析文本拼接_表格清洗增强_01_001-020.md,018_佛山市智龙科技有限公司迁扩建项目_01_受理公告或公示版
PL019,PL019_佛山市智龙科技有限公司迁扩建项目_01_受理公告或公示版.pdf,69,2,3,完整,1.0,包、 | 打包 | 材料 | 0.24 | 0.24 | - | 固体 | - | 固废暂存,,解析文本拼接_表格清洗增强_01_001-020.md,018_佛山市智龙科技有限公司迁扩建项目_01_受理公告或公示版
PL019,PL019_佛山市智龙科技有限公司迁扩建项目_01_受理公告或公示版.pdf,69,2,4,部分,0.75,SW17可 S | 17 | 间 | 资源回收,SW17可 S,解析文本拼接_表格清洗增强_01_001-020.md,018_佛山市智龙科技有限公司迁扩建项目_01_受理公告或公示版
PL019,PL019_佛山市智龙科技有限公司迁扩建项目_01_受理公告或公示版.pdf,69,2,7,完整,1.0,"注 | 塑 | 塑料次 | 物
900 | -003- | 固体 | 回用于生",,解析文本拼接_表格清洗增强_01_001-020.md,018_佛山市智龙科技有限公司迁扩建项目_01_受理公告或公示版
PL019,PL019_佛山市智龙科技有限公司迁扩建项目_01_受理公告或公示版.pdf,69,2,8,完整,1.0,品 | S | 17 | 28.75 | 28.75 | - | - | 产,,解析文本拼接_表格清洗增强_01_001-020.md,018_佛山市智龙科技有限公司迁扩建项目_01_受理公告或公示版
PL019,PL019_佛山市智龙科技有限公司迁扩建项目_01_受理公告或公示版.pdf,69,2,10,完整,1.0,HW08 | 基础油,,解析文本拼接_表格清洗增强_01_001-020.md,018_佛山市智龙科技有限公司迁扩建项目_01_受理公告或公示版
PL019,PL019_佛山市智龙科技有限公司迁扩建项目_01_受理公告或公示版.pdf,69,2,12,完整,1.0,废机油 | 900 | -217- | 及添加 | 液体 | ，,,解析文本拼接_表格清洗增强_01_001-020.md,018_佛山市智龙科技有限公司迁扩建项目_01_受理公告或公示版
PL019,PL019_佛山市智龙科技有限公司迁扩建项目_01_受理公告或公示版.pdf,69,2,13,部分,0.75,含矿物油 | 0.006 | 0.006 | T I,T I,解析文本拼接_表格清洗增强_01_001-020.md,018_佛山市智龙科技有限公司迁扩建项目_01_受理公告或公示版
PL019,PL019_佛山市智龙科技有限公司迁扩建项目_01_受理公告或公示版.pdf,69,2,19,完整,1.0,900 | -218- | 液体 | ，,,解析文本拼接_表格清洗增强_01_001-020.md,018_佛山市智龙科技有限公司迁扩建项目_01_受理公告或公示版
PL019,PL019_佛山市智龙科技有限公司迁扩建项目_01_受理公告或公示版.pdf,69,2,20,部分,0.833,油 | 含矿物油 | 0.06 | 0.06 | 质 | T I,T I,解析文本拼接_表格清洗增强_01_001-020.md,018_佛山市智龙科技有限公司迁扩建项目_01_受理公告或公示版
PL019,PL019_佛山市智龙科技有限公司迁扩建项目_01_受理公告或公示版.pdf,69,2,23,完整,1.0,生产 | 过程 | HW08废,,解析文本拼接_表格清洗增强_01_001-020.md,018_佛山市智龙科技有限公司迁扩建项目_01_受理公告或公示版
PL019,PL019_佛山市智龙科技有限公司迁扩建项目_01_受理公告或公示版.pdf,69,2,25,完整,1.0,废油桶 | 900 | -249- | 有机物 | 固体 | ，,,解析文本拼接_表格清洗增强_01_001-020.md,018_佛山市智龙科技有限公司迁扩建项目_01_受理公告或公示版
PL019,PL019_佛山市智龙科技有限公司迁扩建项目_01_受理公告或公示版.pdf,69,2,26,部分,0.833,含矿物油 | 0.063 | 0.063 | T I | 储存 | 交由有危,T I,解析文本拼接_表格清洗增强_01_001-020.md,018_佛山市智龙科技有限公司迁扩建项目_01_受理公告或公示版
PL019,PL019_佛山市智龙科技有限公司迁扩建项目_01_受理公告或公示版.pdf,69,2,29,部分,0.8,含油废 | HW49其900 | -041- | 机油、 | 置资质单,HW49其900,解析文本拼接_表格清洗增强_01_001-020.md,018_佛山市智龙科技有限公司迁扩建项目_01_受理公告或公示版
PL019,PL019_佛山市智龙科技有限公司迁扩建项目_01_受理公告或公示版.pdf,69,2,30,完整,1.0,抹布 | 他废物 | 0.01 | 0.01 | 布料 | 固体 | T/In | 袋装 | 位处理,,解析文本拼接_表格清洗增强_01_001-020.md,018_佛山市智龙科技有限公司迁扩建项目_01_受理公告或公示版
PL019,PL019_佛山市智龙科技有限公司迁扩建项目_01_受理公告或公示版.pdf,69,2,32,完整,1.0,废PCB | HW49其 | 塑料桶储,,解析文本拼接_表格清洗增强_01_001-020.md,018_佛山市智龙科技有限公司迁扩建项目_01_受理公告或公示版
PL019,PL019_佛山市智龙科技有限公司迁扩建项目_01_受理公告或公示版.pdf,69,2,33,完整,1.0,900 | -045- | 重金属 | 固体,,解析文本拼接_表格清洗增强_01_001-020.md,018_佛山市智龙科技有限公司迁扩建项目_01_受理公告或公示版
PL019,PL019_佛山市智龙科技有限公司迁扩建项目_01_受理公告或公示版.pdf,69,2,34,完整,1.0,0.04 | 0.04 | T,,解析文本拼接_表格清洗增强_01_001-020.md,018_佛山市智龙科技有限公司迁扩建项目_01_受理公告或公示版
PL019,PL019_佛山市智龙科技有限公司迁扩建项目_01_受理公告或公示版.pdf,69,2,35,完整,1.0,板 | 他废物 | 49 | 存,,解析文本拼接_表格清洗增强_01_001-020.md,018_佛山市智龙科技有限公司迁扩建项目_01_受理公告或公示版
PL019,PL019_佛山市智龙科技有限公司迁扩建项目_01_受理公告或公示版.pdf,69,2,36,完整,1.0,废包装 | HW49其 | 封盖堆放,,解析文本拼接_表格清洗增强_01_001-020.md,018_佛山市智龙科技有限公司迁扩建项目_01_受理公告或公示版
PL019,PL019_佛山市智龙科技有限公司迁扩建项目_01_受理公告或公示版.pdf,69,2,37,完整,1.0,900 | -041- | 0.016 | 0.016 | 有机物 | 固体 | T/In,,解析文本拼接_表格清洗增强_01_001-020.md,018_佛山市智龙科技有限公司迁扩建项目_01_受理公告或公示版
PL019,PL019_佛山市智龙科技有限公司迁扩建项目_01_受理公告或公示版.pdf,69,2,38,完整,1.0,桶 | 他废物 | 49 | 储存,,解析文本拼接_表格清洗增强_01_001-020.md,018_佛山市智龙科技有限公司迁扩建项目_01_受理公告或公示版
PL019,PL019_佛山市智龙科技有限公司迁扩建项目_01_受理公告或公示版.pdf,69,2,40,完整,1.0,废活性 | HW49其,,解析文本拼接_表格清洗增强_01_001-020.md,018_佛山市智龙科技有限公司迁扩建项目_01_受理公告或公示版
PL019,PL019_佛山市智龙科技有限公司迁扩建项目_01_受理公告或公示版.pdf,69,2,41,完整,1.0,900 | -039- | 气、活 | 固体 | 袋装,,解析文本拼接_表格清洗增强_01_001-020.md,018_佛山市智龙科技有限公司迁扩建项目_01_受理公告或公示版
PL019,PL019_佛山市智龙科技有限公司迁扩建项目_01_受理公告或公示版.pdf,69,2,42,完整,1.0,炭 | 他废物 | 5.206 | 5.206 | T,,解析文本拼接_表格清洗增强_01_001-020.md,018_佛山市智龙科技有限公司迁扩建项目_01_受理公告或公示版
PL019,PL019_佛山市智龙科技有限公司迁扩建项目_01_受理公告或公示版.pdf,69,2,44,完整,1.0,废气 | 处理 | 性炭,,解析文本拼接_表格清洗增强_01_001-020.md,018_佛山市智龙科技有限公司迁扩建项目_01_受理公告或公示版
PL019,PL019_佛山市智龙科技有限公司迁扩建项目_01_受理公告或公示版.pdf,69,2,47,完整,1.0,废滤芯 | 900 | -041- | 0.006 | 0.006 | 化合物 | 固体 | T/In | 袋装,,解析文本拼接_表格清洗增强_01_001-020.md,018_佛山市智龙科技有限公司迁扩建项目_01_受理公告或公示版
PL019,PL019_佛山市智龙科技有限公司迁扩建项目_01_受理公告或公示版.pdf,69,2,51,完整,1.0,4.2 | 环境管 | 理要求,,解析文本拼接_表格清洗增强_01_001-020.md,018_佛山市智龙科技有限公司迁扩建项目_01_受理公告或公示版
PL019,PL019_佛山市智龙科技有限公司迁扩建项目_01_受理公告或公示版.pdf,69,2,52,完整,1.0,（1 | ）生活 | 垃圾,,解析文本拼接_表格清洗增强_01_001-020.md,018_佛山市智龙科技有限公司迁扩建项目_01_受理公告或公示版
PL019,PL019_佛山市智龙科技有限公司迁扩建项目_01_受理公告或公示版.pdf,69,2,54,完整,1.0,（2 | ）一般 | 工业固体废 | 物,,解析文本拼接_表格清洗增强_01_001-020.md,018_佛山市智龙科技有限公司迁扩建项目_01_受理公告或公示版
PL019,PL019_佛山市智龙科技有限公司迁扩建项目_01_受理公告或公示版.pdf,69,2,55,完整,1.0,废包 | 装材料 | 、塑料次品 | 均交 | 由资源 | 回收 | 公司回 | 收，对 | 周围 | 环境影响不 | 大。根,,解析文本拼接_表格清洗增强_01_001-020.md,018_佛山市智龙科技有限公司迁扩建项目_01_受理公告或公示版
PL019,PL019_佛山市智龙科技有限公司迁扩建项目_01_受理公告或公示版.pdf,69,2,56,完整,1.0,据《 | 中华 | 人民共 | 和国固体 | 废物污 | 染环 | 境防治 | 法》（ | 2020 年 | 4 月 | 29 日修订 | ），产,,解析文本拼接_表格清洗增强_01_001-020.md,018_佛山市智龙科技有限公司迁扩建项目_01_受理公告或公示版
PL019,PL019_佛山市智龙科技有限公司迁扩建项目_01_受理公告或公示版.pdf,69,2,58,完整,1.0,用、 | 处置 | 全过程 | 的污染环境 | 防治 | 责任制 | 度， | 建立工 | 业固体 | 废物 | 管理台账， | 如实记,,解析文本拼接_表格清洗增强_01_001-020.md,018_佛山市智龙科技有限公司迁扩建项目_01_受理公告或公示版
PL019,PL019_佛山市智龙科技有限公司迁扩建项目_01_受理公告或公示版.pdf,69,2,60,完整,1.0,固体 | 废物 | 可追溯 | 、可查询， | 并采 | 取防治 | 工业 | 固体废 | 物污染 | 环境的 | 措施。,,解析文本拼接_表格清洗增强_01_001-020.md,018_佛山市智龙科技有限公司迁扩建项目_01_受理公告或公示版
PL019,PL019_佛山市智龙科技有限公司迁扩建项目_01_受理公告或公示版.pdf,70,1,3,完整,1.0,"1 | 危险废物
贮存间 | 废机油 | HW08废矿
物油与含矿
物油废物 | 900-217-08 | 车间
南面 | 10m2 | 0.1t | 1年",,解析文本拼接_表格清洗增强_01_001-020.md,018_佛山市智龙科技有限公司迁扩建项目_01_受理公告或公示版
PL019,PL019_佛山市智龙科技有限公司迁扩建项目_01_受理公告或公示版.pdf,70,1,4,完整,1.0,"2 | 废液压
油 | HW08废矿
物油与含矿
物油废物 | 900-218-08 | 0.1t | 1年",,解析文本拼接_表格清洗增强_01_001-020.md,018_佛山市智龙科技有限公司迁扩建项目_01_受理公告或公示版
PL019,PL019_佛山市智龙科技有限公司迁扩建项目_01_受理公告或公示版.pdf,70,1,5,完整,1.0,"3 | 废油桶 | HW08废矿
物油与含矿
物油废物 | 900-249-08 | 0.1t | 1年",,解析文本拼接_表格清洗增强_01_001-020.md,018_佛山市智龙科技有限公司迁扩建项目_01_受理公告或公示版
PL019,PL019_佛山市智龙科技有限公司迁扩建项目_01_受理公告或公示版.pdf,70,1,6,完整,1.0,"4 | 含油废
抹布 | HW49其他
废物 | 900-041-49 | 0.1t | 1年",,解析文本拼接_表格清洗增强_01_001-020.md,018_佛山市智龙科技有限公司迁扩建项目_01_受理公告或公示版
PL019,PL019_佛山市智龙科技有限公司迁扩建项目_01_受理公告或公示版.pdf,70,1,7,完整,1.0,"5 | 废活性
炭 | HW49其他
废物 | 900-039-49 | 3t | 半年",,解析文本拼接_表格清洗增强_01_001-020.md,018_佛山市智龙科技有限公司迁扩建项目_01_受理公告或公示版
PL019,PL019_佛山市智龙科技有限公司迁扩建项目_01_受理公告或公示版.pdf,70,1,8,完整,1.0,"6 | 废PCB
板 | HW49其他
废物 | 900-045-49 | 0.1t | 1年",,解析文本拼接_表格清洗增强_01_001-020.md,018_佛山市智龙科技有限公司迁扩建项目_01_受理公告或公示版
PL019,PL019_佛山市智龙科技有限公司迁扩建项目_01_受理公告或公示版.pdf,70,1,9,完整,1.0,"7 | 废包装
桶 | HW49其他
废物 | 900-041-49 | 0.1t | 1年",,解析文本拼接_表格清洗增强_01_001-020.md,018_佛山市智龙科技有限公司迁扩建项目_01_受理公告或公示版
PL019,PL019_佛山市智龙科技有限公司迁扩建项目_01_受理公告或公示版.pdf,70,1,10,完整,1.0,"8 | 废滤芯 | HW49其他
废物 | 900-041-49 | 0.1t | 1年",,解析文本拼接_表格清洗增强_01_001-020.md,018_佛山市智龙科技有限公司迁扩建项目_01_受理公告或公示版
PL019,PL019_佛山市智龙科技有限公司迁扩建项目_01_受理公告或公示版.pdf,70,2,2,完整,1.0,各种危 | 险废物能 | 够得到合 | 法合理处置， | 本评价拟按 | 照《危 | 险废物贮 | 存污染 | 控制标,,解析文本拼接_表格清洗增强_01_001-020.md,018_佛山市智龙科技有限公司迁扩建项目_01_受理公告或公示版
PL019,PL019_佛山市智龙科技有限公司迁扩建项目_01_受理公告或公示版.pdf,70,2,3,完整,1.0,准》（ | GB18597- | 2023）提 | 出相应的治理 | 措施，以进 | 一步规 | 范收集、 | 贮运、 | 处置方,,解析文本拼接_表格清洗增强_01_001-020.md,018_佛山市智龙科技有限公司迁扩建项目_01_受理公告或公示版
PL019,PL019_佛山市智龙科技有限公司迁扩建项目_01_受理公告或公示版.pdf,70,2,6,完整,1.0,危 | 险废物暂 | 存场所符 | 合《危险废物 | 贮存污染控 | 制标准 | 》（GB18 | 597-20 | 23）要,,解析文本拼接_表格清洗增强_01_001-020.md,018_佛山市智龙科技有限公司迁扩建项目_01_受理公告或公示版
PL019,PL019_佛山市智龙科技有限公司迁扩建项目_01_受理公告或公示版.pdf,70,2,11,完整,1.0,表4.19 | 项目危险废 | 物贮存场所（ | 设施）基 | 本情况,,解析文本拼接_表格清洗增强_01_001-020.md,018_佛山市智龙科技有限公司迁扩建项目_01_受理公告或公示版
PL019,PL019_佛山市智龙科技有限公司迁扩建项目_01_受理公告或公示版.pdf,70,2,18,完整,1.0,1 | 废机油 | 物油与含矿 | 900-217-08 | 0.1t | 1年,,解析文本拼接_表格清洗增强_01_001-020.md,018_佛山市智龙科技有限公司迁扩建项目_01_受理公告或公示版
PL019,PL019_佛山市智龙科技有限公司迁扩建项目_01_受理公告或公示版.pdf,70,2,21,完整,1.0,废液压 | HW08,,解析文本拼接_表格清洗增强_01_001-020.md,018_佛山市智龙科技有限公司迁扩建项目_01_受理公告或公示版
PL019,PL019_佛山市智龙科技有限公司迁扩建项目_01_受理公告或公示版.pdf,70,2,23,完整,1.0,2 | 油 | 900-218-08 | 0.1t | 1,,解析文本拼接_表格清洗增强_01_001-020.md,018_佛山市智龙科技有限公司迁扩建项目_01_受理公告或公示版
PL019,PL019_佛山市智龙科技有限公司迁扩建项目_01_受理公告或公示版.pdf,70,2,26,完整,1.0,3 | 废油桶 | 物油与含矿 | 900-249-08 | 0.1t | 1年,,解析文本拼接_表格清洗增强_01_001-020.md,018_佛山市智龙科技有限公司迁扩建项目_01_受理公告或公示版
PL019,PL019_佛山市智龙科技有限公司迁扩建项目_01_受理公告或公示版.pdf,70,2,29,完整,1.0,贮存间 | 含油废 | HW49其他 | 南面 | 10m2 | 年,,解析文本拼接_表格清洗增强_01_001-020.md,018_佛山市智龙科技有限公司迁扩建项目_01_受理公告或公示版
PL019,PL019_佛山市智龙科技有限公司迁扩建项目_01_受理公告或公示版.pdf,70,2,30,完整,1.0,4 | 抹布 | 废物 | 900-041-49 | 0.1t | 1,,解析文本拼接_表格清洗增强_01_001-020.md,018_佛山市智龙科技有限公司迁扩建项目_01_受理公告或公示版
PL019,PL019_佛山市智龙科技有限公司迁扩建项目_01_受理公告或公示版.pdf,70,2,31,完整,1.0,废活性 | HW49其他,,解析文本拼接_表格清洗增强_01_001-020.md,018_佛山市智龙科技有限公司迁扩建项目_01_受理公告或公示版
PL019,PL019_佛山市智龙科技有限公司迁扩建项目_01_受理公告或公示版.pdf,70,2,33,完整,1.0,5 | 900-039-49 | 3t,,解析文本拼接_表格清洗增强_01_001-020.md,018_佛山市智龙科技有限公司迁扩建项目_01_受理公告或公示版
PL019,PL019_佛山市智龙科技有限公司迁扩建项目_01_受理公告或公示版.pdf,70,2,35,完整,1.0,废PCB | HW49其他,,解析文本拼接_表格清洗增强_01_001-020.md,018_佛山市智龙科技有限公司迁扩建项目_01_受理公告或公示版
PL019,PL019_佛山市智龙科技有限公司迁扩建项目_01_受理公告或公示版.pdf,70,2,37,完整,1.0,6 | 板 | 废物 | 900-045-49 | 0.1t | 1,,解析文本拼接_表格清洗增强_01_001-020.md,018_佛山市智龙科技有限公司迁扩建项目_01_受理公告或公示版
PL019,PL019_佛山市智龙科技有限公司迁扩建项目_01_受理公告或公示版.pdf,70,2,38,完整,1.0,废包装 | HW49其他,,解析文本拼接_表格清洗增强_01_001-020.md,018_佛山市智龙科技有限公司迁扩建项目_01_受理公告或公示版
PL019,PL019_佛山市智龙科技有限公司迁扩建项目_01_受理公告或公示版.pdf,70,2,40,完整,1.0,7 | 桶 | 废物 | 900-041-49 | 0.1t | 1,,解析文本拼接_表格清洗增强_01_001-020.md,018_佛山市智龙科技有限公司迁扩建项目_01_受理公告或公示版
PL019,PL019_佛山市智龙科技有限公司迁扩建项目_01_受理公告或公示版.pdf,70,2,43,完整,1.0,8 | 废物 | 900-041-49 | 0.1t | 1,,解析文本拼接_表格清洗增强_01_001-020.md,018_佛山市智龙科技有限公司迁扩建项目_01_受理公告或公示版
PL019,PL019_佛山市智龙科技有限公司迁扩建项目_01_受理公告或公示版.pdf,72,2,1,完整,1.0,"天然包气带
防污性能 | 污染控制
难易程度 | 污染物类
型 | 防渗分区",,解析文本拼接_表格清洗增强_01_001-020.md,018_佛山市智龙科技有限公司迁扩建项目_01_受理公告或公示版
PL019,PL019_佛山市智龙科技有限公司迁扩建项目_01_受理公告或公示版.pdf,72,2,2,完整,1.0,"中-强 | 难 | 重金属、
持久
性污染物 | 重点防
渗区",,解析文本拼接_表格清洗增强_01_001-020.md,018_佛山市智龙科技有限公司迁扩建项目_01_受理公告或公示版
PL019,PL019_佛山市智龙科技有限公司迁扩建项目_01_受理公告或公示版.pdf,72,2,3,完整,1.0,"中-强 | 易 | 重金属、
持久
性污染物 | 一般防
渗区",,解析文本拼接_表格清洗增强_01_001-020.md,018_佛山市智龙科技有限公司迁扩建项目_01_受理公告或公示版
PL019,PL019_佛山市智龙科技有限公司迁扩建项目_01_受理公告或公示版.pdf,74,2,2,完整,1.0,0.05 | 2500,,解析文本拼接_表格清洗增强_01_001-020.md,018_佛山市智龙科技有限公司迁扩建项目_01_受理公告或公示版
PL019,PL019_佛山市智龙科技有限公司迁扩建项目_01_受理公告或公示版.pdf,74,2,3,完整,1.0,0.2 | 2500,,解析文本拼接_表格清洗增强_01_001-020.md,018_佛山市智龙科技有限公司迁扩建项目_01_受理公告或公示版
PL019,PL019_佛山市智龙科技有限公司迁扩建项目_01_受理公告或公示版.pdf,74,2,4,完整,1.0,0.006 | 2500,,解析文本拼接_表格清洗增强_01_001-020.md,018_佛山市智龙科技有限公司迁扩建项目_01_受理公告或公示版
PL019,PL019_佛山市智龙科技有限公司迁扩建项目_01_受理公告或公示版.pdf,74,2,5,完整,1.0,0.06 | 2500,,解析文本拼接_表格清洗增强_01_001-020.md,018_佛山市智龙科技有限公司迁扩建项目_01_受理公告或公示版
PL019,PL019_佛山市智龙科技有限公司迁扩建项目_01_受理公告或公示版.pdf,74,3,2,完整,1.0,"火灾、爆
炸、泄漏 | 生产车间生产设备破碎或使
用不当造成化学品原料泄漏",,解析文本拼接_表格清洗增强_01_001-020.md,018_佛山市智龙科技有限公司迁扩建项目_01_受理公告或公示版
PL019,PL019_佛山市智龙科技有限公司迁扩建项目_01_受理公告或公示版.pdf,74,3,3,完整,1.0,"火灾、爆
炸、泄漏 | 原辅材料及产品包装物破损
造成化学品泄漏",,解析文本拼接_表格清洗增强_01_001-020.md,018_佛山市智龙科技有限公司迁扩建项目_01_受理公告或公示版
PL019,PL019_佛山市智龙科技有限公司迁扩建项目_01_受理公告或公示版.pdf,74,3,5,完整,1.0,事故排放 | 设备操作不当、损坏或失效,,解析文本拼接_表格清洗增强_01_001-020.md,018_佛山市智龙科技有限公司迁扩建项目_01_受理公告或公示版
PL019,PL019_佛山市智龙科技有限公司迁扩建项目_01_受理公告或公示版.pdf,74,4,1,完整,1.0,险 | 化学品，机 | 油、 | 液压油 | 、废机油、废 | 液压油属于表 | B.1 | 突发环境事件风险物,,解析文本拼接_表格清洗增强_01_001-020.md,018_佛山市智龙科技有限公司迁扩建项目_01_受理公告或公示版
PL019,PL019_佛山市智龙科技有限公司迁扩建项目_01_受理公告或公示版.pdf,74,4,2,完整,1.0,， | 油类物质临 | 界量 | 为2500 | t。助焊剂属于 | 表B.2 其他危 | 险物 | 质，按健康危险急性,,解析文本拼接_表格清洗增强_01_001-020.md,018_佛山市智龙科技有限公司迁扩建项目_01_受理公告或公示版
PL019,PL019_佛山市智龙科技有限公司迁扩建项目_01_受理公告或公示版.pdf,74,4,3,完整,1.0,性 | 物质（类别 | 2， | 类别3） | 推荐临界值， | 临界量为50t | 。,,解析文本拼接_表格清洗增强_01_001-020.md,018_佛山市智龙科技有限公司迁扩建项目_01_受理公告或公示版
PL019,PL019_佛山市智龙科技有限公司迁扩建项目_01_受理公告或公示版.pdf,74,4,5,完整,1.0,表 | 4.21 危险物质 | 与临界量比值,,解析文本拼接_表格清洗增强_01_001-020.md,018_佛山市智龙科技有限公司迁扩建项目_01_受理公告或公示版
PL019,PL019_佛山市智龙科技有限公司迁扩建项目_01_受理公告或公示版.pdf,74,4,7,完整,1.0,机油 | 0 | .05 | 2500 | 0.00002,,解析文本拼接_表格清洗增强_01_001-020.md,018_佛山市智龙科技有限公司迁扩建项目_01_受理公告或公示版
PL019,PL019_佛山市智龙科技有限公司迁扩建项目_01_受理公告或公示版.pdf,74,4,8,完整,1.0,液压油 | 0.2 | 2500 | 0.00008,,解析文本拼接_表格清洗增强_01_001-020.md,018_佛山市智龙科技有限公司迁扩建项目_01_受理公告或公示版
PL019,PL019_佛山市智龙科技有限公司迁扩建项目_01_受理公告或公示版.pdf,74,4,9,完整,1.0,废机油 | 0. | 006 | 2500 | 0.0000024,,解析文本拼接_表格清洗增强_01_001-020.md,018_佛山市智龙科技有限公司迁扩建项目_01_受理公告或公示版
PL019,PL019_佛山市智龙科技有限公司迁扩建项目_01_受理公告或公示版.pdf,74,4,10,完整,1.0,废液压油 | 0 | .06 | 2500 | 0.000024,,解析文本拼接_表格清洗增强_01_001-020.md,018_佛山市智龙科技有限公司迁扩建项目_01_受理公告或公示版
PL019,PL019_佛山市智龙科技有限公司迁扩建项目_01_受理公告或公示版.pdf,74,4,11,完整,1.0,助焊剂 | 0.1 | 50 | 0.002,,解析文本拼接_表格清洗增强_01_001-020.md,018_佛山市智龙科技有限公司迁扩建项目_01_受理公告或公示版
PL019,PL019_佛山市智龙科技有限公司迁扩建项目_01_受理公告或公示版.pdf,74,4,12,完整,1.0,合计 | 0.0021264,,解析文本拼接_表格清洗增强_01_001-020.md,018_佛山市智龙科技有限公司迁扩建项目_01_受理公告或公示版
PL019,PL019_佛山市智龙科技有限公司迁扩建项目_01_受理公告或公示版.pdf,74,4,13,完整,1.0,上表计算结 | 果可 | 知，Q= | 0.0021264，Q | ＜1，不需要 | 进行 | 环境风险专项评价。,,解析文本拼接_表格清洗增强_01_001-020.md,018_佛山市智龙科技有限公司迁扩建项目_01_受理公告或公示版
PL019,PL019_佛山市智龙科技有限公司迁扩建项目_01_受理公告或公示版.pdf,74,4,15,完整,1.0,表 | 4.22 | 迁扩建 | 后项目风险源分 | 布、可能影响 | 的途径 | 一览表,,解析文本拼接_表格清洗增强_01_001-020.md,018_佛山市智龙科技有限公司迁扩建项目_01_受理公告或公示版
PL019,PL019_佛山市智龙科技有限公司迁扩建项目_01_受理公告或公示版.pdf,74,4,19,完整,1.0,火灾 | 、爆 | 生产车间生产设 | 备破碎或使,,解析文本拼接_表格清洗增强_01_001-020.md,018_佛山市智龙科技有限公司迁扩建项目_01_受理公告或公示版
PL019,PL019_佛山市智龙科技有限公司迁扩建项目_01_受理公告或公示版.pdf,74,4,25,完整,1.0,火灾 | 、爆 | 原辅材料及产品 | 包装物破损,,解析文本拼接_表格清洗增强_01_001-020.md,018_佛山市智龙科技有限公司迁扩建项目_01_受理公告或公示版
PL019,PL019_佛山市智龙科技有限公司迁扩建项目_01_受理公告或公示版.pdf,74,4,28,完整,1.0,学品 | 泄漏将污染土壤、水体,,解析文本拼接_表格清洗增强_01_001-020.md,018_佛山市智龙科技有限公司迁扩建项目_01_受理公告或公示版
PL019,PL019_佛山市智龙科技有限公司迁扩建项目_01_受理公告或公示版.pdf,74,4,31,完整,1.0,泄 | 漏 | 可能污染地下水,,解析文本拼接_表格清洗增强_01_001-020.md,018_佛山市智龙科技有限公司迁扩建项目_01_受理公告或公示版
PL019,PL019_佛山市智龙科技有限公司迁扩建项目_01_受理公告或公示版.pdf,74,4,34,完整,1.0,污染 | 周围大气并造成敏感点,,解析文本拼接_表格清洗增强_01_001-020.md,018_佛山市智龙科技有限公司迁扩建项目_01_受理公告或公示版
PL019,PL019_佛山市智龙科技有限公司迁扩建项目_01_受理公告或公示版.pdf,74,4,35,完整,1.0,废气 | 事故排放 | 事故 | 排放 | 设备操作不当、 | 损坏或失效,,解析文本拼接_表格清洗增强_01_001-020.md,018_佛山市智龙科技有限公司迁扩建项目_01_受理公告或公示版
PL019,PL019_佛山市智龙科技有限公司迁扩建项目_01_受理公告或公示版.pdf,76,1,1,部分,0.8,"内容
要素 | 排放口(编号、
名称)/污染源 | 污染物项目 | 环境保护措施 | 执行标准","内容
要素",解析文本拼接_表格清洗增强_01_001-020.md,018_佛山市智龙科技有限公司迁扩建项目_01_受理公告或公示版
PL019,PL019_佛山市智龙科技有限公司迁扩建项目_01_受理公告或公示版.pdf,76,1,2,完整,1.0,"大气环境 | DA001（注塑、
超声波焊接、浸
锡、组装） | 非甲烷总烃 | 干式过滤棉+活性
炭吸附（排气筒编
号（DA001）；风
量20000m3/h，45
米高空排放） | 《合成树脂工业污染物排放
标准》（GB31572-2015，含
2024年修改单）中表4大气
污染物排放标准与广东省地
方标准《固定污染源挥发性有
机物综合排放标准》
（DB",,解析文本拼接_表格清洗增强_01_001-020.md,018_佛山市智龙科技有限公司迁扩建项目_01_受理公告或公示版
PL019,PL019_佛山市智龙科技有限公司迁扩建项目_01_受理公告或公示版.pdf,76,1,3,完整,1.0,"VOCs | 广东省地方标准《固定污染源
挥发性有机物综合排放标准》
（DB44/2367-2022）表1挥发
性有机物排放限值",,解析文本拼接_表格清洗增强_01_001-020.md,018_佛山市智龙科技有限公司迁扩建项目_01_受理公告或公示版
PL019,PL019_佛山市智龙科技有限公司迁扩建项目_01_受理公告或公示版.pdf,76,1,4,完整,1.0,"锡及其化合
物 | 广东省地方标准《大气污染物
排放限值》（DB44/27-2001）
中第二时段二级标准",,解析文本拼接_表格清洗增强_01_001-020.md,018_佛山市智龙科技有限公司迁扩建项目_01_受理公告或公示版
PL019,PL019_佛山市智龙科技有限公司迁扩建项目_01_受理公告或公示版.pdf,76,1,5,完整,1.0,"臭气浓度 | 《恶臭污染物排放标准》
（GB14554-93）中表2恶臭
污染物排放标准值",,解析文本拼接_表格清洗增强_01_001-020.md,018_佛山市智龙科技有限公司迁扩建项目_01_受理公告或公示版
PL019,PL019_佛山市智龙科技有限公司迁扩建项目_01_受理公告或公示版.pdf,76,1,6,完整,1.0,"厂界 | 锡及其化合
物、颗粒物 | 项目在厂房墙体设
置排气扇，加强车
间通风 | 广东省地方标准《大气污染物
排放限值》（DB44/27-2001）
第二时段无组织排放监控浓
度限值",,解析文本拼接_表格清洗增强_01_001-020.md,018_佛山市智龙科技有限公司迁扩建项目_01_受理公告或公示版
PL019,PL019_佛山市智龙科技有限公司迁扩建项目_01_受理公告或公示版.pdf,76,1,7,完整,1.0,"臭气浓度 | 《恶臭污染物排放标准》
（GB14554-93）表1恶臭污
染物厂界标准值的二级新扩
改建标准",,解析文本拼接_表格清洗增强_01_001-020.md,018_佛山市智龙科技有限公司迁扩建项目_01_受理公告或公示版
PL019,PL019_佛山市智龙科技有限公司迁扩建项目_01_受理公告或公示版.pdf,76,1,8,完整,1.0,"厂区内 | NMHC | 广东省《固定污染源挥发性有
机物综合排放标准》
（DB44/2367-2022）表3厂区
内VOCs无组织排放限值",,解析文本拼接_表格清洗增强_01_001-020.md,018_佛山市智龙科技有限公司迁扩建项目_01_受理公告或公示版
PL019,PL019_佛山市智龙科技有限公司迁扩建项目_01_受理公告或公示版.pdf,76,1,9,部分,0.8,"地表水环境 | 生活污水 | COD 、
Cr
BOD 、氨氮、
5
SS | 三级化粪池 | 广东省《水污染物排放限值》
（DB44/26-2001）第二时段三
级标准","COD 、
Cr
BOD 、氨氮、
5
SS",解析文本拼接_表格清洗增强_01_001-020.md,018_佛山市智龙科技有限公司迁扩建项目_01_受理公告或公示版
PL019,PL019_佛山市智龙科技有限公司迁扩建项目_01_受理公告或公示版.pdf,76,1,11,完整,1.0,"声环境 | 生产过程 | 噪声 | 选低噪声设备、对
各设备安装减振消
声等设施、合理布
局 | 《工业企业厂界环境噪声排
放标准》(GB12348-2008)中3
类标准",,解析文本拼接_表格清洗增强_01_001-020.md,018_佛山市智龙科技有限公司迁扩建项目_01_受理公告或公示版
PL019,PL019_佛山市智龙科技有限公司迁扩建项目_01_受理公告或公示版.pdf,76,2,1,完整,1.0,排放口(编号、 | 污染物项目 | 环境保护措施 | 执行标准,,解析文本拼接_表格清洗增强_01_001-020.md,018_佛山市智龙科技有限公司迁扩建项目_01_受理公告或公示版
PL019,PL019_佛山市智龙科技有限公司迁扩建项目_01_受理公告或公示版.pdf,76,2,2,完整,1.0,素 | 名称)/污染源,,解析文本拼接_表格清洗增强_01_001-020.md,018_佛山市智龙科技有限公司迁扩建项目_01_受理公告或公示版
PL019,PL019_佛山市智龙科技有限公司迁扩建项目_01_受理公告或公示版.pdf,76,2,12,完整,1.0,（注塑、 | 炭吸附（排气筒编,,解析文本拼接_表格清洗增强_01_001-020.md,018_佛山市智龙科技有限公司迁扩建项目_01_受理公告或公示版
PL019,PL019_佛山市智龙科技有限公司迁扩建项目_01_受理公告或公示版.pdf,76,2,13,完整,1.0,DA001 | 广东省地方标准《固定污染源,,解析文本拼接_表格清洗增强_01_001-020.md,018_佛山市智龙科技有限公司迁扩建项目_01_受理公告或公示版
PL019,PL019_佛山市智龙科技有限公司迁扩建项目_01_受理公告或公示版.pdf,76,2,15,完整,1.0,DA001 | 挥发性有机物综合排放标准》,,解析文本拼接_表格清洗增强_01_001-020.md,018_佛山市智龙科技有限公司迁扩建项目_01_受理公告或公示版
PL019,PL019_佛山市智龙科技有限公司迁扩建项目_01_受理公告或公示版.pdf,76,2,16,疑似缺失,0.5,锡、组装） | 量 3 ，,量 3 ，,解析文本拼接_表格清洗增强_01_001-020.md,018_佛山市智龙科技有限公司迁扩建项目_01_受理公告或公示版
PL019,PL019_佛山市智龙科技有限公司迁扩建项目_01_受理公告或公示版.pdf,76,2,17,疑似缺失,0.667,VOCs | 20000m /h 45 | （DB44/2367-2022）表1挥发,20000m /h 45,解析文本拼接_表格清洗增强_01_001-020.md,018_佛山市智龙科技有限公司迁扩建项目_01_受理公告或公示版
PL019,PL019_佛山市智龙科技有限公司迁扩建项目_01_受理公告或公示版.pdf,76,2,23,完整,1.0,物 | DB44/27-2001,,解析文本拼接_表格清洗增强_01_001-020.md,018_佛山市智龙科技有限公司迁扩建项目_01_受理公告或公示版
PL019,PL019_佛山市智龙科技有限公司迁扩建项目_01_受理公告或公示版.pdf,76,2,27,完整,1.0,臭气浓度 | （GB14554-93）中表2恶臭,,解析文本拼接_表格清洗增强_01_001-020.md,018_佛山市智龙科技有限公司迁扩建项目_01_受理公告或公示版
PL019,PL019_佛山市智龙科技有限公司迁扩建项目_01_受理公告或公示版.pdf,76,2,30,完整,1.0,锡及其化合 | 排放限值》（DB44/27-2001）,,解析文本拼接_表格清洗增强_01_001-020.md,018_佛山市智龙科技有限公司迁扩建项目_01_受理公告或公示版
PL019,PL019_佛山市智龙科技有限公司迁扩建项目_01_受理公告或公示版.pdf,76,2,37,疑似缺失,0.667,臭气浓度 | 置排气扇，加强车 | GB14554-93 1,GB14554-93 1,解析文本拼接_表格清洗增强_01_001-020.md,018_佛山市智龙科技有限公司迁扩建项目_01_受理公告或公示版
PL019,PL019_佛山市智龙科技有限公司迁扩建项目_01_受理公告或公示版.pdf,76,2,50,疑似缺失,0.667,"B | OD 、氨氮、
5 | DB44/26-2001","OD 、氨氮、
5",解析文本拼接_表格清洗增强_01_001-020.md,018_佛山市智龙科技有限公司迁扩建项目_01_受理公告或公示版
PL019,PL019_佛山市智龙科技有限公司迁扩建项目_01_受理公告或公示版.pdf,76,2,59,部分,0.75,声环境 | 生产过程 | 噪声 | 放标准》 中,放标准》 中,解析文本拼接_表格清洗增强_01_001-020.md,018_佛山市智龙科技有限公司迁扩建项目_01_受理公告或公示版
PL019,PL019_佛山市智龙科技有限公司迁扩建项目_01_受理公告或公示版.pdf,76,2,60,疑似缺失,0.5,声等设施、合理布 | (GB12348-2008) 3,(GB12348-2008) 3,解析文本拼接_表格清洗增强_01_001-020.md,018_佛山市智龙科技有限公司迁扩建项目_01_受理公告或公示版
PL019,PL019_佛山市智龙科技有限公司迁扩建项目_01_受理公告或公示版.pdf,77,1,2,完整,1.0,"固体废物 | 员工生活垃圾经收集后交由环卫部门定期清运处理，废包装材料、塑料次品均交由
资源回收公司回收；废机油、废液压油、含油废抹布、废油桶、废活性炭、废滤芯
交由有相关资质的危废公司处置",,解析文本拼接_表格清洗增强_01_001-020.md,018_佛山市智龙科技有限公司迁扩建项目_01_受理公告或公示版
PL019,PL019_佛山市智龙科技有限公司迁扩建项目_01_受理公告或公示版.pdf,77,1,6,完整,1.0,"其他环境
管理要求 | 根据《固定污染源排污许可分类管理名录》（2019年版），实行排污登记管理，实
行登记管理的排污单位，不需要申请取得排污许可证，应当在全国排污许可证管理
信息平台填报排污登记表，登记基本信息、污染物排放去向、执行的污染物排放标",,解析文本拼接_表格清洗增强_01_001-020.md,018_佛山市智龙科技有限公司迁扩建项目_01_受理公告或公示版
PL019,PL019_佛山市智龙科技有限公司迁扩建项目_01_受理公告或公示版.pdf,77,2,3,完整,1.0,固体废物 | 资源回收公司回收；废机油、废液压油、含油废抹布、废油桶、废活性炭、废滤芯,,解析文本拼接_表格清洗增强_01_001-020.md,018_佛山市智龙科技有限公司迁扩建项目_01_受理公告或公示版
PL019,PL019_佛山市智龙科技有限公司迁扩建项目_01_受理公告或公示版.pdf,77,2,17,完整,1.0,污染防治措施 | 20cm,,解析文本拼接_表格清洗增强_01_001-020.md,018_佛山市智龙科技有限公司迁扩建项目_01_受理公告或公示版
PL019,PL019_佛山市智龙科技有限公司迁扩建项目_01_受理公告或公示版.pdf,77,2,37,完整,1.0,环境风险 | 生的废气对环境和周围人体健康有较大的影响，应采取必要的防范和急救措施：发,,解析文本拼接_表格清洗增强_01_001-020.md,018_佛山市智龙科技有限公司迁扩建项目_01_受理公告或公示版
PL019,PL019_佛山市智龙科技有限公司迁扩建项目_01_受理公告或公示版.pdf,77,2,48,完整,1.0,其他环境 | 2019,,解析文本拼接_表格清洗增强_01_001-020.md,018_佛山市智龙科技有限公司迁扩建项目_01_受理公告或公示版
PL019,PL019_佛山市智龙科技有限公司迁扩建项目_01_受理公告或公示版.pdf,80,1,1,完整,1.0,"项目
分类 | 污染物名称 | 现有工程
排放量（固体废物
产生量）① | 现有工程
许可排放量
② | 在建工程
排放量（固体废物
产生量）③ | 本项目
排放量（固体废物
产生量）④ | 以新带老削减量
（新建项目不填）⑤ | 本项目建成后
全厂排放量（固体废
物产生量）⑥ | 变化量
⑦",,解析文本拼接_表格清洗增强_01_001-020.md,018_佛山市智龙科技有限公司迁扩建项目_01_受理公告或公示版
PL019,PL019_佛山市智龙科技有限公司迁扩建项目_01_受理公告或公示版.pdf,80,1,2,完整,1.0,废气 | 非甲烷总烃 | 有组织 | 0.203 | 0 | 0 | 0.392 | 0.203 | 0.392 | +0.189,,解析文本拼接_表格清洗增强_01_001-020.md,018_佛山市智龙科技有限公司迁扩建项目_01_受理公告或公示版
PL019,PL019_佛山市智龙科技有限公司迁扩建项目_01_受理公告或公示版.pdf,80,1,3,完整,1.0,无组织 | 0.618 | 0 | 0 | 0.785 | 0.618 | 0.785 | +0.167,,解析文本拼接_表格清洗增强_01_001-020.md,018_佛山市智龙科技有限公司迁扩建项目_01_受理公告或公示版
PL019,PL019_佛山市智龙科技有限公司迁扩建项目_01_受理公告或公示版.pdf,80,1,4,完整,1.0,VOCs | 有组织 | 0.110 | 0 | 0 | 0.205 | 0.110 | 0.205 | +0.095,,解析文本拼接_表格清洗增强_01_001-020.md,018_佛山市智龙科技有限公司迁扩建项目_01_受理公告或公示版
PL019,PL019_佛山市智龙科技有限公司迁扩建项目_01_受理公告或公示版.pdf,80,1,5,完整,1.0,无组织 | 0.225 | 0 | 0 | 0.410 | 0.225 | 0.410 | +0.185,,解析文本拼接_表格清洗增强_01_001-020.md,018_佛山市智龙科技有限公司迁扩建项目_01_受理公告或公示版
PL019,PL019_佛山市智龙科技有限公司迁扩建项目_01_受理公告或公示版.pdf,80,1,6,完整,1.0,"锡及其化合
物 | 有组织 | 0.00045 | 0 | 0 | 0.00004 | 0.00045 | 0.00004 | -0.00041",,解析文本拼接_表格清洗增强_01_001-020.md,018_佛山市智龙科技有限公司迁扩建项目_01_受理公告或公示版
PL019,PL019_佛山市智龙科技有限公司迁扩建项目_01_受理公告或公示版.pdf,80,1,7,完整,1.0,无组织 | 0.00025 | 0 | 0 | 0.0002 | 0.00025 | 0.0002 | -0.00005,,解析文本拼接_表格清洗增强_01_001-020.md,018_佛山市智龙科技有限公司迁扩建项目_01_受理公告或公示版
PL019,PL019_佛山市智龙科技有限公司迁扩建项目_01_受理公告或公示版.pdf,80,1,8,完整,1.0,颗粒物 | 无组织 | 0.006 | 0 | 0 | 0.099 | 0.006 | 0.099 | +0.093,,解析文本拼接_表格清洗增强_01_001-020.md,018_佛山市智龙科技有限公司迁扩建项目_01_受理公告或公示版
PL019,PL019_佛山市智龙科技有限公司迁扩建项目_01_受理公告或公示版.pdf,80,1,9,完整,1.0,废水 | 生活污水 | CODcr | 0.0086 | 0 | 0 | 0.0054 | 0.0086 | 0.0054 | -0.0032,,解析文本拼接_表格清洗增强_01_001-020.md,018_佛山市智龙科技有限公司迁扩建项目_01_受理公告或公示版
PL019,PL019_佛山市智龙科技有限公司迁扩建项目_01_受理公告或公示版.pdf,80,1,10,完整,1.0,"BOD
5 | 0.0022 | 0 | 0 | 0.0014 | 0.0022 | 0.0014 | -0.0008",,解析文本拼接_表格清洗增强_01_001-020.md,018_佛山市智龙科技有限公司迁扩建项目_01_受理公告或公示版
PL019,PL019_佛山市智龙科技有限公司迁扩建项目_01_受理公告或公示版.pdf,80,1,11,完整,1.0,SS | 0.0022 | 0 | 0 | 0.0014 | 0.0022 | 0.0014 | -0.0008,,解析文本拼接_表格清洗增强_01_001-020.md,018_佛山市智龙科技有限公司迁扩建项目_01_受理公告或公示版
PL019,PL019_佛山市智龙科技有限公司迁扩建项目_01_受理公告或公示版.pdf,80,1,12,完整,1.0,氨氮 | 0.0011 | 0 | 0 | 0.0007 | 0.0011 | 0.0007 | -0.0004,,解析文本拼接_表格清洗增强_01_001-020.md,018_佛山市智龙科技有限公司迁扩建项目_01_受理公告或公示版
PL019,PL019_佛山市智龙科技有限公司迁扩建项目_01_受理公告或公示版.pdf,80,1,13,完整,1.0,"一般工业
固体废物 | 塑料次品 | 14.25 | 0 | 0 | 28.75 | 14.25 | 28.75 | +14.5",,解析文本拼接_表格清洗增强_01_001-020.md,018_佛山市智龙科技有限公司迁扩建项目_01_受理公告或公示版
PL019,PL019_佛山市智龙科技有限公司迁扩建项目_01_受理公告或公示版.pdf,80,1,14,完整,1.0,废包装材料 | 1.14 | 0 | 0 | 0.24 | 1.14 | 0.24 | -0.9,,解析文本拼接_表格清洗增强_01_001-020.md,018_佛山市智龙科技有限公司迁扩建项目_01_受理公告或公示版
PL019,PL019_佛山市智龙科技有限公司迁扩建项目_01_受理公告或公示版.pdf,80,1,15,完整,1.0,危险废物 | 废液压油 | 0.36 | 0 | 0 | 0.06 | 0.36 | 0.06 | -0.3,,解析文本拼接_表格清洗增强_01_001-020.md,018_佛山市智龙科技有限公司迁扩建项目_01_受理公告或公示版
PL019,PL019_佛山市智龙科技有限公司迁扩建项目_01_受理公告或公示版.pdf,80,2,3,部分,0.857,污染物名 | 称 | 排放量（固体废物 | 排 | 放量（固体废物排 | 放量（固体废物 | 全厂排放量（固体废,放量（固体废物排,解析文本拼接_表格清洗增强_01_001-020.md,018_佛山市智龙科技有限公司迁扩建项目_01_受理公告或公示版
PL019,PL019_佛山市智龙科技有限公司迁扩建项目_01_受理公告或公示版.pdf,80,2,6,完整,1.0,有组织 | 0.203 | 0 | 0 | 0.392 | 0.203 | 0.392 | +0.189,,解析文本拼接_表格清洗增强_01_001-020.md,018_佛山市智龙科技有限公司迁扩建项目_01_受理公告或公示版
PL019,PL019_佛山市智龙科技有限公司迁扩建项目_01_受理公告或公示版.pdf,80,2,8,完整,1.0,无组织 | 0.618 | 0 | 0 | 0.785 | 0.618 | 0.785 | +0.167,,解析文本拼接_表格清洗增强_01_001-020.md,018_佛山市智龙科技有限公司迁扩建项目_01_受理公告或公示版
PL019,PL019_佛山市智龙科技有限公司迁扩建项目_01_受理公告或公示版.pdf,80,2,9,完整,1.0,有组织 | 0.110 | 0 | 0 | 0.205 | 0.110 | 0.205 | +0.095,,解析文本拼接_表格清洗增强_01_001-020.md,018_佛山市智龙科技有限公司迁扩建项目_01_受理公告或公示版
PL019,PL019_佛山市智龙科技有限公司迁扩建项目_01_受理公告或公示版.pdf,80,2,11,完整,1.0,废气 | 无组织 | 0.225 | 0 | 0 | 0.410 | 0.225 | 0.410 | +0.185,,解析文本拼接_表格清洗增强_01_001-020.md,018_佛山市智龙科技有限公司迁扩建项目_01_受理公告或公示版
PL019,PL019_佛山市智龙科技有限公司迁扩建项目_01_受理公告或公示版.pdf,80,2,12,完整,1.0,锡及其化合 | 有组织 | 0.00045 | 0 | 0 | 0.00004 | 0.00045 | 0.00004 | -0.00041,,解析文本拼接_表格清洗增强_01_001-020.md,018_佛山市智龙科技有限公司迁扩建项目_01_受理公告或公示版
PL019,PL019_佛山市智龙科技有限公司迁扩建项目_01_受理公告或公示版.pdf,80,2,15,完整,1.0,0.00025 | 0 | 0 | 0.0002 | 0.00025 | 0.0002 | -0.00005,,解析文本拼接_表格清洗增强_01_001-020.md,018_佛山市智龙科技有限公司迁扩建项目_01_受理公告或公示版
PL019,PL019_佛山市智龙科技有限公司迁扩建项目_01_受理公告或公示版.pdf,80,2,16,完整,1.0,颗粒物 | 无组织 | 0.006 | 0 | 0 | 0.099 | 0.006 | 0.099 | +0.093,,解析文本拼接_表格清洗增强_01_001-020.md,018_佛山市智龙科技有限公司迁扩建项目_01_受理公告或公示版
PL019,PL019_佛山市智龙科技有限公司迁扩建项目_01_受理公告或公示版.pdf,80,2,17,完整,1.0,CODcr | 0.0086 | 0 | 0 | 0.0054 | 0.0086 | 0.0054 | -0.0032,,解析文本拼接_表格清洗增强_01_001-020.md,018_佛山市智龙科技有限公司迁扩建项目_01_受理公告或公示版
PL019,PL019_佛山市智龙科技有限公司迁扩建项目_01_受理公告或公示版.pdf,80,2,18,完整,1.0,"BOD
5 | 0.0022 | 0 | 0 | 0.0014 | 0.0022 | 0.0014 | -0.0008",,解析文本拼接_表格清洗增强_01_001-020.md,018_佛山市智龙科技有限公司迁扩建项目_01_受理公告或公示版
PL019,PL019_佛山市智龙科技有限公司迁扩建项目_01_受理公告或公示版.pdf,80,2,19,完整,1.0,废水 | 生活污水,,解析文本拼接_表格清洗增强_01_001-020.md,018_佛山市智龙科技有限公司迁扩建项目_01_受理公告或公示版
PL019,PL019_佛山市智龙科技有限公司迁扩建项目_01_受理公告或公示版.pdf,80,2,20,完整,1.0,SS | 0.0022 | 0 | 0 | 0.0014 | 0.0022 | 0.0014 | -0.0008,,解析文本拼接_表格清洗增强_01_001-020.md,018_佛山市智龙科技有限公司迁扩建项目_01_受理公告或公示版
PL019,PL019_佛山市智龙科技有限公司迁扩建项目_01_受理公告或公示版.pdf,80,2,21,完整,1.0,氨氮 | 0.0011 | 0 | 0 | 0.0007 | 0.0011 | 0.0007 | -0.0004,,解析文本拼接_表格清洗增强_01_001-020.md,018_佛山市智龙科技有限公司迁扩建项目_01_受理公告或公示版
PL019,PL019_佛山市智龙科技有限公司迁扩建项目_01_受理公告或公示版.pdf,80,2,22,完整,1.0,一般工业 | 塑料次品 | 14.25 | 0 | 0 | 28.75 | 14.25 | 28.75 | +14.5,,解析文本拼接_表格清洗增强_01_001-020.md,018_佛山市智龙科技有限公司迁扩建项目_01_受理公告或公示版
PL019,PL019_佛山市智龙科技有限公司迁扩建项目_01_受理公告或公示版.pdf,80,2,25,完整,1.0,1.14 | 0 | 0 | 0.24 | 1.14 | 0.24 | -0.9,,解析文本拼接_表格清洗增强_01_001-020.md,018_佛山市智龙科技有限公司迁扩建项目_01_受理公告或公示版
PL019,PL019_佛山市智龙科技有限公司迁扩建项目_01_受理公告或公示版.pdf,80,2,26,完整,1.0,危险废物 | 废液压油 | 0.36 | 0 | 0 | 0.06 | 0.36 | 0.06 | -0.3,,解析文本拼接_表格清洗增强_01_001-020.md,018_佛山市智龙科技有限公司迁扩建项目_01_受理公告或公示版
PL019,PL019_佛山市智龙科技有限公司迁扩建项目_01_受理公告或公示版.pdf,81,1,1,完整,1.0,废机油 | 0.02 | 0 | 0 | 0.006 | 0.02 | 0.006 | -0.014,,解析文本拼接_表格清洗增强_01_001-020.md,018_佛山市智龙科技有限公司迁扩建项目_01_受理公告或公示版
PL019,PL019_佛山市智龙科技有限公司迁扩建项目_01_受理公告或公示版.pdf,81,1,2,完整,1.0,废油桶 | 0 | 0 | 0 | 0.063 | 0 | 0.063 | +0.063,,解析文本拼接_表格清洗增强_01_001-020.md,018_佛山市智龙科技有限公司迁扩建项目_01_受理公告或公示版
PL019,PL019_佛山市智龙科技有限公司迁扩建项目_01_受理公告或公示版.pdf,81,1,3,完整,1.0,含油废抹布 | 0.01 | 0 | 0 | 0.01 | 0.01 | 0.01 | 0,,解析文本拼接_表格清洗增强_01_001-020.md,018_佛山市智龙科技有限公司迁扩建项目_01_受理公告或公示版
PL019,PL019_佛山市智龙科技有限公司迁扩建项目_01_受理公告或公示版.pdf,81,1,4,完整,1.0,废活性炭 | 3.98 | 0 | 0 | 5.206 | 3.98 | 5.206 | +1.226,,解析文本拼接_表格清洗增强_01_001-020.md,018_佛山市智龙科技有限公司迁扩建项目_01_受理公告或公示版
PL019,PL019_佛山市智龙科技有限公司迁扩建项目_01_受理公告或公示版.pdf,81,1,5,完整,1.0,废PCB板 | 0 | 0 | 0 | 0.04 | 0 | 0.04 | +0.04,,解析文本拼接_表格清洗增强_01_001-020.md,018_佛山市智龙科技有限公司迁扩建项目_01_受理公告或公示版
PL019,PL019_佛山市智龙科技有限公司迁扩建项目_01_受理公告或公示版.pdf,81,1,6,完整,1.0,废包装桶 | 0.01 | 0 | 0 | 0.016 | 0.01 | 0.016 | +0.006,,解析文本拼接_表格清洗增强_01_001-020.md,018_佛山市智龙科技有限公司迁扩建项目_01_受理公告或公示版
PL019,PL019_佛山市智龙科技有限公司迁扩建项目_01_受理公告或公示版.pdf,81,1,7,完整,1.0,废滤芯 | 0 | 0 | 0 | 0.006 | 0 | 0.006 | +0.006,,解析文本拼接_表格清洗增强_01_001-020.md,018_佛山市智龙科技有限公司迁扩建项目_01_受理公告或公示版
PL019,PL019_佛山市智龙科技有限公司迁扩建项目_01_受理公告或公示版.pdf,86,1,1,完整,1.0,东面 - 停车场 | 南面 - 华科园8栋,,解析文本拼接_表格清洗增强_01_001-020.md,018_佛山市智龙科技有限公司迁扩建项目_01_受理公告或公示版
PL019,PL019_佛山市智龙科技有限公司迁扩建项目_01_受理公告或公示版.pdf,86,1,2,完整,1.0,西面 - 华科园5栋 | 北面 - 华科园4栋,,解析文本拼接_表格清洗增强_01_001-020.md,018_佛山市智龙科技有限公司迁扩建项目_01_受理公告或公示版
PL020,PL020_佛山市朗信塑料制品有限公司新建项目_01_受理公告或公示版.pdf,6,1,3,完整,1.0,"建设单位联
系人 | 刘杰 | 联系方式 | 13607216269",,解析文本拼接_表格清洗增强_01_001-020.md,019_佛山市朗信塑料制品有限公司新建项目_01_受理公告或公示版
PL020,PL020_佛山市朗信塑料制品有限公司新建项目_01_受理公告或公示版.pdf,6,1,4,完整,1.0,建设地点 | 广东省佛山市顺德区勒流街道江村村慧商四路5号之六2楼,,解析文本拼接_表格清洗增强_01_001-020.md,019_佛山市朗信塑料制品有限公司新建项目_01_受理公告或公示版
PL020,PL020_佛山市朗信塑料制品有限公司新建项目_01_受理公告或公示版.pdf,6,1,5,完整,1.0,地理坐标 | （ 113 度 10 分 11.139 秒， 22 度 51 分 5.414 秒）,,解析文本拼接_表格清洗增强_01_001-020.md,019_佛山市朗信塑料制品有限公司新建项目_01_受理公告或公示版
PL020,PL020_佛山市朗信塑料制品有限公司新建项目_01_受理公告或公示版.pdf,6,1,6,完整,1.0,"国民经济
行业类别 | C2929 塑料零件及其
他塑料制品制造 | 建设项目
行业类别 | 二十六、橡胶和塑料制品业
29-53 塑料制品业292-其他（年
用非溶剂型低VOCs含量涂料10
吨以下的除外）",,解析文本拼接_表格清洗增强_01_001-020.md,019_佛山市朗信塑料制品有限公司新建项目_01_受理公告或公示版
PL020,PL020_佛山市朗信塑料制品有限公司新建项目_01_受理公告或公示版.pdf,6,1,9,完整,1.0,"总投资（万
元） | 100 | 环保投资（万元） | 15",,解析文本拼接_表格清洗增强_01_001-020.md,019_佛山市朗信塑料制品有限公司新建项目_01_受理公告或公示版
PL020,PL020_佛山市朗信塑料制品有限公司新建项目_01_受理公告或公示版.pdf,6,1,10,完整,1.0,"环保投资占
比（%） | 15 | 施工工期 | 1个月",,解析文本拼接_表格清洗增强_01_001-020.md,019_佛山市朗信塑料制品有限公司新建项目_01_受理公告或公示版
PL020,PL020_佛山市朗信塑料制品有限公司新建项目_01_受理公告或公示版.pdf,6,1,11,完整,1.0,"是否开工建
设 | 否
是： | 用地（用海）
面积（m2） | 4392.38",,解析文本拼接_表格清洗增强_01_001-020.md,019_佛山市朗信塑料制品有限公司新建项目_01_受理公告或公示版
PL020,PL020_佛山市朗信塑料制品有限公司新建项目_01_受理公告或公示版.pdf,6,2,6,完整,1.0,刘杰 | 13607216269,,解析文本拼接_表格清洗增强_01_001-020.md,019_佛山市朗信塑料制品有限公司新建项目_01_受理公告或公示版
PL020,PL020_佛山市朗信塑料制品有限公司新建项目_01_受理公告或公示版.pdf,6,2,9,完整,1.0,建设地点 | 广东省佛山市顺 | 德区勒流街道江村 | 村慧商四路5号之六2楼,,解析文本拼接_表格清洗增强_01_001-020.md,019_佛山市朗信塑料制品有限公司新建项目_01_受理公告或公示版
PL020,PL020_佛山市朗信塑料制品有限公司新建项目_01_受理公告或公示版.pdf,6,2,10,完整,1.0,地理坐标 | （ 113 度 10 | 分 11.139 秒， 2 | 2 度 51 分 5.414 秒）,,解析文本拼接_表格清洗增强_01_001-020.md,019_佛山市朗信塑料制品有限公司新建项目_01_受理公告或公示版
PL020,PL020_佛山市朗信塑料制品有限公司新建项目_01_受理公告或公示版.pdf,6,2,12,完整,1.0,国民经济 | C2929 塑料零件及其 | 建设项目 | 29-53 塑料制品业292-其他（年,,解析文本拼接_表格清洗增强_01_001-020.md,019_佛山市朗信塑料制品有限公司新建项目_01_受理公告或公示版
PL020,PL020_佛山市朗信塑料制品有限公司新建项目_01_受理公告或公示版.pdf,6,2,13,完整,1.0,行业类别 | 他塑料制品制造 | 行业类别 | 用非溶剂型低VOCs含量涂料10,,解析文本拼接_表格清洗增强_01_001-020.md,019_佛山市朗信塑料制品有限公司新建项目_01_受理公告或公示版
PL020,PL020_佛山市朗信塑料制品有限公司新建项目_01_受理公告或公示版.pdf,6,2,31,疑似缺失,0.667,比（ ） | 15 | 1,比（ ）,解析文本拼接_表格清洗增强_01_001-020.md,019_佛山市朗信塑料制品有限公司新建项目_01_受理公告或公示版
PL020,PL020_佛山市朗信塑料制品有限公司新建项目_01_受理公告或公示版.pdf,6,2,34,部分,0.75,设 | 是： | 面积（ 2） | 4392.38,面积（ 2）,解析文本拼接_表格清洗增强_01_001-020.md,019_佛山市朗信塑料制品有限公司新建项目_01_受理公告或公示版
PL020,PL020_佛山市朗信塑料制品有限公司新建项目_01_受理公告或公示版.pdf,8,2,2,完整,1.0,"区域
布局
管控
要求 | 禁止新建、扩建燃煤燃油火电
机组和企业自备电站，推进现
有服役期满及落后老旧的燃煤
火电机组有序退出；原则上不
再新建燃煤锅炉，逐步淘汰生
物质锅炉、集中供热管网覆盖
区域内的分散供热锅炉，逐步
推动高污染燃料禁燃区全覆
盖；禁止新建、扩建水泥、平
板玻璃、化学制浆、生皮制革
以及国家规划外的钢铁、原油
加工等项目。推广应用低挥发",,解析文本拼接_表格清洗增强_01_001-020.md,019_佛山市朗信塑料制品有限公司新建项目_01_受理公告或公示版
PL020,PL020_佛山市朗信塑料制品有限公司新建项目_01_受理公告或公示版.pdf,8,2,3,完整,1.0,"能源
资源
利用
要求 | 科学实施能源消费总量和强度
“双控”，新建高能耗项目单位
产品（产值）能耗达到国际国
内先进水平，实现煤炭消费总
量负增长；推进工业节水减排，
重点在高耗水行业开展节水改
造，提高工业用水效率。加强
江河湖库水量调度，保障生态
流量。盘活存量建设用地，控
制新增用地规模。 | 项目属于C2929塑料零件及其
他塑料制品制造，不属于",,解析文本拼接_表格清洗增强_01_001-020.md,019_佛山市朗信塑料制品有限公司新建项目_01_受理公告或公示版
PL020,PL020_佛山市朗信塑料制品有限公司新建项目_01_受理公告或公示版.pdf,8,2,4,完整,1.0,"污染
物排
放管
控要
求 | 实行水污染物排放的行业标杆
管理，严格执行茅洲河、淡水
河、石马河、汾江河等重点流
域水污染物排放标准。重点水
污染物未达到环境质量改善目
标的区域内，新建、改建、扩
建项目实施减量替代。大力推
进固体废物源头减量化、资源
化利用和无害化处置，稳步推
进“无废城市”试点建设。 | 项目属于新建项目，生活污水
经三级化粪处理达标",,解析文本拼接_表格清洗增强_01_001-020.md,019_佛山市朗信塑料制品有限公司新建项目_01_受理公告或公示版
PL020,PL020_佛山市朗信塑料制品有限公司新建项目_01_受理公告或公示版.pdf,8,2,5,完整,1.0,"环境
风险
防控
要求 | 加强惠州大亚湾石化区、广州
石化、朱涵高栏港、珠西新材
料集聚区等石化、化工重点园
区环境风险防控，建立完善污
染源在线监控系统，开展有毒
有害气体监测，落实环境风险 | 项目位于佛山市顺德区勒流街
道江村村慧商四路5号之六2
楼，不属于石化、化工重点园
区环境风险防控区域。项目产
生的危险废物将定期委托危险
废物交由有危险废物处",,解析文本拼接_表格清洗增强_01_001-020.md,019_佛山市朗信塑料制品有限公司新建项目_01_受理公告或公示版
PL020,PL020_佛山市朗信塑料制品有限公司新建项目_01_受理公告或公示版.pdf,8,3,14,完整,1.0,布局 | 推动高污染燃料禁燃区全覆,,解析文本拼接_表格清洗增强_01_001-020.md,019_佛山市朗信塑料制品有限公司新建项目_01_受理公告或公示版
PL020,PL020_佛山市朗信塑料制品有限公司新建项目_01_受理公告或公示版.pdf,8,3,29,疑似缺失,0.5,双控 ，新建高能耗项目单位 | C2929,双控 ，新建高能耗项目单位,解析文本拼接_表格清洗增强_01_001-020.md,019_佛山市朗信塑料制品有限公司新建项目_01_受理公告或公示版
PL020,PL020_佛山市朗信塑料制品有限公司新建项目_01_受理公告或公示版.pdf,8,3,48,完整,1.0,实行水污染物排放的行业标杆 | 流污水处理厂；注塑机的间接,,解析文本拼接_表格清洗增强_01_001-020.md,019_佛山市朗信塑料制品有限公司新建项目_01_受理公告或公示版
PL020,PL020_佛山市朗信塑料制品有限公司新建项目_01_受理公告或公示版.pdf,8,3,51,完整,1.0,污染 | 2023,,解析文本拼接_表格清洗增强_01_001-020.md,019_佛山市朗信塑料制品有限公司新建项目_01_受理公告或公示版
PL020,PL020_佛山市朗信塑料制品有限公司新建项目_01_受理公告或公示版.pdf,8,3,52,完整,1.0,域水污染物排放标准。重点水 | 度佛山市顺德区环境质量状况,,解析文本拼接_表格清洗增强_01_001-020.md,019_佛山市朗信塑料制品有限公司新建项目_01_受理公告或公示版
PL020,PL020_佛山市朗信塑料制品有限公司新建项目_01_受理公告或公示版.pdf,8,3,54,完整,1.0,污染物未达到环境质量改善目 | 公报》的评价结果，顺德支流,,解析文本拼接_表格清洗增强_01_001-020.md,019_佛山市朗信塑料制品有限公司新建项目_01_受理公告或公示版
PL020,PL020_佛山市朗信塑料制品有限公司新建项目_01_受理公告或公示版.pdf,8,3,58,疑似缺失,0.5,建项目实施减量替代。大力推 | 量标准》（ ）水,量标准》（ ）水,解析文本拼接_表格清洗增强_01_001-020.md,019_佛山市朗信塑料制品有限公司新建项目_01_受理公告或公示版
PL020,PL020_佛山市朗信塑料制品有限公司新建项目_01_受理公告或公示版.pdf,8,3,59,完整,1.0,求 | GB3838-2002,,解析文本拼接_表格清洗增强_01_001-020.md,019_佛山市朗信塑料制品有限公司新建项目_01_受理公告或公示版
PL020,PL020_佛山市朗信塑料制品有限公司新建项目_01_受理公告或公示版.pdf,8,3,66,完整,1.0,环境 | 石化、朱涵高栏港、珠西新材 | 道江村村慧商四路5号之六2,,解析文本拼接_表格清洗增强_01_001-020.md,019_佛山市朗信塑料制品有限公司新建项目_01_受理公告或公示版
PL020,PL020_佛山市朗信塑料制品有限公司新建项目_01_受理公告或公示版.pdf,8,3,71,完整,1.0,有害气体监测，落实环境风险 | 废物交由有危险废物处理资质,,解析文本拼接_表格清洗增强_01_001-020.md,019_佛山市朗信塑料制品有限公司新建项目_01_受理公告或公示版
PL020,PL020_佛山市朗信塑料制品有限公司新建项目_01_受理公告或公示版.pdf,9,3,2,完整,1.0,"生态保护红
线及一般生
态空间 | 项目位于佛山市顺德区勒流街道江村村慧商四路5号之
六2楼，属于工业用地，不涉及划定的生态红线区域，
项目周边无自然保护区、饮用水水源保护区等生态保护
目标。 | 符合",,解析文本拼接_表格清洗增强_01_001-020.md,019_佛山市朗信塑料制品有限公司新建项目_01_受理公告或公示版
PL020,PL020_佛山市朗信塑料制品有限公司新建项目_01_受理公告或公示版.pdf,9,3,3,完整,1.0,"资源利用上
线 | 本项目资源消耗量相对区域资源利用总量较少，不属于
高耗能、污染资源型企业，项目的水、电等资源利用不
会突破区域上线。 | 符合",,解析文本拼接_表格清洗增强_01_001-020.md,019_佛山市朗信塑料制品有限公司新建项目_01_受理公告或公示版
PL020,PL020_佛山市朗信塑料制品有限公司新建项目_01_受理公告或公示版.pdf,9,3,4,完整,1.0,"环境质量底
线 | 项目区域地表水环境和声环境能够满足相应标准要求，
属于达标区；区域大气环境属于不达标区，超标因子为
O 。本项目有机废气和恶臭气体经集气罩+胶帘围挡收集
3
后通过活性炭吸附处理后通过距离地面约40m高排气筒
DA001排放，破碎粉尘和混料粉尘于生产车间内以无组
织形式排放；生活污水经预处理后排至勒流污水处理厂
处理后尾水排至顺德支流；注",,解析文本拼接_表格清洗增强_01_001-020.md,019_佛山市朗信塑料制品有限公司新建项目_01_受理公告或公示版
PL020,PL020_佛山市朗信塑料制品有限公司新建项目_01_受理公告或公示版.pdf,9,3,5,完整,1.0,"环境准入负
面清单 | 本项目行业类别为C2929塑料零件及其他塑料制品制
造，根据《市场准入负面清单》（2022年版）的规定，
项目不属于负面清单；根据《环境保护综合名录》（2021
年版），本项目不属于“高污染、高环境风险”项目。 | 符合",,解析文本拼接_表格清洗增强_01_001-020.md,019_佛山市朗信塑料制品有限公司新建项目_01_受理公告或公示版
PL020,PL020_佛山市朗信塑料制品有限公司新建项目_01_受理公告或公示版.pdf,9,4,3,完整,1.0,"【产业/综合类】系统推进村级工业园
升级改造，腾出连片空间，布局产业集
聚区和主题产业园，推动工业项目入园
集聚发展。 | 本项目行业类别及代
码为C2929塑料零件
及其他塑料制品制
造，选址位于佛山市
顺德区勒流街道江村
村慧商四路 5 号之六
2楼，选址属于产业集 | 符合",,解析文本拼接_表格清洗增强_01_001-020.md,019_佛山市朗信塑料制品有限公司新建项目_01_受理公告或公示版
PL020,PL020_佛山市朗信塑料制品有限公司新建项目_01_受理公告或公示版.pdf,9,5,4,完整,1.0,表1-2 与广东省“三 | 线一单”相 | 符性分析表,,解析文本拼接_表格清洗增强_01_001-020.md,019_佛山市朗信塑料制品有限公司新建项目_01_受理公告或公示版
PL020,PL020_佛山市朗信塑料制品有限公司新建项目_01_受理公告或公示版.pdf,9,5,7,完整,1.0,生态保 | 护 | 红 | 5,,解析文本拼接_表格清洗增强_01_001-020.md,019_佛山市朗信塑料制品有限公司新建项目_01_受理公告或公示版
PL020,PL020_佛山市朗信塑料制品有限公司新建项目_01_受理公告或公示版.pdf,9,5,9,完整,1.0,线及一 | 般 | 生 | 2 | 符合,,解析文本拼接_表格清洗增强_01_001-020.md,019_佛山市朗信塑料制品有限公司新建项目_01_受理公告或公示版
PL020,PL020_佛山市朗信塑料制品有限公司新建项目_01_受理公告或公示版.pdf,9,5,13,完整,1.0,本项目资源消耗量相对区 | 域资源利 | 用总量较少，不属于,,解析文本拼接_表格清洗增强_01_001-020.md,019_佛山市朗信塑料制品有限公司新建项目_01_受理公告或公示版
PL020,PL020_佛山市朗信塑料制品有限公司新建项目_01_受理公告或公示版.pdf,9,5,15,完整,1.0,高耗能、污染资源型企业 | ，项目的 | 水、电等资源利用不 | 符合,,解析文本拼接_表格清洗增强_01_001-020.md,019_佛山市朗信塑料制品有限公司新建项目_01_受理公告或公示版
PL020,PL020_佛山市朗信塑料制品有限公司新建项目_01_受理公告或公示版.pdf,9,5,18,完整,1.0,项目区域地表水环境和声 | 环境能够满 | 足相应标准要求，,,解析文本拼接_表格清洗增强_01_001-020.md,019_佛山市朗信塑料制品有限公司新建项目_01_受理公告或公示版
PL020,PL020_佛山市朗信塑料制品有限公司新建项目_01_受理公告或公示版.pdf,9,5,20,疑似缺失,0.667,"O 。本项目有机废气和恶臭
3 | 气体经集 | 气罩+胶帘围挡收集","O 。本项目有机废气和恶臭
3",解析文本拼接_表格清洗增强_01_001-020.md,019_佛山市朗信塑料制品有限公司新建项目_01_受理公告或公示版
PL020,PL020_佛山市朗信塑料制品有限公司新建项目_01_受理公告或公示版.pdf,9,5,21,疑似缺失,0.667,后通过活性炭吸附处理后 | 通过距离地 | 面约 高排气筒,面约 高排气筒,解析文本拼接_表格清洗增强_01_001-020.md,019_佛山市朗信塑料制品有限公司新建项目_01_受理公告或公示版
PL020,PL020_佛山市朗信塑料制品有限公司新建项目_01_受理公告或公示版.pdf,9,5,22,完整,1.0,环境质 | 量 | 底 | 40m,,解析文本拼接_表格清洗增强_01_001-020.md,019_佛山市朗信塑料制品有限公司新建项目_01_受理公告或公示版
PL020,PL020_佛山市朗信塑料制品有限公司新建项目_01_受理公告或公示版.pdf,9,5,24,完整,1.0,线 | DA001,,解析文本拼接_表格清洗增强_01_001-020.md,019_佛山市朗信塑料制品有限公司新建项目_01_受理公告或公示版
PL020,PL020_佛山市朗信塑料制品有限公司新建项目_01_受理公告或公示版.pdf,9,5,29,完整,1.0,本项目行业类别为C2929 | 塑料零件 | 及其他塑料制品制,,解析文本拼接_表格清洗增强_01_001-020.md,019_佛山市朗信塑料制品有限公司新建项目_01_受理公告或公示版
PL020,PL020_佛山市朗信塑料制品有限公司新建项目_01_受理公告或公示版.pdf,9,5,31,完整,1.0,2 | 022 | 符合,,解析文本拼接_表格清洗增强_01_001-020.md,019_佛山市朗信塑料制品有限公司新建项目_01_受理公告或公示版
PL020,PL020_佛山市朗信塑料制品有限公司新建项目_01_受理公告或公示版.pdf,9,5,32,完整,1.0,面清 | 单 | 项目不属于负面清单；根 | 据《环境保 | 护综合名录》（2021,,解析文本拼接_表格清洗增强_01_001-020.md,019_佛山市朗信塑料制品有限公司新建项目_01_受理公告或公示版
PL020,PL020_佛山市朗信塑料制品有限公司新建项目_01_受理公告或公示版.pdf,9,5,33,完整,1.0,年版），本项目不属于“高 | 污染、高 | 环境风险”项目。,,解析文本拼接_表格清洗增强_01_001-020.md,019_佛山市朗信塑料制品有限公司新建项目_01_受理公告或公示版
PL020,PL020_佛山市朗信塑料制品有限公司新建项目_01_受理公告或公示版.pdf,9,5,36,完整,1.0,管控方 | 案 | （20 | 24年版）的通知》（ | 佛环[2024 | ]20号）的佛山市环 | 境管控,,解析文本拼接_表格清洗增强_01_001-020.md,019_佛山市朗信塑料制品有限公司新建项目_01_受理公告或公示版
PL020,PL020_佛山市朗信塑料制品有限公司新建项目_01_受理公告或公示版.pdf,9,5,38,完整,1.0,Z | H4406 | 06 | 200 | 09），为重点管控单元 | ，相关管 | 控要求相符性分析 | 如下：,,解析文本拼接_表格清洗增强_01_001-020.md,019_佛山市朗信塑料制品有限公司新建项目_01_受理公告或公示版
PL020,PL020_佛山市朗信塑料制品有限公司新建项目_01_受理公告或公示版.pdf,9,5,39,完整,1.0,表1-3 项目与佛山市“三 | 线一单” | 的相符性分析,,解析文本拼接_表格清洗增强_01_001-020.md,019_佛山市朗信塑料制品有限公司新建项目_01_受理公告或公示版
PL020,PL020_佛山市朗信塑料制品有限公司新建项目_01_受理公告或公示版.pdf,9,5,53,部分,0.75,【产 | 业综合类】系统推进村级 | 工业园 | C2929,业综合类】系统推进村级,解析文本拼接_表格清洗增强_01_001-020.md,019_佛山市朗信塑料制品有限公司新建项目_01_受理公告或公示版
PL020,PL020_佛山市朗信塑料制品有限公司新建项目_01_受理公告或公示版.pdf,10,1,2,完整,1.0,"【产业/限制类】受纳水体或监控断面
不达标且未“以新带老”制定区域达标
方案的河涌，不得新建、扩建向河涌直
接排放废水的项目。新建、扩建含蚀刻
工序的线路板生产项目和化工项目应
在配套污水集中处置的工业园区或生
活污水管网覆盖区域内建设；纯加工型
印花项目，含酸洗、磷化的金属表面处
理、金属制品项目（与自身高新技术企
业配套和区级以上重点项目除外），含
酸洗",,解析文本拼接_表格清洗增强_01_001-020.md,019_佛山市朗信塑料制品有限公司新建项目_01_受理公告或公示版
PL020,PL020_佛山市朗信塑料制品有限公司新建项目_01_受理公告或公示版.pdf,10,1,3,完整,1.0,"【产业/综合类】划定家具生产优先发
展区域，优先发展区外不再新建涉及涂
装工艺的木质家具制造项目。优先发展
区根据家具产业发展规划及其规划环
评文件确定。 | 本项目不涉及。 | /",,解析文本拼接_表格清洗增强_01_001-020.md,019_佛山市朗信塑料制品有限公司新建项目_01_受理公告或公示版
PL020,PL020_佛山市朗信塑料制品有限公司新建项目_01_受理公告或公示版.pdf,10,1,4,完整,1.0,"【水/限制类】严格限制在羊额—北滘
水厂饮用水水源保护区上游和周边区
域建设列入“高污染、高环境风险”产品
名录等可能影响水环境安全的项目。 | 本项目行业类别及代
码为C2929塑料零件
及其他塑料制品制
造，选址位于佛山市
顺德区勒流街道江村
村慧商四路5号之六
2楼，距离羊额-北滘
水厂饮用水水源保护
区上游和周边保护区
域范围较远，不属于
“高污染、",,解析文本拼接_表格清洗增强_01_001-020.md,019_佛山市朗信塑料制品有限公司新建项目_01_受理公告或公示版
PL020,PL020_佛山市朗信塑料制品有限公司新建项目_01_受理公告或公示版.pdf,10,1,5,完整,1.0,"【大气/限制类】大气环境布局敏感区
重点管控区内，应严格限制新建生产和
使用高挥发性有机物原辅材料项目，优
先开展低VOCs含量原辅材料替代，强
化无组织排放控制。原则上不再新建、
扩建新增氮氧化物、烟（粉）尘排放量
较大的建设项目。 | 本项目行业类别及代
码为C2929塑料零件
及其他塑料制品制
造，使用的原辅材料
均不属于高挥发性有
机物原辅材料。本项",,解析文本拼接_表格清洗增强_01_001-020.md,019_佛山市朗信塑料制品有限公司新建项目_01_受理公告或公示版
PL020,PL020_佛山市朗信塑料制品有限公司新建项目_01_受理公告或公示版.pdf,10,2,6,完整,1.0,方案的河涌，不得新建、扩建向河涌直 | C2929,,解析文本拼接_表格清洗增强_01_001-020.md,019_佛山市朗信塑料制品有限公司新建项目_01_受理公告或公示版
PL020,PL020_佛山市朗信塑料制品有限公司新建项目_01_受理公告或公示版.pdf,10,2,35,完整,1.0,装工艺的木质家具制造项目。优先发展 | 本项目不涉及。 | /,,解析文本拼接_表格清洗增强_01_001-020.md,019_佛山市朗信塑料制品有限公司新建项目_01_受理公告或公示版
PL020,PL020_佛山市朗信塑料制品有限公司新建项目_01_受理公告或公示版.pdf,10,2,43,完整,1.0,【水/限制类】严格限制在羊额—北滘 | 村慧商四路5号之六,,解析文本拼接_表格清洗增强_01_001-020.md,019_佛山市朗信塑料制品有限公司新建项目_01_受理公告或公示版
PL020,PL020_佛山市朗信塑料制品有限公司新建项目_01_受理公告或公示版.pdf,10,2,46,完整,1.0,域建设列入“高污染、高环境风险”产品 | 水厂饮用水水源保护,,解析文本拼接_表格清洗增强_01_001-020.md,019_佛山市朗信塑料制品有限公司新建项目_01_受理公告或公示版
PL020,PL020_佛山市朗信塑料制品有限公司新建项目_01_受理公告或公示版.pdf,10,2,54,完整,1.0,【大气/限制类】大气环境布局敏感区 | 码为C2929塑料零件,,解析文本拼接_表格清洗增强_01_001-020.md,019_佛山市朗信塑料制品有限公司新建项目_01_受理公告或公示版
PL020,PL020_佛山市朗信塑料制品有限公司新建项目_01_受理公告或公示版.pdf,10,2,56,完整,1.0,使用高挥发性有机物原辅材料项目，优 | 造，使用的原辅材料,,解析文本拼接_表格清洗增强_01_001-020.md,019_佛山市朗信塑料制品有限公司新建项目_01_受理公告或公示版
PL020,PL020_佛山市朗信塑料制品有限公司新建项目_01_受理公告或公示版.pdf,10,2,57,完整,1.0,先开展低VOCs含量原辅材料替代，强 | 均不属于高挥发性有 | 符合,,解析文本拼接_表格清洗增强_01_001-020.md,019_佛山市朗信塑料制品有限公司新建项目_01_受理公告或公示版
PL020,PL020_佛山市朗信塑料制品有限公司新建项目_01_受理公告或公示版.pdf,10,2,58,完整,1.0,化无组织排放控制。原则上不再新建、 | 机物原辅材料。本项,,解析文本拼接_表格清洗增强_01_001-020.md,019_佛山市朗信塑料制品有限公司新建项目_01_受理公告或公示版
PL020,PL020_佛山市朗信塑料制品有限公司新建项目_01_受理公告或公示版.pdf,11,2,2,完整,1.0,"【能源/综合类】科学实施能源消费总
量和强度“双控”，新建高能耗项目单位
产品（产值）能耗达到国际国内先进水
平。 | 本项目所有生产设备
均使用电能作为能
源，不属于高能耗项
目。 | 符合",,解析文本拼接_表格清洗增强_01_001-020.md,019_佛山市朗信塑料制品有限公司新建项目_01_受理公告或公示版
PL020,PL020_佛山市朗信塑料制品有限公司新建项目_01_受理公告或公示版.pdf,11,2,3,完整,1.0,"【水资源/综合类】贯彻落实“节水优
先”方针，实行最严格水资源管理制度，
勒流街道万元国内生产总值用水量、万
元工业增加值用水量、用水总量、农田
灌溉水有效利用系数等用水总量和效
率指标达到区下达要求。 | 本项目不涉及。 | /",,解析文本拼接_表格清洗增强_01_001-020.md,019_佛山市朗信塑料制品有限公司新建项目_01_受理公告或公示版
PL020,PL020_佛山市朗信塑料制品有限公司新建项目_01_受理公告或公示版.pdf,11,2,6,完整,1.0,"污染物排
放管控 | 【水/限制类】城镇新区建设实行雨污
分流。住宅、商业体、学校、市场等城
镇开发建设项目应当配套或者同步计
划建设公共排水设施，公共排水设施或
自建排污水设施未能投产运行的，以上
涉水项目不得投入使用。新建小区严格
实施雨污分流，阳台、露台等污水接入
污水收集系统，将生活污水“应截尽
截”。做好大型楼盘、集贸市场、餐饮
以及学校等4大类排",,解析文本拼接_表格清洗增强_01_001-020.md,019_佛山市朗信塑料制品有限公司新建项目_01_受理公告或公示版
PL020,PL020_佛山市朗信塑料制品有限公司新建项目_01_受理公告或公示版.pdf,11,2,7,完整,1.0,"【水/综合类】结合村级工业园改造，
全面提升产业层次与集聚度，促进污染
集中整治。 | 本项目不涉及。 | /",,解析文本拼接_表格清洗增强_01_001-020.md,019_佛山市朗信塑料制品有限公司新建项目_01_受理公告或公示版
PL020,PL020_佛山市朗信塑料制品有限公司新建项目_01_受理公告或公示版.pdf,11,2,8,完整,1.0,"【水/综合类】稳步推进排水设施“三个
一体化”管理模式，补齐城乡污水收集
和处理短板，推动勒流污水处理厂提质
增效，加快消除城中村、老旧城区、城
乡结合部等污水收集管网空白区，逐步
实现城乡污水收集处理全覆盖。2025
年前完成勒流污水处理厂扩建，尾水应
执行《城镇污水处理厂污染物排放标
准》（GB18918-2002）一级A标准及《广
东 省 水 污 染 ",,解析文本拼接_表格清洗增强_01_001-020.md,019_佛山市朗信塑料制品有限公司新建项目_01_受理公告或公示版
PL020,PL020_佛山市朗信塑料制品有限公司新建项目_01_受理公告或公示版.pdf,11,3,38,疑似缺失,0.5,全面提升产业层次与集聚度，促进污染 本项目不涉及。 | /,全面提升产业层次与集聚度，促进污染 本项目不涉及。,解析文本拼接_表格清洗增强_01_001-020.md,019_佛山市朗信塑料制品有限公司新建项目_01_受理公告或公示版
PL020,PL020_佛山市朗信塑料制品有限公司新建项目_01_受理公告或公示版.pdf,11,3,47,疑似缺失,0.5,实现城乡污水收集处理全覆盖。2025 水处理厂污染物排放 | 符合,实现城乡污水收集处理全覆盖。2025 水处理厂污染物排放,解析文本拼接_表格清洗增强_01_001-020.md,019_佛山市朗信塑料制品有限公司新建项目_01_受理公告或公示版
PL020,PL020_佛山市朗信塑料制品有限公司新建项目_01_受理公告或公示版.pdf,12,2,2,完整,1.0,"【水/综合类】保留勒流社区百丈片区
分散式农村污水处理设施，其余行政村
（社区）通过市政污水管网，配合农村
支管网建设，有条件的区域实施雨污分
流改造，到2030年实现农村生活污水
100%收集进入勒流污水处理系统。 | 本项目不涉及。 | /",,解析文本拼接_表格清洗增强_01_001-020.md,019_佛山市朗信塑料制品有限公司新建项目_01_受理公告或公示版
PL020,PL020_佛山市朗信塑料制品有限公司新建项目_01_受理公告或公示版.pdf,12,2,3,完整,1.0,"【土壤/限制类】严格重金属重点行业
企业准入管理。新、改、扩建重点行业
建设项目应遵循重点重金属污染物排
放“等量替代”原则。 | 本项目不涉及。 | /",,解析文本拼接_表格清洗增强_01_001-020.md,019_佛山市朗信塑料制品有限公司新建项目_01_受理公告或公示版
PL020,PL020_佛山市朗信塑料制品有限公司新建项目_01_受理公告或公示版.pdf,12,2,5,完整,1.0,"【水/综合类】勒流污水处理厂、工业
污水集中处理设施应采临取有效措施，
防止事故废水直接排入水体。完善污水
处理厂在线监控系统联网，实现污水处
理厂的实时、动态监管。 | 本项目不涉及。 | /",,解析文本拼接_表格清洗增强_01_001-020.md,019_佛山市朗信塑料制品有限公司新建项目_01_受理公告或公示版
PL020,PL020_佛山市朗信塑料制品有限公司新建项目_01_受理公告或公示版.pdf,12,3,3,完整,1.0,"1.1 | 生产、进口、销售和使用含挥发性有机物
的原材料和产品的，其挥发性有机物含量
应当符合质量标准或者要求。国家鼓励生
产、进口、销售和使用低毒、低挥发性有
机溶剂。 | 项目使用的ABS、PP、AS、
TPE、PA、POM塑料粒和
色粉常温下基本不挥发。 | 符合",,解析文本拼接_表格清洗增强_01_001-020.md,019_佛山市朗信塑料制品有限公司新建项目_01_受理公告或公示版
PL020,PL020_佛山市朗信塑料制品有限公司新建项目_01_受理公告或公示版.pdf,12,3,4,完整,1.0,"1.2 | 产生含挥发性有机物废气的生产和服务
活动，应当在密闭空间或者设备中进行，
并按照规定安装、使用污染防治设施；无
法密闭的，应当采取措施减少废气排放。 | 有机废气经集气罩+胶帘
围挡收集后通过活性炭吸
附装置处理后引至40m排
气筒DA001高空排放。 | 符合",,解析文本拼接_表格清洗增强_01_001-020.md,019_佛山市朗信塑料制品有限公司新建项目_01_受理公告或公示版
PL020,PL020_佛山市朗信塑料制品有限公司新建项目_01_受理公告或公示版.pdf,12,3,6,完整,1.0,"2.1 | 大力推进低VOCs含量原辅材料源头替
代，严格落实国家和地方产品VOCs含量
限值质量标准，禁止建设生产和使用高
VOCs含量的溶剂型涂料、油墨、胶粘剂
等项目。 | 本项目不涉及使用高挥发
性有机物原辅材料。 | 符合",,解析文本拼接_表格清洗增强_01_001-020.md,019_佛山市朗信塑料制品有限公司新建项目_01_受理公告或公示版
PL020,PL020_佛山市朗信塑料制品有限公司新建项目_01_受理公告或公示版.pdf,12,3,7,完整,1.0,2.2 | 强化对企业涉VOCs生产车间/工序废气 | 有机废气经集气罩+胶帘 | 符合,,解析文本拼接_表格清洗增强_01_001-020.md,019_佛山市朗信塑料制品有限公司新建项目_01_受理公告或公示版
PL020,PL020_佛山市朗信塑料制品有限公司新建项目_01_受理公告或公示版.pdf,12,4,25,完整,1.0,环境 | 风险 | 防止事故废水直接排入水体。完善污水 | 本项目不涉及。 | /,,解析文本拼接_表格清洗增强_01_001-020.md,019_佛山市朗信塑料制品有限公司新建项目_01_受理公告或公示版
PL020,PL020_佛山市朗信塑料制品有限公司新建项目_01_受理公告或公示版.pdf,12,4,33,完整,1.0,4 | 、相 | 关环保法规符合性,,解析文本拼接_表格清洗增强_01_001-020.md,019_佛山市朗信塑料制品有限公司新建项目_01_受理公告或公示版
PL020,PL020_佛山市朗信塑料制品有限公司新建项目_01_受理公告或公示版.pdf,12,4,34,完整,1.0,表1-4 项目与挥发性有机物排放相关 | 环 | 保政策相符性分析,,解析文本拼接_表格清洗增强_01_001-020.md,019_佛山市朗信塑料制品有限公司新建项目_01_受理公告或公示版
PL020,PL020_佛山市朗信塑料制品有限公司新建项目_01_受理公告或公示版.pdf,12,4,38,完整,1.0,、《 | 中华 | 人民共和国大气污染防治法》（2018 | 年 | 10月26日修正）,,解析文本拼接_表格清洗增强_01_001-020.md,019_佛山市朗信塑料制品有限公司新建项目_01_受理公告或公示版
PL020,PL020_佛山市朗信塑料制品有限公司新建项目_01_受理公告或公示版.pdf,12,4,40,完整,1.0,的原 | 材料和产品的，其挥发性有机物含量 | 项 | 目使用的ABS、PP、AS、,,解析文本拼接_表格清洗增强_01_001-020.md,019_佛山市朗信塑料制品有限公司新建项目_01_受理公告或公示版
PL020,PL020_佛山市朗信塑料制品有限公司新建项目_01_受理公告或公示版.pdf,12,4,41,完整,1.0,1.1 | 应当 | 符合质量标准或者要求。国家鼓励生 | TP | E、PA、POM塑料粒和 | 符合,,解析文本拼接_表格清洗增强_01_001-020.md,019_佛山市朗信塑料制品有限公司新建项目_01_受理公告或公示版
PL020,PL020_佛山市朗信塑料制品有限公司新建项目_01_受理公告或公示版.pdf,12,4,44,完整,1.0,产生 | 含挥发性有机物废气的生产和服务 | 有 | 机废气经集气罩+胶帘,,解析文本拼接_表格清洗增强_01_001-020.md,019_佛山市朗信塑料制品有限公司新建项目_01_受理公告或公示版
PL020,PL020_佛山市朗信塑料制品有限公司新建项目_01_受理公告或公示版.pdf,12,4,45,完整,1.0,活动 | ，应当在密闭空间或者设备中进行， | 围 | 挡收集后通过活性炭吸,,解析文本拼接_表格清洗增强_01_001-020.md,019_佛山市朗信塑料制品有限公司新建项目_01_受理公告或公示版
PL020,PL020_佛山市朗信塑料制品有限公司新建项目_01_受理公告或公示版.pdf,12,4,48,完整,1.0,并按 | 照规定安装、使用污染防治设施；无 | 附 | 装置处理后引至40m排,,解析文本拼接_表格清洗增强_01_001-020.md,019_佛山市朗信塑料制品有限公司新建项目_01_受理公告或公示版
PL020,PL020_佛山市朗信塑料制品有限公司新建项目_01_受理公告或公示版.pdf,12,4,49,完整,1.0,法密 | 闭的，应当采取措施减少废气排放。 | 气 | 筒DA001高空排放。,,解析文本拼接_表格清洗增强_01_001-020.md,019_佛山市朗信塑料制品有限公司新建项目_01_受理公告或公示版
PL020,PL020_佛山市朗信塑料制品有限公司新建项目_01_受理公告或公示版.pdf,12,4,50,完整,1.0,、《 | 广东 | 省生态环境保护“十四五”规划》（粤 | 环[ | 2021]10号）,,解析文本拼接_表格清洗增强_01_001-020.md,019_佛山市朗信塑料制品有限公司新建项目_01_受理公告或公示版
PL020,PL020_佛山市朗信塑料制品有限公司新建项目_01_受理公告或公示版.pdf,12,4,51,完整,1.0,大力 | 推进低VOCs含量原辅材料源头替,,解析文本拼接_表格清洗增强_01_001-020.md,019_佛山市朗信塑料制品有限公司新建项目_01_受理公告或公示版
PL020,PL020_佛山市朗信塑料制品有限公司新建项目_01_受理公告或公示版.pdf,12,4,52,完整,1.0,代， | 严格落实国家和地方产品VOCs含量,,解析文本拼接_表格清洗增强_01_001-020.md,019_佛山市朗信塑料制品有限公司新建项目_01_受理公告或公示版
PL020,PL020_佛山市朗信塑料制品有限公司新建项目_01_受理公告或公示版.pdf,12,4,54,完整,1.0,2.1 | 限值 | 质量标准，禁止建设生产和使用高 | 符合,,解析文本拼接_表格清洗增强_01_001-020.md,019_佛山市朗信塑料制品有限公司新建项目_01_受理公告或公示版
PL020,PL020_佛山市朗信塑料制品有限公司新建项目_01_受理公告或公示版.pdf,12,4,55,完整,1.0,性 | 有机物原辅材料。,,解析文本拼接_表格清洗增强_01_001-020.md,019_佛山市朗信塑料制品有限公司新建项目_01_受理公告或公示版
PL020,PL020_佛山市朗信塑料制品有限公司新建项目_01_受理公告或公示版.pdf,12,4,56,完整,1.0,VOCs | 含量的溶剂型涂料、油墨、胶粘剂,,解析文本拼接_表格清洗增强_01_001-020.md,019_佛山市朗信塑料制品有限公司新建项目_01_受理公告或公示版
PL020,PL020_佛山市朗信塑料制品有限公司新建项目_01_受理公告或公示版.pdf,12,4,58,完整,1.0,2.2 | 强化 | 对企业涉VOCs生产车间/工序废气 | 有 | 机废气经集气罩+胶帘 | 符合,,解析文本拼接_表格清洗增强_01_001-020.md,019_佛山市朗信塑料制品有限公司新建项目_01_受理公告或公示版
PL020,PL020_佛山市朗信塑料制品有限公司新建项目_01_受理公告或公示版.pdf,13,2,1,完整,1.0,"的收集管理，推动企业开展治理设施升级
改造。 | 围挡收集后通过活性炭吸
附装置处理后引至40m排
气筒DA001高空排放。",,解析文本拼接_表格清洗增强_01_001-020.md,019_佛山市朗信塑料制品有限公司新建项目_01_受理公告或公示版
PL020,PL020_佛山市朗信塑料制品有限公司新建项目_01_受理公告或公示版.pdf,13,2,3,完整,1.0,"3.1 | 建设项目新增VOCs排放量，实行本行政
区域内污染源“点对点”2倍量削减替代，
原则上不得接受其他区域 VOCs“可替代
总量指标”。 | 本项目建议挥发性有机物
排 放 总 量 控 制 指 标
0.851t/a，由区、镇两级环
保主管部门核查总量指
标。 | 符合",,解析文本拼接_表格清洗增强_01_001-020.md,019_佛山市朗信塑料制品有限公司新建项目_01_受理公告或公示版
PL020,PL020_佛山市朗信塑料制品有限公司新建项目_01_受理公告或公示版.pdf,13,2,5,完整,1.0,"4.1 | VOCs
物料
储存 | VOCs物料应储存于密闭的容器、
包装袋、储罐、储库、料仓中。 | 项目ABS、PP、AS、TPE、
PA、POM塑料粒和色粉储
存于密封包装袋中。 | 符合",,解析文本拼接_表格清洗增强_01_001-020.md,019_佛山市朗信塑料制品有限公司新建项目_01_受理公告或公示版
PL020,PL020_佛山市朗信塑料制品有限公司新建项目_01_受理公告或公示版.pdf,13,2,6,完整,1.0,"装VOCs物料的容器是否存放于室
内，或存放于设置有雨棚、遮阳和
防渗设施的专用场地。盛装VOCs
物料的容器在非取用状态时应加
盖、封口，保持密闭。 | 项目ABS、PP、AS、TPE、
PA、POM塑料粒和色粉储
存于密封包装袋中，储存
区设置防雨、防渗漏措施。 | 符合",,解析文本拼接_表格清洗增强_01_001-020.md,019_佛山市朗信塑料制品有限公司新建项目_01_受理公告或公示版
PL020,PL020_佛山市朗信塑料制品有限公司新建项目_01_受理公告或公示版.pdf,13,2,7,完整,1.0,"4.2 | VOCs
物料
转移
和输
送 | 粉状、粒状VOCs物料采用气力输
送设备、管状带式输送机、螺旋输
送机等密闭输送方式，或者采用密
闭的包装袋、容器或罐车进行物料
转移。 | 项目ABS、PP、AS、TPE、
PA、POM塑料粒和色粉转
移过程包装均处于密封状
态。 | 符合",,解析文本拼接_表格清洗增强_01_001-020.md,019_佛山市朗信塑料制品有限公司新建项目_01_受理公告或公示版
PL020,PL020_佛山市朗信塑料制品有限公司新建项目_01_受理公告或公示版.pdf,13,2,8,完整,1.0,"4.3 | 工艺
过程 | 粉状、粒状VOCs物料采用气力输
送方式或采用密闭固体投料器等
给料方式密闭投加；无法密闭投加
的，在密闭空间内操作，或进行局
部气体收集，废气排至除尘设施、
VOCs废气收集处理系统。 | 注塑产生的废气经集气罩
+胶帘围挡收集后通过活
性炭吸附装置处理后引至
40m排气筒DA001高空排
放，废气收集效率达50%。 | 符合",,解析文本拼接_表格清洗增强_01_001-020.md,019_佛山市朗信塑料制品有限公司新建项目_01_受理公告或公示版
PL020,PL020_佛山市朗信塑料制品有限公司新建项目_01_受理公告或公示版.pdf,13,2,9,完整,1.0,"4.4 | 废气
收集 | 采用外部集气罩的，距集气罩开口
面最远处的VOCs无组织排放位
置，控制风速不低于0.3m/s。 | 注塑产生的废气经集气罩
+胶帘围挡收集，收集效率
为50%，收集风速为
0.4m/s，大于0.3m/s。 | 符合",,解析文本拼接_表格清洗增强_01_001-020.md,019_佛山市朗信塑料制品有限公司新建项目_01_受理公告或公示版
PL020,PL020_佛山市朗信塑料制品有限公司新建项目_01_受理公告或公示版.pdf,13,2,10,完整,1.0,"4.5 | 废气收集系统的输送管道应密闭。
废气收集系统应在负压下运行，若
处于正压状态，应对管道组件的密
封点进行泄漏检测，泄漏检测值不
应超过500μmol/mol，亦不应有感
官可察觉泄漏。 | 项目废气收集系统均在负
压状态下运行。 | 符合",,解析文本拼接_表格清洗增强_01_001-020.md,019_佛山市朗信塑料制品有限公司新建项目_01_受理公告或公示版
PL020,PL020_佛山市朗信塑料制品有限公司新建项目_01_受理公告或公示版.pdf,13,2,11,完整,1.0,"4.6 | 排放
水平 | 塑料制品行业：a）有机废气排气
筒排放浓度不高于广东省《大气污
染物排放限值》（DB4427-2001）
第Ⅱ时段排放限值，合成革和人造
革制造企业排放浓度不高于《合成
革与人造革工业污染物排放标准》
（GB21902-2008）排放限值，若国 | 本项目非甲烷总烃初始排
放速率为0.079kg/h，已设
置活性炭吸附废气治理设
",,解析文本拼接_表格清洗增强_01_001-020.md,019_佛山市朗信塑料制品有限公司新建项目_01_受理公告或公示版
PL020,PL020_佛山市朗信塑料制品有限公司新建项目_01_受理公告或公示版.pdf,13,3,1,完整,1.0,的收集 | 管理，推动企业开展治理设施升级 | 围挡收集后通过活性炭吸,,解析文本拼接_表格清洗增强_01_001-020.md,019_佛山市朗信塑料制品有限公司新建项目_01_受理公告或公示版
PL020,PL020_佛山市朗信塑料制品有限公司新建项目_01_受理公告或公示版.pdf,13,3,2,完整,1.0,改造。 | 附装置处理后引至40m排,,解析文本拼接_表格清洗增强_01_001-020.md,019_佛山市朗信塑料制品有限公司新建项目_01_受理公告或公示版
PL020,PL020_佛山市朗信塑料制品有限公司新建项目_01_受理公告或公示版.pdf,13,3,4,完整,1.0,、《 | 广东省 | 生态环境厅关于做好重点行业建设 | 项目挥发性有机物总量指标 | 管理,,解析文本拼接_表格清洗增强_01_001-020.md,019_佛山市朗信塑料制品有限公司新建项目_01_受理公告或公示版
PL020,PL020_佛山市朗信塑料制品有限公司新建项目_01_受理公告或公示版.pdf,13,3,5,完整,1.0,工作 | 的通知》 | （粤环发[2019]2号）,,解析文本拼接_表格清洗增强_01_001-020.md,019_佛山市朗信塑料制品有限公司新建项目_01_受理公告或公示版
PL020,PL020_佛山市朗信塑料制品有限公司新建项目_01_受理公告或公示版.pdf,13,3,7,完整,1.0,建设项 | 目新增VOCs排放量，实行本行政,,解析文本拼接_表格清洗增强_01_001-020.md,019_佛山市朗信塑料制品有限公司新建项目_01_受理公告或公示版
PL020,PL020_佛山市朗信塑料制品有限公司新建项目_01_受理公告或公示版.pdf,13,3,9,完整,1.0,区域内 | 污染源“点对点”2倍量削减替代，,,解析文本拼接_表格清洗增强_01_001-020.md,019_佛山市朗信塑料制品有限公司新建项目_01_受理公告或公示版
PL020,PL020_佛山市朗信塑料制品有限公司新建项目_01_受理公告或公示版.pdf,13,3,10,完整,1.0,3.1 | 0.851t/a，由区、镇两级环 | 符合,,解析文本拼接_表格清洗增强_01_001-020.md,019_佛山市朗信塑料制品有限公司新建项目_01_受理公告或公示版
PL020,PL020_佛山市朗信塑料制品有限公司新建项目_01_受理公告或公示版.pdf,13,3,11,完整,1.0,原则上 | 不得接受其他区域 VOCs“可替代,,解析文本拼接_表格清洗增强_01_001-020.md,019_佛山市朗信塑料制品有限公司新建项目_01_受理公告或公示版
PL020,PL020_佛山市朗信塑料制品有限公司新建项目_01_受理公告或公示版.pdf,13,3,13,完整,1.0,总量指 | 标”。,,解析文本拼接_表格清洗增强_01_001-020.md,019_佛山市朗信塑料制品有限公司新建项目_01_受理公告或公示版
PL020,PL020_佛山市朗信塑料制品有限公司新建项目_01_受理公告或公示版.pdf,13,3,15,完整,1.0,、关 | 于印发 | 《广东省涉挥发性有机物（VOCs） | 重点行业治理指引》的通知 | （粤,,解析文本拼接_表格清洗增强_01_001-020.md,019_佛山市朗信塑料制品有限公司新建项目_01_受理公告或公示版
PL020,PL020_佛山市朗信塑料制品有限公司新建项目_01_受理公告或公示版.pdf,13,3,16,完整,1.0,环办 | 〔2021〕 | 43号）（参照其中塑料制品行业）,,解析文本拼接_表格清洗增强_01_001-020.md,019_佛山市朗信塑料制品有限公司新建项目_01_受理公告或公示版
PL020,PL020_佛山市朗信塑料制品有限公司新建项目_01_受理公告或公示版.pdf,13,3,19,疑似缺失,0.5,VOCs | 、 塑料粒和色粉储,、 塑料粒和色粉储,解析文本拼接_表格清洗增强_01_001-020.md,019_佛山市朗信塑料制品有限公司新建项目_01_受理公告或公示版
PL020,PL020_佛山市朗信塑料制品有限公司新建项目_01_受理公告或公示版.pdf,13,3,24,完整,1.0,4.1 | 物料 | VOCs | 项目ABS、PP、AS、TPE、,,解析文本拼接_表格清洗增强_01_001-020.md,019_佛山市朗信塑料制品有限公司新建项目_01_受理公告或公示版
PL020,PL020_佛山市朗信塑料制品有限公司新建项目_01_受理公告或公示版.pdf,13,3,27,完整,1.0,防渗设施的专用场地。盛装VOCs | 符合,,解析文本拼接_表格清洗增强_01_001-020.md,019_佛山市朗信塑料制品有限公司新建项目_01_受理公告或公示版
PL020,PL020_佛山市朗信塑料制品有限公司新建项目_01_受理公告或公示版.pdf,13,3,31,疑似缺失,0.667,VOCs | VOCs | 项目 、 、 、 、,项目 、 、 、 、,解析文本拼接_表格清洗增强_01_001-020.md,019_佛山市朗信塑料制品有限公司新建项目_01_受理公告或公示版
PL020,PL020_佛山市朗信塑料制品有限公司新建项目_01_受理公告或公示版.pdf,13,3,32,疑似缺失,0.667,物料 | 送设备、管状带式输送机、螺旋输 | ABS PP AS TPE,ABS PP AS TPE,解析文本拼接_表格清洗增强_01_001-020.md,019_佛山市朗信塑料制品有限公司新建项目_01_受理公告或公示版
PL020,PL020_佛山市朗信塑料制品有限公司新建项目_01_受理公告或公示版.pdf,13,3,41,完整,1.0,VOCs | 注塑产生的废气经集气罩,,解析文本拼接_表格清洗增强_01_001-020.md,019_佛山市朗信塑料制品有限公司新建项目_01_受理公告或公示版
PL020,PL020_佛山市朗信塑料制品有限公司新建项目_01_受理公告或公示版.pdf,13,3,44,完整,1.0,工艺 | 给料方式密闭投加；无法密闭投加 | +,,解析文本拼接_表格清洗增强_01_001-020.md,019_佛山市朗信塑料制品有限公司新建项目_01_受理公告或公示版
PL020,PL020_佛山市朗信塑料制品有限公司新建项目_01_受理公告或公示版.pdf,13,3,46,完整,1.0,4.3 | 过程 | 的，在密闭空间内操作，或进行局,,解析文本拼接_表格清洗增强_01_001-020.md,019_佛山市朗信塑料制品有限公司新建项目_01_受理公告或公示版
PL020,PL020_佛山市朗信塑料制品有限公司新建项目_01_受理公告或公示版.pdf,13,3,48,疑似缺失,0.5,部气体收集，废气排至除尘设施、 | 40m DA001,40m DA001,解析文本拼接_表格清洗增强_01_001-020.md,019_佛山市朗信塑料制品有限公司新建项目_01_受理公告或公示版
PL020,PL020_佛山市朗信塑料制品有限公司新建项目_01_受理公告或公示版.pdf,13,3,50,完整,1.0,废气收集处理系统。 | 50%,,解析文本拼接_表格清洗增强_01_001-020.md,019_佛山市朗信塑料制品有限公司新建项目_01_受理公告或公示版
PL020,PL020_佛山市朗信塑料制品有限公司新建项目_01_受理公告或公示版.pdf,13,3,55,部分,0.75,4.4 | 面最远处的 无组织排放位 | + | 符合,面最远处的 无组织排放位,解析文本拼接_表格清洗增强_01_001-020.md,019_佛山市朗信塑料制品有限公司新建项目_01_受理公告或公示版
PL020,PL020_佛山市朗信塑料制品有限公司新建项目_01_受理公告或公示版.pdf,13,3,56,疑似缺失,0.5,VOCs | 为 ，收集风速为,为 ，收集风速为,解析文本拼接_表格清洗增强_01_001-020.md,019_佛山市朗信塑料制品有限公司新建项目_01_受理公告或公示版
PL020,PL020_佛山市朗信塑料制品有限公司新建项目_01_受理公告或公示版.pdf,13,3,57,疑似缺失,0.5,置，控制风速不低于 。 | 50%,置，控制风速不低于 。,解析文本拼接_表格清洗增强_01_001-020.md,019_佛山市朗信塑料制品有限公司新建项目_01_受理公告或公示版
PL020,PL020_佛山市朗信塑料制品有限公司新建项目_01_受理公告或公示版.pdf,13,3,58,疑似缺失,0.5,0.3m/s | ，大于 。,，大于 。,解析文本拼接_表格清洗增强_01_001-020.md,019_佛山市朗信塑料制品有限公司新建项目_01_受理公告或公示版
PL020,PL020_佛山市朗信塑料制品有限公司新建项目_01_受理公告或公示版.pdf,13,3,60,完整,1.0,废气 | 废气收集系统的输送管道应密闭。,,解析文本拼接_表格清洗增强_01_001-020.md,019_佛山市朗信塑料制品有限公司新建项目_01_受理公告或公示版
PL020,PL020_佛山市朗信塑料制品有限公司新建项目_01_受理公告或公示版.pdf,13,3,61,完整,1.0,收集 | 废气收集系统应在负压下运行，若,,解析文本拼接_表格清洗增强_01_001-020.md,019_佛山市朗信塑料制品有限公司新建项目_01_受理公告或公示版
PL020,PL020_佛山市朗信塑料制品有限公司新建项目_01_受理公告或公示版.pdf,13,3,62,完整,1.0,处于正压状态，应对管道组件的密 | 项目废气收集系统均在负,,解析文本拼接_表格清洗增强_01_001-020.md,019_佛山市朗信塑料制品有限公司新建项目_01_受理公告或公示版
PL020,PL020_佛山市朗信塑料制品有限公司新建项目_01_受理公告或公示版.pdf,13,3,68,完整,1.0,塑料制品行业：a）有机废气排气 | 本项目非甲烷总烃初始排,,解析文本拼接_表格清洗增强_01_001-020.md,019_佛山市朗信塑料制品有限公司新建项目_01_受理公告或公示版
PL020,PL020_佛山市朗信塑料制品有限公司新建项目_01_受理公告或公示版.pdf,13,3,69,完整,1.0,筒排放浓度不高于广东省《大气污 | 放速率为0.079kg/h，已设,,解析文本拼接_表格清洗增强_01_001-020.md,019_佛山市朗信塑料制品有限公司新建项目_01_受理公告或公示版
PL020,PL020_佛山市朗信塑料制品有限公司新建项目_01_受理公告或公示版.pdf,13,3,70,疑似缺失,0.5,染物排放限值》（ ） | 置活性炭吸附废气治理设,染物排放限值》（ ）,解析文本拼接_表格清洗增强_01_001-020.md,019_佛山市朗信塑料制品有限公司新建项目_01_受理公告或公示版
PL020,PL020_佛山市朗信塑料制品有限公司新建项目_01_受理公告或公示版.pdf,13,3,71,完整,1.0,排放 | DB4427-2001,,解析文本拼接_表格清洗增强_01_001-020.md,019_佛山市朗信塑料制品有限公司新建项目_01_受理公告或公示版
PL020,PL020_佛山市朗信塑料制品有限公司新建项目_01_受理公告或公示版.pdf,13,3,72,完整,1.0,第Ⅱ时段排放限值，合成革和人造 | 施，有效减少有机废气的 | 符合,,解析文本拼接_表格清洗增强_01_001-020.md,019_佛山市朗信塑料制品有限公司新建项目_01_受理公告或公示版
PL020,PL020_佛山市朗信塑料制品有限公司新建项目_01_受理公告或公示版.pdf,13,3,74,完整,1.0,革制造企业排放浓度不高于《合成 | 排放。本项目非甲烷总烃,,解析文本拼接_表格清洗增强_01_001-020.md,019_佛山市朗信塑料制品有限公司新建项目_01_受理公告或公示版
PL020,PL020_佛山市朗信塑料制品有限公司新建项目_01_受理公告或公示版.pdf,13,3,75,完整,1.0,革与人造革工业污染物排放标准》 | 有组织排放可满足《合成,,解析文本拼接_表格清洗增强_01_001-020.md,019_佛山市朗信塑料制品有限公司新建项目_01_受理公告或公示版
PL020,PL020_佛山市朗信塑料制品有限公司新建项目_01_受理公告或公示版.pdf,13,3,76,完整,1.0,（GB21902-2008）排放限值，若国 | 树脂工业污染物排放标,,解析文本拼接_表格清洗增强_01_001-020.md,019_佛山市朗信塑料制品有限公司新建项目_01_受理公告或公示版
PL020,PL020_佛山市朗信塑料制品有限公司新建项目_01_受理公告或公示版.pdf,14,2,1,完整,1.0,"家和我省出台并实施适用于塑料
制品制造业的大气污染物排放标
准，则有机废气排气筒排放浓度不
高于相应的排放限值；车间或生产
设施排气中NMHC初始排放速率
≥3kg/h时，建设VOCs处理设施且
处理效率≥80%；b）厂区内无组织
排放监控点NMHC的小时平均浓
度值不超过6mg/m3，任意一次浓
度值不超过20mg/m3。 | 准》（GB31572-201",,解析文本拼接_表格清洗增强_01_001-020.md,019_佛山市朗信塑料制品有限公司新建项目_01_受理公告或公示版
PL020,PL020_佛山市朗信塑料制品有限公司新建项目_01_受理公告或公示版.pdf,14,2,2,完整,1.0,"4.7 | 治理
技术 | 吸附床（含活性炭吸附法）：a）
预处理设备应根据废气的成分、性
质和影响吸附过程的物质性质及
含量进行选择；b）吸附床层的吸
附剂用量应根据废气处理量、污染
物浓度和吸附剂的动态吸附量确
定；c）吸附剂应及时更换或有效
再生。 | 项目有机废气通过活性炭
吸附设施进行处理，根据
本项目选用颗粒活性炭，
需要处理非甲烷总烃量为
0.",,解析文本拼接_表格清洗增强_01_001-020.md,019_佛山市朗信塑料制品有限公司新建项目_01_受理公告或公示版
PL020,PL020_佛山市朗信塑料制品有限公司新建项目_01_受理公告或公示版.pdf,14,2,3,完整,1.0,"4.8 | 建设
项目
VOCs
总量
管理 | 新、改、扩建项目应执行总量替代
制度，明确VOCs总量指标来源。 | 建议挥发性有机物排放总
量控制指标为0.851t/a，由
区镇两级环保主管部门核
查总量指标。 | 符合",,解析文本拼接_表格清洗增强_01_001-020.md,019_佛山市朗信塑料制品有限公司新建项目_01_受理公告或公示版
PL020,PL020_佛山市朗信塑料制品有限公司新建项目_01_受理公告或公示版.pdf,14,2,5,完整,1.0,"5.1 | 加强VOCs源头替代和无组织排放管控。
大力推进低VOCs含量原辅材料替代，将
全面使用低VOCs含量原辅材料的企业纳
入证明清单和政府绿色采购清单。加强对
含VOCs物料储存、转移和运输、设备与
管线组件泄漏、敞开液面逸散以及工艺过
程等五类排放源的管控。 | 本项目不涉及使用高挥发
性有机物原辅材料；工艺
过程产生的有机废气使用
集气罩+胶帘",,解析文本拼接_表格清洗增强_01_001-020.md,019_佛山市朗信塑料制品有限公司新建项目_01_受理公告或公示版
PL020,PL020_佛山市朗信塑料制品有限公司新建项目_01_受理公告或公示版.pdf,14,2,6,完整,1.0,"5.2 | 强化涉VOCs排放，涉工业炉窑等重点污
染源自动监测，推动重点工业园区建立挥
发性有机物、颗粒物监测体系。 | 本项目涉及非甲烷总烃排
放，但所在位置不在重点
工业园区，不需要建立挥
发性有机物监测体系。 | 符合",,解析文本拼接_表格清洗增强_01_001-020.md,019_佛山市朗信塑料制品有限公司新建项目_01_受理公告或公示版
PL020,PL020_佛山市朗信塑料制品有限公司新建项目_01_受理公告或公示版.pdf,14,2,8,完整,1.0,"6.1 | 涉VOCs排放项目，实现本行政区域内污
染源“点对点”2倍量削减替代，由项目所
在镇街分局出具 VOCs 总量指标来源及
替代削减方案的意见，开展总量替代。 | 建议挥发性有机物排放总
量控制指标为0.851t/a，由
区镇两级环保主管部门核
查总量指标。 | 符合",,解析文本拼接_表格清洗增强_01_001-020.md,019_佛山市朗信塑料制品有限公司新建项目_01_受理公告或公示版
PL020,PL020_佛山市朗信塑料制品有限公司新建项目_01_受理公告或公示版.pdf,15,2,2,完整,1.0,"7.1 | 有组
织排
放控
制要
求 | 收集的废气中 NMHC初始排放
速率≥3kg/h时，应当配置 VOCs
处理设施，处理效率不应当低于
80%。对于重点地区，收集的废气
NMHC 初始排放速率≥2kg/h
时，应当配置VOCs 处理设施，
处理效率不应当低80%；采用的
原辅材料符合国家有关低VOCs
含量产品规定的除外。 | 本项目位于重点地区，",,解析文本拼接_表格清洗增强_01_001-020.md,019_佛山市朗信塑料制品有限公司新建项目_01_受理公告或公示版
PL020,PL020_佛山市朗信塑料制品有限公司新建项目_01_受理公告或公示版.pdf,15,2,3,完整,1.0,"7.2 | 排气筒高度不低于15m（因安全
考虑或有特殊工艺要求的除外），
具体高度以及与周围建筑物的相
对高度关系应根据环境影响评价
文件确定。 | 本项目有机废气排气筒设
计排放高度为40m。 | 符合",,解析文本拼接_表格清洗增强_01_001-020.md,019_佛山市朗信塑料制品有限公司新建项目_01_受理公告或公示版
PL020,PL020_佛山市朗信塑料制品有限公司新建项目_01_受理公告或公示版.pdf,15,2,4,完整,1.0,"7.3 | VOCs
物料
存储
无组
织排
放控
制要
求 | VOCs物料应储存于密闭的容器、
包装袋、储罐、储存、料仓中，盛
装VOCs物料的容器或包装袋应
存放于室内，或存放于设置有雨
棚、遮阳和防渗设施的专用场地。
盛装VOCs物料的容器或包装袋
在非取用状态时应加盖、封口，保
持密闭。 | 项目使用的ABS、PP、AS、
TPE、PA、POM塑料",,解析文本拼接_表格清洗增强_01_001-020.md,019_佛山市朗信塑料制品有限公司新建项目_01_受理公告或公示版
PL020,PL020_佛山市朗信塑料制品有限公司新建项目_01_受理公告或公示版.pdf,15,3,4,完整,1.0,80%。对于重点地区，收集的废气 | VOCs初始排放速率为,,解析文本拼接_表格清洗增强_01_001-020.md,019_佛山市朗信塑料制品有限公司新建项目_01_受理公告或公示版
PL020,PL020_佛山市朗信塑料制品有限公司新建项目_01_受理公告或公示版.pdf,15,3,5,完整,1.0,7.1 | NMHC 初始排放速率≥2kg/h | 0.079kg/h，已设置活性炭 | 符合,,解析文本拼接_表格清洗增强_01_001-020.md,019_佛山市朗信塑料制品有限公司新建项目_01_受理公告或公示版
PL020,PL020_佛山市朗信塑料制品有限公司新建项目_01_受理公告或公示版.pdf,15,3,7,完整,1.0,时，应当配置VOCs 处理设施， | 吸附废气治理设施，有效,,解析文本拼接_表格清洗增强_01_001-020.md,019_佛山市朗信塑料制品有限公司新建项目_01_受理公告或公示版
PL020,PL020_佛山市朗信塑料制品有限公司新建项目_01_受理公告或公示版.pdf,15,3,9,完整,1.0,处理效率不应当低80%；采用的 | 减少有机废气的排放。,,解析文本拼接_表格清洗增强_01_001-020.md,019_佛山市朗信塑料制品有限公司新建项目_01_受理公告或公示版
PL020,PL020_佛山市朗信塑料制品有限公司新建项目_01_受理公告或公示版.pdf,15,3,19,疑似缺失,0.5,7.2 | 计排放高度为 。,计排放高度为 。,解析文本拼接_表格清洗增强_01_001-020.md,019_佛山市朗信塑料制品有限公司新建项目_01_受理公告或公示版
PL020,PL020_佛山市朗信塑料制品有限公司新建项目_01_受理公告或公示版.pdf,15,3,20,完整,1.0,对高度关系应根据环境影响评价 | 40m,,解析文本拼接_表格清洗增强_01_001-020.md,019_佛山市朗信塑料制品有限公司新建项目_01_受理公告或公示版
PL020,PL020_佛山市朗信塑料制品有限公司新建项目_01_受理公告或公示版.pdf,15,3,22,完整,1.0,VOCs | VOCs物料应储存于密闭的容器、,,解析文本拼接_表格清洗增强_01_001-020.md,019_佛山市朗信塑料制品有限公司新建项目_01_受理公告或公示版
PL020,PL020_佛山市朗信塑料制品有限公司新建项目_01_受理公告或公示版.pdf,15,3,25,疑似缺失,0.5,VOCs | 、 、 塑料粒和,、 、 塑料粒和,解析文本拼接_表格清洗增强_01_001-020.md,019_佛山市朗信塑料制品有限公司新建项目_01_受理公告或公示版
PL020,PL020_佛山市朗信塑料制品有限公司新建项目_01_受理公告或公示版.pdf,15,3,27,完整,1.0,7.3 | 织排 | 棚、遮阳和防渗设施的专用场地。 | 色粉为密闭袋装，非取用 | 符合,,解析文本拼接_表格清洗增强_01_001-020.md,019_佛山市朗信塑料制品有限公司新建项目_01_受理公告或公示版
PL020,PL020_佛山市朗信塑料制品有限公司新建项目_01_受理公告或公示版.pdf,15,3,30,完整,1.0,VOCs | 闭。,,解析文本拼接_表格清洗增强_01_001-020.md,019_佛山市朗信塑料制品有限公司新建项目_01_受理公告或公示版
PL020,PL020_佛山市朗信塑料制品有限公司新建项目_01_受理公告或公示版.pdf,16,2,2,完整,1.0,"主体车间 | 生产车间 | 位于首层生产车间，建筑面积为4392.38m2，建筑高度为
3.5m，主要包括注塑区、混料区、破碎区、原料仓库、一般
固体废物暂存间、危废暂存间、办公室、过道、货梯、楼梯、
电房等；另设夹层生产车间，建筑面积为215m2，建筑高度
为3.5m，夹层生产车间主要包括注塑区",,解析文本拼接_表格清洗增强_01_001-020.md,019_佛山市朗信塑料制品有限公司新建项目_01_受理公告或公示版
PL020,PL020_佛山市朗信塑料制品有限公司新建项目_01_受理公告或公示版.pdf,16,2,3,完整,1.0,仓储工程 | 原料仓库 | 位于首层生产车间，建筑面积为1000m2，建筑高度为3.5m,,解析文本拼接_表格清洗增强_01_001-020.md,019_佛山市朗信塑料制品有限公司新建项目_01_受理公告或公示版
PL020,PL020_佛山市朗信塑料制品有限公司新建项目_01_受理公告或公示版.pdf,16,2,4,完整,1.0,一般固废暂存间 | 位于首层生产车间，建筑面积为10m2，建筑高度为3.5m,,解析文本拼接_表格清洗增强_01_001-020.md,019_佛山市朗信塑料制品有限公司新建项目_01_受理公告或公示版
PL020,PL020_佛山市朗信塑料制品有限公司新建项目_01_受理公告或公示版.pdf,16,2,5,完整,1.0,危废暂存间 | 位于首层生产车间，建筑面积为5m2，建筑高度为3.5m,,解析文本拼接_表格清洗增强_01_001-020.md,019_佛山市朗信塑料制品有限公司新建项目_01_受理公告或公示版
PL020,PL020_佛山市朗信塑料制品有限公司新建项目_01_受理公告或公示版.pdf,16,2,6,完整,1.0,辅助工程 | 办公区域 | 位于首层生产车间，建筑面积为280m2，建筑高度为3.5m,,解析文本拼接_表格清洗增强_01_001-020.md,019_佛山市朗信塑料制品有限公司新建项目_01_受理公告或公示版
PL020,PL020_佛山市朗信塑料制品有限公司新建项目_01_受理公告或公示版.pdf,16,2,7,完整,1.0,"过道、货梯、楼梯、
电房 | 位于首层生产车间内，建筑面积为500m2",,解析文本拼接_表格清洗增强_01_001-020.md,019_佛山市朗信塑料制品有限公司新建项目_01_受理公告或公示版
PL020,PL020_佛山市朗信塑料制品有限公司新建项目_01_受理公告或公示版.pdf,16,2,10,完整,1.0,配电系统 | 由市政供电管网供给，项目内不设备用发电机,,解析文本拼接_表格清洗增强_01_001-020.md,019_佛山市朗信塑料制品有限公司新建项目_01_受理公告或公示版
PL020,PL020_佛山市朗信塑料制品有限公司新建项目_01_受理公告或公示版.pdf,16,2,11,完整,1.0,"环保工程 | 废气 | 注塑工序产生的非甲烷总烃、恶臭气体经集气罩+胶帘围挡
收集后通过“活性炭吸附”装置处理后引至楼顶40m排气筒
DA001高空排放",,解析文本拼接_表格清洗增强_01_001-020.md,019_佛山市朗信塑料制品有限公司新建项目_01_受理公告或公示版
PL020,PL020_佛山市朗信塑料制品有限公司新建项目_01_受理公告或公示版.pdf,16,2,12,完整,1.0,"废水 | 生活污水经三级化粪池预处理后通过市政污水管网引至勒
流污水处理厂进一步处理；注塑冷却塔排水定期作为清净下
水排入市政雨水管网",,解析文本拼接_表格清洗增强_01_001-020.md,019_佛山市朗信塑料制品有限公司新建项目_01_受理公告或公示版
PL020,PL020_佛山市朗信塑料制品有限公司新建项目_01_受理公告或公示版.pdf,16,2,13,完整,1.0,噪声 | 高噪声设备基础减振、局部隔声,,解析文本拼接_表格清洗增强_01_001-020.md,019_佛山市朗信塑料制品有限公司新建项目_01_受理公告或公示版
PL020,PL020_佛山市朗信塑料制品有限公司新建项目_01_受理公告或公示版.pdf,16,2,14,完整,1.0,"固废 | 危险废物暂存于厂区内东北侧的危废暂存间内（5m2），定
期交由有资质单位接收处置",,解析文本拼接_表格清洗增强_01_001-020.md,019_佛山市朗信塑料制品有限公司新建项目_01_受理公告或公示版
PL020,PL020_佛山市朗信塑料制品有限公司新建项目_01_受理公告或公示版.pdf,16,3,1,完整,1.0,于 | 一栋6层高 | 的独立厂房的第 | 二层厂房，所在建筑物总高度为36m，所在楼层高度,,解析文本拼接_表格清洗增强_01_001-020.md,019_佛山市朗信塑料制品有限公司新建项目_01_受理公告或公示版
PL020,PL020_佛山市朗信塑料制品有限公司新建项目_01_受理公告或公示版.pdf,16,3,2,完整,1.0,为 | 7m，占地 | 面积为 4392.38m | 2，总建筑面积约为 4392.38m2，其中首层建筑面积,,解析文本拼接_表格清洗增强_01_001-020.md,019_佛山市朗信塑料制品有限公司新建项目_01_受理公告或公示版
PL020,PL020_佛山市朗信塑料制品有限公司新建项目_01_受理公告或公示版.pdf,16,3,3,完整,1.0,4 | 392.38m2， | 夹层建筑面积215 | m2（不计入总建筑面积内），具体布置情况详见下表。,,解析文本拼接_表格清洗增强_01_001-020.md,019_佛山市朗信塑料制品有限公司新建项目_01_受理公告或公示版
PL020,PL020_佛山市朗信塑料制品有限公司新建项目_01_受理公告或公示版.pdf,16,3,4,完整,1.0,表 | 2-1 本项目工程组成一览表,,解析文本拼接_表格清洗增强_01_001-020.md,019_佛山市朗信塑料制品有限公司新建项目_01_受理公告或公示版
PL020,PL020_佛山市朗信塑料制品有限公司新建项目_01_受理公告或公示版.pdf,16,3,8,完整,1.0,主体车间 | 生产车间 | 固体废物暂存间、危废暂存间、办公室、过道、货梯、楼梯、,,解析文本拼接_表格清洗增强_01_001-020.md,019_佛山市朗信塑料制品有限公司新建项目_01_受理公告或公示版
PL020,PL020_佛山市朗信塑料制品有限公司新建项目_01_受理公告或公示版.pdf,16,3,11,完整,1.0,原料仓库 | 位于首层生产车间，建筑面积为1000m2，建筑高度为3.5m,,解析文本拼接_表格清洗增强_01_001-020.md,019_佛山市朗信塑料制品有限公司新建项目_01_受理公告或公示版
PL020,PL020_佛山市朗信塑料制品有限公司新建项目_01_受理公告或公示版.pdf,16,3,12,完整,1.0,仓储工程 | 一般固废暂存间 | 位于首层生产车间，建筑面积为10m2，建筑高度为3.5m,,解析文本拼接_表格清洗增强_01_001-020.md,019_佛山市朗信塑料制品有限公司新建项目_01_受理公告或公示版
PL020,PL020_佛山市朗信塑料制品有限公司新建项目_01_受理公告或公示版.pdf,16,3,13,完整,1.0,危废暂存间 | 位于首层生产车间，建筑面积为5m2，建筑高度为3.5m,,解析文本拼接_表格清洗增强_01_001-020.md,019_佛山市朗信塑料制品有限公司新建项目_01_受理公告或公示版
PL020,PL020_佛山市朗信塑料制品有限公司新建项目_01_受理公告或公示版.pdf,16,3,15,疑似缺失,0.5,办公区域 | 位于首层生产车间，建筑面积为 2，建筑高度为,位于首层生产车间，建筑面积为 2，建筑高度为,解析文本拼接_表格清洗增强_01_001-020.md,019_佛山市朗信塑料制品有限公司新建项目_01_受理公告或公示版
PL020,PL020_佛山市朗信塑料制品有限公司新建项目_01_受理公告或公示版.pdf,16,3,18,完整,1.0,电房 | 位于首层生产车间内，建筑面积为500m2,,解析文本拼接_表格清洗增强_01_001-020.md,019_佛山市朗信塑料制品有限公司新建项目_01_受理公告或公示版
PL020,PL020_佛山市朗信塑料制品有限公司新建项目_01_受理公告或公示版.pdf,16,3,24,完整,1.0,配电系统 | 由市政供电管网供给，项目内不设备用发电机,,解析文本拼接_表格清洗增强_01_001-020.md,019_佛山市朗信塑料制品有限公司新建项目_01_受理公告或公示版
PL020,PL020_佛山市朗信塑料制品有限公司新建项目_01_受理公告或公示版.pdf,16,3,26,完整,1.0,废气 | 收集后通过“活性炭吸附”装置处理后引至楼顶40m排气筒,,解析文本拼接_表格清洗增强_01_001-020.md,019_佛山市朗信塑料制品有限公司新建项目_01_受理公告或公示版
PL020,PL020_佛山市朗信塑料制品有限公司新建项目_01_受理公告或公示版.pdf,16,3,29,完整,1.0,废水 | 流污水处理厂进一步处理；注塑冷却塔排水定期作为清净下,,解析文本拼接_表格清洗增强_01_001-020.md,019_佛山市朗信塑料制品有限公司新建项目_01_受理公告或公示版
PL020,PL020_佛山市朗信塑料制品有限公司新建项目_01_受理公告或公示版.pdf,16,3,32,完整,1.0,噪声 | 高噪声设备基础减振、局部隔声,,解析文本拼接_表格清洗增强_01_001-020.md,019_佛山市朗信塑料制品有限公司新建项目_01_受理公告或公示版
PL020,PL020_佛山市朗信塑料制品有限公司新建项目_01_受理公告或公示版.pdf,16,3,35,完整,1.0,固废 | 一般固体废物交相应回收单位回收处理,,解析文本拼接_表格清洗增强_01_001-020.md,019_佛山市朗信塑料制品有限公司新建项目_01_受理公告或公示版
PL020,PL020_佛山市朗信塑料制品有限公司新建项目_01_受理公告或公示版.pdf,17,2,2,完整,1.0,序号 | 产品名称 | 单位 | 生产规模 | 备注,,解析文本拼接_表格清洗增强_01_001-020.md,019_佛山市朗信塑料制品有限公司新建项目_01_受理公告或公示版
PL020,PL020_佛山市朗信塑料制品有限公司新建项目_01_受理公告或公示版.pdf,17,2,3,完整,1.0,"1 | 水壶外壳 | 套/年 | 960000 | 一套包括壶体和底座，壶体265.14g/件，
底座52.15g/件，一套共317.29g/件，总重
量约为305t",,解析文本拼接_表格清洗增强_01_001-020.md,019_佛山市朗信塑料制品有限公司新建项目_01_受理公告或公示版
PL020,PL020_佛山市朗信塑料制品有限公司新建项目_01_受理公告或公示版.pdf,17,2,4,完整,1.0,"2 | 熨斗机外壳 | 套/年 | 96000 | 一套包括机身和底座，机身80.53g/件，底
座191.61g/件，一套共272.14g/件，总重量
约为26t",,解析文本拼接_表格清洗增强_01_001-020.md,019_佛山市朗信塑料制品有限公司新建项目_01_受理公告或公示版
PL020,PL020_佛山市朗信塑料制品有限公司新建项目_01_受理公告或公示版.pdf,17,2,5,完整,1.0,3 | 打磨机内壳 | 件/年 | 480000 | 平均184.69g/件，总重量约为89t,,解析文本拼接_表格清洗增强_01_001-020.md,019_佛山市朗信塑料制品有限公司新建项目_01_受理公告或公示版
PL020,PL020_佛山市朗信塑料制品有限公司新建项目_01_受理公告或公示版.pdf,17,2,8,完整,1.0,水壶外壳壶体，重265.14g | 水壶外壳底座，重52.15g,,解析文本拼接_表格清洗增强_01_001-020.md,019_佛山市朗信塑料制品有限公司新建项目_01_受理公告或公示版
PL020,PL020_佛山市朗信塑料制品有限公司新建项目_01_受理公告或公示版.pdf,17,3,1,完整,1.0,序号 | 产品名称 | 单位 | 生产规模 | 备注,,解析文本拼接_表格清洗增强_01_001-020.md,019_佛山市朗信塑料制品有限公司新建项目_01_受理公告或公示版
PL020,PL020_佛山市朗信塑料制品有限公司新建项目_01_受理公告或公示版.pdf,17,3,3,完整,1.0,1 | 水壶外壳 | 套/年 | 960000 | 底座52.15g/件，一套共317.29g/件，总重,,解析文本拼接_表格清洗增强_01_001-020.md,019_佛山市朗信塑料制品有限公司新建项目_01_受理公告或公示版
PL020,PL020_佛山市朗信塑料制品有限公司新建项目_01_受理公告或公示版.pdf,17,3,6,完整,1.0,2 | 熨斗机外壳 | 套/年 | 96000 | 座191.61g/件，一套共272.14g/件，总重量,,解析文本拼接_表格清洗增强_01_001-020.md,019_佛山市朗信塑料制品有限公司新建项目_01_受理公告或公示版
PL020,PL020_佛山市朗信塑料制品有限公司新建项目_01_受理公告或公示版.pdf,17,3,8,完整,1.0,3 | 打磨机内壳 | 件/年 | 480000 | 平均184.69g/件，总重量约为89t,,解析文本拼接_表格清洗增强_01_001-020.md,019_佛山市朗信塑料制品有限公司新建项目_01_受理公告或公示版
PL020,PL020_佛山市朗信塑料制品有限公司新建项目_01_受理公告或公示版.pdf,18,2,1,完整,1.0,熨斗机外壳机身，重80.53g | 熨斗机机身底座，重191.61g,,解析文本拼接_表格清洗增强_01_001-020.md,019_佛山市朗信塑料制品有限公司新建项目_01_受理公告或公示版
PL020,PL020_佛山市朗信塑料制品有限公司新建项目_01_受理公告或公示版.pdf,18,3,1,完整,1.0,"序号 | 名称 | 单位 | 使用量 | 最大存
储量 | 形态 | 包装规
格 | 使用
工序 | 对应
产品",,解析文本拼接_表格清洗增强_01_001-020.md,019_佛山市朗信塑料制品有限公司新建项目_01_受理公告或公示版
PL020,PL020_佛山市朗信塑料制品有限公司新建项目_01_受理公告或公示版.pdf,18,3,2,完整,1.0,1 | ABS塑料粒 | t/a | 250 | 10 | 固态颗粒 | 25kg/袋 | 混料、 | 水壶外,,解析文本拼接_表格清洗增强_01_001-020.md,019_佛山市朗信塑料制品有限公司新建项目_01_受理公告或公示版
PL020,PL020_佛山市朗信塑料制品有限公司新建项目_01_受理公告或公示版.pdf,18,4,3,完整,1.0,储量 | 格 | 工序 | 产品,,解析文本拼接_表格清洗增强_01_001-020.md,019_佛山市朗信塑料制品有限公司新建项目_01_受理公告或公示版
PL020,PL020_佛山市朗信塑料制品有限公司新建项目_01_受理公告或公示版.pdf,18,4,4,完整,1.0,10 固态颗粒 | 25kg/袋 | 混料、 | 水壶外,,解析文本拼接_表格清洗增强_01_001-020.md,019_佛山市朗信塑料制品有限公司新建项目_01_受理公告或公示版
PL020,PL020_佛山市朗信塑料制品有限公司新建项目_01_受理公告或公示版.pdf,19,1,3,完整,1.0,"1 | ABS塑料粒 | ABS塑料是丙烯腈(A)、丁二烯（B）、苯乙烯（S）三种单体的三
元共聚物，兼有三种组元的共同性能，A使其耐化学腐蚀、耐热，
并有一定的表面硬度，B使其具有高弹性和韧性，S使其具有热塑
性塑料的加工成型特性并改善电性能，属于强度高、韧性好、易于
加工成型的热塑性高分子材料结构。ABS塑料是微黄色固体，有
一定的韧性，密度为1.04~",,解析文本拼接_表格清洗增强_01_001-020.md,019_佛山市朗信塑料制品有限公司新建项目_01_受理公告或公示版
PL020,PL020_佛山市朗信塑料制品有限公司新建项目_01_受理公告或公示版.pdf,19,1,4,完整,1.0,"2 | PP塑料粒 | 聚丙烯塑料。无色、无臭、无毒、半透明固体物质。密度
0.89~0.91g/cm3，熔融温度164-170℃，在155℃左右开始软化，热
分解温度为320°C。在80C以下能耐酸、碱、盐液及多种有机溶剂
的腐蚀。",,解析文本拼接_表格清洗增强_01_001-020.md,019_佛山市朗信塑料制品有限公司新建项目_01_受理公告或公示版
PL020,PL020_佛山市朗信塑料制品有限公司新建项目_01_受理公告或公示版.pdf,19,1,5,完整,1.0,"3 | 色粉 | 色粉是一种有颜色的粉末物质，也是颜料的俗称，与塑胶颜料混合
后，经加热注塑可以制成各种不同颜色的塑胶产品，它广泛应用于
塑胶着色工艺中。",,解析文本拼接_表格清洗增强_01_001-020.md,019_佛山市朗信塑料制品有限公司新建项目_01_受理公告或公示版
PL020,PL020_佛山市朗信塑料制品有限公司新建项目_01_受理公告或公示版.pdf,19,1,6,完整,1.0,"4 | AS塑料粒 | 是由丙烯腈与苯乙烯共聚而成的高分子化合物，为透明或半透明的
水白色颗粒，相对密度为1.06~1.08g/cm3，折射率为1.57m/s，平衡
吸水性为0.66%；具有高光泽、高透明、高冲击、良好的耐热性和
机械性能；刚性大，具有较高的化学稳定性，耐水、耐油、耐酸、
耐碱、耐醇类；溶于酮类溶剂和某些芳烃、氯代烃，耐候性中等，
脆性较大，",,解析文本拼接_表格清洗增强_01_001-020.md,019_佛山市朗信塑料制品有限公司新建项目_01_受理公告或公示版
PL020,PL020_佛山市朗信塑料制品有限公司新建项目_01_受理公告或公示版.pdf,19,2,1,完整,1.0,"2 | PP塑料粒 | t/a | 100 | 5 | 固态颗粒 | 25kg/袋 | 注塑工
序 | 壳、熨
斗机外
壳、打
磨机内
壳",,解析文本拼接_表格清洗增强_01_001-020.md,019_佛山市朗信塑料制品有限公司新建项目_01_受理公告或公示版
PL020,PL020_佛山市朗信塑料制品有限公司新建项目_01_受理公告或公示版.pdf,19,2,2,完整,1.0,3 | 色粉 | t/a | 1.4 | 0.5 | 粉状 | 25kg/袋,,解析文本拼接_表格清洗增强_01_001-020.md,019_佛山市朗信塑料制品有限公司新建项目_01_受理公告或公示版
PL020,PL020_佛山市朗信塑料制品有限公司新建项目_01_受理公告或公示版.pdf,19,2,3,完整,1.0,"4 | AS塑料粒 | t/a | 20 | 2 | 固态颗粒 | 25kg/袋 | 水壶外
壳、熨
斗机外
壳",,解析文本拼接_表格清洗增强_01_001-020.md,019_佛山市朗信塑料制品有限公司新建项目_01_受理公告或公示版
PL020,PL020_佛山市朗信塑料制品有限公司新建项目_01_受理公告或公示版.pdf,19,2,4,完整,1.0,"5 | PA塑料粒 | t/a | 5 | 0.5 | 固态颗粒 | 25kg/袋 | 水壶外
壳",,解析文本拼接_表格清洗增强_01_001-020.md,019_佛山市朗信塑料制品有限公司新建项目_01_受理公告或公示版
PL020,PL020_佛山市朗信塑料制品有限公司新建项目_01_受理公告或公示版.pdf,19,2,5,完整,1.0,"6 | TPE塑料粒 | t/a | 25 | 2.5 | 固态颗粒 | 25kg/袋 | 熨斗机
外壳",,解析文本拼接_表格清洗增强_01_001-020.md,019_佛山市朗信塑料制品有限公司新建项目_01_受理公告或公示版
PL020,PL020_佛山市朗信塑料制品有限公司新建项目_01_受理公告或公示版.pdf,19,2,6,完整,1.0,"7 | POM塑料粒 | t/a | 20 | 2 | 固态颗粒 | 25kg/袋 | 打磨机
内壳",,解析文本拼接_表格清洗增强_01_001-020.md,019_佛山市朗信塑料制品有限公司新建项目_01_受理公告或公示版
PL020,PL020_佛山市朗信塑料制品有限公司新建项目_01_受理公告或公示版.pdf,19,2,7,完整,1.0,"8 | 模具 | 套/a | 150 | 150 | 固体 | / | 注塑工
序 | /",,解析文本拼接_表格清洗增强_01_001-020.md,019_佛山市朗信塑料制品有限公司新建项目_01_受理公告或公示版
PL020,PL020_佛山市朗信塑料制品有限公司新建项目_01_受理公告或公示版.pdf,19,2,8,完整,1.0,9 | 机油 | t/a | 0.4 | 0.1 | 液体 | 10kg/桶 | 维修 | /,,解析文本拼接_表格清洗增强_01_001-020.md,019_佛山市朗信塑料制品有限公司新建项目_01_受理公告或公示版
PL020,PL020_佛山市朗信塑料制品有限公司新建项目_01_受理公告或公示版.pdf,19,2,9,完整,1.0,"10 | 包装材料 | t/a | 0.5 | 0.1 | 固体 | / | 打包 | 水壶外
壳、熨
斗机外
壳、打
磨机内
壳",,解析文本拼接_表格清洗增强_01_001-020.md,019_佛山市朗信塑料制品有限公司新建项目_01_受理公告或公示版
PL020,PL020_佛山市朗信塑料制品有限公司新建项目_01_受理公告或公示版.pdf,19,3,1,部分,0.75,2 | P | P塑料粒 t | /a 100 5 固态颗粒 25kg/袋 注塑工 壳、熨,/a 100 5 固态颗粒 25kg/袋 注塑工 壳、熨,解析文本拼接_表格清洗增强_01_001-020.md,019_佛山市朗信塑料制品有限公司新建项目_01_受理公告或公示版
PL020,PL020_佛山市朗信塑料制品有限公司新建项目_01_受理公告或公示版.pdf,19,3,4,疑似缺失,0.667,"3 | 色粉 t | /a 1.4 0.5 粉状 25kg/袋
磨机内","/a 1.4 0.5 粉状 25kg/袋
磨机内",解析文本拼接_表格清洗增强_01_001-020.md,019_佛山市朗信塑料制品有限公司新建项目_01_受理公告或公示版
PL020,PL020_佛山市朗信塑料制品有限公司新建项目_01_受理公告或公示版.pdf,19,3,9,疑似缺失,0.5,"4 | A | S t | /a 20 2 25kg/
斗机外","S t；/a 20 2 25kg/
斗机外",解析文本拼接_表格清洗增强_01_001-020.md,019_佛山市朗信塑料制品有限公司新建项目_01_受理公告或公示版
PL020,PL020_佛山市朗信塑料制品有限公司新建项目_01_受理公告或公示版.pdf,19,3,13,部分,0.75,"5 | PA | t | /a 5 0.5 25kg/
壳","/a 5 0.5 25kg/
壳",解析文本拼接_表格清洗增强_01_001-020.md,019_佛山市朗信塑料制品有限公司新建项目_01_受理公告或公示版
PL020,PL020_佛山市朗信塑料制品有限公司新建项目_01_受理公告或公示版.pdf,19,3,16,疑似缺失,0.5,"6 | TP | E t | /a 25 2.5 25kg/
外壳","E t；/a 25 2.5 25kg/
外壳",解析文本拼接_表格清洗增强_01_001-020.md,019_佛山市朗信塑料制品有限公司新建项目_01_受理公告或公示版
PL020,PL020_佛山市朗信塑料制品有限公司新建项目_01_受理公告或公示版.pdf,19,3,19,疑似缺失,0.5,"7 | PO | M t | /a 20 2 25kg/
内壳","M t；/a 20 2 25kg/
内壳",解析文本拼接_表格清洗增强_01_001-020.md,019_佛山市朗信塑料制品有限公司新建项目_01_受理公告或公示版
PL020,PL020_佛山市朗信塑料制品有限公司新建项目_01_受理公告或公示版.pdf,19,3,22,疑似缺失,0.5,"8 | /a 150 150 / /
序","/a 150 150 / /
序",解析文本拼接_表格清洗增强_01_001-020.md,019_佛山市朗信塑料制品有限公司新建项目_01_受理公告或公示版
PL020,PL020_佛山市朗信塑料制品有限公司新建项目_01_受理公告或公示版.pdf,19,3,23,完整,1.0,9 | 机油 t | /a 0.4 0.1 液体 10kg/桶 维修 /,,解析文本拼接_表格清洗增强_01_001-020.md,019_佛山市朗信塑料制品有限公司新建项目_01_受理公告或公示版
PL020,PL020_佛山市朗信塑料制品有限公司新建项目_01_受理公告或公示版.pdf,19,3,27,疑似缺失,0.667,包 | 装材料 | 固体 打包,固体 打包,解析文本拼接_表格清洗增强_01_001-020.md,019_佛山市朗信塑料制品有限公司新建项目_01_受理公告或公示版
PL020,PL020_佛山市朗信塑料制品有限公司新建项目_01_受理公告或公示版.pdf,19,3,28,疑似缺失,0.667,10 | t | /a 0.5 0.1 /,/a 0.5 0.1 /,解析文本拼接_表格清洗增强_01_001-020.md,019_佛山市朗信塑料制品有限公司新建项目_01_受理公告或公示版
PL020,PL020_佛山市朗信塑料制品有限公司新建项目_01_受理公告或公示版.pdf,19,3,32,完整,1.0,（2 | ） | 项目主要原料 | 理化性质如下,,解析文本拼接_表格清洗增强_01_001-020.md,019_佛山市朗信塑料制品有限公司新建项目_01_受理公告或公示版
PL020,PL020_佛山市朗信塑料制品有限公司新建项目_01_受理公告或公示版.pdf,19,3,40,疑似缺失,0.667,1 | ABS | 加工成型的热塑性高分子材料结构。 塑料是微黄色固体，有,加工成型的热塑性高分子材料结构。 塑料是微黄色固体，有,解析文本拼接_表格清洗增强_01_001-020.md,019_佛山市朗信塑料制品有限公司新建项目_01_受理公告或公示版
PL020,PL020_佛山市朗信塑料制品有限公司新建项目_01_受理公告或公示版.pdf,19,3,48,疑似缺失,0.667,2 | PP | 分解温度为 。在 以下能耐酸、碱、盐液及多种有机溶剂,分解温度为 。在 以下能耐酸、碱、盐液及多种有机溶剂,解析文本拼接_表格清洗增强_01_001-020.md,019_佛山市朗信塑料制品有限公司新建项目_01_受理公告或公示版
PL020,PL020_佛山市朗信塑料制品有限公司新建项目_01_受理公告或公示版.pdf,19,3,52,完整,1.0,3 | 色粉 | 后，经加热注塑可以制成各种不同颜色的塑胶产品，它广泛应用于,,解析文本拼接_表格清洗增强_01_001-020.md,019_佛山市朗信塑料制品有限公司新建项目_01_受理公告或公示版
PL020,PL020_佛山市朗信塑料制品有限公司新建项目_01_受理公告或公示版.pdf,19,3,58,完整,1.0,4 | AS | 机械性能；刚性大，具有较高的化学稳定性，耐水、耐油、耐酸、,,解析文本拼接_表格清洗增强_01_001-020.md,019_佛山市朗信塑料制品有限公司新建项目_01_受理公告或公示版
PL020,PL020_佛山市朗信塑料制品有限公司新建项目_01_受理公告或公示版.pdf,20,1,1,完整,1.0,"5 | PA塑料粒 | PA塑料简称尼龙、聚酰胺，是大分子主链重复单元中含有酰胺基
团的高聚物的总称，为韧性角状半透明或乳白色结晶性树脂，密度
为1.05~1.15g/cm3，熔融温度为220~300℃，热分解温度＞350℃，
成型收缩率为0.8~2.2%，干燥条件为100~110℃/12h。PA 塑料具
有良好的综合性能，包括力学性能、耐热性、耐磨损性、耐",,解析文本拼接_表格清洗增强_01_001-020.md,019_佛山市朗信塑料制品有限公司新建项目_01_受理公告或公示版
PL020,PL020_佛山市朗信塑料制品有限公司新建项目_01_受理公告或公示版.pdf,20,1,2,完整,1.0,"6 | TPE塑料粒 | 是一种热塑性弹性体材料，TPE塑料是由多种不同的聚合物组成的
共混物，通常包括热塑性弹性体（SBC、TPV、TPO等）、功能性
添加剂（增塑剂、稳定剂、润滑剂等）、填料（纤维、颗粒、粉末
等），其中热塑性弹性体是TPE塑料的主要成分。TPE塑料粒具
有高强度，高回弹性，可注塑加工的特征，应用范围广泛，环保无
毒安全，有优良的着色性；",,解析文本拼接_表格清洗增强_01_001-020.md,019_佛山市朗信塑料制品有限公司新建项目_01_受理公告或公示版
PL020,PL020_佛山市朗信塑料制品有限公司新建项目_01_受理公告或公示版.pdf,20,1,3,完整,1.0,"7 | POM塑料粒 | 聚甲醛塑料，是一种表面光滑、有光泽的硬而致密的材料，淡黄或
白色，薄壁部分呈半透明。比重1.41-1.43g/cm3，成型温度170-200
℃ 。POM的长期耐热性能不高，但短期可达到160℃，其中均聚
POM短期耐热比共聚POM高10℃以上，但长期耐热共聚POM反
而比均聚POM高10℃左右。可在-40℃～100℃温度范围内长期",,解析文本拼接_表格清洗增强_01_001-020.md,019_佛山市朗信塑料制品有限公司新建项目_01_受理公告或公示版
PL020,PL020_佛山市朗信塑料制品有限公司新建项目_01_受理公告或公示版.pdf,20,1,4,完整,1.0,"8 | 机油 | 为无气味或略带异味的淡黄色至褐色油状液体，不溶于水，密度小
于1g/cm3。机油一般由基础油和添加剂两部分组成。基础油是机油
的主要成分，决定着机油的基本性质，添加剂则可弥补和改善基础
油性能方面的不足，赋予某些新的性能，是机油的重要组成部分。",,解析文本拼接_表格清洗增强_01_001-020.md,019_佛山市朗信塑料制品有限公司新建项目_01_受理公告或公示版
PL020,PL020_佛山市朗信塑料制品有限公司新建项目_01_受理公告或公示版.pdf,20,1,6,完整,1.0,序号 | 设备 | 规格参数 | 数量 | 单位 | 设备位置 | 使用工序,,解析文本拼接_表格清洗增强_01_001-020.md,019_佛山市朗信塑料制品有限公司新建项目_01_受理公告或公示版
PL020,PL020_佛山市朗信塑料制品有限公司新建项目_01_受理公告或公示版.pdf,20,1,7,完整,1.0,1 | 注塑机 | MK6.6-128T | 2 | 台 | 注塑区 | 注塑,,解析文本拼接_表格清洗增强_01_001-020.md,019_佛山市朗信塑料制品有限公司新建项目_01_受理公告或公示版
PL020,PL020_佛山市朗信塑料制品有限公司新建项目_01_受理公告或公示版.pdf,20,1,8,完整,1.0,2 | 注塑机 | MK6.6-250T | 7 | 台 | 注塑区 | 注塑,,解析文本拼接_表格清洗增强_01_001-020.md,019_佛山市朗信塑料制品有限公司新建项目_01_受理公告或公示版
PL020,PL020_佛山市朗信塑料制品有限公司新建项目_01_受理公告或公示版.pdf,20,1,9,完整,1.0,3 | 注塑机 | MK6.6-320T | 2 | 台 | 注塑区 | 注塑,,解析文本拼接_表格清洗增强_01_001-020.md,019_佛山市朗信塑料制品有限公司新建项目_01_受理公告或公示版
PL020,PL020_佛山市朗信塑料制品有限公司新建项目_01_受理公告或公示版.pdf,20,1,10,完整,1.0,4 | 注塑机 | MK6.6-400T | 1 | 台 | 注塑区 | 注塑,,解析文本拼接_表格清洗增强_01_001-020.md,019_佛山市朗信塑料制品有限公司新建项目_01_受理公告或公示版
PL020,PL020_佛山市朗信塑料制品有限公司新建项目_01_受理公告或公示版.pdf,20,1,11,完整,1.0,5 | 注塑机 | YZ160S-ⅢS，160T | 4 | 台 | 注塑区 | 注塑,,解析文本拼接_表格清洗增强_01_001-020.md,019_佛山市朗信塑料制品有限公司新建项目_01_受理公告或公示版
PL020,PL020_佛山市朗信塑料制品有限公司新建项目_01_受理公告或公示版.pdf,20,1,12,完整,1.0,6 | 注塑机 | UJ150CA，180T | 1 | 台 | 注塑区 | 注塑,,解析文本拼接_表格清洗增强_01_001-020.md,019_佛山市朗信塑料制品有限公司新建项目_01_受理公告或公示版
PL020,PL020_佛山市朗信塑料制品有限公司新建项目_01_受理公告或公示版.pdf,20,1,13,完整,1.0,7 | 注塑机 | 178T | 2 | 台 | 注塑区 | 注塑,,解析文本拼接_表格清洗增强_01_001-020.md,019_佛山市朗信塑料制品有限公司新建项目_01_受理公告或公示版
PL020,PL020_佛山市朗信塑料制品有限公司新建项目_01_受理公告或公示版.pdf,20,2,2,完整,1.0,1 | 水 | 吨/年 | 320 | 办公、生活 | 市政供水,,解析文本拼接_表格清洗增强_01_001-020.md,019_佛山市朗信塑料制品有限公司新建项目_01_受理公告或公示版
PL020,PL020_佛山市朗信塑料制品有限公司新建项目_01_受理公告或公示版.pdf,20,2,3,完整,1.0,2 | 890.352 | 冷却塔、冷水机用水,,解析文本拼接_表格清洗增强_01_001-020.md,019_佛山市朗信塑料制品有限公司新建项目_01_受理公告或公示版
PL020,PL020_佛山市朗信塑料制品有限公司新建项目_01_受理公告或公示版.pdf,20,2,4,完整,1.0,3 | 电 | 万度/年 | 15 | 生产、生活 | 市政供电,,解析文本拼接_表格清洗增强_01_001-020.md,019_佛山市朗信塑料制品有限公司新建项目_01_受理公告或公示版
PL020,PL020_佛山市朗信塑料制品有限公司新建项目_01_受理公告或公示版.pdf,20,3,3,完整,1.0,为1.05~1. | 15g/cm3， | 熔融 | 温度 | 为220~30 | 0℃，热分解温 | 度＞350℃，,,解析文本拼接_表格清洗增强_01_001-020.md,019_佛山市朗信塑料制品有限公司新建项目_01_受理公告或公示版
PL020,PL020_佛山市朗信塑料制品有限公司新建项目_01_受理公告或公示版.pdf,20,3,4,完整,1.0,成型收缩 | 率为0.8~2 | .2%， | 干 | 燥条件为1 | 00~110℃/12h | 。PA 塑料具,,解析文本拼接_表格清洗增强_01_001-020.md,019_佛山市朗信塑料制品有限公司新建项目_01_受理公告或公示版
PL020,PL020_佛山市朗信塑料制品有限公司新建项目_01_受理公告或公示版.pdf,20,3,6,完整,1.0,5 | PA | 有良好的 | 综合性能， | 包括 | 力学 | 性能、耐 | 热性、耐磨损性 | 、耐化学药,,解析文本拼接_表格清洗增强_01_001-020.md,019_佛山市朗信塑料制品有限公司新建项目_01_受理公告或公示版
PL020,PL020_佛山市朗信塑料制品有限公司新建项目_01_受理公告或公示版.pdf,20,3,10,完整,1.0,是一种热 | 塑性弹性体 | 材料 | ，TP | E塑料是 | 由多种不同的聚 | 合物组成的,,解析文本拼接_表格清洗增强_01_001-020.md,019_佛山市朗信塑料制品有限公司新建项目_01_受理公告或公示版
PL020,PL020_佛山市朗信塑料制品有限公司新建项目_01_受理公告或公示版.pdf,20,3,13,完整,1.0,6 | TPE塑料粒 | 等），其 | 中热塑性弹 | 性体 | 是T | PE塑料的 | 主要成分。TP | E塑料粒具,,解析文本拼接_表格清洗增强_01_001-020.md,019_佛山市朗信塑料制品有限公司新建项目_01_受理公告或公示版
PL020,PL020_佛山市朗信塑料制品有限公司新建项目_01_受理公告或公示版.pdf,20,3,15,完整,1.0,毒安全， | 有优良的着 | 色性 | ；密 | 度为0.9~ | 1.3g/cm3，熔融 | 温度约为,,解析文本拼接_表格清洗增强_01_001-020.md,019_佛山市朗信塑料制品有限公司新建项目_01_受理公告或公示版
PL020,PL020_佛山市朗信塑料制品有限公司新建项目_01_受理公告或公示版.pdf,20,3,16,完整,1.0,130~200℃ | ，分解温 | 度约为 | 27 | 0℃。,,解析文本拼接_表格清洗增强_01_001-020.md,019_佛山市朗信塑料制品有限公司新建项目_01_受理公告或公示版
PL020,PL020_佛山市朗信塑料制品有限公司新建项目_01_受理公告或公示版.pdf,20,3,17,完整,1.0,聚甲醛塑 | 料，是一种 | 表面 | 光滑 | 、有光泽 | 的硬而致密的材 | 料，淡黄或,,解析文本拼接_表格清洗增强_01_001-020.md,019_佛山市朗信塑料制品有限公司新建项目_01_受理公告或公示版
PL020,PL020_佛山市朗信塑料制品有限公司新建项目_01_受理公告或公示版.pdf,20,3,18,完整,1.0,白色，薄壁 | 部分呈半 | 透明 | 。比 | 重1.41-1. | 43g/cm3，成型 | 温度170-200,,解析文本拼接_表格清洗增强_01_001-020.md,019_佛山市朗信塑料制品有限公司新建项目_01_受理公告或公示版
PL020,PL020_佛山市朗信塑料制品有限公司新建项目_01_受理公告或公示版.pdf,20,3,19,完整,1.0,℃ 。POM | 的长期耐 | 热性 | 能不 | 高，但短 | 期可达到160℃ | ，其中均聚,,解析文本拼接_表格清洗增强_01_001-020.md,019_佛山市朗信塑料制品有限公司新建项目_01_受理公告或公示版
PL020,PL020_佛山市朗信塑料制品有限公司新建项目_01_受理公告或公示版.pdf,20,3,20,完整,1.0,7 | POM塑料粒 | POM短期 | 耐热比共 | 聚PO | M高 | 10℃以上 | ，但长期耐热共 | 聚POM反,,解析文本拼接_表格清洗增强_01_001-020.md,019_佛山市朗信塑料制品有限公司新建项目_01_受理公告或公示版
PL020,PL020_佛山市朗信塑料制品有限公司新建项目_01_受理公告或公示版.pdf,20,3,21,完整,1.0,而比均聚 | POM高10 | ℃左 | 右。 | 可在-40℃ | ～100℃温度范 | 围内长期使,,解析文本拼接_表格清洗增强_01_001-020.md,019_佛山市朗信塑料制品有限公司新建项目_01_受理公告或公示版
PL020,PL020_佛山市朗信塑料制品有限公司新建项目_01_受理公告或公示版.pdf,20,3,22,完整,1.0,用。POM | 分解温度 | 为240 | ℃。 | 分解时有 | 刺激性和腐蚀 | 性气体发生，,,解析文本拼接_表格清洗增强_01_001-020.md,019_佛山市朗信塑料制品有限公司新建项目_01_受理公告或公示版
PL020,PL020_佛山市朗信塑料制品有限公司新建项目_01_受理公告或公示版.pdf,20,3,23,完整,1.0,故模具钢 | 材宜选用耐 | 腐蚀 | 性的 | 材料制作 | 。,,解析文本拼接_表格清洗增强_01_001-020.md,019_佛山市朗信塑料制品有限公司新建项目_01_受理公告或公示版
PL020,PL020_佛山市朗信塑料制品有限公司新建项目_01_受理公告或公示版.pdf,20,3,25,完整,1.0,于1g/cm3 | 。机油一般 | 由基 | 础油 | 和添加剂 | 两部分组成。基 | 础油是机油,,解析文本拼接_表格清洗增强_01_001-020.md,019_佛山市朗信塑料制品有限公司新建项目_01_受理公告或公示版
PL020,PL020_佛山市朗信塑料制品有限公司新建项目_01_受理公告或公示版.pdf,20,3,30,完整,1.0,表 | 2-5 能耗 | 水耗 | 一览 | 表,,解析文本拼接_表格清洗增强_01_001-020.md,019_佛山市朗信塑料制品有限公司新建项目_01_受理公告或公示版
PL020,PL020_佛山市朗信塑料制品有限公司新建项目_01_受理公告或公示版.pdf,20,3,32,完整,1.0,1 | 320 | 办公、生 | 活,,解析文本拼接_表格清洗增强_01_001-020.md,019_佛山市朗信塑料制品有限公司新建项目_01_受理公告或公示版
PL020,PL020_佛山市朗信塑料制品有限公司新建项目_01_受理公告或公示版.pdf,20,3,34,完整,1.0,2 | 890.352 | 冷却 | 塔、冷水 | 机用水,,解析文本拼接_表格清洗增强_01_001-020.md,019_佛山市朗信塑料制品有限公司新建项目_01_受理公告或公示版
PL020,PL020_佛山市朗信塑料制品有限公司新建项目_01_受理公告或公示版.pdf,20,3,35,完整,1.0,3 | 电 万度 | /年 | 15 | 生产、生 | 活 | 市政供电,,解析文本拼接_表格清洗增强_01_001-020.md,019_佛山市朗信塑料制品有限公司新建项目_01_受理公告或公示版
PL020,PL020_佛山市朗信塑料制品有限公司新建项目_01_受理公告或公示版.pdf,20,3,36,完整,1.0,4、主 | 要设备,,解析文本拼接_表格清洗增强_01_001-020.md,019_佛山市朗信塑料制品有限公司新建项目_01_受理公告或公示版
PL020,PL020_佛山市朗信塑料制品有限公司新建项目_01_受理公告或公示版.pdf,20,3,37,完整,1.0,（1） | 本项目主要生 | 产设备情 | 况详见下 | 表：,,解析文本拼接_表格清洗增强_01_001-020.md,019_佛山市朗信塑料制品有限公司新建项目_01_受理公告或公示版
PL020,PL020_佛山市朗信塑料制品有限公司新建项目_01_受理公告或公示版.pdf,20,3,38,完整,1.0,表2-6 | 本项目主 | 要生 | 产设 | 备情况,,解析文本拼接_表格清洗增强_01_001-020.md,019_佛山市朗信塑料制品有限公司新建项目_01_受理公告或公示版
PL020,PL020_佛山市朗信塑料制品有限公司新建项目_01_受理公告或公示版.pdf,20,3,39,完整,1.0,序 | 号 | 设备 | 规格参 | 数 | 数量 | 单位 | 设备位置 | 使用工序,,解析文本拼接_表格清洗增强_01_001-020.md,019_佛山市朗信塑料制品有限公司新建项目_01_受理公告或公示版
PL020,PL020_佛山市朗信塑料制品有限公司新建项目_01_受理公告或公示版.pdf,20,3,40,完整,1.0,1 | 注塑机 | MK6.6- | 128T | 2 | 台 | 注塑区 | 注塑,,解析文本拼接_表格清洗增强_01_001-020.md,019_佛山市朗信塑料制品有限公司新建项目_01_受理公告或公示版
PL020,PL020_佛山市朗信塑料制品有限公司新建项目_01_受理公告或公示版.pdf,20,3,41,完整,1.0,2 | 注塑机 | MK6.6- | 250T | 7 | 台 | 注塑区 | 注塑,,解析文本拼接_表格清洗增强_01_001-020.md,019_佛山市朗信塑料制品有限公司新建项目_01_受理公告或公示版
PL020,PL020_佛山市朗信塑料制品有限公司新建项目_01_受理公告或公示版.pdf,20,3,42,完整,1.0,3 | 注塑机 | MK6.6- | 320T | 2 | 台 | 注塑区 | 注塑,,解析文本拼接_表格清洗增强_01_001-020.md,019_佛山市朗信塑料制品有限公司新建项目_01_受理公告或公示版
PL020,PL020_佛山市朗信塑料制品有限公司新建项目_01_受理公告或公示版.pdf,20,3,43,完整,1.0,4 | 注塑机 | MK6.6- | 400T | 1 | 台 | 注塑区 | 注塑,,解析文本拼接_表格清洗增强_01_001-020.md,019_佛山市朗信塑料制品有限公司新建项目_01_受理公告或公示版
PL020,PL020_佛山市朗信塑料制品有限公司新建项目_01_受理公告或公示版.pdf,20,3,44,完整,1.0,5 | 注塑机 | YZ160S-Ⅲ | S，160T | 4 | 台 | 注塑区 | 注塑,,解析文本拼接_表格清洗增强_01_001-020.md,019_佛山市朗信塑料制品有限公司新建项目_01_受理公告或公示版
PL020,PL020_佛山市朗信塑料制品有限公司新建项目_01_受理公告或公示版.pdf,20,3,45,完整,1.0,6 | 注塑机 | UJ150CA | ，180T | 1 | 台 | 注塑区 | 注塑,,解析文本拼接_表格清洗增强_01_001-020.md,019_佛山市朗信塑料制品有限公司新建项目_01_受理公告或公示版
PL020,PL020_佛山市朗信塑料制品有限公司新建项目_01_受理公告或公示版.pdf,20,3,46,完整,1.0,7 | 注塑机 | 178 | T | 2 | 台 | 注塑区 | 注塑,,解析文本拼接_表格清洗增强_01_001-020.md,019_佛山市朗信塑料制品有限公司新建项目_01_受理公告或公示版
PL020,PL020_佛山市朗信塑料制品有限公司新建项目_01_受理公告或公示版.pdf,21,1,1,完整,1.0,"8 | 注塑机 | JM268-MK6.6/A，
268T | 2 | 台 | 注塑区 | 注塑",,解析文本拼接_表格清洗增强_01_001-020.md,019_佛山市朗信塑料制品有限公司新建项目_01_受理公告或公示版
PL020,PL020_佛山市朗信塑料制品有限公司新建项目_01_受理公告或公示版.pdf,21,1,2,完整,1.0,9 | 破碎机 | 600、800、400 | 4 | 台 | 破碎区 | 破碎,,解析文本拼接_表格清洗增强_01_001-020.md,019_佛山市朗信塑料制品有限公司新建项目_01_受理公告或公示版
PL020,PL020_佛山市朗信塑料制品有限公司新建项目_01_受理公告或公示版.pdf,21,1,3,完整,1.0,"10 | 混料机 | 1t、200kg、150kg、
100kg | 4 | 台 | 混料区 | 混料",,解析文本拼接_表格清洗增强_01_001-020.md,019_佛山市朗信塑料制品有限公司新建项目_01_受理公告或公示版
PL020,PL020_佛山市朗信塑料制品有限公司新建项目_01_受理公告或公示版.pdf,21,1,4,完整,1.0,"11 | 冷水机 | 22kw，配套水箱尺
寸：直径1.3m，高
度1.73m | 1 | 台 | 首层生产车间 | 辅助设备",,解析文本拼接_表格清洗增强_01_001-020.md,019_佛山市朗信塑料制品有限公司新建项目_01_受理公告或公示版
PL020,PL020_佛山市朗信塑料制品有限公司新建项目_01_受理公告或公示版.pdf,21,1,5,完整,1.0,12 | 冷却塔 | 循环水量3m3/h | 1 | 台 | 首层生产车间 | 辅助设备,,解析文本拼接_表格清洗增强_01_001-020.md,019_佛山市朗信塑料制品有限公司新建项目_01_受理公告或公示版
PL020,PL020_佛山市朗信塑料制品有限公司新建项目_01_受理公告或公示版.pdf,21,1,6,完整,1.0,13 | 空压机 | / | 1 | 台 | 首层生产车间 | 辅助设备,,解析文本拼接_表格清洗增强_01_001-020.md,019_佛山市朗信塑料制品有限公司新建项目_01_受理公告或公示版
PL020,PL020_佛山市朗信塑料制品有限公司新建项目_01_受理公告或公示版.pdf,21,1,7,完整,1.0,"14 | 模温机 | / | 10 | 台 | 注塑区 | 注塑机辅助设
备",,解析文本拼接_表格清洗增强_01_001-020.md,019_佛山市朗信塑料制品有限公司新建项目_01_受理公告或公示版
PL020,PL020_佛山市朗信塑料制品有限公司新建项目_01_受理公告或公示版.pdf,21,1,8,完整,1.0,"15 | 温控机 | / | 10 | 台 | 注塑区 | 注塑机辅助设
备",,解析文本拼接_表格清洗增强_01_001-020.md,019_佛山市朗信塑料制品有限公司新建项目_01_受理公告或公示版
PL020,PL020_佛山市朗信塑料制品有限公司新建项目_01_受理公告或公示版.pdf,21,2,1,完整,1.0,"产污设备 | 单台单位时间
生产量（kg/h） | 每年生产
时间（h） | *关键设备设
计最大年产
量（t） | 年申报设
备产能（t）",,解析文本拼接_表格清洗增强_01_001-020.md,019_佛山市朗信塑料制品有限公司新建项目_01_受理公告或公示版
PL020,PL020_佛山市朗信塑料制品有限公司新建项目_01_受理公告或公示版.pdf,21,2,3,完整,1.0,注塑机 | 2 | MK6.6-128T | 1.8 | 7200 | 25.92 | 420,,解析文本拼接_表格清洗增强_01_001-020.md,019_佛山市朗信塑料制品有限公司新建项目_01_受理公告或公示版
PL020,PL020_佛山市朗信塑料制品有限公司新建项目_01_受理公告或公示版.pdf,21,2,4,完整,1.0,7 | MK6.6-250T | 2.6 | 7200 | 131.04,,解析文本拼接_表格清洗增强_01_001-020.md,019_佛山市朗信塑料制品有限公司新建项目_01_受理公告或公示版
PL020,PL020_佛山市朗信塑料制品有限公司新建项目_01_受理公告或公示版.pdf,21,2,5,完整,1.0,2 | MK6.6-320T | 5.4 | 7200 | 77.76,,解析文本拼接_表格清洗增强_01_001-020.md,019_佛山市朗信塑料制品有限公司新建项目_01_受理公告或公示版
PL020,PL020_佛山市朗信塑料制品有限公司新建项目_01_受理公告或公示版.pdf,21,2,6,完整,1.0,1 | MK6.6-400T | 6.2 | 7200 | 44.64,,解析文本拼接_表格清洗增强_01_001-020.md,019_佛山市朗信塑料制品有限公司新建项目_01_受理公告或公示版
PL020,PL020_佛山市朗信塑料制品有限公司新建项目_01_受理公告或公示版.pdf,21,2,7,完整,1.0,4 | YZ160S-ⅢS，160T | 2.0 | 7200 | 57.6,,解析文本拼接_表格清洗增强_01_001-020.md,019_佛山市朗信塑料制品有限公司新建项目_01_受理公告或公示版
PL020,PL020_佛山市朗信塑料制品有限公司新建项目_01_受理公告或公示版.pdf,21,2,8,完整,1.0,1 | UJ150CA，180T | 2.4 | 7200 | 17.28,,解析文本拼接_表格清洗增强_01_001-020.md,019_佛山市朗信塑料制品有限公司新建项目_01_受理公告或公示版
PL020,PL020_佛山市朗信塑料制品有限公司新建项目_01_受理公告或公示版.pdf,21,2,9,完整,1.0,2 | 178T | 2.4 | 7200 | 34.56,,解析文本拼接_表格清洗增强_01_001-020.md,019_佛山市朗信塑料制品有限公司新建项目_01_受理公告或公示版
PL020,PL020_佛山市朗信塑料制品有限公司新建项目_01_受理公告或公示版.pdf,21,2,10,完整,1.0,"2 | JM268-MK6.6/A，
268T | 2.8 | 7200 | 40.32",,解析文本拼接_表格清洗增强_01_001-020.md,019_佛山市朗信塑料制品有限公司新建项目_01_受理公告或公示版
PL020,PL020_佛山市朗信塑料制品有限公司新建项目_01_受理公告或公示版.pdf,21,2,11,完整,1.0,"合计 | 429.12（含废
边角料和不
合格品） | 424.044（含
废边角料
和不合格
品）",,解析文本拼接_表格清洗增强_01_001-020.md,019_佛山市朗信塑料制品有限公司新建项目_01_受理公告或公示版
PL020,PL020_佛山市朗信塑料制品有限公司新建项目_01_受理公告或公示版.pdf,21,3,2,完整,1.0,8 | 注塑机 | JM268-MK6.6/A | 2 | 台 | 注塑区 | 注塑,,解析文本拼接_表格清洗增强_01_001-020.md,019_佛山市朗信塑料制品有限公司新建项目_01_受理公告或公示版
PL020,PL020_佛山市朗信塑料制品有限公司新建项目_01_受理公告或公示版.pdf,21,3,4,完整,1.0,9 | 破碎机 | 600、800、400 | 4 | 台 | 破碎区 | 破碎,,解析文本拼接_表格清洗增强_01_001-020.md,019_佛山市朗信塑料制品有限公司新建项目_01_受理公告或公示版
PL020,PL020_佛山市朗信塑料制品有限公司新建项目_01_受理公告或公示版.pdf,21,3,6,部分,0.857,10 | 混料机 | 1t 200kg 150kg | 4 | 台 | 混料区 | 混料,1t 200kg 150kg,解析文本拼接_表格清洗增强_01_001-020.md,019_佛山市朗信塑料制品有限公司新建项目_01_受理公告或公示版
PL020,PL020_佛山市朗信塑料制品有限公司新建项目_01_受理公告或公示版.pdf,21,3,9,完整,1.0,11 | 冷水机 | 寸：直径1.3m，高 | 1 | 台 | 首层 | 生产车间 | 辅助设备,,解析文本拼接_表格清洗增强_01_001-020.md,019_佛山市朗信塑料制品有限公司新建项目_01_受理公告或公示版
PL020,PL020_佛山市朗信塑料制品有限公司新建项目_01_受理公告或公示版.pdf,21,3,11,完整,1.0,12 | 冷却塔 | 循环水量3m3/h | 1 | 台 | 首层 | 生产车间 | 辅助设备,,解析文本拼接_表格清洗增强_01_001-020.md,019_佛山市朗信塑料制品有限公司新建项目_01_受理公告或公示版
PL020,PL020_佛山市朗信塑料制品有限公司新建项目_01_受理公告或公示版.pdf,21,3,12,完整,1.0,13 | 空压机 | / | 1 | 台 | 首层 | 生产车间 | 辅助设备,,解析文本拼接_表格清洗增强_01_001-020.md,019_佛山市朗信塑料制品有限公司新建项目_01_受理公告或公示版
PL020,PL020_佛山市朗信塑料制品有限公司新建项目_01_受理公告或公示版.pdf,21,3,21,完整,1.0,备注：注塑机配 | 套使用 | 模具 | 。注塑机规格128吨- | 400吨为锁 | 模力（ | 注 | 射机施加给模 | 具 | 的锁紧力）,,解析文本拼接_表格清洗增强_01_001-020.md,019_佛山市朗信塑料制品有限公司新建项目_01_受理公告或公示版
PL020,PL020_佛山市朗信塑料制品有限公司新建项目_01_受理公告或公示版.pdf,21,3,22,完整,1.0,对应产品不同 | ，产能会 | 有所 | 不同。,,解析文本拼接_表格清洗增强_01_001-020.md,019_佛山市朗信塑料制品有限公司新建项目_01_受理公告或公示版
PL020,PL020_佛山市朗信塑料制品有限公司新建项目_01_受理公告或公示版.pdf,21,3,23,完整,1.0,（2）产 | 能与设 | 备匹 | 配性分析,,解析文本拼接_表格清洗增强_01_001-020.md,019_佛山市朗信塑料制品有限公司新建项目_01_受理公告或公示版
PL020,PL020_佛山市朗信塑料制品有限公司新建项目_01_受理公告或公示版.pdf,21,3,24,完整,1.0,表2- | 7 关键设备产能和产 | 品规模匹 | 配性分 | 析一 | 览表,,解析文本拼接_表格清洗增强_01_001-020.md,019_佛山市朗信塑料制品有限公司新建项目_01_受理公告或公示版
PL020,PL020_佛山市朗信塑料制品有限公司新建项目_01_受理公告或公示版.pdf,21,3,26,完整,1.0,产污设 | 备 | 单台 | 单位时间 | 每年生 | 产 | * | 年申报设,,解析文本拼接_表格清洗增强_01_001-020.md,019_佛山市朗信塑料制品有限公司新建项目_01_受理公告或公示版
PL020,PL020_佛山市朗信塑料制品有限公司新建项目_01_受理公告或公示版.pdf,21,3,28,疑似缺失,0.6,生产量 | （ ） | 时间（ | ） | 备产能（ ）,（ ）；备产能（ ）,解析文本拼接_表格清洗增强_01_001-020.md,019_佛山市朗信塑料制品有限公司新建项目_01_受理公告或公示版
PL020,PL020_佛山市朗信塑料制品有限公司新建项目_01_受理公告或公示版.pdf,21,3,31,完整,1.0,2 | M | K6.6-128T | 1.8 | 7200 | 25.92,,解析文本拼接_表格清洗增强_01_001-020.md,019_佛山市朗信塑料制品有限公司新建项目_01_受理公告或公示版
PL020,PL020_佛山市朗信塑料制品有限公司新建项目_01_受理公告或公示版.pdf,21,3,32,完整,1.0,7 | M | K6.6-250T | 2.6 | 7200 | 131.04,,解析文本拼接_表格清洗增强_01_001-020.md,019_佛山市朗信塑料制品有限公司新建项目_01_受理公告或公示版
PL020,PL020_佛山市朗信塑料制品有限公司新建项目_01_受理公告或公示版.pdf,21,3,33,完整,1.0,2 | M | K6.6-320T | 5.4 | 7200 | 77.76,,解析文本拼接_表格清洗增强_01_001-020.md,019_佛山市朗信塑料制品有限公司新建项目_01_受理公告或公示版
PL020,PL020_佛山市朗信塑料制品有限公司新建项目_01_受理公告或公示版.pdf,21,3,34,完整,1.0,1 | M | K6.6-400T | 6.2 | 7200 | 44.64,,解析文本拼接_表格清洗增强_01_001-020.md,019_佛山市朗信塑料制品有限公司新建项目_01_受理公告或公示版
PL020,PL020_佛山市朗信塑料制品有限公司新建项目_01_受理公告或公示版.pdf,21,3,37,部分,0.833,4 | YZ16 | 0S- S 160T | 2.0 | 7200 | 57.6,0S- S 160T,解析文本拼接_表格清洗增强_01_001-020.md,019_佛山市朗信塑料制品有限公司新建项目_01_受理公告或公示版
PL020,PL020_佛山市朗信塑料制品有限公司新建项目_01_受理公告或公示版.pdf,21,3,38,完整,1.0,注塑机 | 1 | UJ1 | 50CA，180T | 2.4 | 7200 | 17.28,,解析文本拼接_表格清洗增强_01_001-020.md,019_佛山市朗信塑料制品有限公司新建项目_01_受理公告或公示版
PL020,PL020_佛山市朗信塑料制品有限公司新建项目_01_受理公告或公示版.pdf,21,3,39,完整,1.0,2 | 178T | 2.4 | 7200 | 34.56,,解析文本拼接_表格清洗增强_01_001-020.md,019_佛山市朗信塑料制品有限公司新建项目_01_受理公告或公示版
PL020,PL020_佛山市朗信塑料制品有限公司新建项目_01_受理公告或公示版.pdf,21,3,40,完整,1.0,JM26 | 8-MK6.6/A，,,解析文本拼接_表格清洗增强_01_001-020.md,019_佛山市朗信塑料制品有限公司新建项目_01_受理公告或公示版
PL020,PL020_佛山市朗信塑料制品有限公司新建项目_01_受理公告或公示版.pdf,21,3,41,完整,1.0,2 | 2.8 | 7200 | 40.32,,解析文本拼接_表格清洗增强_01_001-020.md,019_佛山市朗信塑料制品有限公司新建项目_01_受理公告或公示版
PL020,PL020_佛山市朗信塑料制品有限公司新建项目_01_受理公告或公示版.pdf,21,3,44,完整,1.0,（含 | 废 | 424.044,,解析文本拼接_表格清洗增强_01_001-020.md,019_佛山市朗信塑料制品有限公司新建项目_01_受理公告或公示版
PL020,PL020_佛山市朗信塑料制品有限公司新建项目_01_受理公告或公示版.pdf,21,3,45,完整,1.0,429.12 | 废边角料,,解析文本拼接_表格清洗增强_01_001-020.md,019_佛山市朗信塑料制品有限公司新建项目_01_受理公告或公示版
PL020,PL020_佛山市朗信塑料制品有限公司新建项目_01_受理公告或公示版.pdf,22,2,2,完整,1.0,1 | 劳动定额 | 32人,,解析文本拼接_表格清洗增强_01_001-020.md,019_佛山市朗信塑料制品有限公司新建项目_01_受理公告或公示版
PL020,PL020_佛山市朗信塑料制品有限公司新建项目_01_受理公告或公示版.pdf,22,2,3,完整,1.0,2 | 工作制度 | 两班制，12小时/班，年工作时间为300天,,解析文本拼接_表格清洗增强_01_001-020.md,019_佛山市朗信塑料制品有限公司新建项目_01_受理公告或公示版
PL020,PL020_佛山市朗信塑料制品有限公司新建项目_01_受理公告或公示版.pdf,22,2,4,完整,1.0,3 | 食宿情况 | 厂区内不设置食宿,,解析文本拼接_表格清洗增强_01_001-020.md,019_佛山市朗信塑料制品有限公司新建项目_01_受理公告或公示版
PL020,PL020_佛山市朗信塑料制品有限公司新建项目_01_受理公告或公示版.pdf,23,2,2,完整,1.0,原辅材料 | 使用量（t/a） | 产出物质 | 数量（t/a）,,解析文本拼接_表格清洗增强_01_001-020.md,019_佛山市朗信塑料制品有限公司新建项目_01_受理公告或公示版
PL020,PL020_佛山市朗信塑料制品有限公司新建项目_01_受理公告或公示版.pdf,23,2,3,完整,1.0,"ABS塑料粒 | 250 | 水壶外壳 | 产品 | 960000套
（共305吨）",,解析文本拼接_表格清洗增强_01_001-020.md,019_佛山市朗信塑料制品有限公司新建项目_01_受理公告或公示版
PL020,PL020_佛山市朗信塑料制品有限公司新建项目_01_受理公告或公示版.pdf,23,2,4,完整,1.0,"PP塑料粒 | 100 | 熨斗机外壳 | 产品 | 96000套
（共26吨）",,解析文本拼接_表格清洗增强_01_001-020.md,019_佛山市朗信塑料制品有限公司新建项目_01_受理公告或公示版
PL020,PL020_佛山市朗信塑料制品有限公司新建项目_01_受理公告或公示版.pdf,23,2,5,完整,1.0,"色粉 | 1.4 | 打磨机内壳 | 产品 | 480000件
（共89吨）",,解析文本拼接_表格清洗增强_01_001-020.md,019_佛山市朗信塑料制品有限公司新建项目_01_受理公告或公示版
PL020,PL020_佛山市朗信塑料制品有限公司新建项目_01_受理公告或公示版.pdf,23,2,6,完整,1.0,AS塑料粒 | 20 | 废气 | 注塑有机废气 | 1.134,,解析文本拼接_表格清洗增强_01_001-020.md,019_佛山市朗信塑料制品有限公司新建项目_01_受理公告或公示版
PL020,PL020_佛山市朗信塑料制品有限公司新建项目_01_受理公告或公示版.pdf,23,2,7,完整,1.0,PA塑料粒 | 5 | 破碎粉尘 | 0.17,,解析文本拼接_表格清洗增强_01_001-020.md,019_佛山市朗信塑料制品有限公司新建项目_01_受理公告或公示版
PL020,PL020_佛山市朗信塑料制品有限公司新建项目_01_受理公告或公示版.pdf,23,2,8,完整,1.0,TPE塑料粒 | 25 | 混料粉尘 | 0.0014,,解析文本拼接_表格清洗增强_01_001-020.md,019_佛山市朗信塑料制品有限公司新建项目_01_受理公告或公示版
PL020,PL020_佛山市朗信塑料制品有限公司新建项目_01_受理公告或公示版.pdf,23,2,9,完整,1.0,POM塑料粒 | 20 | / | / | /,,解析文本拼接_表格清洗增强_01_001-020.md,019_佛山市朗信塑料制品有限公司新建项目_01_受理公告或公示版
PL020,PL020_佛山市朗信塑料制品有限公司新建项目_01_受理公告或公示版.pdf,23,2,10,完整,1.0,合计约 | 421.4 | 合计约 | 421.4,,解析文本拼接_表格清洗增强_01_001-020.md,019_佛山市朗信塑料制品有限公司新建项目_01_受理公告或公示版
PL020,PL020_佛山市朗信塑料制品有限公司新建项目_01_受理公告或公示版.pdf,23,3,1,完整,1.0,原辅材料 | 使用量（t/a） | 产出物质 | 数量（t | /a）,,解析文本拼接_表格清洗增强_01_001-020.md,019_佛山市朗信塑料制品有限公司新建项目_01_受理公告或公示版
PL020,PL020_佛山市朗信塑料制品有限公司新建项目_01_受理公告或公示版.pdf,23,3,3,完整,1.0,塑料粒 | 水壶外壳 | 产品,,解析文本拼接_表格清洗增强_01_001-020.md,019_佛山市朗信塑料制品有限公司新建项目_01_受理公告或公示版
PL020,PL020_佛山市朗信塑料制品有限公司新建项目_01_受理公告或公示版.pdf,23,3,4,疑似缺失,0.667,ABS | 250 | （共 吨）,（共 吨）,解析文本拼接_表格清洗增强_01_001-020.md,019_佛山市朗信塑料制品有限公司新建项目_01_受理公告或公示版
PL020,PL020_佛山市朗信塑料制品有限公司新建项目_01_受理公告或公示版.pdf,23,3,7,完整,1.0,塑料粒 | 熨斗机外壳 | 产品,,解析文本拼接_表格清洗增强_01_001-020.md,019_佛山市朗信塑料制品有限公司新建项目_01_受理公告或公示版
PL020,PL020_佛山市朗信塑料制品有限公司新建项目_01_受理公告或公示版.pdf,23,3,8,疑似缺失,0.667,PP | 100 | （共 吨）,（共 吨）,解析文本拼接_表格清洗增强_01_001-020.md,019_佛山市朗信塑料制品有限公司新建项目_01_受理公告或公示版
PL020,PL020_佛山市朗信塑料制品有限公司新建项目_01_受理公告或公示版.pdf,23,3,11,完整,1.0,色粉 | 打磨机内壳 | 产品,,解析文本拼接_表格清洗增强_01_001-020.md,019_佛山市朗信塑料制品有限公司新建项目_01_受理公告或公示版
PL020,PL020_佛山市朗信塑料制品有限公司新建项目_01_受理公告或公示版.pdf,23,3,14,完整,1.0,AS塑料粒 | 20 | 注塑有机废气 | 1.134,,解析文本拼接_表格清洗增强_01_001-020.md,019_佛山市朗信塑料制品有限公司新建项目_01_受理公告或公示版
PL020,PL020_佛山市朗信塑料制品有限公司新建项目_01_受理公告或公示版.pdf,23,3,15,完整,1.0,PA塑料粒 | 5 | 废气 | 破碎粉尘 | 0.17,,解析文本拼接_表格清洗增强_01_001-020.md,019_佛山市朗信塑料制品有限公司新建项目_01_受理公告或公示版
PL020,PL020_佛山市朗信塑料制品有限公司新建项目_01_受理公告或公示版.pdf,23,3,16,完整,1.0,TPE塑料粒 | 25 | 混料粉尘 | 0.0014,,解析文本拼接_表格清洗增强_01_001-020.md,019_佛山市朗信塑料制品有限公司新建项目_01_受理公告或公示版
PL020,PL020_佛山市朗信塑料制品有限公司新建项目_01_受理公告或公示版.pdf,23,3,17,完整,1.0,POM塑料粒 | 20 | / | / | /,,解析文本拼接_表格清洗增强_01_001-020.md,019_佛山市朗信塑料制品有限公司新建项目_01_受理公告或公示版
PL020,PL020_佛山市朗信塑料制品有限公司新建项目_01_受理公告或公示版.pdf,23,3,18,完整,1.0,合计约 | 421.4 | 合计约 | 421. | 4,,解析文本拼接_表格清洗增强_01_001-020.md,019_佛山市朗信塑料制品有限公司新建项目_01_受理公告或公示版
PL020,PL020_佛山市朗信塑料制品有限公司新建项目_01_受理公告或公示版.pdf,25,2,1,疑似缺失,0.5,工艺 | 混料：根据不同产品需求，将外购的 、 、 、 、 、 塑,混料：根据不同产品需求，将外购的 、 、 、 、 、 塑,解析文本拼接_表格清洗增强_01_001-020.md,019_佛山市朗信塑料制品有限公司新建项目_01_受理公告或公示版
PL020,PL020_佛山市朗信塑料制品有限公司新建项目_01_受理公告或公示版.pdf,25,2,4,完整,1.0,和产 | 料粒（均为新料）和色粉根据产品需求采用人工投料方式投入混料机搅拌均匀，,,解析文本拼接_表格清洗增强_01_001-020.md,019_佛山市朗信塑料制品有限公司新建项目_01_受理公告或公示版
PL020,PL020_佛山市朗信塑料制品有限公司新建项目_01_受理公告或公示版.pdf,26,1,2,完整,1.0,产生工序 | 污染物排放特征 | 特征污染物,,解析文本拼接_表格清洗增强_01_001-020.md,019_佛山市朗信塑料制品有限公司新建项目_01_受理公告或公示版
PL020,PL020_佛山市朗信塑料制品有限公司新建项目_01_受理公告或公示版.pdf,26,1,3,疑似缺失,0.667,"员工办公生活 | 生活污水 | COD 、BOD 、SS、氨氮
Cr 5","COD 、BOD 、SS、氨氮
Cr 5",解析文本拼接_表格清洗增强_01_001-020.md,019_佛山市朗信塑料制品有限公司新建项目_01_受理公告或公示版
PL020,PL020_佛山市朗信塑料制品有限公司新建项目_01_受理公告或公示版.pdf,26,1,6,完整,1.0,产污环节 | 污染来源,,解析文本拼接_表格清洗增强_01_001-020.md,019_佛山市朗信塑料制品有限公司新建项目_01_受理公告或公示版
PL020,PL020_佛山市朗信塑料制品有限公司新建项目_01_受理公告或公示版.pdf,26,1,7,完整,1.0,各生产设备 | 注塑机、混料机、破碎机等,,解析文本拼接_表格清洗增强_01_001-020.md,019_佛山市朗信塑料制品有限公司新建项目_01_受理公告或公示版
PL020,PL020_佛山市朗信塑料制品有限公司新建项目_01_受理公告或公示版.pdf,26,1,8,完整,1.0,辅助设备 | 冷却塔、冷水机、空压机、废气治理设施的风机,,解析文本拼接_表格清洗增强_01_001-020.md,019_佛山市朗信塑料制品有限公司新建项目_01_受理公告或公示版
PL020,PL020_佛山市朗信塑料制品有限公司新建项目_01_受理公告或公示版.pdf,26,1,9,完整,1.0,"与项
目有
关的
现有
环境
污染
问题 | 本项目属于新建项目，购买空置厂房作为生产场所，无原有环境污染问题。",,解析文本拼接_表格清洗增强_01_001-020.md,019_佛山市朗信塑料制品有限公司新建项目_01_受理公告或公示版
PL020,PL020_佛山市朗信塑料制品有限公司新建项目_01_受理公告或公示版.pdf,26,2,1,完整,1.0,产污工序 | 废气主要污染物,,解析文本拼接_表格清洗增强_01_001-020.md,019_佛山市朗信塑料制品有限公司新建项目_01_受理公告或公示版
PL020,PL020_佛山市朗信塑料制品有限公司新建项目_01_受理公告或公示版.pdf,26,2,2,完整,1.0,注塑工序 | 有机废气（非甲烷总烃）、臭气浓度,,解析文本拼接_表格清洗增强_01_001-020.md,019_佛山市朗信塑料制品有限公司新建项目_01_受理公告或公示版
PL020,PL020_佛山市朗信塑料制品有限公司新建项目_01_受理公告或公示版.pdf,26,3,1,完整,1.0,产生环节 | 主要污染物 | 污染物类型,,解析文本拼接_表格清洗增强_01_001-020.md,019_佛山市朗信塑料制品有限公司新建项目_01_受理公告或公示版
PL020,PL020_佛山市朗信塑料制品有限公司新建项目_01_受理公告或公示版.pdf,26,3,2,完整,1.0,原料使用、包装过程 | 一般废包装材料 | 一般固废,,解析文本拼接_表格清洗增强_01_001-020.md,019_佛山市朗信塑料制品有限公司新建项目_01_受理公告或公示版
PL020,PL020_佛山市朗信塑料制品有限公司新建项目_01_受理公告或公示版.pdf,26,3,3,完整,1.0,设备维修 | 废机油、废油桶、含油废抹布 | 危险废物,,解析文本拼接_表格清洗增强_01_001-020.md,019_佛山市朗信塑料制品有限公司新建项目_01_受理公告或公示版
PL020,PL020_佛山市朗信塑料制品有限公司新建项目_01_受理公告或公示版.pdf,26,3,4,完整,1.0,废气处理设施 | 废活性炭 | 危险废物,,解析文本拼接_表格清洗增强_01_001-020.md,019_佛山市朗信塑料制品有限公司新建项目_01_受理公告或公示版
PL020,PL020_佛山市朗信塑料制品有限公司新建项目_01_受理公告或公示版.pdf,26,4,1,完整,1.0,不 | 产 | 生不合格品， | 此工序 | 会产生噪 | 声。,,解析文本拼接_表格清洗增强_01_001-020.md,019_佛山市朗信塑料制品有限公司新建项目_01_受理公告或公示版
PL020,PL020_佛山市朗信塑料制品有限公司新建项目_01_受理公告或公示版.pdf,26,4,3,完整,1.0,会 | 产 | 生破碎粉尘 | 和噪声。 | 破碎工段 | 位于单独的密闭房间，破碎后基 | 本成块状，,,解析文本拼接_表格清洗增强_01_001-020.md,019_佛山市朗信塑料制品有限公司新建项目_01_受理公告或公示版
PL020,PL020_佛山市朗信塑料制品有限公司新建项目_01_受理公告或公示版.pdf,26,4,6,完整,1.0,包 | 装 | 材料和噪声。,,解析文本拼接_表格清洗增强_01_001-020.md,019_佛山市朗信塑料制品有限公司新建项目_01_受理公告或公示版
PL020,PL020_佛山市朗信塑料制品有限公司新建项目_01_受理公告或公示版.pdf,26,4,8,完整,1.0,表2-10 | 项目废水产污情况一览表,,解析文本拼接_表格清洗增强_01_001-020.md,019_佛山市朗信塑料制品有限公司新建项目_01_受理公告或公示版
PL020,PL020_佛山市朗信塑料制品有限公司新建项目_01_受理公告或公示版.pdf,26,4,9,完整,1.0,产生工序 | 污 | 染物排放 | 特征 特征污染物,,解析文本拼接_表格清洗增强_01_001-020.md,019_佛山市朗信塑料制品有限公司新建项目_01_受理公告或公示版
PL020,PL020_佛山市朗信塑料制品有限公司新建项目_01_受理公告或公示版.pdf,26,4,10,部分,0.75,"员工办公生活 | 生活污 | 水 COD 、BOD 、SS、
Cr 5 | 氨氮","水 COD 、BOD 、SS、
Cr 5",解析文本拼接_表格清洗增强_01_001-020.md,019_佛山市朗信塑料制品有限公司新建项目_01_受理公告或公示版
PL020,PL020_佛山市朗信塑料制品有限公司新建项目_01_受理公告或公示版.pdf,26,4,12,完整,1.0,表2-11 | 项目废气产污情况一览表,,解析文本拼接_表格清洗增强_01_001-020.md,019_佛山市朗信塑料制品有限公司新建项目_01_受理公告或公示版
PL020,PL020_佛山市朗信塑料制品有限公司新建项目_01_受理公告或公示版.pdf,26,4,13,完整,1.0,产污工序 | 废气主要污染物,,解析文本拼接_表格清洗增强_01_001-020.md,019_佛山市朗信塑料制品有限公司新建项目_01_受理公告或公示版
PL020,PL020_佛山市朗信塑料制品有限公司新建项目_01_受理公告或公示版.pdf,26,4,14,完整,1.0,注塑工序 | 有机废气（非甲烷总烃） | 、臭气浓度,,解析文本拼接_表格清洗增强_01_001-020.md,019_佛山市朗信塑料制品有限公司新建项目_01_受理公告或公示版
PL020,PL020_佛山市朗信塑料制品有限公司新建项目_01_受理公告或公示版.pdf,26,4,17,完整,1.0,表 | 2-12 项 | 目固体废物产生情况一览表,,解析文本拼接_表格清洗增强_01_001-020.md,019_佛山市朗信塑料制品有限公司新建项目_01_受理公告或公示版
PL020,PL020_佛山市朗信塑料制品有限公司新建项目_01_受理公告或公示版.pdf,26,4,18,完整,1.0,产生环 | 节 | 主要污染物 | 污染物类型,,解析文本拼接_表格清洗增强_01_001-020.md,019_佛山市朗信塑料制品有限公司新建项目_01_受理公告或公示版
PL020,PL020_佛山市朗信塑料制品有限公司新建项目_01_受理公告或公示版.pdf,26,4,19,完整,1.0,原料使用、包 | 装过程 | 一般废包装材料 | 一般固废,,解析文本拼接_表格清洗增强_01_001-020.md,019_佛山市朗信塑料制品有限公司新建项目_01_受理公告或公示版
PL020,PL020_佛山市朗信塑料制品有限公司新建项目_01_受理公告或公示版.pdf,26,4,20,完整,1.0,设备维 | 修 | 废机油、废油桶、含油废抹布 | 危险废物,,解析文本拼接_表格清洗增强_01_001-020.md,019_佛山市朗信塑料制品有限公司新建项目_01_受理公告或公示版
PL020,PL020_佛山市朗信塑料制品有限公司新建项目_01_受理公告或公示版.pdf,26,4,21,完整,1.0,废气处理 | 设施 | 废活性炭 | 危险废物,,解析文本拼接_表格清洗增强_01_001-020.md,019_佛山市朗信塑料制品有限公司新建项目_01_受理公告或公示版
PL020,PL020_佛山市朗信塑料制品有限公司新建项目_01_受理公告或公示版.pdf,26,4,22,完整,1.0,表2-13 | 项目噪声产污情况一览表,,解析文本拼接_表格清洗增强_01_001-020.md,019_佛山市朗信塑料制品有限公司新建项目_01_受理公告或公示版
PL020,PL020_佛山市朗信塑料制品有限公司新建项目_01_受理公告或公示版.pdf,26,4,23,完整,1.0,产污环节 | 污染来源,,解析文本拼接_表格清洗增强_01_001-020.md,019_佛山市朗信塑料制品有限公司新建项目_01_受理公告或公示版
PL020,PL020_佛山市朗信塑料制品有限公司新建项目_01_受理公告或公示版.pdf,26,4,24,完整,1.0,各生产设备 | 注塑机、混料机、破碎机等,,解析文本拼接_表格清洗增强_01_001-020.md,019_佛山市朗信塑料制品有限公司新建项目_01_受理公告或公示版
PL020,PL020_佛山市朗信塑料制品有限公司新建项目_01_受理公告或公示版.pdf,26,4,25,完整,1.0,辅助设备 | 冷却塔 | 、冷水机、空压机、废气治理设施的 | 风机,,解析文本拼接_表格清洗增强_01_001-020.md,019_佛山市朗信塑料制品有限公司新建项目_01_受理公告或公示版
PL020,PL020_佛山市朗信塑料制品有限公司新建项目_01_受理公告或公示版.pdf,26,4,26,完整,1.0,本项目属于新 | 建项目 | ，购买空 | 置厂房作为生产场所，无原有环 | 境污染问题。,,解析文本拼接_表格清洗增强_01_001-020.md,019_佛山市朗信塑料制品有限公司新建项目_01_受理公告或公示版
PL020,PL020_佛山市朗信塑料制品有限公司新建项目_01_受理公告或公示版.pdf,27,1,2,完整,1.0,"所在
区域 | 污染
物 | 年评价指标 | 现状浓度
（μg/m3） | 标准值
（μg/m3） | 占标率/% | 达标情况",,解析文本拼接_表格清洗增强_01_001-020.md,019_佛山市朗信塑料制品有限公司新建项目_01_受理公告或公示版
PL020,PL020_佛山市朗信塑料制品有限公司新建项目_01_受理公告或公示版.pdf,27,1,3,完整,1.0,"顺德
区 | SO
2 | 年平均质量浓度 | 6 | 60 | 10 | 达标",,解析文本拼接_表格清洗增强_01_001-020.md,019_佛山市朗信塑料制品有限公司新建项目_01_受理公告或公示版
PL020,PL020_佛山市朗信塑料制品有限公司新建项目_01_受理公告或公示版.pdf,27,1,4,完整,1.0,"NO
2 | 年平均质量浓度 | 28 | 40 | 70 | 达标",,解析文本拼接_表格清洗增强_01_001-020.md,019_佛山市朗信塑料制品有限公司新建项目_01_受理公告或公示版
PL020,PL020_佛山市朗信塑料制品有限公司新建项目_01_受理公告或公示版.pdf,27,1,5,完整,1.0,"PM
10 | 年平均质量浓度 | 35 | 70 | 50 | 达标",,解析文本拼接_表格清洗增强_01_001-020.md,019_佛山市朗信塑料制品有限公司新建项目_01_受理公告或公示版
PL020,PL020_佛山市朗信塑料制品有限公司新建项目_01_受理公告或公示版.pdf,27,1,6,完整,1.0,"PM
2.5 | 年平均质量浓度 | 20 | 35 | 57 | 达标",,解析文本拼接_表格清洗增强_01_001-020.md,019_佛山市朗信塑料制品有限公司新建项目_01_受理公告或公示版
PL020,PL020_佛山市朗信塑料制品有限公司新建项目_01_受理公告或公示版.pdf,27,1,7,完整,1.0,"CO | 第95百分位数日
平均质量浓度 | 1000 | 4000 | 25 | 达标",,解析文本拼接_表格清洗增强_01_001-020.md,019_佛山市朗信塑料制品有限公司新建项目_01_受理公告或公示版
PL020,PL020_佛山市朗信塑料制品有限公司新建项目_01_受理公告或公示版.pdf,27,1,8,完整,1.0,"O
3 | 第90百分位数最
大8小时平均值 | 164 | 160 | 103 | 不达标",,解析文本拼接_表格清洗增强_01_001-020.md,019_佛山市朗信塑料制品有限公司新建项目_01_受理公告或公示版
PL020,PL020_佛山市朗信塑料制品有限公司新建项目_01_受理公告或公示版.pdf,27,2,11,完整,1.0,区域 | 准及其2018年修改单的要求，具体数据见下表：,,解析文本拼接_表格清洗增强_01_001-020.md,019_佛山市朗信塑料制品有限公司新建项目_01_受理公告或公示版
PL020,PL020_佛山市朗信塑料制品有限公司新建项目_01_受理公告或公示版.pdf,27,2,12,完整,1.0,环境 | 表3-1 区域空气质量现状评价表（2023年）,,解析文本拼接_表格清洗增强_01_001-020.md,019_佛山市朗信塑料制品有限公司新建项目_01_受理公告或公示版
PL020,PL020_佛山市朗信塑料制品有限公司新建项目_01_受理公告或公示版.pdf,28,2,1,完整,1.0,"河流名称 | 断面 | 断面定类 | 水质评价
标准 | 河流定类",,解析文本拼接_表格清洗增强_01_001-020.md,019_佛山市朗信塑料制品有限公司新建项目_01_受理公告或公示版
PL020,PL020_佛山市朗信塑料制品有限公司新建项目_01_受理公告或公示版.pdf,28,2,2,完整,1.0,2023年 | 2022年 | 2023年 | 2022年,,解析文本拼接_表格清洗增强_01_001-020.md,019_佛山市朗信塑料制品有限公司新建项目_01_受理公告或公示版
PL020,PL020_佛山市朗信塑料制品有限公司新建项目_01_受理公告或公示版.pdf,29,1,1,完整,1.0,"环境
保护
目标 | 1、大气环境
本项目厂界外500米范围内的大气环境保护目标分布情况详见下表。
表3-3 大气环境保护目标一览表
序号 名称 保护内容 相对厂址方位 与厂界最近距离/m
1 江村居民区 约1800人 南 90
2 江村居民区 约500人 西 343
2、声环境
本项目厂界外50米范围内无声环境保护目标。
3、地下水环境
本项目厂界外500",,解析文本拼接_表格清洗增强_01_001-020.md,019_佛山市朗信塑料制品有限公司新建项目_01_受理公告或公示版
PL020,PL020_佛山市朗信塑料制品有限公司新建项目_01_受理公告或公示版.pdf,29,2,2,完整,1.0,1 | 江村居民区 | 约1800人 | 南 | 90,,解析文本拼接_表格清洗增强_01_001-020.md,019_佛山市朗信塑料制品有限公司新建项目_01_受理公告或公示版
PL020,PL020_佛山市朗信塑料制品有限公司新建项目_01_受理公告或公示版.pdf,29,2,3,完整,1.0,2 | 江村居民区 | 约500人 | 西 | 343,,解析文本拼接_表格清洗增强_01_001-020.md,019_佛山市朗信塑料制品有限公司新建项目_01_受理公告或公示版
PL020,PL020_佛山市朗信塑料制品有限公司新建项目_01_受理公告或公示版.pdf,29,3,1,完整,1.0,"类别 | 标准 | pH | COD
Cr | BOD
5 | SS | 氨氮",,解析文本拼接_表格清洗增强_01_001-020.md,019_佛山市朗信塑料制品有限公司新建项目_01_受理公告或公示版
PL020,PL020_佛山市朗信塑料制品有限公司新建项目_01_受理公告或公示版.pdf,29,3,2,完整,1.0,"生活污
水排放
标准 | 广东省地方标准《水污染物排放限
值》（DB44/26-2001）第二时段三
级标准 | 6~9 | ≤500 | ≤300 | ≤400 | /",,解析文本拼接_表格清洗增强_01_001-020.md,019_佛山市朗信塑料制品有限公司新建项目_01_受理公告或公示版
PL020,PL020_佛山市朗信塑料制品有限公司新建项目_01_受理公告或公示版.pdf,29,3,3,完整,1.0,"勒流污
水处理
厂尾水
排放标
准 | 广东省地方标准《水污染物排放限
值》（DB44/26-2001）第二时段一
级标准 | 6~9 | ≤40 | ≤20 | ≤20 | ≤10",,解析文本拼接_表格清洗增强_01_001-020.md,019_佛山市朗信塑料制品有限公司新建项目_01_受理公告或公示版
PL020,PL020_佛山市朗信塑料制品有限公司新建项目_01_受理公告或公示版.pdf,29,3,4,完整,1.0,"《城镇污水处理厂污染物排放标
准》（GB18918-2002）一级A标准 | 6~9 | ≤50 | ≤10 | ≤10 | ≤5",,解析文本拼接_表格清洗增强_01_001-020.md,019_佛山市朗信塑料制品有限公司新建项目_01_受理公告或公示版
PL020,PL020_佛山市朗信塑料制品有限公司新建项目_01_受理公告或公示版.pdf,29,3,5,完整,1.0,尾水排放执行标准 | 6~9 | ≤40 | ≤10 | ≤10 | ≤5,,解析文本拼接_表格清洗增强_01_001-020.md,019_佛山市朗信塑料制品有限公司新建项目_01_受理公告或公示版
PL020,PL020_佛山市朗信塑料制品有限公司新建项目_01_受理公告或公示版.pdf,29,4,5,完整,1.0,1 | 江村居民区 约1800人 南 90,,解析文本拼接_表格清洗增强_01_001-020.md,019_佛山市朗信塑料制品有限公司新建项目_01_受理公告或公示版
PL020,PL020_佛山市朗信塑料制品有限公司新建项目_01_受理公告或公示版.pdf,29,4,6,完整,1.0,2 | 江村居民区 约500人 西 343,,解析文本拼接_表格清洗增强_01_001-020.md,019_佛山市朗信塑料制品有限公司新建项目_01_受理公告或公示版
PL020,PL020_佛山市朗信塑料制品有限公司新建项目_01_受理公告或公示版.pdf,29,4,9,完整,1.0,保护 | 本项目厂界外50米范围内无声环境保护目标。,,解析文本拼接_表格清洗增强_01_001-020.md,019_佛山市朗信塑料制品有限公司新建项目_01_受理公告或公示版
PL020,PL020_佛山市朗信塑料制品有限公司新建项目_01_受理公告或公示版.pdf,29,4,20,完整,1.0,限值 | 》（DB44/26-2001）第二时段三级标准后，通过市政管网引至勒流污水处,,解析文本拼接_表格清洗增强_01_001-020.md,019_佛山市朗信塑料制品有限公司新建项目_01_受理公告或公示版
PL020,PL020_佛山市朗信塑料制品有限公司新建项目_01_受理公告或公示版.pdf,29,4,21,完整,1.0,理厂 | 进一步处理，处理达到《城镇污水处理厂污染物排放标准》,,解析文本拼接_表格清洗增强_01_001-020.md,019_佛山市朗信塑料制品有限公司新建项目_01_受理公告或公示版
PL020,PL020_佛山市朗信塑料制品有限公司新建项目_01_受理公告或公示版.pdf,29,4,22,完整,1.0,（G | B18918-2002）一级A标准及广东省地方标准《水污染物排放限值》,,解析文本拼接_表格清洗增强_01_001-020.md,019_佛山市朗信塑料制品有限公司新建项目_01_受理公告或公示版
PL020,PL020_佛山市朗信塑料制品有限公司新建项目_01_受理公告或公示版.pdf,29,4,23,疑似缺失,0.5,污染 （D | B44/26-2001）第二时段一级标准的较严值后，尾水排入顺德支流。,污染 （D,解析文本拼接_表格清洗增强_01_001-020.md,019_佛山市朗信塑料制品有限公司新建项目_01_受理公告或公示版
PL020,PL020_佛山市朗信塑料制品有限公司新建项目_01_受理公告或公示版.pdf,29,4,25,完整,1.0,放控 | 表3-4 本项目废水排放标准（单位：mg/L，pH无量纲）,,解析文本拼接_表格清洗增强_01_001-020.md,019_佛山市朗信塑料制品有限公司新建项目_01_受理公告或公示版
PL020,PL020_佛山市朗信塑料制品有限公司新建项目_01_受理公告或公示版.pdf,29,4,26,疑似缺失,0.0,"制标 类 | 别 标准 pH COD BOD SS 氨氮
Cr 5","制标 类；别 标准 pH COD BOD SS 氨氮
Cr 5",解析文本拼接_表格清洗增强_01_001-020.md,019_佛山市朗信塑料制品有限公司新建项目_01_受理公告或公示版
PL020,PL020_佛山市朗信塑料制品有限公司新建项目_01_受理公告或公示版.pdf,29,4,27,疑似缺失,0.0,准 生 | 活污 广东省地方标准《水污染物排放限,准 生；活污 广东省地方标准《水污染物排放限,解析文本拼接_表格清洗增强_01_001-020.md,019_佛山市朗信塑料制品有限公司新建项目_01_受理公告或公示版
PL020,PL020_佛山市朗信塑料制品有限公司新建项目_01_受理公告或公示版.pdf,29,4,28,疑似缺失,0.5,水 | 排放 值》（DB44/26-2001）第二时段三 6~9 ≤500 ≤300 ≤400 /,排放 值》（DB44/26-2001）第二时段三 6~9 ≤500 ≤300 ≤400 /,解析文本拼接_表格清洗增强_01_001-020.md,019_佛山市朗信塑料制品有限公司新建项目_01_受理公告或公示版
PL020,PL020_佛山市朗信塑料制品有限公司新建项目_01_受理公告或公示版.pdf,29,4,31,疑似缺失,0.5,"勒 | 流污
值》（DB44/26-2001）第二时段一 6~9 ≤40 ≤20 ≤20 ≤10","流污
值》（DB44/26-2001）第二时段一 6~9 ≤40 ≤20 ≤20 ≤10",解析文本拼接_表格清洗增强_01_001-020.md,019_佛山市朗信塑料制品有限公司新建项目_01_受理公告或公示版
PL020,PL020_佛山市朗信塑料制品有限公司新建项目_01_受理公告或公示版.pdf,29,4,32,疑似缺失,0.5,"水 | 处理
级标准","处理
级标准",解析文本拼接_表格清洗增强_01_001-020.md,019_佛山市朗信塑料制品有限公司新建项目_01_受理公告或公示版
PL020,PL020_佛山市朗信塑料制品有限公司新建项目_01_受理公告或公示版.pdf,29,4,35,疑似缺失,0.5,"排 | 放标 6~9 ≤50 ≤10 ≤10 ≤5
准》（ ）一级 标准","放标 6~9 ≤50 ≤10 ≤10 ≤5
准》（ ）一级 标准",解析文本拼接_表格清洗增强_01_001-020.md,019_佛山市朗信塑料制品有限公司新建项目_01_受理公告或公示版
PL020,PL020_佛山市朗信塑料制品有限公司新建项目_01_受理公告或公示版.pdf,30,1,2,完整,1.0,"排气筒
编号 | 污染物 | 有组织排放 | 无组织排
放监控浓
度限值
（mg/m3
） | 执行标准",,解析文本拼接_表格清洗增强_01_001-020.md,019_佛山市朗信塑料制品有限公司新建项目_01_受理公告或公示版
PL020,PL020_佛山市朗信塑料制品有限公司新建项目_01_受理公告或公示版.pdf,30,1,3,完整,1.0,"最高允许
排放浓度
（mg/m3） | 最高允许
排放速率
（kg/h）",,解析文本拼接_表格清洗增强_01_001-020.md,019_佛山市朗信塑料制品有限公司新建项目_01_受理公告或公示版
PL020,PL020_佛山市朗信塑料制品有限公司新建项目_01_受理公告或公示版.pdf,30,1,4,完整,1.0,"DA001
（40m
） | 非甲烷总
烃 | 100 | / | / | 《合成树脂工业污染物排
放标准》（GB31572-2015，
含2024年修改单）中表4大
气污染物排放限值",,解析文本拼接_表格清洗增强_01_001-020.md,019_佛山市朗信塑料制品有限公司新建项目_01_受理公告或公示版
PL020,PL020_佛山市朗信塑料制品有限公司新建项目_01_受理公告或公示版.pdf,30,1,5,完整,1.0,"臭气浓度 | 20000（无
量纲） | / | 20（无量
纲） | 《恶臭污染物排放标准》
（GB14554-93）表1恶臭污
染物厂界标准值及表2恶
臭污染物排放标准值",,解析文本拼接_表格清洗增强_01_001-020.md,019_佛山市朗信塑料制品有限公司新建项目_01_受理公告或公示版
PL020,PL020_佛山市朗信塑料制品有限公司新建项目_01_受理公告或公示版.pdf,30,1,6,完整,1.0,"/ | 颗粒物 | / | / | 1.0 | 广东省《大气污染物排放
限值》（DB44/27—2001）
第二时段无组织排放监控
浓度限值",,解析文本拼接_表格清洗增强_01_001-020.md,019_佛山市朗信塑料制品有限公司新建项目_01_受理公告或公示版
PL020,PL020_佛山市朗信塑料制品有限公司新建项目_01_受理公告或公示版.pdf,30,2,1,完整,1.0,（1） | 有机废物（ | 非甲烷总烃 | ）,,解析文本拼接_表格清洗增强_01_001-020.md,019_佛山市朗信塑料制品有限公司新建项目_01_受理公告或公示版
PL020,PL020_佛山市朗信塑料制品有限公司新建项目_01_受理公告或公示版.pdf,30,2,3,完整,1.0,本项 | 目注塑工序 | 使用注塑原 | 料产生的 | 有机废气非 | 甲烷总烃有组织排放执,,解析文本拼接_表格清洗增强_01_001-020.md,019_佛山市朗信塑料制品有限公司新建项目_01_受理公告或公示版
PL020,PL020_佛山市朗信塑料制品有限公司新建项目_01_受理公告或公示版.pdf,30,2,4,完整,1.0,行《 | 合成 | 树脂工业污 | 染物排放标 | 准》（GB3 | 1572-2015 | ，含2024年修改单）表,,解析文本拼接_表格清洗增强_01_001-020.md,019_佛山市朗信塑料制品有限公司新建项目_01_受理公告或公示版
PL020,PL020_佛山市朗信塑料制品有限公司新建项目_01_受理公告或公示版.pdf,30,2,5,完整,1.0,大 | 气污染 | 物排放限 | 值。,,解析文本拼接_表格清洗增强_01_001-020.md,019_佛山市朗信塑料制品有限公司新建项目_01_受理公告或公示版
PL020,PL020_佛山市朗信塑料制品有限公司新建项目_01_受理公告或公示版.pdf,30,2,6,完整,1.0,（2） | 塑料粉尘（ | 颗粒物）,,解析文本拼接_表格清洗增强_01_001-020.md,019_佛山市朗信塑料制品有限公司新建项目_01_受理公告或公示版
PL020,PL020_佛山市朗信塑料制品有限公司新建项目_01_受理公告或公示版.pdf,30,2,7,完整,1.0,混料 | 、破碎工序 | 产生的塑料 | 粉尘，为无 | 组织排放 | ，执行广东省《大气污染,,解析文本拼接_表格清洗增强_01_001-020.md,019_佛山市朗信塑料制品有限公司新建项目_01_受理公告或公示版
PL020,PL020_佛山市朗信塑料制品有限公司新建项目_01_受理公告或公示版.pdf,30,2,8,完整,1.0,物排 | 放限 | 值》（DB44 | /27-2001） | 第二时段无 | 组织排放 | 监控浓度限值。,,解析文本拼接_表格清洗增强_01_001-020.md,019_佛山市朗信塑料制品有限公司新建项目_01_受理公告或公示版
PL020,PL020_佛山市朗信塑料制品有限公司新建项目_01_受理公告或公示版.pdf,30,2,9,完整,1.0,（2） | 恶臭气体,,解析文本拼接_表格清洗增强_01_001-020.md,019_佛山市朗信塑料制品有限公司新建项目_01_受理公告或公示版
PL020,PL020_佛山市朗信塑料制品有限公司新建项目_01_受理公告或公示版.pdf,30,2,10,完整,1.0,生产 | 异味以臭气 | 浓度表征， | 执行《恶臭 | 污染物排 | 放标准》（GB14554-93）,,解析文本拼接_表格清洗增强_01_001-020.md,019_佛山市朗信塑料制品有限公司新建项目_01_受理公告或公示版
PL020,PL020_佛山市朗信塑料制品有限公司新建项目_01_受理公告或公示版.pdf,30,2,11,完整,1.0,表1 | 恶臭 | 污染物厂界 | 标准值及表 | 2恶臭污染 | 物排放标 | 准值要求。,,解析文本拼接_表格清洗增强_01_001-020.md,019_佛山市朗信塑料制品有限公司新建项目_01_受理公告或公示版
PL020,PL020_佛山市朗信塑料制品有限公司新建项目_01_受理公告或公示版.pdf,30,2,12,完整,1.0,（4） | 厂区内挥发 | 性有机物的 | 无组织排 | 放浓度执行 | 广东省地方标准《固定,,解析文本拼接_表格清洗增强_01_001-020.md,019_佛山市朗信塑料制品有限公司新建项目_01_受理公告或公示版
PL020,PL020_佛山市朗信塑料制品有限公司新建项目_01_受理公告或公示版.pdf,30,2,13,完整,1.0,污染 | 源挥 | 发性有机物 | 综合排放标 | 准》（DB4 | 4/2367-202 | 2）中表3厂区内VOCs,,解析文本拼接_表格清洗增强_01_001-020.md,019_佛山市朗信塑料制品有限公司新建项目_01_受理公告或公示版
PL020,PL020_佛山市朗信塑料制品有限公司新建项目_01_受理公告或公示版.pdf,30,2,15,完整,1.0,表3-5 本项 | 目废气污染 | 物排放执行 | 标准,,解析文本拼接_表格清洗增强_01_001-020.md,019_佛山市朗信塑料制品有限公司新建项目_01_受理公告或公示版
PL020,PL020_佛山市朗信塑料制品有限公司新建项目_01_受理公告或公示版.pdf,30,2,20,完整,1.0,污染物 | 度限值 | 执行标准,,解析文本拼接_表格清洗增强_01_001-020.md,019_佛山市朗信塑料制品有限公司新建项目_01_受理公告或公示版
PL020,PL020_佛山市朗信塑料制品有限公司新建项目_01_受理公告或公示版.pdf,30,2,24,完整,1.0,（mg/m3） | （kg/h） | ）,,解析文本拼接_表格清洗增强_01_001-020.md,019_佛山市朗信塑料制品有限公司新建项目_01_受理公告或公示版
PL020,PL020_佛山市朗信塑料制品有限公司新建项目_01_受理公告或公示版.pdf,30,2,26,完整,1.0,非甲烷总 | 放标准》（GB31572-2015，,,解析文本拼接_表格清洗增强_01_001-020.md,019_佛山市朗信塑料制品有限公司新建项目_01_受理公告或公示版
PL020,PL020_佛山市朗信塑料制品有限公司新建项目_01_受理公告或公示版.pdf,30,2,27,部分,0.8,烃 | 100 | / | / | 含 年修改单）中表 大,含 年修改单）中表 大,解析文本拼接_表格清洗增强_01_001-020.md,019_佛山市朗信塑料制品有限公司新建项目_01_受理公告或公示版
PL020,PL020_佛山市朗信塑料制品有限公司新建项目_01_受理公告或公示版.pdf,30,2,28,疑似缺失,0.667,DA0 | 01 | 2024 4,2024 4,解析文本拼接_表格清洗增强_01_001-020.md,019_佛山市朗信塑料制品有限公司新建项目_01_受理公告或公示版
PL020,PL020_佛山市朗信塑料制品有限公司新建项目_01_受理公告或公示版.pdf,30,2,29,完整,1.0,（4 | 0m | 气污染物排放限值,,解析文本拼接_表格清洗增强_01_001-020.md,019_佛山市朗信塑料制品有限公司新建项目_01_受理公告或公示版
PL020,PL020_佛山市朗信塑料制品有限公司新建项目_01_受理公告或公示版.pdf,30,2,32,完整,1.0,20000（无 | 20（无量 | （GB14554-93）表1恶臭污,,解析文本拼接_表格清洗增强_01_001-020.md,019_佛山市朗信塑料制品有限公司新建项目_01_受理公告或公示版
PL020,PL020_佛山市朗信塑料制品有限公司新建项目_01_受理公告或公示版.pdf,30,2,35,完整,1.0,量纲） | 纲） | 染物厂界标准值及表2恶,,解析文本拼接_表格清洗增强_01_001-020.md,019_佛山市朗信塑料制品有限公司新建项目_01_受理公告或公示版
PL020,PL020_佛山市朗信塑料制品有限公司新建项目_01_受理公告或公示版.pdf,30,2,40,完整,1.0,/ | / | / | 1.0,,解析文本拼接_表格清洗增强_01_001-020.md,019_佛山市朗信塑料制品有限公司新建项目_01_受理公告或公示版
PL020,PL020_佛山市朗信塑料制品有限公司新建项目_01_受理公告或公示版.pdf,31,2,1,完整,1.0,"污染因
子 | 执行标准 | 排放限值
（mg/m3） | 限值含义 | 无组织排放
监控位置",,解析文本拼接_表格清洗增强_01_001-020.md,019_佛山市朗信塑料制品有限公司新建项目_01_受理公告或公示版
PL020,PL020_佛山市朗信塑料制品有限公司新建项目_01_受理公告或公示版.pdf,31,2,2,完整,1.0,"NMHC | 《固定污染源挥发性有机物综
合排放标准》（DB44/2367-2022）
中表3厂区内VOCs无组织排放
限值 | 6 | 监控点1h平均
浓度值 | 在厂房外设
置监控点",,解析文本拼接_表格清洗增强_01_001-020.md,019_佛山市朗信塑料制品有限公司新建项目_01_受理公告或公示版
PL020,PL020_佛山市朗信塑料制品有限公司新建项目_01_受理公告或公示版.pdf,31,2,3,完整,1.0,"20 | 监控点处任意
一次浓度值",,解析文本拼接_表格清洗增强_01_001-020.md,019_佛山市朗信塑料制品有限公司新建项目_01_受理公告或公示版
PL020,PL020_佛山市朗信塑料制品有限公司新建项目_01_受理公告或公示版.pdf,31,3,1,完整,1.0,项目位置 | 昼间（6:00～22:00） | 夜间（22:00～6:00）,,解析文本拼接_表格清洗增强_01_001-020.md,019_佛山市朗信塑料制品有限公司新建项目_01_受理公告或公示版
PL020,PL020_佛山市朗信塑料制品有限公司新建项目_01_受理公告或公示版.pdf,31,3,2,完整,1.0,厂界四周边界1米外 | ≤65dB(A) | ≤55dB(A),,解析文本拼接_表格清洗增强_01_001-020.md,019_佛山市朗信塑料制品有限公司新建项目_01_受理公告或公示版
PL020,PL020_佛山市朗信塑料制品有限公司新建项目_01_受理公告或公示版.pdf,31,4,1,完整,1.0,污染因 | 排放限值 | 无组织排放,,解析文本拼接_表格清洗增强_01_001-020.md,019_佛山市朗信塑料制品有限公司新建项目_01_受理公告或公示版
PL020,PL020_佛山市朗信塑料制品有限公司新建项目_01_受理公告或公示版.pdf,31,4,2,完整,1.0,执行标准 | 限值含义,,解析文本拼接_表格清洗增强_01_001-020.md,019_佛山市朗信塑料制品有限公司新建项目_01_受理公告或公示版
PL020,PL020_佛山市朗信塑料制品有限公司新建项目_01_受理公告或公示版.pdf,31,4,3,完整,1.0,子 | （mg/m3） | 监控位置,,解析文本拼接_表格清洗增强_01_001-020.md,019_佛山市朗信塑料制品有限公司新建项目_01_受理公告或公示版
PL020,PL020_佛山市朗信塑料制品有限公司新建项目_01_受理公告或公示版.pdf,31,4,4,完整,1.0,《固定污染源挥发性有机物综 | 监控点1h平均,,解析文本拼接_表格清洗增强_01_001-020.md,019_佛山市朗信塑料制品有限公司新建项目_01_受理公告或公示版
PL020,PL020_佛山市朗信塑料制品有限公司新建项目_01_受理公告或公示版.pdf,31,4,6,完整,1.0,合排放标准》（DB44/2367-2022） | 在厂房外设,,解析文本拼接_表格清洗增强_01_001-020.md,019_佛山市朗信塑料制品有限公司新建项目_01_受理公告或公示版
PL020,PL020_佛山市朗信塑料制品有限公司新建项目_01_受理公告或公示版.pdf,31,4,8,完整,1.0,3 VOCs | 监控点处任意,,解析文本拼接_表格清洗增强_01_001-020.md,019_佛山市朗信塑料制品有限公司新建项目_01_受理公告或公示版
PL020,PL020_佛山市朗信塑料制品有限公司新建项目_01_受理公告或公示版.pdf,31,4,9,完整,1.0,限值 | 20 | 一次浓度值,,解析文本拼接_表格清洗增强_01_001-020.md,019_佛山市朗信塑料制品有限公司新建项目_01_受理公告或公示版
PL020,PL020_佛山市朗信塑料制品有限公司新建项目_01_受理公告或公示版.pdf,31,4,10,完整,1.0,3、厂 | 界噪声排放标准,,解析文本拼接_表格清洗增强_01_001-020.md,019_佛山市朗信塑料制品有限公司新建项目_01_受理公告或公示版
PL020,PL020_佛山市朗信塑料制品有限公司新建项目_01_受理公告或公示版.pdf,31,4,11,完整,1.0,本项 | 目厂界四周边界噪声排放执行 | 《工业企业 | 厂界环境噪声 | 排放标准》,,解析文本拼接_表格清洗增强_01_001-020.md,019_佛山市朗信塑料制品有限公司新建项目_01_受理公告或公示版
PL020,PL020_佛山市朗信塑料制品有限公司新建项目_01_受理公告或公示版.pdf,31,4,12,完整,1.0,（ | GB1234 | 8-2008）3类标准限值要求。,,解析文本拼接_表格清洗增强_01_001-020.md,019_佛山市朗信塑料制品有限公司新建项目_01_受理公告或公示版
PL020,PL020_佛山市朗信塑料制品有限公司新建项目_01_受理公告或公示版.pdf,31,4,13,完整,1.0,表3-7 本项目 | 噪声执行标准,,解析文本拼接_表格清洗增强_01_001-020.md,019_佛山市朗信塑料制品有限公司新建项目_01_受理公告或公示版
PL020,PL020_佛山市朗信塑料制品有限公司新建项目_01_受理公告或公示版.pdf,31,4,14,完整,1.0,项目位置 昼间（6: | 00～22:00） | 夜间（22:0 | 0～6:00）,,解析文本拼接_表格清洗增强_01_001-020.md,019_佛山市朗信塑料制品有限公司新建项目_01_受理公告或公示版
PL020,PL020_佛山市朗信塑料制品有限公司新建项目_01_受理公告或公示版.pdf,31,4,15,完整,1.0,厂界 | 四周边界1米外 ≤6 | 5dB(A) | ≤55d | B(A),,解析文本拼接_表格清洗增强_01_001-020.md,019_佛山市朗信塑料制品有限公司新建项目_01_受理公告或公示版
PL020,PL020_佛山市朗信塑料制品有限公司新建项目_01_受理公告或公示版.pdf,31,4,16,完整,1.0,4、固 | 体废物,,解析文本拼接_表格清洗增强_01_001-020.md,019_佛山市朗信塑料制品有限公司新建项目_01_受理公告或公示版
PL020,PL020_佛山市朗信塑料制品有限公司新建项目_01_受理公告或公示版.pdf,31,4,17,完整,1.0,根据 | 《中华人民共和国固体废物污 | 染环境防治 | 法》、《广东省 | 固体废物环,,解析文本拼接_表格清洗增强_01_001-020.md,019_佛山市朗信塑料制品有限公司新建项目_01_受理公告或公示版
PL020,PL020_佛山市朗信塑料制品有限公司新建项目_01_受理公告或公示版.pdf,31,4,18,完整,1.0,境 | 防治条 | 例》等文件的规定，一般工业 | 固体废物暂 | 存于一般固废暂 | 存间，采用,,解析文本拼接_表格清洗增强_01_001-020.md,019_佛山市朗信塑料制品有限公司新建项目_01_受理公告或公示版
PL020,PL020_佛山市朗信塑料制品有限公司新建项目_01_受理公告或公示版.pdf,31,4,19,完整,1.0,包 | 装工具 | 贮存一般工业固体废物，一般 | 固废暂存间 | 需要满足防渗 | 漏、防雨淋、,,解析文本拼接_表格清洗增强_01_001-020.md,019_佛山市朗信塑料制品有限公司新建项目_01_受理公告或公示版
PL020,PL020_佛山市朗信塑料制品有限公司新建项目_01_受理公告或公示版.pdf,31,4,20,完整,1.0,防 | 扬尘等 | 环境保护要求；危险废物执行 | 《危险废物 | 贮存污染控制 | 标准》（GB,,解析文本拼接_表格清洗增强_01_001-020.md,019_佛山市朗信塑料制品有限公司新建项目_01_受理公告或公示版
PL020,PL020_佛山市朗信塑料制品有限公司新建项目_01_受理公告或公示版.pdf,31,4,21,完整,1.0,1 | 8597-202 | 3）相关要求。,,解析文本拼接_表格清洗增强_01_001-020.md,019_佛山市朗信塑料制品有限公司新建项目_01_受理公告或公示版
PL020,PL020_佛山市朗信塑料制品有限公司新建项目_01_受理公告或公示版.pdf,32,2,1,完整,1.0,要素 | 排放量 | 需分配的总量,,解析文本拼接_表格清洗增强_01_001-020.md,019_佛山市朗信塑料制品有限公司新建项目_01_受理公告或公示版
PL020,PL020_佛山市朗信塑料制品有限公司新建项目_01_受理公告或公示版.pdf,32,2,2,完整,1.0,废水 | 废水排放量 | 0 | 0,,解析文本拼接_表格清洗增强_01_001-020.md,019_佛山市朗信塑料制品有限公司新建项目_01_受理公告或公示版
PL020,PL020_佛山市朗信塑料制品有限公司新建项目_01_受理公告或公示版.pdf,32,2,3,完整,1.0,"COD
Cr | 0 | 0",,解析文本拼接_表格清洗增强_01_001-020.md,019_佛山市朗信塑料制品有限公司新建项目_01_受理公告或公示版
PL020,PL020_佛山市朗信塑料制品有限公司新建项目_01_受理公告或公示版.pdf,32,2,5,完整,1.0,废气 | 二氧化硫 | 0 | 0,,解析文本拼接_表格清洗增强_01_001-020.md,019_佛山市朗信塑料制品有限公司新建项目_01_受理公告或公示版
PL020,PL020_佛山市朗信塑料制品有限公司新建项目_01_受理公告或公示版.pdf,32,2,6,完整,1.0,氮氧化物 | 0 | 0,,解析文本拼接_表格清洗增强_01_001-020.md,019_佛山市朗信塑料制品有限公司新建项目_01_受理公告或公示版
PL020,PL020_佛山市朗信塑料制品有限公司新建项目_01_受理公告或公示版.pdf,32,2,7,完整,1.0,"挥发性有机物
（非甲烷总烃） | 有组织 | 0.284 | 0.284",,解析文本拼接_表格清洗增强_01_001-020.md,019_佛山市朗信塑料制品有限公司新建项目_01_受理公告或公示版
PL020,PL020_佛山市朗信塑料制品有限公司新建项目_01_受理公告或公示版.pdf,32,2,8,完整,1.0,无组织 | 0.567 | 0.567,,解析文本拼接_表格清洗增强_01_001-020.md,019_佛山市朗信塑料制品有限公司新建项目_01_受理公告或公示版
PL020,PL020_佛山市朗信塑料制品有限公司新建项目_01_受理公告或公示版.pdf,32,2,9,完整,1.0,合计 | 0.851,,解析文本拼接_表格清洗增强_01_001-020.md,019_佛山市朗信塑料制品有限公司新建项目_01_受理公告或公示版
PL020,PL020_佛山市朗信塑料制品有限公司新建项目_01_受理公告或公示版.pdf,32,3,2,疑似缺失,0.5,"府办2020年第19号 | ），本项目生活污水COD 、
Cr | NH -N 不分配
3 | 总量。","），本项目生活污水COD 、
Cr；NH -N 不分配
3",解析文本拼接_表格清洗增强_01_001-020.md,019_佛山市朗信塑料制品有限公司新建项目_01_受理公告或公示版
PL020,PL020_佛山市朗信塑料制品有限公司新建项目_01_受理公告或公示版.pdf,32,3,3,完整,1.0,2、大气污染物排 | 放总量控制指标,,解析文本拼接_表格清洗增强_01_001-020.md,019_佛山市朗信塑料制品有限公司新建项目_01_受理公告或公示版
PL020,PL020_佛山市朗信塑料制品有限公司新建项目_01_受理公告或公示版.pdf,32,3,4,完整,1.0,本项目无二氧化 | 硫和氮氧化物的总量控制指标 | 。全厂挥发性 | 有机物排放量,,解析文本拼接_表格清洗增强_01_001-020.md,019_佛山市朗信塑料制品有限公司新建项目_01_受理公告或公示版
PL020,PL020_佛山市朗信塑料制品有限公司新建项目_01_受理公告或公示版.pdf,32,3,5,完整,1.0,为0.851t/a，其中有组 | 织排放量为0.284t/a，无组织 | 排放量为0.56 | 7t/a。根据《广,,解析文本拼接_表格清洗增强_01_001-020.md,019_佛山市朗信塑料制品有限公司新建项目_01_受理公告或公示版
PL020,PL020_佛山市朗信塑料制品有限公司新建项目_01_受理公告或公示版.pdf,32,3,6,完整,1.0,东省生态环境厅关于 | 做好重点行业建设项目挥发 | 性有机物总量 | 指标管理工作,,解析文本拼接_表格清洗增强_01_001-020.md,019_佛山市朗信塑料制品有限公司新建项目_01_受理公告或公示版
PL020,PL020_佛山市朗信塑料制品有限公司新建项目_01_受理公告或公示版.pdf,32,3,7,完整,1.0,的通知》（粤环发〔 | 2019〕2号）要求，建议挥发 | 性有机物排放 | 总量控制指标,,解析文本拼接_表格清洗增强_01_001-020.md,019_佛山市朗信塑料制品有限公司新建项目_01_受理公告或公示版
PL020,PL020_佛山市朗信塑料制品有限公司新建项目_01_受理公告或公示版.pdf,32,3,8,完整,1.0,为0.851t/a，由区、镇 | 两级环保主管部门核定。,,解析文本拼接_表格清洗增强_01_001-020.md,019_佛山市朗信塑料制品有限公司新建项目_01_受理公告或公示版
PL020,PL020_佛山市朗信塑料制品有限公司新建项目_01_受理公告或公示版.pdf,32,3,9,完整,1.0,表 | 3-8 总量控制指标一览表（单 | 位：t/a）,,解析文本拼接_表格清洗增强_01_001-020.md,019_佛山市朗信塑料制品有限公司新建项目_01_受理公告或公示版
PL020,PL020_佛山市朗信塑料制品有限公司新建项目_01_受理公告或公示版.pdf,32,3,10,完整,1.0,要 | 素 | 排放量 | 需分配的总量,,解析文本拼接_表格清洗增强_01_001-020.md,019_佛山市朗信塑料制品有限公司新建项目_01_受理公告或公示版
PL020,PL020_佛山市朗信塑料制品有限公司新建项目_01_受理公告或公示版.pdf,32,3,11,完整,1.0,废水排放量 | 0 | 0,,解析文本拼接_表格清洗增强_01_001-020.md,019_佛山市朗信塑料制品有限公司新建项目_01_受理公告或公示版
PL020,PL020_佛山市朗信塑料制品有限公司新建项目_01_受理公告或公示版.pdf,32,3,12,完整,1.0,"废水 | COD
Cr | 0 | 0",,解析文本拼接_表格清洗增强_01_001-020.md,019_佛山市朗信塑料制品有限公司新建项目_01_受理公告或公示版
PL020,PL020_佛山市朗信塑料制品有限公司新建项目_01_受理公告或公示版.pdf,32,3,14,完整,1.0,控制 | 氨氮 | 0 | 0,,解析文本拼接_表格清洗增强_01_001-020.md,019_佛山市朗信塑料制品有限公司新建项目_01_受理公告或公示版
PL020,PL020_佛山市朗信塑料制品有限公司新建项目_01_受理公告或公示版.pdf,32,3,15,完整,1.0,指标 | 二氧化硫 | 0 | 0,,解析文本拼接_表格清洗增强_01_001-020.md,019_佛山市朗信塑料制品有限公司新建项目_01_受理公告或公示版
PL020,PL020_佛山市朗信塑料制品有限公司新建项目_01_受理公告或公示版.pdf,32,3,16,完整,1.0,氮氧化物 | 0 | 0,,解析文本拼接_表格清洗增强_01_001-020.md,019_佛山市朗信塑料制品有限公司新建项目_01_受理公告或公示版
PL020,PL020_佛山市朗信塑料制品有限公司新建项目_01_受理公告或公示版.pdf,32,3,17,疑似缺失,0.5,"废气
挥发性有 | 有组织
机物 | 0.284 | 0.284","废气
挥发性有；有组织
机物",解析文本拼接_表格清洗增强_01_001-020.md,019_佛山市朗信塑料制品有限公司新建项目_01_受理公告或公示版
PL020,PL020_佛山市朗信塑料制品有限公司新建项目_01_受理公告或公示版.pdf,32,3,18,部分,0.75,"（非甲烷 | 总烃）
无组织 | 0.567 | 0.567","总烃）
无组织",解析文本拼接_表格清洗增强_01_001-020.md,019_佛山市朗信塑料制品有限公司新建项目_01_受理公告或公示版
PL020,PL020_佛山市朗信塑料制品有限公司新建项目_01_受理公告或公示版.pdf,32,3,19,完整,1.0,合计 | 0.851,,解析文本拼接_表格清洗增强_01_001-020.md,019_佛山市朗信塑料制品有限公司新建项目_01_受理公告或公示版
PL020,PL020_佛山市朗信塑料制品有限公司新建项目_01_受理公告或公示版.pdf,33,1,1,完整,1.0,"施工
期环
境保
护措
施 | 本项目为新建项目，购买园区已建成厂房进行生产，只需在现有车间内进行机械设备的安装和调试，主要为人工作业，无大型
机械入内，施工期的环境影响主要为施工人员生活污水、设备安装和调试噪声、施工人员生活垃圾等。
1、废水：主要为施工人员的生活用水，依托厂区现有卫生间和生活污水处理设施进行处理；
2、噪声：白天进行设备的安装和调试，通过",,解析文本拼接_表格清洗增强_01_001-020.md,019_佛山市朗信塑料制品有限公司新建项目_01_受理公告或公示版
PL020,PL020_佛山市朗信塑料制品有限公司新建项目_01_受理公告或公示版.pdf,33,1,2,完整,1.0,"运营
期环
境影
响和
保护
措施 | 一、废气
根据《污染源源强核算技术指南 准则》（HJ884-2018）的要求对污染源强及治理情况进行分析；本项目废气排放主要为有机
废气（非甲烷总烃）、塑料粉尘（颗粒物）、臭气浓度。项目废气污染物排放情况、废气污染源源强核算结果及相关参数见下表：
表4-1 废气污染物排放情况一览表",,解析文本拼接_表格清洗增强_01_001-020.md,019_佛山市朗信塑料制品有限公司新建项目_01_受理公告或公示版
PL020,PL020_佛山市朗信塑料制品有限公司新建项目_01_受理公告或公示版.pdf,33,1,3,完整,1.0,"产排污
环节 | 生产单元 | 污染物
种类 | 污染物产生情况 | 排放形
式 | 治理措施 | 污染物排放情况",,解析文本拼接_表格清洗增强_01_001-020.md,019_佛山市朗信塑料制品有限公司新建项目_01_受理公告或公示版
PL020,PL020_佛山市朗信塑料制品有限公司新建项目_01_受理公告或公示版.pdf,33,1,4,完整,1.0,"产生量
t/a | 产生浓度
mg/m3 | 处理
能力
m3/h | 收集
效率
% | 处理工
艺 | 去除
率% | 是否
可行
技术 | 排放量
t/a | 排放速
率kg/h | 排放浓
度mg/m3 | 排放
时间
h",,解析文本拼接_表格清洗增强_01_001-020.md,019_佛山市朗信塑料制品有限公司新建项目_01_受理公告或公示版
PL020,PL020_佛山市朗信塑料制品有限公司新建项目_01_受理公告或公示版.pdf,33,1,5,完整,1.0,"破碎工
序 | 破碎区 | 颗粒物 | 0.17 | / | 无组织 | / | / | / | / | / | 0.17 | 0.142 | / | 1200",,解析文本拼接_表格清洗增强_01_001-020.md,019_佛山市朗信塑料制品有限公司新建项目_01_受理公告或公示版
PL020,PL020_佛山市朗信塑料制品有限公司新建项目_01_受理公告或公示版.pdf,33,1,6,完整,1.0,"混料工
序 | 混料区 | 颗粒物 | 0.0014 | / | 无组织 | / | / | / | / | / | 0.0014 | 0.0012 | / | 1200",,解析文本拼接_表格清洗增强_01_001-020.md,019_佛山市朗信塑料制品有限公司新建项目_01_受理公告或公示版
PL020,PL020_佛山市朗信塑料制品有限公司新建项目_01_受理公告或公示版.pdf,33,1,7,完整,1.0,"注塑工
序 | 注塑区 | 非甲烷
总烃 | 0.567 | 3.15 | 有组织 | 25000 | 50 | 活性炭
吸附 | 50 | 是 | 0.284 | 0..039 | 1.58 | 7200",,解析文本拼接_表格清洗增强_01_001-020.md,019_佛山市朗信塑料制品有限公司新建项目_01_受理公告或公示版
PL020,PL020_佛山市朗信塑料制品有限公司新建项目_01_受理公告或公示版.pdf,33,1,8,完整,1.0,0.567 | / | 无组织 | / | / | / | / | / | 0.567 | 0.079 | /,,解析文本拼接_表格清洗增强_01_001-020.md,019_佛山市朗信塑料制品有限公司新建项目_01_受理公告或公示版
PL020,PL020_佛山市朗信塑料制品有限公司新建项目_01_受理公告或公示版.pdf,33,2,1,完整,1.0,本项目 | 为新建项 | 目，购买园区已建 | 成厂房进行 | 生产，只 | 需在现 | 有车间 | 内进行机械 | 设备 | 的安装 | 和调试， | 主要为人 | 工作业， | 无大型,,解析文本拼接_表格清洗增强_01_001-020.md,019_佛山市朗信塑料制品有限公司新建项目_01_受理公告或公示版
PL020,PL020_佛山市朗信塑料制品有限公司新建项目_01_受理公告或公示版.pdf,33,2,2,部分,0.923,"施工
机 | 械 | 入内， | 施工期的 | 环境影响主要为施 | 工人员生活 | 污水、设 | 备安装 | 和调试 | 噪声、施 | 工人员 | 生活 | 垃圾等。","施工
机",解析文本拼接_表格清洗增强_01_001-020.md,019_佛山市朗信塑料制品有限公司新建项目_01_受理公告或公示版
PL020,PL020_佛山市朗信塑料制品有限公司新建项目_01_受理公告或公示版.pdf,33,2,4,完整,1.0,境保 | 1、废 | 水：主要为 | 施工人员的生活用 | 水，依托 | 厂区现有 | 卫生间 | 和生活污 | 水处理设 | 施进 | 行处理 | ；,,解析文本拼接_表格清洗增强_01_001-020.md,019_佛山市朗信塑料制品有限公司新建项目_01_受理公告或公示版
PL020,PL020_佛山市朗信塑料制品有限公司新建项目_01_受理公告或公示版.pdf,33,2,5,完整,1.0,护措 | 2、噪 | 声：白天进 | 行设备的安装和调 | 试，通过 | 墙体隔声 | 、距离 | 衰减等措 | 施减少噪 | 声对 | 周边环 | 境影响；,,解析文本拼接_表格清洗增强_01_001-020.md,019_佛山市朗信塑料制品有限公司新建项目_01_受理公告或公示版
PL020,PL020_佛山市朗信塑料制品有限公司新建项目_01_受理公告或公示版.pdf,33,2,7,完整,1.0,3、固 | 体废物：施 | 工人员生活垃圾定 | 期交由环 | 卫部门清 | 运。,,解析文本拼接_表格清洗增强_01_001-020.md,019_佛山市朗信塑料制品有限公司新建项目_01_受理公告或公示版
PL020,PL020_佛山市朗信塑料制品有限公司新建项目_01_受理公告或公示版.pdf,33,2,9,完整,1.0,根据《 | 污染源源 | 强核算技术指南 准 | 则》（HJ | 884-2018 | ）的要 | 求对污 | 染源强及治 | 理情 | 况进行 | 分析；本 | 项目废气 | 排放主要 | 为有机,,解析文本拼接_表格清洗增强_01_001-020.md,019_佛山市朗信塑料制品有限公司新建项目_01_受理公告或公示版
PL020,PL020_佛山市朗信塑料制品有限公司新建项目_01_受理公告或公示版.pdf,33,2,10,完整,1.0,废 | 气 | （非甲 | 烷总烃） | 、塑料粉尘（颗粒 | 物）、臭气 | 浓度。项 | 目废气 | 污染物 | 排放情况 | 、废气 | 污染 | 源源强核 | 算结果及 | 相关参数见 | 下表：,,解析文本拼接_表格清洗增强_01_001-020.md,019_佛山市朗信塑料制品有限公司新建项目_01_受理公告或公示版
PL020,PL020_佛山市朗信塑料制品有限公司新建项目_01_受理公告或公示版.pdf,33,2,11,完整,1.0,表4-1 废 | 气污染物 | 排放情 | 况一览表,,解析文本拼接_表格清洗增强_01_001-020.md,019_佛山市朗信塑料制品有限公司新建项目_01_受理公告或公示版
PL020,PL020_佛山市朗信塑料制品有限公司新建项目_01_受理公告或公示版.pdf,33,2,12,完整,1.0,污染物产 | 生情况 | 治 | 理措施 | 污染物排 | 放情况,,解析文本拼接_表格清洗增强_01_001-020.md,019_佛山市朗信塑料制品有限公司新建项目_01_受理公告或公示版
PL020,PL020_佛山市朗信塑料制品有限公司新建项目_01_受理公告或公示版.pdf,33,2,13,部分,0.933,"产 | 排污 | 生产单元 | 污染物
产生量 | 产生浓度 | 排放形 | 处理 | 收集 | 处理工 去 | 除 | 是否 | 排放量 | 排放速 | 排放浓 | 排放",处理工 去,解析文本拼接_表格清洗增强_01_001-020.md,019_佛山市朗信塑料制品有限公司新建项目_01_受理公告或公示版
PL020,PL020_佛山市朗信塑料制品有限公司新建项目_01_受理公告或公示版.pdf,33,2,14,部分,0.867,"运营 | 环 | 节 | 种类
t/a | mg/m3 | 式 | 能力
m3/h | 效率
% | 艺 率 | % | 可行
技术 | t/a | 率kg/h | 度mg/m3 | 时间
h","种类
t/a；艺 率",解析文本拼接_表格清洗增强_01_001-020.md,019_佛山市朗信塑料制品有限公司新建项目_01_受理公告或公示版
PL020,PL020_佛山市朗信塑料制品有限公司新建项目_01_受理公告或公示版.pdf,33,2,16,完整,1.0,破碎区 | 颗粒物 0.17 | / | 无组织 | / | / | / | / | / | 0.17 | 0.142 | / | 1200,,解析文本拼接_表格清洗增强_01_001-020.md,019_佛山市朗信塑料制品有限公司新建项目_01_受理公告或公示版
PL020,PL020_佛山市朗信塑料制品有限公司新建项目_01_受理公告或公示版.pdf,33,2,19,完整,1.0,混料区 | 颗粒物 0.0014 | / | 无组织 | / | / | / | / | / | 0.0014 | 0.0012 | / | 1200,,解析文本拼接_表格清洗增强_01_001-020.md,019_佛山市朗信塑料制品有限公司新建项目_01_受理公告或公示版
PL020,PL020_佛山市朗信塑料制品有限公司新建项目_01_受理公告或公示版.pdf,33,2,22,部分,0.929,措施 | 注 | 塑工 | 非甲烷 0.567 | 3.15 | 有组织 | 25000 | 50 | 5 | 0 | 是 | 0.284 | 0..039 | 1.58,非甲烷 0.567,解析文本拼接_表格清洗增强_01_001-020.md,019_佛山市朗信塑料制品有限公司新建项目_01_受理公告或公示版
PL020,PL020_佛山市朗信塑料制品有限公司新建项目_01_受理公告或公示版.pdf,33,2,23,完整,1.0,序 | 注塑区 | 总烃 | 吸附 | 7200,,解析文本拼接_表格清洗增强_01_001-020.md,019_佛山市朗信塑料制品有限公司新建项目_01_受理公告或公示版
PL020,PL020_佛山市朗信塑料制品有限公司新建项目_01_受理公告或公示版.pdf,33,2,24,完整,1.0,0.567 | / | 无组织 | / | / | / | / | / | 0.567 | 0.079 | /,,解析文本拼接_表格清洗增强_01_001-020.md,019_佛山市朗信塑料制品有限公司新建项目_01_受理公告或公示版
PL020,PL020_佛山市朗信塑料制品有限公司新建项目_01_受理公告或公示版.pdf,34,2,2,完整,1.0,"高度
（m） | 设计废气
量（m3/h） | 内径
（m） | 烟气流
速（m/s） | 温度
（℃） | 类
型",,解析文本拼接_表格清洗增强_01_001-020.md,019_佛山市朗信塑料制品有限公司新建项目_01_受理公告或公示版
PL020,PL020_佛山市朗信塑料制品有限公司新建项目_01_受理公告或公示版.pdf,34,2,3,完整,1.0,"DA001
废气排
放口 | 40 | 25000 | 0.8 | 13.82 | 常温 | 一
般
排
放
口 | E113.169955°，
N22.851866°",,解析文本拼接_表格清洗增强_01_001-020.md,019_佛山市朗信塑料制品有限公司新建项目_01_受理公告或公示版
PL020,PL020_佛山市朗信塑料制品有限公司新建项目_01_受理公告或公示版.pdf,34,3,1,完整,1.0,监测点位 | 监测指标 | 监测频次 | 执行标准,,解析文本拼接_表格清洗增强_01_001-020.md,019_佛山市朗信塑料制品有限公司新建项目_01_受理公告或公示版
PL020,PL020_佛山市朗信塑料制品有限公司新建项目_01_受理公告或公示版.pdf,34,3,2,完整,1.0,"DA001废
气排放口 | 非甲烷总
烃 | 1次/半年 | （GB31572-2015，含2024年修改）表4 大气
污染物排放限值",,解析文本拼接_表格清洗增强_01_001-020.md,019_佛山市朗信塑料制品有限公司新建项目_01_受理公告或公示版
PL020,PL020_佛山市朗信塑料制品有限公司新建项目_01_受理公告或公示版.pdf,34,3,3,完整,1.0,"臭气浓度 | 1次/年 | （GB14554-93）表2 恶臭污染物排放标准值
二级（新扩改建）排放限值",,解析文本拼接_表格清洗增强_01_001-020.md,019_佛山市朗信塑料制品有限公司新建项目_01_受理公告或公示版
PL020,PL020_佛山市朗信塑料制品有限公司新建项目_01_受理公告或公示版.pdf,34,3,4,完整,1.0,"厂界 | 颗粒物 | 1次/年 | （DB44/27—2001）第二时段无组织排放监控
浓度限值",,解析文本拼接_表格清洗增强_01_001-020.md,019_佛山市朗信塑料制品有限公司新建项目_01_受理公告或公示版
PL020,PL020_佛山市朗信塑料制品有限公司新建项目_01_受理公告或公示版.pdf,34,3,5,完整,1.0,臭气浓度 | 1次/年 | （GB14554-93）表1 恶臭污染物厂界标准值,,解析文本拼接_表格清洗增强_01_001-020.md,019_佛山市朗信塑料制品有限公司新建项目_01_受理公告或公示版
PL020,PL020_佛山市朗信塑料制品有限公司新建项目_01_受理公告或公示版.pdf,34,3,6,完整,1.0,"厂区内 | NMHC | 1次/年 | （DB44/2367-2022）中表3厂区内VOCs无组
织排放限值",,解析文本拼接_表格清洗增强_01_001-020.md,019_佛山市朗信塑料制品有限公司新建项目_01_受理公告或公示版
PL020,PL020_佛山市朗信塑料制品有限公司新建项目_01_受理公告或公示版.pdf,34,4,2,部分,0.75,编号及 | 高 | 度 设计废 | 气 | 内径 | 烟气流 | 温度 | 类 地理坐标,度 设计废；类 地理坐标,解析文本拼接_表格清洗增强_01_001-020.md,019_佛山市朗信塑料制品有限公司新建项目_01_受理公告或公示版
PL020,PL020_佛山市朗信塑料制品有限公司新建项目_01_受理公告或公示版.pdf,34,4,3,部分,0.75,名称 | （m | ） 量（m3/ | h | ） （m） | 速（m/s） | （℃） | 型,） 量（m3/；） （m）,解析文本拼接_表格清洗增强_01_001-020.md,019_佛山市朗信塑料制品有限公司新建项目_01_受理公告或公示版
PL020,PL020_佛山市朗信塑料制品有限公司新建项目_01_受理公告或公示版.pdf,34,4,6,完整,1.0,DA001 | °，,,解析文本拼接_表格清洗增强_01_001-020.md,019_佛山市朗信塑料制品有限公司新建项目_01_受理公告或公示版
PL020,PL020_佛山市朗信塑料制品有限公司新建项目_01_受理公告或公示版.pdf,34,4,7,疑似缺失,0.667,"废气排 | 常温 | E113.169955
排","E113.169955
排",解析文本拼接_表格清洗增强_01_001-020.md,019_佛山市朗信塑料制品有限公司新建项目_01_受理公告或公示版
PL020,PL020_佛山市朗信塑料制品有限公司新建项目_01_受理公告或公示版.pdf,34,4,8,完整,1.0,40 | 25000 | 0.8 | 13.82,,解析文本拼接_表格清洗增强_01_001-020.md,019_佛山市朗信塑料制品有限公司新建项目_01_受理公告或公示版
PL020,PL020_佛山市朗信塑料制品有限公司新建项目_01_受理公告或公示版.pdf,34,4,9,疑似缺失,0.5,"放口 | N22.851866°
放","N22.851866°
放",解析文本拼接_表格清洗增强_01_001-020.md,019_佛山市朗信塑料制品有限公司新建项目_01_受理公告或公示版
PL020,PL020_佛山市朗信塑料制品有限公司新建项目_01_受理公告或公示版.pdf,34,4,11,完整,1.0,表4-3 废气 | 监测计划一 | 览表,,解析文本拼接_表格清洗增强_01_001-020.md,019_佛山市朗信塑料制品有限公司新建项目_01_受理公告或公示版
PL020,PL020_佛山市朗信塑料制品有限公司新建项目_01_受理公告或公示版.pdf,34,4,12,完整,1.0,监测点位 | 监测指标 | 监测频次 | 执行 | 标准,,解析文本拼接_表格清洗增强_01_001-020.md,019_佛山市朗信塑料制品有限公司新建项目_01_受理公告或公示版
PL020,PL020_佛山市朗信塑料制品有限公司新建项目_01_受理公告或公示版.pdf,34,4,13,部分,0.75,非甲烷总 | （ | ，含 | 年修改）表 大气,年修改）表 大气,解析文本拼接_表格清洗增强_01_001-020.md,019_佛山市朗信塑料制品有限公司新建项目_01_受理公告或公示版
PL020,PL020_佛山市朗信塑料制品有限公司新建项目_01_受理公告或公示版.pdf,34,4,14,疑似缺失,0.25,次半年 | GB31572-2 | 015 2 | 024 4,次半年；015 2；024 4,解析文本拼接_表格清洗增强_01_001-020.md,019_佛山市朗信塑料制品有限公司新建项目_01_受理公告或公示版
PL020,PL020_佛山市朗信塑料制品有限公司新建项目_01_受理公告或公示版.pdf,34,4,15,完整,1.0,烃 | 1 | / | 污染物排 | 放限值,,解析文本拼接_表格清洗增强_01_001-020.md,019_佛山市朗信塑料制品有限公司新建项目_01_受理公告或公示版
PL020,PL020_佛山市朗信塑料制品有限公司新建项目_01_受理公告或公示版.pdf,34,4,17,完整,1.0,气排放口 | （ | ）表 | 恶臭污染物排放标准值,,解析文本拼接_表格清洗增强_01_001-020.md,019_佛山市朗信塑料制品有限公司新建项目_01_受理公告或公示版
PL020,PL020_佛山市朗信塑料制品有限公司新建项目_01_受理公告或公示版.pdf,34,4,18,疑似缺失,0.5,臭气浓度 | 次年 | GB14554- | 93 2,次年；93 2,解析文本拼接_表格清洗增强_01_001-020.md,019_佛山市朗信塑料制品有限公司新建项目_01_受理公告或公示版
PL020,PL020_佛山市朗信塑料制品有限公司新建项目_01_受理公告或公示版.pdf,34,4,19,完整,1.0,1 / | 二级 | （新扩改 | 建）排放限值,,解析文本拼接_表格清洗增强_01_001-020.md,019_佛山市朗信塑料制品有限公司新建项目_01_受理公告或公示版
PL020,PL020_佛山市朗信塑料制品有限公司新建项目_01_受理公告或公示版.pdf,34,4,21,完整,1.0,颗粒物 | 1次/年 | DB44/27— | 2001,,解析文本拼接_表格清洗增强_01_001-020.md,019_佛山市朗信塑料制品有限公司新建项目_01_受理公告或公示版
PL020,PL020_佛山市朗信塑料制品有限公司新建项目_01_受理公告或公示版.pdf,34,4,24,完整,1.0,臭气浓度 | 1次/年 | （GB14554- | 93）表1 | 恶臭污染物厂界标准值,,解析文本拼接_表格清洗增强_01_001-020.md,019_佛山市朗信塑料制品有限公司新建项目_01_受理公告或公示版
PL020,PL020_佛山市朗信塑料制品有限公司新建项目_01_受理公告或公示版.pdf,34,4,25,完整,1.0,（DB44/2367 | -2022）中 | 表3厂区内VOCs无组,,解析文本拼接_表格清洗增强_01_001-020.md,019_佛山市朗信塑料制品有限公司新建项目_01_受理公告或公示版
PL020,PL020_佛山市朗信塑料制品有限公司新建项目_01_受理公告或公示版.pdf,34,4,27,完整,1.0,NMHC | 1 / | 织排放 | 限值,,解析文本拼接_表格清洗增强_01_001-020.md,019_佛山市朗信塑料制品有限公司新建项目_01_受理公告或公示版
PL020,PL020_佛山市朗信塑料制品有限公司新建项目_01_受理公告或公示版.pdf,34,4,29,完整,1.0,期环 | 备 | 注：废气 | 污 | 染物监测频次 | 参考《排污 | 单位自行监 | 测技术指 | 南 橡胶和塑料制品》,,解析文本拼接_表格清洗增强_01_001-020.md,019_佛山市朗信塑料制品有限公司新建项目_01_受理公告或公示版
PL020,PL020_佛山市朗信塑料制品有限公司新建项目_01_受理公告或公示版.pdf,34,4,30,完整,1.0,境影 | （ | HJ1207-20 | 21） | 表4有组织 | 废 | 气监测点位 | 、指标及最 | 低频次和表 | 6无组织废气排放监测,,解析文本拼接_表格清洗增强_01_001-020.md,019_佛山市朗信塑料制品有限公司新建项目_01_受理公告或公示版
PL020,PL020_佛山市朗信塑料制品有限公司新建项目_01_受理公告或公示版.pdf,34,4,31,完整,1.0,指 | 标及最低 | 监测 | 频次。,,解析文本拼接_表格清洗增强_01_001-020.md,019_佛山市朗信塑料制品有限公司新建项目_01_受理公告或公示版
PL020,PL020_佛山市朗信塑料制品有限公司新建项目_01_受理公告或公示版.pdf,34,4,33,完整,1.0,1、废 | 气污 | 染物排放源 | 核算情况 | 如下：,,解析文本拼接_表格清洗增强_01_001-020.md,019_佛山市朗信塑料制品有限公司新建项目_01_受理公告或公示版
PL020,PL020_佛山市朗信塑料制品有限公司新建项目_01_受理公告或公示版.pdf,34,4,35,完整,1.0,措施 | （1） | 破碎 | 粉尘（颗粒 | 物）,,解析文本拼接_表格清洗增强_01_001-020.md,019_佛山市朗信塑料制品有限公司新建项目_01_受理公告或公示版
PL020,PL020_佛山市朗信塑料制品有限公司新建项目_01_受理公告或公示版.pdf,34,4,41,完整,1.0,序 | 产生少量 | 破 | 碎粉尘，污 | 染 | 因子为颗 | 粒物，于生 | 产车间内 | 以无组织形式排放。,,解析文本拼接_表格清洗增强_01_001-020.md,019_佛山市朗信塑料制品有限公司新建项目_01_受理公告或公示版
PL020,PL020_佛山市朗信塑料制品有限公司新建项目_01_受理公告或公示版.pdf,34,4,43,完整,1.0,格 | 品占各 | 塑料 | 粒和色粉 | 总 | 使用量的 | 1%，本项 | 目塑料 | 粒和色粉总使用量为,,解析文本拼接_表格清洗增强_01_001-020.md,019_佛山市朗信塑料制品有限公司新建项目_01_受理公告或公示版
PL020,PL020_佛山市朗信塑料制品有限公司新建项目_01_受理公告或公示版.pdf,34,4,44,完整,1.0,42 | 1.4t/a， | 则需 | 破碎的塑料 | 量为4.214 | t/a。参照《 | 排放源统 | 计调查产排污核算方,,解析文本拼接_表格清洗增强_01_001-020.md,019_佛山市朗信塑料制品有限公司新建项目_01_受理公告或公示版
PL020,PL020_佛山市朗信塑料制品有限公司新建项目_01_受理公告或公示版.pdf,34,4,45,完整,1.0,法 | 和系数手 | 册 | 》（公告 20 | 2 | 1年第 24 | 号）中“42 | 20 非金属 | 废料和碎屑加工处理,,解析文本拼接_表格清洗增强_01_001-020.md,019_佛山市朗信塑料制品有限公司新建项目_01_受理公告或公示版
PL020,PL020_佛山市朗信塑料制品有限公司新建项目_01_受理公告或公示版.pdf,34,4,46,完整,1.0,行 | 业系数手 | 册 | ”的废PE/PP | - | 干法破碎 | 产生的颗粒 | 物产污系 | 数为375克/吨-原料，,,解析文本拼接_表格清洗增强_01_001-020.md,019_佛山市朗信塑料制品有限公司新建项目_01_受理公告或公示版
PL020,PL020_佛山市朗信塑料制品有限公司新建项目_01_受理公告或公示版.pdf,34,4,47,完整,1.0,废 | PS/ABS | -干 | 法破碎产 | 生 | 的颗粒物 | 产污系数 | 为 425 克 | /吨-原料。本项目,,解析文本拼接_表格清洗增强_01_001-020.md,019_佛山市朗信塑料制品有限公司新建项目_01_受理公告或公示版
PL020,PL020_佛山市朗信塑料制品有限公司新建项目_01_受理公告或公示版.pdf,36,2,2,完整,1.0,0 | 0 | 10 | 未闻到有任何气味，无任何反应,,解析文本拼接_表格清洗增强_01_001-020.md,019_佛山市朗信塑料制品有限公司新建项目_01_受理公告或公示版
PL020,PL020_佛山市朗信塑料制品有限公司新建项目_01_受理公告或公示版.pdf,36,2,3,完整,1.0,"1 | 1 | 23 | 勉强能闻到有气味，但不易辨认气味性
质（感觉阈值）认为无所谓",,解析文本拼接_表格清洗增强_01_001-020.md,019_佛山市朗信塑料制品有限公司新建项目_01_受理公告或公示版
PL020,PL020_佛山市朗信塑料制品有限公司新建项目_01_受理公告或公示版.pdf,36,2,4,完整,1.0,"2 | 2 | 51 | 能闻到气味，且能辨认气味的性质（识
别阈值），但感到很正常",,解析文本拼接_表格清洗增强_01_001-020.md,019_佛山市朗信塑料制品有限公司新建项目_01_受理公告或公示版
PL020,PL020_佛山市朗信塑料制品有限公司新建项目_01_受理公告或公示版.pdf,36,2,5,完整,1.0,3 | 3 | 117 | 很容易闻到气味，有所不快，但不反感,,解析文本拼接_表格清洗增强_01_001-020.md,019_佛山市朗信塑料制品有限公司新建项目_01_受理公告或公示版
PL020,PL020_佛山市朗信塑料制品有限公司新建项目_01_受理公告或公示版.pdf,36,2,6,完整,1.0,4 | 4 | 265 | 有很强的气味，很反感，想离开,,解析文本拼接_表格清洗增强_01_001-020.md,019_佛山市朗信塑料制品有限公司新建项目_01_受理公告或公示版
PL020,PL020_佛山市朗信塑料制品有限公司新建项目_01_受理公告或公示版.pdf,36,2,7,完整,1.0,5 | 5 | 600 | 有极强的气味，无法忍受，立即逃跑,,解析文本拼接_表格清洗增强_01_001-020.md,019_佛山市朗信塑料制品有限公司新建项目_01_受理公告或公示版
PL020,PL020_佛山市朗信塑料制品有限公司新建项目_01_受理公告或公示版.pdf,36,3,1,完整,1.0,"废气收
集类型 | 废气收集方式 | 情况说明 | 集气效
率（%）",,解析文本拼接_表格清洗增强_01_001-020.md,019_佛山市朗信塑料制品有限公司新建项目_01_受理公告或公示版
PL020,PL020_佛山市朗信塑料制品有限公司新建项目_01_受理公告或公示版.pdf,36,3,2,完整,1.0,"全密封
设备/
空间 | 单层密闭负压 | VOCs产生源设置在密闭车间、密
闭设备（含反应釜）、密闭管道内，
所在开口处，包括人员或物料进出
口处呈负压。 | 90",,解析文本拼接_表格清洗增强_01_001-020.md,019_佛山市朗信塑料制品有限公司新建项目_01_受理公告或公示版
PL020,PL020_佛山市朗信塑料制品有限公司新建项目_01_受理公告或公示版.pdf,36,3,3,完整,1.0,"单层密闭正压 | VOCs产生源设置在密闭车间内，
所在开口处，包括人员或物料进出
口处呈正压，且无明显泄漏点。 | 80",,解析文本拼接_表格清洗增强_01_001-020.md,019_佛山市朗信塑料制品有限公司新建项目_01_受理公告或公示版
PL020,PL020_佛山市朗信塑料制品有限公司新建项目_01_受理公告或公示版.pdf,36,3,4,完整,1.0,"双层密闭空间 | 内层空间密闭正压，外层空间密闭
负压。 | 98",,解析文本拼接_表格清洗增强_01_001-020.md,019_佛山市朗信塑料制品有限公司新建项目_01_受理公告或公示版
PL020,PL020_佛山市朗信塑料制品有限公司新建项目_01_受理公告或公示版.pdf,36,3,5,完整,1.0,"设备废气排口直连 | 设备有固定排放管（或口）直接与
风管连接，设备整体密闭只留产品
进出口，且进出口处有废气收集措
施，收集系统运行时周边基本无
VOCs散发。 | 95",,解析文本拼接_表格清洗增强_01_001-020.md,019_佛山市朗信塑料制品有限公司新建项目_01_受理公告或公示版
PL020,PL020_佛山市朗信塑料制品有限公司新建项目_01_受理公告或公示版.pdf,36,4,4,完整,1.0,0 | 0 10 | 未闻到有任何气味，无任何反 | 应,,解析文本拼接_表格清洗增强_01_001-020.md,019_佛山市朗信塑料制品有限公司新建项目_01_受理公告或公示版
PL020,PL020_佛山市朗信塑料制品有限公司新建项目_01_受理公告或公示版.pdf,36,4,6,完整,1.0,1 | 1 23 | 质（感觉阈值）认为无所谓,,解析文本拼接_表格清洗增强_01_001-020.md,019_佛山市朗信塑料制品有限公司新建项目_01_受理公告或公示版
PL020,PL020_佛山市朗信塑料制品有限公司新建项目_01_受理公告或公示版.pdf,36,4,8,完整,1.0,2 | 2 51 | 别阈值），但感到很正常,,解析文本拼接_表格清洗增强_01_001-020.md,019_佛山市朗信塑料制品有限公司新建项目_01_受理公告或公示版
PL020,PL020_佛山市朗信塑料制品有限公司新建项目_01_受理公告或公示版.pdf,36,4,9,完整,1.0,3 | 3 117 | 很容易闻到气味，有所不快，但 | 不反感,,解析文本拼接_表格清洗增强_01_001-020.md,019_佛山市朗信塑料制品有限公司新建项目_01_受理公告或公示版
PL020,PL020_佛山市朗信塑料制品有限公司新建项目_01_受理公告或公示版.pdf,36,4,10,完整,1.0,4 | 4 265 | 有很强的气味，很反感，想离 | 开,,解析文本拼接_表格清洗增强_01_001-020.md,019_佛山市朗信塑料制品有限公司新建项目_01_受理公告或公示版
PL020,PL020_佛山市朗信塑料制品有限公司新建项目_01_受理公告或公示版.pdf,36,4,11,完整,1.0,5 | 5 600 | 有极强的气味，无法忍受，立即 | 逃跑,,解析文本拼接_表格清洗增强_01_001-020.md,019_佛山市朗信塑料制品有限公司新建项目_01_受理公告或公示版
PL020,PL020_佛山市朗信塑料制品有限公司新建项目_01_受理公告或公示版.pdf,36,4,13,完整,1.0,本 | 项目恶臭强 | 度一般在 1~2 级，折合臭 | 气浓度为 23~51（无量纲），恶 | 臭气,,解析文本拼接_表格清洗增强_01_001-020.md,019_佛山市朗信塑料制品有限公司新建项目_01_受理公告或公示版
PL020,PL020_佛山市朗信塑料制品有限公司新建项目_01_受理公告或公示版.pdf,36,4,14,完整,1.0,随 | 有机废气一 | 起收集后通过“活性炭 | 吸附”装置处理后引至楼顶 40m | 排气,,解析文本拼接_表格清洗增强_01_001-020.md,019_佛山市朗信塑料制品有限公司新建项目_01_受理公告或公示版
PL020,PL020_佛山市朗信塑料制品有限公司新建项目_01_受理公告或公示版.pdf,36,4,15,完整,1.0,D | A001高空排 | 放，对周围环境影响较 | 小。,,解析文本拼接_表格清洗增强_01_001-020.md,019_佛山市朗信塑料制品有限公司新建项目_01_受理公告或公示版
PL020,PL020_佛山市朗信塑料制品有限公司新建项目_01_受理公告或公示版.pdf,36,4,16,完整,1.0,（5）风机 | 风量计算,,解析文本拼接_表格清洗增强_01_001-020.md,019_佛山市朗信塑料制品有限公司新建项目_01_受理公告或公示版
PL020,PL020_佛山市朗信塑料制品有限公司新建项目_01_受理公告或公示版.pdf,36,4,18,完整,1.0,参考《广东 | 省工业源挥发性有机物 | 减排量核实方法（2023年修订版 | ）》,,解析文本拼接_表格清洗增强_01_001-020.md,019_佛山市朗信塑料制品有限公司新建项目_01_受理公告或公示版
PL020,PL020_佛山市朗信塑料制品有限公司新建项目_01_受理公告或公示版.pdf,36,4,19,完整,1.0,表 | 3.3-2 废气收 | 集集气效率参考值，如 | 下表所示：,,解析文本拼接_表格清洗增强_01_001-020.md,019_佛山市朗信塑料制品有限公司新建项目_01_受理公告或公示版
PL020,PL020_佛山市朗信塑料制品有限公司新建项目_01_受理公告或公示版.pdf,36,4,20,完整,1.0,表4-5 废气收 | 集集气效率参考值,,解析文本拼接_表格清洗增强_01_001-020.md,019_佛山市朗信塑料制品有限公司新建项目_01_受理公告或公示版
PL020,PL020_佛山市朗信塑料制品有限公司新建项目_01_受理公告或公示版.pdf,36,4,21,完整,1.0,废气收 | 集气效,,解析文本拼接_表格清洗增强_01_001-020.md,019_佛山市朗信塑料制品有限公司新建项目_01_受理公告或公示版
PL020,PL020_佛山市朗信塑料制品有限公司新建项目_01_受理公告或公示版.pdf,36,4,22,完整,1.0,废气收集方式 | 情况说明,,解析文本拼接_表格清洗增强_01_001-020.md,019_佛山市朗信塑料制品有限公司新建项目_01_受理公告或公示版
PL020,PL020_佛山市朗信塑料制品有限公司新建项目_01_受理公告或公示版.pdf,36,4,31,完整,1.0,单层密闭正压 | 所在开口处，包括人员或物料进出 | 80,,解析文本拼接_表格清洗增强_01_001-020.md,019_佛山市朗信塑料制品有限公司新建项目_01_受理公告或公示版
PL020,PL020_佛山市朗信塑料制品有限公司新建项目_01_受理公告或公示版.pdf,36,4,41,完整,1.0,设备废气排口直连 | 进出口，且进出口处有废气收集措 | 95,,解析文本拼接_表格清洗增强_01_001-020.md,019_佛山市朗信塑料制品有限公司新建项目_01_受理公告或公示版
PL020,PL020_佛山市朗信塑料制品有限公司新建项目_01_受理公告或公示版.pdf,37,2,1,完整,1.0,"半密闭
型集气
设备
（含排
气柜） | 污染物产生点（或生产设施）
四周及上下有围挡设施，符合
以下两种情况：
1、仅保留1个操作工位面；
2、仅保留物料进出通道，通道
敞开面小于1个操作工位面。 | 敞开面控制风速不小于0.3m/s； | 65",,解析文本拼接_表格清洗增强_01_001-020.md,019_佛山市朗信塑料制品有限公司新建项目_01_受理公告或公示版
PL020,PL020_佛山市朗信塑料制品有限公司新建项目_01_受理公告或公示版.pdf,37,2,2,完整,1.0,敞开面控制风速小于0.3m/s； | 0,,解析文本拼接_表格清洗增强_01_001-020.md,019_佛山市朗信塑料制品有限公司新建项目_01_受理公告或公示版
PL020,PL020_佛山市朗信塑料制品有限公司新建项目_01_受理公告或公示版.pdf,37,2,3,完整,1.0,"包围型
集气罩 | 通过软质垂帘四周围挡（偶有
部分敞开） | 敞开面控制风速不小于 0.3m/s； | 50",,解析文本拼接_表格清洗增强_01_001-020.md,019_佛山市朗信塑料制品有限公司新建项目_01_受理公告或公示版
PL020,PL020_佛山市朗信塑料制品有限公司新建项目_01_受理公告或公示版.pdf,37,2,4,完整,1.0,敞开面控制风速小于 0.3m/s | 0,,解析文本拼接_表格清洗增强_01_001-020.md,019_佛山市朗信塑料制品有限公司新建项目_01_受理公告或公示版
PL020,PL020_佛山市朗信塑料制品有限公司新建项目_01_受理公告或公示版.pdf,37,2,5,完整,1.0,"外部型
集气设
备 | 顶式集气罩、槽边抽风、侧式
集气罩等 | 相应工位所有VOCs逸散点控制风
速不小于0.3m/s； | 30",,解析文本拼接_表格清洗增强_01_001-020.md,019_佛山市朗信塑料制品有限公司新建项目_01_受理公告或公示版
PL020,PL020_佛山市朗信塑料制品有限公司新建项目_01_受理公告或公示版.pdf,37,2,6,完整,1.0,"相应工位所有VOCs逸散点控制风
速小于0.3m/s，或存在强对流干扰。 | 0",,解析文本拼接_表格清洗增强_01_001-020.md,019_佛山市朗信塑料制品有限公司新建项目_01_受理公告或公示版
PL020,PL020_佛山市朗信塑料制品有限公司新建项目_01_受理公告或公示版.pdf,37,2,7,完整,1.0,"无集气
设施 | / | 1、无集气设施；2、集气设施运行
不正常 | 0",,解析文本拼接_表格清洗增强_01_001-020.md,019_佛山市朗信塑料制品有限公司新建项目_01_受理公告或公示版
PL020,PL020_佛山市朗信塑料制品有限公司新建项目_01_受理公告或公示版.pdf,37,3,2,完整,1.0,"产污
设备 | 型号 | 设备数
量（台） | 集气罩
数量
（个） | 罩口周
长（m） | 污染物产
生点至罩
口的距离
（m） | 单个排气
罩排风量
（m3/h） | 总理论排
风量
（m3/h）",,解析文本拼接_表格清洗增强_01_001-020.md,019_佛山市朗信塑料制品有限公司新建项目_01_受理公告或公示版
PL020,PL020_佛山市朗信塑料制品有限公司新建项目_01_受理公告或公示版.pdf,37,3,3,完整,1.0,"注塑
机 | MK6.6-128T | 2 | 2 | 2.0 | 0.2 | 806.4 | 1612.8",,解析文本拼接_表格清洗增强_01_001-020.md,019_佛山市朗信塑料制品有限公司新建项目_01_受理公告或公示版
PL020,PL020_佛山市朗信塑料制品有限公司新建项目_01_受理公告或公示版.pdf,37,3,4,完整,1.0,MK6.6-250T | 7 | 7 | 2.4 | 0.2 | 967.68 | 6773.76,,解析文本拼接_表格清洗增强_01_001-020.md,019_佛山市朗信塑料制品有限公司新建项目_01_受理公告或公示版
PL020,PL020_佛山市朗信塑料制品有限公司新建项目_01_受理公告或公示版.pdf,37,3,5,完整,1.0,MK6.6-320T | 2 | 2 | 3.0 | 0.2 | 1209.6 | 2419.2,,解析文本拼接_表格清洗增强_01_001-020.md,019_佛山市朗信塑料制品有限公司新建项目_01_受理公告或公示版
PL020,PL020_佛山市朗信塑料制品有限公司新建项目_01_受理公告或公示版.pdf,37,3,6,完整,1.0,MK6.6-400T | 1 | 1 | 3.2 | 0.2 | 1290.24 | 1290.24,,解析文本拼接_表格清洗增强_01_001-020.md,019_佛山市朗信塑料制品有限公司新建项目_01_受理公告或公示版
PL020,PL020_佛山市朗信塑料制品有限公司新建项目_01_受理公告或公示版.pdf,37,3,7,完整,1.0,YZ160S-ⅢS，160T | 4 | 4 | 2.0 | 0.2 | 806.4 | 3225.6,,解析文本拼接_表格清洗增强_01_001-020.md,019_佛山市朗信塑料制品有限公司新建项目_01_受理公告或公示版
PL020,PL020_佛山市朗信塑料制品有限公司新建项目_01_受理公告或公示版.pdf,37,3,8,完整,1.0,UJ150CA，180T | 1 | 1 | 2.0 | 0.2 | 806.4 | 806.4,,解析文本拼接_表格清洗增强_01_001-020.md,019_佛山市朗信塑料制品有限公司新建项目_01_受理公告或公示版
PL020,PL020_佛山市朗信塑料制品有限公司新建项目_01_受理公告或公示版.pdf,37,3,9,完整,1.0,178T | 2 | 2 | 2.0 | 0.2 | 806.4 | 1612.8,,解析文本拼接_表格清洗增强_01_001-020.md,019_佛山市朗信塑料制品有限公司新建项目_01_受理公告或公示版
PL020,PL020_佛山市朗信塑料制品有限公司新建项目_01_受理公告或公示版.pdf,37,4,1,完整,1.0,污染物产生点（或 | 生产设施 | ）,,解析文本拼接_表格清洗增强_01_001-020.md,019_佛山市朗信塑料制品有限公司新建项目_01_受理公告或公示版
PL020,PL020_佛山市朗信塑料制品有限公司新建项目_01_受理公告或公示版.pdf,37,4,4,完整,1.0,0.3m/s | 65,,解析文本拼接_表格清洗增强_01_001-020.md,019_佛山市朗信塑料制品有限公司新建项目_01_受理公告或公示版
PL020,PL020_佛山市朗信塑料制品有限公司新建项目_01_受理公告或公示版.pdf,37,4,11,完整,1.0,气柜） | 2 | 敞开面控 | 制风速小于 | 0.3m/s； | 0,,解析文本拼接_表格清洗增强_01_001-020.md,019_佛山市朗信塑料制品有限公司新建项目_01_受理公告或公示版
PL020,PL020_佛山市朗信塑料制品有限公司新建项目_01_受理公告或公示版.pdf,37,4,12,完整,1.0,敞开面小于1个操 | 作工位面 | 。,,解析文本拼接_表格清洗增强_01_001-020.md,019_佛山市朗信塑料制品有限公司新建项目_01_受理公告或公示版
PL020,PL020_佛山市朗信塑料制品有限公司新建项目_01_受理公告或公示版.pdf,37,4,13,部分,0.875,"包围型 | 通过软质垂帘四周 | 围挡（偶 | 敞
有 | 开面控制 | 风速不小于 | 0.3m/s； | 50","敞
有",解析文本拼接_表格清洗增强_01_001-020.md,019_佛山市朗信塑料制品有限公司新建项目_01_受理公告或公示版
PL020,PL020_佛山市朗信塑料制品有限公司新建项目_01_受理公告或公示版.pdf,37,4,14,完整,1.0,集气罩 | 部分敞开 | ） | 敞开面控 | 制风速小于 | 0.3m/s | 0,,解析文本拼接_表格清洗增强_01_001-020.md,019_佛山市朗信塑料制品有限公司新建项目_01_受理公告或公示版
PL020,PL020_佛山市朗信塑料制品有限公司新建项目_01_受理公告或公示版.pdf,37,4,15,完整,1.0,相 | 应工位所 | 有VOCs逸 | 散点控制风,,解析文本拼接_表格清洗增强_01_001-020.md,019_佛山市朗信塑料制品有限公司新建项目_01_受理公告或公示版
PL020,PL020_佛山市朗信塑料制品有限公司新建项目_01_受理公告或公示版.pdf,37,4,17,完整,1.0,速不 | 小于 | ； | 30,,解析文本拼接_表格清洗增强_01_001-020.md,019_佛山市朗信塑料制品有限公司新建项目_01_受理公告或公示版
PL020,PL020_佛山市朗信塑料制品有限公司新建项目_01_受理公告或公示版.pdf,37,4,18,完整,1.0,集气设 | 顶式集气罩、槽边 | 抽风、侧 | 式 | 0.3m/ | s,,解析文本拼接_表格清洗增强_01_001-020.md,019_佛山市朗信塑料制品有限公司新建项目_01_受理公告或公示版
PL020,PL020_佛山市朗信塑料制品有限公司新建项目_01_受理公告或公示版.pdf,37,4,19,完整,1.0,集气罩等 | 相 | 应工位所 | 有VOCs逸 | 散点控制风,,解析文本拼接_表格清洗增强_01_001-020.md,019_佛山市朗信塑料制品有限公司新建项目_01_受理公告或公示版
PL020,PL020_佛山市朗信塑料制品有限公司新建项目_01_受理公告或公示版.pdf,37,4,22,完整,1.0,速 | 小于0.3m | /s，或存在强 | 对流干扰。,,解析文本拼接_表格清洗增强_01_001-020.md,019_佛山市朗信塑料制品有限公司新建项目_01_受理公告或公示版
PL020,PL020_佛山市朗信塑料制品有限公司新建项目_01_受理公告或公示版.pdf,37,4,23,完整,1.0,无集气 | 1、 | 无集气设 | 施；2、集 | 气设施运行,,解析文本拼接_表格清洗增强_01_001-020.md,019_佛山市朗信塑料制品有限公司新建项目_01_受理公告或公示版
PL020,PL020_佛山市朗信塑料制品有限公司新建项目_01_受理公告或公示版.pdf,37,4,24,完整,1.0,设施 | / | 不正常 | 0,,解析文本拼接_表格清洗增强_01_001-020.md,019_佛山市朗信塑料制品有限公司新建项目_01_受理公告或公示版
PL020,PL020_佛山市朗信塑料制品有限公司新建项目_01_受理公告或公示版.pdf,37,4,26,完整,1.0,围 | 蔽形 | 成 | 相对密闭空间，集 | 气罩的 | 敞开面 | 控制风 | 速为 0.5m/ | s，集气罩 | （含 | 四周,,解析文本拼接_表格清洗增强_01_001-020.md,019_佛山市朗信塑料制品有限公司新建项目_01_受理公告或公示版
PL020,PL020_佛山市朗信塑料制品有限公司新建项目_01_受理公告或公示版.pdf,37,4,27,完整,1.0,胶 | 帘） | 收 | 集系统属于上表中 | 的包围 | 型集气 | 罩，集 | 气效率为5 | 0%。,,解析文本拼接_表格清洗增强_01_001-020.md,019_佛山市朗信塑料制品有限公司新建项目_01_受理公告或公示版
PL020,PL020_佛山市朗信塑料制品有限公司新建项目_01_受理公告或公示版.pdf,37,4,28,完整,1.0,根 | 据 | 《通风设计手册 | 》，在 | 设备污染 | 源排放 | 口上方设 | 置集气罩+ | 胶帘 | 围挡,,解析文本拼接_表格清洗增强_01_001-020.md,019_佛山市朗信塑料制品有限公司新建项目_01_受理公告或公示版
PL020,PL020_佛山市朗信塑料制品有限公司新建项目_01_受理公告或公示版.pdf,37,4,29,完整,1.0,收 | 集， | 根 | 据《通风设计手册 | 》，在 | 设备污 | 染源排 | 放口上方安 | 装集气罩 | ，采 | 用局,,解析文本拼接_表格清洗增强_01_001-020.md,019_佛山市朗信塑料制品有限公司新建项目_01_受理公告或公示版
PL020,PL020_佛山市朗信塑料制品有限公司新建项目_01_受理公告或公示版.pdf,37,4,31,完整,1.0,L= | 1.4 | *p*h*Vk*3600,,解析文本拼接_表格清洗增强_01_001-020.md,019_佛山市朗信塑料制品有限公司新建项目_01_受理公告或公示版
PL020,PL020_佛山市朗信塑料制品有限公司新建项目_01_受理公告或公示版.pdf,37,4,32,完整,1.0,p— | — | 污染源周长，m | ；,,解析文本拼接_表格清洗增强_01_001-020.md,019_佛山市朗信塑料制品有限公司新建项目_01_受理公告或公示版
PL020,PL020_佛山市朗信塑料制品有限公司新建项目_01_受理公告或公示版.pdf,37,4,33,完整,1.0,h— | — | 有害物至罩口的 | 距离， | m，距 | 离取 0.2 | m；,,解析文本拼接_表格清洗增强_01_001-020.md,019_佛山市朗信塑料制品有限公司新建项目_01_受理公告或公示版
PL020,PL020_佛山市朗信塑料制品有限公司新建项目_01_受理公告或公示版.pdf,37,4,34,完整,1.0,Vk | — | —罩口截面风速 | ，m/s， | 取0.4 | m/s。,,解析文本拼接_表格清洗增强_01_001-020.md,019_佛山市朗信塑料制品有限公司新建项目_01_受理公告或公示版
PL020,PL020_佛山市朗信塑料制品有限公司新建项目_01_受理公告或公示版.pdf,37,4,35,完整,1.0,表4- | 6 废气 | 收集系统 | 风量计 | 算结果表,,解析文本拼接_表格清洗增强_01_001-020.md,019_佛山市朗信塑料制品有限公司新建项目_01_受理公告或公示版
PL020,PL020_佛山市朗信塑料制品有限公司新建项目_01_受理公告或公示版.pdf,37,4,39,完整,1.0,产污 | 设备数 | 罩口周 | 生点至罩,,解析文本拼接_表格清洗增强_01_001-020.md,019_佛山市朗信塑料制品有限公司新建项目_01_受理公告或公示版
PL020,PL020_佛山市朗信塑料制品有限公司新建项目_01_受理公告或公示版.pdf,37,4,41,部分,0.75,设备 | 量（台） | 长（ ） | 口的距离,长（ ）,解析文本拼接_表格清洗增强_01_001-020.md,019_佛山市朗信塑料制品有限公司新建项目_01_受理公告或公示版
PL020,PL020_佛山市朗信塑料制品有限公司新建项目_01_受理公告或公示版.pdf,37,4,42,完整,1.0,（个） | m | （ 3 ） | （ | 3 ）,,解析文本拼接_表格清洗增强_01_001-020.md,019_佛山市朗信塑料制品有限公司新建项目_01_受理公告或公示版
PL020,PL020_佛山市朗信塑料制品有限公司新建项目_01_受理公告或公示版.pdf,37,4,45,完整,1.0,MK6.6-128T | 2 | 2 | 2.0 | 0.2 | 806.4 | 16 | 12.8,,解析文本拼接_表格清洗增强_01_001-020.md,019_佛山市朗信塑料制品有限公司新建项目_01_受理公告或公示版
PL020,PL020_佛山市朗信塑料制品有限公司新建项目_01_受理公告或公示版.pdf,37,4,46,完整,1.0,MK6.6-250T | 7 | 7 | 2.4 | 0.2 | 967.68 | 677 | 3.76,,解析文本拼接_表格清洗增强_01_001-020.md,019_佛山市朗信塑料制品有限公司新建项目_01_受理公告或公示版
PL020,PL020_佛山市朗信塑料制品有限公司新建项目_01_受理公告或公示版.pdf,37,4,47,完整,1.0,MK6.6-320T | 2 | 2 | 3.0 | 0.2 | 1209.6 | 24 | 19.2,,解析文本拼接_表格清洗增强_01_001-020.md,019_佛山市朗信塑料制品有限公司新建项目_01_受理公告或公示版
PL020,PL020_佛山市朗信塑料制品有限公司新建项目_01_受理公告或公示版.pdf,37,4,49,完整,1.0,机 | MK6.6-400T | 1 | 1 | 3.2 | 0.2 | 1290.24 | 129 | 0.24,,解析文本拼接_表格清洗增强_01_001-020.md,019_佛山市朗信塑料制品有限公司新建项目_01_受理公告或公示版
PL020,PL020_佛山市朗信塑料制品有限公司新建项目_01_受理公告或公示版.pdf,37,4,50,完整,1.0,YZ | 160S-ⅢS，160T | 4 | 4 | 2.0 | 0.2 | 806.4 | 32 | 25.6,,解析文本拼接_表格清洗增强_01_001-020.md,019_佛山市朗信塑料制品有限公司新建项目_01_受理公告或公示版
PL020,PL020_佛山市朗信塑料制品有限公司新建项目_01_受理公告或公示版.pdf,37,4,51,完整,1.0,U | J150CA，180T | 1 | 1 | 2.0 | 0.2 | 806.4 | 80 | 6.4,,解析文本拼接_表格清洗增强_01_001-020.md,019_佛山市朗信塑料制品有限公司新建项目_01_受理公告或公示版
PL020,PL020_佛山市朗信塑料制品有限公司新建项目_01_受理公告或公示版.pdf,37,4,52,完整,1.0,178T | 2 | 2 | 2.0 | 0.2 | 806.4 | 16 | 12.8,,解析文本拼接_表格清洗增强_01_001-020.md,019_佛山市朗信塑料制品有限公司新建项目_01_受理公告或公示版
PL020,PL020_佛山市朗信塑料制品有限公司新建项目_01_受理公告或公示版.pdf,38,2,1,完整,1.0,JM268-MK6.6/A，268T | 2 | 2 | 2.4 | 0.2 | 967.68 | 1935.36,,解析文本拼接_表格清洗增强_01_001-020.md,019_佛山市朗信塑料制品有限公司新建项目_01_受理公告或公示版
PL020,PL020_佛山市朗信塑料制品有限公司新建项目_01_受理公告或公示版.pdf,38,2,2,完整,1.0,合计 | 19696.16,,解析文本拼接_表格清洗增强_01_001-020.md,019_佛山市朗信塑料制品有限公司新建项目_01_受理公告或公示版
PL020,PL020_佛山市朗信塑料制品有限公司新建项目_01_受理公告或公示版.pdf,38,3,1,完整,1.0,"生产
区域 | 污染
源 | 污
染
物 | 产生
量 | 产生
速率 | 有组织 | 无组织",,解析文本拼接_表格清洗增强_01_001-020.md,019_佛山市朗信塑料制品有限公司新建项目_01_受理公告或公示版
PL020,PL020_佛山市朗信塑料制品有限公司新建项目_01_受理公告或公示版.pdf,38,3,3,完整,1.0,t/a | kg/h | t/a | % | mg/m3 | t/a | mg/m3 | kg/h | m3/h | t/a | kg/h,,解析文本拼接_表格清洗增强_01_001-020.md,019_佛山市朗信塑料制品有限公司新建项目_01_受理公告或公示版
PL020,PL020_佛山市朗信塑料制品有限公司新建项目_01_受理公告或公示版.pdf,38,3,4,完整,1.0,"破碎
区 | 破碎
工序 | 颗
粒
物 | 0.17 | 0.142 | / | / | / | / | / | / | / | 0.17 | 0.142",,解析文本拼接_表格清洗增强_01_001-020.md,019_佛山市朗信塑料制品有限公司新建项目_01_受理公告或公示版
PL020,PL020_佛山市朗信塑料制品有限公司新建项目_01_受理公告或公示版.pdf,38,3,5,完整,1.0,"混料
区 | 混料
工序 | 颗
粒
物 | 0.0014 | 0.0012 | / | / | / | / | / | / | / | 0.0014 | 0.0012",,解析文本拼接_表格清洗增强_01_001-020.md,019_佛山市朗信塑料制品有限公司新建项目_01_受理公告或公示版
PL020,PL020_佛山市朗信塑料制品有限公司新建项目_01_受理公告或公示版.pdf,38,3,6,完整,1.0,"注塑
区 | 注塑
工序 | 非
甲
烷
总
烃 | 1.134 | 0.158 | 0.567 | 50 | 3.15 | 0.284 | 1.58 | 0.039 | 25000 | 0.567 | 0.079",,解析文本拼接_表格清洗增强_01_001-020.md,019_佛山市朗信塑料制品有限公司新建项目_01_受理公告或公示版
PL020,PL020_佛山市朗信塑料制品有限公司新建项目_01_受理公告或公示版.pdf,38,4,1,完整,1.0,表4-7 | 废气 | 污染 | 物产生及 | 排放 | 情况一 | 览表,,解析文本拼接_表格清洗增强_01_001-020.md,019_佛山市朗信塑料制品有限公司新建项目_01_受理公告或公示版
PL020,PL020_佛山市朗信塑料制品有限公司新建项目_01_受理公告或公示版.pdf,38,4,4,完整,1.0,生产 | 污染 | 收集 | 收集 | 产生浓 | 排放 | 排放浓 | 排放速 | 排放 | 排放 | 排放,,解析文本拼接_表格清洗增强_01_001-020.md,019_佛山市朗信塑料制品有限公司新建项目_01_受理公告或公示版
PL020,PL020_佛山市朗信塑料制品有限公司新建项目_01_受理公告或公示版.pdf,38,4,9,完整,1.0,t/a | kg/h | t/a | % | mg/m3 | t/a | mg/m3 | kg/h | m3/h | t/a | kg/h,,解析文本拼接_表格清洗增强_01_001-020.md,019_佛山市朗信塑料制品有限公司新建项目_01_受理公告或公示版
PL020,PL020_佛山市朗信塑料制品有限公司新建项目_01_受理公告或公示版.pdf,38,4,13,完整,1.0,区 | 工序 | 0.17 | 0.142 | / | / | / | / | / | / | / | 0.17 | 0.142,,解析文本拼接_表格清洗增强_01_001-020.md,019_佛山市朗信塑料制品有限公司新建项目_01_受理公告或公示版
PL020,PL020_佛山市朗信塑料制品有限公司新建项目_01_受理公告或公示版.pdf,38,4,18,完整,1.0,0 | .0014 | 0.0012 | / | / | / | / | / | / | / 0 | .00140 | .0012,,解析文本拼接_表格清洗增强_01_001-020.md,019_佛山市朗信塑料制品有限公司新建项目_01_受理公告或公示版
PL020,PL020_佛山市朗信塑料制品有限公司新建项目_01_受理公告或公示版.pdf,38,4,25,完整,1.0,区 | 工序 | 1.134 | 0.158 | 0.567 | 50 | 3.15 | 0.284 | 1.58 | 0.039 | 25000 | 0.567 | 0.079,,解析文本拼接_表格清洗增强_01_001-020.md,019_佛山市朗信塑料制品有限公司新建项目_01_受理公告或公示版
PL020,PL020_佛山市朗信塑料制品有限公司新建项目_01_受理公告或公示版.pdf,38,4,28,完整,1.0,备 | 注：混 | 料， | 破碎 | 工序年 | 工作时 | 间为 | 1200h | ，注塑 | 工序年 | 生产时间 | 为720 | 0h。,,解析文本拼接_表格清洗增强_01_001-020.md,019_佛山市朗信塑料制品有限公司新建项目_01_受理公告或公示版
PL020,PL020_佛山市朗信塑料制品有限公司新建项目_01_受理公告或公示版.pdf,38,4,29,完整,1.0,2 | 、废气 | 治 | 理设 | 施可行 | 性分 | 析,,解析文本拼接_表格清洗增强_01_001-020.md,019_佛山市朗信塑料制品有限公司新建项目_01_受理公告或公示版
PL020,PL020_佛山市朗信塑料制品有限公司新建项目_01_受理公告或公示版.pdf,38,4,33,完整,1.0,本 | 项目 | 注塑 | 工序 | 产生 | 的有机 | 废气 | （非甲 | 烷总 | 烃）和 | 恶臭气 | 体经 | 包围型 | 集气,,解析文本拼接_表格清洗增强_01_001-020.md,019_佛山市朗信塑料制品有限公司新建项目_01_受理公告或公示版
PL020,PL020_佛山市朗信塑料制品有限公司新建项目_01_受理公告或公示版.pdf,38,4,34,完整,1.0,罩收 | 集 | 后通 | 过“ | 活性 | 炭吸 | 附”装 | 置处 | 理后 | 引至楼 | 顶 40 | m 排气 | 筒 DA | 001 高 | 空排,,解析文本拼接_表格清洗增强_01_001-020.md,019_佛山市朗信塑料制品有限公司新建项目_01_受理公告或公示版
PL020,PL020_佛山市朗信塑料制品有限公司新建项目_01_受理公告或公示版.pdf,38,4,36,完整,1.0,122 | -2 | 020） | ，活 | 性炭 | 吸附 | 装置 | 属于 | 有机废 | 气的 | 可行性 | 处理技 | 术。,,解析文本拼接_表格清洗增强_01_001-020.md,019_佛山市朗信塑料制品有限公司新建项目_01_受理公告或公示版
PL020,PL020_佛山市朗信塑料制品有限公司新建项目_01_受理公告或公示版.pdf,38,4,37,完整,1.0,活 | 性炭 | 吸附 | ：当 | 气体分 | 子运 | 动到 | 固体表 | 面时 | ，由于 | 气体分 | 子与 | 固体表 | 面分,,解析文本拼接_表格清洗增强_01_001-020.md,019_佛山市朗信塑料制品有限公司新建项目_01_受理公告或公示版
PL020,PL020_佛山市朗信塑料制品有限公司新建项目_01_受理公告或公示版.pdf,41,1,1,完整,1.0,"运营
期环
境影
响和
保护
措施 | 二、废水
表4-8 废水污染物排放情况一览表",,解析文本拼接_表格清洗增强_01_001-020.md,019_佛山市朗信塑料制品有限公司新建项目_01_受理公告或公示版
PL020,PL020_佛山市朗信塑料制品有限公司新建项目_01_受理公告或公示版.pdf,41,1,2,完整,1.0,"产排
污环
节 | 污染源 | 污染物 | 污染物产生 | 治理措施 | 污染物排放 | 排放形
式",,解析文本拼接_表格清洗增强_01_001-020.md,019_佛山市朗信塑料制品有限公司新建项目_01_受理公告或公示版
PL020,PL020_佛山市朗信塑料制品有限公司新建项目_01_受理公告或公示版.pdf,41,1,3,完整,1.0,"废水产
生量
（t/a） | 产生浓度
（mg/L） | 产生量
（t/a） | 处理能
力 | 治理工
艺 | 工艺治
理效率
（%） | 是否可
行技术 | 废水排
放量
（t/a） | 排放浓度
（mg/L） | 排放量
（t/a）",,解析文本拼接_表格清洗增强_01_001-020.md,019_佛山市朗信塑料制品有限公司新建项目_01_受理公告或公示版
PL020,PL020_佛山市朗信塑料制品有限公司新建项目_01_受理公告或公示版.pdf,41,1,4,完整,1.0,"生活
办公 | 生活废
水 | COD
Cr | 288 | 250 | 0.072 | / | 化粪池 | 8 | 是 | 288 | 230 | 0.066 | 间接排
放",,解析文本拼接_表格清洗增强_01_001-020.md,019_佛山市朗信塑料制品有限公司新建项目_01_受理公告或公示版
PL020,PL020_佛山市朗信塑料制品有限公司新建项目_01_受理公告或公示版.pdf,41,1,5,完整,1.0,"BOD
5 | 150 | 0.043 | 13 | 130 | 0.037",,解析文本拼接_表格清洗增强_01_001-020.md,019_佛山市朗信塑料制品有限公司新建项目_01_受理公告或公示版
PL020,PL020_佛山市朗信塑料制品有限公司新建项目_01_受理公告或公示版.pdf,41,1,6,完整,1.0,SS | 150 | 0.043 | 20 | 120 | 0.035,,解析文本拼接_表格清洗增强_01_001-020.md,019_佛山市朗信塑料制品有限公司新建项目_01_受理公告或公示版
PL020,PL020_佛山市朗信塑料制品有限公司新建项目_01_受理公告或公示版.pdf,41,1,7,完整,1.0,氨氮 | 30 | 0.009 | 0 | 30 | 0.009,,解析文本拼接_表格清洗增强_01_001-020.md,019_佛山市朗信塑料制品有限公司新建项目_01_受理公告或公示版
PL020,PL020_佛山市朗信塑料制品有限公司新建项目_01_受理公告或公示版.pdf,41,2,1,完整,1.0,"排放口编
号 | 排放口类
型 | 排放口地理坐标 | 废水排放
量（万t/a） | 排放去向 | 排放规律 | 排放标准",,解析文本拼接_表格清洗增强_01_001-020.md,019_佛山市朗信塑料制品有限公司新建项目_01_受理公告或公示版
PL020,PL020_佛山市朗信塑料制品有限公司新建项目_01_受理公告或公示版.pdf,41,2,3,完整,1.0,"DW001 | 一般排放
口 | 113.169626° | 22.851260° | 0.0288 | 勒流污水处
理厂 | 间断排放，排放期
间流量不稳定且无
规律，但不属于冲
击型排放 | 《水污染物排放限值》
（DB44/26-2001）中第二
时段三级标准",,解析文本拼接_表格清洗增强_01_001-020.md,019_佛山市朗信塑料制品有限公司新建项目_01_受理公告或公示版
PL020,PL020_佛山市朗信塑料制品有限公司新建项目_01_受理公告或公示版.pdf,41,3,3,完整,1.0,废水产 | 工艺治 | 废水排,,解析文本拼接_表格清洗增强_01_001-020.md,019_佛山市朗信塑料制品有限公司新建项目_01_受理公告或公示版
PL020,PL020_佛山市朗信塑料制品有限公司新建项目_01_受理公告或公示版.pdf,41,3,4,疑似缺失,0.667,污环 污染 | 源 | 污染物,污环 污染,解析文本拼接_表格清洗增强_01_001-020.md,019_佛山市朗信塑料制品有限公司新建项目_01_受理公告或公示版
PL020,PL020_佛山市朗信塑料制品有限公司新建项目_01_受理公告或公示版.pdf,41,3,12,完整,1.0,"COD
Cr | 250 | 0.072 | 8 | 2 | 30 | 0.066",,解析文本拼接_表格清洗增强_01_001-020.md,019_佛山市朗信塑料制品有限公司新建项目_01_受理公告或公示版
PL020,PL020_佛山市朗信塑料制品有限公司新建项目_01_受理公告或公示版.pdf,41,3,13,完整,1.0,"生活 生活 | 废 | BOD
5 | 150 | 0.043 | 13 | 1 | 30 | 0.037 | 间接排",,解析文本拼接_表格清洗增强_01_001-020.md,019_佛山市朗信塑料制品有限公司新建项目_01_受理公告或公示版
PL020,PL020_佛山市朗信塑料制品有限公司新建项目_01_受理公告或公示版.pdf,41,3,15,完整,1.0,288 | / | 288,,解析文本拼接_表格清洗增强_01_001-020.md,019_佛山市朗信塑料制品有限公司新建项目_01_受理公告或公示版
PL020,PL020_佛山市朗信塑料制品有限公司新建项目_01_受理公告或公示版.pdf,41,3,16,部分,0.889,办公 水 | SS | 150 | 0.043 | 20 | 1 | 20 | 0.035 | 放,办公 水,解析文本拼接_表格清洗增强_01_001-020.md,019_佛山市朗信塑料制品有限公司新建项目_01_受理公告或公示版
PL020,PL020_佛山市朗信塑料制品有限公司新建项目_01_受理公告或公示版.pdf,41,3,17,完整,1.0,氨氮 | 30 | 0.009 | 0 | 3 | 0 | 0.009,,解析文本拼接_表格清洗增强_01_001-020.md,019_佛山市朗信塑料制品有限公司新建项目_01_受理公告或公示版
PL020,PL020_佛山市朗信塑料制品有限公司新建项目_01_受理公告或公示版.pdf,41,3,18,部分,0.933,"运营
备 | 注：根据《排 | 污许 | 可证申请 | 与核发规 | 范 橡胶和塑 | 料制品工业》（ | HJ1122-2020 | ） | ，化粪池 | 属 | 于生活污 | 水治理可 | 行技 | 术。","运营
备",解析文本拼接_表格清洗增强_01_001-020.md,019_佛山市朗信塑料制品有限公司新建项目_01_受理公告或公示版
PL020,PL020_佛山市朗信塑料制品有限公司新建项目_01_受理公告或公示版.pdf,41,3,20,完整,1.0,境影 | 表4-9 废水 | 排放口基本情 | 况 | 一览表,,解析文本拼接_表格清洗增强_01_001-020.md,019_佛山市朗信塑料制品有限公司新建项目_01_受理公告或公示版
PL020,PL020_佛山市朗信塑料制品有限公司新建项目_01_受理公告或公示版.pdf,41,3,21,完整,1.0,响和 | 排放口编 | 排放 | 口类 | 排放口地理坐 | 标 | 废水排放,,解析文本拼接_表格清洗增强_01_001-020.md,019_佛山市朗信塑料制品有限公司新建项目_01_受理公告或公示版
PL020,PL020_佛山市朗信塑料制品有限公司新建项目_01_受理公告或公示版.pdf,41,3,22,完整,1.0,保护 | 排放去向 | 排 | 放规律 | 排放标准,,解析文本拼接_表格清洗增强_01_001-020.md,019_佛山市朗信塑料制品有限公司新建项目_01_受理公告或公示版
PL020,PL020_佛山市朗信塑料制品有限公司新建项目_01_受理公告或公示版.pdf,41,3,26,完整,1.0,《水污 | 染物排放限 | 值》,,解析文本拼接_表格清洗增强_01_001-020.md,019_佛山市朗信塑料制品有限公司新建项目_01_受理公告或公示版
PL020,PL020_佛山市朗信塑料制品有限公司新建项目_01_受理公告或公示版.pdf,41,3,29,完整,1.0,DW001 | 口 | 113.16962 | 6 2 | 2.851260 | 0.0288 | 理厂 | 规律， | 但不属于 | 冲 | DB44/ | 26-2001,,解析文本拼接_表格清洗增强_01_001-020.md,019_佛山市朗信塑料制品有限公司新建项目_01_受理公告或公示版
PL020,PL020_佛山市朗信塑料制品有限公司新建项目_01_受理公告或公示版.pdf,41,3,30,完整,1.0,时 | 段三级标准,,解析文本拼接_表格清洗增强_01_001-020.md,019_佛山市朗信塑料制品有限公司新建项目_01_受理公告或公示版
PL020,PL020_佛山市朗信塑料制品有限公司新建项目_01_受理公告或公示版.pdf,42,1,1,完整,1.0,"运营
期环
境影
响和
保护
措施 | 本项目水污染物监测计划如下：
根据《排污单位自行监测技术指南 橡胶和塑料制品》（HJ1207-2021）表2
塑料制品工业排污单位废水排放监测点位、监测指标及最低监测频次，制定本
项目水污染物监测计划如下：
表4-10 废水监测计划一览表",,解析文本拼接_表格清洗增强_01_001-020.md,019_佛山市朗信塑料制品有限公司新建项目_01_受理公告或公示版
PL020,PL020_佛山市朗信塑料制品有限公司新建项目_01_受理公告或公示版.pdf,42,1,2,完整,1.0,监测点位 | 监测指标 | 监测频次 | 执行标准,,解析文本拼接_表格清洗增强_01_001-020.md,019_佛山市朗信塑料制品有限公司新建项目_01_受理公告或公示版
PL020,PL020_佛山市朗信塑料制品有限公司新建项目_01_受理公告或公示版.pdf,42,1,3,疑似缺失,0.6,"DW001生活
污水排放口 | 流量、pH值、COD 、
Cr
BOD 、SS、氨氮
5 | / | 《水污染物排放限值》（DB44/26-2001
中第二时段三级标准 | ）","流量、pH值、COD 、
Cr
BOD 、SS、氨氮
5；《水污染物排放限值》（DB44/26-2001
中第二时段三级标准",解析文本拼接_表格清洗增强_01_001-020.md,019_佛山市朗信塑料制品有限公司新建项目_01_受理公告或公示版
PL020,PL020_佛山市朗信塑料制品有限公司新建项目_01_受理公告或公示版.pdf,42,2,1,部分,0.8,"污染物 | COD
Cr | BOD
5 | NH -N
3 | SS","NH -N
3",解析文本拼接_表格清洗增强_01_001-020.md,019_佛山市朗信塑料制品有限公司新建项目_01_受理公告或公示版
PL020,PL020_佛山市朗信塑料制品有限公司新建项目_01_受理公告或公示版.pdf,42,2,2,完整,1.0,产生浓度（mg/L） | 250 | 150 | 30 | 150,,解析文本拼接_表格清洗增强_01_001-020.md,019_佛山市朗信塑料制品有限公司新建项目_01_受理公告或公示版
PL020,PL020_佛山市朗信塑料制品有限公司新建项目_01_受理公告或公示版.pdf,42,2,3,完整,1.0,年产生量（t） | 0.072 | 0.043 | 0.009 | 0.043,,解析文本拼接_表格清洗增强_01_001-020.md,019_佛山市朗信塑料制品有限公司新建项目_01_受理公告或公示版
PL020,PL020_佛山市朗信塑料制品有限公司新建项目_01_受理公告或公示版.pdf,42,2,4,完整,1.0,"三级化粪池预处
理后 | 排放浓度（mg/L） | 230 | 130 | 30 | 120",,解析文本拼接_表格清洗增强_01_001-020.md,019_佛山市朗信塑料制品有限公司新建项目_01_受理公告或公示版
PL020,PL020_佛山市朗信塑料制品有限公司新建项目_01_受理公告或公示版.pdf,42,2,5,完整,1.0,年产生量（t/a） | 0.066 | 0.037 | 0.009 | 0.035,,解析文本拼接_表格清洗增强_01_001-020.md,019_佛山市朗信塑料制品有限公司新建项目_01_受理公告或公示版
PL020,PL020_佛山市朗信塑料制品有限公司新建项目_01_受理公告或公示版.pdf,42,2,6,完整,1.0,纳管排放执行标准（mg/L） | ≤500 | ≤300 | -- | ≤400,,解析文本拼接_表格清洗增强_01_001-020.md,019_佛山市朗信塑料制品有限公司新建项目_01_受理公告或公示版
PL020,PL020_佛山市朗信塑料制品有限公司新建项目_01_受理公告或公示版.pdf,42,2,7,完整,1.0,勒流污水处理厂 | 排放浓度（mg/L） | 40 | 10 | 5 | 10,,解析文本拼接_表格清洗增强_01_001-020.md,019_佛山市朗信塑料制品有限公司新建项目_01_受理公告或公示版
PL020,PL020_佛山市朗信塑料制品有限公司新建项目_01_受理公告或公示版.pdf,42,2,8,完整,1.0,年排放量（t） | 0.012 | 0.003 | 0.001 | 0.003,,解析文本拼接_表格清洗增强_01_001-020.md,019_佛山市朗信塑料制品有限公司新建项目_01_受理公告或公示版
PL020,PL020_佛山市朗信塑料制品有限公司新建项目_01_受理公告或公示版.pdf,42,3,14,完整,1.0,运营 | 为288m3/a，生活污水污染物产排情况详见下表。,,解析文本拼接_表格清洗增强_01_001-020.md,019_佛山市朗信塑料制品有限公司新建项目_01_受理公告或公示版
PL020,PL020_佛山市朗信塑料制品有限公司新建项目_01_受理公告或公示版.pdf,42,3,16,完整,1.0,境影 | 表4-11 本项目生活污水主要污染物产排情况一览表,,解析文本拼接_表格清洗增强_01_001-020.md,019_佛山市朗信塑料制品有限公司新建项目_01_受理公告或公示版
PL020,PL020_佛山市朗信塑料制品有限公司新建项目_01_受理公告或公示版.pdf,42,3,19,完整,1.0,保护 | 产生浓度（mg/L） 250 150 30 150,,解析文本拼接_表格清洗增强_01_001-020.md,019_佛山市朗信塑料制品有限公司新建项目_01_受理公告或公示版
PL020,PL020_佛山市朗信塑料制品有限公司新建项目_01_受理公告或公示版.pdf,43,2,1,完整,1.0,"声源 | 噪声产生情况 | 持续时
间
（h/d）",,解析文本拼接_表格清洗增强_01_001-020.md,019_佛山市朗信塑料制品有限公司新建项目_01_受理公告或公示版
PL020,PL020_佛山市朗信塑料制品有限公司新建项目_01_受理公告或公示版.pdf,43,2,2,完整,1.0,"单台设备外
1m处声源产
生强度dB（A） | 数量
（台/条） | 降噪措施 | 排放强度dB
（A）",,解析文本拼接_表格清洗增强_01_001-020.md,019_佛山市朗信塑料制品有限公司新建项目_01_受理公告或公示版
PL020,PL020_佛山市朗信塑料制品有限公司新建项目_01_受理公告或公示版.pdf,43,2,3,完整,1.0,"注塑机 | 85 | 21 | 基础减振、墙体
隔声 | 65 | 24",,解析文本拼接_表格清洗增强_01_001-020.md,019_佛山市朗信塑料制品有限公司新建项目_01_受理公告或公示版
PL020,PL020_佛山市朗信塑料制品有限公司新建项目_01_受理公告或公示版.pdf,43,2,4,完整,1.0,破碎机 | 85 | 4 | 65 | 4,,解析文本拼接_表格清洗增强_01_001-020.md,019_佛山市朗信塑料制品有限公司新建项目_01_受理公告或公示版
PL020,PL020_佛山市朗信塑料制品有限公司新建项目_01_受理公告或公示版.pdf,43,2,5,完整,1.0,混料机 | 80 | 4 | 60 | 4,,解析文本拼接_表格清洗增强_01_001-020.md,019_佛山市朗信塑料制品有限公司新建项目_01_受理公告或公示版
PL020,PL020_佛山市朗信塑料制品有限公司新建项目_01_受理公告或公示版.pdf,43,2,6,完整,1.0,冷水机 | 80 | 1 | 60 | 24,,解析文本拼接_表格清洗增强_01_001-020.md,019_佛山市朗信塑料制品有限公司新建项目_01_受理公告或公示版
PL020,PL020_佛山市朗信塑料制品有限公司新建项目_01_受理公告或公示版.pdf,43,2,7,完整,1.0,模温机 | 80 | 10 | 60 | 24,,解析文本拼接_表格清洗增强_01_001-020.md,019_佛山市朗信塑料制品有限公司新建项目_01_受理公告或公示版
PL020,PL020_佛山市朗信塑料制品有限公司新建项目_01_受理公告或公示版.pdf,43,2,8,完整,1.0,温控机 | 80 | 10 | 60 | 24,,解析文本拼接_表格清洗增强_01_001-020.md,019_佛山市朗信塑料制品有限公司新建项目_01_受理公告或公示版
PL020,PL020_佛山市朗信塑料制品有限公司新建项目_01_受理公告或公示版.pdf,43,2,9,完整,1.0,冷却塔 | 80 | 1 | 60 | 24,,解析文本拼接_表格清洗增强_01_001-020.md,019_佛山市朗信塑料制品有限公司新建项目_01_受理公告或公示版
PL020,PL020_佛山市朗信塑料制品有限公司新建项目_01_受理公告或公示版.pdf,43,2,10,完整,1.0,"空压机 | 90 | 1 | 墙体隔声+消声
器 | 60 | 24",,解析文本拼接_表格清洗增强_01_001-020.md,019_佛山市朗信塑料制品有限公司新建项目_01_受理公告或公示版
PL020,PL020_佛山市朗信塑料制品有限公司新建项目_01_受理公告或公示版.pdf,43,2,11,完整,1.0,"废气治理设施
的风机 | 85 | 1 | 55 | 24",,解析文本拼接_表格清洗增强_01_001-020.md,019_佛山市朗信塑料制品有限公司新建项目_01_受理公告或公示版
PL020,PL020_佛山市朗信塑料制品有限公司新建项目_01_受理公告或公示版.pdf,44,2,1,完整,1.0,监测点位 | 监测指标 | 监测频次 | 执行标准,,解析文本拼接_表格清洗增强_01_001-020.md,019_佛山市朗信塑料制品有限公司新建项目_01_受理公告或公示版
PL020,PL020_佛山市朗信塑料制品有限公司新建项目_01_受理公告或公示版.pdf,44,2,2,完整,1.0,"东面厂界外1m处 | 等效连续A声级 | 1季度/次 | 《工业企业厂界环境噪声排放标
准》（GB12348-2008）3类标准",,解析文本拼接_表格清洗增强_01_001-020.md,019_佛山市朗信塑料制品有限公司新建项目_01_受理公告或公示版
PL020,PL020_佛山市朗信塑料制品有限公司新建项目_01_受理公告或公示版.pdf,44,3,1,完整,1.0,"序
号 | 产生环节 | 废物名
称 | 固废属
性 | 固废代码 | 物理性
状 | 产生
量
（t/a） | 贮存处置方式",,解析文本拼接_表格清洗增强_01_001-020.md,019_佛山市朗信塑料制品有限公司新建项目_01_受理公告或公示版
PL020,PL020_佛山市朗信塑料制品有限公司新建项目_01_受理公告或公示版.pdf,44,3,2,完整,1.0,"1 | 员工生活 | 生活垃
圾 | 生活垃
圾 | / | 固态 | 4.8 | 桶装，交由环
卫部门处理",,解析文本拼接_表格清洗增强_01_001-020.md,019_佛山市朗信塑料制品有限公司新建项目_01_受理公告或公示版
PL020,PL020_佛山市朗信塑料制品有限公司新建项目_01_受理公告或公示版.pdf,44,3,3,完整,1.0,"2 | 原料使用、
包装过程 | 一般废
包装材
料 | 一般固
体废物 | 900-099-S59 | 固态 | 3.3762 | 捆扎，整齐堆
放，交相应回
收单位回收处
理",,解析文本拼接_表格清洗增强_01_001-020.md,019_佛山市朗信塑料制品有限公司新建项目_01_受理公告或公示版
PL020,PL020_佛山市朗信塑料制品有限公司新建项目_01_受理公告或公示版.pdf,44,4,1,完整,1.0,"序
号 | 危险废
物名称 | 危险
废物
类别 | 危险
废物
代码 | 产生
量
（t/a） | 产生
工序
及装
置 | 形
态 | 主要
成分 | 有害
成分 | 产
废
周
期 | 危
险
特
性 | 污染防
治措施",,解析文本拼接_表格清洗增强_01_001-020.md,019_佛山市朗信塑料制品有限公司新建项目_01_受理公告或公示版
PL020,PL020_佛山市朗信塑料制品有限公司新建项目_01_受理公告或公示版.pdf,44,4,2,完整,1.0,"1 | 废机油 | HW08 | 900-2
14-08 | 0.2 | 设备
维修 | 液
态 | 矿物
油 | 矿物
油 | 半
年 | T,I | 分类分
区收集，
暂存于
危废暂
存间，交
由有资
质的危
废单位
处理",,解析文本拼接_表格清洗增强_01_001-020.md,019_佛山市朗信塑料制品有限公司新建项目_01_受理公告或公示版
PL020,PL020_佛山市朗信塑料制品有限公司新建项目_01_受理公告或公示版.pdf,44,4,3,完整,1.0,"2 | 含油废
抹布 | HW49 | 900-0
41-49 | 0.01 | 设备
维修 | 固
态 | 纤
维、
矿物
油 | 矿物
油 | 1
个
月 | T/In",,解析文本拼接_表格清洗增强_01_001-020.md,019_佛山市朗信塑料制品有限公司新建项目_01_受理公告或公示版
PL020,PL020_佛山市朗信塑料制品有限公司新建项目_01_受理公告或公示版.pdf,44,4,4,完整,1.0,"3 | 废油桶 | HW08 | 900-2
49-08 | 0.032 | 设备
维修 | 固
态 | 铁、
矿物
油 | 矿物
油 | 半
年 | T,I",,解析文本拼接_表格清洗增强_01_001-020.md,019_佛山市朗信塑料制品有限公司新建项目_01_受理公告或公示版
PL020,PL020_佛山市朗信塑料制品有限公司新建项目_01_受理公告或公示版.pdf,44,4,5,完整,1.0,"4 | 废活性
炭 | HW49 | 900-0
39-49 | 6.043 | 废气
治理 | 固
态 | 活性
炭、 | 挥发
性有 | 3
个 | T",,解析文本拼接_表格清洗增强_01_001-020.md,019_佛山市朗信塑料制品有限公司新建项目_01_受理公告或公示版
PL020,PL020_佛山市朗信塑料制品有限公司新建项目_01_受理公告或公示版.pdf,44,5,1,完整,1.0,备 | 注： | 降噪措施 | 中 | “厂房 | 隔声 | ”和 | “消声 | 器”的降噪水平为 1 | 0dB( | A)~20d | B(A) | ，本项目取,,解析文本拼接_表格清洗增强_01_001-020.md,019_佛山市朗信塑料制品有限公司新建项目_01_受理公告或公示版
PL020,PL020_佛山市朗信塑料制品有限公司新建项目_01_受理公告或公示版.pdf,44,5,2,完整,1.0,2 | 0dB(A | )，“厂房 | 隔声 | +消 | 声器” | 的降 | 噪水平 | 取30dB(A)。,,解析文本拼接_表格清洗增强_01_001-020.md,019_佛山市朗信塑料制品有限公司新建项目_01_受理公告或公示版
PL020,PL020_佛山市朗信塑料制品有限公司新建项目_01_受理公告或公示版.pdf,44,5,3,完整,1.0,本项目拟 | 采 | 取控 | 制噪 | 声 | 源强和 | 隔断噪声传播途径 | 相结 | 合的方 | 法 | ，以控制噪,,解析文本拼接_表格清洗增强_01_001-020.md,019_佛山市朗信塑料制品有限公司新建项目_01_受理公告或公示版
PL020,PL020_佛山市朗信塑料制品有限公司新建项目_01_受理公告或公示版.pdf,44,5,4,完整,1.0,声 | 对厂 | 界外声 | 环境 | 的影 | 响， | 经 | 上述措 | 施处理后，本项目 | 厂界 | 噪声排 | 放 | 可达到《工,,解析文本拼接_表格清洗增强_01_001-020.md,019_佛山市朗信塑料制品有限公司新建项目_01_受理公告或公示版
PL020,PL020_佛山市朗信塑料制品有限公司新建项目_01_受理公告或公示版.pdf,44,5,5,完整,1.0,业 | 企 | 业厂界环 | 境 | 噪声 | 排放 | 标 | 准》（ | GB12348-2008） | 中的 | 3 类 | 标准 | ，即昼间,,解析文本拼接_表格清洗增强_01_001-020.md,019_佛山市朗信塑料制品有限公司新建项目_01_受理公告或公示版
PL020,PL020_佛山市朗信塑料制品有限公司新建项目_01_受理公告或公示版.pdf,44,5,6,完整,1.0,≤ | 65dB | (A)，夜 | 间≤ | 55dB | (A)。 | 项 | 目选址 | 位于工业区内， | 周边 | 50米范 | 围无 | 噪声敏感,,解析文本拼接_表格清洗增强_01_001-020.md,019_佛山市朗信塑料制品有限公司新建项目_01_受理公告或公示版
PL020,PL020_佛山市朗信塑料制品有限公司新建项目_01_受理公告或公示版.pdf,44,5,7,完整,1.0,点 | ，营 | 运噪声 | 对周 | 围声 | 环境 | 影 | 响较小 | 。,,解析文本拼接_表格清洗增强_01_001-020.md,019_佛山市朗信塑料制品有限公司新建项目_01_受理公告或公示版
PL020,PL020_佛山市朗信塑料制品有限公司新建项目_01_受理公告或公示版.pdf,44,5,8,完整,1.0,表 | 4-14 | 噪声监测计划表,,解析文本拼接_表格清洗增强_01_001-020.md,019_佛山市朗信塑料制品有限公司新建项目_01_受理公告或公示版
PL020,PL020_佛山市朗信塑料制品有限公司新建项目_01_受理公告或公示版.pdf,44,5,9,完整,1.0,监测点位 | 监 | 测指 | 标 | 监测频次 | 执行标 | 准,,解析文本拼接_表格清洗增强_01_001-020.md,019_佛山市朗信塑料制品有限公司新建项目_01_受理公告或公示版
PL020,PL020_佛山市朗信塑料制品有限公司新建项目_01_受理公告或公示版.pdf,44,5,10,完整,1.0,东面 | 厂界外1m | 处,,解析文本拼接_表格清洗增强_01_001-020.md,019_佛山市朗信塑料制品有限公司新建项目_01_受理公告或公示版
PL020,PL020_佛山市朗信塑料制品有限公司新建项目_01_受理公告或公示版.pdf,44,5,11,完整,1.0,《工 | 业企 | 业厂界环 | 境噪 | 声排放标,,解析文本拼接_表格清洗增强_01_001-020.md,019_佛山市朗信塑料制品有限公司新建项目_01_受理公告或公示版
PL020,PL020_佛山市朗信塑料制品有限公司新建项目_01_受理公告或公示版.pdf,44,5,13,疑似缺失,0.6,"1m | A | 1 /
准》 | （ | ） 类标准","1 /
准》；） 类标准",解析文本拼接_表格清洗增强_01_001-020.md,019_佛山市朗信塑料制品有限公司新建项目_01_受理公告或公示版
PL020,PL020_佛山市朗信塑料制品有限公司新建项目_01_受理公告或公示版.pdf,44,5,14,完整,1.0,GB | 12348-2 | 008 | 3,,解析文本拼接_表格清洗增强_01_001-020.md,019_佛山市朗信塑料制品有限公司新建项目_01_受理公告或公示版
PL020,PL020_佛山市朗信塑料制品有限公司新建项目_01_受理公告或公示版.pdf,44,5,15,完整,1.0,北面 | 厂界外1m | 处,,解析文本拼接_表格清洗增强_01_001-020.md,019_佛山市朗信塑料制品有限公司新建项目_01_受理公告或公示版
PL020,PL020_佛山市朗信塑料制品有限公司新建项目_01_受理公告或公示版.pdf,44,5,16,完整,1.0,备注 | ：根据《排 | 污 | 单位自 | 行监 | 测 | 技术指南 | 总则》（HJ819-2 | 017） | 中的 5 | .4.2 | 监测频次，,,解析文本拼接_表格清洗增强_01_001-020.md,019_佛山市朗信塑料制品有限公司新建项目_01_受理公告或公示版
PL020,PL020_佛山市朗信塑料制品有限公司新建项目_01_受理公告或公示版.pdf,44,5,17,完整,1.0,厂界 | 环境噪声每 | 季 | 度至少 | 开展 | 一 | 次监测。 | 南面与邻厂共墙， | 无法 | 布设噪声 | 监测 | 点。,,解析文本拼接_表格清洗增强_01_001-020.md,019_佛山市朗信塑料制品有限公司新建项目_01_受理公告或公示版
PL020,PL020_佛山市朗信塑料制品有限公司新建项目_01_受理公告或公示版.pdf,44,5,20,完整,1.0,表4 | -15 一 | 般固体废物一览表,,解析文本拼接_表格清洗增强_01_001-020.md,019_佛山市朗信塑料制品有限公司新建项目_01_受理公告或公示版
PL020,PL020_佛山市朗信塑料制品有限公司新建项目_01_受理公告或公示版.pdf,44,5,22,完整,1.0,序 | 废物 | 名 | 固 | 废属 | 物理 | 性,,解析文本拼接_表格清洗增强_01_001-020.md,019_佛山市朗信塑料制品有限公司新建项目_01_受理公告或公示版
PL020,PL020_佛山市朗信塑料制品有限公司新建项目_01_受理公告或公示版.pdf,44,5,23,完整,1.0,产生环节 | 固废代码 | 量 | 贮存 | 处置方式,,解析文本拼接_表格清洗增强_01_001-020.md,019_佛山市朗信塑料制品有限公司新建项目_01_受理公告或公示版
PL020,PL020_佛山市朗信塑料制品有限公司新建项目_01_受理公告或公示版.pdf,44,5,34,完整,1.0,2 | 900-099-S59 | 3.3762,,解析文本拼接_表格清洗增强_01_001-020.md,019_佛山市朗信塑料制品有限公司新建项目_01_受理公告或公示版
PL020,PL020_佛山市朗信塑料制品有限公司新建项目_01_受理公告或公示版.pdf,44,5,38,完整,1.0,表 | 4-16 | 危险废物一览表,,解析文本拼接_表格清洗增强_01_001-020.md,019_佛山市朗信塑料制品有限公司新建项目_01_受理公告或公示版
PL020,PL020_佛山市朗信塑料制品有限公司新建项目_01_受理公告或公示版.pdf,44,5,41,部分,0.857,序 | 危险废 | 工序 形 主要 | 有害 | 废 | 险 | 污染防,工序 形 主要,解析文本拼接_表格清洗增强_01_001-020.md,019_佛山市朗信塑料制品有限公司新建项目_01_受理公告或公示版
PL020,PL020_佛山市朗信塑料制品有限公司新建项目_01_受理公告或公示版.pdf,44,5,46,部分,0.75,900-2 | 设备 液 矿物 | 矿物 | 半,设备 液 矿物,解析文本拼接_表格清洗增强_01_001-020.md,019_佛山市朗信塑料制品有限公司新建项目_01_受理公告或公示版
PL020,PL020_佛山市朗信塑料制品有限公司新建项目_01_受理公告或公示版.pdf,44,5,47,完整,1.0,"1 | 废机油 | HW | 08 | 0.2 | T,I",,解析文本拼接_表格清洗增强_01_001-020.md,019_佛山市朗信塑料制品有限公司新建项目_01_受理公告或公示版
PL020,PL020_佛山市朗信塑料制品有限公司新建项目_01_受理公告或公示版.pdf,44,5,48,部分,0.8,14-08 | 维修 态 油 | 油 | 年 | 分类分,维修 态 油,解析文本拼接_表格清洗增强_01_001-020.md,019_佛山市朗信塑料制品有限公司新建项目_01_受理公告或公示版
PL020,PL020_佛山市朗信塑料制品有限公司新建项目_01_受理公告或公示版.pdf,44,5,49,部分,0.833,"含油废 | 900-0 | 纤
设备 固 维、 | 矿物 | 1 | 区收集，
暂存于","纤
设备 固 维、",解析文本拼接_表格清洗增强_01_001-020.md,019_佛山市朗信塑料制品有限公司新建项目_01_受理公告或公示版
PL020,PL020_佛山市朗信塑料制品有限公司新建项目_01_受理公告或公示版.pdf,44,5,50,部分,0.909,"2 | 抹布 | HW | 49 | 41-49 | 0.01 | 维修 态 矿物 | 油 | 个
月 | T/In | 危废暂",维修 态 矿物,解析文本拼接_表格清洗增强_01_001-020.md,019_佛山市朗信塑料制品有限公司新建项目_01_受理公告或公示版
PL020,PL020_佛山市朗信塑料制品有限公司新建项目_01_受理公告或公示版.pdf,44,5,52,部分,0.75,"铁、
设备 固 | 矿物 | 半 | 由有资","铁、
设备 固",解析文本拼接_表格清洗增强_01_001-020.md,019_佛山市朗信塑料制品有限公司新建项目_01_受理公告或公示版
PL020,PL020_佛山市朗信塑料制品有限公司新建项目_01_受理公告或公示版.pdf,44,5,53,完整,1.0,"3 | 废油桶 | HW | 08 | 900-2 | 0.032 | 矿物 | T,I | 质的危",,解析文本拼接_表格清洗增强_01_001-020.md,019_佛山市朗信塑料制品有限公司新建项目_01_受理公告或公示版
PL020,PL020_佛山市朗信塑料制品有限公司新建项目_01_受理公告或公示版.pdf,44,5,54,部分,0.75,49-08 | 维修 态 | 油 | 年,维修 态,解析文本拼接_表格清洗增强_01_001-020.md,019_佛山市朗信塑料制品有限公司新建项目_01_受理公告或公示版
PL020,PL020_佛山市朗信塑料制品有限公司新建项目_01_受理公告或公示版.pdf,44,5,56,部分,0.833,废活性 | 900-0 | 废气 固 活性 | 挥发 | 3 | 处理,废气 固 活性,解析文本拼接_表格清洗增强_01_001-020.md,019_佛山市朗信塑料制品有限公司新建项目_01_受理公告或公示版
PL020,PL020_佛山市朗信塑料制品有限公司新建项目_01_受理公告或公示版.pdf,44,5,57,部分,0.889,4 | 炭 | HW | 49 | 6.043 | 治理 态 炭、 | 性有 | 个 | T,治理 态 炭、,解析文本拼接_表格清洗增强_01_001-020.md,019_佛山市朗信塑料制品有限公司新建项目_01_受理公告或公示版
PL020,PL020_佛山市朗信塑料制品有限公司新建项目_01_受理公告或公示版.pdf,45,3,2,完整,1.0,"1 | 危险废物
暂存区 | 废机油 | HW08 | 900-214-0
8 | 厂房
东北
面位
置 | 5m2 | 塑料桶装
（100L/桶） | 0.2t | 1年",,解析文本拼接_表格清洗增强_01_001-020.md,019_佛山市朗信塑料制品有限公司新建项目_01_受理公告或公示版
PL020,PL020_佛山市朗信塑料制品有限公司新建项目_01_受理公告或公示版.pdf,45,3,3,完整,1.0,"含油废抹
布 | HW49 | 900-041-4
9 | 塑料袋装
（25kg/袋） | 0.01t | 1年",,解析文本拼接_表格清洗增强_01_001-020.md,019_佛山市朗信塑料制品有限公司新建项目_01_受理公告或公示版
PL020,PL020_佛山市朗信塑料制品有限公司新建项目_01_受理公告或公示版.pdf,45,3,4,完整,1.0,"废油桶 | HW08 | 900-249-0
8 | 整齐堆放 | 0.04t | 1年",,解析文本拼接_表格清洗增强_01_001-020.md,019_佛山市朗信塑料制品有限公司新建项目_01_受理公告或公示版
PL020,PL020_佛山市朗信塑料制品有限公司新建项目_01_受理公告或公示版.pdf,45,3,5,完整,1.0,"废活性炭 | HW49 | 900-039-4
9 | 塑料袋装
（25kg/袋） | 1.6t | 3个
月",,解析文本拼接_表格清洗增强_01_001-020.md,019_佛山市朗信塑料制品有限公司新建项目_01_受理公告或公示版
PL020,PL020_佛山市朗信塑料制品有限公司新建项目_01_受理公告或公示版.pdf,45,4,1,完整,1.0,"材料名称 | 年用量
（t/a） | 包装规格 | 形态 | 包装材
料数量
（个） | 空包装
重量（kg/
个） | 包装材
料总重
量（t/a） | 处置去
向",,解析文本拼接_表格清洗增强_01_001-020.md,019_佛山市朗信塑料制品有限公司新建项目_01_受理公告或公示版
PL020,PL020_佛山市朗信塑料制品有限公司新建项目_01_受理公告或公示版.pdf,45,4,2,完整,1.0,"ABS塑料
粒 | 250 | 25kg/袋 | 固态 | 10000 | 0.2 | 2 | 经收集
后交由
相应回
收单位
回收利
用",,解析文本拼接_表格清洗增强_01_001-020.md,019_佛山市朗信塑料制品有限公司新建项目_01_受理公告或公示版
PL020,PL020_佛山市朗信塑料制品有限公司新建项目_01_受理公告或公示版.pdf,45,4,3,完整,1.0,PP塑料粒 | 100 | 25kg/袋 | 固态 | 4000 | 0.2 | 0.8,,解析文本拼接_表格清洗增强_01_001-020.md,019_佛山市朗信塑料制品有限公司新建项目_01_受理公告或公示版
PL020,PL020_佛山市朗信塑料制品有限公司新建项目_01_受理公告或公示版.pdf,45,4,4,完整,1.0,AS塑料粒 | 20 | 25kg/袋 | 固态 | 800 | 0.2 | 0.16,,解析文本拼接_表格清洗增强_01_001-020.md,019_佛山市朗信塑料制品有限公司新建项目_01_受理公告或公示版
PL020,PL020_佛山市朗信塑料制品有限公司新建项目_01_受理公告或公示版.pdf,45,4,5,完整,1.0,PA塑料粒 | 5 | 25kg/袋 | 固态 | 200 | 0.2 | 0.04,,解析文本拼接_表格清洗增强_01_001-020.md,019_佛山市朗信塑料制品有限公司新建项目_01_受理公告或公示版
PL020,PL020_佛山市朗信塑料制品有限公司新建项目_01_受理公告或公示版.pdf,45,4,6,完整,1.0,"TPE塑料
粒 | 25 | 25kg/袋 | 固态 | 1000 | 0.2 | 0.2",,解析文本拼接_表格清洗增强_01_001-020.md,019_佛山市朗信塑料制品有限公司新建项目_01_受理公告或公示版
PL020,PL020_佛山市朗信塑料制品有限公司新建项目_01_受理公告或公示版.pdf,45,4,7,完整,1.0,"POM塑料
粒 | 20 | 25kg/袋 | 固态 | 800 | 0.2 | 0.16",,解析文本拼接_表格清洗增强_01_001-020.md,019_佛山市朗信塑料制品有限公司新建项目_01_受理公告或公示版
PL020,PL020_佛山市朗信塑料制品有限公司新建项目_01_受理公告或公示版.pdf,45,4,8,完整,1.0,色粉 | 1.4 | 25kg/袋 | 粉状 | 56 | 0.2 | 0.0112,,解析文本拼接_表格清洗增强_01_001-020.md,019_佛山市朗信塑料制品有限公司新建项目_01_受理公告或公示版
PL020,PL020_佛山市朗信塑料制品有限公司新建项目_01_受理公告或公示版.pdf,45,4,9,完整,1.0,合计 | 3.3712,,解析文本拼接_表格清洗增强_01_001-020.md,019_佛山市朗信塑料制品有限公司新建项目_01_受理公告或公示版
PL020,PL020_佛山市朗信塑料制品有限公司新建项目_01_受理公告或公示版.pdf,45,5,4,完整,1.0,表4-17 | 危险废物贮 | 存场所（ | 设施 | ）基 | 本情况一览 | 表,,解析文本拼接_表格清洗增强_01_001-020.md,019_佛山市朗信塑料制品有限公司新建项目_01_受理公告或公示版
PL020,PL020_佛山市朗信塑料制品有限公司新建项目_01_受理公告或公示版.pdf,45,5,10,完整,1.0,900-21 | 4-0 | 塑料 | 桶装,,解析文本拼接_表格清洗增强_01_001-020.md,019_佛山市朗信塑料制品有限公司新建项目_01_受理公告或公示版
PL020,PL020_佛山市朗信塑料制品有限公司新建项目_01_受理公告或公示版.pdf,45,5,11,部分,0.8,"废机油 | HW08 | （ | 0.2t
桶） | 1年","0.2t
桶）",解析文本拼接_表格清洗增强_01_001-020.md,019_佛山市朗信塑料制品有限公司新建项目_01_受理公告或公示版
PL020,PL020_佛山市朗信塑料制品有限公司新建项目_01_受理公告或公示版.pdf,45,5,12,完整,1.0,8 | 100 | L/,,解析文本拼接_表格清洗增强_01_001-020.md,019_佛山市朗信塑料制品有限公司新建项目_01_受理公告或公示版
PL020,PL020_佛山市朗信塑料制品有限公司新建项目_01_受理公告或公示版.pdf,45,5,13,部分,0.857,"含油废 | 抹 | 900-04 | 厂
1-4 | 房 | 塑料 | 袋装","厂
1-4",解析文本拼接_表格清洗增强_01_001-020.md,019_佛山市朗信塑料制品有限公司新建项目_01_受理公告或公示版
PL020,PL020_佛山市朗信塑料制品有限公司新建项目_01_受理公告或公示版.pdf,45,5,14,部分,0.889,"危险废物 | 布 | HW49 | 9 | 东 | 北 | （ | 0.01
袋） | t 1年","0.01
袋）",解析文本拼接_表格清洗增强_01_001-020.md,019_佛山市朗信塑料制品有限公司新建项目_01_受理公告或公示版
PL020,PL020_佛山市朗信塑料制品有限公司新建项目_01_受理公告或公示版.pdf,45,5,15,疑似缺失,0.6,"1
暂存区 | 面 | 位 | 25k
5m2 | g/","1
暂存区；25k
5m2",解析文本拼接_表格清洗增强_01_001-020.md,019_佛山市朗信塑料制品有限公司新建项目_01_受理公告或公示版
PL020,PL020_佛山市朗信塑料制品有限公司新建项目_01_受理公告或公示版.pdf,45,5,16,完整,1.0,废油桶 | HW08 | 900-24 | 9-0 | 置 | 整齐 | 堆放 0.04 | t 1年,,解析文本拼接_表格清洗增强_01_001-020.md,019_佛山市朗信塑料制品有限公司新建项目_01_受理公告或公示版
PL020,PL020_佛山市朗信塑料制品有限公司新建项目_01_受理公告或公示版.pdf,45,5,18,完整,1.0,塑料 | 袋装 | 3个,,解析文本拼接_表格清洗增强_01_001-020.md,019_佛山市朗信塑料制品有限公司新建项目_01_受理公告或公示版
PL020,PL020_佛山市朗信塑料制品有限公司新建项目_01_受理公告或公示版.pdf,45,5,19,完整,1.0,废活性 | 炭 | 900-03 | 9-4,,解析文本拼接_表格清洗增强_01_001-020.md,019_佛山市朗信塑料制品有限公司新建项目_01_受理公告或公示版
PL020,PL020_佛山市朗信塑料制品有限公司新建项目_01_受理公告或公示版.pdf,45,5,20,完整,1.0,HW49 | 1.6t,,解析文本拼接_表格清洗增强_01_001-020.md,019_佛山市朗信塑料制品有限公司新建项目_01_受理公告或公示版
PL020,PL020_佛山市朗信塑料制品有限公司新建项目_01_受理公告或公示版.pdf,45,5,21,完整,1.0,9 | （25k | g/袋） | 月,,解析文本拼接_表格清洗增强_01_001-020.md,019_佛山市朗信塑料制品有限公司新建项目_01_受理公告或公示版
PL020,PL020_佛山市朗信塑料制品有限公司新建项目_01_受理公告或公示版.pdf,45,5,22,完整,1.0,1、生活 | 垃圾,,解析文本拼接_表格清洗增强_01_001-020.md,019_佛山市朗信塑料制品有限公司新建项目_01_受理公告或公示版
PL020,PL020_佛山市朗信塑料制品有限公司新建项目_01_受理公告或公示版.pdf,45,5,23,完整,1.0,本项目劳 | 动定员为 | 32人，均 | 不在厂内 | 食宿 | 。根 | 据《社会 | 区域类环境 | 影响评,,解析文本拼接_表格清洗增强_01_001-020.md,019_佛山市朗信塑料制品有限公司新建项目_01_受理公告或公示版
PL020,PL020_佛山市朗信塑料制品有限公司新建项目_01_受理公告或公示版.pdf,45,5,24,完整,1.0,价 | 》（中国环 | 境出版社 | ）中固体 | 废物污染 | 源推 | 荐数 | 据，办公 | 生活垃圾产 | 生量按,,解析文本拼接_表格清洗增强_01_001-020.md,019_佛山市朗信塑料制品有限公司新建项目_01_受理公告或公示版
PL020,PL020_佛山市朗信塑料制品有限公司新建项目_01_受理公告或公示版.pdf,45,5,25,完整,1.0,每 | 人每天 0.5 | kg计，项 | 目年工作 3 | 00 天， | 则生 | 活垃 | 圾产生量 1 | 6kg/d、4. | 8t/a，在,,解析文本拼接_表格清洗增强_01_001-020.md,019_佛山市朗信塑料制品有限公司新建项目_01_受理公告或公示版
PL020,PL020_佛山市朗信塑料制品有限公司新建项目_01_受理公告或公示版.pdf,45,5,27,完整,1.0,2、一般 | 工业固体 | 废物,,解析文本拼接_表格清洗增强_01_001-020.md,019_佛山市朗信塑料制品有限公司新建项目_01_受理公告或公示版
PL020,PL020_佛山市朗信塑料制品有限公司新建项目_01_受理公告或公示版.pdf,45,5,28,完整,1.0,①一般废 | 包装材料 | ：外购的A | BS、PP | 、AS | 、P | A、TPE、P | OM塑料粒 | 和色粉,,解析文本拼接_表格清洗增强_01_001-020.md,019_佛山市朗信塑料制品有限公司新建项目_01_受理公告或公示版
PL020,PL020_佛山市朗信塑料制品有限公司新建项目_01_受理公告或公示版.pdf,45,5,30,完整,1.0,体 | 废物的原材 | 料包装规 | 格以及单个 | 重量如 | 下表 | 所示 | 。,,解析文本拼接_表格清洗增强_01_001-020.md,019_佛山市朗信塑料制品有限公司新建项目_01_受理公告或公示版
PL020,PL020_佛山市朗信塑料制品有限公司新建项目_01_受理公告或公示版.pdf,45,5,31,完整,1.0,表4-18 | 作为一般工 | 业废物的 | 废包装 | 材料 | 产生量估算 | 表,,解析文本拼接_表格清洗增强_01_001-020.md,019_佛山市朗信塑料制品有限公司新建项目_01_受理公告或公示版
PL020,PL020_佛山市朗信塑料制品有限公司新建项目_01_受理公告或公示版.pdf,45,5,34,完整,1.0,材料名称 | 包装规格 | 形态 | 料数量 | 重量（ | 料总重,,解析文本拼接_表格清洗增强_01_001-020.md,019_佛山市朗信塑料制品有限公司新建项目_01_受理公告或公示版
PL020,PL020_佛山市朗信塑料制品有限公司新建项目_01_受理公告或公示版.pdf,45,5,40,完整,1.0,粒 | 250 | 25kg/ | 10000 | 0.2 | 2,,解析文本拼接_表格清洗增强_01_001-020.md,019_佛山市朗信塑料制品有限公司新建项目_01_受理公告或公示版
PL020,PL020_佛山市朗信塑料制品有限公司新建项目_01_受理公告或公示版.pdf,45,5,41,完整,1.0,PP塑料粒 | 100 | 25kg/袋 | 固态 | 4000 | 0.2 | 0.8,,解析文本拼接_表格清洗增强_01_001-020.md,019_佛山市朗信塑料制品有限公司新建项目_01_受理公告或公示版
PL020,PL020_佛山市朗信塑料制品有限公司新建项目_01_受理公告或公示版.pdf,45,5,42,完整,1.0,AS塑料粒 | 20 | 25kg/袋 | 固态 | 800 | 0.2 | 0.16 | 经收集,,解析文本拼接_表格清洗增强_01_001-020.md,019_佛山市朗信塑料制品有限公司新建项目_01_受理公告或公示版
PL020,PL020_佛山市朗信塑料制品有限公司新建项目_01_受理公告或公示版.pdf,45,5,44,完整,1.0,PA塑料粒 | 5 | 25kg/袋 | 固态 | 200 | 0.2 | 0.04,,解析文本拼接_表格清洗增强_01_001-020.md,019_佛山市朗信塑料制品有限公司新建项目_01_受理公告或公示版
PL020,PL020_佛山市朗信塑料制品有限公司新建项目_01_受理公告或公示版.pdf,45,5,48,完整,1.0,25 | 25kg/ | 1000 | 0.2 | 0.2,,解析文本拼接_表格清洗增强_01_001-020.md,019_佛山市朗信塑料制品有限公司新建项目_01_受理公告或公示版
PL020,PL020_佛山市朗信塑料制品有限公司新建项目_01_受理公告或公示版.pdf,45,5,52,完整,1.0,粒 | 20 | 25kg/ | 800 | 0.2 | 0.16,,解析文本拼接_表格清洗增强_01_001-020.md,019_佛山市朗信塑料制品有限公司新建项目_01_受理公告或公示版
PL020,PL020_佛山市朗信塑料制品有限公司新建项目_01_受理公告或公示版.pdf,45,5,53,完整,1.0,色粉 | 1.4 | 25kg/袋 | 粉状 | 56 | 0.2 | 0.0112,,解析文本拼接_表格清洗增强_01_001-020.md,019_佛山市朗信塑料制品有限公司新建项目_01_受理公告或公示版
PL020,PL020_佛山市朗信塑料制品有限公司新建项目_01_受理公告或公示版.pdf,45,5,54,完整,1.0,合计 | 3.3712,,解析文本拼接_表格清洗增强_01_001-020.md,019_佛山市朗信塑料制品有限公司新建项目_01_受理公告或公示版
PL020,PL020_佛山市朗信塑料制品有限公司新建项目_01_受理公告或公示版.pdf,48,2,2,完整,1.0,活性炭吸附装置 | 设计风量 | 25000m3/h,,解析文本拼接_表格清洗增强_01_001-020.md,019_佛山市朗信塑料制品有限公司新建项目_01_受理公告或公示版
PL020,PL020_佛山市朗信塑料制品有限公司新建项目_01_受理公告或公示版.pdf,48,2,3,完整,1.0,装置尺寸 | 4450*2550*1540mm,,解析文本拼接_表格清洗增强_01_001-020.md,019_佛山市朗信塑料制品有限公司新建项目_01_受理公告或公示版
PL020,PL020_佛山市朗信塑料制品有限公司新建项目_01_受理公告或公示版.pdf,48,2,4,完整,1.0,活性炭尺寸 | 3100*2480*1040mm,,解析文本拼接_表格清洗增强_01_001-020.md,019_佛山市朗信塑料制品有限公司新建项目_01_受理公告或公示版
PL020,PL020_佛山市朗信塑料制品有限公司新建项目_01_受理公告或公示版.pdf,48,2,5,完整,1.0,抽屉尺寸 | 600*500*300mm,,解析文本拼接_表格清洗增强_01_001-020.md,019_佛山市朗信塑料制品有限公司新建项目_01_受理公告或公示版
PL020,PL020_佛山市朗信塑料制品有限公司新建项目_01_受理公告或公示版.pdf,48,2,6,完整,1.0,抽屉数量 | 40个,,解析文本拼接_表格清洗增强_01_001-020.md,019_佛山市朗信塑料制品有限公司新建项目_01_受理公告或公示版
PL020,PL020_佛山市朗信塑料制品有限公司新建项目_01_受理公告或公示版.pdf,48,2,7,完整,1.0,活性炭类型 | 颗粒,,解析文本拼接_表格清洗增强_01_001-020.md,019_佛山市朗信塑料制品有限公司新建项目_01_受理公告或公示版
PL020,PL020_佛山市朗信塑料制品有限公司新建项目_01_受理公告或公示版.pdf,48,2,8,完整,1.0,活性炭密度 | 400kg/m3,,解析文本拼接_表格清洗增强_01_001-020.md,019_佛山市朗信塑料制品有限公司新建项目_01_受理公告或公示版
PL020,PL020_佛山市朗信塑料制品有限公司新建项目_01_受理公告或公示版.pdf,48,2,9,完整,1.0,炭层数量 | 2层,,解析文本拼接_表格清洗增强_01_001-020.md,019_佛山市朗信塑料制品有限公司新建项目_01_受理公告或公示版
PL020,PL020_佛山市朗信塑料制品有限公司新建项目_01_受理公告或公示版.pdf,48,2,10,完整,1.0,过滤风速 | 0.58m/s,,解析文本拼接_表格清洗增强_01_001-020.md,019_佛山市朗信塑料制品有限公司新建项目_01_受理公告或公示版
PL020,PL020_佛山市朗信塑料制品有限公司新建项目_01_受理公告或公示版.pdf,48,2,11,完整,1.0,停留时间 | 0.52s,,解析文本拼接_表格清洗增强_01_001-020.md,019_佛山市朗信塑料制品有限公司新建项目_01_受理公告或公示版
PL020,PL020_佛山市朗信塑料制品有限公司新建项目_01_受理公告或公示版.pdf,48,2,12,完整,1.0,活性炭数量 | 1.44t,,解析文本拼接_表格清洗增强_01_001-020.md,019_佛山市朗信塑料制品有限公司新建项目_01_受理公告或公示版
PL020,PL020_佛山市朗信塑料制品有限公司新建项目_01_受理公告或公示版.pdf,48,2,13,完整,1.0,年需更换频次 | 4次,,解析文本拼接_表格清洗增强_01_001-020.md,019_佛山市朗信塑料制品有限公司新建项目_01_受理公告或公示版
PL020,PL020_佛山市朗信塑料制品有限公司新建项目_01_受理公告或公示版.pdf,48,2,14,完整,1.0,活性炭更换量 | 5.76t,,解析文本拼接_表格清洗增强_01_001-020.md,019_佛山市朗信塑料制品有限公司新建项目_01_受理公告或公示版
PL020,PL020_佛山市朗信塑料制品有限公司新建项目_01_受理公告或公示版.pdf,48,2,15,完整,1.0,废活性炭产生量 | 6.043t,,解析文本拼接_表格清洗增强_01_001-020.md,019_佛山市朗信塑料制品有限公司新建项目_01_受理公告或公示版
PL020,PL020_佛山市朗信塑料制品有限公司新建项目_01_受理公告或公示版.pdf,48,3,2,完整,1.0,1 | 危险废物 | 废机油 | 交由有资质的单位利用处置,,解析文本拼接_表格清洗增强_01_001-020.md,019_佛山市朗信塑料制品有限公司新建项目_01_受理公告或公示版
PL020,PL020_佛山市朗信塑料制品有限公司新建项目_01_受理公告或公示版.pdf,48,3,3,完整,1.0,2 | 含油废抹布,,解析文本拼接_表格清洗增强_01_001-020.md,019_佛山市朗信塑料制品有限公司新建项目_01_受理公告或公示版
PL020,PL020_佛山市朗信塑料制品有限公司新建项目_01_受理公告或公示版.pdf,48,3,6,完整,1.0,5 | 一般固体废物 | 一般废包装材料 | 交由相应回收单位回收利用,,解析文本拼接_表格清洗增强_01_001-020.md,019_佛山市朗信塑料制品有限公司新建项目_01_受理公告或公示版
PL020,PL020_佛山市朗信塑料制品有限公司新建项目_01_受理公告或公示版.pdf,48,4,2,完整,1.0,设计风量 | 25000m3/h,,解析文本拼接_表格清洗增强_01_001-020.md,019_佛山市朗信塑料制品有限公司新建项目_01_受理公告或公示版
PL020,PL020_佛山市朗信塑料制品有限公司新建项目_01_受理公告或公示版.pdf,48,4,3,完整,1.0,装置尺寸 | 4450*2550*1540mm,,解析文本拼接_表格清洗增强_01_001-020.md,019_佛山市朗信塑料制品有限公司新建项目_01_受理公告或公示版
PL020,PL020_佛山市朗信塑料制品有限公司新建项目_01_受理公告或公示版.pdf,48,4,4,完整,1.0,活性炭尺寸 | 3100*2480*1040mm,,解析文本拼接_表格清洗增强_01_001-020.md,019_佛山市朗信塑料制品有限公司新建项目_01_受理公告或公示版
PL020,PL020_佛山市朗信塑料制品有限公司新建项目_01_受理公告或公示版.pdf,48,4,5,完整,1.0,抽屉尺寸 | 600*500*300mm,,解析文本拼接_表格清洗增强_01_001-020.md,019_佛山市朗信塑料制品有限公司新建项目_01_受理公告或公示版
PL020,PL020_佛山市朗信塑料制品有限公司新建项目_01_受理公告或公示版.pdf,48,4,6,完整,1.0,抽屉数量 | 40个,,解析文本拼接_表格清洗增强_01_001-020.md,019_佛山市朗信塑料制品有限公司新建项目_01_受理公告或公示版
PL020,PL020_佛山市朗信塑料制品有限公司新建项目_01_受理公告或公示版.pdf,48,4,7,完整,1.0,性炭吸附装置 | 活性炭类型 | 颗粒,,解析文本拼接_表格清洗增强_01_001-020.md,019_佛山市朗信塑料制品有限公司新建项目_01_受理公告或公示版
PL020,PL020_佛山市朗信塑料制品有限公司新建项目_01_受理公告或公示版.pdf,48,4,8,完整,1.0,活性炭密度 | 400kg/m3,,解析文本拼接_表格清洗增强_01_001-020.md,019_佛山市朗信塑料制品有限公司新建项目_01_受理公告或公示版
PL020,PL020_佛山市朗信塑料制品有限公司新建项目_01_受理公告或公示版.pdf,48,4,9,完整,1.0,炭层数量 | 2层,,解析文本拼接_表格清洗增强_01_001-020.md,019_佛山市朗信塑料制品有限公司新建项目_01_受理公告或公示版
PL020,PL020_佛山市朗信塑料制品有限公司新建项目_01_受理公告或公示版.pdf,48,4,10,完整,1.0,过滤风速 | 0.58m/s,,解析文本拼接_表格清洗增强_01_001-020.md,019_佛山市朗信塑料制品有限公司新建项目_01_受理公告或公示版
PL020,PL020_佛山市朗信塑料制品有限公司新建项目_01_受理公告或公示版.pdf,48,4,11,完整,1.0,停留时间 | 0.52s,,解析文本拼接_表格清洗增强_01_001-020.md,019_佛山市朗信塑料制品有限公司新建项目_01_受理公告或公示版
PL020,PL020_佛山市朗信塑料制品有限公司新建项目_01_受理公告或公示版.pdf,48,4,12,完整,1.0,活性炭数量 | 1.44t,,解析文本拼接_表格清洗增强_01_001-020.md,019_佛山市朗信塑料制品有限公司新建项目_01_受理公告或公示版
PL020,PL020_佛山市朗信塑料制品有限公司新建项目_01_受理公告或公示版.pdf,48,4,13,完整,1.0,年需更换频 | 次 | 4次,,解析文本拼接_表格清洗增强_01_001-020.md,019_佛山市朗信塑料制品有限公司新建项目_01_受理公告或公示版
PL020,PL020_佛山市朗信塑料制品有限公司新建项目_01_受理公告或公示版.pdf,48,4,14,完整,1.0,活性炭更换 | 量 | 5.76t,,解析文本拼接_表格清洗增强_01_001-020.md,019_佛山市朗信塑料制品有限公司新建项目_01_受理公告或公示版
PL020,PL020_佛山市朗信塑料制品有限公司新建项目_01_受理公告或公示版.pdf,48,4,15,完整,1.0,废活性炭产生 | 量 | 6.043t,,解析文本拼接_表格清洗增强_01_001-020.md,019_佛山市朗信塑料制品有限公司新建项目_01_受理公告或公示版
PL020,PL020_佛山市朗信塑料制品有限公司新建项目_01_受理公告或公示版.pdf,48,4,16,完整,1.0,4、污染防治措 | 施,,解析文本拼接_表格清洗增强_01_001-020.md,019_佛山市朗信塑料制品有限公司新建项目_01_受理公告或公示版
PL020,PL020_佛山市朗信塑料制品有限公司新建项目_01_受理公告或公示版.pdf,48,4,17,完整,1.0,表4-20 固体 | 废物污染防治可行技术一览表,,解析文本拼接_表格清洗增强_01_001-020.md,019_佛山市朗信塑料制品有限公司新建项目_01_受理公告或公示版
PL020,PL020_佛山市朗信塑料制品有限公司新建项目_01_受理公告或公示版.pdf,48,4,24,完整,1.0,一般固体 | 废物 | 一般废包装材料 交由 | 相应回收单位回收利用,,解析文本拼接_表格清洗增强_01_001-020.md,019_佛山市朗信塑料制品有限公司新建项目_01_受理公告或公示版
PL020,PL020_佛山市朗信塑料制品有限公司新建项目_01_受理公告或公示版.pdf,48,4,25,完整,1.0,5、固体废物环 | 境管理要求,,解析文本拼接_表格清洗增强_01_001-020.md,019_佛山市朗信塑料制品有限公司新建项目_01_受理公告或公示版
PL020,PL020_佛山市朗信塑料制品有限公司新建项目_01_受理公告或公示版.pdf,48,4,26,完整,1.0,（1）生活垃圾 | 、一般工业固 | 体废物,,解析文本拼接_表格清洗增强_01_001-020.md,019_佛山市朗信塑料制品有限公司新建项目_01_受理公告或公示版
PL020,PL020_佛山市朗信塑料制品有限公司新建项目_01_受理公告或公示版.pdf,48,4,27,完整,1.0,根据《中华人民 | 共和国固体 | 废物污染环境防治法》要 | 求，建设单位应做好,,解析文本拼接_表格清洗增强_01_001-020.md,019_佛山市朗信塑料制品有限公司新建项目_01_受理公告或公示版
PL020,PL020_佛山市朗信塑料制品有限公司新建项目_01_受理公告或公示版.pdf,51,2,2,完整,1.0,1 | 机油 | 油类物质 | 0.4 | 0.1 | 2500 | 0.00004,,解析文本拼接_表格清洗增强_01_001-020.md,019_佛山市朗信塑料制品有限公司新建项目_01_受理公告或公示版
PL020,PL020_佛山市朗信塑料制品有限公司新建项目_01_受理公告或公示版.pdf,51,2,3,完整,1.0,2 | 废机油 | 0.2 | 0.2 | 2500 | 0.00008,,解析文本拼接_表格清洗增强_01_001-020.md,019_佛山市朗信塑料制品有限公司新建项目_01_受理公告或公示版
PL020,PL020_佛山市朗信塑料制品有限公司新建项目_01_受理公告或公示版.pdf,51,2,4,完整,1.0,合计Q | 0.00012,,解析文本拼接_表格清洗增强_01_001-020.md,019_佛山市朗信塑料制品有限公司新建项目_01_受理公告或公示版
PL020,PL020_佛山市朗信塑料制品有限公司新建项目_01_受理公告或公示版.pdf,51,3,2,完整,1.0,"危险物
质泄漏 | 生产车
间、原料
仓库和
危废暂
存间 | 地表水
流散/垂
直渗入 | ①机油需远离火种和热源，避免阳光直射，同时在厂区
公告栏、原料仓库和危废暂存间内张贴危险物质的危险
特性表。
②生产车间、原料仓库和危废暂存间内设置“危险”、“禁
止烟火”等警示标志，禁止使用易产生火花的机械设备
和工具。
③原料仓库、危废暂存间、生产车间进行地面进",,解析文本拼接_表格清洗增强_01_001-020.md,019_佛山市朗信塑料制品有限公司新建项目_01_受理公告或公示版
PL020,PL020_佛山市朗信塑料制品有限公司新建项目_01_受理公告或公示版.pdf,51,3,3,完整,1.0,"废气治
理设施
故障 | 废气治
理设施 | 大气扩
散 | ①制定废气处理设施管理制度，设置专职环保人员负责
管理，定期进行巡视和保养，记录废气处理设施的运行
情况。
②对废气处理设施排放的废气进行定期监测，并接受环
保部门的监督性监测，监控废气处理设施的运行效果。",,解析文本拼接_表格清洗增强_01_001-020.md,019_佛山市朗信塑料制品有限公司新建项目_01_受理公告或公示版
PL020,PL020_佛山市朗信塑料制品有限公司新建项目_01_受理公告或公示版.pdf,51,3,4,完整,1.0,"火灾/爆
炸事故
引起的
伴生/次
生污染 | 生产车
间、原料
仓库和
危废暂
存间 | 大气扩
散、地表
水流散/
垂直渗
入 | ①严格企业内部安全生产管理体系、加强质量管理体系
的监督、对操作工人进行生产前的安全培训，制定严格
的生产操作流程，任何违规和违章操作即刻进行处理，
加强各种辅助化学品的安全管理工作。
②加强防火安全管理，对进出厂区的人员进",,解析文本拼接_表格清洗增强_01_001-020.md,019_佛山市朗信塑料制品有限公司新建项目_01_受理公告或公示版
PL020,PL020_佛山市朗信塑料制品有限公司新建项目_01_受理公告或公示版.pdf,51,4,7,完整,1.0,1 | 机 | 油 | 0.4 0.1 2500 0.00004,,解析文本拼接_表格清洗增强_01_001-020.md,019_佛山市朗信塑料制品有限公司新建项目_01_受理公告或公示版
PL020,PL020_佛山市朗信塑料制品有限公司新建项目_01_受理公告或公示版.pdf,51,4,9,完整,1.0,2 | 废 | 机油 | 0.2 0.2 2500 0.00008,,解析文本拼接_表格清洗增强_01_001-020.md,019_佛山市朗信塑料制品有限公司新建项目_01_受理公告或公示版
PL020,PL020_佛山市朗信塑料制品有限公司新建项目_01_受理公告或公示版.pdf,51,4,10,完整,1.0,合 | 计Q 0.00012,,解析文本拼接_表格清洗增强_01_001-020.md,019_佛山市朗信塑料制品有限公司新建项目_01_受理公告或公示版
PL020,PL020_佛山市朗信塑料制品有限公司新建项目_01_受理公告或公示版.pdf,51,4,12,完整,1.0,暂存 | 间 | 内。经计算 | Q值小于 | 1，根据《建设项目环境影响报告表编制技术指,,解析文本拼接_表格清洗增强_01_001-020.md,019_佛山市朗信塑料制品有限公司新建项目_01_受理公告或公示版
PL020,PL020_佛山市朗信塑料制品有限公司新建项目_01_受理公告或公示版.pdf,51,4,13,完整,1.0,（污 | 染 | 影响类）》 | 规定， | 可不进行专项分析。,,解析文本拼接_表格清洗增强_01_001-020.md,019_佛山市朗信塑料制品有限公司新建项目_01_受理公告或公示版
PL020,PL020_佛山市朗信塑料制品有限公司新建项目_01_受理公告或公示版.pdf,51,4,14,完整,1.0,2 | 、环 | 境影响途 | 径和风险 | 防范措施,,解析文本拼接_表格清洗增强_01_001-020.md,019_佛山市朗信塑料制品有限公司新建项目_01_受理公告或公示版
PL020,PL020_佛山市朗信塑料制品有限公司新建项目_01_受理公告或公示版.pdf,51,4,15,完整,1.0,表 | 4-22 项目 | 环境影响途径和风险防范措施一览表,,解析文本拼接_表格清洗增强_01_001-020.md,019_佛山市朗信塑料制品有限公司新建项目_01_受理公告或公示版
PL020,PL020_佛山市朗信塑料制品有限公司新建项目_01_受理公告或公示版.pdf,51,4,25,完整,1.0,生产车 | ③原料仓库、危废暂存间、生产车间进行地面进行防渗,,解析文本拼接_表格清洗增强_01_001-020.md,019_佛山市朗信塑料制品有限公司新建项目_01_受理公告或公示版
PL020,PL020_佛山市朗信塑料制品有限公司新建项目_01_受理公告或公示版.pdf,51,4,30,完整,1.0,危废暂 | 直渗入 | 放置原料需分区、分类、分隔储存。,,解析文本拼接_表格清洗增强_01_001-020.md,019_佛山市朗信塑料制品有限公司新建项目_01_受理公告或公示版
PL020,PL020_佛山市朗信塑料制品有限公司新建项目_01_受理公告或公示版.pdf,51,4,39,完整,1.0,废气治 | 管理，定期进行巡视和保养，记录废气处理设施的运行,,解析文本拼接_表格清洗增强_01_001-020.md,019_佛山市朗信塑料制品有限公司新建项目_01_受理公告或公示版
PL020,PL020_佛山市朗信塑料制品有限公司新建项目_01_受理公告或公示版.pdf,51,4,40,完整,1.0,废气治 | 大气扩,,解析文本拼接_表格清洗增强_01_001-020.md,019_佛山市朗信塑料制品有限公司新建项目_01_受理公告或公示版
PL020,PL020_佛山市朗信塑料制品有限公司新建项目_01_受理公告或公示版.pdf,51,4,43,完整,1.0,故障 | ②对废气处理设施排放的废气进行定期监测，并接受环,,解析文本拼接_表格清洗增强_01_001-020.md,019_佛山市朗信塑料制品有限公司新建项目_01_受理公告或公示版
PL020,PL020_佛山市朗信塑料制品有限公司新建项目_01_受理公告或公示版.pdf,51,4,53,完整,1.0,伴生 | 次 | 危废暂 | 垂直渗,,解析文本拼接_表格清洗增强_01_001-020.md,019_佛山市朗信塑料制品有限公司新建项目_01_受理公告或公示版
PL020,PL020_佛山市朗信塑料制品有限公司新建项目_01_受理公告或公示版.pdf,51,4,55,完整,1.0,生污染 | 存间 | 入,,解析文本拼接_表格清洗增强_01_001-020.md,019_佛山市朗信塑料制品有限公司新建项目_01_受理公告或公示版
PL020,PL020_佛山市朗信塑料制品有限公司新建项目_01_受理公告或公示版.pdf,53,1,1,完整,1.0,"内容
要素 | 排放口(编
号、名称)/
污染源 | 污染物
项目 | 环境保护措施 | 执行标准",,解析文本拼接_表格清洗增强_01_001-020.md,019_佛山市朗信塑料制品有限公司新建项目_01_受理公告或公示版
PL020,PL020_佛山市朗信塑料制品有限公司新建项目_01_受理公告或公示版.pdf,53,1,2,完整,1.0,"大气环境 | DA001 废
气排放口
（有组
织） | 非甲烷总
烃 | 注塑工序产生的非甲
烷总烃、恶臭气体经
集气罩+胶帘围挡收
集后通过“活性炭吸
附”装置处理后引至
楼顶40m排气筒
DA001高空排放 | 《合成树脂工业污染物排
放标准》（GB31572-2015，
含2024年修改单）表4大
气污染物排放限值",,解析文本拼接_表格清洗增强_01_001-020.md,019_佛山市朗信塑料制品有限公司新建项目_01_受理公告或公示版
PL020,PL020_佛山市朗信塑料制品有限公司新建项目_01_受理公告或公示版.pdf,53,1,3,完整,1.0,"臭气浓度 | 《恶臭污染物排放标准》
（GB14554-93）中表2恶臭
污染物排放标准值",,解析文本拼接_表格清洗增强_01_001-020.md,019_佛山市朗信塑料制品有限公司新建项目_01_受理公告或公示版
PL020,PL020_佛山市朗信塑料制品有限公司新建项目_01_受理公告或公示版.pdf,53,1,4,完整,1.0,"生产车间
（无组
织） | 颗粒物 | 加强车间通风 | 广东省《大气污染物排放限
值》（DB44/27—2001）第
二时段无组织排放监控浓
度限值",,解析文本拼接_表格清洗增强_01_001-020.md,019_佛山市朗信塑料制品有限公司新建项目_01_受理公告或公示版
PL020,PL020_佛山市朗信塑料制品有限公司新建项目_01_受理公告或公示版.pdf,53,1,5,完整,1.0,"臭气浓度 | 《恶臭污染物排放标准》
（GB14554-93）表1恶臭污
染物厂界标准值",,解析文本拼接_表格清洗增强_01_001-020.md,019_佛山市朗信塑料制品有限公司新建项目_01_受理公告或公示版
PL020,PL020_佛山市朗信塑料制品有限公司新建项目_01_受理公告或公示版.pdf,53,1,6,部分,0.8,"地表水环
境 | DW001生
活污水排
放口 | pH、
COD 、
Cr
BOD 、SS、
5
氨氮 | 经三级化粪池预处理
达标后通过市政管网
引至勒流污水处理厂
深度处理 | 《水污染物排放限值》
（DB44/26-2001）中第二时
段三级标准","pH、
COD 、
Cr
BOD 、SS、
5
氨氮",解析文本拼接_表格清洗增强_01_001-020.md,019_佛山市朗信塑料制品有限公司新建项目_01_受理公告或公示版
PL020,PL020_佛山市朗信塑料制品有限公司新建项目_01_受理公告或公示版.pdf,53,1,8,完整,1.0,"声环境 | 生产设备
噪声 | 等效连续
A声级 | 厂房隔声、风机消声、
设备减振 | 《工业企业厂界环境噪声排
放标准》（GB12348-2008）
中的3类标准",,解析文本拼接_表格清洗增强_01_001-020.md,019_佛山市朗信塑料制品有限公司新建项目_01_受理公告或公示版
PL020,PL020_佛山市朗信塑料制品有限公司新建项目_01_受理公告或公示版.pdf,53,1,10,完整,1.0,"固体废物 | （1）员工生活垃圾定期交由环卫部门清理；
（2）要求项目在室内建设一个占地面积≥10m2的一般工业固废暂存间。建
设单位需在暂存场所上空设有防雨淋设施，地面采取防渗措施；根据生产需
要合理设置贮存量，尽量减少厂区内物料贮存量；一般固体废物暂存点需要
设置明显环境保护图形标志。
（3）要求项目在室内建设一个占地面积≥5m2的危废暂存间。建设单位须",,解析文本拼接_表格清洗增强_01_001-020.md,019_佛山市朗信塑料制品有限公司新建项目_01_受理公告或公示版
PL020,PL020_佛山市朗信塑料制品有限公司新建项目_01_受理公告或公示版.pdf,53,2,3,完整,1.0,要素 | 号、名称 | 环境保护措施 | 执行标准,,解析文本拼接_表格清洗增强_01_001-020.md,019_佛山市朗信塑料制品有限公司新建项目_01_受理公告或公示版
PL020,PL020_佛山市朗信塑料制品有限公司新建项目_01_受理公告或公示版.pdf,53,2,6,完整,1.0,注塑工序产生的非甲 | 《合成树脂工业污染物排,,解析文本拼接_表格清洗增强_01_001-020.md,019_佛山市朗信塑料制品有限公司新建项目_01_受理公告或公示版
PL020,PL020_佛山市朗信塑料制品有限公司新建项目_01_受理公告或公示版.pdf,53,2,7,完整,1.0,非甲烷总 | 烷总烃、恶臭气体经 | 放标准》（GB31572-2015，,,解析文本拼接_表格清洗增强_01_001-020.md,019_佛山市朗信塑料制品有限公司新建项目_01_受理公告或公示版
PL020,PL020_佛山市朗信塑料制品有限公司新建项目_01_受理公告或公示版.pdf,53,2,9,疑似缺失,0.5,DA001 | 烃 | 集气罩 胶帘围挡收 | 含 年修改单）表 大,集气罩 胶帘围挡收；含 年修改单）表 大,解析文本拼接_表格清洗增强_01_001-020.md,019_佛山市朗信塑料制品有限公司新建项目_01_受理公告或公示版
PL020,PL020_佛山市朗信塑料制品有限公司新建项目_01_受理公告或公示版.pdf,53,2,10,疑似缺失,0.667,气排放口 | + | 2024 4,2024 4,解析文本拼接_表格清洗增强_01_001-020.md,019_佛山市朗信塑料制品有限公司新建项目_01_受理公告或公示版
PL020,PL020_佛山市朗信塑料制品有限公司新建项目_01_受理公告或公示版.pdf,53,2,11,完整,1.0,集后通过“活性炭吸 | 气污染物排放限值,,解析文本拼接_表格清洗增强_01_001-020.md,019_佛山市朗信塑料制品有限公司新建项目_01_受理公告或公示版
PL020,PL020_佛山市朗信塑料制品有限公司新建项目_01_受理公告或公示版.pdf,53,2,14,完整,1.0,织） | 《恶臭污染物排放标准》,,解析文本拼接_表格清洗增强_01_001-020.md,019_佛山市朗信塑料制品有限公司新建项目_01_受理公告或公示版
PL020,PL020_佛山市朗信塑料制品有限公司新建项目_01_受理公告或公示版.pdf,53,2,15,完整,1.0,臭气浓度 | 楼顶40m排气筒 | （GB14554-93）中表2恶臭,,解析文本拼接_表格清洗增强_01_001-020.md,019_佛山市朗信塑料制品有限公司新建项目_01_受理公告或公示版
PL020,PL020_佛山市朗信塑料制品有限公司新建项目_01_受理公告或公示版.pdf,53,2,16,完整,1.0,DA001高空排放 | 污染物排放标准值,,解析文本拼接_表格清洗增强_01_001-020.md,019_佛山市朗信塑料制品有限公司新建项目_01_受理公告或公示版
PL020,PL020_佛山市朗信塑料制品有限公司新建项目_01_受理公告或公示版.pdf,53,2,20,疑似缺失,0.5,颗粒物 | DB44/27 2001,DB44/27 2001,解析文本拼接_表格清洗增强_01_001-020.md,019_佛山市朗信塑料制品有限公司新建项目_01_受理公告或公示版
PL020,PL020_佛山市朗信塑料制品有限公司新建项目_01_受理公告或公示版.pdf,53,2,23,完整,1.0,织） | 《恶臭污染物排放标准》,,解析文本拼接_表格清洗增强_01_001-020.md,019_佛山市朗信塑料制品有限公司新建项目_01_受理公告或公示版
PL020,PL020_佛山市朗信塑料制品有限公司新建项目_01_受理公告或公示版.pdf,53,2,24,完整,1.0,臭气浓度 | （GB14554-93）表1恶臭污,,解析文本拼接_表格清洗增强_01_001-020.md,019_佛山市朗信塑料制品有限公司新建项目_01_受理公告或公示版
PL020,PL020_佛山市朗信塑料制品有限公司新建项目_01_受理公告或公示版.pdf,53,2,27,完整,1.0,生 | pH | 《水污染物排放限值》,,解析文本拼接_表格清洗增强_01_001-020.md,019_佛山市朗信塑料制品有限公司新建项目_01_受理公告或公示版
PL020,PL020_佛山市朗信塑料制品有限公司新建项目_01_受理公告或公示版.pdf,53,2,28,完整,1.0,DW001 | 、 | 达标后通过市政管网,,解析文本拼接_表格清洗增强_01_001-020.md,019_佛山市朗信塑料制品有限公司新建项目_01_受理公告或公示版
PL020,PL020_佛山市朗信塑料制品有限公司新建项目_01_受理公告或公示版.pdf,53,2,30,疑似缺失,0.667,、 、 | 引至勒流污水处理厂 | DB44/26-2001,、 、,解析文本拼接_表格清洗增强_01_001-020.md,019_佛山市朗信塑料制品有限公司新建项目_01_受理公告或公示版
PL020,PL020_佛山市朗信塑料制品有限公司新建项目_01_受理公告或公示版.pdf,53,2,31,部分,0.75,"地表水环 | 放口 | BOD SS
5 | 段三级标准","BOD SS
5",解析文本拼接_表格清洗增强_01_001-020.md,019_佛山市朗信塑料制品有限公司新建项目_01_受理公告或公示版
PL020,PL020_佛山市朗信塑料制品有限公司新建项目_01_受理公告或公示版.pdf,53,2,39,完整,1.0,生产设备 | 等效连续 | 厂房隔声、风机消声、,,解析文本拼接_表格清洗增强_01_001-020.md,019_佛山市朗信塑料制品有限公司新建项目_01_受理公告或公示版
PL020,PL020_佛山市朗信塑料制品有限公司新建项目_01_受理公告或公示版.pdf,53,2,40,疑似缺失,0.5,声环境 | 放标准》（ ）,放标准》（ ）,解析文本拼接_表格清洗增强_01_001-020.md,019_佛山市朗信塑料制品有限公司新建项目_01_受理公告或公示版
PL020,PL020_佛山市朗信塑料制品有限公司新建项目_01_受理公告或公示版.pdf,53,2,41,完整,1.0,噪声 | 声级 | 设备减振 | GB12348-2008,,解析文本拼接_表格清洗增强_01_001-020.md,019_佛山市朗信塑料制品有限公司新建项目_01_受理公告或公示版
PL020,PL020_佛山市朗信塑料制品有限公司新建项目_01_受理公告或公示版.pdf,53,2,42,疑似缺失,0.5,A | 中的 类标准,中的 类标准,解析文本拼接_表格清洗增强_01_001-020.md,019_佛山市朗信塑料制品有限公司新建项目_01_受理公告或公示版
PL020,PL020_佛山市朗信塑料制品有限公司新建项目_01_受理公告或公示版.pdf,53,2,45,完整,1.0,（1）员工生 | 活垃圾定期 | 交由环卫部门清理；,,解析文本拼接_表格清洗增强_01_001-020.md,019_佛山市朗信塑料制品有限公司新建项目_01_受理公告或公示版
PL020,PL020_佛山市朗信塑料制品有限公司新建项目_01_受理公告或公示版.pdf,53,2,46,完整,1.0,（2）要求项 | 目在室内建 | 设一个占地面积≥10m2的 | 一般工业固废暂存间。建,,解析文本拼接_表格清洗增强_01_001-020.md,019_佛山市朗信塑料制品有限公司新建项目_01_受理公告或公示版
PL020,PL020_佛山市朗信塑料制品有限公司新建项目_01_受理公告或公示版.pdf,53,2,50,完整,1.0,（3）要求项 | 目在室内建 | 设一个占地面积≥5m2的 | 危废暂存间。建设单位须根,,解析文本拼接_表格清洗增强_01_001-020.md,019_佛山市朗信塑料制品有限公司新建项目_01_受理公告或公示版
PL020,PL020_佛山市朗信塑料制品有限公司新建项目_01_受理公告或公示版.pdf,54,1,2,完整,1.0,"土壤及地
下水污染
防治措施 | 生产厂房和周边环境地面已做好水泥面硬化防渗措施，危险废物分类暂存于
危废暂存间内，危废暂存间按照《危险废物贮存污染控制标准》（GB
18597-2023）要求落实好“防雨、防渗、防泄漏”等措施。",,解析文本拼接_表格清洗增强_01_001-020.md,019_佛山市朗信塑料制品有限公司新建项目_01_受理公告或公示版
PL020,PL020_佛山市朗信塑料制品有限公司新建项目_01_受理公告或公示版.pdf,54,2,8,完整,1.0,下水污染 | 危废暂存间内，危废暂存间按照《危险废物贮存污染控制标准》（GB,,解析文本拼接_表格清洗增强_01_001-020.md,019_佛山市朗信塑料制品有限公司新建项目_01_受理公告或公示版
PL020,PL020_佛山市朗信塑料制品有限公司新建项目_01_受理公告或公示版.pdf,54,2,9,完整,1.0,防治措施 | 18597-2023）要求落实好“防雨、防渗、防泄漏”等措施。,,解析文本拼接_表格清洗增强_01_001-020.md,019_佛山市朗信塑料制品有限公司新建项目_01_受理公告或公示版
PL020,PL020_佛山市朗信塑料制品有限公司新建项目_01_受理公告或公示版.pdf,55,1,2,完整,1.0,"其他环境
管理要求 | ①本项目建设应执行配套建设的环境保护设施与主体工程同时设计、同时施
工、同时投产使用的“三同时”制度。根据《关于发布<突发环境事件应急预
案备案行业名录（指导性意见）>的通知》（粤环[2018]44 号）、《佛山市
生态环境局关于印发危险废物产生单位突发环境事件应急预案备案的指导
意见（试行）》（佛环[2020]54 号），本项目属于",,解析文本拼接_表格清洗增强_01_001-020.md,019_佛山市朗信塑料制品有限公司新建项目_01_受理公告或公示版
PL020,PL020_佛山市朗信塑料制品有限公司新建项目_01_受理公告或公示版.pdf,58,1,1,完整,1.0,"项目
分类 | 污染物名称 | 现有工程
排放量（固体废
物产生量）① | 现有工程
许可排放量
② | 在建工程
排放量（固体废物
产生量）③ | 本项目
排放量（固体废
物产生量）④ | 以新带老削减量
（新建项目不填）⑤ | 本项目建成后
全厂排放量（固体废物
产生量）⑥ | 变化量
⑦",,解析文本拼接_表格清洗增强_01_001-020.md,019_佛山市朗信塑料制品有限公司新建项目_01_受理公告或公示版
PL020,PL020_佛山市朗信塑料制品有限公司新建项目_01_受理公告或公示版.pdf,58,1,2,完整,1.0,"废气 | 非甲烷总
烃 | 有组织 | 0 | 0 | 0 | 0.284 | 0 | 0.284 | +0.284",,解析文本拼接_表格清洗增强_01_001-020.md,019_佛山市朗信塑料制品有限公司新建项目_01_受理公告或公示版
PL020,PL020_佛山市朗信塑料制品有限公司新建项目_01_受理公告或公示版.pdf,58,1,3,完整,1.0,无组织 | 0 | 0 | 0 | 0.567 | 0 | 0.567 | +0.567,,解析文本拼接_表格清洗增强_01_001-020.md,019_佛山市朗信塑料制品有限公司新建项目_01_受理公告或公示版
PL020,PL020_佛山市朗信塑料制品有限公司新建项目_01_受理公告或公示版.pdf,58,1,4,完整,1.0,颗粒物 | 无组织 | 0 | 0 | 0 | 0.1714 | 0 | 0.1714 | +0.1714,,解析文本拼接_表格清洗增强_01_001-020.md,019_佛山市朗信塑料制品有限公司新建项目_01_受理公告或公示版
PL020,PL020_佛山市朗信塑料制品有限公司新建项目_01_受理公告或公示版.pdf,58,1,5,完整,1.0,"废水 | COD
Cr | 0 | 0 | 0 | 0.012 | 0 | 0.012 | +0.012",,解析文本拼接_表格清洗增强_01_001-020.md,019_佛山市朗信塑料制品有限公司新建项目_01_受理公告或公示版
PL020,PL020_佛山市朗信塑料制品有限公司新建项目_01_受理公告或公示版.pdf,58,1,6,完整,1.0,"BOD
5 | 0 | 0 | 0 | 0.003 | 0 | 0.003 | +0.003",,解析文本拼接_表格清洗增强_01_001-020.md,019_佛山市朗信塑料制品有限公司新建项目_01_受理公告或公示版
PL020,PL020_佛山市朗信塑料制品有限公司新建项目_01_受理公告或公示版.pdf,58,1,7,部分,0.875,"NH -N
3 | 0 | 0 | 0 | 0.001 | 0 | 0.001 | +0.001","NH -N
3",解析文本拼接_表格清洗增强_01_001-020.md,019_佛山市朗信塑料制品有限公司新建项目_01_受理公告或公示版
PL020,PL020_佛山市朗信塑料制品有限公司新建项目_01_受理公告或公示版.pdf,58,1,8,完整,1.0,SS | 0 | 0 | 0 | 0.003 | 0 | 0.003 | +0.003,,解析文本拼接_表格清洗增强_01_001-020.md,019_佛山市朗信塑料制品有限公司新建项目_01_受理公告或公示版
PL020,PL020_佛山市朗信塑料制品有限公司新建项目_01_受理公告或公示版.pdf,58,1,9,完整,1.0,生活垃圾 | 生活垃圾 | 0 | 0 | 0 | 4.8 | 0 | 4.8 | +4.8,,解析文本拼接_表格清洗增强_01_001-020.md,019_佛山市朗信塑料制品有限公司新建项目_01_受理公告或公示版
PL020,PL020_佛山市朗信塑料制品有限公司新建项目_01_受理公告或公示版.pdf,58,1,10,完整,1.0,"一般工业
固体废物 | 一般废包装材料 | 0 | 0 | 0 | 3.3762 | 0 | 3.3762 | +3.3762",,解析文本拼接_表格清洗增强_01_001-020.md,019_佛山市朗信塑料制品有限公司新建项目_01_受理公告或公示版
PL020,PL020_佛山市朗信塑料制品有限公司新建项目_01_受理公告或公示版.pdf,58,1,11,完整,1.0,危险废物 | 废机油 | 0 | 0 | 0 | 0.2 | 0 | 0.2 | +0.2,,解析文本拼接_表格清洗增强_01_001-020.md,019_佛山市朗信塑料制品有限公司新建项目_01_受理公告或公示版
PL020,PL020_佛山市朗信塑料制品有限公司新建项目_01_受理公告或公示版.pdf,58,1,12,完整,1.0,含油废抹布 | 0 | 0 | 0 | 0.01 | 0 | 0.01 | +0.01,,解析文本拼接_表格清洗增强_01_001-020.md,019_佛山市朗信塑料制品有限公司新建项目_01_受理公告或公示版
PL020,PL020_佛山市朗信塑料制品有限公司新建项目_01_受理公告或公示版.pdf,58,1,13,完整,1.0,废油桶 | 0 | 0 | 0 | 0.032 | 0 | 0.032 | +0.032,,解析文本拼接_表格清洗增强_01_001-020.md,019_佛山市朗信塑料制品有限公司新建项目_01_受理公告或公示版
PL020,PL020_佛山市朗信塑料制品有限公司新建项目_01_受理公告或公示版.pdf,58,1,14,完整,1.0,废活性炭 | 0 | 0 | 0 | 6.043 | 0 | 6.043 | +6.043,,解析文本拼接_表格清洗增强_01_001-020.md,019_佛山市朗信塑料制品有限公司新建项目_01_受理公告或公示版
PL020,PL020_佛山市朗信塑料制品有限公司新建项目_01_受理公告或公示版.pdf,58,2,3,完整,1.0,污染物名称 | 排放量（固体废 | 许可排放量 | 排放量（固体废物 | 排放量（固体废 | 全厂排放量（固体废物,,解析文本拼接_表格清洗增强_01_001-020.md,019_佛山市朗信塑料制品有限公司新建项目_01_受理公告或公示版
PL020,PL020_佛山市朗信塑料制品有限公司新建项目_01_受理公告或公示版.pdf,58,2,6,部分,0.889,"非 | 有组织
甲烷总 | 0 | 0 | 0 | 0.284 | 0 | 0.284 | +0.284","有组织
甲烷总",解析文本拼接_表格清洗增强_01_001-020.md,019_佛山市朗信塑料制品有限公司新建项目_01_受理公告或公示版
PL020,PL020_佛山市朗信塑料制品有限公司新建项目_01_受理公告或公示版.pdf,58,2,9,完整,1.0,0 | 0 | 0 | 0.567 | 0 | 0.567 | +0.567,,解析文本拼接_表格清洗增强_01_001-020.md,019_佛山市朗信塑料制品有限公司新建项目_01_受理公告或公示版
PL020,PL020_佛山市朗信塑料制品有限公司新建项目_01_受理公告或公示版.pdf,58,2,10,完整,1.0,颗粒物 无组织 | 0 | 0 | 0 | 0.1714 | 0 | 0.1714 | +0.1714,,解析文本拼接_表格清洗增强_01_001-020.md,019_佛山市朗信塑料制品有限公司新建项目_01_受理公告或公示版
PL020,PL020_佛山市朗信塑料制品有限公司新建项目_01_受理公告或公示版.pdf,58,2,11,完整,1.0,"COD
Cr | 0 | 0 | 0 | 0.012 | 0 | 0.012 | +0.012",,解析文本拼接_表格清洗增强_01_001-020.md,019_佛山市朗信塑料制品有限公司新建项目_01_受理公告或公示版
PL020,PL020_佛山市朗信塑料制品有限公司新建项目_01_受理公告或公示版.pdf,58,2,12,完整,1.0,"BOD
5 | 0 | 0 | 0 | 0.003 | 0 | 0.003 | +0.003",,解析文本拼接_表格清洗增强_01_001-020.md,019_佛山市朗信塑料制品有限公司新建项目_01_受理公告或公示版
PL020,PL020_佛山市朗信塑料制品有限公司新建项目_01_受理公告或公示版.pdf,58,2,14,部分,0.875,"NH -N
3 | 0 | 0 | 0 | 0.001 | 0 | 0.001 | +0.001","NH -N
3",解析文本拼接_表格清洗增强_01_001-020.md,019_佛山市朗信塑料制品有限公司新建项目_01_受理公告或公示版
PL020,PL020_佛山市朗信塑料制品有限公司新建项目_01_受理公告或公示版.pdf,58,2,15,完整,1.0,SS | 0 | 0 | 0 | 0.003 | 0 | 0.003 | +0.003,,解析文本拼接_表格清洗增强_01_001-020.md,019_佛山市朗信塑料制品有限公司新建项目_01_受理公告或公示版
PL020,PL020_佛山市朗信塑料制品有限公司新建项目_01_受理公告或公示版.pdf,58,2,16,完整,1.0,生活垃圾 | 生活垃圾 | 0 | 0 | 0 | 4.8 | 0 | 4.8 | +4.8,,解析文本拼接_表格清洗增强_01_001-020.md,019_佛山市朗信塑料制品有限公司新建项目_01_受理公告或公示版
PL020,PL020_佛山市朗信塑料制品有限公司新建项目_01_受理公告或公示版.pdf,58,2,19,完整,1.0,0 | 0 | 0 | 3.3762 | 0 | 3.3762 | +3.3762,,解析文本拼接_表格清洗增强_01_001-020.md,019_佛山市朗信塑料制品有限公司新建项目_01_受理公告或公示版
PL020,PL020_佛山市朗信塑料制品有限公司新建项目_01_受理公告或公示版.pdf,58,2,21,完整,1.0,废机油 | 0 | 0 | 0 | 0.2 | 0 | 0.2 | +0.2,,解析文本拼接_表格清洗增强_01_001-020.md,019_佛山市朗信塑料制品有限公司新建项目_01_受理公告或公示版
PL020,PL020_佛山市朗信塑料制品有限公司新建项目_01_受理公告或公示版.pdf,58,2,22,完整,1.0,含油废抹布 | 0 | 0 | 0 | 0.01 | 0 | 0.01 | +0.01,,解析文本拼接_表格清洗增强_01_001-020.md,019_佛山市朗信塑料制品有限公司新建项目_01_受理公告或公示版
PL020,PL020_佛山市朗信塑料制品有限公司新建项目_01_受理公告或公示版.pdf,58,2,24,完整,1.0,废油桶 | 0 | 0 | 0 | 0.032 | 0 | 0.032 | +0.032,,解析文本拼接_表格清洗增强_01_001-020.md,019_佛山市朗信塑料制品有限公司新建项目_01_受理公告或公示版
PL020,PL020_佛山市朗信塑料制品有限公司新建项目_01_受理公告或公示版.pdf,58,2,25,完整,1.0,废活性炭 | 0 | 0 | 0 | 6.043 | 0 | 6.043 | +6.043,,解析文本拼接_表格清洗增强_01_001-020.md,019_佛山市朗信塑料制品有限公司新建项目_01_受理公告或公示版
PL021,PL021_佛山市顺德区共诺电子元件厂搬迁项目_01_受理公告或公示版.pdf,6,1,3,完整,1.0,建设单位联系人 | 姚国胜 | 姚国胜 | 联系方式 | 18138525488,,解析文本拼接_表格清洗增强_05_081-100.md,090_佛山市顺德区共诺电子元件厂搬迁项目_01_受理公告或公示版
PL021,PL021_佛山市顺德区共诺电子元件厂搬迁项目_01_受理公告或公示版.pdf,6,1,4,完整,1.0,建设地点 | 广东省佛山市顺德区大良街道古鉴村凤翔路三街8号3楼之二,,解析文本拼接_表格清洗增强_05_081-100.md,090_佛山市顺德区共诺电子元件厂搬迁项目_01_受理公告或公示版
PL021,PL021_佛山市顺德区共诺电子元件厂搬迁项目_01_受理公告或公示版.pdf,6,1,5,完整,1.0,地理坐标 | （北纬22 度 50 分 39.195 秒，东经113 度 13 分 49.350 秒）,,解析文本拼接_表格清洗增强_05_081-100.md,090_佛山市顺德区共诺电子元件厂搬迁项目_01_受理公告或公示版
PL021,PL021_佛山市顺德区共诺电子元件厂搬迁项目_01_受理公告或公示版.pdf,6,1,6,完整,1.0,"国民经济
行业类别 | C2929 塑料零件及其他塑
料制品制造 | 建设项目
行业类别 | 二十六、橡胶和塑料制品业29-53 塑
料制品业292-其他（年用非溶剂型低
VOCs含量涂料10吨以下的除外）",,解析文本拼接_表格清洗增强_05_081-100.md,090_佛山市顺德区共诺电子元件厂搬迁项目_01_受理公告或公示版
PL021,PL021_佛山市顺德区共诺电子元件厂搬迁项目_01_受理公告或公示版.pdf,6,1,10,完整,1.0,总投资（万元） | 250 | 环保投资（万元） | 10,,解析文本拼接_表格清洗增强_05_081-100.md,090_佛山市顺德区共诺电子元件厂搬迁项目_01_受理公告或公示版
PL021,PL021_佛山市顺德区共诺电子元件厂搬迁项目_01_受理公告或公示版.pdf,6,1,11,完整,1.0,环保投资占比（%） | 4% | 施工工期 | 1个月,,解析文本拼接_表格清洗增强_05_081-100.md,090_佛山市顺德区共诺电子元件厂搬迁项目_01_受理公告或公示版
PL021,PL021_佛山市顺德区共诺电子元件厂搬迁项目_01_受理公告或公示版.pdf,6,1,12,完整,1.0,"是否开工建设 | 否
是： | 用地（用海）
面积（m2） | 600",,解析文本拼接_表格清洗增强_05_081-100.md,090_佛山市顺德区共诺电子元件厂搬迁项目_01_受理公告或公示版
PL021,PL021_佛山市顺德区共诺电子元件厂搬迁项目_01_受理公告或公示版.pdf,6,1,14,疑似缺失,0.5,"规划情况 | 规划名称：《大良街道105国道以西北片（DL-01-02、DL-01-03、DL-01-04）控
制性详细规划》","规划名称：《大良街道105国道以西北片（DL-01-02、DL-01-03、DL-01-04）控
制性详细规划》",解析文本拼接_表格清洗增强_05_081-100.md,090_佛山市顺德区共诺电子元件厂搬迁项目_01_受理公告或公示版
PL021,PL021_佛山市顺德区共诺电子元件厂搬迁项目_01_受理公告或公示版.pdf,6,1,16,疑似缺失,0.5,"规划及规划环境
影响评价符合性
分析 | 根据《大良街道105国道以西北片（DL-01-02、DL-01-03、DL-01-04）控制性详
细规划》，项目用地为一类工业用地，符合规划要求","根据《大良街道105国道以西北片（DL-01-02、DL-01-03、DL-01-04）控制性详
细规划》，项目用地为一类工业用地，符合规划要求",解析文本拼接_表格清洗增强_05_081-100.md,090_佛山市顺德区共诺电子元件厂搬迁项目_01_受理公告或公示版
PL021,PL021_佛山市顺德区共诺电子元件厂搬迁项目_01_受理公告或公示版.pdf,6,2,4,完整,1.0,建设单位联系人 | 联系方式 | 18138525488,,解析文本拼接_表格清洗增强_05_081-100.md,090_佛山市顺德区共诺电子元件厂搬迁项目_01_受理公告或公示版
PL021,PL021_佛山市顺德区共诺电子元件厂搬迁项目_01_受理公告或公示版.pdf,6,2,5,完整,1.0,建设地点 | 广东省佛山市顺 | 德区大良街道古鉴 | 村凤翔路三街8号3楼之二,,解析文本拼接_表格清洗增强_05_081-100.md,090_佛山市顺德区共诺电子元件厂搬迁项目_01_受理公告或公示版
PL021,PL021_佛山市顺德区共诺电子元件厂搬迁项目_01_受理公告或公示版.pdf,6,2,6,完整,1.0,地理坐标 | （北纬22 度 50 | 分 39.195 秒，东 | 经113 度 13 分 49.350 秒）,,解析文本拼接_表格清洗增强_05_081-100.md,090_佛山市顺德区共诺电子元件厂搬迁项目_01_受理公告或公示版
PL021,PL021_佛山市顺德区共诺电子元件厂搬迁项目_01_受理公告或公示版.pdf,6,2,9,疑似缺失,0.5,C2929 | 料制品业 其他（年用非溶剂型低,料制品业 其他（年用非溶剂型低,解析文本拼接_表格清洗增强_05_081-100.md,090_佛山市顺德区共诺电子元件厂搬迁项目_01_受理公告或公示版
PL021,PL021_佛山市顺德区共诺电子元件厂搬迁项目_01_受理公告或公示版.pdf,6,2,10,完整,1.0,行业类别 | 料制品制造 | 行业类别 | 292-,,解析文本拼接_表格清洗增强_05_081-100.md,090_佛山市顺德区共诺电子元件厂搬迁项目_01_受理公告或公示版
PL021,PL021_佛山市顺德区共诺电子元件厂搬迁项目_01_受理公告或公示版.pdf,6,2,22,完整,1.0,总投资（万元） | 250 | 环保投资（万元） | 10,,解析文本拼接_表格清洗增强_05_081-100.md,090_佛山市顺德区共诺电子元件厂搬迁项目_01_受理公告或公示版
PL021,PL021_佛山市顺德区共诺电子元件厂搬迁项目_01_受理公告或公示版.pdf,6,2,23,完整,1.0,保投资占比（%） | 4% | 施工工期 | 1个月,,解析文本拼接_表格清洗增强_05_081-100.md,090_佛山市顺德区共诺电子元件厂搬迁项目_01_受理公告或公示版
PL021,PL021_佛山市顺德区共诺电子元件厂搬迁项目_01_受理公告或公示版.pdf,6,2,25,完整,1.0,是否开工建设 | 2 | 600,,解析文本拼接_表格清洗增强_05_081-100.md,090_佛山市顺德区共诺电子元件厂搬迁项目_01_受理公告或公示版
PL021,PL021_佛山市顺德区共诺电子元件厂搬迁项目_01_受理公告或公示版.pdf,6,2,30,疑似缺失,0.0,规划名称：《大良街道10 | 5国道以西北片（D | L-01-02、DL-01-03、DL-01-04）控,规划名称：《大良街道10；5国道以西北片（D；L-01-02、DL-01-03、DL-01-04）控,解析文本拼接_表格清洗增强_05_081-100.md,090_佛山市顺德区共诺电子元件厂搬迁项目_01_受理公告或公示版
PL021,PL021_佛山市顺德区共诺电子元件厂搬迁项目_01_受理公告或公示版.pdf,6,2,35,疑似缺失,0.25,规划及规划环境 | 根据《大良街道105国道 | 以西北片（DL-01-0 | 2、DL-01-03、DL-01-04）控制性详,根据《大良街道105国道；以西北片（DL-01-0；2、DL-01-03、DL-01-04）控制性详,解析文本拼接_表格清洗增强_05_081-100.md,090_佛山市顺德区共诺电子元件厂搬迁项目_01_受理公告或公示版
PL021,PL021_佛山市顺德区共诺电子元件厂搬迁项目_01_受理公告或公示版.pdf,8,1,3,完整,1.0,"1 | 《广东省生态环
境厅关于做好重
点行业建设项目
挥发性有机物总
量指标管理工作
的通知》（粤环
发〔2019〕2号） | 各地应当按照“最优的设计、先进的
设备、最严的管理”要求对建设项目
VOCs排放总量进行管理，并按照“以
减量定增量”原则，动态管理VOCs
总量指标。新、改、扩建排放VOCs
的重点行业建设项目应当执行总量
替代制度，重点行业包",,解析文本拼接_表格清洗增强_05_081-100.md,090_佛山市顺德区共诺电子元件厂搬迁项目_01_受理公告或公示版
PL021,PL021_佛山市顺德区共诺电子元件厂搬迁项目_01_受理公告或公示版.pdf,8,1,4,完整,1.0,"2 | 关于印发《重点
行业挥发性有机
物综合治理方
案》的通知（环
大气〔2019〕53
号） | 通过使用水性、粉末、高固体分、无
溶剂、辐射烘干等低VOCs含量的涂
料，水性、辐射烘干、植物基等低
VOCs含量的油墨，水基、热熔、无
溶剂、辐射烘干、改性、生物降解等
低VOCs含量的胶粘剂，以及低
VOCs含量、低反应活性的清洗剂等，
替代溶剂型涂料、",,解析文本拼接_表格清洗增强_05_081-100.md,090_佛山市顺德区共诺电子元件厂搬迁项目_01_受理公告或公示版
PL021,PL021_佛山市顺德区共诺电子元件厂搬迁项目_01_受理公告或公示版.pdf,8,1,5,疑似缺失,0.667,"含VOCs物料生产和使用过程，应采
取有效收集措施或在密闭空间中操
作。 | 项目注塑废气经整室收集，经
活性炭吸附装置处理后通过
15m高G1排气筒达标排放。
废气采取有效收集措施。 | 符合","项目注塑废气经整室收集，经
活性炭吸附装置处理后通过
15m高G1排气筒达标排放。
废气采取有效收集措施。",解析文本拼接_表格清洗增强_05_081-100.md,090_佛山市顺德区共诺电子元件厂搬迁项目_01_受理公告或公示版
PL021,PL021_佛山市顺德区共诺电子元件厂搬迁项目_01_受理公告或公示版.pdf,8,1,6,完整,1.0,"3 | 关于印发《广东
省涉挥发性有机
物（VOCs）重点
行业治理指引》
的通知（粤环办
〔2021〕43号） | 43-VOCs物料转移和输送-粉状、
粒状 VOCs物料采用气力输送设
备、管状带式输送机、螺旋输送机
等密闭输送方式，或者采用密闭的
包装袋、容器或罐车进行物料转移。 | 项目使用的塑料为固态，常
温条件下不会产生有机废
气。塑料在转移过程",,解析文本拼接_表格清洗增强_05_081-100.md,090_佛山市顺德区共诺电子元件厂搬迁项目_01_受理公告或公示版
PL021,PL021_佛山市顺德区共诺电子元件厂搬迁项目_01_受理公告或公示版.pdf,8,1,7,疑似缺失,0.333,"45-工艺过程-在混合/混炼、塑炼/
塑化/熔化、加工成型（挤出、注射、
压制、压延、发泡、纺丝等）、硫 | 项目注塑废气经整室收集，
经活性炭吸附装置处理后
通过15m高排气筒达标排 | 符
合","45-工艺过程-在混合/混炼、塑炼/
塑化/熔化、加工成型（挤出、注射、
压制、压延、发泡、纺丝等）、硫；项目注塑废气经整室收集，
经活性炭吸附装置处理后
通过15m高排气筒达标排",解析文本拼接_表格清洗增强_05_081-100.md,090_佛山市顺德区共诺电子元件厂搬迁项目_01_受理公告或公示版
PL021,PL021_佛山市顺德区共诺电子元件厂搬迁项目_01_受理公告或公示版.pdf,8,2,2,完整,1.0,控 | 方案（2024年 | 版）〉的通知》（佛环〔2024〕 | 2 | 0号）发布的佛山市环境 | 管控,,解析文本拼接_表格清洗增强_05_081-100.md,090_佛山市顺德区共诺电子元件厂搬迁项目_01_受理公告或公示版
PL021,PL021_佛山市顺德区共诺电子元件厂搬迁项目_01_受理公告或公示版.pdf,8,2,4,完整,1.0,分 | 区管控方案的通 | 知》（顺府发〔2021〕11号） | 发 | 布的顺德区环境管控单元 | 图，,,解析文本拼接_表格清洗增强_05_081-100.md,090_佛山市顺德区共诺电子元件厂搬迁项目_01_受理公告或公示版
PL021,PL021_佛山市顺德区共诺电子元件厂搬迁项目_01_受理公告或公示版.pdf,8,2,5,完整,1.0,项 | 目所在地属于广 | 东省佛山市顺德区重点管控单元 | 2（编码为ZH440606200 | 02，,,解析文本拼接_表格清洗增强_05_081-100.md,090_佛山市顺德区共诺电子元件厂搬迁项目_01_受理公告或公示版
PL021,PL021_佛山市顺德区共诺电子元件厂搬迁项目_01_受理公告或公示版.pdf,8,2,6,完整,1.0,名 | 称为大良街道重 | 点管控区，详见附图8），属于 | 水环境城镇生活污染重点 | 管控,,解析文本拼接_表格清洗增强_05_081-100.md,090_佛山市顺德区共诺电子元件厂搬迁项目_01_受理公告或公示版
PL021,PL021_佛山市顺德区共诺电子元件厂搬迁项目_01_受理公告或公示版.pdf,8,2,9,完整,1.0,市 | 顺德区重点管控 | 单元2准入清单的相符性分析如 | 表1-2。,,解析文本拼接_表格清洗增强_05_081-100.md,090_佛山市顺德区共诺电子元件厂搬迁项目_01_受理公告或公示版
PL021,PL021_佛山市顺德区共诺电子元件厂搬迁项目_01_受理公告或公示版.pdf,8,2,10,完整,1.0,5、项目与环 | 保相关法律法规相符性,,解析文本拼接_表格清洗增强_05_081-100.md,090_佛山市顺德区共诺电子元件厂搬迁项目_01_受理公告或公示版
PL021,PL021_佛山市顺德区共诺电子元件厂搬迁项目_01_受理公告或公示版.pdf,8,2,11,完整,1.0,本项目与广东 | 省发布的有机污染物治理政策的 | 相符性分析见表1-1：,,解析文本拼接_表格清洗增强_05_081-100.md,090_佛山市顺德区共诺电子元件厂搬迁项目_01_受理公告或公示版
PL021,PL021_佛山市顺德区共诺电子元件厂搬迁项目_01_受理公告或公示版.pdf,8,2,12,完整,1.0,表1-1 项目与环保相关法律 | 法规分析,,解析文本拼接_表格清洗增强_05_081-100.md,090_佛山市顺德区共诺电子元件厂搬迁项目_01_受理公告或公示版
PL021,PL021_佛山市顺德区共诺电子元件厂搬迁项目_01_受理公告或公示版.pdf,8,2,16,完整,1.0,各地应当按照“最优的设计、先进的 | 项目执行总量替代制度，项目,,解析文本拼接_表格清洗增强_05_081-100.md,090_佛山市顺德区共诺电子元件厂搬迁项目_01_受理公告或公示版
PL021,PL021_佛山市顺德区共诺电子元件厂搬迁项目_01_受理公告或公示版.pdf,8,2,17,完整,1.0,设备、最严的管理”要求对建设项目 | 注塑工序NMHC有组织排放,,解析文本拼接_表格清洗增强_05_081-100.md,090_佛山市顺德区共诺电子元件厂搬迁项目_01_受理公告或公示版
PL021,PL021_佛山市顺德区共诺电子元件厂搬迁项目_01_受理公告或公示版.pdf,8,2,18,疑似缺失,0.0,排放总量进行管理，并按照 以 | 量为 ，无组织排放量,排放总量进行管理，并按照 以；量为 ，无组织排放量,解析文本拼接_表格清洗增强_05_081-100.md,090_佛山市顺德区共诺电子元件厂搬迁项目_01_受理公告或公示版
PL021,PL021_佛山市顺德区共诺电子元件厂搬迁项目_01_受理公告或公示版.pdf,8,2,19,疑似缺失,0.667,《广东省生态环 | VOCs “ | 0.164t/a,0.164t/a,解析文本拼接_表格清洗增强_05_081-100.md,090_佛山市顺德区共诺电子元件厂搬迁项目_01_受理公告或公示版
PL021,PL021_佛山市顺德区共诺电子元件厂搬迁项目_01_受理公告或公示版.pdf,8,2,21,疑似缺失,0.333,境厅关于做好重 | ” VOCs | 0.037t/a NMHC,” VOCs；0.037t/a NMHC,解析文本拼接_表格清洗增强_05_081-100.md,090_佛山市顺德区共诺电子元件厂搬迁项目_01_受理公告或公示版
PL021,PL021_佛山市顺德区共诺电子元件厂搬迁项目_01_受理公告或公示版.pdf,8,2,22,完整,1.0,点行业建设项目 | 总量指标。新、改、扩建排放VOCs | 织及无组织合计排放量为,,解析文本拼接_表格清洗增强_05_081-100.md,090_佛山市顺德区共诺电子元件厂搬迁项目_01_受理公告或公示版
PL021,PL021_佛山市顺德区共诺电子元件厂搬迁项目_01_受理公告或公示版.pdf,8,2,23,完整,1.0,的重点行业建设项目应当执行总量 | 。根据《关于做好建,,解析文本拼接_表格清洗增强_05_081-100.md,090_佛山市顺德区共诺电子元件厂搬迁项目_01_受理公告或公示版
PL021,PL021_佛山市顺德区共诺电子元件厂搬迁项目_01_受理公告或公示版.pdf,8,2,24,部分,0.75,挥发性有机物总 | 0 | .201t/a | 符合,.201t/a,解析文本拼接_表格清洗增强_05_081-100.md,090_佛山市顺德区共诺电子元件厂搬迁项目_01_受理公告或公示版
PL021,PL021_佛山市顺德区共诺电子元件厂搬迁项目_01_受理公告或公示版.pdf,8,2,26,完整,1.0,量指标管理工作 | 替代制度，重点行业包括炼油与石 | 设项目挥发性有机物（VOCs）,,解析文本拼接_表格清洗增强_05_081-100.md,090_佛山市顺德区共诺电子元件厂搬迁项目_01_受理公告或公示版
PL021,PL021_佛山市顺德区共诺电子元件厂搬迁项目_01_受理公告或公示版.pdf,8,2,28,疑似缺失,0.667,发〔 〕 号） | 药品原料药制造、合成纤维制造、表 | 知》（粤环函〔2021〕537号）,发〔 〕 号）,解析文本拼接_表格清洗增强_05_081-100.md,090_佛山市顺德区共诺电子元件厂搬迁项目_01_受理公告或公示版
PL021,PL021_佛山市顺德区共诺电子元件厂搬迁项目_01_受理公告或公示版.pdf,8,2,29,疑似缺失,0.667,2019 2 | 面涂装、印刷、制鞋、家具制造、人 | 文件要求，待项目审批时由生,2019 2,解析文本拼接_表格清洗增强_05_081-100.md,090_佛山市顺德区共诺电子元件厂搬迁项目_01_受理公告或公示版
PL021,PL021_佛山市顺德区共诺电子元件厂搬迁项目_01_受理公告或公示版.pdf,8,2,30,完整,1.0,造板制造、电子元件制造、纺织印染、 | 态环境部门核定VOCs总量来,,解析文本拼接_表格清洗增强_05_081-100.md,090_佛山市顺德区共诺电子元件厂搬迁项目_01_受理公告或公示版
PL021,PL021_佛山市顺德区共诺电子元件厂搬迁项目_01_受理公告或公示版.pdf,8,2,31,完整,1.0,塑料制造及塑料制品等12个行业。 | 源。,,解析文本拼接_表格清洗增强_05_081-100.md,090_佛山市顺德区共诺电子元件厂搬迁项目_01_受理公告或公示版
PL021,PL021_佛山市顺德区共诺电子元件厂搬迁项目_01_受理公告或公示版.pdf,8,2,36,完整,1.0,关于印发《重点 | VOCs | 本项目不使用涂料、油墨、胶,,解析文本拼接_表格清洗增强_05_081-100.md,090_佛山市顺德区共诺电子元件厂搬迁项目_01_受理公告或公示版
PL021,PL021_佛山市顺德区共诺电子元件厂搬迁项目_01_受理公告或公示版.pdf,8,2,39,完整,1.0,物综合治理方 | VOCs,,解析文本拼接_表格清洗增强_05_081-100.md,090_佛山市顺德区共诺电子元件厂搬迁项目_01_受理公告或公示版
PL021,PL021_佛山市顺德区共诺电子元件厂搬迁项目_01_受理公告或公示版.pdf,8,2,40,完整,1.0,2 | 案》的通知（环 | VOCs含量、低反应活性的清洗剂等，,,解析文本拼接_表格清洗增强_05_081-100.md,090_佛山市顺德区共诺电子元件厂搬迁项目_01_受理公告或公示版
PL021,PL021_佛山市顺德区共诺电子元件厂搬迁项目_01_受理公告或公示版.pdf,8,2,42,疑似缺失,0.5,大气〔2019〕53 | 洗剂等，从源头减少 产生。,洗剂等，从源头减少 产生。,解析文本拼接_表格清洗增强_05_081-100.md,090_佛山市顺德区共诺电子元件厂搬迁项目_01_受理公告或公示版
PL021,PL021_佛山市顺德区共诺电子元件厂搬迁项目_01_受理公告或公示版.pdf,8,2,43,完整,1.0,号） | VOCs,,解析文本拼接_表格清洗增强_05_081-100.md,090_佛山市顺德区共诺电子元件厂搬迁项目_01_受理公告或公示版
PL021,PL021_佛山市顺德区共诺电子元件厂搬迁项目_01_受理公告或公示版.pdf,8,2,44,疑似缺失,0.0,含 物料生产和使用过程，应采 | 项目注塑废气经整室收集，经,含 物料生产和使用过程，应采；项目注塑废气经整室收集，经,解析文本拼接_表格清洗增强_05_081-100.md,090_佛山市顺德区共诺电子元件厂搬迁项目_01_受理公告或公示版
PL021,PL021_佛山市顺德区共诺电子元件厂搬迁项目_01_受理公告或公示版.pdf,8,2,45,完整,1.0,VOCs | 活性炭吸附装置处理后通过,,解析文本拼接_表格清洗增强_05_081-100.md,090_佛山市顺德区共诺电子元件厂搬迁项目_01_受理公告或公示版
PL021,PL021_佛山市顺德区共诺电子元件厂搬迁项目_01_受理公告或公示版.pdf,8,2,48,疑似缺失,0.667,作。 | 1 | 5m G1,5m G1,解析文本拼接_表格清洗增强_05_081-100.md,090_佛山市顺德区共诺电子元件厂搬迁项目_01_受理公告或公示版
PL021,PL021_佛山市顺德区共诺电子元件厂搬迁项目_01_受理公告或公示版.pdf,8,2,55,完整,1.0,物（VOCs）重点 | 等密闭输送方式，或者采用密闭的,,解析文本拼接_表格清洗增强_05_081-100.md,090_佛山市顺德区共诺电子元件厂搬迁项目_01_受理公告或公示版
PL021,PL021_佛山市顺德区共诺电子元件厂搬迁项目_01_受理公告或公示版.pdf,8,2,56,完整,1.0,3 | 用密闭的包装袋封装。,,解析文本拼接_表格清洗增强_05_081-100.md,090_佛山市顺德区共诺电子元件厂搬迁项目_01_受理公告或公示版
PL021,PL021_佛山市顺德区共诺电子元件厂搬迁项目_01_受理公告或公示版.pdf,8,2,58,疑似缺失,0.667,的通知（粤环办 | 45-工艺过程-在混合/混炼、塑炼/ | 项目注塑废气经整室收集，,项目注塑废气经整室收集，,解析文本拼接_表格清洗增强_05_081-100.md,090_佛山市顺德区共诺电子元件厂搬迁项目_01_受理公告或公示版
PL021,PL021_佛山市顺德区共诺电子元件厂搬迁项目_01_受理公告或公示版.pdf,8,2,59,完整,1.0,〔2021〕43号） | 塑化/熔化、加工成型（挤出、注射、 | 经活性炭吸附装置处理后 | 符,,解析文本拼接_表格清洗增强_05_081-100.md,090_佛山市顺德区共诺电子元件厂搬迁项目_01_受理公告或公示版
PL021,PL021_佛山市顺德区共诺电子元件厂搬迁项目_01_受理公告或公示版.pdf,8,2,61,完整,1.0,压制、压延、发泡、纺丝等）、硫 | 通过15m高排气筒达标排,,解析文本拼接_表格清洗增强_05_081-100.md,090_佛山市顺德区共诺电子元件厂搬迁项目_01_受理公告或公示版
PL021,PL021_佛山市顺德区共诺电子元件厂搬迁项目_01_受理公告或公示版.pdf,9,1,1,完整,1.0,"化等作用中应采用密闭设备或在密
闭空间中操作，废气应排至VOCs
废气收集处理系统；无法密闭的，
应采取局部气体收集措施，废气排
至VOCs废气收集处理系统。 | 放。",,解析文本拼接_表格清洗增强_05_081-100.md,090_佛山市顺德区共诺电子元件厂搬迁项目_01_受理公告或公示版
PL021,PL021_佛山市顺德区共诺电子元件厂搬迁项目_01_受理公告或公示版.pdf,9,1,2,疑似缺失,0.667,"49-废气收集-采用外部集气罩的，
距集气罩开口面最远处的VOCs无
组织排放位置，控制风速不低于
0.3m/s。 | 项目注塑废气经整室收集。 | 符
合",项目注塑废气经整室收集。,解析文本拼接_表格清洗增强_05_081-100.md,090_佛山市顺德区共诺电子元件厂搬迁项目_01_受理公告或公示版
PL021,PL021_佛山市顺德区共诺电子元件厂搬迁项目_01_受理公告或公示版.pdf,9,1,3,完整,1.0,"50-废气收集-废气收集系统的输送
管道应密闭。废气收集系统应在负
压下运行，若处于正压状态，应对
管道组件的密封垫进行泄漏检测，
泄 漏 检 测 值 不 应 超 过 500
μmol/mol，亦不应有感官可察觉泄
漏。 | 项目废气收集系统的输送
管道均密闭，废气收集系统
在负压下运行。 | 符
合",,解析文本拼接_表格清洗增强_05_081-100.md,090_佛山市顺德区共诺电子元件厂搬迁项目_01_受理公告或公示版
PL021,PL021_佛山市顺德区共诺电子元件厂搬迁项目_01_受理公告或公示版.pdf,9,1,4,完整,1.0,"52-排放水平-塑料制品行业：a）有
机废气排气筒排放浓度不高于广东
省《大气污染物排放限值》
（DB4427-2001）第Ⅱ时段排放限
值，合成革和人造革企业排放浓度
不高于《合成革与人造革工业污染
物排放标准》（GB21902-2008）排
放限值，若国家和我省出台并实施
适用于塑料制品制造业的大气污染
物排放标准，则有机废气排气筒排
放浓度不高于相应的",,解析文本拼接_表格清洗增强_05_081-100.md,090_佛山市顺德区共诺电子元件厂搬迁项目_01_受理公告或公示版
PL021,PL021_佛山市顺德区共诺电子元件厂搬迁项目_01_受理公告或公示版.pdf,9,1,5,完整,1.0,"58-管理台账-建立废气收集处理设
施台账，记录废气处理设施进出口
的监测数据（废气量、浓度、温度、
含氧量等）、废气收集与处理设施
关键参数、废气处理设施相关耗材
（吸收剂、吸附剂、催化剂等）购
买和处理记录。 | 项目建立废气收集处理设
施台账，根据《排污许可证
申请与核发技术规范 橡
胶 和 塑 料 制 品 工 业 》
（HJ1122-2020）、《排",,解析文本拼接_表格清洗增强_05_081-100.md,090_佛山市顺德区共诺电子元件厂搬迁项目_01_受理公告或公示版
PL021,PL021_佛山市顺德区共诺电子元件厂搬迁项目_01_受理公告或公示版.pdf,9,1,6,疑似缺失,0.333,"59-管理台账-建立危废台账，整理
危废处置合同、转移联单及危废处
理方式资质佐证材料。 | 项目建立危险废物台账，定
期将废液压油、废机油、废
包装桶、废活性炭等危险废
物交给有资质的单位处理， | 符
合","59-管理台账-建立危废台账，整理
危废处置合同、转移联单及危废处
理方式资质佐证材料。；项目建立危险废物台账，定
期将废液压油、废机油、废
包装桶、废活性炭等危险废
物交给有资质的单位处理，",解析文本拼接_表格清洗增强_05_081-100.md,090_佛山市顺德区共诺电子元件厂搬迁项目_01_受理公告或公示版
PL021,PL021_佛山市顺德区共诺电子元件厂搬迁项目_01_受理公告或公示版.pdf,9,2,1,完整,1.0,化等作用中应采用密闭设备或在密 | 放。,,解析文本拼接_表格清洗增强_05_081-100.md,090_佛山市顺德区共诺电子元件厂搬迁项目_01_受理公告或公示版
PL021,PL021_佛山市顺德区共诺电子元件厂搬迁项目_01_受理公告或公示版.pdf,9,2,7,完整,1.0,距集气罩开口面最远处的VOCs无 | 符,,解析文本拼接_表格清洗增强_05_081-100.md,090_佛山市顺德区共诺电子元件厂搬迁项目_01_受理公告或公示版
PL021,PL021_佛山市顺德区共诺电子元件厂搬迁项目_01_受理公告或公示版.pdf,9,2,13,完整,1.0,压下运行，若处于正压状态，应对 | 项目废气收集系统的输送,,解析文本拼接_表格清洗增强_05_081-100.md,090_佛山市顺德区共诺电子元件厂搬迁项目_01_受理公告或公示版
PL021,PL021_佛山市顺德区共诺电子元件厂搬迁项目_01_受理公告或公示版.pdf,9,2,15,完整,1.0,管道组件的密封垫进行泄漏检测， | 管道均密闭，废气收集系统,,解析文本拼接_表格清洗增强_05_081-100.md,090_佛山市顺德区共诺电子元件厂搬迁项目_01_受理公告或公示版
PL021,PL021_佛山市顺德区共诺电子元件厂搬迁项目_01_受理公告或公示版.pdf,9,2,17,完整,1.0,泄 漏 检 测 值 不 应 超 过 500 | 在负压下运行。,,解析文本拼接_表格清洗增强_05_081-100.md,090_佛山市顺德区共诺电子元件厂搬迁项目_01_受理公告或公示版
PL021,PL021_佛山市顺德区共诺电子元件厂搬迁项目_01_受理公告或公示版.pdf,9,2,31,完整,1.0,含2024年修改单）相关标 | 符,,解析文本拼接_表格清洗增强_05_081-100.md,090_佛山市顺德区共诺电子元件厂搬迁项目_01_受理公告或公示版
PL021,PL021_佛山市顺德区共诺电子元件厂搬迁项目_01_受理公告或公示版.pdf,9,2,33,完整,1.0,准限值；有机废气厂区内无 | 合,,解析文本拼接_表格清洗增强_05_081-100.md,090_佛山市顺德区共诺电子元件厂搬迁项目_01_受理公告或公示版
PL021,PL021_佛山市顺德区共诺电子元件厂搬迁项目_01_受理公告或公示版.pdf,9,2,54,完整,1.0,位自行监测技术指南 橡胶 | 符,,解析文本拼接_表格清洗增强_05_081-100.md,090_佛山市顺德区共诺电子元件厂搬迁项目_01_受理公告或公示版
PL021,PL021_佛山市顺德区共诺电子元件厂搬迁项目_01_受理公告或公示版.pdf,9,2,57,完整,1.0,关键参数、废气处理设施相关耗材 | 1027-2021）等相关要求定期,,解析文本拼接_表格清洗增强_05_081-100.md,090_佛山市顺德区共诺电子元件厂搬迁项目_01_受理公告或公示版
PL021,PL021_佛山市顺德区共诺电子元件厂搬迁项目_01_受理公告或公示版.pdf,9,2,68,完整,1.0,包装桶、废活性炭等危险废 | 合,,解析文本拼接_表格清洗增强_05_081-100.md,090_佛山市顺德区共诺电子元件厂搬迁项目_01_受理公告或公示版
PL021,PL021_佛山市顺德区共诺电子元件厂搬迁项目_01_受理公告或公示版.pdf,10,1,2,完整,1.0,"4 | 《广东省生态环
境厅关于印发<
广东省生态环境
保护“十四五”规
划>的通知》（粤
环〔2021〕10号） | 大力推进低VOCs含量原辅材料源头
替代，严格落实国家和地方产品
VOCs含量限值质量标准，禁止建设
生产和使用高VOCs含量的溶剂型涂
料、油墨、胶粘剂等项目。 | 项目使用的塑料为固态，常温
条件下不会产生有机废气，不
使用高VOCs含",,解析文本拼接_表格清洗增强_05_081-100.md,090_佛山市顺德区共诺电子元件厂搬迁项目_01_受理公告或公示版
PL021,PL021_佛山市顺德区共诺电子元件厂搬迁项目_01_受理公告或公示版.pdf,10,1,4,完整,1.0,"6 | 《佛山市顺德区
人民政府办公室
关于印发<佛山
市顺德区生态环
境保护“十四五”
规划（2021-2025）
>的通知》佛环
[2022]16号 | 大力推进低VOCs 含量、低反应活性
的原辅材料替代，将全面使用低
VOCs含量原辅材料的企业纳入正面
清单和政府绿色采购清单。鼓励重点
行业企业开展生产工艺和设备水性
化改造，推广使用水性、高固体分、",,解析文本拼接_表格清洗增强_05_081-100.md,090_佛山市顺德区共诺电子元件厂搬迁项目_01_受理公告或公示版
PL021,PL021_佛山市顺德区共诺电子元件厂搬迁项目_01_受理公告或公示版.pdf,10,1,5,完整,1.0,"7 | 《广东省人民政
府办公厅关于印
发广东省2021年
大气、水、土壤
污染防治工作方
案的通知》（粤
办函〔2021〕58
号） | 严格落实国家产品VOCs含量限值标
准要求，除现阶段确无法实施替代的
工序外禁止新建生产和使用高VOCs
含量原辅材料项目；指导企业使用适
宜高效的治理技术，涉VOCs重点行
业新建、改建和扩建项目不推荐使用
光氧化、光",,解析文本拼接_表格清洗增强_05_081-100.md,090_佛山市顺德区共诺电子元件厂搬迁项目_01_受理公告或公示版
PL021,PL021_佛山市顺德区共诺电子元件厂搬迁项目_01_受理公告或公示版.pdf,10,1,6,部分,0.8,"8 | 《固定污染源挥
发性有机物综合
排放标准》
(DB44/
2367-2022) | 排气筒高度不低于15m（因安全考虑
或者有特殊工艺要求的除外），具体
高度以及与周围建筑物的相对高度
关系应当根据环境影响评价文件确
定。 | 注塑工序产生的有机废气经
整室收集后，通过“活性炭吸
附”装置处理后引至15m高的
G1排气筒排放。 | 符合","注塑工序产生的有机废气经
整室收集后，通过“活性炭吸
附”装置处理后引至15m高的
G1排气筒排放。",解析文本拼接_表格清洗增强_05_081-100.md,090_佛山市顺德区共诺电子元件厂搬迁项目_01_受理公告或公示版
PL021,PL021_佛山市顺德区共诺电子元件厂搬迁项目_01_受理公告或公示版.pdf,10,1,7,疑似缺失,0.5,"企业应当建立台账，记录废气收集系
统、VOCs处理设施的主要运行和维
护信息，如运行时间、废气处理量、
操作温度、停留时间、吸附剂再生/
更换周期和更换量、催化剂更换周期
和更换量、吸收液 pH值等关键运行
参数。台账保存期限不少于3年。 | 项目废气治理设施安排专人
维护并定期建立台账，记录相
关废气数据。","企业应当建立台账，记录废气收集系
统、VOCs处理设施的主要运行和维
护信息，如运行时间、废气处理量、
操作温度、停留时间、吸附剂再生/
更换周期和更换量、催化剂更换周期
和更换量、吸收液 pH值等关键运行
参数。台账保存期限不少于3年。",解析文本拼接_表格清洗增强_05_081-100.md,090_佛山市顺德区共诺电子元件厂搬迁项目_01_受理公告或公示版
PL021,PL021_佛山市顺德区共诺电子元件厂搬迁项目_01_受理公告或公示版.pdf,10,2,3,完整,1.0,境厅关于印发 | VOCs | 项目使用的塑料为固态，常温,,解析文本拼接_表格清洗增强_05_081-100.md,090_佛山市顺德区共诺电子元件厂搬迁项目_01_受理公告或公示版
PL021,PL021_佛山市顺德区共诺电子元件厂搬迁项目_01_受理公告或公示版.pdf,10,2,4,完整,1.0,< | 替代，严格落实国家和地方产品,,解析文本拼接_表格清洗增强_05_081-100.md,090_佛山市顺德区共诺电子元件厂搬迁项目_01_受理公告或公示版
PL021,PL021_佛山市顺德区共诺电子元件厂搬迁项目_01_受理公告或公示版.pdf,10,2,5,完整,1.0,广东省生态环境 | 条件下不会产生有机废气，不,,解析文本拼接_表格清洗增强_05_081-100.md,090_佛山市顺德区共诺电子元件厂搬迁项目_01_受理公告或公示版
PL021,PL021_佛山市顺德区共诺电子元件厂搬迁项目_01_受理公告或公示版.pdf,10,2,6,疑似缺失,0.6,4 | 保护 十四五 规 | VOCs含量限值质量标准，禁止建设 | 使用高 含量的原辅材 | 符合,保护 十四五 规；使用高 含量的原辅材,解析文本拼接_表格清洗增强_05_081-100.md,090_佛山市顺德区共诺电子元件厂搬迁项目_01_受理公告或公示版
PL021,PL021_佛山市顺德区共诺电子元件厂搬迁项目_01_受理公告或公示版.pdf,10,2,7,疑似缺失,0.333,“ ” | 生产和使用高 含量的溶剂型涂 | VOCs,“ ”；生产和使用高 含量的溶剂型涂,解析文本拼接_表格清洗增强_05_081-100.md,090_佛山市顺德区共诺电子元件厂搬迁项目_01_受理公告或公示版
PL021,PL021_佛山市顺德区共诺电子元件厂搬迁项目_01_受理公告或公示版.pdf,10,2,8,疑似缺失,0.667,划 的通知》（粤 | VOCs | 料。,划 的通知》（粤,解析文本拼接_表格清洗增强_05_081-100.md,090_佛山市顺德区共诺电子元件厂搬迁项目_01_受理公告或公示版
PL021,PL021_佛山市顺德区共诺电子元件厂搬迁项目_01_受理公告或公示版.pdf,10,2,13,疑似缺失,0.5,加强 源头替代和无组织排放管 | VOCs,加强 源头替代和无组织排放管,解析文本拼接_表格清洗增强_05_081-100.md,090_佛山市顺德区共诺电子元件厂搬迁项目_01_受理公告或公示版
PL021,PL021_佛山市顺德区共诺电子元件厂搬迁项目_01_受理公告或公示版.pdf,10,2,14,疑似缺失,0.5,VOCs | 塑过程产生的 经整室,塑过程产生的 经整室,解析文本拼接_表格清洗增强_05_081-100.md,090_佛山市顺德区共诺电子元件厂搬迁项目_01_受理公告或公示版
PL021,PL021_佛山市顺德区共诺电子元件厂搬迁项目_01_受理公告或公示版.pdf,10,2,15,疑似缺失,0.5,控。大力推进低 含量原辅材料 | NMHC,控。大力推进低 含量原辅材料,解析文本拼接_表格清洗增强_05_081-100.md,090_佛山市顺德区共诺电子元件厂搬迁项目_01_受理公告或公示版
PL021,PL021_佛山市顺德区共诺电子元件厂搬迁项目_01_受理公告或公示版.pdf,10,2,16,疑似缺失,0.5,VOCs | 收集后通过 排气筒,收集后通过 排气筒,解析文本拼接_表格清洗增强_05_081-100.md,090_佛山市顺德区共诺电子元件厂搬迁项目_01_受理公告或公示版
PL021,PL021_佛山市顺德区共诺电子元件厂搬迁项目_01_受理公告或公示版.pdf,10,2,17,疑似缺失,0.0,替代，将全面使用低 含量原辅 | 15m G1,替代，将全面使用低 含量原辅；15m G1,解析文本拼接_表格清洗增强_05_081-100.md,090_佛山市顺德区共诺电子元件厂搬迁项目_01_受理公告或公示版
PL021,PL021_佛山市顺德区共诺电子元件厂搬迁项目_01_受理公告或公示版.pdf,10,2,18,完整,1.0,VOCs | 排放，无组织排放量较少。项,,解析文本拼接_表格清洗增强_05_081-100.md,090_佛山市顺德区共诺电子元件厂搬迁项目_01_受理公告或公示版
PL021,PL021_佛山市顺德区共诺电子元件厂搬迁项目_01_受理公告或公示版.pdf,10,2,19,完整,1.0,《佛山市生态环 | 材料的企业纳入正面清单和政府绿 | 目使用的塑料为固态，常温条,,解析文本拼接_表格清洗增强_05_081-100.md,090_佛山市顺德区共诺电子元件厂搬迁项目_01_受理公告或公示版
PL021,PL021_佛山市顺德区共诺电子元件厂搬迁项目_01_受理公告或公示版.pdf,10,2,20,完整,1.0,境局关于印发 | 色采供清单。鼓励重点行业企业开展 | 件下不会产生有机废气。塑料,,解析文本拼接_表格清洗增强_05_081-100.md,090_佛山市顺德区共诺电子元件厂搬迁项目_01_受理公告或公示版
PL021,PL021_佛山市顺德区共诺电子元件厂搬迁项目_01_受理公告或公示版.pdf,10,2,21,完整,1.0,< | 生产工艺和设备水性化改造，推广使,,解析文本拼接_表格清洗增强_05_081-100.md,090_佛山市顺德区共诺电子元件厂搬迁项目_01_受理公告或公示版
PL021,PL021_佛山市顺德区共诺电子元件厂搬迁项目_01_受理公告或公示版.pdf,10,2,23,部分,0.8,5 | 保护 十四五 规 | 用水性、高固体分，无溶剂、粉末等 | 包装袋封装。项目生产过程有 | 符合,保护 十四五 规,解析文本拼接_表格清洗增强_05_081-100.md,090_佛山市顺德区共诺电子元件厂搬迁项目_01_受理公告或公示版
PL021,PL021_佛山市顺德区共诺电子元件厂搬迁项目_01_受理公告或公示版.pdf,10,2,25,疑似缺失,0.667,划 的通知》（佛 | VOCs | 机废气达到《合成树脂工业污,划 的通知》（佛,解析文本拼接_表格清洗增强_05_081-100.md,090_佛山市顺德区共诺电子元件厂搬迁项目_01_受理公告或公示版
PL021,PL021_佛山市顺德区共诺电子元件厂搬迁项目_01_受理公告或公示版.pdf,10,2,26,完整,1.0,> | 性有机物无组织排放控制标准》，开,,解析文本拼接_表格清洗增强_05_081-100.md,090_佛山市顺德区共诺电子元件厂搬迁项目_01_受理公告或公示版
PL021,PL021_佛山市顺德区共诺电子元件厂搬迁项目_01_受理公告或公示版.pdf,10,2,27,完整,1.0,环〔2022〕3号） | 展厂区无组织排放浓度监测。加强对 | 染物排放标准》（GB,,解析文本拼接_表格清洗增强_05_081-100.md,090_佛山市顺德区共诺电子元件厂搬迁项目_01_受理公告或公示版
PL021,PL021_佛山市顺德区共诺电子元件厂搬迁项目_01_受理公告或公示版.pdf,10,2,28,疑似缺失,0.5,含 物料储存、转移和运输、设 | 31572-2015，含2024年修改,含 物料储存、转移和运输、设,解析文本拼接_表格清洗增强_05_081-100.md,090_佛山市顺德区共诺电子元件厂搬迁项目_01_受理公告或公示版
PL021,PL021_佛山市顺德区共诺电子元件厂搬迁项目_01_受理公告或公示版.pdf,10,2,29,完整,1.0,VOCs | 单）相关标准限值；有机废气,,解析文本拼接_表格清洗增强_05_081-100.md,090_佛山市顺德区共诺电子元件厂搬迁项目_01_受理公告或公示版
PL021,PL021_佛山市顺德区共诺电子元件厂搬迁项目_01_受理公告或公示版.pdf,10,2,37,完整,1.0,人民政府办公室 | VOCs,,解析文本拼接_表格清洗增强_05_081-100.md,090_佛山市顺德区共诺电子元件厂搬迁项目_01_受理公告或公示版
PL021,PL021_佛山市顺德区共诺电子元件厂搬迁项目_01_受理公告或公示版.pdf,10,2,39,完整,1.0,关于印发<佛山 | 含量原辅材料的企业纳入正面 | 项目使用的塑料为固态，常温,,解析文本拼接_表格清洗增强_05_081-100.md,090_佛山市顺德区共诺电子元件厂搬迁项目_01_受理公告或公示版
PL021,PL021_佛山市顺德区共诺电子元件厂搬迁项目_01_受理公告或公示版.pdf,10,2,40,完整,1.0,市顺德区生态环 | VOCs | 条件下不会产生有机废气，不,,解析文本拼接_表格清洗增强_05_081-100.md,090_佛山市顺德区共诺电子元件厂搬迁项目_01_受理公告或公示版
PL021,PL021_佛山市顺德区共诺电子元件厂搬迁项目_01_受理公告或公示版.pdf,10,2,41,部分,0.8,6 | 境保护“十四五” | 清单和政府绿色采购清单。鼓励重点 | 使用高 含量的原辅材 | 符合,使用高 含量的原辅材,解析文本拼接_表格清洗增强_05_081-100.md,090_佛山市顺德区共诺电子元件厂搬迁项目_01_受理公告或公示版
PL021,PL021_佛山市顺德区共诺电子元件厂搬迁项目_01_受理公告或公示版.pdf,10,2,42,完整,1.0,行业企业开展生产工艺和设备水性 | VOCs,,解析文本拼接_表格清洗增强_05_081-100.md,090_佛山市顺德区共诺电子元件厂搬迁项目_01_受理公告或公示版
PL021,PL021_佛山市顺德区共诺电子元件厂搬迁项目_01_受理公告或公示版.pdf,10,2,44,完整,1.0,规划（2021-2025） | 化改造，推广使用水性、高固体分、,,解析文本拼接_表格清洗增强_05_081-100.md,090_佛山市顺德区共诺电子元件厂搬迁项目_01_受理公告或公示版
PL021,PL021_佛山市顺德区共诺电子元件厂搬迁项目_01_受理公告或公示版.pdf,10,2,51,完整,1.0,VOCs | 本项目使用的塑料为固态，,,解析文本拼接_表格清洗增强_05_081-100.md,090_佛山市顺德区共诺电子元件厂搬迁项目_01_受理公告或公示版
PL021,PL021_佛山市顺德区共诺电子元件厂搬迁项目_01_受理公告或公示版.pdf,10,2,55,疑似缺失,0.667,2021 | 宜高效的治理技术，涉VOCs重点行 | 废气，不使用高 含量,废气，不使用高 含量,解析文本拼接_表格清洗增强_05_081-100.md,090_佛山市顺德区共诺电子元件厂搬迁项目_01_受理公告或公示版
PL021,PL021_佛山市顺德区共诺电子元件厂搬迁项目_01_受理公告或公示版.pdf,10,2,56,完整,1.0,大气、水、土壤 | 业新建、改建和扩建项目不推荐使用 | VOCs,,解析文本拼接_表格清洗增强_05_081-100.md,090_佛山市顺德区共诺电子元件厂搬迁项目_01_受理公告或公示版
PL021,PL021_佛山市顺德区共诺电子元件厂搬迁项目_01_受理公告或公示版.pdf,10,2,57,完整,1.0,7 | 污染防治工作方 | 光氧化、光催化、低温等离子等低效 | 的原辅材料。有机废气采取 | 符合,,解析文本拼接_表格清洗增强_05_081-100.md,090_佛山市顺德区共诺电子元件厂搬迁项目_01_受理公告或公示版
PL021,PL021_佛山市顺德区共诺电子元件厂搬迁项目_01_受理公告或公示版.pdf,10,2,58,完整,1.0,案的通知》（粤 | 治理设施，已建项目逐步淘汰光氧 | “活性炭”吸附处理，不使用,,解析文本拼接_表格清洗增强_05_081-100.md,090_佛山市顺德区共诺电子元件厂搬迁项目_01_受理公告或公示版
PL021,PL021_佛山市顺德区共诺电子元件厂搬迁项目_01_受理公告或公示版.pdf,10,2,60,疑似缺失,0.667,2021 58 | 化、光催化、低温等离子治理设施。 | 子等低效治理设施。,2021 58,解析文本拼接_表格清洗增强_05_081-100.md,090_佛山市顺德区共诺电子元件厂搬迁项目_01_受理公告或公示版
PL021,PL021_佛山市顺德区共诺电子元件厂搬迁项目_01_受理公告或公示版.pdf,10,2,61,完整,1.0,号） | 指导采用一次性活性炭吸附治理技,,解析文本拼接_表格清洗增强_05_081-100.md,090_佛山市顺德区共诺电子元件厂搬迁项目_01_受理公告或公示版
PL021,PL021_佛山市顺德区共诺电子元件厂搬迁项目_01_受理公告或公示版.pdf,10,2,65,完整,1.0,15m | 注塑工序产生的有机废气经,,解析文本拼接_表格清洗增强_05_081-100.md,090_佛山市顺德区共诺电子元件厂搬迁项目_01_受理公告或公示版
PL021,PL021_佛山市顺德区共诺电子元件厂搬迁项目_01_受理公告或公示版.pdf,10,2,67,疑似缺失,0.5,高度以及与周围建筑物的相对高度 | 整室收集后，通过“活性炭吸,整室收集后，通过“活性炭吸,解析文本拼接_表格清洗增强_05_081-100.md,090_佛山市顺德区共诺电子元件厂搬迁项目_01_受理公告或公示版
PL021,PL021_佛山市顺德区共诺电子元件厂搬迁项目_01_受理公告或公示版.pdf,10,2,68,完整,1.0,关系应当根据环境影响评价文件确 | 附”装置处理后引至15m高的,,解析文本拼接_表格清洗增强_05_081-100.md,090_佛山市顺德区共诺电子元件厂搬迁项目_01_受理公告或公示版
PL021,PL021_佛山市顺德区共诺电子元件厂搬迁项目_01_受理公告或公示版.pdf,10,2,69,完整,1.0,《固定污染源挥 | 定。 | G1排气筒排放。,,解析文本拼接_表格清洗增强_05_081-100.md,090_佛山市顺德区共诺电子元件厂搬迁项目_01_受理公告或公示版
PL021,PL021_佛山市顺德区共诺电子元件厂搬迁项目_01_受理公告或公示版.pdf,10,2,72,完整,1.0,8 | 排放标准》 | 统、VOCs处理设施的主要运行和维 | 符合,,解析文本拼接_表格清洗增强_05_081-100.md,090_佛山市顺德区共诺电子元件厂搬迁项目_01_受理公告或公示版
PL021,PL021_佛山市顺德区共诺电子元件厂搬迁项目_01_受理公告或公示版.pdf,10,2,73,完整,1.0,(DB44/ | 护信息，如运行时间、废气处理量、 | 项目废气治理设施安排专人,,解析文本拼接_表格清洗增强_05_081-100.md,090_佛山市顺德区共诺电子元件厂搬迁项目_01_受理公告或公示版
PL021,PL021_佛山市顺德区共诺电子元件厂搬迁项目_01_受理公告或公示版.pdf,10,2,76,完整,1.0,更换周期和更换量、催化剂更换周期 | 关废气数据。,,解析文本拼接_表格清洗增强_05_081-100.md,090_佛山市顺德区共诺电子元件厂搬迁项目_01_受理公告或公示版
PL021,PL021_佛山市顺德区共诺电子元件厂搬迁项目_01_受理公告或公示版.pdf,11,1,1,完整,1.0,"VOCs 物料应当储存于密闭的容器、
储罐、储库、料仓中；盛装VOCs物
料的容器应当存放于室内，或者存放
于设置有雨棚、遮阳和防渗设施的专
用场地。盛装VOCs物料的容器或者
包装袋在非取用状态时应当加盖、封
口，保持密闭。 | 本项目使用的物料采用密封
容器存放在厂房内的仓库；厂
房为已建成工业厂房，拥有完
整的维护结构，地面已经全部
混凝土硬化处理。",,解析文本拼接_表格清洗增强_05_081-100.md,090_佛山市顺德区共诺电子元件厂搬迁项目_01_受理公告或公示版
PL021,PL021_佛山市顺德区共诺电子元件厂搬迁项目_01_受理公告或公示版.pdf,11,1,2,完整,1.0,"9 | 《佛山市关于进
一步加强塑料污
染治理的实施方
案》的通知（佛
发改资环〔2021〕
3 号） | 全市范围内禁止生产和销售厚度小
于0.025毫米的超薄塑料购物袋、厚
度小于0.01毫米的聚乙烯农用地膜。
禁止以医疗废物为原料制造塑料制
品；禁止将回收利用的废塑料输液袋
（瓶）用于原用途或用于制造餐饮容
器以及玩具等儿童用品。加大禁止
“洋垃圾”进",,解析文本拼接_表格清洗增强_05_081-100.md,090_佛山市顺德区共诺电子元件厂搬迁项目_01_受理公告或公示版
PL021,PL021_佛山市顺德区共诺电子元件厂搬迁项目_01_受理公告或公示版.pdf,11,1,3,部分,0.8,"10 | 《顺德区重点行
业挥发性有机物
总量指标管理工
作方案（2023年
修订）》（顺环
委办〔2023〕
19号） | 根据区域现状、改善目标、减排空间，
全区建设项目新增VOCs排放量施行
“减二增一”政策。其中，有组织排
放和无组织排放均纳入新增指标管
理：非甲烷总听合并计入VOCs管理。 | 项目注塑过程产生非甲烷总
经，并将非甲烷总经有组织排
","项目注塑过程产生非甲烷总
经，并将非甲烷总经有组织排
放和无组织排放统一纳入
VOCs管理。",解析文本拼接_表格清洗增强_05_081-100.md,090_佛山市顺德区共诺电子元件厂搬迁项目_01_受理公告或公示版
PL021,PL021_佛山市顺德区共诺电子元件厂搬迁项目_01_受理公告或公示版.pdf,11,1,4,疑似缺失,0.667,"总量分配管理：建设项目VOCs总量
分配原则上以环评文件为核定依据，
环评文件应包含VOCs总量控制内
容，核算原辅材料使用量、VOCs产
生和排放量等数据。 | 本报告已核算VOCs原辅材料
使用量、VOCs产生和排放等
相关数据。 | 符合","本报告已核算VOCs原辅材料
使用量、VOCs产生和排放等
相关数据。",解析文本拼接_表格清洗增强_05_081-100.md,090_佛山市顺德区共诺电子元件厂搬迁项目_01_受理公告或公示版
PL021,PL021_佛山市顺德区共诺电子元件厂搬迁项目_01_受理公告或公示版.pdf,11,2,1,完整,1.0,储罐、储库、料仓中；盛装VOCs物 | 本项目使用的物料采用密封,,解析文本拼接_表格清洗增强_05_081-100.md,090_佛山市顺德区共诺电子元件厂搬迁项目_01_受理公告或公示版
PL021,PL021_佛山市顺德区共诺电子元件厂搬迁项目_01_受理公告或公示版.pdf,11,2,4,完整,1.0,用场地。盛装VOCs物料的容器或者 | 整的维护结构，地面已经全部,,解析文本拼接_表格清洗增强_05_081-100.md,090_佛山市顺德区共诺电子元件厂搬迁项目_01_受理公告或公示版
PL021,PL021_佛山市顺德区共诺电子元件厂搬迁项目_01_受理公告或公示版.pdf,11,2,13,完整,1.0,《 | 佛山市关于进 | C2929,,解析文本拼接_表格清洗增强_05_081-100.md,090_佛山市顺德区共诺电子元件厂搬迁项目_01_受理公告或公示版
PL021,PL021_佛山市顺德区共诺电子元件厂搬迁项目_01_受理公告或公示版.pdf,11,2,18,疑似缺失,0.5,发 | 改资环〔 〕 | 2020年底，禁止生产和销售一次性发 | “ ”,改资环〔 〕；“ ”,解析文本拼接_表格清洗增强_05_081-100.md,090_佛山市顺德区共诺电子元件厂搬迁项目_01_受理公告或公示版
PL021,PL021_佛山市顺德区共诺电子元件厂搬迁项目_01_受理公告或公示版.pdf,11,2,19,完整,1.0,2021 | 泡塑料餐具、一次性塑料棉签；禁止 | 产品也不属于文件中禁止生,,解析文本拼接_表格清洗增强_05_081-100.md,090_佛山市顺德区共诺电子元件厂搬迁项目_01_受理公告或公示版
PL021,PL021_佛山市顺德区共诺电子元件厂搬迁项目_01_受理公告或公示版.pdf,11,2,21,完整,1.0,生产含塑料微珠的日化产品。到2022 | 产项目及限制类项目。,,解析文本拼接_表格清洗增强_05_081-100.md,090_佛山市顺德区共诺电子元件厂搬迁项目_01_受理公告或公示版
PL021,PL021_佛山市顺德区共诺电子元件厂搬迁项目_01_受理公告或公示版.pdf,11,2,29,完整,1.0,《 | 顺德区重点行 | 全区建设项目新增VOCs排放量施行 | 经，并将非甲烷总经有组织排,,解析文本拼接_表格清洗增强_05_081-100.md,090_佛山市顺德区共诺电子元件厂搬迁项目_01_受理公告或公示版
PL021,PL021_佛山市顺德区共诺电子元件厂搬迁项目_01_受理公告或公示版.pdf,11,2,33,完整,1.0,总 | 量指标管理工 | 理：非甲烷总听合并计入VOCs管理。 | VOCs,,解析文本拼接_表格清洗增强_05_081-100.md,090_佛山市顺德区共诺电子元件厂搬迁项目_01_受理公告或公示版
PL021,PL021_佛山市顺德区共诺电子元件厂搬迁项目_01_受理公告或公示版.pdf,11,2,34,疑似缺失,0.667,作 | 方案（2023年 | 总量分配管理：建设项目 总量,总量分配管理：建设项目 总量,解析文本拼接_表格清洗增强_05_081-100.md,090_佛山市顺德区共诺电子元件厂搬迁项目_01_受理公告或公示版
PL021,PL021_佛山市顺德区共诺电子元件厂搬迁项目_01_受理公告或公示版.pdf,11,2,35,完整,1.0,修 | 订）》（顺环 | VOCs,,解析文本拼接_表格清洗增强_05_081-100.md,090_佛山市顺德区共诺电子元件厂搬迁项目_01_受理公告或公示版
PL021,PL021_佛山市顺德区共诺电子元件厂搬迁项目_01_受理公告或公示版.pdf,11,2,36,疑似缺失,0.667,委办〔 〕 | 分配原则上以环评文件为核定依据， | 本报告已核算VOCs原辅材料,委办〔 〕,解析文本拼接_表格清洗增强_05_081-100.md,090_佛山市顺德区共诺电子元件厂搬迁项目_01_受理公告或公示版
PL021,PL021_佛山市顺德区共诺电子元件厂搬迁项目_01_受理公告或公示版.pdf,11,2,37,疑似缺失,0.5,2023 | 环评文件应包含 总量控制内 | 使用量、 产生和排放等 | 符合,环评文件应包含 总量控制内；使用量、 产生和排放等,解析文本拼接_表格清洗增强_05_081-100.md,090_佛山市顺德区共诺电子元件厂搬迁项目_01_受理公告或公示版
PL021,PL021_佛山市顺德区共诺电子元件厂搬迁项目_01_受理公告或公示版.pdf,11,2,38,完整,1.0,号） | VOCs | VOCs,,解析文本拼接_表格清洗增强_05_081-100.md,090_佛山市顺德区共诺电子元件厂搬迁项目_01_受理公告或公示版
PL021,PL021_佛山市顺德区共诺电子元件厂搬迁项目_01_受理公告或公示版.pdf,11,2,40,疑似缺失,0.5,容，核算原辅材料使用量、VOCs产 | 相关数据。,相关数据。,解析文本拼接_表格清洗增强_05_081-100.md,090_佛山市顺德区共诺电子元件厂搬迁项目_01_受理公告或公示版
PL021,PL021_佛山市顺德区共诺电子元件厂搬迁项目_01_受理公告或公示版.pdf,11,2,42,完整,1.0,3、项目与控 | 制性规划的相符性分析,,解析文本拼接_表格清洗增强_05_081-100.md,090_佛山市顺德区共诺电子元件厂搬迁项目_01_受理公告或公示版
PL021,PL021_佛山市顺德区共诺电子元件厂搬迁项目_01_受理公告或公示版.pdf,11,2,43,完整,1.0,项目位于广东 | 省佛山市顺德区大良街道古鉴村 | 凤翔路三街8号3楼之二 | 。根,,解析文本拼接_表格清洗增强_05_081-100.md,090_佛山市顺德区共诺电子元件厂搬迁项目_01_受理公告或公示版
PL021,PL021_佛山市顺德区共诺电子元件厂搬迁项目_01_受理公告或公示版.pdf,11,2,44,疑似缺失,0.2,《 | 大良街道105 | 国道以西北片（DL-01-02、DL- | 01-03、DL-01-04）控制性 | 详细,大良街道105；国道以西北片（DL-01-02、DL-；01-03、DL-01-04）控制性；详细,解析文本拼接_表格清洗增强_05_081-100.md,090_佛山市顺德区共诺电子元件厂搬迁项目_01_受理公告或公示版
PL021,PL021_佛山市顺德区共诺电子元件厂搬迁项目_01_受理公告或公示版.pdf,11,2,45,部分,0.8,划 | 》，项目所在 | 地性质为工业用地，且根据粤房 | 地权证佛字第0814054312 | 号,地性质为工业用地，且根据粤房,解析文本拼接_表格清洗增强_05_081-100.md,090_佛山市顺德区共诺电子元件厂搬迁项目_01_受理公告或公示版
PL021,PL021_佛山市顺德区共诺电子元件厂搬迁项目_01_受理公告或公示版.pdf,12,1,4,完整,1.0,"污染物排放
管控 | 3-1.【水/限制类】城镇新区建设实行雨污分流。住宅、商业体、学校、市场等城镇开发
建设项目应当配套或者同步计划建设公共排水设施，公共排水设施或自建排污水设施未 | 1、项目不属于城镇新区建设。
2、项目生活污水经三级化粪预处理达标后排放到大门 | 符合",,解析文本拼接_表格清洗增强_05_081-100.md,090_佛山市顺德区共诺电子元件厂搬迁项目_01_受理公告或公示版
PL021,PL021_佛山市顺德区共诺电子元件厂搬迁项目_01_受理公告或公示版.pdf,12,2,2,完整,1.0,1.1.【产业鼓励引导类】重点发展电子信息、5G没备、装备制造及机器人产业、汽车配 | 1、本项目属于塑料零件及其他塑料制品制造业，不属,,解析文本拼接_表格清洗增强_05_081-100.md,090_佛山市顺德区共诺电子元件厂搬迁项目_01_受理公告或公示版
PL021,PL021_佛山市顺德区共诺电子元件厂搬迁项目_01_受理公告或公示版.pdf,12,2,4,完整,1.0,等现代服务业，建设顺德新城城市CBD。 | （2022年版）》（发改体改规〔2022〕397号）中禁止,,解析文本拼接_表格清洗增强_05_081-100.md,090_佛山市顺德区共诺电子元件厂搬迁项目_01_受理公告或公示版
PL021,PL021_佛山市顺德区共诺电子元件厂搬迁项目_01_受理公告或公示版.pdf,12,2,5,完整,1.0,1-2.【产业/综合类】系统推进村级工业园升级改造，腾出连片空间，布局产业集聚区和 | 或许可事项。,,解析文本拼接_表格清洗增强_05_081-100.md,090_佛山市顺德区共诺电子元件厂搬迁项目_01_受理公告或公示版
PL021,PL021_佛山市顺德区共诺电子元件厂搬迁项目_01_受理公告或公示版.pdf,12,2,6,完整,1.0,主题产业园，推动工业项目入园集聚发展。 | 2、项目租用工业园区已建厂房，项目位于顺德红岗科,,解析文本拼接_表格清洗增强_05_081-100.md,090_佛山市顺德区共诺电子元件厂搬迁项目_01_受理公告或公示版
PL021,PL021_佛山市顺德区共诺电子元件厂搬迁项目_01_受理公告或公示版.pdf,12,2,7,完整,1.0,1-3.【大气限制类】大气环境受体敏感重点管控区内，应严格限制新建储油库项目、产 | 技城产业集聚区，所在地符合规划要求，不属于新建工,,解析文本拼接_表格清洗增强_05_081-100.md,090_佛山市顺德区共诺电子元件厂搬迁项目_01_受理公告或公示版
PL021,PL021_佛山市顺德区共诺电子元件厂搬迁项目_01_受理公告或公示版.pdf,12,2,8,完整,1.0,生和排放有毒有害大气污染物的建设项目以及使用溶剂型油墨、涂料、清洗剂、胶黏剂 | 业及物流仓储用地。,,解析文本拼接_表格清洗增强_05_081-100.md,090_佛山市顺德区共诺电子元件厂搬迁项目_01_受理公告或公示版
PL021,PL021_佛山市顺德区共诺电子元件厂搬迁项目_01_受理公告或公示版.pdf,12,2,9,完整,1.0,等高挥发性有机物原辅材料项目，鼓励现有该类项目搬迁退出。 | 3、按三线一单大气环境综合管控分区图，项目属于大,,解析文本拼接_表格清洗增强_05_081-100.md,090_佛山市顺德区共诺电子元件厂搬迁项目_01_受理公告或公示版
PL021,PL021_佛山市顺德区共诺电子元件厂搬迁项目_01_受理公告或公示版.pdf,12,2,10,完整,1.0,1-4.【大气/鼓励引导类】大气环境高排放重点管控区内，应强化达标监管，引导工业项 | 气环境高排放重点管控区，不纳入大气环境受体敏感重,,解析文本拼接_表格清洗增强_05_081-100.md,090_佛山市顺德区共诺电子元件厂搬迁项目_01_受理公告或公示版
PL021,PL021_佛山市顺德区共诺电子元件厂搬迁项目_01_受理公告或公示版.pdf,12,2,13,完整,1.0,控 | 1-5.【产业综合类】划定家具生产优先发展区域，优先发展区外不再新建涉及涂装工艺 | 司加强废气处理设施的管理，定期进行监测，必要时根,,解析文本拼接_表格清洗增强_05_081-100.md,090_佛山市顺德区共诺电子元件厂搬迁项目_01_受理公告或公示版
PL021,PL021_佛山市顺德区共诺电子元件厂搬迁项目_01_受理公告或公示版.pdf,12,2,14,完整,1.0,的木质家具制造项目。优先发展区范围根据家具产业发展规划及其规划环评文件确定。 | 据环境监管部门要求安装自动监测设备，确保废气达标,,解析文本拼接_表格清洗增强_05_081-100.md,090_佛山市顺德区共诺电子元件厂搬迁项目_01_受理公告或公示版
PL021,PL021_佛山市顺德区共诺电子元件厂搬迁项目_01_受理公告或公示版.pdf,12,2,15,完整,1.0,1-6.【产业限制类】受纳水体或监控断面不达标且未“以新带老”制定区域达标方案的 | 排放。,,解析文本拼接_表格清洗增强_05_081-100.md,090_佛山市顺德区共诺电子元件厂搬迁项目_01_受理公告或公示版
PL021,PL021_佛山市顺德区共诺电子元件厂搬迁项目_01_受理公告或公示版.pdf,12,2,16,完整,1.0,河涌，不得新建、扩建向河涌直接排放废水的项目。新建、扩建含蚀刻工序的线路板生 | 4、本项目属于塑料零件及其他塑料制品制造业，不属,,解析文本拼接_表格清洗增强_05_081-100.md,090_佛山市顺德区共诺电子元件厂搬迁项目_01_受理公告或公示版
PL021,PL021_佛山市顺德区共诺电子元件厂搬迁项目_01_受理公告或公示版.pdf,12,2,17,疑似缺失,0.5,产项目和化工项目应在配套污水集中处置的工业园区或生活污水管网覆盖区域内建设： | 于涂装工艺的木质家具制造项目。,于涂装工艺的木质家具制造项目。,解析文本拼接_表格清洗增强_05_081-100.md,090_佛山市顺德区共诺电子元件厂搬迁项目_01_受理公告或公示版
PL021,PL021_佛山市顺德区共诺电子元件厂搬迁项目_01_受理公告或公示版.pdf,12,2,18,完整,1.0,纯加工型印花项目，含酸洗、磷化的金属表面处理、金属制品项目(与自身高新技术企 | 5、本项目属于塑料零件及其他塑料制品制造业，不向,,解析文本拼接_表格清洗增强_05_081-100.md,090_佛山市顺德区共诺电子元件厂搬迁项目_01_受理公告或公示版
PL021,PL021_佛山市顺德区共诺电子元件厂搬迁项目_01_受理公告或公示版.pdf,12,2,19,完整,1.0,业配套的和区级及以上重点项目除外》，含酸洗、喷涂、化学池光、电解等涉及废水排 | 河涌直接排放废水，不属于含酸洗、磷化的金属表面处,,解析文本拼接_表格清洗增强_05_081-100.md,090_佛山市顺德区共诺电子元件厂搬迁项目_01_受理公告或公示版
PL021,PL021_佛山市顺德区共诺电子元件厂搬迁项目_01_受理公告或公示版.pdf,12,2,20,完整,1.0,放工艺的不诱钢型材加工项目（与自身高新技术企业配套的和区级及以上重点项目除 | 理、金属制品项目，不属于含酸洗、喷涂、化学抛光、,,解析文本拼接_表格清洗增强_05_081-100.md,090_佛山市顺德区共诺电子元件厂搬迁项目_01_受理公告或公示版
PL021,PL021_佛山市顺德区共诺电子元件厂搬迁项目_01_受理公告或公示版.pdf,12,2,21,完整,1.0,外)，应进入以此类项目为主导产业、有相应废水集中治理设施的工业园区，实现集中 | 电解等涉及废水排放工艺的不锈钢型材加工项目。,,解析文本拼接_表格清洗增强_05_081-100.md,090_佛山市顺德区共诺电子元件厂搬迁项目_01_受理公告或公示版
PL021,PL021_佛山市顺德区共诺电子元件厂搬迁项目_01_受理公告或公示版.pdf,12,2,24,疑似缺失,0.5,2-1 / | 、项目推广节能技术，加快发展绿色货运与现代物流。,2-1 /,解析文本拼接_表格清洗增强_05_081-100.md,090_佛山市顺德区共诺电子元件厂搬迁项目_01_受理公告或公示版
PL021,PL021_佛山市顺德区共诺电子元件厂搬迁项目_01_受理公告或公示版.pdf,12,2,25,疑似缺失,0.5,【能源鼓励引导类】推广新能源汽车应用和充电基础设施、加氢站建设。 | 1,【能源鼓励引导类】推广新能源汽车应用和充电基础设施、加氢站建设。,解析文本拼接_表格清洗增强_05_081-100.md,090_佛山市顺德区共诺电子元件厂搬迁项目_01_受理公告或公示版
PL021,PL021_佛山市顺德区共诺电子元件厂搬迁项目_01_受理公告或公示版.pdf,12,2,26,疑似缺失,0.0,2-2 / | 、不适用。,2-2 /；、不适用。,解析文本拼接_表格清洗增强_05_081-100.md,090_佛山市顺德区共诺电子元件厂搬迁项目_01_受理公告或公示版
PL021,PL021_佛山市顺德区共诺电子元件厂搬迁项目_01_受理公告或公示版.pdf,12,2,27,疑似缺失,0.5,【能源综合类】科学实施能源消费总量和强度 双控 ，新建高能耗项目单位产品（产 | 2,【能源综合类】科学实施能源消费总量和强度 双控 ，新建高能耗项目单位产品（产,解析文本拼接_表格清洗增强_05_081-100.md,090_佛山市顺德区共诺电子元件厂搬迁项目_01_受理公告或公示版
PL021,PL021_佛山市顺德区共诺电子元件厂搬迁项目_01_受理公告或公示版.pdf,12,2,28,疑似缺失,0.0,2-3. / “ ” | 、项目科学实施能源消费总量和强度 双控 ，不属于,2-3. / “ ”；、项目科学实施能源消费总量和强度 双控 ，不属于,解析文本拼接_表格清洗增强_05_081-100.md,090_佛山市顺德区共诺电子元件厂搬迁项目_01_受理公告或公示版
PL021,PL021_佛山市顺德区共诺电子元件厂搬迁项目_01_受理公告或公示版.pdf,12,2,29,疑似缺失,0.5,值）能耗达到国际国内先进水平。 | 3 “ ”,3 “ ”,解析文本拼接_表格清洗增强_05_081-100.md,090_佛山市顺德区共诺电子元件厂搬迁项目_01_受理公告或公示版
PL021,PL021_佛山市顺德区共诺电子元件厂搬迁项目_01_受理公告或公示版.pdf,12,2,31,疑似缺失,0.5,2-4.【水资源/综合类】贯彻落实“节水优先”方针，实行最严格水资源管理制度，大良街 | 、不适用。,、不适用。,解析文本拼接_表格清洗增强_05_081-100.md,090_佛山市顺德区共诺电子元件厂搬迁项目_01_受理公告或公示版
PL021,PL021_佛山市顺德区共诺电子元件厂搬迁项目_01_受理公告或公示版.pdf,12,2,32,完整,1.0,能源资源利 | 道万元国内生产总值用水量、万元工业增加值用水量、用水总量、农田灌溉水有效利用 | 4,,解析文本拼接_表格清洗增强_05_081-100.md,090_佛山市顺德区共诺电子元件厂搬迁项目_01_受理公告或公示版
PL021,PL021_佛山市顺德区共诺电子元件厂搬迁项目_01_受理公告或公示版.pdf,12,2,33,完整,1.0,用 | 系数等用水总量和效率指标达到区下达要求。 | 5、项目单位土地面积投资强度、土地利用强度等建设 | 符合,,解析文本拼接_表格清洗增强_05_081-100.md,090_佛山市顺德区共诺电子元件厂搬迁项目_01_受理公告或公示版
PL021,PL021_佛山市顺德区共诺电子元件厂搬迁项目_01_受理公告或公示版.pdf,12,2,35,完整,1.0,2-5.【土地资源/限制类】落实单位土地面积投资强度、土地利用强度等建设用地控制性 | 高。,,解析文本拼接_表格清洗增强_05_081-100.md,090_佛山市顺德区共诺电子元件厂搬迁项目_01_受理公告或公示版
PL021,PL021_佛山市顺德区共诺电子元件厂搬迁项目_01_受理公告或公示版.pdf,12,2,37,疑似缺失,0.5,【岸线禁止类】严格水域岸线用途管制，新建项目一律不得违规占用水域。严禁破 | 6,【岸线禁止类】严格水域岸线用途管制，新建项目一律不得违规占用水域。严禁破,解析文本拼接_表格清洗增强_05_081-100.md,090_佛山市顺德区共诺电子元件厂搬迁项目_01_受理公告或公示版
PL021,PL021_佛山市顺德区共诺电子元件厂搬迁项目_01_受理公告或公示版.pdf,12,2,38,疑似缺失,0.5,2-6. / | 域，不会破坏生态的岸线利用和做不符合其功能定位的,2-6. /,解析文本拼接_表格清洗增强_05_081-100.md,090_佛山市顺德区共诺电子元件厂搬迁项目_01_受理公告或公示版
PL021,PL021_佛山市顺德区共诺电子元件厂搬迁项目_01_受理公告或公示版.pdf,12,2,41,疑似缺失,0.667,污染物排放 | 【水限制类】城镇新区建设实行雨污分流。住宅、商业体、学校、市场等城镇开发 | 、项目不属于城镇新区建设。,【水限制类】城镇新区建设实行雨污分流。住宅、商业体、学校、市场等城镇开发,解析文本拼接_表格清洗增强_05_081-100.md,090_佛山市顺德区共诺电子元件厂搬迁项目_01_受理公告或公示版
PL021,PL021_佛山市顺德区共诺电子元件厂搬迁项目_01_受理公告或公示版.pdf,12,2,42,疑似缺失,0.667,3-1. / | 1 | 符合,3-1. /,解析文本拼接_表格清洗增强_05_081-100.md,090_佛山市顺德区共诺电子元件厂搬迁项目_01_受理公告或公示版
PL021,PL021_佛山市顺德区共诺电子元件厂搬迁项目_01_受理公告或公示版.pdf,12,2,43,完整,1.0,管控 | 建设项目应当配套或者同步计划建设公共排水设施，公共排水设施或自建排污水设施未 | 2、项目生活污水经三级化粪预处理达标后排放到大门,,解析文本拼接_表格清洗增强_05_081-100.md,090_佛山市顺德区共诺电子元件厂搬迁项目_01_受理公告或公示版
PL021,PL021_佛山市顺德区共诺电子元件厂搬迁项目_01_受理公告或公示版.pdf,13,1,3,疑似缺失,0.667,"环境风险防
控 | 4-1.【水/综合类】大门污水处理厂、逢沙污水处理厂、工业污水集中处理设施应采临取
有效措施，防止事故废水直接排入水体。完善污水处理厂在线监控系统联网，实现污水
处理厂的实时、动态监管。
4-2.【风险/综合类】加强环境风险分级分类管理，强化金属制品、有色金属和压延加工、
化学原料和化学品制造业等涉重金属、化工行业企业及工业园区等重点环境","1、不适用。
2、项目不属于金属制品、有色金属和压延加工、化学
原料和化学品制造业等涉重金属、化工行业企业及工业
园区等重点环境风险源，日常加强环境风险分级分类管
理。",解析文本拼接_表格清洗增强_05_081-100.md,090_佛山市顺德区共诺电子元件厂搬迁项目_01_受理公告或公示版
PL021,PL021_佛山市顺德区共诺电子元件厂搬迁项目_01_受理公告或公示版.pdf,13,2,2,完整,1.0,能投产运行的，以上涉水项目不得投入使用。新建小区严格实施雨污分流，阳台、露台 | 污水处理厂，尾水排至顺德支流，顺德支流水质2023,,解析文本拼接_表格清洗增强_05_081-100.md,090_佛山市顺德区共诺电子元件厂搬迁项目_01_受理公告或公示版
PL021,PL021_佛山市顺德区共诺电子元件厂搬迁项目_01_受理公告或公示版.pdf,13,2,4,完整,1.0,及学校等4大类排水户污水接入市政管网工作。 | 年度改建、新建项目新增水环境重点污染物区域“减二,,解析文本拼接_表格清洗增强_05_081-100.md,090_佛山市顺德区共诺电子元件厂搬迁项目_01_受理公告或公示版
PL021,PL021_佛山市顺德区共诺电子元件厂搬迁项目_01_受理公告或公示版.pdf,13,2,5,完整,1.0,3-2.【水/综合类】大良街道重点河涌水质上年度未达到水环境环境质量目标的，需组织 | 增一”替代。,,解析文本拼接_表格清洗增强_05_081-100.md,090_佛山市顺德区共诺电子元件厂搬迁项目_01_受理公告或公示版
PL021,PL021_佛山市顺德区共诺电子元件厂搬迁项目_01_受理公告或公示版.pdf,13,2,6,完整,1.0,编制、系统实施、向社会公开区域重点水污染物减排计划并明确“替代量”，本年度新建、 | 3、项目位于工业区，产业层次与集聚度较高，污染集,,解析文本拼接_表格清洗增强_05_081-100.md,090_佛山市顺德区共诺电子元件厂搬迁项目_01_受理公告或公示版
PL021,PL021_佛山市顺德区共诺电子元件厂搬迁项目_01_受理公告或公示版.pdf,13,2,7,完整,1.0,改建、新建项目新增水环境重点污染物实行区域“减二增一”替代（工业、生活或综合集 | 中整治。,,解析文本拼接_表格清洗增强_05_081-100.md,090_佛山市顺德区共诺电子元件厂搬迁项目_01_受理公告或公示版
PL021,PL021_佛山市顺德区共诺电子元件厂搬迁项目_01_受理公告或公示版.pdf,13,2,8,完整,1.0,中废水处理设施、民生项目除外）。 | 4、项目位于大门污水处理厂处理范围，尾水执行《城,,解析文本拼接_表格清洗增强_05_081-100.md,090_佛山市顺德区共诺电子元件厂搬迁项目_01_受理公告或公示版
PL021,PL021_佛山市顺德区共诺电子元件厂搬迁项目_01_受理公告或公示版.pdf,13,2,9,完整,1.0,3-3.【水/综合类】结合村级工业园改造，全面提升产业层次与集聚度，促进污染集中整 | 镇污水处理厂污染物排放标准》（GB18918-2002）一,,解析文本拼接_表格清洗增强_05_081-100.md,090_佛山市顺德区共诺电子元件厂搬迁项目_01_受理公告或公示版
PL021,PL021_佛山市顺德区共诺电子元件厂搬迁项目_01_受理公告或公示版.pdf,13,2,10,完整,1.0,治。 | 级 A 标准及《广东省水污染物排放限值》,,解析文本拼接_表格清洗增强_05_081-100.md,090_佛山市顺德区共诺电子元件厂搬迁项目_01_受理公告或公示版
PL021,PL021_佛山市顺德区共诺电子元件厂搬迁项目_01_受理公告或公示版.pdf,13,2,11,完整,1.0,3-4.【水/综合类】稳步推进排水设施“三个一体化”管理模式，补齐城乡污水收集和处理 | （DB44/26-2001）的较严值。,,解析文本拼接_表格清洗增强_05_081-100.md,090_佛山市顺德区共诺电子元件厂搬迁项目_01_受理公告或公示版
PL021,PL021_佛山市顺德区共诺电子元件厂搬迁项目_01_受理公告或公示版.pdf,13,2,12,完整,1.0,短板，推动逢沙污水处理厂、大门污水处理厂提质增效，加快消除城中村、老旧城区、 | 5、项目所在地已经实施雨污分流，污水纳入大良街道,,解析文本拼接_表格清洗增强_05_081-100.md,090_佛山市顺德区共诺电子元件厂搬迁项目_01_受理公告或公示版
PL021,PL021_佛山市顺德区共诺电子元件厂搬迁项目_01_受理公告或公示版.pdf,13,2,13,完整,1.0,城乡结合部等污水收集管网空白区，逐步实现城乡污水收集处理全覆盖。2025 年前逢 | 污水处理系统。,,解析文本拼接_表格清洗增强_05_081-100.md,090_佛山市顺德区共诺电子元件厂搬迁项目_01_受理公告或公示版
PL021,PL021_佛山市顺德区共诺电子元件厂搬迁项目_01_受理公告或公示版.pdf,13,2,14,完整,1.0,沙污水处理厂根据片区的污水排放收集情况，进行扩建工作，尾水应执行《城镇污水处 | 6、项目使用的塑料为固态，常温条件下不会产生有机,,解析文本拼接_表格清洗增强_05_081-100.md,090_佛山市顺德区共诺电子元件厂搬迁项目_01_受理公告或公示版
PL021,PL021_佛山市顺德区共诺电子元件厂搬迁项目_01_受理公告或公示版.pdf,13,2,15,疑似缺失,0.5,理厂污染物排放标准》（GB18918-2002）一级A标准及《广东省水污染物排放限值》 | 废气；项目注塑废气经整室收集后通过活性炭处理后引,废气；项目注塑废气经整室收集后通过活性炭处理后引,解析文本拼接_表格清洗增强_05_081-100.md,090_佛山市顺德区共诺电子元件厂搬迁项目_01_受理公告或公示版
PL021,PL021_佛山市顺德区共诺电子元件厂搬迁项目_01_受理公告或公示版.pdf,13,2,16,完整,1.0,（DB44/26-2001）的较严值。2025年城市生活污水集中收集率达到75%以上。 | 至15m排气筒排放。,,解析文本拼接_表格清洗增强_05_081-100.md,090_佛山市顺德区共诺电子元件厂搬迁项目_01_受理公告或公示版
PL021,PL021_佛山市顺德区共诺电子元件厂搬迁项目_01_受理公告或公示版.pdf,13,2,24,疑似缺失,0.0,4-1. / | 、不适用。,4-1. /；、不适用。,解析文本拼接_表格清洗增强_05_081-100.md,090_佛山市顺德区共诺电子元件厂搬迁项目_01_受理公告或公示版
PL021,PL021_佛山市顺德区共诺电子元件厂搬迁项目_01_受理公告或公示版.pdf,13,2,25,完整,1.0,有效措施，防止事故废水直接排入水体。完善污水处理厂在线监控系统联网，实现污水 | 1,,解析文本拼接_表格清洗增强_05_081-100.md,090_佛山市顺德区共诺电子元件厂搬迁项目_01_受理公告或公示版
PL021,PL021_佛山市顺德区共诺电子元件厂搬迁项目_01_受理公告或公示版.pdf,13,2,27,完整,1.0,环境风险防 | 处理厂的实时、动态监管。 | 2,,解析文本拼接_表格清洗增强_05_081-100.md,090_佛山市顺德区共诺电子元件厂搬迁项目_01_受理公告或公示版
PL021,PL021_佛山市顺德区共诺电子元件厂搬迁项目_01_受理公告或公示版.pdf,13,2,30,疑似缺失,0.5,4-2. / | 园区等重点环境风险源，日常加强环境风险分级分类管,4-2. /,解析文本拼接_表格清洗增强_05_081-100.md,090_佛山市顺德区共诺电子元件厂搬迁项目_01_受理公告或公示版
PL021,PL021_佛山市顺德区共诺电子元件厂搬迁项目_01_受理公告或公示版.pdf,14,1,3,疑似缺失,0.5,"主体
工程 | 生产车间 | 设有混料和破碎区、注塑区、模具维
修区等 | 面积约120m2，主要功能为注塑70
m3、插针10m3、混料/碎料10m3、
烘料20m3、模具维修10m3等","设有混料和破碎区、注塑区、模具维
修区等；面积约120m2，主要功能为注塑70
m3、插针10m3、混料/碎料10m3、
烘料20m3、模具维修10m3等",解析文本拼接_表格清洗增强_05_081-100.md,090_佛山市顺德区共诺电子元件厂搬迁项目_01_受理公告或公示版
PL021,PL021_佛山市顺德区共诺电子元件厂搬迁项目_01_受理公告或公示版.pdf,14,1,4,部分,0.75,"储运
工程 | 仓库 | 主要功能包括原料堆放、成品储存 | 面积约365m2，位于3层，主要功
能包括原料堆放、成品储存","面积约365m2，位于3层，主要功
能包括原料堆放、成品储存",解析文本拼接_表格清洗增强_05_081-100.md,090_佛山市顺德区共诺电子元件厂搬迁项目_01_受理公告或公示版
PL021,PL021_佛山市顺德区共诺电子元件厂搬迁项目_01_受理公告或公示版.pdf,14,1,5,完整,1.0,"辅助
工程 | 办公室 | 供员工办公使用 | 面积约100m2，位于3层，主要功
能包括员工办公使用",,解析文本拼接_表格清洗增强_05_081-100.md,090_佛山市顺德区共诺电子元件厂搬迁项目_01_受理公告或公示版
PL021,PL021_佛山市顺德区共诺电子元件厂搬迁项目_01_受理公告或公示版.pdf,14,1,7,完整,1.0,"给排水系统 | 供水来源为市政自来水，外排废水主
要为生活污水，近期经独立生活污水
处理设施处理后排入附近内河涌（光
华基围涌）；远期待污水管网接通后
经三级化粪池预处理达标后排入污
水厂处理 | 供水来源为市政自来水，生活污水经
市政管网排入大门污水处理厂；循环
冷却水为间接冷却水，作为清净下水
通过雨水管网排入附近内河涌",,解析文本拼接_表格清洗增强_05_081-100.md,090_佛山市顺德区共诺电子元件厂搬迁项目_01_受理公告或公示版
PL021,PL021_佛山市顺德区共诺电子元件厂搬迁项目_01_受理公告或公示版.pdf,14,1,9,部分,0.75,"环保
工程 | 注塑废气 | 通过集气罩收集到“UV 光解”装置
处理，处理达标后通过 22m
高的排气筒 1#排放 | 注塑废气经整室收集，引入活性炭吸
附设施进行处理，最后引至15m高
排气筒（G1）排放","注塑废气经整室收集，引入活性炭吸
附设施进行处理，最后引至15m高
排气筒（G1）排放",解析文本拼接_表格清洗增强_05_081-100.md,090_佛山市顺德区共诺电子元件厂搬迁项目_01_受理公告或公示版
PL021,PL021_佛山市顺德区共诺电子元件厂搬迁项目_01_受理公告或公示版.pdf,14,1,11,完整,1.0,"噪声 | 合理安排加工作业区，墙体隔音、距
离衰减 | 合理安排加工作业区，墙体隔音、距
离衰减",,解析文本拼接_表格清洗增强_05_081-100.md,090_佛山市顺德区共诺电子元件厂搬迁项目_01_受理公告或公示版
PL021,PL021_佛山市顺德区共诺电子元件厂搬迁项目_01_受理公告或公示版.pdf,14,1,12,完整,1.0,"一般固体废物 | 分类收集定期交给商品回收商进行
处理 | 设立固废间1个，面积10m2，用于
一般固体废物暂存",,解析文本拼接_表格清洗增强_05_081-100.md,090_佛山市顺德区共诺电子元件厂搬迁项目_01_受理公告或公示版
PL021,PL021_佛山市顺德区共诺电子元件厂搬迁项目_01_受理公告或公示版.pdf,14,2,1,完整,1.0,七 | 路39 | 号之二，主要 | 从事变压器线圈骨架的生产，于20 | 20年9月23日取得《佛山市生,,解析文本拼接_表格清洗增强_05_081-100.md,090_佛山市顺德区共诺电子元件厂搬迁项目_01_受理公告或公示版
PL021,PL021_佛山市顺德区共诺电子元件厂搬迁项目_01_受理公告或公示版.pdf,14,2,2,完整,1.0,态 | 环境局 | 关于佛山市顺 | 德区共诺电子元件厂新建项目环 | 境影响报告表的批复》（佛环0310,,解析文本拼接_表格清洗增强_05_081-100.md,090_佛山市顺德区共诺电子元件厂搬迁项目_01_受理公告或公示版
PL021,PL021_佛山市顺德区共诺电子元件厂搬迁项目_01_受理公告或公示版.pdf,14,2,3,疑似缺失,0.6,环 | 审〔2 | 020〕第0285 | 号）。搬迁前项目由于厂房租期快 | 到期不能继续在原址生产，所以,号）。搬迁前项目由于厂房租期快；到期不能继续在原址生产，所以,解析文本拼接_表格清洗增强_05_081-100.md,090_佛山市顺德区共诺电子元件厂搬迁项目_01_受理公告或公示版
PL021,PL021_佛山市顺德区共诺电子元件厂搬迁项目_01_受理公告或公示版.pdf,14,2,4,部分,0.8,未 | 进行固 | 定污染源排污 | 登记及验收等后续环保手续的办 | 理。,登记及验收等后续环保手续的办,解析文本拼接_表格清洗增强_05_081-100.md,090_佛山市顺德区共诺电子元件厂搬迁项目_01_受理公告或公示版
PL021,PL021_佛山市顺德区共诺电子元件厂搬迁项目_01_受理公告或公示版.pdf,14,2,6,部分,0.8,8 | 号3楼 | 之二内已建成 | 的工业厂房，与搬迁前相比，搬 | 迁后减少生产设备，升级生产效,迁后减少生产设备，升级生产效,解析文本拼接_表格清洗增强_05_081-100.md,090_佛山市顺德区共诺电子元件厂搬迁项目_01_受理公告或公示版
PL021,PL021_佛山市顺德区共诺电子元件厂搬迁项目_01_受理公告或公示版.pdf,14,2,7,疑似缺失,0.2,率 | ，降本 | 增效使产品产 | 量增加。预计搬迁后项目年产变 | 压器线圈骨架1120万个。,，降本；增效使产品产；量增加。预计搬迁后项目年产变；压器线圈骨架1120万个。,解析文本拼接_表格清洗增强_05_081-100.md,090_佛山市顺德区共诺电子元件厂搬迁项目_01_受理公告或公示版
PL021,PL021_佛山市顺德区共诺电子元件厂搬迁项目_01_受理公告或公示版.pdf,14,2,8,完整,1.0,2、 | 项目组成,,解析文本拼接_表格清洗增强_05_081-100.md,090_佛山市顺德区共诺电子元件厂搬迁项目_01_受理公告或公示版
PL021,PL021_佛山市顺德区共诺电子元件厂搬迁项目_01_受理公告或公示版.pdf,14,2,9,完整,1.0,搬迁前 | 项目占地面积 | 约1280m2，建筑面积约1280m2 | 。搬迁后项目占地面积和经营面,,解析文本拼接_表格清洗增强_05_081-100.md,090_佛山市顺德区共诺电子元件厂搬迁项目_01_受理公告或公示版
PL021,PL021_佛山市顺德区共诺电子元件厂搬迁项目_01_受理公告或公示版.pdf,14,2,10,完整,1.0,积 | 为600 | m2。项目工程 | 组成见表2-1。该建筑物共3层， | 项目位于第3层，首层楼高4.8,,解析文本拼接_表格清洗增强_05_081-100.md,090_佛山市顺德区共诺电子元件厂搬迁项目_01_受理公告或公示版
PL021,PL021_佛山市顺德区共诺电子元件厂搬迁项目_01_受理公告或公示版.pdf,14,2,11,完整,1.0,m | ，2-3 | 层每层楼高4.2 | m，总楼高为13.2m。项目工程 | 组成见表2-1。,,解析文本拼接_表格清洗增强_05_081-100.md,090_佛山市顺德区共诺电子元件厂搬迁项目_01_受理公告或公示版
PL021,PL021_佛山市顺德区共诺电子元件厂搬迁项目_01_受理公告或公示版.pdf,14,2,16,疑似缺失,0.5,生产车间 | m3、插针10m3、混料/碎料10m3、,m3、插针10m3、混料/碎料10m3、,解析文本拼接_表格清洗增强_05_081-100.md,090_佛山市顺德区共诺电子元件厂搬迁项目_01_受理公告或公示版
PL021,PL021_佛山市顺德区共诺电子元件厂搬迁项目_01_受理公告或公示版.pdf,14,2,19,疑似缺失,0.5,储运 | 面积约 2，位于 层，主要功,面积约 2，位于 层，主要功,解析文本拼接_表格清洗增强_05_081-100.md,090_佛山市顺德区共诺电子元件厂搬迁项目_01_受理公告或公示版
PL021,PL021_佛山市顺德区共诺电子元件厂搬迁项目_01_受理公告或公示版.pdf,14,2,20,疑似缺失,0.667,仓库 | 主要功能包括原料堆放、成品储存 | 365m 3,365m 3,解析文本拼接_表格清洗增强_05_081-100.md,090_佛山市顺德区共诺电子元件厂搬迁项目_01_受理公告或公示版
PL021,PL021_佛山市顺德区共诺电子元件厂搬迁项目_01_受理公告或公示版.pdf,14,2,22,疑似缺失,0.5,辅助 | 面积约 2，位于 层，主要功,面积约 2，位于 层，主要功,解析文本拼接_表格清洗增强_05_081-100.md,090_佛山市顺德区共诺电子元件厂搬迁项目_01_受理公告或公示版
PL021,PL021_佛山市顺德区共诺电子元件厂搬迁项目_01_受理公告或公示版.pdf,14,2,23,完整,1.0,办公室 | 供员工办公使用 | 100m 3,,解析文本拼接_表格清洗增强_05_081-100.md,090_佛山市顺德区共诺电子元件厂搬迁项目_01_受理公告或公示版
PL021,PL021_佛山市顺德区共诺电子元件厂搬迁项目_01_受理公告或公示版.pdf,14,2,37,疑似缺失,0.5,通过集气罩收集到“UV 光解”装置 | 注塑废气经整室收集，引入活性炭吸,注塑废气经整室收集，引入活性炭吸,解析文本拼接_表格清洗增强_05_081-100.md,090_佛山市顺德区共诺电子元件厂搬迁项目_01_受理公告或公示版
PL021,PL021_佛山市顺德区共诺电子元件厂搬迁项目_01_受理公告或公示版.pdf,14,2,38,完整,1.0,注塑废气 | 处理，处理达标后通过 22m | 附设施进行处理，最后引至15m高,,解析文本拼接_表格清洗增强_05_081-100.md,090_佛山市顺德区共诺电子元件厂搬迁项目_01_受理公告或公示版
PL021,PL021_佛山市顺德区共诺电子元件厂搬迁项目_01_受理公告或公示版.pdf,14,2,39,完整,1.0,高的排气筒 1#排放 | 排气筒（G1）排放,,解析文本拼接_表格清洗增强_05_081-100.md,090_佛山市顺德区共诺电子元件厂搬迁项目_01_受理公告或公示版
PL021,PL021_佛山市顺德区共诺电子元件厂搬迁项目_01_受理公告或公示版.pdf,14,2,44,完整,1.0,噪声 | 合理安排加工作业区，墙体隔音、距 | 合理安排加工作业区，墙体隔音、距,,解析文本拼接_表格清洗增强_05_081-100.md,090_佛山市顺德区共诺电子元件厂搬迁项目_01_受理公告或公示版
PL021,PL021_佛山市顺德区共诺电子元件厂搬迁项目_01_受理公告或公示版.pdf,14,2,46,疑似缺失,0.5,分类收集定期交给商品回收商进行 | 设立固废间 个，面积 2，用于,设立固废间 个，面积 2，用于,解析文本拼接_表格清洗增强_05_081-100.md,090_佛山市顺德区共诺电子元件厂搬迁项目_01_受理公告或公示版
PL021,PL021_佛山市顺德区共诺电子元件厂搬迁项目_01_受理公告或公示版.pdf,14,2,47,疑似缺失,0.5,一般固体废物 | 1 10m,1 10m,解析文本拼接_表格清洗增强_05_081-100.md,090_佛山市顺德区共诺电子元件厂搬迁项目_01_受理公告或公示版
PL021,PL021_佛山市顺德区共诺电子元件厂搬迁项目_01_受理公告或公示版.pdf,15,1,2,疑似缺失,0.667,"危险废物 | 危险废物收集暂存于危废池并委托
有资质的单位定期处理 | 设有危废间1个，面积5m2，危险
废物收集暂存于危废间并委托有资
质的单位定期处理","设有危废间1个，面积5m2，危险
废物收集暂存于危废间并委托有资
质的单位定期处理",解析文本拼接_表格清洗增强_05_081-100.md,090_佛山市顺德区共诺电子元件厂搬迁项目_01_受理公告或公示版
PL021,PL021_佛山市顺德区共诺电子元件厂搬迁项目_01_受理公告或公示版.pdf,15,2,2,疑似缺失,0.5,"变压器线圈骨架 | 万个/年 | 1200 | +900 | 2100 | 有大有小，小的重量约3g/个
共1500万个；大的重量约
15g/个，共600万个","+900；2100；有大有小，小的重量约3g/个
共1500万个；大的重量约
15g/个，共600万个",解析文本拼接_表格清洗增强_05_081-100.md,090_佛山市顺德区共诺电子元件厂搬迁项目_01_受理公告或公示版
PL021,PL021_佛山市顺德区共诺电子元件厂搬迁项目_01_受理公告或公示版.pdf,15,3,1,完整,1.0,"主要生
产单元 | 主要工艺 | 生产设施 | 单位 | 搬迁前数量 | 增减量 | 搬迁后
数量 | 设施参数",,解析文本拼接_表格清洗增强_05_081-100.md,090_佛山市顺德区共诺电子元件厂搬迁项目_01_受理公告或公示版
PL021,PL021_佛山市顺德区共诺电子元件厂搬迁项目_01_受理公告或公示版.pdf,15,3,2,部分,0.875,"生产车
间 | 注塑 | 注塑机 | 台 | 17 | -2 | 15 | 处理能力2.88-14.4kg/h",处理能力2.88-14.4kg/h,解析文本拼接_表格清洗增强_05_081-100.md,090_佛山市顺德区共诺电子元件厂搬迁项目_01_受理公告或公示版
PL021,PL021_佛山市顺德区共诺电子元件厂搬迁项目_01_受理公告或公示版.pdf,15,3,3,完整,1.0,混料 | 混料机 | 台 | 1 | 0 | 1 | 处理能力100kg/h,,解析文本拼接_表格清洗增强_05_081-100.md,090_佛山市顺德区共诺电子元件厂搬迁项目_01_受理公告或公示版
PL021,PL021_佛山市顺德区共诺电子元件厂搬迁项目_01_受理公告或公示版.pdf,15,3,4,完整,1.0,破碎 | 破碎机 | 台 | 2 | +1 | 3 | 处理能力50kg/h,,解析文本拼接_表格清洗增强_05_081-100.md,090_佛山市顺德区共诺电子元件厂搬迁项目_01_受理公告或公示版
PL021,PL021_佛山市顺德区共诺电子元件厂搬迁项目_01_受理公告或公示版.pdf,15,3,5,完整,1.0,烘料 | 烘料机 | 台 | 0 | +2 | 2 | 功率1kW,,解析文本拼接_表格清洗增强_05_081-100.md,090_佛山市顺德区共诺电子元件厂搬迁项目_01_受理公告或公示版
PL021,PL021_佛山市顺德区共诺电子元件厂搬迁项目_01_受理公告或公示版.pdf,15,3,6,完整,1.0,插针 | 插针机 | 台 | 8 | 0 | 8 | 功率1kW,,解析文本拼接_表格清洗增强_05_081-100.md,090_佛山市顺德区共诺电子元件厂搬迁项目_01_受理公告或公示版
PL021,PL021_佛山市顺德区共诺电子元件厂搬迁项目_01_受理公告或公示版.pdf,15,3,7,完整,1.0,模具维修 | 磨床 | 台 | 1 | 0 | 1 | 功率2.5kW,,解析文本拼接_表格清洗增强_05_081-100.md,090_佛山市顺德区共诺电子元件厂搬迁项目_01_受理公告或公示版
PL021,PL021_佛山市顺德区共诺电子元件厂搬迁项目_01_受理公告或公示版.pdf,15,3,8,部分,0.833,台钻 | 台 | 0 | 1 | 1 | 功率1kW,台钻,解析文本拼接_表格清洗增强_05_081-100.md,090_佛山市顺德区共诺电子元件厂搬迁项目_01_受理公告或公示版
PL021,PL021_佛山市顺德区共诺电子元件厂搬迁项目_01_受理公告或公示版.pdf,15,3,9,完整,1.0,公用 | 冷却 | 冷却塔 | 台 | 1 | 0 | 1 | 循环水量为6m3/h,,解析文本拼接_表格清洗增强_05_081-100.md,090_佛山市顺德区共诺电子元件厂搬迁项目_01_受理公告或公示版
PL021,PL021_佛山市顺德区共诺电子元件厂搬迁项目_01_受理公告或公示版.pdf,15,3,10,完整,1.0,提供压缩空气 | 空压机 | 台 | 0 | 1 | 1 | 功率7.5kW,,解析文本拼接_表格清洗增强_05_081-100.md,090_佛山市顺德区共诺电子元件厂搬迁项目_01_受理公告或公示版
PL021,PL021_佛山市顺德区共诺电子元件厂搬迁项目_01_受理公告或公示版.pdf,15,4,2,部分,0.714,PBT塑料粒 | 吨/年 | 36 | +99.372 | 135.372 | 6 | 25kg/袋，新料、粒状,+99.372；135.372,解析文本拼接_表格清洗增强_05_081-100.md,090_佛山市顺德区共诺电子元件厂搬迁项目_01_受理公告或公示版
PL021,PL021_佛山市顺德区共诺电子元件厂搬迁项目_01_受理公告或公示版.pdf,15,4,3,部分,0.857,导针 | 吨/年 | 0.85 | +2.35 | 3.2 | 0.15 | 2.5kg/袋，用于插针,+2.35,解析文本拼接_表格清洗增强_05_081-100.md,090_佛山市顺德区共诺电子元件厂搬迁项目_01_受理公告或公示版
PL021,PL021_佛山市顺德区共诺电子元件厂搬迁项目_01_受理公告或公示版.pdf,15,4,4,部分,0.857,液压油 | 吨/年 | 0 | +0.25 | 0.25 | 0.25 | 25kg/桶，液体,+0.25,解析文本拼接_表格清洗增强_05_081-100.md,090_佛山市顺德区共诺电子元件厂搬迁项目_01_受理公告或公示版
PL021,PL021_佛山市顺德区共诺电子元件厂搬迁项目_01_受理公告或公示版.pdf,15,4,5,部分,0.857,机油 | 吨/年 | 0.01 | -0.005 | 0.005 | 0.005 | 2.5kg/瓶，液体,2.5kg/瓶，液体,解析文本拼接_表格清洗增强_05_081-100.md,090_佛山市顺德区共诺电子元件厂搬迁项目_01_受理公告或公示版
PL021,PL021_佛山市顺德区共诺电子元件厂搬迁项目_01_受理公告或公示版.pdf,15,5,2,部分,0.75,设 | 有危 | 废间 | 个，面积 2，危险,个，面积 2，危险,解析文本拼接_表格清洗增强_05_081-100.md,090_佛山市顺德区共诺电子元件厂搬迁项目_01_受理公告或公示版
PL021,PL021_佛山市顺德区共诺电子元件厂搬迁项目_01_受理公告或公示版.pdf,15,5,3,完整,1.0,危 | 险 | 废物收 | 集暂存于危 | 废池并委 | 托 | 1 | 5m,,解析文本拼接_表格清洗增强_05_081-100.md,090_佛山市顺德区共诺电子元件厂搬迁项目_01_受理公告或公示版
PL021,PL021_佛山市顺德区共诺电子元件厂搬迁项目_01_受理公告或公示版.pdf,15,5,4,完整,1.0,危险废 | 物 | 废 | 物收 | 集暂 | 存 | 于危废间并委托有资,,解析文本拼接_表格清洗增强_05_081-100.md,090_佛山市顺德区共诺电子元件厂搬迁项目_01_受理公告或公示版
PL021,PL021_佛山市顺德区共诺电子元件厂搬迁项目_01_受理公告或公示版.pdf,15,5,7,完整,1.0,3、主要产 | 品及产能,,解析文本拼接_表格清洗增强_05_081-100.md,090_佛山市顺德区共诺电子元件厂搬迁项目_01_受理公告或公示版
PL021,PL021_佛山市顺德区共诺电子元件厂搬迁项目_01_受理公告或公示版.pdf,15,5,8,部分,0.917,项目主要从 | 事变压 | 器 | 线 | 圈骨架 | 的制造及 | 经营工 | 作，项 | 目建 | 成后 | 产 | 品产量见表2-2。,的制造及,解析文本拼接_表格清洗增强_05_081-100.md,090_佛山市顺德区共诺电子元件厂搬迁项目_01_受理公告或公示版
PL021,PL021_佛山市顺德区共诺电子元件厂搬迁项目_01_受理公告或公示版.pdf,15,5,9,完整,1.0,表 | 2-2 项目 | 产品及 | 产能,,解析文本拼接_表格清洗增强_05_081-100.md,090_佛山市顺德区共诺电子元件厂搬迁项目_01_受理公告或公示版
PL021,PL021_佛山市顺德区共诺电子元件厂搬迁项目_01_受理公告或公示版.pdf,15,5,12,完整,1.0,有大有 | 小，小的重量约3g/个,,解析文本拼接_表格清洗增强_05_081-100.md,090_佛山市顺德区共诺电子元件厂搬迁项目_01_受理公告或公示版
PL021,PL021_佛山市顺德区共诺电子元件厂搬迁项目_01_受理公告或公示版.pdf,15,5,13,疑似缺失,0.667,万个/ | 年 | 1200 | +9 | 00 | 2100 | 共15 | 0 | 0万个；大的重量约,+9；2100；共15,解析文本拼接_表格清洗增强_05_081-100.md,090_佛山市顺德区共诺电子元件厂搬迁项目_01_受理公告或公示版
PL021,PL021_佛山市顺德区共诺电子元件厂搬迁项目_01_受理公告或公示版.pdf,15,5,14,疑似缺失,0.667,1 | 5g | /个，共600万个,/个，共600万个,解析文本拼接_表格清洗增强_05_081-100.md,090_佛山市顺德区共诺电子元件厂搬迁项目_01_受理公告或公示版
PL021,PL021_佛山市顺德区共诺电子元件厂搬迁项目_01_受理公告或公示版.pdf,15,5,15,完整,1.0,4、项目设 | 备清单,,解析文本拼接_表格清洗增强_05_081-100.md,090_佛山市顺德区共诺电子元件厂搬迁项目_01_受理公告或公示版
PL021,PL021_佛山市顺德区共诺电子元件厂搬迁项目_01_受理公告或公示版.pdf,15,5,16,完整,1.0,项目主要生 | 产单元 | 、 | 主 | 要工艺 | 、生产设 | 施及设 | 施参数 | 见表 | 2-3 | 。,,解析文本拼接_表格清洗增强_05_081-100.md,090_佛山市顺德区共诺电子元件厂搬迁项目_01_受理公告或公示版
PL021,PL021_佛山市顺德区共诺电子元件厂搬迁项目_01_受理公告或公示版.pdf,15,5,17,完整,1.0,表2- | 3 主要生 | 产设备 | 一览 | 表,,解析文本拼接_表格清洗增强_05_081-100.md,090_佛山市顺德区共诺电子元件厂搬迁项目_01_受理公告或公示版
PL021,PL021_佛山市顺德区共诺电子元件厂搬迁项目_01_受理公告或公示版.pdf,15,5,19,完整,1.0,主要工 | 艺 | 生 | 产 | 设施 单 | 位 搬迁 | 前数量 | 增减量 | 设施参数,,解析文本拼接_表格清洗增强_05_081-100.md,090_佛山市顺德区共诺电子元件厂搬迁项目_01_受理公告或公示版
PL021,PL021_佛山市顺德区共诺电子元件厂搬迁项目_01_受理公告或公示版.pdf,15,5,21,部分,0.9,注塑 | 注塑 | 机 | 台 1 | 7 | -2 | 1 | 5 | 处 | 理能力2.88-14.4kg/h,理能力2.88-14.4kg/h,解析文本拼接_表格清洗增强_05_081-100.md,090_佛山市顺德区共诺电子元件厂搬迁项目_01_受理公告或公示版
PL021,PL021_佛山市顺德区共诺电子元件厂搬迁项目_01_受理公告或公示版.pdf,15,5,22,完整,1.0,混料 | 混料 | 机 | 台 | 1 | 0 | 1 | 处理能力100kg/h,,解析文本拼接_表格清洗增强_05_081-100.md,090_佛山市顺德区共诺电子元件厂搬迁项目_01_受理公告或公示版
PL021,PL021_佛山市顺德区共诺电子元件厂搬迁项目_01_受理公告或公示版.pdf,15,5,23,完整,1.0,破碎 | 破碎 | 机 | 台 | 2 | +1 | 3 | 处理能力50kg/h,,解析文本拼接_表格清洗增强_05_081-100.md,090_佛山市顺德区共诺电子元件厂搬迁项目_01_受理公告或公示版
PL021,PL021_佛山市顺德区共诺电子元件厂搬迁项目_01_受理公告或公示版.pdf,15,5,25,完整,1.0,间 | 烘料 | 烘料 | 机 | 台 | 0 | +2 | 2 | 功率1kW,,解析文本拼接_表格清洗增强_05_081-100.md,090_佛山市顺德区共诺电子元件厂搬迁项目_01_受理公告或公示版
PL021,PL021_佛山市顺德区共诺电子元件厂搬迁项目_01_受理公告或公示版.pdf,15,5,26,完整,1.0,插针 | 插针 | 机 | 台 | 8 | 0 | 8 | 功率1kW,,解析文本拼接_表格清洗增强_05_081-100.md,090_佛山市顺德区共诺电子元件厂搬迁项目_01_受理公告或公示版
PL021,PL021_佛山市顺德区共诺电子元件厂搬迁项目_01_受理公告或公示版.pdf,15,5,27,完整,1.0,磨 | 床 | 台 | 1 | 0 | 1 | 功率2.5kW,,解析文本拼接_表格清洗增强_05_081-100.md,090_佛山市顺德区共诺电子元件厂搬迁项目_01_受理公告或公示版
PL021,PL021_佛山市顺德区共诺电子元件厂搬迁项目_01_受理公告或公示版.pdf,15,5,29,部分,0.857,台 | 钻 | 台 | 0 | 1 | 1 | 功率1kW,钻,解析文本拼接_表格清洗增强_05_081-100.md,090_佛山市顺德区共诺电子元件厂搬迁项目_01_受理公告或公示版
PL021,PL021_佛山市顺德区共诺电子元件厂搬迁项目_01_受理公告或公示版.pdf,15,5,30,完整,1.0,冷却 | 冷却 | 塔 | 台 | 1 | 0 | 1 | 循环水量为6m3/h,,解析文本拼接_表格清洗增强_05_081-100.md,090_佛山市顺德区共诺电子元件厂搬迁项目_01_受理公告或公示版
PL021,PL021_佛山市顺德区共诺电子元件厂搬迁项目_01_受理公告或公示版.pdf,15,5,32,完整,1.0,提供压缩 | 空气 | 空压 | 机 | 台 | 0 | 1 | 1 | 功率7.5kW,,解析文本拼接_表格清洗增强_05_081-100.md,090_佛山市顺德区共诺电子元件厂搬迁项目_01_受理公告或公示版
PL021,PL021_佛山市顺德区共诺电子元件厂搬迁项目_01_受理公告或公示版.pdf,15,5,34,完整,1.0,5、项目原 | 辅材料,,解析文本拼接_表格清洗增强_05_081-100.md,090_佛山市顺德区共诺电子元件厂搬迁项目_01_受理公告或公示版
PL021,PL021_佛山市顺德区共诺电子元件厂搬迁项目_01_受理公告或公示版.pdf,15,5,35,完整,1.0,项目主要原 | 辅材料 | 的 | 种 | 类、用 | 量和原辅 | 材料理 | 化性质 | 见表 | 2-4 | 和 | 表2-5。,,解析文本拼接_表格清洗增强_05_081-100.md,090_佛山市顺德区共诺电子元件厂搬迁项目_01_受理公告或公示版
PL021,PL021_佛山市顺德区共诺电子元件厂搬迁项目_01_受理公告或公示版.pdf,15,5,36,完整,1.0,表2-4 | 项目原辅 | 材料种 | 类和 | 用 | 量,,解析文本拼接_表格清洗增强_05_081-100.md,090_佛山市顺德区共诺电子元件厂搬迁项目_01_受理公告或公示版
PL021,PL021_佛山市顺德区共诺电子元件厂搬迁项目_01_受理公告或公示版.pdf,15,5,40,部分,0.8,PB | T塑料粒 | 吨/年 | 3 | 6 | +99.372 | 135.37 | 2 | 6 | 25kg/袋，新料、粒状,+99.372；135.37,解析文本拼接_表格清洗增强_05_081-100.md,090_佛山市顺德区共诺电子元件厂搬迁项目_01_受理公告或公示版
PL021,PL021_佛山市顺德区共诺电子元件厂搬迁项目_01_受理公告或公示版.pdf,15,5,41,部分,0.889,导针 | 吨/年 | 0. | 85 | +2.35 | 3.2 | 0.1 | 5 | 2.5kg/袋，用于插针,+2.35,解析文本拼接_表格清洗增强_05_081-100.md,090_佛山市顺德区共诺电子元件厂搬迁项目_01_受理公告或公示版
PL021,PL021_佛山市顺德区共诺电子元件厂搬迁项目_01_受理公告或公示版.pdf,15,5,42,部分,0.875,液压油 | 吨/年 | 0 | +0.25 | 0.25 | 0.2 | 5 | 25kg/桶，液体,+0.25,解析文本拼接_表格清洗增强_05_081-100.md,090_佛山市顺德区共诺电子元件厂搬迁项目_01_受理公告或公示版
PL021,PL021_佛山市顺德区共诺电子元件厂搬迁项目_01_受理公告或公示版.pdf,15,5,43,部分,0.889,机油 | 吨/年 | 0. | 01 | -0.005 | 0.005 | 0.0 | 05 | 2.5kg/瓶，液体,2.5kg/瓶，液体,解析文本拼接_表格清洗增强_05_081-100.md,090_佛山市顺德区共诺电子元件厂搬迁项目_01_受理公告或公示版
PL021,PL021_佛山市顺德区共诺电子元件厂搬迁项目_01_受理公告或公示版.pdf,16,1,3,完整,1.0,"PBT塑料粒 | 聚对苯二甲酸丁二醇酯（Polybutyleneterephthalate)，又名聚对苯二甲酸四次甲基酯。
简称PBT。它是对苯二甲酸与1,4-丁二醇的缩聚物。乳白色半透明到不透明、半结晶型
热塑性聚酯，具有高耐热性、韧性、耐疲劳性。不耐强酸、强碱，能耐有机溶剂，可
燃、高温下分解。成型温度 240~260℃，分解温度在280℃左右。",,解析文本拼接_表格清洗增强_05_081-100.md,090_佛山市顺德区共诺电子元件厂搬迁项目_01_受理公告或公示版
PL021,PL021_佛山市顺德区共诺电子元件厂搬迁项目_01_受理公告或公示版.pdf,16,1,4,完整,1.0,"机油 | 密度约为0.91×103kg/m3，闪点约为180℃，能对机械设备到润滑减磨、辅助冷却降温、
密封防漏、防锈防蚀、减震缓冲等作用。机油由基础油和添加剂两部分组成。基础油
是机油的主要成分，决定着机油的基本性质，添加剂则可弥补和改善基础油性能方面
的不足，赋予某些新的性能，是机油的重要组成部分。",,解析文本拼接_表格清洗增强_05_081-100.md,090_佛山市顺德区共诺电子元件厂搬迁项目_01_受理公告或公示版
PL021,PL021_佛山市顺德区共诺电子元件厂搬迁项目_01_受理公告或公示版.pdf,16,1,5,完整,1.0,"液压油 | 淡黄色液体，相对密度（水=1g/cm3）0.87g/cm3，闪点224℃，无爆炸危险，遇明火、
高热可燃，燃烧产物为CO、CO2 等有毒有害气体，燃烧时使用泡沫、干粉、二氧化碳、
砂土进行灭火；常温环境下储存不分解，禁配物为酸、碱及强氧化剂。",,解析文本拼接_表格清洗增强_05_081-100.md,090_佛山市顺德区共诺电子元件厂搬迁项目_01_受理公告或公示版
PL021,PL021_佛山市顺德区共诺电子元件厂搬迁项目_01_受理公告或公示版.pdf,16,1,7,部分,0.8,"设备
名称 | 塑料加
工量
（kg/h） | 产品 | 设备
数量
（台） | 单个模
具容量
（g） | 一模生产
时间
（min） | 产能
（g/m
in） | 作业时
间
（min） | 理论年
产量（t） | 申报年
产量
（t）","塑料加
工量
（kg/h）；一模生产
时间
（min）",解析文本拼接_表格清洗增强_05_081-100.md,090_佛山市顺德区共诺电子元件厂搬迁项目_01_受理公告或公示版
PL021,PL021_佛山市顺德区共诺电子元件厂搬迁项目_01_受理公告或公示版.pdf,16,1,8,部分,0.7,"注塑
机 | 2.88 | 小变压
器线圈
骨架 | 8 | 12 | 0.25 | 384 | 144000 | 55.296 | 45",2.88；384；55.296,解析文本拼接_表格清洗增强_05_081-100.md,090_佛山市顺德区共诺电子元件厂搬迁项目_01_受理公告或公示版
PL021,PL021_佛山市顺德区共诺电子元件厂搬迁项目_01_受理公告或公示版.pdf,16,1,9,部分,0.889,"14.4 | 大变压
器线圈
骨架 | 7 | 60 | 0.5 | 840 | 144000 | 120.96 | 90",120.96,解析文本拼接_表格清洗增强_05_081-100.md,090_佛山市顺德区共诺电子元件厂搬迁项目_01_受理公告或公示版
PL021,PL021_佛山市顺德区共诺电子元件厂搬迁项目_01_受理公告或公示版.pdf,16,2,4,疑似缺失,0.5,"塑料粒 | PBT 1,4-","PBT 1,4-",解析文本拼接_表格清洗增强_05_081-100.md,090_佛山市顺德区共诺电子元件厂搬迁项目_01_受理公告或公示版
PL021,PL021_佛山市顺德区共诺电子元件厂搬迁项目_01_受理公告或公示版.pdf,16,2,13,完整,1.0,液 | 压油 | 高热可燃，燃烧产物为CO、CO2 等有毒有害气体，燃烧时使用泡沫、干粉、二氧化碳、,,解析文本拼接_表格清洗增强_05_081-100.md,090_佛山市顺德区共诺电子元件厂搬迁项目_01_受理公告或公示版
PL021,PL021_佛山市顺德区共诺电子元件厂搬迁项目_01_受理公告或公示版.pdf,16,2,15,完整,1.0,6、原材 | 料用量与设备匹配性分析,,解析文本拼接_表格清洗增强_05_081-100.md,090_佛山市顺德区共诺电子元件厂搬迁项目_01_受理公告或公示版
PL021,PL021_佛山市顺德区共诺电子元件厂搬迁项目_01_受理公告或公示版.pdf,16,2,16,完整,1.0,表2-6 | 项目关键生产设施设计产能与原辅料用量、产品产能相符性分析表,,解析文本拼接_表格清洗增强_05_081-100.md,090_佛山市顺德区共诺电子元件厂搬迁项目_01_受理公告或公示版
PL021,PL021_佛山市顺德区共诺电子元件厂搬迁项目_01_受理公告或公示版.pdf,16,2,17,疑似缺失,0.5,塑料 | 加 设备 单个模 一模生产 产能 作业时 申报年,加 设备 单个模 一模生产 产能 作业时 申报年,解析文本拼接_表格清洗增强_05_081-100.md,090_佛山市顺德区共诺电子元件厂搬迁项目_01_受理公告或公示版
PL021,PL021_佛山市顺德区共诺电子元件厂搬迁项目_01_受理公告或公示版.pdf,16,2,18,疑似缺失,0.667,"设备 | 工量 | 理论年
产品 数量 具容量 时间 （ 间 产量","理论年
产品 数量 具容量 时间 （ 间 产量",解析文本拼接_表格清洗增强_05_081-100.md,090_佛山市顺德区共诺电子元件厂搬迁项目_01_受理公告或公示版
PL021,PL021_佛山市顺德区共诺电子元件厂搬迁项目_01_受理公告或公示版.pdf,16,2,23,疑似缺失,0.0,2.88 | 器线圈 8 12 0.25 384 144000 55.296 45,2.88；器线圈 8 12 0.25 384 144000 55.296 45,解析文本拼接_表格清洗增强_05_081-100.md,090_佛山市顺德区共诺电子元件厂搬迁项目_01_受理公告或公示版
PL021,PL021_佛山市顺德区共诺电子元件厂搬迁项目_01_受理公告或公示版.pdf,16,2,26,疑似缺失,0.5,14.4 | 器线圈 7 60 0.5 840 144000 120.96 90,器线圈 7 60 0.5 840 144000 120.96 90,解析文本拼接_表格清洗增强_05_081-100.md,090_佛山市顺德区共诺电子元件厂搬迁项目_01_受理公告或公示版
PL021,PL021_佛山市顺德区共诺电子元件厂搬迁项目_01_受理公告或公示版.pdf,16,2,28,疑似缺失,0.667,：1 | 、项目每 | 天生产8h，年生产300天。2、小变压器线圈骨架一模约4个耗时15秒，大变压器线圈,天生产8h，年生产300天。2、小变压器线圈骨架一模约4个耗时15秒，大变压器线圈,解析文本拼接_表格清洗增强_05_081-100.md,090_佛山市顺德区共诺电子元件厂搬迁项目_01_受理公告或公示版
PL021,PL021_佛山市顺德区共诺电子元件厂搬迁项目_01_受理公告或公示版.pdf,16,2,29,疑似缺失,0.333,架 | 一模约4个 | 耗时30秒。3、设备连续生产，年产量较申报产能偏大主要受生产过程中设备调试、维,一模约4个；耗时30秒。3、设备连续生产，年产量较申报产能偏大主要受生产过程中设备调试、维,解析文本拼接_表格清洗增强_05_081-100.md,090_佛山市顺德区共诺电子元件厂搬迁项目_01_受理公告或公示版
PL021,PL021_佛山市顺德区共诺电子元件厂搬迁项目_01_受理公告或公示版.pdf,16,2,30,疑似缺失,0.667,、 | 维修等情况 | 影响，用量偏差在可接受的范围内。4、塑料加工量=实际注射量*作业时间,影响，用量偏差在可接受的范围内。4、塑料加工量=实际注射量*作业时间,解析文本拼接_表格清洗增强_05_081-100.md,090_佛山市顺德区共诺电子元件厂搬迁项目_01_受理公告或公示版
PL021,PL021_佛山市顺德区共诺电子元件厂搬迁项目_01_受理公告或公示版.pdf,16,2,31,疑似缺失,0.5,项目理论 | 年产量176.256吨，申报年产量135吨，生产能力可满足。,年产量176.256吨，申报年产量135吨，生产能力可满足。,解析文本拼接_表格清洗增强_05_081-100.md,090_佛山市顺德区共诺电子元件厂搬迁项目_01_受理公告或公示版
PL021,PL021_佛山市顺德区共诺电子元件厂搬迁项目_01_受理公告或公示版.pdf,16,2,32,完整,1.0,7、项目 | 平衡分析,,解析文本拼接_表格清洗增强_05_081-100.md,090_佛山市顺德区共诺电子元件厂搬迁项目_01_受理公告或公示版
PL021,PL021_佛山市顺德区共诺电子元件厂搬迁项目_01_受理公告或公示版.pdf,16,2,33,完整,1.0,（1）水 | 平衡,,解析文本拼接_表格清洗增强_05_081-100.md,090_佛山市顺德区共诺电子元件厂搬迁项目_01_受理公告或公示版
PL021,PL021_佛山市顺德区共诺电子元件厂搬迁项目_01_受理公告或公示版.pdf,16,2,37,完整,1.0,本项目劳 | 动定员10人，年工作日300天，项目内不设员工宿舍和食堂，根据广东省《用,,解析文本拼接_表格清洗增强_05_081-100.md,090_佛山市顺德区共诺电子元件厂搬迁项目_01_受理公告或公示版
PL021,PL021_佛山市顺德区共诺电子元件厂搬迁项目_01_受理公告或公示版.pdf,16,2,38,完整,1.0,水定 | 额 第三 | 部分：生活》（DB44/T1461.3-2021）表A.1中国家机构办公楼无食堂和浴室，,,解析文本拼接_表格清洗增强_05_081-100.md,090_佛山市顺德区共诺电子元件厂搬迁项目_01_受理公告或公示版
PL021,PL021_佛山市顺德区共诺电子元件厂搬迁项目_01_受理公告或公示版.pdf,16,2,39,完整,1.0,生活 | 用水按先 | 进值10m3/（人•a）计，则生活用水量约为100m3/a。,,解析文本拼接_表格清洗增强_05_081-100.md,090_佛山市顺德区共诺电子元件厂搬迁项目_01_受理公告或公示版
PL021,PL021_佛山市顺德区共诺电子元件厂搬迁项目_01_受理公告或公示版.pdf,16,2,42,完整,1.0,需适 | 当地加入 | 新鲜水补充因蒸发而损失的水分。根据工程分析核算，新鲜水补充量为648,,解析文本拼接_表格清洗增强_05_081-100.md,090_佛山市顺德区共诺电子元件厂搬迁项目_01_受理公告或公示版
PL021,PL021_佛山市顺德区共诺电子元件厂搬迁项目_01_受理公告或公示版.pdf,16,2,43,完整,1.0,3/a | ，定期排 | 水量为172.8m3/a。,,解析文本拼接_表格清洗增强_05_081-100.md,090_佛山市顺德区共诺电子元件厂搬迁项目_01_受理公告或公示版
PL021,PL021_佛山市顺德区共诺电子元件厂搬迁项目_01_受理公告或公示版.pdf,16,2,44,完整,1.0,（2）排 | 水：,,解析文本拼接_表格清洗增强_05_081-100.md,090_佛山市顺德区共诺电子元件厂搬迁项目_01_受理公告或公示版
PL021,PL021_佛山市顺德区共诺电子元件厂搬迁项目_01_受理公告或公示版.pdf,17,2,2,完整,1.0,原料 | 数量（t/a） | 产品及其他 | 数量（t/a） | 去向,,解析文本拼接_表格清洗增强_05_081-100.md,090_佛山市顺德区共诺电子元件厂搬迁项目_01_受理公告或公示版
PL021,PL021_佛山市顺德区共诺电子元件厂搬迁项目_01_受理公告或公示版.pdf,17,2,3,疑似缺失,0.6,PBT塑料粒 | 135.372 | 变压器线圈骨架 | 138.2 | 产品出售,135.372；138.2,解析文本拼接_表格清洗增强_05_081-100.md,090_佛山市顺德区共诺电子元件厂搬迁项目_01_受理公告或公示版
PL021,PL021_佛山市顺德区共诺电子元件厂搬迁项目_01_受理公告或公示版.pdf,17,2,4,部分,0.8,"导针 | 3.2 | 非甲烷总烃 | 0.365 | 收集经活性炭吸
附后进入大气",0.365,解析文本拼接_表格清洗增强_05_081-100.md,090_佛山市顺德区共诺电子元件厂搬迁项目_01_受理公告或公示版
PL021,PL021_佛山市顺德区共诺电子元件厂搬迁项目_01_受理公告或公示版.pdf,17,2,5,部分,0.8,/ | / | 颗粒物 | 0.007 | 进入大气,0.007,解析文本拼接_表格清洗增强_05_081-100.md,090_佛山市顺德区共诺电子元件厂搬迁项目_01_受理公告或公示版
PL021,PL021_佛山市顺德区共诺电子元件厂搬迁项目_01_受理公告或公示版.pdf,17,2,6,疑似缺失,0.6,合计 | 138.572 | 合计 | 138.572 | /,138.572；138.572,解析文本拼接_表格清洗增强_05_081-100.md,090_佛山市顺德区共诺电子元件厂搬迁项目_01_受理公告或公示版
PL021,PL021_佛山市顺德区共诺电子元件厂搬迁项目_01_受理公告或公示版.pdf,17,3,2,完整,1.0,原料 | 数量（t/a） | 产品及其他 | 数量（t/a） | 去向,,解析文本拼接_表格清洗增强_05_081-100.md,090_佛山市顺德区共诺电子元件厂搬迁项目_01_受理公告或公示版
PL021,PL021_佛山市顺德区共诺电子元件厂搬迁项目_01_受理公告或公示版.pdf,17,3,3,疑似缺失,0.6,PBT塑料粒 | 135.372 | 变压器线圈骨架 | 138.2 | 产品出售,135.372；138.2,解析文本拼接_表格清洗增强_05_081-100.md,090_佛山市顺德区共诺电子元件厂搬迁项目_01_受理公告或公示版
PL021,PL021_佛山市顺德区共诺电子元件厂搬迁项目_01_受理公告或公示版.pdf,17,3,5,部分,0.75,导针 | 3.2 | 非甲烷总烃 | 0.365,0.365,解析文本拼接_表格清洗增强_05_081-100.md,090_佛山市顺德区共诺电子元件厂搬迁项目_01_受理公告或公示版
PL021,PL021_佛山市顺德区共诺电子元件厂搬迁项目_01_受理公告或公示版.pdf,17,3,7,部分,0.8,/ | / | 颗粒物 | 0.007 | 进入大气,0.007,解析文本拼接_表格清洗增强_05_081-100.md,090_佛山市顺德区共诺电子元件厂搬迁项目_01_受理公告或公示版
PL021,PL021_佛山市顺德区共诺电子元件厂搬迁项目_01_受理公告或公示版.pdf,17,3,8,疑似缺失,0.6,合计 | 138.572 | 合计 | 138.572 | /,138.572；138.572,解析文本拼接_表格清洗增强_05_081-100.md,090_佛山市顺德区共诺电子元件厂搬迁项目_01_受理公告或公示版
PL021,PL021_佛山市顺德区共诺电子元件厂搬迁项目_01_受理公告或公示版.pdf,18,1,2,完整,1.0,"工艺
流程
和产
排污
环节 | 1、生产工艺
项目主要从事变压器线圈骨架的生产制造，项目生产过程的主要工艺为注塑，具体
生产工艺及产污流程如图2-2和图2-3所示。
图2-2 注塑生产工艺流程图",,解析文本拼接_表格清洗增强_05_081-100.md,090_佛山市顺德区共诺电子元件厂搬迁项目_01_受理公告或公示版
PL021,PL021_佛山市顺德区共诺电子元件厂搬迁项目_01_受理公告或公示版.pdf,18,2,2,完整,1.0,1 | 劳动定额 | 10人,,解析文本拼接_表格清洗增强_05_081-100.md,090_佛山市顺德区共诺电子元件厂搬迁项目_01_受理公告或公示版
PL021,PL021_佛山市顺德区共诺电子元件厂搬迁项目_01_受理公告或公示版.pdf,18,2,3,完整,1.0,"2 | 工作制度 | 年工作日300天，每天工作8小时，
（8:00~12:00，14:00~18:00）",,解析文本拼接_表格清洗增强_05_081-100.md,090_佛山市顺德区共诺电子元件厂搬迁项目_01_受理公告或公示版
PL021,PL021_佛山市顺德区共诺电子元件厂搬迁项目_01_受理公告或公示版.pdf,18,2,4,完整,1.0,3 | 食宿情况 | 不在厂内食宿,,解析文本拼接_表格清洗增强_05_081-100.md,090_佛山市顺德区共诺电子元件厂搬迁项目_01_受理公告或公示版
PL021,PL021_佛山市顺德区共诺电子元件厂搬迁项目_01_受理公告或公示版.pdf,18,3,2,完整,1.0,1 | 水 | m3/a | 748 | 生产、生活 | 市政供水,,解析文本拼接_表格清洗增强_05_081-100.md,090_佛山市顺德区共诺电子元件厂搬迁项目_01_受理公告或公示版
PL021,PL021_佛山市顺德区共诺电子元件厂搬迁项目_01_受理公告或公示版.pdf,18,3,3,完整,1.0,2 | 电 | 万kW·h | 50 | 生产、生活 | 市政供电,,解析文本拼接_表格清洗增强_05_081-100.md,090_佛山市顺德区共诺电子元件厂搬迁项目_01_受理公告或公示版
PL021,PL021_佛山市顺德区共诺电子元件厂搬迁项目_01_受理公告或公示版.pdf,18,4,2,完整,1.0,1 | 劳动定额 | 10人,,解析文本拼接_表格清洗增强_05_081-100.md,090_佛山市顺德区共诺电子元件厂搬迁项目_01_受理公告或公示版
PL021,PL021_佛山市顺德区共诺电子元件厂搬迁项目_01_受理公告或公示版.pdf,18,4,6,完整,1.0,3 | 食宿情况 | 不在厂内食宿,,解析文本拼接_表格清洗增强_05_081-100.md,090_佛山市顺德区共诺电子元件厂搬迁项目_01_受理公告或公示版
PL021,PL021_佛山市顺德区共诺电子元件厂搬迁项目_01_受理公告或公示版.pdf,18,4,7,完整,1.0,表2-9 搬迁 | 后能耗水耗一览表,,解析文本拼接_表格清洗增强_05_081-100.md,090_佛山市顺德区共诺电子元件厂搬迁项目_01_受理公告或公示版
PL021,PL021_佛山市顺德区共诺电子元件厂搬迁项目_01_受理公告或公示版.pdf,18,4,9,完整,1.0,1 | 水 m3/a 74 | 8 生产、生活 市政供水,,解析文本拼接_表格清洗增强_05_081-100.md,090_佛山市顺德区共诺电子元件厂搬迁项目_01_受理公告或公示版
PL021,PL021_佛山市顺德区共诺电子元件厂搬迁项目_01_受理公告或公示版.pdf,18,4,10,完整,1.0,2 | 电 万kW·h 5 | 0 生产、生活 市政供电,,解析文本拼接_表格清洗增强_05_081-100.md,090_佛山市顺德区共诺电子元件厂搬迁项目_01_受理公告或公示版
PL021,PL021_佛山市顺德区共诺电子元件厂搬迁项目_01_受理公告或公示版.pdf,18,4,11,完整,1.0,9、厂区 | 平面布置,,解析文本拼接_表格清洗增强_05_081-100.md,090_佛山市顺德区共诺电子元件厂搬迁项目_01_受理公告或公示版
PL021,PL021_佛山市顺德区共诺电子元件厂搬迁项目_01_受理公告或公示版.pdf,18,4,12,完整,1.0,项目拟 | 搬迁至广东省佛山市顺德区 | 大良街道古鉴村凤翔路三街8号3楼之二。选址,,解析文本拼接_表格清洗增强_05_081-100.md,090_佛山市顺德区共诺电子元件厂搬迁项目_01_受理公告或公示版
PL021,PL021_佛山市顺德区共诺电子元件厂搬迁项目_01_受理公告或公示版.pdf,18,4,13,部分,0.8,位 | 置 | 属于顺 | 德红岗科技城产业集聚区， | 项目位于所在楼栋3楼；项目所在厂房北面为顺,项目位于所在楼栋3楼；项目所在厂房北面为顺,解析文本拼接_表格清洗增强_05_081-100.md,090_佛山市顺德区共诺电子元件厂搬迁项目_01_受理公告或公示版
PL021,PL021_佛山市顺德区共诺电子元件厂搬迁项目_01_受理公告或公示版.pdf,18,4,16,完整,1.0,搬迁后 | ，项目占地面积和经营面积 | 均为600m2。生产车间设有注塑区、混料/破碎、,,解析文本拼接_表格清洗增强_05_081-100.md,090_佛山市顺德区共诺电子元件厂搬迁项目_01_受理公告或公示版
PL021,PL021_佛山市顺德区共诺电子元件厂搬迁项目_01_受理公告或公示版.pdf,18,4,17,部分,0.8,烘 | 料 | 、插针 | 、模具维修等，仓库、办公室 | 、危废间设于厂房内。项目生产车间层高4.2m，,、模具维修等，仓库、办公室,解析文本拼接_表格清洗增强_05_081-100.md,090_佛山市顺德区共诺电子元件厂搬迁项目_01_受理公告或公示版
PL021,PL021_佛山市顺德区共诺电子元件厂搬迁项目_01_受理公告或公示版.pdf,18,4,18,完整,1.0,所 | 在 | 厂房总 | 高度为13.2m，排气筒设置 | 于厂房楼顶，排气筒高度为15m。,,解析文本拼接_表格清洗增强_05_081-100.md,090_佛山市顺德区共诺电子元件厂搬迁项目_01_受理公告或公示版
PL021,PL021_佛山市顺德区共诺电子元件厂搬迁项目_01_受理公告或公示版.pdf,18,4,19,完整,1.0,搬迁后 | 项目平面布置见附图2。,,解析文本拼接_表格清洗增强_05_081-100.md,090_佛山市顺德区共诺电子元件厂搬迁项目_01_受理公告或公示版
PL021,PL021_佛山市顺德区共诺电子元件厂搬迁项目_01_受理公告或公示版.pdf,18,4,20,完整,1.0,1、生产 | 工艺,,解析文本拼接_表格清洗增强_05_081-100.md,090_佛山市顺德区共诺电子元件厂搬迁项目_01_受理公告或公示版
PL021,PL021_佛山市顺德区共诺电子元件厂搬迁项目_01_受理公告或公示版.pdf,18,4,21,完整,1.0,项目主 | 要从事变压器线圈骨架的生 | 产制造，项目生产过程的主要工艺为注塑，具体,,解析文本拼接_表格清洗增强_05_081-100.md,090_佛山市顺德区共诺电子元件厂搬迁项目_01_受理公告或公示版
PL021,PL021_佛山市顺德区共诺电子元件厂搬迁项目_01_受理公告或公示版.pdf,18,4,22,完整,1.0,生 | 产 | 工艺及 | 产污流程如图2-2和图2-3所 | 示。,,解析文本拼接_表格清洗增强_05_081-100.md,090_佛山市顺德区共诺电子元件厂搬迁项目_01_受理公告或公示版
PL021,PL021_佛山市顺德区共诺电子元件厂搬迁项目_01_受理公告或公示版.pdf,19,1,2,完整,1.0,与项 | 1、现有项目环保手续情况,,解析文本拼接_表格清洗增强_05_081-100.md,090_佛山市顺德区共诺电子元件厂搬迁项目_01_受理公告或公示版
PL021,PL021_佛山市顺德区共诺电子元件厂搬迁项目_01_受理公告或公示版.pdf,19,2,1,完整,1.0,"序
号 | 污染
类别 | 污染物名称 | 主要污染因子 | 产生环节 | 处理排放方式",,解析文本拼接_表格清洗增强_05_081-100.md,090_佛山市顺德区共诺电子元件厂搬迁项目_01_受理公告或公示版
PL021,PL021_佛山市顺德区共诺电子元件厂搬迁项目_01_受理公告或公示版.pdf,19,2,2,部分,0.833,"1 | 废气 | 破碎粉尘、金属粉尘 | 颗粒物 | 破碎、模具维修 | 在车间内无组织排放，加强车间
通风。",破碎、模具维修,解析文本拼接_表格清洗增强_05_081-100.md,090_佛山市顺德区共诺电子元件厂搬迁项目_01_受理公告或公示版
PL021,PL021_佛山市顺德区共诺电子元件厂搬迁项目_01_受理公告或公示版.pdf,19,2,3,部分,0.8,"2 | 注塑废气 | 非甲烷总烃 | 注塑 | 注塑废气由整室收集，通过“活性
炭吸附”设施处理，后经G1排气
筒（15m）排放；未收集的废气
在车间无组织排放。","注塑废气由整室收集，通过“活性
炭吸附”设施处理，后经G1排气
筒（15m）排放；未收集的废气
在车间无组织排放。",解析文本拼接_表格清洗增强_05_081-100.md,090_佛山市顺德区共诺电子元件厂搬迁项目_01_受理公告或公示版
PL021,PL021_佛山市顺德区共诺电子元件厂搬迁项目_01_受理公告或公示版.pdf,19,2,5,完整,1.0,"4 | 废水 | 生活污水 | CODCr 、BOD5 、
NH3-N、总磷等 | 员工生活 | 经三级化粪预处理后排入大门污
水处理厂",,解析文本拼接_表格清洗增强_05_081-100.md,090_佛山市顺德区共诺电子元件厂搬迁项目_01_受理公告或公示版
PL021,PL021_佛山市顺德区共诺电子元件厂搬迁项目_01_受理公告或公示版.pdf,19,2,6,完整,1.0,5 | 循环冷却水 | CODCr 、SS等 | 循环冷却塔排水 | 排入附近的内河涌,,解析文本拼接_表格清洗增强_05_081-100.md,090_佛山市顺德区共诺电子元件厂搬迁项目_01_受理公告或公示版
PL021,PL021_佛山市顺德区共诺电子元件厂搬迁项目_01_受理公告或公示版.pdf,19,2,7,完整,1.0,6 | 固废 | 生活垃圾 | 生活垃圾 | 员工生活 | 集中收集后交由环卫部门处理,,解析文本拼接_表格清洗增强_05_081-100.md,090_佛山市顺德区共诺电子元件厂搬迁项目_01_受理公告或公示版
PL021,PL021_佛山市顺德区共诺电子元件厂搬迁项目_01_受理公告或公示版.pdf,19,2,8,完整,1.0,"7 | 注塑次品、边角料 | 一般工业固体废
物 | 生产过程 | 经破碎后回用于生产",,解析文本拼接_表格清洗增强_05_081-100.md,090_佛山市顺德区共诺电子元件厂搬迁项目_01_受理公告或公示版
PL021,PL021_佛山市顺德区共诺电子元件厂搬迁项目_01_受理公告或公示版.pdf,19,2,9,完整,1.0,8 | 废包装袋 | 原料使用 | 定期交由废品回收商处理,,解析文本拼接_表格清洗增强_05_081-100.md,090_佛山市顺德区共诺电子元件厂搬迁项目_01_受理公告或公示版
PL021,PL021_佛山市顺德区共诺电子元件厂搬迁项目_01_受理公告或公示版.pdf,19,2,10,完整,1.0,"9 | 废液压油 | 危险废物 | 注塑机维护 | 定期交有相应资质的危废单位回
收处理",,解析文本拼接_表格清洗增强_05_081-100.md,090_佛山市顺德区共诺电子元件厂搬迁项目_01_受理公告或公示版
PL021,PL021_佛山市顺德区共诺电子元件厂搬迁项目_01_受理公告或公示版.pdf,19,2,11,完整,1.0,10 | 废机油 | 设备维修,,解析文本拼接_表格清洗增强_05_081-100.md,090_佛山市顺德区共诺电子元件厂搬迁项目_01_受理公告或公示版
PL021,PL021_佛山市顺德区共诺电子元件厂搬迁项目_01_受理公告或公示版.pdf,19,2,12,完整,1.0,11 | 含油废抹布 | 设备维修,,解析文本拼接_表格清洗增强_05_081-100.md,090_佛山市顺德区共诺电子元件厂搬迁项目_01_受理公告或公示版
PL021,PL021_佛山市顺德区共诺电子元件厂搬迁项目_01_受理公告或公示版.pdf,19,2,13,完整,1.0,12 | 废油桶 | 设备维修,,解析文本拼接_表格清洗增强_05_081-100.md,090_佛山市顺德区共诺电子元件厂搬迁项目_01_受理公告或公示版
PL021,PL021_佛山市顺德区共诺电子元件厂搬迁项目_01_受理公告或公示版.pdf,19,2,14,完整,1.0,13 | 废活性炭 | 废气处理,,解析文本拼接_表格清洗增强_05_081-100.md,090_佛山市顺德区共诺电子元件厂搬迁项目_01_受理公告或公示版
PL021,PL021_佛山市顺德区共诺电子元件厂搬迁项目_01_受理公告或公示版.pdf,19,2,15,完整,1.0,"14 | 噪声 | 噪声 | 等效A声级 | 全厂设备 | 车间设备合理布局，厂房建筑隔
声，采取降噪措施",,解析文本拼接_表格清洗增强_05_081-100.md,090_佛山市顺德区共诺电子元件厂搬迁项目_01_受理公告或公示版
PL021,PL021_佛山市顺德区共诺电子元件厂搬迁项目_01_受理公告或公示版.pdf,19,3,1,疑似缺失,0.333,机中 | 烘干 | （温度60-70℃，低 | 于塑料熔融温度 | 无有机废气产 | 生），随后投入注塑机配套的,（温度60-70℃，低；于塑料熔融温度；无有机废气产；生），随后投入注塑机配套的,解析文本拼接_表格清洗增强_05_081-100.md,090_佛山市顺德区共诺电子元件厂搬迁项目_01_受理公告或公示版
PL021,PL021_佛山市顺德区共诺电子元件厂搬迁项目_01_受理公告或公示版.pdf,19,3,3,完整,1.0,完成 | 塑料 | 热熔和挤出成型的 | 同时导针也固定 | 产品中。注塑机 | 热熔注塑时的操作温度较高,,解析文本拼接_表格清洗增强_05_081-100.md,090_佛山市顺德区共诺电子元件厂搬迁项目_01_受理公告或公示版
PL021,PL021_佛山市顺德区共诺电子元件厂搬迁项目_01_受理公告或公示版.pdf,19,3,4,完整,1.0,（23 | 0℃， | 未达到热分解温度 | ），需用水进行 | 间接冷却，成型 | 后的产品经检测合格后即可,,解析文本拼接_表格清洗增强_05_081-100.md,090_佛山市顺德区共诺电子元件厂搬迁项目_01_受理公告或公示版
PL021,PL021_佛山市顺德区共诺电子元件厂搬迁项目_01_受理公告或公示版.pdf,19,3,5,完整,1.0,入库 | 。边 | 角料和不合格的产 | 品回收破碎后重 | 新作为原辅材料 | 使用。,,解析文本拼接_表格清洗增强_05_081-100.md,090_佛山市顺德区共诺电子元件厂搬迁项目_01_受理公告或公示版
PL021,PL021_佛山市顺德区共诺电子元件厂搬迁项目_01_受理公告或公示版.pdf,19,3,9,完整,1.0,2、产 | 污环节,,解析文本拼接_表格清洗增强_05_081-100.md,090_佛山市顺德区共诺电子元件厂搬迁项目_01_受理公告或公示版
PL021,PL021_佛山市顺德区共诺电子元件厂搬迁项目_01_受理公告或公示版.pdf,19,3,10,完整,1.0,表2-10 项目 | 产污环节汇总表,,解析文本拼接_表格清洗增强_05_081-100.md,090_佛山市顺德区共诺电子元件厂搬迁项目_01_受理公告或公示版
PL021,PL021_佛山市顺德区共诺电子元件厂搬迁项目_01_受理公告或公示版.pdf,19,3,12,完整,1.0,污染物名称 | 主要污染因子 | 产生环节 | 处理排放方式,,解析文本拼接_表格清洗增强_05_081-100.md,090_佛山市顺德区共诺电子元件厂搬迁项目_01_受理公告或公示版
PL021,PL021_佛山市顺德区共诺电子元件厂搬迁项目_01_受理公告或公示版.pdf,19,3,15,部分,0.75,1 | 破碎粉尘、金属粉尘 | 颗粒物 | 破碎、模具维修,破碎、模具维修,解析文本拼接_表格清洗增强_05_081-100.md,090_佛山市顺德区共诺电子元件厂搬迁项目_01_受理公告或公示版
PL021,PL021_佛山市顺德区共诺电子元件厂搬迁项目_01_受理公告或公示版.pdf,19,3,17,部分,0.75,2 | 废气 | 非甲烷总烃 | 注塑废气由整室收集，通过“活性,注塑废气由整室收集，通过“活性,解析文本拼接_表格清洗增强_05_081-100.md,090_佛山市顺德区共诺电子元件厂搬迁项目_01_受理公告或公示版
PL021,PL021_佛山市顺德区共诺电子元件厂搬迁项目_01_受理公告或公示版.pdf,19,3,18,完整,1.0,注塑废气 | 注塑 | 炭吸附”设施处理，后经G1排气,,解析文本拼接_表格清洗增强_05_081-100.md,090_佛山市顺德区共诺电子元件厂搬迁项目_01_受理公告或公示版
PL021,PL021_佛山市顺德区共诺电子元件厂搬迁项目_01_受理公告或公示版.pdf,19,3,19,完整,1.0,3 | 臭气浓度 | 筒（15m）排放；未收集的废气,,解析文本拼接_表格清洗增强_05_081-100.md,090_佛山市顺德区共诺电子元件厂搬迁项目_01_受理公告或公示版
PL021,PL021_佛山市顺德区共诺电子元件厂搬迁项目_01_受理公告或公示版.pdf,19,3,22,部分,0.75,4 | 生活污水 | Cr 5 | 员工生活,Cr 5,解析文本拼接_表格清洗增强_05_081-100.md,090_佛山市顺德区共诺电子元件厂搬迁项目_01_受理公告或公示版
PL021,PL021_佛山市顺德区共诺电子元件厂搬迁项目_01_受理公告或公示版.pdf,19,3,23,完整,1.0,废水 | NH3-N、总磷等 | 水处理厂,,解析文本拼接_表格清洗增强_05_081-100.md,090_佛山市顺德区共诺电子元件厂搬迁项目_01_受理公告或公示版
PL021,PL021_佛山市顺德区共诺电子元件厂搬迁项目_01_受理公告或公示版.pdf,19,3,24,完整,1.0,5 | 循环冷却水 | CODCr 、SS等 | 循环冷却塔排水 | 排入附近的内河涌,,解析文本拼接_表格清洗增强_05_081-100.md,090_佛山市顺德区共诺电子元件厂搬迁项目_01_受理公告或公示版
PL021,PL021_佛山市顺德区共诺电子元件厂搬迁项目_01_受理公告或公示版.pdf,19,3,25,完整,1.0,6 | 生活垃圾 | 生活垃圾 | 员工生活 | 集中收集后交由环卫部门处理,,解析文本拼接_表格清洗增强_05_081-100.md,090_佛山市顺德区共诺电子元件厂搬迁项目_01_受理公告或公示版
PL021,PL021_佛山市顺德区共诺电子元件厂搬迁项目_01_受理公告或公示版.pdf,19,3,26,完整,1.0,7 | 注塑次品、边角料 | 一般工业固体废 | 生产过程 | 经破碎后回用于生产,,解析文本拼接_表格清洗增强_05_081-100.md,090_佛山市顺德区共诺电子元件厂搬迁项目_01_受理公告或公示版
PL021,PL021_佛山市顺德区共诺电子元件厂搬迁项目_01_受理公告或公示版.pdf,19,3,27,完整,1.0,8 | 废包装袋 | 物 | 原料使用 | 定期交由废品回收商处理,,解析文本拼接_表格清洗增强_05_081-100.md,090_佛山市顺德区共诺电子元件厂搬迁项目_01_受理公告或公示版
PL021,PL021_佛山市顺德区共诺电子元件厂搬迁项目_01_受理公告或公示版.pdf,19,3,28,完整,1.0,9 | 废液压油 | 注塑机维护,,解析文本拼接_表格清洗增强_05_081-100.md,090_佛山市顺德区共诺电子元件厂搬迁项目_01_受理公告或公示版
PL021,PL021_佛山市顺德区共诺电子元件厂搬迁项目_01_受理公告或公示版.pdf,19,3,30,完整,1.0,10 | 废机油 | 设备维修,,解析文本拼接_表格清洗增强_05_081-100.md,090_佛山市顺德区共诺电子元件厂搬迁项目_01_受理公告或公示版
PL021,PL021_佛山市顺德区共诺电子元件厂搬迁项目_01_受理公告或公示版.pdf,19,3,32,完整,1.0,11 | 含油废抹布 | 危险废物 | 设备维修,,解析文本拼接_表格清洗增强_05_081-100.md,090_佛山市顺德区共诺电子元件厂搬迁项目_01_受理公告或公示版
PL021,PL021_佛山市顺德区共诺电子元件厂搬迁项目_01_受理公告或公示版.pdf,19,3,34,完整,1.0,12 | 废油桶 | 设备维修,,解析文本拼接_表格清洗增强_05_081-100.md,090_佛山市顺德区共诺电子元件厂搬迁项目_01_受理公告或公示版
PL021,PL021_佛山市顺德区共诺电子元件厂搬迁项目_01_受理公告或公示版.pdf,19,3,35,完整,1.0,13 | 废活性炭 | 废气处理,,解析文本拼接_表格清洗增强_05_081-100.md,090_佛山市顺德区共诺电子元件厂搬迁项目_01_受理公告或公示版
PL021,PL021_佛山市顺德区共诺电子元件厂搬迁项目_01_受理公告或公示版.pdf,19,3,37,完整,1.0,14 | 噪声 | 噪声 | 等效A声级 | 全厂设备 | 声，采取降噪措施,,解析文本拼接_表格清洗增强_05_081-100.md,090_佛山市顺德区共诺电子元件厂搬迁项目_01_受理公告或公示版
PL021,PL021_佛山市顺德区共诺电子元件厂搬迁项目_01_受理公告或公示版.pdf,20,2,2,完整,1.0,"工艺 | 变压器线圈骨架：混料→注塑（破碎）→
插针→成品 | 与审批一致",,解析文本拼接_表格清洗增强_05_081-100.md,090_佛山市顺德区共诺电子元件厂搬迁项目_01_受理公告或公示版
PL021,PL021_佛山市顺德区共诺电子元件厂搬迁项目_01_受理公告或公示版.pdf,20,2,3,完整,1.0,产能 | 变压器线圈骨架：1200万个/年 | 与审批一致,,解析文本拼接_表格清洗增强_05_081-100.md,090_佛山市顺德区共诺电子元件厂搬迁项目_01_受理公告或公示版
PL021,PL021_佛山市顺德区共诺电子元件厂搬迁项目_01_受理公告或公示版.pdf,20,2,4,完整,1.0,"规模 | 注塑机17台、插针机8台、混料机1台、破
碎机2台、冷却塔1台、磨床1台 | 与审批一致",,解析文本拼接_表格清洗增强_05_081-100.md,090_佛山市顺德区共诺电子元件厂搬迁项目_01_受理公告或公示版
PL021,PL021_佛山市顺德区共诺电子元件厂搬迁项目_01_受理公告或公示版.pdf,20,2,5,完整,1.0,"涉VOCs原料
用量和类型 | PBT塑料36t/a | 与审批一致",,解析文本拼接_表格清洗增强_05_081-100.md,090_佛山市顺德区共诺电子元件厂搬迁项目_01_受理公告或公示版
PL021,PL021_佛山市顺德区共诺电子元件厂搬迁项目_01_受理公告或公示版.pdf,20,2,6,疑似缺失,0.667,"VOCs收集和
治理设施 | 注塑废气利用集气罩收集经一套UV光解
装置处理后通过22m排气筒G1排放。 | 与审批一致","注塑废气利用集气罩收集经一套UV光解
装置处理后通过22m排气筒G1排放。",解析文本拼接_表格清洗增强_05_081-100.md,090_佛山市顺德区共诺电子元件厂搬迁项目_01_受理公告或公示版
PL021,PL021_佛山市顺德区共诺电子元件厂搬迁项目_01_受理公告或公示版.pdf,20,3,1,完整,1.0,"序
号 | 污染
工序 | 污染因子 | 产生量 | 排放量 | 排放浓度 | 排放标
准 | 污染防治措施 | 效果评价",,解析文本拼接_表格清洗增强_05_081-100.md,090_佛山市顺德区共诺电子元件厂搬迁项目_01_受理公告或公示版
PL021,PL021_佛山市顺德区共诺电子元件厂搬迁项目_01_受理公告或公示版.pdf,20,3,2,完整,1.0,"1 | 生活
污水
90m3/a | 单位 | kg/a | kg/a | mg/L | mg/L | 近期经独立的
生活污水处理
设施处理后排
入光华基围涌 | 近期经独立生活污水
处理设施处理达到《城
镇污水处理厂污染物
排 放 标 准 》 （ GB
18918-2002）二级标准",,解析文本拼接_表格清洗增强_05_081-100.md,090_佛山市顺德区共诺电子元件厂搬迁项目_01_受理公告或公示版
PL021,PL021_佛山市顺德区共诺电子元件厂搬迁项目_01_受理公告或公示版.pdf,20,3,3,完整,1.0,CODCr | 22.5 | 9 | 100 | 100,,解析文本拼接_表格清洗增强_05_081-100.md,090_佛山市顺德区共诺电子元件厂搬迁项目_01_受理公告或公示版
PL021,PL021_佛山市顺德区共诺电子元件厂搬迁项目_01_受理公告或公示版.pdf,20,3,4,完整,1.0,BOD5 | 9 | 2.7 | 30 | 30,,解析文本拼接_表格清洗增强_05_081-100.md,090_佛山市顺德区共诺电子元件厂搬迁项目_01_受理公告或公示版
PL021,PL021_佛山市顺德区共诺电子元件厂搬迁项目_01_受理公告或公示版.pdf,20,4,1,完整,1.0,目有 | 搬迁前公司 | 位于广东省佛山市顺 | 德区杏 | 坛镇麦村 | 七 | 滘工业区七 | 路39号之二，主要,,解析文本拼接_表格清洗增强_05_081-100.md,090_佛山市顺德区共诺电子元件厂搬迁项目_01_受理公告或公示版
PL021,PL021_佛山市顺德区共诺电子元件厂搬迁项目_01_受理公告或公示版.pdf,20,4,4,完整,1.0,原有 | 2020 | 9 2 | 3,,解析文本拼接_表格清洗增强_05_081-100.md,090_佛山市顺德区共诺电子元件厂搬迁项目_01_受理公告或公示版
PL021,PL021_佛山市顺德区共诺电子元件厂搬迁项目_01_受理公告或公示版.pdf,20,4,5,完整,1.0,环境 | 德 | 区共诺电子元 | 件厂新建项目环境影 | 响报告 | 表的批复 | 》 | （佛环0310 | 环审〔2020〕第028,,解析文本拼接_表格清洗增强_05_081-100.md,090_佛山市顺德区共诺电子元件厂搬迁项目_01_受理公告或公示版
PL021,PL021_佛山市顺德区共诺电子元件厂搬迁项目_01_受理公告或公示版.pdf,20,4,7,疑似缺失,0.5,号 | ）。搬迁前项 | 目由于厂房租期快到 | 期不能 | 继续在原 | 址 | 生产，所以 | 未进行固定污染源,目由于厂房租期快到；期不能；继续在原；生产，所以,解析文本拼接_表格清洗增强_05_081-100.md,090_佛山市顺德区共诺电子元件厂搬迁项目_01_受理公告或公示版
PL021,PL021_佛山市顺德区共诺电子元件厂搬迁项目_01_受理公告或公示版.pdf,20,4,10,完整,1.0,2、现有工 | 程污染物产排情况,,解析文本拼接_表格清洗增强_05_081-100.md,090_佛山市顺德区共诺电子元件厂搬迁项目_01_受理公告或公示版
PL021,PL021_佛山市顺德区共诺电子元件厂搬迁项目_01_受理公告或公示版.pdf,20,4,11,完整,1.0,根据《涉V | OCs“归真”建设项 | 目环评文 | 件编写 | 参 | 考指引（202 | 4年2月修订）》,,解析文本拼接_表格清洗增强_05_081-100.md,090_佛山市顺德区共诺电子元件厂搬迁项目_01_受理公告或公示版
PL021,PL021_佛山市顺德区共诺电子元件厂搬迁项目_01_受理公告或公示版.pdf,20,4,12,完整,1.0,求 | ，现有项目审 | 批和实际情况归真表 | 格见表 | 2-11。,,解析文本拼接_表格清洗增强_05_081-100.md,090_佛山市顺德区共诺电子元件厂搬迁项目_01_受理公告或公示版
PL021,PL021_佛山市顺德区共诺电子元件厂搬迁项目_01_受理公告或公示版.pdf,20,4,13,完整,1.0,表2-11 现有 | 项目审 | 批和实际 | 情 | 况归真表,,解析文本拼接_表格清洗增强_05_081-100.md,090_佛山市顺德区共诺电子元件厂搬迁项目_01_受理公告或公示版
PL021,PL021_佛山市顺德区共诺电子元件厂搬迁项目_01_受理公告或公示版.pdf,20,4,16,完整,1.0,工艺 | 与 | 审批一致,,解析文本拼接_表格清洗增强_05_081-100.md,090_佛山市顺德区共诺电子元件厂搬迁项目_01_受理公告或公示版
PL021,PL021_佛山市顺德区共诺电子元件厂搬迁项目_01_受理公告或公示版.pdf,20,4,18,完整,1.0,产能 | 变压器线圈骨架： | 1200万个/ | 年 | 与 | 审批一致,,解析文本拼接_表格清洗增强_05_081-100.md,090_佛山市顺德区共诺电子元件厂搬迁项目_01_受理公告或公示版
PL021,PL021_佛山市顺德区共诺电子元件厂搬迁项目_01_受理公告或公示版.pdf,20,4,20,部分,0.8,规模 | 17 8 | 1 | 与 | 审批一致,17 8,解析文本拼接_表格清洗增强_05_081-100.md,090_佛山市顺德区共诺电子元件厂搬迁项目_01_受理公告或公示版
PL021,PL021_佛山市顺德区共诺电子元件厂搬迁项目_01_受理公告或公示版.pdf,20,4,21,完整,1.0,碎机2台、冷却塔1 | 台、磨床1 | 台,,解析文本拼接_表格清洗增强_05_081-100.md,090_佛山市顺德区共诺电子元件厂搬迁项目_01_受理公告或公示版
PL021,PL021_佛山市顺德区共诺电子元件厂搬迁项目_01_受理公告或公示版.pdf,20,4,23,完整,1.0,VOCs | 塑料 | 与 | 审批一致,,解析文本拼接_表格清洗增强_05_081-100.md,090_佛山市顺德区共诺电子元件厂搬迁项目_01_受理公告或公示版
PL021,PL021_佛山市顺德区共诺电子元件厂搬迁项目_01_受理公告或公示版.pdf,20,4,24,完整,1.0,用量和类型 | PBT | 36t/a,,解析文本拼接_表格清洗增强_05_081-100.md,090_佛山市顺德区共诺电子元件厂搬迁项目_01_受理公告或公示版
PL021,PL021_佛山市顺德区共诺电子元件厂搬迁项目_01_受理公告或公示版.pdf,20,4,25,完整,1.0,收集和 | 注塑废气利用集气罩收 | 集经一套 | 光解,,解析文本拼接_表格清洗增强_05_081-100.md,090_佛山市顺德区共诺电子元件厂搬迁项目_01_受理公告或公示版
PL021,PL021_佛山市顺德区共诺电子元件厂搬迁项目_01_受理公告或公示版.pdf,20,4,26,完整,1.0,V | OCs | UV | 与 | 审批一致,,解析文本拼接_表格清洗增强_05_081-100.md,090_佛山市顺德区共诺电子元件厂搬迁项目_01_受理公告或公示版
PL021,PL021_佛山市顺德区共诺电子元件厂搬迁项目_01_受理公告或公示版.pdf,20,4,27,部分,0.75,治理设施 | 装置处理后通过22m | 排气筒G1排 | 放。,装置处理后通过22m,解析文本拼接_表格清洗增强_05_081-100.md,090_佛山市顺德区共诺电子元件厂搬迁项目_01_受理公告或公示版
PL021,PL021_佛山市顺德区共诺电子元件厂搬迁项目_01_受理公告或公示版.pdf,20,4,30,完整,1.0,数手册，2929塑 | 料零件及其他塑料制,,解析文本拼接_表格清洗增强_05_081-100.md,090_佛山市顺德区共诺电子元件厂搬迁项目_01_受理公告或公示版
PL021,PL021_佛山市顺德区共诺电子元件厂搬迁项目_01_受理公告或公示版.pdf,20,4,31,完整,1.0,根据《空气污染物排放 | 和控制手 | 册》（美 | 品制造行业系数 | 表中注塑工序的挥发,,解析文本拼接_表格清洗增强_05_081-100.md,090_佛山市顺德区共诺电子元件厂搬迁项目_01_受理公告或公示版
PL021,PL021_佛山市顺德区共诺电子元件厂搬迁项目_01_受理公告或公示版.pdf,20,4,32,完整,1.0,国国家环保局）中推荐 | 的公式塑 | 料加工废 | 性有机物（以非 | 甲烷总烃计）产污系,,解析文本拼接_表格清洗增强_05_081-100.md,090_佛山市顺德区共诺电子元件厂搬迁项目_01_受理公告或公示版
PL021,PL021_佛山市顺德区共诺电子元件厂搬迁项目_01_受理公告或公示版.pdf,20,4,33,完整,1.0,气排放系数，有机废气 | 的排放系数 | 为 0.35 | 数为2.70kg/t产 | 品，项目变压器线圈骨,,解析文本拼接_表格清洗增强_05_081-100.md,090_佛山市顺德区共诺电子元件厂搬迁项目_01_受理公告或公示版
PL021,PL021_佛山市顺德区共诺电子元件厂搬迁项目_01_受理公告或公示版.pdf,20,4,34,完整,1.0,kg/t 原料。本项目塑料 | 使用量为3 | 6t/a，则 | 架产量为36t/a | ，则非甲烷总烃产生量,,解析文本拼接_表格清洗增强_05_081-100.md,090_佛山市顺德区共诺电子元件厂搬迁项目_01_受理公告或公示版
PL021,PL021_佛山市顺德区共诺电子元件厂搬迁项目_01_受理公告或公示版.pdf,20,4,36,部分,0.857,V | OCs | 本项目注塑过程非甲烷 | 总烃的产 | 生量约为 | 为 × ÷ | ；根据《广,为 × ÷,解析文本拼接_表格清洗增强_05_081-100.md,090_佛山市顺德区共诺电子元件厂搬迁项目_01_受理公告或公示版
PL021,PL021_佛山市顺德区共诺电子元件厂搬迁项目_01_受理公告或公示版.pdf,20,4,37,疑似缺失,0.667,标 | 36 2.70 10 | 00=0.097t/a,36 2.70 10,解析文本拼接_表格清洗增强_05_081-100.md,090_佛山市顺德区共诺电子元件厂搬迁项目_01_受理公告或公示版
PL021,PL021_佛山市顺德区共诺电子元件厂搬迁项目_01_受理公告或公示版.pdf,20,4,38,完整,1.0,0.0126t/a。集气罩收集 | 效率按90% | ，UV光 | 东省工业源挥发 | 性有机物减排量核算,,解析文本拼接_表格清洗增强_05_081-100.md,090_佛山市顺德区共诺电子元件厂搬迁项目_01_受理公告或公示版
PL021,PL021_佛山市顺德区共诺电子元件厂搬迁项目_01_受理公告或公示版.pdf,20,4,39,完整,1.0,解处理效率按65%，则项 | 目非甲烷 | 总烃有组 | 方法（2023年修 | 订版）》，外部集气,,解析文本拼接_表格清洗增强_05_081-100.md,090_佛山市顺德区共诺电子元件厂搬迁项目_01_受理公告或公示版
PL021,PL021_佛山市顺德区共诺电子元件厂搬迁项目_01_受理公告或公示版.pdf,20,4,40,完整,1.0,织排放量为0.004 t/a， | 无组织排 | 放量为 | 罩的收集效率 | 为30%，光解工艺对有,,解析文本拼接_表格清洗增强_05_081-100.md,090_佛山市顺德区共诺电子元件厂搬迁项目_01_受理公告或公示版
PL021,PL021_佛山市顺德区共诺电子元件厂搬迁项目_01_受理公告或公示版.pdf,20,4,41,完整,1.0,0.0013t/a，总排放量为 | 0.0053t/a。 | 机废气的处理 | 效率为10%，则实际非,,解析文本拼接_表格清洗增强_05_081-100.md,090_佛山市顺德区共诺电子元件厂搬迁项目_01_受理公告或公示版
PL021,PL021_佛山市顺德区共诺电子元件厂搬迁项目_01_受理公告或公示版.pdf,20,4,42,完整,1.0,甲烷总烃有组织 | 排放量为0.026t/a，无,,解析文本拼接_表格清洗增强_05_081-100.md,090_佛山市顺德区共诺电子元件厂搬迁项目_01_受理公告或公示版
PL021,PL021_佛山市顺德区共诺电子元件厂搬迁项目_01_受理公告或公示版.pdf,20,4,43,完整,1.0,组织排放量为0 | .068t/a，总排放量为,,解析文本拼接_表格清洗增强_05_081-100.md,090_佛山市顺德区共诺电子元件厂搬迁项目_01_受理公告或公示版
PL021,PL021_佛山市顺德区共诺电子元件厂搬迁项目_01_受理公告或公示版.pdf,20,4,45,完整,1.0,现有工程主 | 要污染物为员工生活 | 污水、 | 循环冷却 | 水 | ，注塑废气 | 、塑料粉尘、金属,,解析文本拼接_表格清洗增强_05_081-100.md,090_佛山市顺德区共诺电子元件厂搬迁项目_01_受理公告或公示版
PL021,PL021_佛山市顺德区共诺电子元件厂搬迁项目_01_受理公告或公示版.pdf,20,4,46,完整,1.0,尘 | ，生产噪声， | 生活垃圾、次品，废 | 机油、 | 含油废抹 | 布 | 、废包装桶 | 等，各污染物产生,,解析文本拼接_表格清洗增强_05_081-100.md,090_佛山市顺德区共诺电子元件厂搬迁项目_01_受理公告或公示版
PL021,PL021_佛山市顺德区共诺电子元件厂搬迁项目_01_受理公告或公示版.pdf,20,4,47,完整,1.0,排 | 放情况见表2 | -12。,,解析文本拼接_表格清洗增强_05_081-100.md,090_佛山市顺德区共诺电子元件厂搬迁项目_01_受理公告或公示版
PL021,PL021_佛山市顺德区共诺电子元件厂搬迁项目_01_受理公告或公示版.pdf,20,4,48,完整,1.0,表2-12 现有工程 | 污染物排 | 放情况 | 及 | 存在的环境问 | 题,,解析文本拼接_表格清洗增强_05_081-100.md,090_佛山市顺德区共诺电子元件厂搬迁项目_01_受理公告或公示版
PL021,PL021_佛山市顺德区共诺电子元件厂搬迁项目_01_受理公告或公示版.pdf,20,4,49,完整,1.0,序 | 污染 | 排放标,,解析文本拼接_表格清洗增强_05_081-100.md,090_佛山市顺德区共诺电子元件厂搬迁项目_01_受理公告或公示版
PL021,PL021_佛山市顺德区共诺电子元件厂搬迁项目_01_受理公告或公示版.pdf,20,4,50,完整,1.0,污染因 | 子 产生量 排放量 | 排放浓度 | 污 | 染防治措施 | 效果评价,,解析文本拼接_表格清洗增强_05_081-100.md,090_佛山市顺德区共诺电子元件厂搬迁项目_01_受理公告或公示版
PL021,PL021_佛山市顺德区共诺电子元件厂搬迁项目_01_受理公告或公示版.pdf,20,4,53,部分,0.75,"1 | 生活
污水 CODC | r 22.5 9 | 100 | 100 | 生
设 | 活污水处理
施处理后排 | 处理设施处理达到《城
镇污水处理厂污染物","生
设；活污水处理
施处理后排",解析文本拼接_表格清洗增强_05_081-100.md,090_佛山市顺德区共诺电子元件厂搬迁项目_01_受理公告或公示版
PL021,PL021_佛山市顺德区共诺电子元件厂搬迁项目_01_受理公告或公示版.pdf,20,4,54,完整,1.0,90m3/a | 入 | 光华基围涌 | 排 放 标 准 》 （ GB,,解析文本拼接_表格清洗增强_05_081-100.md,090_佛山市顺德区共诺电子元件厂搬迁项目_01_受理公告或公示版
PL021,PL021_佛山市顺德区共诺电子元件厂搬迁项目_01_受理公告或公示版.pdf,20,4,56,完整,1.0,BOD | 5 9 2.7 | 30 | 30,,解析文本拼接_表格清洗增强_05_081-100.md,090_佛山市顺德区共诺电子元件厂搬迁项目_01_受理公告或公示版
PL021,PL021_佛山市顺德区共诺电子元件厂搬迁项目_01_受理公告或公示版.pdf,21,2,1,完整,1.0,NH3-N | 2.7 | 2.25 | 25 | 25,,解析文本拼接_表格清洗增强_05_081-100.md,090_佛山市顺德区共诺电子元件厂搬迁项目_01_受理公告或公示版
PL021,PL021_佛山市顺德区共诺电子元件厂搬迁项目_01_受理公告或公示版.pdf,21,2,2,完整,1.0,SS | 9 | 2.7 | 30 | 30,,解析文本拼接_表格清洗增强_05_081-100.md,090_佛山市顺德区共诺电子元件厂搬迁项目_01_受理公告或公示版
PL021,PL021_佛山市顺德区共诺电子元件厂搬迁项目_01_受理公告或公示版.pdf,21,2,3,完整,1.0,总磷 | 0.315 | 0.27 | 3 | 3,,解析文本拼接_表格清洗增强_05_081-100.md,090_佛山市顺德区共诺电子元件厂搬迁项目_01_受理公告或公示版
PL021,PL021_佛山市顺德区共诺电子元件厂搬迁项目_01_受理公告或公示版.pdf,21,2,4,完整,1.0,2 | --- | 单位 | t/a | t/a | mg/m3 | mg/m3 | --- | ---,,解析文本拼接_表格清洗增强_05_081-100.md,090_佛山市顺德区共诺电子元件厂搬迁项目_01_受理公告或公示版
PL021,PL021_佛山市顺德区共诺电子元件厂搬迁项目_01_受理公告或公示版.pdf,21,2,5,完整,1.0,"注塑
废气 | 非甲烷总烃
（有组织） | 0.029 | 0.026 | 21 | 100 | 非甲烷总烃通过
集气罩收集到
“UV 光解”装置
处理，处理达标
后通过 22m 高
的排气筒 1#排
放 | 达到《合成树脂工业污染
物排放标准》（GB31572
-2015）表4规定的大气污
染物排放限值",,解析文本拼接_表格清洗增强_05_081-100.md,090_佛山市顺德区共诺电子元件厂搬迁项目_01_受理公告或公示版
PL021,PL021_佛山市顺德区共诺电子元件厂搬迁项目_01_受理公告或公示版.pdf,21,2,6,完整,1.0,"非甲烷总烃
（无组织） | 0.068 | 0.068 | --- | --- | 加强车间通风
换气 | 执行广东省《固定污染源
挥发性有机物综合排放
标准》（DB44/2367-2022）
表3厂区内VOCs无组织
排放限值",,解析文本拼接_表格清洗增强_05_081-100.md,090_佛山市顺德区共诺电子元件厂搬迁项目_01_受理公告或公示版
PL021,PL021_佛山市顺德区共诺电子元件厂搬迁项目_01_受理公告或公示版.pdf,21,2,7,完整,1.0,"塑料
粉尘 | 颗粒物
（无组织） | 0.0005 | 0.0005 | --- | 1.0 | 加强车间通风换
气 | 达到广东省《大气污染
物 排 放 限 值 》
（DB44/27-2001）第二
时段无组织排放监控
浓度限值",,解析文本拼接_表格清洗增强_05_081-100.md,090_佛山市顺德区共诺电子元件厂搬迁项目_01_受理公告或公示版
PL021,PL021_佛山市顺德区共诺电子元件厂搬迁项目_01_受理公告或公示版.pdf,21,2,8,完整,1.0,"金属
粉尘 | 颗粒物
（无组织） | 0.0012 | 0.0012",,解析文本拼接_表格清洗增强_05_081-100.md,090_佛山市顺德区共诺电子元件厂搬迁项目_01_受理公告或公示版
PL021,PL021_佛山市顺德区共诺电子元件厂搬迁项目_01_受理公告或公示版.pdf,21,2,9,完整,1.0,"3 | 设备
噪声 | 噪声 | 70-85
dB(A) | --- | --- | 昼间≤65
dB(A)，
夜间≤55
dB(A) | 设备减振、墙体
隔声 | 达到《工业企业厂界环境
噪声排放标准》（GB
12348-2008）3类标准",,解析文本拼接_表格清洗增强_05_081-100.md,090_佛山市顺德区共诺电子元件厂搬迁项目_01_受理公告或公示版
PL021,PL021_佛山市顺德区共诺电子元件厂搬迁项目_01_受理公告或公示版.pdf,21,2,10,完整,1.0,"4 | 固体
废物 | 生活垃圾 | 1.5t/a | 0 | --- | --- | 交环卫部门处理 | 符合要求",,解析文本拼接_表格清洗增强_05_081-100.md,090_佛山市顺德区共诺电子元件厂搬迁项目_01_受理公告或公示版
PL021,PL021_佛山市顺德区共诺电子元件厂搬迁项目_01_受理公告或公示版.pdf,21,2,11,完整,1.0,"次品 | 0.5t/a | 0 | --- | --- | 破碎后回用于生
产 | 符合要求",,解析文本拼接_表格清洗增强_05_081-100.md,090_佛山市顺德区共诺电子元件厂搬迁项目_01_受理公告或公示版
PL021,PL021_佛山市顺德区共诺电子元件厂搬迁项目_01_受理公告或公示版.pdf,21,2,12,完整,1.0,废包装袋 | 0.1t/a | 0 | --- | --- | 外卖给回收商 | 符合要求,,解析文本拼接_表格清洗增强_05_081-100.md,090_佛山市顺德区共诺电子元件厂搬迁项目_01_受理公告或公示版
PL021,PL021_佛山市顺德区共诺电子元件厂搬迁项目_01_受理公告或公示版.pdf,21,2,13,完整,1.0,"5 | 危险
废物 | 废机油 | 0.0025t/a | 0 | --- | --- | 集中收集后定期
交资质单位进行
处理处置 | 符合要求",,解析文本拼接_表格清洗增强_05_081-100.md,090_佛山市顺德区共诺电子元件厂搬迁项目_01_受理公告或公示版
PL021,PL021_佛山市顺德区共诺电子元件厂搬迁项目_01_受理公告或公示版.pdf,21,2,14,完整,1.0,含油废抹布 | 0.001t/a | 0 | --- | ---,,解析文本拼接_表格清洗增强_05_081-100.md,090_佛山市顺德区共诺电子元件厂搬迁项目_01_受理公告或公示版
PL021,PL021_佛山市顺德区共诺电子元件厂搬迁项目_01_受理公告或公示版.pdf,21,2,15,完整,1.0,废包装桶 | 0.013t/a | 0 | --- | ---,,解析文本拼接_表格清洗增强_05_081-100.md,090_佛山市顺德区共诺电子元件厂搬迁项目_01_受理公告或公示版
PL021,PL021_佛山市顺德区共诺电子元件厂搬迁项目_01_受理公告或公示版.pdf,21,2,16,完整,1.0,废UV灯管 | 0.02t/a | 0 | --- | ---,,解析文本拼接_表格清洗增强_05_081-100.md,090_佛山市顺德区共诺电子元件厂搬迁项目_01_受理公告或公示版
PL021,PL021_佛山市顺德区共诺电子元件厂搬迁项目_01_受理公告或公示版.pdf,21,3,1,完整,1.0,NH3-N | 2.7 | 2.25 | 25 | 25,,解析文本拼接_表格清洗增强_05_081-100.md,090_佛山市顺德区共诺电子元件厂搬迁项目_01_受理公告或公示版
PL021,PL021_佛山市顺德区共诺电子元件厂搬迁项目_01_受理公告或公示版.pdf,21,3,2,完整,1.0,SS | 9 | 2.7 | 30 | 30,,解析文本拼接_表格清洗增强_05_081-100.md,090_佛山市顺德区共诺电子元件厂搬迁项目_01_受理公告或公示版
PL021,PL021_佛山市顺德区共诺电子元件厂搬迁项目_01_受理公告或公示版.pdf,21,3,3,完整,1.0,总磷 | 0.315 | 0.27 | 3 | 3,,解析文本拼接_表格清洗增强_05_081-100.md,090_佛山市顺德区共诺电子元件厂搬迁项目_01_受理公告或公示版
PL021,PL021_佛山市顺德区共诺电子元件厂搬迁项目_01_受理公告或公示版.pdf,21,3,4,完整,1.0,--- | 单位 | t/a | t/a | mg/m3 | mg/m3 | --- | ---,,解析文本拼接_表格清洗增强_05_081-100.md,090_佛山市顺德区共诺电子元件厂搬迁项目_01_受理公告或公示版
PL021,PL021_佛山市顺德区共诺电子元件厂搬迁项目_01_受理公告或公示版.pdf,21,3,8,完整,1.0,非甲烷总烃 | “UV 光解”装置 | 物排放标准》（,,解析文本拼接_表格清洗增强_05_081-100.md,090_佛山市顺德区共诺电子元件厂搬迁项目_01_受理公告或公示版
PL021,PL021_佛山市顺德区共诺电子元件厂搬迁项目_01_受理公告或公示版.pdf,21,3,9,完整,1.0,处理，处理达标 | GB31572,,解析文本拼接_表格清洗增强_05_081-100.md,090_佛山市顺德区共诺电子元件厂搬迁项目_01_受理公告或公示版
PL021,PL021_佛山市顺德区共诺电子元件厂搬迁项目_01_受理公告或公示版.pdf,21,3,10,部分,0.833,（有组织） | 0.029 | 0.026 | 21 | 100 | ）表 规定的大气污,）表 规定的大气污,解析文本拼接_表格清洗增强_05_081-100.md,090_佛山市顺德区共诺电子元件厂搬迁项目_01_受理公告或公示版
PL021,PL021_佛山市顺德区共诺电子元件厂搬迁项目_01_受理公告或公示版.pdf,21,3,11,疑似缺失,0.0,后通过 高 | -2015 4,后通过 高；-2015 4,解析文本拼接_表格清洗增强_05_081-100.md,090_佛山市顺德区共诺电子元件厂搬迁项目_01_受理公告或公示版
PL021,PL021_佛山市顺德区共诺电子元件厂搬迁项目_01_受理公告或公示版.pdf,21,3,12,完整,1.0,22m | 染物排放限值,,解析文本拼接_表格清洗增强_05_081-100.md,090_佛山市顺德区共诺电子元件厂搬迁项目_01_受理公告或公示版
PL021,PL021_佛山市顺德区共诺电子元件厂搬迁项目_01_受理公告或公示版.pdf,21,3,13,完整,1.0,注塑 | 的排气筒 1#排,,解析文本拼接_表格清洗增强_05_081-100.md,090_佛山市顺德区共诺电子元件厂搬迁项目_01_受理公告或公示版
PL021,PL021_佛山市顺德区共诺电子元件厂搬迁项目_01_受理公告或公示版.pdf,21,3,17,完整,1.0,2 | 非甲烷总烃 | 加强车间通风,,解析文本拼接_表格清洗增强_05_081-100.md,090_佛山市顺德区共诺电子元件厂搬迁项目_01_受理公告或公示版
PL021,PL021_佛山市顺德区共诺电子元件厂搬迁项目_01_受理公告或公示版.pdf,21,3,18,完整,1.0,（无组织） | 0.068 | 0.068 | --- | --- | 换气 | 标准》（DB44/2367-2022）,,解析文本拼接_表格清洗增强_05_081-100.md,090_佛山市顺德区共诺电子元件厂搬迁项目_01_受理公告或公示版
PL021,PL021_佛山市顺德区共诺电子元件厂搬迁项目_01_受理公告或公示版.pdf,21,3,23,完整,1.0,粉尘 | （无组织） | 0.0005 | 0.0005 | 物 排 放 限 值 》,,解析文本拼接_表格清洗增强_05_081-100.md,090_佛山市顺德区共诺电子元件厂搬迁项目_01_受理公告或公示版
PL021,PL021_佛山市顺德区共诺电子元件厂搬迁项目_01_受理公告或公示版.pdf,21,3,24,完整,1.0,加强车间通风换 | （DB44/27-2001）第二,,解析文本拼接_表格清洗增强_05_081-100.md,090_佛山市顺德区共诺电子元件厂搬迁项目_01_受理公告或公示版
PL021,PL021_佛山市顺德区共诺电子元件厂搬迁项目_01_受理公告或公示版.pdf,21,3,25,完整,1.0,--- | 1.0 | 气,,解析文本拼接_表格清洗增强_05_081-100.md,090_佛山市顺德区共诺电子元件厂搬迁项目_01_受理公告或公示版
PL021,PL021_佛山市顺德区共诺电子元件厂搬迁项目_01_受理公告或公示版.pdf,21,3,28,完整,1.0,粉尘 | （无组织） | 0.0012 | 0.0012,,解析文本拼接_表格清洗增强_05_081-100.md,090_佛山市顺德区共诺电子元件厂搬迁项目_01_受理公告或公示版
PL021,PL021_佛山市顺德区共诺电子元件厂搬迁项目_01_受理公告或公示版.pdf,21,3,30,完整,1.0,≤65 | 达到《工业企业厂界环境,,解析文本拼接_表格清洗增强_05_081-100.md,090_佛山市顺德区共诺电子元件厂搬迁项目_01_受理公告或公示版
PL021,PL021_佛山市顺德区共诺电子元件厂搬迁项目_01_受理公告或公示版.pdf,21,3,31,完整,1.0,设备 | 噪声 | 70-85 | dB(A)， | 设备减振、墙体 | 噪声排放标准》（,,解析文本拼接_表格清洗增强_05_081-100.md,090_佛山市顺德区共诺电子元件厂搬迁项目_01_受理公告或公示版
PL021,PL021_佛山市顺德区共诺电子元件厂搬迁项目_01_受理公告或公示版.pdf,21,3,32,完整,1.0,3 | 噪声 | --- | --- | 隔声 | GB,,解析文本拼接_表格清洗增强_05_081-100.md,090_佛山市顺德区共诺电子元件厂搬迁项目_01_受理公告或公示版
PL021,PL021_佛山市顺德区共诺电子元件厂搬迁项目_01_受理公告或公示版.pdf,21,3,33,完整,1.0,dB(A) | 夜间≤55 | 12348-2008）3类标准,,解析文本拼接_表格清洗增强_05_081-100.md,090_佛山市顺德区共诺电子元件厂搬迁项目_01_受理公告或公示版
PL021,PL021_佛山市顺德区共诺电子元件厂搬迁项目_01_受理公告或公示版.pdf,21,3,35,完整,1.0,生活垃圾 | 1.5t/a | 0 | --- | --- | 交环卫部门处理 | 符合要求,,解析文本拼接_表格清洗增强_05_081-100.md,090_佛山市顺德区共诺电子元件厂搬迁项目_01_受理公告或公示版
PL021,PL021_佛山市顺德区共诺电子元件厂搬迁项目_01_受理公告或公示版.pdf,21,3,37,完整,1.0,4 | 次品 | 0.5t/a | 0 | --- | --- | 符合要求,,解析文本拼接_表格清洗增强_05_081-100.md,090_佛山市顺德区共诺电子元件厂搬迁项目_01_受理公告或公示版
PL021,PL021_佛山市顺德区共诺电子元件厂搬迁项目_01_受理公告或公示版.pdf,21,3,39,完整,1.0,废包装袋 | 0.1t/a | 0 | --- | --- | 外卖给回收商 | 符合要求,,解析文本拼接_表格清洗增强_05_081-100.md,090_佛山市顺德区共诺电子元件厂搬迁项目_01_受理公告或公示版
PL021,PL021_佛山市顺德区共诺电子元件厂搬迁项目_01_受理公告或公示版.pdf,21,3,40,完整,1.0,废机油 | 0.0025t/a | 0 | --- | ---,,解析文本拼接_表格清洗增强_05_081-100.md,090_佛山市顺德区共诺电子元件厂搬迁项目_01_受理公告或公示版
PL021,PL021_佛山市顺德区共诺电子元件厂搬迁项目_01_受理公告或公示版.pdf,21,3,41,完整,1.0,危险 | 含油废抹布 | 0.001t/a | 0 | --- | --- | 集中收集后定期,,解析文本拼接_表格清洗增强_05_081-100.md,090_佛山市顺德区共诺电子元件厂搬迁项目_01_受理公告或公示版
PL021,PL021_佛山市顺德区共诺电子元件厂搬迁项目_01_受理公告或公示版.pdf,21,3,42,完整,1.0,5 | 废物 | 交资质单位进行 | 符合要求,,解析文本拼接_表格清洗增强_05_081-100.md,090_佛山市顺德区共诺电子元件厂搬迁项目_01_受理公告或公示版
PL021,PL021_佛山市顺德区共诺电子元件厂搬迁项目_01_受理公告或公示版.pdf,21,3,44,完整,1.0,0.013t/a | 0 | --- | --- | 处理处置,,解析文本拼接_表格清洗增强_05_081-100.md,090_佛山市顺德区共诺电子元件厂搬迁项目_01_受理公告或公示版
PL021,PL021_佛山市顺德区共诺电子元件厂搬迁项目_01_受理公告或公示版.pdf,21,3,45,完整,1.0,废UV灯管 | 0.02t/a | 0 | --- | ---,,解析文本拼接_表格清洗增强_05_081-100.md,090_佛山市顺德区共诺电子元件厂搬迁项目_01_受理公告或公示版
PL021,PL021_佛山市顺德区共诺电子元件厂搬迁项目_01_受理公告或公示版.pdf,22,2,1,完整,1.0,污染物 | 浓度均值 | 评价标准 | 达标情况,,解析文本拼接_表格清洗增强_05_081-100.md,090_佛山市顺德区共诺电子元件厂搬迁项目_01_受理公告或公示版
PL021,PL021_佛山市顺德区共诺电子元件厂搬迁项目_01_受理公告或公示版.pdf,22,2,2,完整,1.0,SO2 （μg/m3） | 6 | 60 | 达标,,解析文本拼接_表格清洗增强_05_081-100.md,090_佛山市顺德区共诺电子元件厂搬迁项目_01_受理公告或公示版
PL021,PL021_佛山市顺德区共诺电子元件厂搬迁项目_01_受理公告或公示版.pdf,22,2,3,完整,1.0,NO2 （μg/m3） | 28 | 40 | 达标,,解析文本拼接_表格清洗增强_05_081-100.md,090_佛山市顺德区共诺电子元件厂搬迁项目_01_受理公告或公示版
PL021,PL021_佛山市顺德区共诺电子元件厂搬迁项目_01_受理公告或公示版.pdf,22,2,4,完整,1.0,PM10 （μg/m3） | 35 | 70 | 达标,,解析文本拼接_表格清洗增强_05_081-100.md,090_佛山市顺德区共诺电子元件厂搬迁项目_01_受理公告或公示版
PL021,PL021_佛山市顺德区共诺电子元件厂搬迁项目_01_受理公告或公示版.pdf,22,2,5,完整,1.0,PM2.5 （μg/m3） | 20 | 35 | 达标,,解析文本拼接_表格清洗增强_05_081-100.md,090_佛山市顺德区共诺电子元件厂搬迁项目_01_受理公告或公示版
PL021,PL021_佛山市顺德区共诺电子元件厂搬迁项目_01_受理公告或公示版.pdf,22,2,6,完整,1.0,CO*（mg/m3） | 1 | 4 | 达标,,解析文本拼接_表格清洗增强_05_081-100.md,090_佛山市顺德区共诺电子元件厂搬迁项目_01_受理公告或公示版
PL021,PL021_佛山市顺德区共诺电子元件厂搬迁项目_01_受理公告或公示版.pdf,22,2,7,完整,1.0,O3-8H*（μg/m3） | 164 | 160 | 超标,,解析文本拼接_表格清洗增强_05_081-100.md,090_佛山市顺德区共诺电子元件厂搬迁项目_01_受理公告或公示版
PL021,PL021_佛山市顺德区共诺电子元件厂搬迁项目_01_受理公告或公示版.pdf,22,3,11,完整,1.0,区 | （国控测点）环境空气污染物达标判定情况详见下表。,,解析文本拼接_表格清洗增强_05_081-100.md,090_佛山市顺德区共诺电子元件厂搬迁项目_01_受理公告或公示版
PL021,PL021_佛山市顺德区共诺电子元件厂搬迁项目_01_受理公告或公示版.pdf,22,3,12,完整,1.0,域 | 表3-1 2023年顺德区（国控测点）环境空气污染物达标判定情况,,解析文本拼接_表格清洗增强_05_081-100.md,090_佛山市顺德区共诺电子元件厂搬迁项目_01_受理公告或公示版
PL021,PL021_佛山市顺德区共诺电子元件厂搬迁项目_01_受理公告或公示版.pdf,22,3,16,完整,1.0,质 | SO2 （μg/m3） 6 60 达标,,解析文本拼接_表格清洗增强_05_081-100.md,090_佛山市顺德区共诺电子元件厂搬迁项目_01_受理公告或公示版
PL021,PL021_佛山市顺德区共诺电子元件厂搬迁项目_01_受理公告或公示版.pdf,22,3,17,完整,1.0,量 | NO2 （μg/m3） 28 40 达标,,解析文本拼接_表格清洗增强_05_081-100.md,090_佛山市顺德区共诺电子元件厂搬迁项目_01_受理公告或公示版
PL021,PL021_佛山市顺德区共诺电子元件厂搬迁项目_01_受理公告或公示版.pdf,22,3,18,疑似缺失,0.5,现 | PM （μg/m3） 35 70 达标,PM （μg/m3） 35 70 达标,解析文本拼接_表格清洗增强_05_081-100.md,090_佛山市顺德区共诺电子元件厂搬迁项目_01_受理公告或公示版
PL021,PL021_佛山市顺德区共诺电子元件厂搬迁项目_01_受理公告或公示版.pdf,23,1,2,完整,1.0,"环
境
保
护
目
标 | 1、大气环境
本项目所在地为大气环境二类功能区，大气环境保护目标为确保项目所在区域的空气质
量不因本项目的建设造成明显不利的影响，不因本项目的建设改变现在的质量等级状况。项
目500米范围内主要的环境保护目标如下表。
表3-3 主要环境保护目标
相对厂 相对厂界
序号 名称 保护对象 保护内容 环境功能区
址方位 距离/m
1 古",,解析文本拼接_表格清洗增强_05_081-100.md,090_佛山市顺德区共诺电子元件厂搬迁项目_01_受理公告或公示版
PL021,PL021_佛山市顺德区共诺电子元件厂搬迁项目_01_受理公告或公示版.pdf,23,2,1,完整,1.0,河流名称 | 断面 | 断面定类 | 水质评价标准 | 河流定类,,解析文本拼接_表格清洗增强_05_081-100.md,090_佛山市顺德区共诺电子元件厂搬迁项目_01_受理公告或公示版
PL021,PL021_佛山市顺德区共诺电子元件厂搬迁项目_01_受理公告或公示版.pdf,23,2,2,完整,1.0,2023年 | 2022年 | 2023年 | 2022年,,解析文本拼接_表格清洗增强_05_081-100.md,090_佛山市顺德区共诺电子元件厂搬迁项目_01_受理公告或公示版
PL021,PL021_佛山市顺德区共诺电子元件厂搬迁项目_01_受理公告或公示版.pdf,23,3,2,完整,1.0,1 | 古鉴村 | 住宅 | 人群健康 | 大气二类 | 南面 | 173,,解析文本拼接_表格清洗增强_05_081-100.md,090_佛山市顺德区共诺电子元件厂搬迁项目_01_受理公告或公示版
PL021,PL021_佛山市顺德区共诺电子元件厂搬迁项目_01_受理公告或公示版.pdf,23,3,3,疑似缺失,0.667,2 | 怡水轩国际公寓 | 人群健康 | 大气二类 | 北面 | 174,怡水轩国际公寓；174,解析文本拼接_表格清洗增强_05_081-100.md,090_佛山市顺德区共诺电子元件厂搬迁项目_01_受理公告或公示版
PL021,PL021_佛山市顺德区共诺电子元件厂搬迁项目_01_受理公告或公示版.pdf,23,3,4,完整,1.0,3 | 新滘村 | 人群健康 | 大气二类 | 北面 | 230,,解析文本拼接_表格清洗增强_05_081-100.md,090_佛山市顺德区共诺电子元件厂搬迁项目_01_受理公告或公示版
PL021,PL021_佛山市顺德区共诺电子元件厂搬迁项目_01_受理公告或公示版.pdf,23,3,5,疑似缺失,0.667,4 | 银景苑 | 人群健康 | 大气二类 | 东北面 | 260,银景苑；东北面,解析文本拼接_表格清洗增强_05_081-100.md,090_佛山市顺德区共诺电子元件厂搬迁项目_01_受理公告或公示版
PL021,PL021_佛山市顺德区共诺电子元件厂搬迁项目_01_受理公告或公示版.pdf,23,3,6,完整,1.0,5 | 金榜村 | 人群健康 | 大气二类 | 东面 | 323,,解析文本拼接_表格清洗增强_05_081-100.md,090_佛山市顺德区共诺电子元件厂搬迁项目_01_受理公告或公示版
PL021,PL021_佛山市顺德区共诺电子元件厂搬迁项目_01_受理公告或公示版.pdf,23,4,2,完整,1.0,根据《 | 佛山市生态环境局关于印发<佛 | 山市声环境功能区划>的通 | 知（佛环 | ﹝2024﹞1,,解析文本拼接_表格清洗增强_05_081-100.md,090_佛山市顺德区共诺电子元件厂搬迁项目_01_受理公告或公示版
PL021,PL021_佛山市顺德区共诺电子元件厂搬迁项目_01_受理公告或公示版.pdf,23,4,3,完整,1.0,号 | ） | 》，项 | 目所在区域为声环境3类功能区 | 。,,解析文本拼接_表格清洗增强_05_081-100.md,090_佛山市顺德区共诺电子元件厂搬迁项目_01_受理公告或公示版
PL021,PL021_佛山市顺德区共诺电子元件厂搬迁项目_01_受理公告或公示版.pdf,23,4,4,完整,1.0,项目厂 | 界外50m范围内无环境敏感目 | 标。,,解析文本拼接_表格清洗增强_05_081-100.md,090_佛山市顺德区共诺电子元件厂搬迁项目_01_受理公告或公示版
PL021,PL021_佛山市顺德区共诺电子元件厂搬迁项目_01_受理公告或公示版.pdf,23,4,5,完整,1.0,4、 生 | 态环境,,解析文本拼接_表格清洗增强_05_081-100.md,090_佛山市顺德区共诺电子元件厂搬迁项目_01_受理公告或公示版
PL021,PL021_佛山市顺德区共诺电子元件厂搬迁项目_01_受理公告或公示版.pdf,23,4,7,完整,1.0,5、 电 | 磁辐射,,解析文本拼接_表格清洗增强_05_081-100.md,090_佛山市顺德区共诺电子元件厂搬迁项目_01_受理公告或公示版
PL021,PL021_佛山市顺德区共诺电子元件厂搬迁项目_01_受理公告或公示版.pdf,23,4,9,完整,1.0,6、 土 | 壤、地下水环境,,解析文本拼接_表格清洗增强_05_081-100.md,090_佛山市顺德区共诺电子元件厂搬迁项目_01_受理公告或公示版
PL021,PL021_佛山市顺德区共诺电子元件厂搬迁项目_01_受理公告或公示版.pdf,23,4,10,完整,1.0,本项目 | 租用现有厂房的第7层厂房作为 | 生产场所，厂房和周围环境地面 | 已做好水 | 泥面硬化,,解析文本拼接_表格清洗增强_05_081-100.md,090_佛山市顺德区共诺电子元件厂搬迁项目_01_受理公告或公示版
PL021,PL021_佛山市顺德区共诺电子元件厂搬迁项目_01_受理公告或公示版.pdf,23,4,11,完整,1.0,防 | 渗 | 措施， | 就本项目而言，不存在土壤、地 | 下水环境污染途径，无需开展 | 土壤、地 | 下水环境,,解析文本拼接_表格清洗增强_05_081-100.md,090_佛山市顺德区共诺电子元件厂搬迁项目_01_受理公告或公示版
PL021,PL021_佛山市顺德区共诺电子元件厂搬迁项目_01_受理公告或公示版.pdf,23,4,13,完整,1.0,1、大 | 气环境,,解析文本拼接_表格清洗增强_05_081-100.md,090_佛山市顺德区共诺电子元件厂搬迁项目_01_受理公告或公示版
PL021,PL021_佛山市顺德区共诺电子元件厂搬迁项目_01_受理公告或公示版.pdf,23,4,16,完整,1.0,"目
环 | 5 | 00米范 | 围内主要的环境保护目标如下表 | 。",,解析文本拼接_表格清洗增强_05_081-100.md,090_佛山市顺德区共诺电子元件厂搬迁项目_01_受理公告或公示版
PL021,PL021_佛山市顺德区共诺电子元件厂搬迁项目_01_受理公告或公示版.pdf,23,4,17,完整,1.0,境 | 表3-3 | 主要环境保护目标,,解析文本拼接_表格清洗增强_05_081-100.md,090_佛山市顺德区共诺电子元件厂搬迁项目_01_受理公告或公示版
PL021,PL021_佛山市顺德区共诺电子元件厂搬迁项目_01_受理公告或公示版.pdf,23,4,24,完整,1.0,标 | 1 | 古鉴村 | 人群健康 大气二类 | 南面 | 173,,解析文本拼接_表格清洗增强_05_081-100.md,090_佛山市顺德区共诺电子元件厂搬迁项目_01_受理公告或公示版
PL021,PL021_佛山市顺德区共诺电子元件厂搬迁项目_01_受理公告或公示版.pdf,23,4,25,疑似缺失,0.6,2 | 怡水轩国际公寓 | 人群健康 大气二类 | 北面 | 174,怡水轩国际公寓；174,解析文本拼接_表格清洗增强_05_081-100.md,090_佛山市顺德区共诺电子元件厂搬迁项目_01_受理公告或公示版
PL021,PL021_佛山市顺德区共诺电子元件厂搬迁项目_01_受理公告或公示版.pdf,23,4,26,部分,0.8,3 | 新滘村 住宅 | 人群健康 大气二类 | 北面 | 230,新滘村 住宅,解析文本拼接_表格清洗增强_05_081-100.md,090_佛山市顺德区共诺电子元件厂搬迁项目_01_受理公告或公示版
PL021,PL021_佛山市顺德区共诺电子元件厂搬迁项目_01_受理公告或公示版.pdf,23,4,27,疑似缺失,0.6,4 | 银景苑 | 人群健康 大气二类 | 东北面 | 260,银景苑；东北面,解析文本拼接_表格清洗增强_05_081-100.md,090_佛山市顺德区共诺电子元件厂搬迁项目_01_受理公告或公示版
PL021,PL021_佛山市顺德区共诺电子元件厂搬迁项目_01_受理公告或公示版.pdf,23,4,28,完整,1.0,5 | 金榜村 | 人群健康 大气二类 | 东面 | 323,,解析文本拼接_表格清洗增强_05_081-100.md,090_佛山市顺德区共诺电子元件厂搬迁项目_01_受理公告或公示版
PL021,PL021_佛山市顺德区共诺电子元件厂搬迁项目_01_受理公告或公示版.pdf,24,2,1,完整,1.0,"6 | 顺德公安交警大队交
通违法办理大厅 | 行政单位 | 人群健康 | 大气二类 | 西面 | 380",,解析文本拼接_表格清洗增强_05_081-100.md,090_佛山市顺德区共诺电子元件厂搬迁项目_01_受理公告或公示版
PL021,PL021_佛山市顺德区共诺电子元件厂搬迁项目_01_受理公告或公示版.pdf,24,2,2,完整,1.0,"7 | 顺德区公安局交通警
察大队 | 人群健康 | 大气二类 | 西面 | 370",,解析文本拼接_表格清洗增强_05_081-100.md,090_佛山市顺德区共诺电子元件厂搬迁项目_01_受理公告或公示版
PL021,PL021_佛山市顺德区共诺电子元件厂搬迁项目_01_受理公告或公示版.pdf,24,3,6,完整,1.0,2、 | 地表水环境,,解析文本拼接_表格清洗增强_05_081-100.md,090_佛山市顺德区共诺电子元件厂搬迁项目_01_受理公告或公示版
PL021,PL021_佛山市顺德区共诺电子元件厂搬迁项目_01_受理公告或公示版.pdf,24,3,7,完整,1.0,项目 | 所在地距离羊额-北滘水厂水源准保护区约4857m，项目生活污水经三级化粪池处,,解析文本拼接_表格清洗增强_05_081-100.md,090_佛山市顺德区共诺电子元件厂搬迁项目_01_受理公告或公示版
PL021,PL021_佛山市顺德区共诺电子元件厂搬迁项目_01_受理公告或公示版.pdf,24,3,11,完整,1.0,本项 | 目所在地属于3类声环境功能区，厂界外50米范围内无声环境保护目标。,,解析文本拼接_表格清洗增强_05_081-100.md,090_佛山市顺德区共诺电子元件厂搬迁项目_01_受理公告或公示版
PL021,PL021_佛山市顺德区共诺电子元件厂搬迁项目_01_受理公告或公示版.pdf,24,3,12,完整,1.0,4、 | 地下水环境,,解析文本拼接_表格清洗增强_05_081-100.md,090_佛山市顺德区共诺电子元件厂搬迁项目_01_受理公告或公示版
PL021,PL021_佛山市顺德区共诺电子元件厂搬迁项目_01_受理公告或公示版.pdf,24,3,13,完整,1.0,本项 | 目厂界外500米范围内无地下水集中式饮用水水源和热水、矿泉水、温泉等特殊地,,解析文本拼接_表格清洗增强_05_081-100.md,090_佛山市顺德区共诺电子元件厂搬迁项目_01_受理公告或公示版
PL021,PL021_佛山市顺德区共诺电子元件厂搬迁项目_01_受理公告或公示版.pdf,24,3,15,完整,1.0,5、 | 生态环境,,解析文本拼接_表格清洗增强_05_081-100.md,090_佛山市顺德区共诺电子元件厂搬迁项目_01_受理公告或公示版
PL021,PL021_佛山市顺德区共诺电子元件厂搬迁项目_01_受理公告或公示版.pdf,25,1,2,完整,1.0,"排气筒 | 污染源 | 污染因子 | 有组织 | 无组织排放浓
度限值
mg/m³ | 执行标准",,解析文本拼接_表格清洗增强_05_081-100.md,090_佛山市顺德区共诺电子元件厂搬迁项目_01_受理公告或公示版
PL021,PL021_佛山市顺德区共诺电子元件厂搬迁项目_01_受理公告或公示版.pdf,25,1,4,完整,1.0,"G1
（15m） | 注塑 | 臭气浓度 | 2000（无量纲） | 20（无量纲） | GB14554-1993",,解析文本拼接_表格清洗增强_05_081-100.md,090_佛山市顺德区共诺电子元件厂搬迁项目_01_受理公告或公示版
PL021,PL021_佛山市顺德区共诺电子元件厂搬迁项目_01_受理公告或公示版.pdf,25,1,5,完整,1.0,"非甲烷总烃 | 100 | 4.0 | GB31572—2015（含
2024 年修改单）",,解析文本拼接_表格清洗增强_05_081-100.md,090_佛山市顺德区共诺电子元件厂搬迁项目_01_受理公告或公示版
PL021,PL021_佛山市顺德区共诺电子元件厂搬迁项目_01_受理公告或公示版.pdf,25,1,6,疑似缺失,0.667,四氢呋喃a | 100 | ---,四氢呋喃a,解析文本拼接_表格清洗增强_05_081-100.md,090_佛山市顺德区共诺电子元件厂搬迁项目_01_受理公告或公示版
PL021,PL021_佛山市顺德区共诺电子元件厂搬迁项目_01_受理公告或公示版.pdf,25,1,7,部分,0.833,"/ | 破碎、模
具维修 | 颗粒物 | --- | 1.0 | DB44/27-2001","破碎、模
具维修",解析文本拼接_表格清洗增强_05_081-100.md,090_佛山市顺德区共诺电子元件厂搬迁项目_01_受理公告或公示版
PL021,PL021_佛山市顺德区共诺电子元件厂搬迁项目_01_受理公告或公示版.pdf,25,2,1,完整,1.0,"污染物 | 厂区内排放限值
mg/m³ | 限值含义 | 执行标准",,解析文本拼接_表格清洗增强_05_081-100.md,090_佛山市顺德区共诺电子元件厂搬迁项目_01_受理公告或公示版
PL021,PL021_佛山市顺德区共诺电子元件厂搬迁项目_01_受理公告或公示版.pdf,25,2,2,完整,1.0,NMHC | 6 | 监控点处1h平均浓度值 | DB44/2367-2022,,解析文本拼接_表格清洗增强_05_081-100.md,090_佛山市顺德区共诺电子元件厂搬迁项目_01_受理公告或公示版
PL021,PL021_佛山市顺德区共诺电子元件厂搬迁项目_01_受理公告或公示版.pdf,25,2,3,完整,1.0,20 | 监控点处任意一次浓度值,,解析文本拼接_表格清洗增强_05_081-100.md,090_佛山市顺德区共诺电子元件厂搬迁项目_01_受理公告或公示版
PL021,PL021_佛山市顺德区共诺电子元件厂搬迁项目_01_受理公告或公示版.pdf,25,3,12,疑似缺失,0.5,污 | 项目大气污染物排放限值如表 和表 所示。,项目大气污染物排放限值如表 和表 所示。,解析文本拼接_表格清洗增强_05_081-100.md,090_佛山市顺德区共诺电子元件厂搬迁项目_01_受理公告或公示版
PL021,PL021_佛山市顺德区共诺电子元件厂搬迁项目_01_受理公告或公示版.pdf,25,3,15,完整,1.0,物 | 表3-3 大气污染物有组织和无组织排放标准,,解析文本拼接_表格清洗增强_05_081-100.md,090_佛山市顺德区共诺电子元件厂搬迁项目_01_受理公告或公示版
PL021,PL021_佛山市顺德区共诺电子元件厂搬迁项目_01_受理公告或公示版.pdf,25,3,17,疑似缺失,0.5,放 | 排气筒 污染源 污染因子 最高允许排放浓度 度限值 执行标准,排气筒 污染源 污染因子 最高允许排放浓度 度限值 执行标准,解析文本拼接_表格清洗增强_05_081-100.md,090_佛山市顺德区共诺电子元件厂搬迁项目_01_受理公告或公示版
PL021,PL021_佛山市顺德区共诺电子元件厂搬迁项目_01_受理公告或公示版.pdf,25,3,19,完整,1.0,制 | 臭气浓度 2000（无量纲） 20（无量纲） GB14554-1993,,解析文本拼接_表格清洗增强_05_081-100.md,090_佛山市顺德区共诺电子元件厂搬迁项目_01_受理公告或公示版
PL021,PL021_佛山市顺德区共诺电子元件厂搬迁项目_01_受理公告或公示版.pdf,25,3,21,疑似缺失,0.5,"标 | 注塑 非甲烷总烃 100 4.0 GB31572—2015（含
（15m）","注塑 非甲烷总烃 100 4.0 GB31572—2015（含
（15m）",解析文本拼接_表格清洗增强_05_081-100.md,090_佛山市顺德区共诺电子元件厂搬迁项目_01_受理公告或公示版
PL021,PL021_佛山市顺德区共诺电子元件厂搬迁项目_01_受理公告或公示版.pdf,25,3,22,疑似缺失,0.5,准 | 四氢呋喃a 100 --- 2024 年修改单）,四氢呋喃a 100 --- 2024 年修改单）,解析文本拼接_表格清洗增强_05_081-100.md,090_佛山市顺德区共诺电子元件厂搬迁项目_01_受理公告或公示版
PL021,PL021_佛山市顺德区共诺电子元件厂搬迁项目_01_受理公告或公示版.pdf,26,2,1,完整,1.0,项目 | pH | CODCr | BOD5 | NH3-N | 总磷 | SS,,解析文本拼接_表格清洗增强_05_081-100.md,090_佛山市顺德区共诺电子元件厂搬迁项目_01_受理公告或公示版
PL021,PL021_佛山市顺德区共诺电子元件厂搬迁项目_01_受理公告或公示版.pdf,26,2,2,完整,1.0,厂区排放标准 | 6-9 | 500 | 300 | -- | -- | 400,,解析文本拼接_表格清洗增强_05_081-100.md,090_佛山市顺德区共诺电子元件厂搬迁项目_01_受理公告或公示版
PL021,PL021_佛山市顺德区共诺电子元件厂搬迁项目_01_受理公告或公示版.pdf,26,2,3,完整,1.0,污水处理厂排放标准 | 6-9 | 40 | 10 | 5 | 0.5 | 10,,解析文本拼接_表格清洗增强_05_081-100.md,090_佛山市顺德区共诺电子元件厂搬迁项目_01_受理公告或公示版
PL021,PL021_佛山市顺德区共诺电子元件厂搬迁项目_01_受理公告或公示版.pdf,26,3,22,完整,1.0,总 | 搬迁前，根据原环评报告及其批复，审批非甲烷总烃有组织排放量为0.004t/a，无组织,,解析文本拼接_表格清洗增强_05_081-100.md,090_佛山市顺德区共诺电子元件厂搬迁项目_01_受理公告或公示版
PL021,PL021_佛山市顺德区共诺电子元件厂搬迁项目_01_受理公告或公示版.pdf,26,3,25,疑似缺失,0.5,控 | 0.0013t/a 0.0053t/a,0.0013t/a 0.0053t/a,解析文本拼接_表格清洗增强_05_081-100.md,090_佛山市顺德区共诺电子元件厂搬迁项目_01_受理公告或公示版
PL021,PL021_佛山市顺德区共诺电子元件厂搬迁项目_01_受理公告或公示版.pdf,26,3,26,完整,1.0,制 | 0.026t/a，无组织排放量为0.068t/a，总排放量为0.094t/a。搬迁后项目注塑工序NMHC有组,,解析文本拼接_表格清洗增强_05_081-100.md,090_佛山市顺德区共诺电子元件厂搬迁项目_01_受理公告或公示版
PL021,PL021_佛山市顺德区共诺电子元件厂搬迁项目_01_受理公告或公示版.pdf,26,3,29,疑似缺失,0.5,标 | 0.164t/a 0.037t/a NMHC,0.164t/a 0.037t/a NMHC,解析文本拼接_表格清洗增强_05_081-100.md,090_佛山市顺德区共诺电子元件厂搬迁项目_01_受理公告或公示版
PL021,PL021_佛山市顺德区共诺电子元件厂搬迁项目_01_受理公告或公示版.pdf,27,2,1,完整,1.0,"产污环
节 | 生产设
施 | 污染物
种类 | 排放形
式 | 污染防治设施 | 排放
口类
型",,解析文本拼接_表格清洗增强_05_081-100.md,090_佛山市顺德区共诺电子元件厂搬迁项目_01_受理公告或公示版
PL021,PL021_佛山市顺德区共诺电子元件厂搬迁项目_01_受理公告或公示版.pdf,27,2,2,完整,1.0,"收集方式 | 收集
效率 | 处理
效率 | 污染防治设
施名称及工
艺 | 是否为
可行性
技术",,解析文本拼接_表格清洗增强_05_081-100.md,090_佛山市顺德区共诺电子元件厂搬迁项目_01_受理公告或公示版
PL021,PL021_佛山市顺德区共诺电子元件厂搬迁项目_01_受理公告或公示版.pdf,27,2,3,部分,0.9,"注塑 | 注塑机 | 非甲烷
总烃 | 有组织 | 整室收集 | 90% | 50% | 活性炭吸附
（排气筒
G1） | 是
否 | 一般
排放
口",整室收集,解析文本拼接_表格清洗增强_05_081-100.md,090_佛山市顺德区共诺电子元件厂搬迁项目_01_受理公告或公示版
PL021,PL021_佛山市顺德区共诺电子元件厂搬迁项目_01_受理公告或公示版.pdf,27,3,1,完整,1.0,废气收集类型 | 废气收集方式 | 情况说明 | 收集效率（%）,,解析文本拼接_表格清洗增强_05_081-100.md,090_佛山市顺德区共诺电子元件厂搬迁项目_01_受理公告或公示版
PL021,PL021_佛山市顺德区共诺电子元件厂搬迁项目_01_受理公告或公示版.pdf,27,3,2,疑似缺失,0.25,"全密封设备/空间 | 单层密闭负压 | VOCs 产生源设置在密闭车间、密闭设备(含
反应釜)、密闭管道内，所有开口处，包括人
员或物料进出口处呈负压 | 90","全密封设备/空间；单层密闭负压；VOCs 产生源设置在密闭车间、密闭设备(含
反应釜)、密闭管道内，所有开口处，包括人
员或物料进出口处呈负压",解析文本拼接_表格清洗增强_05_081-100.md,090_佛山市顺德区共诺电子元件厂搬迁项目_01_受理公告或公示版
PL021,PL021_佛山市顺德区共诺电子元件厂搬迁项目_01_受理公告或公示版.pdf,27,4,1,疑似缺失,0.333,"污染源 | 数量（个） | 规格 | 体积m3 | 换气次数次/h | 核算风量
m3/h","数量（个）；体积m3；换气次数次/h；核算风量
m3/h",解析文本拼接_表格清洗增强_05_081-100.md,090_佛山市顺德区共诺电子元件厂搬迁项目_01_受理公告或公示版
PL021,PL021_佛山市顺德区共诺电子元件厂搬迁项目_01_受理公告或公示版.pdf,27,4,2,疑似缺失,0.5,注塑区 | 1 | 25m×3m×3m | 225 | 20 | 4500,25m×3m×3m；225；4500,解析文本拼接_表格清洗增强_05_081-100.md,090_佛山市顺德区共诺电子元件厂搬迁项目_01_受理公告或公示版
PL021,PL021_佛山市顺德区共诺电子元件厂搬迁项目_01_受理公告或公示版.pdf,27,5,1,完整,1.0,产污环 | 生产设 | 污染物 | 排放形 | 排放,,解析文本拼接_表格清洗增强_05_081-100.md,090_佛山市顺德区共诺电子元件厂搬迁项目_01_受理公告或公示版
PL021,PL021_佛山市顺德区共诺电子元件厂搬迁项目_01_受理公告或公示版.pdf,27,5,2,完整,1.0,污染防治设 | 是否为 | 口类,,解析文本拼接_表格清洗增强_05_081-100.md,090_佛山市顺德区共诺电子元件厂搬迁项目_01_受理公告或公示版
PL021,PL021_佛山市顺德区共诺电子元件厂搬迁项目_01_受理公告或公示版.pdf,27,5,8,完整,1.0,总烃 | 活性炭吸附 | 是 | 一般,,解析文本拼接_表格清洗增强_05_081-100.md,090_佛山市顺德区共诺电子元件厂搬迁项目_01_受理公告或公示版
PL021,PL021_佛山市顺德区共诺电子元件厂搬迁项目_01_受理公告或公示版.pdf,27,5,9,部分,0.857,注塑 | 注塑机 | 整室收集 | 90% | 50% | （排气筒 | 排放,整室收集,解析文本拼接_表格清洗增强_05_081-100.md,090_佛山市顺德区共诺电子元件厂搬迁项目_01_受理公告或公示版
PL021,PL021_佛山市顺德区共诺电子元件厂搬迁项目_01_受理公告或公示版.pdf,27,5,16,完整,1.0,（1） | 注塑废气（ | G1排气 | 筒）,,解析文本拼接_表格清洗增强_05_081-100.md,090_佛山市顺德区共诺电子元件厂搬迁项目_01_受理公告或公示版
PL021,PL021_佛山市顺德区共诺电子元件厂搬迁项目_01_受理公告或公示版.pdf,27,5,17,完整,1.0,①非甲 | 烷总烃,,解析文本拼接_表格清洗增强_05_081-100.md,090_佛山市顺德区共诺电子元件厂搬迁项目_01_受理公告或公示版
PL021,PL021_佛山市顺德区共诺电子元件厂搬迁项目_01_受理公告或公示版.pdf,27,5,18,完整,1.0,项目注 | 塑过程产 | 生有机废 | 气，注塑工 | 序PBT加 | 热成型 | 温度未 | 达到塑料的分 | 解温度 | ，因此,,解析文本拼接_表格清洗增强_05_081-100.md,090_佛山市顺德区共诺电子元件厂搬迁项目_01_受理公告或公示版
PL021,PL021_佛山市顺德区共诺电子元件厂搬迁项目_01_受理公告或公示版.pdf,27,5,19,完整,1.0,项 | 目注塑过 | 程中产生 | 有机废气 | 的主要污 | 染因子为非 | 甲烷总 | 烃。注塑 | 过程中产生 | 的有机废 | 气根,,解析文本拼接_表格清洗增强_05_081-100.md,090_佛山市顺德区共诺电子元件厂搬迁项目_01_受理公告或公示版
PL021,PL021_佛山市顺德区共诺电子元件厂搬迁项目_01_受理公告或公示版.pdf,27,5,20,完整,1.0,据 | 《排放源 | 统计调查 | 产排污核算 | 方法和系 | 数手册》 | 的塑料制 | 品行业 | 系数手册， | 2929塑料 | 零件,,解析文本拼接_表格清洗增强_05_081-100.md,090_佛山市顺德区共诺电子元件厂搬迁项目_01_受理公告或公示版
PL021,PL021_佛山市顺德区共诺电子元件厂搬迁项目_01_受理公告或公示版.pdf,27,5,22,完整,1.0,及 | 其他塑料 | 制品制造 | 行业系数 | 表中配料- | 混合-挤出/ | 注塑的挥 | 发性有 | 机物（以非 | 甲烷总烃 | 计）,,解析文本拼接_表格清洗增强_05_081-100.md,090_佛山市顺德区共诺电子元件厂搬迁项目_01_受理公告或公示版
PL021,PL021_佛山市顺德区共诺电子元件厂搬迁项目_01_受理公告或公示版.pdf,27,5,24,部分,0.833,境影 | 产 | 污系数为 | 2.70kg/t | 产品。项目 | 塑料件产 | 品量总共1 | 35t/a，则 | 非甲烷 | 总烃的产生 | 量为0.36 | 5t/a。,35t/a，则；量为0.36,解析文本拼接_表格清洗增强_05_081-100.md,090_佛山市顺德区共诺电子元件厂搬迁项目_01_受理公告或公示版
PL021,PL021_佛山市顺德区共诺电子元件厂搬迁项目_01_受理公告或公示版.pdf,27,5,26,部分,0.727,塑 | 料每小时 | 最大使用 | 量为123.8 | 4kg，则 | 非甲烷总烃 | 最大产 | 生速率 | 为0.334kg/h | 。注塑废 | 气经,量为123.8；4kg，则；为0.334kg/h,解析文本拼接_表格清洗增强_05_081-100.md,090_佛山市顺德区共诺电子元件厂搬迁项目_01_受理公告或公示版
PL021,PL021_佛山市顺德区共诺电子元件厂搬迁项目_01_受理公告或公示版.pdf,27,5,28,部分,0.889,措施 | 整 | 室收集， | 经活性炭 | 吸附处理 | 后通过15 | m排气筒G | 1排放 | 。,室收集，,解析文本拼接_表格清洗增强_05_081-100.md,090_佛山市顺德区共诺电子元件厂搬迁项目_01_受理公告或公示版
PL021,PL021_佛山市顺德区共诺电子元件厂搬迁项目_01_受理公告或公示版.pdf,27,5,29,部分,0.8,本项目 | 废气收集 | 类型为整 | 室收集， | 根据《广东 | 省工业 | 源挥发 | 性有机物减 | 排量核算 | 方法,类型为整；室收集，,解析文本拼接_表格清洗增强_05_081-100.md,090_佛山市顺德区共诺电子元件厂搬迁项目_01_受理公告或公示版
PL021,PL021_佛山市顺德区共诺电子元件厂搬迁项目_01_受理公告或公示版.pdf,27,5,30,部分,0.909,（ | 2023年修 | 订版）》 | 表3.3-2 废 | 气收集集 | 气效率参 | 考值（如 | 表4-2 | 所示）集气 | 效率取值 | 90%。,90%。,解析文本拼接_表格清洗增强_05_081-100.md,090_佛山市顺德区共诺电子元件厂搬迁项目_01_受理公告或公示版
PL021,PL021_佛山市顺德区共诺电子元件厂搬迁项目_01_受理公告或公示版.pdf,27,5,31,完整,1.0,表4- | 2 废气收 | 集集气效率 | 参考值 | 一览表,,解析文本拼接_表格清洗增强_05_081-100.md,090_佛山市顺德区共诺电子元件厂搬迁项目_01_受理公告或公示版
PL021,PL021_佛山市顺德区共诺电子元件厂搬迁项目_01_受理公告或公示版.pdf,27,5,32,完整,1.0,废气收集 | 类型 | 废气收集方 | 式 | 情 | 况说明 | 收 | 集效率（% | ）,,解析文本拼接_表格清洗增强_05_081-100.md,090_佛山市顺德区共诺电子元件厂搬迁项目_01_受理公告或公示版
PL021,PL021_佛山市顺德区共诺电子元件厂搬迁项目_01_受理公告或公示版.pdf,27,5,33,疑似缺失,0.4,VOCs | 产生源设置 | 在密闭车 | 间、密闭 | 设备(含,产生源设置；在密闭车；间、密闭,解析文本拼接_表格清洗增强_05_081-100.md,090_佛山市顺德区共诺电子元件厂搬迁项目_01_受理公告或公示版
PL021,PL021_佛山市顺德区共诺电子元件厂搬迁项目_01_受理公告或公示版.pdf,27,5,34,疑似缺失,0.111,全密封设 | 备/空间 | 单层密闭负 | 压 反应釜 | )、密闭管道 | 内，所有 | 开口处 | ，包括人 | 90,全密封设；备/空间；单层密闭负；压 反应釜,解析文本拼接_表格清洗增强_05_081-100.md,090_佛山市顺德区共诺电子元件厂搬迁项目_01_受理公告或公示版
PL021,PL021_佛山市顺德区共诺电子元件厂搬迁项目_01_受理公告或公示版.pdf,27,5,37,疑似缺失,0.1,根据现 | 场实际情 | 况，注塑 | 区整室规 | 格为25m×3 | m×3m， | 换气次 | 数均为20次 | /h，所需 | 排风,根据现；场实际情；况，注塑；区整室规,解析文本拼接_表格清洗增强_05_081-100.md,090_佛山市顺德区共诺电子元件厂搬迁项目_01_受理公告或公示版
PL021,PL021_佛山市顺德区共诺电子元件厂搬迁项目_01_受理公告或公示版.pdf,27,5,38,疑似缺失,0.667,量 | 为4500m | 3/h。,为4500m,解析文本拼接_表格清洗增强_05_081-100.md,090_佛山市顺德区共诺电子元件厂搬迁项目_01_受理公告或公示版
PL021,PL021_佛山市顺德区共诺电子元件厂搬迁项目_01_受理公告或公示版.pdf,27,5,39,完整,1.0,表4 | -3 集气 | 设备信息及 | 风量核 | 算情况,,解析文本拼接_表格清洗增强_05_081-100.md,090_佛山市顺德区共诺电子元件厂搬迁项目_01_受理公告或公示版
PL021,PL021_佛山市顺德区共诺电子元件厂搬迁项目_01_受理公告或公示版.pdf,27,5,41,疑似缺失,0.5,污染源 | 数量（个 | ） | 规格 | 体积 | 3 | 换气次 | 数次,数量（个；体积；换气次；数次,解析文本拼接_表格清洗增强_05_081-100.md,090_佛山市顺德区共诺电子元件厂搬迁项目_01_受理公告或公示版
PL021,PL021_佛山市顺德区共诺电子元件厂搬迁项目_01_受理公告或公示版.pdf,27,5,44,疑似缺失,0.429,注塑区 | 1 | 25m | ×3m×3m | 225 | 20 | 4500,25m；×3m×3m；225；4500,解析文本拼接_表格清洗增强_05_081-100.md,090_佛山市顺德区共诺电子元件厂搬迁项目_01_受理公告或公示版
PL021,PL021_佛山市顺德区共诺电子元件厂搬迁项目_01_受理公告或公示版.pdf,27,5,45,部分,0.8,根据核 | 算，得出 | 注塑工序需 | 要的收集 | 设施收集 | 风量为4 | 500m3 | /h，根据《吸 | 附法工业 | 有机,风量为4；500m3,解析文本拼接_表格清洗增强_05_081-100.md,090_佛山市顺德区共诺电子元件厂搬迁项目_01_受理公告或公示版
PL021,PL021_佛山市顺德区共诺电子元件厂搬迁项目_01_受理公告或公示版.pdf,27,5,46,完整,1.0,废 | 气治理工 | 程技术规 | 范》（HJ2 | 026-2013 | ），设计风 | 量宜按 | 照最大 | 废气排放量 | 的120%进 | 行设,,解析文本拼接_表格清洗增强_05_081-100.md,090_佛山市顺德区共诺电子元件厂搬迁项目_01_受理公告或公示版
PL021,PL021_佛山市顺德区共诺电子元件厂搬迁项目_01_受理公告或公示版.pdf,28,2,1,完整,1.0,污染源 | 污染物 | 产生情况 | 排放情况,,解析文本拼接_表格清洗增强_05_081-100.md,090_佛山市顺德区共诺电子元件厂搬迁项目_01_受理公告或公示版
PL021,PL021_佛山市顺德区共诺电子元件厂搬迁项目_01_受理公告或公示版.pdf,28,2,2,完整,1.0,"产生速率
kg/h | 产生浓度
mg/m3 | 产生量t/a | 排放速率
kg/h | 排放浓度
mg/m3 | 排放量t/a",,解析文本拼接_表格清洗增强_05_081-100.md,090_佛山市顺德区共诺电子元件厂搬迁项目_01_受理公告或公示版
PL021,PL021_佛山市顺德区共诺电子元件厂搬迁项目_01_受理公告或公示版.pdf,28,2,3,疑似缺失,0.5,排气筒G1 | 非甲烷总烃 | 0.301 | 55.74 | 0.328 | 0.151 | 27.96 | 0.164,0.301；55.74；0.328；27.96,解析文本拼接_表格清洗增强_05_081-100.md,090_佛山市顺德区共诺电子元件厂搬迁项目_01_受理公告或公示版
PL021,PL021_佛山市顺德区共诺电子元件厂搬迁项目_01_受理公告或公示版.pdf,28,2,4,疑似缺失,0.5,无组织 | 非甲烷总烃 | 0.033 | / | 0.037 | 0.033 | / | 0.037,0.033；0.037；0.033；0.037,解析文本拼接_表格清洗增强_05_081-100.md,090_佛山市顺德区共诺电子元件厂搬迁项目_01_受理公告或公示版
PL021,PL021_佛山市顺德区共诺电子元件厂搬迁项目_01_受理公告或公示版.pdf,29,2,1,完整,1.0,"污染源 | 污染物 | 排放浓度
mg/m3 | 排放速率
kg/h | 执行标准 | 浓度限值
mg/m3 | 达标情况",,解析文本拼接_表格清洗增强_05_081-100.md,090_佛山市顺德区共诺电子元件厂搬迁项目_01_受理公告或公示版
PL021,PL021_佛山市顺德区共诺电子元件厂搬迁项目_01_受理公告或公示版.pdf,29,2,2,部分,0.857,"排气筒
G1 | 非甲烷总烃 | 27.96 | 0.151 | GB31572-2015（含
2024 年修改单） | 100 | 达标",27.96,解析文本拼接_表格清洗增强_05_081-100.md,090_佛山市顺德区共诺电子元件厂搬迁项目_01_受理公告或公示版
PL021,PL021_佛山市顺德区共诺电子元件厂搬迁项目_01_受理公告或公示版.pdf,29,2,3,完整,1.0,臭气浓度 | / | / | GB14554-1993 | 2000（无量纲） | 达标,,解析文本拼接_表格清洗增强_05_081-100.md,090_佛山市顺德区共诺电子元件厂搬迁项目_01_受理公告或公示版
PL021,PL021_佛山市顺德区共诺电子元件厂搬迁项目_01_受理公告或公示版.pdf,29,3,1,完整,1.0,"污染
源 | 非正常排
放原因 | 污染
物 | 非正常排
放浓度
mg/m3 | 非正常
排放速
率kg/h | 单次
持续
时间
/h | 年发生频
次/次 | 应对措施",,解析文本拼接_表格清洗增强_05_081-100.md,090_佛山市顺德区共诺电子元件厂搬迁项目_01_受理公告或公示版
PL021,PL021_佛山市顺德区共诺电子元件厂搬迁项目_01_受理公告或公示版.pdf,29,3,2,部分,0.75,"注塑 | 活性炭吸
附装置故
障或完全
失效 | 非甲
烷总
烃 | 55.74 | 0.301 | <1 | 1 | 立即停止生产直至废
气治理设施恢复正常
运行，做好日常巡查
检查及设施运行记
录；日常加强设备保
养维护",55.74；0.301,解析文本拼接_表格清洗增强_05_081-100.md,090_佛山市顺德区共诺电子元件厂搬迁项目_01_受理公告或公示版
PL021,PL021_佛山市顺德区共诺电子元件厂搬迁项目_01_受理公告或公示版.pdf,29,4,2,完整,1.0,污染源 污染物 | 执行标准 | 达标情况,,解析文本拼接_表格清洗增强_05_081-100.md,090_佛山市顺德区共诺电子元件厂搬迁项目_01_受理公告或公示版
PL021,PL021_佛山市顺德区共诺电子元件厂搬迁项目_01_受理公告或公示版.pdf,29,4,3,完整,1.0,mg/m3 | kg/h | mg/m3,,解析文本拼接_表格清洗增强_05_081-100.md,090_佛山市顺德区共诺电子元件厂搬迁项目_01_受理公告或公示版
PL021,PL021_佛山市顺德区共诺电子元件厂搬迁项目_01_受理公告或公示版.pdf,29,4,5,部分,0.8,非甲烷总烃 | 27.96 | 0.151 | 100 | 达标,27.96,解析文本拼接_表格清洗增强_05_081-100.md,090_佛山市顺德区共诺电子元件厂搬迁项目_01_受理公告或公示版
PL021,PL021_佛山市顺德区共诺电子元件厂搬迁项目_01_受理公告或公示版.pdf,29,4,6,完整,1.0,排气筒 | 2024 年修改单）,,解析文本拼接_表格清洗增强_05_081-100.md,090_佛山市顺德区共诺电子元件厂搬迁项目_01_受理公告或公示版
PL021,PL021_佛山市顺德区共诺电子元件厂搬迁项目_01_受理公告或公示版.pdf,29,4,8,完整,1.0,臭气浓度 | / | / | GB14554-1993 200 | 0（无量纲） | 达标,,解析文本拼接_表格清洗增强_05_081-100.md,090_佛山市顺德区共诺电子元件厂搬迁项目_01_受理公告或公示版
PL021,PL021_佛山市顺德区共诺电子元件厂搬迁项目_01_受理公告或公示版.pdf,29,4,9,完整,1.0,由上表可知，非甲烷 | 总烃最大排 | 放浓度可达 | 到《合成树脂工业污染 | 物排放标准》 | GB31572,,解析文本拼接_表格清洗增强_05_081-100.md,090_佛山市顺德区共诺电子元件厂搬迁项目_01_受理公告或公示版
PL021,PL021_佛山市顺德区共诺电子元件厂搬迁项目_01_受理公告或公示版.pdf,29,4,10,完整,1.0,— | 2015（含 2024 年修改 | 单）表4规 | 定的大气 | 污染物排放限值；臭气 | 浓度可达到《 | 恶臭污染,,解析文本拼接_表格清洗增强_05_081-100.md,090_佛山市顺德区共诺电子元件厂搬迁项目_01_受理公告或公示版
PL021,PL021_佛山市顺德区共诺电子元件厂搬迁项目_01_受理公告或公示版.pdf,29,4,11,完整,1.0,物 | 排放标准》（GB14554 | -1993）中 | 表2恶臭污 | 染物排放标准值，对周 | 围大气环境和 | 附近敏感,,解析文本拼接_表格清洗增强_05_081-100.md,090_佛山市顺德区共诺电子元件厂搬迁项目_01_受理公告或公示版
PL021,PL021_佛山市顺德区共诺电子元件厂搬迁项目_01_受理公告或公示版.pdf,29,4,13,完整,1.0,②厂界及厂区内废气 | 达标分析,,解析文本拼接_表格清洗增强_05_081-100.md,090_佛山市顺德区共诺电子元件厂搬迁项目_01_受理公告或公示版
PL021,PL021_佛山市顺德区共诺电子元件厂搬迁项目_01_受理公告或公示版.pdf,29,4,14,完整,1.0,根据上述分析，本项 | 目各污染物 | 无组织排 | 放量较少，非甲烷总烃 | 厂区内无组织 | 排放监控,,解析文本拼接_表格清洗增强_05_081-100.md,090_佛山市顺德区共诺电子元件厂搬迁项目_01_受理公告或公示版
PL021,PL021_佛山市顺德区共诺电子元件厂搬迁项目_01_受理公告或公示版.pdf,29,4,15,完整,1.0,点 | 浓度达到广东省《固定 | 污染源挥发 | 性有机物 | 综合排放标准》（DB4 | 4/2367-2022） | 表3厂区,,解析文本拼接_表格清洗增强_05_081-100.md,090_佛山市顺德区共诺电子元件厂搬迁项目_01_受理公告或公示版
PL021,PL021_佛山市顺德区共诺电子元件厂搬迁项目_01_受理公告或公示版.pdf,29,4,16,部分,0.857,内 | 无组织排放限值 | ，监控点处 | 平均浓 | 度值≤ 3，监控 | 点处任意一次 | 浓度值≤,度值≤ 3，监控,解析文本拼接_表格清洗增强_05_081-100.md,090_佛山市顺德区共诺电子元件厂搬迁项目_01_受理公告或公示版
PL021,PL021_佛山市顺德区共诺电子元件厂搬迁项目_01_受理公告或公示版.pdf,29,4,17,完整,1.0,运营 | VOCs | 1h | 6mg/m,,解析文本拼接_表格清洗增强_05_081-100.md,090_佛山市顺德区共诺电子元件厂搬迁项目_01_受理公告或公示版
PL021,PL021_佛山市顺德区共诺电子元件厂搬迁项目_01_受理公告或公示版.pdf,29,4,18,完整,1.0,期环 | 2 | 0mg/m3。颗粒物监控点 | 浓度达到《 | 大气污染 | 物排放限值》（DB44/ | 27—2001）表 | 2工艺废,,解析文本拼接_表格清洗增强_05_081-100.md,090_佛山市顺德区共诺电子元件厂搬迁项目_01_受理公告或公示版
PL021,PL021_佛山市顺德区共诺电子元件厂搬迁项目_01_受理公告或公示版.pdf,29,4,20,完整,1.0,气 | 大气污染物排放限值第 | 二时段无组 | 织排放监 | 控浓度限值。臭气浓度 | 达到了《恶臭 | 污染物排,,解析文本拼接_表格清洗增强_05_081-100.md,090_佛山市顺德区共诺电子元件厂搬迁项目_01_受理公告或公示版
PL021,PL021_佛山市顺德区共诺电子元件厂搬迁项目_01_受理公告或公示版.pdf,29,4,22,完整,1.0,保护 | 放 | 标准》（GB14554-199 | 3）表1二 | 级新扩改建 | 恶臭污染物厂界标准值 | 。,,解析文本拼接_表格清洗增强_05_081-100.md,090_佛山市顺德区共诺电子元件厂搬迁项目_01_受理公告或公示版
PL021,PL021_佛山市顺德区共诺电子元件厂搬迁项目_01_受理公告或公示版.pdf,29,4,24,完整,1.0,（4）非正常工况下 | 废气达标分 | 析,,解析文本拼接_表格清洗增强_05_081-100.md,090_佛山市顺德区共诺电子元件厂搬迁项目_01_受理公告或公示版
PL021,PL021_佛山市顺德区共诺电子元件厂搬迁项目_01_受理公告或公示版.pdf,29,4,25,完整,1.0,在非正常排放情况下 | ，即废气未 | 经处理直接 | 排放（废气处理设施 | 出现故障或完 | 全失效）,,解析文本拼接_表格清洗增强_05_081-100.md,090_佛山市顺德区共诺电子元件厂搬迁项目_01_受理公告或公示版
PL021,PL021_佛山市顺德区共诺电子元件厂搬迁项目_01_受理公告或公示版.pdf,29,4,26,完整,1.0,项 | 目各污染源大气污染物 | 排放情况见 | 表4-6所示 | 。,,解析文本拼接_表格清洗增强_05_081-100.md,090_佛山市顺德区共诺电子元件厂搬迁项目_01_受理公告或公示版
PL021,PL021_佛山市顺德区共诺电子元件厂搬迁项目_01_受理公告或公示版.pdf,29,4,27,完整,1.0,表4 | -6 污染源 | 非正常排放情况,,解析文本拼接_表格清洗增强_05_081-100.md,090_佛山市顺德区共诺电子元件厂搬迁项目_01_受理公告或公示版
PL021,PL021_佛山市顺德区共诺电子元件厂搬迁项目_01_受理公告或公示版.pdf,29,4,30,疑似缺失,0.5,"污染 非正常排 污 | 非正
染 | 常排 | 年发生频","污染 非正常排 污；非正
染",解析文本拼接_表格清洗增强_05_081-100.md,090_佛山市顺德区共诺电子元件厂搬迁项目_01_受理公告或公示版
PL021,PL021_佛山市顺德区共诺电子元件厂搬迁项目_01_受理公告或公示版.pdf,29,4,33,疑似缺失,0.333,"mg/ | m3 率kg | 时间 /
/h","m3 率kg；时间 /
/h",解析文本拼接_表格清洗增强_05_081-100.md,090_佛山市顺德区共诺电子元件厂搬迁项目_01_受理公告或公示版
PL021,PL021_佛山市顺德区共诺电子元件厂搬迁项目_01_受理公告或公示版.pdf,29,4,36,完整,1.0,活性炭吸 | 气治理设施恢 | 复正常,,解析文本拼接_表格清洗增强_05_081-100.md,090_佛山市顺德区共诺电子元件厂搬迁项目_01_受理公告或公示版
PL021,PL021_佛山市顺德区共诺电子元件厂搬迁项目_01_受理公告或公示版.pdf,29,4,38,疑似缺失,0.0,"注塑 烷
障或完全 | 总 55. | 74 0.30 | 1 <1 1","注塑 烷
障或完全；总 55.；74 0.30；1 <1 1",解析文本拼接_表格清洗增强_05_081-100.md,090_佛山市顺德区共诺电子元件厂搬迁项目_01_受理公告或公示版
PL021,PL021_佛山市顺德区共诺电子元件厂搬迁项目_01_受理公告或公示版.pdf,29,4,40,完整,1.0,失效 | 录；日常加强 | 设备保,,解析文本拼接_表格清洗增强_05_081-100.md,090_佛山市顺德区共诺电子元件厂搬迁项目_01_受理公告或公示版
PL021,PL021_佛山市顺德区共诺电子元件厂搬迁项目_01_受理公告或公示版.pdf,29,4,42,完整,1.0,由上表可知，非正常 | 工况下，排 | 气筒排放 | 的污染物排放浓度达标 | ，故废气处理 | 设施故障,,解析文本拼接_表格清洗增强_05_081-100.md,090_佛山市顺德区共诺电子元件厂搬迁项目_01_受理公告或公示版
PL021,PL021_佛山市顺德区共诺电子元件厂搬迁项目_01_受理公告或公示版.pdf,29,4,43,完整,1.0,的 | 情况下，预计各污染物 | 排放对区域 | 大气环境和 | 环境敏感目标影响不 | 大。,,解析文本拼接_表格清洗增强_05_081-100.md,090_佛山市顺德区共诺电子元件厂搬迁项目_01_受理公告或公示版
PL021,PL021_佛山市顺德区共诺电子元件厂搬迁项目_01_受理公告或公示版.pdf,29,4,44,完整,1.0,（5）废气治理设施 | 可行性分析,,解析文本拼接_表格清洗增强_05_081-100.md,090_佛山市顺德区共诺电子元件厂搬迁项目_01_受理公告或公示版
PL021,PL021_佛山市顺德区共诺电子元件厂搬迁项目_01_受理公告或公示版.pdf,29,4,45,完整,1.0,活性炭吸附：活性炭 | 是一种由含 | 碳材料制 | 成的外观呈黑色，内部 | 孔隙结构发达 | 、比表面,,解析文本拼接_表格清洗增强_05_081-100.md,090_佛山市顺德区共诺电子元件厂搬迁项目_01_受理公告或公示版
PL021,PL021_佛山市顺德区共诺电子元件厂搬迁项目_01_受理公告或公示版.pdf,29,4,46,完整,1.0,积 | 大、吸附能力强的一类 | 微晶质碳 | 素材料。活 | 性炭材料中有大量肉眼 | 看不见的微孔 | ，1克活,,解析文本拼接_表格清洗增强_05_081-100.md,090_佛山市顺德区共诺电子元件厂搬迁项目_01_受理公告或公示版
PL021,PL021_佛山市顺德区共诺电子元件厂搬迁项目_01_受理公告或公示版.pdf,30,2,1,完整,1.0,"序号 | 排放
口编
号 | 排放
口名
称 | 污染物种
类 | 排放口地理坐标 | 排气筒
高度/m | 排气筒
出口内
径/m | 排气
温度
℃ | 其他
信息",,解析文本拼接_表格清洗增强_05_081-100.md,090_佛山市顺德区共诺电子元件厂搬迁项目_01_受理公告或公示版
PL021,PL021_佛山市顺德区共诺电子元件厂搬迁项目_01_受理公告或公示版.pdf,30,2,3,完整,1.0,"1 | 排气
筒
G1 | 废气
排放
口 | 非甲烷总
烃 | 东经
113°13'48.940"" | 北纬
22°50'39.420"" | 15 | 0.15 | 25 | 一般
排放
口",,解析文本拼接_表格清洗增强_05_081-100.md,090_佛山市顺德区共诺电子元件厂搬迁项目_01_受理公告或公示版
PL021,PL021_佛山市顺德区共诺电子元件厂搬迁项目_01_受理公告或公示版.pdf,31,2,1,完整,1.0,"序
号 | 监测点位 | 监测指标 | 最低监测
频次 | 执行排放标准",,解析文本拼接_表格清洗增强_05_081-100.md,090_佛山市顺德区共诺电子元件厂搬迁项目_01_受理公告或公示版
PL021,PL021_佛山市顺德区共诺电子元件厂搬迁项目_01_受理公告或公示版.pdf,31,2,3,完整,1.0,"1 | 排气筒
G1 | 非甲烷总烃 | 1次/半年 | 执行《合成树脂工业污染物排放标准》
GB31572—2015（含 2024 年修改单）
中表4大气污染物排放标准",,解析文本拼接_表格清洗增强_05_081-100.md,090_佛山市顺德区共诺电子元件厂搬迁项目_01_受理公告或公示版
PL021,PL021_佛山市顺德区共诺电子元件厂搬迁项目_01_受理公告或公示版.pdf,31,2,4,完整,1.0,"臭气浓度 | 1次/年 | 执行《恶臭污染物排放标准》
（GB14554-93）中表2恶臭污染物排放
标准值",,解析文本拼接_表格清洗增强_05_081-100.md,090_佛山市顺德区共诺电子元件厂搬迁项目_01_受理公告或公示版
PL021,PL021_佛山市顺德区共诺电子元件厂搬迁项目_01_受理公告或公示版.pdf,31,2,6,完整,1.0,"2 | 厂界上下
风向 | 颗粒物 | 1次/年 | 执行《大气污染物排放限值》
（DB44/27-2001）表2工艺废气大气污
染物排放限值第二时段无组织排放监控
浓度限值",,解析文本拼接_表格清洗增强_05_081-100.md,090_佛山市顺德区共诺电子元件厂搬迁项目_01_受理公告或公示版
PL021,PL021_佛山市顺德区共诺电子元件厂搬迁项目_01_受理公告或公示版.pdf,31,2,7,完整,1.0,"臭气浓度 | 执行《恶臭污染物排放标准》
（GB14554-1993）表1恶臭污染物厂界
二级标准要求",,解析文本拼接_表格清洗增强_05_081-100.md,090_佛山市顺德区共诺电子元件厂搬迁项目_01_受理公告或公示版
PL021,PL021_佛山市顺德区共诺电子元件厂搬迁项目_01_受理公告或公示版.pdf,31,2,8,完整,1.0,"3 | 厂区内 | 非甲烷总烃 | 1次/年 | 执行广东省《固定污染源挥发性有机物
综合排放标准》（DB44/2367—2022）表
3厂区内VOCs无组织排放限值的要求",,解析文本拼接_表格清洗增强_05_081-100.md,090_佛山市顺德区共诺电子元件厂搬迁项目_01_受理公告或公示版
PL021,PL021_佛山市顺德区共诺电子元件厂搬迁项目_01_受理公告或公示版.pdf,31,3,1,完整,1.0,"废水
类别 | 污染物项目 | 污染防治设施 | 排放去
向 | 排放
方式 | 排放
规律 | 排放
口名
称 | 排放
口类
型",,解析文本拼接_表格清洗增强_05_081-100.md,090_佛山市顺德区共诺电子元件厂搬迁项目_01_受理公告或公示版
PL021,PL021_佛山市顺德区共诺电子元件厂搬迁项目_01_受理公告或公示版.pdf,31,3,2,完整,1.0,"污染防治设
施名称及工
艺 | 是否为可
行性技术",,解析文本拼接_表格清洗增强_05_081-100.md,090_佛山市顺德区共诺电子元件厂搬迁项目_01_受理公告或公示版
PL021,PL021_佛山市顺德区共诺电子元件厂搬迁项目_01_受理公告或公示版.pdf,31,3,3,完整,1.0,"生活
污水 | CODCr 、BOD5 、
NH3-N、SS和总磷
等 | 三级化粪 | 是
否 | 大门污
水处理
厂 | 间接
排放 | 间歇 | 水01 | 一般",,解析文本拼接_表格清洗增强_05_081-100.md,090_佛山市顺德区共诺电子元件厂搬迁项目_01_受理公告或公示版
PL021,PL021_佛山市顺德区共诺电子元件厂搬迁项目_01_受理公告或公示版.pdf,32,2,1,完整,1.0,项目 | 污染物 | 产生情况 | 排放情况,,解析文本拼接_表格清洗增强_05_081-100.md,090_佛山市顺德区共诺电子元件厂搬迁项目_01_受理公告或公示版
PL021,PL021_佛山市顺德区共诺电子元件厂搬迁项目_01_受理公告或公示版.pdf,32,2,3,完整,1.0,"生活污水
90m3/a | CODCr | 250 | 22.5 | 40 | 3.6",,解析文本拼接_表格清洗增强_05_081-100.md,090_佛山市顺德区共诺电子元件厂搬迁项目_01_受理公告或公示版
PL021,PL021_佛山市顺德区共诺电子元件厂搬迁项目_01_受理公告或公示版.pdf,32,2,4,完整,1.0,BOD5 | 100 | 9 | 10 | 0.9,,解析文本拼接_表格清洗增强_05_081-100.md,090_佛山市顺德区共诺电子元件厂搬迁项目_01_受理公告或公示版
PL021,PL021_佛山市顺德区共诺电子元件厂搬迁项目_01_受理公告或公示版.pdf,32,2,5,完整,1.0,NH3-N | 30 | 2.7 | 5 | 0.45,,解析文本拼接_表格清洗增强_05_081-100.md,090_佛山市顺德区共诺电子元件厂搬迁项目_01_受理公告或公示版
PL021,PL021_佛山市顺德区共诺电子元件厂搬迁项目_01_受理公告或公示版.pdf,32,2,6,部分,0.8,总磷 | 3.5 | 0.315 | 0.5 | 0.045,0.045,解析文本拼接_表格清洗增强_05_081-100.md,090_佛山市顺德区共诺电子元件厂搬迁项目_01_受理公告或公示版
PL021,PL021_佛山市顺德区共诺电子元件厂搬迁项目_01_受理公告或公示版.pdf,32,2,7,完整,1.0,SS | 100 | 9 | 10 | 0.9,,解析文本拼接_表格清洗增强_05_081-100.md,090_佛山市顺德区共诺电子元件厂搬迁项目_01_受理公告或公示版
PL021,PL021_佛山市顺德区共诺电子元件厂搬迁项目_01_受理公告或公示版.pdf,32,3,2,完整,1.0,取值 | 0.0015 | 20 | 6 | 3 | 0.18 | 0.018 | 0.072 | 0.27,,解析文本拼接_表格清洗增强_05_081-100.md,090_佛山市顺德区共诺电子元件厂搬迁项目_01_受理公告或公示版
PL021,PL021_佛山市顺德区共诺电子元件厂搬迁项目_01_受理公告或公示版.pdf,33,2,2,完整,1.0,"经度 | 纬度 | 名称 | 污染
物种
类 | 排放浓
度限值
mg/L",,解析文本拼接_表格清洗增强_05_081-100.md,090_佛山市顺德区共诺电子元件厂搬迁项目_01_受理公告或公示版
PL021,PL021_佛山市顺德区共诺电子元件厂搬迁项目_01_受理公告或公示版.pdf,33,2,3,完整,1.0,"水01 | 生活污
水排放
口 | 113°
13'49.990"" | 22°
50'38.940"" | 进入城市
污水处理
厂 | 间断排放，排
放期间流量不
稳定且无规
律，但不属于
冲击型排放 | 工作时间 | 大门污
水处理
厂 | CODCr | 40",,解析文本拼接_表格清洗增强_05_081-100.md,090_佛山市顺德区共诺电子元件厂搬迁项目_01_受理公告或公示版
PL021,PL021_佛山市顺德区共诺电子元件厂搬迁项目_01_受理公告或公示版.pdf,33,2,4,完整,1.0,BOD5 | 10,,解析文本拼接_表格清洗增强_05_081-100.md,090_佛山市顺德区共诺电子元件厂搬迁项目_01_受理公告或公示版
PL021,PL021_佛山市顺德区共诺电子元件厂搬迁项目_01_受理公告或公示版.pdf,33,2,5,完整,1.0,NH3-N | 5,,解析文本拼接_表格清洗增强_05_081-100.md,090_佛山市顺德区共诺电子元件厂搬迁项目_01_受理公告或公示版
PL021,PL021_佛山市顺德区共诺电子元件厂搬迁项目_01_受理公告或公示版.pdf,34,2,1,完整,1.0,"工序/生产
线 | 位置 | 声源类型
（频发、
偶发等） | 单台设备噪声源强 | 降噪措施 | 单台设备噪声排放值 | 运行
时段",,解析文本拼接_表格清洗增强_05_081-100.md,090_佛山市顺德区共诺电子元件厂搬迁项目_01_受理公告或公示版
PL021,PL021_佛山市顺德区共诺电子元件厂搬迁项目_01_受理公告或公示版.pdf,34,2,2,完整,1.0,"核算方
法 | 噪声值 | 工艺 | 降噪
效果 | 核算方法 | 噪声值",,解析文本拼接_表格清洗增强_05_081-100.md,090_佛山市顺德区共诺电子元件厂搬迁项目_01_受理公告或公示版
PL021,PL021_佛山市顺德区共诺电子元件厂搬迁项目_01_受理公告或公示版.pdf,34,2,3,完整,1.0,注塑机 | 注塑区 | 频发 | 类比法 | 70~80 | 减振处理、墙体隔音 | 5 | 类比法 | 75 | 昼间,,解析文本拼接_表格清洗增强_05_081-100.md,090_佛山市顺德区共诺电子元件厂搬迁项目_01_受理公告或公示版
PL021,PL021_佛山市顺德区共诺电子元件厂搬迁项目_01_受理公告或公示版.pdf,34,2,4,完整,1.0,烘料机 | 频发 | 类比法 | 70-80 | 5 | 类比法 | 75,,解析文本拼接_表格清洗增强_05_081-100.md,090_佛山市顺德区共诺电子元件厂搬迁项目_01_受理公告或公示版
PL021,PL021_佛山市顺德区共诺电子元件厂搬迁项目_01_受理公告或公示版.pdf,34,2,5,完整,1.0,插针机 | 偶发 | 类比法 | 70-80 | 5 | 类比法 | 75,,解析文本拼接_表格清洗增强_05_081-100.md,090_佛山市顺德区共诺电子元件厂搬迁项目_01_受理公告或公示版
PL021,PL021_佛山市顺德区共诺电子元件厂搬迁项目_01_受理公告或公示版.pdf,34,2,6,完整,1.0,"破碎机 | 破碎/混料
区 | 偶发 | 类比法 | 70-80 | 5 | 类比法 | 75",,解析文本拼接_表格清洗增强_05_081-100.md,090_佛山市顺德区共诺电子元件厂搬迁项目_01_受理公告或公示版
PL021,PL021_佛山市顺德区共诺电子元件厂搬迁项目_01_受理公告或公示版.pdf,34,2,7,完整,1.0,混料机 | 偶发 | 类比法 | 70-80 | 5 | 类比法 | 75,,解析文本拼接_表格清洗增强_05_081-100.md,090_佛山市顺德区共诺电子元件厂搬迁项目_01_受理公告或公示版
PL021,PL021_佛山市顺德区共诺电子元件厂搬迁项目_01_受理公告或公示版.pdf,34,2,8,完整,1.0,冷却塔 | 烘料区 | 频发 | 类比法 | 75-85 | 5 | 类比法 | 80,,解析文本拼接_表格清洗增强_05_081-100.md,090_佛山市顺德区共诺电子元件厂搬迁项目_01_受理公告或公示版
PL021,PL021_佛山市顺德区共诺电子元件厂搬迁项目_01_受理公告或公示版.pdf,34,2,9,完整,1.0,空压机 | 频发 | 类比法 | 75-85 | 5 | 类比法 | 80,,解析文本拼接_表格清洗增强_05_081-100.md,090_佛山市顺德区共诺电子元件厂搬迁项目_01_受理公告或公示版
PL021,PL021_佛山市顺德区共诺电子元件厂搬迁项目_01_受理公告或公示版.pdf,34,2,10,部分,0.875,磨床 | 模具维修区 | 偶发 | 类比法 | 70-80 | 5 | 类比法 | 75,模具维修区,解析文本拼接_表格清洗增强_05_081-100.md,090_佛山市顺德区共诺电子元件厂搬迁项目_01_受理公告或公示版
PL021,PL021_佛山市顺德区共诺电子元件厂搬迁项目_01_受理公告或公示版.pdf,34,2,11,部分,0.857,台钻 | 偶发 | 类比法 | 70-80 | 5 | 类比法 | 75,台钻,解析文本拼接_表格清洗增强_05_081-100.md,090_佛山市顺德区共诺电子元件厂搬迁项目_01_受理公告或公示版
PL021,PL021_佛山市顺德区共诺电子元件厂搬迁项目_01_受理公告或公示版.pdf,34,2,12,部分,0.875,"离心风机 | 模具维修区
旁 | 频发 | 类比法 | 75-85 | 5 | 类比法 | 80","模具维修区
旁",解析文本拼接_表格清洗增强_05_081-100.md,090_佛山市顺德区共诺电子元件厂搬迁项目_01_受理公告或公示版
PL021,PL021_佛山市顺德区共诺电子元件厂搬迁项目_01_受理公告或公示版.pdf,34,3,1,完整,1.0,表4-13 项目主要噪声源及源强一 | 览表,,解析文本拼接_表格清洗增强_05_081-100.md,090_佛山市顺德区共诺电子元件厂搬迁项目_01_受理公告或公示版
PL021,PL021_佛山市顺德区共诺电子元件厂搬迁项目_01_受理公告或公示版.pdf,34,3,2,疑似缺失,0.667,声源类型单台设备噪声源强 降噪措施 | 单台设备噪声 | 排放值,声源类型单台设备噪声源强 降噪措施,解析文本拼接_表格清洗增强_05_081-100.md,090_佛山市顺德区共诺电子元件厂搬迁项目_01_受理公告或公示版
PL021,PL021_佛山市顺德区共诺电子元件厂搬迁项目_01_受理公告或公示版.pdf,34,3,4,部分,0.833,线 | 偶发等） 法 噪声值 工艺 效 | 果 | 核算方法 | 噪声值 | 时段,偶发等） 法 噪声值 工艺 效,解析文本拼接_表格清洗增强_05_081-100.md,090_佛山市顺德区共诺电子元件厂搬迁项目_01_受理公告或公示版
PL021,PL021_佛山市顺德区共诺电子元件厂搬迁项目_01_受理公告或公示版.pdf,34,3,5,完整,1.0,注塑机 | 频发 类比法 70~80 | 5 | 类比法 | 75,,解析文本拼接_表格清洗增强_05_081-100.md,090_佛山市顺德区共诺电子元件厂搬迁项目_01_受理公告或公示版
PL021,PL021_佛山市顺德区共诺电子元件厂搬迁项目_01_受理公告或公示版.pdf,34,3,6,完整,1.0,烘料机 | 注塑区 | 频发 类比法 70-80 | 5 | 类比法 | 75,,解析文本拼接_表格清洗增强_05_081-100.md,090_佛山市顺德区共诺电子元件厂搬迁项目_01_受理公告或公示版
PL021,PL021_佛山市顺德区共诺电子元件厂搬迁项目_01_受理公告或公示版.pdf,34,3,7,完整,1.0,插针机 | 偶发 类比法 70-80 | 5 | 类比法 | 75,,解析文本拼接_表格清洗增强_05_081-100.md,090_佛山市顺德区共诺电子元件厂搬迁项目_01_受理公告或公示版
PL021,PL021_佛山市顺德区共诺电子元件厂搬迁项目_01_受理公告或公示版.pdf,34,3,8,完整,1.0,破碎机 | 破碎/混料 | 偶发 类比法 70-80 | 5 | 类比法 | 75,,解析文本拼接_表格清洗增强_05_081-100.md,090_佛山市顺德区共诺电子元件厂搬迁项目_01_受理公告或公示版
PL021,PL021_佛山市顺德区共诺电子元件厂搬迁项目_01_受理公告或公示版.pdf,34,3,9,完整,1.0,混料机 | 区 | 偶发 类比法 70-80 | 5 | 类比法 | 75,,解析文本拼接_表格清洗增强_05_081-100.md,090_佛山市顺德区共诺电子元件厂搬迁项目_01_受理公告或公示版
PL021,PL021_佛山市顺德区共诺电子元件厂搬迁项目_01_受理公告或公示版.pdf,34,3,11,完整,1.0,冷却塔 | 频发 类比法 75-85 | 5 | 类比法 | 80,,解析文本拼接_表格清洗增强_05_081-100.md,090_佛山市顺德区共诺电子元件厂搬迁项目_01_受理公告或公示版
PL021,PL021_佛山市顺德区共诺电子元件厂搬迁项目_01_受理公告或公示版.pdf,34,3,13,完整,1.0,空压机 | 频发 类比法 75-85 | 5 | 类比法 | 80,,解析文本拼接_表格清洗增强_05_081-100.md,090_佛山市顺德区共诺电子元件厂搬迁项目_01_受理公告或公示版
PL021,PL021_佛山市顺德区共诺电子元件厂搬迁项目_01_受理公告或公示版.pdf,34,3,14,完整,1.0,磨床 | 偶发 类比法 70-80 | 5 | 类比法 | 75,,解析文本拼接_表格清洗增强_05_081-100.md,090_佛山市顺德区共诺电子元件厂搬迁项目_01_受理公告或公示版
PL021,PL021_佛山市顺德区共诺电子元件厂搬迁项目_01_受理公告或公示版.pdf,34,3,16,部分,0.8,台钻 | 偶发 类比法 70-80 | 5 | 类比法 | 75,台钻,解析文本拼接_表格清洗增强_05_081-100.md,090_佛山市顺德区共诺电子元件厂搬迁项目_01_受理公告或公示版
PL021,PL021_佛山市顺德区共诺电子元件厂搬迁项目_01_受理公告或公示版.pdf,34,3,18,完整,1.0,离心风机 | 频发 类比法 75-85 | 5 | 类比法 | 80,,解析文本拼接_表格清洗增强_05_081-100.md,090_佛山市顺德区共诺电子元件厂搬迁项目_01_受理公告或公示版
PL021,PL021_佛山市顺德区共诺电子元件厂搬迁项目_01_受理公告或公示版.pdf,35,2,1,完整,1.0,"设备/工序
名称 | 单台设备距声源
1m处声级值dB
（A） | 拟采用
的降噪
措施 | 降噪效果
dB（A） | 采取降噪措施后
距声源1m处声
级值dB（A） | 设备数
量（台） | 采取降噪措施
后叠加噪声源
强dB（A）",,解析文本拼接_表格清洗增强_05_081-100.md,090_佛山市顺德区共诺电子元件厂搬迁项目_01_受理公告或公示版
PL021,PL021_佛山市顺德区共诺电子元件厂搬迁项目_01_受理公告或公示版.pdf,35,2,3,部分,0.857,"注塑机 | 70~80 | 减振处
理 | 5 | 75 | 15 | 91.07",91.07,解析文本拼接_表格清洗增强_05_081-100.md,090_佛山市顺德区共诺电子元件厂搬迁项目_01_受理公告或公示版
PL021,PL021_佛山市顺德区共诺电子元件厂搬迁项目_01_受理公告或公示版.pdf,35,2,4,完整,1.0,插针机 | 70~80 | 5 | 75 | 8,,解析文本拼接_表格清洗增强_05_081-100.md,090_佛山市顺德区共诺电子元件厂搬迁项目_01_受理公告或公示版
PL021,PL021_佛山市顺德区共诺电子元件厂搬迁项目_01_受理公告或公示版.pdf,35,2,5,完整,1.0,烘料机 | 70-80 | 5 | 75 | 2,,解析文本拼接_表格清洗增强_05_081-100.md,090_佛山市顺德区共诺电子元件厂搬迁项目_01_受理公告或公示版
PL021,PL021_佛山市顺德区共诺电子元件厂搬迁项目_01_受理公告或公示版.pdf,35,2,6,完整,1.0,破碎机 | 70-80 | 5 | 75 | 3,,解析文本拼接_表格清洗增强_05_081-100.md,090_佛山市顺德区共诺电子元件厂搬迁项目_01_受理公告或公示版
PL021,PL021_佛山市顺德区共诺电子元件厂搬迁项目_01_受理公告或公示版.pdf,35,2,7,完整,1.0,混料机 | 70-80 | 5 | 75 | 1,,解析文本拼接_表格清洗增强_05_081-100.md,090_佛山市顺德区共诺电子元件厂搬迁项目_01_受理公告或公示版
PL021,PL021_佛山市顺德区共诺电子元件厂搬迁项目_01_受理公告或公示版.pdf,35,2,8,完整,1.0,磨床 | 70-80 | 5 | 75 | 1,,解析文本拼接_表格清洗增强_05_081-100.md,090_佛山市顺德区共诺电子元件厂搬迁项目_01_受理公告或公示版
PL021,PL021_佛山市顺德区共诺电子元件厂搬迁项目_01_受理公告或公示版.pdf,35,2,9,部分,0.8,台钻 | 70-80 | 5 | 75 | 1,台钻,解析文本拼接_表格清洗增强_05_081-100.md,090_佛山市顺德区共诺电子元件厂搬迁项目_01_受理公告或公示版
PL021,PL021_佛山市顺德区共诺电子元件厂搬迁项目_01_受理公告或公示版.pdf,35,2,10,完整,1.0,冷却塔 | 75-85 | 5 | 80 | 1,,解析文本拼接_表格清洗增强_05_081-100.md,090_佛山市顺德区共诺电子元件厂搬迁项目_01_受理公告或公示版
PL021,PL021_佛山市顺德区共诺电子元件厂搬迁项目_01_受理公告或公示版.pdf,35,2,11,完整,1.0,空压机 | 75-85 | 5 | 80 | 1,,解析文本拼接_表格清洗增强_05_081-100.md,090_佛山市顺德区共诺电子元件厂搬迁项目_01_受理公告或公示版
PL021,PL021_佛山市顺德区共诺电子元件厂搬迁项目_01_受理公告或公示版.pdf,35,2,12,完整,1.0,离心风机 | 75-85 | 5 | 80 | 1,,解析文本拼接_表格清洗增强_05_081-100.md,090_佛山市顺德区共诺电子元件厂搬迁项目_01_受理公告或公示版
PL021,PL021_佛山市顺德区共诺电子元件厂搬迁项目_01_受理公告或公示版.pdf,35,3,1,完整,1.0,"采取降噪措施
后设备叠加噪
声源强dB（A） | 考虑墙体隔
音后噪声源
强dB（A） | 与项目边界最近距离
（m） | 考虑墙体隔声后厂界室外噪声预测
贡献值dB（A）",,解析文本拼接_表格清洗增强_05_081-100.md,090_佛山市顺德区共诺电子元件厂搬迁项目_01_受理公告或公示版
PL021,PL021_佛山市顺德区共诺电子元件厂搬迁项目_01_受理公告或公示版.pdf,35,3,3,疑似缺失,0.4,91.07 | 66.07 | 20 | 7.5 | 20 | 7.5 | 40.05 | 48.57 | 40.05 | 48.57,91.07；66.07；40.05；48.57,解析文本拼接_表格清洗增强_05_081-100.md,090_佛山市顺德区共诺电子元件厂搬迁项目_01_受理公告或公示版
PL021,PL021_佛山市顺德区共诺电子元件厂搬迁项目_01_受理公告或公示版.pdf,35,4,1,完整,1.0,L——房 | 屋、树 | 木等对噪声的 | 衰减值，dB（A）；,,解析文本拼接_表格清洗增强_05_081-100.md,090_佛山市顺德区共诺电子元件厂搬迁项目_01_受理公告或公示版
PL021,PL021_佛山市顺德区共诺电子元件厂搬迁项目_01_受理公告或公示版.pdf,35,4,4,完整,1.0,本环评拟 | 将各噪 | 声叠加后作为 | 源强进行估算。项目噪 | 声源强见下表：,,解析文本拼接_表格清洗增强_05_081-100.md,090_佛山市顺德区共诺电子元件厂搬迁项目_01_受理公告或公示版
PL021,PL021_佛山市顺德区共诺电子元件厂搬迁项目_01_受理公告或公示版.pdf,35,4,5,完整,1.0,表 | 4-14 生产区 | 域拟采取的降噪措施及 | 降噪后昼间噪声源强,,解析文本拼接_表格清洗增强_05_081-100.md,090_佛山市顺德区共诺电子元件厂搬迁项目_01_受理公告或公示版
PL021,PL021_佛山市顺德区共诺电子元件厂搬迁项目_01_受理公告或公示版.pdf,35,4,7,疑似缺失,0.25,单台设 | 备距声源 的降 | 噪 采取降 | 噪措施后 后叠加噪声源,备距声源 的降；噪 采取降；噪措施后 后叠加噪声源,解析文本拼接_表格清洗增强_05_081-100.md,090_佛山市顺德区共诺电子元件厂搬迁项目_01_受理公告或公示版
PL021,PL021_佛山市顺德区共诺电子元件厂搬迁项目_01_受理公告或公示版.pdf,35,4,8,完整,1.0,设备 | 工序 | 降噪效果 | 设备数,,解析文本拼接_表格清洗增强_05_081-100.md,090_佛山市顺德区共诺电子元件厂搬迁项目_01_受理公告或公示版
PL021,PL021_佛山市顺德区共诺电子元件厂搬迁项目_01_受理公告或公示版.pdf,35,4,10,疑似缺失,0.4,"名称 | 1m | dB 措施 | （ ） | 1m 强dB（A）
量（台）","dB 措施；（ ）；1m 强dB（A）
量（台）",解析文本拼接_表格清洗增强_05_081-100.md,090_佛山市顺德区共诺电子元件厂搬迁项目_01_受理公告或公示版
PL021,PL021_佛山市顺德区共诺电子元件厂搬迁项目_01_受理公告或公示版.pdf,35,4,13,部分,0.833,注 | 塑机 | 70 | ~80 | 5 | 75 15,75 15,解析文本拼接_表格清洗增强_05_081-100.md,090_佛山市顺德区共诺电子元件厂搬迁项目_01_受理公告或公示版
PL021,PL021_佛山市顺德区共诺电子元件厂搬迁项目_01_受理公告或公示版.pdf,35,4,14,完整,1.0,插 | 针机 | 70 | ~80 | 5 | 75 8,,解析文本拼接_表格清洗增强_05_081-100.md,090_佛山市顺德区共诺电子元件厂搬迁项目_01_受理公告或公示版
PL021,PL021_佛山市顺德区共诺电子元件厂搬迁项目_01_受理公告或公示版.pdf,35,4,15,完整,1.0,烘 | 料机 | 70 | -80 | 5 | 75 2,,解析文本拼接_表格清洗增强_05_081-100.md,090_佛山市顺德区共诺电子元件厂搬迁项目_01_受理公告或公示版
PL021,PL021_佛山市顺德区共诺电子元件厂搬迁项目_01_受理公告或公示版.pdf,35,4,16,完整,1.0,破 | 碎机 | 70 | -80 | 5 | 75 3,,解析文本拼接_表格清洗增强_05_081-100.md,090_佛山市顺德区共诺电子元件厂搬迁项目_01_受理公告或公示版
PL021,PL021_佛山市顺德区共诺电子元件厂搬迁项目_01_受理公告或公示版.pdf,35,4,17,疑似缺失,0.667,混 | 料机 | 70 | -80 减振 | 处 5 | 75 1,-80 减振；处 5,解析文本拼接_表格清洗增强_05_081-100.md,090_佛山市顺德区共诺电子元件厂搬迁项目_01_受理公告或公示版
PL021,PL021_佛山市顺德区共诺电子元件厂搬迁项目_01_受理公告或公示版.pdf,35,4,18,疑似缺失,0.6,"磨床 | 70 | -80 理 | 5 | 91.07
75 1","-80 理；91.07
75 1",解析文本拼接_表格清洗增强_05_081-100.md,090_佛山市顺德区共诺电子元件厂搬迁项目_01_受理公告或公示版
PL021,PL021_佛山市顺德区共诺电子元件厂搬迁项目_01_受理公告或公示版.pdf,35,4,19,部分,0.8,台钻 | 70 | -80 | 5 | 75 1,台钻,解析文本拼接_表格清洗增强_05_081-100.md,090_佛山市顺德区共诺电子元件厂搬迁项目_01_受理公告或公示版
PL021,PL021_佛山市顺德区共诺电子元件厂搬迁项目_01_受理公告或公示版.pdf,35,4,20,完整,1.0,冷 | 却塔 | 75 | -85 | 5 | 80 1,,解析文本拼接_表格清洗增强_05_081-100.md,090_佛山市顺德区共诺电子元件厂搬迁项目_01_受理公告或公示版
PL021,PL021_佛山市顺德区共诺电子元件厂搬迁项目_01_受理公告或公示版.pdf,35,4,21,完整,1.0,空 | 压机 | 75 | -85 | 5 | 80 1,,解析文本拼接_表格清洗增强_05_081-100.md,090_佛山市顺德区共诺电子元件厂搬迁项目_01_受理公告或公示版
PL021,PL021_佛山市顺德区共诺电子元件厂搬迁项目_01_受理公告或公示版.pdf,35,4,22,完整,1.0,离 | 心风机 | 75 | -85 | 5 | 80 1,,解析文本拼接_表格清洗增强_05_081-100.md,090_佛山市顺德区共诺电子元件厂搬迁项目_01_受理公告或公示版
PL021,PL021_佛山市顺德区共诺电子元件厂搬迁项目_01_受理公告或公示版.pdf,35,4,23,完整,1.0,表4-1 | 5 采取降噪措 | 施及考虑墙体隔声情 | 况下厂界噪声预测贡献值,,解析文本拼接_表格清洗增强_05_081-100.md,090_佛山市顺德区共诺电子元件厂搬迁项目_01_受理公告或公示版
PL021,PL021_佛山市顺德区共诺电子元件厂搬迁项目_01_受理公告或公示版.pdf,35,4,24,完整,1.0,采取降噪 | 措施 | 考虑墙体隔 | 与项目边界最近距离 | 考虑墙体隔声后厂界室外噪声预测,,解析文本拼接_表格清洗增强_05_081-100.md,090_佛山市顺德区共诺电子元件厂搬迁项目_01_受理公告或公示版
PL021,PL021_佛山市顺德区共诺电子元件厂搬迁项目_01_受理公告或公示版.pdf,35,4,25,完整,1.0,后设备叠 | 加噪 | 音后噪声源 | （m） | 贡献值dB（A）,,解析文本拼接_表格清洗增强_05_081-100.md,090_佛山市顺德区共诺电子元件厂搬迁项目_01_受理公告或公示版
PL021,PL021_佛山市顺德区共诺电子元件厂搬迁项目_01_受理公告或公示版.pdf,35,4,28,疑似缺失,0.25,91.07 | 66.07 2 | 0 7.5 20 7.5 | 40.05 48.57 40.05 48.57,91.07；66.07 2；40.05 48.57 40.05 48.57,解析文本拼接_表格清洗增强_05_081-100.md,090_佛山市顺德区共诺电子元件厂搬迁项目_01_受理公告或公示版
PL021,PL021_佛山市顺德区共诺电子元件厂搬迁项目_01_受理公告或公示版.pdf,35,4,29,完整,1.0,备注：1、 | 本项目 | 墙体主要为单层墙 | ，根据《噪声污染控制工 | 程》（高等教育出版社，洪宗辉）,,解析文本拼接_表格清洗增强_05_081-100.md,090_佛山市顺德区共诺电子元件厂搬迁项目_01_受理公告或公示版
PL021,PL021_佛山市顺德区共诺电子元件厂搬迁项目_01_受理公告或公示版.pdf,35,4,30,完整,1.0,中资料， | 单层墙实 | 测的隔声量为 49 | dB（A），考虑到门窗面 | 积和开门开窗对隔声的负面影响，,,解析文本拼接_表格清洗增强_05_081-100.md,090_佛山市顺德区共诺电子元件厂搬迁项目_01_受理公告或公示版
PL021,PL021_佛山市顺德区共诺电子元件厂搬迁项目_01_受理公告或公示版.pdf,35,4,31,完整,1.0,实际隔声 | 量为25d | B 左右。,,解析文本拼接_表格清洗增强_05_081-100.md,090_佛山市顺德区共诺电子元件厂搬迁项目_01_受理公告或公示版
PL021,PL021_佛山市顺德区共诺电子元件厂搬迁项目_01_受理公告或公示版.pdf,35,4,32,完整,1.0,由预测结 | 果可知 | ，项目投产并 | 采取降噪措施后，厂界 | 昼间噪声贡献值均能达到《工业企,,解析文本拼接_表格清洗增强_05_081-100.md,090_佛山市顺德区共诺电子元件厂搬迁项目_01_受理公告或公示版
PL021,PL021_佛山市顺德区共诺电子元件厂搬迁项目_01_受理公告或公示版.pdf,35,4,33,完整,1.0,业 | 厂 | 界环境噪 | 声排放 | 标准》（GB12 | 348-2008）3类标准限 | 值的要求。项目对周边声环境影响,,解析文本拼接_表格清洗增强_05_081-100.md,090_佛山市顺德区共诺电子元件厂搬迁项目_01_受理公告或公示版
PL021,PL021_佛山市顺德区共诺电子元件厂搬迁项目_01_受理公告或公示版.pdf,35,4,35,完整,1.0,（3）噪 | 声污染 | 防治措施可行性 | 分析,,解析文本拼接_表格清洗增强_05_081-100.md,090_佛山市顺德区共诺电子元件厂搬迁项目_01_受理公告或公示版
PL021,PL021_佛山市顺德区共诺电子元件厂搬迁项目_01_受理公告或公示版.pdf,35,4,36,完整,1.0,①生产设 | 备噪声 | 源合理布置在 | 生产车间内，同时企业 | 加强生产区域门窗的隔声性能，考,,解析文本拼接_表格清洗增强_05_081-100.md,090_佛山市顺德区共诺电子元件厂搬迁项目_01_受理公告或公示版
PL021,PL021_佛山市顺德区共诺电子元件厂搬迁项目_01_受理公告或公示版.pdf,35,4,37,完整,1.0,虑 | 到 | 车间建筑 | 门窗基 | 本关闭情况， | 该车间的整体降噪能力 | 可达25dB(A)以上。,,解析文本拼接_表格清洗增强_05_081-100.md,090_佛山市顺德区共诺电子元件厂搬迁项目_01_受理公告或公示版
PL021,PL021_佛山市顺德区共诺电子元件厂搬迁项目_01_受理公告或公示版.pdf,35,4,38,完整,1.0,②废气处 | 理风机 | 外安装隔声罩 | ，下方加装减振垫，配 | 置消音箱，隔声量可达25dB(A)。,,解析文本拼接_表格清洗增强_05_081-100.md,090_佛山市顺德区共诺电子元件厂搬迁项目_01_受理公告或公示版
PL021,PL021_佛山市顺德区共诺电子元件厂搬迁项目_01_受理公告或公示版.pdf,35,4,39,完整,1.0,③选用低 | 噪声设 | 备，从源头控 | 制噪声。,,解析文本拼接_表格清洗增强_05_081-100.md,090_佛山市顺德区共诺电子元件厂搬迁项目_01_受理公告或公示版
PL021,PL021_佛山市顺德区共诺电子元件厂搬迁项目_01_受理公告或公示版.pdf,35,4,40,完整,1.0,以上噪声 | 治理措 | 施容易实施， | 技术成熟可靠，投资费 | 用较少，在经济上是可行的。,,解析文本拼接_表格清洗增强_05_081-100.md,090_佛山市顺德区共诺电子元件厂搬迁项目_01_受理公告或公示版
PL021,PL021_佛山市顺德区共诺电子元件厂搬迁项目_01_受理公告或公示版.pdf,35,4,41,完整,1.0,（4）噪 | 声环境 | 监测计划,,解析文本拼接_表格清洗增强_05_081-100.md,090_佛山市顺德区共诺电子元件厂搬迁项目_01_受理公告或公示版
PL021,PL021_佛山市顺德区共诺电子元件厂搬迁项目_01_受理公告或公示版.pdf,35,4,42,完整,1.0,根据《排 | 污许可 | 证申请与核发 | 技术规范 工业噪声（ | HJ1301-2023）》、排污单位自行监,,解析文本拼接_表格清洗增强_05_081-100.md,090_佛山市顺德区共诺电子元件厂搬迁项目_01_受理公告或公示版
PL021,PL021_佛山市顺德区共诺电子元件厂搬迁项目_01_受理公告或公示版.pdf,36,2,1,完整,1.0,监测点位 | 监测指标 | 监测时段 | 监测频次 | 执行排放标准,,解析文本拼接_表格清洗增强_05_081-100.md,090_佛山市顺德区共诺电子元件厂搬迁项目_01_受理公告或公示版
PL021,PL021_佛山市顺德区共诺电子元件厂搬迁项目_01_受理公告或公示版.pdf,36,2,2,完整,1.0,"厂界 | Leq（A） | 昼间 | 1次/季度 | 边界噪声执行《工业企业厂界环境噪声
排放标准》（GB12348-2008）中的3类
标准",,解析文本拼接_表格清洗增强_05_081-100.md,090_佛山市顺德区共诺电子元件厂搬迁项目_01_受理公告或公示版
PL021,PL021_佛山市顺德区共诺电子元件厂搬迁项目_01_受理公告或公示版.pdf,36,3,1,完整,1.0,"序号 | 产生环节 | 废物名称 | 固废属性 | 固废代码 | 物理性状 | 产生量
（t/a） | 贮存处置方式",,解析文本拼接_表格清洗增强_05_081-100.md,090_佛山市顺德区共诺电子元件厂搬迁项目_01_受理公告或公示版
PL021,PL021_佛山市顺德区共诺电子元件厂搬迁项目_01_受理公告或公示版.pdf,36,3,2,完整,1.0,"1 | 员工生活 | 生活垃圾 | 生活垃圾 | 900-099-S64 | 固体 | 1.5 | 垃圾桶收集每天由
环卫部门清运处理",,解析文本拼接_表格清洗增强_05_081-100.md,090_佛山市顺德区共诺电子元件厂搬迁项目_01_受理公告或公示版
PL021,PL021_佛山市顺德区共诺电子元件厂搬迁项目_01_受理公告或公示版.pdf,36,3,3,部分,0.875,2 | 生产过程 | 废包装材料 | 一般固体废物 | 900-003-S17 | 固体 | 1.482 | 外卖给回收商,1.482,解析文本拼接_表格清洗增强_05_081-100.md,090_佛山市顺德区共诺电子元件厂搬迁项目_01_受理公告或公示版
PL021,PL021_佛山市顺德区共诺电子元件厂搬迁项目_01_受理公告或公示版.pdf,36,3,4,疑似缺失,0.667,合计 | 2.982 | ---,2.982,解析文本拼接_表格清洗增强_05_081-100.md,090_佛山市顺德区共诺电子元件厂搬迁项目_01_受理公告或公示版
PL021,PL021_佛山市顺德区共诺电子元件厂搬迁项目_01_受理公告或公示版.pdf,37,2,2,部分,0.8,机油 | 2.5 | 0.005 | 0.2 | 0.0004,0.0004,解析文本拼接_表格清洗增强_05_081-100.md,090_佛山市顺德区共诺电子元件厂搬迁项目_01_受理公告或公示版
PL021,PL021_佛山市顺德区共诺电子元件厂搬迁项目_01_受理公告或公示版.pdf,37,2,3,部分,0.8,液压油 | 25 | 0.25 | 1.5 | 0.015,0.015,解析文本拼接_表格清洗增强_05_081-100.md,090_佛山市顺德区共诺电子元件厂搬迁项目_01_受理公告或公示版
PL021,PL021_佛山市顺德区共诺电子元件厂搬迁项目_01_受理公告或公示版.pdf,37,2,4,疑似缺失,0.5,合计 | 0.0154,0.0154,解析文本拼接_表格清洗增强_05_081-100.md,090_佛山市顺德区共诺电子元件厂搬迁项目_01_受理公告或公示版
PL021,PL021_佛山市顺德区共诺电子元件厂搬迁项目_01_受理公告或公示版.pdf,38,2,2,疑似缺失,0.5,1 | 过滤风速 | m/s | 颗粒状活性炭小于0.6m/s,过滤风速；颗粒状活性炭小于0.6m/s,解析文本拼接_表格清洗增强_05_081-100.md,090_佛山市顺德区共诺电子元件厂搬迁项目_01_受理公告或公示版
PL021,PL021_佛山市顺德区共诺电子元件厂搬迁项目_01_受理公告或公示版.pdf,38,2,3,疑似缺失,0.25,2 | 活性炭箱外形体积 | m3/万m3风量 | ＞2.8,活性炭箱外形体积；m3/万m3风量；＞2.8,解析文本拼接_表格清洗增强_05_081-100.md,090_佛山市顺德区共诺电子元件厂搬迁项目_01_受理公告或公示版
PL021,PL021_佛山市顺德区共诺电子元件厂搬迁项目_01_受理公告或公示版.pdf,38,2,4,疑似缺失,0.5,3 | 活性炭装填厚度 | mm | ≥300,活性炭装填厚度；≥300,解析文本拼接_表格清洗增强_05_081-100.md,090_佛山市顺德区共诺电子元件厂搬迁项目_01_受理公告或公示版
PL021,PL021_佛山市顺德区共诺电子元件厂搬迁项目_01_受理公告或公示版.pdf,38,2,5,疑似缺失,0.5,4 | 入口废气温度 | ℃ | ＜40,入口废气温度；＜40,解析文本拼接_表格清洗增强_05_081-100.md,090_佛山市顺德区共诺电子元件厂搬迁项目_01_受理公告或公示版
PL021,PL021_佛山市顺德区共诺电子元件厂搬迁项目_01_受理公告或公示版.pdf,38,2,6,疑似缺失,0.5,5 | 入口废气湿度 | % | ＜70,入口废气湿度；＜70,解析文本拼接_表格清洗增强_05_081-100.md,090_佛山市顺德区共诺电子元件厂搬迁项目_01_受理公告或公示版
PL021,PL021_佛山市顺德区共诺电子元件厂搬迁项目_01_受理公告或公示版.pdf,38,2,7,疑似缺失,0.5,6 | 碘值 | mg/g | ＞800,碘值；＞800,解析文本拼接_表格清洗增强_05_081-100.md,090_佛山市顺德区共诺电子元件厂搬迁项目_01_受理公告或公示版
PL021,PL021_佛山市顺德区共诺电子元件厂搬迁项目_01_受理公告或公示版.pdf,38,3,2,疑似缺失,0.667,"活性炭吸附装
置 | 设计风量 | 5400m³/h",5400m³/h,解析文本拼接_表格清洗增强_05_081-100.md,090_佛山市顺德区共诺电子元件厂搬迁项目_01_受理公告或公示版
PL021,PL021_佛山市顺德区共诺电子元件厂搬迁项目_01_受理公告或公示版.pdf,38,3,3,疑似缺失,0.0,装备尺寸（mm） | （1210+1200）×1310×1540,装备尺寸（mm）；（1210+1200）×1310×1540,解析文本拼接_表格清洗增强_05_081-100.md,090_佛山市顺德区共诺电子元件厂搬迁项目_01_受理公告或公示版
PL021,PL021_佛山市顺德区共诺电子元件厂搬迁项目_01_受理公告或公示版.pdf,38,3,4,疑似缺失,0.0,活性炭尺寸（mm） | 600×550×300×8抽屉,活性炭尺寸（mm）；600×550×300×8抽屉,解析文本拼接_表格清洗增强_05_081-100.md,090_佛山市顺德区共诺电子元件厂搬迁项目_01_受理公告或公示版
PL021,PL021_佛山市顺德区共诺电子元件厂搬迁项目_01_受理公告或公示版.pdf,38,3,5,疑似缺失,0.5,装填厚度（mm） | 300,装填厚度（mm）,解析文本拼接_表格清洗增强_05_081-100.md,090_佛山市顺德区共诺电子元件厂搬迁项目_01_受理公告或公示版
PL021,PL021_佛山市顺德区共诺电子元件厂搬迁项目_01_受理公告或公示版.pdf,38,3,6,疑似缺失,0.0,活性炭类型 | 颗粒状,活性炭类型；颗粒状,解析文本拼接_表格清洗增强_05_081-100.md,090_佛山市顺德区共诺电子元件厂搬迁项目_01_受理公告或公示版
PL021,PL021_佛山市顺德区共诺电子元件厂搬迁项目_01_受理公告或公示版.pdf,38,3,7,疑似缺失,0.5,活性炭密度（kg/m³） | 400,活性炭密度（kg/m³）,解析文本拼接_表格清洗增强_05_081-100.md,090_佛山市顺德区共诺电子元件厂搬迁项目_01_受理公告或公示版
PL021,PL021_佛山市顺德区共诺电子元件厂搬迁项目_01_受理公告或公示版.pdf,38,3,8,疑似缺失,0.5,碳层数量（层） | 2,碳层数量（层）,解析文本拼接_表格清洗增强_05_081-100.md,090_佛山市顺德区共诺电子元件厂搬迁项目_01_受理公告或公示版
PL021,PL021_佛山市顺德区共诺电子元件厂搬迁项目_01_受理公告或公示版.pdf,38,3,9,疑似缺失,0.0,过滤风速（m/s） | 0.57,过滤风速（m/s）；0.57,解析文本拼接_表格清洗增强_05_081-100.md,090_佛山市顺德区共诺电子元件厂搬迁项目_01_受理公告或公示版
PL021,PL021_佛山市顺德区共诺电子元件厂搬迁项目_01_受理公告或公示版.pdf,38,3,10,疑似缺失,0.5,停留时间（s） | 0.53,停留时间（s）,解析文本拼接_表格清洗增强_05_081-100.md,090_佛山市顺德区共诺电子元件厂搬迁项目_01_受理公告或公示版
PL021,PL021_佛山市顺德区共诺电子元件厂搬迁项目_01_受理公告或公示版.pdf,38,3,11,疑似缺失,0.0,活性炭装填量（t） | 0.3168,活性炭装填量（t）；0.3168,解析文本拼接_表格清洗增强_05_081-100.md,090_佛山市顺德区共诺电子元件厂搬迁项目_01_受理公告或公示版
PL021,PL021_佛山市顺德区共诺电子元件厂搬迁项目_01_受理公告或公示版.pdf,38,4,2,疑似缺失,0.6,1 | 过滤 | 风速 | m/s | 颗粒状活性炭小于0.6m/s,过滤；颗粒状活性炭小于0.6m/s,解析文本拼接_表格清洗增强_05_081-100.md,090_佛山市顺德区共诺电子元件厂搬迁项目_01_受理公告或公示版
PL021,PL021_佛山市顺德区共诺电子元件厂搬迁项目_01_受理公告或公示版.pdf,38,4,3,疑似缺失,0.4,2 | 活性炭箱 | 外形体积 | m3/万m3风量 | ＞2.8,外形体积；m3/万m3风量；＞2.8,解析文本拼接_表格清洗增强_05_081-100.md,090_佛山市顺德区共诺电子元件厂搬迁项目_01_受理公告或公示版
PL021,PL021_佛山市顺德区共诺电子元件厂搬迁项目_01_受理公告或公示版.pdf,38,4,4,部分,0.8,3 | 活性炭装 | 填厚度 | mm | ≥300,≥300,解析文本拼接_表格清洗增强_05_081-100.md,090_佛山市顺德区共诺电子元件厂搬迁项目_01_受理公告或公示版
PL021,PL021_佛山市顺德区共诺电子元件厂搬迁项目_01_受理公告或公示版.pdf,38,4,5,疑似缺失,0.6,4 | 入口废 | 气温度 | ℃ | ＜40,入口废；＜40,解析文本拼接_表格清洗增强_05_081-100.md,090_佛山市顺德区共诺电子元件厂搬迁项目_01_受理公告或公示版
PL021,PL021_佛山市顺德区共诺电子元件厂搬迁项目_01_受理公告或公示版.pdf,38,4,6,疑似缺失,0.4,5 | 入口废 | 气湿度 | % | ＜70,入口废；气湿度；＜70,解析文本拼接_表格清洗增强_05_081-100.md,090_佛山市顺德区共诺电子元件厂搬迁项目_01_受理公告或公示版
PL021,PL021_佛山市顺德区共诺电子元件厂搬迁项目_01_受理公告或公示版.pdf,38,4,7,部分,0.8,6 | 碘 | 值 | mg/g | ＞800,＞800,解析文本拼接_表格清洗增强_05_081-100.md,090_佛山市顺德区共诺电子元件厂搬迁项目_01_受理公告或公示版
PL021,PL021_佛山市顺德区共诺电子元件厂搬迁项目_01_受理公告或公示版.pdf,38,4,8,疑似缺失,0.6,项目活 | 性 | 炭吸附 | 设备参数见下 | 表。,项目活；设备参数见下,解析文本拼接_表格清洗增强_05_081-100.md,090_佛山市顺德区共诺电子元件厂搬迁项目_01_受理公告或公示版
PL021,PL021_佛山市顺德区共诺电子元件厂搬迁项目_01_受理公告或公示版.pdf,38,4,9,疑似缺失,0.667,表4-18 项目废气治理设 | 备 | 参数,表4-18 项目废气治理设,解析文本拼接_表格清洗增强_05_081-100.md,090_佛山市顺德区共诺电子元件厂搬迁项目_01_受理公告或公示版
PL021,PL021_佛山市顺德区共诺电子元件厂搬迁项目_01_受理公告或公示版.pdf,38,4,11,疑似缺失,0.5,设计风量 | 5400m³/h,5400m³/h,解析文本拼接_表格清洗增强_05_081-100.md,090_佛山市顺德区共诺电子元件厂搬迁项目_01_受理公告或公示版
PL021,PL021_佛山市顺德区共诺电子元件厂搬迁项目_01_受理公告或公示版.pdf,38,4,12,疑似缺失,0.5,装备尺寸（m | m） | （ | 1210+1200）×1310×1540,装备尺寸（m；1210+1200）×1310×1540,解析文本拼接_表格清洗增强_05_081-100.md,090_佛山市顺德区共诺电子元件厂搬迁项目_01_受理公告或公示版
PL021,PL021_佛山市顺德区共诺电子元件厂搬迁项目_01_受理公告或公示版.pdf,38,4,13,疑似缺失,0.333,活性炭尺寸（ | mm） | 600×550×300×8抽屉,活性炭尺寸（；600×550×300×8抽屉,解析文本拼接_表格清洗增强_05_081-100.md,090_佛山市顺德区共诺电子元件厂搬迁项目_01_受理公告或公示版
PL021,PL021_佛山市顺德区共诺电子元件厂搬迁项目_01_受理公告或公示版.pdf,38,4,14,疑似缺失,0.667,装填厚度（m | m） | 300,装填厚度（m,解析文本拼接_表格清洗增强_05_081-100.md,090_佛山市顺德区共诺电子元件厂搬迁项目_01_受理公告或公示版
PL021,PL021_佛山市顺德区共诺电子元件厂搬迁项目_01_受理公告或公示版.pdf,38,4,15,疑似缺失,0.5,活性炭吸附 | 装 | 活性炭类型 | 颗粒状,活性炭类型；颗粒状,解析文本拼接_表格清洗增强_05_081-100.md,090_佛山市顺德区共诺电子元件厂搬迁项目_01_受理公告或公示版
PL021,PL021_佛山市顺德区共诺电子元件厂搬迁项目_01_受理公告或公示版.pdf,38,4,16,疑似缺失,0.5,置 | 活性炭密度（k | g/m³） | 400,活性炭密度（k；g/m³）,解析文本拼接_表格清洗增强_05_081-100.md,090_佛山市顺德区共诺电子元件厂搬迁项目_01_受理公告或公示版
PL021,PL021_佛山市顺德区共诺电子元件厂搬迁项目_01_受理公告或公示版.pdf,38,4,17,疑似缺失,0.667,碳层数量（层 | ） | 2,碳层数量（层,解析文本拼接_表格清洗增强_05_081-100.md,090_佛山市顺德区共诺电子元件厂搬迁项目_01_受理公告或公示版
PL021,PL021_佛山市顺德区共诺电子元件厂搬迁项目_01_受理公告或公示版.pdf,38,4,18,疑似缺失,0.333,过滤风速（m | /s） | 0.57,过滤风速（m；0.57,解析文本拼接_表格清洗增强_05_081-100.md,090_佛山市顺德区共诺电子元件厂搬迁项目_01_受理公告或公示版
PL021,PL021_佛山市顺德区共诺电子元件厂搬迁项目_01_受理公告或公示版.pdf,38,4,19,疑似缺失,0.667,停留时间（s | ） | 0.53,停留时间（s,解析文本拼接_表格清洗增强_05_081-100.md,090_佛山市顺德区共诺电子元件厂搬迁项目_01_受理公告或公示版
PL021,PL021_佛山市顺德区共诺电子元件厂搬迁项目_01_受理公告或公示版.pdf,38,4,20,疑似缺失,0.333,活性炭装填量 | （t） | 0.3168,活性炭装填量；0.3168,解析文本拼接_表格清洗增强_05_081-100.md,090_佛山市顺德区共诺电子元件厂搬迁项目_01_受理公告或公示版
PL021,PL021_佛山市顺德区共诺电子元件厂搬迁项目_01_受理公告或公示版.pdf,38,4,21,完整,1.0,活性炭 | 更 | 换周期 | 按照以下公式 | 计算：,,解析文本拼接_表格清洗增强_05_081-100.md,090_佛山市顺德区共诺电子元件厂搬迁项目_01_受理公告或公示版
PL021,PL021_佛山市顺德区共诺电子元件厂搬迁项目_01_受理公告或公示版.pdf,38,4,22,完整,1.0,T（d）=M*S/C/10- | 6/ | Q/t,,解析文本拼接_表格清洗增强_05_081-100.md,090_佛山市顺德区共诺电子元件厂搬迁项目_01_受理公告或公示版
PL021,PL021_佛山市顺德区共诺电子元件厂搬迁项目_01_受理公告或公示版.pdf,38,4,24,完整,1.0,M | ：活性 | 炭的用量，kg | ；,,解析文本拼接_表格清洗增强_05_081-100.md,090_佛山市顺德区共诺电子元件厂搬迁项目_01_受理公告或公示版
PL021,PL021_佛山市顺德区共诺电子元件厂搬迁项目_01_受理公告或公示版.pdf,38,4,25,完整,1.0,S | ：动态吸 | 附量，%（取 | 值15%）；,,解析文本拼接_表格清洗增强_05_081-100.md,090_佛山市顺德区共诺电子元件厂搬迁项目_01_受理公告或公示版
PL021,PL021_佛山市顺德区共诺电子元件厂搬迁项目_01_受理公告或公示版.pdf,38,4,26,完整,1.0,C | ：活性炭 | 削减的NMH | C浓度，mg/m3；,,解析文本拼接_表格清洗增强_05_081-100.md,090_佛山市顺德区共诺电子元件厂搬迁项目_01_受理公告或公示版
PL021,PL021_佛山市顺德区共诺电子元件厂搬迁项目_01_受理公告或公示版.pdf,38,4,27,完整,1.0,Q | ：风量， | 单位 m3/h；,,解析文本拼接_表格清洗增强_05_081-100.md,090_佛山市顺德区共诺电子元件厂搬迁项目_01_受理公告或公示版
PL021,PL021_佛山市顺德区共诺电子元件厂搬迁项目_01_受理公告或公示版.pdf,38,4,29,部分,0.857,根据公 | 式 | 计算， | 活性炭更换周 | 期约为40天，本项目 | 年 | 工作300天，活性炭年,期约为40天，本项目,解析文本拼接_表格清洗增强_05_081-100.md,090_佛山市顺德区共诺电子元件厂搬迁项目_01_受理公告或公示版
PL021,PL021_佛山市顺德区共诺电子元件厂搬迁项目_01_受理公告或公示版.pdf,39,1,2,完整,1.0,"风机风量
（m3/h） | 动态吸附量
（%） | 活性炭削减的
VOCs浓度mg/m3 | 活性炭
负载t | 运行时
间h/d | 更换周期
（天） | 废活性炭产生
量（t/a）",,解析文本拼接_表格清洗增强_05_081-100.md,090_佛山市顺德区共诺电子元件厂搬迁项目_01_受理公告或公示版
PL021,PL021_佛山市顺德区共诺电子元件厂搬迁项目_01_受理公告或公示版.pdf,39,1,3,疑似缺失,0.429,5400 | 15 | 27.78 | 0.3168 | 8 | 40 | 2.3816,5400；27.78；0.3168；2.3816,解析文本拼接_表格清洗增强_05_081-100.md,090_佛山市顺德区共诺电子元件厂搬迁项目_01_受理公告或公示版
PL021,PL021_佛山市顺德区共诺电子元件厂搬迁项目_01_受理公告或公示版.pdf,39,2,1,完整,1.0,风机风量 | 动态吸附量 | 活性炭削减的 | 活性炭 | 运行时 | 更换周期 | 废活性炭产生,,解析文本拼接_表格清洗增强_05_081-100.md,090_佛山市顺德区共诺电子元件厂搬迁项目_01_受理公告或公示版
PL021,PL021_佛山市顺德区共诺电子元件厂搬迁项目_01_受理公告或公示版.pdf,39,2,2,完整,1.0,（m3/h） | （%） | VOCs浓度mg/m3 | 负载t | 间h/d | （天） | 量（t/a）,,解析文本拼接_表格清洗增强_05_081-100.md,090_佛山市顺德区共诺电子元件厂搬迁项目_01_受理公告或公示版
PL021,PL021_佛山市顺德区共诺电子元件厂搬迁项目_01_受理公告或公示版.pdf,39,2,3,疑似缺失,0.429,5400 | 15 | 27.78 | 0.3168 | 8 | 40 | 2.3816,5400；27.78；0.3168；2.3816,解析文本拼接_表格清洗增强_05_081-100.md,090_佛山市顺德区共诺电子元件厂搬迁项目_01_受理公告或公示版
PL021,PL021_佛山市顺德区共诺电子元件厂搬迁项目_01_受理公告或公示版.pdf,39,2,4,部分,0.714,参照《广东 | 省工业源挥发 | 性有机物减排量核 | 算方法（ | 2023 年修 | 订版）》表 | 4.5-2 废气收,参照《广东；4.5-2 废气收,解析文本拼接_表格清洗增强_05_081-100.md,090_佛山市顺德区共诺电子元件厂搬迁项目_01_受理公告或公示版
PL021,PL021_佛山市顺德区共诺电子元件厂搬迁项目_01_受理公告或公示版.pdf,39,2,5,疑似缺失,0.375,集 | 集气效率参考 | 值，活性炭 | 吸附法可采用“VOC | s削减量= | 活性炭年 | 更换量×活 | 性炭吸附比例,值，活性炭；吸附法可采用“VOC；s削减量=；更换量×活,解析文本拼接_表格清洗增强_05_081-100.md,090_佛山市顺德区共诺电子元件厂搬迁项目_01_受理公告或公示版
PL021,PL021_佛山市顺德区共诺电子元件厂搬迁项目_01_受理公告或公示版.pdf,39,2,6,疑似缺失,0.125,（ | 本项目采用颗 | 粒活性炭，吸 | 附比例取值15%） | 进行校核 | 。吸附0.1 | 64t有机废 | 气所需的理论,本项目采用颗；粒活性炭，吸；附比例取值15%）；进行校核,解析文本拼接_表格清洗增强_05_081-100.md,090_佛山市顺德区共诺电子元件厂搬迁项目_01_受理公告或公示版
PL021,PL021_佛山市顺德区共诺电子元件厂搬迁项目_01_受理公告或公示版.pdf,39,2,7,疑似缺失,0.125,活 | 性炭量为0.1 | 64÷15%=1.09 | 3t，本项目活性炭量 | 可满足废 | 气治理系 | 统吸附有机 | 废气的活性炭,性炭量为0.1；64÷15%=1.09；3t，本项目活性炭量；可满足废,解析文本拼接_表格清洗增强_05_081-100.md,090_佛山市顺德区共诺电子元件厂搬迁项目_01_受理公告或公示版
PL021,PL021_佛山市顺德区共诺电子元件厂搬迁项目_01_受理公告或公示版.pdf,40,1,1,完整,1.0,"序
号 | 危险废物名称 | 危险废物
类别 | 危险废物代码 | 产生量
（吨/年） | 产生工序及装
置 | 形态 | 主要成分 | 有害成分 | 产废周期 | 危险特性 | 污染防治措施",,解析文本拼接_表格清洗增强_05_081-100.md,090_佛山市顺德区共诺电子元件厂搬迁项目_01_受理公告或公示版
PL021,PL021_佛山市顺德区共诺电子元件厂搬迁项目_01_受理公告或公示版.pdf,40,1,2,部分,0.917,"1 | 废机油 | HW08 | 900-249-08 | 0.0025 | 设备维护保养 | 液体 | 机油 | 机油 | 每年 | T，I | 密封桶装，暂存于危废暂存间，定期交有相应
资质的危废单位处理",设备维护保养,解析文本拼接_表格清洗增强_05_081-100.md,090_佛山市顺德区共诺电子元件厂搬迁项目_01_受理公告或公示版
PL021,PL021_佛山市顺德区共诺电子元件厂搬迁项目_01_受理公告或公示版.pdf,40,1,3,部分,0.909,2 | 废液压油 | HW08 | 900-218-08 | 0.25 | 设备维护保养 | 液体 | 液压油 | 液压油 | 每年 | T，I,设备维护保养,解析文本拼接_表格清洗增强_05_081-100.md,090_佛山市顺德区共诺电子元件厂搬迁项目_01_受理公告或公示版
PL021,PL021_佛山市顺德区共诺电子元件厂搬迁项目_01_受理公告或公示版.pdf,40,1,4,部分,0.917,"3 | 含油废抹布 | HW49 | 900-041-49 | 0.005 | 设备维护保
养 | 固体 | 机油 | 机油 | 每年 | T/In | 防渗装，暂存于危废暂存间，定期交有相应资
质的危废单位处理","设备维护保
养",解析文本拼接_表格清洗增强_05_081-100.md,090_佛山市顺德区共诺电子元件厂搬迁项目_01_受理公告或公示版
PL021,PL021_佛山市顺德区共诺电子元件厂搬迁项目_01_受理公告或公示版.pdf,40,1,5,部分,0.909,"4 | 废油桶 | HW08 | 900-249-08 | 0.0154 | 原料使用 | 固体 | 机油、液压
油 | 机油、液压油 | 每年 | T，I",0.0154,解析文本拼接_表格清洗增强_05_081-100.md,090_佛山市顺德区共诺电子元件厂搬迁项目_01_受理公告或公示版
PL021,PL021_佛山市顺德区共诺电子元件厂搬迁项目_01_受理公告或公示版.pdf,40,1,6,部分,0.909,"5 | 废活性炭 | HW49 | 900-039-49 | 2.3816 | 废气治理 | 固体 | 挥发性
有机物 | 挥发性
有机物 | 每年 | T/In",2.3816,解析文本拼接_表格清洗增强_05_081-100.md,090_佛山市顺德区共诺电子元件厂搬迁项目_01_受理公告或公示版
PL021,PL021_佛山市顺德区共诺电子元件厂搬迁项目_01_受理公告或公示版.pdf,40,1,7,疑似缺失,0.667,合计 | 2.6545 | /,2.6545,解析文本拼接_表格清洗增强_05_081-100.md,090_佛山市顺德区共诺电子元件厂搬迁项目_01_受理公告或公示版
PL021,PL021_佛山市顺德区共诺电子元件厂搬迁项目_01_受理公告或公示版.pdf,40,2,2,部分,0.9,"1 | 危废暂存间 | 废机油 | HW08 | 900-249-08 | 模具维修
区旁 | 5m2 | 铁桶装 | 0.5t | 一年","模具维修
区旁",解析文本拼接_表格清洗增强_05_081-100.md,090_佛山市顺德区共诺电子元件厂搬迁项目_01_受理公告或公示版
PL021,PL021_佛山市顺德区共诺电子元件厂搬迁项目_01_受理公告或公示版.pdf,40,2,3,完整,1.0,2 | 废液压油 | HW08 | 900-218-08 | 铁桶装 | 0.5t,,解析文本拼接_表格清洗增强_05_081-100.md,090_佛山市顺德区共诺电子元件厂搬迁项目_01_受理公告或公示版
PL021,PL021_佛山市顺德区共诺电子元件厂搬迁项目_01_受理公告或公示版.pdf,40,2,4,完整,1.0,3 | 含油废抹布 | HW49 | 900-041-49 | 防渗袋 | 0.02t,,解析文本拼接_表格清洗增强_05_081-100.md,090_佛山市顺德区共诺电子元件厂搬迁项目_01_受理公告或公示版
PL021,PL021_佛山市顺德区共诺电子元件厂搬迁项目_01_受理公告或公示版.pdf,40,2,5,完整,1.0,4 | 废油桶 | HW08 | 900-249-08 | 堆存 | 0.05t,,解析文本拼接_表格清洗增强_05_081-100.md,090_佛山市顺德区共诺电子元件厂搬迁项目_01_受理公告或公示版
PL021,PL021_佛山市顺德区共诺电子元件厂搬迁项目_01_受理公告或公示版.pdf,40,2,6,完整,1.0,5 | 废活性炭 | HW49 | 900-039-49 | 防渗袋 | 3t,,解析文本拼接_表格清洗增强_05_081-100.md,090_佛山市顺德区共诺电子元件厂搬迁项目_01_受理公告或公示版
PL021,PL021_佛山市顺德区共诺电子元件厂搬迁项目_01_受理公告或公示版.pdf,40,3,2,完整,1.0,危险废 | 物名称 | 危险废物代码 | 形态 | 主要 | 成分 | 有害成分 | 产废周期 | 危险特性 | 污染防治措施,,解析文本拼接_表格清洗增强_05_081-100.md,090_佛山市顺德区共诺电子元件厂搬迁项目_01_受理公告或公示版
PL021,PL021_佛山市顺德区共诺电子元件厂搬迁项目_01_受理公告或公示版.pdf,40,3,6,部分,0.923,1 | 废 | 机油 | HW08 | 900-249-08 | 0.0025 | 设备维护保养 | 液体 | 机 | 油 | 机油 | 每年 | T，I,设备维护保养,解析文本拼接_表格清洗增强_05_081-100.md,090_佛山市顺德区共诺电子元件厂搬迁项目_01_受理公告或公示版
PL021,PL021_佛山市顺德区共诺电子元件厂搬迁项目_01_受理公告或公示版.pdf,40,3,7,完整,1.0,密封桶装，暂存 | 于危废暂存间，定期交有相应,,解析文本拼接_表格清洗增强_05_081-100.md,090_佛山市顺德区共诺电子元件厂搬迁项目_01_受理公告或公示版
PL021,PL021_佛山市顺德区共诺电子元件厂搬迁项目_01_受理公告或公示版.pdf,40,3,8,完整,1.0,资质 | 的危废单位处理,,解析文本拼接_表格清洗增强_05_081-100.md,090_佛山市顺德区共诺电子元件厂搬迁项目_01_受理公告或公示版
PL021,PL021_佛山市顺德区共诺电子元件厂搬迁项目_01_受理公告或公示版.pdf,40,3,9,部分,0.923,2 | 废液 | 压油 | HW08 | 900-218-08 | 0.25 | 设备维护保养 | 液体 | 液压 | 油 | 液压油 | 每年 | T，I,设备维护保养,解析文本拼接_表格清洗增强_05_081-100.md,090_佛山市顺德区共诺电子元件厂搬迁项目_01_受理公告或公示版
PL021,PL021_佛山市顺德区共诺电子元件厂搬迁项目_01_受理公告或公示版.pdf,40,3,11,完整,1.0,3 | 含油 | 废抹布 | HW49 | 900-041-49 | 0.005 | 固体 | 机 | 油 | 机油 | 每年 | T/In,,解析文本拼接_表格清洗增强_05_081-100.md,090_佛山市顺德区共诺电子元件厂搬迁项目_01_受理公告或公示版
PL021,PL021_佛山市顺德区共诺电子元件厂搬迁项目_01_受理公告或公示版.pdf,40,3,13,完整,1.0,机油、 | 液压 | 防渗装，暂存于 | 危废暂存间，定期交有相应资,,解析文本拼接_表格清洗增强_05_081-100.md,090_佛山市顺德区共诺电子元件厂搬迁项目_01_受理公告或公示版
PL021,PL021_佛山市顺德区共诺电子元件厂搬迁项目_01_受理公告或公示版.pdf,40,3,14,部分,0.933,4 | 废 | 油桶 | HW08 | 900-249-08 | 0.0154 | 原料使用 | 固体 | 油 | 机油、液压 | 油 | 每年 | T，I | 质 | 的危废单位处理,0.0154,解析文本拼接_表格清洗增强_05_081-100.md,090_佛山市顺德区共诺电子元件厂搬迁项目_01_受理公告或公示版
PL021,PL021_佛山市顺德区共诺电子元件厂搬迁项目_01_受理公告或公示版.pdf,40,3,16,部分,0.9,5 | 废活 | 性炭 | HW49 | 900-039-49 | 2.3816 | 废气治理 | 固体 | 每年 | T/In,2.3816,解析文本拼接_表格清洗增强_05_081-100.md,090_佛山市顺德区共诺电子元件厂搬迁项目_01_受理公告或公示版
PL021,PL021_佛山市顺德区共诺电子元件厂搬迁项目_01_受理公告或公示版.pdf,40,3,18,疑似缺失,0.667,合计 | 2.6545 | /,2.6545,解析文本拼接_表格清洗增强_05_081-100.md,090_佛山市顺德区共诺电子元件厂搬迁项目_01_受理公告或公示版
PL021,PL021_佛山市顺德区共诺电子元件厂搬迁项目_01_受理公告或公示版.pdf,40,3,20,完整,1.0,表4-21 危险 | 废物 | 贮存 | 场所（ | 设施） | 基本 | 情况一览表,,解析文本拼接_表格清洗增强_05_081-100.md,090_佛山市顺德区共诺电子元件厂搬迁项目_01_受理公告或公示版
PL021,PL021_佛山市顺德区共诺电子元件厂搬迁项目_01_受理公告或公示版.pdf,40,3,22,完整,1.0,1 | 废机油 | HW08 | 900- | 249-08 | 铁桶装 | 0.5t,,解析文本拼接_表格清洗增强_05_081-100.md,090_佛山市顺德区共诺电子元件厂搬迁项目_01_受理公告或公示版
PL021,PL021_佛山市顺德区共诺电子元件厂搬迁项目_01_受理公告或公示版.pdf,40,3,23,完整,1.0,2 | 废液压油 | HW08 | 900- | 218-08 | 铁桶装 | 0.5t,,解析文本拼接_表格清洗增强_05_081-100.md,090_佛山市顺德区共诺电子元件厂搬迁项目_01_受理公告或公示版
PL021,PL021_佛山市顺德区共诺电子元件厂搬迁项目_01_受理公告或公示版.pdf,40,3,25,完整,1.0,危 | 废暂存间 | 含油废抹布 | 2 | 一年,,解析文本拼接_表格清洗增强_05_081-100.md,090_佛山市顺德区共诺电子元件厂搬迁项目_01_受理公告或公示版
PL021,PL021_佛山市顺德区共诺电子元件厂搬迁项目_01_受理公告或公示版.pdf,40,3,26,部分,0.875,"3 | HW49 | 900- | 041-49 | 区 | 5m
旁 | 防渗袋 | 0.02t","5m
旁",解析文本拼接_表格清洗增强_05_081-100.md,090_佛山市顺德区共诺电子元件厂搬迁项目_01_受理公告或公示版
PL021,PL021_佛山市顺德区共诺电子元件厂搬迁项目_01_受理公告或公示版.pdf,40,3,27,完整,1.0,4 | 废油桶 | HW08 | 900- | 249-08 | 堆存 | 0.05t,,解析文本拼接_表格清洗增强_05_081-100.md,090_佛山市顺德区共诺电子元件厂搬迁项目_01_受理公告或公示版
PL021,PL021_佛山市顺德区共诺电子元件厂搬迁项目_01_受理公告或公示版.pdf,40,3,28,完整,1.0,5 | 废活性炭 | HW49 | 900- | 039-49 | 防渗袋 | 3t,,解析文本拼接_表格清洗增强_05_081-100.md,090_佛山市顺德区共诺电子元件厂搬迁项目_01_受理公告或公示版
PL021,PL021_佛山市顺德区共诺电子元件厂搬迁项目_01_受理公告或公示版.pdf,41,2,18,完整,1.0,响和 | (不包括危险废物)跨省转移管理工作程序》(粤环发[2020]5号)相关要求，依法向省级生态环,,解析文本拼接_表格清洗增强_05_081-100.md,090_佛山市顺德区共诺电子元件厂搬迁项目_01_受理公告或公示版
PL021,PL021_佛山市顺德区共诺电子元件厂搬迁项目_01_受理公告或公示版.pdf,42,2,2,完整,1.0,"1 | 机油 | 机油 | 易燃液体 | 原料仓库/16
kg铁桶 | 0.005 | 2500 | 0.000002",,解析文本拼接_表格清洗增强_05_081-100.md,090_佛山市顺德区共诺电子元件厂搬迁项目_01_受理公告或公示版
PL021,PL021_佛山市顺德区共诺电子元件厂搬迁项目_01_受理公告或公示版.pdf,42,2,3,部分,0.875,"2 | 废机油 | 机油 | 易燃液体 | 危废暂存间
/16kg铁桶 | 0.0025 | 2500 | 0.000001",0.000001,解析文本拼接_表格清洗增强_05_081-100.md,090_佛山市顺德区共诺电子元件厂搬迁项目_01_受理公告或公示版
PL021,PL021_佛山市顺德区共诺电子元件厂搬迁项目_01_受理公告或公示版.pdf,42,2,4,完整,1.0,"3 | 液压油 | 液压油 | 易燃液体 | 原料仓库/15
kg铁桶 | 0.25 | 2500 | 0.0001",,解析文本拼接_表格清洗增强_05_081-100.md,090_佛山市顺德区共诺电子元件厂搬迁项目_01_受理公告或公示版
PL021,PL021_佛山市顺德区共诺电子元件厂搬迁项目_01_受理公告或公示版.pdf,42,2,5,完整,1.0,"4 | 废液压
油 | 液压油 | 易燃液体 | 危废暂存间
/15kg铁桶 | 0.25 | 2500 | 0.0001",,解析文本拼接_表格清洗增强_05_081-100.md,090_佛山市顺德区共诺电子元件厂搬迁项目_01_受理公告或公示版
PL021,PL021_佛山市顺德区共诺电子元件厂搬迁项目_01_受理公告或公示版.pdf,42,2,6,疑似缺失,0.5,合计 | 0.000203,0.000203,解析文本拼接_表格清洗增强_05_081-100.md,090_佛山市顺德区共诺电子元件厂搬迁项目_01_受理公告或公示版
PL021,PL021_佛山市顺德区共诺电子元件厂搬迁项目_01_受理公告或公示版.pdf,43,2,1,完整,1.0,"事故起因 | 环境风险描述 | 涉及化学品
(污染物) | 受体类型 | 途径及后果 | 工序 | 风险防范措施",,解析文本拼接_表格清洗增强_05_081-100.md,090_佛山市顺德区共诺电子元件厂搬迁项目_01_受理公告或公示版
PL021,PL021_佛山市顺德区共诺电子元件厂搬迁项目_01_受理公告或公示版.pdf,43,2,3,完整,1.0,"危险废物
泄漏 | 泄漏危险废物通过
雨水管进入水体 | 废机油、废
液压油等 | 水环境 | 影响内河涌水质，
影响水生环境 | 危废暂存
间 | 危险废物暂存间设置
围堰，做好防渗措施",,解析文本拼接_表格清洗增强_05_081-100.md,090_佛山市顺德区共诺电子元件厂搬迁项目_01_受理公告或公示版
PL021,PL021_佛山市顺德区共诺电子元件厂搬迁项目_01_受理公告或公示版.pdf,43,2,4,完整,1.0,"废气事故
排放 | 非甲烷总烃、臭气
未经收集直接进入
大气 | 非甲烷总
烃、臭气等 | 大气环境 | 废气收集系统出现
故障，非甲烷总烃
和臭气未经收集直
接无组织进入大
气，对环境及人群
健康造成危害 | 废气收集
系统 | 定期做好废气处理设
施的检修和维护，事故
发生后停止生产，维修
设备",,解析文本拼接_表格清洗增强_05_081-100.md,090_佛山市顺德区共诺电子元件厂搬迁项目_01_受理公告或公示版
PL021,PL021_佛山市顺德区共诺电子元件厂搬迁项目_01_受理公告或公示版.pdf,43,2,5,完整,1.0,"火灾、爆炸 | 燃烧烟尘及污染物
污染周围大气环境 | CO、颗粒物
等 | 大气环境 | 对周围大气环境造
成短时污染 | 仓库、生
产车间 | 落实防止火灾措施，发
生火灾时可封堵雨水
井",,解析文本拼接_表格清洗增强_05_081-100.md,090_佛山市顺德区共诺电子元件厂搬迁项目_01_受理公告或公示版
PL021,PL021_佛山市顺德区共诺电子元件厂搬迁项目_01_受理公告或公示版.pdf,43,2,6,完整,1.0,"消防废水通过雨水
管进入附近水体 | CODCr 等 | 水环境 | 对附近内河涌水质
造成影响 | 仓库、生
产车间",,解析文本拼接_表格清洗增强_05_081-100.md,090_佛山市顺德区共诺电子元件厂搬迁项目_01_受理公告或公示版
PL021,PL021_佛山市顺德区共诺电子元件厂搬迁项目_01_受理公告或公示版.pdf,44,2,2,完整,1.0,1 | 污水处理工程 | 三级化粪池 | 1 | 4,,解析文本拼接_表格清洗增强_05_081-100.md,090_佛山市顺德区共诺电子元件厂搬迁项目_01_受理公告或公示版
PL021,PL021_佛山市顺德区共诺电子元件厂搬迁项目_01_受理公告或公示版.pdf,44,2,3,完整,1.0,"2 | 废气处理工程 | 废气收集、排放管道、活
性炭处理设施等 | 6",,解析文本拼接_表格清洗增强_05_081-100.md,090_佛山市顺德区共诺电子元件厂搬迁项目_01_受理公告或公示版
PL021,PL021_佛山市顺德区共诺电子元件厂搬迁项目_01_受理公告或公示版.pdf,44,2,4,完整,1.0,3 | 噪声防治措施 | 厂房的隔声降噪 | 2,,解析文本拼接_表格清洗增强_05_081-100.md,090_佛山市顺德区共诺电子元件厂搬迁项目_01_受理公告或公示版
PL021,PL021_佛山市顺德区共诺电子元件厂搬迁项目_01_受理公告或公示版.pdf,44,2,5,完整,1.0,4 | 固废 | 危废暂存间围堰及处理 | 1,,解析文本拼接_表格清洗增强_05_081-100.md,090_佛山市顺德区共诺电子元件厂搬迁项目_01_受理公告或公示版
PL021,PL021_佛山市顺德区共诺电子元件厂搬迁项目_01_受理公告或公示版.pdf,44,3,2,完整,1.0,②定期 | 做好废气处理设 | 施的检修和维护，对操作 | 人员进行定期培训。,,解析文本拼接_表格清洗增强_05_081-100.md,090_佛山市顺德区共诺电子元件厂搬迁项目_01_受理公告或公示版
PL021,PL021_佛山市顺德区共诺电子元件厂搬迁项目_01_受理公告或公示版.pdf,44,3,4,完整,1.0,【 | 2018】4 | 4号），项目属 | 于塑料制品业，项目内不 | 涉及电镀和喷漆工艺，不使用有毒原材,,解析文本拼接_表格清洗增强_05_081-100.md,090_佛山市顺德区共诺电子元件厂搬迁项目_01_受理公告或公示版
PL021,PL021_佛山市顺德区共诺电子元件厂搬迁项目_01_受理公告或公示版.pdf,44,3,6,完整,1.0,内 | 发生过突 | 发环境事件或因 | 违法排放污染物、非法转 | 移处置危险废物等行为受到生态环境部,,解析文本拼接_表格清洗增强_05_081-100.md,090_佛山市顺德区共诺电子元件厂搬迁项目_01_受理公告或公示版
PL021,PL021_佛山市顺德区共诺电子元件厂搬迁项目_01_受理公告或公示版.pdf,44,3,8,完整,1.0,案 | 备案的指 | 导意见（试行） | 的通知》（佛环〔2020 | 〕54号），企业进行突发环境事件应急,,解析文本拼接_表格清洗增强_05_081-100.md,090_佛山市顺德区共诺电子元件厂搬迁项目_01_受理公告或公示版
PL021,PL021_佛山市顺德区共诺电子元件厂搬迁项目_01_受理公告或公示版.pdf,44,3,10,完整,1.0,④公司 | 应严格按照《危 | 险废物贮存污染控制标 | 准》（（GB18597-2023）对危险废物暂,,解析文本拼接_表格清洗增强_05_081-100.md,090_佛山市顺德区共诺电子元件厂搬迁项目_01_受理公告或公示版
PL021,PL021_佛山市顺德区共诺电子元件厂搬迁项目_01_受理公告或公示版.pdf,44,3,15,完整,1.0,8、电 | 磁辐射,,解析文本拼接_表格清洗增强_05_081-100.md,090_佛山市顺德区共诺电子元件厂搬迁项目_01_受理公告或公示版
PL021,PL021_佛山市顺德区共诺电子元件厂搬迁项目_01_受理公告或公示版.pdf,44,3,17,完整,1.0,9、环 | 保投资估算,,解析文本拼接_表格清洗增强_05_081-100.md,090_佛山市顺德区共诺电子元件厂搬迁项目_01_受理公告或公示版
PL021,PL021_佛山市顺德区共诺电子元件厂搬迁项目_01_受理公告或公示版.pdf,44,3,19,完整,1.0,护 | 和污染防 | 治工作拟采用一 | 些必要的工程措施，对本 | 环境保护投资进行估算，具体结果见表,,解析文本拼接_表格清洗增强_05_081-100.md,090_佛山市顺德区共诺电子元件厂搬迁项目_01_受理公告或公示版
PL021,PL021_佛山市顺德区共诺电子元件厂搬迁项目_01_受理公告或公示版.pdf,44,3,21,完整,1.0,表4-24 环境保护工 | 程措施投资,,解析文本拼接_表格清洗增强_05_081-100.md,090_佛山市顺德区共诺电子元件厂搬迁项目_01_受理公告或公示版
PL021,PL021_佛山市顺德区共诺电子元件厂搬迁项目_01_受理公告或公示版.pdf,44,3,23,完整,1.0,1 | 污水处理工程 | 三级化粪池 | 1,,解析文本拼接_表格清洗增强_05_081-100.md,090_佛山市顺德区共诺电子元件厂搬迁项目_01_受理公告或公示版
PL021,PL021_佛山市顺德区共诺电子元件厂搬迁项目_01_受理公告或公示版.pdf,44,3,25,完整,1.0,2 | 废气处理工程 | 6,,解析文本拼接_表格清洗增强_05_081-100.md,090_佛山市顺德区共诺电子元件厂搬迁项目_01_受理公告或公示版
PL021,PL021_佛山市顺德区共诺电子元件厂搬迁项目_01_受理公告或公示版.pdf,44,3,27,完整,1.0,"3 | 噪声防治措施 | 厂房的隔声降噪 | 4
2",,解析文本拼接_表格清洗增强_05_081-100.md,090_佛山市顺德区共诺电子元件厂搬迁项目_01_受理公告或公示版
PL021,PL021_佛山市顺德区共诺电子元件厂搬迁项目_01_受理公告或公示版.pdf,44,3,28,完整,1.0,4 | 固废 | 危废暂存间围堰及处理 | 1,,解析文本拼接_表格清洗增强_05_081-100.md,090_佛山市顺德区共诺电子元件厂搬迁项目_01_受理公告或公示版
PL021,PL021_佛山市顺德区共诺电子元件厂搬迁项目_01_受理公告或公示版.pdf,45,1,1,完整,1.0,"内容
要素 | 排放口(编号、
名称)/污染源 | 污染物项目 | 环境保护措施 | 执行标准",,解析文本拼接_表格清洗增强_05_081-100.md,090_佛山市顺德区共诺电子元件厂搬迁项目_01_受理公告或公示版
PL021,PL021_佛山市顺德区共诺电子元件厂搬迁项目_01_受理公告或公示版.pdf,45,1,2,部分,0.8,"大气环境 | G1（排放口） | 非甲烷总烃 | 注塑废气经整室收
集，经“活性炭吸
附”处理后通过G1
排气筒（15m）排
放 | 《合成树脂工业污染物排放标
准》GB31572—2015（含 2024
年修改单）表4大气污染物排放
限值","注塑废气经整室收
集，经“活性炭吸
附”处理后通过G1
排气筒（15m）排
放",解析文本拼接_表格清洗增强_05_081-100.md,090_佛山市顺德区共诺电子元件厂搬迁项目_01_受理公告或公示版
PL021,PL021_佛山市顺德区共诺电子元件厂搬迁项目_01_受理公告或公示版.pdf,45,1,3,完整,1.0,"臭气浓度 | 《恶臭污染物排放标准》
（GB14554-93）表2恶臭污染
物排放标准值",,解析文本拼接_表格清洗增强_05_081-100.md,090_佛山市顺德区共诺电子元件厂搬迁项目_01_受理公告或公示版
PL021,PL021_佛山市顺德区共诺电子元件厂搬迁项目_01_受理公告或公示版.pdf,45,1,4,完整,1.0,"无组织 | 颗粒物、臭
气浓度 | 加强车间通风换气 | 颗粒物执行广东省《大气污染物
排放限值》（DB44/27—2001）
表2工艺废气大气污染物排放
限值、臭气浓度执行《恶臭污染
物排放标准》（GB14554-93）
表1中的二级新改扩建厂界标
准值",,解析文本拼接_表格清洗增强_05_081-100.md,090_佛山市顺德区共诺电子元件厂搬迁项目_01_受理公告或公示版
PL021,PL021_佛山市顺德区共诺电子元件厂搬迁项目_01_受理公告或公示版.pdf,45,1,5,完整,1.0,"厂区内 | NMHC | / | 广东省《固定污染源挥发性有机
物综合排放标准》
（DB44/2367-2022）表3厂区
内NMHC无组织排放限值的要
求",,解析文本拼接_表格清洗增强_05_081-100.md,090_佛山市顺德区共诺电子元件厂搬迁项目_01_受理公告或公示版
PL021,PL021_佛山市顺德区共诺电子元件厂搬迁项目_01_受理公告或公示版.pdf,45,1,6,完整,1.0,"地表水
环境 | 生活污水 | COD
Cr | 生活污水经三级化
粪预处理后通过市
政管道排入大门污
水处理厂处理，尾
水排入顺德支流 | 《水污染物排放限值》
（DB44/26-2001）第二时段三级
标准；污水厂出水处理执行《城
镇污水处理厂污染物排放标准》
（GB18918-2002）一级A标准
和广东省地方标准《水污排染物
放限值》（DB44/26",,解析文本拼接_表格清洗增强_05_081-100.md,090_佛山市顺德区共诺电子元件厂搬迁项目_01_受理公告或公示版
PL021,PL021_佛山市顺德区共诺电子元件厂搬迁项目_01_受理公告或公示版.pdf,45,1,13,完整,1.0,"声环境 | 设备噪声 | 车间设备合理布
局，厂房建筑隔声；
风机外安装隔声
罩，下方加装减振
垫等 | 《工业企业厂界环境噪声排放
标准》（GB12348-2008）的3
类标准",,解析文本拼接_表格清洗增强_05_081-100.md,090_佛山市顺德区共诺电子元件厂搬迁项目_01_受理公告或公示版
PL021,PL021_佛山市顺德区共诺电子元件厂搬迁项目_01_受理公告或公示版.pdf,45,2,2,完整,1.0,( | 污染物项目 | 环境保护措施 | 执行标准,,解析文本拼接_表格清洗增强_05_081-100.md,090_佛山市顺德区共诺电子元件厂搬迁项目_01_受理公告或公示版
PL021,PL021_佛山市顺德区共诺电子元件厂搬迁项目_01_受理公告或公示版.pdf,45,2,7,疑似缺失,0.0,注塑废气经整室收 | 准》 （含,注塑废气经整室收；准》 （含,解析文本拼接_表格清洗增强_05_081-100.md,090_佛山市顺德区共诺电子元件厂搬迁项目_01_受理公告或公示版
PL021,PL021_佛山市顺德区共诺电子元件厂搬迁项目_01_受理公告或公示版.pdf,45,2,8,疑似缺失,0.5,非甲烷总烃 | GB31572—2015 2024,GB31572—2015 2024,解析文本拼接_表格清洗增强_05_081-100.md,090_佛山市顺德区共诺电子元件厂搬迁项目_01_受理公告或公示版
PL021,PL021_佛山市顺德区共诺电子元件厂搬迁项目_01_受理公告或公示版.pdf,45,2,9,完整,1.0,集，经“活性炭吸 | 年修改单）表4大气污染物排放,,解析文本拼接_表格清洗增强_05_081-100.md,090_佛山市顺德区共诺电子元件厂搬迁项目_01_受理公告或公示版
PL021,PL021_佛山市顺德区共诺电子元件厂搬迁项目_01_受理公告或公示版.pdf,45,2,10,完整,1.0,G1（排放口） | 附”处理后通过G1 | 限值,,解析文本拼接_表格清洗增强_05_081-100.md,090_佛山市顺德区共诺电子元件厂搬迁项目_01_受理公告或公示版
PL021,PL021_佛山市顺德区共诺电子元件厂搬迁项目_01_受理公告或公示版.pdf,45,2,11,完整,1.0,排气筒（15m）排 | 《恶臭污染物排放标准》,,解析文本拼接_表格清洗增强_05_081-100.md,090_佛山市顺德区共诺电子元件厂搬迁项目_01_受理公告或公示版
PL021,PL021_佛山市顺德区共诺电子元件厂搬迁项目_01_受理公告或公示版.pdf,45,2,12,完整,1.0,臭气浓度 | 放 | （GB14554-93）表2恶臭污染,,解析文本拼接_表格清洗增强_05_081-100.md,090_佛山市顺德区共诺电子元件厂搬迁项目_01_受理公告或公示版
PL021,PL021_佛山市顺德区共诺电子元件厂搬迁项目_01_受理公告或公示版.pdf,45,2,16,疑似缺失,0.5,大气环境 | 表 工艺废气大气污染物排放,表 工艺废气大气污染物排放,解析文本拼接_表格清洗增强_05_081-100.md,090_佛山市顺德区共诺电子元件厂搬迁项目_01_受理公告或公示版
PL021,PL021_佛山市顺德区共诺电子元件厂搬迁项目_01_受理公告或公示版.pdf,45,2,17,完整,1.0,颗粒物、臭 | 2,,解析文本拼接_表格清洗增强_05_081-100.md,090_佛山市顺德区共诺电子元件厂搬迁项目_01_受理公告或公示版
PL021,PL021_佛山市顺德区共诺电子元件厂搬迁项目_01_受理公告或公示版.pdf,45,2,18,完整,1.0,无组织 | 加强车间通风换气 | 限值、臭气浓度执行《恶臭污染,,解析文本拼接_表格清洗增强_05_081-100.md,090_佛山市顺德区共诺电子元件厂搬迁项目_01_受理公告或公示版
PL021,PL021_佛山市顺德区共诺电子元件厂搬迁项目_01_受理公告或公示版.pdf,45,2,25,完整,1.0,厂区内 | NMHC | / | （DB44/2367-2022）表3厂区,,解析文本拼接_表格清洗增强_05_081-100.md,090_佛山市顺德区共诺电子元件厂搬迁项目_01_受理公告或公示版
PL021,PL021_佛山市顺德区共诺电子元件厂搬迁项目_01_受理公告或公示版.pdf,45,2,36,疑似缺失,0.5,NH -N | 镇污水处理厂污染物排放标准》,NH -N,解析文本拼接_表格清洗增强_05_081-100.md,090_佛山市顺德区共诺电子元件厂搬迁项目_01_受理公告或公示版
PL021,PL021_佛山市顺德区共诺电子元件厂搬迁项目_01_受理公告或公示版.pdf,45,2,40,部分,0.75,地表水 | SS | 水处理厂处理，尾 | GB18918-2002 A,GB18918-2002 A,解析文本拼接_表格清洗增强_05_081-100.md,090_佛山市顺德区共诺电子元件厂搬迁项目_01_受理公告或公示版
PL021,PL021_佛山市顺德区共诺电子元件厂搬迁项目_01_受理公告或公示版.pdf,45,2,41,完整,1.0,环境 | 水排入顺德支流 | 和广东省地方标准《水污排染物,,解析文本拼接_表格清洗增强_05_081-100.md,090_佛山市顺德区共诺电子元件厂搬迁项目_01_受理公告或公示版
PL021,PL021_佛山市顺德区共诺电子元件厂搬迁项目_01_受理公告或公示版.pdf,45,2,42,完整,1.0,总磷 | 放限值》（DB44/26-2001）第二,,解析文本拼接_表格清洗增强_05_081-100.md,090_佛山市顺德区共诺电子元件厂搬迁项目_01_受理公告或公示版
PL021,PL021_佛山市顺德区共诺电子元件厂搬迁项目_01_受理公告或公示版.pdf,45,2,50,完整,1.0,局，厂房建筑隔声； | 《工业企业厂界环境噪声排放,,解析文本拼接_表格清洗增强_05_081-100.md,090_佛山市顺德区共诺电子元件厂搬迁项目_01_受理公告或公示版
PL021,PL021_佛山市顺德区共诺电子元件厂搬迁项目_01_受理公告或公示版.pdf,45,2,51,完整,1.0,声环境 | 设备噪声 | 风机外安装隔声 | 标准》（GB12348-2008）的3,,解析文本拼接_表格清洗增强_05_081-100.md,090_佛山市顺德区共诺电子元件厂搬迁项目_01_受理公告或公示版
PL021,PL021_佛山市顺德区共诺电子元件厂搬迁项目_01_受理公告或公示版.pdf,45,2,52,完整,1.0,罩，下方加装减振 | 类标准,,解析文本拼接_表格清洗增强_05_081-100.md,090_佛山市顺德区共诺电子元件厂搬迁项目_01_受理公告或公示版
PL021,PL021_佛山市顺德区共诺电子元件厂搬迁项目_01_受理公告或公示版.pdf,46,1,1,完整,1.0,"内容
要素 | 排放口(编号、
名称)/污染源 | 污染物项目 | 环境保护措施 | 执行标准",,解析文本拼接_表格清洗增强_05_081-100.md,090_佛山市顺德区共诺电子元件厂搬迁项目_01_受理公告或公示版
PL021,PL021_佛山市顺德区共诺电子元件厂搬迁项目_01_受理公告或公示版.pdf,46,1,2,完整,1.0,"固体废物 | 生活垃圾交由环卫部门统一清运处理；注塑次品和边角料收集后回用于生产，废
包装袋定期外卖给回收商。废机油、废液压油、含油废抹布、废包装桶和废活性炭等
危险废物分类收集，交由有相应类别危险废物处理资质单位的处理。",,解析文本拼接_表格清洗增强_05_081-100.md,090_佛山市顺德区共诺电子元件厂搬迁项目_01_受理公告或公示版
PL021,PL021_佛山市顺德区共诺电子元件厂搬迁项目_01_受理公告或公示版.pdf,46,1,3,完整,1.0,"土壤及地
下水污染
防治措施 | 原料仓库、危废暂存间做好防雨、防渗漏等措施，并配备毛毡、木屑、抹布等吸
收材料，液态危险废物少量泄漏采用吸收材料处置。生产运营期间，做好各项防渗措
施，并加强维护和厂区环境管理。",,解析文本拼接_表格清洗增强_05_081-100.md,090_佛山市顺德区共诺电子元件厂搬迁项目_01_受理公告或公示版
PL021,PL021_佛山市顺德区共诺电子元件厂搬迁项目_01_受理公告或公示版.pdf,46,1,5,完整,1.0,"环境风险
防范措施 | 项目不使用危险化学品。通过简单风险分析，项目主要风险为储存过程中机油、
液压油等泄漏通过雨水管排放到附近水体，污染水环境和土壤环境；或泄漏遇明火发
生火灾甚至爆炸，燃烧烟尘及污染物污染周围大气环境，消防废水进入附近水体，污
染水环境和土壤环境；废气事故排放，对周围大气环境造成短时污染。项目通过规范
储存原料和危险废物，控制储存量，采取",,解析文本拼接_表格清洗增强_05_081-100.md,090_佛山市顺德区共诺电子元件厂搬迁项目_01_受理公告或公示版
PL021,PL021_佛山市顺德区共诺电子元件厂搬迁项目_01_受理公告或公示版.pdf,46,2,1,完整,1.0,固体废物 | 包装袋定期外卖给回收商。废机油、废液压油、含油废抹布、废包装桶和废活性炭等,,解析文本拼接_表格清洗增强_05_081-100.md,090_佛山市顺德区共诺电子元件厂搬迁项目_01_受理公告或公示版
PL021,PL021_佛山市顺德区共诺电子元件厂搬迁项目_01_受理公告或公示版.pdf,46,2,5,完整,1.0,下水污染 | 收材料，液态危险废物少量泄漏采用吸收材料处置。生产运营期间，做好各项防渗措,,解析文本拼接_表格清洗增强_05_081-100.md,090_佛山市顺德区共诺电子元件厂搬迁项目_01_受理公告或公示版
PL021,PL021_佛山市顺德区共诺电子元件厂搬迁项目_01_受理公告或公示版.pdf,47,1,1,完整,1.0,"内容
要素 | 排放口(编号、
名称)/污染源 | 污染物项目 | 环境保护措施 | 执行标准",,解析文本拼接_表格清洗增强_05_081-100.md,090_佛山市顺德区共诺电子元件厂搬迁项目_01_受理公告或公示版
PL021,PL021_佛山市顺德区共诺电子元件厂搬迁项目_01_受理公告或公示版.pdf,49,1,1,完整,1.0,"项目
分类 | 污染物名称 | 现有工程
排放量（固体废
物产生量）① | 现有工程
许可排放量
② | 在建工程
排放量（固体废物
产生量）③ | 本项目
排放量（固体废物
产生量）④ | 以新带老削减量
（新建项目不填）
⑤ | 本项目建成后
全厂排放量（固体废物产
生量）⑥ | 变化量
⑦",,解析文本拼接_表格清洗增强_05_081-100.md,090_佛山市顺德区共诺电子元件厂搬迁项目_01_受理公告或公示版
PL021,PL021_佛山市顺德区共诺电子元件厂搬迁项目_01_受理公告或公示版.pdf,49,1,2,部分,0.9,"废
气 | 有组
织 | 非甲烷总烃(t/a) | 0.029 | 0.004 | / | 0.164 | 0.029 | 0.164 | +0.135",+0.135,解析文本拼接_表格清洗增强_05_081-100.md,090_佛山市顺德区共诺电子元件厂搬迁项目_01_受理公告或公示版
PL021,PL021_佛山市顺德区共诺电子元件厂搬迁项目_01_受理公告或公示版.pdf,49,1,3,疑似缺失,0.667,"无组
织 | 非甲烷总烃(t/a) | 0.068 | / | / | 0.037 | 0.068 | 0.037 | -0.031",0.037；0.037；-0.031,解析文本拼接_表格清洗增强_05_081-100.md,090_佛山市顺德区共诺电子元件厂搬迁项目_01_受理公告或公示版
PL021,PL021_佛山市顺德区共诺电子元件厂搬迁项目_01_受理公告或公示版.pdf,49,1,4,疑似缺失,0.625,颗粒物(t/a) | 0.0017 | / | / | 0.007 | 0.0017 | 0.007 | +0.0053,0.007；0.007；+0.0053,解析文本拼接_表格清洗增强_05_081-100.md,090_佛山市顺德区共诺电子元件厂搬迁项目_01_受理公告或公示版
PL021,PL021_佛山市顺德区共诺电子元件厂搬迁项目_01_受理公告或公示版.pdf,49,1,5,部分,0.9,"废
水 | 生活
污水 | COD (kg/a)
Cr | 9 | / | / | 3.6 | 9 | 3.6 | -5.4","COD (kg/a)
Cr",解析文本拼接_表格清洗增强_05_081-100.md,090_佛山市顺德区共诺电子元件厂搬迁项目_01_受理公告或公示版
PL021,PL021_佛山市顺德区共诺电子元件厂搬迁项目_01_受理公告或公示版.pdf,49,1,6,部分,0.875,"BOD (kg/a)
5 | 2.7 | / | / | 0.9 | 2.7 | 0.9 | -1.8","BOD (kg/a)
5",解析文本拼接_表格清洗增强_05_081-100.md,090_佛山市顺德区共诺电子元件厂搬迁项目_01_受理公告或公示版
PL021,PL021_佛山市顺德区共诺电子元件厂搬迁项目_01_受理公告或公示版.pdf,49,1,7,部分,0.875,"NH -N(kg/a)
3 | 2.25 | / | / | 0.45 | 2.25 | 0.45 | -1.8","NH -N(kg/a)
3",解析文本拼接_表格清洗增强_05_081-100.md,090_佛山市顺德区共诺电子元件厂搬迁项目_01_受理公告或公示版
PL021,PL021_佛山市顺德区共诺电子元件厂搬迁项目_01_受理公告或公示版.pdf,49,1,8,完整,1.0,SS(kg/a) | 2.7 | / | / | 0.9 | 2.7 | 0.9 | -1.8,,解析文本拼接_表格清洗增强_05_081-100.md,090_佛山市顺德区共诺电子元件厂搬迁项目_01_受理公告或公示版
PL021,PL021_佛山市顺德区共诺电子元件厂搬迁项目_01_受理公告或公示版.pdf,49,1,9,部分,0.875,总磷(kg/a) | 0.27 | / | / | 0.45 | 0.27 | 0.45 | +0.18,+0.18,解析文本拼接_表格清洗增强_05_081-100.md,090_佛山市顺德区共诺电子元件厂搬迁项目_01_受理公告或公示版
PL021,PL021_佛山市顺德区共诺电子元件厂搬迁项目_01_受理公告或公示版.pdf,49,1,10,完整,1.0,"一般工业
固体废物 | 生活垃圾（t/a） | 1.5 | / | / | 1.5 | 1.5 | 1.5 | 0",,解析文本拼接_表格清洗增强_05_081-100.md,090_佛山市顺德区共诺电子元件厂搬迁项目_01_受理公告或公示版
PL021,PL021_佛山市顺德区共诺电子元件厂搬迁项目_01_受理公告或公示版.pdf,49,1,11,疑似缺失,0.625,次品和边角料（t/a） | 0.5 | / | / | 6.769 | 0.5 | 6.769 | +6.269,6.769；6.769；+6.269,解析文本拼接_表格清洗增强_05_081-100.md,090_佛山市顺德区共诺电子元件厂搬迁项目_01_受理公告或公示版
PL021,PL021_佛山市顺德区共诺电子元件厂搬迁项目_01_受理公告或公示版.pdf,49,1,12,疑似缺失,0.625,废包装袋（t/a） | 0.1 | / | / | 1.482 | 0.1 | 1.482 | +1.381,1.482；1.482；+1.381,解析文本拼接_表格清洗增强_05_081-100.md,090_佛山市顺德区共诺电子元件厂搬迁项目_01_受理公告或公示版
PL021,PL021_佛山市顺德区共诺电子元件厂搬迁项目_01_受理公告或公示版.pdf,49,1,13,完整,1.0,危险废物 | 废机油（t/a） | 0.0025 | / | / | 0.0025 | 0.0025 | 0.0025 | 0,,解析文本拼接_表格清洗增强_05_081-100.md,090_佛山市顺德区共诺电子元件厂搬迁项目_01_受理公告或公示版
PL021,PL021_佛山市顺德区共诺电子元件厂搬迁项目_01_受理公告或公示版.pdf,49,1,14,部分,0.875,废液压油（t/a） | 0 | / | / | 0.25 | 0 | 0.25 | +0.25,+0.25,解析文本拼接_表格清洗增强_05_081-100.md,090_佛山市顺德区共诺电子元件厂搬迁项目_01_受理公告或公示版
PL021,PL021_佛山市顺德区共诺电子元件厂搬迁项目_01_受理公告或公示版.pdf,49,1,15,完整,1.0,含油废抹布（t/a） | 0.001 | / | / | 0.005 | 0.001 | 0.005 | +0.004,,解析文本拼接_表格清洗增强_05_081-100.md,090_佛山市顺德区共诺电子元件厂搬迁项目_01_受理公告或公示版
PL021,PL021_佛山市顺德区共诺电子元件厂搬迁项目_01_受理公告或公示版.pdf,49,1,16,疑似缺失,0.625,废包装桶（t/a） | 0.002 | / | / | 0.0154 | 0.002 | 0.0154 | +0.0134,0.0154；0.0154；+0.0134,解析文本拼接_表格清洗增强_05_081-100.md,090_佛山市顺德区共诺电子元件厂搬迁项目_01_受理公告或公示版
PL021,PL021_佛山市顺德区共诺电子元件厂搬迁项目_01_受理公告或公示版.pdf,49,1,17,疑似缺失,0.625,废活性炭（t/a） | 0 | / | / | 2.3816 | 0 | 2.3816 | +2.3816,2.3816；2.3816；+2.3816,解析文本拼接_表格清洗增强_05_081-100.md,090_佛山市顺德区共诺电子元件厂搬迁项目_01_受理公告或公示版
PL021,PL021_佛山市顺德区共诺电子元件厂搬迁项目_01_受理公告或公示版.pdf,49,2,3,部分,0.857,污染物名称 | 排放量（固体废 | 许可排放量 | 排放量（固体废物 | 排放量（固体废物 | （新建项目不填）全厂 | 排放量（固体废物产,（新建项目不填）全厂,解析文本拼接_表格清洗增强_05_081-100.md,090_佛山市顺德区共诺电子元件厂搬迁项目_01_受理公告或公示版
PL021,PL021_佛山市顺德区共诺电子元件厂搬迁项目_01_受理公告或公示版.pdf,49,2,8,部分,0.875,(t/a) | 0.029 | 0.004 | / | 0.164 | 0.029 | 0.164 | +0.135,+0.135,解析文本拼接_表格清洗增强_05_081-100.md,090_佛山市顺德区共诺电子元件厂搬迁项目_01_受理公告或公示版
PL021,PL021_佛山市顺德区共诺电子元件厂搬迁项目_01_受理公告或公示版.pdf,49,2,10,部分,0.7,气 | 无组 | 非甲烷总烃(t/a) | 0.068 | / | / | 0.037 | 0.068 | 0.037 | -0.031,0.037；0.037；-0.031,解析文本拼接_表格清洗增强_05_081-100.md,090_佛山市顺德区共诺电子元件厂搬迁项目_01_受理公告或公示版
PL021,PL021_佛山市顺德区共诺电子元件厂搬迁项目_01_受理公告或公示版.pdf,49,2,11,疑似缺失,0.667,织 | 颗粒物(t/a) | 0.0017 | / | / | 0.007 | 0.0017 | 0.007 | +0.0053,0.007；0.007；+0.0053,解析文本拼接_表格清洗增强_05_081-100.md,090_佛山市顺德区共诺电子元件厂搬迁项目_01_受理公告或公示版
PL021,PL021_佛山市顺德区共诺电子元件厂搬迁项目_01_受理公告或公示版.pdf,49,2,12,部分,0.875,"COD (kg/a)
Cr | 9 | / | / | 3.6 | 9 | 3.6 | -5.4","COD (kg/a)
Cr",解析文本拼接_表格清洗增强_05_081-100.md,090_佛山市顺德区共诺电子元件厂搬迁项目_01_受理公告或公示版
PL021,PL021_佛山市顺德区共诺电子元件厂搬迁项目_01_受理公告或公示版.pdf,49,2,13,部分,0.875,"BOD (kg/a)
5 | 2.7 | / | / | 0.9 | 2.7 | 0.9 | -1.8","BOD (kg/a)
5",解析文本拼接_表格清洗增强_05_081-100.md,090_佛山市顺德区共诺电子元件厂搬迁项目_01_受理公告或公示版
PL021,PL021_佛山市顺德区共诺电子元件厂搬迁项目_01_受理公告或公示版.pdf,49,2,15,部分,0.875,"NH -N(kg/a)
3 | 2.25 | / | / | 0.45 | 2.25 | 0.45 | -1.8","NH -N(kg/a)
3",解析文本拼接_表格清洗增强_05_081-100.md,090_佛山市顺德区共诺电子元件厂搬迁项目_01_受理公告或公示版
PL021,PL021_佛山市顺德区共诺电子元件厂搬迁项目_01_受理公告或公示版.pdf,49,2,17,完整,1.0,SS(kg/a) | 2.7 | / | / | 0.9 | 2.7 | 0.9 | -1.8,,解析文本拼接_表格清洗增强_05_081-100.md,090_佛山市顺德区共诺电子元件厂搬迁项目_01_受理公告或公示版
PL021,PL021_佛山市顺德区共诺电子元件厂搬迁项目_01_受理公告或公示版.pdf,49,2,18,部分,0.875,总磷(kg/a) | 0.27 | / | / | 0.45 | 0.27 | 0.45 | +0.18,+0.18,解析文本拼接_表格清洗增强_05_081-100.md,090_佛山市顺德区共诺电子元件厂搬迁项目_01_受理公告或公示版
PL021,PL021_佛山市顺德区共诺电子元件厂搬迁项目_01_受理公告或公示版.pdf,49,2,19,完整,1.0,生活垃圾（t/a） | 1.5 | / | / | 1.5 | 1.5 | 1.5 | 0,,解析文本拼接_表格清洗增强_05_081-100.md,090_佛山市顺德区共诺电子元件厂搬迁项目_01_受理公告或公示版
PL021,PL021_佛山市顺德区共诺电子元件厂搬迁项目_01_受理公告或公示版.pdf,49,2,22,部分,0.7,固体 | 废物 | t/a | 0.5 | / | / | 6.769 | 0.5 | 6.769 | +6.269,6.769；6.769；+6.269,解析文本拼接_表格清洗增强_05_081-100.md,090_佛山市顺德区共诺电子元件厂搬迁项目_01_受理公告或公示版
PL021,PL021_佛山市顺德区共诺电子元件厂搬迁项目_01_受理公告或公示版.pdf,49,2,23,疑似缺失,0.625,废包装袋（t/a） | 0.1 | / | / | 1.482 | 0.1 | 1.482 | +1.381,1.482；1.482；+1.381,解析文本拼接_表格清洗增强_05_081-100.md,090_佛山市顺德区共诺电子元件厂搬迁项目_01_受理公告或公示版
PL021,PL021_佛山市顺德区共诺电子元件厂搬迁项目_01_受理公告或公示版.pdf,49,2,24,完整,1.0,废机油（t/a） | 0.0025 | / | / | 0.0025 | 0.0025 | 0.0025 | 0,,解析文本拼接_表格清洗增强_05_081-100.md,090_佛山市顺德区共诺电子元件厂搬迁项目_01_受理公告或公示版
PL021,PL021_佛山市顺德区共诺电子元件厂搬迁项目_01_受理公告或公示版.pdf,49,2,25,部分,0.875,废液压油（t/a） | 0 | / | / | 0.25 | 0 | 0.25 | +0.25,+0.25,解析文本拼接_表格清洗增强_05_081-100.md,090_佛山市顺德区共诺电子元件厂搬迁项目_01_受理公告或公示版
PL021,PL021_佛山市顺德区共诺电子元件厂搬迁项目_01_受理公告或公示版.pdf,49,2,26,完整,1.0,危险 | 废物 | 含油废抹布（t/a） | 0.001 | / | / | 0.005 | 0.001 | 0.005 | +0.004,,解析文本拼接_表格清洗增强_05_081-100.md,090_佛山市顺德区共诺电子元件厂搬迁项目_01_受理公告或公示版
PL021,PL021_佛山市顺德区共诺电子元件厂搬迁项目_01_受理公告或公示版.pdf,49,2,27,疑似缺失,0.625,废包装桶（t/a） | 0.002 | / | / | 0.0154 | 0.002 | 0.0154 | +0.0134,0.0154；0.0154；+0.0134,解析文本拼接_表格清洗增强_05_081-100.md,090_佛山市顺德区共诺电子元件厂搬迁项目_01_受理公告或公示版
PL021,PL021_佛山市顺德区共诺电子元件厂搬迁项目_01_受理公告或公示版.pdf,49,2,28,疑似缺失,0.625,废活性炭（t/a） | 0 | / | / | 2.3816 | 0 | 2.3816 | +2.3816,2.3816；2.3816；+2.3816,解析文本拼接_表格清洗增强_05_081-100.md,090_佛山市顺德区共诺电子元件厂搬迁项目_01_受理公告或公示版
PL022,PL022_佛山市锐拓新材料有限公司新建项目_01_受理公告或公示版.pdf,3,1,1,完整,1.0,建设项目名称 | 佛山市锐拓新材料有限公司新建项目,,解析文本拼接_表格清洗增强_02_021-040.md,021_佛山市锐拓新材料有限公司新建项目_01_受理公告或公示版
PL022,PL022_佛山市锐拓新材料有限公司新建项目_01_受理公告或公示版.pdf,3,1,3,完整,1.0,建设单位联系人 | 高** | 联系方式 | 189********,,解析文本拼接_表格清洗增强_02_021-040.md,021_佛山市锐拓新材料有限公司新建项目_01_受理公告或公示版
PL022,PL022_佛山市锐拓新材料有限公司新建项目_01_受理公告或公示版.pdf,3,1,4,完整,1.0,"建设地点 | 广东省佛山市顺德区杏坛镇顺盈路9号顺德高科智能科技产业中心20栋101
号之一",,解析文本拼接_表格清洗增强_02_021-040.md,021_佛山市锐拓新材料有限公司新建项目_01_受理公告或公示版
PL022,PL022_佛山市锐拓新材料有限公司新建项目_01_受理公告或公示版.pdf,3,1,5,完整,1.0,地理坐标 | （ 113 度 12 分 13.503 秒， 22 度 45 分 10.602 秒）,,解析文本拼接_表格清洗增强_02_021-040.md,021_佛山市锐拓新材料有限公司新建项目_01_受理公告或公示版
PL022,PL022_佛山市锐拓新材料有限公司新建项目_01_受理公告或公示版.pdf,3,1,6,完整,1.0,"国民经济
行业类别 | C2929塑料零件及其他塑
料制品制造 | 建设项目
行业类别 | 二十六、橡胶和塑料制品业
29-53-橡胶和塑料制品业
292-其他",,解析文本拼接_表格清洗增强_02_021-040.md,021_佛山市锐拓新材料有限公司新建项目_01_受理公告或公示版
PL022,PL022_佛山市锐拓新材料有限公司新建项目_01_受理公告或公示版.pdf,3,1,9,完整,1.0,总投资（万元） | 100 | 环保投资（万元） | 10,,解析文本拼接_表格清洗增强_02_021-040.md,021_佛山市锐拓新材料有限公司新建项目_01_受理公告或公示版
PL022,PL022_佛山市锐拓新材料有限公司新建项目_01_受理公告或公示版.pdf,3,1,10,完整,1.0,环保投资占比（%） | 10% | 施工工期 | 1个月,,解析文本拼接_表格清洗增强_02_021-040.md,021_佛山市锐拓新材料有限公司新建项目_01_受理公告或公示版
PL022,PL022_佛山市锐拓新材料有限公司新建项目_01_受理公告或公示版.pdf,3,1,11,完整,1.0,"是否开工建设 | 否
是： | 用地（用海）
面积（m2） | 占地面积600㎡",,解析文本拼接_表格清洗增强_02_021-040.md,021_佛山市锐拓新材料有限公司新建项目_01_受理公告或公示版
PL022,PL022_佛山市锐拓新材料有限公司新建项目_01_受理公告或公示版.pdf,3,1,14,完整,1.0,"规划环境影响
评价情况 | 规划环境影响评价文件名称：佛山市顺德高新技术产业开发区扩区规划环境
影响报告书
审查机关：佛山市生态环境局顺德分局
审查文件名称：佛山市生态环境局顺德分局关于佛山市顺德高新技术产业开
发区扩区规划环境影响报告书审查情况的复函
审查时间：2022年2月17日",,解析文本拼接_表格清洗增强_02_021-040.md,021_佛山市锐拓新材料有限公司新建项目_01_受理公告或公示版
PL022,PL022_佛山市锐拓新材料有限公司新建项目_01_受理公告或公示版.pdf,3,2,1,完整,1.0,建设项目名称 | 佛山市 | 锐拓新材料有限公司 | 新建项目,,解析文本拼接_表格清洗增强_02_021-040.md,021_佛山市锐拓新材料有限公司新建项目_01_受理公告或公示版
PL022,PL022_佛山市锐拓新材料有限公司新建项目_01_受理公告或公示版.pdf,3,2,3,完整,1.0,建设单位联系人 | 高** | 联系方式 | 189********,,解析文本拼接_表格清洗增强_02_021-040.md,021_佛山市锐拓新材料有限公司新建项目_01_受理公告或公示版
PL022,PL022_佛山市锐拓新材料有限公司新建项目_01_受理公告或公示版.pdf,3,2,4,完整,1.0,广东省佛山市顺德区杏坛 | 镇顺盈路9号顺德高科 | 智能科技产业中心20栋101,,解析文本拼接_表格清洗增强_02_021-040.md,021_佛山市锐拓新材料有限公司新建项目_01_受理公告或公示版
PL022,PL022_佛山市锐拓新材料有限公司新建项目_01_受理公告或公示版.pdf,3,2,7,完整,1.0,地理坐标 | （ 113 度 12 分 | 13.503 秒， 22 度 | 45 分 10.602 秒）,,解析文本拼接_表格清洗增强_02_021-040.md,021_佛山市锐拓新材料有限公司新建项目_01_受理公告或公示版
PL022,PL022_佛山市锐拓新材料有限公司新建项目_01_受理公告或公示版.pdf,3,2,9,完整,1.0,国民经济 | C | 2929塑料零件及其他塑 | 建设项目,,解析文本拼接_表格清洗增强_02_021-040.md,021_佛山市锐拓新材料有限公司新建项目_01_受理公告或公示版
PL022,PL022_佛山市锐拓新材料有限公司新建项目_01_受理公告或公示版.pdf,3,2,21,完整,1.0,总投资（万元） | 100 | 环保投资（万元） | 10,,解析文本拼接_表格清洗增强_02_021-040.md,021_佛山市锐拓新材料有限公司新建项目_01_受理公告或公示版
PL022,PL022_佛山市锐拓新材料有限公司新建项目_01_受理公告或公示版.pdf,3,2,22,完整,1.0,环保投资占比（%） | 10% | 施工工期 | 1个月,,解析文本拼接_表格清洗增强_02_021-040.md,021_佛山市锐拓新材料有限公司新建项目_01_受理公告或公示版
PL022,PL022_佛山市锐拓新材料有限公司新建项目_01_受理公告或公示版.pdf,3,2,24,完整,1.0,是否开工建设 | 占地面积600㎡,,解析文本拼接_表格清洗增强_02_021-040.md,021_佛山市锐拓新材料有限公司新建项目_01_受理公告或公示版
PL022,PL022_佛山市锐拓新材料有限公司新建项目_01_受理公告或公示版.pdf,4,3,10,完整,1.0,（Hg）、镉（Cd）、铬（Cr） | 1、本项目属于C2929,,解析文本拼接_表格清洗增强_02_021-040.md,021_佛山市锐拓新材料有限公司新建项目_01_受理公告或公示版
PL022,PL022_佛山市锐拓新材料有限公司新建项目_01_受理公告或公示版.pdf,4,3,12,完整,1.0,机污染物的项目。 | 制品制造不属于《市场,,解析文本拼接_表格清洗增强_02_021-040.md,021_佛山市锐拓新材料有限公司新建项目_01_受理公告或公示版
PL022,PL022_佛山市锐拓新材料有限公司新建项目_01_受理公告或公示版.pdf,4,3,13,完整,1.0,3、饮用水源准保护区内不得新 | 准入负面清单（2022年,,解析文本拼接_表格清洗增强_02_021-040.md,021_佛山市锐拓新材料有限公司新建项目_01_受理公告或公示版
PL022,PL022_佛山市锐拓新材料有限公司新建项目_01_受理公告或公示版.pdf,4,3,14,完整,1.0,建、扩建对水体污染严重、排放 | 版）》（发改体改规,,解析文本拼接_表格清洗增强_02_021-040.md,021_佛山市锐拓新材料有限公司新建项目_01_受理公告或公示版
PL022,PL022_佛山市锐拓新材料有限公司新建项目_01_受理公告或公示版.pdf,4,3,15,完整,1.0,一类水污染物和持久性有机污 | [2022]397号）中禁止和,,解析文本拼接_表格清洗增强_02_021-040.md,021_佛山市锐拓新材料有限公司新建项目_01_受理公告或公示版
PL022,PL022_佛山市锐拓新材料有限公司新建项目_01_受理公告或公示版.pdf,4,3,17,完整,1.0,增水污染物。 | 2、本项目不涉及重金,,解析文本拼接_表格清洗增强_02_021-040.md,021_佛山市锐拓新材料有限公司新建项目_01_受理公告或公示版
PL022,PL022_佛山市锐拓新材料有限公司新建项目_01_受理公告或公示版.pdf,4,3,18,完整,1.0,4、禁止引入达不到清洁生产国 | 属污染物和持久性有,,解析文本拼接_表格清洗增强_02_021-040.md,021_佛山市锐拓新材料有限公司新建项目_01_受理公告或公示版
PL022,PL022_佛山市锐拓新材料有限公司新建项目_01_受理公告或公示版.pdf,4,3,19,完整,1.0,际先进水平的企业。 | 机污染物排放。,,解析文本拼接_表格清洗增强_02_021-040.md,021_佛山市锐拓新材料有限公司新建项目_01_受理公告或公示版
PL022,PL022_佛山市锐拓新材料有限公司新建项目_01_受理公告或公示版.pdf,4,3,20,完整,1.0,规划及规划环境 | 5、在污水管网建设滞后或所依 | 3、本项目不涉及饮用,,解析文本拼接_表格清洗增强_02_021-040.md,021_佛山市锐拓新材料有限公司新建项目_01_受理公告或公示版
PL022,PL022_佛山市锐拓新材料有限公司新建项目_01_受理公告或公示版.pdf,4,3,22,完整,1.0,分析 | 满足废水处理需求的区域，不应 | 4、本项目能达到清洁,,解析文本拼接_表格清洗增强_02_021-040.md,021_佛山市锐拓新材料有限公司新建项目_01_受理公告或公示版
PL022,PL022_佛山市锐拓新材料有限公司新建项目_01_受理公告或公示版.pdf,4,3,23,完整,1.0,引入废水排放量较大的项目。扩 | 生产国际先进水平。,,解析文本拼接_表格清洗增强_02_021-040.md,021_佛山市锐拓新材料有限公司新建项目_01_受理公告或公示版
PL022,PL022_佛山市锐拓新材料有限公司新建项目_01_受理公告或公示版.pdf,4,3,25,完整,1.0,区应控制废水排放量较大企业 | 、本项生活污水处理,,解析文本拼接_表格清洗增强_02_021-040.md,021_佛山市锐拓新材料有限公司新建项目_01_受理公告或公示版
PL022,PL022_佛山市锐拓新材料有限公司新建项目_01_受理公告或公示版.pdf,4,3,30,完整,1.0,能 力相匹配，严格控制废水排 | 6、本项目不属于“高,,解析文本拼接_表格清洗增强_02_021-040.md,021_佛山市锐拓新材料有限公司新建项目_01_受理公告或公示版
PL022,PL022_佛山市锐拓新材料有限公司新建项目_01_受理公告或公示版.pdf,4,3,31,完整,1.0,放量较大的项目及新增一类水 | 污染、高环境风险”行,,解析文本拼接_表格清洗增强_02_021-040.md,021_佛山市锐拓新材料有限公司新建项目_01_受理公告或公示版
PL022,PL022_佛山市锐拓新材料有限公司新建项目_01_受理公告或公示版.pdf,4,3,32,完整,1.0,污染物排放项目的引入，避免对 | 业。,,解析文本拼接_表格清洗增强_02_021-040.md,021_佛山市锐拓新材料有限公司新建项目_01_受理公告或公示版
PL022,PL022_佛山市锐拓新材料有限公司新建项目_01_受理公告或公示版.pdf,4,3,33,完整,1.0,下游饮用水源保护区产生不良 | 7、本项目属于C2929,,解析文本拼接_表格清洗增强_02_021-040.md,021_佛山市锐拓新材料有限公司新建项目_01_受理公告或公示版
PL022,PL022_佛山市锐拓新材料有限公司新建项目_01_受理公告或公示版.pdf,4,3,35,完整,1.0,6、禁止新建、扩建燃煤燃油火 | 制品制造，不涉及高挥,,解析文本拼接_表格清洗增强_02_021-040.md,021_佛山市锐拓新材料有限公司新建项目_01_受理公告或公示版
PL022,PL022_佛山市锐拓新材料有限公司新建项目_01_受理公告或公示版.pdf,4,3,36,完整,1.0,电机组和企业自备电站，逐步淘 | 发性有机物原辅材料,,解析文本拼接_表格清洗增强_02_021-040.md,021_佛山市锐拓新材料有限公司新建项目_01_受理公告或公示版
PL022,PL022_佛山市锐拓新材料有限公司新建项目_01_受理公告或公示版.pdf,4,3,38,完整,1.0,盖区域内的分散供热锅炉，集中 | 8、本项目50米范围内,,解析文本拼接_表格清洗增强_02_021-040.md,021_佛山市锐拓新材料有限公司新建项目_01_受理公告或公示版
PL022,PL022_佛山市锐拓新材料有限公司新建项目_01_受理公告或公示版.pdf,4,3,39,完整,1.0,供热管网覆盖地区禁止新建、扩 | 无声环境敏感点，60米,,解析文本拼接_表格清洗增强_02_021-040.md,021_佛山市锐拓新材料有限公司新建项目_01_受理公告或公示版
PL022,PL022_佛山市锐拓新材料有限公司新建项目_01_受理公告或公示版.pdf,4,3,40,完整,1.0,建分散供热锅炉，规划区应全部 | 范围内有居住区，100,,解析文本拼接_表格清洗增强_02_021-040.md,021_佛山市锐拓新材料有限公司新建项目_01_受理公告或公示版
PL022,PL022_佛山市锐拓新材料有限公司新建项目_01_受理公告或公示版.pdf,4,3,41,完整,1.0,按高污染燃料禁燃区进行管理； | 米范围内无学校、医院,,解析文本拼接_表格清洗增强_02_021-040.md,021_佛山市锐拓新材料有限公司新建项目_01_受理公告或公示版
PL022,PL022_佛山市锐拓新材料有限公司新建项目_01_受理公告或公示版.pdf,5,1,2,疑似缺失,0.667,"污染
物排
放管
控 | 1、污染物排放总量不得突破
“污染物排放总量管控限值清
单”的总量管控要求；重点对重
点污染物（重点污染物包括化学
需氧量、氨氮、 氮氧化物及挥
发性有机物等）实施总量控制；
上年度重点河涌水质未达到水
环境质量目标 的管控分区所在
镇（街道），须组织编制、系统
实施、向社会公开区域重点水污
染物减排计划并明确“替代量”，
本年度新","1、项目产生的生活污
水经三级化粪池处理
后排入杏坛污水处理
厂，根据《佛山市排污
权有偿使用和交易管
理试行办法》（佛府办
2016第63号），生活
污水COD 、NH -N 不
Cr 3
单独分配总量。
2、项目挥发性有机物
（非甲烷总烃）有组织
排放为0.271t/a，无组",解析文本拼接_表格清洗增强_02_021-040.md,021_佛山市锐拓新材料有限公司新建项目_01_受理公告或公示版
PL022,PL022_佛山市锐拓新材料有限公司新建项目_01_受理公告或公示版.pdf,5,2,38,完整,1.0,1、污染物排放总量不得突破 | 1、项目产生的生活污,,解析文本拼接_表格清洗增强_02_021-040.md,021_佛山市锐拓新材料有限公司新建项目_01_受理公告或公示版
PL022,PL022_佛山市锐拓新材料有限公司新建项目_01_受理公告或公示版.pdf,5,2,39,完整,1.0,“污染物排放总量管控限值清 | 水经三级化粪池处理,,解析文本拼接_表格清洗增强_02_021-040.md,021_佛山市锐拓新材料有限公司新建项目_01_受理公告或公示版
PL022,PL022_佛山市锐拓新材料有限公司新建项目_01_受理公告或公示版.pdf,5,2,40,完整,1.0,单”的总量管控要求；重点对重 | 后排入杏坛污水处理,,解析文本拼接_表格清洗增强_02_021-040.md,021_佛山市锐拓新材料有限公司新建项目_01_受理公告或公示版
PL022,PL022_佛山市锐拓新材料有限公司新建项目_01_受理公告或公示版.pdf,5,2,41,完整,1.0,点污染物（重点污染物包括化学 | 厂，根据《佛山市排污,,解析文本拼接_表格清洗增强_02_021-040.md,021_佛山市锐拓新材料有限公司新建项目_01_受理公告或公示版
PL022,PL022_佛山市锐拓新材料有限公司新建项目_01_受理公告或公示版.pdf,5,2,42,完整,1.0,污染 | 需氧量、氨氮、 氮氧化物及挥 | 权有偿使用和交易管,,解析文本拼接_表格清洗增强_02_021-040.md,021_佛山市锐拓新材料有限公司新建项目_01_受理公告或公示版
PL022,PL022_佛山市锐拓新材料有限公司新建项目_01_受理公告或公示版.pdf,5,2,43,完整,1.0,物排 | 发性有机物等）实施总量控制； | 理试行办法》（佛府办,,解析文本拼接_表格清洗增强_02_021-040.md,021_佛山市锐拓新材料有限公司新建项目_01_受理公告或公示版
PL022,PL022_佛山市锐拓新材料有限公司新建项目_01_受理公告或公示版.pdf,5,2,44,完整,1.0,放管 | 上年度重点河涌水质未达到水 | 2016第63号），生活,,解析文本拼接_表格清洗增强_02_021-040.md,021_佛山市锐拓新材料有限公司新建项目_01_受理公告或公示版
PL022,PL022_佛山市锐拓新材料有限公司新建项目_01_受理公告或公示版.pdf,5,2,45,疑似缺失,0.667,"控 | 环境质量目标 的管控分区所在 | 污水COD 、NH -N 不
Cr 3","污水COD 、NH -N 不
Cr 3",解析文本拼接_表格清洗增强_02_021-040.md,021_佛山市锐拓新材料有限公司新建项目_01_受理公告或公示版
PL022,PL022_佛山市锐拓新材料有限公司新建项目_01_受理公告或公示版.pdf,5,2,46,完整,1.0,镇（街道），须组织编制、系统 | 单独分配总量。,,解析文本拼接_表格清洗增强_02_021-040.md,021_佛山市锐拓新材料有限公司新建项目_01_受理公告或公示版
PL022,PL022_佛山市锐拓新材料有限公司新建项目_01_受理公告或公示版.pdf,5,2,47,完整,1.0,实施、向社会公开区域重点水污 | 2、项目挥发性有机物,,解析文本拼接_表格清洗增强_02_021-040.md,021_佛山市锐拓新材料有限公司新建项目_01_受理公告或公示版
PL022,PL022_佛山市锐拓新材料有限公司新建项目_01_受理公告或公示版.pdf,5,2,48,完整,1.0,染物减排计划并明确“替代量”， | （非甲烷总烃）有组织,,解析文本拼接_表格清洗增强_02_021-040.md,021_佛山市锐拓新材料有限公司新建项目_01_受理公告或公示版
PL022,PL022_佛山市锐拓新材料有限公司新建项目_01_受理公告或公示版.pdf,5,2,49,完整,1.0,本年度新建、改建、扩建项目新 | 排放为0.271t/a，无组,,解析文本拼接_表格清洗增强_02_021-040.md,021_佛山市锐拓新材料有限公司新建项目_01_受理公告或公示版
PL022,PL022_佛山市锐拓新材料有限公司新建项目_01_受理公告或公示版.pdf,6,2,1,完整,1.0,增水环境重点污染物实行区域 | 织排放量为1.262t/a，,,解析文本拼接_表格清洗增强_02_021-040.md,021_佛山市锐拓新材料有限公司新建项目_01_受理公告或公示版
PL022,PL022_佛山市锐拓新材料有限公司新建项目_01_受理公告或公示版.pdf,6,2,2,完整,1.0,“减二增一”替代（废水集中处理 | 共1.533t/a，建议新增,,解析文本拼接_表格清洗增强_02_021-040.md,021_佛山市锐拓新材料有限公司新建项目_01_受理公告或公示版
PL022,PL022_佛山市锐拓新材料有限公司新建项目_01_受理公告或公示版.pdf,6,2,3,完整,1.0,设施、民生项目除外）；在可核 | 总量指标分配为,,解析文本拼接_表格清洗增强_02_021-040.md,021_佛山市锐拓新材料有限公司新建项目_01_受理公告或公示版
PL022,PL022_佛山市锐拓新材料有限公司新建项目_01_受理公告或公示版.pdf,6,2,4,完整,1.0,查、可监管的基础上，全区新建、 | 1.533t/a。,,解析文本拼接_表格清洗增强_02_021-040.md,021_佛山市锐拓新材料有限公司新建项目_01_受理公告或公示版
PL022,PL022_佛山市锐拓新材料有限公司新建项目_01_受理公告或公示版.pdf,6,2,5,完整,1.0,改建、扩建项目新增大气重点污 | 3、挤出产生的非甲烷,,解析文本拼接_表格清洗增强_02_021-040.md,021_佛山市锐拓新材料有限公司新建项目_01_受理公告或公示版
PL022,PL022_佛山市锐拓新材料有限公司新建项目_01_受理公告或公示版.pdf,6,2,7,完整,1.0,2、未完成环境质量改善目标的 | 业污染物排放标准》,,解析文本拼接_表格清洗增强_02_021-040.md,021_佛山市锐拓新材料有限公司新建项目_01_受理公告或公示版
PL022,PL022_佛山市锐拓新材料有限公司新建项目_01_受理公告或公示版.pdf,6,2,8,完整,1.0,区域，新改扩建项目重点污染物 | （GB31572-2015，含,,解析文本拼接_表格清洗增强_02_021-040.md,021_佛山市锐拓新材料有限公司新建项目_01_受理公告或公示版
PL022,PL022_佛山市锐拓新材料有限公司新建项目_01_受理公告或公示版.pdf,6,2,9,完整,1.0,实施减量替代。 | 2024年修改单）表4大,,解析文本拼接_表格清洗增强_02_021-040.md,021_佛山市锐拓新材料有限公司新建项目_01_受理公告或公示版
PL022,PL022_佛山市锐拓新材料有限公司新建项目_01_受理公告或公示版.pdf,6,2,10,完整,1.0,3、未接入污水管网的新建建筑 | 气污染物排放限值；厂,,解析文本拼接_表格清洗增强_02_021-040.md,021_佛山市锐拓新材料有限公司新建项目_01_受理公告或公示版
PL022,PL022_佛山市锐拓新材料有限公司新建项目_01_受理公告或公示版.pdf,6,2,11,完整,1.0,小区或公共建筑，不得交付使 | 区内VOCs无组织排放,,解析文本拼接_表格清洗增强_02_021-040.md,021_佛山市锐拓新材料有限公司新建项目_01_受理公告或公示版
PL022,PL022_佛山市锐拓新材料有限公司新建项目_01_受理公告或公示版.pdf,6,2,14,完整,1.0,步建设。 | 放控制标准》,,解析文本拼接_表格清洗增强_02_021-040.md,021_佛山市锐拓新材料有限公司新建项目_01_受理公告或公示版
PL022,PL022_佛山市锐拓新材料有限公司新建项目_01_受理公告或公示版.pdf,6,2,15,完整,1.0,4、规划区内建设项目废污水原 | （GB37822-2019）表,,解析文本拼接_表格清洗增强_02_021-040.md,021_佛山市锐拓新材料有限公司新建项目_01_受理公告或公示版
PL022,PL022_佛山市锐拓新材料有限公司新建项目_01_受理公告或公示版.pdf,6,2,16,完整,1.0,则上应接入各片区集中式污水 | A.1规定的特别排放限,,解析文本拼接_表格清洗增强_02_021-040.md,021_佛山市锐拓新材料有限公司新建项目_01_受理公告或公示版
PL022,PL022_佛山市锐拓新材料有限公司新建项目_01_受理公告或公示版.pdf,7,1,2,完整,1.0,"环境
风险
防控 | 生产性废水较多的企业需配套
有效措施，防止事故废水和第一
类污染物直排污染地表水体，防
止因渗漏污染地下水。 | 本项目不涉及生产废
水排放，冷却槽废水定
期更换后交由佛山市
顺德区绿点废水回收
处理有限公司进行处
理，不直接向外环境排
放。 | 符合",,解析文本拼接_表格清洗增强_02_021-040.md,021_佛山市锐拓新材料有限公司新建项目_01_受理公告或公示版
PL022,PL022_佛山市锐拓新材料有限公司新建项目_01_受理公告或公示版.pdf,7,1,3,完整,1.0,"资源
开发
利用
要求 | 禁止使用高污染燃料。 | 本项目不使用燃料。 | 符合",,解析文本拼接_表格清洗增强_02_021-040.md,021_佛山市锐拓新材料有限公司新建项目_01_受理公告或公示版
PL022,PL022_佛山市锐拓新材料有限公司新建项目_01_受理公告或公示版.pdf,7,1,4,完整,1.0,"其他符合性分析 | （1）产业政策相符性
本项目主要从事塑料制品的生产和销售，属于C2929塑料零件及其他塑
料制品制造。根据生态环境部办公室发布的《环境保护综合名录（2021年
版）》，项目产品不属于上述目录所列出的“高污染、高环境风险”产品。项
目生产产品、生产工艺和生产设备均不属于《产业结构调整指导目录（2024
年本）》（国家发展和改革委员会令第29",,解析文本拼接_表格清洗增强_02_021-040.md,021_佛山市锐拓新材料有限公司新建项目_01_受理公告或公示版
PL022,PL022_佛山市锐拓新材料有限公司新建项目_01_受理公告或公示版.pdf,7,2,24,疑似缺失,0.5,风险 | 顺德区绿点废水回收 符合,顺德区绿点废水回收 符合,解析文本拼接_表格清洗增强_02_021-040.md,021_佛山市锐拓新材料有限公司新建项目_01_受理公告或公示版
PL022,PL022_佛山市锐拓新材料有限公司新建项目_01_受理公告或公示版.pdf,7,2,32,完整,1.0,禁止使用高污染燃料。 | 本项目不使用燃料。 符合,,解析文本拼接_表格清洗增强_02_021-040.md,021_佛山市锐拓新材料有限公司新建项目_01_受理公告或公示版
PL022,PL022_佛山市锐拓新材料有限公司新建项目_01_受理公告或公示版.pdf,7,2,35,完整,1.0,（1 | ）产业政策相符性,,解析文本拼接_表格清洗增强_02_021-040.md,021_佛山市锐拓新材料有限公司新建项目_01_受理公告或公示版
PL022,PL022_佛山市锐拓新材料有限公司新建项目_01_受理公告或公示版.pdf,7,2,36,完整,1.0,本项 | 目主要从事塑料制品的生产和销 | 售，属于C2929塑料零件及其他塑,,解析文本拼接_表格清洗增强_02_021-040.md,021_佛山市锐拓新材料有限公司新建项目_01_受理公告或公示版
PL022,PL022_佛山市锐拓新材料有限公司新建项目_01_受理公告或公示版.pdf,7,2,37,完整,1.0,料 | 制品制 | 造。根据生态环境部办公室发布 | 的《环境保护综合名录（2021年,,解析文本拼接_表格清洗增强_02_021-040.md,021_佛山市锐拓新材料有限公司新建项目_01_受理公告或公示版
PL022,PL022_佛山市锐拓新材料有限公司新建项目_01_受理公告或公示版.pdf,7,2,38,完整,1.0,版 | ）》， | 项目产品不属于上述目录所列出 | 的“高污染、高环境风险”产品。项,,解析文本拼接_表格清洗增强_02_021-040.md,021_佛山市锐拓新材料有限公司新建项目_01_受理公告或公示版
PL022,PL022_佛山市锐拓新材料有限公司新建项目_01_受理公告或公示版.pdf,7,2,39,完整,1.0,目 | 生产产 | 品、生产工艺和生产设备均不属 | 于《产业结构调整指导目录（2024,,解析文本拼接_表格清洗增强_02_021-040.md,021_佛山市锐拓新材料有限公司新建项目_01_受理公告或公示版
PL022,PL022_佛山市锐拓新材料有限公司新建项目_01_受理公告或公示版.pdf,7,2,40,完整,1.0,年 | 本）》 | （国家发展和改革委员会令第29 | 号，2020年1月1日起施行）中,,解析文本拼接_表格清洗增强_02_021-040.md,021_佛山市锐拓新材料有限公司新建项目_01_受理公告或公示版
PL022,PL022_佛山市锐拓新材料有限公司新建项目_01_受理公告或公示版.pdf,7,2,42,完整,1.0,负 | 面清单 | （2022年版）的通知＞》（发改 | 体改规〔2022〕397号）“禁止准入,,解析文本拼接_表格清洗增强_02_021-040.md,021_佛山市锐拓新材料有限公司新建项目_01_受理公告或公示版
PL022,PL022_佛山市锐拓新材料有限公司新建项目_01_受理公告或公示版.pdf,7,2,44,完整,1.0,（2 | ）与环境功能区划相符性分析,,解析文本拼接_表格清洗增强_02_021-040.md,021_佛山市锐拓新材料有限公司新建项目_01_受理公告或公示版
PL022,PL022_佛山市锐拓新材料有限公司新建项目_01_受理公告或公示版.pdf,7,2,46,完整,1.0,（ | 粤府函 | 〔2018〕426号）和《广东省生态 | 环境厅关于对佛山市人民政府申,,解析文本拼接_表格清洗增强_02_021-040.md,021_佛山市锐拓新材料有限公司新建项目_01_受理公告或公示版
PL022,PL022_佛山市锐拓新材料有限公司新建项目_01_受理公告或公示版.pdf,7,2,47,完整,1.0,请 | 校正部 | 分饮用水水源保护区图件的意见 | 的函》（粤环函〔2019〕1167号），,,解析文本拼接_表格清洗增强_02_021-040.md,021_佛山市锐拓新材料有限公司新建项目_01_受理公告或公示版
PL022,PL022_佛山市锐拓新材料有限公司新建项目_01_受理公告或公示版.pdf,9,1,2,完整,1.0,"粤府[2020]71号的相关规定 | 本项目情况 | 是否
符合",,解析文本拼接_表格清洗增强_02_021-040.md,021_佛山市锐拓新材料有限公司新建项目_01_受理公告或公示版
PL022,PL022_佛山市锐拓新材料有限公司新建项目_01_受理公告或公示版.pdf,9,1,3,完整,1.0,"生态
保护
红线 | 在生态空间范围内具有特
殊重要生态功能、必须强制
性严格保护的区域，是保障
和维护国家生态安全的底
线和生命线，通常包括具有
重要水源涵养、生物多样性
维护、水土保持、防风固沙、
海岸生态稳定等功能的生
态功能重要区域，以及水土
流 失、土地沙化、石漠化、
盐渍化等生态环境敏感脆
弱区域。按照“生态功能不
降低、面积不减少、性质不
改变",,解析文本拼接_表格清洗增强_02_021-040.md,021_佛山市锐拓新材料有限公司新建项目_01_受理公告或公示版
PL022,PL022_佛山市锐拓新材料有限公司新建项目_01_受理公告或公示版.pdf,9,1,4,完整,1.0,"环境
质量
底线 | 指按照自然资源资产“只能
增值、不能贬值”的原则，
以保障生态安全和改善环
境质量为目的，利用自然资
源资产负债表，结合自然资
源开发管控，提出的分区域
分阶段的资源开发利用总
量、强度、效率等上线管控
要求。 | 根据环境质量现状监测数
据，项目区大气环境、地表
水环境、声环境质量均能满
足相应标准要求，项目排放
的各项污染物经相应措",,解析文本拼接_表格清洗增强_02_021-040.md,021_佛山市锐拓新材料有限公司新建项目_01_受理公告或公示版
PL022,PL022_佛山市锐拓新材料有限公司新建项目_01_受理公告或公示版.pdf,9,2,2,完整,1.0,本项 | 目属于新建工业企业，位于广 | 东省佛山市顺德区杏坛镇顺盈 | 路9号,,解析文本拼接_表格清洗增强_02_021-040.md,021_佛山市锐拓新材料有限公司新建项目_01_受理公告或公示版
PL022,PL022_佛山市锐拓新材料有限公司新建项目_01_受理公告或公示版.pdf,9,2,3,完整,1.0,顺 | 德高科 | 智能科技产业中心20栋101 | 号之一，根据顺德区高质量推 | 动村级,,解析文本拼接_表格清洗增强_02_021-040.md,021_佛山市锐拓新材料有限公司新建项目_01_受理公告或公示版
PL022,PL022_佛山市锐拓新材料有限公司新建项目_01_受理公告或公示版.pdf,9,2,9,完整,1.0,（5） | 项目与“三线一单”生态环境 | 分区管控方案相符性分析,,解析文本拼接_表格清洗增强_02_021-040.md,021_佛山市锐拓新材料有限公司新建项目_01_受理公告或公示版
PL022,PL022_佛山市锐拓新材料有限公司新建项目_01_受理公告或公示版.pdf,9,2,10,完整,1.0,1）与 | 广东省“三线一单”相符性分 | 析,,解析文本拼接_表格清洗增强_02_021-040.md,021_佛山市锐拓新材料有限公司新建项目_01_受理公告或公示版
PL022,PL022_佛山市锐拓新材料有限公司新建项目_01_受理公告或公示版.pdf,9,2,12,完整,1.0,方 | 案的通 | 知》（粤府〔2020〕71号）发 | 布的广东省环境管控单元图（ | 详见附,,解析文本拼接_表格清洗增强_02_021-040.md,021_佛山市锐拓新材料有限公司新建项目_01_受理公告或公示版
PL022,PL022_佛山市锐拓新材料有限公司新建项目_01_受理公告或公示版.pdf,9,2,13,完整,1.0,图 | 7）， | 项目位于广东省佛山市顺德区 | 杏坛镇顺盈路9号顺德高科智 | 能科技,,解析文本拼接_表格清洗增强_02_021-040.md,021_佛山市锐拓新材料有限公司新建项目_01_受理公告或公示版
PL022,PL022_佛山市锐拓新材料有限公司新建项目_01_受理公告或公示版.pdf,9,2,14,完整,1.0,产 | 业中心 | 20栋101号之一为重点管控单 | 元。,,解析文本拼接_表格清洗增强_02_021-040.md,021_佛山市锐拓新材料有限公司新建项目_01_受理公告或公示版
PL022,PL022_佛山市锐拓新材料有限公司新建项目_01_受理公告或公示版.pdf,9,2,15,完整,1.0,表1-2 与广东省“ | 三线一单”相符性分析,,解析文本拼接_表格清洗增强_02_021-040.md,021_佛山市锐拓新材料有限公司新建项目_01_受理公告或公示版
PL022,PL022_佛山市锐拓新材料有限公司新建项目_01_受理公告或公示版.pdf,9,2,18,完整,1.0,[2020]71 | 符合,,解析文本拼接_表格清洗增强_02_021-040.md,021_佛山市锐拓新材料有限公司新建项目_01_受理公告或公示版
PL022,PL022_佛山市锐拓新材料有限公司新建项目_01_受理公告或公示版.pdf,9,2,25,完整,1.0,线和生命线，通常包括具有 | 9,,解析文本拼接_表格清洗增强_02_021-040.md,021_佛山市锐拓新材料有限公司新建项目_01_受理公告或公示版
PL022,PL022_佛山市锐拓新材料有限公司新建项目_01_受理公告或公示版.pdf,9,2,29,疑似缺失,0.667,生态 | 维护、水土保持、防风固沙、 | 20 101,20 101,解析文本拼接_表格清洗增强_02_021-040.md,021_佛山市锐拓新材料有限公司新建项目_01_受理公告或公示版
PL022,PL022_佛山市锐拓新材料有限公司新建项目_01_受理公告或公示版.pdf,10,1,2,完整,1.0,"生态
环境
准入
清单 | 《市场准入负面清单（2020
年版）》（发改体改规〔2020〕
1880号） | 本项目不属于禁止准入事
项。 | 符合",,解析文本拼接_表格清洗增强_02_021-040.md,021_佛山市锐拓新材料有限公司新建项目_01_受理公告或公示版
PL022,PL022_佛山市锐拓新材料有限公司新建项目_01_受理公告或公示版.pdf,10,2,4,完整,1.0,国家和省下达的总量、强度 | 有超出资源利用上线。,,解析文本拼接_表格清洗增强_02_021-040.md,021_佛山市锐拓新材料有限公司新建项目_01_受理公告或公示版
PL022,PL022_佛山市锐拓新材料有限公司新建项目_01_受理公告或公示版.pdf,10,2,9,完整,1.0,环境 | 2020 | 本项目不属于禁止准入事,,解析文本拼接_表格清洗增强_02_021-040.md,021_佛山市锐拓新材料有限公司新建项目_01_受理公告或公示版
PL022,PL022_佛山市锐拓新材料有限公司新建项目_01_受理公告或公示版.pdf,10,2,11,完整,1.0,准入 | 2020 | 项。,,解析文本拼接_表格清洗增强_02_021-040.md,021_佛山市锐拓新材料有限公司新建项目_01_受理公告或公示版
PL022,PL022_佛山市锐拓新材料有限公司新建项目_01_受理公告或公示版.pdf,10,2,14,完整,1.0,2）项 | 目与《佛山市生态环境局关 | 于印发佛山市“三线一单”生态环境分,,解析文本拼接_表格清洗增强_02_021-040.md,021_佛山市锐拓新材料有限公司新建项目_01_受理公告或公示版
PL022,PL022_佛山市锐拓新材料有限公司新建项目_01_受理公告或公示版.pdf,10,2,15,完整,1.0,区 | 管控方 | 案方案》（2024年版）的相符 | 性分析,,解析文本拼接_表格清洗增强_02_021-040.md,021_佛山市锐拓新材料有限公司新建项目_01_受理公告或公示版
PL022,PL022_佛山市锐拓新材料有限公司新建项目_01_受理公告或公示版.pdf,10,2,16,完整,1.0,1）与 | 全市总体管控要求的相符性,,解析文本拼接_表格清洗增强_02_021-040.md,021_佛山市锐拓新材料有限公司新建项目_01_受理公告或公示版
PL022,PL022_佛山市锐拓新材料有限公司新建项目_01_受理公告或公示版.pdf,10,2,17,完整,1.0,①项 | 目所用能源均为电能，不涉及 | 高污染燃料的使用，项目主要从事塑,,解析文本拼接_表格清洗增强_02_021-040.md,021_佛山市锐拓新材料有限公司新建项目_01_受理公告或公示版
PL022,PL022_佛山市锐拓新材料有限公司新建项目_01_受理公告或公示版.pdf,10,2,20,完整,1.0,限 | 制行业 | ；项目使用的涉VOCs原辅材料 | 常温下不挥发，均不属于高VOCs 含,,解析文本拼接_表格清洗增强_02_021-040.md,021_佛山市锐拓新材料有限公司新建项目_01_受理公告或公示版
PL022,PL022_佛山市锐拓新材料有限公司新建项目_01_受理公告或公示版.pdf,10,2,21,完整,1.0,量 | 原辅材 | 料，符合区域布局管控要求。,,解析文本拼接_表格清洗增强_02_021-040.md,021_佛山市锐拓新材料有限公司新建项目_01_受理公告或公示版
PL022,PL022_佛山市锐拓新材料有限公司新建项目_01_受理公告或公示版.pdf,10,2,22,完整,1.0,②项 | 目所用能源均为电能，不属于 | “高污染、高能耗”项目；项目用水全,,解析文本拼接_表格清洗增强_02_021-040.md,021_佛山市锐拓新材料有限公司新建项目_01_受理公告或公示版
PL022,PL022_佛山市锐拓新材料有限公司新建项目_01_受理公告或公示版.pdf,10,2,25,完整,1.0,③项 | 目VOCs总量控制指标为1.53 | 3t/a，项目VOCs总量实行倍量削减,,解析文本拼接_表格清洗增强_02_021-040.md,021_佛山市锐拓新材料有限公司新建项目_01_受理公告或公示版
PL022,PL022_佛山市锐拓新材料有限公司新建项目_01_受理公告或公示版.pdf,10,2,27,完整,1.0,点 | 废水回 | 收处理有限公司进行处理，不 | 外排；外排废水主要为员工生活污水，,,解析文本拼接_表格清洗增强_02_021-040.md,021_佛山市锐拓新材料有限公司新建项目_01_受理公告或公示版
PL022,PL022_佛山市锐拓新材料有限公司新建项目_01_受理公告或公示版.pdf,10,2,29,完整,1.0,处 | 理后尾 | 水排入顺德支流，则项目水污 | 染物总量控制指标计入杏坛污水处理,,解析文本拼接_表格清洗增强_02_021-040.md,021_佛山市锐拓新材料有限公司新建项目_01_受理公告或公示版
PL022,PL022_佛山市锐拓新材料有限公司新建项目_01_受理公告或公示版.pdf,10,2,30,完整,1.0,厂 | 的总量 | 控制指标内，不再另设污水总 | 量控制指标。项目不排放重金属固污,,解析文本拼接_表格清洗增强_02_021-040.md,021_佛山市锐拓新材料有限公司新建项目_01_受理公告或公示版
PL022,PL022_佛山市锐拓新材料有限公司新建项目_01_受理公告或公示版.pdf,10,2,31,完整,1.0,染 | 物，不 | 属于陶瓷、有色金属等重点能 | 源消耗行业，则项目符合污染物排放,,解析文本拼接_表格清洗增强_02_021-040.md,021_佛山市锐拓新材料有限公司新建项目_01_受理公告或公示版
PL022,PL022_佛山市锐拓新材料有限公司新建项目_01_受理公告或公示版.pdf,10,2,33,完整,1.0,④项 | 目挤出过程产生的非甲烷总烃 | 、臭气浓度经包围型集气罩收集后一,,解析文本拼接_表格清洗增强_02_021-040.md,021_佛山市锐拓新材料有限公司新建项目_01_受理公告或公示版
PL022,PL022_佛山市锐拓新材料有限公司新建项目_01_受理公告或公示版.pdf,10,2,34,完整,1.0,起 | 引至“活 | 性炭吸附装置”处理后通过18 | m高的DA001排气筒引至高空排放，,,解析文本拼接_表格清洗增强_02_021-040.md,021_佛山市锐拓新材料有限公司新建项目_01_受理公告或公示版
PL022,PL022_佛山市锐拓新材料有限公司新建项目_01_受理公告或公示版.pdf,10,2,35,完整,1.0,不 | 采用低 | 温等离子、UV光解、RTO燃 | 烧炉等有机废气治理设施，风险较低，,,解析文本拼接_表格清洗增强_02_021-040.md,021_佛山市锐拓新材料有限公司新建项目_01_受理公告或公示版
PL022,PL022_佛山市锐拓新材料有限公司新建项目_01_受理公告或公示版.pdf,10,2,37,完整,1.0,⑤项 | 目位于广东省佛山市顺德区杏 | 坛镇顺盈路9号顺德高科智能科技产,,解析文本拼接_表格清洗增强_02_021-040.md,021_佛山市锐拓新材料有限公司新建项目_01_受理公告或公示版
PL022,PL022_佛山市锐拓新材料有限公司新建项目_01_受理公告或公示版.pdf,10,2,38,完整,1.0,业 | 中心20 | 栋101号之一，不属于石化 | 、化工重点园区环境风险防控区域。,,解析文本拼接_表格清洗增强_02_021-040.md,021_佛山市锐拓新材料有限公司新建项目_01_受理公告或公示版
PL022,PL022_佛山市锐拓新材料有限公司新建项目_01_受理公告或公示版.pdf,10,2,39,完整,1.0,项 | 目生产 | 过程产生的危险废物分类收集 | 后定期交由具有危废处置资质的公,,解析文本拼接_表格清洗增强_02_021-040.md,021_佛山市锐拓新材料有限公司新建项目_01_受理公告或公示版
PL022,PL022_佛山市锐拓新材料有限公司新建项目_01_受理公告或公示版.pdf,11,2,2,完整,1.0,"区域布
局管控 | 1-1【生态/禁止类】单元内的一般
生态空间，主导生态功能为水土
保持，禁止在25度以上的陡坡地
开垦种植农作物，禁止在崩塌、
滑坡危险区、泥石流易发区从事
采石、取土、采砂等可能造成水
土流失的活动。 | 本项目不涉及 | 符合",,解析文本拼接_表格清洗增强_02_021-040.md,021_佛山市锐拓新材料有限公司新建项目_01_受理公告或公示版
PL022,PL022_佛山市锐拓新材料有限公司新建项目_01_受理公告或公示版.pdf,11,2,3,完整,1.0,"1-2.【产业/鼓励引导类】重点发
展新材料、智能家居、先进装备
制造业、汽车配件等产业以及军
民融合产业，提升发展塑料专业
市场，培育智能家居创新创业产
业链，依托顺德新港发展临港加
工和物流产业，发展现代农业。 | 本项目不涉及 | 符合",,解析文本拼接_表格清洗增强_02_021-040.md,021_佛山市锐拓新材料有限公司新建项目_01_受理公告或公示版
PL022,PL022_佛山市锐拓新材料有限公司新建项目_01_受理公告或公示版.pdf,11,2,4,完整,1.0,"1-3.【产业/综合类】系统推进村
级工业园升级改造，腾出连片空
间，布局产业集聚区和主题产业
园，推动工业项目入园集聚发展。
新增工业制造业用地原则上安排
在产业集聚区内，产业集聚区外
原则上不鼓励工业及物流仓储用
地的新建与改造。 | 项目选址位于顺德
高科智能科技产业
中心，属于规范工
业园区内。 | 符合",,解析文本拼接_表格清洗增强_02_021-040.md,021_佛山市锐拓新材料有限公司新建项目_01_受理公告或公示版
PL022,PL022_佛山市锐拓新材料有限公司新建项目_01_受理公告或公示版.pdf,11,2,5,完整,1.0,"1-4.【产业/综合类】产业聚集区
所属地块内的工业用地或企业与
村庄、学校等环境敏感点之间应
设置合理的大气环境防护距离，
并通过绿化带进行有效隔离；聚
集区规划布局应注重大气污染排
放企业应尽量避免布局在居住用 | 项目周边最近的敏
感点为距离最近的
敏感点为东北面
400m处的荣盛文
博府。 | 符合",,解析文本拼接_表格清洗增强_02_021-040.md,021_佛山市锐拓新材料有限公司新建项目_01_受理公告或公示版
PL022,PL022_佛山市锐拓新材料有限公司新建项目_01_受理公告或公示版.pdf,11,3,3,完整,1.0,2）环 | 境管控单元总体管控要求根据《佛 | 山市生态环境局关于印 | 发佛山,,解析文本拼接_表格清洗增强_02_021-040.md,021_佛山市锐拓新材料有限公司新建项目_01_受理公告或公示版
PL022,PL022_佛山市锐拓新材料有限公司新建项目_01_受理公告或公示版.pdf,11,3,4,完整,1.0,市 | “三线一 | 单”生态环境分区管控方案方案》（2 | 024年版）发布的佛 | 山市环境,,解析文本拼接_表格清洗增强_02_021-040.md,021_佛山市锐拓新材料有限公司新建项目_01_受理公告或公示版
PL022,PL022_佛山市锐拓新材料有限公司新建项目_01_受理公告或公示版.pdf,11,3,5,完整,1.0,管 | 控单元图 | （见附图5），项目位于广东省佛 | 山市顺德区杏坛镇顺 | 盈路9号,,解析文本拼接_表格清洗增强_02_021-040.md,021_佛山市锐拓新材料有限公司新建项目_01_受理公告或公示版
PL022,PL022_佛山市锐拓新材料有限公司新建项目_01_受理公告或公示版.pdf,11,3,6,完整,1.0,顺 | 德高科智 | 能科技产业中心20栋101号之一 | ，属于重点管控单元， | 执行区,,解析文本拼接_表格清洗增强_02_021-040.md,021_佛山市锐拓新材料有限公司新建项目_01_受理公告或公示版
PL022,PL022_佛山市锐拓新材料有限公司新建项目_01_受理公告或公示版.pdf,11,3,8,完整,1.0,3）与 | 顺德区“三线一单”相符性分析,,解析文本拼接_表格清洗增强_02_021-040.md,021_佛山市锐拓新材料有限公司新建项目_01_受理公告或公示版
PL022,PL022_佛山市锐拓新材料有限公司新建项目_01_受理公告或公示版.pdf,11,3,10,完整,1.0,方 | 案方案》 | （2024年版）发布的佛山市顺德区 | 环境管控单元图（见附 | 图7），,,解析文本拼接_表格清洗增强_02_021-040.md,021_佛山市锐拓新材料有限公司新建项目_01_受理公告或公示版
PL022,PL022_佛山市锐拓新材料有限公司新建项目_01_受理公告或公示版.pdf,11,3,11,完整,1.0,项 | 目所在地 | 属于杏坛镇重点管控区（编码为ZH | 44060620005）。,,解析文本拼接_表格清洗增强_02_021-040.md,021_佛山市锐拓新材料有限公司新建项目_01_受理公告或公示版
PL022,PL022_佛山市锐拓新材料有限公司新建项目_01_受理公告或公示版.pdf,11,3,12,完整,1.0,表1-3 与顺德区“三线一 | 单”相符性分析,,解析文本拼接_表格清洗增强_02_021-040.md,021_佛山市锐拓新材料有限公司新建项目_01_受理公告或公示版
PL022,PL022_佛山市锐拓新材料有限公司新建项目_01_受理公告或公示版.pdf,11,3,31,疑似缺失,0.5,局管控 | 1-3. /,1-3. /,解析文本拼接_表格清洗增强_02_021-040.md,021_佛山市锐拓新材料有限公司新建项目_01_受理公告或公示版
PL022,PL022_佛山市锐拓新材料有限公司新建项目_01_受理公告或公示版.pdf,11,3,43,完整,1.0,并通过绿化带进行有效隔离；聚 | 400m处的荣盛文,,解析文本拼接_表格清洗增强_02_021-040.md,021_佛山市锐拓新材料有限公司新建项目_01_受理公告或公示版
PL022,PL022_佛山市锐拓新材料有限公司新建项目_01_受理公告或公示版.pdf,11,3,44,完整,1.0,集区规划布局应注重大气污染排 | 博府。,,解析文本拼接_表格清洗增强_02_021-040.md,021_佛山市锐拓新材料有限公司新建项目_01_受理公告或公示版
PL022,PL022_佛山市锐拓新材料有限公司新建项目_01_受理公告或公示版.pdf,12,1,2,完整,1.0,"1-5.【产业/限制类】受纳水体或
监控断面不达标的，不得新建、
扩建向河涌直接排放废水的项
目。新建、扩建含蚀刻工序的线
路板生产项目和化工项目应在配
套污水集中处置的工业园区或生
活污水管网覆盖区域内建设；纯
加工型印花项目，含酸洗、磷化
的金属表面处理、金属制品项目
（与自身高新技术企业配套的除
外），含酸洗、喷涂、化学抛光、
电解等涉及废水排放工艺的",,解析文本拼接_表格清洗增强_02_021-040.md,021_佛山市锐拓新材料有限公司新建项目_01_受理公告或公示版
PL022,PL022_佛山市锐拓新材料有限公司新建项目_01_受理公告或公示版.pdf,12,1,3,完整,1.0,"1-6.【产业/综合类】划定家具生
产优先发展区域，优先发展区外
不再新建涉及涂装工艺的木质家
具制造项目。 | 本项目不涉及 | 符合",,解析文本拼接_表格清洗增强_02_021-040.md,021_佛山市锐拓新材料有限公司新建项目_01_受理公告或公示版
PL022,PL022_佛山市锐拓新材料有限公司新建项目_01_受理公告或公示版.pdf,12,1,4,完整,1.0,"1-7.【水/限制类】严格限制在右
滩水厂、均安水厂饮用水水源保
护区上游和周边区域建设列入
“高污染、高环境风险”产品名
录等可能影响水环境安全的项
目。 | 本项目不涉及水源
保护区 | 符合",,解析文本拼接_表格清洗增强_02_021-040.md,021_佛山市锐拓新材料有限公司新建项目_01_受理公告或公示版
PL022,PL022_佛山市锐拓新材料有限公司新建项目_01_受理公告或公示版.pdf,12,1,5,完整,1.0,"1-8.【土壤/禁止类】禁止新建、
扩建增加重点防控的重金属污染
物排放的建设项目。 | 本项目不涉及 | 符合",,解析文本拼接_表格清洗增强_02_021-040.md,021_佛山市锐拓新材料有限公司新建项目_01_受理公告或公示版
PL022,PL022_佛山市锐拓新材料有限公司新建项目_01_受理公告或公示版.pdf,12,1,6,完整,1.0,"能源资
源利用 | 2-1【能源/鼓励引导类】推广节能
技术，加快发展绿色货运与现代
物流。 | 本项目不涉及 | 符合",,解析文本拼接_表格清洗增强_02_021-040.md,021_佛山市锐拓新材料有限公司新建项目_01_受理公告或公示版
PL022,PL022_佛山市锐拓新材料有限公司新建项目_01_受理公告或公示版.pdf,12,1,7,完整,1.0,"2-2【能源/鼓励引导类】推广新能
源汽车应用和充电基础设施建
设，积极推动重卡LNG加气站、
充电基础设施、加氢站建设。 | 本项目不涉及 | 符合",,解析文本拼接_表格清洗增强_02_021-040.md,021_佛山市锐拓新材料有限公司新建项目_01_受理公告或公示版
PL022,PL022_佛山市锐拓新材料有限公司新建项目_01_受理公告或公示版.pdf,12,1,8,完整,1.0,"2-3.【能源/综合类】科学实施能
源消费总量和强度“双控”，新
建高能耗项目单位产品（产值）
能耗达到国际国内先进水平。 | 本项目不属于新建
高能耗项目 | 符合",,解析文本拼接_表格清洗增强_02_021-040.md,021_佛山市锐拓新材料有限公司新建项目_01_受理公告或公示版
PL022,PL022_佛山市锐拓新材料有限公司新建项目_01_受理公告或公示版.pdf,12,1,9,完整,1.0,"2-4.【水资源/综合类】贯彻落实
“节水优先”方针，实行最严格
水资源管理制度，杏坛镇万元国 | 本项目不涉及 | 符合",,解析文本拼接_表格清洗增强_02_021-040.md,021_佛山市锐拓新材料有限公司新建项目_01_受理公告或公示版
PL022,PL022_佛山市锐拓新材料有限公司新建项目_01_受理公告或公示版.pdf,12,2,3,完整,1.0,1-5.【产业/限制类】受纳水体或 | 处理后通过市政污,,解析文本拼接_表格清洗增强_02_021-040.md,021_佛山市锐拓新材料有限公司新建项目_01_受理公告或公示版
PL022,PL022_佛山市锐拓新材料有限公司新建项目_01_受理公告或公示版.pdf,12,2,5,完整,1.0,扩建向河涌直接排放废水的项 | 水处理厂集中处,,解析文本拼接_表格清洗增强_02_021-040.md,021_佛山市锐拓新材料有限公司新建项目_01_受理公告或公示版
PL022,PL022_佛山市锐拓新材料有限公司新建项目_01_受理公告或公示版.pdf,12,2,9,完整,1.0,活污水管网覆盖区域内建设；纯 | 分局关于发布2023,,解析文本拼接_表格清洗增强_02_021-040.md,021_佛山市锐拓新材料有限公司新建项目_01_受理公告或公示版
PL022,PL022_佛山市锐拓新材料有限公司新建项目_01_受理公告或公示版.pdf,12,2,13,完整,1.0,外），含酸洗、喷涂、化学抛光、 | 函〔2024〕44号），,,解析文本拼接_表格清洗增强_02_021-040.md,021_佛山市锐拓新材料有限公司新建项目_01_受理公告或公示版
PL022,PL022_佛山市锐拓新材料有限公司新建项目_01_受理公告或公示版.pdf,12,2,14,完整,1.0,电解等涉及废水排放工艺的不锈 | 顺德支流水质均可,,解析文本拼接_表格清洗增强_02_021-040.md,021_佛山市锐拓新材料有限公司新建项目_01_受理公告或公示版
PL022,PL022_佛山市锐拓新材料有限公司新建项目_01_受理公告或公示版.pdf,12,2,17,完整,1.0,此类项目为主导产业、有相应废 | 为C2929塑料零件,,解析文本拼接_表格清洗增强_02_021-040.md,021_佛山市锐拓新材料有限公司新建项目_01_受理公告或公示版
PL022,PL022_佛山市锐拓新材料有限公司新建项目_01_受理公告或公示版.pdf,12,2,30,完整,1.0,“高污染、高环境风险”产品名 | 保护区,,解析文本拼接_表格清洗增强_02_021-040.md,021_佛山市锐拓新材料有限公司新建项目_01_受理公告或公示版
PL022,PL022_佛山市锐拓新材料有限公司新建项目_01_受理公告或公示版.pdf,12,2,47,完整,1.0,源消费总量和强度“双控”，新 | 本项目不属于新建 | 符合,,解析文本拼接_表格清洗增强_02_021-040.md,021_佛山市锐拓新材料有限公司新建项目_01_受理公告或公示版
PL022,PL022_佛山市锐拓新材料有限公司新建项目_01_受理公告或公示版.pdf,12,2,48,完整,1.0,建高能耗项目单位产品（产值） | 高能耗项目,,解析文本拼接_表格清洗增强_02_021-040.md,021_佛山市锐拓新材料有限公司新建项目_01_受理公告或公示版
PL022,PL022_佛山市锐拓新材料有限公司新建项目_01_受理公告或公示版.pdf,13,1,2,完整,1.0,"2-5.【土地资源/限制类】落实单
位土地面积投资强度、土地利用
强度等建设用地控制性指标要
求，提高土地利用效率。 | 本项目不涉及 | 符合",,解析文本拼接_表格清洗增强_02_021-040.md,021_佛山市锐拓新材料有限公司新建项目_01_受理公告或公示版
PL022,PL022_佛山市锐拓新材料有限公司新建项目_01_受理公告或公示版.pdf,13,1,3,完整,1.0,"2-6.【岸线/禁止类】严格水域岸
线用途管制，新建项目一律不得
违规占用水域。严禁破坏生态的
岸线利用行为和不符合其功能定
位的开发建设活动，严禁以各种
名义侵占河道、围垦湖泊、非法
采砂等。 | 本项目不涉及 | 符合",,解析文本拼接_表格清洗增强_02_021-040.md,021_佛山市锐拓新材料有限公司新建项目_01_受理公告或公示版
PL022,PL022_佛山市锐拓新材料有限公司新建项目_01_受理公告或公示版.pdf,13,1,4,完整,1.0,"污染物
排放管
控 | 3-1.【水/限制类】城镇新区建设
实行雨污分流，逐步推进初期雨
水收集、处理和资源化利用。住
宅、商业体、学校、市场等城镇
开发建设项目应当配套或者同步
计划建设公共排水设施，公共排
水设施或自建排污水设施未能投
产运行的，以上涉水项目不得投
入使用。新建小区严格实施雨污
分流，阳台、露台等污水接入污
水收集系统，将生活污水“应截
",,解析文本拼接_表格清洗增强_02_021-040.md,021_佛山市锐拓新材料有限公司新建项目_01_受理公告或公示版
PL022,PL022_佛山市锐拓新材料有限公司新建项目_01_受理公告或公示版.pdf,13,1,5,完整,1.0,"3-2.【水/综合类】杏坛镇重点河
涌水质上年度未达到水环境环境
质量目标的，需组织编制、系统
实施、向社会公开区域重点水污
染物减排计划并明确“替代量”，
本年度新建、改建、扩建项目新
增水环境重点污染物实行区域
“减二增一”替代（工业、生活
或综合集中废水处理设施、民生
项目除外）。 | 本项目不涉及 | 符合",,解析文本拼接_表格清洗增强_02_021-040.md,021_佛山市锐拓新材料有限公司新建项目_01_受理公告或公示版
PL022,PL022_佛山市锐拓新材料有限公司新建项目_01_受理公告或公示版.pdf,13,1,6,完整,1.0,"3-3.【水/综合类】区域内应合理
规划建设工业或综合集中废水处
理设施。逐步推进工业集聚区“污
水零直排区”建设，开展排水单
元工业废水、生活污水、雨水分
类收集、分质处理，确保园区“管
网全覆盖、雨污全分流、污水全
收集、处理全达标”。 | 本项目位于杏坛污
水处理厂纳污范围 | 符合",,解析文本拼接_表格清洗增强_02_021-040.md,021_佛山市锐拓新材料有限公司新建项目_01_受理公告或公示版
PL022,PL022_佛山市锐拓新材料有限公司新建项目_01_受理公告或公示版.pdf,13,1,7,完整,1.0,3-4.【水/综合类】结合村级工业 | 本项目不涉及 | 符合,,解析文本拼接_表格清洗增强_02_021-040.md,021_佛山市锐拓新材料有限公司新建项目_01_受理公告或公示版
PL022,PL022_佛山市锐拓新材料有限公司新建项目_01_受理公告或公示版.pdf,13,2,51,完整,1.0,元工业废水、生活污水、雨水分 | 水处理厂纳污范围,,解析文本拼接_表格清洗增强_02_021-040.md,021_佛山市锐拓新材料有限公司新建项目_01_受理公告或公示版
PL022,PL022_佛山市锐拓新材料有限公司新建项目_01_受理公告或公示版.pdf,13,2,55,完整,1.0,3-4.【水/综合类】结合村级工业 | 本项目不涉及 | 符合,,解析文本拼接_表格清洗增强_02_021-040.md,021_佛山市锐拓新材料有限公司新建项目_01_受理公告或公示版
PL022,PL022_佛山市锐拓新材料有限公司新建项目_01_受理公告或公示版.pdf,14,1,2,完整,1.0,"3-5.【水/综合类】稳步推进排水
设施“三个一体化”管理模式，
补齐城乡污水收集和处理短板，
推动杏坛污水处理厂提质增效，
加快消除城中村、老旧城区、城
乡结合部等污水收集管网空白
区，逐步实现城乡污水收集处理
全覆盖。2025年前完成杏坛污水
处理厂扩建，尾水应执行《城镇
污水处理厂污染物排放标准》
（GB18918-2002）一级A标准及
《广东省水污",,解析文本拼接_表格清洗增强_02_021-040.md,021_佛山市锐拓新材料有限公司新建项目_01_受理公告或公示版
PL022,PL022_佛山市锐拓新材料有限公司新建项目_01_受理公告或公示版.pdf,14,1,3,完整,1.0,"3-6.【水/综合类】近期保留桑麻
村、逢简村、吉祐村、安富村等
现状农村污水分散式处理设施，
继续完善污水支管网建设，提高
污水收集处理率，新建龙潭村、
吉祐村、右滩村、南朗村、光华
村、东村、北水村等农村分散式
生活污水处理设施，其余行政村
（社区）继续完善污水管网建设，
收集农村污水进入市政污水系
统，有条件的区域实施雨污分流
改造，到2030年全面雨",,解析文本拼接_表格清洗增强_02_021-040.md,021_佛山市锐拓新材料有限公司新建项目_01_受理公告或公示版
PL022,PL022_佛山市锐拓新材料有限公司新建项目_01_受理公告或公示版.pdf,14,1,4,完整,1.0,"3-7.【水/综合类】产业集聚区和
主题园区内做好污水管网和污水
集中处理设施的配套保障，确保
废水收集到城镇污水处理厂、园
区污水处理厂或分散式污水处理
设施集中处置。 | 项目所在园区实行
“雨污分流”措施，
项目生活污水通过
市政污水管网排入
杏坛污水处理厂处
理。 | 符合",,解析文本拼接_表格清洗增强_02_021-040.md,021_佛山市锐拓新材料有限公司新建项目_01_受理公告或公示版
PL022,PL022_佛山市锐拓新材料有限公司新建项目_01_受理公告或公示版.pdf,14,1,5,完整,1.0,"3-8.【大气/综合类】大力推进低
VOCs含量原辅材料替代，加快涉
VOCs重点行业的生产工艺升级
改造，推行自动化生产工艺，对
达不到要求的VOCs收集及治理
设施进行整治提升，逐步淘汰低
效VOCs治理设施。 | 项目含VOCs的物
料为固体粉料，常
温状态下不挥发
VOCs，使用塑料原
料均为新料，符合
政策要求。生产的
有机废气废气收集
后，通过“",,解析文本拼接_表格清洗增强_02_021-040.md,021_佛山市锐拓新材料有限公司新建项目_01_受理公告或公示版
PL022,PL022_佛山市锐拓新材料有限公司新建项目_01_受理公告或公示版.pdf,14,1,6,完整,1.0,3-9.【土壤/限制类】作为重金属 | 本项目不涉及 | 符合,,解析文本拼接_表格清洗增强_02_021-040.md,021_佛山市锐拓新材料有限公司新建项目_01_受理公告或公示版
PL022,PL022_佛山市锐拓新材料有限公司新建项目_01_受理公告或公示版.pdf,14,2,32,完整,1.0,3-7.【水/综合类】产业集聚区和 | 项目所在园区实行,,解析文本拼接_表格清洗增强_02_021-040.md,021_佛山市锐拓新材料有限公司新建项目_01_受理公告或公示版
PL022,PL022_佛山市锐拓新材料有限公司新建项目_01_受理公告或公示版.pdf,14,2,35,完整,1.0,废水收集到城镇污水处理厂、园 | 市政污水管网排入,,解析文本拼接_表格清洗增强_02_021-040.md,021_佛山市锐拓新材料有限公司新建项目_01_受理公告或公示版
PL022,PL022_佛山市锐拓新材料有限公司新建项目_01_受理公告或公示版.pdf,14,2,42,疑似缺失,0.5,3-8. / | ，使用塑料原,3-8. /,解析文本拼接_表格清洗增强_02_021-040.md,021_佛山市锐拓新材料有限公司新建项目_01_受理公告或公示版
PL022,PL022_佛山市锐拓新材料有限公司新建项目_01_受理公告或公示版.pdf,14,2,43,完整,1.0,含量原辅材料替代，加快涉 | VOCs,,解析文本拼接_表格清洗增强_02_021-040.md,021_佛山市锐拓新材料有限公司新建项目_01_受理公告或公示版
PL022,PL022_佛山市锐拓新材料有限公司新建项目_01_受理公告或公示版.pdf,14,2,44,完整,1.0,VOCs | 料均为新料，符合,,解析文本拼接_表格清洗增强_02_021-040.md,021_佛山市锐拓新材料有限公司新建项目_01_受理公告或公示版
PL022,PL022_佛山市锐拓新材料有限公司新建项目_01_受理公告或公示版.pdf,14,2,51,完整,1.0,VOCs | 后，通过“活性炭,,解析文本拼接_表格清洗增强_02_021-040.md,021_佛山市锐拓新材料有限公司新建项目_01_受理公告或公示版
PL022,PL022_佛山市锐拓新材料有限公司新建项目_01_受理公告或公示版.pdf,14,2,55,完整,1.0,VOCs | 米高排气筒,,解析文本拼接_表格清洗增强_02_021-040.md,021_佛山市锐拓新材料有限公司新建项目_01_受理公告或公示版
PL022,PL022_佛山市锐拓新材料有限公司新建项目_01_受理公告或公示版.pdf,14,2,59,完整,1.0,3-9.【土壤/限制类】作为重金属 | 本项目不涉及 | 符合,,解析文本拼接_表格清洗增强_02_021-040.md,021_佛山市锐拓新材料有限公司新建项目_01_受理公告或公示版
PL022,PL022_佛山市锐拓新材料有限公司新建项目_01_受理公告或公示版.pdf,15,2,2,完整,1.0,"环境风
险防控 | 4-1.【水/综合类】加强单元内右
滩水厂、均安水厂饮用水水源保
护区周边环境风险源管控，完善
突发环境事件应急管理体系。 | 本项目不涉及 | 符合",,解析文本拼接_表格清洗增强_02_021-040.md,021_佛山市锐拓新材料有限公司新建项目_01_受理公告或公示版
PL022,PL022_佛山市锐拓新材料有限公司新建项目_01_受理公告或公示版.pdf,15,2,3,完整,1.0,"4-2.【水/综合类】杏坛污水处理
厂、工业污水集中处理设施应采
取有效措施，防止事故废水直接
排入水体。完善污水处理厂在线
监控系统联网，实现污水处理厂
的实时、动态监管。 | 本项目不涉及 | 符合",,解析文本拼接_表格清洗增强_02_021-040.md,021_佛山市锐拓新材料有限公司新建项目_01_受理公告或公示版
PL022,PL022_佛山市锐拓新材料有限公司新建项目_01_受理公告或公示版.pdf,15,2,4,完整,1.0,"4-2.【水/综合类】杏坛污水处理
厂、工业污水集中处理设施应采
取有效措施，防止事故废水直接
排入水体。完善污水处理厂在线
监控系统联网，实现污水处理厂
的实时、动态监管。 | 本项目建成后运营
期间会加强环境风
险分级分类管理，
并与园区实现联
动。 | 符合",,解析文本拼接_表格清洗增强_02_021-040.md,021_佛山市锐拓新材料有限公司新建项目_01_受理公告或公示版
PL022,PL022_佛山市锐拓新材料有限公司新建项目_01_受理公告或公示版.pdf,15,3,3,完整,1.0,"1.1 | 第四十四条 生产、进口、销售和使
用含挥发性有机物的原材料和产品
的，其挥发性有机物含量应当符合质
量标准或者要求。国家鼓励生产、进
口、销售和使用低毒、低挥发性有机
溶剂。 | 项目含VOCs的物料为
固体粉料，常温状态下
不挥发VOCs，使用塑
料原料均为新料，符合
政策要求 | 符
合",,解析文本拼接_表格清洗增强_02_021-040.md,021_佛山市锐拓新材料有限公司新建项目_01_受理公告或公示版
PL022,PL022_佛山市锐拓新材料有限公司新建项目_01_受理公告或公示版.pdf,15,3,4,完整,1.0,"1.2 | 第四十五条 产生含挥发性有机物废
气的生产和服务活动，应当在密闭空
间或者设备中进行，并按照规定安
装、使用污染防治设施；无法密闭的，
应当采取措施减少废气排放。 | 有机废气经集气罩收
集，通过“活性炭吸附”
装置处理后引至18m
排气筒高空排放，可有
效减少废气排放。 | 符
合",,解析文本拼接_表格清洗增强_02_021-040.md,021_佛山市锐拓新材料有限公司新建项目_01_受理公告或公示版
PL022,PL022_佛山市锐拓新材料有限公司新建项目_01_受理公告或公示版.pdf,15,3,6,完整,1.0,"2.1 | 第十七条 珠江三角洲区域禁止新
建、扩建燃煤燃油火电机组或者企
业燃煤燃油自备电站。珠江三角洲
区域禁止新建、扩建国家规划外的
钢铁、原油加工、乙烯生产、造纸、
水泥、平板玻璃、除特种陶瓷以外
的陶瓷、有色金属冶炼等大气重污
染项目。 | 本项目属于塑料制品
业，不属于禁止建设的
大气重污染项目。 | 符
合",,解析文本拼接_表格清洗增强_02_021-040.md,021_佛山市锐拓新材料有限公司新建项目_01_受理公告或公示版
PL022,PL022_佛山市锐拓新材料有限公司新建项目_01_受理公告或公示版.pdf,15,4,18,疑似缺失,0.5,4-2. / | 本项目建成后运营,4-2. /,解析文本拼接_表格清洗增强_02_021-040.md,021_佛山市锐拓新材料有限公司新建项目_01_受理公告或公示版
PL022,PL022_佛山市锐拓新材料有限公司新建项目_01_受理公告或公示版.pdf,15,4,29,完整,1.0,（4） | 与VOCs控制政策文件相符性分析,,解析文本拼接_表格清洗增强_02_021-040.md,021_佛山市锐拓新材料有限公司新建项目_01_受理公告或公示版
PL022,PL022_佛山市锐拓新材料有限公司新建项目_01_受理公告或公示版.pdf,15,4,30,完整,1.0,项目与 | 国家、广东省、佛山市、顺德区政 | 府有关VOCs污染控 | 制政 | 策,,解析文本拼接_表格清洗增强_02_021-040.md,021_佛山市锐拓新材料有限公司新建项目_01_受理公告或公示版
PL022,PL022_佛山市锐拓新材料有限公司新建项目_01_受理公告或公示版.pdf,15,4,32,完整,1.0,表1-4 项目与有机污染物治理 | 政策的相符性,,解析文本拼接_表格清洗增强_02_021-040.md,021_佛山市锐拓新材料有限公司新建项目_01_受理公告或公示版
PL022,PL022_佛山市锐拓新材料有限公司新建项目_01_受理公告或公示版.pdf,15,4,38,完整,1.0,1 | 、《中 | 华人民共和国大气污染防治法》（ | 2018年10月26日修 | 正）,,解析文本拼接_表格清洗增强_02_021-040.md,021_佛山市锐拓新材料有限公司新建项目_01_受理公告或公示版
PL022,PL022_佛山市锐拓新材料有限公司新建项目_01_受理公告或公示版.pdf,15,4,41,完整,1.0,用含 | 挥发性有机物的原材料和产品 | VOCs,,解析文本拼接_表格清洗增强_02_021-040.md,021_佛山市锐拓新材料有限公司新建项目_01_受理公告或公示版
PL022,PL022_佛山市锐拓新材料有限公司新建项目_01_受理公告或公示版.pdf,15,4,45,完整,1.0,1.1 | 量标 | 准或者要求。国家鼓励生产、进 | VOCs | 合,,解析文本拼接_表格清洗增强_02_021-040.md,021_佛山市锐拓新材料有限公司新建项目_01_受理公告或公示版
PL022,PL022_佛山市锐拓新材料有限公司新建项目_01_受理公告或公示版.pdf,15,4,50,完整,1.0,第四 | 十五条 产生含挥发性有机物废 | 有机废气经集气罩收,,解析文本拼接_表格清洗增强_02_021-040.md,021_佛山市锐拓新材料有限公司新建项目_01_受理公告或公示版
PL022,PL022_佛山市锐拓新材料有限公司新建项目_01_受理公告或公示版.pdf,15,4,51,部分,0.75,气的 | 生产和服务活动，应当在密闭空 集 | ，通过“活性炭吸附 | ”,生产和服务活动，应当在密闭空 集,解析文本拼接_表格清洗增强_02_021-040.md,021_佛山市锐拓新材料有限公司新建项目_01_受理公告或公示版
PL022,PL022_佛山市锐拓新材料有限公司新建项目_01_受理公告或公示版.pdf,15,4,53,完整,1.0,间或 | 者设备中进行，并按照规定安 | 装置处理后引至,,解析文本拼接_表格清洗增强_02_021-040.md,021_佛山市锐拓新材料有限公司新建项目_01_受理公告或公示版
PL022,PL022_佛山市锐拓新材料有限公司新建项目_01_受理公告或公示版.pdf,15,4,54,完整,1.0,1.2 | 18m | 合,,解析文本拼接_表格清洗增强_02_021-040.md,021_佛山市锐拓新材料有限公司新建项目_01_受理公告或公示版
PL022,PL022_佛山市锐拓新材料有限公司新建项目_01_受理公告或公示版.pdf,15,4,55,疑似缺失,0.667,装、 | 使用污染防治设施；无法密闭的， 排 | 气筒高空排放，可有,使用污染防治设施；无法密闭的， 排,解析文本拼接_表格清洗增强_02_021-040.md,021_佛山市锐拓新材料有限公司新建项目_01_受理公告或公示版
PL022,PL022_佛山市锐拓新材料有限公司新建项目_01_受理公告或公示版.pdf,15,4,56,完整,1.0,应 | 当采取措施减少废气排放。 | 效减少废气排放。,,解析文本拼接_表格清洗增强_02_021-040.md,021_佛山市锐拓新材料有限公司新建项目_01_受理公告或公示版
PL022,PL022_佛山市锐拓新材料有限公司新建项目_01_受理公告或公示版.pdf,15,4,57,完整,1.0,2、 | 《广东省大气污染防治条例》（201 | 9年3月1日起施行）,,解析文本拼接_表格清洗增强_02_021-040.md,021_佛山市锐拓新材料有限公司新建项目_01_受理公告或公示版
PL022,PL022_佛山市锐拓新材料有限公司新建项目_01_受理公告或公示版.pdf,16,1,1,完整,1.0,"2.2 | 第二十六条 新建、改建、扩建排放
挥发性有机物的建设项目，应当使
用污染防治先进可行技术。下列产
生含挥发性有机物废气的生产和服
务活动，应当优先使用低挥发性有
机物含量的原材料和低排放环保工
艺，在确保安全条件下，按照规定
在密闭空间或者设备中进行，安装、
使用满足防爆、防静电要求的治理
效率高的污染防治设施；无法密闭
或者不适宜密闭的，应当采",,解析文本拼接_表格清洗增强_02_021-040.md,021_佛山市锐拓新材料有限公司新建项目_01_受理公告或公示版
PL022,PL022_佛山市锐拓新材料有限公司新建项目_01_受理公告或公示版.pdf,16,1,3,完整,1.0,"3.1 | 新、改、扩建排放VOCs的重点行
业建设项目应当执行总量替代制
度，重点行业包括炼油与石化、化
学原料和化学制品制造、化学药品
原料药制造、合成纤维制造、表面
涂装、印刷、制鞋、家具制造、人
造板制造、电子元件制造、纺织印、
塑料制造及塑料制品等12个行业。 | 项目属于塑料制品业，
属于重点管理行业。项
目挥发性有机物总量
指标为1.533t/",,解析文本拼接_表格清洗增强_02_021-040.md,021_佛山市锐拓新材料有限公司新建项目_01_受理公告或公示版
PL022,PL022_佛山市锐拓新材料有限公司新建项目_01_受理公告或公示版.pdf,16,1,5,完整,1.0,"4.1 | 粉状、粒状VOCs物料采用气力输
送设备、管状带式输送机、螺旋输
送机等密闭输送方式，或者采用密
闭的包装袋、容器或罐车进行物料
转移。 | 原辅材料采用密封包
装袋进行运输与储存。 | 符
合",,解析文本拼接_表格清洗增强_02_021-040.md,021_佛山市锐拓新材料有限公司新建项目_01_受理公告或公示版
PL022,PL022_佛山市锐拓新材料有限公司新建项目_01_受理公告或公示版.pdf,16,1,6,完整,1.0,"4.2 | VOCs治理设施应与生产工艺设备
同步运行，VOCs治理设施发生故
障或检修时，对应的生产工艺设备
应停止运行，待检修完毕后同步投
入使用；生产工艺设备不能停止运
行或不能及时停止运行的，应设置
废气应 急处理设施或采取其他替
代措施。 | 已要求企业VOCs治理
设施应与生产工艺设
备同步运行，日常安排
专门人员对治理设备
进行定期巡查和检修，",,解析文本拼接_表格清洗增强_02_021-040.md,021_佛山市锐拓新材料有限公司新建项目_01_受理公告或公示版
PL022,PL022_佛山市锐拓新材料有限公司新建项目_01_受理公告或公示版.pdf,16,1,7,完整,1.0,"4.3 | 建立废气收集处理设施台账，记录
废气处理设施进出口的监测数据 | 项目废气治理设施安
排专人维护并定期建 | 符
合",,解析文本拼接_表格清洗增强_02_021-040.md,021_佛山市锐拓新材料有限公司新建项目_01_受理公告或公示版
PL022,PL022_佛山市锐拓新材料有限公司新建项目_01_受理公告或公示版.pdf,16,2,11,疑似缺失,0.5,效率高的污染防治设施；无法密闭 | “ ”,“ ”,解析文本拼接_表格清洗增强_02_021-040.md,021_佛山市锐拓新材料有限公司新建项目_01_受理公告或公示版
PL022,PL022_佛山市锐拓新材料有限公司新建项目_01_受理公告或公示版.pdf,16,2,12,完整,1.0,装置处理后引至18m | 符,,解析文本拼接_表格清洗增强_02_021-040.md,021_佛山市锐拓新材料有限公司新建项目_01_受理公告或公示版
PL022,PL022_佛山市锐拓新材料有限公司新建项目_01_受理公告或公示版.pdf,16,2,15,完整,1.0,排气筒高空排放，可有 | 合,,解析文本拼接_表格清洗增强_02_021-040.md,021_佛山市锐拓新材料有限公司新建项目_01_受理公告或公示版
PL022,PL022_佛山市锐拓新材料有限公司新建项目_01_受理公告或公示版.pdf,16,2,28,完整,1.0,3、《 | 广东省生态环境厅关于做好重点行业 | 建设项目挥发性有机物总量 | 指,,解析文本拼接_表格清洗增强_02_021-040.md,021_佛山市锐拓新材料有限公司新建项目_01_受理公告或公示版
PL022,PL022_佛山市锐拓新材料有限公司新建项目_01_受理公告或公示版.pdf,16,2,29,完整,1.0,标管理工作的通知》（粤环发 | 〔2019〕2号）,,解析文本拼接_表格清洗增强_02_021-040.md,021_佛山市锐拓新材料有限公司新建项目_01_受理公告或公示版
PL022,PL022_佛山市锐拓新材料有限公司新建项目_01_受理公告或公示版.pdf,16,2,34,完整,1.0,3.1 | 原料药制造、合成纤维制造、表面 | 目挥发性有机物总量 | 合,,解析文本拼接_表格清洗增强_02_021-040.md,021_佛山市锐拓新材料有限公司新建项目_01_受理公告或公示版
PL022,PL022_佛山市锐拓新材料有限公司新建项目_01_受理公告或公示版.pdf,16,2,35,完整,1.0,涂装、印刷、制鞋、家具制造、人 | 指标为1.533t/a,,解析文本拼接_表格清洗增强_02_021-040.md,021_佛山市锐拓新材料有限公司新建项目_01_受理公告或公示版
PL022,PL022_佛山市锐拓新材料有限公司新建项目_01_受理公告或公示版.pdf,16,2,38,完整,1.0,4、关 | 于印发《广东省涉挥发性有机物（VO | Cs）重点行业治理指引》的 | 通,,解析文本拼接_表格清洗增强_02_021-040.md,021_佛山市锐拓新材料有限公司新建项目_01_受理公告或公示版
PL022,PL022_佛山市锐拓新材料有限公司新建项目_01_受理公告或公示版.pdf,16,2,39,完整,1.0,知（粤环办〔2021〕 | 43号）,,解析文本拼接_表格清洗增强_02_021-040.md,021_佛山市锐拓新材料有限公司新建项目_01_受理公告或公示版
PL022,PL022_佛山市锐拓新材料有限公司新建项目_01_受理公告或公示版.pdf,16,2,42,完整,1.0,原辅材料采用密封包 | 符,,解析文本拼接_表格清洗增强_02_021-040.md,021_佛山市锐拓新材料有限公司新建项目_01_受理公告或公示版
PL022,PL022_佛山市锐拓新材料有限公司新建项目_01_受理公告或公示版.pdf,16,2,44,完整,1.0,4.1 | 装袋进行运输与储存。 | 合,,解析文本拼接_表格清洗增强_02_021-040.md,021_佛山市锐拓新材料有限公司新建项目_01_受理公告或公示版
PL022,PL022_佛山市锐拓新材料有限公司新建项目_01_受理公告或公示版.pdf,16,2,48,完整,1.0,同步运行，VOCs治理设施发生故 | 已要求企业VOCs治理,,解析文本拼接_表格清洗增强_02_021-040.md,021_佛山市锐拓新材料有限公司新建项目_01_受理公告或公示版
PL022,PL022_佛山市锐拓新材料有限公司新建项目_01_受理公告或公示版.pdf,16,2,49,完整,1.0,障或检修时，对应的生产工艺设备 | 设施应与生产工艺设,,解析文本拼接_表格清洗增强_02_021-040.md,021_佛山市锐拓新材料有限公司新建项目_01_受理公告或公示版
PL022,PL022_佛山市锐拓新材料有限公司新建项目_01_受理公告或公示版.pdf,16,2,51,完整,1.0,4.2 | 入使用；生产工艺设备不能停止运 | 专门人员对治理设备 | 合,,解析文本拼接_表格清洗增强_02_021-040.md,021_佛山市锐拓新材料有限公司新建项目_01_受理公告或公示版
PL022,PL022_佛山市锐拓新材料有限公司新建项目_01_受理公告或公示版.pdf,16,2,53,完整,1.0,废气应 急处理设施或采取其他替 | 避免故障情况的出现。,,解析文本拼接_表格清洗增强_02_021-040.md,021_佛山市锐拓新材料有限公司新建项目_01_受理公告或公示版
PL022,PL022_佛山市锐拓新材料有限公司新建项目_01_受理公告或公示版.pdf,16,2,55,完整,1.0,建立废气收集处理设施台账，记录 | 项目废气治理设施安 | 符,,解析文本拼接_表格清洗增强_02_021-040.md,021_佛山市锐拓新材料有限公司新建项目_01_受理公告或公示版
PL022,PL022_佛山市锐拓新材料有限公司新建项目_01_受理公告或公示版.pdf,16,2,56,完整,1.0,4.3 | 废气处理设施进出口的监测数据 | 排专人维护并定期建 | 合,,解析文本拼接_表格清洗增强_02_021-040.md,021_佛山市锐拓新材料有限公司新建项目_01_受理公告或公示版
PL022,PL022_佛山市锐拓新材料有限公司新建项目_01_受理公告或公示版.pdf,17,1,4,完整,1.0,"1.1 | 珠三角地区禁止新建、扩建
水泥、平板玻璃、化学制浆、
生皮制革以及国家规划外的
钢铁、原油加工等项目 | 项目属于C2929塑料零件
及其他塑料制品制造，不
属于水泥、平板玻璃、化
学制浆、生皮制革以及国
家规划外的钢铁、原油加
工等项目 | 符合",,解析文本拼接_表格清洗增强_02_021-040.md,021_佛山市锐拓新材料有限公司新建项目_01_受理公告或公示版
PL022,PL022_佛山市锐拓新材料有限公司新建项目_01_受理公告或公示版.pdf,17,1,5,完整,1.0,"1.2 | 大力推进低VOCs含量原辅材
料源头替代，严格落实国家
和地方产品VOCs含量限值质
量标准，禁止建设生产和使
用高VOCs含量的溶剂型涂
料、油墨、胶粘剂等项目 | 项目不使用涂料、油墨、
胶黏剂等原辅材料 | 符合",,解析文本拼接_表格清洗增强_02_021-040.md,021_佛山市锐拓新材料有限公司新建项目_01_受理公告或公示版
PL022,PL022_佛山市锐拓新材料有限公司新建项目_01_受理公告或公示版.pdf,17,1,6,完整,1.0,"1.3 | 强化对企业涉VOCs生产车间
/工序废气的收集管理，推动
企业开展治理设施升级改造 | 挤出废气经包围型集气罩
收集后经一套“活性炭吸
附”处理后排气筒排放 | 符合",,解析文本拼接_表格清洗增强_02_021-040.md,021_佛山市锐拓新材料有限公司新建项目_01_受理公告或公示版
PL022,PL022_佛山市锐拓新材料有限公司新建项目_01_受理公告或公示版.pdf,17,1,8,完整,1.0,2.1 | 新建、扩建项目需符合环境 | 项目属于C2929塑料零件 | 符合,,解析文本拼接_表格清洗增强_02_021-040.md,021_佛山市锐拓新材料有限公司新建项目_01_受理公告或公示版
PL022,PL022_佛山市锐拓新材料有限公司新建项目_01_受理公告或公示版.pdf,17,2,1,完整,1.0,"（废气量、浓度、温 度、含氧量等）、
废气收集与处理设施关键参数、废
气处理设施相关耗材（吸收剂、吸
附剂、催化剂等）购买和处理记录。 | 立台账，记录相关废气
数据。",,解析文本拼接_表格清洗增强_02_021-040.md,021_佛山市锐拓新材料有限公司新建项目_01_受理公告或公示版
PL022,PL022_佛山市锐拓新材料有限公司新建项目_01_受理公告或公示版.pdf,17,2,2,完整,1.0,"4.4 | 建立危废台账，整理危废处置合同、
转移联单及危废处理方资质佐证材
料。 | 企业严格执行危险废
物转移计划报批、依法
建立危险废物转移联
单，并通过信息系统登
记转移计划和电子转
移联单。 | 符
合",,解析文本拼接_表格清洗增强_02_021-040.md,021_佛山市锐拓新材料有限公司新建项目_01_受理公告或公示版
PL022,PL022_佛山市锐拓新材料有限公司新建项目_01_受理公告或公示版.pdf,17,2,3,完整,1.0,"4.5 | 要求建设单位需对有机废气有组织
和无组织废气、噪声每年监测1次。 | 已要求企业对项目废
气、噪声进行自行检
查。 | 符
合",,解析文本拼接_表格清洗增强_02_021-040.md,021_佛山市锐拓新材料有限公司新建项目_01_受理公告或公示版
PL022,PL022_佛山市锐拓新材料有限公司新建项目_01_受理公告或公示版.pdf,17,2,5,完整,1.0,"5.1 | 严格落实国家产品VOCs含量限值
标准要求，除现阶段确无法实施替
代的工序外，禁止新建生产和使用
高VOCs含量原辅材料项目。鼓励
在生产和流通消费环节推广使用低
VOCs含量原辅材料。 | 本项目使用的物料不
属于禁止使用的高
VOCs含量原辅材料，
符合政策要求。 | 符
合",,解析文本拼接_表格清洗增强_02_021-040.md,021_佛山市锐拓新材料有限公司新建项目_01_受理公告或公示版
PL022,PL022_佛山市锐拓新材料有限公司新建项目_01_受理公告或公示版.pdf,17,2,6,完整,1.0,"5.2 | 指导企业使用适宜高效的治理技
术，涉VOCs重点行业新建、改建、
和扩建项目不推荐使用光氧化、光
催化、低温等离子等低效治理设施，
已建项目逐步淘汰光氧化、光催化、
低温等离子治理设施。 | 有机废气经集气罩收
集，通过“活性炭吸附”
装置处理后引至18m
排气筒高空排放。 | 符
合",,解析文本拼接_表格清洗增强_02_021-040.md,021_佛山市锐拓新材料有限公司新建项目_01_受理公告或公示版
PL022,PL022_佛山市锐拓新材料有限公司新建项目_01_受理公告或公示版.pdf,17,3,1,完整,1.0,（ | 废气量、浓度、温 度、含氧量等 | ）、 | 立台账，记录相关废气,,解析文本拼接_表格清洗增强_02_021-040.md,021_佛山市锐拓新材料有限公司新建项目_01_受理公告或公示版
PL022,PL022_佛山市锐拓新材料有限公司新建项目_01_受理公告或公示版.pdf,17,3,2,完整,1.0,废气收集与处理设施关键参数、 | 废 | 数据。,,解析文本拼接_表格清洗增强_02_021-040.md,021_佛山市锐拓新材料有限公司新建项目_01_受理公告或公示版
PL022,PL022_佛山市锐拓新材料有限公司新建项目_01_受理公告或公示版.pdf,17,3,7,完整,1.0,建 | 立危废台账，整理危废处置合 | 同、,,解析文本拼接_表格清洗增强_02_021-040.md,021_佛山市锐拓新材料有限公司新建项目_01_受理公告或公示版
PL022,PL022_佛山市锐拓新材料有限公司新建项目_01_受理公告或公示版.pdf,17,3,9,完整,1.0,转移联单及危废处理方资质佐证 | 材,,解析文本拼接_表格清洗增强_02_021-040.md,021_佛山市锐拓新材料有限公司新建项目_01_受理公告或公示版
PL022,PL022_佛山市锐拓新材料有限公司新建项目_01_受理公告或公示版.pdf,17,3,10,完整,1.0,4.4 | 单，并通过信息系统登 | 合,,解析文本拼接_表格清洗增强_02_021-040.md,021_佛山市锐拓新材料有限公司新建项目_01_受理公告或公示版
PL022,PL022_佛山市锐拓新材料有限公司新建项目_01_受理公告或公示版.pdf,17,3,15,完整,1.0,要求建设单位需对有机废气有组 | 织 | 符,,解析文本拼接_表格清洗增强_02_021-040.md,021_佛山市锐拓新材料有限公司新建项目_01_受理公告或公示版
PL022,PL022_佛山市锐拓新材料有限公司新建项目_01_受理公告或公示版.pdf,17,3,17,完整,1.0,4.5 | 和 | 无组织废气、噪声每年监测 | 次。 | 合,,解析文本拼接_表格清洗增强_02_021-040.md,021_佛山市锐拓新材料有限公司新建项目_01_受理公告或公示版
PL022,PL022_佛山市锐拓新材料有限公司新建项目_01_受理公告或公示版.pdf,17,3,19,完整,1.0,、《 | 广 | 东省人民政府办公厅关于印发 | 广东省 | 2021年大气、水、土壤 | 污染,,解析文本拼接_表格清洗增强_02_021-040.md,021_佛山市锐拓新材料有限公司新建项目_01_受理公告或公示版
PL022,PL022_佛山市锐拓新材料有限公司新建项目_01_受理公告或公示版.pdf,17,3,20,完整,1.0,防治工作方案的通知》（ | 粤办函 | 〔2021〕58号）,,解析文本拼接_表格清洗增强_02_021-040.md,021_佛山市锐拓新材料有限公司新建项目_01_受理公告或公示版
PL022,PL022_佛山市锐拓新材料有限公司新建项目_01_受理公告或公示版.pdf,17,3,21,完整,1.0,严格落实国家产品VOCs含量限 | 值,,解析文本拼接_表格清洗增强_02_021-040.md,021_佛山市锐拓新材料有限公司新建项目_01_受理公告或公示版
PL022,PL022_佛山市锐拓新材料有限公司新建项目_01_受理公告或公示版.pdf,17,3,22,完整,1.0,标准要求，除现阶段确无法实施 | 替 | 本项目使用的物料不,,解析文本拼接_表格清洗增强_02_021-040.md,021_佛山市锐拓新材料有限公司新建项目_01_受理公告或公示版
PL022,PL022_佛山市锐拓新材料有限公司新建项目_01_受理公告或公示版.pdf,17,3,24,部分,0.8,5.1 | 高 含量原辅材料项目。鼓 | 励 | 含量原辅材料， | 合,高 含量原辅材料项目。鼓,解析文本拼接_表格清洗增强_02_021-040.md,021_佛山市锐拓新材料有限公司新建项目_01_受理公告或公示版
PL022,PL022_佛山市锐拓新材料有限公司新建项目_01_受理公告或公示版.pdf,17,3,25,完整,1.0,VOCs | VOCs,,解析文本拼接_表格清洗增强_02_021-040.md,021_佛山市锐拓新材料有限公司新建项目_01_受理公告或公示版
PL022,PL022_佛山市锐拓新材料有限公司新建项目_01_受理公告或公示版.pdf,17,3,29,完整,1.0,术 | ，涉VOCs重点行业新建、改 | 建、 | 有机废气经集气罩收,,解析文本拼接_表格清洗增强_02_021-040.md,021_佛山市锐拓新材料有限公司新建项目_01_受理公告或公示版
PL022,PL022_佛山市锐拓新材料有限公司新建项目_01_受理公告或公示版.pdf,17,3,30,完整,1.0,和扩建项目不推荐使用光氧化、 | 光 | 集，通过“活性炭吸附” | 符,,解析文本拼接_表格清洗增强_02_021-040.md,021_佛山市锐拓新材料有限公司新建项目_01_受理公告或公示版
PL022,PL022_佛山市锐拓新材料有限公司新建项目_01_受理公告或公示版.pdf,17,3,31,完整,1.0,5.2 | 催 | 化、低温等离子等低效治理设 | 施， | 装置处理后引至 | 合,,解析文本拼接_表格清洗增强_02_021-040.md,021_佛山市锐拓新材料有限公司新建项目_01_受理公告或公示版
PL022,PL022_佛山市锐拓新材料有限公司新建项目_01_受理公告或公示版.pdf,17,3,33,完整,1.0,已 | 建项目逐步淘汰光氧化、光催 | 化、 | 排气筒高空排放。,,解析文本拼接_表格清洗增强_02_021-040.md,021_佛山市锐拓新材料有限公司新建项目_01_受理公告或公示版
PL022,PL022_佛山市锐拓新材料有限公司新建项目_01_受理公告或公示版.pdf,17,3,35,完整,1.0,（ | 5 | ）项目与省、市、区生态环境 | 保护“ | 十四五”规划相符性分 | 析,,解析文本拼接_表格清洗增强_02_021-040.md,021_佛山市锐拓新材料有限公司新建项目_01_受理公告或公示版
PL022,PL022_佛山市锐拓新材料有限公司新建项目_01_受理公告或公示版.pdf,17,3,36,完整,1.0,表 | 1 | -5 与省、市、区生态环境保护 | “十 | 四五”规划相符性分析 | 表,,解析文本拼接_表格清洗增强_02_021-040.md,021_佛山市锐拓新材料有限公司新建项目_01_受理公告或公示版
PL022,PL022_佛山市锐拓新材料有限公司新建项目_01_受理公告或公示版.pdf,17,3,38,完整,1.0,1.《广东省生态环境保 | 护“ | 十四五”规划》,,解析文本拼接_表格清洗增强_02_021-040.md,021_佛山市锐拓新材料有限公司新建项目_01_受理公告或公示版
PL022,PL022_佛山市锐拓新材料有限公司新建项目_01_受理公告或公示版.pdf,17,3,39,完整,1.0,项目 | 属于C2929塑料零件,,解析文本拼接_表格清洗增强_02_021-040.md,021_佛山市锐拓新材料有限公司新建项目_01_受理公告或公示版
PL022,PL022_佛山市锐拓新材料有限公司新建项目_01_受理公告或公示版.pdf,17,3,48,完整,1.0,和地方产品VOCs含量限值质 | 项目 | 不使用涂料、油墨、,,解析文本拼接_表格清洗增强_02_021-040.md,021_佛山市锐拓新材料有限公司新建项目_01_受理公告或公示版
PL022,PL022_佛山市锐拓新材料有限公司新建项目_01_受理公告或公示版.pdf,17,3,50,完整,1.0,量标准，禁止建设生产和使 | 胶 | 黏剂等原辅材料,,解析文本拼接_表格清洗增强_02_021-040.md,021_佛山市锐拓新材料有限公司新建项目_01_受理公告或公示版
PL022,PL022_佛山市锐拓新材料有限公司新建项目_01_受理公告或公示版.pdf,17,3,53,完整,1.0,强化对企业涉VOCs生产车间 | 挤出 | 废气经包围型集气罩,,解析文本拼接_表格清洗增强_02_021-040.md,021_佛山市锐拓新材料有限公司新建项目_01_受理公告或公示版
PL022,PL022_佛山市锐拓新材料有限公司新建项目_01_受理公告或公示版.pdf,17,3,54,完整,1.0,1.3 | /工序废气的收集管理，推动 | 收集 | 后经一套“活性炭吸 | 符合,,解析文本拼接_表格清洗增强_02_021-040.md,021_佛山市锐拓新材料有限公司新建项目_01_受理公告或公示版
PL022,PL022_佛山市锐拓新材料有限公司新建项目_01_受理公告或公示版.pdf,17,3,55,完整,1.0,企业开展治理设施升级改造 | 附” | 处理后排气筒排放,,解析文本拼接_表格清洗增强_02_021-040.md,021_佛山市锐拓新材料有限公司新建项目_01_受理公告或公示版
PL022,PL022_佛山市锐拓新材料有限公司新建项目_01_受理公告或公示版.pdf,17,3,56,完整,1.0,2.《佛山市生态环境保 | 护“ | 十四五”规划》,,解析文本拼接_表格清洗增强_02_021-040.md,021_佛山市锐拓新材料有限公司新建项目_01_受理公告或公示版
PL022,PL022_佛山市锐拓新材料有限公司新建项目_01_受理公告或公示版.pdf,17,3,57,完整,1.0,2.1 | 新建、扩建项目需符合环境 | 项目 | 属于C2929塑料零件 | 符合,,解析文本拼接_表格清洗增强_02_021-040.md,021_佛山市锐拓新材料有限公司新建项目_01_受理公告或公示版
PL022,PL022_佛山市锐拓新材料有限公司新建项目_01_受理公告或公示版.pdf,18,1,2,完整,1.0,"2.2 | 严格限制新建生产和使用高
挥发性有机物原辅材料的项
目 | 项目不使用涂料、油墨、
胶黏剂等原辅材料 | 符合",,解析文本拼接_表格清洗增强_02_021-040.md,021_佛山市锐拓新材料有限公司新建项目_01_受理公告或公示版
PL022,PL022_佛山市锐拓新材料有限公司新建项目_01_受理公告或公示版.pdf,18,1,3,完整,1.0,"2.3 | 严格执行相关行业企业布局
选址要求，在重金属镉累积
性较高的区域禁 止新建、扩
建排放重金属污染物的建设
项目。 | 项目无重金属产生 | 符合",,解析文本拼接_表格清洗增强_02_021-040.md,021_佛山市锐拓新材料有限公司新建项目_01_受理公告或公示版
PL022,PL022_佛山市锐拓新材料有限公司新建项目_01_受理公告或公示版.pdf,18,1,5,完整,1.0,"3.1 | 禁止新建、扩建水泥、平板
玻璃、化学制浆、生皮制革
以及国家规划外的 钢铁、原
油加工等项目；专业电镀、
印染等项目进入定点园区集
中管理 | 项目属于C2929塑料零件
及其他塑料制品制造，不
属于水泥、平板玻璃、化
学制浆、生皮制革以及国
家规划外的钢铁、原油加
工等项目 | 符合",,解析文本拼接_表格清洗增强_02_021-040.md,021_佛山市锐拓新材料有限公司新建项目_01_受理公告或公示版
PL022,PL022_佛山市锐拓新材料有限公司新建项目_01_受理公告或公示版.pdf,18,2,9,完整,1.0,2.2 | 挥发性有机物原辅材料的项 | 符合,,解析文本拼接_表格清洗增强_02_021-040.md,021_佛山市锐拓新材料有限公司新建项目_01_受理公告或公示版
PL022,PL022_佛山市锐拓新材料有限公司新建项目_01_受理公告或公示版.pdf,18,2,14,完整,1.0,2.3 | 性较高的区域禁 止新建、扩 | 项目无重金属产生 | 符合,,解析文本拼接_表格清洗增强_02_021-040.md,021_佛山市锐拓新材料有限公司新建项目_01_受理公告或公示版
PL022,PL022_佛山市锐拓新材料有限公司新建项目_01_受理公告或公示版.pdf,18,2,17,完整,1.0,3 | .佛山市顺德区生态环境保护“ | 十四五”规划（2021-2025）,,解析文本拼接_表格清洗增强_02_021-040.md,021_佛山市锐拓新材料有限公司新建项目_01_受理公告或公示版
PL022,PL022_佛山市锐拓新材料有限公司新建项目_01_受理公告或公示版.pdf,18,2,18,完整,1.0,禁止新建、扩建水泥、平板 | 项目属于C2929塑料零件,,解析文本拼接_表格清洗增强_02_021-040.md,021_佛山市锐拓新材料有限公司新建项目_01_受理公告或公示版
PL022,PL022_佛山市锐拓新材料有限公司新建项目_01_受理公告或公示版.pdf,19,1,3,完整,1.0,"主体工
程 | 生产厂房 | 1层 | 占地面积约600m2，设有挤出车间、组装车间和仓库
等；",,解析文本拼接_表格清洗增强_02_021-040.md,021_佛山市锐拓新材料有限公司新建项目_01_受理公告或公示版
PL022,PL022_佛山市锐拓新材料有限公司新建项目_01_受理公告或公示版.pdf,19,1,4,完整,1.0,"辅助工
程 | 办公室 | 办公室一个，面积约50㎡，主要用于人员办公",,解析文本拼接_表格清洗增强_02_021-040.md,021_佛山市锐拓新材料有限公司新建项目_01_受理公告或公示版
PL022,PL022_佛山市锐拓新材料有限公司新建项目_01_受理公告或公示版.pdf,19,1,5,完整,1.0,"仓储工
程 | 仓库 | 主要设原辅材料仓库及成品仓库，位于生产车间内",,解析文本拼接_表格清洗增强_02_021-040.md,021_佛山市锐拓新材料有限公司新建项目_01_受理公告或公示版
PL022,PL022_佛山市锐拓新材料有限公司新建项目_01_受理公告或公示版.pdf,19,1,7,完整,1.0,"排水 | 生活污水经三级化粪池处理后排放至杏坛生活污水处
理厂进行处理；冷却水循环使用，定期更换后交由佛
山市顺德区绿点废水回收处理有限公司进行处理，不
外排",,解析文本拼接_表格清洗增强_02_021-040.md,021_佛山市锐拓新材料有限公司新建项目_01_受理公告或公示版
PL022,PL022_佛山市锐拓新材料有限公司新建项目_01_受理公告或公示版.pdf,19,1,8,完整,1.0,供电 | 由市政供电管网供给，项目内不设备用发电机。,,解析文本拼接_表格清洗增强_02_021-040.md,021_佛山市锐拓新材料有限公司新建项目_01_受理公告或公示版
PL022,PL022_佛山市锐拓新材料有限公司新建项目_01_受理公告或公示版.pdf,19,1,9,完整,1.0,"环保工
程 | 污水治理工程 | 生活污水经三级化粪池处理后排放至杏坛生活污水处
理厂进行处理；冷却水循环使用，定期更换后交由佛
山市顺德区绿点废水回收处理有限公司进行处理，不
外排",,解析文本拼接_表格清洗增强_02_021-040.md,021_佛山市锐拓新材料有限公司新建项目_01_受理公告或公示版
PL022,PL022_佛山市锐拓新材料有限公司新建项目_01_受理公告或公示版.pdf,19,1,10,完整,1.0,"废气治理工程 | 有机废气：委托有工程资质单位落实有机废气治理，
采用“活性炭吸附”处理后经18m排气筒排放；",,解析文本拼接_表格清洗增强_02_021-040.md,021_佛山市锐拓新材料有限公司新建项目_01_受理公告或公示版
PL022,PL022_佛山市锐拓新材料有限公司新建项目_01_受理公告或公示版.pdf,19,1,11,完整,1.0,"噪声治理工程 | 置于车间内，利用车间墙壁的阻隔作用降噪；严格管
理工作时间；调整设备布局；加强设备日常维护与保
养 ；",,解析文本拼接_表格清洗增强_02_021-040.md,021_佛山市锐拓新材料有限公司新建项目_01_受理公告或公示版
PL022,PL022_佛山市锐拓新材料有限公司新建项目_01_受理公告或公示版.pdf,19,1,12,完整,1.0,"固废处理工程 | 生活垃圾统一收集后交由环卫部门处理；
废包装材收集后外售给资源回收商处理，边角料、次
品破碎后回用于生产；
设有危险废物暂存点、固体废物暂存点。",,解析文本拼接_表格清洗增强_02_021-040.md,021_佛山市锐拓新材料有限公司新建项目_01_受理公告或公示版
PL022,PL022_佛山市锐拓新材料有限公司新建项目_01_受理公告或公示版.pdf,19,2,1,完整,1.0,智 | 能科技产业 | 中心20栋101号之 | 一：北纬22°45′10.602″，东经113°12′13.503″，,,解析文本拼接_表格清洗增强_02_021-040.md,021_佛山市锐拓新材料有限公司新建项目_01_受理公告或公示版
PL022,PL022_佛山市锐拓新材料有限公司新建项目_01_受理公告或公示版.pdf,19,2,2,完整,1.0,项 | 目租赁所在 | 楼层为生产，20栋 | 厂房共3层，首层高约为8米、2层高4米、3层高4,,解析文本拼接_表格清洗增强_02_021-040.md,021_佛山市锐拓新材料有限公司新建项目_01_受理公告或公示版
PL022,PL022_佛山市锐拓新材料有限公司新建项目_01_受理公告或公示版.pdf,19,2,3,完整,1.0,米 | ，占地面积 | 约600㎡，主要设 | 挤出车间和破碎车间等，项目地理位置图见附图1。项,,解析文本拼接_表格清洗增强_02_021-040.md,021_佛山市锐拓新材料有限公司新建项目_01_受理公告或公示版
PL022,PL022_佛山市锐拓新材料有限公司新建项目_01_受理公告或公示版.pdf,19,2,4,完整,1.0,目 | 西南面为顺 | 德高科智能科技产 | 业中心18栋、西北面为顺德高科智能科技产业中心20,,解析文本拼接_表格清洗增强_02_021-040.md,021_佛山市锐拓新材料有限公司新建项目_01_受理公告或公示版
PL022,PL022_佛山市锐拓新材料有限公司新建项目_01_受理公告或公示版.pdf,19,2,5,完整,1.0,栋 | ，东北面为 | 顺德高科智能科技 | 产业中心23栋，东南面为配电房。项目最近敏感点东,,解析文本拼接_表格清洗增强_02_021-040.md,021_佛山市锐拓新材料有限公司新建项目_01_受理公告或公示版
PL022,PL022_佛山市锐拓新材料有限公司新建项目_01_受理公告或公示版.pdf,19,2,6,完整,1.0,北 | 面400m处的 | 荣盛文博府。本项 | 目主要为经营范围为从事塑料颗粒的生产，年产ABS,,解析文本拼接_表格清洗增强_02_021-040.md,021_佛山市锐拓新材料有限公司新建项目_01_受理公告或公示版
PL022,PL022_佛山市锐拓新材料有限公司新建项目_01_受理公告或公示版.pdf,19,2,7,完整,1.0,颗 | 粒130吨、P | C颗粒130吨、PP | 颗粒130吨。,,解析文本拼接_表格清洗增强_02_021-040.md,021_佛山市锐拓新材料有限公司新建项目_01_受理公告或公示版
PL022,PL022_佛山市锐拓新材料有限公司新建项目_01_受理公告或公示版.pdf,19,2,8,完整,1.0,项目组成 | 详见下表2-1。,,解析文本拼接_表格清洗增强_02_021-040.md,021_佛山市锐拓新材料有限公司新建项目_01_受理公告或公示版
PL022,PL022_佛山市锐拓新材料有限公司新建项目_01_受理公告或公示版.pdf,19,2,9,完整,1.0,表 | 2-1 主要建设内容表,,解析文本拼接_表格清洗增强_02_021-040.md,021_佛山市锐拓新材料有限公司新建项目_01_受理公告或公示版
PL022,PL022_佛山市锐拓新材料有限公司新建项目_01_受理公告或公示版.pdf,19,2,11,疑似缺失,0.5,主体工 | 占地面积约 2，设有挤出车间、组装车间和仓库,占地面积约 2，设有挤出车间、组装车间和仓库,解析文本拼接_表格清洗增强_02_021-040.md,021_佛山市锐拓新材料有限公司新建项目_01_受理公告或公示版
PL022,PL022_佛山市锐拓新材料有限公司新建项目_01_受理公告或公示版.pdf,19,2,12,疑似缺失,0.667,生 | 产厂房 层 | 600m,产厂房 层,解析文本拼接_表格清洗增强_02_021-040.md,021_佛山市锐拓新材料有限公司新建项目_01_受理公告或公示版
PL022,PL022_佛山市锐拓新材料有限公司新建项目_01_受理公告或公示版.pdf,19,2,15,疑似缺失,0.5,办公室 | 办公室一个，面积约 ㎡，主要用于人员办公,办公室一个，面积约 ㎡，主要用于人员办公,解析文本拼接_表格清洗增强_02_021-040.md,021_佛山市锐拓新材料有限公司新建项目_01_受理公告或公示版
PL022,PL022_佛山市锐拓新材料有限公司新建项目_01_受理公告或公示版.pdf,19,2,18,完整,1.0,仓库 | 主要设原辅材料仓库及成品仓库，位于生产车间内,,解析文本拼接_表格清洗增强_02_021-040.md,021_佛山市锐拓新材料有限公司新建项目_01_受理公告或公示版
PL022,PL022_佛山市锐拓新材料有限公司新建项目_01_受理公告或公示版.pdf,19,2,24,完整,1.0,程 | 山市顺德区绿点废水回收处理有限公司进行处理，不,,解析文本拼接_表格清洗增强_02_021-040.md,021_佛山市锐拓新材料有限公司新建项目_01_受理公告或公示版
PL022,PL022_佛山市锐拓新材料有限公司新建项目_01_受理公告或公示版.pdf,19,2,26,完整,1.0,供电 | 由市政供电管网供给，项目内不设备用发电机。,,解析文本拼接_表格清洗增强_02_021-040.md,021_佛山市锐拓新材料有限公司新建项目_01_受理公告或公示版
PL022,PL022_佛山市锐拓新材料有限公司新建项目_01_受理公告或公示版.pdf,19,2,38,完整,1.0,噪声治理工程 | 理工作时间；调整设备布局；加强设备日常维护与保,,解析文本拼接_表格清洗增强_02_021-040.md,021_佛山市锐拓新材料有限公司新建项目_01_受理公告或公示版
PL022,PL022_佛山市锐拓新材料有限公司新建项目_01_受理公告或公示版.pdf,20,2,1,完整,1.0,"序
号 | 原辅材料名称 | 年用量 | 最大存储量 | 性状 | 包装规格 | 备注",,解析文本拼接_表格清洗增强_02_021-040.md,021_佛山市锐拓新材料有限公司新建项目_01_受理公告或公示版
PL022,PL022_佛山市锐拓新材料有限公司新建项目_01_受理公告或公示版.pdf,20,2,2,完整,1.0,"1 | ABS粉料 | 130吨/年 | 20吨 | 粉末状 | 25kg/包 | 新料，主要原
料",,解析文本拼接_表格清洗增强_02_021-040.md,021_佛山市锐拓新材料有限公司新建项目_01_受理公告或公示版
PL022,PL022_佛山市锐拓新材料有限公司新建项目_01_受理公告或公示版.pdf,20,2,3,完整,1.0,"2 | PC粉料 | 130吨/年 | 20吨 | 粉末状 | 25kg/包 | 新料，主要原
料",,解析文本拼接_表格清洗增强_02_021-040.md,021_佛山市锐拓新材料有限公司新建项目_01_受理公告或公示版
PL022,PL022_佛山市锐拓新材料有限公司新建项目_01_受理公告或公示版.pdf,20,2,4,完整,1.0,"3 | PP粉料 | 130吨/年 | 20吨 | 粉末状 | 25kg/包 | 新料，主要原
料",,解析文本拼接_表格清洗增强_02_021-040.md,021_佛山市锐拓新材料有限公司新建项目_01_受理公告或公示版
PL022,PL022_佛山市锐拓新材料有限公司新建项目_01_受理公告或公示版.pdf,20,2,5,完整,1.0,"4 | 色母 | 2吨/年 | 0.2吨 | 固体 | 25kg/包 | 新料，主要原
料",,解析文本拼接_表格清洗增强_02_021-040.md,021_佛山市锐拓新材料有限公司新建项目_01_受理公告或公示版
PL022,PL022_佛山市锐拓新材料有限公司新建项目_01_受理公告或公示版.pdf,20,2,6,完整,1.0,"5 | 机油 | 0.5吨/年 | 0.1吨 | 业态 | 10kg/桶 | 用于设备维护
保养",,解析文本拼接_表格清洗增强_02_021-040.md,021_佛山市锐拓新材料有限公司新建项目_01_受理公告或公示版
PL022,PL022_佛山市锐拓新材料有限公司新建项目_01_受理公告或公示版.pdf,20,3,2,完整,1.0,原辅材料名称 | 年用量 | 最大存储量 | 性状 | 包装规格 | 备注,,解析文本拼接_表格清洗增强_02_021-040.md,021_佛山市锐拓新材料有限公司新建项目_01_受理公告或公示版
PL022,PL022_佛山市锐拓新材料有限公司新建项目_01_受理公告或公示版.pdf,20,3,6,部分,0.8,1 ABS | 130 / | 20 | 25kg/ | 料,130 /,解析文本拼接_表格清洗增强_02_021-040.md,021_佛山市锐拓新材料有限公司新建项目_01_受理公告或公示版
PL022,PL022_佛山市锐拓新材料有限公司新建项目_01_受理公告或公示版.pdf,20,3,9,部分,0.8,2 PC | 130 / | 20 | 25kg/ | 料,130 /,解析文本拼接_表格清洗增强_02_021-040.md,021_佛山市锐拓新材料有限公司新建项目_01_受理公告或公示版
PL022,PL022_佛山市锐拓新材料有限公司新建项目_01_受理公告或公示版.pdf,20,3,11,完整,1.0,PP粉料 | 130吨/年 | 20吨 | 粉末状 | 25kg/包,,解析文本拼接_表格清洗增强_02_021-040.md,021_佛山市锐拓新材料有限公司新建项目_01_受理公告或公示版
PL022,PL022_佛山市锐拓新材料有限公司新建项目_01_受理公告或公示版.pdf,20,3,15,完整,1.0,4 | 2 / | 0.2 | 25kg/ | 料,,解析文本拼接_表格清洗增强_02_021-040.md,021_佛山市锐拓新材料有限公司新建项目_01_受理公告或公示版
PL022,PL022_佛山市锐拓新材料有限公司新建项目_01_受理公告或公示版.pdf,20,3,18,部分,0.8,5 | 0.5 / | 0.1 | 10kg/ | 保养,0.5 /,解析文本拼接_表格清洗增强_02_021-040.md,021_佛山市锐拓新材料有限公司新建项目_01_受理公告或公示版
PL022,PL022_佛山市锐拓新材料有限公司新建项目_01_受理公告或公示版.pdf,20,3,20,完整,1.0,1 PP：聚丙烯， | 是丙烯通过 | 加聚反应而成 | 的聚合物 | 。系白色蜡状 | 材料，外观透,,解析文本拼接_表格清洗增强_02_021-040.md,021_佛山市锐拓新材料有限公司新建项目_01_受理公告或公示版
PL022,PL022_佛山市锐拓新材料有限公司新建项目_01_受理公告或公示版.pdf,20,3,21,完整,1.0,明而轻。化学式为(C3 | H6)n，密度 | 为0.89～0.91g/ | cm3，[1] | 易燃，熔点 | 165℃，在155,,解析文本拼接_表格清洗增强_02_021-040.md,021_佛山市锐拓新材料有限公司新建项目_01_受理公告或公示版
PL022,PL022_佛山市锐拓新材料有限公司新建项目_01_受理公告或公示版.pdf,20,3,22,完整,1.0,℃左右软化，使用温度 | 范围为-30～ | 140℃[2]。在 | 80℃以下 | 能耐酸、碱、 | 盐液及多种有,,解析文本拼接_表格清洗增强_02_021-040.md,021_佛山市锐拓新材料有限公司新建项目_01_受理公告或公示版
PL022,PL022_佛山市锐拓新材料有限公司新建项目_01_受理公告或公示版.pdf,20,3,26,完整,1.0,2 ABS ：丙烯 | 腈(A)、丁二 | 烯(B)、苯乙烯 | (S）三种 | 单体的三元共 | 聚物，三种单,,解析文本拼接_表格清洗增强_02_021-040.md,021_佛山市锐拓新材料有限公司新建项目_01_受理公告或公示版
PL022,PL022_佛山市锐拓新材料有限公司新建项目_01_受理公告或公示版.pdf,20,3,30,完整,1.0,价格便宜、用途广泛的 | “坚韧、质硬 | 、刚性”材料 | 。分解温 | 度为320℃。,,解析文本拼接_表格清洗增强_02_021-040.md,021_佛山市锐拓新材料有限公司新建项目_01_受理公告或公示版
PL022,PL022_佛山市锐拓新材料有限公司新建项目_01_受理公告或公示版.pdf,20,3,31,完整,1.0,3 PC：PC是几 | 乎无色的玻 | 璃态的无定形聚 | 合物，有 | 很好的光学 | 性。PC高分子,,解析文本拼接_表格清洗增强_02_021-040.md,021_佛山市锐拓新材料有限公司新建项目_01_受理公告或公示版
PL022,PL022_佛山市锐拓新材料有限公司新建项目_01_受理公告或公示版.pdf,20,3,32,完整,1.0,量树脂有很高的韧性， | 悬臂梁缺口 | 冲击强度为60 | 0～900J/ | m，未填充牌 | 号的热变形温,,解析文本拼接_表格清洗增强_02_021-040.md,021_佛山市锐拓新材料有限公司新建项目_01_受理公告或公示版
PL022,PL022_佛山市锐拓新材料有限公司新建项目_01_受理公告或公示版.pdf,20,3,33,完整,1.0,度大约为130°C ，玻 | 璃纤维增强 | 后可使这个数 | 值增加10 | °C。PC的 | 弯曲模量可达,,解析文本拼接_表格清洗增强_02_021-040.md,021_佛山市锐拓新材料有限公司新建项目_01_受理公告或公示版
PL022,PL022_佛山市锐拓新材料有限公司新建项目_01_受理公告或公示版.pdf,20,3,34,完整,1.0,2 | 400MPa以上，树脂可 | 加工制成大 | 的刚性制品。 | 低于100° | C 时，在负 | 载下的蠕变率,,解析文本拼接_表格清洗增强_02_021-040.md,021_佛山市锐拓新材料有限公司新建项目_01_受理公告或公示版
PL022,PL022_佛山市锐拓新材料有限公司新建项目_01_受理公告或公示版.pdf,20,3,35,完整,1.0,很低。PC耐水解性差， | 不能用于重 | 复经受高压蒸 | 汽的制品 | 。密度：1.18~ | 1.22g/cm3 线,,解析文本拼接_表格清洗增强_02_021-040.md,021_佛山市锐拓新材料有限公司新建项目_01_受理公告或公示版
PL022,PL022_佛山市锐拓新材料有限公司新建项目_01_受理公告或公示版.pdf,20,3,36,完整,1.0,膨胀率：3.8×10-5cm/ | °C 热变形 | 温度：135°C | 低温-45 | °C。,,解析文本拼接_表格清洗增强_02_021-040.md,021_佛山市锐拓新材料有限公司新建项目_01_受理公告或公示版
PL022,PL022_佛山市锐拓新材料有限公司新建项目_01_受理公告或公示版.pdf,20,3,37,完整,1.0,4 色母：色母的 | 主要成分为 | 颜料30~40% | ，树脂60 | ~70%。本项 | 目所用色母为,,解析文本拼接_表格清洗增强_02_021-040.md,021_佛山市锐拓新材料有限公司新建项目_01_受理公告或公示版
PL022,PL022_佛山市锐拓新材料有限公司新建项目_01_受理公告或公示版.pdf,21,1,2,完整,1.0,"序
号 | 设备 | 对应本项目产
品产能 | 《佛山市塑胶行业建设
项目环评文件编制技术
参考指南 （试行）》 | 匹配性",,解析文本拼接_表格清洗增强_02_021-040.md,021_佛山市锐拓新材料有限公司新建项目_01_受理公告或公示版
PL022,PL022_佛山市锐拓新材料有限公司新建项目_01_受理公告或公示版.pdf,21,1,3,完整,1.0,名称 | 产能、规格,,解析文本拼接_表格清洗增强_02_021-040.md,021_佛山市锐拓新材料有限公司新建项目_01_受理公告或公示版
PL022,PL022_佛山市锐拓新材料有限公司新建项目_01_受理公告或公示版.pdf,21,2,1,完整,1.0,序号 | 产品名称 | 年产量,,解析文本拼接_表格清洗增强_02_021-040.md,021_佛山市锐拓新材料有限公司新建项目_01_受理公告或公示版
PL022,PL022_佛山市锐拓新材料有限公司新建项目_01_受理公告或公示版.pdf,21,2,2,完整,1.0,1 | ABS粒料 | 130吨/年,,解析文本拼接_表格清洗增强_02_021-040.md,021_佛山市锐拓新材料有限公司新建项目_01_受理公告或公示版
PL022,PL022_佛山市锐拓新材料有限公司新建项目_01_受理公告或公示版.pdf,21,2,3,完整,1.0,2 | PC粒料 | 130吨/年,,解析文本拼接_表格清洗增强_02_021-040.md,021_佛山市锐拓新材料有限公司新建项目_01_受理公告或公示版
PL022,PL022_佛山市锐拓新材料有限公司新建项目_01_受理公告或公示版.pdf,21,2,4,完整,1.0,3 | PP粒料 | 130吨/年,,解析文本拼接_表格清洗增强_02_021-040.md,021_佛山市锐拓新材料有限公司新建项目_01_受理公告或公示版
PL022,PL022_佛山市锐拓新材料有限公司新建项目_01_受理公告或公示版.pdf,21,3,1,完整,1.0,序号 | 设备名称 | 设备型号 | 设备数量 | 备注,,解析文本拼接_表格清洗增强_02_021-040.md,021_佛山市锐拓新材料有限公司新建项目_01_受理公告或公示版
PL022,PL022_佛山市锐拓新材料有限公司新建项目_01_受理公告或公示版.pdf,21,3,2,完整,1.0,1 | 挤出生产线 | SJ-150 | 3条 | 挤出生产,,解析文本拼接_表格清洗增强_02_021-040.md,021_佛山市锐拓新材料有限公司新建项目_01_受理公告或公示版
PL022,PL022_佛山市锐拓新材料有限公司新建项目_01_受理公告或公示版.pdf,21,3,3,完整,1.0,2 | 破碎机 | 7.5kw | 3台 | 边角料、次品破碎,,解析文本拼接_表格清洗增强_02_021-040.md,021_佛山市锐拓新材料有限公司新建项目_01_受理公告或公示版
PL022,PL022_佛山市锐拓新材料有限公司新建项目_01_受理公告或公示版.pdf,21,3,4,完整,1.0,3 | 混料机 | 1.5kw | 3台 | 原辅材料混合搅拌,,解析文本拼接_表格清洗增强_02_021-040.md,021_佛山市锐拓新材料有限公司新建项目_01_受理公告或公示版
PL022,PL022_佛山市锐拓新材料有限公司新建项目_01_受理公告或公示版.pdf,21,3,5,完整,1.0,4 | 空压机 | 22kw | 2台 | 辅助设备,,解析文本拼接_表格清洗增强_02_021-040.md,021_佛山市锐拓新材料有限公司新建项目_01_受理公告或公示版
PL022,PL022_佛山市锐拓新材料有限公司新建项目_01_受理公告或公示版.pdf,21,3,6,完整,1.0,5 | 冷却水槽 | 0.6m³ | 1台 | 辅助设备,,解析文本拼接_表格清洗增强_02_021-040.md,021_佛山市锐拓新材料有限公司新建项目_01_受理公告或公示版
PL022,PL022_佛山市锐拓新材料有限公司新建项目_01_受理公告或公示版.pdf,21,4,1,完整,1.0,"设备名称 | 设备
数量 | 生产能力
（kg/h） | 工作时
间（h/a） | 单台年生产
能力（t/a） | 合计年生产
能力（t/a） | 产能要求
（t/a）",,解析文本拼接_表格清洗增强_02_021-040.md,021_佛山市锐拓新材料有限公司新建项目_01_受理公告或公示版
PL022,PL022_佛山市锐拓新材料有限公司新建项目_01_受理公告或公示版.pdf,21,4,2,完整,1.0,"挤出生产
线SJ-150 | 3条 | 58.3 | 2400 | 140 | 420 | 390",,解析文本拼接_表格清洗增强_02_021-040.md,021_佛山市锐拓新材料有限公司新建项目_01_受理公告或公示版
PL022,PL022_佛山市锐拓新材料有限公司新建项目_01_受理公告或公示版.pdf,21,5,1,完整,1.0,序号 | 产品名 | 称 | 年 | 产量,,解析文本拼接_表格清洗增强_02_021-040.md,021_佛山市锐拓新材料有限公司新建项目_01_受理公告或公示版
PL022,PL022_佛山市锐拓新材料有限公司新建项目_01_受理公告或公示版.pdf,21,5,2,完整,1.0,1 | ABS粒 | 料 | 130 | 吨/年,,解析文本拼接_表格清洗增强_02_021-040.md,021_佛山市锐拓新材料有限公司新建项目_01_受理公告或公示版
PL022,PL022_佛山市锐拓新材料有限公司新建项目_01_受理公告或公示版.pdf,21,5,3,完整,1.0,2 | PC粒 | 料 | 130 | 吨/年,,解析文本拼接_表格清洗增强_02_021-040.md,021_佛山市锐拓新材料有限公司新建项目_01_受理公告或公示版
PL022,PL022_佛山市锐拓新材料有限公司新建项目_01_受理公告或公示版.pdf,21,5,4,完整,1.0,3 | PP粒 | 料 | 130 | 吨/年,,解析文本拼接_表格清洗增强_02_021-040.md,021_佛山市锐拓新材料有限公司新建项目_01_受理公告或公示版
PL022,PL022_佛山市锐拓新材料有限公司新建项目_01_受理公告或公示版.pdf,21,5,5,完整,1.0,3、主要 | 生 | 产设备,,解析文本拼接_表格清洗增强_02_021-040.md,021_佛山市锐拓新材料有限公司新建项目_01_受理公告或公示版
PL022,PL022_佛山市锐拓新材料有限公司新建项目_01_受理公告或公示版.pdf,21,5,6,完整,1.0,项目主 | 要 | 生产设 | 备 | 见表2- | 4；,,解析文本拼接_表格清洗增强_02_021-040.md,021_佛山市锐拓新材料有限公司新建项目_01_受理公告或公示版
PL022,PL022_佛山市锐拓新材料有限公司新建项目_01_受理公告或公示版.pdf,21,5,7,完整,1.0,表 | 2- | 4 本项目 | 主要设备或设施,,解析文本拼接_表格清洗增强_02_021-040.md,021_佛山市锐拓新材料有限公司新建项目_01_受理公告或公示版
PL022,PL022_佛山市锐拓新材料有限公司新建项目_01_受理公告或公示版.pdf,21,5,8,完整,1.0,序号 | 设备名称 | 设 | 备型号 | 设备数量 | 备 | 注,,解析文本拼接_表格清洗增强_02_021-040.md,021_佛山市锐拓新材料有限公司新建项目_01_受理公告或公示版
PL022,PL022_佛山市锐拓新材料有限公司新建项目_01_受理公告或公示版.pdf,21,5,9,完整,1.0,1 | 挤 | 出生产 | 线 | S | J-150 | 3条 | 挤出 | 生产,,解析文本拼接_表格清洗增强_02_021-040.md,021_佛山市锐拓新材料有限公司新建项目_01_受理公告或公示版
PL022,PL022_佛山市锐拓新材料有限公司新建项目_01_受理公告或公示版.pdf,21,5,10,完整,1.0,2 | 破碎机 | 7 | .5kw | 3台 | 边角料、 | 次品破碎,,解析文本拼接_表格清洗增强_02_021-040.md,021_佛山市锐拓新材料有限公司新建项目_01_受理公告或公示版
PL022,PL022_佛山市锐拓新材料有限公司新建项目_01_受理公告或公示版.pdf,21,5,11,完整,1.0,3 | 混料机 | 1 | .5kw | 3台 | 原辅材料 | 混合搅拌,,解析文本拼接_表格清洗增强_02_021-040.md,021_佛山市锐拓新材料有限公司新建项目_01_受理公告或公示版
PL022,PL022_佛山市锐拓新材料有限公司新建项目_01_受理公告或公示版.pdf,21,5,12,完整,1.0,4 | 空压机 | 22kw | 2台 | 辅助 | 设备,,解析文本拼接_表格清洗增强_02_021-040.md,021_佛山市锐拓新材料有限公司新建项目_01_受理公告或公示版
PL022,PL022_佛山市锐拓新材料有限公司新建项目_01_受理公告或公示版.pdf,21,5,13,完整,1.0,5 | 冷却水槽 | 0 | .6m³ | 1台 | 辅助 | 设备,,解析文本拼接_表格清洗增强_02_021-040.md,021_佛山市锐拓新材料有限公司新建项目_01_受理公告或公示版
PL022,PL022_佛山市锐拓新材料有限公司新建项目_01_受理公告或公示版.pdf,21,5,16,完整,1.0,表2-5 | 项 | 目关键设 | 备产能匹配性分 | 析 | 表,,解析文本拼接_表格清洗增强_02_021-040.md,021_佛山市锐拓新材料有限公司新建项目_01_受理公告或公示版
PL022,PL022_佛山市锐拓新材料有限公司新建项目_01_受理公告或公示版.pdf,21,5,17,完整,1.0,设备 | 生 | 产能力 | 工作时 | 单台年生产 | 合 | 计年 | 生产 | 产能要求,,解析文本拼接_表格清洗增强_02_021-040.md,021_佛山市锐拓新材料有限公司新建项目_01_受理公告或公示版
PL022,PL022_佛山市锐拓新材料有限公司新建项目_01_受理公告或公示版.pdf,21,5,22,完整,1.0,线 | 3 | 58.3 | 2400 | 140 | 42 | 0 | 390,,解析文本拼接_表格清洗增强_02_021-040.md,021_佛山市锐拓新材料有限公司新建项目_01_受理公告或公示版
PL022,PL022_佛山市锐拓新材料有限公司新建项目_01_受理公告或公示版.pdf,21,5,24,完整,1.0,表2-6 | 与 | 《佛山 | 市 | 塑胶行 | 业 | 建设项目环 | 评文件编制技术 | 参 | 考 | 指南 》相 | 符性分析,,解析文本拼接_表格清洗增强_02_021-040.md,021_佛山市锐拓新材料有限公司新建项目_01_受理公告或公示版
PL022,PL022_佛山市锐拓新材料有限公司新建项目_01_受理公告或公示版.pdf,21,5,25,完整,1.0,设备 | 《佛山市塑 | 胶行 | 业 | 建设,,解析文本拼接_表格清洗增强_02_021-040.md,021_佛山市锐拓新材料有限公司新建项目_01_受理公告或公示版
PL022,PL022_佛山市锐拓新材料有限公司新建项目_01_受理公告或公示版.pdf,21,5,28,完整,1.0,号 | 名称 | 产能、 | 规 | 格 | 品产能,,解析文本拼接_表格清洗增强_02_021-040.md,021_佛山市锐拓新材料有限公司新建项目_01_受理公告或公示版
PL022,PL022_佛山市锐拓新材料有限公司新建项目_01_受理公告或公示版.pdf,22,2,4,疑似缺失,0.0,为 ，生产能力为 | 设备产能 规,为 ，生产能力为；设备产能 规,解析文本拼接_表格清洗增强_02_021-040.md,021_佛山市锐拓新材料有限公司新建项目_01_受理公告或公示版
PL022,PL022_佛山市锐拓新材料有限公司新建项目_01_受理公告或公示版.pdf,22,2,5,完整,1.0,， | SJ-150 | /,,解析文本拼接_表格清洗增强_02_021-040.md,021_佛山市锐拓新材料有限公司新建项目_01_受理公告或公示版
PL022,PL022_佛山市锐拓新材料有限公司新建项目_01_受理公告或公示版.pdf,22,2,6,完整,1.0,挤出 | 162.5kg/h | ，本项目设 | 格与产品产,,解析文本拼接_表格清洗增强_02_021-040.md,021_佛山市锐拓新材料有限公司新建项目_01_受理公告或公示版
PL022,PL022_佛山市锐拓新材料有限公司新建项目_01_受理公告或公示版.pdf,22,2,7,疑似缺失,0.5,按本设备年 年产塑料颗粒 | 120-280kg/h,按本设备年 年产塑料颗粒,解析文本拼接_表格清洗增强_02_021-040.md,021_佛山市锐拓新材料有限公司新建项目_01_受理公告或公示版
PL022,PL022_佛山市锐拓新材料有限公司新建项目_01_受理公告或公示版.pdf,22,2,8,疑似缺失,0.667,生产 | 计最大产能合计为 | 能产品规,能产品规,解析文本拼接_表格清洗增强_02_021-040.md,021_佛山市锐拓新材料有限公司新建项目_01_受理公告或公示版
PL022,PL022_佛山市锐拓新材料有限公司新建项目_01_受理公告或公示版.pdf,22,2,9,疑似缺失,0.667,1 | 最大工作时 吨 | /,最大工作时 吨,解析文本拼接_表格清洗增强_02_021-040.md,021_佛山市锐拓新材料有限公司新建项目_01_受理公告或公示版
PL022,PL022_佛山市锐拓新材料有限公司新建项目_01_受理公告或公示版.pdf,22,2,10,部分,0.75,线 | 390 | ，共有 条挤出 | 格、技术参考,，共有 条挤出,解析文本拼接_表格清洗增强_02_021-040.md,021_佛山市锐拓新材料有限公司新建项目_01_受理公告或公示版
PL022,PL022_佛山市锐拓新材料有限公司新建项目_01_受理公告或公示版.pdf,22,2,11,疑似缺失,0.0,间 折 | 58.3kg/h 3,间 折；58.3kg/h 3,解析文本拼接_表格清洗增强_02_021-040.md,021_佛山市锐拓新材料有限公司新建项目_01_受理公告或公示版
PL022,PL022_佛山市锐拓新材料有限公司新建项目_01_受理公告或公示版.pdf,22,2,12,完整,1.0,2400h | 生产线，则生产能力约 | 指南均匹配,,解析文本拼接_表格清洗增强_02_021-040.md,021_佛山市锐拓新材料有限公司新建项目_01_受理公告或公示版
PL022,PL022_佛山市锐拓新材料有限公司新建项目_01_受理公告或公示版.pdf,22,2,15,完整,1.0,能为 | 288t/a-672t/a,,解析文本拼接_表格清洗增强_02_021-040.md,021_佛山市锐拓新材料有限公司新建项目_01_受理公告或公示版
PL022,PL022_佛山市锐拓新材料有限公司新建项目_01_受理公告或公示版.pdf,22,2,17,完整,1.0,根 | 据表2-5 | 、2-6可知，项目关键设备产能 | 为：挤出生产线420t/a，本 | 项目申报产能,,解析文本拼接_表格清洗增强_02_021-040.md,021_佛山市锐拓新材料有限公司新建项目_01_受理公告或公示版
PL022,PL022_佛山市锐拓新材料有限公司新建项目_01_受理公告或公示版.pdf,22,2,18,完整,1.0,为390t/ | a，项目 | 设备产能与产品规模相匹配。,,解析文本拼接_表格清洗增强_02_021-040.md,021_佛山市锐拓新材料有限公司新建项目_01_受理公告或公示版
PL022,PL022_佛山市锐拓新材料有限公司新建项目_01_受理公告或公示版.pdf,22,2,19,完整,1.0,4、 | 劳动定 | 员和生产天数,,解析文本拼接_表格清洗增强_02_021-040.md,021_佛山市锐拓新材料有限公司新建项目_01_受理公告或公示版
PL022,PL022_佛山市锐拓新材料有限公司新建项目_01_受理公告或公示版.pdf,22,2,20,完整,1.0,（ | 1）工作 | 制度：项目年生产时间300天， | 每天工作8小时，工作制 | 为一班制。,,解析文本拼接_表格清洗增强_02_021-040.md,021_佛山市锐拓新材料有限公司新建项目_01_受理公告或公示版
PL022,PL022_佛山市锐拓新材料有限公司新建项目_01_受理公告或公示版.pdf,22,2,21,完整,1.0,（ | 2）劳动 | 定员：项目拟定员工20人，均 | 不在项目内食宿。,,解析文本拼接_表格清洗增强_02_021-040.md,021_佛山市锐拓新材料有限公司新建项目_01_受理公告或公示版
PL022,PL022_佛山市锐拓新材料有限公司新建项目_01_受理公告或公示版.pdf,22,2,22,完整,1.0,5、 | 公用工 | 程,,解析文本拼接_表格清洗增强_02_021-040.md,021_佛山市锐拓新材料有限公司新建项目_01_受理公告或公示版
PL022,PL022_佛山市锐拓新材料有限公司新建项目_01_受理公告或公示版.pdf,22,2,23,完整,1.0,（ | 1）给排 | 水,,解析文本拼接_表格清洗增强_02_021-040.md,021_佛山市锐拓新材料有限公司新建项目_01_受理公告或公示版
PL022,PL022_佛山市锐拓新材料有限公司新建项目_01_受理公告或公示版.pdf,22,2,25,完整,1.0,根 | 据建设单 | 位提供的资料，项目用水主要 | 为员工生活用水，生活用水 | 量约为200/a，,,解析文本拼接_表格清洗增强_02_021-040.md,021_佛山市锐拓新材料有限公司新建项目_01_受理公告或公示版
PL022,PL022_佛山市锐拓新材料有限公司新建项目_01_受理公告或公示版.pdf,22,2,26,完整,1.0,排放系 | 数按0.9 | 计算，生活污水排放量约为18 | 0t/a，项目生活污水三级化 | 粪池预处理后,,解析文本拼接_表格清洗增强_02_021-040.md,021_佛山市锐拓新材料有限公司新建项目_01_受理公告或公示版
PL022,PL022_佛山市锐拓新材料有限公司新建项目_01_受理公告或公示版.pdf,22,2,28,完整,1.0,量为77 | .76t/a， | 项目生产过程中需要使用自来水 | 对挤出材料进行直接冷却 | ，为了防止盐,,解析文本拼接_表格清洗增强_02_021-040.md,021_佛山市锐拓新材料有限公司新建项目_01_受理公告或公示版
PL022,PL022_佛山市锐拓新材料有限公司新建项目_01_受理公告或公示版.pdf,22,2,30,完整,1.0,项目定 | 期外排冷 | 却水为25.92m3/a，定期外排冷 | 却水主要污染物为pH值、 | 色度、氨氮、,,解析文本拼接_表格清洗增强_02_021-040.md,021_佛山市锐拓新材料有限公司新建项目_01_受理公告或公示版
PL022,PL022_佛山市锐拓新材料有限公司新建项目_01_受理公告或公示版.pdf,22,2,32,完整,1.0,绿点废 | 水回收处 | 理有限公司进行处理。,,解析文本拼接_表格清洗增强_02_021-040.md,021_佛山市锐拓新材料有限公司新建项目_01_受理公告或公示版
PL022,PL022_佛山市锐拓新材料有限公司新建项目_01_受理公告或公示版.pdf,23,1,2,完整,1.0,"工艺
流程
和产
排污
环节 | 本项目主要从事塑料颗粒的加工生产，具体生产工艺及产污流程如下图所示。",,解析文本拼接_表格清洗增强_02_021-040.md,021_佛山市锐拓新材料有限公司新建项目_01_受理公告或公示版
PL022,PL022_佛山市锐拓新材料有限公司新建项目_01_受理公告或公示版.pdf,24,1,2,完整,1.0,序号 | 类别 | 污染源 | 主要污染物,,解析文本拼接_表格清洗增强_02_021-040.md,021_佛山市锐拓新材料有限公司新建项目_01_受理公告或公示版
PL022,PL022_佛山市锐拓新材料有限公司新建项目_01_受理公告或公示版.pdf,24,1,3,完整,1.0,1 | 废气 | 有机废气 | 挤出工序 | 非甲烷总烃,,解析文本拼接_表格清洗增强_02_021-040.md,021_佛山市锐拓新材料有限公司新建项目_01_受理公告或公示版
PL022,PL022_佛山市锐拓新材料有限公司新建项目_01_受理公告或公示版.pdf,24,1,4,完整,1.0,2 | 臭气浓度 | 挤出工序 | 臭气浓度,,解析文本拼接_表格清洗增强_02_021-040.md,021_佛山市锐拓新材料有限公司新建项目_01_受理公告或公示版
PL022,PL022_佛山市锐拓新材料有限公司新建项目_01_受理公告或公示版.pdf,24,1,5,完整,1.0,3 | 破碎粉尘 | 破碎工序 | 颗粒物,,解析文本拼接_表格清洗增强_02_021-040.md,021_佛山市锐拓新材料有限公司新建项目_01_受理公告或公示版
PL022,PL022_佛山市锐拓新材料有限公司新建项目_01_受理公告或公示版.pdf,24,1,6,完整,1.0,4 | 投料粉尘 | 投料工序 | 颗粒物,,解析文本拼接_表格清洗增强_02_021-040.md,021_佛山市锐拓新材料有限公司新建项目_01_受理公告或公示版
PL022,PL022_佛山市锐拓新材料有限公司新建项目_01_受理公告或公示版.pdf,24,1,7,部分,0.8,"5 | 废水 | 生活污水 | 员工办公 | COD 、BOD 、
cr 5
NH -N、SS
3","COD 、BOD 、
cr 5
NH -N、SS
3",解析文本拼接_表格清洗增强_02_021-040.md,021_佛山市锐拓新材料有限公司新建项目_01_受理公告或公示版
PL022,PL022_佛山市锐拓新材料有限公司新建项目_01_受理公告或公示版.pdf,24,1,8,完整,1.0,6 | 冷却水槽废水 | 冷却 | 冷却水槽废水,,解析文本拼接_表格清洗增强_02_021-040.md,021_佛山市锐拓新材料有限公司新建项目_01_受理公告或公示版
PL022,PL022_佛山市锐拓新材料有限公司新建项目_01_受理公告或公示版.pdf,24,2,1,完整,1.0,℃ | 之间塑料原料分解温度约 | 为260~310℃之间，不 | 会导致这些塑料粒 | 子的分解，一般情,,解析文本拼接_表格清洗增强_02_021-040.md,021_佛山市锐拓新材料有限公司新建项目_01_受理公告或公示版
PL022,PL022_佛山市锐拓新材料有限公司新建项目_01_受理公告或公示版.pdf,24,2,4,完整,1.0,注：（1）本项目PP树 | 脂挤出温度约为170℃ | ，ABS树脂挤出温 | 度约为190℃，PC,,解析文本拼接_表格清洗增强_02_021-040.md,021_佛山市锐拓新材料有限公司新建项目_01_受理公告或公示版
PL022,PL022_佛山市锐拓新材料有限公司新建项目_01_受理公告或公示版.pdf,24,2,5,完整,1.0,树 | 脂的挤出温度约为130℃ | 。,,解析文本拼接_表格清洗增强_02_021-040.md,021_佛山市锐拓新材料有限公司新建项目_01_受理公告或公示版
PL022,PL022_佛山市锐拓新材料有限公司新建项目_01_受理公告或公示版.pdf,24,2,7,完整,1.0,表2-7 本项目产 | 污环节分析,,解析文本拼接_表格清洗增强_02_021-040.md,021_佛山市锐拓新材料有限公司新建项目_01_受理公告或公示版
PL022,PL022_佛山市锐拓新材料有限公司新建项目_01_受理公告或公示版.pdf,24,2,8,完整,1.0,序 | 号 类别 | 污染源 | 主要污染物,,解析文本拼接_表格清洗增强_02_021-040.md,021_佛山市锐拓新材料有限公司新建项目_01_受理公告或公示版
PL022,PL022_佛山市锐拓新材料有限公司新建项目_01_受理公告或公示版.pdf,24,2,9,完整,1.0,1 | 有机废气 | 挤出工序 | 非甲烷总烃,,解析文本拼接_表格清洗增强_02_021-040.md,021_佛山市锐拓新材料有限公司新建项目_01_受理公告或公示版
PL022,PL022_佛山市锐拓新材料有限公司新建项目_01_受理公告或公示版.pdf,24,2,10,完整,1.0,2 | 臭气浓度 | 挤出工序 | 臭气浓度,,解析文本拼接_表格清洗增强_02_021-040.md,021_佛山市锐拓新材料有限公司新建项目_01_受理公告或公示版
PL022,PL022_佛山市锐拓新材料有限公司新建项目_01_受理公告或公示版.pdf,24,2,12,完整,1.0,3 | 破碎粉尘 | 破碎工序 | 颗粒物,,解析文本拼接_表格清洗增强_02_021-040.md,021_佛山市锐拓新材料有限公司新建项目_01_受理公告或公示版
PL022,PL022_佛山市锐拓新材料有限公司新建项目_01_受理公告或公示版.pdf,24,2,13,完整,1.0,4 | 投料粉尘 | 投料工序 | 颗粒物,,解析文本拼接_表格清洗增强_02_021-040.md,021_佛山市锐拓新材料有限公司新建项目_01_受理公告或公示版
PL022,PL022_佛山市锐拓新材料有限公司新建项目_01_受理公告或公示版.pdf,24,2,15,疑似缺失,0.5,"5 | 生活污水 | C
员工办公 | OD BOD
cr 5","C
员工办公；OD BOD
cr 5",解析文本拼接_表格清洗增强_02_021-040.md,021_佛山市锐拓新材料有限公司新建项目_01_受理公告或公示版
PL022,PL022_佛山市锐拓新材料有限公司新建项目_01_受理公告或公示版.pdf,24,2,16,疑似缺失,0.5,"废水 | NH -N、SS
3","NH -N、SS
3",解析文本拼接_表格清洗增强_02_021-040.md,021_佛山市锐拓新材料有限公司新建项目_01_受理公告或公示版
PL022,PL022_佛山市锐拓新材料有限公司新建项目_01_受理公告或公示版.pdf,24,2,17,完整,1.0,6 | 冷却水槽废水 | 冷却 | 冷却水槽废水,,解析文本拼接_表格清洗增强_02_021-040.md,021_佛山市锐拓新材料有限公司新建项目_01_受理公告或公示版
PL022,PL022_佛山市锐拓新材料有限公司新建项目_01_受理公告或公示版.pdf,25,1,1,完整,1.0,7 | 一般固体废物 | 废包装材料 | 原料拆除 | 废包装材料,,解析文本拼接_表格清洗增强_02_021-040.md,021_佛山市锐拓新材料有限公司新建项目_01_受理公告或公示版
PL022,PL022_佛山市锐拓新材料有限公司新建项目_01_受理公告或公示版.pdf,25,1,2,完整,1.0,8 | 次品 | 检验 | 次品,,解析文本拼接_表格清洗增强_02_021-040.md,021_佛山市锐拓新材料有限公司新建项目_01_受理公告或公示版
PL022,PL022_佛山市锐拓新材料有限公司新建项目_01_受理公告或公示版.pdf,25,1,3,完整,1.0,9 | 边角料 | 挤出 | 边角料,,解析文本拼接_表格清洗增强_02_021-040.md,021_佛山市锐拓新材料有限公司新建项目_01_受理公告或公示版
PL022,PL022_佛山市锐拓新材料有限公司新建项目_01_受理公告或公示版.pdf,25,1,4,完整,1.0,10 | 生活垃圾 | 生活垃圾 | 员工办公 | 生活垃圾,,解析文本拼接_表格清洗增强_02_021-040.md,021_佛山市锐拓新材料有限公司新建项目_01_受理公告或公示版
PL022,PL022_佛山市锐拓新材料有限公司新建项目_01_受理公告或公示版.pdf,25,1,5,完整,1.0,"11 | 危险废物 | 含油废抹布和手
套和手套 | 设备保养 | 含油废抹布和手套和
手套",,解析文本拼接_表格清洗增强_02_021-040.md,021_佛山市锐拓新材料有限公司新建项目_01_受理公告或公示版
PL022,PL022_佛山市锐拓新材料有限公司新建项目_01_受理公告或公示版.pdf,25,1,6,完整,1.0,12 | 废机油 | 设备保养 | 废机油,,解析文本拼接_表格清洗增强_02_021-040.md,021_佛山市锐拓新材料有限公司新建项目_01_受理公告或公示版
PL022,PL022_佛山市锐拓新材料有限公司新建项目_01_受理公告或公示版.pdf,25,1,7,完整,1.0,13 | 废机油桶 | 设备保养 | 废机油桶,,解析文本拼接_表格清洗增强_02_021-040.md,021_佛山市锐拓新材料有限公司新建项目_01_受理公告或公示版
PL022,PL022_佛山市锐拓新材料有限公司新建项目_01_受理公告或公示版.pdf,25,1,8,完整,1.0,14 | 废活性炭 | 废气治理设备 | 废活性炭,,解析文本拼接_表格清洗增强_02_021-040.md,021_佛山市锐拓新材料有限公司新建项目_01_受理公告或公示版
PL022,PL022_佛山市锐拓新材料有限公司新建项目_01_受理公告或公示版.pdf,25,1,9,完整,1.0,"与项
目有
关的
原有
环境
污染
问题 | 本项目为新建项目，无与本项目有关的原有污染问题。项目所在区域存在主要污染
物 为附近企业在生产运营过程中产生的废气、噪声、废水、固废。",,解析文本拼接_表格清洗增强_02_021-040.md,021_佛山市锐拓新材料有限公司新建项目_01_受理公告或公示版
PL022,PL022_佛山市锐拓新材料有限公司新建项目_01_受理公告或公示版.pdf,25,2,1,完整,1.0,7 | 废包装材料 | 原料拆除 | 废包装材料,,解析文本拼接_表格清洗增强_02_021-040.md,021_佛山市锐拓新材料有限公司新建项目_01_受理公告或公示版
PL022,PL022_佛山市锐拓新材料有限公司新建项目_01_受理公告或公示版.pdf,25,2,2,完整,1.0,8 | 一般固体废物 | 次品 | 检验 | 次品,,解析文本拼接_表格清洗增强_02_021-040.md,021_佛山市锐拓新材料有限公司新建项目_01_受理公告或公示版
PL022,PL022_佛山市锐拓新材料有限公司新建项目_01_受理公告或公示版.pdf,25,2,3,完整,1.0,9 | 边角料 | 挤出 | 边角料,,解析文本拼接_表格清洗增强_02_021-040.md,021_佛山市锐拓新材料有限公司新建项目_01_受理公告或公示版
PL022,PL022_佛山市锐拓新材料有限公司新建项目_01_受理公告或公示版.pdf,25,2,4,完整,1.0,10 | 生活垃圾 | 生活垃圾 | 员工办公 | 生活垃圾,,解析文本拼接_表格清洗增强_02_021-040.md,021_佛山市锐拓新材料有限公司新建项目_01_受理公告或公示版
PL022,PL022_佛山市锐拓新材料有限公司新建项目_01_受理公告或公示版.pdf,25,2,9,完整,1.0,12 | 危险废物 | 废机油 | 设备保养 | 废机油,,解析文本拼接_表格清洗增强_02_021-040.md,021_佛山市锐拓新材料有限公司新建项目_01_受理公告或公示版
PL022,PL022_佛山市锐拓新材料有限公司新建项目_01_受理公告或公示版.pdf,25,2,10,完整,1.0,13 | 废机油桶 | 设备保养 | 废机油桶,,解析文本拼接_表格清洗增强_02_021-040.md,021_佛山市锐拓新材料有限公司新建项目_01_受理公告或公示版
PL022,PL022_佛山市锐拓新材料有限公司新建项目_01_受理公告或公示版.pdf,25,2,11,完整,1.0,14 | 废活性炭 | 废气治理设备 | 废活性炭,,解析文本拼接_表格清洗增强_02_021-040.md,021_佛山市锐拓新材料有限公司新建项目_01_受理公告或公示版
PL022,PL022_佛山市锐拓新材料有限公司新建项目_01_受理公告或公示版.pdf,25,2,14,完整,1.0,关的 | 本项 | 目为新建项目， | 无与本项目有关的原 | 有污染问题。项目所 | 在区域存在主要污染,,解析文本拼接_表格清洗增强_02_021-040.md,021_佛山市锐拓新材料有限公司新建项目_01_受理公告或公示版
PL022,PL022_佛山市锐拓新材料有限公司新建项目_01_受理公告或公示版.pdf,25,2,16,完整,1.0,物 | 为附近 | 企业在生产运营 | 过程中产生的废气、 | 噪声、废水、固废 | 。,,解析文本拼接_表格清洗增强_02_021-040.md,021_佛山市锐拓新材料有限公司新建项目_01_受理公告或公示版
PL022,PL022_佛山市锐拓新材料有限公司新建项目_01_受理公告或公示版.pdf,26,2,1,完整,1.0,污染物 | 浓度均质 | 评价标准 | 变化 | 达标情况,,解析文本拼接_表格清洗增强_02_021-040.md,021_佛山市锐拓新材料有限公司新建项目_01_受理公告或公示版
PL022,PL022_佛山市锐拓新材料有限公司新建项目_01_受理公告或公示版.pdf,26,2,2,完整,1.0,2022年 | 2023年,,解析文本拼接_表格清洗增强_02_021-040.md,021_佛山市锐拓新材料有限公司新建项目_01_受理公告或公示版
PL022,PL022_佛山市锐拓新材料有限公司新建项目_01_受理公告或公示版.pdf,26,2,3,部分,0.833,"SO
2
（ g/m ）
μ ³ | 5 | 6 | 60 | 20% | 达标","SO
2
（ g/m ）
μ ³",解析文本拼接_表格清洗增强_02_021-040.md,021_佛山市锐拓新材料有限公司新建项目_01_受理公告或公示版
PL022,PL022_佛山市锐拓新材料有限公司新建项目_01_受理公告或公示版.pdf,26,2,4,部分,0.833,"NO
2
（ g/m ）
μ ³ | 29 | 28 | 40 | -3.4% | 达标","NO
2
（ g/m ）
μ ³",解析文本拼接_表格清洗增强_02_021-040.md,021_佛山市锐拓新材料有限公司新建项目_01_受理公告或公示版
PL022,PL022_佛山市锐拓新材料有限公司新建项目_01_受理公告或公示版.pdf,26,2,5,部分,0.833,"PM
10
（ g/m ）
μ ³ | 32 | 35 | 70 | 9.4% | 达标","PM
10
（ g/m ）
μ ³",解析文本拼接_表格清洗增强_02_021-040.md,021_佛山市锐拓新材料有限公司新建项目_01_受理公告或公示版
PL022,PL022_佛山市锐拓新材料有限公司新建项目_01_受理公告或公示版.pdf,26,2,6,部分,0.833,"PM
2.5
（ g/m ）
μ ³ | 19 | 20 | 35 | 5.3% | 达标","PM
2.5
（ g/m ）
μ ³",解析文本拼接_表格清洗增强_02_021-040.md,021_佛山市锐拓新材料有限公司新建项目_01_受理公告或公示版
PL022,PL022_佛山市锐拓新材料有限公司新建项目_01_受理公告或公示版.pdf,26,2,7,部分,0.833,"CO*
（ g/m ）
μ ³ | 131 | 1.0 | 4 | -13.7% | 达标","CO*
（ g/m ）
μ ³",解析文本拼接_表格清洗增强_02_021-040.md,021_佛山市锐拓新材料有限公司新建项目_01_受理公告或公示版
PL022,PL022_佛山市锐拓新材料有限公司新建项目_01_受理公告或公示版.pdf,26,2,8,部分,0.833,"O -8H
3
（ g/m ）
μ ³ | 190（超标） | 164（超标） | 160 | -9.1% | 不达标","O -8H
3
（ g/m ）
μ ³",解析文本拼接_表格清洗增强_02_021-040.md,021_佛山市锐拓新材料有限公司新建项目_01_受理公告或公示版
PL022,PL022_佛山市锐拓新材料有限公司新建项目_01_受理公告或公示版.pdf,26,3,3,完整,1.0,府 | 办 | 函〔2014〕494号）和《顺德区生态环境规划（2011～2020年）》（顺府办函〔2013〕,,解析文本拼接_表格清洗增强_02_021-040.md,021_佛山市锐拓新材料有限公司新建项目_01_受理公告或公示版
PL022,PL022_佛山市锐拓新材料有限公司新建项目_01_受理公告或公示版.pdf,26,3,4,完整,1.0,4 | 1号 | ），顺德区全境为大气环境二类区，因此本项目所在区域属二类环境空气质量功能,,解析文本拼接_表格清洗增强_02_021-040.md,021_佛山市锐拓新材料有限公司新建项目_01_受理公告或公示版
PL022,PL022_佛山市锐拓新材料有限公司新建项目_01_受理公告或公示版.pdf,26,3,5,完整,1.0,区 | ， | 执行《环境空气质量标准》（GB3095-2012）二级标准及其2018年修改单的要求。,,解析文本拼接_表格清洗增强_02_021-040.md,021_佛山市锐拓新材料有限公司新建项目_01_受理公告或公示版
PL022,PL022_佛山市锐拓新材料有限公司新建项目_01_受理公告或公示版.pdf,26,3,7,完整,1.0,中 | 的 | 数据和结论，20223年顺德区空气质量综合指数为3.27，比2021年下降6.0%，在全市,,解析文本拼接_表格清洗增强_02_021-040.md,021_佛山市锐拓新材料有限公司新建项目_01_受理公告或公示版
PL022,PL022_佛山市锐拓新材料有限公司新建项目_01_受理公告或公示版.pdf,26,3,8,疑似缺失,0.667,"五 | 区 | 中排名第二。2023年，按照《环境空气质量标准》评价，顺德区二氧化硫（SO ）、
2","中排名第二。2023年，按照《环境空气质量标准》评价，顺德区二氧化硫（SO ）、
2",解析文本拼接_表格清洗增强_02_021-040.md,021_佛山市锐拓新材料有限公司新建项目_01_受理公告或公示版
PL022,PL022_佛山市锐拓新材料有限公司新建项目_01_受理公告或公示版.pdf,26,3,9,疑似缺失,0.667,"二 | 氧 | 化氮（NO ）、可吸入颗粒物（PM ）、细颗粒物（PM ）、一氧化碳（CO）五
2 10 2.5","化氮（NO ）、可吸入颗粒物（PM ）、细颗粒物（PM ）、一氧化碳（CO）五
2 10 2.5",解析文本拼接_表格清洗增强_02_021-040.md,021_佛山市锐拓新材料有限公司新建项目_01_受理公告或公示版
PL022,PL022_佛山市锐拓新材料有限公司新建项目_01_受理公告或公示版.pdf,26,3,10,疑似缺失,0.667,"项 | 污 | 染物年评价浓度均达到二级标准，臭氧（O ）超标。项目所在区域环境空气为不达
3","染物年评价浓度均达到二级标准，臭氧（O ）超标。项目所在区域环境空气为不达
3",解析文本拼接_表格清洗增强_02_021-040.md,021_佛山市锐拓新材料有限公司新建项目_01_受理公告或公示版
PL022,PL022_佛山市锐拓新材料有限公司新建项目_01_受理公告或公示版.pdf,26,3,11,完整,1.0,标 | 区 | 。2023年顺德区AQI达标率为87.4%，与上年相比增加8.6个百分点。首要污染物主,,解析文本拼接_表格清洗增强_02_021-040.md,021_佛山市锐拓新材料有限公司新建项目_01_受理公告或公示版
PL022,PL022_佛山市锐拓新材料有限公司新建项目_01_受理公告或公示版.pdf,26,3,12,完整,1.0,要 | 为 | 臭氧（占首要污染物天数比例为73.8%），其次为二氧化氮（占14.4%）。2023年全,,解析文本拼接_表格清洗增强_02_021-040.md,021_佛山市锐拓新材料有限公司新建项目_01_受理公告或公示版
PL022,PL022_佛山市锐拓新材料有限公司新建项目_01_受理公告或公示版.pdf,26,3,13,疑似缺失,0.667,"区 | SO | 年平均浓度为6微克/立方米，与上年相比上升20.0%。NO 年平均浓度为 28 微克/
2 2","年平均浓度为6微克/立方米，与上年相比上升20.0%。NO 年平均浓度为 28 微克/
2 2",解析文本拼接_表格清洗增强_02_021-040.md,021_佛山市锐拓新材料有限公司新建项目_01_受理公告或公示版
PL022,PL022_佛山市锐拓新材料有限公司新建项目_01_受理公告或公示版.pdf,26,3,15,疑似缺失,0.667,"立 | 方 | 米，与上年相比下降 3.4%。PM 年平均浓度为35微克/立方米，与上年相比上升
10","米，与上年相比下降 3.4%。PM 年平均浓度为35微克/立方米，与上年相比上升
10",解析文本拼接_表格清洗增强_02_021-040.md,021_佛山市锐拓新材料有限公司新建项目_01_受理公告或公示版
PL022,PL022_佛山市锐拓新材料有限公司新建项目_01_受理公告或公示版.pdf,26,3,17,疑似缺失,0.333,"9
质量 | .4% | 。PM 年平均浓度为20微克/立方米，与上年相比上升5.3%。O 年评价浓度为164
2.5 3","9
质量；。PM 年平均浓度为20微克/立方米，与上年相比上升5.3%。O 年评价浓度为164
2.5 3",解析文本拼接_表格清洗增强_02_021-040.md,021_佛山市锐拓新材料有限公司新建项目_01_受理公告或公示版
PL022,PL022_佛山市锐拓新材料有限公司新建项目_01_受理公告或公示版.pdf,26,3,18,疑似缺失,0.667,现状 微 | 克 | /立方米，与上年相比下降13.7%。CO年评价浓度为1.0毫克/立方米，与上年相比下,现状 微,解析文本拼接_表格清洗增强_02_021-040.md,021_佛山市锐拓新材料有限公司新建项目_01_受理公告或公示版
PL022,PL022_佛山市锐拓新材料有限公司新建项目_01_受理公告或公示版.pdf,26,3,19,完整,1.0,降 | 9.1 | %。,,解析文本拼接_表格清洗增强_02_021-040.md,021_佛山市锐拓新材料有限公司新建项目_01_受理公告或公示版
PL022,PL022_佛山市锐拓新材料有限公司新建项目_01_受理公告或公示版.pdf,26,3,36,疑似缺失,0.5,"（ | 190 164 160 -9.1%
）","190 164 160 -9.1%
）",解析文本拼接_表格清洗增强_02_021-040.md,021_佛山市锐拓新材料有限公司新建项目_01_受理公告或公示版
PL022,PL022_佛山市锐拓新材料有限公司新建项目_01_受理公告或公示版.pdf,26,3,38,疑似缺失,0.5,注 | ：（1）表中CO为年内日平均浓度第95百分位数，O为年内日最大8小时滑动平均浓,：（1）表中CO为年内日平均浓度第95百分位数，O为年内日最大8小时滑动平均浓,解析文本拼接_表格清洗增强_02_021-040.md,021_佛山市锐拓新材料有限公司新建项目_01_受理公告或公示版
PL022,PL022_佛山市锐拓新材料有限公司新建项目_01_受理公告或公示版.pdf,26,3,40,完整,1.0,度 | 第90百分位数,,解析文本拼接_表格清洗增强_02_021-040.md,021_佛山市锐拓新材料有限公司新建项目_01_受理公告或公示版
PL022,PL022_佛山市锐拓新材料有限公司新建项目_01_受理公告或公示版.pdf,27,2,1,完整,1.0,"河流名称 | 断面 | 断面定类 | 水质评价
标准 | 河流定类",,解析文本拼接_表格清洗增强_02_021-040.md,021_佛山市锐拓新材料有限公司新建项目_01_受理公告或公示版
PL022,PL022_佛山市锐拓新材料有限公司新建项目_01_受理公告或公示版.pdf,27,2,2,完整,1.0,2023年 | 2022年 | 2023年 | 2022年,,解析文本拼接_表格清洗增强_02_021-040.md,021_佛山市锐拓新材料有限公司新建项目_01_受理公告或公示版
PL022,PL022_佛山市锐拓新材料有限公司新建项目_01_受理公告或公示版.pdf,27,3,1,完整,1.0,放和工业锅炉整治成果，深化机动车船等移动污染 | 源污染控制，加快推进挥发 | 性有机物,,解析文本拼接_表格清洗增强_02_021-040.md,021_佛山市锐拓新材料有限公司新建项目_01_受理公告或公示版
PL022,PL022_佛山市锐拓新材料有限公司新建项目_01_受理公告或公示版.pdf,27,3,2,完整,1.0,综合整治，提高扬尘、餐饮业管理水平，促进多污 | 染物协同控制及区域联防联 | 控，提升,,解析文本拼接_表格清洗增强_02_021-040.md,021_佛山市锐拓新材料有限公司新建项目_01_受理公告或公示版
PL022,PL022_佛山市锐拓新材料有限公司新建项目_01_受理公告或公示版.pdf,27,3,3,完整,1.0,大气污染精细化防控能力。届时，佛山市顺德区的 | 环境空气质量将得到极大的 | 改善。,,解析文本拼接_表格清洗增强_02_021-040.md,021_佛山市锐拓新材料有限公司新建项目_01_受理公告或公示版
PL022,PL022_佛山市锐拓新材料有限公司新建项目_01_受理公告或公示版.pdf,27,3,5,完整,1.0,项目外排废水主要为员工生活污水。生活污水 | 经三级化粪池处理后通过市 | 政管网排,,解析文本拼接_表格清洗增强_02_021-040.md,021_佛山市锐拓新材料有限公司新建项目_01_受理公告或公示版
PL022,PL022_佛山市锐拓新材料有限公司新建项目_01_受理公告或公示版.pdf,27,3,7,完整,1.0,为评价顺德支流水质，参照《佛山市生态环境 | 局顺德分局关于发布2023 | 年度佛山,,解析文本拼接_表格清洗增强_02_021-040.md,021_佛山市锐拓新材料有限公司新建项目_01_受理公告或公示版
PL022,PL022_佛山市锐拓新材料有限公司新建项目_01_受理公告或公示版.pdf,27,3,8,完整,1.0,市顺德区环境质量状况公报的通知》（佛环顺函〔2 | 024〕44 号），2023年顺 | 德区2个,,解析文本拼接_表格清洗增强_02_021-040.md,021_佛山市锐拓新材料有限公司新建项目_01_受理公告或公示版
PL022,PL022_佛山市锐拓新材料有限公司新建项目_01_受理公告或公示版.pdf,27,3,9,完整,1.0,国控断面（乌洲、顺德港）、3个省控断面（杨滘、 | 海凌、飞鹅山）均符合相 | 应的水质,,解析文本拼接_表格清洗增强_02_021-040.md,021_佛山市锐拓新材料有限公司新建项目_01_受理公告或公示版
PL022,PL022_佛山市锐拓新材料有限公司新建项目_01_受理公告或公示版.pdf,27,3,11,完整,1.0,表3-2 2023年度佛山市顺德区环 | 境质量状况公报（节选）,,解析文本拼接_表格清洗增强_02_021-040.md,021_佛山市锐拓新材料有限公司新建项目_01_受理公告或公示版
PL022,PL022_佛山市锐拓新材料有限公司新建项目_01_受理公告或公示版.pdf,27,3,14,疑似缺失,0.667,2023年 2022年 | 标准 2023年 | 2022年,标准 2023年,解析文本拼接_表格清洗增强_02_021-040.md,021_佛山市锐拓新材料有限公司新建项目_01_受理公告或公示版
PL022,PL022_佛山市锐拓新材料有限公司新建项目_01_受理公告或公示版.pdf,28,1,2,完整,1.0,"环境
保护
目标 | 1、大气环境
项目厂界外500米范围内存在自然保护区、风景名胜区、居住区、文化区和农村地区
中人群较集中的区域等保护目标。
表3-3 主要大气环境保护目标
保
坐标/m 相对厂
护 环境功能 影响规模/ 相对厂
名称 保护内容 界距离
对 区 人 址方位
x y （m）
象
荣盛 居
文博 336 179 住 人群 大气二类 1500 ",,解析文本拼接_表格清洗增强_02_021-040.md,021_佛山市锐拓新材料有限公司新建项目_01_受理公告或公示版
PL022,PL022_佛山市锐拓新材料有限公司新建项目_01_受理公告或公示版.pdf,28,3,3,完整,1.0,"荣盛
文博
府 | 336 | 179 | 居
住
区 | 人群 | 大气二类 | 1500 | 东北 | 400",,解析文本拼接_表格清洗增强_02_021-040.md,021_佛山市锐拓新材料有限公司新建项目_01_受理公告或公示版
PL022,PL022_佛山市锐拓新材料有限公司新建项目_01_受理公告或公示版.pdf,28,4,5,完整,1.0,根据表3-2 | 评价结果，2023年顺德支 | 流水质指标均 | 满足《地表 | 水环境质量标 | 准》,,解析文本拼接_表格清洗增强_02_021-040.md,021_佛山市锐拓新材料有限公司新建项目_01_受理公告或公示版
PL022,PL022_佛山市锐拓新材料有限公司新建项目_01_受理公告或公示版.pdf,28,4,6,完整,1.0,（G | B3838-2002 | ）的III类水质标准，水质 | 良好。,,解析文本拼接_表格清洗增强_02_021-040.md,021_佛山市锐拓新材料有限公司新建项目_01_受理公告或公示版
PL022,PL022_佛山市锐拓新材料有限公司新建项目_01_受理公告或公示版.pdf,28,4,7,完整,1.0,3、声环境 | 现状,,解析文本拼接_表格清洗增强_02_021-040.md,021_佛山市锐拓新材料有限公司新建项目_01_受理公告或公示版
PL022,PL022_佛山市锐拓新材料有限公司新建项目_01_受理公告或公示版.pdf,28,4,8,完整,1.0,项目厂界外 | 周边50米范围内不存在声 | 环境保护目标 | ，无需监测 | 声环境质量现 | 状并评,,解析文本拼接_表格清洗增强_02_021-040.md,021_佛山市锐拓新材料有限公司新建项目_01_受理公告或公示版
PL022,PL022_佛山市锐拓新材料有限公司新建项目_01_受理公告或公示版.pdf,28,4,9,完整,1.0,价达 | 标情况，无 | 需监测厂界噪声。,,解析文本拼接_表格清洗增强_02_021-040.md,021_佛山市锐拓新材料有限公司新建项目_01_受理公告或公示版
PL022,PL022_佛山市锐拓新材料有限公司新建项目_01_受理公告或公示版.pdf,28,4,10,完整,1.0,4、生态环 | 境现状,,解析文本拼接_表格清洗增强_02_021-040.md,021_佛山市锐拓新材料有限公司新建项目_01_受理公告或公示版
PL022,PL022_佛山市锐拓新材料有限公司新建项目_01_受理公告或公示版.pdf,28,4,13,完整,1.0,5、地下水 | 、土壤,,解析文本拼接_表格清洗增强_02_021-040.md,021_佛山市锐拓新材料有限公司新建项目_01_受理公告或公示版
PL022,PL022_佛山市锐拓新材料有限公司新建项目_01_受理公告或公示版.pdf,28,4,14,完整,1.0,本项目不存 | 在土壤、地下水环境污染途 | 径。根据《 | 建设项目环 | 境影响报告表 | 编制技,,解析文本拼接_表格清洗增强_02_021-040.md,021_佛山市锐拓新材料有限公司新建项目_01_受理公告或公示版
PL022,PL022_佛山市锐拓新材料有限公司新建项目_01_受理公告或公示版.pdf,28,4,15,完整,1.0,术指 | 南（污染影 | 响类）》，原则上不开展 | 环境质量现状 | 调查。,,解析文本拼接_表格清洗增强_02_021-040.md,021_佛山市锐拓新材料有限公司新建项目_01_受理公告或公示版
PL022,PL022_佛山市锐拓新材料有限公司新建项目_01_受理公告或公示版.pdf,28,4,16,完整,1.0,6、电磁辐 | 射,,解析文本拼接_表格清洗增强_02_021-040.md,021_佛山市锐拓新材料有限公司新建项目_01_受理公告或公示版
PL022,PL022_佛山市锐拓新材料有限公司新建项目_01_受理公告或公示版.pdf,28,4,18,完整,1.0,1、大气环 | 境,,解析文本拼接_表格清洗增强_02_021-040.md,021_佛山市锐拓新材料有限公司新建项目_01_受理公告或公示版
PL022,PL022_佛山市锐拓新材料有限公司新建项目_01_受理公告或公示版.pdf,28,4,19,完整,1.0,项 | 目厂界外5 | 00米范围内存在自然保护区 | 、风景名胜 | 区、居住区 | 、文化区和农 | 村地区,,解析文本拼接_表格清洗增强_02_021-040.md,021_佛山市锐拓新材料有限公司新建项目_01_受理公告或公示版
PL022,PL022_佛山市锐拓新材料有限公司新建项目_01_受理公告或公示版.pdf,28,4,21,完整,1.0,表3-3 主要 | 大气环境保 | 护目标,,解析文本拼接_表格清洗增强_02_021-040.md,021_佛山市锐拓新材料有限公司新建项目_01_受理公告或公示版
PL022,PL022_佛山市锐拓新材料有限公司新建项目_01_受理公告或公示版.pdf,28,4,33,完整,1.0,目标 | 336 | 179 | 1500 | 400,,解析文本拼接_表格清洗增强_02_021-040.md,021_佛山市锐拓新材料有限公司新建项目_01_受理公告或公示版
PL022,PL022_佛山市锐拓新材料有限公司新建项目_01_受理公告或公示版.pdf,28,4,36,完整,1.0,项目厂界外 | 50米范围内不存在声环境 | 保护目标。,,解析文本拼接_表格清洗增强_02_021-040.md,021_佛山市锐拓新材料有限公司新建项目_01_受理公告或公示版
PL022,PL022_佛山市锐拓新材料有限公司新建项目_01_受理公告或公示版.pdf,28,4,37,完整,1.0,3、地下水 | 环境,,解析文本拼接_表格清洗增强_02_021-040.md,021_佛山市锐拓新材料有限公司新建项目_01_受理公告或公示版
PL022,PL022_佛山市锐拓新材料有限公司新建项目_01_受理公告或公示版.pdf,28,4,38,完整,1.0,项 | 目厂界外5 | 00米范围内的不存在地下水 | 集中式饮用 | 水水源和热 | 水、矿泉水、 | 温泉等,,解析文本拼接_表格清洗增强_02_021-040.md,021_佛山市锐拓新材料有限公司新建项目_01_受理公告或公示版
PL022,PL022_佛山市锐拓新材料有限公司新建项目_01_受理公告或公示版.pdf,28,4,40,完整,1.0,4、生态环 | 境,,解析文本拼接_表格清洗增强_02_021-040.md,021_佛山市锐拓新材料有限公司新建项目_01_受理公告或公示版
PL022,PL022_佛山市锐拓新材料有限公司新建项目_01_受理公告或公示版.pdf,29,1,3,完整,1.0,"污染
源 | 污染物 | 排放方式 | 最高允许
排放浓度 | 执行标准",,解析文本拼接_表格清洗增强_02_021-040.md,021_佛山市锐拓新材料有限公司新建项目_01_受理公告或公示版
PL022,PL022_佛山市锐拓新材料有限公司新建项目_01_受理公告或公示版.pdf,29,1,4,完整,1.0,"生产
废气 | 非甲烷总烃 | 有组织 | ≤100mg/m3 | 《合成树脂工业污染物排放
标准》（GB31572-2015，含",,解析文本拼接_表格清洗增强_02_021-040.md,021_佛山市锐拓新材料有限公司新建项目_01_受理公告或公示版
PL022,PL022_佛山市锐拓新材料有限公司新建项目_01_受理公告或公示版.pdf,29,2,1,部分,0.833,"项目 | pH值 | CODcr | BOD
5 | NH -N
3 | SS","NH -N
3",解析文本拼接_表格清洗增强_02_021-040.md,021_佛山市锐拓新材料有限公司新建项目_01_受理公告或公示版
PL022,PL022_佛山市锐拓新材料有限公司新建项目_01_受理公告或公示版.pdf,29,2,2,完整,1.0,"广东省地方标准《水污染物排放限值》
（DB44/26-2001）第二时段三级标
准 | 6~9 | 500 | 300 | — | 400",,解析文本拼接_表格清洗增强_02_021-040.md,021_佛山市锐拓新材料有限公司新建项目_01_受理公告或公示版
PL022,PL022_佛山市锐拓新材料有限公司新建项目_01_受理公告或公示版.pdf,29,2,3,完整,1.0,"《城镇污水处理厂污染物排放标
准》（GB18918-2002）中的一级A
标准及广东省地方标准《水污染物排
放限值》（DB44/26-2001）第二时段
一级标准的较严值 | 6~9 | 40 | 10 | 5 | 10",,解析文本拼接_表格清洗增强_02_021-040.md,021_佛山市锐拓新材料有限公司新建项目_01_受理公告或公示版
PL022,PL022_佛山市锐拓新材料有限公司新建项目_01_受理公告或公示版.pdf,29,3,1,完整,1.0,术 | 指南（污染影响类）》，原则上不开展环 | 境质量现状调 | 查。,,解析文本拼接_表格清洗增强_02_021-040.md,021_佛山市锐拓新材料有限公司新建项目_01_受理公告或公示版
PL022,PL022_佛山市锐拓新材料有限公司新建项目_01_受理公告或公示版.pdf,29,3,3,完整,1.0,（1）生活污水：本项目所在片区属于 | 杏坛污水处理 | 厂的纳污范围。项目外排废水,,解析文本拼接_表格清洗增强_02_021-040.md,021_佛山市锐拓新材料有限公司新建项目_01_受理公告或公示版
PL022,PL022_佛山市锐拓新材料有限公司新建项目_01_受理公告或公示版.pdf,29,3,5,完整,1.0,支 | 流。生活污水执行广东省《水污染物排放 | 限值》(DB44/2 | 6-2001）第二时段三级标准。,,解析文本拼接_表格清洗增强_02_021-040.md,021_佛山市锐拓新材料有限公司新建项目_01_受理公告或公示版
PL022,PL022_佛山市锐拓新材料有限公司新建项目_01_受理公告或公示版.pdf,29,3,6,完整,1.0,本 | 项目排放标准见表3-5。项目生活污水由 | 工业区污水管 | 网汇入杏坛污水处理厂集中处,,解析文本拼接_表格清洗增强_02_021-040.md,021_佛山市锐拓新材料有限公司新建项目_01_受理公告或公示版
PL022,PL022_佛山市锐拓新材料有限公司新建项目_01_受理公告或公示版.pdf,29,3,8,完整,1.0,告 | 表》污水处理厂的尾水执行《城镇污水处 | 理厂污染物排 | 放标准》（GB18918-2002）一,,解析文本拼接_表格清洗增强_02_021-040.md,021_佛山市锐拓新材料有限公司新建项目_01_受理公告或公示版
PL022,PL022_佛山市锐拓新材料有限公司新建项目_01_受理公告或公示版.pdf,29,3,9,完整,1.0,级 | A标准及广东省地方标准《水污染物排放 | 限值》（DB44 | /26-2001）第二时段一级标准,,解析文本拼接_表格清洗增强_02_021-040.md,021_佛山市锐拓新材料有限公司新建项目_01_受理公告或公示版
PL022,PL022_佛山市锐拓新材料有限公司新建项目_01_受理公告或公示版.pdf,29,3,10,完整,1.0,的 | 较严值。项目污染物排放情况具体如下表 | 所示。,,解析文本拼接_表格清洗增强_02_021-040.md,021_佛山市锐拓新材料有限公司新建项目_01_受理公告或公示版
PL022,PL022_佛山市锐拓新材料有限公司新建项目_01_受理公告或公示版.pdf,29,3,11,完整,1.0,表3-4 废水排放 | 标准（单位： | mg/L）,,解析文本拼接_表格清洗增强_02_021-040.md,021_佛山市锐拓新材料有限公司新建项目_01_受理公告或公示版
PL022,PL022_佛山市锐拓新材料有限公司新建项目_01_受理公告或公示版.pdf,29,3,13,疑似缺失,0.667,"pH | CODcr | BOD NH -N SS
5 3","BOD NH -N SS
5 3",解析文本拼接_表格清洗增强_02_021-040.md,021_佛山市锐拓新材料有限公司新建项目_01_受理公告或公示版
PL022,PL022_佛山市锐拓新材料有限公司新建项目_01_受理公告或公示版.pdf,29,3,16,部分,0.75,物排 | （DB44/26-2001）第二时段三级标 6~ | 9 500 | 300 — 400,（DB44/26-2001）第二时段三级标 6~,解析文本拼接_表格清洗增强_02_021-040.md,021_佛山市锐拓新材料有限公司新建项目_01_受理公告或公示版
PL022,PL022_佛山市锐拓新材料有限公司新建项目_01_受理公告或公示版.pdf,29,3,23,疑似缺失,0.667,标准及广东省地方标准《水污染物排 6~ | 9 40 | 10 5 10,标准及广东省地方标准《水污染物排 6~,解析文本拼接_表格清洗增强_02_021-040.md,021_佛山市锐拓新材料有限公司新建项目_01_受理公告或公示版
PL022,PL022_佛山市锐拓新材料有限公司新建项目_01_受理公告或公示版.pdf,29,3,26,完整,1.0,注：括号外数值为水温>12℃时的控制指 | 标，括号内数值 | 为水温≤12℃时的控制值。,,解析文本拼接_表格清洗增强_02_021-040.md,021_佛山市锐拓新材料有限公司新建项目_01_受理公告或公示版
PL022,PL022_佛山市锐拓新材料有限公司新建项目_01_受理公告或公示版.pdf,29,3,28,完整,1.0,（1）项目有机废气参照执行《合成树脂 | 工业污染物排 | 放标准》（GB31572-2015，含,,解析文本拼接_表格清洗增强_02_021-040.md,021_佛山市锐拓新材料有限公司新建项目_01_受理公告或公示版
PL022,PL022_佛山市锐拓新材料有限公司新建项目_01_受理公告或公示版.pdf,29,3,29,完整,1.0,20 | 24年修改单）表4大气污染物排放限值： | 非甲烷总烃最 | 高允许排放浓度100mg/m3。,,解析文本拼接_表格清洗增强_02_021-040.md,021_佛山市锐拓新材料有限公司新建项目_01_受理公告或公示版
PL022,PL022_佛山市锐拓新材料有限公司新建项目_01_受理公告或公示版.pdf,29,3,30,完整,1.0,表3-5 项 | 目废气执行标 | 准,,解析文本拼接_表格清洗增强_02_021-040.md,021_佛山市锐拓新材料有限公司新建项目_01_受理公告或公示版
PL022,PL022_佛山市锐拓新材料有限公司新建项目_01_受理公告或公示版.pdf,29,3,31,完整,1.0,污染 | 最高允许,,解析文本拼接_表格清洗增强_02_021-040.md,021_佛山市锐拓新材料有限公司新建项目_01_受理公告或公示版
PL022,PL022_佛山市锐拓新材料有限公司新建项目_01_受理公告或公示版.pdf,29,3,32,完整,1.0,污染物 排放方式 | 执行标准,,解析文本拼接_表格清洗增强_02_021-040.md,021_佛山市锐拓新材料有限公司新建项目_01_受理公告或公示版
PL022,PL022_佛山市锐拓新材料有限公司新建项目_01_受理公告或公示版.pdf,29,3,34,疑似缺失,0.667,"非甲烷总烃
生产 | ≤100mg/m3 | 《合成树脂工业污染物排放","非甲烷总烃
生产",解析文本拼接_表格清洗增强_02_021-040.md,021_佛山市锐拓新材料有限公司新建项目_01_受理公告或公示版
PL022,PL022_佛山市锐拓新材料有限公司新建项目_01_受理公告或公示版.pdf,29,3,36,疑似缺失,0.667,"废气
苯乙烯 | 50 | 标准》（GB31572-2015，含","废气
苯乙烯",解析文本拼接_表格清洗增强_02_021-040.md,021_佛山市锐拓新材料有限公司新建项目_01_受理公告或公示版
PL022,PL022_佛山市锐拓新材料有限公司新建项目_01_受理公告或公示版.pdf,30,1,2,完整,1.0,"污染源 | 污染物 | 排放方式 | 最高允许
排放浓度 | 执行标准",,解析文本拼接_表格清洗增强_02_021-040.md,021_佛山市锐拓新材料有限公司新建项目_01_受理公告或公示版
PL022,PL022_佛山市锐拓新材料有限公司新建项目_01_受理公告或公示版.pdf,30,1,3,完整,1.0,"生产 | 臭气浓度 | 有组织 | 2000无量纲 | 《恶臭污染物排放标准》
（GB14554-93）",,解析文本拼接_表格清洗增强_02_021-040.md,021_佛山市锐拓新材料有限公司新建项目_01_受理公告或公示版
PL022,PL022_佛山市锐拓新材料有限公司新建项目_01_受理公告或公示版.pdf,30,2,1,完整,1.0,丙烯晴 | 0.5 | 2024年修改单）,,解析文本拼接_表格清洗增强_02_021-040.md,021_佛山市锐拓新材料有限公司新建项目_01_受理公告或公示版
PL022,PL022_佛山市锐拓新材料有限公司新建项目_01_受理公告或公示版.pdf,30,2,2,完整,1.0,1，3-丁二烯 | 1,,解析文本拼接_表格清洗增强_02_021-040.md,021_佛山市锐拓新材料有限公司新建项目_01_受理公告或公示版
PL022,PL022_佛山市锐拓新材料有限公司新建项目_01_受理公告或公示版.pdf,30,2,6,完整,1.0,二氯甲烷 | 100,,解析文本拼接_表格清洗增强_02_021-040.md,021_佛山市锐拓新材料有限公司新建项目_01_受理公告或公示版
PL022,PL022_佛山市锐拓新材料有限公司新建项目_01_受理公告或公示版.pdf,30,3,1,完整,1.0,污染源 | 污染物 | 无组织排放监控浓度,,解析文本拼接_表格清洗增强_02_021-040.md,021_佛山市锐拓新材料有限公司新建项目_01_受理公告或公示版
PL022,PL022_佛山市锐拓新材料有限公司新建项目_01_受理公告或公示版.pdf,30,3,3,完整,1.0,投料、破碎 | 颗粒物 | 周界外浓度最高点 | 1.0,,解析文本拼接_表格清洗增强_02_021-040.md,021_佛山市锐拓新材料有限公司新建项目_01_受理公告或公示版
PL022,PL022_佛山市锐拓新材料有限公司新建项目_01_受理公告或公示版.pdf,30,4,1,完整,1.0,"标准名称 | 污染物项目 | 限值含义 | 特别排
放限值 | 无组织排放监
控位置",,解析文本拼接_表格清洗增强_02_021-040.md,021_佛山市锐拓新材料有限公司新建项目_01_受理公告或公示版
PL022,PL022_佛山市锐拓新材料有限公司新建项目_01_受理公告或公示版.pdf,30,4,2,完整,1.0,"广东省地方标准《固
定污染源挥发性有
机物综合排放标准》
（DB44/2367-2022） | NMHC | 监控点处1h平均
浓度值 | 6 | 厂房外设置监
控点浓度限值",,解析文本拼接_表格清洗增强_02_021-040.md,021_佛山市锐拓新材料有限公司新建项目_01_受理公告或公示版
PL022,PL022_佛山市锐拓新材料有限公司新建项目_01_受理公告或公示版.pdf,30,4,3,完整,1.0,"监控点处任意一次
浓度值1h | 20",,解析文本拼接_表格清洗增强_02_021-040.md,021_佛山市锐拓新材料有限公司新建项目_01_受理公告或公示版
PL022,PL022_佛山市锐拓新材料有限公司新建项目_01_受理公告或公示版.pdf,30,5,1,完整,1.0,丙烯晴 | 0.5 | 2024年 | 修改单）,,解析文本拼接_表格清洗增强_02_021-040.md,021_佛山市锐拓新材料有限公司新建项目_01_受理公告或公示版
PL022,PL022_佛山市锐拓新材料有限公司新建项目_01_受理公告或公示版.pdf,30,5,2,完整,1.0,1，3-丁二烯 | 1,,解析文本拼接_表格清洗增强_02_021-040.md,021_佛山市锐拓新材料有限公司新建项目_01_受理公告或公示版
PL022,PL022_佛山市锐拓新材料有限公司新建项目_01_受理公告或公示版.pdf,30,5,6,完整,1.0,二氯甲烷 | 100,,解析文本拼接_表格清洗增强_02_021-040.md,021_佛山市锐拓新材料有限公司新建项目_01_受理公告或公示版
PL022,PL022_佛山市锐拓新材料有限公司新建项目_01_受理公告或公示版.pdf,30,5,8,完整,1.0,（2） | 项目投料、破 | 碎工序产生的颗粒 | 物于车间内无组织 | 排放，颗 | 粒物执行《大,,解析文本拼接_表格清洗增强_02_021-040.md,021_佛山市锐拓新材料有限公司新建项目_01_受理公告或公示版
PL022,PL022_佛山市锐拓新材料有限公司新建项目_01_受理公告或公示版.pdf,30,5,9,完整,1.0,染物排放 | 限值》（DB | 44/27-2001）第二时 | 段无组织排放监 | 控点浓度限 | 值。,,解析文本拼接_表格清洗增强_02_021-040.md,021_佛山市锐拓新材料有限公司新建项目_01_受理公告或公示版
PL022,PL022_佛山市锐拓新材料有限公司新建项目_01_受理公告或公示版.pdf,30,5,10,完整,1.0,表3-6 项目粉 | 尘污染物排放标 | 准,,解析文本拼接_表格清洗增强_02_021-040.md,021_佛山市锐拓新材料有限公司新建项目_01_受理公告或公示版
PL022,PL022_佛山市锐拓新材料有限公司新建项目_01_受理公告或公示版.pdf,30,5,12,完整,1.0,污 | 染源 | 污染物,,解析文本拼接_表格清洗增强_02_021-040.md,021_佛山市锐拓新材料有限公司新建项目_01_受理公告或公示版
PL022,PL022_佛山市锐拓新材料有限公司新建项目_01_受理公告或公示版.pdf,30,5,15,完整,1.0,投料 | 、破碎 | 颗粒物 | 周界外浓度最高 | 点 | 1.0,,解析文本拼接_表格清洗增强_02_021-040.md,021_佛山市锐拓新材料有限公司新建项目_01_受理公告或公示版
PL022,PL022_佛山市锐拓新材料有限公司新建项目_01_受理公告或公示版.pdf,30,5,16,完整,1.0,（3） | 厂区内非甲烷 | 总烃无组织排放监 | 控点浓度应符合广 | 东省地方标 | 准《固定污染,,解析文本拼接_表格清洗增强_02_021-040.md,021_佛山市锐拓新材料有限公司新建项目_01_受理公告或公示版
PL022,PL022_佛山市锐拓新材料有限公司新建项目_01_受理公告或公示版.pdf,30,5,17,完整,1.0,挥发性有 | 机物综合排放 | 标准》（DB44/23 | 67-2022）中表3 | 厂区内VOC | s无组织排放,,解析文本拼接_表格清洗增强_02_021-040.md,021_佛山市锐拓新材料有限公司新建项目_01_受理公告或公示版
PL022,PL022_佛山市锐拓新材料有限公司新建项目_01_受理公告或公示版.pdf,30,5,19,完整,1.0,表3-7 厂区 | 内无组织排放限值,,解析文本拼接_表格清洗增强_02_021-040.md,021_佛山市锐拓新材料有限公司新建项目_01_受理公告或公示版
PL022,PL022_佛山市锐拓新材料有限公司新建项目_01_受理公告或公示版.pdf,30,5,21,完整,1.0,标准 | 名称 | 污染物项目 | 限值含义,,解析文本拼接_表格清洗增强_02_021-040.md,021_佛山市锐拓新材料有限公司新建项目_01_受理公告或公示版
PL022,PL022_佛山市锐拓新材料有限公司新建项目_01_受理公告或公示版.pdf,30,5,23,完整,1.0,广东省地 | 方标准《固 | 监控 | 点处1h平均,,解析文本拼接_表格清洗增强_02_021-040.md,021_佛山市锐拓新材料有限公司新建项目_01_受理公告或公示版
PL022,PL022_佛山市锐拓新材料有限公司新建项目_01_受理公告或公示版.pdf,30,5,25,完整,1.0,定污染源 | 挥发性有 | 厂房外设置监,,解析文本拼接_表格清洗增强_02_021-040.md,021_佛山市锐拓新材料有限公司新建项目_01_受理公告或公示版
PL022,PL022_佛山市锐拓新材料有限公司新建项目_01_受理公告或公示版.pdf,30,5,26,完整,1.0,机物综合 | 排放标准》 | NMHC | 控点浓度限值,,解析文本拼接_表格清洗增强_02_021-040.md,021_佛山市锐拓新材料有限公司新建项目_01_受理公告或公示版
PL022,PL022_佛山市锐拓新材料有限公司新建项目_01_受理公告或公示版.pdf,30,5,28,完整,1.0,（DB44/2 | 367-2022） | 浓度值 | 20,,解析文本拼接_表格清洗增强_02_021-040.md,021_佛山市锐拓新材料有限公司新建项目_01_受理公告或公示版
PL022,PL022_佛山市锐拓新材料有限公司新建项目_01_受理公告或公示版.pdf,30,5,30,完整,1.0,（3） | 项目在生产过 | 程中会产生异味， | 其污染因子为恶臭 | ，执行《 | 恶臭污染物排,,解析文本拼接_表格清洗增强_02_021-040.md,021_佛山市锐拓新材料有限公司新建项目_01_受理公告或公示版
PL022,PL022_佛山市锐拓新材料有限公司新建项目_01_受理公告或公示版.pdf,30,5,31,完整,1.0,准》（G | B14554-93）中 | 表1恶臭污染物厂 | 界标准值的二级 | 新扩改建标 | 准和表2恶臭,,解析文本拼接_表格清洗增强_02_021-040.md,021_佛山市锐拓新材料有限公司新建项目_01_受理公告或公示版
PL022,PL022_佛山市锐拓新材料有限公司新建项目_01_受理公告或公示版.pdf,30,5,32,完整,1.0,物排放标 | 准值。,,解析文本拼接_表格清洗增强_02_021-040.md,021_佛山市锐拓新材料有限公司新建项目_01_受理公告或公示版
PL022,PL022_佛山市锐拓新材料有限公司新建项目_01_受理公告或公示版.pdf,30,5,33,完整,1.0,表3-8 项目 | 恶臭污染物排放标 | 准,,解析文本拼接_表格清洗增强_02_021-040.md,021_佛山市锐拓新材料有限公司新建项目_01_受理公告或公示版
PL022,PL022_佛山市锐拓新材料有限公司新建项目_01_受理公告或公示版.pdf,30,5,35,完整,1.0,污染源 | 污染物 | 排放方式 | 执 | 行标准,,解析文本拼接_表格清洗增强_02_021-040.md,021_佛山市锐拓新材料有限公司新建项目_01_受理公告或公示版
PL022,PL022_佛山市锐拓新材料有限公司新建项目_01_受理公告或公示版.pdf,30,5,37,完整,1.0,《恶臭污染 | 物排放标准》,,解析文本拼接_表格清洗增强_02_021-040.md,021_佛山市锐拓新材料有限公司新建项目_01_受理公告或公示版
PL022,PL022_佛山市锐拓新材料有限公司新建项目_01_受理公告或公示版.pdf,30,5,38,完整,1.0,生产 | 臭气浓度 | 有组织 | 2000无量纲,,解析文本拼接_表格清洗增强_02_021-040.md,021_佛山市锐拓新材料有限公司新建项目_01_受理公告或公示版
PL022,PL022_佛山市锐拓新材料有限公司新建项目_01_受理公告或公示版.pdf,30,5,39,完整,1.0,（GB1 | 4554-93）,,解析文本拼接_表格清洗增强_02_021-040.md,021_佛山市锐拓新材料有限公司新建项目_01_受理公告或公示版
PL022,PL022_佛山市锐拓新材料有限公司新建项目_01_受理公告或公示版.pdf,30,5,40,完整,1.0,3、噪 | 声排放标准,,解析文本拼接_表格清洗增强_02_021-040.md,021_佛山市锐拓新材料有限公司新建项目_01_受理公告或公示版
PL022,PL022_佛山市锐拓新材料有限公司新建项目_01_受理公告或公示版.pdf,30,5,41,完整,1.0,本项目 | 边界噪声执行 | 《工业企业厂界环 | 境噪声排放标准 | 》（GB1234 | 8-2008）中的,,解析文本拼接_表格清洗增强_02_021-040.md,021_佛山市锐拓新材料有限公司新建项目_01_受理公告或公示版
PL022,PL022_佛山市锐拓新材料有限公司新建项目_01_受理公告或公示版.pdf,31,1,2,完整,1.0,执行方位 | 类别 | 昼间（6:00～22:00） | 夜间（22:00～6:00）,,解析文本拼接_表格清洗增强_02_021-040.md,021_佛山市锐拓新材料有限公司新建项目_01_受理公告或公示版
PL022,PL022_佛山市锐拓新材料有限公司新建项目_01_受理公告或公示版.pdf,31,1,3,完整,1.0,厂界噪声 | 3类 | 65dB(A) | 55dB(A),,解析文本拼接_表格清洗增强_02_021-040.md,021_佛山市锐拓新材料有限公司新建项目_01_受理公告或公示版
PL022,PL022_佛山市锐拓新材料有限公司新建项目_01_受理公告或公示版.pdf,31,1,5,完整,1.0,"总量
控制
指标 | （1）水污染物总量控制指标
本项目生活污水排放量为180m3/a，COD 总量约为0.0383t/a，NH -N总量约为
Cr 3
0.0044t/a，经三级化粪池处理后排入杏坛污水处理厂，根据《佛山市排污权有偿使用和
交易管理试行办法》（佛府办2016第63号），生活污水COD 、NH -N不单独分配总
Cr 3
量。
（2）大气污染",,解析文本拼接_表格清洗增强_02_021-040.md,021_佛山市锐拓新材料有限公司新建项目_01_受理公告或公示版
PL022,PL022_佛山市锐拓新材料有限公司新建项目_01_受理公告或公示版.pdf,32,1,1,完整,1.0,"施工
期环
境保
护措
施 | 本项目租用已建成厂房进行生产，简单装修后进行设备安装和调试，故施工期无环境影响问题。",,解析文本拼接_表格清洗增强_02_021-040.md,021_佛山市锐拓新材料有限公司新建项目_01_受理公告或公示版
PL022,PL022_佛山市锐拓新材料有限公司新建项目_01_受理公告或公示版.pdf,32,2,3,完整,1.0,境保 | 本项目租用已建成厂房进行生产，简单装修后进行设备安装和调试，故施工期无环境影响问题。,,解析文本拼接_表格清洗增强_02_021-040.md,021_佛山市锐拓新材料有限公司新建项目_01_受理公告或公示版
PL022,PL022_佛山市锐拓新材料有限公司新建项目_01_受理公告或公示版.pdf,32,2,18,完整,1.0,期环 | 系数手册》中的292 塑料制品行业系数手册—2929塑料零件及其他塑料制品制造行业,,解析文本拼接_表格清洗增强_02_021-040.md,021_佛山市锐拓新材料有限公司新建项目_01_受理公告或公示版
PL022,PL022_佛山市锐拓新材料有限公司新建项目_01_受理公告或公示版.pdf,32,2,19,完整,1.0,境影 | 系数表-造粒工艺，挥发性有机物的产污系数为：4.6千克/吨-产品，本项目年使用PP粉,,解析文本拼接_表格清洗增强_02_021-040.md,021_佛山市锐拓新材料有限公司新建项目_01_受理公告或公示版
PL022,PL022_佛山市锐拓新材料有限公司新建项目_01_受理公告或公示版.pdf,32,2,21,完整,1.0,保护 | 料130吨、ABS粉料130吨、PC粉料130吨、色母2吨，则非甲烷总烃产生量为1.8032,,解析文本拼接_表格清洗增强_02_021-040.md,021_佛山市锐拓新材料有限公司新建项目_01_受理公告或公示版
PL022,PL022_佛山市锐拓新材料有限公司新建项目_01_受理公告或公示版.pdf,32,2,22,完整,1.0,措施 | 吨/年，产生速率为0.7513kg/h。,,解析文本拼接_表格清洗增强_02_021-040.md,021_佛山市锐拓新材料有限公司新建项目_01_受理公告或公示版
PL022,PL022_佛山市锐拓新材料有限公司新建项目_01_受理公告或公示版.pdf,33,2,1,完整,1.0,"污染物 | 产生量
（t/a） | 收集
效率 | 收集处理后产排情况 | 未收集
无组织
排放量
（t/a） | 项目无
组织排
放量
（t/a） | 排放
速率
（kg/h）",,解析文本拼接_表格清洗增强_02_021-040.md,021_佛山市锐拓新材料有限公司新建项目_01_受理公告或公示版
PL022,PL022_佛山市锐拓新材料有限公司新建项目_01_受理公告或公示版.pdf,33,2,3,完整,1.0,颗粒物 | 2.34 | 80% | 1.872 | 99% | 0.0187 | 0.468 | 0.4867 | 0.8111,,解析文本拼接_表格清洗增强_02_021-040.md,021_佛山市锐拓新材料有限公司新建项目_01_受理公告或公示版
PL022,PL022_佛山市锐拓新材料有限公司新建项目_01_受理公告或公示版.pdf,35,1,2,完整,1.0,"废气收集
类型 | 废气收集方式 | 情况说明 | 集气效率
%",,解析文本拼接_表格清洗增强_02_021-040.md,021_佛山市锐拓新材料有限公司新建项目_01_受理公告或公示版
PL022,PL022_佛山市锐拓新材料有限公司新建项目_01_受理公告或公示版.pdf,35,1,3,完整,1.0,"全密封设
备/空间 | 单层密闭负压 | VOCs产生源设置在密闭车间、密闭设备
（含反应釜）、密闭管道内，所有开口
处，包括人员或物料进出口处呈负压。 | 90",,解析文本拼接_表格清洗增强_02_021-040.md,021_佛山市锐拓新材料有限公司新建项目_01_受理公告或公示版
PL022,PL022_佛山市锐拓新材料有限公司新建项目_01_受理公告或公示版.pdf,35,1,4,完整,1.0,"单层密闭正压 | VOCs产生源设置在密闭车间内，所有开
口处，包括人员或物料进出口处呈正压，
且无明显泄漏点。 | 80",,解析文本拼接_表格清洗增强_02_021-040.md,021_佛山市锐拓新材料有限公司新建项目_01_受理公告或公示版
PL022,PL022_佛山市锐拓新材料有限公司新建项目_01_受理公告或公示版.pdf,35,1,5,完整,1.0,双层密闭空间 | 内层空间密闭正压，外层空间密闭负压 | 98,,解析文本拼接_表格清洗增强_02_021-040.md,021_佛山市锐拓新材料有限公司新建项目_01_受理公告或公示版
PL022,PL022_佛山市锐拓新材料有限公司新建项目_01_受理公告或公示版.pdf,35,1,6,完整,1.0,"设备废气排口直连 | 设备有固定排放管（或口）直接与风管
连接，设备整体密闭只留产品进出口，
且进出口处有废气收集措施，收集系统
运行时周边基本无VOC散发。 | 95",,解析文本拼接_表格清洗增强_02_021-040.md,021_佛山市锐拓新材料有限公司新建项目_01_受理公告或公示版
PL022,PL022_佛山市锐拓新材料有限公司新建项目_01_受理公告或公示版.pdf,35,1,7,完整,1.0,"半密闭型
集气设备
（含排气
柜） | 污染物产生点（或生产设
施）四周及上下有围挡设
施，符合以下两种情况：
1、仅保留1个操作工位面；
2、仅保留物料进出通道，
通道敞开面小于1个操作工
位面。 | 敞开面控制风速不小于0.3m/s | 65",,解析文本拼接_表格清洗增强_02_021-040.md,021_佛山市锐拓新材料有限公司新建项目_01_受理公告或公示版
PL022,PL022_佛山市锐拓新材料有限公司新建项目_01_受理公告或公示版.pdf,35,1,8,完整,1.0,敞开面控制风速小于0.3m/s | 0,,解析文本拼接_表格清洗增强_02_021-040.md,021_佛山市锐拓新材料有限公司新建项目_01_受理公告或公示版
PL022,PL022_佛山市锐拓新材料有限公司新建项目_01_受理公告或公示版.pdf,35,1,9,完整,1.0,"包围型集
气罩 | 通过软质垂帘四周围挡（偶
有部分敞开） | 敞开面控制风速不小于 0.3m/s； | 50",,解析文本拼接_表格清洗增强_02_021-040.md,021_佛山市锐拓新材料有限公司新建项目_01_受理公告或公示版
PL022,PL022_佛山市锐拓新材料有限公司新建项目_01_受理公告或公示版.pdf,35,1,10,完整,1.0,敞开面控制风速小于 0.3m/s | 0,,解析文本拼接_表格清洗增强_02_021-040.md,021_佛山市锐拓新材料有限公司新建项目_01_受理公告或公示版
PL022,PL022_佛山市锐拓新材料有限公司新建项目_01_受理公告或公示版.pdf,35,1,11,完整,1.0,"外部型集
气设备 | 顶式集气罩、槽边抽风、侧
式集气罩等 | 相应工位所有VOCs逸散点控制风速不
小0.3m/s | 30",,解析文本拼接_表格清洗增强_02_021-040.md,021_佛山市锐拓新材料有限公司新建项目_01_受理公告或公示版
PL022,PL022_佛山市锐拓新材料有限公司新建项目_01_受理公告或公示版.pdf,35,1,12,完整,1.0,"相应工位所有VOCs逸散点控制风速小
于 0.3m/s，或存在强对流干扰 | 0",,解析文本拼接_表格清洗增强_02_021-040.md,021_佛山市锐拓新材料有限公司新建项目_01_受理公告或公示版
PL022,PL022_佛山市锐拓新材料有限公司新建项目_01_受理公告或公示版.pdf,35,1,13,完整,1.0,"无集气设
施 | / | 1、无集气设施；2、集气设施运行不正
常 | 0",,解析文本拼接_表格清洗增强_02_021-040.md,021_佛山市锐拓新材料有限公司新建项目_01_受理公告或公示版
PL022,PL022_佛山市锐拓新材料有限公司新建项目_01_受理公告或公示版.pdf,35,1,15,完整,1.0,"污染
物 | 总产生量 | 有组织 | 无组织",,解析文本拼接_表格清洗增强_02_021-040.md,021_佛山市锐拓新材料有限公司新建项目_01_受理公告或公示版
PL022,PL022_佛山市锐拓新材料有限公司新建项目_01_受理公告或公示版.pdf,35,2,1,完整,1.0,废气收集 | 集气效率,,解析文本拼接_表格清洗增强_02_021-040.md,021_佛山市锐拓新材料有限公司新建项目_01_受理公告或公示版
PL022,PL022_佛山市锐拓新材料有限公司新建项目_01_受理公告或公示版.pdf,35,2,2,完整,1.0,废气收集方式 | 情况说明,,解析文本拼接_表格清洗增强_02_021-040.md,021_佛山市锐拓新材料有限公司新建项目_01_受理公告或公示版
PL022,PL022_佛山市锐拓新材料有限公司新建项目_01_受理公告或公示版.pdf,35,2,5,完整,1.0,单层密闭负压 | （含反应釜）、密闭管道内，所有开口 | 90,,解析文本拼接_表格清洗增强_02_021-040.md,021_佛山市锐拓新材料有限公司新建项目_01_受理公告或公示版
PL022,PL022_佛山市锐拓新材料有限公司新建项目_01_受理公告或公示版.pdf,35,2,8,完整,1.0,单层密闭正压 | 口处，包括人员或物料进出口处呈正压， | 80,,解析文本拼接_表格清洗增强_02_021-040.md,021_佛山市锐拓新材料有限公司新建项目_01_受理公告或公示版
PL022,PL022_佛山市锐拓新材料有限公司新建项目_01_受理公告或公示版.pdf,35,2,11,完整,1.0,双层密闭空间 | 内层空间密闭正压，外层空间密闭负压 | 98,,解析文本拼接_表格清洗增强_02_021-040.md,021_佛山市锐拓新材料有限公司新建项目_01_受理公告或公示版
PL022,PL022_佛山市锐拓新材料有限公司新建项目_01_受理公告或公示版.pdf,35,2,19,完整,1.0,施）四周及上下有围挡设 | 敞开面控制风速不小于0.3m/s | 65,,解析文本拼接_表格清洗增强_02_021-040.md,021_佛山市锐拓新材料有限公司新建项目_01_受理公告或公示版
PL022,PL022_佛山市锐拓新材料有限公司新建项目_01_受理公告或公示版.pdf,35,2,24,完整,1.0,（含排气 | 1 1,,解析文本拼接_表格清洗增强_02_021-040.md,021_佛山市锐拓新材料有限公司新建项目_01_受理公告或公示版
PL022,PL022_佛山市锐拓新材料有限公司新建项目_01_受理公告或公示版.pdf,35,2,25,完整,1.0,柜） | 2、仅保留物料进出通道， | 敞开面控制风速小于0.3m/s | 0,,解析文本拼接_表格清洗增强_02_021-040.md,021_佛山市锐拓新材料有限公司新建项目_01_受理公告或公示版
PL022,PL022_佛山市锐拓新材料有限公司新建项目_01_受理公告或公示版.pdf,35,2,28,完整,1.0,敞开面控制风速不小于 0.3m/s； | 50,,解析文本拼接_表格清洗增强_02_021-040.md,021_佛山市锐拓新材料有限公司新建项目_01_受理公告或公示版
PL022,PL022_佛山市锐拓新材料有限公司新建项目_01_受理公告或公示版.pdf,35,2,31,完整,1.0,敞开面控制风速小于 0.3m/s | 0,,解析文本拼接_表格清洗增强_02_021-040.md,021_佛山市锐拓新材料有限公司新建项目_01_受理公告或公示版
PL022,PL022_佛山市锐拓新材料有限公司新建项目_01_受理公告或公示版.pdf,35,2,34,完整,1.0,外部型集 | 顶式集气罩、槽边抽风、侧 | 0.3m/s,,解析文本拼接_表格清洗增强_02_021-040.md,021_佛山市锐拓新材料有限公司新建项目_01_受理公告或公示版
PL022,PL022_佛山市锐拓新材料有限公司新建项目_01_受理公告或公示版.pdf,35,2,35,完整,1.0,气设备 | 式集气罩等 | 相应工位所有VOCs逸散点控制风速小,,解析文本拼接_表格清洗增强_02_021-040.md,021_佛山市锐拓新材料有限公司新建项目_01_受理公告或公示版
PL022,PL022_佛山市锐拓新材料有限公司新建项目_01_受理公告或公示版.pdf,35,2,36,疑似缺失,0.5,于 ，或存在强对流干扰 | 0,于 ，或存在强对流干扰,解析文本拼接_表格清洗增强_02_021-040.md,021_佛山市锐拓新材料有限公司新建项目_01_受理公告或公示版
PL022,PL022_佛山市锐拓新材料有限公司新建项目_01_受理公告或公示版.pdf,35,2,38,完整,1.0,无集气设 | 1、无集气设施；2、集气设施运行不正,,解析文本拼接_表格清洗增强_02_021-040.md,021_佛山市锐拓新材料有限公司新建项目_01_受理公告或公示版
PL022,PL022_佛山市锐拓新材料有限公司新建项目_01_受理公告或公示版.pdf,35,2,41,完整,1.0,面控制风 | 速不小于0.3m/s”对应的集 | 气效率为50%，为保守起见，本项目集气 | 效率取值,,解析文本拼接_表格清洗增强_02_021-040.md,021_佛山市锐拓新材料有限公司新建项目_01_受理公告或公示版
PL022,PL022_佛山市锐拓新材料有限公司新建项目_01_受理公告或公示版.pdf,35,2,43,完整,1.0,项目 | 有机废气产生及排放情况如 | 下表所示。,,解析文本拼接_表格清洗增强_02_021-040.md,021_佛山市锐拓新材料有限公司新建项目_01_受理公告或公示版
PL022,PL022_佛山市锐拓新材料有限公司新建项目_01_受理公告或公示版.pdf,35,2,44,完整,1.0,表4-3 | 有机废气产生及排放情况,,解析文本拼接_表格清洗增强_02_021-040.md,021_佛山市锐拓新材料有限公司新建项目_01_受理公告或公示版
PL022,PL022_佛山市锐拓新材料有限公司新建项目_01_受理公告或公示版.pdf,35,2,45,完整,1.0,污染 | 总产生量 | 有组织 无 | 组织,,解析文本拼接_表格清洗增强_02_021-040.md,021_佛山市锐拓新材料有限公司新建项目_01_受理公告或公示版
PL022,PL022_佛山市锐拓新材料有限公司新建项目_01_受理公告或公示版.pdf,36,1,2,完整,1.0,"非甲
烷总
烃 | 1.803 | 0.751 | 0.541 | 50% | 0.270 | 0.113 | 22.53 | 1.262 | 0.526",,解析文本拼接_表格清洗增强_02_021-040.md,021_佛山市锐拓新材料有限公司新建项目_01_受理公告或公示版
PL022,PL022_佛山市锐拓新材料有限公司新建项目_01_受理公告或公示版.pdf,36,2,1,完整,1.0,"产排
污环
节 | 污染
物种
类 | 污染物产生情况 | 排
放
形
式 | 治理措施 | 污染物排放情况",,解析文本拼接_表格清洗增强_02_021-040.md,021_佛山市锐拓新材料有限公司新建项目_01_受理公告或公示版
PL022,PL022_佛山市锐拓新材料有限公司新建项目_01_受理公告或公示版.pdf,36,2,2,完整,1.0,"产生量
t/a | 产生
速率
kg/h | 处理
能力
m3/h | 收
集
率 | 处
理
工
艺 | 去
除
率 | 是
否
可
行
技
术 | 排放
浓度
mg/m
3 | 排放
速率
kg/h | 排放量
t/a | 排放
时间",,解析文本拼接_表格清洗增强_02_021-040.md,021_佛山市锐拓新材料有限公司新建项目_01_受理公告或公示版
PL022,PL022_佛山市锐拓新材料有限公司新建项目_01_受理公告或公示版.pdf,36,2,3,完整,1.0,"挤出 | 非甲
烷总
烃 | 1.803 | 0.751 | 有
组
织 | 5000 | 30
% | 活
性
炭
吸
附 | 50
% | 是 | 22.53 | 0.113 | 0.270 | 240
0",,解析文本拼接_表格清洗增强_02_021-040.md,021_佛山市锐拓新材料有限公司新建项目_01_受理公告或公示版
PL022,PL022_佛山市锐拓新材料有限公司新建项目_01_受理公告或公示版.pdf,36,2,4,完整,1.0,"无
组
织 | / | / | / | / | / | / | 0.526 | 1.262",,解析文本拼接_表格清洗增强_02_021-040.md,021_佛山市锐拓新材料有限公司新建项目_01_受理公告或公示版
PL022,PL022_佛山市锐拓新材料有限公司新建项目_01_受理公告或公示版.pdf,36,2,5,完整,1.0,"投料 | 颗粒
物 | 2.34 | 3.9 | 无
组
织 | / | 80 | 布
袋
除
尘
器 | 99% | 是 | / | 0.8111 | 0.4867 | 600",,解析文本拼接_表格清洗增强_02_021-040.md,021_佛山市锐拓新材料有限公司新建项目_01_受理公告或公示版
PL022,PL022_佛山市锐拓新材料有限公司新建项目_01_受理公告或公示版.pdf,36,2,6,完整,1.0,"破碎 | 颗粒
物 | 0.016 | 0.0266 | 无
组
织 | / | / | / | / | / | / | 0.0266 | 0.016 | 600",,解析文本拼接_表格清洗增强_02_021-040.md,021_佛山市锐拓新材料有限公司新建项目_01_受理公告或公示版
PL022,PL022_佛山市锐拓新材料有限公司新建项目_01_受理公告或公示版.pdf,36,3,1,完整,1.0,"污染源 | 污染物 | 排放浓
度 | 排放速
率 | 执行标准 | 浓度
限值 | 速率限
值 | 达标情
况",,解析文本拼接_表格清洗增强_02_021-040.md,021_佛山市锐拓新材料有限公司新建项目_01_受理公告或公示版
PL022,PL022_佛山市锐拓新材料有限公司新建项目_01_受理公告或公示版.pdf,36,3,2,完整,1.0,mg/m3 | kg/h | mg/m3 | kg/h,,解析文本拼接_表格清洗增强_02_021-040.md,021_佛山市锐拓新材料有限公司新建项目_01_受理公告或公示版
PL022,PL022_佛山市锐拓新材料有限公司新建项目_01_受理公告或公示版.pdf,36,4,5,完整,1.0,烷总 | 1.8 | 03 | 0. | 7 | 51 | 0.541 | 50% | 0.270 | 0.113 | 22 | .53 | 1 | .262 | 0 | .526,,解析文本拼接_表格清洗增强_02_021-040.md,021_佛山市锐拓新材料有限公司新建项目_01_受理公告或公示版
PL022,PL022_佛山市锐拓新材料有限公司新建项目_01_受理公告或公示版.pdf,36,4,7,完整,1.0,表 | 4 | -4 | 项目 | 废 | 气污染 | 源强 | 核算结果 | 及相 | 关 | 参数 | 一 | 览表,,解析文本拼接_表格清洗增强_02_021-040.md,021_佛山市锐拓新材料有限公司新建项目_01_受理公告或公示版
PL022,PL022_佛山市锐拓新材料有限公司新建项目_01_受理公告或公示版.pdf,36,4,8,完整,1.0,污染物 | 产 | 生情况 | 治理 | 措施 | 污染 | 物排 | 放情况,,解析文本拼接_表格清洗增强_02_021-040.md,021_佛山市锐拓新材料有限公司新建项目_01_受理公告或公示版
PL022,PL022_佛山市锐拓新材料有限公司新建项目_01_受理公告或公示版.pdf,36,4,16,部分,0.889,"t/a | 3 | 率 | 工
率 | 行 | mg/ | m | t/a | 时间","工
率",解析文本拼接_表格清洗增强_02_021-040.md,021_佛山市锐拓新材料有限公司新建项目_01_受理公告或公示版
PL022,PL022_佛山市锐拓新材料有限公司新建项目_01_受理公告或公示版.pdf,36,4,17,部分,0.857,kg/h | m /h | 艺 | 技 | 3 | kg | /h,m /h,解析文本拼接_表格清洗增强_02_021-040.md,021_佛山市锐拓新材料有限公司新建项目_01_受理公告或公示版
PL022,PL022_佛山市锐拓新材料有限公司新建项目_01_受理公告或公示版.pdf,36,4,21,部分,0.9,"组 | 5000 | 30 | 50
炭 | 是 | 22.5 | 3 | 0.1 | 13 | 0.270","50
炭",解析文本拼接_表格清洗增强_02_021-040.md,021_佛山市锐拓新材料有限公司新建项目_01_受理公告或公示版
PL022,PL022_佛山市锐拓新材料有限公司新建项目_01_受理公告或公示版.pdf,36,4,23,完整,1.0,挤出 | 烷总 | 1.803 | 0.751 | 240,,解析文本拼接_表格清洗增强_02_021-040.md,021_佛山市锐拓新材料有限公司新建项目_01_受理公告或公示版
PL022,PL022_佛山市锐拓新材料有限公司新建项目_01_受理公告或公示版.pdf,36,4,26,完整,1.0,组 | / | / | / / | / | / | 0.5 | 26 | 1.262,,解析文本拼接_表格清洗增强_02_021-040.md,021_佛山市锐拓新材料有限公司新建项目_01_受理公告或公示版
PL022,PL022_佛山市锐拓新材料有限公司新建项目_01_受理公告或公示版.pdf,36,4,32,完整,1.0,物 | 2.34 | 3.9 | / | 80 | 99% | / | 0.8 | 111 | 0.4867 | 600,,解析文本拼接_表格清洗增强_02_021-040.md,021_佛山市锐拓新材料有限公司新建项目_01_受理公告或公示版
PL022,PL022_佛山市锐拓新材料有限公司新建项目_01_受理公告或公示版.pdf,36,4,38,完整,1.0,物 | 0.016 | 0 | .0266 | / | / | / / | / | / | 0.0 | 266 | 0.016 | 600,,解析文本拼接_表格清洗增强_02_021-040.md,021_佛山市锐拓新材料有限公司新建项目_01_受理公告或公示版
PL022,PL022_佛山市锐拓新材料有限公司新建项目_01_受理公告或公示版.pdf,36,4,40,完整,1.0,备注： | 项目 | 使用的 | 废 | 气治理 | 设施 | 及工艺参 | 考 | 《排污许 | 可证 | 申请 | 与 | 核发 | 技术 | 规范 | 橡 | 胶和,,解析文本拼接_表格清洗增强_02_021-040.md,021_佛山市锐拓新材料有限公司新建项目_01_受理公告或公示版
PL022,PL022_佛山市锐拓新材料有限公司新建项目_01_受理公告或公示版.pdf,36,4,41,完整,1.0,塑料制 | 品工 | 业》 ( | H | J | 1122-2 | 020 | ） | 中的可 | 行性 | 技术，本 | 项目 | 有 | 机 | 废气 | 采用 | 活性炭 | 吸 | 附，,,解析文本拼接_表格清洗增强_02_021-040.md,021_佛山市锐拓新材料有限公司新建项目_01_受理公告或公示版
PL022,PL022_佛山市锐拓新材料有限公司新建项目_01_受理公告或公示版.pdf,36,4,43,完整,1.0,（ | 2）正 | 常工况 | 下 | 废气达 | 标分 | 析,,解析文本拼接_表格清洗增强_02_021-040.md,021_佛山市锐拓新材料有限公司新建项目_01_受理公告或公示版
PL022,PL022_佛山市锐拓新材料有限公司新建项目_01_受理公告或公示版.pdf,36,4,44,完整,1.0,1） | 排气 | 筒废气 | 达 | 标分析,,解析文本拼接_表格清洗增强_02_021-040.md,021_佛山市锐拓新材料有限公司新建项目_01_受理公告或公示版
PL022,PL022_佛山市锐拓新材料有限公司新建项目_01_受理公告或公示版.pdf,36,4,45,完整,1.0,本 | 项目共 | 设置 | 1 | 个 | 排气 | 筒， | 高 | 度约1 | 8m， | 排气筒污 | 染物 | 排 | 放 | 情况 | 见表 | 4-5。,,解析文本拼接_表格清洗增强_02_021-040.md,021_佛山市锐拓新材料有限公司新建项目_01_受理公告或公示版
PL022,PL022_佛山市锐拓新材料有限公司新建项目_01_受理公告或公示版.pdf,36,4,46,完整,1.0,表 4-5 | 项 | 目 | 排气筒 | 污染 | 物排放达标 | 情况 | 一览 | 表,,解析文本拼接_表格清洗增强_02_021-040.md,021_佛山市锐拓新材料有限公司新建项目_01_受理公告或公示版
PL022,PL022_佛山市锐拓新材料有限公司新建项目_01_受理公告或公示版.pdf,36,4,49,完整,1.0,污染 | 源 | 污染物 | 度 | 率 | 执行标准 | 限 | 值 | 值,,解析文本拼接_表格清洗增强_02_021-040.md,021_佛山市锐拓新材料有限公司新建项目_01_受理公告或公示版
PL022,PL022_佛山市锐拓新材料有限公司新建项目_01_受理公告或公示版.pdf,36,4,51,完整,1.0,mg/m | 3 | kg/h | mg/ | m3 | kg/ | h,,解析文本拼接_表格清洗增强_02_021-040.md,021_佛山市锐拓新材料有限公司新建项目_01_受理公告或公示版
PL022,PL022_佛山市锐拓新材料有限公司新建项目_01_受理公告或公示版.pdf,37,1,2,完整,1.0,"臭气浓
度 | / | / | GB14554-1993 | 2000
（无
量纲） | / | 达标",,解析文本拼接_表格清洗增强_02_021-040.md,021_佛山市锐拓新材料有限公司新建项目_01_受理公告或公示版
PL022,PL022_佛山市锐拓新材料有限公司新建项目_01_受理公告或公示版.pdf,37,2,1,完整,1.0,"序
号 | 污染源 | 非正常
排放原
因 | 污染物 | 非正常排
放浓度
（mg/m3） | 非正常排
放速率
（kg/h） | 单次持
续时间
/h | 年发
生频
次/次 | 应对
措施",,解析文本拼接_表格清洗增强_02_021-040.md,021_佛山市锐拓新材料有限公司新建项目_01_受理公告或公示版
PL022,PL022_佛山市锐拓新材料有限公司新建项目_01_受理公告或公示版.pdf,37,2,2,完整,1.0,"1 | DA001排
气筒 | 废气处
理设施
出现故
障或完
全失效 | 非甲烷
总烃 | 45.07 | 0.225 | 1 | 1 | 马上
停止
生产
作业",,解析文本拼接_表格清洗增强_02_021-040.md,021_佛山市锐拓新材料有限公司新建项目_01_受理公告或公示版
PL022,PL022_佛山市锐拓新材料有限公司新建项目_01_受理公告或公示版.pdf,37,2,3,完整,1.0,"臭气浓
度 | ≤20000
无量纲 | /",,解析文本拼接_表格清洗增强_02_021-040.md,021_佛山市锐拓新材料有限公司新建项目_01_受理公告或公示版
PL022,PL022_佛山市锐拓新材料有限公司新建项目_01_受理公告或公示版.pdf,37,3,1,完整,1.0,非甲烷 | GB31572-2015,,解析文本拼接_表格清洗增强_02_021-040.md,021_佛山市锐拓新材料有限公司新建项目_01_受理公告或公示版
PL022,PL022_佛山市锐拓新材料有限公司新建项目_01_受理公告或公示版.pdf,37,3,2,完整,1.0,，含2024年修 | 达标,,解析文本拼接_表格清洗增强_02_021-040.md,021_佛山市锐拓新材料有限公司新建项目_01_受理公告或公示版
PL022,PL022_佛山市锐拓新材料有限公司新建项目_01_受理公告或公示版.pdf,37,3,3,疑似缺失,0.5,"22.53 0.113
总烃 | 100 /","22.53 0.113
总烃",解析文本拼接_表格清洗增强_02_021-040.md,021_佛山市锐拓新材料有限公司新建项目_01_受理公告或公示版
PL022,PL022_佛山市锐拓新材料有限公司新建项目_01_受理公告或公示版.pdf,37,3,4,完整,1.0,G1排气 | 改单,,解析文本拼接_表格清洗增强_02_021-040.md,021_佛山市锐拓新材料有限公司新建项目_01_受理公告或公示版
PL022,PL022_佛山市锐拓新材料有限公司新建项目_01_受理公告或公示版.pdf,37,3,6,完整,1.0,臭气浓 | 2000,,解析文本拼接_表格清洗增强_02_021-040.md,021_佛山市锐拓新材料有限公司新建项目_01_受理公告或公示版
PL022,PL022_佛山市锐拓新材料有限公司新建项目_01_受理公告或公示版.pdf,37,3,8,完整,1.0,/ / | GB14554-1993 | /,,解析文本拼接_表格清洗增强_02_021-040.md,021_佛山市锐拓新材料有限公司新建项目_01_受理公告或公示版
PL022,PL022_佛山市锐拓新材料有限公司新建项目_01_受理公告或公示版.pdf,37,3,11,完整,1.0,由上表 | 可知，项目DA001排气筒排放 | 的非甲烷总烃可 | 达到《合成树脂工业污染物,,解析文本拼接_表格清洗增强_02_021-040.md,021_佛山市锐拓新材料有限公司新建项目_01_受理公告或公示版
PL022,PL022_佛山市锐拓新材料有限公司新建项目_01_受理公告或公示版.pdf,37,3,12,完整,1.0,排放标准》 | （GB31572-2015）表4大气污 | 染物排放限值要 | 求，臭气浓度达到《恶臭污,,解析文本拼接_表格清洗增强_02_021-040.md,021_佛山市锐拓新材料有限公司新建项目_01_受理公告或公示版
PL022,PL022_佛山市锐拓新材料有限公司新建项目_01_受理公告或公示版.pdf,37,3,13,完整,1.0,染物排放标 | 准》（GB14554-1993）中表2 | 恶臭污染物排放 | 标准值，对周围大气环境附,,解析文本拼接_表格清洗增强_02_021-040.md,021_佛山市锐拓新材料有限公司新建项目_01_受理公告或公示版
PL022,PL022_佛山市锐拓新材料有限公司新建项目_01_受理公告或公示版.pdf,37,3,15,完整,1.0,2）厂界 | 及厂区内废气达标分析,,解析文本拼接_表格清洗增强_02_021-040.md,021_佛山市锐拓新材料有限公司新建项目_01_受理公告或公示版
PL022,PL022_佛山市锐拓新材料有限公司新建项目_01_受理公告或公示版.pdf,37,3,16,完整,1.0,根据上 | 述分析，本项目各污染物无组 | 织排放量较少，项 | 目颗粒物厂界监控点浓度均,,解析文本拼接_表格清洗增强_02_021-040.md,021_佛山市锐拓新材料有限公司新建项目_01_受理公告或公示版
PL022,PL022_佛山市锐拓新材料有限公司新建项目_01_受理公告或公示版.pdf,37,3,17,完整,1.0,达到了广东 | 省地方标准《大气污染物排放 | 限值》（DB44/27- | 2001）第二时段无组织监控,,解析文本拼接_表格清洗增强_02_021-040.md,021_佛山市锐拓新材料有限公司新建项目_01_受理公告或公示版
PL022,PL022_佛山市锐拓新材料有限公司新建项目_01_受理公告或公示版.pdf,37,3,18,完整,1.0,点浓度限值 | ，臭气浓度达到了《恶臭污染 | 物排放标准》（GB | 14554-1993）表1二级新扩,,解析文本拼接_表格清洗增强_02_021-040.md,021_佛山市锐拓新材料有限公司新建项目_01_受理公告或公示版
PL022,PL022_佛山市锐拓新材料有限公司新建项目_01_受理公告或公示版.pdf,37,3,19,完整,1.0,改建恶臭污 | 染物厂界标准值，非甲烷总烃 | 的厂区监控浓度可 | 达到《固定污染源挥发性有,,解析文本拼接_表格清洗增强_02_021-040.md,021_佛山市锐拓新材料有限公司新建项目_01_受理公告或公示版
PL022,PL022_佛山市锐拓新材料有限公司新建项目_01_受理公告或公示版.pdf,37,3,20,完整,1.0,机物综合排 | 放标准》（DB44/2367-2022） | 中表3厂区内VOC | s无组织排放限值，监控点,,解析文本拼接_表格清洗增强_02_021-040.md,021_佛山市锐拓新材料有限公司新建项目_01_受理公告或公示版
PL022,PL022_佛山市锐拓新材料有限公司新建项目_01_受理公告或公示版.pdf,37,3,21,完整,1.0,处1h平均浓 | 度值≤6mg/m3，监控点处任意 | 一次浓度值≤20m | g/m3。,,解析文本拼接_表格清洗增强_02_021-040.md,021_佛山市锐拓新材料有限公司新建项目_01_受理公告或公示版
PL022,PL022_佛山市锐拓新材料有限公司新建项目_01_受理公告或公示版.pdf,37,3,22,完整,1.0,（3）非 | 正常工况下废气达标分析,,解析文本拼接_表格清洗增强_02_021-040.md,021_佛山市锐拓新材料有限公司新建项目_01_受理公告或公示版
PL022,PL022_佛山市锐拓新材料有限公司新建项目_01_受理公告或公示版.pdf,37,3,23,完整,1.0,项目在 | 非正常排放情况下，即废气未 | 经处理直接排放（ | 二级活性炭吸附处理设施出,,解析文本拼接_表格清洗增强_02_021-040.md,021_佛山市锐拓新材料有限公司新建项目_01_受理公告或公示版
PL022,PL022_佛山市锐拓新材料有限公司新建项目_01_受理公告或公示版.pdf,37,3,24,完整,1.0,现故障或完 | 全失效），项目大气污染物有 | 组织排放量核算情 | 况详见下表4-5。,,解析文本拼接_表格清洗增强_02_021-040.md,021_佛山市锐拓新材料有限公司新建项目_01_受理公告或公示版
PL022,PL022_佛山市锐拓新材料有限公司新建项目_01_受理公告或公示版.pdf,37,3,25,完整,1.0,表4-5 污染源非 | 正常排放量核算 | 表,,解析文本拼接_表格清洗增强_02_021-040.md,021_佛山市锐拓新材料有限公司新建项目_01_受理公告或公示版
PL022,PL022_佛山市锐拓新材料有限公司新建项目_01_受理公告或公示版.pdf,37,3,28,疑似缺失,0.25,污 | 染源 排放原 污染物 放 | 浓度 放速率 | 续时间 生频,染源 排放原 污染物 放；浓度 放速率；续时间 生频,解析文本拼接_表格清洗增强_02_021-040.md,021_佛山市锐拓新材料有限公司新建项目_01_受理公告或公示版
PL022,PL022_佛山市锐拓新材料有限公司新建项目_01_受理公告或公示版.pdf,37,3,30,疑似缺失,0.0,因 （m | g/m3） （kg/h） | /h 次/次,因 （m；g/m3） （kg/h）；/h 次/次,解析文本拼接_表格清洗增强_02_021-040.md,021_佛山市锐拓新材料有限公司新建项目_01_受理公告或公示版
PL022,PL022_佛山市锐拓新材料有限公司新建项目_01_受理公告或公示版.pdf,37,3,33,疑似缺失,0.5,"4
理设施 总烃 | 5.07 0.225","4
理设施 总烃",解析文本拼接_表格清洗增强_02_021-040.md,021_佛山市锐拓新材料有限公司新建项目_01_受理公告或公示版
PL022,PL022_佛山市锐拓新材料有限公司新建项目_01_受理公告或公示版.pdf,37,3,34,完整,1.0,DA0 | 01排 | 停止,,解析文本拼接_表格清洗增强_02_021-040.md,021_佛山市锐拓新材料有限公司新建项目_01_受理公告或公示版
PL022,PL022_佛山市锐拓新材料有限公司新建项目_01_受理公告或公示版.pdf,37,3,36,疑似缺失,0.0,"1
气 | 筒 臭气浓 ≤ | 1 1
生产","1
气；筒 臭气浓 ≤；1 1
生产",解析文本拼接_表格清洗增强_02_021-040.md,021_佛山市锐拓新材料有限公司新建项目_01_受理公告或公示版
PL022,PL022_佛山市锐拓新材料有限公司新建项目_01_受理公告或公示版.pdf,37,3,37,完整,1.0,障或完 | 20000,,解析文本拼接_表格清洗增强_02_021-040.md,021_佛山市锐拓新材料有限公司新建项目_01_受理公告或公示版
PL022,PL022_佛山市锐拓新材料有限公司新建项目_01_受理公告或公示版.pdf,37,3,41,完整,1.0,（4）车 | 间内VOCs达标分析,,解析文本拼接_表格清洗增强_02_021-040.md,021_佛山市锐拓新材料有限公司新建项目_01_受理公告或公示版
PL022,PL022_佛山市锐拓新材料有限公司新建项目_01_受理公告或公示版.pdf,37,3,42,完整,1.0,经上述 | 工程分析，非甲烷总烃无组 | 织排放量为 1.26 | 2t/a，无组织排放速率为,,解析文本拼接_表格清洗增强_02_021-040.md,021_佛山市锐拓新材料有限公司新建项目_01_受理公告或公示版
PL022,PL022_佛山市锐拓新材料有限公司新建项目_01_受理公告或公示版.pdf,37,3,43,完整,1.0,0.526kg/h， | 无组织排放量和无组织排放速 | 率较小。广东省地 | 方标准《固定污染源挥发性,,解析文本拼接_表格清洗增强_02_021-040.md,021_佛山市锐拓新材料有限公司新建项目_01_受理公告或公示版
PL022,PL022_佛山市锐拓新材料有限公司新建项目_01_受理公告或公示版.pdf,37,3,44,完整,1.0,有机物综合 | 排放标准》(DB44/2367-2022)要 | 求：①项目产污 | 工序运作过程中必须开启风,,解析文本拼接_表格清洗增强_02_021-040.md,021_佛山市锐拓新材料有限公司新建项目_01_受理公告或公示版
PL022,PL022_佛山市锐拓新材料有限公司新建项目_01_受理公告或公示版.pdf,37,3,45,完整,1.0,机，有效减 | 少无组织排放废气。②合理设 | 计通风系统，加强 | 各生产车间通风换气。厂区,,解析文本拼接_表格清洗增强_02_021-040.md,021_佛山市锐拓新材料有限公司新建项目_01_受理公告或公示版
PL022,PL022_佛山市锐拓新材料有限公司新建项目_01_受理公告或公示版.pdf,37,3,46,完整,1.0,非甲烷总烃 | 无组织排放监控点浓度应满足 | 广东省地方标准《 | 固定污染源挥发性有机物综,,解析文本拼接_表格清洗增强_02_021-040.md,021_佛山市锐拓新材料有限公司新建项目_01_受理公告或公示版
PL022,PL022_佛山市锐拓新材料有限公司新建项目_01_受理公告或公示版.pdf,37,3,47,完整,1.0,合排放标准 | 》(DB44/2367-2022）中表3厂 | 区内VOCs无组织 | 排放限值，监控点处1h平,,解析文本拼接_表格清洗增强_02_021-040.md,021_佛山市锐拓新材料有限公司新建项目_01_受理公告或公示版
PL022,PL022_佛山市锐拓新材料有限公司新建项目_01_受理公告或公示版.pdf,38,2,1,完整,1.0,"序
号 | 排放
口编
号 | 排放
口名
称 | 污染
物种
类 | 排放口地理坐标 | 排气
筒高
度/m | 排气
筒出
口内
径/m | 排气
筒温
度/℃ | 其他
信息",,解析文本拼接_表格清洗增强_02_021-040.md,021_佛山市锐拓新材料有限公司新建项目_01_受理公告或公示版
PL022,PL022_佛山市锐拓新材料有限公司新建项目_01_受理公告或公示版.pdf,38,2,3,完整,1.0,"1 | DA00
1 | 有机
废气
排放
口G1 | 非甲
烷总
烃、
臭气
浓度 | 113.186091° | 22.774331° | 18 | 0.4 | 常温
/25 | 一般
排放
口",,解析文本拼接_表格清洗增强_02_021-040.md,021_佛山市锐拓新材料有限公司新建项目_01_受理公告或公示版
PL022,PL022_佛山市锐拓新材料有限公司新建项目_01_受理公告或公示版.pdf,38,3,1,完整,1.0,"序
号 | 监测点位 | 监测因子 | 监测频
次 | 排放标准",,解析文本拼接_表格清洗增强_02_021-040.md,021_佛山市锐拓新材料有限公司新建项目_01_受理公告或公示版
PL022,PL022_佛山市锐拓新材料有限公司新建项目_01_受理公告或公示版.pdf,38,3,3,完整,1.0,mg/m3 | kg/h,,解析文本拼接_表格清洗增强_02_021-040.md,021_佛山市锐拓新材料有限公司新建项目_01_受理公告或公示版
PL022,PL022_佛山市锐拓新材料有限公司新建项目_01_受理公告或公示版.pdf,38,3,4,完整,1.0,"1 | DA001 | 非甲烷总烃 | 1次/年 | 《合成树脂工业污染
物排放标准》
（GB31572-2015，含
2024年修改单）表4
大气污染物排放限值 | 100 | /",,解析文本拼接_表格清洗增强_02_021-040.md,021_佛山市锐拓新材料有限公司新建项目_01_受理公告或公示版
PL022,PL022_佛山市锐拓新材料有限公司新建项目_01_受理公告或公示版.pdf,38,3,5,完整,1.0,"2 | 臭气浓度 | 1次/年 | 恶臭达到《恶臭污染
物排放标准》
（GB14554-93）相应
标准 | 2000无量
纲 | /",,解析文本拼接_表格清洗增强_02_021-040.md,021_佛山市锐拓新材料有限公司新建项目_01_受理公告或公示版
PL022,PL022_佛山市锐拓新材料有限公司新建项目_01_受理公告或公示版.pdf,38,3,6,完整,1.0,"3 | 厂界上下
风向 | 颗粒物 | 1次/年 | 广东省《大气污染物
排放限值》 | 1.0 | /",,解析文本拼接_表格清洗增强_02_021-040.md,021_佛山市锐拓新材料有限公司新建项目_01_受理公告或公示版
PL022,PL022_佛山市锐拓新材料有限公司新建项目_01_受理公告或公示版.pdf,38,4,1,完整,1.0,均 | 浓 | 度限值≤ | 6mg/ | m3，监控点处 | 任意一处 | 浓度值≤20mg/m | 3。,,解析文本拼接_表格清洗增强_02_021-040.md,021_佛山市锐拓新材料有限公司新建项目_01_受理公告或公示版
PL022,PL022_佛山市锐拓新材料有限公司新建项目_01_受理公告或公示版.pdf,38,4,2,完整,1.0,（5）废气 | 治理 | 设施可行性分 | 析,,解析文本拼接_表格清洗增强_02_021-040.md,021_佛山市锐拓新材料有限公司新建项目_01_受理公告或公示版
PL022,PL022_佛山市锐拓新材料有限公司新建项目_01_受理公告或公示版.pdf,38,4,3,完整,1.0,本项目有 | 机废 | 气治理措施可 | 行性分析,,解析文本拼接_表格清洗增强_02_021-040.md,021_佛山市锐拓新材料有限公司新建项目_01_受理公告或公示版
PL022,PL022_佛山市锐拓新材料有限公司新建项目_01_受理公告或公示版.pdf,38,4,4,完整,1.0,根据《排 | 污许 | 可证申请与核 | 发技术规 | 范橡胶和塑料制 | 品工业( | HJ1122 | —202 | 0) | 》中的,,解析文本拼接_表格清洗增强_02_021-040.md,021_佛山市锐拓新材料有限公司新建项目_01_受理公告或公示版
PL022,PL022_佛山市锐拓新材料有限公司新建项目_01_受理公告或公示版.pdf,38,4,5,完整,1.0,“ | 表A. | 2塑料制 | 品工 | 业排污单位废 | 气污染防 | 治可行技术参考 | 表”，项 | 目采用 | 的活 | 性 | 炭吸附,,解析文本拼接_表格清洗增强_02_021-040.md,021_佛山市锐拓新材料有限公司新建项目_01_受理公告或公示版
PL022,PL022_佛山市锐拓新材料有限公司新建项目_01_受理公告或公示版.pdf,38,4,6,完整,1.0,工 | 艺 | 处理有机 | 废气 | ，符合采用排 | 污许可技 | 术规范中的可行 | 技术。,,解析文本拼接_表格清洗增强_02_021-040.md,021_佛山市锐拓新材料有限公司新建项目_01_受理公告或公示版
PL022,PL022_佛山市锐拓新材料有限公司新建项目_01_受理公告或公示版.pdf,38,4,7,完整,1.0,根据《排 | 污许 | 可证申请与核 | 发技术规 | 范橡胶和塑料制 | 品工业( | HJ1122 | —202 | 0) | 》中的,,解析文本拼接_表格清洗增强_02_021-040.md,021_佛山市锐拓新材料有限公司新建项目_01_受理公告或公示版
PL022,PL022_佛山市锐拓新材料有限公司新建项目_01_受理公告或公示版.pdf,38,4,8,完整,1.0,“ | 表A. | 2塑料制 | 品工 | 业排污单位废 | 气污染防 | 治可行技术参考 | 表”，项 | 目采用 | 的活 | 性 | 炭吸附,,解析文本拼接_表格清洗增强_02_021-040.md,021_佛山市锐拓新材料有限公司新建项目_01_受理公告或公示版
PL022,PL022_佛山市锐拓新材料有限公司新建项目_01_受理公告或公示版.pdf,38,4,9,完整,1.0,工 | 艺 | 处理有机 | 废气 | ，符合采用排 | 污许可技 | 术规范中的可行 | 技术。,,解析文本拼接_表格清洗增强_02_021-040.md,021_佛山市锐拓新材料有限公司新建项目_01_受理公告或公示版
PL022,PL022_佛山市锐拓新材料有限公司新建项目_01_受理公告或公示版.pdf,38,4,10,完整,1.0,（5）环境 | 监测,,解析文本拼接_表格清洗增强_02_021-040.md,021_佛山市锐拓新材料有限公司新建项目_01_受理公告或公示版
PL022,PL022_佛山市锐拓新材料有限公司新建项目_01_受理公告或公示版.pdf,38,4,11,完整,1.0,为了及时 | 了解 | 和掌握建设项 | 目主要污 | 染源的污染物排 | 放状况， | 建设单 | 位必 | 须 | 定期委,,解析文本拼接_表格清洗增强_02_021-040.md,021_佛山市锐拓新材料有限公司新建项目_01_受理公告或公示版
PL022,PL022_佛山市锐拓新材料有限公司新建项目_01_受理公告或公示版.pdf,38,4,12,完整,1.0,托 | 有 | 资质的环 | 境监 | 测部门对所在 | 区域质量 | 及各污染源主要 | 污染物的 | 排放源 | 强进 | 行 | 监测。,,解析文本拼接_表格清洗增强_02_021-040.md,021_佛山市锐拓新材料有限公司新建项目_01_受理公告或公示版
PL022,PL022_佛山市锐拓新材料有限公司新建项目_01_受理公告或公示版.pdf,38,4,13,完整,1.0,其 | 监 | 测计划详 | 见下 | 表。,,解析文本拼接_表格清洗增强_02_021-040.md,021_佛山市锐拓新材料有限公司新建项目_01_受理公告或公示版
PL022,PL022_佛山市锐拓新材料有限公司新建项目_01_受理公告或公示版.pdf,38,4,14,完整,1.0,表4-6 | 项目大气 | 排放口基本情况 | 表,,解析文本拼接_表格清洗增强_02_021-040.md,021_佛山市锐拓新材料有限公司新建项目_01_受理公告或公示版
PL022,PL022_佛山市锐拓新材料有限公司新建项目_01_受理公告或公示版.pdf,38,4,16,完整,1.0,排放 | 排放 | 污染 | 排放口 | 地理坐标 | 排气 | 排气,,解析文本拼接_表格清洗增强_02_021-040.md,021_佛山市锐拓新材料有限公司新建项目_01_受理公告或公示版
PL022,PL022_佛山市锐拓新材料有限公司新建项目_01_受理公告或公示版.pdf,38,4,26,部分,0.9,1 | DA00 | 废气 | 烃、 113 | .186091° | 22.774331° | 18 | 0.4 | 常温 | 排放,烃、 113,解析文本拼接_表格清洗增强_02_021-040.md,021_佛山市锐拓新材料有限公司新建项目_01_受理公告或公示版
PL022,PL022_佛山市锐拓新材料有限公司新建项目_01_受理公告或公示版.pdf,38,4,27,完整,1.0,1 | 排放 | /25 | 口,,解析文本拼接_表格清洗增强_02_021-040.md,021_佛山市锐拓新材料有限公司新建项目_01_受理公告或公示版
PL022,PL022_佛山市锐拓新材料有限公司新建项目_01_受理公告或公示版.pdf,38,4,31,完整,1.0,表4-7 运 | 营期大气环 | 境自行监测计划 | 一览表,,解析文本拼接_表格清洗增强_02_021-040.md,021_佛山市锐拓新材料有限公司新建项目_01_受理公告或公示版
PL022,PL022_佛山市锐拓新材料有限公司新建项目_01_受理公告或公示版.pdf,38,4,35,完整,1.0,监测点 | 位 | 监测因子,,解析文本拼接_表格清洗增强_02_021-040.md,021_佛山市锐拓新材料有限公司新建项目_01_受理公告或公示版
PL022,PL022_佛山市锐拓新材料有限公司新建项目_01_受理公告或公示版.pdf,38,4,38,完整,1.0,mg/m | 3 | k | g/h,,解析文本拼接_表格清洗增强_02_021-040.md,021_佛山市锐拓新材料有限公司新建项目_01_受理公告或公示版
PL022,PL022_佛山市锐拓新材料有限公司新建项目_01_受理公告或公示版.pdf,38,4,39,完整,1.0,《合成树脂工业 | 污染,,解析文本拼接_表格清洗增强_02_021-040.md,021_佛山市锐拓新材料有限公司新建项目_01_受理公告或公示版
PL022,PL022_佛山市锐拓新材料有限公司新建项目_01_受理公告或公示版.pdf,38,4,40,完整,1.0,物排放标准 | 》,,解析文本拼接_表格清洗增强_02_021-040.md,021_佛山市锐拓新材料有限公司新建项目_01_受理公告或公示版
PL022,PL022_佛山市锐拓新材料有限公司新建项目_01_受理公告或公示版.pdf,38,4,41,完整,1.0,1 | 非甲烷总烃 | 1次/年 | （GB31572-2015 | ，含 | 100 | /,,解析文本拼接_表格清洗增强_02_021-040.md,021_佛山市锐拓新材料有限公司新建项目_01_受理公告或公示版
PL022,PL022_佛山市锐拓新材料有限公司新建项目_01_受理公告或公示版.pdf,38,4,42,完整,1.0,2024年修改单） | 表4,,解析文本拼接_表格清洗增强_02_021-040.md,021_佛山市锐拓新材料有限公司新建项目_01_受理公告或公示版
PL022,PL022_佛山市锐拓新材料有限公司新建项目_01_受理公告或公示版.pdf,38,4,43,完整,1.0,DA00 | 1 | 大气污染物排放 | 限值,,解析文本拼接_表格清洗增强_02_021-040.md,021_佛山市锐拓新材料有限公司新建项目_01_受理公告或公示版
PL022,PL022_佛山市锐拓新材料有限公司新建项目_01_受理公告或公示版.pdf,38,4,44,完整,1.0,恶臭达到《恶臭 | 污染,,解析文本拼接_表格清洗增强_02_021-040.md,021_佛山市锐拓新材料有限公司新建项目_01_受理公告或公示版
PL022,PL022_佛山市锐拓新材料有限公司新建项目_01_受理公告或公示版.pdf,38,4,45,完整,1.0,物排放标准 | 》 | 2000无 | 量,,解析文本拼接_表格清洗增强_02_021-040.md,021_佛山市锐拓新材料有限公司新建项目_01_受理公告或公示版
PL022,PL022_佛山市锐拓新材料有限公司新建项目_01_受理公告或公示版.pdf,38,4,47,完整,1.0,2 | 1 / | （ ） | 相应 | 纲 | /,,解析文本拼接_表格清洗增强_02_021-040.md,021_佛山市锐拓新材料有限公司新建项目_01_受理公告或公示版
PL022,PL022_佛山市锐拓新材料有限公司新建项目_01_受理公告或公示版.pdf,38,4,50,完整,1.0,厂界上 | 下 | 广东省《大气污 | 染物,,解析文本拼接_表格清洗增强_02_021-040.md,021_佛山市锐拓新材料有限公司新建项目_01_受理公告或公示版
PL022,PL022_佛山市锐拓新材料有限公司新建项目_01_受理公告或公示版.pdf,38,4,52,完整,1.0,3 | 风向 | 1 / | 排放限值》 | 1.0 | /,,解析文本拼接_表格清洗增强_02_021-040.md,021_佛山市锐拓新材料有限公司新建项目_01_受理公告或公示版
PL022,PL022_佛山市锐拓新材料有限公司新建项目_01_受理公告或公示版.pdf,39,1,2,完整,1.0,"4 | 臭气浓度 | 1次/年 | 恶臭达到《恶臭污染
物排放标准》
（GB14554-93）相应
标准 | 20无量纲 | /",,解析文本拼接_表格清洗增强_02_021-040.md,021_佛山市锐拓新材料有限公司新建项目_01_受理公告或公示版
PL022,PL022_佛山市锐拓新材料有限公司新建项目_01_受理公告或公示版.pdf,39,1,3,完整,1.0,"5 | 厂区内 | NMHC | 1次/年 | 《挥发性有机物无组
织控制标准》
（GB37822-2019） | 6，监控点
处1h平均
浓度值 | /",,解析文本拼接_表格清洗增强_02_021-040.md,021_佛山市锐拓新材料有限公司新建项目_01_受理公告或公示版
PL022,PL022_佛山市锐拓新材料有限公司新建项目_01_受理公告或公示版.pdf,39,1,4,完整,1.0,"6 | 20，监控点
处任意一
次浓度值 | /",,解析文本拼接_表格清洗增强_02_021-040.md,021_佛山市锐拓新材料有限公司新建项目_01_受理公告或公示版
PL022,PL022_佛山市锐拓新材料有限公司新建项目_01_受理公告或公示版.pdf,39,2,5,疑似缺失,0.333,4 1 / | （ ）相应 | 20,4 1 /；（ ）相应,解析文本拼接_表格清洗增强_02_021-040.md,021_佛山市锐拓新材料有限公司新建项目_01_受理公告或公示版
PL022,PL022_佛山市锐拓新材料有限公司新建项目_01_受理公告或公示版.pdf,39,2,9,完整,1.0,5 | 处1h平均,,解析文本拼接_表格清洗增强_02_021-040.md,021_佛山市锐拓新材料有限公司新建项目_01_受理公告或公示版
PL022,PL022_佛山市锐拓新材料有限公司新建项目_01_受理公告或公示版.pdf,39,2,12,疑似缺失,0.5,厂区内 1次/年 | 织控制标准》,厂区内 1次/年,解析文本拼接_表格清洗增强_02_021-040.md,021_佛山市锐拓新材料有限公司新建项目_01_受理公告或公示版
PL022,PL022_佛山市锐拓新材料有限公司新建项目_01_受理公告或公示版.pdf,39,2,14,完整,1.0,（GB37822-2019） | 20,,解析文本拼接_表格清洗增强_02_021-040.md,021_佛山市锐拓新材料有限公司新建项目_01_受理公告或公示版
PL022,PL022_佛山市锐拓新材料有限公司新建项目_01_受理公告或公示版.pdf,40,1,2,完整,1.0,"排放口
编号 | 排放口类
型 | 排放口地理坐标 | 废水排放
量/t/a | 排放去向 | 排放规律 | 受纳污水处理厂信息",,解析文本拼接_表格清洗增强_02_021-040.md,021_佛山市锐拓新材料有限公司新建项目_01_受理公告或公示版
PL022,PL022_佛山市锐拓新材料有限公司新建项目_01_受理公告或公示版.pdf,40,1,3,完整,1.0,"名 称 | 污染物种类 | 国家或地
方污染物
排放标准",,解析文本拼接_表格清洗增强_02_021-040.md,021_佛山市锐拓新材料有限公司新建项目_01_受理公告或公示版
PL022,PL022_佛山市锐拓新材料有限公司新建项目_01_受理公告或公示版.pdf,40,2,1,完整,1.0,"产
排
污
环
节 | 类
别 | 污染
物种
类 | 污染物产生 | 治理措施 | 排
放
去
向 | 污染物排放 | 排
放
方
式",,解析文本拼接_表格清洗增强_02_021-040.md,021_佛山市锐拓新材料有限公司新建项目_01_受理公告或公示版
PL022,PL022_佛山市锐拓新材料有限公司新建项目_01_受理公告或公示版.pdf,40,2,2,完整,1.0,"核
算
方
法 | 废水产
生量（m
³/a） | 产生浓
度
（mg/L） | 产生
量
（t/a） | 处
理
能
力 | 各
级
治
理
工
艺 | 处理
效率
（%） | 总
治
理
工
艺 | 总治
理效
率
（%） | 是
否
为
可
行
技
术 | 排放废
水量（m
³/a） | 排放浓
度
（mg/L） | 排放
量
（t/a）",,解析文本拼接_表格清洗增强_02_021-040.md,021_佛山市锐拓新材料有限公司新建项目_01_受理公告或公示版
PL022,PL022_佛山市锐拓新材料有限公司新建项目_01_受理公告或公示版.pdf,40,2,3,完整,1.0,"员
工
生
活 | 生
活
污
水 | COD
c
r | 系
数
法 | 180 | 250 | 0.0450 | / | / | / | 三
级
化
粪
池 | 15 | 是 | 杏
坛
污
水
处
理
站 | 180 | 212.5 | 0.0383 | 间
接
排
放",,解析文本拼接_表格清洗增强_02_021-040.md,021_佛山市锐拓新材料有限公司新建项目_01_受理公告或公示版
PL022,PL022_佛山市锐拓新材料有限公司新建项目_01_受理公告或公示版.pdf,40,2,4,完整,1.0,"BOD
5 | 150 | 0.0270 | 9 | 145.5 | 0.0262",,解析文本拼接_表格清洗增强_02_021-040.md,021_佛山市锐拓新材料有限公司新建项目_01_受理公告或公示版
PL022,PL022_佛山市锐拓新材料有限公司新建项目_01_受理公告或公示版.pdf,40,2,5,完整,1.0,SS | 150 | 0.0270 | 50 | 75 | 0.0135,,解析文本拼接_表格清洗增强_02_021-040.md,021_佛山市锐拓新材料有限公司新建项目_01_受理公告或公示版
PL022,PL022_佛山市锐拓新材料有限公司新建项目_01_受理公告或公示版.pdf,40,2,6,完整,1.0,氨氮 | 25 | 0.0045 | 3 | 24.25 | 0.0044,,解析文本拼接_表格清洗增强_02_021-040.md,021_佛山市锐拓新材料有限公司新建项目_01_受理公告或公示版
PL022,PL022_佛山市锐拓新材料有限公司新建项目_01_受理公告或公示版.pdf,40,3,1,完整,1.0,运营 | 2、废水,,解析文本拼接_表格清洗增强_02_021-040.md,021_佛山市锐拓新材料有限公司新建项目_01_受理公告或公示版
PL022,PL022_佛山市锐拓新材料有限公司新建项目_01_受理公告或公示版.pdf,40,3,5,完整,1.0,响和 | 本项目废水污染物产排情况见下表：,,解析文本拼接_表格清洗增强_02_021-040.md,021_佛山市锐拓新材料有限公司新建项目_01_受理公告或公示版
PL022,PL022_佛山市锐拓新材料有限公司新建项目_01_受理公告或公示版.pdf,40,3,7,部分,0.857,表 废水污染 | 源 | 源强 | 核算结果 | 及相 | 关参数一 | 览表,表 废水污染,解析文本拼接_表格清洗增强_02_021-040.md,021_佛山市锐拓新材料有限公司新建项目_01_受理公告或公示版
PL022,PL022_佛山市锐拓新材料有限公司新建项目_01_受理公告或公示版.pdf,40,3,10,完整,1.0,污染物产生 | 治理措 | 施 | 污 | 染物排 | 放,,解析文本拼接_表格清洗增强_02_021-040.md,021_佛山市锐拓新材料有限公司新建项目_01_受理公告或公示版
PL022,PL022_佛山市锐拓新材料有限公司新建项目_01_受理公告或公示版.pdf,40,3,12,部分,0.889,"排
污 | 污染
类
物种 核 | 处 | 各
级 | 总 | 总治 | 是
否 | 排
放 | 排
放","污染
类
物种 核",解析文本拼接_表格清洗增强_02_021-040.md,021_佛山市锐拓新材料有限公司新建项目_01_受理公告或公示版
PL022,PL022_佛山市锐拓新材料有限公司新建项目_01_受理公告或公示版.pdf,40,3,13,部分,0.923,"环 | 别 废水产 产生浓 产生
类 算
生量（m 度 量
方 | 理
能 | 治
理 | 处理
效率 | 治
理 | 理效
率 | 为
可 | 去
向 | 排放废
水量（m | 排放浓
度 | 排放
量 | 方
式","别 废水产 产生浓 产生
类 算
生量（m 度 量
方",解析文本拼接_表格清洗增强_02_021-040.md,021_佛山市锐拓新材料有限公司新建项目_01_受理公告或公示版
PL022,PL022_佛山市锐拓新材料有限公司新建项目_01_受理公告或公示版.pdf,40,3,20,完整,1.0,250 0.0450 | 15 | 杏 | 212.5 | 0.0383,,解析文本拼接_表格清洗增强_02_021-040.md,021_佛山市锐拓新材料有限公司新建项目_01_受理公告或公示版
PL022,PL022_佛山市锐拓新材料有限公司新建项目_01_受理公告或公示版.pdf,40,3,24,部分,0.833,"系
BOD 150 0.0270 | 级 | 9 | 污 | 145.5 | 0.0262","系
BOD 150 0.0270",解析文本拼接_表格清洗增强_02_021-040.md,021_佛山市锐拓新材料有限公司新建项目_01_受理公告或公示版
PL022,PL022_佛山市锐拓新材料有限公司新建项目_01_受理公告或公示版.pdf,40,3,27,部分,0.857,"生 | 180
污 | / | / | / | 180 | 排","180
污",解析文本拼接_表格清洗增强_02_021-040.md,021_佛山市锐拓新材料有限公司新建项目_01_受理公告或公示版
PL022,PL022_佛山市锐拓新材料有限公司新建项目_01_受理公告或公示版.pdf,40,3,30,完整,1.0,SS 150 0.0270 | 池 | 50 | 理 | 75 | 0.0135,,解析文本拼接_表格清洗增强_02_021-040.md,021_佛山市锐拓新材料有限公司新建项目_01_受理公告或公示版
PL022,PL022_佛山市锐拓新材料有限公司新建项目_01_受理公告或公示版.pdf,40,3,32,完整,1.0,氨氮 25 0.0045 | 3 | 24.25 | 0.0044,,解析文本拼接_表格清洗增强_02_021-040.md,021_佛山市锐拓新材料有限公司新建项目_01_受理公告或公示版
PL022,PL022_佛山市锐拓新材料有限公司新建项目_01_受理公告或公示版.pdf,40,3,33,完整,1.0,备 | 注：根据《排污许可证申请与核发技术规范 总则 | 》（ | HJ94 | 2-2018） | ，化 | 粪池属 | 于生 | 活污 | 水治理可行技 | 术。,,解析文本拼接_表格清洗增强_02_021-040.md,021_佛山市锐拓新材料有限公司新建项目_01_受理公告或公示版
PL022,PL022_佛山市锐拓新材料有限公司新建项目_01_受理公告或公示版.pdf,40,3,34,完整,1.0,表4-9 | 废 | 水排 | 放口基 | 本情 | 况一览表,,解析文本拼接_表格清洗增强_02_021-040.md,021_佛山市锐拓新材料有限公司新建项目_01_受理公告或公示版
PL022,PL022_佛山市锐拓新材料有限公司新建项目_01_受理公告或公示版.pdf,40,3,36,部分,0.75,"排放 | 排放口地理坐标
口排放口类 废水排放 | 国家 | 或地","排放口地理坐标
口排放口类 废水排放",解析文本拼接_表格清洗增强_02_021-040.md,021_佛山市锐拓新材料有限公司新建项目_01_受理公告或公示版
PL022,PL022_佛山市锐拓新材料有限公司新建项目_01_受理公告或公示版.pdf,40,3,38,部分,0.875,编 | 号 型 量/t/a | 名 | 称 | 污 | 染物种类 | 方污 | 染物,号 型 量/t/a,解析文本拼接_表格清洗增强_02_021-040.md,021_佛山市锐拓新材料有限公司新建项目_01_受理公告或公示版
PL022,PL022_佛山市锐拓新材料有限公司新建项目_01_受理公告或公示版.pdf,41,1,1,部分,0.9,"经市政管网 《水污染物排放限值》
一般排 杏坛污水 COD 、BOD
DW001 113.186008° 22.774259° 180 排入杏坛污 间断排放 Cr 5（DB44/26-2001）第二
放口 处理厂 、SS、NH -N
水处理厂 3 时段三级标准
表4-10 废水监测点位、监测指标、监测方式及监测频次一览表
监测点位 监测因子 监测频次（间接排","COD 、BOD
Cr 5
、SS、NH -N
3",解析文本拼接_表格清洗增强_02_021-040.md,021_佛山市锐拓新材料有限公司新建项目_01_受理公告或公示版
PL022,PL022_佛山市锐拓新材料有限公司新建项目_01_受理公告或公示版.pdf,41,1,2,完整,1.0,监测点位 | 监测因子 | 监测频次（间接排放口） | 实施主体 | 执行标准,,解析文本拼接_表格清洗增强_02_021-040.md,021_佛山市锐拓新材料有限公司新建项目_01_受理公告或公示版
PL022,PL022_佛山市锐拓新材料有限公司新建项目_01_受理公告或公示版.pdf,41,1,3,部分,0.8,"生活污水排放口 | CODcr、BOD 、SS、氨
5
氮、pH、流量 | / | / | 《水污染物排放限值》
（DB44/26-2001）第二
时段三级标准","CODcr、BOD 、SS、氨
5
氮、pH、流量",解析文本拼接_表格清洗增强_02_021-040.md,021_佛山市锐拓新材料有限公司新建项目_01_受理公告或公示版
PL022,PL022_佛山市锐拓新材料有限公司新建项目_01_受理公告或公示版.pdf,41,2,1,完整,1.0,经市政管网 | 《水污染物排放限值,,解析文本拼接_表格清洗增强_02_021-040.md,021_佛山市锐拓新材料有限公司新建项目_01_受理公告或公示版
PL022,PL022_佛山市锐拓新材料有限公司新建项目_01_受理公告或公示版.pdf,41,2,2,疑似缺失,0.0,"杏坛污水 COD 、BOD
排入杏坛污 间断排放 Cr | 5（DB44/26-2001）第","杏坛污水 COD 、BOD
排入杏坛污 间断排放 Cr；5（DB44/26-2001）第",解析文本拼接_表格清洗增强_02_021-040.md,021_佛山市锐拓新材料有限公司新建项目_01_受理公告或公示版
PL022,PL022_佛山市锐拓新材料有限公司新建项目_01_受理公告或公示版.pdf,41,2,3,疑似缺失,0.5,"处理厂 、SS、NH -N
水处理厂 3 | 时段三级标准","处理厂 、SS、NH -N
水处理厂 3",解析文本拼接_表格清洗增强_02_021-040.md,021_佛山市锐拓新材料有限公司新建项目_01_受理公告或公示版
PL022,PL022_佛山市锐拓新材料有限公司新建项目_01_受理公告或公示版.pdf,41,2,5,完整,1.0,监测频次（间接排放口） 实施主体 | 执行标准,,解析文本拼接_表格清洗增强_02_021-040.md,021_佛山市锐拓新材料有限公司新建项目_01_受理公告或公示版
PL022,PL022_佛山市锐拓新材料有限公司新建项目_01_受理公告或公示版.pdf,41,2,8,完整,1.0,/ / | DB44/26-2001,,解析文本拼接_表格清洗增强_02_021-040.md,021_佛山市锐拓新材料有限公司新建项目_01_受理公告或公示版
PL022,PL022_佛山市锐拓新材料有限公司新建项目_01_受理公告或公示版.pdf,42,2,1,完整,1.0,"进塔大气
温度（℃） | -10 | 0 | 10 | 20 | 30 | 40",,解析文本拼接_表格清洗增强_02_021-040.md,021_佛山市锐拓新材料有限公司新建项目_01_受理公告或公示版
PL022,PL022_佛山市锐拓新材料有限公司新建项目_01_受理公告或公示版.pdf,42,2,2,完整,1.0,K（1/℃） | 0.0008 | 0.0010 | 0.0012 | 0.0014 | 0.0015 | 0.0016,,解析文本拼接_表格清洗增强_02_021-040.md,021_佛山市锐拓新材料有限公司新建项目_01_受理公告或公示版
PL022,PL022_佛山市锐拓新材料有限公司新建项目_01_受理公告或公示版.pdf,43,2,2,完整,1.0,1 | pH（无量纲） | 7.2 | 6~9 | 达标,,解析文本拼接_表格清洗增强_02_021-040.md,021_佛山市锐拓新材料有限公司新建项目_01_受理公告或公示版
PL022,PL022_佛山市锐拓新材料有限公司新建项目_01_受理公告或公示版.pdf,43,2,3,完整,1.0,2 | 色度（倍） | 5 | <15 | 达标,,解析文本拼接_表格清洗增强_02_021-040.md,021_佛山市锐拓新材料有限公司新建项目_01_受理公告或公示版
PL022,PL022_佛山市锐拓新材料有限公司新建项目_01_受理公告或公示版.pdf,43,2,4,完整,1.0,3 | 阴离子表面活性剂（mg/L） | <0.05 | <0.5 | 达标,,解析文本拼接_表格清洗增强_02_021-040.md,021_佛山市锐拓新材料有限公司新建项目_01_受理公告或公示版
PL022,PL022_佛山市锐拓新材料有限公司新建项目_01_受理公告或公示版.pdf,43,2,5,完整,1.0,4 | 氨氮 | 1.25 | <5 | 达标,,解析文本拼接_表格清洗增强_02_021-040.md,021_佛山市锐拓新材料有限公司新建项目_01_受理公告或公示版
PL022,PL022_佛山市锐拓新材料有限公司新建项目_01_受理公告或公示版.pdf,43,2,6,完整,1.0,5 | 浊度（度） | 0.99 | <5 | 达标,,解析文本拼接_表格清洗增强_02_021-040.md,021_佛山市锐拓新材料有限公司新建项目_01_受理公告或公示版
PL022,PL022_佛山市锐拓新材料有限公司新建项目_01_受理公告或公示版.pdf,43,2,7,完整,1.0,6 | 溶剂性固体 | 270 | <1000 | 达标,,解析文本拼接_表格清洗增强_02_021-040.md,021_佛山市锐拓新材料有限公司新建项目_01_受理公告或公示版
PL022,PL022_佛山市锐拓新材料有限公司新建项目_01_受理公告或公示版.pdf,43,2,8,完整,1.0,7 | 五日生活需氧量 | 1.3 | <10 | 达标,,解析文本拼接_表格清洗增强_02_021-040.md,021_佛山市锐拓新材料有限公司新建项目_01_受理公告或公示版
PL022,PL022_佛山市锐拓新材料有限公司新建项目_01_受理公告或公示版.pdf,45,2,1,完整,1.0,"噪声源 | 数量 | 声源类
型
（偶发、
频发等） | 噪声源强 | 降噪措施 | 噪声排放量 | 持续
时间
（h）",,解析文本拼接_表格清洗增强_02_021-040.md,021_佛山市锐拓新材料有限公司新建项目_01_受理公告或公示版
PL022,PL022_佛山市锐拓新材料有限公司新建项目_01_受理公告或公示版.pdf,45,2,2,完整,1.0,"核算
方法 | 单台声源
值（dB(A)） | 工艺 | 降噪效果
（dB(A)） | 核算
方法 | 声源值
（dB(A)）",,解析文本拼接_表格清洗增强_02_021-040.md,021_佛山市锐拓新材料有限公司新建项目_01_受理公告或公示版
PL022,PL022_佛山市锐拓新材料有限公司新建项目_01_受理公告或公示版.pdf,45,2,3,完整,1.0,"挤出生产
线 | 3 | 频发 | 类比 | 75 | 隔声窗隔声 | 25 | 类比 | 50 | 8h/d",,解析文本拼接_表格清洗增强_02_021-040.md,021_佛山市锐拓新材料有限公司新建项目_01_受理公告或公示版
PL022,PL022_佛山市锐拓新材料有限公司新建项目_01_受理公告或公示版.pdf,45,2,4,完整,1.0,破碎机 | 3 | 偶发 | 类比 | 80 | 隔声窗隔声 | 25 | 类比 | 55 | 2h/d,,解析文本拼接_表格清洗增强_02_021-040.md,021_佛山市锐拓新材料有限公司新建项目_01_受理公告或公示版
PL022,PL022_佛山市锐拓新材料有限公司新建项目_01_受理公告或公示版.pdf,46,2,1,完整,1.0,混料机 | 2 | 频发 | 类比 | 80 | 隔声窗隔声 | 25 | 类比 | 55 | 8h/d,,解析文本拼接_表格清洗增强_02_021-040.md,021_佛山市锐拓新材料有限公司新建项目_01_受理公告或公示版
PL022,PL022_佛山市锐拓新材料有限公司新建项目_01_受理公告或公示版.pdf,46,2,2,完整,1.0,空压机 | 2 | 频发 | 类比 | 80 | 隔声窗隔声 | 25 | 类比 | 55 | 8h/d,,解析文本拼接_表格清洗增强_02_021-040.md,021_佛山市锐拓新材料有限公司新建项目_01_受理公告或公示版
PL022,PL022_佛山市锐拓新材料有限公司新建项目_01_受理公告或公示版.pdf,47,2,1,完整,1.0,叠加后噪声值 | 距声源不同距离处的噪声值,,解析文本拼接_表格清洗增强_02_021-040.md,021_佛山市锐拓新材料有限公司新建项目_01_受理公告或公示版
PL022,PL022_佛山市锐拓新材料有限公司新建项目_01_受理公告或公示版.pdf,47,2,2,完整,1.0,8m | 15m | 10m | 20m,,解析文本拼接_表格清洗增强_02_021-040.md,021_佛山市锐拓新材料有限公司新建项目_01_受理公告或公示版
PL022,PL022_佛山市锐拓新材料有限公司新建项目_01_受理公告或公示版.pdf,47,2,3,完整,1.0,82.5 | 68.5 | 60.5 | 65.3 | 58.2,,解析文本拼接_表格清洗增强_02_021-040.md,021_佛山市锐拓新材料有限公司新建项目_01_受理公告或公示版
PL022,PL022_佛山市锐拓新材料有限公司新建项目_01_受理公告或公示版.pdf,47,2,5,完整,1.0,贡献值 | 35.2 | 36.1 | 33.8 | 35.2,,解析文本拼接_表格清洗增强_02_021-040.md,021_佛山市锐拓新材料有限公司新建项目_01_受理公告或公示版
PL022,PL022_佛山市锐拓新材料有限公司新建项目_01_受理公告或公示版.pdf,47,3,1,完整,1.0,"噪声源到厂界距离（m） | 预测点位 | 预测时段 | 贡献值/dB
（A） | 标准限值
/dB（A） | 达标情况",,解析文本拼接_表格清洗增强_02_021-040.md,021_佛山市锐拓新材料有限公司新建项目_01_受理公告或公示版
PL022,PL022_佛山市锐拓新材料有限公司新建项目_01_受理公告或公示版.pdf,47,3,2,完整,1.0,8 | 厂界东 | 昼间 | 35.2 | 65 | 达标,,解析文本拼接_表格清洗增强_02_021-040.md,021_佛山市锐拓新材料有限公司新建项目_01_受理公告或公示版
PL022,PL022_佛山市锐拓新材料有限公司新建项目_01_受理公告或公示版.pdf,47,3,3,完整,1.0,15 | 厂界南 | 昼间 | 36.1 | 达标,,解析文本拼接_表格清洗增强_02_021-040.md,021_佛山市锐拓新材料有限公司新建项目_01_受理公告或公示版
PL022,PL022_佛山市锐拓新材料有限公司新建项目_01_受理公告或公示版.pdf,47,3,4,完整,1.0,10 | 厂界西 | 昼间 | 33.8 | 达标,,解析文本拼接_表格清洗增强_02_021-040.md,021_佛山市锐拓新材料有限公司新建项目_01_受理公告或公示版
PL022,PL022_佛山市锐拓新材料有限公司新建项目_01_受理公告或公示版.pdf,47,3,5,完整,1.0,20 | 厂界北 | 昼间 | 35.2 | 达标,,解析文本拼接_表格清洗增强_02_021-040.md,021_佛山市锐拓新材料有限公司新建项目_01_受理公告或公示版
PL022,PL022_佛山市锐拓新材料有限公司新建项目_01_受理公告或公示版.pdf,47,4,2,疑似缺失,0.0,"   
L T L T |  TL 6 ","   
L T L T； TL 6 ",解析文本拼接_表格清洗增强_02_021-040.md,021_佛山市锐拓新材料有限公司新建项目_01_受理公告或公示版
PL022,PL022_佛山市锐拓新材料有限公司新建项目_01_受理公告或公示版.pdf,47,4,3,疑似缺失,0.5,P2i P1i | i,P2i P1i,解析文本拼接_表格清洗增强_02_021-040.md,021_佛山市锐拓新材料有限公司新建项目_01_受理公告或公示版
PL022,PL022_佛山市锐拓新材料有限公司新建项目_01_受理公告或公示版.pdf,47,4,10,疑似缺失,0.0,L  L  T 1 | 0lgs,L  L  T 1；0lgs,解析文本拼接_表格清洗增强_02_021-040.md,021_佛山市锐拓新材料有限公司新建项目_01_受理公告或公示版
PL022,PL022_佛山市锐拓新材料有限公司新建项目_01_受理公告或公示版.pdf,47,4,13,完整,1.0,（3）对 | 两个以上多个声 | 源同时存在时，多点源叠 | 加计算总源强 | ，采用如下 | 公式：,,解析文本拼接_表格清洗增强_02_021-040.md,021_佛山市锐拓新材料有限公司新建项目_01_受理公告或公示版
PL022,PL022_佛山市锐拓新材料有限公司新建项目_01_受理公告或公示版.pdf,47,4,14,疑似缺失,0.0,L 10log1 | 00.1li,L 10log1；00.1li,解析文本拼接_表格清洗增强_02_021-040.md,021_佛山市锐拓新材料有限公司新建项目_01_受理公告或公示版
PL022,PL022_佛山市锐拓新材料有限公司新建项目_01_受理公告或公示版.pdf,47,4,18,完整,1.0,项目最 | 大噪声源是生产 | 设备和风机运行时产生的 | 噪声，且噪声 | 源均处于生 | 产车间内。,,解析文本拼接_表格清洗增强_02_021-040.md,021_佛山市锐拓新材料有限公司新建项目_01_受理公告或公示版
PL022,PL022_佛山市锐拓新材料有限公司新建项目_01_受理公告或公示版.pdf,47,4,20,完整,1.0,情况下 | ，当Q值取为1 | 时，平均吸声系数取值为 | 0.2时，经叠 | 加后生产车 | 间噪声约为,,解析文本拼接_表格清洗增强_02_021-040.md,021_佛山市锐拓新材料有限公司新建项目_01_受理公告或公示版
PL022,PL022_佛山市锐拓新材料有限公司新建项目_01_受理公告或公示版.pdf,47,4,21,完整,1.0,dB(A)， | 根据点声源距离 | 衰减公式：L2=L1-20lg(r2/r | 1)，并根据《隔 | 声窗》（HJ/ | T17-1996），,,解析文本拼接_表格清洗增强_02_021-040.md,021_佛山市锐拓新材料有限公司新建项目_01_受理公告或公示版
PL022,PL022_佛山市锐拓新材料有限公司新建项目_01_受理公告或公示版.pdf,47,4,22,完整,1.0,降噪及 | 墙体隔声等综合 | 隔声量取25dB(A)，则噪声 | 源在不同距离 | 处噪声值如 | 下表所示：,,解析文本拼接_表格清洗增强_02_021-040.md,021_佛山市锐拓新材料有限公司新建项目_01_受理公告或公示版
PL022,PL022_佛山市锐拓新材料有限公司新建项目_01_受理公告或公示版.pdf,47,4,23,完整,1.0,表4-14 | 噪声源在不同距离处的噪 | 声值 单位：d | B(A),,解析文本拼接_表格清洗增强_02_021-040.md,021_佛山市锐拓新材料有限公司新建项目_01_受理公告或公示版
PL022,PL022_佛山市锐拓新材料有限公司新建项目_01_受理公告或公示版.pdf,47,4,24,完整,1.0,距声源不 | 同距离处的噪 | 声值,,解析文本拼接_表格清洗增强_02_021-040.md,021_佛山市锐拓新材料有限公司新建项目_01_受理公告或公示版
PL022,PL022_佛山市锐拓新材料有限公司新建项目_01_受理公告或公示版.pdf,47,4,25,完整,1.0,叠加后 | 噪声值,,解析文本拼接_表格清洗增强_02_021-040.md,021_佛山市锐拓新材料有限公司新建项目_01_受理公告或公示版
PL022,PL022_佛山市锐拓新材料有限公司新建项目_01_受理公告或公示版.pdf,47,4,26,完整,1.0,8m 15m | 10m | 20m,,解析文本拼接_表格清洗增强_02_021-040.md,021_佛山市锐拓新材料有限公司新建项目_01_受理公告或公示版
PL022,PL022_佛山市锐拓新材料有限公司新建项目_01_受理公告或公示版.pdf,47,4,27,完整,1.0,82 | .5 | 68.5 60.5 | 65.3 | 58.2,,解析文本拼接_表格清洗增强_02_021-040.md,021_佛山市锐拓新材料有限公司新建项目_01_受理公告或公示版
PL022,PL022_佛山市锐拓新材料有限公司新建项目_01_受理公告或公示版.pdf,47,4,28,完整,1.0,采 | 取设备降噪及墙体隔声等 | 措施后噪声值,,解析文本拼接_表格清洗增强_02_021-040.md,021_佛山市锐拓新材料有限公司新建项目_01_受理公告或公示版
PL022,PL022_佛山市锐拓新材料有限公司新建项目_01_受理公告或公示版.pdf,47,4,29,完整,1.0,贡献 | 值 | 35.2 36.1 | 33.8 | 35.2,,解析文本拼接_表格清洗增强_02_021-040.md,021_佛山市锐拓新材料有限公司新建项目_01_受理公告或公示版
PL022,PL022_佛山市锐拓新材料有限公司新建项目_01_受理公告或公示版.pdf,47,4,30,完整,1.0,根据等 | 效噪声源到四周 | 厂界的距离、并考虑采取 | 隔声降噪措施 | 后，项目夜 | 间不生产，,,解析文本拼接_表格清洗增强_02_021-040.md,021_佛山市锐拓新材料有限公司新建项目_01_受理公告或公示版
PL022,PL022_佛山市锐拓新材料有限公司新建项目_01_受理公告或公示版.pdf,47,4,31,完整,1.0,测项目 | 运营期昼间噪声 | 贡献值见下表。,,解析文本拼接_表格清洗增强_02_021-040.md,021_佛山市锐拓新材料有限公司新建项目_01_受理公告或公示版
PL022,PL022_佛山市锐拓新材料有限公司新建项目_01_受理公告或公示版.pdf,47,4,32,完整,1.0,表 | 4-15 等效噪声源对四周 | 厂界噪声贡献 | 值,,解析文本拼接_表格清洗增强_02_021-040.md,021_佛山市锐拓新材料有限公司新建项目_01_受理公告或公示版
PL022,PL022_佛山市锐拓新材料有限公司新建项目_01_受理公告或公示版.pdf,47,4,33,完整,1.0,贡献值 | 标准限值,,解析文本拼接_表格清洗增强_02_021-040.md,021_佛山市锐拓新材料有限公司新建项目_01_受理公告或公示版
PL022,PL022_佛山市锐拓新材料有限公司新建项目_01_受理公告或公示版.pdf,47,4,37,完整,1.0,8 | 厂界东 昼间 | 35.2 | 达标,,解析文本拼接_表格清洗增强_02_021-040.md,021_佛山市锐拓新材料有限公司新建项目_01_受理公告或公示版
PL022,PL022_佛山市锐拓新材料有限公司新建项目_01_受理公告或公示版.pdf,47,4,38,完整,1.0,15 | 厂界南 昼间 | 36.1 | 达标,,解析文本拼接_表格清洗增强_02_021-040.md,021_佛山市锐拓新材料有限公司新建项目_01_受理公告或公示版
PL022,PL022_佛山市锐拓新材料有限公司新建项目_01_受理公告或公示版.pdf,47,4,40,完整,1.0,10 | 厂界西 昼间 | 33.8 | 达标,,解析文本拼接_表格清洗增强_02_021-040.md,021_佛山市锐拓新材料有限公司新建项目_01_受理公告或公示版
PL022,PL022_佛山市锐拓新材料有限公司新建项目_01_受理公告或公示版.pdf,47,4,41,完整,1.0,20 | 厂界北 昼间 | 35.2 | 达标,,解析文本拼接_表格清洗增强_02_021-040.md,021_佛山市锐拓新材料有限公司新建项目_01_受理公告或公示版
PL022,PL022_佛山市锐拓新材料有限公司新建项目_01_受理公告或公示版.pdf,48,2,1,完整,1.0,"监测点位 | 监测时
段 | 监测频次 | 执行排放标准名称 | 厂界噪声排放限值",,解析文本拼接_表格清洗增强_02_021-040.md,021_佛山市锐拓新材料有限公司新建项目_01_受理公告或公示版
PL022,PL022_佛山市锐拓新材料有限公司新建项目_01_受理公告或公示版.pdf,48,2,3,完整,1.0,"厂界东面N1 | 昼 | 1次/季度 | 《工业企业厂界环境噪声
排放标准》（GB12348-2008）
中的3类标准 | 65",,解析文本拼接_表格清洗增强_02_021-040.md,021_佛山市锐拓新材料有限公司新建项目_01_受理公告或公示版
PL022,PL022_佛山市锐拓新材料有限公司新建项目_01_受理公告或公示版.pdf,50,2,2,完整,1.0,设计风量 | 5000m³/h | / | /,,解析文本拼接_表格清洗增强_02_021-040.md,021_佛山市锐拓新材料有限公司新建项目_01_受理公告或公示版
PL022,PL022_佛山市锐拓新材料有限公司新建项目_01_受理公告或公示版.pdf,50,2,3,完整,1.0,活性炭吸附 | 装置尺寸（m） | 2×2×1. | / | 符合,,解析文本拼接_表格清洗增强_02_021-040.md,021_佛山市锐拓新材料有限公司新建项目_01_受理公告或公示版
PL022,PL022_佛山市锐拓新材料有限公司新建项目_01_受理公告或公示版.pdf,50,2,4,完整,1.0,"活性炭填充尺寸（m） | 0.6×0.5×0.3×8
个 | / | /",,解析文本拼接_表格清洗增强_02_021-040.md,021_佛山市锐拓新材料有限公司新建项目_01_受理公告或公示版
PL022,PL022_佛山市锐拓新材料有限公司新建项目_01_受理公告或公示版.pdf,50,2,5,完整,1.0,活性炭种类 | 颗粒状 | / | /,,解析文本拼接_表格清洗增强_02_021-040.md,021_佛山市锐拓新材料有限公司新建项目_01_受理公告或公示版
PL022,PL022_佛山市锐拓新材料有限公司新建项目_01_受理公告或公示版.pdf,50,2,6,完整,1.0,活性炭密度（g/cm3） | 0.4 | / | /,,解析文本拼接_表格清洗增强_02_021-040.md,021_佛山市锐拓新材料有限公司新建项目_01_受理公告或公示版
PL022,PL022_佛山市锐拓新材料有限公司新建项目_01_受理公告或公示版.pdf,50,2,7,完整,1.0,单层活性炭厚度（m） | 0.3 | ≥300mm | 符合,,解析文本拼接_表格清洗增强_02_021-040.md,021_佛山市锐拓新材料有限公司新建项目_01_受理公告或公示版
PL022,PL022_佛山市锐拓新材料有限公司新建项目_01_受理公告或公示版.pdf,50,2,8,完整,1.0,碳层数量（层） | 2 | / | /,,解析文本拼接_表格清洗增强_02_021-040.md,021_佛山市锐拓新材料有限公司新建项目_01_受理公告或公示版
PL022,PL022_佛山市锐拓新材料有限公司新建项目_01_受理公告或公示版.pdf,50,2,9,完整,1.0,过滤风速（m/s） | 0.6 | ＜0.6m/s | 符合,,解析文本拼接_表格清洗增强_02_021-040.md,021_佛山市锐拓新材料有限公司新建项目_01_受理公告或公示版
PL022,PL022_佛山市锐拓新材料有限公司新建项目_01_受理公告或公示版.pdf,50,2,10,完整,1.0,停留时间（s） | 1.0 | 0.5-1s | 符合,,解析文本拼接_表格清洗增强_02_021-040.md,021_佛山市锐拓新材料有限公司新建项目_01_受理公告或公示版
PL022,PL022_佛山市锐拓新材料有限公司新建项目_01_受理公告或公示版.pdf,50,2,11,完整,1.0,活性炭装载量（t） | 0.288 | / | /,,解析文本拼接_表格清洗增强_02_021-040.md,021_佛山市锐拓新材料有限公司新建项目_01_受理公告或公示版
PL022,PL022_佛山市锐拓新材料有限公司新建项目_01_受理公告或公示版.pdf,50,2,12,完整,1.0,活性炭装载量（t） | 0.288 | / | /,,解析文本拼接_表格清洗增强_02_021-040.md,021_佛山市锐拓新材料有限公司新建项目_01_受理公告或公示版
PL022,PL022_佛山市锐拓新材料有限公司新建项目_01_受理公告或公示版.pdf,50,2,13,完整,1.0,更换频次（次/年） | 15 | / | /,,解析文本拼接_表格清洗增强_02_021-040.md,021_佛山市锐拓新材料有限公司新建项目_01_受理公告或公示版
PL022,PL022_佛山市锐拓新材料有限公司新建项目_01_受理公告或公示版.pdf,50,2,14,完整,1.0,活性炭更换量（t/a） | 4.32 | / | /,,解析文本拼接_表格清洗增强_02_021-040.md,021_佛山市锐拓新材料有限公司新建项目_01_受理公告或公示版
PL022,PL022_佛山市锐拓新材料有限公司新建项目_01_受理公告或公示版.pdf,50,2,15,完整,1.0,活性炭吸附量（t/a） | 0.271 | / | /,,解析文本拼接_表格清洗增强_02_021-040.md,021_佛山市锐拓新材料有限公司新建项目_01_受理公告或公示版
PL022,PL022_佛山市锐拓新材料有限公司新建项目_01_受理公告或公示版.pdf,50,2,16,完整,1.0,废活性炭产生量（t/a） | 4.591 | / | /,,解析文本拼接_表格清洗增强_02_021-040.md,021_佛山市锐拓新材料有限公司新建项目_01_受理公告或公示版
PL022,PL022_佛山市锐拓新材料有限公司新建项目_01_受理公告或公示版.pdf,52,2,1,完整,1.0,办公生活 | 生活垃圾 | / | t/a | 3,,解析文本拼接_表格清洗增强_02_021-040.md,021_佛山市锐拓新材料有限公司新建项目_01_受理公告或公示版
PL022,PL022_佛山市锐拓新材料有限公司新建项目_01_受理公告或公示版.pdf,52,2,2,完整,1.0,一般固废 | 废包装材料 | 900-099-S59 | t/a | 1.56,,解析文本拼接_表格清洗增强_02_021-040.md,021_佛山市锐拓新材料有限公司新建项目_01_受理公告或公示版
PL022,PL022_佛山市锐拓新材料有限公司新建项目_01_受理公告或公示版.pdf,52,2,3,完整,1.0,边角料 | 900-099-S59 | t/a | 19.5,,解析文本拼接_表格清洗增强_02_021-040.md,021_佛山市锐拓新材料有限公司新建项目_01_受理公告或公示版
PL022,PL022_佛山市锐拓新材料有限公司新建项目_01_受理公告或公示版.pdf,52,2,4,完整,1.0,次品 | 900-099-S59 | t/a | 19.5,,解析文本拼接_表格清洗增强_02_021-040.md,021_佛山市锐拓新材料有限公司新建项目_01_受理公告或公示版
PL022,PL022_佛山市锐拓新材料有限公司新建项目_01_受理公告或公示版.pdf,52,3,2,完整,1.0,"1 | 废
机
油 | HW08 | 900-217-08 | 0.25 | 设
备
维
修 | 液
态 | 机油 | 机
油 | 12
个
月 | T，I | 交
由
有
相
应
危
废
处
理
资
质
的
单
位
处
置",,解析文本拼接_表格清洗增强_02_021-040.md,021_佛山市锐拓新材料有限公司新建项目_01_受理公告或公示版
PL022,PL022_佛山市锐拓新材料有限公司新建项目_01_受理公告或公示版.pdf,52,3,3,完整,1.0,"2 | 废
含
油
废
抹
布
和
手
套 | HW49 | 900-041-49 | 0.01 | 设
备
维
修 | 固
态 | 机
油、
布 | 机
油 | 12
个
月 | T，
In",,解析文本拼接_表格清洗增强_02_021-040.md,021_佛山市锐拓新材料有限公司新建项目_01_受理公告或公示版
PL022,PL022_佛山市锐拓新材料有限公司新建项目_01_受理公告或公示版.pdf,52,3,4,完整,1.0,"3 | 废
机
油
桶 | HW08 | 900-249-08 | 0.025 | 包
装
物 | 固
态 | 机油 | 机
油 | 12
个
月 | T，
In",,解析文本拼接_表格清洗增强_02_021-040.md,021_佛山市锐拓新材料有限公司新建项目_01_受理公告或公示版
PL022,PL022_佛山市锐拓新材料有限公司新建项目_01_受理公告或公示版.pdf,52,3,5,完整,1.0,"4 | 废
活
性
炭 | HW49 | 900-039-49 | 4.591 | 废
气
治
理 | 固
体 | 有机
物 | 有
机
物 | 12
个
月 | T，I",,解析文本拼接_表格清洗增强_02_021-040.md,021_佛山市锐拓新材料有限公司新建项目_01_受理公告或公示版
PL022,PL022_佛山市锐拓新材料有限公司新建项目_01_受理公告或公示版.pdf,52,3,6,完整,1.0,"危险废
物量合
计 | -- | -- | 4.876 | -- | -- | -- | -- | -- | --",,解析文本拼接_表格清洗增强_02_021-040.md,021_佛山市锐拓新材料有限公司新建项目_01_受理公告或公示版
PL022,PL022_佛山市锐拓新材料有限公司新建项目_01_受理公告或公示版.pdf,52,4,1,完整,1.0,办公生活 | 生 | 活垃圾 | / | t/a | 3,,解析文本拼接_表格清洗增强_02_021-040.md,021_佛山市锐拓新材料有限公司新建项目_01_受理公告或公示版
PL022,PL022_佛山市锐拓新材料有限公司新建项目_01_受理公告或公示版.pdf,52,4,2,完整,1.0,废包 | 装材料 | 900-099-S59 | t/a | 1. | 56,,解析文本拼接_表格清洗增强_02_021-040.md,021_佛山市锐拓新材料有限公司新建项目_01_受理公告或公示版
PL022,PL022_佛山市锐拓新材料有限公司新建项目_01_受理公告或公示版.pdf,52,4,3,完整,1.0,一般固废 | 边 | 角料 | 900-099-S59 | t/a | 19 | .5,,解析文本拼接_表格清洗增强_02_021-040.md,021_佛山市锐拓新材料有限公司新建项目_01_受理公告或公示版
PL022,PL022_佛山市锐拓新材料有限公司新建项目_01_受理公告或公示版.pdf,52,4,4,完整,1.0,次品 | 900-099-S59 | t/a | 19 | .5,,解析文本拼接_表格清洗增强_02_021-040.md,021_佛山市锐拓新材料有限公司新建项目_01_受理公告或公示版
PL022,PL022_佛山市锐拓新材料有限公司新建项目_01_受理公告或公示版.pdf,52,4,5,完整,1.0,表4-19 | 项目危险废物产 | 生情况 | 表,,解析文本拼接_表格清洗增强_02_021-040.md,021_佛山市锐拓新材料有限公司新建项目_01_受理公告或公示版
PL022,PL022_佛山市锐拓新材料有限公司新建项目_01_受理公告或公示版.pdf,52,4,19,部分,0.714,"1 | HW08 | 900-217-08 | 0.25
维 | 态 | 油 | T I","0.25
维；T I",解析文本拼接_表格清洗增强_02_021-040.md,021_佛山市锐拓新材料有限公司新建项目_01_受理公告或公示版
PL022,PL022_佛山市锐拓新材料有限公司新建项目_01_受理公告或公示版.pdf,52,4,27,完整,1.0,备 | 固 | 机 | 12 | ，,,解析文本拼接_表格清洗增强_02_021-040.md,021_佛山市锐拓新材料有限公司新建项目_01_受理公告或公示版
PL022,PL022_佛山市锐拓新材料有限公司新建项目_01_受理公告或公示版.pdf,52,4,28,完整,1.0,2 | 抹 | HW49 | 900-041-49 | 0.01 | 油、 | 个 | T | 应,,解析文本拼接_表格清洗增强_02_021-040.md,021_佛山市锐拓新材料有限公司新建项目_01_受理公告或公示版
PL022,PL022_佛山市锐拓新材料有限公司新建项目_01_受理公告或公示版.pdf,52,4,36,完整,1.0,机 | 固 | 机 | 12 | 质,,解析文本拼接_表格清洗增强_02_021-040.md,021_佛山市锐拓新材料有限公司新建项目_01_受理公告或公示版
PL022,PL022_佛山市锐拓新材料有限公司新建项目_01_受理公告或公示版.pdf,52,4,37,部分,0.857,3 | HW08 | 900-249-08 | 0.025 装 | 机油 | 个 | T，,0.025 装,解析文本拼接_表格清洗增强_02_021-040.md,021_佛山市锐拓新材料有限公司新建项目_01_受理公告或公示版
PL022,PL022_佛山市锐拓新材料有限公司新建项目_01_受理公告或公示版.pdf,52,4,41,完整,1.0,活 | 气 | 固 | 有机 | 有 | 12 | 处,,解析文本拼接_表格清洗增强_02_021-040.md,021_佛山市锐拓新材料有限公司新建项目_01_受理公告或公示版
PL022,PL022_佛山市锐拓新材料有限公司新建项目_01_受理公告或公示版.pdf,52,4,42,部分,0.909,"4 | 性 | HW49 | 900-039-49 | 4.591
治 | 体 | 物 | 机 | 个 | T，I | 置","4.591
治",解析文本拼接_表格清洗增强_02_021-040.md,021_佛山市锐拓新材料有限公司新建项目_01_受理公告或公示版
PL022,PL022_佛山市锐拓新材料有限公司新建项目_01_受理公告或公示版.pdf,52,4,46,完整,1.0,物 | 量合 | -- | -- | 4.876 -- | -- | -- | -- | -- | --,,解析文本拼接_表格清洗增强_02_021-040.md,021_佛山市锐拓新材料有限公司新建项目_01_受理公告或公示版
PL022,PL022_佛山市锐拓新材料有限公司新建项目_01_受理公告或公示版.pdf,52,4,49,完整,1.0,根据工程 | 分析 | ，项 | 目产生的危险 | 废物主要是废机 | 油、 | 含 | 油废抹 | 布和 | 手套 | 、 | 废活性 | 炭、,,解析文本拼接_表格清洗增强_02_021-040.md,021_佛山市锐拓新材料有限公司新建项目_01_受理公告或公示版
PL022,PL022_佛山市锐拓新材料有限公司新建项目_01_受理公告或公示版.pdf,52,4,50,完整,1.0,废 | 机 | 油桶，产 | 生总 | 量为 | 4.876t/a，危险 | 废物从产生、收 | 集、 | 贮 | 运、转 | 运、 | 处置 | 等 | 各个环 | 节都,,解析文本拼接_表格清洗增强_02_021-040.md,021_佛山市锐拓新材料有限公司新建项目_01_受理公告或公示版
PL022,PL022_佛山市锐拓新材料有限公司新建项目_01_受理公告或公示版.pdf,52,4,53,完整,1.0,贮 | 存 | 污染控制 | 标准 | 》（ | GB18597-2023 | ）提出相应的治 | 理措 | 施 | ，以进 | 一步 | 规范 | 项 | 目在收 | 集、,,解析文本拼接_表格清洗增强_02_021-040.md,021_佛山市锐拓新材料有限公司新建项目_01_受理公告或公示版
PL022,PL022_佛山市锐拓新材料有限公司新建项目_01_受理公告或公示版.pdf,54,2,2,完整,1.0,"1 | 危废暂存
间 | 废机
油 | HW08 | 900-217-08 | 车
间
东
南
边 | 5m2 | 桶
装 | 0.25t | 12个
月",,解析文本拼接_表格清洗增强_02_021-040.md,021_佛山市锐拓新材料有限公司新建项目_01_受理公告或公示版
PL022,PL022_佛山市锐拓新材料有限公司新建项目_01_受理公告或公示版.pdf,54,2,3,完整,1.0,"2 | 危废暂存
间 | 含油
废抹
布和
手套 | HW49 | 900-041-49 | 0.01t | 12个
月",,解析文本拼接_表格清洗增强_02_021-040.md,021_佛山市锐拓新材料有限公司新建项目_01_受理公告或公示版
PL022,PL022_佛山市锐拓新材料有限公司新建项目_01_受理公告或公示版.pdf,54,2,4,完整,1.0,"3 | 危废暂存
间 | 废机
油桶 | HW08 | 900-249-08 | 0.003 | 12个
月",,解析文本拼接_表格清洗增强_02_021-040.md,021_佛山市锐拓新材料有限公司新建项目_01_受理公告或公示版
PL022,PL022_佛山市锐拓新材料有限公司新建项目_01_受理公告或公示版.pdf,54,2,5,完整,1.0,"4 | 危废暂存
间 | 废活
性炭 | HW49 | 900-039-49 | 4.591 | 12个
月",,解析文本拼接_表格清洗增强_02_021-040.md,021_佛山市锐拓新材料有限公司新建项目_01_受理公告或公示版
PL022,PL022_佛山市锐拓新材料有限公司新建项目_01_受理公告或公示版.pdf,54,3,8,完整,1.0,危废暂存 | 废机 | 12个,,解析文本拼接_表格清洗增强_02_021-040.md,021_佛山市锐拓新材料有限公司新建项目_01_受理公告或公示版
PL022,PL022_佛山市锐拓新材料有限公司新建项目_01_受理公告或公示版.pdf,54,3,9,完整,1.0,1 | 间 | 油 | HW08 | 900-217-08 | 0.25t | 月,,解析文本拼接_表格清洗增强_02_021-040.md,021_佛山市锐拓新材料有限公司新建项目_01_受理公告或公示版
PL022,PL022_佛山市锐拓新材料有限公司新建项目_01_受理公告或公示版.pdf,54,3,11,完整,1.0,危废暂存 | 废抹 | 间 | 12个,,解析文本拼接_表格清洗增强_02_021-040.md,021_佛山市锐拓新材料有限公司新建项目_01_受理公告或公示版
PL022,PL022_佛山市锐拓新材料有限公司新建项目_01_受理公告或公示版.pdf,54,3,12,完整,1.0,2 | 间 | 布和 | HW49 | 900-041-49 | 0.01t | 月,,解析文本拼接_表格清洗增强_02_021-040.md,021_佛山市锐拓新材料有限公司新建项目_01_受理公告或公示版
PL022,PL022_佛山市锐拓新材料有限公司新建项目_01_受理公告或公示版.pdf,54,3,14,完整,1.0,手套 | 5m2 | 装,,解析文本拼接_表格清洗增强_02_021-040.md,021_佛山市锐拓新材料有限公司新建项目_01_受理公告或公示版
PL022,PL022_佛山市锐拓新材料有限公司新建项目_01_受理公告或公示版.pdf,54,3,16,完整,1.0,危废暂存 | 废机 | 边 | 12个,,解析文本拼接_表格清洗增强_02_021-040.md,021_佛山市锐拓新材料有限公司新建项目_01_受理公告或公示版
PL022,PL022_佛山市锐拓新材料有限公司新建项目_01_受理公告或公示版.pdf,54,3,17,完整,1.0,3 | 间 | 油桶 | HW08 | 900-249-08 | 0.003 | 月,,解析文本拼接_表格清洗增强_02_021-040.md,021_佛山市锐拓新材料有限公司新建项目_01_受理公告或公示版
PL022,PL022_佛山市锐拓新材料有限公司新建项目_01_受理公告或公示版.pdf,54,3,18,完整,1.0,危废暂存 | 废活 | 12个,,解析文本拼接_表格清洗增强_02_021-040.md,021_佛山市锐拓新材料有限公司新建项目_01_受理公告或公示版
PL022,PL022_佛山市锐拓新材料有限公司新建项目_01_受理公告或公示版.pdf,54,3,19,完整,1.0,4 | 间 | 性炭 | HW49 | 900-039-49 | 4.591 | 月,,解析文本拼接_表格清洗增强_02_021-040.md,021_佛山市锐拓新材料有限公司新建项目_01_受理公告或公示版
PL022,PL022_佛山市锐拓新材料有限公司新建项目_01_受理公告或公示版.pdf,54,3,20,完整,1.0,（2 | ）危险废物 | 的运输,,解析文本拼接_表格清洗增强_02_021-040.md,021_佛山市锐拓新材料有限公司新建项目_01_受理公告或公示版
PL022,PL022_佛山市锐拓新材料有限公司新建项目_01_受理公告或公示版.pdf,54,3,22,完整,1.0,的 | 运输 | ，减少运输过 | 程中的二 | 次污染和可 | 能造成的环境 | 风险， | 运输车 | 辆需 | 有特殊标 | 志。,,解析文本拼接_表格清洗增强_02_021-040.md,021_佛山市锐拓新材料有限公司新建项目_01_受理公告或公示版
PL022,PL022_佛山市锐拓新材料有限公司新建项目_01_受理公告或公示版.pdf,54,3,23,完整,1.0,（3 | ）危险废物 | 的处置,,解析文本拼接_表格清洗增强_02_021-040.md,021_佛山市锐拓新材料有限公司新建项目_01_受理公告或公示版
PL022,PL022_佛山市锐拓新材料有限公司新建项目_01_受理公告或公示版.pdf,55,1,1,完整,1.0,"序号 | 种类 | 产生环节 | 数量
（t/a） | 废物类别 | 废物代码 | 形态 | 危废成分 | 危废特
性 | 贮存方式 | 利用处置方
式及去向 | 利用或处置
量（t/a） | 环境管理要求",,解析文本拼接_表格清洗增强_02_021-040.md,021_佛山市锐拓新材料有限公司新建项目_01_受理公告或公示版
PL022,PL022_佛山市锐拓新材料有限公司新建项目_01_受理公告或公示版.pdf,55,1,2,完整,1.0,"1 | 一般
固废 | 生活垃圾 | 员工办公 | 3 | 非特定行业生产
过程中产生的其
他废物 | 900-999-99 | 固体 | —— | —— | 垃圾桶 | 由环卫部门
回收处置 | 3 | 定期由环卫部门清运",,解析文本拼接_表格清洗增强_02_021-040.md,021_佛山市锐拓新材料有限公司新建项目_01_受理公告或公示版
PL022,PL022_佛山市锐拓新材料有限公司新建项目_01_受理公告或公示版.pdf,55,1,3,完整,1.0,"2 | 废包装材料 | 原辅材料 | 1.56 | 非特定行业生产
过程中产生的其
他废物 | 900-999-99 | 固体 | —— | —— | 分类集中
堆放 | 交由相关回
收单位回收
处理 | 1.56 | 分类收集储存在一般
工业固体废物暂存间",,解析文本拼接_表格清洗增强_02_021-040.md,021_佛山市锐拓新材料有限公司新建项目_01_受理公告或公示版
PL022,PL022_佛山市锐拓新材料有限公司新建项目_01_受理公告或公示版.pdf,55,1,4,完整,1.0,"3 | 边角料 | 挤出 | 19.5 | 塑料制品业产生
的废塑料制品 | 292-001-06 | 固体 | —— | —— | 分类集中
堆放 | 回用于生产 | 19.5 | 回用于生产",,解析文本拼接_表格清洗增强_02_021-040.md,021_佛山市锐拓新材料有限公司新建项目_01_受理公告或公示版
PL022,PL022_佛山市锐拓新材料有限公司新建项目_01_受理公告或公示版.pdf,55,1,5,完整,1.0,"4 | 次品 | 检验 | 19.5 | 塑料制品业产生
的废塑料制品 | 292-001-06 | 固体 | —— | —— | 分类集中
堆放 | 回用于生产 | 19.5 | 回用于生产",,解析文本拼接_表格清洗增强_02_021-040.md,021_佛山市锐拓新材料有限公司新建项目_01_受理公告或公示版
PL022,PL022_佛山市锐拓新材料有限公司新建项目_01_受理公告或公示版.pdf,55,1,6,完整,1.0,一般固废合计 | —— | 43.56 | —— | —— | —— | —— | —— | —— | —— | 43.56 | ——,,解析文本拼接_表格清洗增强_02_021-040.md,021_佛山市锐拓新材料有限公司新建项目_01_受理公告或公示版
PL022,PL022_佛山市锐拓新材料有限公司新建项目_01_受理公告或公示版.pdf,55,1,7,完整,1.0,"5 | 危险
废物 | 废机油 | 设备维修 | 0.25 | HW08 废矿物
油与含矿物油废
物 | 900-214-08 | 液体 | 基础油及添
加剂 | T，I | 桶装 | 分类收集，
交由有资质
危废单位处
理 | 0.25 | 设置规范的危险废物
暂存场所，委托有危废
处理资质的单位处理",,解析文本拼接_表格清洗增强_02_021-040.md,021_佛山市锐拓新材料有限公司新建项目_01_受理公告或公示版
PL022,PL022_佛山市锐拓新材料有限公司新建项目_01_受理公告或公示版.pdf,55,1,8,完整,1.0,"6 | 废机油桶 | 机油使用
过程 | 0.01 | HW08 废矿物
油与含矿物油废
物 | 900-249-08 | 固体 | 机油、装桶 | T，I | 密封储存 | 0.01",,解析文本拼接_表格清洗增强_02_021-040.md,021_佛山市锐拓新材料有限公司新建项目_01_受理公告或公示版
PL022,PL022_佛山市锐拓新材料有限公司新建项目_01_受理公告或公示版.pdf,55,1,9,完整,1.0,"7 | 废含油抹布
和手套 | 设备维修 | 0.025 | HW49 其他废
物 | 900-041-49 | 固体 | 机油、布料 | T/In | 袋装 | 0.025",,解析文本拼接_表格清洗增强_02_021-040.md,021_佛山市锐拓新材料有限公司新建项目_01_受理公告或公示版
PL022,PL022_佛山市锐拓新材料有限公司新建项目_01_受理公告或公示版.pdf,55,1,10,完整,1.0,"8 | 废活性炭 | 活性炭吸
附装置 | 4.591 | HW49 其他废
物 | 900-039-49 | 固体 | 有机废气活
性炭 | T | 袋装 | 4.591",,解析文本拼接_表格清洗增强_02_021-040.md,021_佛山市锐拓新材料有限公司新建项目_01_受理公告或公示版
PL022,PL022_佛山市锐拓新材料有限公司新建项目_01_受理公告或公示版.pdf,55,1,11,完整,1.0,危险废物合计 | —— | 4.876 | —— | —— | —— | —— | —— | —— | —— | 4.876 | ——,,解析文本拼接_表格清洗增强_02_021-040.md,021_佛山市锐拓新材料有限公司新建项目_01_受理公告或公示版
PL022,PL022_佛山市锐拓新材料有限公司新建项目_01_受理公告或公示版.pdf,55,2,1,完整,1.0,数量 | 危废特 | 利用处置方 | 利用或处置,,解析文本拼接_表格清洗增强_02_021-040.md,021_佛山市锐拓新材料有限公司新建项目_01_受理公告或公示版
PL022,PL022_佛山市锐拓新材料有限公司新建项目_01_受理公告或公示版.pdf,55,2,2,完整,1.0,序号 | 种类 | 产生环节 | 废物类别 | 废物代码 | 形态 | 危废成分 | 贮存方式 | 环境管理要求,,解析文本拼接_表格清洗增强_02_021-040.md,021_佛山市锐拓新材料有限公司新建项目_01_受理公告或公示版
PL022,PL022_佛山市锐拓新材料有限公司新建项目_01_受理公告或公示版.pdf,55,2,6,完整,1.0,1 | 生活垃圾 | 员工办公 | 3 | 过程中产生的其 | 900-999-99 | 固体 | —— | —— | 垃圾桶 | 回收处置 | 3 | 定期由环卫部门清运,,解析文本拼接_表格清洗增强_02_021-040.md,021_佛山市锐拓新材料有限公司新建项目_01_受理公告或公示版
PL022,PL022_佛山市锐拓新材料有限公司新建项目_01_受理公告或公示版.pdf,55,2,10,完整,1.0,废包装材料 | 原辅材料 | 过程中产生的其 | 固体 | —— | —— | 收单位回收,,解析文本拼接_表格清洗增强_02_021-040.md,021_佛山市锐拓新材料有限公司新建项目_01_受理公告或公示版
PL022,PL022_佛山市锐拓新材料有限公司新建项目_01_受理公告或公示版.pdf,55,2,11,完整,1.0,2 | 1.56 | 900-999-99 | 堆放 | 1.56 | 工业固体废物暂存间,,解析文本拼接_表格清洗增强_02_021-040.md,021_佛山市锐拓新材料有限公司新建项目_01_受理公告或公示版
PL022,PL022_佛山市锐拓新材料有限公司新建项目_01_受理公告或公示版.pdf,55,2,14,完整,1.0,固废 | 塑料制品业产生 | 分类集中,,解析文本拼接_表格清洗增强_02_021-040.md,021_佛山市锐拓新材料有限公司新建项目_01_受理公告或公示版
PL022,PL022_佛山市锐拓新材料有限公司新建项目_01_受理公告或公示版.pdf,55,2,16,完整,1.0,3 | 19.5 | 292-001-06 | 19.5,,解析文本拼接_表格清洗增强_02_021-040.md,021_佛山市锐拓新材料有限公司新建项目_01_受理公告或公示版
PL022,PL022_佛山市锐拓新材料有限公司新建项目_01_受理公告或公示版.pdf,55,2,20,完整,1.0,4 | 19.5 | 292-001-06 | 19.5,,解析文本拼接_表格清洗增强_02_021-040.md,021_佛山市锐拓新材料有限公司新建项目_01_受理公告或公示版
PL022,PL022_佛山市锐拓新材料有限公司新建项目_01_受理公告或公示版.pdf,55,2,22,完整,1.0,一般固 | 废合计 | —— | 43.56 | —— | —— | —— | —— | —— | —— | —— | 43.56 | ——,,解析文本拼接_表格清洗增强_02_021-040.md,021_佛山市锐拓新材料有限公司新建项目_01_受理公告或公示版
PL022,PL022_佛山市锐拓新材料有限公司新建项目_01_受理公告或公示版.pdf,55,2,24,完整,1.0,HW08 | 基础油及添,,解析文本拼接_表格清洗增强_02_021-040.md,021_佛山市锐拓新材料有限公司新建项目_01_受理公告或公示版
PL022,PL022_佛山市锐拓新材料有限公司新建项目_01_受理公告或公示版.pdf,55,2,25,完整,1.0,废机油 | 设备维修 | 油与含矿物油废 | 液体 | ， | 桶装,,解析文本拼接_表格清洗增强_02_021-040.md,021_佛山市锐拓新材料有限公司新建项目_01_受理公告或公示版
PL022,PL022_佛山市锐拓新材料有限公司新建项目_01_受理公告或公示版.pdf,55,2,26,部分,0.833,5 | 0.25 | 900-214-08 | 加剂 | T I | 0.25,T I,解析文本拼接_表格清洗增强_02_021-040.md,021_佛山市锐拓新材料有限公司新建项目_01_受理公告或公示版
PL022,PL022_佛山市锐拓新材料有限公司新建项目_01_受理公告或公示版.pdf,55,2,28,完整,1.0,机油使用 | HW08 废矿物 | 分类收集，,,解析文本拼接_表格清洗增强_02_021-040.md,021_佛山市锐拓新材料有限公司新建项目_01_受理公告或公示版
PL022,PL022_佛山市锐拓新材料有限公司新建项目_01_受理公告或公示版.pdf,55,2,29,完整,1.0,6 | 危险 | 废机油桶 | 过程 | 0.01 | 油与含矿物油废 | 900-249-08 | 固体 | 机油、装桶 | T，I | 密封储存 | 交由有资质 | 0.01 | 设置规范的危险废物,,解析文本拼接_表格清洗增强_02_021-040.md,021_佛山市锐拓新材料有限公司新建项目_01_受理公告或公示版
PL022,PL022_佛山市锐拓新材料有限公司新建项目_01_受理公告或公示版.pdf,55,2,30,完整,1.0,废物 | 物 | 危废单位处 | 暂存场所，委托有危废,,解析文本拼接_表格清洗增强_02_021-040.md,021_佛山市锐拓新材料有限公司新建项目_01_受理公告或公示版
PL022,PL022_佛山市锐拓新材料有限公司新建项目_01_受理公告或公示版.pdf,55,2,33,完整,1.0,废含油抹布 | HW49 其他废,,解析文本拼接_表格清洗增强_02_021-040.md,021_佛山市锐拓新材料有限公司新建项目_01_受理公告或公示版
PL022,PL022_佛山市锐拓新材料有限公司新建项目_01_受理公告或公示版.pdf,55,2,34,完整,1.0,7 | 设备维修 | 0.025 | 900-041-49 | 固体 | 机油、布料 | T/In | 袋装 | 0.025,,解析文本拼接_表格清洗增强_02_021-040.md,021_佛山市锐拓新材料有限公司新建项目_01_受理公告或公示版
PL022,PL022_佛山市锐拓新材料有限公司新建项目_01_受理公告或公示版.pdf,55,2,36,完整,1.0,活性炭吸 | HW49 其他废 | 有机废气活,,解析文本拼接_表格清洗增强_02_021-040.md,021_佛山市锐拓新材料有限公司新建项目_01_受理公告或公示版
PL022,PL022_佛山市锐拓新材料有限公司新建项目_01_受理公告或公示版.pdf,55,2,37,完整,1.0,8 | 废活性炭 | 4.591 | 900-039-49 | 固体 | T | 袋装 | 4.591,,解析文本拼接_表格清洗增强_02_021-040.md,021_佛山市锐拓新材料有限公司新建项目_01_受理公告或公示版
PL022,PL022_佛山市锐拓新材料有限公司新建项目_01_受理公告或公示版.pdf,55,2,39,完整,1.0,危险废 | 物合计 | —— | 4.876 | —— | —— | —— | —— | —— | —— | —— | 4.876 | ——,,解析文本拼接_表格清洗增强_02_021-040.md,021_佛山市锐拓新材料有限公司新建项目_01_受理公告或公示版
PL022,PL022_佛山市锐拓新材料有限公司新建项目_01_受理公告或公示版.pdf,56,2,1,完整,1.0,"序号 | 危险物质
名称 | 储存方式 | 储存位
置 | 最大存在总量
qn/t | 临界值
Qn/t | 该种危险
物质Q值",,解析文本拼接_表格清洗增强_02_021-040.md,021_佛山市锐拓新材料有限公司新建项目_01_受理公告或公示版
PL022,PL022_佛山市锐拓新材料有限公司新建项目_01_受理公告或公示版.pdf,56,2,2,完整,1.0,"1 | 废机油 | 20kg/桶 | 危险废
物暂存
间 | 0.25 | 2500 | 0.0001",,解析文本拼接_表格清洗增强_02_021-040.md,021_佛山市锐拓新材料有限公司新建项目_01_受理公告或公示版
PL022,PL022_佛山市锐拓新材料有限公司新建项目_01_受理公告或公示版.pdf,56,2,3,完整,1.0,"2 | 机油 | 20kg/桶 | 原辅材
料仓库 | 0.1 | 2500 | 0.00004",,解析文本拼接_表格清洗增强_02_021-040.md,021_佛山市锐拓新材料有限公司新建项目_01_受理公告或公示版
PL022,PL022_佛山市锐拓新材料有限公司新建项目_01_受理公告或公示版.pdf,56,2,4,完整,1.0,项目Q值Σ | 0.00014,,解析文本拼接_表格清洗增强_02_021-040.md,021_佛山市锐拓新材料有限公司新建项目_01_受理公告或公示版
PL022,PL022_佛山市锐拓新材料有限公司新建项目_01_受理公告或公示版.pdf,57,2,2,完整,1.0,"危险废物
暂存间 | 泄漏 | 装卸或存储过程中废机油可
能会发生泄漏可能污染地表
水、地下水、土壤，或可能由
于恶劣天气影响，导致雨水渗
入等 | 储存液体危险废物必须严实
包装，储存场地硬底化和做
防渗措施，设置漫坡围堰，
储存场地选择室内或设置遮
雨措施",,解析文本拼接_表格清洗增强_02_021-040.md,021_佛山市锐拓新材料有限公司新建项目_01_受理公告或公示版
PL022,PL022_佛山市锐拓新材料有限公司新建项目_01_受理公告或公示版.pdf,57,2,3,完整,1.0,"原料仓库 | 火灾 | 项目所用的原料物质若遇明
火热源，会造成火灾爆炸，产
生火灾废气和消防废水，造成
周边大气环境、水环境的污染 | 加强原辅材料储存点的检修
维护，生产车间内严禁烟火；
如发生泄漏或火灾等事故，
泄漏原辅材料、消防废水等
如拦截不当则可能会进入附
近水环境中，会导致受纳水
体环境中相应污染物浓度增
高，造成水环境质量污染",,解析文本拼接_表格清洗增强_02_021-040.md,021_佛山市锐拓新材料有限公司新建项目_01_受理公告或公示版
PL022,PL022_佛山市锐拓新材料有限公司新建项目_01_受理公告或公示版.pdf,57,2,4,完整,1.0,"泄漏 | 项目原辅材料因储存不当，造
成倾倒泄漏，影响内河涌水
质，影响水生环境 | 原料储存在原料仓库，控制
储存量。现场配置泄漏吸附
收集等应急器材，防止泄漏
物挥发",,解析文本拼接_表格清洗增强_02_021-040.md,021_佛山市锐拓新材料有限公司新建项目_01_受理公告或公示版
PL022,PL022_佛山市锐拓新材料有限公司新建项目_01_受理公告或公示版.pdf,57,2,5,完整,1.0,"废气处理
系统 | 故障 | 废气处理系统设备故障，造成
废气未经有效处理，而直接排
放，造成周边大气污染和影响
工作人员的身体健康 | 加强废气处理系统的检修维
护，按设计要求定期更换活
性炭，并加强车间内的通风
换气",,解析文本拼接_表格清洗增强_02_021-040.md,021_佛山市锐拓新材料有限公司新建项目_01_受理公告或公示版
PL022,PL022_佛山市锐拓新材料有限公司新建项目_01_受理公告或公示版.pdf,57,3,3,完整,1.0,能会发生泄漏可能污染地表 | 包装，储存场地硬底化和做,,解析文本拼接_表格清洗增强_02_021-040.md,021_佛山市锐拓新材料有限公司新建项目_01_受理公告或公示版
PL022,PL022_佛山市锐拓新材料有限公司新建项目_01_受理公告或公示版.pdf,57,3,12,完整,1.0,火热源，会造成火灾爆炸，产 | 泄漏原辅材料、消防废水等,,解析文本拼接_表格清洗增强_02_021-040.md,021_佛山市锐拓新材料有限公司新建项目_01_受理公告或公示版
PL022,PL022_佛山市锐拓新材料有限公司新建项目_01_受理公告或公示版.pdf,57,3,14,完整,1.0,生火灾废气和消防废水，造成 | 如拦截不当则可能会进入附,,解析文本拼接_表格清洗增强_02_021-040.md,021_佛山市锐拓新材料有限公司新建项目_01_受理公告或公示版
PL022,PL022_佛山市锐拓新材料有限公司新建项目_01_受理公告或公示版.pdf,57,3,15,完整,1.0,周边大气环境、水环境的污染 | 近水环境中，会导致受纳水,,解析文本拼接_表格清洗增强_02_021-040.md,021_佛山市锐拓新材料有限公司新建项目_01_受理公告或公示版
PL022,PL022_佛山市锐拓新材料有限公司新建项目_01_受理公告或公示版.pdf,57,3,26,完整,1.0,废气处理系统设备故障，造成 | 加强废气处理系统的检修维,,解析文本拼接_表格清洗增强_02_021-040.md,021_佛山市锐拓新材料有限公司新建项目_01_受理公告或公示版
PL022,PL022_佛山市锐拓新材料有限公司新建项目_01_受理公告或公示版.pdf,57,3,27,完整,1.0,废气处理 | 废气未经有效处理，而直接排 | 护，按设计要求定期更换活,,解析文本拼接_表格清洗增强_02_021-040.md,021_佛山市锐拓新材料有限公司新建项目_01_受理公告或公示版
PL022,PL022_佛山市锐拓新材料有限公司新建项目_01_受理公告或公示版.pdf,57,3,29,完整,1.0,系统 | 放，造成周边大气污染和影响 | 性炭，并加强车间内的通风,,解析文本拼接_表格清洗增强_02_021-040.md,021_佛山市锐拓新材料有限公司新建项目_01_受理公告或公示版
PL022,PL022_佛山市锐拓新材料有限公司新建项目_01_受理公告或公示版.pdf,57,3,31,完整,1.0,（4）环境 | 风险分析,,解析文本拼接_表格清洗增强_02_021-040.md,021_佛山市锐拓新材料有限公司新建项目_01_受理公告或公示版
PL022,PL022_佛山市锐拓新材料有限公司新建项目_01_受理公告或公示版.pdf,57,3,33,完整,1.0,公司火灾时 | 产生消防废 | 水，可以在车间设置漫坡、围堰 | ，事故时可采取封闭厂区与市,,解析文本拼接_表格清洗增强_02_021-040.md,021_佛山市锐拓新材料有限公司新建项目_01_受理公告或公示版
PL022,PL022_佛山市锐拓新材料有限公司新建项目_01_受理公告或公示版.pdf,57,3,34,完整,1.0,政 | 雨水井或关闭 | 雨水管阀， | 消防废水完全可控制在厂内，不 | 会对周围水体造成明显污染。,,解析文本拼接_表格清洗增强_02_021-040.md,021_佛山市锐拓新材料有限公司新建项目_01_受理公告或公示版
PL022,PL022_佛山市锐拓新材料有限公司新建项目_01_受理公告或公示版.pdf,57,3,36,完整,1.0,取 | 硬底化处理， | 存放场设置 | 围堰。收集的危险废物定期交有 | 资质危废单位处置。参照同类,,解析文本拼接_表格清洗增强_02_021-040.md,021_佛山市锐拓新材料有限公司新建项目_01_受理公告或公示版
PL022,PL022_佛山市锐拓新材料有限公司新建项目_01_受理公告或公示版.pdf,57,3,37,完整,1.0,企 | 业危险废物储 | 存场所的运 | 营调查，在采取以上措施后很难 | 发生危险废物泄漏和污染事,,解析文本拼接_表格清洗增强_02_021-040.md,021_佛山市锐拓新材料有限公司新建项目_01_受理公告或公示版
PL022,PL022_佛山市锐拓新材料有限公司新建项目_01_受理公告或公示版.pdf,57,3,39,完整,1.0,（5）环境 | 风险防范措 | 施及应急要求,,解析文本拼接_表格清洗增强_02_021-040.md,021_佛山市锐拓新材料有限公司新建项目_01_受理公告或公示版
PL022,PL022_佛山市锐拓新材料有限公司新建项目_01_受理公告或公示版.pdf,57,3,42,完整,1.0,产 | 生废水，以上 | 消防废水含 | 有大量的废渣，若直接经过市政 | 雨水或污水管网进入纳污水体,,解析文本拼接_表格清洗增强_02_021-040.md,021_佛山市锐拓新材料有限公司新建项目_01_受理公告或公示版
PL022,PL022_佛山市锐拓新材料有限公司新建项目_01_受理公告或公示版.pdf,57,3,43,完整,1.0,或 | 市政污水处理 | 厂，含高浓 | 度污染物的消防排水势必对地面 | 水体造成极为不利的影响，进,,解析文本拼接_表格清洗增强_02_021-040.md,021_佛山市锐拓新材料有限公司新建项目_01_受理公告或公示版
PL022,PL022_佛山市锐拓新材料有限公司新建项目_01_受理公告或公示版.pdf,59,2,1,完整,1.0,"序
号 | 区域 | 潜在污染源 | 设施 | 要求措施",,解析文本拼接_表格清洗增强_02_021-040.md,021_佛山市锐拓新材料有限公司新建项目_01_受理公告或公示版
PL022,PL022_佛山市锐拓新材料有限公司新建项目_01_受理公告或公示版.pdf,59,2,2,完整,1.0,"1 | 重点防
渗区 | 危废仓 | 危险废物 | 危险废物暂存
间 | 符合《危险废物贮存污染控
制标准》（GB18579-2023）
的要求",,解析文本拼接_表格清洗增强_02_021-040.md,021_佛山市锐拓新材料有限公司新建项目_01_受理公告或公示版
PL022,PL022_佛山市锐拓新材料有限公司新建项目_01_受理公告或公示版.pdf,59,2,3,完整,1.0,"2 | 一般防
渗区 | 一般固
废仓库 | 一般工业固
体废物 | 一般固废仓 | 应满足相应防渗漏、防雨
淋、防扬尘等环境保护要
求、",,解析文本拼接_表格清洗增强_02_021-040.md,021_佛山市锐拓新材料有限公司新建项目_01_受理公告或公示版
PL022,PL022_佛山市锐拓新材料有限公司新建项目_01_受理公告或公示版.pdf,59,2,4,完整,1.0,"生产区
域 | 生产工序产
生的有机废
气 | 生产车间 | 加强车间管理，地面做好防
渗措施，确保设备正常运行",,解析文本拼接_表格清洗增强_02_021-040.md,021_佛山市锐拓新材料有限公司新建项目_01_受理公告或公示版
PL022,PL022_佛山市锐拓新材料有限公司新建项目_01_受理公告或公示版.pdf,59,2,5,完整,1.0,"3 | 简单防
渗区 | 生活区 | 生活污水 | 三级化粪池 | 无裂缝、无渗漏，每年清淤
一次，避免堵塞漫流",,解析文本拼接_表格清洗增强_02_021-040.md,021_佛山市锐拓新材料有限公司新建项目_01_受理公告或公示版
PL022,PL022_佛山市锐拓新材料有限公司新建项目_01_受理公告或公示版.pdf,59,3,2,完整,1.0,区域 | 潜在污染源 | 设施 | 要求措施,,解析文本拼接_表格清洗增强_02_021-040.md,021_佛山市锐拓新材料有限公司新建项目_01_受理公告或公示版
PL022,PL022_佛山市锐拓新材料有限公司新建项目_01_受理公告或公示版.pdf,59,3,6,疑似缺失,0.667,危废仓 | 危险废物 | 制标准》（ ）,制标准》（ ）,解析文本拼接_表格清洗增强_02_021-040.md,021_佛山市锐拓新材料有限公司新建项目_01_受理公告或公示版
PL022,PL022_佛山市锐拓新材料有限公司新建项目_01_受理公告或公示版.pdf,59,3,7,完整,1.0,1 | 渗区 | 间 | GB18579-2023,,解析文本拼接_表格清洗增强_02_021-040.md,021_佛山市锐拓新材料有限公司新建项目_01_受理公告或公示版
PL022,PL022_佛山市锐拓新材料有限公司新建项目_01_受理公告或公示版.pdf,59,3,11,完整,1.0,一般固废仓 | 淋、防扬尘等环境保护要,,解析文本拼接_表格清洗增强_02_021-040.md,021_佛山市锐拓新材料有限公司新建项目_01_受理公告或公示版
PL022,PL022_佛山市锐拓新材料有限公司新建项目_01_受理公告或公示版.pdf,59,3,14,完整,1.0,2 | 渗区 | 生产工序产,,解析文本拼接_表格清洗增强_02_021-040.md,021_佛山市锐拓新材料有限公司新建项目_01_受理公告或公示版
PL022,PL022_佛山市锐拓新材料有限公司新建项目_01_受理公告或公示版.pdf,59,3,17,完整,1.0,域 | 渗措施，确保设备正常运行,,解析文本拼接_表格清洗增强_02_021-040.md,021_佛山市锐拓新材料有限公司新建项目_01_受理公告或公示版
PL022,PL022_佛山市锐拓新材料有限公司新建项目_01_受理公告或公示版.pdf,59,3,28,完整,1.0,1） | 化学品仓 | 库、危险废 | 物暂存间以及 | 废水收集池,,解析文本拼接_表格清洗增强_02_021-040.md,021_佛山市锐拓新材料有限公司新建项目_01_受理公告或公示版
PL022,PL022_佛山市锐拓新材料有限公司新建项目_01_受理公告或公示版.pdf,59,3,29,完整,1.0,① | 化学品仓库 | 、危险废 | 物暂存间、废 | 水收集池进行地 | 面进行防渗处理，防渗层采用,,解析文本拼接_表格清洗增强_02_021-040.md,021_佛山市锐拓新材料有限公司新建项目_01_受理公告或公示版
PL022,PL022_佛山市锐拓新材料有限公司新建项目_01_受理公告或公示版.pdf,59,3,30,完整,1.0,mm | 厚 | 高密度聚 | 乙烯，或至 | 2mm厚的其 | 它人工材料，渗 | 透系数≤10-10cm/s，可避免泄,,解析文本拼接_表格清洗增强_02_021-040.md,021_佛山市锐拓新材料有限公司新建项目_01_受理公告或公示版
PL022,PL022_佛山市锐拓新材料有限公司新建项目_01_受理公告或公示版.pdf,59,3,32,完整,1.0,② | 选用符合标 | 准的容器 | 盛装化学物料 | 和危险废物，有 | 效减少渗滤液及物料泄漏。,,解析文本拼接_表格清洗增强_02_021-040.md,021_佛山市锐拓新材料有限公司新建项目_01_受理公告或公示版
PL022,PL022_佛山市锐拓新材料有限公司新建项目_01_受理公告或公示版.pdf,59,3,33,完整,1.0,③ | 化学品仓库 | 、危险废 | 物暂存间内设 | 置毛毡、木屑、抹 | 布等应急吸收材料，及时清理,,解析文本拼接_表格清洗增强_02_021-040.md,021_佛山市锐拓新材料有限公司新建项目_01_受理公告或公示版
PL022,PL022_佛山市锐拓新材料有限公司新建项目_01_受理公告或公示版.pdf,59,3,37,完整,1.0,⑤ | 化学品仓库 | 、危险废 | 物暂存间设置 | 漫坡，高20cm， | 防止化学品仓库内泄漏物料外,,解析文本拼接_表格清洗增强_02_021-040.md,021_佛山市锐拓新材料有限公司新建项目_01_受理公告或公示版
PL022,PL022_佛山市锐拓新材料有限公司新建项目_01_受理公告或公示版.pdf,61,1,1,完整,1.0,"内容
要素 | 排放口(编号、
名称)/污染源 | 污染物项
目 | 环境保护措施 | 执行标准",,解析文本拼接_表格清洗增强_02_021-040.md,021_佛山市锐拓新材料有限公司新建项目_01_受理公告或公示版
PL022,PL022_佛山市锐拓新材料有限公司新建项目_01_受理公告或公示版.pdf,61,1,2,完整,1.0,"大气环境 | 有
组
织 | DA001
（排气筒G1） | 非甲烷总
烃 | 挤出工序采用包
围型集气罩对进
出口废气进行收
集后经过一套
“活性炭吸附设
施”处理后经楼
顶18米排气筒
DA001排放 | 达到《合成树脂工业污染
物排放标准》（GB
31572-2015）表4气污染
物排放限值（即非甲烷总
烃最高允许排放浓度
100mg/m3）；",,解析文本拼接_表格清洗增强_02_021-040.md,021_佛山市锐拓新材料有限公司新建项目_01_受理公告或公示版
PL022,PL022_佛山市锐拓新材料有限公司新建项目_01_受理公告或公示版.pdf,61,1,3,完整,1.0,"臭气浓度 | 《恶臭污染物排放标准》
（GB14554-93）中表1
二级新扩改建厂界标准
限值和表2恶臭污染物
排放标准值",,解析文本拼接_表格清洗增强_02_021-040.md,021_佛山市锐拓新材料有限公司新建项目_01_受理公告或公示版
PL022,PL022_佛山市锐拓新材料有限公司新建项目_01_受理公告或公示版.pdf,61,1,4,完整,1.0,"破碎工序 | 颗粒物 | 破碎机设置于独
立间，且破碎机
工作时完全密闭
工作 | 广东省地方标准《大气污
染物排放限值》
（DB44/27-2001）第二时
段无组织监控点浓度限
值",,解析文本拼接_表格清洗增强_02_021-040.md,021_佛山市锐拓新材料有限公司新建项目_01_受理公告或公示版
PL022,PL022_佛山市锐拓新材料有限公司新建项目_01_受理公告或公示版.pdf,61,1,6,完整,1.0,"厂
区
内 | 挤出工序 | NMHC | / | 广东省地方标准《固定污
染源挥发性有机物综合
排放标准》
（DB44/2367-2022）",,解析文本拼接_表格清洗增强_02_021-040.md,021_佛山市锐拓新材料有限公司新建项目_01_受理公告或公示版
PL022,PL022_佛山市锐拓新材料有限公司新建项目_01_受理公告或公示版.pdf,61,1,7,完整,1.0,"地表水环境 | 生活污水 | COD
Cr | 经三级化粪处理
后由园区污水管
网排至杏坛污水
处理厂集中处理 | 广东省地方标准《水污染
物排放限值》
（DB44/26-2001）第二时
段三级标准",,解析文本拼接_表格清洗增强_02_021-040.md,021_佛山市锐拓新材料有限公司新建项目_01_受理公告或公示版
PL022,PL022_佛山市锐拓新材料有限公司新建项目_01_受理公告或公示版.pdf,61,1,11,完整,1.0,"冷却废水 | CODcr、
SS、石油
类、pH值 | 冷却水循环使
用，定期更换后
交由佛山市顺德
区绿点废水回收
处理有限公司进
行处理，不外排 | /",,解析文本拼接_表格清洗增强_02_021-040.md,021_佛山市锐拓新材料有限公司新建项目_01_受理公告或公示版
PL022,PL022_佛山市锐拓新材料有限公司新建项目_01_受理公告或公示版.pdf,61,1,12,完整,1.0,"声环境 | 生产设备 | 噪声 | 隔声、减震、消
音、距离衰减等
综合措施 | 项目厂界噪声达到《工业
企业厂界环境噪声排放
标准》(GB12348-2008)
中的3类标准",,解析文本拼接_表格清洗增强_02_021-040.md,021_佛山市锐拓新材料有限公司新建项目_01_受理公告或公示版
PL022,PL022_佛山市锐拓新材料有限公司新建项目_01_受理公告或公示版.pdf,61,2,1,完整,1.0,内容 | 排 | 放口(编号、 | 污染物项,,解析文本拼接_表格清洗增强_02_021-040.md,021_佛山市锐拓新材料有限公司新建项目_01_受理公告或公示版
PL022,PL022_佛山市锐拓新材料有限公司新建项目_01_受理公告或公示版.pdf,61,2,2,完整,1.0,环境保护措施 | 执行标准,,解析文本拼接_表格清洗增强_02_021-040.md,021_佛山市锐拓新材料有限公司新建项目_01_受理公告或公示版
PL022,PL022_佛山市锐拓新材料有限公司新建项目_01_受理公告或公示版.pdf,61,2,3,完整,1.0,素 | 名 | 称)/污染源 | 目,,解析文本拼接_表格清洗增强_02_021-040.md,021_佛山市锐拓新材料有限公司新建项目_01_受理公告或公示版
PL022,PL022_佛山市锐拓新材料有限公司新建项目_01_受理公告或公示版.pdf,61,2,7,完整,1.0,非甲烷总 | 31572-2015）表4气污染,,解析文本拼接_表格清洗增强_02_021-040.md,021_佛山市锐拓新材料有限公司新建项目_01_受理公告或公示版
PL022,PL022_佛山市锐拓新材料有限公司新建项目_01_受理公告或公示版.pdf,61,2,9,完整,1.0,烃 | 物排放限值（即非甲烷总,,解析文本拼接_表格清洗增强_02_021-040.md,021_佛山市锐拓新材料有限公司新建项目_01_受理公告或公示版
PL022,PL022_佛山市锐拓新材料有限公司新建项目_01_受理公告或公示版.pdf,61,2,12,完整,1.0,DA001 | 集后经过一套,,解析文本拼接_表格清洗增强_02_021-040.md,021_佛山市锐拓新材料有限公司新建项目_01_受理公告或公示版
PL022,PL022_佛山市锐拓新材料有限公司新建项目_01_受理公告或公示版.pdf,61,2,14,完整,1.0,（排气筒G1） | 活性炭吸附设,,解析文本拼接_表格清洗增强_02_021-040.md,021_佛山市锐拓新材料有限公司新建项目_01_受理公告或公示版
PL022,PL022_佛山市锐拓新材料有限公司新建项目_01_受理公告或公示版.pdf,61,2,15,完整,1.0,“ | 《恶臭污染物排放标准》,,解析文本拼接_表格清洗增强_02_021-040.md,021_佛山市锐拓新材料有限公司新建项目_01_受理公告或公示版
PL022,PL022_佛山市锐拓新材料有限公司新建项目_01_受理公告或公示版.pdf,61,2,18,疑似缺失,0.333,有 | 顶 米排气筒 | GB14554-93 1,顶 米排气筒；GB14554-93 1,解析文本拼接_表格清洗增强_02_021-040.md,021_佛山市锐拓新材料有限公司新建项目_01_受理公告或公示版
PL022,PL022_佛山市锐拓新材料有限公司新建项目_01_受理公告或公示版.pdf,61,2,19,完整,1.0,臭气浓度 | 18 | 二级新扩改建厂界标准,,解析文本拼接_表格清洗增强_02_021-040.md,021_佛山市锐拓新材料有限公司新建项目_01_受理公告或公示版
PL022,PL022_佛山市锐拓新材料有限公司新建项目_01_受理公告或公示版.pdf,61,2,20,完整,1.0,组 | DA001排放,,解析文本拼接_表格清洗增强_02_021-040.md,021_佛山市锐拓新材料有限公司新建项目_01_受理公告或公示版
PL022,PL022_佛山市锐拓新材料有限公司新建项目_01_受理公告或公示版.pdf,61,2,26,完整,1.0,立间，且破碎机 | 广东省地方标准《大气污,,解析文本拼接_表格清洗增强_02_021-040.md,021_佛山市锐拓新材料有限公司新建项目_01_受理公告或公示版
PL022,PL022_佛山市锐拓新材料有限公司新建项目_01_受理公告或公示版.pdf,61,2,29,完整,1.0,工作 | （DB44/27-2001）第二时,,解析文本拼接_表格清洗增强_02_021-040.md,021_佛山市锐拓新材料有限公司新建项目_01_受理公告或公示版
PL022,PL022_佛山市锐拓新材料有限公司新建项目_01_受理公告或公示版.pdf,61,2,42,完整,1.0,经三级化粪处理 | 广东省地方标准《水污染,,解析文本拼接_表格清洗增强_02_021-040.md,021_佛山市锐拓新材料有限公司新建项目_01_受理公告或公示版
PL022,PL022_佛山市锐拓新材料有限公司新建项目_01_受理公告或公示版.pdf,61,2,43,完整,1.0,"BOD
5 | 后由园区污水管 | 物排放限值》",,解析文本拼接_表格清洗增强_02_021-040.md,021_佛山市锐拓新材料有限公司新建项目_01_受理公告或公示版
PL022,PL022_佛山市锐拓新材料有限公司新建项目_01_受理公告或公示版.pdf,61,2,45,疑似缺失,0.667,"NH -N
3 | 网排至杏坛污水 | （DB44/26-2001）第二时","NH -N
3",解析文本拼接_表格清洗增强_02_021-040.md,021_佛山市锐拓新材料有限公司新建项目_01_受理公告或公示版
PL022,PL022_佛山市锐拓新材料有限公司新建项目_01_受理公告或公示版.pdf,61,2,46,完整,1.0,处理厂集中处理 | 段三级标准,,解析文本拼接_表格清洗增强_02_021-040.md,021_佛山市锐拓新材料有限公司新建项目_01_受理公告或公示版
PL022,PL022_佛山市锐拓新材料有限公司新建项目_01_受理公告或公示版.pdf,61,2,53,完整,1.0,冷却废水 | 、石油 | /,,解析文本拼接_表格清洗增强_02_021-040.md,021_佛山市锐拓新材料有限公司新建项目_01_受理公告或公示版
PL022,PL022_佛山市锐拓新材料有限公司新建项目_01_受理公告或公示版.pdf,61,2,54,完整,1.0,SS | 区绿点废水回收,,解析文本拼接_表格清洗增强_02_021-040.md,021_佛山市锐拓新材料有限公司新建项目_01_受理公告或公示版
PL022,PL022_佛山市锐拓新材料有限公司新建项目_01_受理公告或公示版.pdf,61,2,61,完整,1.0,声环境 | 生产设备 | 噪声 | 音、距离衰减等,,解析文本拼接_表格清洗增强_02_021-040.md,021_佛山市锐拓新材料有限公司新建项目_01_受理公告或公示版
PL022,PL022_佛山市锐拓新材料有限公司新建项目_01_受理公告或公示版.pdf,61,2,63,完整,1.0,综合措施 | (GB12348-2008),,解析文本拼接_表格清洗增强_02_021-040.md,021_佛山市锐拓新材料有限公司新建项目_01_受理公告或公示版
PL022,PL022_佛山市锐拓新材料有限公司新建项目_01_受理公告或公示版.pdf,62,1,2,完整,1.0,"土壤及地下水
污染防治措施 | 1）液态原料储存区及危废间
①选用符合标准的容器盛装液态原辅材料，有效减少物料的泄漏。
②液态原料储存区及危废间设有地下水重点防治区，地面进行防渗处
理，防渗层采用2mm厚高密度聚乙烯，或至少2mm厚的其他人工材料，
渗透系数≤10-10cm/s，可避免泄漏液态危险废物下渗，避免对地下水的影响。
2）办公区域等对于办公等区域，",,解析文本拼接_表格清洗增强_02_021-040.md,021_佛山市锐拓新材料有限公司新建项目_01_受理公告或公示版
PL022,PL022_佛山市锐拓新材料有限公司新建项目_01_受理公告或公示版.pdf,62,1,4,完整,1.0,"环境风险
防范措施 | 项目严格落实安监、消防部门对原料贮存的相关要求、生产过程风险
防范与管理的要求，同时自觉接受安监、消防部门的监督管理；置雨水外
排口截断阀，在火灾、泄漏等事故情况下关闭截断阀门，防止消防废水通
过雨水管道排入外环境；制定切实可行的风险事故应急预案，本项目属于
符合简化备案程序的产废单位，应实施简化备案程序，向相应生态环境部
门进行简化",,解析文本拼接_表格清洗增强_02_021-040.md,021_佛山市锐拓新材料有限公司新建项目_01_受理公告或公示版
PL022,PL022_佛山市锐拓新材料有限公司新建项目_01_受理公告或公示版.pdf,62,1,5,完整,1.0,"其他环境
管理要求 | 建设项目发生实际排污行为之前，根据固定污染源排污许可分类管理
名录（2019 年版）、《关于印发《固定污染源排污登记工作指南（试行）
的通知》（环办环评函[2020]9 号）、《佛山市生态环境局关于 2020 年全
面实施排污许可发证登记工作的通知》等文件，企业按照相关规定填报排
污登记表。项目竣工后，建设单位按验收暂行办法和验收技术",,解析文本拼接_表格清洗增强_02_021-040.md,021_佛山市锐拓新材料有限公司新建项目_01_受理公告或公示版
PL022,PL022_佛山市锐拓新材料有限公司新建项目_01_受理公告或公示版.pdf,62,2,13,完整,1.0,污染防治措施 | 3）对于生活垃圾，建设单位日产日清，同时对堆放点做防腐、防渗措,,解析文本拼接_表格清洗增强_02_021-040.md,021_佛山市锐拓新材料有限公司新建项目_01_受理公告或公示版
PL022,PL022_佛山市锐拓新材料有限公司新建项目_01_受理公告或公示版.pdf,62,2,31,完整,1.0,其他环境 | 的通知》（环办环评函[2020]9 号）、《佛山市生态环境局关于 2020 年全,,解析文本拼接_表格清洗增强_02_021-040.md,021_佛山市锐拓新材料有限公司新建项目_01_受理公告或公示版
PL022,PL022_佛山市锐拓新材料有限公司新建项目_01_受理公告或公示版.pdf,65,1,1,完整,1.0,"项目
分类 | 污染物名称 | 现有工程
排放量（固体废物产
生量）① | 现有工程
许可排放量
② | 在建工程
排放量（固体废物产
生量）③ | 本项目
排放量（固体废物
产生量）④ | 以新带老削减量
（新建项目不填）⑤ | 本项目建成后
全厂排放量（固体废物产生
量）⑥ | 变化量
⑦",,解析文本拼接_表格清洗增强_02_021-040.md,021_佛山市锐拓新材料有限公司新建项目_01_受理公告或公示版
PL022,PL022_佛山市锐拓新材料有限公司新建项目_01_受理公告或公示版.pdf,65,1,2,完整,1.0,"废气 | 非甲烷
总烃 | 有组织 | 0 | 0 | 0 | 0.271t/a | 0 | 0.271t/a | +0.271t/a",,解析文本拼接_表格清洗增强_02_021-040.md,021_佛山市锐拓新材料有限公司新建项目_01_受理公告或公示版
PL022,PL022_佛山市锐拓新材料有限公司新建项目_01_受理公告或公示版.pdf,65,1,3,完整,1.0,无组织 | 0 | 0 | 0 | 1.262t/a | 0 | 1.262t/a | +1.262t/a,,解析文本拼接_表格清洗增强_02_021-040.md,021_佛山市锐拓新材料有限公司新建项目_01_受理公告或公示版
PL022,PL022_佛山市锐拓新材料有限公司新建项目_01_受理公告或公示版.pdf,65,1,4,完整,1.0,破碎粉尘 | 0 | 0 | 0 | 0.1657t/a | 0 | 0.1657t/a | +0.1657t/a,,解析文本拼接_表格清洗增强_02_021-040.md,021_佛山市锐拓新材料有限公司新建项目_01_受理公告或公示版
PL022,PL022_佛山市锐拓新材料有限公司新建项目_01_受理公告或公示版.pdf,65,1,5,完整,1.0,投料粉尘 | 0 | 0 | 0 | 0.4867t/a | 0 | 0.4867t/a | +0.4867t/a,,解析文本拼接_表格清洗增强_02_021-040.md,021_佛山市锐拓新材料有限公司新建项目_01_受理公告或公示版
PL022,PL022_佛山市锐拓新材料有限公司新建项目_01_受理公告或公示版.pdf,65,1,6,完整,1.0,"废水 | 生活
污水 | COD
Cr | 0 | 0 | 0 | 0.0383t/a | 0 | 0.0383t/a | +0.0383t/a",,解析文本拼接_表格清洗增强_02_021-040.md,021_佛山市锐拓新材料有限公司新建项目_01_受理公告或公示版
PL022,PL022_佛山市锐拓新材料有限公司新建项目_01_受理公告或公示版.pdf,65,1,7,完整,1.0,"BOD
5 | 0 | 0 | 0 | 0.0309t/a | 0 | 0.0309t/a | +0.0309t/a",,解析文本拼接_表格清洗增强_02_021-040.md,021_佛山市锐拓新材料有限公司新建项目_01_受理公告或公示版
PL022,PL022_佛山市锐拓新材料有限公司新建项目_01_受理公告或公示版.pdf,65,1,8,部分,0.875,"NH-N
3 | 0 | 0 | 0 | 0.0109t/a | 0 | 0.0109t/a | +0.0109t/a","NH-N
3",解析文本拼接_表格清洗增强_02_021-040.md,021_佛山市锐拓新材料有限公司新建项目_01_受理公告或公示版
PL022,PL022_佛山市锐拓新材料有限公司新建项目_01_受理公告或公示版.pdf,65,1,9,完整,1.0,SS | 0 | 0 | 0 | 0.0018t/a | 0 | 0.0018t/a | +0.0018t/a,,解析文本拼接_表格清洗增强_02_021-040.md,021_佛山市锐拓新材料有限公司新建项目_01_受理公告或公示版
PL022,PL022_佛山市锐拓新材料有限公司新建项目_01_受理公告或公示版.pdf,65,1,10,完整,1.0,"一般工业
固体废物 | 生活垃圾 | 0 | 0 | 0 | 3t/a | 0 | 3t/a | +3t/a",,解析文本拼接_表格清洗增强_02_021-040.md,021_佛山市锐拓新材料有限公司新建项目_01_受理公告或公示版
PL022,PL022_佛山市锐拓新材料有限公司新建项目_01_受理公告或公示版.pdf,65,1,11,完整,1.0,边角料 | 0 | 0 | 0 | 19.5t/a | 0 | 19.5t/a | +19.5t/a,,解析文本拼接_表格清洗增强_02_021-040.md,021_佛山市锐拓新材料有限公司新建项目_01_受理公告或公示版
PL022,PL022_佛山市锐拓新材料有限公司新建项目_01_受理公告或公示版.pdf,65,1,12,完整,1.0,次品 | 19.5t/a | 19.5t/a | +19.5t/a,,解析文本拼接_表格清洗增强_02_021-040.md,021_佛山市锐拓新材料有限公司新建项目_01_受理公告或公示版
PL022,PL022_佛山市锐拓新材料有限公司新建项目_01_受理公告或公示版.pdf,65,1,13,完整,1.0,废包装材料 | 0 | 0 | 0 | 1.56t/a | 0 | 1.56t/a | +1.56t/a,,解析文本拼接_表格清洗增强_02_021-040.md,021_佛山市锐拓新材料有限公司新建项目_01_受理公告或公示版
PL022,PL022_佛山市锐拓新材料有限公司新建项目_01_受理公告或公示版.pdf,65,1,14,完整,1.0,危险废物 | 废机油 | 0 | 0 | 0 | 0.25t/a | 0 | 0.25t/a | +0.25t/a,,解析文本拼接_表格清洗增强_02_021-040.md,021_佛山市锐拓新材料有限公司新建项目_01_受理公告或公示版
PL022,PL022_佛山市锐拓新材料有限公司新建项目_01_受理公告或公示版.pdf,65,1,15,完整,1.0,废机油桶 | 0 | 0 | 0 | 0.01t/a | 0 | 0.01t/a | +0.01t/a,,解析文本拼接_表格清洗增强_02_021-040.md,021_佛山市锐拓新材料有限公司新建项目_01_受理公告或公示版
PL022,PL022_佛山市锐拓新材料有限公司新建项目_01_受理公告或公示版.pdf,65,1,16,完整,1.0,含油废抹布和手套 | 0 | 0 | 0 | 0.025t/a | 0 | 0.025t/a | +0.025t/a,,解析文本拼接_表格清洗增强_02_021-040.md,021_佛山市锐拓新材料有限公司新建项目_01_受理公告或公示版
PL022,PL022_佛山市锐拓新材料有限公司新建项目_01_受理公告或公示版.pdf,65,1,17,完整,1.0,废活性炭 | 0 | 0 | 0 | 4.591t/a | 0 | 4.591t/a | +4.591t/a,,解析文本拼接_表格清洗增强_02_021-040.md,021_佛山市锐拓新材料有限公司新建项目_01_受理公告或公示版
PL022,PL022_佛山市锐拓新材料有限公司新建项目_01_受理公告或公示版.pdf,65,2,3,完整,1.0,污染物名称 | 排放量（固体废物产 | 许可排放量 | 排放量（固体废物产 | 排放 | 量（固体废物 | 全厂排放 | 量（固体废物产生,,解析文本拼接_表格清洗增强_02_021-040.md,021_佛山市锐拓新材料有限公司新建项目_01_受理公告或公示版
PL022,PL022_佛山市锐拓新材料有限公司新建项目_01_受理公告或公示版.pdf,65,2,6,部分,0.875,"有组织
非甲烷 | 0 | 0 | 0 | 0.271t/a | 0 | 0.271t/a | +0.271t/a","有组织
非甲烷",解析文本拼接_表格清洗增强_02_021-040.md,021_佛山市锐拓新材料有限公司新建项目_01_受理公告或公示版
PL022,PL022_佛山市锐拓新材料有限公司新建项目_01_受理公告或公示版.pdf,65,2,9,完整,1.0,0 | 0 | 0 | 1.262t/a | 0 | 1.262t/a | +1.262t/a,,解析文本拼接_表格清洗增强_02_021-040.md,021_佛山市锐拓新材料有限公司新建项目_01_受理公告或公示版
PL022,PL022_佛山市锐拓新材料有限公司新建项目_01_受理公告或公示版.pdf,65,2,11,完整,1.0,破碎粉尘 | 0 | 0 | 0 | 0.1657t/a | 0 | 0.1657t/a | +0.1657t/a,,解析文本拼接_表格清洗增强_02_021-040.md,021_佛山市锐拓新材料有限公司新建项目_01_受理公告或公示版
PL022,PL022_佛山市锐拓新材料有限公司新建项目_01_受理公告或公示版.pdf,65,2,12,完整,1.0,投料粉尘 | 0 | 0 | 0 | 0.4867t/a | 0 | 0.4867t/a | +0.4867t/a,,解析文本拼接_表格清洗增强_02_021-040.md,021_佛山市锐拓新材料有限公司新建项目_01_受理公告或公示版
PL022,PL022_佛山市锐拓新材料有限公司新建项目_01_受理公告或公示版.pdf,65,2,13,完整,1.0,"COD
Cr | 0 | 0 | 0 | 0.0383t/a | 0 | 0.0383t/a | +0.0383t/a",,解析文本拼接_表格清洗增强_02_021-040.md,021_佛山市锐拓新材料有限公司新建项目_01_受理公告或公示版
PL022,PL022_佛山市锐拓新材料有限公司新建项目_01_受理公告或公示版.pdf,65,2,14,部分,0.875,生活 BOD 5 | 0 | 0 | 0 | 0.0309t/a | 0 | 0.0309t/a | +0.0309t/a,生活 BOD 5,解析文本拼接_表格清洗增强_02_021-040.md,021_佛山市锐拓新材料有限公司新建项目_01_受理公告或公示版
PL022,PL022_佛山市锐拓新材料有限公司新建项目_01_受理公告或公示版.pdf,65,2,17,部分,0.875,"NH-N
3 | 0 | 0 | 0 | 0.0109t/a | 0 | 0.0109t/a | +0.0109t/a","NH-N
3",解析文本拼接_表格清洗增强_02_021-040.md,021_佛山市锐拓新材料有限公司新建项目_01_受理公告或公示版
PL022,PL022_佛山市锐拓新材料有限公司新建项目_01_受理公告或公示版.pdf,65,2,18,完整,1.0,SS | 0 | 0 | 0 | 0.0018t/a | 0 | 0.0018t/a | +0.0018t/a,,解析文本拼接_表格清洗增强_02_021-040.md,021_佛山市锐拓新材料有限公司新建项目_01_受理公告或公示版
PL022,PL022_佛山市锐拓新材料有限公司新建项目_01_受理公告或公示版.pdf,65,2,19,完整,1.0,生活垃圾 | 0 | 0 | 0 | 3t/a | 0 | 3t/a | +3t/a,,解析文本拼接_表格清洗增强_02_021-040.md,021_佛山市锐拓新材料有限公司新建项目_01_受理公告或公示版
PL022,PL022_佛山市锐拓新材料有限公司新建项目_01_受理公告或公示版.pdf,65,2,20,完整,1.0,一般工业 | 边角料 | 0 | 0 | 0 | 19.5t/a | 0 | 19.5t/a | +19.5t/a,,解析文本拼接_表格清洗增强_02_021-040.md,021_佛山市锐拓新材料有限公司新建项目_01_受理公告或公示版
PL022,PL022_佛山市锐拓新材料有限公司新建项目_01_受理公告或公示版.pdf,65,2,23,完整,1.0,19.5t/a | 19.5t/a | +19.5t/a,,解析文本拼接_表格清洗增强_02_021-040.md,021_佛山市锐拓新材料有限公司新建项目_01_受理公告或公示版
PL022,PL022_佛山市锐拓新材料有限公司新建项目_01_受理公告或公示版.pdf,65,2,24,完整,1.0,废包装材料 | 0 | 0 | 0 | 1.56t/a | 0 | 1.56t/a | +1.56t/a,,解析文本拼接_表格清洗增强_02_021-040.md,021_佛山市锐拓新材料有限公司新建项目_01_受理公告或公示版
PL022,PL022_佛山市锐拓新材料有限公司新建项目_01_受理公告或公示版.pdf,65,2,25,完整,1.0,废机油 | 0 | 0 | 0 | 0.25t/a | 0 | 0.25t/a | +0.25t/a,,解析文本拼接_表格清洗增强_02_021-040.md,021_佛山市锐拓新材料有限公司新建项目_01_受理公告或公示版
PL022,PL022_佛山市锐拓新材料有限公司新建项目_01_受理公告或公示版.pdf,65,2,26,完整,1.0,废机油桶 | 0 | 0 | 0 | 0.01t/a | 0 | 0.01t/a | +0.01t/a,,解析文本拼接_表格清洗增强_02_021-040.md,021_佛山市锐拓新材料有限公司新建项目_01_受理公告或公示版
PL022,PL022_佛山市锐拓新材料有限公司新建项目_01_受理公告或公示版.pdf,65,2,28,完整,1.0,含油废抹布和手套 | 0 | 0 | 0 | 0.025t/a | 0 | 0.025t/a | +0.025t/a,,解析文本拼接_表格清洗增强_02_021-040.md,021_佛山市锐拓新材料有限公司新建项目_01_受理公告或公示版
PL022,PL022_佛山市锐拓新材料有限公司新建项目_01_受理公告或公示版.pdf,65,2,29,完整,1.0,废活性炭 | 0 | 0 | 0 | 4.591t/a | 0 | 4.591t/a | +4.591t/a,,解析文本拼接_表格清洗增强_02_021-040.md,021_佛山市锐拓新材料有限公司新建项目_01_受理公告或公示版
PL022,PL022_佛山市锐拓新材料有限公司新建项目_01_受理公告或公示版.pdf,76,2,1,完整,1.0,18栋 | 配电房,,解析文本拼接_表格清洗增强_02_021-040.md,021_佛山市锐拓新材料有限公司新建项目_01_受理公告或公示版
PL022,PL022_佛山市锐拓新材料有限公司新建项目_01_受理公告或公示版.pdf,78,1,1,完整,1.0,废气排放 | 口 | G1,,解析文本拼接_表格清洗增强_02_021-040.md,021_佛山市锐拓新材料有限公司新建项目_01_受理公告或公示版
PL022,PL022_佛山市锐拓新材料有限公司新建项目_01_受理公告或公示版.pdf,79,1,1,完整,1.0,项目西南面-顺德高科智能科技产业中心19栋 | 项目西北面-顺德高科智能科技产业中心20栋,,解析文本拼接_表格清洗增强_02_021-040.md,021_佛山市锐拓新材料有限公司新建项目_01_受理公告或公示版
PL022,PL022_佛山市锐拓新材料有限公司新建项目_01_受理公告或公示版.pdf,79,1,2,完整,1.0,项目东北面-顺德高科智能科技产业中心23栋 | 项目东南面-配电房,,解析文本拼接_表格清洗增强_02_021-040.md,021_佛山市锐拓新材料有限公司新建项目_01_受理公告或公示版
