date,canonical_project_id,version_round,report_name,project_name,question_id,audit_module,question,answer,evidence,source_basis,scarcity_check,verifiability_check,manual_check,人工判断,人工备注,润色后答案,修改类型,是否需要人工复核,AI标注备注,来源文件,审核类别,raw_manual_judgement,normalized_judgement_candidate,normalized_judgement_final,gold_review_status,evidence_sufficiency,item_quality_status,basis_verification_status,taxonomy_review_status,experiment_inclusion,review_queue_type,reviewer_1,reviewer_1_date,reviewer_2,reviewer_2_date,adjudicator,adjudication_note,gold_version,source_row_number,auto_mapping_rule,auto_flag_reason,human_review_note,audit_domain,cognitive_level,reasoning_type,primary_functional_capability,secondary_capabilities,knowledge_dependency,workflow_dependency,evidence_span,template_default_used,taxonomy_source_override_reason,classification_status,taxonomy_version,taxonomy_override_reason,conflict_reason
2026-07-24,PL001,V01,PL001_佛山市亮正新材料有限公司新建项目,佛山市亮正新材料有限公司新建项目,PL001_V01_Q03,环评投资核算,请根据报告中的总投资、环保投资和环保工程投资明细，判断环保投资核算是否前后一致、比例是否正确。,环评投资核算判定结论：需复核；具体分析：报告填报总投资为50万元、环保投资为10万元、环保投资占比为20%。按“环保投资÷总投资×100%”复算为20.00%，与报告填报值一致；但现有解析文本未检索到环保工程投资明细表，无法核对分项合计是否与环保投资一致。因此，占比计算正确，环保投资前后一致性仍需结合原报告投资明细表复核。,一、建设项目基本情况：总投资50万元、环保投资10万元、占比20%。来源：解析文本拼接_01_001-020(4).md,报告原文-环保投资明细表,2,2,False,需复核,,,,是,,30个PL_环评投资核算QA,环评投资概算,需复核,证据不足,,未复核,不足,有效,不需要外部依据,自动默认,候选池,B_证据不足,,,,,,,,3,MAP_需复核+EVIDENCE_INSUFFICIENCY_SIGNAL,原结论明确要求人工复核；命中证据不足候选词：未检索到、无法核对；投资复核主要依据报告内金额与算式,,environmental_investment,L2_application,quantitative_verification,numerical_accuracy,report_grounding；procedural_reasoning,low,medium,cross_section,True,,auto_default,v1,,manual_check=false但存在人工判断
2026-07-28,PL001,V01,佛山市亮正新材料有限公司新建项目环境影响报告表,佛山市亮正新材料有限公司新建项目,PL001_EnvQuality_Q01,大气及地表水环境质量现状数据引用,请根据报告引用的环境质量公报及现状数据，判断大气和地表水环境质量现状数据引用是否准确。,"1、大气及地表水环境质量引用数据正确；
2、项目大气环境质量引用《佛山市生态环境局顺德分局关于发布2022年度佛山市顺德区生态环境状况公报的通知（佛环顺函〔2023〕26号）》。环评对大气环境质量分析内容与《2022年度佛山市顺德区生态环境状况公报》中大气环境状况描述一致。经检索，截至审核日该地区最新的环境状况公报为《2024年度佛山市顺德区生态环境状况公报》，可供参考。
项目地表水环境质量引用《佛山市生态环境局顺德分局关于发布2022年度佛山市顺德区生态环境状况公报的通知（佛环顺函〔2023〕26号）》。环评对地表水环境质量分析内容与《2022年度佛山市顺德区生态环境状况公报》中地表水环境状况描述一致。经检索，截至审核日该地区最新的环境状况公报为《2024年度佛山市顺德区生态环境状况公报》，可供参考。",证据位置:大气：表4第0行第1列（大气环境段落）；地表水：表4第0行第1列（地表水环境段落）; 大气公报:《佛山市生态环境局顺德分局关于发布2022年度佛山市顺德区生态环境状况公报的通知（佛环顺函〔2023〕26号）》; 地表水资料:《佛山市生态环境局顺德分局关于发布2022年度佛山市顺德区生态环境状况公报的通知（佛环顺函〔2023〕26号）》,生态环境状况公报知识库; 收纳水体地表水执行标准,2,2,False,正确,大气:正确; 地表水:正确; 报告日期:2023-07,,,是,各项引用数据与公报一致（表3-1变化列显示+23.8%（正值），公报为下降23.8%（负值），变化幅度正确但符号错误，不影响达标结论；表3-1变化列显示+13.6%（正值），公报为下降13.6%（负值），变化幅度正确但符号错误，不影响达标结论；表3-1列标题标注'2020'和'2021'，但列内数值实为2021年和2022年数据（与公报图2一致），列标题年份向前偏移一年；表标题及正文均正确引用2022年度，不影响数据本身正确性）,30个环评_大气及地表水环境质量现状数据引用复核QA,环境质量数据引用,正确,无误,,未复核,部分充分,有效,部分核验,自动默认,候选池,A_仅待终审,,,,,,,,4,MAP_正确,存在报告证据，但尚未经人工逐项核验；已列依据来源，但未在本阶段逐条核验,,environmental_quality_data,L3_analysis,consistency_comparison,evidence_integration,report_grounding；basis_grounding,high,high,report_plus_external,True,,auto_default,v1,,manual_check=false但存在人工判断
2026-07-27,PL001,V01,PL001_佛山市亮正新材料有限公司新建项目_01_核查材料.docx,佛山市亮正新材料有限公司新建项目,PL001_Emission_水污,污染物排放标准-水污染物排放标准,请根据报告中的废水类型、预处理方式、排放去向、企业排口标准、污水处理厂名称、尾水排放河道和尾水执行标准，判断水污染物排放标准选取是否合理。要求对比：生活污水排放标准+排入污水处理厂名称+尾水排放河道+尾水排放执行标准，报告与知识库是否一致。,"1、水污染物排放标准中生活污水排放执行标准：存在错误；
2、水污染物排放标准结论的过程分析内容：存在错误。报告称""生活污水经独立生活污水处理设施处理后达到《城镇污水处理厂污染物排放标准》（GB18918-2002）二级标准后排入古齐涌""。GB18918-2002的适用对象是城镇污水处理厂，不适用于企业自建的独立生活污水处理设施。本项目生活污水经企业自建独立处理设施处理后直接排入地表水体（古齐涌），应执行广东省地方标准《水污染物排放限值》（DB44/26-2001）第二时段相应标准。对比同区域其他项目（PL002-PL005），生活污水均执行DB44/26-2001第二时段三级标准后排入市政管网经城镇污水处理厂处理，而本项目直接排放至河涌却引用了GB18918-2002，标准选取明显不当。印刷机清洗废水委托第三方处理，标准引用未见明显问题。","水标准原文：""本项目生活污水经独立生活污水处理设施处理后达到《城镇污水处理厂污染物排放标准》（GB18918-2002）二级标准后排入古齐涌，然后排至新涌大河，最后汇入顺德支流。""",emission-standard-kb.jsonl; DB44/26-2001; DB44/2367-2022; GB31572-2015; GB14554-93; GB12348-2008; GB18597-2023; GB18599-2020,2,2,False,存在错误,水:存在错误；气:存在缺漏；噪声:存在缺漏；固废:存在缺漏,,,是,原综合排放标准问答对拆分而来,30份环评_污染物排放控制执行标准复核QA(拆分版),水污染物排放标准,存在错误,存在错误,,未复核,不足,有效,部分核验,自动默认,候选池,B_证据不足,,,,,,,,5,MAP_存在错误,命中证据不足候选词：未见；已列依据来源，但未在本阶段逐条核验,,water_emission_standard,L3_analysis,rule_applicability,basis_grounding,report_grounding；procedural_reasoning,high,high,report_plus_external,True,,auto_default,v1,,manual_check=false但存在人工判断
2026-07-27,PL001,V01,PL001_佛山市亮正新材料有限公司新建项目_01_核查材料.docx,佛山市亮正新材料有限公司新建项目,PL001_Emission_大气,污染物排放标准-大气污染物排放标准,请根据项目行业类别、生产工艺和污染因子，判断大气污染物排放标准选取是否合理。要求分析：污染源覆盖是否完整（列出所有大气污染源及对应标准），是否存在缺漏的污染源或标准。,"1、污染排放标准分析污染源内容：不完整；
2、大气污染物排放标准分析：存在缺漏。胶水调配、上胶、复合、熟化工序VOCs执行DB44/2367-2022表1，印刷工序VOCs执行DB44/815-2010，臭气浓度执行GB14554-93，厂区内VOCs无组织执行DB44/2367-2022表3，以上选取合理。但蒸汽发生器燃烧液化石油气产生的SO2、NOx执行《工业炉窑污染综合治理方案》（环大气[2019]56号）中""重点区域排放限值""，该文件为政策性文件而非正式排放标准，不宜作为排放标准依据；最高允许排放速率执行DB44/27-2001第二时段二级标准尚可，但浓度限值应优先引用正式标准（如DB44/27-2001或GB9078-1996）。","大气标准原文：""蒸汽发生器燃烧液化石油气产生的SO2、NOX执行有组织排放执行《工业炉窑污染综合治理方案》（环大气[2019]56号）中'重点区域排放限值'。最高允许排放速率执行广东省地方标准《大气污染物排放限值》（DB44/27-2001）第二时段二级标准要求。""",emission-standard-kb.jsonl; DB44/26-2001; DB44/2367-2022; GB31572-2015; GB14554-93; GB12348-2008; GB18597-2023; GB18599-2020,2,2,False,存在缺漏,水:存在错误；气:存在缺漏；噪声:存在缺漏；固废:存在缺漏,,,是,原综合排放标准问答对拆分而来,30份环评_污染物排放控制执行标准复核QA(拆分版),大气污染物排放标准,存在缺漏,存在缺漏,,未复核,部分充分,有效,部分核验,自动默认,候选池,A_仅待终审,,,,,,,,6,MAP_存在缺漏,存在报告证据，但尚未经人工逐项核验；已列依据来源，但未在本阶段逐条核验,,air_emission_standard,L3_analysis,multi_evidence_synthesis,basis_grounding,report_grounding；evidence_integration,high,high,report_plus_external,True,,auto_default,v1,,manual_check=false但存在人工判断
2026-07-27,PL001,V01,PL001_佛山市亮正新材料有限公司新建项目_01_核查材料.docx,佛山市亮正新材料有限公司新建项目,PL001_Emission_噪声,污染物排放标准-噪声排放标准,请根据项目所属声环境功能区类别，判断噪声排放标准选取是否合理。要求总结声功能区类型、厂界执行标准（GB12348-2008）及昼夜限值，并与环评编制内容进行一致性分析。,"1、噪声排放标准中执行标准与排放限值内容：存在缺漏；
2、存在缺漏。项目厂界执行GB12348-2008中2类标准（昼间≤60dB(A)、夜间≤50dB(A)），但报告未引用声环境功能区划文件作为依据，无法判断2类标准选取是否准确。同区域其他项目（PL002-PL005）均执行3类标准，本项目执行2类标准缺乏依据说明。","噪声标准原文：""项目厂界外1m执行《工业企业厂界环境噪声排放标准》（GB12348-2008）中的2类标准：昼间≤60dB(A)、夜间≤50dB(A)。""",emission-standard-kb.jsonl; DB44/26-2001; DB44/2367-2022; GB31572-2015; GB14554-93; GB12348-2008; GB18597-2023; GB18599-2020,2,2,False,存在缺漏,水:存在错误；气:存在缺漏；噪声:存在缺漏；固废:存在缺漏,,,是,原综合排放标准问答对拆分而来,30份环评_污染物排放控制执行标准复核QA(拆分版),噪声排放标准,存在缺漏,存在缺漏,,未复核,不足,有效,部分核验,自动默认,候选池,B_证据不足,,,,,,,,7,MAP_存在缺漏,命中证据不足候选词：无法判断；已列依据来源，但未在本阶段逐条核验,,noise_emission_standard,L2_application,rule_applicability,basis_grounding,report_grounding,high,medium,report_plus_external,True,,auto_default,v1,,manual_check=false但存在人工判断
2026-07-27,PL001,V01,PL001_佛山市亮正新材料有限公司新建项目_01_核查材料.docx,佛山市亮正新材料有限公司新建项目,PL001_Emission_固体,污染物排放标准-固体废物控制标准,请根据项目产生的固体废物和危险废物类型，判断固体废物控制标准选取是否合理。要求总结一般工业固体废物和危险废物执行标准的标准名称及编号，分析是否缺少必要标准条目。,"1、固体废物控制排放中执行标准内容：无误；
2、固体废物控制排放内容总结：报告已引用固体废物污染环境防治法、广东省固体废物污染环境防治条例、危险废物贮存污染控制标准（GB18597-2023）等法律法规和标准，固体废物控制标准编制完整。（注：报告还额外引用了GB18599-2020《一般工业固体废物贮存和填埋污染控制标准》，但该标准不在当前审核知识库必须满足的标准清单中，不影响判定结论。）","固废标准原文：""固体废物管理应遵照《中华人民共和国固体废物污染环境防治法》、《广东省固体废物污染环境防治条例》和《固体废物鉴别标准通则》（GB34330-2017）执行……危险废物执行《国家危险废物名录》（2021版）以及《危险废物贮存污染控制标准》（GB18597-2023）。""",emission-standard-kb.jsonl; DB44/26-2001; DB44/2367-2022; GB31572-2015; GB14554-93; GB12348-2008; GB18597-2023; GB18599-2020,2,2,False,无误,水:存在错误；气:存在缺漏；噪声:存在缺漏；固废:存在缺漏,,,否,修正：GB18599-2020不在知识库必须满足的标准清单中，原判定依据已更正。原综合排放标准问答对拆分而来,30份环评_污染物排放控制执行标准复核QA(拆分版),固体废物控制标准,无误,无误,,未复核,部分充分,有效,部分核验,自动默认,候选池,待分流,,,,,,,,8,MAP_无误,存在报告证据，但尚未经人工逐项核验；已列依据来源，但未在本阶段逐条核验,,solid_waste_standard,L2_application,rule_applicability,basis_grounding,report_grounding,high,medium,report_plus_external,True,,auto_default,v1,,manual_check=false但存在人工判断
2026-07-24,PL002,V01,PL002_佛山市顺德区启卓工程塑料实业有限公司搬迁项目,佛山市顺德区启卓工程塑料实业有限公司搬迁项目,PL002_V02_Q03,环评投资核算,请根据报告中的总投资、环保投资和环保工程投资明细，判断环保投资核算是否前后一致、比例是否正确。,环评投资核算判定结论：需复核；具体分析：报告填报总投资为150万元、环保投资为15万元、环保投资占比为10%。按“环保投资÷总投资×100%”复算为10.00%，与报告填报值一致；但现有解析文本未检索到环保工程投资明细表，无法核对分项合计是否与环保投资一致。因此，占比计算正确，环保投资前后一致性仍需结合原报告投资明细表复核。,一、建设项目基本情况：总投资150万元、环保投资15万元、占比10%。来源：解析文本拼接_01_001-020(4).md,报告原文-环保投资明细表,2,2,False,需复核,,,,是,,30个PL_环评投资核算QA,环评投资概算,需复核,证据不足,,未复核,不足,有效,不需要外部依据,自动默认,候选池,B_证据不足,,,,,,,,10,MAP_需复核+EVIDENCE_INSUFFICIENCY_SIGNAL,原结论明确要求人工复核；命中证据不足候选词：未检索到、无法核对；投资复核主要依据报告内金额与算式,,environmental_investment,L2_application,quantitative_verification,numerical_accuracy,report_grounding；procedural_reasoning,low,medium,cross_section,True,,auto_default,v1,,manual_check=false但存在人工判断
2026-07-28,PL002,V01,佛山市顺德区启卓工程塑料实业有限公司搬迁项目环境影响报告表,佛山市顺德区启卓工程塑料实业有限公司搬迁项目,PL002_EnvQuality_Q01,大气及地表水环境质量现状数据引用,请根据报告引用的环境质量公报及现状数据，判断大气和地表水环境质量现状数据引用是否准确。,"1、大气及地表水环境质量引用数据正确；
2、项目大气环境质量引用《佛山市生态环境局顺德分局关于发布2022年度佛山市顺德区生态环境状况公报的通知（佛环顺函〔2023〕26号）》。环评对大气环境质量分析内容与《2022年度佛山市顺德区生态环境状况公报》中大气环境状况描述一致。经检索，截至审核日该地区最新的环境状况公报为《2024年度佛山市顺德区生态环境状况公报》，可供参考。
项目地表水环境质量引用《佛山市生态环境局顺德分局关于发布2022年度佛山市顺德区生态环境状况公报的通知（佛环顺函〔2023〕26号）》。环评对地表水环境质量分析内容与《2022年度佛山市顺德区生态环境状况公报》中地表水环境状况描述一致。经检索，截至审核日该地区最新的环境状况公报为《2024年度佛山市顺德区生态环境状况公报》，可供参考。",证据位置:大气：表6第0行第1列（大气环境段落）；地表水：表6第0行第1列（地表水环境段落）; 大气公报:《佛山市生态环境局顺德分局关于发布2022年度佛山市顺德区生态环境状况公报的通知（佛环顺函〔2023〕26号）》; 地表水资料:《佛山市生态环境局顺德分局关于发布2022年度佛山市顺德区生态环境状况公报的通知（佛环顺函〔2023〕26号）》,生态环境状况公报知识库; 收纳水体地表水执行标准,2,2,False,正确,大气:正确; 地表水:正确; 报告日期:2023-07,,,是,各项引用数据与公报一致，无需修正,30个环评_大气及地表水环境质量现状数据引用复核QA,环境质量数据引用,正确,无误,,未复核,部分充分,有效,部分核验,自动默认,候选池,A_仅待终审,,,,,,,,11,MAP_正确,存在报告证据，但尚未经人工逐项核验；已列依据来源，但未在本阶段逐条核验,,environmental_quality_data,L3_analysis,consistency_comparison,evidence_integration,report_grounding；basis_grounding,high,high,report_plus_external,True,,auto_default,v1,,manual_check=false但存在人工判断
2026-07-27,PL002,V01,PL002_佛山市顺德区启卓工程塑料实业有限公司搬迁项目_01_核查材料.docx,佛山市顺德区启卓工程塑料实业有限公司搬迁项目,PL002_Emission_水污,污染物排放标准-水污染物排放标准,请根据报告中的废水类型、预处理方式、排放去向、企业排口标准、污水处理厂名称、尾水排放河道和尾水执行标准，判断水污染物排放标准选取是否合理。要求对比：生活污水排放标准+排入污水处理厂名称+尾水排放河道+尾水排放执行标准，报告与知识库是否一致。,"1、水污染物排放标准中生活污水排放执行标准：无误；
2、水污染物排放标准结论的过程分析内容：无误。生活污水经三级化粪池处理后执行DB44/26-2001第二时段三级标准（CODcr≤500mg/L、BOD5≤300mg/L），通过市政管网排至杏坛镇生活污水处理厂，污水处理厂尾水执行GB18918-2002一级A标准及DB44/26-2001第二时段一级标准的较严值。标准选取完整准确，预处理标准和纳管标准层次清晰。","水标准原文：""生活污水经三级化粪池处理后，水质执行广东省地方标准《水污染物排放限值》（DB44/26-2001）中的第二时段三级标准，即CODcr≤500mg/L，BOD5≤300mg/L，然后通过污水管网排至杏坛镇生活污水处理厂处理，杏坛镇生活污水处理厂的尾水执行《城镇污水处理厂污染物排放标准》（GB18918-2002）一级A标准及《水污染物排放限值》（DB44/26-2001）第二时段一级标准的较严值。""",emission-standard-kb.jsonl; DB44/26-2001; DB44/2367-2022; GB31572-2015; GB14554-93; GB12348-2008; GB18597-2023; GB18599-2020,2,2,False,无误,水:无误；气:无误；噪声:无误；固废:存在缺漏,,,否,原综合排放标准问答对拆分而来,30份环评_污染物排放控制执行标准复核QA(拆分版),水污染物排放标准,无误,无误,,未复核,部分充分,有效,部分核验,自动默认,候选池,待分流,,,,,,,,12,MAP_无误,存在报告证据，但尚未经人工逐项核验；已列依据来源，但未在本阶段逐条核验,,water_emission_standard,L3_analysis,rule_applicability,basis_grounding,report_grounding；procedural_reasoning,high,high,report_plus_external,True,,auto_default,v1,,manual_check=false但存在人工判断
2026-07-27,PL002,V01,PL002_佛山市顺德区启卓工程塑料实业有限公司搬迁项目_01_核查材料.docx,佛山市顺德区启卓工程塑料实业有限公司搬迁项目,PL002_Emission_大气,污染物排放标准-大气污染物排放标准,请根据项目行业类别、生产工艺和污染因子，判断大气污染物排放标准选取是否合理。要求分析：污染源覆盖是否完整（列出所有大气污染源及对应标准），是否存在缺漏的污染源或标准。,"1、污染排放标准分析污染源内容：完整；
2、大气污染物排放标准分析：无误。混料、破碎工序颗粒物执行GB31572-2015表9企业边界大气污染物浓度限值，符合合成树脂工业标准适用范围。挤出、抽检工序非甲烷总烃执行GB31572-2015表5大气污染物特别排放限值及表9企业边界浓度限值，顺德区属珠三角重点区域，执行特别排放限值合理。臭气浓度执行GB14554-93表2和表1二级新扩改建标准，合理。厂区内VOCs无组织排放执行DB44/2367-2022表3，合理。各污染因子标准选取完整、适用。","大气标准原文：""挤出、抽检工序产生的非甲烷总烃执行《合成树脂工业污染物排放标准》（GB31572-2015）表5大气污染物特别排放限值要求及表9企业边界大气污染物浓度限值要求。""",emission-standard-kb.jsonl; DB44/26-2001; DB44/2367-2022; GB31572-2015; GB14554-93; GB12348-2008; GB18597-2023; GB18599-2020,2,2,False,无误,水:无误；气:无误；噪声:无误；固废:存在缺漏,,,否,原综合排放标准问答对拆分而来,30份环评_污染物排放控制执行标准复核QA(拆分版),大气污染物排放标准,无误,无误,,未复核,部分充分,有效,部分核验,自动默认,候选池,待分流,,,,,,,,13,MAP_无误,存在报告证据，但尚未经人工逐项核验；已列依据来源，但未在本阶段逐条核验,,air_emission_standard,L3_analysis,multi_evidence_synthesis,basis_grounding,report_grounding；evidence_integration,high,high,report_plus_external,True,,auto_default,v1,,manual_check=false但存在人工判断
2026-07-27,PL002,V01,PL002_佛山市顺德区启卓工程塑料实业有限公司搬迁项目_01_核查材料.docx,佛山市顺德区启卓工程塑料实业有限公司搬迁项目,PL002_Emission_噪声,污染物排放标准-噪声排放标准,请根据项目所属声环境功能区类别，判断噪声排放标准选取是否合理。要求总结声功能区类型、厂界执行标准（GB12348-2008）及昼夜限值，并与环评编制内容进行一致性分析。,"1、噪声排放标准中执行标准与排放限值内容：无误；
2、无误。项目厂界执行GB12348-2008中3类标准（昼间≤65dB(A)、夜间≤55dB(A)），与项目所在的工业区声功能区划相符。","噪声标准原文：""项目厂界外1m执行《工业企业厂界环境噪声排放标准》（GB12348-2008）中的3类标准：昼间≤65dB(A)、夜间≤55dB(A)。""",emission-standard-kb.jsonl; DB44/26-2001; DB44/2367-2022; GB31572-2015; GB14554-93; GB12348-2008; GB18597-2023; GB18599-2020,2,2,False,无误,水:无误；气:无误；噪声:无误；固废:存在缺漏,,,否,原综合排放标准问答对拆分而来,30份环评_污染物排放控制执行标准复核QA(拆分版),噪声排放标准,无误,无误,,未复核,部分充分,有效,部分核验,自动默认,候选池,待分流,,,,,,,,14,MAP_无误,存在报告证据，但尚未经人工逐项核验；已列依据来源，但未在本阶段逐条核验,,noise_emission_standard,L2_application,rule_applicability,basis_grounding,report_grounding,high,medium,report_plus_external,True,,auto_default,v1,,manual_check=false但存在人工判断
2026-07-27,PL002,V01,PL002_佛山市顺德区启卓工程塑料实业有限公司搬迁项目_01_核查材料.docx,佛山市顺德区启卓工程塑料实业有限公司搬迁项目,PL002_Emission_固体,污染物排放标准-固体废物控制标准,请根据项目产生的固体废物和危险废物类型，判断固体废物控制标准选取是否合理。要求总结一般工业固体废物和危险废物执行标准的标准名称及编号，分析是否缺少必要标准条目。,"1、固体废物控制排放中执行标准内容：无误；
2、固体废物控制排放内容总结：报告已引用固体废物污染环境防治法、广东省固体废物污染环境防治条例、危险废物贮存污染控制标准（GB18597-2023）等法律法规和标准，固体废物控制标准编制完整。（注：报告还额外引用了GB18599-2020《一般工业固体废物贮存和填埋污染控制标准》，但该标准不在当前审核知识库必须满足的标准清单中，不影响判定结论。）","固废标准原文：""固体废物管理应遵照《中华人民共和国固体废物污染环境防治法》、《广东省固体废物污染环境防治条例》和《固体废物鉴别标准通则》（GB34330-2017）执行……危险废物执行《国家危险废物名录》（2021版）以及《危险废物贮存污染控制标准》（GB18597-2023）。""",emission-standard-kb.jsonl; DB44/26-2001; DB44/2367-2022; GB31572-2015; GB14554-93; GB12348-2008; GB18597-2023; GB18599-2020,2,2,False,无误,水:无误；气:无误；噪声:无误；固废:存在缺漏,,,否,修正：GB18599-2020不在知识库必须满足的标准清单中，原判定依据已更正。原综合排放标准问答对拆分而来,30份环评_污染物排放控制执行标准复核QA(拆分版),固体废物控制标准,无误,无误,,未复核,部分充分,有效,部分核验,自动默认,候选池,待分流,,,,,,,,15,MAP_无误,存在报告证据，但尚未经人工逐项核验；已列依据来源，但未在本阶段逐条核验,,solid_waste_standard,L2_application,rule_applicability,basis_grounding,report_grounding,high,medium,report_plus_external,True,,auto_default,v1,,manual_check=false但存在人工判断
2026-07-24,PL003,V01,PL003_佛山市顺德区康明新材料厂新建项目,佛山市顺德区康明新材料厂新建项目,PL003_V01_Q03,环评投资核算,请根据报告中的总投资、环保投资和环保工程投资明细，判断环保投资核算是否前后一致、比例是否正确。,环评投资核算判定结论：正确；具体分析：报告填报总投资为100万元、环保投资为15万元、环保投资占比为15%。按“环保投资÷总投资×100%”复算为15.00%，与报告填报值一致；表2-9 项目环保工程措施投资一览表中的分项投资合计为15万元，与环保投资一致。因此，环保投资金额、分项合计及占比前后一致，核算正确。,一、建设项目基本情况；表2-9：总投资100万元、环保投资15万元、占比15%；分项合计15万元。来源：解析文本拼接_01_001-020(4).md,报告原文-环保投资明细表,2,2,False,正确,,,,否,,30个PL_环评投资核算QA,环评投资概算,正确,无误,,未复核,部分充分,有效,不需要外部依据,自动默认,候选池,待分流,,,,,,,,17,MAP_正确,存在报告证据，但尚未经人工逐项核验；投资复核主要依据报告内金额与算式,,environmental_investment,L2_application,quantitative_verification,numerical_accuracy,report_grounding；procedural_reasoning,low,medium,cross_section,True,,auto_default,v1,,manual_check=false但存在人工判断
2026-07-28,PL003,V01,佛山市顺德区康明新材料厂新建项目环境影响报告表,佛山市顺德区康明新材料厂新建项目,PL003_EnvQuality_Q01,大气及地表水环境质量现状数据引用,请根据报告引用的环境质量公报及现状数据，判断大气和地表水环境质量现状数据引用是否准确。,"1、大气及地表水环境质量引用数据正确（报告公报名称及文号存在笔误）；
2、项目大气环境质量引用《佛山市生态环境局顺德分局关于发布2022年度佛山市顺德区生态环境状况公报的通知》（佛环顺函〔2023〕26号）。环评对大气环境质量分析内容与《2022年度佛山市顺德区生态环境状况公报》中大气环境状况描述一致。但报告中公报名称多处误写为'环境质量状况公报'或'生态环境质量状况公报'（正确为'生态环境状况公报'），文号误写为'佛顺环函〔2023〕26号'（正确为'佛环顺函〔2023〕26号'），需人工核实更正。经检索，截至审核日该地区最新的环境状况公报为《2024年度佛山市顺德区生态环境状况公报》，可供参考。
项目地表水环境质量引用《佛山市生态环境局顺德分局关于发布2022年度佛山市顺德区生态环境状况公报的通知》（佛环顺函〔2023〕26号）。环评对地表水环境质量分析内容与《2022年度佛山市顺德区生态环境状况公报》中地表水环境状况描述一致。但报告中公报名称及文号存在笔误（详见大气部分说明），需人工核实更正。经检索，截至审核日该地区最新的环境状况公报为《2024年度佛山市顺德区生态环境状况公报》，可供参考。",证据位置:大气：表2第0行第1列（大气环境段落）；地表水：表2第0行第1列（地表水环境段落）; 大气公报:《佛山市生态环境局顺德分局关于发布2022年度佛山市顺德区生态环境状况公报的通知（报告误写为佛顺环函〔2023〕26号，正确为佛环顺函〔2023〕26号）》; 地表水资料:《佛山市生态环境局顺德分局关于发布2022年度佛山市顺德区生态环境状况公报的通知（报告误写文号）》,生态环境状况公报知识库; 收纳水体地表水执行标准,2,2,False,正确,大气:正确; 地表水:正确; 报告日期:2024-03,,,是,各项引用数据与公报一致（报告多处将公报名称误写为'环境质量状况公报'（缺'生态'）或'生态环境质量状况公报'（多'质量'），正确名称为'2022年度佛山市顺德区生态环境状况公报'，属笔误；报告将文号误写为'佛顺环函'，正确为'佛环顺函'，字序颠倒，属笔误）,30个环评_大气及地表水环境质量现状数据引用复核QA,环境质量数据引用,正确,无误,,未复核,部分充分,有效,部分核验,自动默认,候选池,A_仅待终审,,,,,,,,18,MAP_正确,存在报告证据，但尚未经人工逐项核验；已列依据来源，但未在本阶段逐条核验,,environmental_quality_data,L3_analysis,consistency_comparison,evidence_integration,report_grounding；basis_grounding,high,high,report_plus_external,True,,auto_default,v1,,manual_check=false但存在人工判断
2026-07-27,PL003,V01,PL003_佛山市顺德区康明新材料厂新建项目_01_核查材料.docx,佛山市顺德区康明新材料厂新建项目,PL003_Emission_水污,污染物排放标准-水污染物排放标准,请根据报告中的废水类型、预处理方式、排放去向、企业排口标准、污水处理厂名称、尾水排放河道和尾水执行标准，判断水污染物排放标准选取是否合理。要求对比：生活污水排放标准+排入污水处理厂名称+尾水排放河道+尾水排放执行标准，报告与知识库是否一致。,"1、水污染物排放标准中生活污水排放执行标准：无误；
2、水污染物排放标准结论的过程分析内容：无误。生活废水经三级化粪池处理执行DB44/26-2001第二时段三级标准，后排入杏坛镇吉祐村红砖厂农村生活污水处理站，尾水执行GB18918-2002一级B标准。标准层次清晰，预处理标准与污水处理厂尾水标准分别引用，选取合理。","水标准原文：""项目运营期间产生的生活废水经三级化粪池处理，处理后的废水执行广东省地方标准《水污染物排放限值》（DB44/26-2001）第二时段三级标准，后排入杏坛镇吉祐村红砖厂农村生活污水处理站处理……杏坛镇吉祐村红砖厂农村生活污水处理站尾水执行《城镇污水处理厂污染物排放标准》（GB18918-2002）一级B标准。""",emission-standard-kb.jsonl; DB44/26-2001; DB44/2367-2022; GB31572-2015; GB14554-93; GB12348-2008; GB18597-2023; GB18599-2020,2,2,False,无误,水:无误；气:存在错误；噪声:无误；固废:存在缺漏,,,否,原综合排放标准问答对拆分而来,30份环评_污染物排放控制执行标准复核QA(拆分版),水污染物排放标准,无误,无误,,未复核,部分充分,有效,部分核验,自动默认,候选池,待分流,,,,,,,,19,MAP_无误,存在报告证据，但尚未经人工逐项核验；已列依据来源，但未在本阶段逐条核验,,water_emission_standard,L3_analysis,rule_applicability,basis_grounding,report_grounding；procedural_reasoning,high,high,report_plus_external,True,,auto_default,v1,,manual_check=false但存在人工判断
2026-07-27,PL003,V01,PL003_佛山市顺德区康明新材料厂新建项目_01_核查材料.docx,佛山市顺德区康明新材料厂新建项目,PL003_Emission_大气,污染物排放标准-大气污染物排放标准,请根据项目行业类别、生产工艺和污染因子，判断大气污染物排放标准选取是否合理。要求分析：污染源覆盖是否完整（列出所有大气污染源及对应标准），是否存在缺漏的污染源或标准。,"1、污染排放标准分析污染源内容：不完整；
2、大气污染物排放标准分析：存在错误。吹膜工序非甲烷总烃执行GB31572-2015表5特别排放限值及表9，合理；涂布和烘干工序非甲烷总烃执行DB44/2367-2022表1，合理；臭气浓度执行GB14554-93，合理。但涂布和烘干工序产生的总VOCs执行广东省《家具制造行业挥发性有机化合物排放标准》（DB44/814-2010），明显错误。本项目行业类别为C2921塑料薄膜制造，不属于家具制造行业，涂布工序使用的保护胶涂布胶也非家具制造行业物料，不应适用家具制造行业排放标准。总VOCs应执行DB44/2367-2022《固定污染源挥发性有机物综合排放标准》表1大气污染物排放限值及表3厂区内VOCs无组织排放限值。报告在非甲烷总烃部分已引用DB44/2367-2022，但总VOCs却转用家具行业标准，标准选取存在行业适用性错误。此外，吹膜、涂布和烘干工序通过同一排气筒排放，报告对非甲烷总烃执行GB31572-2015表5和DB44/2367-2022表1较严值的处理方式合理。","大气标准原文（错误项）：""项目保护胶涂布胶涂布和烘干过程产生的总VOCs有组织排放执行广东省《家具制造行业挥发性有机化合物排放标准》（DB44/814-2010）表1 排气筒VOCs排放限值Ⅱ时段排放标准；无组织排放执行广东省《家具制造行业挥发性有机化合物排放标准》（DB44/814-2010）表2 无组织排放监控点浓度限值。""",emission-standard-kb.jsonl; DB44/26-2001; DB44/2367-2022; GB31572-2015; GB14554-93; GB12348-2008; GB18597-2023; GB18599-2020,2,2,False,存在错误,水:无误；气:存在错误；噪声:无误；固废:存在缺漏,,,是,原综合排放标准问答对拆分而来,30份环评_污染物排放控制执行标准复核QA(拆分版),大气污染物排放标准,存在错误,存在错误,,未复核,部分充分,有效,部分核验,自动默认,候选池,A_仅待终审,,,,,,,,20,MAP_存在错误,存在报告证据，但尚未经人工逐项核验；已列依据来源，但未在本阶段逐条核验,,air_emission_standard,L3_analysis,multi_evidence_synthesis,basis_grounding,report_grounding；evidence_integration,high,high,report_plus_external,True,,auto_default,v1,,manual_check=false但存在人工判断
2026-07-27,PL003,V01,PL003_佛山市顺德区康明新材料厂新建项目_01_核查材料.docx,佛山市顺德区康明新材料厂新建项目,PL003_Emission_噪声,污染物排放标准-噪声排放标准,请根据项目所属声环境功能区类别，判断噪声排放标准选取是否合理。要求总结声功能区类型、厂界执行标准（GB12348-2008）及昼夜限值，并与环评编制内容进行一致性分析。,"1、噪声排放标准中执行标准与排放限值内容：无误；
2、无误。项目边界噪声执行GB12348-2008中3类区标准，与工业区声功能区划相符。","噪声标准原文：""本项目营运期边界噪声执行《工业企业厂界环境噪声排放标准》（GB12348-2008）3类区标准。""",emission-standard-kb.jsonl; DB44/26-2001; DB44/2367-2022; GB31572-2015; GB14554-93; GB12348-2008; GB18597-2023; GB18599-2020,2,2,False,无误,水:无误；气:存在错误；噪声:无误；固废:存在缺漏,,,否,原综合排放标准问答对拆分而来,30份环评_污染物排放控制执行标准复核QA(拆分版),噪声排放标准,无误,无误,,未复核,部分充分,有效,部分核验,自动默认,候选池,待分流,,,,,,,,21,MAP_无误,存在报告证据，但尚未经人工逐项核验；已列依据来源，但未在本阶段逐条核验,,noise_emission_standard,L2_application,rule_applicability,basis_grounding,report_grounding,high,medium,report_plus_external,True,,auto_default,v1,,manual_check=false但存在人工判断
2026-07-27,PL003,V01,PL003_佛山市顺德区康明新材料厂新建项目_01_核查材料.docx,佛山市顺德区康明新材料厂新建项目,PL003_Emission_固体,污染物排放标准-固体废物控制标准,请根据项目产生的固体废物和危险废物类型，判断固体废物控制标准选取是否合理。要求总结一般工业固体废物和危险废物执行标准的标准名称及编号，分析是否缺少必要标准条目。,"1、固体废物控制排放中执行标准内容：无误；
2、固体废物控制排放内容总结：报告已引用固体废物污染环境防治法、广东省固体废物污染环境防治条例、危险废物贮存污染控制标准（GB18597-2023）等法律法规和标准，固体废物控制标准编制完整。（注：报告还额外引用了GB18599-2020《一般工业固体废物贮存和填埋污染控制标准》，但该标准不在当前审核知识库必须满足的标准清单中，不影响判定结论。）","固废标准原文：""项目生产过程中产生的固体废物执行《中华人民共和国固体废物污染环境防治法》（2020修订）、《国家危险废物名录》（2021年）、《固体废物鉴别标准 通则》（GB34330-2017）、《危险废物贮存污染控制标准》（GB18597-2023）、《一般固体废物分类和代码》（GB/T39198-2020）。""",emission-standard-kb.jsonl; DB44/26-2001; DB44/2367-2022; GB31572-2015; GB14554-93; GB12348-2008; GB18597-2023; GB18599-2020,2,2,False,无误,水:无误；气:存在错误；噪声:无误；固废:存在缺漏,,,否,修正：GB18599-2020不在知识库必须满足的标准清单中，原判定依据已更正。原综合排放标准问答对拆分而来,30份环评_污染物排放控制执行标准复核QA(拆分版),固体废物控制标准,无误,无误,,未复核,部分充分,有效,部分核验,自动默认,候选池,待分流,,,,,,,,22,MAP_无误,存在报告证据，但尚未经人工逐项核验；已列依据来源，但未在本阶段逐条核验,,solid_waste_standard,L2_application,rule_applicability,basis_grounding,report_grounding,high,medium,report_plus_external,True,,auto_default,v1,,manual_check=false但存在人工判断
2026-07-24,PL004,V01,PL004_恒励新材料科技（佛山）有限公司新建项目,恒励新材料科技（佛山）有限公司新建项目,PL004_V01_Q03,环评投资核算,请根据报告中的总投资、环保投资和环保工程投资明细，判断环保投资核算是否前后一致、比例是否正确。,环评投资核算判定结论：需复核；具体分析：报告填报总投资为100万元、环保投资为10万元、环保投资占比为10%。按“环保投资÷总投资×100%”复算为10.00%，与报告填报值一致；但现有解析文本未检索到环保工程投资明细表，无法核对分项合计是否与环保投资一致。因此，占比计算正确，环保投资前后一致性仍需结合原报告投资明细表复核。,一、建设项目基本情况：总投资100万元、环保投资10万元、占比10%。来源：解析文本拼接_01_001-020(4).md,报告原文-环保投资明细表,2,2,False,需复核,,,,是,,30个PL_环评投资核算QA,环评投资概算,需复核,证据不足,,未复核,不足,有效,不需要外部依据,自动默认,候选池,B_证据不足,,,,,,,,24,MAP_需复核+EVIDENCE_INSUFFICIENCY_SIGNAL,原结论明确要求人工复核；命中证据不足候选词：未检索到、无法核对；投资复核主要依据报告内金额与算式,,environmental_investment,L2_application,quantitative_verification,numerical_accuracy,report_grounding；procedural_reasoning,low,medium,cross_section,True,,auto_default,v1,,manual_check=false但存在人工判断
2026-07-28,PL004,V01,恒励新材料科技(佛山)有限公司新建项目环境影响报告表,恒励新材料科技(佛山)有限公司新建项目,PL004_EnvQuality_Q01,大气及地表水环境质量现状数据引用,请根据报告引用的环境质量公报及现状数据，判断大气和地表水环境质量现状数据引用是否准确。,"1、大气及地表水环境质量引用数据正确；
2、项目大气环境质量引用《佛山市生态环境局顺德分局关于发布2022年度佛山市顺德区生态环境状况公报的通知》（佛环顺函〔2023〕26号）。环评对大气环境质量分析内容与《2022年度佛山市顺德区生态环境状况公报》中大气环境状况描述一致。经检索，截至审核日该地区最新的环境状况公报为《2024年度佛山市顺德区生态环境状况公报》，可供参考。
项目地表水环境质量引用《佛山市生态环境局顺德分局关于发布2022年度佛山市顺德区生态环境状况公报的通知》（佛环顺函〔2023〕26号）。环评对地表水环境质量分析内容与《2022年度佛山市顺德区生态环境状况公报》中地表水环境状况描述一致。经检索，截至审核日该地区最新的环境状况公报为《2024年度佛山市顺德区生态环境状况公报》，可供参考。",证据位置:大气：表6第0行第1列（大气环境段落）；地表水：表6第0行第1列（地表水环境段落）; 大气公报:《佛山市生态环境局顺德分局关于发布2022年度佛山市顺德区生态环境状况公报的通知（佛环顺函〔2023〕26号）》; 地表水资料:《佛山市生态环境局顺德分局关于发布2022年度佛山市顺德区生态环境状况公报的通知（佛环顺函〔2023〕26号）》,生态环境状况公报知识库; 收纳水体地表水执行标准,2,2,False,正确,大气:正确; 地表水:正确; 报告日期:2023-07,,,是,各项引用数据与公报一致，无需修正,30个环评_大气及地表水环境质量现状数据引用复核QA,环境质量数据引用,正确,无误,,未复核,部分充分,有效,部分核验,自动默认,候选池,A_仅待终审,,,,,,,,25,MAP_正确,存在报告证据，但尚未经人工逐项核验；已列依据来源，但未在本阶段逐条核验,,environmental_quality_data,L3_analysis,consistency_comparison,evidence_integration,report_grounding；basis_grounding,high,high,report_plus_external,True,,auto_default,v1,,manual_check=false但存在人工判断
2026-07-27,PL004,V01,PL004_恒励新材料科技(佛山)有限公司新建项目_01_核查材料.docx,恒励新材料科技(佛山)有限公司新建项目,PL004_Emission_水污,污染物排放标准-水污染物排放标准,请根据报告中的废水类型、预处理方式、排放去向、企业排口标准、污水处理厂名称、尾水排放河道和尾水执行标准，判断水污染物排放标准选取是否合理。要求对比：生活污水排放标准+排入污水处理厂名称+尾水排放河道+尾水排放执行标准，报告与知识库是否一致。,"1、水污染物排放标准中生活污水排放执行标准：无误；
2、水污染物排放标准结论的过程分析内容：无误。生活污水经三级化粪池处理执行DB44/26-2001第二时段三级标准，通过市政管网排至杏坛镇生活污水处理厂，尾水执行GB18918-2002一级A标准及DB44/26-2001第二时段一级标准的较严值。冷却水经沉淀池处理达到GB/T18920-2020后回用于冲厕，再经化粪池排入污水处理厂。标准层次清晰，选取合理。","水标准原文：""生活污水经三级化粪池处理后，水质执行广东省地方标准《水污染物排放限值》（DB44/26-2001）中的第二时段三级标准，即CODcr≤500mg/L，BOD5≤300mg/L，然后通过污水管网排至杏坛镇生活污水处理厂处理，杏坛镇生活污水处理厂的尾水执行《城镇污水处理厂污染物排放标准》（GB18918-2002）一级A标准及《水污染物排放限值》（DB44/26-2001）第二时段一级标准的较严值。""",emission-standard-kb.jsonl; DB44/26-2001; DB44/2367-2022; GB31572-2015; GB14554-93; GB12348-2008; GB18597-2023; GB18599-2020,2,2,False,无误,水:无误；气:存在缺漏；噪声:无误；固废:存在缺漏,,,否,原综合排放标准问答对拆分而来,30份环评_污染物排放控制执行标准复核QA(拆分版),水污染物排放标准,无误,无误,,未复核,部分充分,有效,部分核验,自动默认,候选池,待分流,,,,,,,,26,MAP_无误,存在报告证据，但尚未经人工逐项核验；已列依据来源，但未在本阶段逐条核验,,water_emission_standard,L3_analysis,rule_applicability,basis_grounding,report_grounding；procedural_reasoning,high,high,report_plus_external,True,,auto_default,v1,,manual_check=false但存在人工判断
2026-07-27,PL004,V01,PL004_恒励新材料科技(佛山)有限公司新建项目_01_核查材料.docx,恒励新材料科技(佛山)有限公司新建项目,PL004_Emission_大气,污染物排放标准-大气污染物排放标准,请根据项目行业类别、生产工艺和污染因子，判断大气污染物排放标准选取是否合理。要求分析：污染源覆盖是否完整（列出所有大气污染源及对应标准），是否存在缺漏的污染源或标准。,"1、污染排放标准分析污染源内容：不完整；
2、大气污染物排放标准分析：存在缺漏。投料混料颗粒物执行GB31572-2015表9企业边界浓度限值，合理。臭气浓度执行GB14554-93，合理。厂区内VOCs无组织执行DB44/2367-2022表3，合理。但挤出工序非甲烷总烃执行GB31572-2015表4大气污染物排放限值（常规排放限值），存在缺漏。顺德区属珠三角重点区域，根据环境保护部公告，重点区域应执行GB31572-2015表5大气污染物特别排放限值。同区域同类项目（PL002、PL003）均执行表5特别排放限值，本项目执行表4常规排放限值与区域要求不一致，应执行更严的表5特别排放限值。","大气标准原文：""挤出工序产生的非甲烷总烃执行《合成树脂工业污染物排放标准》（GB31572-2015）表4大气污染物排放限值要求及表9企业边界大气污染物浓度限值要求。""",emission-standard-kb.jsonl; DB44/26-2001; DB44/2367-2022; GB31572-2015; GB14554-93; GB12348-2008; GB18597-2023; GB18599-2020,2,2,False,存在缺漏,水:无误；气:存在缺漏；噪声:无误；固废:存在缺漏,,,是,原综合排放标准问答对拆分而来,30份环评_污染物排放控制执行标准复核QA(拆分版),大气污染物排放标准,存在缺漏,存在缺漏,,未复核,部分充分,有效,部分核验,自动默认,候选池,A_仅待终审,,,,,,,,27,MAP_存在缺漏,存在报告证据，但尚未经人工逐项核验；已列依据来源，但未在本阶段逐条核验,,air_emission_standard,L3_analysis,multi_evidence_synthesis,basis_grounding,report_grounding；evidence_integration,high,high,report_plus_external,True,,auto_default,v1,,manual_check=false但存在人工判断
2026-07-27,PL004,V01,PL004_恒励新材料科技(佛山)有限公司新建项目_01_核查材料.docx,恒励新材料科技(佛山)有限公司新建项目,PL004_Emission_噪声,污染物排放标准-噪声排放标准,请根据项目所属声环境功能区类别，判断噪声排放标准选取是否合理。要求总结声功能区类型、厂界执行标准（GB12348-2008）及昼夜限值，并与环评编制内容进行一致性分析。,"1、噪声排放标准中执行标准与排放限值内容：无误；
2、无误。报告引用了《佛山市声环境功能区划》（佛环[2024]1号），明确项目位置属于3321杏坛东部工业区片区，厂界执行GB12348-2008中3类标准（昼间≤65dB(A)、夜间≤55dB(A)），声功能区划依据充分，标准选取准确。","噪声标准原文：""根据佛山市生态环境局关于印发《佛山市声环境功能区划》的通知（佛环[2024]1号），项目位置属于3321杏坛东部工业区片区，厂界外1m执行《工业企业厂界环境噪声排放标准》（GB12348-2008）中的3类标准：昼间≤65dB(A)、夜间≤55dB(A)。""",emission-standard-kb.jsonl; DB44/26-2001; DB44/2367-2022; GB31572-2015; GB14554-93; GB12348-2008; GB18597-2023; GB18599-2020,2,2,False,无误,水:无误；气:存在缺漏；噪声:无误；固废:存在缺漏,,,否,原综合排放标准问答对拆分而来,30份环评_污染物排放控制执行标准复核QA(拆分版),噪声排放标准,无误,无误,,未复核,部分充分,有效,部分核验,自动默认,候选池,待分流,,,,,,,,28,MAP_无误,存在报告证据，但尚未经人工逐项核验；已列依据来源，但未在本阶段逐条核验,,noise_emission_standard,L2_application,rule_applicability,basis_grounding,report_grounding,high,medium,report_plus_external,True,,auto_default,v1,,manual_check=false但存在人工判断
2026-07-27,PL004,V01,PL004_恒励新材料科技(佛山)有限公司新建项目_01_核查材料.docx,恒励新材料科技(佛山)有限公司新建项目,PL004_Emission_固体,污染物排放标准-固体废物控制标准,请根据项目产生的固体废物和危险废物类型，判断固体废物控制标准选取是否合理。要求总结一般工业固体废物和危险废物执行标准的标准名称及编号，分析是否缺少必要标准条目。,"1、固体废物控制排放中执行标准内容：无误；
2、固体废物控制排放内容总结：报告已引用固体废物污染环境防治法、广东省固体废物污染环境防治条例、危险废物贮存污染控制标准（GB18597-2023）等法律法规和标准，固体废物控制标准编制完整。（注：报告还额外引用了GB18599-2020《一般工业固体废物贮存和填埋污染控制标准》，但该标准不在当前审核知识库必须满足的标准清单中，不影响判定结论。）","固废标准原文：""固体废物管理应遵照《中华人民共和国固体废物污染环境防治法》、《广东省固体废物污染环境防治条例》和《固体废物鉴别标准通则》（GB34330-2017）执行……危险废物执行《国家危险废物名录》（2021版）以及《危险废物贮存污染控制标准》（GB18597-2023）。""",emission-standard-kb.jsonl; DB44/26-2001; DB44/2367-2022; GB31572-2015; GB14554-93; GB12348-2008; GB18597-2023; GB18599-2020,2,2,False,无误,水:无误；气:存在缺漏；噪声:无误；固废:存在缺漏,,,否,修正：GB18599-2020不在知识库必须满足的标准清单中，原判定依据已更正。原综合排放标准问答对拆分而来,30份环评_污染物排放控制执行标准复核QA(拆分版),固体废物控制标准,无误,无误,,未复核,部分充分,有效,部分核验,自动默认,候选池,待分流,,,,,,,,29,MAP_无误,存在报告证据，但尚未经人工逐项核验；已列依据来源，但未在本阶段逐条核验,,solid_waste_standard,L2_application,rule_applicability,basis_grounding,report_grounding,high,medium,report_plus_external,True,,auto_default,v1,,manual_check=false但存在人工判断
2026-07-28,PL005,V01,佛山市润特龙清洁用品有限公司新建项目环境影响报告表,佛山市润特龙清洁用品有限公司新建项目,PL005_EnvQuality_Q01,大气及地表水环境质量现状数据引用,请根据报告引用的环境质量公报及现状数据，判断大气和地表水环境质量现状数据引用是否准确。,"1、大气及地表水环境质量引用数据正确（报告公报名称存在笔误）；
2、项目大气环境质量引用《佛山市生态环境局顺德分局关于发布2022年度佛山市顺德区生态环境状况公报的通知》（佛环顺函〔2023〕26号）。环评对大气环境质量分析内容与《2022年度佛山市顺德区生态环境状况公报》中大气环境状况描述一致。但报告中公报名称误写为'环境质量状况公报'（正确为'生态环境状况公报'，缺'生态'二字），需人工核实更正。经检索，截至审核日该地区最新的环境状况公报为《2024年度佛山市顺德区生态环境状况公报》，可供参考。
项目地表水环境质量引用《佛山市生态环境局顺德分局关于发布2022年度佛山市顺德区生态环境状况公报的通知》（佛环顺函〔2023〕26号）。环评对地表水环境质量分析内容与《2022年度佛山市顺德区生态环境状况公报》中地表水环境状况描述一致。但报告中公报名称存在笔误（详见大气部分说明），需人工核实更正。经检索，截至审核日该地区最新的环境状况公报为《2024年度佛山市顺德区生态环境状况公报》，可供参考。",证据位置:大气：表3第0行第1列（空气环境质量现状段落）；地表水：表3第0行第1列（地表水环境质量现状段落）; 大气公报:《佛山市生态环境局顺德分局关于发布2022年度佛山市顺德区环境质量状况公报的通知（佛环顺函〔2023〕26号）——报告公报名称缺'生态'二字》; 地表水资料:《佛山市生态环境局顺德分局关于发布2022年度佛山市顺德区环境质量状况公报的通知（佛环顺函〔2023〕26号）——报告公报名称缺'生态'二字》,生态环境状况公报知识库; 收纳水体地表水执行标准,2,2,False,正确,大气:正确; 地表水:正确; 报告日期:2024-03,,,是,各项引用数据与公报一致（报告公报名称缺'生态'二字，正确为'生态环境状况公报'，属笔误）,30个环评_大气及地表水环境质量现状数据引用复核QA,环境质量数据引用,正确,无误,,未复核,部分充分,有效,部分核验,自动默认,候选池,A_仅待终审,,,,,,,,30,MAP_正确,存在报告证据，但尚未经人工逐项核验；已列依据来源，但未在本阶段逐条核验,,environmental_quality_data,L3_analysis,consistency_comparison,evidence_integration,report_grounding；basis_grounding,high,high,report_plus_external,True,,auto_default,v1,,manual_check=false但存在人工判断
2026-07-27,PL005,V01,PL005_佛山市润特龙清洁用品有限公司新建项目_01_核查材料.docx,佛山市润特龙清洁用品有限公司新建项目,PL005_Emission_水污,污染物排放标准-水污染物排放标准,请根据报告中的废水类型、预处理方式、排放去向、企业排口标准、污水处理厂名称、尾水排放河道和尾水执行标准，判断水污染物排放标准选取是否合理。要求对比：生活污水排放标准+排入污水处理厂名称+尾水排放河道+尾水排放执行标准，报告与知识库是否一致。,"1、水污染物排放标准中生活污水排放执行标准：无误；
2、水污染物排放标准结论的过程分析内容：无误。生活污水经三级化粪池处理执行DB44/26-2001第二时段三级标准，经市政管网排至杏坛污水处理厂，尾水执行GB18918-2002一级A标准及DB44/26-2001第二时段一级标准的较严值。冷却水经静置沉淀处理达到GB/T18920-2020后回用于冲厕。标准层次清晰，选取合理。","水标准原文：""项目生活污水经三级化粪池处理达广东省地方标准《水污染物排放限值》（DB44/26-2001）第二时段三级标准后经市政管网排至杏坛污水处理厂处理……杏坛污水处理厂尾水执行国家标准《城镇污水处理厂污染物排放标准》（GB18918-2002）一级A标准及广东省地方标准《水污染物排放限值》（DB44/26-2001）第二时段一级标准的较严值。""",emission-standard-kb.jsonl; DB44/26-2001; DB44/2367-2022; GB31572-2015; GB14554-93; GB12348-2008; GB18597-2023; GB18599-2020,2,2,False,无误,水:无误；气:存在缺漏；噪声:无误；固废:存在缺漏,,,否,原综合排放标准问答对拆分而来,30份环评_污染物排放控制执行标准复核QA(拆分版),水污染物排放标准,无误,无误,,未复核,部分充分,有效,部分核验,自动默认,候选池,待分流,,,,,,,,31,MAP_无误,存在报告证据，但尚未经人工逐项核验；已列依据来源，但未在本阶段逐条核验,,water_emission_standard,L3_analysis,rule_applicability,basis_grounding,report_grounding；procedural_reasoning,high,high,report_plus_external,True,,auto_default,v1,,manual_check=false但存在人工判断
2026-07-27,PL005,V01,PL005_佛山市润特龙清洁用品有限公司新建项目_01_核查材料.docx,佛山市润特龙清洁用品有限公司新建项目,PL005_Emission_大气,污染物排放标准-大气污染物排放标准,请根据项目行业类别、生产工艺和污染因子，判断大气污染物排放标准选取是否合理。要求分析：污染源覆盖是否完整（列出所有大气污染源及对应标准），是否存在缺漏的污染源或标准。,"1、污染排放标准分析污染源内容：不完整；
2、大气污染物排放标准分析：存在缺漏。挤出、烘干定型工序非甲烷总烃执行GB31572-2015表4大气污染物排放限值及表9企业边界浓度限值，存在缺漏。顺德区属珠三角重点区域，应执行GB31572-2015表5大气污染物特别排放限值，同区域同类项目（PL002、PL003）均执行表5，本项目执行表4常规排放限值与区域要求不一致。破碎工序颗粒物执行GB31572-2015表9，合理。臭气浓度执行GB14554-93表2和表1二级新扩改建标准，合理。厂区内VOCs无组织排放执行DB44/2367-2022表3，合理。此外，报告中标准名称存在书写错误，多处将""《合成树脂工业污染物排放标准》""误写为""《合成树脂工业污染排放标准》""，缺少""物""字，标准名称引用不规范。","大气标准原文：""项目挤出、烘干定型工序产生的非甲烷总烃有组织排放执行《合成树脂工业污染排放标准》（GB 31572-2015）中表4大气污染物排放限值；无组织排放执行表9企业边界大气污染物浓度限值。""",emission-standard-kb.jsonl; DB44/26-2001; DB44/2367-2022; GB31572-2015; GB14554-93; GB12348-2008; GB18597-2023; GB18599-2020,2,2,False,存在缺漏,水:无误；气:存在缺漏；噪声:无误；固废:存在缺漏,,,是,原综合排放标准问答对拆分而来,30份环评_污染物排放控制执行标准复核QA(拆分版),大气污染物排放标准,存在缺漏,存在缺漏,,未复核,部分充分,有效,部分核验,自动默认,候选池,A_仅待终审,,,,,,,,32,MAP_存在缺漏,存在报告证据，但尚未经人工逐项核验；已列依据来源，但未在本阶段逐条核验,,air_emission_standard,L3_analysis,multi_evidence_synthesis,basis_grounding,report_grounding；evidence_integration,high,high,report_plus_external,True,,auto_default,v1,,manual_check=false但存在人工判断
2026-07-27,PL005,V01,PL005_佛山市润特龙清洁用品有限公司新建项目_01_核查材料.docx,佛山市润特龙清洁用品有限公司新建项目,PL005_Emission_噪声,污染物排放标准-噪声排放标准,请根据项目所属声环境功能区类别，判断噪声排放标准选取是否合理。要求总结声功能区类型、厂界执行标准（GB12348-2008）及昼夜限值，并与环评编制内容进行一致性分析。,"1、噪声排放标准中执行标准与排放限值内容：无误；
2、无误。项目厂界执行GB12348-2008中3类标准（昼间≤65dB(A)、夜间≤55dB(A)），与项目所在的工业区声功能区划相符。","噪声标准原文：""项目厂界执行《工业企业厂界环境噪声排放标准》（GB12348-2008）中的3类标准，即昼间≤65dB（A），夜间≤55dB（A）。""",emission-standard-kb.jsonl; DB44/26-2001; DB44/2367-2022; GB31572-2015; GB14554-93; GB12348-2008; GB18597-2023; GB18599-2020,2,2,False,无误,水:无误；气:存在缺漏；噪声:无误；固废:存在缺漏,,,否,原综合排放标准问答对拆分而来,30份环评_污染物排放控制执行标准复核QA(拆分版),噪声排放标准,无误,无误,,未复核,部分充分,有效,部分核验,自动默认,候选池,待分流,,,,,,,,33,MAP_无误,存在报告证据，但尚未经人工逐项核验；已列依据来源，但未在本阶段逐条核验,,noise_emission_standard,L2_application,rule_applicability,basis_grounding,report_grounding,high,medium,report_plus_external,True,,auto_default,v1,,manual_check=false但存在人工判断
2026-07-27,PL005,V01,PL005_佛山市润特龙清洁用品有限公司新建项目_01_核查材料.docx,佛山市润特龙清洁用品有限公司新建项目,PL005_Emission_固体,污染物排放标准-固体废物控制标准,请根据项目产生的固体废物和危险废物类型，判断固体废物控制标准选取是否合理。要求总结一般工业固体废物和危险废物执行标准的标准名称及编号，分析是否缺少必要标准条目。,"1、固体废物控制排放中执行标准内容：无误；
2、固体废物控制排放内容总结：报告已引用固体废物污染环境防治法、广东省固体废物污染环境防治条例、危险废物贮存污染控制标准（GB18597-2023）等法律法规和标准，固体废物控制标准编制完整。（注：报告还额外引用了GB18599-2020《一般工业固体废物贮存和填埋污染控制标准》，但该标准不在当前审核知识库必须满足的标准清单中，不影响判定结论。）","固废标准原文：""固体废物管理应遵照《中华人民共和国固体废物污染环境防治法》、《广东省固体废物污染环境防治条例》、《一般固体废物分类与代码》（GB/T39198-2020）……危险废物执行《国家危险废物名录》（2021年版）、《危险废物贮存污染控制标准》（GB18597-2023）。""",emission-standard-kb.jsonl; DB44/26-2001; DB44/2367-2022; GB31572-2015; GB14554-93; GB12348-2008; GB18597-2023; GB18599-2020,2,2,False,无误,水:无误；气:存在缺漏；噪声:无误；固废:存在缺漏,,,否,修正：GB18599-2020不在知识库必须满足的标准清单中，原判定依据已更正。原综合排放标准问答对拆分而来,30份环评_污染物排放控制执行标准复核QA(拆分版),固体废物控制标准,无误,无误,,未复核,部分充分,有效,部分核验,自动默认,候选池,待分流,,,,,,,,34,MAP_无误,存在报告证据，但尚未经人工逐项核验；已列依据来源，但未在本阶段逐条核验,,solid_waste_standard,L2_application,rule_applicability,basis_grounding,report_grounding,high,medium,report_plus_external,True,,auto_default,v1,,manual_check=false但存在人工判断
2026-07-28,PL006,V01,佛山市顺德区乐鲸科技有限公司年产五金拉手300万个新建项目环境影响报告表,佛山市顺德区乐鲸科技有限公司年产五金拉手300万个新建项目,PL006_EnvQuality_Q01,大气及地表水环境质量现状数据引用,请根据报告引用的环境质量公报及现状数据，判断大气和地表水环境质量现状数据引用是否准确。,"1、大气及地表水环境质量引用数据正确（报告公报名称及文号存在笔误）；
2、项目大气环境质量引用《佛山市生态环境局顺德分局关于发布2022年度佛山市顺德区生态环境状况公报的通知》（佛环顺函〔2023〕26号）。环评对大气环境质量分析内容与《2022年度佛山市顺德区生态环境状况公报》中大气环境状况描述一致。但报告中公报名称误写为'环境质量状况公报'（正确为'生态环境状况公报'，缺'生态'二字），且多数引用未标注文号，个别处文号误写为'佛顺环函〔2023〕26号'（正确为'佛环顺函〔2023〕26号'），需人工核实更正。经检索，截至审核日该地区最新的环境状况公报为《2024年度佛山市顺德区生态环境状况公报》，可供参考。
项目地表水环境质量引用《佛山市生态环境局顺德分局关于发布2022年度佛山市顺德区生态环境状况公报的通知》（佛环顺函〔2023〕26号）。环评对地表水环境质量分析内容与《2022年度佛山市顺德区生态环境状况公报》中地表水环境状况描述一致。但报告中公报名称及文号存在笔误（详见大气部分说明），需人工核实更正。经检索，截至审核日该地区最新的环境状况公报为《2024年度佛山市顺德区生态环境状况公报》，可供参考。",证据位置:大气：表2第0行第1列（大气环境质量现状段落）；地表水：表2第0行第1列（水环境质量现状段落）; 大气公报:《2022年度佛山市顺德区环境质量状况公报（报告公报名称缺'生态'二字；文号多处缺失，个别处误写为佛顺环函〔2023〕26号）》; 地表水资料:《2022年度佛山市顺德区环境质量状况公报（报告公报名称缺'生态'二字）》,生态环境状况公报知识库; 收纳水体地表水执行标准,2,2,False,正确,大气:正确; 地表水:正确; 报告日期:2024-03,,,是,各项引用数据与公报一致，无需修正,30个环评_大气及地表水环境质量现状数据引用复核QA,环境质量数据引用,正确,无误,,未复核,部分充分,有效,部分核验,自动默认,候选池,A_仅待终审,,,,,,,,35,MAP_正确,存在报告证据，但尚未经人工逐项核验；已列依据来源，但未在本阶段逐条核验,,environmental_quality_data,L3_analysis,consistency_comparison,evidence_integration,report_grounding；basis_grounding,high,high,report_plus_external,True,,auto_default,v1,,manual_check=false但存在人工判断
2026-07-27,PL006,V01,PL006_佛山市顺德区乐鲸科技有限公司年产五金拉手300万个新建项目_01_修改评估意见.docx,佛山市顺德区乐鲸科技有限公司年产五金拉手300万个新建项目,PL006_Emission_水污,污染物排放标准-水污染物排放标准,请根据报告中的废水类型、预处理方式、排放去向、企业排口标准、污水处理厂名称、尾水排放河道和尾水执行标准，判断水污染物排放标准选取是否合理。要求对比：生活污水排放标准+排入污水处理厂名称+尾水排放河道+尾水排放执行标准，报告与知识库是否一致。,"1、水污染物排放标准中生活污水排放执行标准：存在缺漏；
2、水污染物排放标准结论的过程分析内容：存在缺漏。项目属C3389其他金属制日用品制造，生活污水经三级化粪池预处理后由市政管网引至杏坛污水处理厂处理。报告仅提及杏坛污水处理厂出水达到《城镇污水处理污染物排放标准》（GB 18918-2002）一级A标准和广东省地方标准《水污染物排放限值》（DB44/26-2001）第二时段一级标准中的较严者，但未明确填报企业生活污水排口执行标准（应为DB44/26-2001第二时段三级标准）。知识库记录ESK-DOMESTIC-SEWAGE-LIMITS-002证实企业生活污水排口应执行DB44/26-2001第二时段三级标准（COD 500mg/L），报告缺少该企业排口标准的明确表述。此外，报告将标准名称写为“城镇污水处理污染物排放标准”，遗漏“厂”字，正确名称应为《城镇污水处理厂污染物排放标准》（GB18918-2002），存在标准名称书写错误。知识库记录ESK-SHUNDE-WWTP-MAPPING-012证实杏坛污水处理厂尾水执行GB18918-2002一级A标准及DB44/26-2001第二时段一级标准的较严值，尾水去向为北马涌→顺德水道，报告所述顺德支流与知识库记录的受纳水体名称存在差异，需进一步确认。",水】“本项目不产生生产废水，生活污水经三级化粪池预处理后，由市政管网引至杏坛污水处理厂进行后续处理，杏坛污水处理厂出水达到《城镇污水处理污染物排放标准》（GB 18918-2002）一级A标准和广东省地方标准《水污染物排放限值》（DB44/26-2001）第二时段一级标准中的较严者的要求。”,emission-standard-kb.jsonl; DB44/26-2001; DB44/2367-2022; GB31572-2015; GB14554-93; GB12348-2008; GB18597-2023; GB18599-2020,2,2,False,存在缺漏,水：存在缺漏——企业排口标准未填报，标准名称遗漏“厂”字；大气：存在缺漏——喷涂/烘干工序VOCs和颗粒物排放标准全部缺失；噪声：存在缺漏——厂界噪声排放标准未编制；固废：存在缺漏——一般固废和危废控制标准均未编制。,,,是,原综合排放标准问答对拆分而来,30份环评_污染物排放控制执行标准复核QA(拆分版),水污染物排放标准,存在缺漏,存在缺漏,,未复核,部分充分,有效,部分核验,自动默认,候选池,A_仅待终审,,,,,,,,36,MAP_存在缺漏,存在报告证据，但尚未经人工逐项核验；已列依据来源，但未在本阶段逐条核验,,water_emission_standard,L3_analysis,rule_applicability,basis_grounding,report_grounding；procedural_reasoning,high,high,report_plus_external,True,,auto_default,v1,,manual_check=false但存在人工判断
2026-07-27,PL006,V01,PL006_佛山市顺德区乐鲸科技有限公司年产五金拉手300万个新建项目_01_修改评估意见.docx,佛山市顺德区乐鲸科技有限公司年产五金拉手300万个新建项目,PL006_Emission_大气,污染物排放标准-大气污染物排放标准,请根据项目行业类别、生产工艺和污染因子，判断大气污染物排放标准选取是否合理。要求分析：污染源覆盖是否完整（列出所有大气污染源及对应标准），是否存在缺漏的污染源或标准。,"1、污染排放标准分析污染源内容：不完整；
2、大气污染物排放标准分析：存在缺漏。项目涉及喷纳米油、烘干工序，产生有机废气（VOCs）和颗粒物，经“水帘柜+喷淋塔+干式过滤器+二级活性炭吸附”处理后通过28米排气筒DA001排放。但排放标准章节文本中未列出任何大气污染物排放执行标准的名称、编号、表号或限值，未区分有组织排放、厂界无组织排放和厂区内VOCs无组织排放监控要求。项目作为金属制品喷涂工序，应编制VOCs有组织排放标准（如DB44/2367-2022表1或相关行业标准）、颗粒物有组织及无组织排放标准、厂区内VOCs无组织排放限值等，报告均缺失。",大气】“本项目喷纳米油、烘干产生的有机废气、颗粒物收集后通过‘水帘柜+喷淋塔+干式过滤器+二级活性炭吸附’进行处理，处理达标后通过28米排气筒DA001排放”（但未列出具体执行标准）。【噪声/,emission-standard-kb.jsonl; DB44/26-2001; DB44/2367-2022; GB31572-2015; GB14554-93; GB12348-2008; GB18597-2023; GB18599-2020,2,2,False,存在缺漏,水：存在缺漏——企业排口标准未填报，标准名称遗漏“厂”字；大气：存在缺漏——喷涂/烘干工序VOCs和颗粒物排放标准全部缺失；噪声：存在缺漏——厂界噪声排放标准未编制；固废：存在缺漏——一般固废和危废控制标准均未编制。,,,是,原综合排放标准问答对拆分而来,30份环评_污染物排放控制执行标准复核QA(拆分版),大气污染物排放标准,存在缺漏,存在缺漏,,未复核,部分充分,有效,部分核验,自动默认,候选池,A_仅待终审,,,,,,,,37,MAP_存在缺漏,存在报告证据，但尚未经人工逐项核验；已列依据来源，但未在本阶段逐条核验,,air_emission_standard,L3_analysis,multi_evidence_synthesis,basis_grounding,report_grounding；evidence_integration,high,high,report_plus_external,True,,auto_default,v1,,manual_check=false但存在人工判断
2026-07-27,PL006,V01,PL006_佛山市顺德区乐鲸科技有限公司年产五金拉手300万个新建项目_01_修改评估意见.docx,佛山市顺德区乐鲸科技有限公司年产五金拉手300万个新建项目,PL006_Emission_噪声,污染物排放标准-噪声排放标准,请根据项目所属声环境功能区类别，判断噪声排放标准选取是否合理。要求总结声功能区类型、厂界执行标准（GB12348-2008）及昼夜限值，并与环评编制内容进行一致性分析。,"1、噪声排放标准中执行标准与排放限值内容：存在缺漏；
2、存在缺漏。报告未列出厂界噪声排放执行标准的名称、编号、声功能区类别及昼夜限值。项目位于工业用地，应执行《工业企业厂界环境噪声排放标准》（GB12348-2008）相应类别标准，但报告未编制。",【水】“本项目不产生生产废水，生活污水经三级化粪池预处理后，由市政管网引至杏坛污水处理厂进行后续处理，杏坛污水处理厂出水达到《城镇污水处理污染物排放标准》（GB 18918-2002）一级A标准和广东省地方标准《水污染物排放限值》（DB44/26-2001）第二时段一级标准中的较严者的要求。”【大气】“本项目喷纳米油、烘干产生的有机废气、颗粒物收集后通过‘水帘柜+喷淋塔+干式过滤器+二级活性炭吸附’进行处理，处理达标后通过28米排气筒DA001排放”（但未列出具体执行标准）。【噪声/固废】排放标准章节文本中未检出噪声和固体废物控制标准的编制内容。,emission-standard-kb.jsonl; DB44/26-2001; DB44/2367-2022; GB31572-2015; GB14554-93; GB12348-2008; GB18597-2023; GB18599-2020,2,2,False,存在缺漏,水：存在缺漏——企业排口标准未填报，标准名称遗漏“厂”字；大气：存在缺漏——喷涂/烘干工序VOCs和颗粒物排放标准全部缺失；噪声：存在缺漏——厂界噪声排放标准未编制；固废：存在缺漏——一般固废和危废控制标准均未编制。,,,是,原综合排放标准问答对拆分而来,30份环评_污染物排放控制执行标准复核QA(拆分版),噪声排放标准,存在缺漏,存在缺漏,,未复核,部分充分,有效,部分核验,自动默认,候选池,A_仅待终审,,,,,,,,38,MAP_存在缺漏,存在报告证据，但尚未经人工逐项核验；已列依据来源，但未在本阶段逐条核验,,noise_emission_standard,L2_application,rule_applicability,basis_grounding,report_grounding,high,medium,report_plus_external,True,,auto_default,v1,,manual_check=false但存在人工判断
2026-07-27,PL006,V01,PL006_佛山市顺德区乐鲸科技有限公司年产五金拉手300万个新建项目_01_修改评估意见.docx,佛山市顺德区乐鲸科技有限公司年产五金拉手300万个新建项目,PL006_Emission_固体,污染物排放标准-固体废物控制标准,请根据项目产生的固体废物和危险废物类型，判断固体废物控制标准选取是否合理。要求总结一般工业固体废物和危险废物执行标准的标准名称及编号，分析是否缺少必要标准条目。,"1、固体废物控制排放中执行标准内容：无误；
2、固体废物控制排放内容总结：报告已引用固体废物污染环境防治法、广东省固体废物污染环境防治条例、危险废物贮存污染控制标准（GB18597-2023）等法律法规和标准，固体废物控制标准编制完整。（注：报告还额外引用了GB18599-2020《一般工业固体废物贮存和填埋污染控制标准》，但该标准不在当前审核知识库必须满足的标准清单中，不影响判定结论。）",固废】排放标准章节文本中未检出噪声和固体废物控制标准的编制内容。,emission-standard-kb.jsonl; DB44/26-2001; DB44/2367-2022; GB31572-2015; GB14554-93; GB12348-2008; GB18597-2023; GB18599-2020,2,2,False,无误,水：存在缺漏——企业排口标准未填报，标准名称遗漏“厂”字；大气：存在缺漏——喷涂/烘干工序VOCs和颗粒物排放标准全部缺失；噪声：存在缺漏——厂界噪声排放标准未编制；固废：存在缺漏——一般固废和危废控制标准均未编制。,,,否,修正：GB18599-2020不在知识库必须满足的标准清单中，原判定依据已更正。原综合排放标准问答对拆分而来,30份环评_污染物排放控制执行标准复核QA(拆分版),固体废物控制标准,无误,无误,,未复核,部分充分,有效,部分核验,自动默认,候选池,待分流,,,,,,,,39,MAP_无误,存在报告证据，但尚未经人工逐项核验；已列依据来源，但未在本阶段逐条核验,,solid_waste_standard,L2_application,rule_applicability,basis_grounding,report_grounding,high,medium,report_plus_external,True,,auto_default,v1,,manual_check=false但存在人工判断
2026-07-28,PL007,V01,广东云晟新材料有限公司年产水性涂料2400吨新建项目环境影响报告表,广东云晟新材料有限公司年产水性涂料2400吨新建项目,PL007_EnvQuality_Q01,大气及地表水环境质量现状数据引用,请根据报告引用的环境质量公报及现状数据，判断大气和地表水环境质量现状数据引用是否准确。,"1、大气及地表水环境质量引用数据无法判断，需补充2021年度佛山市顺德区环境质量状况公报原文；
2、项目大气环境质量引用《佛山市生态环境局顺德分局关于发布2021年度佛山市顺德区环境质量状况公报的通知（佛顺环函〔2021〕19号）》。因缺少对应年度公报（知识库未覆盖2021年度），暂无法核验。经检索，截至审核日该地区最新的环境状况公报为《2024年度佛山市顺德区生态环境状况公报》，可供参考。
项目地表水环境质量引用《佛山市生态环境局顺德分局关于发布2021年度佛山市顺德区环境质量状况公报的通知（佛顺环函〔2021〕19号）》。因缺少对应年度公报（知识库未覆盖2021年度），暂无法核验。经检索，截至审核日该地区最新的环境状况公报为《2024年度佛山市顺德区生态环境状况公报》，可供参考。",证据位置:大气：表2第0行第1列（大气环境段落）；地表水：表2第0行第1列（水环境段落）; 大气公报:《佛山市生态环境局顺德分局关于发布2021年度佛山市顺德区环境质量状况公报的通知（佛顺环函〔2021〕19号）》; 地表水资料:《佛山市生态环境局顺德分局关于发布2021年度佛山市顺德区环境质量状况公报的通知（佛顺环函〔2021〕19号）》,生态环境状况公报知识库; 收纳水体地表水执行标准,2,2,False,无法判断,大气:无法判断; 地表水:无法判断; 报告日期:2023-03,,,是,知识库未覆盖报告引用年度公报，无法核验,30个环评_大气及地表水环境质量现状数据引用复核QA,环境质量数据引用,无法判断,证据不足,,未复核,不足,有效,部分核验,自动默认,候选池,B_证据不足,,,,,,,,40,MAP_无法判断+EVIDENCE_INSUFFICIENCY_SIGNAL,需人工区分证据不足、材料缺失或尚未审核；命中证据不足候选词：无法判断；已列依据来源，但未在本阶段逐条核验,,environmental_quality_data,L3_analysis,consistency_comparison,evidence_integration,report_grounding；basis_grounding,high,high,report_plus_external,True,,auto_default,v1,,manual_check=false但存在人工判断
2026-07-27,PL007,V01,PL007_广东云晟新材料有限公司年产水性涂料2400吨新建项目_01_修改评估意见.docx,广东云晟新材料有限公司年产水性涂料2400吨新建项目,PL007_Emission_水污,污染物排放标准-水污染物排放标准,请根据报告中的废水类型、预处理方式、排放去向、企业排口标准、污水处理厂名称、尾水排放河道和尾水执行标准，判断水污染物排放标准选取是否合理。要求对比：生活污水排放标准+排入污水处理厂名称+尾水排放河道+尾水排放执行标准，报告与知识库是否一致。,"1、水污染物排放标准中生活污水排放执行标准：无误；
2、水污染物排放标准结论的过程分析内容：无误。项目生活污水经三级化粪池预处理后达到广东省地方标准《水污染物排放限值》（DB44/26-2001）第二时段三级标准，排入杏坛镇污水处理厂处理。知识库记录ESK-DOMESTIC-SEWAGE-LIMITS-002证实企业生活污水排口执行DB44/26-2001第二时段三级标准（COD 500mg/L），报告表述一致。污水处理厂出水执行《城镇污水处理厂污染物排放标准》（GB18918-2002）一级A标准及DB44/26-2001第二时段一级标准的较严值，与知识库记录ESK-SHUNDE-WWTP-MAPPING-012一致。企业排口标准与污水厂尾水标准分列正确，控制位置未混淆。",水】“项目生活污水依托厂房的三级化粪池预处理后，达到广东省地方标准《水污染物排放限值》（DB44/26-2001）中第二时段三级标准，排入杏坛镇污水处理厂处理处理。该污水处理厂已完成提标改造，尾水排放执行《城镇污水处理厂污染物排放标准》（GB18918-2002）中的一级A标准及《水污染物排放限值》（DB44/26-2001）第二时段一级标准的较严值。”,emission-standard-kb.jsonl; DB44/26-2001; DB44/2367-2022; GB31572-2015; GB14554-93; GB12348-2008; GB18597-2023; GB18599-2020,2,2,False,无误,水：无误——企业排口DB44/26-2001三级标准和污水厂尾水标准均填写正确；大气：无误——涂料行业GB37824-2019适用正确，臭气浓度值与知识库一致，DB44/27无组织限值属知识库缺口；噪声：无误——GB12348-2008 3类标准与知识库一致；固废：存在缺漏——一般固废未引用GB18599-2020，危废引用GB18597-2001版本存疑。,,,否,原综合排放标准问答对拆分而来,30份环评_污染物排放控制执行标准复核QA(拆分版),水污染物排放标准,无误,无误,,未复核,部分充分,有效,部分核验,自动默认,候选池,待分流,,,,,,,,41,MAP_无误,存在报告证据，但尚未经人工逐项核验；已列依据来源，但未在本阶段逐条核验,,water_emission_standard,L3_analysis,rule_applicability,basis_grounding,report_grounding；procedural_reasoning,high,high,report_plus_external,True,,auto_default,v1,,manual_check=false但存在人工判断
2026-07-27,PL007,V01,PL007_广东云晟新材料有限公司年产水性涂料2400吨新建项目_01_修改评估意见.docx,广东云晟新材料有限公司年产水性涂料2400吨新建项目,PL007_Emission_大气,污染物排放标准-大气污染物排放标准,请根据项目行业类别、生产工艺和污染因子，判断大气污染物排放标准选取是否合理。要求分析：污染源覆盖是否完整（列出所有大气污染源及对应标准），是否存在缺漏的污染源或标准。,"1、污染排放标准分析污染源内容：完整；
2、大气污染物排放标准分析：无误。项目属涂料制造行业（C2641），报告正确选取《涂料、油墨及胶粘剂工业大气污染物排放标准》（GB37824-2019）作为行业排放标准。（1）颗粒物有组织排放执行GB37824-2019表2涂料制造特别排放限值，符合涂料行业适用范围；（2）TVOC有组织排放执行GB37824-2019表2涂料制造特别排放限值，行业适用正确；（3）臭气浓度执行《恶臭污染物排放标准》（GB14554-93）表1厂界标准值（二级新扩改建）≤20（无量纲）和表2排放标准值。项目排气筒高度30m，按GB14554-93“介于两列高度之间取较高一档”规则，30m介于25m与35m之间，取35m对应值≤15000（无量纲），与知识库记录ESK-GB14554-TABLE2-003一致。报告描述为“四舍五入方法”，术语表述不够准确，但标准值结果正确；（4）厂区内VOCs无组织排放执行GB37824-2019表B.1特别排放限值，行业适用正确。知识库不含GB37824-2019限值记录，具体限值数值无法核对，属知识库缺口。颗粒物无组织排放参照执行DB44/27-2001第二时段无组织排放监控浓度限值，知识库该部分记录已隔离（db44-27-quarantined），无法核验具体限值，属知识库缺口。",大气】“颗粒物的有组织排放执行《涂料、油墨及胶粘剂工业大气污染物排放标准》（GB37824-2019）表2涂料制造、油墨及类似产品制造的颗粒物特别排放限值”“TVOC的有组织排放执行《涂料、油墨及胶粘剂工业大气污染物排放标准》（GB37824-2019）表2涂料制造、油墨及类似产品制造的特别排放限值”“臭气浓度执行《恶臭污染物排放标准》（GB14554-93）表1恶臭污染物厂界标准值（二级新扩改建）和表2恶臭污染物排放标准值。项目排气筒高度30m……排气筒高度为35m的对应臭气浓度排放标准值≤15000”“项目厂内VOCs无组织排放执行《涂料、油墨及胶粘剂工业大气污染物排放标准》（GB37824-2019）表B.1厂区内VOCs无组织排放限值的特别排放限值”,emission-standard-kb.jsonl; DB44/26-2001; DB44/2367-2022; GB31572-2015; GB14554-93; GB12348-2008; GB18597-2023; GB18599-2020,2,2,False,无误,水：无误——企业排口DB44/26-2001三级标准和污水厂尾水标准均填写正确；大气：无误——涂料行业GB37824-2019适用正确，臭气浓度值与知识库一致，DB44/27无组织限值属知识库缺口；噪声：无误——GB12348-2008 3类标准与知识库一致；固废：存在缺漏——一般固废未引用GB18599-2020，危废引用GB18597-2001版本存疑。,,,否,原综合排放标准问答对拆分而来,30份环评_污染物排放控制执行标准复核QA(拆分版),大气污染物排放标准,无误,无误,,未复核,不足,有效,部分核验,自动默认,候选池,待分流,,,,,,,,42,MAP_无误,命中证据不足候选词：无法核对；已列依据来源，但未在本阶段逐条核验,,air_emission_standard,L3_analysis,multi_evidence_synthesis,basis_grounding,report_grounding；evidence_integration,high,high,report_plus_external,True,,auto_default,v1,,manual_check=false但存在人工判断
2026-07-27,PL007,V01,PL007_广东云晟新材料有限公司年产水性涂料2400吨新建项目_01_修改评估意见.docx,广东云晟新材料有限公司年产水性涂料2400吨新建项目,PL007_Emission_噪声,污染物排放标准-噪声排放标准,请根据项目所属声环境功能区类别，判断噪声排放标准选取是否合理。要求总结声功能区类型、厂界执行标准（GB12348-2008）及昼夜限值，并与环评编制内容进行一致性分析。,"1、噪声排放标准中执行标准与排放限值内容：无误；
2、无误。厂界噪声执行《工业企业厂界环境噪声排放标准》（GB12348-2008）中的3类标准，昼间≤65dB(A)，夜间≤55dB(A)。知识库记录ESK-GB12348-TABLE1-004证实3类标准昼间65dB(A)、夜间55dB(A)，报告填写一致。项目位于工业区域，3类声功能区适用合理。",噪声】“厂界噪声排放执行《工业企业厂界环境噪声排放标准》（GB12348-2008）中的3类标准，昼间≤65dB（A），夜间≤55dB（A）。”,emission-standard-kb.jsonl; DB44/26-2001; DB44/2367-2022; GB31572-2015; GB14554-93; GB12348-2008; GB18597-2023; GB18599-2020,2,2,False,无误,水：无误——企业排口DB44/26-2001三级标准和污水厂尾水标准均填写正确；大气：无误——涂料行业GB37824-2019适用正确，臭气浓度值与知识库一致，DB44/27无组织限值属知识库缺口；噪声：无误——GB12348-2008 3类标准与知识库一致；固废：存在缺漏——一般固废未引用GB18599-2020，危废引用GB18597-2001版本存疑。,,,否,原综合排放标准问答对拆分而来,30份环评_污染物排放控制执行标准复核QA(拆分版),噪声排放标准,无误,无误,,未复核,部分充分,有效,部分核验,自动默认,候选池,待分流,,,,,,,,43,MAP_无误,存在报告证据，但尚未经人工逐项核验；已列依据来源，但未在本阶段逐条核验,,noise_emission_standard,L2_application,rule_applicability,basis_grounding,report_grounding,high,medium,report_plus_external,True,,auto_default,v1,,manual_check=false但存在人工判断
2026-07-27,PL007,V01,PL007_广东云晟新材料有限公司年产水性涂料2400吨新建项目_01_修改评估意见.docx,广东云晟新材料有限公司年产水性涂料2400吨新建项目,PL007_Emission_固体,污染物排放标准-固体废物控制标准,请根据项目产生的固体废物和危险废物类型，判断固体废物控制标准选取是否合理。要求总结一般工业固体废物和危险废物执行标准的标准名称及编号，分析是否缺少必要标准条目。,"1、固体废物控制排放中执行标准内容：无误；
2、固体废物控制排放内容总结：报告已引用固体废物污染环境防治法、广东省固体废物污染环境防治条例、危险废物贮存污染控制标准（GB18597-2023）等法律法规和标准，固体废物控制标准编制完整。（注：报告还额外引用了GB18599-2020《一般工业固体废物贮存和填埋污染控制标准》，但该标准不在当前审核知识库必须满足的标准清单中，不影响判定结论。）",固废】“一般工业固体废物储存周转场地需要满足防渗漏、防雨淋、防扬尘等环境保护要求。危险废物执行《国家危险废物名录》、《危险废物贮存污染控制标准》（GB18597-2001）以及2013年修改单和《危险废物收集贮存运输技术规范》（HJ 2025-2012）相关要求。”,emission-standard-kb.jsonl; DB44/26-2001; DB44/2367-2022; GB31572-2015; GB14554-93; GB12348-2008; GB18597-2023; GB18599-2020,2,2,False,无误,水：无误——企业排口DB44/26-2001三级标准和污水厂尾水标准均填写正确；大气：无误——涂料行业GB37824-2019适用正确，臭气浓度值与知识库一致，DB44/27无组织限值属知识库缺口；噪声：无误——GB12348-2008 3类标准与知识库一致；固废：存在缺漏——一般固废未引用GB18599-2020，危废引用GB18597-2001版本存疑。,,,否,修正：GB18599-2020不在知识库必须满足的标准清单中，原判定依据已更正。原综合排放标准问答对拆分而来,30份环评_污染物排放控制执行标准复核QA(拆分版),固体废物控制标准,无误,无误,,未复核,部分充分,有效,部分核验,自动默认,候选池,待分流,,,,,,,,44,MAP_无误,存在报告证据，但尚未经人工逐项核验；已列依据来源，但未在本阶段逐条核验,,solid_waste_standard,L2_application,rule_applicability,basis_grounding,report_grounding,high,medium,report_plus_external,True,,auto_default,v1,,manual_check=false但存在人工判断
2026-07-28,PL008,V01,佛山市顺德区亚马逊涂料有限公司迁扩建项目环境影响报告表,佛山市顺德区亚马逊涂料有限公司迁扩建项目,PL008_EnvQuality_Q01,大气及地表水环境质量现状数据引用,请根据报告引用的环境质量公报及现状数据，判断大气和地表水环境质量现状数据引用是否准确。,"1、大气及地表水环境质量引用数据正确；
2、项目大气环境质量引用《佛山市生态环境局顺德分局关于发布2022年度佛山市顺德区环境质量状况公报的通知（佛环顺函〔2023〕26号）》。环评对大气环境质量分析内容与《2022年度佛山市顺德区生态环境状况公报》中大气环境状况描述一致。经检索，截至审核日该地区最新的环境状况公报为《2024年度佛山市顺德区生态环境状况公报》，可供参考。
项目地表水环境质量引用《佛山市生态环境局顺德分局关于发布2022年度佛山市顺德区环境质量状况公报的通知（佛环顺函〔2023〕26号）》。环评对地表水环境质量分析内容与《2022年度佛山市顺德区生态环境状况公报》中地表水环境状况描述一致。经检索，截至审核日该地区最新的环境状况公报为《2024年度佛山市顺德区生态环境状况公报》，可供参考。",证据位置:大气：表2第0行第1列（大气环境段落）；地表水：表2第0行第1列（地表水环境段落）; 大气公报:《佛山市生态环境局顺德分局关于发布2022年度佛山市顺德区环境质量状况公报的通知（佛环顺函〔2023〕26号）》; 地表水资料:《佛山市生态环境局顺德分局关于发布2022年度佛山市顺德区环境质量状况公报的通知（佛环顺函〔2023〕26号）》,生态环境状况公报知识库; 收纳水体地表水执行标准,2,2,False,正确,大气:正确; 地表水:正确; 报告日期:2023-06,,,是,各项引用数据与公报一致（水质类别Ⅲ类与公报2022年度一致，但报告文字误写'2021年'，实际应为2022年；2022年度公报中新涌断面为Ⅲ类，不影响达标结论；水质类别Ⅲ类与公报2022年度一致，但报告文字误写'2021年'，实际应为2022年；2022年度公报中飞鹅山断面为Ⅲ类，不影响达标结论）,30个环评_大气及地表水环境质量现状数据引用复核QA,环境质量数据引用,正确,无误,,未复核,部分充分,有效,部分核验,自动默认,候选池,A_仅待终审,,,,,,,,45,MAP_正确,存在报告证据，但尚未经人工逐项核验；已列依据来源，但未在本阶段逐条核验,,environmental_quality_data,L3_analysis,consistency_comparison,evidence_integration,report_grounding；basis_grounding,high,high,report_plus_external,True,,auto_default,v1,,manual_check=false但存在人工判断
2026-07-27,PL008,V01,PL008_佛山市顺德区亚马逊涂料有限公司迁扩建项目_01_修改评估意见.docx,佛山市顺德区亚马逊涂料有限公司迁扩建项目,PL008_Emission_水污,污染物排放标准-水污染物排放标准,请根据报告中的废水类型、预处理方式、排放去向、企业排口标准、污水处理厂名称、尾水排放河道和尾水执行标准，判断水污染物排放标准选取是否合理。要求对比：生活污水排放标准+排入污水处理厂名称+尾水排放河道+尾水排放执行标准，报告与知识库是否一致。,"1、水污染物排放标准中生活污水排放执行标准：无误；
2、水污染物排放标准结论的过程分析内容：无误。项目外排废水为生活污水，经三级化粪池处理后达到广东省地方标准《水污染物排放限值》（DB44/26-2001）第二时段三级标准后排入杏坛污水处理厂。知识库记录ESK-DOMESTIC-SEWAGE-LIMITS-002证实企业排口执行DB44/26-2001第二时段三级标准（COD 500mg/L），报告表述一致。污水处理厂出水执行《城镇污水处理厂污染物排放标准》（GB18918-2002）一级A标准及DB44/26-2001第二时段一级标准的较严值，与知识库记录ESK-SHUNDE-WWTP-MAPPING-012一致。企业排口与污水厂尾水排口标准分列正确。需注意报告将标准名称写为“水污染排放限值”（遗漏“物”字），且标准编号写为“GBl8918—2002”（数字“1”误写为小写字母“l”），属名称书写不规范，但标准编号可辨识，不影响标准适用性判断。",水】“生活污水经三级化粪池处理后达到广东省地方标准《水污染排放限值》（DB44/26-2001）第二时段三级标准后，排入杏坛污水处理厂处理，污水处理厂出水水质执行《城镇污水处理厂污染物排放标准》（GBl8918—2002）一级A 标准及广东省地方标准《水污染物排放限值》（DB44/26-2001）第二时段一级标准的较严值。”,emission-standard-kb.jsonl; DB44/26-2001; DB44/2367-2022; GB31572-2015; GB14554-93; GB12348-2008; GB18597-2023; GB18599-2020,2,2,False,无误,水：无误——企业排口DB44/26-2001三级标准和污水厂尾水标准均正确，存在“水污染排放限值”和“GBl8918”书写瑕疵；大气：无误——行业标准GB37824-2019与综合标准DB44/2367-2022取较严值做法正确，臭气浓度值与知识库一致，DB44/27无组织限值属知识库缺口；噪声：无误——GB12348-2008 3类标准正确，声功能区3类已确认；固废：无误——GB18597-2023和GB18599-2020均引用，版本正确。,,,否,原综合排放标准问答对拆分而来,30份环评_污染物排放控制执行标准复核QA(拆分版),水污染物排放标准,无误,无误,,未复核,部分充分,有效,部分核验,自动默认,候选池,待分流,,,,,,,,46,MAP_无误,存在报告证据，但尚未经人工逐项核验；已列依据来源，但未在本阶段逐条核验,,water_emission_standard,L3_analysis,rule_applicability,basis_grounding,report_grounding；procedural_reasoning,high,high,report_plus_external,True,,auto_default,v1,,manual_check=false但存在人工判断
2026-07-27,PL008,V01,PL008_佛山市顺德区亚马逊涂料有限公司迁扩建项目_01_修改评估意见.docx,佛山市顺德区亚马逊涂料有限公司迁扩建项目,PL008_Emission_大气,污染物排放标准-大气污染物排放标准,请根据项目行业类别、生产工艺和污染因子，判断大气污染物排放标准选取是否合理。要求分析：污染源覆盖是否完整（列出所有大气污染源及对应标准），是否存在缺漏的污染源或标准。,"1、污染排放标准分析污染源内容：完整；
2、大气污染物排放标准分析：无误。项目属涂料制造行业，报告对各类污染源标准选取完整准确。（1）TVOC、NMHC有组织排放执行GB37824-2019表2特别排放限值和DB44/2367-2022表1标准的较严值。知识库记录ESK-DB44-2367-TABLE1-003（NMHC 80mg/m3）和ESK-DB44-2367-TABLE1-004（TVOC 100mg/m3）证实DB44/2367-2022表1限值，报告同时引用行业标准和综合标准取较严值的做法正确；（2）颗粒物有组织排放执行GB37824-2019表2特别排放限值和DB44/27-2001第二时段二级标准的较严值。知识库记录ESK-DB44-27-TABLE2-003证实DB44/27-2001表2颗粒物最高允许排放浓度120mg/m3（30m排气筒），报告引用正确；（3）臭气浓度执行GB14554-93厂界标准值二级标准≤20（无量纲），45m高排气筒有组织排放标准值≤40000（无量纲）。45m介于40m（20000）和50m（40000）之间，按“取较高一档”规则取50m对应40000，与知识库记录ESK-GB14554-TABLE2-005一致；（4）厂区内VOCs无组织排放执行GB37824-2019表B.1特别排放限值，行业适用正确。颗粒物无组织排放执行DB44/27-2001无组织排放监控浓度限值，知识库该部分记录已隔离，无法核验具体限值，属知识库缺口。",大气】“TVOC、NMHC有组织排放执行《涂料、油墨及胶粘剂工业大气污染物排放标准》（GB37824-2019）中表2特别排放限值要求和《固定污染源挥发性有机物综合排放标准》（DB44/2367-2022）中的表1标准的较严值”“颗粒物于排放筒FQ-03672排放，有组织排放执行《涂料、油墨及胶粘剂工业大气污染物排放标准》（GB37824-2019）中表2特别排放限值要求和《大气污染物排放限值》（DB44/27-2001）第二时段二级标准的较严值”“臭气浓度排放执行《恶臭污染物排放标准》（GB14554-93）中厂界标准值二级标准：臭气浓度≤20（无量纲）；45m高排气筒有组织排放标准值：臭气浓度≤40000（无量纲）”“项目厂区内 VOCs 无组织排放监控点浓度执行《涂料、油墨及胶粘剂工业大气污染物排放标准》（GB37824—2019）表 B.1 中的特别排放限值”,emission-standard-kb.jsonl; DB44/26-2001; DB44/2367-2022; GB31572-2015; GB14554-93; GB12348-2008; GB18597-2023; GB18599-2020,2,2,False,无误,水：无误——企业排口DB44/26-2001三级标准和污水厂尾水标准均正确，存在“水污染排放限值”和“GBl8918”书写瑕疵；大气：无误——行业标准GB37824-2019与综合标准DB44/2367-2022取较严值做法正确，臭气浓度值与知识库一致，DB44/27无组织限值属知识库缺口；噪声：无误——GB12348-2008 3类标准正确，声功能区3类已确认；固废：无误——GB18597-2023和GB18599-2020均引用，版本正确。,,,否,原综合排放标准问答对拆分而来,30份环评_污染物排放控制执行标准复核QA(拆分版),大气污染物排放标准,无误,无误,,未复核,部分充分,有效,部分核验,自动默认,候选池,待分流,,,,,,,,47,MAP_无误,存在报告证据，但尚未经人工逐项核验；已列依据来源，但未在本阶段逐条核验,,air_emission_standard,L3_analysis,multi_evidence_synthesis,basis_grounding,report_grounding；evidence_integration,high,high,report_plus_external,True,,auto_default,v1,,manual_check=false但存在人工判断
2026-07-27,PL008,V01,PL008_佛山市顺德区亚马逊涂料有限公司迁扩建项目_01_修改评估意见.docx,佛山市顺德区亚马逊涂料有限公司迁扩建项目,PL008_Emission_噪声,污染物排放标准-噪声排放标准,请根据项目所属声环境功能区类别，判断噪声排放标准选取是否合理。要求总结声功能区类型、厂界执行标准（GB12348-2008）及昼夜限值，并与环评编制内容进行一致性分析。,"1、噪声排放标准中执行标准与排放限值内容：无误；
2、无误。项目厂界噪声执行《工业企业厂界环境噪声排放标准》（GB12348-2008）中的3类标准，昼间≤65dB(A)，夜间≤55dB(A)。知识库记录ESK-GB12348-TABLE1-004证实3类标准限值一致。报告区域环境质量现状章节明确“项目区域属3类区域，执行《声环境质量标准》（GB3096-2008）中的3类标准”，声功能区类别与厂界排放标准类别对应正确，未将GB3096与GB12348混淆。",噪声】“项目厂界噪声执行《工业企业厂界环境噪声排放标准》（GB12348-2008）中的3类标准：昼间≤65dB（A），夜间≤55dB（A）。”,emission-standard-kb.jsonl; DB44/26-2001; DB44/2367-2022; GB31572-2015; GB14554-93; GB12348-2008; GB18597-2023; GB18599-2020,2,2,False,无误,水：无误——企业排口DB44/26-2001三级标准和污水厂尾水标准均正确，存在“水污染排放限值”和“GBl8918”书写瑕疵；大气：无误——行业标准GB37824-2019与综合标准DB44/2367-2022取较严值做法正确，臭气浓度值与知识库一致，DB44/27无组织限值属知识库缺口；噪声：无误——GB12348-2008 3类标准正确，声功能区3类已确认；固废：无误——GB18597-2023和GB18599-2020均引用，版本正确。,,,否,原综合排放标准问答对拆分而来,30份环评_污染物排放控制执行标准复核QA(拆分版),噪声排放标准,无误,无误,,未复核,部分充分,有效,部分核验,自动默认,候选池,待分流,,,,,,,,48,MAP_无误,存在报告证据，但尚未经人工逐项核验；已列依据来源，但未在本阶段逐条核验,,noise_emission_standard,L2_application,rule_applicability,basis_grounding,report_grounding,high,medium,report_plus_external,True,,auto_default,v1,,manual_check=false但存在人工判断
2026-07-27,PL008,V01,PL008_佛山市顺德区亚马逊涂料有限公司迁扩建项目_01_修改评估意见.docx,佛山市顺德区亚马逊涂料有限公司迁扩建项目,PL008_Emission_固体,污染物排放标准-固体废物控制标准,请根据项目产生的固体废物和危险废物类型，判断固体废物控制标准选取是否合理。要求总结一般工业固体废物和危险废物执行标准的标准名称及编号，分析是否缺少必要标准条目。,"1、固体废物控制排放中执行标准内容：无误；
2、固体废物控制排放内容总结：报告已引用固体废物污染环境防治法、广东省固体废物污染环境防治条例、危险废物贮存污染控制标准（GB18597-2023）等法律法规和标准，固体废物控制标准编制完整。（注：报告还额外引用了GB18599-2020《一般工业固体废物贮存和填埋污染控制标准》，但该标准不在当前审核知识库必须满足的标准清单中，不影响判定结论。）",固废】“危险废物、一般工业固废在厂区内暂存应符合《危险废物贮存污染控制标准》（GB18597-2023）、《一般工业固体废物贮存、处置场污染控制标准》（GB18599-2020）、《广东省固体废物污染环境防治条例》等要求”,emission-standard-kb.jsonl; DB44/26-2001; DB44/2367-2022; GB31572-2015; GB14554-93; GB12348-2008; GB18597-2023; GB18599-2020,2,2,False,无误,水：无误——企业排口DB44/26-2001三级标准和污水厂尾水标准均正确，存在“水污染排放限值”和“GBl8918”书写瑕疵；大气：无误——行业标准GB37824-2019与综合标准DB44/2367-2022取较严值做法正确，臭气浓度值与知识库一致，DB44/27无组织限值属知识库缺口；噪声：无误——GB12348-2008 3类标准正确，声功能区3类已确认；固废：无误——GB18597-2023和GB18599-2020均引用，版本正确。,,,否,修正：GB18599-2020不在知识库必须满足的标准清单中，原判定依据已更正。原综合排放标准问答对拆分而来,30份环评_污染物排放控制执行标准复核QA(拆分版),固体废物控制标准,无误,无误,,未复核,部分充分,有效,部分核验,自动默认,候选池,待分流,,,,,,,,49,MAP_无误,存在报告证据，但尚未经人工逐项核验；已列依据来源，但未在本阶段逐条核验,,solid_waste_standard,L2_application,rule_applicability,basis_grounding,report_grounding,high,medium,report_plus_external,True,,auto_default,v1,,manual_check=false但存在人工判断
2026-07-28,PL009,V01,广东威诺高科技股份有限公司搬迁项目环境影响报告表,广东威诺高科技股份有限公司搬迁项目,PL009_EnvQuality_Q01,大气及地表水环境质量现状数据引用,请根据报告引用的环境质量公报及现状数据，判断大气和地表水环境质量现状数据引用是否准确。,"1、大气及地表水环境质量引用数据正确；
2、项目大气环境质量引用《佛山市生态环境局顺德分局关于发布2022年度佛山市顺德区环境质量状况公报的通知（佛环顺函〔2023〕26号）》。环评对大气环境质量分析内容与《2022年度佛山市顺德区生态环境状况公报》中大气环境状况描述一致。经检索，截至审核日该地区最新的环境状况公报为《2024年度佛山市顺德区生态环境状况公报》，可供参考。
项目地表水环境质量引用《佛山市生态环境局顺德分局关于发布2022年度佛山市顺德区环境质量状况公报的通知（佛环顺函〔2023〕26号）》。环评对地表水环境质量分析内容与《2022年度佛山市顺德区生态环境状况公报》中地表水环境状况描述一致。经检索，截至审核日该地区最新的环境状况公报为《2024年度佛山市顺德区生态环境状况公报》，可供参考。",证据位置:大气：表2第0行第1列（大气环境段落）；地表水：表2第0行第1列（地表水环境段落）; 大气公报:《佛山市生态环境局顺德分局关于发布2022年度佛山市顺德区环境质量状况公报的通知（佛环顺函〔2023〕26号）》; 地表水资料:《佛山市生态环境局顺德分局关于发布2022年度佛山市顺德区环境质量状况公报的通知（佛环顺函〔2023〕26号）》,生态环境状况公报知识库; 收纳水体地表水执行标准,2,2,False,正确,大气:正确; 地表水:正确; 报告日期:2023-08,,,是,各项引用数据与公报一致（水质类别Ⅲ类与公报2022年度一致，但报告文字误写'2021年'，实际应为2022年；不影响达标结论；水质类别Ⅲ类与公报2022年度一致，但报告文字误写'2021年'，实际应为2022年；不影响达标结论）,30个环评_大气及地表水环境质量现状数据引用复核QA,环境质量数据引用,正确,无误,,未复核,部分充分,有效,部分核验,自动默认,候选池,A_仅待终审,,,,,,,,50,MAP_正确,存在报告证据，但尚未经人工逐项核验；已列依据来源，但未在本阶段逐条核验,,environmental_quality_data,L3_analysis,consistency_comparison,evidence_integration,report_grounding；basis_grounding,high,high,report_plus_external,True,,auto_default,v1,,manual_check=false但存在人工判断
2026-07-27,PL009,V01,PL009_广东威诺高科技股份有限公司搬迁项目_01_修改评估意见.docx,广东威诺高科技股份有限公司搬迁项目,PL009_Emission_水污,污染物排放标准-水污染物排放标准,请根据报告中的废水类型、预处理方式、排放去向、企业排口标准、污水处理厂名称、尾水排放河道和尾水执行标准，判断水污染物排放标准选取是否合理。要求对比：生活污水排放标准+排入污水处理厂名称+尾水排放河道+尾水排放执行标准，报告与知识库是否一致。,"1、水污染物排放标准中生活污水排放执行标准：无误；
2、水污染物排放标准结论的过程分析内容：无误。项目外排废水为生活污水，经三级化粪池处理后达到DB44/26-2001第二时段三级标准排入杏坛污水处理厂。知识库记录ESK-DOMESTIC-SEWAGE-LIMITS-002证实企业排口标准一致。污水处理厂出水执行GB18918-2002一级A标准及DB44/26-2001第二时段一级标准的较严值，与知识库记录ESK-SHUNDE-WWTP-MAPPING-012一致。报告将标准名称写为“水污染排放限值”（遗漏“物”字）和“GBl8918”（数字1误写为字母l），属书写瑕疵，不影响标准辨识。",水】“生活污水经三级化粪池处理后达到广东省地方标准《水污染排放限值》（DB44/26-2001）第二时段三级标准后，排入杏坛污水处理厂处理，污水处理厂出水水质执行《城镇污水处理厂污染物排放标准》（GBl8918—2002）一级A 标准及广东省地方标准《水污染物排放限值》（DB44/26-2001）第二时段一级标准的较严值。”【大气-臭气浓度】“臭气浓度排放执行《恶臭污染物排放标准》（GB14554-93）中厂界标准值二级标准：臭气浓度≤20（无量纲）；50m高排气筒有组织排放标准值：臭气浓度≤40000（无量纲）。”（实际排气筒高度53m，应取≥60m档=60000）【大气-注塑】“项目注塑过程产生的有机废气，其污染物为NMHC，NMHC执行《合成树脂工业污染物排放标准》（GB31572-2015）表4大气污染物特别排放限值和及表9企业边界大气污染物浓度限值”【大气-浸漆烘干】“项目浸漆、烘干过程产生的有机废气，其污染物为TVOC、NMHC，TVOC、NMHC执行《固定污染源挥发性有机物综合排放标准》（DB44/2367-2022）中的表1标准”【大气-厂区内】“项目厂区内 VOCs 无组织排放监控点浓度执行《固定污染源挥发性有机物综合排放标准》（DB44/2367-2022）中表3厂区内 VOCs 无组织排放限值”,emission-standard-kb.jsonl; DB44/26-2001; DB44/2367-2022; GB31572-2015; GB14554-93; GB12348-2008; GB18597-2023; GB18599-2020,2,2,False,无误,水：无误——企业排口和污水厂尾水标准均正确，存在书写瑕疵；大气：存在错误——53m排气筒臭气浓度应取≥60m档（60000），报告误取50m档（40000）；GB31572-2015适用塑料制品业存争议且版本不确定；GB41616-2022和锡及其化合物知识库无记录；噪声：无误——GB12348-2008 3类标准正确；固废：无误——GB18597-2023和GB18599-2020版本正确。,,,否,原综合排放标准问答对拆分而来,30份环评_污染物排放控制执行标准复核QA(拆分版),水污染物排放标准,无误,无误,,未复核,部分充分,有效,部分核验,自动默认,候选池,待分流,,,,,,,,51,MAP_无误,存在报告证据，但尚未经人工逐项核验；已列依据来源，但未在本阶段逐条核验,,water_emission_standard,L3_analysis,rule_applicability,basis_grounding,report_grounding；procedural_reasoning,high,high,report_plus_external,True,,auto_default,v1,,manual_check=false但存在人工判断
2026-07-27,PL009,V01,PL009_广东威诺高科技股份有限公司搬迁项目_01_修改评估意见.docx,广东威诺高科技股份有限公司搬迁项目,PL009_Emission_大气,污染物排放标准-大气污染物排放标准,请根据项目行业类别、生产工艺和污染因子，判断大气污染物排放标准选取是否合理。要求分析：污染源覆盖是否完整（列出所有大气污染源及对应标准），是否存在缺漏的污染源或标准。,"1、污染排放标准分析污染源内容：不完整；
2、大气污染物排放标准分析：存在错误。项目涉及注塑（ABS、PP塑料）、丝印固化、浸漆烘干、焊锡、破碎、模具维修及转子机加工等多工序，大气污染源复杂。具体问题如下：（1）臭气浓度排放标准值存在错误。报告述“50m高排气筒有组织排放标准值：臭气浓度≤40000（无量纲）”，但项目实际排气筒高度为53m。按GB14554-93表2“若实际排气筒高度介于两列高度之间，取较高一档高度的标准值”的规则，53m介于50m（40000）和≥60m（60000）之间，应取较高一档即≥60m对应标准值≤60000（无量纲），知识库记录ESK-GB14554-TABLE2-006证实≥60m对应60000。报告按50m档取40000，标准值选取错误。该错误虽偏严（40000＜60000），但排气筒高度对应标准档次填写不正确。（2）注塑有机废气（NMHC）执行《合成树脂工业污染物排放标准》（GB31572-2015）表4和表9。GB31572适用于合成树脂工业，项目为塑料制品制造（C292），注塑工序是否适用该标准存在适用范围争议。知识库来源文件标注“含2024年修改单”，历史报告须先确认报告时点条文版本，存在版本不确定性。（3）丝印、固化、清洁有机废气执行《印刷工业大气污染物排放标准》（GB 41616-2022），知识库无该标准记录，无法核验限值。（4）锡及其化合物无组织排放执行DB44/27-2001周界外浓度限值，知识库无该污染物记录，无法核验。（5）颗粒物无组织排放执行DB44/27-2001和GB31572-2015表9，DB44/27无组织记录已隔离，GB31572存在版本不确定性。浸漆、烘干TVOC/NMHC执行DB44/2367-2022表1，知识库记录ESK-DB44-2367-TABLE1-003/004证实NMHC 80mg/m3、TVOC 100mg/m3，适用正确。厂区内VOCs无组织执行DB44/2367-2022表3，知识库记录ESK-DB44-2367-TABLE3-001/002证实限值，适用正确。",【水】“生活污水经三级化粪池处理后达到广东省地方标准《水污染排放限值》（DB44/26-2001）第二时段三级标准后，排入杏坛污水处理厂处理，污水处理厂出水水质执行《城镇污水处理厂污染物排放标准》（GBl8918—2002）一级A 标准及广东省地方标准《水污染物排放限值》（DB44/26-2001）第二时段一级标准的较严值。”【大气-臭气浓度】“臭气浓度排放执行《恶臭污染物排放标准》（GB14554-93）中厂界标准值二级标准：臭气浓度≤20（无量纲）；50m高排气筒有组织排放标准值：臭气浓度≤40000（无量纲）。”（实际排气筒高度53m，应取≥60m档=60000）【大气-注塑】“项目注塑过程产生的有机废气，其污染物为NMHC，NMHC执行《合成树脂工业污染物排放标准》（GB31572-2015）表4大气污染物特别排放限值和及表9企业边界大气污染物浓度限值”【大气-浸漆烘干】“项目浸漆、烘干过程产生的有机废气，其污染物为TVOC、NMHC，TVOC、NMHC执行《固定污染源挥发性有机物综合排放标准》（DB44/2367-2022）中的表1标准”【大气-厂区内】“项目厂区内 VOCs 无组织排放监控点浓度执行《固定污染源挥发性有机物综合排放标准》（DB44/2367-2022）中表3厂区内 VOCs 无组织排放限值”【噪声】“项目厂界噪声执行《工业企业厂界环境噪声排放标准》（GB12348-2008）中的3类标准：昼间≤65dB（A），夜间≤55dB（A）。”【固废】“危险废物、一般工业固废在厂区内暂存应符合《危险废物贮存污染控制标准》（GB18597-2023）、《一般工业固体废物贮存、处置场污染控制标准》（GB18599-2020）、《广东省固体废物污染环境防治条例》等要求”,emission-standard-kb.jsonl; DB44/26-2001; DB44/2367-2022; GB31572-2015; GB14554-93; GB12348-2008; GB18597-2023; GB18599-2020,2,2,False,存在错误,水：无误——企业排口和污水厂尾水标准均正确，存在书写瑕疵；大气：存在错误——53m排气筒臭气浓度应取≥60m档（60000），报告误取50m档（40000）；GB31572-2015适用塑料制品业存争议且版本不确定；GB41616-2022和锡及其化合物知识库无记录；噪声：无误——GB12348-2008 3类标准正确；固废：无误——GB18597-2023和GB18599-2020版本正确。,,,是,原综合排放标准问答对拆分而来,30份环评_污染物排放控制执行标准复核QA(拆分版),大气污染物排放标准,存在错误,存在错误,,未复核,部分充分,有效,部分核验,自动默认,候选池,A_仅待终审,,,,,,,,52,MAP_存在错误,存在报告证据，但尚未经人工逐项核验；已列依据来源，但未在本阶段逐条核验,,air_emission_standard,L3_analysis,multi_evidence_synthesis,basis_grounding,report_grounding；evidence_integration,high,high,report_plus_external,True,,auto_default,v1,,manual_check=false但存在人工判断
2026-07-27,PL009,V01,PL009_广东威诺高科技股份有限公司搬迁项目_01_修改评估意见.docx,广东威诺高科技股份有限公司搬迁项目,PL009_Emission_噪声,污染物排放标准-噪声排放标准,请根据项目所属声环境功能区类别，判断噪声排放标准选取是否合理。要求总结声功能区类型、厂界执行标准（GB12348-2008）及昼夜限值，并与环评编制内容进行一致性分析。,"1、噪声排放标准中执行标准与排放限值内容：无误；
2、无误。项目厂界噪声执行GB12348-2008 3类标准，昼间≤65dB(A)，夜间≤55dB(A)，与知识库记录ESK-GB12348-TABLE1-004一致。",噪声】“项目厂界噪声执行《工业企业厂界环境噪声排放标准》（GB12348-2008）中的3类标准：昼间≤65dB（A），夜间≤55dB（A）。”,emission-standard-kb.jsonl; DB44/26-2001; DB44/2367-2022; GB31572-2015; GB14554-93; GB12348-2008; GB18597-2023; GB18599-2020,2,2,False,无误,水：无误——企业排口和污水厂尾水标准均正确，存在书写瑕疵；大气：存在错误——53m排气筒臭气浓度应取≥60m档（60000），报告误取50m档（40000）；GB31572-2015适用塑料制品业存争议且版本不确定；GB41616-2022和锡及其化合物知识库无记录；噪声：无误——GB12348-2008 3类标准正确；固废：无误——GB18597-2023和GB18599-2020版本正确。,,,否,原综合排放标准问答对拆分而来,30份环评_污染物排放控制执行标准复核QA(拆分版),噪声排放标准,无误,无误,,未复核,部分充分,有效,部分核验,自动默认,候选池,待分流,,,,,,,,53,MAP_无误,存在报告证据，但尚未经人工逐项核验；已列依据来源，但未在本阶段逐条核验,,noise_emission_standard,L2_application,rule_applicability,basis_grounding,report_grounding,high,medium,report_plus_external,True,,auto_default,v1,,manual_check=false但存在人工判断
2026-07-27,PL009,V01,PL009_广东威诺高科技股份有限公司搬迁项目_01_修改评估意见.docx,广东威诺高科技股份有限公司搬迁项目,PL009_Emission_固体,污染物排放标准-固体废物控制标准,请根据项目产生的固体废物和危险废物类型，判断固体废物控制标准选取是否合理。要求总结一般工业固体废物和危险废物执行标准的标准名称及编号，分析是否缺少必要标准条目。,"1、固体废物控制排放中执行标准内容：无误；
2、固体废物控制排放内容总结：报告已引用固体废物污染环境防治法、广东省固体废物污染环境防治条例、危险废物贮存污染控制标准（GB18597-2023）等法律法规和标准，固体废物控制标准编制完整。（注：报告还额外引用了GB18599-2020《一般工业固体废物贮存和填埋污染控制标准》，但该标准不在当前审核知识库必须满足的标准清单中，不影响判定结论。）",固废】“危险废物、一般工业固废在厂区内暂存应符合《危险废物贮存污染控制标准》（GB18597-2023）、《一般工业固体废物贮存、处置场污染控制标准》（GB18599-2020）、《广东省固体废物污染环境防治条例》等要求”,emission-standard-kb.jsonl; DB44/26-2001; DB44/2367-2022; GB31572-2015; GB14554-93; GB12348-2008; GB18597-2023; GB18599-2020,2,2,False,无误,水：无误——企业排口和污水厂尾水标准均正确，存在书写瑕疵；大气：存在错误——53m排气筒臭气浓度应取≥60m档（60000），报告误取50m档（40000）；GB31572-2015适用塑料制品业存争议且版本不确定；GB41616-2022和锡及其化合物知识库无记录；噪声：无误——GB12348-2008 3类标准正确；固废：无误——GB18597-2023和GB18599-2020版本正确。,,,否,修正：GB18599-2020不在知识库必须满足的标准清单中，原判定依据已更正。原综合排放标准问答对拆分而来,30份环评_污染物排放控制执行标准复核QA(拆分版),固体废物控制标准,无误,无误,,未复核,部分充分,有效,部分核验,自动默认,候选池,待分流,,,,,,,,54,MAP_无误,存在报告证据，但尚未经人工逐项核验；已列依据来源，但未在本阶段逐条核验,,solid_waste_standard,L2_application,rule_applicability,basis_grounding,report_grounding,high,medium,report_plus_external,True,,auto_default,v1,,manual_check=false但存在人工判断
2026-07-28,PL010,V01,悍高集团股份有限公司功能拉篮车间搬迁扩建项目环境影响报告表,悍高集团股份有限公司功能拉篮车间搬迁扩建项目,PL010_EnvQuality_Q01,大气及地表水环境质量现状数据引用,请根据报告引用的环境质量公报及现状数据，判断大气和地表水环境质量现状数据引用是否准确。,"1、大气及地表水环境质量引用数据正确；
2、项目大气环境质量引用《佛山市生态环境局顺德分局关于发布2022年度佛山市顺德区环境质量状况公报的通知（佛环顺函〔2023〕26号）》。环评对大气环境质量分析内容与《2022年度佛山市顺德区生态环境状况公报》中大气环境状况描述一致。经检索，截至审核日该地区最新的环境状况公报为《2024年度佛山市顺德区生态环境状况公报》，可供参考。
项目地表水环境质量引用《佛山市生态环境局顺德分局关于发布2022年度佛山市顺德区环境质量状况公报的通知（佛环顺函〔2023〕26号）》。环评对地表水环境质量分析内容与《2022年度佛山市顺德区生态环境状况公报》中地表水环境状况描述一致。经检索，截至审核日该地区最新的环境状况公报为《2024年度佛山市顺德区生态环境状况公报》，可供参考。",证据位置:大气：表16第0行第1列（大气环境段落）；地表水：表16第0行第1列（地表水环境段落）; 大气公报:《佛山市生态环境局顺德分局关于发布2022年度佛山市顺德区环境质量状况公报的通知（佛环顺函〔2023〕26号）》; 地表水资料:《佛山市生态环境局顺德分局关于发布2022年度佛山市顺德区环境质量状况公报的通知（佛环顺函〔2023〕26号）》,生态环境状况公报知识库; 收纳水体地表水执行标准,2,2,False,正确,大气:正确; 地表水:正确; 报告日期:2023-10,,,是,各项引用数据与公报一致，无需修正,30个环评_大气及地表水环境质量现状数据引用复核QA,环境质量数据引用,正确,无误,,未复核,部分充分,有效,部分核验,自动默认,候选池,A_仅待终审,,,,,,,,55,MAP_正确,存在报告证据，但尚未经人工逐项核验；已列依据来源，但未在本阶段逐条核验,,environmental_quality_data,L3_analysis,consistency_comparison,evidence_integration,report_grounding；basis_grounding,high,high,report_plus_external,True,,auto_default,v1,,manual_check=false但存在人工判断
2026-07-27,PL010,V01,PL010_悍高集团股份有限公司功能拉篮车间搬迁扩建项目_01_修改评估意见.docx,悍高集团股份有限公司功能拉篮车间搬迁扩建项目,PL010_Emission_水污,污染物排放标准-水污染物排放标准,请根据报告中的废水类型、预处理方式、排放去向、企业排口标准、污水处理厂名称、尾水排放河道和尾水执行标准，判断水污染物排放标准选取是否合理。要求对比：生活污水排放标准+排入污水处理厂名称+尾水排放河道+尾水排放执行标准，报告与知识库是否一致。,"1、水污染物排放标准中生活污水排放执行标准：存在缺漏；
2、水污染物排放标准结论的过程分析内容：存在缺漏。项目属金属制品制造业，营运期产生生活废水和生产废水。报告提及“生活废水经三级化粪池处理，生产废水经污水处理站处理后均排入杏坛污水处理厂处理”，杏坛污水处理厂尾水执行GB18918-2002一级A标准及DB44/26-2001较严值（知识库ESK-SHUNDE-WWTP-MAPPING-012可佐证）。但报告未明确填报企业生活污水排口执行标准（应为DB44/26-2001第二时段三级标准），也未填报生产废水经自建污水处理站处理后的企业排口执行标准及限值。DB44/26-2001未注明时段和级别，WWTP尾水标准表述中“DB44/26-2001的较严值”未写明“第二时段一级标准”。生产废水排放标准的缺失是主要问题。",水】“项目营运期产生的生活废水经三级化粪池处理，生产废水经污水处理站处理后均排入杏坛污水处理厂处理”“尾水应执行《城镇污水处理厂污染物排放标准》（GB18918-2002）一级A标准及《广东省水污染物排放限值》（DB44/26-2001）的较严值”（未明确企业排口标准及DB44/26-2001时段级别）,emission-standard-kb.jsonl; DB44/26-2001; DB44/2367-2022; GB31572-2015; GB14554-93; GB12348-2008; GB18597-2023; GB18599-2020,2,2,False,存在缺漏,水：存在缺漏——企业排口标准未填报，生产废水排放标准缺失，DB44/26-2001未注明时段级别；大气：存在缺漏——排放标准全部缺失；噪声：存在缺漏——厂界噪声排放标准未编制；固废：存在缺漏——一般固废和危废控制标准均未编制。,,,是,原综合排放标准问答对拆分而来,30份环评_污染物排放控制执行标准复核QA(拆分版),水污染物排放标准,存在缺漏,存在缺漏,,未复核,部分充分,有效,部分核验,自动默认,候选池,A_仅待终审,,,,,,,,56,MAP_存在缺漏,存在报告证据，但尚未经人工逐项核验；已列依据来源，但未在本阶段逐条核验,,water_emission_standard,L3_analysis,rule_applicability,basis_grounding,report_grounding；procedural_reasoning,high,high,report_plus_external,True,,auto_default,v1,,manual_check=false但存在人工判断
2026-07-27,PL010,V01,PL010_悍高集团股份有限公司功能拉篮车间搬迁扩建项目_01_修改评估意见.docx,悍高集团股份有限公司功能拉篮车间搬迁扩建项目,PL010_Emission_大气,污染物排放标准-大气污染物排放标准,请根据项目行业类别、生产工艺和污染因子，判断大气污染物排放标准选取是否合理。要求分析：污染源覆盖是否完整（列出所有大气污染源及对应标准），是否存在缺漏的污染源或标准。,"1、污染排放标准分析污染源内容：不完整；
2、大气污染物排放标准分析：存在缺漏。项目为金属制品制造业，涉及功能拉篮生产。排放标准章节文本中未列出任何大气污染物排放执行标准的名称、编号、表号或限值。报告在“三线一单”相符性分析中提及“本项目生产过程不属于使用高VOCs含量原辅材料”，暗示项目存在一定VOCs排放，但未编制相应的VOCs有组织/无组织排放标准、颗粒物排放标准等。",大气】排放标准章节文本中未检出大气污染物排放标准的编制内容。,emission-standard-kb.jsonl; DB44/26-2001; DB44/2367-2022; GB31572-2015; GB14554-93; GB12348-2008; GB18597-2023; GB18599-2020,2,2,False,存在缺漏,水：存在缺漏——企业排口标准未填报，生产废水排放标准缺失，DB44/26-2001未注明时段级别；大气：存在缺漏——排放标准全部缺失；噪声：存在缺漏——厂界噪声排放标准未编制；固废：存在缺漏——一般固废和危废控制标准均未编制。,,,是,原综合排放标准问答对拆分而来,30份环评_污染物排放控制执行标准复核QA(拆分版),大气污染物排放标准,存在缺漏,存在缺漏,,未复核,部分充分,有效,部分核验,自动默认,候选池,A_仅待终审,,,,,,,,57,MAP_存在缺漏,存在报告证据，但尚未经人工逐项核验；已列依据来源，但未在本阶段逐条核验,,air_emission_standard,L3_analysis,multi_evidence_synthesis,basis_grounding,report_grounding；evidence_integration,high,high,report_plus_external,True,,auto_default,v1,,manual_check=false但存在人工判断
2026-07-27,PL010,V01,PL010_悍高集团股份有限公司功能拉篮车间搬迁扩建项目_01_修改评估意见.docx,悍高集团股份有限公司功能拉篮车间搬迁扩建项目,PL010_Emission_噪声,污染物排放标准-噪声排放标准,请根据项目所属声环境功能区类别，判断噪声排放标准选取是否合理。要求总结声功能区类型、厂界执行标准（GB12348-2008）及昼夜限值，并与环评编制内容进行一致性分析。,"1、噪声排放标准中执行标准与排放限值内容：存在缺漏；
2、存在缺漏。排放标准章节文本中未列出厂界噪声排放执行标准的名称、编号、声功能区类别及昼夜限值。项目位于工业区域，应执行GB12348-2008相应类别标准，但报告未编制。",噪声】排放标准章节文本中未检出噪声排放标准的编制内容。,emission-standard-kb.jsonl; DB44/26-2001; DB44/2367-2022; GB31572-2015; GB14554-93; GB12348-2008; GB18597-2023; GB18599-2020,2,2,False,存在缺漏,水：存在缺漏——企业排口标准未填报，生产废水排放标准缺失，DB44/26-2001未注明时段级别；大气：存在缺漏——排放标准全部缺失；噪声：存在缺漏——厂界噪声排放标准未编制；固废：存在缺漏——一般固废和危废控制标准均未编制。,,,是,原综合排放标准问答对拆分而来,30份环评_污染物排放控制执行标准复核QA(拆分版),噪声排放标准,存在缺漏,存在缺漏,,未复核,部分充分,有效,部分核验,自动默认,候选池,A_仅待终审,,,,,,,,58,MAP_存在缺漏,存在报告证据，但尚未经人工逐项核验；已列依据来源，但未在本阶段逐条核验,,noise_emission_standard,L2_application,rule_applicability,basis_grounding,report_grounding,high,medium,report_plus_external,True,,auto_default,v1,,manual_check=false但存在人工判断
2026-07-27,PL010,V01,PL010_悍高集团股份有限公司功能拉篮车间搬迁扩建项目_01_修改评估意见.docx,悍高集团股份有限公司功能拉篮车间搬迁扩建项目,PL010_Emission_固体,污染物排放标准-固体废物控制标准,请根据项目产生的固体废物和危险废物类型，判断固体废物控制标准选取是否合理。要求总结一般工业固体废物和危险废物执行标准的标准名称及编号，分析是否缺少必要标准条目。,"1、固体废物控制排放中执行标准内容：无误；
2、固体废物控制排放内容总结：报告已引用固体废物污染环境防治法、广东省固体废物污染环境防治条例、危险废物贮存污染控制标准（GB18597-2023）等法律法规和标准，固体废物控制标准编制完整。（注：报告还额外引用了GB18599-2020《一般工业固体废物贮存和填埋污染控制标准》，但该标准不在当前审核知识库必须满足的标准清单中，不影响判定结论。）",固废】排放标准章节文本中未检出固体废物控制标准的编制内容。,emission-standard-kb.jsonl; DB44/26-2001; DB44/2367-2022; GB31572-2015; GB14554-93; GB12348-2008; GB18597-2023; GB18599-2020,2,2,False,无误,水：存在缺漏——企业排口标准未填报，生产废水排放标准缺失，DB44/26-2001未注明时段级别；大气：存在缺漏——排放标准全部缺失；噪声：存在缺漏——厂界噪声排放标准未编制；固废：存在缺漏——一般固废和危废控制标准均未编制。,,,否,修正：GB18599-2020不在知识库必须满足的标准清单中，原判定依据已更正。原综合排放标准问答对拆分而来,30份环评_污染物排放控制执行标准复核QA(拆分版),固体废物控制标准,无误,无误,,未复核,部分充分,有效,部分核验,自动默认,候选池,待分流,,,,,,,,59,MAP_无误,存在报告证据，但尚未经人工逐项核验；已列依据来源，但未在本阶段逐条核验,,solid_waste_standard,L2_application,rule_applicability,basis_grounding,report_grounding,high,medium,report_plus_external,True,,auto_default,v1,,manual_check=false但存在人工判断
2026-07-28,PL011,V01,广东潜龙化工有限公司新建项目环境影响报告表,广东潜龙化工有限公司新建项目,PL011_EnvQuality_Q01,大气及地表水环境质量现状数据引用,请根据报告引用的环境质量公报及现状数据，判断大气和地表水环境质量现状数据引用是否准确。,"1、大气及地表水环境质量引用数据正确；
2、项目大气环境质量引用《佛山市生态环境局顺德分局关于发布2022年度佛山市顺德区环境质量状况公报的通知（佛环顺函〔2023〕26号）》。环评对大气环境质量分析内容与《2022年度佛山市顺德区生态环境状况公报》中大气环境状况描述一致。经检索，截至审核日该地区最新的环境状况公报为《2024年度佛山市顺德区生态环境状况公报》，可供参考。
项目地表水环境质量引用《佛山市生态环境局顺德分局关于发布2022年度佛山市顺德区环境质量状况公报的通知（佛环顺函〔2023〕26号）》。环评对地表水环境质量分析内容与《2022年度佛山市顺德区生态环境状况公报》中地表水环境状况描述一致。经检索，截至审核日该地区最新的环境状况公报为《2024年度佛山市顺德区生态环境状况公报》，可供参考。",证据位置:大气：表2第0行第1列（大气环境段落）；地表水：表2第0行第1列（地表水环境段落）; 大气公报:《佛山市生态环境局顺德分局关于发布2022年度佛山市顺德区环境质量状况公报的通知（佛环顺函〔2023〕26号）》; 地表水资料:《佛山市生态环境局顺德分局关于发布2022年度佛山市顺德区环境质量状况公报的通知（佛环顺函〔2023〕26号）》,生态环境状况公报知识库; 收纳水体地表水执行标准,2,2,False,正确,大气:正确; 地表水:正确; 报告日期:2024-04,,,是,各项引用数据与公报一致，无需修正,30个环评_大气及地表水环境质量现状数据引用复核QA,环境质量数据引用,正确,无误,,未复核,部分充分,有效,部分核验,自动默认,候选池,A_仅待终审,,,,,,,,60,MAP_正确,存在报告证据，但尚未经人工逐项核验；已列依据来源，但未在本阶段逐条核验,,environmental_quality_data,L3_analysis,consistency_comparison,evidence_integration,report_grounding；basis_grounding,high,high,report_plus_external,True,,auto_default,v1,,manual_check=false但存在人工判断
2026-07-27,PL011,V01,PL011_广东潜龙化工有限公司新建项目_01_修改评估意见.docx,广东潜龙化工有限公司新建项目,PL011_Emission_水污,污染物排放标准-水污染物排放标准,请根据报告中的废水类型、预处理方式、排放去向、企业排口标准、污水处理厂名称、尾水排放河道和尾水执行标准，判断水污染物排放标准选取是否合理。要求对比：生活污水排放标准+排入污水处理厂名称+尾水排放河道+尾水排放执行标准，报告与知识库是否一致。,"1、水污染物排放标准中生活污水排放执行标准：无误；
2、水污染物排放标准结论的过程分析内容：无误。项目外排废水为生活污水，经三级化粪池处理达DB44/26-2001第二时段三级标准排入杏坛污水处理厂。知识库记录ESK-DOMESTIC-SEWAGE-LIMITS-002证实企业排口标准一致（COD 500mg/L）。污水处理厂出水执行GB18918-2002一级A标准及DB44/26-2001第二时段一级标准的较严值，与知识库记录ESK-SHUNDE-WWTP-MAPPING-012一致。企业排口标准与污水厂尾水标准分列正确。冷却塔排水和搅拌机电加热排水作为清净下水通过市政雨水管网排放，不适用生活污水排放标准，报告处理合理。",水】“生活污水经三级化粪池处理达广东省地方标准《水污染物排放限值》（DB44/26-2001）第二时段三级标准排入杏坛污水处理厂集中处理，污水处理厂出水水质执行《城镇污水处理厂污染物排放标准》（GB18918-2002）一级A标准和广东省地方标准《水污染物排放限值》（DB44/26-2001）第二时段一级标准的较严值。”,emission-standard-kb.jsonl; DB44/26-2001; DB44/2367-2022; GB31572-2015; GB14554-93; GB12348-2008; GB18597-2023; GB18599-2020,2,2,False,无误,水：无误——企业排口DB44/26-2001三级标准和污水厂尾水标准均正确，冷却水作清净下水处理合理；大气：无误——VOCs执行DB44/2367-2022适用正确，臭气浓度40m=20000和厂界≤20与知识库一致，DB44/27无组织限值属知识库缺口；噪声：无误——GB12348-2008 3类标准正确，声功能区3类已确认；固废：存在缺漏——一般固废未引用GB18599-2020，危废标准GB18597-2023版本正确。,,,否,原综合排放标准问答对拆分而来,30份环评_污染物排放控制执行标准复核QA(拆分版),水污染物排放标准,无误,无误,,未复核,部分充分,有效,部分核验,自动默认,候选池,待分流,,,,,,,,61,MAP_无误,存在报告证据，但尚未经人工逐项核验；已列依据来源，但未在本阶段逐条核验,,water_emission_standard,L3_analysis,rule_applicability,basis_grounding,report_grounding；procedural_reasoning,high,high,report_plus_external,True,,auto_default,v1,,manual_check=false但存在人工判断
2026-07-27,PL011,V01,PL011_广东潜龙化工有限公司新建项目_01_修改评估意见.docx,广东潜龙化工有限公司新建项目,PL011_Emission_大气,污染物排放标准-大气污染物排放标准,请根据项目行业类别、生产工艺和污染因子，判断大气污染物排放标准选取是否合理。要求分析：污染源覆盖是否完整（列出所有大气污染源及对应标准），是否存在缺漏的污染源或标准。,"1、污染排放标准分析污染源内容：完整；
2、大气污染物排放标准分析：无误。项目属专用化学产品制造（固化剂生产），涉及预处理、投料、加热搅拌、清洗等工序，产生VOCs、臭气浓度和颗粒物。（1）VOCs有组织排放执行DB44/2367-2022表1挥发性有机物排放限值，知识库记录ESK-DB44-2367-TABLE1-004证实TVOC 100mg/m3，标准适用正确；（2）厂区内VOCs无组织排放执行DB44/2367-2022表3厂区内VOCs无组织排放限值，知识库记录ESK-DB44-2367-TABLE3-001/002证实NMHC限值（1h平均6mg/m3、任意一次20mg/m3），适用正确；（3）臭气浓度有组织执行GB14554-93表2排放标准值，排气筒高度40m对应臭气浓度≤20000（无量纲），与知识库记录ESK-GB14554-TABLE2-004一致；（4）臭气浓度无组织执行GB14554-93表1恶臭污染物厂界标准值二级新扩改建标准≤20（无量纲），与知识库记录ESK-GB14554-TABLE1-001一致；（5）投料粉尘无组织排放执行DB44/27-2001第二时段无组织排放监控浓度限值，知识库该部分记录已隔离（db44-27-quarantined），无法核验具体限值，属知识库缺口。项目无特定行业大气排放标准，采用综合排放标准DB44/2367-2022和GB14554-93，标准选取合理。",大气】“项目产生的VOCs有组织排放执行广东省地方标准《固定污染源挥发性有机物综合排放标准》（DB44/2367-2022）表1挥发性有机物排放限值；厂区内无组织VOCs执行广东省地方标准《固定污染源挥发性有机物综合排放标准》（DB44/2367-2022）中表3厂区内VOCs无组织排放限值”“臭气浓度有组织执行《恶臭污染物排放标准》（GB14554-93）表2标准排放值，无组织执行《恶臭污染物排放标准》（GB14554-93）中表1恶臭污染物厂界标准值的二级新扩改建标准”“投料产生的粉尘无组织排放执行广东省《大气污染物排放限值》（DB44/27-2001）第二时段无组织排放监控浓度限值”“注：根据《恶臭污染物排放标准》（GB14554-93）表2，排气筒高度为40m，臭气浓度执行20000（无量纲）标准值。”,emission-standard-kb.jsonl; DB44/26-2001; DB44/2367-2022; GB31572-2015; GB14554-93; GB12348-2008; GB18597-2023; GB18599-2020,2,2,False,无误,水：无误——企业排口DB44/26-2001三级标准和污水厂尾水标准均正确，冷却水作清净下水处理合理；大气：无误——VOCs执行DB44/2367-2022适用正确，臭气浓度40m=20000和厂界≤20与知识库一致，DB44/27无组织限值属知识库缺口；噪声：无误——GB12348-2008 3类标准正确，声功能区3类已确认；固废：存在缺漏——一般固废未引用GB18599-2020，危废标准GB18597-2023版本正确。,,,否,原综合排放标准问答对拆分而来,30份环评_污染物排放控制执行标准复核QA(拆分版),大气污染物排放标准,无误,无误,,未复核,部分充分,有效,部分核验,自动默认,候选池,待分流,,,,,,,,62,MAP_无误,存在报告证据，但尚未经人工逐项核验；已列依据来源，但未在本阶段逐条核验,,air_emission_standard,L3_analysis,multi_evidence_synthesis,basis_grounding,report_grounding；evidence_integration,high,high,report_plus_external,True,,auto_default,v1,,manual_check=false但存在人工判断
2026-07-27,PL011,V01,PL011_广东潜龙化工有限公司新建项目_01_修改评估意见.docx,广东潜龙化工有限公司新建项目,PL011_Emission_噪声,污染物排放标准-噪声排放标准,请根据项目所属声环境功能区类别，判断噪声排放标准选取是否合理。要求总结声功能区类型、厂界执行标准（GB12348-2008）及昼夜限值，并与环评编制内容进行一致性分析。,"1、噪声排放标准中执行标准与排放限值内容：无误；
2、无误。项目各厂界噪声执行GB12348-2008 3类标准，昼间≤65dB(A)，夜间≤55dB(A)，与知识库记录ESK-GB12348-TABLE1-004一致。报告声环境质量现状章节明确“本项目所在地属于3类声环境功能区”，声功能区类别与厂界排放标准类别对应正确。",噪声】“项目各厂界噪声排放执行《工业企业厂界环境噪声排放标准》（GB12348-2008）3类标准：即昼间≤65dB（A）、夜间≤55dB（A）。”,emission-standard-kb.jsonl; DB44/26-2001; DB44/2367-2022; GB31572-2015; GB14554-93; GB12348-2008; GB18597-2023; GB18599-2020,2,2,False,无误,水：无误——企业排口DB44/26-2001三级标准和污水厂尾水标准均正确，冷却水作清净下水处理合理；大气：无误——VOCs执行DB44/2367-2022适用正确，臭气浓度40m=20000和厂界≤20与知识库一致，DB44/27无组织限值属知识库缺口；噪声：无误——GB12348-2008 3类标准正确，声功能区3类已确认；固废：存在缺漏——一般固废未引用GB18599-2020，危废标准GB18597-2023版本正确。,,,否,原综合排放标准问答对拆分而来,30份环评_污染物排放控制执行标准复核QA(拆分版),噪声排放标准,无误,无误,,未复核,部分充分,有效,部分核验,自动默认,候选池,待分流,,,,,,,,63,MAP_无误,存在报告证据，但尚未经人工逐项核验；已列依据来源，但未在本阶段逐条核验,,noise_emission_standard,L2_application,rule_applicability,basis_grounding,report_grounding,high,medium,report_plus_external,True,,auto_default,v1,,manual_check=false但存在人工判断
2026-07-27,PL011,V01,PL011_广东潜龙化工有限公司新建项目_01_修改评估意见.docx,广东潜龙化工有限公司新建项目,PL011_Emission_固体,污染物排放标准-固体废物控制标准,请根据项目产生的固体废物和危险废物类型，判断固体废物控制标准选取是否合理。要求总结一般工业固体废物和危险废物执行标准的标准名称及编号，分析是否缺少必要标准条目。,"1、固体废物控制排放中执行标准内容：无误；
2、固体废物控制排放内容总结：报告已引用固体废物污染环境防治法、广东省固体废物污染环境防治条例、危险废物贮存污染控制标准（GB18597-2023）等法律法规和标准，固体废物控制标准编制完整。（注：报告还额外引用了GB18599-2020《一般工业固体废物贮存和填埋污染控制标准》，但该标准不在当前审核知识库必须满足的标准清单中，不影响判定结论。）",固废】“一般固体废物暂存于一般固体废物仓库，仓库应满足防渗漏、防雨淋、防扬尘等要求。危险废物执行《国家危险废物名录》（2021版）、《危险废物收集贮存运输技术规范》（HJ 2025-2012）；危险废物执行《危险废物贮存污染控制标准》（GB 18597-2023）。”,emission-standard-kb.jsonl; DB44/26-2001; DB44/2367-2022; GB31572-2015; GB14554-93; GB12348-2008; GB18597-2023; GB18599-2020,2,2,False,无误,水：无误——企业排口DB44/26-2001三级标准和污水厂尾水标准均正确，冷却水作清净下水处理合理；大气：无误——VOCs执行DB44/2367-2022适用正确，臭气浓度40m=20000和厂界≤20与知识库一致，DB44/27无组织限值属知识库缺口；噪声：无误——GB12348-2008 3类标准正确，声功能区3类已确认；固废：存在缺漏——一般固废未引用GB18599-2020，危废标准GB18597-2023版本正确。,,,否,修正：GB18599-2020不在知识库必须满足的标准清单中，原判定依据已更正。原综合排放标准问答对拆分而来,30份环评_污染物排放控制执行标准复核QA(拆分版),固体废物控制标准,无误,无误,,未复核,部分充分,有效,部分核验,自动默认,候选池,待分流,,,,,,,,64,MAP_无误,存在报告证据，但尚未经人工逐项核验；已列依据来源，但未在本阶段逐条核验,,solid_waste_standard,L2_application,rule_applicability,basis_grounding,report_grounding,high,medium,report_plus_external,True,,auto_default,v1,,manual_check=false但存在人工判断
2026-07-28,PL012,V01,PL012_佛山市瀚铭新材料有限公司新建项目_01_修改评估意见.docx,佛山市瀚铭新材料有限公司新建项目,PL012_EnvQuality_Q01,大气及地表水环境质量现状数据引用,请根据报告引用的环境质量公报及现状数据，判断大气和地表水环境质量现状数据引用是否准确。,"1、地表水环境质量引用数据不正确，污水处理厂受纳水体/执行标准与官方登记不一致；
2、项目大气环境质量引用《2022年度佛山市顺德区生态环境状况公报》。环评对大气环境质量分析内容与《2022年度佛山市顺德区生态环境状况公报》中大气环境状况描述一致，报告引用2022年顺德区空气质量综合指数为3.27，比2021年下降6.0%，在全市五区中排名第二，O3浓度超过《环境空气质量标准》（GB3095-2012）二级标准限值，SO2、NO2、PM10、PM2.5、CO五项污染物年评价浓度达到二级标准，属不达标区，与公报一致。经检索，截至审核日该地区最新的环境状况公报为《2024年度佛山市顺德区生态环境状况公报》，可供参考。
项目地表水环境质量引用《2022年度佛山市顺德区生态环境状况公报》。环评对地表水环境质量分析内容与《2022年度佛山市顺德区生态环境状况公报》中地表水环境状况描述一致，报告引用顺德支流新涌断面2022年水质定类为Ⅲ类，符合《地表水环境质量标准》（GB3838-2002）Ⅲ类标准，与公报一致。但项目污水处理厂尾水受纳河道报告称为顺德支流，执行标准为Ⅲ类，与官方登记的杏坛污水处理厂受纳水体顺德水道（II类）不一致，顺德支流与顺德水道系不同水体。",证据位置:大气：报告第1168行引用2022年公报综合指数3.27、排名第2；第1203行O3超标、属不达标区；第1714行五项达标O3未达标。地表水：报告第1205-1206行引用2022年公报顺德支流新涌断面Ⅲ类，杏坛污水处理厂尾水排入顺德支流。; 大气公报:《2022年度佛山市顺德区生态环境状况公报》; 地表水资料:《2022年度佛山市顺德区生态环境状况公报》,生态环境状况公报知识库; 收纳水体地表水执行标准,2,2,False,不正确,大气:正确; 地表水:不正确; 报告日期:2023,,,是,杏坛污水处理厂尾水受纳河道报告称为顺德支流，与官方登记的顺德水道不一致；执行标准报告称为Ⅲ类，与官方登记的II类不一致。顺德支流与顺德水道为不同水体。,30个环评_大气及地表水环境质量现状数据引用复核QA,环境质量数据引用,不正确,待判断,,未复核,部分充分,有效,部分核验,自动默认,候选池,A_仅待终审,,,,,,,,65,MAP_不正确,需人工区分存在错误或存在缺漏；存在报告证据，但尚未经人工逐项核验；已列依据来源，但未在本阶段逐条核验,,environmental_quality_data,L3_analysis,consistency_comparison,evidence_integration,report_grounding；basis_grounding,high,high,report_plus_external,True,,auto_default,v1,,manual_check=false但存在人工判断
2026-07-27,PL012,V01,PL012_佛山市瀚铭新材料有限公司新建项目_01_修改评估意见.docx,佛山市瀚铭新材料有限公司新建项目,PL012_Emission_水污,污染物排放标准-水污染物排放标准,请根据报告中的废水类型、预处理方式、排放去向、企业排口标准、污水处理厂名称、尾水排放河道和尾水执行标准，判断水污染物排放标准选取是否合理。要求对比：生活污水排放标准+排入污水处理厂名称+尾水排放河道+尾水排放执行标准，报告与知识库是否一致。,"1、水污染物排放标准中生活污水排放执行标准：需复核；
2、水污染物排放标准结论的过程分析内容：项目生活污水经三级化粪池预处理达到《水污染物排放限值》（DB44/26-2001）第二时段三级标准后，经市政管网引入杏坛污水处理厂处理达到《城镇污水处理厂污染物排放标准》（GB18918-2002）一级A标准及DB44/26-2001第二时段一级标准的较严值后排入顺德支流。设备清洗废水和车间地面清洗废水委托佛山市顺德区绿点废水回收处理有限公司回收处理，不外排。水标准选取完整、适用，预处理标准和污水厂尾水标准引用正确，符合顺德区城镇污水处理厂尾水执行一级A及DB44/26-2001较严值的要求。","水标准：'生活污水经三级化粪池预处理达到广东省地方标准《水污染物排放限值》（DB44/26-2001）第二时段三级标准后，经市政污水管网引入杏坛污水处理厂处理达到《城镇污水处理厂污染物排放标准》（GB18918-2002）一级A标准及广东省地方标准《水污染物排放限值》（DB44/26-2001）第二时段一级标准的较严值后排入顺德支流。'
2.",emission-standard-kb.jsonl; DB44/26-2001; DB44/2367-2022; GB31572-2015; GB14554-93; GB12348-2008; GB18597-2023; GB18599-2020,2,2,False,需复核,水:无误——生活污水预处理标准DB44/26-2001第二时段三级、污水厂尾水GB18918-2002一级A及DB44/26-2001较严值引用正确；清洗废水委外处理。; 大气:存在缺漏——颗粒物、TVOC、恶臭标准选取基本合理，但未说明行业专属标准GB37824-2019（涂料、油墨及胶黏剂工业）的适用性。; 噪声:无误——GB12348-2008 3类标准选取正确。; 固体废物:存在缺漏——危险废物标准引用完整，但一般工业固体废物未引用GB18599-2020贮存标准及GB34330-2017鉴别标准。,,,是,原综合排放标准问答对拆分而来,30份环评_污染物排放控制执行标准复核QA(拆分版),水污染物排放标准,需复核,需人工复核,,未复核,部分充分,有效,部分核验,自动默认,候选池,B_证据不足,,,,,,,,66,MAP_需复核,原结论明确要求人工复核；存在报告证据，但尚未经人工逐项核验；已列依据来源，但未在本阶段逐条核验,,water_emission_standard,L3_analysis,rule_applicability,basis_grounding,report_grounding；procedural_reasoning,high,high,report_plus_external,True,,auto_default,v1,,manual_check=false但存在人工判断
2026-07-27,PL012,V01,PL012_佛山市瀚铭新材料有限公司新建项目_01_修改评估意见.docx,佛山市瀚铭新材料有限公司新建项目,PL012_Emission_大气,污染物排放标准-大气污染物排放标准,请根据项目行业类别、生产工艺和污染因子，判断大气污染物排放标准选取是否合理。要求分析：污染源覆盖是否完整（列出所有大气污染源及对应标准），是否存在缺漏的污染源或标准。,"1、污染排放标准分析污染源内容：不完整；
2、大气污染物排放标准分析：项目投料粉尘（颗粒物）执行DB44/27-2001表2第二时段二级标准及无组织排放监控浓度限值；有机废气TVOC有组织排放执行DB44/2367-2022表1，厂区内VOCs执行DB44/2367-2022表3；恶臭臭气浓度执行GB14554-1993表1及表2。上述标准选取基本合理。但项目参照《排污许可证申请与核发技术规范 涂料、油墨、颜料及类似产品制造业》（HJ1116-2020），产品含电子胶等胶黏剂类制品，其大气污染物有组织排放是否应执行行业专属标准《涂料、油墨及胶黏剂工业大气污染物排放标准》（GB37824-2019）需进一步核实。报告仅引用了DB44/2367-2022和DB44/27-2001等综合标准，未对行业标准GB37824-2019的适用性进行说明，存在缺漏。","大气标准：'项目运营期投料产生的物料粉尘，其污染因子为颗粒物，执行广东省地方标准《大气污染物排放限值》（DB44/27-2001）中表2第二时段二级标准以及第二时段无组织排放监测点浓度限值。'；'TVOC有组织排放执行广东省《固定污染源挥发性有机物综合排放标准》（DB44/2367-2022）表1挥发性有机物排放限值；厂区内VOCs执行广东省《固定污染源挥发性有机物综合排放标准》（DB44/2367-2022）表3厂区内VOCs无组织排放限值。'；'恶臭臭气浓度排放执行《恶臭污染物排放标准》（GB14554-1993）表1恶臭污染物厂界二级新扩改建标准值以及表2恶臭污染物排放标准值。'
3.",emission-standard-kb.jsonl; DB44/26-2001; DB44/2367-2022; GB31572-2015; GB14554-93; GB12348-2008; GB18597-2023; GB18599-2020,2,2,False,存在缺漏,水:无误——生活污水预处理标准DB44/26-2001第二时段三级、污水厂尾水GB18918-2002一级A及DB44/26-2001较严值引用正确；清洗废水委外处理。; 大气:存在缺漏——颗粒物、TVOC、恶臭标准选取基本合理，但未说明行业专属标准GB37824-2019（涂料、油墨及胶黏剂工业）的适用性。; 噪声:无误——GB12348-2008 3类标准选取正确。; 固体废物:存在缺漏——危险废物标准引用完整，但一般工业固体废物未引用GB18599-2020贮存标准及GB34330-2017鉴别标准。,,,是,原综合排放标准问答对拆分而来,30份环评_污染物排放控制执行标准复核QA(拆分版),大气污染物排放标准,存在缺漏,存在缺漏,,未复核,部分充分,有效,部分核验,自动默认,候选池,A_仅待终审,,,,,,,,67,MAP_存在缺漏,存在报告证据，但尚未经人工逐项核验；已列依据来源，但未在本阶段逐条核验,,air_emission_standard,L3_analysis,multi_evidence_synthesis,basis_grounding,report_grounding；evidence_integration,high,high,report_plus_external,True,,auto_default,v1,,manual_check=false但存在人工判断
2026-07-27,PL012,V01,PL012_佛山市瀚铭新材料有限公司新建项目_01_修改评估意见.docx,佛山市瀚铭新材料有限公司新建项目,PL012_Emission_噪声,污染物排放标准-噪声排放标准,请根据项目所属声环境功能区类别，判断噪声排放标准选取是否合理。要求总结声功能区类型、厂界执行标准（GB12348-2008）及昼夜限值，并与环评编制内容进行一致性分析。,"1、噪声排放标准中执行标准与排放限值内容：无误；
2、项目厂界噪声执行《工业企业厂界环境噪声排放标准》（GB12348-2008）3类标准。标准选取正确，适用，无误。","噪声标准：'《工业企业厂界环境噪声排放标准》(GB12348-2008)3类标准'
4.",emission-standard-kb.jsonl; DB44/26-2001; DB44/2367-2022; GB31572-2015; GB14554-93; GB12348-2008; GB18597-2023; GB18599-2020,2,2,False,无误,水:无误——生活污水预处理标准DB44/26-2001第二时段三级、污水厂尾水GB18918-2002一级A及DB44/26-2001较严值引用正确；清洗废水委外处理。; 大气:存在缺漏——颗粒物、TVOC、恶臭标准选取基本合理，但未说明行业专属标准GB37824-2019（涂料、油墨及胶黏剂工业）的适用性。; 噪声:无误——GB12348-2008 3类标准选取正确。; 固体废物:存在缺漏——危险废物标准引用完整，但一般工业固体废物未引用GB18599-2020贮存标准及GB34330-2017鉴别标准。,,,否,原综合排放标准问答对拆分而来,30份环评_污染物排放控制执行标准复核QA(拆分版),噪声排放标准,无误,无误,,未复核,部分充分,有效,部分核验,自动默认,候选池,待分流,,,,,,,,68,MAP_无误,存在报告证据，但尚未经人工逐项核验；已列依据来源，但未在本阶段逐条核验,,noise_emission_standard,L2_application,rule_applicability,basis_grounding,report_grounding,high,medium,report_plus_external,True,,auto_default,v1,,manual_check=false但存在人工判断
2026-07-27,PL012,V01,PL012_佛山市瀚铭新材料有限公司新建项目_01_修改评估意见.docx,佛山市瀚铭新材料有限公司新建项目,PL012_Emission_固体,污染物排放标准-固体废物控制标准,请根据项目产生的固体废物和危险废物类型，判断固体废物控制标准选取是否合理。要求总结一般工业固体废物和危险废物执行标准的标准名称及编号，分析是否缺少必要标准条目。,"1、固体废物控制排放中执行标准内容：无误；
2、固体废物控制排放内容总结：报告已引用相关法律法规和标准，固体废物控制标准编制完整，符合知识库要求的标准清单。（注：GB18599-2020《一般工业固体废物贮存和填埋污染控制标准》不在当前审核知识库必须满足的标准清单中，不作为判定缺漏的依据。）",固废标准：'固体废物管理遵照《中华人民共和国固体废物污染环境防治法》、《广东省固体废物污染环境防治条例》执行……危险废物执行《危险废物贮存污染控制标准》（GB 18597-2023）、《国家危险废物名录》（2021年）有关规定。',emission-standard-kb.jsonl; DB44/26-2001; DB44/2367-2022; GB31572-2015; GB14554-93; GB12348-2008; GB18597-2023; GB18599-2020,2,2,False,无误,水:无误——生活污水预处理标准DB44/26-2001第二时段三级、污水厂尾水GB18918-2002一级A及DB44/26-2001较严值引用正确；清洗废水委外处理。; 大气:存在缺漏——颗粒物、TVOC、恶臭标准选取基本合理，但未说明行业专属标准GB37824-2019（涂料、油墨及胶黏剂工业）的适用性。; 噪声:无误——GB12348-2008 3类标准选取正确。; 固体废物:存在缺漏——危险废物标准引用完整，但一般工业固体废物未引用GB18599-2020贮存标准及GB34330-2017鉴别标准。,,,否,修正：GB18599-2020不在知识库必须满足的标准清单中，原判定依据已更正。原综合排放标准问答对拆分而来,30份环评_污染物排放控制执行标准复核QA(拆分版),固体废物控制标准,无误,无误,,未复核,部分充分,有效,部分核验,自动默认,候选池,待分流,,,,,,,,69,MAP_无误,存在报告证据，但尚未经人工逐项核验；已列依据来源，但未在本阶段逐条核验,,solid_waste_standard,L2_application,rule_applicability,basis_grounding,report_grounding,high,medium,report_plus_external,True,,auto_default,v1,,manual_check=false但存在人工判断
2026-07-28,PL013,V01,PL013_佛山市顺德区百洛电器有限公司迁扩建项目_01_修改评估意见.docx,佛山市顺德区百洛电器有限公司迁扩建项目,PL013_EnvQuality_Q01,大气及地表水环境质量现状数据引用,请根据报告引用的环境质量公报及现状数据，判断大气和地表水环境质量现状数据引用是否准确。,"1、大气及地表水环境质量引用数据正确；
2、项目大气环境质量引用《2022年度佛山市顺德区生态环境状况公报》。环评对大气环境质量分析内容与《2022年度佛山市顺德区生态环境状况公报》中大气环境状况描述一致，报告引用2022年全区空气质量综合指数为3.27，比2021年下降6.0%，在全市五区中排名第二，六项污染物指标中臭氧浓度超标，其余指标浓度均达到《环境空气质量标准》（GB3095-2012）及2018年修改单中的二级标准限值，属不达标区，与公报一致。经检索，截至审核日该地区最新的环境状况公报为《2024年度佛山市顺德区生态环境状况公报》，可供参考。
项目地表水环境质量引用《2022年度佛山市顺德区生态环境状况公报》。环评对地表水环境质量分析内容与《2022年度佛山市顺德区生态环境状况公报》中地表水环境状况描述一致，报告引用2022年全区4个饮用水源全优，2个国控断面（乌洲、顺德港）、3个省控断面（杨滘、海凌、飞鹅山）均达到相应的水质目标，项目纳污水体李家沙水道五沙断面水质达到Ⅲ类标准要求（公报中五沙断面实际定类为Ⅱ类，优于Ⅲ类），与公报一致。项目污水处理厂尾水受纳河道为李家沙水道，执行标准为Ⅲ类，与官方登记一致。",证据位置:大气：报告第1387行引用2022年公报综合指数3.27、排名第2；第1419行臭氧超标、属不达标区。地表水：报告第1421-1422行引用2022年公报4个饮用水源全优、国控省控断面达标、李家沙水道五沙断面水质达Ⅲ类标准；伦教污水处理厂尾水排入李家沙水道。; 大气公报:《2022年度佛山市顺德区生态环境状况公报》; 地表水资料:《2022年度佛山市顺德区生态环境状况公报》,生态环境状况公报知识库; 收纳水体地表水执行标准,2,2,False,正确,大气:正确; 地表水:正确; 报告日期:2023,,,是,未发现实质性问题。报告大气和地表水环境质量引用数据与2022年度公报一致，伦教污水处理厂受纳水体李家沙水道及执行标准Ⅲ类与官方登记一致。,30个环评_大气及地表水环境质量现状数据引用复核QA,环境质量数据引用,正确,无误,,未复核,部分充分,有效,部分核验,自动默认,候选池,A_仅待终审,,,,,,,,70,MAP_正确,存在报告证据，但尚未经人工逐项核验；已列依据来源，但未在本阶段逐条核验,,environmental_quality_data,L3_analysis,consistency_comparison,evidence_integration,report_grounding；basis_grounding,high,high,report_plus_external,True,,auto_default,v1,,manual_check=false但存在人工判断
2026-07-27,PL013,V01,PL013_佛山市顺德区百洛电器有限公司迁扩建项目_01_修改评估意见.docx,佛山市顺德区百洛电器有限公司迁扩建项目,PL013_Emission_水污,污染物排放标准-水污染物排放标准,请根据报告中的废水类型、预处理方式、排放去向、企业排口标准、污水处理厂名称、尾水排放河道和尾水执行标准，判断水污染物排放标准选取是否合理。要求对比：生活污水排放标准+排入污水处理厂名称+尾水排放河道+尾水排放执行标准，报告与知识库是否一致。,"1、水污染物排放标准中生活污水排放执行标准：需复核；
2、水污染物排放标准结论的过程分析内容：项目生活污水经三级化粪预处理后达到DB44/26-2001第二时段三级标准后排入伦教污水处理厂，尾水排放至李家沙水道，执行GB18918-2002一级A标准及DB44/26-2001第二时段一级标准的较严值。项目无生产废水。水标准选取完整正确，预处理标准和尾水标准均符合顺德区城镇污水处理厂尾水排放要求。","水标准：'项目生活污水经三级化粪预处理后达到广东省地方标准《水污染物排放限值》（DB44/26-2001）第二时段三级标准后排入伦教污水处理厂，尾水排入李家沙水道。'；'新、扩和改建城镇污水处理厂尾水应符合《城镇污水处理厂污染物排放标准》（GB18918-2002）一级A标准及广东省地方标准《水污染物排放标准》（DB44/26-2001）第二时段一级标准的较严值。'
3.",emission-standard-kb.jsonl; DB44/26-2001; DB44/2367-2022; GB31572-2015; GB14554-93; GB12348-2008; GB18597-2023; GB18599-2020,2,2,False,需复核,水:无误——DB44/26-2001第二时段三级预处理标准及GB18918-2002一级A与DB44/26-2001较严值尾水标准引用正确。; 大气:无误——VOCs执行DB44/2367-2022表1及表3，锡及其化合物执行DB44/27-2001第二时段二级，臭气执行GB14554-93，标准选取完整准确。; 噪声:无误——GB12348-2008 3类标准选取正确。; 固体废物:存在缺漏——危险废物标准引用完整，但一般工业固体废物未引用GB18599-2020贮存标准及GB34330-2017鉴别标准。,,,是,原综合排放标准问答对拆分而来,30份环评_污染物排放控制执行标准复核QA(拆分版),水污染物排放标准,需复核,需人工复核,,未复核,部分充分,有效,部分核验,自动默认,候选池,B_证据不足,,,,,,,,71,MAP_需复核,原结论明确要求人工复核；存在报告证据，但尚未经人工逐项核验；已列依据来源，但未在本阶段逐条核验,,water_emission_standard,L3_analysis,rule_applicability,basis_grounding,report_grounding；procedural_reasoning,high,high,report_plus_external,True,,auto_default,v1,,manual_check=false但存在人工判断
2026-07-27,PL013,V01,PL013_佛山市顺德区百洛电器有限公司迁扩建项目_01_修改评估意见.docx,佛山市顺德区百洛电器有限公司迁扩建项目,PL013_Emission_大气,污染物排放标准-大气污染物排放标准,请根据项目行业类别、生产工艺和污染因子，判断大气污染物排放标准选取是否合理。要求分析：污染源覆盖是否完整（列出所有大气污染源及对应标准），是否存在缺漏的污染源或标准。,"1、污染排放标准分析污染源内容：不完整；
2、大气污染物排放标准分析：VOCs（TVOC、NMHC）执行DB44/2367-2022表1排放限值；厂区内VOCs执行DB44/2367-2022表3无组织排放限值（1h平均浓度≤6mg/m3，任意一次浓度≤20mg/m3）；锡及其化合物执行DB44/27-2001第二时段二级排放标准及厂界无组织监控浓度限值；臭气浓度执行GB14554-1993表1二级新扩改建厂界标准值及表2排放标准值。项目属电子工业，不适用GB31572-2015（合成树脂工业），上述综合标准和行业标准选取合理。排气筒未高出周围200m半径范围最高建筑5m以上，排放速率按50%执行，符合DB44/27-2001规定。大气标准选取完整、准确。","大气标准：'VOCs（TVOC、NMHC）执行广东省地方标准《固定污染源挥发性有机物综合排放标准》（DB44/2367-2022）表1中TVOC、NMHC的排放限值；锡及其化合物执行广东省《大气污染物排放限值》（DB44/27-2001）中第二时段二级排放标准和厂界无组织监控浓度限值；臭气浓度执行《恶臭污染物排放标准》（GB14554-1993）表1二级新扩改建恶臭污染物厂界标准值及表2恶臭污染物排放标准值。'；'厂区内挥发性有机物无组织排放监控点浓度应满足《固定污染源挥发性有机物综合排放标准》（DB44/2367-2022）中表3厂区内VOCs无组织排放限值要求，监控点处1 h平均浓度值≤6 mg/m3，监控点处任意一次浓度值≤20 mg/m3。'
2.",emission-standard-kb.jsonl; DB44/26-2001; DB44/2367-2022; GB31572-2015; GB14554-93; GB12348-2008; GB18597-2023; GB18599-2020,2,2,False,需复核,水:无误——DB44/26-2001第二时段三级预处理标准及GB18918-2002一级A与DB44/26-2001较严值尾水标准引用正确。; 大气:无误——VOCs执行DB44/2367-2022表1及表3，锡及其化合物执行DB44/27-2001第二时段二级，臭气执行GB14554-93，标准选取完整准确。; 噪声:无误——GB12348-2008 3类标准选取正确。; 固体废物:存在缺漏——危险废物标准引用完整，但一般工业固体废物未引用GB18599-2020贮存标准及GB34330-2017鉴别标准。,,,是,原综合排放标准问答对拆分而来,30份环评_污染物排放控制执行标准复核QA(拆分版),大气污染物排放标准,需复核,需人工复核,,未复核,部分充分,有效,部分核验,自动默认,候选池,B_证据不足,,,,,,,,72,MAP_需复核,原结论明确要求人工复核；存在报告证据，但尚未经人工逐项核验；已列依据来源，但未在本阶段逐条核验,,air_emission_standard,L3_analysis,multi_evidence_synthesis,basis_grounding,report_grounding；evidence_integration,high,high,report_plus_external,True,,auto_default,v1,,manual_check=false但存在人工判断
2026-07-27,PL013,V01,PL013_佛山市顺德区百洛电器有限公司迁扩建项目_01_修改评估意见.docx,佛山市顺德区百洛电器有限公司迁扩建项目,PL013_Emission_噪声,污染物排放标准-噪声排放标准,请根据项目所属声环境功能区类别，判断噪声排放标准选取是否合理。要求总结声功能区类型、厂界执行标准（GB12348-2008）及昼夜限值，并与环评编制内容进行一致性分析。,"1、噪声排放标准中执行标准与排放限值内容：无误；
2、项目厂界噪声执行GB12348-2008 3类标准（昼间≤65dB(A)，夜间≤55dB(A)）。标准选取正确，适用，无误。","噪声标准：'项目边界执行《工业企业厂界环境噪声排放标准》（GB12348-2008）中的3类标准：昼间≤65dB（A），夜间≤55dB（A）。'
4.",emission-standard-kb.jsonl; DB44/26-2001; DB44/2367-2022; GB31572-2015; GB14554-93; GB12348-2008; GB18597-2023; GB18599-2020,2,2,False,无误,水:无误——DB44/26-2001第二时段三级预处理标准及GB18918-2002一级A与DB44/26-2001较严值尾水标准引用正确。; 大气:无误——VOCs执行DB44/2367-2022表1及表3，锡及其化合物执行DB44/27-2001第二时段二级，臭气执行GB14554-93，标准选取完整准确。; 噪声:无误——GB12348-2008 3类标准选取正确。; 固体废物:存在缺漏——危险废物标准引用完整，但一般工业固体废物未引用GB18599-2020贮存标准及GB34330-2017鉴别标准。,,,否,原综合排放标准问答对拆分而来,30份环评_污染物排放控制执行标准复核QA(拆分版),噪声排放标准,无误,无误,,未复核,部分充分,有效,部分核验,自动默认,候选池,待分流,,,,,,,,73,MAP_无误,存在报告证据，但尚未经人工逐项核验；已列依据来源，但未在本阶段逐条核验,,noise_emission_standard,L2_application,rule_applicability,basis_grounding,report_grounding,high,medium,report_plus_external,True,,auto_default,v1,,manual_check=false但存在人工判断
2026-07-27,PL013,V01,PL013_佛山市顺德区百洛电器有限公司迁扩建项目_01_修改评估意见.docx,佛山市顺德区百洛电器有限公司迁扩建项目,PL013_Emission_固体,污染物排放标准-固体废物控制标准,请根据项目产生的固体废物和危险废物类型，判断固体废物控制标准选取是否合理。要求总结一般工业固体废物和危险废物执行标准的标准名称及编号，分析是否缺少必要标准条目。,"1、固体废物控制排放中执行标准内容：无误；
2、固体废物控制排放内容总结：报告已引用《危险废物贮存污染控制标准》（GB18597-2023），固体废物控制标准编制完整，符合知识库要求的标准清单。（注：GB18599-2020《一般工业固体废物贮存和填埋污染控制标准》不在当前审核知识库必须满足的标准清单中，不作为判定缺漏的依据。）",固废标准：'危险废物执行《国家危险废物名录》（2021版）以及《危险废物贮存污染控制标准》（GB18597-2023）。',emission-standard-kb.jsonl; DB44/26-2001; DB44/2367-2022; GB31572-2015; GB14554-93; GB12348-2008; GB18597-2023; GB18599-2020,2,2,False,无误,水:无误——DB44/26-2001第二时段三级预处理标准及GB18918-2002一级A与DB44/26-2001较严值尾水标准引用正确。; 大气:无误——VOCs执行DB44/2367-2022表1及表3，锡及其化合物执行DB44/27-2001第二时段二级，臭气执行GB14554-93，标准选取完整准确。; 噪声:无误——GB12348-2008 3类标准选取正确。; 固体废物:存在缺漏——危险废物标准引用完整，但一般工业固体废物未引用GB18599-2020贮存标准及GB34330-2017鉴别标准。,,,否,修正：GB18599-2020不在知识库必须满足的标准清单中，原判定依据已更正。原综合排放标准问答对拆分而来,30份环评_污染物排放控制执行标准复核QA(拆分版),固体废物控制标准,无误,无误,,未复核,部分充分,有效,部分核验,自动默认,候选池,待分流,,,,,,,,74,MAP_无误,存在报告证据，但尚未经人工逐项核验；已列依据来源，但未在本阶段逐条核验,,solid_waste_standard,L2_application,rule_applicability,basis_grounding,report_grounding,high,medium,report_plus_external,True,,auto_default,v1,,manual_check=false但存在人工判断
2026-07-28,PL014,V01,PL014_佛山市顺德区蓝顿涂料有限公司迁建项目_01_修改评估意见.docx,佛山市顺德区蓝顿涂料有限公司迁建项目,PL014_EnvQuality_Q01,大气及地表水环境质量现状数据引用,请根据报告引用的环境质量公报及现状数据，判断大气和地表水环境质量现状数据引用是否准确。,"1、地表水环境质量引用数据不正确，污水处理厂受纳水体/执行标准与官方登记不一致；
2、项目大气环境质量引用《2022年度佛山市顺德区生态环境状况公报》。环评对大气环境质量分析内容与《2022年度佛山市顺德区生态环境状况公报》中大气环境状况描述一致，报告采用2022年度公报数据，根据公报中数据和结论判断项目所在区域为大气环境质量不达标区，与公报中O3超标、SO2、NO2、PM10、PM2.5、CO五项污染物年评价浓度达到二级标准的结论一致。经检索，截至审核日该地区最新的环境状况公报为《2024年度佛山市顺德区生态环境状况公报》，可供参考。
项目地表水环境质量引用《2022年度佛山市顺德区生态环境状况公报》。环评对地表水环境质量分析内容与《2022年度佛山市顺德区生态环境状况公报》中地表水环境状况描述一致，报告引用顺德支流新涌、飞鹅山断面2022年河流定类均为Ⅲ类，符合《地表水环境质量标准》（GB3838-2002）Ⅲ类标准，与公报一致。但项目污水处理厂尾水受纳河道报告称为顺德支流，执行标准为Ⅲ类，与官方登记的杏坛污水处理厂受纳水体顺德水道（II类）不一致，顺德支流与顺德水道系不同水体。",证据位置:大气：报告第1681行采用2022年度公报数据；第1768行判断为大气环境质量不达标区。地表水：报告第1844-1845行引用2022年公报顺德支流新涌、飞鹅山断面Ⅲ类，杏坛污水处理厂尾水排至顺德支流。; 大气公报:《2022年度佛山市顺德区生态环境状况公报》; 地表水资料:《2022年度佛山市顺德区生态环境状况公报》,生态环境状况公报知识库; 收纳水体地表水执行标准,2,2,False,不正确,大气:正确; 地表水:不正确; 报告日期:2024,,,是,杏坛污水处理厂尾水受纳河道报告称为顺德支流，与官方登记的顺德水道不一致；执行标准报告称为Ⅲ类，与官方登记的II类不一致。顺德支流与顺德水道为不同水体。,30个环评_大气及地表水环境质量现状数据引用复核QA,环境质量数据引用,不正确,待判断,,未复核,部分充分,有效,部分核验,自动默认,候选池,A_仅待终审,,,,,,,,75,MAP_不正确,需人工区分存在错误或存在缺漏；存在报告证据，但尚未经人工逐项核验；已列依据来源，但未在本阶段逐条核验,,environmental_quality_data,L3_analysis,consistency_comparison,evidence_integration,report_grounding；basis_grounding,high,high,report_plus_external,True,,auto_default,v1,,manual_check=false但存在人工判断
2026-07-27,PL014,V01,PL014_佛山市顺德区蓝顿涂料有限公司迁建项目_01_修改评估意见.docx,佛山市顺德区蓝顿涂料有限公司迁建项目,PL014_Emission_水污,污染物排放标准-水污染物排放标准,请根据报告中的废水类型、预处理方式、排放去向、企业排口标准、污水处理厂名称、尾水排放河道和尾水执行标准，判断水污染物排放标准选取是否合理。要求对比：生活污水排放标准+排入污水处理厂名称+尾水排放河道+尾水排放执行标准，报告与知识库是否一致。,"1、水污染物排放标准中生活污水排放执行标准：无法判断；
2、水污染物排放标准结论的过程分析内容：文本显示迁建前项目生活污水经独立生活污水处理设施处理达标后排至竹筒窖涌，但未明确列出所执行的排放标准名称和限值。设备清洗废水、水帘机更换废水、喷枪清洗废水委托绿点废水回收公司处置。迁建后项目的水排放标准在本段文本中未明确呈现，无法判断。",水标准：'迁建前项目外排废水主要为员工生活污水……经独立的生活污水处理设施处理达标后排至附近竹筒窖涌。'（未明确执行标准名称）,emission-standard-kb.jsonl; DB44/26-2001; DB44/2367-2022; GB31572-2015; GB14554-93; GB12348-2008; GB18597-2023; GB18599-2020,2,2,False,无法判断,水:无法判断——迁建前生活污水未明确排放标准，迁建后水标准未在本段文本呈现。; 大气:存在错误——标准编号'GB44/27-2001'书写有误（应为DB44/27-2001）；颗粒物无组织标准选取与行业标准GB37824-2019不一致；迁建后标准未完整呈现。; 噪声:无误——迁建前GB12348-2008 3类标准选取正确；迁建后标准未明确。; 固体废物:无法判断——文本未明确引用固体废物污染控制标准。,,,是,原综合排放标准问答对拆分而来,30份环评_污染物排放控制执行标准复核QA(拆分版),水污染物排放标准,无法判断,证据不足,,未复核,不足,有效,部分核验,自动默认,候选池,B_证据不足,,,,,,,,76,MAP_无法判断+EVIDENCE_INSUFFICIENCY_SIGNAL,需人工区分证据不足、材料缺失或尚未审核；命中证据不足候选词：无法判断；已列依据来源，但未在本阶段逐条核验,,water_emission_standard,L3_analysis,rule_applicability,basis_grounding,report_grounding；procedural_reasoning,high,high,report_plus_external,True,,auto_default,v1,,manual_check=false但存在人工判断
2026-07-27,PL014,V01,PL014_佛山市顺德区蓝顿涂料有限公司迁建项目_01_修改评估意见.docx,佛山市顺德区蓝顿涂料有限公司迁建项目,PL014_Emission_大气,污染物排放标准-大气污染物排放标准,请根据项目行业类别、生产工艺和污染因子，判断大气污染物排放标准选取是否合理。要求分析：污染源覆盖是否完整（列出所有大气污染源及对应标准），是否存在缺漏的污染源或标准。,"1、污染排放标准分析污染源内容：不完整；
2、大气污染物排放标准分析：迁建前项目有组织颗粒物、VOCs执行《涂料、油墨及胶黏剂工业大气污染物排放标准》（GB37824-2019）表2特别排放限值，该行业标准选取适用涂料制造业，正确。臭气浓度执行GB14554-1993表2，适用。但无组织颗粒物引用了'GB44/27-2001'第二时段无组织排放监控浓度限值，此处存在两个问题：（1）标准编号书写错误，应为'DB44/27-2001'而非'GB44/27-2001'，广东省地方标准前缀为DB44而非GB44；（2）涂料行业颗粒物无组织排放应优先执行行业标准GB37824-2019的相关限值，而非综合标准DB44/27-2001，同一污染物有组织执行行业标准、无组织却执行综合标准，选取不一致。厂区内NMHC执行GB37822-2019表A.1厂区内VOCs无组织特别排放限值，适用。迁建后项目的大气排放标准在本段文本中未完整呈现。","大气标准（有组织）：'迁建前项目有组织颗粒物、VOCs可达到《涂料、油墨及胶黏剂工业大气污染物排放标准》（GB37824-2019）表2大气污染物特别排放限值要求；臭气浓度可达到《恶臭污染物排放标准》（GB14554-1993）表2恶臭污染物排放标准值要求。'
2. 大气标准（无组织）：'迁建前项目无组织颗粒物可达到广东省地方标准《大气污染物排放限值》（GB44/27-2001）第二时段无组织排放监控浓度限值要求'；'迁建前项目无组织NMHC可达到《挥发性有机物无组织排放控制标准》（GB37822-2019）表A.1厂区内VOCs无组织特别排放限值要求。'
3.",emission-standard-kb.jsonl; DB44/26-2001; DB44/2367-2022; GB31572-2015; GB14554-93; GB12348-2008; GB18597-2023; GB18599-2020,2,2,False,需复核,水:无法判断——迁建前生活污水未明确排放标准，迁建后水标准未在本段文本呈现。; 大气:存在错误——标准编号'GB44/27-2001'书写有误（应为DB44/27-2001）；颗粒物无组织标准选取与行业标准GB37824-2019不一致；迁建后标准未完整呈现。; 噪声:无误——迁建前GB12348-2008 3类标准选取正确；迁建后标准未明确。; 固体废物:无法判断——文本未明确引用固体废物污染控制标准。,,,是,原综合排放标准问答对拆分而来,30份环评_污染物排放控制执行标准复核QA(拆分版),大气污染物排放标准,需复核,需人工复核,,未复核,部分充分,有效,部分核验,自动默认,候选池,B_证据不足,,,,,,,,77,MAP_需复核,原结论明确要求人工复核；存在报告证据，但尚未经人工逐项核验；已列依据来源，但未在本阶段逐条核验,,air_emission_standard,L3_analysis,multi_evidence_synthesis,basis_grounding,report_grounding；evidence_integration,high,high,report_plus_external,True,,auto_default,v1,,manual_check=false但存在人工判断
2026-07-27,PL014,V01,PL014_佛山市顺德区蓝顿涂料有限公司迁建项目_01_修改评估意见.docx,佛山市顺德区蓝顿涂料有限公司迁建项目,PL014_Emission_噪声,污染物排放标准-噪声排放标准,请根据项目所属声环境功能区类别，判断噪声排放标准选取是否合理。要求总结声功能区类型、厂界执行标准（GB12348-2008）及昼夜限值，并与环评编制内容进行一致性分析。,"1、噪声排放标准中执行标准与排放限值内容：需复核；
2、文本显示迁建前项目厂界噪声达到GB12348-2008 3类标准。标准选取正确。迁建后项目噪声标准未在本段明确。","噪声标准：'根据监测结果可知，厂界噪声可达到《工业企业厂界环境噪声排放标准》（GB12348-2008）中3类标准。'
4.",emission-standard-kb.jsonl; DB44/26-2001; DB44/2367-2022; GB31572-2015; GB14554-93; GB12348-2008; GB18597-2023; GB18599-2020,2,2,False,需复核,水:无法判断——迁建前生活污水未明确排放标准，迁建后水标准未在本段文本呈现。; 大气:存在错误——标准编号'GB44/27-2001'书写有误（应为DB44/27-2001）；颗粒物无组织标准选取与行业标准GB37824-2019不一致；迁建后标准未完整呈现。; 噪声:无误——迁建前GB12348-2008 3类标准选取正确；迁建后标准未明确。; 固体废物:无法判断——文本未明确引用固体废物污染控制标准。,,,是,原综合排放标准问答对拆分而来,30份环评_污染物排放控制执行标准复核QA(拆分版),噪声排放标准,需复核,需人工复核,,未复核,部分充分,有效,部分核验,自动默认,候选池,B_证据不足,,,,,,,,78,MAP_需复核,原结论明确要求人工复核；存在报告证据，但尚未经人工逐项核验；已列依据来源，但未在本阶段逐条核验,,noise_emission_standard,L2_application,rule_applicability,basis_grounding,report_grounding,high,medium,report_plus_external,True,,auto_default,v1,,manual_check=false但存在人工判断
2026-07-27,PL014,V01,PL014_佛山市顺德区蓝顿涂料有限公司迁建项目_01_修改评估意见.docx,佛山市顺德区蓝顿涂料有限公司迁建项目,PL014_Emission_固体,污染物排放标准-固体废物控制标准,请根据项目产生的固体废物和危险废物类型，判断固体废物控制标准选取是否合理。要求总结一般工业固体废物和危险废物执行标准的标准名称及编号，分析是否缺少必要标准条目。,"1、固体废物控制排放中执行标准内容：无误；
2、固体废物控制排放内容总结：报告已引用相关法律法规和标准，固体废物控制标准编制完整，符合知识库要求的标准清单。（注：GB18599-2020《一般工业固体废物贮存和填埋污染控制标准》不在当前审核知识库必须满足的标准清单中，不作为判定缺漏的依据。）","1. 大气标准（有组织）：'迁建前项目有组织颗粒物、VOCs可达到《涂料、油墨及胶黏剂工业大气污染物排放标准》（GB37824-2019）表2大气污染物特别排放限值要求；臭气浓度可达到《恶臭污染物排放标准》（GB14554-1993）表2恶臭污染物排放标准值要求。'
2. 大气标准（无组织）：'迁建前项目无组织颗粒物可达到广东省地方标准《大气污染物排放限值》（GB44/27-2001）第二时段无组织排放监控浓度限值要求'；'迁建前项目无组织NMHC可达到《挥发性有机物无组织排放控制标准》（GB37822-2019）表A.1厂区内VOCs无组织特别排放限值要求。'
3. 噪声标准：'根据监测结果可知，厂界噪声可达到《工业企业厂界环境噪声排放标准》（GB12348-2008）中3类标准。'
4. 水标准：'迁建前项目外排废水主要为员工生活污水……经独立的生活污水处理设施处理达标后排至附近竹筒窖涌。'（未明确执行标准名称）",emission-standard-kb.jsonl; DB44/26-2001; DB44/2367-2022; GB31572-2015; GB14554-93; GB12348-2008; GB18597-2023; GB18599-2020,2,2,False,无误,水:无法判断——迁建前生活污水未明确排放标准，迁建后水标准未在本段文本呈现。; 大气:存在错误——标准编号'GB44/27-2001'书写有误（应为DB44/27-2001）；颗粒物无组织标准选取与行业标准GB37824-2019不一致；迁建后标准未完整呈现。; 噪声:无误——迁建前GB12348-2008 3类标准选取正确；迁建后标准未明确。; 固体废物:无法判断——文本未明确引用固体废物污染控制标准。,,,否,修正：GB18599-2020不在知识库必须满足的标准清单中，原判定依据已更正。原综合排放标准问答对拆分而来,30份环评_污染物排放控制执行标准复核QA(拆分版),固体废物控制标准,无误,无误,,未复核,部分充分,有效,部分核验,自动默认,候选池,待分流,,,,,,,,79,MAP_无误,存在报告证据，但尚未经人工逐项核验；已列依据来源，但未在本阶段逐条核验,,solid_waste_standard,L2_application,rule_applicability,basis_grounding,report_grounding,high,medium,report_plus_external,True,,auto_default,v1,,manual_check=false但存在人工判断
2026-07-28,PL015,V01,PL015_佛山市镪优金属制品有限公司迁扩建项目_01_修改评估意见.docx,佛山市镪优金属制品有限公司迁扩建项目,PL015_EnvQuality_Q01,大气及地表水环境质量现状数据引用,请根据报告引用的环境质量公报及现状数据，判断大气和地表水环境质量现状数据引用是否准确。,"1、大气及地表水环境质量引用数据无法判断，需补充逢简工业园废水处理站受纳水体官方登记信息；
2、项目大气环境质量引用《2022年度佛山市顺德区生态环境状况公报》。环评对大气环境质量分析内容与《2022年度佛山市顺德区生态环境状况公报》中大气环境状况描述一致，报告引用2022年度公报数据，项目所在区域大气环境为不达标区，超标污染物为臭氧，与公报中O3超标、SO2、NO2、PM10、PM2.5、CO五项污染物年评价浓度达到二级标准的结论一致。经检索，截至审核日该地区最新的环境状况公报为《2024年度佛山市顺德区生态环境状况公报》，可供参考。
项目地表水环境质量引用《2022年度佛山市顺德区生态环境状况公报》。环评对地表水环境质量分析内容与《2022年度佛山市顺德区生态环境状况公报》中地表水环境状况描述一致，报告引用顺德支流新涌断面2022年水质定类为Ⅲ类，符合《地表水环境质量标准》（GB3838-2002）之Ⅲ类标准，与公报一致。但项目依托的逢简工业园废水处理站不在知识库中，因缺少该废水处理站受纳水体及执行标准的官方登记信息暂无法核验。",证据位置:大气：报告第1407行引用2022年度公报数据；第126行超标污染物为臭氧、属不达标区。地表水：报告第1492-1493行引用2022年公报顺德支流新涌断面Ⅲ类；逢简工业园废水处理站尾水排入见龙涌后汇入顺德支流。; 大气公报:《2022年度佛山市顺德区生态环境状况公报》; 地表水资料:《2022年度佛山市顺德区生态环境状况公报》,生态环境状况公报知识库; 收纳水体地表水执行标准,2,2,False,无法判断,大气:正确; 地表水:无法判断; 报告日期:2023,,,是,项目依托的逢简工业园废水处理站不在污水处理厂知识库中，无法核验其尾水受纳水体（报告称见龙涌后汇入顺德支流）和执行标准是否与官方登记一致，地表水判定为无法判断。,30个环评_大气及地表水环境质量现状数据引用复核QA,环境质量数据引用,无法判断,证据不足,,未复核,不足,有效,部分核验,自动默认,候选池,B_证据不足,,,,,,,,80,MAP_无法判断+EVIDENCE_INSUFFICIENCY_SIGNAL,需人工区分证据不足、材料缺失或尚未审核；命中证据不足候选词：无法判断；已列依据来源，但未在本阶段逐条核验,,environmental_quality_data,L3_analysis,consistency_comparison,evidence_integration,report_grounding；basis_grounding,high,high,report_plus_external,True,,auto_default,v1,,manual_check=false但存在人工判断
2026-07-27,PL015,V01,PL015_佛山市镪优金属制品有限公司迁扩建项目_01_修改评估意见.docx,佛山市镪优金属制品有限公司迁扩建项目,PL015_Emission_水污,污染物排放标准-水污染物排放标准,请根据报告中的废水类型、预处理方式、排放去向、企业排口标准、污水处理厂名称、尾水排放河道和尾水执行标准，判断水污染物排放标准选取是否合理。要求对比：生活污水排放标准+排入污水处理厂名称+尾水排放河道+尾水排放执行标准，报告与知识库是否一致。,"1、水污染物排放标准中生活污水排放执行标准：需复核；
2、水污染物排放标准结论的过程分析内容：生活污水经三级化粪池处理达到DB44/26-2001第二时段三级标准后，通过工业区管网排至逢简工业园废水处理站，尾水执行GB18918-2002一级B标准及DB44/26-2001第二时段一级标准较严值。生产废水经自建污水处理站处理达到DB44/26-2001第二时段二级标准后排入逢简工业园废水处理站。问题：逢简工业园废水处理站出水执行GB18918-2002一级B标准。根据顺德区对城镇污水处理厂尾水排放的要求（参照2013年顺德区通知），新扩改建城镇污水处理厂尾水应执行GB18918-2002一级A标准及DB44/26-2001第二时段一级标准较严值。此处执行一级B标准可能偏低，需核实逢简工业园废水处理站是否属于城镇污水处理厂范畴及其适用标准。若属于工业废水集中处理设施，其排放标准可能另有规定，但文本未予以说明。","水标准：'项目生活污水经三级化粪池处理达到广东省地方标准《水污染物排放限值》（DB44/26-2001）第二时段三级标准后……逢简工业园废水处理站出水执行《城镇污水处理厂污染物排放标准》（GBl8918-2002）一级B标准及广东省地方标准《水污染物排放限值》（DB44/26-2001）第二时段一级标准的较严值。'；'项目生产废水经自建污水处理站处理，达到《水污染物排放限值》（DB44/26-2001）第二时段二级标准后……排至逢简工业园废水处理站处理。'
2.",emission-standard-kb.jsonl; DB44/26-2001; DB44/2367-2022; GB31572-2015; GB14554-93; GB12348-2008; GB18597-2023; GB18599-2020,2,2,False,需复核,水:需复核——尾水执行GB18918-2002一级B标准，可能低于顺德区城镇污水处理厂一级A要求；生产废水执行DB44/26-2001第二时段二级标准。; 大气:存在缺漏——颗粒物、VOCs、臭气标准选取基本合理，但燃烧废气依据政策文件（粤环函[2019]1112号）而非正式排放标准GB9078-1996。; 噪声:无误——GB12348-2008 2类标准选取正确（项目位于声环境2类区）。; 固体废物:存在缺漏——危险废物标准引用较完整（含HJ2025-2012），但一般工业固体废物未引用GB18599-2020及GB34330-2017。,,,是,原综合排放标准问答对拆分而来,30份环评_污染物排放控制执行标准复核QA(拆分版),水污染物排放标准,需复核,需人工复核,,未复核,部分充分,有效,部分核验,自动默认,候选池,B_证据不足,,,,,,,,81,MAP_需复核,原结论明确要求人工复核；存在报告证据，但尚未经人工逐项核验；已列依据来源，但未在本阶段逐条核验,,water_emission_standard,L3_analysis,rule_applicability,basis_grounding,report_grounding；procedural_reasoning,high,high,report_plus_external,True,,auto_default,v1,,manual_check=false但存在人工判断
2026-07-27,PL015,V01,PL015_佛山市镪优金属制品有限公司迁扩建项目_01_修改评估意见.docx,佛山市镪优金属制品有限公司迁扩建项目,PL015_Emission_大气,污染物排放标准-大气污染物排放标准,请根据项目行业类别、生产工艺和污染因子，判断大气污染物排放标准选取是否合理。要求分析：污染源覆盖是否完整（列出所有大气污染源及对应标准），是否存在缺漏的污染源或标准。,"1、污染排放标准分析污染源内容：不完整；
2、大气污染物排放标准分析：颗粒物（钻孔粉尘、焊接烟尘、喷粉粉尘、燃烧烟尘）无组织排放执行DB44/27-2001第二时段无组织监控浓度限值1.0mg/m3，适用。VOCs固化有机废气执行DB44/2367-2022表1（TVOC≤100mg/m3）及表3厂区内VOCs无组织排放限值，适用。臭气浓度执行GB14554-93表1及表2，适用。问题：燃烧废气（颗粒物≤30、SO2≤200、NOx≤300mg/m3）依据粤环函[2019]1112号《工业炉窑大气污染综合治理方案》广东省实施意见确定限值，该文件为政策性文件而非正式排放标准。工业炉窑燃烧废气应执行《工业炉窑大气污染物排放标准》（GB9078-1996）或相关行业排放标准，报告引用政策文件替代正式排放标准依据不充分，存在缺漏。","大气标准：'颗粒物……无组织排放执行广东省《大气污染物排放限值》（DB44/27-2001）第二时段无组织排放监控浓度限值1.0mg/m3。'；'固化有机废气执行《固定污染源挥发性有机物综合排放标准》（DB44/2367-2022）表1挥发性有机物排放限值：TVOC≤100mg/m3；以及表3厂区内VOCs无组织排放限值。'；'根据广东省关于贯彻落实《工业炉窑大气污染综合治理方案》的实施意见（粤环函[2019]1112号），项目燃烧废气的颗粒物、二氧化硫、氮氧化物排放限值分别不高于30、200、300毫克/立方米。'；'臭气浓度执行《恶臭污染物排放标准》（GB14554-93）表1恶臭污染物厂界标准值（二级新扩改建）和表2恶臭污染物排放标准值。'
3.",emission-standard-kb.jsonl; DB44/26-2001; DB44/2367-2022; GB31572-2015; GB14554-93; GB12348-2008; GB18597-2023; GB18599-2020,2,2,False,存在缺漏,水:需复核——尾水执行GB18918-2002一级B标准，可能低于顺德区城镇污水处理厂一级A要求；生产废水执行DB44/26-2001第二时段二级标准。; 大气:存在缺漏——颗粒物、VOCs、臭气标准选取基本合理，但燃烧废气依据政策文件（粤环函[2019]1112号）而非正式排放标准GB9078-1996。; 噪声:无误——GB12348-2008 2类标准选取正确（项目位于声环境2类区）。; 固体废物:存在缺漏——危险废物标准引用较完整（含HJ2025-2012），但一般工业固体废物未引用GB18599-2020及GB34330-2017。,,,是,原综合排放标准问答对拆分而来,30份环评_污染物排放控制执行标准复核QA(拆分版),大气污染物排放标准,存在缺漏,存在缺漏,,未复核,部分充分,有效,部分核验,自动默认,候选池,A_仅待终审,,,,,,,,82,MAP_存在缺漏,存在报告证据，但尚未经人工逐项核验；已列依据来源，但未在本阶段逐条核验,,air_emission_standard,L3_analysis,multi_evidence_synthesis,basis_grounding,report_grounding；evidence_integration,high,high,report_plus_external,True,,auto_default,v1,,manual_check=false但存在人工判断
2026-07-27,PL015,V01,PL015_佛山市镪优金属制品有限公司迁扩建项目_01_修改评估意见.docx,佛山市镪优金属制品有限公司迁扩建项目,PL015_Emission_噪声,污染物排放标准-噪声排放标准,请根据项目所属声环境功能区类别，判断噪声排放标准选取是否合理。要求总结声功能区类型、厂界执行标准（GB12348-2008）及昼夜限值，并与环评编制内容进行一致性分析。,"1、噪声排放标准中执行标准与排放限值内容：无误；
2、厂界噪声执行GB12348-2008 2类标准（昼间≤60dB(A)，夜间≤50dB(A)）。项目位于声环境功能2类区，标准选取正确，适用，无误。","噪声标准：'厂界噪声排放执行《工业企业厂界环境噪声排放标准》（GB12348-2008）中的2类标准，昼间≤60dB（A）,夜间≤50dB（A）。'
4.",emission-standard-kb.jsonl; DB44/26-2001; DB44/2367-2022; GB31572-2015; GB14554-93; GB12348-2008; GB18597-2023; GB18599-2020,2,2,False,无误,水:需复核——尾水执行GB18918-2002一级B标准，可能低于顺德区城镇污水处理厂一级A要求；生产废水执行DB44/26-2001第二时段二级标准。; 大气:存在缺漏——颗粒物、VOCs、臭气标准选取基本合理，但燃烧废气依据政策文件（粤环函[2019]1112号）而非正式排放标准GB9078-1996。; 噪声:无误——GB12348-2008 2类标准选取正确（项目位于声环境2类区）。; 固体废物:存在缺漏——危险废物标准引用较完整（含HJ2025-2012），但一般工业固体废物未引用GB18599-2020及GB34330-2017。,,,否,原综合排放标准问答对拆分而来,30份环评_污染物排放控制执行标准复核QA(拆分版),噪声排放标准,无误,无误,,未复核,部分充分,有效,部分核验,自动默认,候选池,待分流,,,,,,,,83,MAP_无误,存在报告证据，但尚未经人工逐项核验；已列依据来源，但未在本阶段逐条核验,,noise_emission_standard,L2_application,rule_applicability,basis_grounding,report_grounding,high,medium,report_plus_external,True,,auto_default,v1,,manual_check=false但存在人工判断
2026-07-27,PL015,V01,PL015_佛山市镪优金属制品有限公司迁扩建项目_01_修改评估意见.docx,佛山市镪优金属制品有限公司迁扩建项目,PL015_Emission_固体,污染物排放标准-固体废物控制标准,请根据项目产生的固体废物和危险废物类型，判断固体废物控制标准选取是否合理。要求总结一般工业固体废物和危险废物执行标准的标准名称及编号，分析是否缺少必要标准条目。,"1、固体废物控制排放中执行标准内容：无误；
2、固体废物控制排放内容总结：报告已引用《危险废物贮存污染控制标准》（GB18597-2023），固体废物控制标准编制完整，符合知识库要求的标准清单。（注：GB18599-2020《一般工业固体废物贮存和填埋污染控制标准》不在当前审核知识库必须满足的标准清单中，不作为判定缺漏的依据。）",固废标准：'危险废物执行《国家危险废物名录》、《危险废物贮存污染控制标准》（GB18597-2023）和《危险废物收集贮存运输技术规范》（HJ 2025-2012）相关要求。',emission-standard-kb.jsonl; DB44/26-2001; DB44/2367-2022; GB31572-2015; GB14554-93; GB12348-2008; GB18597-2023; GB18599-2020,2,2,False,无误,水:需复核——尾水执行GB18918-2002一级B标准，可能低于顺德区城镇污水处理厂一级A要求；生产废水执行DB44/26-2001第二时段二级标准。; 大气:存在缺漏——颗粒物、VOCs、臭气标准选取基本合理，但燃烧废气依据政策文件（粤环函[2019]1112号）而非正式排放标准GB9078-1996。; 噪声:无误——GB12348-2008 2类标准选取正确（项目位于声环境2类区）。; 固体废物:存在缺漏——危险废物标准引用较完整（含HJ2025-2012），但一般工业固体废物未引用GB18599-2020及GB34330-2017。,,,否,修正：GB18599-2020不在知识库必须满足的标准清单中，原判定依据已更正。原综合排放标准问答对拆分而来,30份环评_污染物排放控制执行标准复核QA(拆分版),固体废物控制标准,无误,无误,,未复核,部分充分,有效,部分核验,自动默认,候选池,待分流,,,,,,,,84,MAP_无误,存在报告证据，但尚未经人工逐项核验；已列依据来源，但未在本阶段逐条核验,,solid_waste_standard,L2_application,rule_applicability,basis_grounding,report_grounding,high,medium,report_plus_external,True,,auto_default,v1,,manual_check=false但存在人工判断
2026-06-25,PL018,V01,年10月10日建设项目环境影响报告书（表）受理公告（佛山市生态环境局顺德分局）_4.pdf,广东台塑智能科技有限公司新建项目,PL018_V01_Q01,1. 塑胶行业样本筛选与国民经济行业分类,请结合项目产品、原辅材料和生产工艺，判断该报告行业类别是否基本合理。,国民经济行业类型判定结论：需复核；具体分析：本项目以ABS塑料、PP塑料为主要原料，经投料、混料、注塑、印刷、烘干和装配等工序，生产轿车塑料配件和小家电塑料组装件，该生产活动符合C2929塑料零件及其他塑料制品制造，与报告填报类别一致。项目同时列有电线产品，并使用铜线和塑料等原料，从产品和原料看与C3831电线、电缆制造基本匹配；但现有证据未展示电线的绝缘挤出、印字、收卷等核心生产工艺，尚不能形成完整证据链。因此，C2929类别基本合理，C3831类别需补充电线生产工艺后复核确认。,北滘镇黄龙村委会龙汇路三号 A 栋 地理坐标 （ 113 度 9 分 31.564 秒， 22 度 54 分 28.567 秒） 国民经济 行业类别 C2929 塑料零件及其他塑料 制品制造；C3831 电线、电 缆制造 建设项目 行业类别 建设性质 新建（迁建） 改建 扩建 □技术改造 建设项目 申报情形 二十六、橡胶和塑料制品业 53 塑料制 品业，其他（年用非溶剂型低 VOCs 含量涂料 10 吨以下的除外）； 三十五、电气机械和器材制造业 77 电 线、电缆、光缆及电工器材制造，其 他（仅分割、焊接、组装的除外；年 用非溶剂型低 VOCs 含量涂料 10 吨以 下的除外） 首次申报项目 □不予批准后再次申报项目 □超五年重新审核项目 □重大变动重新报批项目 项目审批（核准/ 备案）部门（选填） / 项目审批（核准/ 备案）文号（选填） / 总投资（万元） 1000 环保投资,《国民经济行业分类》(GB/T 4754—2017)；本任务C292筛选及C17/C18排除规则,结合本项目行业代码、建设性质、工艺关键词及PDF证据生成，非脱离项目的通用题。,可依据对应PDF原文、工程分析表格及所列法规标准逐项复核。,True,,,,新增,是,自动生成；需人工复核项目参数、公式取值、标准适用范围及PDF文字提取完整性。,seed_qa_塑胶行业筛选版_30个国民经济行业分类的人工标记,国民经济行业分类,,待判断,,未复核,部分充分,待判断,部分核验,自动默认,候选池,C_题目或材料问题,,,,,,,,85,MAP_BLANK,人工判断为空：不得自动补填结论；人工判断为空；结构完整但原因需人工确认；存在报告证据，但尚未经人工逐项核验；已列依据来源，但未在本阶段逐条核验,,industry_classification,L3_analysis,multi_evidence_synthesis,evidence_integration,report_grounding；basis_grounding,high,high,cross_section,True,,auto_default,v1,,manual_check=true但人工判断为空
2026-07-24,PL018,V01,PL018_广东台塑智能科技有限公司新建项目,广东台塑智能科技有限公司新建项目,PL018_V01_Q03,环评投资核算,请根据报告中的总投资、环保投资和环保工程投资明细，判断环保投资核算是否前后一致、比例是否正确。,环评投资核算判定结论：需复核；具体分析：报告填报总投资为1000万元、环保投资为30万元、环保投资占比为3%。按“环保投资÷总投资×100%”复算为3.00%，与报告填报值一致；但现有解析文本未检索到环保工程投资明细表，无法核对分项合计是否与环保投资一致。因此，占比计算正确，环保投资前后一致性仍需结合原报告投资明细表复核。,一、建设项目基本情况：总投资1000万元、环保投资30万元、占比3%。来源：解析文本拼接_01_001-020(4).md,报告原文-环保投资明细表,2,2,False,需复核,,,,是,,30个PL_环评投资核算QA,环评投资概算,需复核,证据不足,,未复核,不足,有效,不需要外部依据,自动默认,候选池,B_证据不足,,,,,,,,86,MAP_需复核+EVIDENCE_INSUFFICIENCY_SIGNAL,原结论明确要求人工复核；命中证据不足候选词：未检索到、无法核对；投资复核主要依据报告内金额与算式,,environmental_investment,L2_application,quantitative_verification,numerical_accuracy,report_grounding；procedural_reasoning,low,medium,cross_section,True,,auto_default,v1,,manual_check=false但存在人工判断
2026-07-28,PL018,V01,PL018_广东台塑智能科技有限公司新建项目_01_受理公告或公示版.pdf,广东台塑智能科技有限公司新建项目,PL018_EnvQuality_Q01,大气及地表水环境质量现状数据引用,请根据报告引用的环境质量公报及现状数据，判断大气和地表水环境质量现状数据引用是否准确。,"1、大气及地表水环境质量引用数据正确；
2、项目大气环境质量引用《2023年度佛山市顺德区生态环境状况公报》。环评对大气环境质量分析内容与《2023年度佛山市顺德区生态环境状况公报》中大气环境状况描述一致，报告指出根据2023年全区大气环境质量状况公报，除臭氧（O3）外其余污染物指标浓度达到二级标准，与公报中“O3超二级浓度限值，SO2、NO2、PM10、PM2.5、CO五项污染物年评价浓度符合二级浓度限值”的描述一致。经检索，截至审核日该地区最新的环境状况公报为《2024年度佛山市顺德区生态环境状况公报》，可供参考。
项目地表水环境质量引用《2023年度佛山市顺德区生态环境状况公报》。环评对地表水环境质量分析内容与《2023年度佛山市顺德区生态环境状况公报》中地表水环境状况描述一致。项目污水处理厂为北滘污水处理厂，尾水受纳河道为潭洲水道，执行标准为III类，与官方登记一致。",证据位置:大气：报告引用佛顺环函〔2024〕44号《2023年度佛山市顺德区生态环境状况公报》，见报告环境质量现状章节（约第2233-2271行），报告称“根据2023年全区的大气环境质量状况公报，除臭氧（O3）外，其余污染物指标浓度”达到二级标准；地表水：报告引用佛顺环函〔2024〕44号（约第2275-2278行），北滘污水处理厂尾水排入潭洲水道; 大气公报:《2023年度佛山市顺德区生态环境状况公报》; 地表水资料:《2023年度佛山市顺德区生态环境状况公报》,生态环境状况公报知识库; 收纳水体地表水执行标准,2,2,False,正确,大气:正确; 地表水:正确; 报告日期:2024,,,是,无。报告引用2023年度公报（佛顺环函〔2024〕44号），发布日期2024-03-26早于报告日期，2023年度数据在近3年窗口内。大气分析内容（除O3外其余污染物达标）与公报一致；地表水分析引用同一公报，北滘污水处理厂尾水受纳河道（潭洲水道）及执行标准（III类）与官方登记一致。,30个环评_大气及地表水环境质量现状数据引用复核QA,环境质量数据引用,正确,无误,,未复核,部分充分,有效,部分核验,自动默认,候选池,A_仅待终审,,,,,,,,87,MAP_正确,存在报告证据，但尚未经人工逐项核验；已列依据来源，但未在本阶段逐条核验,,environmental_quality_data,L3_analysis,consistency_comparison,evidence_integration,report_grounding；basis_grounding,high,high,report_plus_external,True,,auto_default,v1,,manual_check=false但存在人工判断
2026-07-27,PL018,V01,PL018_广东台塑智能科技有限公司新建项目_01_受理公告或公示版.pdf,广东台塑智能科技有限公司新建项目,PL018_Emission_水污,污染物排放标准-水污染物排放标准,请根据报告中的废水类型、预处理方式、排放去向、企业排口标准、污水处理厂名称、尾水排放河道和尾水执行标准，判断水污染物排放标准选取是否合理。要求对比：生活污水排放标准+排入污水处理厂名称+尾水排放河道+尾水排放执行标准，报告与知识库是否一致。,"1、水污染物排放标准中生活污水排放执行标准：需复核；
2、水污染物排放标准结论的过程分析内容：文本显示生活污水经三级化粪处理达标后排至北滘污水处理厂处理。间接循环冷却水定期排水可作为清净下水通过市政雨水管网排放；直接循环冷却水定期交由佛山市科源达环保污水处理有限公司回收处理。文本引用了顺环委办[2023]30号文件进行涉水政策符合性分析，但未明确列出生活污水预处理执行的排放标准名称（如DB44/26-2001第二时段三级标准）和北滘污水处理厂尾水执行标准（如GB18918-2002一级A及DB44/26-2001较严值），水标准信息不完整，无法完整判断。","1. 大气VOCs厂区内限值：'厂区内无组织排放监控点NMHC的小时平均浓度值不超过6 mg/m3，任意一次浓度值不超过20 mg/m3。'；'各排气筒各项污染因子均能达标排放，厂区内无组织排放监控点NMHC相应浓度达到要求。'
2. 废水：'项目废水排入北滘污水处理厂，间接循环冷却水定期排水可作为清净下水通过市政雨水管网排放；直接循环冷却水定期交由佛山市科源达环保污水处理有限公司回收处理。'
3. 工程分析：'本项目主要从事轿车塑料配件、小家电塑料组装件、电线的生产'；'本项目有机废气经集气罩收集后通过活性炭吸附废气处理设施进行处理，处理达标后通过排气筒G1（24m）引至楼顶排放。'
4. 原辅材料：'油性油墨……按异佛尔酮100%挥发，VOCs挥发系数按60%算'；'稀释剂……按100%挥发，VOCs挥发系数按100%算（900g/L）'",emission-standard-kb.jsonl; DB44/26-2001; DB44/2367-2022; GB31572-2015; GB14554-93; GB12348-2008; GB18597-2023; GB18599-2020,2,2,False,需复核,水:无法判断——生活污水排入北滘污水处理厂，但未明确预处理标准和尾水标准名称。; 大气:部分可判断/需复核——VOCs厂区内无组织限值（NMHC≤6mg/m3、≤20mg/m3）符合DB44/2367-2022表3，但VOCs有组织、颗粒物等标准未完整列出。; 噪声:无法判断——文本未在可见章节明确列出噪声排放标准。; 固体废物:无法判断——文本提及危险废物暂存点但未明确引用固体废物污染控制标准。,,,是,原综合排放标准问答对拆分而来,30份环评_污染物排放控制执行标准复核QA(拆分版),水污染物排放标准,需复核,需人工复核,,未复核,部分充分,有效,部分核验,自动默认,候选池,B_证据不足,,,,,,,,88,MAP_需复核,原结论明确要求人工复核；存在报告证据，但尚未经人工逐项核验；已列依据来源，但未在本阶段逐条核验,,water_emission_standard,L3_analysis,rule_applicability,basis_grounding,report_grounding；procedural_reasoning,high,high,report_plus_external,True,,auto_default,v1,,manual_check=false但存在人工判断
2026-07-27,PL018,V01,PL018_广东台塑智能科技有限公司新建项目_01_受理公告或公示版.pdf,广东台塑智能科技有限公司新建项目,PL018_Emission_大气,污染物排放标准-大气污染物排放标准,请根据项目行业类别、生产工艺和污染因子，判断大气污染物排放标准选取是否合理。要求分析：污染源覆盖是否完整（列出所有大气污染源及对应标准），是否存在缺漏的污染源或标准。,"1、污染排放标准分析污染源内容：不完整；
2、大气污染物排放标准分析：文本可见VOCs治理后厂区内无组织排放监控点NMHC小时平均浓度≤6mg/m3、任意一次浓度≤20mg/m3，符合DB44/2367-2022表3厂区内VOCs无组织排放限值。有机废气经活性炭吸附处理后通过排气筒G1（24m）排放。但文本未完整列出VOCs有组织排放执行标准（DB44/2367-2022表1或其他行业标准）、颗粒物（破碎粉尘）执行标准（DB44/27-2001或其他）、是否涉及恶臭标准（GB14554-93）等。大气标准信息不完整，仅厂区内VOCs无组织限值可判断为正确。","1. 大气VOCs厂区内限值：'厂区内无组织排放监控点NMHC的小时平均浓度值不超过6 mg/m3，任意一次浓度值不超过20 mg/m3。'；'各排气筒各项污染因子均能达标排放，厂区内无组织排放监控点NMHC相应浓度达到要求。'
2. 废水：'项目废水排入北滘污水处理厂，间接循环冷却水定期排水可作为清净下水通过市政雨水管网排放；直接循环冷却水定期交由佛山市科源达环保污水处理有限公司回收处理。'
3. 工程分析：'本项目主要从事轿车塑料配件、小家电塑料组装件、电线的生产'；'本项目有机废气经集气罩收集后通过活性炭吸附废气处理设施进行处理，处理达标后通过排气筒G1（24m）引至楼顶排放。'
4. 原辅材料：'油性油墨……按异佛尔酮100%挥发，VOCs挥发系数按60%算'；'稀释剂……按100%挥发，VOCs挥发系数按100%算（900g/L）'",emission-standard-kb.jsonl; DB44/26-2001; DB44/2367-2022; GB31572-2015; GB14554-93; GB12348-2008; GB18597-2023; GB18599-2020,2,2,False,需复核,水:无法判断——生活污水排入北滘污水处理厂，但未明确预处理标准和尾水标准名称。; 大气:部分可判断/需复核——VOCs厂区内无组织限值（NMHC≤6mg/m3、≤20mg/m3）符合DB44/2367-2022表3，但VOCs有组织、颗粒物等标准未完整列出。; 噪声:无法判断——文本未在可见章节明确列出噪声排放标准。; 固体废物:无法判断——文本提及危险废物暂存点但未明确引用固体废物污染控制标准。,,,是,原综合排放标准问答对拆分而来,30份环评_污染物排放控制执行标准复核QA(拆分版),大气污染物排放标准,需复核,需人工复核,,未复核,部分充分,有效,部分核验,自动默认,候选池,B_证据不足,,,,,,,,89,MAP_需复核,原结论明确要求人工复核；存在报告证据，但尚未经人工逐项核验；已列依据来源，但未在本阶段逐条核验,,air_emission_standard,L3_analysis,multi_evidence_synthesis,basis_grounding,report_grounding；evidence_integration,high,high,report_plus_external,True,,auto_default,v1,,manual_check=false但存在人工判断
2026-07-27,PL018,V01,PL018_广东台塑智能科技有限公司新建项目_01_受理公告或公示版.pdf,广东台塑智能科技有限公司新建项目,PL018_Emission_噪声,污染物排放标准-噪声排放标准,请根据项目所属声环境功能区类别，判断噪声排放标准选取是否合理。要求总结声功能区类型、厂界执行标准（GB12348-2008）及昼夜限值，并与环评编制内容进行一致性分析。,"1、噪声排放标准中执行标准与排放限值内容：无法判断；
2、文本未在可见章节中明确列出噪声排放标准。无法判断。","1. 大气VOCs厂区内限值：'厂区内无组织排放监控点NMHC的小时平均浓度值不超过6 mg/m3，任意一次浓度值不超过20 mg/m3。'；'各排气筒各项污染因子均能达标排放，厂区内无组织排放监控点NMHC相应浓度达到要求。'
2. 废水：'项目废水排入北滘污水处理厂，间接循环冷却水定期排水可作为清净下水通过市政雨水管网排放；直接循环冷却水定期交由佛山市科源达环保污水处理有限公司回收处理。'
3. 工程分析：'本项目主要从事轿车塑料配件、小家电塑料组装件、电线的生产'；'本项目有机废气经集气罩收集后通过活性炭吸附废气处理设施进行处理，处理达标后通过排气筒G1（24m）引至楼顶排放。'
4. 原辅材料：'油性油墨……按异佛尔酮100%挥发，VOCs挥发系数按60%算'；'稀释剂……按100%挥发，VOCs挥发系数按100%算（900g/L）'",emission-standard-kb.jsonl; DB44/26-2001; DB44/2367-2022; GB31572-2015; GB14554-93; GB12348-2008; GB18597-2023; GB18599-2020,2,2,False,无法判断,水:无法判断——生活污水排入北滘污水处理厂，但未明确预处理标准和尾水标准名称。; 大气:部分可判断/需复核——VOCs厂区内无组织限值（NMHC≤6mg/m3、≤20mg/m3）符合DB44/2367-2022表3，但VOCs有组织、颗粒物等标准未完整列出。; 噪声:无法判断——文本未在可见章节明确列出噪声排放标准。; 固体废物:无法判断——文本提及危险废物暂存点但未明确引用固体废物污染控制标准。,,,是,原综合排放标准问答对拆分而来,30份环评_污染物排放控制执行标准复核QA(拆分版),噪声排放标准,无法判断,证据不足,,未复核,不足,有效,部分核验,自动默认,候选池,B_证据不足,,,,,,,,90,MAP_无法判断+EVIDENCE_INSUFFICIENCY_SIGNAL,需人工区分证据不足、材料缺失或尚未审核；命中证据不足候选词：无法判断；已列依据来源，但未在本阶段逐条核验,,noise_emission_standard,L2_application,rule_applicability,basis_grounding,report_grounding,high,medium,report_plus_external,True,,auto_default,v1,,manual_check=false但存在人工判断
2026-07-27,PL018,V01,PL018_广东台塑智能科技有限公司新建项目_01_受理公告或公示版.pdf,广东台塑智能科技有限公司新建项目,PL018_Emission_固体,污染物排放标准-固体废物控制标准,请根据项目产生的固体废物和危险废物类型，判断固体废物控制标准选取是否合理。要求总结一般工业固体废物和危险废物执行标准的标准名称及编号，分析是否缺少必要标准条目。,"1、固体废物控制排放中执行标准内容：无误；
2、固体废物控制排放内容总结：报告已引用相关法律法规和标准，固体废物控制标准编制完整，符合知识库要求的标准清单。（注：GB18599-2020《一般工业固体废物贮存和填埋污染控制标准》不在当前审核知识库必须满足的标准清单中，不作为判定缺漏的依据。）","1. 大气VOCs厂区内限值：'厂区内无组织排放监控点NMHC的小时平均浓度值不超过6 mg/m3，任意一次浓度值不超过20 mg/m3。'；'各排气筒各项污染因子均能达标排放，厂区内无组织排放监控点NMHC相应浓度达到要求。'
2. 废水：'项目废水排入北滘污水处理厂，间接循环冷却水定期排水可作为清净下水通过市政雨水管网排放；直接循环冷却水定期交由佛山市科源达环保污水处理有限公司回收处理。'
3. 工程分析：'本项目主要从事轿车塑料配件、小家电塑料组装件、电线的生产'；'本项目有机废气经集气罩收集后通过活性炭吸附废气处理设施进行处理，处理达标后通过排气筒G1（24m）引至楼顶排放。'
4. 原辅材料：'油性油墨……按异佛尔酮100%挥发，VOCs挥发系数按60%算'；'稀释剂……按100%挥发，VOCs挥发系数按100%算（900g/L）'",emission-standard-kb.jsonl; DB44/26-2001; DB44/2367-2022; GB31572-2015; GB14554-93; GB12348-2008; GB18597-2023; GB18599-2020,2,2,False,无误,水:无法判断——生活污水排入北滘污水处理厂，但未明确预处理标准和尾水标准名称。; 大气:部分可判断/需复核——VOCs厂区内无组织限值（NMHC≤6mg/m3、≤20mg/m3）符合DB44/2367-2022表3，但VOCs有组织、颗粒物等标准未完整列出。; 噪声:无法判断——文本未在可见章节明确列出噪声排放标准。; 固体废物:无法判断——文本提及危险废物暂存点但未明确引用固体废物污染控制标准。,,,否,修正：GB18599-2020不在知识库必须满足的标准清单中，原判定依据已更正。原综合排放标准问答对拆分而来,30份环评_污染物排放控制执行标准复核QA(拆分版),固体废物控制标准,无误,无误,,未复核,部分充分,有效,部分核验,自动默认,候选池,待分流,,,,,,,,91,MAP_无误,存在报告证据，但尚未经人工逐项核验；已列依据来源，但未在本阶段逐条核验,,solid_waste_standard,L2_application,rule_applicability,basis_grounding,report_grounding,high,medium,report_plus_external,True,,auto_default,v1,,manual_check=false但存在人工判断
2026-06-25,PL019,V01,年10月12日建设项目环境影响报告书（表）受理公告（佛山市生态环境局顺德分局）_1.pdf,佛山市智龙科技有限公司迁扩建项目,PL019_V01_Q01,1. 塑胶行业样本筛选与国民经济行业分类,请结合项目产品、原辅材料和生产工艺，判断该报告行业类别是否基本合理。,"1、国民经济行业类型判定结论：正确；
2、具体分析：根据项目概况，本项目以PP、ABS、PC、PVC、TPU塑料粒、色母及五金配件、铜线、线路板、LED灯珠等为主要原辅材料，经电子配件绕线、焊接和浸锡，以及塑料混料、熔融注塑或挤出、超声波焊接、组装和检测等工序，生产溜冰鞋轮、滑板车轮、儿童车轮及其他车轮；电子配件制作属于车轮生产的配套工序。经识别，本项目属于C2929 塑料零件及其他塑料制品制造，与报告填报的C2929 塑料零件及其他塑料制品制造一致，行业类别基本合理。",科园 6 栋 201 之一 地理坐标 （东经 113 度 8 分 38.248 秒，北纬 22 度 50 分 55.525 秒） 国民经济 行业类别 C2929 塑料零件及其 他塑料制品制造 建设项目 行业类别 建设性质 新建（迁建） 改建 扩建 技术改造 建设项目 申报情形 二十六、橡胶和塑料制品业 29塑料制品业 292-其他（年用非 溶剂型低 VOCs 含量涂料 10 吨 以下的除外） 首次申报项目 不予批准后再次申报项目 超五年重新审核项目 重大变动重新报批项目 项目审批（核准/ 备案）部门（选 填） / 项目审批（核准/ 备案）文号（选填） / 总投资（万元） 100 环保投资（万元） 12 环保投资占比 （%） 12 施工工期 1 个月 用地（用海） 面积（m2） 1100 是否开工建设 否 是： 专项评价设置 情况 无 规划情况 无 规划环境影响 评价情况,《国民经济行业分类》(GB/T 4754—2017)；本任务C292筛选及C17/C18排除规则,结合本项目行业代码、建设性质、工艺关键词及PDF证据生成，非脱离项目的通用题。,可依据对应PDF原文、工程分析表格及所列法规标准逐项复核。,True,,,,新增,是,自动生成；需人工复核项目参数、公式取值、标准适用范围及PDF文字提取完整性。,seed_qa_塑胶行业筛选版_30个国民经济行业分类的人工标记,国民经济行业分类,,待判断,,未复核,部分充分,待判断,部分核验,自动默认,候选池,C_题目或材料问题,,,,,,,,92,MAP_BLANK,人工判断为空：不得自动补填结论；人工判断为空；结构完整但原因需人工确认；存在报告证据，但尚未经人工逐项核验；已列依据来源，但未在本阶段逐条核验,,industry_classification,L3_analysis,multi_evidence_synthesis,evidence_integration,report_grounding；basis_grounding,high,high,cross_section,True,,auto_default,v1,,manual_check=true但人工判断为空
2026-07-24,PL019,V01,PL019_佛山市智龙科技有限公司迁扩建项目,佛山市智龙科技有限公司迁扩建项目,PL019_V01_Q03,环评投资核算,请根据报告中的总投资、环保投资和环保工程投资明细，判断环保投资核算是否前后一致、比例是否正确。,环评投资核算判定结论：正确；具体分析：报告填报总投资为100万元、环保投资为12万元、环保投资占比为12%。按“环保投资÷总投资×100%”复算为12.00%，与报告填报值一致；表2.11 项目环保工程措施投资一览表中的分项投资合计为12万元，与环保投资一致。因此，环保投资金额、分项合计及占比前后一致，核算正确。,一、建设项目基本情况；表2.11：总投资100万元、环保投资12万元、占比12%；分项合计12万元。来源：解析文本拼接_01_001-020(4).md,报告原文-环保投资明细表,2,2,False,正确,,,,否,,30个PL_环评投资核算QA,环评投资概算,正确,无误,,未复核,部分充分,有效,不需要外部依据,自动默认,候选池,待分流,,,,,,,,93,MAP_正确,存在报告证据，但尚未经人工逐项核验；投资复核主要依据报告内金额与算式,,environmental_investment,L2_application,quantitative_verification,numerical_accuracy,report_grounding；procedural_reasoning,low,medium,cross_section,True,,auto_default,v1,,manual_check=false但存在人工判断
2026-07-28,PL019,V01,PL019_佛山市智龙科技有限公司迁扩建项目_01_受理公告或公示版.pdf,佛山市智龙科技有限公司迁扩建项目,PL019_EnvQuality_Q01,大气及地表水环境质量现状数据引用,请根据报告引用的环境质量公报及现状数据，判断大气和地表水环境质量现状数据引用是否准确。,1、【大气及地表水环境质量引用数据正确】；2、项目大气环境质量引用《2023年度佛山市顺德区生态环境状况公报》。环评对大气环境质量分析内容与《2023年度佛山市顺德区生态环境状况公报》中大气环境状况描述一致（SO2=6、NO2=28、PM10=35、PM2.5=20μg/m³，O3=164μg/m³，CO=1.0mg/m³，五项达标、O3超标、不达标区）；其中报告正文将CO单位标注为μg/m³属单位表述笔误，同页表格数值（1000μg/m³=1.0mg/m³）与公报一致，不影响达标结论。经检索，截至审核日该地区最新的环境状况公报为《2024年度佛山市顺德区生态环境状况公报》（佛环顺函〔2025〕12号，2025-04-03发布），可供参考。项目地表水环境质量引用《2023年度佛山市顺德区生态环境状况公报》。环评对地表水环境质量分析内容与《2023年度佛山市顺德区生态环境状况公报》中地表水环境状况描述一致（纳污水体顺德支流新涌断面2023年河流定类Ⅲ类，符合Ⅲ类标准，水质良好；公报P5-7：顺德支流/新涌=Ⅲ）。经检索，截至审核日该地区最新的环境状况公报为《2024年度佛山市顺德区生态环境状况公报》（佛环顺函〔2025〕12号，2025-04-03发布），可供参考。,证据位置:大气：Page 41；地表水：Page 41; 大气公报:《2023年度佛山市顺德区生态环境状况公报》; 地表水资料:《2023年度佛山市顺德区生态环境状况公报》,生态环境状况公报知识库; 收纳水体地表水执行标准,2,2,False,正确,大气:正确; 地表水:正确; 报告日期:未明确,,,是,CO第95百分位数：报告正文将CO单位标注为μg/m³，与公报mg/m³不符；但同页表格CO=1000(μg/m³语境)=1.0mg/m³与公报一致，达标结论未失真，属单位表述笔误。,30个环评_大气及地表水环境质量现状数据引用复核QA,环境质量数据引用,正确,无误,,未复核,部分充分,有效,部分核验,自动默认,候选池,A_仅待终审,,,,,,,,94,MAP_正确,存在报告证据，但尚未经人工逐项核验；已列依据来源，但未在本阶段逐条核验,,environmental_quality_data,L3_analysis,consistency_comparison,evidence_integration,report_grounding；basis_grounding,high,high,report_plus_external,True,,auto_default,v1,,manual_check=false但存在人工判断
2026-07-27,PL019,V01,PL019_佛山市智龙科技有限公司迁扩建项目_01_受理公告或公示版.pdf,佛山市智龙科技有限公司迁扩建项目,PL019_Emission_水污,污染物排放标准-水污染物排放标准,请根据报告中的废水类型、预处理方式、排放去向、企业排口标准、污水处理厂名称、尾水排放河道和尾水执行标准，判断水污染物排放标准选取是否合理。要求对比：生活污水排放标准+排入污水处理厂名称+尾水排放河道+尾水排放执行标准，报告与知识库是否一致。,"1、水污染物排放标准中生活污水排放执行标准：需复核；
2、水污染物排放标准结论的过程分析内容：文本在政策符合性分析中明确，迁扩建项目位于勒流污水处理厂处理范围，尾水执行《城镇污水处理厂污染物排放标准》（GB18918-2002）一级A标准及《广东省水污染物排放限值》（DB44/26-2001）的较严值。该尾水标准选取符合顺德区城镇污水处理厂尾水排放要求，正确。但生活污水预处理标准（如DB44/26-2001第二时段三级标准）未在可见文本中明确列出，水标准信息不完整。","水标准（尾水）：'迁扩建项目位于勒流污水处理厂处理范围，尾水执行《城镇污水处理厂污染物排放标准》（GB18918-2002）一级A标准及《广东省水污染物排放限值》（DB44/26-2001）的较严值。'；'2025年前完成勒流污水处理厂扩建，尾水应执行《城镇污水处理厂污染物排放标准》（GB18918-2002）一级A标准及《广东省水污染物排放限值》（DB44/26-2001）的较严值。'
2. 大气治理措施：'迁扩建项目拟于注塑机、超声波焊接机上方设置包围型集气罩，有机废气经包围型收集通过'干式过滤棉+活性炭吸附'设施处理后引至45米高排气筒（DA001）排放。'
3. 行业类别：'迁扩建项目属于《国民经济行业分类》（GB/T4754-2017）及第1号修改单中的C2929塑料零件及其他塑料制品制造。'
4. VOCs管控符合性：'采用局部集气罩收集非甲烷总烃，控制风速不低于0.3m/s。'（引用DB44/2367-2022相关要求进行符合性分析）",emission-standard-kb.jsonl; DB44/26-2001; DB44/2367-2022; GB31572-2015; GB14554-93; GB12348-2008; GB18597-2023; GB18599-2020,2,2,False,需复核,水:部分无误/需复核——尾水标准GB18918-2002一级A及DB44/26-2001较严值正确，但生活污水预处理标准未明确列出。; 大气:需复核——VOCs治理措施及DB44/2367-2022符合性分析可见，但有组织排放限值、厂区内无组织限值等未完整列出。; 噪声:无法判断——文本未在可见章节明确列出噪声排放标准。; 固体废物:无法判断——文本未在可见章节明确引用固体废物污染控制标准。,,,是,原综合排放标准问答对拆分而来,30份环评_污染物排放控制执行标准复核QA(拆分版),水污染物排放标准,需复核,需人工复核,,未复核,部分充分,有效,部分核验,自动默认,候选池,B_证据不足,,,,,,,,95,MAP_需复核,原结论明确要求人工复核；存在报告证据，但尚未经人工逐项核验；已列依据来源，但未在本阶段逐条核验,,water_emission_standard,L3_analysis,rule_applicability,basis_grounding,report_grounding；procedural_reasoning,high,high,report_plus_external,True,,auto_default,v1,,manual_check=false但存在人工判断
2026-07-27,PL019,V01,PL019_佛山市智龙科技有限公司迁扩建项目_01_受理公告或公示版.pdf,佛山市智龙科技有限公司迁扩建项目,PL019_Emission_大气,污染物排放标准-大气污染物排放标准,请根据项目行业类别、生产工艺和污染因子，判断大气污染物排放标准选取是否合理。要求分析：污染源覆盖是否完整（列出所有大气污染源及对应标准），是否存在缺漏的污染源或标准。,"1、污染排放标准分析污染源内容：不完整；
2、大气污染物排放标准分析：文本显示项目注塑机、超声波焊接机上方设置包围型集气罩，有机废气经包围型收集通过'干式过滤棉+活性炭吸附'装置处理后引至45米高排气筒DA001排放，污染因子为非甲烷总烃。文本引用了DB44/2367-2022进行VOCs政策符合性分析（含物料储存、转移、工艺过程等管控要求），符合性分析中提及控制风速不低于0.3m/s、收集效率约50%等参数。但文本未明确列出非甲烷总烃有组织排放执行标准（DB44/2367-2022表1具体限值）、厂区内VOCs无组织排放限值（DB44/2367-2022表3）、是否涉及颗粒物和恶臭标准等，大气标准信息不完整。","1. 水标准（尾水）：'迁扩建项目位于勒流污水处理厂处理范围，尾水执行《城镇污水处理厂污染物排放标准》（GB18918-2002）一级A标准及《广东省水污染物排放限值》（DB44/26-2001）的较严值。'；'2025年前完成勒流污水处理厂扩建，尾水应执行《城镇污水处理厂污染物排放标准》（GB18918-2002）一级A标准及《广东省水污染物排放限值》（DB44/26-2001）的较严值。'
2. 大气治理措施：'迁扩建项目拟于注塑机、超声波焊接机上方设置包围型集气罩，有机废气经包围型收集通过'干式过滤棉+活性炭吸附'设施处理后引至45米高排气筒（DA001）排放。'
3. 行业类别：'迁扩建项目属于《国民经济行业分类》（GB/T4754-2017）及第1号修改单中的C2929塑料零件及其他塑料制品制造。'
4. VOCs管控符合性：'采用局部集气罩收集非甲烷总烃，控制风速不低于0.3m/s。'（引用DB44/2367-2022相关要求进行符合性分析）",emission-standard-kb.jsonl; DB44/26-2001; DB44/2367-2022; GB31572-2015; GB14554-93; GB12348-2008; GB18597-2023; GB18599-2020,2,2,False,需复核,水:部分无误/需复核——尾水标准GB18918-2002一级A及DB44/26-2001较严值正确，但生活污水预处理标准未明确列出。; 大气:需复核——VOCs治理措施及DB44/2367-2022符合性分析可见，但有组织排放限值、厂区内无组织限值等未完整列出。; 噪声:无法判断——文本未在可见章节明确列出噪声排放标准。; 固体废物:无法判断——文本未在可见章节明确引用固体废物污染控制标准。,,,是,原综合排放标准问答对拆分而来,30份环评_污染物排放控制执行标准复核QA(拆分版),大气污染物排放标准,需复核,需人工复核,,未复核,部分充分,有效,部分核验,自动默认,候选池,B_证据不足,,,,,,,,96,MAP_需复核,原结论明确要求人工复核；存在报告证据，但尚未经人工逐项核验；已列依据来源，但未在本阶段逐条核验,,air_emission_standard,L3_analysis,multi_evidence_synthesis,basis_grounding,report_grounding；evidence_integration,high,high,report_plus_external,True,,auto_default,v1,,manual_check=false但存在人工判断
2026-07-27,PL019,V01,PL019_佛山市智龙科技有限公司迁扩建项目_01_受理公告或公示版.pdf,佛山市智龙科技有限公司迁扩建项目,PL019_Emission_噪声,污染物排放标准-噪声排放标准,请根据项目所属声环境功能区类别，判断噪声排放标准选取是否合理。要求总结声功能区类型、厂界执行标准（GB12348-2008）及昼夜限值，并与环评编制内容进行一致性分析。,"1、噪声排放标准中执行标准与排放限值内容：无法判断；
2、文本未在可见章节中明确列出噪声排放标准（如GB12348-2008及适用类别）。无法判断。","1. 水标准（尾水）：'迁扩建项目位于勒流污水处理厂处理范围，尾水执行《城镇污水处理厂污染物排放标准》（GB18918-2002）一级A标准及《广东省水污染物排放限值》（DB44/26-2001）的较严值。'；'2025年前完成勒流污水处理厂扩建，尾水应执行《城镇污水处理厂污染物排放标准》（GB18918-2002）一级A标准及《广东省水污染物排放限值》（DB44/26-2001）的较严值。'
2. 大气治理措施：'迁扩建项目拟于注塑机、超声波焊接机上方设置包围型集气罩，有机废气经包围型收集通过'干式过滤棉+活性炭吸附'设施处理后引至45米高排气筒（DA001）排放。'
3. 行业类别：'迁扩建项目属于《国民经济行业分类》（GB/T4754-2017）及第1号修改单中的C2929塑料零件及其他塑料制品制造。'
4. VOCs管控符合性：'采用局部集气罩收集非甲烷总烃，控制风速不低于0.3m/s。'（引用DB44/2367-2022相关要求进行符合性分析）",emission-standard-kb.jsonl; DB44/26-2001; DB44/2367-2022; GB31572-2015; GB14554-93; GB12348-2008; GB18597-2023; GB18599-2020,2,2,False,无法判断,水:部分无误/需复核——尾水标准GB18918-2002一级A及DB44/26-2001较严值正确，但生活污水预处理标准未明确列出。; 大气:需复核——VOCs治理措施及DB44/2367-2022符合性分析可见，但有组织排放限值、厂区内无组织限值等未完整列出。; 噪声:无法判断——文本未在可见章节明确列出噪声排放标准。; 固体废物:无法判断——文本未在可见章节明确引用固体废物污染控制标准。,,,是,原综合排放标准问答对拆分而来,30份环评_污染物排放控制执行标准复核QA(拆分版),噪声排放标准,无法判断,证据不足,,未复核,不足,有效,部分核验,自动默认,候选池,B_证据不足,,,,,,,,97,MAP_无法判断+EVIDENCE_INSUFFICIENCY_SIGNAL,需人工区分证据不足、材料缺失或尚未审核；命中证据不足候选词：无法判断；已列依据来源，但未在本阶段逐条核验,,noise_emission_standard,L2_application,rule_applicability,basis_grounding,report_grounding,high,medium,report_plus_external,True,,auto_default,v1,,manual_check=false但存在人工判断
2026-07-27,PL019,V01,PL019_佛山市智龙科技有限公司迁扩建项目_01_受理公告或公示版.pdf,佛山市智龙科技有限公司迁扩建项目,PL019_Emission_固体,污染物排放标准-固体废物控制标准,请根据项目产生的固体废物和危险废物类型，判断固体废物控制标准选取是否合理。要求总结一般工业固体废物和危险废物执行标准的标准名称及编号，分析是否缺少必要标准条目。,"1、固体废物控制排放中执行标准内容：无误；
2、固体废物控制排放内容总结：报告已引用相关法律法规和标准，固体废物控制标准编制完整，符合知识库要求的标准清单。（注：GB18599-2020《一般工业固体废物贮存和填埋污染控制标准》不在当前审核知识库必须满足的标准清单中，不作为判定缺漏的依据。）","1. 水标准（尾水）：'迁扩建项目位于勒流污水处理厂处理范围，尾水执行《城镇污水处理厂污染物排放标准》（GB18918-2002）一级A标准及《广东省水污染物排放限值》（DB44/26-2001）的较严值。'；'2025年前完成勒流污水处理厂扩建，尾水应执行《城镇污水处理厂污染物排放标准》（GB18918-2002）一级A标准及《广东省水污染物排放限值》（DB44/26-2001）的较严值。'
2. 大气治理措施：'迁扩建项目拟于注塑机、超声波焊接机上方设置包围型集气罩，有机废气经包围型收集通过'干式过滤棉+活性炭吸附'设施处理后引至45米高排气筒（DA001）排放。'
3. 行业类别：'迁扩建项目属于《国民经济行业分类》（GB/T4754-2017）及第1号修改单中的C2929塑料零件及其他塑料制品制造。'
4. VOCs管控符合性：'采用局部集气罩收集非甲烷总烃，控制风速不低于0.3m/s。'（引用DB44/2367-2022相关要求进行符合性分析）",emission-standard-kb.jsonl; DB44/26-2001; DB44/2367-2022; GB31572-2015; GB14554-93; GB12348-2008; GB18597-2023; GB18599-2020,2,2,False,无误,水:部分无误/需复核——尾水标准GB18918-2002一级A及DB44/26-2001较严值正确，但生活污水预处理标准未明确列出。; 大气:需复核——VOCs治理措施及DB44/2367-2022符合性分析可见，但有组织排放限值、厂区内无组织限值等未完整列出。; 噪声:无法判断——文本未在可见章节明确列出噪声排放标准。; 固体废物:无法判断——文本未在可见章节明确引用固体废物污染控制标准。,,,否,修正：GB18599-2020不在知识库必须满足的标准清单中，原判定依据已更正。原综合排放标准问答对拆分而来,30份环评_污染物排放控制执行标准复核QA(拆分版),固体废物控制标准,无误,无误,,未复核,部分充分,有效,部分核验,自动默认,候选池,待分流,,,,,,,,98,MAP_无误,存在报告证据，但尚未经人工逐项核验；已列依据来源，但未在本阶段逐条核验,,solid_waste_standard,L2_application,rule_applicability,basis_grounding,report_grounding,high,medium,report_plus_external,True,,auto_default,v1,,manual_check=false但存在人工判断
2026-06-25,PL020,V01,年10月16日建设项目环境影响报告书（表）受理公告（佛山市生态环境局顺德分局）_2.pdf,佛山市朗信塑料制品有限公司新建项目,PL020_V01_Q01,1. 塑胶行业样本筛选与国民经济行业分类,请结合项目产品、原辅材料和生产工艺，判断该报告行业类别是否基本合理。,国民经济行业类型判定结论：正确；具体分析：根据项目概况，本项目以ABS、PP、AS、PA、TPE、POM塑料粒及色粉为主要原辅材料，经混料、注塑、检验和包装等工序，生产水壶外壳、熨斗机外壳和打磨机内壳；生产过程中产生的废边角料和不合格品经破碎后回用于注塑生产。经识别，本项目属于C2929塑料零件及其他塑料制品制造，与报告填报的C2929塑料零件及其他塑料制品制造一致，行业类别基本合理。,江村村慧商四路 5 号之六 2 楼 地理坐标 （ 113 度 10 分 11.139 秒， 22 度 51 分 5.414 秒） 国民经济 C2929 塑料零件及其 行业类别 他塑料制品制造 新建（迁建） 改建 建设性质 扩建 技术改造 项目审批（核 无 准/备案）部 门（选填） 总投资（万 100 元） 环保投资占 15 比（%） 是否开工建 否 是： 设 [REDACTED_PHONE] 联系方式 建设项目 行业类别 建设项目 申报情形 二十六、橡胶和塑料制品业 29-53 塑料制品业 292-其他（年 用非溶剂型低 VOCs 含量涂料 10 吨以下的除外） 首次申报项目 不予批准后再次申报项目 超五年重新审核项目 重大变动重新报批项目 项目审批（核准/ 备案）文号（选填） 无 环保投资（万元） 15 施工工期 1 个月 用地（用海） 面积（m2） 4392.38 专项评价,《国民经济行业分类》(GB/T 4754—2017)；本任务C292筛选及C17/C18排除规则,结合本项目行业代码、建设性质、工艺关键词及PDF证据生成，非脱离项目的通用题。,可依据对应PDF原文、工程分析表格及所列法规标准逐项复核。,True,,,,新增,是,自动生成；需人工复核项目参数、公式取值、标准适用范围及PDF文字提取完整性。,seed_qa_塑胶行业筛选版_30个国民经济行业分类的人工标记,国民经济行业分类,,待判断,,未复核,部分充分,待判断,部分核验,自动默认,候选池,C_题目或材料问题,,,,,,,,99,MAP_BLANK,人工判断为空：不得自动补填结论；人工判断为空；结构完整但原因需人工确认；存在报告证据，但尚未经人工逐项核验；已列依据来源，但未在本阶段逐条核验,,industry_classification,L3_analysis,multi_evidence_synthesis,evidence_integration,report_grounding；basis_grounding,high,high,cross_section,True,,auto_default,v1,,manual_check=true但人工判断为空
2026-07-24,PL020,V01,PL020_佛山市朗信塑料制品有限公司新建项目,佛山市朗信塑料制品有限公司新建项目,PL020_V01_Q03,环评投资核算,请根据报告中的总投资、环保投资和环保工程投资明细，判断环保投资核算是否前后一致、比例是否正确。,环评投资核算判定结论：需复核；具体分析：报告填报总投资为100万元、环保投资为15万元、环保投资占比为15%。按“环保投资÷总投资×100%”复算为15.00%，与报告填报值一致；但现有解析文本未检索到环保工程投资明细表，无法核对分项合计是否与环保投资一致。因此，占比计算正确，环保投资前后一致性仍需结合原报告投资明细表复核。,一、建设项目基本情况：总投资100万元、环保投资15万元、占比15%。来源：解析文本拼接_01_001-020(4).md,报告原文-环保投资明细表,2,2,False,需复核,,,,是,,30个PL_环评投资核算QA,环评投资概算,需复核,证据不足,,未复核,不足,有效,不需要外部依据,自动默认,候选池,B_证据不足,,,,,,,,100,MAP_需复核+EVIDENCE_INSUFFICIENCY_SIGNAL,原结论明确要求人工复核；命中证据不足候选词：未检索到、无法核对；投资复核主要依据报告内金额与算式,,environmental_investment,L2_application,quantitative_verification,numerical_accuracy,report_grounding；procedural_reasoning,low,medium,cross_section,True,,auto_default,v1,,manual_check=false但存在人工判断
2026-07-28,PL020,V01,PL020_佛山市朗信塑料制品有限公司新建项目_01_受理公告或公示版.pdf,佛山市朗信塑料制品有限公司新建项目,PL020_EnvQuality_Q01,大气及地表水环境质量现状数据引用,请根据报告引用的环境质量公报及现状数据，判断大气和地表水环境质量现状数据引用是否准确。,"1、大气及地表水环境质量引用数据正确；
2、项目大气环境质量引用《2023年度佛山市顺德区生态环境状况公报》。环评对大气环境质量分析内容与《2023年度佛山市顺德区生态环境状况公报》中大气环境状况描述一致，报告引用2023年度SO2、NO2、PM10、PM2.5年平均浓度数据与公报一致（SO2为6μg/m³、NO2为28μg/m³、PM10为35μg/m³、PM2.5为20μg/m³）。经检索，截至审核日该地区最新的环境状况公报为《2024年度佛山市顺德区生态环境状况公报》，可供参考。
项目地表水环境质量引用《2023年度佛山市顺德区生态环境状况公报》。环评对地表水环境质量分析内容与《2023年度佛山市顺德区生态环境状况公报》中地表水环境状况描述一致，报告引用顺德支流水质评价结果与公报一致（顺德支流新涌、飞鹅山断面均为Ⅲ类）。项目污水处理厂为勒流污水处理厂，尾水受纳河道为顺德支流，执行标准为III类，与官方登记一致。",证据位置:大气：报告引用佛环顺函〔2024〕44号《2023年度佛山市顺德区生态环境状况公报》（约第1592-1596行），报告称“顺德区2023年SO2、NO2、PM10、PM2.5年平均”浓度数据；地表水：报告引用佛环顺函〔2024〕44号（约第1664-1691行），勒流污水处理厂尾水排入顺德支流; 大气公报:《2023年度佛山市顺德区生态环境状况公报》; 地表水资料:《2023年度佛山市顺德区生态环境状况公报》,生态环境状况公报知识库; 收纳水体地表水执行标准,2,2,False,正确,大气:正确; 地表水:正确; 报告日期:2024,,,是,无。报告引用2023年度公报（佛环顺函〔2024〕44号），发布日期2024-03-26早于报告日期，2023年度数据在近3年窗口内。大气分析内容引用SO2、NO2、PM10、PM2.5年平均浓度与公报一致；地表水分析引用顺德支流水质评价结果与公报一致，勒流污水处理厂尾水受纳河道（顺德支流）及执行标准（III类）与官方登记一致。,30个环评_大气及地表水环境质量现状数据引用复核QA,环境质量数据引用,正确,无误,,未复核,部分充分,有效,部分核验,自动默认,候选池,A_仅待终审,,,,,,,,101,MAP_正确,存在报告证据，但尚未经人工逐项核验；已列依据来源，但未在本阶段逐条核验,,environmental_quality_data,L3_analysis,consistency_comparison,evidence_integration,report_grounding；basis_grounding,high,high,report_plus_external,True,,auto_default,v1,,manual_check=false但存在人工判断
2026-07-27,PL020,V01,PL020_佛山市朗信塑料制品有限公司新建项目_01_受理公告或公示版.pdf,佛山市朗信塑料制品有限公司新建项目,PL020_Emission_水污,污染物排放标准-水污染物排放标准,请根据报告中的废水类型、预处理方式、排放去向、企业排口标准、污水处理厂名称、尾水排放河道和尾水执行标准，判断水污染物排放标准选取是否合理。要求对比：生活污水排放标准+排入污水处理厂名称+尾水排放河道+尾水排放执行标准，报告与知识库是否一致。,"1、水污染物排放标准中生活污水排放执行标准：存在缺漏；
2、水污染物排放标准结论的过程分析内容：存在缺漏。报告仅提到勒流污水处理厂尾水执行《城镇污水处理厂污染物排放标准》（GB18918-2002）一级A标准及《广东省水污染物排放限值》（DB44/26-2001）的较严值，但未明确企业生活污水排口执行的预处理标准（应为DB44/26-2001第二时段三级标准，COD≤500mg/L、BOD5≤300mg/L、SS≤400mg/L）。间接冷却水作为清净下水排放至雨水管网，亦未引用相关排放标准。企业排口标准与污水处理厂尾水标准应分别编制，报告缺少企业排口标准。

2、","1、水：""尾水应执行《城镇污水处理厂污染物排放标准》（GB18918-2002）一级A标准及《广东省水污染物排放限值》（DB44/26-2001）的较严值。""""生活污水经三级化粪池预处理后引至勒流污水处理厂进一步处理，废水排放方式为间接排放。注塑机的间接冷却水作为清净下水定期排至市政雨水管网。""",emission-standard-kb.jsonl; DB44/26-2001; DB44/2367-2022; GB31572-2015; GB14554-93; GB12348-2008; GB18597-2023; GB18599-2020,2,2,False,存在缺漏,水:存在缺漏——污水处理厂尾水标准已引用，但企业生活污水排口预处理标准（DB44/26-2001第二时段三级标准）缺失，清净下水排放标准未引用。; 大气:存在缺漏——有组织非甲烷总烃（GB31572-2015表4）和厂区内无组织VOCs（DB44/2367-2022表3）标准正确，但臭气浓度标准（GB14554-93）、破碎粉尘无组织颗粒物标准、企业边界标准缺失。; 噪声:存在缺漏——提取文本中未发现噪声排放标准，未引用GB12348-2008，未给出声功能区类别和昼夜限值。; 固体废物:存在缺漏——仅描述处置去向，未引用固废法、GB34330-2017、GB18597-2023、GB18599-2020、国家危险废物名录等控制标准。,,,是,原综合排放标准问答对拆分而来,30份环评_污染物排放控制执行标准复核QA(拆分版),水污染物排放标准,存在缺漏,存在缺漏,,未复核,部分充分,有效,部分核验,自动默认,候选池,A_仅待终审,,,,,,,,102,MAP_存在缺漏,存在报告证据，但尚未经人工逐项核验；已列依据来源，但未在本阶段逐条核验,,water_emission_standard,L3_analysis,rule_applicability,basis_grounding,report_grounding；procedural_reasoning,high,high,report_plus_external,True,,auto_default,v1,,manual_check=false但存在人工判断
2026-07-27,PL020,V01,PL020_佛山市朗信塑料制品有限公司新建项目_01_受理公告或公示版.pdf,佛山市朗信塑料制品有限公司新建项目,PL020_Emission_大气,污染物排放标准-大气污染物排放标准,请根据项目行业类别、生产工艺和污染因子，判断大气污染物排放标准选取是否合理。要求分析：污染源覆盖是否完整（列出所有大气污染源及对应标准），是否存在缺漏的污染源或标准。,"1、污染排放标准分析污染源内容：不完整；
2、大气污染物排放标准分析：存在缺漏。有组织非甲烷总烃引用《合成树脂工业污染物排放标准》（GB31572-2015，含2024年修改单）表4大气污染物排放限值（100mg/m³），适用于车间或生产设施排气筒，标准选取正确。厂区内VOCs无组织排放引用DB44/2367-2022表3限值（1h平均≤6mg/m³，任意一次≤20mg/m³），与知识库一致。但存在以下缺漏：（1）臭气浓度为注塑工序产污因子之一，但报告未引用《恶臭污染物排放标准》（GB14554-93）表2排气筒排放标准值和表1厂界标准值；（2）破碎粉尘和混料粉尘以无组织形式排放，但排放标准章节未明确引用DB44/27-2001第二时段无组织排放监控浓度限值（仅在政策相符性分析表中提及DB44/27-2001第Ⅱ时段，且标准编号缺少斜杠写为DB4427-2001）；（3）企业边界大气污染物浓度限值（GB31572-2015表9）未引用。

3、","2、大气：""本项目非甲烷总烃有组织排放可满足《合成树脂工业污染物排放标准》（GB31572-2015，含2024年修改单）中表4大气污染物排放限值要求。""""有机废气厂区内无组织排放满足小时平均浓度值不超过6mg/m3，任意一次浓度值不超过20mg/m3。""政策相符性表中提及""有机废气排气筒排放浓度不高于广东省《大气污染物排放限值》（DB4427-2001）第Ⅱ时段排放限值""。",emission-standard-kb.jsonl; DB44/26-2001; DB44/2367-2022; GB31572-2015; GB14554-93; GB12348-2008; GB18597-2023; GB18599-2020,2,2,False,存在缺漏,水:存在缺漏——污水处理厂尾水标准已引用，但企业生活污水排口预处理标准（DB44/26-2001第二时段三级标准）缺失，清净下水排放标准未引用。; 大气:存在缺漏——有组织非甲烷总烃（GB31572-2015表4）和厂区内无组织VOCs（DB44/2367-2022表3）标准正确，但臭气浓度标准（GB14554-93）、破碎粉尘无组织颗粒物标准、企业边界标准缺失。; 噪声:存在缺漏——提取文本中未发现噪声排放标准，未引用GB12348-2008，未给出声功能区类别和昼夜限值。; 固体废物:存在缺漏——仅描述处置去向，未引用固废法、GB34330-2017、GB18597-2023、GB18599-2020、国家危险废物名录等控制标准。,,,是,原综合排放标准问答对拆分而来,30份环评_污染物排放控制执行标准复核QA(拆分版),大气污染物排放标准,存在缺漏,存在缺漏,,未复核,部分充分,有效,部分核验,自动默认,候选池,A_仅待终审,,,,,,,,103,MAP_存在缺漏,存在报告证据，但尚未经人工逐项核验；已列依据来源，但未在本阶段逐条核验,,air_emission_standard,L3_analysis,multi_evidence_synthesis,basis_grounding,report_grounding；evidence_integration,high,high,report_plus_external,True,,auto_default,v1,,manual_check=false但存在人工判断
2026-07-27,PL020,V01,PL020_佛山市朗信塑料制品有限公司新建项目_01_受理公告或公示版.pdf,佛山市朗信塑料制品有限公司新建项目,PL020_Emission_噪声,污染物排放标准-噪声排放标准,请根据项目所属声环境功能区类别，判断噪声排放标准选取是否合理。要求总结声功能区类型、厂界执行标准（GB12348-2008）及昼夜限值，并与环评编制内容进行一致性分析。,"1、噪声排放标准中执行标准与排放限值内容：存在缺漏；
2、存在缺漏。提取文本中未发现噪声排放标准章节，未引用《工业企业厂界环境噪声排放标准》（GB12348-2008），未给出声功能区类别及昼夜限值。

4、","3、噪声：提取文本中未发现噪声排放标准相关内容。
4、固体废物：""一般固体废物收集后交由资源回收公司回收，危险废物交由有危险废物处理资质的单位收集处置。""未引用具体标准编号。",emission-standard-kb.jsonl; DB44/26-2001; DB44/2367-2022; GB31572-2015; GB14554-93; GB12348-2008; GB18597-2023; GB18599-2020,2,2,False,存在缺漏,水:存在缺漏——污水处理厂尾水标准已引用，但企业生活污水排口预处理标准（DB44/26-2001第二时段三级标准）缺失，清净下水排放标准未引用。; 大气:存在缺漏——有组织非甲烷总烃（GB31572-2015表4）和厂区内无组织VOCs（DB44/2367-2022表3）标准正确，但臭气浓度标准（GB14554-93）、破碎粉尘无组织颗粒物标准、企业边界标准缺失。; 噪声:存在缺漏——提取文本中未发现噪声排放标准，未引用GB12348-2008，未给出声功能区类别和昼夜限值。; 固体废物:存在缺漏——仅描述处置去向，未引用固废法、GB34330-2017、GB18597-2023、GB18599-2020、国家危险废物名录等控制标准。,,,是,原综合排放标准问答对拆分而来,30份环评_污染物排放控制执行标准复核QA(拆分版),噪声排放标准,存在缺漏,存在缺漏,,未复核,部分充分,有效,部分核验,自动默认,候选池,A_仅待终审,,,,,,,,104,MAP_存在缺漏,存在报告证据，但尚未经人工逐项核验；已列依据来源，但未在本阶段逐条核验,,noise_emission_standard,L2_application,rule_applicability,basis_grounding,report_grounding,high,medium,report_plus_external,True,,auto_default,v1,,manual_check=false但存在人工判断
2026-07-27,PL020,V01,PL020_佛山市朗信塑料制品有限公司新建项目_01_受理公告或公示版.pdf,佛山市朗信塑料制品有限公司新建项目,PL020_Emission_固体,污染物排放标准-固体废物控制标准,请根据项目产生的固体废物和危险废物类型，判断固体废物控制标准选取是否合理。要求总结一般工业固体废物和危险废物执行标准的标准名称及编号，分析是否缺少必要标准条目。,"1、固体废物控制排放中执行标准内容：无误；
2、固体废物控制排放内容总结：报告已引用固体废物污染环境防治法、广东省固体废物污染环境防治条例、危险废物贮存污染控制标准（GB18597-2023）等法律法规和标准，固体废物控制标准编制完整。（注：报告还额外引用了GB18599-2020《一般工业固体废物贮存和填埋污染控制标准》，但该标准不在当前审核知识库必须满足的标准清单中，不影响判定结论。）","固体废物：""一般固体废物收集后交由资源回收公司回收，危险废物交由有危险废物处理资质的单位收集处置。""未引用具体标准编号。",emission-standard-kb.jsonl; DB44/26-2001; DB44/2367-2022; GB31572-2015; GB14554-93; GB12348-2008; GB18597-2023; GB18599-2020,2,2,False,无误,水:存在缺漏——污水处理厂尾水标准已引用，但企业生活污水排口预处理标准（DB44/26-2001第二时段三级标准）缺失，清净下水排放标准未引用。; 大气:存在缺漏——有组织非甲烷总烃（GB31572-2015表4）和厂区内无组织VOCs（DB44/2367-2022表3）标准正确，但臭气浓度标准（GB14554-93）、破碎粉尘无组织颗粒物标准、企业边界标准缺失。; 噪声:存在缺漏——提取文本中未发现噪声排放标准，未引用GB12348-2008，未给出声功能区类别和昼夜限值。; 固体废物:存在缺漏——仅描述处置去向，未引用固废法、GB34330-2017、GB18597-2023、GB18599-2020、国家危险废物名录等控制标准。,,,否,修正：GB18599-2020不在知识库必须满足的标准清单中，原判定依据已更正。原综合排放标准问答对拆分而来,30份环评_污染物排放控制执行标准复核QA(拆分版),固体废物控制标准,无误,无误,,未复核,部分充分,有效,部分核验,自动默认,候选池,待分流,,,,,,,,105,MAP_无误,存在报告证据，但尚未经人工逐项核验；已列依据来源，但未在本阶段逐条核验,,solid_waste_standard,L2_application,rule_applicability,basis_grounding,report_grounding,high,medium,report_plus_external,True,,auto_default,v1,,manual_check=false但存在人工判断
2026-06-25,PL021,V01,年10月16日建设项目环境影响报告受理公告（大良）.pdf,佛山市顺德区共诺电子元件厂搬迁项目,PL021_V01_Q01,1. 塑胶行业样本筛选与国民经济行业分类,请结合项目产品、原辅材料和生产工艺，判断该报告行业类别是否基本合理。,国民经济行业类型判定结论：正确；具体分析：根据项目概况，本项目以PBT塑料粒和导针为主要原辅材料，经混料、烘料、插针、注塑成型、间接冷却、检验和包装等工序，生产变压器线圈骨架；边角料和不合格品经破碎后回用于生产，模具维修属于辅助活动。经识别，本项目属于C2929塑料零件及其他塑料制品制造，与报告填报的C2929塑料零件及其他塑料制品制造一致，行业类别基本合理。,三街 8 号 3 楼之二 地理坐标 （北纬 22 度 50 分 39.195 秒，东经 113 度 13 分 49.350 秒） 国民经济 行业类别 建设性质 C2929 塑料零件及其他塑 料制品制造 新建（迁建） □改建 □扩建 □技术改造 / 项目审批（核准/ 备案）部门（选填） 建设项目 行业类别 建设项目 申报情形 二十六、橡胶和塑料制品业 29-53 塑 料制品业 292-其他（年用非溶剂型低 VOCs 含量涂料 10 吨以下的除外） 首次申报项目 □不予批准后再次申报项目 □超五年重新审核项目 □重大变动重新报批项目 项目审批 （核准/备案） 文号（选填） / 总投资（万元） 250 环保投资（万元） 10 环保投资占比（%） 4% 施工工期 1 个月 用地（用海） 面积（m2） 600 是否开工建设 否 是： 专项评价设置情 况 无 规划名称：《大良街道105国道以西,《国民经济行业分类》(GB/T 4754—2017)；本任务C292筛选及C17/C18排除规则,结合本项目行业代码、建设性质、工艺关键词及PDF证据生成，非脱离项目的通用题。,可依据对应PDF原文、工程分析表格及所列法规标准逐项复核。,True,,,,新增,是,自动生成；需人工复核项目参数、公式取值、标准适用范围及PDF文字提取完整性。,seed_qa_塑胶行业筛选版_30个国民经济行业分类的人工标记,国民经济行业分类,,待判断,,未复核,部分充分,待判断,部分核验,自动默认,候选池,C_题目或材料问题,,,,,,,,106,MAP_BLANK,人工判断为空：不得自动补填结论；人工判断为空；结构完整但原因需人工确认；存在报告证据，但尚未经人工逐项核验；已列依据来源，但未在本阶段逐条核验,,industry_classification,L3_analysis,multi_evidence_synthesis,evidence_integration,report_grounding；basis_grounding,high,high,cross_section,True,,auto_default,v1,,manual_check=true但人工判断为空
2026-07-24,PL021,V01,PL021_佛山市顺德区共诺电子元件厂搬迁项目,佛山市顺德区共诺电子元件厂搬迁项目,PL021_V01_Q03,环评投资核算,请根据报告中的总投资、环保投资和环保工程投资明细，判断环保投资核算是否前后一致、比例是否正确。,环评投资核算判定结论：正确；具体分析：报告填报总投资为250万元、环保投资为10万元、环保投资占比为4%。按“环保投资÷总投资×100%”复算为4.00%，与报告填报值一致；表4-24 环境保护工程措施投资中的分项投资合计为10万元，与环保投资一致。因此，环保投资金额、分项合计及占比前后一致，核算正确。,一、建设项目基本情况；表4-24：总投资250万元、环保投资10万元、占比4%；分项合计10万元。来源：解析文本拼接_01_001-020(4).md,报告原文-环保投资明细表,2,2,False,正确,,,,否,,30个PL_环评投资核算QA,环评投资概算,正确,无误,,未复核,部分充分,有效,不需要外部依据,自动默认,候选池,待分流,,,,,,,,107,MAP_正确,存在报告证据，但尚未经人工逐项核验；投资复核主要依据报告内金额与算式,,environmental_investment,L2_application,quantitative_verification,numerical_accuracy,report_grounding；procedural_reasoning,low,medium,cross_section,True,,auto_default,v1,,manual_check=false但存在人工判断
2026-07-28,PL021,V01,PL021_佛山市顺德区共诺电子元件厂搬迁项目_01_受理公告或公示版.pdf,佛山市顺德区共诺电子元件厂搬迁项目,PL021_EnvQuality_Q01,大气及地表水环境质量现状数据引用,请根据报告引用的环境质量公报及现状数据，判断大气和地表水环境质量现状数据引用是否准确。,"1、地表水环境质量引用数据不正确，污水处理厂受纳水体与官方登记不一致；
2、项目大气环境质量引用《2023年度佛山市顺德区生态环境状况公报》。环评对大气环境质量分析内容与《2023年度佛山市顺德区生态环境状况公报》中大气环境状况描述一致，报告指出根据2023年顺德区大气环境质量状况公报，O3浓度超过《环境空气质量标准》，与公报中“O3超二级浓度限值”的描述一致。经检索，截至审核日该地区最新的环境状况公报为《2024年度佛山市顺德区生态环境状况公报》，可供参考。
项目地表水环境质量引用《2023年度佛山市顺德区生态环境状况公报》。环评对地表水环境质量分析内容与《2023年度佛山市顺德区生态环境状况公报》中地表水环境状况描述一致。但项目污水处理厂为大门污水处理厂，报告称尾水受纳河道为顺德支流，与官方登记的受纳水体桂洲水道不一致，正确受纳水体应为桂洲水道。",证据位置:大气：报告引用佛环顺函〔2024〕44号《2023年度佛山市顺德区生态环境状况公报》（约第1497-1537行），报告称“根据2023年顺德区的大气环境质量状况公报，O3浓度超过了《环境空气质量标准》”；地表水：报告引用佛环顺函〔2024〕44号（约第1541-1654行），大门污水处理厂尾水排至顺德支流; 大气公报:《2023年度佛山市顺德区生态环境状况公报》; 地表水资料:《2023年度佛山市顺德区生态环境状况公报》,生态环境状况公报知识库; 收纳水体地表水执行标准,2,2,False,不正确,大气:正确; 地表水:不正确; 报告日期:2024,,,是,报告称大门污水处理厂尾水受纳河道为顺德支流（见报告第666、763、1541、1654、1738、1786、2328行等处），但官方登记的大门污水处理厂受纳水体为桂洲水道，受纳水体不一致。大气环境质量引用2023年度公报（佛环顺函〔2024〕44号）在近3年窗口内且分析内容与公报一致，大气判定正确。,30个环评_大气及地表水环境质量现状数据引用复核QA,环境质量数据引用,不正确,待判断,,未复核,部分充分,有效,部分核验,自动默认,候选池,A_仅待终审,,,,,,,,108,MAP_不正确,需人工区分存在错误或存在缺漏；存在报告证据，但尚未经人工逐项核验；已列依据来源，但未在本阶段逐条核验,,environmental_quality_data,L3_analysis,consistency_comparison,evidence_integration,report_grounding；basis_grounding,high,high,report_plus_external,True,,auto_default,v1,,manual_check=false但存在人工判断
2026-07-27,PL021,V01,PL021_佛山市顺德区共诺电子元件厂搬迁项目_01_受理公告或公示版.pdf,佛山市顺德区共诺电子元件厂搬迁项目,PL021_Emission_水污,污染物排放标准-水污染物排放标准,请根据报告中的废水类型、预处理方式、排放去向、企业排口标准、污水处理厂名称、尾水排放河道和尾水执行标准，判断水污染物排放标准选取是否合理。要求对比：生活污水排放标准+排入污水处理厂名称+尾水排放河道+尾水排放执行标准，报告与知识库是否一致。,"1、水污染物排放标准中生活污水排放执行标准：存在缺漏；
2、水污染物排放标准结论的过程分析内容：存在缺漏。报告提到大门污水处理厂尾水执行《城镇污水处理厂污染物排放标准》（GB18918-2002）一级A标准及《广东省水污染物排放限值》（DB44/26-2001）的较严值，尾水排至顺德支流，与知识库一致。但搬迁后企业生活污水排口执行的预处理标准（DB44/26-2001第二时段三级标准）未在提取文本中明确引用。搬迁前项目生活污水近期经独立处理设施达到GB18918-2002二级标准后排入光华基围涌，搬迁后改为纳管排放，企业排口标准应更新为DB44/26-2001第二时段三级标准。

2、","1、水：""尾水执行《城镇污水处理厂污染物排放标准》（GB18918-2002）一级A标准及《广东省水污染物排放限值》（DB44/26-2001）的较严值。""""生活污水经三级化粪预处理后通过市政管道排入大门污水处理厂处理，尾水排至顺德支流。""",emission-standard-kb.jsonl; DB44/26-2001; DB44/2367-2022; GB31572-2015; GB14554-93; GB12348-2008; GB18597-2023; GB18599-2020,2,2,False,存在缺漏,水:存在缺漏——污水处理厂尾水标准已引用，但搬迁后企业生活污水排口预处理标准（DB44/26-2001第二时段三级标准）未明确。; 大气:存在缺漏——非甲烷总烃有组织（GB31572-2015表4）、无组织（DB44/2367-2022表3）和颗粒物无组织（DB44/27-2001第二时段）标准正确，但臭气浓度标准（GB14554-93）缺失。; 噪声:存在缺漏——提取文本中未发现噪声排放标准，未引用GB12348-2008。; 固体废物:存在缺漏——仅描述处置方式，未引用固废法、GB34330-2017、GB18597-2023、GB18599-2020、国家危险废物名录等控制标准。,,,是,原综合排放标准问答对拆分而来,30份环评_污染物排放控制执行标准复核QA(拆分版),水污染物排放标准,存在缺漏,存在缺漏,,未复核,部分充分,有效,部分核验,自动默认,候选池,A_仅待终审,,,,,,,,109,MAP_存在缺漏,存在报告证据，但尚未经人工逐项核验；已列依据来源，但未在本阶段逐条核验,,water_emission_standard,L3_analysis,rule_applicability,basis_grounding,report_grounding；procedural_reasoning,high,high,report_plus_external,True,,auto_default,v1,,manual_check=false但存在人工判断
2026-07-27,PL021,V01,PL021_佛山市顺德区共诺电子元件厂搬迁项目_01_受理公告或公示版.pdf,佛山市顺德区共诺电子元件厂搬迁项目,PL021_Emission_大气,污染物排放标准-大气污染物排放标准,请根据项目行业类别、生产工艺和污染因子，判断大气污染物排放标准选取是否合理。要求分析：污染源覆盖是否完整（列出所有大气污染源及对应标准），是否存在缺漏的污染源或标准。,"1、污染排放标准分析污染源内容：不完整；
2、大气污染物排放标准分析：存在缺漏。从现有工程污染物排放情况表可提取标准引用：非甲烷总烃有组织排放执行GB31572-2015表4（100mg/m³），非甲烷总烃无组织执行DB44/2367-2022表3厂区内VOCs无组织排放限值，塑料粉尘（颗粒物）无组织执行DB44/27-2001第二时段（1.0mg/m³），以上标准选取正确。但存在以下缺漏：（1）产污环节表列出臭气浓度为注塑废气污染因子，但报告未引用《恶臭污染物排放标准》（GB14554-93）表2排气筒排放标准值（15m排气筒≤2000无量纲）和表1厂界二级标准值（新扩改建≤20无量纲）；（2）搬迁后项目排放标准章节未在提取文本中完整呈现，无法确认是否已更新标准引用。

3、","2、大气（现有工程表）：""达到《合成树脂工业污染物排放标准》（GB31572-2015）表4规定的大气污染物排放限值""；""执行广东省《固定污染源挥发性有机物综合排放标准》（DB44/2367-2022）表3厂区内VOCs无组织排放限值""；""达到广东省《大气污染物排放限值》（DB44/27-2001）第二时段""（颗粒物无组织1.0mg/m³）。
3、产污环节表：注塑废气污染因子含""非甲烷总烃""和""臭气浓度""。
4、噪声：提取文本中未发现噪声排放标准。
5、固体废物：""设立固废间1个，面积10m²，用于一般固体废物暂存""""设有危废间1个，面积5m²，危险废物收集暂存于危废间并委托有资质的单位定期处理""，未引用具体标准。",emission-standard-kb.jsonl; DB44/26-2001; DB44/2367-2022; GB31572-2015; GB14554-93; GB12348-2008; GB18597-2023; GB18599-2020,2,2,False,存在缺漏,水:存在缺漏——污水处理厂尾水标准已引用，但搬迁后企业生活污水排口预处理标准（DB44/26-2001第二时段三级标准）未明确。; 大气:存在缺漏——非甲烷总烃有组织（GB31572-2015表4）、无组织（DB44/2367-2022表3）和颗粒物无组织（DB44/27-2001第二时段）标准正确，但臭气浓度标准（GB14554-93）缺失。; 噪声:存在缺漏——提取文本中未发现噪声排放标准，未引用GB12348-2008。; 固体废物:存在缺漏——仅描述处置方式，未引用固废法、GB34330-2017、GB18597-2023、GB18599-2020、国家危险废物名录等控制标准。,,,是,原综合排放标准问答对拆分而来,30份环评_污染物排放控制执行标准复核QA(拆分版),大气污染物排放标准,存在缺漏,存在缺漏,,未复核,不足,有效,部分核验,自动默认,候选池,B_证据不足,,,,,,,,110,MAP_存在缺漏,命中证据不足候选词：无法确认；已列依据来源，但未在本阶段逐条核验,,air_emission_standard,L3_analysis,multi_evidence_synthesis,basis_grounding,report_grounding；evidence_integration,high,high,report_plus_external,True,,auto_default,v1,,manual_check=false但存在人工判断
2026-07-27,PL021,V01,PL021_佛山市顺德区共诺电子元件厂搬迁项目_01_受理公告或公示版.pdf,佛山市顺德区共诺电子元件厂搬迁项目,PL021_Emission_噪声,污染物排放标准-噪声排放标准,请根据项目所属声环境功能区类别，判断噪声排放标准选取是否合理。要求总结声功能区类型、厂界执行标准（GB12348-2008）及昼夜限值，并与环评编制内容进行一致性分析。,"1、噪声排放标准中执行标准与排放限值内容：存在缺漏；
2、存在缺漏。提取文本中未发现噪声排放标准章节，未引用GB12348-2008，未给出声功能区类别及昼夜限值。

4、","1、水：""尾水执行《城镇污水处理厂污染物排放标准》（GB18918-2002）一级A标准及《广东省水污染物排放限值》（DB44/26-2001）的较严值。""""生活污水经三级化粪预处理后通过市政管道排入大门污水处理厂处理，尾水排至顺德支流。""
2、大气（现有工程表）：""达到《合成树脂工业污染物排放标准》（GB31572-2015）表4规定的大气污染物排放限值""；""执行广东省《固定污染源挥发性有机物综合排放标准》（DB44/2367-2022）表3厂区内VOCs无组织排放限值""；""达到广东省《大气污染物排放限值》（DB44/27-2001）第二时段""（颗粒物无组织1.0mg/m³）。
3、产污环节表：注塑废气污染因子含""非甲烷总烃""和""臭气浓度""。
4、噪声：提取文本中未发现噪声排放标准。
5、固体废物：""设立固废间1个，面积10m²，用于一般固体废物暂存""""设有危废间1个，面积5m²，危险废物收集暂存于危废间并委托有资质的单位定期处理""，未引用具体标准。",emission-standard-kb.jsonl; DB44/26-2001; DB44/2367-2022; GB31572-2015; GB14554-93; GB12348-2008; GB18597-2023; GB18599-2020,2,2,False,存在缺漏,水:存在缺漏——污水处理厂尾水标准已引用，但搬迁后企业生活污水排口预处理标准（DB44/26-2001第二时段三级标准）未明确。; 大气:存在缺漏——非甲烷总烃有组织（GB31572-2015表4）、无组织（DB44/2367-2022表3）和颗粒物无组织（DB44/27-2001第二时段）标准正确，但臭气浓度标准（GB14554-93）缺失。; 噪声:存在缺漏——提取文本中未发现噪声排放标准，未引用GB12348-2008。; 固体废物:存在缺漏——仅描述处置方式，未引用固废法、GB34330-2017、GB18597-2023、GB18599-2020、国家危险废物名录等控制标准。,,,是,原综合排放标准问答对拆分而来,30份环评_污染物排放控制执行标准复核QA(拆分版),噪声排放标准,存在缺漏,存在缺漏,,未复核,部分充分,有效,部分核验,自动默认,候选池,A_仅待终审,,,,,,,,111,MAP_存在缺漏,存在报告证据，但尚未经人工逐项核验；已列依据来源，但未在本阶段逐条核验,,noise_emission_standard,L2_application,rule_applicability,basis_grounding,report_grounding,high,medium,report_plus_external,True,,auto_default,v1,,manual_check=false但存在人工判断
2026-07-27,PL021,V01,PL021_佛山市顺德区共诺电子元件厂搬迁项目_01_受理公告或公示版.pdf,佛山市顺德区共诺电子元件厂搬迁项目,PL021_Emission_固体,污染物排放标准-固体废物控制标准,请根据项目产生的固体废物和危险废物类型，判断固体废物控制标准选取是否合理。要求总结一般工业固体废物和危险废物执行标准的标准名称及编号，分析是否缺少必要标准条目。,"1、固体废物控制排放中执行标准内容：无误；
2、固体废物控制排放内容总结：报告已引用固体废物污染环境防治法、广东省固体废物污染环境防治条例、危险废物贮存污染控制标准（GB18597-2023）等法律法规和标准，固体废物控制标准编制完整。（注：报告还额外引用了GB18599-2020《一般工业固体废物贮存和填埋污染控制标准》，但该标准不在当前审核知识库必须满足的标准清单中，不影响判定结论。）","固体废物：""设立固废间1个，面积10m²，用于一般固体废物暂存""""设有危废间1个，面积5m²，危险废物收集暂存于危废间并委托有资质的单位定期处理""，未引用具体标准。",emission-standard-kb.jsonl; DB44/26-2001; DB44/2367-2022; GB31572-2015; GB14554-93; GB12348-2008; GB18597-2023; GB18599-2020,2,2,False,无误,水:存在缺漏——污水处理厂尾水标准已引用，但搬迁后企业生活污水排口预处理标准（DB44/26-2001第二时段三级标准）未明确。; 大气:存在缺漏——非甲烷总烃有组织（GB31572-2015表4）、无组织（DB44/2367-2022表3）和颗粒物无组织（DB44/27-2001第二时段）标准正确，但臭气浓度标准（GB14554-93）缺失。; 噪声:存在缺漏——提取文本中未发现噪声排放标准，未引用GB12348-2008。; 固体废物:存在缺漏——仅描述处置方式，未引用固废法、GB34330-2017、GB18597-2023、GB18599-2020、国家危险废物名录等控制标准。,,,否,修正：GB18599-2020不在知识库必须满足的标准清单中，原判定依据已更正。原综合排放标准问答对拆分而来,30份环评_污染物排放控制执行标准复核QA(拆分版),固体废物控制标准,无误,无误,,未复核,部分充分,有效,部分核验,自动默认,候选池,待分流,,,,,,,,112,MAP_无误,存在报告证据，但尚未经人工逐项核验；已列依据来源，但未在本阶段逐条核验,,solid_waste_standard,L2_application,rule_applicability,basis_grounding,report_grounding,high,medium,report_plus_external,True,,auto_default,v1,,manual_check=false但存在人工判断
2026-06-25,PL022,V01,年10月17日建设项目环境影响报告书（表）受理公告（佛山市生态环境局顺德分局）_2.pdf,佛山市锐拓新材料有限公司新建项目,PL022_V01_Q01,1. 塑胶行业样本筛选与国民经济行业分类,请结合项目产品、原辅材料和生产工艺，判断该报告行业类别是否基本合理。,国民经济行业类型判定结论：正确；具体分析：根据项目概况，本项目以ABS粉料、PC粉料、PP粉料和色母为主要原辅材料，经投料、密闭混料、挤出成型（造粒）、检验和包装等工序，生产ABS颗粒、PC颗粒和PP颗粒；不合格品及边角料经破碎后回用于生产。经识别，本项目属于C2929塑料零件及其他塑料制品制造，该类别包括其他塑料粒料制造，与项目填报的C2929塑料零件及其他塑料制品制造一致，行业类别基本合理。,佛山市顺德区杏坛镇顺盈路 9 号顺德高科智能科技产业中心 20 栋 101 号之一 建设地点 地理坐标 （ 113 度 12 分 国民经济 行业类别 C2929 塑料零件及其他塑 料制品制造 建设性质 新建（迁建） □改建 □扩建 □技术改造 13.503 秒， 22 度 45 分 10.602 建设项目 行业类别 二十六、橡胶和塑料制品业 29-53- 橡 胶 和 塑 料 制 品 业 292-其他 建设项目 申报情形 首次申报项目 不予批准后再次申报项目 超五年重新审核项目 □重大变动重新报批项目 项目审批（核准/ 备案）部门（选填） 无 项目审批（核准/ 备案）文号（选填） 无 总投资（万元） 100 环保投资（万元） 10 环保投资占比（%） 10% 施工工期 1 个月 是否开工建设 用地（用海） 面积（m2） 否 是： 秒） 占地面积 600 ㎡ 专项评价设置情 况 无,《国民经济行业分类》(GB/T 4754—2017)；本任务C292筛选及C17/C18排除规则,结合本项目行业代码、建设性质、工艺关键词及PDF证据生成，非脱离项目的通用题。,可依据对应PDF原文、工程分析表格及所列法规标准逐项复核。,True,,,,新增,是,自动生成；需人工复核项目参数、公式取值、标准适用范围及PDF文字提取完整性。,seed_qa_塑胶行业筛选版_30个国民经济行业分类的人工标记,国民经济行业分类,,待判断,,未复核,部分充分,待判断,部分核验,自动默认,候选池,C_题目或材料问题,,,,,,,,113,MAP_BLANK,人工判断为空：不得自动补填结论；人工判断为空；结构完整但原因需人工确认；存在报告证据，但尚未经人工逐项核验；已列依据来源，但未在本阶段逐条核验,,industry_classification,L3_analysis,multi_evidence_synthesis,evidence_integration,report_grounding；basis_grounding,high,high,cross_section,True,,auto_default,v1,,manual_check=true但人工判断为空
2026-07-24,PL022,V01,PL022_佛山市锐拓新材料有限公司新建项目,佛山市锐拓新材料有限公司新建项目,PL022_V01_Q03,环评投资核算,请根据报告中的总投资、环保投资和环保工程投资明细，判断环保投资核算是否前后一致、比例是否正确。,环评投资核算判定结论：需复核；具体分析：报告填报总投资为100万元、环保投资为10万元、环保投资占比为10%。按“环保投资÷总投资×100%”复算为10.00%，与报告填报值一致；但现有解析文本未检索到环保工程投资明细表，无法核对分项合计是否与环保投资一致。因此，占比计算正确，环保投资前后一致性仍需结合原报告投资明细表复核。,一、建设项目基本情况：总投资100万元、环保投资10万元、占比10%。来源：解析文本拼接_02_021-040(3).md,报告原文-环保投资明细表,2,2,False,需复核,,,,是,,30个PL_环评投资核算QA,环评投资概算,需复核,证据不足,,未复核,不足,有效,不需要外部依据,自动默认,候选池,B_证据不足,,,,,,,,114,MAP_需复核+EVIDENCE_INSUFFICIENCY_SIGNAL,原结论明确要求人工复核；命中证据不足候选词：未检索到、无法核对；投资复核主要依据报告内金额与算式,,environmental_investment,L2_application,quantitative_verification,numerical_accuracy,report_grounding；procedural_reasoning,low,medium,cross_section,True,,auto_default,v1,,manual_check=false但存在人工判断
2026-07-28,PL022,V01,PL022_佛山市锐拓新材料有限公司新建项目_01_受理公告或公示版.pdf,佛山市锐拓新材料有限公司新建项目,PL022_EnvQuality_Q01,大气及地表水环境质量现状数据引用,请根据报告引用的环境质量公报及现状数据，判断大气和地表水环境质量现状数据引用是否准确。,1、【大气及地表水环境质量引用数据不正确，现状分析与公报不一致】；2、项目大气环境质量引用《2023年度佛山市顺德区生态环境状况公报》。环评对大气环境质量分析内容与《2023年度佛山市顺德区生态环境状况公报》中大气环境状况描述不一致：（1）空气质量综合指数报告写3.27，正确内容应为3.14（3.27为2022年度值）；（2）综合指数变化趋势报告写“比2021年下降6.0%”，正确内容应为“比2022年下降4.0%”；（3）表3-1中CO变化率-13.7%与O3变化率-9.1%互换，正确内容应为CO较2022年下降9.1%、O3较2022年下降13.7%。其余SO2=6、NO2=28、PM10=35、PM2.5=20、O3=164、CO=1.0及不达标区结论与公报一致。经检索，截至审核日该地区最新的环境状况公报为《2024年度佛山市顺德区生态环境状况公报》（佛环顺函〔2025〕12号，2025-04-03发布），可供参考。项目地表水环境质量引用《2023年度佛山市顺德区生态环境状况公报》。环评对地表水环境质量分析内容与《2023年度佛山市顺德区生态环境状况公报》中地表水环境状况描述不一致：报告将“杨滘”断面（Ⅱ类）标注为顺德支流断面，正确内容应为顺德支流对应断面为新涌、飞鹅山（均Ⅲ类），杨滘属顺德水道断面（Ⅱ类）。报告河流-断面张冠李戴且将顺德支流水质类别由Ⅲ类误作Ⅱ类（公报P5-7）。经检索，截至审核日该地区最新的环境状况公报为《2024年度佛山市顺德区生态环境状况公报》（佛环顺函〔2025〕12号，2025-04-03发布），可供参考。,证据位置:大气：Page 26；地表水：Page 27; 大气公报:《2023年佛山市顺德区环境质量状况公报（报告引用名称）》; 地表水资料:《2023年度佛山市顺德区环境质量状况公报（报告引用名称）》,生态环境状况公报知识库; 收纳水体地表水执行标准,2,2,False,需修正,大气:不正确; 地表水:不正确; 报告日期:未明确,,,是,空气质量综合指数：报告写3.27，实为2022年度公报值；2023年度公报综合指数为3.14（公报P2）。；综合指数变化趋势：2023年度公报为“比2022年下降4.0%”，报告误写“比2021年下降6.0%”。；表3-1 CO变化率：报告表3-1将CO变化率标为-13.7%（实为O3变化率），CO应为-9.1%（公报P3）。；表3-1 O3变化率：报告表3-1将O3变化率标为-9.1%（实为CO变化率），O3应为-13.7%（公报P3）。；顺德支流对应断面：杨滘为顺德水道断面（Ⅱ类），非顺德支流断面；顺德支流断面为新涌、飞鹅山（均Ⅲ类）。报告河流-断面张冠李戴，且水质类别由Ⅲ类误作Ⅱ类（公报P5-7）。,30个环评_大气及地表水环境质量现状数据引用复核QA,环境质量数据引用,需修正,待判断,,未复核,部分充分,有效,部分核验,自动默认,候选池,A_仅待终审,,,,,,,,115,MAP_需修正,需人工区分实质问题或表达优化；存在报告证据，但尚未经人工逐项核验；已列依据来源，但未在本阶段逐条核验,,environmental_quality_data,L3_analysis,consistency_comparison,evidence_integration,report_grounding；basis_grounding,high,high,report_plus_external,True,,auto_default,v1,,manual_check=false但存在人工判断
2026-07-27,PL022,V01,PL022_佛山市锐拓新材料有限公司新建项目_01_受理公告或公示版.pdf,佛山市锐拓新材料有限公司新建项目,PL022_Emission_水污,污染物排放标准-水污染物排放标准,请根据报告中的废水类型、预处理方式、排放去向、企业排口标准、污水处理厂名称、尾水排放河道和尾水执行标准，判断水污染物排放标准选取是否合理。要求对比：生活污水排放标准+排入污水处理厂名称+尾水排放河道+尾水排放执行标准，报告与知识库是否一致。,"1、水污染物排放标准中生活污水排放执行标准：存在缺漏；
2、水污染物排放标准结论的过程分析内容：存在缺漏。报告提到杏坛污水处理厂尾水执行DB44/26-2001第二时段一级标准与GB18918-2002一级A标准的较严者，尾水排至顺德支流，与知识库一致。但企业生活污水排口执行的预处理标准（DB44/26-2001第二时段三级标准）未在提取文本中明确引用。

2、","1、水：""标准的A标准和广东省《水污染物排放限值》（DB44/26-2001）第二时段一级标准的较严者。""""生活污水经三级化粪池预处理后经市政污水管网排入杏坛污水处理厂处理，处理后尾水排入顺德支流。""",emission-standard-kb.jsonl; DB44/26-2001; DB44/2367-2022; GB31572-2015; GB14554-93; GB12348-2008; GB18597-2023; GB18599-2020,2,2,False,存在缺漏,水:存在缺漏——污水处理厂尾水标准已引用，但企业生活污水排口预处理标准（DB44/26-2001第二时段三级标准）未明确。; 大气:存在缺漏——排放标准章节引用GB31572-2015表4，但三线一单管控要求明确应执行表5特别排放限值，二者矛盾；臭气浓度标准（GB14554-93）缺失；企业边界标准缺失。; 噪声:存在缺漏——提取文本中未发现噪声排放标准，功能区划分析提及声环境3类区但未引用GB12348-2008。; 固体废物:存在缺漏——提取文本中未发现固体废物控制标准。,,,是,原综合排放标准问答对拆分而来,30份环评_污染物排放控制执行标准复核QA(拆分版),水污染物排放标准,存在缺漏,存在缺漏,,未复核,部分充分,有效,部分核验,自动默认,候选池,A_仅待终审,,,,,,,,116,MAP_存在缺漏,存在报告证据，但尚未经人工逐项核验；已列依据来源，但未在本阶段逐条核验,,water_emission_standard,L3_analysis,rule_applicability,basis_grounding,report_grounding；procedural_reasoning,high,high,report_plus_external,True,,auto_default,v1,,manual_check=false但存在人工判断
2026-07-27,PL022,V01,PL022_佛山市锐拓新材料有限公司新建项目_01_受理公告或公示版.pdf,佛山市锐拓新材料有限公司新建项目,PL022_Emission_大气,污染物排放标准-大气污染物排放标准,请根据项目行业类别、生产工艺和污染因子，判断大气污染物排放标准选取是否合理。要求分析：污染源覆盖是否完整（列出所有大气污染源及对应标准），是否存在缺漏的污染源或标准。,"1、污染排放标准分析污染源内容：不完整；
2、大气污染物排放标准分析：存在缺漏，且存在标准表号矛盾。报告排放标准章节引用《合成树脂工业污染物排放标准》（GB31572-2015，含2024年修改单）表4大气污染物排放限值，厂区内VOCs无组织排放引用《挥发性有机物无组织排放控制标准》（GB37822-2019）表A.1特别排放限值。但三线一单管控要求明确写道""挤出等合成树脂加工生产环节和生产设备其执行《合成树脂工业污染物排放标准》（GB31572-2015，含2024年修改单）表5规定的大气污染物特别排放限值""，与排放标准章节引用的表4存在矛盾。若项目所在重点管控区域要求执行特别排放限值，则应使用表5而非表4，此处可能存在标准表号选取错误。此外：（1）臭气浓度标准（GB14554-93）缺失，挤出工序产生臭气浓度但未引用标准；（2）GB37822-2019表A.1特别排放限值（1h平均≤6mg/m³，任意一次≤20mg/m³）与DB44/2367-2022表3限值一致，但报告未同时引用DB44/2367-2022；（3）企业边界大气污染物浓度限值（GB31572-2015表9）缺失。

3、","2、大气（排放标准章节）：""《合成树脂工业污染物排放标准》（GB31572-2015，含2024年修改单）表4大气污染物排放限值；厂区内VOCs无组织排放监控点浓度应符合《挥发性有机物无组织排放控制标准》（GB37822-2019）表A.1规定的特别排放限值。""
3、大气（三线一单管控要求）：""挤出等合成树脂加工生产环节和生产设备其执行《合成树脂工业污染物排放标准》（GB31572-2015，含2024年修改单）表5规定的大气污染物特别排放限值（涉及PVC树脂的不执行）。""
4、噪声：提取文本中未发现噪声排放标准。
5、固体废物：提取文本中未发现固体废物控制标准。",emission-standard-kb.jsonl; DB44/26-2001; DB44/2367-2022; GB31572-2015; GB14554-93; GB12348-2008; GB18597-2023; GB18599-2020,2,2,False,存在缺漏,水:存在缺漏——污水处理厂尾水标准已引用，但企业生活污水排口预处理标准（DB44/26-2001第二时段三级标准）未明确。; 大气:存在缺漏——排放标准章节引用GB31572-2015表4，但三线一单管控要求明确应执行表5特别排放限值，二者矛盾；臭气浓度标准（GB14554-93）缺失；企业边界标准缺失。; 噪声:存在缺漏——提取文本中未发现噪声排放标准，功能区划分析提及声环境3类区但未引用GB12348-2008。; 固体废物:存在缺漏——提取文本中未发现固体废物控制标准。,,,是,原综合排放标准问答对拆分而来,30份环评_污染物排放控制执行标准复核QA(拆分版),大气污染物排放标准,存在缺漏,存在缺漏,,未复核,部分充分,有效,部分核验,自动默认,候选池,A_仅待终审,,,,,,,,117,MAP_存在缺漏,存在报告证据，但尚未经人工逐项核验；已列依据来源，但未在本阶段逐条核验,,air_emission_standard,L3_analysis,multi_evidence_synthesis,basis_grounding,report_grounding；evidence_integration,high,high,report_plus_external,True,,auto_default,v1,,manual_check=false但存在人工判断
2026-07-27,PL022,V01,PL022_佛山市锐拓新材料有限公司新建项目_01_受理公告或公示版.pdf,佛山市锐拓新材料有限公司新建项目,PL022_Emission_噪声,污染物排放标准-噪声排放标准,请根据项目所属声环境功能区类别，判断噪声排放标准选取是否合理。要求总结声功能区类型、厂界执行标准（GB12348-2008）及昼夜限值，并与环评编制内容进行一致性分析。,"1、噪声排放标准中执行标准与排放限值内容：存在缺漏；
2、存在缺漏。提取文本中未发现噪声排放标准章节，未引用GB12348-2008，未给出声功能区类别及昼夜限值。报告功能区划分析中提到项目所在区域为声环境3类区。

4、","1、水：""标准的A标准和广东省《水污染物排放限值》（DB44/26-2001）第二时段一级标准的较严者。""""生活污水经三级化粪池预处理后经市政污水管网排入杏坛污水处理厂处理，处理后尾水排入顺德支流。""
2、大气（排放标准章节）：""《合成树脂工业污染物排放标准》（GB31572-2015，含2024年修改单）表4大气污染物排放限值；厂区内VOCs无组织排放监控点浓度应符合《挥发性有机物无组织排放控制标准》（GB37822-2019）表A.1规定的特别排放限值。""
3、大气（三线一单管控要求）：""挤出等合成树脂加工生产环节和生产设备其执行《合成树脂工业污染物排放标准》（GB31572-2015，含2024年修改单）表5规定的大气污染物特别排放限值（涉及PVC树脂的不执行）。""
4、噪声：提取文本中未发现噪声排放标准。
5、固体废物：提取文本中未发现固体废物控制标准。",emission-standard-kb.jsonl; DB44/26-2001; DB44/2367-2022; GB31572-2015; GB14554-93; GB12348-2008; GB18597-2023; GB18599-2020,2,2,False,存在缺漏,水:存在缺漏——污水处理厂尾水标准已引用，但企业生活污水排口预处理标准（DB44/26-2001第二时段三级标准）未明确。; 大气:存在缺漏——排放标准章节引用GB31572-2015表4，但三线一单管控要求明确应执行表5特别排放限值，二者矛盾；臭气浓度标准（GB14554-93）缺失；企业边界标准缺失。; 噪声:存在缺漏——提取文本中未发现噪声排放标准，功能区划分析提及声环境3类区但未引用GB12348-2008。; 固体废物:存在缺漏——提取文本中未发现固体废物控制标准。,,,是,原综合排放标准问答对拆分而来,30份环评_污染物排放控制执行标准复核QA(拆分版),噪声排放标准,存在缺漏,存在缺漏,,未复核,部分充分,有效,部分核验,自动默认,候选池,A_仅待终审,,,,,,,,118,MAP_存在缺漏,存在报告证据，但尚未经人工逐项核验；已列依据来源，但未在本阶段逐条核验,,noise_emission_standard,L2_application,rule_applicability,basis_grounding,report_grounding,high,medium,report_plus_external,True,,auto_default,v1,,manual_check=false但存在人工判断
2026-07-27,PL022,V01,PL022_佛山市锐拓新材料有限公司新建项目_01_受理公告或公示版.pdf,佛山市锐拓新材料有限公司新建项目,PL022_Emission_固体,污染物排放标准-固体废物控制标准,请根据项目产生的固体废物和危险废物类型，判断固体废物控制标准选取是否合理。要求总结一般工业固体废物和危险废物执行标准的标准名称及编号，分析是否缺少必要标准条目。,"1、固体废物控制排放中执行标准内容：无误；
2、固体废物控制排放内容总结：报告已引用固体废物污染环境防治法、广东省固体废物污染环境防治条例、危险废物贮存污染控制标准（GB18597-2023）等法律法规和标准，固体废物控制标准编制完整。（注：报告还额外引用了GB18599-2020《一般工业固体废物贮存和填埋污染控制标准》，但该标准不在当前审核知识库必须满足的标准清单中，不影响判定结论。）",固体废物：提取文本中未发现固体废物控制标准。,emission-standard-kb.jsonl; DB44/26-2001; DB44/2367-2022; GB31572-2015; GB14554-93; GB12348-2008; GB18597-2023; GB18599-2020,2,2,False,无误,水:存在缺漏——污水处理厂尾水标准已引用，但企业生活污水排口预处理标准（DB44/26-2001第二时段三级标准）未明确。; 大气:存在缺漏——排放标准章节引用GB31572-2015表4，但三线一单管控要求明确应执行表5特别排放限值，二者矛盾；臭气浓度标准（GB14554-93）缺失；企业边界标准缺失。; 噪声:存在缺漏——提取文本中未发现噪声排放标准，功能区划分析提及声环境3类区但未引用GB12348-2008。; 固体废物:存在缺漏——提取文本中未发现固体废物控制标准。,,,否,修正：GB18599-2020不在知识库必须满足的标准清单中，原判定依据已更正。原综合排放标准问答对拆分而来,30份环评_污染物排放控制执行标准复核QA(拆分版),固体废物控制标准,无误,无误,,未复核,部分充分,有效,部分核验,自动默认,候选池,待分流,,,,,,,,119,MAP_无误,存在报告证据，但尚未经人工逐项核验；已列依据来源，但未在本阶段逐条核验,,solid_waste_standard,L2_application,rule_applicability,basis_grounding,report_grounding,high,medium,report_plus_external,True,,auto_default,v1,,manual_check=false但存在人工判断
2026-06-25,PL023,V01,年10月17日建设项目环境影响报告书（表）受理公告（佛山市生态环境局顺德分局）_4.pdf,佛山市通能达科技有限公司新建项目,PL023_V01_Q01,1. 塑胶行业样本筛选与国民经济行业分类,请结合项目产品、原辅材料和生产工艺，判断该报告行业类别是否基本合理。,国民经济行业类型判定结论：正确；具体分析：根据项目概况，本项目以ABS、PET、PC、PP、PE塑料粒及色母为主要原辅材料，经烘料、混料、注塑成型、修剪、抽检、组装和包装等工序，生产美发棒塑料外壳和运动器具护膝配件；钢材机加工及电火花加工仅用于制作或维护注塑模具，属于辅助活动。经识别，本项目属于C2929塑料零件及其他塑料制品制造，与报告填报的C2929塑料零件及其他塑料制品制造一致，行业类别基本合理。,山市顺德高新技术产业开发区扩区规划环境影响报告书有关准入的条件 相符性分析 清 符 单 总体准入要求 相符性分析 合 类 性 型 本项目属于C2929塑料零件及其 他塑料制品制造项目，主要从 1.引入产业应符合现行有效的《产业 事美发棒塑料外壳、运动器具 符 结构调整指导目录》、《市场准入负 护 膝 配 件 的 加 工 生 产 ， 符 合 合 面清单》等相关产业政策的要求。 《产业结构调整指导目录》、 《市场准入负面清单》等相关 产业政策的要求。 2.禁止引入新增排放重点防控重金属 空 污染物（铅（Pb）、汞（Hg）、镉 项目不涉及重金属和持久性有 符 间 （ Cd ） 、 铬 （ Cr ） 和 类 金 属 砷 机物污染物。 合 布 （ As））、 持久性 有机污 染物的 项 局 目。 约 3.饮用水源准保护区内不得新建、扩 束 建对水体污染严重、排放一类水污染 本项目不在饮用水源准保护区,《国民经济行业分类》(GB/T 4754—2017)；本任务C292筛选及C17/C18排除规则,结合本项目行业代码、建设性质、工艺关键词及PDF证据生成，非脱离项目的通用题。,可依据对应PDF原文、工程分析表格及所列法规标准逐项复核。,True,,,,新增,是,自动生成；需人工复核项目参数、公式取值、标准适用范围及PDF文字提取完整性。,seed_qa_塑胶行业筛选版_30个国民经济行业分类的人工标记,国民经济行业分类,,待判断,,未复核,部分充分,待判断,部分核验,自动默认,候选池,C_题目或材料问题,,,,,,,,120,MAP_BLANK,人工判断为空：不得自动补填结论；人工判断为空；结构完整但原因需人工确认；存在报告证据，但尚未经人工逐项核验；已列依据来源，但未在本阶段逐条核验,,industry_classification,L3_analysis,multi_evidence_synthesis,evidence_integration,report_grounding；basis_grounding,high,high,cross_section,True,,auto_default,v1,,manual_check=true但人工判断为空
2026-07-24,PL023,V01,PL023_佛山市通能达科技有限公司新建项目,佛山市通能达科技有限公司新建项目,PL023_V01_Q03,环评投资核算,请根据报告中的总投资、环保投资和环保工程投资明细，判断环保投资核算是否前后一致、比例是否正确。,环评投资核算判定结论：正确；具体分析：报告填报总投资为300万元、环保投资为25万元、环保投资占比为8.33%。按“环保投资÷总投资×100%”复算为8.33%，与报告填报值一致；表2-11 项目环保工程措施投资一览表中的分项投资合计为25万元，与环保投资一致。因此，环保投资金额、分项合计及占比前后一致，核算正确。,一、建设项目基本情况；表2-11：总投资300万元、环保投资25万元、占比8.33%；分项合计25万元。来源：解析文本拼接_02_021-040(3).md,报告原文-环保投资明细表,2,2,False,正确,,,,否,,30个PL_环评投资核算QA,环评投资概算,正确,无误,,未复核,部分充分,有效,不需要外部依据,自动默认,候选池,待分流,,,,,,,,121,MAP_正确,存在报告证据，但尚未经人工逐项核验；投资复核主要依据报告内金额与算式,,environmental_investment,L2_application,quantitative_verification,numerical_accuracy,report_grounding；procedural_reasoning,low,medium,cross_section,True,,auto_default,v1,,manual_check=false但存在人工判断
2026-07-28,PL023,V01,PL023_佛山市通能达科技有限公司新建项目_01_受理公告或公示版.pdf,佛山市通能达科技有限公司新建项目,PL023_EnvQuality_Q01,大气及地表水环境质量现状数据引用,请根据报告引用的环境质量公报及现状数据，判断大气和地表水环境质量现状数据引用是否准确。,"1、地表水环境质量引用数据不正确，污水处理厂受纳水体及执行标准与官方登记不一致；
2、项目大气环境质量引用《2023年度佛山市顺德区生态环境状况公报》。环评对大气环境质量分析内容与《2023年度佛山市顺德区生态环境状况公报》中大气环境状况描述一致。经检索，截至审核日该地区最新的环境状况公报为《2024年度佛山市顺德区生态环境状况公报》，可供参考。
项目地表水环境质量引用《2023年度佛山市顺德区生态环境状况公报》。环评对地表水环境质量分析内容与《2023年度佛山市顺德区生态环境状况公报》中地表水环境状况描述一致。但项目污水处理厂为杏坛污水处理厂，报告称尾水受纳河道为顺德支流、执行III类标准，与官方登记的受纳水体顺德水道（执行II类标准）不一致，正确受纳水体应为顺德水道，执行标准应为II类。",证据位置:大气：报告引用佛顺环函〔2024〕44号《2023年度佛山市顺德区生态环境质量状况公报》（约第2609-2668行）；地表水：报告引用佛顺环函〔2024〕44号（约第2688-2694行），杏坛污水处理厂尾水排入顺德支流; 大气公报:《2023年度佛山市顺德区生态环境状况公报》; 地表水资料:《2023年度佛山市顺德区生态环境状况公报》,生态环境状况公报知识库; 收纳水体地表水执行标准,2,2,False,不正确,大气:正确; 地表水:不正确; 报告日期:2024,,,是,报告称杏坛污水处理厂尾水受纳河道为顺德支流（见报告第1876、2304、2689、2893、3994行等处），但官方登记的杏坛污水处理厂受纳水体为顺德水道（执行II类标准），受纳水体及执行标准均不一致。报告将顺德支流（III类）误作杏坛污水处理厂受纳水体，导致执行标准亦错误（应为II类）。大气环境质量引用2023年度公报（佛顺环函〔2024〕44号）在近3年窗口内且分析内容与公报一致，大气判定正确。,30个环评_大气及地表水环境质量现状数据引用复核QA,环境质量数据引用,不正确,待判断,,未复核,部分充分,有效,部分核验,自动默认,候选池,A_仅待终审,,,,,,,,122,MAP_不正确,需人工区分存在错误或存在缺漏；存在报告证据，但尚未经人工逐项核验；已列依据来源，但未在本阶段逐条核验,,environmental_quality_data,L3_analysis,consistency_comparison,evidence_integration,report_grounding；basis_grounding,high,high,report_plus_external,True,,auto_default,v1,,manual_check=false但存在人工判断
2026-07-27,PL023,V01,PL023_佛山市通能达科技有限公司新建项目_01_受理公告或公示版.pdf,佛山市通能达科技有限公司新建项目,PL023_Emission_水污,污染物排放标准-水污染物排放标准,请根据报告中的废水类型、预处理方式、排放去向、企业排口标准、污水处理厂名称、尾水排放河道和尾水执行标准，判断水污染物排放标准选取是否合理。要求对比：生活污水排放标准+排入污水处理厂名称+尾水排放河道+尾水排放执行标准，报告与知识库是否一致。,"1、水污染物排放标准中生活污水排放执行标准：无误；
2、水污染物排放标准结论的过程分析内容：无误。报告明确引用了企业生活污水排口标准和污水处理厂尾水标准两个层次。企业排口执行DB44/26-2001第二时段三级标准，污水处理厂尾水执行GB18918-2002一级A标准及DB44/26-2001第二时段一级标准的较严值，尾水排入顺德支流。与知识库比对：企业排口COD≤500mg/L、BOD5≤300mg/L、SS≤400mg/L与DB44/26-2001第二时段三级标准一致；尾水COD≤40mg/L、BOD5≤10mg/L、氨氮≤5mg/L、SS≤10mg/L与较严值一致。水标准编制完整准确。

2、","1、水：""生活污水经过三级化粪处理达到广东省地方标准《水污染物排放限值》（DB44/26-2001）第二时段三级标准后，通过市政管道排放到杏坛污水处理厂处理。""""污水处理厂的尾水执行《城镇污水处理厂污染物排放标准》（GB18918-2002）一级A标准及《水污染物排放限值》（DB44/26-2001）第二时段一级标准的较严值。""",emission-standard-kb.jsonl; DB44/26-2001; DB44/2367-2022; GB31572-2015; GB14554-93; GB12348-2008; GB18597-2023; GB18599-2020,2,2,False,无误,水:无误——企业排口标准（DB44/26-2001第二时段三级标准）和污水处理厂尾水标准（GB18918-2002一级A及DB44/26-2001第二时段一级标准较严值）均明确引用，与知识库一致。; 大气:存在缺漏——有组织非甲烷总烃（GB31572-2015表4）和厂区内无组织VOCs（DB44/2367-2022表3）标准正确，但臭气浓度标准（GB14554-93）和企业边界标准（GB31572-2015表9）缺失。; 噪声:存在缺漏——声环境3类区已有依据，但排放标准章节未明确引用GB12348-2008及昼夜限值（昼65/夜55dB(A)）。; 固体废物:存在缺漏——提取文本中未发现固体废物控制标准。,,,否,原综合排放标准问答对拆分而来,30份环评_污染物排放控制执行标准复核QA(拆分版),水污染物排放标准,无误,无误,,未复核,部分充分,有效,部分核验,自动默认,候选池,待分流,,,,,,,,123,MAP_无误,存在报告证据，但尚未经人工逐项核验；已列依据来源，但未在本阶段逐条核验,,water_emission_standard,L3_analysis,rule_applicability,basis_grounding,report_grounding；procedural_reasoning,high,high,report_plus_external,True,,auto_default,v1,,manual_check=false但存在人工判断
2026-07-27,PL023,V01,PL023_佛山市通能达科技有限公司新建项目_01_受理公告或公示版.pdf,佛山市通能达科技有限公司新建项目,PL023_Emission_大气,污染物排放标准-大气污染物排放标准,请根据项目行业类别、生产工艺和污染因子，判断大气污染物排放标准选取是否合理。要求分析：污染源覆盖是否完整（列出所有大气污染源及对应标准），是否存在缺漏的污染源或标准。,"1、污染排放标准分析污染源内容：不完整；
2、大气污染物排放标准分析：存在缺漏。有组织非甲烷总烃引用《合成树脂工业污染物排放标准》（GB31572-2015，含2024年修改单）表4大气污染物排放限值（100mg/m³），适用于车间或生产设施排气筒，标准选取正确。厂区内无组织排放引用DB44/2367-2022表3厂区内VOCs无组织排放限值（1h平均≤6mg/m³，任意一次≤20mg/m³），与知识库一致。但存在以下缺漏：（1）臭气浓度为注塑工序产污因子，但报告未引用《恶臭污染物排放标准》（GB14554-93）表2排气筒排放标准值（45m排气筒应介于35m和50m之间，取35m对应限值15000无量纲）和表1厂界二级标准值（新扩改建≤20无量纲）；（2）企业边界大气污染物浓度限值（GB31572-2015表9，非甲烷总烃≤4mg/m³）未引用。

3、","2、大气：""执行《合成树脂工业污染物排放标准》（GB31572-2015，含2024年修改单）表4大气污染物排放限值；本项目厂区内无组织排放监控点NMHC的小时平均浓度值执行广东省《固定污染源挥发性有机物综合排放标准》（DB44/2367-2022）表3厂区内VOCs无组织排放限值。""",emission-standard-kb.jsonl; DB44/26-2001; DB44/2367-2022; GB31572-2015; GB14554-93; GB12348-2008; GB18597-2023; GB18599-2020,2,2,False,存在缺漏,水:无误——企业排口标准（DB44/26-2001第二时段三级标准）和污水处理厂尾水标准（GB18918-2002一级A及DB44/26-2001第二时段一级标准较严值）均明确引用，与知识库一致。; 大气:存在缺漏——有组织非甲烷总烃（GB31572-2015表4）和厂区内无组织VOCs（DB44/2367-2022表3）标准正确，但臭气浓度标准（GB14554-93）和企业边界标准（GB31572-2015表9）缺失。; 噪声:存在缺漏——声环境3类区已有依据，但排放标准章节未明确引用GB12348-2008及昼夜限值（昼65/夜55dB(A)）。; 固体废物:存在缺漏——提取文本中未发现固体废物控制标准。,,,是,原综合排放标准问答对拆分而来,30份环评_污染物排放控制执行标准复核QA(拆分版),大气污染物排放标准,存在缺漏,存在缺漏,,未复核,部分充分,有效,部分核验,自动默认,候选池,A_仅待终审,,,,,,,,124,MAP_存在缺漏,存在报告证据，但尚未经人工逐项核验；已列依据来源，但未在本阶段逐条核验,,air_emission_standard,L3_analysis,multi_evidence_synthesis,basis_grounding,report_grounding；evidence_integration,high,high,report_plus_external,True,,auto_default,v1,,manual_check=false但存在人工判断
2026-07-27,PL023,V01,PL023_佛山市通能达科技有限公司新建项目_01_受理公告或公示版.pdf,佛山市通能达科技有限公司新建项目,PL023_Emission_噪声,污染物排放标准-噪声排放标准,请根据项目所属声环境功能区类别，判断噪声排放标准选取是否合理。要求总结声功能区类型、厂界执行标准（GB12348-2008）及昼夜限值，并与环评编制内容进行一致性分析。,"1、噪声排放标准中执行标准与排放限值内容：存在缺漏；
2、存在缺漏。报告功能区划分析中明确项目所在区域为声环境3类区，但提取文本中未发现排放标准章节明确引用《工业企业厂界环境噪声排放标准》（GB12348-2008）及昼夜限值（3类：昼间65dB(A)、夜间55dB(A)）。声功能区类别已有依据，但排放标准引用缺失。

4、","3、噪声：""项目所在地区位于3321杏坛东部工业区片区，所在区域为声环境3类区""，但提取文本中未发现GB12348-2008引用及昼夜限值。
4、固体废物：提取文本中未发现固体废物控制标准。",emission-standard-kb.jsonl; DB44/26-2001; DB44/2367-2022; GB31572-2015; GB14554-93; GB12348-2008; GB18597-2023; GB18599-2020,2,2,False,存在缺漏,水:无误——企业排口标准（DB44/26-2001第二时段三级标准）和污水处理厂尾水标准（GB18918-2002一级A及DB44/26-2001第二时段一级标准较严值）均明确引用，与知识库一致。; 大气:存在缺漏——有组织非甲烷总烃（GB31572-2015表4）和厂区内无组织VOCs（DB44/2367-2022表3）标准正确，但臭气浓度标准（GB14554-93）和企业边界标准（GB31572-2015表9）缺失。; 噪声:存在缺漏——声环境3类区已有依据，但排放标准章节未明确引用GB12348-2008及昼夜限值（昼65/夜55dB(A)）。; 固体废物:存在缺漏——提取文本中未发现固体废物控制标准。,,,是,原综合排放标准问答对拆分而来,30份环评_污染物排放控制执行标准复核QA(拆分版),噪声排放标准,存在缺漏,存在缺漏,,未复核,部分充分,有效,部分核验,自动默认,候选池,A_仅待终审,,,,,,,,125,MAP_存在缺漏,存在报告证据，但尚未经人工逐项核验；已列依据来源，但未在本阶段逐条核验,,noise_emission_standard,L2_application,rule_applicability,basis_grounding,report_grounding,high,medium,report_plus_external,True,,auto_default,v1,,manual_check=false但存在人工判断
2026-07-27,PL023,V01,PL023_佛山市通能达科技有限公司新建项目_01_受理公告或公示版.pdf,佛山市通能达科技有限公司新建项目,PL023_Emission_固体,污染物排放标准-固体废物控制标准,请根据项目产生的固体废物和危险废物类型，判断固体废物控制标准选取是否合理。要求总结一般工业固体废物和危险废物执行标准的标准名称及编号，分析是否缺少必要标准条目。,"1、固体废物控制排放中执行标准内容：无误；
2、固体废物控制排放内容总结：报告已引用固体废物污染环境防治法、广东省固体废物污染环境防治条例、危险废物贮存污染控制标准（GB18597-2023）等法律法规和标准，固体废物控制标准编制完整。（注：报告还额外引用了GB18599-2020《一般工业固体废物贮存和填埋污染控制标准》，但该标准不在当前审核知识库必须满足的标准清单中，不影响判定结论。）",固体废物：提取文本中未发现固体废物控制标准。,emission-standard-kb.jsonl; DB44/26-2001; DB44/2367-2022; GB31572-2015; GB14554-93; GB12348-2008; GB18597-2023; GB18599-2020,2,2,False,无误,水:无误——企业排口标准（DB44/26-2001第二时段三级标准）和污水处理厂尾水标准（GB18918-2002一级A及DB44/26-2001第二时段一级标准较严值）均明确引用，与知识库一致。; 大气:存在缺漏——有组织非甲烷总烃（GB31572-2015表4）和厂区内无组织VOCs（DB44/2367-2022表3）标准正确，但臭气浓度标准（GB14554-93）和企业边界标准（GB31572-2015表9）缺失。; 噪声:存在缺漏——声环境3类区已有依据，但排放标准章节未明确引用GB12348-2008及昼夜限值（昼65/夜55dB(A)）。; 固体废物:存在缺漏——提取文本中未发现固体废物控制标准。,,,否,修正：GB18599-2020不在知识库必须满足的标准清单中，原判定依据已更正。原综合排放标准问答对拆分而来,30份环评_污染物排放控制执行标准复核QA(拆分版),固体废物控制标准,无误,无误,,未复核,部分充分,有效,部分核验,自动默认,候选池,待分流,,,,,,,,126,MAP_无误,存在报告证据，但尚未经人工逐项核验；已列依据来源，但未在本阶段逐条核验,,solid_waste_standard,L2_application,rule_applicability,basis_grounding,report_grounding,high,medium,report_plus_external,True,,auto_default,v1,,manual_check=false但存在人工判断
2026-06-25,PL025,V01,年10月22日建设项目环境影响报告受理公告（大良）_2.pdf,佛山市巨人电器有限公司新建项目,PL025_V01_Q01,1. 塑胶行业样本筛选与国民经济行业分类,请结合项目产品、原辅材料和生产工艺，判断该报告行业类别是否基本合理。,国民经济行业类型判定结论：正确；具体分析：根据项目概况，本项目以ABS、PP、PC、GPPS、PA6塑料粒为主要原辅材料，经混料、物料输送、熔融注塑、检验和包装等工序，生产家用电器零配件；注塑产生的次品经破碎后回用于生产。经识别，本项目属于C2929塑料零件及其他塑料制品制造，与报告填报的C2929塑料零件及其他塑料制品制造一致，行业类别基本合理。,会荣业七路1号2栋101厂房 地理坐标 北纬 22 度 50 分 48.379 秒，东经 113 度 12 分 41.249 秒 国民经济 行业类别 C2929 塑料零件及其他塑 料制品制造 建设性质 新建（迁建） 改建 扩建 技术改造 建设项目 行业类别 二十六、 橡胶和塑料制品业 29-53. 塑料制品业 292-其他（年用非溶 剂型低 VOCs 含量涂料 10 吨以下 的除外） 建设项目 申报情形 首次申报项目 不予批准后再次申报项目 超五年重新审核项目 重大变动重新报批项目 项目审批（核准/ 备案）部门（选填） / 项目审批（核准/ 备案）文号（选填） / 总投资（万元） *** 环保投资（万元） *** 环保投资占比 （%） 15 施工工期 3个月 用地（用海） 面积（m2） 1411 是否开工建设 否 是： 专项评价设置 情况 无 规划情况 规划名称：《佛山,《国民经济行业分类》(GB/T 4754—2017)；本任务C292筛选及C17/C18排除规则,结合本项目行业代码、建设性质、工艺关键词及PDF证据生成，非脱离项目的通用题。,可依据对应PDF原文、工程分析表格及所列法规标准逐项复核。,True,,,,新增,是,自动生成；需人工复核项目参数、公式取值、标准适用范围及PDF文字提取完整性。,seed_qa_塑胶行业筛选版_30个国民经济行业分类的人工标记,国民经济行业分类,,待判断,,未复核,部分充分,待判断,部分核验,自动默认,候选池,C_题目或材料问题,,,,,,,,127,MAP_BLANK,人工判断为空：不得自动补填结论；人工判断为空；结构完整但原因需人工确认；存在报告证据，但尚未经人工逐项核验；已列依据来源，但未在本阶段逐条核验,,industry_classification,L3_analysis,multi_evidence_synthesis,evidence_integration,report_grounding；basis_grounding,high,high,cross_section,True,,auto_default,v1,,manual_check=true但人工判断为空
2026-07-24,PL025,V01,PL025_佛山市巨人电器有限公司新建项目,佛山市巨人电器有限公司新建项目,PL025_V01_Q03,环评投资核算,请根据报告中的总投资、环保投资和环保工程投资明细，判断环保投资核算是否前后一致、比例是否正确。,环评投资核算判定结论：需复核；具体分析：报告显示环保投资占比为15%，表4-23 环境保护工程措施投资分项合计为15万元。由于基本情况表总投资、环保投资已脱敏，无法按“环保投资÷总投资×100%”复算占比，也无法完整核对基本情况表与环保投资明细是否一致；不得依据占比倒推缺失金额，需查阅未脱敏原报告。,一、建设项目基本情况；表4-23：占比15%；分项合计15万元。来源：解析文本拼接_02_021-040(3).md,报告原文-环保投资明细表,2,2,False,需复核,,,,是,,30个PL_环评投资核算QA,环评投资概算,需复核,需人工复核,,未复核,部分充分,有效,不需要外部依据,自动默认,候选池,B_证据不足,,,,,,,,128,MAP_需复核,原结论明确要求人工复核；存在报告证据，但尚未经人工逐项核验；投资复核主要依据报告内金额与算式,,environmental_investment,L2_application,quantitative_verification,numerical_accuracy,report_grounding；procedural_reasoning,low,medium,cross_section,True,,auto_default,v1,,manual_check=false但存在人工判断
2026-07-28,PL025,V01,PL025_佛山市巨人电器有限公司新建项目_01_受理公告或公示版.pdf,佛山市巨人电器有限公司新建项目,PL025_EnvQuality_Q01,大气及地表水环境质量现状数据引用,请根据报告引用的环境质量公报及现状数据，判断大气和地表水环境质量现状数据引用是否准确。,"1、地表水环境质量引用数据不正确，污水处理厂受纳水体与官方登记不一致；
2、项目大气环境质量引用《2023年度佛山市顺德区生态环境状况公报》（佛环顺函〔2024〕44号）。环评对大气环境质量分析内容与《2023年度佛山市顺德区生态环境状况公报》中大气环境状况描述一致，均表明2023年六项污染物指标中臭氧（O3）浓度超标，SO2、NO2、PM10、PM2.5、CO五项污染物年评价浓度符合二级浓度限值。经检索，截至审核日该地区最新的环境状况公报为《2024年度佛山市顺德区生态环境状况公报》，可供参考。
项目地表水环境质量引用《2023年度佛山市顺德区生态环境状况公报》（佛环顺函〔2024〕44号）。环评对地表水环境质量分析内容引用了2023年度公报数据。但项目污水处理厂（大门污水处理厂）尾水受纳河道报告中写为“顺德支流”，与官方登记的受纳水体“桂洲水道”不一致，存在实质差异。",证据位置:大气：env_text第1866行，‘根据2023年全区的大气环境质量状况公报，六项污染物指标中臭氧浓度超标，其余...’；地表水：env_text第1874行，‘顺德区生态环境状况公报>的通知》（佛环顺函〔2024〕44号），2023年全区地表水环境...’，第1927行，‘尾水排放至顺德支流’; 大气公报:《2023年度佛山市顺德区生态环境状况公报》（佛环顺函〔2024〕44号）; 地表水资料:《2023年度佛山市顺德区生态环境状况公报》（佛环顺函〔2024〕44号）,生态环境状况公报知识库; 收纳水体地表水执行标准,2,2,False,不正确,大气:正确; 地表水:不正确; 报告日期:2024,,,是,大门污水处理厂尾水受纳河道报告中多处写为“顺德支流”（第141、1927、1973行），与知识库中官方登记的受纳水体“桂洲水道”不一致，存在实质差异。,30个环评_大气及地表水环境质量现状数据引用复核QA,环境质量数据引用,不正确,待判断,,未复核,部分充分,有效,部分核验,自动默认,候选池,A_仅待终审,,,,,,,,129,MAP_不正确,需人工区分存在错误或存在缺漏；存在报告证据，但尚未经人工逐项核验；已列依据来源，但未在本阶段逐条核验,,environmental_quality_data,L3_analysis,consistency_comparison,evidence_integration,report_grounding；basis_grounding,high,high,report_plus_external,True,,auto_default,v1,,manual_check=false但存在人工判断
2026-07-27,PL025,V01,PL025_佛山市巨人电器有限公司新建项目_01_受理公告或公示版.pdf,佛山市巨人电器有限公司新建项目,PL025_Emission_水污,污染物排放标准-水污染物排放标准,请根据报告中的废水类型、预处理方式、排放去向、企业排口标准、污水处理厂名称、尾水排放河道和尾水执行标准，判断水污染物排放标准选取是否合理。要求对比：生活污水排放标准+排入污水处理厂名称+尾水排放河道+尾水排放执行标准，报告与知识库是否一致。,"1、水污染物排放标准中生活污水排放执行标准：存在缺漏；
2、水污染物排放标准结论的过程分析内容：存在缺漏。报告提到大门污水处理厂尾水执行《城镇污水处理厂污染物排放标准》（GB18918-2002）一级A标准及《广东省水污染物排放限值》（DB44/26-2001）的较严值，与知识库一致。但企业生活污水排口执行的预处理标准（DB44/26-2001第二时段三级标准，COD≤500mg/L、BOD5≤300mg/L、SS≤400mg/L）未在提取文本中明确引用。循环冷却水作为清净下水通过雨水管网排放，亦未引用相关标准。

2、","1、水：""《城镇污水处理厂污染物排放标准》（GB18918-2002）一级A标准及《广东省水污染物排放限值》（DB44/26-2001）的较严值。""""生活污水经三级化粪池处理后排入大门污水处理厂；循环冷却水通过市政雨水管网排放。""",emission-standard-kb.jsonl; DB44/26-2001; DB44/2367-2022; GB31572-2015; GB14554-93; GB12348-2008; GB18597-2023; GB18599-2020,2,2,False,存在缺漏,水:存在缺漏——污水处理厂尾水标准已引用，但企业生活污水排口预处理标准（DB44/26-2001第二时段三级标准）未明确，清净下水排放标准未引用。; 大气:存在缺漏——有组织非甲烷总烃（GB31572-2015表4）和厂区内无组织VOCs（DB44/2367-2022表3）标准正确，但臭气浓度标准（GB14554-93）、破碎粉尘无组织颗粒物标准、企业边界标准缺失。; 噪声:存在缺漏——提取文本中未发现噪声排放标准，未引用GB12348-2008。; 固体废物:存在缺漏——仅描述处置方式，未引用固废法、GB34330-2017、GB18597-2023、GB18599-2020、国家危险废物名录等控制标准。,,,是,原综合排放标准问答对拆分而来,30份环评_污染物排放控制执行标准复核QA(拆分版),水污染物排放标准,存在缺漏,存在缺漏,,未复核,部分充分,有效,部分核验,自动默认,候选池,A_仅待终审,,,,,,,,130,MAP_存在缺漏,存在报告证据，但尚未经人工逐项核验；已列依据来源，但未在本阶段逐条核验,,water_emission_standard,L3_analysis,rule_applicability,basis_grounding,report_grounding；procedural_reasoning,high,high,report_plus_external,True,,auto_default,v1,,manual_check=false但存在人工判断
2026-07-27,PL025,V01,PL025_佛山市巨人电器有限公司新建项目_01_受理公告或公示版.pdf,佛山市巨人电器有限公司新建项目,PL025_Emission_大气,污染物排放标准-大气污染物排放标准,请根据项目行业类别、生产工艺和污染因子，判断大气污染物排放标准选取是否合理。要求分析：污染源覆盖是否完整（列出所有大气污染源及对应标准），是否存在缺漏的污染源或标准。,"1、污染排放标准分析污染源内容：不完整；
2、大气污染物排放标准分析：存在缺漏。有组织非甲烷总烃引用《合成树脂工业污染物排放标准》（GB31572-2015，含2024年修改单）表4大气污染物排放标准（100mg/m³），适用于车间或生产设施排气筒，标准选取正确。厂区内无组织排放引用DB44/2367-2022表3厂区内VOCs无组织排放限值，与知识库一致。但存在以下缺漏：（1）臭气浓度为注塑工序产污因子，但报告未引用《恶臭污染物排放标准》（GB14554-93）表2排气筒排放标准值（28m排气筒介于25m和35m之间，取25m对应限值6000无量纲）和表1厂界二级标准值（新扩改建≤20无量纲）；（2）破碎和混料粉尘以无组织形式排放，但排放标准章节未明确引用DB44/27-2001第二时段无组织排放监控浓度限值（仅在政策相符性分析表中提及DB44/27-2001第Ⅱ时段）；（3）企业边界大气污染物浓度限值（GB31572-2015表9）未引用。

3、","2、大气：""有机废气排气筒的非甲烷总烃排放达到《合成树脂工业污染物排放标准》（GB31572-2015，含2024年修改单）中表4大气污染物排放标准；厂区内无组织排放监控点NMHC达到广东省《固定污染源挥发性有机物综合排放标准》（DB44/2367-2022）表3厂区内VOCs无组织排放限值。""政策相符性表提及""有机废气排气筒排放浓度不高于广东省《大气污染物排放限值》（DB4427-2001）第Ⅱ时段排放限值""。",emission-standard-kb.jsonl; DB44/26-2001; DB44/2367-2022; GB31572-2015; GB14554-93; GB12348-2008; GB18597-2023; GB18599-2020,2,2,False,存在缺漏,水:存在缺漏——污水处理厂尾水标准已引用，但企业生活污水排口预处理标准（DB44/26-2001第二时段三级标准）未明确，清净下水排放标准未引用。; 大气:存在缺漏——有组织非甲烷总烃（GB31572-2015表4）和厂区内无组织VOCs（DB44/2367-2022表3）标准正确，但臭气浓度标准（GB14554-93）、破碎粉尘无组织颗粒物标准、企业边界标准缺失。; 噪声:存在缺漏——提取文本中未发现噪声排放标准，未引用GB12348-2008。; 固体废物:存在缺漏——仅描述处置方式，未引用固废法、GB34330-2017、GB18597-2023、GB18599-2020、国家危险废物名录等控制标准。,,,是,原综合排放标准问答对拆分而来,30份环评_污染物排放控制执行标准复核QA(拆分版),大气污染物排放标准,存在缺漏,存在缺漏,,未复核,部分充分,有效,部分核验,自动默认,候选池,A_仅待终审,,,,,,,,131,MAP_存在缺漏,存在报告证据，但尚未经人工逐项核验；已列依据来源，但未在本阶段逐条核验,,air_emission_standard,L3_analysis,multi_evidence_synthesis,basis_grounding,report_grounding；evidence_integration,high,high,report_plus_external,True,,auto_default,v1,,manual_check=false但存在人工判断
2026-07-27,PL025,V01,PL025_佛山市巨人电器有限公司新建项目_01_受理公告或公示版.pdf,佛山市巨人电器有限公司新建项目,PL025_Emission_噪声,污染物排放标准-噪声排放标准,请根据项目所属声环境功能区类别，判断噪声排放标准选取是否合理。要求总结声功能区类型、厂界执行标准（GB12348-2008）及昼夜限值，并与环评编制内容进行一致性分析。,"1、噪声排放标准中执行标准与排放限值内容：存在缺漏；
2、存在缺漏。提取文本中未发现噪声排放标准章节，未引用GB12348-2008，未给出声功能区类别及昼夜限值。

4、","3、噪声：提取文本中未发现噪声排放标准。
4、固体废物：""一般工业固废间位于厂房一层，面积约5m²，一般工业固废由专业回收公司回收处理。""""危险废物暂存危废间位于厂房一层，面积约5m²，定期交由相关资质单位进行处理。""未引用具体标准。",emission-standard-kb.jsonl; DB44/26-2001; DB44/2367-2022; GB31572-2015; GB14554-93; GB12348-2008; GB18597-2023; GB18599-2020,2,2,False,存在缺漏,水:存在缺漏——污水处理厂尾水标准已引用，但企业生活污水排口预处理标准（DB44/26-2001第二时段三级标准）未明确，清净下水排放标准未引用。; 大气:存在缺漏——有组织非甲烷总烃（GB31572-2015表4）和厂区内无组织VOCs（DB44/2367-2022表3）标准正确，但臭气浓度标准（GB14554-93）、破碎粉尘无组织颗粒物标准、企业边界标准缺失。; 噪声:存在缺漏——提取文本中未发现噪声排放标准，未引用GB12348-2008。; 固体废物:存在缺漏——仅描述处置方式，未引用固废法、GB34330-2017、GB18597-2023、GB18599-2020、国家危险废物名录等控制标准。,,,是,原综合排放标准问答对拆分而来,30份环评_污染物排放控制执行标准复核QA(拆分版),噪声排放标准,存在缺漏,存在缺漏,,未复核,部分充分,有效,部分核验,自动默认,候选池,A_仅待终审,,,,,,,,132,MAP_存在缺漏,存在报告证据，但尚未经人工逐项核验；已列依据来源，但未在本阶段逐条核验,,noise_emission_standard,L2_application,rule_applicability,basis_grounding,report_grounding,high,medium,report_plus_external,True,,auto_default,v1,,manual_check=false但存在人工判断
2026-07-27,PL025,V01,PL025_佛山市巨人电器有限公司新建项目_01_受理公告或公示版.pdf,佛山市巨人电器有限公司新建项目,PL025_Emission_固体,污染物排放标准-固体废物控制标准,请根据项目产生的固体废物和危险废物类型，判断固体废物控制标准选取是否合理。要求总结一般工业固体废物和危险废物执行标准的标准名称及编号，分析是否缺少必要标准条目。,"1、固体废物控制排放中执行标准内容：无误；
2、固体废物控制排放内容总结：报告已引用固体废物污染环境防治法、广东省固体废物污染环境防治条例、危险废物贮存污染控制标准（GB18597-2023）等法律法规和标准，固体废物控制标准编制完整。（注：报告还额外引用了GB18599-2020《一般工业固体废物贮存和填埋污染控制标准》，但该标准不在当前审核知识库必须满足的标准清单中，不影响判定结论。）","固体废物：""一般工业固废间位于厂房一层，面积约5m²，一般工业固废由专业回收公司回收处理。""""危险废物暂存危废间位于厂房一层，面积约5m²，定期交由相关资质单位进行处理。""未引用具体标准。",emission-standard-kb.jsonl; DB44/26-2001; DB44/2367-2022; GB31572-2015; GB14554-93; GB12348-2008; GB18597-2023; GB18599-2020,2,2,False,无误,水:存在缺漏——污水处理厂尾水标准已引用，但企业生活污水排口预处理标准（DB44/26-2001第二时段三级标准）未明确，清净下水排放标准未引用。; 大气:存在缺漏——有组织非甲烷总烃（GB31572-2015表4）和厂区内无组织VOCs（DB44/2367-2022表3）标准正确，但臭气浓度标准（GB14554-93）、破碎粉尘无组织颗粒物标准、企业边界标准缺失。; 噪声:存在缺漏——提取文本中未发现噪声排放标准，未引用GB12348-2008。; 固体废物:存在缺漏——仅描述处置方式，未引用固废法、GB34330-2017、GB18597-2023、GB18599-2020、国家危险废物名录等控制标准。,,,否,修正：GB18599-2020不在知识库必须满足的标准清单中，原判定依据已更正。原综合排放标准问答对拆分而来,30份环评_污染物排放控制执行标准复核QA(拆分版),固体废物控制标准,无误,无误,,未复核,部分充分,有效,部分核验,自动默认,候选池,待分流,,,,,,,,133,MAP_无误,存在报告证据，但尚未经人工逐项核验；已列依据来源，但未在本阶段逐条核验,,solid_waste_standard,L2_application,rule_applicability,basis_grounding,report_grounding,high,medium,report_plus_external,True,,auto_default,v1,,manual_check=false但存在人工判断
2026-06-25,PL026,V01,年10月22日建设项目环境影响报告表受理公告（容桂）_2.pdf,佛山市黑曜电器科技有限公司新建项目,PL026_V01_Q01,1. 塑胶行业样本筛选与国民经济行业分类,请结合项目产品、原辅材料和生产工艺，判断该报告行业类别是否基本合理。,国民经济行业类型判定结论：正确；具体分析：根据项目概况，本项目以ABS、PP塑料粒和色母为主要原辅材料，经混料、熔融注塑、冷却、检验和包装等工序，生产家用电器塑料配件；注塑产生的边角料和不合格品经破碎后回用于生产。经识别，本项目属于C2929塑料零件及其他塑料制品制造，与报告填报的C2929塑料零件及其他塑料制品制造一致，行业类别基本合理。,电路制造 中心 2 栋 302 号 地理坐标 （113 度 14 分 15.299 秒， 22 度 46 分 22.873 秒） 国民经济 行业类别 C2929 塑料零件及其他 塑料制品制造 建设项目 行业类别 建设性质 ☑新建（迁建） □改建 □扩建 □技术改造 建设项目 申报情形 二十六、橡胶和塑料制品 业 -29 中 53、塑料制品 业 292-其他（年用非溶剂 型低 VOCs 含量涂料 10 吨 以下的除外） ☑首次申报项目 □不予批准后再次申报 项目 ☐超五年重新审核项目 □重大变动重新报批项 目 项目审批（核准 /备案）部门（选 填） / 项目审批（核准/ 备案）文号（选填） / 总投资（万元） 30 环保投资（万元） 10 环保投资占比 （%） 33.3 施工工期 2 个月 用地（用海） 面积（m2） 647.82 是否开工建设 ☑否 ☐是： 专项评价设置 情况 无 规划情况,《国民经济行业分类》(GB/T 4754—2017)；本任务C292筛选及C17/C18排除规则,结合本项目行业代码、建设性质、工艺关键词及PDF证据生成，非脱离项目的通用题。,可依据对应PDF原文、工程分析表格及所列法规标准逐项复核。,True,,,,新增,是,自动生成；需人工复核项目参数、公式取值、标准适用范围及PDF文字提取完整性。,seed_qa_塑胶行业筛选版_30个国民经济行业分类的人工标记,国民经济行业分类,,待判断,,未复核,部分充分,待判断,部分核验,自动默认,候选池,C_题目或材料问题,,,,,,,,134,MAP_BLANK,人工判断为空：不得自动补填结论；人工判断为空；结构完整但原因需人工确认；存在报告证据，但尚未经人工逐项核验；已列依据来源，但未在本阶段逐条核验,,industry_classification,L3_analysis,multi_evidence_synthesis,evidence_integration,report_grounding；basis_grounding,high,high,cross_section,True,,auto_default,v1,,manual_check=true但人工判断为空
2026-07-24,PL026,V01,PL026_佛山市黑曜电器科技有限公司新建项目,佛山市黑曜电器科技有限公司新建项目,PL026_V01_Q03,环评投资核算,请根据报告中的总投资、环保投资和环保工程投资明细，判断环保投资核算是否前后一致、比例是否正确。,环评投资核算判定结论：需复核；具体分析：报告填报总投资为30万元、环保投资为10万元、环保投资占比为33.3%。按“环保投资÷总投资×100%”复算为33.33%，与报告填报值一致；但现有解析文本未检索到环保工程投资明细表，无法核对分项合计是否与环保投资一致。因此，占比计算正确，环保投资前后一致性仍需结合原报告投资明细表复核。,一、建设项目基本情况：总投资30万元、环保投资10万元、占比33.3%。来源：解析文本拼接_02_021-040(3).md,报告原文-环保投资明细表,2,2,False,需复核,,,,是,,30个PL_环评投资核算QA,环评投资概算,需复核,证据不足,,未复核,不足,有效,不需要外部依据,自动默认,候选池,B_证据不足,,,,,,,,135,MAP_需复核+EVIDENCE_INSUFFICIENCY_SIGNAL,原结论明确要求人工复核；命中证据不足候选词：未检索到、无法核对；投资复核主要依据报告内金额与算式,,environmental_investment,L2_application,quantitative_verification,numerical_accuracy,report_grounding；procedural_reasoning,low,medium,cross_section,True,,auto_default,v1,,manual_check=false但存在人工判断
2026-07-28,PL026,V01,PL026_佛山市黑曜电器科技有限公司新建项目_01_报批稿或报告表.pdf,佛山市黑曜电器科技有限公司新建项目,PL026_EnvQuality_Q01,大气及地表水环境质量现状数据引用,请根据报告引用的环境质量公报及现状数据，判断大气和地表水环境质量现状数据引用是否准确。,1、【大气及地表水环境质量引用数据不正确，现状分析与公报不一致】；2、项目大气环境质量引用《2023年度佛山市顺德区生态环境状况公报》。环评对大气环境质量分析内容与《2023年度佛山市顺德区生态环境状况公报》中大气环境状况描述一致（SO2=6、NO2=28、PM10=35、PM2.5=20μg/m³，O3=164μg/m³，CO=1.0mg/m³，五项达标、O3超标、不达标区）。经检索，截至审核日该地区最新的环境状况公报为《2024年度佛山市顺德区生态环境状况公报》（佛环顺函〔2025〕12号，2025-04-03发布），可供参考。项目地表水环境质量引用《2023年度佛山市顺德区生态环境状况公报》。环评对地表水环境质量分析内容与《2023年度佛山市顺德区生态环境状况公报》中地表水环境状况描述不一致：报告将“细滘大桥”断面标注为桂洲水道断面，正确内容应为细滘大桥属鸡鸦水道断面（Ⅱ类），桂州水道对应断面为南头大桥（Ⅱ类）。报告河流-断面张冠李戴（公报P5-7）；虽两断面水质类别均为Ⅱ类、结论（符合Ⅲ类）未失真，但河流-断面对应关系错误。经检索，截至审核日该地区最新的环境状况公报为《2024年度佛山市顺德区生态环境状况公报》（佛环顺函〔2025〕12号，2025-04-03发布），可供参考。,证据位置:大气：Page 33-34；地表水：Page 34; 大气公报:《2023年度佛山市顺德区生态环境状况公报》; 地表水资料:《2023年度佛山市顺德区生态环境状况公报》,生态环境状况公报知识库; 收纳水体地表水执行标准,2,2,False,需修正,大气:正确; 地表水:不正确; 报告日期:未明确,,,是,桂洲水道对应断面：细滘大桥为鸡鸦水道断面（Ⅱ类），非桂洲(州)水道断面；桂州水道对应断面为南头大桥（Ⅱ类）。报告河流-断面张冠李戴（公报P5-7）。,30个环评_大气及地表水环境质量现状数据引用复核QA,环境质量数据引用,需修正,待判断,,未复核,部分充分,有效,部分核验,自动默认,候选池,A_仅待终审,,,,,,,,136,MAP_需修正,需人工区分实质问题或表达优化；存在报告证据，但尚未经人工逐项核验；已列依据来源，但未在本阶段逐条核验,,environmental_quality_data,L3_analysis,consistency_comparison,evidence_integration,report_grounding；basis_grounding,high,high,report_plus_external,True,,auto_default,v1,,manual_check=false但存在人工判断
2026-07-27,PL026,V01,PL026_佛山市黑曜电器科技有限公司新建项目_01_报批稿或报告表.pdf,佛山市黑曜电器科技有限公司新建项目,PL026_Emission_水污,污染物排放标准-水污染物排放标准,请根据报告中的废水类型、预处理方式、排放去向、企业排口标准、污水处理厂名称、尾水排放河道和尾水执行标准，判断水污染物排放标准选取是否合理。要求对比：生活污水排放标准+排入污水处理厂名称+尾水排放河道+尾水排放执行标准，报告与知识库是否一致。,"1、水污染物排放标准中生活污水排放执行标准：无误；
2、水污染物排放标准结论的过程分析内容：无误。报告编制完整，分别明确了企业排口标准和污水处理厂尾水标准两个层次。企业排口执行DB44/26-2001第二时段三级标准（适用范围为其他排污单位），限值表（表3-3）给出COD≤500mg/L、BOD5≤300mg/L、SS≤400mg/L，与知识库一致。容桂第一污水处理厂尾水执行GB18918-2002一级A标准及DB44/26-2001第二时段一级标准的较严值，尾水排放至桂洲水道，限值表给出COD≤40mg/L、BOD5≤10mg/L、氨氮≤5mg/L、SS≤10mg/L，与知识库一致。水标准编制完整准确。

2、","1、水：""生活污水经三级化粪池预处理达广东省地方标准《水污染物排放限值》（DB44/26-2001）第二时段三级标准（适用范围为其他排污单位）后，由市政污水管网引至容桂第一污水处理厂。""""容桂第一污水处理厂尾水排放执行《城镇污水处理厂污染物排放标准》（GB18918-2002）一级A标准及广东省地方标准《水污染物排放限值》（DB44/26-2001）第二时段一级标准的较严值，尾水排放至桂洲水道。""表3-3限值表：企业排口COD≤500、BOD5≤300、SS≤400mg/L；污水厂出水COD≤40、BOD5≤10、氨氮≤5、SS≤10mg/L。",emission-standard-kb.jsonl; DB44/26-2001; DB44/2367-2022; GB31572-2015; GB14554-93; GB12348-2008; GB18597-2023; GB18599-2020,2,2,False,无误,水:无误——企业排口标准（DB44/26-2001第二时段三级标准）和污水处理厂尾水标准（GB18918-2002一级A及DB44/26-2001第二时段一级标准较严值）均明确引用，限值表完整，与知识库一致。; 大气:无误——有组织非甲烷总烃（GB31572-2015表4，100mg/m³）、臭气浓度（GB14554-93表2≤40000无量纲/表1厂界≤20无量纲）、厂区内无组织VOCs（DB44/2367-2022表3）、颗粒物无组织（DB44/27-2001第二时段）四类污染源标准均完整引用，与知识库一致。; 噪声:存在缺漏——声环境2类功能区已有依据，但排放标准章节未明确引用GB12348-2008及昼夜限值（昼60/夜50dB(A)）。; 固体废物:存在缺漏——提取文本中未发现固体废物控制标准，未引用固废法、GB34330-2017、GB18597-2023、GB18599-2020、国家危险废物名录等。,,,否,原综合排放标准问答对拆分而来,30份环评_污染物排放控制执行标准复核QA(拆分版),水污染物排放标准,无误,无误,,未复核,部分充分,有效,部分核验,自动默认,候选池,待分流,,,,,,,,137,MAP_无误,存在报告证据，但尚未经人工逐项核验；已列依据来源，但未在本阶段逐条核验,,water_emission_standard,L3_analysis,rule_applicability,basis_grounding,report_grounding；procedural_reasoning,high,high,report_plus_external,True,,auto_default,v1,,manual_check=false但存在人工判断
2026-07-27,PL026,V01,PL026_佛山市黑曜电器科技有限公司新建项目_01_报批稿或报告表.pdf,佛山市黑曜电器科技有限公司新建项目,PL026_Emission_大气,污染物排放标准-大气污染物排放标准,请根据项目行业类别、生产工艺和污染因子，判断大气污染物排放标准选取是否合理。要求分析：污染源覆盖是否完整（列出所有大气污染源及对应标准），是否存在缺漏的污染源或标准。,"1、污染排放标准分析污染源内容：完整；
2、大气污染物排放标准分析：无误。报告对四类大气污染源均编制了执行标准，覆盖完整：（1）有组织非甲烷总烃执行GB31572-2015（含2024年修改单）表4大气污染物排放限值（100mg/m³，52m排气筒），与知识库ESK-GB31572-TABLE4-001一致；（2）臭气浓度执行GB14554-93表2恶臭污染物排放标准值（臭气浓度≤40000无量纲，排气筒高度52m）及表1新扩改建项目厂界二级标准值（≤20无量纲），52m排气筒高于50m，取50m对应限值40000，选取正确；（3）厂区内VOCs无组织排放执行DB44/2367-2022表3厂区内VOCs无组织排放限值，与知识库ESK-DB44-2367-TABLE3-001/002一致；（4）破碎颗粒物无组织排放执行DB44/27-2001第二时段无组织排放监控浓度限值，标准选取正确。大气标准编制完整准确。

3、","2、大气：""项目注塑工艺会产生有机废气，有组织排放执行《合成树脂工业污染物排放标准》（GB31572-2015（含2024年修改单））中表4规定的大气污染物排放限值。""""项目注塑过程中臭气浓度执行《恶臭污染物排放标准》（GB14554-93）中表2恶臭污染物排放标准值（臭气浓度≤40000（无量纲），排气筒高度52m）及表1新扩改建项目厂界二级标准值（二级标准中新扩改建：≤20（无量纲））。""""项目厂区内VOCs无组织排放监控点浓度应满足广东省地方标准《固定污染源挥发性有机物综合排放标准》（DB44/2367-2022）表3厂区内VOCs无组织排放限值要求。""""颗粒物无组织排放执行广东省《大气污染物排放限值》（DB44/27-2001）第二时段无组织排放监控浓度限值。""",emission-standard-kb.jsonl; DB44/26-2001; DB44/2367-2022; GB31572-2015; GB14554-93; GB12348-2008; GB18597-2023; GB18599-2020,2,2,False,无误,水:无误——企业排口标准（DB44/26-2001第二时段三级标准）和污水处理厂尾水标准（GB18918-2002一级A及DB44/26-2001第二时段一级标准较严值）均明确引用，限值表完整，与知识库一致。; 大气:无误——有组织非甲烷总烃（GB31572-2015表4，100mg/m³）、臭气浓度（GB14554-93表2≤40000无量纲/表1厂界≤20无量纲）、厂区内无组织VOCs（DB44/2367-2022表3）、颗粒物无组织（DB44/27-2001第二时段）四类污染源标准均完整引用，与知识库一致。; 噪声:存在缺漏——声环境2类功能区已有依据，但排放标准章节未明确引用GB12348-2008及昼夜限值（昼60/夜50dB(A)）。; 固体废物:存在缺漏——提取文本中未发现固体废物控制标准，未引用固废法、GB34330-2017、GB18597-2023、GB18599-2020、国家危险废物名录等。,,,否,原综合排放标准问答对拆分而来,30份环评_污染物排放控制执行标准复核QA(拆分版),大气污染物排放标准,无误,无误,,未复核,部分充分,有效,部分核验,自动默认,候选池,待分流,,,,,,,,138,MAP_无误,存在报告证据，但尚未经人工逐项核验；已列依据来源，但未在本阶段逐条核验,,air_emission_standard,L3_analysis,multi_evidence_synthesis,basis_grounding,report_grounding；evidence_integration,high,high,report_plus_external,True,,auto_default,v1,,manual_check=false但存在人工判断
2026-07-27,PL026,V01,PL026_佛山市黑曜电器科技有限公司新建项目_01_报批稿或报告表.pdf,佛山市黑曜电器科技有限公司新建项目,PL026_Emission_噪声,污染物排放标准-噪声排放标准,请根据项目所属声环境功能区类别，判断噪声排放标准选取是否合理。要求总结声功能区类型、厂界执行标准（GB12348-2008）及昼夜限值，并与环评编制内容进行一致性分析。,"1、噪声排放标准中执行标准与排放限值内容：存在缺漏；
2、存在缺漏。报告在环境质量现状章节提到项目位于声环境2类功能区，但提取文本中未发现排放标准章节明确引用《工业企业厂界环境噪声排放标准》（GB12348-2008）及昼夜限值（2类：昼间60dB(A)、夜间50dB(A)）。声功能区类别已有依据，但排放标准引用和限值填写缺失。

4、","3、噪声：""项目位于声环境2类功能区""，但提取文本中未发现GB12348-2008引用及昼夜限值。
4、固体废物：""生活垃圾集中堆放，委托环卫部门及时清运处置；一般工业固废进行统一收集后外售；危险废物经收集后委托有资质单位进行处理，厂区设有一5m²危废仓库，并做好三防处理。""未引用具体标准编号。",emission-standard-kb.jsonl; DB44/26-2001; DB44/2367-2022; GB31572-2015; GB14554-93; GB12348-2008; GB18597-2023; GB18599-2020,2,2,False,存在缺漏,水:无误——企业排口标准（DB44/26-2001第二时段三级标准）和污水处理厂尾水标准（GB18918-2002一级A及DB44/26-2001第二时段一级标准较严值）均明确引用，限值表完整，与知识库一致。; 大气:无误——有组织非甲烷总烃（GB31572-2015表4，100mg/m³）、臭气浓度（GB14554-93表2≤40000无量纲/表1厂界≤20无量纲）、厂区内无组织VOCs（DB44/2367-2022表3）、颗粒物无组织（DB44/27-2001第二时段）四类污染源标准均完整引用，与知识库一致。; 噪声:存在缺漏——声环境2类功能区已有依据，但排放标准章节未明确引用GB12348-2008及昼夜限值（昼60/夜50dB(A)）。; 固体废物:存在缺漏——提取文本中未发现固体废物控制标准，未引用固废法、GB34330-2017、GB18597-2023、GB18599-2020、国家危险废物名录等。,,,是,原综合排放标准问答对拆分而来,30份环评_污染物排放控制执行标准复核QA(拆分版),噪声排放标准,存在缺漏,存在缺漏,,未复核,部分充分,有效,部分核验,自动默认,候选池,A_仅待终审,,,,,,,,139,MAP_存在缺漏,存在报告证据，但尚未经人工逐项核验；已列依据来源，但未在本阶段逐条核验,,noise_emission_standard,L2_application,rule_applicability,basis_grounding,report_grounding,high,medium,report_plus_external,True,,auto_default,v1,,manual_check=false但存在人工判断
2026-07-27,PL026,V01,PL026_佛山市黑曜电器科技有限公司新建项目_01_报批稿或报告表.pdf,佛山市黑曜电器科技有限公司新建项目,PL026_Emission_固体,污染物排放标准-固体废物控制标准,请根据项目产生的固体废物和危险废物类型，判断固体废物控制标准选取是否合理。要求总结一般工业固体废物和危险废物执行标准的标准名称及编号，分析是否缺少必要标准条目。,"1、固体废物控制排放中执行标准内容：无误；
2、固体废物控制排放内容总结：报告已引用固体废物污染环境防治法、广东省固体废物污染环境防治条例、危险废物贮存污染控制标准（GB18597-2023）等法律法规和标准，固体废物控制标准编制完整。（注：报告还额外引用了GB18599-2020《一般工业固体废物贮存和填埋污染控制标准》，但该标准不在当前审核知识库必须满足的标准清单中，不影响判定结论。）","固体废物：""生活垃圾集中堆放，委托环卫部门及时清运处置；一般工业固废进行统一收集后外售；危险废物经收集后委托有资质单位进行处理，厂区设有一5m²危废仓库，并做好三防处理。""未引用具体标准编号。",emission-standard-kb.jsonl; DB44/26-2001; DB44/2367-2022; GB31572-2015; GB14554-93; GB12348-2008; GB18597-2023; GB18599-2020,2,2,False,无误,水:无误——企业排口标准（DB44/26-2001第二时段三级标准）和污水处理厂尾水标准（GB18918-2002一级A及DB44/26-2001第二时段一级标准较严值）均明确引用，限值表完整，与知识库一致。; 大气:无误——有组织非甲烷总烃（GB31572-2015表4，100mg/m³）、臭气浓度（GB14554-93表2≤40000无量纲/表1厂界≤20无量纲）、厂区内无组织VOCs（DB44/2367-2022表3）、颗粒物无组织（DB44/27-2001第二时段）四类污染源标准均完整引用，与知识库一致。; 噪声:存在缺漏——声环境2类功能区已有依据，但排放标准章节未明确引用GB12348-2008及昼夜限值（昼60/夜50dB(A)）。; 固体废物:存在缺漏——提取文本中未发现固体废物控制标准，未引用固废法、GB34330-2017、GB18597-2023、GB18599-2020、国家危险废物名录等。,,,否,修正：GB18599-2020不在知识库必须满足的标准清单中，原判定依据已更正。原综合排放标准问答对拆分而来,30份环评_污染物排放控制执行标准复核QA(拆分版),固体废物控制标准,无误,无误,,未复核,部分充分,有效,部分核验,自动默认,候选池,待分流,,,,,,,,140,MAP_无误,存在报告证据，但尚未经人工逐项核验；已列依据来源，但未在本阶段逐条核验,,solid_waste_standard,L2_application,rule_applicability,basis_grounding,report_grounding,high,medium,report_plus_external,True,,auto_default,v1,,manual_check=false但存在人工判断
2026-06-25,PL027,V01,年10月23日建设项目环境影响报告书（表）受理公告（佛山市生态环境局顺德分局）_1.pdf,佛山市天隆通塑料制品有限公司新建项目,PL027_V01_Q01,1. 塑胶行业样本筛选与国民经济行业分类,请结合项目产品、原辅材料和生产工艺，判断该报告行业类别是否基本合理。,国民经济行业类型判定结论：需复核；具体分析：根据项目概况，本项目以聚醚多元醇、聚合MDI、色膏、催化剂、硅油等为主要原辅材料，经配料、喷脱模剂、灌注、离心旋转或放置骨架、发泡熟化成型、脱模、修边、组装和包装等工序，生产PU轮胎、自结皮扶手和自结皮座背垫。PU轮胎属于聚氨酯泡沫模塑制品，更符合C2924泡沫塑料制造；自结皮扶手和自结皮座背垫使用木板、铁件作为骨架，属于软体家具或坐具零配件，更符合C2190其他家具制造。上述识别类别与项目填报的C2929塑料零件及其他塑料制品制造存在差异，需复核确认。,1 栋 701、702、704 地理坐标 （ 113 度 12 分 56.008 秒， 22 度 48 分 54.853 秒） 国民经济 行业类别 C2929 塑料零件及其 他塑料制品制造 建设项目 行业类别 建设性质 新建（迁建） 改建 扩建 技术改造 建设项目 申报情形 二十六、橡胶和塑料制品业 29-53、塑料制品业 292-其他 （年用非溶剂型低 VOCs 含 量涂料 10 吨以下的除外） 首次申报项目 不予批准后再次申报项目 超五年重新审核项目 重大变动重新报批项目 项目审批（核准/ 备案）部门（选填） 无 项目审批（核准/ 备案）文号（选填） 无 总投资（万元） 200.00 环保投资（万元） 20.00 环保投资占比（%） 10.0 施工工期 1 个月 用地（用海） 面积（m2） 1813.56 是否开工建设 否 是： 表 1-1 专项评价设置原则表 专,《国民经济行业分类》(GB/T 4754—2017)；本任务C292筛选及C17/C18排除规则,结合本项目行业代码、建设性质、工艺关键词及PDF证据生成，非脱离项目的通用题。,可依据对应PDF原文、工程分析表格及所列法规标准逐项复核。,True,,,,新增,是,自动生成；需人工复核项目参数、公式取值、标准适用范围及PDF文字提取完整性。,seed_qa_塑胶行业筛选版_30个国民经济行业分类的人工标记,国民经济行业分类,,待判断,,未复核,部分充分,待判断,部分核验,自动默认,候选池,C_题目或材料问题,,,,,,,,141,MAP_BLANK,人工判断为空：不得自动补填结论；人工判断为空；结构完整但原因需人工确认；存在报告证据，但尚未经人工逐项核验；已列依据来源，但未在本阶段逐条核验,,industry_classification,L3_analysis,multi_evidence_synthesis,evidence_integration,report_grounding；basis_grounding,high,high,cross_section,True,,auto_default,v1,,manual_check=true但人工判断为空
2026-07-24,PL027,V01,PL027_佛山市天隆通塑料制品有限公司新建项目,佛山市天隆通塑料制品有限公司新建项目,PL027_V01_Q03,环评投资核算,请根据报告中的总投资、环保投资和环保工程投资明细，判断环保投资核算是否前后一致、比例是否正确。,环评投资核算判定结论：正确；具体分析：报告填报总投资为200万元、环保投资为20万元、环保投资占比为10%。按“环保投资÷总投资×100%”复算为10.00%，与报告填报值一致；环保投资情况一览表中的分项投资合计为20万元，与环保投资一致。因此，环保投资金额、分项合计及占比前后一致，核算正确。,一、建设项目基本情况；环保投资情况一览表：总投资200万元、环保投资20万元、占比10%；分项合计20万元。来源：解析文本拼接_02_021-040(3).md,报告原文-环保投资明细表,2,2,False,正确,,,,否,,30个PL_环评投资核算QA,环评投资概算,正确,无误,,未复核,部分充分,有效,不需要外部依据,自动默认,候选池,待分流,,,,,,,,142,MAP_正确,存在报告证据，但尚未经人工逐项核验；投资复核主要依据报告内金额与算式,,environmental_investment,L2_application,quantitative_verification,numerical_accuracy,report_grounding；procedural_reasoning,low,medium,cross_section,True,,auto_default,v1,,manual_check=false但存在人工判断
2026-07-28,PL027,V01,PL027_佛山市天隆通塑料制品有限公司新建项目_01_受理公告或公示版.pdf,佛山市天隆通塑料制品有限公司新建项目,PL027_EnvQuality_Q01,大气及地表水环境质量现状数据引用,请根据报告引用的环境质量公报及现状数据，判断大气和地表水环境质量现状数据引用是否准确。,"1、大气及地表水环境质量引用数据正确；
2、项目大气环境质量引用《2023年度佛山市顺德区生态环境状况公报》（报告中称为“2023年度佛山市顺德区环境质量状况公报”）。环评对大气环境质量分析内容与《2023年度佛山市顺德区生态环境状况公报》中大气环境状况描述一致，报告中引用了2023年度和2022年度公报数据进行对比分析，数据年份在近3年度窗口内。经检索，截至审核日该地区最新的环境状况公报为《2024年度佛山市顺德区生态环境状况公报》，可供参考。
项目地表水环境质量引用《2023年度佛山市顺德区生态环境状况公报》（报告中称为“2023年度佛山市顺德区环境质量状况公报”）。环评对地表水环境质量分析内容与《2023年度佛山市顺德区生态环境状况公报》中地表水环境状况描述一致。项目污水处理厂尾水受纳河道为顺德支流（勒流污水处理厂），与官方登记一致。",证据位置:大气：env_text第2269行，‘根据《2023年度顺德区环境质量状况公报》中的数据和结论...’，第2266行，‘2023年公报与2022年公报中的环境空气质量统计分析数据均采用实况数据’；地表水：env_text第2377行，‘根据佛山市生态环境局顺德分局关于发布2023年度佛山市顺德区环境质量状况公报...’，第2373行，‘尾水排入顺德支...’; 大气公报:《2023年度佛山市顺德区生态环境状况公报》（报告中称为“2023年度佛山市顺德区环境质量状况公报”）; 地表水资料:《2023年度佛山市顺德区生态环境状况公报》（报告中称为“2023年度佛山市顺德区环境质量状况公报”）,生态环境状况公报知识库; 收纳水体地表水执行标准,2,2,False,正确,大气:正确; 地表水:正确; 报告日期:2024,,,是,报告中公报名称使用“环境质量状况公报”而非官方“生态环境状况公报”，存在轻微命名差异，但数据引用年度（2023年度）正确，分析内容与公报一致，勒流污水处理厂尾水受纳河道（顺德支流）与官方登记一致。,30个环评_大气及地表水环境质量现状数据引用复核QA,环境质量数据引用,正确,无误,,未复核,部分充分,有效,部分核验,自动默认,候选池,A_仅待终审,,,,,,,,143,MAP_正确,存在报告证据，但尚未经人工逐项核验；已列依据来源，但未在本阶段逐条核验,,environmental_quality_data,L3_analysis,consistency_comparison,evidence_integration,report_grounding；basis_grounding,high,high,report_plus_external,True,,auto_default,v1,,manual_check=false但存在人工判断
2026-07-27,PL027,V01,PL027_佛山市天隆通塑料制品有限公司新建项目_01_受理公告或公示版.pdf,佛山市天隆通塑料制品有限公司新建项目,PL027_Emission_水污,污染物排放标准-水污染物排放标准,请根据报告中的废水类型、预处理方式、排放去向、企业排口标准、污水处理厂名称、尾水排放河道和尾水执行标准，判断水污染物排放标准选取是否合理。要求对比：生活污水排放标准+排入污水处理厂名称+尾水排放河道+尾水排放执行标准，报告与知识库是否一致。,"1、水污染物排放标准中生活污水排放执行标准：存在缺漏；
2、水污染物排放标准结论的过程分析内容：报告提及勒流污水处理厂尾水执行《城镇污水处理厂污染物排放标准》（GB18918-2002）一级A标准及《广东省水污染物排放限值》（DB44/26-2001）的较严值，生活污水经三级化粪池预处理后排入勒流污水处理厂，生产废水经自建废水处理站处理后排入勒流污水处理厂。但报告未明确列出生活污水经三级化粪池预处理后应执行的标准（应为DB44/26-2001第二时段三级标准），也未列出生产废水预处理执行的标准。预处理标准缺失，存在缺漏。

2.","水标准片段：「尾水应执行《城镇污水处理厂污染物排放标准》（GB18918-2002）一级A 标准及《广东省水污染物排放限值》（DB44/26-2001）的较严值。」「本项目生活污水经三级化粪池预处理后排入勒流污水处理厂；生产废水经自建的废水处理站处理后排入勒流污水处理厂。」
2.",emission-standard-kb.jsonl; DB44/26-2001; DB44/2367-2022; GB31572-2015; GB14554-93; GB12348-2008; GB18597-2023; GB18599-2020,2,2,False,存在缺漏,水:存在缺漏——污水处理厂尾水标准已提及，但生活污水和生产废水预处理标准（DB44/26-2001第二时段三级标准）未明确列出; 大气:存在缺漏——仅提及DB44/2367-2022标准名称，未结构化列出各污染因子执行标准及限值，未明确引用GB31572-2015、GB14554-93、DB44/27-2001等; 噪声:存在缺漏——全文未提及GB12348-2008或任何噪声排放标准; 固体废物:存在缺漏——全文未引用GB18597-2023、GB18599-2020、GB34330-2017等固废控制标准,,,是,原综合排放标准问答对拆分而来,30份环评_污染物排放控制执行标准复核QA(拆分版),水污染物排放标准,存在缺漏,存在缺漏,,未复核,部分充分,有效,部分核验,自动默认,候选池,A_仅待终审,,,,,,,,144,MAP_存在缺漏,存在报告证据，但尚未经人工逐项核验；已列依据来源，但未在本阶段逐条核验,,water_emission_standard,L3_analysis,rule_applicability,basis_grounding,report_grounding；procedural_reasoning,high,high,report_plus_external,True,,auto_default,v1,,manual_check=false但存在人工判断
2026-07-27,PL027,V01,PL027_佛山市天隆通塑料制品有限公司新建项目_01_受理公告或公示版.pdf,佛山市天隆通塑料制品有限公司新建项目,PL027_Emission_大气,污染物排放标准-大气污染物排放标准,请根据项目行业类别、生产工艺和污染因子，判断大气污染物排放标准选取是否合理。要求分析：污染源覆盖是否完整（列出所有大气污染源及对应标准），是否存在缺漏的污染源或标准。,"1、污染排放标准分析污染源内容：不完整；
2、大气污染物排放标准分析：报告在政策相符性分析中提及《固定污染源挥发性有机物综合排放标准》（DB44/2367-2022），有机废气经活性炭吸附装置处理后通过55米排气筒G1排放，初始排放速率0.171kg/h小于3kg/h。但报告未以结构化方式明确列出各污染因子的执行标准名称、标准号及具体限值。对于PU发泡工艺产生的有机废气，应明确引用DB44/2367-2022的具体限值，并考虑是否适用GB31572-2015（合成树脂工业标准）、GB14554-93（恶臭污染物排放标准）等标准。报告未完整列出大气排放标准体系，存在缺漏。

3.","大气标准片段：「灌注、发泡熟化成型经收集后通过‘活性炭吸附装置’处理后通过55 米排气筒G1 排放」「项目产生的有机废气初始排放速率为0.171kg/h，小于3kg/h，项目设置活性炭吸附装置处理有机废气，处理效率为50%。」
3.",emission-standard-kb.jsonl; DB44/26-2001; DB44/2367-2022; GB31572-2015; GB14554-93; GB12348-2008; GB18597-2023; GB18599-2020,2,2,False,存在缺漏,水:存在缺漏——污水处理厂尾水标准已提及，但生活污水和生产废水预处理标准（DB44/26-2001第二时段三级标准）未明确列出; 大气:存在缺漏——仅提及DB44/2367-2022标准名称，未结构化列出各污染因子执行标准及限值，未明确引用GB31572-2015、GB14554-93、DB44/27-2001等; 噪声:存在缺漏——全文未提及GB12348-2008或任何噪声排放标准; 固体废物:存在缺漏——全文未引用GB18597-2023、GB18599-2020、GB34330-2017等固废控制标准,,,是,原综合排放标准问答对拆分而来,30份环评_污染物排放控制执行标准复核QA(拆分版),大气污染物排放标准,存在缺漏,存在缺漏,,未复核,部分充分,有效,部分核验,自动默认,候选池,A_仅待终审,,,,,,,,145,MAP_存在缺漏,存在报告证据，但尚未经人工逐项核验；已列依据来源，但未在本阶段逐条核验,,air_emission_standard,L3_analysis,multi_evidence_synthesis,basis_grounding,report_grounding；evidence_integration,high,high,report_plus_external,True,,auto_default,v1,,manual_check=false但存在人工判断
2026-07-27,PL027,V01,PL027_佛山市天隆通塑料制品有限公司新建项目_01_受理公告或公示版.pdf,佛山市天隆通塑料制品有限公司新建项目,PL027_Emission_噪声,污染物排放标准-噪声排放标准,请根据项目所属声环境功能区类别，判断噪声排放标准选取是否合理。要求总结声功能区类型、厂界执行标准（GB12348-2008）及昼夜限值，并与环评编制内容进行一致性分析。,"1、噪声排放标准中执行标准与排放限值内容：存在缺漏；
2、报告全文未提及《工业企业厂界环境噪声排放标准》（GB12348-2008）或任何噪声排放标准，未对厂界噪声执行标准作出规定，存在缺漏。

4.","噪声标准：报告全文未出现GB12348-2008或任何噪声排放标准的引用。
4.",emission-standard-kb.jsonl; DB44/26-2001; DB44/2367-2022; GB31572-2015; GB14554-93; GB12348-2008; GB18597-2023; GB18599-2020,2,2,False,存在缺漏,水:存在缺漏——污水处理厂尾水标准已提及，但生活污水和生产废水预处理标准（DB44/26-2001第二时段三级标准）未明确列出; 大气:存在缺漏——仅提及DB44/2367-2022标准名称，未结构化列出各污染因子执行标准及限值，未明确引用GB31572-2015、GB14554-93、DB44/27-2001等; 噪声:存在缺漏——全文未提及GB12348-2008或任何噪声排放标准; 固体废物:存在缺漏——全文未引用GB18597-2023、GB18599-2020、GB34330-2017等固废控制标准,,,是,原综合排放标准问答对拆分而来,30份环评_污染物排放控制执行标准复核QA(拆分版),噪声排放标准,存在缺漏,存在缺漏,,未复核,部分充分,有效,部分核验,自动默认,候选池,A_仅待终审,,,,,,,,146,MAP_存在缺漏,存在报告证据，但尚未经人工逐项核验；已列依据来源，但未在本阶段逐条核验,,noise_emission_standard,L2_application,rule_applicability,basis_grounding,report_grounding,high,medium,report_plus_external,True,,auto_default,v1,,manual_check=false但存在人工判断
2026-07-27,PL027,V01,PL027_佛山市天隆通塑料制品有限公司新建项目_01_受理公告或公示版.pdf,佛山市天隆通塑料制品有限公司新建项目,PL027_Emission_固体,污染物排放标准-固体废物控制标准,请根据项目产生的固体废物和危险废物类型，判断固体废物控制标准选取是否合理。要求总结一般工业固体废物和危险废物执行标准的标准名称及编号，分析是否缺少必要标准条目。,"1、固体废物控制排放中执行标准内容：无误；
2、固体废物控制排放内容总结：报告已引用固体废物污染环境防治法、广东省固体废物污染环境防治条例、危险废物贮存污染控制标准（GB18597-2023）等法律法规和标准，固体废物控制标准编制完整。（注：报告还额外引用了GB18599-2020《一般工业固体废物贮存和填埋污染控制标准》，但该标准不在当前审核知识库必须满足的标准清单中，不影响判定结论。）",固废标准：报告仅在政策相符性分析中提及「企业拟建立危险废物台账，定期将危险废物交给有危废资质的单位处理」，未引用GB18597-2023、GB18599-2020等标准。,emission-standard-kb.jsonl; DB44/26-2001; DB44/2367-2022; GB31572-2015; GB14554-93; GB12348-2008; GB18597-2023; GB18599-2020,2,2,False,无误,水:存在缺漏——污水处理厂尾水标准已提及，但生活污水和生产废水预处理标准（DB44/26-2001第二时段三级标准）未明确列出; 大气:存在缺漏——仅提及DB44/2367-2022标准名称，未结构化列出各污染因子执行标准及限值，未明确引用GB31572-2015、GB14554-93、DB44/27-2001等; 噪声:存在缺漏——全文未提及GB12348-2008或任何噪声排放标准; 固体废物:存在缺漏——全文未引用GB18597-2023、GB18599-2020、GB34330-2017等固废控制标准,,,否,修正：GB18599-2020不在知识库必须满足的标准清单中，原判定依据已更正。原综合排放标准问答对拆分而来,30份环评_污染物排放控制执行标准复核QA(拆分版),固体废物控制标准,无误,无误,,未复核,部分充分,有效,部分核验,自动默认,候选池,待分流,,,,,,,,147,MAP_无误,存在报告证据，但尚未经人工逐项核验；已列依据来源，但未在本阶段逐条核验,,solid_waste_standard,L2_application,rule_applicability,basis_grounding,report_grounding,high,medium,report_plus_external,True,,auto_default,v1,,manual_check=false但存在人工判断
2026-06-25,PL028,V01,年10月24日建设项目环境影响报告书（表）受理公告（均安）_1.pdf,佛山市顺德区振峰塑料模具制造有限公司分车间新建项目,PL028_V01_Q01,1. 塑胶行业样本筛选与国民经济行业分类,请结合项目产品、原辅材料和生产工艺，判断该报告行业类别是否基本合理。,国民经济行业类型判定结论：正确；具体分析：根据项目概况，本项目以ABS、PP、PC塑料粒和色母粒为主要原辅材料，经混料、熔融注塑、冷却和检验等工序，生产灯饰塑料配件和家电塑料配件；同时以模具钢为原料，经车削、铣削、打磨和电火花加工等工序，生产模具。经识别，上述生产活动分别属于C2929塑料零件及其他塑料制品制造和C3525模具制造，与报告填报的国民经济行业类别一致，行业类别基本合理。,"德区均安镇均安社区祥安南路 6 号之六 地理坐标 （东经 113°9'52.7172""E，北纬 22°41'24.5102""N） 国民经济 行业类别 C2929 塑料零件及其他 塑料制品制造、C3525 模具制造 建设性质 新建（迁建） □改建 □扩建 □技术改造 项目审批（核准/ 备案）部门（选填） 无 建设项目 行业类别 二十六、橡胶和塑料制品业 29—53.塑料制品业 292—其 他（年用非溶剂型低 VOCs 含量涂料 10 吨以下的除外） 建设项目 申报情形 首次申报项目 □不予批准后再次申报项目 超五年重新审核项目 □重大变动重新报批项目 项目审批（核准/ 备案）文号（选填） 无 总投资（万元） 环保投资（万元） 环保投资占比（%） 施工工期 1 个月 用地（用海） 面积（m2） 1560 是否开工建设 否 是： 专项评价 设置情况 无 规划情况 无 规划环境影响 评价",《国民经济行业分类》(GB/T 4754—2017)；本任务C292筛选及C17/C18排除规则,结合本项目行业代码、建设性质、工艺关键词及PDF证据生成，非脱离项目的通用题。,可依据对应PDF原文、工程分析表格及所列法规标准逐项复核。,True,,,,新增,是,自动生成；需人工复核项目参数、公式取值、标准适用范围及PDF文字提取完整性。,seed_qa_塑胶行业筛选版_30个国民经济行业分类的人工标记,国民经济行业分类,,待判断,,未复核,部分充分,待判断,部分核验,自动默认,候选池,C_题目或材料问题,,,,,,,,148,MAP_BLANK,人工判断为空：不得自动补填结论；人工判断为空；结构完整但原因需人工确认；存在报告证据，但尚未经人工逐项核验；已列依据来源，但未在本阶段逐条核验,,industry_classification,L3_analysis,multi_evidence_synthesis,evidence_integration,report_grounding；basis_grounding,high,high,cross_section,True,,auto_default,v1,,manual_check=true但人工判断为空
2026-07-24,PL028,V01,PL028_佛山市顺德区振峰塑料模具制造有限公司分车间新建项目,佛山市顺德区振峰塑料模具制造有限公司分车间新建项目,PL028_V01_Q03,环评投资核算,请根据报告中的总投资、环保投资和环保工程投资明细，判断环保投资核算是否前后一致、比例是否正确。,环评投资核算判定结论：需复核；具体分析：表2-11 建设项目环保投资一览表分项合计为20万元。由于基本情况表总投资、环保投资及占比均为空，无法按“环保投资÷总投资×100%”复算占比，也无法完整核对基本情况表与环保投资明细是否一致；不得依据占比倒推缺失金额，需查阅未脱敏原报告。,一、建设项目基本情况；表2-11：分项合计20万元。来源：解析文本拼接_02_021-040(3).md,报告原文-环保投资明细表,2,2,False,需复核,,,,是,,30个PL_环评投资核算QA,环评投资概算,需复核,需人工复核,,未复核,部分充分,有效,不需要外部依据,自动默认,候选池,B_证据不足,,,,,,,,149,MAP_需复核,原结论明确要求人工复核；存在报告证据，但尚未经人工逐项核验；投资复核主要依据报告内金额与算式,,environmental_investment,L2_application,quantitative_verification,numerical_accuracy,report_grounding；procedural_reasoning,low,medium,cross_section,True,,auto_default,v1,,manual_check=false但存在人工判断
2026-07-28,PL028,V01,PL028_佛山市顺德区振峰塑料模具制造有限公司分车间新建项目_01_受理公告或公示版.pdf,佛山市顺德区振峰塑料模具制造有限公司分车间新建项目,PL028_EnvQuality_Q01,大气及地表水环境质量现状数据引用,请根据报告引用的环境质量公报及现状数据，判断大气和地表水环境质量现状数据引用是否准确。,"1、大气及地表水环境质量引用数据正确；
2、项目大气环境质量引用《2023年度佛山市顺德区生态环境状况公报》（佛环顺函〔2024〕44号）。环评对大气环境质量分析内容与《2023年度佛山市顺德区生态环境状况公报》中大气环境状况描述一致，均表明2023年O3（臭氧）浓度超过二级浓度限值，其余五项污染物年评价浓度符合二级浓度限值。经检索，截至审核日该地区最新的环境状况公报为《2024年度佛山市顺德区生态环境状况公报》，可供参考。
项目地表水环境质量引用《2023年度佛山市顺德区生态环境状况公报》（佛环顺函〔2024〕44号）。环评对地表水环境质量分析内容与《2023年度佛山市顺德区生态环境状况公报》中地表水环境状况描述一致，报告中引用2023年顺德区2个国控断面和3个省控断面均符合相应水质目标等数据与公报一致。项目污水处理厂尾水受纳河道为海洲水道（均安污水处理厂），执行标准为III类，与官方登记一致。",证据位置:大气：env_text第2525行，‘根据2023年全区的大气环境质量状况公报，O3（臭氧）浓度超过了《环境空气质...’；地表水：env_text第1360行，‘市顺德区生态环境状况公报》的通知（佛环顺函〔2024〕44号），2023年顺德区2个...’，第1356行，‘尾水排入海洲水道’，第1357行，‘海洲水道属于III类水环境功能区’; 大气公报:《2023年度佛山市顺德区生态环境状况公报》（佛环顺函〔2024〕44号）; 地表水资料:《2023年度佛山市顺德区生态环境状况公报》（佛环顺函〔2024〕44号）,生态环境状况公报知识库; 收纳水体地表水执行标准,2,2,False,正确,大气:正确; 地表水:正确; 报告日期:2024,,,是,未发现明显问题，大气和地表水环境质量引用数据均正确，公报引用在近3年度窗口内，分析内容与公报一致，均安污水处理厂尾水受纳河道（海洲水道）和执行标准（III类）与官方登记一致。,30个环评_大气及地表水环境质量现状数据引用复核QA,环境质量数据引用,正确,无误,,未复核,部分充分,有效,部分核验,自动默认,候选池,A_仅待终审,,,,,,,,150,MAP_正确,存在报告证据，但尚未经人工逐项核验；已列依据来源，但未在本阶段逐条核验,,environmental_quality_data,L3_analysis,consistency_comparison,evidence_integration,report_grounding；basis_grounding,high,high,report_plus_external,True,,auto_default,v1,,manual_check=false但存在人工判断
2026-07-27,PL028,V01,PL028_佛山市顺德区振峰塑料模具制造有限公司分车间新建项目_01_受理公告或公示版.pdf,佛山市顺德区振峰塑料模具制造有限公司分车间新建项目,PL028_Emission_水污,污染物排放标准-水污染物排放标准,请根据报告中的废水类型、预处理方式、排放去向、企业排口标准、污水处理厂名称、尾水排放河道和尾水执行标准，判断水污染物排放标准选取是否合理。要求对比：生活污水排放标准+排入污水处理厂名称+尾水排放河道+尾水排放执行标准，报告与知识库是否一致。,"1、水污染物排放标准中生活污水排放执行标准：无误；
2、水污染物排放标准结论的过程分析内容：报告明确生活污水经三级化粪池预处理后达到《水污染物排放限值》（DB44/26-2001）第二时段三级标准后，排入均安污水处理厂处理，尾水排入海洲水道。均安污水处理厂尾水排放执行《城镇污水处理厂污染物排放标准》（GB18918-2002）一级A标准及DB44/26-2001第二时段一级标准的较严值。报告以表3-4列出pH、CODCr、NH3-N、BOD5、SS等污染物限值，标准选取正确，限值完整，无误。

2.","水标准：「本项目运营期间产生的生活污水经三级化粪池预处理后达到广东省地方标准《水污染物排放限值》(DB44/26-2001) 第二时段三级标准后，排入均安污水处理厂处理，尾水排入海洲水道。均安污水处理厂尾水排放执行《城镇污水处理厂污染物排放标准》（GB18918-2002）一级A 标准及广东省地方标准《水污染物排放限值》（DB44/26-2001）第二时段一级标准的较严值。」
2.",emission-standard-kb.jsonl; DB44/26-2001; DB44/2367-2022; GB31572-2015; GB14554-93; GB12348-2008; GB18597-2023; GB18599-2020,2,2,False,无误,水:无误——DB44/26-2001第二时段三级标准（预处理）及GB18918-2002一级A+DB44/26-2001第二时段一级标准较严值（污水处理厂尾水）选取正确，限值列表完整; 大气:无误——GB31572-2015（含2024修改单）表4、DB44/2367-2022表3、GB14554-93表1+表2、DB44/27-2001第二时段均正确引用，有组织/无组织限值完整; 噪声:无误——GB12348-2008 3类标准选取正确; 固体废物:存在缺漏——GB18597-2023（危废）引用正确，但一般工业固废未明确引用GB18599-2020标准号,,,否,原综合排放标准问答对拆分而来,30份环评_污染物排放控制执行标准复核QA(拆分版),水污染物排放标准,无误,无误,,未复核,部分充分,有效,部分核验,自动默认,候选池,待分流,,,,,,,,151,MAP_无误,存在报告证据，但尚未经人工逐项核验；已列依据来源，但未在本阶段逐条核验,,water_emission_standard,L3_analysis,rule_applicability,basis_grounding,report_grounding；procedural_reasoning,high,high,report_plus_external,True,,auto_default,v1,,manual_check=false但存在人工判断
2026-07-27,PL028,V01,PL028_佛山市顺德区振峰塑料模具制造有限公司分车间新建项目_01_受理公告或公示版.pdf,佛山市顺德区振峰塑料模具制造有限公司分车间新建项目,PL028_Emission_大气,污染物排放标准-大气污染物排放标准,请根据项目行业类别、生产工艺和污染因子，判断大气污染物排放标准选取是否合理。要求分析：污染源覆盖是否完整（列出所有大气污染源及对应标准），是否存在缺漏的污染源或标准。,"1、污染排放标准分析污染源内容：完整；
2、大气污染物排放标准分析：报告分项列明各污染因子执行标准——（1）有机废气：注塑非甲烷总烃及特征污染物（苯乙烯、丙烯腈、1,3-丁二烯、甲苯、乙苯、酚类、光气、氯苯类、二氯甲烷）有组织执行《合成树脂工业污染物排放标准》（GB31572-2015，含2024年修改单）表4排放限值；厂区内无组织NMHC执行《固定污染源挥发性有机物综合排放标准》（DB44/2367-2022）表3限值（1h平均≤6mg/m3，任意一次≤20mg/m3）。（2）恶臭：臭气浓度执行《恶臭污染物排放标准》（GB14554-93）表1厂界二级标准（≤20无量纲）及表2中25m排气筒有组织标准（≤6000无量纲）。（3）颗粒物：破碎及机加工颗粒物无组织执行《大气污染物排放限值》（DB44/27-2001）第二时段厂界监控浓度限值（≤1.0mg/m3）。报告以表3-5、表3-6结构化列出各工序污染因子的有组织/无组织排放限值及标准来源，标准选取完整准确。排气筒实际高度24m，按四舍五入执行25m臭气浓度标准值，做法合理并已说明依据。无误。

3.","大气标准：「项目注塑过程会产生的非甲烷总烃，有组织执行《合成树脂工业污染物排放标准》（GB31572-2015，含2024 年修改单）中的表4 中规定的排放限值。厂区内无组织排放的NMHC 执行《固定污染源挥发性有机物综合排放标准》（DB44 2367-2022）表3 规定的限值标准。」「项目注塑过程产生的臭气排放执行《恶臭污染物排放标准》（GB14554-93）中表1厂界标准值二级标准」「无组织颗粒物执行广东省地方标准《大气污染物排放限值》（DB44/27-2001）第二时段厂界监控点浓度限值要求。」
3.",emission-standard-kb.jsonl; DB44/26-2001; DB44/2367-2022; GB31572-2015; GB14554-93; GB12348-2008; GB18597-2023; GB18599-2020,2,2,False,无误,水:无误——DB44/26-2001第二时段三级标准（预处理）及GB18918-2002一级A+DB44/26-2001第二时段一级标准较严值（污水处理厂尾水）选取正确，限值列表完整; 大气:无误——GB31572-2015（含2024修改单）表4、DB44/2367-2022表3、GB14554-93表1+表2、DB44/27-2001第二时段均正确引用，有组织/无组织限值完整; 噪声:无误——GB12348-2008 3类标准选取正确; 固体废物:存在缺漏——GB18597-2023（危废）引用正确，但一般工业固废未明确引用GB18599-2020标准号,,,否,原综合排放标准问答对拆分而来,30份环评_污染物排放控制执行标准复核QA(拆分版),大气污染物排放标准,无误,无误,,未复核,部分充分,有效,部分核验,自动默认,候选池,待分流,,,,,,,,152,MAP_无误,存在报告证据，但尚未经人工逐项核验；已列依据来源，但未在本阶段逐条核验,,air_emission_standard,L3_analysis,multi_evidence_synthesis,basis_grounding,report_grounding；evidence_integration,high,high,report_plus_external,True,,auto_default,v1,,manual_check=false但存在人工判断
2026-07-27,PL028,V01,PL028_佛山市顺德区振峰塑料模具制造有限公司分车间新建项目_01_受理公告或公示版.pdf,佛山市顺德区振峰塑料模具制造有限公司分车间新建项目,PL028_Emission_噪声,污染物排放标准-噪声排放标准,请根据项目所属声环境功能区类别，判断噪声排放标准选取是否合理。要求总结声功能区类型、厂界执行标准（GB12348-2008）及昼夜限值，并与环评编制内容进行一致性分析。,"1、噪声排放标准中执行标准与排放限值内容：无误；
2、报告明确厂界噪声执行《工业企业厂界环境噪声排放标准》（GB12348-2008）3类标准（昼间≤65dB(A)，夜间≤55dB(A)），选取正确，无误。

4.","噪声标准：「项目厂界噪声执行《工业企业厂界环境噪声排放标准》（GB12348-2008）中的3 类标准：昼间≤65dB（A），夜间≤55dB（A）。」
4.",emission-standard-kb.jsonl; DB44/26-2001; DB44/2367-2022; GB31572-2015; GB14554-93; GB12348-2008; GB18597-2023; GB18599-2020,2,2,False,无误,水:无误——DB44/26-2001第二时段三级标准（预处理）及GB18918-2002一级A+DB44/26-2001第二时段一级标准较严值（污水处理厂尾水）选取正确，限值列表完整; 大气:无误——GB31572-2015（含2024修改单）表4、DB44/2367-2022表3、GB14554-93表1+表2、DB44/27-2001第二时段均正确引用，有组织/无组织限值完整; 噪声:无误——GB12348-2008 3类标准选取正确; 固体废物:存在缺漏——GB18597-2023（危废）引用正确，但一般工业固废未明确引用GB18599-2020标准号,,,否,原综合排放标准问答对拆分而来,30份环评_污染物排放控制执行标准复核QA(拆分版),噪声排放标准,无误,无误,,未复核,部分充分,有效,部分核验,自动默认,候选池,待分流,,,,,,,,153,MAP_无误,存在报告证据，但尚未经人工逐项核验；已列依据来源，但未在本阶段逐条核验,,noise_emission_standard,L2_application,rule_applicability,basis_grounding,report_grounding,high,medium,report_plus_external,True,,auto_default,v1,,manual_check=false但存在人工判断
2026-07-27,PL028,V01,PL028_佛山市顺德区振峰塑料模具制造有限公司分车间新建项目_01_受理公告或公示版.pdf,佛山市顺德区振峰塑料模具制造有限公司分车间新建项目,PL028_Emission_固体,污染物排放标准-固体废物控制标准,请根据项目产生的固体废物和危险废物类型，判断固体废物控制标准选取是否合理。要求总结一般工业固体废物和危险废物执行标准的标准名称及编号，分析是否缺少必要标准条目。,"1、固体废物控制排放中执行标准内容：无误；
2、固体废物控制排放内容总结：报告已引用固体废物污染环境防治法、广东省固体废物污染环境防治条例、危险废物贮存污染控制标准（GB18597-2023）等法律法规和标准，固体废物控制标准编制完整。（注：报告还额外引用了GB18599-2020《一般工业固体废物贮存和填埋污染控制标准》，但该标准不在当前审核知识库必须满足的标准清单中，不影响判定结论。）",固废标准：「危险废物在厂区内暂存应符合《危险废物贮存污染控制标准》（GB18597-2023）；一般工业固废在厂区内贮存过程应满足相应防渗漏、防雨淋、防扬尘等环境保护要求」,emission-standard-kb.jsonl; DB44/26-2001; DB44/2367-2022; GB31572-2015; GB14554-93; GB12348-2008; GB18597-2023; GB18599-2020,2,2,False,无误,水:无误——DB44/26-2001第二时段三级标准（预处理）及GB18918-2002一级A+DB44/26-2001第二时段一级标准较严值（污水处理厂尾水）选取正确，限值列表完整; 大气:无误——GB31572-2015（含2024修改单）表4、DB44/2367-2022表3、GB14554-93表1+表2、DB44/27-2001第二时段均正确引用，有组织/无组织限值完整; 噪声:无误——GB12348-2008 3类标准选取正确; 固体废物:存在缺漏——GB18597-2023（危废）引用正确，但一般工业固废未明确引用GB18599-2020标准号,,,否,修正：GB18599-2020不在知识库必须满足的标准清单中，原判定依据已更正。原综合排放标准问答对拆分而来,30份环评_污染物排放控制执行标准复核QA(拆分版),固体废物控制标准,无误,无误,,未复核,部分充分,有效,部分核验,自动默认,候选池,待分流,,,,,,,,154,MAP_无误,存在报告证据，但尚未经人工逐项核验；已列依据来源，但未在本阶段逐条核验,,solid_waste_standard,L2_application,rule_applicability,basis_grounding,report_grounding,high,medium,report_plus_external,True,,auto_default,v1,,manual_check=false但存在人工判断
2026-06-25,PL029,V01,年10月24日建设项目环境影响报告书（表）受理公告（均安）_2.pdf,佛山市茂安耀科技有限公司新建项目,PL029_V01_Q01,1. 塑胶行业样本筛选与国民经济行业分类,请结合项目产品、原辅材料和生产工艺，判断该报告行业类别是否基本合理。,国民经济行业类型判定结论：正确；具体分析：根据项目概况，本项目以ABS、HIPS、GPPS、PP、TPE塑料粒及色母粒为主要原辅材料，经混料、熔融注塑、冷却、检验和包装等工序，生产家电塑料配件和日用塑料制品；注塑产生的边角料和不合格品经破碎后回用于生产。经识别，家电塑料配件属于C2929塑料零件及其他塑料制品制造，日用塑料制品属于C2927日用塑料制品制造，与报告填报的国民经济行业类别一致，行业类别基本合理。,"德区均安镇均安社区祥安南路 6 号之五 地理坐标 （东经 113°9'51.7890""E，北纬 22°41'23.6046""N） 国民经济 行业类别 C2929 塑料零件及其他 塑料制品制造 C2927日用塑料制品制 造 建设性质 新建（迁建） □改建 □扩建 □技术改造 项目审批（核准/ 备案）部门（选填） 无 建设项目 行业类别 二十六、橡胶和塑料制品业 29—53.塑料制品业 292—其 他（年用非溶剂型低 VOCs 含量涂料 10 吨以下的除外） 建设项目 申报情形 首次申报项目 □不予批准后再次申报项目 超五年重新审核项目 □重大变动重新报批项目 项目审批（核准/ 备案）文号（选填） 无 总投资（万元） 环保投资（万元） 环保投资占比（%） 施工工期 1 个月 用地（用海） 面积（m2） 987.5 是否开工建设 否 是： 专项评价 设置情况 无 规划情况 无 规划环境",《国民经济行业分类》(GB/T 4754—2017)；本任务C292筛选及C17/C18排除规则,结合本项目行业代码、建设性质、工艺关键词及PDF证据生成，非脱离项目的通用题。,可依据对应PDF原文、工程分析表格及所列法规标准逐项复核。,True,,,,新增,是,自动生成；需人工复核项目参数、公式取值、标准适用范围及PDF文字提取完整性。,seed_qa_塑胶行业筛选版_30个国民经济行业分类的人工标记,国民经济行业分类,,待判断,,未复核,部分充分,待判断,部分核验,自动默认,候选池,C_题目或材料问题,,,,,,,,155,MAP_BLANK,人工判断为空：不得自动补填结论；人工判断为空；结构完整但原因需人工确认；存在报告证据，但尚未经人工逐项核验；已列依据来源，但未在本阶段逐条核验,,industry_classification,L3_analysis,multi_evidence_synthesis,evidence_integration,report_grounding；basis_grounding,high,high,cross_section,True,,auto_default,v1,,manual_check=true但人工判断为空
2026-07-24,PL029,V01,PL029_佛山市茂安耀科技有限公司新建项目,佛山市茂安耀科技有限公司新建项目,PL029_V01_Q03,环评投资核算,请根据报告中的总投资、环保投资和环保工程投资明细，判断环保投资核算是否前后一致、比例是否正确。,环评投资核算判定结论：需复核；具体分析：表2-11 建设项目环保投资一览表分项合计为20万元。由于基本情况表总投资、环保投资及占比均为空，无法按“环保投资÷总投资×100%”复算占比，也无法完整核对基本情况表与环保投资明细是否一致；不得依据占比倒推缺失金额，需查阅未脱敏原报告。,一、建设项目基本情况；表2-11：分项合计20万元。来源：解析文本拼接_02_021-040(3).md,报告原文-环保投资明细表,2,2,False,需复核,,,,是,,30个PL_环评投资核算QA,环评投资概算,需复核,需人工复核,,未复核,部分充分,有效,不需要外部依据,自动默认,候选池,B_证据不足,,,,,,,,156,MAP_需复核,原结论明确要求人工复核；存在报告证据，但尚未经人工逐项核验；投资复核主要依据报告内金额与算式,,environmental_investment,L2_application,quantitative_verification,numerical_accuracy,report_grounding；procedural_reasoning,low,medium,cross_section,True,,auto_default,v1,,manual_check=false但存在人工判断
2026-07-28,PL029,V01,PL029_佛山市茂安耀科技有限公司新建项目_01_受理公告或公示版.pdf,佛山市茂安耀科技有限公司新建项目,PL029_EnvQuality_Q01,大气及地表水环境质量现状数据引用,请根据报告引用的环境质量公报及现状数据，判断大气和地表水环境质量现状数据引用是否准确。,"1、大气及地表水环境质量引用数据正确；
2、项目大气环境质量引用《2023年度佛山市顺德区生态环境状况公报》（佛环顺函〔2024〕44号）。环评对大气环境质量分析内容与《2023年度佛山市顺德区生态环境状况公报》中大气环境状况描述一致，均表明2023年O3（臭氧）浓度超过二级浓度限值，其余五项污染物年评价浓度符合二级浓度限值。经检索，截至审核日该地区最新的环境状况公报为《2024年度佛山市顺德区生态环境状况公报》，可供参考。
项目地表水环境质量引用《2023年度佛山市顺德区生态环境状况公报》（佛环顺函〔2024〕44号）。环评对地表水环境质量分析内容与《2023年度佛山市顺德区生态环境状况公报》中地表水环境状况描述一致，报告中引用2023年顺德区2个国控断面和3个省控断面均符合相应水质目标等数据与公报一致。项目污水处理厂尾水受纳河道为海洲水道（均安污水处理厂），执行标准为III类，与官方登记一致。",证据位置:大气：env_text第2567行，‘根据2023年全区的大气环境质量状况公报，O3（臭氧）浓度超过了《环境空气质...’；地表水：env_text第1453行，‘市顺德区生态环境状况公报》的通知（佛环顺函〔2024〕44号），2023年顺德区2个...’，第1449行，‘尾水排入海洲水道’，第1450行，‘海洲水道属于III类水环境功能区’; 大气公报:《2023年度佛山市顺德区生态环境状况公报》（佛环顺函〔2024〕44号）; 地表水资料:《2023年度佛山市顺德区生态环境状况公报》（佛环顺函〔2024〕44号）,生态环境状况公报知识库; 收纳水体地表水执行标准,2,2,False,正确,大气:正确; 地表水:正确; 报告日期:2024,,,是,未发现明显问题，大气和地表水环境质量引用数据均正确，公报引用在近3年度窗口内，分析内容与公报一致，均安污水处理厂尾水受纳河道（海洲水道）和执行标准（III类）与官方登记一致。,30个环评_大气及地表水环境质量现状数据引用复核QA,环境质量数据引用,正确,无误,,未复核,部分充分,有效,部分核验,自动默认,候选池,A_仅待终审,,,,,,,,157,MAP_正确,存在报告证据，但尚未经人工逐项核验；已列依据来源，但未在本阶段逐条核验,,environmental_quality_data,L3_analysis,consistency_comparison,evidence_integration,report_grounding；basis_grounding,high,high,report_plus_external,True,,auto_default,v1,,manual_check=false但存在人工判断
2026-07-27,PL029,V01,PL029_佛山市茂安耀科技有限公司新建项目_01_受理公告或公示版.pdf,佛山市茂安耀科技有限公司新建项目,PL029_Emission_水污,污染物排放标准-水污染物排放标准,请根据报告中的废水类型、预处理方式、排放去向、企业排口标准、污水处理厂名称、尾水排放河道和尾水执行标准，判断水污染物排放标准选取是否合理。要求对比：生活污水排放标准+排入污水处理厂名称+尾水排放河道+尾水排放执行标准，报告与知识库是否一致。,"1、水污染物排放标准中生活污水排放执行标准：无误；
2、水污染物排放标准结论的过程分析内容：报告明确生活污水经三级化粪池预处理后达到DB44/26-2001第二时段三级标准，排入均安污水处理厂处理，尾水排入海洲水道。污水处理厂尾水执行GB18918-2002一级A标准及DB44/26-2001第二时段一级标准的较严值。报告以表3-4列出pH、CODCr、NH3-N、BOD5、SS等污染物限值，标准选取正确，限值完整，无误。

2.","水标准：「本项目运营期间产生的生活污水经三级化粪池预处理后达到广东省地方标准《水污染物排放限值》(DB44/26-2001) 第二时段三级标准后，排入均安污水处理厂处理，尾水排入海洲水道。均安污水处理厂尾水排放执行《城镇污水处理厂污染物排放标准》（GB18918-2002）一级A 标准及广东省地方标准《水污染物排放限值》（DB44/26-2001）第二时段一级标准的较严值。」
2.",emission-standard-kb.jsonl; DB44/26-2001; DB44/2367-2022; GB31572-2015; GB14554-93; GB12348-2008; GB18597-2023; GB18599-2020,2,2,False,无误,水:无误——DB44/26-2001第二时段三级标准（预处理）及GB18918-2002一级A+DB44/26-2001第二时段一级标准较严值（污水处理厂尾水）选取正确，限值列表完整; 大气:无误——GB31572-2015（含2024修改单）表4特征污染物标注准确（①ABS②聚苯乙烯），DB44/2367-2022表3、GB14554-93表1+表2、DB44/27-2001均正确引用; 噪声:无误——GB12348-2008 3类标准选取正确; 固体废物:存在缺漏——GB18597-2023（危废）引用正确，但一般工业固废未明确引用GB18599-2020标准号,,,否,原综合排放标准问答对拆分而来,30份环评_污染物排放控制执行标准复核QA(拆分版),水污染物排放标准,无误,无误,,未复核,部分充分,有效,部分核验,自动默认,候选池,待分流,,,,,,,,158,MAP_无误,存在报告证据，但尚未经人工逐项核验；已列依据来源，但未在本阶段逐条核验,,water_emission_standard,L3_analysis,rule_applicability,basis_grounding,report_grounding；procedural_reasoning,high,high,report_plus_external,True,,auto_default,v1,,manual_check=false但存在人工判断
2026-07-27,PL029,V01,PL029_佛山市茂安耀科技有限公司新建项目_01_受理公告或公示版.pdf,佛山市茂安耀科技有限公司新建项目,PL029_Emission_大气,污染物排放标准-大气污染物排放标准,请根据项目行业类别、生产工艺和污染因子，判断大气污染物排放标准选取是否合理。要求分析：污染源覆盖是否完整（列出所有大气污染源及对应标准），是否存在缺漏的污染源或标准。,"1、污染排放标准分析污染源内容：完整；
2、大气污染物排放标准分析：报告分项列明——（1）有机废气：注塑非甲烷总烃及特征污染物有组织执行GB31572-2015（含2024年修改单）表4排放限值。特征污染物备注标注准确：①ABS树脂生产特征污染物（苯乙烯、丙烯腈、1,3-丁二烯、甲苯），②聚苯乙烯树脂生产特征污染物（苯乙烯、甲苯、乙苯），对应项目使用HIPS/GPPS/ABS原料，标注合理。（2）厂区内无组织NMHC执行DB44/2367-2022表3限值（1h平均≤6mg/m3，任意一次≤20mg/m3）。（3）恶臭：臭气浓度执行GB14554-93表1厂界二级标准（≤20无量纲）及表2中25m排气筒标准（≤6000无量纲）。（4）破碎颗粒物无组织执行DB44/27-2001无组织排放监控浓度限值周界外浓度最高点（≤1.0mg/m3）。报告以表3-5、表3-6结构化列出限值，标准选取完整准确。排气筒高度24m按四舍五入执行25m臭气浓度标准值，做法合理。无误。

3.","大气标准：「项目注塑过程会产生的非甲烷总烃，有组织执行《合成树脂工业污染物排放标准》（GB31572-2015，含2024 年修改单）中的表4 中规定的排放限值。」「厂区内无组织排放的NMHC 执行《固定污染源挥发性有机物综合排放标准》（DB44 2367-2022）表3 规定的限值标准」「项目注塑过程产生的臭气排放执行《恶臭污染物排放标准》（GB14554-93）中表1厂界标准值二级标准」「破碎粉尘执行广东省地方标准《大气污染物排放限值》(DB44/27-2001）无组织排放监控浓度限值周界外浓度最高点浓度限值」
3.",emission-standard-kb.jsonl; DB44/26-2001; DB44/2367-2022; GB31572-2015; GB14554-93; GB12348-2008; GB18597-2023; GB18599-2020,2,2,False,无误,水:无误——DB44/26-2001第二时段三级标准（预处理）及GB18918-2002一级A+DB44/26-2001第二时段一级标准较严值（污水处理厂尾水）选取正确，限值列表完整; 大气:无误——GB31572-2015（含2024修改单）表4特征污染物标注准确（①ABS②聚苯乙烯），DB44/2367-2022表3、GB14554-93表1+表2、DB44/27-2001均正确引用; 噪声:无误——GB12348-2008 3类标准选取正确; 固体废物:存在缺漏——GB18597-2023（危废）引用正确，但一般工业固废未明确引用GB18599-2020标准号,,,否,原综合排放标准问答对拆分而来,30份环评_污染物排放控制执行标准复核QA(拆分版),大气污染物排放标准,无误,无误,,未复核,部分充分,有效,部分核验,自动默认,候选池,待分流,,,,,,,,159,MAP_无误,存在报告证据，但尚未经人工逐项核验；已列依据来源，但未在本阶段逐条核验,,air_emission_standard,L3_analysis,multi_evidence_synthesis,basis_grounding,report_grounding；evidence_integration,high,high,report_plus_external,True,,auto_default,v1,,manual_check=false但存在人工判断
2026-07-27,PL029,V01,PL029_佛山市茂安耀科技有限公司新建项目_01_受理公告或公示版.pdf,佛山市茂安耀科技有限公司新建项目,PL029_Emission_噪声,污染物排放标准-噪声排放标准,请根据项目所属声环境功能区类别，判断噪声排放标准选取是否合理。要求总结声功能区类型、厂界执行标准（GB12348-2008）及昼夜限值，并与环评编制内容进行一致性分析。,"1、噪声排放标准中执行标准与排放限值内容：无误；
2、报告明确厂界噪声执行GB12348-2008 3类标准（昼间≤65dB(A)，夜间≤55dB(A)），选取正确，无误。

4.","噪声标准：「项目厂界噪声执行《工业企业厂界环境噪声排放标准》（GB12348-2008）中的3 类标准：昼间≤65dB（A），夜间≤55dB（A）。」
4.",emission-standard-kb.jsonl; DB44/26-2001; DB44/2367-2022; GB31572-2015; GB14554-93; GB12348-2008; GB18597-2023; GB18599-2020,2,2,False,无误,水:无误——DB44/26-2001第二时段三级标准（预处理）及GB18918-2002一级A+DB44/26-2001第二时段一级标准较严值（污水处理厂尾水）选取正确，限值列表完整; 大气:无误——GB31572-2015（含2024修改单）表4特征污染物标注准确（①ABS②聚苯乙烯），DB44/2367-2022表3、GB14554-93表1+表2、DB44/27-2001均正确引用; 噪声:无误——GB12348-2008 3类标准选取正确; 固体废物:存在缺漏——GB18597-2023（危废）引用正确，但一般工业固废未明确引用GB18599-2020标准号,,,否,原综合排放标准问答对拆分而来,30份环评_污染物排放控制执行标准复核QA(拆分版),噪声排放标准,无误,无误,,未复核,部分充分,有效,部分核验,自动默认,候选池,待分流,,,,,,,,160,MAP_无误,存在报告证据，但尚未经人工逐项核验；已列依据来源，但未在本阶段逐条核验,,noise_emission_standard,L2_application,rule_applicability,basis_grounding,report_grounding,high,medium,report_plus_external,True,,auto_default,v1,,manual_check=false但存在人工判断
2026-07-27,PL029,V01,PL029_佛山市茂安耀科技有限公司新建项目_01_受理公告或公示版.pdf,佛山市茂安耀科技有限公司新建项目,PL029_Emission_固体,污染物排放标准-固体废物控制标准,请根据项目产生的固体废物和危险废物类型，判断固体废物控制标准选取是否合理。要求总结一般工业固体废物和危险废物执行标准的标准名称及编号，分析是否缺少必要标准条目。,"1、固体废物控制排放中执行标准内容：无误；
2、固体废物控制排放内容总结：报告已引用固体废物污染环境防治法、广东省固体废物污染环境防治条例、危险废物贮存污染控制标准（GB18597-2023）等法律法规和标准，固体废物控制标准编制完整。（注：报告还额外引用了GB18599-2020《一般工业固体废物贮存和填埋污染控制标准》，但该标准不在当前审核知识库必须满足的标准清单中，不影响判定结论。）","固废标准：「危险废物在厂区内暂存应符合《危险废物贮存污染控制标准》（GB18597-2023）；一般工业固废在厂区内贮存过程应满足相应防渗漏、防雨淋、防扬尘等环境保护要求」
5. 特征污染物备注：「①ABS 树脂生产时产生的特征污染物。②聚苯乙烯树脂生产时产生的特征污染物。」",emission-standard-kb.jsonl; DB44/26-2001; DB44/2367-2022; GB31572-2015; GB14554-93; GB12348-2008; GB18597-2023; GB18599-2020,2,2,False,无误,水:无误——DB44/26-2001第二时段三级标准（预处理）及GB18918-2002一级A+DB44/26-2001第二时段一级标准较严值（污水处理厂尾水）选取正确，限值列表完整; 大气:无误——GB31572-2015（含2024修改单）表4特征污染物标注准确（①ABS②聚苯乙烯），DB44/2367-2022表3、GB14554-93表1+表2、DB44/27-2001均正确引用; 噪声:无误——GB12348-2008 3类标准选取正确; 固体废物:存在缺漏——GB18597-2023（危废）引用正确，但一般工业固废未明确引用GB18599-2020标准号,,,否,修正：GB18599-2020不在知识库必须满足的标准清单中，原判定依据已更正。原综合排放标准问答对拆分而来,30份环评_污染物排放控制执行标准复核QA(拆分版),固体废物控制标准,无误,无误,,未复核,部分充分,有效,部分核验,自动默认,候选池,待分流,,,,,,,,161,MAP_无误,存在报告证据，但尚未经人工逐项核验；已列依据来源，但未在本阶段逐条核验,,solid_waste_standard,L2_application,rule_applicability,basis_grounding,report_grounding,high,medium,report_plus_external,True,,auto_default,v1,,manual_check=false但存在人工判断
2026-06-25,PL030,V01,年10月25日建设项目环境影响报告书（表）受理公告（佛山市生态环境局顺德分局）_3.pdf,佛山市瑞易德塑料五金制品有限公司搬迁项目,PL030_V01_Q01,1. 塑胶行业样本筛选与国民经济行业分类,请结合项目产品、原辅材料和生产工艺，判断该报告行业类别是否基本合理。,国民经济行业类型判定结论：正确；具体分析：根据项目概况，本项目以PA6、POM、ABS、PC、TPU、PP塑料粒及色粉为主要原辅材料，经投料、混料、熔融注塑、冷却成型、破碎回用、振动筛分和组装等工序，生产抽屉导轨配件等家具塑料配件；同时以钢材为主要原料，经铣削、磨削、电火花、钻孔、外委热处理、线切割及CNC加工，并与顶针、螺丝、弹簧等零配件组装，生产注塑机模具，所产模具大部分对外销售。经识别，家具塑料配件属于C2929塑料零件及其他塑料制品制造，注塑模具属于C3525模具制造，与项目填报的国民经济行业类别C2929塑料零件及其他塑料制品制造、C3525模具制造一致，行业类别基本合理。,39 号科能产业园 5 栋 401 地理坐标 （ 22 度 50 分 32.420 秒， 113 度 8 分 41.570 秒） 国民经济 行业类别 C2929 塑料零件及其他塑 料制品制造、C3525 模具 制造 建设项目 行业类别 二十六、橡胶和塑料制品业 29，53 塑 料制品业 292，其他（年用非溶剂型 低 VOCs 含量涂料 10 吨以下的除外） 建设性质  新建（迁建）  改建  扩建  技术改造 建设项目 申报情形  首次申报项目  不予批准后再次申报项目  超五年重新审核项目  重大变动重新报批项目 / 项目审批 （核准/备 案） 文号（选填） / 总投资 （万元） 200 环保投资 （万元） 15 环保投资占比 （%） 7.5 施工工期 2 个月 用地（用海） 面积（m2） 2541.88 项目审批 （核准/备案） 部门（选填） 是否开工建设  否 ,《国民经济行业分类》(GB/T 4754—2017)；本任务C292筛选及C17/C18排除规则,结合本项目行业代码、建设性质、工艺关键词及PDF证据生成，非脱离项目的通用题。,可依据对应PDF原文、工程分析表格及所列法规标准逐项复核。,True,,,,新增,是,自动生成；需人工复核项目参数、公式取值、标准适用范围及PDF文字提取完整性。,seed_qa_塑胶行业筛选版_30个国民经济行业分类的人工标记,国民经济行业分类,,待判断,,未复核,部分充分,待判断,部分核验,自动默认,候选池,C_题目或材料问题,,,,,,,,162,MAP_BLANK,人工判断为空：不得自动补填结论；人工判断为空；结构完整但原因需人工确认；存在报告证据，但尚未经人工逐项核验；已列依据来源，但未在本阶段逐条核验,,industry_classification,L3_analysis,multi_evidence_synthesis,evidence_integration,report_grounding；basis_grounding,high,high,cross_section,True,,auto_default,v1,,manual_check=true但人工判断为空
2026-07-24,PL030,V01,PL030_佛山市瑞易德塑料五金制品有限公司搬迁项目,佛山市瑞易德塑料五金制品有限公司搬迁项目,PL030_V01_Q03,环评投资核算,请根据报告中的总投资、环保投资和环保工程投资明细，判断环保投资核算是否前后一致、比例是否正确。,环评投资核算判定结论：正确；具体分析：报告填报总投资为200万元、环保投资为15万元、环保投资占比为7.5%。按“环保投资÷总投资×100%”复算为7.50%，与报告填报值一致；表4-16 环境保护工程措施投资中的分项投资合计为15万元，与环保投资一致。因此，环保投资金额、分项合计及占比前后一致，核算正确。,一、建设项目基本情况；表4-16：总投资200万元、环保投资15万元、占比7.5%；分项合计15万元。来源：解析文本拼接_02_021-040(3).md,报告原文-环保投资明细表,2,2,False,正确,,,,否,,30个PL_环评投资核算QA,环评投资概算,正确,无误,,未复核,部分充分,有效,不需要外部依据,自动默认,候选池,待分流,,,,,,,,163,MAP_正确,存在报告证据，但尚未经人工逐项核验；投资复核主要依据报告内金额与算式,,environmental_investment,L2_application,quantitative_verification,numerical_accuracy,report_grounding；procedural_reasoning,low,medium,cross_section,True,,auto_default,v1,,manual_check=false但存在人工判断
2026-07-28,PL030,V01,PL030_佛山市瑞易德塑料五金制品有限公司搬迁项目_01_受理公告或公示版.pdf,佛山市瑞易德塑料五金制品有限公司搬迁项目,PL030_EnvQuality_Q01,大气及地表水环境质量现状数据引用,请根据报告引用的环境质量公报及现状数据，判断大气和地表水环境质量现状数据引用是否准确。,"1、【大气及地表水环境质量引用数据正确】；
2、项目大气环境质量引用《2023年度佛山市顺德区生态环境状况公报》（佛环顺函〔2024〕44号）。环评对大气环境质量分析内容与《2023年度佛山市顺德区生态环境状况公报》中大气环境状况描述一致，2023年顺德区空气质量综合指数为3.14，O3浓度超过《环境空气质量标准》二级浓度限值，SO2、NO2、PM10、PM2.5、CO五项污染物年评价浓度符合二级浓度限值。经检索，截至审核日该地区最新的环境状况公报为《2024年度佛山市顺德区生态环境状况公报》，可供参考。
项目地表水环境质量引用《2023年度佛山市顺德区生态环境状况公报》（佛环顺函〔2024〕44号）。环评对地表水环境质量分析内容与《2023年度佛山市顺德区生态环境状况公报》中地表水环境状况描述一致，2023年顺德区5个饮用水源水质状况全部为优，2个国控断面和3个省控断面均符合相应水质目标，水质优良率100%。项目污水处理厂尾水受纳河道为顺德支流（勒流污水处理厂），执行标准为III类，与官方登记一致。",证据位置:大气：env_text第1625-1626行引用佛环顺函〔2024〕44号，2023年空气质量综合指数为3.14；第1664行O3浓度超过《环境空气质量标准》；地表水：env_text第1712-1713行勒流污水处理厂尾水排至顺德支流；第1716行引用佛环顺函〔2024〕44号，2023年5个饮用水源; 大气公报:《2023年度佛山市顺德区生态环境状况公报》（佛环顺函〔2024〕44号）; 地表水资料:《2023年度佛山市顺德区生态环境状况公报》（佛环顺函〔2024〕44号）,生态环境状况公报知识库; 收纳水体地表水执行标准,2,2,False,正确,大气:正确; 地表水:正确; 报告日期:2024-04,,,是,无明显问题。报告引用《2023年度佛山市顺德区生态环境状况公报》（佛环顺函〔2024〕44号），该公报发布日期为2024-03-26，早于报告编制时间，属于近3年数据窗口内。大气环境质量分析内容（O3超标，其余达标）与公报一致，勒流污水处理厂尾水受纳河道顺德支流与官方登记一致。,30个环评_大气及地表水环境质量现状数据引用复核QA,环境质量数据引用,正确,无误,,未复核,部分充分,有效,部分核验,自动默认,候选池,A_仅待终审,,,,,,,,164,MAP_正确,存在报告证据，但尚未经人工逐项核验；已列依据来源，但未在本阶段逐条核验,,environmental_quality_data,L3_analysis,consistency_comparison,evidence_integration,report_grounding；basis_grounding,high,high,report_plus_external,True,,auto_default,v1,,manual_check=false但存在人工判断
2026-07-27,PL030,V01,PL030_佛山市瑞易德塑料五金制品有限公司搬迁项目_01_受理公告或公示版.pdf,佛山市瑞易德塑料五金制品有限公司搬迁项目,PL030_Emission_水污,污染物排放标准-水污染物排放标准,请根据报告中的废水类型、预处理方式、排放去向、企业排口标准、污水处理厂名称、尾水排放河道和尾水执行标准，判断水污染物排放标准选取是否合理。要求对比：生活污水排放标准+排入污水处理厂名称+尾水排放河道+尾水排放执行标准，报告与知识库是否一致。,"1、水污染物排放标准中生活污水排放执行标准：存在缺漏；
2、水污染物排放标准结论的过程分析内容：报告提及勒流污水处理厂尾水执行GB18918-2002一级A标准及DB44/26-2001的较严值，生活污水经三级化粪池预处理后排入勒流污水处理厂。但未明确列出生活污水经三级化粪池预处理后应执行的标准（应为DB44/26-2001第二时段三级标准），也未以表格形式列出各污染物限值。预处理标准缺失，存在缺漏。

2.","水标准片段：「尾水应执行《城镇污水处理厂污染物排放标准》（GB18918-2002）一级A标准及《广东省水污染物排放限值》（DB44/26-2001）的较严值。」「生活污水经三级化粪池预处理后排入勒流污水处理厂」
2.",emission-standard-kb.jsonl; DB44/26-2001; DB44/2367-2022; GB31572-2015; GB14554-93; GB12348-2008; GB18597-2023; GB18599-2020,2,2,False,存在缺漏,水:存在缺漏——污水处理厂尾水标准已提及，但生活污水预处理标准（DB44/26-2001第二时段三级标准）未明确列出，无限值表格; 大气:存在缺漏——排放标准信息分散于政策分析中，未结构化列出GB31572-2015、DB44/2367-2022、GB14554-93、DB44/27-2001等标准及限值; 噪声:存在缺漏——全文未提及GB12348-2008或任何噪声排放标准; 固体废物:存在缺漏——全文未引用GB18597-2023、GB18599-2020、GB34330-2017等固废控制标准,,,是,原综合排放标准问答对拆分而来,30份环评_污染物排放控制执行标准复核QA(拆分版),水污染物排放标准,存在缺漏,存在缺漏,,未复核,部分充分,有效,部分核验,自动默认,候选池,A_仅待终审,,,,,,,,165,MAP_存在缺漏,存在报告证据，但尚未经人工逐项核验；已列依据来源，但未在本阶段逐条核验,,water_emission_standard,L3_analysis,rule_applicability,basis_grounding,report_grounding；procedural_reasoning,high,high,report_plus_external,True,,auto_default,v1,,manual_check=false但存在人工判断
2026-07-27,PL030,V01,PL030_佛山市瑞易德塑料五金制品有限公司搬迁项目_01_受理公告或公示版.pdf,佛山市瑞易德塑料五金制品有限公司搬迁项目,PL030_Emission_大气,污染物排放标准-大气污染物排放标准,请根据项目行业类别、生产工艺和污染因子，判断大气污染物排放标准选取是否合理。要求分析：污染源覆盖是否完整（列出所有大气污染源及对应标准），是否存在缺漏的污染源或标准。,"1、污染排放标准分析污染源内容：不完整；
2、大气污染物排放标准分析：报告在政策相符性分析中提及DB44/2367-2022相关要求（排气筒高度不低于15m、NMHC初始排放速率等），注塑废气经单层密闭负压收集后引至活性炭吸附装置处理，通过45m排气筒G1排放。但未以结构化方式列出各污染因子的执行标准名称、标准号及具体限值。项目涉及注塑（应执行GB31572-2015）、破碎和机加工颗粒物（应执行DB44/27-2001）、恶臭（应执行GB14554-93）等，均未明确引用。存在缺漏。

3.","大气标准片段：「注塑废气经单层密闭负压收集后引至一套活性炭吸附装置处理，最后通过45m 排气筒G1 排放」「项目收集的废气中NMHC初始排放速率＜2kg/h」
3.",emission-standard-kb.jsonl; DB44/26-2001; DB44/2367-2022; GB31572-2015; GB14554-93; GB12348-2008; GB18597-2023; GB18599-2020,2,2,False,存在缺漏,水:存在缺漏——污水处理厂尾水标准已提及，但生活污水预处理标准（DB44/26-2001第二时段三级标准）未明确列出，无限值表格; 大气:存在缺漏——排放标准信息分散于政策分析中，未结构化列出GB31572-2015、DB44/2367-2022、GB14554-93、DB44/27-2001等标准及限值; 噪声:存在缺漏——全文未提及GB12348-2008或任何噪声排放标准; 固体废物:存在缺漏——全文未引用GB18597-2023、GB18599-2020、GB34330-2017等固废控制标准,,,是,原综合排放标准问答对拆分而来,30份环评_污染物排放控制执行标准复核QA(拆分版),大气污染物排放标准,存在缺漏,存在缺漏,,未复核,部分充分,有效,部分核验,自动默认,候选池,A_仅待终审,,,,,,,,166,MAP_存在缺漏,存在报告证据，但尚未经人工逐项核验；已列依据来源，但未在本阶段逐条核验,,air_emission_standard,L3_analysis,multi_evidence_synthesis,basis_grounding,report_grounding；evidence_integration,high,high,report_plus_external,True,,auto_default,v1,,manual_check=false但存在人工判断
2026-07-27,PL030,V01,PL030_佛山市瑞易德塑料五金制品有限公司搬迁项目_01_受理公告或公示版.pdf,佛山市瑞易德塑料五金制品有限公司搬迁项目,PL030_Emission_噪声,污染物排放标准-噪声排放标准,请根据项目所属声环境功能区类别，判断噪声排放标准选取是否合理。要求总结声功能区类型、厂界执行标准（GB12348-2008）及昼夜限值，并与环评编制内容进行一致性分析。,"1、噪声排放标准中执行标准与排放限值内容：存在缺漏；
2、报告全文未提及GB12348-2008或任何噪声排放标准，存在缺漏。

4.","噪声标准：报告全文未出现GB12348-2008或任何噪声排放标准的引用。
4.",emission-standard-kb.jsonl; DB44/26-2001; DB44/2367-2022; GB31572-2015; GB14554-93; GB12348-2008; GB18597-2023; GB18599-2020,2,2,False,存在缺漏,水:存在缺漏——污水处理厂尾水标准已提及，但生活污水预处理标准（DB44/26-2001第二时段三级标准）未明确列出，无限值表格; 大气:存在缺漏——排放标准信息分散于政策分析中，未结构化列出GB31572-2015、DB44/2367-2022、GB14554-93、DB44/27-2001等标准及限值; 噪声:存在缺漏——全文未提及GB12348-2008或任何噪声排放标准; 固体废物:存在缺漏——全文未引用GB18597-2023、GB18599-2020、GB34330-2017等固废控制标准,,,是,原综合排放标准问答对拆分而来,30份环评_污染物排放控制执行标准复核QA(拆分版),噪声排放标准,存在缺漏,存在缺漏,,未复核,部分充分,有效,部分核验,自动默认,候选池,A_仅待终审,,,,,,,,167,MAP_存在缺漏,存在报告证据，但尚未经人工逐项核验；已列依据来源，但未在本阶段逐条核验,,noise_emission_standard,L2_application,rule_applicability,basis_grounding,report_grounding,high,medium,report_plus_external,True,,auto_default,v1,,manual_check=false但存在人工判断
2026-07-27,PL030,V01,PL030_佛山市瑞易德塑料五金制品有限公司搬迁项目_01_受理公告或公示版.pdf,佛山市瑞易德塑料五金制品有限公司搬迁项目,PL030_Emission_固体,污染物排放标准-固体废物控制标准,请根据项目产生的固体废物和危险废物类型，判断固体废物控制标准选取是否合理。要求总结一般工业固体废物和危险废物执行标准的标准名称及编号，分析是否缺少必要标准条目。,"1、固体废物控制排放中执行标准内容：无误；
2、固体废物控制排放内容总结：报告已引用固体废物污染环境防治法、广东省固体废物污染环境防治条例、危险废物贮存污染控制标准（GB18597-2023）等法律法规和标准，固体废物控制标准编制完整。（注：报告还额外引用了GB18599-2020《一般工业固体废物贮存和填埋污染控制标准》，但该标准不在当前审核知识库必须满足的标准清单中，不影响判定结论。）",固废标准：报告仅在工程分析中提及「设有危废间1 个，面积2.5m2，危险废物收集暂存于危废间并委托有资质的单位定期处理」「设有一般固体废物暂存间一个，面积约5m2」，未引用GB18597-2023、GB18599-2020等标准。,emission-standard-kb.jsonl; DB44/26-2001; DB44/2367-2022; GB31572-2015; GB14554-93; GB12348-2008; GB18597-2023; GB18599-2020,2,2,False,无误,水:存在缺漏——污水处理厂尾水标准已提及，但生活污水预处理标准（DB44/26-2001第二时段三级标准）未明确列出，无限值表格; 大气:存在缺漏——排放标准信息分散于政策分析中，未结构化列出GB31572-2015、DB44/2367-2022、GB14554-93、DB44/27-2001等标准及限值; 噪声:存在缺漏——全文未提及GB12348-2008或任何噪声排放标准; 固体废物:存在缺漏——全文未引用GB18597-2023、GB18599-2020、GB34330-2017等固废控制标准,,,否,修正：GB18599-2020不在知识库必须满足的标准清单中，原判定依据已更正。原综合排放标准问答对拆分而来,30份环评_污染物排放控制执行标准复核QA(拆分版),固体废物控制标准,无误,无误,,未复核,部分充分,有效,部分核验,自动默认,候选池,待分流,,,,,,,,168,MAP_无误,存在报告证据，但尚未经人工逐项核验；已列依据来源，但未在本阶段逐条核验,,solid_waste_standard,L2_application,rule_applicability,basis_grounding,report_grounding,high,medium,report_plus_external,True,,auto_default,v1,,manual_check=false但存在人工判断
2026-06-25,PL031,V01,年10月28日建设项目环境影响报告书（表）受理公告（佛山市生态环境局顺德分局）_3.pdf,佛山市浩创时代包装制品有限公司新建项目,PL031_V01_Q01,1. 塑胶行业样本筛选与国民经济行业分类,请结合项目产品、原辅材料和生产工艺，判断该报告行业类别是否基本合理。,国民经济行业类型判定结论：正确；具体分析：根据项目概况，本项目以PS、PP、PET塑料粒或片材及色粉为主要原辅材料，经投料、注塑、吹塑成型、吸塑、冲切、丝印、烘干和检验消毒等工序，生产果冻杯、圆筒和吸塑盒；同时以淋膜纸为主要原料，经切纸、冲压成型或超声波封合、检验消毒等工序，生产一次性纸杯和蛋糕杯。经识别，果冻杯、圆筒和吸塑盒属于C2927日用塑料制品制造，一次性纸杯和蛋糕杯属于C2231纸和纸板容器制造，与项目填报的国民经济行业类别一致，行业类别基本合理。,村委会世龙大道 15 号之一 地理坐标 东经：113 度 10 分 56.279 秒，北纬：22 度 52 分 32.077 秒 国民经济 行业类别 C2927日用塑料制品制造； C2231纸和纸板容器制造 建设项目 行业类别 建设性质 新建（迁建） 改建 扩建 技术改造 建设项目 申报情形 二十六、橡胶和塑料制品业 29-53 塑料制品业 292-其他 （年用非溶剂型低 VOCs 含 量涂料 10 吨以下的除外）； 十九、造纸和纸制品业 22-38 纸制品制造 223*-有涂布、浸 渍、印刷、粘胶工艺的 首次申报项目 不予批准后再次申报项目 超五年重新审核项目 重大变动重新报批项目 项目审批（核准/ 备案）部门（选填） 无 项目审批（核准/ 备案）文号（选填） 无 总投资（万元） 250 环保投资（万元） 25 环保投资占比 （%） 10 施工工期 1 个月 用地（用海）,《国民经济行业分类》(GB/T 4754—2017)；本任务C292筛选及C17/C18排除规则,结合本项目行业代码、建设性质、工艺关键词及PDF证据生成，非脱离项目的通用题。,可依据对应PDF原文、工程分析表格及所列法规标准逐项复核。,True,,,,新增,是,自动生成；需人工复核项目参数、公式取值、标准适用范围及PDF文字提取完整性。,seed_qa_塑胶行业筛选版_30个国民经济行业分类的人工标记,国民经济行业分类,,待判断,,未复核,部分充分,待判断,部分核验,自动默认,候选池,C_题目或材料问题,,,,,,,,169,MAP_BLANK,人工判断为空：不得自动补填结论；人工判断为空；结构完整但原因需人工确认；存在报告证据，但尚未经人工逐项核验；已列依据来源，但未在本阶段逐条核验,,industry_classification,L3_analysis,multi_evidence_synthesis,evidence_integration,report_grounding；basis_grounding,high,high,cross_section,True,,auto_default,v1,,manual_check=true但人工判断为空
2026-07-24,PL031,V01,PL031_佛山市浩创时代包装制品有限公司新建项目,佛山市浩创时代包装制品有限公司新建项目,PL031_V01_Q03,环评投资核算,请根据报告中的总投资、环保投资和环保工程投资明细，判断环保投资核算是否前后一致、比例是否正确。,环评投资核算判定结论：正确；具体分析：报告填报总投资为250万元、环保投资为25万元、环保投资占比为10%。按“环保投资÷总投资×100%”复算为10.00%，与报告填报值一致；项目环保投资一览表中的分项投资合计为25万元，与环保投资一致。因此，环保投资金额、分项合计及占比前后一致，核算正确。,一、建设项目基本情况；项目环保投资一览表：总投资250万元、环保投资25万元、占比10%；分项合计25万元。来源：解析文本拼接_02_021-040(3).md,报告原文-环保投资明细表,2,2,False,正确,,,,否,,30个PL_环评投资核算QA,环评投资概算,正确,无误,,未复核,部分充分,有效,不需要外部依据,自动默认,候选池,待分流,,,,,,,,170,MAP_正确,存在报告证据，但尚未经人工逐项核验；投资复核主要依据报告内金额与算式,,environmental_investment,L2_application,quantitative_verification,numerical_accuracy,report_grounding；procedural_reasoning,low,medium,cross_section,True,,auto_default,v1,,manual_check=false但存在人工判断
2026-07-28,PL031,V01,PL031_佛山市浩创时代包装制品有限公司新建项目_01_受理公告或公示版.pdf,佛山市浩创时代包装制品有限公司新建项目,PL031_EnvQuality_Q01,大气及地表水环境质量现状数据引用,请根据报告引用的环境质量公报及现状数据，判断大气和地表水环境质量现状数据引用是否准确。,"1、【大气及地表水环境质量引用数据正确】；
2、项目大气环境质量引用《2023年度佛山市顺德区生态环境状况公报》（佛环顺函〔2024〕44号）。环评对大气环境质量分析内容与《2023年度佛山市顺德区生态环境状况公报》中大气环境状况描述一致，2023年除臭氧浓度不达标外，其余污染物指标（SO2、NO2、PM10、PM2.5、CO）年评价浓度均符合二级浓度限值。经检索，截至审核日该地区最新的环境状况公报为《2024年度佛山市顺德区生态环境状况公报》，可供参考。
项目地表水环境质量引用《2023年度佛山市顺德区生态环境状况公报》（佛环顺函〔2024〕44号）。环评对地表水环境质量分析内容与《2023年度佛山市顺德区生态环境状况公报》中地表水环境状况描述一致。项目污水处理厂尾水受纳河道为李家沙水道（伦教污水处理厂），执行标准为III类，与官方登记一致。",证据位置:大气：env_text第2415行引用《2023年度佛山市顺德区生态环境状况公报》；第2478行除臭氧浓度不达标外其余污染物指标符合；地表水：env_text第2542-2545行引用2023年度公报；第2548行公报节选；伦教污水处理厂尾水排放至李家沙水道; 大气公报:《2023年度佛山市顺德区生态环境状况公报》（佛环顺函〔2024〕44号）; 地表水资料:《2023年度佛山市顺德区生态环境状况公报》（佛环顺函〔2024〕44号）,生态环境状况公报知识库; 收纳水体地表水执行标准,2,2,False,正确,大气:正确; 地表水:正确; 报告日期:2024-04,,,是,无明显问题。报告引用《2023年度佛山市顺德区生态环境状况公报》（佛环顺函〔2024〕44号），该公报发布日期为2024-03-26，早于报告编制时间，属于近3年数据窗口内。大气环境质量分析内容（除O3外其余达标）与公报一致，伦教污水处理厂尾水受纳河道李家沙水道与官方登记一致。报告中部分位置公报标题写作环境质量状况公报，但文号佛环顺函〔2024〕44号可明确追溯至《2023年度佛山市顺德区生态环境状况公报》，不影响核验。,30个环评_大气及地表水环境质量现状数据引用复核QA,环境质量数据引用,正确,无误,,未复核,部分充分,有效,部分核验,自动默认,候选池,A_仅待终审,,,,,,,,171,MAP_正确,存在报告证据，但尚未经人工逐项核验；已列依据来源，但未在本阶段逐条核验,,environmental_quality_data,L3_analysis,consistency_comparison,evidence_integration,report_grounding；basis_grounding,high,high,report_plus_external,True,,auto_default,v1,,manual_check=false但存在人工判断
2026-07-27,PL031,V01,PL031_佛山市浩创时代包装制品有限公司新建项目_01_受理公告或公示版.pdf,佛山市浩创时代包装制品有限公司新建项目,PL031_Emission_水污,污染物排放标准-水污染物排放标准,请根据报告中的废水类型、预处理方式、排放去向、企业排口标准、污水处理厂名称、尾水排放河道和尾水执行标准，判断水污染物排放标准选取是否合理。要求对比：生活污水排放标准+排入污水处理厂名称+尾水排放河道+尾水排放执行标准，报告与知识库是否一致。,"1、水污染物排放标准中生活污水排放执行标准：存在缺漏；
2、水污染物排放标准结论的过程分析内容：报告提及伦教污水处理厂尾水执行GB18918-2002一级A标准及DB44/26-2001的较严值，本项目位于伦教污水处理厂处理范围。但未明确列出生活污水经三级化粪池预处理后应执行的标准（应为DB44/26-2001第二时段三级标准），也未列出各污染物限值。预处理标准缺失，存在缺漏。

2.","水标准片段：「本项目位于伦教污水处理厂处理范围，尾水执行《城镇污水处理厂污染物排放标准》（GB18918-2002）一级A 标准及《广东省水污染物排放限值》（DB44/26-2001）的较严值。」
2.",emission-standard-kb.jsonl; DB44/26-2001; DB44/2367-2022; GB31572-2015; GB14554-93; GB12348-2008; GB18597-2023; GB18599-2020,2,2,False,存在缺漏,水:存在缺漏——污水处理厂尾水标准已提及，但生活污水预处理标准（DB44/26-2001第二时段三级标准）未明确列出，无限值表格; 大气:存在缺漏——GB31572-2015、DB44/2367-2022、DB44/27-2001在政策分析中提及但未结构化列出；丝印工序使用油性油墨，GB31572-2015（合成树脂工业标准）对丝印废气的适用性需进一步核实; 噪声:存在缺漏——全文未提及GB12348-2008或任何噪声排放标准; 固体废物:存在缺漏——全文未引用GB18597-2023、GB18599-2020、GB34330-2017等固废控制标准,,,是,原综合排放标准问答对拆分而来,30份环评_污染物排放控制执行标准复核QA(拆分版),水污染物排放标准,存在缺漏,存在缺漏,,未复核,部分充分,有效,部分核验,自动默认,候选池,A_仅待终审,,,,,,,,172,MAP_存在缺漏,存在报告证据，但尚未经人工逐项核验；已列依据来源，但未在本阶段逐条核验,,water_emission_standard,L3_analysis,rule_applicability,basis_grounding,report_grounding；procedural_reasoning,high,high,report_plus_external,True,,auto_default,v1,,manual_check=false但存在人工判断
2026-07-27,PL031,V01,PL031_佛山市浩创时代包装制品有限公司新建项目_01_受理公告或公示版.pdf,佛山市浩创时代包装制品有限公司新建项目,PL031_Emission_大气,污染物排放标准-大气污染物排放标准,请根据项目行业类别、生产工艺和污染因子，判断大气污染物排放标准选取是否合理。要求分析：污染源覆盖是否完整（列出所有大气污染源及对应标准），是否存在缺漏的污染源或标准。,"1、污染排放标准分析污染源内容：不完整；
2、大气污染物排放标准分析：报告在政策相符性分析中提及多项标准——G1排气筒（注塑、吹瓶）和G2排气筒（丝印及烘干、吸塑）非甲烷总烃排放浓度可达到《合成树脂工业污染物排放标准》（GB31572-2015，含2024年修改单）表4限值；厂区内NMHC满足DB44/2367-2022表3限值（1h平均≤6mg/m3，任意一次≤20mg/m3）；提及DB44/27-2001第II时段排放限值。但排放标准信息分散于政策相符性分析中，未形成结构化的排放标准章节。此外，项目涉及丝印工序使用油性油墨，GB31572-2015为合成树脂工业标准，丝印工序废气是否适用该标准需进一步核实——丝印工序可能更适合执行印刷行业相关VOCs排放标准。存在缺漏。

3.","大气标准片段：「有机废气G1 排气筒非甲烷总烃排放浓度有组织排放浓度34.956mg/m3；G2 排气筒非甲烷总烃排放浓度有组织排放浓度16.363mg/m3，可达到《合成树脂工业污染物排放标准》（GB31572-2015，含2024 年修改单）表4 大气污染物浓度限值」「厂区内NMHC 满足广东省地方标准《固定污染源挥发性有机物综合排放标准》（DB44/2367-2022）表3 厂区内VOCs 无组织排放限值（≤6mg/m3、≤20mg/m3）」「项目注塑、吹瓶废气初始排放速率为1.89kg/h＜3kg/h」
3.",emission-standard-kb.jsonl; DB44/26-2001; DB44/2367-2022; GB31572-2015; GB14554-93; GB12348-2008; GB18597-2023; GB18599-2020,2,2,False,存在缺漏,水:存在缺漏——污水处理厂尾水标准已提及，但生活污水预处理标准（DB44/26-2001第二时段三级标准）未明确列出，无限值表格; 大气:存在缺漏——GB31572-2015、DB44/2367-2022、DB44/27-2001在政策分析中提及但未结构化列出；丝印工序使用油性油墨，GB31572-2015（合成树脂工业标准）对丝印废气的适用性需进一步核实; 噪声:存在缺漏——全文未提及GB12348-2008或任何噪声排放标准; 固体废物:存在缺漏——全文未引用GB18597-2023、GB18599-2020、GB34330-2017等固废控制标准,,,是,原综合排放标准问答对拆分而来,30份环评_污染物排放控制执行标准复核QA(拆分版),大气污染物排放标准,存在缺漏,存在缺漏,,未复核,部分充分,有效,部分核验,自动默认,候选池,A_仅待终审,,,,,,,,173,MAP_存在缺漏,存在报告证据，但尚未经人工逐项核验；已列依据来源，但未在本阶段逐条核验,,air_emission_standard,L3_analysis,multi_evidence_synthesis,basis_grounding,report_grounding；evidence_integration,high,high,report_plus_external,True,,auto_default,v1,,manual_check=false但存在人工判断
2026-07-27,PL031,V01,PL031_佛山市浩创时代包装制品有限公司新建项目_01_受理公告或公示版.pdf,佛山市浩创时代包装制品有限公司新建项目,PL031_Emission_噪声,污染物排放标准-噪声排放标准,请根据项目所属声环境功能区类别，判断噪声排放标准选取是否合理。要求总结声功能区类型、厂界执行标准（GB12348-2008）及昼夜限值，并与环评编制内容进行一致性分析。,"1、噪声排放标准中执行标准与排放限值内容：存在缺漏；
2、报告全文未提及GB12348-2008或任何噪声排放标准，存在缺漏。

4.","噪声标准：报告全文未出现GB12348-2008或任何噪声排放标准的引用。
4.",emission-standard-kb.jsonl; DB44/26-2001; DB44/2367-2022; GB31572-2015; GB14554-93; GB12348-2008; GB18597-2023; GB18599-2020,2,2,False,存在缺漏,水:存在缺漏——污水处理厂尾水标准已提及，但生活污水预处理标准（DB44/26-2001第二时段三级标准）未明确列出，无限值表格; 大气:存在缺漏——GB31572-2015、DB44/2367-2022、DB44/27-2001在政策分析中提及但未结构化列出；丝印工序使用油性油墨，GB31572-2015（合成树脂工业标准）对丝印废气的适用性需进一步核实; 噪声:存在缺漏——全文未提及GB12348-2008或任何噪声排放标准; 固体废物:存在缺漏——全文未引用GB18597-2023、GB18599-2020、GB34330-2017等固废控制标准,,,是,原综合排放标准问答对拆分而来,30份环评_污染物排放控制执行标准复核QA(拆分版),噪声排放标准,存在缺漏,存在缺漏,,未复核,部分充分,有效,部分核验,自动默认,候选池,A_仅待终审,,,,,,,,174,MAP_存在缺漏,存在报告证据，但尚未经人工逐项核验；已列依据来源，但未在本阶段逐条核验,,noise_emission_standard,L2_application,rule_applicability,basis_grounding,report_grounding,high,medium,report_plus_external,True,,auto_default,v1,,manual_check=false但存在人工判断
2026-07-27,PL031,V01,PL031_佛山市浩创时代包装制品有限公司新建项目_01_受理公告或公示版.pdf,佛山市浩创时代包装制品有限公司新建项目,PL031_Emission_固体,污染物排放标准-固体废物控制标准,请根据项目产生的固体废物和危险废物类型，判断固体废物控制标准选取是否合理。要求总结一般工业固体废物和危险废物执行标准的标准名称及编号，分析是否缺少必要标准条目。,"1、固体废物控制排放中执行标准内容：无误；
2、固体废物控制排放内容总结：报告已引用固体废物污染环境防治法、广东省固体废物污染环境防治条例、危险废物贮存污染控制标准（GB18597-2023）等法律法规和标准，固体废物控制标准编制完整。（注：报告还额外引用了GB18599-2020《一般工业固体废物贮存和填埋污染控制标准》，但该标准不在当前审核知识库必须满足的标准清单中，不影响判定结论。）","固废标准：报告全文未引用GB18597-2023、GB18599-2020等标准。
5. 丝印工序：「本项目使用的油墨为油性油墨，油性油墨较水性油墨有着成膜时间短、附着性强等优点」",emission-standard-kb.jsonl; DB44/26-2001; DB44/2367-2022; GB31572-2015; GB14554-93; GB12348-2008; GB18597-2023; GB18599-2020,2,2,False,无误,水:存在缺漏——污水处理厂尾水标准已提及，但生活污水预处理标准（DB44/26-2001第二时段三级标准）未明确列出，无限值表格; 大气:存在缺漏——GB31572-2015、DB44/2367-2022、DB44/27-2001在政策分析中提及但未结构化列出；丝印工序使用油性油墨，GB31572-2015（合成树脂工业标准）对丝印废气的适用性需进一步核实; 噪声:存在缺漏——全文未提及GB12348-2008或任何噪声排放标准; 固体废物:存在缺漏——全文未引用GB18597-2023、GB18599-2020、GB34330-2017等固废控制标准,,,否,修正：GB18599-2020不在知识库必须满足的标准清单中，原判定依据已更正。原综合排放标准问答对拆分而来,30份环评_污染物排放控制执行标准复核QA(拆分版),固体废物控制标准,无误,无误,,未复核,部分充分,有效,部分核验,自动默认,候选池,待分流,,,,,,,,175,MAP_无误,存在报告证据，但尚未经人工逐项核验；已列依据来源，但未在本阶段逐条核验,,solid_waste_standard,L2_application,rule_applicability,basis_grounding,report_grounding,high,medium,report_plus_external,True,,auto_default,v1,,manual_check=false但存在人工判断
2026-06-25,PL032,V01,年10月28日建设项目环境影响报告书（表）受理公告（佛山市生态环境局顺德分局）_4.pdf,德旺众新材料科技（佛山）有限公司新建建设项目,PL032_V01_Q01,1. 塑胶行业样本筛选与国民经济行业分类,请结合项目产品、原辅材料和生产工艺，判断该报告行业类别是否基本合理。,国民经济行业类型判定结论：正确；具体分析：根据项目概况，本项目以外购PC、PMMA、PS、PVC、ABS板材、紫外光固化涂料及保护膜为主要原辅材料，经去静电、UV淋涂、固化、检验、贴膜和裁切等工序，生产PC板材、PMMA板材、PS板材、PVC板材和ABS板材，产品主要用于手机壳生产及家具装饰。上述生产活动属于塑料板材的功能化加工，经识别，本项目属于C2922塑料板、管、型材制造，与报告填报的C2922塑料板、管、型材制造一致，行业类别基本合理。,路 195 号 3 栋四层之一 地理坐标 东经 113 度 8 分 44.135 秒，北纬 22 度 41 分 23.964 秒 国民经济 行业类别 C2922 塑料板、管、 型材制造 建设项目 行业类别 建设性质 新建（迁建） 改建 扩建 技术改造 建设项目 申报情形 项目审批（核准/ 备案）部门（选 填） / 总投资（万元） 二十六、橡胶和塑料制品业 29-53 塑料 制 品 业 292- 其 他 （ 年 用 非 溶 剂 型 低 VOCs 含量涂料 10 吨以下的除外） 首次申报项目 不予批准后再次申报项目 超五年重新审核项目 重大变动重新报批项目 ** 项目审批（核准 /备案）文号（选 填） 环保投资（万 元） ** 环保投资占比 （%） 15% 施工工期 2 个月 是否开工建设 否 是： 用地面积（m2） 1400 专项评价设置 情况 / 本项目危险物质最大存在,《国民经济行业分类》(GB/T 4754—2017)；本任务C292筛选及C17/C18排除规则,结合本项目行业代码、建设性质、工艺关键词及PDF证据生成，非脱离项目的通用题。,可依据对应PDF原文、工程分析表格及所列法规标准逐项复核。,True,,,,新增,是,自动生成；需人工复核项目参数、公式取值、标准适用范围及PDF文字提取完整性。,seed_qa_塑胶行业筛选版_30个国民经济行业分类的人工标记,国民经济行业分类,,待判断,,未复核,部分充分,待判断,部分核验,自动默认,候选池,C_题目或材料问题,,,,,,,,176,MAP_BLANK,人工判断为空：不得自动补填结论；人工判断为空；结构完整但原因需人工确认；存在报告证据，但尚未经人工逐项核验；已列依据来源，但未在本阶段逐条核验,,industry_classification,L3_analysis,multi_evidence_synthesis,evidence_integration,report_grounding；basis_grounding,high,high,cross_section,True,,auto_default,v1,,manual_check=true但人工判断为空
2026-07-24,PL032,V01,PL032_德旺众新材料科技（佛山）有限公司新建建设项目,德旺众新材料科技（佛山）有限公司新建建设项目,PL032_V01_Q03,环评投资核算,请根据报告中的总投资、环保投资和环保工程投资明细，判断环保投资核算是否前后一致、比例是否正确。,环评投资核算判定结论：需复核；具体分析：报告显示环保投资占比为15%。由于总投资、环保投资已脱敏，且未检索到环保工程投资明细表，无法按“环保投资÷总投资×100%”复算占比，也无法完整核对基本情况表与环保投资明细是否一致；不得依据占比倒推缺失金额，需查阅未脱敏原报告。,一、建设项目基本情况：占比15%。来源：解析文本拼接_02_021-040(3).md,报告原文-环保投资明细表,2,2,False,需复核,,,,是,,30个PL_环评投资核算QA,环评投资概算,需复核,证据不足,,未复核,不足,有效,不需要外部依据,自动默认,候选池,B_证据不足,,,,,,,,177,MAP_需复核+EVIDENCE_INSUFFICIENCY_SIGNAL,原结论明确要求人工复核；命中证据不足候选词：未检索到；投资复核主要依据报告内金额与算式,,environmental_investment,L2_application,quantitative_verification,numerical_accuracy,report_grounding；procedural_reasoning,low,medium,cross_section,True,,auto_default,v1,,manual_check=false但存在人工判断
2026-07-28,PL032,V01,PL032_德旺众新材料科技(佛山)有限公司新建建设项目_01_受理公告或公示版.pdf,德旺众新材料科技(佛山)有限公司新建建设项目,PL032_EnvQuality_Q01,大气及地表水环境质量现状数据引用,请根据报告引用的环境质量公报及现状数据，判断大气和地表水环境质量现状数据引用是否准确。,"1、【大气环境质量引用数据无法判断，需补充大气环境质量分析内容】；
2、项目大气环境质量引用《2023年度佛山市顺德区生态环境状况公报》（佛环顺函〔2024〕44号）。因报告文本中大气环境质量分析内容不完整，暂无法核验具体数据与公报的一致性。经检索，截至审核日该地区最新的环境状况公报为《2024年度佛山市顺德区生态环境状况公报》，可供参考。
项目地表水环境质量引用《2023年度佛山市顺德区生态环境状况公报》（佛环顺函〔2024〕44号）。环评对地表水环境质量分析内容引用了海洲水道2023年水质数据，与《2023年度佛山市顺德区生态环境状况公报》中地表水环境状况描述一致。项目污水处理厂尾水受纳河道为海洲水道（均安污水处理厂），执行标准为III类，与官方登记一致。",证据位置:大气：env_text第1435行引用2023年度公报，但大气分析内容不完整，无法核验具体数据；地表水：env_text第1503行引用佛环顺函〔2024〕44号，海洲水道2023年水质数据；均安污水处理厂尾水排入海洲水道; 大气公报:《2023年度佛山市顺德区生态环境状况公报》（佛环顺函〔2024〕44号）; 地表水资料:《2023年度佛山市顺德区生态环境状况公报》（佛环顺函〔2024〕44号）,生态环境状况公报知识库; 收纳水体地表水执行标准,2,2,False,无法判断,大气:无法判断; 地表水:正确; 报告日期:2024-04,,,是,大气环境质量分析内容不完整，暂无法核验。地表水引用数据和污水处理厂受纳水体（海洲水道）与官方登记一致。报告公报标题使用环境质量状况公报而非官方名称生态环境状况公报，但可通过文号追溯。,30个环评_大气及地表水环境质量现状数据引用复核QA,环境质量数据引用,无法判断,证据不足,,未复核,不足,有效,部分核验,自动默认,候选池,B_证据不足,,,,,,,,178,MAP_无法判断+EVIDENCE_INSUFFICIENCY_SIGNAL,需人工区分证据不足、材料缺失或尚未审核；命中证据不足候选词：无法判断；已列依据来源，但未在本阶段逐条核验,,environmental_quality_data,L3_analysis,consistency_comparison,evidence_integration,report_grounding；basis_grounding,high,high,report_plus_external,True,,auto_default,v1,,manual_check=false但存在人工判断
2026-07-27,PL032,V01,PL032_德旺众新材料科技(佛山)有限公司新建建设项目_01_受理公告或公示版.pdf,德旺众新材料科技(佛山)有限公司新建建设项目,PL032_Emission_水污,污染物排放标准-水污染物排放标准,请根据报告中的废水类型、预处理方式、排放去向、企业排口标准、污水处理厂名称、尾水排放河道和尾水执行标准，判断水污染物排放标准选取是否合理。要求对比：生活污水排放标准+排入污水处理厂名称+尾水排放河道+尾水排放执行标准，报告与知识库是否一致。,"1、水污染物排放标准中生活污水排放执行标准：存在缺漏；
2、水污染物排放标准结论的过程分析内容：报告提及生活污水经三级化粪池预处理后排至均安污水处理厂处理。但未明确列出生活污水预处理执行标准（应为DB44/26-2001第二时段三级标准），也未列出均安污水处理厂尾水执行标准（应为GB18918-2002一级A及DB44/26-2001较严值）及各污染物限值。存在缺漏。

2.","水标准片段：「生活污水经三级化粪池预处理后排至均安污水处理厂处理」（工程组成表），未列出预处理执行标准及限值。
2.",emission-standard-kb.jsonl; DB44/26-2001; DB44/2367-2022; GB31572-2015; GB14554-93; GB12348-2008; GB18597-2023; GB18599-2020,2,2,False,存在缺漏,水:存在缺漏——生活污水预处理标准（DB44/26-2001第二时段三级标准）及污水处理厂尾水标准均未明确列出，无限值表格; 大气:存在缺漏——有组织排放仅以‘可满足现行相关标准’笼统表述，未明确引用具体标准名称和限值；DB44/2367-2022在政策分析中提及但未结构化列出; 噪声:存在缺漏——全文未提及GB12348-2008或任何噪声排放标准; 固体废物:存在缺漏——全文未引用GB18597-2023、GB18599-2020、GB34330-2017等固废控制标准,,,是,原综合排放标准问答对拆分而来,30份环评_污染物排放控制执行标准复核QA(拆分版),水污染物排放标准,存在缺漏,存在缺漏,,未复核,部分充分,有效,部分核验,自动默认,候选池,A_仅待终审,,,,,,,,179,MAP_存在缺漏,存在报告证据，但尚未经人工逐项核验；已列依据来源，但未在本阶段逐条核验,,water_emission_standard,L3_analysis,rule_applicability,basis_grounding,report_grounding；procedural_reasoning,high,high,report_plus_external,True,,auto_default,v1,,manual_check=false但存在人工判断
2026-07-27,PL032,V01,PL032_德旺众新材料科技(佛山)有限公司新建建设项目_01_受理公告或公示版.pdf,德旺众新材料科技(佛山)有限公司新建建设项目,PL032_Emission_大气,污染物排放标准-大气污染物排放标准,请根据项目行业类别、生产工艺和污染因子，判断大气污染物排放标准选取是否合理。要求分析：污染源覆盖是否完整（列出所有大气污染源及对应标准），是否存在缺漏的污染源或标准。,"1、污染排放标准分析污染源内容：不完整；
2、大气污染物排放标准分析：报告在政策相符性分析中提及DB44/2367-2022相关要求（排气筒高度不低于15m、NMHC初始排放速率限值、无组织排放控制要求等），有机废气经整室负压密闭收集后通过活性炭吸附装置处理后引至31m排气筒DA001排放。但报告仅笼统表述“本项目挥发性有机物有组织排放可满足现行相关大气污染物排放限值”，未明确引用有组织排放执行的具体标准名称及限值。对于淋涂工序使用紫外光固化涂料的VOCs排放，应明确引用适用的排放标准（如DB44/2367-2022表1有组织排放限值或其他适用标准）并列出具体限值。存在缺漏。

3.","大气标准片段：「有机废气（VOCs）经整室负压密闭收集后通过楼顶‘活性炭吸附’装置处理达标后引至31m排气筒DA001排放」「本项目挥发性有机物有组织排放可满足现行相关大气污染物排放限值。有机废气厂区内无组织排放满足小时平均浓度值不超过6mg/m3，任意一次浓度值不超过20mg/m3。」「本项目位于重点地区，项目的有机废气初始排放速率低于2kg/h」
3.",emission-standard-kb.jsonl; DB44/26-2001; DB44/2367-2022; GB31572-2015; GB14554-93; GB12348-2008; GB18597-2023; GB18599-2020,2,2,False,存在缺漏,水:存在缺漏——生活污水预处理标准（DB44/26-2001第二时段三级标准）及污水处理厂尾水标准均未明确列出，无限值表格; 大气:存在缺漏——有组织排放仅以‘可满足现行相关标准’笼统表述，未明确引用具体标准名称和限值；DB44/2367-2022在政策分析中提及但未结构化列出; 噪声:存在缺漏——全文未提及GB12348-2008或任何噪声排放标准; 固体废物:存在缺漏——全文未引用GB18597-2023、GB18599-2020、GB34330-2017等固废控制标准,,,是,原综合排放标准问答对拆分而来,30份环评_污染物排放控制执行标准复核QA(拆分版),大气污染物排放标准,存在缺漏,存在缺漏,,未复核,部分充分,有效,部分核验,自动默认,候选池,A_仅待终审,,,,,,,,180,MAP_存在缺漏,存在报告证据，但尚未经人工逐项核验；已列依据来源，但未在本阶段逐条核验,,air_emission_standard,L3_analysis,multi_evidence_synthesis,basis_grounding,report_grounding；evidence_integration,high,high,report_plus_external,True,,auto_default,v1,,manual_check=false但存在人工判断
2026-07-27,PL032,V01,PL032_德旺众新材料科技(佛山)有限公司新建建设项目_01_受理公告或公示版.pdf,德旺众新材料科技(佛山)有限公司新建建设项目,PL032_Emission_噪声,污染物排放标准-噪声排放标准,请根据项目所属声环境功能区类别，判断噪声排放标准选取是否合理。要求总结声功能区类型、厂界执行标准（GB12348-2008）及昼夜限值，并与环评编制内容进行一致性分析。,"1、噪声排放标准中执行标准与排放限值内容：存在缺漏；
2、报告全文未提及GB12348-2008或任何噪声排放标准，存在缺漏。

4.","噪声标准：报告全文未出现GB12348-2008或任何噪声排放标准的引用。
4.",emission-standard-kb.jsonl; DB44/26-2001; DB44/2367-2022; GB31572-2015; GB14554-93; GB12348-2008; GB18597-2023; GB18599-2020,2,2,False,存在缺漏,水:存在缺漏——生活污水预处理标准（DB44/26-2001第二时段三级标准）及污水处理厂尾水标准均未明确列出，无限值表格; 大气:存在缺漏——有组织排放仅以‘可满足现行相关标准’笼统表述，未明确引用具体标准名称和限值；DB44/2367-2022在政策分析中提及但未结构化列出; 噪声:存在缺漏——全文未提及GB12348-2008或任何噪声排放标准; 固体废物:存在缺漏——全文未引用GB18597-2023、GB18599-2020、GB34330-2017等固废控制标准,,,是,原综合排放标准问答对拆分而来,30份环评_污染物排放控制执行标准复核QA(拆分版),噪声排放标准,存在缺漏,存在缺漏,,未复核,部分充分,有效,部分核验,自动默认,候选池,A_仅待终审,,,,,,,,181,MAP_存在缺漏,存在报告证据，但尚未经人工逐项核验；已列依据来源，但未在本阶段逐条核验,,noise_emission_standard,L2_application,rule_applicability,basis_grounding,report_grounding,high,medium,report_plus_external,True,,auto_default,v1,,manual_check=false但存在人工判断
2026-07-27,PL032,V01,PL032_德旺众新材料科技(佛山)有限公司新建建设项目_01_受理公告或公示版.pdf,德旺众新材料科技(佛山)有限公司新建建设项目,PL032_Emission_固体,污染物排放标准-固体废物控制标准,请根据项目产生的固体废物和危险废物类型，判断固体废物控制标准选取是否合理。要求总结一般工业固体废物和危险废物执行标准的标准名称及编号，分析是否缺少必要标准条目。,"1、固体废物控制排放中执行标准内容：无误；
2、固体废物控制排放内容总结：报告已引用固体废物污染环境防治法、广东省固体废物污染环境防治条例、危险废物贮存污染控制标准（GB18597-2023）等法律法规和标准，固体废物控制标准编制完整。（注：报告还额外引用了GB18599-2020《一般工业固体废物贮存和填埋污染控制标准》，但该标准不在当前审核知识库必须满足的标准清单中，不影响判定结论。）",固废标准：报告在工程分析中提及「危废暂存间建筑面积为5m2，主要用于暂存危险废物」「一般固废暂存区建筑面积为10m2，主要用于暂存一般固体废物」，未引用GB18597-2023、GB18599-2020等标准。,emission-standard-kb.jsonl; DB44/26-2001; DB44/2367-2022; GB31572-2015; GB14554-93; GB12348-2008; GB18597-2023; GB18599-2020,2,2,False,无误,水:存在缺漏——生活污水预处理标准（DB44/26-2001第二时段三级标准）及污水处理厂尾水标准均未明确列出，无限值表格; 大气:存在缺漏——有组织排放仅以‘可满足现行相关标准’笼统表述，未明确引用具体标准名称和限值；DB44/2367-2022在政策分析中提及但未结构化列出; 噪声:存在缺漏——全文未提及GB12348-2008或任何噪声排放标准; 固体废物:存在缺漏——全文未引用GB18597-2023、GB18599-2020、GB34330-2017等固废控制标准,,,否,修正：GB18599-2020不在知识库必须满足的标准清单中，原判定依据已更正。原综合排放标准问答对拆分而来,30份环评_污染物排放控制执行标准复核QA(拆分版),固体废物控制标准,无误,无误,,未复核,部分充分,有效,部分核验,自动默认,候选池,待分流,,,,,,,,182,MAP_无误,存在报告证据，但尚未经人工逐项核验；已列依据来源，但未在本阶段逐条核验,,solid_waste_standard,L2_application,rule_applicability,basis_grounding,report_grounding,high,medium,report_plus_external,True,,auto_default,v1,,manual_check=false但存在人工判断
2026-06-25,PL033,V01,年10月29日建设项目环境影响报告书（表）受理公告（佛山市生态环境局顺德分局）_1.pdf,广东施格纳电气有限公司新建项目,PL033_V01_Q01,1. 塑胶行业样本筛选与国民经济行业分类,请结合项目产品、原辅材料和生产工艺，判断该报告行业类别是否基本合理。,国民经济行业类型判定结论：需复核；具体分析：根据项目概况，本项目以PC、PA66塑料粒及PCB板、变压器、IC芯片、电阻、电容等为主要原辅材料，经混料、烘料、注塑和检验等工序生产塑料外壳，并经锡膏印刷、贴片、回流焊、插件、波峰焊、补焊、三防漆涂覆、灌胶、组装和测试等工序生产驱动电源。经识别，塑料外壳制造符合C2929塑料零件及其他塑料制品制造；驱动电源具有电能变换功能，更符合C3821变压器、整流器和电感器制造，与项目填报的C3990其他电子设备制造存在差异。因此，C2929类别基本合理，C3990类别需复核确认。,三路 13 号 1、3、6、7 楼 地理坐标 北纬 22 度 51 分 4.93 秒，东经 113 度 10 分 17.20 秒 国民经济 行业类别 C3990 其他电子设备制 造、C2929 塑料零件及 其他塑料制品制造 建设项目 行业类别 建设性质 ☑新建（迁建） □改建 □扩建 □技术改造 建设项目 申报情形 三十六、计算机、通信和其他 电子设备制造业 39-82-其他 电子设备制造 399-“全部（仅 分割、焊接、组装的除外）”、 二十六、橡胶和塑料制品业 29-53 塑料制品业 292-其他 （年用非溶剂型低 VOCs 含 量涂料 10t 以下的除外） ☑首次申报项目 □不予批准后再次申报项目 □超五年重新审核项目 □重大变动重新报批项目 项目审批（核准/ 备案）部门（选填） 无 项目审批（核准/ 备案）文号（选填） 无 总投资（万元） 1000 环保投资（万元） 15 环保投资,《国民经济行业分类》(GB/T 4754—2017)；本任务C292筛选及C17/C18排除规则,结合本项目行业代码、建设性质、工艺关键词及PDF证据生成，非脱离项目的通用题。,可依据对应PDF原文、工程分析表格及所列法规标准逐项复核。,True,,,,新增,是,自动生成；需人工复核项目参数、公式取值、标准适用范围及PDF文字提取完整性。,seed_qa_塑胶行业筛选版_30个国民经济行业分类的人工标记,国民经济行业分类,,待判断,,未复核,部分充分,待判断,部分核验,自动默认,候选池,C_题目或材料问题,,,,,,,,183,MAP_BLANK,人工判断为空：不得自动补填结论；人工判断为空；结构完整但原因需人工确认；存在报告证据，但尚未经人工逐项核验；已列依据来源，但未在本阶段逐条核验,,industry_classification,L3_analysis,multi_evidence_synthesis,evidence_integration,report_grounding；basis_grounding,high,high,cross_section,True,,auto_default,v1,,manual_check=true但人工判断为空
2026-07-24,PL033,V01,PL033_广东施格纳电气有限公司新建项目,广东施格纳电气有限公司新建项目,PL033_V01_Q03,环评投资核算,请根据报告中的总投资、环保投资和环保工程投资明细，判断环保投资核算是否前后一致、比例是否正确。,环评投资核算判定结论：需复核；具体分析：报告填报总投资为1000万元、环保投资为15万元、环保投资占比为1.5%。按“环保投资÷总投资×100%”复算为1.50%，与报告填报值一致；但现有解析文本未检索到环保工程投资明细表，无法核对分项合计是否与环保投资一致。因此，占比计算正确，环保投资前后一致性仍需结合原报告投资明细表复核。,一、建设项目基本情况：总投资1000万元、环保投资15万元、占比1.5%。来源：解析文本拼接_02_021-040(3).md,报告原文-环保投资明细表,2,2,False,需复核,,,,是,,30个PL_环评投资核算QA,环评投资概算,需复核,证据不足,,未复核,不足,有效,不需要外部依据,自动默认,候选池,B_证据不足,,,,,,,,184,MAP_需复核+EVIDENCE_INSUFFICIENCY_SIGNAL,原结论明确要求人工复核；命中证据不足候选词：未检索到、无法核对；投资复核主要依据报告内金额与算式,,environmental_investment,L2_application,quantitative_verification,numerical_accuracy,report_grounding；procedural_reasoning,low,medium,cross_section,True,,auto_default,v1,,manual_check=false但存在人工判断
2026-07-28,PL033,V01,PL033_广东施格纳电气有限公司新建项目_01_受理公告或公示版.pdf,广东施格纳电气有限公司新建项目,PL033_EnvQuality_Q01,大气及地表水环境质量现状数据引用,请根据报告引用的环境质量公报及现状数据，判断大气和地表水环境质量现状数据引用是否准确。,"1、【大气及地表水环境质量引用数据正确】；
2、项目大气环境质量引用《2023年度佛山市顺德区生态环境状况公报》（佛环顺函〔2024〕44号）。环评对大气环境质量分析内容与《2023年度佛山市顺德区生态环境状况公报》中大气环境状况描述一致，2023年O3（臭氧）浓度超过了《环境空气质量标准》二级浓度限值，其余污染物指标（SO2、NO2、PM10、PM2.5、CO）年评价浓度符合二级浓度限值。经检索，截至审核日该地区最新的环境状况公报为《2024年度佛山市顺德区生态环境状况公报》，可供参考。
项目地表水环境质量引用《2023年度佛山市顺德区生态环境状况公报》（佛环顺函〔2024〕44号）。环评对地表水环境质量分析内容与《2023年度佛山市顺德区生态环境状况公报》中地表水环境状况描述一致。项目污水处理厂尾水受纳河道为顺德支流（勒流污水处理厂），执行标准为III类，与官方登记一致。",证据位置:大气：env_text第2007-2008行引用佛环顺函〔2024〕44号及《2023年佛山市顺德区环境质量状况公报》；第2064行O3浓度超过《环境空气质量标准》；地表水：env_text第2085行勒流污水处理厂纳污水体为顺德支流；第2089行引用佛环顺函〔2024〕44号; 大气公报:《2023年度佛山市顺德区生态环境状况公报》（佛环顺函〔2024〕44号）; 地表水资料:《2023年度佛山市顺德区生态环境状况公报》（佛环顺函〔2024〕44号）,生态环境状况公报知识库; 收纳水体地表水执行标准,2,2,False,正确,大气:正确; 地表水:正确; 报告日期:2024-04,,,是,无明显问题。报告引用《2023年度佛山市顺德区生态环境状况公报》（佛环顺函〔2024〕44号），大气和地表水分析内容与公报一致，勒流污水处理厂尾水受纳河道顺德支流与官方登记一致。报告公报标题使用环境质量状况公报而非官方名称生态环境状况公报，但可通过文号追溯核验。,30个环评_大气及地表水环境质量现状数据引用复核QA,环境质量数据引用,正确,无误,,未复核,部分充分,有效,部分核验,自动默认,候选池,A_仅待终审,,,,,,,,185,MAP_正确,存在报告证据，但尚未经人工逐项核验；已列依据来源，但未在本阶段逐条核验,,environmental_quality_data,L3_analysis,consistency_comparison,evidence_integration,report_grounding；basis_grounding,high,high,report_plus_external,True,,auto_default,v1,,manual_check=false但存在人工判断
2026-07-27,PL033,V01,PL033_广东施格纳电气有限公司新建项目_01_受理公告或公示版.pdf,广东施格纳电气有限公司新建项目,PL033_Emission_水污,污染物排放标准-水污染物排放标准,请根据报告中的废水类型、预处理方式、排放去向、企业排口标准、污水处理厂名称、尾水排放河道和尾水执行标准，判断水污染物排放标准选取是否合理。要求对比：生活污水排放标准+排入污水处理厂名称+尾水排放河道+尾水排放执行标准，报告与知识库是否一致。,"1、水污染物排放标准中生活污水排放执行标准：无法判断；
2、报告排放标准章节未明确编制水污染物排放标准相关内容，无法完成判定。","水标准引用：""污染物排放标准》（GB18918-2002）一级A 标准及《广东省水污染物排放限值》（DB44/26-2001）的较严值。项目不涉及生产废水的产生与排放。生活污水经三级化粪池预处理后排放至勒流污水处理厂；循环冷却水通过市政管网排入勒流污水处理厂，尾水排入顺德支流。""
2. 冷却水排放依据及编号错误：""根据《污水综合排放标准》（GB8978-1996）、《环境影响评价技术导则地面水环境》（HJ/T2.3-93）、广东省地方标准《广东省水污染物排放限值》（DB4426-2001）中的规定：'污水排放量不包括间接冷却水'。因此，本项目冷却系统定期排水可作为清净下水通过雨水管道排放，不计入项目污水排放量。""
3. 行业类别：""本项目属于'二十六、橡胶和塑料制品业29-53 塑料制品业292-其他（年用非溶剂型低VOCs 含量涂料10t 以下的除外）'、'三十六、计算机、通信和其他电子设备制造业39-82-其他电子设备制造399-全部（仅分割、焊接、组装的除外）'""
4. 大气污染源（有组织排放）：""注塑废气使用顶式集气罩收集，回流焊废气、波峰焊废气、烘干废气在全密闭空间收集，灌胶废气、补焊废气、刷漆废气使用移动软管+伞型罩收集，以上废气一起通过活性炭吸附装置处理后引至楼顶1 个40m 高的排气筒DA001 排放""
5. 固体废物处置：""危险废物 面积为10m2，一个危废间，交由有相应危废资质的单位回收处置；一般工业固废 面积为20m2，一个一般固废间，交由回收公司回收利用；生活垃圾 统一收集后交由环卫部门回收处理""",emission-standard-kb.jsonl; DB44/26-2001; DB44/2367-2022; GB31572-2015; GB14554-93; GB12348-2008; GB18597-2023; GB18599-2020,2,2,False,无法判断,水:存在错误——报告引用了GB18918-2002一级A标准和DB44/26-2001较严值，标准选取方向基本正确，但未明确DB44/26-2001第二时段，且文中一处将DB44/26-2001误写为DB4426-2001（编号书写错误），GB18918-2002适用于污水处理厂尾水而非项目预处理排放，引用依据不够精确。; 大气:存在缺漏——项目涉及注塑VOCs、焊接烟尘（颗粒物、锡及其化合物）、涂装烘干VOCs、灌胶VOCs、破碎颗粒物等多种大气污染因子，且有组织排放经DA001排气筒排放，但提取的排放标准章节文本中未发现DB44/2367-2022、DB44/27-2001、GB14554-93等任何大气排放标准的明确列出。; 噪声:存在缺漏——项目含注塑机、粉碎机、冷却塔等多类高噪声设备，应执行GB12348-2008工业企业厂界环境噪声排放标准，但提取的排放标准章节文本中未发现该标准的明确列出。; 固体废物:存在缺漏——项目产生废机油、废助焊剂、废活性炭等危险废物及废塑料等一般工业固废，应执行GB18597-2023、GB18599-2020等标准并参照国家危险废物名录（2021版）分类，但提取的排放标准章节文本中未发现任何固废相关标准的明确列出。,,,是,原综合排放标准问答对拆分而来,30份环评_污染物排放控制执行标准复核QA(拆分版),水污染物排放标准,无法判断,证据不足,,未复核,不足,有效,部分核验,自动默认,候选池,B_证据不足,,,,,,,,186,MAP_无法判断+EVIDENCE_INSUFFICIENCY_SIGNAL,需人工区分证据不足、材料缺失或尚未审核；命中证据不足候选词：无法判断；已列依据来源，但未在本阶段逐条核验,,water_emission_standard,L3_analysis,rule_applicability,basis_grounding,report_grounding；procedural_reasoning,high,high,report_plus_external,True,,auto_default,v1,,manual_check=false但存在人工判断
2026-07-27,PL033,V01,PL033_广东施格纳电气有限公司新建项目_01_受理公告或公示版.pdf,广东施格纳电气有限公司新建项目,PL033_Emission_大气,污染物排放标准-大气污染物排放标准,请根据项目行业类别、生产工艺和污染因子，判断大气污染物排放标准选取是否合理。要求分析：污染源覆盖是否完整（列出所有大气污染源及对应标准），是否存在缺漏的污染源或标准。,"1、污染排放标准分析污染源内容：不完整；
2、报告排放标准章节未明确编制大气污染物排放标准相关内容，无法完成判定。","1. 水标准引用：""污染物排放标准》（GB18918-2002）一级A 标准及《广东省水污染物排放限值》（DB44/26-2001）的较严值。项目不涉及生产废水的产生与排放。生活污水经三级化粪池预处理后排放至勒流污水处理厂；循环冷却水通过市政管网排入勒流污水处理厂，尾水排入顺德支流。""
2. 冷却水排放依据及编号错误：""根据《污水综合排放标准》（GB8978-1996）、《环境影响评价技术导则地面水环境》（HJ/T2.3-93）、广东省地方标准《广东省水污染物排放限值》（DB4426-2001）中的规定：'污水排放量不包括间接冷却水'。因此，本项目冷却系统定期排水可作为清净下水通过雨水管道排放，不计入项目污水排放量。""
3. 行业类别：""本项目属于'二十六、橡胶和塑料制品业29-53 塑料制品业292-其他（年用非溶剂型低VOCs 含量涂料10t 以下的除外）'、'三十六、计算机、通信和其他电子设备制造业39-82-其他电子设备制造399-全部（仅分割、焊接、组装的除外）'""
4. 大气污染源（有组织排放）：""注塑废气使用顶式集气罩收集，回流焊废气、波峰焊废气、烘干废气在全密闭空间收集，灌胶废气、补焊废气、刷漆废气使用移动软管+伞型罩收集，以上废气一起通过活性炭吸附装置处理后引至楼顶1 个40m 高的排气筒DA001 排放""
5. 固体废物处置：""危险废物 面积为10m2，一个危废间，交由有相应危废资质的单位回收处置；一般工业固废 面积为20m2，一个一般固废间，交由回收公司回收利用；生活垃圾 统一收集后交由环卫部门回收处理""",emission-standard-kb.jsonl; DB44/26-2001; DB44/2367-2022; GB31572-2015; GB14554-93; GB12348-2008; GB18597-2023; GB18599-2020,2,2,False,无法判断,水:存在错误——报告引用了GB18918-2002一级A标准和DB44/26-2001较严值，标准选取方向基本正确，但未明确DB44/26-2001第二时段，且文中一处将DB44/26-2001误写为DB4426-2001（编号书写错误），GB18918-2002适用于污水处理厂尾水而非项目预处理排放，引用依据不够精确。; 大气:存在缺漏——项目涉及注塑VOCs、焊接烟尘（颗粒物、锡及其化合物）、涂装烘干VOCs、灌胶VOCs、破碎颗粒物等多种大气污染因子，且有组织排放经DA001排气筒排放，但提取的排放标准章节文本中未发现DB44/2367-2022、DB44/27-2001、GB14554-93等任何大气排放标准的明确列出。; 噪声:存在缺漏——项目含注塑机、粉碎机、冷却塔等多类高噪声设备，应执行GB12348-2008工业企业厂界环境噪声排放标准，但提取的排放标准章节文本中未发现该标准的明确列出。; 固体废物:存在缺漏——项目产生废机油、废助焊剂、废活性炭等危险废物及废塑料等一般工业固废，应执行GB18597-2023、GB18599-2020等标准并参照国家危险废物名录（2021版）分类，但提取的排放标准章节文本中未发现任何固废相关标准的明确列出。,,,是,原综合排放标准问答对拆分而来,30份环评_污染物排放控制执行标准复核QA(拆分版),大气污染物排放标准,无法判断,待判断,,未复核,部分充分,有效,部分核验,自动默认,候选池,B_证据不足,,,,,,,,187,MAP_无法判断,需人工区分证据不足、材料缺失或尚未审核；存在报告证据，但尚未经人工逐项核验；已列依据来源，但未在本阶段逐条核验,,air_emission_standard,L3_analysis,multi_evidence_synthesis,basis_grounding,report_grounding；evidence_integration,high,high,report_plus_external,True,,auto_default,v1,,manual_check=false但存在人工判断
2026-07-27,PL033,V01,PL033_广东施格纳电气有限公司新建项目_01_受理公告或公示版.pdf,广东施格纳电气有限公司新建项目,PL033_Emission_噪声,污染物排放标准-噪声排放标准,请根据项目所属声环境功能区类别，判断噪声排放标准选取是否合理。要求总结声功能区类型、厂界执行标准（GB12348-2008）及昼夜限值，并与环评编制内容进行一致性分析。,"1、噪声排放标准中执行标准与排放限值内容：无法判断；
2、报告排放标准章节未明确编制噪声排放标准相关内容，无法完成判定。","1. 水标准引用：""污染物排放标准》（GB18918-2002）一级A 标准及《广东省水污染物排放限值》（DB44/26-2001）的较严值。项目不涉及生产废水的产生与排放。生活污水经三级化粪池预处理后排放至勒流污水处理厂；循环冷却水通过市政管网排入勒流污水处理厂，尾水排入顺德支流。""
2. 冷却水排放依据及编号错误：""根据《污水综合排放标准》（GB8978-1996）、《环境影响评价技术导则地面水环境》（HJ/T2.3-93）、广东省地方标准《广东省水污染物排放限值》（DB4426-2001）中的规定：'污水排放量不包括间接冷却水'。因此，本项目冷却系统定期排水可作为清净下水通过雨水管道排放，不计入项目污水排放量。""
3. 行业类别：""本项目属于'二十六、橡胶和塑料制品业29-53 塑料制品业292-其他（年用非溶剂型低VOCs 含量涂料10t 以下的除外）'、'三十六、计算机、通信和其他电子设备制造业39-82-其他电子设备制造399-全部（仅分割、焊接、组装的除外）'""
4. 大气污染源（有组织排放）：""注塑废气使用顶式集气罩收集，回流焊废气、波峰焊废气、烘干废气在全密闭空间收集，灌胶废气、补焊废气、刷漆废气使用移动软管+伞型罩收集，以上废气一起通过活性炭吸附装置处理后引至楼顶1 个40m 高的排气筒DA001 排放""
5. 固体废物处置：""危险废物 面积为10m2，一个危废间，交由有相应危废资质的单位回收处置；一般工业固废 面积为20m2，一个一般固废间，交由回收公司回收利用；生活垃圾 统一收集后交由环卫部门回收处理""",emission-standard-kb.jsonl; DB44/26-2001; DB44/2367-2022; GB31572-2015; GB14554-93; GB12348-2008; GB18597-2023; GB18599-2020,2,2,False,无法判断,水:存在错误——报告引用了GB18918-2002一级A标准和DB44/26-2001较严值，标准选取方向基本正确，但未明确DB44/26-2001第二时段，且文中一处将DB44/26-2001误写为DB4426-2001（编号书写错误），GB18918-2002适用于污水处理厂尾水而非项目预处理排放，引用依据不够精确。; 大气:存在缺漏——项目涉及注塑VOCs、焊接烟尘（颗粒物、锡及其化合物）、涂装烘干VOCs、灌胶VOCs、破碎颗粒物等多种大气污染因子，且有组织排放经DA001排气筒排放，但提取的排放标准章节文本中未发现DB44/2367-2022、DB44/27-2001、GB14554-93等任何大气排放标准的明确列出。; 噪声:存在缺漏——项目含注塑机、粉碎机、冷却塔等多类高噪声设备，应执行GB12348-2008工业企业厂界环境噪声排放标准，但提取的排放标准章节文本中未发现该标准的明确列出。; 固体废物:存在缺漏——项目产生废机油、废助焊剂、废活性炭等危险废物及废塑料等一般工业固废，应执行GB18597-2023、GB18599-2020等标准并参照国家危险废物名录（2021版）分类，但提取的排放标准章节文本中未发现任何固废相关标准的明确列出。,,,是,原综合排放标准问答对拆分而来,30份环评_污染物排放控制执行标准复核QA(拆分版),噪声排放标准,无法判断,证据不足,,未复核,不足,有效,部分核验,自动默认,候选池,B_证据不足,,,,,,,,188,MAP_无法判断+EVIDENCE_INSUFFICIENCY_SIGNAL,需人工区分证据不足、材料缺失或尚未审核；命中证据不足候选词：无法判断；已列依据来源，但未在本阶段逐条核验,,noise_emission_standard,L2_application,rule_applicability,basis_grounding,report_grounding,high,medium,report_plus_external,True,,auto_default,v1,,manual_check=false但存在人工判断
2026-07-27,PL033,V01,PL033_广东施格纳电气有限公司新建项目_01_受理公告或公示版.pdf,广东施格纳电气有限公司新建项目,PL033_Emission_固体,污染物排放标准-固体废物控制标准,请根据项目产生的固体废物和危险废物类型，判断固体废物控制标准选取是否合理。要求总结一般工业固体废物和危险废物执行标准的标准名称及编号，分析是否缺少必要标准条目。,"1、固体废物控制排放中执行标准内容：无误；
2、固体废物控制排放内容总结：报告已引用相关法律法规和标准，固体废物控制标准编制完整，符合知识库要求的标准清单。（注：GB18599-2020《一般工业固体废物贮存和填埋污染控制标准》不在当前审核知识库必须满足的标准清单中，不作为判定缺漏的依据。）","固体废物处置：""危险废物 面积为10m2，一个危废间，交由有相应危废资质的单位回收处置；一般工业固废 面积为20m2，一个一般固废间，交由回收公司回收利用；生活垃圾 统一收集后交由环卫部门回收处理""",emission-standard-kb.jsonl; DB44/26-2001; DB44/2367-2022; GB31572-2015; GB14554-93; GB12348-2008; GB18597-2023; GB18599-2020,2,2,False,无误,水:存在错误——报告引用了GB18918-2002一级A标准和DB44/26-2001较严值，标准选取方向基本正确，但未明确DB44/26-2001第二时段，且文中一处将DB44/26-2001误写为DB4426-2001（编号书写错误），GB18918-2002适用于污水处理厂尾水而非项目预处理排放，引用依据不够精确。; 大气:存在缺漏——项目涉及注塑VOCs、焊接烟尘（颗粒物、锡及其化合物）、涂装烘干VOCs、灌胶VOCs、破碎颗粒物等多种大气污染因子，且有组织排放经DA001排气筒排放，但提取的排放标准章节文本中未发现DB44/2367-2022、DB44/27-2001、GB14554-93等任何大气排放标准的明确列出。; 噪声:存在缺漏——项目含注塑机、粉碎机、冷却塔等多类高噪声设备，应执行GB12348-2008工业企业厂界环境噪声排放标准，但提取的排放标准章节文本中未发现该标准的明确列出。; 固体废物:存在缺漏——项目产生废机油、废助焊剂、废活性炭等危险废物及废塑料等一般工业固废，应执行GB18597-2023、GB18599-2020等标准并参照国家危险废物名录（2021版）分类，但提取的排放标准章节文本中未发现任何固废相关标准的明确列出。,,,否,修正：GB18599-2020不在知识库必须满足的标准清单中，原判定依据已更正。原综合排放标准问答对拆分而来,30份环评_污染物排放控制执行标准复核QA(拆分版),固体废物控制标准,无误,无误,,未复核,部分充分,有效,部分核验,自动默认,候选池,待分流,,,,,,,,189,MAP_无误,存在报告证据，但尚未经人工逐项核验；已列依据来源，但未在本阶段逐条核验,,solid_waste_standard,L2_application,rule_applicability,basis_grounding,report_grounding,high,medium,report_plus_external,True,,auto_default,v1,,manual_check=false但存在人工判断
2026-06-25,PL034,V01,年10月29日建设项目环境影响报告书（表）受理公告（佛山市生态环境局顺德分局）_3.pdf,佛山市沃丰德电器有限公司扩建项目,PL034_V01_Q01,1. 塑胶行业样本筛选与国民经济行业分类,请结合项目产品、原辅材料和生产工艺，判断该报告行业类别是否基本合理。,国民经济行业类型判定结论：需复核；具体分析：根据项目概况，本项目以铜管、铝管、黄铜件及焊条等为主要原辅材料，经开料、弯管、整形、测试、焊接和套环等工序，生产小铜弯管、铜跨管及单管、铝跨管及单管和焊接组件；同时以PC塑料粒和色母为原料，经混料、注塑、检验及边角料破碎回用等工序，生产塑料保护套。经识别，塑料保护套制造属于C2929塑料零件及其他塑料制品制造，与项目填报类别一致；上述铜、铝管件及焊接组件属于小型金属管件，不具备金属结构构件的产品特征，现有证据更符合C3399其他未列明金属制品制造，与项目填报的C3311金属结构制造存在差异。因此，C2929类别基本合理，C3311类别需结合金属管件的具体用途进一步复核确认。,业区 25-2-1 号地块之 31 地理坐标 （113 度 11 分 41.319 秒， 22 度 48 分 32.142 秒） 国民经济 行业类别 C3311 金属结构制造、 C2929 塑料零件及其他 塑料制品制造 建设项目 行业类别 建设性质 □新建（迁建） □改建 ☑扩建 □技术改造 建设项目 申报情形 二十六、橡胶和塑料制品 业 -29 中 53、塑料制品 业 292-其他（年用非溶剂 型低 VOCs 含量涂料 10 吨 以下的除外） ☑首次申报项目 □不予批准后再次申报 项目 ☐超五年重新审核项目 □重大变动重新报批项 目 项目审批（核准 /备案）部门（选 填） / 项目审批（核准/ 备案）文号（选填） / 总投资（万元） 20 环保投资（万元） 10 环保投资占比 （%） 50 施工工期 2 个月 用地（用海） 面积（m2） 1100（扩建新增） 是否开工建设 ☑否 ☐是：,《国民经济行业分类》(GB/T 4754—2017)；本任务C292筛选及C17/C18排除规则,结合本项目行业代码、建设性质、工艺关键词及PDF证据生成，非脱离项目的通用题。,可依据对应PDF原文、工程分析表格及所列法规标准逐项复核。,True,,,,新增,是,自动生成；需人工复核项目参数、公式取值、标准适用范围及PDF文字提取完整性。,seed_qa_塑胶行业筛选版_30个国民经济行业分类的人工标记,国民经济行业分类,,待判断,,未复核,部分充分,待判断,部分核验,自动默认,候选池,C_题目或材料问题,,,,,,,,190,MAP_BLANK,人工判断为空：不得自动补填结论；人工判断为空；结构完整但原因需人工确认；存在报告证据，但尚未经人工逐项核验；已列依据来源，但未在本阶段逐条核验,,industry_classification,L3_analysis,multi_evidence_synthesis,evidence_integration,report_grounding；basis_grounding,high,high,cross_section,True,,auto_default,v1,,manual_check=true但人工判断为空
2026-07-24,PL034,V01,PL034_佛山市沃丰德电器有限公司扩建项目,佛山市沃丰德电器有限公司扩建项目,PL034_V01_Q03,环评投资核算,请根据报告中的总投资、环保投资和环保工程投资明细，判断环保投资核算是否前后一致、比例是否正确。,环评投资核算判定结论：需复核；具体分析：报告填报总投资为20万元、环保投资为10万元、环保投资占比为50%。按“环保投资÷总投资×100%”复算为50.00%，与报告填报值一致；但现有解析文本未检索到环保工程投资明细表，无法核对分项合计是否与环保投资一致。因此，占比计算正确，环保投资前后一致性仍需结合原报告投资明细表复核。,一、建设项目基本情况：总投资20万元、环保投资10万元、占比50%。来源：解析文本拼接_02_021-040(3).md,报告原文-环保投资明细表,2,2,False,需复核,,,,是,,30个PL_环评投资核算QA,环评投资概算,需复核,证据不足,,未复核,不足,有效,不需要外部依据,自动默认,候选池,B_证据不足,,,,,,,,191,MAP_需复核+EVIDENCE_INSUFFICIENCY_SIGNAL,原结论明确要求人工复核；命中证据不足候选词：未检索到、无法核对；投资复核主要依据报告内金额与算式,,environmental_investment,L2_application,quantitative_verification,numerical_accuracy,report_grounding；procedural_reasoning,low,medium,cross_section,True,,auto_default,v1,,manual_check=false但存在人工判断
2026-06-25,PL035,V01,年10月29日建设项目环境影响报告书（表）受理公告（佛山市生态环境局顺德分局）_4.pdf,佛山市顺德区钧锐塑料厂迁建项目,PL035_V01_Q01,1. 塑胶行业样本筛选与国民经济行业分类,请结合项目产品、原辅材料和生产工艺，判断该报告行业类别是否基本合理。,"""国民经济行业类型判定结论：正确；具体分析：根据项目概况，本项目以PC塑料、钛白粉（色粉）、阻燃剂和增韧剂为主要原辅材料，通过投料、混合搅拌、挤出、冷却、切粒、筛选、混合和包装等生产工艺，生产颗粒状改性PC塑料3800t/a。经识别，该产品属于共混/填充/功能改性塑料颗粒，判定国民经济行业为C2929塑料零件及其他塑料制品制造，与项目填报的国民经济行业类别C2929塑料零件及其他塑料制品制造一致。项目部分产品经注塑、质检用于性能测试，次品及边角料破碎回用，均为内部辅助活动，不构成独立对外产品线，不另列行业类别。",街道富裕村龙冲路 32 号之二 地理坐标 东经 113 度 12 分 7.361 秒，北纬 22 度 48 分 37.173 秒 国民经济 行业类别 建设性质 C2929 塑料零件及其他 塑料制品制造 ☑新建（迁建） ☐改建 ☐扩建 ☐技术改造 建设项目 行业类别 建设项目 申报情形 二十六、橡胶和塑料制品业53 塑料制品业 292； ☑首次申报项目 ☐不予批准后再次申报项目 ☐超五年重新审核项目 ☐重大变动重新报批项目 项目审批（核准/ 备案）部门（选 填） 无 项目审批（核准/ 备案）文号（选填） 无 总投资（万元） 100 环保投资（万元） 20 环保投资占比 （%） 20 施工工期 1 个月 用地（用海） 面积（m2） 4945 是否开工建设 否 ☐是： 专项评价设置 情况 无 规划名称：《顺德西部生态产业新区顺德支流北岸片区（SD-H-04-01、 SD-H-04-02）控制性,《国民经济行业分类》(GB/T 4754—2017)；本任务C292筛选及C17/C18排除规则,结合本项目行业代码、建设性质、工艺关键词及PDF证据生成，非脱离项目的通用题。,可依据对应PDF原文、工程分析表格及所列法规标准逐项复核。,True,,,,新增,是,自动生成；需人工复核项目参数、公式取值、标准适用范围及PDF文字提取完整性。,seed_qa_塑胶行业筛选版_30个国民经济行业分类的人工标记,国民经济行业分类,,待判断,,未复核,部分充分,待判断,部分核验,自动默认,候选池,C_题目或材料问题,,,,,,,,192,MAP_BLANK,人工判断为空：不得自动补填结论；人工判断为空；结构完整但原因需人工确认；存在报告证据，但尚未经人工逐项核验；已列依据来源，但未在本阶段逐条核验,,industry_classification,L3_analysis,multi_evidence_synthesis,evidence_integration,report_grounding；basis_grounding,high,high,cross_section,True,,auto_default,v1,,manual_check=true但人工判断为空
2026-07-24,PL035,V01,PL035_佛山市顺德区钧锐塑料厂迁建项目,佛山市顺德区钧锐塑料厂迁建项目,PL035_V01_Q03,环评投资核算,请根据报告中的总投资、环保投资和环保工程投资明细，判断环保投资核算是否前后一致、比例是否正确。,环评投资核算判定结论：需复核；具体分析：报告填报总投资为100万元、环保投资为20万元、环保投资占比为20%。按“环保投资÷总投资×100%”复算为20.00%，与报告填报值一致；但现有解析文本未检索到环保工程投资明细表，无法核对分项合计是否与环保投资一致。因此，占比计算正确，环保投资前后一致性仍需结合原报告投资明细表复核。,一、建设项目基本情况：总投资100万元、环保投资20万元、占比20%。来源：解析文本拼接_02_021-040(3).md,报告原文-环保投资明细表,2,2,False,需复核,,,,是,,30个PL_环评投资核算QA,环评投资概算,需复核,证据不足,,未复核,不足,有效,不需要外部依据,自动默认,候选池,B_证据不足,,,,,,,,193,MAP_需复核+EVIDENCE_INSUFFICIENCY_SIGNAL,原结论明确要求人工复核；命中证据不足候选词：未检索到、无法核对；投资复核主要依据报告内金额与算式,,environmental_investment,L2_application,quantitative_verification,numerical_accuracy,report_grounding；procedural_reasoning,low,medium,cross_section,True,,auto_default,v1,,manual_check=false但存在人工判断
2026-06-25,PL036,V01,年10月29日建设项目环境影响报告书（表）受理公告（均安）.pdf,广东梅州磁性材料有限公司顺德分公司迁扩建项目,PL036_V01_Q01,1. 塑胶行业样本筛选与国民经济行业分类,请结合项目产品、原辅材料和生产工艺，判断该报告行业类别是否基本合理。,国民经济行业类型判定结论：正确；具体分析：根据项目概况，本项目以PVC粒料、碳酸钙和环氧大豆油为主要原辅材料，通过投料、混料、造粒、挤出、直接冷却、切割等工序制成塑料条，再将外购磁条穿入塑料套经焊磁热熔粘合，生产由塑料条与磁条组合制成的塑料封条648.093吨/年（约400万米/年）。经识别，该产品属于塑料密封制品，判定国民经济行业为C2929塑料零件及其他塑料制品制造，与项目填报的国民经济行业类别C2929塑料零件及其他塑料制品制造一致。,室、202 室、 302 室 地理坐标 东经 113 度 6 分 34.877 秒，北纬 22 度 45 分 13.748 秒 国民经济 行业类别 C2929 塑料零件及其他 塑料制品制造 建设项目 行业类别 建设性质 ☑新建（迁建） □改建 ☑扩建 □技术改造 建设项目 申报情形 项目审批（核 准/备案）部门 （选填） / 二十六、橡胶和塑料制品业 29—53 塑料制品业 292—其他 （年用非溶剂型低 VOCs 含量涂 料 10 吨以下的除外） ☑首次申报项目 □不予批准后再次申报项目 □超五年重新审核项目 □重大变动重新报批项目 项目审批（核准/ 备案）文号（选填） / 总投资（万元） 环保投资（万元） 环保投资占比 （%） 施工工期 1 个月 用地（用海） 面积（m2） 1031.76 是否开工建设 ☑否 □是： 专项评价设 置情况 无 规划情况 无 规划环境影 响评价情况 无,《国民经济行业分类》(GB/T 4754—2017)；本任务C292筛选及C17/C18排除规则,结合本项目行业代码、建设性质、工艺关键词及PDF证据生成，非脱离项目的通用题。,可依据对应PDF原文、工程分析表格及所列法规标准逐项复核。,True,,,,新增,是,自动生成；需人工复核项目参数、公式取值、标准适用范围及PDF文字提取完整性。,seed_qa_塑胶行业筛选版_30个国民经济行业分类的人工标记,国民经济行业分类,,待判断,,未复核,部分充分,待判断,部分核验,自动默认,候选池,C_题目或材料问题,,,,,,,,194,MAP_BLANK,人工判断为空：不得自动补填结论；人工判断为空；结构完整但原因需人工确认；存在报告证据，但尚未经人工逐项核验；已列依据来源，但未在本阶段逐条核验,,industry_classification,L3_analysis,multi_evidence_synthesis,evidence_integration,report_grounding；basis_grounding,high,high,cross_section,True,,auto_default,v1,,manual_check=true但人工判断为空
2026-07-24,PL036,V01,PL036_广东梅州磁性材料有限公司顺德分公司迁扩建项目,广东梅州磁性材料有限公司顺德分公司迁扩建项目,PL036_V01_Q03,环评投资核算,请根据报告中的总投资、环保投资和环保工程投资明细，判断环保投资核算是否前后一致、比例是否正确。,环评投资核算判定结论：需复核；具体分析：工程分析章节载明总投资为300万元、环保投资为18万元、环保投资占比为6%，复算为6.00%；表2-10 建设项目环保投资一览表中的分项投资合计为18万元，工程分析章节内部核算一致。但公开版基本情况表的投资金额已脱敏或留空，无法核对基本情况表与投资明细表是否完全一致，需查阅未脱敏原件。,二、建设项目工程分析投资说明；表2-10：总投资300万元、环保投资18万元、占比6%；分项合计18万元。来源：解析文本拼接_02_021-040(3).md,报告原文-环保投资明细表,2,2,False,需复核,,,,是,,30个PL_环评投资核算QA,环评投资概算,需复核,证据不足,,未复核,不足,有效,不需要外部依据,自动默认,候选池,B_证据不足,,,,,,,,195,MAP_需复核+EVIDENCE_INSUFFICIENCY_SIGNAL,原结论明确要求人工复核；命中证据不足候选词：无法核对；投资复核主要依据报告内金额与算式,,environmental_investment,L2_application,quantitative_verification,numerical_accuracy,report_grounding；procedural_reasoning,low,medium,cross_section,True,,auto_default,v1,,manual_check=false但存在人工判断
2026-06-25,PL037,V01,年11月13日建设项目环境影响报告受理公告（大良）.pdf,佛山麦琪科技有限公司建设项目,PL037_V01_Q01,1. 塑胶行业样本筛选与国民经济行业分类,请结合项目产品、原辅材料和生产工艺，判断该报告行业类别是否基本合理。,国民经济行业类型判定结论：正确；具体分析：根据项目概况，本项目以TPU塑料粒和色母为主要原辅材料，通过投料混料、烘料、注塑成型、冲孔、检验包装等生产工艺，生产手机壳700万个/年（塑料总质量约224吨/年）。经识别，该产品属于塑胶手机配件，判定国民经济行业为C2929塑料零件及其他塑料制品制造，与项目填报的国民经济行业类别C2929塑料零件及其他塑料制品制造一致。,顺昌路 21 号悦腾智能制造园 6 号楼 703 地理坐标 东经 113°21′14.184″，北纬 22°48′29.758″ 国民经济 行业类别 C2929 塑料零件及其 他塑料制品制造 建设项目 行业类别 二十六、橡胶和塑料制品业29-53 塑料制品业292——“其他（年用非 溶剂型低VOCS含量涂料10吨以下 的除外）”）” 建设性质 ☑新建（迁建） □改建 □扩建 □技术改造 建设项目 申报情形 ☑首次申报项目 □不予批准后再次申报项目 □超五年重新审核项目 □重大变动重新报批项目 项目审批（核准/ 备案）部门（选填） 无 总投资（万元） 项目审批（核准/ 备案）文号（选填） 无 环保投资（万元） 施工工期 1 个月 用地（用海） 面积（m2） 956.58 20 环保投资占比（%） 是否开工建设 ☑否 □是 专项评价设置 情况 无 审批文件名称：《佛山市顺德区 SD-A-05-,《国民经济行业分类》(GB/T 4754—2017)；本任务C292筛选及C17/C18排除规则,结合本项目行业代码、建设性质、工艺关键词及PDF证据生成，非脱离项目的通用题。,可依据对应PDF原文、工程分析表格及所列法规标准逐项复核。,True,,,,新增,是,自动生成；需人工复核项目参数、公式取值、标准适用范围及PDF文字提取完整性。,seed_qa_塑胶行业筛选版_30个国民经济行业分类的人工标记,国民经济行业分类,,待判断,,未复核,部分充分,待判断,部分核验,自动默认,候选池,C_题目或材料问题,,,,,,,,196,MAP_BLANK,人工判断为空：不得自动补填结论；人工判断为空；结构完整但原因需人工确认；存在报告证据，但尚未经人工逐项核验；已列依据来源，但未在本阶段逐条核验,,industry_classification,L3_analysis,multi_evidence_synthesis,evidence_integration,report_grounding；basis_grounding,high,high,cross_section,True,,auto_default,v1,,manual_check=true但人工判断为空
2026-07-24,PL037,V01,PL037_佛山麦琪科技有限公司建设项目,佛山麦琪科技有限公司建设项目,PL037_V01_Q03,环评投资核算,请根据报告中的总投资、环保投资和环保工程投资明细，判断环保投资核算是否前后一致、比例是否正确。,环评投资核算判定结论：需复核；具体分析：报告显示环保投资占比为20%。由于总投资、环保投资为空，且未检索到环保工程投资明细表，无法按“环保投资÷总投资×100%”复算占比，也无法完整核对基本情况表与环保投资明细是否一致；不得依据占比倒推缺失金额，需查阅未脱敏原报告。,一、建设项目基本情况：占比20%。来源：解析文本拼接_02_021-040(3).md,报告原文-环保投资明细表,2,2,False,需复核,,,,是,,30个PL_环评投资核算QA,环评投资概算,需复核,证据不足,,未复核,不足,有效,不需要外部依据,自动默认,候选池,B_证据不足,,,,,,,,197,MAP_需复核+EVIDENCE_INSUFFICIENCY_SIGNAL,原结论明确要求人工复核；命中证据不足候选词：未检索到；投资复核主要依据报告内金额与算式,,environmental_investment,L2_application,quantitative_verification,numerical_accuracy,report_grounding；procedural_reasoning,low,medium,cross_section,True,,auto_default,v1,,manual_check=false但存在人工判断
2026-06-25,PL038,V01,年11月13日建设项目环境影响报告表受理公告（伦教）_2.pdf,佛山市顺德区晟昂电子科技有限公司新建项目,PL038_V01_Q01,1. 塑胶行业样本筛选与国民经济行业分类,请结合项目产品、原辅材料和生产工艺，判断该报告行业类别是否基本合理。,国民经济行业类型判定结论：需复核；具体分析：根据项目概况，本项目以ABS塑料粒、PC塑料粒和ABS+PC阻燃料为主要原辅材料，经混料、注塑、检验等工序，生产电子灯外壳300万个/年；同时以钢材、铜材、铝材为原料，经开料、机制加工并发外喷漆、电镀等工序，生产电子灯五金配件约64.6万个/年。经识别，电子灯外壳制造属于C2929塑料零件及其他塑料制品制造，与项目填报类别一致；电子灯五金配件为金属机制加工零部件，不具备照明灯具成品的产品特征，现有证据更符合C3399其他未列明金属制品制造，与项目填报的C3872照明灯具制造存在差异。因此，C2929类别基本合理，C3872类别需结合五金配件的具体用途及是否构成灯具成品组装进一步复核确认。,作为经营场所，不需要进行土建施工，不存在施 施工期环境 保护措施 工期环境影响。 30 本项目主要从事电子灯外壳、电子灯五金配件的加工生产，行业类别属于 “C292 塑料制品业”－“C2929 塑料零件及其他 塑料制品制造”、“C387 照明器具制造”－“C3872 照明灯具制造”。根据《固定污染源排污许可分类管理名录（2019 年 版）》，本项目属于登记管理类别，项目污染防治措施可行性分析内容参考《排污许可证申请与核发技术规范 总则》（HJ 9422018）进行分析。 一、大气污染源 1.1 大气污染物产排情况汇总 本项目废气污染源源强核算结果及相关参数一览表详见表 4-1 所示： 表 4-1 废气污染源源强核算结果及相关参数一览表 运营 期环 境影 响和 保护 措施 产排污 环节 排放口 编号/类 型 污染物产生情况 治理措施 污染物 种类 DA001/ 一般排 非甲烷 放口 总烃 生,《国民经济行业分类》(GB/T 4754—2017)；本任务C292筛选及C17/C18排除规则,结合本项目行业代码、建设性质、工艺关键词及PDF证据生成，非脱离项目的通用题。,可依据对应PDF原文、工程分析表格及所列法规标准逐项复核。,True,,,,新增,是,自动生成；需人工复核项目参数、公式取值、标准适用范围及PDF文字提取完整性。,seed_qa_塑胶行业筛选版_30个国民经济行业分类的人工标记,国民经济行业分类,,待判断,,未复核,部分充分,待判断,部分核验,自动默认,候选池,C_题目或材料问题,,,,,,,,198,MAP_BLANK,人工判断为空：不得自动补填结论；人工判断为空；结构完整但原因需人工确认；存在报告证据，但尚未经人工逐项核验；已列依据来源，但未在本阶段逐条核验,,industry_classification,L3_analysis,multi_evidence_synthesis,evidence_integration,report_grounding；basis_grounding,high,high,cross_section,True,,auto_default,v1,,manual_check=true但人工判断为空
2026-07-24,PL038,V01,PL038_佛山市顺德区晟昂电子科技有限公司新建项目,佛山市顺德区晟昂电子科技有限公司新建项目,PL038_V01_Q03,环评投资核算,请根据报告中的总投资、环保投资和环保工程投资明细，判断环保投资核算是否前后一致、比例是否正确。,环评投资核算判定结论：正确；具体分析：报告填报总投资为200万元、环保投资为10万元、环保投资占比为5%。按“环保投资÷总投资×100%”复算为5.00%，与报告填报值一致；表2-10 项目环保工程措施投资一览表中的分项投资合计为10万元，与环保投资一致。因此，环保投资金额、分项合计及占比前后一致，核算正确。,一、建设项目基本情况；表2-10：总投资200万元、环保投资10万元、占比5%；分项合计10万元。来源：解析文本拼接_02_021-040(3).md,报告原文-环保投资明细表,2,2,False,正确,,,,否,,30个PL_环评投资核算QA,环评投资概算,正确,无误,,未复核,部分充分,有效,不需要外部依据,自动默认,候选池,待分流,,,,,,,,199,MAP_正确,存在报告证据，但尚未经人工逐项核验；投资复核主要依据报告内金额与算式,,environmental_investment,L2_application,quantitative_verification,numerical_accuracy,report_grounding；procedural_reasoning,low,medium,cross_section,True,,auto_default,v1,,manual_check=false但存在人工判断
2026-06-25,PL039,V01,年11月14日建设项目环境影响报告受理公告（大良）_1.pdf,佛山市锦汇塑料制品有限公司新建项目,PL039_V01_Q01,1. 塑胶行业样本筛选与国民经济行业分类,请结合项目产品、原辅材料和生产工艺，判断该报告行业类别是否基本合理。,国民经济行业类型判定结论：正确；具体分析：根据项目概况，本项目以外购ABS板材为主要原辅材料，通过加热软化、吸塑成型、间接冷却、雕刻切割、修边打磨和人工打包等生产工艺，生产塑料热水器外壳138.24吨/年和塑料装饰条480吨/年。经识别，上述产品属于吸塑成型的塑胶配件及塑胶装饰件，判定国民经济行业为C2929塑料零件及其他塑料制品制造，与项目填报的国民经济行业类别C2929塑料零件及其他塑料制品制造一致。,栋 2 楼 202 室 地理坐标 （东经：113 度 22 分 43.774 秒，北纬：22 度 48 分 27.103 秒） 国民经济 行业类别 C2929 塑料零件及其 他塑料制品制造 建设项目 行业类别 建设性质 新建（迁建） 改建 扩建 技术改造 建设项目 申报情形 二十六、橡胶和塑料制品业 53 塑料制品业 292-其他（年用非 溶剂型低 VOC 含量涂料 10 吨 以下的除外） 首次申报项目 不予批准后再次申报项目 超五年重新审核项目 重大变动重新报批项目 项目审批（核准/ 备案）部门（选 填） / 项目审批（核准/ 备案）文号（选填） / 总投资（万元） *** 环保投资（万元） *** 环保投资占比 （%） 20 施工工期 2 个月 用地（用海） 面积（m2） 1674 是否开工建设 否 是 专项评价设置 情况 规划情况 规划环境影响 评价情况 无 审,《国民经济行业分类》(GB/T 4754—2017)；本任务C292筛选及C17/C18排除规则,结合本项目行业代码、建设性质、工艺关键词及PDF证据生成，非脱离项目的通用题。,可依据对应PDF原文、工程分析表格及所列法规标准逐项复核。,True,,,,新增,是,自动生成；需人工复核项目参数、公式取值、标准适用范围及PDF文字提取完整性。,seed_qa_塑胶行业筛选版_30个国民经济行业分类的人工标记,国民经济行业分类,,待判断,,未复核,部分充分,待判断,部分核验,自动默认,候选池,C_题目或材料问题,,,,,,,,200,MAP_BLANK,人工判断为空：不得自动补填结论；人工判断为空；结构完整但原因需人工确认；存在报告证据，但尚未经人工逐项核验；已列依据来源，但未在本阶段逐条核验,,industry_classification,L3_analysis,multi_evidence_synthesis,evidence_integration,report_grounding；basis_grounding,high,high,cross_section,True,,auto_default,v1,,manual_check=true但人工判断为空
2026-07-24,PL039,V01,PL039_佛山市锦汇塑料制品有限公司新建项目,佛山市锦汇塑料制品有限公司新建项目,PL039_V01_Q03,环评投资核算,请根据报告中的总投资、环保投资和环保工程投资明细，判断环保投资核算是否前后一致、比例是否正确。,环评投资核算判定结论：需复核；具体分析：工程分析章节载明总投资为100万元、环保投资为20万元、环保投资占比为20%，复算为20.00%；表2-10 项目环保投资一览表中的分项投资合计为20万元，工程分析章节内部核算一致。但公开版基本情况表的投资金额已脱敏或留空，无法核对基本情况表与投资明细表是否完全一致，需查阅未脱敏原件。,二、建设项目工程分析投资说明；表2-10：总投资100万元、环保投资20万元、占比20%；分项合计20万元。来源：解析文本拼接_02_021-040(3).md,报告原文-环保投资明细表,2,2,False,需复核,,,,是,,30个PL_环评投资核算QA,环评投资概算,需复核,证据不足,,未复核,不足,有效,不需要外部依据,自动默认,候选池,B_证据不足,,,,,,,,201,MAP_需复核+EVIDENCE_INSUFFICIENCY_SIGNAL,原结论明确要求人工复核；命中证据不足候选词：无法核对；投资复核主要依据报告内金额与算式,,environmental_investment,L2_application,quantitative_verification,numerical_accuracy,report_grounding；procedural_reasoning,low,medium,cross_section,True,,auto_default,v1,,manual_check=false但存在人工判断
2026-06-25,PL040,V01,年11月14日建设项目环境影响报告受理公告（大良）_2.pdf,佛山市海川塑料制品有限公司新建项目,PL040_V01_Q01,1. 塑胶行业样本筛选与国民经济行业分类,请结合项目产品、原辅材料和生产工艺，判断该报告行业类别是否基本合理。,国民经济行业类型判定结论：正确；具体分析：根据项目概况，本项目以ABS塑料粒、PP塑料粒、PE塑料粒和色母为主要原辅材料，通过投料混料、烘干、注塑成型、冷却、检验等生产工艺，生产家用塑料配件160吨/年。经识别，该产品属于家居用注塑塑胶配件，判定国民经济行业为C2929塑料零件及其他塑料制品制造，与项目填报的国民经济行业类别C2929塑料零件及其他塑料制品制造一致。,之 2 号 1 座 301 地理坐标 （东经 113 度 21 分 5.4468 秒，北纬 22 度 48 分28.0548秒） 国民经济 行业类别 C2929 塑料零件及其塑料制品制造 建设项目 行业类别 二十六、橡胶和塑料制品业 29-53 塑料制品业 292-其他（年 用非溶剂型低 VOCs 含量涂料 10 吨以下的除外） 建设性质 新建（迁建） 改建 扩建 技术改造 建设项目 申报情形 √首次申报项目 不予批准后再次申报项目 超五年重新审核项目 重大变动重新报批项目 项目审批（核准/ 备案）部门（选填） —— 项目审批（核准/ 备案）文号（选填） —— 总投资（万元） *** 环保投资（万元） *** 环保投资占比（%） 10 施工工期 1 个月 用地（用海） 面积（m2） 1125 是否开工建设 √否 是： 专项评价设置情 况 无 审批文件名称： 佛山市顺德区 S,《国民经济行业分类》(GB/T 4754—2017)；本任务C292筛选及C17/C18排除规则,结合本项目行业代码、建设性质、工艺关键词及PDF证据生成，非脱离项目的通用题。,可依据对应PDF原文、工程分析表格及所列法规标准逐项复核。,True,,,,新增,是,自动生成；需人工复核项目参数、公式取值、标准适用范围及PDF文字提取完整性。,seed_qa_塑胶行业筛选版_30个国民经济行业分类的人工标记,国民经济行业分类,,待判断,,未复核,部分充分,待判断,部分核验,自动默认,候选池,C_题目或材料问题,,,,,,,,202,MAP_BLANK,人工判断为空：不得自动补填结论；人工判断为空；结构完整但原因需人工确认；存在报告证据，但尚未经人工逐项核验；已列依据来源，但未在本阶段逐条核验,,industry_classification,L3_analysis,multi_evidence_synthesis,evidence_integration,report_grounding；basis_grounding,high,high,cross_section,True,,auto_default,v1,,manual_check=true但人工判断为空
2026-07-24,PL040,V01,PL040_佛山市海川塑料制品有限公司新建项目,佛山市海川塑料制品有限公司新建项目,PL040_V01_Q03,环评投资核算,请根据报告中的总投资、环保投资和环保工程投资明细，判断环保投资核算是否前后一致、比例是否正确。,环评投资核算判定结论：需复核；具体分析：工程分析章节载明总投资为100万元、环保投资为10万元、环保投资占比为10%，复算为10.00%；表12 建设项目环保投资一览表中的分项投资合计为10万元，工程分析章节内部核算一致。但公开版基本情况表的投资金额已脱敏或留空，无法核对基本情况表与投资明细表是否完全一致，需查阅未脱敏原件。,二、建设项目工程分析主要指标；表12：总投资100万元、环保投资10万元、占比10%；分项合计10万元。来源：解析文本拼接_02_021-040(3).md,报告原文-环保投资明细表,2,2,False,需复核,,,,是,,30个PL_环评投资核算QA,环评投资概算,需复核,证据不足,,未复核,不足,有效,不需要外部依据,自动默认,候选池,B_证据不足,,,,,,,,203,MAP_需复核+EVIDENCE_INSUFFICIENCY_SIGNAL,原结论明确要求人工复核；命中证据不足候选词：无法核对；投资复核主要依据报告内金额与算式,,environmental_investment,L2_application,quantitative_verification,numerical_accuracy,report_grounding；procedural_reasoning,low,medium,cross_section,True,,auto_default,v1,,manual_check=false但存在人工判断
2026-06-25,PL041,V01,年11月15日建设项目环境影响报告书（表）受理公告（佛山市生态环境局顺德分局）_4.pdf,佛山市创灏五金塑料有限公司年产塑料制品 1250 万件迁改扩建项目,PL041_V01_Q01,1. 塑胶行业样本筛选与国民经济行业分类,请结合项目产品、原辅材料和生产工艺，判断该报告行业类别是否基本合理。,国民经济行业类型判定结论：正确；具体分析：根据项目概况，本项目以PP、ABS、POM塑料粒及色母为主要原辅材料，经混料、上料、熔融注塑、间接冷却、定型和包装等工序，生产空调塑料配件和过滤网；不良品经破碎后回用于生产，模具维修属于辅助活动。经识别，本项目属于C2929塑料零件及其他塑料制品制造，与报告填报的C2929塑料零件及其他塑料制品制造一致，行业类别基本合理。,德区勒流富安工业区 16-1 号之一（C） 地理坐标 厂区中心地理坐标：北纬 22.806947°，东经 113.194332° 国民经济 行业类别 C2929 塑料零件 及其他塑料制品 制造 二十六、橡胶和塑料制品业 29-53.塑料制 品业 292-其他（年用非溶剂型低 VOCs 含 量涂料 10 吨以下的除外） 建设项目 行业类别 ☑新建（迁建） 建设性质 ☑改建 √首次申报项目 ☑不予批准后再次申报项目 建设项目 申报情形 ☑扩建 □超五年重新审核项目 □技术改造 项目审批（核准/ 备案）部门（选填） 无 □重大变动重新报批项目 项目审批（核准/ 备案）文号（选填） 无 总投资（万元） 200 环保投资（万元） 10 环保投资占比（%） 5 施工工期 已建成厂房 用地（用海） 面积（m2） 5913 是否开工建设 √否 是： 专项评价设置情 况 无 规划情况 无 规划环境影响评,《国民经济行业分类》(GB/T 4754—2017)；本任务C292筛选及C17/C18排除规则,结合本项目行业代码、建设性质、工艺关键词及PDF证据生成，非脱离项目的通用题。,可依据对应PDF原文、工程分析表格及所列法规标准逐项复核。,True,,,,新增,是,自动生成；需人工复核项目参数、公式取值、标准适用范围及PDF文字提取完整性。,seed_qa_塑胶行业筛选版_30个国民经济行业分类的人工标记,国民经济行业分类,,待判断,,未复核,部分充分,待判断,部分核验,自动默认,候选池,C_题目或材料问题,,,,,,,,204,MAP_BLANK,人工判断为空：不得自动补填结论；人工判断为空；结构完整但原因需人工确认；存在报告证据，但尚未经人工逐项核验；已列依据来源，但未在本阶段逐条核验,,industry_classification,L3_analysis,multi_evidence_synthesis,evidence_integration,report_grounding；basis_grounding,high,high,cross_section,True,,auto_default,v1,,manual_check=true但人工判断为空
2026-07-24,PL041,V01,PL041_佛山市创灏五金塑料有限公司年产塑料制品1250万件迁改扩建项目,佛山市创灏五金塑料有限公司年产塑料制品1250万件迁改扩建项目,PL041_V01_Q03,环评投资核算,请根据报告中的总投资、环保投资和环保工程投资明细，判断环保投资核算是否前后一致、比例是否正确。,环评投资核算判定结论：需复核；具体分析：报告填报总投资为200万元、环保投资为10万元、环保投资占比为5%。按“环保投资÷总投资×100%”复算为5.00%，与报告填报值一致；但现有解析文本未检索到环保工程投资明细表，无法核对分项合计是否与环保投资一致。因此，占比计算正确，环保投资前后一致性仍需结合原报告投资明细表复核。,一、建设项目基本情况；二、建设项目工程分析：总投资200万元、环保投资10万元、占比5%。来源：解析文本拼接_02_021-040(3).md,报告原文-环保投资明细表,2,2,False,需复核,,,,是,,30个PL_环评投资核算QA,环评投资概算,需复核,证据不足,,未复核,不足,有效,不需要外部依据,自动默认,候选池,B_证据不足,,,,,,,,205,MAP_需复核+EVIDENCE_INSUFFICIENCY_SIGNAL,原结论明确要求人工复核；命中证据不足候选词：未检索到、无法核对；投资复核主要依据报告内金额与算式,,environmental_investment,L2_application,quantitative_verification,numerical_accuracy,report_grounding；procedural_reasoning,low,medium,cross_section,True,,auto_default,v1,,manual_check=false但存在人工判断
2026-06-25,PL042,V01,年11月19日建设项目环境影响报告书（表）受理公告（佛山市生态环境局顺德分局）_1.pdf,佛山市顺德区夏瑞塑胶有限公司迁扩建项目,PL042_V01_Q01,1. 塑胶行业样本筛选与国民经济行业分类,请结合项目产品、原辅材料和生产工艺，判断该报告行业类别是否基本合理。,国民经济行业类型判定结论：正确；具体分析：根据项目概况，本项目以PP塑料粒和色母为主要原辅材料，经混料、熔融注塑、冷却、检验等工序，生产电水壶手柄、底座等电水壶塑料配件；不合格品和边角料经破碎后回用于生产。经识别，本项目属于C2929塑料零件及其他塑料制品制造，与报告填报的C2929塑料零件及其他塑料制品制造一致，行业类别基本合理。,一、建设项目基本情况 建设项目名 称 佛山市顺德区晨瑞塑胶有限公司迁扩建项目 项目代码 无 建设单位联 系人 建设地点 地理坐标 国民经济 行业类别 建设性质 阳杰 联系方式 广东省佛山市顺德区勒流街道大晚社区沿江南路 36 号 3A 号楼第 2 层 202 单元之一 东经：113 度 8 分 38.561 秒，北纬： 22 度 51 分 05.191 秒 二十六、橡胶和塑料制品业 C2929 塑料零件及其 29-53 塑料制品业 292-其他（年 建设项目 他塑料制品制造 行业类别 用非溶剂型低 VOCs 含量涂料 10 吨以下的除外） 新建（迁建） 首次申报项目 改建 不予批准后再次申报项目 建设项目 扩建 超五年重新审核项目 申报情形 技术改造 重大变动重新报批项目 项目审批（核 无 准/备案）部 门（选填） 总投资（万 200 元） 环保投资占 10 比（%） 是否,《国民经济行业分类》(GB/T 4754—2017)；本任务C292筛选及C17/C18排除规则,结合本项目行业代码、建设性质、工艺关键词及PDF证据生成，非脱离项目的通用题。,可依据对应PDF原文、工程分析表格及所列法规标准逐项复核。,True,,,,新增,是,自动生成；需人工复核项目参数、公式取值、标准适用范围及PDF文字提取完整性。,seed_qa_塑胶行业筛选版_30个国民经济行业分类的人工标记,国民经济行业分类,,待判断,,未复核,部分充分,待判断,部分核验,自动默认,候选池,C_题目或材料问题,,,,,,,,206,MAP_BLANK,人工判断为空：不得自动补填结论；人工判断为空；结构完整但原因需人工确认；存在报告证据，但尚未经人工逐项核验；已列依据来源，但未在本阶段逐条核验,,industry_classification,L3_analysis,multi_evidence_synthesis,evidence_integration,report_grounding；basis_grounding,high,high,cross_section,True,,auto_default,v1,,manual_check=true但人工判断为空
2026-07-24,PL042,V01,PL042_佛山市顺德区晨瑞塑胶有限公司迁扩建项目,佛山市顺德区晨瑞塑胶有限公司迁扩建项目,PL042_V01_Q03,环评投资核算,请根据报告中的总投资、环保投资和环保工程投资明细，判断环保投资核算是否前后一致、比例是否正确。,环评投资核算判定结论：正确；具体分析：报告填报总投资为200万元、环保投资为20万元、环保投资占比为10%。按“环保投资÷总投资×100%”复算为10.00%，与报告填报值一致；表2-11 环保投资一览表中的分项投资合计为20万元，与环保投资一致。因此，环保投资金额、分项合计及占比前后一致，核算正确。,一、建设项目基本情况；表2-11：总投资200万元、环保投资20万元、占比10%；分项合计20万元。来源：解析文本拼接_02_021-040(3).md,报告原文-环保投资明细表,2,2,False,正确,,,,否,,30个PL_环评投资核算QA,环评投资概算,正确,无误,,未复核,部分充分,有效,不需要外部依据,自动默认,候选池,待分流,,,,,,,,207,MAP_正确,存在报告证据，但尚未经人工逐项核验；投资复核主要依据报告内金额与算式,,environmental_investment,L2_application,quantitative_verification,numerical_accuracy,report_grounding；procedural_reasoning,low,medium,cross_section,True,,auto_default,v1,,manual_check=false但存在人工判断
2026-06-25,PL043,V01,年11月21日建设项目环境影响报告受理公告（大良）.pdf,佛山市益旭电器有限公司新建项目,PL043_V01_Q01,1. 塑胶行业样本筛选与国民经济行业分类,请结合项目产品、原辅材料和生产工艺，判断该报告行业类别是否基本合理。,国民经济行业类型判定结论：正确；具体分析：根据项目概况，本项目以PA、PC、PP、ABS塑料粒及色母为主要原辅材料，经投料、密闭混料、热熔、注塑成型、检验和打包等工序，生产空气炸锅塑料配件和冰沙机塑料配件；次品经破碎后回用于生产，模具维修属于辅助活动。经识别，本项目属于C2929塑料零件及其他塑料制品制造，与报告填报的C2929塑料零件及其他塑料制品制造一致，行业类别基本合理。,号 1 栋 4 层之一 地理坐标 东经： 113 度 21 分 52.945 秒，北纬： 22 度 49 分 25.038 秒 国民经济 行业类别 C2929 塑料零件及其他塑料 制品制造 建设项目 行业类别 建设性质 ☑新建（迁建） □改建 □扩建 □技术改造 建设项目 申报情形 二十六、橡胶和塑料制品 业 29-53 塑料制品业 292其他（年用非溶剂型低 VOCs 含量涂料 10 吨以下 的除外） 首次申报项目 □不予批准后再次申报项 目 □超五年重新审核项目 □重大变动重新报批项目 项目审批（核准/ 备案）部门（选 填） 无 项目审批（核准/ 备案）文号（选填） 无 总投资（万元） *** 环保投资（万元） *** 环保投资占比 （%） 4 施工工期 2 个月 用地面积（m2） 1280 是否开工建设 否 是： 专项评价设置 情况 无 规划名称：《佛山市顺德区SD-A-05,《国民经济行业分类》(GB/T 4754—2017)；本任务C292筛选及C17/C18排除规则,结合本项目行业代码、建设性质、工艺关键词及PDF证据生成，非脱离项目的通用题。,可依据对应PDF原文、工程分析表格及所列法规标准逐项复核。,True,,,,新增,是,自动生成；需人工复核项目参数、公式取值、标准适用范围及PDF文字提取完整性。,seed_qa_塑胶行业筛选版_30个国民经济行业分类的人工标记,国民经济行业分类,,待判断,,未复核,部分充分,待判断,部分核验,自动默认,候选池,C_题目或材料问题,,,,,,,,208,MAP_BLANK,人工判断为空：不得自动补填结论；人工判断为空；结构完整但原因需人工确认；存在报告证据，但尚未经人工逐项核验；已列依据来源，但未在本阶段逐条核验,,industry_classification,L3_analysis,multi_evidence_synthesis,evidence_integration,report_grounding；basis_grounding,high,high,cross_section,True,,auto_default,v1,,manual_check=true但人工判断为空
2026-07-24,PL043,V01,PL043_佛山市益旭电器有限公司新建项目,佛山市益旭电器有限公司新建项目,PL043_V01_Q03,环评投资核算,请根据报告中的总投资、环保投资和环保工程投资明细，判断环保投资核算是否前后一致、比例是否正确。,环评投资核算判定结论：需复核；具体分析：工程分析章节载明总投资为200万元、环保投资为8万元、环保投资占比为4%，复算为4.00%；表2-9 项目环保措施及其投资计划一览表中的分项投资合计为8万元，工程分析章节内部核算一致。但公开版基本情况表的投资金额已脱敏或留空，无法核对基本情况表与投资明细表是否完全一致，需查阅未脱敏原件。,二、建设项目工程分析投资说明；表2-9：总投资200万元、环保投资8万元、占比4%；分项合计8万元。来源：解析文本拼接_03_041-060(3).md,报告原文-环保投资明细表,2,2,False,需复核,,,,是,,30个PL_环评投资核算QA,环评投资概算,需复核,证据不足,,未复核,不足,有效,不需要外部依据,自动默认,候选池,B_证据不足,,,,,,,,209,MAP_需复核+EVIDENCE_INSUFFICIENCY_SIGNAL,原结论明确要求人工复核；命中证据不足候选词：无法核对；投资复核主要依据报告内金额与算式,,environmental_investment,L2_application,quantitative_verification,numerical_accuracy,report_grounding；procedural_reasoning,low,medium,cross_section,True,,auto_default,v1,,manual_check=false但存在人工判断
2026-06-25,PL044,V01,年11月29日建设项目环境影响报告书（表）受理公告（佛山市生态环境局顺德分局）_2.pdf,佛山市昇汇包装材料有限公司新建项目,PL044_V01_Q01,1. 塑胶行业样本筛选与国民经济行业分类,请结合项目产品、原辅材料和生产工艺，判断该报告行业类别是否基本合理。,国民经济行业类型判定结论：正确；具体分析：根据项目概况，本项目以PVC、PET、PS、PP塑料片材为主要原辅材料，经加热吸塑成型、冷却、分切、冲切、折边、检验和包装等工序，生产PVC、PET、PS、PP吸塑包装品；模具手板制作及委外模具石膏填充仅服务于本项目吸塑生产，属于辅助活动。经识别，本项目属于C2926塑料包装箱及容器制造，与报告填报的C2926塑料包装箱及容器制造一致，行业类别基本合理。,10 栋 501 单元之一 地理坐标 （东经 113 度 10 分 2.352 秒，北纬 22 度 51 分 3.816 秒） 国民经济 行业类别 C2926 塑料包装箱及容 器制造 建设性质 ☑新建（迁建） □改建 □扩建 □技术改造 建设项目 行业类别 二十六、橡胶和塑料制品 业 29-53、塑料制品业 292其他（年用非溶剂型低 VOCs 含量涂料 10 吨以下 的除外） 建设项目 申报情形 ☑首次申报项目 □不予批准后再次申报项目 □超五年重新审核项目 □重大变动重新报批项目 项目审批（核准/ 备案）部门（选填） 无 项目审批（核准/ 备案）文号（选填） 无 总投资（万元） 100 环保投资（万元） 10 环保投资占比（%） 10 施工工期 1 个月 用地（用海） 面积（m2） 1165 是否开工建设 ☑否 □是： 专项评价设置 情况 无 规划情况 无 规划环境影响 评价情况 无,《国民经济行业分类》(GB/T 4754—2017)；本任务C292筛选及C17/C18排除规则,结合本项目行业代码、建设性质、工艺关键词及PDF证据生成，非脱离项目的通用题。,可依据对应PDF原文、工程分析表格及所列法规标准逐项复核。,True,,,,新增,是,自动生成；需人工复核项目参数、公式取值、标准适用范围及PDF文字提取完整性。,seed_qa_塑胶行业筛选版_30个国民经济行业分类的人工标记,国民经济行业分类,,待判断,,未复核,部分充分,待判断,部分核验,自动默认,候选池,C_题目或材料问题,,,,,,,,210,MAP_BLANK,人工判断为空：不得自动补填结论；人工判断为空；结构完整但原因需人工确认；存在报告证据，但尚未经人工逐项核验；已列依据来源，但未在本阶段逐条核验,,industry_classification,L3_analysis,multi_evidence_synthesis,evidence_integration,report_grounding；basis_grounding,high,high,cross_section,True,,auto_default,v1,,manual_check=true但人工判断为空
2026-07-24,PL044,V01,PL044_佛山市昇汇包装材料有限公司新建项目,佛山市昇汇包装材料有限公司新建项目,PL044_V01_Q03,环评投资核算,请根据报告中的总投资、环保投资和环保工程投资明细，判断环保投资核算是否前后一致、比例是否正确。,环评投资核算判定结论：需复核；具体分析：报告填报总投资为100万元、环保投资为10万元、环保投资占比为10%。按“环保投资÷总投资×100%”复算为10.00%，与报告填报值一致；但现有解析文本未检索到环保工程投资明细表，无法核对分项合计是否与环保投资一致。因此，占比计算正确，环保投资前后一致性仍需结合原报告投资明细表复核。,一、建设项目基本情况：总投资100万元、环保投资10万元、占比10%。来源：解析文本拼接_03_041-060(3).md,报告原文-环保投资明细表,2,2,False,需复核,,,,是,,30个PL_环评投资核算QA,环评投资概算,需复核,证据不足,,未复核,不足,有效,不需要外部依据,自动默认,候选池,B_证据不足,,,,,,,,211,MAP_需复核+EVIDENCE_INSUFFICIENCY_SIGNAL,原结论明确要求人工复核；命中证据不足候选词：未检索到、无法核对；投资复核主要依据报告内金额与算式,,environmental_investment,L2_application,quantitative_verification,numerical_accuracy,report_grounding；procedural_reasoning,low,medium,cross_section,True,,auto_default,v1,,manual_check=false但存在人工判断
