batch_file,batch_index,batch_local_index,序号,project_id,match_status,alternate_matches,file_id,project_name_inferred,output_json,source_html,new_chunk_count,max_token,total_token_sum,enhanced_flattened_table_count
解析文本拼接_表格增强_01_001-020.md,1,1,1,PL001,按项目名称匹配,,001_佛山市亮正新材料有限公司新建项目_01_核查材料,佛山市亮正新材料有限公司新建项目,E:\华南理工项目\环评文件汇总\01_GitHub项目与研究文档\eia-openclaw-sync-chen2026\05_QA测试集\人工核查_环评报告出处整理_20260715\解析文本输出_按目录章节_20000token\001_佛山市亮正新材料有限公司新建项目_01_核查材料\001_佛山市亮正新材料有限公司新建项目_01_核查材料.json,E:\华南理工项目\环评文件汇总\01_GitHub项目与研究文档\eia-openclaw-sync-chen2026\05_QA测试集\人工核查_环评报告出处整理_20260715\解析文本输出_按问答顺序\001_佛山市亮正新材料有限公司新建项目_01_核查材料\001_佛山市亮正新材料有限公司新建项目_01_核查材料.html,8,18848,86137,0
解析文本拼接_表格增强_01_001-020.md,1,2,2,PL002,按项目名称匹配,,002_佛山市顺德区启卓工程塑料实业有限公司搬迁项目_01_核查材料,佛山市顺德区启卓工程塑料实业有限公司搬迁项目,E:\华南理工项目\环评文件汇总\01_GitHub项目与研究文档\eia-openclaw-sync-chen2026\05_QA测试集\人工核查_环评报告出处整理_20260715\解析文本输出_按目录章节_20000token\002_佛山市顺德区启卓工程塑料实业有限公司搬迁项目_01_核查材料\002_佛山市顺德区启卓工程塑料实业有限公司搬迁项目_01_核查材料.json,E:\华南理工项目\环评文件汇总\01_GitHub项目与研究文档\eia-openclaw-sync-chen2026\05_QA测试集\人工核查_环评报告出处整理_20260715\解析文本输出_按问答顺序\002_佛山市顺德区启卓工程塑料实业有限公司搬迁项目_01_核查材料\002_佛山市顺德区启卓工程塑料实业有限公司搬迁项目_01_核查材料.html,13,18233,108381,0
解析文本拼接_表格增强_01_001-020.md,1,3,3,PL003,按项目名称匹配；同名多PL时优先采用文件序号对应PL,PL083,003_佛山市顺德区康明新材料厂新建项目_01_核查材料,佛山市顺德区康明新材料厂新建项目,E:\华南理工项目\环评文件汇总\01_GitHub项目与研究文档\eia-openclaw-sync-chen2026\05_QA测试集\人工核查_环评报告出处整理_20260715\解析文本输出_按目录章节_20000token\003_佛山市顺德区康明新材料厂新建项目_01_核查材料\003_佛山市顺德区康明新材料厂新建项目_01_核查材料.json,E:\华南理工项目\环评文件汇总\01_GitHub项目与研究文档\eia-openclaw-sync-chen2026\05_QA测试集\人工核查_环评报告出处整理_20260715\解析文本输出_按问答顺序\003_佛山市顺德区康明新材料厂新建项目_01_核查材料\003_佛山市顺德区康明新材料厂新建项目_01_核查材料.html,12,18241,114813,0
解析文本拼接_表格增强_01_001-020.md,1,4,4,PL004,按项目名称匹配,,004_恒励新材料科技(佛山)有限公司新建项目_01_核查材料,恒励新材料科技(佛山)有限公司新建项目,E:\华南理工项目\环评文件汇总\01_GitHub项目与研究文档\eia-openclaw-sync-chen2026\05_QA测试集\人工核查_环评报告出处整理_20260715\解析文本输出_按目录章节_20000token\004_恒励新材料科技(佛山)有限公司新建项目_01_核查材料\004_恒励新材料科技(佛山)有限公司新建项目_01_核查材料.json,E:\华南理工项目\环评文件汇总\01_GitHub项目与研究文档\eia-openclaw-sync-chen2026\05_QA测试集\人工核查_环评报告出处整理_20260715\解析文本输出_按问答顺序\004_恒励新材料科技(佛山)有限公司新建项目_01_核查材料\004_恒励新材料科技(佛山)有限公司新建项目_01_核查材料.html,10,19350,105708,0
解析文本拼接_表格增强_01_001-020.md,1,5,5,PL005,按项目名称匹配,,005_佛山市润特龙清洁用品有限公司新建项目_01_核查材料,佛山市润特龙清洁用品有限公司新建项目,E:\华南理工项目\环评文件汇总\01_GitHub项目与研究文档\eia-openclaw-sync-chen2026\05_QA测试集\人工核查_环评报告出处整理_20260715\解析文本输出_按目录章节_20000token\005_佛山市润特龙清洁用品有限公司新建项目_01_核查材料\005_佛山市润特龙清洁用品有限公司新建项目_01_核查材料.json,E:\华南理工项目\环评文件汇总\01_GitHub项目与研究文档\eia-openclaw-sync-chen2026\05_QA测试集\人工核查_环评报告出处整理_20260715\解析文本输出_按问答顺序\005_佛山市润特龙清洁用品有限公司新建项目_01_核查材料\005_佛山市润特龙清洁用品有限公司新建项目_01_核查材料.html,11,18499,82485,0
解析文本拼接_表格增强_01_001-020.md,1,6,6,PL006,按项目名称匹配,,006_佛山市顺德区乐鲸科技有限公司年产五金拉手300万个新建项目_01_修改评估意见,佛山市顺德区乐鲸科技有限公司年产五金拉手300万个新建项目,E:\华南理工项目\环评文件汇总\01_GitHub项目与研究文档\eia-openclaw-sync-chen2026\05_QA测试集\人工核查_环评报告出处整理_20260715\解析文本输出_按目录章节_20000token\006_佛山市顺德区乐鲸科技有限公司年产五金拉手300万个新建项目_01_修改评估意见\006_佛山市顺德区乐鲸科技有限公司年产五金拉手300万个新建项目_01_修改评估意见.json,E:\华南理工项目\环评文件汇总\01_GitHub项目与研究文档\eia-openclaw-sync-chen2026\05_QA测试集\人工核查_环评报告出处整理_20260715\解析文本输出_按问答顺序\006_佛山市顺德区乐鲸科技有限公司年产五金拉手300万个新建项目_01_修改评估意见\006_佛山市顺德区乐鲸科技有限公司年产五金拉手300万个新建项目_01_修改评估意见.html,1,184,184,0
解析文本拼接_表格增强_01_001-020.md,1,7,7,PL007,按项目名称匹配,,007_广东云晟新材料有限公司年产水性涂料2400吨新建项目_01_修改评估意见,广东云晟新材料有限公司年产水性涂料2400吨新建项目,E:\华南理工项目\环评文件汇总\01_GitHub项目与研究文档\eia-openclaw-sync-chen2026\05_QA测试集\人工核查_环评报告出处整理_20260715\解析文本输出_按目录章节_20000token\007_广东云晟新材料有限公司年产水性涂料2400吨新建项目_01_修改评估意见\007_广东云晟新材料有限公司年产水性涂料2400吨新建项目_01_修改评估意见.json,E:\华南理工项目\环评文件汇总\01_GitHub项目与研究文档\eia-openclaw-sync-chen2026\05_QA测试集\人工核查_环评报告出处整理_20260715\解析文本输出_按问答顺序\007_广东云晟新材料有限公司年产水性涂料2400吨新建项目_01_修改评估意见\007_广东云晟新材料有限公司年产水性涂料2400吨新建项目_01_修改评估意见.html,1,184,184,0
解析文本拼接_表格增强_01_001-020.md,1,8,8,PL007,按项目名称匹配,,008_广东云晟新材料有限公司年产水性涂料2400吨新建项目_01_修改评估意见,广东云晟新材料有限公司年产水性涂料2400吨新建项目,E:\华南理工项目\环评文件汇总\01_GitHub项目与研究文档\eia-openclaw-sync-chen2026\05_QA测试集\人工核查_环评报告出处整理_20260715\解析文本输出_按目录章节_20000token\008_广东云晟新材料有限公司年产水性涂料2400吨新建项目_01_修改评估意见\008_广东云晟新材料有限公司年产水性涂料2400吨新建项目_01_修改评估意见.json,E:\华南理工项目\环评文件汇总\01_GitHub项目与研究文档\eia-openclaw-sync-chen2026\05_QA测试集\人工核查_环评报告出处整理_20260715\解析文本输出_按问答顺序\008_广东云晟新材料有限公司年产水性涂料2400吨新建项目_01_修改评估意见\008_广东云晟新材料有限公司年产水性涂料2400吨新建项目_01_修改评估意见.html,1,184,184,0
解析文本拼接_表格增强_01_001-020.md,1,9,9,PL008,按项目名称匹配,,009_佛山市顺德区亚马逊涂料有限公司迁扩建项目_01_修改评估意见,佛山市顺德区亚马逊涂料有限公司迁扩建项目,E:\华南理工项目\环评文件汇总\01_GitHub项目与研究文档\eia-openclaw-sync-chen2026\05_QA测试集\人工核查_环评报告出处整理_20260715\解析文本输出_按目录章节_20000token\009_佛山市顺德区亚马逊涂料有限公司迁扩建项目_01_修改评估意见\009_佛山市顺德区亚马逊涂料有限公司迁扩建项目_01_修改评估意见.json,E:\华南理工项目\环评文件汇总\01_GitHub项目与研究文档\eia-openclaw-sync-chen2026\05_QA测试集\人工核查_环评报告出处整理_20260715\解析文本输出_按问答顺序\009_佛山市顺德区亚马逊涂料有限公司迁扩建项目_01_修改评估意见\009_佛山市顺德区亚马逊涂料有限公司迁扩建项目_01_修改评估意见.html,15,18612,127261,0
解析文本拼接_表格增强_01_001-020.md,1,10,10,PL009,按项目名称匹配,,010_广东威诺高科技股份有限公司搬迁项目_01_修改评估意见,广东威诺高科技股份有限公司搬迁项目,E:\华南理工项目\环评文件汇总\01_GitHub项目与研究文档\eia-openclaw-sync-chen2026\05_QA测试集\人工核查_环评报告出处整理_20260715\解析文本输出_按目录章节_20000token\010_广东威诺高科技股份有限公司搬迁项目_01_修改评估意见\010_广东威诺高科技股份有限公司搬迁项目_01_修改评估意见.json,E:\华南理工项目\环评文件汇总\01_GitHub项目与研究文档\eia-openclaw-sync-chen2026\05_QA测试集\人工核查_环评报告出处整理_20260715\解析文本输出_按问答顺序\010_广东威诺高科技股份有限公司搬迁项目_01_修改评估意见\010_广东威诺高科技股份有限公司搬迁项目_01_修改评估意见.html,1,184,184,0
解析文本拼接_表格增强_01_001-020.md,1,11,11,PL010,按项目名称匹配,,011_悍高集团股份有限公司功能拉篮车间搬迁扩建项目_01_修改评估意见,悍高集团股份有限公司功能拉篮车间搬迁扩建项目,E:\华南理工项目\环评文件汇总\01_GitHub项目与研究文档\eia-openclaw-sync-chen2026\05_QA测试集\人工核查_环评报告出处整理_20260715\解析文本输出_按目录章节_20000token\011_悍高集团股份有限公司功能拉篮车间搬迁扩建项目_01_修改评估意见\011_悍高集团股份有限公司功能拉篮车间搬迁扩建项目_01_修改评估意见.json,E:\华南理工项目\环评文件汇总\01_GitHub项目与研究文档\eia-openclaw-sync-chen2026\05_QA测试集\人工核查_环评报告出处整理_20260715\解析文本输出_按问答顺序\011_悍高集团股份有限公司功能拉篮车间搬迁扩建项目_01_修改评估意见\011_悍高集团股份有限公司功能拉篮车间搬迁扩建项目_01_修改评估意见.html,1,184,184,0
解析文本拼接_表格增强_01_001-020.md,1,12,12,PL011,按项目名称匹配,,012_广东潜龙化工有限公司新建项目_01_修改评估意见,广东潜龙化工有限公司新建项目,E:\华南理工项目\环评文件汇总\01_GitHub项目与研究文档\eia-openclaw-sync-chen2026\05_QA测试集\人工核查_环评报告出处整理_20260715\解析文本输出_按目录章节_20000token\012_广东潜龙化工有限公司新建项目_01_修改评估意见\012_广东潜龙化工有限公司新建项目_01_修改评估意见.json,E:\华南理工项目\环评文件汇总\01_GitHub项目与研究文档\eia-openclaw-sync-chen2026\05_QA测试集\人工核查_环评报告出处整理_20260715\解析文本输出_按问答顺序\012_广东潜龙化工有限公司新建项目_01_修改评估意见\012_广东潜龙化工有限公司新建项目_01_修改评估意见.html,1,184,184,0
解析文本拼接_表格增强_01_001-020.md,1,13,13,PL012,按项目名称匹配,,013_佛山市瀚铭新材料有限公司新建项目_01_修改评估意见,佛山市瀚铭新材料有限公司新建项目,E:\华南理工项目\环评文件汇总\01_GitHub项目与研究文档\eia-openclaw-sync-chen2026\05_QA测试集\人工核查_环评报告出处整理_20260715\解析文本输出_按目录章节_20000token\013_佛山市瀚铭新材料有限公司新建项目_01_修改评估意见\013_佛山市瀚铭新材料有限公司新建项目_01_修改评估意见.json,E:\华南理工项目\环评文件汇总\01_GitHub项目与研究文档\eia-openclaw-sync-chen2026\05_QA测试集\人工核查_环评报告出处整理_20260715\解析文本输出_按问答顺序\013_佛山市瀚铭新材料有限公司新建项目_01_修改评估意见\013_佛山市瀚铭新材料有限公司新建项目_01_修改评估意见.html,1,184,184,0
解析文本拼接_表格增强_01_001-020.md,1,14,14,PL013,按项目名称匹配,,014_佛山市顺德区百洛电器有限公司迁扩建项目_01_修改评估意见,佛山市顺德区百洛电器有限公司迁扩建项目,E:\华南理工项目\环评文件汇总\01_GitHub项目与研究文档\eia-openclaw-sync-chen2026\05_QA测试集\人工核查_环评报告出处整理_20260715\解析文本输出_按目录章节_20000token\014_佛山市顺德区百洛电器有限公司迁扩建项目_01_修改评估意见\014_佛山市顺德区百洛电器有限公司迁扩建项目_01_修改评估意见.json,E:\华南理工项目\环评文件汇总\01_GitHub项目与研究文档\eia-openclaw-sync-chen2026\05_QA测试集\人工核查_环评报告出处整理_20260715\解析文本输出_按问答顺序\014_佛山市顺德区百洛电器有限公司迁扩建项目_01_修改评估意见\014_佛山市顺德区百洛电器有限公司迁扩建项目_01_修改评估意见.html,1,184,184,0
解析文本拼接_表格增强_01_001-020.md,1,15,15,PL014,按项目名称匹配,,015_佛山市顺德区蓝顿涂料有限公司迁建项目_01_修改评估意见,佛山市顺德区蓝顿涂料有限公司迁建项目,E:\华南理工项目\环评文件汇总\01_GitHub项目与研究文档\eia-openclaw-sync-chen2026\05_QA测试集\人工核查_环评报告出处整理_20260715\解析文本输出_按目录章节_20000token\015_佛山市顺德区蓝顿涂料有限公司迁建项目_01_修改评估意见\015_佛山市顺德区蓝顿涂料有限公司迁建项目_01_修改评估意见.json,E:\华南理工项目\环评文件汇总\01_GitHub项目与研究文档\eia-openclaw-sync-chen2026\05_QA测试集\人工核查_环评报告出处整理_20260715\解析文本输出_按问答顺序\015_佛山市顺德区蓝顿涂料有限公司迁建项目_01_修改评估意见\015_佛山市顺德区蓝顿涂料有限公司迁建项目_01_修改评估意见.html,15,19921,134384,0
解析文本拼接_表格增强_01_001-020.md,1,16,16,PL015,按项目名称匹配,,016_佛山市镪优金属制品有限公司迁扩建项目_01_修改评估意见,佛山市镪优金属制品有限公司迁扩建项目,E:\华南理工项目\环评文件汇总\01_GitHub项目与研究文档\eia-openclaw-sync-chen2026\05_QA测试集\人工核查_环评报告出处整理_20260715\解析文本输出_按目录章节_20000token\016_佛山市镪优金属制品有限公司迁扩建项目_01_修改评估意见\016_佛山市镪优金属制品有限公司迁扩建项目_01_修改评估意见.json,E:\华南理工项目\环评文件汇总\01_GitHub项目与研究文档\eia-openclaw-sync-chen2026\05_QA测试集\人工核查_环评报告出处整理_20260715\解析文本输出_按问答顺序\016_佛山市镪优金属制品有限公司迁扩建项目_01_修改评估意见\016_佛山市镪优金属制品有限公司迁扩建项目_01_修改评估意见.html,1,184,184,0
解析文本拼接_表格增强_01_001-020.md,1,17,17,PL018,按项目名称匹配,,017_广东台塑智能科技有限公司新建项目_01_受理公告或公示版,广东台塑智能科技有限公司新建项目,E:\华南理工项目\环评文件汇总\01_GitHub项目与研究文档\eia-openclaw-sync-chen2026\05_QA测试集\人工核查_环评报告出处整理_20260715\解析文本输出_按目录章节_20000token\017_广东台塑智能科技有限公司新建项目_01_受理公告或公示版\017_广东台塑智能科技有限公司新建项目_01_受理公告或公示版.json,E:\华南理工项目\环评文件汇总\01_GitHub项目与研究文档\eia-openclaw-sync-chen2026\05_QA测试集\人工核查_环评报告出处整理_20260715\解析文本输出_按问答顺序\017_广东台塑智能科技有限公司新建项目_01_受理公告或公示版\017_广东台塑智能科技有限公司新建项目_01_受理公告或公示版.html,5,17751,70647,0
解析文本拼接_表格增强_01_001-020.md,1,18,18,PL019,按项目名称匹配,,018_佛山市智龙科技有限公司迁扩建项目_01_受理公告或公示版,佛山市智龙科技有限公司迁扩建项目,E:\华南理工项目\环评文件汇总\01_GitHub项目与研究文档\eia-openclaw-sync-chen2026\05_QA测试集\人工核查_环评报告出处整理_20260715\解析文本输出_按目录章节_20000token\018_佛山市智龙科技有限公司迁扩建项目_01_受理公告或公示版\018_佛山市智龙科技有限公司迁扩建项目_01_受理公告或公示版.json,E:\华南理工项目\环评文件汇总\01_GitHub项目与研究文档\eia-openclaw-sync-chen2026\05_QA测试集\人工核查_环评报告出处整理_20260715\解析文本输出_按问答顺序\018_佛山市智龙科技有限公司迁扩建项目_01_受理公告或公示版\018_佛山市智龙科技有限公司迁扩建项目_01_受理公告或公示版.html,6,17783,74754,0
解析文本拼接_表格增强_01_001-020.md,1,19,19,PL020,按项目名称匹配,,019_佛山市朗信塑料制品有限公司新建项目_01_受理公告或公示版,佛山市朗信塑料制品有限公司新建项目,E:\华南理工项目\环评文件汇总\01_GitHub项目与研究文档\eia-openclaw-sync-chen2026\05_QA测试集\人工核查_环评报告出处整理_20260715\解析文本输出_按目录章节_20000token\019_佛山市朗信塑料制品有限公司新建项目_01_受理公告或公示版\019_佛山市朗信塑料制品有限公司新建项目_01_受理公告或公示版.json,E:\华南理工项目\环评文件汇总\01_GitHub项目与研究文档\eia-openclaw-sync-chen2026\05_QA测试集\人工核查_环评报告出处整理_20260715\解析文本输出_按问答顺序\019_佛山市朗信塑料制品有限公司新建项目_01_受理公告或公示版\019_佛山市朗信塑料制品有限公司新建项目_01_受理公告或公示版.html,3,17539,49906,0
解析文本拼接_表格增强_01_001-020.md,1,20,20,PL021；PL098,按项目名称匹配,,020_佛山市顺德区共诺电子元件厂搬迁项目_01_受理公告或公示版,佛山市顺德区共诺电子元件厂搬迁项目,E:\华南理工项目\环评文件汇总\01_GitHub项目与研究文档\eia-openclaw-sync-chen2026\05_QA测试集\人工核查_环评报告出处整理_20260715\解析文本输出_按目录章节_20000token\020_佛山市顺德区共诺电子元件厂搬迁项目_01_受理公告或公示版\020_佛山市顺德区共诺电子元件厂搬迁项目_01_受理公告或公示版.json,E:\华南理工项目\环评文件汇总\01_GitHub项目与研究文档\eia-openclaw-sync-chen2026\05_QA测试集\人工核查_环评报告出处整理_20260715\解析文本输出_按问答顺序\020_佛山市顺德区共诺电子元件厂搬迁项目_01_受理公告或公示版\020_佛山市顺德区共诺电子元件厂搬迁项目_01_受理公告或公示版.html,3,17523,50730,0
解析文本拼接_表格增强_02_021-040.md,2,1,21,PL022,按项目名称匹配,,021_佛山市锐拓新材料有限公司新建项目_01_受理公告或公示版,佛山市锐拓新材料有限公司新建项目,E:\华南理工项目\环评文件汇总\01_GitHub项目与研究文档\eia-openclaw-sync-chen2026\05_QA测试集\人工核查_环评报告出处整理_20260715\解析文本输出_按目录章节_20000token\021_佛山市锐拓新材料有限公司新建项目_01_受理公告或公示版\021_佛山市锐拓新材料有限公司新建项目_01_受理公告或公示版.json,E:\华南理工项目\环评文件汇总\01_GitHub项目与研究文档\eia-openclaw-sync-chen2026\05_QA测试集\人工核查_环评报告出处整理_20260715\解析文本输出_按问答顺序\021_佛山市锐拓新材料有限公司新建项目_01_受理公告或公示版\021_佛山市锐拓新材料有限公司新建项目_01_受理公告或公示版.html,4,17621,59328,0
解析文本拼接_表格增强_02_021-040.md,2,2,22,PL023,按项目名称匹配,,022_佛山市通能达科技有限公司新建项目_01_受理公告或公示版,佛山市通能达科技有限公司新建项目,E:\华南理工项目\环评文件汇总\01_GitHub项目与研究文档\eia-openclaw-sync-chen2026\05_QA测试集\人工核查_环评报告出处整理_20260715\解析文本输出_按目录章节_20000token\022_佛山市通能达科技有限公司新建项目_01_受理公告或公示版\022_佛山市通能达科技有限公司新建项目_01_受理公告或公示版.json,E:\华南理工项目\环评文件汇总\01_GitHub项目与研究文档\eia-openclaw-sync-chen2026\05_QA测试集\人工核查_环评报告出处整理_20260715\解析文本输出_按问答顺序\022_佛山市通能达科技有限公司新建项目_01_受理公告或公示版\022_佛山市通能达科技有限公司新建项目_01_受理公告或公示版.html,6,17959,78761,0
解析文本拼接_表格增强_02_021-040.md,2,3,23,PL025,按项目名称匹配,,023_佛山市巨人电器有限公司新建项目_01_受理公告或公示版,佛山市巨人电器有限公司新建项目,E:\华南理工项目\环评文件汇总\01_GitHub项目与研究文档\eia-openclaw-sync-chen2026\05_QA测试集\人工核查_环评报告出处整理_20260715\解析文本输出_按目录章节_20000token\023_佛山市巨人电器有限公司新建项目_01_受理公告或公示版\023_佛山市巨人电器有限公司新建项目_01_受理公告或公示版.json,E:\华南理工项目\环评文件汇总\01_GitHub项目与研究文档\eia-openclaw-sync-chen2026\05_QA测试集\人工核查_环评报告出处整理_20260715\解析文本输出_按问答顺序\023_佛山市巨人电器有限公司新建项目_01_受理公告或公示版\023_佛山市巨人电器有限公司新建项目_01_受理公告或公示版.html,4,17882,54742,0
解析文本拼接_表格增强_02_021-040.md,2,4,24,PL026,按项目名称匹配,,024_佛山市黑曜电器科技有限公司新建项目_01_报批稿或报告表,佛山市黑曜电器科技有限公司新建项目,E:\华南理工项目\环评文件汇总\01_GitHub项目与研究文档\eia-openclaw-sync-chen2026\05_QA测试集\人工核查_环评报告出处整理_20260715\解析文本输出_按目录章节_20000token\024_佛山市黑曜电器科技有限公司新建项目_01_报批稿或报告表\024_佛山市黑曜电器科技有限公司新建项目_01_报批稿或报告表.json,E:\华南理工项目\环评文件汇总\01_GitHub项目与研究文档\eia-openclaw-sync-chen2026\05_QA测试集\人工核查_环评报告出处整理_20260715\解析文本输出_按问答顺序\024_佛山市黑曜电器科技有限公司新建项目_01_报批稿或报告表\024_佛山市黑曜电器科技有限公司新建项目_01_报批稿或报告表.html,4,17956,62165,0
解析文本拼接_表格增强_02_021-040.md,2,5,25,PL027,按项目名称匹配,,025_佛山市天隆通塑料制品有限公司新建项目_01_受理公告或公示版,佛山市天隆通塑料制品有限公司新建项目,E:\华南理工项目\环评文件汇总\01_GitHub项目与研究文档\eia-openclaw-sync-chen2026\05_QA测试集\人工核查_环评报告出处整理_20260715\解析文本输出_按目录章节_20000token\025_佛山市天隆通塑料制品有限公司新建项目_01_受理公告或公示版\025_佛山市天隆通塑料制品有限公司新建项目_01_受理公告或公示版.json,E:\华南理工项目\环评文件汇总\01_GitHub项目与研究文档\eia-openclaw-sync-chen2026\05_QA测试集\人工核查_环评报告出处整理_20260715\解析文本输出_按问答顺序\025_佛山市天隆通塑料制品有限公司新建项目_01_受理公告或公示版\025_佛山市天隆通塑料制品有限公司新建项目_01_受理公告或公示版.html,5,17761,63132,0
解析文本拼接_表格增强_02_021-040.md,2,6,26,PL028,按项目名称匹配,,026_佛山市顺德区振峰塑料模具制造有限公司分车间新建项目_01_受理公告或公示版,佛山市顺德区振峰塑料模具制造有限公司分车间新建项目,E:\华南理工项目\环评文件汇总\01_GitHub项目与研究文档\eia-openclaw-sync-chen2026\05_QA测试集\人工核查_环评报告出处整理_20260715\解析文本输出_按目录章节_20000token\026_佛山市顺德区振峰塑料模具制造有限公司分车间新建项目_01_受理公告或公示版\026_佛山市顺德区振峰塑料模具制造有限公司分车间新建项目_01_受理公告或公示版.json,E:\华南理工项目\环评文件汇总\01_GitHub项目与研究文档\eia-openclaw-sync-chen2026\05_QA测试集\人工核查_环评报告出处整理_20260715\解析文本输出_按问答顺序\026_佛山市顺德区振峰塑料模具制造有限公司分车间新建项目_01_受理公告或公示版\026_佛山市顺德区振峰塑料模具制造有限公司分车间新建项目_01_受理公告或公示版.html,4,18008,54400,0
解析文本拼接_表格增强_02_021-040.md,2,7,27,PL029,按项目名称匹配,,027_佛山市茂安耀科技有限公司新建项目_01_受理公告或公示版,佛山市茂安耀科技有限公司新建项目,E:\华南理工项目\环评文件汇总\01_GitHub项目与研究文档\eia-openclaw-sync-chen2026\05_QA测试集\人工核查_环评报告出处整理_20260715\解析文本输出_按目录章节_20000token\027_佛山市茂安耀科技有限公司新建项目_01_受理公告或公示版\027_佛山市茂安耀科技有限公司新建项目_01_受理公告或公示版.json,E:\华南理工项目\环评文件汇总\01_GitHub项目与研究文档\eia-openclaw-sync-chen2026\05_QA测试集\人工核查_环评报告出处整理_20260715\解析文本输出_按问答顺序\027_佛山市茂安耀科技有限公司新建项目_01_受理公告或公示版\027_佛山市茂安耀科技有限公司新建项目_01_受理公告或公示版.html,4,17924,53918,0
解析文本拼接_表格增强_02_021-040.md,2,8,28,PL030,按项目名称匹配,,028_佛山市瑞易德塑料五金制品有限公司搬迁项目_01_受理公告或公示版,佛山市瑞易德塑料五金制品有限公司搬迁项目,E:\华南理工项目\环评文件汇总\01_GitHub项目与研究文档\eia-openclaw-sync-chen2026\05_QA测试集\人工核查_环评报告出处整理_20260715\解析文本输出_按目录章节_20000token\028_佛山市瑞易德塑料五金制品有限公司搬迁项目_01_受理公告或公示版\028_佛山市瑞易德塑料五金制品有限公司搬迁项目_01_受理公告或公示版.json,E:\华南理工项目\环评文件汇总\01_GitHub项目与研究文档\eia-openclaw-sync-chen2026\05_QA测试集\人工核查_环评报告出处整理_20260715\解析文本输出_按问答顺序\028_佛山市瑞易德塑料五金制品有限公司搬迁项目_01_受理公告或公示版\028_佛山市瑞易德塑料五金制品有限公司搬迁项目_01_受理公告或公示版.html,3,17758,49075,0
解析文本拼接_表格增强_02_021-040.md,2,9,29,PL031；PL148,按项目名称匹配,,029_佛山市浩创时代包装制品有限公司新建项目_01_受理公告或公示版,佛山市浩创时代包装制品有限公司新建项目,E:\华南理工项目\环评文件汇总\01_GitHub项目与研究文档\eia-openclaw-sync-chen2026\05_QA测试集\人工核查_环评报告出处整理_20260715\解析文本输出_按目录章节_20000token\029_佛山市浩创时代包装制品有限公司新建项目_01_受理公告或公示版\029_佛山市浩创时代包装制品有限公司新建项目_01_受理公告或公示版.json,E:\华南理工项目\环评文件汇总\01_GitHub项目与研究文档\eia-openclaw-sync-chen2026\05_QA测试集\人工核查_环评报告出处整理_20260715\解析文本输出_按问答顺序\029_佛山市浩创时代包装制品有限公司新建项目_01_受理公告或公示版\029_佛山市浩创时代包装制品有限公司新建项目_01_受理公告或公示版.html,6,17911,72148,0
解析文本拼接_表格增强_02_021-040.md,2,10,30,PL032,按项目名称匹配,,030_德旺众新材料科技（佛山）有限公司新建建设项目_01_受理公告或公示版,德旺众新材料科技（佛山）有限公司新建建设项目,E:\华南理工项目\环评文件汇总\01_GitHub项目与研究文档\eia-openclaw-sync-chen2026\05_QA测试集\人工核查_环评报告出处整理_20260715\解析文本输出_按目录章节_20000token\030_德旺众新材料科技（佛山）有限公司新建建设项目_01_受理公告或公示版\030_德旺众新材料科技（佛山）有限公司新建建设项目_01_受理公告或公示版.json,E:\华南理工项目\环评文件汇总\01_GitHub项目与研究文档\eia-openclaw-sync-chen2026\05_QA测试集\人工核查_环评报告出处整理_20260715\解析文本输出_按问答顺序\030_德旺众新材料科技（佛山）有限公司新建建设项目_01_受理公告或公示版\030_德旺众新材料科技（佛山）有限公司新建建设项目_01_受理公告或公示版.html,3,18028,44794,0
解析文本拼接_表格增强_02_021-040.md,2,11,31,PL033,按项目名称匹配,,031_广东施格纳电气有限公司新建项目_01_受理公告或公示版,广东施格纳电气有限公司新建项目,E:\华南理工项目\环评文件汇总\01_GitHub项目与研究文档\eia-openclaw-sync-chen2026\05_QA测试集\人工核查_环评报告出处整理_20260715\解析文本输出_按目录章节_20000token\031_广东施格纳电气有限公司新建项目_01_受理公告或公示版\031_广东施格纳电气有限公司新建项目_01_受理公告或公示版.json,E:\华南理工项目\环评文件汇总\01_GitHub项目与研究文档\eia-openclaw-sync-chen2026\05_QA测试集\人工核查_环评报告出处整理_20260715\解析文本输出_按问答顺序\031_广东施格纳电气有限公司新建项目_01_受理公告或公示版\031_广东施格纳电气有限公司新建项目_01_受理公告或公示版.html,4,18026,65290,0
解析文本拼接_表格增强_02_021-040.md,2,12,32,PL034,按项目名称匹配,,032_佛山市沃丰德电器有限公司扩建项目_01_受理公告或公示版,佛山市沃丰德电器有限公司扩建项目,E:\华南理工项目\环评文件汇总\01_GitHub项目与研究文档\eia-openclaw-sync-chen2026\05_QA测试集\人工核查_环评报告出处整理_20260715\解析文本输出_按目录章节_20000token\032_佛山市沃丰德电器有限公司扩建项目_01_受理公告或公示版\032_佛山市沃丰德电器有限公司扩建项目_01_受理公告或公示版.json,E:\华南理工项目\环评文件汇总\01_GitHub项目与研究文档\eia-openclaw-sync-chen2026\05_QA测试集\人工核查_环评报告出处整理_20260715\解析文本输出_按问答顺序\032_佛山市沃丰德电器有限公司扩建项目_01_受理公告或公示版\032_佛山市沃丰德电器有限公司扩建项目_01_受理公告或公示版.html,4,18035,69848,0
解析文本拼接_表格增强_02_021-040.md,2,13,33,PL035,按项目名称匹配,,033_佛山市顺德区钧锐塑料厂迁建项目_01_受理公告或公示版,佛山市顺德区钧锐塑料厂迁建项目,E:\华南理工项目\环评文件汇总\01_GitHub项目与研究文档\eia-openclaw-sync-chen2026\05_QA测试集\人工核查_环评报告出处整理_20260715\解析文本输出_按目录章节_20000token\033_佛山市顺德区钧锐塑料厂迁建项目_01_受理公告或公示版\033_佛山市顺德区钧锐塑料厂迁建项目_01_受理公告或公示版.json,E:\华南理工项目\环评文件汇总\01_GitHub项目与研究文档\eia-openclaw-sync-chen2026\05_QA测试集\人工核查_环评报告出处整理_20260715\解析文本输出_按问答顺序\033_佛山市顺德区钧锐塑料厂迁建项目_01_受理公告或公示版\033_佛山市顺德区钧锐塑料厂迁建项目_01_受理公告或公示版.html,7,17975,95290,0
解析文本拼接_表格增强_02_021-040.md,2,14,34,PL036,按项目名称匹配,,034_广东梅州磁性材料有限公司顺德分公司迁扩建项目_01_受理公告或公示版,广东梅州磁性材料有限公司顺德分公司迁扩建项目,E:\华南理工项目\环评文件汇总\01_GitHub项目与研究文档\eia-openclaw-sync-chen2026\05_QA测试集\人工核查_环评报告出处整理_20260715\解析文本输出_按目录章节_20000token\034_广东梅州磁性材料有限公司顺德分公司迁扩建项目_01_受理公告或公示版\034_广东梅州磁性材料有限公司顺德分公司迁扩建项目_01_受理公告或公示版.json,E:\华南理工项目\环评文件汇总\01_GitHub项目与研究文档\eia-openclaw-sync-chen2026\05_QA测试集\人工核查_环评报告出处整理_20260715\解析文本输出_按问答顺序\034_广东梅州磁性材料有限公司顺德分公司迁扩建项目_01_受理公告或公示版\034_广东梅州磁性材料有限公司顺德分公司迁扩建项目_01_受理公告或公示版.html,6,17947,83241,0
解析文本拼接_表格增强_02_021-040.md,2,15,35,PL037,按项目名称匹配,,035_佛山麦琪科技有限公司建设项目_01_受理公告或公示版,佛山麦琪科技有限公司建设项目,E:\华南理工项目\环评文件汇总\01_GitHub项目与研究文档\eia-openclaw-sync-chen2026\05_QA测试集\人工核查_环评报告出处整理_20260715\解析文本输出_按目录章节_20000token\035_佛山麦琪科技有限公司建设项目_01_受理公告或公示版\035_佛山麦琪科技有限公司建设项目_01_受理公告或公示版.json,E:\华南理工项目\环评文件汇总\01_GitHub项目与研究文档\eia-openclaw-sync-chen2026\05_QA测试集\人工核查_环评报告出处整理_20260715\解析文本输出_按问答顺序\035_佛山麦琪科技有限公司建设项目_01_受理公告或公示版\035_佛山麦琪科技有限公司建设项目_01_受理公告或公示版.html,4,17739,56579,0
解析文本拼接_表格增强_02_021-040.md,2,16,36,PL038,按项目名称匹配,,036_佛山市顺德区晟昂电子科技有限公司新建项目_01_报批稿或报告表,佛山市顺德区晟昂电子科技有限公司新建项目,E:\华南理工项目\环评文件汇总\01_GitHub项目与研究文档\eia-openclaw-sync-chen2026\05_QA测试集\人工核查_环评报告出处整理_20260715\解析文本输出_按目录章节_20000token\036_佛山市顺德区晟昂电子科技有限公司新建项目_01_报批稿或报告表\036_佛山市顺德区晟昂电子科技有限公司新建项目_01_报批稿或报告表.json,E:\华南理工项目\环评文件汇总\01_GitHub项目与研究文档\eia-openclaw-sync-chen2026\05_QA测试集\人工核查_环评报告出处整理_20260715\解析文本输出_按问答顺序\036_佛山市顺德区晟昂电子科技有限公司新建项目_01_报批稿或报告表\036_佛山市顺德区晟昂电子科技有限公司新建项目_01_报批稿或报告表.html,5,17821,68673,0
解析文本拼接_表格增强_02_021-040.md,2,17,37,PL039,按项目名称匹配,,037_佛山市锦汇塑料制品有限公司新建项目_01_受理公告或公示版,佛山市锦汇塑料制品有限公司新建项目,E:\华南理工项目\环评文件汇总\01_GitHub项目与研究文档\eia-openclaw-sync-chen2026\05_QA测试集\人工核查_环评报告出处整理_20260715\解析文本输出_按目录章节_20000token\037_佛山市锦汇塑料制品有限公司新建项目_01_受理公告或公示版\037_佛山市锦汇塑料制品有限公司新建项目_01_受理公告或公示版.json,E:\华南理工项目\环评文件汇总\01_GitHub项目与研究文档\eia-openclaw-sync-chen2026\05_QA测试集\人工核查_环评报告出处整理_20260715\解析文本输出_按问答顺序\037_佛山市锦汇塑料制品有限公司新建项目_01_受理公告或公示版\037_佛山市锦汇塑料制品有限公司新建项目_01_受理公告或公示版.html,4,18001,63145,0
解析文本拼接_表格增强_02_021-040.md,2,18,38,PL040,按项目名称匹配,,038_佛山市海川塑料制品有限公司新建项目_01_受理公告或公示版,佛山市海川塑料制品有限公司新建项目,E:\华南理工项目\环评文件汇总\01_GitHub项目与研究文档\eia-openclaw-sync-chen2026\05_QA测试集\人工核查_环评报告出处整理_20260715\解析文本输出_按目录章节_20000token\038_佛山市海川塑料制品有限公司新建项目_01_受理公告或公示版\038_佛山市海川塑料制品有限公司新建项目_01_受理公告或公示版.json,E:\华南理工项目\环评文件汇总\01_GitHub项目与研究文档\eia-openclaw-sync-chen2026\05_QA测试集\人工核查_环评报告出处整理_20260715\解析文本输出_按问答顺序\038_佛山市海川塑料制品有限公司新建项目_01_受理公告或公示版\038_佛山市海川塑料制品有限公司新建项目_01_受理公告或公示版.html,5,17936,54956,0
解析文本拼接_表格增强_02_021-040.md,2,19,39,PL041；PL136,按项目名称匹配,,039_佛山市创灏五金塑料有限公司年产塑料制品1250万件迁改扩建项目_01_受理公告或公示版,佛山市创灏五金塑料有限公司年产塑料制品1250万件迁改扩建项目,E:\华南理工项目\环评文件汇总\01_GitHub项目与研究文档\eia-openclaw-sync-chen2026\05_QA测试集\人工核查_环评报告出处整理_20260715\解析文本输出_按目录章节_20000token\039_佛山市创灏五金塑料有限公司年产塑料制品1250万件迁改扩建项目_01_受理公告或公示版\039_佛山市创灏五金塑料有限公司年产塑料制品1250万件迁改扩建项目_01_受理公告或公示版.json,E:\华南理工项目\环评文件汇总\01_GitHub项目与研究文档\eia-openclaw-sync-chen2026\05_QA测试集\人工核查_环评报告出处整理_20260715\解析文本输出_按问答顺序\039_佛山市创灏五金塑料有限公司年产塑料制品1250万件迁改扩建项目_01_受理公告或公示版\039_佛山市创灏五金塑料有限公司年产塑料制品1250万件迁改扩建项目_01_受理公告或公示版.html,4,17869,67492,0
解析文本拼接_表格增强_02_021-040.md,2,20,40,PL042,按项目名称匹配,,040_佛山市顺德区夏瑞塑胶有限公司迁扩建项目_01_受理公告或公示版,佛山市顺德区夏瑞塑胶有限公司迁扩建项目,E:\华南理工项目\环评文件汇总\01_GitHub项目与研究文档\eia-openclaw-sync-chen2026\05_QA测试集\人工核查_环评报告出处整理_20260715\解析文本输出_按目录章节_20000token\040_佛山市顺德区夏瑞塑胶有限公司迁扩建项目_01_受理公告或公示版\040_佛山市顺德区夏瑞塑胶有限公司迁扩建项目_01_受理公告或公示版.json,E:\华南理工项目\环评文件汇总\01_GitHub项目与研究文档\eia-openclaw-sync-chen2026\05_QA测试集\人工核查_环评报告出处整理_20260715\解析文本输出_按问答顺序\040_佛山市顺德区夏瑞塑胶有限公司迁扩建项目_01_受理公告或公示版\040_佛山市顺德区夏瑞塑胶有限公司迁扩建项目_01_受理公告或公示版.html,4,17756,58196,0
解析文本拼接_表格增强_03_041-060.md,3,1,41,PL043,按项目名称匹配,,041_佛山市益旭电器有限公司新建项目_01_受理公告或公示版,佛山市益旭电器有限公司新建项目,E:\华南理工项目\环评文件汇总\01_GitHub项目与研究文档\eia-openclaw-sync-chen2026\05_QA测试集\人工核查_环评报告出处整理_20260715\解析文本输出_按目录章节_20000token\041_佛山市益旭电器有限公司新建项目_01_受理公告或公示版\041_佛山市益旭电器有限公司新建项目_01_受理公告或公示版.json,E:\华南理工项目\环评文件汇总\01_GitHub项目与研究文档\eia-openclaw-sync-chen2026\05_QA测试集\人工核查_环评报告出处整理_20260715\解析文本输出_按问答顺序\041_佛山市益旭电器有限公司新建项目_01_受理公告或公示版\041_佛山市益旭电器有限公司新建项目_01_受理公告或公示版.html,5,17355,61573,0
解析文本拼接_表格增强_03_041-060.md,3,2,42,PL044；PL127,按项目名称匹配,,042_佛山市昇汇包装材料有限公司新建项目_01_受理公告或公示版,佛山市昇汇包装材料有限公司新建项目,E:\华南理工项目\环评文件汇总\01_GitHub项目与研究文档\eia-openclaw-sync-chen2026\05_QA测试集\人工核查_环评报告出处整理_20260715\解析文本输出_按目录章节_20000token\042_佛山市昇汇包装材料有限公司新建项目_01_受理公告或公示版\042_佛山市昇汇包装材料有限公司新建项目_01_受理公告或公示版.json,E:\华南理工项目\环评文件汇总\01_GitHub项目与研究文档\eia-openclaw-sync-chen2026\05_QA测试集\人工核查_环评报告出处整理_20260715\解析文本输出_按问答顺序\042_佛山市昇汇包装材料有限公司新建项目_01_受理公告或公示版\042_佛山市昇汇包装材料有限公司新建项目_01_受理公告或公示版.html,5,17837,57682,0
解析文本拼接_表格增强_03_041-060.md,3,3,43,PL045,按项目名称匹配,,043_佛山市富懿塑料制品有限公司新建项目_01_报批稿或报告表,佛山市富懿塑料制品有限公司新建项目,E:\华南理工项目\环评文件汇总\01_GitHub项目与研究文档\eia-openclaw-sync-chen2026\05_QA测试集\人工核查_环评报告出处整理_20260715\解析文本输出_按目录章节_20000token\043_佛山市富懿塑料制品有限公司新建项目_01_报批稿或报告表\043_佛山市富懿塑料制品有限公司新建项目_01_报批稿或报告表.json,E:\华南理工项目\环评文件汇总\01_GitHub项目与研究文档\eia-openclaw-sync-chen2026\05_QA测试集\人工核查_环评报告出处整理_20260715\解析文本输出_按问答顺序\043_佛山市富懿塑料制品有限公司新建项目_01_报批稿或报告表\043_佛山市富懿塑料制品有限公司新建项目_01_报批稿或报告表.html,3,17765,45912,0
解析文本拼接_表格增强_03_041-060.md,3,4,44,PL046,按项目名称匹配,,044_佛山市圣鑫塑料制品有限公司新建项目_01_受理公告或公示版,佛山市圣鑫塑料制品有限公司新建项目,E:\华南理工项目\环评文件汇总\01_GitHub项目与研究文档\eia-openclaw-sync-chen2026\05_QA测试集\人工核查_环评报告出处整理_20260715\解析文本输出_按目录章节_20000token\044_佛山市圣鑫塑料制品有限公司新建项目_01_受理公告或公示版\044_佛山市圣鑫塑料制品有限公司新建项目_01_受理公告或公示版.json,E:\华南理工项目\环评文件汇总\01_GitHub项目与研究文档\eia-openclaw-sync-chen2026\05_QA测试集\人工核查_环评报告出处整理_20260715\解析文本输出_按问答顺序\044_佛山市圣鑫塑料制品有限公司新建项目_01_受理公告或公示版\044_佛山市圣鑫塑料制品有限公司新建项目_01_受理公告或公示版.html,5,17958,59061,0
解析文本拼接_表格增强_03_041-060.md,3,5,45,PL047,按项目名称匹配,,045_佛山智达医疗器械有限公司新建项目_01_受理公告或公示版,佛山智达医疗器械有限公司新建项目,E:\华南理工项目\环评文件汇总\01_GitHub项目与研究文档\eia-openclaw-sync-chen2026\05_QA测试集\人工核查_环评报告出处整理_20260715\解析文本输出_按目录章节_20000token\045_佛山智达医疗器械有限公司新建项目_01_受理公告或公示版\045_佛山智达医疗器械有限公司新建项目_01_受理公告或公示版.json,E:\华南理工项目\环评文件汇总\01_GitHub项目与研究文档\eia-openclaw-sync-chen2026\05_QA测试集\人工核查_环评报告出处整理_20260715\解析文本输出_按问答顺序\045_佛山智达医疗器械有限公司新建项目_01_受理公告或公示版\045_佛山智达医疗器械有限公司新建项目_01_受理公告或公示版.html,5,17920,63118,0
解析文本拼接_表格增强_03_041-060.md,3,6,46,PL049,按项目名称匹配,,046_佛山市顺德区华祥坤工艺电器有限公司扩建项目_01_受理公告或公示版,佛山市顺德区华祥坤工艺电器有限公司扩建项目,E:\华南理工项目\环评文件汇总\01_GitHub项目与研究文档\eia-openclaw-sync-chen2026\05_QA测试集\人工核查_环评报告出处整理_20260715\解析文本输出_按目录章节_20000token\046_佛山市顺德区华祥坤工艺电器有限公司扩建项目_01_受理公告或公示版\046_佛山市顺德区华祥坤工艺电器有限公司扩建项目_01_受理公告或公示版.json,E:\华南理工项目\环评文件汇总\01_GitHub项目与研究文档\eia-openclaw-sync-chen2026\05_QA测试集\人工核查_环评报告出处整理_20260715\解析文本输出_按问答顺序\046_佛山市顺德区华祥坤工艺电器有限公司扩建项目_01_受理公告或公示版\046_佛山市顺德区华祥坤工艺电器有限公司扩建项目_01_受理公告或公示版.html,6,17760,84200,0
解析文本拼接_表格增强_03_041-060.md,3,7,47,PL050,按项目名称匹配,,047_广东希睿思汽车零部件有限公司新建项目_01_受理公告或公示版,广东希睿思汽车零部件有限公司新建项目,E:\华南理工项目\环评文件汇总\01_GitHub项目与研究文档\eia-openclaw-sync-chen2026\05_QA测试集\人工核查_环评报告出处整理_20260715\解析文本输出_按目录章节_20000token\047_广东希睿思汽车零部件有限公司新建项目_01_受理公告或公示版\047_广东希睿思汽车零部件有限公司新建项目_01_受理公告或公示版.json,E:\华南理工项目\环评文件汇总\01_GitHub项目与研究文档\eia-openclaw-sync-chen2026\05_QA测试集\人工核查_环评报告出处整理_20260715\解析文本输出_按问答顺序\047_广东希睿思汽车零部件有限公司新建项目_01_受理公告或公示版\047_广东希睿思汽车零部件有限公司新建项目_01_受理公告或公示版.html,6,17804,81302,0
解析文本拼接_表格增强_03_041-060.md,3,8,48,PL052,按项目名称匹配,,048_佛山市顺德区嘉保洁具有限公司迁建项目_01_报批稿或报告表,佛山市顺德区嘉保洁具有限公司迁建项目,E:\华南理工项目\环评文件汇总\01_GitHub项目与研究文档\eia-openclaw-sync-chen2026\05_QA测试集\人工核查_环评报告出处整理_20260715\解析文本输出_按目录章节_20000token\048_佛山市顺德区嘉保洁具有限公司迁建项目_01_报批稿或报告表\048_佛山市顺德区嘉保洁具有限公司迁建项目_01_报批稿或报告表.json,E:\华南理工项目\环评文件汇总\01_GitHub项目与研究文档\eia-openclaw-sync-chen2026\05_QA测试集\人工核查_环评报告出处整理_20260715\解析文本输出_按问答顺序\048_佛山市顺德区嘉保洁具有限公司迁建项目_01_报批稿或报告表\048_佛山市顺德区嘉保洁具有限公司迁建项目_01_报批稿或报告表.html,5,17829,69682,0
解析文本拼接_表格增强_03_041-060.md,3,9,49,PL053,按项目名称匹配,,049_佛山市力方电器科技有限公司新建项目_01_报批稿或报告表,佛山市力方电器科技有限公司新建项目,E:\华南理工项目\环评文件汇总\01_GitHub项目与研究文档\eia-openclaw-sync-chen2026\05_QA测试集\人工核查_环评报告出处整理_20260715\解析文本输出_按目录章节_20000token\049_佛山市力方电器科技有限公司新建项目_01_报批稿或报告表\049_佛山市力方电器科技有限公司新建项目_01_报批稿或报告表.json,E:\华南理工项目\环评文件汇总\01_GitHub项目与研究文档\eia-openclaw-sync-chen2026\05_QA测试集\人工核查_环评报告出处整理_20260715\解析文本输出_按问答顺序\049_佛山市力方电器科技有限公司新建项目_01_报批稿或报告表\049_佛山市力方电器科技有限公司新建项目_01_报批稿或报告表.html,1,48,48,0
解析文本拼接_表格增强_03_041-060.md,3,10,50,PL054,按项目名称匹配,,050_佛山市顺德区红昇电器有限公司新建项目_01_受理公告或公示版,佛山市顺德区红昇电器有限公司新建项目,E:\华南理工项目\环评文件汇总\01_GitHub项目与研究文档\eia-openclaw-sync-chen2026\05_QA测试集\人工核查_环评报告出处整理_20260715\解析文本输出_按目录章节_20000token\050_佛山市顺德区红昇电器有限公司新建项目_01_受理公告或公示版\050_佛山市顺德区红昇电器有限公司新建项目_01_受理公告或公示版.json,E:\华南理工项目\环评文件汇总\01_GitHub项目与研究文档\eia-openclaw-sync-chen2026\05_QA测试集\人工核查_环评报告出处整理_20260715\解析文本输出_按问答顺序\050_佛山市顺德区红昇电器有限公司新建项目_01_受理公告或公示版\050_佛山市顺德区红昇电器有限公司新建项目_01_受理公告或公示版.html,5,18012,63892,0
解析文本拼接_表格增强_03_041-060.md,3,11,51,PL055,按项目名称匹配,,051_佛山市力新五金塑胶制品有限公司新建项目_01_受理公告或公示版,佛山市力新五金塑胶制品有限公司新建项目,E:\华南理工项目\环评文件汇总\01_GitHub项目与研究文档\eia-openclaw-sync-chen2026\05_QA测试集\人工核查_环评报告出处整理_20260715\解析文本输出_按目录章节_20000token\051_佛山市力新五金塑胶制品有限公司新建项目_01_受理公告或公示版\051_佛山市力新五金塑胶制品有限公司新建项目_01_受理公告或公示版.json,E:\华南理工项目\环评文件汇总\01_GitHub项目与研究文档\eia-openclaw-sync-chen2026\05_QA测试集\人工核查_环评报告出处整理_20260715\解析文本输出_按问答顺序\051_佛山市力新五金塑胶制品有限公司新建项目_01_受理公告或公示版\051_佛山市力新五金塑胶制品有限公司新建项目_01_受理公告或公示版.html,6,17993,76737,0
解析文本拼接_表格增强_03_041-060.md,3,12,52,PL056,按项目名称匹配,,052_佛山市祖帮海绵有限公司新建项目_01_受理公告或公示版,佛山市祖帮海绵有限公司新建项目,E:\华南理工项目\环评文件汇总\01_GitHub项目与研究文档\eia-openclaw-sync-chen2026\05_QA测试集\人工核查_环评报告出处整理_20260715\解析文本输出_按目录章节_20000token\052_佛山市祖帮海绵有限公司新建项目_01_受理公告或公示版\052_佛山市祖帮海绵有限公司新建项目_01_受理公告或公示版.json,E:\华南理工项目\环评文件汇总\01_GitHub项目与研究文档\eia-openclaw-sync-chen2026\05_QA测试集\人工核查_环评报告出处整理_20260715\解析文本输出_按问答顺序\052_佛山市祖帮海绵有限公司新建项目_01_受理公告或公示版\052_佛山市祖帮海绵有限公司新建项目_01_受理公告或公示版.html,13,18096,211340,0
解析文本拼接_表格增强_03_041-060.md,3,13,53,PL057,按项目名称匹配,,053_佛山粤友塑料制品有限公司新建项目_01_受理公告或公示版,佛山粤友塑料制品有限公司新建项目,E:\华南理工项目\环评文件汇总\01_GitHub项目与研究文档\eia-openclaw-sync-chen2026\05_QA测试集\人工核查_环评报告出处整理_20260715\解析文本输出_按目录章节_20000token\053_佛山粤友塑料制品有限公司新建项目_01_受理公告或公示版\053_佛山粤友塑料制品有限公司新建项目_01_受理公告或公示版.json,E:\华南理工项目\环评文件汇总\01_GitHub项目与研究文档\eia-openclaw-sync-chen2026\05_QA测试集\人工核查_环评报告出处整理_20260715\解析文本输出_按问答顺序\053_佛山粤友塑料制品有限公司新建项目_01_受理公告或公示版\053_佛山粤友塑料制品有限公司新建项目_01_受理公告或公示版.html,5,17316,57940,0
解析文本拼接_表格增强_03_041-060.md,3,14,54,PL058,按项目名称匹配,,054_佛山诗佳格科技有限公司新建项目_01_受理公告或公示版,佛山诗佳格科技有限公司新建项目,E:\华南理工项目\环评文件汇总\01_GitHub项目与研究文档\eia-openclaw-sync-chen2026\05_QA测试集\人工核查_环评报告出处整理_20260715\解析文本输出_按目录章节_20000token\054_佛山诗佳格科技有限公司新建项目_01_受理公告或公示版\054_佛山诗佳格科技有限公司新建项目_01_受理公告或公示版.json,E:\华南理工项目\环评文件汇总\01_GitHub项目与研究文档\eia-openclaw-sync-chen2026\05_QA测试集\人工核查_环评报告出处整理_20260715\解析文本输出_按问答顺序\054_佛山诗佳格科技有限公司新建项目_01_受理公告或公示版\054_佛山诗佳格科技有限公司新建项目_01_受理公告或公示版.html,5,17806,63940,0
解析文本拼接_表格增强_03_041-060.md,3,15,55,PL059,按项目名称匹配,,055_佛山市乔安电器有限公司迁建项目_01_受理公告或公示版,佛山市乔安电器有限公司迁建项目,E:\华南理工项目\环评文件汇总\01_GitHub项目与研究文档\eia-openclaw-sync-chen2026\05_QA测试集\人工核查_环评报告出处整理_20260715\解析文本输出_按目录章节_20000token\055_佛山市乔安电器有限公司迁建项目_01_受理公告或公示版\055_佛山市乔安电器有限公司迁建项目_01_受理公告或公示版.json,E:\华南理工项目\环评文件汇总\01_GitHub项目与研究文档\eia-openclaw-sync-chen2026\05_QA测试集\人工核查_环评报告出处整理_20260715\解析文本输出_按问答顺序\055_佛山市乔安电器有限公司迁建项目_01_受理公告或公示版\055_佛山市乔安电器有限公司迁建项目_01_受理公告或公示版.html,5,17604,59481,0
解析文本拼接_表格增强_03_041-060.md,3,16,56,PL060；PL161,按项目名称匹配,,056_佛山市顺德区菱昌精密塑料五金实业有限公司新建项目_01_受理公告或公示版,佛山市顺德区菱昌精密塑料五金实业有限公司新建项目,E:\华南理工项目\环评文件汇总\01_GitHub项目与研究文档\eia-openclaw-sync-chen2026\05_QA测试集\人工核查_环评报告出处整理_20260715\解析文本输出_按目录章节_20000token\056_佛山市顺德区菱昌精密塑料五金实业有限公司新建项目_01_受理公告或公示版\056_佛山市顺德区菱昌精密塑料五金实业有限公司新建项目_01_受理公告或公示版.json,E:\华南理工项目\环评文件汇总\01_GitHub项目与研究文档\eia-openclaw-sync-chen2026\05_QA测试集\人工核查_环评报告出处整理_20260715\解析文本输出_按问答顺序\056_佛山市顺德区菱昌精密塑料五金实业有限公司新建项目_01_受理公告或公示版\056_佛山市顺德区菱昌精密塑料五金实业有限公司新建项目_01_受理公告或公示版.html,4,17507,63626,0
解析文本拼接_表格增强_03_041-060.md,3,17,57,PL061,按项目名称匹配,,057_佛山市德田科技有限公司建设项目_01_受理公告或公示版,佛山市德田科技有限公司建设项目,E:\华南理工项目\环评文件汇总\01_GitHub项目与研究文档\eia-openclaw-sync-chen2026\05_QA测试集\人工核查_环评报告出处整理_20260715\解析文本输出_按目录章节_20000token\057_佛山市德田科技有限公司建设项目_01_受理公告或公示版\057_佛山市德田科技有限公司建设项目_01_受理公告或公示版.json,E:\华南理工项目\环评文件汇总\01_GitHub项目与研究文档\eia-openclaw-sync-chen2026\05_QA测试集\人工核查_环评报告出处整理_20260715\解析文本输出_按问答顺序\057_佛山市德田科技有限公司建设项目_01_受理公告或公示版\057_佛山市德田科技有限公司建设项目_01_受理公告或公示版.html,5,17400,61901,0
解析文本拼接_表格增强_03_041-060.md,3,18,58,PL062,按项目名称匹配,,058_佛山市车壹套塑料制品有限公司新建项目_01_受理公告或公示版,佛山市车壹套塑料制品有限公司新建项目,E:\华南理工项目\环评文件汇总\01_GitHub项目与研究文档\eia-openclaw-sync-chen2026\05_QA测试集\人工核查_环评报告出处整理_20260715\解析文本输出_按目录章节_20000token\058_佛山市车壹套塑料制品有限公司新建项目_01_受理公告或公示版\058_佛山市车壹套塑料制品有限公司新建项目_01_受理公告或公示版.json,E:\华南理工项目\环评文件汇总\01_GitHub项目与研究文档\eia-openclaw-sync-chen2026\05_QA测试集\人工核查_环评报告出处整理_20260715\解析文本输出_按问答顺序\058_佛山市车壹套塑料制品有限公司新建项目_01_受理公告或公示版\058_佛山市车壹套塑料制品有限公司新建项目_01_受理公告或公示版.html,5,17986,54530,0
解析文本拼接_表格增强_03_041-060.md,3,19,59,PL063,按项目名称匹配,,059_华硕（广东）新材料股份有限公司新建项目_01_报批稿或报告表,华硕（广东）新材料股份有限公司新建项目,E:\华南理工项目\环评文件汇总\01_GitHub项目与研究文档\eia-openclaw-sync-chen2026\05_QA测试集\人工核查_环评报告出处整理_20260715\解析文本输出_按目录章节_20000token\059_华硕（广东）新材料股份有限公司新建项目_01_报批稿或报告表\059_华硕（广东）新材料股份有限公司新建项目_01_报批稿或报告表.json,E:\华南理工项目\环评文件汇总\01_GitHub项目与研究文档\eia-openclaw-sync-chen2026\05_QA测试集\人工核查_环评报告出处整理_20260715\解析文本输出_按问答顺序\059_华硕（广东）新材料股份有限公司新建项目_01_报批稿或报告表\059_华硕（广东）新材料股份有限公司新建项目_01_报批稿或报告表.html,4,18009,63646,0
解析文本拼接_表格增强_03_041-060.md,3,20,60,PL064,按项目名称匹配,,060_佛山汇诚科技有限公司新建项目_01_报批稿或报告表,佛山汇诚科技有限公司新建项目,E:\华南理工项目\环评文件汇总\01_GitHub项目与研究文档\eia-openclaw-sync-chen2026\05_QA测试集\人工核查_环评报告出处整理_20260715\解析文本输出_按目录章节_20000token\060_佛山汇诚科技有限公司新建项目_01_报批稿或报告表\060_佛山汇诚科技有限公司新建项目_01_报批稿或报告表.json,E:\华南理工项目\环评文件汇总\01_GitHub项目与研究文档\eia-openclaw-sync-chen2026\05_QA测试集\人工核查_环评报告出处整理_20260715\解析文本输出_按问答顺序\060_佛山汇诚科技有限公司新建项目_01_报批稿或报告表\060_佛山汇诚科技有限公司新建项目_01_报批稿或报告表.html,7,17424,103335,0
解析文本拼接_表格增强_04_061-080.md,4,1,61,PL065,按项目名称匹配,,061_佛山市景素科科技有限公司建设项目_01_受理公告或公示版,佛山市景素科科技有限公司建设项目,E:\华南理工项目\环评文件汇总\01_GitHub项目与研究文档\eia-openclaw-sync-chen2026\05_QA测试集\人工核查_环评报告出处整理_20260715\解析文本输出_按目录章节_20000token\061_佛山市景素科科技有限公司建设项目_01_受理公告或公示版\061_佛山市景素科科技有限公司建设项目_01_受理公告或公示版.json,E:\华南理工项目\环评文件汇总\01_GitHub项目与研究文档\eia-openclaw-sync-chen2026\05_QA测试集\人工核查_环评报告出处整理_20260715\解析文本输出_按问答顺序\061_佛山市景素科科技有限公司建设项目_01_受理公告或公示版\061_佛山市景素科科技有限公司建设项目_01_受理公告或公示版.html,5,17863,61612,0
解析文本拼接_表格增强_04_061-080.md,4,2,62,PL066,按项目名称匹配,,062_佛山市智鑫塑胶制品有限公司迁扩建项目_01_报批稿或报告表,佛山市智鑫塑胶制品有限公司迁扩建项目,E:\华南理工项目\环评文件汇总\01_GitHub项目与研究文档\eia-openclaw-sync-chen2026\05_QA测试集\人工核查_环评报告出处整理_20260715\解析文本输出_按目录章节_20000token\062_佛山市智鑫塑胶制品有限公司迁扩建项目_01_报批稿或报告表\062_佛山市智鑫塑胶制品有限公司迁扩建项目_01_报批稿或报告表.json,E:\华南理工项目\环评文件汇总\01_GitHub项目与研究文档\eia-openclaw-sync-chen2026\05_QA测试集\人工核查_环评报告出处整理_20260715\解析文本输出_按问答顺序\062_佛山市智鑫塑胶制品有限公司迁扩建项目_01_报批稿或报告表\062_佛山市智鑫塑胶制品有限公司迁扩建项目_01_报批稿或报告表.html,5,17615,80562,0
解析文本拼接_表格增强_04_061-080.md,4,3,63,PL067,按项目名称匹配,,063_佛山市玖心日用品有限公司新建项目_01_报批稿或报告表,佛山市玖心日用品有限公司新建项目,E:\华南理工项目\环评文件汇总\01_GitHub项目与研究文档\eia-openclaw-sync-chen2026\05_QA测试集\人工核查_环评报告出处整理_20260715\解析文本输出_按目录章节_20000token\063_佛山市玖心日用品有限公司新建项目_01_报批稿或报告表\063_佛山市玖心日用品有限公司新建项目_01_报批稿或报告表.json,E:\华南理工项目\环评文件汇总\01_GitHub项目与研究文档\eia-openclaw-sync-chen2026\05_QA测试集\人工核查_环评报告出处整理_20260715\解析文本输出_按问答顺序\063_佛山市玖心日用品有限公司新建项目_01_报批稿或报告表\063_佛山市玖心日用品有限公司新建项目_01_报批稿或报告表.html,6,18025,80315,0
解析文本拼接_表格增强_04_061-080.md,4,4,64,PL068,按项目名称匹配,,064_佛山市靓禾厨卫用品有限公司新建项目_01_受理公告或公示版,佛山市靓禾厨卫用品有限公司新建项目,E:\华南理工项目\环评文件汇总\01_GitHub项目与研究文档\eia-openclaw-sync-chen2026\05_QA测试集\人工核查_环评报告出处整理_20260715\解析文本输出_按目录章节_20000token\064_佛山市靓禾厨卫用品有限公司新建项目_01_受理公告或公示版\064_佛山市靓禾厨卫用品有限公司新建项目_01_受理公告或公示版.json,E:\华南理工项目\环评文件汇总\01_GitHub项目与研究文档\eia-openclaw-sync-chen2026\05_QA测试集\人工核查_环评报告出处整理_20260715\解析文本输出_按问答顺序\064_佛山市靓禾厨卫用品有限公司新建项目_01_受理公告或公示版\064_佛山市靓禾厨卫用品有限公司新建项目_01_受理公告或公示版.html,4,17672,52769,0
解析文本拼接_表格增强_04_061-080.md,4,5,65,PL069,按项目名称匹配,,065_万业诚新材料（佛山）有限公司迁建项目_01_受理公告或公示版,万业诚新材料（佛山）有限公司迁建项目,E:\华南理工项目\环评文件汇总\01_GitHub项目与研究文档\eia-openclaw-sync-chen2026\05_QA测试集\人工核查_环评报告出处整理_20260715\解析文本输出_按目录章节_20000token\065_万业诚新材料（佛山）有限公司迁建项目_01_受理公告或公示版\065_万业诚新材料（佛山）有限公司迁建项目_01_受理公告或公示版.json,E:\华南理工项目\环评文件汇总\01_GitHub项目与研究文档\eia-openclaw-sync-chen2026\05_QA测试集\人工核查_环评报告出处整理_20260715\解析文本输出_按问答顺序\065_万业诚新材料（佛山）有限公司迁建项目_01_受理公告或公示版\065_万业诚新材料（佛山）有限公司迁建项目_01_受理公告或公示版.html,5,17853,84071,0
解析文本拼接_表格增强_04_061-080.md,4,6,66,PL070,按项目名称匹配,,066_广东顺德顺炎新材料股份有限公司年产改性塑料粒6万吨迁扩建项目_01_报批稿或报告表,广东顺德顺炎新材料股份有限公司年产改性塑料粒6万吨迁扩建项目,E:\华南理工项目\环评文件汇总\01_GitHub项目与研究文档\eia-openclaw-sync-chen2026\05_QA测试集\人工核查_环评报告出处整理_20260715\解析文本输出_按目录章节_20000token\066_广东顺德顺炎新材料股份有限公司年产改性塑料粒6万吨迁扩建项目_01_报批稿或报告表\066_广东顺德顺炎新材料股份有限公司年产改性塑料粒6万吨迁扩建项目_01_报批稿或报告表.json,E:\华南理工项目\环评文件汇总\01_GitHub项目与研究文档\eia-openclaw-sync-chen2026\05_QA测试集\人工核查_环评报告出处整理_20260715\解析文本输出_按问答顺序\066_广东顺德顺炎新材料股份有限公司年产改性塑料粒6万吨迁扩建项目_01_报批稿或报告表\066_广东顺德顺炎新材料股份有限公司年产改性塑料粒6万吨迁扩建项目_01_报批稿或报告表.html,5,17984,62300,0
解析文本拼接_表格增强_04_061-080.md,4,7,67,PL071,按项目名称匹配,,067_佛山市顺德区耀顺欣模具厂新建项目_01_受理公告或公示版,佛山市顺德区耀顺欣模具厂新建项目,E:\华南理工项目\环评文件汇总\01_GitHub项目与研究文档\eia-openclaw-sync-chen2026\05_QA测试集\人工核查_环评报告出处整理_20260715\解析文本输出_按目录章节_20000token\067_佛山市顺德区耀顺欣模具厂新建项目_01_受理公告或公示版\067_佛山市顺德区耀顺欣模具厂新建项目_01_受理公告或公示版.json,E:\华南理工项目\环评文件汇总\01_GitHub项目与研究文档\eia-openclaw-sync-chen2026\05_QA测试集\人工核查_环评报告出处整理_20260715\解析文本输出_按问答顺序\067_佛山市顺德区耀顺欣模具厂新建项目_01_受理公告或公示版\067_佛山市顺德区耀顺欣模具厂新建项目_01_受理公告或公示版.html,5,17553,55561,0
解析文本拼接_表格增强_04_061-080.md,4,8,68,PL072,按项目名称匹配,,068_佛山市至贤科技有限公司新建项目_01_受理公告或公示版,佛山市至贤科技有限公司新建项目,E:\华南理工项目\环评文件汇总\01_GitHub项目与研究文档\eia-openclaw-sync-chen2026\05_QA测试集\人工核查_环评报告出处整理_20260715\解析文本输出_按目录章节_20000token\068_佛山市至贤科技有限公司新建项目_01_受理公告或公示版\068_佛山市至贤科技有限公司新建项目_01_受理公告或公示版.json,E:\华南理工项目\环评文件汇总\01_GitHub项目与研究文档\eia-openclaw-sync-chen2026\05_QA测试集\人工核查_环评报告出处整理_20260715\解析文本输出_按问答顺序\068_佛山市至贤科技有限公司新建项目_01_受理公告或公示版\068_佛山市至贤科技有限公司新建项目_01_受理公告或公示版.html,4,17945,59501,0
解析文本拼接_表格增强_04_061-080.md,4,9,69,PL073；PL087,按项目名称匹配,,069_佛山市安邵塑胶制品有限公司新建项目_01_报批稿或报告表,佛山市安邵塑胶制品有限公司新建项目,E:\华南理工项目\环评文件汇总\01_GitHub项目与研究文档\eia-openclaw-sync-chen2026\05_QA测试集\人工核查_环评报告出处整理_20260715\解析文本输出_按目录章节_20000token\069_佛山市安邵塑胶制品有限公司新建项目_01_报批稿或报告表\069_佛山市安邵塑胶制品有限公司新建项目_01_报批稿或报告表.json,E:\华南理工项目\环评文件汇总\01_GitHub项目与研究文档\eia-openclaw-sync-chen2026\05_QA测试集\人工核查_环评报告出处整理_20260715\解析文本输出_按问答顺序\069_佛山市安邵塑胶制品有限公司新建项目_01_报批稿或报告表\069_佛山市安邵塑胶制品有限公司新建项目_01_报批稿或报告表.html,4,17725,62176,0
解析文本拼接_表格增强_04_061-080.md,4,10,70,PL074,按项目名称匹配,,070_佛山市思莱拓科技有限公司新建项目_01_受理公告或公示版,佛山市思莱拓科技有限公司新建项目,E:\华南理工项目\环评文件汇总\01_GitHub项目与研究文档\eia-openclaw-sync-chen2026\05_QA测试集\人工核查_环评报告出处整理_20260715\解析文本输出_按目录章节_20000token\070_佛山市思莱拓科技有限公司新建项目_01_受理公告或公示版\070_佛山市思莱拓科技有限公司新建项目_01_受理公告或公示版.json,E:\华南理工项目\环评文件汇总\01_GitHub项目与研究文档\eia-openclaw-sync-chen2026\05_QA测试集\人工核查_环评报告出处整理_20260715\解析文本输出_按问答顺序\070_佛山市思莱拓科技有限公司新建项目_01_受理公告或公示版\070_佛山市思莱拓科技有限公司新建项目_01_受理公告或公示版.html,5,17550,62102,0
解析文本拼接_表格增强_04_061-080.md,4,11,71,PL075,按项目名称匹配,,071_佛山市昊芸照明有限公司新建项目_01_受理公告或公示版,佛山市昊芸照明有限公司新建项目,E:\华南理工项目\环评文件汇总\01_GitHub项目与研究文档\eia-openclaw-sync-chen2026\05_QA测试集\人工核查_环评报告出处整理_20260715\解析文本输出_按目录章节_20000token\071_佛山市昊芸照明有限公司新建项目_01_受理公告或公示版\071_佛山市昊芸照明有限公司新建项目_01_受理公告或公示版.json,E:\华南理工项目\环评文件汇总\01_GitHub项目与研究文档\eia-openclaw-sync-chen2026\05_QA测试集\人工核查_环评报告出处整理_20260715\解析文本输出_按问答顺序\071_佛山市昊芸照明有限公司新建项目_01_受理公告或公示版\071_佛山市昊芸照明有限公司新建项目_01_受理公告或公示版.html,4,17703,62106,0
解析文本拼接_表格增强_04_061-080.md,4,12,72,PL076,按项目名称匹配,,072_佛山市友帝塑料制品有限公司扩建项目_01_受理公告或公示版,佛山市友帝塑料制品有限公司扩建项目,E:\华南理工项目\环评文件汇总\01_GitHub项目与研究文档\eia-openclaw-sync-chen2026\05_QA测试集\人工核查_环评报告出处整理_20260715\解析文本输出_按目录章节_20000token\072_佛山市友帝塑料制品有限公司扩建项目_01_受理公告或公示版\072_佛山市友帝塑料制品有限公司扩建项目_01_受理公告或公示版.json,E:\华南理工项目\环评文件汇总\01_GitHub项目与研究文档\eia-openclaw-sync-chen2026\05_QA测试集\人工核查_环评报告出处整理_20260715\解析文本输出_按问答顺序\072_佛山市友帝塑料制品有限公司扩建项目_01_受理公告或公示版\072_佛山市友帝塑料制品有限公司扩建项目_01_受理公告或公示版.html,5,17211,68168,0
解析文本拼接_表格增强_04_061-080.md,4,13,73,PL077,按项目名称匹配,,073_佛山市优塑包装科技有限公司新建项目_01_受理公告或公示版,佛山市优塑包装科技有限公司新建项目,E:\华南理工项目\环评文件汇总\01_GitHub项目与研究文档\eia-openclaw-sync-chen2026\05_QA测试集\人工核查_环评报告出处整理_20260715\解析文本输出_按目录章节_20000token\073_佛山市优塑包装科技有限公司新建项目_01_受理公告或公示版\073_佛山市优塑包装科技有限公司新建项目_01_受理公告或公示版.json,E:\华南理工项目\环评文件汇总\01_GitHub项目与研究文档\eia-openclaw-sync-chen2026\05_QA测试集\人工核查_环评报告出处整理_20260715\解析文本输出_按问答顺序\073_佛山市优塑包装科技有限公司新建项目_01_受理公告或公示版\073_佛山市优塑包装科技有限公司新建项目_01_受理公告或公示版.html,5,17986,55875,0
解析文本拼接_表格增强_04_061-080.md,4,14,74,PL078；PL160,按项目名称匹配,,074_佛山市顺德区德盈誉智能制造有限公司新建项目_01_受理公告或公示版,佛山市顺德区德盈誉智能制造有限公司新建项目,E:\华南理工项目\环评文件汇总\01_GitHub项目与研究文档\eia-openclaw-sync-chen2026\05_QA测试集\人工核查_环评报告出处整理_20260715\解析文本输出_按目录章节_20000token\074_佛山市顺德区德盈誉智能制造有限公司新建项目_01_受理公告或公示版\074_佛山市顺德区德盈誉智能制造有限公司新建项目_01_受理公告或公示版.json,E:\华南理工项目\环评文件汇总\01_GitHub项目与研究文档\eia-openclaw-sync-chen2026\05_QA测试集\人工核查_环评报告出处整理_20260715\解析文本输出_按问答顺序\074_佛山市顺德区德盈誉智能制造有限公司新建项目_01_受理公告或公示版\074_佛山市顺德区德盈誉智能制造有限公司新建项目_01_受理公告或公示版.html,5,17359,57417,0
解析文本拼接_表格增强_04_061-080.md,4,15,75,PL079,按项目名称匹配,,075_广东圣鑫机电股份有限公司扩建项目_01_受理公告或公示版,广东圣鑫机电股份有限公司扩建项目,E:\华南理工项目\环评文件汇总\01_GitHub项目与研究文档\eia-openclaw-sync-chen2026\05_QA测试集\人工核查_环评报告出处整理_20260715\解析文本输出_按目录章节_20000token\075_广东圣鑫机电股份有限公司扩建项目_01_受理公告或公示版\075_广东圣鑫机电股份有限公司扩建项目_01_受理公告或公示版.json,E:\华南理工项目\环评文件汇总\01_GitHub项目与研究文档\eia-openclaw-sync-chen2026\05_QA测试集\人工核查_环评报告出处整理_20260715\解析文本输出_按问答顺序\075_广东圣鑫机电股份有限公司扩建项目_01_受理公告或公示版\075_广东圣鑫机电股份有限公司扩建项目_01_受理公告或公示版.html,6,18030,78342,0
解析文本拼接_表格增强_04_061-080.md,4,16,76,PL081,按项目名称匹配,,076_佛山市顺德区保塑管业有限公司迁扩建项目_01_受理公告或公示版,佛山市顺德区保塑管业有限公司迁扩建项目,E:\华南理工项目\环评文件汇总\01_GitHub项目与研究文档\eia-openclaw-sync-chen2026\05_QA测试集\人工核查_环评报告出处整理_20260715\解析文本输出_按目录章节_20000token\076_佛山市顺德区保塑管业有限公司迁扩建项目_01_受理公告或公示版\076_佛山市顺德区保塑管业有限公司迁扩建项目_01_受理公告或公示版.json,E:\华南理工项目\环评文件汇总\01_GitHub项目与研究文档\eia-openclaw-sync-chen2026\05_QA测试集\人工核查_环评报告出处整理_20260715\解析文本输出_按问答顺序\076_佛山市顺德区保塑管业有限公司迁扩建项目_01_受理公告或公示版\076_佛山市顺德区保塑管业有限公司迁扩建项目_01_受理公告或公示版.html,5,17457,76291,0
解析文本拼接_表格增强_04_061-080.md,4,17,77,PL003；PL083,按项目名称匹配,,077_佛山市顺德区康明新材料厂新建项目_01_受理公告或公示版,佛山市顺德区康明新材料厂新建项目,E:\华南理工项目\环评文件汇总\01_GitHub项目与研究文档\eia-openclaw-sync-chen2026\05_QA测试集\人工核查_环评报告出处整理_20260715\解析文本输出_按目录章节_20000token\077_佛山市顺德区康明新材料厂新建项目_01_受理公告或公示版\077_佛山市顺德区康明新材料厂新建项目_01_受理公告或公示版.json,E:\华南理工项目\环评文件汇总\01_GitHub项目与研究文档\eia-openclaw-sync-chen2026\05_QA测试集\人工核查_环评报告出处整理_20260715\解析文本输出_按问答顺序\077_佛山市顺德区康明新材料厂新建项目_01_受理公告或公示版\077_佛山市顺德区康明新材料厂新建项目_01_受理公告或公示版.html,6,17631,74205,0
解析文本拼接_表格增强_04_061-080.md,4,18,78,PL084,按项目名称匹配,,078_佛山市顺德区中润基誉新材料科技有限公司新建项目_01_受理公告或公示版,佛山市顺德区中润基誉新材料科技有限公司新建项目,E:\华南理工项目\环评文件汇总\01_GitHub项目与研究文档\eia-openclaw-sync-chen2026\05_QA测试集\人工核查_环评报告出处整理_20260715\解析文本输出_按目录章节_20000token\078_佛山市顺德区中润基誉新材料科技有限公司新建项目_01_受理公告或公示版\078_佛山市顺德区中润基誉新材料科技有限公司新建项目_01_受理公告或公示版.json,E:\华南理工项目\环评文件汇总\01_GitHub项目与研究文档\eia-openclaw-sync-chen2026\05_QA测试集\人工核查_环评报告出处整理_20260715\解析文本输出_按问答顺序\078_佛山市顺德区中润基誉新材料科技有限公司新建项目_01_受理公告或公示版\078_佛山市顺德区中润基誉新材料科技有限公司新建项目_01_受理公告或公示版.html,6,17455,78250,0
解析文本拼接_表格增强_04_061-080.md,4,19,79,PL085,按项目名称匹配,,079_广东周杨科电器有限公司迁扩建项目_01_受理公告或公示版,广东周杨科电器有限公司迁扩建项目,E:\华南理工项目\环评文件汇总\01_GitHub项目与研究文档\eia-openclaw-sync-chen2026\05_QA测试集\人工核查_环评报告出处整理_20260715\解析文本输出_按目录章节_20000token\079_广东周杨科电器有限公司迁扩建项目_01_受理公告或公示版\079_广东周杨科电器有限公司迁扩建项目_01_受理公告或公示版.json,E:\华南理工项目\环评文件汇总\01_GitHub项目与研究文档\eia-openclaw-sync-chen2026\05_QA测试集\人工核查_环评报告出处整理_20260715\解析文本输出_按问答顺序\079_广东周杨科电器有限公司迁扩建项目_01_受理公告或公示版\079_广东周杨科电器有限公司迁扩建项目_01_受理公告或公示版.html,5,18029,61808,0
解析文本拼接_表格增强_04_061-080.md,4,20,80,PL086,按项目名称匹配,,080_佛山市科镁电器科技有限公司新建项目_01_受理公告或公示版,佛山市科镁电器科技有限公司新建项目,E:\华南理工项目\环评文件汇总\01_GitHub项目与研究文档\eia-openclaw-sync-chen2026\05_QA测试集\人工核查_环评报告出处整理_20260715\解析文本输出_按目录章节_20000token\080_佛山市科镁电器科技有限公司新建项目_01_受理公告或公示版\080_佛山市科镁电器科技有限公司新建项目_01_受理公告或公示版.json,E:\华南理工项目\环评文件汇总\01_GitHub项目与研究文档\eia-openclaw-sync-chen2026\05_QA测试集\人工核查_环评报告出处整理_20260715\解析文本输出_按问答顺序\080_佛山市科镁电器科技有限公司新建项目_01_受理公告或公示版\080_佛山市科镁电器科技有限公司新建项目_01_受理公告或公示版.html,4,18000,64555,0
解析文本拼接_表格增强_05_081-100.md,5,1,81,PL073；PL087,按项目名称匹配,,081_佛山市安邵塑胶制品有限公司新建项目_01_受理公告或公示版,佛山市安邵塑胶制品有限公司新建项目,E:\华南理工项目\环评文件汇总\01_GitHub项目与研究文档\eia-openclaw-sync-chen2026\05_QA测试集\人工核查_环评报告出处整理_20260715\解析文本输出_按目录章节_20000token\081_佛山市安邵塑胶制品有限公司新建项目_01_受理公告或公示版\081_佛山市安邵塑胶制品有限公司新建项目_01_受理公告或公示版.json,E:\华南理工项目\环评文件汇总\01_GitHub项目与研究文档\eia-openclaw-sync-chen2026\05_QA测试集\人工核查_环评报告出处整理_20260715\解析文本输出_按问答顺序\081_佛山市安邵塑胶制品有限公司新建项目_01_受理公告或公示版\081_佛山市安邵塑胶制品有限公司新建项目_01_受理公告或公示版.html,4,17532,58725,0
解析文本拼接_表格增强_05_081-100.md,5,2,82,PL088,按项目名称匹配,,082_佛山市优力塑电器有限公司新建项目_01_报批稿或报告表,佛山市优力塑电器有限公司新建项目,E:\华南理工项目\环评文件汇总\01_GitHub项目与研究文档\eia-openclaw-sync-chen2026\05_QA测试集\人工核查_环评报告出处整理_20260715\解析文本输出_按目录章节_20000token\082_佛山市优力塑电器有限公司新建项目_01_报批稿或报告表\082_佛山市优力塑电器有限公司新建项目_01_报批稿或报告表.json,E:\华南理工项目\环评文件汇总\01_GitHub项目与研究文档\eia-openclaw-sync-chen2026\05_QA测试集\人工核查_环评报告出处整理_20260715\解析文本输出_按问答顺序\082_佛山市优力塑电器有限公司新建项目_01_报批稿或报告表\082_佛山市优力塑电器有限公司新建项目_01_报批稿或报告表.html,4,18028,59453,0
解析文本拼接_表格增强_05_081-100.md,5,3,83,PL089,按项目名称匹配,,083_佛山市永佳奕科技有限公司扩建项目_01_受理公告或公示版,佛山市永佳奕科技有限公司扩建项目,E:\华南理工项目\环评文件汇总\01_GitHub项目与研究文档\eia-openclaw-sync-chen2026\05_QA测试集\人工核查_环评报告出处整理_20260715\解析文本输出_按目录章节_20000token\083_佛山市永佳奕科技有限公司扩建项目_01_受理公告或公示版\083_佛山市永佳奕科技有限公司扩建项目_01_受理公告或公示版.json,E:\华南理工项目\环评文件汇总\01_GitHub项目与研究文档\eia-openclaw-sync-chen2026\05_QA测试集\人工核查_环评报告出处整理_20260715\解析文本输出_按问答顺序\083_佛山市永佳奕科技有限公司扩建项目_01_受理公告或公示版\083_佛山市永佳奕科技有限公司扩建项目_01_受理公告或公示版.html,5,17555,66801,0
解析文本拼接_表格增强_05_081-100.md,5,4,84,PL090,按项目名称匹配,,084_佛山市凌锴源模具科技有限公司迁扩建项目_01_受理公告或公示版,佛山市凌锴源模具科技有限公司迁扩建项目,E:\华南理工项目\环评文件汇总\01_GitHub项目与研究文档\eia-openclaw-sync-chen2026\05_QA测试集\人工核查_环评报告出处整理_20260715\解析文本输出_按目录章节_20000token\084_佛山市凌锴源模具科技有限公司迁扩建项目_01_受理公告或公示版\084_佛山市凌锴源模具科技有限公司迁扩建项目_01_受理公告或公示版.json,E:\华南理工项目\环评文件汇总\01_GitHub项目与研究文档\eia-openclaw-sync-chen2026\05_QA测试集\人工核查_环评报告出处整理_20260715\解析文本输出_按问答顺序\084_佛山市凌锴源模具科技有限公司迁扩建项目_01_受理公告或公示版\084_佛山市凌锴源模具科技有限公司迁扩建项目_01_受理公告或公示版.html,4,17858,68429,0
解析文本拼接_表格增强_05_081-100.md,5,5,85,PL091,按项目名称匹配,,085_佛山市集北龙华海绵制造股份有限公司搬迁扩建项目_01_受理公告或公示版,佛山市集北龙华海绵制造股份有限公司搬迁扩建项目,E:\华南理工项目\环评文件汇总\01_GitHub项目与研究文档\eia-openclaw-sync-chen2026\05_QA测试集\人工核查_环评报告出处整理_20260715\解析文本输出_按目录章节_20000token\085_佛山市集北龙华海绵制造股份有限公司搬迁扩建项目_01_受理公告或公示版\085_佛山市集北龙华海绵制造股份有限公司搬迁扩建项目_01_受理公告或公示版.json,E:\华南理工项目\环评文件汇总\01_GitHub项目与研究文档\eia-openclaw-sync-chen2026\05_QA测试集\人工核查_环评报告出处整理_20260715\解析文本输出_按问答顺序\085_佛山市集北龙华海绵制造股份有限公司搬迁扩建项目_01_受理公告或公示版\085_佛山市集北龙华海绵制造股份有限公司搬迁扩建项目_01_受理公告或公示版.html,12,17895,204979,0
解析文本拼接_表格增强_05_081-100.md,5,6,86,PL092,按项目名称匹配,,086_佛山市新得雅科技有限责任公司新建项目_01_受理公告或公示版,佛山市新得雅科技有限责任公司新建项目,E:\华南理工项目\环评文件汇总\01_GitHub项目与研究文档\eia-openclaw-sync-chen2026\05_QA测试集\人工核查_环评报告出处整理_20260715\解析文本输出_按目录章节_20000token\086_佛山市新得雅科技有限责任公司新建项目_01_受理公告或公示版\086_佛山市新得雅科技有限责任公司新建项目_01_受理公告或公示版.json,E:\华南理工项目\环评文件汇总\01_GitHub项目与研究文档\eia-openclaw-sync-chen2026\05_QA测试集\人工核查_环评报告出处整理_20260715\解析文本输出_按问答顺序\086_佛山市新得雅科技有限责任公司新建项目_01_受理公告或公示版\086_佛山市新得雅科技有限责任公司新建项目_01_受理公告或公示版.html,11,17976,189644,0
解析文本拼接_表格增强_05_081-100.md,5,7,87,PL094,按项目名称匹配,,087_佛山市丰友享家具配件实业有限公司迁扩建项目_01_受理公告或公示版,佛山市丰友享家具配件实业有限公司迁扩建项目,E:\华南理工项目\环评文件汇总\01_GitHub项目与研究文档\eia-openclaw-sync-chen2026\05_QA测试集\人工核查_环评报告出处整理_20260715\解析文本输出_按目录章节_20000token\087_佛山市丰友享家具配件实业有限公司迁扩建项目_01_受理公告或公示版\087_佛山市丰友享家具配件实业有限公司迁扩建项目_01_受理公告或公示版.json,E:\华南理工项目\环评文件汇总\01_GitHub项目与研究文档\eia-openclaw-sync-chen2026\05_QA测试集\人工核查_环评报告出处整理_20260715\解析文本输出_按问答顺序\087_佛山市丰友享家具配件实业有限公司迁扩建项目_01_受理公告或公示版\087_佛山市丰友享家具配件实业有限公司迁扩建项目_01_受理公告或公示版.html,4,18004,63116,0
解析文本拼接_表格增强_05_081-100.md,5,8,88,PL095；PL142,按项目名称匹配,,088_佛山市京耘科技有限公司新建项目_01_受理公告或公示版,佛山市京耘科技有限公司新建项目,E:\华南理工项目\环评文件汇总\01_GitHub项目与研究文档\eia-openclaw-sync-chen2026\05_QA测试集\人工核查_环评报告出处整理_20260715\解析文本输出_按目录章节_20000token\088_佛山市京耘科技有限公司新建项目_01_受理公告或公示版\088_佛山市京耘科技有限公司新建项目_01_受理公告或公示版.json,E:\华南理工项目\环评文件汇总\01_GitHub项目与研究文档\eia-openclaw-sync-chen2026\05_QA测试集\人工核查_环评报告出处整理_20260715\解析文本输出_按问答顺序\088_佛山市京耘科技有限公司新建项目_01_受理公告或公示版\088_佛山市京耘科技有限公司新建项目_01_受理公告或公示版.html,4,17828,59950,0
解析文本拼接_表格增强_05_081-100.md,5,9,89,PL096,按项目名称匹配,,089_高晖（佛山）新材料科技有限公司新建项目_01_受理公告或公示版,高晖（佛山）新材料科技有限公司新建项目,E:\华南理工项目\环评文件汇总\01_GitHub项目与研究文档\eia-openclaw-sync-chen2026\05_QA测试集\人工核查_环评报告出处整理_20260715\解析文本输出_按目录章节_20000token\089_高晖（佛山）新材料科技有限公司新建项目_01_受理公告或公示版\089_高晖（佛山）新材料科技有限公司新建项目_01_受理公告或公示版.json,E:\华南理工项目\环评文件汇总\01_GitHub项目与研究文档\eia-openclaw-sync-chen2026\05_QA测试集\人工核查_环评报告出处整理_20260715\解析文本输出_按问答顺序\089_高晖（佛山）新材料科技有限公司新建项目_01_受理公告或公示版\089_高晖（佛山）新材料科技有限公司新建项目_01_受理公告或公示版.html,4,17933,66630,0
解析文本拼接_表格增强_05_081-100.md,5,10,90,PL021；PL098,按项目名称匹配,,090_佛山市顺德区共诺电子元件厂搬迁项目_01_受理公告或公示版,佛山市顺德区共诺电子元件厂搬迁项目,E:\华南理工项目\环评文件汇总\01_GitHub项目与研究文档\eia-openclaw-sync-chen2026\05_QA测试集\人工核查_环评报告出处整理_20260715\解析文本输出_按目录章节_20000token\090_佛山市顺德区共诺电子元件厂搬迁项目_01_受理公告或公示版\090_佛山市顺德区共诺电子元件厂搬迁项目_01_受理公告或公示版.json,E:\华南理工项目\环评文件汇总\01_GitHub项目与研究文档\eia-openclaw-sync-chen2026\05_QA测试集\人工核查_环评报告出处整理_20260715\解析文本输出_按问答顺序\090_佛山市顺德区共诺电子元件厂搬迁项目_01_受理公告或公示版\090_佛山市顺德区共诺电子元件厂搬迁项目_01_受理公告或公示版.html,3,17584,49890,0
解析文本拼接_表格增强_05_081-100.md,5,11,91,PL099,按项目名称匹配,,091_佛山市顺佳利智能科技有限公司扩建项目（重新报批）_01_报批稿或报告表,佛山市顺佳利智能科技有限公司扩建项目（重新报批）,E:\华南理工项目\环评文件汇总\01_GitHub项目与研究文档\eia-openclaw-sync-chen2026\05_QA测试集\人工核查_环评报告出处整理_20260715\解析文本输出_按目录章节_20000token\091_佛山市顺佳利智能科技有限公司扩建项目（重新报批）_01_报批稿或报告表\091_佛山市顺佳利智能科技有限公司扩建项目（重新报批）_01_报批稿或报告表.json,E:\华南理工项目\环评文件汇总\01_GitHub项目与研究文档\eia-openclaw-sync-chen2026\05_QA测试集\人工核查_环评报告出处整理_20260715\解析文本输出_按问答顺序\091_佛山市顺佳利智能科技有限公司扩建项目（重新报批）_01_报批稿或报告表\091_佛山市顺佳利智能科技有限公司扩建项目（重新报批）_01_报批稿或报告表.html,5,17850,70261,0
解析文本拼接_表格增强_05_081-100.md,5,12,92,PL100,按项目名称匹配,,092_佛山市天日塑料科技有限公司迁扩建项目_01_报批稿或报告表,佛山市天日塑料科技有限公司迁扩建项目,E:\华南理工项目\环评文件汇总\01_GitHub项目与研究文档\eia-openclaw-sync-chen2026\05_QA测试集\人工核查_环评报告出处整理_20260715\解析文本输出_按目录章节_20000token\092_佛山市天日塑料科技有限公司迁扩建项目_01_报批稿或报告表\092_佛山市天日塑料科技有限公司迁扩建项目_01_报批稿或报告表.json,E:\华南理工项目\环评文件汇总\01_GitHub项目与研究文档\eia-openclaw-sync-chen2026\05_QA测试集\人工核查_环评报告出处整理_20260715\解析文本输出_按问答顺序\092_佛山市天日塑料科技有限公司迁扩建项目_01_报批稿或报告表\092_佛山市天日塑料科技有限公司迁扩建项目_01_报批稿或报告表.html,6,17881,71282,0
解析文本拼接_表格增强_05_081-100.md,5,13,93,PL102,按项目名称匹配,,093_佛山市顺德区福晟鑫塑料制品有限公司迁扩建项目_01_受理公告或公示版,佛山市顺德区福晟鑫塑料制品有限公司迁扩建项目,E:\华南理工项目\环评文件汇总\01_GitHub项目与研究文档\eia-openclaw-sync-chen2026\05_QA测试集\人工核查_环评报告出处整理_20260715\解析文本输出_按目录章节_20000token\093_佛山市顺德区福晟鑫塑料制品有限公司迁扩建项目_01_受理公告或公示版\093_佛山市顺德区福晟鑫塑料制品有限公司迁扩建项目_01_受理公告或公示版.json,E:\华南理工项目\环评文件汇总\01_GitHub项目与研究文档\eia-openclaw-sync-chen2026\05_QA测试集\人工核查_环评报告出处整理_20260715\解析文本输出_按问答顺序\093_佛山市顺德区福晟鑫塑料制品有限公司迁扩建项目_01_受理公告或公示版\093_佛山市顺德区福晟鑫塑料制品有限公司迁扩建项目_01_受理公告或公示版.html,6,17936,79817,0
解析文本拼接_表格增强_05_081-100.md,5,14,94,PL103；PL137,按项目名称匹配,,094_佛山市顺德区谦和丰塑料制品厂新建项目_01_受理公告或公示版,佛山市顺德区谦和丰塑料制品厂新建项目,E:\华南理工项目\环评文件汇总\01_GitHub项目与研究文档\eia-openclaw-sync-chen2026\05_QA测试集\人工核查_环评报告出处整理_20260715\解析文本输出_按目录章节_20000token\094_佛山市顺德区谦和丰塑料制品厂新建项目_01_受理公告或公示版\094_佛山市顺德区谦和丰塑料制品厂新建项目_01_受理公告或公示版.json,E:\华南理工项目\环评文件汇总\01_GitHub项目与研究文档\eia-openclaw-sync-chen2026\05_QA测试集\人工核查_环评报告出处整理_20260715\解析文本输出_按问答顺序\094_佛山市顺德区谦和丰塑料制品厂新建项目_01_受理公告或公示版\094_佛山市顺德区谦和丰塑料制品厂新建项目_01_受理公告或公示版.html,3,17720,46965,0
解析文本拼接_表格增强_05_081-100.md,5,15,95,PL104,按项目名称匹配,,095_华硕（广东）新材料股份有限公司建设项目_01_受理公告或公示版,华硕（广东）新材料股份有限公司建设项目,E:\华南理工项目\环评文件汇总\01_GitHub项目与研究文档\eia-openclaw-sync-chen2026\05_QA测试集\人工核查_环评报告出处整理_20260715\解析文本输出_按目录章节_20000token\095_华硕（广东）新材料股份有限公司建设项目_01_受理公告或公示版\095_华硕（广东）新材料股份有限公司建设项目_01_受理公告或公示版.json,E:\华南理工项目\环评文件汇总\01_GitHub项目与研究文档\eia-openclaw-sync-chen2026\05_QA测试集\人工核查_环评报告出处整理_20260715\解析文本输出_按问答顺序\095_华硕（广东）新材料股份有限公司建设项目_01_受理公告或公示版\095_华硕（广东）新材料股份有限公司建设项目_01_受理公告或公示版.html,4,17995,65429,0
解析文本拼接_表格增强_05_081-100.md,5,16,96,PL106；PL138,按项目名称匹配,,096_佛山市顺德区谦迅盛塑料制品厂新建项目_01_受理公告或公示版,佛山市顺德区谦迅盛塑料制品厂新建项目,E:\华南理工项目\环评文件汇总\01_GitHub项目与研究文档\eia-openclaw-sync-chen2026\05_QA测试集\人工核查_环评报告出处整理_20260715\解析文本输出_按目录章节_20000token\096_佛山市顺德区谦迅盛塑料制品厂新建项目_01_受理公告或公示版\096_佛山市顺德区谦迅盛塑料制品厂新建项目_01_受理公告或公示版.json,E:\华南理工项目\环评文件汇总\01_GitHub项目与研究文档\eia-openclaw-sync-chen2026\05_QA测试集\人工核查_环评报告出处整理_20260715\解析文本输出_按问答顺序\096_佛山市顺德区谦迅盛塑料制品厂新建项目_01_受理公告或公示版\096_佛山市顺德区谦迅盛塑料制品厂新建项目_01_受理公告或公示版.html,3,17695,46826,0
解析文本拼接_表格增强_05_081-100.md,5,17,97,PL107,按项目名称匹配,,097_佛山赫昶塑胶制品有限公司新建项目_01_报批稿或报告表,佛山赫昶塑胶制品有限公司新建项目,E:\华南理工项目\环评文件汇总\01_GitHub项目与研究文档\eia-openclaw-sync-chen2026\05_QA测试集\人工核查_环评报告出处整理_20260715\解析文本输出_按目录章节_20000token\097_佛山赫昶塑胶制品有限公司新建项目_01_报批稿或报告表\097_佛山赫昶塑胶制品有限公司新建项目_01_报批稿或报告表.json,E:\华南理工项目\环评文件汇总\01_GitHub项目与研究文档\eia-openclaw-sync-chen2026\05_QA测试集\人工核查_环评报告出处整理_20260715\解析文本输出_按问答顺序\097_佛山赫昶塑胶制品有限公司新建项目_01_报批稿或报告表\097_佛山赫昶塑胶制品有限公司新建项目_01_报批稿或报告表.html,5,17896,61476,0
解析文本拼接_表格增强_05_081-100.md,5,18,98,PL108,按项目名称匹配,,098_佛山市东来晟塑料制品有限公司新建项目_01_报批稿或报告表,佛山市东来晟塑料制品有限公司新建项目,E:\华南理工项目\环评文件汇总\01_GitHub项目与研究文档\eia-openclaw-sync-chen2026\05_QA测试集\人工核查_环评报告出处整理_20260715\解析文本输出_按目录章节_20000token\098_佛山市东来晟塑料制品有限公司新建项目_01_报批稿或报告表\098_佛山市东来晟塑料制品有限公司新建项目_01_报批稿或报告表.json,E:\华南理工项目\环评文件汇总\01_GitHub项目与研究文档\eia-openclaw-sync-chen2026\05_QA测试集\人工核查_环评报告出处整理_20260715\解析文本输出_按问答顺序\098_佛山市东来晟塑料制品有限公司新建项目_01_报批稿或报告表\098_佛山市东来晟塑料制品有限公司新建项目_01_报批稿或报告表.html,3,17899,51480,0
解析文本拼接_表格增强_05_081-100.md,5,19,99,PL110,按项目名称匹配,,099_佛山市宇纳电器科技有限公司迁扩建项目_01_受理公告或公示版,佛山市宇纳电器科技有限公司迁扩建项目,E:\华南理工项目\环评文件汇总\01_GitHub项目与研究文档\eia-openclaw-sync-chen2026\05_QA测试集\人工核查_环评报告出处整理_20260715\解析文本输出_按目录章节_20000token\099_佛山市宇纳电器科技有限公司迁扩建项目_01_受理公告或公示版\099_佛山市宇纳电器科技有限公司迁扩建项目_01_受理公告或公示版.json,E:\华南理工项目\环评文件汇总\01_GitHub项目与研究文档\eia-openclaw-sync-chen2026\05_QA测试集\人工核查_环评报告出处整理_20260715\解析文本输出_按问答顺序\099_佛山市宇纳电器科技有限公司迁扩建项目_01_受理公告或公示版\099_佛山市宇纳电器科技有限公司迁扩建项目_01_受理公告或公示版.html,5,17337,61138,0
解析文本拼接_表格增强_05_081-100.md,5,20,100,PL111,按项目名称匹配,,100_佛山市承帆新材料科技有限公司新建项目_01_受理公告或公示版,佛山市承帆新材料科技有限公司新建项目,E:\华南理工项目\环评文件汇总\01_GitHub项目与研究文档\eia-openclaw-sync-chen2026\05_QA测试集\人工核查_环评报告出处整理_20260715\解析文本输出_按目录章节_20000token\100_佛山市承帆新材料科技有限公司新建项目_01_受理公告或公示版\100_佛山市承帆新材料科技有限公司新建项目_01_受理公告或公示版.json,E:\华南理工项目\环评文件汇总\01_GitHub项目与研究文档\eia-openclaw-sync-chen2026\05_QA测试集\人工核查_环评报告出处整理_20260715\解析文本输出_按问答顺序\100_佛山市承帆新材料科技有限公司新建项目_01_受理公告或公示版\100_佛山市承帆新材料科技有限公司新建项目_01_受理公告或公示版.html,6,17803,75355,0
解析文本拼接_表格增强_06_101-120.md,6,1,101,PL112,按项目名称匹配,,101_广东顺德铁夫汽车配件有限公司迁扩建项目_01_受理公告或公示版,广东顺德铁夫汽车配件有限公司迁扩建项目,E:\华南理工项目\环评文件汇总\01_GitHub项目与研究文档\eia-openclaw-sync-chen2026\05_QA测试集\人工核查_环评报告出处整理_20260715\解析文本输出_按目录章节_20000token\101_广东顺德铁夫汽车配件有限公司迁扩建项目_01_受理公告或公示版\101_广东顺德铁夫汽车配件有限公司迁扩建项目_01_受理公告或公示版.json,E:\华南理工项目\环评文件汇总\01_GitHub项目与研究文档\eia-openclaw-sync-chen2026\05_QA测试集\人工核查_环评报告出处整理_20260715\解析文本输出_按问答顺序\101_广东顺德铁夫汽车配件有限公司迁扩建项目_01_受理公告或公示版\101_广东顺德铁夫汽车配件有限公司迁扩建项目_01_受理公告或公示版.html,6,17708,71951,0
解析文本拼接_表格增强_06_101-120.md,6,2,102,PL113,按项目名称匹配,,102_佛山市顺腾丰家具配件有限公司新建项目_01_受理公告或公示版,佛山市顺腾丰家具配件有限公司新建项目,E:\华南理工项目\环评文件汇总\01_GitHub项目与研究文档\eia-openclaw-sync-chen2026\05_QA测试集\人工核查_环评报告出处整理_20260715\解析文本输出_按目录章节_20000token\102_佛山市顺腾丰家具配件有限公司新建项目_01_受理公告或公示版\102_佛山市顺腾丰家具配件有限公司新建项目_01_受理公告或公示版.json,E:\华南理工项目\环评文件汇总\01_GitHub项目与研究文档\eia-openclaw-sync-chen2026\05_QA测试集\人工核查_环评报告出处整理_20260715\解析文本输出_按问答顺序\102_佛山市顺腾丰家具配件有限公司新建项目_01_受理公告或公示版\102_佛山市顺腾丰家具配件有限公司新建项目_01_受理公告或公示版.html,4,18001,49275,0
解析文本拼接_表格增强_06_101-120.md,6,3,103,PL114,按项目名称匹配,,103_广东顺德优线三维科技有限公司迁扩建项目_01_受理公告或公示版,广东顺德优线三维科技有限公司迁扩建项目,E:\华南理工项目\环评文件汇总\01_GitHub项目与研究文档\eia-openclaw-sync-chen2026\05_QA测试集\人工核查_环评报告出处整理_20260715\解析文本输出_按目录章节_20000token\103_广东顺德优线三维科技有限公司迁扩建项目_01_受理公告或公示版\103_广东顺德优线三维科技有限公司迁扩建项目_01_受理公告或公示版.json,E:\华南理工项目\环评文件汇总\01_GitHub项目与研究文档\eia-openclaw-sync-chen2026\05_QA测试集\人工核查_环评报告出处整理_20260715\解析文本输出_按问答顺序\103_广东顺德优线三维科技有限公司迁扩建项目_01_受理公告或公示版\103_广东顺德优线三维科技有限公司迁扩建项目_01_受理公告或公示版.html,6,17524,87352,0
解析文本拼接_表格增强_06_101-120.md,6,4,104,PL115,按项目名称匹配,,104_佛山市邦博恩智能科技有限公司新建项目_01_报批稿或报告表,佛山市邦博恩智能科技有限公司新建项目,E:\华南理工项目\环评文件汇总\01_GitHub项目与研究文档\eia-openclaw-sync-chen2026\05_QA测试集\人工核查_环评报告出处整理_20260715\解析文本输出_按目录章节_20000token\104_佛山市邦博恩智能科技有限公司新建项目_01_报批稿或报告表\104_佛山市邦博恩智能科技有限公司新建项目_01_报批稿或报告表.json,E:\华南理工项目\环评文件汇总\01_GitHub项目与研究文档\eia-openclaw-sync-chen2026\05_QA测试集\人工核查_环评报告出处整理_20260715\解析文本输出_按问答顺序\104_佛山市邦博恩智能科技有限公司新建项目_01_报批稿或报告表\104_佛山市邦博恩智能科技有限公司新建项目_01_报批稿或报告表.html,5,17765,58188,0
解析文本拼接_表格增强_06_101-120.md,6,5,105,PL116,按项目名称匹配,,105_佛山市加合新材料有限公司新建项目_01_报批稿或报告表,佛山市加合新材料有限公司新建项目,E:\华南理工项目\环评文件汇总\01_GitHub项目与研究文档\eia-openclaw-sync-chen2026\05_QA测试集\人工核查_环评报告出处整理_20260715\解析文本输出_按目录章节_20000token\105_佛山市加合新材料有限公司新建项目_01_报批稿或报告表\105_佛山市加合新材料有限公司新建项目_01_报批稿或报告表.json,E:\华南理工项目\环评文件汇总\01_GitHub项目与研究文档\eia-openclaw-sync-chen2026\05_QA测试集\人工核查_环评报告出处整理_20260715\解析文本输出_按问答顺序\105_佛山市加合新材料有限公司新建项目_01_报批稿或报告表\105_佛山市加合新材料有限公司新建项目_01_报批稿或报告表.html,5,17515,65528,0
解析文本拼接_表格增强_06_101-120.md,6,6,106,PL117,按项目名称匹配,,106_思邦自行车配件（佛山）有限公司改扩建项目_01_受理公告或公示版,思邦自行车配件（佛山）有限公司改扩建项目,E:\华南理工项目\环评文件汇总\01_GitHub项目与研究文档\eia-openclaw-sync-chen2026\05_QA测试集\人工核查_环评报告出处整理_20260715\解析文本输出_按目录章节_20000token\106_思邦自行车配件（佛山）有限公司改扩建项目_01_受理公告或公示版\106_思邦自行车配件（佛山）有限公司改扩建项目_01_受理公告或公示版.json,E:\华南理工项目\环评文件汇总\01_GitHub项目与研究文档\eia-openclaw-sync-chen2026\05_QA测试集\人工核查_环评报告出处整理_20260715\解析文本输出_按问答顺序\106_思邦自行车配件（佛山）有限公司改扩建项目_01_受理公告或公示版\106_思邦自行车配件（佛山）有限公司改扩建项目_01_受理公告或公示版.html,5,17961,65282,0
解析文本拼接_表格增强_06_101-120.md,6,7,107,PL118,按项目名称匹配,,107_佛山市顺德区凯和电器有限公司迁扩建项目_01_受理公告或公示版,佛山市顺德区凯和电器有限公司迁扩建项目,E:\华南理工项目\环评文件汇总\01_GitHub项目与研究文档\eia-openclaw-sync-chen2026\05_QA测试集\人工核查_环评报告出处整理_20260715\解析文本输出_按目录章节_20000token\107_佛山市顺德区凯和电器有限公司迁扩建项目_01_受理公告或公示版\107_佛山市顺德区凯和电器有限公司迁扩建项目_01_受理公告或公示版.json,E:\华南理工项目\环评文件汇总\01_GitHub项目与研究文档\eia-openclaw-sync-chen2026\05_QA测试集\人工核查_环评报告出处整理_20260715\解析文本输出_按问答顺序\107_佛山市顺德区凯和电器有限公司迁扩建项目_01_受理公告或公示版\107_佛山市顺德区凯和电器有限公司迁扩建项目_01_受理公告或公示版.html,4,17063,43340,0
解析文本拼接_表格增强_06_101-120.md,6,8,108,PL119,按项目名称匹配,,108_佛山志兴盈包装有限公司新建项目_01_受理公告或公示版,佛山志兴盈包装有限公司新建项目,E:\华南理工项目\环评文件汇总\01_GitHub项目与研究文档\eia-openclaw-sync-chen2026\05_QA测试集\人工核查_环评报告出处整理_20260715\解析文本输出_按目录章节_20000token\108_佛山志兴盈包装有限公司新建项目_01_受理公告或公示版\108_佛山志兴盈包装有限公司新建项目_01_受理公告或公示版.json,E:\华南理工项目\环评文件汇总\01_GitHub项目与研究文档\eia-openclaw-sync-chen2026\05_QA测试集\人工核查_环评报告出处整理_20260715\解析文本输出_按问答顺序\108_佛山志兴盈包装有限公司新建项目_01_受理公告或公示版\108_佛山志兴盈包装有限公司新建项目_01_受理公告或公示版.html,4,17842,61905,0
解析文本拼接_表格增强_06_101-120.md,6,9,109,PL120,按项目名称匹配,,109_佛山市顺德区昶新塑料制品有限公司搬迁、扩建项目_01_受理公告或公示版,佛山市顺德区昶新塑料制品有限公司搬迁、扩建项目,E:\华南理工项目\环评文件汇总\01_GitHub项目与研究文档\eia-openclaw-sync-chen2026\05_QA测试集\人工核查_环评报告出处整理_20260715\解析文本输出_按目录章节_20000token\109_佛山市顺德区昶新塑料制品有限公司搬迁、扩建项目_01_受理公告或公示版\109_佛山市顺德区昶新塑料制品有限公司搬迁、扩建项目_01_受理公告或公示版.json,E:\华南理工项目\环评文件汇总\01_GitHub项目与研究文档\eia-openclaw-sync-chen2026\05_QA测试集\人工核查_环评报告出处整理_20260715\解析文本输出_按问答顺序\109_佛山市顺德区昶新塑料制品有限公司搬迁、扩建项目_01_受理公告或公示版\109_佛山市顺德区昶新塑料制品有限公司搬迁、扩建项目_01_受理公告或公示版.html,14,18035,230770,0
解析文本拼接_表格增强_06_101-120.md,6,10,110,PL121,按项目名称匹配,,110_佛山市宇象汇科技有限公司建设项目_01_受理公告或公示版,佛山市宇象汇科技有限公司建设项目,E:\华南理工项目\环评文件汇总\01_GitHub项目与研究文档\eia-openclaw-sync-chen2026\05_QA测试集\人工核查_环评报告出处整理_20260715\解析文本输出_按目录章节_20000token\110_佛山市宇象汇科技有限公司建设项目_01_受理公告或公示版\110_佛山市宇象汇科技有限公司建设项目_01_受理公告或公示版.json,E:\华南理工项目\环评文件汇总\01_GitHub项目与研究文档\eia-openclaw-sync-chen2026\05_QA测试集\人工核查_环评报告出处整理_20260715\解析文本输出_按问答顺序\110_佛山市宇象汇科技有限公司建设项目_01_受理公告或公示版\110_佛山市宇象汇科技有限公司建设项目_01_受理公告或公示版.html,20,18012,339881,0
解析文本拼接_表格增强_06_101-120.md,6,11,111,PL122；PL162,按项目名称匹配,,111_广东创卓电器有限公司迁扩建项目_01_受理公告或公示版,广东创卓电器有限公司迁扩建项目,E:\华南理工项目\环评文件汇总\01_GitHub项目与研究文档\eia-openclaw-sync-chen2026\05_QA测试集\人工核查_环评报告出处整理_20260715\解析文本输出_按目录章节_20000token\111_广东创卓电器有限公司迁扩建项目_01_受理公告或公示版\111_广东创卓电器有限公司迁扩建项目_01_受理公告或公示版.json,E:\华南理工项目\环评文件汇总\01_GitHub项目与研究文档\eia-openclaw-sync-chen2026\05_QA测试集\人工核查_环评报告出处整理_20260715\解析文本输出_按问答顺序\111_广东创卓电器有限公司迁扩建项目_01_受理公告或公示版\111_广东创卓电器有限公司迁扩建项目_01_受理公告或公示版.html,4,17951,67827,0
解析文本拼接_表格增强_06_101-120.md,6,12,112,PL123,按项目名称匹配,,112_佛山市顺德区湛宏塑料制品有限公司改扩建项目_01_受理公告或公示版,佛山市顺德区湛宏塑料制品有限公司改扩建项目,E:\华南理工项目\环评文件汇总\01_GitHub项目与研究文档\eia-openclaw-sync-chen2026\05_QA测试集\人工核查_环评报告出处整理_20260715\解析文本输出_按目录章节_20000token\112_佛山市顺德区湛宏塑料制品有限公司改扩建项目_01_受理公告或公示版\112_佛山市顺德区湛宏塑料制品有限公司改扩建项目_01_受理公告或公示版.json,E:\华南理工项目\环评文件汇总\01_GitHub项目与研究文档\eia-openclaw-sync-chen2026\05_QA测试集\人工核查_环评报告出处整理_20260715\解析文本输出_按问答顺序\112_佛山市顺德区湛宏塑料制品有限公司改扩建项目_01_受理公告或公示版\112_佛山市顺德区湛宏塑料制品有限公司改扩建项目_01_受理公告或公示版.html,7,17759,92233,0
解析文本拼接_表格增强_06_101-120.md,6,13,113,PL124；PL166,按项目名称匹配,,113_佛山市智枞电器制造有限公司扩建项目_01_受理公告或公示版,佛山市智枞电器制造有限公司扩建项目,E:\华南理工项目\环评文件汇总\01_GitHub项目与研究文档\eia-openclaw-sync-chen2026\05_QA测试集\人工核查_环评报告出处整理_20260715\解析文本输出_按目录章节_20000token\113_佛山市智枞电器制造有限公司扩建项目_01_受理公告或公示版\113_佛山市智枞电器制造有限公司扩建项目_01_受理公告或公示版.json,E:\华南理工项目\环评文件汇总\01_GitHub项目与研究文档\eia-openclaw-sync-chen2026\05_QA测试集\人工核查_环评报告出处整理_20260715\解析文本输出_按问答顺序\113_佛山市智枞电器制造有限公司扩建项目_01_受理公告或公示版\113_佛山市智枞电器制造有限公司扩建项目_01_受理公告或公示版.html,6,17936,71440,0
解析文本拼接_表格增强_06_101-120.md,6,14,114,PL125,按项目名称匹配,,114_佛山创顺塑胶有限公司建设项目_01_受理公告或公示版,佛山创顺塑胶有限公司建设项目,E:\华南理工项目\环评文件汇总\01_GitHub项目与研究文档\eia-openclaw-sync-chen2026\05_QA测试集\人工核查_环评报告出处整理_20260715\解析文本输出_按目录章节_20000token\114_佛山创顺塑胶有限公司建设项目_01_受理公告或公示版\114_佛山创顺塑胶有限公司建设项目_01_受理公告或公示版.json,E:\华南理工项目\环评文件汇总\01_GitHub项目与研究文档\eia-openclaw-sync-chen2026\05_QA测试集\人工核查_环评报告出处整理_20260715\解析文本输出_按问答顺序\114_佛山创顺塑胶有限公司建设项目_01_受理公告或公示版\114_佛山创顺塑胶有限公司建设项目_01_受理公告或公示版.html,5,17898,54717,0
解析文本拼接_表格增强_06_101-120.md,6,15,115,PL126,按项目名称匹配,,115_佛山市顺德区天玛仕电子有限公司改扩建项目_01_受理公告或公示版,佛山市顺德区天玛仕电子有限公司改扩建项目,E:\华南理工项目\环评文件汇总\01_GitHub项目与研究文档\eia-openclaw-sync-chen2026\05_QA测试集\人工核查_环评报告出处整理_20260715\解析文本输出_按目录章节_20000token\115_佛山市顺德区天玛仕电子有限公司改扩建项目_01_受理公告或公示版\115_佛山市顺德区天玛仕电子有限公司改扩建项目_01_受理公告或公示版.json,E:\华南理工项目\环评文件汇总\01_GitHub项目与研究文档\eia-openclaw-sync-chen2026\05_QA测试集\人工核查_环评报告出处整理_20260715\解析文本输出_按问答顺序\115_佛山市顺德区天玛仕电子有限公司改扩建项目_01_受理公告或公示版\115_佛山市顺德区天玛仕电子有限公司改扩建项目_01_受理公告或公示版.html,4,17644,59423,0
解析文本拼接_表格增强_06_101-120.md,6,16,116,PL044；PL127,按项目名称匹配,,116_佛山市昇汇包装材料有限公司新建项目_01_受理公告或公示版,佛山市昇汇包装材料有限公司新建项目,E:\华南理工项目\环评文件汇总\01_GitHub项目与研究文档\eia-openclaw-sync-chen2026\05_QA测试集\人工核查_环评报告出处整理_20260715\解析文本输出_按目录章节_20000token\116_佛山市昇汇包装材料有限公司新建项目_01_受理公告或公示版\116_佛山市昇汇包装材料有限公司新建项目_01_受理公告或公示版.json,E:\华南理工项目\环评文件汇总\01_GitHub项目与研究文档\eia-openclaw-sync-chen2026\05_QA测试集\人工核查_环评报告出处整理_20260715\解析文本输出_按问答顺序\116_佛山市昇汇包装材料有限公司新建项目_01_受理公告或公示版\116_佛山市昇汇包装材料有限公司新建项目_01_受理公告或公示版.html,5,17836,57378,0
解析文本拼接_表格增强_06_101-120.md,6,17,117,PL128；PL155,按项目名称匹配,,117_佛山市洲友尚包装材料有限公司新建项目_01_受理公告或公示版,佛山市洲友尚包装材料有限公司新建项目,E:\华南理工项目\环评文件汇总\01_GitHub项目与研究文档\eia-openclaw-sync-chen2026\05_QA测试集\人工核查_环评报告出处整理_20260715\解析文本输出_按目录章节_20000token\117_佛山市洲友尚包装材料有限公司新建项目_01_受理公告或公示版\117_佛山市洲友尚包装材料有限公司新建项目_01_受理公告或公示版.json,E:\华南理工项目\环评文件汇总\01_GitHub项目与研究文档\eia-openclaw-sync-chen2026\05_QA测试集\人工核查_环评报告出处整理_20260715\解析文本输出_按问答顺序\117_佛山市洲友尚包装材料有限公司新建项目_01_受理公告或公示版\117_佛山市洲友尚包装材料有限公司新建项目_01_受理公告或公示版.html,5,17969,67187,0
解析文本拼接_表格增强_06_101-120.md,6,18,118,PL130,按项目名称匹配,,118_佛山万美塑料制品有限公司迁扩建项目_01_受理公告或公示版,佛山万美塑料制品有限公司迁扩建项目,E:\华南理工项目\环评文件汇总\01_GitHub项目与研究文档\eia-openclaw-sync-chen2026\05_QA测试集\人工核查_环评报告出处整理_20260715\解析文本输出_按目录章节_20000token\118_佛山万美塑料制品有限公司迁扩建项目_01_受理公告或公示版\118_佛山万美塑料制品有限公司迁扩建项目_01_受理公告或公示版.json,E:\华南理工项目\环评文件汇总\01_GitHub项目与研究文档\eia-openclaw-sync-chen2026\05_QA测试集\人工核查_环评报告出处整理_20260715\解析文本输出_按问答顺序\118_佛山万美塑料制品有限公司迁扩建项目_01_受理公告或公示版\118_佛山万美塑料制品有限公司迁扩建项目_01_受理公告或公示版.html,5,17692,69489,0
解析文本拼接_表格增强_06_101-120.md,6,19,119,PL131,按项目名称匹配,,119_佛山市顺德区凯锦电器有限公司新建项目_01_受理公告或公示版,佛山市顺德区凯锦电器有限公司新建项目,E:\华南理工项目\环评文件汇总\01_GitHub项目与研究文档\eia-openclaw-sync-chen2026\05_QA测试集\人工核查_环评报告出处整理_20260715\解析文本输出_按目录章节_20000token\119_佛山市顺德区凯锦电器有限公司新建项目_01_受理公告或公示版\119_佛山市顺德区凯锦电器有限公司新建项目_01_受理公告或公示版.json,E:\华南理工项目\环评文件汇总\01_GitHub项目与研究文档\eia-openclaw-sync-chen2026\05_QA测试集\人工核查_环评报告出处整理_20260715\解析文本输出_按问答顺序\119_佛山市顺德区凯锦电器有限公司新建项目_01_受理公告或公示版\119_佛山市顺德区凯锦电器有限公司新建项目_01_受理公告或公示版.html,3,17868,46592,0
解析文本拼接_表格增强_06_101-120.md,6,20,120,PL132,按项目名称匹配,,120_佛山市龙广塑料制品有限公司新建项目_01_受理公告或公示版,佛山市龙广塑料制品有限公司新建项目,E:\华南理工项目\环评文件汇总\01_GitHub项目与研究文档\eia-openclaw-sync-chen2026\05_QA测试集\人工核查_环评报告出处整理_20260715\解析文本输出_按目录章节_20000token\120_佛山市龙广塑料制品有限公司新建项目_01_受理公告或公示版\120_佛山市龙广塑料制品有限公司新建项目_01_受理公告或公示版.json,E:\华南理工项目\环评文件汇总\01_GitHub项目与研究文档\eia-openclaw-sync-chen2026\05_QA测试集\人工核查_环评报告出处整理_20260715\解析文本输出_按问答顺序\120_佛山市龙广塑料制品有限公司新建项目_01_受理公告或公示版\120_佛山市龙广塑料制品有限公司新建项目_01_受理公告或公示版.html,3,17421,50757,0
解析文本拼接_表格增强_07_121-140.md,7,1,121,PL133,按项目名称匹配,,121_佛山市特美仕电器有限公司迁扩建项目_01_报批稿或报告表,佛山市特美仕电器有限公司迁扩建项目,E:\华南理工项目\环评文件汇总\01_GitHub项目与研究文档\eia-openclaw-sync-chen2026\05_QA测试集\人工核查_环评报告出处整理_20260715\解析文本输出_按目录章节_20000token\121_佛山市特美仕电器有限公司迁扩建项目_01_报批稿或报告表\121_佛山市特美仕电器有限公司迁扩建项目_01_报批稿或报告表.json,E:\华南理工项目\环评文件汇总\01_GitHub项目与研究文档\eia-openclaw-sync-chen2026\05_QA测试集\人工核查_环评报告出处整理_20260715\解析文本输出_按问答顺序\121_佛山市特美仕电器有限公司迁扩建项目_01_报批稿或报告表\121_佛山市特美仕电器有限公司迁扩建项目_01_报批稿或报告表.html,5,17851,70596,0
解析文本拼接_表格增强_07_121-140.md,7,2,122,PL134,按项目名称匹配,,122_佛山市广优顺品日用品有限公司新建项目_01_报批稿或报告表,佛山市广优顺品日用品有限公司新建项目,E:\华南理工项目\环评文件汇总\01_GitHub项目与研究文档\eia-openclaw-sync-chen2026\05_QA测试集\人工核查_环评报告出处整理_20260715\解析文本输出_按目录章节_20000token\122_佛山市广优顺品日用品有限公司新建项目_01_报批稿或报告表\122_佛山市广优顺品日用品有限公司新建项目_01_报批稿或报告表.json,E:\华南理工项目\环评文件汇总\01_GitHub项目与研究文档\eia-openclaw-sync-chen2026\05_QA测试集\人工核查_环评报告出处整理_20260715\解析文本输出_按问答顺序\122_佛山市广优顺品日用品有限公司新建项目_01_报批稿或报告表\122_佛山市广优顺品日用品有限公司新建项目_01_报批稿或报告表.html,4,17517,61718,0
解析文本拼接_表格增强_07_121-140.md,7,3,123,PL135,按项目名称匹配,,123_佛山市邸怡居家居有限公司新建项目_01_受理公告或公示版,佛山市邸怡居家居有限公司新建项目,E:\华南理工项目\环评文件汇总\01_GitHub项目与研究文档\eia-openclaw-sync-chen2026\05_QA测试集\人工核查_环评报告出处整理_20260715\解析文本输出_按目录章节_20000token\123_佛山市邸怡居家居有限公司新建项目_01_受理公告或公示版\123_佛山市邸怡居家居有限公司新建项目_01_受理公告或公示版.json,E:\华南理工项目\环评文件汇总\01_GitHub项目与研究文档\eia-openclaw-sync-chen2026\05_QA测试集\人工核查_环评报告出处整理_20260715\解析文本输出_按问答顺序\123_佛山市邸怡居家居有限公司新建项目_01_受理公告或公示版\123_佛山市邸怡居家居有限公司新建项目_01_受理公告或公示版.html,5,17471,64774,0
解析文本拼接_表格增强_07_121-140.md,7,4,124,PL041；PL136,按项目名称匹配,,124_佛山市创灏五金塑料有限公司年产塑料制品1250万件迁改扩建项目_01_受理公告或公示版,佛山市创灏五金塑料有限公司年产塑料制品1250万件迁改扩建项目,E:\华南理工项目\环评文件汇总\01_GitHub项目与研究文档\eia-openclaw-sync-chen2026\05_QA测试集\人工核查_环评报告出处整理_20260715\解析文本输出_按目录章节_20000token\124_佛山市创灏五金塑料有限公司年产塑料制品1250万件迁改扩建项目_01_受理公告或公示版\124_佛山市创灏五金塑料有限公司年产塑料制品1250万件迁改扩建项目_01_受理公告或公示版.json,E:\华南理工项目\环评文件汇总\01_GitHub项目与研究文档\eia-openclaw-sync-chen2026\05_QA测试集\人工核查_环评报告出处整理_20260715\解析文本输出_按问答顺序\124_佛山市创灏五金塑料有限公司年产塑料制品1250万件迁改扩建项目_01_受理公告或公示版\124_佛山市创灏五金塑料有限公司年产塑料制品1250万件迁改扩建项目_01_受理公告或公示版.html,4,17898,66269,0
解析文本拼接_表格增强_07_121-140.md,7,5,125,PL103；PL137,按项目名称匹配,,125_佛山市顺德区谦和丰塑料制品厂新建项目_01_受理公告或公示版,佛山市顺德区谦和丰塑料制品厂新建项目,E:\华南理工项目\环评文件汇总\01_GitHub项目与研究文档\eia-openclaw-sync-chen2026\05_QA测试集\人工核查_环评报告出处整理_20260715\解析文本输出_按目录章节_20000token\125_佛山市顺德区谦和丰塑料制品厂新建项目_01_受理公告或公示版\125_佛山市顺德区谦和丰塑料制品厂新建项目_01_受理公告或公示版.json,E:\华南理工项目\环评文件汇总\01_GitHub项目与研究文档\eia-openclaw-sync-chen2026\05_QA测试集\人工核查_环评报告出处整理_20260715\解析文本输出_按问答顺序\125_佛山市顺德区谦和丰塑料制品厂新建项目_01_受理公告或公示版\125_佛山市顺德区谦和丰塑料制品厂新建项目_01_受理公告或公示版.html,3,17863,46834,0
解析文本拼接_表格增强_07_121-140.md,7,6,126,PL106；PL138,按项目名称匹配,,126_佛山市顺德区谦迅盛塑料制品厂新建项目_01_受理公告或公示版,佛山市顺德区谦迅盛塑料制品厂新建项目,E:\华南理工项目\环评文件汇总\01_GitHub项目与研究文档\eia-openclaw-sync-chen2026\05_QA测试集\人工核查_环评报告出处整理_20260715\解析文本输出_按目录章节_20000token\126_佛山市顺德区谦迅盛塑料制品厂新建项目_01_受理公告或公示版\126_佛山市顺德区谦迅盛塑料制品厂新建项目_01_受理公告或公示版.json,E:\华南理工项目\环评文件汇总\01_GitHub项目与研究文档\eia-openclaw-sync-chen2026\05_QA测试集\人工核查_环评报告出处整理_20260715\解析文本输出_按问答顺序\126_佛山市顺德区谦迅盛塑料制品厂新建项目_01_受理公告或公示版\126_佛山市顺德区谦迅盛塑料制品厂新建项目_01_受理公告或公示版.html,3,17850,46706,0
解析文本拼接_表格增强_07_121-140.md,7,7,127,PL140,按项目名称匹配,,127_广东顺德意达电子薄膜器件有限公司扩建项目_01_受理公告或公示版,广东顺德意达电子薄膜器件有限公司扩建项目,E:\华南理工项目\环评文件汇总\01_GitHub项目与研究文档\eia-openclaw-sync-chen2026\05_QA测试集\人工核查_环评报告出处整理_20260715\解析文本输出_按目录章节_20000token\127_广东顺德意达电子薄膜器件有限公司扩建项目_01_受理公告或公示版\127_广东顺德意达电子薄膜器件有限公司扩建项目_01_受理公告或公示版.json,E:\华南理工项目\环评文件汇总\01_GitHub项目与研究文档\eia-openclaw-sync-chen2026\05_QA测试集\人工核查_环评报告出处整理_20260715\解析文本输出_按问答顺序\127_广东顺德意达电子薄膜器件有限公司扩建项目_01_受理公告或公示版\127_广东顺德意达电子薄膜器件有限公司扩建项目_01_受理公告或公示版.html,5,17920,84195,0
解析文本拼接_表格增强_07_121-140.md,7,8,128,PL141,按项目名称匹配,,128_佛山市加耐安塑料制品有限公司新建项目_01_受理公告或公示版,佛山市加耐安塑料制品有限公司新建项目,E:\华南理工项目\环评文件汇总\01_GitHub项目与研究文档\eia-openclaw-sync-chen2026\05_QA测试集\人工核查_环评报告出处整理_20260715\解析文本输出_按目录章节_20000token\128_佛山市加耐安塑料制品有限公司新建项目_01_受理公告或公示版\128_佛山市加耐安塑料制品有限公司新建项目_01_受理公告或公示版.json,E:\华南理工项目\环评文件汇总\01_GitHub项目与研究文档\eia-openclaw-sync-chen2026\05_QA测试集\人工核查_环评报告出处整理_20260715\解析文本输出_按问答顺序\128_佛山市加耐安塑料制品有限公司新建项目_01_受理公告或公示版\128_佛山市加耐安塑料制品有限公司新建项目_01_受理公告或公示版.html,6,17430,78103,0
解析文本拼接_表格增强_07_121-140.md,7,9,129,PL095；PL142,按项目名称匹配,,129_佛山市京耘科技有限公司新建项目_01_受理公告或公示版,佛山市京耘科技有限公司新建项目,E:\华南理工项目\环评文件汇总\01_GitHub项目与研究文档\eia-openclaw-sync-chen2026\05_QA测试集\人工核查_环评报告出处整理_20260715\解析文本输出_按目录章节_20000token\129_佛山市京耘科技有限公司新建项目_01_受理公告或公示版\129_佛山市京耘科技有限公司新建项目_01_受理公告或公示版.json,E:\华南理工项目\环评文件汇总\01_GitHub项目与研究文档\eia-openclaw-sync-chen2026\05_QA测试集\人工核查_环评报告出处整理_20260715\解析文本输出_按问答顺序\129_佛山市京耘科技有限公司新建项目_01_受理公告或公示版\129_佛山市京耘科技有限公司新建项目_01_受理公告或公示版.html,3,17716,50303,0
解析文本拼接_表格增强_07_121-140.md,7,10,130,PL143,按项目名称匹配,,130_佛山市汇铭臻新材料科技有限公司新建项目_01_受理公告或公示版,佛山市汇铭臻新材料科技有限公司新建项目,E:\华南理工项目\环评文件汇总\01_GitHub项目与研究文档\eia-openclaw-sync-chen2026\05_QA测试集\人工核查_环评报告出处整理_20260715\解析文本输出_按目录章节_20000token\130_佛山市汇铭臻新材料科技有限公司新建项目_01_受理公告或公示版\130_佛山市汇铭臻新材料科技有限公司新建项目_01_受理公告或公示版.json,E:\华南理工项目\环评文件汇总\01_GitHub项目与研究文档\eia-openclaw-sync-chen2026\05_QA测试集\人工核查_环评报告出处整理_20260715\解析文本输出_按问答顺序\130_佛山市汇铭臻新材料科技有限公司新建项目_01_受理公告或公示版\130_佛山市汇铭臻新材料科技有限公司新建项目_01_受理公告或公示版.html,4,17939,69138,0
解析文本拼接_表格增强_07_121-140.md,7,11,131,PL144,按项目名称匹配,,131_佛山市千紫珏科技有限公司新建项目_01_受理公告或公示版,佛山市千紫珏科技有限公司新建项目,E:\华南理工项目\环评文件汇总\01_GitHub项目与研究文档\eia-openclaw-sync-chen2026\05_QA测试集\人工核查_环评报告出处整理_20260715\解析文本输出_按目录章节_20000token\131_佛山市千紫珏科技有限公司新建项目_01_受理公告或公示版\131_佛山市千紫珏科技有限公司新建项目_01_受理公告或公示版.json,E:\华南理工项目\环评文件汇总\01_GitHub项目与研究文档\eia-openclaw-sync-chen2026\05_QA测试集\人工核查_环评报告出处整理_20260715\解析文本输出_按问答顺序\131_佛山市千紫珏科技有限公司新建项目_01_受理公告或公示版\131_佛山市千紫珏科技有限公司新建项目_01_受理公告或公示版.html,4,17966,69184,0
解析文本拼接_表格增强_07_121-140.md,7,12,132,PL145,按项目名称匹配,,132_佛山市万朗磁塑制品有限公司顺德分公司新建项目_01_报批稿或报告表,佛山市万朗磁塑制品有限公司顺德分公司新建项目,E:\华南理工项目\环评文件汇总\01_GitHub项目与研究文档\eia-openclaw-sync-chen2026\05_QA测试集\人工核查_环评报告出处整理_20260715\解析文本输出_按目录章节_20000token\132_佛山市万朗磁塑制品有限公司顺德分公司新建项目_01_报批稿或报告表\132_佛山市万朗磁塑制品有限公司顺德分公司新建项目_01_报批稿或报告表.json,E:\华南理工项目\环评文件汇总\01_GitHub项目与研究文档\eia-openclaw-sync-chen2026\05_QA测试集\人工核查_环评报告出处整理_20260715\解析文本输出_按问答顺序\132_佛山市万朗磁塑制品有限公司顺德分公司新建项目_01_报批稿或报告表\132_佛山市万朗磁塑制品有限公司顺德分公司新建项目_01_报批稿或报告表.html,5,18003,64613,0
解析文本拼接_表格增强_07_121-140.md,7,13,133,PL146,按项目名称匹配,,133_佛山市顺德区全华工艺饰品有限公司新建项目_01_报批稿或报告表,佛山市顺德区全华工艺饰品有限公司新建项目,E:\华南理工项目\环评文件汇总\01_GitHub项目与研究文档\eia-openclaw-sync-chen2026\05_QA测试集\人工核查_环评报告出处整理_20260715\解析文本输出_按目录章节_20000token\133_佛山市顺德区全华工艺饰品有限公司新建项目_01_报批稿或报告表\133_佛山市顺德区全华工艺饰品有限公司新建项目_01_报批稿或报告表.json,E:\华南理工项目\环评文件汇总\01_GitHub项目与研究文档\eia-openclaw-sync-chen2026\05_QA测试集\人工核查_环评报告出处整理_20260715\解析文本输出_按问答顺序\133_佛山市顺德区全华工艺饰品有限公司新建项目_01_报批稿或报告表\133_佛山市顺德区全华工艺饰品有限公司新建项目_01_报批稿或报告表.html,4,17754,44268,0
解析文本拼接_表格增强_07_121-140.md,7,14,134,PL147,按项目名称匹配,,134_佛山市顺德区大亚湾五金塑料有限公司新建项目_01_受理公告或公示版,佛山市顺德区大亚湾五金塑料有限公司新建项目,E:\华南理工项目\环评文件汇总\01_GitHub项目与研究文档\eia-openclaw-sync-chen2026\05_QA测试集\人工核查_环评报告出处整理_20260715\解析文本输出_按目录章节_20000token\134_佛山市顺德区大亚湾五金塑料有限公司新建项目_01_受理公告或公示版\134_佛山市顺德区大亚湾五金塑料有限公司新建项目_01_受理公告或公示版.json,E:\华南理工项目\环评文件汇总\01_GitHub项目与研究文档\eia-openclaw-sync-chen2026\05_QA测试集\人工核查_环评报告出处整理_20260715\解析文本输出_按问答顺序\134_佛山市顺德区大亚湾五金塑料有限公司新建项目_01_受理公告或公示版\134_佛山市顺德区大亚湾五金塑料有限公司新建项目_01_受理公告或公示版.html,3,17671,41687,0
解析文本拼接_表格增强_07_121-140.md,7,15,135,PL031；PL148,按项目名称匹配,,135_佛山市浩创时代包装制品有限公司新建项目_01_受理公告或公示版,佛山市浩创时代包装制品有限公司新建项目,E:\华南理工项目\环评文件汇总\01_GitHub项目与研究文档\eia-openclaw-sync-chen2026\05_QA测试集\人工核查_环评报告出处整理_20260715\解析文本输出_按目录章节_20000token\135_佛山市浩创时代包装制品有限公司新建项目_01_受理公告或公示版\135_佛山市浩创时代包装制品有限公司新建项目_01_受理公告或公示版.json,E:\华南理工项目\环评文件汇总\01_GitHub项目与研究文档\eia-openclaw-sync-chen2026\05_QA测试集\人工核查_环评报告出处整理_20260715\解析文本输出_按问答顺序\135_佛山市浩创时代包装制品有限公司新建项目_01_受理公告或公示版\135_佛山市浩创时代包装制品有限公司新建项目_01_受理公告或公示版.html,5,17749,71259,0
解析文本拼接_表格增强_07_121-140.md,7,16,136,PL149,按项目名称匹配,,136_佛山江福英智能设备制造有限公司新建项目_01_受理公告或公示版,佛山江福英智能设备制造有限公司新建项目,E:\华南理工项目\环评文件汇总\01_GitHub项目与研究文档\eia-openclaw-sync-chen2026\05_QA测试集\人工核查_环评报告出处整理_20260715\解析文本输出_按目录章节_20000token\136_佛山江福英智能设备制造有限公司新建项目_01_受理公告或公示版\136_佛山江福英智能设备制造有限公司新建项目_01_受理公告或公示版.json,E:\华南理工项目\环评文件汇总\01_GitHub项目与研究文档\eia-openclaw-sync-chen2026\05_QA测试集\人工核查_环评报告出处整理_20260715\解析文本输出_按问答顺序\136_佛山江福英智能设备制造有限公司新建项目_01_受理公告或公示版\136_佛山江福英智能设备制造有限公司新建项目_01_受理公告或公示版.html,5,17878,56988,0
解析文本拼接_表格增强_07_121-140.md,7,17,137,PL151,按项目名称匹配,,137_佛山市顺德区德毅塑料有限公司新建项目_01_受理公告或公示版,佛山市顺德区德毅塑料有限公司新建项目,E:\华南理工项目\环评文件汇总\01_GitHub项目与研究文档\eia-openclaw-sync-chen2026\05_QA测试集\人工核查_环评报告出处整理_20260715\解析文本输出_按目录章节_20000token\137_佛山市顺德区德毅塑料有限公司新建项目_01_受理公告或公示版\137_佛山市顺德区德毅塑料有限公司新建项目_01_受理公告或公示版.json,E:\华南理工项目\环评文件汇总\01_GitHub项目与研究文档\eia-openclaw-sync-chen2026\05_QA测试集\人工核查_环评报告出处整理_20260715\解析文本输出_按问答顺序\137_佛山市顺德区德毅塑料有限公司新建项目_01_受理公告或公示版\137_佛山市顺德区德毅塑料有限公司新建项目_01_受理公告或公示版.html,3,17842,51396,0
解析文本拼接_表格增强_07_121-140.md,7,18,138,PL152,按项目名称匹配,,138_佛山市顺德区派信誉塑料有限公司新建项目_01_受理公告或公示版,佛山市顺德区派信誉塑料有限公司新建项目,E:\华南理工项目\环评文件汇总\01_GitHub项目与研究文档\eia-openclaw-sync-chen2026\05_QA测试集\人工核查_环评报告出处整理_20260715\解析文本输出_按目录章节_20000token\138_佛山市顺德区派信誉塑料有限公司新建项目_01_受理公告或公示版\138_佛山市顺德区派信誉塑料有限公司新建项目_01_受理公告或公示版.json,E:\华南理工项目\环评文件汇总\01_GitHub项目与研究文档\eia-openclaw-sync-chen2026\05_QA测试集\人工核查_环评报告出处整理_20260715\解析文本输出_按问答顺序\138_佛山市顺德区派信誉塑料有限公司新建项目_01_受理公告或公示版\138_佛山市顺德区派信誉塑料有限公司新建项目_01_受理公告或公示版.html,4,17960,60463,0
解析文本拼接_表格增强_07_121-140.md,7,19,139,PL153,按项目名称匹配,,139_佛山市诗佳格科技有限公司新建项目_01_受理公告或公示版,佛山市诗佳格科技有限公司新建项目,E:\华南理工项目\环评文件汇总\01_GitHub项目与研究文档\eia-openclaw-sync-chen2026\05_QA测试集\人工核查_环评报告出处整理_20260715\解析文本输出_按目录章节_20000token\139_佛山市诗佳格科技有限公司新建项目_01_受理公告或公示版\139_佛山市诗佳格科技有限公司新建项目_01_受理公告或公示版.json,E:\华南理工项目\环评文件汇总\01_GitHub项目与研究文档\eia-openclaw-sync-chen2026\05_QA测试集\人工核查_环评报告出处整理_20260715\解析文本输出_按问答顺序\139_佛山市诗佳格科技有限公司新建项目_01_受理公告或公示版\139_佛山市诗佳格科技有限公司新建项目_01_受理公告或公示版.html,5,17388,60801,0
解析文本拼接_表格增强_07_121-140.md,7,20,140,PL154,按项目名称匹配,,140_佛山市华泷彩科技有限公司新建项目_01_受理公告或公示版,佛山市华泷彩科技有限公司新建项目,E:\华南理工项目\环评文件汇总\01_GitHub项目与研究文档\eia-openclaw-sync-chen2026\05_QA测试集\人工核查_环评报告出处整理_20260715\解析文本输出_按目录章节_20000token\140_佛山市华泷彩科技有限公司新建项目_01_受理公告或公示版\140_佛山市华泷彩科技有限公司新建项目_01_受理公告或公示版.json,E:\华南理工项目\环评文件汇总\01_GitHub项目与研究文档\eia-openclaw-sync-chen2026\05_QA测试集\人工核查_环评报告出处整理_20260715\解析文本输出_按问答顺序\140_佛山市华泷彩科技有限公司新建项目_01_受理公告或公示版\140_佛山市华泷彩科技有限公司新建项目_01_受理公告或公示版.html,5,18017,60971,0
解析文本拼接_表格增强_08_141-160.md,8,1,141,PL128；PL155,按项目名称匹配,,141_佛山市洲友尚包装材料有限公司新建项目_01_受理公告或公示版,佛山市洲友尚包装材料有限公司新建项目,E:\华南理工项目\环评文件汇总\01_GitHub项目与研究文档\eia-openclaw-sync-chen2026\05_QA测试集\人工核查_环评报告出处整理_20260715\解析文本输出_按目录章节_20000token\141_佛山市洲友尚包装材料有限公司新建项目_01_受理公告或公示版\141_佛山市洲友尚包装材料有限公司新建项目_01_受理公告或公示版.json,E:\华南理工项目\环评文件汇总\01_GitHub项目与研究文档\eia-openclaw-sync-chen2026\05_QA测试集\人工核查_环评报告出处整理_20260715\解析文本输出_按问答顺序\141_佛山市洲友尚包装材料有限公司新建项目_01_受理公告或公示版\141_佛山市洲友尚包装材料有限公司新建项目_01_受理公告或公示版.html,5,17877,63320,0
解析文本拼接_表格增强_08_141-160.md,8,2,142,PL156,按项目名称匹配,,142_佛山市坤琪玲塑料制品有限公司新建项目_01_受理公告或公示版,佛山市坤琪玲塑料制品有限公司新建项目,E:\华南理工项目\环评文件汇总\01_GitHub项目与研究文档\eia-openclaw-sync-chen2026\05_QA测试集\人工核查_环评报告出处整理_20260715\解析文本输出_按目录章节_20000token\142_佛山市坤琪玲塑料制品有限公司新建项目_01_受理公告或公示版\142_佛山市坤琪玲塑料制品有限公司新建项目_01_受理公告或公示版.json,E:\华南理工项目\环评文件汇总\01_GitHub项目与研究文档\eia-openclaw-sync-chen2026\05_QA测试集\人工核查_环评报告出处整理_20260715\解析文本输出_按问答顺序\142_佛山市坤琪玲塑料制品有限公司新建项目_01_受理公告或公示版\142_佛山市坤琪玲塑料制品有限公司新建项目_01_受理公告或公示版.html,4,17658,55071,0
解析文本拼接_表格增强_08_141-160.md,8,3,143,PL157,按项目名称匹配,,143_佛山市顺德区兴致盛塑料制品有限公司重新报批项目_01_受理公告或公示版,佛山市顺德区兴致盛塑料制品有限公司重新报批项目,E:\华南理工项目\环评文件汇总\01_GitHub项目与研究文档\eia-openclaw-sync-chen2026\05_QA测试集\人工核查_环评报告出处整理_20260715\解析文本输出_按目录章节_20000token\143_佛山市顺德区兴致盛塑料制品有限公司重新报批项目_01_受理公告或公示版\143_佛山市顺德区兴致盛塑料制品有限公司重新报批项目_01_受理公告或公示版.json,E:\华南理工项目\环评文件汇总\01_GitHub项目与研究文档\eia-openclaw-sync-chen2026\05_QA测试集\人工核查_环评报告出处整理_20260715\解析文本输出_按问答顺序\143_佛山市顺德区兴致盛塑料制品有限公司重新报批项目_01_受理公告或公示版\143_佛山市顺德区兴致盛塑料制品有限公司重新报批项目_01_受理公告或公示版.html,4,17850,62559,0
解析文本拼接_表格增强_08_141-160.md,8,4,144,PL158,按项目名称匹配,,144_佛山市顺德区壹德包装印刷有限公司迁扩建项目_01_受理公告或公示版,佛山市顺德区壹德包装印刷有限公司迁扩建项目,E:\华南理工项目\环评文件汇总\01_GitHub项目与研究文档\eia-openclaw-sync-chen2026\05_QA测试集\人工核查_环评报告出处整理_20260715\解析文本输出_按目录章节_20000token\144_佛山市顺德区壹德包装印刷有限公司迁扩建项目_01_受理公告或公示版\144_佛山市顺德区壹德包装印刷有限公司迁扩建项目_01_受理公告或公示版.json,E:\华南理工项目\环评文件汇总\01_GitHub项目与研究文档\eia-openclaw-sync-chen2026\05_QA测试集\人工核查_环评报告出处整理_20260715\解析文本输出_按问答顺序\144_佛山市顺德区壹德包装印刷有限公司迁扩建项目_01_受理公告或公示版\144_佛山市顺德区壹德包装印刷有限公司迁扩建项目_01_受理公告或公示版.html,14,17872,232389,0
解析文本拼接_表格增强_08_141-160.md,8,5,145,PL159,按项目名称匹配,,145_广东东梓数码新材料有限公司建设项目_01_受理公告或公示版,广东东梓数码新材料有限公司建设项目,E:\华南理工项目\环评文件汇总\01_GitHub项目与研究文档\eia-openclaw-sync-chen2026\05_QA测试集\人工核查_环评报告出处整理_20260715\解析文本输出_按目录章节_20000token\145_广东东梓数码新材料有限公司建设项目_01_受理公告或公示版\145_广东东梓数码新材料有限公司建设项目_01_受理公告或公示版.json,E:\华南理工项目\环评文件汇总\01_GitHub项目与研究文档\eia-openclaw-sync-chen2026\05_QA测试集\人工核查_环评报告出处整理_20260715\解析文本输出_按问答顺序\145_广东东梓数码新材料有限公司建设项目_01_受理公告或公示版\145_广东东梓数码新材料有限公司建设项目_01_受理公告或公示版.html,5,17816,61794,0
解析文本拼接_表格增强_08_141-160.md,8,6,146,PL078；PL160,按项目名称匹配,,146_佛山市顺德区德盈誉智能制造有限公司新建项目_01_受理公告或公示版,佛山市顺德区德盈誉智能制造有限公司新建项目,E:\华南理工项目\环评文件汇总\01_GitHub项目与研究文档\eia-openclaw-sync-chen2026\05_QA测试集\人工核查_环评报告出处整理_20260715\解析文本输出_按目录章节_20000token\146_佛山市顺德区德盈誉智能制造有限公司新建项目_01_受理公告或公示版\146_佛山市顺德区德盈誉智能制造有限公司新建项目_01_受理公告或公示版.json,E:\华南理工项目\环评文件汇总\01_GitHub项目与研究文档\eia-openclaw-sync-chen2026\05_QA测试集\人工核查_环评报告出处整理_20260715\解析文本输出_按问答顺序\146_佛山市顺德区德盈誉智能制造有限公司新建项目_01_受理公告或公示版\146_佛山市顺德区德盈誉智能制造有限公司新建项目_01_受理公告或公示版.html,5,17761,62398,0
解析文本拼接_表格增强_08_141-160.md,8,7,147,PL060；PL161,按项目名称匹配,,147_佛山市顺德区菱昌精密塑料五金实业有限公司新建项目_01_受理公告或公示版,佛山市顺德区菱昌精密塑料五金实业有限公司新建项目,E:\华南理工项目\环评文件汇总\01_GitHub项目与研究文档\eia-openclaw-sync-chen2026\05_QA测试集\人工核查_环评报告出处整理_20260715\解析文本输出_按目录章节_20000token\147_佛山市顺德区菱昌精密塑料五金实业有限公司新建项目_01_受理公告或公示版\147_佛山市顺德区菱昌精密塑料五金实业有限公司新建项目_01_受理公告或公示版.json,E:\华南理工项目\环评文件汇总\01_GitHub项目与研究文档\eia-openclaw-sync-chen2026\05_QA测试集\人工核查_环评报告出处整理_20260715\解析文本输出_按问答顺序\147_佛山市顺德区菱昌精密塑料五金实业有限公司新建项目_01_受理公告或公示版\147_佛山市顺德区菱昌精密塑料五金实业有限公司新建项目_01_受理公告或公示版.html,4,17747,59694,0
解析文本拼接_表格增强_08_141-160.md,8,8,148,PL122；PL162,按项目名称匹配,,148_广东创卓电器有限公司迁扩建项目_01_受理公告或公示版,广东创卓电器有限公司迁扩建项目,E:\华南理工项目\环评文件汇总\01_GitHub项目与研究文档\eia-openclaw-sync-chen2026\05_QA测试集\人工核查_环评报告出处整理_20260715\解析文本输出_按目录章节_20000token\148_广东创卓电器有限公司迁扩建项目_01_受理公告或公示版\148_广东创卓电器有限公司迁扩建项目_01_受理公告或公示版.json,E:\华南理工项目\环评文件汇总\01_GitHub项目与研究文档\eia-openclaw-sync-chen2026\05_QA测试集\人工核查_环评报告出处整理_20260715\解析文本输出_按问答顺序\148_广东创卓电器有限公司迁扩建项目_01_受理公告或公示版\148_广东创卓电器有限公司迁扩建项目_01_受理公告或公示版.html,4,17806,67269,0
解析文本拼接_表格增强_08_141-160.md,8,9,149,PL164,按项目名称匹配,,149_佛山市顺德区建德包装实业有限公司搬迁扩建项目_01_受理公告或公示版,佛山市顺德区建德包装实业有限公司搬迁扩建项目,E:\华南理工项目\环评文件汇总\01_GitHub项目与研究文档\eia-openclaw-sync-chen2026\05_QA测试集\人工核查_环评报告出处整理_20260715\解析文本输出_按目录章节_20000token\149_佛山市顺德区建德包装实业有限公司搬迁扩建项目_01_受理公告或公示版\149_佛山市顺德区建德包装实业有限公司搬迁扩建项目_01_受理公告或公示版.json,E:\华南理工项目\环评文件汇总\01_GitHub项目与研究文档\eia-openclaw-sync-chen2026\05_QA测试集\人工核查_环评报告出处整理_20260715\解析文本输出_按问答顺序\149_佛山市顺德区建德包装实业有限公司搬迁扩建项目_01_受理公告或公示版\149_佛山市顺德区建德包装实业有限公司搬迁扩建项目_01_受理公告或公示版.html,16,17934,278991,0
解析文本拼接_表格增强_08_141-160.md,8,10,150,PL165,按项目名称匹配,,150_浙江宏昌电器科技股份有限公司佛山分公司新建项目_01_受理公告或公示版,浙江宏昌电器科技股份有限公司佛山分公司新建项目,E:\华南理工项目\环评文件汇总\01_GitHub项目与研究文档\eia-openclaw-sync-chen2026\05_QA测试集\人工核查_环评报告出处整理_20260715\解析文本输出_按目录章节_20000token\150_浙江宏昌电器科技股份有限公司佛山分公司新建项目_01_受理公告或公示版\150_浙江宏昌电器科技股份有限公司佛山分公司新建项目_01_受理公告或公示版.json,E:\华南理工项目\环评文件汇总\01_GitHub项目与研究文档\eia-openclaw-sync-chen2026\05_QA测试集\人工核查_环评报告出处整理_20260715\解析文本输出_按问答顺序\150_浙江宏昌电器科技股份有限公司佛山分公司新建项目_01_受理公告或公示版\150_浙江宏昌电器科技股份有限公司佛山分公司新建项目_01_受理公告或公示版.html,4,17625,61400,0
解析文本拼接_表格增强_08_141-160.md,8,11,151,PL124；PL166,按项目名称匹配,,151_佛山市智枞电器制造有限公司扩建项目_01_受理公告或公示版,佛山市智枞电器制造有限公司扩建项目,E:\华南理工项目\环评文件汇总\01_GitHub项目与研究文档\eia-openclaw-sync-chen2026\05_QA测试集\人工核查_环评报告出处整理_20260715\解析文本输出_按目录章节_20000token\151_佛山市智枞电器制造有限公司扩建项目_01_受理公告或公示版\151_佛山市智枞电器制造有限公司扩建项目_01_受理公告或公示版.json,E:\华南理工项目\环评文件汇总\01_GitHub项目与研究文档\eia-openclaw-sync-chen2026\05_QA测试集\人工核查_环评报告出处整理_20260715\解析文本输出_按问答顺序\151_佛山市智枞电器制造有限公司扩建项目_01_受理公告或公示版\151_佛山市智枞电器制造有限公司扩建项目_01_受理公告或公示版.html,5,17997,71040,0
解析文本拼接_表格增强_08_141-160.md,8,12,152,PL167,按项目名称匹配,,152_广东图特精密五金科技股份有限公司智能制造基地建设项目重新报_01_受理公告或公示版,广东图特精密五金科技股份有限公司智能制造基地建设项目重新报,E:\华南理工项目\环评文件汇总\01_GitHub项目与研究文档\eia-openclaw-sync-chen2026\05_QA测试集\人工核查_环评报告出处整理_20260715\解析文本输出_按目录章节_20000token\152_广东图特精密五金科技股份有限公司智能制造基地建设项目重新报_01_受理公告或公示版\152_广东图特精密五金科技股份有限公司智能制造基地建设项目重新报_01_受理公告或公示版.json,E:\华南理工项目\环评文件汇总\01_GitHub项目与研究文档\eia-openclaw-sync-chen2026\05_QA测试集\人工核查_环评报告出处整理_20260715\解析文本输出_按问答顺序\152_广东图特精密五金科技股份有限公司智能制造基地建设项目重新报_01_受理公告或公示版\152_广东图特精密五金科技股份有限公司智能制造基地建设项目重新报_01_受理公告或公示版.html,8,17981,127137,0
解析文本拼接_表格增强_08_141-160.md,8,13,153,SC001；SC002；SC003,按项目名称匹配,,153_佛山市全海世家新材料科技有限公司新建项目_01_报批稿或报告表,佛山市全海世家新材料科技有限公司新建项目,E:\华南理工项目\环评文件汇总\01_GitHub项目与研究文档\eia-openclaw-sync-chen2026\05_QA测试集\人工核查_环评报告出处整理_20260715\解析文本输出_按目录章节_20000token\153_佛山市全海世家新材料科技有限公司新建项目_01_报批稿或报告表\153_佛山市全海世家新材料科技有限公司新建项目_01_报批稿或报告表.json,E:\华南理工项目\环评文件汇总\01_GitHub项目与研究文档\eia-openclaw-sync-chen2026\05_QA测试集\人工核查_环评报告出处整理_20260715\解析文本输出_按问答顺序\153_佛山市全海世家新材料科技有限公司新建项目_01_报批稿或报告表\153_佛山市全海世家新材料科技有限公司新建项目_01_报批稿或报告表.html,12,18281,98594,0
解析文本拼接_表格增强_08_141-160.md,8,14,154,SC001；SC002；SC003,按项目名称匹配,,153_佛山市全海世家新材料科技有限公司新建项目_02_报批稿或报告表,佛山市全海世家新材料科技有限公司新建项目,E:\华南理工项目\环评文件汇总\01_GitHub项目与研究文档\eia-openclaw-sync-chen2026\05_QA测试集\人工核查_环评报告出处整理_20260715\解析文本输出_按目录章节_20000token\153_佛山市全海世家新材料科技有限公司新建项目_02_报批稿或报告表\153_佛山市全海世家新材料科技有限公司新建项目_02_报批稿或报告表.json,E:\华南理工项目\环评文件汇总\01_GitHub项目与研究文档\eia-openclaw-sync-chen2026\05_QA测试集\人工核查_环评报告出处整理_20260715\解析文本输出_按问答顺序\153_佛山市全海世家新材料科技有限公司新建项目_02_报批稿或报告表\153_佛山市全海世家新材料科技有限公司新建项目_02_报批稿或报告表.html,4,18032,67356,0
解析文本拼接_表格增强_08_141-160.md,8,15,155,SC001；SC002；SC003,按项目名称匹配,,153_佛山市全海世家新材料科技有限公司新建项目_03_报批稿或报告表,佛山市全海世家新材料科技有限公司新建项目,E:\华南理工项目\环评文件汇总\01_GitHub项目与研究文档\eia-openclaw-sync-chen2026\05_QA测试集\人工核查_环评报告出处整理_20260715\解析文本输出_按目录章节_20000token\153_佛山市全海世家新材料科技有限公司新建项目_03_报批稿或报告表\153_佛山市全海世家新材料科技有限公司新建项目_03_报批稿或报告表.json,E:\华南理工项目\环评文件汇总\01_GitHub项目与研究文档\eia-openclaw-sync-chen2026\05_QA测试集\人工核查_环评报告出处整理_20260715\解析文本输出_按问答顺序\153_佛山市全海世家新材料科技有限公司新建项目_03_报批稿或报告表\153_佛山市全海世家新材料科技有限公司新建项目_03_报批稿或报告表.html,1,48,48,0
解析文本拼接_表格增强_08_141-160.md,8,16,156,SC004；SC005；SC006；SC007,按项目名称匹配,,154_佛山辰僖塑料有限公司新建项目_01_报批稿或报告表,佛山辰僖塑料有限公司新建项目,E:\华南理工项目\环评文件汇总\01_GitHub项目与研究文档\eia-openclaw-sync-chen2026\05_QA测试集\人工核查_环评报告出处整理_20260715\解析文本输出_按目录章节_20000token\154_佛山辰僖塑料有限公司新建项目_01_报批稿或报告表\154_佛山辰僖塑料有限公司新建项目_01_报批稿或报告表.json,E:\华南理工项目\环评文件汇总\01_GitHub项目与研究文档\eia-openclaw-sync-chen2026\05_QA测试集\人工核查_环评报告出处整理_20260715\解析文本输出_按问答顺序\154_佛山辰僖塑料有限公司新建项目_01_报批稿或报告表\154_佛山辰僖塑料有限公司新建项目_01_报批稿或报告表.html,14,18383,113363,0
解析文本拼接_表格增强_08_141-160.md,8,17,157,SC004；SC005；SC006；SC007,按项目名称匹配,,154_佛山辰僖塑料有限公司新建项目_02_报批稿或报告表,佛山辰僖塑料有限公司新建项目,E:\华南理工项目\环评文件汇总\01_GitHub项目与研究文档\eia-openclaw-sync-chen2026\05_QA测试集\人工核查_环评报告出处整理_20260715\解析文本输出_按目录章节_20000token\154_佛山辰僖塑料有限公司新建项目_02_报批稿或报告表\154_佛山辰僖塑料有限公司新建项目_02_报批稿或报告表.json,E:\华南理工项目\环评文件汇总\01_GitHub项目与研究文档\eia-openclaw-sync-chen2026\05_QA测试集\人工核查_环评报告出处整理_20260715\解析文本输出_按问答顺序\154_佛山辰僖塑料有限公司新建项目_02_报批稿或报告表\154_佛山辰僖塑料有限公司新建项目_02_报批稿或报告表.html,6,17908,76479,0
解析文本拼接_表格增强_08_141-160.md,8,18,158,SC004；SC005；SC006；SC007,按项目名称匹配,,154_佛山辰僖塑料有限公司新建项目_03_报批稿或报告表,佛山辰僖塑料有限公司新建项目,E:\华南理工项目\环评文件汇总\01_GitHub项目与研究文档\eia-openclaw-sync-chen2026\05_QA测试集\人工核查_环评报告出处整理_20260715\解析文本输出_按目录章节_20000token\154_佛山辰僖塑料有限公司新建项目_03_报批稿或报告表\154_佛山辰僖塑料有限公司新建项目_03_报批稿或报告表.json,E:\华南理工项目\环评文件汇总\01_GitHub项目与研究文档\eia-openclaw-sync-chen2026\05_QA测试集\人工核查_环评报告出处整理_20260715\解析文本输出_按问答顺序\154_佛山辰僖塑料有限公司新建项目_03_报批稿或报告表\154_佛山辰僖塑料有限公司新建项目_03_报批稿或报告表.html,1,5016,5016,0
解析文本拼接_表格增强_08_141-160.md,8,19,159,SC004；SC005；SC006；SC007,按项目名称匹配,,154_佛山辰僖塑料有限公司新建项目_04_报批稿或报告表,佛山辰僖塑料有限公司新建项目,E:\华南理工项目\环评文件汇总\01_GitHub项目与研究文档\eia-openclaw-sync-chen2026\05_QA测试集\人工核查_环评报告出处整理_20260715\解析文本输出_按目录章节_20000token\154_佛山辰僖塑料有限公司新建项目_04_报批稿或报告表\154_佛山辰僖塑料有限公司新建项目_04_报批稿或报告表.json,E:\华南理工项目\环评文件汇总\01_GitHub项目与研究文档\eia-openclaw-sync-chen2026\05_QA测试集\人工核查_环评报告出处整理_20260715\解析文本输出_按问答顺序\154_佛山辰僖塑料有限公司新建项目_04_报批稿或报告表\154_佛山辰僖塑料有限公司新建项目_04_报批稿或报告表.html,1,48,48,0
解析文本拼接_表格增强_08_141-160.md,8,20,160,SC008；SC009；SC010,按项目名称匹配,,155_和默化学（佛山）有限公司新建项目_01_报批稿或报告表,和默化学（佛山）有限公司新建项目,E:\华南理工项目\环评文件汇总\01_GitHub项目与研究文档\eia-openclaw-sync-chen2026\05_QA测试集\人工核查_环评报告出处整理_20260715\解析文本输出_按目录章节_20000token\155_和默化学（佛山）有限公司新建项目_01_报批稿或报告表\155_和默化学（佛山）有限公司新建项目_01_报批稿或报告表.json,E:\华南理工项目\环评文件汇总\01_GitHub项目与研究文档\eia-openclaw-sync-chen2026\05_QA测试集\人工核查_环评报告出处整理_20260715\解析文本输出_按问答顺序\155_和默化学（佛山）有限公司新建项目_01_报批稿或报告表\155_和默化学（佛山）有限公司新建项目_01_报批稿或报告表.html,14,18316,114924,0
解析文本拼接_表格增强_09_161-180.md,9,1,161,SC008；SC009；SC010,按项目名称匹配,,155_和默化学（佛山）有限公司新建项目_02_报批稿或报告表,和默化学（佛山）有限公司新建项目,E:\华南理工项目\环评文件汇总\01_GitHub项目与研究文档\eia-openclaw-sync-chen2026\05_QA测试集\人工核查_环评报告出处整理_20260715\解析文本输出_按目录章节_20000token\155_和默化学（佛山）有限公司新建项目_02_报批稿或报告表\155_和默化学（佛山）有限公司新建项目_02_报批稿或报告表.json,E:\华南理工项目\环评文件汇总\01_GitHub项目与研究文档\eia-openclaw-sync-chen2026\05_QA测试集\人工核查_环评报告出处整理_20260715\解析文本输出_按问答顺序\155_和默化学（佛山）有限公司新建项目_02_报批稿或报告表\155_和默化学（佛山）有限公司新建项目_02_报批稿或报告表.html,6,17954,75333,0
解析文本拼接_表格增强_09_161-180.md,9,2,162,SC008；SC009；SC010,按项目名称匹配,,155_和默化学（佛山）有限公司新建项目_03_报批稿或报告表,和默化学（佛山）有限公司新建项目,E:\华南理工项目\环评文件汇总\01_GitHub项目与研究文档\eia-openclaw-sync-chen2026\05_QA测试集\人工核查_环评报告出处整理_20260715\解析文本输出_按目录章节_20000token\155_和默化学（佛山）有限公司新建项目_03_报批稿或报告表\155_和默化学（佛山）有限公司新建项目_03_报批稿或报告表.json,E:\华南理工项目\环评文件汇总\01_GitHub项目与研究文档\eia-openclaw-sync-chen2026\05_QA测试集\人工核查_环评报告出处整理_20260715\解析文本输出_按问答顺序\155_和默化学（佛山）有限公司新建项目_03_报批稿或报告表\155_和默化学（佛山）有限公司新建项目_03_报批稿或报告表.html,1,48,48,0
解析文本拼接_表格增强_09_161-180.md,9,3,163,PL119,按项目名称匹配,,156_佛山志兴盈包装有限公司新建项目_01_报批稿或报告表,佛山志兴盈包装有限公司新建项目,E:\华南理工项目\环评文件汇总\01_GitHub项目与研究文档\eia-openclaw-sync-chen2026\05_QA测试集\人工核查_环评报告出处整理_20260715\解析文本输出_按目录章节_20000token\156_佛山志兴盈包装有限公司新建项目_01_报批稿或报告表\156_佛山志兴盈包装有限公司新建项目_01_报批稿或报告表.json,E:\华南理工项目\环评文件汇总\01_GitHub项目与研究文档\eia-openclaw-sync-chen2026\05_QA测试集\人工核查_环评报告出处整理_20260715\解析文本输出_按问答顺序\156_佛山志兴盈包装有限公司新建项目_01_报批稿或报告表\156_佛山志兴盈包装有限公司新建项目_01_报批稿或报告表.html,10,19996,94342,0
解析文本拼接_表格增强_09_161-180.md,9,4,164,PL119,按项目名称匹配,,156_佛山志兴盈包装有限公司新建项目_02_报批稿或报告表,佛山志兴盈包装有限公司新建项目,E:\华南理工项目\环评文件汇总\01_GitHub项目与研究文档\eia-openclaw-sync-chen2026\05_QA测试集\人工核查_环评报告出处整理_20260715\解析文本输出_按目录章节_20000token\156_佛山志兴盈包装有限公司新建项目_02_报批稿或报告表\156_佛山志兴盈包装有限公司新建项目_02_报批稿或报告表.json,E:\华南理工项目\环评文件汇总\01_GitHub项目与研究文档\eia-openclaw-sync-chen2026\05_QA测试集\人工核查_环评报告出处整理_20260715\解析文本输出_按问答顺序\156_佛山志兴盈包装有限公司新建项目_02_报批稿或报告表\156_佛山志兴盈包装有限公司新建项目_02_报批稿或报告表.html,4,17531,65450,0
解析文本拼接_表格增强_09_161-180.md,9,5,165,PL119,按项目名称匹配,,156_佛山志兴盈包装有限公司新建项目_03_报批稿或报告表,佛山志兴盈包装有限公司新建项目,E:\华南理工项目\环评文件汇总\01_GitHub项目与研究文档\eia-openclaw-sync-chen2026\05_QA测试集\人工核查_环评报告出处整理_20260715\解析文本输出_按目录章节_20000token\156_佛山志兴盈包装有限公司新建项目_03_报批稿或报告表\156_佛山志兴盈包装有限公司新建项目_03_报批稿或报告表.json,E:\华南理工项目\环评文件汇总\01_GitHub项目与研究文档\eia-openclaw-sync-chen2026\05_QA测试集\人工核查_环评报告出处整理_20260715\解析文本输出_按问答顺序\156_佛山志兴盈包装有限公司新建项目_03_报批稿或报告表\156_佛山志兴盈包装有限公司新建项目_03_报批稿或报告表.html,1,48,48,0
解析文本拼接_表格增强_09_161-180.md,9,6,166,PL056,按项目名称匹配,,157_佛山市祖帮海绵有限公司新建项目_01_报批稿或报告表,佛山市祖帮海绵有限公司新建项目,E:\华南理工项目\环评文件汇总\01_GitHub项目与研究文档\eia-openclaw-sync-chen2026\05_QA测试集\人工核查_环评报告出处整理_20260715\解析文本输出_按目录章节_20000token\157_佛山市祖帮海绵有限公司新建项目_01_报批稿或报告表\157_佛山市祖帮海绵有限公司新建项目_01_报批稿或报告表.json,E:\华南理工项目\环评文件汇总\01_GitHub项目与研究文档\eia-openclaw-sync-chen2026\05_QA测试集\人工核查_环评报告出处整理_20260715\解析文本输出_按问答顺序\157_佛山市祖帮海绵有限公司新建项目_01_报批稿或报告表\157_佛山市祖帮海绵有限公司新建项目_01_报批稿或报告表.html,27,19605,355433,0
解析文本拼接_表格增强_09_161-180.md,9,7,167,PL056,按项目名称匹配,,157_佛山市祖帮海绵有限公司新建项目_02_报批稿或报告表,佛山市祖帮海绵有限公司新建项目,E:\华南理工项目\环评文件汇总\01_GitHub项目与研究文档\eia-openclaw-sync-chen2026\05_QA测试集\人工核查_环评报告出处整理_20260715\解析文本输出_按目录章节_20000token\157_佛山市祖帮海绵有限公司新建项目_02_报批稿或报告表\157_佛山市祖帮海绵有限公司新建项目_02_报批稿或报告表.json,E:\华南理工项目\环评文件汇总\01_GitHub项目与研究文档\eia-openclaw-sync-chen2026\05_QA测试集\人工核查_环评报告出处整理_20260715\解析文本输出_按问答顺序\157_佛山市祖帮海绵有限公司新建项目_02_报批稿或报告表\157_佛山市祖帮海绵有限公司新建项目_02_报批稿或报告表.html,12,17930,206523,0
解析文本拼接_表格增强_09_161-180.md,9,8,168,PL056,按项目名称匹配,,157_佛山市祖帮海绵有限公司新建项目_03_报批稿或报告表,佛山市祖帮海绵有限公司新建项目,E:\华南理工项目\环评文件汇总\01_GitHub项目与研究文档\eia-openclaw-sync-chen2026\05_QA测试集\人工核查_环评报告出处整理_20260715\解析文本输出_按目录章节_20000token\157_佛山市祖帮海绵有限公司新建项目_03_报批稿或报告表\157_佛山市祖帮海绵有限公司新建项目_03_报批稿或报告表.json,E:\华南理工项目\环评文件汇总\01_GitHub项目与研究文档\eia-openclaw-sync-chen2026\05_QA测试集\人工核查_环评报告出处整理_20260715\解析文本输出_按问答顺序\157_佛山市祖帮海绵有限公司新建项目_03_报批稿或报告表\157_佛山市祖帮海绵有限公司新建项目_03_报批稿或报告表.html,1,48,48,0
解析文本拼接_表格增强_09_161-180.md,9,9,169,SC011；SC012；SC013,按项目名称匹配,,158_佛山市彩川合成材料有限公司新建项目_01_报批稿或报告表,佛山市彩川合成材料有限公司新建项目,E:\华南理工项目\环评文件汇总\01_GitHub项目与研究文档\eia-openclaw-sync-chen2026\05_QA测试集\人工核查_环评报告出处整理_20260715\解析文本输出_按目录章节_20000token\158_佛山市彩川合成材料有限公司新建项目_01_报批稿或报告表\158_佛山市彩川合成材料有限公司新建项目_01_报批稿或报告表.json,E:\华南理工项目\环评文件汇总\01_GitHub项目与研究文档\eia-openclaw-sync-chen2026\05_QA测试集\人工核查_环评报告出处整理_20260715\解析文本输出_按问答顺序\158_佛山市彩川合成材料有限公司新建项目_01_报批稿或报告表\158_佛山市彩川合成材料有限公司新建项目_01_报批稿或报告表.html,1,3212,3212,0
解析文本拼接_表格增强_09_161-180.md,9,10,170,SC011；SC012；SC013,按项目名称匹配,,158_佛山市彩川合成材料有限公司新建项目_02_报批稿或报告表,佛山市彩川合成材料有限公司新建项目,E:\华南理工项目\环评文件汇总\01_GitHub项目与研究文档\eia-openclaw-sync-chen2026\05_QA测试集\人工核查_环评报告出处整理_20260715\解析文本输出_按目录章节_20000token\158_佛山市彩川合成材料有限公司新建项目_02_报批稿或报告表\158_佛山市彩川合成材料有限公司新建项目_02_报批稿或报告表.json,E:\华南理工项目\环评文件汇总\01_GitHub项目与研究文档\eia-openclaw-sync-chen2026\05_QA测试集\人工核查_环评报告出处整理_20260715\解析文本输出_按问答顺序\158_佛山市彩川合成材料有限公司新建项目_02_报批稿或报告表\158_佛山市彩川合成材料有限公司新建项目_02_报批稿或报告表.html,6,17653,85244,0
解析文本拼接_表格增强_09_161-180.md,9,11,171,SC011；SC012；SC013,按项目名称匹配,,158_佛山市彩川合成材料有限公司新建项目_03_报批稿或报告表,佛山市彩川合成材料有限公司新建项目,E:\华南理工项目\环评文件汇总\01_GitHub项目与研究文档\eia-openclaw-sync-chen2026\05_QA测试集\人工核查_环评报告出处整理_20260715\解析文本输出_按目录章节_20000token\158_佛山市彩川合成材料有限公司新建项目_03_报批稿或报告表\158_佛山市彩川合成材料有限公司新建项目_03_报批稿或报告表.json,E:\华南理工项目\环评文件汇总\01_GitHub项目与研究文档\eia-openclaw-sync-chen2026\05_QA测试集\人工核查_环评报告出处整理_20260715\解析文本输出_按问答顺序\158_佛山市彩川合成材料有限公司新建项目_03_报批稿或报告表\158_佛山市彩川合成材料有限公司新建项目_03_报批稿或报告表.html,1,48,48,0
解析文本拼接_表格增强_09_161-180.md,9,12,172,SC014；SC015；SC016,按项目名称匹配,,159_佛山市顺德区智成塑包装有限公司新建项目_01_报批稿或报告表,佛山市顺德区智成塑包装有限公司新建项目,E:\华南理工项目\环评文件汇总\01_GitHub项目与研究文档\eia-openclaw-sync-chen2026\05_QA测试集\人工核查_环评报告出处整理_20260715\解析文本输出_按目录章节_20000token\159_佛山市顺德区智成塑包装有限公司新建项目_01_报批稿或报告表\159_佛山市顺德区智成塑包装有限公司新建项目_01_报批稿或报告表.json,E:\华南理工项目\环评文件汇总\01_GitHub项目与研究文档\eia-openclaw-sync-chen2026\05_QA测试集\人工核查_环评报告出处整理_20260715\解析文本输出_按问答顺序\159_佛山市顺德区智成塑包装有限公司新建项目_01_报批稿或报告表\159_佛山市顺德区智成塑包装有限公司新建项目_01_报批稿或报告表.html,13,18320,97357,0
解析文本拼接_表格增强_09_161-180.md,9,13,173,SC014；SC015；SC016,按项目名称匹配,,159_佛山市顺德区智成塑包装有限公司新建项目_02_报批稿或报告表,佛山市顺德区智成塑包装有限公司新建项目,E:\华南理工项目\环评文件汇总\01_GitHub项目与研究文档\eia-openclaw-sync-chen2026\05_QA测试集\人工核查_环评报告出处整理_20260715\解析文本输出_按目录章节_20000token\159_佛山市顺德区智成塑包装有限公司新建项目_02_报批稿或报告表\159_佛山市顺德区智成塑包装有限公司新建项目_02_报批稿或报告表.json,E:\华南理工项目\环评文件汇总\01_GitHub项目与研究文档\eia-openclaw-sync-chen2026\05_QA测试集\人工核查_环评报告出处整理_20260715\解析文本输出_按问答顺序\159_佛山市顺德区智成塑包装有限公司新建项目_02_报批稿或报告表\159_佛山市顺德区智成塑包装有限公司新建项目_02_报批稿或报告表.html,5,17805,66896,0
解析文本拼接_表格增强_09_161-180.md,9,14,174,SC014；SC015；SC016,按项目名称匹配,,159_佛山市顺德区智成塑包装有限公司新建项目_03_报批稿或报告表,佛山市顺德区智成塑包装有限公司新建项目,E:\华南理工项目\环评文件汇总\01_GitHub项目与研究文档\eia-openclaw-sync-chen2026\05_QA测试集\人工核查_环评报告出处整理_20260715\解析文本输出_按目录章节_20000token\159_佛山市顺德区智成塑包装有限公司新建项目_03_报批稿或报告表\159_佛山市顺德区智成塑包装有限公司新建项目_03_报批稿或报告表.json,E:\华南理工项目\环评文件汇总\01_GitHub项目与研究文档\eia-openclaw-sync-chen2026\05_QA测试集\人工核查_环评报告出处整理_20260715\解析文本输出_按问答顺序\159_佛山市顺德区智成塑包装有限公司新建项目_03_报批稿或报告表\159_佛山市顺德区智成塑包装有限公司新建项目_03_报批稿或报告表.html,1,2546,2546,0
解析文本拼接_表格增强_09_161-180.md,9,15,175,SC017；SC018；SC019,按项目名称匹配,,160_鹏彩科技（佛山市）有限公司新建项目_01_报批稿或报告表,鹏彩科技（佛山市）有限公司新建项目,E:\华南理工项目\环评文件汇总\01_GitHub项目与研究文档\eia-openclaw-sync-chen2026\05_QA测试集\人工核查_环评报告出处整理_20260715\解析文本输出_按目录章节_20000token\160_鹏彩科技（佛山市）有限公司新建项目_01_报批稿或报告表\160_鹏彩科技（佛山市）有限公司新建项目_01_报批稿或报告表.json,E:\华南理工项目\环评文件汇总\01_GitHub项目与研究文档\eia-openclaw-sync-chen2026\05_QA测试集\人工核查_环评报告出处整理_20260715\解析文本输出_按问答顺序\160_鹏彩科技（佛山市）有限公司新建项目_01_报批稿或报告表\160_鹏彩科技（佛山市）有限公司新建项目_01_报批稿或报告表.html,16,18295,132194,0
解析文本拼接_表格增强_09_161-180.md,9,16,176,SC017；SC018；SC019,按项目名称匹配,,160_鹏彩科技（佛山市）有限公司新建项目_02_报批稿或报告表,鹏彩科技（佛山市）有限公司新建项目,E:\华南理工项目\环评文件汇总\01_GitHub项目与研究文档\eia-openclaw-sync-chen2026\05_QA测试集\人工核查_环评报告出处整理_20260715\解析文本输出_按目录章节_20000token\160_鹏彩科技（佛山市）有限公司新建项目_02_报批稿或报告表\160_鹏彩科技（佛山市）有限公司新建项目_02_报批稿或报告表.json,E:\华南理工项目\环评文件汇总\01_GitHub项目与研究文档\eia-openclaw-sync-chen2026\05_QA测试集\人工核查_环评报告出处整理_20260715\解析文本输出_按问答顺序\160_鹏彩科技（佛山市）有限公司新建项目_02_报批稿或报告表\160_鹏彩科技（佛山市）有限公司新建项目_02_报批稿或报告表.html,7,17944,90591,0
解析文本拼接_表格增强_09_161-180.md,9,17,177,SC017；SC018；SC019,按项目名称匹配,,160_鹏彩科技（佛山市）有限公司新建项目_03_报批稿或报告表,鹏彩科技（佛山市）有限公司新建项目,E:\华南理工项目\环评文件汇总\01_GitHub项目与研究文档\eia-openclaw-sync-chen2026\05_QA测试集\人工核查_环评报告出处整理_20260715\解析文本输出_按目录章节_20000token\160_鹏彩科技（佛山市）有限公司新建项目_03_报批稿或报告表\160_鹏彩科技（佛山市）有限公司新建项目_03_报批稿或报告表.json,E:\华南理工项目\环评文件汇总\01_GitHub项目与研究文档\eia-openclaw-sync-chen2026\05_QA测试集\人工核查_环评报告出处整理_20260715\解析文本输出_按问答顺序\160_鹏彩科技（佛山市）有限公司新建项目_03_报批稿或报告表\160_鹏彩科技（佛山市）有限公司新建项目_03_报批稿或报告表.html,1,48,48,0
解析文本拼接_表格增强_09_161-180.md,9,18,178,SC020；SC021；SC022,按项目名称匹配,,161_广东顺德意达电子薄膜器件有限公司新建项目_01_报批稿或报告表,广东顺德意达电子薄膜器件有限公司新建项目,E:\华南理工项目\环评文件汇总\01_GitHub项目与研究文档\eia-openclaw-sync-chen2026\05_QA测试集\人工核查_环评报告出处整理_20260715\解析文本输出_按目录章节_20000token\161_广东顺德意达电子薄膜器件有限公司新建项目_01_报批稿或报告表\161_广东顺德意达电子薄膜器件有限公司新建项目_01_报批稿或报告表.json,E:\华南理工项目\环评文件汇总\01_GitHub项目与研究文档\eia-openclaw-sync-chen2026\05_QA测试集\人工核查_环评报告出处整理_20260715\解析文本输出_按问答顺序\161_广东顺德意达电子薄膜器件有限公司新建项目_01_报批稿或报告表\161_广东顺德意达电子薄膜器件有限公司新建项目_01_报批稿或报告表.html,11,18790,92229,0
解析文本拼接_表格增强_09_161-180.md,9,19,179,SC020；SC021；SC022,按项目名称匹配,,161_广东顺德意达电子薄膜器件有限公司新建项目_02_报批稿或报告表,广东顺德意达电子薄膜器件有限公司新建项目,E:\华南理工项目\环评文件汇总\01_GitHub项目与研究文档\eia-openclaw-sync-chen2026\05_QA测试集\人工核查_环评报告出处整理_20260715\解析文本输出_按目录章节_20000token\161_广东顺德意达电子薄膜器件有限公司新建项目_02_报批稿或报告表\161_广东顺德意达电子薄膜器件有限公司新建项目_02_报批稿或报告表.json,E:\华南理工项目\环评文件汇总\01_GitHub项目与研究文档\eia-openclaw-sync-chen2026\05_QA测试集\人工核查_环评报告出处整理_20260715\解析文本输出_按问答顺序\161_广东顺德意达电子薄膜器件有限公司新建项目_02_报批稿或报告表\161_广东顺德意达电子薄膜器件有限公司新建项目_02_报批稿或报告表.html,4,17530,65363,0
解析文本拼接_表格增强_09_161-180.md,9,20,180,SC020；SC021；SC022,按项目名称匹配,,161_广东顺德意达电子薄膜器件有限公司新建项目_03_报批稿或报告表,广东顺德意达电子薄膜器件有限公司新建项目,E:\华南理工项目\环评文件汇总\01_GitHub项目与研究文档\eia-openclaw-sync-chen2026\05_QA测试集\人工核查_环评报告出处整理_20260715\解析文本输出_按目录章节_20000token\161_广东顺德意达电子薄膜器件有限公司新建项目_03_报批稿或报告表\161_广东顺德意达电子薄膜器件有限公司新建项目_03_报批稿或报告表.json,E:\华南理工项目\环评文件汇总\01_GitHub项目与研究文档\eia-openclaw-sync-chen2026\05_QA测试集\人工核查_环评报告出处整理_20260715\解析文本输出_按问答顺序\161_广东顺德意达电子薄膜器件有限公司新建项目_03_报批稿或报告表\161_广东顺德意达电子薄膜器件有限公司新建项目_03_报批稿或报告表.html,1,2389,2389,0
解析文本拼接_表格增强_10_181-200.md,10,1,181,SC017；SC018；SC019,按项目名称匹配,,162_鹏彩科技（佛山市）有限公司新建项目_01_报批稿或报告表,鹏彩科技（佛山市）有限公司新建项目,E:\华南理工项目\环评文件汇总\01_GitHub项目与研究文档\eia-openclaw-sync-chen2026\05_QA测试集\人工核查_环评报告出处整理_20260715\解析文本输出_按目录章节_20000token\162_鹏彩科技（佛山市）有限公司新建项目_01_报批稿或报告表\162_鹏彩科技（佛山市）有限公司新建项目_01_报批稿或报告表.json,E:\华南理工项目\环评文件汇总\01_GitHub项目与研究文档\eia-openclaw-sync-chen2026\05_QA测试集\人工核查_环评报告出处整理_20260715\解析文本输出_按问答顺序\162_鹏彩科技（佛山市）有限公司新建项目_01_报批稿或报告表\162_鹏彩科技（佛山市）有限公司新建项目_01_报批稿或报告表.html,16,18295,132194,0
解析文本拼接_表格增强_10_181-200.md,10,2,182,SC017；SC018；SC019,按项目名称匹配,,162_鹏彩科技（佛山市）有限公司新建项目_02_受理公告或公示版,鹏彩科技（佛山市）有限公司新建项目,E:\华南理工项目\环评文件汇总\01_GitHub项目与研究文档\eia-openclaw-sync-chen2026\05_QA测试集\人工核查_环评报告出处整理_20260715\解析文本输出_按目录章节_20000token\162_鹏彩科技（佛山市）有限公司新建项目_02_受理公告或公示版\162_鹏彩科技（佛山市）有限公司新建项目_02_受理公告或公示版.json,E:\华南理工项目\环评文件汇总\01_GitHub项目与研究文档\eia-openclaw-sync-chen2026\05_QA测试集\人工核查_环评报告出处整理_20260715\解析文本输出_按问答顺序\162_鹏彩科技（佛山市）有限公司新建项目_02_受理公告或公示版\162_鹏彩科技（佛山市）有限公司新建项目_02_受理公告或公示版.html,7,17944,90591,0
解析文本拼接_表格增强_10_181-200.md,10,3,183,SC017；SC018；SC019,按项目名称匹配,,162_鹏彩科技（佛山市）有限公司新建项目_03_修改评估意见,鹏彩科技（佛山市）有限公司新建项目,E:\华南理工项目\环评文件汇总\01_GitHub项目与研究文档\eia-openclaw-sync-chen2026\05_QA测试集\人工核查_环评报告出处整理_20260715\解析文本输出_按目录章节_20000token\162_鹏彩科技（佛山市）有限公司新建项目_03_修改评估意见\162_鹏彩科技（佛山市）有限公司新建项目_03_修改评估意见.json,E:\华南理工项目\环评文件汇总\01_GitHub项目与研究文档\eia-openclaw-sync-chen2026\05_QA测试集\人工核查_环评报告出处整理_20260715\解析文本输出_按问答顺序\162_鹏彩科技（佛山市）有限公司新建项目_03_修改评估意见\162_鹏彩科技（佛山市）有限公司新建项目_03_修改评估意见.html,1,48,48,0
解析文本拼接_表格增强_10_181-200.md,10,4,184,PL119,按项目名称匹配,,163_佛山志兴盈包装有限公司新建项目_01_报批稿或报告表,佛山志兴盈包装有限公司新建项目,E:\华南理工项目\环评文件汇总\01_GitHub项目与研究文档\eia-openclaw-sync-chen2026\05_QA测试集\人工核查_环评报告出处整理_20260715\解析文本输出_按目录章节_20000token\163_佛山志兴盈包装有限公司新建项目_01_报批稿或报告表\163_佛山志兴盈包装有限公司新建项目_01_报批稿或报告表.json,E:\华南理工项目\环评文件汇总\01_GitHub项目与研究文档\eia-openclaw-sync-chen2026\05_QA测试集\人工核查_环评报告出处整理_20260715\解析文本输出_按问答顺序\163_佛山志兴盈包装有限公司新建项目_01_报批稿或报告表\163_佛山志兴盈包装有限公司新建项目_01_报批稿或报告表.html,10,19996,94342,0
解析文本拼接_表格增强_10_181-200.md,10,5,185,PL119,按项目名称匹配,,163_佛山志兴盈包装有限公司新建项目_02_受理公告或公示版,佛山志兴盈包装有限公司新建项目,E:\华南理工项目\环评文件汇总\01_GitHub项目与研究文档\eia-openclaw-sync-chen2026\05_QA测试集\人工核查_环评报告出处整理_20260715\解析文本输出_按目录章节_20000token\163_佛山志兴盈包装有限公司新建项目_02_受理公告或公示版\163_佛山志兴盈包装有限公司新建项目_02_受理公告或公示版.json,E:\华南理工项目\环评文件汇总\01_GitHub项目与研究文档\eia-openclaw-sync-chen2026\05_QA测试集\人工核查_环评报告出处整理_20260715\解析文本输出_按问答顺序\163_佛山志兴盈包装有限公司新建项目_02_受理公告或公示版\163_佛山志兴盈包装有限公司新建项目_02_受理公告或公示版.html,4,17531,65450,0
解析文本拼接_表格增强_10_181-200.md,10,6,186,PL119,按项目名称匹配,,163_佛山志兴盈包装有限公司新建项目_03_修改评估意见,佛山志兴盈包装有限公司新建项目,E:\华南理工项目\环评文件汇总\01_GitHub项目与研究文档\eia-openclaw-sync-chen2026\05_QA测试集\人工核查_环评报告出处整理_20260715\解析文本输出_按目录章节_20000token\163_佛山志兴盈包装有限公司新建项目_03_修改评估意见\163_佛山志兴盈包装有限公司新建项目_03_修改评估意见.json,E:\华南理工项目\环评文件汇总\01_GitHub项目与研究文档\eia-openclaw-sync-chen2026\05_QA测试集\人工核查_环评报告出处整理_20260715\解析文本输出_按问答顺序\163_佛山志兴盈包装有限公司新建项目_03_修改评估意见\163_佛山志兴盈包装有限公司新建项目_03_修改评估意见.html,1,48,48,0
解析文本拼接_表格增强_10_181-200.md,10,7,187,PL056,按项目名称匹配,,164_佛山市祖帮海绵有限公司新建项目_01_报批稿或报告表,佛山市祖帮海绵有限公司新建项目,E:\华南理工项目\环评文件汇总\01_GitHub项目与研究文档\eia-openclaw-sync-chen2026\05_QA测试集\人工核查_环评报告出处整理_20260715\解析文本输出_按目录章节_20000token\164_佛山市祖帮海绵有限公司新建项目_01_报批稿或报告表\164_佛山市祖帮海绵有限公司新建项目_01_报批稿或报告表.json,E:\华南理工项目\环评文件汇总\01_GitHub项目与研究文档\eia-openclaw-sync-chen2026\05_QA测试集\人工核查_环评报告出处整理_20260715\解析文本输出_按问答顺序\164_佛山市祖帮海绵有限公司新建项目_01_报批稿或报告表\164_佛山市祖帮海绵有限公司新建项目_01_报批稿或报告表.html,27,19605,355433,0
解析文本拼接_表格增强_10_181-200.md,10,8,188,PL056,按项目名称匹配,,164_佛山市祖帮海绵有限公司新建项目_02_受理公告或公示版,佛山市祖帮海绵有限公司新建项目,E:\华南理工项目\环评文件汇总\01_GitHub项目与研究文档\eia-openclaw-sync-chen2026\05_QA测试集\人工核查_环评报告出处整理_20260715\解析文本输出_按目录章节_20000token\164_佛山市祖帮海绵有限公司新建项目_02_受理公告或公示版\164_佛山市祖帮海绵有限公司新建项目_02_受理公告或公示版.json,E:\华南理工项目\环评文件汇总\01_GitHub项目与研究文档\eia-openclaw-sync-chen2026\05_QA测试集\人工核查_环评报告出处整理_20260715\解析文本输出_按问答顺序\164_佛山市祖帮海绵有限公司新建项目_02_受理公告或公示版\164_佛山市祖帮海绵有限公司新建项目_02_受理公告或公示版.html,12,17930,206523,0
解析文本拼接_表格增强_10_181-200.md,10,9,189,PL056,按项目名称匹配,,164_佛山市祖帮海绵有限公司新建项目_03_修改评估意见,佛山市祖帮海绵有限公司新建项目,E:\华南理工项目\环评文件汇总\01_GitHub项目与研究文档\eia-openclaw-sync-chen2026\05_QA测试集\人工核查_环评报告出处整理_20260715\解析文本输出_按目录章节_20000token\164_佛山市祖帮海绵有限公司新建项目_03_修改评估意见\164_佛山市祖帮海绵有限公司新建项目_03_修改评估意见.json,E:\华南理工项目\环评文件汇总\01_GitHub项目与研究文档\eia-openclaw-sync-chen2026\05_QA测试集\人工核查_环评报告出处整理_20260715\解析文本输出_按问答顺序\164_佛山市祖帮海绵有限公司新建项目_03_修改评估意见\164_佛山市祖帮海绵有限公司新建项目_03_修改评估意见.html,1,48,48,0
解析文本拼接_表格增强_10_181-200.md,10,10,190,SC008；SC009；SC010,按项目名称匹配,,165_和默化学（佛山）有限公司新建项目_01_报批稿或报告表,和默化学（佛山）有限公司新建项目,E:\华南理工项目\环评文件汇总\01_GitHub项目与研究文档\eia-openclaw-sync-chen2026\05_QA测试集\人工核查_环评报告出处整理_20260715\解析文本输出_按目录章节_20000token\165_和默化学（佛山）有限公司新建项目_01_报批稿或报告表\165_和默化学（佛山）有限公司新建项目_01_报批稿或报告表.json,E:\华南理工项目\环评文件汇总\01_GitHub项目与研究文档\eia-openclaw-sync-chen2026\05_QA测试集\人工核查_环评报告出处整理_20260715\解析文本输出_按问答顺序\165_和默化学（佛山）有限公司新建项目_01_报批稿或报告表\165_和默化学（佛山）有限公司新建项目_01_报批稿或报告表.html,14,18316,114924,0
解析文本拼接_表格增强_10_181-200.md,10,11,191,SC008；SC009；SC010,按项目名称匹配,,165_和默化学（佛山）有限公司新建项目_02_受理公告或公示版,和默化学（佛山）有限公司新建项目,E:\华南理工项目\环评文件汇总\01_GitHub项目与研究文档\eia-openclaw-sync-chen2026\05_QA测试集\人工核查_环评报告出处整理_20260715\解析文本输出_按目录章节_20000token\165_和默化学（佛山）有限公司新建项目_02_受理公告或公示版\165_和默化学（佛山）有限公司新建项目_02_受理公告或公示版.json,E:\华南理工项目\环评文件汇总\01_GitHub项目与研究文档\eia-openclaw-sync-chen2026\05_QA测试集\人工核查_环评报告出处整理_20260715\解析文本输出_按问答顺序\165_和默化学（佛山）有限公司新建项目_02_受理公告或公示版\165_和默化学（佛山）有限公司新建项目_02_受理公告或公示版.html,6,17954,75333,0
解析文本拼接_表格增强_10_181-200.md,10,12,192,SC008；SC009；SC010,按项目名称匹配,,165_和默化学（佛山）有限公司新建项目_03_修改评估意见,和默化学（佛山）有限公司新建项目,E:\华南理工项目\环评文件汇总\01_GitHub项目与研究文档\eia-openclaw-sync-chen2026\05_QA测试集\人工核查_环评报告出处整理_20260715\解析文本输出_按目录章节_20000token\165_和默化学（佛山）有限公司新建项目_03_修改评估意见\165_和默化学（佛山）有限公司新建项目_03_修改评估意见.json,E:\华南理工项目\环评文件汇总\01_GitHub项目与研究文档\eia-openclaw-sync-chen2026\05_QA测试集\人工核查_环评报告出处整理_20260715\解析文本输出_按问答顺序\165_和默化学（佛山）有限公司新建项目_03_修改评估意见\165_和默化学（佛山）有限公司新建项目_03_修改评估意见.html,1,48,48,0
解析文本拼接_表格增强_10_181-200.md,10,13,193,SC023；SC024,按项目名称匹配,,166_佛山气盾新材料有限公司新建项目_01_报批稿或报告表,佛山气盾新材料有限公司新建项目,E:\华南理工项目\环评文件汇总\01_GitHub项目与研究文档\eia-openclaw-sync-chen2026\05_QA测试集\人工核查_环评报告出处整理_20260715\解析文本输出_按目录章节_20000token\166_佛山气盾新材料有限公司新建项目_01_报批稿或报告表\166_佛山气盾新材料有限公司新建项目_01_报批稿或报告表.json,E:\华南理工项目\环评文件汇总\01_GitHub项目与研究文档\eia-openclaw-sync-chen2026\05_QA测试集\人工核查_环评报告出处整理_20260715\解析文本输出_按问答顺序\166_佛山气盾新材料有限公司新建项目_01_报批稿或报告表\166_佛山气盾新材料有限公司新建项目_01_报批稿或报告表.html,10,19961,73537,0
解析文本拼接_表格增强_10_181-200.md,10,14,194,SC023；SC024,按项目名称匹配,,166_佛山气盾新材料有限公司新建项目_02_受理公告或公示版,佛山气盾新材料有限公司新建项目,E:\华南理工项目\环评文件汇总\01_GitHub项目与研究文档\eia-openclaw-sync-chen2026\05_QA测试集\人工核查_环评报告出处整理_20260715\解析文本输出_按目录章节_20000token\166_佛山气盾新材料有限公司新建项目_02_受理公告或公示版\166_佛山气盾新材料有限公司新建项目_02_受理公告或公示版.json,E:\华南理工项目\环评文件汇总\01_GitHub项目与研究文档\eia-openclaw-sync-chen2026\05_QA测试集\人工核查_环评报告出处整理_20260715\解析文本输出_按问答顺序\166_佛山气盾新材料有限公司新建项目_02_受理公告或公示版\166_佛山气盾新材料有限公司新建项目_02_受理公告或公示版.html,4,17977,52752,0
解析文本拼接_表格增强_10_181-200.md,10,15,195,SC023；SC024,按项目名称匹配,,166_佛山气盾新材料有限公司新建项目_03_修改评估意见,佛山气盾新材料有限公司新建项目,E:\华南理工项目\环评文件汇总\01_GitHub项目与研究文档\eia-openclaw-sync-chen2026\05_QA测试集\人工核查_环评报告出处整理_20260715\解析文本输出_按目录章节_20000token\166_佛山气盾新材料有限公司新建项目_03_修改评估意见\166_佛山气盾新材料有限公司新建项目_03_修改评估意见.json,E:\华南理工项目\环评文件汇总\01_GitHub项目与研究文档\eia-openclaw-sync-chen2026\05_QA测试集\人工核查_环评报告出处整理_20260715\解析文本输出_按问答顺序\166_佛山气盾新材料有限公司新建项目_03_修改评估意见\166_佛山气盾新材料有限公司新建项目_03_修改评估意见.html,1,48,48,0
解析文本拼接_表格增强_10_181-200.md,10,16,196,SC011；SC012；SC013,按项目名称匹配,,167_佛山市彩川合成材料有限公司新建项目_01_受理公告或公示版,佛山市彩川合成材料有限公司新建项目,E:\华南理工项目\环评文件汇总\01_GitHub项目与研究文档\eia-openclaw-sync-chen2026\05_QA测试集\人工核查_环评报告出处整理_20260715\解析文本输出_按目录章节_20000token\167_佛山市彩川合成材料有限公司新建项目_01_受理公告或公示版\167_佛山市彩川合成材料有限公司新建项目_01_受理公告或公示版.json,E:\华南理工项目\环评文件汇总\01_GitHub项目与研究文档\eia-openclaw-sync-chen2026\05_QA测试集\人工核查_环评报告出处整理_20260715\解析文本输出_按问答顺序\167_佛山市彩川合成材料有限公司新建项目_01_受理公告或公示版\167_佛山市彩川合成材料有限公司新建项目_01_受理公告或公示版.html,6,17653,85244,0
解析文本拼接_表格增强_10_181-200.md,10,17,197,SC011；SC012；SC013,按项目名称匹配,,167_佛山市彩川合成材料有限公司新建项目_02_修改评估意见,佛山市彩川合成材料有限公司新建项目,E:\华南理工项目\环评文件汇总\01_GitHub项目与研究文档\eia-openclaw-sync-chen2026\05_QA测试集\人工核查_环评报告出处整理_20260715\解析文本输出_按目录章节_20000token\167_佛山市彩川合成材料有限公司新建项目_02_修改评估意见\167_佛山市彩川合成材料有限公司新建项目_02_修改评估意见.json,E:\华南理工项目\环评文件汇总\01_GitHub项目与研究文档\eia-openclaw-sync-chen2026\05_QA测试集\人工核查_环评报告出处整理_20260715\解析文本输出_按问答顺序\167_佛山市彩川合成材料有限公司新建项目_02_修改评估意见\167_佛山市彩川合成材料有限公司新建项目_02_修改评估意见.html,1,3212,3212,0
解析文本拼接_表格增强_10_181-200.md,10,18,198,SC011；SC012；SC013,按项目名称匹配,,167_佛山市彩川合成材料有限公司新建项目_03_修改评估意见,佛山市彩川合成材料有限公司新建项目,E:\华南理工项目\环评文件汇总\01_GitHub项目与研究文档\eia-openclaw-sync-chen2026\05_QA测试集\人工核查_环评报告出处整理_20260715\解析文本输出_按目录章节_20000token\167_佛山市彩川合成材料有限公司新建项目_03_修改评估意见\167_佛山市彩川合成材料有限公司新建项目_03_修改评估意见.json,E:\华南理工项目\环评文件汇总\01_GitHub项目与研究文档\eia-openclaw-sync-chen2026\05_QA测试集\人工核查_环评报告出处整理_20260715\解析文本输出_按问答顺序\167_佛山市彩川合成材料有限公司新建项目_03_修改评估意见\167_佛山市彩川合成材料有限公司新建项目_03_修改评估意见.html,1,48,48,0
解析文本拼接_表格增强_10_181-200.md,10,19,199,SC020；SC021；SC022,按项目名称匹配,,168_广东顺德意达电子薄膜器件有限公司新建项目_01_报批稿或报告表,广东顺德意达电子薄膜器件有限公司新建项目,E:\华南理工项目\环评文件汇总\01_GitHub项目与研究文档\eia-openclaw-sync-chen2026\05_QA测试集\人工核查_环评报告出处整理_20260715\解析文本输出_按目录章节_20000token\168_广东顺德意达电子薄膜器件有限公司新建项目_01_报批稿或报告表\168_广东顺德意达电子薄膜器件有限公司新建项目_01_报批稿或报告表.json,E:\华南理工项目\环评文件汇总\01_GitHub项目与研究文档\eia-openclaw-sync-chen2026\05_QA测试集\人工核查_环评报告出处整理_20260715\解析文本输出_按问答顺序\168_广东顺德意达电子薄膜器件有限公司新建项目_01_报批稿或报告表\168_广东顺德意达电子薄膜器件有限公司新建项目_01_报批稿或报告表.html,11,18790,92229,0
解析文本拼接_表格增强_10_181-200.md,10,20,200,SC020；SC021；SC022,按项目名称匹配,,168_广东顺德意达电子薄膜器件有限公司新建项目_02_受理公告或公示版,广东顺德意达电子薄膜器件有限公司新建项目,E:\华南理工项目\环评文件汇总\01_GitHub项目与研究文档\eia-openclaw-sync-chen2026\05_QA测试集\人工核查_环评报告出处整理_20260715\解析文本输出_按目录章节_20000token\168_广东顺德意达电子薄膜器件有限公司新建项目_02_受理公告或公示版\168_广东顺德意达电子薄膜器件有限公司新建项目_02_受理公告或公示版.json,E:\华南理工项目\环评文件汇总\01_GitHub项目与研究文档\eia-openclaw-sync-chen2026\05_QA测试集\人工核查_环评报告出处整理_20260715\解析文本输出_按问答顺序\168_广东顺德意达电子薄膜器件有限公司新建项目_02_受理公告或公示版\168_广东顺德意达电子薄膜器件有限公司新建项目_02_受理公告或公示版.html,4,17530,65363,0
解析文本拼接_表格增强_11_201-211.md,11,1,201,SC020；SC021；SC022,按项目名称匹配,,168_广东顺德意达电子薄膜器件有限公司新建项目_03_修改评估意见,广东顺德意达电子薄膜器件有限公司新建项目,E:\华南理工项目\环评文件汇总\01_GitHub项目与研究文档\eia-openclaw-sync-chen2026\05_QA测试集\人工核查_环评报告出处整理_20260715\解析文本输出_按目录章节_20000token\168_广东顺德意达电子薄膜器件有限公司新建项目_03_修改评估意见\168_广东顺德意达电子薄膜器件有限公司新建项目_03_修改评估意见.json,E:\华南理工项目\环评文件汇总\01_GitHub项目与研究文档\eia-openclaw-sync-chen2026\05_QA测试集\人工核查_环评报告出处整理_20260715\解析文本输出_按问答顺序\168_广东顺德意达电子薄膜器件有限公司新建项目_03_修改评估意见\168_广东顺德意达电子薄膜器件有限公司新建项目_03_修改评估意见.html,1,2389,2389,0
解析文本拼接_表格增强_11_201-211.md,11,2,202,SC001；SC002；SC003,按项目名称匹配,,169_佛山市全海世家新材料科技有限公司新建项目_01_报批稿或报告表,佛山市全海世家新材料科技有限公司新建项目,E:\华南理工项目\环评文件汇总\01_GitHub项目与研究文档\eia-openclaw-sync-chen2026\05_QA测试集\人工核查_环评报告出处整理_20260715\解析文本输出_按目录章节_20000token\169_佛山市全海世家新材料科技有限公司新建项目_01_报批稿或报告表\169_佛山市全海世家新材料科技有限公司新建项目_01_报批稿或报告表.json,E:\华南理工项目\环评文件汇总\01_GitHub项目与研究文档\eia-openclaw-sync-chen2026\05_QA测试集\人工核查_环评报告出处整理_20260715\解析文本输出_按问答顺序\169_佛山市全海世家新材料科技有限公司新建项目_01_报批稿或报告表\169_佛山市全海世家新材料科技有限公司新建项目_01_报批稿或报告表.html,12,18281,98594,0
解析文本拼接_表格增强_11_201-211.md,11,3,203,SC001；SC002；SC003,按项目名称匹配,,169_佛山市全海世家新材料科技有限公司新建项目_02_受理公告或公示版,佛山市全海世家新材料科技有限公司新建项目,E:\华南理工项目\环评文件汇总\01_GitHub项目与研究文档\eia-openclaw-sync-chen2026\05_QA测试集\人工核查_环评报告出处整理_20260715\解析文本输出_按目录章节_20000token\169_佛山市全海世家新材料科技有限公司新建项目_02_受理公告或公示版\169_佛山市全海世家新材料科技有限公司新建项目_02_受理公告或公示版.json,E:\华南理工项目\环评文件汇总\01_GitHub项目与研究文档\eia-openclaw-sync-chen2026\05_QA测试集\人工核查_环评报告出处整理_20260715\解析文本输出_按问答顺序\169_佛山市全海世家新材料科技有限公司新建项目_02_受理公告或公示版\169_佛山市全海世家新材料科技有限公司新建项目_02_受理公告或公示版.html,4,18032,67356,0
解析文本拼接_表格增强_11_201-211.md,11,4,204,SC001；SC002；SC003,按项目名称匹配,,169_佛山市全海世家新材料科技有限公司新建项目_03_修改评估意见,佛山市全海世家新材料科技有限公司新建项目,E:\华南理工项目\环评文件汇总\01_GitHub项目与研究文档\eia-openclaw-sync-chen2026\05_QA测试集\人工核查_环评报告出处整理_20260715\解析文本输出_按目录章节_20000token\169_佛山市全海世家新材料科技有限公司新建项目_03_修改评估意见\169_佛山市全海世家新材料科技有限公司新建项目_03_修改评估意见.json,E:\华南理工项目\环评文件汇总\01_GitHub项目与研究文档\eia-openclaw-sync-chen2026\05_QA测试集\人工核查_环评报告出处整理_20260715\解析文本输出_按问答顺序\169_佛山市全海世家新材料科技有限公司新建项目_03_修改评估意见\169_佛山市全海世家新材料科技有限公司新建项目_03_修改评估意见.html,1,48,48,0
解析文本拼接_表格增强_11_201-211.md,11,5,205,SC014；SC015；SC016,按项目名称匹配,,170_佛山市顺德区智成塑包装有限公司新建项目_01_报批稿或报告表,佛山市顺德区智成塑包装有限公司新建项目,E:\华南理工项目\环评文件汇总\01_GitHub项目与研究文档\eia-openclaw-sync-chen2026\05_QA测试集\人工核查_环评报告出处整理_20260715\解析文本输出_按目录章节_20000token\170_佛山市顺德区智成塑包装有限公司新建项目_01_报批稿或报告表\170_佛山市顺德区智成塑包装有限公司新建项目_01_报批稿或报告表.json,E:\华南理工项目\环评文件汇总\01_GitHub项目与研究文档\eia-openclaw-sync-chen2026\05_QA测试集\人工核查_环评报告出处整理_20260715\解析文本输出_按问答顺序\170_佛山市顺德区智成塑包装有限公司新建项目_01_报批稿或报告表\170_佛山市顺德区智成塑包装有限公司新建项目_01_报批稿或报告表.html,13,18320,97357,0
解析文本拼接_表格增强_11_201-211.md,11,6,206,SC014；SC015；SC016,按项目名称匹配,,170_佛山市顺德区智成塑包装有限公司新建项目_02_受理公告或公示版,佛山市顺德区智成塑包装有限公司新建项目,E:\华南理工项目\环评文件汇总\01_GitHub项目与研究文档\eia-openclaw-sync-chen2026\05_QA测试集\人工核查_环评报告出处整理_20260715\解析文本输出_按目录章节_20000token\170_佛山市顺德区智成塑包装有限公司新建项目_02_受理公告或公示版\170_佛山市顺德区智成塑包装有限公司新建项目_02_受理公告或公示版.json,E:\华南理工项目\环评文件汇总\01_GitHub项目与研究文档\eia-openclaw-sync-chen2026\05_QA测试集\人工核查_环评报告出处整理_20260715\解析文本输出_按问答顺序\170_佛山市顺德区智成塑包装有限公司新建项目_02_受理公告或公示版\170_佛山市顺德区智成塑包装有限公司新建项目_02_受理公告或公示版.html,5,17805,66896,0
解析文本拼接_表格增强_11_201-211.md,11,7,207,SC014；SC015；SC016,按项目名称匹配,,170_佛山市顺德区智成塑包装有限公司新建项目_03_修改评估意见,佛山市顺德区智成塑包装有限公司新建项目,E:\华南理工项目\环评文件汇总\01_GitHub项目与研究文档\eia-openclaw-sync-chen2026\05_QA测试集\人工核查_环评报告出处整理_20260715\解析文本输出_按目录章节_20000token\170_佛山市顺德区智成塑包装有限公司新建项目_03_修改评估意见\170_佛山市顺德区智成塑包装有限公司新建项目_03_修改评估意见.json,E:\华南理工项目\环评文件汇总\01_GitHub项目与研究文档\eia-openclaw-sync-chen2026\05_QA测试集\人工核查_环评报告出处整理_20260715\解析文本输出_按问答顺序\170_佛山市顺德区智成塑包装有限公司新建项目_03_修改评估意见\170_佛山市顺德区智成塑包装有限公司新建项目_03_修改评估意见.html,1,2546,2546,0
解析文本拼接_表格增强_11_201-211.md,11,8,208,SC004；SC005；SC006；SC007,按项目名称匹配,,171_佛山辰僖塑料有限公司新建项目_01_报批稿或报告表,佛山辰僖塑料有限公司新建项目,E:\华南理工项目\环评文件汇总\01_GitHub项目与研究文档\eia-openclaw-sync-chen2026\05_QA测试集\人工核查_环评报告出处整理_20260715\解析文本输出_按目录章节_20000token\171_佛山辰僖塑料有限公司新建项目_01_报批稿或报告表\171_佛山辰僖塑料有限公司新建项目_01_报批稿或报告表.json,E:\华南理工项目\环评文件汇总\01_GitHub项目与研究文档\eia-openclaw-sync-chen2026\05_QA测试集\人工核查_环评报告出处整理_20260715\解析文本输出_按问答顺序\171_佛山辰僖塑料有限公司新建项目_01_报批稿或报告表\171_佛山辰僖塑料有限公司新建项目_01_报批稿或报告表.html,14,18383,113363,0
解析文本拼接_表格增强_11_201-211.md,11,9,209,SC004；SC005；SC006；SC007,按项目名称匹配,,171_佛山辰僖塑料有限公司新建项目_02_受理公告或公示版,佛山辰僖塑料有限公司新建项目,E:\华南理工项目\环评文件汇总\01_GitHub项目与研究文档\eia-openclaw-sync-chen2026\05_QA测试集\人工核查_环评报告出处整理_20260715\解析文本输出_按目录章节_20000token\171_佛山辰僖塑料有限公司新建项目_02_受理公告或公示版\171_佛山辰僖塑料有限公司新建项目_02_受理公告或公示版.json,E:\华南理工项目\环评文件汇总\01_GitHub项目与研究文档\eia-openclaw-sync-chen2026\05_QA测试集\人工核查_环评报告出处整理_20260715\解析文本输出_按问答顺序\171_佛山辰僖塑料有限公司新建项目_02_受理公告或公示版\171_佛山辰僖塑料有限公司新建项目_02_受理公告或公示版.html,6,17908,76479,0
解析文本拼接_表格增强_11_201-211.md,11,10,210,SC004；SC005；SC006；SC007,按项目名称匹配,,171_佛山辰僖塑料有限公司新建项目_03_修改评估意见,佛山辰僖塑料有限公司新建项目,E:\华南理工项目\环评文件汇总\01_GitHub项目与研究文档\eia-openclaw-sync-chen2026\05_QA测试集\人工核查_环评报告出处整理_20260715\解析文本输出_按目录章节_20000token\171_佛山辰僖塑料有限公司新建项目_03_修改评估意见\171_佛山辰僖塑料有限公司新建项目_03_修改评估意见.json,E:\华南理工项目\环评文件汇总\01_GitHub项目与研究文档\eia-openclaw-sync-chen2026\05_QA测试集\人工核查_环评报告出处整理_20260715\解析文本输出_按问答顺序\171_佛山辰僖塑料有限公司新建项目_03_修改评估意见\171_佛山辰僖塑料有限公司新建项目_03_修改评估意见.html,1,5016,5016,0
解析文本拼接_表格增强_11_201-211.md,11,11,211,SC004；SC005；SC006；SC007,按项目名称匹配,,171_佛山辰僖塑料有限公司新建项目_04_修改评估意见,佛山辰僖塑料有限公司新建项目,E:\华南理工项目\环评文件汇总\01_GitHub项目与研究文档\eia-openclaw-sync-chen2026\05_QA测试集\人工核查_环评报告出处整理_20260715\解析文本输出_按目录章节_20000token\171_佛山辰僖塑料有限公司新建项目_04_修改评估意见\171_佛山辰僖塑料有限公司新建项目_04_修改评估意见.json,E:\华南理工项目\环评文件汇总\01_GitHub项目与研究文档\eia-openclaw-sync-chen2026\05_QA测试集\人工核查_环评报告出处整理_20260715\解析文本输出_按问答顺序\171_佛山辰僖塑料有限公司新建项目_04_修改评估意见\171_佛山辰僖塑料有限公司新建项目_04_修改评估意见.html,1,48,48,0
