file_id,source_file,extension,status,fragment_count,token_sum,content_chars,json_path,html_path,error
001_佛山市亮正新材料有限公司新建项目_01_核查材料,E:\华南理工项目\环评文件汇总\01_GitHub项目与研究文档\eia-openclaw-sync-chen2026\05_QA测试集\人工核查_环评报告出处整理_20260715\环评报告文件_按问答顺序\001_佛山市亮正新材料有限公司新建项目_01_核查材料.docx,.docx,success,2,86176,95680,E:\华南理工项目\环评文件汇总\01_GitHub项目与研究文档\eia-openclaw-sync-chen2026\05_QA测试集\人工核查_环评报告出处整理_20260715\解析文本输出_按问答顺序\001_佛山市亮正新材料有限公司新建项目_01_核查材料\001_佛山市亮正新材料有限公司新建项目_01_核查材料.json,E:\华南理工项目\环评文件汇总\01_GitHub项目与研究文档\eia-openclaw-sync-chen2026\05_QA测试集\人工核查_环评报告出处整理_20260715\解析文本输出_按问答顺序\001_佛山市亮正新材料有限公司新建项目_01_核查材料\001_佛山市亮正新材料有限公司新建项目_01_核查材料.html,
002_佛山市顺德区启卓工程塑料实业有限公司搬迁项目_01_核查材料,E:\华南理工项目\环评文件汇总\01_GitHub项目与研究文档\eia-openclaw-sync-chen2026\05_QA测试集\人工核查_环评报告出处整理_20260715\环评报告文件_按问答顺序\002_佛山市顺德区启卓工程塑料实业有限公司搬迁项目_01_核查材料.docx,.docx,success,3,113108,119581,E:\华南理工项目\环评文件汇总\01_GitHub项目与研究文档\eia-openclaw-sync-chen2026\05_QA测试集\人工核查_环评报告出处整理_20260715\解析文本输出_按问答顺序\002_佛山市顺德区启卓工程塑料实业有限公司搬迁项目_01_核查材料\002_佛山市顺德区启卓工程塑料实业有限公司搬迁项目_01_核查材料.json,E:\华南理工项目\环评文件汇总\01_GitHub项目与研究文档\eia-openclaw-sync-chen2026\05_QA测试集\人工核查_环评报告出处整理_20260715\解析文本输出_按问答顺序\002_佛山市顺德区启卓工程塑料实业有限公司搬迁项目_01_核查材料\002_佛山市顺德区启卓工程塑料实业有限公司搬迁项目_01_核查材料.html,
003_佛山市顺德区康明新材料厂新建项目_01_核查材料,E:\华南理工项目\环评文件汇总\01_GitHub项目与研究文档\eia-openclaw-sync-chen2026\05_QA测试集\人工核查_环评报告出处整理_20260715\环评报告文件_按问答顺序\003_佛山市顺德区康明新材料厂新建项目_01_核查材料.docx,.docx,success,3,122719,131553,E:\华南理工项目\环评文件汇总\01_GitHub项目与研究文档\eia-openclaw-sync-chen2026\05_QA测试集\人工核查_环评报告出处整理_20260715\解析文本输出_按问答顺序\003_佛山市顺德区康明新材料厂新建项目_01_核查材料\003_佛山市顺德区康明新材料厂新建项目_01_核查材料.json,E:\华南理工项目\环评文件汇总\01_GitHub项目与研究文档\eia-openclaw-sync-chen2026\05_QA测试集\人工核查_环评报告出处整理_20260715\解析文本输出_按问答顺序\003_佛山市顺德区康明新材料厂新建项目_01_核查材料\003_佛山市顺德区康明新材料厂新建项目_01_核查材料.html,
004_恒励新材料科技(佛山)有限公司新建项目_01_核查材料,E:\华南理工项目\环评文件汇总\01_GitHub项目与研究文档\eia-openclaw-sync-chen2026\05_QA测试集\人工核查_环评报告出处整理_20260715\环评报告文件_按问答顺序\004_恒励新材料科技(佛山)有限公司新建项目_01_核查材料.docx,.docx,success,2,107258,113888,E:\华南理工项目\环评文件汇总\01_GitHub项目与研究文档\eia-openclaw-sync-chen2026\05_QA测试集\人工核查_环评报告出处整理_20260715\解析文本输出_按问答顺序\004_恒励新材料科技(佛山)有限公司新建项目_01_核查材料\004_恒励新材料科技(佛山)有限公司新建项目_01_核查材料.json,E:\华南理工项目\环评文件汇总\01_GitHub项目与研究文档\eia-openclaw-sync-chen2026\05_QA测试集\人工核查_环评报告出处整理_20260715\解析文本输出_按问答顺序\004_恒励新材料科技(佛山)有限公司新建项目_01_核查材料\004_恒励新材料科技(佛山)有限公司新建项目_01_核查材料.html,
005_佛山市润特龙清洁用品有限公司新建项目_01_核查材料,E:\华南理工项目\环评文件汇总\01_GitHub项目与研究文档\eia-openclaw-sync-chen2026\05_QA测试集\人工核查_环评报告出处整理_20260715\环评报告文件_按问答顺序\005_佛山市润特龙清洁用品有限公司新建项目_01_核查材料.docx,.docx,success,2,89438,96171,E:\华南理工项目\环评文件汇总\01_GitHub项目与研究文档\eia-openclaw-sync-chen2026\05_QA测试集\人工核查_环评报告出处整理_20260715\解析文本输出_按问答顺序\005_佛山市润特龙清洁用品有限公司新建项目_01_核查材料\005_佛山市润特龙清洁用品有限公司新建项目_01_核查材料.json,E:\华南理工项目\环评文件汇总\01_GitHub项目与研究文档\eia-openclaw-sync-chen2026\05_QA测试集\人工核查_环评报告出处整理_20260715\解析文本输出_按问答顺序\005_佛山市润特龙清洁用品有限公司新建项目_01_核查材料\005_佛山市润特龙清洁用品有限公司新建项目_01_核查材料.html,
006_佛山市顺德区乐鲸科技有限公司年产五金拉手300万个新建项目_01_修改评估意见,E:\华南理工项目\环评文件汇总\01_GitHub项目与研究文档\eia-openclaw-sync-chen2026\05_QA测试集\人工核查_环评报告出处整理_20260715\环评报告文件_按问答顺序\006_佛山市顺德区乐鲸科技有限公司年产五金拉手300万个新建项目_01_修改评估意见.docx,.docx,success,1,184,193,E:\华南理工项目\环评文件汇总\01_GitHub项目与研究文档\eia-openclaw-sync-chen2026\05_QA测试集\人工核查_环评报告出处整理_20260715\解析文本输出_按问答顺序\006_佛山市顺德区乐鲸科技有限公司年产五金拉手300万个新建项目_01_修改评估意见\006_佛山市顺德区乐鲸科技有限公司年产五金拉手300万个新建项目_01_修改评估意见.json,E:\华南理工项目\环评文件汇总\01_GitHub项目与研究文档\eia-openclaw-sync-chen2026\05_QA测试集\人工核查_环评报告出处整理_20260715\解析文本输出_按问答顺序\006_佛山市顺德区乐鲸科技有限公司年产五金拉手300万个新建项目_01_修改评估意见\006_佛山市顺德区乐鲸科技有限公司年产五金拉手300万个新建项目_01_修改评估意见.html,
007_广东云晟新材料有限公司年产水性涂料2400吨新建项目_01_修改评估意见,E:\华南理工项目\环评文件汇总\01_GitHub项目与研究文档\eia-openclaw-sync-chen2026\05_QA测试集\人工核查_环评报告出处整理_20260715\环评报告文件_按问答顺序\007_广东云晟新材料有限公司年产水性涂料2400吨新建项目_01_修改评估意见.docx,.docx,success,1,184,193,E:\华南理工项目\环评文件汇总\01_GitHub项目与研究文档\eia-openclaw-sync-chen2026\05_QA测试集\人工核查_环评报告出处整理_20260715\解析文本输出_按问答顺序\007_广东云晟新材料有限公司年产水性涂料2400吨新建项目_01_修改评估意见\007_广东云晟新材料有限公司年产水性涂料2400吨新建项目_01_修改评估意见.json,E:\华南理工项目\环评文件汇总\01_GitHub项目与研究文档\eia-openclaw-sync-chen2026\05_QA测试集\人工核查_环评报告出处整理_20260715\解析文本输出_按问答顺序\007_广东云晟新材料有限公司年产水性涂料2400吨新建项目_01_修改评估意见\007_广东云晟新材料有限公司年产水性涂料2400吨新建项目_01_修改评估意见.html,
008_广东云晟新材料有限公司年产水性涂料2400吨新建项目_01_修改评估意见,E:\华南理工项目\环评文件汇总\01_GitHub项目与研究文档\eia-openclaw-sync-chen2026\05_QA测试集\人工核查_环评报告出处整理_20260715\环评报告文件_按问答顺序\008_广东云晟新材料有限公司年产水性涂料2400吨新建项目_01_修改评估意见.docx,.docx,success,1,184,193,E:\华南理工项目\环评文件汇总\01_GitHub项目与研究文档\eia-openclaw-sync-chen2026\05_QA测试集\人工核查_环评报告出处整理_20260715\解析文本输出_按问答顺序\008_广东云晟新材料有限公司年产水性涂料2400吨新建项目_01_修改评估意见\008_广东云晟新材料有限公司年产水性涂料2400吨新建项目_01_修改评估意见.json,E:\华南理工项目\环评文件汇总\01_GitHub项目与研究文档\eia-openclaw-sync-chen2026\05_QA测试集\人工核查_环评报告出处整理_20260715\解析文本输出_按问答顺序\008_广东云晟新材料有限公司年产水性涂料2400吨新建项目_01_修改评估意见\008_广东云晟新材料有限公司年产水性涂料2400吨新建项目_01_修改评估意见.html,
009_佛山市顺德区亚马逊涂料有限公司迁扩建项目_01_修改评估意见,E:\华南理工项目\环评文件汇总\01_GitHub项目与研究文档\eia-openclaw-sync-chen2026\05_QA测试集\人工核查_环评报告出处整理_20260715\环评报告文件_按问答顺序\009_佛山市顺德区亚马逊涂料有限公司迁扩建项目_01_修改评估意见.docx,.docx,success,4,149639,168931,E:\华南理工项目\环评文件汇总\01_GitHub项目与研究文档\eia-openclaw-sync-chen2026\05_QA测试集\人工核查_环评报告出处整理_20260715\解析文本输出_按问答顺序\009_佛山市顺德区亚马逊涂料有限公司迁扩建项目_01_修改评估意见\009_佛山市顺德区亚马逊涂料有限公司迁扩建项目_01_修改评估意见.json,E:\华南理工项目\环评文件汇总\01_GitHub项目与研究文档\eia-openclaw-sync-chen2026\05_QA测试集\人工核查_环评报告出处整理_20260715\解析文本输出_按问答顺序\009_佛山市顺德区亚马逊涂料有限公司迁扩建项目_01_修改评估意见\009_佛山市顺德区亚马逊涂料有限公司迁扩建项目_01_修改评估意见.html,
010_广东威诺高科技股份有限公司搬迁项目_01_修改评估意见,E:\华南理工项目\环评文件汇总\01_GitHub项目与研究文档\eia-openclaw-sync-chen2026\05_QA测试集\人工核查_环评报告出处整理_20260715\环评报告文件_按问答顺序\010_广东威诺高科技股份有限公司搬迁项目_01_修改评估意见.docx,.docx,success,1,184,193,E:\华南理工项目\环评文件汇总\01_GitHub项目与研究文档\eia-openclaw-sync-chen2026\05_QA测试集\人工核查_环评报告出处整理_20260715\解析文本输出_按问答顺序\010_广东威诺高科技股份有限公司搬迁项目_01_修改评估意见\010_广东威诺高科技股份有限公司搬迁项目_01_修改评估意见.json,E:\华南理工项目\环评文件汇总\01_GitHub项目与研究文档\eia-openclaw-sync-chen2026\05_QA测试集\人工核查_环评报告出处整理_20260715\解析文本输出_按问答顺序\010_广东威诺高科技股份有限公司搬迁项目_01_修改评估意见\010_广东威诺高科技股份有限公司搬迁项目_01_修改评估意见.html,
011_悍高集团股份有限公司功能拉篮车间搬迁扩建项目_01_修改评估意见,E:\华南理工项目\环评文件汇总\01_GitHub项目与研究文档\eia-openclaw-sync-chen2026\05_QA测试集\人工核查_环评报告出处整理_20260715\环评报告文件_按问答顺序\011_悍高集团股份有限公司功能拉篮车间搬迁扩建项目_01_修改评估意见.docx,.docx,success,1,184,193,E:\华南理工项目\环评文件汇总\01_GitHub项目与研究文档\eia-openclaw-sync-chen2026\05_QA测试集\人工核查_环评报告出处整理_20260715\解析文本输出_按问答顺序\011_悍高集团股份有限公司功能拉篮车间搬迁扩建项目_01_修改评估意见\011_悍高集团股份有限公司功能拉篮车间搬迁扩建项目_01_修改评估意见.json,E:\华南理工项目\环评文件汇总\01_GitHub项目与研究文档\eia-openclaw-sync-chen2026\05_QA测试集\人工核查_环评报告出处整理_20260715\解析文本输出_按问答顺序\011_悍高集团股份有限公司功能拉篮车间搬迁扩建项目_01_修改评估意见\011_悍高集团股份有限公司功能拉篮车间搬迁扩建项目_01_修改评估意见.html,
012_广东潜龙化工有限公司新建项目_01_修改评估意见,E:\华南理工项目\环评文件汇总\01_GitHub项目与研究文档\eia-openclaw-sync-chen2026\05_QA测试集\人工核查_环评报告出处整理_20260715\环评报告文件_按问答顺序\012_广东潜龙化工有限公司新建项目_01_修改评估意见.docx,.docx,success,1,184,193,E:\华南理工项目\环评文件汇总\01_GitHub项目与研究文档\eia-openclaw-sync-chen2026\05_QA测试集\人工核查_环评报告出处整理_20260715\解析文本输出_按问答顺序\012_广东潜龙化工有限公司新建项目_01_修改评估意见\012_广东潜龙化工有限公司新建项目_01_修改评估意见.json,E:\华南理工项目\环评文件汇总\01_GitHub项目与研究文档\eia-openclaw-sync-chen2026\05_QA测试集\人工核查_环评报告出处整理_20260715\解析文本输出_按问答顺序\012_广东潜龙化工有限公司新建项目_01_修改评估意见\012_广东潜龙化工有限公司新建项目_01_修改评估意见.html,
013_佛山市瀚铭新材料有限公司新建项目_01_修改评估意见,E:\华南理工项目\环评文件汇总\01_GitHub项目与研究文档\eia-openclaw-sync-chen2026\05_QA测试集\人工核查_环评报告出处整理_20260715\环评报告文件_按问答顺序\013_佛山市瀚铭新材料有限公司新建项目_01_修改评估意见.docx,.docx,success,1,184,193,E:\华南理工项目\环评文件汇总\01_GitHub项目与研究文档\eia-openclaw-sync-chen2026\05_QA测试集\人工核查_环评报告出处整理_20260715\解析文本输出_按问答顺序\013_佛山市瀚铭新材料有限公司新建项目_01_修改评估意见\013_佛山市瀚铭新材料有限公司新建项目_01_修改评估意见.json,E:\华南理工项目\环评文件汇总\01_GitHub项目与研究文档\eia-openclaw-sync-chen2026\05_QA测试集\人工核查_环评报告出处整理_20260715\解析文本输出_按问答顺序\013_佛山市瀚铭新材料有限公司新建项目_01_修改评估意见\013_佛山市瀚铭新材料有限公司新建项目_01_修改评估意见.html,
014_佛山市顺德区百洛电器有限公司迁扩建项目_01_修改评估意见,E:\华南理工项目\环评文件汇总\01_GitHub项目与研究文档\eia-openclaw-sync-chen2026\05_QA测试集\人工核查_环评报告出处整理_20260715\环评报告文件_按问答顺序\014_佛山市顺德区百洛电器有限公司迁扩建项目_01_修改评估意见.docx,.docx,success,1,184,193,E:\华南理工项目\环评文件汇总\01_GitHub项目与研究文档\eia-openclaw-sync-chen2026\05_QA测试集\人工核查_环评报告出处整理_20260715\解析文本输出_按问答顺序\014_佛山市顺德区百洛电器有限公司迁扩建项目_01_修改评估意见\014_佛山市顺德区百洛电器有限公司迁扩建项目_01_修改评估意见.json,E:\华南理工项目\环评文件汇总\01_GitHub项目与研究文档\eia-openclaw-sync-chen2026\05_QA测试集\人工核查_环评报告出处整理_20260715\解析文本输出_按问答顺序\014_佛山市顺德区百洛电器有限公司迁扩建项目_01_修改评估意见\014_佛山市顺德区百洛电器有限公司迁扩建项目_01_修改评估意见.html,
015_佛山市顺德区蓝顿涂料有限公司迁建项目_01_修改评估意见,E:\华南理工项目\环评文件汇总\01_GitHub项目与研究文档\eia-openclaw-sync-chen2026\05_QA测试集\人工核查_环评报告出处整理_20260715\环评报告文件_按问答顺序\015_佛山市顺德区蓝顿涂料有限公司迁建项目_01_修改评估意见.docx,.docx,success,4,152658,168770,E:\华南理工项目\环评文件汇总\01_GitHub项目与研究文档\eia-openclaw-sync-chen2026\05_QA测试集\人工核查_环评报告出处整理_20260715\解析文本输出_按问答顺序\015_佛山市顺德区蓝顿涂料有限公司迁建项目_01_修改评估意见\015_佛山市顺德区蓝顿涂料有限公司迁建项目_01_修改评估意见.json,E:\华南理工项目\环评文件汇总\01_GitHub项目与研究文档\eia-openclaw-sync-chen2026\05_QA测试集\人工核查_环评报告出处整理_20260715\解析文本输出_按问答顺序\015_佛山市顺德区蓝顿涂料有限公司迁建项目_01_修改评估意见\015_佛山市顺德区蓝顿涂料有限公司迁建项目_01_修改评估意见.html,
016_佛山市镪优金属制品有限公司迁扩建项目_01_修改评估意见,E:\华南理工项目\环评文件汇总\01_GitHub项目与研究文档\eia-openclaw-sync-chen2026\05_QA测试集\人工核查_环评报告出处整理_20260715\环评报告文件_按问答顺序\016_佛山市镪优金属制品有限公司迁扩建项目_01_修改评估意见.docx,.docx,success,1,184,193,E:\华南理工项目\环评文件汇总\01_GitHub项目与研究文档\eia-openclaw-sync-chen2026\05_QA测试集\人工核查_环评报告出处整理_20260715\解析文本输出_按问答顺序\016_佛山市镪优金属制品有限公司迁扩建项目_01_修改评估意见\016_佛山市镪优金属制品有限公司迁扩建项目_01_修改评估意见.json,E:\华南理工项目\环评文件汇总\01_GitHub项目与研究文档\eia-openclaw-sync-chen2026\05_QA测试集\人工核查_环评报告出处整理_20260715\解析文本输出_按问答顺序\016_佛山市镪优金属制品有限公司迁扩建项目_01_修改评估意见\016_佛山市镪优金属制品有限公司迁扩建项目_01_修改评估意见.html,
017_广东台塑智能科技有限公司新建项目_01_受理公告或公示版,E:\华南理工项目\环评文件汇总\01_GitHub项目与研究文档\eia-openclaw-sync-chen2026\05_QA测试集\人工核查_环评报告出处整理_20260715\环评报告文件_按问答顺序\017_广东台塑智能科技有限公司新建项目_01_受理公告或公示版.pdf,.pdf,success,2,71190,67693,E:\华南理工项目\环评文件汇总\01_GitHub项目与研究文档\eia-openclaw-sync-chen2026\05_QA测试集\人工核查_环评报告出处整理_20260715\解析文本输出_按问答顺序\017_广东台塑智能科技有限公司新建项目_01_受理公告或公示版\017_广东台塑智能科技有限公司新建项目_01_受理公告或公示版.json,E:\华南理工项目\环评文件汇总\01_GitHub项目与研究文档\eia-openclaw-sync-chen2026\05_QA测试集\人工核查_环评报告出处整理_20260715\解析文本输出_按问答顺序\017_广东台塑智能科技有限公司新建项目_01_受理公告或公示版\017_广东台塑智能科技有限公司新建项目_01_受理公告或公示版.html,
018_佛山市智龙科技有限公司迁扩建项目_01_受理公告或公示版,E:\华南理工项目\环评文件汇总\01_GitHub项目与研究文档\eia-openclaw-sync-chen2026\05_QA测试集\人工核查_环评报告出处整理_20260715\环评报告文件_按问答顺序\018_佛山市智龙科技有限公司迁扩建项目_01_受理公告或公示版.pdf,.pdf,success,2,75243,69664,E:\华南理工项目\环评文件汇总\01_GitHub项目与研究文档\eia-openclaw-sync-chen2026\05_QA测试集\人工核查_环评报告出处整理_20260715\解析文本输出_按问答顺序\018_佛山市智龙科技有限公司迁扩建项目_01_受理公告或公示版\018_佛山市智龙科技有限公司迁扩建项目_01_受理公告或公示版.json,E:\华南理工项目\环评文件汇总\01_GitHub项目与研究文档\eia-openclaw-sync-chen2026\05_QA测试集\人工核查_环评报告出处整理_20260715\解析文本输出_按问答顺序\018_佛山市智龙科技有限公司迁扩建项目_01_受理公告或公示版\018_佛山市智龙科技有限公司迁扩建项目_01_受理公告或公示版.html,
019_佛山市朗信塑料制品有限公司新建项目_01_受理公告或公示版,E:\华南理工项目\环评文件汇总\01_GitHub项目与研究文档\eia-openclaw-sync-chen2026\05_QA测试集\人工核查_环评报告出处整理_20260715\环评报告文件_按问答顺序\019_佛山市朗信塑料制品有限公司新建项目_01_受理公告或公示版.pdf,.pdf,success,1,50253,48136,E:\华南理工项目\环评文件汇总\01_GitHub项目与研究文档\eia-openclaw-sync-chen2026\05_QA测试集\人工核查_环评报告出处整理_20260715\解析文本输出_按问答顺序\019_佛山市朗信塑料制品有限公司新建项目_01_受理公告或公示版\019_佛山市朗信塑料制品有限公司新建项目_01_受理公告或公示版.json,E:\华南理工项目\环评文件汇总\01_GitHub项目与研究文档\eia-openclaw-sync-chen2026\05_QA测试集\人工核查_环评报告出处整理_20260715\解析文本输出_按问答顺序\019_佛山市朗信塑料制品有限公司新建项目_01_受理公告或公示版\019_佛山市朗信塑料制品有限公司新建项目_01_受理公告或公示版.html,
020_佛山市顺德区共诺电子元件厂搬迁项目_01_受理公告或公示版,E:\华南理工项目\环评文件汇总\01_GitHub项目与研究文档\eia-openclaw-sync-chen2026\05_QA测试集\人工核查_环评报告出处整理_20260715\环评报告文件_按问答顺序\020_佛山市顺德区共诺电子元件厂搬迁项目_01_受理公告或公示版.pdf,.pdf,success,1,51077,48418,E:\华南理工项目\环评文件汇总\01_GitHub项目与研究文档\eia-openclaw-sync-chen2026\05_QA测试集\人工核查_环评报告出处整理_20260715\解析文本输出_按问答顺序\020_佛山市顺德区共诺电子元件厂搬迁项目_01_受理公告或公示版\020_佛山市顺德区共诺电子元件厂搬迁项目_01_受理公告或公示版.json,E:\华南理工项目\环评文件汇总\01_GitHub项目与研究文档\eia-openclaw-sync-chen2026\05_QA测试集\人工核查_环评报告出处整理_20260715\解析文本输出_按问答顺序\020_佛山市顺德区共诺电子元件厂搬迁项目_01_受理公告或公示版\020_佛山市顺德区共诺电子元件厂搬迁项目_01_受理公告或公示版.html,
021_佛山市锐拓新材料有限公司新建项目_01_受理公告或公示版,E:\华南理工项目\环评文件汇总\01_GitHub项目与研究文档\eia-openclaw-sync-chen2026\05_QA测试集\人工核查_环评报告出处整理_20260715\环评报告文件_按问答顺序\021_佛山市锐拓新材料有限公司新建项目_01_受理公告或公示版.pdf,.pdf,success,1,59741,56700,E:\华南理工项目\环评文件汇总\01_GitHub项目与研究文档\eia-openclaw-sync-chen2026\05_QA测试集\人工核查_环评报告出处整理_20260715\解析文本输出_按问答顺序\021_佛山市锐拓新材料有限公司新建项目_01_受理公告或公示版\021_佛山市锐拓新材料有限公司新建项目_01_受理公告或公示版.json,E:\华南理工项目\环评文件汇总\01_GitHub项目与研究文档\eia-openclaw-sync-chen2026\05_QA测试集\人工核查_环评报告出处整理_20260715\解析文本输出_按问答顺序\021_佛山市锐拓新材料有限公司新建项目_01_受理公告或公示版\021_佛山市锐拓新材料有限公司新建项目_01_受理公告或公示版.html,
022_佛山市通能达科技有限公司新建项目_01_受理公告或公示版,E:\华南理工项目\环评文件汇总\01_GitHub项目与研究文档\eia-openclaw-sync-chen2026\05_QA测试集\人工核查_环评报告出处整理_20260715\环评报告文件_按问答顺序\022_佛山市通能达科技有限公司新建项目_01_受理公告或公示版.pdf,.pdf,success,2,79210,74842,E:\华南理工项目\环评文件汇总\01_GitHub项目与研究文档\eia-openclaw-sync-chen2026\05_QA测试集\人工核查_环评报告出处整理_20260715\解析文本输出_按问答顺序\022_佛山市通能达科技有限公司新建项目_01_受理公告或公示版\022_佛山市通能达科技有限公司新建项目_01_受理公告或公示版.json,E:\华南理工项目\环评文件汇总\01_GitHub项目与研究文档\eia-openclaw-sync-chen2026\05_QA测试集\人工核查_环评报告出处整理_20260715\解析文本输出_按问答顺序\022_佛山市通能达科技有限公司新建项目_01_受理公告或公示版\022_佛山市通能达科技有限公司新建项目_01_受理公告或公示版.html,
023_佛山市巨人电器有限公司新建项目_01_受理公告或公示版,E:\华南理工项目\环评文件汇总\01_GitHub项目与研究文档\eia-openclaw-sync-chen2026\05_QA测试集\人工核查_环评报告出处整理_20260715\环评报告文件_按问答顺序\023_佛山市巨人电器有限公司新建项目_01_受理公告或公示版.pdf,.pdf,success,1,55135,52226,E:\华南理工项目\环评文件汇总\01_GitHub项目与研究文档\eia-openclaw-sync-chen2026\05_QA测试集\人工核查_环评报告出处整理_20260715\解析文本输出_按问答顺序\023_佛山市巨人电器有限公司新建项目_01_受理公告或公示版\023_佛山市巨人电器有限公司新建项目_01_受理公告或公示版.json,E:\华南理工项目\环评文件汇总\01_GitHub项目与研究文档\eia-openclaw-sync-chen2026\05_QA测试集\人工核查_环评报告出处整理_20260715\解析文本输出_按问答顺序\023_佛山市巨人电器有限公司新建项目_01_受理公告或公示版\023_佛山市巨人电器有限公司新建项目_01_受理公告或公示版.html,
024_佛山市黑曜电器科技有限公司新建项目_01_报批稿或报告表,E:\华南理工项目\环评文件汇总\01_GitHub项目与研究文档\eia-openclaw-sync-chen2026\05_QA测试集\人工核查_环评报告出处整理_20260715\环评报告文件_按问答顺序\024_佛山市黑曜电器科技有限公司新建项目_01_报批稿或报告表.pdf,.pdf,success,1,62728,59629,E:\华南理工项目\环评文件汇总\01_GitHub项目与研究文档\eia-openclaw-sync-chen2026\05_QA测试集\人工核查_环评报告出处整理_20260715\解析文本输出_按问答顺序\024_佛山市黑曜电器科技有限公司新建项目_01_报批稿或报告表\024_佛山市黑曜电器科技有限公司新建项目_01_报批稿或报告表.json,E:\华南理工项目\环评文件汇总\01_GitHub项目与研究文档\eia-openclaw-sync-chen2026\05_QA测试集\人工核查_环评报告出处整理_20260715\解析文本输出_按问答顺序\024_佛山市黑曜电器科技有限公司新建项目_01_报批稿或报告表\024_佛山市黑曜电器科技有限公司新建项目_01_报批稿或报告表.html,
025_佛山市天隆通塑料制品有限公司新建项目_01_受理公告或公示版,E:\华南理工项目\环评文件汇总\01_GitHub项目与研究文档\eia-openclaw-sync-chen2026\05_QA测试集\人工核查_环评报告出处整理_20260715\环评报告文件_按问答顺序\025_佛山市天隆通塑料制品有限公司新建项目_01_受理公告或公示版.pdf,.pdf,success,1,63541,58775,E:\华南理工项目\环评文件汇总\01_GitHub项目与研究文档\eia-openclaw-sync-chen2026\05_QA测试集\人工核查_环评报告出处整理_20260715\解析文本输出_按问答顺序\025_佛山市天隆通塑料制品有限公司新建项目_01_受理公告或公示版\025_佛山市天隆通塑料制品有限公司新建项目_01_受理公告或公示版.json,E:\华南理工项目\环评文件汇总\01_GitHub项目与研究文档\eia-openclaw-sync-chen2026\05_QA测试集\人工核查_环评报告出处整理_20260715\解析文本输出_按问答顺序\025_佛山市天隆通塑料制品有限公司新建项目_01_受理公告或公示版\025_佛山市天隆通塑料制品有限公司新建项目_01_受理公告或公示版.html,
026_佛山市顺德区振峰塑料模具制造有限公司分车间新建项目_01_受理公告或公示版,E:\华南理工项目\环评文件汇总\01_GitHub项目与研究文档\eia-openclaw-sync-chen2026\05_QA测试集\人工核查_环评报告出处整理_20260715\环评报告文件_按问答顺序\026_佛山市顺德区振峰塑料模具制造有限公司分车间新建项目_01_受理公告或公示版.pdf,.pdf,success,1,54708,50728,E:\华南理工项目\环评文件汇总\01_GitHub项目与研究文档\eia-openclaw-sync-chen2026\05_QA测试集\人工核查_环评报告出处整理_20260715\解析文本输出_按问答顺序\026_佛山市顺德区振峰塑料模具制造有限公司分车间新建项目_01_受理公告或公示版\026_佛山市顺德区振峰塑料模具制造有限公司分车间新建项目_01_受理公告或公示版.json,E:\华南理工项目\环评文件汇总\01_GitHub项目与研究文档\eia-openclaw-sync-chen2026\05_QA测试集\人工核查_环评报告出处整理_20260715\解析文本输出_按问答顺序\026_佛山市顺德区振峰塑料模具制造有限公司分车间新建项目_01_受理公告或公示版\026_佛山市顺德区振峰塑料模具制造有限公司分车间新建项目_01_受理公告或公示版.html,
027_佛山市茂安耀科技有限公司新建项目_01_受理公告或公示版,E:\华南理工项目\环评文件汇总\01_GitHub项目与研究文档\eia-openclaw-sync-chen2026\05_QA测试集\人工核查_环评报告出处整理_20260715\环评报告文件_按问答顺序\027_佛山市茂安耀科技有限公司新建项目_01_受理公告或公示版.pdf,.pdf,success,1,54211,50229,E:\华南理工项目\环评文件汇总\01_GitHub项目与研究文档\eia-openclaw-sync-chen2026\05_QA测试集\人工核查_环评报告出处整理_20260715\解析文本输出_按问答顺序\027_佛山市茂安耀科技有限公司新建项目_01_受理公告或公示版\027_佛山市茂安耀科技有限公司新建项目_01_受理公告或公示版.json,E:\华南理工项目\环评文件汇总\01_GitHub项目与研究文档\eia-openclaw-sync-chen2026\05_QA测试集\人工核查_环评报告出处整理_20260715\解析文本输出_按问答顺序\027_佛山市茂安耀科技有限公司新建项目_01_受理公告或公示版\027_佛山市茂安耀科技有限公司新建项目_01_受理公告或公示版.html,
028_佛山市瑞易德塑料五金制品有限公司搬迁项目_01_受理公告或公示版,E:\华南理工项目\环评文件汇总\01_GitHub项目与研究文档\eia-openclaw-sync-chen2026\05_QA测试集\人工核查_环评报告出处整理_20260715\环评报告文件_按问答顺序\028_佛山市瑞易德塑料五金制品有限公司搬迁项目_01_受理公告或公示版.pdf,.pdf,success,1,49437,47124,E:\华南理工项目\环评文件汇总\01_GitHub项目与研究文档\eia-openclaw-sync-chen2026\05_QA测试集\人工核查_环评报告出处整理_20260715\解析文本输出_按问答顺序\028_佛山市瑞易德塑料五金制品有限公司搬迁项目_01_受理公告或公示版\028_佛山市瑞易德塑料五金制品有限公司搬迁项目_01_受理公告或公示版.json,E:\华南理工项目\环评文件汇总\01_GitHub项目与研究文档\eia-openclaw-sync-chen2026\05_QA测试集\人工核查_环评报告出处整理_20260715\解析文本输出_按问答顺序\028_佛山市瑞易德塑料五金制品有限公司搬迁项目_01_受理公告或公示版\028_佛山市瑞易德塑料五金制品有限公司搬迁项目_01_受理公告或公示版.html,
029_佛山市浩创时代包装制品有限公司新建项目_01_受理公告或公示版,E:\华南理工项目\环评文件汇总\01_GitHub项目与研究文档\eia-openclaw-sync-chen2026\05_QA测试集\人工核查_环评报告出处整理_20260715\环评报告文件_按问答顺序\029_佛山市浩创时代包装制品有限公司新建项目_01_受理公告或公示版.pdf,.pdf,success,2,72627,66624,E:\华南理工项目\环评文件汇总\01_GitHub项目与研究文档\eia-openclaw-sync-chen2026\05_QA测试集\人工核查_环评报告出处整理_20260715\解析文本输出_按问答顺序\029_佛山市浩创时代包装制品有限公司新建项目_01_受理公告或公示版\029_佛山市浩创时代包装制品有限公司新建项目_01_受理公告或公示版.json,E:\华南理工项目\环评文件汇总\01_GitHub项目与研究文档\eia-openclaw-sync-chen2026\05_QA测试集\人工核查_环评报告出处整理_20260715\解析文本输出_按问答顺序\029_佛山市浩创时代包装制品有限公司新建项目_01_受理公告或公示版\029_佛山市浩创时代包装制品有限公司新建项目_01_受理公告或公示版.html,
030_德旺众新材料科技（佛山）有限公司新建建设项目_01_受理公告或公示版,E:\华南理工项目\环评文件汇总\01_GitHub项目与研究文档\eia-openclaw-sync-chen2026\05_QA测试集\人工核查_环评报告出处整理_20260715\环评报告文件_按问答顺序\030_德旺众新材料科技（佛山）有限公司新建建设项目_01_受理公告或公示版.pdf,.pdf,success,1,45026,41793,E:\华南理工项目\环评文件汇总\01_GitHub项目与研究文档\eia-openclaw-sync-chen2026\05_QA测试集\人工核查_环评报告出处整理_20260715\解析文本输出_按问答顺序\030_德旺众新材料科技（佛山）有限公司新建建设项目_01_受理公告或公示版\030_德旺众新材料科技（佛山）有限公司新建建设项目_01_受理公告或公示版.json,E:\华南理工项目\环评文件汇总\01_GitHub项目与研究文档\eia-openclaw-sync-chen2026\05_QA测试集\人工核查_环评报告出处整理_20260715\解析文本输出_按问答顺序\030_德旺众新材料科技（佛山）有限公司新建建设项目_01_受理公告或公示版\030_德旺众新材料科技（佛山）有限公司新建建设项目_01_受理公告或公示版.html,
031_广东施格纳电气有限公司新建项目_01_受理公告或公示版,E:\华南理工项目\环评文件汇总\01_GitHub项目与研究文档\eia-openclaw-sync-chen2026\05_QA测试集\人工核查_环评报告出处整理_20260715\环评报告文件_按问答顺序\031_广东施格纳电气有限公司新建项目_01_受理公告或公示版.pdf,.pdf,success,2,65722,64132,E:\华南理工项目\环评文件汇总\01_GitHub项目与研究文档\eia-openclaw-sync-chen2026\05_QA测试集\人工核查_环评报告出处整理_20260715\解析文本输出_按问答顺序\031_广东施格纳电气有限公司新建项目_01_受理公告或公示版\031_广东施格纳电气有限公司新建项目_01_受理公告或公示版.json,E:\华南理工项目\环评文件汇总\01_GitHub项目与研究文档\eia-openclaw-sync-chen2026\05_QA测试集\人工核查_环评报告出处整理_20260715\解析文本输出_按问答顺序\031_广东施格纳电气有限公司新建项目_01_受理公告或公示版\031_广东施格纳电气有限公司新建项目_01_受理公告或公示版.html,
032_佛山市沃丰德电器有限公司扩建项目_01_受理公告或公示版,E:\华南理工项目\环评文件汇总\01_GitHub项目与研究文档\eia-openclaw-sync-chen2026\05_QA测试集\人工核查_环评报告出处整理_20260715\环评报告文件_按问答顺序\032_佛山市沃丰德电器有限公司扩建项目_01_受理公告或公示版.pdf,.pdf,success,2,70330,66843,E:\华南理工项目\环评文件汇总\01_GitHub项目与研究文档\eia-openclaw-sync-chen2026\05_QA测试集\人工核查_环评报告出处整理_20260715\解析文本输出_按问答顺序\032_佛山市沃丰德电器有限公司扩建项目_01_受理公告或公示版\032_佛山市沃丰德电器有限公司扩建项目_01_受理公告或公示版.json,E:\华南理工项目\环评文件汇总\01_GitHub项目与研究文档\eia-openclaw-sync-chen2026\05_QA测试集\人工核查_环评报告出处整理_20260715\解析文本输出_按问答顺序\032_佛山市沃丰德电器有限公司扩建项目_01_受理公告或公示版\032_佛山市沃丰德电器有限公司扩建项目_01_受理公告或公示版.html,
033_佛山市顺德区钧锐塑料厂迁建项目_01_受理公告或公示版,E:\华南理工项目\环评文件汇总\01_GitHub项目与研究文档\eia-openclaw-sync-chen2026\05_QA测试集\人工核查_环评报告出处整理_20260715\环评报告文件_按问答顺序\033_佛山市顺德区钧锐塑料厂迁建项目_01_受理公告或公示版.pdf,.pdf,success,2,95860,87723,E:\华南理工项目\环评文件汇总\01_GitHub项目与研究文档\eia-openclaw-sync-chen2026\05_QA测试集\人工核查_环评报告出处整理_20260715\解析文本输出_按问答顺序\033_佛山市顺德区钧锐塑料厂迁建项目_01_受理公告或公示版\033_佛山市顺德区钧锐塑料厂迁建项目_01_受理公告或公示版.json,E:\华南理工项目\环评文件汇总\01_GitHub项目与研究文档\eia-openclaw-sync-chen2026\05_QA测试集\人工核查_环评报告出处整理_20260715\解析文本输出_按问答顺序\033_佛山市顺德区钧锐塑料厂迁建项目_01_受理公告或公示版\033_佛山市顺德区钧锐塑料厂迁建项目_01_受理公告或公示版.html,
034_广东梅州磁性材料有限公司顺德分公司迁扩建项目_01_受理公告或公示版,E:\华南理工项目\环评文件汇总\01_GitHub项目与研究文档\eia-openclaw-sync-chen2026\05_QA测试集\人工核查_环评报告出处整理_20260715\环评报告文件_按问答顺序\034_广东梅州磁性材料有限公司顺德分公司迁扩建项目_01_受理公告或公示版.pdf,.pdf,success,2,83715,76091,E:\华南理工项目\环评文件汇总\01_GitHub项目与研究文档\eia-openclaw-sync-chen2026\05_QA测试集\人工核查_环评报告出处整理_20260715\解析文本输出_按问答顺序\034_广东梅州磁性材料有限公司顺德分公司迁扩建项目_01_受理公告或公示版\034_广东梅州磁性材料有限公司顺德分公司迁扩建项目_01_受理公告或公示版.json,E:\华南理工项目\环评文件汇总\01_GitHub项目与研究文档\eia-openclaw-sync-chen2026\05_QA测试集\人工核查_环评报告出处整理_20260715\解析文本输出_按问答顺序\034_广东梅州磁性材料有限公司顺德分公司迁扩建项目_01_受理公告或公示版\034_广东梅州磁性材料有限公司顺德分公司迁扩建项目_01_受理公告或公示版.html,
035_佛山麦琪科技有限公司建设项目_01_受理公告或公示版,E:\华南理工项目\环评文件汇总\01_GitHub项目与研究文档\eia-openclaw-sync-chen2026\05_QA测试集\人工核查_环评报告出处整理_20260715\环评报告文件_按问答顺序\035_佛山麦琪科技有限公司建设项目_01_受理公告或公示版.pdf,.pdf,success,1,56932,53212,E:\华南理工项目\环评文件汇总\01_GitHub项目与研究文档\eia-openclaw-sync-chen2026\05_QA测试集\人工核查_环评报告出处整理_20260715\解析文本输出_按问答顺序\035_佛山麦琪科技有限公司建设项目_01_受理公告或公示版\035_佛山麦琪科技有限公司建设项目_01_受理公告或公示版.json,E:\华南理工项目\环评文件汇总\01_GitHub项目与研究文档\eia-openclaw-sync-chen2026\05_QA测试集\人工核查_环评报告出处整理_20260715\解析文本输出_按问答顺序\035_佛山麦琪科技有限公司建设项目_01_受理公告或公示版\035_佛山麦琪科技有限公司建设项目_01_受理公告或公示版.html,
036_佛山市顺德区晟昂电子科技有限公司新建项目_01_报批稿或报告表,E:\华南理工项目\环评文件汇总\01_GitHub项目与研究文档\eia-openclaw-sync-chen2026\05_QA测试集\人工核查_环评报告出处整理_20260715\环评报告文件_按问答顺序\036_佛山市顺德区晟昂电子科技有限公司新建项目_01_报批稿或报告表.pdf,.pdf,success,2,69101,66069,E:\华南理工项目\环评文件汇总\01_GitHub项目与研究文档\eia-openclaw-sync-chen2026\05_QA测试集\人工核查_环评报告出处整理_20260715\解析文本输出_按问答顺序\036_佛山市顺德区晟昂电子科技有限公司新建项目_01_报批稿或报告表\036_佛山市顺德区晟昂电子科技有限公司新建项目_01_报批稿或报告表.json,E:\华南理工项目\环评文件汇总\01_GitHub项目与研究文档\eia-openclaw-sync-chen2026\05_QA测试集\人工核查_环评报告出处整理_20260715\解析文本输出_按问答顺序\036_佛山市顺德区晟昂电子科技有限公司新建项目_01_报批稿或报告表\036_佛山市顺德区晟昂电子科技有限公司新建项目_01_报批稿或报告表.html,
037_佛山市锦汇塑料制品有限公司新建项目_01_受理公告或公示版,E:\华南理工项目\环评文件汇总\01_GitHub项目与研究文档\eia-openclaw-sync-chen2026\05_QA测试集\人工核查_环评报告出处整理_20260715\环评报告文件_按问答顺序\037_佛山市锦汇塑料制品有限公司新建项目_01_受理公告或公示版.pdf,.pdf,success,1,63538,58850,E:\华南理工项目\环评文件汇总\01_GitHub项目与研究文档\eia-openclaw-sync-chen2026\05_QA测试集\人工核查_环评报告出处整理_20260715\解析文本输出_按问答顺序\037_佛山市锦汇塑料制品有限公司新建项目_01_受理公告或公示版\037_佛山市锦汇塑料制品有限公司新建项目_01_受理公告或公示版.json,E:\华南理工项目\环评文件汇总\01_GitHub项目与研究文档\eia-openclaw-sync-chen2026\05_QA测试集\人工核查_环评报告出处整理_20260715\解析文本输出_按问答顺序\037_佛山市锦汇塑料制品有限公司新建项目_01_受理公告或公示版\037_佛山市锦汇塑料制品有限公司新建项目_01_受理公告或公示版.html,
038_佛山市海川塑料制品有限公司新建项目_01_受理公告或公示版,E:\华南理工项目\环评文件汇总\01_GitHub项目与研究文档\eia-openclaw-sync-chen2026\05_QA测试集\人工核查_环评报告出处整理_20260715\环评报告文件_按问答顺序\038_佛山市海川塑料制品有限公司新建项目_01_受理公告或公示版.pdf,.pdf,success,1,55290,52222,E:\华南理工项目\环评文件汇总\01_GitHub项目与研究文档\eia-openclaw-sync-chen2026\05_QA测试集\人工核查_环评报告出处整理_20260715\解析文本输出_按问答顺序\038_佛山市海川塑料制品有限公司新建项目_01_受理公告或公示版\038_佛山市海川塑料制品有限公司新建项目_01_受理公告或公示版.json,E:\华南理工项目\环评文件汇总\01_GitHub项目与研究文档\eia-openclaw-sync-chen2026\05_QA测试集\人工核查_环评报告出处整理_20260715\解析文本输出_按问答顺序\038_佛山市海川塑料制品有限公司新建项目_01_受理公告或公示版\038_佛山市海川塑料制品有限公司新建项目_01_受理公告或公示版.html,
039_佛山市创灏五金塑料有限公司年产塑料制品1250万件迁改扩建项目_01_受理公告或公示版,E:\华南理工项目\环评文件汇总\01_GitHub项目与研究文档\eia-openclaw-sync-chen2026\05_QA测试集\人工核查_环评报告出处整理_20260715\环评报告文件_按问答顺序\039_佛山市创灏五金塑料有限公司年产塑料制品1250万件迁改扩建项目_01_受理公告或公示版.pdf,.pdf,success,2,68254,66167,E:\华南理工项目\环评文件汇总\01_GitHub项目与研究文档\eia-openclaw-sync-chen2026\05_QA测试集\人工核查_环评报告出处整理_20260715\解析文本输出_按问答顺序\039_佛山市创灏五金塑料有限公司年产塑料制品1250万件迁改扩建项目_01_受理公告或公示版\039_佛山市创灏五金塑料有限公司年产塑料制品1250万件迁改扩建项目_01_受理公告或公示版.json,E:\华南理工项目\环评文件汇总\01_GitHub项目与研究文档\eia-openclaw-sync-chen2026\05_QA测试集\人工核查_环评报告出处整理_20260715\解析文本输出_按问答顺序\039_佛山市创灏五金塑料有限公司年产塑料制品1250万件迁改扩建项目_01_受理公告或公示版\039_佛山市创灏五金塑料有限公司年产塑料制品1250万件迁改扩建项目_01_受理公告或公示版.html,
040_佛山市顺德区夏瑞塑胶有限公司迁扩建项目_01_受理公告或公示版,E:\华南理工项目\环评文件汇总\01_GitHub项目与研究文档\eia-openclaw-sync-chen2026\05_QA测试集\人工核查_环评报告出处整理_20260715\环评报告文件_按问答顺序\040_佛山市顺德区夏瑞塑胶有限公司迁扩建项目_01_受理公告或公示版.pdf,.pdf,success,1,58564,55435,E:\华南理工项目\环评文件汇总\01_GitHub项目与研究文档\eia-openclaw-sync-chen2026\05_QA测试集\人工核查_环评报告出处整理_20260715\解析文本输出_按问答顺序\040_佛山市顺德区夏瑞塑胶有限公司迁扩建项目_01_受理公告或公示版\040_佛山市顺德区夏瑞塑胶有限公司迁扩建项目_01_受理公告或公示版.json,E:\华南理工项目\环评文件汇总\01_GitHub项目与研究文档\eia-openclaw-sync-chen2026\05_QA测试集\人工核查_环评报告出处整理_20260715\解析文本输出_按问答顺序\040_佛山市顺德区夏瑞塑胶有限公司迁扩建项目_01_受理公告或公示版\040_佛山市顺德区夏瑞塑胶有限公司迁扩建项目_01_受理公告或公示版.html,
041_佛山市益旭电器有限公司新建项目_01_受理公告或公示版,E:\华南理工项目\环评文件汇总\01_GitHub项目与研究文档\eia-openclaw-sync-chen2026\05_QA测试集\人工核查_环评报告出处整理_20260715\环评报告文件_按问答顺序\041_佛山市益旭电器有限公司新建项目_01_受理公告或公示版.pdf,.pdf,success,1,61977,56142,E:\华南理工项目\环评文件汇总\01_GitHub项目与研究文档\eia-openclaw-sync-chen2026\05_QA测试集\人工核查_环评报告出处整理_20260715\解析文本输出_按问答顺序\041_佛山市益旭电器有限公司新建项目_01_受理公告或公示版\041_佛山市益旭电器有限公司新建项目_01_受理公告或公示版.json,E:\华南理工项目\环评文件汇总\01_GitHub项目与研究文档\eia-openclaw-sync-chen2026\05_QA测试集\人工核查_环评报告出处整理_20260715\解析文本输出_按问答顺序\041_佛山市益旭电器有限公司新建项目_01_受理公告或公示版\041_佛山市益旭电器有限公司新建项目_01_受理公告或公示版.html,
042_佛山市昇汇包装材料有限公司新建项目_01_受理公告或公示版,E:\华南理工项目\环评文件汇总\01_GitHub项目与研究文档\eia-openclaw-sync-chen2026\05_QA测试集\人工核查_环评报告出处整理_20260715\环评报告文件_按问答顺序\042_佛山市昇汇包装材料有限公司新建项目_01_受理公告或公示版.pdf,.pdf,success,1,58011,53437,E:\华南理工项目\环评文件汇总\01_GitHub项目与研究文档\eia-openclaw-sync-chen2026\05_QA测试集\人工核查_环评报告出处整理_20260715\解析文本输出_按问答顺序\042_佛山市昇汇包装材料有限公司新建项目_01_受理公告或公示版\042_佛山市昇汇包装材料有限公司新建项目_01_受理公告或公示版.json,E:\华南理工项目\环评文件汇总\01_GitHub项目与研究文档\eia-openclaw-sync-chen2026\05_QA测试集\人工核查_环评报告出处整理_20260715\解析文本输出_按问答顺序\042_佛山市昇汇包装材料有限公司新建项目_01_受理公告或公示版\042_佛山市昇汇包装材料有限公司新建项目_01_受理公告或公示版.html,
043_佛山市富懿塑料制品有限公司新建项目_01_报批稿或报告表,E:\华南理工项目\环评文件汇总\01_GitHub项目与研究文档\eia-openclaw-sync-chen2026\05_QA测试集\人工核查_环评报告出处整理_20260715\环评报告文件_按问答顺序\043_佛山市富懿塑料制品有限公司新建项目_01_报批稿或报告表.pdf,.pdf,success,1,46154,44416,E:\华南理工项目\环评文件汇总\01_GitHub项目与研究文档\eia-openclaw-sync-chen2026\05_QA测试集\人工核查_环评报告出处整理_20260715\解析文本输出_按问答顺序\043_佛山市富懿塑料制品有限公司新建项目_01_报批稿或报告表\043_佛山市富懿塑料制品有限公司新建项目_01_报批稿或报告表.json,E:\华南理工项目\环评文件汇总\01_GitHub项目与研究文档\eia-openclaw-sync-chen2026\05_QA测试集\人工核查_环评报告出处整理_20260715\解析文本输出_按问答顺序\043_佛山市富懿塑料制品有限公司新建项目_01_报批稿或报告表\043_佛山市富懿塑料制品有限公司新建项目_01_报批稿或报告表.html,
044_佛山市圣鑫塑料制品有限公司新建项目_01_受理公告或公示版,E:\华南理工项目\环评文件汇总\01_GitHub项目与研究文档\eia-openclaw-sync-chen2026\05_QA测试集\人工核查_环评报告出处整理_20260715\环评报告文件_按问答顺序\044_佛山市圣鑫塑料制品有限公司新建项目_01_受理公告或公示版.pdf,.pdf,success,1,59400,55939,E:\华南理工项目\环评文件汇总\01_GitHub项目与研究文档\eia-openclaw-sync-chen2026\05_QA测试集\人工核查_环评报告出处整理_20260715\解析文本输出_按问答顺序\044_佛山市圣鑫塑料制品有限公司新建项目_01_受理公告或公示版\044_佛山市圣鑫塑料制品有限公司新建项目_01_受理公告或公示版.json,E:\华南理工项目\环评文件汇总\01_GitHub项目与研究文档\eia-openclaw-sync-chen2026\05_QA测试集\人工核查_环评报告出处整理_20260715\解析文本输出_按问答顺序\044_佛山市圣鑫塑料制品有限公司新建项目_01_受理公告或公示版\044_佛山市圣鑫塑料制品有限公司新建项目_01_受理公告或公示版.html,
045_佛山智达医疗器械有限公司新建项目_01_受理公告或公示版,E:\华南理工项目\环评文件汇总\01_GitHub项目与研究文档\eia-openclaw-sync-chen2026\05_QA测试集\人工核查_环评报告出处整理_20260715\环评报告文件_按问答顺序\045_佛山智达医疗器械有限公司新建项目_01_受理公告或公示版.pdf,.pdf,success,2,63491,60078,E:\华南理工项目\环评文件汇总\01_GitHub项目与研究文档\eia-openclaw-sync-chen2026\05_QA测试集\人工核查_环评报告出处整理_20260715\解析文本输出_按问答顺序\045_佛山智达医疗器械有限公司新建项目_01_受理公告或公示版\045_佛山智达医疗器械有限公司新建项目_01_受理公告或公示版.json,E:\华南理工项目\环评文件汇总\01_GitHub项目与研究文档\eia-openclaw-sync-chen2026\05_QA测试集\人工核查_环评报告出处整理_20260715\解析文本输出_按问答顺序\045_佛山智达医疗器械有限公司新建项目_01_受理公告或公示版\045_佛山智达医疗器械有限公司新建项目_01_受理公告或公示版.html,
046_佛山市顺德区华祥坤工艺电器有限公司扩建项目_01_受理公告或公示版,E:\华南理工项目\环评文件汇总\01_GitHub项目与研究文档\eia-openclaw-sync-chen2026\05_QA测试集\人工核查_环评报告出处整理_20260715\环评报告文件_按问答顺序\046_佛山市顺德区华祥坤工艺电器有限公司扩建项目_01_受理公告或公示版.pdf,.pdf,success,2,84654,76926,E:\华南理工项目\环评文件汇总\01_GitHub项目与研究文档\eia-openclaw-sync-chen2026\05_QA测试集\人工核查_环评报告出处整理_20260715\解析文本输出_按问答顺序\046_佛山市顺德区华祥坤工艺电器有限公司扩建项目_01_受理公告或公示版\046_佛山市顺德区华祥坤工艺电器有限公司扩建项目_01_受理公告或公示版.json,E:\华南理工项目\环评文件汇总\01_GitHub项目与研究文档\eia-openclaw-sync-chen2026\05_QA测试集\人工核查_环评报告出处整理_20260715\解析文本输出_按问答顺序\046_佛山市顺德区华祥坤工艺电器有限公司扩建项目_01_受理公告或公示版\046_佛山市顺德区华祥坤工艺电器有限公司扩建项目_01_受理公告或公示版.html,
047_广东希睿思汽车零部件有限公司新建项目_01_受理公告或公示版,E:\华南理工项目\环评文件汇总\01_GitHub项目与研究文档\eia-openclaw-sync-chen2026\05_QA测试集\人工核查_环评报告出处整理_20260715\环评报告文件_按问答顺序\047_广东希睿思汽车零部件有限公司新建项目_01_受理公告或公示版.pdf,.pdf,success,2,81746,73811,E:\华南理工项目\环评文件汇总\01_GitHub项目与研究文档\eia-openclaw-sync-chen2026\05_QA测试集\人工核查_环评报告出处整理_20260715\解析文本输出_按问答顺序\047_广东希睿思汽车零部件有限公司新建项目_01_受理公告或公示版\047_广东希睿思汽车零部件有限公司新建项目_01_受理公告或公示版.json,E:\华南理工项目\环评文件汇总\01_GitHub项目与研究文档\eia-openclaw-sync-chen2026\05_QA测试集\人工核查_环评报告出处整理_20260715\解析文本输出_按问答顺序\047_广东希睿思汽车零部件有限公司新建项目_01_受理公告或公示版\047_广东希睿思汽车零部件有限公司新建项目_01_受理公告或公示版.html,
048_佛山市顺德区嘉保洁具有限公司迁建项目_01_报批稿或报告表,E:\华南理工项目\环评文件汇总\01_GitHub项目与研究文档\eia-openclaw-sync-chen2026\05_QA测试集\人工核查_环评报告出处整理_20260715\环评报告文件_按问答顺序\048_佛山市顺德区嘉保洁具有限公司迁建项目_01_报批稿或报告表.pdf,.pdf,success,2,70110,64563,E:\华南理工项目\环评文件汇总\01_GitHub项目与研究文档\eia-openclaw-sync-chen2026\05_QA测试集\人工核查_环评报告出处整理_20260715\解析文本输出_按问答顺序\048_佛山市顺德区嘉保洁具有限公司迁建项目_01_报批稿或报告表\048_佛山市顺德区嘉保洁具有限公司迁建项目_01_报批稿或报告表.json,E:\华南理工项目\环评文件汇总\01_GitHub项目与研究文档\eia-openclaw-sync-chen2026\05_QA测试集\人工核查_环评报告出处整理_20260715\解析文本输出_按问答顺序\048_佛山市顺德区嘉保洁具有限公司迁建项目_01_报批稿或报告表\048_佛山市顺德区嘉保洁具有限公司迁建项目_01_报批稿或报告表.html,
049_佛山市力方电器科技有限公司新建项目_01_报批稿或报告表,E:\华南理工项目\环评文件汇总\01_GitHub项目与研究文档\eia-openclaw-sync-chen2026\05_QA测试集\人工核查_环评报告出处整理_20260715\环评报告文件_按问答顺序\049_佛山市力方电器科技有限公司新建项目_01_报批稿或报告表.pdf,.pdf,success,0,0,0,E:\华南理工项目\环评文件汇总\01_GitHub项目与研究文档\eia-openclaw-sync-chen2026\05_QA测试集\人工核查_环评报告出处整理_20260715\解析文本输出_按问答顺序\049_佛山市力方电器科技有限公司新建项目_01_报批稿或报告表\049_佛山市力方电器科技有限公司新建项目_01_报批稿或报告表.json,E:\华南理工项目\环评文件汇总\01_GitHub项目与研究文档\eia-openclaw-sync-chen2026\05_QA测试集\人工核查_环评报告出处整理_20260715\解析文本输出_按问答顺序\049_佛山市力方电器科技有限公司新建项目_01_报批稿或报告表\049_佛山市力方电器科技有限公司新建项目_01_报批稿或报告表.html,
050_佛山市顺德区红昇电器有限公司新建项目_01_受理公告或公示版,E:\华南理工项目\环评文件汇总\01_GitHub项目与研究文档\eia-openclaw-sync-chen2026\05_QA测试集\人工核查_环评报告出处整理_20260715\环评报告文件_按问答顺序\050_佛山市顺德区红昇电器有限公司新建项目_01_受理公告或公示版.pdf,.pdf,success,1,64286,58360,E:\华南理工项目\环评文件汇总\01_GitHub项目与研究文档\eia-openclaw-sync-chen2026\05_QA测试集\人工核查_环评报告出处整理_20260715\解析文本输出_按问答顺序\050_佛山市顺德区红昇电器有限公司新建项目_01_受理公告或公示版\050_佛山市顺德区红昇电器有限公司新建项目_01_受理公告或公示版.json,E:\华南理工项目\环评文件汇总\01_GitHub项目与研究文档\eia-openclaw-sync-chen2026\05_QA测试集\人工核查_环评报告出处整理_20260715\解析文本输出_按问答顺序\050_佛山市顺德区红昇电器有限公司新建项目_01_受理公告或公示版\050_佛山市顺德区红昇电器有限公司新建项目_01_受理公告或公示版.html,
051_佛山市力新五金塑胶制品有限公司新建项目_01_受理公告或公示版,E:\华南理工项目\环评文件汇总\01_GitHub项目与研究文档\eia-openclaw-sync-chen2026\05_QA测试集\人工核查_环评报告出处整理_20260715\环评报告文件_按问答顺序\051_佛山市力新五金塑胶制品有限公司新建项目_01_受理公告或公示版.pdf,.pdf,success,2,77156,73132,E:\华南理工项目\环评文件汇总\01_GitHub项目与研究文档\eia-openclaw-sync-chen2026\05_QA测试集\人工核查_环评报告出处整理_20260715\解析文本输出_按问答顺序\051_佛山市力新五金塑胶制品有限公司新建项目_01_受理公告或公示版\051_佛山市力新五金塑胶制品有限公司新建项目_01_受理公告或公示版.json,E:\华南理工项目\环评文件汇总\01_GitHub项目与研究文档\eia-openclaw-sync-chen2026\05_QA测试集\人工核查_环评报告出处整理_20260715\解析文本输出_按问答顺序\051_佛山市力新五金塑胶制品有限公司新建项目_01_受理公告或公示版\051_佛山市力新五金塑胶制品有限公司新建项目_01_受理公告或公示版.html,
052_佛山市祖帮海绵有限公司新建项目_01_受理公告或公示版,E:\华南理工项目\环评文件汇总\01_GitHub项目与研究文档\eia-openclaw-sync-chen2026\05_QA测试集\人工核查_环评报告出处整理_20260715\环评报告文件_按问答顺序\052_佛山市祖帮海绵有限公司新建项目_01_受理公告或公示版.pdf,.pdf,success,4,212749,198099,E:\华南理工项目\环评文件汇总\01_GitHub项目与研究文档\eia-openclaw-sync-chen2026\05_QA测试集\人工核查_环评报告出处整理_20260715\解析文本输出_按问答顺序\052_佛山市祖帮海绵有限公司新建项目_01_受理公告或公示版\052_佛山市祖帮海绵有限公司新建项目_01_受理公告或公示版.json,E:\华南理工项目\环评文件汇总\01_GitHub项目与研究文档\eia-openclaw-sync-chen2026\05_QA测试集\人工核查_环评报告出处整理_20260715\解析文本输出_按问答顺序\052_佛山市祖帮海绵有限公司新建项目_01_受理公告或公示版\052_佛山市祖帮海绵有限公司新建项目_01_受理公告或公示版.html,
053_佛山粤友塑料制品有限公司新建项目_01_受理公告或公示版,E:\华南理工项目\环评文件汇总\01_GitHub项目与研究文档\eia-openclaw-sync-chen2026\05_QA测试集\人工核查_环评报告出处整理_20260715\环评报告文件_按问答顺序\053_佛山粤友塑料制品有限公司新建项目_01_受理公告或公示版.pdf,.pdf,success,1,58264,54900,E:\华南理工项目\环评文件汇总\01_GitHub项目与研究文档\eia-openclaw-sync-chen2026\05_QA测试集\人工核查_环评报告出处整理_20260715\解析文本输出_按问答顺序\053_佛山粤友塑料制品有限公司新建项目_01_受理公告或公示版\053_佛山粤友塑料制品有限公司新建项目_01_受理公告或公示版.json,E:\华南理工项目\环评文件汇总\01_GitHub项目与研究文档\eia-openclaw-sync-chen2026\05_QA测试集\人工核查_环评报告出处整理_20260715\解析文本输出_按问答顺序\053_佛山粤友塑料制品有限公司新建项目_01_受理公告或公示版\053_佛山粤友塑料制品有限公司新建项目_01_受理公告或公示版.html,
054_佛山诗佳格科技有限公司新建项目_01_受理公告或公示版,E:\华南理工项目\环评文件汇总\01_GitHub项目与研究文档\eia-openclaw-sync-chen2026\05_QA测试集\人工核查_环评报告出处整理_20260715\环评报告文件_按问答顺序\054_佛山诗佳格科技有限公司新建项目_01_受理公告或公示版.pdf,.pdf,success,2,64293,60239,E:\华南理工项目\环评文件汇总\01_GitHub项目与研究文档\eia-openclaw-sync-chen2026\05_QA测试集\人工核查_环评报告出处整理_20260715\解析文本输出_按问答顺序\054_佛山诗佳格科技有限公司新建项目_01_受理公告或公示版\054_佛山诗佳格科技有限公司新建项目_01_受理公告或公示版.json,E:\华南理工项目\环评文件汇总\01_GitHub项目与研究文档\eia-openclaw-sync-chen2026\05_QA测试集\人工核查_环评报告出处整理_20260715\解析文本输出_按问答顺序\054_佛山诗佳格科技有限公司新建项目_01_受理公告或公示版\054_佛山诗佳格科技有限公司新建项目_01_受理公告或公示版.html,
055_佛山市乔安电器有限公司迁建项目_01_受理公告或公示版,E:\华南理工项目\环评文件汇总\01_GitHub项目与研究文档\eia-openclaw-sync-chen2026\05_QA测试集\人工核查_环评报告出处整理_20260715\环评报告文件_按问答顺序\055_佛山市乔安电器有限公司迁建项目_01_受理公告或公示版.pdf,.pdf,success,1,59885,54663,E:\华南理工项目\环评文件汇总\01_GitHub项目与研究文档\eia-openclaw-sync-chen2026\05_QA测试集\人工核查_环评报告出处整理_20260715\解析文本输出_按问答顺序\055_佛山市乔安电器有限公司迁建项目_01_受理公告或公示版\055_佛山市乔安电器有限公司迁建项目_01_受理公告或公示版.json,E:\华南理工项目\环评文件汇总\01_GitHub项目与研究文档\eia-openclaw-sync-chen2026\05_QA测试集\人工核查_环评报告出处整理_20260715\解析文本输出_按问答顺序\055_佛山市乔安电器有限公司迁建项目_01_受理公告或公示版\055_佛山市乔安电器有限公司迁建项目_01_受理公告或公示版.html,
056_佛山市顺德区菱昌精密塑料五金实业有限公司新建项目_01_受理公告或公示版,E:\华南理工项目\环评文件汇总\01_GitHub项目与研究文档\eia-openclaw-sync-chen2026\05_QA测试集\人工核查_环评报告出处整理_20260715\环评报告文件_按问答顺序\056_佛山市顺德区菱昌精密塑料五金实业有限公司新建项目_01_受理公告或公示版.pdf,.pdf,success,2,64058,60344,E:\华南理工项目\环评文件汇总\01_GitHub项目与研究文档\eia-openclaw-sync-chen2026\05_QA测试集\人工核查_环评报告出处整理_20260715\解析文本输出_按问答顺序\056_佛山市顺德区菱昌精密塑料五金实业有限公司新建项目_01_受理公告或公示版\056_佛山市顺德区菱昌精密塑料五金实业有限公司新建项目_01_受理公告或公示版.json,E:\华南理工项目\环评文件汇总\01_GitHub项目与研究文档\eia-openclaw-sync-chen2026\05_QA测试集\人工核查_环评报告出处整理_20260715\解析文本输出_按问答顺序\056_佛山市顺德区菱昌精密塑料五金实业有限公司新建项目_01_受理公告或公示版\056_佛山市顺德区菱昌精密塑料五金实业有限公司新建项目_01_受理公告或公示版.html,
057_佛山市德田科技有限公司建设项目_01_受理公告或公示版,E:\华南理工项目\环评文件汇总\01_GitHub项目与研究文档\eia-openclaw-sync-chen2026\05_QA测试集\人工核查_环评报告出处整理_20260715\环评报告文件_按问答顺序\057_佛山市德田科技有限公司建设项目_01_受理公告或公示版.pdf,.pdf,success,1,62320,57344,E:\华南理工项目\环评文件汇总\01_GitHub项目与研究文档\eia-openclaw-sync-chen2026\05_QA测试集\人工核查_环评报告出处整理_20260715\解析文本输出_按问答顺序\057_佛山市德田科技有限公司建设项目_01_受理公告或公示版\057_佛山市德田科技有限公司建设项目_01_受理公告或公示版.json,E:\华南理工项目\环评文件汇总\01_GitHub项目与研究文档\eia-openclaw-sync-chen2026\05_QA测试集\人工核查_环评报告出处整理_20260715\解析文本输出_按问答顺序\057_佛山市德田科技有限公司建设项目_01_受理公告或公示版\057_佛山市德田科技有限公司建设项目_01_受理公告或公示版.html,
058_佛山市车壹套塑料制品有限公司新建项目_01_受理公告或公示版,E:\华南理工项目\环评文件汇总\01_GitHub项目与研究文档\eia-openclaw-sync-chen2026\05_QA测试集\人工核查_环评报告出处整理_20260715\环评报告文件_按问答顺序\058_佛山市车壹套塑料制品有限公司新建项目_01_受理公告或公示版.pdf,.pdf,success,1,54864,52092,E:\华南理工项目\环评文件汇总\01_GitHub项目与研究文档\eia-openclaw-sync-chen2026\05_QA测试集\人工核查_环评报告出处整理_20260715\解析文本输出_按问答顺序\058_佛山市车壹套塑料制品有限公司新建项目_01_受理公告或公示版\058_佛山市车壹套塑料制品有限公司新建项目_01_受理公告或公示版.json,E:\华南理工项目\环评文件汇总\01_GitHub项目与研究文档\eia-openclaw-sync-chen2026\05_QA测试集\人工核查_环评报告出处整理_20260715\解析文本输出_按问答顺序\058_佛山市车壹套塑料制品有限公司新建项目_01_受理公告或公示版\058_佛山市车壹套塑料制品有限公司新建项目_01_受理公告或公示版.html,
059_华硕（广东）新材料股份有限公司新建项目_01_报批稿或报告表,E:\华南理工项目\环评文件汇总\01_GitHub项目与研究文档\eia-openclaw-sync-chen2026\05_QA测试集\人工核查_环评报告出处整理_20260715\环评报告文件_按问答顺序\059_华硕（广东）新材料股份有限公司新建项目_01_报批稿或报告表.pdf,.pdf,success,2,64063,60500,E:\华南理工项目\环评文件汇总\01_GitHub项目与研究文档\eia-openclaw-sync-chen2026\05_QA测试集\人工核查_环评报告出处整理_20260715\解析文本输出_按问答顺序\059_华硕（广东）新材料股份有限公司新建项目_01_报批稿或报告表\059_华硕（广东）新材料股份有限公司新建项目_01_报批稿或报告表.json,E:\华南理工项目\环评文件汇总\01_GitHub项目与研究文档\eia-openclaw-sync-chen2026\05_QA测试集\人工核查_环评报告出处整理_20260715\解析文本输出_按问答顺序\059_华硕（广东）新材料股份有限公司新建项目_01_报批稿或报告表\059_华硕（广东）新材料股份有限公司新建项目_01_报批稿或报告表.html,
060_佛山汇诚科技有限公司新建项目_01_报批稿或报告表,E:\华南理工项目\环评文件汇总\01_GitHub项目与研究文档\eia-openclaw-sync-chen2026\05_QA测试集\人工核查_环评报告出处整理_20260715\环评报告文件_按问答顺序\060_佛山汇诚科技有限公司新建项目_01_报批稿或报告表.pdf,.pdf,success,2,103885,93266,E:\华南理工项目\环评文件汇总\01_GitHub项目与研究文档\eia-openclaw-sync-chen2026\05_QA测试集\人工核查_环评报告出处整理_20260715\解析文本输出_按问答顺序\060_佛山汇诚科技有限公司新建项目_01_报批稿或报告表\060_佛山汇诚科技有限公司新建项目_01_报批稿或报告表.json,E:\华南理工项目\环评文件汇总\01_GitHub项目与研究文档\eia-openclaw-sync-chen2026\05_QA测试集\人工核查_环评报告出处整理_20260715\解析文本输出_按问答顺序\060_佛山汇诚科技有限公司新建项目_01_报批稿或报告表\060_佛山汇诚科技有限公司新建项目_01_报批稿或报告表.html,
061_佛山市景素科科技有限公司建设项目_01_受理公告或公示版,E:\华南理工项目\环评文件汇总\01_GitHub项目与研究文档\eia-openclaw-sync-chen2026\05_QA测试集\人工核查_环评报告出处整理_20260715\环评报告文件_按问答顺序\061_佛山市景素科科技有限公司建设项目_01_受理公告或公示版.pdf,.pdf,success,1,62011,58801,E:\华南理工项目\环评文件汇总\01_GitHub项目与研究文档\eia-openclaw-sync-chen2026\05_QA测试集\人工核查_环评报告出处整理_20260715\解析文本输出_按问答顺序\061_佛山市景素科科技有限公司建设项目_01_受理公告或公示版\061_佛山市景素科科技有限公司建设项目_01_受理公告或公示版.json,E:\华南理工项目\环评文件汇总\01_GitHub项目与研究文档\eia-openclaw-sync-chen2026\05_QA测试集\人工核查_环评报告出处整理_20260715\解析文本输出_按问答顺序\061_佛山市景素科科技有限公司建设项目_01_受理公告或公示版\061_佛山市景素科科技有限公司建设项目_01_受理公告或公示版.html,
062_佛山市智鑫塑胶制品有限公司迁扩建项目_01_报批稿或报告表,E:\华南理工项目\环评文件汇总\01_GitHub项目与研究文档\eia-openclaw-sync-chen2026\05_QA测试集\人工核查_环评报告出处整理_20260715\环评报告文件_按问答顺序\062_佛山市智鑫塑胶制品有限公司迁扩建项目_01_报批稿或报告表.pdf,.pdf,success,2,81055,74390,E:\华南理工项目\环评文件汇总\01_GitHub项目与研究文档\eia-openclaw-sync-chen2026\05_QA测试集\人工核查_环评报告出处整理_20260715\解析文本输出_按问答顺序\062_佛山市智鑫塑胶制品有限公司迁扩建项目_01_报批稿或报告表\062_佛山市智鑫塑胶制品有限公司迁扩建项目_01_报批稿或报告表.json,E:\华南理工项目\环评文件汇总\01_GitHub项目与研究文档\eia-openclaw-sync-chen2026\05_QA测试集\人工核查_环评报告出处整理_20260715\解析文本输出_按问答顺序\062_佛山市智鑫塑胶制品有限公司迁扩建项目_01_报批稿或报告表\062_佛山市智鑫塑胶制品有限公司迁扩建项目_01_报批稿或报告表.html,
063_佛山市玖心日用品有限公司新建项目_01_报批稿或报告表,E:\华南理工项目\环评文件汇总\01_GitHub项目与研究文档\eia-openclaw-sync-chen2026\05_QA测试集\人工核查_环评报告出处整理_20260715\环评报告文件_按问答顺序\063_佛山市玖心日用品有限公司新建项目_01_报批稿或报告表.pdf,.pdf,success,2,80799,73846,E:\华南理工项目\环评文件汇总\01_GitHub项目与研究文档\eia-openclaw-sync-chen2026\05_QA测试集\人工核查_环评报告出处整理_20260715\解析文本输出_按问答顺序\063_佛山市玖心日用品有限公司新建项目_01_报批稿或报告表\063_佛山市玖心日用品有限公司新建项目_01_报批稿或报告表.json,E:\华南理工项目\环评文件汇总\01_GitHub项目与研究文档\eia-openclaw-sync-chen2026\05_QA测试集\人工核查_环评报告出处整理_20260715\解析文本输出_按问答顺序\063_佛山市玖心日用品有限公司新建项目_01_报批稿或报告表\063_佛山市玖心日用品有限公司新建项目_01_报批稿或报告表.html,
064_佛山市靓禾厨卫用品有限公司新建项目_01_受理公告或公示版,E:\华南理工项目\环评文件汇总\01_GitHub项目与研究文档\eia-openclaw-sync-chen2026\05_QA测试集\人工核查_环评报告出处整理_20260715\环评报告文件_按问答顺序\064_佛山市靓禾厨卫用品有限公司新建项目_01_受理公告或公示版.pdf,.pdf,success,1,53062,48434,E:\华南理工项目\环评文件汇总\01_GitHub项目与研究文档\eia-openclaw-sync-chen2026\05_QA测试集\人工核查_环评报告出处整理_20260715\解析文本输出_按问答顺序\064_佛山市靓禾厨卫用品有限公司新建项目_01_受理公告或公示版\064_佛山市靓禾厨卫用品有限公司新建项目_01_受理公告或公示版.json,E:\华南理工项目\环评文件汇总\01_GitHub项目与研究文档\eia-openclaw-sync-chen2026\05_QA测试集\人工核查_环评报告出处整理_20260715\解析文本输出_按问答顺序\064_佛山市靓禾厨卫用品有限公司新建项目_01_受理公告或公示版\064_佛山市靓禾厨卫用品有限公司新建项目_01_受理公告或公示版.html,
065_万业诚新材料（佛山）有限公司迁建项目_01_受理公告或公示版,E:\华南理工项目\环评文件汇总\01_GitHub项目与研究文档\eia-openclaw-sync-chen2026\05_QA测试集\人工核查_环评报告出处整理_20260715\环评报告文件_按问答顺序\065_万业诚新材料（佛山）有限公司迁建项目_01_受理公告或公示版.pdf,.pdf,success,2,85024,81696,E:\华南理工项目\环评文件汇总\01_GitHub项目与研究文档\eia-openclaw-sync-chen2026\05_QA测试集\人工核查_环评报告出处整理_20260715\解析文本输出_按问答顺序\065_万业诚新材料（佛山）有限公司迁建项目_01_受理公告或公示版\065_万业诚新材料（佛山）有限公司迁建项目_01_受理公告或公示版.json,E:\华南理工项目\环评文件汇总\01_GitHub项目与研究文档\eia-openclaw-sync-chen2026\05_QA测试集\人工核查_环评报告出处整理_20260715\解析文本输出_按问答顺序\065_万业诚新材料（佛山）有限公司迁建项目_01_受理公告或公示版\065_万业诚新材料（佛山）有限公司迁建项目_01_受理公告或公示版.html,
066_广东顺德顺炎新材料股份有限公司年产改性塑料粒6万吨迁扩建项目_01_报批稿或报告表,E:\华南理工项目\环评文件汇总\01_GitHub项目与研究文档\eia-openclaw-sync-chen2026\05_QA测试集\人工核查_环评报告出处整理_20260715\环评报告文件_按问答顺序\066_广东顺德顺炎新材料股份有限公司年产改性塑料粒6万吨迁扩建项目_01_报批稿或报告表.pdf,.pdf,success,1,62779,58751,E:\华南理工项目\环评文件汇总\01_GitHub项目与研究文档\eia-openclaw-sync-chen2026\05_QA测试集\人工核查_环评报告出处整理_20260715\解析文本输出_按问答顺序\066_广东顺德顺炎新材料股份有限公司年产改性塑料粒6万吨迁扩建项目_01_报批稿或报告表\066_广东顺德顺炎新材料股份有限公司年产改性塑料粒6万吨迁扩建项目_01_报批稿或报告表.json,E:\华南理工项目\环评文件汇总\01_GitHub项目与研究文档\eia-openclaw-sync-chen2026\05_QA测试集\人工核查_环评报告出处整理_20260715\解析文本输出_按问答顺序\066_广东顺德顺炎新材料股份有限公司年产改性塑料粒6万吨迁扩建项目_01_报批稿或报告表\066_广东顺德顺炎新材料股份有限公司年产改性塑料粒6万吨迁扩建项目_01_报批稿或报告表.html,
067_佛山市顺德区耀顺欣模具厂新建项目_01_受理公告或公示版,E:\华南理工项目\环评文件汇总\01_GitHub项目与研究文档\eia-openclaw-sync-chen2026\05_QA测试集\人工核查_环评报告出处整理_20260715\环评报告文件_按问答顺序\067_佛山市顺德区耀顺欣模具厂新建项目_01_受理公告或公示版.pdf,.pdf,success,1,55885,51288,E:\华南理工项目\环评文件汇总\01_GitHub项目与研究文档\eia-openclaw-sync-chen2026\05_QA测试集\人工核查_环评报告出处整理_20260715\解析文本输出_按问答顺序\067_佛山市顺德区耀顺欣模具厂新建项目_01_受理公告或公示版\067_佛山市顺德区耀顺欣模具厂新建项目_01_受理公告或公示版.json,E:\华南理工项目\环评文件汇总\01_GitHub项目与研究文档\eia-openclaw-sync-chen2026\05_QA测试集\人工核查_环评报告出处整理_20260715\解析文本输出_按问答顺序\067_佛山市顺德区耀顺欣模具厂新建项目_01_受理公告或公示版\067_佛山市顺德区耀顺欣模具厂新建项目_01_受理公告或公示版.html,
068_佛山市至贤科技有限公司新建项目_01_受理公告或公示版,E:\华南理工项目\环评文件汇总\01_GitHub项目与研究文档\eia-openclaw-sync-chen2026\05_QA测试集\人工核查_环评报告出处整理_20260715\环评报告文件_按问答顺序\068_佛山市至贤科技有限公司新建项目_01_受理公告或公示版.pdf,.pdf,success,1,59899,55983,E:\华南理工项目\环评文件汇总\01_GitHub项目与研究文档\eia-openclaw-sync-chen2026\05_QA测试集\人工核查_环评报告出处整理_20260715\解析文本输出_按问答顺序\068_佛山市至贤科技有限公司新建项目_01_受理公告或公示版\068_佛山市至贤科技有限公司新建项目_01_受理公告或公示版.json,E:\华南理工项目\环评文件汇总\01_GitHub项目与研究文档\eia-openclaw-sync-chen2026\05_QA测试集\人工核查_环评报告出处整理_20260715\解析文本输出_按问答顺序\068_佛山市至贤科技有限公司新建项目_01_受理公告或公示版\068_佛山市至贤科技有限公司新建项目_01_受理公告或公示版.html,
069_佛山市安邵塑胶制品有限公司新建项目_01_报批稿或报告表,E:\华南理工项目\环评文件汇总\01_GitHub项目与研究文档\eia-openclaw-sync-chen2026\05_QA测试集\人工核查_环评报告出处整理_20260715\环评报告文件_按问答顺序\069_佛山市安邵塑胶制品有限公司新建项目_01_报批稿或报告表.pdf,.pdf,success,1,62644,59461,E:\华南理工项目\环评文件汇总\01_GitHub项目与研究文档\eia-openclaw-sync-chen2026\05_QA测试集\人工核查_环评报告出处整理_20260715\解析文本输出_按问答顺序\069_佛山市安邵塑胶制品有限公司新建项目_01_报批稿或报告表\069_佛山市安邵塑胶制品有限公司新建项目_01_报批稿或报告表.json,E:\华南理工项目\环评文件汇总\01_GitHub项目与研究文档\eia-openclaw-sync-chen2026\05_QA测试集\人工核查_环评报告出处整理_20260715\解析文本输出_按问答顺序\069_佛山市安邵塑胶制品有限公司新建项目_01_报批稿或报告表\069_佛山市安邵塑胶制品有限公司新建项目_01_报批稿或报告表.html,
070_佛山市思莱拓科技有限公司新建项目_01_受理公告或公示版,E:\华南理工项目\环评文件汇总\01_GitHub项目与研究文档\eia-openclaw-sync-chen2026\05_QA测试集\人工核查_环评报告出处整理_20260715\环评报告文件_按问答顺序\070_佛山市思莱拓科技有限公司新建项目_01_受理公告或公示版.pdf,.pdf,success,1,62471,58883,E:\华南理工项目\环评文件汇总\01_GitHub项目与研究文档\eia-openclaw-sync-chen2026\05_QA测试集\人工核查_环评报告出处整理_20260715\解析文本输出_按问答顺序\070_佛山市思莱拓科技有限公司新建项目_01_受理公告或公示版\070_佛山市思莱拓科技有限公司新建项目_01_受理公告或公示版.json,E:\华南理工项目\环评文件汇总\01_GitHub项目与研究文档\eia-openclaw-sync-chen2026\05_QA测试集\人工核查_环评报告出处整理_20260715\解析文本输出_按问答顺序\070_佛山市思莱拓科技有限公司新建项目_01_受理公告或公示版\070_佛山市思莱拓科技有限公司新建项目_01_受理公告或公示版.html,
071_佛山市昊芸照明有限公司新建项目_01_受理公告或公示版,E:\华南理工项目\环评文件汇总\01_GitHub项目与研究文档\eia-openclaw-sync-chen2026\05_QA测试集\人工核查_环评报告出处整理_20260715\环评报告文件_按问答顺序\071_佛山市昊芸照明有限公司新建项目_01_受理公告或公示版.pdf,.pdf,success,1,62444,57699,E:\华南理工项目\环评文件汇总\01_GitHub项目与研究文档\eia-openclaw-sync-chen2026\05_QA测试集\人工核查_环评报告出处整理_20260715\解析文本输出_按问答顺序\071_佛山市昊芸照明有限公司新建项目_01_受理公告或公示版\071_佛山市昊芸照明有限公司新建项目_01_受理公告或公示版.json,E:\华南理工项目\环评文件汇总\01_GitHub项目与研究文档\eia-openclaw-sync-chen2026\05_QA测试集\人工核查_环评报告出处整理_20260715\解析文本输出_按问答顺序\071_佛山市昊芸照明有限公司新建项目_01_受理公告或公示版\071_佛山市昊芸照明有限公司新建项目_01_受理公告或公示版.html,
072_佛山市友帝塑料制品有限公司扩建项目_01_受理公告或公示版,E:\华南理工项目\环评文件汇总\01_GitHub项目与研究文档\eia-openclaw-sync-chen2026\05_QA测试集\人工核查_环评报告出处整理_20260715\环评报告文件_按问答顺序\072_佛山市友帝塑料制品有限公司扩建项目_01_受理公告或公示版.pdf,.pdf,success,2,68541,64593,E:\华南理工项目\环评文件汇总\01_GitHub项目与研究文档\eia-openclaw-sync-chen2026\05_QA测试集\人工核查_环评报告出处整理_20260715\解析文本输出_按问答顺序\072_佛山市友帝塑料制品有限公司扩建项目_01_受理公告或公示版\072_佛山市友帝塑料制品有限公司扩建项目_01_受理公告或公示版.json,E:\华南理工项目\环评文件汇总\01_GitHub项目与研究文档\eia-openclaw-sync-chen2026\05_QA测试集\人工核查_环评报告出处整理_20260715\解析文本输出_按问答顺序\072_佛山市友帝塑料制品有限公司扩建项目_01_受理公告或公示版\072_佛山市友帝塑料制品有限公司扩建项目_01_受理公告或公示版.html,
073_佛山市优塑包装科技有限公司新建项目_01_受理公告或公示版,E:\华南理工项目\环评文件汇总\01_GitHub项目与研究文档\eia-openclaw-sync-chen2026\05_QA测试集\人工核查_环评报告出处整理_20260715\环评报告文件_按问答顺序\073_佛山市优塑包装科技有限公司新建项目_01_受理公告或公示版.pdf,.pdf,success,1,56219,53276,E:\华南理工项目\环评文件汇总\01_GitHub项目与研究文档\eia-openclaw-sync-chen2026\05_QA测试集\人工核查_环评报告出处整理_20260715\解析文本输出_按问答顺序\073_佛山市优塑包装科技有限公司新建项目_01_受理公告或公示版\073_佛山市优塑包装科技有限公司新建项目_01_受理公告或公示版.json,E:\华南理工项目\环评文件汇总\01_GitHub项目与研究文档\eia-openclaw-sync-chen2026\05_QA测试集\人工核查_环评报告出处整理_20260715\解析文本输出_按问答顺序\073_佛山市优塑包装科技有限公司新建项目_01_受理公告或公示版\073_佛山市优塑包装科技有限公司新建项目_01_受理公告或公示版.html,
074_佛山市顺德区德盈誉智能制造有限公司新建项目_01_受理公告或公示版,E:\华南理工项目\环评文件汇总\01_GitHub项目与研究文档\eia-openclaw-sync-chen2026\05_QA测试集\人工核查_环评报告出处整理_20260715\环评报告文件_按问答顺序\074_佛山市顺德区德盈誉智能制造有限公司新建项目_01_受理公告或公示版.pdf,.pdf,success,1,57771,53460,E:\华南理工项目\环评文件汇总\01_GitHub项目与研究文档\eia-openclaw-sync-chen2026\05_QA测试集\人工核查_环评报告出处整理_20260715\解析文本输出_按问答顺序\074_佛山市顺德区德盈誉智能制造有限公司新建项目_01_受理公告或公示版\074_佛山市顺德区德盈誉智能制造有限公司新建项目_01_受理公告或公示版.json,E:\华南理工项目\环评文件汇总\01_GitHub项目与研究文档\eia-openclaw-sync-chen2026\05_QA测试集\人工核查_环评报告出处整理_20260715\解析文本输出_按问答顺序\074_佛山市顺德区德盈誉智能制造有限公司新建项目_01_受理公告或公示版\074_佛山市顺德区德盈誉智能制造有限公司新建项目_01_受理公告或公示版.html,
075_广东圣鑫机电股份有限公司扩建项目_01_受理公告或公示版,E:\华南理工项目\环评文件汇总\01_GitHub项目与研究文档\eia-openclaw-sync-chen2026\05_QA测试集\人工核查_环评报告出处整理_20260715\环评报告文件_按问答顺序\075_广东圣鑫机电股份有限公司扩建项目_01_受理公告或公示版.pdf,.pdf,success,2,78861,72567,E:\华南理工项目\环评文件汇总\01_GitHub项目与研究文档\eia-openclaw-sync-chen2026\05_QA测试集\人工核查_环评报告出处整理_20260715\解析文本输出_按问答顺序\075_广东圣鑫机电股份有限公司扩建项目_01_受理公告或公示版\075_广东圣鑫机电股份有限公司扩建项目_01_受理公告或公示版.json,E:\华南理工项目\环评文件汇总\01_GitHub项目与研究文档\eia-openclaw-sync-chen2026\05_QA测试集\人工核查_环评报告出处整理_20260715\解析文本输出_按问答顺序\075_广东圣鑫机电股份有限公司扩建项目_01_受理公告或公示版\075_广东圣鑫机电股份有限公司扩建项目_01_受理公告或公示版.html,
076_佛山市顺德区保塑管业有限公司迁扩建项目_01_受理公告或公示版,E:\华南理工项目\环评文件汇总\01_GitHub项目与研究文档\eia-openclaw-sync-chen2026\05_QA测试集\人工核查_环评报告出处整理_20260715\环评报告文件_按问答顺序\076_佛山市顺德区保塑管业有限公司迁扩建项目_01_受理公告或公示版.pdf,.pdf,success,2,76739,72397,E:\华南理工项目\环评文件汇总\01_GitHub项目与研究文档\eia-openclaw-sync-chen2026\05_QA测试集\人工核查_环评报告出处整理_20260715\解析文本输出_按问答顺序\076_佛山市顺德区保塑管业有限公司迁扩建项目_01_受理公告或公示版\076_佛山市顺德区保塑管业有限公司迁扩建项目_01_受理公告或公示版.json,E:\华南理工项目\环评文件汇总\01_GitHub项目与研究文档\eia-openclaw-sync-chen2026\05_QA测试集\人工核查_环评报告出处整理_20260715\解析文本输出_按问答顺序\076_佛山市顺德区保塑管业有限公司迁扩建项目_01_受理公告或公示版\076_佛山市顺德区保塑管业有限公司迁扩建项目_01_受理公告或公示版.html,
077_佛山市顺德区康明新材料厂新建项目_01_受理公告或公示版,E:\华南理工项目\环评文件汇总\01_GitHub项目与研究文档\eia-openclaw-sync-chen2026\05_QA测试集\人工核查_环评报告出处整理_20260715\环评报告文件_按问答顺序\077_佛山市顺德区康明新材料厂新建项目_01_受理公告或公示版.pdf,.pdf,success,2,74724,70896,E:\华南理工项目\环评文件汇总\01_GitHub项目与研究文档\eia-openclaw-sync-chen2026\05_QA测试集\人工核查_环评报告出处整理_20260715\解析文本输出_按问答顺序\077_佛山市顺德区康明新材料厂新建项目_01_受理公告或公示版\077_佛山市顺德区康明新材料厂新建项目_01_受理公告或公示版.json,E:\华南理工项目\环评文件汇总\01_GitHub项目与研究文档\eia-openclaw-sync-chen2026\05_QA测试集\人工核查_环评报告出处整理_20260715\解析文本输出_按问答顺序\077_佛山市顺德区康明新材料厂新建项目_01_受理公告或公示版\077_佛山市顺德区康明新材料厂新建项目_01_受理公告或公示版.html,
078_佛山市顺德区中润基誉新材料科技有限公司新建项目_01_受理公告或公示版,E:\华南理工项目\环评文件汇总\01_GitHub项目与研究文档\eia-openclaw-sync-chen2026\05_QA测试集\人工核查_环评报告出处整理_20260715\环评报告文件_按问答顺序\078_佛山市顺德区中润基誉新材料科技有限公司新建项目_01_受理公告或公示版.pdf,.pdf,success,2,78749,73164,E:\华南理工项目\环评文件汇总\01_GitHub项目与研究文档\eia-openclaw-sync-chen2026\05_QA测试集\人工核查_环评报告出处整理_20260715\解析文本输出_按问答顺序\078_佛山市顺德区中润基誉新材料科技有限公司新建项目_01_受理公告或公示版\078_佛山市顺德区中润基誉新材料科技有限公司新建项目_01_受理公告或公示版.json,E:\华南理工项目\环评文件汇总\01_GitHub项目与研究文档\eia-openclaw-sync-chen2026\05_QA测试集\人工核查_环评报告出处整理_20260715\解析文本输出_按问答顺序\078_佛山市顺德区中润基誉新材料科技有限公司新建项目_01_受理公告或公示版\078_佛山市顺德区中润基誉新材料科技有限公司新建项目_01_受理公告或公示版.html,
079_广东周杨科电器有限公司迁扩建项目_01_受理公告或公示版,E:\华南理工项目\环评文件汇总\01_GitHub项目与研究文档\eia-openclaw-sync-chen2026\05_QA测试集\人工核查_环评报告出处整理_20260715\环评报告文件_按问答顺序\079_广东周杨科电器有限公司迁扩建项目_01_受理公告或公示版.pdf,.pdf,success,1,62232,57604,E:\华南理工项目\环评文件汇总\01_GitHub项目与研究文档\eia-openclaw-sync-chen2026\05_QA测试集\人工核查_环评报告出处整理_20260715\解析文本输出_按问答顺序\079_广东周杨科电器有限公司迁扩建项目_01_受理公告或公示版\079_广东周杨科电器有限公司迁扩建项目_01_受理公告或公示版.json,E:\华南理工项目\环评文件汇总\01_GitHub项目与研究文档\eia-openclaw-sync-chen2026\05_QA测试集\人工核查_环评报告出处整理_20260715\解析文本输出_按问答顺序\079_广东周杨科电器有限公司迁扩建项目_01_受理公告或公示版\079_广东周杨科电器有限公司迁扩建项目_01_受理公告或公示版.html,
080_佛山市科镁电器科技有限公司新建项目_01_受理公告或公示版,E:\华南理工项目\环评文件汇总\01_GitHub项目与研究文档\eia-openclaw-sync-chen2026\05_QA测试集\人工核查_环评报告出处整理_20260715\环评报告文件_按问答顺序\080_佛山市科镁电器科技有限公司新建项目_01_受理公告或公示版.pdf,.pdf,success,1,64953,59025,E:\华南理工项目\环评文件汇总\01_GitHub项目与研究文档\eia-openclaw-sync-chen2026\05_QA测试集\人工核查_环评报告出处整理_20260715\解析文本输出_按问答顺序\080_佛山市科镁电器科技有限公司新建项目_01_受理公告或公示版\080_佛山市科镁电器科技有限公司新建项目_01_受理公告或公示版.json,E:\华南理工项目\环评文件汇总\01_GitHub项目与研究文档\eia-openclaw-sync-chen2026\05_QA测试集\人工核查_环评报告出处整理_20260715\解析文本输出_按问答顺序\080_佛山市科镁电器科技有限公司新建项目_01_受理公告或公示版\080_佛山市科镁电器科技有限公司新建项目_01_受理公告或公示版.html,
081_佛山市安邵塑胶制品有限公司新建项目_01_受理公告或公示版,E:\华南理工项目\环评文件汇总\01_GitHub项目与研究文档\eia-openclaw-sync-chen2026\05_QA测试集\人工核查_环评报告出处整理_20260715\环评报告文件_按问答顺序\081_佛山市安邵塑胶制品有限公司新建项目_01_受理公告或公示版.pdf,.pdf,success,1,59183,56184,E:\华南理工项目\环评文件汇总\01_GitHub项目与研究文档\eia-openclaw-sync-chen2026\05_QA测试集\人工核查_环评报告出处整理_20260715\解析文本输出_按问答顺序\081_佛山市安邵塑胶制品有限公司新建项目_01_受理公告或公示版\081_佛山市安邵塑胶制品有限公司新建项目_01_受理公告或公示版.json,E:\华南理工项目\环评文件汇总\01_GitHub项目与研究文档\eia-openclaw-sync-chen2026\05_QA测试集\人工核查_环评报告出处整理_20260715\解析文本输出_按问答顺序\081_佛山市安邵塑胶制品有限公司新建项目_01_受理公告或公示版\081_佛山市安邵塑胶制品有限公司新建项目_01_受理公告或公示版.html,
082_佛山市优力塑电器有限公司新建项目_01_报批稿或报告表,E:\华南理工项目\环评文件汇总\01_GitHub项目与研究文档\eia-openclaw-sync-chen2026\05_QA测试集\人工核查_环评报告出处整理_20260715\环评报告文件_按问答顺序\082_佛山市优力塑电器有限公司新建项目_01_报批稿或报告表.pdf,.pdf,success,1,59946,57435,E:\华南理工项目\环评文件汇总\01_GitHub项目与研究文档\eia-openclaw-sync-chen2026\05_QA测试集\人工核查_环评报告出处整理_20260715\解析文本输出_按问答顺序\082_佛山市优力塑电器有限公司新建项目_01_报批稿或报告表\082_佛山市优力塑电器有限公司新建项目_01_报批稿或报告表.json,E:\华南理工项目\环评文件汇总\01_GitHub项目与研究文档\eia-openclaw-sync-chen2026\05_QA测试集\人工核查_环评报告出处整理_20260715\解析文本输出_按问答顺序\082_佛山市优力塑电器有限公司新建项目_01_报批稿或报告表\082_佛山市优力塑电器有限公司新建项目_01_报批稿或报告表.html,
083_佛山市永佳奕科技有限公司扩建项目_01_受理公告或公示版,E:\华南理工项目\环评文件汇总\01_GitHub项目与研究文档\eia-openclaw-sync-chen2026\05_QA测试集\人工核查_环评报告出处整理_20260715\环评报告文件_按问答顺序\083_佛山市永佳奕科技有限公司扩建项目_01_受理公告或公示版.pdf,.pdf,success,2,67169,63833,E:\华南理工项目\环评文件汇总\01_GitHub项目与研究文档\eia-openclaw-sync-chen2026\05_QA测试集\人工核查_环评报告出处整理_20260715\解析文本输出_按问答顺序\083_佛山市永佳奕科技有限公司扩建项目_01_受理公告或公示版\083_佛山市永佳奕科技有限公司扩建项目_01_受理公告或公示版.json,E:\华南理工项目\环评文件汇总\01_GitHub项目与研究文档\eia-openclaw-sync-chen2026\05_QA测试集\人工核查_环评报告出处整理_20260715\解析文本输出_按问答顺序\083_佛山市永佳奕科技有限公司扩建项目_01_受理公告或公示版\083_佛山市永佳奕科技有限公司扩建项目_01_受理公告或公示版.html,
084_佛山市凌锴源模具科技有限公司迁扩建项目_01_受理公告或公示版,E:\华南理工项目\环评文件汇总\01_GitHub项目与研究文档\eia-openclaw-sync-chen2026\05_QA测试集\人工核查_环评报告出处整理_20260715\环评报告文件_按问答顺序\084_佛山市凌锴源模具科技有限公司迁扩建项目_01_受理公告或公示版.pdf,.pdf,success,2,68941,65668,E:\华南理工项目\环评文件汇总\01_GitHub项目与研究文档\eia-openclaw-sync-chen2026\05_QA测试集\人工核查_环评报告出处整理_20260715\解析文本输出_按问答顺序\084_佛山市凌锴源模具科技有限公司迁扩建项目_01_受理公告或公示版\084_佛山市凌锴源模具科技有限公司迁扩建项目_01_受理公告或公示版.json,E:\华南理工项目\环评文件汇总\01_GitHub项目与研究文档\eia-openclaw-sync-chen2026\05_QA测试集\人工核查_环评报告出处整理_20260715\解析文本输出_按问答顺序\084_佛山市凌锴源模具科技有限公司迁扩建项目_01_受理公告或公示版\084_佛山市凌锴源模具科技有限公司迁扩建项目_01_受理公告或公示版.html,
085_佛山市集北龙华海绵制造股份有限公司搬迁扩建项目_01_受理公告或公示版,E:\华南理工项目\环评文件汇总\01_GitHub项目与研究文档\eia-openclaw-sync-chen2026\05_QA测试集\人工核查_环评报告出处整理_20260715\环评报告文件_按问答顺序\085_佛山市集北龙华海绵制造股份有限公司搬迁扩建项目_01_受理公告或公示版.pdf,.pdf,success,4,206262,196342,E:\华南理工项目\环评文件汇总\01_GitHub项目与研究文档\eia-openclaw-sync-chen2026\05_QA测试集\人工核查_环评报告出处整理_20260715\解析文本输出_按问答顺序\085_佛山市集北龙华海绵制造股份有限公司搬迁扩建项目_01_受理公告或公示版\085_佛山市集北龙华海绵制造股份有限公司搬迁扩建项目_01_受理公告或公示版.json,E:\华南理工项目\环评文件汇总\01_GitHub项目与研究文档\eia-openclaw-sync-chen2026\05_QA测试集\人工核查_环评报告出处整理_20260715\解析文本输出_按问答顺序\085_佛山市集北龙华海绵制造股份有限公司搬迁扩建项目_01_受理公告或公示版\085_佛山市集北龙华海绵制造股份有限公司搬迁扩建项目_01_受理公告或公示版.html,
086_佛山市新得雅科技有限责任公司新建项目_01_受理公告或公示版,E:\华南理工项目\环评文件汇总\01_GitHub项目与研究文档\eia-openclaw-sync-chen2026\05_QA测试集\人工核查_环评报告出处整理_20260715\环评报告文件_按问答顺序\086_佛山市新得雅科技有限责任公司新建项目_01_受理公告或公示版.pdf,.pdf,success,4,190871,180549,E:\华南理工项目\环评文件汇总\01_GitHub项目与研究文档\eia-openclaw-sync-chen2026\05_QA测试集\人工核查_环评报告出处整理_20260715\解析文本输出_按问答顺序\086_佛山市新得雅科技有限责任公司新建项目_01_受理公告或公示版\086_佛山市新得雅科技有限责任公司新建项目_01_受理公告或公示版.json,E:\华南理工项目\环评文件汇总\01_GitHub项目与研究文档\eia-openclaw-sync-chen2026\05_QA测试集\人工核查_环评报告出处整理_20260715\解析文本输出_按问答顺序\086_佛山市新得雅科技有限责任公司新建项目_01_受理公告或公示版\086_佛山市新得雅科技有限责任公司新建项目_01_受理公告或公示版.html,
087_佛山市丰友享家具配件实业有限公司迁扩建项目_01_受理公告或公示版,E:\华南理工项目\环评文件汇总\01_GitHub项目与研究文档\eia-openclaw-sync-chen2026\05_QA测试集\人工核查_环评报告出处整理_20260715\环评报告文件_按问答顺序\087_佛山市丰友享家具配件实业有限公司迁扩建项目_01_受理公告或公示版.pdf,.pdf,success,2,63523,60803,E:\华南理工项目\环评文件汇总\01_GitHub项目与研究文档\eia-openclaw-sync-chen2026\05_QA测试集\人工核查_环评报告出处整理_20260715\解析文本输出_按问答顺序\087_佛山市丰友享家具配件实业有限公司迁扩建项目_01_受理公告或公示版\087_佛山市丰友享家具配件实业有限公司迁扩建项目_01_受理公告或公示版.json,E:\华南理工项目\环评文件汇总\01_GitHub项目与研究文档\eia-openclaw-sync-chen2026\05_QA测试集\人工核查_环评报告出处整理_20260715\解析文本输出_按问答顺序\087_佛山市丰友享家具配件实业有限公司迁扩建项目_01_受理公告或公示版\087_佛山市丰友享家具配件实业有限公司迁扩建项目_01_受理公告或公示版.html,
088_佛山市京耘科技有限公司新建项目_01_受理公告或公示版,E:\华南理工项目\环评文件汇总\01_GitHub项目与研究文档\eia-openclaw-sync-chen2026\05_QA测试集\人工核查_环评报告出处整理_20260715\环评报告文件_按问答顺序\088_佛山市京耘科技有限公司新建项目_01_受理公告或公示版.pdf,.pdf,success,1,60418,57374,E:\华南理工项目\环评文件汇总\01_GitHub项目与研究文档\eia-openclaw-sync-chen2026\05_QA测试集\人工核查_环评报告出处整理_20260715\解析文本输出_按问答顺序\088_佛山市京耘科技有限公司新建项目_01_受理公告或公示版\088_佛山市京耘科技有限公司新建项目_01_受理公告或公示版.json,E:\华南理工项目\环评文件汇总\01_GitHub项目与研究文档\eia-openclaw-sync-chen2026\05_QA测试集\人工核查_环评报告出处整理_20260715\解析文本输出_按问答顺序\088_佛山市京耘科技有限公司新建项目_01_受理公告或公示版\088_佛山市京耘科技有限公司新建项目_01_受理公告或公示版.html,
089_高晖（佛山）新材料科技有限公司新建项目_01_受理公告或公示版,E:\华南理工项目\环评文件汇总\01_GitHub项目与研究文档\eia-openclaw-sync-chen2026\05_QA测试集\人工核查_环评报告出处整理_20260715\环评报告文件_按问答顺序\089_高晖（佛山）新材料科技有限公司新建项目_01_受理公告或公示版.pdf,.pdf,success,2,67232,65429,E:\华南理工项目\环评文件汇总\01_GitHub项目与研究文档\eia-openclaw-sync-chen2026\05_QA测试集\人工核查_环评报告出处整理_20260715\解析文本输出_按问答顺序\089_高晖（佛山）新材料科技有限公司新建项目_01_受理公告或公示版\089_高晖（佛山）新材料科技有限公司新建项目_01_受理公告或公示版.json,E:\华南理工项目\环评文件汇总\01_GitHub项目与研究文档\eia-openclaw-sync-chen2026\05_QA测试集\人工核查_环评报告出处整理_20260715\解析文本输出_按问答顺序\089_高晖（佛山）新材料科技有限公司新建项目_01_受理公告或公示版\089_高晖（佛山）新材料科技有限公司新建项目_01_受理公告或公示版.html,
090_佛山市顺德区共诺电子元件厂搬迁项目_01_受理公告或公示版,E:\华南理工项目\环评文件汇总\01_GitHub项目与研究文档\eia-openclaw-sync-chen2026\05_QA测试集\人工核查_环评报告出处整理_20260715\环评报告文件_按问答顺序\090_佛山市顺德区共诺电子元件厂搬迁项目_01_受理公告或公示版.pdf,.pdf,success,1,50187,47362,E:\华南理工项目\环评文件汇总\01_GitHub项目与研究文档\eia-openclaw-sync-chen2026\05_QA测试集\人工核查_环评报告出处整理_20260715\解析文本输出_按问答顺序\090_佛山市顺德区共诺电子元件厂搬迁项目_01_受理公告或公示版\090_佛山市顺德区共诺电子元件厂搬迁项目_01_受理公告或公示版.json,E:\华南理工项目\环评文件汇总\01_GitHub项目与研究文档\eia-openclaw-sync-chen2026\05_QA测试集\人工核查_环评报告出处整理_20260715\解析文本输出_按问答顺序\090_佛山市顺德区共诺电子元件厂搬迁项目_01_受理公告或公示版\090_佛山市顺德区共诺电子元件厂搬迁项目_01_受理公告或公示版.html,
091_佛山市顺佳利智能科技有限公司扩建项目（重新报批）_01_报批稿或报告表,E:\华南理工项目\环评文件汇总\01_GitHub项目与研究文档\eia-openclaw-sync-chen2026\05_QA测试集\人工核查_环评报告出处整理_20260715\环评报告文件_按问答顺序\091_佛山市顺佳利智能科技有限公司扩建项目（重新报批）_01_报批稿或报告表.pdf,.pdf,success,2,70699,65163,E:\华南理工项目\环评文件汇总\01_GitHub项目与研究文档\eia-openclaw-sync-chen2026\05_QA测试集\人工核查_环评报告出处整理_20260715\解析文本输出_按问答顺序\091_佛山市顺佳利智能科技有限公司扩建项目（重新报批）_01_报批稿或报告表\091_佛山市顺佳利智能科技有限公司扩建项目（重新报批）_01_报批稿或报告表.json,E:\华南理工项目\环评文件汇总\01_GitHub项目与研究文档\eia-openclaw-sync-chen2026\05_QA测试集\人工核查_环评报告出处整理_20260715\解析文本输出_按问答顺序\091_佛山市顺佳利智能科技有限公司扩建项目（重新报批）_01_报批稿或报告表\091_佛山市顺佳利智能科技有限公司扩建项目（重新报批）_01_报批稿或报告表.html,
092_佛山市天日塑料科技有限公司迁扩建项目_01_报批稿或报告表,E:\华南理工项目\环评文件汇总\01_GitHub项目与研究文档\eia-openclaw-sync-chen2026\05_QA测试集\人工核查_环评报告出处整理_20260715\环评报告文件_按问答顺序\092_佛山市天日塑料科技有限公司迁扩建项目_01_报批稿或报告表.pdf,.pdf,success,2,71746,66029,E:\华南理工项目\环评文件汇总\01_GitHub项目与研究文档\eia-openclaw-sync-chen2026\05_QA测试集\人工核查_环评报告出处整理_20260715\解析文本输出_按问答顺序\092_佛山市天日塑料科技有限公司迁扩建项目_01_报批稿或报告表\092_佛山市天日塑料科技有限公司迁扩建项目_01_报批稿或报告表.json,E:\华南理工项目\环评文件汇总\01_GitHub项目与研究文档\eia-openclaw-sync-chen2026\05_QA测试集\人工核查_环评报告出处整理_20260715\解析文本输出_按问答顺序\092_佛山市天日塑料科技有限公司迁扩建项目_01_报批稿或报告表\092_佛山市天日塑料科技有限公司迁扩建项目_01_报批稿或报告表.html,
093_佛山市顺德区福晟鑫塑料制品有限公司迁扩建项目_01_受理公告或公示版,E:\华南理工项目\环评文件汇总\01_GitHub项目与研究文档\eia-openclaw-sync-chen2026\05_QA测试集\人工核查_环评报告出处整理_20260715\环评报告文件_按问答顺序\093_佛山市顺德区福晟鑫塑料制品有限公司迁扩建项目_01_受理公告或公示版.pdf,.pdf,success,2,80346,76979,E:\华南理工项目\环评文件汇总\01_GitHub项目与研究文档\eia-openclaw-sync-chen2026\05_QA测试集\人工核查_环评报告出处整理_20260715\解析文本输出_按问答顺序\093_佛山市顺德区福晟鑫塑料制品有限公司迁扩建项目_01_受理公告或公示版\093_佛山市顺德区福晟鑫塑料制品有限公司迁扩建项目_01_受理公告或公示版.json,E:\华南理工项目\环评文件汇总\01_GitHub项目与研究文档\eia-openclaw-sync-chen2026\05_QA测试集\人工核查_环评报告出处整理_20260715\解析文本输出_按问答顺序\093_佛山市顺德区福晟鑫塑料制品有限公司迁扩建项目_01_受理公告或公示版\093_佛山市顺德区福晟鑫塑料制品有限公司迁扩建项目_01_受理公告或公示版.html,
094_佛山市顺德区谦和丰塑料制品厂新建项目_01_受理公告或公示版,E:\华南理工项目\环评文件汇总\01_GitHub项目与研究文档\eia-openclaw-sync-chen2026\05_QA测试集\人工核查_环评报告出处整理_20260715\环评报告文件_按问答顺序\094_佛山市顺德区谦和丰塑料制品厂新建项目_01_受理公告或公示版.pdf,.pdf,success,1,47242,44496,E:\华南理工项目\环评文件汇总\01_GitHub项目与研究文档\eia-openclaw-sync-chen2026\05_QA测试集\人工核查_环评报告出处整理_20260715\解析文本输出_按问答顺序\094_佛山市顺德区谦和丰塑料制品厂新建项目_01_受理公告或公示版\094_佛山市顺德区谦和丰塑料制品厂新建项目_01_受理公告或公示版.json,E:\华南理工项目\环评文件汇总\01_GitHub项目与研究文档\eia-openclaw-sync-chen2026\05_QA测试集\人工核查_环评报告出处整理_20260715\解析文本输出_按问答顺序\094_佛山市顺德区谦和丰塑料制品厂新建项目_01_受理公告或公示版\094_佛山市顺德区谦和丰塑料制品厂新建项目_01_受理公告或公示版.html,
095_华硕（广东）新材料股份有限公司建设项目_01_受理公告或公示版,E:\华南理工项目\环评文件汇总\01_GitHub项目与研究文档\eia-openclaw-sync-chen2026\05_QA测试集\人工核查_环评报告出处整理_20260715\环评报告文件_按问答顺序\095_华硕（广东）新材料股份有限公司建设项目_01_受理公告或公示版.pdf,.pdf,success,2,65846,62128,E:\华南理工项目\环评文件汇总\01_GitHub项目与研究文档\eia-openclaw-sync-chen2026\05_QA测试集\人工核查_环评报告出处整理_20260715\解析文本输出_按问答顺序\095_华硕（广东）新材料股份有限公司建设项目_01_受理公告或公示版\095_华硕（广东）新材料股份有限公司建设项目_01_受理公告或公示版.json,E:\华南理工项目\环评文件汇总\01_GitHub项目与研究文档\eia-openclaw-sync-chen2026\05_QA测试集\人工核查_环评报告出处整理_20260715\解析文本输出_按问答顺序\095_华硕（广东）新材料股份有限公司建设项目_01_受理公告或公示版\095_华硕（广东）新材料股份有限公司建设项目_01_受理公告或公示版.html,
096_佛山市顺德区谦迅盛塑料制品厂新建项目_01_受理公告或公示版,E:\华南理工项目\环评文件汇总\01_GitHub项目与研究文档\eia-openclaw-sync-chen2026\05_QA测试集\人工核查_环评报告出处整理_20260715\环评报告文件_按问答顺序\096_佛山市顺德区谦迅盛塑料制品厂新建项目_01_受理公告或公示版.pdf,.pdf,success,1,47108,44334,E:\华南理工项目\环评文件汇总\01_GitHub项目与研究文档\eia-openclaw-sync-chen2026\05_QA测试集\人工核查_环评报告出处整理_20260715\解析文本输出_按问答顺序\096_佛山市顺德区谦迅盛塑料制品厂新建项目_01_受理公告或公示版\096_佛山市顺德区谦迅盛塑料制品厂新建项目_01_受理公告或公示版.json,E:\华南理工项目\环评文件汇总\01_GitHub项目与研究文档\eia-openclaw-sync-chen2026\05_QA测试集\人工核查_环评报告出处整理_20260715\解析文本输出_按问答顺序\096_佛山市顺德区谦迅盛塑料制品厂新建项目_01_受理公告或公示版\096_佛山市顺德区谦迅盛塑料制品厂新建项目_01_受理公告或公示版.html,
097_佛山赫昶塑胶制品有限公司新建项目_01_报批稿或报告表,E:\华南理工项目\环评文件汇总\01_GitHub项目与研究文档\eia-openclaw-sync-chen2026\05_QA测试集\人工核查_环评报告出处整理_20260715\环评报告文件_按问答顺序\097_佛山赫昶塑胶制品有限公司新建项目_01_报批稿或报告表.pdf,.pdf,success,1,61860,56751,E:\华南理工项目\环评文件汇总\01_GitHub项目与研究文档\eia-openclaw-sync-chen2026\05_QA测试集\人工核查_环评报告出处整理_20260715\解析文本输出_按问答顺序\097_佛山赫昶塑胶制品有限公司新建项目_01_报批稿或报告表\097_佛山赫昶塑胶制品有限公司新建项目_01_报批稿或报告表.json,E:\华南理工项目\环评文件汇总\01_GitHub项目与研究文档\eia-openclaw-sync-chen2026\05_QA测试集\人工核查_环评报告出处整理_20260715\解析文本输出_按问答顺序\097_佛山赫昶塑胶制品有限公司新建项目_01_报批稿或报告表\097_佛山赫昶塑胶制品有限公司新建项目_01_报批稿或报告表.html,
098_佛山市东来晟塑料制品有限公司新建项目_01_报批稿或报告表,E:\华南理工项目\环评文件汇总\01_GitHub项目与研究文档\eia-openclaw-sync-chen2026\05_QA测试集\人工核查_环评报告出处整理_20260715\环评报告文件_按问答顺序\098_佛山市东来晟塑料制品有限公司新建项目_01_报批稿或报告表.pdf,.pdf,success,1,51807,48903,E:\华南理工项目\环评文件汇总\01_GitHub项目与研究文档\eia-openclaw-sync-chen2026\05_QA测试集\人工核查_环评报告出处整理_20260715\解析文本输出_按问答顺序\098_佛山市东来晟塑料制品有限公司新建项目_01_报批稿或报告表\098_佛山市东来晟塑料制品有限公司新建项目_01_报批稿或报告表.json,E:\华南理工项目\环评文件汇总\01_GitHub项目与研究文档\eia-openclaw-sync-chen2026\05_QA测试集\人工核查_环评报告出处整理_20260715\解析文本输出_按问答顺序\098_佛山市东来晟塑料制品有限公司新建项目_01_报批稿或报告表\098_佛山市东来晟塑料制品有限公司新建项目_01_报批稿或报告表.html,
099_佛山市宇纳电器科技有限公司迁扩建项目_01_受理公告或公示版,E:\华南理工项目\环评文件汇总\01_GitHub项目与研究文档\eia-openclaw-sync-chen2026\05_QA测试集\人工核查_环评报告出处整理_20260715\环评报告文件_按问答顺序\099_佛山市宇纳电器科技有限公司迁扩建项目_01_受理公告或公示版.pdf,.pdf,success,1,61467,56446,E:\华南理工项目\环评文件汇总\01_GitHub项目与研究文档\eia-openclaw-sync-chen2026\05_QA测试集\人工核查_环评报告出处整理_20260715\解析文本输出_按问答顺序\099_佛山市宇纳电器科技有限公司迁扩建项目_01_受理公告或公示版\099_佛山市宇纳电器科技有限公司迁扩建项目_01_受理公告或公示版.json,E:\华南理工项目\环评文件汇总\01_GitHub项目与研究文档\eia-openclaw-sync-chen2026\05_QA测试集\人工核查_环评报告出处整理_20260715\解析文本输出_按问答顺序\099_佛山市宇纳电器科技有限公司迁扩建项目_01_受理公告或公示版\099_佛山市宇纳电器科技有限公司迁扩建项目_01_受理公告或公示版.html,
100_佛山市承帆新材料科技有限公司新建项目_01_受理公告或公示版,E:\华南理工项目\环评文件汇总\01_GitHub项目与研究文档\eia-openclaw-sync-chen2026\05_QA测试集\人工核查_环评报告出处整理_20260715\环评报告文件_按问答顺序\100_佛山市承帆新材料科技有限公司新建项目_01_受理公告或公示版.pdf,.pdf,success,2,75774,68435,E:\华南理工项目\环评文件汇总\01_GitHub项目与研究文档\eia-openclaw-sync-chen2026\05_QA测试集\人工核查_环评报告出处整理_20260715\解析文本输出_按问答顺序\100_佛山市承帆新材料科技有限公司新建项目_01_受理公告或公示版\100_佛山市承帆新材料科技有限公司新建项目_01_受理公告或公示版.json,E:\华南理工项目\环评文件汇总\01_GitHub项目与研究文档\eia-openclaw-sync-chen2026\05_QA测试集\人工核查_环评报告出处整理_20260715\解析文本输出_按问答顺序\100_佛山市承帆新材料科技有限公司新建项目_01_受理公告或公示版\100_佛山市承帆新材料科技有限公司新建项目_01_受理公告或公示版.html,
101_广东顺德铁夫汽车配件有限公司迁扩建项目_01_受理公告或公示版,E:\华南理工项目\环评文件汇总\01_GitHub项目与研究文档\eia-openclaw-sync-chen2026\05_QA测试集\人工核查_环评报告出处整理_20260715\环评报告文件_按问答顺序\101_广东顺德铁夫汽车配件有限公司迁扩建项目_01_受理公告或公示版.pdf,.pdf,success,2,72370,66907,E:\华南理工项目\环评文件汇总\01_GitHub项目与研究文档\eia-openclaw-sync-chen2026\05_QA测试集\人工核查_环评报告出处整理_20260715\解析文本输出_按问答顺序\101_广东顺德铁夫汽车配件有限公司迁扩建项目_01_受理公告或公示版\101_广东顺德铁夫汽车配件有限公司迁扩建项目_01_受理公告或公示版.json,E:\华南理工项目\环评文件汇总\01_GitHub项目与研究文档\eia-openclaw-sync-chen2026\05_QA测试集\人工核查_环评报告出处整理_20260715\解析文本输出_按问答顺序\101_广东顺德铁夫汽车配件有限公司迁扩建项目_01_受理公告或公示版\101_广东顺德铁夫汽车配件有限公司迁扩建项目_01_受理公告或公示版.html,
102_佛山市顺腾丰家具配件有限公司新建项目_01_受理公告或公示版,E:\华南理工项目\环评文件汇总\01_GitHub项目与研究文档\eia-openclaw-sync-chen2026\05_QA测试集\人工核查_环评报告出处整理_20260715\环评报告文件_按问答顺序\102_佛山市顺腾丰家具配件有限公司新建项目_01_受理公告或公示版.pdf,.pdf,success,1,49593,45240,E:\华南理工项目\环评文件汇总\01_GitHub项目与研究文档\eia-openclaw-sync-chen2026\05_QA测试集\人工核查_环评报告出处整理_20260715\解析文本输出_按问答顺序\102_佛山市顺腾丰家具配件有限公司新建项目_01_受理公告或公示版\102_佛山市顺腾丰家具配件有限公司新建项目_01_受理公告或公示版.json,E:\华南理工项目\环评文件汇总\01_GitHub项目与研究文档\eia-openclaw-sync-chen2026\05_QA测试集\人工核查_环评报告出处整理_20260715\解析文本输出_按问答顺序\102_佛山市顺腾丰家具配件有限公司新建项目_01_受理公告或公示版\102_佛山市顺腾丰家具配件有限公司新建项目_01_受理公告或公示版.html,
103_广东顺德优线三维科技有限公司迁扩建项目_01_受理公告或公示版,E:\华南理工项目\环评文件汇总\01_GitHub项目与研究文档\eia-openclaw-sync-chen2026\05_QA测试集\人工核查_环评报告出处整理_20260715\环评报告文件_按问答顺序\103_广东顺德优线三维科技有限公司迁扩建项目_01_受理公告或公示版.pdf,.pdf,success,2,87846,78729,E:\华南理工项目\环评文件汇总\01_GitHub项目与研究文档\eia-openclaw-sync-chen2026\05_QA测试集\人工核查_环评报告出处整理_20260715\解析文本输出_按问答顺序\103_广东顺德优线三维科技有限公司迁扩建项目_01_受理公告或公示版\103_广东顺德优线三维科技有限公司迁扩建项目_01_受理公告或公示版.json,E:\华南理工项目\环评文件汇总\01_GitHub项目与研究文档\eia-openclaw-sync-chen2026\05_QA测试集\人工核查_环评报告出处整理_20260715\解析文本输出_按问答顺序\103_广东顺德优线三维科技有限公司迁扩建项目_01_受理公告或公示版\103_广东顺德优线三维科技有限公司迁扩建项目_01_受理公告或公示版.html,
104_佛山市邦博恩智能科技有限公司新建项目_01_报批稿或报告表,E:\华南理工项目\环评文件汇总\01_GitHub项目与研究文档\eia-openclaw-sync-chen2026\05_QA测试集\人工核查_环评报告出处整理_20260715\环评报告文件_按问答顺序\104_佛山市邦博恩智能科技有限公司新建项目_01_报批稿或报告表.pdf,.pdf,success,1,58547,55729,E:\华南理工项目\环评文件汇总\01_GitHub项目与研究文档\eia-openclaw-sync-chen2026\05_QA测试集\人工核查_环评报告出处整理_20260715\解析文本输出_按问答顺序\104_佛山市邦博恩智能科技有限公司新建项目_01_报批稿或报告表\104_佛山市邦博恩智能科技有限公司新建项目_01_报批稿或报告表.json,E:\华南理工项目\环评文件汇总\01_GitHub项目与研究文档\eia-openclaw-sync-chen2026\05_QA测试集\人工核查_环评报告出处整理_20260715\解析文本输出_按问答顺序\104_佛山市邦博恩智能科技有限公司新建项目_01_报批稿或报告表\104_佛山市邦博恩智能科技有限公司新建项目_01_报批稿或报告表.html,
105_佛山市加合新材料有限公司新建项目_01_报批稿或报告表,E:\华南理工项目\环评文件汇总\01_GitHub项目与研究文档\eia-openclaw-sync-chen2026\05_QA测试集\人工核查_环评报告出处整理_20260715\环评报告文件_按问答顺序\105_佛山市加合新材料有限公司新建项目_01_报批稿或报告表.pdf,.pdf,success,1,65937,59962,E:\华南理工项目\环评文件汇总\01_GitHub项目与研究文档\eia-openclaw-sync-chen2026\05_QA测试集\人工核查_环评报告出处整理_20260715\解析文本输出_按问答顺序\105_佛山市加合新材料有限公司新建项目_01_报批稿或报告表\105_佛山市加合新材料有限公司新建项目_01_报批稿或报告表.json,E:\华南理工项目\环评文件汇总\01_GitHub项目与研究文档\eia-openclaw-sync-chen2026\05_QA测试集\人工核查_环评报告出处整理_20260715\解析文本输出_按问答顺序\105_佛山市加合新材料有限公司新建项目_01_报批稿或报告表\105_佛山市加合新材料有限公司新建项目_01_报批稿或报告表.html,
106_思邦自行车配件（佛山）有限公司改扩建项目_01_受理公告或公示版,E:\华南理工项目\环评文件汇总\01_GitHub项目与研究文档\eia-openclaw-sync-chen2026\05_QA测试集\人工核查_环评报告出处整理_20260715\环评报告文件_按问答顺序\106_思邦自行车配件（佛山）有限公司改扩建项目_01_受理公告或公示版.pdf,.pdf,success,2,65705,61160,E:\华南理工项目\环评文件汇总\01_GitHub项目与研究文档\eia-openclaw-sync-chen2026\05_QA测试集\人工核查_环评报告出处整理_20260715\解析文本输出_按问答顺序\106_思邦自行车配件（佛山）有限公司改扩建项目_01_受理公告或公示版\106_思邦自行车配件（佛山）有限公司改扩建项目_01_受理公告或公示版.json,E:\华南理工项目\环评文件汇总\01_GitHub项目与研究文档\eia-openclaw-sync-chen2026\05_QA测试集\人工核查_环评报告出处整理_20260715\解析文本输出_按问答顺序\106_思邦自行车配件（佛山）有限公司改扩建项目_01_受理公告或公示版\106_思邦自行车配件（佛山）有限公司改扩建项目_01_受理公告或公示版.html,
107_佛山市顺德区凯和电器有限公司迁扩建项目_01_受理公告或公示版,E:\华南理工项目\环评文件汇总\01_GitHub项目与研究文档\eia-openclaw-sync-chen2026\05_QA测试集\人工核查_环评报告出处整理_20260715\环评报告文件_按问答顺序\107_佛山市顺德区凯和电器有限公司迁扩建项目_01_受理公告或公示版.pdf,.pdf,success,1,43633,40445,E:\华南理工项目\环评文件汇总\01_GitHub项目与研究文档\eia-openclaw-sync-chen2026\05_QA测试集\人工核查_环评报告出处整理_20260715\解析文本输出_按问答顺序\107_佛山市顺德区凯和电器有限公司迁扩建项目_01_受理公告或公示版\107_佛山市顺德区凯和电器有限公司迁扩建项目_01_受理公告或公示版.json,E:\华南理工项目\环评文件汇总\01_GitHub项目与研究文档\eia-openclaw-sync-chen2026\05_QA测试集\人工核查_环评报告出处整理_20260715\解析文本输出_按问答顺序\107_佛山市顺德区凯和电器有限公司迁扩建项目_01_受理公告或公示版\107_佛山市顺德区凯和电器有限公司迁扩建项目_01_受理公告或公示版.html,
108_佛山志兴盈包装有限公司新建项目_01_受理公告或公示版,E:\华南理工项目\环评文件汇总\01_GitHub项目与研究文档\eia-openclaw-sync-chen2026\05_QA测试集\人工核查_环评报告出处整理_20260715\环评报告文件_按问答顺序\108_佛山志兴盈包装有限公司新建项目_01_受理公告或公示版.pdf,.pdf,success,1,62283,58013,E:\华南理工项目\环评文件汇总\01_GitHub项目与研究文档\eia-openclaw-sync-chen2026\05_QA测试集\人工核查_环评报告出处整理_20260715\解析文本输出_按问答顺序\108_佛山志兴盈包装有限公司新建项目_01_受理公告或公示版\108_佛山志兴盈包装有限公司新建项目_01_受理公告或公示版.json,E:\华南理工项目\环评文件汇总\01_GitHub项目与研究文档\eia-openclaw-sync-chen2026\05_QA测试集\人工核查_环评报告出处整理_20260715\解析文本输出_按问答顺序\108_佛山志兴盈包装有限公司新建项目_01_受理公告或公示版\108_佛山志兴盈包装有限公司新建项目_01_受理公告或公示版.html,
109_佛山市顺德区昶新塑料制品有限公司搬迁、扩建项目_01_受理公告或公示版,E:\华南理工项目\环评文件汇总\01_GitHub项目与研究文档\eia-openclaw-sync-chen2026\05_QA测试集\人工核查_环评报告出处整理_20260715\环评报告文件_按问答顺序\109_佛山市顺德区昶新塑料制品有限公司搬迁、扩建项目_01_受理公告或公示版.pdf,.pdf,success,4,232030,219654,E:\华南理工项目\环评文件汇总\01_GitHub项目与研究文档\eia-openclaw-sync-chen2026\05_QA测试集\人工核查_环评报告出处整理_20260715\解析文本输出_按问答顺序\109_佛山市顺德区昶新塑料制品有限公司搬迁、扩建项目_01_受理公告或公示版\109_佛山市顺德区昶新塑料制品有限公司搬迁、扩建项目_01_受理公告或公示版.json,E:\华南理工项目\环评文件汇总\01_GitHub项目与研究文档\eia-openclaw-sync-chen2026\05_QA测试集\人工核查_环评报告出处整理_20260715\解析文本输出_按问答顺序\109_佛山市顺德区昶新塑料制品有限公司搬迁、扩建项目_01_受理公告或公示版\109_佛山市顺德区昶新塑料制品有限公司搬迁、扩建项目_01_受理公告或公示版.html,
110_佛山市宇象汇科技有限公司建设项目_01_受理公告或公示版,E:\华南理工项目\环评文件汇总\01_GitHub项目与研究文档\eia-openclaw-sync-chen2026\05_QA测试集\人工核查_环评报告出处整理_20260715\环评报告文件_按问答顺序\110_佛山市宇象汇科技有限公司建设项目_01_受理公告或公示版.pdf,.pdf,success,6,341680,319852,E:\华南理工项目\环评文件汇总\01_GitHub项目与研究文档\eia-openclaw-sync-chen2026\05_QA测试集\人工核查_环评报告出处整理_20260715\解析文本输出_按问答顺序\110_佛山市宇象汇科技有限公司建设项目_01_受理公告或公示版\110_佛山市宇象汇科技有限公司建设项目_01_受理公告或公示版.json,E:\华南理工项目\环评文件汇总\01_GitHub项目与研究文档\eia-openclaw-sync-chen2026\05_QA测试集\人工核查_环评报告出处整理_20260715\解析文本输出_按问答顺序\110_佛山市宇象汇科技有限公司建设项目_01_受理公告或公示版\110_佛山市宇象汇科技有限公司建设项目_01_受理公告或公示版.html,
111_广东创卓电器有限公司迁扩建项目_01_受理公告或公示版,E:\华南理工项目\环评文件汇总\01_GitHub项目与研究文档\eia-openclaw-sync-chen2026\05_QA测试集\人工核查_环评报告出处整理_20260715\环评报告文件_按问答顺序\111_广东创卓电器有限公司迁扩建项目_01_受理公告或公示版.pdf,.pdf,success,2,68409,65608,E:\华南理工项目\环评文件汇总\01_GitHub项目与研究文档\eia-openclaw-sync-chen2026\05_QA测试集\人工核查_环评报告出处整理_20260715\解析文本输出_按问答顺序\111_广东创卓电器有限公司迁扩建项目_01_受理公告或公示版\111_广东创卓电器有限公司迁扩建项目_01_受理公告或公示版.json,E:\华南理工项目\环评文件汇总\01_GitHub项目与研究文档\eia-openclaw-sync-chen2026\05_QA测试集\人工核查_环评报告出处整理_20260715\解析文本输出_按问答顺序\111_广东创卓电器有限公司迁扩建项目_01_受理公告或公示版\111_广东创卓电器有限公司迁扩建项目_01_受理公告或公示版.html,
112_佛山市顺德区湛宏塑料制品有限公司改扩建项目_01_受理公告或公示版,E:\华南理工项目\环评文件汇总\01_GitHub项目与研究文档\eia-openclaw-sync-chen2026\05_QA测试集\人工核查_环评报告出处整理_20260715\环评报告文件_按问答顺序\112_佛山市顺德区湛宏塑料制品有限公司改扩建项目_01_受理公告或公示版.pdf,.pdf,success,2,92763,83530,E:\华南理工项目\环评文件汇总\01_GitHub项目与研究文档\eia-openclaw-sync-chen2026\05_QA测试集\人工核查_环评报告出处整理_20260715\解析文本输出_按问答顺序\112_佛山市顺德区湛宏塑料制品有限公司改扩建项目_01_受理公告或公示版\112_佛山市顺德区湛宏塑料制品有限公司改扩建项目_01_受理公告或公示版.json,E:\华南理工项目\环评文件汇总\01_GitHub项目与研究文档\eia-openclaw-sync-chen2026\05_QA测试集\人工核查_环评报告出处整理_20260715\解析文本输出_按问答顺序\112_佛山市顺德区湛宏塑料制品有限公司改扩建项目_01_受理公告或公示版\112_佛山市顺德区湛宏塑料制品有限公司改扩建项目_01_受理公告或公示版.html,
113_佛山市智枞电器制造有限公司扩建项目_01_受理公告或公示版,E:\华南理工项目\环评文件汇总\01_GitHub项目与研究文档\eia-openclaw-sync-chen2026\05_QA测试集\人工核查_环评报告出处整理_20260715\环评报告文件_按问答顺序\113_佛山市智枞电器制造有限公司扩建项目_01_受理公告或公示版.pdf,.pdf,success,2,71909,66485,E:\华南理工项目\环评文件汇总\01_GitHub项目与研究文档\eia-openclaw-sync-chen2026\05_QA测试集\人工核查_环评报告出处整理_20260715\解析文本输出_按问答顺序\113_佛山市智枞电器制造有限公司扩建项目_01_受理公告或公示版\113_佛山市智枞电器制造有限公司扩建项目_01_受理公告或公示版.json,E:\华南理工项目\环评文件汇总\01_GitHub项目与研究文档\eia-openclaw-sync-chen2026\05_QA测试集\人工核查_环评报告出处整理_20260715\解析文本输出_按问答顺序\113_佛山市智枞电器制造有限公司扩建项目_01_受理公告或公示版\113_佛山市智枞电器制造有限公司扩建项目_01_受理公告或公示版.html,
114_佛山创顺塑胶有限公司建设项目_01_受理公告或公示版,E:\华南理工项目\环评文件汇总\01_GitHub项目与研究文档\eia-openclaw-sync-chen2026\05_QA测试集\人工核查_环评报告出处整理_20260715\环评报告文件_按问答顺序\114_佛山创顺塑胶有限公司建设项目_01_受理公告或公示版.pdf,.pdf,success,1,55056,52159,E:\华南理工项目\环评文件汇总\01_GitHub项目与研究文档\eia-openclaw-sync-chen2026\05_QA测试集\人工核查_环评报告出处整理_20260715\解析文本输出_按问答顺序\114_佛山创顺塑胶有限公司建设项目_01_受理公告或公示版\114_佛山创顺塑胶有限公司建设项目_01_受理公告或公示版.json,E:\华南理工项目\环评文件汇总\01_GitHub项目与研究文档\eia-openclaw-sync-chen2026\05_QA测试集\人工核查_环评报告出处整理_20260715\解析文本输出_按问答顺序\114_佛山创顺塑胶有限公司建设项目_01_受理公告或公示版\114_佛山创顺塑胶有限公司建设项目_01_受理公告或公示版.html,
115_佛山市顺德区天玛仕电子有限公司改扩建项目_01_受理公告或公示版,E:\华南理工项目\环评文件汇总\01_GitHub项目与研究文档\eia-openclaw-sync-chen2026\05_QA测试集\人工核查_环评报告出处整理_20260715\环评报告文件_按问答顺序\115_佛山市顺德区天玛仕电子有限公司改扩建项目_01_受理公告或公示版.pdf,.pdf,success,1,59871,56582,E:\华南理工项目\环评文件汇总\01_GitHub项目与研究文档\eia-openclaw-sync-chen2026\05_QA测试集\人工核查_环评报告出处整理_20260715\解析文本输出_按问答顺序\115_佛山市顺德区天玛仕电子有限公司改扩建项目_01_受理公告或公示版\115_佛山市顺德区天玛仕电子有限公司改扩建项目_01_受理公告或公示版.json,E:\华南理工项目\环评文件汇总\01_GitHub项目与研究文档\eia-openclaw-sync-chen2026\05_QA测试集\人工核查_环评报告出处整理_20260715\解析文本输出_按问答顺序\115_佛山市顺德区天玛仕电子有限公司改扩建项目_01_受理公告或公示版\115_佛山市顺德区天玛仕电子有限公司改扩建项目_01_受理公告或公示版.html,
116_佛山市昇汇包装材料有限公司新建项目_01_受理公告或公示版,E:\华南理工项目\环评文件汇总\01_GitHub项目与研究文档\eia-openclaw-sync-chen2026\05_QA测试集\人工核查_环评报告出处整理_20260715\环评报告文件_按问答顺序\116_佛山市昇汇包装材料有限公司新建项目_01_受理公告或公示版.pdf,.pdf,success,1,57702,53159,E:\华南理工项目\环评文件汇总\01_GitHub项目与研究文档\eia-openclaw-sync-chen2026\05_QA测试集\人工核查_环评报告出处整理_20260715\解析文本输出_按问答顺序\116_佛山市昇汇包装材料有限公司新建项目_01_受理公告或公示版\116_佛山市昇汇包装材料有限公司新建项目_01_受理公告或公示版.json,E:\华南理工项目\环评文件汇总\01_GitHub项目与研究文档\eia-openclaw-sync-chen2026\05_QA测试集\人工核查_环评报告出处整理_20260715\解析文本输出_按问答顺序\116_佛山市昇汇包装材料有限公司新建项目_01_受理公告或公示版\116_佛山市昇汇包装材料有限公司新建项目_01_受理公告或公示版.html,
117_佛山市洲友尚包装材料有限公司新建项目_01_受理公告或公示版,E:\华南理工项目\环评文件汇总\01_GitHub项目与研究文档\eia-openclaw-sync-chen2026\05_QA测试集\人工核查_环评报告出处整理_20260715\环评报告文件_按问答顺序\117_佛山市洲友尚包装材料有限公司新建项目_01_受理公告或公示版.pdf,.pdf,success,2,67610,61420,E:\华南理工项目\环评文件汇总\01_GitHub项目与研究文档\eia-openclaw-sync-chen2026\05_QA测试集\人工核查_环评报告出处整理_20260715\解析文本输出_按问答顺序\117_佛山市洲友尚包装材料有限公司新建项目_01_受理公告或公示版\117_佛山市洲友尚包装材料有限公司新建项目_01_受理公告或公示版.json,E:\华南理工项目\环评文件汇总\01_GitHub项目与研究文档\eia-openclaw-sync-chen2026\05_QA测试集\人工核查_环评报告出处整理_20260715\解析文本输出_按问答顺序\117_佛山市洲友尚包装材料有限公司新建项目_01_受理公告或公示版\117_佛山市洲友尚包装材料有限公司新建项目_01_受理公告或公示版.html,
118_佛山万美塑料制品有限公司迁扩建项目_01_受理公告或公示版,E:\华南理工项目\环评文件汇总\01_GitHub项目与研究文档\eia-openclaw-sync-chen2026\05_QA测试集\人工核查_环评报告出处整理_20260715\环评报告文件_按问答顺序\118_佛山万美塑料制品有限公司迁扩建项目_01_受理公告或公示版.pdf,.pdf,success,2,69947,65770,E:\华南理工项目\环评文件汇总\01_GitHub项目与研究文档\eia-openclaw-sync-chen2026\05_QA测试集\人工核查_环评报告出处整理_20260715\解析文本输出_按问答顺序\118_佛山万美塑料制品有限公司迁扩建项目_01_受理公告或公示版\118_佛山万美塑料制品有限公司迁扩建项目_01_受理公告或公示版.json,E:\华南理工项目\环评文件汇总\01_GitHub项目与研究文档\eia-openclaw-sync-chen2026\05_QA测试集\人工核查_环评报告出处整理_20260715\解析文本输出_按问答顺序\118_佛山万美塑料制品有限公司迁扩建项目_01_受理公告或公示版\118_佛山万美塑料制品有限公司迁扩建项目_01_受理公告或公示版.html,
119_佛山市顺德区凯锦电器有限公司新建项目_01_受理公告或公示版,E:\华南理工项目\环评文件汇总\01_GitHub项目与研究文档\eia-openclaw-sync-chen2026\05_QA测试集\人工核查_环评报告出处整理_20260715\环评报告文件_按问答顺序\119_佛山市顺德区凯锦电器有限公司新建项目_01_受理公告或公示版.pdf,.pdf,success,1,46899,44781,E:\华南理工项目\环评文件汇总\01_GitHub项目与研究文档\eia-openclaw-sync-chen2026\05_QA测试集\人工核查_环评报告出处整理_20260715\解析文本输出_按问答顺序\119_佛山市顺德区凯锦电器有限公司新建项目_01_受理公告或公示版\119_佛山市顺德区凯锦电器有限公司新建项目_01_受理公告或公示版.json,E:\华南理工项目\环评文件汇总\01_GitHub项目与研究文档\eia-openclaw-sync-chen2026\05_QA测试集\人工核查_环评报告出处整理_20260715\解析文本输出_按问答顺序\119_佛山市顺德区凯锦电器有限公司新建项目_01_受理公告或公示版\119_佛山市顺德区凯锦电器有限公司新建项目_01_受理公告或公示版.html,
120_佛山市龙广塑料制品有限公司新建项目_01_受理公告或公示版,E:\华南理工项目\环评文件汇总\01_GitHub项目与研究文档\eia-openclaw-sync-chen2026\05_QA测试集\人工核查_环评报告出处整理_20260715\环评报告文件_按问答顺序\120_佛山市龙广塑料制品有限公司新建项目_01_受理公告或公示版.pdf,.pdf,success,1,51084,48196,E:\华南理工项目\环评文件汇总\01_GitHub项目与研究文档\eia-openclaw-sync-chen2026\05_QA测试集\人工核查_环评报告出处整理_20260715\解析文本输出_按问答顺序\120_佛山市龙广塑料制品有限公司新建项目_01_受理公告或公示版\120_佛山市龙广塑料制品有限公司新建项目_01_受理公告或公示版.json,E:\华南理工项目\环评文件汇总\01_GitHub项目与研究文档\eia-openclaw-sync-chen2026\05_QA测试集\人工核查_环评报告出处整理_20260715\解析文本输出_按问答顺序\120_佛山市龙广塑料制品有限公司新建项目_01_受理公告或公示版\120_佛山市龙广塑料制品有限公司新建项目_01_受理公告或公示版.html,
121_佛山市特美仕电器有限公司迁扩建项目_01_报批稿或报告表,E:\华南理工项目\环评文件汇总\01_GitHub项目与研究文档\eia-openclaw-sync-chen2026\05_QA测试集\人工核查_环评报告出处整理_20260715\环评报告文件_按问答顺序\121_佛山市特美仕电器有限公司迁扩建项目_01_报批稿或报告表.pdf,.pdf,success,2,71064,65652,E:\华南理工项目\环评文件汇总\01_GitHub项目与研究文档\eia-openclaw-sync-chen2026\05_QA测试集\人工核查_环评报告出处整理_20260715\解析文本输出_按问答顺序\121_佛山市特美仕电器有限公司迁扩建项目_01_报批稿或报告表\121_佛山市特美仕电器有限公司迁扩建项目_01_报批稿或报告表.json,E:\华南理工项目\环评文件汇总\01_GitHub项目与研究文档\eia-openclaw-sync-chen2026\05_QA测试集\人工核查_环评报告出处整理_20260715\解析文本输出_按问答顺序\121_佛山市特美仕电器有限公司迁扩建项目_01_报批稿或报告表\121_佛山市特美仕电器有限公司迁扩建项目_01_报批稿或报告表.html,
122_佛山市广优顺品日用品有限公司新建项目_01_报批稿或报告表,E:\华南理工项目\环评文件汇总\01_GitHub项目与研究文档\eia-openclaw-sync-chen2026\05_QA测试集\人工核查_环评报告出处整理_20260715\环评报告文件_按问答顺序\122_佛山市广优顺品日用品有限公司新建项目_01_报批稿或报告表.pdf,.pdf,success,2,62335,60250,E:\华南理工项目\环评文件汇总\01_GitHub项目与研究文档\eia-openclaw-sync-chen2026\05_QA测试集\人工核查_环评报告出处整理_20260715\解析文本输出_按问答顺序\122_佛山市广优顺品日用品有限公司新建项目_01_报批稿或报告表\122_佛山市广优顺品日用品有限公司新建项目_01_报批稿或报告表.json,E:\华南理工项目\环评文件汇总\01_GitHub项目与研究文档\eia-openclaw-sync-chen2026\05_QA测试集\人工核查_环评报告出处整理_20260715\解析文本输出_按问答顺序\122_佛山市广优顺品日用品有限公司新建项目_01_报批稿或报告表\122_佛山市广优顺品日用品有限公司新建项目_01_报批稿或报告表.html,
123_佛山市邸怡居家居有限公司新建项目_01_受理公告或公示版,E:\华南理工项目\环评文件汇总\01_GitHub项目与研究文档\eia-openclaw-sync-chen2026\05_QA测试集\人工核查_环评报告出处整理_20260715\环评报告文件_按问答顺序\123_佛山市邸怡居家居有限公司新建项目_01_受理公告或公示版.pdf,.pdf,success,1,65133,59473,E:\华南理工项目\环评文件汇总\01_GitHub项目与研究文档\eia-openclaw-sync-chen2026\05_QA测试集\人工核查_环评报告出处整理_20260715\解析文本输出_按问答顺序\123_佛山市邸怡居家居有限公司新建项目_01_受理公告或公示版\123_佛山市邸怡居家居有限公司新建项目_01_受理公告或公示版.json,E:\华南理工项目\环评文件汇总\01_GitHub项目与研究文档\eia-openclaw-sync-chen2026\05_QA测试集\人工核查_环评报告出处整理_20260715\解析文本输出_按问答顺序\123_佛山市邸怡居家居有限公司新建项目_01_受理公告或公示版\123_佛山市邸怡居家居有限公司新建项目_01_受理公告或公示版.html,
124_佛山市创灏五金塑料有限公司年产塑料制品1250万件迁改扩建项目_01_受理公告或公示版,E:\华南理工项目\环评文件汇总\01_GitHub项目与研究文档\eia-openclaw-sync-chen2026\05_QA测试集\人工核查_环评报告出处整理_20260715\环评报告文件_按问答顺序\124_佛山市创灏五金塑料有限公司年产塑料制品1250万件迁改扩建项目_01_受理公告或公示版.pdf,.pdf,success,2,66751,64063,E:\华南理工项目\环评文件汇总\01_GitHub项目与研究文档\eia-openclaw-sync-chen2026\05_QA测试集\人工核查_环评报告出处整理_20260715\解析文本输出_按问答顺序\124_佛山市创灏五金塑料有限公司年产塑料制品1250万件迁改扩建项目_01_受理公告或公示版\124_佛山市创灏五金塑料有限公司年产塑料制品1250万件迁改扩建项目_01_受理公告或公示版.json,E:\华南理工项目\环评文件汇总\01_GitHub项目与研究文档\eia-openclaw-sync-chen2026\05_QA测试集\人工核查_环评报告出处整理_20260715\解析文本输出_按问答顺序\124_佛山市创灏五金塑料有限公司年产塑料制品1250万件迁改扩建项目_01_受理公告或公示版\124_佛山市创灏五金塑料有限公司年产塑料制品1250万件迁改扩建项目_01_受理公告或公示版.html,
125_佛山市顺德区谦和丰塑料制品厂新建项目_01_受理公告或公示版,E:\华南理工项目\环评文件汇总\01_GitHub项目与研究文档\eia-openclaw-sync-chen2026\05_QA测试集\人工核查_环评报告出处整理_20260715\环评报告文件_按问答顺序\125_佛山市顺德区谦和丰塑料制品厂新建项目_01_受理公告或公示版.pdf,.pdf,success,1,47121,44628,E:\华南理工项目\环评文件汇总\01_GitHub项目与研究文档\eia-openclaw-sync-chen2026\05_QA测试集\人工核查_环评报告出处整理_20260715\解析文本输出_按问答顺序\125_佛山市顺德区谦和丰塑料制品厂新建项目_01_受理公告或公示版\125_佛山市顺德区谦和丰塑料制品厂新建项目_01_受理公告或公示版.json,E:\华南理工项目\环评文件汇总\01_GitHub项目与研究文档\eia-openclaw-sync-chen2026\05_QA测试集\人工核查_环评报告出处整理_20260715\解析文本输出_按问答顺序\125_佛山市顺德区谦和丰塑料制品厂新建项目_01_受理公告或公示版\125_佛山市顺德区谦和丰塑料制品厂新建项目_01_受理公告或公示版.html,
126_佛山市顺德区谦迅盛塑料制品厂新建项目_01_受理公告或公示版,E:\华南理工项目\环评文件汇总\01_GitHub项目与研究文档\eia-openclaw-sync-chen2026\05_QA测试集\人工核查_环评报告出处整理_20260715\环评报告文件_按问答顺序\126_佛山市顺德区谦迅盛塑料制品厂新建项目_01_受理公告或公示版.pdf,.pdf,success,1,46993,44441,E:\华南理工项目\环评文件汇总\01_GitHub项目与研究文档\eia-openclaw-sync-chen2026\05_QA测试集\人工核查_环评报告出处整理_20260715\解析文本输出_按问答顺序\126_佛山市顺德区谦迅盛塑料制品厂新建项目_01_受理公告或公示版\126_佛山市顺德区谦迅盛塑料制品厂新建项目_01_受理公告或公示版.json,E:\华南理工项目\环评文件汇总\01_GitHub项目与研究文档\eia-openclaw-sync-chen2026\05_QA测试集\人工核查_环评报告出处整理_20260715\解析文本输出_按问答顺序\126_佛山市顺德区谦迅盛塑料制品厂新建项目_01_受理公告或公示版\126_佛山市顺德区谦迅盛塑料制品厂新建项目_01_受理公告或公示版.html,
127_广东顺德意达电子薄膜器件有限公司扩建项目_01_受理公告或公示版,E:\华南理工项目\环评文件汇总\01_GitHub项目与研究文档\eia-openclaw-sync-chen2026\05_QA测试集\人工核查_环评报告出处整理_20260715\环评报告文件_按问答顺序\127_广东顺德意达电子薄膜器件有限公司扩建项目_01_受理公告或公示版.pdf,.pdf,success,2,84718,81457,E:\华南理工项目\环评文件汇总\01_GitHub项目与研究文档\eia-openclaw-sync-chen2026\05_QA测试集\人工核查_环评报告出处整理_20260715\解析文本输出_按问答顺序\127_广东顺德意达电子薄膜器件有限公司扩建项目_01_受理公告或公示版\127_广东顺德意达电子薄膜器件有限公司扩建项目_01_受理公告或公示版.json,E:\华南理工项目\环评文件汇总\01_GitHub项目与研究文档\eia-openclaw-sync-chen2026\05_QA测试集\人工核查_环评报告出处整理_20260715\解析文本输出_按问答顺序\127_广东顺德意达电子薄膜器件有限公司扩建项目_01_受理公告或公示版\127_广东顺德意达电子薄膜器件有限公司扩建项目_01_受理公告或公示版.html,
128_佛山市加耐安塑料制品有限公司新建项目_01_受理公告或公示版,E:\华南理工项目\环评文件汇总\01_GitHub项目与研究文档\eia-openclaw-sync-chen2026\05_QA测试集\人工核查_环评报告出处整理_20260715\环评报告文件_按问答顺序\128_佛山市加耐安塑料制品有限公司新建项目_01_受理公告或公示版.pdf,.pdf,success,2,78497,74631,E:\华南理工项目\环评文件汇总\01_GitHub项目与研究文档\eia-openclaw-sync-chen2026\05_QA测试集\人工核查_环评报告出处整理_20260715\解析文本输出_按问答顺序\128_佛山市加耐安塑料制品有限公司新建项目_01_受理公告或公示版\128_佛山市加耐安塑料制品有限公司新建项目_01_受理公告或公示版.json,E:\华南理工项目\环评文件汇总\01_GitHub项目与研究文档\eia-openclaw-sync-chen2026\05_QA测试集\人工核查_环评报告出处整理_20260715\解析文本输出_按问答顺序\128_佛山市加耐安塑料制品有限公司新建项目_01_受理公告或公示版\128_佛山市加耐安塑料制品有限公司新建项目_01_受理公告或公示版.html,
129_佛山市京耘科技有限公司新建项目_01_受理公告或公示版,E:\华南理工项目\环评文件汇总\01_GitHub项目与研究文档\eia-openclaw-sync-chen2026\05_QA测试集\人工核查_环评报告出处整理_20260715\环评报告文件_按问答顺序\129_佛山市京耘科技有限公司新建项目_01_受理公告或公示版.pdf,.pdf,success,1,50665,48182,E:\华南理工项目\环评文件汇总\01_GitHub项目与研究文档\eia-openclaw-sync-chen2026\05_QA测试集\人工核查_环评报告出处整理_20260715\解析文本输出_按问答顺序\129_佛山市京耘科技有限公司新建项目_01_受理公告或公示版\129_佛山市京耘科技有限公司新建项目_01_受理公告或公示版.json,E:\华南理工项目\环评文件汇总\01_GitHub项目与研究文档\eia-openclaw-sync-chen2026\05_QA测试集\人工核查_环评报告出处整理_20260715\解析文本输出_按问答顺序\129_佛山市京耘科技有限公司新建项目_01_受理公告或公示版\129_佛山市京耘科技有限公司新建项目_01_受理公告或公示版.html,
130_佛山市汇铭臻新材料科技有限公司新建项目_01_受理公告或公示版,E:\华南理工项目\环评文件汇总\01_GitHub项目与研究文档\eia-openclaw-sync-chen2026\05_QA测试集\人工核查_环评报告出处整理_20260715\环评报告文件_按问答顺序\130_佛山市汇铭臻新材料科技有限公司新建项目_01_受理公告或公示版.pdf,.pdf,success,2,69555,65225,E:\华南理工项目\环评文件汇总\01_GitHub项目与研究文档\eia-openclaw-sync-chen2026\05_QA测试集\人工核查_环评报告出处整理_20260715\解析文本输出_按问答顺序\130_佛山市汇铭臻新材料科技有限公司新建项目_01_受理公告或公示版\130_佛山市汇铭臻新材料科技有限公司新建项目_01_受理公告或公示版.json,E:\华南理工项目\环评文件汇总\01_GitHub项目与研究文档\eia-openclaw-sync-chen2026\05_QA测试集\人工核查_环评报告出处整理_20260715\解析文本输出_按问答顺序\130_佛山市汇铭臻新材料科技有限公司新建项目_01_受理公告或公示版\130_佛山市汇铭臻新材料科技有限公司新建项目_01_受理公告或公示版.html,
131_佛山市千紫珏科技有限公司新建项目_01_受理公告或公示版,E:\华南理工项目\环评文件汇总\01_GitHub项目与研究文档\eia-openclaw-sync-chen2026\05_QA测试集\人工核查_环评报告出处整理_20260715\环评报告文件_按问答顺序\131_佛山市千紫珏科技有限公司新建项目_01_受理公告或公示版.pdf,.pdf,success,2,69606,65315,E:\华南理工项目\环评文件汇总\01_GitHub项目与研究文档\eia-openclaw-sync-chen2026\05_QA测试集\人工核查_环评报告出处整理_20260715\解析文本输出_按问答顺序\131_佛山市千紫珏科技有限公司新建项目_01_受理公告或公示版\131_佛山市千紫珏科技有限公司新建项目_01_受理公告或公示版.json,E:\华南理工项目\环评文件汇总\01_GitHub项目与研究文档\eia-openclaw-sync-chen2026\05_QA测试集\人工核查_环评报告出处整理_20260715\解析文本输出_按问答顺序\131_佛山市千紫珏科技有限公司新建项目_01_受理公告或公示版\131_佛山市千紫珏科技有限公司新建项目_01_受理公告或公示版.html,
132_佛山市万朗磁塑制品有限公司顺德分公司新建项目_01_报批稿或报告表,E:\华南理工项目\环评文件汇总\01_GitHub项目与研究文档\eia-openclaw-sync-chen2026\05_QA测试集\人工核查_环评报告出处整理_20260715\环评报告文件_按问答顺序\132_佛山市万朗磁塑制品有限公司顺德分公司新建项目_01_报批稿或报告表.pdf,.pdf,success,2,65001,60964,E:\华南理工项目\环评文件汇总\01_GitHub项目与研究文档\eia-openclaw-sync-chen2026\05_QA测试集\人工核查_环评报告出处整理_20260715\解析文本输出_按问答顺序\132_佛山市万朗磁塑制品有限公司顺德分公司新建项目_01_报批稿或报告表\132_佛山市万朗磁塑制品有限公司顺德分公司新建项目_01_报批稿或报告表.json,E:\华南理工项目\环评文件汇总\01_GitHub项目与研究文档\eia-openclaw-sync-chen2026\05_QA测试集\人工核查_环评报告出处整理_20260715\解析文本输出_按问答顺序\132_佛山市万朗磁塑制品有限公司顺德分公司新建项目_01_报批稿或报告表\132_佛山市万朗磁塑制品有限公司顺德分公司新建项目_01_报批稿或报告表.html,
133_佛山市顺德区全华工艺饰品有限公司新建项目_01_报批稿或报告表,E:\华南理工项目\环评文件汇总\01_GitHub项目与研究文档\eia-openclaw-sync-chen2026\05_QA测试集\人工核查_环评报告出处整理_20260715\环评报告文件_按问答顺序\133_佛山市顺德区全华工艺饰品有限公司新建项目_01_报批稿或报告表.pdf,.pdf,success,1,44641,43023,E:\华南理工项目\环评文件汇总\01_GitHub项目与研究文档\eia-openclaw-sync-chen2026\05_QA测试集\人工核查_环评报告出处整理_20260715\解析文本输出_按问答顺序\133_佛山市顺德区全华工艺饰品有限公司新建项目_01_报批稿或报告表\133_佛山市顺德区全华工艺饰品有限公司新建项目_01_报批稿或报告表.json,E:\华南理工项目\环评文件汇总\01_GitHub项目与研究文档\eia-openclaw-sync-chen2026\05_QA测试集\人工核查_环评报告出处整理_20260715\解析文本输出_按问答顺序\133_佛山市顺德区全华工艺饰品有限公司新建项目_01_报批稿或报告表\133_佛山市顺德区全华工艺饰品有限公司新建项目_01_报批稿或报告表.html,
134_佛山市顺德区大亚湾五金塑料有限公司新建项目_01_受理公告或公示版,E:\华南理工项目\环评文件汇总\01_GitHub项目与研究文档\eia-openclaw-sync-chen2026\05_QA测试集\人工核查_环评报告出处整理_20260715\环评报告文件_按问答顺序\134_佛山市顺德区大亚湾五金塑料有限公司新建项目_01_受理公告或公示版.pdf,.pdf,success,1,41989,40227,E:\华南理工项目\环评文件汇总\01_GitHub项目与研究文档\eia-openclaw-sync-chen2026\05_QA测试集\人工核查_环评报告出处整理_20260715\解析文本输出_按问答顺序\134_佛山市顺德区大亚湾五金塑料有限公司新建项目_01_受理公告或公示版\134_佛山市顺德区大亚湾五金塑料有限公司新建项目_01_受理公告或公示版.json,E:\华南理工项目\环评文件汇总\01_GitHub项目与研究文档\eia-openclaw-sync-chen2026\05_QA测试集\人工核查_环评报告出处整理_20260715\解析文本输出_按问答顺序\134_佛山市顺德区大亚湾五金塑料有限公司新建项目_01_受理公告或公示版\134_佛山市顺德区大亚湾五金塑料有限公司新建项目_01_受理公告或公示版.html,
135_佛山市浩创时代包装制品有限公司新建项目_01_受理公告或公示版,E:\华南理工项目\环评文件汇总\01_GitHub项目与研究文档\eia-openclaw-sync-chen2026\05_QA测试集\人工核查_环评报告出处整理_20260715\环评报告文件_按问答顺序\135_佛山市浩创时代包装制品有限公司新建项目_01_受理公告或公示版.pdf,.pdf,success,2,71732,65798,E:\华南理工项目\环评文件汇总\01_GitHub项目与研究文档\eia-openclaw-sync-chen2026\05_QA测试集\人工核查_环评报告出处整理_20260715\解析文本输出_按问答顺序\135_佛山市浩创时代包装制品有限公司新建项目_01_受理公告或公示版\135_佛山市浩创时代包装制品有限公司新建项目_01_受理公告或公示版.json,E:\华南理工项目\环评文件汇总\01_GitHub项目与研究文档\eia-openclaw-sync-chen2026\05_QA测试集\人工核查_环评报告出处整理_20260715\解析文本输出_按问答顺序\135_佛山市浩创时代包装制品有限公司新建项目_01_受理公告或公示版\135_佛山市浩创时代包装制品有限公司新建项目_01_受理公告或公示版.html,
136_佛山江福英智能设备制造有限公司新建项目_01_受理公告或公示版,E:\华南理工项目\环评文件汇总\01_GitHub项目与研究文档\eia-openclaw-sync-chen2026\05_QA测试集\人工核查_环评报告出处整理_20260715\环评报告文件_按问答顺序\136_佛山江福英智能设备制造有限公司新建项目_01_受理公告或公示版.pdf,.pdf,success,1,57337,54402,E:\华南理工项目\环评文件汇总\01_GitHub项目与研究文档\eia-openclaw-sync-chen2026\05_QA测试集\人工核查_环评报告出处整理_20260715\解析文本输出_按问答顺序\136_佛山江福英智能设备制造有限公司新建项目_01_受理公告或公示版\136_佛山江福英智能设备制造有限公司新建项目_01_受理公告或公示版.json,E:\华南理工项目\环评文件汇总\01_GitHub项目与研究文档\eia-openclaw-sync-chen2026\05_QA测试集\人工核查_环评报告出处整理_20260715\解析文本输出_按问答顺序\136_佛山江福英智能设备制造有限公司新建项目_01_受理公告或公示版\136_佛山江福英智能设备制造有限公司新建项目_01_受理公告或公示版.html,
137_佛山市顺德区德毅塑料有限公司新建项目_01_受理公告或公示版,E:\华南理工项目\环评文件汇总\01_GitHub项目与研究文档\eia-openclaw-sync-chen2026\05_QA测试集\人工核查_环评报告出处整理_20260715\环评报告文件_按问答顺序\137_佛山市顺德区德毅塑料有限公司新建项目_01_受理公告或公示版.pdf,.pdf,success,1,51798,49382,E:\华南理工项目\环评文件汇总\01_GitHub项目与研究文档\eia-openclaw-sync-chen2026\05_QA测试集\人工核查_环评报告出处整理_20260715\解析文本输出_按问答顺序\137_佛山市顺德区德毅塑料有限公司新建项目_01_受理公告或公示版\137_佛山市顺德区德毅塑料有限公司新建项目_01_受理公告或公示版.json,E:\华南理工项目\环评文件汇总\01_GitHub项目与研究文档\eia-openclaw-sync-chen2026\05_QA测试集\人工核查_环评报告出处整理_20260715\解析文本输出_按问答顺序\137_佛山市顺德区德毅塑料有限公司新建项目_01_受理公告或公示版\137_佛山市顺德区德毅塑料有限公司新建项目_01_受理公告或公示版.html,
138_佛山市顺德区派信誉塑料有限公司新建项目_01_受理公告或公示版,E:\华南理工项目\环评文件汇总\01_GitHub项目与研究文档\eia-openclaw-sync-chen2026\05_QA测试集\人工核查_环评报告出处整理_20260715\环评报告文件_按问答顺序\138_佛山市顺德区派信誉塑料有限公司新建项目_01_受理公告或公示版.pdf,.pdf,success,1,60896,57896,E:\华南理工项目\环评文件汇总\01_GitHub项目与研究文档\eia-openclaw-sync-chen2026\05_QA测试集\人工核查_环评报告出处整理_20260715\解析文本输出_按问答顺序\138_佛山市顺德区派信誉塑料有限公司新建项目_01_受理公告或公示版\138_佛山市顺德区派信誉塑料有限公司新建项目_01_受理公告或公示版.json,E:\华南理工项目\环评文件汇总\01_GitHub项目与研究文档\eia-openclaw-sync-chen2026\05_QA测试集\人工核查_环评报告出处整理_20260715\解析文本输出_按问答顺序\138_佛山市顺德区派信誉塑料有限公司新建项目_01_受理公告或公示版\138_佛山市顺德区派信誉塑料有限公司新建项目_01_受理公告或公示版.html,
139_佛山市诗佳格科技有限公司新建项目_01_受理公告或公示版,E:\华南理工项目\环评文件汇总\01_GitHub项目与研究文档\eia-openclaw-sync-chen2026\05_QA测试集\人工核查_环评报告出处整理_20260715\环评报告文件_按问答顺序\139_佛山市诗佳格科技有限公司新建项目_01_受理公告或公示版.pdf,.pdf,success,1,61145,57593,E:\华南理工项目\环评文件汇总\01_GitHub项目与研究文档\eia-openclaw-sync-chen2026\05_QA测试集\人工核查_环评报告出处整理_20260715\解析文本输出_按问答顺序\139_佛山市诗佳格科技有限公司新建项目_01_受理公告或公示版\139_佛山市诗佳格科技有限公司新建项目_01_受理公告或公示版.json,E:\华南理工项目\环评文件汇总\01_GitHub项目与研究文档\eia-openclaw-sync-chen2026\05_QA测试集\人工核查_环评报告出处整理_20260715\解析文本输出_按问答顺序\139_佛山市诗佳格科技有限公司新建项目_01_受理公告或公示版\139_佛山市诗佳格科技有限公司新建项目_01_受理公告或公示版.html,
140_佛山市华泷彩科技有限公司新建项目_01_受理公告或公示版,E:\华南理工项目\环评文件汇总\01_GitHub项目与研究文档\eia-openclaw-sync-chen2026\05_QA测试集\人工核查_环评报告出处整理_20260715\环评报告文件_按问答顺序\140_佛山市华泷彩科技有限公司新建项目_01_受理公告或公示版.pdf,.pdf,success,1,61315,57722,E:\华南理工项目\环评文件汇总\01_GitHub项目与研究文档\eia-openclaw-sync-chen2026\05_QA测试集\人工核查_环评报告出处整理_20260715\解析文本输出_按问答顺序\140_佛山市华泷彩科技有限公司新建项目_01_受理公告或公示版\140_佛山市华泷彩科技有限公司新建项目_01_受理公告或公示版.json,E:\华南理工项目\环评文件汇总\01_GitHub项目与研究文档\eia-openclaw-sync-chen2026\05_QA测试集\人工核查_环评报告出处整理_20260715\解析文本输出_按问答顺序\140_佛山市华泷彩科技有限公司新建项目_01_受理公告或公示版\140_佛山市华泷彩科技有限公司新建项目_01_受理公告或公示版.html,
141_佛山市洲友尚包装材料有限公司新建项目_01_受理公告或公示版,E:\华南理工项目\环评文件汇总\01_GitHub项目与研究文档\eia-openclaw-sync-chen2026\05_QA测试集\人工核查_环评报告出处整理_20260715\环评报告文件_按问答顺序\141_佛山市洲友尚包装材料有限公司新建项目_01_受理公告或公示版.pdf,.pdf,success,2,63688,60121,E:\华南理工项目\环评文件汇总\01_GitHub项目与研究文档\eia-openclaw-sync-chen2026\05_QA测试集\人工核查_环评报告出处整理_20260715\解析文本输出_按问答顺序\141_佛山市洲友尚包装材料有限公司新建项目_01_受理公告或公示版\141_佛山市洲友尚包装材料有限公司新建项目_01_受理公告或公示版.json,E:\华南理工项目\环评文件汇总\01_GitHub项目与研究文档\eia-openclaw-sync-chen2026\05_QA测试集\人工核查_环评报告出处整理_20260715\解析文本输出_按问答顺序\141_佛山市洲友尚包装材料有限公司新建项目_01_受理公告或公示版\141_佛山市洲友尚包装材料有限公司新建项目_01_受理公告或公示版.html,
142_佛山市坤琪玲塑料制品有限公司新建项目_01_受理公告或公示版,E:\华南理工项目\环评文件汇总\01_GitHub项目与研究文档\eia-openclaw-sync-chen2026\05_QA测试集\人工核查_环评报告出处整理_20260715\环评报告文件_按问答顺序\142_佛山市坤琪玲塑料制品有限公司新建项目_01_受理公告或公示版.pdf,.pdf,success,1,55384,51895,E:\华南理工项目\环评文件汇总\01_GitHub项目与研究文档\eia-openclaw-sync-chen2026\05_QA测试集\人工核查_环评报告出处整理_20260715\解析文本输出_按问答顺序\142_佛山市坤琪玲塑料制品有限公司新建项目_01_受理公告或公示版\142_佛山市坤琪玲塑料制品有限公司新建项目_01_受理公告或公示版.json,E:\华南理工项目\环评文件汇总\01_GitHub项目与研究文档\eia-openclaw-sync-chen2026\05_QA测试集\人工核查_环评报告出处整理_20260715\解析文本输出_按问答顺序\142_佛山市坤琪玲塑料制品有限公司新建项目_01_受理公告或公示版\142_佛山市坤琪玲塑料制品有限公司新建项目_01_受理公告或公示版.html,
143_佛山市顺德区兴致盛塑料制品有限公司重新报批项目_01_受理公告或公示版,E:\华南理工项目\环评文件汇总\01_GitHub项目与研究文档\eia-openclaw-sync-chen2026\05_QA测试集\人工核查_环评报告出处整理_20260715\环评报告文件_按问答顺序\143_佛山市顺德区兴致盛塑料制品有限公司重新报批项目_01_受理公告或公示版.pdf,.pdf,success,1,63052,59874,E:\华南理工项目\环评文件汇总\01_GitHub项目与研究文档\eia-openclaw-sync-chen2026\05_QA测试集\人工核查_环评报告出处整理_20260715\解析文本输出_按问答顺序\143_佛山市顺德区兴致盛塑料制品有限公司重新报批项目_01_受理公告或公示版\143_佛山市顺德区兴致盛塑料制品有限公司重新报批项目_01_受理公告或公示版.json,E:\华南理工项目\环评文件汇总\01_GitHub项目与研究文档\eia-openclaw-sync-chen2026\05_QA测试集\人工核查_环评报告出处整理_20260715\解析文本输出_按问答顺序\143_佛山市顺德区兴致盛塑料制品有限公司重新报批项目_01_受理公告或公示版\143_佛山市顺德区兴致盛塑料制品有限公司重新报批项目_01_受理公告或公示版.html,
144_佛山市顺德区壹德包装印刷有限公司迁扩建项目_01_受理公告或公示版,E:\华南理工项目\环评文件汇总\01_GitHub项目与研究文档\eia-openclaw-sync-chen2026\05_QA测试集\人工核查_环评报告出处整理_20260715\环评报告文件_按问答顺序\144_佛山市顺德区壹德包装印刷有限公司迁扩建项目_01_受理公告或公示版.pdf,.pdf,success,4,233799,225435,E:\华南理工项目\环评文件汇总\01_GitHub项目与研究文档\eia-openclaw-sync-chen2026\05_QA测试集\人工核查_环评报告出处整理_20260715\解析文本输出_按问答顺序\144_佛山市顺德区壹德包装印刷有限公司迁扩建项目_01_受理公告或公示版\144_佛山市顺德区壹德包装印刷有限公司迁扩建项目_01_受理公告或公示版.json,E:\华南理工项目\环评文件汇总\01_GitHub项目与研究文档\eia-openclaw-sync-chen2026\05_QA测试集\人工核查_环评报告出处整理_20260715\解析文本输出_按问答顺序\144_佛山市顺德区壹德包装印刷有限公司迁扩建项目_01_受理公告或公示版\144_佛山市顺德区壹德包装印刷有限公司迁扩建项目_01_受理公告或公示版.html,
145_广东东梓数码新材料有限公司建设项目_01_受理公告或公示版,E:\华南理工项目\环评文件汇总\01_GitHub项目与研究文档\eia-openclaw-sync-chen2026\05_QA测试集\人工核查_环评报告出处整理_20260715\环评报告文件_按问答顺序\145_广东东梓数码新材料有限公司建设项目_01_受理公告或公示版.pdf,.pdf,success,1,62173,59125,E:\华南理工项目\环评文件汇总\01_GitHub项目与研究文档\eia-openclaw-sync-chen2026\05_QA测试集\人工核查_环评报告出处整理_20260715\解析文本输出_按问答顺序\145_广东东梓数码新材料有限公司建设项目_01_受理公告或公示版\145_广东东梓数码新材料有限公司建设项目_01_受理公告或公示版.json,E:\华南理工项目\环评文件汇总\01_GitHub项目与研究文档\eia-openclaw-sync-chen2026\05_QA测试集\人工核查_环评报告出处整理_20260715\解析文本输出_按问答顺序\145_广东东梓数码新材料有限公司建设项目_01_受理公告或公示版\145_广东东梓数码新材料有限公司建设项目_01_受理公告或公示版.html,
146_佛山市顺德区德盈誉智能制造有限公司新建项目_01_受理公告或公示版,E:\华南理工项目\环评文件汇总\01_GitHub项目与研究文档\eia-openclaw-sync-chen2026\05_QA测试集\人工核查_环评报告出处整理_20260715\环评报告文件_按问答顺序\146_佛山市顺德区德盈誉智能制造有限公司新建项目_01_受理公告或公示版.pdf,.pdf,success,1,62762,59208,E:\华南理工项目\环评文件汇总\01_GitHub项目与研究文档\eia-openclaw-sync-chen2026\05_QA测试集\人工核查_环评报告出处整理_20260715\解析文本输出_按问答顺序\146_佛山市顺德区德盈誉智能制造有限公司新建项目_01_受理公告或公示版\146_佛山市顺德区德盈誉智能制造有限公司新建项目_01_受理公告或公示版.json,E:\华南理工项目\环评文件汇总\01_GitHub项目与研究文档\eia-openclaw-sync-chen2026\05_QA测试集\人工核查_环评报告出处整理_20260715\解析文本输出_按问答顺序\146_佛山市顺德区德盈誉智能制造有限公司新建项目_01_受理公告或公示版\146_佛山市顺德区德盈誉智能制造有限公司新建项目_01_受理公告或公示版.html,
147_佛山市顺德区菱昌精密塑料五金实业有限公司新建项目_01_受理公告或公示版,E:\华南理工项目\环评文件汇总\01_GitHub项目与研究文档\eia-openclaw-sync-chen2026\05_QA测试集\人工核查_环评报告出处整理_20260715\环评报告文件_按问答顺序\147_佛山市顺德区菱昌精密塑料五金实业有限公司新建项目_01_受理公告或公示版.pdf,.pdf,success,1,60122,56909,E:\华南理工项目\环评文件汇总\01_GitHub项目与研究文档\eia-openclaw-sync-chen2026\05_QA测试集\人工核查_环评报告出处整理_20260715\解析文本输出_按问答顺序\147_佛山市顺德区菱昌精密塑料五金实业有限公司新建项目_01_受理公告或公示版\147_佛山市顺德区菱昌精密塑料五金实业有限公司新建项目_01_受理公告或公示版.json,E:\华南理工项目\环评文件汇总\01_GitHub项目与研究文档\eia-openclaw-sync-chen2026\05_QA测试集\人工核查_环评报告出处整理_20260715\解析文本输出_按问答顺序\147_佛山市顺德区菱昌精密塑料五金实业有限公司新建项目_01_受理公告或公示版\147_佛山市顺德区菱昌精密塑料五金实业有限公司新建项目_01_受理公告或公示版.html,
148_广东创卓电器有限公司迁扩建项目_01_受理公告或公示版,E:\华南理工项目\环评文件汇总\01_GitHub项目与研究文档\eia-openclaw-sync-chen2026\05_QA测试集\人工核查_环评报告出处整理_20260715\环评报告文件_按问答顺序\148_广东创卓电器有限公司迁扩建项目_01_受理公告或公示版.pdf,.pdf,success,2,67836,65090,E:\华南理工项目\环评文件汇总\01_GitHub项目与研究文档\eia-openclaw-sync-chen2026\05_QA测试集\人工核查_环评报告出处整理_20260715\解析文本输出_按问答顺序\148_广东创卓电器有限公司迁扩建项目_01_受理公告或公示版\148_广东创卓电器有限公司迁扩建项目_01_受理公告或公示版.json,E:\华南理工项目\环评文件汇总\01_GitHub项目与研究文档\eia-openclaw-sync-chen2026\05_QA测试集\人工核查_环评报告出处整理_20260715\解析文本输出_按问答顺序\148_广东创卓电器有限公司迁扩建项目_01_受理公告或公示版\148_广东创卓电器有限公司迁扩建项目_01_受理公告或公示版.html,
149_佛山市顺德区建德包装实业有限公司搬迁扩建项目_01_受理公告或公示版,E:\华南理工项目\环评文件汇总\01_GitHub项目与研究文档\eia-openclaw-sync-chen2026\05_QA测试集\人工核查_环评报告出处整理_20260715\环评报告文件_按问答顺序\149_佛山市顺德区建德包装实业有限公司搬迁扩建项目_01_受理公告或公示版.pdf,.pdf,success,5,280742,261525,E:\华南理工项目\环评文件汇总\01_GitHub项目与研究文档\eia-openclaw-sync-chen2026\05_QA测试集\人工核查_环评报告出处整理_20260715\解析文本输出_按问答顺序\149_佛山市顺德区建德包装实业有限公司搬迁扩建项目_01_受理公告或公示版\149_佛山市顺德区建德包装实业有限公司搬迁扩建项目_01_受理公告或公示版.json,E:\华南理工项目\环评文件汇总\01_GitHub项目与研究文档\eia-openclaw-sync-chen2026\05_QA测试集\人工核查_环评报告出处整理_20260715\解析文本输出_按问答顺序\149_佛山市顺德区建德包装实业有限公司搬迁扩建项目_01_受理公告或公示版\149_佛山市顺德区建德包装实业有限公司搬迁扩建项目_01_受理公告或公示版.html,
150_浙江宏昌电器科技股份有限公司佛山分公司新建项目_01_受理公告或公示版,E:\华南理工项目\环评文件汇总\01_GitHub项目与研究文档\eia-openclaw-sync-chen2026\05_QA测试集\人工核查_环评报告出处整理_20260715\环评报告文件_按问答顺序\150_浙江宏昌电器科技股份有限公司佛山分公司新建项目_01_受理公告或公示版.pdf,.pdf,success,1,61908,58814,E:\华南理工项目\环评文件汇总\01_GitHub项目与研究文档\eia-openclaw-sync-chen2026\05_QA测试集\人工核查_环评报告出处整理_20260715\解析文本输出_按问答顺序\150_浙江宏昌电器科技股份有限公司佛山分公司新建项目_01_受理公告或公示版\150_浙江宏昌电器科技股份有限公司佛山分公司新建项目_01_受理公告或公示版.json,E:\华南理工项目\环评文件汇总\01_GitHub项目与研究文档\eia-openclaw-sync-chen2026\05_QA测试集\人工核查_环评报告出处整理_20260715\解析文本输出_按问答顺序\150_浙江宏昌电器科技股份有限公司佛山分公司新建项目_01_受理公告或公示版\150_浙江宏昌电器科技股份有限公司佛山分公司新建项目_01_受理公告或公示版.html,
151_佛山市智枞电器制造有限公司扩建项目_01_受理公告或公示版,E:\华南理工项目\环评文件汇总\01_GitHub项目与研究文档\eia-openclaw-sync-chen2026\05_QA测试集\人工核查_环评报告出处整理_20260715\环评报告文件_按问答顺序\151_佛山市智枞电器制造有限公司扩建项目_01_受理公告或公示版.pdf,.pdf,success,2,71498,66102,E:\华南理工项目\环评文件汇总\01_GitHub项目与研究文档\eia-openclaw-sync-chen2026\05_QA测试集\人工核查_环评报告出处整理_20260715\解析文本输出_按问答顺序\151_佛山市智枞电器制造有限公司扩建项目_01_受理公告或公示版\151_佛山市智枞电器制造有限公司扩建项目_01_受理公告或公示版.json,E:\华南理工项目\环评文件汇总\01_GitHub项目与研究文档\eia-openclaw-sync-chen2026\05_QA测试集\人工核查_环评报告出处整理_20260715\解析文本输出_按问答顺序\151_佛山市智枞电器制造有限公司扩建项目_01_受理公告或公示版\151_佛山市智枞电器制造有限公司扩建项目_01_受理公告或公示版.html,
152_广东图特精密五金科技股份有限公司智能制造基地建设项目重新报_01_受理公告或公示版,E:\华南理工项目\环评文件汇总\01_GitHub项目与研究文档\eia-openclaw-sync-chen2026\05_QA测试集\人工核查_环评报告出处整理_20260715\环评报告文件_按问答顺序\152_广东图特精密五金科技股份有限公司智能制造基地建设项目重新报_01_受理公告或公示版.pdf,.pdf,success,2,127918,117833,E:\华南理工项目\环评文件汇总\01_GitHub项目与研究文档\eia-openclaw-sync-chen2026\05_QA测试集\人工核查_环评报告出处整理_20260715\解析文本输出_按问答顺序\152_广东图特精密五金科技股份有限公司智能制造基地建设项目重新报_01_受理公告或公示版\152_广东图特精密五金科技股份有限公司智能制造基地建设项目重新报_01_受理公告或公示版.json,E:\华南理工项目\环评文件汇总\01_GitHub项目与研究文档\eia-openclaw-sync-chen2026\05_QA测试集\人工核查_环评报告出处整理_20260715\解析文本输出_按问答顺序\152_广东图特精密五金科技股份有限公司智能制造基地建设项目重新报_01_受理公告或公示版\152_广东图特精密五金科技股份有限公司智能制造基地建设项目重新报_01_受理公告或公示版.html,
153_佛山市全海世家新材料科技有限公司新建项目_01_报批稿或报告表,E:\华南理工项目\环评文件汇总\01_GitHub项目与研究文档\eia-openclaw-sync-chen2026\05_QA测试集\人工核查_环评报告出处整理_20260715\环评报告文件_按问答顺序\153_佛山市全海世家新材料科技有限公司新建项目_01_报批稿或报告表.docx,.docx,success,3,107778,121292,E:\华南理工项目\环评文件汇总\01_GitHub项目与研究文档\eia-openclaw-sync-chen2026\05_QA测试集\人工核查_环评报告出处整理_20260715\解析文本输出_按问答顺序\153_佛山市全海世家新材料科技有限公司新建项目_01_报批稿或报告表\153_佛山市全海世家新材料科技有限公司新建项目_01_报批稿或报告表.json,E:\华南理工项目\环评文件汇总\01_GitHub项目与研究文档\eia-openclaw-sync-chen2026\05_QA测试集\人工核查_环评报告出处整理_20260715\解析文本输出_按问答顺序\153_佛山市全海世家新材料科技有限公司新建项目_01_报批稿或报告表\153_佛山市全海世家新材料科技有限公司新建项目_01_报批稿或报告表.html,
153_佛山市全海世家新材料科技有限公司新建项目_02_报批稿或报告表,E:\华南理工项目\环评文件汇总\01_GitHub项目与研究文档\eia-openclaw-sync-chen2026\05_QA测试集\人工核查_环评报告出处整理_20260715\环评报告文件_按问答顺序\153_佛山市全海世家新材料科技有限公司新建项目_02_报批稿或报告表.pdf,.pdf,success,2,67933,65706,E:\华南理工项目\环评文件汇总\01_GitHub项目与研究文档\eia-openclaw-sync-chen2026\05_QA测试集\人工核查_环评报告出处整理_20260715\解析文本输出_按问答顺序\153_佛山市全海世家新材料科技有限公司新建项目_02_报批稿或报告表\153_佛山市全海世家新材料科技有限公司新建项目_02_报批稿或报告表.json,E:\华南理工项目\环评文件汇总\01_GitHub项目与研究文档\eia-openclaw-sync-chen2026\05_QA测试集\人工核查_环评报告出处整理_20260715\解析文本输出_按问答顺序\153_佛山市全海世家新材料科技有限公司新建项目_02_报批稿或报告表\153_佛山市全海世家新材料科技有限公司新建项目_02_报批稿或报告表.html,
153_佛山市全海世家新材料科技有限公司新建项目_03_报批稿或报告表,E:\华南理工项目\环评文件汇总\01_GitHub项目与研究文档\eia-openclaw-sync-chen2026\05_QA测试集\人工核查_环评报告出处整理_20260715\环评报告文件_按问答顺序\153_佛山市全海世家新材料科技有限公司新建项目_03_报批稿或报告表.pdf,.pdf,success,0,0,0,E:\华南理工项目\环评文件汇总\01_GitHub项目与研究文档\eia-openclaw-sync-chen2026\05_QA测试集\人工核查_环评报告出处整理_20260715\解析文本输出_按问答顺序\153_佛山市全海世家新材料科技有限公司新建项目_03_报批稿或报告表\153_佛山市全海世家新材料科技有限公司新建项目_03_报批稿或报告表.json,E:\华南理工项目\环评文件汇总\01_GitHub项目与研究文档\eia-openclaw-sync-chen2026\05_QA测试集\人工核查_环评报告出处整理_20260715\解析文本输出_按问答顺序\153_佛山市全海世家新材料科技有限公司新建项目_03_报批稿或报告表\153_佛山市全海世家新材料科技有限公司新建项目_03_报批稿或报告表.html,
154_佛山辰僖塑料有限公司新建项目_01_报批稿或报告表,E:\华南理工项目\环评文件汇总\01_GitHub项目与研究文档\eia-openclaw-sync-chen2026\05_QA测试集\人工核查_环评报告出处整理_20260715\环评报告文件_按问答顺序\154_佛山辰僖塑料有限公司新建项目_01_报批稿或报告表.docx,.docx,success,3,130767,147935,E:\华南理工项目\环评文件汇总\01_GitHub项目与研究文档\eia-openclaw-sync-chen2026\05_QA测试集\人工核查_环评报告出处整理_20260715\解析文本输出_按问答顺序\154_佛山辰僖塑料有限公司新建项目_01_报批稿或报告表\154_佛山辰僖塑料有限公司新建项目_01_报批稿或报告表.json,E:\华南理工项目\环评文件汇总\01_GitHub项目与研究文档\eia-openclaw-sync-chen2026\05_QA测试集\人工核查_环评报告出处整理_20260715\解析文本输出_按问答顺序\154_佛山辰僖塑料有限公司新建项目_01_报批稿或报告表\154_佛山辰僖塑料有限公司新建项目_01_报批稿或报告表.html,
154_佛山辰僖塑料有限公司新建项目_02_报批稿或报告表,E:\华南理工项目\环评文件汇总\01_GitHub项目与研究文档\eia-openclaw-sync-chen2026\05_QA测试集\人工核查_环评报告出处整理_20260715\环评报告文件_按问答顺序\154_佛山辰僖塑料有限公司新建项目_02_报批稿或报告表.pdf,.pdf,success,2,76918,71557,E:\华南理工项目\环评文件汇总\01_GitHub项目与研究文档\eia-openclaw-sync-chen2026\05_QA测试集\人工核查_环评报告出处整理_20260715\解析文本输出_按问答顺序\154_佛山辰僖塑料有限公司新建项目_02_报批稿或报告表\154_佛山辰僖塑料有限公司新建项目_02_报批稿或报告表.json,E:\华南理工项目\环评文件汇总\01_GitHub项目与研究文档\eia-openclaw-sync-chen2026\05_QA测试集\人工核查_环评报告出处整理_20260715\解析文本输出_按问答顺序\154_佛山辰僖塑料有限公司新建项目_02_报批稿或报告表\154_佛山辰僖塑料有限公司新建项目_02_报批稿或报告表.html,
154_佛山辰僖塑料有限公司新建项目_03_报批稿或报告表,E:\华南理工项目\环评文件汇总\01_GitHub项目与研究文档\eia-openclaw-sync-chen2026\05_QA测试集\人工核查_环评报告出处整理_20260715\环评报告文件_按问答顺序\154_佛山辰僖塑料有限公司新建项目_03_报批稿或报告表.docx,.docx,success,1,5016,4842,E:\华南理工项目\环评文件汇总\01_GitHub项目与研究文档\eia-openclaw-sync-chen2026\05_QA测试集\人工核查_环评报告出处整理_20260715\解析文本输出_按问答顺序\154_佛山辰僖塑料有限公司新建项目_03_报批稿或报告表\154_佛山辰僖塑料有限公司新建项目_03_报批稿或报告表.json,E:\华南理工项目\环评文件汇总\01_GitHub项目与研究文档\eia-openclaw-sync-chen2026\05_QA测试集\人工核查_环评报告出处整理_20260715\解析文本输出_按问答顺序\154_佛山辰僖塑料有限公司新建项目_03_报批稿或报告表\154_佛山辰僖塑料有限公司新建项目_03_报批稿或报告表.html,
154_佛山辰僖塑料有限公司新建项目_04_报批稿或报告表,E:\华南理工项目\环评文件汇总\01_GitHub项目与研究文档\eia-openclaw-sync-chen2026\05_QA测试集\人工核查_环评报告出处整理_20260715\环评报告文件_按问答顺序\154_佛山辰僖塑料有限公司新建项目_04_报批稿或报告表.pdf,.pdf,success,0,0,0,E:\华南理工项目\环评文件汇总\01_GitHub项目与研究文档\eia-openclaw-sync-chen2026\05_QA测试集\人工核查_环评报告出处整理_20260715\解析文本输出_按问答顺序\154_佛山辰僖塑料有限公司新建项目_04_报批稿或报告表\154_佛山辰僖塑料有限公司新建项目_04_报批稿或报告表.json,E:\华南理工项目\环评文件汇总\01_GitHub项目与研究文档\eia-openclaw-sync-chen2026\05_QA测试集\人工核查_环评报告出处整理_20260715\解析文本输出_按问答顺序\154_佛山辰僖塑料有限公司新建项目_04_报批稿或报告表\154_佛山辰僖塑料有限公司新建项目_04_报批稿或报告表.html,
155_和默化学（佛山）有限公司新建项目_01_报批稿或报告表,E:\华南理工项目\环评文件汇总\01_GitHub项目与研究文档\eia-openclaw-sync-chen2026\05_QA测试集\人工核查_环评报告出处整理_20260715\环评报告文件_按问答顺序\155_和默化学（佛山）有限公司新建项目_01_报批稿或报告表.docx,.docx,success,3,121886,132146,E:\华南理工项目\环评文件汇总\01_GitHub项目与研究文档\eia-openclaw-sync-chen2026\05_QA测试集\人工核查_环评报告出处整理_20260715\解析文本输出_按问答顺序\155_和默化学（佛山）有限公司新建项目_01_报批稿或报告表\155_和默化学（佛山）有限公司新建项目_01_报批稿或报告表.json,E:\华南理工项目\环评文件汇总\01_GitHub项目与研究文档\eia-openclaw-sync-chen2026\05_QA测试集\人工核查_环评报告出处整理_20260715\解析文本输出_按问答顺序\155_和默化学（佛山）有限公司新建项目_01_报批稿或报告表\155_和默化学（佛山）有限公司新建项目_01_报批稿或报告表.html,
155_和默化学（佛山）有限公司新建项目_02_报批稿或报告表,E:\华南理工项目\环评文件汇总\01_GitHub项目与研究文档\eia-openclaw-sync-chen2026\05_QA测试集\人工核查_环评报告出处整理_20260715\环评报告文件_按问答顺序\155_和默化学（佛山）有限公司新建项目_02_报批稿或报告表.pdf,.pdf,success,2,75762,69523,E:\华南理工项目\环评文件汇总\01_GitHub项目与研究文档\eia-openclaw-sync-chen2026\05_QA测试集\人工核查_环评报告出处整理_20260715\解析文本输出_按问答顺序\155_和默化学（佛山）有限公司新建项目_02_报批稿或报告表\155_和默化学（佛山）有限公司新建项目_02_报批稿或报告表.json,E:\华南理工项目\环评文件汇总\01_GitHub项目与研究文档\eia-openclaw-sync-chen2026\05_QA测试集\人工核查_环评报告出处整理_20260715\解析文本输出_按问答顺序\155_和默化学（佛山）有限公司新建项目_02_报批稿或报告表\155_和默化学（佛山）有限公司新建项目_02_报批稿或报告表.html,
155_和默化学（佛山）有限公司新建项目_03_报批稿或报告表,E:\华南理工项目\环评文件汇总\01_GitHub项目与研究文档\eia-openclaw-sync-chen2026\05_QA测试集\人工核查_环评报告出处整理_20260715\环评报告文件_按问答顺序\155_和默化学（佛山）有限公司新建项目_03_报批稿或报告表.pdf,.pdf,success,0,0,0,E:\华南理工项目\环评文件汇总\01_GitHub项目与研究文档\eia-openclaw-sync-chen2026\05_QA测试集\人工核查_环评报告出处整理_20260715\解析文本输出_按问答顺序\155_和默化学（佛山）有限公司新建项目_03_报批稿或报告表\155_和默化学（佛山）有限公司新建项目_03_报批稿或报告表.json,E:\华南理工项目\环评文件汇总\01_GitHub项目与研究文档\eia-openclaw-sync-chen2026\05_QA测试集\人工核查_环评报告出处整理_20260715\解析文本输出_按问答顺序\155_和默化学（佛山）有限公司新建项目_03_报批稿或报告表\155_和默化学（佛山）有限公司新建项目_03_报批稿或报告表.html,
156_佛山志兴盈包装有限公司新建项目_01_报批稿或报告表,E:\华南理工项目\环评文件汇总\01_GitHub项目与研究文档\eia-openclaw-sync-chen2026\05_QA测试集\人工核查_环评报告出处整理_20260715\环评报告文件_按问答顺序\156_佛山志兴盈包装有限公司新建项目_01_报批稿或报告表.docx,.docx,success,2,98603,103857,E:\华南理工项目\环评文件汇总\01_GitHub项目与研究文档\eia-openclaw-sync-chen2026\05_QA测试集\人工核查_环评报告出处整理_20260715\解析文本输出_按问答顺序\156_佛山志兴盈包装有限公司新建项目_01_报批稿或报告表\156_佛山志兴盈包装有限公司新建项目_01_报批稿或报告表.json,E:\华南理工项目\环评文件汇总\01_GitHub项目与研究文档\eia-openclaw-sync-chen2026\05_QA测试集\人工核查_环评报告出处整理_20260715\解析文本输出_按问答顺序\156_佛山志兴盈包装有限公司新建项目_01_报批稿或报告表\156_佛山志兴盈包装有限公司新建项目_01_报批稿或报告表.html,
156_佛山志兴盈包装有限公司新建项目_02_报批稿或报告表,E:\华南理工项目\环评文件汇总\01_GitHub项目与研究文档\eia-openclaw-sync-chen2026\05_QA测试集\人工核查_环评报告出处整理_20260715\环评报告文件_按问答顺序\156_佛山志兴盈包装有限公司新建项目_02_报批稿或报告表.pdf,.pdf,success,2,65987,62616,E:\华南理工项目\环评文件汇总\01_GitHub项目与研究文档\eia-openclaw-sync-chen2026\05_QA测试集\人工核查_环评报告出处整理_20260715\解析文本输出_按问答顺序\156_佛山志兴盈包装有限公司新建项目_02_报批稿或报告表\156_佛山志兴盈包装有限公司新建项目_02_报批稿或报告表.json,E:\华南理工项目\环评文件汇总\01_GitHub项目与研究文档\eia-openclaw-sync-chen2026\05_QA测试集\人工核查_环评报告出处整理_20260715\解析文本输出_按问答顺序\156_佛山志兴盈包装有限公司新建项目_02_报批稿或报告表\156_佛山志兴盈包装有限公司新建项目_02_报批稿或报告表.html,
156_佛山志兴盈包装有限公司新建项目_03_报批稿或报告表,E:\华南理工项目\环评文件汇总\01_GitHub项目与研究文档\eia-openclaw-sync-chen2026\05_QA测试集\人工核查_环评报告出处整理_20260715\环评报告文件_按问答顺序\156_佛山志兴盈包装有限公司新建项目_03_报批稿或报告表.pdf,.pdf,success,0,0,0,E:\华南理工项目\环评文件汇总\01_GitHub项目与研究文档\eia-openclaw-sync-chen2026\05_QA测试集\人工核查_环评报告出处整理_20260715\解析文本输出_按问答顺序\156_佛山志兴盈包装有限公司新建项目_03_报批稿或报告表\156_佛山志兴盈包装有限公司新建项目_03_报批稿或报告表.json,E:\华南理工项目\环评文件汇总\01_GitHub项目与研究文档\eia-openclaw-sync-chen2026\05_QA测试集\人工核查_环评报告出处整理_20260715\解析文本输出_按问答顺序\156_佛山志兴盈包装有限公司新建项目_03_报批稿或报告表\156_佛山志兴盈包装有限公司新建项目_03_报批稿或报告表.html,
157_佛山市祖帮海绵有限公司新建项目_01_报批稿或报告表,E:\华南理工项目\环评文件汇总\01_GitHub项目与研究文档\eia-openclaw-sync-chen2026\05_QA测试集\人工核查_环评报告出处整理_20260715\环评报告文件_按问答顺序\157_佛山市祖帮海绵有限公司新建项目_01_报批稿或报告表.docx,.docx,success,9,360995,466736,E:\华南理工项目\环评文件汇总\01_GitHub项目与研究文档\eia-openclaw-sync-chen2026\05_QA测试集\人工核查_环评报告出处整理_20260715\解析文本输出_按问答顺序\157_佛山市祖帮海绵有限公司新建项目_01_报批稿或报告表\157_佛山市祖帮海绵有限公司新建项目_01_报批稿或报告表.json,E:\华南理工项目\环评文件汇总\01_GitHub项目与研究文档\eia-openclaw-sync-chen2026\05_QA测试集\人工核查_环评报告出处整理_20260715\解析文本输出_按问答顺序\157_佛山市祖帮海绵有限公司新建项目_01_报批稿或报告表\157_佛山市祖帮海绵有限公司新建项目_01_报批稿或报告表.html,
157_佛山市祖帮海绵有限公司新建项目_02_报批稿或报告表,E:\华南理工项目\环评文件汇总\01_GitHub项目与研究文档\eia-openclaw-sync-chen2026\05_QA测试集\人工核查_环评报告出处整理_20260715\环评报告文件_按问答顺序\157_佛山市祖帮海绵有限公司新建项目_02_报批稿或报告表.pdf,.pdf,success,4,207926,193866,E:\华南理工项目\环评文件汇总\01_GitHub项目与研究文档\eia-openclaw-sync-chen2026\05_QA测试集\人工核查_环评报告出处整理_20260715\解析文本输出_按问答顺序\157_佛山市祖帮海绵有限公司新建项目_02_报批稿或报告表\157_佛山市祖帮海绵有限公司新建项目_02_报批稿或报告表.json,E:\华南理工项目\环评文件汇总\01_GitHub项目与研究文档\eia-openclaw-sync-chen2026\05_QA测试集\人工核查_环评报告出处整理_20260715\解析文本输出_按问答顺序\157_佛山市祖帮海绵有限公司新建项目_02_报批稿或报告表\157_佛山市祖帮海绵有限公司新建项目_02_报批稿或报告表.html,
157_佛山市祖帮海绵有限公司新建项目_03_报批稿或报告表,E:\华南理工项目\环评文件汇总\01_GitHub项目与研究文档\eia-openclaw-sync-chen2026\05_QA测试集\人工核查_环评报告出处整理_20260715\环评报告文件_按问答顺序\157_佛山市祖帮海绵有限公司新建项目_03_报批稿或报告表.pdf,.pdf,success,0,0,0,E:\华南理工项目\环评文件汇总\01_GitHub项目与研究文档\eia-openclaw-sync-chen2026\05_QA测试集\人工核查_环评报告出处整理_20260715\解析文本输出_按问答顺序\157_佛山市祖帮海绵有限公司新建项目_03_报批稿或报告表\157_佛山市祖帮海绵有限公司新建项目_03_报批稿或报告表.json,E:\华南理工项目\环评文件汇总\01_GitHub项目与研究文档\eia-openclaw-sync-chen2026\05_QA测试集\人工核查_环评报告出处整理_20260715\解析文本输出_按问答顺序\157_佛山市祖帮海绵有限公司新建项目_03_报批稿或报告表\157_佛山市祖帮海绵有限公司新建项目_03_报批稿或报告表.html,
158_佛山市彩川合成材料有限公司新建项目_01_报批稿或报告表,E:\华南理工项目\环评文件汇总\01_GitHub项目与研究文档\eia-openclaw-sync-chen2026\05_QA测试集\人工核查_环评报告出处整理_20260715\环评报告文件_按问答顺序\158_佛山市彩川合成材料有限公司新建项目_01_报批稿或报告表.docx,.docx,success,1,3212,3268,E:\华南理工项目\环评文件汇总\01_GitHub项目与研究文档\eia-openclaw-sync-chen2026\05_QA测试集\人工核查_环评报告出处整理_20260715\解析文本输出_按问答顺序\158_佛山市彩川合成材料有限公司新建项目_01_报批稿或报告表\158_佛山市彩川合成材料有限公司新建项目_01_报批稿或报告表.json,E:\华南理工项目\环评文件汇总\01_GitHub项目与研究文档\eia-openclaw-sync-chen2026\05_QA测试集\人工核查_环评报告出处整理_20260715\解析文本输出_按问答顺序\158_佛山市彩川合成材料有限公司新建项目_01_报批稿或报告表\158_佛山市彩川合成材料有限公司新建项目_01_报批稿或报告表.html,
158_佛山市彩川合成材料有限公司新建项目_02_报批稿或报告表,E:\华南理工项目\环评文件汇总\01_GitHub项目与研究文档\eia-openclaw-sync-chen2026\05_QA测试集\人工核查_环评报告出处整理_20260715\环评报告文件_按问答顺序\158_佛山市彩川合成材料有限公司新建项目_02_报批稿或报告表.pdf,.pdf,success,2,85708,79596,E:\华南理工项目\环评文件汇总\01_GitHub项目与研究文档\eia-openclaw-sync-chen2026\05_QA测试集\人工核查_环评报告出处整理_20260715\解析文本输出_按问答顺序\158_佛山市彩川合成材料有限公司新建项目_02_报批稿或报告表\158_佛山市彩川合成材料有限公司新建项目_02_报批稿或报告表.json,E:\华南理工项目\环评文件汇总\01_GitHub项目与研究文档\eia-openclaw-sync-chen2026\05_QA测试集\人工核查_环评报告出处整理_20260715\解析文本输出_按问答顺序\158_佛山市彩川合成材料有限公司新建项目_02_报批稿或报告表\158_佛山市彩川合成材料有限公司新建项目_02_报批稿或报告表.html,
158_佛山市彩川合成材料有限公司新建项目_03_报批稿或报告表,E:\华南理工项目\环评文件汇总\01_GitHub项目与研究文档\eia-openclaw-sync-chen2026\05_QA测试集\人工核查_环评报告出处整理_20260715\环评报告文件_按问答顺序\158_佛山市彩川合成材料有限公司新建项目_03_报批稿或报告表.pdf,.pdf,success,0,0,0,E:\华南理工项目\环评文件汇总\01_GitHub项目与研究文档\eia-openclaw-sync-chen2026\05_QA测试集\人工核查_环评报告出处整理_20260715\解析文本输出_按问答顺序\158_佛山市彩川合成材料有限公司新建项目_03_报批稿或报告表\158_佛山市彩川合成材料有限公司新建项目_03_报批稿或报告表.json,E:\华南理工项目\环评文件汇总\01_GitHub项目与研究文档\eia-openclaw-sync-chen2026\05_QA测试集\人工核查_环评报告出处整理_20260715\解析文本输出_按问答顺序\158_佛山市彩川合成材料有限公司新建项目_03_报批稿或报告表\158_佛山市彩川合成材料有限公司新建项目_03_报批稿或报告表.html,
159_佛山市顺德区智成塑包装有限公司新建项目_01_报批稿或报告表,E:\华南理工项目\环评文件汇总\01_GitHub项目与研究文档\eia-openclaw-sync-chen2026\05_QA测试集\人工核查_环评报告出处整理_20260715\环评报告文件_按问答顺序\159_佛山市顺德区智成塑包装有限公司新建项目_01_报批稿或报告表.docx,.docx,success,3,110274,119876,E:\华南理工项目\环评文件汇总\01_GitHub项目与研究文档\eia-openclaw-sync-chen2026\05_QA测试集\人工核查_环评报告出处整理_20260715\解析文本输出_按问答顺序\159_佛山市顺德区智成塑包装有限公司新建项目_01_报批稿或报告表\159_佛山市顺德区智成塑包装有限公司新建项目_01_报批稿或报告表.json,E:\华南理工项目\环评文件汇总\01_GitHub项目与研究文档\eia-openclaw-sync-chen2026\05_QA测试集\人工核查_环评报告出处整理_20260715\解析文本输出_按问答顺序\159_佛山市顺德区智成塑包装有限公司新建项目_01_报批稿或报告表\159_佛山市顺德区智成塑包装有限公司新建项目_01_报批稿或报告表.html,
159_佛山市顺德区智成塑包装有限公司新建项目_02_报批稿或报告表,E:\华南理工项目\环评文件汇总\01_GitHub项目与研究文档\eia-openclaw-sync-chen2026\05_QA测试集\人工核查_环评报告出处整理_20260715\环评报告文件_按问答顺序\159_佛山市顺德区智成塑包装有限公司新建项目_02_报批稿或报告表.pdf,.pdf,success,2,67334,62296,E:\华南理工项目\环评文件汇总\01_GitHub项目与研究文档\eia-openclaw-sync-chen2026\05_QA测试集\人工核查_环评报告出处整理_20260715\解析文本输出_按问答顺序\159_佛山市顺德区智成塑包装有限公司新建项目_02_报批稿或报告表\159_佛山市顺德区智成塑包装有限公司新建项目_02_报批稿或报告表.json,E:\华南理工项目\环评文件汇总\01_GitHub项目与研究文档\eia-openclaw-sync-chen2026\05_QA测试集\人工核查_环评报告出处整理_20260715\解析文本输出_按问答顺序\159_佛山市顺德区智成塑包装有限公司新建项目_02_报批稿或报告表\159_佛山市顺德区智成塑包装有限公司新建项目_02_报批稿或报告表.html,
159_佛山市顺德区智成塑包装有限公司新建项目_03_报批稿或报告表,E:\华南理工项目\环评文件汇总\01_GitHub项目与研究文档\eia-openclaw-sync-chen2026\05_QA测试集\人工核查_环评报告出处整理_20260715\环评报告文件_按问答顺序\159_佛山市顺德区智成塑包装有限公司新建项目_03_报批稿或报告表.pdf,.pdf,success,1,2566,2338,E:\华南理工项目\环评文件汇总\01_GitHub项目与研究文档\eia-openclaw-sync-chen2026\05_QA测试集\人工核查_环评报告出处整理_20260715\解析文本输出_按问答顺序\159_佛山市顺德区智成塑包装有限公司新建项目_03_报批稿或报告表\159_佛山市顺德区智成塑包装有限公司新建项目_03_报批稿或报告表.json,E:\华南理工项目\环评文件汇总\01_GitHub项目与研究文档\eia-openclaw-sync-chen2026\05_QA测试集\人工核查_环评报告出处整理_20260715\解析文本输出_按问答顺序\159_佛山市顺德区智成塑包装有限公司新建项目_03_报批稿或报告表\159_佛山市顺德区智成塑包装有限公司新建项目_03_报批稿或报告表.html,
160_鹏彩科技（佛山市）有限公司新建项目_01_报批稿或报告表,E:\华南理工项目\环评文件汇总\01_GitHub项目与研究文档\eia-openclaw-sync-chen2026\05_QA测试集\人工核查_环评报告出处整理_20260715\环评报告文件_按问答顺序\160_鹏彩科技（佛山市）有限公司新建项目_01_报批稿或报告表.docx,.docx,success,3,147106,155796,E:\华南理工项目\环评文件汇总\01_GitHub项目与研究文档\eia-openclaw-sync-chen2026\05_QA测试集\人工核查_环评报告出处整理_20260715\解析文本输出_按问答顺序\160_鹏彩科技（佛山市）有限公司新建项目_01_报批稿或报告表\160_鹏彩科技（佛山市）有限公司新建项目_01_报批稿或报告表.json,E:\华南理工项目\环评文件汇总\01_GitHub项目与研究文档\eia-openclaw-sync-chen2026\05_QA测试集\人工核查_环评报告出处整理_20260715\解析文本输出_按问答顺序\160_鹏彩科技（佛山市）有限公司新建项目_01_报批稿或报告表\160_鹏彩科技（佛山市）有限公司新建项目_01_报批稿或报告表.html,
160_鹏彩科技（佛山市）有限公司新建项目_02_报批稿或报告表,E:\华南理工项目\环评文件汇总\01_GitHub项目与研究文档\eia-openclaw-sync-chen2026\05_QA测试集\人工核查_环评报告出处整理_20260715\环评报告文件_按问答顺序\160_鹏彩科技（佛山市）有限公司新建项目_02_报批稿或报告表.pdf,.pdf,success,2,91146,83284,E:\华南理工项目\环评文件汇总\01_GitHub项目与研究文档\eia-openclaw-sync-chen2026\05_QA测试集\人工核查_环评报告出处整理_20260715\解析文本输出_按问答顺序\160_鹏彩科技（佛山市）有限公司新建项目_02_报批稿或报告表\160_鹏彩科技（佛山市）有限公司新建项目_02_报批稿或报告表.json,E:\华南理工项目\环评文件汇总\01_GitHub项目与研究文档\eia-openclaw-sync-chen2026\05_QA测试集\人工核查_环评报告出处整理_20260715\解析文本输出_按问答顺序\160_鹏彩科技（佛山市）有限公司新建项目_02_报批稿或报告表\160_鹏彩科技（佛山市）有限公司新建项目_02_报批稿或报告表.html,
160_鹏彩科技（佛山市）有限公司新建项目_03_报批稿或报告表,E:\华南理工项目\环评文件汇总\01_GitHub项目与研究文档\eia-openclaw-sync-chen2026\05_QA测试集\人工核查_环评报告出处整理_20260715\环评报告文件_按问答顺序\160_鹏彩科技（佛山市）有限公司新建项目_03_报批稿或报告表.pdf,.pdf,success,0,0,0,E:\华南理工项目\环评文件汇总\01_GitHub项目与研究文档\eia-openclaw-sync-chen2026\05_QA测试集\人工核查_环评报告出处整理_20260715\解析文本输出_按问答顺序\160_鹏彩科技（佛山市）有限公司新建项目_03_报批稿或报告表\160_鹏彩科技（佛山市）有限公司新建项目_03_报批稿或报告表.json,E:\华南理工项目\环评文件汇总\01_GitHub项目与研究文档\eia-openclaw-sync-chen2026\05_QA测试集\人工核查_环评报告出处整理_20260715\解析文本输出_按问答顺序\160_鹏彩科技（佛山市）有限公司新建项目_03_报批稿或报告表\160_鹏彩科技（佛山市）有限公司新建项目_03_报批稿或报告表.html,
161_广东顺德意达电子薄膜器件有限公司新建项目_01_报批稿或报告表,E:\华南理工项目\环评文件汇总\01_GitHub项目与研究文档\eia-openclaw-sync-chen2026\05_QA测试集\人工核查_环评报告出处整理_20260715\环评报告文件_按问答顺序\161_广东顺德意达电子薄膜器件有限公司新建项目_01_报批稿或报告表.doc,.doc,success,2,100527,111661,E:\华南理工项目\环评文件汇总\01_GitHub项目与研究文档\eia-openclaw-sync-chen2026\05_QA测试集\人工核查_环评报告出处整理_20260715\解析文本输出_按问答顺序\161_广东顺德意达电子薄膜器件有限公司新建项目_01_报批稿或报告表\161_广东顺德意达电子薄膜器件有限公司新建项目_01_报批稿或报告表.json,E:\华南理工项目\环评文件汇总\01_GitHub项目与研究文档\eia-openclaw-sync-chen2026\05_QA测试集\人工核查_环评报告出处整理_20260715\解析文本输出_按问答顺序\161_广东顺德意达电子薄膜器件有限公司新建项目_01_报批稿或报告表\161_广东顺德意达电子薄膜器件有限公司新建项目_01_报批稿或报告表.html,
161_广东顺德意达电子薄膜器件有限公司新建项目_02_报批稿或报告表,E:\华南理工项目\环评文件汇总\01_GitHub项目与研究文档\eia-openclaw-sync-chen2026\05_QA测试集\人工核查_环评报告出处整理_20260715\环评报告文件_按问答顺序\161_广东顺德意达电子薄膜器件有限公司新建项目_02_报批稿或报告表.pdf,.pdf,success,2,65950,63466,E:\华南理工项目\环评文件汇总\01_GitHub项目与研究文档\eia-openclaw-sync-chen2026\05_QA测试集\人工核查_环评报告出处整理_20260715\解析文本输出_按问答顺序\161_广东顺德意达电子薄膜器件有限公司新建项目_02_报批稿或报告表\161_广东顺德意达电子薄膜器件有限公司新建项目_02_报批稿或报告表.json,E:\华南理工项目\环评文件汇总\01_GitHub项目与研究文档\eia-openclaw-sync-chen2026\05_QA测试集\人工核查_环评报告出处整理_20260715\解析文本输出_按问答顺序\161_广东顺德意达电子薄膜器件有限公司新建项目_02_报批稿或报告表\161_广东顺德意达电子薄膜器件有限公司新建项目_02_报批稿或报告表.html,
161_广东顺德意达电子薄膜器件有限公司新建项目_03_报批稿或报告表,E:\华南理工项目\环评文件汇总\01_GitHub项目与研究文档\eia-openclaw-sync-chen2026\05_QA测试集\人工核查_环评报告出处整理_20260715\环评报告文件_按问答顺序\161_广东顺德意达电子薄膜器件有限公司新建项目_03_报批稿或报告表.pdf,.pdf,success,1,2414,2205,E:\华南理工项目\环评文件汇总\01_GitHub项目与研究文档\eia-openclaw-sync-chen2026\05_QA测试集\人工核查_环评报告出处整理_20260715\解析文本输出_按问答顺序\161_广东顺德意达电子薄膜器件有限公司新建项目_03_报批稿或报告表\161_广东顺德意达电子薄膜器件有限公司新建项目_03_报批稿或报告表.json,E:\华南理工项目\环评文件汇总\01_GitHub项目与研究文档\eia-openclaw-sync-chen2026\05_QA测试集\人工核查_环评报告出处整理_20260715\解析文本输出_按问答顺序\161_广东顺德意达电子薄膜器件有限公司新建项目_03_报批稿或报告表\161_广东顺德意达电子薄膜器件有限公司新建项目_03_报批稿或报告表.html,
162_鹏彩科技（佛山市）有限公司新建项目_01_报批稿或报告表,E:\华南理工项目\环评文件汇总\01_GitHub项目与研究文档\eia-openclaw-sync-chen2026\05_QA测试集\人工核查_环评报告出处整理_20260715\环评报告文件_按问答顺序\162_鹏彩科技（佛山市）有限公司新建项目_01_报批稿或报告表.docx,.docx,success,3,147106,155796,E:\华南理工项目\环评文件汇总\01_GitHub项目与研究文档\eia-openclaw-sync-chen2026\05_QA测试集\人工核查_环评报告出处整理_20260715\解析文本输出_按问答顺序\162_鹏彩科技（佛山市）有限公司新建项目_01_报批稿或报告表\162_鹏彩科技（佛山市）有限公司新建项目_01_报批稿或报告表.json,E:\华南理工项目\环评文件汇总\01_GitHub项目与研究文档\eia-openclaw-sync-chen2026\05_QA测试集\人工核查_环评报告出处整理_20260715\解析文本输出_按问答顺序\162_鹏彩科技（佛山市）有限公司新建项目_01_报批稿或报告表\162_鹏彩科技（佛山市）有限公司新建项目_01_报批稿或报告表.html,
162_鹏彩科技（佛山市）有限公司新建项目_02_受理公告或公示版,E:\华南理工项目\环评文件汇总\01_GitHub项目与研究文档\eia-openclaw-sync-chen2026\05_QA测试集\人工核查_环评报告出处整理_20260715\环评报告文件_按问答顺序\162_鹏彩科技（佛山市）有限公司新建项目_02_受理公告或公示版.pdf,.pdf,success,2,91146,83284,E:\华南理工项目\环评文件汇总\01_GitHub项目与研究文档\eia-openclaw-sync-chen2026\05_QA测试集\人工核查_环评报告出处整理_20260715\解析文本输出_按问答顺序\162_鹏彩科技（佛山市）有限公司新建项目_02_受理公告或公示版\162_鹏彩科技（佛山市）有限公司新建项目_02_受理公告或公示版.json,E:\华南理工项目\环评文件汇总\01_GitHub项目与研究文档\eia-openclaw-sync-chen2026\05_QA测试集\人工核查_环评报告出处整理_20260715\解析文本输出_按问答顺序\162_鹏彩科技（佛山市）有限公司新建项目_02_受理公告或公示版\162_鹏彩科技（佛山市）有限公司新建项目_02_受理公告或公示版.html,
162_鹏彩科技（佛山市）有限公司新建项目_03_修改评估意见,E:\华南理工项目\环评文件汇总\01_GitHub项目与研究文档\eia-openclaw-sync-chen2026\05_QA测试集\人工核查_环评报告出处整理_20260715\环评报告文件_按问答顺序\162_鹏彩科技（佛山市）有限公司新建项目_03_修改评估意见.pdf,.pdf,success,0,0,0,E:\华南理工项目\环评文件汇总\01_GitHub项目与研究文档\eia-openclaw-sync-chen2026\05_QA测试集\人工核查_环评报告出处整理_20260715\解析文本输出_按问答顺序\162_鹏彩科技（佛山市）有限公司新建项目_03_修改评估意见\162_鹏彩科技（佛山市）有限公司新建项目_03_修改评估意见.json,E:\华南理工项目\环评文件汇总\01_GitHub项目与研究文档\eia-openclaw-sync-chen2026\05_QA测试集\人工核查_环评报告出处整理_20260715\解析文本输出_按问答顺序\162_鹏彩科技（佛山市）有限公司新建项目_03_修改评估意见\162_鹏彩科技（佛山市）有限公司新建项目_03_修改评估意见.html,
163_佛山志兴盈包装有限公司新建项目_01_报批稿或报告表,E:\华南理工项目\环评文件汇总\01_GitHub项目与研究文档\eia-openclaw-sync-chen2026\05_QA测试集\人工核查_环评报告出处整理_20260715\环评报告文件_按问答顺序\163_佛山志兴盈包装有限公司新建项目_01_报批稿或报告表.docx,.docx,success,2,98603,103857,E:\华南理工项目\环评文件汇总\01_GitHub项目与研究文档\eia-openclaw-sync-chen2026\05_QA测试集\人工核查_环评报告出处整理_20260715\解析文本输出_按问答顺序\163_佛山志兴盈包装有限公司新建项目_01_报批稿或报告表\163_佛山志兴盈包装有限公司新建项目_01_报批稿或报告表.json,E:\华南理工项目\环评文件汇总\01_GitHub项目与研究文档\eia-openclaw-sync-chen2026\05_QA测试集\人工核查_环评报告出处整理_20260715\解析文本输出_按问答顺序\163_佛山志兴盈包装有限公司新建项目_01_报批稿或报告表\163_佛山志兴盈包装有限公司新建项目_01_报批稿或报告表.html,
163_佛山志兴盈包装有限公司新建项目_02_受理公告或公示版,E:\华南理工项目\环评文件汇总\01_GitHub项目与研究文档\eia-openclaw-sync-chen2026\05_QA测试集\人工核查_环评报告出处整理_20260715\环评报告文件_按问答顺序\163_佛山志兴盈包装有限公司新建项目_02_受理公告或公示版.pdf,.pdf,success,2,65987,62616,E:\华南理工项目\环评文件汇总\01_GitHub项目与研究文档\eia-openclaw-sync-chen2026\05_QA测试集\人工核查_环评报告出处整理_20260715\解析文本输出_按问答顺序\163_佛山志兴盈包装有限公司新建项目_02_受理公告或公示版\163_佛山志兴盈包装有限公司新建项目_02_受理公告或公示版.json,E:\华南理工项目\环评文件汇总\01_GitHub项目与研究文档\eia-openclaw-sync-chen2026\05_QA测试集\人工核查_环评报告出处整理_20260715\解析文本输出_按问答顺序\163_佛山志兴盈包装有限公司新建项目_02_受理公告或公示版\163_佛山志兴盈包装有限公司新建项目_02_受理公告或公示版.html,
163_佛山志兴盈包装有限公司新建项目_03_修改评估意见,E:\华南理工项目\环评文件汇总\01_GitHub项目与研究文档\eia-openclaw-sync-chen2026\05_QA测试集\人工核查_环评报告出处整理_20260715\环评报告文件_按问答顺序\163_佛山志兴盈包装有限公司新建项目_03_修改评估意见.pdf,.pdf,success,0,0,0,E:\华南理工项目\环评文件汇总\01_GitHub项目与研究文档\eia-openclaw-sync-chen2026\05_QA测试集\人工核查_环评报告出处整理_20260715\解析文本输出_按问答顺序\163_佛山志兴盈包装有限公司新建项目_03_修改评估意见\163_佛山志兴盈包装有限公司新建项目_03_修改评估意见.json,E:\华南理工项目\环评文件汇总\01_GitHub项目与研究文档\eia-openclaw-sync-chen2026\05_QA测试集\人工核查_环评报告出处整理_20260715\解析文本输出_按问答顺序\163_佛山志兴盈包装有限公司新建项目_03_修改评估意见\163_佛山志兴盈包装有限公司新建项目_03_修改评估意见.html,
164_佛山市祖帮海绵有限公司新建项目_01_报批稿或报告表,E:\华南理工项目\环评文件汇总\01_GitHub项目与研究文档\eia-openclaw-sync-chen2026\05_QA测试集\人工核查_环评报告出处整理_20260715\环评报告文件_按问答顺序\164_佛山市祖帮海绵有限公司新建项目_01_报批稿或报告表.docx,.docx,success,9,360995,466736,E:\华南理工项目\环评文件汇总\01_GitHub项目与研究文档\eia-openclaw-sync-chen2026\05_QA测试集\人工核查_环评报告出处整理_20260715\解析文本输出_按问答顺序\164_佛山市祖帮海绵有限公司新建项目_01_报批稿或报告表\164_佛山市祖帮海绵有限公司新建项目_01_报批稿或报告表.json,E:\华南理工项目\环评文件汇总\01_GitHub项目与研究文档\eia-openclaw-sync-chen2026\05_QA测试集\人工核查_环评报告出处整理_20260715\解析文本输出_按问答顺序\164_佛山市祖帮海绵有限公司新建项目_01_报批稿或报告表\164_佛山市祖帮海绵有限公司新建项目_01_报批稿或报告表.html,
164_佛山市祖帮海绵有限公司新建项目_02_受理公告或公示版,E:\华南理工项目\环评文件汇总\01_GitHub项目与研究文档\eia-openclaw-sync-chen2026\05_QA测试集\人工核查_环评报告出处整理_20260715\环评报告文件_按问答顺序\164_佛山市祖帮海绵有限公司新建项目_02_受理公告或公示版.pdf,.pdf,success,4,207926,193866,E:\华南理工项目\环评文件汇总\01_GitHub项目与研究文档\eia-openclaw-sync-chen2026\05_QA测试集\人工核查_环评报告出处整理_20260715\解析文本输出_按问答顺序\164_佛山市祖帮海绵有限公司新建项目_02_受理公告或公示版\164_佛山市祖帮海绵有限公司新建项目_02_受理公告或公示版.json,E:\华南理工项目\环评文件汇总\01_GitHub项目与研究文档\eia-openclaw-sync-chen2026\05_QA测试集\人工核查_环评报告出处整理_20260715\解析文本输出_按问答顺序\164_佛山市祖帮海绵有限公司新建项目_02_受理公告或公示版\164_佛山市祖帮海绵有限公司新建项目_02_受理公告或公示版.html,
164_佛山市祖帮海绵有限公司新建项目_03_修改评估意见,E:\华南理工项目\环评文件汇总\01_GitHub项目与研究文档\eia-openclaw-sync-chen2026\05_QA测试集\人工核查_环评报告出处整理_20260715\环评报告文件_按问答顺序\164_佛山市祖帮海绵有限公司新建项目_03_修改评估意见.pdf,.pdf,success,0,0,0,E:\华南理工项目\环评文件汇总\01_GitHub项目与研究文档\eia-openclaw-sync-chen2026\05_QA测试集\人工核查_环评报告出处整理_20260715\解析文本输出_按问答顺序\164_佛山市祖帮海绵有限公司新建项目_03_修改评估意见\164_佛山市祖帮海绵有限公司新建项目_03_修改评估意见.json,E:\华南理工项目\环评文件汇总\01_GitHub项目与研究文档\eia-openclaw-sync-chen2026\05_QA测试集\人工核查_环评报告出处整理_20260715\解析文本输出_按问答顺序\164_佛山市祖帮海绵有限公司新建项目_03_修改评估意见\164_佛山市祖帮海绵有限公司新建项目_03_修改评估意见.html,
165_和默化学（佛山）有限公司新建项目_01_报批稿或报告表,E:\华南理工项目\环评文件汇总\01_GitHub项目与研究文档\eia-openclaw-sync-chen2026\05_QA测试集\人工核查_环评报告出处整理_20260715\环评报告文件_按问答顺序\165_和默化学（佛山）有限公司新建项目_01_报批稿或报告表.docx,.docx,success,3,121886,132146,E:\华南理工项目\环评文件汇总\01_GitHub项目与研究文档\eia-openclaw-sync-chen2026\05_QA测试集\人工核查_环评报告出处整理_20260715\解析文本输出_按问答顺序\165_和默化学（佛山）有限公司新建项目_01_报批稿或报告表\165_和默化学（佛山）有限公司新建项目_01_报批稿或报告表.json,E:\华南理工项目\环评文件汇总\01_GitHub项目与研究文档\eia-openclaw-sync-chen2026\05_QA测试集\人工核查_环评报告出处整理_20260715\解析文本输出_按问答顺序\165_和默化学（佛山）有限公司新建项目_01_报批稿或报告表\165_和默化学（佛山）有限公司新建项目_01_报批稿或报告表.html,
165_和默化学（佛山）有限公司新建项目_02_受理公告或公示版,E:\华南理工项目\环评文件汇总\01_GitHub项目与研究文档\eia-openclaw-sync-chen2026\05_QA测试集\人工核查_环评报告出处整理_20260715\环评报告文件_按问答顺序\165_和默化学（佛山）有限公司新建项目_02_受理公告或公示版.pdf,.pdf,success,2,75762,69523,E:\华南理工项目\环评文件汇总\01_GitHub项目与研究文档\eia-openclaw-sync-chen2026\05_QA测试集\人工核查_环评报告出处整理_20260715\解析文本输出_按问答顺序\165_和默化学（佛山）有限公司新建项目_02_受理公告或公示版\165_和默化学（佛山）有限公司新建项目_02_受理公告或公示版.json,E:\华南理工项目\环评文件汇总\01_GitHub项目与研究文档\eia-openclaw-sync-chen2026\05_QA测试集\人工核查_环评报告出处整理_20260715\解析文本输出_按问答顺序\165_和默化学（佛山）有限公司新建项目_02_受理公告或公示版\165_和默化学（佛山）有限公司新建项目_02_受理公告或公示版.html,
165_和默化学（佛山）有限公司新建项目_03_修改评估意见,E:\华南理工项目\环评文件汇总\01_GitHub项目与研究文档\eia-openclaw-sync-chen2026\05_QA测试集\人工核查_环评报告出处整理_20260715\环评报告文件_按问答顺序\165_和默化学（佛山）有限公司新建项目_03_修改评估意见.pdf,.pdf,success,0,0,0,E:\华南理工项目\环评文件汇总\01_GitHub项目与研究文档\eia-openclaw-sync-chen2026\05_QA测试集\人工核查_环评报告出处整理_20260715\解析文本输出_按问答顺序\165_和默化学（佛山）有限公司新建项目_03_修改评估意见\165_和默化学（佛山）有限公司新建项目_03_修改评估意见.json,E:\华南理工项目\环评文件汇总\01_GitHub项目与研究文档\eia-openclaw-sync-chen2026\05_QA测试集\人工核查_环评报告出处整理_20260715\解析文本输出_按问答顺序\165_和默化学（佛山）有限公司新建项目_03_修改评估意见\165_和默化学（佛山）有限公司新建项目_03_修改评估意见.html,
166_佛山气盾新材料有限公司新建项目_01_报批稿或报告表,E:\华南理工项目\环评文件汇总\01_GitHub项目与研究文档\eia-openclaw-sync-chen2026\05_QA测试集\人工核查_环评报告出处整理_20260715\环评报告文件_按问答顺序\166_佛山气盾新材料有限公司新建项目_01_报批稿或报告表.docx,.docx,success,2,83496,88453,E:\华南理工项目\环评文件汇总\01_GitHub项目与研究文档\eia-openclaw-sync-chen2026\05_QA测试集\人工核查_环评报告出处整理_20260715\解析文本输出_按问答顺序\166_佛山气盾新材料有限公司新建项目_01_报批稿或报告表\166_佛山气盾新材料有限公司新建项目_01_报批稿或报告表.json,E:\华南理工项目\环评文件汇总\01_GitHub项目与研究文档\eia-openclaw-sync-chen2026\05_QA测试集\人工核查_环评报告出处整理_20260715\解析文本输出_按问答顺序\166_佛山气盾新材料有限公司新建项目_01_报批稿或报告表\166_佛山气盾新材料有限公司新建项目_01_报批稿或报告表.html,
166_佛山气盾新材料有限公司新建项目_02_受理公告或公示版,E:\华南理工项目\环评文件汇总\01_GitHub项目与研究文档\eia-openclaw-sync-chen2026\05_QA测试集\人工核查_环评报告出处整理_20260715\环评报告文件_按问答顺序\166_佛山气盾新材料有限公司新建项目_02_受理公告或公示版.pdf,.pdf,success,1,53095,48434,E:\华南理工项目\环评文件汇总\01_GitHub项目与研究文档\eia-openclaw-sync-chen2026\05_QA测试集\人工核查_环评报告出处整理_20260715\解析文本输出_按问答顺序\166_佛山气盾新材料有限公司新建项目_02_受理公告或公示版\166_佛山气盾新材料有限公司新建项目_02_受理公告或公示版.json,E:\华南理工项目\环评文件汇总\01_GitHub项目与研究文档\eia-openclaw-sync-chen2026\05_QA测试集\人工核查_环评报告出处整理_20260715\解析文本输出_按问答顺序\166_佛山气盾新材料有限公司新建项目_02_受理公告或公示版\166_佛山气盾新材料有限公司新建项目_02_受理公告或公示版.html,
166_佛山气盾新材料有限公司新建项目_03_修改评估意见,E:\华南理工项目\环评文件汇总\01_GitHub项目与研究文档\eia-openclaw-sync-chen2026\05_QA测试集\人工核查_环评报告出处整理_20260715\环评报告文件_按问答顺序\166_佛山气盾新材料有限公司新建项目_03_修改评估意见.pdf,.pdf,success,0,0,0,E:\华南理工项目\环评文件汇总\01_GitHub项目与研究文档\eia-openclaw-sync-chen2026\05_QA测试集\人工核查_环评报告出处整理_20260715\解析文本输出_按问答顺序\166_佛山气盾新材料有限公司新建项目_03_修改评估意见\166_佛山气盾新材料有限公司新建项目_03_修改评估意见.json,E:\华南理工项目\环评文件汇总\01_GitHub项目与研究文档\eia-openclaw-sync-chen2026\05_QA测试集\人工核查_环评报告出处整理_20260715\解析文本输出_按问答顺序\166_佛山气盾新材料有限公司新建项目_03_修改评估意见\166_佛山气盾新材料有限公司新建项目_03_修改评估意见.html,
167_佛山市彩川合成材料有限公司新建项目_01_受理公告或公示版,E:\华南理工项目\环评文件汇总\01_GitHub项目与研究文档\eia-openclaw-sync-chen2026\05_QA测试集\人工核查_环评报告出处整理_20260715\环评报告文件_按问答顺序\167_佛山市彩川合成材料有限公司新建项目_01_受理公告或公示版.pdf,.pdf,success,2,85708,79596,E:\华南理工项目\环评文件汇总\01_GitHub项目与研究文档\eia-openclaw-sync-chen2026\05_QA测试集\人工核查_环评报告出处整理_20260715\解析文本输出_按问答顺序\167_佛山市彩川合成材料有限公司新建项目_01_受理公告或公示版\167_佛山市彩川合成材料有限公司新建项目_01_受理公告或公示版.json,E:\华南理工项目\环评文件汇总\01_GitHub项目与研究文档\eia-openclaw-sync-chen2026\05_QA测试集\人工核查_环评报告出处整理_20260715\解析文本输出_按问答顺序\167_佛山市彩川合成材料有限公司新建项目_01_受理公告或公示版\167_佛山市彩川合成材料有限公司新建项目_01_受理公告或公示版.html,
167_佛山市彩川合成材料有限公司新建项目_02_修改评估意见,E:\华南理工项目\环评文件汇总\01_GitHub项目与研究文档\eia-openclaw-sync-chen2026\05_QA测试集\人工核查_环评报告出处整理_20260715\环评报告文件_按问答顺序\167_佛山市彩川合成材料有限公司新建项目_02_修改评估意见.docx,.docx,success,1,3212,3268,E:\华南理工项目\环评文件汇总\01_GitHub项目与研究文档\eia-openclaw-sync-chen2026\05_QA测试集\人工核查_环评报告出处整理_20260715\解析文本输出_按问答顺序\167_佛山市彩川合成材料有限公司新建项目_02_修改评估意见\167_佛山市彩川合成材料有限公司新建项目_02_修改评估意见.json,E:\华南理工项目\环评文件汇总\01_GitHub项目与研究文档\eia-openclaw-sync-chen2026\05_QA测试集\人工核查_环评报告出处整理_20260715\解析文本输出_按问答顺序\167_佛山市彩川合成材料有限公司新建项目_02_修改评估意见\167_佛山市彩川合成材料有限公司新建项目_02_修改评估意见.html,
167_佛山市彩川合成材料有限公司新建项目_03_修改评估意见,E:\华南理工项目\环评文件汇总\01_GitHub项目与研究文档\eia-openclaw-sync-chen2026\05_QA测试集\人工核查_环评报告出处整理_20260715\环评报告文件_按问答顺序\167_佛山市彩川合成材料有限公司新建项目_03_修改评估意见.pdf,.pdf,success,0,0,0,E:\华南理工项目\环评文件汇总\01_GitHub项目与研究文档\eia-openclaw-sync-chen2026\05_QA测试集\人工核查_环评报告出处整理_20260715\解析文本输出_按问答顺序\167_佛山市彩川合成材料有限公司新建项目_03_修改评估意见\167_佛山市彩川合成材料有限公司新建项目_03_修改评估意见.json,E:\华南理工项目\环评文件汇总\01_GitHub项目与研究文档\eia-openclaw-sync-chen2026\05_QA测试集\人工核查_环评报告出处整理_20260715\解析文本输出_按问答顺序\167_佛山市彩川合成材料有限公司新建项目_03_修改评估意见\167_佛山市彩川合成材料有限公司新建项目_03_修改评估意见.html,
168_广东顺德意达电子薄膜器件有限公司新建项目_01_报批稿或报告表,E:\华南理工项目\环评文件汇总\01_GitHub项目与研究文档\eia-openclaw-sync-chen2026\05_QA测试集\人工核查_环评报告出处整理_20260715\环评报告文件_按问答顺序\168_广东顺德意达电子薄膜器件有限公司新建项目_01_报批稿或报告表.doc,.doc,success,2,100527,111661,E:\华南理工项目\环评文件汇总\01_GitHub项目与研究文档\eia-openclaw-sync-chen2026\05_QA测试集\人工核查_环评报告出处整理_20260715\解析文本输出_按问答顺序\168_广东顺德意达电子薄膜器件有限公司新建项目_01_报批稿或报告表\168_广东顺德意达电子薄膜器件有限公司新建项目_01_报批稿或报告表.json,E:\华南理工项目\环评文件汇总\01_GitHub项目与研究文档\eia-openclaw-sync-chen2026\05_QA测试集\人工核查_环评报告出处整理_20260715\解析文本输出_按问答顺序\168_广东顺德意达电子薄膜器件有限公司新建项目_01_报批稿或报告表\168_广东顺德意达电子薄膜器件有限公司新建项目_01_报批稿或报告表.html,
168_广东顺德意达电子薄膜器件有限公司新建项目_02_受理公告或公示版,E:\华南理工项目\环评文件汇总\01_GitHub项目与研究文档\eia-openclaw-sync-chen2026\05_QA测试集\人工核查_环评报告出处整理_20260715\环评报告文件_按问答顺序\168_广东顺德意达电子薄膜器件有限公司新建项目_02_受理公告或公示版.pdf,.pdf,success,2,65950,63466,E:\华南理工项目\环评文件汇总\01_GitHub项目与研究文档\eia-openclaw-sync-chen2026\05_QA测试集\人工核查_环评报告出处整理_20260715\解析文本输出_按问答顺序\168_广东顺德意达电子薄膜器件有限公司新建项目_02_受理公告或公示版\168_广东顺德意达电子薄膜器件有限公司新建项目_02_受理公告或公示版.json,E:\华南理工项目\环评文件汇总\01_GitHub项目与研究文档\eia-openclaw-sync-chen2026\05_QA测试集\人工核查_环评报告出处整理_20260715\解析文本输出_按问答顺序\168_广东顺德意达电子薄膜器件有限公司新建项目_02_受理公告或公示版\168_广东顺德意达电子薄膜器件有限公司新建项目_02_受理公告或公示版.html,
168_广东顺德意达电子薄膜器件有限公司新建项目_03_修改评估意见,E:\华南理工项目\环评文件汇总\01_GitHub项目与研究文档\eia-openclaw-sync-chen2026\05_QA测试集\人工核查_环评报告出处整理_20260715\环评报告文件_按问答顺序\168_广东顺德意达电子薄膜器件有限公司新建项目_03_修改评估意见.pdf,.pdf,success,1,2414,2205,E:\华南理工项目\环评文件汇总\01_GitHub项目与研究文档\eia-openclaw-sync-chen2026\05_QA测试集\人工核查_环评报告出处整理_20260715\解析文本输出_按问答顺序\168_广东顺德意达电子薄膜器件有限公司新建项目_03_修改评估意见\168_广东顺德意达电子薄膜器件有限公司新建项目_03_修改评估意见.json,E:\华南理工项目\环评文件汇总\01_GitHub项目与研究文档\eia-openclaw-sync-chen2026\05_QA测试集\人工核查_环评报告出处整理_20260715\解析文本输出_按问答顺序\168_广东顺德意达电子薄膜器件有限公司新建项目_03_修改评估意见\168_广东顺德意达电子薄膜器件有限公司新建项目_03_修改评估意见.html,
169_佛山市全海世家新材料科技有限公司新建项目_01_报批稿或报告表,E:\华南理工项目\环评文件汇总\01_GitHub项目与研究文档\eia-openclaw-sync-chen2026\05_QA测试集\人工核查_环评报告出处整理_20260715\环评报告文件_按问答顺序\169_佛山市全海世家新材料科技有限公司新建项目_01_报批稿或报告表.docx,.docx,success,3,107778,121292,E:\华南理工项目\环评文件汇总\01_GitHub项目与研究文档\eia-openclaw-sync-chen2026\05_QA测试集\人工核查_环评报告出处整理_20260715\解析文本输出_按问答顺序\169_佛山市全海世家新材料科技有限公司新建项目_01_报批稿或报告表\169_佛山市全海世家新材料科技有限公司新建项目_01_报批稿或报告表.json,E:\华南理工项目\环评文件汇总\01_GitHub项目与研究文档\eia-openclaw-sync-chen2026\05_QA测试集\人工核查_环评报告出处整理_20260715\解析文本输出_按问答顺序\169_佛山市全海世家新材料科技有限公司新建项目_01_报批稿或报告表\169_佛山市全海世家新材料科技有限公司新建项目_01_报批稿或报告表.html,
169_佛山市全海世家新材料科技有限公司新建项目_02_受理公告或公示版,E:\华南理工项目\环评文件汇总\01_GitHub项目与研究文档\eia-openclaw-sync-chen2026\05_QA测试集\人工核查_环评报告出处整理_20260715\环评报告文件_按问答顺序\169_佛山市全海世家新材料科技有限公司新建项目_02_受理公告或公示版.pdf,.pdf,success,2,67933,65706,E:\华南理工项目\环评文件汇总\01_GitHub项目与研究文档\eia-openclaw-sync-chen2026\05_QA测试集\人工核查_环评报告出处整理_20260715\解析文本输出_按问答顺序\169_佛山市全海世家新材料科技有限公司新建项目_02_受理公告或公示版\169_佛山市全海世家新材料科技有限公司新建项目_02_受理公告或公示版.json,E:\华南理工项目\环评文件汇总\01_GitHub项目与研究文档\eia-openclaw-sync-chen2026\05_QA测试集\人工核查_环评报告出处整理_20260715\解析文本输出_按问答顺序\169_佛山市全海世家新材料科技有限公司新建项目_02_受理公告或公示版\169_佛山市全海世家新材料科技有限公司新建项目_02_受理公告或公示版.html,
169_佛山市全海世家新材料科技有限公司新建项目_03_修改评估意见,E:\华南理工项目\环评文件汇总\01_GitHub项目与研究文档\eia-openclaw-sync-chen2026\05_QA测试集\人工核查_环评报告出处整理_20260715\环评报告文件_按问答顺序\169_佛山市全海世家新材料科技有限公司新建项目_03_修改评估意见.pdf,.pdf,success,0,0,0,E:\华南理工项目\环评文件汇总\01_GitHub项目与研究文档\eia-openclaw-sync-chen2026\05_QA测试集\人工核查_环评报告出处整理_20260715\解析文本输出_按问答顺序\169_佛山市全海世家新材料科技有限公司新建项目_03_修改评估意见\169_佛山市全海世家新材料科技有限公司新建项目_03_修改评估意见.json,E:\华南理工项目\环评文件汇总\01_GitHub项目与研究文档\eia-openclaw-sync-chen2026\05_QA测试集\人工核查_环评报告出处整理_20260715\解析文本输出_按问答顺序\169_佛山市全海世家新材料科技有限公司新建项目_03_修改评估意见\169_佛山市全海世家新材料科技有限公司新建项目_03_修改评估意见.html,
170_佛山市顺德区智成塑包装有限公司新建项目_01_报批稿或报告表,E:\华南理工项目\环评文件汇总\01_GitHub项目与研究文档\eia-openclaw-sync-chen2026\05_QA测试集\人工核查_环评报告出处整理_20260715\环评报告文件_按问答顺序\170_佛山市顺德区智成塑包装有限公司新建项目_01_报批稿或报告表.docx,.docx,success,3,110274,119876,E:\华南理工项目\环评文件汇总\01_GitHub项目与研究文档\eia-openclaw-sync-chen2026\05_QA测试集\人工核查_环评报告出处整理_20260715\解析文本输出_按问答顺序\170_佛山市顺德区智成塑包装有限公司新建项目_01_报批稿或报告表\170_佛山市顺德区智成塑包装有限公司新建项目_01_报批稿或报告表.json,E:\华南理工项目\环评文件汇总\01_GitHub项目与研究文档\eia-openclaw-sync-chen2026\05_QA测试集\人工核查_环评报告出处整理_20260715\解析文本输出_按问答顺序\170_佛山市顺德区智成塑包装有限公司新建项目_01_报批稿或报告表\170_佛山市顺德区智成塑包装有限公司新建项目_01_报批稿或报告表.html,
170_佛山市顺德区智成塑包装有限公司新建项目_02_受理公告或公示版,E:\华南理工项目\环评文件汇总\01_GitHub项目与研究文档\eia-openclaw-sync-chen2026\05_QA测试集\人工核查_环评报告出处整理_20260715\环评报告文件_按问答顺序\170_佛山市顺德区智成塑包装有限公司新建项目_02_受理公告或公示版.pdf,.pdf,success,2,67334,62296,E:\华南理工项目\环评文件汇总\01_GitHub项目与研究文档\eia-openclaw-sync-chen2026\05_QA测试集\人工核查_环评报告出处整理_20260715\解析文本输出_按问答顺序\170_佛山市顺德区智成塑包装有限公司新建项目_02_受理公告或公示版\170_佛山市顺德区智成塑包装有限公司新建项目_02_受理公告或公示版.json,E:\华南理工项目\环评文件汇总\01_GitHub项目与研究文档\eia-openclaw-sync-chen2026\05_QA测试集\人工核查_环评报告出处整理_20260715\解析文本输出_按问答顺序\170_佛山市顺德区智成塑包装有限公司新建项目_02_受理公告或公示版\170_佛山市顺德区智成塑包装有限公司新建项目_02_受理公告或公示版.html,
170_佛山市顺德区智成塑包装有限公司新建项目_03_修改评估意见,E:\华南理工项目\环评文件汇总\01_GitHub项目与研究文档\eia-openclaw-sync-chen2026\05_QA测试集\人工核查_环评报告出处整理_20260715\环评报告文件_按问答顺序\170_佛山市顺德区智成塑包装有限公司新建项目_03_修改评估意见.pdf,.pdf,success,1,2566,2338,E:\华南理工项目\环评文件汇总\01_GitHub项目与研究文档\eia-openclaw-sync-chen2026\05_QA测试集\人工核查_环评报告出处整理_20260715\解析文本输出_按问答顺序\170_佛山市顺德区智成塑包装有限公司新建项目_03_修改评估意见\170_佛山市顺德区智成塑包装有限公司新建项目_03_修改评估意见.json,E:\华南理工项目\环评文件汇总\01_GitHub项目与研究文档\eia-openclaw-sync-chen2026\05_QA测试集\人工核查_环评报告出处整理_20260715\解析文本输出_按问答顺序\170_佛山市顺德区智成塑包装有限公司新建项目_03_修改评估意见\170_佛山市顺德区智成塑包装有限公司新建项目_03_修改评估意见.html,
171_佛山辰僖塑料有限公司新建项目_01_报批稿或报告表,E:\华南理工项目\环评文件汇总\01_GitHub项目与研究文档\eia-openclaw-sync-chen2026\05_QA测试集\人工核查_环评报告出处整理_20260715\环评报告文件_按问答顺序\171_佛山辰僖塑料有限公司新建项目_01_报批稿或报告表.docx,.docx,success,3,130767,147935,E:\华南理工项目\环评文件汇总\01_GitHub项目与研究文档\eia-openclaw-sync-chen2026\05_QA测试集\人工核查_环评报告出处整理_20260715\解析文本输出_按问答顺序\171_佛山辰僖塑料有限公司新建项目_01_报批稿或报告表\171_佛山辰僖塑料有限公司新建项目_01_报批稿或报告表.json,E:\华南理工项目\环评文件汇总\01_GitHub项目与研究文档\eia-openclaw-sync-chen2026\05_QA测试集\人工核查_环评报告出处整理_20260715\解析文本输出_按问答顺序\171_佛山辰僖塑料有限公司新建项目_01_报批稿或报告表\171_佛山辰僖塑料有限公司新建项目_01_报批稿或报告表.html,
171_佛山辰僖塑料有限公司新建项目_02_受理公告或公示版,E:\华南理工项目\环评文件汇总\01_GitHub项目与研究文档\eia-openclaw-sync-chen2026\05_QA测试集\人工核查_环评报告出处整理_20260715\环评报告文件_按问答顺序\171_佛山辰僖塑料有限公司新建项目_02_受理公告或公示版.pdf,.pdf,success,2,76918,71557,E:\华南理工项目\环评文件汇总\01_GitHub项目与研究文档\eia-openclaw-sync-chen2026\05_QA测试集\人工核查_环评报告出处整理_20260715\解析文本输出_按问答顺序\171_佛山辰僖塑料有限公司新建项目_02_受理公告或公示版\171_佛山辰僖塑料有限公司新建项目_02_受理公告或公示版.json,E:\华南理工项目\环评文件汇总\01_GitHub项目与研究文档\eia-openclaw-sync-chen2026\05_QA测试集\人工核查_环评报告出处整理_20260715\解析文本输出_按问答顺序\171_佛山辰僖塑料有限公司新建项目_02_受理公告或公示版\171_佛山辰僖塑料有限公司新建项目_02_受理公告或公示版.html,
171_佛山辰僖塑料有限公司新建项目_03_修改评估意见,E:\华南理工项目\环评文件汇总\01_GitHub项目与研究文档\eia-openclaw-sync-chen2026\05_QA测试集\人工核查_环评报告出处整理_20260715\环评报告文件_按问答顺序\171_佛山辰僖塑料有限公司新建项目_03_修改评估意见.docx,.docx,success,1,5016,4842,E:\华南理工项目\环评文件汇总\01_GitHub项目与研究文档\eia-openclaw-sync-chen2026\05_QA测试集\人工核查_环评报告出处整理_20260715\解析文本输出_按问答顺序\171_佛山辰僖塑料有限公司新建项目_03_修改评估意见\171_佛山辰僖塑料有限公司新建项目_03_修改评估意见.json,E:\华南理工项目\环评文件汇总\01_GitHub项目与研究文档\eia-openclaw-sync-chen2026\05_QA测试集\人工核查_环评报告出处整理_20260715\解析文本输出_按问答顺序\171_佛山辰僖塑料有限公司新建项目_03_修改评估意见\171_佛山辰僖塑料有限公司新建项目_03_修改评估意见.html,
171_佛山辰僖塑料有限公司新建项目_04_修改评估意见,E:\华南理工项目\环评文件汇总\01_GitHub项目与研究文档\eia-openclaw-sync-chen2026\05_QA测试集\人工核查_环评报告出处整理_20260715\环评报告文件_按问答顺序\171_佛山辰僖塑料有限公司新建项目_04_修改评估意见.pdf,.pdf,success,0,0,0,E:\华南理工项目\环评文件汇总\01_GitHub项目与研究文档\eia-openclaw-sync-chen2026\05_QA测试集\人工核查_环评报告出处整理_20260715\解析文本输出_按问答顺序\171_佛山辰僖塑料有限公司新建项目_04_修改评估意见\171_佛山辰僖塑料有限公司新建项目_04_修改评估意见.json,E:\华南理工项目\环评文件汇总\01_GitHub项目与研究文档\eia-openclaw-sync-chen2026\05_QA测试集\人工核查_环评报告出处整理_20260715\解析文本输出_按问答顺序\171_佛山辰僖塑料有限公司新建项目_04_修改评估意见\171_佛山辰僖塑料有限公司新建项目_04_修改评估意见.html,
