seq,file_name,path,suffix,read_status,industry_excerpt,plastic_evidence,classification,decision_note
1,PL001_佛山市亮正新材料有限公司新建项目_01_核查材料.docx,E:\华南理工项目\环评文件汇总\01_GitHub项目与研究文档\eia-openclaw-sync-chen2026\05_QA测试集\人工核查_环评报告出处整理_20260715\环评报告文件_按问答顺序\PL001_佛山市亮正新材料有限公司新建项目_01_核查材料.docx,.docx,ok,"国民经济行业分类》（GB/T 4754-2017）及第1号修改单中的C2223加工纸制造及C2921塑料薄膜制造，根据《产业结构调整指导目录（2019年本）》（2021年修改）的规定，本项目不属于限制类、淘汰类。综上所述，本项目符合国家、广东省的产业政策要求。 综上所述，本项目符合国家产业政策的要求，同时符合广东省以及佛山市产业政策的
C2921塑料薄膜制造 | 建设项目 行业类别 | 十九、造纸和纸制品业22、37 造纸222*（含废纸造纸）、手工纸制造；有涂布、浸渍、印刷、粘胶工艺的加工纸制造 二十六、橡胶和塑料制品业29、53 塑料制品
C2921塑料薄膜制造，不属于上述严格控制的项目。故本项目的建设符合《佛山市人民政府办公室关于印发佛山市大气环境质量达标规划的通知》的要求。 本项目属于《国民经济行业分类》（GB/T 4754-2017）及第1
C2921塑料薄膜制造，根据《产业结构调整指导目录（2019年本）》（2021年修改）的规定，本项目不属于限制类、淘汰类。综上所述，本项目符合国家、广东省的产业政策要求。 综上所述，本项目符合国家产业政策的要求
2921塑料薄膜制造 | 建设项目 行业类别 | 十九、造纸和纸制品业22、37 造纸222*（含废纸造纸）、手工纸制造；有涂布、浸渍、印刷、粘胶工艺的加工纸制造 二十六、橡胶和塑料制品业29、53 塑料制品
2921塑料薄膜制造，不属于上述严格控制的项目。故本项目的建设符合《佛山市人民政府办公室关于印发佛山市大气环境质量达标规划的通知》的要求。 本项目属于《国民经济行业分类》（GB/T 4754-2017）及第1","（东经113度07分24.310秒，北纬22度48分54.960秒） 国民经济 行业类别 | C2223 加工纸制造 C2921塑料薄膜制造 | 建设项目 行业类别 | 十九、造纸和纸制品业22、37 造纸222*（含废纸造纸）、手工纸制造；有涂布、浸渍、印刷、粘胶工艺的加工纸制造 二十六、橡胶和塑料制品业29、53 塑料制品
13度07分24.310秒，北纬22度48分54.960秒） 国民经济 行业类别 | C2223 加工纸制造 C2921塑料薄膜制造 | 建设项目 行业类别 | 十九、造纸和纸制品业22、37 造纸222*（含废纸造纸）、手工纸制造；有涂布、浸渍、印刷、粘胶工艺的加工纸制造 二十六、橡胶和塑料制品业29、53 塑料制品业292-其
九、造纸和纸制品业22、37 造纸222*（含废纸造纸）、手工纸制造；有涂布、浸渍、印刷、粘胶工艺的加工纸制造 二十六、橡胶和塑料制品业29、53 塑料制品业292-其他（年用非溶剂型低VOCs含量涂料10吨以下的除外） 建设性质 | 新建（迁建） 改建 扩建 技术改造 | 建设项目 申报情形 | 首次申报项目 不予批准后再次申报项目
造纸222*（含废纸造纸）、手工纸制造；有涂布、浸渍、印刷、粘胶工艺的加工纸制造 二十六、橡胶和塑料制品业29、53 塑料制品业292-其他（年用非溶剂型低VOCs含量涂料10吨以下的除外） 建设性质 | 新建（迁建） 改建 扩建 技术改造 | 建设项目 申报情形 | 首次申报项目 不予批准后再次申报项目 超五年重新审核项目
金的阳极氧化、铝的表面铬酸盐转化、锌的铬酸盐钝化和金属酸洗、磷化、喷漆、喷涂）等项目建设。本项目为C2223加工纸制造及C2921塑料薄膜制造，不属于上述严格控制的项目。故本项目的建设符合《佛山市人民政府办公室关于印发佛山市大气环境质量达标规划的通知》的要求。 本项目属于《国民经济行业分类》（GB/T 4754-2017）及第1
化、铝的表面铬酸盐转化、锌的铬酸盐钝化和金属酸洗、磷化、喷漆、喷涂）等项目建设。本项目为C2223加工纸制造及C2921塑料薄膜制造，不属于上述严格控制的项目。故本项目的建设符合《佛山市人民政府办公室关于印发佛山市大气环境质量达标规划的通知》的要求。 本项目属于《国民经济行业分类》（GB/T 4754-2017）及第1号修改单中的",塑胶行业,报告“国民经济行业类别/分类”或相邻字段显示 C29/C292/塑料制品业相关。
2,PL002_佛山市顺德区启卓工程塑料实业有限公司搬迁项目_01_核查材料.docx,E:\华南理工项目\环评文件汇总\01_GitHub项目与研究文档\eia-openclaw-sync-chen2026\05_QA测试集\人工核查_环评报告出处整理_20260715\环评报告文件_按问答顺序\PL002_佛山市顺德区启卓工程塑料实业有限公司搬迁项目_01_核查材料.docx,.docx,ok,"国民经济行业分类》（GB/T 4754-2017）及第1号修改单中的C2929其他塑料制品制造，根据《产业结构调整指导目录（2019年本）》的规定，本项目不属于限制类、淘汰类。综上所述，本项目符合国家、广东省的产业政策要求。 根据广东省发展改革委广东省生态环境厅关于印发《广东省禁止、限制生产、销售和使用的塑料制品目录》（2020年版）
C2929 塑料零件及其他塑料制品制造 | 建设项目 行业类别 | 二十六、橡胶和塑料制品业29、53塑料制品业-292、其他（年用非溶剂型低VOCs含量涂料10吨以下的除外）
C2929其他塑料制品制造，根据《产业结构调整指导目录（2019年本）》的规定，本项目不属于限制类、淘汰类。综上所述，本项目符合国家、广东省的产业政策要求。 根据广东省发展改革委广东省生态环境厅关于印发《广东省
C2929 塑料零件及其他塑料制品制造，根据《固定污染源排污许可分类管理名录（2019版）》，项目属于登记管理（若建成后当地环境管理部门将其纳入重点排污单位名录，则进行重点管理）。根据《排污许可证申请与核发技术
2929 塑料零件及其他塑料制品制造 | 建设项目 行业类别 | 二十六、橡胶和塑料制品业29、53塑料制品业-292、其他（年用非溶剂型低VOCs含量涂料10吨以下的除外）
2929其他塑料制品制造，根据《产业结构调整指导目录（2019年本）》的规定，本项目不属于限制类、淘汰类。综上所述，本项目符合国家、广东省的产业政策要求。 根据广东省发展改革委广东省生态环境厅关于印发《广东省","5分20.510秒） | （东经113度11分58.650秒，北纬22度45分20.510秒） 国民经济 行业类别 | C2929 塑料零件及其他塑料制品制造 | 建设项目 行业类别 | 二十六、橡胶和塑料制品业29、53塑料制品业-292、其他（年用非溶剂型低VOCs含量涂料10吨以下的除外） 建设性质 | 新建（迁建） 改建
10秒） | （东经113度11分58.650秒，北纬22度45分20.510秒） 国民经济 行业类别 | C2929 塑料零件及其他塑料制品制造 | 建设项目 行业类别 | 二十六、橡胶和塑料制品业29、53塑料制品业-292、其他（年用非溶剂型低VOCs含量涂料10吨以下的除外） 建设性质 | 新建（迁建） 改建 扩建 技术改造 | 建设项
分20.510秒） 国民经济 行业类别 | C2929 塑料零件及其他塑料制品制造 | 建设项目 行业类别 | 二十六、橡胶和塑料制品业29、53塑料制品业-292、其他（年用非溶剂型低VOCs含量涂料10吨以下的除外） 建设性质 | 新建（迁建） 改建 扩建 技术改造 | 建设项目 申报情形 | 首次申报项目 不予批准后再次申报项目
济 行业类别 | C2929 塑料零件及其他塑料制品制造 | 建设项目 行业类别 | 二十六、橡胶和塑料制品业29、53塑料制品业-292、其他（年用非溶剂型低VOCs含量涂料10吨以下的除外） 建设性质 | 新建（迁建） 改建 扩建 技术改造 | 建设项目 申报情形 | 首次申报项目 不予批准后再次申报项目 超五年重新审核项目
金属表面处理（铝及铝合金的阳极氧化、铝的表面铬酸盐转化、锌的铬酸盐钝化和金属酸洗、磷化、喷漆、喷涂）等项目建设。本项目为塑料制品业，不属于上述严格控制的项目。故本项目的建设符合《佛山市人民政府办公室关于印发佛山市大气环境质量达标规划的通知》的要求。 本项目属于《国民经济行业分类》（GB/T 4754-2017）及第1号修改单中的
市大气环境质量达标规划的通知》的要求。 本项目属于《国民经济行业分类》（GB/T 4754-2017）及第1号修改单中的C2929其他塑料制品制造，根据《产业结构调整指导目录（2019年本）》的规定，本项目不属于限制类、淘汰类。综上所述，本项目符合国家、广东省的产业政策要求。 根据广东省发展改革委广东省生态环境厅关于印发《广东省",塑胶行业,报告“国民经济行业类别/分类”或相邻字段显示 C29/C292/塑料制品业相关。
3,PL003_佛山市顺德区康明新材料厂新建项目_01_核查材料.docx,E:\华南理工项目\环评文件汇总\01_GitHub项目与研究文档\eia-openclaw-sync-chen2026\05_QA测试集\人工核查_环评报告出处整理_20260715\环评报告文件_按问答顺序\PL003_佛山市顺德区康明新材料厂新建项目_01_核查材料.docx,.docx,ok,"国民经济行业类别 | C2921塑料薄膜制造 | 建设项目行业类别 | 二十六、橡胶和塑料制品业29-53塑料制品业292-“其他（年用非溶剂型低VOCs含量涂料10吨以下的除外）”
C2921塑料薄膜制造 | 建设项目行业类别 | 二十六、橡胶和塑料制品业29-53塑料制品业292-“其他（年用非溶剂型低VOCs含量涂料10吨以下的除外）”
C2921塑料薄膜制造，不在《环境保护综合名录（2021 年版）》内，因此本项目所产产品不属于高污染、高风险产品。 项目主要从事塑料薄膜的加工生产，所属行业为C2921塑料薄膜制造，不属于《广东省“两高”项目管
C2921塑料薄膜制造行业，不属于高能耗行业。项目生产设备使用电能，生产用水由市政供水，不直接取用江河湖库水量，不会对项目所在地生态流量造成影响，符合能源利用要求。 3）污染物排放管控要求 项目属于新建项目，吹
C292塑料制品业”－“C2921塑料薄膜制造”。根据《固定污染源排污许可分类管理名录（2019年版）》，本项目属于登记管理类别，项目污染防治措施可行性分析内容参照《排污许可证申请与核发技术规范 橡胶和塑料制
2921塑料薄膜制造 | 建设项目行业类别 | 二十六、橡胶和塑料制品业29-53塑料制品业292-“其他（年用非溶剂型低VOCs含量涂料10吨以下的除外）”","46分26.033秒 | 东经：113度11分45.284秒 、北纬：22度46分26.033秒 国民经济行业类别 | C2921塑料薄膜制造 | 建设项目行业类别 | 二十六、橡胶和塑料制品业29-53塑料制品业292-“其他（年用非溶剂型低VOCs含量涂料10吨以下的除外）” 建设性质 | √新建（迁建） □改建 □扩建 □
.033秒 | 东经：113度11分45.284秒 、北纬：22度46分26.033秒 国民经济行业类别 | C2921塑料薄膜制造 | 建设项目行业类别 | 二十六、橡胶和塑料制品业29-53塑料制品业292-“其他（年用非溶剂型低VOCs含量涂料10吨以下的除外）” 建设性质 | √新建（迁建） □改建 □扩建 □技术改造 |
秒 、北纬：22度46分26.033秒 国民经济行业类别 | C2921塑料薄膜制造 | 建设项目行业类别 | 二十六、橡胶和塑料制品业29-53塑料制品业292-“其他（年用非溶剂型低VOCs含量涂料10吨以下的除外）” 建设性质 | √新建（迁建） □改建 □扩建 □技术改造 | 建设项目申报情形 | √首次申报项目 □不予批准后
6.033秒 国民经济行业类别 | C2921塑料薄膜制造 | 建设项目行业类别 | 二十六、橡胶和塑料制品业29-53塑料制品业292-“其他（年用非溶剂型低VOCs含量涂料10吨以下的除外）” 建设性质 | √新建（迁建） □改建 □扩建 □技术改造 | 建设项目申报情形 | √首次申报项目 □不予批准后再次申报项目 □超五
22〕397号），本项目不属于禁止类项目。因此，项目符合相关的产业政策要求。 项目主要从事塑料薄膜的加工生产，所属行业为C2921塑料薄膜制造，不在《环境保护综合名录（2021 年版）》内，因此本项目所产产品不属于高污染、高风险产品。 项目主要从事塑料薄膜的加工生产，所属行业为C2921塑料薄膜制造，不属于《广东省“两高”项目管
7号），本项目不属于禁止类项目。因此，项目符合相关的产业政策要求。 项目主要从事塑料薄膜的加工生产，所属行业为C2921塑料薄膜制造，不在《环境保护综合名录（2021 年版）》内，因此本项目所产产品不属于高污染、高风险产品。 项目主要从事塑料薄膜的加工生产，所属行业为C2921塑料薄膜制造，不属于《广东省“两高”项目管理目录（20",塑胶行业,报告“国民经济行业类别/分类”或相邻字段显示 C29/C292/塑料制品业相关。
4,PL004_恒励新材料科技(佛山)有限公司新建项目_01_核查材料.docx,E:\华南理工项目\环评文件汇总\01_GitHub项目与研究文档\eia-openclaw-sync-chen2026\05_QA测试集\人工核查_环评报告出处整理_20260715\环评报告文件_按问答顺序\PL004_恒励新材料科技(佛山)有限公司新建项目_01_核查材料.docx,.docx,ok,"国民经济行业分类》（GB/T 4754-2017）及第1号修改单中的C2929其他塑料制品制造，根据《产业结构调整指导目录（2024年本）》的规定，本项目不属于限制类、淘汰类。综上所述，本项目符合国家、广东省的产业政策要求。 根据广东省发展改革委广东省生态环境厅关于印发《广东省禁止、限制生产、销售和使用的塑料制品目录》（2020年版）
C2929 塑料零件及其他塑料制品制造 | 建设项目 行业类别 | 二十六、橡胶和塑料制品业29、53塑料制品业-292、其他（年用非溶剂型低VOCs含量涂料10吨以下的除外）
C2929塑料零件及其他塑料制品制造，根据表1-1、1-2分析可知，其项目情况符合《佛山市顺德高新技术产业开发区扩区规划环境影响报告书》的规划及审查意见要求，且符合扩充南片区S-5生态环境准入要求。
C2929其他塑料制品制造，根据《产业结构调整指导目录（2024年本）》的规定，本项目不属于限制类、淘汰类。综上所述，本项目符合国家、广东省的产业政策要求。 根据广东省发展改革委广东省生态环境厅关于印发《广东省
C2929塑料零件及其他塑料制品制造，不属于《环境保护综合名录（2021年版）》、《广东省“两高”项目管理目录（2022年版）》的通知（粤发改能源函〔2022〕1363号）中的“高污染、高环境风险”类别，符合相
C2929 塑料零件及其他塑料制品制造，根据《固定污染源排污许可分类管理名录（2019版）》，项目属于登记管理（若建成后当地环境管理部门将其纳入重点排污单位名录，则进行重点管理）。根据《排污单位自行监测技术指南","度47分2.508秒） | （东经113度10分50.451秒，北纬22度47分2.508秒） 国民经济 行业类别 | C2929 塑料零件及其他塑料制品制造 | 建设项目 行业类别 | 二十六、橡胶和塑料制品业29、53塑料制品业-292、其他（年用非溶剂型低VOCs含量涂料10吨以下的除外） 建设性质 | 新建（迁建） 改建
508秒） | （东经113度10分50.451秒，北纬22度47分2.508秒） 国民经济 行业类别 | C2929 塑料零件及其他塑料制品制造 | 建设项目 行业类别 | 二十六、橡胶和塑料制品业29、53塑料制品业-292、其他（年用非溶剂型低VOCs含量涂料10吨以下的除外） 建设性质 | 新建（迁建） 改建 扩建 技术改造 | 建设项
7分2.508秒） 国民经济 行业类别 | C2929 塑料零件及其他塑料制品制造 | 建设项目 行业类别 | 二十六、橡胶和塑料制品业29、53塑料制品业-292、其他（年用非溶剂型低VOCs含量涂料10吨以下的除外） 建设性质 | 新建（迁建） 改建 扩建 技术改造 | 建设项目 申报情形 | 首次申报项目 不予批准后再次申报项目
济 行业类别 | C2929 塑料零件及其他塑料制品制造 | 建设项目 行业类别 | 二十六、橡胶和塑料制品业29、53塑料制品业-292、其他（年用非溶剂型低VOCs含量涂料10吨以下的除外） 建设性质 | 新建（迁建） 改建 扩建 技术改造 | 建设项目 申报情形 | 首次申报项目 不予批准后再次申报项目 超五年重新审核项目
新技术产业开发区扩区规划环境影响报告书准入条件相符性分析 表1-2 扩充南片区S-5生态环境准入要求相符性分析 本项目为C2929塑料零件及其他塑料制品制造，根据表1-1、1-2分析可知，其项目情况符合《佛山市顺德高新技术产业开发区扩区规划环境影响报告书》的规划及审查意见要求，且符合扩充南片区S-5生态环境准入要求。 【表格3】
开发区扩区规划环境影响报告书准入条件相符性分析 表1-2 扩充南片区S-5生态环境准入要求相符性分析 本项目为C2929塑料零件及其他塑料制品制造，根据表1-1、1-2分析可知，其项目情况符合《佛山市顺德高新技术产业开发区扩区规划环境影响报告书》的规划及审查意见要求，且符合扩充南片区S-5生态环境准入要求。 【表格3】 其他符合性分析 | 一、",塑胶行业,报告“国民经济行业类别/分类”或相邻字段显示 C29/C292/塑料制品业相关。
5,PL005_佛山市润特龙清洁用品有限公司新建项目_01_核查材料.docx,E:\华南理工项目\环评文件汇总\01_GitHub项目与研究文档\eia-openclaw-sync-chen2026\05_QA测试集\人工核查_环评报告出处整理_20260715\环评报告文件_按问答顺序\PL005_佛山市润特龙清洁用品有限公司新建项目_01_核查材料.docx,.docx,ok,"C2927日用塑料制品制造 | 建设项目 行业类别 | 二十六、塑胶和塑料制品业 29-53 塑料制品业292-其他（年用非溶剂型低VOCs含量涂料10吨以下的除外）
2927日用塑料制品制造 | 建设项目 行业类别 | 二十六、塑胶和塑料制品业 29-53 塑料制品业292-其他（年用非溶剂型低VOCs含量涂料10吨以下的除外）
2929塑料零件及其他塑料制品制造行业系数表（续表1）”，“配料—混合—挤出/注塑”生产工艺，挥发性有机物（以非甲烷总烃计）的产污系数，按2.7kg/t-产品计算。项目次品和边角料破碎后全部回用于生产，塑料产","纬22°44′5.51″） | （东经113°13′48.58″，北纬22°44′5.51″） 国民经济 行业类别 | C2927日用塑料制品制造 | 建设项目 行业类别 | 二十六、塑胶和塑料制品业 29-53 塑料制品业292-其他（年用非溶剂型低VOCs含量涂料10吨以下的除外） 建设性质 | ☑新建（迁建） □改建 □扩
4′5.51″） | （东经113°13′48.58″，北纬22°44′5.51″） 国民经济 行业类别 | C2927日用塑料制品制造 | 建设项目 行业类别 | 二十六、塑胶和塑料制品业 29-53 塑料制品业292-其他（年用非溶剂型低VOCs含量涂料10吨以下的除外） 建设性质 | ☑新建（迁建） □改建 □扩建 □技术改造
22°44′5.51″） 国民经济 行业类别 | C2927日用塑料制品制造 | 建设项目 行业类别 | 二十六、塑胶和塑料制品业 29-53 塑料制品业292-其他（年用非溶剂型低VOCs含量涂料10吨以下的除外） 建设性质 | ☑新建（迁建） □改建 □扩建 □技术改造 | 建设项目 申报情形 | ☑首次申报项目 □不予批准
国民经济 行业类别 | C2927日用塑料制品制造 | 建设项目 行业类别 | 二十六、塑胶和塑料制品业 29-53 塑料制品业292-其他（年用非溶剂型低VOCs含量涂料10吨以下的除外） 建设性质 | ☑新建（迁建） □改建 □扩建 □技术改造 | 建设项目 申报情形 | ☑首次申报项目 □不予批准后再次申报项目 □超五年
项目符合国家有关法律、法规和政策规定，项目属于允许类。因此，本项目的建设符合国家和地方的相关产业政策。 本项目所属行业为日用塑料制品制造业。不属于《环境保护综合名录（2021年版）》“高污染、高环境风险”、“高环境风险”产品名录内的产品，符合产业政策要求。 根据《佛山市发展和改革局佛山市生态环境局转发关于《广东省禁止、限制生产、销售和
出少量的异味气体，污染因子为非甲烷总烃。 参考《排放源统计调查产排污核算方法和系数手册》-292塑料制品行业系数手册内“2929塑料零件及其他塑料制品制造行业系数表（续表1）”，“配料—混合—挤出/注塑”生产工艺，挥发性有机物（以非甲烷总烃计）的产污系数，按2.7kg/t-产品计算。项目次品和边角料破碎后全部回用于生产，塑料产",塑胶行业,报告“国民经济行业类别/分类”或相邻字段显示 C29/C292/塑料制品业相关。
6,PL006_佛山市顺德区乐鲸科技有限公司年产五金拉手300万个新建项目_01_修改评估意见.docx,E:\华南理工项目\环评文件汇总\01_GitHub项目与研究文档\eia-openclaw-sync-chen2026\05_QA测试集\人工核查_环评报告出处整理_20260715\环评报告文件_按问答顺序\PL006_佛山市顺德区乐鲸科技有限公司年产五金拉手300万个新建项目_01_修改评估意见.docx,.docx,ok,,量1.2t/a。 （2）一般工业固体废物 ①废包装材料 项目生产过程中产生的各种废包装材料属于一般工业固废，主要成分为废塑料、废绳等，产生量为约5t/a，收集后外卖给回收商。 （3）危险废物 废机油：项目生产设备需要定期维修，维修时会产生少量的废机油。对照《国家危险废物名录》（2021年版），废机油属于危险废物，废物类别为,非塑胶或未发现塑胶行业依据,未在行业字段或正文中发现足够塑胶行业依据。
7,PL007_广东云晟新材料有限公司年产水性涂料2400吨新建项目_01_修改评估意见.docx,E:\华南理工项目\环评文件汇总\01_GitHub项目与研究文档\eia-openclaw-sync-chen2026\05_QA测试集\人工核查_环评报告出处整理_20260715\环评报告文件_按问答顺序\PL007_广东云晟新材料有限公司年产水性涂料2400吨新建项目_01_修改评估意见.docx,.docx,ok,,，生活垃圾产生量2.25t/a。 ◇一般工业固体废物 ①废包装材料：项目生产过程中产生的废包装材料属于一般工业固废，如废塑料包装袋，预计产生量为0.5t/a，交由资源回收单位进行回收利用。 ②废滤网：项目过滤工序会产生废滤网，滤网每年更换一次，预计废滤网的产生量为0.1t/a，交由资源回收单位进行回收利用。 ③废测试样板：,非塑胶或未发现塑胶行业依据,未在行业字段或正文中发现足够塑胶行业依据。
8,PL008_佛山市顺德区亚马逊涂料有限公司迁扩建项目_01_修改评估意见.docx,E:\华南理工项目\环评文件汇总\01_GitHub项目与研究文档\eia-openclaw-sync-chen2026\05_QA测试集\人工核查_环评报告出处整理_20260715\环评报告文件_按问答顺序\PL008_佛山市顺德区亚马逊涂料有限公司迁扩建项目_01_修改评估意见.docx,.docx,ok,,"内容 | 1.项目工程组成 佛山市顺德区亚马逊涂料有限公司原址位于佛山市顺德区杏坛镇昌教村委会中心公路6号（不含之一卓志塑料厂）。该厂于2016年3月17日以《佛山市顺德区亚马逊涂料有限公司建设项目》环评报告表报批，经佛山市顺德区环境运输和城市管理局杏坛分局的批复文号为顺环（杏）审〔2016〕18号。于2016年9月28日
丙酮混合物的气味。 溶于水，也溶于醇、醚、苯、氯仿等多数有机溶剂。 异丙醇是重要的化工产品和原料。主要用于制药、化妆品、塑料、香料、涂料等。CAS号67-63-0，沸点82.45 ℃，熔点-88.5 ℃，分子式C3H8O、(CH3)2CHOH，分子量60.06，相对密度(水=1)：0.79，相对蒸气密度(空气=1)：2.0
与项目有关的原有污染情况： 佛山市顺德区亚马逊涂料有限公司原址位于佛山市顺德区杏坛镇昌教村委会中心公路6号（不含之一卓志塑料厂）。该厂于2016年3月17日以《佛山市顺德区亚马逊涂料有限公司建设项目》环评报告表报批，经佛山市顺德区环境运输和城市管理局杏坛分局的批复文号为顺环（杏）审〔2016〕18号，审批规模为高速分散机5",非塑胶或未发现塑胶行业依据,未在行业字段或正文中发现足够塑胶行业依据。
9,PL009_广东威诺高科技股份有限公司搬迁项目_01_修改评估意见.docx,E:\华南理工项目\环评文件汇总\01_GitHub项目与研究文档\eia-openclaw-sync-chen2026\05_QA测试集\人工核查_环评报告出处整理_20260715\环评报告文件_按问答顺序\PL009_广东威诺高科技股份有限公司搬迁项目_01_修改评估意见.docx,.docx,ok,2929塑料零件及其他塑料制品制造行业系数表”的塑料零件的注塑工序的产污系数2.70kg/t－产品计算项目注塑过程产生的非甲烷总烃。由于破碎后的次品、边角料回用于注塑，因此产品重量按年破碎量、色母料和ABS、,"以非甲烷总烃计算注塑产生的有机废气。 根据《排放源统计调查产排污核算方法和系数手册》中“292塑料制品行业系数手册”的“2929塑料零件及其他塑料制品制造行业系数表”的塑料零件的注塑工序的产污系数2.70kg/t－产品计算项目注塑过程产生的非甲烷总烃。由于破碎后的次品、边角料回用于注塑，因此产品重量按年破碎量、色母料和ABS、
总烃计算注塑产生的有机废气。 根据《排放源统计调查产排污核算方法和系数手册》中“292塑料制品行业系数手册”的“2929塑料零件及其他塑料制品制造行业系数表”的塑料零件的注塑工序的产污系数2.70kg/t－产品计算项目注塑过程产生的非甲烷总烃。由于破碎后的次品、边角料回用于注塑，因此产品重量按年破碎量、色母料和ABS、PP塑料粒年用量之和（78
图2 项目所在地50m范围图 附图3 项目所在地500m环境敏感点分布图 附图4-1 项目生产车间平面布置示意图（一层：注塑车间） 附图4-2 项目生产车间平面布置示意图（2层：成品仓、暂存仓） 附图4-3 项目生产车间平面布置示意图（3层：待发展区、固废仓、危废仓） 附图4-4 项目生产车间平面布置示意图（4层：丝印区、
域布局管控要求中的禁止新建、扩建水泥、平板玻璃、化学制浆、生皮制革以及国家规划外的钢铁、原油加工等项目。项目原辅料主要为塑料粒、水性绝缘漆、UV油墨、水性洗版水等，项目生产的涂料均不属于高挥发性有机物原辅料，不属于新建生产和使用高挥发性有机物原辅材料的项目，符合区域布局管控要求。 ②能源资源利用要求 项目所属C3853家用
业机会。 3、主要设备 项目主要设备详见下表： 表2-4 项目主要生产设备明细表 4.关键设备产能和产品规模匹配性分析 注塑机产能匹配性见下表。 表 2-5 注塑机设备产能一览表 上表为满负荷运行时的注塑机的产能。由上表可知，项目关键设备总产能为1070.4t/a，项目申报产能（塑料粒+色母粒+回用料）=780+2+39.
见下表： 表2-4 项目主要生产设备明细表 4.关键设备产能和产品规模匹配性分析 注塑机产能匹配性见下表。 表 2-5 注塑机设备产能一览表 上表为满负荷运行时的注塑机的产能。由上表可知，项目关键设备总产能为1070.4t/a，项目申报产能（塑料粒+色母粒+回用料）=780+2+39.1=821t/a，设备申报产能占设计产",塑胶行业,报告“国民经济行业类别/分类”或相邻字段显示 C29/C292/塑料制品业相关。 文件名含“修改/评估意见”，请确认是否为完整报告版本。
10,PL010_悍高集团股份有限公司功能拉篮车间搬迁扩建项目_01_修改评估意见.docx,E:\华南理工项目\环评文件汇总\01_GitHub项目与研究文档\eia-openclaw-sync-chen2026\05_QA测试集\人工核查_环评报告出处整理_20260715\环评报告文件_按问答顺序\PL010_悍高集团股份有限公司功能拉篮车间搬迁扩建项目_01_修改评估意见.docx,.docx,ok,,"管控 | 1-2.【产业/鼓励引导类】重点发展新材料、智能家居、先进装备制造业、汽车配件等产业以及军民融合产业，提升发展塑料专业市场，培育智能家居创新创业产业链，依托顺德新港发展临港加工和物流产业，发展现代农业。 | 1-2.【产业/鼓励引导类】重点发展新材料、智能家居、先进装备制造业、汽车配件等产业以及军民融合产业，提升
业。 | 1-2.【产业/鼓励引导类】重点发展新材料、智能家居、先进装备制造业、汽车配件等产业以及军民融合产业，提升发展塑料专业市场，培育智能家居创新创业产业链，依托顺德新港发展临港加工和物流产业，发展现代农业。 | 1-2.【产业/鼓励引导类】重点发展新材料、智能家居、先进装备制造业、汽车配件等产业以及军民融合产业，提升
业。 | 1-2.【产业/鼓励引导类】重点发展新材料、智能家居、先进装备制造业、汽车配件等产业以及军民融合产业，提升发展塑料专业市场，培育智能家居创新创业产业链，依托顺德新港发展临港加工和物流产业，发展现代农业。 | 本项目属于金属制品制造业，不属于产业鼓励引导类，也不属于《市场准入负面清单（2022年版）》（发改体改规〔",疑似塑胶行业_待复核,未定位行业字段，但正文多处出现塑料/注塑/吹膜等关键词，建议人工复核。
11,PL011_广东潜龙化工有限公司新建项目_01_修改评估意见.docx,E:\华南理工项目\环评文件汇总\01_GitHub项目与研究文档\eia-openclaw-sync-chen2026\05_QA测试集\人工核查_环评报告出处整理_20260715\环评报告文件_按问答顺序\PL011_广东潜龙化工有限公司新建项目_01_修改评估意见.docx,.docx,ok,,污染物排放情况为以很缓慢的速度放散到相当平静的空气中，一般取0.25~0.5m/s，为确保距离风机最远处罩口风速，本项目注塑工位截面风速取0.6m/s。 项目一共设置集气罩一共4个，总风量约为4233.6m3/h。考虑风量损耗，按风量的120%计算，则设计风量取整后为6000m3/h。 表4-5项目废气排放口基本情况 收集,非塑胶或未发现塑胶行业依据,未在行业字段或正文中发现足够塑胶行业依据。
12,PL012_佛山市瀚铭新材料有限公司新建项目_01_修改评估意见.docx,E:\华南理工项目\环评文件汇总\01_GitHub项目与研究文档\eia-openclaw-sync-chen2026\05_QA测试集\人工核查_环评报告出处整理_20260715\环评报告文件_按问答顺序\PL012_佛山市瀚铭新材料有限公司新建项目_01_修改评估意见.docx,.docx,ok,,活垃圾产生量为1.5t/a，收集后交由环卫部门回收处理。 （2）一般工业固废 ①废包装材料 本项目产生的废包装材料主要为塑料包装袋、纸皮等，本项目使用包装材料量为10t/a，废包装材料占使用量的1%，则产生量为0.1t/a。属于《一般固体废物分类与代码》（GB/T39198-2020）中07废复合包装，代码为261-001,非塑胶或未发现塑胶行业依据,未在行业字段或正文中发现足够塑胶行业依据。
13,PL013_佛山市顺德区百洛电器有限公司迁扩建项目_01_修改评估意见.docx,E:\华南理工项目\环评文件汇总\01_GitHub项目与研究文档\eia-openclaw-sync-chen2026\05_QA测试集\人工核查_环评报告出处整理_20260715\环评报告文件_按问答顺序\PL013_佛山市顺德区百洛电器有限公司迁扩建项目_01_修改评估意见.docx,.docx,ok,,"人，项目的生活垃圾产生量约为12 t/a，经集中收集后交由环卫部门处理。 ②一般原料废包装材料 搬迁前，项目废包装箱、废塑料袋等可回收物质产生量约1.2 t/a，定期交由专业固废处理公司处理。 ③废锡渣 搬迁前，项目废锡渣的产生量约0.5t/a，交由专业固废处理公司处理。 （2）危险废物 ①废机油 搬迁前，项目废机油年产生
集后交由环卫部门处理。 ②一般原料废包装材料 本项目外购的线路板、电子元件等原料使用后会产生废包装物，主要为废包装箱、废塑料袋等可回收物质，类比搬迁前情况，预计年产生量2 t/a。一般原料废包装材料单独收集后定期交由专业固废处理公司处理。 ③废锡渣 项目使用无铅锡条作为波峰焊的焊料，焊接过程会产生锡渣，锡渣不含铅及其化合物",非塑胶或未发现塑胶行业依据,未在行业字段或正文中发现足够塑胶行业依据。
14,PL014_佛山市顺德区蓝顿涂料有限公司迁建项目_01_修改评估意见.docx,E:\华南理工项目\环评文件汇总\01_GitHub项目与研究文档\eia-openclaw-sync-chen2026\05_QA测试集\人工核查_环评报告出处整理_20260715\环评报告文件_按问答顺序\PL014_佛山市顺德区蓝顿涂料有限公司迁建项目_01_修改评估意见.docx,.docx,ok,国民经济行业分类》（GB/T4754-2017）及第1号修改单中的C2641涂料制造，根据《产业结构调整指导目录（2024年本）》的规定，本项目不属于限制类、淘汰类。综上所述，本项目符合国家、广东省的产业政策要求。 根据《环境保护综合名录（2021年版）》，本项目不属于“高污染、高环境风险”产品名录里的产品。 根据《广东省“两高”项目,,非塑胶或未发现塑胶行业依据,未在行业字段或正文中发现足够塑胶行业依据。
15,PL015_佛山市镪优金属制品有限公司迁扩建项目_01_修改评估意见.docx,E:\华南理工项目\环评文件汇总\01_GitHub项目与研究文档\eia-openclaw-sync-chen2026\05_QA测试集\人工核查_环评报告出处整理_20260715\环评报告文件_按问答顺序\PL015_佛山市镪优金属制品有限公司迁扩建项目_01_修改评估意见.docx,.docx,ok,,"，生活垃圾产生量15t/a。 （2）一般工业固体废物 ①废包装材料 项目原料包装出售的一般废包装材料等主要成分为废纸张、塑料等，预计产生量为0.5t/a，收集后外卖给回收商。 ②边角料 项目钻孔工序会产生少量金属边角料，预计产生量为0.2t/a，收集后外卖给回收商。 （3）可回收利用化工原料包装桶 项目使用的除油剂、陶化剂
| 2 | 0 | 6.642 | / | 6.642 | +4.642 【表格12】 东面：空置厂房 | 南面：众马塑料 西面:空置厂房 | 北面：万里马卫浴",非塑胶或未发现塑胶行业依据,未在行业字段或正文中发现足够塑胶行业依据。
16,PL018_广东台塑智能科技有限公司新建项目_01_受理公告或公示版.pdf,E:\华南理工项目\环评文件汇总\01_GitHub项目与研究文档\eia-openclaw-sync-chen2026\05_QA测试集\人工核查_环评报告出处整理_20260715\环评报告文件_按问答顺序\PL018_广东台塑智能科技有限公司新建项目_01_受理公告或公示版.pdf,.pdf,ok,"C2929 塑料零件及其他塑料
C2929 塑料
C2929 塑料零件及其他塑料制品制造；C3831 电线、电缆制造，位于佛山市顺德区
2929 塑料零件及其他塑料
2929 塑料
2929 塑料零件及其他塑料制品制造；C3831 电线、电缆制造，位于佛山市顺德区","龙汇路三号A 栋 地理坐标 （113 度9 分31.564 秒，22 度54 分28.567 秒） 国民经济 行业类别 C2929 塑料零件及其他塑料 制品制造；C3831 电线、电 缆制造 建设项目 行业类别 二十六、橡胶和塑料制品业53 塑料制 品业，其他（年用非溶剂型低VOCs 含量涂料10 吨以下的除外）； 三十五、电气
国民经济 行业类别 C2929 塑料零件及其他塑料 制品制造；C3831 电线、电 缆制造 建设项目 行业类别 二十六、橡胶和塑料制品业53 塑料制 品业，其他（年用非溶剂型低VOCs 含量涂料10 吨以下的除外）； 三十五、电气机械和器材制造业77 电 线、电缆、光缆及电工器材制造，其 他（仅分割、焊接、组装的除外；年 用非溶剂型低
清洗剂、胶黏剂等高挥发性有机物原辅 材料项目，鼓励现有该类项目搬迁退出。 项目位于大气环境敏感重点管 控区内，所属行业为C2929 塑料 零件及其他塑料制品制造； C3831 电线、电缆制造，项目生 产过程中需使用少量高挥发性 有机物原辅材料（油性油墨、稀 释剂），根据第二章分析可知， 使用的高挥发性有机物原辅材 料暂无法替代。
的通知》（佛府办〔2023〕10 号）的相符性分析 项目主要从事轿车塑料配件、小家电塑料组装件、电线的生产，行业类别为 C2929 塑料零件及其他塑料制品制造；C3831 电线、电缆制造，位于佛山市顺德区 北滘镇，运营期需使用油性油墨、稀释剂，对照《佛山市人民政府办公室关于印发 佛山市危险化学品禁止、限制和控制目录的通知》（佛府
府办〔2023〕10 号）的相符性分析 项目主要从事轿车塑料配件、小家电塑料组装件、电线的生产，行业类别为 C2929 塑料零件及其他塑料制品制造；C3831 电线、电缆制造，位于佛山市顺德区 北滘镇，运营期需使用油性油墨、稀释剂，对照《佛山市人民政府办公室关于印发 佛山市危险化学品禁止、限制和控制目录的通知》（佛府办〔2023〕10 号）“附
1 年版， 自2021 年1 月1 日起施行），本项目轿车塑料配件、小家电塑料组装件产品属于“橡胶和塑 料制品业，53 塑料制品业”中的“其他（年用非溶剂型低VOCs 含量涂料10 吨以下的除外）”， 需编制建设项目环境影响报告表；本项目电线产品属于“三十五、电气机械和器材制造业77 电线、电缆、光缆及电工器材制造”中的“其他（",塑胶行业,报告“国民经济行业类别/分类”或相邻字段显示 C29/C292/塑料制品业相关。
17,PL019_佛山市智龙科技有限公司迁扩建项目_01_受理公告或公示版.pdf,E:\华南理工项目\环评文件汇总\01_GitHub项目与研究文档\eia-openclaw-sync-chen2026\05_QA测试集\人工核查_环评报告出处整理_20260715\环评报告文件_按问答顺序\PL019_佛山市智龙科技有限公司迁扩建项目_01_受理公告或公示版.pdf,.pdf,ok,"国民经济行业分类》（GB/T4754-2017）及第1号修改单
C2929 塑料零件及其
C2929塑
C2929塑料零件及其
C2929塑料零件及其他塑料制品制造，根据《产业结构调整指导目录（2024
C2929 塑料零件及","1 之一 地理坐标 （东经113 度8 分38.248 秒，北纬22 度50 分55.525 秒） 国民经济 行业类别 C2929 塑料零件及其 他塑料制品制造 建设项目 行业类别 二十六、橡胶和塑料制品业29- 塑料制品业292-其他（年用非 溶剂型低VOCs 含量涂料10 吨 以下的除外） 建设性质 新建（迁建） 改建
度50 分55.525 秒） 国民经济 行业类别 C2929 塑料零件及其 他塑料制品制造 建设项目 行业类别 二十六、橡胶和塑料制品业29- 塑料制品业292-其他（年用非 溶剂型低VOCs 含量涂料10 吨 以下的除外） 建设性质 新建（迁建） 改建 扩建 技术改造 建设项目 申报情形 首次申报项目 不予批准后再次申报
秒） 国民经济 行业类别 C2929 塑料零件及其 他塑料制品制造 建设项目 行业类别 二十六、橡胶和塑料制品业29- 塑料制品业292-其他（年用非 溶剂型低VOCs 含量涂料10 吨 以下的除外） 建设性质 新建（迁建） 改建 扩建 技术改造 建设项目 申报情形 首次申报项目 不予批准后再次申报项目 超五年重新
2020〕71号） ①与“一核一带一区”区域管控要求的相符性 1）区域布局管控要求 迁扩建项目位于珠三角核心区，主要进行塑料零件及其他塑料制品制造，不 属于区域布局管控要求中的禁止新建、扩建水泥、平板玻璃、化学制浆、生皮制 革以及国家规划外的钢铁、原油加工等项目。项目生产使用的原辅材料为低挥发 性物质，不属于新建生产和使用高挥发性有机物原辅材料
性物质，不属于新建生产和使用高挥发性有机物原辅材料的项目，符合区域布局 管控要求。 2）能源资源利用要求 迁扩建项目所属塑料零件及其他塑料制品制造、机械零部件加工不属于高能 耗行业。项目大部分生产设备使用电能，生活用水由市政供水，不直接取用江河 湖库水量，不会对项目所在地生态流量造成影响，符合能源利用要求。 3）污染物排放管控要求 项目属于迁扩
入智能制造服务、电子 商务、现代商贸流通产业，重点建设环保产 业基地、小家电产业基地和五金产业创业基 地。 迁扩建项目为C2929塑 料零件及其他塑料制品 制造，不属于鼓励引导类 项目。 符合 1-2.【产业/综合类】系统推进村级工业园升 级改造，腾出连片空间，布局产业集聚区和 主题产业园，推动工业项目入园集聚发展。 新增工业制",塑胶行业,报告“国民经济行业类别/分类”或相邻字段显示 C29/C292/塑料制品业相关。
18,PL020_佛山市朗信塑料制品有限公司新建项目_01_受理公告或公示版.pdf,E:\华南理工项目\环评文件汇总\01_GitHub项目与研究文档\eia-openclaw-sync-chen2026\05_QA测试集\人工核查_环评报告出处整理_20260715\环评报告文件_按问答顺序\PL020_佛山市朗信塑料制品有限公司新建项目_01_受理公告或公示版.pdf,.pdf,ok,"C2929 塑料零件及其
C2929 塑料零件及其他塑料制品制造，根据《产业结
C2929塑料零件及其他塑料制品制造，根据
C2929 塑料零件及其他塑料制品制造，根
C2929 塑料零件及其他塑料制品制
C2929 塑料零件","5 号之六2 楼 地理坐标 （113 度10 分11.139 秒，22 度51 分5.414 秒） 国民经济 行业类别 C2929 塑料零件及其 他塑料制品制造 建设项目 行业类别 二十六、橡胶和塑料制品业 29-53 塑料制品业292-其他（年 用非溶剂型低VOCs 含量涂料10 吨以下的除外） 建设性质 新建（迁建） 改
度51 分5.414 秒） 国民经济 行业类别 C2929 塑料零件及其 他塑料制品制造 建设项目 行业类别 二十六、橡胶和塑料制品业 29-53 塑料制品业292-其他（年 用非溶剂型低VOCs 含量涂料10 吨以下的除外） 建设性质 新建（迁建） 改建 扩建 技术改造 建设项目 申报情形 首次申报项目 不予批准后再次
国民经济 行业类别 C2929 塑料零件及其 他塑料制品制造 建设项目 行业类别 二十六、橡胶和塑料制品业 29-53 塑料制品业292-其他（年 用非溶剂型低VOCs 含量涂料10 吨以下的除外） 建设性质 新建（迁建） 改建 扩建 技术改造 建设项目 申报情形 首次申报项目 不予批准后再次申报项目 超五年重新审
规划及规 划环境影 响评价符 合性分析 无 【第7页】 2 其他符合 性分析 1、与产业政策相符性分析 项目主要从事C2929 塑料零件及其他塑料制品制造，根据《产业结 构调整指导目录（2024 年本）》的规定，项目不属于目录所列的鼓励类、 限制类、禁止（淘汰）类项目，也不属于《市场准入负面清单（2022 年 版）》（发改体
划环境影 响评价符 合性分析 无 【第7页】 2 其他符合 性分析 1、与产业政策相符性分析 项目主要从事C2929 塑料零件及其他塑料制品制造，根据《产业结 构调整指导目录（2024 年本）》的规定，项目不属于目录所列的鼓励类、 限制类、禁止（淘汰）类项目，也不属于《市场准入负面清单（2022 年 版）》（发改体改规〔2022〕397 号）
于《市场准入负面清单（2022 年 版）》（发改体改规〔2022〕397 号）中的禁止准入事项。 本项目行业类别及代码为C2929塑料零件及其他塑料制品制造，根据 广东省发展改革委关于印发《广东省“两高”项目管理名录（2022年版）》 的通知（粤发改能源函〔2022〕1363号），本项目不属于“两高”项目。 本项目行业类别及代码",塑胶行业,报告“国民经济行业类别/分类”或相邻字段显示 C29/C292/塑料制品业相关。
19,PL021_佛山市顺德区共诺电子元件厂搬迁项目_01_受理公告或公示版.pdf,E:\华南理工项目\环评文件汇总\01_GitHub项目与研究文档\eia-openclaw-sync-chen2026\05_QA测试集\人工核查_环评报告出处整理_20260715\环评报告文件_按问答顺序\PL021_佛山市顺德区共诺电子元件厂搬迁项目_01_受理公告或公示版.pdf,.pdf,ok,"C2929 塑料零件及其他塑
C2929 塑料零件及其他塑料制品制造，不在《产业结构调整指导
C2929 塑料零件
C2929 塑料零件及其他塑料制品制造，根据《固定污染
2929 塑料零件及其他塑
2929 塑料零件及其他塑料制品制造，不在《产业结构调整指导","楼之二 地理坐标 （北纬22 度50 分39.195 秒，东经113 度13 分49.350 秒） 国民经济 行业类别 C2929 塑料零件及其他塑 料制品制造 建设项目 行业类别 二十六、橡胶和塑料制品业29-53 塑 料制品业292-其他（年用非溶剂型低 VOCs 含量涂料10 吨以下的除外） 建设性质 新建（迁建） □改
度13 分49.350 秒） 国民经济 行业类别 C2929 塑料零件及其他塑 料制品制造 建设项目 行业类别 二十六、橡胶和塑料制品业29-53 塑 料制品业292-其他（年用非溶剂型低 VOCs 含量涂料10 吨以下的除外） 建设性质 新建（迁建） □改建 □扩建 □技术改造 建设项目 申报情形 首次申报项目 □不予批准后再次
皆可依法平等进入，项目不在市场准入负面清单禁止和许可两类项目范围内，可 依法平等进入。 （2）产业政策相符性 本项目属于C2929 塑料零件及其他塑料制品制造，不在《产业结构调整指导 目录（2024 年本）》（中华人民共和国国家发展和改革委员会令第7 号）文件中 的限制类、淘汰类之列；本项目产品不属于《促进产业结构调整暂行规定》
进入，项目不在市场准入负面清单禁止和许可两类项目范围内，可 依法平等进入。 （2）产业政策相符性 本项目属于C2929 塑料零件及其他塑料制品制造，不在《产业结构调整指导 目录（2024 年本）》（中华人民共和国国家发展和改革委员会令第7 号）文件中 的限制类、淘汰类之列；本项目产品不属于《促进产业结构调整暂行规定》中限 制类、淘汰类之列，符合
整指导目录》 和《市场准入负面清单》明确的属于 淘汰类的塑料制品项目，禁止投资； 属于限制类项目，禁止新建。 本项目属于C2929 塑料零件 及其他塑料制品制造，外购的 塑料粒为新料，不属于医疗废 物、回收利用的废塑料输液袋 （瓶），也不属于“洋垃圾”， 产品也不属于文件中禁止生 产项目及限制类项目。 符合 10 《顺德区重点行
级及以上重点项目除 外)，应进入以此类项目为主导产业、有相应废水集中治理设施的工业园区，实现集中 治污。 1、本项目属于塑料零件及其他塑料制品制造业，不属 于产业/鼓励引导类，也不属于《市场准入负面清单 （2022 年版）》（发改体改规〔2022〕397 号）中禁止 或许可事项。 2、项目租用工业园区已建厂房，项目位于顺德红岗科 技城产业集聚区",塑胶行业,报告“国民经济行业类别/分类”或相邻字段显示 C29/C292/塑料制品业相关。
20,PL022_佛山市锐拓新材料有限公司新建项目_01_受理公告或公示版.pdf,E:\华南理工项目\环评文件汇总\01_GitHub项目与研究文档\eia-openclaw-sync-chen2026\05_QA测试集\人工核查_环评报告出处整理_20260715\环评报告文件_按问答顺序\PL022_佛山市锐拓新材料有限公司新建项目_01_受理公告或公示版.pdf,.pdf,ok,"C2929 塑料零件及其他塑
C2929
C2929 塑料零件
C2929塑料零件
2929 塑料零件及其他塑
2929","一 地理坐标 （ 113 度 12 分 13.503 秒， 22 度 45 分 10.602 秒） 国民经济 行业类别 C2929 塑料零件及其他塑 料制品制造 建设项目 行业类别 二十六、橡胶和塑料制品业 29-53- 橡胶和塑料制品业 292-其他 建设性质 新建（迁建） □改建 □扩建 □技术改造 建设项目 申报情形 
45 分 10.602 秒） 国民经济 行业类别 C2929 塑料零件及其他塑 料制品制造 建设项目 行业类别 二十六、橡胶和塑料制品业 29-53- 橡胶和塑料制品业 292-其他 建设性质 新建（迁建） □改建 □扩建 □技术改造 建设项目 申报情形 首次申报项目 不予批准后再次申报项目 超五年重新审核项目 □重大变动重新
民经济 行业类别 C2929 塑料零件及其他塑 料制品制造 建设项目 行业类别 二十六、橡胶和塑料制品业 29-53- 橡胶和塑料制品业 292-其他 建设性质 新建（迁建） □改建 □扩建 □技术改造 建设项目 申报情形 首次申报项目 不予批准后再次申报项目 超五年重新审核项目 □重大变动重新报批项目 项目审批（核准/ 备案
蓄电池、专业电 镀、木质家具涂装、印染项目； 不再新建陶瓷厂（新型特种陶瓷 项目除外）。化工项目按照“入 1、本项目属于C2929 塑料零件及其他塑料 制品制造不属于《市场 准入负面清单（2022 年 版）》（发改体改规 [2022]397 号）中禁止和 许可事项。 2、本项目不涉及重金 属污染物和持久性有 机污染物排放。 3、
、本项生活污水处理 达标后排放至杏坛污 水处理厂处理。 6、本项目不属于“高 污染、高环境风险”行 业。 7、本项目属于C2929 塑料零件及其他塑料 制品制造，不涉及高挥 发性有机物原辅材料 使用 8、本项目50 米范围内 无声环境敏感点，60 米 范围内有居住区，100 米范围内无学校、医院 等敏感用地。 符合 【第5页】
用高污染燃料。 本项目不使用燃料。 符合 其他符合性分析 （1）产业政策相符性 本项目主要从事塑料制品的生产和销售，属于C2929 塑料零件及其他塑 料制品制造。根据生态环境部办公室发布的《环境保护综合名录（2021 年 版）》，项目产品不属于上述目录所列出的“高污染、高环境风险”产品。项 目生产产品、生产工艺和生产设备均不属于",塑胶行业,报告“国民经济行业类别/分类”或相邻字段显示 C29/C292/塑料制品业相关。
21,PL023_佛山市通能达科技有限公司新建项目_01_受理公告或公示版.pdf,E:\华南理工项目\环评文件汇总\01_GitHub项目与研究文档\eia-openclaw-sync-chen2026\05_QA测试集\人工核查_环评报告出处整理_20260715\环评报告文件_按问答顺序\PL023_佛山市通能达科技有限公司新建项目_01_受理公告或公示版.pdf,.pdf,ok,"国民经济行业分类》（GB/T 4754-2017）（2019年修订）
C2929塑料零件及其
C2929 塑料零件及其他塑料制品制造，不在《环境保护综合名录（2021 年版）》
C2929 塑料零件及其他塑料制品制造，不属于《广东省“两高”项目管理目录（2022
C2929 塑料零
C292 塑料制品业”－“ 2929 塑料零件及其","、304 地理坐标 东经：113度11分31.139秒 、北纬：22度46分10.026秒 国民经济行业类 别 2929 塑料零件及其 他塑料制品制造 建设项目行业类 别 二十六、橡胶和塑料制品业29- 53塑料制品业292-“其他（年用 非溶剂型低VOCs含量涂料10吨 以下的除外）” 建设性质 新建（迁建
度46分10.026秒 国民经济行业类 别 2929 塑料零件及其 他塑料制品制造 建设项目行业类 别 二十六、橡胶和塑料制品业29- 53塑料制品业292-“其他（年用 非溶剂型低VOCs含量涂料10吨 以下的除外）” 建设性质 新建（迁建） □改建 □扩建 □技术改造 建设项目申报情 形 首次申报项目
民经济行业类 别 2929 塑料零件及其 他塑料制品制造 建设项目行业类 别 二十六、橡胶和塑料制品业29- 53塑料制品业292-“其他（年用 非溶剂型低VOCs含量涂料10吨 以下的除外）” 建设性质 新建（迁建） □改建 □扩建 □技术改造 建设项目申报情 形 首次申报项目 □不予批准后再次申报项
1.引入产业应符合现行有效的《产业 结构调整指导目录》、《市场准入负 面清单》等相关产业政策的要求。 本项目属于C2929塑料零件及其 他塑料制品制造项目，主要从 事美发棒塑料外壳、运动器具 护膝配件的加工生产，符合 《产业结构调整指导目录》、 《市场准入负面清单》等相关 产业政策的要求。 符 合 2.禁止引入新增排
-2019）表3大 气污染物特别排放限值，颗粒物、二 氧化硫指标特别排放标准（表3）的执 本项目不使用锅炉。本项目属 于2929塑料零件及其他塑料制 品制造项目，使用PP塑料粒、 PE塑料粒、PC塑料粒、ABS塑 料粒、PET塑料粒、色母等进 行加工，执行《合成树脂工业 污染物排放标准》（GB 31572- 2015，含202
2022〕397 号），本项目不属于禁止类项目。 项目主要从事美发棒塑料外壳、运动器具护膝配件的加工生产，所属行业为 C2929 塑料零件及其他塑料制品制造，不在《环境保护综合名录（2021 年版）》 内，因此本项目所产产品不属于高污染、高风险产品。 项目主要从事美发棒塑料外壳、运动器具护膝配件的加工生产，所属行业为 C29",塑胶行业,报告“国民经济行业类别/分类”或相邻字段显示 C29/C292/塑料制品业相关。
22,PL025_佛山市巨人电器有限公司新建项目_01_受理公告或公示版.pdf,E:\华南理工项目\环评文件汇总\01_GitHub项目与研究文档\eia-openclaw-sync-chen2026\05_QA测试集\人工核查_环评报告出处整理_20260715\环评报告文件_按问答顺序\PL025_佛山市巨人电器有限公司新建项目_01_受理公告或公示版.pdf,.pdf,ok,"C2929 塑料零件及其他塑
C2929 塑料零件及
C2929 塑料
C2929 塑料零件及其他塑料制品制造，根据《产业结构调整指
C2929 塑料零件及其他塑料
2929 塑料零件及其他塑","101厂房 地理坐标 北纬22 度50 分48.379 秒，东经113 度12 分41.249 秒 国民经济 行业类别 C2929 塑料零件及其他塑 料制品制造 建设项目 行业类别 二十六、橡胶和塑料制品业29-53. 塑料制品业292-其他（年用非溶 剂型低VOCs 含量涂料10 吨以下 的除外） 建设性质 新建（迁建） 
度12 分41.249 秒 国民经济 行业类别 C2929 塑料零件及其他塑 料制品制造 建设项目 行业类别 二十六、橡胶和塑料制品业29-53. 塑料制品业292-其他（年用非溶 剂型低VOCs 含量涂料10 吨以下 的除外） 建设性质 新建（迁建） 改建 扩建 技术改造 建设项目 申报情形 首次申报项目 不予批准后再
国民经济 行业类别 C2929 塑料零件及其他塑 料制品制造 建设项目 行业类别 二十六、橡胶和塑料制品业29-53. 塑料制品业292-其他（年用非溶 剂型低VOCs 含量涂料10 吨以下 的除外） 建设性质 新建（迁建） 改建 扩建 技术改造 建设项目 申报情形 首次申报项目 不予批准后再次申报项目 超五年重新
低挥发性物质，不属于新建生产和使用高挥发性有机物原辅材料 的项目，符合区域布局管控要求。 2）能源资源利用要求本项目所属塑料零件及其他塑料制品制造不属于高能 耗行业。项目大部分生产设备使用电能，生活用水由市政供水，不直接取用江 河湖库水量，不会对项目所在地生态流量造成影响，符合能源利用要求。 3）污染物排放管控要求项目属于改扩建项目，挥发性有机
放废水的项目。新建、扩建含蚀刻工序的 线路板生产项目和化工项目应在配套污 本项目生活污水排入 大门污水处理厂。项目 为C2929 塑料零件及 其他塑料制品制造，主 要从事家用电器零配 符 合 【第9页】 4 水集中处置的工业园区或生活污水管网 覆盖区域内建设；纯加工型印花项目，含 酸洗、磷化的金属表面处理、金属制品项 目（与
造顺德智造创新服务中 心；重点发展高端商贸、金融、科技服务、 文创旅游等现代服务业，建设顺德新城城 市CBD。 本项目为C2929 塑料 零件及其他塑料制品 制造，不属于鼓励引导 类项目。 符 合 1-2.【产业/综合类】系统推进村级工业园 升级改造，腾出连片空间，布局产业集聚 区和主题产业园，推动工业项目入园集聚 发展。新增工",塑胶行业,报告“国民经济行业类别/分类”或相邻字段显示 C29/C292/塑料制品业相关。
23,PL026_佛山市黑曜电器科技有限公司新建项目_01_报批稿或报告表.pdf,E:\华南理工项目\环评文件汇总\01_GitHub项目与研究文档\eia-openclaw-sync-chen2026\05_QA测试集\人工核查_环评报告出处整理_20260715\环评报告文件_按问答顺序\PL026_佛山市黑曜电器科技有限公司新建项目_01_报批稿或报告表.pdf,.pdf,ok,"C2929塑料零件及其他
C2929塑料零件及其
C2929 塑料零件及其
C2929 塑料零件及其他
2929塑料零件及其他
2929塑料零件及其","栋302 号 地理坐标 （113 度14 分15.299 秒，22 度46 分22.873 秒） 国民经济 行业类别 C2929塑料零件及其他 塑料制品制造 建设项目 行业类别 二十六、橡胶和塑料制品 业-29 中53、塑料制品 业292-其他（年用非溶剂 型低VOCs 含量涂料10 吨 以下的除外） 建设性质 ☑新建（迁建）
件3），该建筑为 工业用地，本项目符合用地性质。 2. 与《环境保护综合名录（2021 年版）》的相符性分析 本项目属于塑料零件及其他塑料制品制造，主要生产家用电器 塑料配件，不属于《环境保护综合名录（2021 年版）》中“高污染、 高环境风险”产品名录。 3. 与广东省发展改革委关于印发《广东省“两高”项目管理目 录（2022 年版）》的通知
】重 点发展芯片、智能家电、高 端装备制造、高端新型电子 信息、新材料、生命健康等 制造业和金融、科技服务、 本项目属于C2929塑料零件及其 他塑料制品制造，不属于鼓励引 导类，也不属于淘汰类。 符 合 【第16页】 11 控 高端商贸等现代服务业，建 设科技研发、创新创业基地、 上市企业总部聚集区、企业 品牌总部基地。 1
量和强度“双 控”，新建高能耗项目单位产 品（产值）能耗达到国际国 内先进水平。 本项目主要生产工艺为注塑工 艺，属于“C2929塑料零件及其他 塑料制品制造” 行业，不属于高 能耗项目。 符 合 2-4.【水资源/综合类】贯彻 落实“节水优先”方针，实行 最严格水资源管理制度，容 桂街道万元国内生产总值用 水量、万元工业增加值
子 信息、新材料、生命健康等 制造业和金融、科技服务、 高端商贸等现代服务业，建 设科技研发、创新创业基地、 本项目属于C2929 塑料零件及其 他塑料制品制造，不属于鼓励引 导类，也不属于淘汰类。 符 合 【第20页】 15 上市企业总部聚集区、企业 品牌总部基地。 1-2.【产业/综合类】系统推 进村级工业园升级改造，腾
量和强度“双 控”，新建高能耗项目单位产 品（产值）能耗达到国际国 内先进水平。 本项目主要生产工艺为注塑工 艺，属于“C2929 塑料零件及其他 塑料制品制造” 行业，不属于高 能耗项目。 符 合 2-4.【水资源/综合类】贯彻 落实“节水优先”方针，实 行最严格水资源管理制度， 容桂街道万元国内生产总值 用水量、万元工业增加",塑胶行业,报告“国民经济行业类别/分类”或相邻字段显示 C29/C292/塑料制品业相关。
24,PL027_佛山市天隆通塑料制品有限公司新建项目_01_受理公告或公示版.pdf,E:\华南理工项目\环评文件汇总\01_GitHub项目与研究文档\eia-openclaw-sync-chen2026\05_QA测试集\人工核查_环评报告出处整理_20260715\环评报告文件_按问答顺序\PL027_佛山市天隆通塑料制品有限公司新建项目_01_受理公告或公示版.pdf,.pdf,ok,"国民经济行业分类》（GB/T4754-2017）及第1号修
C2929 塑料零件及其
C2929 塑料
C2929塑料零件及其他塑料制品制造，根据《产业结构调整指
C2929
C2929 塑料零件及","702、704 地理坐标 （113 度12 分56.008 秒，22 度48 分54.853 秒） 国民经济 行业类别 C2929 塑料零件及其 他塑料制品制造 建设项目 行业类别 二十六、橡胶和塑料制品业 29-53、塑料制品业292-其他 （年用非溶剂型低VOCs 含 量涂料10 吨以下的除外） 建设性质 新建（迁建） 
度48 分54.853 秒） 国民经济 行业类别 C2929 塑料零件及其 他塑料制品制造 建设项目 行业类别 二十六、橡胶和塑料制品业 29-53、塑料制品业292-其他 （年用非溶剂型低VOCs 含 量涂料10 吨以下的除外） 建设性质 新建（迁建） 改建 扩建 技术改造 建设项目 申报情形 首次申报项目 不予批准后再
国民经济 行业类别 C2929 塑料零件及其 他塑料制品制造 建设项目 行业类别 二十六、橡胶和塑料制品业 29-53、塑料制品业292-其他 （年用非溶剂型低VOCs 含 量涂料10 吨以下的除外） 建设性质 新建（迁建） 改建 扩建 技术改造 建设项目 申报情形 首次申报项目 不予批准后再次申报项目 超五年重新
引入 智能制造服务、电子商务、现代商贸 流通产业，重点建设环保产业基地、 小家电产业基地和五金产业创业基 地。 本项目为C2929 塑料 零件及其他塑料制品 制造，不属于产业/鼓 励引导类项目。 符合 【产业/综合类】系统推进村级工业 园升级改造，腾出连片空间，布局产 业集聚区和主题产业园，推动工业项 目入园集聚发展。 项目不属
引入 智能制造服务、电子商务、现代商贸 流通产业，重点建设环保产业基地、 小家电产业基地和五金产业创业基 地。 本项目为C2929 塑料 零件及其他塑料制品 制造，不属于产业/鼓 励引导类项目。 符合 【产业/综合类】系统推进村级工业 园升级改造，腾出连片空间，布局产 业集聚区和主题产业园，推动工业项 目入园集聚发展。新增工业制
风险源。 符合 4、产业政策符合性分析 本项目属于《国民经济行业分类》（GB/T4754-2017）及第1号修 改单中的C2929塑料零件及其他塑料制品制造，根据《产业结构调整指 导目录（2024年本）》的规定，本项目不属于限制类、淘汰类。综上所 述，本项目符合国家、广东省的产业政策要求。 根据《环境保护综合名录（2021 年版",塑胶行业,报告“国民经济行业类别/分类”或相邻字段显示 C29/C292/塑料制品业相关。
25,PL028_佛山市顺德区振峰塑料模具制造有限公司分车间新建项目_01_受理公告或公示版.pdf,E:\华南理工项目\环评文件汇总\01_GitHub项目与研究文档\eia-openclaw-sync-chen2026\05_QA测试集\人工核查_环评报告出处整理_20260715\环评报告文件_按问答顺序\PL028_佛山市顺德区振峰塑料模具制造有限公司分车间新建项目_01_受理公告或公示版.pdf,.pdf,ok,"C2929 塑料零件及其他
C2929 塑料零件及
C2929 塑料零件
C2929
2929 塑料零件及其他
2929 塑料零件及","路6 号之六 地理坐标 （东经113°9'52.7172""E，北纬22°41'24.5102""N） 国民经济 行业类别 C2929 塑料零件及其他 塑料制品制造、C3525 模具制造 建设项目 行业类别 二十六、橡胶和塑料制品业 29—53.塑料制品业292—其 他（年用非溶剂型低VOCs 含量涂料10 吨以下的除外） 建设性质
""N） 国民经济 行业类别 C2929 塑料零件及其他 塑料制品制造、C3525 模具制造 建设项目 行业类别 二十六、橡胶和塑料制品业 29—53.塑料制品业292—其 他（年用非溶剂型低VOCs 含量涂料10 吨以下的除外） 建设性质 新建（迁建） □改建 □扩建 □技术改造 建设项目 申报情形 首次申报项目 □不予批准后再次
2929 塑料零件及其他 塑料制品制造、C3525 模具制造 建设项目 行业类别 二十六、橡胶和塑料制品业 29—53.塑料制品业292—其 他（年用非溶剂型低VOCs 含量涂料10 吨以下的除外） 建设性质 新建（迁建） □改建 □扩建 □技术改造 建设项目 申报情形 首次申报项目 □不予批准后再次申报项目 超五年重新审
不再新建涉及涂装 工艺的木质家具制造项目。优先发展区范 围根据家具产业发展规划及其规划环评文 件确定 1-1.本项目属 C2929 塑料零件及 其他塑料制品制 造、C3525 模具制 造，属于产业/鼓 励引导类，不属于 《市场准入负面 清单（2022 年版）》 （发改体改 〔2022〕397 号） 中禁止和许可事 项。 1-2.
企业配套的除外）， 应进入以此类项目为主导产业、有相 应废水集中治理设施的工业园区，实 现集中治污。 1-1.本项目属 C2929 塑料零件 及其他塑料制 品制造、C3525 模具制造，属于 产业/鼓励引导 类，不属于《市 场准入负面清 单（2022 年版）》 （发改体改 〔2022〕397 号） 中禁止和许可 事项。 1-2.
.不涉及。 1-5.项目废气 经收集处理后 排放；且不属于 “高污染、高环 境风险”行业。 1-6. 本项目所 属行业为C2929 塑料零件及其 他塑料制品制 造、C3525 模具 制造；不属于含 酸洗、喷涂、化 学抛光、电解等 涉及废水排放 工艺的不锈钢 型材加工项目， 未要求统一进 入工业园区。 1-7. 项目不涉 符合",塑胶行业,报告“国民经济行业类别/分类”或相邻字段显示 C29/C292/塑料制品业相关。
26,PL029_佛山市茂安耀科技有限公司新建项目_01_受理公告或公示版.pdf,E:\华南理工项目\环评文件汇总\01_GitHub项目与研究文档\eia-openclaw-sync-chen2026\05_QA测试集\人工核查_环评报告出处整理_20260715\环评报告文件_按问答顺序\PL029_佛山市茂安耀科技有限公司新建项目_01_受理公告或公示版.pdf,.pdf,ok,"C2929 塑料零件及其他
C2927日用塑料制品制
C2929 塑料零件及
C2927 日用塑
C2929 塑料零
2929 塑料零件及其他","路6 号之五 地理坐标 （东经113°9'51.7890""E，北纬22°41'23.6046""N） 国民经济 行业类别 C2929 塑料零件及其他 塑料制品制造 C2927日用塑料制品制 造 建设项目 行业类别 二十六、橡胶和塑料制品业 29—53.塑料制品业292—其 他（年用非溶剂型低VOCs 含量涂料10 吨以下的除外）
51.7890""E，北纬22°41'23.6046""N） 国民经济 行业类别 C2929 塑料零件及其他 塑料制品制造 C2927日用塑料制品制 造 建设项目 行业类别 二十六、橡胶和塑料制品业 29—53.塑料制品业292—其 他（年用非溶剂型低VOCs 含量涂料10 吨以下的除外） 建设性质 新建（迁建） □改建 □扩建
国民经济 行业类别 C2929 塑料零件及其他 塑料制品制造 C2927日用塑料制品制 造 建设项目 行业类别 二十六、橡胶和塑料制品业 29—53.塑料制品业292—其 他（年用非溶剂型低VOCs 含量涂料10 吨以下的除外） 建设性质 新建（迁建） □改建 □扩建 □技术改造 建设项目 申报情形 首次申报项目 □不予批准后再次
塑料零件及其他 塑料制品制造 C2927日用塑料制品制 造 建设项目 行业类别 二十六、橡胶和塑料制品业 29—53.塑料制品业292—其 他（年用非溶剂型低VOCs 含量涂料10 吨以下的除外） 建设性质 新建（迁建） □改建 □扩建 □技术改造 建设项目 申报情形 首次申报项目 □不予批准后再次申报项目 超五年重新审
不再新建涉及涂装 工艺的木质家具制造项目。优先发展区范 围根据家具产业发展规划及其规划环评文 件确定 1-1.本项目属 C2929 塑料零件及 其他塑料制品制 造、C2927 日用塑 料制品制造，属于 产业/鼓励引导 类，不属于《市场 准入负面清单 （2022 年版）》 （发 改体改〔2022〕397 号）中禁止和许可 事项。
先发展区范 围根据家具产业发展规划及其规划环评文 件确定 1-1.本项目属 C2929 塑料零件及 其他塑料制品制 造、C2927 日用塑 料制品制造，属于 产业/鼓励引导 类，不属于《市场 准入负面清单 （2022 年版）》 （发 改体改〔2022〕397 号）中禁止和许可 事项。 1-2.不涉及。 1-3.不涉及。 1-4.",塑胶行业,报告“国民经济行业类别/分类”或相邻字段显示 C29/C292/塑料制品业相关。
27,PL030_佛山市瑞易德塑料五金制品有限公司搬迁项目_01_受理公告或公示版.pdf,E:\华南理工项目\环评文件汇总\01_GitHub项目与研究文档\eia-openclaw-sync-chen2026\05_QA测试集\人工核查_环评报告出处整理_20260715\环评报告文件_按问答顺序\PL030_佛山市瑞易德塑料五金制品有限公司搬迁项目_01_受理公告或公示版.pdf,.pdf,ok,"C2929 塑料零件及其他塑
2929 塑料零件及其他塑
2929塑料零件及其他塑料制
2929 塑料零件及其他塑料制品制造行业系数表中注塑工序的挥发性有机物（以非甲烷总","理坐标 （ 22 度 50 分 32.420 秒， 113 度 8 分 41.570 秒） 国民经济 行业类别 C2929 塑料零件及其他塑 料制品制造、C3525 模具 制造 建设项目 行业类别 二十六、橡胶和塑料制品业29，53 塑 料制品业292，其他（年用非溶剂型 低VOCs 含量涂料10 吨以下的除外）
经济 行业类别 C2929 塑料零件及其他塑 料制品制造、C3525 模具 制造 建设项目 行业类别 二十六、橡胶和塑料制品业29，53 塑 料制品业292，其他（年用非溶剂型 低VOCs 含量涂料10 吨以下的除外） 建设性质  新建（迁建）  改建  扩建  技术改造 建设项目 申报情形  首次
引入智能制造服务、电子商务、现 代商贸流通产业，重点建设环保产业基地、小 家电产业基地和五金产业创业基地。 本项目属于塑料制品业 和模具制造业，不属于 产业鼓励引导类，也不 属于《市场准入负面清 单（2022 年版）》（发改 体改规〔2022〕397 号） 中禁止或许可事项。 符合 1.2 【产业/综合类】系统推进村级工
表面 涂装、印刷、制鞋、家具制 造、人造板制造、电子元件制 造、纺织印染、塑料制造及塑 料制品等12 个行业。 项目为塑料制品业和模具制 造业，属于重点行业，非甲 烷总烃纳入VOCs 管理，执 行总量替代制度，VOCs 总 量控制指标为0.474t/a，从 佛山市顺德区勒流街道总量 中列支。 符合 2 关于印发《重点行业
1kg/a。集气罩收集效率按90%，UV光 根据《排放源统计调查产排污核算方 法和系数手册》中的塑料制品行业系 数手册，2929塑料零件及其他塑料制 品制造行业系数表中注塑工序的挥发 性有机物（以非甲烷总烃计）产污系数 为2.70 kg/t产品，项目塑料配件产量为 【第19页】 14 解处理效率按70%，则项目非甲烷总烃有
特征污染因子，主要污 染因子为非甲烷总烃。 参考《排放源统计调查产排污核算方法和系数手册》中的塑料制品行业系数手册， 2929 塑料零件及其他塑料制品制造行业系数表中注塑工序的挥发性有机物（以非甲烷总 烃计）产污系数为2.70 kg/t 产品。根据表2-6 搬迁后关键设备产能一览表，搬迁后项目塑 料配件产品每小时最大产量为5",塑胶行业,报告“国民经济行业类别/分类”或相邻字段显示 C29/C292/塑料制品业相关。
28,PL031_佛山市浩创时代包装制品有限公司新建项目_01_受理公告或公示版.pdf,E:\华南理工项目\环评文件汇总\01_GitHub项目与研究文档\eia-openclaw-sync-chen2026\05_QA测试集\人工核查_环评报告出处整理_20260715\环评报告文件_按问答顺序\PL031_佛山市浩创时代包装制品有限公司新建项目_01_受理公告或公示版.pdf,.pdf,ok,"国民经济行业分类》（GB/T4754-2017）及第1号修改单
C2927日用塑料制品制造；
C2927日用塑料制品制造和C2231纸和纸板容器制造，根据《产业结构
C2927 日
C2927日用塑
C2927日用塑料制品","号之一 地理坐标 东经：113 度10 分56.279 秒，北纬：22 度52 分32.077 秒 国民经济 行业类别 C2927日用塑料制品制造； C2231纸和纸板容器制造 建设项目 行业类别 二十六、橡胶和塑料制品业 29-53 塑料制品业292-其他 （年用非溶剂型低VOCs 含 量涂料10 吨以下的除外）； 十九、造纸
理坐标 东经：113 度10 分56.279 秒，北纬：22 度52 分32.077 秒 国民经济 行业类别 C2927日用塑料制品制造； C2231纸和纸板容器制造 建设项目 行业类别 二十六、橡胶和塑料制品业 29-53 塑料制品业292-其他 （年用非溶剂型低VOCs 含 量涂料10 吨以下的除外）； 十九、造纸和纸制品业22-
.077 秒 国民经济 行业类别 C2927日用塑料制品制造； C2231纸和纸板容器制造 建设项目 行业类别 二十六、橡胶和塑料制品业 29-53 塑料制品业292-其他 （年用非溶剂型低VOCs 含 量涂料10 吨以下的除外）； 十九、造纸和纸制品业22-38 纸制品制造223*-有涂布、浸 渍、印刷、粘胶工艺的 建设性质 新建
别 C2927日用塑料制品制造； C2231纸和纸板容器制造 建设项目 行业类别 二十六、橡胶和塑料制品业 29-53 塑料制品业292-其他 （年用非溶剂型低VOCs 含 量涂料10 吨以下的除外）； 十九、造纸和纸制品业22-38 纸制品制造223*-有涂布、浸 渍、印刷、粘胶工艺的 建设性质 新建（迁建） 改建 扩建
他符合性分析 1、与产业政策符合性分析 本项目属于《国民经济行业分类》（GB/T4754-2017）及第1号修改单 中的C2927日用塑料制品制造和C2231纸和纸板容器制造，根据《产业结构 调整指导目录（2024年本）》的规定，本项目不属于限制类、淘汰类。综 上所述，本项目符合国家、广东省的产业政策要求。 根据《环境保护综合名
析 1、与产业政策符合性分析 本项目属于《国民经济行业分类》（GB/T4754-2017）及第1号修改单 中的C2927日用塑料制品制造和C2231纸和纸板容器制造，根据《产业结构 调整指导目录（2024年本）》的规定，本项目不属于限制类、淘汰类。综 上所述，本项目符合国家、广东省的产业政策要求。 根据《环境保护综合名录（2021 年",塑胶行业,报告“国民经济行业类别/分类”或相邻字段显示 C29/C292/塑料制品业相关。
29,PL032_德旺众新材料科技(佛山)有限公司新建建设项目_01_受理公告或公示版.pdf,E:\华南理工项目\环评文件汇总\01_GitHub项目与研究文档\eia-openclaw-sync-chen2026\05_QA测试集\人工核查_环评报告出处整理_20260715\环评报告文件_按问答顺序\PL032_德旺众新材料科技(佛山)有限公司新建建设项目_01_受理公告或公示版.pdf,.pdf,ok,"C2922 塑料板、管、
C2922 塑料板、管、型材制造，根据《产
C2922 塑料板、
C2922 塑料板、管、型材制造，根据《市
C2922 塑
C2922塑料板、管、","栋四层之一 地理坐标 东经113 度8 分44.135 秒，北纬22 度41 分23.964 秒 国民经济 行业类别 C2922 塑料板、管、 型材制造 建设项目 行业类别 二十六、橡胶和塑料制品业29-53 塑料 制品业292-其他（年用非溶剂型低 VOCs 含量涂料10 吨以下的除外） 建设性质 新建（迁建） 改建 
纬22 度41 分23.964 秒 国民经济 行业类别 C2922 塑料板、管、 型材制造 建设项目 行业类别 二十六、橡胶和塑料制品业29-53 塑料 制品业292-其他（年用非溶剂型低 VOCs 含量涂料10 吨以下的除外） 建设性质 新建（迁建） 改建 扩建 技术改造 建设项目 申报情形 首次申报项目 不予批准后再次
境影响评价符 合性分析 无 【第8页】 — 2 — 其他符合性分 析 1、与产业政策相符性分析 本项目行业类别及代码为C2922 塑料板、管、型材制造，根据《产 业结构调整指导目录（2024 年本）》，项目不属于目录所列的鼓励类、 限制类、禁止（淘汰）类项目，也不属于《市场准入负面清单（2022 年 版）》（发改体改规〔202
合性分析 无 【第8页】 — 2 — 其他符合性分 析 1、与产业政策相符性分析 本项目行业类别及代码为C2922 塑料板、管、型材制造，根据《产 业结构调整指导目录（2024 年本）》，项目不属于目录所列的鼓励类、 限制类、禁止（淘汰）类项目，也不属于《市场准入负面清单（2022 年 版）》（发改体改规〔2022〕397 号）中的禁
改造，提高 工业用水效率。加强江河湖库水 量调度，保障生态流量。盘活存 量建设用地，控制新增建设用地 规模。 本项目属于C2922 塑料板、 管、型材制造，不属于高能耗 行业，本项目生产设备使用电 能，生产用水由市政供水，不 直接取用江河湖库水量，不会 对项目所在地生态流量造成 影响。本项目租用已建成的工 业厂房进行建设，不涉及
单位收集处置。经以上处理后，项目 对区域内环境影响较小，质量可保持现有水平。 符合 环境准入 负面清单 本项目行业类别为C2922 塑料板、管、型材制造，根据《市 场准入负面清单》（2022 年版）的规定，项目不属于负面清 单；根据《环境保护综合名录》（2021 年版），本项目不属 于“高污染、高环境风险”项目。 符合 3、《佛",塑胶行业,报告“国民经济行业类别/分类”或相邻字段显示 C29/C292/塑料制品业相关。
30,PL033_广东施格纳电气有限公司新建项目_01_受理公告或公示版.pdf,E:\华南理工项目\环评文件汇总\01_GitHub项目与研究文档\eia-openclaw-sync-chen2026\05_QA测试集\人工核查_环评报告出处整理_20260715\环评报告文件_按问答顺序\PL033_广东施格纳电气有限公司新建项目_01_受理公告或公示版.pdf,.pdf,ok,"C2929 塑料零件及
C2929 塑料零件及其他塑料制品制造。根据《产业结构调整指
C2929 塑料零件及其他塑料制品制造，根据《市场
C2929 塑料零件及其他塑料
C2929 塑料零件及其他塑料制品制造，不属于《突发环境事件应急预案备行业名录（指导性
2929 塑料零件及","22 度51 分4.93 秒，东经113 度10 分17.20 秒 国民经济 行业类别 C3990 其他电子设备制 造、C2929 塑料零件及 其他塑料制品制造 建设项目 行业类别 三十六、计算机、通信和其他 电子设备制造业39-82-其他 电子设备制造399-“全部（仅 分割、焊接、组装的除外）”、 二十六、橡胶和塑料制品业
算机、通信和其他 电子设备制造业39-82-其他 电子设备制造399-“全部（仅 分割、焊接、组装的除外）”、 二十六、橡胶和塑料制品业 29-53 塑料制品业292-其他 （年用非溶剂型低VOCs 含 量涂料10t 以下的除外） 建设性质 ☑新建（迁建） □改建 □扩建 □技术改造 建设项目 申报情形 ☑首次申报项目 □不予批准后再
业39-82-其他 电子设备制造399-“全部（仅 分割、焊接、组装的除外）”、 二十六、橡胶和塑料制品业 29-53 塑料制品业292-其他 （年用非溶剂型低VOCs 含 量涂料10t 以下的除外） 建设性质 ☑新建（迁建） □改建 □扩建 □技术改造 建设项目 申报情形 ☑首次申报项目 □不予批准后再次申报项目 □超五年重新
合所在地块的土地利用性质。 2、产业政策相符性 广东施格纳电气有限公司新建项目所属行业为C3990 其他电子设 备制造、C2929 塑料零件及其他塑料制品制造。根据《产业结构调整指 导目录（2024 年本）》、《市场准入负面清单（2022）》《珠江三角洲 地区产业结构调整优化和产业导向目录》（2011 年本），项目不属于上 述目
土地利用性质。 2、产业政策相符性 广东施格纳电气有限公司新建项目所属行业为C3990 其他电子设 备制造、C2929 塑料零件及其他塑料制品制造。根据《产业结构调整指 导目录（2024 年本）》、《市场准入负面清单（2022）》《珠江三角洲 地区产业结构调整优化和产业导向目录》（2011 年本），项目不属于上 述目录所列的限制类和禁止（淘汰）
本项目 声环境质量能满足相应的标准要求。 符合 环保准入负 面清单 项目行业类别及代码为C3990 其他电子设备制造、 C2929 塑料零件及其他塑料制品制造，根据《市场 准入负面清单（2022 年版）》的规定，本项目不属 于清单中规定的禁止类和需要许可类项目。 符合 3.2 项目与《佛山市生态环境局关于印发<佛山市“三线一单”",塑胶行业,报告“国民经济行业类别/分类”或相邻字段显示 C29/C292/塑料制品业相关。
31,PL034_佛山市沃丰德电器有限公司扩建项目_01_受理公告或公示版.pdf,E:\华南理工项目\环评文件汇总\01_GitHub项目与研究文档\eia-openclaw-sync-chen2026\05_QA测试集\人工核查_环评报告出处整理_20260715\环评报告文件_按问答顺序\PL034_佛山市沃丰德电器有限公司扩建项目_01_受理公告或公示版.pdf,.pdf,ok,"C2929塑料零件及其他
C2929
2929塑料零件及其他
2929","113 度11 分41.319 秒，22 度48 分32.142 秒） 国民经济 行业类别 C3311 金属结构制造、 C2929塑料零件及其他 塑料制品制造 建设项目 行业类别 二十六、橡胶和塑料制品 业-29 中53、塑料制品 业292-其他（年用非溶剂 型低VOCs 含量涂料10 吨 以下的除外） 建设性质 □新建（迁建）
地块为工业 用地，可用于工业生产。 2. 与《环境保护综合名录（2021 年版）》的相符性分析 本项目属于金属结构制造、塑料零件及其他塑料制品制造，主 要生产空调制冷零件，不属于《环境保护综合名录（2021 年版）》 中“高污染、高环境风险”产品名录。 3. 与广东省发展改革委关于印发《广东省“两高”项目管理目 录（2022 年版）》的通知（粤
商务、现代商贸流通产业， 重点建设环保产业基地、小家电产业基地和五金产业创业基地。 本项目属于C3311 金属结构制造、C2929 塑料零件及其他塑料制品制造，产品用于 空调，属于智能家电产业。 符合 1-2.【产业/综合类】系统推进村级工业园升级改造，腾出连片空间，布局产业 集聚区和主题产业园，推动工业项目入园集聚发展。 本项
贸流通产业， 重点建设环保产业基地、小家电产业基地和五金产业创业基地。 本项目属于C3311 金属结构制造、C2929 塑料零件及其他塑料制品制造，产品用于 空调，属于智能家电产业。 符合 1-2.【产业/综合类】系统推进村级工业园升级改造，腾出连片空间，布局产业 集聚区和主题产业园，推动工业项目入园集聚发展。 本项目位于佛山市顺德区勒流街道冲
子商务、现代商贸流通产业， 重点建设环保产业基地、小家电产业基地和五金产业创业基地 本项目属于C3311 金属结构制造、C2929 塑料零件及其他塑料制品制造，产品用于 空调，属于智能家电产业。 符合 1-2.【产业/综合类】系统推进村级工业园升级改造，腾出连片空间，布局产业 集聚区和主题产业园，推动工业项目入园集聚发展。新增工
商贸流通产业， 重点建设环保产业基地、小家电产业基地和五金产业创业基地 本项目属于C3311 金属结构制造、C2929 塑料零件及其他塑料制品制造，产品用于 空调，属于智能家电产业。 符合 1-2.【产业/综合类】系统推进村级工业园升级改造，腾出连片空间，布局产业 集聚区和主题产业园，推动工业项目入园集聚发展。新增工业制造业用地原则 上安排在产",塑胶行业,报告“国民经济行业类别/分类”或相邻字段显示 C29/C292/塑料制品业相关。
32,PL035_佛山市顺德区钧锐塑料厂迁建项目_01_受理公告或公示版.pdf,E:\华南理工项目\环评文件汇总\01_GitHub项目与研究文档\eia-openclaw-sync-chen2026\05_QA测试集\人工核查_环评报告出处整理_20260715\环评报告文件_按问答顺序\PL035_佛山市顺德区钧锐塑料厂迁建项目_01_受理公告或公示版.pdf,.pdf,ok,"C2929 塑料零件及其他
C2929塑料零件及其他塑料制品制造，不属于目录所列的鼓励类、
C2929 塑料零件及其他塑
C2929 塑料零
C2929 塑料零件及
C2929 塑料零件","32 号之二 地理坐标 东经113 度12 分7.361 秒，北纬22 度48 分37.173 秒 国民经济 行业类别 C2929 塑料零件及其他 塑料制品制造 建设项目 行业类别 二十六、橡胶和塑料制品业- 53 塑料制品业292； 建设性质 ☑新建（迁建） ☐改建 ☐扩建 ☐技术改造 建设项目 申报情形 ☑首次申报项目 ☐不
度48 分37.173 秒 国民经济 行业类别 C2929 塑料零件及其他 塑料制品制造 建设项目 行业类别 二十六、橡胶和塑料制品业- 53 塑料制品业292； 建设性质 ☑新建（迁建） ☐改建 ☐扩建 ☐技术改造 建设项目 申报情形 ☑首次申报项目 ☐不予批准后再次申报项目 ☐超五年重新审核项目 ☐重大变动重新报批项目 项目审批
秒 国民经济 行业类别 C2929 塑料零件及其他 塑料制品制造 建设项目 行业类别 二十六、橡胶和塑料制品业- 53 塑料制品业292； 建设性质 ☑新建（迁建） ☐改建 ☐扩建 ☐技术改造 建设项目 申报情形 ☑首次申报项目 ☐不予批准后再次申报项目 ☐超五年重新审核项目 ☐重大变动重新报批项目 项目审批（核准/ 备案）部门
政策相符性分析 根据《产业结构调整指导目录（2024年本）》(中华人民共和国国家发展和改革委员 会令第7号)，本项目属于C2929塑料零件及其他塑料制品制造，不属于目录所列的鼓励类、 限制类和禁止(淘汰)类项目，根据《广东省禁止、限制生产、销售和使用的塑料制品目 录》（2020年版）和《佛山市关于进一步加强塑料污染治理的实施方案
分析 根据《产业结构调整指导目录（2024年本）》(中华人民共和国国家发展和改革委员 会令第7号)，本项目属于C2929塑料零件及其他塑料制品制造，不属于目录所列的鼓励类、 限制类和禁止(淘汰)类项目，根据《广东省禁止、限制生产、销售和使用的塑料制品目 录》（2020年版）和《佛山市关于进一步加强塑料污染治理的实施方案》，本项目主要 生产改性P
根据资源环境承载能力，引导产业科学布局，合 理控制开发强度，维护生态环境功能稳定 项目所在地属于重点管控单元，项 目属于塑料制品业，生产过程无使 用溶剂型油墨、涂料、清洗剂、胶 黏剂等高挥发性有机物原辅材料。 相符 【第14页】 - 5 - 综上，本项目符合《广东省人民政府关于印发广东省“三线一单”生态环境分区管 控方案的通知",塑胶行业,报告“国民经济行业类别/分类”或相邻字段显示 C29/C292/塑料制品业相关。
33,PL036_广东梅州磁性材料有限公司顺德分公司迁扩建项目_01_受理公告或公示版.pdf,E:\华南理工项目\环评文件汇总\01_GitHub项目与研究文档\eia-openclaw-sync-chen2026\05_QA测试集\人工核查_环评报告出处整理_20260715\环评报告文件_按问答顺序\PL036_广东梅州磁性材料有限公司顺德分公司迁扩建项目_01_受理公告或公示版.pdf,.pdf,ok,"国民经济行业类别C2929 塑料零件及其他塑料制品制造，产品为塑料
国民经济行业类别C2929 塑料零件及其他塑料制品制造，产品为塑料塑料封条属于塑
国民经济行业类别C2929 塑料零件及其他塑
C2929 塑料零件及其他
C2929 塑料零件及其他塑料制品制造，根据《产业结
C2929 塑料零件及其他塑料制品制造，产品为塑料","302 室 地理坐标 东经113 度6 分34.877 秒，北纬22 度45 分13.748 秒 国民经济 行业类别 C2929 塑料零件及其他 塑料制品制造 建设项目 行业类别 二十六、橡胶和塑料制品业 29—53 塑料制品业292—其他 （年用非溶剂型低VOCs 含量涂 料10 吨以下的除外） 建设性质 ☑新建（迁建） □
度45 分13.748 秒 国民经济 行业类别 C2929 塑料零件及其他 塑料制品制造 建设项目 行业类别 二十六、橡胶和塑料制品业 29—53 塑料制品业292—其他 （年用非溶剂型低VOCs 含量涂 料10 吨以下的除外） 建设性质 ☑新建（迁建） □改建 ☑扩建 □技术改造 建设项目 申报情形 ☑首次申报项目 □不予批准后再
国民经济 行业类别 C2929 塑料零件及其他 塑料制品制造 建设项目 行业类别 二十六、橡胶和塑料制品业 29—53 塑料制品业292—其他 （年用非溶剂型低VOCs 含量涂 料10 吨以下的除外） 建设性质 ☑新建（迁建） □改建 ☑扩建 □技术改造 建设项目 申报情形 ☑首次申报项目 □不予批准后再次申报项目 □超五年重新
项风险控制措 施，加强监督检 查，做到及时发 现，立即处理， 避免污染。 符合 4、与产业政策符合性分析 项目所属行业为C2929 塑料零件及其他塑料制品制造，根据《产业结 构调整指导目录（2024 年本）》的规定，项目不属于上述目录所列的鼓励 类、限制类和禁止（淘汰）类项目，项目属于允许类。根据《市场准入负面 清单（2022
施，加强监督检 查，做到及时发 现，立即处理， 避免污染。 符合 4、与产业政策符合性分析 项目所属行业为C2929 塑料零件及其他塑料制品制造，根据《产业结 构调整指导目录（2024 年本）》的规定，项目不属于上述目录所列的鼓励 类、限制类和禁止（淘汰）类项目，项目属于允许类。根据《市场准入负面 清单（2022 年版）》的规定，本项目不属于
造、表 面涂装、印刷、制鞋、家具制造、人造板 制造、电子元件制造、纺织印、塑料制造 及塑料制品等12 个行业。 项目属于塑料制品业， 属于重点管理行业。建 议项目VOCs 分配总量 为1.358t/a，在镇总量中 分配。 符合 2.《广东省涉挥发性有机物（VOCs）重点行业治理指引》的通知（粤环办〔2021〕 43 号）中“六、",塑胶行业,报告“国民经济行业类别/分类”或相邻字段显示 C29/C292/塑料制品业相关。
34,PL037_佛山麦琪科技有限公司建设项目_01_受理公告或公示版.pdf,E:\华南理工项目\环评文件汇总\01_GitHub项目与研究文档\eia-openclaw-sync-chen2026\05_QA测试集\人工核查_环评报告出处整理_20260715\环评报告文件_按问答顺序\PL037_佛山麦琪科技有限公司建设项目_01_受理公告或公示版.pdf,.pdf,ok,"C2929 塑料零件及其
C2929 塑料零件及其他塑料制品制造，根据《固定污染源排污许可
2929 塑料零件及其
2929塑料零件及其他塑料制品制造行业系
2929 塑料零件及其他塑料制品制造，根据《固定污染源排污许可","能制造园6 号楼703 地理坐标 东经113°21′14.184″，北纬22°48′29.758″ 国民经济 行业类别 C2929 塑料零件及其 他塑料制品制造 建设项目 行业类别 二十六、橡胶和塑料制品业29-53 塑料制品业292——“其他（年用非 溶剂型低VOCS含量涂料10吨以下 的除外）”）” 建设性质 ☑新建（迁建）
纬22°48′29.758″ 国民经济 行业类别 C2929 塑料零件及其 他塑料制品制造 建设项目 行业类别 二十六、橡胶和塑料制品业29-53 塑料制品业292——“其他（年用非 溶剂型低VOCS含量涂料10吨以下 的除外）”）” 建设性质 ☑新建（迁建） □改建 □扩建 □技术改造 建设项目 申报情形 ☑首次申报项目 □不予批准
国民经济 行业类别 C2929 塑料零件及其 他塑料制品制造 建设项目 行业类别 二十六、橡胶和塑料制品业29-53 塑料制品业292——“其他（年用非 溶剂型低VOCS含量涂料10吨以下 的除外）”）” 建设性质 ☑新建（迁建） □改建 □扩建 □技术改造 建设项目 申报情形 ☑首次申报项目 □不予批准后再次申报项目 □超五
德智造创新服务中心；重点发展高 端商贸、金融、科技服务、文创旅 游等现代服务业，建设顺德新城城 市CBD。 本项目属于塑料制品业，虽不 属于产业鼓励引导类，但也不 属于产业限制类。 符合 1-2.【产业/综合类】系统推进村级 工业园升级改造，腾出连片空间， 布局产业集聚区和主题产业园，推 动工业项目入园集聚发展。 项目租用已有
建设项目以及使 用溶剂型油墨、涂料、清洗剂、胶 黏剂等高挥发性有机物原辅材料 项目，鼓励现有该类项目搬迁退 出。 项目为塑料制品业，生产过程 中不使用溶剂型油墨、涂料、 清洗剂、胶黏剂等高挥发性有 机物原辅材料，故不属于大气 限制类，也不产生有毒有害污 染物。 符合 1-4.【大气/鼓励引导类】大气环境 高排放重点管控区内，应强
生活污 水和循环冷却水，生活污水最 终纳入城市污水处理厂处理， 且纳污水体水质达标。循环冷 却水排入雨水管网。 本项目为塑料制品业，不涉及 酸洗、磷化等工艺，此外，不 属于产业限制类项目。 符合 【第14页】 6 的不锈钢型材加工项目（与自身高 新技术企业配套的和区级及以上 重点项目除外），应进入以此类项 目为主导产业、有相应",塑胶行业,报告“国民经济行业类别/分类”或相邻字段显示 C29/C292/塑料制品业相关。
35,PL038_佛山市顺德区晟昂电子科技有限公司新建项目_01_报批稿或报告表.pdf,E:\华南理工项目\环评文件汇总\01_GitHub项目与研究文档\eia-openclaw-sync-chen2026\05_QA测试集\人工核查_环评报告出处整理_20260715\环评报告文件_按问答顺序\PL038_佛山市顺德区晟昂电子科技有限公司新建项目_01_报批稿或报告表.pdf,.pdf,ok,"国民经济行业分类》（GB/T 4754-2017）（2019年修订）
C2929塑料零件
C2929 塑料零件及其他塑料制品制造、C3872 照明灯具制造。根据国
C2929 塑料零件及其他塑料制品制、C3872 照明灯具制造，不在
C2929 塑料零件及其他塑料制品制、C3872 照明灯具制造，不属
C2929 塑料零件及","04） 地理坐标 东经：113度10分32.870秒 、北纬：22度52分49.790秒 国民经济行业类 别 C2929塑料零件 及其他塑料制品 制造；C3872照 明灯具制造 建设项目行业类 别 二十六、橡胶和塑料制品业29- 53塑料制品业292-“其他（年 用非溶剂型低VOCs含量涂料10 吨以下的除外）”；
民经济行业类 别 C2929塑料零件 及其他塑料制品 制造；C3872照 明灯具制造 建设项目行业类 别 二十六、橡胶和塑料制品业29- 53塑料制品业292-“其他（年 用非溶剂型低VOCs含量涂料10 吨以下的除外）”；三十五、 电气机械和器材制造业38-77照 明器具制造387“其他（仅分 割、焊接、组装的除外；年用 非溶
9塑料零件 及其他塑料制品 制造；C3872照 明灯具制造 建设项目行业类 别 二十六、橡胶和塑料制品业29- 53塑料制品业292-“其他（年 用非溶剂型低VOCs含量涂料10 吨以下的除外）”；三十五、 电气机械和器材制造业38-77照 明器具制造387“其他（仅分 割、焊接、组装的除外；年用 非溶剂型低VOCs含量涂料
开发区（产业园区）生产建设”的要求。 2、与产业政策符合性 项目主要从事电子灯外壳、电子灯五金配件的加工生产，属于 C2929 塑料零件及其他塑料制品制造、C3872 照明灯具制造。根据国 家发展改革委发布的《产业结构调整指导目录（2024 年本）》（中华 人民共和国国家发展和改革委员会令第7 号），本项目不属于上述目 录所
园区）生产建设”的要求。 2、与产业政策符合性 项目主要从事电子灯外壳、电子灯五金配件的加工生产，属于 C2929 塑料零件及其他塑料制品制造、C3872 照明灯具制造。根据国 家发展改革委发布的《产业结构调整指导目录（2024 年本）》（中华 人民共和国国家发展和改革委员会令第7 号），本项目不属于上述目 录所列的鼓励、限制和淘汰类别，根
规〔2022〕 397 号），本项目不属于禁止类项目。 项目主要从事电子灯外壳、电子灯五金配件的加工生产，所属行 业为C2929 塑料零件及其他塑料制品制、C3872 照明灯具制造，不在 《环境保护综合名录（2021 年版）》内，因此本项目所产产品不属于 高污染、高风险产品。 项目主要从事电子灯外壳、电子灯五金配件的加工生产",塑胶行业,报告“国民经济行业类别/分类”或相邻字段显示 C29/C292/塑料制品业相关。
36,PL039_佛山市锦汇塑料制品有限公司新建项目_01_受理公告或公示版.pdf,E:\华南理工项目\环评文件汇总\01_GitHub项目与研究文档\eia-openclaw-sync-chen2026\05_QA测试集\人工核查_环评报告出处整理_20260715\环评报告文件_按问答顺序\PL039_佛山市锦汇塑料制品有限公司新建项目_01_受理公告或公示版.pdf,.pdf,ok,"C2929 塑料零件及其
C2929 塑料零件
C2929 塑料零件及其他塑料制品制造，根据《固定污染源排污
C2929 塑料零件及其他塑料制品制造，本项目
C2929 塑料零件及其他塑料制品制造，根据《固
2929 塑料零件及其","室 地理坐标 （东经：113 度22 分43.774 秒，北纬：22 度48 分27.103 秒） 国民经济 行业类别 C2929 塑料零件及其 他塑料制品制造 建设项目 行业类别 二十六、橡胶和塑料制品业53 塑料制品业292-其他（年用非 溶剂型低VOC 含量涂料10 吨 以下的除外） 建设性质 新建（迁建） 改建 扩
度48 分27.103 秒） 国民经济 行业类别 C2929 塑料零件及其 他塑料制品制造 建设项目 行业类别 二十六、橡胶和塑料制品业53 塑料制品业292-其他（年用非 溶剂型低VOC 含量涂料10 吨 以下的除外） 建设性质 新建（迁建） 改建 扩建 技术改造 建设项目 申报情形 首次申报项目 不予批准后再次申报项目
秒） 国民经济 行业类别 C2929 塑料零件及其 他塑料制品制造 建设项目 行业类别 二十六、橡胶和塑料制品业53 塑料制品业292-其他（年用非 溶剂型低VOC 含量涂料10 吨 以下的除外） 建设性质 新建（迁建） 改建 扩建 技术改造 建设项目 申报情形 首次申报项目 不予批准后再次申报项目 超五年重新审
家鼓励发展 的其他项目入园；优先向外向型 企业、规模效益型企业、科技型 企业、重点企业和产业链企业开 放入园。 项目属于塑料制品业，不属于园 区严禁的三类工业和严格限制 的二类工业。 符合 园区内企业必须保证其全部废 水预处理达到广东省地方标准 《水污染物排放限值》 （DB44/26-2001）第二时段三级 标准及广东省《水污染
办理了合法的租赁手续。因此建设项目的选址 【第8页】 3 与土地利用规划基本相符。 2、与产业政策符合性分析 本项目为塑料制品业，根据国家发展改革委商务部关于印发《市场 准入负面清单（2022 年版）》的通知（发改体改规﹝2022﹞397 号）、《产 业结构调整指导目录（2024 年本）》（中华人民共和国国家发展和改革委 员会
于上述目录所列的鼓励类、限制类、禁止（淘 汰）类严控类项目，因此，本项目的建设符合国家和地方的相关产业政 策。 本项目为塑料制品业，年产塑料热水器外壳138.24 吨、塑料装饰条 480 吨。不属于《环境保护综合名录（2021 年版）》“高污染、高环境风 险”、“高环境风险”产品名录内的产品，符合产业政策要求。 3、与广东省发展",塑胶行业,报告“国民经济行业类别/分类”或相邻字段显示 C29/C292/塑料制品业相关。
37,PL040_佛山市海川塑料制品有限公司新建项目_01_受理公告或公示版.pdf,E:\华南理工项目\环评文件汇总\01_GitHub项目与研究文档\eia-openclaw-sync-chen2026\05_QA测试集\人工核查_环评报告出处整理_20260715\环评报告文件_按问答顺序\PL040_佛山市海川塑料制品有限公司新建项目_01_受理公告或公示版.pdf,.pdf,ok,"C2929 塑料零件及其塑料制品制造
C2929 塑料零件及其他塑料制品制造，不在《产业结构调整指导目录
C2929 塑料零
C2929 塑料零件及其塑料制品制造，根据《固定污染源排污许可分类管理名
2929 塑料零件及其塑料制品制造
2929 塑料零件及其他塑料制品制造，不在《产业结构调整指导目录","301 地理坐标 （东经113 度21 分5.4468 秒，北纬22 度48 分28.0548秒） 国民经济 行业类别 C2929 塑料零件及其塑料制品制造 建设项目 行业类别 二十六、橡胶和塑料制品业 29-53 塑料制品业292-其他（年 用非溶剂型低VOCs 含量涂料10 吨以下的除外） 建设性质 新建（迁建） 改建
2 度48 分28.0548秒） 国民经济 行业类别 C2929 塑料零件及其塑料制品制造 建设项目 行业类别 二十六、橡胶和塑料制品业 29-53 塑料制品业292-其他（年 用非溶剂型低VOCs 含量涂料10 吨以下的除外） 建设性质 新建（迁建） 改建 扩建 技术改造 建设项目 申报情形 √首次申报项目 不予批准后再次
） 国民经济 行业类别 C2929 塑料零件及其塑料制品制造 建设项目 行业类别 二十六、橡胶和塑料制品业 29-53 塑料制品业292-其他（年 用非溶剂型低VOCs 含量涂料10 吨以下的除外） 建设性质 新建（迁建） 改建 扩建 技术改造 建设项目 申报情形 √首次申报项目 不予批准后再次申报项目 超五年重新审
和国家鼓励发展的其他项目入园；优 先向外向型企业、规模效益型企业、科技型 企业、重点企业和产业链企业开放入园。 项目属于塑料制品业，不属 于园区严禁的三类工业和 严格限制的二类工业，不属 于鼓励类企业和优先类企 业。 符合 园区内企业必须保证其全部废水预处理达到 广东省地方标准《水污染物排放限值》 （DB44/26-2001）第
皆可依法 平等进入，项目不在市场准入负面清单禁止和许可两类项目范围内，可依法平等进入。 （2）产业政策相符性 本项目属于C2929 塑料零件及其他塑料制品制造，不在《产业结构调整指导目录 （2024 年本）》中的限制类、淘汰类之列；本项目产品不属于《促进产业结构调整暂行 规定》中限制类、淘汰类之列，符合规定要求；本项目不涉及厚度
等进入，项目不在市场准入负面清单禁止和许可两类项目范围内，可依法平等进入。 （2）产业政策相符性 本项目属于C2929 塑料零件及其他塑料制品制造，不在《产业结构调整指导目录 （2024 年本）》中的限制类、淘汰类之列；本项目产品不属于《促进产业结构调整暂行 规定》中限制类、淘汰类之列，符合规定要求；本项目不涉及厚度小于0.025 毫米的超 薄",塑胶行业,报告“国民经济行业类别/分类”或相邻字段显示 C29/C292/塑料制品业相关。
38,PL041_佛山市创灏五金塑料有限公司年产塑料制品1250万件迁改扩建项目_01_受理公告或公示版.pdf,E:\华南理工项目\环评文件汇总\01_GitHub项目与研究文档\eia-openclaw-sync-chen2026\05_QA测试集\人工核查_环评报告出处整理_20260715\环评报告文件_按问答顺序\PL041_佛山市创灏五金塑料有限公司年产塑料制品1250万件迁改扩建项目_01_受理公告或公示版.pdf,.pdf,ok,"C2929 塑料零件
C2929 塑料零件及其他塑料制品制造，根据国家发展改革委商
C2929
C2929 塑料零
2929 塑料零件
2929 塑料零件及其他塑料制品制造，根据国家发展改革委商","1 号之一（C） 地理坐标 厂区中心地理坐标：北纬22.806947°，东经113.194332° 国民经济 行业类别 C2929 塑料零件 及其他塑料制品 制造 建设项目 行业类别 二十六、橡胶和塑料制品业29-53.塑料制 品业292-其他（年用非溶剂型低VOCs 含 量涂料10 吨以下的除外） 建设性质 ☑新建（迁建） ☑
东经113.194332° 国民经济 行业类别 C2929 塑料零件 及其他塑料制品 制造 建设项目 行业类别 二十六、橡胶和塑料制品业29-53.塑料制 品业292-其他（年用非溶剂型低VOCs 含 量涂料10 吨以下的除外） 建设性质 ☑新建（迁建） ☑改建 ☑扩建 □技术改造 建设项目 申报情形 √首次申报项目 ☑不予批准后再次
物通过加强车间通风换气处理。本项目声环境质量能满足相应的标准要求。 符 合 环保 准入 负面 清单 项目行业类别及代码为C2929 塑料零件及其他塑料制品制造，根据国家发展改革委商 务部关于印发《市场准入负面清单（2022 年版）》的规定，本项目不属于清单中规定 的禁止类和需要许可类项目。 符 合 （3）项目与佛山市“三线一单”
间通风换气处理。本项目声环境质量能满足相应的标准要求。 符 合 环保 准入 负面 清单 项目行业类别及代码为C2929 塑料零件及其他塑料制品制造，根据国家发展改革委商 务部关于印发《市场准入负面清单（2022 年版）》的规定，本项目不属于清单中规定 的禁止类和需要许可类项目。 符 合 （3）项目与佛山市“三线一单”相符性分析 根据《佛山市生态
外构筑物防护和城市道路交通 标志(特殊功能要求的除外)基本使用低 VOCs含量的涂料。 项目主要从事塑料制品的生产，属于C2929 塑料零件及其他塑料制品制造，项目生产过 程中不涉及使用高VOCs含量的原辅料。项 目使用的塑胶原料均属于低挥发性原辅材 料。 符 合 1.2 开展简易低效VOCs治理设施清理整治。严 格限制新改扩建
和城市道路交通 标志(特殊功能要求的除外)基本使用低 VOCs含量的涂料。 项目主要从事塑料制品的生产，属于C2929 塑料零件及其他塑料制品制造，项目生产过 程中不涉及使用高VOCs含量的原辅料。项 目使用的塑胶原料均属于低挥发性原辅材 料。 符 合 1.2 开展简易低效VOCs治理设施清理整治。严 格限制新改扩建项目使用光催化、光氧化、 水",塑胶行业,报告“国民经济行业类别/分类”或相邻字段显示 C29/C292/塑料制品业相关。
39,PL042_佛山市顺德区夏瑞塑胶有限公司迁扩建项目_01_受理公告或公示版.pdf,E:\华南理工项目\环评文件汇总\01_GitHub项目与研究文档\eia-openclaw-sync-chen2026\05_QA测试集\人工核查_环评报告出处整理_20260715\环评报告文件_按问答顺序\PL042_佛山市顺德区夏瑞塑胶有限公司迁扩建项目_01_受理公告或公示版.pdf,.pdf,ok,"C2929 塑料零件及其
C2929塑料零件及其他塑料制品制造，根据《产业结构
C2929塑料零件及其他塑料制品制造，根据
C2929 塑料零件及其他塑料制品制造，根
C2929 塑料零件
C2929 塑料零件及其他塑料制品制造，根据","单元之一 地理坐标 东经：113 度8 分38.561 秒，北纬：22 度51 分05.191 秒 国民经济 行业类别 C2929 塑料零件及其 他塑料制品制造 建设项目 行业类别 二十六、橡胶和塑料制品业 29-53 塑料制品业292-其他（年 用非溶剂型低VOCs 含量涂料10 吨以下的除外） 建设性质 新建（迁建） 改
度51 分05.191 秒 国民经济 行业类别 C2929 塑料零件及其 他塑料制品制造 建设项目 行业类别 二十六、橡胶和塑料制品业 29-53 塑料制品业292-其他（年 用非溶剂型低VOCs 含量涂料10 吨以下的除外） 建设性质 新建（迁建） 改建 扩建 技术改造 建设项目 申报情形 首次申报项目 不予批准后再次
国民经济 行业类别 C2929 塑料零件及其 他塑料制品制造 建设项目 行业类别 二十六、橡胶和塑料制品业 29-53 塑料制品业292-其他（年 用非溶剂型低VOCs 含量涂料10 吨以下的除外） 建设性质 新建（迁建） 改建 扩建 技术改造 建设项目 申报情形 首次申报项目 不予批准后再次申报项目 超五年重新审
影响评价 情况 无 规划及规 划环境影 响评价符 合性分析 无 其他符合 性分析 1、与产业政策相符性分析 项目主要从事C2929塑料零件及其他塑料制品制造，根据《产业结构 调整指导目录（2024年本）》的规定，项目不属于目录所列的鼓励类、 【第9页】 2 限制类、禁止（淘汰）类项目，也不属于《市场准入负面清单（2022年 版
情况 无 规划及规 划环境影 响评价符 合性分析 无 其他符合 性分析 1、与产业政策相符性分析 项目主要从事C2929塑料零件及其他塑料制品制造，根据《产业结构 调整指导目录（2024年本）》的规定，项目不属于目录所列的鼓励类、 【第9页】 2 限制类、禁止（淘汰）类项目，也不属于《市场准入负面清单（2022年 版）》（发改体改规〔2022
不属于《市场准入负面清单（2022年 版）》（发改体改规〔2022〕397号）中的禁止准入事项。 本项目行业类别及代码为C2929塑料零件及其他塑料制品制造，根据 广东省发展改革委关于印发《广东省“两高”项目管理名录（2022年版）》 的通知（粤发改能源函〔2022〕1363号），本项目不属于“两高”项目。 本项目行业类别及代码",塑胶行业,报告“国民经济行业类别/分类”或相邻字段显示 C29/C292/塑料制品业相关。
40,PL043_佛山市益旭电器有限公司新建项目_01_受理公告或公示版.pdf,E:\华南理工项目\环评文件汇总\01_GitHub项目与研究文档\eia-openclaw-sync-chen2026\05_QA测试集\人工核查_环评报告出处整理_20260715\环评报告文件_按问答顺序\PL043_佛山市益旭电器有限公司新建项目_01_受理公告或公示版.pdf,.pdf,ok,"C2929 塑料零件及其他塑料
C2929 塑料零件及其他塑料制品制造，根据国家发
C2929 塑料零件
C2929 塑料零件及其他塑料制品制造，根据《农用地土壤
2929 塑料零件及其他塑料
2929 塑料零件及其他塑料制品制造，根据国家发","层之一 地理坐标 东经：113 度21 分52.945 秒，北纬：22 度49 分25.038 秒 国民经济 行业类别 C2929 塑料零件及其他塑料 制品制造 建设项目 行业类别 二十六、橡胶和塑料制品 业29-53 塑料制品业292- 其他（年用非溶剂型低 VOCs 含量涂料10 吨以下 的除外） 建设性质 ☑新建（迁建）
国民经济 行业类别 C2929 塑料零件及其他塑料 制品制造 建设项目 行业类别 二十六、橡胶和塑料制品 业29-53 塑料制品业292- 其他（年用非溶剂型低 VOCs 含量涂料10 吨以下 的除外） 建设性质 ☑新建（迁建） □改建 □扩建 □技术改造 建设项目 申报情形 首次申报项目 □不予批准后再次申报项 目 □超五年
国家鼓励发展 的其他项目入园；优先向外向型企业、规 模效益型企业、科技型企业、重点企业和 产业链企业开放入园。 项目属于塑料制品业，不 属于园区严禁的三类工 业和严格限制的二类工 业，不属于鼓励类企业和 优先类企业。 符合 园区内企业必须保证其全部废水预处理达 到广东省地方标准《水污染物排放限值》 （DB44/26-2001）第
用的能源均 为电能，属于清洁能源。 符合 【第8页】 3 其他符合性 分析 （1）与产业政策相符性分析 项目所属行业为C2929 塑料零件及其他塑料制品制造，根据国家发 展改革委商务部关于印发《市场准入负面清单（2022 年版）》的通知（发 改体改规〔2022〕397 号），项目不属于上述目录所列的限制类和禁止准 入类严控类项
为电能，属于清洁能源。 符合 【第8页】 3 其他符合性 分析 （1）与产业政策相符性分析 项目所属行业为C2929 塑料零件及其他塑料制品制造，根据国家发 展改革委商务部关于印发《市场准入负面清单（2022 年版）》的通知（发 改体改规〔2022〕397 号），项目不属于上述目录所列的限制类和禁止准 入类严控类项目，也不属于文件所列的需许可
外的钢铁、 原油加工、乙烯生产、造纸、水泥、 平板玻璃、除特种陶瓷以外的陶瓷、 有色金属冶炼等大气重污染项目。 项目属于塑料制品业，不属于禁 止建设的大气重污染项目。 符合 【第9页】 4 2.2 第二十六条新建、扩建、扩建排放 挥发性有机物的建设项目，应当使用 污染防治先进可行技术。下列产生含 挥发性有机物废气的生产和服务活",塑胶行业,报告“国民经济行业类别/分类”或相邻字段显示 C29/C292/塑料制品业相关。
41,PL044_佛山市昇汇包装材料有限公司新建项目_01_受理公告或公示版.pdf,E:\华南理工项目\环评文件汇总\01_GitHub项目与研究文档\eia-openclaw-sync-chen2026\05_QA测试集\人工核查_环评报告出处整理_20260715\环评报告文件_按问答顺序\PL044_佛山市昇汇包装材料有限公司新建项目_01_受理公告或公示版.pdf,.pdf,ok,"国民经济行业分类(GB/T 4754-2017)》，以合成树脂（高分子化合物）为主要原料，
C2926 塑料包装箱及容
C2926 塑
C2926 塑料包装箱及
C2926 塑料包装箱及容器制
2926 塑料包装箱及容","单元之一 地理坐标 （东经113 度10 分2.352 秒，北纬22 度51 分3.816 秒） 国民经济 行业类别 C2926 塑料包装箱及容 器制造 建设项目 行业类别 二十六、橡胶和塑料制品 业29-53、塑料制品业292- 其他（年用非溶剂型低 VOCs含量涂料10吨以下 的除外） 建设性质 ☑新建（迁建） □改建 □
秒） 国民经济 行业类别 C2926 塑料包装箱及容 器制造 建设项目 行业类别 二十六、橡胶和塑料制品 业29-53、塑料制品业292- 其他（年用非溶剂型低 VOCs含量涂料10吨以下 的除外） 建设性质 ☑新建（迁建） □改建 □扩建 □技术改造 建设项目 申报情形 ☑首次申报项目 □不予批准后再次申报项目 □超五年重新审
引入智能制造服务、电子 商务、现代商贸流通产业，重点建设环保产 业基地、小家电产业基地和五金产业创业基 地。 本项目属于C2926 塑 料包装箱及容器制 造，不属于产业/鼓励 引导类，也不属于 《市场准入负面清 单（2022 年版）》（发 改体改规〔2022〕397 号）中禁止或许可事 项。 符合 1-2.【产业/综合类】系统推
上重点项目 除外），应进入以此类项目为主导产业、有 相应废水集中治理设施的工业园区，实现集 中治污。 本项目所属行业为 C2926 塑料包装箱及 容器制造，不向河涌 直接排放工业废水。 符合 1-4.【产业/综合类】划定家具生产优先发展 区域，优先发展区外不再新建涉及涂装工艺 的木质家具制造项目。优先发展区范围根据 家具产业发展
不再新建涉及涂装工艺 的木质家具制造项目。优先发展区范围根据 家具产业发展规划及其规划环评文件确定。 本项目所属行业为 C2926 塑料包装箱及 容器制造，不属于新 建涉及涂装工艺的 木质家具制造项目。 符合 【第8页】 3 1-5.【水/限制类】严格限制在羊额—北滘水 厂饮用水水源保护区上游和周边区域建设 列入“高污染、高环
企业配套的 除外），应进入以此类项目为主导产业、有 相应废水集中治理设施的工业园区，实现集 中治污。 本项目所属行业为 C2926 塑料包装箱及 容器制造，不向河涌 直接排放废水。 符合 1-5.【产业/综合类】划定家具生产优先发展 区域，优先发展区外不再新建涉及涂装工艺 的木质家具制造项目。 本项目所属行业为 C2926 塑料",塑胶行业,报告“国民经济行业类别/分类”或相邻字段显示 C29/C292/塑料制品业相关。
42,PL045_佛山市富懿塑料制品有限公司新建项目_01_报批稿或报告表.pdf,E:\华南理工项目\环评文件汇总\01_GitHub项目与研究文档\eia-openclaw-sync-chen2026\05_QA测试集\人工核查_环评报告出处整理_20260715\环评报告文件_按问答顺序\PL045_佛山市富懿塑料制品有限公司新建项目_01_报批稿或报告表.pdf,.pdf,ok,"C2929 塑料零件及其他
C2929塑料零件及其他塑料制品制造，根据国家《产业结构调
C2929 塑料零件及其他塑料制品制造。根据国家《市场准入负面清单
C2929 塑
C2929 塑料零件及其
2929 塑料零件及其他","3 栋1 楼01 号 地理坐标 （113 度15 分49.4 秒，22 度44 分14.43 秒） 国民经济 行业类别 C2929 塑料零件及其他 塑料制品制造 建设项目 行业类别 53 塑料制品业292 建设性质 ☑新建（迁建） □改建 □扩建 □技术改造 建设项目 申报情形 ☑首次申报项目 ☐不予批准后再次申报项目 ☐超五年
2 度44 分14.43 秒） 国民经济 行业类别 C2929 塑料零件及其他 塑料制品制造 建设项目 行业类别 53 塑料制品业292 建设性质 ☑新建（迁建） □改建 □扩建 □技术改造 建设项目 申报情形 ☑首次申报项目 ☐不予批准后再次申报项目 ☐超五年重新审核项目 ☐重大变动重新报批项目 项目审批（核准/ 备案）部门（
用地性质为工业用地，因此，本项目建设符合当地城市发展规划和土地利用规划。 （2）与产业政策相符性分析 ◇本项目主要从事C2929塑料零件及其他塑料制品制造，根据国家《产业结构调 整指导目录（2024年本）》的规定，项目不属于上述目录所列的鼓励类、限制类、 禁止（淘汰）类严控类项目。 （3）“三线一单”符合性分析 ①生态保护红线
为工业用地，因此，本项目建设符合当地城市发展规划和土地利用规划。 （2）与产业政策相符性分析 ◇本项目主要从事C2929塑料零件及其他塑料制品制造，根据国家《产业结构调 整指导目录（2024年本）》的规定，项目不属于上述目录所列的鼓励类、限制类、 禁止（淘汰）类严控类项目。 （3）“三线一单”符合性分析 ①生态保护红线 项目选址佛山市顺德区容桂
中消耗一定量的电能、水资源，项目资源消耗量相对资源利用 总量较少，符合资源利用上线的要求。 ④环保准入负面清单 项目属于C2929 塑料零件及其他塑料制品制造。根据国家《市场准入负面清单 （2022 年版）》，项目不属于负面清单所列内容。 ⑤与广东省“三线一单”生态环境分区管控方案相符性分析 根据《广东省人民政府关于印发广东省“
的电能、水资源，项目资源消耗量相对资源利用 总量较少，符合资源利用上线的要求。 ④环保准入负面清单 项目属于C2929 塑料零件及其他塑料制品制造。根据国家《市场准入负面清单 （2022 年版）》，项目不属于负面清单所列内容。 ⑤与广东省“三线一单”生态环境分区管控方案相符性分析 根据《广东省人民政府关于印发广东省“三线一单”生态环境分区管控方",塑胶行业,报告“国民经济行业类别/分类”或相邻字段显示 C29/C292/塑料制品业相关。
43,PL046_佛山市圣鑫塑料制品有限公司新建项目_01_受理公告或公示版.pdf,E:\华南理工项目\环评文件汇总\01_GitHub项目与研究文档\eia-openclaw-sync-chen2026\05_QA测试集\人工核查_环评报告出处整理_20260715\环评报告文件_按问答顺序\PL046_佛山市圣鑫塑料制品有限公司新建项目_01_受理公告或公示版.pdf,.pdf,ok,"C2929 塑料零件及其塑料制品制造
C2929 塑料零件及其他塑料制品制造，不在《产业结构调整指导目录
C2929 塑料
C2929 塑料零件及其塑料制品制造，根据《固定污染源排污许可分类管理名
2929 塑料零件及其塑料制品制造
2929 塑料零件及其他塑料制品制造，不在《产业结构调整指导目录","410 地理坐标 （东经113 度21 分12.938 秒，北纬22 度48 分22.428 秒） 国民经济 行业类别 C2929 塑料零件及其塑料制品制造 建设项目 行业类别 二十六、橡胶和塑料制品业 29-53 塑料制品业292-其他（年 用非溶剂型低VOCs 含量涂料10 吨以下的除外） 建设性质 新建（迁建） 改建
2 度48 分22.428 秒） 国民经济 行业类别 C2929 塑料零件及其塑料制品制造 建设项目 行业类别 二十六、橡胶和塑料制品业 29-53 塑料制品业292-其他（年 用非溶剂型低VOCs 含量涂料10 吨以下的除外） 建设性质 新建（迁建） 改建 扩建 技术改造 建设项目 申报情形 √首次申报项目 不予批准后再次
） 国民经济 行业类别 C2929 塑料零件及其塑料制品制造 建设项目 行业类别 二十六、橡胶和塑料制品业 29-53 塑料制品业292-其他（年 用非溶剂型低VOCs 含量涂料10 吨以下的除外） 建设性质 新建（迁建） 改建 扩建 技术改造 建设项目 申报情形 √首次申报项目 不予批准后再次申报项目 超五年重新审
和国家鼓励发展的其他项目入园；优 先向外向型企业、规模效益型企业、科技型 企业、重点企业和产业链企业开放入园。 项目属于塑料制品业，不属 于园区严禁的三类工业和 严格限制的二类工业，不属 于鼓励类企业和优先类企 业。 符合 园区内企业必须保证其全部废水预处理达到 广东省地方标准《水污染物排放限值》 （DB44/26-2001）第
皆可依法平 等进入，项目不在市场准入负面清单禁止和许可两类项目范围内，可依法平等进入。 （2）产业政策相符性 本项目属于C2929 塑料零件及其他塑料制品制造，不在《产业结构调整指导目录 （2024 年本）》中的限制类、淘汰类之列；本项目产品不属于《促进产业结构调整暂行 规定》中限制类、淘汰类之列，符合规定要求；本项目不涉及厚度
等进入，项目不在市场准入负面清单禁止和许可两类项目范围内，可依法平等进入。 （2）产业政策相符性 本项目属于C2929 塑料零件及其他塑料制品制造，不在《产业结构调整指导目录 （2024 年本）》中的限制类、淘汰类之列；本项目产品不属于《促进产业结构调整暂行 规定》中限制类、淘汰类之列，符合规定要求；本项目不涉及厚度小于0.025 毫米的超 薄",塑胶行业,报告“国民经济行业类别/分类”或相邻字段显示 C29/C292/塑料制品业相关。
44,PL047_佛山智达医疗器械有限公司新建项目_01_受理公告或公示版.pdf,E:\华南理工项目\环评文件汇总\01_GitHub项目与研究文档\eia-openclaw-sync-chen2026\05_QA测试集\人工核查_环评报告出处整理_20260715\环评报告文件_按问答顺序\PL047_佛山智达医疗器械有限公司新建项目_01_受理公告或公示版.pdf,.pdf,ok,"C2929 塑料零件及其塑料制品制造
C2929 塑料零件及其塑料制品制造，不在《产业结构调整指导目录（2024
C2929 塑料
C2929 塑料零件及其塑料制品制造，根据《固定污染源排污许可分类管理名
2929 塑料零件及其塑料制品制造
2929 塑料零件及其塑料制品制造，不在《产业结构调整指导目录（2024","室 地理坐标 东经113 度21 分58.35024 秒，北纬22 度48 分35.11548 秒 国民经济 行业类别 C2929 塑料零件及其塑料制品制造 建设项目 行业类别 二十六、橡胶和塑料制品业 29-53 塑料制品业292-其他（年 用非溶剂型低VOCs 含量涂料10 吨以下的除外） 建设性质 √新建（迁建） 改建
度48 分35.11548 秒 国民经济 行业类别 C2929 塑料零件及其塑料制品制造 建设项目 行业类别 二十六、橡胶和塑料制品业 29-53 塑料制品业292-其他（年 用非溶剂型低VOCs 含量涂料10 吨以下的除外） 建设性质 √新建（迁建） 改建 扩建 技术改造 建设项目 申报情形 √首次申报项目 不予批准后再次
秒 国民经济 行业类别 C2929 塑料零件及其塑料制品制造 建设项目 行业类别 二十六、橡胶和塑料制品业 29-53 塑料制品业292-其他（年 用非溶剂型低VOCs 含量涂料10 吨以下的除外） 建设性质 √新建（迁建） 改建 扩建 技术改造 建设项目 申报情形 √首次申报项目 不予批准后再次申报项目 超五年重新审
和国家鼓励发展的其他项目入园；优 先向外向型企业、规模效益型企业、科技型 企业、重点企业和产业链企业开放入园。 项目属于塑料制品业，不属 于园区严禁的三类工业和 严格限制的二类工业，不属 于鼓励类企业和优先类企 业。 符合 园区内企业必须保证其全部废水预处理达到 广东省地方标准《水污染物排放限值》 （DB44/26-2001）第
皆可依法 平等进入，项目不在市场准入负面清单禁止和许可两类项目范围内，可依法平等进入。 （2）产业政策相符性 本项目属于C2929 塑料零件及其塑料制品制造，不在《产业结构调整指导目录（2024 【第8页】 — 3 — 年本）》中的限制类、淘汰类之列；本项目产品不属于《促进产业结构调整暂行规定》 中限制类、淘汰类之列，符合规定
调整指导目录》和《市场准入负 面清单》明确的属于淘汰类的塑料制品项目，禁 止投资；属于限制类项目，禁止新建。 本项目属于C2929 塑料 零件及其塑料制品制造， 外购的塑料粒为新料，不 属于医疗废物、回收利用 的废塑料输液袋（瓶）， 也不属于“洋垃圾”，产品 也不属于文件中禁止生 产项目及限制类项目。 符 合 6、项目与控制性规",塑胶行业,报告“国民经济行业类别/分类”或相邻字段显示 C29/C292/塑料制品业相关。
45,PL049_佛山市顺德区华祥坤工艺电器有限公司扩建项目_01_受理公告或公示版.pdf,E:\华南理工项目\环评文件汇总\01_GitHub项目与研究文档\eia-openclaw-sync-chen2026\05_QA测试集\人工核查_环评报告出处整理_20260715\环评报告文件_按问答顺序\PL049_佛山市顺德区华祥坤工艺电器有限公司扩建项目_01_受理公告或公示版.pdf,.pdf,ok,"C2929 塑料零件及其他塑料
C2929 塑料零件及其他塑料制品制造，根据国家发
C2929 塑料零件
C2929 塑料零件及其他塑料制品制造，根
2929 塑料零件及其他塑料
2929 塑料零件及其他塑料制品制造，根据国家发","层之二 地理坐标 东经：113 度22 分23.341 秒，北纬：22 度49 分21.471 秒 国民经济 行业类别 C2929 塑料零件及其他塑料 制品制造 建设项目 行业类别 二十六、橡胶和塑料制品 业29-53 塑料制品业292- 其他（年用非溶剂型低 VOCs 含量涂料10 吨以下 的除外） 建设性质 □新建（迁建）
国民经济 行业类别 C2929 塑料零件及其他塑料 制品制造 建设项目 行业类别 二十六、橡胶和塑料制品 业29-53 塑料制品业292- 其他（年用非溶剂型低 VOCs 含量涂料10 吨以下 的除外） 建设性质 □新建（迁建） □改建 ☑扩建 □技术改造 建设项目 申报情形 首次申报项目 □不予批准后再次申报项 目 □超五年
国家鼓励发展 的其他项目入园；优先向外向型企业、规 模效益型企业、科技型企业、重点企业和 产业链企业开放入园。 项目属于塑料制品业，不 属于园区严禁的三类工 业和严格限制的二类工 业，不属于鼓励类企业和 优先类企业。 符合 园区内企业必须保证其全部废水预处理达 到广东省地方标准《水污染物排放限值》 （DB44/26-2001）第
用的能源均 为电能，属于清洁能源。 符合 【第8页】 3 其他符合性 分析 （1）与产业政策相符性分析 项目所属行业为C2929 塑料零件及其他塑料制品制造，根据国家发 展改革委商务部关于印发《市场准入负面清单（2022 年版）》的通知（发 改体改规〔2022〕397 号），项目不属于上述目录所列的限制类和禁止准 入类严控类项
为电能，属于清洁能源。 符合 【第8页】 3 其他符合性 分析 （1）与产业政策相符性分析 项目所属行业为C2929 塑料零件及其他塑料制品制造，根据国家发 展改革委商务部关于印发《市场准入负面清单（2022 年版）》的通知（发 改体改规〔2022〕397 号），项目不属于上述目录所列的限制类和禁止准 入类严控类项目，也不属于文件所列的需许可
外的钢铁、 原油加工、乙烯生产、造纸、水泥、 平板玻璃、除特种陶瓷以外的陶瓷、 有色金属冶炼等大气重污染项目。 项目属于塑料制品业，不属于禁 止建设的大气重污染项目。 符合 【第9页】 4 2.2 第二十六条新建、扩建、扩建排放 挥发性有机物的建设项目，应当使用 污染防治先进可行技术。下列产生含 挥发性有机物废气的生产和服务活",塑胶行业,报告“国民经济行业类别/分类”或相邻字段显示 C29/C292/塑料制品业相关。
46,PL050_广东希睿思汽车零部件有限公司新建项目_01_受理公告或公示版.pdf,E:\华南理工项目\环评文件汇总\01_GitHub项目与研究文档\eia-openclaw-sync-chen2026\05_QA测试集\人工核查_环评报告出处整理_20260715\环评报告文件_按问答顺序\PL050_广东希睿思汽车零部件有限公司新建项目_01_受理公告或公示版.pdf,.pdf,ok,"C2929 塑料零件及其
C2924 泡沫塑料制造
C2929 塑料零件及其他塑料制品制和C2924 泡沫塑料制造，产品为双
C2929塑料零件
C2924
C2929 塑料零件及其他塑料制品制和C2924 泡沫塑料制造，根据《广东","楼之二 地理坐标 （E:113 度20 分11.226 秒，N:22 度46 分48.782 秒） 国民经济 行业类别 C2929 塑料零件及其 他塑料制品制造 C2924 泡沫塑料制造 建设项目 行业类别 二十六、橡胶和塑料制品业29—53.塑 料制品业292—其他（年用非溶剂型低 VOCs 含量涂料10 吨以下的除外） 建设
11.226 秒，N:22 度46 分48.782 秒） 国民经济 行业类别 C2929 塑料零件及其 他塑料制品制造 C2924 泡沫塑料制造 建设项目 行业类别 二十六、橡胶和塑料制品业29—53.塑 料制品业292—其他（年用非溶剂型低 VOCs 含量涂料10 吨以下的除外） 建设性质 R新建（迁建） £改建 £扩建 £技
秒，N:22 度46 分48.782 秒） 国民经济 行业类别 C2929 塑料零件及其 他塑料制品制造 C2924 泡沫塑料制造 建设项目 行业类别 二十六、橡胶和塑料制品业29—53.塑 料制品业292—其他（年用非溶剂型低 VOCs 含量涂料10 吨以下的除外） 建设性质 R新建（迁建） £改建 £扩建 £技术改造 建设项
） 国民经济 行业类别 C2929 塑料零件及其 他塑料制品制造 C2924 泡沫塑料制造 建设项目 行业类别 二十六、橡胶和塑料制品业29—53.塑 料制品业292—其他（年用非溶剂型低 VOCs 含量涂料10 吨以下的除外） 建设性质 R新建（迁建） £改建 £扩建 £技术改造 建设项目 申报情形 R首次申报项目 £不予批准后再次
目 所在地块为一/二类工业用地。本项目未改变用地性质，因此，项目用地符合当地规划。 2、与产业政策相符性分析 本项目属于C2929 塑料零件及其他塑料制品制和C2924 泡沫塑料制造，产品为双 面胶带、吸音棉、单体扶手包覆件和含聚氨酯发泡件扶手包覆件，不属于《市场准入负 面清单（2022 年版）》（发改体改规[2022]397
未改变用地性质，因此，项目用地符合当地规划。 2、与产业政策相符性分析 本项目属于C2929 塑料零件及其他塑料制品制和C2924 泡沫塑料制造，产品为双 面胶带、吸音棉、单体扶手包覆件和含聚氨酯发泡件扶手包覆件，不属于《市场准入负 面清单（2022 年版）》（发改体改规[2022]397 号）中禁止和许可事项；项目生产产品、",塑胶行业,报告“国民经济行业类别/分类”或相邻字段显示 C29/C292/塑料制品业相关。
47,PL052_佛山市顺德区嘉保洁具有限公司迁建项目_01_报批稿或报告表.pdf,E:\华南理工项目\环评文件汇总\01_GitHub项目与研究文档\eia-openclaw-sync-chen2026\05_QA测试集\人工核查_环评报告出处整理_20260715\环评报告文件_按问答顺序\PL052_佛山市顺德区嘉保洁具有限公司迁建项目_01_报批稿或报告表.pdf,.pdf,ok,"C2927 日用塑料制
C2927 日用塑料制品制造，根据《固定污染源排污许可分类管理名录（2019 年
2927 日用塑料制
2929 塑料零件及其他
2929 塑料零件及其他塑料
2922 塑料板、管、型材制造行业系数表》，布袋除尘处理效","所申报） 地理坐标 东经113 度18 分31.096 秒，北纬22 度45 分42.015 秒 国民经济 行业类别 C2927 日用塑料制 品制造 建设项目 行业类别 二十六、橡胶和塑料制品业29，53 塑料制品业292，其他（年用非溶 剂型低VOCs 含量涂料10 吨以下的 除外） 建设性质 √新建（迁建） □改建 □扩建
，北纬22 度45 分42.015 秒 国民经济 行业类别 C2927 日用塑料制 品制造 建设项目 行业类别 二十六、橡胶和塑料制品业29，53 塑料制品业292，其他（年用非溶 剂型低VOCs 含量涂料10 吨以下的 除外） 建设性质 √新建（迁建） □改建 □扩建 □技术改造 建设项目 申报情形 √首次申报项目 □不予批准后再次
015 秒 国民经济 行业类别 C2927 日用塑料制 品制造 建设项目 行业类别 二十六、橡胶和塑料制品业29，53 塑料制品业292，其他（年用非溶 剂型低VOCs 含量涂料10 吨以下的 除外） 建设性质 √新建（迁建） □改建 □扩建 □技术改造 建设项目 申报情形 √首次申报项目 □不予批准后再次申报项目 □超五年重新
生少量注塑废气，以非甲烷总烃表征。参考《排放源统计调 查产排污核算方法和系数手册》中“292 塑料制品行业系数手册”中，2929 塑料零件及其他 塑料制品制造行业系数表，注塑废气中挥发性有机物的排放系数为2.7 千克/吨-产品；项目 产品为清洁用具，产品需要安装外购加工好的扫把杆，项目用于生产的原辅材料有PP 塑料、 ABS
总烃）核 算采用的技术文件和系数：《排放 源统计调查产排污核算方法和系数 手册》中“292 塑料制品行业系数手 册”中，2929 塑料零件及其他塑料 制品制造行业系数表，注塑废气中 挥发性有机物的排放系数为2.7 千 克/吨-产品；活性炭吸附装置处理效 率取50% 总量核算 采用的技 术文件、方 法和具体 系数等信 息有所变
目的打绒机配套的固定式集气罩收集效率取50%。参考《排放源统计调查产 【第47页】 42 排污核算方法和系数手册》中《2922 塑料板、管、型材制造行业系数表》，布袋除尘处理效 率取99%。项目打绒粉尘产生及排放情况见下表。 表4-10 项目打绒粉尘产生及排放情况 污染源 污染物 产生量t/a 收集量t/a 无组织排放量t/",塑胶行业,报告“国民经济行业类别/分类”或相邻字段显示 C29/C292/塑料制品业相关。
48,PL053_佛山市力方电器科技有限公司新建项目_01_报批稿或报告表.pdf,E:\华南理工项目\环评文件汇总\01_GitHub项目与研究文档\eia-openclaw-sync-chen2026\05_QA测试集\人工核查_环评报告出处整理_20260715\环评报告文件_按问答顺序\PL053_佛山市力方电器科技有限公司新建项目_01_报批稿或报告表.pdf,.pdf,empty_or_unreadable,,,无法判断,文件未能读取正文，需人工打开确认。
49,PL054_佛山市顺德区红昇电器有限公司新建项目_01_受理公告或公示版.pdf,E:\华南理工项目\环评文件汇总\01_GitHub项目与研究文档\eia-openclaw-sync-chen2026\05_QA测试集\人工核查_环评报告出处整理_20260715\环评报告文件_按问答顺序\PL054_佛山市顺德区红昇电器有限公司新建项目_01_受理公告或公示版.pdf,.pdf,ok,"C2929 塑料零件及其他塑料
C2929 塑料零件及其他塑料制品制造，根据国家发
C2929 塑料零件及其他
C2929 塑料零件及其他塑料制品制造，根据《市
C2929 塑料零件
C2929 塑料零件及其他塑料制品制造，根据《农用地土壤污染状况详查点位布设技","层之一 地理坐标 东经：113 度22 分21.567 秒，北纬：22 度49 分21.160 秒 国民经济 行业类别 C2929 塑料零件及其他塑料 制品制造 建设项目 行业类别 二十六、橡胶和塑料制品 业29-53 塑料制品业292- 其他（年用非溶剂型低 VOCs 含量涂料10 吨以下 的除外） 建设性质 ☑新建（迁建）
国民经济 行业类别 C2929 塑料零件及其他塑料 制品制造 建设项目 行业类别 二十六、橡胶和塑料制品 业29-53 塑料制品业292- 其他（年用非溶剂型低 VOCs 含量涂料10 吨以下 的除外） 建设性质 ☑新建（迁建） □改建 □扩建 □技术改造 建设项目 申报情形 首次申报项目 □不予批准后再次申报项 目 □超五年
国家鼓励发展 的其他项目入园；优先向外向型企业、规 模效益型企业、科技型企业、重点企业和 产业链企业开放入园。 项目属于塑料制品业，不 属于园区严禁的三类工 业和严格限制的二类工 业，不属于鼓励类企业和 优先类企业。 符合 园区内企业必须保证其全部废水预处理达 到广东省地方标准《水污染物排放限值》 （DB44/26-2001）第
用的能源均 为电能，属于清洁能源。 符合 【第8页】 3 其他符合性 分析 （1）与产业政策相符性分析 项目所属行业为C2929 塑料零件及其他塑料制品制造，根据国家发 展改革委商务部关于印发《市场准入负面清单（2022 年版）》的通知（发 改体改规〔2022〕397 号），项目不属于上述目录所列的限制类和禁止准 入类严控类项
为电能，属于清洁能源。 符合 【第8页】 3 其他符合性 分析 （1）与产业政策相符性分析 项目所属行业为C2929 塑料零件及其他塑料制品制造，根据国家发 展改革委商务部关于印发《市场准入负面清单（2022 年版）》的通知（发 改体改规〔2022〕397 号），项目不属于上述目录所列的限制类和禁止准 入类严控类项目，也不属于文件所列的需许可
外的钢铁、 原油加工、乙烯生产、造纸、水泥、 平板玻璃、除特种陶瓷以外的陶瓷、 有色金属冶炼等大气重污染项目。 项目属于塑料制品业，不属于禁 止建设的大气重污染项目。 符合 【第9页】 4 2.2 第二十六条新建、扩建、扩建排放 挥发性有机物的建设项目，应当使用 污染防治先进可行技术。下列产生含 挥发性有机物废气的生产和服务活",塑胶行业,报告“国民经济行业类别/分类”或相邻字段显示 C29/C292/塑料制品业相关。
50,PL055_佛山市力新五金塑胶制品有限公司新建项目_01_受理公告或公示版.pdf,E:\华南理工项目\环评文件汇总\01_GitHub项目与研究文档\eia-openclaw-sync-chen2026\05_QA测试集\人工核查_环评报告出处整理_20260715\环评报告文件_按问答顺序\PL055_佛山市力新五金塑胶制品有限公司新建项目_01_受理公告或公示版.pdf,.pdf,ok,"C2929 塑料零件及
C2929 塑料零件及其他塑料制品制造，项目年产亚克力板2286
C2929 塑料零件及其他塑料制品制造，年产亚克力板2286 万
C2929 塑料零件及其
C2929 塑料零件及其他塑料制品制造，主要工艺为CNC 加工，
C2929 塑料零件及其他塑料制品制造，涉及丝印工艺，根据《固定污染源排污许可分类管理名录（2019","园1 栋302 室 地理坐标 113 度21 分53.178 秒，22 度49 分26.257 秒 国民经济 行业类别 C2929 塑料零件及 其他塑料制品制造 及C2319 包装装潢 及其他印刷 建设项目 行业类别 二十六、橡胶和塑料制品业 29-53 塑料制品业292-其他（年 用非溶剂型低VOCs 含量涂料 10 吨以下的
济 行业类别 C2929 塑料零件及 其他塑料制品制造 及C2319 包装装潢 及其他印刷 建设项目 行业类别 二十六、橡胶和塑料制品业 29-53 塑料制品业292-其他（年 用非溶剂型低VOCs 含量涂料 10 吨以下的除外）及二十、印 刷和记录媒介复制业23 -39、 印刷231-其他（激光印刷除外； 年用低VOCs 含量油墨1
零件及 其他塑料制品制造 及C2319 包装装潢 及其他印刷 建设项目 行业类别 二十六、橡胶和塑料制品业 29-53 塑料制品业292-其他（年 用非溶剂型低VOCs 含量涂料 10 吨以下的除外）及二十、印 刷和记录媒介复制业23 -39、 印刷231-其他（激光印刷除外； 年用低VOCs 含量油墨10 吨以 下的印刷除外）
华人民共 和国国家发展改革委令第7 号），项目属于允许类。因此，本项目的建设符合 国家和地方的相关产业政策。 本项目属于C2929 塑料零件及其他塑料制品制造，项目年产亚克力板2286 万块，产品不属于《环境保护综合名录（2021 年版）》“高污染、高环境风险”、 “高环境风险”产品名录内的产品，符合产业政策要求。 根据《佛山市
国国家发展改革委令第7 号），项目属于允许类。因此，本项目的建设符合 国家和地方的相关产业政策。 本项目属于C2929 塑料零件及其他塑料制品制造，项目年产亚克力板2286 万块，产品不属于《环境保护综合名录（2021 年版）》“高污染、高环境风险”、 “高环境风险”产品名录内的产品，符合产业政策要求。 根据《佛山市发展和改革局佛山市生态环境局
关于印发《广东省“两高”项目管理目录（2022 年版）》的通知粤发改能源函〔2022〕1363 号相符性分析 本项目属于C2929 塑料零件及其他塑料制品制造，年产亚克力板2286 万 块。不属于煤电、石化、焦化、煤化工、化工、钢铁、有色金属、建材等行业， 不含“两高”产品或工序，符合产业政策要求。 4、与《佛山市关于进一步加强",塑胶行业,报告“国民经济行业类别/分类”或相邻字段显示 C29/C292/塑料制品业相关。
51,PL056_佛山市祖帮海绵有限公司新建项目_01_受理公告或公示版.pdf,E:\华南理工项目\环评文件汇总\01_GitHub项目与研究文档\eia-openclaw-sync-chen2026\05_QA测试集\人工核查_环评报告出处整理_20260715\环评报告文件_按问答顺序\PL056_佛山市祖帮海绵有限公司新建项目_01_受理公告或公示版.pdf,.pdf,ok,"C2924 泡沫塑料制造
C2924 泡沫塑料制造，产品为海绵，不属于《市场准入负面清单（2022
C2924 泡沫塑料制造，根据《固定污染源排污许可分类管理名录（2019
2924 泡沫塑料制造
2924 泡沫塑料制造，产品为海绵，不属于《市场准入负面清单（2022
2924 泡沫塑料制造，根据《固定污染源排污许可分类管理名录（2019","之二厂房 地理坐标 （E:113 度4 分58.874 秒，N:22 度54 分53.859 秒） 国民经济 行业类别 C2924 泡沫塑料制造 建设项目 行业类别 二十六、橡胶和塑料制品业29—53.塑 料制品业292—其他（年用非溶剂型低 VOCs 含量涂料10 吨以下的除外） 建设性质 新建（迁建） 改建 扩建 技
理坐标 （E:113 度4 分58.874 秒，N:22 度54 分53.859 秒） 国民经济 行业类别 C2924 泡沫塑料制造 建设项目 行业类别 二十六、橡胶和塑料制品业29—53.塑 料制品业292—其他（年用非溶剂型低 VOCs 含量涂料10 吨以下的除外） 建设性质 新建（迁建） 改建 扩建 技术改造 建设项
秒，N:22 度54 分53.859 秒） 国民经济 行业类别 C2924 泡沫塑料制造 建设项目 行业类别 二十六、橡胶和塑料制品业29—53.塑 料制品业292—其他（年用非溶剂型低 VOCs 含量涂料10 吨以下的除外） 建设性质 新建（迁建） 改建 扩建 技术改造 建设项目 申报情形 首次申报项目 不予批准后再次
目，在已有建筑内安装生产设备，不涉及厂房的改建、扩建和重 建，因此，项目选址合理。 2、与产业政策相符性分析 本项目属于C2924 泡沫塑料制造，产品为海绵，不属于《市场准入负面清单（2022 年版）》（发改体改规[2022]397 号）中禁止和许可事项；项目生产产品、生产工艺和 生产设备均不属于《产业结构调整指导目录（2024
筑内安装生产设备，不涉及厂房的改建、扩建和重 建，因此，项目选址合理。 2、与产业政策相符性分析 本项目属于C2924 泡沫塑料制造，产品为海绵，不属于《市场准入负面清单（2022 年版）》（发改体改规[2022]397 号）中禁止和许可事项；项目生产产品、生产工艺和 生产设备均不属于《产业结构调整指导目录（2024 年本）》（国
发展生物医药、智能制造、文化创意、电子商务、现代物 流、金融等产业；重点发展提升钢铁、塑料、家具三大专业市场。 本项目为泡沫塑料制造，属于产业 鼓励引导类行业。 符 合 1-2.【产业/综合类】系统推进村级工业园升级改造，腾出连片空间，布局产业集聚 区和主题产业园，推动工业项目入园集聚发展。新增工业制造业用地原则上安排在 产业集聚",塑胶行业,报告“国民经济行业类别/分类”或相邻字段显示 C29/C292/塑料制品业相关。
52,PL056_佛山市祖帮海绵有限公司新建项目_02_报批稿或报告表.docx,E:\华南理工项目\环评文件汇总\01_GitHub项目与研究文档\eia-openclaw-sync-chen2026\05_QA测试集\人工核查_环评报告出处整理_20260715\环评报告文件_按问答顺序\PL056_佛山市祖帮海绵有限公司新建项目_02_报批稿或报告表.docx,.docx,ok,"C2924 泡沫塑料制造 | 建设项目 行业类别 | 二十六、橡胶和塑料制品业 29—53.塑料制品业 292—其他（年用非溶剂型低VOCs含量涂料10吨以下的除外）
C2924 泡沫塑料制造，产品为海绵，不属于《市场准入负面清单（2022年版）》（发改体改规[2022]397号）中禁止和许可事项；项目生产产品、生产工艺和生产设备均不属于《产业结构调整指导目录（2024年本）
C2924 泡沫塑料制造，根据《固定污染源排污许可分类管理名录（2019年版）》（部令第11号），项目属于“二十四、橡胶和塑料制品业-62 塑料制品业-其他”，应实行排污许可登记管理；建设单位应在全国排污许可证
2922 塑料板、管、型材行业挤出工段的产污系数”，因此本项目参考“2922 塑料板、管、型材行业挤出工段的产污系数表”挤出工段挥发性有机物的产污系数为1.5kg/t-产品计算发泡（含混料机头清洗）过程有机废
2924 泡沫塑料制造 | 建设项目 行业类别 | 二十六、橡胶和塑料制品业 29—53.塑料制品业 292—其他（年用非溶剂型低VOCs含量涂料10吨以下的除外）
2924 泡沫塑料制造，产品为海绵，不属于《市场准入负面清单（2022年版）》（发改体改规[2022]397号）中禁止和许可事项；项目生产产品、生产工艺和生产设备均不属于《产业结构调整指导目录（2024年本）","手册”中“2.3系数表中为设计的产污系数及污染治理效率”的规定“对于采用化学发泡剂的企业，加热挤出工段的产污系数可参照 2922 塑料板、管、型材行业挤出工段的产污系数”，因此本项目参考“2922 塑料板、管、型材行业挤出工段的产污系数表”挤出工段挥发性有机物的产污系数为1.5kg/t-产品计算发泡（含混料机头清洗）过程有机废
采用化学发泡剂的企业，加热挤出工段的产污系数可参照 2922 塑料板、管、型材行业挤出工段的产污系数”，因此本项目参考“2922 塑料板、管、型材行业挤出工段的产污系数表”挤出工段挥发性有机物的产污系数为1.5kg/t-产品计算发泡（含混料机头清洗）过程有机废气产生情况。 每批次海绵发泡时间均为4小时，每批次生产结束后采用清水
的编制，根据《佛山市生态环境局关于危险废物产生单位突发环境事件应急预案备案的指导意见（试行）》进行预案的备案。 项目属于泡沫塑料制造业，本项目产生危险废物，按《中华人民共和国固体废物污染环境防治法》的规定，应当依法制定环境风险事故的防范措施和应急预案。 6.3.2 编制原则与要求 （1）编制原则 ①应急预案侧重明确应急响应责任人、
53.859秒） | （E:113 度4分58.874 秒，N:22 度54分53.859秒） 国民经济 行业类别 | C2924 泡沫塑料制造 | 建设项目 行业类别 | 二十六、橡胶和塑料制品业 29—53.塑料制品业 292—其他（年用非溶剂型低VOCs含量涂料10吨以下的除外） 建设性质 | 新建（迁建） 改建 扩建 技
秒） | （E:113 度4分58.874 秒，N:22 度54分53.859秒） 国民经济 行业类别 | C2924 泡沫塑料制造 | 建设项目 行业类别 | 二十六、橡胶和塑料制品业 29—53.塑料制品业 292—其他（年用非溶剂型低VOCs含量涂料10吨以下的除外） 建设性质 | 新建（迁建） 改建 扩建 技术改造 | 建
:22 度54分53.859秒） 国民经济 行业类别 | C2924 泡沫塑料制造 | 建设项目 行业类别 | 二十六、橡胶和塑料制品业 29—53.塑料制品业 292—其他（年用非溶剂型低VOCs含量涂料10吨以下的除外） 建设性质 | 新建（迁建） 改建 扩建 技术改造 | 建设项目 申报情形 | 首次申报项目 不予批准后再次申报",塑胶行业,报告“国民经济行业类别/分类”或相邻字段显示 C29/C292/塑料制品业相关。
53,PL056_佛山市祖帮海绵有限公司新建项目_03_报批稿或报告表.pdf,E:\华南理工项目\环评文件汇总\01_GitHub项目与研究文档\eia-openclaw-sync-chen2026\05_QA测试集\人工核查_环评报告出处整理_20260715\环评报告文件_按问答顺序\PL056_佛山市祖帮海绵有限公司新建项目_03_报批稿或报告表.pdf,.pdf,ok,"C2924 泡沫塑料制造
C2924 泡沫塑料制造，产品为海绵，不属于《市场准入负面清单（2022
C2924 泡沫塑料制造，根据《固定污染源排污许可分类管理名录（2019
2924 泡沫塑料制造
2924 泡沫塑料制造，产品为海绵，不属于《市场准入负面清单（2022
2924 泡沫塑料制造，根据《固定污染源排污许可分类管理名录（2019","之二厂房 地理坐标 （E:113 度4 分58.874 秒，N:22 度54 分53.859 秒） 国民经济 行业类别 C2924 泡沫塑料制造 建设项目 行业类别 二十六、橡胶和塑料制品业29—53.塑 料制品业292—其他（年用非溶剂型低 VOCs 含量涂料10 吨以下的除外） 建设性质 新建（迁建） 改建 扩建 技
理坐标 （E:113 度4 分58.874 秒，N:22 度54 分53.859 秒） 国民经济 行业类别 C2924 泡沫塑料制造 建设项目 行业类别 二十六、橡胶和塑料制品业29—53.塑 料制品业292—其他（年用非溶剂型低 VOCs 含量涂料10 吨以下的除外） 建设性质 新建（迁建） 改建 扩建 技术改造 建设项
秒，N:22 度54 分53.859 秒） 国民经济 行业类别 C2924 泡沫塑料制造 建设项目 行业类别 二十六、橡胶和塑料制品业29—53.塑 料制品业292—其他（年用非溶剂型低 VOCs 含量涂料10 吨以下的除外） 建设性质 新建（迁建） 改建 扩建 技术改造 建设项目 申报情形 首次申报项目 不予批准后再次
目，在已有建筑内安装生产设备，不涉及厂房的改建、扩建和重建， 因此，项目选址合理。 2、与产业政策相符性分析 本项目属于C2924 泡沫塑料制造，产品为海绵，不属于《市场准入负面清单（2022 年版）》（发改体改规[2022]397 号）中禁止和许可事项；项目生产产品、生产工艺和 生产设备均不属于《产业结构调整指导目录（2024
筑内安装生产设备，不涉及厂房的改建、扩建和重建， 因此，项目选址合理。 2、与产业政策相符性分析 本项目属于C2924 泡沫塑料制造，产品为海绵，不属于《市场准入负面清单（2022 年版）》（发改体改规[2022]397 号）中禁止和许可事项；项目生产产品、生产工艺和 生产设备均不属于《产业结构调整指导目录（2024 年本）》（国
发展生物医药、智能制造、文化创意、电子商务、现代物 流、金融等产业；重点发展提升钢铁、塑料、家具三大专业市场。 本项目为泡沫塑料制造，属于产业 鼓励引导类行业。 符 合 1-2.【产业/综合类】系统推进村级工业园升级改造，腾出连片空间，布局产业集聚 区和主题产业园，推动工业项目入园集聚发展。新增工业制造业用地原则上安排在 产业集聚",塑胶行业,报告“国民经济行业类别/分类”或相邻字段显示 C29/C292/塑料制品业相关。
54,PL056_佛山市祖帮海绵有限公司新建项目_04_报批稿或报告表.pdf,E:\华南理工项目\环评文件汇总\01_GitHub项目与研究文档\eia-openclaw-sync-chen2026\05_QA测试集\人工核查_环评报告出处整理_20260715\环评报告文件_按问答顺序\PL056_佛山市祖帮海绵有限公司新建项目_04_报批稿或报告表.pdf,.pdf,empty_or_unreadable,,,无法判断,文件未能读取正文，需人工打开确认。
55,PL057_佛山粤友塑料制品有限公司新建项目_01_受理公告或公示版.pdf,E:\华南理工项目\环评文件汇总\01_GitHub项目与研究文档\eia-openclaw-sync-chen2026\05_QA测试集\人工核查_环评报告出处整理_20260715\环评报告文件_按问答顺序\PL057_佛山粤友塑料制品有限公司新建项目_01_受理公告或公示版.pdf,.pdf,ok,"C2929 塑料零件及其塑料制品制造
C2929 塑料零件及其他塑料制品制造，不在《产业结构调整指导目录
C2929 塑料
C2929 塑料零件及其塑料制品制造，项目内不涉及电镀和喷漆工艺，不使用有毒原
C2929 塑料零件及其塑料制品制造，根据《固定污染源排污许可分类管理名
2929 塑料零件及其塑料制品制造","栋1 楼 地理坐标 （东经113 度22 分43.067 秒，北纬22 度48 分22.750秒） 国民经济 行业类别 C2929 塑料零件及其塑料制品制造 建设项目 行业类别 二十六、橡胶和塑料制品业 29-53 塑料制品业292-其他（年 用非溶剂型低VOCs 含量涂料10 吨以下的除外） 建设性质 新建（迁建） 改建
22 度48 分22.750秒） 国民经济 行业类别 C2929 塑料零件及其塑料制品制造 建设项目 行业类别 二十六、橡胶和塑料制品业 29-53 塑料制品业292-其他（年 用非溶剂型低VOCs 含量涂料10 吨以下的除外） 建设性质 新建（迁建） 改建 扩建 技术改造 建设项目 申报情形 √首次申报项目 不予批准后再次
） 国民经济 行业类别 C2929 塑料零件及其塑料制品制造 建设项目 行业类别 二十六、橡胶和塑料制品业 29-53 塑料制品业292-其他（年 用非溶剂型低VOCs 含量涂料10 吨以下的除外） 建设性质 新建（迁建） 改建 扩建 技术改造 建设项目 申报情形 √首次申报项目 不予批准后再次申报项目 超五年重新审
和国家鼓励发展的其他项目入园；优 先向外向型企业、规模效益型企业、科技型 企业、重点企业和产业链企业开放入园。 项目属于塑料制品业，不属 于园区严禁的三类工业和 严格限制的二类工业，不属 于鼓励类企业和优先类企 业。 符合 园区内企业必须保证其全部废水预处理达到 广东省地方标准《水污染物排放限值》 （DB44/26-2001）第
皆可依法 平等进入，项目不在市场准入负面清单禁止和许可两类项目范围内，可依法平等进入。 （2）产业政策相符性 本项目属于C2929 塑料零件及其他塑料制品制造，不在《产业结构调整指导目录 （2024 年本）》中的限制类、淘汰类之列；项目产品不属于《促进产业结构调整暂行规 定》中限制类、淘汰类之列，符合规定要求；项目不涉及厚度小于
等进入，项目不在市场准入负面清单禁止和许可两类项目范围内，可依法平等进入。 （2）产业政策相符性 本项目属于C2929 塑料零件及其他塑料制品制造，不在《产业结构调整指导目录 （2024 年本）》中的限制类、淘汰类之列；项目产品不属于《促进产业结构调整暂行规 定》中限制类、淘汰类之列，符合规定要求；项目不涉及厚度小于0.025 毫米的超薄塑 料",塑胶行业,报告“国民经济行业类别/分类”或相邻字段显示 C29/C292/塑料制品业相关。
56,PL058_佛山诗佳格科技有限公司新建项目_01_受理公告或公示版.pdf,E:\华南理工项目\环评文件汇总\01_GitHub项目与研究文档\eia-openclaw-sync-chen2026\05_QA测试集\人工核查_环评报告出处整理_20260715\环评报告文件_按问答顺序\PL058_佛山诗佳格科技有限公司新建项目_01_受理公告或公示版.pdf,.pdf,ok,"C2929 塑料零件及其塑料制品制造
C2929 塑料零件及其塑料制品制造，不在《产业结构调整指导目录(2024
C2929 塑料零件及
C2929 塑料零件及其塑料制品制造，根据《固定污染源排污许可分类管理名
2929 塑料零件及其塑料制品制造
2929 塑料零件及其塑料制品制造，不在《产业结构调整指导目录(2024","402 室 地理坐标 东经113 度21 分12.848 秒，北纬22 度48 分23.121 秒 国民经济 行业类别 C2929 塑料零件及其塑料制品制造 建设项目 行业类别 二十六、橡胶和塑料制品业 29-53 塑料制品业292-其他（年 用非溶剂型低VOCs 含量涂料10 吨以下的除外） 建设性质 √新建（迁建） 改建
22 度48 分23.121 秒 国民经济 行业类别 C2929 塑料零件及其塑料制品制造 建设项目 行业类别 二十六、橡胶和塑料制品业 29-53 塑料制品业292-其他（年 用非溶剂型低VOCs 含量涂料10 吨以下的除外） 建设性质 √新建（迁建） 改建 扩建 技术改造 建设项目 申报情形 √首次申报项目 不予批准后再次
秒 国民经济 行业类别 C2929 塑料零件及其塑料制品制造 建设项目 行业类别 二十六、橡胶和塑料制品业 29-53 塑料制品业292-其他（年 用非溶剂型低VOCs 含量涂料10 吨以下的除外） 建设性质 √新建（迁建） 改建 扩建 技术改造 建设项目 申报情形 √首次申报项目 不予批准后再次申报项目 超五年重新审
国家鼓励发展 的其他项目入园；优先向外向型企业、规 模效益型企业、科技型企业、重点企业和 产业链企业开放入园。 项目属于塑料制品业，不属于 园区严禁的三类工业和严格 限制的二类工业，不属于鼓励 类企业和优先类企业。 符合 园区内企业必须保证其全部废水预处理达 到广东省地方标准《水污染物排放限值》 （DB44/26-2001）第二
皆可依法平等进入，项目不在市场准入负面清单禁止和许可两类项目范围内，可依法平 等进入。 （2）产业政策相符性 本项目属于C2929 塑料零件及其塑料制品制造，不在《产业结构调整指导目录(2024 年本)》的限制类、淘汰类之列；本项目产品不属于《促进产业结构调整暂行规定》中 限制类、淘汰类之列，符合规定要求；本项目不涉及厚度小于0
放标准，则有机废气排气筒排 放浓度不高于相应的排放限值；车间或生 产设施排气中NMHC 初始排放速率≥3 项目所属行业为塑料制品业， 生产过程有机废气达到《合成 树脂工业污染物排放标准》 （GB 31572-2015，含2024 年 修改单）表4 大气污染物排放 限值：有组织排放浓度不超过 100mg/m3，厂区内无组织排放 N",塑胶行业,报告“国民经济行业类别/分类”或相邻字段显示 C29/C292/塑料制品业相关。
57,PL059_佛山市乔安电器有限公司迁建项目_01_受理公告或公示版.pdf,E:\华南理工项目\环评文件汇总\01_GitHub项目与研究文档\eia-openclaw-sync-chen2026\05_QA测试集\人工核查_环评报告出处整理_20260715\环评报告文件_按问答顺序\PL059_佛山市乔安电器有限公司迁建项目_01_受理公告或公示版.pdf,.pdf,ok,"C2929 塑料零件及其他塑料
C2929 塑料零件
C2929 塑料零件及其他塑料制品制造，根据国家发
2929 塑料零件及其他塑料
2929 塑料零件
2929 塑料零件及其他塑料制品制造，根据国家发","一 地理坐标 （东经：113 度13 分25.873 秒，北纬：22 度49 分36.561 秒） 国民经济 行业类别 C2929 塑料零件及其他塑料 制品制造 建设项目 行业类别 二十六、橡胶和塑料制品 业29 中“53 塑料制品业 292”中“其他（年用非溶 剂型低VOCs 含量涂料10 吨以下除外） 建设性质 ☑新建（迁建
经济 行业类别 C2929 塑料零件及其他塑料 制品制造 建设项目 行业类别 二十六、橡胶和塑料制品 业29 中“53 塑料制品业 292”中“其他（年用非溶 剂型低VOCs 含量涂料10 吨以下除外） 建设性质 ☑新建（迁建） □改建 □扩建 □技术改造 建设项目 申报情形 首次申报项目 □不予批准后再次申报项 目 □超五年
路板生产项目和化工项目应在配套污水 集中处置的工业园区或生活污水管网覆 盖区域内建设；纯加工型印花项目，含酸 项目属于C2929 塑料零件 及其他塑料制品制造，项 目生活污水经三级化粪 池处理达标后，通过市政 管网排入大门污水处理 厂处理，尾水排入顺德支 流；项目不涉及使用不锈 符合 【第8页】 3 洗、磷化的金属表面处理、
环境风险防控。 建设单位加强环境风险 分级分类管理，强化环境 风险管控。 符合 2、与产业政策相符性分析 项目所属行业为C2929 塑料零件及其他塑料制品制造，根据国家发 展改革委商务部关于印发《市场准入负面清单（2022 年版）》的通知（发 改体改规﹝2022﹞397 号），项目不属于上述目录所列的限制类和禁止准 【第10页
。 建设单位加强环境风险 分级分类管理，强化环境 风险管控。 符合 2、与产业政策相符性分析 项目所属行业为C2929 塑料零件及其他塑料制品制造，根据国家发 展改革委商务部关于印发《市场准入负面清单（2022 年版）》的通知（发 改体改规﹝2022﹞397 号），项目不属于上述目录所列的限制类和禁止准 【第10页】 5 入类严控类项目，也不
类管理名录（2021 年版）》（2021 年1 月1 日起施行）等有关建设项目环境保护管理的规定，本项 目属于“二十六、橡胶和塑料制品业29”中“53 塑料制品业292”中“其他（年用非 溶剂型低VOCs 含量涂料10 吨以下除外），应编制环境影响报告表。因此，佛山 市乔安电器有限公司委托我司承担项目的环境影响评价工作。 （1）建设内",塑胶行业,报告“国民经济行业类别/分类”或相邻字段显示 C29/C292/塑料制品业相关。
58,PL060_佛山市顺德区菱昌精密塑料五金实业有限公司新建项目_01_受理公告或公示版.pdf,E:\华南理工项目\环评文件汇总\01_GitHub项目与研究文档\eia-openclaw-sync-chen2026\05_QA测试集\人工核查_环评报告出处整理_20260715\环评报告文件_按问答顺序\PL060_佛山市顺德区菱昌精密塑料五金实业有限公司新建项目_01_受理公告或公示版.pdf,.pdf,ok,"C2929 塑料零件及其他塑
C2929 塑料零件及其他塑料制品制造，主要生产防水胶膜、
2929 塑料零件及其他塑
2929 塑料零件及其他塑料制品制造，主要生产防水胶膜、
2926 塑料包装箱及容器制造行业系数表-塑料片材（吸塑-裁切）VOCs排放系数，吸","9 号三层 地理坐标 东经113 度12 分25.300 秒，北纬22 度50 分33.238 秒 国民经济 行业类别 C2929 塑料零件及其他塑 料制品制造 建设项目 行业类别 “二十六、橡胶和塑料制品业 29”中“53 塑料制品业292” 的其他（年用非溶剂型低VOCs 含量涂料10 吨以下的除外） 建设性质 新建（迁建
度50 分33.238 秒 国民经济 行业类别 C2929 塑料零件及其他塑 料制品制造 建设项目 行业类别 “二十六、橡胶和塑料制品业 29”中“53 塑料制品业292” 的其他（年用非溶剂型低VOCs 含量涂料10 吨以下的除外） 建设性质 新建（迁建） 改建 扩建 技术改造 建设项目 申报情形 首次申报项目 不予批准
济 行业类别 C2929 塑料零件及其他塑 料制品制造 建设项目 行业类别 “二十六、橡胶和塑料制品业 29”中“53 塑料制品业292” 的其他（年用非溶剂型低VOCs 含量涂料10 吨以下的除外） 建设性质 新建（迁建） 改建 扩建 技术改造 建设项目 申报情形 首次申报项目 不予批准后再次申报项目 超五年重新
划为工业用地，符合规划要求。因此项 目选址合理。 2、项目与《环境保护综合名录》（2021 年版）相符性分析 本项目属于C2929 塑料零件及其他塑料制品制造，主要生产防水胶膜、 吸塑盒，项目不涉及《环境保护综合名录（2021 年版）》中的“高污染、高 环境风险”产品名录中的产品，符合《环境保护综合名录》（2021 年版）的 相
，符合规划要求。因此项 目选址合理。 2、项目与《环境保护综合名录》（2021 年版）相符性分析 本项目属于C2929 塑料零件及其他塑料制品制造，主要生产防水胶膜、 吸塑盒，项目不涉及《环境保护综合名录（2021 年版）》中的“高污染、高 环境风险”产品名录中的产品，符合《环境保护综合名录》（2021 年版）的 相关规定。 3、项目与广东省发
共和国生 态环境部令第16 号，2021 年1 月1 日起实施），本项目属于“二十六、橡胶和塑料 制品业29”中“53 塑料制品业292”的其他（年用非溶剂型低VOCs 含量涂料10 吨 以下的除外），按要求编写环境影响报告表。 2、工程组成 本项目建设性质为新建，根据项目房产证资料，项目生产车间所在的总高度为 28.02 米，",塑胶行业,报告“国民经济行业类别/分类”或相邻字段显示 C29/C292/塑料制品业相关。
59,PL061_佛山市德田科技有限公司建设项目_01_受理公告或公示版.pdf,E:\华南理工项目\环评文件汇总\01_GitHub项目与研究文档\eia-openclaw-sync-chen2026\05_QA测试集\人工核查_环评报告出处整理_20260715\环评报告文件_按问答顺序\PL061_佛山市德田科技有限公司建设项目_01_受理公告或公示版.pdf,.pdf,ok,"C2929 塑料零件及其他塑
C2923 塑料
2929 塑料零件及其他塑
2923 塑料","3 栋1008 室之一 地理坐标 东经113°21′12.623″，北纬22°48′24.548″ 国民经济 行业类别 C2929 塑料零件及其他塑 料制品制造；C2923 塑料 丝、绳及编织品制造 建设项目 行业类别 二十六、橡胶和塑料制品业 29，53、塑料制品业292，其 他（年用非溶剂型低VOCs 含量涂料10 吨以下的
3°21′12.623″，北纬22°48′24.548″ 国民经济 行业类别 C2929 塑料零件及其他塑 料制品制造；C2923 塑料 丝、绳及编织品制造 建设项目 行业类别 二十六、橡胶和塑料制品业 29，53、塑料制品业292，其 他（年用非溶剂型低VOCs 含量涂料10 吨以下的除外） 建设性质 新建（迁建） 改建
行业类别 C2929 塑料零件及其他塑 料制品制造；C2923 塑料 丝、绳及编织品制造 建设项目 行业类别 二十六、橡胶和塑料制品业 29，53、塑料制品业292，其 他（年用非溶剂型低VOCs 含量涂料10 吨以下的除外） 建设性质 新建（迁建） 改建 扩建 技术改造 建设项目 申报情形 首次申报项目 不予批准后再次
件及其他塑 料制品制造；C2923 塑料 丝、绳及编织品制造 建设项目 行业类别 二十六、橡胶和塑料制品业 29，53、塑料制品业292，其 他（年用非溶剂型低VOCs 含量涂料10 吨以下的除外） 建设性质 新建（迁建） 改建 扩建 技术改造 建设项目 申报情形 首次申报项目 不予批准后再次申报项目 超五年重新审
德智造创新服务中心； 重点发展高端商贸、金融、 科技服务、文创旅游等现 代服务业，建设顺德新城 城市CBD。 本项目属于塑料制品业， 虽不属于产业鼓励引导 类，但也不属于产业限制 类。 符合 1-2.【产业/综合类】系统 推进村级工业园升级改 造，腾出连片空间，布局 产业集聚区和主题产业 园，推动工业项目入园集 聚发展。新增工业
排 入附近内河涌。项目冷 却水槽废水为直接冷却 水，循环使用，经静置 后，用作如厕冲水。项 目纳污水体水质达标。项 目为塑料制品业，不涉及 酸洗、磷化等工艺，此外， 不属于产业限制类项目。 1-5.【产业/综合类】划定 家具生产优先发展区域， 优先发展区外不再新建涉 及涂装工艺的木质家具制 造项目。 项目不属于木质家具制 造项目",塑胶行业,报告“国民经济行业类别/分类”或相邻字段显示 C29/C292/塑料制品业相关。
60,PL062_佛山市车壹套塑料制品有限公司新建项目_01_受理公告或公示版.pdf,E:\华南理工项目\环评文件汇总\01_GitHub项目与研究文档\eia-openclaw-sync-chen2026\05_QA测试集\人工核查_环评报告出处整理_20260715\环评报告文件_按问答顺序\PL062_佛山市车壹套塑料制品有限公司新建项目_01_受理公告或公示版.pdf,.pdf,ok,"C2929 塑料零件及其塑料制品制造
C2929 塑料零件及其他塑料制品制造，不在《产业结构调整指导目录
C2929 塑料
C2929 塑料零件及其他塑料制品制造，根据《固定污染源排污许可分
2929 塑料零件及其塑料制品制造
2929 塑料零件及其他塑料制品制造，不在《产业结构调整指导目录","5 室 地理坐标 （东经113 度21 分18.872 秒，北纬22 度48 分27.145 秒） 国民经济 行业类别 C2929 塑料零件及其塑料制品制造 建设项目 行业类别 二十六、橡胶和塑料制品业 29-53 塑料制品业292-其他（年 用非溶剂型低VOCs 含量涂料10 吨以下的除外） 建设性质 √新建（迁建） 改建
2 度48 分27.145 秒） 国民经济 行业类别 C2929 塑料零件及其塑料制品制造 建设项目 行业类别 二十六、橡胶和塑料制品业 29-53 塑料制品业292-其他（年 用非溶剂型低VOCs 含量涂料10 吨以下的除外） 建设性质 √新建（迁建） 改建 扩建 技术改造 建设项目 申报情形 √首次申报项目 不予批准后再次
） 国民经济 行业类别 C2929 塑料零件及其塑料制品制造 建设项目 行业类别 二十六、橡胶和塑料制品业 29-53 塑料制品业292-其他（年 用非溶剂型低VOCs 含量涂料10 吨以下的除外） 建设性质 √新建（迁建） 改建 扩建 技术改造 建设项目 申报情形 √首次申报项目 不予批准后再次申报项目 超五年重新审
和国家鼓励发展的其他项目入园；优 先向外向型企业、规模效益型企业、科技型 企业、重点企业和产业链企业开放入园。 项目属于塑料制品业，不属 于园区严禁的三类工业和 严格限制的二类工业，不属 于鼓励类企业和优先类企 业。 符合 园区内企业必须保证其全部废水预处理达到 广东省地方标准《水污染物排放限值》 （DB44/26-2001）第
皆可依法 平等进入，项目不在市场准入负面清单禁止和许可两类项目范围内，可依法平等进入。 （2）产业政策相符性 本项目属于C2929 塑料零件及其他塑料制品制造，不在《产业结构调整指导目录 (2024 年本)》的限制类、淘汰类之列；本项目产品不属于《促进产业结构调整暂行规定》 【第7页】 — 3 — 中限制类、淘汰类之列，符合规
等进入，项目不在市场准入负面清单禁止和许可两类项目范围内，可依法平等进入。 （2）产业政策相符性 本项目属于C2929 塑料零件及其他塑料制品制造，不在《产业结构调整指导目录 (2024 年本)》的限制类、淘汰类之列；本项目产品不属于《促进产业结构调整暂行规定》 【第7页】 — 3 — 中限制类、淘汰类之列，符合规定要求；本项目不涉及厚度小于",塑胶行业,报告“国民经济行业类别/分类”或相邻字段显示 C29/C292/塑料制品业相关。
61,PL063_华硕(广东)新材料股份有限公司新建项目_01_报批稿或报告表.pdf,E:\华南理工项目\环评文件汇总\01_GitHub项目与研究文档\eia-openclaw-sync-chen2026\05_QA测试集\人工核查_环评报告出处整理_20260715\环评报告文件_按问答顺序\PL063_华硕(广东)新材料股份有限公司新建项目_01_报批稿或报告表.pdf,.pdf,ok,"C2921 塑料薄膜
C2921 塑料薄膜制造。主要从事食品包装膜的加工
C2921 塑料薄膜制
C2921 塑料薄膜制造，根据《固定污染源排
C2921
C2921 塑料薄膜制造行业系数表的挥发性有机物（以","单元 地理坐标 北纬：22 度48 分31.141 秒，东经：113 度21 分51.625 秒 国民经济 行业类别 C2921 塑料薄膜 制造 建设项目 行业类别 二十六、橡胶和塑料制品业29 —53 塑料制品业292—其他（年 用非溶剂型低VOCs 含量涂料10 吨以下的除外） 建设性质 ☑新建（迁建） □改建 □扩建 □
，东经：113 度21 分51.625 秒 国民经济 行业类别 C2921 塑料薄膜 制造 建设项目 行业类别 二十六、橡胶和塑料制品业29 —53 塑料制品业292—其他（年 用非溶剂型低VOCs 含量涂料10 吨以下的除外） 建设性质 ☑新建（迁建） □改建 □扩建 □技术改造 建设项目 申报情形 ☑首次申报项目 □不予批准后再次
.625 秒 国民经济 行业类别 C2921 塑料薄膜 制造 建设项目 行业类别 二十六、橡胶和塑料制品业29 —53 塑料制品业292—其他（年 用非溶剂型低VOCs 含量涂料10 吨以下的除外） 建设性质 ☑新建（迁建） □改建 □扩建 □技术改造 建设项目 申报情形 ☑首次申报项目 □不予批准后再次申报项目 □超五年重新审
清洁能源为燃 料。 项目使用能源全部是 电能，属于清洁能源。 符合 其他符合性分 析 1、与产业政策符合性分析 项目属于C2921 塑料薄膜制造。主要从事食品包装膜的加工 生产，不属于国家《产业结构调整指导目录（2024 年本）》、《广 【第8页】 — 3 — 东省禁止、限值生产、销售和使用的塑料制品目录（2020 年版）》
料。 项目使用能源全部是 电能，属于清洁能源。 符合 其他符合性分 析 1、与产业政策符合性分析 项目属于C2921 塑料薄膜制造。主要从事食品包装膜的加工 生产，不属于国家《产业结构调整指导目录（2024 年本）》、《广 【第8页】 — 3 — 东省禁止、限值生产、销售和使用的塑料制品目录（2020 年版）》 中的限值或淘汰
外的钢铁、原油加工等项目。本项 目不属于新建生产和使用高挥发性有机物原辅材料的项目，符合区 域布局管控要求。 ②项目所属橡胶和塑料制品业不属于高能耗行业。项目生产设 备使用电能，生产用水由市政供水，不直接取用江河湖库水量，不 会对项目所在地生态流量造成影响，符合能源利用要求。 ③项目属于新建项目，项目生活污水经三级化粪处理设施处理 后",塑胶行业,报告“国民经济行业类别/分类”或相邻字段显示 C29/C292/塑料制品业相关。
62,PL064_佛山汇诚科技有限公司新建项目_01_报批稿或报告表.pdf,E:\华南理工项目\环评文件汇总\01_GitHub项目与研究文档\eia-openclaw-sync-chen2026\05_QA测试集\人工核查_环评报告出处整理_20260715\环评报告文件_按问答顺序\PL064_佛山汇诚科技有限公司新建项目_01_报批稿或报告表.pdf,.pdf,ok,"C2929塑料零件及其
C2929 塑料零件及其他
C2929 塑料零件及其他塑料制品
C2929 塑料零件及其
C2929
C2929 塑料零件及其他塑料制品制造，根据《农","度14 分25.045 秒，北纬：22 度54 分26.695 秒） 国民经济 行业类别 C3329其他金属工具 制造 C2929塑料零件及其 他塑料制品制造 建设项目 行业类别 三十、金属制品业-66 金属工 具制造332-其他（仅分割、 焊接、组装的除外；年用非 溶剂型低VOCs 含量涂料10 吨以下的除外） 二十六、橡胶和
金属工 具制造332-其他（仅分割、 焊接、组装的除外；年用非 溶剂型低VOCs 含量涂料10 吨以下的除外） 二十六、橡胶和塑料制品业 -53 塑料制品业292-其他（年 用非溶剂型低VOCs 含量涂 料10 吨以下的除外） 建设性质 新建（迁建） □改建 □扩建 □技术改造 建设项目 申报情形 首次申报项目 □不予批准后再次申
（仅分割、 焊接、组装的除外；年用非 溶剂型低VOCs 含量涂料10 吨以下的除外） 二十六、橡胶和塑料制品业 -53 塑料制品业292-其他（年 用非溶剂型低VOCs 含量涂 料10 吨以下的除外） 建设性质 新建（迁建） □改建 □扩建 □技术改造 建设项目 申报情形 首次申报项目 □不予批准后再次申报项目 □超五年重新
的相符性分析表1-4。 其他 符合 性分 析 （1）与产业政策相符性分析 本项目所属行业为C3329 其他金属工具制造、C2929 塑料零件及其他 塑料制品制造，根据国家发展改革委商务部关于印发《市场准入负面清单 （2022 年版）》的通知（发改体改规〔2022〕397 号），项目不属于上述 目录所列的限制类和禁止准入类严控类项
东省发展改革委关于印发《广东省“两高”项目管理目录（2022 年版）》的通知粤发改能源函〔2022〕1363号，项目属于塑料制品业，主 要从事美工刀、塑料配件的产销，不属于煤电、石化、焦化、煤化工、化 工、钢铁、有色金属、建材等行业，不含“两高”产品或工序，符合政策 要求。 （2）用地相符性分析 项目选址位于广东省佛山市顺德区北
行业应当科学选址，设置合理的 防护距离，并安装净化装置或者采取其他措 施，防止排放恶臭污染物。 本项目属于金属制品业、 塑料制品业，选址位于工 业区内，恶臭污染物经集 气罩收集，通过“二级活 性炭吸附”装置处理后， 引至60m 排气筒高空排 放，恶臭污染物对附近大 气环境影响较小。 符合 3、关于印发《重点行业挥发性有机物综合治",塑胶行业,报告“国民经济行业类别/分类”或相邻字段显示 C29/C292/塑料制品业相关。
63,PL065_佛山市景素科科技有限公司建设项目_01_受理公告或公示版.pdf,E:\华南理工项目\环评文件汇总\01_GitHub项目与研究文档\eia-openclaw-sync-chen2026\05_QA测试集\人工核查_环评报告出处整理_20260715\环评报告文件_按问答顺序\PL065_佛山市景素科科技有限公司建设项目_01_受理公告或公示版.pdf,.pdf,ok,"C2929 塑料零件及其
C2929 塑料零件及其他塑料制品制造，根据《固定污染源排污许可
2929 塑料零件及其
2929塑料零件及其他塑料制品制造行
2929 塑料零件及其他塑料制品制造，根据《固定污染源排污许可","601、602 室 地理坐标 东经：113°21′55.243″，北纬：22°48′35.932″ 国民经济 行业类别 C2929 塑料零件及其 他塑料制品制造 建设项目 行业类别 二十六、橡胶和塑料制品业-53塑 料制品业--“其他（年用非溶剂型 低VOCS含量涂料10吨以下的除 外）” 建设性质 ☑新建（迁建） □改建 □扩
：22°48′35.932″ 国民经济 行业类别 C2929 塑料零件及其 他塑料制品制造 建设项目 行业类别 二十六、橡胶和塑料制品业-53塑 料制品业--“其他（年用非溶剂型 低VOCS含量涂料10吨以下的除 外）” 建设性质 ☑新建（迁建） □改建 □扩建 □技术改造 建设项目 申报情形 ☑首次申报项目 □不予批准后再次申报项目
生活污水和循环冷却 水，生活污水最终纳入 城市污水处理厂处理， 且纳污水体水质达标。 循环冷却水排入雨水 管网。 项目为塑料制品业，不 涉及酸洗、磷化等工 艺，此外，不属于产业 限制类项目。 符合 1-5.【产业/综合类】划定家 具生产优先发展区域，优先 发展区外不再新建涉及涂 装工艺的木质家具制造项 目。 项目不属于木质家具
建设项目以及 使用溶剂型油墨、涂料、清 洗剂、胶黏剂等高挥发性有 机物原辅材料项目，鼓励现 有该类项目搬迁退出。 项目为塑料制品业，生 产过程中不使用溶剂 型油墨、涂料、清洗剂、 胶黏剂等高挥发性有 机物原辅材料，故不属 于大气限制类，也不产 生有毒有害污染物。 符合 1-7.【大气/鼓励引导类】大 气环境高排放重点管控区 内，
无 废水回用处理工艺设施、技术 经济可行性论述，无回用相关 存储及管路设置等工程措施 的项目，不得通过回用或“零 项目为塑料制品业，生 产工艺不涉及有机喷 涂，废水主要为生活污 水，生活污水最终纳入 城市污水处理厂处理， 间接冷却水排入雨水管 网，废水产排简单。且 项目所在工业聚集区已 实现雨污分流，间接冷 却的清净下水排入雨水
行环境影响审批制度。同时依据《建设项目环境影响评价分类管理目录》 （2021 年版，部令第16 号），本项目属于二十六、橡胶和塑料制品业-53 塑料制品业--“其 他（年用非溶剂型低VOCS 含量涂料10 吨以下的除外）”类别，该项目应编制环境影响 报告表。 项目具体工程组成见下表： 表2-1 项目工程组成 类别 工程名称 工程内容",塑胶行业,报告“国民经济行业类别/分类”或相邻字段显示 C29/C292/塑料制品业相关。
64,PL066_佛山市智鑫塑胶制品有限公司迁扩建项目_01_报批稿或报告表.pdf,E:\华南理工项目\环评文件汇总\01_GitHub项目与研究文档\eia-openclaw-sync-chen2026\05_QA测试集\人工核查_环评报告出处整理_20260715\环评报告文件_按问答顺序\PL066_佛山市智鑫塑胶制品有限公司迁扩建项目_01_报批稿或报告表.pdf,.pdf,ok,"C2929 塑料零件及其他
C2929 塑
2929 塑料零件及其他
2929 塑料零件及其他塑料制
2929 塑料
2929 塑","层 地理坐标 （ 22 度 51 分5.153 秒，113 度 10 分8.471 秒） 国民经济 行业类别 C2929 塑料零件及其他 塑料制品制造 建设项目 行业类别 26—053塑料制品业292：其他 （年用非溶剂型低VOCs含量涂料 10吨以下的除外） 建设性质  新建（迁建） □ 改建 扩建
471 秒） 国民经济 行业类别 C2929 塑料零件及其他 塑料制品制造 建设项目 行业类别 26—053塑料制品业292：其他 （年用非溶剂型低VOCs含量涂料 10吨以下的除外） 建设性质  新建（迁建） □ 改建 扩建 □ 技术改造 建设项目 申报情形 R 首次申报项目
源/综合类】科学实施能源消费总 量和强度“双控”，新建高能耗项目单位产 品（产值）能耗达到国际国内先进水平。 本项目为C2929 塑料零件及其他 塑料制品制造，项目使用低 VOCs 原料不属于新建的高能耗 项目。 符合 2-4.【水资源/综合类】贯彻落实“节水优 先”方针，实行最严格水资源管理制度， 勒流街道万元国内生产总
s 含量限值质量 标 准，禁止建设生产和使用高 VOCs 含 量的溶剂型涂料、油 墨、胶粘剂等项 目。 项目所属行业为塑料制品业； 项 目使用的原辅材料有均不属于高 VOCs 含量原辅 材料。项目注塑 废气经集气罩收集后与丝印、清 洁部分废气经整室收集，烘干废 气经设备内自带密闭管道收集， 收集的废气一并汇入“二级活性炭 吸
P、PA、ABS 塑料粒注塑过程产生的有机废气统一以非甲烷总烃计 算，参考《排放源统计调查产排污核算方法和系数手册》中表2929 塑料零件及其他塑料制 品制造行业系数表，塑料零件产污系数：非甲烷总烃排放系数为2.7kg/t-产品，根据建设单 位提供的资料，项目注塑产品量为80.3t/a，则项目塑料产生的非甲烷总烃约为0.217
，污染因子以非甲烷总烃计注塑过程产生的有机废气 统一以非甲烷总烃计算，参考《排放源统计调查产排污核算方法和系数手册》中表2929 塑料 零件及其他塑料制品制造行业系数表，塑料零件产污系数：非甲烷总烃排放系数为2.7kg/t-产 品，根据建设单位提供的资料，项目注塑产品量为874 t/a，每天生产16 小时，则项目塑料产 生的非",塑胶行业,报告“国民经济行业类别/分类”或相邻字段显示 C29/C292/塑料制品业相关。
65,PL067_佛山市玖心日用品有限公司新建项目_01_报批稿或报告表.pdf,E:\华南理工项目\环评文件汇总\01_GitHub项目与研究文档\eia-openclaw-sync-chen2026\05_QA测试集\人工核查_环评报告出处整理_20260715\环评报告文件_按问答顺序\PL067_佛山市玖心日用品有限公司新建项目_01_报批稿或报告表.pdf,.pdf,ok,"C2926 塑料包装箱及容器制
C2913 橡胶零件制造
C2926 塑料包装箱及容器制造、C2913 橡胶零件制造，根据
C2926 塑料包装箱及
C2913 橡胶零件制
C2926 塑料包装箱及容器制造、C2913","层（具体地址） 地理坐标 （113 度15 分30.787 秒，22 度54 分29.188 秒） 国民经济 行业类别 C2926 塑料包装箱及容器制 造、C2913 橡胶零件制造 建设项目 行业类别 二十六、橡胶和塑料制品业 29-52 橡胶制品业291-其他； 53 塑料制品业292-其他（年用 非溶剂型低VOCs 含量涂料
8 秒） 国民经济 行业类别 C2926 塑料包装箱及容器制 造、C2913 橡胶零件制造 建设项目 行业类别 二十六、橡胶和塑料制品业 29-52 橡胶制品业291-其他； 53 塑料制品业292-其他（年用 非溶剂型低VOCs 含量涂料10 吨以下的除外） 建设性质 新建（迁建） 改建 扩建 技术改造 建设项目 申报情形
造、C2913 橡胶零件制造 建设项目 行业类别 二十六、橡胶和塑料制品业 29-52 橡胶制品业291-其他； 53 塑料制品业292-其他（年用 非溶剂型低VOCs 含量涂料10 吨以下的除外） 建设性质 新建（迁建） 改建 扩建 技术改造 建设项目 申报情形 首次申报项目 不予批准后再次申报项目 超五年重新审
安全生产、工艺技术等特殊要求外，应一律安排进入开发区（产 业园区）生产建设”的要求。 2、与产业政策相符性分析 项目属于C2926 塑料包装箱及容器制造、C2913 橡胶零件制造，根据 《产业结构调整指导目录（2019 年本）》及2021 年修改单的规定，项目 不属于目录所列的鼓励类、限制类、禁止（淘汰）类项目，属于允许类。 根
艺技术等特殊要求外，应一律安排进入开发区（产 业园区）生产建设”的要求。 2、与产业政策相符性分析 项目属于C2926 塑料包装箱及容器制造、C2913 橡胶零件制造，根据 《产业结构调整指导目录（2019 年本）》及2021 年修改单的规定，项目 不属于目录所列的鼓励类、限制类、禁止（淘汰）类项目，属于允许类。 根据《市场准入负面清单（
展节水改 造，提高工业用水效率。加强 江河湖库水量调度，保障生态 流量。盘活存量建设用地，控 制新增用地规模。 项目属于C2926 塑料包装箱及 容器制造、C2913 橡胶零件制 造，不属于高能耗行业，项目 生产设备使用电能，生活用水 和冷却塔补充用水由市政供 水，不直接取用江河湖库水量， 不会对项目所在地生态流量造 成影响，项",塑胶行业,报告“国民经济行业类别/分类”或相邻字段显示 C29/C292/塑料制品业相关。
66,PL068_佛山市靓禾厨卫用品有限公司新建项目_01_受理公告或公示版.pdf,E:\华南理工项目\环评文件汇总\01_GitHub项目与研究文档\eia-openclaw-sync-chen2026\05_QA测试集\人工核查_环评报告出处整理_20260715\环评报告文件_按问答顺序\PL068_佛山市靓禾厨卫用品有限公司新建项目_01_受理公告或公示版.pdf,.pdf,ok,"C2927 日用塑料制品制造
C2929 塑料零件及其他塑料制
C2927 日用塑料制品制造、C2929 塑
C2927 日用塑料
C2929 塑料零件
C2927 日用","洲大道东61 号C 栋 地理坐标 E113°17'35.1299""，N22°45'13.0154"" 国民经济 行业类别 C2927 日用塑料制品制造 C2929 塑料零件及其他塑料制 品制造 建设项目 行业类别 二十六、橡胶和塑料制品业 29—53.塑料制品业292—其 他（年用非溶剂型低VOCs 含量涂料10 吨以下的除外）
号C 栋 地理坐标 E113°17'35.1299""，N22°45'13.0154"" 国民经济 行业类别 C2927 日用塑料制品制造 C2929 塑料零件及其他塑料制 品制造 建设项目 行业类别 二十六、橡胶和塑料制品业 29—53.塑料制品业292—其 他（年用非溶剂型低VOCs 含量涂料10 吨以下的除外） 建设性质 新建（
标 E113°17'35.1299""，N22°45'13.0154"" 国民经济 行业类别 C2927 日用塑料制品制造 C2929 塑料零件及其他塑料制 品制造 建设项目 行业类别 二十六、橡胶和塑料制品业 29—53.塑料制品业292—其 他（年用非溶剂型低VOCs 含量涂料10 吨以下的除外） 建设性质 新建（迁建） □改
国民经济 行业类别 C2927 日用塑料制品制造 C2929 塑料零件及其他塑料制 品制造 建设项目 行业类别 二十六、橡胶和塑料制品业 29—53.塑料制品业292—其 他（年用非溶剂型低VOCs 含量涂料10 吨以下的除外） 建设性质 新建（迁建） □改建 扩建 □技术改造 建设项目 申报情形 首次申报项目 □不予批准后再次
日用塑料制品制造 C2929 塑料零件及其他塑料制 品制造 建设项目 行业类别 二十六、橡胶和塑料制品业 29—53.塑料制品业292—其 他（年用非溶剂型低VOCs 含量涂料10 吨以下的除外） 建设性质 新建（迁建） □改建 扩建 □技术改造 建设项目 申报情形 首次申报项目 □不予批准后再次申报项目 超五年重新审
车间通排风，对周边环境影响较小；本项目声环境质量能 满足相应的标准要求。 符合 环保准入负面 清单 项目行业类别及代码为C2927 日用塑料制品制造、C2929 塑 料零件及其他塑料制品制造，根据国家发展改革委商务部关 于印发《市场准入负面清单（2022 年版）》的规定，本项目 不属于清单中规定的禁止类和需要许可类项目。 符合",塑胶行业,报告“国民经济行业类别/分类”或相邻字段显示 C29/C292/塑料制品业相关。
67,PL069_万业诚新材料(佛山)有限公司迁建项目_01_受理公告或公示版.pdf,E:\华南理工项目\环评文件汇总\01_GitHub项目与研究文档\eia-openclaw-sync-chen2026\05_QA测试集\人工核查_环评报告出处整理_20260715\环评报告文件_按问答顺序\PL069_万业诚新材料(佛山)有限公司迁建项目_01_受理公告或公示版.pdf,.pdf,ok,"C2924 泡沫塑料制造
C2924 泡沫塑料制造。
C2924 泡沫塑料制造，根据国
C2924 泡
C2924 泡沫塑料
2924 泡沫塑料制造","浦工业区均荷路2 号之一 地理坐标 东经113°6'16.366""，北纬22°42'40.453"" 国民经济 行业类别 C2924 泡沫塑料制造 建设项目 行业类别 二十六、橡胶和塑料制品业29- 53 塑料制品业292－其他（年 用非溶剂型低VOCS含量涂料 10 吨以下的除外） 建设性质 ☑新建（迁建） □改建 □扩建 □技
路2 号之一 地理坐标 东经113°6'16.366""，北纬22°42'40.453"" 国民经济 行业类别 C2924 泡沫塑料制造 建设项目 行业类别 二十六、橡胶和塑料制品业29- 53 塑料制品业292－其他（年 用非溶剂型低VOCS含量涂料 10 吨以下的除外） 建设性质 ☑新建（迁建） □改建 □扩建 □技术改造 建设项
6.366""，北纬22°42'40.453"" 国民经济 行业类别 C2924 泡沫塑料制造 建设项目 行业类别 二十六、橡胶和塑料制品业29- 53 塑料制品业292－其他（年 用非溶剂型低VOCS含量涂料 10 吨以下的除外） 建设性质 ☑新建（迁建） □改建 □扩建 □技术改造 建设项目 申报情形 ☑首次申报项目 □不予批准后再次
40.453"" 国民经济 行业类别 C2924 泡沫塑料制造 建设项目 行业类别 二十六、橡胶和塑料制品业29- 53 塑料制品业292－其他（年 用非溶剂型低VOCS含量涂料 10 吨以下的除外） 建设性质 ☑新建（迁建） □改建 □扩建 □技术改造 建设项目 申报情形 ☑首次申报项目 □不予批准后再次申报项目 □超五年重新审
目所在地用地性质 属于工业用地，本项目的建设符合用地要求，故项目用地符合当地 规划。 2、产业政策符合性 项目所属行业为C2924 泡沫塑料制造。 （1）与《产业结构调整指导目录（2019 年本）》及其修改单 的相符性分析 根据国家《产业结构调整指导目录（2019 年本）》（中华人民 共和国国家发展和改革委员会令第29 号）及其
性质 属于工业用地，本项目的建设符合用地要求，故项目用地符合当地 规划。 2、产业政策符合性 项目所属行业为C2924 泡沫塑料制造。 （1）与《产业结构调整指导目录（2019 年本）》及其修改单 的相符性分析 根据国家《产业结构调整指导目录（2019 年本）》（中华人民 共和国国家发展和改革委员会令第29 号）及其修改单、《国家",塑胶行业,报告“国民经济行业类别/分类”或相邻字段显示 C29/C292/塑料制品业相关。
68,PL070_广东顺德顺炎新材料股份有限公司年产改性塑料粒6万吨迁扩建项目_01_报批稿或报告表.pdf,E:\华南理工项目\环评文件汇总\01_GitHub项目与研究文档\eia-openclaw-sync-chen2026\05_QA测试集\人工核查_环评报告出处整理_20260715\环评报告文件_按问答顺序\PL070_广东顺德顺炎新材料股份有限公司年产改性塑料粒6万吨迁扩建项目_01_报批稿或报告表.pdf,.pdf,ok,"C2929 塑料零件及其他塑料
C2929 塑
C2929 塑料零件及其他塑
C2929 塑料零件及其
C2929 塑料零件及其他塑料制品制造，根据国家《产业结
2929 塑料零件及其他塑料","业区10 路1 号 地理坐标 （22 度46 分4.947 秒，113 度9 分58.679 秒） 国民经济 行业类别 C2929 塑料零件及其他塑料 制品制造 建设项目 行业类别 二十六、橡胶和塑料制品业53 塑料制 品业 建设性质 新建（迁建） 改建 扩建 技术改造 建设项目 申报情形 首次申报项目 不予批准后再
度9 分58.679 秒） 国民经济 行业类别 C2929 塑料零件及其他塑料 制品制造 建设项目 行业类别 二十六、橡胶和塑料制品业53 塑料制 品业 建设性质 新建（迁建） 改建 扩建 技术改造 建设项目 申报情形 首次申报项目 不予批准后再次申报项目 超五年重新审核项目 重大变动搬迁项目 项目审批（核准/ 备案
发展塑料专业市 场，培育智能家居创新创业产业链，依托顺 德新港发展临港加工和物流产业，发展现代 农业。 本项目行业类别为C2929 塑 料零件及其他塑料制品制 造，不属于文件所述新材料、 智能家居、先进装备制造业、 汽车配件等产业以及军民融 合产业。 / 1-3.【产业/综合类】系统推进村级工业园升 级改造，腾出连片空间，布局产
境状况公报的通 知》（佛环顺函〔2023〕26 号），顺德支流新涌断面监 测的水质达到了Ⅲ类标准 要求；项目行业类别为 C2929 塑料零件及其他塑 料制品制造，不属于以下项 目：线路板生产项目和化工 项目目；纯加工型印花项 目，纯加工型印花项目，含 酸洗、磷化的金属表面处 理、金属制品项目，含酸洗、 喷涂、拉丝、表面抛光等工
引导类】推广新能源汽车应 用和充电基础设施建设，积极推动重卡LNG 加气站、充电基础设施、加氢站建设。 本项目行业类别为C2929 塑 料零件及其他塑料制品制 造，不属于文件所述新能源 汽车和充电基础设施、重卡 LNG 加气站、充电基础设 施、加氢站建设。 / 2-3.【能源/综合类】科学实施能源消费总量 和强度“双控”，新建高
色金属冶炼和压延加 工业；非金属矿物制品业； 石油、煤炭及其他燃料加工 业；电力、热力生产和供应 业，本项目行业类别为 C2929 塑料零件及其他塑 料制品制造，不属于以上行 业。 符合 2-4.【水资源/综合类】贯彻落实“节水优先” 方针，实行最严格水资源管理制度，杏坛镇 万元国内生产总值用水量、万元工业增加值 用水量、用水总",塑胶行业,报告“国民经济行业类别/分类”或相邻字段显示 C29/C292/塑料制品业相关。
69,PL071_佛山市顺德区耀顺欣模具厂新建项目_01_受理公告或公示版.pdf,E:\华南理工项目\环评文件汇总\01_GitHub项目与研究文档\eia-openclaw-sync-chen2026\05_QA测试集\人工核查_环评报告出处整理_20260715\环评报告文件_按问答顺序\PL071_佛山市顺德区耀顺欣模具厂新建项目_01_受理公告或公示版.pdf,.pdf,ok,"C2929 塑料零件及其他
C2929 塑料零件及其他塑料制品制造，根据《产业结
C2929 塑料零件及其他塑料制
C2929 塑料零件及其他塑料制品制造，根据《固定污染源排污许可
2929 塑料零件及其他
2929 塑料零件及其他塑料制品制造，根据《产业结","五层503 地理坐标 东经113 度19 分18.915 秒，北纬22 度45 分35.816 秒 国民经济 行业类别 C2929 塑料零件及其他 塑料制品制造 建设项目 行业类别 二十六、橡胶和塑料制品业 29—53 塑料制品业292—其他 （年用非溶剂型低VOCs 含量涂 料10 吨以下的除外） 建设性质 ☑新建（迁建） □
度45 分35.816 秒 国民经济 行业类别 C2929 塑料零件及其他 塑料制品制造 建设项目 行业类别 二十六、橡胶和塑料制品业 29—53 塑料制品业292—其他 （年用非溶剂型低VOCs 含量涂 料10 吨以下的除外） 建设性质 ☑新建（迁建） □改建 □扩建 □技术改造 建设项目 申报情形 ☑首次申报项目 □不予批准后再
国民经济 行业类别 C2929 塑料零件及其他 塑料制品制造 建设项目 行业类别 二十六、橡胶和塑料制品业 29—53 塑料制品业292—其他 （年用非溶剂型低VOCs 含量涂 料10 吨以下的除外） 建设性质 ☑新建（迁建） □改建 □扩建 □技术改造 建设项目 申报情形 ☑首次申报项目 □不予批准后再次申报项目 □超五年重新
德区总体规划的要求，符合所在地块的土地利用性 质，选址合理。 其他符合性 分析 1、与产业政策符合性分析 项目所属行业为C2929 塑料零件及其他塑料制品制造，根据《产业结 构调整指导目录（2024 年本）》的规定，项目不属于上述目录所列的鼓励 类、限制类和禁止（淘汰）类项目，项目属于允许类。根据《市场准入负 面清单（2022
的要求，符合所在地块的土地利用性 质，选址合理。 其他符合性 分析 1、与产业政策符合性分析 项目所属行业为C2929 塑料零件及其他塑料制品制造，根据《产业结 构调整指导目录（2024 年本）》的规定，项目不属于上述目录所列的鼓励 类、限制类和禁止（淘汰）类项目，项目属于允许类。根据《市场准入负 面清单（2022 年版）》的规定，本项目不属于
以无组织形式排放，对周边环境影响较小；本项 目声环境质量能满足相应的标准要求。 环保准入负 面清单 项目行业类别及代码为C2929 塑料零件及其他塑料制 品制造，根据国家发展改革委商务部关于印发《市场准 入负面清单（2022 年版）》的规定，本项目不属于清 单中规定的禁止类和需要许可类项目。根据《产业结构 调整指导目录（2019",塑胶行业,报告“国民经济行业类别/分类”或相邻字段显示 C29/C292/塑料制品业相关。
70,PL072_佛山市至贤科技有限公司新建项目_01_受理公告或公示版.pdf,E:\华南理工项目\环评文件汇总\01_GitHub项目与研究文档\eia-openclaw-sync-chen2026\05_QA测试集\人工核查_环评报告出处整理_20260715\环评报告文件_按问答顺序\PL072_佛山市至贤科技有限公司新建项目_01_受理公告或公示版.pdf,.pdf,ok,"C2926 塑料包装箱及
C2926 塑料包装
C2926 塑料包装箱及容器制造，根据《固定污染源排污许可分
C2926 塑料包装箱及容器制造，本项目大气污
C2926 塑料包装箱及容器制造，根据《固定污
2926 塑料包装箱及","之一 地理坐标 （东经：113 度22 分9.186 秒，北纬：22 度49 分12.478 秒） 国民经济 行业类别 C2926 塑料包装箱及 容器制造 建设项目 行业类别 二十六、橡胶和塑料制品业53 塑料制品业292-其他（年用非 溶剂型低VOC 含量涂料10 吨 以下的除外） 建设性质 新建（迁建） 改建 扩建 
22 度49 分12.478 秒） 国民经济 行业类别 C2926 塑料包装箱及 容器制造 建设项目 行业类别 二十六、橡胶和塑料制品业53 塑料制品业292-其他（年用非 溶剂型低VOC 含量涂料10 吨 以下的除外） 建设性质 新建（迁建） 改建 扩建 技术改造 建设项目 申报情形 首次申报项目 不予批准后再次申报项目
478 秒） 国民经济 行业类别 C2926 塑料包装箱及 容器制造 建设项目 行业类别 二十六、橡胶和塑料制品业53 塑料制品业292-其他（年用非 溶剂型低VOC 含量涂料10 吨 以下的除外） 建设性质 新建（迁建） 改建 扩建 技术改造 建设项目 申报情形 首次申报项目 不予批准后再次申报项目 超五年重新审
家鼓励发展 的其他项目入园；优先向外向型 企业、规模效益型企业、科技型 企业、重点企业和产业链企业开 放入园。 项目属于塑料制品业，不属于园 区严禁的三类工业和严格限制 的二类工业。 符合 园区内企业必须保证其全部废 水预处理达到广东省地方标准 《水污染物排放限值》 （DB44/26-2001）第二时段三级 标准及广东省《水污染
办理了 合法的租赁手续。因此建设项目的选址与土地利用规划基本相符。 【第7页】 3 2、与产业政策符合性分析 本项目为塑料制品业，根据国家发展改革委商务部关于印发《市场 准入负面清单（2022 年版）》的通知（发改体改规﹝2022﹞397 号）、《产 业结构调整指导目录（2024 年本）》（中华人民共和国国家发展和改革委 员会
面清单（2022 年版）》所列 的禁止准入及需许可准入事项，因此，本项目的建设符合国家和地方的 相关产业政策。 本项目为塑料制品业，年产冰箱塑料内胆15 万个/年、红酒柜塑料 内胆15 万个/年。不属于《环境保护综合名录（2021 年版）》“高污染、 高环境风险”、“高环境风险”产品名录内的产品，符合产业政策要求。 3、与广东省",塑胶行业,报告“国民经济行业类别/分类”或相邻字段显示 C29/C292/塑料制品业相关。
71,PL073_佛山市安邵塑胶制品有限公司新建项目_01_报批稿或报告表.pdf,E:\华南理工项目\环评文件汇总\01_GitHub项目与研究文档\eia-openclaw-sync-chen2026\05_QA测试集\人工核查_环评报告出处整理_20260715\环评报告文件_按问答顺序\PL073_佛山市安邵塑胶制品有限公司新建项目_01_报批稿或报告表.pdf,.pdf,ok,"C2929 塑料零件及其
C2929 塑料零件及其他塑料制品制造，根据《产业结
C2929塑料零件及其他塑料制品制造，根据
C2929 塑料零件及其他塑料制品制造，根
C2929 塑料零件及其他塑料制品制
C2929 塑料零件","14 栋201 地理坐标 （113 度12 分10.119 秒，22 度50 分29.695 秒） 国民经济 行业类别 C2929 塑料零件及其 他塑料制品制造 建设项目 行业类别 二十六、橡胶和塑料制品业 29-53 塑料制品业292-其他（年 用非溶剂型低VOCs 含量涂料10 吨以下的除外） 建设性质 新建（迁建） 改
度50 分29.695 秒） 国民经济 行业类别 C2929 塑料零件及其 他塑料制品制造 建设项目 行业类别 二十六、橡胶和塑料制品业 29-53 塑料制品业292-其他（年 用非溶剂型低VOCs 含量涂料10 吨以下的除外） 建设性质 新建（迁建） 改建 扩建 技术改造 建设项目 申报情形 首次申报项目 不予批准后再次
国民经济 行业类别 C2929 塑料零件及其 他塑料制品制造 建设项目 行业类别 二十六、橡胶和塑料制品业 29-53 塑料制品业292-其他（年 用非溶剂型低VOCs 含量涂料10 吨以下的除外） 建设性质 新建（迁建） 改建 扩建 技术改造 建设项目 申报情形 首次申报项目 不予批准后再次申报项目 超五年重新审
规划及规 划环境影 响评价符 合性分析 无 【第6页】 2 其他符合 性分析 1、与产业政策相符性分析 项目主要从事C2929 塑料零件及其他塑料制品制造，根据《产业结 构调整指导目录（2024 年本）》的规定，项目不属于目录所列的鼓励类、 限制类、禁止（淘汰）类项目，也不属于《市场准入负面清单（2022 年 版）》（发改体
划环境影 响评价符 合性分析 无 【第6页】 2 其他符合 性分析 1、与产业政策相符性分析 项目主要从事C2929 塑料零件及其他塑料制品制造，根据《产业结 构调整指导目录（2024 年本）》的规定，项目不属于目录所列的鼓励类、 限制类、禁止（淘汰）类项目，也不属于《市场准入负面清单（2022 年 版）》（发改体改规〔2022〕397 号）
于《市场准入负面清单（2022 年 版）》（发改体改规〔2022〕397 号）中的禁止准入事项。 本项目行业类别及代码为C2929塑料零件及其他塑料制品制造，根据 广东省发展改革委关于印发《广东省“两高”项目管理名录（2022年版）》 的通知（粤发改能源函〔2022〕1363号），本项目不属于“两高”项目。 本项目行业类别及代码",塑胶行业,报告“国民经济行业类别/分类”或相邻字段显示 C29/C292/塑料制品业相关。
72,PL074_佛山市思莱拓科技有限公司新建项目_01_受理公告或公示版.pdf,E:\华南理工项目\环评文件汇总\01_GitHub项目与研究文档\eia-openclaw-sync-chen2026\05_QA测试集\人工核查_环评报告出处整理_20260715\环评报告文件_按问答顺序\PL074_佛山市思莱拓科技有限公司新建项目_01_受理公告或公示版.pdf,.pdf,ok,"C2929 塑料零件及其塑料制品制
C2929 塑料零件及其他塑料制品制造和C3525 模具制造，不在《产业结
C2929 塑料
C2929 塑料零件及其他塑料制品制造，根据《固定污染源排污许可分
2929 塑料零件及其塑料制品制
2929 塑料零件及其他塑料制品制造和C3525 模具制造，不在《产业结","一 地理坐标 （东经113 度21 分50.4585 秒，北纬22 度48 分26.0662 秒） 国民经济 行业类别 C2929 塑料零件及其塑料制品制 造 C3525 模具制造 建设项目 行业类别 二十六、橡胶和塑料制品业 29-53 塑料制品业292-其他（年 用非溶剂型低VOCs 含量涂料10 吨以下的除外） 建设性质
2 秒） 国民经济 行业类别 C2929 塑料零件及其塑料制品制 造 C3525 模具制造 建设项目 行业类别 二十六、橡胶和塑料制品业 29-53 塑料制品业292-其他（年 用非溶剂型低VOCs 含量涂料10 吨以下的除外） 建设性质 √新建（迁建） 改建 扩建 技术改造 建设项目 申报情形 √首次申报项目 不予批准后再次
C2929 塑料零件及其塑料制品制 造 C3525 模具制造 建设项目 行业类别 二十六、橡胶和塑料制品业 29-53 塑料制品业292-其他（年 用非溶剂型低VOCs 含量涂料10 吨以下的除外） 建设性质 √新建（迁建） 改建 扩建 技术改造 建设项目 申报情形 √首次申报项目 不予批准后再次申报项目 超五年重新审
国家鼓励发展的其他项目入园；优先向外向型 企业、规模效益型企业、科技型企业、重点企 业和产业链企业开放入园。 项目属于塑料制品业，不属 于园区严禁的三类工业和 严格限制的二类工业，不属 于鼓励类企业和优先类企 业。 符合 园区内企业必须保证其全部废水预处理达到广 东省地方标准《水污染物排放限值》 （DB44/26-2001）第
皆可依法平 等进入，项目不在市场准入负面清单禁止和许可两类项目范围内，可依法平等进入。 （2）产业政策相符性 本项目属于C2929 塑料零件及其他塑料制品制造和C3525 模具制造，不在《产业结 构调整指导目录(2024 年本)》的限制类、淘汰类之列；本项目产品不属于《促进产业结构 调整暂行规定》中限制类、淘汰类之列，符合规定要
等进入，项目不在市场准入负面清单禁止和许可两类项目范围内，可依法平等进入。 （2）产业政策相符性 本项目属于C2929 塑料零件及其他塑料制品制造和C3525 模具制造，不在《产业结 构调整指导目录(2024 年本)》的限制类、淘汰类之列；本项目产品不属于《促进产业结构 调整暂行规定》中限制类、淘汰类之列，符合规定要求；本项目不涉及厚度小于0.",塑胶行业,报告“国民经济行业类别/分类”或相邻字段显示 C29/C292/塑料制品业相关。
73,PL075_佛山市昊芸照明有限公司新建项目_01_受理公告或公示版.pdf,E:\华南理工项目\环评文件汇总\01_GitHub项目与研究文档\eia-openclaw-sync-chen2026\05_QA测试集\人工核查_环评报告出处整理_20260715\环评报告文件_按问答顺序\PL075_佛山市昊芸照明有限公司新建项目_01_受理公告或公示版.pdf,.pdf,ok,"C2929 塑料零件及其他
C2929 塑料零件及其他塑料制品制造、C3872 照明灯具
C2929 塑料零件及其他塑料制品制造、C3872 照明
C2929 塑料零件及其他塑料制品制造、C3872 照明灯具制造，根据《市场准入负面清单》（2022
C2929 塑料零件及其他塑料制品制
C2929塑料零件及其他塑料制品制造、C3872","、四 楼之3 地理坐标 东经113 度9 分39.640 秒，北纬22 度41 分15.241 秒 国民经济 行业类别 C2929 塑料零件及其他 塑料制品制造、C3872 照明灯具制造 建设项目 行业类别 二十六、橡胶和塑料制品业 29-53 塑料制品业292-其他（年 用非溶剂型低VOCs 含量涂料 10 吨以下的除外）；
秒 国民经济 行业类别 C2929 塑料零件及其他 塑料制品制造、C3872 照明灯具制造 建设项目 行业类别 二十六、橡胶和塑料制品业 29-53 塑料制品业292-其他（年 用非溶剂型低VOCs 含量涂料 10 吨以下的除外）； 三十五、电气机械和器材制造 业38-77 照明器具制造387-其 他（仅分割、焊接、组装的除 外；年用
29 塑料零件及其他 塑料制品制造、C3872 照明灯具制造 建设项目 行业类别 二十六、橡胶和塑料制品业 29-53 塑料制品业292-其他（年 用非溶剂型低VOCs 含量涂料 10 吨以下的除外）； 三十五、电气机械和器材制造 业38-77 照明器具制造387-其 他（仅分割、焊接、组装的除 外；年用非溶剂型低VOCs 含
安全生产、工艺技术等特殊要求外，应一律 安排进入开发区（产业园区）生产建设”的要求。 2、与产业政策相符性分析 项目属于C2929 塑料零件及其他塑料制品制造、C3872 照明灯具 制造，根据《产业结构调整指导目录（2024 年本）》的规定，项目不 属于目录所列的鼓励类、限制类、禁止（淘汰）类项目，属于允许类。 根据《市场准入负
艺技术等特殊要求外，应一律 安排进入开发区（产业园区）生产建设”的要求。 2、与产业政策相符性分析 项目属于C2929 塑料零件及其他塑料制品制造、C3872 照明灯具 制造，根据《产业结构调整指导目录（2024 年本）》的规定，项目不 属于目录所列的鼓励类、限制类、禁止（淘汰）类项目，属于允许类。 根据《市场准入负面清单（2022 年版）》（
业开展节水改造， 提高工业用水效率。加强江河湖库水量调度，保障生态流量。 盘活存量建设用地，控制新增用地规模。 项目属于C2929 塑料零件及其他塑料制品制造、C3872 照明 灯具制造，不属于高能耗行业，项目生产设备使用电能，生 活用水和冷却塔补充用水由市政供水，不直接取用江河湖库 水量，不会对项目所在地生态流量造成影响，项目",塑胶行业,报告“国民经济行业类别/分类”或相邻字段显示 C29/C292/塑料制品业相关。
74,PL076_佛山市友帝塑料制品有限公司扩建项目_01_受理公告或公示版.pdf,E:\华南理工项目\环评文件汇总\01_GitHub项目与研究文档\eia-openclaw-sync-chen2026\05_QA测试集\人工核查_环评报告出处整理_20260715\环评报告文件_按问答顺序\PL076_佛山市友帝塑料制品有限公司扩建项目_01_受理公告或公示版.pdf,.pdf,ok,"C2929 塑料零件及其
C2929 塑料零件及其他塑料制品制造和C3525 模具制造，根
2929 塑料零件及其
2929塑料零件及其他塑料制品制
2929 塑料零件及其他塑料制品制造和C3525 模具制造，根","5、 806 单元 地理坐标 东经：113°21′20.551″，北纬：22°48′25.063″ 国民经济 行业类别 C2929 塑料零件及其 他塑料制品制造 C3525模具制造 建设项目 行业类别 二十六、橡胶和塑料制品业-53塑 料制品业--“其他（年用非溶剂型 低VOCS含量涂料10吨以下的除 外）”外）” 三十二、专用
063″ 国民经济 行业类别 C2929 塑料零件及其 他塑料制品制造 C3525模具制造 建设项目 行业类别 二十六、橡胶和塑料制品业-53塑 料制品业--“其他（年用非溶剂型 低VOCS含量涂料10吨以下的除 外）”外）” 三十二、专用设备制造业-70-化 工、木材、非金属加工专用设备 制造--“/” 建设性质 □新建（迁建） □
展的其他项目入园；优 先向外向型企业、规模效益型企业、科 技型企业、重点企业和产业链企业开放 入园。 扩建后全厂项目为 塑料制品业和模具 制造业，不属于园区 严禁的三类工业和 严格限制的二类工 业。 符合 园区内企业必须保证其全部废水预处 理达到广东省地方标准《水污染物排放 限值》（DB44/26-2001）第二时段三级 标准及
算，现有工程实际“归真”计算根据《排 放源统计调查产排污核算方法和系数手册》（环境部公告2021年第 24号）中《292塑料制品业系数手册》注塑工艺的产污系数（2.7kg/t- 产品）计算，该系数依据更符合当下要求，根据现有工程验收报告 可知，现有工程实际塑料制品产品量约为66.4t/a，扩建前塑料原料 类型与原环评审批一致，塑
非甲烷总烃：非甲烷总烃产生系数根据《排放源统计调查产排污核算方法和系数手册》 （环境部公告2021年第24号）中292塑料制品业系数手册“2929塑料零件及其他塑料制品制 造行业系数表（续表1）的注塑工艺对应的挥发性有机物（以非甲烷总烃计）产污系数“2.7kg/t 产品”进行计算，扩建后全厂年产保温杯配件80万个、充电器外壳4
总烃产生系数根据《排放源统计调查产排污核算方法和系数手册》 （环境部公告2021年第24号）中292塑料制品业系数手册“2929塑料零件及其他塑料制品制 造行业系数表（续表1）的注塑工艺对应的挥发性有机物（以非甲烷总烃计）产污系数“2.7kg/t 产品”进行计算，扩建后全厂年产保温杯配件80万个、充电器外壳40万个、开关按钮1",塑胶行业,报告“国民经济行业类别/分类”或相邻字段显示 C29/C292/塑料制品业相关。
75,PL077_佛山市优塑包装科技有限公司新建项目_01_受理公告或公示版.pdf,E:\华南理工项目\环评文件汇总\01_GitHub项目与研究文档\eia-openclaw-sync-chen2026\05_QA测试集\人工核查_环评报告出处整理_20260715\环评报告文件_按问答顺序\PL077_佛山市优塑包装科技有限公司新建项目_01_受理公告或公示版.pdf,.pdf,ok,"C2921 塑料薄膜制造
C2923 塑料丝、绳及编织品制造
C2921 塑料薄膜制造和C2923 塑料丝、绳及编织品制造，不在《产业结
C2921 塑料
C2923 塑料
C2923 塑料丝、绳及编织品制造系数表，本项目","室之一 地理坐标 东经113 度22 分17.9564 秒，北纬22 度48 分25.6831 秒 国民经济 行业类别 C2921 塑料薄膜制造 C2923 塑料丝、绳及编织品制造 建设项目 行业类别 二十六、橡胶和塑料制品业 29-53 塑料制品业292-其他（年 用非溶剂型低VOCs 含量涂料10 吨以下的除外） 建设性质
坐标 东经113 度22 分17.9564 秒，北纬22 度48 分25.6831 秒 国民经济 行业类别 C2921 塑料薄膜制造 C2923 塑料丝、绳及编织品制造 建设项目 行业类别 二十六、橡胶和塑料制品业 29-53 塑料制品业292-其他（年 用非溶剂型低VOCs 含量涂料10 吨以下的除外） 建设性质 √新建（迁建）
3 度22 分17.9564 秒，北纬22 度48 分25.6831 秒 国民经济 行业类别 C2921 塑料薄膜制造 C2923 塑料丝、绳及编织品制造 建设项目 行业类别 二十六、橡胶和塑料制品业 29-53 塑料制品业292-其他（年 用非溶剂型低VOCs 含量涂料10 吨以下的除外） 建设性质 √新建（迁建） 改建 
分17.9564 秒，北纬22 度48 分25.6831 秒 国民经济 行业类别 C2921 塑料薄膜制造 C2923 塑料丝、绳及编织品制造 建设项目 行业类别 二十六、橡胶和塑料制品业 29-53 塑料制品业292-其他（年 用非溶剂型低VOCs 含量涂料10 吨以下的除外） 建设性质 √新建（迁建） 改建 扩建 技术改造 建设项
31 秒 国民经济 行业类别 C2921 塑料薄膜制造 C2923 塑料丝、绳及编织品制造 建设项目 行业类别 二十六、橡胶和塑料制品业 29-53 塑料制品业292-其他（年 用非溶剂型低VOCs 含量涂料10 吨以下的除外） 建设性质 √新建（迁建） 改建 扩建 技术改造 建设项目 申报情形 √首次申报项目 不予批准后再次
C2921 塑料薄膜制造 C2923 塑料丝、绳及编织品制造 建设项目 行业类别 二十六、橡胶和塑料制品业 29-53 塑料制品业292-其他（年 用非溶剂型低VOCs 含量涂料10 吨以下的除外） 建设性质 √新建（迁建） 改建 扩建 技术改造 建设项目 申报情形 √首次申报项目 不予批准后再次申报项目 超五年重新审",塑胶行业,报告“国民经济行业类别/分类”或相邻字段显示 C29/C292/塑料制品业相关。
76,PL078_佛山市顺德区德盈誉智能制造有限公司新建项目_01_受理公告或公示版.pdf,E:\华南理工项目\环评文件汇总\01_GitHub项目与研究文档\eia-openclaw-sync-chen2026\05_QA测试集\人工核查_环评报告出处整理_20260715\环评报告文件_按问答顺序\PL078_佛山市顺德区德盈誉智能制造有限公司新建项目_01_受理公告或公示版.pdf,.pdf,ok,"C2929 塑料零件及其他
C2929 塑料零件及其
2929 塑料零件及其他
2929 塑料零件及其
2922 塑
2929 塑料零件及其他塑料制品制造行业系数表”的塑料零件的注塑工序的产污系数2.70kg/t","602 室 地理坐标 （东经113°13'46.6211""E，北纬22°48'45.2988""N） 国民经济 行业类别 C2929 塑料零件及其他 塑料制品制造 建设项目 行业类别 二十六、橡胶和塑料制品业 29—53.塑料制品业292—其 他（年用非溶剂型低VOCs 含量涂料10 吨以下的除外） 建设性质 新建（迁建） □改
°48'45.2988""N） 国民经济 行业类别 C2929 塑料零件及其他 塑料制品制造 建设项目 行业类别 二十六、橡胶和塑料制品业 29—53.塑料制品业292—其 他（年用非溶剂型低VOCs 含量涂料10 吨以下的除外） 建设性质 新建（迁建） □改建 □扩建 □技术改造 建设项目 申报情形 首次申报项目 □不予批准后再次
国民经济 行业类别 C2929 塑料零件及其他 塑料制品制造 建设项目 行业类别 二十六、橡胶和塑料制品业 29—53.塑料制品业292—其 他（年用非溶剂型低VOCs 含量涂料10 吨以下的除外） 建设性质 新建（迁建） □改建 □扩建 □技术改造 建设项目 申报情形 首次申报项目 □不予批准后再次申报项目 超五年重新审
间， 布局产业集聚区和主题产业园，推 动工业项目入园集聚发展。新增工 业制造业用地原则上安排在产业 1-1.本项目属于 C2929 塑料零件及其 他塑料制品制造，不 属于产业/鼓励引导 类，也不属于《市场 准入负面清单（2022 年版）》（发改体改 〔2022〕397 号）中 禁止和许可事项。 1-2.项目位于佛山市 顺德区大良
料。 符合 5.关于印发《广东省涉挥发性有机物（VOCs）重点行业治理指引》的通 知（粤环办〔2021〕43 号）－六、橡胶和塑料制品业VOCs 治理指引 5.1 VOCs 物料应储存于密闭的容器、 包装袋、储罐、储库、料仓中，盛 装VOCs 物料的容器是否存放于室 内，或存放于设置有雨棚、遮阳和 防渗设施的专用场地。盛装VOCs 物
少量粉尘溢出，主要污染因子为颗粒物。 参考《排放源统计调查产排污核算方法和系数手册》中“292 塑料制品行业系数手册”的2922 塑 料板、管、型材制造行业系数表－颗粒物产污系数6kg/t-产品，项目产品中需要混料的塑料 粒的用量为120t/a，则混料过程粉尘产生量为0.72t/a。由于混料是在密闭空间进行，只有开 盖时会有些",塑胶行业,报告“国民经济行业类别/分类”或相邻字段显示 C29/C292/塑料制品业相关。
77,PL079_广东圣鑫机电股份有限公司扩建项目_01_受理公告或公示版.pdf,E:\华南理工项目\环评文件汇总\01_GitHub项目与研究文档\eia-openclaw-sync-chen2026\05_QA测试集\人工核查_环评报告出处整理_20260715\环评报告文件_按问答顺序\PL079_广东圣鑫机电股份有限公司扩建项目_01_受理公告或公示版.pdf,.pdf,ok,"国民经济行业分类》（GB/T4754-2017）及第1号修
C2929 塑料零件及其
C2929 塑料零件及其他塑料制品制造、
C2929塑料零件及其他塑料制品制造、C3484
C2929 塑料零件
C2929 塑料零件及其他塑","603 地理坐标 （东经113 度11 分51.666 秒，北纬22 度46 分02.469 秒） 国民经济 行业类别 C2929 塑料零件及其 他塑料制品制造 C3484 机械零部件加 工 建设项目 行业类别 二十六、橡胶和塑料制品业29- 塑料制品业292-其他（年用非 溶剂型低VOCs 含量涂料10 吨 以下的除外）；三十
国民经济 行业类别 C2929 塑料零件及其 他塑料制品制造 C3484 机械零部件加 工 建设项目 行业类别 二十六、橡胶和塑料制品业29- 塑料制品业292-其他（年用非 溶剂型低VOCs 含量涂料10 吨 以下的除外）；三十一、通用 设备制造业34-；通用零部件制 造348-其他（仅分割、焊接、 组装的除外；年用非溶剂型低 VO
929 塑料零件及其 他塑料制品制造 C3484 机械零部件加 工 建设项目 行业类别 二十六、橡胶和塑料制品业29- 塑料制品业292-其他（年用非 溶剂型低VOCs 含量涂料10 吨 以下的除外）；三十一、通用 设备制造业34-；通用零部件制 造348-其他（仅分割、焊接、 组装的除外；年用非溶剂型低 VOCs 含量涂料10
约束 1.引入产业应符合现行有效的《产业结构调整指导目录》、《市场准入 负面清单》等相关产业政策的要求。 扩建项目属于C2929 塑料零件及其他塑料制品制造、 C3484 机械零部件加工，主要从事送丝机构的生产， 符合《产业结构调整指导目录》、《市场准入负面清 单》等相关产业政策的要求。 符合 2.禁止引入新增排放重点防控重金
引入产业应符合现行有效的《产业结构调整指导目录》、《市场准入 负面清单》等相关产业政策的要求。 扩建项目属于C2929 塑料零件及其他塑料制品制造、 C3484 机械零部件加工，主要从事送丝机构的生产， 符合《产业结构调整指导目录》、《市场准入负面清 单》等相关产业政策的要求。 符合 2.禁止引入新增排放重点防控重金属污染物（铅（Pb）、汞（H
“入园管理”原则合理布局，提高准入门槛，不得新建、扩 建纳入国家“高污染、高环境风险”产品名录的生产项目。 扩建项目属于C2929 塑料零件及其他塑料制品制造、 C3484 机械零部件加工，主要从事送丝机构的生产， 本项目无燃煤燃油火电机组和企业自备电站、供热锅 炉。本项目不属于禁止新建、扩建“高污染、高环境风 险”项目。 符合",塑胶行业,报告“国民经济行业类别/分类”或相邻字段显示 C29/C292/塑料制品业相关。
78,PL081_佛山市顺德区保塑管业有限公司迁扩建项目_01_受理公告或公示版.pdf,E:\华南理工项目\环评文件汇总\01_GitHub项目与研究文档\eia-openclaw-sync-chen2026\05_QA测试集\人工核查_环评报告出处整理_20260715\环评报告文件_按问答顺序\PL081_佛山市顺德区保塑管业有限公司迁扩建项目_01_受理公告或公示版.pdf,.pdf,ok,"C2922 塑料板、管、型
C2921 塑料薄膜制造
C2922 塑料板、管、型材制造、C2921 塑料薄膜制造，根据
C2922 塑料板、管、型材制造、C2921 塑料
C2922 塑料板、管、型材制造、C2921 塑料薄膜制
2922 塑料板、管、型","理坐标 （东经：113 度7 分37.362 秒，北纬：22 度47 分22.421 秒） 国民经济 行业类别 C2922 塑料板、管、型 材制造 C2921 塑料薄膜制造 建设项目 行业类别 二十六、橡胶和塑料制品业、53 塑料制品业292-其他（年用非 溶剂型低VOC 含量涂料10 吨 以下的除外） 建设
.362 秒，北纬：22 度47 分22.421 秒） 国民经济 行业类别 C2922 塑料板、管、型 材制造 C2921 塑料薄膜制造 建设项目 行业类别 二十六、橡胶和塑料制品业、53 塑料制品业292-其他（年用非 溶剂型低VOC 含量涂料10 吨 以下的除外） 建设性质 R 新建（迁建） £改建
，北纬：22 度47 分22.421 秒） 国民经济 行业类别 C2922 塑料板、管、型 材制造 C2921 塑料薄膜制造 建设项目 行业类别 二十六、橡胶和塑料制品业、53 塑料制品业292-其他（年用非 溶剂型低VOC 含量涂料10 吨 以下的除外） 建设性质 R 新建（迁建） £改建 R 扩建 £
民经济 行业类别 C2922 塑料板、管、型 材制造 C2921 塑料薄膜制造 建设项目 行业类别 二十六、橡胶和塑料制品业、53 塑料制品业292-其他（年用非 溶剂型低VOC 含量涂料10 吨 以下的除外） 建设性质 R 新建（迁建） £改建 R 扩建 £技术改造 建设项目 申报情形 R 首次申报项目
922 塑料板、管、型 材制造 C2921 塑料薄膜制造 建设项目 行业类别 二十六、橡胶和塑料制品业、53 塑料制品业292-其他（年用非 溶剂型低VOC 含量涂料10 吨 以下的除外） 建设性质 R 新建（迁建） £改建 R 扩建 £技术改造 建设项目 申报情形 R 首次申报项目 £不予批准后再次
项，项目符合国家有关法律、法规和政策规定，项目属于允许类。 因此，本项目的建设符合国家和地方的相关产业政策。 本项目为塑料制品业，年产塑料管材1500 吨、塑料包装薄膜190 吨。 不属于《环境保护综合名录（2021 年版）》“高污染、高环境风险”、“高 环境风险”产品名录内的产品，符合产业政策要求。 3、与广东省发展改革委",塑胶行业,报告“国民经济行业类别/分类”或相邻字段显示 C29/C292/塑料制品业相关。
79,PL083_佛山市顺德区康明新材料厂新建项目_01_受理公告或公示版.pdf,E:\华南理工项目\环评文件汇总\01_GitHub项目与研究文档\eia-openclaw-sync-chen2026\05_QA测试集\人工核查_环评报告出处整理_20260715\环评报告文件_按问答顺序\PL083_佛山市顺德区康明新材料厂新建项目_01_受理公告或公示版.pdf,.pdf,ok,"国民经济行业分类》（GB/T 4754-2017）（2019年修订）
C2921塑料薄膜制造
C2921 塑料薄
C2921塑料薄膜制造行业，不属于高能耗行业。项目生产
C2921塑料薄膜制造行
C292 塑料制品业”－“C2921 塑料薄膜制造”。根据《固定污染源排污","路2号 地理坐标 东经：113度11分45.284秒 、北纬：22度46分26.033秒 国民经济行业类 别 C2921塑料薄膜制造 建设项目行业类 别 二十六、橡胶和塑料制品 业29-53塑料制品业292-“其 他（年用非溶剂型低VOCs 含量涂料10吨以下的除 外）” 建设性质 √新建（迁建） □改建
地理坐标 东经：113度11分45.284秒 、北纬：22度46分26.033秒 国民经济行业类 别 C2921塑料薄膜制造 建设项目行业类 别 二十六、橡胶和塑料制品 业29-53塑料制品业292-“其 他（年用非溶剂型低VOCs 含量涂料10吨以下的除 外）” 建设性质 √新建（迁建） □改建 □扩建 □
033秒 国民经济行业类 别 C2921塑料薄膜制造 建设项目行业类 别 二十六、橡胶和塑料制品 业29-53塑料制品业292-“其 他（年用非溶剂型低VOCs 含量涂料10吨以下的除 外）” 建设性质 √新建（迁建） □改建 □扩建 □技术改造 建设项目申报情 形 √首次申报项目 □不予批准后再次申报
397 号），本项 目不属于禁止类项目。因此，项目符合相关的产业政策要求。 项目主要从事塑料薄膜的加工生产，所属行业为C2921 塑料薄 膜制造，不在《环境保护综合名录（2021 年版）》内，因此本项目 所产产品不属于高污染、高风险产品。 项目主要从事塑料薄膜的加工生产，所属行业为C2921 塑料薄 膜制造，不属于《广东省“
名录（2021 年版）》内，因此本项目 所产产品不属于高污染、高风险产品。 项目主要从事塑料薄膜的加工生产，所属行业为C2921 塑料薄 膜制造，不属于《广东省“两高”项目管理目录（2022 年版）》的通 知（粤发改能源函〔2022〕1363 号）内两高项目所属行业，因此本 项目不属于两高项目。 因此，项目符合相关的产业政策
原辅材料不属于新建 生产和使用高挥发性有机物原辅材料的项目，符合区域布局管控要 求。 2）能源资源利用要求 项目属于C2921塑料薄膜制造行业，不属于高能耗行业。项目生产 设备使用电能，生产用水由市政供水，不直接取用江河湖库水量，不 会对项目所在地生态流量造成影响，符合能源利用要求。 3）污染物排放管控要求 项目属于新建",塑胶行业,报告“国民经济行业类别/分类”或相邻字段显示 C29/C292/塑料制品业相关。
80,PL084_佛山市顺德区中润基誉新材料科技有限公司新建项目_01_受理公告或公示版.pdf,E:\华南理工项目\环评文件汇总\01_GitHub项目与研究文档\eia-openclaw-sync-chen2026\05_QA测试集\人工核查_环评报告出处整理_20260715\环评报告文件_按问答顺序\PL084_佛山市顺德区中润基誉新材料科技有限公司新建项目_01_受理公告或公示版.pdf,.pdf,ok,"C2929 塑料零件及其他塑
C2929 塑料零件及其他塑料制品
C2929 塑料零件及其他塑料制品制造、
C2929 塑
2929 塑料零件及其他塑
2929 塑料零件及其他塑料制品","栋 201 之一 地理坐标 （东经113°10′39.050″，北纬22°46′54.386″） 国民经济 行业类别 C2929 塑料零件及其他塑 料制品制造、C2669 其他 专用化学产品制造 建设项目 行业类别 二十六、橡胶和塑料制品业29，53 塑料制品业；二十三、化学原料和 化学制品制造业26，44专用化学产 品制造2
济 行业类别 C2929 塑料零件及其他塑 料制品制造、C2669 其他 专用化学产品制造 建设项目 行业类别 二十六、橡胶和塑料制品业29，53 塑料制品业；二十三、化学原料和 化学制品制造业26，44专用化学产 品制造266 建设性质 新建（迁建） 改建 扩建 技术改造 建设项目 申报情形 ☑首次申报项目 不予批准后再次
料零件及其他塑 料制品制造、C2669 其他 专用化学产品制造 建设项目 行业类别 二十六、橡胶和塑料制品业29，53 塑料制品业；二十三、化学原料和 化学制品制造业26，44专用化学产 品制造266 建设性质 新建（迁建） 改建 扩建 技术改造 建设项目 申报情形 ☑首次申报项目 不予批准后再次申报项目 超五年重新
照“入园管理”原则合理布局，提高准入门槛，不得新 建、扩建纳入国家“高污染、高环境风险”产品名录的生产项目。 本项目属于C2929 塑料零件及其他塑料制品 制造、C2669 其他专用化学产品制造，但不 属于“高污染、高环境风险”产品名录的生产 项目，同时本项目不涉及新建、扩建燃煤燃 油火电机组和企业自备电站；不属于新建、 扩建水
量、废弃量、去向以及VOCs 含量。新改扩建的出版物印刷类项目全面使 项目主要从事塑料制品以及专用化学产品的生 产，属于C2929 塑料零件及其他塑料制品制造、 C2669 其他专用化学产品制造，项目生产过程中 符合 【第24页】 19 用低VOCs 含量的油墨。皮鞋制造、家具制造类项目基本使用低VOCs 含量 的胶粘剂。房屋
去向以及VOCs 含量。新改扩建的出版物印刷类项目全面使 项目主要从事塑料制品以及专用化学产品的生 产，属于C2929 塑料零件及其他塑料制品制造、 C2669 其他专用化学产品制造，项目生产过程中 符合 【第24页】 19 用低VOCs 含量的油墨。皮鞋制造、家具制造类项目基本使用低VOCs 含量 的胶粘剂。房屋建筑和市政工程全面使用低VO",塑胶行业,报告“国民经济行业类别/分类”或相邻字段显示 C29/C292/塑料制品业相关。
81,PL085_广东周杨科电器有限公司迁扩建项目_01_受理公告或公示版.pdf,E:\华南理工项目\环评文件汇总\01_GitHub项目与研究文档\eia-openclaw-sync-chen2026\05_QA测试集\人工核查_环评报告出处整理_20260715\环评报告文件_按问答顺序\PL085_广东周杨科电器有限公司迁扩建项目_01_受理公告或公示版.pdf,.pdf,ok,"C2929 塑料零件及其他塑
C2929 塑料零件及其他塑料制品制造，产品为塑料配件，不属于《市场准入负面清单（2022 年版）》
C2929 塑料零
C2929 塑料零件及其他塑料制品制造，根据《广东省“两高”项目管理目录（2022 年版）》，本项目
C2929 塑料零件及其他塑料制品制造，不属于《市场准入负面清单（2022 年版）》
C2929 塑料零件及其他塑料制品制造，根据《固定污染源排污许可分","之二 地理坐标 （E:113 度11 分57.094 秒，N:22 度48 分18.303 秒） 国民经济 行业类别 C2929 塑料零件及其他塑 料制品制造 建设项目 行业类别 二十六、橡胶和塑料制品业29—53.塑料制品 业292—其他（年用非溶剂型低VOCs 含量 涂料10 吨以下的除外） 建设性质 R新建（迁建） £改
度48 分18.303 秒） 国民经济 行业类别 C2929 塑料零件及其他塑 料制品制造 建设项目 行业类别 二十六、橡胶和塑料制品业29—53.塑料制品 业292—其他（年用非溶剂型低VOCs 含量 涂料10 吨以下的除外） 建设性质 R新建（迁建） £改建 £扩建 £技术改造 建设项目 申报情形 þ首次申报项目 £不予批准后再次
01 之二，根据房屋租 赁合同及不动产权证可知，选址用地用途为工业用地，项目选址合理。 2、产业政策相符性分析 本项目属C2929 塑料零件及其他塑料制品制造，产品为塑料配件，不属于《市场准入负面清单（2022 年版）》 （发改体改规[2022]397 号）中禁止和许可事项；项目生产产品、生产工艺和生产设备均不属于《产业结构调整
根据房屋租 赁合同及不动产权证可知，选址用地用途为工业用地，项目选址合理。 2、产业政策相符性分析 本项目属C2929 塑料零件及其他塑料制品制造，产品为塑料配件，不属于《市场准入负面清单（2022 年版）》 （发改体改规[2022]397 号）中禁止和许可事项；项目生产产品、生产工艺和生产设备均不属于《产业结构调整指导 目录（2024 年本）
源消费总量和强度“双控”，新建高能耗项目 单位产品（产值）能耗达到国际国内先进水平，实现煤炭 消费总量负增长。 项目所属C2929 塑料零 件及其他塑料制品制造， 根据《广东省“两高”项 目管理目录（2022年版）》， 本项目不属于高能耗行 业。 符合 推广节能技术，加快发展绿色货运与现代物流。 无关 -- 推广新能源汽车应用和
涉及区域布局管控要求中禁止建设的设施或项目。综上分析，本项目符合 区域布局管控要求。 【第8页】 — 4 — 项目所属C2929 塑料零件及其他塑料制品制造，根据《广东省“两高”项目管理目录（2022 年版）》，本项目 不属于高能耗行业。本项目生产设备使用电能，生产用水由市政供水。本项目规模较小，水电用量都很少，符合能源 利用",塑胶行业,报告“国民经济行业类别/分类”或相邻字段显示 C29/C292/塑料制品业相关。
82,PL086_佛山市科镁电器科技有限公司新建项目_01_受理公告或公示版.pdf,E:\华南理工项目\环评文件汇总\01_GitHub项目与研究文档\eia-openclaw-sync-chen2026\05_QA测试集\人工核查_环评报告出处整理_20260715\环评报告文件_按问答顺序\PL086_佛山市科镁电器科技有限公司新建项目_01_受理公告或公示版.pdf,.pdf,ok,"C2929 塑料零件及其他塑
C2929塑料零件及
C2929
C2929 塑料零件及其他塑料制品制造，根据《固定污染源排污许可分类管理名录（2019
2929 塑料零件及其他塑
2929塑料零件及","号之 二 地理坐标 （22 度50 分0.58607 秒，113 度10 分41.84473 秒） 国民经济 行业类别 C2929 塑料零件及其他塑 料制品制造 建设项目 行业类别 二十六、橡胶和塑料制品制造 业29-53 塑料制品业292-其他 （年用非溶剂型低VOCs 含 量涂料10 吨以下的除外） 建设性质 新建（迁建）
经济 行业类别 C2929 塑料零件及其他塑 料制品制造 建设项目 行业类别 二十六、橡胶和塑料制品制造 业29-53 塑料制品业292-其他 （年用非溶剂型低VOCs 含 量涂料10 吨以下的除外） 建设性质 新建（迁建） □改建 □扩建 □技术改造 建设项目 申报情形 首次申报项目 □不予批准后再次申报项目 □超五年重新
含 量原辅材料替代，强化无组织排放控制。原则 上不再新建、扩建新增氮氧化物、烟（粉）尘 排放量较大的建设项目。 项目为C2929塑料零件及 其他塑料制品制造，项目 使用低VOCs原料不属于 新建的高能耗项目。 符合 能源资源 利用 2-1【能源/鼓励引导类】推广节能技术，加快发 展绿色货运与现代物流。 项目使用电能，合理安排
【能源/综合类】科学实施能源消费总量和 强度“双控”，新建高能耗项目单位产品（产值） 能耗达到国际国内先进水平。 项目为C2929塑料零件及 其他塑料制品制造，项目 使用低VOCs原料不属于 新建的高能耗项目。 符合 2-4.【水资源/综合类】贯彻落实“节水优先”方 针，实行最严格水资源管理制度，勒流街道万 元国内生产总值用水量
种类 排放形 式 排气筒废气 收集措施 污染防治设施 排放 口类 型 污染防治设施名 称及工艺 是否 为可 行性 技术 C2929 塑料零 件及其 他塑料 制品制 造 破碎 破碎 颗粒物 （塑料粉尘） 无组织 / / / / 注塑 注塑 机 非甲烷总烃 有组织 集气罩+软 帘 一级活性炭吸附 （排气筒G1） 是 否 一般 排
（其中3001 果汁杯约400t，3002 果汁杯约467.4t），参考 《排放源统计调查产排污核算方法和系数手册》中表2929 塑料零件及其他塑料制品制造行业 系数表，塑料零件产污系数：非甲烷总烃排放系数为2.7kg/t-产品，则项目注塑产生的非甲烷 总烃约为2.342t/a。项目注塑按日工作8 小时，年工作300 天计算。",塑胶行业,报告“国民经济行业类别/分类”或相邻字段显示 C29/C292/塑料制品业相关。
83,PL087_佛山市安邵塑胶制品有限公司新建项目_01_受理公告或公示版.pdf,E:\华南理工项目\环评文件汇总\01_GitHub项目与研究文档\eia-openclaw-sync-chen2026\05_QA测试集\人工核查_环评报告出处整理_20260715\环评报告文件_按问答顺序\PL087_佛山市安邵塑胶制品有限公司新建项目_01_受理公告或公示版.pdf,.pdf,ok,"C2922 塑料板、管、
C2929 塑料零件及其
C2922 塑料板、管、型材制造、C2929 塑料零件及其
C2922塑料板、管、型材制造、C2929塑料
C2922 塑料板、管、型材制造、C2929 塑
C2929 塑料零件及","14 栋201 地理坐标 （113 度12 分10.119 秒，22 度50 分29.695 秒） 国民经济 行业类别 C2922 塑料板、管、 型材制造 C2929 塑料零件及其 他塑料制品制造 建设项目 行业类别 二十六、橡胶和塑料制品业 29-53 塑料制品业292-其他（年 用非溶剂型低VOCs 含量涂料10 吨以下的除
度12 分10.119 秒，22 度50 分29.695 秒） 国民经济 行业类别 C2922 塑料板、管、 型材制造 C2929 塑料零件及其 他塑料制品制造 建设项目 行业类别 二十六、橡胶和塑料制品业 29-53 塑料制品业292-其他（年 用非溶剂型低VOCs 含量涂料10 吨以下的除外） 建设性质 新建（迁建） 改
济 行业类别 C2922 塑料板、管、 型材制造 C2929 塑料零件及其 他塑料制品制造 建设项目 行业类别 二十六、橡胶和塑料制品业 29-53 塑料制品业292-其他（年 用非溶剂型低VOCs 含量涂料10 吨以下的除外） 建设性质 新建（迁建） 改建 扩建 技术改造 建设项目 申报情形 首次申报项目 不予批准后再次
板、管、 型材制造 C2929 塑料零件及其 他塑料制品制造 建设项目 行业类别 二十六、橡胶和塑料制品业 29-53 塑料制品业292-其他（年 用非溶剂型低VOCs 含量涂料10 吨以下的除外） 建设性质 新建（迁建） 改建 扩建 技术改造 建设项目 申报情形 首次申报项目 不予批准后再次申报项目 超五年重新审
规划及规 划环境影 响评价符 合性分析 无 【第6页】 2 其他符合 性分析 1、与产业政策相符性分析 项目主要从事C2922 塑料板、管、型材制造、C2929 塑料零件及其 他塑料制品制造，根据《产业结构调整指导目录（2024 年本）》的规定， 项目不属于目录所列的鼓励类、限制类、禁止（淘汰）类项目，也不属 于《市场准入负
划环境影 响评价符 合性分析 无 【第6页】 2 其他符合 性分析 1、与产业政策相符性分析 项目主要从事C2922 塑料板、管、型材制造、C2929 塑料零件及其 他塑料制品制造，根据《产业结构调整指导目录（2024 年本）》的规定， 项目不属于目录所列的鼓励类、限制类、禁止（淘汰）类项目，也不属 于《市场准入负面清单（2022 年版",塑胶行业,报告“国民经济行业类别/分类”或相邻字段显示 C29/C292/塑料制品业相关。
84,PL088_佛山市优力塑电器有限公司新建项目_01_报批稿或报告表.pdf,E:\华南理工项目\环评文件汇总\01_GitHub项目与研究文档\eia-openclaw-sync-chen2026\05_QA测试集\人工核查_环评报告出处整理_20260715\环评报告文件_按问答顺序\PL088_佛山市优力塑电器有限公司新建项目_01_报批稿或报告表.pdf,.pdf,ok,"C2929塑料零件及其他
C2929 塑料零件及其他塑
C2929 塑料零件及其
C2929 塑料零件及其他塑料制品制造，
C2929 塑料零件及其他塑料制品制造”
2929塑料零件及其他","、102 之一 地理坐标 （113 度17 分35.534 秒，22 度46 分30.685 秒） 国民经济 行业类别 C2929塑料零件及其他 塑料制品制造 建设项目 行业类别 二十六、橡胶和塑料制品 业-29 中53、塑料制品 业292-其他（年用非溶剂 型低VOCs 含量涂料10 吨 以下的除外） 建设性质 ☑新建（迁建）
12）， 本地块为一类工业用地，可用于工业生产。 2. 与《环境保护综合名录（2021 年版）》的相符性分析 本项目属于塑料零件及其他塑料制品制造，主要生产各种水泵 塑料配件，不属于《环境保护综合名录（2021 年版）》中“高污染、 高环境风险”产品名录。 3. 与广东省发展改革委关于印发《广东省“两高”项目管理目 录（2022 年版）》的通知
制新建生产和使用高 挥发性有机物原辅材料的项目，鼓 励建设挥发性有机物共性工厂。 本项目位于珠三角核心区，行业类 别属于C2929 塑料零件及其他塑 料制品制造，不设置发电机组和锅 炉，不属于水泥、平板玻璃、化学 制浆、生皮制革以及国家规划外的 钢铁、原油加工等项目，本项目不 涉及使用高挥发性有机物原辅材 料。 符 合 能 源
水改造，提高工业用水效率。 加强江河湖库水量调度，保障生态 流量。盘活存量建设用地，控制新 增建设用地规模。 本项目属于C2929 塑料零件及其 他塑料制品制造，不属于高能耗行 业，项目生产设备使用电能，生活 用水、生产用水由市政供水，不直 接取用江河湖库水量，不会对项目 所在地生态流量造成影响，项目租 用已建成厂房，不涉及新增
单位收集处置。经以上处理后，项目对区域 内环境影响较小，质量可保持现有水平。 符合 环境准入 负面清单 本项目行业类别为C2929 塑料零件及其他塑料制品制造， 根据《市场准入负面清单》（2022 年版）的规定，项目不 属于负面清单；根据《环境保护综合名录》（2021 年版）， 本项目不属于“高污染、高环境风险”项目。 符合 本
。经以上处理后，项目对区域 内环境影响较小，质量可保持现有水平。 符合 环境准入 负面清单 本项目行业类别为C2929 塑料零件及其他塑料制品制造， 根据《市场准入负面清单》（2022 年版）的规定，项目不 属于负面清单；根据《环境保护综合名录》（2021 年版）， 本项目不属于“高污染、高环境风险”项目。 符合 本项目位于广东省佛山市顺德区重",塑胶行业,报告“国民经济行业类别/分类”或相邻字段显示 C29/C292/塑料制品业相关。
85,PL089_佛山市永佳奕科技有限公司扩建项目_01_受理公告或公示版.pdf,E:\华南理工项目\环评文件汇总\01_GitHub项目与研究文档\eia-openclaw-sync-chen2026\05_QA测试集\人工核查_环评报告出处整理_20260715\环评报告文件_按问答顺序\PL089_佛山市永佳奕科技有限公司扩建项目_01_受理公告或公示版.pdf,.pdf,ok,"C2929 塑料零件及其塑料制品制造
C2929 塑料零件及其他塑料制品制造，不在《产业结构调整指导目录
C2929 塑料
C2929 塑料零件及其塑料制品制造，根据《固定污染源排污许可分类管理名
2929 塑料零件及其塑料制品制造
2929 塑料零件及其他塑料制品制造，不在《产业结构调整指导目录","栋3 楼 地理坐标 （东经113 度22 分43.389 秒，北纬22 度48 分24.237秒） 国民经济 行业类别 C2929 塑料零件及其塑料制品制造 建设项目 行业类别 二十六、橡胶和塑料制品业 29-53 塑料制品业292-其他（年 用非溶剂型低VOCs 含量涂料10 吨以下的除外） 建设性质 新建（迁建） 改建
22 度48 分24.237秒） 国民经济 行业类别 C2929 塑料零件及其塑料制品制造 建设项目 行业类别 二十六、橡胶和塑料制品业 29-53 塑料制品业292-其他（年 用非溶剂型低VOCs 含量涂料10 吨以下的除外） 建设性质 新建（迁建） 改建 扩建 技术改造 建设项目 申报情形 √首次申报项目 不予批准后再次
） 国民经济 行业类别 C2929 塑料零件及其塑料制品制造 建设项目 行业类别 二十六、橡胶和塑料制品业 29-53 塑料制品业292-其他（年 用非溶剂型低VOCs 含量涂料10 吨以下的除外） 建设性质 新建（迁建） 改建 扩建 技术改造 建设项目 申报情形 √首次申报项目 不予批准后再次申报项目 超五年重新审
和国家鼓励发展的其他项目入园；优 先向外向型企业、规模效益型企业、科技型 企业、重点企业和产业链企业开放入园。 项目属于塑料制品业，不属 于园区严禁的三类工业和 严格限制的二类工业，不属 于鼓励类企业和优先类企 业。 符合 园区内企业必须保证其全部废水预处理达到 广东省地方标准《水污染物排放限值》 （DB44/26-2001）第
皆可依法 平等进入，项目不在市场准入负面清单禁止和许可两类项目范围内，可依法平等进入。 （2）产业政策相符性 本项目属于C2929 塑料零件及其他塑料制品制造，不在《产业结构调整指导目录 （2024 年本）》中的限制类、淘汰类之列；本项目产品不属于《促进产业结构调整暂行 规定》中限制类、淘汰类之列，符合规定要求；本项目不涉及厚度
等进入，项目不在市场准入负面清单禁止和许可两类项目范围内，可依法平等进入。 （2）产业政策相符性 本项目属于C2929 塑料零件及其他塑料制品制造，不在《产业结构调整指导目录 （2024 年本）》中的限制类、淘汰类之列；本项目产品不属于《促进产业结构调整暂行 规定》中限制类、淘汰类之列，符合规定要求；本项目不涉及厚度小于0.025 毫米的超 薄",塑胶行业,报告“国民经济行业类别/分类”或相邻字段显示 C29/C292/塑料制品业相关。
86,PL090_佛山市凌锴源模具科技有限公司迁扩建项目_01_受理公告或公示版.pdf,E:\华南理工项目\环评文件汇总\01_GitHub项目与研究文档\eia-openclaw-sync-chen2026\05_QA测试集\人工核查_环评报告出处整理_20260715\环评报告文件_按问答顺序\PL090_佛山市凌锴源模具科技有限公司迁扩建项目_01_受理公告或公示版.pdf,.pdf,ok,"C2929塑料零件及其
C2929 塑料零件及其他塑料制品制造，根据国
C2929塑料零件及其他塑料制品制造，生产
C2929 塑料
C2929 塑料零件及其他
C2929塑料","2°，北纬22.849142° （113 度13 分8.58 秒，22 度50 分56.90 秒） 国民经济 行业类别 C2929塑料零件及其 他塑料制品制造 建设项目 行业类别 二十六、橡胶和塑料制品业29-53 塑料制品制造业292-其他（年用非 溶剂型低VOCs 含量涂料10 吨以 下的除外） 建设性质 新建（迁建） □
2 度50 分56.90 秒） 国民经济 行业类别 C2929塑料零件及其 他塑料制品制造 建设项目 行业类别 二十六、橡胶和塑料制品业29-53 塑料制品制造业292-其他（年用非 溶剂型低VOCs 含量涂料10 吨以 下的除外） 建设性质 新建（迁建） □改建 □扩建 □技术改造 建设项目 申报情形 首次申报项目 □不予批准后
地用地性质属 于一类工业用地，本项目的建设符合用地要求，故项目用地符合当地规 划。 2、产业政策相符性 本项目所属行业为C2929 塑料零件及其他塑料制品制造，根据国 家《产业结构调整指导目录（2024 年本）》，项目不属于上述目录所 列的鼓励类、限制类和禁止（淘汰）类项目，项目属于允许类。根据 《市场准入负面清单（2022 年
于一类工业用地，本项目的建设符合用地要求，故项目用地符合当地规 划。 2、产业政策相符性 本项目所属行业为C2929 塑料零件及其他塑料制品制造，根据国 家《产业结构调整指导目录（2024 年本）》，项目不属于上述目录所 列的鼓励类、限制类和禁止（淘汰）类项目，项目属于允许类。根据 《市场准入负面清单（2022 年版）》的规定，本项目不属于清
于区域布局管控要求中的禁止新 建、扩建水泥、平板玻璃、化学制浆、生皮制革以及国家规划外的钢铁、 原油加工等项目。项目属于C2929塑料零件及其他塑料制品制造，生产 过程不涉及使用高挥发性原辅材料，不属于新建生产和使用高挥发性有 【第8页】 4 机物原辅材料的项目，符合区域布局管控要求。 2）项目所属行业不属于高能耗行业，项目生
管控要求中的禁止新 建、扩建水泥、平板玻璃、化学制浆、生皮制革以及国家规划外的钢铁、 原油加工等项目。项目属于C2929塑料零件及其他塑料制品制造，生产 过程不涉及使用高挥发性原辅材料，不属于新建生产和使用高挥发性有 【第8页】 4 机物原辅材料的项目，符合区域布局管控要求。 2）项目所属行业不属于高能耗行业，项目生产设备使用电供能， 不会对",塑胶行业,报告“国民经济行业类别/分类”或相邻字段显示 C29/C292/塑料制品业相关。
87,PL091_佛山市集北龙华海绵制造股份有限公司搬迁扩建项目_01_受理公告或公示版.pdf,E:\华南理工项目\环评文件汇总\01_GitHub项目与研究文档\eia-openclaw-sync-chen2026\05_QA测试集\人工核查_环评报告出处整理_20260715\环评报告文件_按问答顺序\PL091_佛山市集北龙华海绵制造股份有限公司搬迁扩建项目_01_受理公告或公示版.pdf,.pdf,ok,"C2924 泡沫塑料制造
2924 泡沫塑料制造
2922 塑料板、管、
2922 塑料板、管、型材行业系数表”，
2922 塑料板、管、型材行业系数表”，因此，非","06 之二地块 地理坐标 （22 度 51 分23.850 秒，113 度3 分24.900 秒） 国民经济 行业类别 C2924 泡沫塑料制造 建设项目 行业类别 “二十六、橡胶和塑料制品制造业 29”中“53 塑料制品业292” 类别 中的“其他（年用废溶剂型低VOCs 含量涂料10 吨以下的除外）” 建设性质 新建（迁建
块 地理坐标 （22 度 51 分23.850 秒，113 度3 分24.900 秒） 国民经济 行业类别 C2924 泡沫塑料制造 建设项目 行业类别 “二十六、橡胶和塑料制品制造业 29”中“53 塑料制品业292” 类别 中的“其他（年用废溶剂型低VOCs 含量涂料10 吨以下的除外）” 建设性质 新建（迁建） 改建 
秒） 国民经济 行业类别 C2924 泡沫塑料制造 建设项目 行业类别 “二十六、橡胶和塑料制品制造业 29”中“53 塑料制品业292” 类别 中的“其他（年用废溶剂型低VOCs 含量涂料10 吨以下的除外）” 建设性质 新建（迁建） 改建 扩建 技术改造 建设项目 申报情形 首次申报项目 不予批准后再次申报项目
区北片、三联工业 区北片龙峰山以南、排沙工业区。优先发展区 外不再搬迁扩建涉及涂装工艺的木质家具制造 项目。 1、项目为泡沫塑料制造业，不 属于新兴产业。 2、项目位于工业区内，项目所 在地为工业用地，选址位于工业 聚集区，且建设多层的工业厂 房，土地利用率较高。 3、距离本项目最近的敏感点为 西面162m 的旺岗村居民区，项 目
放VOCs 的重点 行业建设项目应当执行总量替代 制度，重点行业包括炼油与石化、 化学原料和化学制品制造、化学 本项目为泡沫塑料制造业， 属于重点行业，执行总量替 代制度，本项目属于搬迁扩 建项目，本项目有机废气有 组织排放总量合计3.862t/a， 无组织排放总量合计为0.977 t/a，则有机废气有组织及无 组织排放量合计为4
动产权第0082179 号】，项目所在 地为工业用地，符合规划要求。因此项目选址合理。 5、产业政策符合性分析 项目从事泡沫塑料制造，根据《产业结构调整指导目录（2024 年本）》，项目 不属于鼓励类、限制类以及淘汰类。本项目不属于《市场准入负面清单（2022 年版）》 中规定的禁止和许可准入的行业类别。因此，项目符合相关的产业政",塑胶行业,报告“国民经济行业类别/分类”或相邻字段显示 C29/C292/塑料制品业相关。
88,PL092_佛山市新得雅科技有限责任公司新建项目_01_受理公告或公示版.pdf,E:\华南理工项目\环评文件汇总\01_GitHub项目与研究文档\eia-openclaw-sync-chen2026\05_QA测试集\人工核查_环评报告出处整理_20260715\环评报告文件_按问答顺序\PL092_佛山市新得雅科技有限责任公司新建项目_01_受理公告或公示版.pdf,.pdf,ok,"国民经济行业分类》，本项目所属行业类别为：C2929
国民经济行业分类》（GB/T 4754-2017）（2019 年第1 号修改单修订）；
国民经济行业分类为“C2929 塑料零件及其他塑料制品制造”，涉及的塑料加
C2929
C2929 塑料零件及其他塑料制品制造，不属于《产业结构调整指导
C2929 塑料零件及其他塑料制品制造，不属于《市场准入负面清单","响的项目，应当依法进行环境影响评价。根据《建设项目环境影响评价分类管理名录》 （2021 年版），本项目属于“二十六、橡胶和塑料制品业29—53、塑料制品业—年用溶 剂型涂料（含稀释剂）10 吨及以上的”类别，需编制环境影响报告书。 受佛山市新得雅科技有限责任公司委托，我司（广东德诺环保科技有限公司）承担 了该项目的环境影响评价工作
影响评价。根据《建设项目环境影响评价分类管理名录》 （2021 年版），本项目属于“二十六、橡胶和塑料制品业29—53、塑料制品业—年用溶 剂型涂料（含稀释剂）10 吨及以上的”类别，需编制环境影响报告书。 受佛山市新得雅科技有限责任公司委托，我司（广东德诺环保科技有限公司）承担 了该项目的环境影响评价工作，并组织专业技术人员进
新建项目环境影响报告书 3 二、建设项目的特点 （1）本项目为新建项目，根据《国民经济行业分类》，本项目所属行业类别为：C2929 塑料零件及其他塑料制品制造。 （2）本项目生产工艺主要包括注塑、喷漆、真空镀膜，主要产品为家电塑料配件， 产品材质主要为ABS 塑料和PP 塑料，生产工艺较为简单，主要污染源为注塑和喷漆工 序产生的
影响报告书 3 二、建设项目的特点 （1）本项目为新建项目，根据《国民经济行业分类》，本项目所属行业类别为：C2929 塑料零件及其他塑料制品制造。 （2）本项目生产工艺主要包括注塑、喷漆、真空镀膜，主要产品为家电塑料配件， 产品材质主要为ABS 塑料和PP 塑料，生产工艺较为简单，主要污染源为注塑和喷漆工 序产生的挥发性有机物。项目使用的油漆
告书 4 四、分析判定相关情况 1、产业政策相符性分析 （1）《产业结构调整指导目录（2024 年本）》 本项目主要从事C2929 塑料零件及其他塑料制品制造，不属于《产业结构调整指导 目录（2024 年本）》中所列“鼓励类，限制类和淘汰类”，属于允许类项目。 （2）《市场准入负面清单（2022 年本）》 本项目主要从事C292
、分析判定相关情况 1、产业政策相符性分析 （1）《产业结构调整指导目录（2024 年本）》 本项目主要从事C2929 塑料零件及其他塑料制品制造，不属于《产业结构调整指导 目录（2024 年本）》中所列“鼓励类，限制类和淘汰类”，属于允许类项目。 （2）《市场准入负面清单（2022 年本）》 本项目主要从事C2929 塑料零件及其他塑料制品制",塑胶行业,报告“国民经济行业类别/分类”或相邻字段显示 C29/C292/塑料制品业相关。
89,PL094_佛山市丰友享家具配件实业有限公司迁扩建项目_01_受理公告或公示版.pdf,E:\华南理工项目\环评文件汇总\01_GitHub项目与研究文档\eia-openclaw-sync-chen2026\05_QA测试集\人工核查_环评报告出处整理_20260715\环评报告文件_按问答顺序\PL094_佛山市丰友享家具配件实业有限公司迁扩建项目_01_受理公告或公示版.pdf,.pdf,ok,"C2929 塑料零件及其
C2929 塑料零件及其他塑料制品制造，不涉及含酸洗、喷涂、拉丝、
C2929塑料零件
2929 塑料零件及其
2929 塑料零件及其他塑料制品制造，不涉及含酸洗、喷涂、拉丝、
2929塑料零件","层之二 地理坐标 （ 113 度 9 分 53.960 秒， 22 度 41 分21.541 秒） 国民经济 行业类别 C2929 塑料零件及其 他塑料制品制造 建设项目 行业类别 二十六、橡胶和塑料制品业 29，53、塑料制品业292 建设性质 新建（迁建） □改建 扩建 □技术改造 建设项目 申报情形 首次申报项目 
41 分21.541 秒） 国民经济 行业类别 C2929 塑料零件及其 他塑料制品制造 建设项目 行业类别 二十六、橡胶和塑料制品业 29，53、塑料制品业292 建设性质 新建（迁建） □改建 扩建 □技术改造 建设项目 申报情形 首次申报项目 不予批准后再次申报项目 超五年重新审核项目 □重大变动重新报批项目 项目审
国民经济 行业类别 C2929 塑料零件及其 他塑料制品制造 建设项目 行业类别 二十六、橡胶和塑料制品业 29，53、塑料制品业292 建设性质 新建（迁建） □改建 扩建 □技术改造 建设项目 申报情形 首次申报项目 不予批准后再次申报项目 超五年重新审核项目 □重大变动重新报批项目 项目审批（核准/ 备案）部门（
符合规划。 【第7页】 — 2 — 其他符合性分析 （1）产业政策相符性 本项目主要从事塑料家具配件的生产和销售，属于C2929 塑料零件及其 他塑料制品制造。根据生态环境部办公室发布的《环境保护综合名录（2021 年版）》，项目产品不属于上述目录所列出的“高污染、高环境风险”产品。 项目生产产品、生产工艺和生产设备均不属于《
〔2020〕44 号），项目生活污水统一通过 市政管道排至均安污水处理厂，不向河涌直接排放废水，具备排水条件。项 目所属C2929 塑料零件及其他塑料制品制造，不涉及含酸洗、喷涂、拉丝、 表面抛光等工艺的不锈钢型材加工。项目的排水系统满足“雨污分流、清污 分流”的要求。 （3）选址合理性分析 根据项目所在地用地规划，《顺德区产业
44 号），项目生活污水统一通过 市政管道排至均安污水处理厂，不向河涌直接排放废水，具备排水条件。项 目所属C2929 塑料零件及其他塑料制品制造，不涉及含酸洗、喷涂、拉丝、 表面抛光等工艺的不锈钢型材加工。项目的排水系统满足“雨污分流、清污 分流”的要求。 （3）选址合理性分析 根据项目所在地用地规划，《顺德区产业发展保护区划定方案》，项目属",塑胶行业,报告“国民经济行业类别/分类”或相邻字段显示 C29/C292/塑料制品业相关。
90,PL095_佛山市京耘科技有限公司新建项目_01_受理公告或公示版.pdf,E:\华南理工项目\环评文件汇总\01_GitHub项目与研究文档\eia-openclaw-sync-chen2026\05_QA测试集\人工核查_环评报告出处整理_20260715\环评报告文件_按问答顺序\PL095_佛山市京耘科技有限公司新建项目_01_受理公告或公示版.pdf,.pdf,ok,"C2929 塑料零件及
C2929 塑料零
2929 塑料零件及
2929 塑料零
2929 塑料零件及其他塑料制品制造行业系数表”，配料-混合-挤出注","心6 栋702 地理坐标 （东经：113度21分13.863秒，北纬：22度48分30.284秒） 国民经济 行业类别 C2929 塑料零件及 其他塑料制品制造 建设项目 行业类别 二十六、橡胶和塑料制品业 29”中“53塑料制品业292”中 “其他（年用非溶剂型低VOCs 含量涂料10吨以下除外） 建设性质 新建（迁建） □
22度48分30.284秒） 国民经济 行业类别 C2929 塑料零件及 其他塑料制品制造 建设项目 行业类别 二十六、橡胶和塑料制品业 29”中“53塑料制品业292”中 “其他（年用非溶剂型低VOCs 含量涂料10吨以下除外） 建设性质 新建（迁建） □改建 □扩建 □技术改造 建设项目 申报情形 首次申报项目 □不予批准后再
民经济 行业类别 C2929 塑料零件及 其他塑料制品制造 建设项目 行业类别 二十六、橡胶和塑料制品业 29”中“53塑料制品业292”中 “其他（年用非溶剂型低VOCs 含量涂料10吨以下除外） 建设性质 新建（迁建） □改建 □扩建 □技术改造 建设项目 申报情形 首次申报项目 □不予批准后再次申报项目 □超五年重新审
目。专业电镀、印染等项目进入定点园区集中 管理。严格限制新建生产和使用高挥发性有机 物原辅材料的项目。 项目行业类别为C2929 塑料零 件及其他塑料制品制造，主要从 事塑料手机壳生产，不属于“高 耗能、高排放”项目以及不属于 新建、扩建水泥、平板玻璃、化 学制浆、生皮制革以及国家规划 外的钢铁、原油加工等项目。项 目生产过程
化学制浆、生 皮制革以及国家规划外的钢铁、原油加工等项 目；专业电镀、印染等项目进入定点园区集中 管理。 项目行业类别为C2929 塑料零 件及其他塑料制品制造，主要从 事塑料手机壳生产，不属于“高 耗能、高排放”项目以及不属于 新建、扩建水泥、平板玻璃、化 学制浆、生皮制革以及国家规划 外的钢铁、原油加工等项目。 符合 2.3
J/T55 的规定 执行 4、《广东省涉挥发性有机物（VOCs）重点行业治理指引》（粤环办〔2021〕43 号） 橡胶和塑料零件及其他塑料制品制造VOCs 治理指引 4.1 【VOCs 物料储存】①VOCs 物料应储存于密 闭的容器、包装袋、储桶、储库、料仓中；② 盛装VOCs 物料的容器是否存放于室内，或存 放于设置有雨棚、遮阳和防渗设施的专",塑胶行业,报告“国民经济行业类别/分类”或相邻字段显示 C29/C292/塑料制品业相关。
91,PL096_高晖(佛山)新材料科技有限公司新建项目_01_受理公告或公示版.pdf,E:\华南理工项目\环评文件汇总\01_GitHub项目与研究文档\eia-openclaw-sync-chen2026\05_QA测试集\人工核查_环评报告出处整理_20260715\环评报告文件_按问答顺序\PL096_高晖(佛山)新材料科技有限公司新建项目_01_受理公告或公示版.pdf,.pdf,ok,"C2926 塑料包装箱及
C2926），根据
C2926 塑
C2926-塑料包装箱及容
C2929 塑料零件及其他塑料
2926 塑料包装箱及","1 室 地理坐标 （东经：113 度22 分44.76 秒，北纬：22 度48 分24.84 秒） 国民经济 行业类别 C2926 塑料包装箱及 容器制造 建设项目 行业类别 二十六、橡胶和塑料制品业 29--53、塑料制品业292 中 的“其他（年用非溶剂型低 VOCs 含量涂料10 吨以下 的除外）” 建设性质 新建（迁建
：22 度48 分24.84 秒） 国民经济 行业类别 C2926 塑料包装箱及 容器制造 建设项目 行业类别 二十六、橡胶和塑料制品业 29--53、塑料制品业292 中 的“其他（年用非溶剂型低 VOCs 含量涂料10 吨以下 的除外）” 建设性质 新建（迁建） 改建 扩建 技术改造 建设项目 申报情形 首次申报项目 
） 国民经济 行业类别 C2926 塑料包装箱及 容器制造 建设项目 行业类别 二十六、橡胶和塑料制品业 29--53、塑料制品业292 中 的“其他（年用非溶剂型低 VOCs 含量涂料10 吨以下 的除外）” 建设性质 新建（迁建） 改建 扩建 技术改造 建设项目 申报情形 首次申报项目 不予批准后再次申报项目 
发改资环函 [2020]1747 号）及《环境保护综 合名录》（2021 年版）等。 本项目属于塑料包装箱及容 器制造（C2926），根据 《产业结构调整指导目录 （2024 年本）》（国家发展 和改革委员会令第7 号）， 本项目不属于指导目录中的 鼓励类、限制类和淘汰类产 业，符合国家有关法律、法 规和政策规定，属于允许 类。
水 排入洪奇沥水道。参考 2023 年1 月～2024 年1 月 洪奇沥水道水质数据，达到 Ⅲ类水质标准要求。项目属 于塑料制品业，不属于纯加 工型印花项目，不属于含酸 洗、磷化的金属表面处理项 目，项目内不含酸洗、喷 涂、化学抛光、电解等涉及 废水排放工艺的不锈钢型材 加工项目。 符 合 【第15页】 — 6 — 花项目，含
整指导目录》和《市 场准入负面清单》明确的属于淘汰 类的塑料制品项目，禁止投资；属 于限制类项目，禁止新建。 本项目属于C2926 塑 料包装箱及容器制 造，外购的塑板材为 新料，不属于医疗废 物、回收利用的废塑 料输液袋（瓶），也不 属于“洋垃圾”，产品 也不属于文件中禁止 生产项目及限制类项 目。 符 合 9、《顺德区重点行",塑胶行业,报告“国民经济行业类别/分类”或相邻字段显示 C29/C292/塑料制品业相关。
92,PL098_佛山市顺德区共诺电子元件厂搬迁项目_01_受理公告或公示版.pdf,E:\华南理工项目\环评文件汇总\01_GitHub项目与研究文档\eia-openclaw-sync-chen2026\05_QA测试集\人工核查_环评报告出处整理_20260715\环评报告文件_按问答顺序\PL098_佛山市顺德区共诺电子元件厂搬迁项目_01_受理公告或公示版.pdf,.pdf,ok,"C2929 塑料零件及其他塑
C2929 塑料零件及其他塑料制品制造，不在《产业结构调整指导
C2929 塑料零件
C2929 塑料零件及其他塑料制品制造，根据《固定污染
2929 塑料零件及其他塑
2929 塑料零件及其他塑料制品制造，不在《产业结构调整指导","楼之二 地理坐标 （北纬22 度50 分39.195 秒，东经113 度13 分49.350 秒） 国民经济 行业类别 C2929 塑料零件及其他塑 料制品制造 建设项目 行业类别 二十六、橡胶和塑料制品业29-53 塑 料制品业292-其他（年用非溶剂型低 VOCs 含量涂料10 吨以下的除外） 建设性质 新建（迁建） □改
度13 分49.350 秒） 国民经济 行业类别 C2929 塑料零件及其他塑 料制品制造 建设项目 行业类别 二十六、橡胶和塑料制品业29-53 塑 料制品业292-其他（年用非溶剂型低 VOCs 含量涂料10 吨以下的除外） 建设性质 新建（迁建） □改建 □扩建 □技术改造 建设项目 申报情形 首次申报项目 □不予批准后再次
皆可依法平等进入，项目不在市场准入负面清单禁止和许可两类项目范围内，可 依法平等进入。 （2）产业政策相符性 本项目属于C2929 塑料零件及其他塑料制品制造，不在《产业结构调整指导 目录（2024 年本）》（中华人民共和国国家发展和改革委员会令第7 号）文件中 的限制类、淘汰类之列；本项目产品不属于《促进产业结构调整暂行规定》
进入，项目不在市场准入负面清单禁止和许可两类项目范围内，可 依法平等进入。 （2）产业政策相符性 本项目属于C2929 塑料零件及其他塑料制品制造，不在《产业结构调整指导 目录（2024 年本）》（中华人民共和国国家发展和改革委员会令第7 号）文件中 的限制类、淘汰类之列；本项目产品不属于《促进产业结构调整暂行规定》中限 制类、淘汰类之列，符合
整指导目录》 和《市场准入负面清单》明确的属于 淘汰类的塑料制品项目，禁止投资； 属于限制类项目，禁止新建。 本项目属于C2929 塑料零件 及其他塑料制品制造，外购的 塑料粒为新料，不属于医疗废 物、回收利用的废塑料输液袋 （瓶），也不属于“洋垃圾”， 产品也不属于文件中禁止生 产项目及限制类项目。 符合 10 《顺德区重点行
级及以上重点项目除 外)，应进入以此类项目为主导产业、有相应废水集中治理设施的工业园区，实现集中 治污。 1、本项目属于塑料零件及其他塑料制品制造业，不属 于产业/鼓励引导类，也不属于《市场准入负面清单 （2022 年版）》（发改体改规〔2022〕397 号）中禁止 或许可事项。 2、项目租用工业园区已建厂房，项目位于顺德红岗科 技城产业集聚区",塑胶行业,报告“国民经济行业类别/分类”或相邻字段显示 C29/C292/塑料制品业相关。
93,PL099_佛山市顺佳利智能科技有限公司扩建项目(重新报批)_01_报批稿或报告表.pdf,E:\华南理工项目\环评文件汇总\01_GitHub项目与研究文档\eia-openclaw-sync-chen2026\05_QA测试集\人工核查_环评报告出处整理_20260715\环评报告文件_按问答顺序\PL099_佛山市顺佳利智能科技有限公司扩建项目(重新报批)_01_报批稿或报告表.pdf,.pdf,ok,"C2929 塑料零件及其他塑
C2929 塑料零件及其他塑料制品制造、C3899 其他未
C2929 塑料零件及其他塑料制
C2929 塑料零件及其他塑料制品制造、C3899 其他未列明电气机
2929 塑料零件及其他塑
2929 塑料零件及其他塑料制品制造、C3899 其他未","02、8 楼 地理坐标 东经113 度13 分8.735 秒，北纬22 度53 分14.842 秒 国民经济 行业类别 C2929 塑料零件及其他塑 料制品制造、C3899 其他 未列明电气机械及器材制 造 建设项目 行业类别 二十六、橡胶和塑料制品业 29—53 塑料制品业292—其 他（年用非溶剂型低VOCs 含量涂料10
别 C2929 塑料零件及其他塑 料制品制造、C3899 其他 未列明电气机械及器材制 造 建设项目 行业类别 二十六、橡胶和塑料制品业 29—53 塑料制品业292—其 他（年用非溶剂型低VOCs 含量涂料10 吨以下的除外）； 三十五、电气机械和器材制 造业38—77 其他电气机械 及器材制造389-其他（仅分 割、焊接、组装的除
塑 料制品制造、C3899 其他 未列明电气机械及器材制 造 建设项目 行业类别 二十六、橡胶和塑料制品业 29—53 塑料制品业292—其 他（年用非溶剂型低VOCs 含量涂料10 吨以下的除外）； 三十五、电气机械和器材制 造业38—77 其他电气机械 及器材制造389-其他（仅分 割、焊接、组装的除外 建设性质 新建（迁
要求，符合所在地块的土地利用性质，选址合理。 【第7页】 3 其他符合性分析 1、与产业政策符合性分析 项目所属行业为C2929 塑料零件及其他塑料制品制造、C3899 其他未 列明电气机械及器材制造，根据《产业结构调整指导目录（2024 年本）》 的规定，项目不属于上述目录所列的鼓励类、限制类和禁止（淘汰）类项 目，项目属于
在地块的土地利用性质，选址合理。 【第7页】 3 其他符合性分析 1、与产业政策符合性分析 项目所属行业为C2929 塑料零件及其他塑料制品制造、C3899 其他未 列明电气机械及器材制造，根据《产业结构调整指导目录（2024 年本）》 的规定，项目不属于上述目录所列的鼓励类、限制类和禁止（淘汰）类项 目，项目属于允许类。根据《市场准入负面清
组织排放， 对周边环境影响较小；本项目声环境质量能满足相应的 标准要求。 符合 环保准入负 面清单 项目行业类别及代码为C2929 塑料零件及其他塑料制 品制造、C3899 其他未列明电气机械及器材制造，根据 国家发展改革委商务部关于印发《市场准入负面清单 （2022 年版）》的规定，本项目不属于清单中规定的 禁止类和需要许可类",塑胶行业,报告“国民经济行业类别/分类”或相邻字段显示 C29/C292/塑料制品业相关。
94,PL100_佛山市天日塑料科技有限公司迁扩建项目_01_报批稿或报告表.pdf,E:\华南理工项目\环评文件汇总\01_GitHub项目与研究文档\eia-openclaw-sync-chen2026\05_QA测试集\人工核查_环评报告出处整理_20260715\环评报告文件_按问答顺序\PL100_佛山市天日塑料科技有限公司迁扩建项目_01_报批稿或报告表.pdf,.pdf,ok,"C2929塑料零件及其他塑
C2929 塑料零件及其他塑料制品制造，根据《产业结
C2929塑料零
C2929塑料零件及其
2929塑料零件及其他塑
2929 塑料零件及其他塑料制品制造，根据《产业结","5 号 地理坐标 东经：113 度10 分52.870 秒，北纬：22 度52 分31.951 秒 国民经济 行业类别 C2929塑料零件及其他塑 料制品制造 建设项目 行业类别 二十六、橡胶和塑料制品业 29-53 塑料制品业292-其他 （年用非溶剂型低VOCs 含 量涂料10 吨以下的除外） 建设性质 新建（迁建） 改
2 度52 分31.951 秒 国民经济 行业类别 C2929塑料零件及其他塑 料制品制造 建设项目 行业类别 二十六、橡胶和塑料制品业 29-53 塑料制品业292-其他 （年用非溶剂型低VOCs 含 量涂料10 吨以下的除外） 建设性质 新建（迁建） 改建 扩建 技术改造 建设项目 申报情形 首次申报项目 不予批准后再
国民经济 行业类别 C2929塑料零件及其他塑 料制品制造 建设项目 行业类别 二十六、橡胶和塑料制品业 29-53 塑料制品业292-其他 （年用非溶剂型低VOCs 含 量涂料10 吨以下的除外） 建设性质 新建（迁建） 改建 扩建 技术改造 建设项目 申报情形 首次申报项目 不予批准后再次申报项目 超五年重新
境影响 评价情况 无 规划及规划环境 影响评价符合性 分析 无 其他符合性分析 1、与产业政策符合性分析 项目所属行业为C2929 塑料零件及其他塑料制品制造，根据《产业结 构调整指导目录（2024 年本）》，项目不属于限制类、淘汰类。综上所述， 项目符合国家、广东省的产业政策要求。 根据《市场准入负面清单（2022 年版）》的
情况 无 规划及规划环境 影响评价符合性 分析 无 其他符合性分析 1、与产业政策符合性分析 项目所属行业为C2929 塑料零件及其他塑料制品制造，根据《产业结 构调整指导目录（2024 年本）》，项目不属于限制类、淘汰类。综上所述， 项目符合国家、广东省的产业政策要求。 根据《市场准入负面清单（2022 年版）》的规定，项目不属于清单中 规定
械装备、智能家居制造业、 互联网家电、5G、物联网开发与应用 等创新产业链，打造互联网家电及智 能装备集聚区。 本项目为C2929塑料零 件及其他塑料制品制 造，不属于鼓励引导类 产业。 符合 区域 布局 管控 1-2.【产业/综合类】系统推进村级工 业园升级改造，腾出连片空间，布局 产业集聚区和主题产业园，推动工业 项目入园集",塑胶行业,报告“国民经济行业类别/分类”或相邻字段显示 C29/C292/塑料制品业相关。
95,PL102_佛山市顺德区福晟鑫塑料制品有限公司迁扩建项目_01_受理公告或公示版.pdf,E:\华南理工项目\环评文件汇总\01_GitHub项目与研究文档\eia-openclaw-sync-chen2026\05_QA测试集\人工核查_环评报告出处整理_20260715\环评报告文件_按问答顺序\PL102_佛山市顺德区福晟鑫塑料制品有限公司迁扩建项目_01_受理公告或公示版.pdf,.pdf,ok,"国民经济行业分类》（GB/T4754-2017）（2019年修订）
C2929塑料零件及
C2929 塑料
C2929塑料零件及其他塑料制品制造，不属于高能耗行
C2929
C2929塑料","栋101 地理坐标 东经：113度10分1.619秒 、北纬：22度51分4.341秒 国民经济 行业类别 C2929塑料零件及 其他塑料制品制造 建设项目 行业类别 二十六、橡胶和塑料制品业 29-53塑料制品业292-“其他 （年用非溶剂型低VOCs含量 涂料10吨以下的除外）” 建设性质 ☑ 新建（迁
1分4.341秒 国民经济 行业类别 C2929塑料零件及 其他塑料制品制造 建设项目 行业类别 二十六、橡胶和塑料制品业 29-53塑料制品业292-“其他 （年用非溶剂型低VOCs含量 涂料10吨以下的除外）” 建设性质 ☑ 新建（迁建） □ 改建 ☑扩建 □技术改造 建设项目 申报情形 ☑首次申报项
济 行业类别 C2929塑料零件及 其他塑料制品制造 建设项目 行业类别 二十六、橡胶和塑料制品业 29-53塑料制品业292-“其他 （年用非溶剂型低VOCs含量 涂料10吨以下的除外）” 建设性质 ☑ 新建（迁建） □ 改建 ☑扩建 □技术改造 建设项目 申报情形 ☑首次申报项目 □不予批准后再次
通知》（发改体改规〔2022〕397 号），本项 目不属于禁止类项目。 项目主要从事电器塑料配件的加工生产，所属行业为C2929 塑料 零件及其他塑料制品制造，不在《环境保护综合名录（2021 年版）》 内，因此本项目所产产品不属于高污染、高风险产品。 项目主要从事电器塑料配件的加工生产，所属行业为C2929 塑料 零件及其
（2021 年版）》 内，因此本项目所产产品不属于高污染、高风险产品。 项目主要从事电器塑料配件的加工生产，所属行业为C2929 塑料 零件及其他塑料制品制造，不属于《广东省“两高”项目管理目录（2022 年版）》的通知（粤发改能源函〔2022〕1363 号）内两高项目所属行 业，因此本项目不属于两高项目。 因此，项目符合相
的原辅材料不属于新建生产和使用高挥发性有 机物原辅材料的项目，符合区域布局管控要求。 2）能源资源利用要求 项目所属C2929塑料零件及其他塑料制品制造，不属于高能耗行 业。项目生产设备使用电能，生产用水由市政供水，不直接取用江河湖 库水量，不会对项目所在地生态流量造成影响，符合能源利用要求。 3）污染物排放管控要求 项",塑胶行业,报告“国民经济行业类别/分类”或相邻字段显示 C29/C292/塑料制品业相关。
96,PL103_佛山市顺德区谦和丰塑料制品厂新建项目_01_受理公告或公示版.pdf,E:\华南理工项目\环评文件汇总\01_GitHub项目与研究文档\eia-openclaw-sync-chen2026\05_QA测试集\人工核查_环评报告出处整理_20260715\环评报告文件_按问答顺序\PL103_佛山市顺德区谦和丰塑料制品厂新建项目_01_受理公告或公示版.pdf,.pdf,ok,"C2929 塑料零件及其他塑
C2929 塑料零件及其他塑料制品制造，不在《产业结构调整指导
C2929 塑料零件及其他塑料制品制造，根据《固定污染
C2929 塑料零件及其他塑料制品制造，不涉及通用工序，
2929 塑料零件及其他塑
2929 塑料零件及其他塑料制品制造，不在《产业结构调整指导","号之一 地理坐标 （北纬22 度51 分42.390 秒，东经113 度10 分9.900 秒） 国民经济 行业类别 C2929 塑料零件及其他塑 料制品制造 建设项目 行业类别 二十六、橡胶和塑料制品业29-53 塑 料制品业292-其他（年用非溶剂型低 VOCs 含量涂料10 吨以下的除外） 建设性质 新建（迁建） 改
度10 分9.900 秒） 国民经济 行业类别 C2929 塑料零件及其他塑 料制品制造 建设项目 行业类别 二十六、橡胶和塑料制品业29-53 塑 料制品业292-其他（年用非溶剂型低 VOCs 含量涂料10 吨以下的除外） 建设性质 新建（迁建） 改建 扩建 技术改造 建设项目 申报情形 首次申报项目 不予批准后再次
皆可依法平等进入，项目不在市场准入负面清单禁止和许可两类项目范围内，可依 法平等进入。 （2）产业政策相符性 本项目属于C2929 塑料零件及其他塑料制品制造，不在《产业结构调整指导 目录（2024 年本）》中的限制类、淘汰类之列；本项目产品不属于《促进产业结 构调整暂行规定》中限制类、淘汰类之列，符合政策规定。 2、与《环境保
进入，项目不在市场准入负面清单禁止和许可两类项目范围内，可依 法平等进入。 （2）产业政策相符性 本项目属于C2929 塑料零件及其他塑料制品制造，不在《产业结构调整指导 目录（2024 年本）》中的限制类、淘汰类之列；本项目产品不属于《促进产业结 构调整暂行规定》中限制类、淘汰类之列，符合政策规定。 2、与《环境保护综合名录（2021 年版）
业，引入智能制造服务、电子商务、现代商贸流通产业，重点建设环保 产业基地、小家电产业基地和五金产业创业基地。 本项目属于塑料零件及其他塑料制品制造，不属于产业/鼓励引导类。 符合 1.2 【产业/综合类】系统推进村级工业园升级改造，腾出连片空间，布局产业集聚区和主 题产业园，推动工业项目入园集聚发展。新增工业制造业用地原则上安排在产业集聚 区内
技术企业配套 的除外），应进入以此类项目为主导产业、有相应废水集中治理设施的工业园区，实 现集中治污。 本项目所属行业为塑料零件及其他塑料制品制造，生活污水经三级 化粪池预处理后排入勒流污水处理厂；循环冷却水为间接冷却水， 作为清净下水通过雨水管网排入附近内河涌；项目不属于线路板生 产、化工、印花、金属表面处理、金属制品、不锈钢型材加工等项 目",塑胶行业,报告“国民经济行业类别/分类”或相邻字段显示 C29/C292/塑料制品业相关。
97,PL104_华硕(广东)新材料股份有限公司建设项目_01_受理公告或公示版.pdf,E:\华南理工项目\环评文件汇总\01_GitHub项目与研究文档\eia-openclaw-sync-chen2026\05_QA测试集\人工核查_环评报告出处整理_20260715\环评报告文件_按问答顺序\PL104_华硕(广东)新材料股份有限公司建设项目_01_受理公告或公示版.pdf,.pdf,ok,"C2921 塑料薄膜
C2921 塑料薄膜制造。主要从事食品包装膜的加工
C2921 塑料薄膜制
C2921 塑料薄膜制造，根据《固定污染源排
C2921
C2921 塑料薄膜制造","单元 地理坐标 北纬：22 度48 分31.141 秒，东经：113 度21 分51.625 秒 国民经济 行业类别 C2921 塑料薄膜 制造 建设项目 行业类别 二十六、橡胶和塑料制品业29 —53 塑料制品业292—其他（年 用非溶剂型低VOCs 含量涂料10 吨以下的除外） 建设性质 ☑新建（迁建） □改建 □扩建 □
，东经：113 度21 分51.625 秒 国民经济 行业类别 C2921 塑料薄膜 制造 建设项目 行业类别 二十六、橡胶和塑料制品业29 —53 塑料制品业292—其他（年 用非溶剂型低VOCs 含量涂料10 吨以下的除外） 建设性质 ☑新建（迁建） □改建 □扩建 □技术改造 建设项目 申报情形 ☑首次申报项目 □不予批准后再次
.625 秒 国民经济 行业类别 C2921 塑料薄膜 制造 建设项目 行业类别 二十六、橡胶和塑料制品业29 —53 塑料制品业292—其他（年 用非溶剂型低VOCs 含量涂料10 吨以下的除外） 建设性质 ☑新建（迁建） □改建 □扩建 □技术改造 建设项目 申报情形 ☑首次申报项目 □不予批准后再次申报项目 □超五年重新审
用能源全部是 电能，属于清洁能源。 符合 【第7页】 — 3 — 其他符合性分 析 1、与产业政策符合性分析 项目属于C2921 塑料薄膜制造。主要从事食品包装膜的加工 生产，不属于国家《产业结构调整指导目录（2024 年本）》、《广 东省禁止、限值生产、销售和使用的塑料制品目录（2020 年版）》 中的限值或淘汰类别，也不属
电能，属于清洁能源。 符合 【第7页】 — 3 — 其他符合性分 析 1、与产业政策符合性分析 项目属于C2921 塑料薄膜制造。主要从事食品包装膜的加工 生产，不属于国家《产业结构调整指导目录（2024 年本）》、《广 东省禁止、限值生产、销售和使用的塑料制品目录（2020 年版）》 中的限值或淘汰类别，也不属于国家发展改革
外的钢铁、原油加工等项目。本项 目不属于新建生产和使用高挥发性有机物原辅材料的项目，符合区 域布局管控要求。 ②项目所属橡胶和塑料制品业不属于高能耗行业。项目生产设 备使用电能，生产用水由市政供水，不直接取用江河湖库水量，不 会对项目所在地生态流量造成影响，符合能源利用要求。 ③项目属于新建项目，项目生活污水经三级化粪处理设施处理 后",塑胶行业,报告“国民经济行业类别/分类”或相邻字段显示 C29/C292/塑料制品业相关。
98,PL106_佛山市顺德区谦迅盛塑料制品厂新建项目_01_受理公告或公示版.pdf,E:\华南理工项目\环评文件汇总\01_GitHub项目与研究文档\eia-openclaw-sync-chen2026\05_QA测试集\人工核查_环评报告出处整理_20260715\环评报告文件_按问答顺序\PL106_佛山市顺德区谦迅盛塑料制品厂新建项目_01_受理公告或公示版.pdf,.pdf,ok,"C2929 塑料零件及其他塑
C2929 塑料零件及其他塑料制品制造，不在《产业结构调整指导
C2929 塑料零件及其他塑料制品制造，根据《固定污染
C2929 塑料零件及其他塑料制品制造，不涉及通用工序，
2929 塑料零件及其他塑
2929 塑料零件及其他塑料制品制造，不在《产业结构调整指导","号之二 地理坐标 （北纬22 度51 分55.178 秒，东经113 度10 分16.062 秒） 国民经济 行业类别 C2929 塑料零件及其他塑 料制品制造 建设项目 行业类别 二十六、橡胶和塑料制品业29-53 塑 料制品业292-其他（年用非溶剂型低 VOCs 含量涂料10 吨以下的除外） 建设性质 新建（迁建） 改
度10 分16.062 秒） 国民经济 行业类别 C2929 塑料零件及其他塑 料制品制造 建设项目 行业类别 二十六、橡胶和塑料制品业29-53 塑 料制品业292-其他（年用非溶剂型低 VOCs 含量涂料10 吨以下的除外） 建设性质 新建（迁建） 改建 扩建 技术改造 建设项目 申报情形 首次申报项目 不予批准后再次
皆可依法平等进入，项目不在市场准入负面清单禁止和许可两类项目范围内，可依 法平等进入。 （2）产业政策相符性 本项目属于C2929 塑料零件及其他塑料制品制造，不在《产业结构调整指导 目录（2024 年本）》中的限制类、淘汰类之列；本项目产品不属于《促进产业结 构调整暂行规定》中限制类、淘汰类之列，符合政策规定。 2、与《环境保
进入，项目不在市场准入负面清单禁止和许可两类项目范围内，可依 法平等进入。 （2）产业政策相符性 本项目属于C2929 塑料零件及其他塑料制品制造，不在《产业结构调整指导 目录（2024 年本）》中的限制类、淘汰类之列；本项目产品不属于《促进产业结 构调整暂行规定》中限制类、淘汰类之列，符合政策规定。 2、与《环境保护综合名录（2021 年版）
业，引入智能制造服务、电子商务、现代商贸流通产业，重点建设环保 产业基地、小家电产业基地和五金产业创业基地。 本项目属于塑料零件及其他塑料制品制造，不属于产业/鼓励引导类。 符合 1.2 【产业/综合类】系统推进村级工业园升级改造，腾出连片空间，布局产业集聚区和主 题产业园，推动工业项目入园集聚发展。新增工业制造业用地原则上安排在产业集聚 区内
技术企业配套 的除外），应进入以此类项目为主导产业、有相应废水集中治理设施的工业园区，实 现集中治污。 本项目所属行业为塑料零件及其他塑料制品制造，生活污水经三级 化粪池预处理后排入勒流污水处理厂；循环冷却水为间接冷却水， 作为清净下水通过雨水管网排入附近内河涌；项目不属于线路板生 产、化工、印花、金属表面处理、金属制品、不锈钢型材加工等项 目",塑胶行业,报告“国民经济行业类别/分类”或相邻字段显示 C29/C292/塑料制品业相关。
99,PL107_佛山赫昶塑胶制品有限公司新建项目_01_报批稿或报告表.pdf,E:\华南理工项目\环评文件汇总\01_GitHub项目与研究文档\eia-openclaw-sync-chen2026\05_QA测试集\人工核查_环评报告出处整理_20260715\环评报告文件_按问答顺序\PL107_佛山赫昶塑胶制品有限公司新建项目_01_报批稿或报告表.pdf,.pdf,ok,"C2929 塑料零件及其
C2929 塑料零件及其他塑料制品制造，产品为塑料膜配件，不属于《市场准入负面清单（2022 年版）》（发改
C2929 塑料零件及其他塑料制品制造，根据《广东省“两高”项目管理目录（2022 年版）》，本项目不属于高能
C2929 塑料零件及其他塑料制品制造，不属于《市场准入负面清单（2022 年版）》（发改体改规[2022]397 号）
C2929 塑料零件及其他塑料制品制造，不属于禁
2929 塑料零件及其","楼之二 地理坐标 （E:113 度20 分10.677 秒，N:22 度46 分48.686 秒） 国民经济 行业类别 C2929 塑料零件及其 他塑料制品制造 建设项目 行业类别 二十六、橡胶和塑料制品业29—53.塑料 制品业292—其他（年用非溶剂型低 VOCs 含量涂料10 吨以下的除外） 建设性质 R新建（迁建） £改
度46 分48.686 秒） 国民经济 行业类别 C2929 塑料零件及其 他塑料制品制造 建设项目 行业类别 二十六、橡胶和塑料制品业29—53.塑料 制品业292—其他（年用非溶剂型低 VOCs 含量涂料10 吨以下的除外） 建设性质 R新建（迁建） £改建 £扩建 £技术改造 建设项目 申报情形 R首次申报项目 £不予批准后再次
北路1 号二楼之二，根据房屋租赁合同可知，选址用地现状为工业用地， 项目选址合理。 2、与产业政策相符性分析 本项目属于C2929 塑料零件及其他塑料制品制造，产品为塑料膜配件，不属于《市场准入负面清单（2022 年版）》（发改 体改规[2022]397 号）中禁止和许可事项；项目生产产品、生产工艺和生产设备均不属于《产业结构调
楼之二，根据房屋租赁合同可知，选址用地现状为工业用地， 项目选址合理。 2、与产业政策相符性分析 本项目属于C2929 塑料零件及其他塑料制品制造，产品为塑料膜配件，不属于《市场准入负面清单（2022 年版）》（发改 体改规[2022]397 号）中禁止和许可事项；项目生产产品、生产工艺和生产设备均不属于《产业结构调整指导目录（2024 年本）
以电为能源，不使用燃料，不涉及区域布局管控要求中禁止建设的设施或项目。综上分析，本项目符合区域布局管控要 求。 项目所属C2929 塑料零件及其他塑料制品制造，根据《广东省“两高”项目管理目录（2022 年版）》，本项目不属于高能 耗行业。本项目生产设备使用电能，生产用水由市政供水。本项目规模较小，水电用量都很少，符合能源利用要
不使用燃料，不涉及区域布局管控要求中禁止建设的设施或项目。综上分析，本项目符合区域布局管控要 求。 项目所属C2929 塑料零件及其他塑料制品制造，根据《广东省“两高”项目管理目录（2022 年版）》，本项目不属于高能 耗行业。本项目生产设备使用电能，生产用水由市政供水。本项目规模较小，水电用量都很少，符合能源利用要求。 【第11页】 — 7",塑胶行业,报告“国民经济行业类别/分类”或相邻字段显示 C29/C292/塑料制品业相关。
100,PL108_佛山市东来晟塑料制品有限公司新建项目_01_报批稿或报告表.pdf,E:\华南理工项目\环评文件汇总\01_GitHub项目与研究文档\eia-openclaw-sync-chen2026\05_QA测试集\人工核查_环评报告出处整理_20260715\环评报告文件_按问答顺序\PL108_佛山市东来晟塑料制品有限公司新建项目_01_报批稿或报告表.pdf,.pdf,ok,"C2926 塑料包装箱及
C2929 塑
C2926塑料包装箱及容器制造、C2929塑料零件及其他
C2926塑料包装箱及容器制造、C2929塑料
C2926 塑料包装箱及容器制造、C2929 塑
C2926 塑料包装","栋第一层、第二层 地理坐标 （113 度19 分1.911 秒，22 度45 分24.451 秒） 国民经济 行业类别 C2926 塑料包装箱及 容器制造、C2929 塑 料零件及其他塑料制 品制造 建设项目 行业类别 二十六、橡胶和塑料制品业 29-53 塑料制品业292-其他（年 用非溶剂型低VOCs 含量涂料10 吨以下的
度19 分1.911 秒，22 度45 分24.451 秒） 国民经济 行业类别 C2926 塑料包装箱及 容器制造、C2929 塑 料零件及其他塑料制 品制造 建设项目 行业类别 二十六、橡胶和塑料制品业 29-53 塑料制品业292-其他（年 用非溶剂型低VOCs 含量涂料10 吨以下的除外） 建设性质 新建（迁建） 
行业类别 C2926 塑料包装箱及 容器制造、C2929 塑 料零件及其他塑料制 品制造 建设项目 行业类别 二十六、橡胶和塑料制品业 29-53 塑料制品业292-其他（年 用非溶剂型低VOCs 含量涂料10 吨以下的除外） 建设性质 新建（迁建） 改建 扩建 技术改造 建设项目 申报情形 首次申报项目 不予批准后再次
装箱及 容器制造、C2929 塑 料零件及其他塑料制 品制造 建设项目 行业类别 二十六、橡胶和塑料制品业 29-53 塑料制品业292-其他（年 用非溶剂型低VOCs 含量涂料10 吨以下的除外） 建设性质 新建（迁建） 改建 扩建 技术改造 建设项目 申报情形 首次申报项目 不予批准后再次申报项目 超五年重新审
影响评价 情况 无 规划及规 划环境影 响评价符 合性分析 无 其他符合 性分析 1、与产业政策相符性分析 项目主要从事C2926塑料包装箱及容器制造、C2929塑料零件及其他 塑料制品制造，根据《产业结构调整指导目录（2024年本）》的规定， 【第6页】 2 项目不属于目录所列的鼓励类、限制类、禁止（淘汰）类项目，也不属 于
情况 无 规划及规 划环境影 响评价符 合性分析 无 其他符合 性分析 1、与产业政策相符性分析 项目主要从事C2926塑料包装箱及容器制造、C2929塑料零件及其他 塑料制品制造，根据《产业结构调整指导目录（2024年本）》的规定， 【第6页】 2 项目不属于目录所列的鼓励类、限制类、禁止（淘汰）类项目，也不属 于《市场准入负面清单（",塑胶行业,报告“国民经济行业类别/分类”或相邻字段显示 C29/C292/塑料制品业相关。
101,PL110_佛山市宇纳电器科技有限公司迁扩建项目_01_受理公告或公示版.pdf,E:\华南理工项目\环评文件汇总\01_GitHub项目与研究文档\eia-openclaw-sync-chen2026\05_QA测试集\人工核查_环评报告出处整理_20260715\环评报告文件_按问答顺序\PL110_佛山市宇纳电器科技有限公司迁扩建项目_01_受理公告或公示版.pdf,.pdf,ok,"C2929 塑料零件及其他
C2929 塑料零件及其他塑料制品制
C2929 塑料零件及
C2929 塑料零件及其他塑料制
C2929 塑料零件及其他塑料制品制造”行业，主要从事塑料配件
C2929 塑料零件及其他塑料制品制造”行业，主要从事塑料配","楼11 栋101 之一 地理坐标 东经113°10′43.848〃，北纬22°46′54.267〃 国民经济行业类 别 C2929 塑料零件及其他 塑料制品制造 建设项目行业类别 二十六、橡胶和塑料制品业29--53. 塑料制品业292 一其他(年用非溶剂 型低VOCs 含量涂料10 吨以下的除 外 建设性质 新建（迁建） 
北纬22°46′54.267〃 国民经济行业类 别 C2929 塑料零件及其他 塑料制品制造 建设项目行业类别 二十六、橡胶和塑料制品业29--53. 塑料制品业292 一其他(年用非溶剂 型低VOCs 含量涂料10 吨以下的除 外 建设性质 新建（迁建） 改建 扩建 技术改造 建设项目申报情形 ☑首次申报项目 □不予批准后再
国民经济行业类 别 C2929 塑料零件及其他 塑料制品制造 建设项目行业类别 二十六、橡胶和塑料制品业29--53. 塑料制品业292 一其他(年用非溶剂 型低VOCs 含量涂料10 吨以下的除 外 建设性质 新建（迁建） 改建 扩建 技术改造 建设项目申报情形 ☑首次申报项目 □不予批准后再次申报项目 □超五年重新审
11 栋101 之一，属于《佛山市顺德高新技术产业开发区扩区规划环境影响报告书 （简本）》规划的南片区范围，本项目属于“C2929 塑料零件及其他塑料制品制 造”行业，主要从事塑料配件制造，不属于《佛山市顺德高新技术产业开发区扩区 规划环境影响报告书（简本）》中表10.1-3 高新区总体生态环境准入清单中禁止 项目，本项目符合《
束 1.引入产业应符合现行有效的《产 业结构调整指导目录》、《市场准 入负面清单》等相关产业政策的要 求。 本项目属于“C2929 塑料零件及 其他塑料制品制造”行业，不属 于《市场准入负面清单》内行业， 不属于《产业结构调整指导目 录》鼓励类、限制类和禁止（淘 汰）类项目，根据《促进产业结 构调整暂行规定》（国发〔2005〕
、扩建纳入国家“高 污染、高环境风险”产品名录的生 产项目。 本项目生产过程使用电能，不使 用高污染燃料。本项目属于 “C2929 塑料零件及其他塑料制 品制造”行业，不属于水泥、平 板玻璃、化学制浆、炼化、炼钢 炼铁、电解铝、焦炭、金属冶炼、 制浆造纸、鞣革、铅酸蓄电池、 专业电镀、木质家具涂装、印染 项目。不属于“高污染、高",塑胶行业,报告“国民经济行业类别/分类”或相邻字段显示 C29/C292/塑料制品业相关。
102,PL111_佛山市承帆新材料科技有限公司新建项目_01_受理公告或公示版.pdf,E:\华南理工项目\环评文件汇总\01_GitHub项目与研究文档\eia-openclaw-sync-chen2026\05_QA测试集\人工核查_环评报告出处整理_20260715\环评报告文件_按问答顺序\PL111_佛山市承帆新材料科技有限公司新建项目_01_受理公告或公示版.pdf,.pdf,ok,"C2921 塑料薄膜制造
C2921 塑料薄膜制造，产品为PVC 热缩膜，不属于《市场准入负面清单（2022 年版）》（发改体改规[2022]397
C2921 塑料薄膜制造，根据
C2921 塑料薄膜制造，根据《广东省“两高”项目管理目录（2022 年版）》，本项目不属于高能耗行业。本项目
C2921 塑料薄膜制造，不属于《市场准入负面清单（2022 年版）》（发改体改规[2022]397 号）中禁止准入类。
C2921 塑料薄膜制造，不属于禁止新建的项目","602 地理坐标 （E:113 度10 分13.906 秒，N:22 度47 分14.636 秒） 国民经济 行业类别 C2921 塑料薄膜制造 建设项目 行业类别 二十六、橡胶和塑料制品业29—53.塑料 制品业292—其他（年用非溶剂型低 VOCs 含量涂料10 吨以下的除外） 建设性质 R新建（迁建） £改建 £扩建 £技
坐标 （E:113 度10 分13.906 秒，N:22 度47 分14.636 秒） 国民经济 行业类别 C2921 塑料薄膜制造 建设项目 行业类别 二十六、橡胶和塑料制品业29—53.塑料 制品业292—其他（年用非溶剂型低 VOCs 含量涂料10 吨以下的除外） 建设性质 R新建（迁建） £改建 £扩建 £技术改造 建设项
秒，N:22 度47 分14.636 秒） 国民经济 行业类别 C2921 塑料薄膜制造 建设项目 行业类别 二十六、橡胶和塑料制品业29—53.塑料 制品业292—其他（年用非溶剂型低 VOCs 含量涂料10 吨以下的除外） 建设性质 R新建（迁建） £改建 £扩建 £技术改造 建设项目 申报情形 R首次申报项目 £不予批准后再次
扩建纳入国家“高污染、高环境 风险”产品名录的生产项目。 本项目不设锅炉等供热设施，以电为能源，不使用燃料。 本项目属于塑料薄膜制造项目，不属于上述禁止建设的项 目。项目产品为PVC 收缩膜，不属于《环境保护综合名 录（2021 年版）》的“高污染、高环境风险”产品。 符合 【第7页】 — 3 — 7、严格控制日用玻璃制造、家具
01，根据房屋租赁合同及不动产权证书 可知，选址用地现状为工业用地，项目选址合理。 2、与产业政策相符性分析 本项目属于C2921 塑料薄膜制造，产品为PVC 热缩膜，不属于《市场准入负面清单（2022 年版）》（发改体改规[2022]397 号）中禁止和许可事项；项目生产产品、生产工艺和生产设备均不属于《产业结构调整指导目录（
屋租赁合同及不动产权证书 可知，选址用地现状为工业用地，项目选址合理。 2、与产业政策相符性分析 本项目属于C2921 塑料薄膜制造，产品为PVC 热缩膜，不属于《市场准入负面清单（2022 年版）》（发改体改规[2022]397 号）中禁止和许可事项；项目生产产品、生产工艺和生产设备均不属于《产业结构调整指导目录（2024 年本",塑胶行业,报告“国民经济行业类别/分类”或相邻字段显示 C29/C292/塑料制品业相关。
103,PL112_广东顺德铁夫汽车配件有限公司迁扩建项目_01_受理公告或公示版.pdf,E:\华南理工项目\环评文件汇总\01_GitHub项目与研究文档\eia-openclaw-sync-chen2026\05_QA测试集\人工核查_环评报告出处整理_20260715\环评报告文件_按问答顺序\PL112_广东顺德铁夫汽车配件有限公司迁扩建项目_01_受理公告或公示版.pdf,.pdf,ok,"C2922 塑料板、管、型材制造；
C2926 塑料包装箱及容器制造
C2922 塑料板、管、型材制造、C2926 塑料包装箱及容器制
C2922 塑料板、管、
C2926 塑料包装箱
C2922 塑料板、管、型材制造、C2926","卷闸（具体地址） 地理坐标 （113 度10 分26.18 秒，22 度41 分3.944 秒） 国民经济 行业类别 C2922 塑料板、管、型材制造； C2926 塑料包装箱及容器制造 建设项目 行业类别 二十六、橡胶和塑料制品业 29-53 塑料制品业292-其他（年 用非溶剂型低VOCs 含量涂料 10 吨以下的除外）
地址） 地理坐标 （113 度10 分26.18 秒，22 度41 分3.944 秒） 国民经济 行业类别 C2922 塑料板、管、型材制造； C2926 塑料包装箱及容器制造 建设项目 行业类别 二十六、橡胶和塑料制品业 29-53 塑料制品业292-其他（年 用非溶剂型低VOCs 含量涂料 10 吨以下的除外） 建设性质 新建（迁建
3 度10 分26.18 秒，22 度41 分3.944 秒） 国民经济 行业类别 C2922 塑料板、管、型材制造； C2926 塑料包装箱及容器制造 建设项目 行业类别 二十六、橡胶和塑料制品业 29-53 塑料制品业292-其他（年 用非溶剂型低VOCs 含量涂料 10 吨以下的除外） 建设性质 新建（迁建） 改建 
分26.18 秒，22 度41 分3.944 秒） 国民经济 行业类别 C2922 塑料板、管、型材制造； C2926 塑料包装箱及容器制造 建设项目 行业类别 二十六、橡胶和塑料制品业 29-53 塑料制品业292-其他（年 用非溶剂型低VOCs 含量涂料 10 吨以下的除外） 建设性质 新建（迁建） 改建 扩建 技术改造 建设
国民经济 行业类别 C2922 塑料板、管、型材制造； C2926 塑料包装箱及容器制造 建设项目 行业类别 二十六、橡胶和塑料制品业 29-53 塑料制品业292-其他（年 用非溶剂型低VOCs 含量涂料 10 吨以下的除外） 建设性质 新建（迁建） 改建 扩建 技术改造 建设项目 申报情形 首次申报项目 不予批准后再
2 塑料板、管、型材制造； C2926 塑料包装箱及容器制造 建设项目 行业类别 二十六、橡胶和塑料制品业 29-53 塑料制品业292-其他（年 用非溶剂型低VOCs 含量涂料 10 吨以下的除外） 建设性质 新建（迁建） 改建 扩建 技术改造 建设项目 申报情形 首次申报项目 不予批准后再次申报项目 超五年重新",塑胶行业,报告“国民经济行业类别/分类”或相邻字段显示 C29/C292/塑料制品业相关。
104,PL113_佛山市顺腾丰家具配件有限公司新建项目_01_受理公告或公示版.pdf,E:\华南理工项目\环评文件汇总\01_GitHub项目与研究文档\eia-openclaw-sync-chen2026\05_QA测试集\人工核查_环评报告出处整理_20260715\环评报告文件_按问答顺序\PL113_佛山市顺腾丰家具配件有限公司新建项目_01_受理公告或公示版.pdf,.pdf,ok,"C2923 塑料丝、绳
C2923 塑料丝、绳及编织品制造，均
2923 塑料丝、绳
2923 塑料丝、绳及编织
2923 塑料丝、绳及编织品制造，均","楼车间 地理坐标 （北纬22 度41 分44.309 秒，东经113 度8 分18.694 秒） 国民经济行业类 别 C2923 塑料丝、绳 及编织品制造 建设项目行业类别 二十六、橡胶和塑料 制品业29 中的53、 塑料制品业292 中的 其他 建设性质 新建（迁建） □改建 □扩建 □技术改造 建设项目申报情形 首次申
国民经济行业类 别 C2923 塑料丝、绳 及编织品制造 建设项目行业类别 二十六、橡胶和塑料 制品业29 中的53、 塑料制品业292 中的 其他 建设性质 新建（迁建） □改建 □扩建 □技术改造 建设项目申报情形 首次申报项目 □不予批准后再次 申报项目 □超五年重新审核 项目 □重大变动重新报 批项目 项目审批（核准
量的有机废气，其主要污染因子为非甲烷总烃。参考《排放源统计调 查产排污核算方法和系数手册（公告2021 年第24 号）》2923 塑料丝、绳及编织 品制造行业系数表中挤出过程挥发性有机物的产污系数为3.76kg/t 产品；根据上 述分析可知，项目挤出过程生产得到的产品量为158t/a，则挤出过程的非甲烷总 烃产生量为0.594
存、妥善处置，对区域环境和周围敏 感点影响不大。 5、地下水、土壤 5.1 污染途径 （1）大气沉降影响途径：本项目属于C2923 塑料丝、绳及编织品制造，均 不属于《农用地土壤污染状况详查点位布设技术规定》（环办土壤函[2017]1021 号）附件1 土壤污染重点行业分类及企业筛选原则，项目不在土壤污染重点行业 范围内；故不涉
，对区域环境和周围敏 感点影响不大。 5、地下水、土壤 5.1 污染途径 （1）大气沉降影响途径：本项目属于C2923 塑料丝、绳及编织品制造，均 不属于《农用地土壤污染状况详查点位布设技术规定》（环办土壤函[2017]1021 号）附件1 土壤污染重点行业分类及企业筛选原则，项目不在土壤污染重点行业 范围内；故不涉及大气沉降影响途径。项目
理坐标 （北纬22 度41 分44.309 秒，东经113 度8 分18.694 秒） 国民经济行业类 别 C2923 塑料丝、绳 及编织品制造 建设项目行业类别 二十六、橡胶和塑料 制品业29 中的53、 塑料制品业292 中的 其他 建设性质 新建（迁建） □改建 □扩建 □技术改造 建设项目申报情形 首次申报项目",塑胶行业,报告“国民经济行业类别/分类”或相邻字段显示 C29/C292/塑料制品业相关。
105,PL114_广东顺德优线三维科技有限公司迁扩建项目_01_受理公告或公示版.pdf,E:\华南理工项目\环评文件汇总\01_GitHub项目与研究文档\eia-openclaw-sync-chen2026\05_QA测试集\人工核查_环评报告出处整理_20260715\环评报告文件_按问答顺序\PL114_广东顺德优线三维科技有限公司迁扩建项目_01_受理公告或公示版.pdf,.pdf,ok,"C2929 塑料零件及其他塑料
C2929 塑料零件及其他塑料制品制造，根据国家发
C2929 塑料零件
C2929 塑料零件及其他塑料制品制造，根据《农用地土壤污染状况详查点位布设
2929 塑料零件及其他塑料
2929 塑料零件及其他塑料制品制造，根据国家发","层 地理坐标 （东经：113 度13 分37.348 秒，北纬：22 度48 分48.998 秒） 国民经济 行业类别 C2929 塑料零件及其他塑料 制品制造 建设项目 行业类别 二十六、橡胶和塑料制品业 -53 塑料制品业292-其他 （年用非溶剂型低VOCs 含 量涂料10 吨以下的除外） 建设性质 ☑新建（迁建） □改建
度48 分48.998 秒） 国民经济 行业类别 C2929 塑料零件及其他塑料 制品制造 建设项目 行业类别 二十六、橡胶和塑料制品业 -53 塑料制品业292-其他 （年用非溶剂型低VOCs 含 量涂料10 吨以下的除外） 建设性质 ☑新建（迁建） □改建 ☑扩建 □技术改造 建设项目 申报情形 首次申报项目 □不予批准后再次申
） 国民经济 行业类别 C2929 塑料零件及其他塑料 制品制造 建设项目 行业类别 二十六、橡胶和塑料制品业 -53 塑料制品业292-其他 （年用非溶剂型低VOCs 含 量涂料10 吨以下的除外） 建设性质 ☑新建（迁建） □改建 ☑扩建 □技术改造 建设项目 申报情形 首次申报项目 □不予批准后再次申报项 目 □超五年重
地。因此，本项目建 设符合当地城市规划。 【第6页】 2 其他符合性 分析 （1）与产业政策相符性分析 项目所属行业为C2929 塑料零件及其他塑料制品制造，根据国家发 展改革委商务部关于印发《市场准入负面清单（2022 年版）》的通知（发 改体改规﹝2022﹞397 号），项目不属于上述目录所列的限制类和禁止准 入类严控类项
项目建 设符合当地城市规划。 【第6页】 2 其他符合性 分析 （1）与产业政策相符性分析 项目所属行业为C2929 塑料零件及其他塑料制品制造，根据国家发 展改革委商务部关于印发《市场准入负面清单（2022 年版）》的通知（发 改体改规﹝2022﹞397 号），项目不属于上述目录所列的限制类和禁止准 入类严控类项目，也不属于文件所列的需许可
外的钢铁、原油加工、 乙烯生产、造纸、水泥、平板玻璃、除 特种陶瓷以外的陶瓷、有色金属冶炼等 大气重污染项目。 项目属于塑料制品业，不属于 禁止建设的大气重污染项目。符合 2.2 第二十六条新建、扩建、扩建排放挥 发性有机物的建设项目，应当使用污染 防治先进可行技术。下列产生含挥发性 有机物废气的生产和服务活动，应当优 先使用低",塑胶行业,报告“国民经济行业类别/分类”或相邻字段显示 C29/C292/塑料制品业相关。
106,PL115_佛山市邦博恩智能科技有限公司新建项目_01_报批稿或报告表.pdf,E:\华南理工项目\环评文件汇总\01_GitHub项目与研究文档\eia-openclaw-sync-chen2026\05_QA测试集\人工核查_环评报告出处整理_20260715\环评报告文件_按问答顺序\PL115_佛山市邦博恩智能科技有限公司新建项目_01_报批稿或报告表.pdf,.pdf,ok,"C2929 塑料零
C2929 塑料零件
C2929
C2929 塑料零件及其他塑料制品制造，不涉及通
C2929 塑料零件及其他塑料制品制造，根据《固
2929 塑料零","201 室 地理坐标 E 113 度19 分26.522 秒，N 22 度45 分21.736 秒 国民经济 行业类别 C2929 塑料零 件及其他塑料制 品制造 建设项目 行业类别 二十六、橡胶和塑料制品业29—53 塑料制品业292—其他（年用非溶 剂型低VOCs 含量涂料10 吨以下 的除外） 建设性质 ☑新建（迁建） □
度45 分21.736 秒 国民经济 行业类别 C2929 塑料零 件及其他塑料制 品制造 建设项目 行业类别 二十六、橡胶和塑料制品业29—53 塑料制品业292—其他（年用非溶 剂型低VOCs 含量涂料10 吨以下 的除外） 建设性质 ☑新建（迁建） □改建 □扩建 □技术改造 建设项目 申报情形 ☑首次申报项目 □不予批准后再次
国民经济 行业类别 C2929 塑料零 件及其他塑料制 品制造 建设项目 行业类别 二十六、橡胶和塑料制品业29—53 塑料制品业292—其他（年用非溶 剂型低VOCs 含量涂料10 吨以下 的除外） 建设性质 ☑新建（迁建） □改建 □扩建 □技术改造 建设项目 申报情形 ☑首次申报项目 □不予批准后再次申报项目 □超五年重新
发展区外不再新建涉及涂装工艺 的木质家具制造项目。优先发展区范围根 据家具产业发展规划及其规划环评文件确 定。 项目属于塑料制品业，不 属于涉及涂装工艺的木质 家具制造项目。 符合 【产业/限制类】受纳水体或监控断面不达 标且未“以新带老”制定区域达标方案的 河涌，不得新建、扩建向河涌直接排放废 水的项目。新建、扩建含蚀刻工序的
和区 级及以上重点项目除外），应进入以此类 项目为主导产业、有相应废水集中治理设 施的工业园区，实现集中治污。 项目属于C2929 塑料零件 及其他塑料制品制造，属 于塑料制品业，项目生活 污水经三级化粪池预处理 后由市政管网排入容桂第 二污水处理厂，尾水排至 鸡鸦水道；冷却塔废水循 环使用，定期排水可作为 清净下水通过雨水管道
为主导产业、有相应废水集中治理设 施的工业园区，实现集中治污。 项目属于C2929 塑料零件 及其他塑料制品制造，属 于塑料制品业，项目生活 污水经三级化粪池预处理 后由市政管网排入容桂第 二污水处理厂，尾水排至 鸡鸦水道；冷却塔废水循 环使用，定期排水可作为 清净下水通过雨水管道排 放；不涉及使用不锈钢原 材料，不属于线路板生",塑胶行业,报告“国民经济行业类别/分类”或相邻字段显示 C29/C292/塑料制品业相关。
107,PL116_佛山市加合新材料有限公司新建项目_01_报批稿或报告表.pdf,E:\华南理工项目\环评文件汇总\01_GitHub项目与研究文档\eia-openclaw-sync-chen2026\05_QA测试集\人工核查_环评报告出处整理_20260715\环评报告文件_按问答顺序\PL116_佛山市加合新材料有限公司新建项目_01_报批稿或报告表.pdf,.pdf,ok,"C2929 塑料零件及其
C2929 塑料零件及其他塑料制品制造，产品为塑料颗粒，不属于《市场准入负面清单（2022 年版）》（发改体
C2929 塑料零件及其他塑料
C2929 塑料零件及其他塑料制品制造，根据《广东省“两高”项目管理目录（2022 年版）》，本项目不属于高能
C2929 塑料零件及其他塑料制品制造，不属于《市场准入负面清单（2022 年版）》（发改体改规[2022]397 号）
C2929 塑料零件及其他塑料制品制造，不属于禁","之一 地理坐标 （E:113 度19 分10.639 秒，N:22 度45 分41.044 秒） 国民经济 行业类别 C2929 塑料零件及其 他塑料制品制造 建设项目 行业类别 二十六、橡胶和塑料制品业29—53.塑料 制品业292—其他（年用非溶剂型低 VOCs 含量涂料10 吨以下的除外） 建设性质 R新建（迁建） £改
度45 分41.044 秒） 国民经济 行业类别 C2929 塑料零件及其 他塑料制品制造 建设项目 行业类别 二十六、橡胶和塑料制品业29—53.塑料 制品业292—其他（年用非溶剂型低 VOCs 含量涂料10 吨以下的除外） 建设性质 R新建（迁建） £改建 £扩建 £技术改造 建设项目 申报情形 R首次申报项目 £不予批准后再次
楼之一、5 楼之一，根据房屋租赁合同可 知，选址用地现状为工业用地，项目选址合理。 2、与产业政策相符性分析 本项目属于C2929 塑料零件及其他塑料制品制造，产品为塑料颗粒，不属于《市场准入负面清单（2022 年版）》（发改体 改规[2022]397 号）中禁止和许可事项；项目生产产品、生产工艺和生产设备均不属于《产业结构调整
楼之一，根据房屋租赁合同可 知，选址用地现状为工业用地，项目选址合理。 2、与产业政策相符性分析 本项目属于C2929 塑料零件及其他塑料制品制造，产品为塑料颗粒，不属于《市场准入负面清单（2022 年版）》（发改体 改规[2022]397 号）中禁止和许可事项；项目生产产品、生产工艺和生产设备均不属于《产业结构调整指导目录（2024 年本）》
源消费总量和强度“双控”，新建高能耗项目 单位产品（产值）能耗达到国际国内先进水平，实现煤炭 消费总量负增长。 项目所属C2929 塑料零件及其他塑料 制品制造，根据《广东省“两高”项 目管理目录（2022年版）》，本项目 不属于高能耗行业。 符合 推广节能技术，加快发展绿色货运与现代物流。 本项目为工业型企业，不涉及货运与 现
，以电为能源，不使用燃料，不涉及区域布局管控要求中禁止建设的设施或项目。综上分析，本项目符合区域布局管控要求。 项目所属C2929 塑料零件及其他塑料制品制造，根据《广东省“两高”项目管理目录（2022 年版）》，本项目不属于高能 耗行业。本项目生产设备使用电能，生产用水由市政供水。本项目规模较小，水电用量都很少，符合能源利用要",塑胶行业,报告“国民经济行业类别/分类”或相邻字段显示 C29/C292/塑料制品业相关。
108,PL117_思邦自行车配件(佛山)有限公司改扩建项目_01_受理公告或公示版.pdf,E:\华南理工项目\环评文件汇总\01_GitHub项目与研究文档\eia-openclaw-sync-chen2026\05_QA测试集\人工核查_环评报告出处整理_20260715\环评报告文件_按问答顺序\PL117_思邦自行车配件(佛山)有限公司改扩建项目_01_受理公告或公示版.pdf,.pdf,ok,"国民经济行业分类》（GB/T4754-2017）及第1号修改单中的C
C2929 塑料零件及其
C2929 塑料零件及其他
C2929塑料零
C2929塑料零件及其他
C 2929塑料零件及其他塑料制品制造，根据《产业结构调整指导目录（2024年修订）》","第一栋 地理坐标 （东经113 度12 分42.325 秒，北纬22 度50 分48.764 秒） 国民经济 行业类别 C2929 塑料零件及其 他塑料制品制造 建设项目 行业类别 二十六、橡胶和塑料制品业29- 塑料制品业292-其他（年用非 溶剂型低VOCs 含量涂料10 吨 以下的除外） 建设性质 新建（迁建） 改建
度50 分48.764 秒） 国民经济 行业类别 C2929 塑料零件及其 他塑料制品制造 建设项目 行业类别 二十六、橡胶和塑料制品业29- 塑料制品业292-其他（年用非 溶剂型低VOCs 含量涂料10 吨 以下的除外） 建设性质 新建（迁建） 改建 扩建 技术改造 建设项目 申报情形 首次申报项目 不予批准后再次申报
秒） 国民经济 行业类别 C2929 塑料零件及其 他塑料制品制造 建设项目 行业类别 二十六、橡胶和塑料制品业29- 塑料制品业292-其他（年用非 溶剂型低VOCs 含量涂料10 吨 以下的除外） 建设性质 新建（迁建） 改建 扩建 技术改造 建设项目 申报情形 首次申报项目 不予批准后再次申报项目 超五年重新
府〔2020〕71号） ①与“一核一带一区”区域管控要求的相符性 1）区域布局管控要求 本项目位于珠三角核心区，主要进行塑料零件及其他塑料制品制造，不属于 区域布局管控要求中的禁止新建、扩建水泥、平板玻璃、化学制浆、生皮制革以 及国家规划外的钢铁、原油加工等项目。项目生产使用的原辅材料为低挥发性物 质，不属于新建生产和使用高挥发性有机物原辅材料
发性物 质，不属于新建生产和使用高挥发性有机物原辅材料的项目，符合区域布局管控 要求。 2）能源资源利用要求 本项目所属塑料零件及其他塑料制品制造、机械零部件加工不属于高能耗行 业。项目大部分生产设备使用电能，生活用水由市政供水，不直接取用江河湖库 水量，不会对项目所在地生态流量造成影响，符合能源利用要求。 3）污染物排放管控要求 项目属于改扩
以此类项目为主 导产业、有相应废水集中治理设施的工业园 区，实现集中治污。 本项目生活污水排入大 门污水处理厂。项目为 C2929 塑料零件及其他 塑料制品制造，主要从 事自行车灯、自行车配 件、车灯电线的加工生 产，不属于线路板生产 项目和化工项目；不属 于纯加工型印花，含酸 洗、喷涂、拉丝、表面 抛光等工艺的不锈钢型 材加工",塑胶行业,报告“国民经济行业类别/分类”或相邻字段显示 C29/C292/塑料制品业相关。
109,PL118_佛山市顺德区凯和电器有限公司迁扩建项目_01_受理公告或公示版.pdf,E:\华南理工项目\环评文件汇总\01_GitHub项目与研究文档\eia-openclaw-sync-chen2026\05_QA测试集\人工核查_环评报告出处整理_20260715\环评报告文件_按问答顺序\PL118_佛山市顺德区凯和电器有限公司迁扩建项目_01_受理公告或公示版.pdf,.pdf,ok,"C2929 塑料零件及其他
C2929 塑料零件及其他塑料制品制造，根据国家《产业结构调整指导目
C2929 塑料零件及其他塑料制品制造，不在《产业结构调整指导目录
C2929 塑料零件及其他塑料制品制造，不属于高能耗行业。项目生产设
C2929 塑料零件及
C2929 塑料零件及其","路31 号四车间 地理坐标 （113 度8 分38.248 秒，22 度50 分55.525 秒） 国民经济 行业类别 C2929 塑料零件及其他 塑料制品制造 建设项目 行业类别 二十六、“橡塑和塑料制品业29” 中的53 塑料制品业292 的其他 （年用非溶剂型低VOCs 含量 涂料10 吨以下的除外） 建设性质 新建（迁
分55.525 秒） 国民经济 行业类别 C2929 塑料零件及其他 塑料制品制造 建设项目 行业类别 二十六、“橡塑和塑料制品业29” 中的53 塑料制品业292 的其他 （年用非溶剂型低VOCs 含量 涂料10 吨以下的除外） 建设性质 新建（迁建） 改建 扩建 技术改造 建设项目 申报情形 首次申报项目 不予批
济 行业类别 C2929 塑料零件及其他 塑料制品制造 建设项目 行业类别 二十六、“橡塑和塑料制品业29” 中的53 塑料制品业292 的其他 （年用非溶剂型低VOCs 含量 涂料10 吨以下的除外） 建设性质 新建（迁建） 改建 扩建 技术改造 建设项目 申报情形 首次申报项目 不予批准后再次申报项目 超五年重
用地，房屋用途也为工业用途。 因此本项目的选址符合所在地块的土地利用性质，选址合理。 2、与产业政策相符性分析 项目属于C2929 塑料零件及其他塑料制品制造，根据国家《产业结构调整指导目 录（2024 年本）》的规定，项目不属于目录所列的鼓励类、限制类、禁止（淘汰）类 项目，属于允许类。 3、项目与《佛山市发展和改革局佛山市生
途也为工业用途。 因此本项目的选址符合所在地块的土地利用性质，选址合理。 2、与产业政策相符性分析 项目属于C2929 塑料零件及其他塑料制品制造，根据国家《产业结构调整指导目 录（2024 年本）》的规定，项目不属于目录所列的鼓励类、限制类、禁止（淘汰）类 项目，属于允许类。 3、项目与《佛山市发展和改革局佛山市生态环境局转发关于《广东省禁止
耗一定量的电能、水资源，项目资源消耗量相对区域资源利 用总量较少，符合资源利用上线的要求。 ④环保准入负面清单 项目属于C2929 塑料零件及其他塑料制品制造，不在《产业结构调整指导目录 （2024 年本）》限制类、淘汰类之列，不属于《市场准入负面清单（2022 年版）》中 规定的禁止和许可准入的行业类别。项目产品不属于《环境保",塑胶行业,报告“国民经济行业类别/分类”或相邻字段显示 C29/C292/塑料制品业相关。
110,PL119_佛山志兴盈包装有限公司新建项目_01_受理公告或公示版.pdf,E:\华南理工项目\环评文件汇总\01_GitHub项目与研究文档\eia-openclaw-sync-chen2026\05_QA测试集\人工核查_环评报告出处整理_20260715\环评报告文件_按问答顺序\PL119_佛山志兴盈包装有限公司新建项目_01_受理公告或公示版.pdf,.pdf,ok,"C2923 塑料丝、绳及编织品
C2923 塑料丝、绳及编织品制造，项目生产产品、生产工艺和
C2923 塑料丝、绳及编织品制造，
C2923 塑料丝、绳及编织品制造，因本项目入驻勒流
C2923 塑料丝、绳及编织品制造。生活污水自行监测参
2923 塑料丝、绳及编织品","厂房3 楼 地理坐标 东经113 度10 分15.128 秒，北纬22 度51 分17.487 秒 国民经济 行业类别 C2923 塑料丝、绳及编织品 制造 建设项目 行业类别 二十六、橡胶和塑料制品业 29-53、塑料制品业292-年用 溶剂型涂料（含稀释剂）10 吨及以上的 建设性质 新建（迁建） 改建 扩建 技术改
22 度51 分17.487 秒 国民经济 行业类别 C2923 塑料丝、绳及编织品 制造 建设项目 行业类别 二十六、橡胶和塑料制品业 29-53、塑料制品业292-年用 溶剂型涂料（含稀释剂）10 吨及以上的 建设性质 新建（迁建） 改建 扩建 技术改造 建设项目 申报情形 首次申报项目 不予批准后再次申报项目 超五
秒 国民经济 行业类别 C2923 塑料丝、绳及编织品 制造 建设项目 行业类别 二十六、橡胶和塑料制品业 29-53、塑料制品业292-年用 溶剂型涂料（含稀释剂）10 吨及以上的 建设性质 新建（迁建） 改建 扩建 技术改造 建设项目 申报情形 首次申报项目 不予批准后再次申报项目 超五年重新审核项目 重大变
资源消耗量相对区 域资料利用总量较少，符合资源利用上限的要求。 ④环保准入负面清单 【第13页】 — 9 — 项目属于C2923 塑料丝、绳及编织品制造，项目生产产品、生产工艺和 生产设备均不属于《产业结构调整指导目录（2024 年本）》（国家发展和改 革委员会令第29 号，2020 年1 月1 日起施行）中的限制或禁止类别，
对区 域资料利用总量较少，符合资源利用上限的要求。 ④环保准入负面清单 【第13页】 — 9 — 项目属于C2923 塑料丝、绳及编织品制造，项目生产产品、生产工艺和 生产设备均不属于《产业结构调整指导目录（2024 年本）》（国家发展和改 革委员会令第29 号，2020 年1 月1 日起施行）中的限制或禁止类别，也不 属于国家发展改革委
业，引入智能制造服务、电子商务、现代商贸流通产业，重点 建设环保产业基地、小家电产业基地和五金产业创业基地。 本项目属于C2923 塑料丝、绳及编织品制造， 产品为塑料袋，不属于鼓励引导类，也不属 于限制类 符合 1-2.【产业/综合类】系统推进村级工业园升级改造，腾出连片空间，布局产业集聚 区和主题产业园，推动工业项目入园集聚",塑胶行业,报告“国民经济行业类别/分类”或相邻字段显示 C29/C292/塑料制品业相关。
111,PL119_佛山志兴盈包装有限公司新建项目_02_报批稿或报告表.docx,E:\华南理工项目\环评文件汇总\01_GitHub项目与研究文档\eia-openclaw-sync-chen2026\05_QA测试集\人工核查_环评报告出处整理_20260715\环评报告文件_按问答顺序\PL119_佛山志兴盈包装有限公司新建项目_02_报批稿或报告表.docx,.docx,ok,"C2923塑料丝、绳及编织品制造 | 建设项目 行业类别 | 二十六、橡胶和塑料制品业29-53、塑料制品业292-年用溶剂型涂料（含稀释剂）10吨及以上的
C2923塑料丝、绳及编织品制造，项目生产产品、生产工艺和生产设备均不属于《产业结构调整指导目录（2024年本）》（国家发展和改革委员会令第29号，2020年1月1日起施行）中的限制或禁止类别，也不属于国家发展
C2923塑料丝、绳及编织品制造，因本项目入驻勒流街道印刷集聚园，印刷废气依托园区内集中建设的处理设施（排气筒G1配套设施），园区内的设施由专职管理人员定期委托监测，故不纳入本项目的监测范围，运营期详细运营期监
C2923塑料丝、绳及编织品制造。生活污水自行监测参照《排污单位自行监测技术指南 印刷工业》（HJ1246-2022）表1中规定：生活污水排放口，间接排放不要求对生活污水开展自行监测。 1、水污染源强分析 生活
2923塑料丝、绳及编织品制造 | 建设项目 行业类别 | 二十六、橡胶和塑料制品业29-53、塑料制品业292-年用溶剂型涂料（含稀释剂）10吨及以上的
2923塑料丝、绳及编织品制造，项目生产产品、生产工艺和生产设备均不属于《产业结构调整指导目录（2024年本）》（国家发展和改革委员会令第29号，2020年1月1日起施行）中的限制或禁止类别，也不属于国家发展","2度51分17.487秒 | 东经113度10分15.128秒，北纬22度51分17.487秒 国民经济 行业类别 | C2923塑料丝、绳及编织品制造 | 建设项目 行业类别 | 二十六、橡胶和塑料制品业29-53、塑料制品业292-年用溶剂型涂料（含稀释剂）10吨及以上的 建设性质 | 新建（迁建） 改建 扩建 技术改造 |
17.487秒 | 东经113度10分15.128秒，北纬22度51分17.487秒 国民经济 行业类别 | C2923塑料丝、绳及编织品制造 | 建设项目 行业类别 | 二十六、橡胶和塑料制品业29-53、塑料制品业292-年用溶剂型涂料（含稀释剂）10吨及以上的 建设性质 | 新建（迁建） 改建 扩建 技术改造 | 建设项目 申报情形
2度51分17.487秒 国民经济 行业类别 | C2923塑料丝、绳及编织品制造 | 建设项目 行业类别 | 二十六、橡胶和塑料制品业29-53、塑料制品业292-年用溶剂型涂料（含稀释剂）10吨及以上的 建设性质 | 新建（迁建） 改建 扩建 技术改造 | 建设项目 申报情形 | 首次申报项目 不予批准后再次申报项目 超五年重新审
民经济 行业类别 | C2923塑料丝、绳及编织品制造 | 建设项目 行业类别 | 二十六、橡胶和塑料制品业29-53、塑料制品业292-年用溶剂型涂料（含稀释剂）10吨及以上的 建设性质 | 新建（迁建） 改建 扩建 技术改造 | 建设项目 申报情形 | 首次申报项目 不予批准后再次申报项目 超五年重新审核项目 重大变动重新报
消耗一定量的电能、水资源，项目资源消耗量相对区域资料利用总量较少，符合资源利用上限的要求。 ④环保准入负面清单 项目属于C2923塑料丝、绳及编织品制造，项目生产产品、生产工艺和生产设备均不属于《产业结构调整指导目录（2024年本）》（国家发展和改革委员会令第29号，2020年1月1日起施行）中的限制或禁止类别，也不属于国家发展
的电能、水资源，项目资源消耗量相对区域资料利用总量较少，符合资源利用上限的要求。 ④环保准入负面清单 项目属于C2923塑料丝、绳及编织品制造，项目生产产品、生产工艺和生产设备均不属于《产业结构调整指导目录（2024年本）》（国家发展和改革委员会令第29号，2020年1月1日起施行）中的限制或禁止类别，也不属于国家发展改革委商务部《关于印发",塑胶行业,报告“国民经济行业类别/分类”或相邻字段显示 C29/C292/塑料制品业相关。
112,PL119_佛山志兴盈包装有限公司新建项目_03_报批稿或报告表.pdf,E:\华南理工项目\环评文件汇总\01_GitHub项目与研究文档\eia-openclaw-sync-chen2026\05_QA测试集\人工核查_环评报告出处整理_20260715\环评报告文件_按问答顺序\PL119_佛山志兴盈包装有限公司新建项目_03_报批稿或报告表.pdf,.pdf,ok,"C2923 塑料丝、绳及编织品
C2923 塑料丝、绳及编织品制造，项目生产产品、生产工艺和
C2923 塑料丝、绳及编织品制造，
C2923 塑料丝、绳及编织品制造，因本项目入驻勒流
C2923 塑料丝、绳及编织品制造。生活污水自行监测参
2923 塑料丝、绳及编织品","厂房3 楼 地理坐标 东经113 度10 分15.128 秒，北纬22 度51 分17.487 秒 国民经济 行业类别 C2923 塑料丝、绳及编织品 制造 建设项目 行业类别 二十六、橡胶和塑料制品业 29-53、塑料制品业292-年用 溶剂型涂料（含稀释剂）10 吨及以上的 建设性质 新建（迁建） 改建 扩建 技术改
22 度51 分17.487 秒 国民经济 行业类别 C2923 塑料丝、绳及编织品 制造 建设项目 行业类别 二十六、橡胶和塑料制品业 29-53、塑料制品业292-年用 溶剂型涂料（含稀释剂）10 吨及以上的 建设性质 新建（迁建） 改建 扩建 技术改造 建设项目 申报情形 首次申报项目 不予批准后再次申报项目 超五
秒 国民经济 行业类别 C2923 塑料丝、绳及编织品 制造 建设项目 行业类别 二十六、橡胶和塑料制品业 29-53、塑料制品业292-年用 溶剂型涂料（含稀释剂）10 吨及以上的 建设性质 新建（迁建） 改建 扩建 技术改造 建设项目 申报情形 首次申报项目 不予批准后再次申报项目 超五年重新审核项目 重大变
耗一定量的电能、水资源，项目资源消耗量相对区 域资料利用总量较少，符合资源利用上限的要求。 ④环保准入负面清单 项目属于C2923 塑料丝、绳及编织品制造，项目生产产品、生产工艺和 生产设备均不属于《产业结构调整指导目录（2024 年本）》（国家发展和改 革委员会令第29 号，2020 年1 月1 日起施行）中的限制或禁止类别，
能、水资源，项目资源消耗量相对区 域资料利用总量较少，符合资源利用上限的要求。 ④环保准入负面清单 项目属于C2923 塑料丝、绳及编织品制造，项目生产产品、生产工艺和 生产设备均不属于《产业结构调整指导目录（2024 年本）》（国家发展和改 革委员会令第29 号，2020 年1 月1 日起施行）中的限制或禁止类别，也不 属于国家发展改革委
业，引入智能制造服务、电子商务、现代商贸流通产业，重点 建设环保产业基地、小家电产业基地和五金产业创业基地。 本项目属于C2923 塑料丝、绳及编织品制造， 产品为塑料袋，不属于鼓励引导类，也不属 于限制类 符合 1-2.【产业/综合类】系统推进村级工业园升级改造，腾出连片空间，布局产业集聚 区和主题产业园，推动工业项目入园集聚",塑胶行业,报告“国民经济行业类别/分类”或相邻字段显示 C29/C292/塑料制品业相关。
113,PL119_佛山志兴盈包装有限公司新建项目_04_报批稿或报告表.pdf,E:\华南理工项目\环评文件汇总\01_GitHub项目与研究文档\eia-openclaw-sync-chen2026\05_QA测试集\人工核查_环评报告出处整理_20260715\环评报告文件_按问答顺序\PL119_佛山志兴盈包装有限公司新建项目_04_报批稿或报告表.pdf,.pdf,empty_or_unreadable,,,无法判断,文件未能读取正文，需人工打开确认。
114,PL120_佛山市顺德区昶新塑料制品有限公司搬迁、扩建项目_01_受理公告或公示版.pdf,E:\华南理工项目\环评文件汇总\01_GitHub项目与研究文档\eia-openclaw-sync-chen2026\05_QA测试集\人工核查_环评报告出处整理_20260715\环评报告文件_按问答顺序\PL120_佛山市顺德区昶新塑料制品有限公司搬迁、扩建项目_01_受理公告或公示版.pdf,.pdf,ok,"国民经济行业分类》（GB/4754-2017）中C2319 包装装潢及其他印刷、C2921
C2921 塑料薄膜制造，塑料薄膜厚度为
C2921 塑料薄膜制造，不属于《市场准
C2921 塑料薄膜制造，不在上述所列禁止建设项目类别中，符合“十四五”
C2921 塑料薄膜制造，在运行过程中主要产生印
C2921 塑料薄膜制造，不在上述所列禁止建","版）》，本项目属于“二十、印刷和记录媒介复制业23” 中“39 印刷231--年用溶剂油墨10 吨及以上的”、“二十六、橡胶和塑料制品业29”中“53 塑料制品业292 --其他（年用非溶剂型低VOCs 含量涂料10 吨以下的除外）”类别，须编制 建设项目环境影响报告书。佛山市顺德区昶新塑料制品有限公司委托佛山市景美环境科技有限 公司
记录媒介复制业23” 中“39 印刷231--年用溶剂油墨10 吨及以上的”、“二十六、橡胶和塑料制品业29”中“53 塑料制品业292 --其他（年用非溶剂型低VOCs 含量涂料10 吨以下的除外）”类别，须编制 建设项目环境影响报告书。佛山市顺德区昶新塑料制品有限公司委托佛山市景美环境科技有限 公司承担本项目的环境影响评价工
《产业结构调整指导目录（2019 年本）》（2021 年修改单）相符性分析 本项目属于C2319 包装装潢及其他印刷、C2921 塑料薄膜制造，塑料薄膜厚度为 0.08mm>0.025mm，不属于《产业结构调整指导目录（2019 年本）》（2021 年修改单）中鼓 励类、限制类及淘汰类项目，故本项目属于允许类项目，符合《产业结
整指导目录（2019 年本）》（2021 年修改单）相符性分析 本项目属于C2319 包装装潢及其他印刷、C2921 塑料薄膜制造，塑料薄膜厚度为 0.08mm>0.025mm，不属于《产业结构调整指导目录（2019 年本）》（2021 年修改单）中鼓 励类、限制类及淘汰类项目，故本项目属于允许类项目，符合《产业结构调整指导目录
目 3 （2）《市场准入负面清单（2022 年版）》相符性分析 本项目行业类别属于C2319 包装装潢及其他印刷、C2921 塑料薄膜制造，不属于《市场准 入负面清单（2022 年版）》所列，符合《市场准入负面清单（2022 年版）》的要求。 3.2 选址合理合法性分析 本项目位于佛山市顺德区伦教街道荔村村振华中路1
（2）《市场准入负面清单（2022 年版）》相符性分析 本项目行业类别属于C2319 包装装潢及其他印刷、C2921 塑料薄膜制造，不属于《市场准 入负面清单（2022 年版）》所列，符合《市场准入负面清单（2022 年版）》的要求。 3.2 选址合理合法性分析 本项目位于佛山市顺德区伦教街道荔村村振华中路1 号顺汇园3 栋",塑胶行业,报告“国民经济行业类别/分类”或相邻字段显示 C29/C292/塑料制品业相关。
115,PL121_佛山市宇象汇科技有限公司建设项目_01_受理公告或公示版.pdf,E:\华南理工项目\环评文件汇总\01_GitHub项目与研究文档\eia-openclaw-sync-chen2026\05_QA测试集\人工核查_环评报告出处整理_20260715\环评报告文件_按问答顺序\PL121_佛山市宇象汇科技有限公司建设项目_01_受理公告或公示版.pdf,.pdf,ok,"国民经济行业分类的C2929
国民经济行业分类的
国民经济行业分类与代码》（2019 年修订）；
C2929
C2919 其他橡胶制品制造。
C2929 塑料零件及其","影响评价分类管理名录》（2021 年版），本项目生产的塑料制品 使用喷漆工艺且年使用溶剂型涂料超10 吨，属于“二十六、橡胶和塑料制品业29 类别 的53 塑料制品业”中“年用溶剂型涂料（含稀释剂）10 及以上的”需编制环境影响评价报 告书类别；本项目生产的硅胶制品属于“二十六、橡胶和塑料制品业29 类别的52 橡胶 制品业”中“其他
版），本项目生产的塑料制品 使用喷漆工艺且年使用溶剂型涂料超10 吨，属于“二十六、橡胶和塑料制品业29 类别 的53 塑料制品业”中“年用溶剂型涂料（含稀释剂）10 及以上的”需编制环境影响评价报 告书类别；本项目生产的硅胶制品属于“二十六、橡胶和塑料制品业29 类别的52 橡胶 制品业”中“其他”需编制环境影响评价报告表类别
制品业”中“年用溶剂型涂料（含稀释剂）10 及以上的”需编制环境影响评价报 告书类别；本项目生产的硅胶制品属于“二十六、橡胶和塑料制品业29 类别的52 橡胶 制品业”中“其他”需编制环境影响评价报告表类别。建设内容涉及本名录中两个及以上 项目类别，按照其中单项等级最高的确定，应编制环境影响报告书。 受建设单位佛山市宇象汇科技有限公
环境影响评价分类管理名录》（2021 年版） 环评类别 项目类别 报告书 报告表 登记表 二十六、橡胶和塑料制品业29 52橡胶制品业 轮胎制造；再生橡胶制造（常压连续脱硫工 艺除外） 其他 / 53塑料制品业 以再生塑料为原料生产的；有电镀工艺的； 年用溶剂型胶粘剂10吨及以上的；年用溶剂 型涂料（
二十六、橡胶和塑料制品业29 52橡胶制品业 轮胎制造；再生橡胶制造（常压连续脱硫工 艺除外） 其他 / 53塑料制品业 以再生塑料为原料生产的；有电镀工艺的； 年用溶剂型胶粘剂10吨及以上的；年用溶剂 型涂料（含稀释剂）10及以上的 其他（年用非溶剂型低 VOCs含量涂料10吨以 下的除外） / 1.2 项目
目主要特点 经调查与分析，本项目具有以下特点： （1）项目主要从事塑料制品和硅胶制品的生产，分属于国民经济行业分类的C2929 塑料零件及其他塑料制品制造和C2919 其他橡胶制品制造。 （2）项目属于新建项目，现状为工业用地，200m 范围内主要敏感点有145m 处的 杏坛社区卫生服务中心、193m 处的仁和村。项目不在",塑胶行业,报告“国民经济行业类别/分类”或相邻字段显示 C29/C292/塑料制品业相关。
116,PL122_广东创卓电器有限公司迁扩建项目_01_受理公告或公示版.pdf,E:\华南理工项目\环评文件汇总\01_GitHub项目与研究文档\eia-openclaw-sync-chen2026\05_QA测试集\人工核查_环评报告出处整理_20260715\环评报告文件_按问答顺序\PL122_广东创卓电器有限公司迁扩建项目_01_受理公告或公示版.pdf,.pdf,ok,"C2929 塑料零件及其他塑料
C2929 塑料零件
C2929
C2929 塑料
C2929 塑料零
C2929塑料零件","804 地理坐标 （ 113 度 12 分 5.547 秒， 22 度 45 分32.292 秒） 国民经济 行业类别 C2929 塑料零件及其他塑料 制品制造、C3854 家用厨房电 器 建设项目 行业类别 二十六、橡胶和塑料制品业 29，53、塑料制品业292 三十五、电器机械和器材制 造业38,77、家用电力器具制 造38
国民经济 行业类别 C2929 塑料零件及其他塑料 制品制造、C3854 家用厨房电 器 建设项目 行业类别 二十六、橡胶和塑料制品业 29，53、塑料制品业292 三十五、电器机械和器材制 造业38,77、家用电力器具制 造385 建设性质 新建（迁建） □改建 扩建 □技术改造 建设项目 申报情形 首次申报项目 □不予批准
9 塑料零件及其他塑料 制品制造、C3854 家用厨房电 器 建设项目 行业类别 二十六、橡胶和塑料制品业 29，53、塑料制品业292 三十五、电器机械和器材制 造业38,77、家用电力器具制 造385 建设性质 新建（迁建） □改建 扩建 □技术改造 建设项目 申报情形 首次申报项目 □不予批准后再次申报项目 超五年
性 1 引入产业应符合现行有效的《产 业结构调整指导目录》、《市场 准入负面清单》等相关产业政策 的要求。 本项目属于C2929 塑料零件 及其他塑料制品制造、C3854 家用厨房电器、C3854 家用厨 房电器，符合《产业结构调整 指导目录》、《市场准入负面 清单》等相关产业政策要求。 符合 2 禁止引入新增排放重点防控重
关管控 要求。 符合 其他符合性 分析 （1）产业政策相符性 本项目主要从事塑料家具配件及家用厨房电器的生产和销售，属于C2929 塑料零件及其他塑料制品制造、C3854 家用厨房电器。根据生态环境部办公室发 布的《环境保护综合名录（2021 年版）》，项目产品不属于上述目录所列出的 “高污染、高环境风险”产品。项目生产产品、生
。 符合 其他符合性 分析 （1）产业政策相符性 本项目主要从事塑料家具配件及家用厨房电器的生产和销售，属于C2929 塑料零件及其他塑料制品制造、C3854 家用厨房电器。根据生态环境部办公室发 布的《环境保护综合名录（2021 年版）》，项目产品不属于上述目录所列出的 “高污染、高环境风险”产品。项目生产产品、生产工艺和生产设备均不属于《产",塑胶行业,报告“国民经济行业类别/分类”或相邻字段显示 C29/C292/塑料制品业相关。
117,PL123_佛山市顺德区湛宏塑料制品有限公司改扩建项目_01_受理公告或公示版.pdf,E:\华南理工项目\环评文件汇总\01_GitHub项目与研究文档\eia-openclaw-sync-chen2026\05_QA测试集\人工核查_环评报告出处整理_20260715\环评报告文件_按问答顺序\PL123_佛山市顺德区湛宏塑料制品有限公司改扩建项目_01_受理公告或公示版.pdf,.pdf,ok,"C2926 塑料包装箱及容器制
C2926 塑料包装箱及容器制造，根据国家发展改革
C2926 塑料包装
C2926 塑料包装箱及容器制造，根据《农用地土壤污染状况详查点位布设技
2926 塑料包装箱及容器制
2926 塑料包装箱及容器制造，根据国家发展改革","5 号 地理坐标 东经：113 度12 分58.367 秒，北纬：22 度50 分37.097 秒 国民经济 行业类别 C2926 塑料包装箱及容器制 造 建设项目 行业类别 二十六、橡胶和塑料制 品业-53 塑料制品业 292-其他（年用非溶剂 型低VOCs 含量涂料 10 吨以下的除外） 建设性质 □新建（迁建） ☑改建 ☑
97 秒 国民经济 行业类别 C2926 塑料包装箱及容器制 造 建设项目 行业类别 二十六、橡胶和塑料制 品业-53 塑料制品业 292-其他（年用非溶剂 型低VOCs 含量涂料 10 吨以下的除外） 建设性质 □新建（迁建） ☑改建 ☑扩建 □技术改造 建设项目 申报情形 首次申报项目 □不予批准后再次申 报项目 □超五年
该场址用地性质为工业用地。因此，项目建设符合当地城市规划。 其他符合性 分析 （1）与产业政策相符性分析 项目所属行业为C2926 塑料包装箱及容器制造，根据国家发展改革 委商务部关于印发《市场准入负面清单（2022 年版）》的通知（发改体 改规﹝2022﹞397 号），项目不属于上述目录所列的限制类和禁止准入类 严控类项目，也
质为工业用地。因此，项目建设符合当地城市规划。 其他符合性 分析 （1）与产业政策相符性分析 项目所属行业为C2926 塑料包装箱及容器制造，根据国家发展改革 委商务部关于印发《市场准入负面清单（2022 年版）》的通知（发改体 改规﹝2022﹞397 号），项目不属于上述目录所列的限制类和禁止准入类 严控类项目，也不属于文件所列的需许可
外的钢铁、 原油加工、乙烯生产、造纸、水泥、 平板玻璃、除特种陶瓷以外的陶瓷、 有色金属冶炼等大气重污染项目。 项目属于塑料制品业，不属于禁 止建设的大气重污染项目。 符合 2.2 第二十六条新建、扩建、扩建排放 挥发性有机物的建设项目，应当使用 污染防治先进可行技术。下列产生含 挥发性有机物废气的生产和服务活 动，应当优先使用
工、家具制造等行业应 当科学选址，设置合理的防护距离， 并安装净化装置或者采取其他措施， 防止排放恶臭污染物。 项目属于塑料制品业，选址位于 工业区内，恶臭污染物经有效收 集，通过“活性炭吸附”装置处 理后，引至47m 排气筒G1 高空 排放，恶臭污染物对附近大气环 境影响较小。 符合 3、关于印发《重点行业挥发性有机物综合治理",塑胶行业,报告“国民经济行业类别/分类”或相邻字段显示 C29/C292/塑料制品业相关。
118,PL124_佛山市智枞电器制造有限公司扩建项目_01_受理公告或公示版.pdf,E:\华南理工项目\环评文件汇总\01_GitHub项目与研究文档\eia-openclaw-sync-chen2026\05_QA测试集\人工核查_环评报告出处整理_20260715\环评报告文件_按问答顺序\PL124_佛山市智枞电器制造有限公司扩建项目_01_受理公告或公示版.pdf,.pdf,ok,"C2929 塑料零件及其他塑
C2929 塑料零件及其他塑料制品制造和C3525 模具制
2929 塑料零件及其他塑
2929 塑料零件及其他塑料制品制造和C3525 模具制
2929塑料零件及其","707 地理坐标 东经：113 度12 分55.103 秒，北纬：22 度48 分53.067 秒 国民经济 行业类别 C2929 塑料零件及其他塑 料制品制造 C3525模具制造 建设项目 行业类别 二十六、橡胶和塑料制品业 29—53 塑料制品业292—其 他（年用非溶剂型低VOCs 含量涂料10 吨以下的除外） 三十二、专
67 秒 国民经济 行业类别 C2929 塑料零件及其他塑 料制品制造 C3525模具制造 建设项目 行业类别 二十六、橡胶和塑料制品业 29—53 塑料制品业292—其 他（年用非溶剂型低VOCs 含量涂料10 吨以下的除外） 三十二、专用设备制造业35 —70 化工、木材、非金属加 工专用设备制造352—其他 （仅分割、焊接、组装
C2929 塑料零件及其他塑 料制品制造 C3525模具制造 建设项目 行业类别 二十六、橡胶和塑料制品业 29—53 塑料制品业292—其 他（年用非溶剂型低VOCs 含量涂料10 吨以下的除外） 三十二、专用设备制造业35 —70 化工、木材、非金属加 工专用设备制造352—其他 （仅分割、焊接、组装的除 外；年用非溶剂型低
境影响 评价情况 无 规划及规划环境 影响评价符合性 分析 无 其他符合性分析 1、与产业政策符合性分析 项目所属行业为C2929 塑料零件及其他塑料制品制造和C3525 模具制 造，根据《产业结构调整指导目录（2024 年本）》，项目不属于限制类、 淘汰类。综上所述，项目符合国家、广东省的产业政策要求。 根据《市场准入负面清单
情况 无 规划及规划环境 影响评价符合性 分析 无 其他符合性分析 1、与产业政策符合性分析 项目所属行业为C2929 塑料零件及其他塑料制品制造和C3525 模具制 造，根据《产业结构调整指导目录（2024 年本）》，项目不属于限制类、 淘汰类。综上所述，项目符合国家、广东省的产业政策要求。 根据《市场准入负面清单（2022 年版）》的规定，
（沪 环保总[2017]70号）中“表 1-4主要塑料制品制造工 《排放源统计调查产排污 核算方法和系数手册》 —292塑料制品业系数手 册中2929塑料零件及其 他塑料制品制造行业系数 / 【第33页】 29 序产污系数”，“射出成型 制造”：2.885千克/吨 表，挥发性有机物产污系 数为2.70千克/吨-产品 收集效率",塑胶行业,报告“国民经济行业类别/分类”或相邻字段显示 C29/C292/塑料制品业相关。
119,PL125_佛山创顺塑胶有限公司建设项目_01_受理公告或公示版.pdf,E:\华南理工项目\环评文件汇总\01_GitHub项目与研究文档\eia-openclaw-sync-chen2026\05_QA测试集\人工核查_环评报告出处整理_20260715\环评报告文件_按问答顺序\PL125_佛山创顺塑胶有限公司建设项目_01_受理公告或公示版.pdf,.pdf,ok,"C2929 塑料零件及其
C2929 塑料零件及其他塑料制品制造，根据《固定污染源排污许可
2929 塑料零件及其
2929塑料零件及其他塑料
2929 塑料零件及其他塑料制品制造，根据《固定污染源排污许可","心3 栋309 室 地理坐标 东经：113°21′12.142″，北纬：22°48′23.740″ 国民经济 行业类别 C2929 塑料零件及其 他塑料制品制造 建设项目 行业类别 二十六、橡胶和塑料制品业29-53 塑料制品业292--“其他（年用非溶 剂型低VOCS含量涂料10吨以下 的除外）”）” 建设性质 ☑新建（迁建）
：22°48′23.740″ 国民经济 行业类别 C2929 塑料零件及其 他塑料制品制造 建设项目 行业类别 二十六、橡胶和塑料制品业29-53 塑料制品业292--“其他（年用非溶 剂型低VOCS含量涂料10吨以下 的除外）”）” 建设性质 ☑新建（迁建） □改建 □扩建 □技术改造 建设项目 申报情形 ☑首次申报项目 □不予批准
国民经济 行业类别 C2929 塑料零件及其 他塑料制品制造 建设项目 行业类别 二十六、橡胶和塑料制品业29-53 塑料制品业292--“其他（年用非溶 剂型低VOCS含量涂料10吨以下 的除外）”）” 建设性质 ☑新建（迁建） □改建 □扩建 □技术改造 建设项目 申报情形 ☑首次申报项目 □不予批准后再次申报项目 □超五
建设项目以及 使用溶剂型油墨、涂料、清 洗剂、胶黏剂等高挥发性有 机物原辅材料项目，鼓励现 有该类项目搬迁退出。 项目为塑料制品业，生 产过程中不使用溶剂 型油墨、涂料、清洗剂、 胶黏剂等高挥发性有 机物原辅材料，故不属 于大气限制类，也不产 生有毒有害污染物。 符合 1-4.【大气/鼓励引导类】大 气环境高排放重点管控区 内，
活污水和循环冷却 水，生活污水最终纳入 城市污水处理厂处理， 且纳污水体水质达标。 循环冷却水排入雨水 管网。 本项目为塑料制品业， 不涉及酸洗、磷化等工 艺，此外，不属于产业 限制类项目。 【第12页】 6 的工业园区，实现集中治 污。 能 源 资 源 利 用 2-1.【能源/鼓励引导类】推 广节能技术，加快发展绿色 货运与
批。 （2）严格工业废水排入城镇 生活污水处理厂的项目审查， 项目环评报告要加强城镇生 活污水处理厂可依托性及可 项目为塑料制品业，生 产工艺不涉及有机喷 涂，废水主要为生活污 水，生活污水最终纳入 城市污水处理厂处理， 间接冷却循环水排入雨 水管网，废水产排简单。 且项目所在工业聚集区 已实现雨污分流，间接 冷却的清净下水排入",塑胶行业,报告“国民经济行业类别/分类”或相邻字段显示 C29/C292/塑料制品业相关。
120,PL126_佛山市顺德区天玛仕电子有限公司改扩建项目_01_受理公告或公示版.pdf,E:\华南理工项目\环评文件汇总\01_GitHub项目与研究文档\eia-openclaw-sync-chen2026\05_QA测试集\人工核查_环评报告出处整理_20260715\环评报告文件_按问答顺序\PL126_佛山市顺德区天玛仕电子有限公司改扩建项目_01_受理公告或公示版.pdf,.pdf,ok,"C2929 塑料零件及其他塑
C2929 塑料零件及其他塑料制品制造，根据《固定污染物排污许可分
C2929 塑料零件及其他塑料制品制造，根据《固定污染源排污许可
2929 塑料零件及其他塑
2929塑料零件及其他塑料制
2929","厂房及八座厂房 地理坐标 （22 度48 分24.502 秒，113 度22 分40.905 秒） 国民经济 行业类别 C2929 塑料零件及其他塑 料品制造 建设项目 行业类别 二十六、橡胶和塑料制品业—塑料制 品业292—其他（年用非溶剂型低 VOCs 含量涂料10 吨以下的除外） 建设性质 新建（迁建） 改建 扩建
度22 分40.905 秒） 国民经济 行业类别 C2929 塑料零件及其他塑 料品制造 建设项目 行业类别 二十六、橡胶和塑料制品业—塑料制 品业292—其他（年用非溶剂型低 VOCs 含量涂料10 吨以下的除外） 建设性质 新建（迁建） 改建 扩建 技术改造 建设项目 申报情形 首次申报项目 不予批准后再次申报项目
国家鼓励发展的 其他项目入园；优先向外向型企业、规模效益型 企业、科技型企业、重点企业和产业链企业开放 入园。 项目属于塑料制品业，不属于 园区严禁的三类工业和严格限 制的二类工业，不属于鼓励类 企业和优先类企业。 符合 园区内企业必须保证其全部废水预处理达到广东 省地方标准《水污染物排放限值》 （DB44/26-2001） 第
的和区级及以上重点项目除外），应进入 以此类项目为主导产业、有相应废水集中治理设 施的工业园区，实现集中治污。 项目属于塑料制品业， 外排废水为生活污水， 经三级化粪处理后排至 五沙污水处理厂 符合 2.1 能 源 资 源 利 用 【能源/鼓励引导类】推广节能技术，加快发展绿 色货运与现代物流。 项目使用节能技术，项 目不属于绿
OM 粒料的使用量为50t/a，PBT 塑 根据《排放源统计调查产排污核算方 法和系数手册》中的塑料制品行业系 数手册，2929塑料零件及其他塑料制 品制造行业系数表中注塑工序的挥发 性有机物（以非甲烷总烃计）产污系 数为2.70 kg/t产品，项目塑料配件产量 为250t/a，则非甲烷总烃产生量为250 ×2.70÷1000
的注塑废气 主要污染因子为非甲烷总烃、臭气浓度。 根据《排放源统计调查产排污核算方法和系数手册》的塑料制品行业系数手册，2929 塑料零件及其他塑料制品制造行业系数表中配料-混合-挤出/注塑的挥发性有机物（以非甲 烷总烃计）产污系数为2.70 kg/t 产品。注塑过程中使用的塑料和色母全部用于产品生产 中，因此产品重量即原辅材",塑胶行业,报告“国民经济行业类别/分类”或相邻字段显示 C29/C292/塑料制品业相关。
121,PL127_佛山市昇汇包装材料有限公司新建项目_01_受理公告或公示版.pdf,E:\华南理工项目\环评文件汇总\01_GitHub项目与研究文档\eia-openclaw-sync-chen2026\05_QA测试集\人工核查_环评报告出处整理_20260715\环评报告文件_按问答顺序\PL127_佛山市昇汇包装材料有限公司新建项目_01_受理公告或公示版.pdf,.pdf,ok,"C2926 塑料包装箱及容
C2926 塑
C2926 塑料包装箱及
C2926 塑料包装箱及容器制
2926 塑料包装箱及容
2926 塑","单元之一 地理坐标 （东经113 度10 分2.352 秒，北纬22 度51 分3.816 秒） 国民经济 行业类别 C2926 塑料包装箱及容 器制造 建设项目 行业类别 二十六、橡胶和塑料制品 业29-53、塑料制品业292- 其他（年用非溶剂型低 VOCs含量涂料10吨以下 的除外） 建设性质 ☑新建（迁建） □改建 □
秒） 国民经济 行业类别 C2926 塑料包装箱及容 器制造 建设项目 行业类别 二十六、橡胶和塑料制品 业29-53、塑料制品业292- 其他（年用非溶剂型低 VOCs含量涂料10吨以下 的除外） 建设性质 ☑新建（迁建） □改建 □扩建 □技术改造 建设项目 申报情形 ☑首次申报项目 □不予批准后再次申报项目 □超五年重新审
引入智能制造服务、电子 商务、现代商贸流通产业，重点建设环保产 业基地、小家电产业基地和五金产业创业基 地。 本项目属于C2926 塑 料包装箱及容器制 造，不属于产业/鼓励 引导类，也不属于 《市场准入负面清 单（2022 年版）》（发 改体改规〔2022〕397 号）中禁止或许可事 项。 符合 1-2.【产业/综合类】系统推
上重点项目 除外），应进入以此类项目为主导产业、有 相应废水集中治理设施的工业园区，实现集 中治污。 本项目所属行业为 C2926 塑料包装箱及 容器制造，不向河涌 直接排放工业废水。 符合 1-4.【产业/综合类】划定家具生产优先发展 区域，优先发展区外不再新建涉及涂装工艺 的木质家具制造项目。优先发展区范围根据 家具产业发展
不再新建涉及涂装工艺 的木质家具制造项目。优先发展区范围根据 家具产业发展规划及其规划环评文件确定。 本项目所属行业为 C2926 塑料包装箱及 容器制造，不属于新 建涉及涂装工艺的 木质家具制造项目。 符合 【第7页】 3 1-5.【水/限制类】严格限制在羊额—北滘水 厂饮用水水源保护区上游和周边区域建设 列入“高污染、高环
企业配套的 除外），应进入以此类项目为主导产业、有 相应废水集中治理设施的工业园区，实现集 中治污。 本项目所属行业为 C2926 塑料包装箱及 容器制造，不向河涌 直接排放废水。 符合 1-5.【产业/综合类】划定家具生产优先发展 区域，优先发展区外不再新建涉及涂装工艺 的木质家具制造项目。 本项目所属行业为 C2926 塑料",塑胶行业,报告“国民经济行业类别/分类”或相邻字段显示 C29/C292/塑料制品业相关。
122,PL128_佛山市洲友尚包装材料有限公司新建项目_01_受理公告或公示版.pdf,E:\华南理工项目\环评文件汇总\01_GitHub项目与研究文档\eia-openclaw-sync-chen2026\05_QA测试集\人工核查_环评报告出处整理_20260715\环评报告文件_按问答顺序\PL128_佛山市洲友尚包装材料有限公司新建项目_01_受理公告或公示版.pdf,.pdf,ok,"C2923 塑料丝、绳及
C2923 塑料丝、绳及编织品制造，根据国家发展改
C2923 塑
C2923 塑料丝、绳及编织品制造，根据《农用地土壤污染状况详查点位布设技术规定》
2923 塑料丝、绳及
2923 塑料丝、绳及编织品制造，根据国家发展改","号之一 地理坐标 东经：113 度10 分10.479 秒，北纬：22 度51 分59.592 秒 国民经济 行业类别 C2923 塑料丝、绳及 编织品制造 建设项目 行业类别 二十六、橡胶和塑料制品业 -53 塑料制品业292-其他（年 用非溶剂型低VOCs 含量涂 料10 吨以下的除外） 建设性质 ☑新建（迁建） □改建 □
22 度51 分59.592 秒 国民经济 行业类别 C2923 塑料丝、绳及 编织品制造 建设项目 行业类别 二十六、橡胶和塑料制品业 -53 塑料制品业292-其他（年 用非溶剂型低VOCs 含量涂 料10 吨以下的除外） 建设性质 ☑新建（迁建） □改建 □扩建 □技术改造 建设项目 申报情形 ☑首次申报项目 □不予批准后再次申
2 秒 国民经济 行业类别 C2923 塑料丝、绳及 编织品制造 建设项目 行业类别 二十六、橡胶和塑料制品业 -53 塑料制品业292-其他（年 用非溶剂型低VOCs 含量涂 料10 吨以下的除外） 建设性质 ☑新建（迁建） □改建 □扩建 □技术改造 建设项目 申报情形 ☑首次申报项目 □不予批准后再次申报项目 □超五年重新
后公布可知，该场址用地性质为工业用地。因此，本项目建设符合当地 城市规划。 （2）与产业政策相符性分析 本项目所属行业为C2923 塑料丝、绳及编织品制造，根据国家发展改 革委商务部关于印发《市场准入负面清单（2022 年版）》的通知（发改体 改规〔2022〕397 号），项目不属于上述目录所列的限制类和禁止准入类严 控类项目，
该场址用地性质为工业用地。因此，本项目建设符合当地 城市规划。 （2）与产业政策相符性分析 本项目所属行业为C2923 塑料丝、绳及编织品制造，根据国家发展改 革委商务部关于印发《市场准入负面清单（2022 年版）》的通知（发改体 改规〔2022〕397 号），项目不属于上述目录所列的限制类和禁止准入类严 控类项目，也不属于《市场准入负面清
调整指导目录》和《市场准入负面清单》明 确的属于淘汰类的塑料制品项目，禁止投资； 属于限制类项目，禁止新建。 项目属于塑料制品业，主 要从事打包带的产销，原 料均为新料粒料，不涉及 禁止生产、销售的塑料制 品。 符合 2.2 增加绿色产品供给。塑料制品生产企业要严 格执行有关法律法规，生产符合相关标准的 塑料制品，不得使用未经",塑胶行业,报告“国民经济行业类别/分类”或相邻字段显示 C29/C292/塑料制品业相关。
123,PL130_佛山万美塑料制品有限公司迁扩建项目_01_受理公告或公示版.pdf,E:\华南理工项目\环评文件汇总\01_GitHub项目与研究文档\eia-openclaw-sync-chen2026\05_QA测试集\人工核查_环评报告出处整理_20260715\环评报告文件_按问答顺序\PL130_佛山万美塑料制品有限公司迁扩建项目_01_受理公告或公示版.pdf,.pdf,ok,"C2929 塑料零件及其他塑
C2926 塑料
C2929 塑料
C2926 塑料包装箱及
C2926 塑料包装箱及容器制造行业系数表的挥发性有机物（以
2929 塑料零件及其他塑","29 号1 座首层之三 地理坐标 东经113°22′20.892″，北纬22°49′19.743″ 国民经济 行业类别 C2929 塑料零件及其他塑 料制品制造、C2926 塑料 包装箱及容器制造 建设项目 行业类别 二十六、橡胶和塑料制品业29-53 塑料制品业292-其他（年用非溶剂 型低VOCs含量涂料10吨以下的除 外）
3°22′20.892″，北纬22°49′19.743″ 国民经济 行业类别 C2929 塑料零件及其他塑 料制品制造、C2926 塑料 包装箱及容器制造 建设项目 行业类别 二十六、橡胶和塑料制品业29-53 塑料制品业292-其他（年用非溶剂 型低VOCs含量涂料10吨以下的除 外） 建设性质 新建（迁建） 改建 扩建
济 行业类别 C2929 塑料零件及其他塑 料制品制造、C2926 塑料 包装箱及容器制造 建设项目 行业类别 二十六、橡胶和塑料制品业29-53 塑料制品业292-其他（年用非溶剂 型低VOCs含量涂料10吨以下的除 外） 建设性质 新建（迁建） 改建 扩建 技术改造 建设项目 申报情形 ☑首次申报项目 不予批准后再次申报
料零件及其他塑 料制品制造、C2926 塑料 包装箱及容器制造 建设项目 行业类别 二十六、橡胶和塑料制品业29-53 塑料制品业292-其他（年用非溶剂 型低VOCs含量涂料10吨以下的除 外） 建设性质 新建（迁建） 改建 扩建 技术改造 建设项目 申报情形 ☑首次申报项目 不予批准后再次申报项目 超五年重新审核
业和国家鼓励发展的其他项目入园；优先向外向型企业、规模效 益型企业、科技型企业、重点企业和产业链企业开放入园。 项目属于塑料制品业，不属于园区严禁的三 类工业和严格限制的二类工业，不属于鼓励 类企业和优先类企业。 符合 园区内企业必须保证其全部废水预处理达到广东省地方标准《水污 染物排放限值》（DB44/26-2001）第二时段
外构筑物防护和城市道路交通标志（特殊功能要求的除外） 基本使用低VOCs 含量的涂料。 项目主要从事塑料制品的生产，属于C2929 塑料 零件及其他塑料制品制造、C2926 塑料包装箱及 容器制造，项目生产过程中不涉及使用高VOCs 含量的原辅料。项目使用的塑胶原料均属于低挥 发性原辅材料。 符合 1.2 开展简易低效VOCs",塑胶行业,报告“国民经济行业类别/分类”或相邻字段显示 C29/C292/塑料制品业相关。
124,PL131_佛山市顺德区凯锦电器有限公司新建项目_01_受理公告或公示版.pdf,E:\华南理工项目\环评文件汇总\01_GitHub项目与研究文档\eia-openclaw-sync-chen2026\05_QA测试集\人工核查_环评报告出处整理_20260715\环评报告文件_按问答顺序\PL131_佛山市顺德区凯锦电器有限公司新建项目_01_受理公告或公示版.pdf,.pdf,ok,"C2929 塑料零件及其
C2929塑料零件及其他塑料制品制造，根据《产业结构
C2929塑料零件及其他塑料制品制造，根据
C2929 塑料零件及其他塑料制品制造，根
C2929 塑料零件
C2929 塑料零件及其他塑料制品制造，根据","2-1 号之十五 地理坐标 （113 度8 分20.021 秒，22 度50 分46.981 秒） 国民经济 行业类别 C2929 塑料零件及其 他塑料制品制造 建设项目 行业类别 二十六、橡胶和塑料制品业 29-53 塑料制品业292-其他（年 用非溶剂型低VOCs 含量涂料10 吨以下的除外） 建设性质 新建（迁建） 改
度50 分46.981 秒） 国民经济 行业类别 C2929 塑料零件及其 他塑料制品制造 建设项目 行业类别 二十六、橡胶和塑料制品业 29-53 塑料制品业292-其他（年 用非溶剂型低VOCs 含量涂料10 吨以下的除外） 建设性质 新建（迁建） 改建 扩建 技术改造 建设项目 申报情形 首次申报项目 不予批准后再次
国民经济 行业类别 C2929 塑料零件及其 他塑料制品制造 建设项目 行业类别 二十六、橡胶和塑料制品业 29-53 塑料制品业292-其他（年 用非溶剂型低VOCs 含量涂料10 吨以下的除外） 建设性质 新建（迁建） 改建 扩建 技术改造 建设项目 申报情形 首次申报项目 不予批准后再次申报项目 超五年重新审
影响评价 情况 无 规划及规 划环境影 响评价符 合性分析 无 其他符合 性分析 1、与产业政策相符性分析 项目主要从事C2929塑料零件及其他塑料制品制造，根据《产业结构 调整指导目录（2024年本）》的规定，项目不属于目录所列的鼓励类、 【第7页】 2 限制类、禁止（淘汰）类项目，也不属于《市场准入负面清单（2022年 版
情况 无 规划及规 划环境影 响评价符 合性分析 无 其他符合 性分析 1、与产业政策相符性分析 项目主要从事C2929塑料零件及其他塑料制品制造，根据《产业结构 调整指导目录（2024年本）》的规定，项目不属于目录所列的鼓励类、 【第7页】 2 限制类、禁止（淘汰）类项目，也不属于《市场准入负面清单（2022年 版）》（发改体改规〔2022
不属于《市场准入负面清单（2022年 版）》（发改体改规〔2022〕397号）中的禁止准入事项。 本项目行业类别及代码为C2929塑料零件及其他塑料制品制造，根据 广东省发展改革委关于印发《广东省“两高”项目管理名录（2022年版）》 的通知（粤发改能源函〔2022〕1363号），本项目不属于“两高”项目。 本项目行业类别及代码",塑胶行业,报告“国民经济行业类别/分类”或相邻字段显示 C29/C292/塑料制品业相关。
125,PL132_佛山市龙广塑料制品有限公司新建项目_01_受理公告或公示版.pdf,E:\华南理工项目\环评文件汇总\01_GitHub项目与研究文档\eia-openclaw-sync-chen2026\05_QA测试集\人工核查_环评报告出处整理_20260715\环评报告文件_按问答顺序\PL132_佛山市龙广塑料制品有限公司新建项目_01_受理公告或公示版.pdf,.pdf,ok,"C2929 塑料零件及其他塑
C2929 塑料零件及其他塑料制品制造，不在《产业结构调整指导
C2929 塑料零件
C2929 塑料零件及其他塑料制品制造，根据《固定污染
C2929
2929 塑料零件及其他塑","座701 地理坐标 （北纬22 度48 分28.800 秒，东经113 度21 分5.780 秒） 国民经济 行业类别 C2929 塑料零件及其他塑 料制品制造 建设项目 行业类别 二十六、橡胶和塑料制品业29-53 塑 料制品业292-其他（年用非溶剂型低 VOCs 含量涂料10 吨以下的除外） 建设性质 新建（迁建） □改
度21 分5.780 秒） 国民经济 行业类别 C2929 塑料零件及其他塑 料制品制造 建设项目 行业类别 二十六、橡胶和塑料制品业29-53 塑 料制品业292-其他（年用非溶剂型低 VOCs 含量涂料10 吨以下的除外） 建设性质 新建（迁建） □改建 □扩建 □技术改造 建设项目 申报情形 首次申报项目 □不予批准后再次
国 家鼓励发展的其他项目入园；优先向外 向型企业、规模效益型企业、科技型企 业、重点企业和产业链企业开放入园。 项目属于塑料制品业，不属于园区 严禁的三类工业和严格限制的二 类工业，不属于鼓励类企业和优先 类企业。 符合 园区内企业必须保证其全部废水预处理 达到广东省地方标准《水污染物排放限 值》（DB44/26-2001）第二
皆可依法平等进入，项目不在市场准入负面清单禁止和许可两类项目范围内，可 依法平等进入。 （2）产业政策相符性 本项目属于C2929 塑料零件及其他塑料制品制造，不在《产业结构调整指导 目录（2024 年本）》（中华人民共和国国家发展和改革委员会令第7 号）文件中 的限制类、淘汰类之列；本项目产品不属于《促进产业结构调整暂行规定》
进入，项目不在市场准入负面清单禁止和许可两类项目范围内，可 依法平等进入。 （2）产业政策相符性 本项目属于C2929 塑料零件及其他塑料制品制造，不在《产业结构调整指导 目录（2024 年本）》（中华人民共和国国家发展和改革委员会令第7 号）文件中 的限制类、淘汰类之列；本项目产品不属于《促进产业结构调整暂行规定》中限 制类、淘汰类之列，符合
整指导目录》 和《市场准入负面清单》明确的属于 淘汰类的塑料制品项目，禁止投资； 属于限制类项目，禁止新建。 本项目属于C2929 塑料零件 及其他塑料制品制造，外购的 塑料粒为新料，不属于医疗废 物、回收利用的废塑料输液袋 （瓶），也不属于“洋垃圾”， 产品也不属于文件中禁止生 产项目及限制类项目。 符合 10 《顺德区重点行",塑胶行业,报告“国民经济行业类别/分类”或相邻字段显示 C29/C292/塑料制品业相关。
126,PL133_佛山市特美仕电器有限公司迁扩建项目_01_报批稿或报告表.pdf,E:\华南理工项目\环评文件汇总\01_GitHub项目与研究文档\eia-openclaw-sync-chen2026\05_QA测试集\人工核查_环评报告出处整理_20260715\环评报告文件_按问答顺序\PL133_佛山市特美仕电器有限公司迁扩建项目_01_报批稿或报告表.pdf,.pdf,ok,"C2929 塑料零件及其他塑
C2929 塑料零件及其他塑料制品制造和C3859 其他家
2929 塑料零件及其他塑
2929 塑料零件及其他塑料制品制造和C3859 其他家
2929塑料零件及其","楼之一 地理坐标 东经：113 度10 分53.713 秒，北纬：22 度52 分31.965 秒 国民经济 行业类别 C2929 塑料零件及其他塑 料制品制造 C3859 其他家用电力器具 制造 建设项目 行业类别 二十六、橡胶和塑料制品业 29—53 塑料制品业292—其 他（年用非溶剂型低VOCs 含量涂料10 吨以下的除
济 行业类别 C2929 塑料零件及其他塑 料制品制造 C3859 其他家用电力器具 制造 建设项目 行业类别 二十六、橡胶和塑料制品业 29—53 塑料制品业292—其 他（年用非溶剂型低VOCs 含量涂料10 吨以下的除外） 三十五、电气机械和器材制 造业38-77 家用电力器具制 造385—其他（仅分割、焊接、 组装的除外；年用
零件及其他塑 料制品制造 C3859 其他家用电力器具 制造 建设项目 行业类别 二十六、橡胶和塑料制品业 29—53 塑料制品业292—其 他（年用非溶剂型低VOCs 含量涂料10 吨以下的除外） 三十五、电气机械和器材制 造业38-77 家用电力器具制 造385—其他（仅分割、焊接、 组装的除外；年用非溶剂型 低VOCs 含
境影响 评价情况 无 规划及规划环境 影响评价符合性 分析 无 其他符合性分析 1、与产业政策符合性分析 项目所属行业为C2929 塑料零件及其他塑料制品制造和C3859 其他家 用电力器具制造，根据《产业结构调整指导目录（2024 年本）》，项目不 属于限制类、淘汰类。综上所述，项目符合国家、广东省的产业政策要求。 根据《市场
情况 无 规划及规划环境 影响评价符合性 分析 无 其他符合性分析 1、与产业政策符合性分析 项目所属行业为C2929 塑料零件及其他塑料制品制造和C3859 其他家 用电力器具制造，根据《产业结构调整指导目录（2024 年本）》，项目不 属于限制类、淘汰类。综上所述，项目符合国家、广东省的产业政策要求。 根据《市场准入负面清单（2022 年版
：非PVC的非 甲烷总烃排放系数为 0.35kg/t非PVC原料 《排放源统计调查产排污 核算方法和系数手册》 —292塑料制品业系数手 册中2929塑料零件及其 他塑料制品制造行业系数 表，挥发性有机物产污系 数为2.70千克/吨-产品 / 收集效率 90% 30% / 处理效率 0% 0% 迁扩建前项目废气处理方 式仅为收集",塑胶行业,报告“国民经济行业类别/分类”或相邻字段显示 C29/C292/塑料制品业相关。
127,PL134_佛山市广优顺品日用品有限公司新建项目_01_报批稿或报告表.pdf,E:\华南理工项目\环评文件汇总\01_GitHub项目与研究文档\eia-openclaw-sync-chen2026\05_QA测试集\人工核查_环评报告出处整理_20260715\环评报告文件_按问答顺序\PL134_佛山市广优顺品日用品有限公司新建项目_01_报批稿或报告表.pdf,.pdf,ok,"C2922 塑料板、管、型
2922 塑料板、管、型","号1 栋8 楼 地理坐标 （113 度10 分44.301 秒，22 度52 分32.401 秒） 国民经济 行业类别 C2922 塑料板、管、型 材制造 建设项目 行业类别 二十六、橡胶和塑料制品 业-29 中53、塑料制品 业292-其他（年用非溶剂 型低VOCs 含量涂料10 吨 以下的除外） 建设性质 ☑新建（迁建） □
目所在地房产证（见附件3），本地块为 工业用地。 2. 与《环境保护综合名录（2021 年版）》的相符性分析 本项目属于塑料板、管、型材制造，主要生产塑料吸管，不属 于《环境保护综合名录（2021 年版）》中“高污染、高环境风险”产 品名录。 3. 与广东省发展改革委关于印发《广东省“两高”项目管理目 录（2022 年版）》的通知（粤发改
械装备、智能家居制造业、 互联网家电、5G、物联网开发与应用等创新产业链，打造互联网家电及智能 装备集聚区。 本项目属于塑料制品业，产品为塑料吸 管，不属于鼓励引导类，也不属于禁止 类。 符合 1-2.【产业/综合类】系统推进村级工业园升级改造，腾出连片空间，布局产 业集聚区和主题产业园，推动工业项目入园集聚发展。 本项目所在地
管理名录2021 版》（中 华人民共和国生态环境部令第16 号，2021 年1 月1 日起实施），本项目属于“二 十六、橡胶和塑料制品业-29 中塑料制品业292-其他（年用非溶剂型低VOCs 含 量涂料10 吨以下的除外）” ，按要求编写环境影响评价报告表。 2.产品方案 根据建设单位提供的资料，本项目的产品产量见表2-1。 表2-
华人民共和国生态环境部令第16 号，2021 年1 月1 日起实施），本项目属于“二 十六、橡胶和塑料制品业-29 中塑料制品业292-其他（年用非溶剂型低VOCs 含 量涂料10 吨以下的除外）” ，按要求编写环境影响评价报告表。 2.产品方案 根据建设单位提供的资料，本项目的产品产量见表2-1。 表2-1 产品产能一览表
标准》（GB 31572—2015（含2024 年修改单）） 中表4以及《排放源统计调查产排污核算方法和系数手册-292塑料制品业系数手册》， 本项目挤出加工时产生的有机废气以非甲烷总烃表征。参考《佛山市塑胶行业建设 项目环评文件编制技术参考指南》中表22 塑胶制品工业污染物产污系数表-塑料板、 管、型材（配料-混合-挤出）VO",塑胶行业,报告“国民经济行业类别/分类”或相邻字段显示 C29/C292/塑料制品业相关。
128,PL135_佛山市邸怡居家居有限公司新建项目_01_受理公告或公示版.pdf,E:\华南理工项目\环评文件汇总\01_GitHub项目与研究文档\eia-openclaw-sync-chen2026\05_QA测试集\人工核查_环评报告出处整理_20260715\环评报告文件_按问答顺序\PL135_佛山市邸怡居家居有限公司新建项目_01_受理公告或公示版.pdf,.pdf,ok,"C2924 泡沫塑料制造
C2924 泡沫塑料制
C2924 泡沫
C2924 泡沫塑料制造，根据
C2924 泡沫塑料制造，
2924 泡沫塑料制造","11 号 地理坐标 （东经113 度3 分40.226 秒，北纬22 度51 分21.528 秒） 国民经济 行业类别 C2924 泡沫塑料制造 建设项目 行业类别 二十六、橡胶和塑料制品业 29-53、塑料制品业292-其他 （年用非溶剂型低VOCs 含 量涂料10 吨以下的除外） 建设性质 ☑新建（迁建） □改建 □扩建 □
理坐标 （东经113 度3 分40.226 秒，北纬22 度51 分21.528 秒） 国民经济 行业类别 C2924 泡沫塑料制造 建设项目 行业类别 二十六、橡胶和塑料制品业 29-53、塑料制品业292-其他 （年用非溶剂型低VOCs 含 量涂料10 吨以下的除外） 建设性质 ☑新建（迁建） □改建 □扩建 □技术改造 建设
秒，北纬22 度51 分21.528 秒） 国民经济 行业类别 C2924 泡沫塑料制造 建设项目 行业类别 二十六、橡胶和塑料制品业 29-53、塑料制品业292-其他 （年用非溶剂型低VOCs 含 量涂料10 吨以下的除外） 建设性质 ☑新建（迁建） □改建 □扩建 □技术改造 建设项目 申报情形 ☑首次申报项目 □不予批准后再
.528 秒） 国民经济 行业类别 C2924 泡沫塑料制造 建设项目 行业类别 二十六、橡胶和塑料制品业 29-53、塑料制品业292-其他 （年用非溶剂型低VOCs 含 量涂料10 吨以下的除外） 建设性质 ☑新建（迁建） □改建 □扩建 □技术改造 建设项目 申报情形 ☑首次申报项目 □不予批准后再次申报项目 □超五年重新
材以及高端装备制造产业集群。加快培育高 端装备智能制造、医疗器械、生命科学等新 兴产业，打造产业集群。 项目行业类别为 C2924 泡沫塑料制 造，主要进行家居配 套的海绵产品。 符合 1-2.【产业/综合类】系统推进村级工业园升 级改造，腾出连片空间，布局产业集聚区和 主题产业园，推动工业项目入园集聚发展。 项目位于三联工业区
能源/综合类】科学实施能源消费总量 和强度“双控”，新建高能耗项目单位产品 （产值）能耗达到国际国内先进水平。 本项目为C2924 泡沫 塑料制造，不属于高 能耗项目。 符合 2-4.【水资源/综合类】贯彻落实“节水优先” 方针，实行最严格水资源管理制度，龙江镇 万元国内生产总值用水量、万元工业增加值 用水量、用水总量、农田灌溉",塑胶行业,报告“国民经济行业类别/分类”或相邻字段显示 C29/C292/塑料制品业相关。
129,PL136_佛山市创灏五金塑料有限公司年产塑料制品1250万件迁改扩建项目_01_受理公告或公示版.pdf,E:\华南理工项目\环评文件汇总\01_GitHub项目与研究文档\eia-openclaw-sync-chen2026\05_QA测试集\人工核查_环评报告出处整理_20260715\环评报告文件_按问答顺序\PL136_佛山市创灏五金塑料有限公司年产塑料制品1250万件迁改扩建项目_01_受理公告或公示版.pdf,.pdf,ok,"C2929 塑料零件
C2929 塑料零件及其他塑料制品制造，根据国家发展改革委商
C2929
C2929 塑料零
2929 塑料零件
2929 塑料零件及其他塑料制品制造，根据国家发展改革委商","1 号之一（C） 地理坐标 厂区中心地理坐标：北纬22.806947°，东经113.194332° 国民经济 行业类别 C2929 塑料零件 及其他塑料制品 制造 建设项目 行业类别 二十六、橡胶和塑料制品业29-53.塑料制 品业292-其他（年用非溶剂型低VOCs 含 量涂料10 吨以下的除外） 建设性质 ☑新建（迁建） ☑
东经113.194332° 国民经济 行业类别 C2929 塑料零件 及其他塑料制品 制造 建设项目 行业类别 二十六、橡胶和塑料制品业29-53.塑料制 品业292-其他（年用非溶剂型低VOCs 含 量涂料10 吨以下的除外） 建设性质 ☑新建（迁建） ☑改建 ☑扩建 □技术改造 建设项目 申报情形 √首次申报项目 □不予批准后再次
物通过加强车间通风换气处理。本项目声环境质量能满足相应的标准要求。 符 合 环保 准入 负面 清单 项目行业类别及代码为C2929 塑料零件及其他塑料制品制造，根据国家发展改革委商 务部关于印发《市场准入负面清单（2022 年版）》的规定，本项目不属于清单中规定 的禁止类和需要许可类项目。 符 合 （3）项目与佛山市“三线一单”
间通风换气处理。本项目声环境质量能满足相应的标准要求。 符 合 环保 准入 负面 清单 项目行业类别及代码为C2929 塑料零件及其他塑料制品制造，根据国家发展改革委商 务部关于印发《市场准入负面清单（2022 年版）》的规定，本项目不属于清单中规定 的禁止类和需要许可类项目。 符 合 （3）项目与佛山市“三线一单”相符性分析 根据《佛山市生态
外构筑物防护和城市道路交通 标志(特殊功能要求的除外)基本使用低 VOCs含量的涂料。 项目主要从事塑料制品的生产，属于C2929 塑料零件及其他塑料制品制造，项目生产过 程中不涉及使用高VOCs含量的原辅料。项 目使用的塑胶原料均属于低挥发性原辅材 料。 符 合 1.2 开展简易低效VOCs治理设施清理整治。严 格限制新改扩建
和城市道路交通 标志(特殊功能要求的除外)基本使用低 VOCs含量的涂料。 项目主要从事塑料制品的生产，属于C2929 塑料零件及其他塑料制品制造，项目生产过 程中不涉及使用高VOCs含量的原辅料。项 目使用的塑胶原料均属于低挥发性原辅材 料。 符 合 1.2 开展简易低效VOCs治理设施清理整治。严 格限制新改扩建项目使用光催化、光氧化、 水",塑胶行业,报告“国民经济行业类别/分类”或相邻字段显示 C29/C292/塑料制品业相关。
130,PL137_佛山市顺德区谦和丰塑料制品厂新建项目_01_受理公告或公示版.pdf,E:\华南理工项目\环评文件汇总\01_GitHub项目与研究文档\eia-openclaw-sync-chen2026\05_QA测试集\人工核查_环评报告出处整理_20260715\环评报告文件_按问答顺序\PL137_佛山市顺德区谦和丰塑料制品厂新建项目_01_受理公告或公示版.pdf,.pdf,ok,"C2929 塑料零件及其他塑
C2929 塑料零件及其他塑料制品制造，不在《产业结构调整指导
C2929 塑料零件及其他塑料制品制造，根据《固定污染
C2929 塑料零件及其他塑料制品制造，不涉及通用工序，
2929 塑料零件及其他塑
2929 塑料零件及其他塑料制品制造，不在《产业结构调整指导","号之一 地理坐标 （北纬22 度51 分42.390 秒，东经113 度10 分9.900 秒） 国民经济 行业类别 C2929 塑料零件及其他塑 料制品制造 建设项目 行业类别 二十六、橡胶和塑料制品业29-53 塑 料制品业292-其他（年用非溶剂型低 VOCs 含量涂料10 吨以下的除外） 建设性质 新建（迁建） 改
度10 分9.900 秒） 国民经济 行业类别 C2929 塑料零件及其他塑 料制品制造 建设项目 行业类别 二十六、橡胶和塑料制品业29-53 塑 料制品业292-其他（年用非溶剂型低 VOCs 含量涂料10 吨以下的除外） 建设性质 新建（迁建） 改建 扩建 技术改造 建设项目 申报情形 首次申报项目 不予批准后再次
皆可依法平等进入，项目不在市场准入负面清单禁止和许可两类项目范围内，可依 法平等进入。 （2）产业政策相符性 本项目属于C2929 塑料零件及其他塑料制品制造，不在《产业结构调整指导 目录（2024 年本）》中的限制类、淘汰类之列；本项目产品不属于《促进产业结 构调整暂行规定》中限制类、淘汰类之列，符合政策规定。 2、与《环境保
进入，项目不在市场准入负面清单禁止和许可两类项目范围内，可依 法平等进入。 （2）产业政策相符性 本项目属于C2929 塑料零件及其他塑料制品制造，不在《产业结构调整指导 目录（2024 年本）》中的限制类、淘汰类之列；本项目产品不属于《促进产业结 构调整暂行规定》中限制类、淘汰类之列，符合政策规定。 2、与《环境保护综合名录（2021 年版）
业，引入智能制造服务、电子商务、现代商贸流通产业，重点建设环保 产业基地、小家电产业基地和五金产业创业基地。 本项目属于塑料零件及其他塑料制品制造，不属于产业/鼓励引导类。 符合 1.2 【产业/综合类】系统推进村级工业园升级改造，腾出连片空间，布局产业集聚区和主 题产业园，推动工业项目入园集聚发展。 本项目属于新建项目，选址位于佛山市顺德区勒
技术企业配套 的除外），应进入以此类项目为主导产业、有相应废水集中治理设施的工业园区，实 现集中治污。 本项目所属行业为塑料零件及其他塑料制品制造，生活污水经三级 化粪池预处理后排入勒流污水处理厂；循环冷却水为间接冷却水， 作为清净下水通过雨水管网排入附近内河涌；项目不属于线路板生 产、化工、印花、金属表面处理、金属制品、不锈钢型材加工等项 目",塑胶行业,报告“国民经济行业类别/分类”或相邻字段显示 C29/C292/塑料制品业相关。
131,PL138_佛山市顺德区谦迅盛塑料制品厂新建项目_01_受理公告或公示版.pdf,E:\华南理工项目\环评文件汇总\01_GitHub项目与研究文档\eia-openclaw-sync-chen2026\05_QA测试集\人工核查_环评报告出处整理_20260715\环评报告文件_按问答顺序\PL138_佛山市顺德区谦迅盛塑料制品厂新建项目_01_受理公告或公示版.pdf,.pdf,ok,"C2929 塑料零件及其他塑
C2929 塑料零件及其他塑料制品制造，不在《产业结构调整指导
C2929 塑料零件及其他塑料制品制造，根据《固定污染
C2929 塑料零件及其他塑料制品制造，不涉及通用工序，
2929 塑料零件及其他塑
2929 塑料零件及其他塑料制品制造，不在《产业结构调整指导","号之二 地理坐标 （北纬22 度51 分55.178 秒，东经113 度10 分16.062 秒） 国民经济 行业类别 C2929 塑料零件及其他塑 料制品制造 建设项目 行业类别 二十六、橡胶和塑料制品业29-53 塑 料制品业292-其他（年用非溶剂型低 VOCs 含量涂料10 吨以下的除外） 建设性质 新建（迁建） 改
度10 分16.062 秒） 国民经济 行业类别 C2929 塑料零件及其他塑 料制品制造 建设项目 行业类别 二十六、橡胶和塑料制品业29-53 塑 料制品业292-其他（年用非溶剂型低 VOCs 含量涂料10 吨以下的除外） 建设性质 新建（迁建） 改建 扩建 技术改造 建设项目 申报情形 首次申报项目 不予批准后再次
皆可依法平等进入，项目不在市场准入负面清单禁止和许可两类项目范围内，可依 法平等进入。 （2）产业政策相符性 本项目属于C2929 塑料零件及其他塑料制品制造，不在《产业结构调整指导 目录（2024 年本）》中的限制类、淘汰类之列；本项目产品不属于《促进产业结 构调整暂行规定》中限制类、淘汰类之列，符合政策规定。 2、与《环境保
进入，项目不在市场准入负面清单禁止和许可两类项目范围内，可依 法平等进入。 （2）产业政策相符性 本项目属于C2929 塑料零件及其他塑料制品制造，不在《产业结构调整指导 目录（2024 年本）》中的限制类、淘汰类之列；本项目产品不属于《促进产业结 构调整暂行规定》中限制类、淘汰类之列，符合政策规定。 2、与《环境保护综合名录（2021 年版）
业，引入智能制造服务、电子商务、现代商贸流通产业，重点建设环保 产业基地、小家电产业基地和五金产业创业基地。 本项目属于塑料零件及其他塑料制品制造，不属于产业/鼓励引导类。 符合 1.2 【产业/综合类】系统推进村级工业园升级改造，腾出连片空间，布局产业集聚区和主 题产业园，推动工业项目入园集聚发展。 本项目属于新建项目，选址位于佛山市顺德区勒
及以上重点 项目除外)，应进入以此类项目为主导产业、有相应废水集中治理设施的工业园区， 实现集中治污。 本项目所属行业为塑料零件及其他塑料制品制造，生活污水经三级 化粪池预处理后排入勒流污水处理厂；循环冷却水为间接冷却水， 作为清净下水通过雨水管网排入附近内河涌；项目不属于线路板生 产、化工、印花、金属表面处理、金属制品、不锈钢型材加工等项 目",塑胶行业,报告“国民经济行业类别/分类”或相邻字段显示 C29/C292/塑料制品业相关。
132,PL140_广东顺德意达电子薄膜器件有限公司扩建项目_01_受理公告或公示版.pdf,E:\华南理工项目\环评文件汇总\01_GitHub项目与研究文档\eia-openclaw-sync-chen2026\05_QA测试集\人工核查_环评报告出处整理_20260715\环评报告文件_按问答顺序\PL140_广东顺德意达电子薄膜器件有限公司扩建项目_01_受理公告或公示版.pdf,.pdf,ok,"C2929 塑料零件
C2929 塑料零件及其他塑料制品制造。主要从事彩
C2929 塑料零件及其
C2929 塑料零件及其他塑料制品制造，根据
C2929 塑
2929 塑料零件","号之7 地理坐标 北纬：22 度50 分50.726 秒，东经：113 度22 分46.188 秒 国民经济 行业类别 C2929 塑料零件 及其他塑料制品 制造 建设项目 行业类别 二十六、橡胶和塑料制品业29 —53 塑料制品业292—其他（年 用非溶剂型低VOCs 含量涂料10 吨以下的除外） 建设性质 □新建（迁建） □
度22 分46.188 秒 国民经济 行业类别 C2929 塑料零件 及其他塑料制品 制造 建设项目 行业类别 二十六、橡胶和塑料制品业29 —53 塑料制品业292—其他（年 用非溶剂型低VOCs 含量涂料10 吨以下的除外） 建设性质 □新建（迁建） □改建 ☑扩建 □技术改造 建设项目 申报情形 ☑首次申报项目 □不予批准后再次
民经济 行业类别 C2929 塑料零件 及其他塑料制品 制造 建设项目 行业类别 二十六、橡胶和塑料制品业29 —53 塑料制品业292—其他（年 用非溶剂型低VOCs 含量涂料10 吨以下的除外） 建设性质 □新建（迁建） □改建 ☑扩建 □技术改造 建设项目 申报情形 ☑首次申报项目 □不予批准后再次申报项目 □超五年重新审
清洁能源为 燃料。 项目使用能源全部是 电能，属于清洁能源。 符合 其他符合性分 析 1、与产业政策符合性分析 项目属于C2929 塑料零件及其他塑料制品制造。主要从事彩 膜贴合组件的加工生产，不属于国家《产业结构调整指导目录（2024 年本）》、《广东省禁止、限值生产、销售和使用的塑料制品目录 【第9页】 — 3 — （20
燃料。 项目使用能源全部是 电能，属于清洁能源。 符合 其他符合性分 析 1、与产业政策符合性分析 项目属于C2929 塑料零件及其他塑料制品制造。主要从事彩 膜贴合组件的加工生产，不属于国家《产业结构调整指导目录（2024 年本）》、《广东省禁止、限值生产、销售和使用的塑料制品目录 【第9页】 — 3 — （2020 年版）》中的限值或淘汰
外的钢铁、原油加工等项目。本 项目不属于新建生产和使用高挥发性有机物原辅材料的项目，符合 区域布局管控要求。 ②项目所属橡胶和塑料制品业不属于高能耗行业。项目生产设 备使用电能，生产用水由市政供水，不直接取用江河湖库水量，不 会对项目所在地生态流量造成影响，符合能源利用要求。 ③项目属于扩建项目，项目生活污水经三级化粪处理设施处理 后",塑胶行业,报告“国民经济行业类别/分类”或相邻字段显示 C29/C292/塑料制品业相关。
133,PL141_佛山市加耐安塑料制品有限公司新建项目_01_受理公告或公示版.pdf,E:\华南理工项目\环评文件汇总\01_GitHub项目与研究文档\eia-openclaw-sync-chen2026\05_QA测试集\人工核查_环评报告出处整理_20260715\环评报告文件_按问答顺序\PL141_佛山市加耐安塑料制品有限公司新建项目_01_受理公告或公示版.pdf,.pdf,ok,"C2929 塑料零件及其
C2929 塑料零件及其他塑料制品制造业，项目年产塑料量筒
C2929 塑料零件及其他塑料制品制造业，年产塑料量筒1702.66
C2929 塑料零件及其他塑料
C2929 塑料零件及其他塑料制品制造，根据《固定
C2929 塑料零件及其他塑料制品制造，本项","号华科园4 栋 201 地理坐标 113 度10 分3.653 秒，22 度51 分7.827 秒 国民经济 行业类别 C2929 塑料零件及其 他塑料制品制造 建设项目 行业类别 二十六、橡胶和塑料制品业 29-53、塑料制品业292-其他 （年用非溶剂型低VOCs 含量 涂料10 吨以下的除外）及二 十、印刷和记录媒介复制业
2 度51 分7.827 秒 国民经济 行业类别 C2929 塑料零件及其 他塑料制品制造 建设项目 行业类别 二十六、橡胶和塑料制品业 29-53、塑料制品业292-其他 （年用非溶剂型低VOCs 含量 涂料10 吨以下的除外）及二 十、印刷和记录媒介复制业 231-39 印刷231-其他（激光 印刷除外；年用低VOCs 含量 油墨
国民经济 行业类别 C2929 塑料零件及其 他塑料制品制造 建设项目 行业类别 二十六、橡胶和塑料制品业 29-53、塑料制品业292-其他 （年用非溶剂型低VOCs 含量 涂料10 吨以下的除外）及二 十、印刷和记录媒介复制业 231-39 印刷231-其他（激光 印刷除外；年用低VOCs 含量 油墨10 吨以下的印刷除外）
和国国家发 展和改革委员会令第49 号），项目属于允许类。因此，本项目的建设符合国家 和地方的相关产业政策。 本项目属于C2929 塑料零件及其他塑料制品制造业，项目年产塑料量筒 1702.66 万个，约97.56 吨，产品不属于《环境保护综合名录（2021 年版）》“高 污染、高环境风险”、“高环境风险”产品名录内的产品，符合
展和改革委员会令第49 号），项目属于允许类。因此，本项目的建设符合国家 和地方的相关产业政策。 本项目属于C2929 塑料零件及其他塑料制品制造业，项目年产塑料量筒 1702.66 万个，约97.56 吨，产品不属于《环境保护综合名录（2021 年版）》“高 污染、高环境风险”、“高环境风险”产品名录内的产品，符合产业政策要求。 根据《佛山市
关于印发《广东省“两高”项目管理目录（2022 年版）》的通知粤发改能源函〔2022〕1363 号相符性分析 本项目属于C2929 塑料零件及其他塑料制品制造业，年产塑料量筒1702.66 万个/年。不属于煤电、石化、焦化、煤化工、化工、钢铁、有色金属、建材等行 业，不含“两高”产品或工序，符合产业政策要求。 6、与挥发性有机污",塑胶行业,报告“国民经济行业类别/分类”或相邻字段显示 C29/C292/塑料制品业相关。
134,PL142_佛山市京耘科技有限公司新建项目_01_受理公告或公示版.pdf,E:\华南理工项目\环评文件汇总\01_GitHub项目与研究文档\eia-openclaw-sync-chen2026\05_QA测试集\人工核查_环评报告出处整理_20260715\环评报告文件_按问答顺序\PL142_佛山市京耘科技有限公司新建项目_01_受理公告或公示版.pdf,.pdf,ok,"C2929 塑料零件及其
C2929 塑料零件及其他塑料制品制造行业，主要生产
C2929 塑料零件及其他塑料制品制造，根据《产业结
C2929塑料零件及其他
C2929 塑料零
C2929 塑料零件及其他塑料制品制造，不涉及行业名录中的","区之三 地理坐标 东经：113 度22 分19.450 秒，北纬：22 度48 分38.97 秒 国民经济 行业类别 C2929 塑料零件及其 他塑料制品制造 建设项目 行业类别 二十六、橡胶和塑料制品业 29-53 塑料制品业292-其他（年 用非溶剂型低VOCs 含量涂料10 吨以下的除外） 建设性质 新建（迁建） 改
2 度48 分38.97 秒 国民经济 行业类别 C2929 塑料零件及其 他塑料制品制造 建设项目 行业类别 二十六、橡胶和塑料制品业 29-53 塑料制品业292-其他（年 用非溶剂型低VOCs 含量涂料10 吨以下的除外） 建设性质 新建（迁建） 改建 扩建 技术改造 建设项目 申报情形 首次申报项目 不予批准后再次
国民经济 行业类别 C2929 塑料零件及其 他塑料制品制造 建设项目 行业类别 二十六、橡胶和塑料制品业 29-53 塑料制品业292-其他（年 用非溶剂型低VOCs 含量涂料10 吨以下的除外） 建设性质 新建（迁建） 改建 扩建 技术改造 建设项目 申报情形 首次申报项目 不予批准后再次申报项目 超五年重新审
有色金属、黑色金属和放射性矿产项目和 国家明文禁止的“十五小”和“新五小项目”，限制进入石油化工和医药行 业，本项目属于C2929 塑料零件及其他塑料制品制造行业，主要生产 DMC（BMC）模压制品、SMC 模压制品，根据《顺德工业园A 区发展 规划环境影响报告书》（原佛山市顺德环境科学院研究所有限公司编制， 2010 年7 月
色金属和放射性矿产项目和 国家明文禁止的“十五小”和“新五小项目”，限制进入石油化工和医药行 业，本项目属于C2929 塑料零件及其他塑料制品制造行业，主要生产 DMC（BMC）模压制品、SMC 模压制品，根据《顺德工业园A 区发展 规划环境影响报告书》（原佛山市顺德环境科学院研究所有限公司编制， 2010 年7 月，批复文号：顺管函〔2010
区准入产 业名录”，本项目不属于限制进入类别，属于准入类项目。 其他符合 性分析 1、与产业政策相符性分析 项目主要从事C2929 塑料零件及其他塑料制品制造，根据《产业结 构调整指导目录（2019 年本）》及2021 年修改单的规定，项目不属于 目录所列的鼓励类、限制类、禁止（淘汰）类项目，也不属于《市场准 入负面清单（202",塑胶行业,报告“国民经济行业类别/分类”或相邻字段显示 C29/C292/塑料制品业相关。
135,PL143_佛山市汇铭臻新材料科技有限公司新建项目_01_受理公告或公示版.pdf,E:\华南理工项目\环评文件汇总\01_GitHub项目与研究文档\eia-openclaw-sync-chen2026\05_QA测试集\人工核查_环评报告出处整理_20260715\环评报告文件_按问答顺序\PL143_佛山市汇铭臻新材料科技有限公司新建项目_01_受理公告或公示版.pdf,.pdf,ok,"C2926 塑料包装箱及容
2926 塑料包装箱及容","园7 栋503 室之一 地理坐标 东经113°13′43.500″，北纬22°48′37.839″ 国民经济 行业类别 C2926 塑料包装箱及容 器制造 建设项目 行业类别 “二十六、橡胶和塑料制品业29”中 “53 塑料制品业292”的其他（年用 非溶剂型低VOCs 含量涂料10 吨以下 的除外） 建设性质 新建（迁建）
，北纬22°48′37.839″ 国民经济 行业类别 C2926 塑料包装箱及容 器制造 建设项目 行业类别 “二十六、橡胶和塑料制品业29”中 “53 塑料制品业292”的其他（年用 非溶剂型低VOCs 含量涂料10 吨以下 的除外） 建设性质 新建（迁建） 改建 扩建 技术改造 建设项目 申报情形 首次申报项目 不予批
国民经济 行业类别 C2926 塑料包装箱及容 器制造 建设项目 行业类别 “二十六、橡胶和塑料制品业29”中 “53 塑料制品业292”的其他（年用 非溶剂型低VOCs 含量涂料10 吨以下 的除外） 建设性质 新建（迁建） 改建 扩建 技术改造 建设项目 申报情形 首次申报项目 不予批准后再次申报项目 超五年重
分类管理名录2021 版》（中华人民共和国生态环境部令第16 号，2021 年1 月1 日起实施），本项目属于“二十六、橡胶和塑料制品业29”中“53 塑料制品业 292”的其他（年用非溶剂型低VOCs 含量涂料10 吨以下的除外），按要求编写环境影 响报告表。 2、工程组成 本项目建设性质为新建，租用已建成厂房，项目生产车间所在建筑
人民共和国生态环境部令第16 号，2021 年1 月1 日起实施），本项目属于“二十六、橡胶和塑料制品业29”中“53 塑料制品业 292”的其他（年用非溶剂型低VOCs 含量涂料10 吨以下的除外），按要求编写环境影 响报告表。 2、工程组成 本项目建设性质为新建，租用已建成厂房，项目生产车间所在建筑共9 层，其中首层 高为7
3 室之一 地理坐标 东经113°13′43.500″，北纬22°48′37.839″ 国民经济 行业类别 C2926 塑料包装箱及容 器制造 建设项目 行业类别 “二十六、橡胶和塑料制品业29”中 “53 塑料制品业292”的其他（年用 非溶剂型低VOCs 含量涂料10 吨以下 的除外） 建设性质 新建（迁建） 改建",塑胶行业,报告“国民经济行业类别/分类”或相邻字段显示 C29/C292/塑料制品业相关。
136,PL144_佛山市千紫珏科技有限公司新建项目_01_受理公告或公示版.pdf,E:\华南理工项目\环评文件汇总\01_GitHub项目与研究文档\eia-openclaw-sync-chen2026\05_QA测试集\人工核查_环评报告出处整理_20260715\环评报告文件_按问答顺序\PL144_佛山市千紫珏科技有限公司新建项目_01_受理公告或公示版.pdf,.pdf,ok,"C2929 塑料零件及其他
C2929 塑料零件及其他塑料制品制造，不使用废旧塑料，不属
C2929 塑料零件及其他塑料制品制造，废气排放自行监
2929 塑料零件及其他
2929 塑料零件及其他塑料制品制造，不使用废旧塑料，不属
2929 塑料零件及其他塑料制品制造，废气排放自行监","01 单元 地理坐标 东经113 度21 分32.847 秒，北纬22 度48 分18.654 秒 国民经济 行业类别 C2929 塑料零件及其他 塑料制品制造 建设项目 行业类别 “二十六、橡胶和塑料制品业29”中“53 塑料制品业292”的其他（年用非溶剂 型低VOCs 含量涂料10 吨以下的除 外） 建设性质 新建（迁建
度48 分18.654 秒 国民经济 行业类别 C2929 塑料零件及其他 塑料制品制造 建设项目 行业类别 “二十六、橡胶和塑料制品业29”中“53 塑料制品业292”的其他（年用非溶剂 型低VOCs 含量涂料10 吨以下的除 外） 建设性质 新建（迁建） 改建 扩建 技术改造 建设项目 申报情形 首次申报项目 不予批准
经济 行业类别 C2929 塑料零件及其他 塑料制品制造 建设项目 行业类别 “二十六、橡胶和塑料制品业29”中“53 塑料制品业292”的其他（年用非溶剂 型低VOCs 含量涂料10 吨以下的除 外） 建设性质 新建（迁建） 改建 扩建 技术改造 建设项目 申报情形 首次申报项目 不予批准后再次申报项目 超五年重
有色金属、黑色金属和放射性矿产 项目和国家明文禁止的“十五小”和“新五小项目”，限制进入石油化工和医药行 业，本项目属于C2929 塑料零件及其他塑料制品制造，不使用废旧塑料，不属 于禁止类和限制类，工程内容符合《关于顺德科技工业园A 区发展规划环境影 响报告书审查意见的函》（顺管函〔2010〕186 号）审查意见的要求。因此，
色金属和放射性矿产 项目和国家明文禁止的“十五小”和“新五小项目”，限制进入石油化工和医药行 业，本项目属于C2929 塑料零件及其他塑料制品制造，不使用废旧塑料，不属 于禁止类和限制类，工程内容符合《关于顺德科技工业园A 区发展规划环境影 响报告书审查意见的函》（顺管函〔2010〕186 号）审查意见的要求。因此，本 项目符合顺德工业园A 区
类管理名录2021 版》（中华人民共和国生态环境部令第16 号，2021 年 1 月1 日起实施），本项目属于“二十六、橡胶和塑料制品业29”中“53 塑料制品业292”的 其他（年用非溶剂型低VOCs 含量涂料10 吨以下的除外），按要求编写环境影响报告表。 2、工程组成 本项目建设性质为新建，租用已建成厂房，项目生产车间所在建筑共",塑胶行业,报告“国民经济行业类别/分类”或相邻字段显示 C29/C292/塑料制品业相关。
137,PL145_佛山市万朗磁塑制品有限公司顺德分公司新建项目_01_报批稿或报告表.pdf,E:\华南理工项目\环评文件汇总\01_GitHub项目与研究文档\eia-openclaw-sync-chen2026\05_QA测试集\人工核查_环评报告出处整理_20260715\环评报告文件_按问答顺序\PL145_佛山市万朗磁塑制品有限公司顺德分公司新建项目_01_报批稿或报告表.pdf,.pdf,ok,"C2929 塑料零件及其塑料制品制造
C2929 塑料零件及其塑料制品制造”、“C3054 日用玻璃制品制造”和
C2929 塑料零件及其塑料制品制造”、“C3054
C2929 塑料零件及其塑料制品制造、C3054 日用玻璃制品制造、C3062
2929 塑料零件及其塑料制品制造
2929 塑料零件及其塑料制品制造”、“C3054 日用玻璃制品制造”和","号首层之二 地理坐标 （东经113度20 分27.139秒，北纬22 度46 分5.982 秒） 国民经济 行业类别 C2929 塑料零件及其塑料制品制造 C3054 日用玻璃制品制造 C3062 玻璃纤维增强塑料制品制造 建设项目 行业类别 二十六、橡胶和塑料制品业 29-53 塑料制品业292-其他 （年用非溶剂型低VOC
料零件及其塑料制品制造 C3054 日用玻璃制品制造 C3062 玻璃纤维增强塑料制品制造 建设项目 行业类别 二十六、橡胶和塑料制品业 29-53 塑料制品业292-其他 （年用非溶剂型低VOCs 含 量涂料10 吨以下的除外） 二十七、非金属矿物制品业 -57、玻璃制品制造-特种玻璃 制造；其他玻璃制造；玻璃 制品制造（电加热的除
54 日用玻璃制品制造 C3062 玻璃纤维增强塑料制品制造 建设项目 行业类别 二十六、橡胶和塑料制品业 29-53 塑料制品业292-其他 （年用非溶剂型低VOCs 含 量涂料10 吨以下的除外） 二十七、非金属矿物制品业 -57、玻璃制品制造-特种玻璃 制造；其他玻璃制造；玻璃 制品制造（电加热的除外； 仅切割、打磨、成型
境影响 评价情况 无 规划及规划环 境影响评价符 合性分析 无 其他符合性分 析 1、与产业政策符合性分析 本项目属于“C2929 塑料零件及其塑料制品制造”、“C3054 日用玻璃制品制造”和 “C3062 玻璃纤维增强塑料制品制造”行业，主要从事中空玻璃、电器制品、门封磁条和 吹塑产品的生产。项目不在《产业结构调整指导目录（
级及以上重点项目除外），应进入以此类项目为主导产业、有相应废水集中治理设 施的工业园区，实现集中治污。 1、项目属于“C2929 塑料零件及其塑料制品制造”、“C3054 日用玻璃制品制造”和“C3062 玻璃纤维增强塑料制品制造”行 业，为产业/综合类。 2、项目不在大气环境受体敏感重点管控区内，不产生有毒有 害大气污染物，
量约为 18t/a×5.71%=1.0278t/a。 非甲烷总烃参照《排放源统计调查产排污核算方法和系数手册》中292 塑料制品业系数手 册-2929 塑料零件及其他塑料制品制造行业系数表（续表1）2.7kg/t-产品计，项目电控盒和出水 盘年产量为800t/a，则其注塑工序非甲烷总烃产生量为2.16t/a。 ③挤出工序 本项目",塑胶行业,报告“国民经济行业类别/分类”或相邻字段显示 C29/C292/塑料制品业相关。
138,PL146_佛山市顺德区全华工艺饰品有限公司新建项目_01_报批稿或报告表.pdf,E:\华南理工项目\环评文件汇总\01_GitHub项目与研究文档\eia-openclaw-sync-chen2026\05_QA测试集\人工核查_环评报告出处整理_20260715\环评报告文件_按问答顺序\PL146_佛山市顺德区全华工艺饰品有限公司新建项目_01_报批稿或报告表.pdf,.pdf,ok,"C2929 塑料零件及其他塑
C2929 塑料零件及其他塑料制品制造，不属
2929 塑料零件及其他塑
2929 塑料零件及其他塑料制品制造，不属
2929 塑料零件及其他塑料制品制造行","坐标 （ 22 度 46 分 23.396 秒， 113 度 14 分 23.992 秒） 国民经济 行业类别 C2929 塑料零件及其他塑 料制品制造 建设项目 行业类别 二十六、橡胶和塑料制品业 53 塑 料制品业 其他 建设性质  新建（迁建）  改建 扩建 技术改造 建设项目 申报情形
3.992 秒） 国民经济 行业类别 C2929 塑料零件及其他塑 料制品制造 建设项目 行业类别 二十六、橡胶和塑料制品业 53 塑 料制品业 其他 建设性质  新建（迁建）  改建 扩建 技术改造 建设项目 申报情形 R 首次申报项目 □不予批准后再次申报项目 □超
2023） 佛顺不动产权第0225308 号，用途为工业用地，选址符合要求。 4、与产业政策相符性分析 本项目为橡胶和塑料制品业中的C2929 塑料零件及其他塑料制品制造，不属 于《产业结构调整指导目录（2024 年本）》中的鼓励类、限制类和淘汰类，所用 设备均不在国家禁止使用的落后、淘汰生产设备之列，符合国家相关产业政策。
产权第0225308 号，用途为工业用地，选址符合要求。 4、与产业政策相符性分析 本项目为橡胶和塑料制品业中的C2929 塑料零件及其他塑料制品制造，不属 于《产业结构调整指导目录（2024 年本）》中的鼓励类、限制类和淘汰类，所用 设备均不在国家禁止使用的落后、淘汰生产设备之列，符合国家相关产业政策。 根据《市场准
5308 号，用途为工业用地，选址符合要求。 4、与产业政策相符性分析 本项目为橡胶和塑料制品业中的C2929 塑料零件及其他塑料制品制造，不属 于《产业结构调整指导目录（2024 年本）》中的鼓励类、限制类和淘汰类，所用 设备均不在国家禁止使用的落后、淘汰生产设备之列，符合国家相关产业政策。 根据《市场准入负面清单（2022 版）》
环境部《排放源统计调查产排污核算方法和系数手册》（公告 2021 年第 24 号）的“292 塑料制品行业系数手册”-2929 塑料零件及其他塑料制品制造行 业系数表中的挥发性有机物（以非甲烷总烃计）产污系数为2.70 kg/t 产品。 项目产品产量约为462.5t/a，每天热熔成型工序生产8 小时，每小时最大使用量约为",塑胶行业,报告“国民经济行业类别/分类”或相邻字段显示 C29/C292/塑料制品业相关。
139,PL147_佛山市顺德区大亚湾五金塑料有限公司新建项目_01_受理公告或公示版.pdf,E:\华南理工项目\环评文件汇总\01_GitHub项目与研究文档\eia-openclaw-sync-chen2026\05_QA测试集\人工核查_环评报告出处整理_20260715\环评报告文件_按问答顺序\PL147_佛山市顺德区大亚湾五金塑料有限公司新建项目_01_受理公告或公示版.pdf,.pdf,ok,"C2929 塑料零件及其他塑
2929 塑料零件及其他塑
2929 塑料零件及其他塑料制品制造行业系数表中注塑工序的挥发性有机物（以非甲烷总","园7 栋401 地理坐标 北纬22 度51 分2.620 秒，东经113 度8 分20.870 秒 国民经济 行业类别 C2929 塑料零件及其他塑 料制品制造 C3399其他未列明金属制 品制造 建设项目 行业类别 二十六、橡胶和塑料制品业29，53 塑料制品业292，其他（年用非溶剂 型低VOCs 含量涂料10 吨以下的除
济 行业类别 C2929 塑料零件及其他塑 料制品制造 C3399其他未列明金属制 品制造 建设项目 行业类别 二十六、橡胶和塑料制品业29，53 塑料制品业292，其他（年用非溶剂 型低VOCs 含量涂料10 吨以下的除 外） 建设性质 新建（迁建） 改建 扩建 技术改造 建设项目 申报情形 首次申报项目 不予批准后再次
料零件及其他塑 料制品制造 C3399其他未列明金属制 品制造 建设项目 行业类别 二十六、橡胶和塑料制品业29，53 塑料制品业292，其他（年用非溶剂 型低VOCs 含量涂料10 吨以下的除 外） 建设性质 新建（迁建） 改建 扩建 技术改造 建设项目 申报情形 首次申报项目 不予批准后再次申报项目 超五年重新
，引入智能制造服务、电子商务、 现代商贸流通产业，重点建设环保产业基地、 小家电产业基地和五金产业创业基地。 本项目属于塑料制品业 和金属制造业，不属于 产业鼓励引导类，也不 属于《市场准入负面清 单（2022 年版）》（发 改体改规〔2022〕397 号）中禁止或许可事项。 符合 1.2 【产业/综合类】系统推进村级工业园升级
造、表面涂装、印刷、 制鞋、家具制造、人造板制造、电子元件制造、 纺织印染、塑料制造及塑料制品等12 个行业。 本项目为塑料制品业和金属制 造业，属于重点行业，非甲烷 总烃纳入VOCs 管理，执行总 量替代制度，VOCs 总量控制 指标为0.466t/a，由生态环境部 门根据《关于做好建设项目挥 发性有机物（VOCs）排放削减
它特征污 染因子，主要污染因子为非甲烷总烃。 参考《排放源统计调查产排污核算方法和系数手册》中的塑料制品行业系数手册， 2929 塑料零件及其他塑料制品制造行业系数表中注塑工序的挥发性有机物（以非甲烷总 烃计）产污系数为2.70 kg/t 产品。根据表2-6 关键设备产能一览表，项目有4 台注塑机单 位时间塑料最大加工量为10",塑胶行业,报告“国民经济行业类别/分类”或相邻字段显示 C29/C292/塑料制品业相关。
140,PL148_佛山市浩创时代包装制品有限公司新建项目_01_受理公告或公示版.pdf,E:\华南理工项目\环评文件汇总\01_GitHub项目与研究文档\eia-openclaw-sync-chen2026\05_QA测试集\人工核查_环评报告出处整理_20260715\环评报告文件_按问答顺序\PL148_佛山市浩创时代包装制品有限公司新建项目_01_受理公告或公示版.pdf,.pdf,ok,"国民经济行业分类》（GB/T4754-2017）及第1号修改单
C2927日用塑料制品制造；
C2927日用塑料制品制造和C2231纸和纸板容器制造，根据《产业结构
C2927 日
C2927日用塑
C2927日用塑料制品","号之一 地理坐标 东经：113 度10 分56.279 秒，北纬：22 度52 分32.077 秒 国民经济 行业类别 C2927日用塑料制品制造； C2231纸和纸板容器制造 建设项目 行业类别 二十六、橡胶和塑料制品业 29-53 塑料制品业292-其他 （年用非溶剂型低VOCs 含 量涂料10 吨以下的除外）； 十九、造纸
理坐标 东经：113 度10 分56.279 秒，北纬：22 度52 分32.077 秒 国民经济 行业类别 C2927日用塑料制品制造； C2231纸和纸板容器制造 建设项目 行业类别 二十六、橡胶和塑料制品业 29-53 塑料制品业292-其他 （年用非溶剂型低VOCs 含 量涂料10 吨以下的除外）； 十九、造纸和纸制品业22-
.077 秒 国民经济 行业类别 C2927日用塑料制品制造； C2231纸和纸板容器制造 建设项目 行业类别 二十六、橡胶和塑料制品业 29-53 塑料制品业292-其他 （年用非溶剂型低VOCs 含 量涂料10 吨以下的除外）； 十九、造纸和纸制品业22-38 纸制品制造223*-有涂布、浸 渍、印刷、粘胶工艺的 建设性质 新建
别 C2927日用塑料制品制造； C2231纸和纸板容器制造 建设项目 行业类别 二十六、橡胶和塑料制品业 29-53 塑料制品业292-其他 （年用非溶剂型低VOCs 含 量涂料10 吨以下的除外）； 十九、造纸和纸制品业22-38 纸制品制造223*-有涂布、浸 渍、印刷、粘胶工艺的 建设性质 新建（迁建） 改建 扩建
他符合性分析 1、与产业政策符合性分析 本项目属于《国民经济行业分类》（GB/T4754-2017）及第1号修改单 中的C2927日用塑料制品制造和C2231纸和纸板容器制造，根据《产业结构 调整指导目录（2024年本）》的规定，本项目不属于限制类、淘汰类。综 上所述，本项目符合国家、广东省的产业政策要求。 根据《环境保护综合名
析 1、与产业政策符合性分析 本项目属于《国民经济行业分类》（GB/T4754-2017）及第1号修改单 中的C2927日用塑料制品制造和C2231纸和纸板容器制造，根据《产业结构 调整指导目录（2024年本）》的规定，本项目不属于限制类、淘汰类。综 上所述，本项目符合国家、广东省的产业政策要求。 根据《环境保护综合名录（2021 年",塑胶行业,报告“国民经济行业类别/分类”或相邻字段显示 C29/C292/塑料制品业相关。
141,PL149_佛山江福英智能设备制造有限公司新建项目_01_受理公告或公示版.pdf,E:\华南理工项目\环评文件汇总\01_GitHub项目与研究文档\eia-openclaw-sync-chen2026\05_QA测试集\人工核查_环评报告出处整理_20260715\环评报告文件_按问答顺序\PL149_佛山江福英智能设备制造有限公司新建项目_01_受理公告或公示版.pdf,.pdf,ok,"C2929 塑料零件及其塑料制品制造
C2929 塑料零件及其他塑料制品制造，不在《产业结构调整指导目录
C2929 塑料
C2929 塑料零件及其塑料制品制造、C3525 模具制造、C3594 商业、饮食、服务专
C2929 塑料零件及其塑料制品制造，根据《固定污染源排污许可分类管理名
2929 塑料零件及其塑料制品制造","幢1 楼 地理坐标 （东经113 度22 分44.404 秒，北纬22 度48 分19.770秒） 国民经济 行业类别 C2929 塑料零件及其塑料制品制造 C3525 模具制造 C3594 商业、饮食、服务专用设备 制造 建设项目 行业类别 二十六、橡胶和塑料制品业 29-53 塑料制品业292-其他（年 用非溶剂型低VOCs
塑料零件及其塑料制品制造 C3525 模具制造 C3594 商业、饮食、服务专用设备 制造 建设项目 行业类别 二十六、橡胶和塑料制品业 29-53 塑料制品业292-其他（年 用非溶剂型低VOCs 含量涂料10 吨以下的除外） 建设性质 新建（迁建） 改建 扩建 技术改造 建设项目 申报情形 √首次申报项目 不予批准后再次
525 模具制造 C3594 商业、饮食、服务专用设备 制造 建设项目 行业类别 二十六、橡胶和塑料制品业 29-53 塑料制品业292-其他（年 用非溶剂型低VOCs 含量涂料10 吨以下的除外） 建设性质 新建（迁建） 改建 扩建 技术改造 建设项目 申报情形 √首次申报项目 不予批准后再次申报项目 超五年重新审
和国家鼓励发展的其他项目入园；优 先向外向型企业、规模效益型企业、科技型 企业、重点企业和产业链企业开放入园。 项目属于塑料制品业，不属 于园区严禁的三类工业和 严格限制的二类工业，不属 于鼓励类企业和优先类企 业。 符合 园区内企业必须保证其全部废水预处理达到 广东省地方标准《水污染物排放限值》 （DB44/26-2001）第
皆可依法 平等进入，项目不在市场准入负面清单禁止和许可两类项目范围内，可依法平等进入。 （2）产业政策相符性 本项目属于C2929 塑料零件及其他塑料制品制造，不在《产业结构调整指导目录 （2024 年本）》中的限制类、淘汰类之列；本项目产品不属于《促进产业结构调整暂行 规定》中限制类、淘汰类之列，符合规定要求；本项目不涉及厚度
等进入，项目不在市场准入负面清单禁止和许可两类项目范围内，可依法平等进入。 （2）产业政策相符性 本项目属于C2929 塑料零件及其他塑料制品制造，不在《产业结构调整指导目录 （2024 年本）》中的限制类、淘汰类之列；本项目产品不属于《促进产业结构调整暂行 规定》中限制类、淘汰类之列，符合规定要求；本项目不涉及厚度小于0.025 毫米的超 薄",塑胶行业,报告“国民经济行业类别/分类”或相邻字段显示 C29/C292/塑料制品业相关。
142,PL151_佛山市顺德区德毅塑料有限公司新建项目_01_受理公告或公示版.pdf,E:\华南理工项目\环评文件汇总\01_GitHub项目与研究文档\eia-openclaw-sync-chen2026\05_QA测试集\人工核查_环评报告出处整理_20260715\环评报告文件_按问答顺序\PL151_佛山市顺德区德毅塑料有限公司新建项目_01_受理公告或公示版.pdf,.pdf,ok,"C2923 塑料丝、绳及编
C2923 塑料丝、绳及编织品制
2923 塑料丝、绳及编
2923 塑料丝、绳及编织品制","B 栋5 楼之一 地理坐标 （113 度10 分17.207 秒，22 度51 分1.210 秒） 国民经济 行业类别 C2923 塑料丝、绳及编 织品制造 建设项目 行业类别 二十六、橡胶和塑料制品 业-29 中53、塑料制品 业292-其他（年用非溶剂 型低VOCs 含量涂料10 吨 以下的除外） 建设性质 ☑新建（迁建）
及其相关的建 筑物属于工业用途，可用于工业生产。 2. 与《环境保护综合名录（2021 年版）》的相符性分析 本项目属于塑料丝、绳及编织品制造，主要生产塑料袋，不属 于《环境保护综合名录（2021 年版）》中“高污染、高环境风险”产 品名录。 3. 与广东省发展改革委关于印发《广东省“两高”项目管理目 录（2022 年版）》的通知（粤发改能
业，引入智能制造服务、电子商务、现代商贸流通产业， 重点建设环保产业基地、小家电产业基地和五金产业创业基地。 本项目属于C2923 塑料丝、绳及编织品制 造，产品为塑料袋，不属于鼓励引导类， 也不属于限制类产业 符合 1-2.【产业/综合类】系统推进村级工业园升级改造，腾出连片空间，布局产业 集聚区和主题产业园，推动工业项目入园
管理名录2021 版》（中 华人民共和国生态环境部令第16 号，2021 年1 月1 日起实施），本项目属于“二 十六、橡胶和塑料制品业-29 中塑料制品业292-其他（年用非溶剂型低VOCs 含 量涂料10 吨以下的除外）” ，按要求编写环境影响评价报告表。 2.产品方案 根据建设单位提供的资料，本项目的产品产量见表2-1。 表2-
华人民共和国生态环境部令第16 号，2021 年1 月1 日起实施），本项目属于“二 十六、橡胶和塑料制品业-29 中塑料制品业292-其他（年用非溶剂型低VOCs 含 量涂料10 吨以下的除外）” ，按要求编写环境影响评价报告表。 2.产品方案 根据建设单位提供的资料，本项目的产品产量见表2-1。 表2-1 产品产能一览表
准》（GB 31572— 2015（含2024 年修改单））中表4以及《排放源统计调查产排污核算方法 和系数手册-292塑料制品业系数手册》，本项目吹膜加工时产生的有机废气 以非甲烷总烃表征。参考《佛山市塑胶行业建设项目环评文件编制技术参考 指南》中表22 塑胶制品工业污染物产污系数表-塑料薄膜（配料-混合-挤出） 产污系数，非",塑胶行业,报告“国民经济行业类别/分类”或相邻字段显示 C29/C292/塑料制品业相关。
143,PL152_佛山市顺德区派信誉塑料有限公司新建项目_01_受理公告或公示版.pdf,E:\华南理工项目\环评文件汇总\01_GitHub项目与研究文档\eia-openclaw-sync-chen2026\05_QA测试集\人工核查_环评报告出处整理_20260715\环评报告文件_按问答顺序\PL152_佛山市顺德区派信誉塑料有限公司新建项目_01_受理公告或公示版.pdf,.pdf,ok,"C2929 塑料零件及
C2929
C2929 塑料零件及其他塑料制品制造，不涉及
C2929塑料零
2929 塑料零件及
2929","之一 地理坐标 （ 113 度 10 分 45.271 秒， 22 度 46 分55.790 秒） 国民经济 行业类别 C2929 塑料零件及 其他塑料制品制造 建设项目 行业类别 二十六、橡胶和塑料制品业 29，53、塑料制品业292 建设性质 新建（迁建） □改建 □扩建 □技术改造 建设项目 申报情形 首次申报项目 □
46 分55.790 秒） 国民经济 行业类别 C2929 塑料零件及 其他塑料制品制造 建设项目 行业类别 二十六、橡胶和塑料制品业 29，53、塑料制品业292 建设性质 新建（迁建） □改建 □扩建 □技术改造 建设项目 申报情形 首次申报项目 □不予批准后再次申报项目 超五年重新审核项目 □重大变动重新报批项目 项目审
国民经济 行业类别 C2929 塑料零件及 其他塑料制品制造 建设项目 行业类别 二十六、橡胶和塑料制品业 29，53、塑料制品业292 建设性质 新建（迁建） □改建 □扩建 □技术改造 建设项目 申报情形 首次申报项目 □不予批准后再次申报项目 超五年重新审核项目 □重大变动重新报批项目 项目审批（核准/ 备案）部门（
况 符合 性 空 间 布 1、引入产业应符合现行有 效的《产业结构调整指导目 录》、《市场准入负面清单》 1、本项目属于C2929 塑料零件及其他塑料 制品制造不属于《市 符合 【第4页】 — 2 — 局 约 束 等相关产业政策的要求。 2、禁止引入新增排放重点 防控重金属污染物（铅（Pb）、 汞（Hg）、镉（Cd）、铬（Cr
、本项生活污水处理 达标后排放至杏坛污 水处理厂处理。 6、本项目不属于“高 污染、高环境风险” 行业。 7、本项目属于C2929 塑料零件及其他塑料 制品制造，不涉及高 挥发性有机物原辅材 料使用。 8、本项目50 米范围 内无声环境敏感点， 100 米范围内无居住 区、学校、医院等敏 感用地。 9、项目50 米范围内 无敏感
开发区扩区规划环境影响报告书 审查意见》 其他符合性分析 （1）产业政策相符性 本项目主要从事塑料零件的生产和销售，属于C2929 塑料零件及 其他塑料制品制造。根据生态环境部办公室发布的《环境保护综合名录 （2021 年版）》，项目产品不属于上述目录所列出的“高污染、高环 境风险”产品。项目生产产品、生产工艺和生产设备均不属于",塑胶行业,报告“国民经济行业类别/分类”或相邻字段显示 C29/C292/塑料制品业相关。
144,PL153_佛山市诗佳格科技有限公司新建项目_01_受理公告或公示版.pdf,E:\华南理工项目\环评文件汇总\01_GitHub项目与研究文档\eia-openclaw-sync-chen2026\05_QA测试集\人工核查_环评报告出处整理_20260715\环评报告文件_按问答顺序\PL153_佛山市诗佳格科技有限公司新建项目_01_受理公告或公示版.pdf,.pdf,ok,"C2929 塑料零件及其塑料制品制造
C2929 塑料零件及其塑料制品制造，不在《产业结构调整指导目录(2024
C2929 塑料零
C2929 塑料零件及其塑料制品制造，根据《固定污染源排污许可分类管理名
2929 塑料零件及其塑料制品制造
2929 塑料零件及其塑料制品制造，不在《产业结构调整指导目录(2024","402 室 地理坐标 东经113 度21 分12.848 秒，北纬22 度48 分23.121 秒 国民经济 行业类别 C2929 塑料零件及其塑料制品制造 建设项目 行业类别 二十六、橡胶和塑料制品业 29-53 塑料制品业292-其他（年 用非溶剂型低VOCs 含量涂料10 吨以下的除外） 建设性质 √新建（迁建） 改建
22 度48 分23.121 秒 国民经济 行业类别 C2929 塑料零件及其塑料制品制造 建设项目 行业类别 二十六、橡胶和塑料制品业 29-53 塑料制品业292-其他（年 用非溶剂型低VOCs 含量涂料10 吨以下的除外） 建设性质 √新建（迁建） 改建 扩建 技术改造 建设项目 申报情形 √首次申报项目 不予批准后再次
秒 国民经济 行业类别 C2929 塑料零件及其塑料制品制造 建设项目 行业类别 二十六、橡胶和塑料制品业 29-53 塑料制品业292-其他（年 用非溶剂型低VOCs 含量涂料10 吨以下的除外） 建设性质 √新建（迁建） 改建 扩建 技术改造 建设项目 申报情形 √首次申报项目 不予批准后再次申报项目 超五年重新审
国家鼓励发展 的其他项目入园；优先向外向型企业、规 模效益型企业、科技型企业、重点企业和 产业链企业开放入园。 项目属于塑料制品业，不属于 园区严禁的三类工业和严格 限制的二类工业，不属于鼓励 类企业和优先类企业。 符合 园区内企业必须保证其全部废水预处理达 到广东省地方标准《水污染物排放限值》 （DB44/26-2001）第二
市场准入负面清单禁止和许可两类项目范围内，可依法平 等进入。 【第8页】 — 3 — （2）产业政策相符性 本项目属于C2929 塑料零件及其塑料制品制造，不在《产业结构调整指导目录(2024 年本)》的限制类、淘汰类之列；本项目产品不属于《促进产业结构调整暂行规定》中 限制类、淘汰类之列，符合规定要求；本项目不涉及厚度小于0
造餐饮容器以及玩具等 儿童用品。加大禁止“洋垃圾”进口监管和打私 力度，确保“全面禁止废塑料进口”落实到位。 本项目属于C2929 塑料零 件及其塑料制品制造，外 购的塑料粒为新料，不属 于医疗废物、回收利用的 废塑料输液袋（瓶），也 不属于“洋垃圾”，产品也不 属于文件中禁止生产项目 符 合 【第13页】 — 8 — 到20",塑胶行业,报告“国民经济行业类别/分类”或相邻字段显示 C29/C292/塑料制品业相关。
145,PL154_佛山市华泷彩科技有限公司新建项目_01_受理公告或公示版.pdf,E:\华南理工项目\环评文件汇总\01_GitHub项目与研究文档\eia-openclaw-sync-chen2026\05_QA测试集\人工核查_环评报告出处整理_20260715\环评报告文件_按问答顺序\PL154_佛山市华泷彩科技有限公司新建项目_01_受理公告或公示版.pdf,.pdf,ok,"C2929 塑料零件及其塑料制品制造
C2929 塑料零件及其塑料制品制造，不在《产业结构调整指导目录(2024
C2929 塑料
C2929 塑料零件及其塑料制品制造，根据《固定污染源排污许可分类管理名
2929 塑料零件及其塑料制品制造
2929 塑料零件及其塑料制品制造，不在《产业结构调整指导目录(2024","室 地理坐标 东经113 度21 分11.14261 秒，北纬22 度48 分23.67212 秒 国民经济 行业类别 C2929 塑料零件及其塑料制品制造 建设项目 行业类别 二十六、橡胶和塑料制品业 29-53 塑料制品业292-其他（年 用非溶剂型低VOCs 含量涂料10 吨以下的除外） 建设性质 √新建（迁建） 改建
度48 分23.67212 秒 国民经济 行业类别 C2929 塑料零件及其塑料制品制造 建设项目 行业类别 二十六、橡胶和塑料制品业 29-53 塑料制品业292-其他（年 用非溶剂型低VOCs 含量涂料10 吨以下的除外） 建设性质 √新建（迁建） 改建 扩建 技术改造 建设项目 申报情形 √首次申报项目 不予批准后再次
秒 国民经济 行业类别 C2929 塑料零件及其塑料制品制造 建设项目 行业类别 二十六、橡胶和塑料制品业 29-53 塑料制品业292-其他（年 用非溶剂型低VOCs 含量涂料10 吨以下的除外） 建设性质 √新建（迁建） 改建 扩建 技术改造 建设项目 申报情形 √首次申报项目 不予批准后再次申报项目 超五年重新审
和国家鼓励发展的其他项目入园；优 先向外向型企业、规模效益型企业、科技型 企业、重点企业和产业链企业开放入园。 项目属于塑料制品业，不属 于园区严禁的三类工业和 严格限制的二类工业，不属 于鼓励类企业和优先类企 业。 符合 园区内企业必须保证其全部废水预处理达到 广东省地方标准《水污染物排放限值》 （DB44/26-2001）第
皆可依法 平等进入，项目不在市场准入负面清单禁止和许可两类项目范围内，可依法平等进入。 （2）产业政策相符性 本项目属于C2929 塑料零件及其塑料制品制造，不在《产业结构调整指导目录(2024 年本)》的限制类、淘汰类之列；本项目产品不属于《促进产业结构调整暂行规定》中限 【第8页】 — 3 — 制类、淘汰类之列，符合规定要
调整指导目录》和《市场准入负 面清单》明确的属于淘汰类的塑料制品项目，禁 止投资；属于限制类项目，禁止新建。 本项目属于C2929 塑料 零件及其塑料制品制造， 外购的塑料粒为新料，不 属于医疗废物、回收利用 的废塑料输液袋（瓶）， 也不属于“洋垃圾”，产品 也不属于文件中禁止生 产项目及限制类项目。 符 合 10.《顺德区重点",塑胶行业,报告“国民经济行业类别/分类”或相邻字段显示 C29/C292/塑料制品业相关。
146,PL155_佛山市洲友尚包装材料有限公司新建项目_01_受理公告或公示版.pdf,E:\华南理工项目\环评文件汇总\01_GitHub项目与研究文档\eia-openclaw-sync-chen2026\05_QA测试集\人工核查_环评报告出处整理_20260715\环评报告文件_按问答顺序\PL155_佛山市洲友尚包装材料有限公司新建项目_01_受理公告或公示版.pdf,.pdf,ok,"C2923 塑料丝、绳及
C2923 塑料丝、绳及编织品制造，根据国家发展改
C2923 塑料丝、绳及编织品制造，根据《农用地土壤污染状况详查点位布设技术规定》
2923 塑料丝、绳及
2923 塑料丝、绳及编织品制造，根据国家发展改
2923 塑料丝、绳及编织品制造，根据《农用地土壤污染状况详查点位布设技术规定》","号之一 地理坐标 东经：113 度10 分10.479 秒，北纬：22 度51 分59.592 秒 国民经济 行业类别 C2923 塑料丝、绳及 编织品制造 建设项目 行业类别 二十六、橡胶和塑料制品业 -53 塑料制品业292-其他（年 用非溶剂型低VOCs 含量涂 料10 吨以下的除外） 建设性质 ☑新建（迁建） □改建 □
22 度51 分59.592 秒 国民经济 行业类别 C2923 塑料丝、绳及 编织品制造 建设项目 行业类别 二十六、橡胶和塑料制品业 -53 塑料制品业292-其他（年 用非溶剂型低VOCs 含量涂 料10 吨以下的除外） 建设性质 ☑新建（迁建） □改建 □扩建 □技术改造 建设项目 申报情形 ☑首次申报项目 □不予批准后再次申
2 秒 国民经济 行业类别 C2923 塑料丝、绳及 编织品制造 建设项目 行业类别 二十六、橡胶和塑料制品业 -53 塑料制品业292-其他（年 用非溶剂型低VOCs 含量涂 料10 吨以下的除外） 建设性质 ☑新建（迁建） □改建 □扩建 □技术改造 建设项目 申报情形 ☑首次申报项目 □不予批准后再次申报项目 □超五年重新
后公布可知，该场址用地性质为工业用地。因此，本项目建设符合当地 城市规划。 （2）与产业政策相符性分析 本项目所属行业为C2923 塑料丝、绳及编织品制造，根据国家发展改 革委商务部关于印发《市场准入负面清单（2022 年版）》的通知（发改体 改规〔2022〕397 号），项目不属于上述目录所列的限制类和禁止准入类严 控类项目，
该场址用地性质为工业用地。因此，本项目建设符合当地 城市规划。 （2）与产业政策相符性分析 本项目所属行业为C2923 塑料丝、绳及编织品制造，根据国家发展改 革委商务部关于印发《市场准入负面清单（2022 年版）》的通知（发改体 改规〔2022〕397 号），项目不属于上述目录所列的限制类和禁止准入类严 控类项目，也不属于《市场准入负面清
构调整指导目录》和《市场准入负 面清单》明确的属于淘汰类的塑料制品项 目，禁止投资；属于限制类项目，禁止新建。 项目属于塑料制品业，主要 从事打包带的产销，原料均 为新料粒料，不涉及禁止生 产、销售的塑料制品。 符合 2.2 增加绿色产品供给。塑料制品生产企业要严 格执行有关法律法规，生产符合相关标准的 塑料制品，不得使用未经风",塑胶行业,报告“国民经济行业类别/分类”或相邻字段显示 C29/C292/塑料制品业相关。
147,PL156_佛山市坤琪玲塑料制品有限公司新建项目_01_受理公告或公示版.pdf,E:\华南理工项目\环评文件汇总\01_GitHub项目与研究文档\eia-openclaw-sync-chen2026\05_QA测试集\人工核查_环评报告出处整理_20260715\环评报告文件_按问答顺序\PL156_佛山市坤琪玲塑料制品有限公司新建项目_01_受理公告或公示版.pdf,.pdf,ok,"国民经济行业分类》（GB/T4754-2017）（2019 年修订）
C2929 塑料零件及其他塑
C2929 塑料零件及其他塑料制品制造，不属于高能耗行业。项目生产设备能源使用电能，用水由市政供应，不直
C2929 塑
C2929
C2929 塑料零件及其他塑料制品制造行业系数表的挥发性有","路33 号1 栋三楼之8 地理坐标 东经113°12′7.124″，北纬22°48′34.912″ 国民经济 行业类别 C2929 塑料零件及其他塑 料制品制造 建设项目 行业类别 二十六、橡胶和塑料制品业29，53- 塑料制品业292-其他（年用非溶剂 型低VOCs含量涂料10吨以下的除 外） 建设性质 新建（迁建） 改建
纬22°48′34.912″ 国民经济 行业类别 C2929 塑料零件及其他塑 料制品制造 建设项目 行业类别 二十六、橡胶和塑料制品业29，53- 塑料制品业292-其他（年用非溶剂 型低VOCs含量涂料10吨以下的除 外） 建设性质 新建（迁建） 改建 扩建 技术改造 建设项目 申报情形 ☑首次申报项目 不予批准后再次申
国民经济 行业类别 C2929 塑料零件及其他塑 料制品制造 建设项目 行业类别 二十六、橡胶和塑料制品业29，53- 塑料制品业292-其他（年用非溶剂 型低VOCs含量涂料10吨以下的除 外） 建设性质 新建（迁建） 改建 扩建 技术改造 建设项目 申报情形 ☑首次申报项目 不予批准后再次申报项目 超五年重新审核
项目使用的原辅材 料为固态，常温条件下不会产生有机废气。因此项目符合区域布局管控要求。 （2）能源资源利用要求 项目属于C2929 塑料零件及其他塑料制品制造，不属于高能耗行业。项目生产设备能源使用电能，用水由市政供应，不直 接取用江河湖库，不会对项目所在地生态造成影响，符合能源利用要求 （3）污染物排放管控要求 项目挥发性有机
辅材 料为固态，常温条件下不会产生有机废气。因此项目符合区域布局管控要求。 （2）能源资源利用要求 项目属于C2929 塑料零件及其他塑料制品制造，不属于高能耗行业。项目生产设备能源使用电能，用水由市政供应，不直 接取用江河湖库，不会对项目所在地生态造成影响，符合能源利用要求 （3）污染物排放管控要求 项目挥发性有机物实行区域内两倍削减量替代，
外构筑物防护和城市道路交通标志(特殊功能要求的除外)基 本使用低VOCs 含量的涂料。 项目主要从事塑料制品的生产，属于C2929 塑 料零件及其他塑料制品制造，项目生产过程中不 涉及使用高VOCs 含量的原辅料。项目使用的塑 胶原料均属于低挥发性原辅材料。 符合 1.2 开展简易低效VOCs 治理设施清理整治。严格限制新改扩建",塑胶行业,报告“国民经济行业类别/分类”或相邻字段显示 C29/C292/塑料制品业相关。
148,PL157_佛山市顺德区兴致盛塑料制品有限公司重新报批项目_01_受理公告或公示版.pdf,E:\华南理工项目\环评文件汇总\01_GitHub项目与研究文档\eia-openclaw-sync-chen2026\05_QA测试集\人工核查_环评报告出处整理_20260715\环评报告文件_按问答顺序\PL157_佛山市顺德区兴致盛塑料制品有限公司重新报批项目_01_受理公告或公示版.pdf,.pdf,ok,"C2929塑料零件及其他
C2929 塑料零件及其他塑料
C2929 塑料零件及其他塑料制品制造，产品用
2929塑料零件及其他
2929 塑料零件及其他塑料
2929 塑料零件及其他塑料制品制造，产品用","村上涌大道7 号 地理坐标 （113 度10 分4.675 秒，22 度51 分44.007 秒） 国民经济 行业类别 C2929塑料零件及其他 塑料制品制造 建设项目 行业类别 二十六、橡胶和塑料制品 业-29 中53、塑料制品 业292-其他（年用非溶剂 型低VOCs 含量涂料10 吨 以下的除外） 建设性质 ☑新建（迁建）
用地，可用于工业生产，故本项目选址符合规划要求。 2. 与《环境保护综合名录（2021 年版）》的相符性分析 本项目属于塑料零件及其他塑料制品制造，主要生产各种净水 器塑料配件，不属于《环境保护综合名录（2021 年版）》中“高污 染、高环境风险”产品名录。 3. 与广东省发展改革委关于印发《广东省“两高”项目管理目 录（2022 年版）》的通
业，引入智能制造服务、电子商务、现代商贸流通产业， 重点建设环保产业基地、小家电产业基地和五金产业创业基地。 本项目属于C2929 塑料零件及其他塑料 制品制造，产品用于净水器组装，属于智 能家电产业。 符合 1-2.【产业/综合类】系统推进村级工业园升级改造，腾出连片空间，布局产业 集聚区和主题产业园，推动工业项目入园集聚发展
业，引入智能制造服务、电子商务、现 代商贸流通产业，重点建设环保产业基地、小家电产业基地和五金产业 创业基地 本项目属于C2929 塑料零件及其他塑料制品制造，产品用 于净水器组装，属于智能家电产业。 符 合 1-2.【产业/综合类】系统推进村级工业园升级改造，腾出连片空间，布 局产业集聚区和主题产业园，推动工业项目入园集聚发展
制造服务、电子商务、现 代商贸流通产业，重点建设环保产业基地、小家电产业基地和五金产业 创业基地 本项目属于C2929 塑料零件及其他塑料制品制造，产品用 于净水器组装，属于智能家电产业。 符 合 1-2.【产业/综合类】系统推进村级工业园升级改造，腾出连片空间，布 局产业集聚区和主题产业园，推动工业项目入园集聚发展。新增工业制 造业用地原则上
（中 【第24页】 19 华人民共和国生态环境部令第16 号，2021 年1 月1 日起实施），本项目属于“二 十六、橡胶和塑料制品业-29 中塑料制品业292-其他（年用非溶剂型低VOCs 含 量涂料10 吨以下的除外）” ，按要求编写环境影响评价报告表。 2.产品方案 根据建设单位提供的资料，本项目的产品产量见表2-1。 表2-",塑胶行业,报告“国民经济行业类别/分类”或相邻字段显示 C29/C292/塑料制品业相关。
149,PL158_佛山市顺德区壹德包装印刷有限公司迁扩建项目_01_受理公告或公示版.pdf,E:\华南理工项目\环评文件汇总\01_GitHub项目与研究文档\eia-openclaw-sync-chen2026\05_QA测试集\人工核查_环评报告出处整理_20260715\环评报告文件_按问答顺序\PL158_佛山市顺德区壹德包装印刷有限公司迁扩建项目_01_受理公告或公示版.pdf,.pdf,ok,"国民经济行业分类》（GB/4754-2017）中C2319 包装装潢及其他印刷、
C2921塑料薄膜制造，根据国家《产
C2921塑料薄膜制造，不属于《市场
C2921塑料薄膜制造，不涉及以上行业。因此，本项目建设与《佛山市大气环境质量达
C2921塑料薄膜制造，项目使用的溶剂型
C2921 塑料薄膜制造。","根据《建设项目环境 影响评价分类管理名录（2021 版）》（部令第16 号），项目属“二十六、橡胶和塑料 制品业29——塑料制品业292——以再生塑料为原料生产的；有电镀工艺的；年用溶剂 型胶粘剂10 吨及以上的；年用溶剂型涂料（含稀释剂）10 吨及以上的”，因此佛山市 顺德区壹德包装印刷有限公司迁扩建项目应编制环境影响报告书，
影响。 1.4 分析判定相关情况 1.4.1 与产业政策相符性分析 项目所属行业为C2319包装装潢及其他印刷、C2921塑料薄膜制造，根据国家《产 业结构调整指导目录（2024 年本）》的规定，项目不属于上述目录所列的鼓励类、限制 类和禁止（淘汰）类项目，项目属于允许类。 项目所属行业为C2319包装装潢及其他印刷、
1.4 分析判定相关情况 1.4.1 与产业政策相符性分析 项目所属行业为C2319包装装潢及其他印刷、C2921塑料薄膜制造，根据国家《产 业结构调整指导目录（2024 年本）》的规定，项目不属于上述目录所列的鼓励类、限制 类和禁止（淘汰）类项目，项目属于允许类。 项目所属行业为C2319包装装潢及其他印刷、C2921塑
属于上述目录所列的鼓励类、限制 类和禁止（淘汰）类项目，项目属于允许类。 项目所属行业为C2319包装装潢及其他印刷、C2921塑料薄膜制造，不属于《市场 准入负面清单（2022 年版）》所列，符合《市场准入负面清单（2022 年版）》的要求。 根据广东省发展改革委关于印发《广东省“两高”项目管理目录（2022 年版）》的通
录所列的鼓励类、限制 类和禁止（淘汰）类项目，项目属于允许类。 项目所属行业为C2319包装装潢及其他印刷、C2921塑料薄膜制造，不属于《市场 准入负面清单（2022 年版）》所列，符合《市场准入负面清单（2022 年版）》的要求。 根据广东省发展改革委关于印发《广东省“两高”项目管理目录（2022 年版）》的通 知（粤发改
、围垦湖泊、非法采砂等。 2-1 本项目不涉及 2-2 本项目不涉及 2-3 项目主要从事印刷和记录媒 介复制业、塑料制品业，不属于 高能耗行业。 2-4 项目使用的器械设备等均优 化选择节能节水产品。 2-5 项目为租赁厂房，不涉及新 增城市建设用地。 2-6 项目为租赁厂房，不占用水 域，不涉及侵占河道、围垦湖",塑胶行业,报告“国民经济行业类别/分类”或相邻字段显示 C29/C292/塑料制品业相关。
150,PL159_广东东梓数码新材料有限公司建设项目_01_受理公告或公示版.pdf,E:\华南理工项目\环评文件汇总\01_GitHub项目与研究文档\eia-openclaw-sync-chen2026\05_QA测试集\人工核查_环评报告出处整理_20260715\环评报告文件_按问答顺序\PL159_广东东梓数码新材料有限公司建设项目_01_受理公告或公示版.pdf,.pdf,ok,"C2921 塑料薄膜制造、B2239
C2921塑料薄膜制造、B2239其他纸制品制造，根据《产业
C2921 塑料薄膜制造、B2239 其他纸制品制造，
C2921 塑料薄膜制造、B2239 其他纸
C2921 塑料薄膜制造、
C2921 塑料薄膜制","栋802 室 地理坐标 东经113 度13 分55.60 秒，北纬22 度54 分40.15 秒 国民经济 行业类别 C2921 塑料薄膜制造、B2239 其他纸制品制造 建设项目 行业类别 二十六、橡胶和塑料制品业29 中的53 塑料制品业292-其他 （年用非溶剂型低VOCs 含量 涂料10 吨以下的除外） 十九、造纸和纸
室 地理坐标 东经113 度13 分55.60 秒，北纬22 度54 分40.15 秒 国民经济 行业类别 C2921 塑料薄膜制造、B2239 其他纸制品制造 建设项目 行业类别 二十六、橡胶和塑料制品业29 中的53 塑料制品业292-其他 （年用非溶剂型低VOCs 含量 涂料10 吨以下的除外） 十九、造纸和纸制品业22 中
分40.15 秒 国民经济 行业类别 C2921 塑料薄膜制造、B2239 其他纸制品制造 建设项目 行业类别 二十六、橡胶和塑料制品业29 中的53 塑料制品业292-其他 （年用非溶剂型低VOCs 含量 涂料10 吨以下的除外） 十九、造纸和纸制品业22 中的 38 纸制品制造223*-/ 建设性质 新建（迁建） 改建 扩建
类别 C2921 塑料薄膜制造、B2239 其他纸制品制造 建设项目 行业类别 二十六、橡胶和塑料制品业29 中的53 塑料制品业292-其他 （年用非溶剂型低VOCs 含量 涂料10 吨以下的除外） 十九、造纸和纸制品业22 中的 38 纸制品制造223*-/ 建设性质 新建（迁建） 改建 扩建 技术改造 建设项目 申
安全生产、工艺技术等特殊要求外，应一律安排进入开发区（产 业园区）生产建设”的要求。 2、与产业政策相符性分析 项目属于C2921塑料薄膜制造、B2239其他纸制品制造，根据《产业 结构调整指导目录（2019年本）》（2021年修改）的规定，项目不属于目 录所列的鼓励类、限制类、禁止（淘汰）类项目，属于允许类。根据《市 场准入负
工艺技术等特殊要求外，应一律安排进入开发区（产 业园区）生产建设”的要求。 2、与产业政策相符性分析 项目属于C2921塑料薄膜制造、B2239其他纸制品制造，根据《产业 结构调整指导目录（2019年本）》（2021年修改）的规定，项目不属于目 录所列的鼓励类、限制类、禁止（淘汰）类项目，属于允许类。根据《市 场准入负面清单（20",塑胶行业,报告“国民经济行业类别/分类”或相邻字段显示 C29/C292/塑料制品业相关。
151,PL160_佛山市顺德区德盈誉智能制造有限公司新建项目_01_受理公告或公示版.pdf,E:\华南理工项目\环评文件汇总\01_GitHub项目与研究文档\eia-openclaw-sync-chen2026\05_QA测试集\人工核查_环评报告出处整理_20260715\环评报告文件_按问答顺序\PL160_佛山市顺德区德盈誉智能制造有限公司新建项目_01_受理公告或公示版.pdf,.pdf,ok,"C2929 塑料零件及其塑料制品制造
C2929 塑料零件及其他塑料制品制造和C3525 模具制造，不在《产业结
C2929 塑料
C2929 塑料零件及其他塑料制品制造，根据《固定污染源排污许可分
2929 塑料零件及其塑料制品制造
2929 塑料零件及其他塑料制品制造和C3525 模具制造，不在《产业结","307 地理坐标 （东经113 度21 分16.3752 秒，北纬22 度48 分29.300秒） 国民经济 行业类别 C2929 塑料零件及其塑料制品制造 C3525 模具制造 建设项目 行业类别 二十六、橡胶和塑料制品业 29-53 塑料制品业292-其他（年 用非溶剂型低VOCs 含量涂料10 吨以下的除外） 三十二、专用
300秒） 国民经济 行业类别 C2929 塑料零件及其塑料制品制造 C3525 模具制造 建设项目 行业类别 二十六、橡胶和塑料制品业 29-53 塑料制品业292-其他（年 用非溶剂型低VOCs 含量涂料10 吨以下的除外） 三十二、专用设备制造业35-70 非金属加工专用设备制造353-其 他（仅分割、焊接、组装的除外； 年用非
C2929 塑料零件及其塑料制品制造 C3525 模具制造 建设项目 行业类别 二十六、橡胶和塑料制品业 29-53 塑料制品业292-其他（年 用非溶剂型低VOCs 含量涂料10 吨以下的除外） 三十二、专用设备制造业35-70 非金属加工专用设备制造353-其 他（仅分割、焊接、组装的除外； 年用非溶剂型低VOCs 含量涂
和国家鼓励发展的其他项目入园；优 先向外向型企业、规模效益型企业、科技型 企业、重点企业和产业链企业开放入园。 项目属于塑料制品业，不属 于园区严禁的三类工业和 严格限制的二类工业，不属 于鼓励类企业和优先类企 业。 符合 园区内企业必须保证其全部废水预处理达到 广东省地方标准《水污染物排放限值》 （DB44/26-2001）第
皆可依法 平等进入，项目不在市场准入负面清单禁止和许可两类项目范围内，可依法平等进入。 （2）产业政策相符性 本项目属于C2929 塑料零件及其他塑料制品制造和C3525 模具制造，不在《产业结 构调整指导目录（2019 年本）》（中华人民共和国国家发展和改革委员会令第29 号） 【第7页】 — 3 — 及其修改单、《国家发展
等进入，项目不在市场准入负面清单禁止和许可两类项目范围内，可依法平等进入。 （2）产业政策相符性 本项目属于C2929 塑料零件及其他塑料制品制造和C3525 模具制造，不在《产业结 构调整指导目录（2019 年本）》（中华人民共和国国家发展和改革委员会令第29 号） 【第7页】 — 3 — 及其修改单、《国家发展改革委关于修改<产业结构调整",塑胶行业,报告“国民经济行业类别/分类”或相邻字段显示 C29/C292/塑料制品业相关。
152,PL161_佛山市顺德区菱昌精密塑料五金实业有限公司新建项目_01_受理公告或公示版.pdf,E:\华南理工项目\环评文件汇总\01_GitHub项目与研究文档\eia-openclaw-sync-chen2026\05_QA测试集\人工核查_环评报告出处整理_20260715\环评报告文件_按问答顺序\PL161_佛山市顺德区菱昌精密塑料五金实业有限公司新建项目_01_受理公告或公示版.pdf,.pdf,ok,"C2929 塑料零件及其他塑
C2929 塑料零件及其他塑料制品制造，主要生产防水胶膜、
2929 塑料零件及其他塑
2929 塑料零件及其他塑料制品制造，主要生产防水胶膜、","9 号三层 地理坐标 东经113 度12 分25.300 秒，北纬22 度50 分33.238 秒 国民经济 行业类别 C2929 塑料零件及其他塑 料制品制造 建设项目 行业类别 “二十六、橡胶和塑料制品业 29”中“53 塑料制品业292” 的其他（年用非溶剂型低VOCs 含量涂料10 吨以下的除外） 建设性质 新建（迁建
度50 分33.238 秒 国民经济 行业类别 C2929 塑料零件及其他塑 料制品制造 建设项目 行业类别 “二十六、橡胶和塑料制品业 29”中“53 塑料制品业292” 的其他（年用非溶剂型低VOCs 含量涂料10 吨以下的除外） 建设性质 新建（迁建） 改建 扩建 技术改造 建设项目 申报情形 首次申报项目 不予批准
济 行业类别 C2929 塑料零件及其他塑 料制品制造 建设项目 行业类别 “二十六、橡胶和塑料制品业 29”中“53 塑料制品业292” 的其他（年用非溶剂型低VOCs 含量涂料10 吨以下的除外） 建设性质 新建（迁建） 改建 扩建 技术改造 建设项目 申报情形 首次申报项目 不予批准后再次申报项目 超五年重新
划为工业用地，符合规划要求。因此项 目选址合理。 2、项目与《环境保护综合名录》（2021 年版）相符性分析 本项目属于C2929 塑料零件及其他塑料制品制造，主要生产防水胶膜、 吸塑盒，项目不涉及《环境保护综合名录（2021 年版）》中的“高污染、高 环境风险”产品名录中的产品，符合《环境保护综合名录》（2021 年版）的 相
，符合规划要求。因此项 目选址合理。 2、项目与《环境保护综合名录》（2021 年版）相符性分析 本项目属于C2929 塑料零件及其他塑料制品制造，主要生产防水胶膜、 吸塑盒，项目不涉及《环境保护综合名录（2021 年版）》中的“高污染、高 环境风险”产品名录中的产品，符合《环境保护综合名录》（2021 年版）的 相关规定。 3、项目与广东省发
共和国生 态环境部令第16 号，2021 年1 月1 日起实施），本项目属于“二十六、橡胶和塑料 制品业29”中“53 塑料制品业292”的其他（年用非溶剂型低VOCs 含量涂料10 吨 以下的除外），按要求编写环境影响报告表。 2、工程组成 本项目建设性质为新建，根据项目房产证资料，项目生产车间所在的总高度为 28.02 米，",塑胶行业,报告“国民经济行业类别/分类”或相邻字段显示 C29/C292/塑料制品业相关。
153,PL162_广东创卓电器有限公司迁扩建项目_01_受理公告或公示版.pdf,E:\华南理工项目\环评文件汇总\01_GitHub项目与研究文档\eia-openclaw-sync-chen2026\05_QA测试集\人工核查_环评报告出处整理_20260715\环评报告文件_按问答顺序\PL162_广东创卓电器有限公司迁扩建项目_01_受理公告或公示版.pdf,.pdf,ok,"C2929 塑料零件及其他塑料
C2929 塑料零件
C2929
C2929 塑料
C2929 塑料零
C2929塑料零件","804 地理坐标 （ 113 度 12 分 5.547 秒， 22 度 45 分32.292 秒） 国民经济 行业类别 C2929 塑料零件及其他塑料 制品制造、C3854 家用厨房电 器 建设项目 行业类别 二十六、橡胶和塑料制品业 29，53、塑料制品业292 三十五、电器机械和器材制 造业38,77、家用电力器具制 造38
国民经济 行业类别 C2929 塑料零件及其他塑料 制品制造、C3854 家用厨房电 器 建设项目 行业类别 二十六、橡胶和塑料制品业 29，53、塑料制品业292 三十五、电器机械和器材制 造业38,77、家用电力器具制 造385 建设性质 新建（迁建） □改建 扩建 □技术改造 建设项目 申报情形 首次申报项目 □不予批准
9 塑料零件及其他塑料 制品制造、C3854 家用厨房电 器 建设项目 行业类别 二十六、橡胶和塑料制品业 29，53、塑料制品业292 三十五、电器机械和器材制 造业38,77、家用电力器具制 造385 建设性质 新建（迁建） □改建 扩建 □技术改造 建设项目 申报情形 首次申报项目 □不予批准后再次申报项目 超五年
性 1 引入产业应符合现行有效的《产 业结构调整指导目录》、《市场 准入负面清单》等相关产业政策 的要求。 本项目属于C2929 塑料零件 及其他塑料制品制造、C3854 家用厨房电器、C3854 家用厨 房电器，符合《产业结构调整 指导目录》、《市场准入负面 清单》等相关产业政策要求。 符合 2 禁止引入新增排放重点防控重
关管控 要求。 符合 其他符合性 分析 （1）产业政策相符性 本项目主要从事塑料家具配件及家用厨房电器的生产和销售，属于C2929 塑料零件及其他塑料制品制造、C3854 家用厨房电器。根据生态环境部办公室发 布的《环境保护综合名录（2021 年版）》，项目产品不属于上述目录所列出的 “高污染、高环境风险”产品。项目生产产品、生
。 符合 其他符合性 分析 （1）产业政策相符性 本项目主要从事塑料家具配件及家用厨房电器的生产和销售，属于C2929 塑料零件及其他塑料制品制造、C3854 家用厨房电器。根据生态环境部办公室发 布的《环境保护综合名录（2021 年版）》，项目产品不属于上述目录所列出的 “高污染、高环境风险”产品。项目生产产品、生产工艺和生产设备均不属于《产",塑胶行业,报告“国民经济行业类别/分类”或相邻字段显示 C29/C292/塑料制品业相关。
154,PL164_佛山市顺德区建德包装实业有限公司搬迁扩建项目_01_受理公告或公示版.pdf,E:\华南理工项目\环评文件汇总\01_GitHub项目与研究文档\eia-openclaw-sync-chen2026\05_QA测试集\人工核查_环评报告出处整理_20260715\环评报告文件_按问答顺序\PL164_佛山市顺德区建德包装实业有限公司搬迁扩建项目_01_受理公告或公示版.pdf,.pdf,ok,"C2921 塑料薄膜制造、C2319 包装装潢及其他印刷，塑料
C2921 塑
C2921 塑料薄膜制造、C2319 包装装潢及其他印刷，不属于高
C2921 塑料薄膜制造、C2319 包装装潢及其他印刷，生产
C2921
C2921 塑料薄膜制","9 印刷”中的“年用溶剂型油墨10 吨以上的”，需编制建设项目环境影响报告书；项目生产的塑料保护膜产品，属 于“二十六、橡胶和塑料制品业53 塑料制品业”中的“年用非溶剂型低VOC 含量 涂料10 吨以下的除外”，需编制建设项目环境影响报告表。综上，本项目需编制 建设项目环境影响报告书。 2、环境影响评价工作程序及过程 按照《建设项目
剂型油墨10 吨以上的”，需编制建设项目环境影响报告书；项目生产的塑料保护膜产品，属 于“二十六、橡胶和塑料制品业53 塑料制品业”中的“年用非溶剂型低VOC 含量 涂料10 吨以下的除外”，需编制建设项目环境影响报告表。综上，本项目需编制 建设项目环境影响报告书。 2、环境影响评价工作程序及过程 按照《建设项目环境影响评价技术
包装实业有限公司搬迁扩建项目环境影响报告书 6 3、项目建设合理合法性判定分析 （1）与产业政策相符性 本项目行业类别为C2921 塑料薄膜制造、C2319 包装装潢及其他印刷，塑料 保护膜厚度为0.02-0.12mm，大于0.015mm，项目不在国家《产业结构调整指导 目录（2024 年本）》、《珠江三角洲地区产业结构调整优化
公司搬迁扩建项目环境影响报告书 6 3、项目建设合理合法性判定分析 （1）与产业政策相符性 本项目行业类别为C2921 塑料薄膜制造、C2319 包装装潢及其他印刷，塑料 保护膜厚度为0.02-0.12mm，大于0.015mm，项目不在国家《产业结构调整指导 目录（2024 年本）》、《珠江三角洲地区产业结构调整优化和产业导向目录
排放。 符合 1.3 以地方标准形式制定重点行业VOCs 产生和 排放相关的评价指标，提高环境准入门槛 本项目行业类别为C2921 塑 料薄膜制造、C2319 包装装潢 及其他印刷，不属于文件所提 及的石油、化工、汽车制造、 家具及其他工业涂装行业 符合 1.4 对新建石油加工业、基础化学原料制造业、 涂料油墨颜料制造业等排放V
造业、 涂料油墨颜料制造业等排放VOCs 的生产型 行业，以及新建皮革及皮鞋制造业、人造板 制造业、家具制造业、印刷业、塑料制品业、 集装箱制造业、汽车制造与船舶制造业等排 放VOCs 的使用型行业，在建设项目环境影 响评价文件报批时，附项目VOCs 减排量来 源说明，按项目“点对点”总量调剂的方式， 落实新建项目VOCs 排放",塑胶行业,报告“国民经济行业类别/分类”或相邻字段显示 C29/C292/塑料制品业相关。
155,PL165_浙江宏昌电器科技股份有限公司佛山分公司新建项目_01_受理公告或公示版.pdf,E:\华南理工项目\环评文件汇总\01_GitHub项目与研究文档\eia-openclaw-sync-chen2026\05_QA测试集\人工核查_环评报告出处整理_20260715\环评报告文件_按问答顺序\PL165_浙江宏昌电器科技股份有限公司佛山分公司新建项目_01_受理公告或公示版.pdf,.pdf,ok,"C2929塑料零件及其他
C2929
C2929 塑料零
2929塑料零件及其他
2929
2929 塑料零","业中路13 号之二 地理坐标 （113 度8 分7.692 秒，22 度51 分15.058 秒） 国民经济 行业类别 C2929塑料零件及其他 塑料制品制造 建设项目 行业类别 二十六、橡胶和塑料制品 业-29 中53、塑料制品 业292-其他（年用非溶剂 型低VOCs 含量涂料10 吨 以下的除外） 建设性质 ☑新建（迁建）
目所在地用地性质为工 业用地，符合土地利用规划。 2. 与《环境保护综合名录（2021 年版）》的相符性分析 本项目属于塑料零件及其他塑料制品制造，主要生产洗衣机储 水槽塑料模块，不属于《环境保护综合名录（2021 年版）》中“高 污染、高环境风险”产品名录。 3. 与广东省发展改革委关于印发《广东省“两高”项目管理目 录（2022 年版）》的
引入智能制 造服务、电子商务、现代商贸流通产业， 重点建设环保产业基地、小家电产业基 地和五金产业创业基地。 本项目属于C2929 塑料零件及其他塑 料制品制造，产品用 于洗衣机组装，属于 智能家电产业。 符 合 1-2.【产业/综合类】系统推进村级工业 园升级改造，腾出连片空间，布局产业 集聚区和主题产业园，推动工业项目入 园
，引入智能制造服务、 电子商务、现代商贸流通产业， 重点建设环保产业基地、小家电 产业基地和五金产业创业基地 本项目属于C2929 塑料零 件及其他塑料制品制造， 产品用于洗衣机组装，属 于智能家电产业。 符 合 1-2.【产业/综合类】系统推进村 级工业园升级改造，腾出连片空 间，布局产业集聚区和主题产业 园，推动工业项目入园
管理名录2021 版》（中 华人民共和国生态环境部令第16 号，2021 年1 月1 日起实施），本项目属于“二 十六、橡胶和塑料制品业-29 中塑料制品业292-其他（年用非溶剂型低VOCs 含 量涂料10 吨以下的除外）” ，按要求编写环境影响报告表。 2.产品方案 根据建设单位提供的资料，本项目的产品产量见表2-1。 表2-1
华人民共和国生态环境部令第16 号，2021 年1 月1 日起实施），本项目属于“二 十六、橡胶和塑料制品业-29 中塑料制品业292-其他（年用非溶剂型低VOCs 含 量涂料10 吨以下的除外）” ，按要求编写环境影响报告表。 2.产品方案 根据建设单位提供的资料，本项目的产品产量见表2-1。 表2-1 产品产能一览表 产品",塑胶行业,报告“国民经济行业类别/分类”或相邻字段显示 C29/C292/塑料制品业相关。
156,PL166_佛山市智枞电器制造有限公司扩建项目_01_受理公告或公示版.pdf,E:\华南理工项目\环评文件汇总\01_GitHub项目与研究文档\eia-openclaw-sync-chen2026\05_QA测试集\人工核查_环评报告出处整理_20260715\环评报告文件_按问答顺序\PL166_佛山市智枞电器制造有限公司扩建项目_01_受理公告或公示版.pdf,.pdf,ok,"C2929 塑料零件及其他塑
C2929 塑料零件及其他塑料制品制造和C3525 模具制
2929 塑料零件及其他塑
2929 塑料零件及其他塑料制品制造和C3525 模具制
2929塑料零件及其","707 地理坐标 东经：113 度12 分55.103 秒，北纬：22 度48 分53.067 秒 国民经济 行业类别 C2929 塑料零件及其他塑 料制品制造 C3525模具制造 建设项目 行业类别 二十六、橡胶和塑料制品业 29—53 塑料制品业292—其 他（年用非溶剂型低VOCs 含量涂料10 吨以下的除外） 三十二、专
67 秒 国民经济 行业类别 C2929 塑料零件及其他塑 料制品制造 C3525模具制造 建设项目 行业类别 二十六、橡胶和塑料制品业 29—53 塑料制品业292—其 他（年用非溶剂型低VOCs 含量涂料10 吨以下的除外） 三十二、专用设备制造业35 —70 化工、木材、非金属加 工专用设备制造352—其他 （仅分割、焊接、组装
C2929 塑料零件及其他塑 料制品制造 C3525模具制造 建设项目 行业类别 二十六、橡胶和塑料制品业 29—53 塑料制品业292—其 他（年用非溶剂型低VOCs 含量涂料10 吨以下的除外） 三十二、专用设备制造业35 —70 化工、木材、非金属加 工专用设备制造352—其他 （仅分割、焊接、组装的除 外；年用非溶剂型低
境影响 评价情况 无 规划及规划环境 影响评价符合性 分析 无 其他符合性分析 1、与产业政策符合性分析 项目所属行业为C2929 塑料零件及其他塑料制品制造和C3525 模具制 造，根据《产业结构调整指导目录（2024 年本）》，项目不属于限制类、 淘汰类。综上所述，项目符合国家、广东省的产业政策要求。 根据《市场准入负面清单
情况 无 规划及规划环境 影响评价符合性 分析 无 其他符合性分析 1、与产业政策符合性分析 项目所属行业为C2929 塑料零件及其他塑料制品制造和C3525 模具制 造，根据《产业结构调整指导目录（2024 年本）》，项目不属于限制类、 淘汰类。综上所述，项目符合国家、广东省的产业政策要求。 根据《市场准入负面清单（2022 年版）》的规定，
（沪 环保总[2017]70号）中“表 1-4主要塑料制品制造工 《排放源统计调查产排污 核算方法和系数手册》 —292塑料制品业系数手 册中2929塑料零件及其 他塑料制品制造行业系数 / 【第32页】 27 序产污系数”，“射出成型 制造”：2.885千克/吨 表，挥发性有机物产污系 数为2.70千克/吨-产品 收集效率",塑胶行业,报告“国民经济行业类别/分类”或相邻字段显示 C29/C292/塑料制品业相关。
157,PL167_广东图特精密五金科技股份有限公司智能制造基地建设项目重新报_01_受理公告或公示版.pdf,E:\华南理工项目\环评文件汇总\01_GitHub项目与研究文档\eia-openclaw-sync-chen2026\05_QA测试集\人工核查_环评报告出处整理_20260715\环评报告文件_按问答顺序\PL167_广东图特精密五金科技股份有限公司智能制造基地建设项目重新报_01_受理公告或公示版.pdf,.pdf,ok,"C2929 塑料零件及
C2929 塑料零
C2929 塑料零件及其他塑料制品制造，本项目大气污染因子主要是颗粒
2929 塑料零件及
2929 塑料零件及其他塑料制品制造行业系数表-塑
2929 塑料零件机其他塑料制品制造行业系数中-塑料零件未对混料、","754 秒，北纬：22 度50 分39.934 秒 国民经济 行业类别 C3351 建筑、家具 用金属配件制造； C2929 塑料零件及 其他塑料制品制 造 建设项目 行业类别 三十、金属制品业-66 建筑、 安全用煎制品制造335-其他 二十六、橡胶和塑料制品业 -53 塑料制品业292-其他 建设性质 新
其他塑料制品制 造 建设项目 行业类别 三十、金属制品业-66 建筑、 安全用煎制品制造335-其他 二十六、橡胶和塑料制品业 -53 塑料制品业292-其他 建设性质 新建（迁建） 改建 扩建 技术改造 建设项目 申报情形 首次申报项目 不予批准后再次申报项目 超
设项目 行业类别 三十、金属制品业-66 建筑、 安全用煎制品制造335-其他 二十六、橡胶和塑料制品业 -53 塑料制品业292-其他 建设性质 新建（迁建） 改建 扩建 技术改造 建设项目 申报情形 首次申报项目 不予批准后再次申报项目 超五年重新审核项目
改革委员会令 第7 号）， 项目属于允许类。因此，本项目的建设符合国家和地方的相关产 业政策。 本项目属于金属制品业、塑料制品业，年产缓冲铰链5 亿个、 移门及配件1000 万套、滑轨1750 万套、衣（橱）柜收纳系统400 万套。不属于《环境保护综合名录（2021 年版）》“高污染、高 环境风险”、“高环境风险”产品名录内的
。 1-3 距离项目最近的敏 感点为众涌村，距离为 70 米，对众涌村影响不 大。 1-4 本项目属于金属制 品业、塑料制品业，项 目生活污水经三级化粪 池预处理达标后汇入市 政污水管网排入勒流生 符合 【第12页】 7 块内的工业用地或企业与村庄、学校等 环境敏感点之间应设置合理的大气环 境防护距离，并通过绿
破坏生态的岸线利用行为和不 符合其功能定位的开发建设活动，严禁 以各种名义侵占河道、围垦湖泊、非法 采砂等。 制品业、塑料制品业， 不属于高能耗行业。 2-4 项目使用的器械设 备等均优化选择节能节 水产品。 2-5 项目新建厂房，符合 当地城市建设规划，土 地利用效率高。 2-6 项目新建厂房，不占 用水域，不涉及侵占",塑胶行业,报告“国民经济行业类别/分类”或相邻字段显示 C29/C292/塑料制品业相关。
158,SC001_128_佛山市全海世家新材料科技有限公司新建项目_01_报批稿或报告表.docx,E:\华南理工项目\环评文件汇总\01_GitHub项目与研究文档\eia-openclaw-sync-chen2026\05_QA测试集\人工核查_环评报告出处整理_20260715\环评报告文件_按问答顺序\SC001_128_佛山市全海世家新材料科技有限公司新建项目_01_报批稿或报告表.docx,.docx,ok,"C2922塑料板、管、型材制造及C2929塑料零件及其他塑料制品制造 | 建设项目 行业类别 | 二十六、橡胶和塑料制品业29-53塑料制品业292-其他（年用非溶剂型低VOCs含量涂料10吨以下的除外）
C2922塑料板、管、型材制造及C2929塑料零件及其他塑料制品制造，不属于《产业结构调整指导目录（2024年本）》中鼓励类、限制类及淘汰类项目，属于允许类项目；不属于《市场准入负面清单（2022年版）》所列项
C2922塑料板、管、型材制造及C2929塑料零件及其他塑料制品制造，不涉及通用工序重点、简化管理，根据《排污单位自行监测技术指南 橡胶和塑料制品》（HJ1207-2021），本项目废气排放口属于一般排放口，运
C2922塑料板、管、型材制造及C2929塑料零件及其他塑料制品制造，根据《农用地土壤污染状况详查点位布设技术规定》附件1土壤重点污染源周边影响区范围，本项目不在土壤重点污染源周边影响区范围内，本项目大气污染因
2922塑料板、管、型材制造及C2929塑料零件及其他塑料制品制造 | 建设项目 行业类别 | 二十六、橡胶和塑料制品业29-53塑料制品业292-其他（年用非溶剂型低VOCs含量涂料10吨以下的除外）
2922塑料板、管、型材制造及C2929塑料零件及其他塑料制品制造，不属于《产业结构调整指导目录（2024年本）》中鼓励类、限制类及淘汰类项目，属于允许类项目；不属于《市场准入负面清单（2022年版）》所列项","，东经113度8分20.16秒 | 北纬22度50分58.21秒，东经113度8分20.16秒 国民经济 行业类别 | C2922塑料板、管、型材制造及C2929塑料零件及其他塑料制品制造 | 建设项目 行业类别 | 二十六、橡胶和塑料制品业29-53塑料制品业292-其他（年用非溶剂型低VOCs含量涂料10吨以下的除外） 建设
3度8分20.16秒 | 北纬22度50分58.21秒，东经113度8分20.16秒 国民经济 行业类别 | C2922塑料板、管、型材制造及C2929塑料零件及其他塑料制品制造 | 建设项目 行业类别 | 二十六、橡胶和塑料制品业29-53塑料制品业292-其他（年用非溶剂型低VOCs含量涂料10吨以下的除外） 建设性质 | 新建（迁建
| 北纬22度50分58.21秒，东经113度8分20.16秒 国民经济 行业类别 | C2922塑料板、管、型材制造及C2929塑料零件及其他塑料制品制造 | 建设项目 行业类别 | 二十六、橡胶和塑料制品业29-53塑料制品业292-其他（年用非溶剂型低VOCs含量涂料10吨以下的除外） 建设性质 | 新建（迁建） □改建
2度50分58.21秒，东经113度8分20.16秒 国民经济 行业类别 | C2922塑料板、管、型材制造及C2929塑料零件及其他塑料制品制造 | 建设项目 行业类别 | 二十六、橡胶和塑料制品业29-53塑料制品业292-其他（年用非溶剂型低VOCs含量涂料10吨以下的除外） 建设性质 | 新建（迁建） □改建 □扩建 □技术改造 | 建
行业类别 | C2922塑料板、管、型材制造及C2929塑料零件及其他塑料制品制造 | 建设项目 行业类别 | 二十六、橡胶和塑料制品业29-53塑料制品业292-其他（年用非溶剂型低VOCs含量涂料10吨以下的除外） 建设性质 | 新建（迁建） □改建 □扩建 □技术改造 | 建设项目 申报情形 | 首次申报项目 不予批准后再次申报
料板、管、型材制造及C2929塑料零件及其他塑料制品制造 | 建设项目 行业类别 | 二十六、橡胶和塑料制品业29-53塑料制品业292-其他（年用非溶剂型低VOCs含量涂料10吨以下的除外） 建设性质 | 新建（迁建） □改建 □扩建 □技术改造 | 建设项目 申报情形 | 首次申报项目 不予批准后再次申报项目 超五年重新审核",塑胶行业,报告“国民经济行业类别/分类”或相邻字段显示 C29/C292/塑料制品业相关。
159,SC002_128_佛山市全海世家新材料科技有限公司新建项目_02_报批稿或报告表.pdf,E:\华南理工项目\环评文件汇总\01_GitHub项目与研究文档\eia-openclaw-sync-chen2026\05_QA测试集\人工核查_环评报告出处整理_20260715\环评报告文件_按问答顺序\SC002_128_佛山市全海世家新材料科技有限公司新建项目_02_报批稿或报告表.pdf,.pdf,ok,"C2922 塑料板、管、型
C2929 塑料
C2922 塑料板、管、型材制造及C2929 塑料零件及其他
C2922 塑料
C2922 塑料板、管、型材制造及C2929 塑料零件
C2922 塑料板、管、型材","路5 号首层之五 地理坐标 北纬22 度50 分58.21 秒，东经113 度8 分20.16 秒 国民经济 行业类别 C2922 塑料板、管、型 材制造及C2929 塑料 零件及其他塑料制品 制造 建设项目 行业类别 二十六、橡胶和塑料制品业 29-53 塑料制品业292-其他 （年用非溶剂型低VOCs 含 量涂料10 吨以下
度50 分58.21 秒，东经113 度8 分20.16 秒 国民经济 行业类别 C2922 塑料板、管、型 材制造及C2929 塑料 零件及其他塑料制品 制造 建设项目 行业类别 二十六、橡胶和塑料制品业 29-53 塑料制品业292-其他 （年用非溶剂型低VOCs 含 量涂料10 吨以下的除外） 建设性质 新建（迁建）
行业类别 C2922 塑料板、管、型 材制造及C2929 塑料 零件及其他塑料制品 制造 建设项目 行业类别 二十六、橡胶和塑料制品业 29-53 塑料制品业292-其他 （年用非溶剂型低VOCs 含 量涂料10 吨以下的除外） 建设性质 新建（迁建） □改建 □扩建 □技术改造 建设项目 申报情形 首次申报项目 不予批准后再
、管、型 材制造及C2929 塑料 零件及其他塑料制品 制造 建设项目 行业类别 二十六、橡胶和塑料制品业 29-53 塑料制品业292-其他 （年用非溶剂型低VOCs 含 量涂料10 吨以下的除外） 建设性质 新建（迁建） □改建 □扩建 □技术改造 建设项目 申报情形 首次申报项目 不予批准后再次申报项目 超五年重新
政策相符性分析 《产业结构调整指导目录（2024 年本）》、《市场准入负面清单（2022 年版）》相符性分析 本项目属于C2922 塑料板、管、型材制造及C2929 塑料零件及其他 塑料制品制造，不属于《产业结构调整指导目录（2024 年本）》中鼓励 类、限制类及淘汰类项目，属于允许类项目；不属于《市场准入负面清 单（2022
析 《产业结构调整指导目录（2024 年本）》、《市场准入负面清单（2022 年版）》相符性分析 本项目属于C2922 塑料板、管、型材制造及C2929 塑料零件及其他 塑料制品制造，不属于《产业结构调整指导目录（2024 年本）》中鼓励 类、限制类及淘汰类项目，属于允许类项目；不属于《市场准入负面清 单（2022 年版）》所列项目，故本",塑胶行业,报告“国民经济行业类别/分类”或相邻字段显示 C29/C292/塑料制品业相关。
160,SC003_128_佛山市全海世家新材料科技有限公司新建项目_03_报批稿或报告表.pdf,E:\华南理工项目\环评文件汇总\01_GitHub项目与研究文档\eia-openclaw-sync-chen2026\05_QA测试集\人工核查_环评报告出处整理_20260715\环评报告文件_按问答顺序\SC003_128_佛山市全海世家新材料科技有限公司新建项目_03_报批稿或报告表.pdf,.pdf,empty_or_unreadable,,,无法判断,文件未能读取正文，需人工打开确认。
161,SC004_129_佛山辰僖塑料有限公司新建项目_01_报批稿或报告表.docx,E:\华南理工项目\环评文件汇总\01_GitHub项目与研究文档\eia-openclaw-sync-chen2026\05_QA测试集\人工核查_环评报告出处整理_20260715\环评报告文件_按问答顺序\SC004_129_佛山辰僖塑料有限公司新建项目_01_报批稿或报告表.docx,.docx,ok,"C2926 塑料包装箱及容器制造 | 建设项目 行业类别 | 二十六、橡胶和塑料制品业29—53.塑料制品业292—其他（年用非溶剂型低VOCs含量涂料10吨以下的除外） | 建设性质 | 新建（迁建） 改建
C2926 塑料包装箱及容器制造。 1-2.项目位于工业区内，属于产业集聚区。 1-3.项目位于大气环境受体敏感重点管控区内，不属于新建使用溶剂型涂料、清洗剂等高挥发性有机物原辅材料项目（工业酒精除外）。 1-
C2926 塑料包装箱及容器制造。 1-2.项目位于工业区内，属于产业集聚区。 1-3.项目位于佛山市顺德区容桂街道华口社区华发路33号领潮制造园1栋202室之一，距离项目最近的敏感点为华口居民区，距离为87.
C2926 塑料包装箱及容器制造，根据《固定污染源排污许可分类管理名录（2019版）》，项目属于登记管理。根据《排污单位自行监测技术指南 印刷工业》（HJ 1246—2022）、《排污单位自行监测技术指南 橡胶
2926 塑料包装箱及容器制造 | 建设项目 行业类别 | 二十六、橡胶和塑料制品业29—53.塑料制品业292—其他（年用非溶剂型低VOCs含量涂料10吨以下的除外） | 建设性质 | 新建（迁建） 改建
2926 塑料包装箱及容器制造。 1-2.项目位于工业区内，属于产业集聚区。 1-3.项目位于大气环境受体敏感重点管控区内，不属于新建使用溶剂型涂料、清洗剂等高挥发性有机物原辅材料项目（工业酒精除外）。 1-","地理坐标 | （北纬 22°45'20.1034""，东经 113°19'23.1028""） | 国民经济 行业类别 | C2926 塑料包装箱及容器制造 | 建设项目 行业类别 | 二十六、橡胶和塑料制品业29—53.塑料制品业292—其他（年用非溶剂型低VOCs含量涂料10吨以下的除外） | 建设性质 | 新建（迁建） 改建
（北纬 22°45'20.1034""，东经 113°19'23.1028""） | 国民经济 行业类别 | C2926 塑料包装箱及容器制造 | 建设项目 行业类别 | 二十六、橡胶和塑料制品业29—53.塑料制品业292—其他（年用非溶剂型低VOCs含量涂料10吨以下的除外） | 建设性质 | 新建（迁建） 改建 扩建 技术改造 | 建
'23.1028""） | 国民经济 行业类别 | C2926 塑料包装箱及容器制造 | 建设项目 行业类别 | 二十六、橡胶和塑料制品业29—53.塑料制品业292—其他（年用非溶剂型低VOCs含量涂料10吨以下的除外） | 建设性质 | 新建（迁建） 改建 扩建 技术改造 | 建设项目 申报情形 | 首次申报项目 不予批准后再次申报
民经济 行业类别 | C2926 塑料包装箱及容器制造 | 建设项目 行业类别 | 二十六、橡胶和塑料制品业29—53.塑料制品业292—其他（年用非溶剂型低VOCs含量涂料10吨以下的除外） | 建设性质 | 新建（迁建） 改建 扩建 技术改造 | 建设项目 申报情形 | 首次申报项目 不予批准后再次申报项目 超五年重新审核项
及以上重点项目除外），应进入以此类项目为主导产业、有相应废水集中治理设施的工业园区，实现集中治污。 | 1-1.项目属于C2926 塑料包装箱及容器制造。 1-2.项目位于工业区内，属于产业集聚区。 1-3.项目位于大气环境受体敏感重点管控区内，不属于新建使用溶剂型涂料、清洗剂等高挥发性有机物原辅材料项目（工业酒精除外）。 1-
目除外），应进入以此类项目为主导产业、有相应废水集中治理设施的工业园区，实现集中治污。 | 1-1.项目属于C2926 塑料包装箱及容器制造。 1-2.项目位于工业区内，属于产业集聚区。 1-3.项目位于大气环境受体敏感重点管控区内，不属于新建使用溶剂型涂料、清洗剂等高挥发性有机物原辅材料项目（工业酒精除外）。 1-4.项目所在地位于大气",塑胶行业,报告“国民经济行业类别/分类”或相邻字段显示 C29/C292/塑料制品业相关。
162,SC005_129_佛山辰僖塑料有限公司新建项目_02_报批稿或报告表.pdf,E:\华南理工项目\环评文件汇总\01_GitHub项目与研究文档\eia-openclaw-sync-chen2026\05_QA测试集\人工核查_环评报告出处整理_20260715\环评报告文件_按问答顺序\SC005_129_佛山辰僖塑料有限公司新建项目_02_报批稿或报告表.pdf,.pdf,ok,"C2926 塑料包装箱及
C2926 塑
C2926 塑料包装箱及容器制造，根据《固定污染源排污
2926 塑料包装箱及
2926 塑
2926 塑料包装箱及容器制造行业系数表”的产污系数2.70kg/t－产品来计算项目注塑、吹瓶过","202 室之一 地理坐标 （北纬22°45'20.1034""，东经113°19'23.1028""） 国民经济 行业类别 C2926 塑料包装箱及 容器制造 建设项目 行业类别 二十六、橡胶和塑料制品业 29—53.塑料制品业292—其他 （年用非溶剂型低VOCs 含量涂 料10 吨以下的除外） 建设性质 新建（迁建） 改建
经113°19'23.1028""） 国民经济 行业类别 C2926 塑料包装箱及 容器制造 建设项目 行业类别 二十六、橡胶和塑料制品业 29—53.塑料制品业292—其他 （年用非溶剂型低VOCs 含量涂 料10 吨以下的除外） 建设性质 新建（迁建） 改建 扩建 技术改造 建设项目 申报情形 首次申报项目 不予批准后再
""） 国民经济 行业类别 C2926 塑料包装箱及 容器制造 建设项目 行业类别 二十六、橡胶和塑料制品业 29—53.塑料制品业292—其他 （年用非溶剂型低VOCs 含量涂 料10 吨以下的除外） 建设性质 新建（迁建） 改建 扩建 技术改造 建设项目 申报情形 首次申报项目 不予批准后再次申报项目 超五年重新
以上重点项目 除外），应进入以此类项目为主导产业、有 相应废水集中治理设施的工业园区，实现集 中治污。 1-1.项目属于C2926 塑 料包装箱及容器制造。 1-2. 项目位于工业区 内，属于产业集聚区。 1-3.项目位于大气环境 受体敏感重点管控区 内，不属于新建使用溶 剂型涂料、清洗剂等高 挥发性有机物原辅材料 项目（工业酒
地的新建与改造。 1-3.【产业/综合类】产业聚集区所属地块内 的工业用地或企业与村庄、学校等环境敏感 1-1.项目属于C2926 塑 料包装箱及容器制造。 1-2.项目位于工业区 内，属于产业集聚区。 1-3.项目位于佛山市顺 德区容桂街道华口社区 华发路33 号领潮制造 园1 栋202 室之一，距 离项目最近的敏感点为 华口
的意见。 符合 7.关于印发《广东省涉挥发性有机物（VOCs）重点行业治理指引》的通知（粤环办〔2021〕 43 号）－橡胶和塑料制品业VOCs 治理指引 7.1 过程控制：VOCs 物料应储存于密闭的容 器、包装袋、储罐、储库、料仓中；2、盛 装VOCs 物料的容器是否存放于室内，或 存放于设置有雨棚、遮阳和防渗设施的专 用场地。盛",塑胶行业,报告“国民经济行业类别/分类”或相邻字段显示 C29/C292/塑料制品业相关。
163,SC006_129_佛山辰僖塑料有限公司新建项目_03_报批稿或报告表.docx,E:\华南理工项目\环评文件汇总\01_GitHub项目与研究文档\eia-openclaw-sync-chen2026\05_QA测试集\人工核查_环评报告出处整理_20260715\环评报告文件_按问答顺序\SC006_129_佛山辰僖塑料有限公司新建项目_03_报批稿或报告表.docx,.docx,ok,,"评价评审评分表 （环评报告表编制） 受考核环评持证单位： 佛山顺德醴泉环境技术有限公司 环评单位承担项目名称： 佛山辰僖塑料有限公司新建项目 评审考核人： 刘耀 评审时间： 2024 年6月10日 建设项目环境影响报告评审表 一、项目概况 佛山辰僖塑料有限公司新建项目位于佛山市顺德区容桂街道华口社区华发路33号领潮制造园1
公司新建项目 评审考核人： 刘耀 评审时间： 2024 年6月10日 建设项目环境影响报告评审表 一、项目概况 佛山辰僖塑料有限公司新建项目位于佛山市顺德区容桂街道华口社区华发路33号领潮制造园1栋202室之一，租用已建厂房进行建设，总建筑面积为1028.18平方米，项目主要建设内容包括注塑、吹瓶车间、丝印、固化、过火车间
社区华发路33号领潮制造园1栋202室之一，租用已建厂房进行建设，总建筑面积为1028.18平方米，项目主要建设内容包括注塑、吹瓶车间、丝印、固化、过火车间、仓库、办公室等，并配套废气处理设施及危险废物暂存间等环保工程。项目通过注塑、吹瓶、过火、丝印、固化等工序年生产塑料瓶350万个、塑料盖350万套（折合486.5吨/年
建设内容包括注塑、吹瓶车间、丝印、固化、过火车间、仓库、办公室等，并配套废气处理设施及危险废物暂存间等环保工程。项目通过注塑、吹瓶、过火、丝印、固化等工序年生产塑料瓶350万个、塑料盖350万套（折合486.5吨/年）。项目劳动定员50人（均不在厂内食宿），年工作时间300天，每天工作8小时。项目总投资为100万元。 二、
过火车间、仓库、办公室等，并配套废气处理设施及危险废物暂存间等环保工程。项目通过注塑、吹瓶、过火、丝印、固化等工序年生产塑料瓶350万个、塑料盖350万套（折合486.5吨/年）。项目劳动定员50人（均不在厂内食宿），年工作时间300天，每天工作8小时。项目总投资为100万元。 二、拟采取的环保措施及主要环境影响 （一）水
公室等，并配套废气处理设施及危险废物暂存间等环保工程。项目通过注塑、吹瓶、过火、丝印、固化等工序年生产塑料瓶350万个、塑料盖350万套（折合486.5吨/年）。项目劳动定员50人（均不在厂内食宿），年工作时间300天，每天工作8小时。项目总投资为100万元。 二、拟采取的环保措施及主要环境影响 （一）水污染防治措施及主要",疑似塑胶行业_待复核,未定位行业字段，但正文多处出现塑料/注塑/吹膜等关键词，建议人工复核。
164,SC007_129_佛山辰僖塑料有限公司新建项目_04_报批稿或报告表.pdf,E:\华南理工项目\环评文件汇总\01_GitHub项目与研究文档\eia-openclaw-sync-chen2026\05_QA测试集\人工核查_环评报告出处整理_20260715\环评报告文件_按问答顺序\SC007_129_佛山辰僖塑料有限公司新建项目_04_报批稿或报告表.pdf,.pdf,empty_or_unreadable,,,无法判断,文件未能读取正文，需人工打开确认。
165,SC008_130_和默化学(佛山)有限公司新建项目_01_报批稿或报告表.docx,E:\华南理工项目\环评文件汇总\01_GitHub项目与研究文档\eia-openclaw-sync-chen2026\05_QA测试集\人工核查_环评报告出处整理_20260715\环评报告文件_按问答顺序\SC008_130_和默化学(佛山)有限公司新建项目_01_报批稿或报告表.docx,.docx,ok,"C2922塑料板、管、型材制造 | 建设项目 行业类别 | 二十六、橡胶和塑料制品业29—53.塑料制品业292—其他（年用非溶剂型低VOCs含量涂料10吨以下的除外）
2922塑料板、管、型材制造 | 建设项目 行业类别 | 二十六、橡胶和塑料制品业29—53.塑料制品业292—其他（年用非溶剂型低VOCs含量涂料10吨以下的除外）
2922塑料板、管、型材制造行业系数表”的颗粒物产污系数6千克/吨－产品。已知产品重量=28+25.5+48=101.5t/a，则粉尘产生量为0.609t/a。混料粉尘经设备直连收集后通过布袋除尘装置+活性炭
2926 塑料包装箱及容器制造行业注塑工段的产污系数。且2926行业系数表中，原料主要为树脂、助剂；本项目所使用的浇注工序的原料为环氧树脂、甲基四氢邻苯二甲酸酐，两者具有高度相似性；因此参照《排放源统计调查产
2926 塑料包装箱及容器制造行业排放系数2.7kg/t－产品计算产生的非甲烷总烃。已知产品重量为101.5t/a ，则非甲烷总烃产生量为0.2741t/a。 项目混料、压模、浇注、烘干废气经设备直连收集后通","2°45'25.3080"" | E113°19'2.8560""，N22°45'25.3080"" 国民经济 行业类别 | C2922塑料板、管、型材制造 | 建设项目 行业类别 | 二十六、橡胶和塑料制品业29—53.塑料制品业292—其他（年用非溶剂型低VOCs含量涂料10吨以下的除外） 建设性质 | 新建（迁建） □改建 扩建
25.3080"" | E113°19'2.8560""，N22°45'25.3080"" 国民经济 行业类别 | C2922塑料板、管、型材制造 | 建设项目 行业类别 | 二十六、橡胶和塑料制品业29—53.塑料制品业292—其他（年用非溶剂型低VOCs含量涂料10吨以下的除外） 建设性质 | 新建（迁建） □改建 扩建 □技术改造 | 建
2°45'25.3080"" 国民经济 行业类别 | C2922塑料板、管、型材制造 | 建设项目 行业类别 | 二十六、橡胶和塑料制品业29—53.塑料制品业292—其他（年用非溶剂型低VOCs含量涂料10吨以下的除外） 建设性质 | 新建（迁建） □改建 扩建 □技术改造 | 建设项目 申报情形 | 首次申报项目 □不予批准后再次申
国民经济 行业类别 | C2922塑料板、管、型材制造 | 建设项目 行业类别 | 二十六、橡胶和塑料制品业29—53.塑料制品业292—其他（年用非溶剂型低VOCs含量涂料10吨以下的除外） 建设性质 | 新建（迁建） □改建 扩建 □技术改造 | 建设项目 申报情形 | 首次申报项目 □不予批准后再次申报项目 超五年重新审核
；臭气浓度。 （1）切割、机加工粉尘 项目在切割、CNC机加工的过程中会产生极少量的粉尘，污染因子为颗粒物。由于项目属于塑料制品业，在塑料制品业中无相关的切割、CNC机加工工序等产污系数；同时本项目切割、CNC机加工工序产生的颗粒物为塑料粉尘，因此参考《排放源统计调查产排污核算方法和系数手册-42废弃资源综合利用行业系数手册》中
（1）切割、机加工粉尘 项目在切割、CNC机加工的过程中会产生极少量的粉尘，污染因子为颗粒物。由于项目属于塑料制品业，在塑料制品业中无相关的切割、CNC机加工工序等产污系数；同时本项目切割、CNC机加工工序产生的颗粒物为塑料粉尘，因此参考《排放源统计调查产排污核算方法和系数手册-42废弃资源综合利用行业系数手册》中4220非金属",塑胶行业,报告“国民经济行业类别/分类”或相邻字段显示 C29/C292/塑料制品业相关。
166,SC009_130_和默化学(佛山)有限公司新建项目_02_报批稿或报告表.pdf,E:\华南理工项目\环评文件汇总\01_GitHub项目与研究文档\eia-openclaw-sync-chen2026\05_QA测试集\人工核查_环评报告出处整理_20260715\环评报告文件_按问答顺序\SC009_130_和默化学(佛山)有限公司新建项目_02_报批稿或报告表.pdf,.pdf,ok,"C2922 塑料板、管、型材制造
C2922 塑料板、管、型材制造，根据国
C2922 塑
C2922塑料
2922 塑料板、管、型材制造
2922 塑料板、管、型材制造，根据国","路7 号B 栋5 楼之一 地理坐标 E113°19'2.8560""，N22°45'25.3080"" 国民经济 行业类别 C2922 塑料板、管、型材制造 建设项目 行业类别 二十六、橡胶和塑料制品业 29—53.塑料制品业292—其 他（年用非溶剂型低VOCs 含量涂料10 吨以下的除外） 建设性质 新建（迁建） □改建 扩
栋5 楼之一 地理坐标 E113°19'2.8560""，N22°45'25.3080"" 国民经济 行业类别 C2922 塑料板、管、型材制造 建设项目 行业类别 二十六、橡胶和塑料制品业 29—53.塑料制品业292—其 他（年用非溶剂型低VOCs 含量涂料10 吨以下的除外） 建设性质 新建（迁建） □改建 扩建 □技术改造 建设项
0""，N22°45'25.3080"" 国民经济 行业类别 C2922 塑料板、管、型材制造 建设项目 行业类别 二十六、橡胶和塑料制品业 29—53.塑料制品业292—其 他（年用非溶剂型低VOCs 含量涂料10 吨以下的除外） 建设性质 新建（迁建） □改建 扩建 □技术改造 建设项目 申报情形 首次申报项目 □不予批准后再次
80"" 国民经济 行业类别 C2922 塑料板、管、型材制造 建设项目 行业类别 二十六、橡胶和塑料制品业 29—53.塑料制品业292—其 他（年用非溶剂型低VOCs 含量涂料10 吨以下的除外） 建设性质 新建（迁建） □改建 扩建 □技术改造 建设项目 申报情形 首次申报项目 □不予批准后再次申报项目 超五年重新审
车间通排风，对周边环境影响较小；本项目声环境质量能 满足相应的标准要求。 符合 环保准入负面 清单 项目行业类别及代码为C2922 塑料板、管、型材制造，根据国 家发展改革委商务部关于印发《市场准入负面清单（2022 年版）》 的规定，本项目不属于清单中规定的禁止类和需要许可类项目。 符合 （2）与佛山市“三线一单”相符性分析
对周边环境影响较小；本项目声环境质量能 满足相应的标准要求。 符合 环保准入负面 清单 项目行业类别及代码为C2922 塑料板、管、型材制造，根据国 家发展改革委商务部关于印发《市场准入负面清单（2022 年版）》 的规定，本项目不属于清单中规定的禁止类和需要许可类项目。 符合 （2）与佛山市“三线一单”相符性分析 根据《佛山市生态环境局",塑胶行业,报告“国民经济行业类别/分类”或相邻字段显示 C29/C292/塑料制品业相关。
167,SC010_130_和默化学(佛山)有限公司新建项目_03_报批稿或报告表.pdf,E:\华南理工项目\环评文件汇总\01_GitHub项目与研究文档\eia-openclaw-sync-chen2026\05_QA测试集\人工核查_环评报告出处整理_20260715\环评报告文件_按问答顺序\SC010_130_和默化学(佛山)有限公司新建项目_03_报批稿或报告表.pdf,.pdf,empty_or_unreadable,,,无法判断,文件未能读取正文，需人工打开确认。
168,SC011_131_佛山市彩川合成材料有限公司新建项目_01_报批稿或报告表.docx,E:\华南理工项目\环评文件汇总\01_GitHub项目与研究文档\eia-openclaw-sync-chen2026\05_QA测试集\人工核查_环评报告出处整理_20260715\环评报告文件_按问答顺序\SC011_131_佛山市彩川合成材料有限公司新建项目_01_报批稿或报告表.docx,.docx,ok,,"目名称 | 佛山市彩川合成材料有限公司新建项目 一、具体修改意见： 基本情况： 工程分析： 细化说明色粉的生产规模，根据挤出机的生产特征，完善关键设备产能和规模的匹配性分析，核实项目的物料平衡图和NHMC平衡。 核实冷却塔的数量，明确挤出机的冷却方式，说明直接冷却水的更换频次和年更换量。 完善工艺流程，核实挤出机的操作温度
，根据挤出机的生产特征，完善关键设备产能和规模的匹配性分析，核实项目的物料平衡图和NHMC平衡。 核实冷却塔的数量，明确挤出机的冷却方式，说明直接冷却水的更换频次和年更换量。 完善工艺流程，核实挤出机的操作温度，进一步明确挤出工艺废气的产排情况，建议删除挤出工艺颗粒物。 环境质量现状与环境保护目标 项目排放的污染物涉及总悬
平衡图和NHMC平衡。 核实冷却塔的数量，明确挤出机的冷却方式，说明直接冷却水的更换频次和年更换量。 完善工艺流程，核实挤出机的操作温度，进一步明确挤出工艺废气的产排情况，建议删除挤出工艺颗粒物。 环境质量现状与环境保护目标 项目排放的污染物涉及总悬浮颗粒物，TSP在《环境空气质量标准》（GB 3095-2012）有标准限
冷却塔的数量，明确挤出机的冷却方式，说明直接冷却水的更换频次和年更换量。 完善工艺流程，核实挤出机的操作温度，进一步明确挤出工艺废气的产排情况，建议删除挤出工艺颗粒物。 环境质量现状与环境保护目标 项目排放的污染物涉及总悬浮颗粒物，TSP在《环境空气质量标准》（GB 3095-2012）有标准限值，需要提供现状监测数据，可
式，说明直接冷却水的更换频次和年更换量。 完善工艺流程，核实挤出机的操作温度，进一步明确挤出工艺废气的产排情况，建议删除挤出工艺颗粒物。 环境质量现状与环境保护目标 项目排放的污染物涉及总悬浮颗粒物，TSP在《环境空气质量标准》（GB 3095-2012）有标准限值，需要提供现状监测数据，可引用项目周边5km范围内近3年的
佛山市生态环境局关于印发规范执行重点行业污染物排放标准的工作指引的通知》附件：重点行业污染物排放标准执行情况汇总表明确，注塑、挤出、吹塑等只发生物理反应的塑料加工工艺，其工艺废气的污染物只需要考虑非甲烷总烃和臭气浓度。 建议颗粒物执行《大气污染物排放限值》（DB44/27-2001）相关限值。 主要环境影响和保护措施： 废",疑似塑胶行业_待复核,未定位行业字段，但正文多处出现塑料/注塑/吹膜等关键词，建议人工复核。
169,SC012_131_佛山市彩川合成材料有限公司新建项目_02_报批稿或报告表.pdf,E:\华南理工项目\环评文件汇总\01_GitHub项目与研究文档\eia-openclaw-sync-chen2026\05_QA测试集\人工核查_环评报告出处整理_20260715\环评报告文件_按问答顺序\SC012_131_佛山市彩川合成材料有限公司新建项目_02_报批稿或报告表.pdf,.pdf,ok,"C2929 塑料零件及其他塑料制品制
C2929 塑料零件及其他塑料制品制造，不在《产
C2929塑料零件及其他
C2929 塑料零件及其他塑料制品制造，根据《农用地土壤污染状况详查点位布设技术规定》
C2929 塑料零件及其他塑料制品制造，根据《固定污
2929 塑料零件及其他塑料制品制","113 度21 分59.892 秒，北纬22 度48 分34.963 秒 国民经济 行业类别 C2643 工业颜料制造 C2929 塑料零件及其他塑料制品制 造 建设项目 行业类别 二十四、化学原料和化学制品制 造业26-44 涂料、油墨、颜料及类 似产品制造264-单纯物理分离、 物理提纯、混合、分装的（不产 生废水或挥发性有
、油墨、颜料及类 似产品制造264-单纯物理分离、 物理提纯、混合、分装的（不产 生废水或挥发性有机物的除外） 二十六、橡胶和塑料制品业29-53 塑料制品业292-其他（年用非溶 剂型低VOCs 含量涂料10 吨以下 的除外） 建设性质 √新建（迁建） 改建 扩建 技术改造 建设项目 申报情形 √首次申报项目 不予批准后再次
264-单纯物理分离、 物理提纯、混合、分装的（不产 生废水或挥发性有机物的除外） 二十六、橡胶和塑料制品业29-53 塑料制品业292-其他（年用非溶 剂型低VOCs 含量涂料10 吨以下 的除外） 建设性质 √新建（迁建） 改建 扩建 技术改造 建设项目 申报情形 √首次申报项目 不予批准后再次申报项目 超五年重新
现行有效的《产业结构调 整指导目录》、《市场准入负面清单》等 相关产业政策的要求。 项目属于化学原料和化学制品 制造业和塑料制品业，不属于 《产业结构调整指导目录（2024 年本）》中限制类和淘汰类，属 于允许类项目；本项目不涉及 《市场准入负面清单（2025 年 版）》中的禁止类事项。 符合 禁止新建、扩建水泥、平板玻璃、化学
在市场准入负面清单禁止和许可两类项目范围内，可依法平等进入。 （2）产业政策相符性 本项目属于C2643 工业颜料制造和C2929 塑料零件及其他塑料制品制造，不在《产 业结构调整指导目录(2024 年本)》的限制类、淘汰类之列；本项目产品不属于《促进产 业结构调整暂行规定》中限制类、淘汰类之列，符合规定要求；本项目不涉及厚度小
面清单禁止和许可两类项目范围内，可依法平等进入。 （2）产业政策相符性 本项目属于C2643 工业颜料制造和C2929 塑料零件及其他塑料制品制造，不在《产 业结构调整指导目录(2024 年本)》的限制类、淘汰类之列；本项目产品不属于《促进产 业结构调整暂行规定》中限制类、淘汰类之列，符合规定要求；本项目不涉及厚度小于 0.025 毫米的超薄塑",塑胶行业,报告“国民经济行业类别/分类”或相邻字段显示 C29/C292/塑料制品业相关。
170,SC013_131_佛山市彩川合成材料有限公司新建项目_03_报批稿或报告表.pdf,E:\华南理工项目\环评文件汇总\01_GitHub项目与研究文档\eia-openclaw-sync-chen2026\05_QA测试集\人工核查_环评报告出处整理_20260715\环评报告文件_按问答顺序\SC013_131_佛山市彩川合成材料有限公司新建项目_03_报批稿或报告表.pdf,.pdf,empty_or_unreadable,,,无法判断,文件未能读取正文，需人工打开确认。
171,SC014_132_佛山市顺德区智成塑包装有限公司新建项目_01_报批稿或报告表.docx,E:\华南理工项目\环评文件汇总\01_GitHub项目与研究文档\eia-openclaw-sync-chen2026\05_QA测试集\人工核查_环评报告出处整理_20260715\环评报告文件_按问答顺序\SC014_132_佛山市顺德区智成塑包装有限公司新建项目_01_报批稿或报告表.docx,.docx,ok,"C2926 塑料包装箱及容器制造 | 建设项目 行业类别 | 二十六、橡胶和塑料制品业 29—53 塑料制品业292—其他（年用非溶剂型低VOCs含量涂料10吨以下的除外）
C2926塑料包装箱及容器制造，根据《产业结构调整指导目录（2024年本）》的规定，项目不属于上述目录所列的鼓励类、限制类和禁止（淘汰）类项目，项目属于允许类。根据《市场准入负面清单（2022年版）》的规定，本
C2926 塑料包装箱及容器制造，根据《固定污染源排污许可分类管理名录（2019年版）》（部令第11号），项目属于“二十四、橡胶和塑料制品业29-62塑料制品业292-其他”，应实行排污许可登记管理。 营运期的
2926 塑料包装箱及容器制造 | 建设项目 行业类别 | 二十六、橡胶和塑料制品业 29—53 塑料制品业292—其他（年用非溶剂型低VOCs含量涂料10吨以下的除外）
2926塑料包装箱及容器制造，根据《产业结构调整指导目录（2024年本）》的规定，项目不属于上述目录所列的鼓励类、限制类和禁止（淘汰）类项目，项目属于允许类。根据《市场准入负面清单（2022年版）》的规定，本
2926 塑料包装箱及容器制造行业系数表，注（吹）塑工艺中挥发性有机物的产污系数为：2.70千克/吨-产品。本项目吹瓶产品为塑料瓶，根据表2-9 项目产品塑料瓶塑料部分物料投入、产出平衡表，产品塑料瓶塑料部分","北纬22度52分8.854秒 | 东经113度8分44.808秒，北纬22度52分8.854秒 国民经济 行业类别 | C2926 塑料包装箱及容器制造 | 建设项目 行业类别 | 二十六、橡胶和塑料制品业 29—53 塑料制品业292—其他（年用非溶剂型低VOCs含量涂料10吨以下的除外） 建设性质 | 新建（迁建） 改建 扩
2分8.854秒 | 东经113度8分44.808秒，北纬22度52分8.854秒 国民经济 行业类别 | C2926 塑料包装箱及容器制造 | 建设项目 行业类别 | 二十六、橡胶和塑料制品业 29—53 塑料制品业292—其他（年用非溶剂型低VOCs含量涂料10吨以下的除外） 建设性质 | 新建（迁建） 改建 扩建 技术改造 | 建设
22度52分8.854秒 国民经济 行业类别 | C2926 塑料包装箱及容器制造 | 建设项目 行业类别 | 二十六、橡胶和塑料制品业 29—53 塑料制品业292—其他（年用非溶剂型低VOCs含量涂料10吨以下的除外） 建设性质 | 新建（迁建） 改建 扩建 技术改造 | 建设项目 申报情形 | 首次申报项目 不予批准后再次申报项
经济 行业类别 | C2926 塑料包装箱及容器制造 | 建设项目 行业类别 | 二十六、橡胶和塑料制品业 29—53 塑料制品业292—其他（年用非溶剂型低VOCs含量涂料10吨以下的除外） 建设性质 | 新建（迁建） 改建 扩建 技术改造 | 建设项目 申报情形 | 首次申报项目 不予批准后再次申报项目 超五年重新审核项目
规划及规划环境影响评价符合性分析 | 无 | 无 | 无 其他符合性分析 | 1、与产业政策符合性分析 项目所属行业为C2926塑料包装箱及容器制造，根据《产业结构调整指导目录（2024年本）》的规定，项目不属于上述目录所列的鼓励类、限制类和禁止（淘汰）类项目，项目属于允许类。根据《市场准入负面清单（2022年版）》的规定，本
划环境影响评价符合性分析 | 无 | 无 | 无 其他符合性分析 | 1、与产业政策符合性分析 项目所属行业为C2926塑料包装箱及容器制造，根据《产业结构调整指导目录（2024年本）》的规定，项目不属于上述目录所列的鼓励类、限制类和禁止（淘汰）类项目，项目属于允许类。根据《市场准入负面清单（2022年版）》的规定，本项目不属于清单中规定",塑胶行业,报告“国民经济行业类别/分类”或相邻字段显示 C29/C292/塑料制品业相关。
172,SC015_132_佛山市顺德区智成塑包装有限公司新建项目_02_报批稿或报告表.pdf,E:\华南理工项目\环评文件汇总\01_GitHub项目与研究文档\eia-openclaw-sync-chen2026\05_QA测试集\人工核查_环评报告出处整理_20260715\环评报告文件_按问答顺序\SC015_132_佛山市顺德区智成塑包装有限公司新建项目_02_报批稿或报告表.pdf,.pdf,ok,"C2926 塑料包装箱及容
C2926 塑料包装箱及容器制造，根据《产业结构调整
C2926 塑料包装箱及容器制造，根据《固定污染源排污许可分类
2926 塑料包装箱及容
2926 塑料包装箱及容器制造，根据《产业结构调整
2926 塑料包装箱及容器制造行业系数表，注","自编18 号） 地理坐标 东经113 度8 分44.808 秒，北纬22 度52 分8.854 秒 国民经济 行业类别 C2926 塑料包装箱及容 器制造 建设项目 行业类别 二十六、橡胶和塑料制品业 29—53 塑料制品业292—其他 （年用非溶剂型低VOCs 含量涂 料10 吨以下的除外） 建设性质 新建（迁建） 改建
北纬22 度52 分8.854 秒 国民经济 行业类别 C2926 塑料包装箱及容 器制造 建设项目 行业类别 二十六、橡胶和塑料制品业 29—53 塑料制品业292—其他 （年用非溶剂型低VOCs 含量涂 料10 吨以下的除外） 建设性质 新建（迁建） 改建 扩建 技术改造 建设项目 申报情形 首次申报项目 不予批准后再
秒 国民经济 行业类别 C2926 塑料包装箱及容 器制造 建设项目 行业类别 二十六、橡胶和塑料制品业 29—53 塑料制品业292—其他 （年用非溶剂型低VOCs 含量涂 料10 吨以下的除外） 建设性质 新建（迁建） 改建 扩建 技术改造 建设项目 申报情形 首次申报项目 不予批准后再次申报项目 超五年重新
响评价情况 无 规划及规划 环境影响评 价符合性分 析 无 其他符合性 分析 1、与产业政策符合性分析 项目所属行业为C2926 塑料包装箱及容器制造，根据《产业结构调整 指导目录（2024 年本）》的规定，项目不属于上述目录所列的鼓励类、限 制类和禁止（淘汰）类项目，项目属于允许类。根据《市场准入负面清单 （2022 年版）
无 规划及规划 环境影响评 价符合性分 析 无 其他符合性 分析 1、与产业政策符合性分析 项目所属行业为C2926 塑料包装箱及容器制造，根据《产业结构调整 指导目录（2024 年本）》的规定，项目不属于上述目录所列的鼓励类、限 制类和禁止（淘汰）类项目，项目属于允许类。根据《市场准入负面清单 （2022 年版）》的规定，本项目不属于
量 中分配。 符合 2.《广东省涉挥发性有机物（VOCs）重点行业治理指引》的通知（粤环办〔2021〕 43 号）-六、橡胶和塑料制品业VOCs 治理指南 2.1 VOCs 物料储存：盛装VOCs 物料的容器 是否存放于室内，或存放于设置有雨棚、 遮阳和防渗设施的专用场地。盛装VOCs 物料的容器在非取用状态时应加盖、封口， 保持密闭",塑胶行业,报告“国民经济行业类别/分类”或相邻字段显示 C29/C292/塑料制品业相关。
173,SC016_132_佛山市顺德区智成塑包装有限公司新建项目_03_报批稿或报告表.pdf,E:\华南理工项目\环评文件汇总\01_GitHub项目与研究文档\eia-openclaw-sync-chen2026\05_QA测试集\人工核查_环评报告出处整理_20260715\环评报告文件_按问答顺序\SC016_132_佛山市顺德区智成塑包装有限公司新建项目_03_报批稿或报告表.pdf,.pdf,ok,,"装有限公司新建项目（以下简称 项目）位于顺德区勒流街道光大社区勒流港集约工业区C10 号地 块（自编18 号），主要从事塑料瓶的生产。项目计划年产塑料瓶 700 万个。项目的规模及工艺见《报告表》。 根据《报告表》的评价结论，结合佛山市生态环境局顺德分 佛山市生态环境局 主动公开 佛环03 环审〔2024〕417 号 佛山
称 项目）位于顺德区勒流街道光大社区勒流港集约工业区C10 号地 块（自编18 号），主要从事塑料瓶的生产。项目计划年产塑料瓶 700 万个。项目的规模及工艺见《报告表》。 根据《报告表》的评价结论，结合佛山市生态环境局顺德分 佛山市生态环境局 主动公开 佛环03 环审〔2024〕417 号 佛山市生态环境局关于佛山市顺德
关要求，危险废物委托有资质的单位 进行处理处置。生活垃圾交由环卫部门处理。不得采用焚烧方式 【第4页】 — 4 — 对注塑机头（模头）进行清理。 （五）项目VOCs（含非甲烷总烃）排放量为1.245 吨/年， 其中有组织排放量为0.415 吨/年，无组织排放量为0.83 吨/年。 四、《报告表》经批准后，项目的性质、规模",非塑胶或未发现塑胶行业依据,未在行业字段或正文中发现足够塑胶行业依据。
174,SC017_133_鹏彩科技(佛山市)有限公司新建项目_01_报批稿或报告表.docx,E:\华南理工项目\环评文件汇总\01_GitHub项目与研究文档\eia-openclaw-sync-chen2026\05_QA测试集\人工核查_环评报告出处整理_20260715\环评报告文件_按问答顺序\SC017_133_鹏彩科技(佛山市)有限公司新建项目_01_报批稿或报告表.docx,.docx,ok,"C2929 塑料零件及其他塑料制品制造 C2643 工业颜料制造 | 建设项目 行业类别 | 二十六、橡胶和塑料制品业 29-53塑料制品业 292-其他（年用非溶剂型低VOCs含量涂料10吨以下的除外） 二十
C2929 塑料零件及其他塑料制品制造、C2643 工业颜料制造，不在《产业结构调整指导目录（2024年本）》中的限制类、淘汰类之列。综上述，项目符合国家的产业政策，符合产业结构调整、升级要求，符合国家产业政策
C2929塑料零件及其他塑料制品制造、C2643工业颜料制造，根据《固定污染源排污许可分类管理名录（2019年版）》（部令第11号），项目属于登记管理；建设单位应在全国排污许可证管理信息平台申请排污许可证，填写
2929 塑料零件及其他塑料制品制造 C2643 工业颜料制造 | 建设项目 行业类别 | 二十六、橡胶和塑料制品业 29-53塑料制品业 292-其他（年用非溶剂型低VOCs含量涂料10吨以下的除外） 二十
2929 塑料零件及其他塑料制品制造、C2643 工业颜料制造，不在《产业结构调整指导目录（2024年本）》中的限制类、淘汰类之列。综上述，项目符合国家的产业政策，符合产业结构调整、升级要求，符合国家产业政策
2929塑料零件及其他塑料制品制造行业系数表，产品名称“改性粒料”，工艺名称“造粒”，挥发性有机物的产污系数为：4.6千克/吨-产品。项目的产品为色母和工程料，生产工艺涉及造粒，参考此系数进行分析。项目色母和","2度48分26.031秒 | 东经113度21分20.775秒，北纬22度48分26.031秒 国民经济 行业类别 | C2929 塑料零件及其他塑料制品制造 C2643 工业颜料制造 | 建设项目 行业类别 | 二十六、橡胶和塑料制品业 29-53塑料制品业 292-其他（年用非溶剂型低VOCs含量涂料10吨以下的除外） 二十
6.031秒 | 东经113度21分20.775秒，北纬22度48分26.031秒 国民经济 行业类别 | C2929 塑料零件及其他塑料制品制造 C2643 工业颜料制造 | 建设项目 行业类别 | 二十六、橡胶和塑料制品业 29-53塑料制品业 292-其他（年用非溶剂型低VOCs含量涂料10吨以下的除外） 二十四、化学原料和化学制品制造业
济 行业类别 | C2929 塑料零件及其他塑料制品制造 C2643 工业颜料制造 | 建设项目 行业类别 | 二十六、橡胶和塑料制品业 29-53塑料制品业 292-其他（年用非溶剂型低VOCs含量涂料10吨以下的除外） 二十四、化学原料和化学制品制造业 26-44 涂料、油墨、颜料及类似产品制造 264-单纯物理分离、物理提纯、混
塑料零件及其他塑料制品制造 C2643 工业颜料制造 | 建设项目 行业类别 | 二十六、橡胶和塑料制品业 29-53塑料制品业 292-其他（年用非溶剂型低VOCs含量涂料10吨以下的除外） 二十四、化学原料和化学制品制造业 26-44 涂料、油墨、颜料及类似产品制造 264-单纯物理分离、物理提纯、混合、分装的（不产生废水
主体皆可依法平等进入，项目不在市场准入负面清单禁止和许可两类项目范围内，可依法平等进入。 （2）产业政策相符性 项目属于C2929 塑料零件及其他塑料制品制造、C2643 工业颜料制造，不在《产业结构调整指导目录（2024年本）》中的限制类、淘汰类之列。综上述，项目符合国家的产业政策，符合产业结构调整、升级要求，符合国家产业政策
平等进入，项目不在市场准入负面清单禁止和许可两类项目范围内，可依法平等进入。 （2）产业政策相符性 项目属于C2929 塑料零件及其他塑料制品制造、C2643 工业颜料制造，不在《产业结构调整指导目录（2024年本）》中的限制类、淘汰类之列。综上述，项目符合国家的产业政策，符合产业结构调整、升级要求，符合国家产业政策发展规划要求。 （3）项目与",塑胶行业,报告“国民经济行业类别/分类”或相邻字段显示 C29/C292/塑料制品业相关。
175,SC018_133_鹏彩科技(佛山市)有限公司新建项目_02_报批稿或报告表.pdf,E:\华南理工项目\环评文件汇总\01_GitHub项目与研究文档\eia-openclaw-sync-chen2026\05_QA测试集\人工核查_环评报告出处整理_20260715\环评报告文件_按问答顺序\SC018_133_鹏彩科技(佛山市)有限公司新建项目_02_报批稿或报告表.pdf,.pdf,ok,"C2929 塑料零件及其
C2929 塑料零件及其他塑料制品制造、C2643 工业颜料制造，不
C2929 塑料零件及其他塑料制品制造、C2643 工业颜料制造，根据《固定污染
2929 塑料零件及其
2929 塑料零件及其他塑料制品制造、C2643 工业颜料制造，不
2929 塑料零件及其他塑料制品制造","404 室 地理坐标 东经113 度21 分20.775 秒，北纬22 度48 分26.031 秒 国民经济 行业类别 C2929 塑料零件及其 他塑料制品制造 C2643 工业颜料制造 建设项目 行业类别 二十六、橡胶和塑料制品业29-53 塑料制品业292-其他（年用非溶剂 型低VOCs 含量涂料10 吨以下的除 外） 二十
秒 国民经济 行业类别 C2929 塑料零件及其 他塑料制品制造 C2643 工业颜料制造 建设项目 行业类别 二十六、橡胶和塑料制品业29-53 塑料制品业292-其他（年用非溶剂 型低VOCs 含量涂料10 吨以下的除 外） 二十四、化学原料和化学制品制造 业26-44 涂料、油墨、颜料及类似 产品制造264-单纯物理分离、物理
929 塑料零件及其 他塑料制品制造 C2643 工业颜料制造 建设项目 行业类别 二十六、橡胶和塑料制品业29-53 塑料制品业292-其他（年用非溶剂 型低VOCs 含量涂料10 吨以下的除 外） 二十四、化学原料和化学制品制造 业26-44 涂料、油墨、颜料及类似 产品制造264-单纯物理分离、物理 提纯、混合、分装的（不
现行有效的《产业结 构调整指导目录》、《市场准入负面 清单》等相关产业政策的要求。 项目属于化学原料和化学制品制造 业和塑料制品业，不属于《产业结构 调整指导目录（2024年本）》中限制 类和淘汰类，属于允许类项目；本项 目不涉及《市场准入负面清单（2025 年版）》中的禁止类和许可类事项。 符合 禁止新建、扩建水泥、平板玻璃、
项目不在市场准入负面清单 禁止和许可两类项目范围内，可依法平等进入。 （2）产业政策相符性 【第13页】 4 项目属于C2929 塑料零件及其他塑料制品制造、C2643 工业颜料制造，不 在《产业结构调整指导目录（2024 年本）》中的限制类、淘汰类之列。综上述， 项目符合国家的产业政策，符合产业结构调整、升级要求，符合国家产
准入负面清单 禁止和许可两类项目范围内，可依法平等进入。 （2）产业政策相符性 【第13页】 4 项目属于C2929 塑料零件及其他塑料制品制造、C2643 工业颜料制造，不 在《产业结构调整指导目录（2024 年本）》中的限制类、淘汰类之列。综上述， 项目符合国家的产业政策，符合产业结构调整、升级要求，符合国家产业政策 发展规划要求。 （3",塑胶行业,报告“国民经济行业类别/分类”或相邻字段显示 C29/C292/塑料制品业相关。
176,SC019_133_鹏彩科技(佛山市)有限公司新建项目_03_报批稿或报告表.pdf,E:\华南理工项目\环评文件汇总\01_GitHub项目与研究文档\eia-openclaw-sync-chen2026\05_QA测试集\人工核查_环评报告出处整理_20260715\环评报告文件_按问答顺序\SC019_133_鹏彩科技(佛山市)有限公司新建项目_03_报批稿或报告表.pdf,.pdf,empty_or_unreadable,,,无法判断,文件未能读取正文，需人工打开确认。
177,SC020_134_广东顺德意达电子薄膜器件有限公司新建项目_01_报批稿或报告表.doc,E:\华南理工项目\环评文件汇总\01_GitHub项目与研究文档\eia-openclaw-sync-chen2026\05_QA测试集\人工核查_环评报告出处整理_20260715\环评报告文件_按问答顺序\SC020_134_广东顺德意达电子薄膜器件有限公司新建项目_01_报批稿或报告表.doc,.doc,ok,"C2929 塑料零件及其他塑料制品制造
C2929 塑料零件及其他塑料制品制造。主要从事彩膜贴合组件的加工生产，不属于国家《产业结构调整指导目录（2019年本）》及2021年修改单、《广东省禁止、限值生产、销售和使用的塑料制品目录（2020年版）》中
C2929 塑料零件及其他塑料制品制造；不含酸洗磷化表面处理工艺，不是文件规定的不锈钢型材加工项目，收纳水体为洪奇沥水道，属达标水体
C2929 塑料零件及其他塑料制品制造，根据《固定污染源排污许可分类管理名录（2019版）》，项目属于登记管理。参考《排污许可证申请与核发技术规范 橡胶和塑料制品工业》 （HJ1122-2020），本项目生活污
2929 塑料零件及其他塑料制品制造
2929 塑料零件及其他塑料制品制造。主要从事彩膜贴合组件的加工生产，不属于国家《产业结构调整指导目录（2019年本）》及2021年修改单、《广东省禁止、限值生产、销售和使用的塑料制品目录（2020年版）》中","纬： 22 度 50 分 50.726 秒，东经： 113 度 22 分 46.188 秒  国民经济 行业类别 C2929 塑料零件及其他塑料制品制造 建设项目 行业类别 二十六、橡胶和塑料制品业29—53 塑料制品业292—其他（年用非溶剂型低VOCs含量涂料10吨以下的除外）  建设性质 ☑新建（迁建） □
度 50 分 50.726 秒，东经： 113 度 22 分 46.188 秒  国民经济 行业类别 C2929 塑料零件及其他塑料制品制造 建设项目 行业类别 二十六、橡胶和塑料制品业29—53 塑料制品业292—其他（年用非溶剂型低VOCs含量涂料10吨以下的除外）  建设性质 ☑新建（迁建） □改建 □扩建 □技术改造 
46.188 秒  国民经济 行业类别 C2929 塑料零件及其他塑料制品制造 建设项目 行业类别 二十六、橡胶和塑料制品业29—53 塑料制品业292—其他（年用非溶剂型低VOCs含量涂料10吨以下的除外）  建设性质 ☑新建（迁建） □改建 □扩建 □技术改造 建设项目 申报情形 ☑首次申报项目
民经济 行业类别 C2929 塑料零件及其他塑料制品制造 建设项目 行业类别 二十六、橡胶和塑料制品业29—53 塑料制品业292—其他（年用非溶剂型低VOCs含量涂料10吨以下的除外）  建设性质 ☑新建（迁建） □改建 □扩建 □技术改造 建设项目 申报情形 ☑首次申报项目 □不予批
限制进入石油化工和医药行业。本项目属于金属制品业，产生的污染较小，不属于规划中的限制类企业，符合入园条件。 本项目属于塑料制品业，产生的污染较小，不属于规划中的限制类企业，符合入园条件。在落实环评提出的环境保护各项指标、污染对策及措施后，本项目符合顺德工业园A区规划环评要求。 符合  强化园区内企业大气污染物的控制，引进
。 项目使用能源全部是电能，属于清洁能源。 符合    其他符合性分析 1、与产业政策符合性分析 项目属于C2929 塑料零件及其他塑料制品制造。主要从事彩膜贴合组件的加工生产，不属于国家《产业结构调整指导目录（2019年本）》及2021年修改单、《广东省禁止、限值生产、销售和使用的塑料制品目录（2020年版）》中",塑胶行业,报告“国民经济行业类别/分类”或相邻字段显示 C29/C292/塑料制品业相关。
178,SC021_134_广东顺德意达电子薄膜器件有限公司新建项目_02_报批稿或报告表.pdf,E:\华南理工项目\环评文件汇总\01_GitHub项目与研究文档\eia-openclaw-sync-chen2026\05_QA测试集\人工核查_环评报告出处整理_20260715\环评报告文件_按问答顺序\SC021_134_广东顺德意达电子薄膜器件有限公司新建项目_02_报批稿或报告表.pdf,.pdf,ok,"C2929 塑料零件
C2929 塑料零件及其他塑料制品制造。主要从事彩
C2929 塑料零件及其
C2929 塑料零件及其他塑料制品制造，根据
C2929
2929 塑料零件","号之7 地理坐标 北纬：22 度50 分50.726 秒，东经：113 度22 分46.188 秒 国民经济 行业类别 C2929 塑料零件 及其他塑料制品 制造 建设项目 行业类别 二十六、橡胶和塑料制品业29 —53 塑料制品业292—其他（年 用非溶剂型低VOCs 含量涂料10 吨以下的除外） 建设性质 ☑新建（迁建） □
度22 分46.188 秒 国民经济 行业类别 C2929 塑料零件 及其他塑料制品 制造 建设项目 行业类别 二十六、橡胶和塑料制品业29 —53 塑料制品业292—其他（年 用非溶剂型低VOCs 含量涂料10 吨以下的除外） 建设性质 ☑新建（迁建） □改建 □扩建 □技术改造 建设项目 申报情形 ☑首次申报项目 □不予批准后再次
民经济 行业类别 C2929 塑料零件 及其他塑料制品 制造 建设项目 行业类别 二十六、橡胶和塑料制品业29 —53 塑料制品业292—其他（年 用非溶剂型低VOCs 含量涂料10 吨以下的除外） 建设性质 ☑新建（迁建） □改建 □扩建 □技术改造 建设项目 申报情形 ☑首次申报项目 □不予批准后再次申报项目 □超五年重新审
清洁能源为燃 料。 项目使用能源全部是 电能，属于清洁能源。 符合 其他符合性分 析 1、与产业政策符合性分析 项目属于C2929 塑料零件及其他塑料制品制造。主要从事彩 膜贴合组件的加工生产，不属于国家《产业结构调整指导目录（2019 年本）》及2021 年修改单、《广东省禁止、限值生产、销售和使 【第7页】 — 3 — 用
料。 项目使用能源全部是 电能，属于清洁能源。 符合 其他符合性分 析 1、与产业政策符合性分析 项目属于C2929 塑料零件及其他塑料制品制造。主要从事彩 膜贴合组件的加工生产，不属于国家《产业结构调整指导目录（2019 年本）》及2021 年修改单、《广东省禁止、限值生产、销售和使 【第7页】 — 3 — 用的塑料制品目录（2020 年
外的钢铁、原油加工等项目。本 项目不属于新建生产和使用高挥发性有机物原辅材料的项目，符合 区域布局管控要求。 ②项目所属橡胶和塑料制品业不属于高能耗行业。项目生产设 备使用电能，生产用水由市政供水，不直接取用江河湖库水量，不 会对项目所在地生态流量造成影响，符合能源利用要求。 ③项目属于新建项目，项目生活污水经三级化粪处理设施处理 后",塑胶行业,报告“国民经济行业类别/分类”或相邻字段显示 C29/C292/塑料制品业相关。
179,SC022_134_广东顺德意达电子薄膜器件有限公司新建项目_03_报批稿或报告表.pdf,E:\华南理工项目\环评文件汇总\01_GitHub项目与研究文档\eia-openclaw-sync-chen2026\05_QA测试集\人工核查_环评报告出处整理_20260715\环评报告文件_按问答顺序\SC022_134_广东顺德意达电子薄膜器件有限公司新建项目_03_报批稿或报告表.pdf,.pdf,ok,,,非塑胶或未发现塑胶行业依据,未在行业字段或正文中发现足够塑胶行业依据。
180,SC023_135_佛山气盾新材料有限公司新建项目_01_报批稿或报告表.docx,E:\华南理工项目\环评文件汇总\01_GitHub项目与研究文档\eia-openclaw-sync-chen2026\05_QA测试集\人工核查_环评报告出处整理_20260715\环评报告文件_按问答顺序\SC023_135_佛山气盾新材料有限公司新建项目_01_报批稿或报告表.docx,.docx,ok,"C2921塑料薄膜制造 | 建设项目 行业类别 | 二十六、橡胶和塑料制品业29塑料制品业292其他（年使用非溶剂型低VOCs含量涂料10吨以下的除外）
C2921塑料薄膜制造。查阅《产业结构调整指导目录（2024年本）》（国家发展和改革委员会令 第 7 号），项目不属于限制类、淘汰类项目，符合相关产业政策要求。 （2）根据《市场准入负面清单（2022年版）》（
2921塑料薄膜制造 | 建设项目 行业类别 | 二十六、橡胶和塑料制品业29塑料制品业292其他（年使用非溶剂型低VOCs含量涂料10吨以下的除外）
2921塑料薄膜制造。查阅《产业结构调整指导目录（2024年本）》（国家发展和改革委员会令 第 7 号），项目不属于限制类、淘汰类项目，符合相关产业政策要求。 （2）根据《市场准入负面清单（2022年版）》（
2921 塑料薄膜制造行业中的挤出废气系数2.50kg/t产品。本项目软化复合工序PTFE薄膜基材使用量为35万m2/a，厚度为0.2mm，PTFE密度为2.1-2.3g/cm3之间（本文取2.3g/cm3）","9.101秒，北纬22度46分50.264秒） 国民经济 行业类别 | 国民经济 行业类别 | 国民经济 行业类别 | C2921塑料薄膜制造 | 建设项目 行业类别 | 二十六、橡胶和塑料制品业29塑料制品业292其他（年使用非溶剂型低VOCs含量涂料10吨以下的除外） 建设性质 | 建设性质 | 建设性质 | 新建（迁建）
秒，北纬22度46分50.264秒） 国民经济 行业类别 | 国民经济 行业类别 | 国民经济 行业类别 | C2921塑料薄膜制造 | 建设项目 行业类别 | 二十六、橡胶和塑料制品业29塑料制品业292其他（年使用非溶剂型低VOCs含量涂料10吨以下的除外） 建设性质 | 建设性质 | 建设性质 | 新建（迁建） 改建 扩建
业类别 | 国民经济 行业类别 | 国民经济 行业类别 | C2921塑料薄膜制造 | 建设项目 行业类别 | 二十六、橡胶和塑料制品业29塑料制品业292其他（年使用非溶剂型低VOCs含量涂料10吨以下的除外） 建设性质 | 建设性质 | 建设性质 | 新建（迁建） 改建 扩建 技术改造 | 建设项目 申报情形 | 首次申报项目 不
行业类别 | 国民经济 行业类别 | C2921塑料薄膜制造 | 建设项目 行业类别 | 二十六、橡胶和塑料制品业29塑料制品业292其他（年使用非溶剂型低VOCs含量涂料10吨以下的除外） 建设性质 | 建设性质 | 建设性质 | 新建（迁建） 改建 扩建 技术改造 | 建设项目 申报情形 | 首次申报项目 不予批准后再次申
划（见附图10）可知，该地块属于工业用地，项目建设符合当地城市规划。 7、项目与相关产业政策符合性分析 （1）本项目属于C2921塑料薄膜制造。查阅《产业结构调整指导目录（2024年本）》（国家发展和改革委员会令 第 7 号），项目不属于限制类、淘汰类项目，符合相关产业政策要求。 （2）根据《市场准入负面清单（2022年版）》（
10）可知，该地块属于工业用地，项目建设符合当地城市规划。 7、项目与相关产业政策符合性分析 （1）本项目属于C2921塑料薄膜制造。查阅《产业结构调整指导目录（2024年本）》（国家发展和改革委员会令 第 7 号），项目不属于限制类、淘汰类项目，符合相关产业政策要求。 （2）根据《市场准入负面清单（2022年版）》（发改体改规[",塑胶行业,报告“国民经济行业类别/分类”或相邻字段显示 C29/C292/塑料制品业相关。
181,SC024_135_佛山气盾新材料有限公司新建项目_02_受理公告或公示版.pdf,E:\华南理工项目\环评文件汇总\01_GitHub项目与研究文档\eia-openclaw-sync-chen2026\05_QA测试集\人工核查_环评报告出处整理_20260715\环评报告文件_按问答顺序\SC024_135_佛山气盾新材料有限公司新建项目_02_受理公告或公示版.pdf,.pdf,ok,"C2921 塑料薄膜制造
C2921塑料薄膜制造，不属
C2921 塑料薄膜制造，不属
C2921 塑料薄膜制造，不属于线路板
C2921 塑料薄膜制造。查阅《产业结构调整指导目录（2024
2921 塑料薄膜制造","404 地理坐标 （东经113 度10 分59.101 秒，北纬22 度46 分50.264 秒） 国民经济 行业类别 C2921 塑料薄膜制造 建设项目 行业类别 二十六、橡胶和塑料制品业 29 塑料制品业292 其他（年 使用非溶剂型低VOCs 含量 涂料10 吨以下的除外） 建设性质 新建（迁建） 改建 扩建 技术
坐标 （东经113 度10 分59.101 秒，北纬22 度46 分50.264 秒） 国民经济 行业类别 C2921 塑料薄膜制造 建设项目 行业类别 二十六、橡胶和塑料制品业 29 塑料制品业292 其他（年 使用非溶剂型低VOCs 含量 涂料10 吨以下的除外） 建设性质 新建（迁建） 改建 扩建 技术改造 建设项目
秒，北纬22 度46 分50.264 秒） 国民经济 行业类别 C2921 塑料薄膜制造 建设项目 行业类别 二十六、橡胶和塑料制品业 29 塑料制品业292 其他（年 使用非溶剂型低VOCs 含量 涂料10 吨以下的除外） 建设性质 新建（迁建） 改建 扩建 技术改造 建设项目 申报情形 首次申报项目 不予批准后再次申
分50.264 秒） 国民经济 行业类别 C2921 塑料薄膜制造 建设项目 行业类别 二十六、橡胶和塑料制品业 29 塑料制品业292 其他（年 使用非溶剂型低VOCs 含量 涂料10 吨以下的除外） 建设性质 新建（迁建） 改建 扩建 技术改造 建设项目 申报情形 首次申报项目 不予批准后再次申报项目 超五年重
局 管控 1-1【产业/鼓励引导类】园区重点发展金属表面处 理及热处理加工、家用电器具制造、装备制造等 产业。 项目属于C2921塑料薄膜制造，不属 于新入园项目不得引入专业电镀、 印染等污染物排放量大或排放一类 水污染物、持久性有机污染物的项 目及不得引进园区规划环评及批复 （审查意见）禁止引进项目。 符 合 1-2.【产业/
1-1【产业/鼓励引导类】园区重点发展金属表面处 理及热处理加工、家用电器具制造、装备制造等 产业。 项目属于C2921塑料薄膜制造，不属 于新入园项目不得引入专业电镀、 印染等污染物排放量大或排放一类 水污染物、持久性有机污染物的项 目及不得引进园区规划环评及批复 （审查意见）禁止引进项目。 符 合 1-2.【产业/禁止类】新入",塑胶行业,报告“国民经济行业类别/分类”或相邻字段显示 C29/C292/塑料制品业相关。
