source_file,source_relative_path,source_extension,parser,chapter_index,chapter_title,chapter_file,line_count,char_count
E:\华南理工项目\环评文件汇总\01_GitHub项目与研究文档\eia-openclaw-sync-chen2026\05_QA测试集\人工核查_环评报告出处整理_20260715\环评报告文件_按问答顺序\PL001_佛山市亮正新材料有限公司新建项目_01_核查材料.docx,PL001_佛山市亮正新材料有限公司新建项目_01_核查材料.docx,.docx,docx,1,封面及目录,E:\华南理工项目\环评文件汇总\01_GitHub项目与研究文档\eia-openclaw-sync-chen2026\05_QA测试集\人工核查_环评报告出处整理_20260715\环评报告文件_按正文一级章节拆分_20260727\PL001_佛山市亮正新材料有限公司新建项目_01_核查材料\01_封面及目录.md,7,99
E:\华南理工项目\环评文件汇总\01_GitHub项目与研究文档\eia-openclaw-sync-chen2026\05_QA测试集\人工核查_环评报告出处整理_20260715\环评报告文件_按问答顺序\PL001_佛山市亮正新材料有限公司新建项目_01_核查材料.docx,PL001_佛山市亮正新材料有限公司新建项目_01_核查材料.docx,.docx,docx,2,附表附图附件,E:\华南理工项目\环评文件汇总\01_GitHub项目与研究文档\eia-openclaw-sync-chen2026\05_QA测试集\人工核查_环评报告出处整理_20260715\环评报告文件_按正文一级章节拆分_20260727\PL001_佛山市亮正新材料有限公司新建项目_01_核查材料\02_附表附图附件.md,20,252
E:\华南理工项目\环评文件汇总\01_GitHub项目与研究文档\eia-openclaw-sync-chen2026\05_QA测试集\人工核查_环评报告出处整理_20260715\环评报告文件_按问答顺序\PL001_佛山市亮正新材料有限公司新建项目_01_核查材料.docx,PL001_佛山市亮正新材料有限公司新建项目_01_核查材料.docx,.docx,docx,3,一、建设项目基本情况,E:\华南理工项目\环评文件汇总\01_GitHub项目与研究文档\eia-openclaw-sync-chen2026\05_QA测试集\人工核查_环评报告出处整理_20260715\环评报告文件_按正文一级章节拆分_20260727\PL001_佛山市亮正新材料有限公司新建项目_01_核查材料\03_一、建设项目基本情况.md,2,553
E:\华南理工项目\环评文件汇总\01_GitHub项目与研究文档\eia-openclaw-sync-chen2026\05_QA测试集\人工核查_环评报告出处整理_20260715\环评报告文件_按问答顺序\PL001_佛山市亮正新材料有限公司新建项目_01_核查材料.docx,PL001_佛山市亮正新材料有限公司新建项目_01_核查材料.docx,.docx,docx,4,二、建设项目工程分析,E:\华南理工项目\环评文件汇总\01_GitHub项目与研究文档\eia-openclaw-sync-chen2026\05_QA测试集\人工核查_环评报告出处整理_20260715\环评报告文件_按正文一级章节拆分_20260727\PL001_佛山市亮正新材料有限公司新建项目_01_核查材料\04_二、建设项目工程分析.md,5,3265
E:\华南理工项目\环评文件汇总\01_GitHub项目与研究文档\eia-openclaw-sync-chen2026\05_QA测试集\人工核查_环评报告出处整理_20260715\环评报告文件_按问答顺序\PL001_佛山市亮正新材料有限公司新建项目_01_核查材料.docx,PL001_佛山市亮正新材料有限公司新建项目_01_核查材料.docx,.docx,docx,5,三、区域环境质量现状、环境保护目标及评价标准,E:\华南理工项目\环评文件汇总\01_GitHub项目与研究文档\eia-openclaw-sync-chen2026\05_QA测试集\人工核查_环评报告出处整理_20260715\环评报告文件_按正文一级章节拆分_20260727\PL001_佛山市亮正新材料有限公司新建项目_01_核查材料\05_三、区域环境质量现状、环境保护目标及评价标准.md,6,3322
E:\华南理工项目\环评文件汇总\01_GitHub项目与研究文档\eia-openclaw-sync-chen2026\05_QA测试集\人工核查_环评报告出处整理_20260715\环评报告文件_按问答顺序\PL001_佛山市亮正新材料有限公司新建项目_01_核查材料.docx,PL001_佛山市亮正新材料有限公司新建项目_01_核查材料.docx,.docx,docx,6,四、主要环境影响和保护措施,E:\华南理工项目\环评文件汇总\01_GitHub项目与研究文档\eia-openclaw-sync-chen2026\05_QA测试集\人工核查_环评报告出处整理_20260715\环评报告文件_按正文一级章节拆分_20260727\PL001_佛山市亮正新材料有限公司新建项目_01_核查材料\06_四、主要环境影响和保护措施.md,11,8446
E:\华南理工项目\环评文件汇总\01_GitHub项目与研究文档\eia-openclaw-sync-chen2026\05_QA测试集\人工核查_环评报告出处整理_20260715\环评报告文件_按问答顺序\PL001_佛山市亮正新材料有限公司新建项目_01_核查材料.docx,PL001_佛山市亮正新材料有限公司新建项目_01_核查材料.docx,.docx,docx,7,五、环境保护措施监督检查清单,E:\华南理工项目\环评文件汇总\01_GitHub项目与研究文档\eia-openclaw-sync-chen2026\05_QA测试集\人工核查_环评报告出处整理_20260715\环评报告文件_按正文一级章节拆分_20260727\PL001_佛山市亮正新材料有限公司新建项目_01_核查材料\07_五、环境保护措施监督检查清单.md,23,4740
E:\华南理工项目\环评文件汇总\01_GitHub项目与研究文档\eia-openclaw-sync-chen2026\05_QA测试集\人工核查_环评报告出处整理_20260715\环评报告文件_按问答顺序\PL001_佛山市亮正新材料有限公司新建项目_01_核查材料.docx,PL001_佛山市亮正新材料有限公司新建项目_01_核查材料.docx,.docx,docx,8,六、结论,E:\华南理工项目\环评文件汇总\01_GitHub项目与研究文档\eia-openclaw-sync-chen2026\05_QA测试集\人工核查_环评报告出处整理_20260715\环评报告文件_按正文一级章节拆分_20260727\PL001_佛山市亮正新材料有限公司新建项目_01_核查材料\08_六、结论.md,3,213
E:\华南理工项目\环评文件汇总\01_GitHub项目与研究文档\eia-openclaw-sync-chen2026\05_QA测试集\人工核查_环评报告出处整理_20260715\环评报告文件_按问答顺序\PL001_佛山市亮正新材料有限公司新建项目_01_核查材料.docx,PL001_佛山市亮正新材料有限公司新建项目_01_核查材料.docx,.docx,docx,9,附表附图附件,E:\华南理工项目\环评文件汇总\01_GitHub项目与研究文档\eia-openclaw-sync-chen2026\05_QA测试集\人工核查_环评报告出处整理_20260715\环评报告文件_按正文一级章节拆分_20260727\PL001_佛山市亮正新材料有限公司新建项目_01_核查材料\09_附表附图附件.md,4,59
E:\华南理工项目\环评文件汇总\01_GitHub项目与研究文档\eia-openclaw-sync-chen2026\05_QA测试集\人工核查_环评报告出处整理_20260715\环评报告文件_按问答顺序\PL002_佛山市顺德区启卓工程塑料实业有限公司搬迁项目_01_核查材料.docx,PL002_佛山市顺德区启卓工程塑料实业有限公司搬迁项目_01_核查材料.docx,.docx,docx,1,封面及目录,E:\华南理工项目\环评文件汇总\01_GitHub项目与研究文档\eia-openclaw-sync-chen2026\05_QA测试集\人工核查_环评报告出处整理_20260715\环评报告文件_按正文一级章节拆分_20260727\PL002_佛山市顺德区启卓工程塑料实业有限公司搬迁项目_01_核查材料\01_封面及目录.md,7,99
E:\华南理工项目\环评文件汇总\01_GitHub项目与研究文档\eia-openclaw-sync-chen2026\05_QA测试集\人工核查_环评报告出处整理_20260715\环评报告文件_按问答顺序\PL002_佛山市顺德区启卓工程塑料实业有限公司搬迁项目_01_核查材料.docx,PL002_佛山市顺德区启卓工程塑料实业有限公司搬迁项目_01_核查材料.docx,.docx,docx,2,附表附图附件,E:\华南理工项目\环评文件汇总\01_GitHub项目与研究文档\eia-openclaw-sync-chen2026\05_QA测试集\人工核查_环评报告出处整理_20260715\环评报告文件_按正文一级章节拆分_20260727\PL002_佛山市顺德区启卓工程塑料实业有限公司搬迁项目_01_核查材料\02_附表附图附件.md,18,269
E:\华南理工项目\环评文件汇总\01_GitHub项目与研究文档\eia-openclaw-sync-chen2026\05_QA测试集\人工核查_环评报告出处整理_20260715\环评报告文件_按问答顺序\PL002_佛山市顺德区启卓工程塑料实业有限公司搬迁项目_01_核查材料.docx,PL002_佛山市顺德区启卓工程塑料实业有限公司搬迁项目_01_核查材料.docx,.docx,docx,3,一、建设项目基本情况,E:\华南理工项目\环评文件汇总\01_GitHub项目与研究文档\eia-openclaw-sync-chen2026\05_QA测试集\人工核查_环评报告出处整理_20260715\环评报告文件_按正文一级章节拆分_20260727\PL002_佛山市顺德区启卓工程塑料实业有限公司搬迁项目_01_核查材料\03_一、建设项目基本情况.md,2,681
E:\华南理工项目\环评文件汇总\01_GitHub项目与研究文档\eia-openclaw-sync-chen2026\05_QA测试集\人工核查_环评报告出处整理_20260715\环评报告文件_按问答顺序\PL002_佛山市顺德区启卓工程塑料实业有限公司搬迁项目_01_核查材料.docx,PL002_佛山市顺德区启卓工程塑料实业有限公司搬迁项目_01_核查材料.docx,.docx,docx,4,二、建设项目工程分析,E:\华南理工项目\环评文件汇总\01_GitHub项目与研究文档\eia-openclaw-sync-chen2026\05_QA测试集\人工核查_环评报告出处整理_20260715\环评报告文件_按正文一级章节拆分_20260727\PL002_佛山市顺德区启卓工程塑料实业有限公司搬迁项目_01_核查材料\04_二、建设项目工程分析.md,5,9963
E:\华南理工项目\环评文件汇总\01_GitHub项目与研究文档\eia-openclaw-sync-chen2026\05_QA测试集\人工核查_环评报告出处整理_20260715\环评报告文件_按问答顺序\PL002_佛山市顺德区启卓工程塑料实业有限公司搬迁项目_01_核查材料.docx,PL002_佛山市顺德区启卓工程塑料实业有限公司搬迁项目_01_核查材料.docx,.docx,docx,5,三、区域环境质量现状、环境保护目标及评价标准,E:\华南理工项目\环评文件汇总\01_GitHub项目与研究文档\eia-openclaw-sync-chen2026\05_QA测试集\人工核查_环评报告出处整理_20260715\环评报告文件_按正文一级章节拆分_20260727\PL002_佛山市顺德区启卓工程塑料实业有限公司搬迁项目_01_核查材料\05_三、区域环境质量现状、环境保护目标及评价标准.md,6,3854
E:\华南理工项目\环评文件汇总\01_GitHub项目与研究文档\eia-openclaw-sync-chen2026\05_QA测试集\人工核查_环评报告出处整理_20260715\环评报告文件_按问答顺序\PL002_佛山市顺德区启卓工程塑料实业有限公司搬迁项目_01_核查材料.docx,PL002_佛山市顺德区启卓工程塑料实业有限公司搬迁项目_01_核查材料.docx,.docx,docx,6,四、主要环境影响和保护措施,E:\华南理工项目\环评文件汇总\01_GitHub项目与研究文档\eia-openclaw-sync-chen2026\05_QA测试集\人工核查_环评报告出处整理_20260715\环评报告文件_按正文一级章节拆分_20260727\PL002_佛山市顺德区启卓工程塑料实业有限公司搬迁项目_01_核查材料\06_四、主要环境影响和保护措施.md,11,7871
E:\华南理工项目\环评文件汇总\01_GitHub项目与研究文档\eia-openclaw-sync-chen2026\05_QA测试集\人工核查_环评报告出处整理_20260715\环评报告文件_按问答顺序\PL002_佛山市顺德区启卓工程塑料实业有限公司搬迁项目_01_核查材料.docx,PL002_佛山市顺德区启卓工程塑料实业有限公司搬迁项目_01_核查材料.docx,.docx,docx,7,五、环境保护措施监督检查清单,E:\华南理工项目\环评文件汇总\01_GitHub项目与研究文档\eia-openclaw-sync-chen2026\05_QA测试集\人工核查_环评报告出处整理_20260715\环评报告文件_按正文一级章节拆分_20260727\PL002_佛山市顺德区启卓工程塑料实业有限公司搬迁项目_01_核查材料\07_五、环境保护措施监督检查清单.md,19,4291
E:\华南理工项目\环评文件汇总\01_GitHub项目与研究文档\eia-openclaw-sync-chen2026\05_QA测试集\人工核查_环评报告出处整理_20260715\环评报告文件_按问答顺序\PL002_佛山市顺德区启卓工程塑料实业有限公司搬迁项目_01_核查材料.docx,PL002_佛山市顺德区启卓工程塑料实业有限公司搬迁项目_01_核查材料.docx,.docx,docx,8,六、结论,E:\华南理工项目\环评文件汇总\01_GitHub项目与研究文档\eia-openclaw-sync-chen2026\05_QA测试集\人工核查_环评报告出处整理_20260715\环评报告文件_按正文一级章节拆分_20260727\PL002_佛山市顺德区启卓工程塑料实业有限公司搬迁项目_01_核查材料\08_六、结论.md,3,219
E:\华南理工项目\环评文件汇总\01_GitHub项目与研究文档\eia-openclaw-sync-chen2026\05_QA测试集\人工核查_环评报告出处整理_20260715\环评报告文件_按问答顺序\PL002_佛山市顺德区启卓工程塑料实业有限公司搬迁项目_01_核查材料.docx,PL002_佛山市顺德区启卓工程塑料实业有限公司搬迁项目_01_核查材料.docx,.docx,docx,9,附表附图附件,E:\华南理工项目\环评文件汇总\01_GitHub项目与研究文档\eia-openclaw-sync-chen2026\05_QA测试集\人工核查_环评报告出处整理_20260715\环评报告文件_按正文一级章节拆分_20260727\PL002_佛山市顺德区启卓工程塑料实业有限公司搬迁项目_01_核查材料\09_附表附图附件.md,10,142
E:\华南理工项目\环评文件汇总\01_GitHub项目与研究文档\eia-openclaw-sync-chen2026\05_QA测试集\人工核查_环评报告出处整理_20260715\环评报告文件_按问答顺序\PL003_佛山市顺德区康明新材料厂新建项目_01_核查材料.docx,PL003_佛山市顺德区康明新材料厂新建项目_01_核查材料.docx,.docx,docx,1,封面及目录,E:\华南理工项目\环评文件汇总\01_GitHub项目与研究文档\eia-openclaw-sync-chen2026\05_QA测试集\人工核查_环评报告出处整理_20260715\环评报告文件_按正文一级章节拆分_20260727\PL003_佛山市顺德区康明新材料厂新建项目_01_核查材料\01_封面及目录.md,6,93
E:\华南理工项目\环评文件汇总\01_GitHub项目与研究文档\eia-openclaw-sync-chen2026\05_QA测试集\人工核查_环评报告出处整理_20260715\环评报告文件_按问答顺序\PL003_佛山市顺德区康明新材料厂新建项目_01_核查材料.docx,PL003_佛山市顺德区康明新材料厂新建项目_01_核查材料.docx,.docx,docx,2,一、建设项目基本情况,E:\华南理工项目\环评文件汇总\01_GitHub项目与研究文档\eia-openclaw-sync-chen2026\05_QA测试集\人工核查_环评报告出处整理_20260715\环评报告文件_按正文一级章节拆分_20260727\PL003_佛山市顺德区康明新材料厂新建项目_01_核查材料\02_一、建设项目基本情况.md,18,9889
E:\华南理工项目\环评文件汇总\01_GitHub项目与研究文档\eia-openclaw-sync-chen2026\05_QA测试集\人工核查_环评报告出处整理_20260715\环评报告文件_按问答顺序\PL003_佛山市顺德区康明新材料厂新建项目_01_核查材料.docx,PL003_佛山市顺德区康明新材料厂新建项目_01_核查材料.docx,.docx,docx,3,二、建设项目工程分析,E:\华南理工项目\环评文件汇总\01_GitHub项目与研究文档\eia-openclaw-sync-chen2026\05_QA测试集\人工核查_环评报告出处整理_20260715\环评报告文件_按正文一级章节拆分_20260727\PL003_佛山市顺德区康明新材料厂新建项目_01_核查材料\03_二、建设项目工程分析.md,5,3014
E:\华南理工项目\环评文件汇总\01_GitHub项目与研究文档\eia-openclaw-sync-chen2026\05_QA测试集\人工核查_环评报告出处整理_20260715\环评报告文件_按问答顺序\PL003_佛山市顺德区康明新材料厂新建项目_01_核查材料.docx,PL003_佛山市顺德区康明新材料厂新建项目_01_核查材料.docx,.docx,docx,4,三、区域环境质量现状、环境保护目标及评价标准,E:\华南理工项目\环评文件汇总\01_GitHub项目与研究文档\eia-openclaw-sync-chen2026\05_QA测试集\人工核查_环评报告出处整理_20260715\环评报告文件_按正文一级章节拆分_20260727\PL003_佛山市顺德区康明新材料厂新建项目_01_核查材料\04_三、区域环境质量现状、环境保护目标及评价标准.md,6,4603
E:\华南理工项目\环评文件汇总\01_GitHub项目与研究文档\eia-openclaw-sync-chen2026\05_QA测试集\人工核查_环评报告出处整理_20260715\环评报告文件_按问答顺序\PL003_佛山市顺德区康明新材料厂新建项目_01_核查材料.docx,PL003_佛山市顺德区康明新材料厂新建项目_01_核查材料.docx,.docx,docx,5,四、主要环境影响和保护措施,E:\华南理工项目\环评文件汇总\01_GitHub项目与研究文档\eia-openclaw-sync-chen2026\05_QA测试集\人工核查_环评报告出处整理_20260715\环评报告文件_按正文一级章节拆分_20260727\PL003_佛山市顺德区康明新材料厂新建项目_01_核查材料\05_四、主要环境影响和保护措施.md,5,10662
E:\华南理工项目\环评文件汇总\01_GitHub项目与研究文档\eia-openclaw-sync-chen2026\05_QA测试集\人工核查_环评报告出处整理_20260715\环评报告文件_按问答顺序\PL003_佛山市顺德区康明新材料厂新建项目_01_核查材料.docx,PL003_佛山市顺德区康明新材料厂新建项目_01_核查材料.docx,.docx,docx,6,五、环境保护措施监督检查清单,E:\华南理工项目\环评文件汇总\01_GitHub项目与研究文档\eia-openclaw-sync-chen2026\05_QA测试集\人工核查_环评报告出处整理_20260715\环评报告文件_按正文一级章节拆分_20260727\PL003_佛山市顺德区康明新材料厂新建项目_01_核查材料\06_五、环境保护措施监督检查清单.md,25,11781
E:\华南理工项目\环评文件汇总\01_GitHub项目与研究文档\eia-openclaw-sync-chen2026\05_QA测试集\人工核查_环评报告出处整理_20260715\环评报告文件_按问答顺序\PL003_佛山市顺德区康明新材料厂新建项目_01_核查材料.docx,PL003_佛山市顺德区康明新材料厂新建项目_01_核查材料.docx,.docx,docx,7,六、结论,E:\华南理工项目\环评文件汇总\01_GitHub项目与研究文档\eia-openclaw-sync-chen2026\05_QA测试集\人工核查_环评报告出处整理_20260715\环评报告文件_按正文一级章节拆分_20260727\PL003_佛山市顺德区康明新材料厂新建项目_01_核查材料\07_六、结论.md,3,161
E:\华南理工项目\环评文件汇总\01_GitHub项目与研究文档\eia-openclaw-sync-chen2026\05_QA测试集\人工核查_环评报告出处整理_20260715\环评报告文件_按问答顺序\PL003_佛山市顺德区康明新材料厂新建项目_01_核查材料.docx,PL003_佛山市顺德区康明新材料厂新建项目_01_核查材料.docx,.docx,docx,8,附表附图附件,E:\华南理工项目\环评文件汇总\01_GitHub项目与研究文档\eia-openclaw-sync-chen2026\05_QA测试集\人工核查_环评报告出处整理_20260715\环评报告文件_按正文一级章节拆分_20260727\PL003_佛山市顺德区康明新材料厂新建项目_01_核查材料\08_附表附图附件.md,22,413
E:\华南理工项目\环评文件汇总\01_GitHub项目与研究文档\eia-openclaw-sync-chen2026\05_QA测试集\人工核查_环评报告出处整理_20260715\环评报告文件_按问答顺序\PL004_恒励新材料科技(佛山)有限公司新建项目_01_核查材料.docx,PL004_恒励新材料科技(佛山)有限公司新建项目_01_核查材料.docx,.docx,docx,1,封面及目录,E:\华南理工项目\环评文件汇总\01_GitHub项目与研究文档\eia-openclaw-sync-chen2026\05_QA测试集\人工核查_环评报告出处整理_20260715\环评报告文件_按正文一级章节拆分_20260727\PL004_恒励新材料科技(佛山)有限公司新建项目_01_核查材料\01_封面及目录.md,7,99
E:\华南理工项目\环评文件汇总\01_GitHub项目与研究文档\eia-openclaw-sync-chen2026\05_QA测试集\人工核查_环评报告出处整理_20260715\环评报告文件_按问答顺序\PL004_恒励新材料科技(佛山)有限公司新建项目_01_核查材料.docx,PL004_恒励新材料科技(佛山)有限公司新建项目_01_核查材料.docx,.docx,docx,2,附表附图附件,E:\华南理工项目\环评文件汇总\01_GitHub项目与研究文档\eia-openclaw-sync-chen2026\05_QA测试集\人工核查_环评报告出处整理_20260715\环评报告文件_按正文一级章节拆分_20260727\PL004_恒励新材料科技(佛山)有限公司新建项目_01_核查材料\02_附表附图附件.md,17,251
E:\华南理工项目\环评文件汇总\01_GitHub项目与研究文档\eia-openclaw-sync-chen2026\05_QA测试集\人工核查_环评报告出处整理_20260715\环评报告文件_按问答顺序\PL004_恒励新材料科技(佛山)有限公司新建项目_01_核查材料.docx,PL004_恒励新材料科技(佛山)有限公司新建项目_01_核查材料.docx,.docx,docx,3,一、建设项目基本情况,E:\华南理工项目\环评文件汇总\01_GitHub项目与研究文档\eia-openclaw-sync-chen2026\05_QA测试集\人工核查_环评报告出处整理_20260715\环评报告文件_按正文一级章节拆分_20260727\PL004_恒励新材料科技(佛山)有限公司新建项目_01_核查材料\03_一、建设项目基本情况.md,2,907
E:\华南理工项目\环评文件汇总\01_GitHub项目与研究文档\eia-openclaw-sync-chen2026\05_QA测试集\人工核查_环评报告出处整理_20260715\环评报告文件_按问答顺序\PL004_恒励新材料科技(佛山)有限公司新建项目_01_核查材料.docx,PL004_恒励新材料科技(佛山)有限公司新建项目_01_核查材料.docx,.docx,docx,4,二、建设项目工程分析,E:\华南理工项目\环评文件汇总\01_GitHub项目与研究文档\eia-openclaw-sync-chen2026\05_QA测试集\人工核查_环评报告出处整理_20260715\环评报告文件_按正文一级章节拆分_20260727\PL004_恒励新材料科技(佛山)有限公司新建项目_01_核查材料\04_二、建设项目工程分析.md,5,2819
E:\华南理工项目\环评文件汇总\01_GitHub项目与研究文档\eia-openclaw-sync-chen2026\05_QA测试集\人工核查_环评报告出处整理_20260715\环评报告文件_按问答顺序\PL004_恒励新材料科技(佛山)有限公司新建项目_01_核查材料.docx,PL004_恒励新材料科技(佛山)有限公司新建项目_01_核查材料.docx,.docx,docx,5,三、区域环境质量现状、环境保护目标及评价标准,E:\华南理工项目\环评文件汇总\01_GitHub项目与研究文档\eia-openclaw-sync-chen2026\05_QA测试集\人工核查_环评报告出处整理_20260715\环评报告文件_按正文一级章节拆分_20260727\PL004_恒励新材料科技(佛山)有限公司新建项目_01_核查材料\05_三、区域环境质量现状、环境保护目标及评价标准.md,6,4083
E:\华南理工项目\环评文件汇总\01_GitHub项目与研究文档\eia-openclaw-sync-chen2026\05_QA测试集\人工核查_环评报告出处整理_20260715\环评报告文件_按问答顺序\PL004_恒励新材料科技(佛山)有限公司新建项目_01_核查材料.docx,PL004_恒励新材料科技(佛山)有限公司新建项目_01_核查材料.docx,.docx,docx,6,四、主要环境影响和保护措施,E:\华南理工项目\环评文件汇总\01_GitHub项目与研究文档\eia-openclaw-sync-chen2026\05_QA测试集\人工核查_环评报告出处整理_20260715\环评报告文件_按正文一级章节拆分_20260727\PL004_恒励新材料科技(佛山)有限公司新建项目_01_核查材料\06_四、主要环境影响和保护措施.md,8,7891
E:\华南理工项目\环评文件汇总\01_GitHub项目与研究文档\eia-openclaw-sync-chen2026\05_QA测试集\人工核查_环评报告出处整理_20260715\环评报告文件_按问答顺序\PL004_恒励新材料科技(佛山)有限公司新建项目_01_核查材料.docx,PL004_恒励新材料科技(佛山)有限公司新建项目_01_核查材料.docx,.docx,docx,7,五、环境保护措施监督检查清单,E:\华南理工项目\环评文件汇总\01_GitHub项目与研究文档\eia-openclaw-sync-chen2026\05_QA测试集\人工核查_环评报告出处整理_20260715\环评报告文件_按正文一级章节拆分_20260727\PL004_恒励新材料科技(佛山)有限公司新建项目_01_核查材料\07_五、环境保护措施监督检查清单.md,21,5738
E:\华南理工项目\环评文件汇总\01_GitHub项目与研究文档\eia-openclaw-sync-chen2026\05_QA测试集\人工核查_环评报告出处整理_20260715\环评报告文件_按问答顺序\PL004_恒励新材料科技(佛山)有限公司新建项目_01_核查材料.docx,PL004_恒励新材料科技(佛山)有限公司新建项目_01_核查材料.docx,.docx,docx,8,六、结论,E:\华南理工项目\环评文件汇总\01_GitHub项目与研究文档\eia-openclaw-sync-chen2026\05_QA测试集\人工核查_环评报告出处整理_20260715\环评报告文件_按正文一级章节拆分_20260727\PL004_恒励新材料科技(佛山)有限公司新建项目_01_核查材料\08_六、结论.md,3,218
E:\华南理工项目\环评文件汇总\01_GitHub项目与研究文档\eia-openclaw-sync-chen2026\05_QA测试集\人工核查_环评报告出处整理_20260715\环评报告文件_按问答顺序\PL004_恒励新材料科技(佛山)有限公司新建项目_01_核查材料.docx,PL004_恒励新材料科技(佛山)有限公司新建项目_01_核查材料.docx,.docx,docx,9,附表附图附件,E:\华南理工项目\环评文件汇总\01_GitHub项目与研究文档\eia-openclaw-sync-chen2026\05_QA测试集\人工核查_环评报告出处整理_20260715\环评报告文件_按正文一级章节拆分_20260727\PL004_恒励新材料科技(佛山)有限公司新建项目_01_核查材料\09_附表附图附件.md,5,96
E:\华南理工项目\环评文件汇总\01_GitHub项目与研究文档\eia-openclaw-sync-chen2026\05_QA测试集\人工核查_环评报告出处整理_20260715\环评报告文件_按问答顺序\PL005_佛山市润特龙清洁用品有限公司新建项目_01_核查材料.docx,PL005_佛山市润特龙清洁用品有限公司新建项目_01_核查材料.docx,.docx,docx,1,封面及目录,E:\华南理工项目\环评文件汇总\01_GitHub项目与研究文档\eia-openclaw-sync-chen2026\05_QA测试集\人工核查_环评报告出处整理_20260715\环评报告文件_按正文一级章节拆分_20260727\PL005_佛山市润特龙清洁用品有限公司新建项目_01_核查材料\01_封面及目录.md,1,4
E:\华南理工项目\环评文件汇总\01_GitHub项目与研究文档\eia-openclaw-sync-chen2026\05_QA测试集\人工核查_环评报告出处整理_20260715\环评报告文件_按问答顺序\PL005_佛山市润特龙清洁用品有限公司新建项目_01_核查材料.docx,PL005_佛山市润特龙清洁用品有限公司新建项目_01_核查材料.docx,.docx,docx,2,一、建设项目基本情况,E:\华南理工项目\环评文件汇总\01_GitHub项目与研究文档\eia-openclaw-sync-chen2026\05_QA测试集\人工核查_环评报告出处整理_20260715\环评报告文件_按正文一级章节拆分_20260727\PL005_佛山市润特龙清洁用品有限公司新建项目_01_核查材料\02_一、建设项目基本情况.md,18,7464
E:\华南理工项目\环评文件汇总\01_GitHub项目与研究文档\eia-openclaw-sync-chen2026\05_QA测试集\人工核查_环评报告出处整理_20260715\环评报告文件_按问答顺序\PL005_佛山市润特龙清洁用品有限公司新建项目_01_核查材料.docx,PL005_佛山市润特龙清洁用品有限公司新建项目_01_核查材料.docx,.docx,docx,3,二、建设项目工程分析,E:\华南理工项目\环评文件汇总\01_GitHub项目与研究文档\eia-openclaw-sync-chen2026\05_QA测试集\人工核查_环评报告出处整理_20260715\环评报告文件_按正文一级章节拆分_20260727\PL005_佛山市润特龙清洁用品有限公司新建项目_01_核查材料\03_二、建设项目工程分析.md,2,72
E:\华南理工项目\环评文件汇总\01_GitHub项目与研究文档\eia-openclaw-sync-chen2026\05_QA测试集\人工核查_环评报告出处整理_20260715\环评报告文件_按问答顺序\PL005_佛山市润特龙清洁用品有限公司新建项目_01_核查材料.docx,PL005_佛山市润特龙清洁用品有限公司新建项目_01_核查材料.docx,.docx,docx,4,三、区域环境质量现状、环境保护目标及评价标准,E:\华南理工项目\环评文件汇总\01_GitHub项目与研究文档\eia-openclaw-sync-chen2026\05_QA测试集\人工核查_环评报告出处整理_20260715\环评报告文件_按正文一级章节拆分_20260727\PL005_佛山市润特龙清洁用品有限公司新建项目_01_核查材料\04_三、区域环境质量现状、环境保护目标及评价标准.md,6,3541
E:\华南理工项目\环评文件汇总\01_GitHub项目与研究文档\eia-openclaw-sync-chen2026\05_QA测试集\人工核查_环评报告出处整理_20260715\环评报告文件_按问答顺序\PL005_佛山市润特龙清洁用品有限公司新建项目_01_核查材料.docx,PL005_佛山市润特龙清洁用品有限公司新建项目_01_核查材料.docx,.docx,docx,5,四、主要环境影响和保护措施,E:\华南理工项目\环评文件汇总\01_GitHub项目与研究文档\eia-openclaw-sync-chen2026\05_QA测试集\人工核查_环评报告出处整理_20260715\环评报告文件_按正文一级章节拆分_20260727\PL005_佛山市润特龙清洁用品有限公司新建项目_01_核查材料\05_四、主要环境影响和保护措施.md,3,3672
E:\华南理工项目\环评文件汇总\01_GitHub项目与研究文档\eia-openclaw-sync-chen2026\05_QA测试集\人工核查_环评报告出处整理_20260715\环评报告文件_按问答顺序\PL005_佛山市润特龙清洁用品有限公司新建项目_01_核查材料.docx,PL005_佛山市润特龙清洁用品有限公司新建项目_01_核查材料.docx,.docx,docx,6,五、环境保护措施监督检查清单,E:\华南理工项目\环评文件汇总\01_GitHub项目与研究文档\eia-openclaw-sync-chen2026\05_QA测试集\人工核查_环评报告出处整理_20260715\环评报告文件_按正文一级章节拆分_20260727\PL005_佛山市润特龙清洁用品有限公司新建项目_01_核查材料\06_五、环境保护措施监督检查清单.md,24,6330
E:\华南理工项目\环评文件汇总\01_GitHub项目与研究文档\eia-openclaw-sync-chen2026\05_QA测试集\人工核查_环评报告出处整理_20260715\环评报告文件_按问答顺序\PL005_佛山市润特龙清洁用品有限公司新建项目_01_核查材料.docx,PL005_佛山市润特龙清洁用品有限公司新建项目_01_核查材料.docx,.docx,docx,7,六、结论,E:\华南理工项目\环评文件汇总\01_GitHub项目与研究文档\eia-openclaw-sync-chen2026\05_QA测试集\人工核查_环评报告出处整理_20260715\环评报告文件_按正文一级章节拆分_20260727\PL005_佛山市润特龙清洁用品有限公司新建项目_01_核查材料\07_六、结论.md,3,200
E:\华南理工项目\环评文件汇总\01_GitHub项目与研究文档\eia-openclaw-sync-chen2026\05_QA测试集\人工核查_环评报告出处整理_20260715\环评报告文件_按问答顺序\PL005_佛山市润特龙清洁用品有限公司新建项目_01_核查材料.docx,PL005_佛山市润特龙清洁用品有限公司新建项目_01_核查材料.docx,.docx,docx,8,附表附图附件,E:\华南理工项目\环评文件汇总\01_GitHub项目与研究文档\eia-openclaw-sync-chen2026\05_QA测试集\人工核查_环评报告出处整理_20260715\环评报告文件_按正文一级章节拆分_20260727\PL005_佛山市润特龙清洁用品有限公司新建项目_01_核查材料\08_附表附图附件.md,12,184
E:\华南理工项目\环评文件汇总\01_GitHub项目与研究文档\eia-openclaw-sync-chen2026\05_QA测试集\人工核查_环评报告出处整理_20260715\环评报告文件_按问答顺序\PL006_佛山市顺德区乐鲸科技有限公司年产五金拉手300万个新建项目_01_修改评估意见.docx,PL006_佛山市顺德区乐鲸科技有限公司年产五金拉手300万个新建项目_01_修改评估意见.docx,.docx,docx,1,封面及目录,E:\华南理工项目\环评文件汇总\01_GitHub项目与研究文档\eia-openclaw-sync-chen2026\05_QA测试集\人工核查_环评报告出处整理_20260715\环评报告文件_按正文一级章节拆分_20260727\PL006_佛山市顺德区乐鲸科技有限公司年产五金拉手300万个新建项目_01_修改评估意见\01_封面及目录.md,14,205
E:\华南理工项目\环评文件汇总\01_GitHub项目与研究文档\eia-openclaw-sync-chen2026\05_QA测试集\人工核查_环评报告出处整理_20260715\环评报告文件_按问答顺序\_backup_短修改意见_替换前_20260723_143137\PL006_佛山市顺德区乐鲸科技有限公司年产五金拉手300万个新建项目_01_修改评估意见.docx,_backup_短修改意见_替换前_20260723_143137\PL006_佛山市顺德区乐鲸科技有限公司年产五金拉手300万个新建项目_01_修改评估意见.docx,.docx,docx,1,未识别章节_全文,E:\华南理工项目\环评文件汇总\01_GitHub项目与研究文档\eia-openclaw-sync-chen2026\05_QA测试集\人工核查_环评报告出处整理_20260715\环评报告文件_按正文一级章节拆分_20260727\PL006_佛山市顺德区乐鲸科技有限公司年产五金拉手300万个新建项目_01_修改评估意见\01_未识别章节_全文.md,6,152
E:\华南理工项目\环评文件汇总\01_GitHub项目与研究文档\eia-openclaw-sync-chen2026\05_QA测试集\人工核查_环评报告出处整理_20260715\环评报告文件_按问答顺序\PL006_佛山市顺德区乐鲸科技有限公司年产五金拉手300万个新建项目_01_修改评估意见.docx,PL006_佛山市顺德区乐鲸科技有限公司年产五金拉手300万个新建项目_01_修改评估意见.docx,.docx,docx,2,附表附图附件,E:\华南理工项目\环评文件汇总\01_GitHub项目与研究文档\eia-openclaw-sync-chen2026\05_QA测试集\人工核查_环评报告出处整理_20260715\环评报告文件_按正文一级章节拆分_20260727\PL006_佛山市顺德区乐鲸科技有限公司年产五金拉手300万个新建项目_01_修改评估意见\02_附表附图附件.md,19,341
E:\华南理工项目\环评文件汇总\01_GitHub项目与研究文档\eia-openclaw-sync-chen2026\05_QA测试集\人工核查_环评报告出处整理_20260715\环评报告文件_按问答顺序\PL006_佛山市顺德区乐鲸科技有限公司年产五金拉手300万个新建项目_01_修改评估意见.docx,PL006_佛山市顺德区乐鲸科技有限公司年产五金拉手300万个新建项目_01_修改评估意见.docx,.docx,docx,3,一、建设项目基本情况,E:\华南理工项目\环评文件汇总\01_GitHub项目与研究文档\eia-openclaw-sync-chen2026\05_QA测试集\人工核查_环评报告出处整理_20260715\环评报告文件_按正文一级章节拆分_20260727\PL006_佛山市顺德区乐鲸科技有限公司年产五金拉手300万个新建项目_01_修改评估意见\03_一、建设项目基本情况.md,18,12125
E:\华南理工项目\环评文件汇总\01_GitHub项目与研究文档\eia-openclaw-sync-chen2026\05_QA测试集\人工核查_环评报告出处整理_20260715\环评报告文件_按问答顺序\PL006_佛山市顺德区乐鲸科技有限公司年产五金拉手300万个新建项目_01_修改评估意见.docx,PL006_佛山市顺德区乐鲸科技有限公司年产五金拉手300万个新建项目_01_修改评估意见.docx,.docx,docx,4,二、建设项目工程分析,E:\华南理工项目\环评文件汇总\01_GitHub项目与研究文档\eia-openclaw-sync-chen2026\05_QA测试集\人工核查_环评报告出处整理_20260715\环评报告文件_按正文一级章节拆分_20260727\PL006_佛山市顺德区乐鲸科技有限公司年产五金拉手300万个新建项目_01_修改评估意见\04_二、建设项目工程分析.md,5,2118
E:\华南理工项目\环评文件汇总\01_GitHub项目与研究文档\eia-openclaw-sync-chen2026\05_QA测试集\人工核查_环评报告出处整理_20260715\环评报告文件_按问答顺序\PL006_佛山市顺德区乐鲸科技有限公司年产五金拉手300万个新建项目_01_修改评估意见.docx,PL006_佛山市顺德区乐鲸科技有限公司年产五金拉手300万个新建项目_01_修改评估意见.docx,.docx,docx,5,三、区域环境质量现状、环境保护目标及评价标准,E:\华南理工项目\环评文件汇总\01_GitHub项目与研究文档\eia-openclaw-sync-chen2026\05_QA测试集\人工核查_环评报告出处整理_20260715\环评报告文件_按正文一级章节拆分_20260727\PL006_佛山市顺德区乐鲸科技有限公司年产五金拉手300万个新建项目_01_修改评估意见\05_三、区域环境质量现状、环境保护目标及评价标准.md,2,11540
E:\华南理工项目\环评文件汇总\01_GitHub项目与研究文档\eia-openclaw-sync-chen2026\05_QA测试集\人工核查_环评报告出处整理_20260715\环评报告文件_按问答顺序\PL006_佛山市顺德区乐鲸科技有限公司年产五金拉手300万个新建项目_01_修改评估意见.docx,PL006_佛山市顺德区乐鲸科技有限公司年产五金拉手300万个新建项目_01_修改评估意见.docx,.docx,docx,6,五、环境保护措施监督检查清单,E:\华南理工项目\环评文件汇总\01_GitHub项目与研究文档\eia-openclaw-sync-chen2026\05_QA测试集\人工核查_环评报告出处整理_20260715\环评报告文件_按正文一级章节拆分_20260727\PL006_佛山市顺德区乐鲸科技有限公司年产五金拉手300万个新建项目_01_修改评估意见\06_五、环境保护措施监督检查清单.md,23,6501
E:\华南理工项目\环评文件汇总\01_GitHub项目与研究文档\eia-openclaw-sync-chen2026\05_QA测试集\人工核查_环评报告出处整理_20260715\环评报告文件_按问答顺序\PL006_佛山市顺德区乐鲸科技有限公司年产五金拉手300万个新建项目_01_修改评估意见.docx,PL006_佛山市顺德区乐鲸科技有限公司年产五金拉手300万个新建项目_01_修改评估意见.docx,.docx,docx,7,六、结论,E:\华南理工项目\环评文件汇总\01_GitHub项目与研究文档\eia-openclaw-sync-chen2026\05_QA测试集\人工核查_环评报告出处整理_20260715\环评报告文件_按正文一级章节拆分_20260727\PL006_佛山市顺德区乐鲸科技有限公司年产五金拉手300万个新建项目_01_修改评估意见\07_六、结论.md,3,191
E:\华南理工项目\环评文件汇总\01_GitHub项目与研究文档\eia-openclaw-sync-chen2026\05_QA测试集\人工核查_环评报告出处整理_20260715\环评报告文件_按问答顺序\PL006_佛山市顺德区乐鲸科技有限公司年产五金拉手300万个新建项目_01_修改评估意见.docx,PL006_佛山市顺德区乐鲸科技有限公司年产五金拉手300万个新建项目_01_修改评估意见.docx,.docx,docx,8,附表附图附件,E:\华南理工项目\环评文件汇总\01_GitHub项目与研究文档\eia-openclaw-sync-chen2026\05_QA测试集\人工核查_环评报告出处整理_20260715\环评报告文件_按正文一级章节拆分_20260727\PL006_佛山市顺德区乐鲸科技有限公司年产五金拉手300万个新建项目_01_修改评估意见\08_附表附图附件.md,15,231
E:\华南理工项目\环评文件汇总\01_GitHub项目与研究文档\eia-openclaw-sync-chen2026\05_QA测试集\人工核查_环评报告出处整理_20260715\环评报告文件_按问答顺序\PL007_广东云晟新材料有限公司年产水性涂料2400吨新建项目_01_修改评估意见.docx,PL007_广东云晟新材料有限公司年产水性涂料2400吨新建项目_01_修改评估意见.docx,.docx,docx,1,封面及目录,E:\华南理工项目\环评文件汇总\01_GitHub项目与研究文档\eia-openclaw-sync-chen2026\05_QA测试集\人工核查_环评报告出处整理_20260715\环评报告文件_按正文一级章节拆分_20260727\PL007_广东云晟新材料有限公司年产水性涂料2400吨新建项目_01_修改评估意见\01_封面及目录.md,6,100
E:\华南理工项目\环评文件汇总\01_GitHub项目与研究文档\eia-openclaw-sync-chen2026\05_QA测试集\人工核查_环评报告出处整理_20260715\环评报告文件_按问答顺序\_backup_短修改意见_替换前_20260723_143137\PL007_广东云晟新材料有限公司年产水性涂料2400吨新建项目_01_修改评估意见.docx,_backup_短修改意见_替换前_20260723_143137\PL007_广东云晟新材料有限公司年产水性涂料2400吨新建项目_01_修改评估意见.docx,.docx,docx,1,未识别章节_全文,E:\华南理工项目\环评文件汇总\01_GitHub项目与研究文档\eia-openclaw-sync-chen2026\05_QA测试集\人工核查_环评报告出处整理_20260715\环评报告文件_按正文一级章节拆分_20260727\PL007_广东云晟新材料有限公司年产水性涂料2400吨新建项目_01_修改评估意见\01_未识别章节_全文.md,6,152
E:\华南理工项目\环评文件汇总\01_GitHub项目与研究文档\eia-openclaw-sync-chen2026\05_QA测试集\人工核查_环评报告出处整理_20260715\环评报告文件_按问答顺序\PL007_广东云晟新材料有限公司年产水性涂料2400吨新建项目_01_修改评估意见.docx,PL007_广东云晟新材料有限公司年产水性涂料2400吨新建项目_01_修改评估意见.docx,.docx,docx,2,一、建设项目基本情况,E:\华南理工项目\环评文件汇总\01_GitHub项目与研究文档\eia-openclaw-sync-chen2026\05_QA测试集\人工核查_环评报告出处整理_20260715\环评报告文件_按正文一级章节拆分_20260727\PL007_广东云晟新材料有限公司年产水性涂料2400吨新建项目_01_修改评估意见\02_一、建设项目基本情况.md,18,7147
E:\华南理工项目\环评文件汇总\01_GitHub项目与研究文档\eia-openclaw-sync-chen2026\05_QA测试集\人工核查_环评报告出处整理_20260715\环评报告文件_按问答顺序\PL007_广东云晟新材料有限公司年产水性涂料2400吨新建项目_01_修改评估意见.docx,PL007_广东云晟新材料有限公司年产水性涂料2400吨新建项目_01_修改评估意见.docx,.docx,docx,3,二、建设项目工程分析,E:\华南理工项目\环评文件汇总\01_GitHub项目与研究文档\eia-openclaw-sync-chen2026\05_QA测试集\人工核查_环评报告出处整理_20260715\环评报告文件_按正文一级章节拆分_20260727\PL007_广东云晟新材料有限公司年产水性涂料2400吨新建项目_01_修改评估意见\03_二、建设项目工程分析.md,5,3332
E:\华南理工项目\环评文件汇总\01_GitHub项目与研究文档\eia-openclaw-sync-chen2026\05_QA测试集\人工核查_环评报告出处整理_20260715\环评报告文件_按问答顺序\PL007_广东云晟新材料有限公司年产水性涂料2400吨新建项目_01_修改评估意见.docx,PL007_广东云晟新材料有限公司年产水性涂料2400吨新建项目_01_修改评估意见.docx,.docx,docx,4,三、区域环境质量现状、环境保护目标及评价标准,E:\华南理工项目\环评文件汇总\01_GitHub项目与研究文档\eia-openclaw-sync-chen2026\05_QA测试集\人工核查_环评报告出处整理_20260715\环评报告文件_按正文一级章节拆分_20260727\PL007_广东云晟新材料有限公司年产水性涂料2400吨新建项目_01_修改评估意见\04_三、区域环境质量现状、环境保护目标及评价标准.md,2,13429
E:\华南理工项目\环评文件汇总\01_GitHub项目与研究文档\eia-openclaw-sync-chen2026\05_QA测试集\人工核查_环评报告出处整理_20260715\环评报告文件_按问答顺序\PL007_广东云晟新材料有限公司年产水性涂料2400吨新建项目_01_修改评估意见.docx,PL007_广东云晟新材料有限公司年产水性涂料2400吨新建项目_01_修改评估意见.docx,.docx,docx,5,五、环境保护措施监督检查清单,E:\华南理工项目\环评文件汇总\01_GitHub项目与研究文档\eia-openclaw-sync-chen2026\05_QA测试集\人工核查_环评报告出处整理_20260715\环评报告文件_按正文一级章节拆分_20260727\PL007_广东云晟新材料有限公司年产水性涂料2400吨新建项目_01_修改评估意见\05_五、环境保护措施监督检查清单.md,16,3958
E:\华南理工项目\环评文件汇总\01_GitHub项目与研究文档\eia-openclaw-sync-chen2026\05_QA测试集\人工核查_环评报告出处整理_20260715\环评报告文件_按问答顺序\PL007_广东云晟新材料有限公司年产水性涂料2400吨新建项目_01_修改评估意见.docx,PL007_广东云晟新材料有限公司年产水性涂料2400吨新建项目_01_修改评估意见.docx,.docx,docx,6,六、结论,E:\华南理工项目\环评文件汇总\01_GitHub项目与研究文档\eia-openclaw-sync-chen2026\05_QA测试集\人工核查_环评报告出处整理_20260715\环评报告文件_按正文一级章节拆分_20260727\PL007_广东云晟新材料有限公司年产水性涂料2400吨新建项目_01_修改评估意见\06_六、结论.md,3,191
E:\华南理工项目\环评文件汇总\01_GitHub项目与研究文档\eia-openclaw-sync-chen2026\05_QA测试集\人工核查_环评报告出处整理_20260715\环评报告文件_按问答顺序\PL007_广东云晟新材料有限公司年产水性涂料2400吨新建项目_01_修改评估意见.docx,PL007_广东云晟新材料有限公司年产水性涂料2400吨新建项目_01_修改评估意见.docx,.docx,docx,7,附表附图附件,E:\华南理工项目\环评文件汇总\01_GitHub项目与研究文档\eia-openclaw-sync-chen2026\05_QA测试集\人工核查_环评报告出处整理_20260715\环评报告文件_按正文一级章节拆分_20260727\PL007_广东云晟新材料有限公司年产水性涂料2400吨新建项目_01_修改评估意见\07_附表附图附件.md,12,151
E:\华南理工项目\环评文件汇总\01_GitHub项目与研究文档\eia-openclaw-sync-chen2026\05_QA测试集\人工核查_环评报告出处整理_20260715\环评报告文件_按问答顺序\PL008_佛山市顺德区亚马逊涂料有限公司迁扩建项目_01_修改评估意见.docx,PL008_佛山市顺德区亚马逊涂料有限公司迁扩建项目_01_修改评估意见.docx,.docx,docx,1,封面及目录,E:\华南理工项目\环评文件汇总\01_GitHub项目与研究文档\eia-openclaw-sync-chen2026\05_QA测试集\人工核查_环评报告出处整理_20260715\环评报告文件_按正文一级章节拆分_20260727\PL008_佛山市顺德区亚马逊涂料有限公司迁扩建项目_01_修改评估意见\01_封面及目录.md,7,100
E:\华南理工项目\环评文件汇总\01_GitHub项目与研究文档\eia-openclaw-sync-chen2026\05_QA测试集\人工核查_环评报告出处整理_20260715\环评报告文件_按问答顺序\PL008_佛山市顺德区亚马逊涂料有限公司迁扩建项目_01_修改评估意见.docx,PL008_佛山市顺德区亚马逊涂料有限公司迁扩建项目_01_修改评估意见.docx,.docx,docx,2,附表附图附件,E:\华南理工项目\环评文件汇总\01_GitHub项目与研究文档\eia-openclaw-sync-chen2026\05_QA测试集\人工核查_环评报告出处整理_20260715\环评报告文件_按正文一级章节拆分_20260727\PL008_佛山市顺德区亚马逊涂料有限公司迁扩建项目_01_修改评估意见\02_附表附图附件.md,28,374
E:\华南理工项目\环评文件汇总\01_GitHub项目与研究文档\eia-openclaw-sync-chen2026\05_QA测试集\人工核查_环评报告出处整理_20260715\环评报告文件_按问答顺序\PL008_佛山市顺德区亚马逊涂料有限公司迁扩建项目_01_修改评估意见.docx,PL008_佛山市顺德区亚马逊涂料有限公司迁扩建项目_01_修改评估意见.docx,.docx,docx,3,一、建设项目基本情况,E:\华南理工项目\环评文件汇总\01_GitHub项目与研究文档\eia-openclaw-sync-chen2026\05_QA测试集\人工核查_环评报告出处整理_20260715\环评报告文件_按正文一级章节拆分_20260727\PL008_佛山市顺德区亚马逊涂料有限公司迁扩建项目_01_修改评估意见\03_一、建设项目基本情况.md,18,12073
E:\华南理工项目\环评文件汇总\01_GitHub项目与研究文档\eia-openclaw-sync-chen2026\05_QA测试集\人工核查_环评报告出处整理_20260715\环评报告文件_按问答顺序\PL008_佛山市顺德区亚马逊涂料有限公司迁扩建项目_01_修改评估意见.docx,PL008_佛山市顺德区亚马逊涂料有限公司迁扩建项目_01_修改评估意见.docx,.docx,docx,4,二、建设项目工程分析,E:\华南理工项目\环评文件汇总\01_GitHub项目与研究文档\eia-openclaw-sync-chen2026\05_QA测试集\人工核查_环评报告出处整理_20260715\环评报告文件_按正文一级章节拆分_20260727\PL008_佛山市顺德区亚马逊涂料有限公司迁扩建项目_01_修改评估意见\04_二、建设项目工程分析.md,5,10780
E:\华南理工项目\环评文件汇总\01_GitHub项目与研究文档\eia-openclaw-sync-chen2026\05_QA测试集\人工核查_环评报告出处整理_20260715\环评报告文件_按问答顺序\PL008_佛山市顺德区亚马逊涂料有限公司迁扩建项目_01_修改评估意见.docx,PL008_佛山市顺德区亚马逊涂料有限公司迁扩建项目_01_修改评估意见.docx,.docx,docx,5,三、区域环境质量现状、环境保护目标及评价标准,E:\华南理工项目\环评文件汇总\01_GitHub项目与研究文档\eia-openclaw-sync-chen2026\05_QA测试集\人工核查_环评报告出处整理_20260715\环评报告文件_按正文一级章节拆分_20260727\PL008_佛山市顺德区亚马逊涂料有限公司迁扩建项目_01_修改评估意见\05_三、区域环境质量现状、环境保护目标及评价标准.md,6,3793
E:\华南理工项目\环评文件汇总\01_GitHub项目与研究文档\eia-openclaw-sync-chen2026\05_QA测试集\人工核查_环评报告出处整理_20260715\环评报告文件_按问答顺序\PL008_佛山市顺德区亚马逊涂料有限公司迁扩建项目_01_修改评估意见.docx,PL008_佛山市顺德区亚马逊涂料有限公司迁扩建项目_01_修改评估意见.docx,.docx,docx,6,四、主要环境影响和保护措施,E:\华南理工项目\环评文件汇总\01_GitHub项目与研究文档\eia-openclaw-sync-chen2026\05_QA测试集\人工核查_环评报告出处整理_20260715\环评报告文件_按正文一级章节拆分_20260727\PL008_佛山市顺德区亚马逊涂料有限公司迁扩建项目_01_修改评估意见\06_四、主要环境影响和保护措施.md,2,14374
E:\华南理工项目\环评文件汇总\01_GitHub项目与研究文档\eia-openclaw-sync-chen2026\05_QA测试集\人工核查_环评报告出处整理_20260715\环评报告文件_按问答顺序\PL008_佛山市顺德区亚马逊涂料有限公司迁扩建项目_01_修改评估意见.docx,PL008_佛山市顺德区亚马逊涂料有限公司迁扩建项目_01_修改评估意见.docx,.docx,docx,7,五、环境保护措施监督检查清单,E:\华南理工项目\环评文件汇总\01_GitHub项目与研究文档\eia-openclaw-sync-chen2026\05_QA测试集\人工核查_环评报告出处整理_20260715\环评报告文件_按正文一级章节拆分_20260727\PL008_佛山市顺德区亚马逊涂料有限公司迁扩建项目_01_修改评估意见\07_五、环境保护措施监督检查清单.md,19,8611
E:\华南理工项目\环评文件汇总\01_GitHub项目与研究文档\eia-openclaw-sync-chen2026\05_QA测试集\人工核查_环评报告出处整理_20260715\环评报告文件_按问答顺序\PL008_佛山市顺德区亚马逊涂料有限公司迁扩建项目_01_修改评估意见.docx,PL008_佛山市顺德区亚马逊涂料有限公司迁扩建项目_01_修改评估意见.docx,.docx,docx,8,六、结论,E:\华南理工项目\环评文件汇总\01_GitHub项目与研究文档\eia-openclaw-sync-chen2026\05_QA测试集\人工核查_环评报告出处整理_20260715\环评报告文件_按正文一级章节拆分_20260727\PL008_佛山市顺德区亚马逊涂料有限公司迁扩建项目_01_修改评估意见\08_六、结论.md,3,177
E:\华南理工项目\环评文件汇总\01_GitHub项目与研究文档\eia-openclaw-sync-chen2026\05_QA测试集\人工核查_环评报告出处整理_20260715\环评报告文件_按问答顺序\PL008_佛山市顺德区亚马逊涂料有限公司迁扩建项目_01_修改评估意见.docx,PL008_佛山市顺德区亚马逊涂料有限公司迁扩建项目_01_修改评估意见.docx,.docx,docx,9,附表附图附件,E:\华南理工项目\环评文件汇总\01_GitHub项目与研究文档\eia-openclaw-sync-chen2026\05_QA测试集\人工核查_环评报告出处整理_20260715\环评报告文件_按正文一级章节拆分_20260727\PL008_佛山市顺德区亚马逊涂料有限公司迁扩建项目_01_修改评估意见\09_附表附图附件.md,27,319
E:\华南理工项目\环评文件汇总\01_GitHub项目与研究文档\eia-openclaw-sync-chen2026\05_QA测试集\人工核查_环评报告出处整理_20260715\环评报告文件_按问答顺序\PL009_广东威诺高科技股份有限公司搬迁项目_01_修改评估意见.docx,PL009_广东威诺高科技股份有限公司搬迁项目_01_修改评估意见.docx,.docx,docx,1,封面及目录,E:\华南理工项目\环评文件汇总\01_GitHub项目与研究文档\eia-openclaw-sync-chen2026\05_QA测试集\人工核查_环评报告出处整理_20260715\环评报告文件_按正文一级章节拆分_20260727\PL009_广东威诺高科技股份有限公司搬迁项目_01_修改评估意见\01_封面及目录.md,7,100
E:\华南理工项目\环评文件汇总\01_GitHub项目与研究文档\eia-openclaw-sync-chen2026\05_QA测试集\人工核查_环评报告出处整理_20260715\环评报告文件_按问答顺序\_backup_短修改意见_替换前_20260723_143137\PL009_广东威诺高科技股份有限公司搬迁项目_01_修改评估意见.docx,_backup_短修改意见_替换前_20260723_143137\PL009_广东威诺高科技股份有限公司搬迁项目_01_修改评估意见.docx,.docx,docx,1,未识别章节_全文,E:\华南理工项目\环评文件汇总\01_GitHub项目与研究文档\eia-openclaw-sync-chen2026\05_QA测试集\人工核查_环评报告出处整理_20260715\环评报告文件_按正文一级章节拆分_20260727\PL009_广东威诺高科技股份有限公司搬迁项目_01_修改评估意见\01_未识别章节_全文.md,6,152
E:\华南理工项目\环评文件汇总\01_GitHub项目与研究文档\eia-openclaw-sync-chen2026\05_QA测试集\人工核查_环评报告出处整理_20260715\环评报告文件_按问答顺序\PL009_广东威诺高科技股份有限公司搬迁项目_01_修改评估意见.docx,PL009_广东威诺高科技股份有限公司搬迁项目_01_修改评估意见.docx,.docx,docx,2,附表附图附件,E:\华南理工项目\环评文件汇总\01_GitHub项目与研究文档\eia-openclaw-sync-chen2026\05_QA测试集\人工核查_环评报告出处整理_20260715\环评报告文件_按正文一级章节拆分_20260727\PL009_广东威诺高科技股份有限公司搬迁项目_01_修改评估意见\02_附表附图附件.md,31,539
E:\华南理工项目\环评文件汇总\01_GitHub项目与研究文档\eia-openclaw-sync-chen2026\05_QA测试集\人工核查_环评报告出处整理_20260715\环评报告文件_按问答顺序\PL009_广东威诺高科技股份有限公司搬迁项目_01_修改评估意见.docx,PL009_广东威诺高科技股份有限公司搬迁项目_01_修改评估意见.docx,.docx,docx,3,一、建设项目基本情况,E:\华南理工项目\环评文件汇总\01_GitHub项目与研究文档\eia-openclaw-sync-chen2026\05_QA测试集\人工核查_环评报告出处整理_20260715\环评报告文件_按正文一级章节拆分_20260727\PL009_广东威诺高科技股份有限公司搬迁项目_01_修改评估意见\03_一、建设项目基本情况.md,18,11713
E:\华南理工项目\环评文件汇总\01_GitHub项目与研究文档\eia-openclaw-sync-chen2026\05_QA测试集\人工核查_环评报告出处整理_20260715\环评报告文件_按问答顺序\PL009_广东威诺高科技股份有限公司搬迁项目_01_修改评估意见.docx,PL009_广东威诺高科技股份有限公司搬迁项目_01_修改评估意见.docx,.docx,docx,4,二、建设项目工程分析,E:\华南理工项目\环评文件汇总\01_GitHub项目与研究文档\eia-openclaw-sync-chen2026\05_QA测试集\人工核查_环评报告出处整理_20260715\环评报告文件_按正文一级章节拆分_20260727\PL009_广东威诺高科技股份有限公司搬迁项目_01_修改评估意见\04_二、建设项目工程分析.md,5,7635
E:\华南理工项目\环评文件汇总\01_GitHub项目与研究文档\eia-openclaw-sync-chen2026\05_QA测试集\人工核查_环评报告出处整理_20260715\环评报告文件_按问答顺序\PL009_广东威诺高科技股份有限公司搬迁项目_01_修改评估意见.docx,PL009_广东威诺高科技股份有限公司搬迁项目_01_修改评估意见.docx,.docx,docx,5,三、区域环境质量现状、环境保护目标及评价标准,E:\华南理工项目\环评文件汇总\01_GitHub项目与研究文档\eia-openclaw-sync-chen2026\05_QA测试集\人工核查_环评报告出处整理_20260715\环评报告文件_按正文一级章节拆分_20260727\PL009_广东威诺高科技股份有限公司搬迁项目_01_修改评估意见\05_三、区域环境质量现状、环境保护目标及评价标准.md,6,3863
E:\华南理工项目\环评文件汇总\01_GitHub项目与研究文档\eia-openclaw-sync-chen2026\05_QA测试集\人工核查_环评报告出处整理_20260715\环评报告文件_按问答顺序\PL009_广东威诺高科技股份有限公司搬迁项目_01_修改评估意见.docx,PL009_广东威诺高科技股份有限公司搬迁项目_01_修改评估意见.docx,.docx,docx,6,四、主要环境影响和保护措施,E:\华南理工项目\环评文件汇总\01_GitHub项目与研究文档\eia-openclaw-sync-chen2026\05_QA测试集\人工核查_环评报告出处整理_20260715\环评报告文件_按正文一级章节拆分_20260727\PL009_广东威诺高科技股份有限公司搬迁项目_01_修改评估意见\06_四、主要环境影响和保护措施.md,2,11605
E:\华南理工项目\环评文件汇总\01_GitHub项目与研究文档\eia-openclaw-sync-chen2026\05_QA测试集\人工核查_环评报告出处整理_20260715\环评报告文件_按问答顺序\PL009_广东威诺高科技股份有限公司搬迁项目_01_修改评估意见.docx,PL009_广东威诺高科技股份有限公司搬迁项目_01_修改评估意见.docx,.docx,docx,7,五、环境保护措施监督检查清单,E:\华南理工项目\环评文件汇总\01_GitHub项目与研究文档\eia-openclaw-sync-chen2026\05_QA测试集\人工核查_环评报告出处整理_20260715\环评报告文件_按正文一级章节拆分_20260727\PL009_广东威诺高科技股份有限公司搬迁项目_01_修改评估意见\07_五、环境保护措施监督检查清单.md,20,9273
E:\华南理工项目\环评文件汇总\01_GitHub项目与研究文档\eia-openclaw-sync-chen2026\05_QA测试集\人工核查_环评报告出处整理_20260715\环评报告文件_按问答顺序\PL009_广东威诺高科技股份有限公司搬迁项目_01_修改评估意见.docx,PL009_广东威诺高科技股份有限公司搬迁项目_01_修改评估意见.docx,.docx,docx,8,六、结论,E:\华南理工项目\环评文件汇总\01_GitHub项目与研究文档\eia-openclaw-sync-chen2026\05_QA测试集\人工核查_环评报告出处整理_20260715\环评报告文件_按正文一级章节拆分_20260727\PL009_广东威诺高科技股份有限公司搬迁项目_01_修改评估意见\08_六、结论.md,3,177
E:\华南理工项目\环评文件汇总\01_GitHub项目与研究文档\eia-openclaw-sync-chen2026\05_QA测试集\人工核查_环评报告出处整理_20260715\环评报告文件_按问答顺序\PL009_广东威诺高科技股份有限公司搬迁项目_01_修改评估意见.docx,PL009_广东威诺高科技股份有限公司搬迁项目_01_修改评估意见.docx,.docx,docx,9,附表附图附件,E:\华南理工项目\环评文件汇总\01_GitHub项目与研究文档\eia-openclaw-sync-chen2026\05_QA测试集\人工核查_环评报告出处整理_20260715\环评报告文件_按正文一级章节拆分_20260727\PL009_广东威诺高科技股份有限公司搬迁项目_01_修改评估意见\09_附表附图附件.md,21,292
E:\华南理工项目\环评文件汇总\01_GitHub项目与研究文档\eia-openclaw-sync-chen2026\05_QA测试集\人工核查_环评报告出处整理_20260715\环评报告文件_按问答顺序\PL010_悍高集团股份有限公司功能拉篮车间搬迁扩建项目_01_修改评估意见.docx,PL010_悍高集团股份有限公司功能拉篮车间搬迁扩建项目_01_修改评估意见.docx,.docx,docx,1,封面及目录,E:\华南理工项目\环评文件汇总\01_GitHub项目与研究文档\eia-openclaw-sync-chen2026\05_QA测试集\人工核查_环评报告出处整理_20260715\环评报告文件_按正文一级章节拆分_20260727\PL010_悍高集团股份有限公司功能拉篮车间搬迁扩建项目_01_修改评估意见\01_封面及目录.md,217,97585
E:\华南理工项目\环评文件汇总\01_GitHub项目与研究文档\eia-openclaw-sync-chen2026\05_QA测试集\人工核查_环评报告出处整理_20260715\环评报告文件_按问答顺序\_backup_短修改意见_替换前_20260723_143137\PL010_悍高集团股份有限公司功能拉篮车间搬迁扩建项目_01_修改评估意见.docx,_backup_短修改意见_替换前_20260723_143137\PL010_悍高集团股份有限公司功能拉篮车间搬迁扩建项目_01_修改评估意见.docx,.docx,docx,1,未识别章节_全文,E:\华南理工项目\环评文件汇总\01_GitHub项目与研究文档\eia-openclaw-sync-chen2026\05_QA测试集\人工核查_环评报告出处整理_20260715\环评报告文件_按正文一级章节拆分_20260727\PL010_悍高集团股份有限公司功能拉篮车间搬迁扩建项目_01_修改评估意见\01_未识别章节_全文.md,6,152
E:\华南理工项目\环评文件汇总\01_GitHub项目与研究文档\eia-openclaw-sync-chen2026\05_QA测试集\人工核查_环评报告出处整理_20260715\环评报告文件_按问答顺序\PL010_悍高集团股份有限公司功能拉篮车间搬迁扩建项目_01_修改评估意见.docx,PL010_悍高集团股份有限公司功能拉篮车间搬迁扩建项目_01_修改评估意见.docx,.docx,docx,2,附表附图附件,E:\华南理工项目\环评文件汇总\01_GitHub项目与研究文档\eia-openclaw-sync-chen2026\05_QA测试集\人工核查_环评报告出处整理_20260715\环评报告文件_按正文一级章节拆分_20260727\PL010_悍高集团股份有限公司功能拉篮车间搬迁扩建项目_01_修改评估意见\02_附表附图附件.md,14,224
E:\华南理工项目\环评文件汇总\01_GitHub项目与研究文档\eia-openclaw-sync-chen2026\05_QA测试集\人工核查_环评报告出处整理_20260715\环评报告文件_按问答顺序\PL011_广东潜龙化工有限公司新建项目_01_修改评估意见.docx,PL011_广东潜龙化工有限公司新建项目_01_修改评估意见.docx,.docx,docx,1,封面及目录,E:\华南理工项目\环评文件汇总\01_GitHub项目与研究文档\eia-openclaw-sync-chen2026\05_QA测试集\人工核查_环评报告出处整理_20260715\环评报告文件_按正文一级章节拆分_20260727\PL011_广东潜龙化工有限公司新建项目_01_修改评估意见\01_封面及目录.md,7,100
E:\华南理工项目\环评文件汇总\01_GitHub项目与研究文档\eia-openclaw-sync-chen2026\05_QA测试集\人工核查_环评报告出处整理_20260715\环评报告文件_按问答顺序\_backup_短修改意见_替换前_20260723_143137\PL011_广东潜龙化工有限公司新建项目_01_修改评估意见.docx,_backup_短修改意见_替换前_20260723_143137\PL011_广东潜龙化工有限公司新建项目_01_修改评估意见.docx,.docx,docx,1,未识别章节_全文,E:\华南理工项目\环评文件汇总\01_GitHub项目与研究文档\eia-openclaw-sync-chen2026\05_QA测试集\人工核查_环评报告出处整理_20260715\环评报告文件_按正文一级章节拆分_20260727\PL011_广东潜龙化工有限公司新建项目_01_修改评估意见\01_未识别章节_全文.md,6,152
E:\华南理工项目\环评文件汇总\01_GitHub项目与研究文档\eia-openclaw-sync-chen2026\05_QA测试集\人工核查_环评报告出处整理_20260715\环评报告文件_按问答顺序\PL011_广东潜龙化工有限公司新建项目_01_修改评估意见.docx,PL011_广东潜龙化工有限公司新建项目_01_修改评估意见.docx,.docx,docx,2,附表附图附件,E:\华南理工项目\环评文件汇总\01_GitHub项目与研究文档\eia-openclaw-sync-chen2026\05_QA测试集\人工核查_环评报告出处整理_20260715\环评报告文件_按正文一级章节拆分_20260727\PL011_广东潜龙化工有限公司新建项目_01_修改评估意见\02_附表附图附件.md,18,218
E:\华南理工项目\环评文件汇总\01_GitHub项目与研究文档\eia-openclaw-sync-chen2026\05_QA测试集\人工核查_环评报告出处整理_20260715\环评报告文件_按问答顺序\PL011_广东潜龙化工有限公司新建项目_01_修改评估意见.docx,PL011_广东潜龙化工有限公司新建项目_01_修改评估意见.docx,.docx,docx,3,一、建设项目基本情况,E:\华南理工项目\环评文件汇总\01_GitHub项目与研究文档\eia-openclaw-sync-chen2026\05_QA测试集\人工核查_环评报告出处整理_20260715\环评报告文件_按正文一级章节拆分_20260727\PL011_广东潜龙化工有限公司新建项目_01_修改评估意见\03_一、建设项目基本情况.md,18,7583
E:\华南理工项目\环评文件汇总\01_GitHub项目与研究文档\eia-openclaw-sync-chen2026\05_QA测试集\人工核查_环评报告出处整理_20260715\环评报告文件_按问答顺序\PL011_广东潜龙化工有限公司新建项目_01_修改评估意见.docx,PL011_广东潜龙化工有限公司新建项目_01_修改评估意见.docx,.docx,docx,4,二、建设项目工程分析,E:\华南理工项目\环评文件汇总\01_GitHub项目与研究文档\eia-openclaw-sync-chen2026\05_QA测试集\人工核查_环评报告出处整理_20260715\环评报告文件_按正文一级章节拆分_20260727\PL011_广东潜龙化工有限公司新建项目_01_修改评估意见\04_二、建设项目工程分析.md,5,3301
E:\华南理工项目\环评文件汇总\01_GitHub项目与研究文档\eia-openclaw-sync-chen2026\05_QA测试集\人工核查_环评报告出处整理_20260715\环评报告文件_按问答顺序\PL011_广东潜龙化工有限公司新建项目_01_修改评估意见.docx,PL011_广东潜龙化工有限公司新建项目_01_修改评估意见.docx,.docx,docx,5,三、区域环境质量现状、环境保护目标及评价标准,E:\华南理工项目\环评文件汇总\01_GitHub项目与研究文档\eia-openclaw-sync-chen2026\05_QA测试集\人工核查_环评报告出处整理_20260715\环评报告文件_按正文一级章节拆分_20260727\PL011_广东潜龙化工有限公司新建项目_01_修改评估意见\05_三、区域环境质量现状、环境保护目标及评价标准.md,6,2495
E:\华南理工项目\环评文件汇总\01_GitHub项目与研究文档\eia-openclaw-sync-chen2026\05_QA测试集\人工核查_环评报告出处整理_20260715\环评报告文件_按问答顺序\PL011_广东潜龙化工有限公司新建项目_01_修改评估意见.docx,PL011_广东潜龙化工有限公司新建项目_01_修改评估意见.docx,.docx,docx,6,四、主要环境影响和保护措施,E:\华南理工项目\环评文件汇总\01_GitHub项目与研究文档\eia-openclaw-sync-chen2026\05_QA测试集\人工核查_环评报告出处整理_20260715\环评报告文件_按正文一级章节拆分_20260727\PL011_广东潜龙化工有限公司新建项目_01_修改评估意见\06_四、主要环境影响和保护措施.md,5,7897
E:\华南理工项目\环评文件汇总\01_GitHub项目与研究文档\eia-openclaw-sync-chen2026\05_QA测试集\人工核查_环评报告出处整理_20260715\环评报告文件_按问答顺序\PL011_广东潜龙化工有限公司新建项目_01_修改评估意见.docx,PL011_广东潜龙化工有限公司新建项目_01_修改评估意见.docx,.docx,docx,7,五、环境保护措施监督检查清单,E:\华南理工项目\环评文件汇总\01_GitHub项目与研究文档\eia-openclaw-sync-chen2026\05_QA测试集\人工核查_环评报告出处整理_20260715\环评报告文件_按正文一级章节拆分_20260727\PL011_广东潜龙化工有限公司新建项目_01_修改评估意见\07_五、环境保护措施监督检查清单.md,16,8188
E:\华南理工项目\环评文件汇总\01_GitHub项目与研究文档\eia-openclaw-sync-chen2026\05_QA测试集\人工核查_环评报告出处整理_20260715\环评报告文件_按问答顺序\PL011_广东潜龙化工有限公司新建项目_01_修改评估意见.docx,PL011_广东潜龙化工有限公司新建项目_01_修改评估意见.docx,.docx,docx,8,六、结论,E:\华南理工项目\环评文件汇总\01_GitHub项目与研究文档\eia-openclaw-sync-chen2026\05_QA测试集\人工核查_环评报告出处整理_20260715\环评报告文件_按正文一级章节拆分_20260727\PL011_广东潜龙化工有限公司新建项目_01_修改评估意见\08_六、结论.md,3,200
E:\华南理工项目\环评文件汇总\01_GitHub项目与研究文档\eia-openclaw-sync-chen2026\05_QA测试集\人工核查_环评报告出处整理_20260715\环评报告文件_按问答顺序\PL011_广东潜龙化工有限公司新建项目_01_修改评估意见.docx,PL011_广东潜龙化工有限公司新建项目_01_修改评估意见.docx,.docx,docx,9,附表附图附件,E:\华南理工项目\环评文件汇总\01_GitHub项目与研究文档\eia-openclaw-sync-chen2026\05_QA测试集\人工核查_环评报告出处整理_20260715\环评报告文件_按正文一级章节拆分_20260727\PL011_广东潜龙化工有限公司新建项目_01_修改评估意见\09_附表附图附件.md,13,163
E:\华南理工项目\环评文件汇总\01_GitHub项目与研究文档\eia-openclaw-sync-chen2026\05_QA测试集\人工核查_环评报告出处整理_20260715\环评报告文件_按问答顺序\PL012_佛山市瀚铭新材料有限公司新建项目_01_修改评估意见.docx,PL012_佛山市瀚铭新材料有限公司新建项目_01_修改评估意见.docx,.docx,docx,1,封面及目录,E:\华南理工项目\环评文件汇总\01_GitHub项目与研究文档\eia-openclaw-sync-chen2026\05_QA测试集\人工核查_环评报告出处整理_20260715\环评报告文件_按正文一级章节拆分_20260727\PL012_佛山市瀚铭新材料有限公司新建项目_01_修改评估意见\01_封面及目录.md,14,207
E:\华南理工项目\环评文件汇总\01_GitHub项目与研究文档\eia-openclaw-sync-chen2026\05_QA测试集\人工核查_环评报告出处整理_20260715\环评报告文件_按问答顺序\_backup_短修改意见_替换前_20260723_143137\PL012_佛山市瀚铭新材料有限公司新建项目_01_修改评估意见.docx,_backup_短修改意见_替换前_20260723_143137\PL012_佛山市瀚铭新材料有限公司新建项目_01_修改评估意见.docx,.docx,docx,1,未识别章节_全文,E:\华南理工项目\环评文件汇总\01_GitHub项目与研究文档\eia-openclaw-sync-chen2026\05_QA测试集\人工核查_环评报告出处整理_20260715\环评报告文件_按正文一级章节拆分_20260727\PL012_佛山市瀚铭新材料有限公司新建项目_01_修改评估意见\01_未识别章节_全文.md,6,152
E:\华南理工项目\环评文件汇总\01_GitHub项目与研究文档\eia-openclaw-sync-chen2026\05_QA测试集\人工核查_环评报告出处整理_20260715\环评报告文件_按问答顺序\PL012_佛山市瀚铭新材料有限公司新建项目_01_修改评估意见.docx,PL012_佛山市瀚铭新材料有限公司新建项目_01_修改评估意见.docx,.docx,docx,2,附表附图附件,E:\华南理工项目\环评文件汇总\01_GitHub项目与研究文档\eia-openclaw-sync-chen2026\05_QA测试集\人工核查_环评报告出处整理_20260715\环评报告文件_按正文一级章节拆分_20260727\PL012_佛山市瀚铭新材料有限公司新建项目_01_修改评估意见\02_附表附图附件.md,22,386
E:\华南理工项目\环评文件汇总\01_GitHub项目与研究文档\eia-openclaw-sync-chen2026\05_QA测试集\人工核查_环评报告出处整理_20260715\环评报告文件_按问答顺序\PL012_佛山市瀚铭新材料有限公司新建项目_01_修改评估意见.docx,PL012_佛山市瀚铭新材料有限公司新建项目_01_修改评估意见.docx,.docx,docx,3,一、建设项目基本情况,E:\华南理工项目\环评文件汇总\01_GitHub项目与研究文档\eia-openclaw-sync-chen2026\05_QA测试集\人工核查_环评报告出处整理_20260715\环评报告文件_按正文一级章节拆分_20260727\PL012_佛山市瀚铭新材料有限公司新建项目_01_修改评估意见\03_一、建设项目基本情况.md,3,2350
E:\华南理工项目\环评文件汇总\01_GitHub项目与研究文档\eia-openclaw-sync-chen2026\05_QA测试集\人工核查_环评报告出处整理_20260715\环评报告文件_按问答顺序\PL012_佛山市瀚铭新材料有限公司新建项目_01_修改评估意见.docx,PL012_佛山市瀚铭新材料有限公司新建项目_01_修改评估意见.docx,.docx,docx,4,二、建设项目工程分析,E:\华南理工项目\环评文件汇总\01_GitHub项目与研究文档\eia-openclaw-sync-chen2026\05_QA测试集\人工核查_环评报告出处整理_20260715\环评报告文件_按正文一级章节拆分_20260727\PL012_佛山市瀚铭新材料有限公司新建项目_01_修改评估意见\04_二、建设项目工程分析.md,5,3618
E:\华南理工项目\环评文件汇总\01_GitHub项目与研究文档\eia-openclaw-sync-chen2026\05_QA测试集\人工核查_环评报告出处整理_20260715\环评报告文件_按问答顺序\PL012_佛山市瀚铭新材料有限公司新建项目_01_修改评估意见.docx,PL012_佛山市瀚铭新材料有限公司新建项目_01_修改评估意见.docx,.docx,docx,5,三、区域环境质量现状、环境保护目标及评价标准,E:\华南理工项目\环评文件汇总\01_GitHub项目与研究文档\eia-openclaw-sync-chen2026\05_QA测试集\人工核查_环评报告出处整理_20260715\环评报告文件_按正文一级章节拆分_20260727\PL012_佛山市瀚铭新材料有限公司新建项目_01_修改评估意见\05_三、区域环境质量现状、环境保护目标及评价标准.md,8,11463
E:\华南理工项目\环评文件汇总\01_GitHub项目与研究文档\eia-openclaw-sync-chen2026\05_QA测试集\人工核查_环评报告出处整理_20260715\环评报告文件_按问答顺序\PL012_佛山市瀚铭新材料有限公司新建项目_01_修改评估意见.docx,PL012_佛山市瀚铭新材料有限公司新建项目_01_修改评估意见.docx,.docx,docx,6,五、环境保护措施监督检查清单,E:\华南理工项目\环评文件汇总\01_GitHub项目与研究文档\eia-openclaw-sync-chen2026\05_QA测试集\人工核查_环评报告出处整理_20260715\环评报告文件_按正文一级章节拆分_20260727\PL012_佛山市瀚铭新材料有限公司新建项目_01_修改评估意见\06_五、环境保护措施监督检查清单.md,20,5983
E:\华南理工项目\环评文件汇总\01_GitHub项目与研究文档\eia-openclaw-sync-chen2026\05_QA测试集\人工核查_环评报告出处整理_20260715\环评报告文件_按问答顺序\PL012_佛山市瀚铭新材料有限公司新建项目_01_修改评估意见.docx,PL012_佛山市瀚铭新材料有限公司新建项目_01_修改评估意见.docx,.docx,docx,7,六、结论,E:\华南理工项目\环评文件汇总\01_GitHub项目与研究文档\eia-openclaw-sync-chen2026\05_QA测试集\人工核查_环评报告出处整理_20260715\环评报告文件_按正文一级章节拆分_20260727\PL012_佛山市瀚铭新材料有限公司新建项目_01_修改评估意见\07_六、结论.md,3,206
E:\华南理工项目\环评文件汇总\01_GitHub项目与研究文档\eia-openclaw-sync-chen2026\05_QA测试集\人工核查_环评报告出处整理_20260715\环评报告文件_按问答顺序\PL012_佛山市瀚铭新材料有限公司新建项目_01_修改评估意见.docx,PL012_佛山市瀚铭新材料有限公司新建项目_01_修改评估意见.docx,.docx,docx,8,附表附图附件,E:\华南理工项目\环评文件汇总\01_GitHub项目与研究文档\eia-openclaw-sync-chen2026\05_QA测试集\人工核查_环评报告出处整理_20260715\环评报告文件_按正文一级章节拆分_20260727\PL012_佛山市瀚铭新材料有限公司新建项目_01_修改评估意见\08_附表附图附件.md,88,2691
E:\华南理工项目\环评文件汇总\01_GitHub项目与研究文档\eia-openclaw-sync-chen2026\05_QA测试集\人工核查_环评报告出处整理_20260715\环评报告文件_按问答顺序\PL013_佛山市顺德区百洛电器有限公司迁扩建项目_01_修改评估意见.docx,PL013_佛山市顺德区百洛电器有限公司迁扩建项目_01_修改评估意见.docx,.docx,docx,1,封面及目录,E:\华南理工项目\环评文件汇总\01_GitHub项目与研究文档\eia-openclaw-sync-chen2026\05_QA测试集\人工核查_环评报告出处整理_20260715\环评报告文件_按正文一级章节拆分_20260727\PL013_佛山市顺德区百洛电器有限公司迁扩建项目_01_修改评估意见\01_封面及目录.md,14,201
E:\华南理工项目\环评文件汇总\01_GitHub项目与研究文档\eia-openclaw-sync-chen2026\05_QA测试集\人工核查_环评报告出处整理_20260715\环评报告文件_按问答顺序\_backup_短修改意见_替换前_20260723_143137\PL013_佛山市顺德区百洛电器有限公司迁扩建项目_01_修改评估意见.docx,_backup_短修改意见_替换前_20260723_143137\PL013_佛山市顺德区百洛电器有限公司迁扩建项目_01_修改评估意见.docx,.docx,docx,1,未识别章节_全文,E:\华南理工项目\环评文件汇总\01_GitHub项目与研究文档\eia-openclaw-sync-chen2026\05_QA测试集\人工核查_环评报告出处整理_20260715\环评报告文件_按正文一级章节拆分_20260727\PL013_佛山市顺德区百洛电器有限公司迁扩建项目_01_修改评估意见\01_未识别章节_全文.md,6,152
E:\华南理工项目\环评文件汇总\01_GitHub项目与研究文档\eia-openclaw-sync-chen2026\05_QA测试集\人工核查_环评报告出处整理_20260715\环评报告文件_按问答顺序\PL013_佛山市顺德区百洛电器有限公司迁扩建项目_01_修改评估意见.docx,PL013_佛山市顺德区百洛电器有限公司迁扩建项目_01_修改评估意见.docx,.docx,docx,2,附表附图附件,E:\华南理工项目\环评文件汇总\01_GitHub项目与研究文档\eia-openclaw-sync-chen2026\05_QA测试集\人工核查_环评报告出处整理_20260715\环评报告文件_按正文一级章节拆分_20260727\PL013_佛山市顺德区百洛电器有限公司迁扩建项目_01_修改评估意见\02_附表附图附件.md,15,263
E:\华南理工项目\环评文件汇总\01_GitHub项目与研究文档\eia-openclaw-sync-chen2026\05_QA测试集\人工核查_环评报告出处整理_20260715\环评报告文件_按问答顺序\PL013_佛山市顺德区百洛电器有限公司迁扩建项目_01_修改评估意见.docx,PL013_佛山市顺德区百洛电器有限公司迁扩建项目_01_修改评估意见.docx,.docx,docx,3,一、建设项目基本情况,E:\华南理工项目\环评文件汇总\01_GitHub项目与研究文档\eia-openclaw-sync-chen2026\05_QA测试集\人工核查_环评报告出处整理_20260715\环评报告文件_按正文一级章节拆分_20260727\PL013_佛山市顺德区百洛电器有限公司迁扩建项目_01_修改评估意见\03_一、建设项目基本情况.md,18,7931
E:\华南理工项目\环评文件汇总\01_GitHub项目与研究文档\eia-openclaw-sync-chen2026\05_QA测试集\人工核查_环评报告出处整理_20260715\环评报告文件_按问答顺序\PL013_佛山市顺德区百洛电器有限公司迁扩建项目_01_修改评估意见.docx,PL013_佛山市顺德区百洛电器有限公司迁扩建项目_01_修改评估意见.docx,.docx,docx,4,二、建设项目工程分析,E:\华南理工项目\环评文件汇总\01_GitHub项目与研究文档\eia-openclaw-sync-chen2026\05_QA测试集\人工核查_环评报告出处整理_20260715\环评报告文件_按正文一级章节拆分_20260727\PL013_佛山市顺德区百洛电器有限公司迁扩建项目_01_修改评估意见\04_二、建设项目工程分析.md,18,2267
E:\华南理工项目\环评文件汇总\01_GitHub项目与研究文档\eia-openclaw-sync-chen2026\05_QA测试集\人工核查_环评报告出处整理_20260715\环评报告文件_按问答顺序\PL013_佛山市顺德区百洛电器有限公司迁扩建项目_01_修改评估意见.docx,PL013_佛山市顺德区百洛电器有限公司迁扩建项目_01_修改评估意见.docx,.docx,docx,5,三、区域环境质量现状、环境保护目标及评价标准,E:\华南理工项目\环评文件汇总\01_GitHub项目与研究文档\eia-openclaw-sync-chen2026\05_QA测试集\人工核查_环评报告出处整理_20260715\环评报告文件_按正文一级章节拆分_20260727\PL013_佛山市顺德区百洛电器有限公司迁扩建项目_01_修改评估意见\05_三、区域环境质量现状、环境保护目标及评价标准.md,6,3523
E:\华南理工项目\环评文件汇总\01_GitHub项目与研究文档\eia-openclaw-sync-chen2026\05_QA测试集\人工核查_环评报告出处整理_20260715\环评报告文件_按问答顺序\PL013_佛山市顺德区百洛电器有限公司迁扩建项目_01_修改评估意见.docx,PL013_佛山市顺德区百洛电器有限公司迁扩建项目_01_修改评估意见.docx,.docx,docx,6,四、主要环境影响和保护措施,E:\华南理工项目\环评文件汇总\01_GitHub项目与研究文档\eia-openclaw-sync-chen2026\05_QA测试集\人工核查_环评报告出处整理_20260715\环评报告文件_按正文一级章节拆分_20260727\PL013_佛山市顺德区百洛电器有限公司迁扩建项目_01_修改评估意见\06_四、主要环境影响和保护措施.md,4,11776
E:\华南理工项目\环评文件汇总\01_GitHub项目与研究文档\eia-openclaw-sync-chen2026\05_QA测试集\人工核查_环评报告出处整理_20260715\环评报告文件_按问答顺序\PL013_佛山市顺德区百洛电器有限公司迁扩建项目_01_修改评估意见.docx,PL013_佛山市顺德区百洛电器有限公司迁扩建项目_01_修改评估意见.docx,.docx,docx,7,五、环境保护措施监督检查清单,E:\华南理工项目\环评文件汇总\01_GitHub项目与研究文档\eia-openclaw-sync-chen2026\05_QA测试集\人工核查_环评报告出处整理_20260715\环评报告文件_按正文一级章节拆分_20260727\PL013_佛山市顺德区百洛电器有限公司迁扩建项目_01_修改评估意见\07_五、环境保护措施监督检查清单.md,17,4843
E:\华南理工项目\环评文件汇总\01_GitHub项目与研究文档\eia-openclaw-sync-chen2026\05_QA测试集\人工核查_环评报告出处整理_20260715\环评报告文件_按问答顺序\PL013_佛山市顺德区百洛电器有限公司迁扩建项目_01_修改评估意见.docx,PL013_佛山市顺德区百洛电器有限公司迁扩建项目_01_修改评估意见.docx,.docx,docx,8,六、结论,E:\华南理工项目\环评文件汇总\01_GitHub项目与研究文档\eia-openclaw-sync-chen2026\05_QA测试集\人工核查_环评报告出处整理_20260715\环评报告文件_按正文一级章节拆分_20260727\PL013_佛山市顺德区百洛电器有限公司迁扩建项目_01_修改评估意见\08_六、结论.md,3,143
E:\华南理工项目\环评文件汇总\01_GitHub项目与研究文档\eia-openclaw-sync-chen2026\05_QA测试集\人工核查_环评报告出处整理_20260715\环评报告文件_按问答顺序\PL013_佛山市顺德区百洛电器有限公司迁扩建项目_01_修改评估意见.docx,PL013_佛山市顺德区百洛电器有限公司迁扩建项目_01_修改评估意见.docx,.docx,docx,9,附表附图附件,E:\华南理工项目\环评文件汇总\01_GitHub项目与研究文档\eia-openclaw-sync-chen2026\05_QA测试集\人工核查_环评报告出处整理_20260715\环评报告文件_按正文一级章节拆分_20260727\PL013_佛山市顺德区百洛电器有限公司迁扩建项目_01_修改评估意见\09_附表附图附件.md,8,272
E:\华南理工项目\环评文件汇总\01_GitHub项目与研究文档\eia-openclaw-sync-chen2026\05_QA测试集\人工核查_环评报告出处整理_20260715\环评报告文件_按问答顺序\PL014_佛山市顺德区蓝顿涂料有限公司迁建项目_01_修改评估意见.docx,PL014_佛山市顺德区蓝顿涂料有限公司迁建项目_01_修改评估意见.docx,.docx,docx,1,封面及目录,E:\华南理工项目\环评文件汇总\01_GitHub项目与研究文档\eia-openclaw-sync-chen2026\05_QA测试集\人工核查_环评报告出处整理_20260715\环评报告文件_按正文一级章节拆分_20260727\PL014_佛山市顺德区蓝顿涂料有限公司迁建项目_01_修改评估意见\01_封面及目录.md,8,117
E:\华南理工项目\环评文件汇总\01_GitHub项目与研究文档\eia-openclaw-sync-chen2026\05_QA测试集\人工核查_环评报告出处整理_20260715\环评报告文件_按问答顺序\PL014_佛山市顺德区蓝顿涂料有限公司迁建项目_01_修改评估意见.docx,PL014_佛山市顺德区蓝顿涂料有限公司迁建项目_01_修改评估意见.docx,.docx,docx,2,附表附图附件,E:\华南理工项目\环评文件汇总\01_GitHub项目与研究文档\eia-openclaw-sync-chen2026\05_QA测试集\人工核查_环评报告出处整理_20260715\环评报告文件_按正文一级章节拆分_20260727\PL014_佛山市顺德区蓝顿涂料有限公司迁建项目_01_修改评估意见\02_附表附图附件.md,19,283
E:\华南理工项目\环评文件汇总\01_GitHub项目与研究文档\eia-openclaw-sync-chen2026\05_QA测试集\人工核查_环评报告出处整理_20260715\环评报告文件_按问答顺序\PL014_佛山市顺德区蓝顿涂料有限公司迁建项目_01_修改评估意见.docx,PL014_佛山市顺德区蓝顿涂料有限公司迁建项目_01_修改评估意见.docx,.docx,docx,3,一、建设项目基本情况,E:\华南理工项目\环评文件汇总\01_GitHub项目与研究文档\eia-openclaw-sync-chen2026\05_QA测试集\人工核查_环评报告出处整理_20260715\环评报告文件_按正文一级章节拆分_20260727\PL014_佛山市顺德区蓝顿涂料有限公司迁建项目_01_修改评估意见\03_一、建设项目基本情况.md,5,16860
E:\华南理工项目\环评文件汇总\01_GitHub项目与研究文档\eia-openclaw-sync-chen2026\05_QA测试集\人工核查_环评报告出处整理_20260715\环评报告文件_按问答顺序\PL014_佛山市顺德区蓝顿涂料有限公司迁建项目_01_修改评估意见.docx,PL014_佛山市顺德区蓝顿涂料有限公司迁建项目_01_修改评估意见.docx,.docx,docx,4,三、区域环境质量现状、环境保护目标及评价标准,E:\华南理工项目\环评文件汇总\01_GitHub项目与研究文档\eia-openclaw-sync-chen2026\05_QA测试集\人工核查_环评报告出处整理_20260715\环评报告文件_按正文一级章节拆分_20260727\PL014_佛山市顺德区蓝顿涂料有限公司迁建项目_01_修改评估意见\04_三、区域环境质量现状、环境保护目标及评价标准.md,4,2259
E:\华南理工项目\环评文件汇总\01_GitHub项目与研究文档\eia-openclaw-sync-chen2026\05_QA测试集\人工核查_环评报告出处整理_20260715\环评报告文件_按问答顺序\PL014_佛山市顺德区蓝顿涂料有限公司迁建项目_01_修改评估意见.docx,PL014_佛山市顺德区蓝顿涂料有限公司迁建项目_01_修改评估意见.docx,.docx,docx,5,四、主要环境影响和保护措施,E:\华南理工项目\环评文件汇总\01_GitHub项目与研究文档\eia-openclaw-sync-chen2026\05_QA测试集\人工核查_环评报告出处整理_20260715\环评报告文件_按正文一级章节拆分_20260727\PL014_佛山市顺德区蓝顿涂料有限公司迁建项目_01_修改评估意见\05_四、主要环境影响和保护措施.md,2,5284
E:\华南理工项目\环评文件汇总\01_GitHub项目与研究文档\eia-openclaw-sync-chen2026\05_QA测试集\人工核查_环评报告出处整理_20260715\环评报告文件_按问答顺序\PL014_佛山市顺德区蓝顿涂料有限公司迁建项目_01_修改评估意见.docx,PL014_佛山市顺德区蓝顿涂料有限公司迁建项目_01_修改评估意见.docx,.docx,docx,6,五、环境保护措施监督检查清单,E:\华南理工项目\环评文件汇总\01_GitHub项目与研究文档\eia-openclaw-sync-chen2026\05_QA测试集\人工核查_环评报告出处整理_20260715\环评报告文件_按正文一级章节拆分_20260727\PL014_佛山市顺德区蓝顿涂料有限公司迁建项目_01_修改评估意见\06_五、环境保护措施监督检查清单.md,18,5304
E:\华南理工项目\环评文件汇总\01_GitHub项目与研究文档\eia-openclaw-sync-chen2026\05_QA测试集\人工核查_环评报告出处整理_20260715\环评报告文件_按问答顺序\PL014_佛山市顺德区蓝顿涂料有限公司迁建项目_01_修改评估意见.docx,PL014_佛山市顺德区蓝顿涂料有限公司迁建项目_01_修改评估意见.docx,.docx,docx,7,六、结论,E:\华南理工项目\环评文件汇总\01_GitHub项目与研究文档\eia-openclaw-sync-chen2026\05_QA测试集\人工核查_环评报告出处整理_20260715\环评报告文件_按正文一级章节拆分_20260727\PL014_佛山市顺德区蓝顿涂料有限公司迁建项目_01_修改评估意见\07_六、结论.md,3,139
E:\华南理工项目\环评文件汇总\01_GitHub项目与研究文档\eia-openclaw-sync-chen2026\05_QA测试集\人工核查_环评报告出处整理_20260715\环评报告文件_按问答顺序\PL014_佛山市顺德区蓝顿涂料有限公司迁建项目_01_修改评估意见.docx,PL014_佛山市顺德区蓝顿涂料有限公司迁建项目_01_修改评估意见.docx,.docx,docx,8,附表附图附件,E:\华南理工项目\环评文件汇总\01_GitHub项目与研究文档\eia-openclaw-sync-chen2026\05_QA测试集\人工核查_环评报告出处整理_20260715\环评报告文件_按正文一级章节拆分_20260727\PL014_佛山市顺德区蓝顿涂料有限公司迁建项目_01_修改评估意见\08_附表附图附件.md,7,122
E:\华南理工项目\环评文件汇总\01_GitHub项目与研究文档\eia-openclaw-sync-chen2026\05_QA测试集\人工核查_环评报告出处整理_20260715\环评报告文件_按问答顺序\PL015_佛山市镪优金属制品有限公司迁扩建项目_01_修改评估意见.docx,PL015_佛山市镪优金属制品有限公司迁扩建项目_01_修改评估意见.docx,.docx,docx,1,封面及目录,E:\华南理工项目\环评文件汇总\01_GitHub项目与研究文档\eia-openclaw-sync-chen2026\05_QA测试集\人工核查_环评报告出处整理_20260715\环评报告文件_按正文一级章节拆分_20260727\PL015_佛山市镪优金属制品有限公司迁扩建项目_01_修改评估意见\01_封面及目录.md,14,205
E:\华南理工项目\环评文件汇总\01_GitHub项目与研究文档\eia-openclaw-sync-chen2026\05_QA测试集\人工核查_环评报告出处整理_20260715\环评报告文件_按问答顺序\_backup_短修改意见_替换前_20260723_143137\PL015_佛山市镪优金属制品有限公司迁扩建项目_01_修改评估意见.docx,_backup_短修改意见_替换前_20260723_143137\PL015_佛山市镪优金属制品有限公司迁扩建项目_01_修改评估意见.docx,.docx,docx,1,未识别章节_全文,E:\华南理工项目\环评文件汇总\01_GitHub项目与研究文档\eia-openclaw-sync-chen2026\05_QA测试集\人工核查_环评报告出处整理_20260715\环评报告文件_按正文一级章节拆分_20260727\PL015_佛山市镪优金属制品有限公司迁扩建项目_01_修改评估意见\01_未识别章节_全文.md,6,152
E:\华南理工项目\环评文件汇总\01_GitHub项目与研究文档\eia-openclaw-sync-chen2026\05_QA测试集\人工核查_环评报告出处整理_20260715\环评报告文件_按问答顺序\PL015_佛山市镪优金属制品有限公司迁扩建项目_01_修改评估意见.docx,PL015_佛山市镪优金属制品有限公司迁扩建项目_01_修改评估意见.docx,.docx,docx,2,附表附图附件,E:\华南理工项目\环评文件汇总\01_GitHub项目与研究文档\eia-openclaw-sync-chen2026\05_QA测试集\人工核查_环评报告出处整理_20260715\环评报告文件_按正文一级章节拆分_20260727\PL015_佛山市镪优金属制品有限公司迁扩建项目_01_修改评估意见\02_附表附图附件.md,15,223
E:\华南理工项目\环评文件汇总\01_GitHub项目与研究文档\eia-openclaw-sync-chen2026\05_QA测试集\人工核查_环评报告出处整理_20260715\环评报告文件_按问答顺序\PL015_佛山市镪优金属制品有限公司迁扩建项目_01_修改评估意见.docx,PL015_佛山市镪优金属制品有限公司迁扩建项目_01_修改评估意见.docx,.docx,docx,3,一、建设项目基本情况,E:\华南理工项目\环评文件汇总\01_GitHub项目与研究文档\eia-openclaw-sync-chen2026\05_QA测试集\人工核查_环评报告出处整理_20260715\环评报告文件_按正文一级章节拆分_20260727\PL015_佛山市镪优金属制品有限公司迁扩建项目_01_修改评估意见\03_一、建设项目基本情况.md,18,6431
E:\华南理工项目\环评文件汇总\01_GitHub项目与研究文档\eia-openclaw-sync-chen2026\05_QA测试集\人工核查_环评报告出处整理_20260715\环评报告文件_按问答顺序\PL015_佛山市镪优金属制品有限公司迁扩建项目_01_修改评估意见.docx,PL015_佛山市镪优金属制品有限公司迁扩建项目_01_修改评估意见.docx,.docx,docx,4,二、建设项目工程分析,E:\华南理工项目\环评文件汇总\01_GitHub项目与研究文档\eia-openclaw-sync-chen2026\05_QA测试集\人工核查_环评报告出处整理_20260715\环评报告文件_按正文一级章节拆分_20260727\PL015_佛山市镪优金属制品有限公司迁扩建项目_01_修改评估意见\04_二、建设项目工程分析.md,4,5251
E:\华南理工项目\环评文件汇总\01_GitHub项目与研究文档\eia-openclaw-sync-chen2026\05_QA测试集\人工核查_环评报告出处整理_20260715\环评报告文件_按问答顺序\PL015_佛山市镪优金属制品有限公司迁扩建项目_01_修改评估意见.docx,PL015_佛山市镪优金属制品有限公司迁扩建项目_01_修改评估意见.docx,.docx,docx,5,三、区域环境质量现状、环境保护目标及评价标准,E:\华南理工项目\环评文件汇总\01_GitHub项目与研究文档\eia-openclaw-sync-chen2026\05_QA测试集\人工核查_环评报告出处整理_20260715\环评报告文件_按正文一级章节拆分_20260727\PL015_佛山市镪优金属制品有限公司迁扩建项目_01_修改评估意见\05_三、区域环境质量现状、环境保护目标及评价标准.md,2,12912
E:\华南理工项目\环评文件汇总\01_GitHub项目与研究文档\eia-openclaw-sync-chen2026\05_QA测试集\人工核查_环评报告出处整理_20260715\环评报告文件_按问答顺序\PL015_佛山市镪优金属制品有限公司迁扩建项目_01_修改评估意见.docx,PL015_佛山市镪优金属制品有限公司迁扩建项目_01_修改评估意见.docx,.docx,docx,6,五、环境保护措施监督检查清单,E:\华南理工项目\环评文件汇总\01_GitHub项目与研究文档\eia-openclaw-sync-chen2026\05_QA测试集\人工核查_环评报告出处整理_20260715\环评报告文件_按正文一级章节拆分_20260727\PL015_佛山市镪优金属制品有限公司迁扩建项目_01_修改评估意见\06_五、环境保护措施监督检查清单.md,18,8298
E:\华南理工项目\环评文件汇总\01_GitHub项目与研究文档\eia-openclaw-sync-chen2026\05_QA测试集\人工核查_环评报告出处整理_20260715\环评报告文件_按问答顺序\PL015_佛山市镪优金属制品有限公司迁扩建项目_01_修改评估意见.docx,PL015_佛山市镪优金属制品有限公司迁扩建项目_01_修改评估意见.docx,.docx,docx,7,六、结论,E:\华南理工项目\环评文件汇总\01_GitHub项目与研究文档\eia-openclaw-sync-chen2026\05_QA测试集\人工核查_环评报告出处整理_20260715\环评报告文件_按正文一级章节拆分_20260727\PL015_佛山市镪优金属制品有限公司迁扩建项目_01_修改评估意见\07_六、结论.md,3,191
E:\华南理工项目\环评文件汇总\01_GitHub项目与研究文档\eia-openclaw-sync-chen2026\05_QA测试集\人工核查_环评报告出处整理_20260715\环评报告文件_按问答顺序\PL015_佛山市镪优金属制品有限公司迁扩建项目_01_修改评估意见.docx,PL015_佛山市镪优金属制品有限公司迁扩建项目_01_修改评估意见.docx,.docx,docx,8,附表附图附件,E:\华南理工项目\环评文件汇总\01_GitHub项目与研究文档\eia-openclaw-sync-chen2026\05_QA测试集\人工核查_环评报告出处整理_20260715\环评报告文件_按正文一级章节拆分_20260727\PL015_佛山市镪优金属制品有限公司迁扩建项目_01_修改评估意见\08_附表附图附件.md,14,184
E:\华南理工项目\环评文件汇总\01_GitHub项目与研究文档\eia-openclaw-sync-chen2026\05_QA测试集\人工核查_环评报告出处整理_20260715\环评报告文件_按问答顺序\PL018_广东台塑智能科技有限公司新建项目_01_受理公告或公示版.pdf,PL018_广东台塑智能科技有限公司新建项目_01_受理公告或公示版.pdf,.pdf,pdf_pypdf,1,封面及目录,E:\华南理工项目\环评文件汇总\01_GitHub项目与研究文档\eia-openclaw-sync-chen2026\05_QA测试集\人工核查_环评报告出处整理_20260715\环评报告文件_按正文一级章节拆分_20260727\PL018_广东台塑智能科技有限公司新建项目_01_受理公告或公示版\01_封面及目录.md,2,24
E:\华南理工项目\环评文件汇总\01_GitHub项目与研究文档\eia-openclaw-sync-chen2026\05_QA测试集\人工核查_环评报告出处整理_20260715\环评报告文件_按问答顺序\PL018_广东台塑智能科技有限公司新建项目_01_受理公告或公示版.pdf,PL018_广东台塑智能科技有限公司新建项目_01_受理公告或公示版.pdf,.pdf,pdf_pypdf,2,一、建设项目基本情况 ........................................................................................................ 1,E:\华南理工项目\环评文件汇总\01_GitHub项目与研究文档\eia-openclaw-sync-chen2026\05_QA测试集\人工核查_环评报告出处整理_20260715\环评报告文件_按正文一级章节拆分_20260727\PL018_广东台塑智能科技有限公司新建项目_01_受理公告或公示版\02_一、建设项目基本情况.md,1,118
E:\华南理工项目\环评文件汇总\01_GitHub项目与研究文档\eia-openclaw-sync-chen2026\05_QA测试集\人工核查_环评报告出处整理_20260715\环评报告文件_按问答顺序\PL018_广东台塑智能科技有限公司新建项目_01_受理公告或公示版.pdf,PL018_广东台塑智能科技有限公司新建项目_01_受理公告或公示版.pdf,.pdf,pdf_pypdf,3,二、建设项目工程分析 ...................................................................................................... 18,E:\华南理工项目\环评文件汇总\01_GitHub项目与研究文档\eia-openclaw-sync-chen2026\05_QA测试集\人工核查_环评报告出处整理_20260715\环评报告文件_按正文一级章节拆分_20260727\PL018_广东台塑智能科技有限公司新建项目_01_受理公告或公示版\03_二、建设项目工程分析.md,2,198
E:\华南理工项目\环评文件汇总\01_GitHub项目与研究文档\eia-openclaw-sync-chen2026\05_QA测试集\人工核查_环评报告出处整理_20260715\环评报告文件_按问答顺序\PL018_广东台塑智能科技有限公司新建项目_01_受理公告或公示版.pdf,PL018_广东台塑智能科技有限公司新建项目_01_受理公告或公示版.pdf,.pdf,pdf_pypdf,4,四、主要环境影响和保护措施 .......................................................................................... 35,E:\华南理工项目\环评文件汇总\01_GitHub项目与研究文档\eia-openclaw-sync-chen2026\05_QA测试集\人工核查_环评报告出处整理_20260715\环评报告文件_按正文一级章节拆分_20260727\PL018_广东台塑智能科技有限公司新建项目_01_受理公告或公示版\04_四、主要环境影响和保护措施.md,1,108
E:\华南理工项目\环评文件汇总\01_GitHub项目与研究文档\eia-openclaw-sync-chen2026\05_QA测试集\人工核查_环评报告出处整理_20260715\环评报告文件_按问答顺序\PL018_广东台塑智能科技有限公司新建项目_01_受理公告或公示版.pdf,PL018_广东台塑智能科技有限公司新建项目_01_受理公告或公示版.pdf,.pdf,pdf_pypdf,5,五、环境保护措施监督检查清单 ...................................................................................... 62,E:\华南理工项目\环评文件汇总\01_GitHub项目与研究文档\eia-openclaw-sync-chen2026\05_QA测试集\人工核查_环评报告出处整理_20260715\环评报告文件_按正文一级章节拆分_20260727\PL018_广东台塑智能科技有限公司新建项目_01_受理公告或公示版\05_五、环境保护措施监督检查清单.md,1,105
E:\华南理工项目\环评文件汇总\01_GitHub项目与研究文档\eia-openclaw-sync-chen2026\05_QA测试集\人工核查_环评报告出处整理_20260715\环评报告文件_按问答顺序\PL018_广东台塑智能科技有限公司新建项目_01_受理公告或公示版.pdf,PL018_广东台塑智能科技有限公司新建项目_01_受理公告或公示版.pdf,.pdf,pdf_pypdf,6,六、结论 .............................................................................................................................. 65,E:\华南理工项目\环评文件汇总\01_GitHub项目与研究文档\eia-openclaw-sync-chen2026\05_QA测试集\人工核查_环评报告出处整理_20260715\环评报告文件_按正文一级章节拆分_20260727\PL018_广东台塑智能科技有限公司新建项目_01_受理公告或公示版\06_六、结论.md,1,135
E:\华南理工项目\环评文件汇总\01_GitHub项目与研究文档\eia-openclaw-sync-chen2026\05_QA测试集\人工核查_环评报告出处整理_20260715\环评报告文件_按问答顺序\PL018_广东台塑智能科技有限公司新建项目_01_受理公告或公示版.pdf,PL018_广东台塑智能科技有限公司新建项目_01_受理公告或公示版.pdf,.pdf,pdf_pypdf,7,附表附图附件,E:\华南理工项目\环评文件汇总\01_GitHub项目与研究文档\eia-openclaw-sync-chen2026\05_QA测试集\人工核查_环评报告出处整理_20260715\环评报告文件_按正文一级章节拆分_20260727\PL018_广东台塑智能科技有限公司新建项目_01_受理公告或公示版\07_附表附图附件.md,21,2105
E:\华南理工项目\环评文件汇总\01_GitHub项目与研究文档\eia-openclaw-sync-chen2026\05_QA测试集\人工核查_环评报告出处整理_20260715\环评报告文件_按问答顺序\PL018_广东台塑智能科技有限公司新建项目_01_受理公告或公示版.pdf,PL018_广东台塑智能科技有限公司新建项目_01_受理公告或公示版.pdf,.pdf,pdf_pypdf,8,一、建设项目基本情况,E:\华南理工项目\环评文件汇总\01_GitHub项目与研究文档\eia-openclaw-sync-chen2026\05_QA测试集\人工核查_环评报告出处整理_20260715\环评报告文件_按正文一级章节拆分_20260727\PL018_广东台塑智能科技有限公司新建项目_01_受理公告或公示版\08_一、建设项目基本情况.md,1317,21887
E:\华南理工项目\环评文件汇总\01_GitHub项目与研究文档\eia-openclaw-sync-chen2026\05_QA测试集\人工核查_环评报告出处整理_20260715\环评报告文件_按问答顺序\PL018_广东台塑智能科技有限公司新建项目_01_受理公告或公示版.pdf,PL018_广东台塑智能科技有限公司新建项目_01_受理公告或公示版.pdf,.pdf,pdf_pypdf,9,二、建设项目工程分析,E:\华南理工项目\环评文件汇总\01_GitHub项目与研究文档\eia-openclaw-sync-chen2026\05_QA测试集\人工核查_环评报告出处整理_20260715\环评报告文件_按正文一级章节拆分_20260727\PL018_广东台塑智能科技有限公司新建项目_01_受理公告或公示版\09_二、建设项目工程分析.md,507,7830
E:\华南理工项目\环评文件汇总\01_GitHub项目与研究文档\eia-openclaw-sync-chen2026\05_QA测试集\人工核查_环评报告出处整理_20260715\环评报告文件_按问答顺序\PL018_广东台塑智能科技有限公司新建项目_01_受理公告或公示版.pdf,PL018_广东台塑智能科技有限公司新建项目_01_受理公告或公示版.pdf,.pdf,pdf_pypdf,10,三、区域环境质量现状、环境保护目标及评价标准,E:\华南理工项目\环评文件汇总\01_GitHub项目与研究文档\eia-openclaw-sync-chen2026\05_QA测试集\人工核查_环评报告出处整理_20260715\环评报告文件_按正文一级章节拆分_20260727\PL018_广东台塑智能科技有限公司新建项目_01_受理公告或公示版\10_三、区域环境质量现状、环境保护目标及评价标准.md,224,4956
E:\华南理工项目\环评文件汇总\01_GitHub项目与研究文档\eia-openclaw-sync-chen2026\05_QA测试集\人工核查_环评报告出处整理_20260715\环评报告文件_按问答顺序\PL018_广东台塑智能科技有限公司新建项目_01_受理公告或公示版.pdf,PL018_广东台塑智能科技有限公司新建项目_01_受理公告或公示版.pdf,.pdf,pdf_pypdf,11,四、主要环境影响和保护措施,E:\华南理工项目\环评文件汇总\01_GitHub项目与研究文档\eia-openclaw-sync-chen2026\05_QA测试集\人工核查_环评报告出处整理_20260715\环评报告文件_按正文一级章节拆分_20260727\PL018_广东台塑智能科技有限公司新建项目_01_受理公告或公示版\11_四、主要环境影响和保护措施.md,1433,24149
E:\华南理工项目\环评文件汇总\01_GitHub项目与研究文档\eia-openclaw-sync-chen2026\05_QA测试集\人工核查_环评报告出处整理_20260715\环评报告文件_按问答顺序\PL018_广东台塑智能科技有限公司新建项目_01_受理公告或公示版.pdf,PL018_广东台塑智能科技有限公司新建项目_01_受理公告或公示版.pdf,.pdf,pdf_pypdf,12,五、环境保护措施监督检查清单,E:\华南理工项目\环评文件汇总\01_GitHub项目与研究文档\eia-openclaw-sync-chen2026\05_QA测试集\人工核查_环评报告出处整理_20260715\环评报告文件_按正文一级章节拆分_20260727\PL018_广东台塑智能科技有限公司新建项目_01_受理公告或公示版\12_五、环境保护措施监督检查清单.md,146,2130
E:\华南理工项目\环评文件汇总\01_GitHub项目与研究文档\eia-openclaw-sync-chen2026\05_QA测试集\人工核查_环评报告出处整理_20260715\环评报告文件_按问答顺序\PL018_广东台塑智能科技有限公司新建项目_01_受理公告或公示版.pdf,PL018_广东台塑智能科技有限公司新建项目_01_受理公告或公示版.pdf,.pdf,pdf_pypdf,13,六、结论,E:\华南理工项目\环评文件汇总\01_GitHub项目与研究文档\eia-openclaw-sync-chen2026\05_QA测试集\人工核查_环评报告出处整理_20260715\环评报告文件_按正文一级章节拆分_20260727\PL018_广东台塑智能科技有限公司新建项目_01_受理公告或公示版\13_六、结论.md,7,156
E:\华南理工项目\环评文件汇总\01_GitHub项目与研究文档\eia-openclaw-sync-chen2026\05_QA测试集\人工核查_环评报告出处整理_20260715\环评报告文件_按问答顺序\PL018_广东台塑智能科技有限公司新建项目_01_受理公告或公示版.pdf,PL018_广东台塑智能科技有限公司新建项目_01_受理公告或公示版.pdf,.pdf,pdf_pypdf,14,附表附图附件,E:\华南理工项目\环评文件汇总\01_GitHub项目与研究文档\eia-openclaw-sync-chen2026\05_QA测试集\人工核查_环评报告出处整理_20260715\环评报告文件_按正文一级章节拆分_20260727\PL018_广东台塑智能科技有限公司新建项目_01_受理公告或公示版\14_附表附图附件.md,211,2627
E:\华南理工项目\环评文件汇总\01_GitHub项目与研究文档\eia-openclaw-sync-chen2026\05_QA测试集\人工核查_环评报告出处整理_20260715\环评报告文件_按问答顺序\PL019_佛山市智龙科技有限公司迁扩建项目_01_受理公告或公示版.pdf,PL019_佛山市智龙科技有限公司迁扩建项目_01_受理公告或公示版.pdf,.pdf,pdf_pypdf,1,封面及目录,E:\华南理工项目\环评文件汇总\01_GitHub项目与研究文档\eia-openclaw-sync-chen2026\05_QA测试集\人工核查_环评报告出处整理_20260715\环评报告文件_按正文一级章节拆分_20260727\PL019_佛山市智龙科技有限公司迁扩建项目_01_受理公告或公示版\01_封面及目录.md,9,140
E:\华南理工项目\环评文件汇总\01_GitHub项目与研究文档\eia-openclaw-sync-chen2026\05_QA测试集\人工核查_环评报告出处整理_20260715\环评报告文件_按问答顺序\PL019_佛山市智龙科技有限公司迁扩建项目_01_受理公告或公示版.pdf,PL019_佛山市智龙科技有限公司迁扩建项目_01_受理公告或公示版.pdf,.pdf,pdf_pypdf,2,一、建设项目基本情况 ........................................................................................................ 1,E:\华南理工项目\环评文件汇总\01_GitHub项目与研究文档\eia-openclaw-sync-chen2026\05_QA测试集\人工核查_环评报告出处整理_20260715\环评报告文件_按正文一级章节拆分_20260727\PL019_佛山市智龙科技有限公司迁扩建项目_01_受理公告或公示版\02_一、建设项目基本情况.md,1,118
E:\华南理工项目\环评文件汇总\01_GitHub项目与研究文档\eia-openclaw-sync-chen2026\05_QA测试集\人工核查_环评报告出处整理_20260715\环评报告文件_按问答顺序\PL019_佛山市智龙科技有限公司迁扩建项目_01_受理公告或公示版.pdf,PL019_佛山市智龙科技有限公司迁扩建项目_01_受理公告或公示版.pdf,.pdf,pdf_pypdf,3,二、建设项目工程分析 ...................................................................................................... 13,E:\华南理工项目\环评文件汇总\01_GitHub项目与研究文档\eia-openclaw-sync-chen2026\05_QA测试集\人工核查_环评报告出处整理_20260715\环评报告文件_按正文一级章节拆分_20260727\PL019_佛山市智龙科技有限公司迁扩建项目_01_受理公告或公示版\03_二、建设项目工程分析.md,2,198
E:\华南理工项目\环评文件汇总\01_GitHub项目与研究文档\eia-openclaw-sync-chen2026\05_QA测试集\人工核查_环评报告出处整理_20260715\环评报告文件_按问答顺序\PL019_佛山市智龙科技有限公司迁扩建项目_01_受理公告或公示版.pdf,PL019_佛山市智龙科技有限公司迁扩建项目_01_受理公告或公示版.pdf,.pdf,pdf_pypdf,4,四、主要环境影响和保护措施 .......................................................................................... 41,E:\华南理工项目\环评文件汇总\01_GitHub项目与研究文档\eia-openclaw-sync-chen2026\05_QA测试集\人工核查_环评报告出处整理_20260715\环评报告文件_按正文一级章节拆分_20260727\PL019_佛山市智龙科技有限公司迁扩建项目_01_受理公告或公示版\04_四、主要环境影响和保护措施.md,1,108
E:\华南理工项目\环评文件汇总\01_GitHub项目与研究文档\eia-openclaw-sync-chen2026\05_QA测试集\人工核查_环评报告出处整理_20260715\环评报告文件_按问答顺序\PL019_佛山市智龙科技有限公司迁扩建项目_01_受理公告或公示版.pdf,PL019_佛山市智龙科技有限公司迁扩建项目_01_受理公告或公示版.pdf,.pdf,pdf_pypdf,5,五、环境保护措施监督检查清单 ...................................................................................... 70,E:\华南理工项目\环评文件汇总\01_GitHub项目与研究文档\eia-openclaw-sync-chen2026\05_QA测试集\人工核查_环评报告出处整理_20260715\环评报告文件_按正文一级章节拆分_20260727\PL019_佛山市智龙科技有限公司迁扩建项目_01_受理公告或公示版\05_五、环境保护措施监督检查清单.md,1,105
E:\华南理工项目\环评文件汇总\01_GitHub项目与研究文档\eia-openclaw-sync-chen2026\05_QA测试集\人工核查_环评报告出处整理_20260715\环评报告文件_按问答顺序\PL019_佛山市智龙科技有限公司迁扩建项目_01_受理公告或公示版.pdf,PL019_佛山市智龙科技有限公司迁扩建项目_01_受理公告或公示版.pdf,.pdf,pdf_pypdf,6,六、结论 .............................................................................................................................. 73,E:\华南理工项目\环评文件汇总\01_GitHub项目与研究文档\eia-openclaw-sync-chen2026\05_QA测试集\人工核查_环评报告出处整理_20260715\环评报告文件_按正文一级章节拆分_20260727\PL019_佛山市智龙科技有限公司迁扩建项目_01_受理公告或公示版\06_六、结论.md,1,135
E:\华南理工项目\环评文件汇总\01_GitHub项目与研究文档\eia-openclaw-sync-chen2026\05_QA测试集\人工核查_环评报告出处整理_20260715\环评报告文件_按问答顺序\PL019_佛山市智龙科技有限公司迁扩建项目_01_受理公告或公示版.pdf,PL019_佛山市智龙科技有限公司迁扩建项目_01_受理公告或公示版.pdf,.pdf,pdf_pypdf,7,附表附图附件,E:\华南理工项目\环评文件汇总\01_GitHub项目与研究文档\eia-openclaw-sync-chen2026\05_QA测试集\人工核查_环评报告出处整理_20260715\环评报告文件_按正文一级章节拆分_20260727\PL019_佛山市智龙科技有限公司迁扩建项目_01_受理公告或公示版\07_附表附图附件.md,24,505
E:\华南理工项目\环评文件汇总\01_GitHub项目与研究文档\eia-openclaw-sync-chen2026\05_QA测试集\人工核查_环评报告出处整理_20260715\环评报告文件_按问答顺序\PL019_佛山市智龙科技有限公司迁扩建项目_01_受理公告或公示版.pdf,PL019_佛山市智龙科技有限公司迁扩建项目_01_受理公告或公示版.pdf,.pdf,pdf_pypdf,8,一、建设项目基本情况,E:\华南理工项目\环评文件汇总\01_GitHub项目与研究文档\eia-openclaw-sync-chen2026\05_QA测试集\人工核查_环评报告出处整理_20260715\环评报告文件_按正文一级章节拆分_20260727\PL019_佛山市智龙科技有限公司迁扩建项目_01_受理公告或公示版\08_一、建设项目基本情况.md,910,14307
E:\华南理工项目\环评文件汇总\01_GitHub项目与研究文档\eia-openclaw-sync-chen2026\05_QA测试集\人工核查_环评报告出处整理_20260715\环评报告文件_按问答顺序\PL019_佛山市智龙科技有限公司迁扩建项目_01_受理公告或公示版.pdf,PL019_佛山市智龙科技有限公司迁扩建项目_01_受理公告或公示版.pdf,.pdf,pdf_pypdf,9,二、建设项目工程分析,E:\华南理工项目\环评文件汇总\01_GitHub项目与研究文档\eia-openclaw-sync-chen2026\05_QA测试集\人工核查_环评报告出处整理_20260715\环评报告文件_按正文一级章节拆分_20260727\PL019_佛山市智龙科技有限公司迁扩建项目_01_受理公告或公示版\09_二、建设项目工程分析.md,1197,18123
E:\华南理工项目\环评文件汇总\01_GitHub项目与研究文档\eia-openclaw-sync-chen2026\05_QA测试集\人工核查_环评报告出处整理_20260715\环评报告文件_按问答顺序\PL019_佛山市智龙科技有限公司迁扩建项目_01_受理公告或公示版.pdf,PL019_佛山市智龙科技有限公司迁扩建项目_01_受理公告或公示版.pdf,.pdf,pdf_pypdf,10,三、区域环境质量现状、环境保护目标及评价标准,E:\华南理工项目\环评文件汇总\01_GitHub项目与研究文档\eia-openclaw-sync-chen2026\05_QA测试集\人工核查_环评报告出处整理_20260715\环评报告文件_按正文一级章节拆分_20260727\PL019_佛山市智龙科技有限公司迁扩建项目_01_受理公告或公示版\10_三、区域环境质量现状、环境保护目标及评价标准.md,221,4899
E:\华南理工项目\环评文件汇总\01_GitHub项目与研究文档\eia-openclaw-sync-chen2026\05_QA测试集\人工核查_环评报告出处整理_20260715\环评报告文件_按问答顺序\PL019_佛山市智龙科技有限公司迁扩建项目_01_受理公告或公示版.pdf,PL019_佛山市智龙科技有限公司迁扩建项目_01_受理公告或公示版.pdf,.pdf,pdf_pypdf,11,四、主要环境影响和保护措施,E:\华南理工项目\环评文件汇总\01_GitHub项目与研究文档\eia-openclaw-sync-chen2026\05_QA测试集\人工核查_环评报告出处整理_20260715\环评报告文件_按正文一级章节拆分_20260727\PL019_佛山市智龙科技有限公司迁扩建项目_01_受理公告或公示版\11_四、主要环境影响和保护措施.md,1343,25055
E:\华南理工项目\环评文件汇总\01_GitHub项目与研究文档\eia-openclaw-sync-chen2026\05_QA测试集\人工核查_环评报告出处整理_20260715\环评报告文件_按问答顺序\PL019_佛山市智龙科技有限公司迁扩建项目_01_受理公告或公示版.pdf,PL019_佛山市智龙科技有限公司迁扩建项目_01_受理公告或公示版.pdf,.pdf,pdf_pypdf,12,五、环境保护措施监督检查清单,E:\华南理工项目\环评文件汇总\01_GitHub项目与研究文档\eia-openclaw-sync-chen2026\05_QA测试集\人工核查_环评报告出处整理_20260715\环评报告文件_按正文一级章节拆分_20260727\PL019_佛山市智龙科技有限公司迁扩建项目_01_受理公告或公示版\12_五、环境保护措施监督检查清单.md,148,2557
E:\华南理工项目\环评文件汇总\01_GitHub项目与研究文档\eia-openclaw-sync-chen2026\05_QA测试集\人工核查_环评报告出处整理_20260715\环评报告文件_按问答顺序\PL019_佛山市智龙科技有限公司迁扩建项目_01_受理公告或公示版.pdf,PL019_佛山市智龙科技有限公司迁扩建项目_01_受理公告或公示版.pdf,.pdf,pdf_pypdf,13,六、结论,E:\华南理工项目\环评文件汇总\01_GitHub项目与研究文档\eia-openclaw-sync-chen2026\05_QA测试集\人工核查_环评报告出处整理_20260715\环评报告文件_按正文一级章节拆分_20260727\PL019_佛山市智龙科技有限公司迁扩建项目_01_受理公告或公示版\13_六、结论.md,8,208
E:\华南理工项目\环评文件汇总\01_GitHub项目与研究文档\eia-openclaw-sync-chen2026\05_QA测试集\人工核查_环评报告出处整理_20260715\环评报告文件_按问答顺序\PL019_佛山市智龙科技有限公司迁扩建项目_01_受理公告或公示版.pdf,PL019_佛山市智龙科技有限公司迁扩建项目_01_受理公告或公示版.pdf,.pdf,pdf_pypdf,14,附表附图附件,E:\华南理工项目\环评文件汇总\01_GitHub项目与研究文档\eia-openclaw-sync-chen2026\05_QA测试集\人工核查_环评报告出处整理_20260715\环评报告文件_按正文一级章节拆分_20260727\PL019_佛山市智龙科技有限公司迁扩建项目_01_受理公告或公示版\14_附表附图附件.md,131,2290
E:\华南理工项目\环评文件汇总\01_GitHub项目与研究文档\eia-openclaw-sync-chen2026\05_QA测试集\人工核查_环评报告出处整理_20260715\环评报告文件_按问答顺序\PL020_佛山市朗信塑料制品有限公司新建项目_01_受理公告或公示版.pdf,PL020_佛山市朗信塑料制品有限公司新建项目_01_受理公告或公示版.pdf,.pdf,pdf_pypdf,1,封面及目录,E:\华南理工项目\环评文件汇总\01_GitHub项目与研究文档\eia-openclaw-sync-chen2026\05_QA测试集\人工核查_环评报告出处整理_20260715\环评报告文件_按正文一级章节拆分_20260727\PL020_佛山市朗信塑料制品有限公司新建项目_01_受理公告或公示版\01_封面及目录.md,9,140
E:\华南理工项目\环评文件汇总\01_GitHub项目与研究文档\eia-openclaw-sync-chen2026\05_QA测试集\人工核查_环评报告出处整理_20260715\环评报告文件_按问答顺序\PL020_佛山市朗信塑料制品有限公司新建项目_01_受理公告或公示版.pdf,PL020_佛山市朗信塑料制品有限公司新建项目_01_受理公告或公示版.pdf,.pdf,pdf_pypdf,2,一、建设项目基本情况 ............................................................................................................ 1,E:\华南理工项目\环评文件汇总\01_GitHub项目与研究文档\eia-openclaw-sync-chen2026\05_QA测试集\人工核查_环评报告出处整理_20260715\环评报告文件_按正文一级章节拆分_20260727\PL020_佛山市朗信塑料制品有限公司新建项目_01_受理公告或公示版\02_一、建设项目基本情况.md,1,122
E:\华南理工项目\环评文件汇总\01_GitHub项目与研究文档\eia-openclaw-sync-chen2026\05_QA测试集\人工核查_环评报告出处整理_20260715\环评报告文件_按问答顺序\PL020_佛山市朗信塑料制品有限公司新建项目_01_受理公告或公示版.pdf,PL020_佛山市朗信塑料制品有限公司新建项目_01_受理公告或公示版.pdf,.pdf,pdf_pypdf,3,二、建设项目工程分析 .......................................................................................................... 11,E:\华南理工项目\环评文件汇总\01_GitHub项目与研究文档\eia-openclaw-sync-chen2026\05_QA测试集\人工核查_环评报告出处整理_20260715\环评报告文件_按正文一级章节拆分_20260727\PL020_佛山市朗信塑料制品有限公司新建项目_01_受理公告或公示版\03_二、建设项目工程分析.md,2,206
E:\华南理工项目\环评文件汇总\01_GitHub项目与研究文档\eia-openclaw-sync-chen2026\05_QA测试集\人工核查_环评报告出处整理_20260715\环评报告文件_按问答顺序\PL020_佛山市朗信塑料制品有限公司新建项目_01_受理公告或公示版.pdf,PL020_佛山市朗信塑料制品有限公司新建项目_01_受理公告或公示版.pdf,.pdf,pdf_pypdf,4,四、主要环境影响和保护措施 .............................................................................................. 28,E:\华南理工项目\环评文件汇总\01_GitHub项目与研究文档\eia-openclaw-sync-chen2026\05_QA测试集\人工核查_环评报告出处整理_20260715\环评报告文件_按正文一级章节拆分_20260727\PL020_佛山市朗信塑料制品有限公司新建项目_01_受理公告或公示版\04_四、主要环境影响和保护措施.md,1,112
E:\华南理工项目\环评文件汇总\01_GitHub项目与研究文档\eia-openclaw-sync-chen2026\05_QA测试集\人工核查_环评报告出处整理_20260715\环评报告文件_按问答顺序\PL020_佛山市朗信塑料制品有限公司新建项目_01_受理公告或公示版.pdf,PL020_佛山市朗信塑料制品有限公司新建项目_01_受理公告或公示版.pdf,.pdf,pdf_pypdf,5,五、环境保护措施监督检查清单 .......................................................................................... 48,E:\华南理工项目\环评文件汇总\01_GitHub项目与研究文档\eia-openclaw-sync-chen2026\05_QA测试集\人工核查_环评报告出处整理_20260715\环评报告文件_按正文一级章节拆分_20260727\PL020_佛山市朗信塑料制品有限公司新建项目_01_受理公告或公示版\05_五、环境保护措施监督检查清单.md,1,109
E:\华南理工项目\环评文件汇总\01_GitHub项目与研究文档\eia-openclaw-sync-chen2026\05_QA测试集\人工核查_环评报告出处整理_20260715\环评报告文件_按问答顺序\PL020_佛山市朗信塑料制品有限公司新建项目_01_受理公告或公示版.pdf,PL020_佛山市朗信塑料制品有限公司新建项目_01_受理公告或公示版.pdf,.pdf,pdf_pypdf,6,六、结论 .................................................................................................................................. 52,E:\华南理工项目\环评文件汇总\01_GitHub项目与研究文档\eia-openclaw-sync-chen2026\05_QA测试集\人工核查_环评报告出处整理_20260715\环评报告文件_按正文一级章节拆分_20260727\PL020_佛山市朗信塑料制品有限公司新建项目_01_受理公告或公示版\06_六、结论.md,1,139
E:\华南理工项目\环评文件汇总\01_GitHub项目与研究文档\eia-openclaw-sync-chen2026\05_QA测试集\人工核查_环评报告出处整理_20260715\环评报告文件_按问答顺序\PL020_佛山市朗信塑料制品有限公司新建项目_01_受理公告或公示版.pdf,PL020_佛山市朗信塑料制品有限公司新建项目_01_受理公告或公示版.pdf,.pdf,pdf_pypdf,7,附表附图附件,E:\华南理工项目\环评文件汇总\01_GitHub项目与研究文档\eia-openclaw-sync-chen2026\05_QA测试集\人工核查_环评报告出处整理_20260715\环评报告文件_按正文一级章节拆分_20260727\PL020_佛山市朗信塑料制品有限公司新建项目_01_受理公告或公示版\07_附表附图附件.md,21,2165
E:\华南理工项目\环评文件汇总\01_GitHub项目与研究文档\eia-openclaw-sync-chen2026\05_QA测试集\人工核查_环评报告出处整理_20260715\环评报告文件_按问答顺序\PL020_佛山市朗信塑料制品有限公司新建项目_01_受理公告或公示版.pdf,PL020_佛山市朗信塑料制品有限公司新建项目_01_受理公告或公示版.pdf,.pdf,pdf_pypdf,8,一、建设项目基本情况,E:\华南理工项目\环评文件汇总\01_GitHub项目与研究文档\eia-openclaw-sync-chen2026\05_QA测试集\人工核查_环评报告出处整理_20260715\环评报告文件_按正文一级章节拆分_20260727\PL020_佛山市朗信塑料制品有限公司新建项目_01_受理公告或公示版\08_一、建设项目基本情况.md,760,10342
E:\华南理工项目\环评文件汇总\01_GitHub项目与研究文档\eia-openclaw-sync-chen2026\05_QA测试集\人工核查_环评报告出处整理_20260715\环评报告文件_按问答顺序\PL020_佛山市朗信塑料制品有限公司新建项目_01_受理公告或公示版.pdf,PL020_佛山市朗信塑料制品有限公司新建项目_01_受理公告或公示版.pdf,.pdf,pdf_pypdf,9,二、建设项目工程分析,E:\华南理工项目\环评文件汇总\01_GitHub项目与研究文档\eia-openclaw-sync-chen2026\05_QA测试集\人工核查_环评报告出处整理_20260715\环评报告文件_按正文一级章节拆分_20260727\PL020_佛山市朗信塑料制品有限公司新建项目_01_受理公告或公示版\09_二、建设项目工程分析.md,385,7827
E:\华南理工项目\环评文件汇总\01_GitHub项目与研究文档\eia-openclaw-sync-chen2026\05_QA测试集\人工核查_环评报告出处整理_20260715\环评报告文件_按问答顺序\PL020_佛山市朗信塑料制品有限公司新建项目_01_受理公告或公示版.pdf,PL020_佛山市朗信塑料制品有限公司新建项目_01_受理公告或公示版.pdf,.pdf,pdf_pypdf,10,三、区域环境质量现状、环境保护目标及评价标准,E:\华南理工项目\环评文件汇总\01_GitHub项目与研究文档\eia-openclaw-sync-chen2026\05_QA测试集\人工核查_环评报告出处整理_20260715\环评报告文件_按正文一级章节拆分_20260727\PL020_佛山市朗信塑料制品有限公司新建项目_01_受理公告或公示版\10_三、区域环境质量现状、环境保护目标及评价标准.md,48,1042
E:\华南理工项目\环评文件汇总\01_GitHub项目与研究文档\eia-openclaw-sync-chen2026\05_QA测试集\人工核查_环评报告出处整理_20260715\环评报告文件_按问答顺序\PL020_佛山市朗信塑料制品有限公司新建项目_01_受理公告或公示版.pdf,PL020_佛山市朗信塑料制品有限公司新建项目_01_受理公告或公示版.pdf,.pdf,pdf_pypdf,11,附表附图附件,E:\华南理工项目\环评文件汇总\01_GitHub项目与研究文档\eia-openclaw-sync-chen2026\05_QA测试集\人工核查_环评报告出处整理_20260715\环评报告文件_按正文一级章节拆分_20260727\PL020_佛山市朗信塑料制品有限公司新建项目_01_受理公告或公示版\11_附表附图附件.md,195,3316
E:\华南理工项目\环评文件汇总\01_GitHub项目与研究文档\eia-openclaw-sync-chen2026\05_QA测试集\人工核查_环评报告出处整理_20260715\环评报告文件_按问答顺序\PL020_佛山市朗信塑料制品有限公司新建项目_01_受理公告或公示版.pdf,PL020_佛山市朗信塑料制品有限公司新建项目_01_受理公告或公示版.pdf,.pdf,pdf_pypdf,12,四、主要环境影响和保护措施,E:\华南理工项目\环评文件汇总\01_GitHub项目与研究文档\eia-openclaw-sync-chen2026\05_QA测试集\人工核查_环评报告出处整理_20260715\环评报告文件_按正文一级章节拆分_20260727\PL020_佛山市朗信塑料制品有限公司新建项目_01_受理公告或公示版\12_四、主要环境影响和保护措施.md,1088,17317
E:\华南理工项目\环评文件汇总\01_GitHub项目与研究文档\eia-openclaw-sync-chen2026\05_QA测试集\人工核查_环评报告出处整理_20260715\环评报告文件_按问答顺序\PL020_佛山市朗信塑料制品有限公司新建项目_01_受理公告或公示版.pdf,PL020_佛山市朗信塑料制品有限公司新建项目_01_受理公告或公示版.pdf,.pdf,pdf_pypdf,13,五、环境保护措施监督检查清单,E:\华南理工项目\环评文件汇总\01_GitHub项目与研究文档\eia-openclaw-sync-chen2026\05_QA测试集\人工核查_环评报告出处整理_20260715\环评报告文件_按正文一级章节拆分_20260727\PL020_佛山市朗信塑料制品有限公司新建项目_01_受理公告或公示版\13_五、环境保护措施监督检查清单.md,165,2825
E:\华南理工项目\环评文件汇总\01_GitHub项目与研究文档\eia-openclaw-sync-chen2026\05_QA测试集\人工核查_环评报告出处整理_20260715\环评报告文件_按问答顺序\PL020_佛山市朗信塑料制品有限公司新建项目_01_受理公告或公示版.pdf,PL020_佛山市朗信塑料制品有限公司新建项目_01_受理公告或公示版.pdf,.pdf,pdf_pypdf,14,六、结论,E:\华南理工项目\环评文件汇总\01_GitHub项目与研究文档\eia-openclaw-sync-chen2026\05_QA测试集\人工核查_环评报告出处整理_20260715\环评报告文件_按正文一级章节拆分_20260727\PL020_佛山市朗信塑料制品有限公司新建项目_01_受理公告或公示版\14_六、结论.md,12,323
E:\华南理工项目\环评文件汇总\01_GitHub项目与研究文档\eia-openclaw-sync-chen2026\05_QA测试集\人工核查_环评报告出处整理_20260715\环评报告文件_按问答顺序\PL020_佛山市朗信塑料制品有限公司新建项目_01_受理公告或公示版.pdf,PL020_佛山市朗信塑料制品有限公司新建项目_01_受理公告或公示版.pdf,.pdf,pdf_pypdf,15,附表附图附件,E:\华南理工项目\环评文件汇总\01_GitHub项目与研究文档\eia-openclaw-sync-chen2026\05_QA测试集\人工核查_环评报告出处整理_20260715\环评报告文件_按正文一级章节拆分_20260727\PL020_佛山市朗信塑料制品有限公司新建项目_01_受理公告或公示版\15_附表附图附件.md,138,1501
E:\华南理工项目\环评文件汇总\01_GitHub项目与研究文档\eia-openclaw-sync-chen2026\05_QA测试集\人工核查_环评报告出处整理_20260715\环评报告文件_按问答顺序\PL021_佛山市顺德区共诺电子元件厂搬迁项目_01_受理公告或公示版.pdf,PL021_佛山市顺德区共诺电子元件厂搬迁项目_01_受理公告或公示版.pdf,.pdf,pdf_pypdf,1,封面及目录,E:\华南理工项目\环评文件汇总\01_GitHub项目与研究文档\eia-openclaw-sync-chen2026\05_QA测试集\人工核查_环评报告出处整理_20260715\环评报告文件_按正文一级章节拆分_20260727\PL021_佛山市顺德区共诺电子元件厂搬迁项目_01_受理公告或公示版\01_封面及目录.md,2,25
E:\华南理工项目\环评文件汇总\01_GitHub项目与研究文档\eia-openclaw-sync-chen2026\05_QA测试集\人工核查_环评报告出处整理_20260715\环评报告文件_按问答顺序\PL021_佛山市顺德区共诺电子元件厂搬迁项目_01_受理公告或公示版.pdf,PL021_佛山市顺德区共诺电子元件厂搬迁项目_01_受理公告或公示版.pdf,.pdf,pdf_pypdf,2,一、建设项目基本情况 ........................................................................................................ 1,E:\华南理工项目\环评文件汇总\01_GitHub项目与研究文档\eia-openclaw-sync-chen2026\05_QA测试集\人工核查_环评报告出处整理_20260715\环评报告文件_按正文一级章节拆分_20260727\PL021_佛山市顺德区共诺电子元件厂搬迁项目_01_受理公告或公示版\02_一、建设项目基本情况.md,1,118
E:\华南理工项目\环评文件汇总\01_GitHub项目与研究文档\eia-openclaw-sync-chen2026\05_QA测试集\人工核查_环评报告出处整理_20260715\环评报告文件_按问答顺序\PL021_佛山市顺德区共诺电子元件厂搬迁项目_01_受理公告或公示版.pdf,PL021_佛山市顺德区共诺电子元件厂搬迁项目_01_受理公告或公示版.pdf,.pdf,pdf_pypdf,3,二、建设项目工程分析 ........................................................................................................ 9,E:\华南理工项目\环评文件汇总\01_GitHub项目与研究文档\eia-openclaw-sync-chen2026\05_QA测试集\人工核查_环评报告出处整理_20260715\环评报告文件_按正文一级章节拆分_20260727\PL021_佛山市顺德区共诺电子元件厂搬迁项目_01_受理公告或公示版\03_二、建设项目工程分析.md,2,199
E:\华南理工项目\环评文件汇总\01_GitHub项目与研究文档\eia-openclaw-sync-chen2026\05_QA测试集\人工核查_环评报告出处整理_20260715\环评报告文件_按问答顺序\PL021_佛山市顺德区共诺电子元件厂搬迁项目_01_受理公告或公示版.pdf,PL021_佛山市顺德区共诺电子元件厂搬迁项目_01_受理公告或公示版.pdf,.pdf,pdf_pypdf,4,四、主要环境影响和保护措施 .......................................................................................... 22,E:\华南理工项目\环评文件汇总\01_GitHub项目与研究文档\eia-openclaw-sync-chen2026\05_QA测试集\人工核查_环评报告出处整理_20260715\环评报告文件_按正文一级章节拆分_20260727\PL021_佛山市顺德区共诺电子元件厂搬迁项目_01_受理公告或公示版\04_四、主要环境影响和保护措施.md,1,108
E:\华南理工项目\环评文件汇总\01_GitHub项目与研究文档\eia-openclaw-sync-chen2026\05_QA测试集\人工核查_环评报告出处整理_20260715\环评报告文件_按问答顺序\PL021_佛山市顺德区共诺电子元件厂搬迁项目_01_受理公告或公示版.pdf,PL021_佛山市顺德区共诺电子元件厂搬迁项目_01_受理公告或公示版.pdf,.pdf,pdf_pypdf,5,五、环境保护措施监督检查清单 ...................................................................................... 40,E:\华南理工项目\环评文件汇总\01_GitHub项目与研究文档\eia-openclaw-sync-chen2026\05_QA测试集\人工核查_环评报告出处整理_20260715\环评报告文件_按正文一级章节拆分_20260727\PL021_佛山市顺德区共诺电子元件厂搬迁项目_01_受理公告或公示版\05_五、环境保护措施监督检查清单.md,1,105
E:\华南理工项目\环评文件汇总\01_GitHub项目与研究文档\eia-openclaw-sync-chen2026\05_QA测试集\人工核查_环评报告出处整理_20260715\环评报告文件_按问答顺序\PL021_佛山市顺德区共诺电子元件厂搬迁项目_01_受理公告或公示版.pdf,PL021_佛山市顺德区共诺电子元件厂搬迁项目_01_受理公告或公示版.pdf,.pdf,pdf_pypdf,6,六、结论 .............................................................................................................................. 43,E:\华南理工项目\环评文件汇总\01_GitHub项目与研究文档\eia-openclaw-sync-chen2026\05_QA测试集\人工核查_环评报告出处整理_20260715\环评报告文件_按正文一级章节拆分_20260727\PL021_佛山市顺德区共诺电子元件厂搬迁项目_01_受理公告或公示版\06_六、结论.md,1,135
E:\华南理工项目\环评文件汇总\01_GitHub项目与研究文档\eia-openclaw-sync-chen2026\05_QA测试集\人工核查_环评报告出处整理_20260715\环评报告文件_按问答顺序\PL021_佛山市顺德区共诺电子元件厂搬迁项目_01_受理公告或公示版.pdf,PL021_佛山市顺德区共诺电子元件厂搬迁项目_01_受理公告或公示版.pdf,.pdf,pdf_pypdf,7,附表附图附件,E:\华南理工项目\环评文件汇总\01_GitHub项目与研究文档\eia-openclaw-sync-chen2026\05_QA测试集\人工核查_环评报告出处整理_20260715\环评报告文件_按正文一级章节拆分_20260727\PL021_佛山市顺德区共诺电子元件厂搬迁项目_01_受理公告或公示版\07_附表附图附件.md,18,1699
E:\华南理工项目\环评文件汇总\01_GitHub项目与研究文档\eia-openclaw-sync-chen2026\05_QA测试集\人工核查_环评报告出处整理_20260715\环评报告文件_按问答顺序\PL021_佛山市顺德区共诺电子元件厂搬迁项目_01_受理公告或公示版.pdf,PL021_佛山市顺德区共诺电子元件厂搬迁项目_01_受理公告或公示版.pdf,.pdf,pdf_pypdf,8,一、建设项目基本情况,E:\华南理工项目\环评文件汇总\01_GitHub项目与研究文档\eia-openclaw-sync-chen2026\05_QA测试集\人工核查_环评报告出处整理_20260715\环评报告文件_按正文一级章节拆分_20260727\PL021_佛山市顺德区共诺电子元件厂搬迁项目_01_受理公告或公示版\08_一、建设项目基本情况.md,617,10728
E:\华南理工项目\环评文件汇总\01_GitHub项目与研究文档\eia-openclaw-sync-chen2026\05_QA测试集\人工核查_环评报告出处整理_20260715\环评报告文件_按问答顺序\PL021_佛山市顺德区共诺电子元件厂搬迁项目_01_受理公告或公示版.pdf,PL021_佛山市顺德区共诺电子元件厂搬迁项目_01_受理公告或公示版.pdf,.pdf,pdf_pypdf,9,二、建设项目工程分析,E:\华南理工项目\环评文件汇总\01_GitHub项目与研究文档\eia-openclaw-sync-chen2026\05_QA测试集\人工核查_环评报告出处整理_20260715\环评报告文件_按正文一级章节拆分_20260727\PL021_佛山市顺德区共诺电子元件厂搬迁项目_01_受理公告或公示版\09_二、建设项目工程分析.md,459,7880
E:\华南理工项目\环评文件汇总\01_GitHub项目与研究文档\eia-openclaw-sync-chen2026\05_QA测试集\人工核查_环评报告出处整理_20260715\环评报告文件_按问答顺序\PL021_佛山市顺德区共诺电子元件厂搬迁项目_01_受理公告或公示版.pdf,PL021_佛山市顺德区共诺电子元件厂搬迁项目_01_受理公告或公示版.pdf,.pdf,pdf_pypdf,10,三、区域环境质量现状、环境保护目标及评价标准,E:\华南理工项目\环评文件汇总\01_GitHub项目与研究文档\eia-openclaw-sync-chen2026\05_QA测试集\人工核查_环评报告出处整理_20260715\环评报告文件_按正文一级章节拆分_20260727\PL021_佛山市顺德区共诺电子元件厂搬迁项目_01_受理公告或公示版\10_三、区域环境质量现状、环境保护目标及评价标准.md,199,4624
E:\华南理工项目\环评文件汇总\01_GitHub项目与研究文档\eia-openclaw-sync-chen2026\05_QA测试集\人工核查_环评报告出处整理_20260715\环评报告文件_按问答顺序\PL021_佛山市顺德区共诺电子元件厂搬迁项目_01_受理公告或公示版.pdf,PL021_佛山市顺德区共诺电子元件厂搬迁项目_01_受理公告或公示版.pdf,.pdf,pdf_pypdf,11,四、主要环境影响和保护措施,E:\华南理工项目\环评文件汇总\01_GitHub项目与研究文档\eia-openclaw-sync-chen2026\05_QA测试集\人工核查_环评报告出处整理_20260715\环评报告文件_按正文一级章节拆分_20260727\PL021_佛山市顺德区共诺电子元件厂搬迁项目_01_受理公告或公示版\11_四、主要环境影响和保护措施.md,936,18138
E:\华南理工项目\环评文件汇总\01_GitHub项目与研究文档\eia-openclaw-sync-chen2026\05_QA测试集\人工核查_环评报告出处整理_20260715\环评报告文件_按问答顺序\PL021_佛山市顺德区共诺电子元件厂搬迁项目_01_受理公告或公示版.pdf,PL021_佛山市顺德区共诺电子元件厂搬迁项目_01_受理公告或公示版.pdf,.pdf,pdf_pypdf,12,五、环境保护措施监督检查清单,E:\华南理工项目\环评文件汇总\01_GitHub项目与研究文档\eia-openclaw-sync-chen2026\05_QA测试集\人工核查_环评报告出处整理_20260715\环评报告文件_按正文一级章节拆分_20260727\PL021_佛山市顺德区共诺电子元件厂搬迁项目_01_受理公告或公示版\12_五、环境保护措施监督检查清单.md,127,2021
E:\华南理工项目\环评文件汇总\01_GitHub项目与研究文档\eia-openclaw-sync-chen2026\05_QA测试集\人工核查_环评报告出处整理_20260715\环评报告文件_按问答顺序\PL021_佛山市顺德区共诺电子元件厂搬迁项目_01_受理公告或公示版.pdf,PL021_佛山市顺德区共诺电子元件厂搬迁项目_01_受理公告或公示版.pdf,.pdf,pdf_pypdf,13,六、结论,E:\华南理工项目\环评文件汇总\01_GitHub项目与研究文档\eia-openclaw-sync-chen2026\05_QA测试集\人工核查_环评报告出处整理_20260715\环评报告文件_按正文一级章节拆分_20260727\PL021_佛山市顺德区共诺电子元件厂搬迁项目_01_受理公告或公示版\13_六、结论.md,7,156
E:\华南理工项目\环评文件汇总\01_GitHub项目与研究文档\eia-openclaw-sync-chen2026\05_QA测试集\人工核查_环评报告出处整理_20260715\环评报告文件_按问答顺序\PL021_佛山市顺德区共诺电子元件厂搬迁项目_01_受理公告或公示版.pdf,PL021_佛山市顺德区共诺电子元件厂搬迁项目_01_受理公告或公示版.pdf,.pdf,pdf_pypdf,14,附表附图附件,E:\华南理工项目\环评文件汇总\01_GitHub项目与研究文档\eia-openclaw-sync-chen2026\05_QA测试集\人工核查_环评报告出处整理_20260715\环评报告文件_按正文一级章节拆分_20260727\PL021_佛山市顺德区共诺电子元件厂搬迁项目_01_受理公告或公示版\14_附表附图附件.md,130,1829
E:\华南理工项目\环评文件汇总\01_GitHub项目与研究文档\eia-openclaw-sync-chen2026\05_QA测试集\人工核查_环评报告出处整理_20260715\环评报告文件_按问答顺序\PL022_佛山市锐拓新材料有限公司新建项目_01_受理公告或公示版.pdf,PL022_佛山市锐拓新材料有限公司新建项目_01_受理公告或公示版.pdf,.pdf,pdf_pypdf,1,封面及目录,E:\华南理工项目\环评文件汇总\01_GitHub项目与研究文档\eia-openclaw-sync-chen2026\05_QA测试集\人工核查_环评报告出处整理_20260715\环评报告文件_按正文一级章节拆分_20260727\PL022_佛山市锐拓新材料有限公司新建项目_01_受理公告或公示版\01_封面及目录.md,2,24
E:\华南理工项目\环评文件汇总\01_GitHub项目与研究文档\eia-openclaw-sync-chen2026\05_QA测试集\人工核查_环评报告出处整理_20260715\环评报告文件_按问答顺序\PL022_佛山市锐拓新材料有限公司新建项目_01_受理公告或公示版.pdf,PL022_佛山市锐拓新材料有限公司新建项目_01_受理公告或公示版.pdf,.pdf,pdf_pypdf,2,一、建设项目基本情况 ...............................................................................................................................1,E:\华南理工项目\环评文件汇总\01_GitHub项目与研究文档\eia-openclaw-sync-chen2026\05_QA测试集\人工核查_环评报告出处整理_20260715\环评报告文件_按正文一级章节拆分_20260727\PL022_佛山市锐拓新材料有限公司新建项目_01_受理公告或公示版\02_一、建设项目基本情况.md,1,140
E:\华南理工项目\环评文件汇总\01_GitHub项目与研究文档\eia-openclaw-sync-chen2026\05_QA测试集\人工核查_环评报告出处整理_20260715\环评报告文件_按问答顺序\PL022_佛山市锐拓新材料有限公司新建项目_01_受理公告或公示版.pdf,PL022_佛山市锐拓新材料有限公司新建项目_01_受理公告或公示版.pdf,.pdf,pdf_pypdf,3,二、建设项目工程分析 .............................................................................................................................17,E:\华南理工项目\环评文件汇总\01_GitHub项目与研究文档\eia-openclaw-sync-chen2026\05_QA测试集\人工核查_环评报告出处整理_20260715\环评报告文件_按正文一级章节拆分_20260727\PL022_佛山市锐拓新材料有限公司新建项目_01_受理公告或公示版\03_二、建设项目工程分析.md,2,241
E:\华南理工项目\环评文件汇总\01_GitHub项目与研究文档\eia-openclaw-sync-chen2026\05_QA测试集\人工核查_环评报告出处整理_20260715\环评报告文件_按问答顺序\PL022_佛山市锐拓新材料有限公司新建项目_01_受理公告或公示版.pdf,PL022_佛山市锐拓新材料有限公司新建项目_01_受理公告或公示版.pdf,.pdf,pdf_pypdf,4,四、主要环境影响和保护措施 ................................................................................................................ 30,E:\华南理工项目\环评文件汇总\01_GitHub项目与研究文档\eia-openclaw-sync-chen2026\05_QA测试集\人工核查_环评报告出处整理_20260715\环评报告文件_按正文一级章节拆分_20260727\PL022_佛山市锐拓新材料有限公司新建项目_01_受理公告或公示版\04_四、主要环境影响和保护措施.md,1,130
E:\华南理工项目\环评文件汇总\01_GitHub项目与研究文档\eia-openclaw-sync-chen2026\05_QA测试集\人工核查_环评报告出处整理_20260715\环评报告文件_按问答顺序\PL022_佛山市锐拓新材料有限公司新建项目_01_受理公告或公示版.pdf,PL022_佛山市锐拓新材料有限公司新建项目_01_受理公告或公示版.pdf,.pdf,pdf_pypdf,5,五、环境保护措施监督检查清单 ............................................................................................................ 59,E:\华南理工项目\环评文件汇总\01_GitHub项目与研究文档\eia-openclaw-sync-chen2026\05_QA测试集\人工核查_环评报告出处整理_20260715\环评报告文件_按正文一级章节拆分_20260727\PL022_佛山市锐拓新材料有限公司新建项目_01_受理公告或公示版\05_五、环境保护措施监督检查清单.md,1,127
E:\华南理工项目\环评文件汇总\01_GitHub项目与研究文档\eia-openclaw-sync-chen2026\05_QA测试集\人工核查_环评报告出处整理_20260715\环评报告文件_按问答顺序\PL022_佛山市锐拓新材料有限公司新建项目_01_受理公告或公示版.pdf,PL022_佛山市锐拓新材料有限公司新建项目_01_受理公告或公示版.pdf,.pdf,pdf_pypdf,6,六、结论 .....................................................................................................................................................62,E:\华南理工项目\环评文件汇总\01_GitHub项目与研究文档\eia-openclaw-sync-chen2026\05_QA测试集\人工核查_环评报告出处整理_20260715\环评报告文件_按正文一级章节拆分_20260727\PL022_佛山市锐拓新材料有限公司新建项目_01_受理公告或公示版\06_六、结论.md,2,287
E:\华南理工项目\环评文件汇总\01_GitHub项目与研究文档\eia-openclaw-sync-chen2026\05_QA测试集\人工核查_环评报告出处整理_20260715\环评报告文件_按问答顺序\PL022_佛山市锐拓新材料有限公司新建项目_01_受理公告或公示版.pdf,PL022_佛山市锐拓新材料有限公司新建项目_01_受理公告或公示版.pdf,.pdf,pdf_pypdf,7,附表附图附件,E:\华南理工项目\环评文件汇总\01_GitHub项目与研究文档\eia-openclaw-sync-chen2026\05_QA测试集\人工核查_环评报告出处整理_20260715\环评报告文件_按正文一级章节拆分_20260727\PL022_佛山市锐拓新材料有限公司新建项目_01_受理公告或公示版\07_附表附图附件.md,17,1922
E:\华南理工项目\环评文件汇总\01_GitHub项目与研究文档\eia-openclaw-sync-chen2026\05_QA测试集\人工核查_环评报告出处整理_20260715\环评报告文件_按问答顺序\PL022_佛山市锐拓新材料有限公司新建项目_01_受理公告或公示版.pdf,PL022_佛山市锐拓新材料有限公司新建项目_01_受理公告或公示版.pdf,.pdf,pdf_pypdf,8,一、建设项目基本情况,E:\华南理工项目\环评文件汇总\01_GitHub项目与研究文档\eia-openclaw-sync-chen2026\05_QA测试集\人工核查_环评报告出处整理_20260715\环评报告文件_按正文一级章节拆分_20260727\PL022_佛山市锐拓新材料有限公司新建项目_01_受理公告或公示版\08_一、建设项目基本情况.md,1046,14811
E:\华南理工项目\环评文件汇总\01_GitHub项目与研究文档\eia-openclaw-sync-chen2026\05_QA测试集\人工核查_环评报告出处整理_20260715\环评报告文件_按问答顺序\PL022_佛山市锐拓新材料有限公司新建项目_01_受理公告或公示版.pdf,PL022_佛山市锐拓新材料有限公司新建项目_01_受理公告或公示版.pdf,.pdf,pdf_pypdf,9,二、建设项目工程分析,E:\华南理工项目\环评文件汇总\01_GitHub项目与研究文档\eia-openclaw-sync-chen2026\05_QA测试集\人工核查_环评报告出处整理_20260715\环评报告文件_按正文一级章节拆分_20260727\PL022_佛山市锐拓新材料有限公司新建项目_01_受理公告或公示版\09_二、建设项目工程分析.md,243,4442
E:\华南理工项目\环评文件汇总\01_GitHub项目与研究文档\eia-openclaw-sync-chen2026\05_QA测试集\人工核查_环评报告出处整理_20260715\环评报告文件_按问答顺序\PL022_佛山市锐拓新材料有限公司新建项目_01_受理公告或公示版.pdf,PL022_佛山市锐拓新材料有限公司新建项目_01_受理公告或公示版.pdf,.pdf,pdf_pypdf,10,三、区域环境质量现状、环境保护目标及评价标准,E:\华南理工项目\环评文件汇总\01_GitHub项目与研究文档\eia-openclaw-sync-chen2026\05_QA测试集\人工核查_环评报告出处整理_20260715\环评报告文件_按正文一级章节拆分_20260727\PL022_佛山市锐拓新材料有限公司新建项目_01_受理公告或公示版\10_三、区域环境质量现状、环境保护目标及评价标准.md,237,4758
E:\华南理工项目\环评文件汇总\01_GitHub项目与研究文档\eia-openclaw-sync-chen2026\05_QA测试集\人工核查_环评报告出处整理_20260715\环评报告文件_按问答顺序\PL022_佛山市锐拓新材料有限公司新建项目_01_受理公告或公示版.pdf,PL022_佛山市锐拓新材料有限公司新建项目_01_受理公告或公示版.pdf,.pdf,pdf_pypdf,11,四、主要环境影响和保护措施,E:\华南理工项目\环评文件汇总\01_GitHub项目与研究文档\eia-openclaw-sync-chen2026\05_QA测试集\人工核查_环评报告出处整理_20260715\环评报告文件_按正文一级章节拆分_20260727\PL022_佛山市锐拓新材料有限公司新建项目_01_受理公告或公示版\11_四、主要环境影响和保护措施.md,1561,25216
E:\华南理工项目\环评文件汇总\01_GitHub项目与研究文档\eia-openclaw-sync-chen2026\05_QA测试集\人工核查_环评报告出处整理_20260715\环评报告文件_按问答顺序\PL022_佛山市锐拓新材料有限公司新建项目_01_受理公告或公示版.pdf,PL022_佛山市锐拓新材料有限公司新建项目_01_受理公告或公示版.pdf,.pdf,pdf_pypdf,12,五、环境保护措施监督检查清单,E:\华南理工项目\环评文件汇总\01_GitHub项目与研究文档\eia-openclaw-sync-chen2026\05_QA测试集\人工核查_环评报告出处整理_20260715\环评报告文件_按正文一级章节拆分_20260727\PL022_佛山市锐拓新材料有限公司新建项目_01_受理公告或公示版\12_五、环境保护措施监督检查清单.md,137,1860
E:\华南理工项目\环评文件汇总\01_GitHub项目与研究文档\eia-openclaw-sync-chen2026\05_QA测试集\人工核查_环评报告出处整理_20260715\环评报告文件_按问答顺序\PL022_佛山市锐拓新材料有限公司新建项目_01_受理公告或公示版.pdf,PL022_佛山市锐拓新材料有限公司新建项目_01_受理公告或公示版.pdf,.pdf,pdf_pypdf,13,六、结论,E:\华南理工项目\环评文件汇总\01_GitHub项目与研究文档\eia-openclaw-sync-chen2026\05_QA测试集\人工核查_环评报告出处整理_20260715\环评报告文件_按正文一级章节拆分_20260727\PL022_佛山市锐拓新材料有限公司新建项目_01_受理公告或公示版\13_六、结论.md,8,205
E:\华南理工项目\环评文件汇总\01_GitHub项目与研究文档\eia-openclaw-sync-chen2026\05_QA测试集\人工核查_环评报告出处整理_20260715\环评报告文件_按问答顺序\PL022_佛山市锐拓新材料有限公司新建项目_01_受理公告或公示版.pdf,PL022_佛山市锐拓新材料有限公司新建项目_01_受理公告或公示版.pdf,.pdf,pdf_pypdf,14,附表附图附件,E:\华南理工项目\环评文件汇总\01_GitHub项目与研究文档\eia-openclaw-sync-chen2026\05_QA测试集\人工核查_环评报告出处整理_20260715\环评报告文件_按正文一级章节拆分_20260727\PL022_佛山市锐拓新材料有限公司新建项目_01_受理公告或公示版\14_附表附图附件.md,123,1776
E:\华南理工项目\环评文件汇总\01_GitHub项目与研究文档\eia-openclaw-sync-chen2026\05_QA测试集\人工核查_环评报告出处整理_20260715\环评报告文件_按问答顺序\PL023_佛山市通能达科技有限公司新建项目_01_受理公告或公示版.pdf,PL023_佛山市通能达科技有限公司新建项目_01_受理公告或公示版.pdf,.pdf,pdf_pypdf,1,封面及目录,E:\华南理工项目\环评文件汇总\01_GitHub项目与研究文档\eia-openclaw-sync-chen2026\05_QA测试集\人工核查_环评报告出处整理_20260715\环评报告文件_按正文一级章节拆分_20260727\PL023_佛山市通能达科技有限公司新建项目_01_受理公告或公示版\01_封面及目录.md,9,138
E:\华南理工项目\环评文件汇总\01_GitHub项目与研究文档\eia-openclaw-sync-chen2026\05_QA测试集\人工核查_环评报告出处整理_20260715\环评报告文件_按问答顺序\PL023_佛山市通能达科技有限公司新建项目_01_受理公告或公示版.pdf,PL023_佛山市通能达科技有限公司新建项目_01_受理公告或公示版.pdf,.pdf,pdf_pypdf,2,一、建设项目基本情况 ...................................................................................................................................... 1,E:\华南理工项目\环评文件汇总\01_GitHub项目与研究文档\eia-openclaw-sync-chen2026\05_QA测试集\人工核查_环评报告出处整理_20260715\环评报告文件_按正文一级章节拆分_20260727\PL023_佛山市通能达科技有限公司新建项目_01_受理公告或公示版\02_一、建设项目基本情况.md,1,148
E:\华南理工项目\环评文件汇总\01_GitHub项目与研究文档\eia-openclaw-sync-chen2026\05_QA测试集\人工核查_环评报告出处整理_20260715\环评报告文件_按问答顺序\PL023_佛山市通能达科技有限公司新建项目_01_受理公告或公示版.pdf,PL023_佛山市通能达科技有限公司新建项目_01_受理公告或公示版.pdf,.pdf,pdf_pypdf,3,二、建设项目工程分析 .................................................................................................................................... 20,E:\华南理工项目\环评文件汇总\01_GitHub项目与研究文档\eia-openclaw-sync-chen2026\05_QA测试集\人工核查_环评报告出处整理_20260715\环评报告文件_按正文一级章节拆分_20260727\PL023_佛山市通能达科技有限公司新建项目_01_受理公告或公示版\03_二、建设项目工程分析.md,2,258
E:\华南理工项目\环评文件汇总\01_GitHub项目与研究文档\eia-openclaw-sync-chen2026\05_QA测试集\人工核查_环评报告出处整理_20260715\环评报告文件_按问答顺序\PL023_佛山市通能达科技有限公司新建项目_01_受理公告或公示版.pdf,PL023_佛山市通能达科技有限公司新建项目_01_受理公告或公示版.pdf,.pdf,pdf_pypdf,4,四、主要环境影响和保护措施 ........................................................................................................................ 36,E:\华南理工项目\环评文件汇总\01_GitHub项目与研究文档\eia-openclaw-sync-chen2026\05_QA测试集\人工核查_环评报告出处整理_20260715\环评报告文件_按正文一级章节拆分_20260727\PL023_佛山市通能达科技有限公司新建项目_01_受理公告或公示版\04_四、主要环境影响和保护措施.md,1,138
E:\华南理工项目\环评文件汇总\01_GitHub项目与研究文档\eia-openclaw-sync-chen2026\05_QA测试集\人工核查_环评报告出处整理_20260715\环评报告文件_按问答顺序\PL023_佛山市通能达科技有限公司新建项目_01_受理公告或公示版.pdf,PL023_佛山市通能达科技有限公司新建项目_01_受理公告或公示版.pdf,.pdf,pdf_pypdf,5,五、环境保护措施监督检查清单 .................................................................................................................... 67,E:\华南理工项目\环评文件汇总\01_GitHub项目与研究文档\eia-openclaw-sync-chen2026\05_QA测试集\人工核查_环评报告出处整理_20260715\环评报告文件_按正文一级章节拆分_20260727\PL023_佛山市通能达科技有限公司新建项目_01_受理公告或公示版\05_五、环境保护措施监督检查清单.md,1,135
E:\华南理工项目\环评文件汇总\01_GitHub项目与研究文档\eia-openclaw-sync-chen2026\05_QA测试集\人工核查_环评报告出处整理_20260715\环评报告文件_按问答顺序\PL023_佛山市通能达科技有限公司新建项目_01_受理公告或公示版.pdf,PL023_佛山市通能达科技有限公司新建项目_01_受理公告或公示版.pdf,.pdf,pdf_pypdf,6,六、结论 ............................................................................................................................................................ 71,E:\华南理工项目\环评文件汇总\01_GitHub项目与研究文档\eia-openclaw-sync-chen2026\05_QA测试集\人工核查_环评报告出处整理_20260715\环评报告文件_按正文一级章节拆分_20260727\PL023_佛山市通能达科技有限公司新建项目_01_受理公告或公示版\06_六、结论.md,1,165
E:\华南理工项目\环评文件汇总\01_GitHub项目与研究文档\eia-openclaw-sync-chen2026\05_QA测试集\人工核查_环评报告出处整理_20260715\环评报告文件_按问答顺序\PL023_佛山市通能达科技有限公司新建项目_01_受理公告或公示版.pdf,PL023_佛山市通能达科技有限公司新建项目_01_受理公告或公示版.pdf,.pdf,pdf_pypdf,7,附表附图附件,E:\华南理工项目\环评文件汇总\01_GitHub项目与研究文档\eia-openclaw-sync-chen2026\05_QA测试集\人工核查_环评报告出处整理_20260715\环评报告文件_按正文一级章节拆分_20260727\PL023_佛山市通能达科技有限公司新建项目_01_受理公告或公示版\07_附表附图附件.md,20,2582
E:\华南理工项目\环评文件汇总\01_GitHub项目与研究文档\eia-openclaw-sync-chen2026\05_QA测试集\人工核查_环评报告出处整理_20260715\环评报告文件_按问答顺序\PL023_佛山市通能达科技有限公司新建项目_01_受理公告或公示版.pdf,PL023_佛山市通能达科技有限公司新建项目_01_受理公告或公示版.pdf,.pdf,pdf_pypdf,8,一、建设项目基本情况,E:\华南理工项目\环评文件汇总\01_GitHub项目与研究文档\eia-openclaw-sync-chen2026\05_QA测试集\人工核查_环评报告出处整理_20260715\环评报告文件_按正文一级章节拆分_20260727\PL023_佛山市通能达科技有限公司新建项目_01_受理公告或公示版\08_一、建设项目基本情况.md,1514,22279
E:\华南理工项目\环评文件汇总\01_GitHub项目与研究文档\eia-openclaw-sync-chen2026\05_QA测试集\人工核查_环评报告出处整理_20260715\环评报告文件_按问答顺序\PL023_佛山市通能达科技有限公司新建项目_01_受理公告或公示版.pdf,PL023_佛山市通能达科技有限公司新建项目_01_受理公告或公示版.pdf,.pdf,pdf_pypdf,9,二、建设项目工程分析,E:\华南理工项目\环评文件汇总\01_GitHub项目与研究文档\eia-openclaw-sync-chen2026\05_QA测试集\人工核查_环评报告出处整理_20260715\环评报告文件_按正文一级章节拆分_20260727\PL023_佛山市通能达科技有限公司新建项目_01_受理公告或公示版\09_二、建设项目工程分析.md,555,9402
E:\华南理工项目\环评文件汇总\01_GitHub项目与研究文档\eia-openclaw-sync-chen2026\05_QA测试集\人工核查_环评报告出处整理_20260715\环评报告文件_按问答顺序\PL023_佛山市通能达科技有限公司新建项目_01_受理公告或公示版.pdf,PL023_佛山市通能达科技有限公司新建项目_01_受理公告或公示版.pdf,.pdf,pdf_pypdf,10,三、区域环境质量现状、环境保护目标及评价标准,E:\华南理工项目\环评文件汇总\01_GitHub项目与研究文档\eia-openclaw-sync-chen2026\05_QA测试集\人工核查_环评报告出处整理_20260715\环评报告文件_按正文一级章节拆分_20260727\PL023_佛山市通能达科技有限公司新建项目_01_受理公告或公示版\10_三、区域环境质量现状、环境保护目标及评价标准.md,194,5007
E:\华南理工项目\环评文件汇总\01_GitHub项目与研究文档\eia-openclaw-sync-chen2026\05_QA测试集\人工核查_环评报告出处整理_20260715\环评报告文件_按问答顺序\PL023_佛山市通能达科技有限公司新建项目_01_受理公告或公示版.pdf,PL023_佛山市通能达科技有限公司新建项目_01_受理公告或公示版.pdf,.pdf,pdf_pypdf,11,四、主要环境影响和保护措施,E:\华南理工项目\环评文件汇总\01_GitHub项目与研究文档\eia-openclaw-sync-chen2026\05_QA测试集\人工核查_环评报告出处整理_20260715\环评报告文件_按正文一级章节拆分_20260727\PL023_佛山市通能达科技有限公司新建项目_01_受理公告或公示版\11_四、主要环境影响和保护措施.md,1672,28787
E:\华南理工项目\环评文件汇总\01_GitHub项目与研究文档\eia-openclaw-sync-chen2026\05_QA测试集\人工核查_环评报告出处整理_20260715\环评报告文件_按问答顺序\PL023_佛山市通能达科技有限公司新建项目_01_受理公告或公示版.pdf,PL023_佛山市通能达科技有限公司新建项目_01_受理公告或公示版.pdf,.pdf,pdf_pypdf,12,五、环境保护措施监督检查清单,E:\华南理工项目\环评文件汇总\01_GitHub项目与研究文档\eia-openclaw-sync-chen2026\05_QA测试集\人工核查_环评报告出处整理_20260715\环评报告文件_按正文一级章节拆分_20260727\PL023_佛山市通能达科技有限公司新建项目_01_受理公告或公示版\12_五、环境保护措施监督检查清单.md,158,2810
E:\华南理工项目\环评文件汇总\01_GitHub项目与研究文档\eia-openclaw-sync-chen2026\05_QA测试集\人工核查_环评报告出处整理_20260715\环评报告文件_按问答顺序\PL023_佛山市通能达科技有限公司新建项目_01_受理公告或公示版.pdf,PL023_佛山市通能达科技有限公司新建项目_01_受理公告或公示版.pdf,.pdf,pdf_pypdf,13,六、结论,E:\华南理工项目\环评文件汇总\01_GitHub项目与研究文档\eia-openclaw-sync-chen2026\05_QA测试集\人工核查_环评报告出处整理_20260715\环评报告文件_按正文一级章节拆分_20260727\PL023_佛山市通能达科技有限公司新建项目_01_受理公告或公示版\13_六、结论.md,7,175
E:\华南理工项目\环评文件汇总\01_GitHub项目与研究文档\eia-openclaw-sync-chen2026\05_QA测试集\人工核查_环评报告出处整理_20260715\环评报告文件_按问答顺序\PL023_佛山市通能达科技有限公司新建项目_01_受理公告或公示版.pdf,PL023_佛山市通能达科技有限公司新建项目_01_受理公告或公示版.pdf,.pdf,pdf_pypdf,14,附表附图附件,E:\华南理工项目\环评文件汇总\01_GitHub项目与研究文档\eia-openclaw-sync-chen2026\05_QA测试集\人工核查_环评报告出处整理_20260715\环评报告文件_按正文一级章节拆分_20260727\PL023_佛山市通能达科技有限公司新建项目_01_受理公告或公示版\14_附表附图附件.md,127,1953
E:\华南理工项目\环评文件汇总\01_GitHub项目与研究文档\eia-openclaw-sync-chen2026\05_QA测试集\人工核查_环评报告出处整理_20260715\环评报告文件_按问答顺序\PL025_佛山市巨人电器有限公司新建项目_01_受理公告或公示版.pdf,PL025_佛山市巨人电器有限公司新建项目_01_受理公告或公示版.pdf,.pdf,pdf_pypdf,1,封面及目录,E:\华南理工项目\环评文件汇总\01_GitHub项目与研究文档\eia-openclaw-sync-chen2026\05_QA测试集\人工核查_环评报告出处整理_20260715\环评报告文件_按正文一级章节拆分_20260727\PL025_佛山市巨人电器有限公司新建项目_01_受理公告或公示版\01_封面及目录.md,2,25
E:\华南理工项目\环评文件汇总\01_GitHub项目与研究文档\eia-openclaw-sync-chen2026\05_QA测试集\人工核查_环评报告出处整理_20260715\环评报告文件_按问答顺序\PL025_佛山市巨人电器有限公司新建项目_01_受理公告或公示版.pdf,PL025_佛山市巨人电器有限公司新建项目_01_受理公告或公示版.pdf,.pdf,pdf_pypdf,2,一、建设项目基本情况 ..........................................................................................1,E:\华南理工项目\环评文件汇总\01_GitHub项目与研究文档\eia-openclaw-sync-chen2026\05_QA测试集\人工核查_环评报告出处整理_20260715\环评报告文件_按正文一级章节拆分_20260727\PL025_佛山市巨人电器有限公司新建项目_01_受理公告或公示版\02_一、建设项目基本情况.md,1,103
E:\华南理工项目\环评文件汇总\01_GitHub项目与研究文档\eia-openclaw-sync-chen2026\05_QA测试集\人工核查_环评报告出处整理_20260715\环评报告文件_按问答顺序\PL025_佛山市巨人电器有限公司新建项目_01_受理公告或公示版.pdf,PL025_佛山市巨人电器有限公司新建项目_01_受理公告或公示版.pdf,.pdf,pdf_pypdf,3,二、建设项目工程分析 ....................................................................................... 16,E:\华南理工项目\环评文件汇总\01_GitHub项目与研究文档\eia-openclaw-sync-chen2026\05_QA测试集\人工核查_环评报告出处整理_20260715\环评报告文件_按正文一级章节拆分_20260727\PL025_佛山市巨人电器有限公司新建项目_01_受理公告或公示版\03_二、建设项目工程分析.md,2,167
E:\华南理工项目\环评文件汇总\01_GitHub项目与研究文档\eia-openclaw-sync-chen2026\05_QA测试集\人工核查_环评报告出处整理_20260715\环评报告文件_按问答顺序\PL025_佛山市巨人电器有限公司新建项目_01_受理公告或公示版.pdf,PL025_佛山市巨人电器有限公司新建项目_01_受理公告或公示版.pdf,.pdf,pdf_pypdf,4,四、主要环境影响和保护措施 ........................................................................... 29,E:\华南理工项目\环评文件汇总\01_GitHub项目与研究文档\eia-openclaw-sync-chen2026\05_QA测试集\人工核查_环评报告出处整理_20260715\环评报告文件_按正文一级章节拆分_20260727\PL025_佛山市巨人电器有限公司新建项目_01_受理公告或公示版\04_四、主要环境影响和保护措施.md,1,93
E:\华南理工项目\环评文件汇总\01_GitHub项目与研究文档\eia-openclaw-sync-chen2026\05_QA测试集\人工核查_环评报告出处整理_20260715\环评报告文件_按问答顺序\PL025_佛山市巨人电器有限公司新建项目_01_受理公告或公示版.pdf,PL025_佛山市巨人电器有限公司新建项目_01_受理公告或公示版.pdf,.pdf,pdf_pypdf,5,五、环境保护措施监督检查清单 ....................................................................... 52,E:\华南理工项目\环评文件汇总\01_GitHub项目与研究文档\eia-openclaw-sync-chen2026\05_QA测试集\人工核查_环评报告出处整理_20260715\环评报告文件_按正文一级章节拆分_20260727\PL025_佛山市巨人电器有限公司新建项目_01_受理公告或公示版\05_五、环境保护措施监督检查清单.md,1,90
E:\华南理工项目\环评文件汇总\01_GitHub项目与研究文档\eia-openclaw-sync-chen2026\05_QA测试集\人工核查_环评报告出处整理_20260715\环评报告文件_按问答顺序\PL025_佛山市巨人电器有限公司新建项目_01_受理公告或公示版.pdf,PL025_佛山市巨人电器有限公司新建项目_01_受理公告或公示版.pdf,.pdf,pdf_pypdf,6,六、结论 ................................................................................................................54,E:\华南理工项目\环评文件汇总\01_GitHub项目与研究文档\eia-openclaw-sync-chen2026\05_QA测试集\人工核查_环评报告出处整理_20260715\环评报告文件_按正文一级章节拆分_20260727\PL025_佛山市巨人电器有限公司新建项目_01_受理公告或公示版\06_六、结论.md,1,120
E:\华南理工项目\环评文件汇总\01_GitHub项目与研究文档\eia-openclaw-sync-chen2026\05_QA测试集\人工核查_环评报告出处整理_20260715\环评报告文件_按问答顺序\PL025_佛山市巨人电器有限公司新建项目_01_受理公告或公示版.pdf,PL025_佛山市巨人电器有限公司新建项目_01_受理公告或公示版.pdf,.pdf,pdf_pypdf,7,附表附图附件,E:\华南理工项目\环评文件汇总\01_GitHub项目与研究文档\eia-openclaw-sync-chen2026\05_QA测试集\人工核查_环评报告出处整理_20260715\环评报告文件_按正文一级章节拆分_20260727\PL025_佛山市巨人电器有限公司新建项目_01_受理公告或公示版\07_附表附图附件.md,21,1698
E:\华南理工项目\环评文件汇总\01_GitHub项目与研究文档\eia-openclaw-sync-chen2026\05_QA测试集\人工核查_环评报告出处整理_20260715\环评报告文件_按问答顺序\PL025_佛山市巨人电器有限公司新建项目_01_受理公告或公示版.pdf,PL025_佛山市巨人电器有限公司新建项目_01_受理公告或公示版.pdf,.pdf,pdf_pypdf,8,一、建设项目基本情况,E:\华南理工项目\环评文件汇总\01_GitHub项目与研究文档\eia-openclaw-sync-chen2026\05_QA测试集\人工核查_环评报告出处整理_20260715\环评报告文件_按正文一级章节拆分_20260727\PL025_佛山市巨人电器有限公司新建项目_01_受理公告或公示版\08_一、建设项目基本情况.md,1169,15348
E:\华南理工项目\环评文件汇总\01_GitHub项目与研究文档\eia-openclaw-sync-chen2026\05_QA测试集\人工核查_环评报告出处整理_20260715\环评报告文件_按问答顺序\PL025_佛山市巨人电器有限公司新建项目_01_受理公告或公示版.pdf,PL025_佛山市巨人电器有限公司新建项目_01_受理公告或公示版.pdf,.pdf,pdf_pypdf,9,二、建设项目工程分析,E:\华南理工项目\环评文件汇总\01_GitHub项目与研究文档\eia-openclaw-sync-chen2026\05_QA测试集\人工核查_环评报告出处整理_20260715\环评报告文件_按正文一级章节拆分_20260727\PL025_佛山市巨人电器有限公司新建项目_01_受理公告或公示版\09_二、建设项目工程分析.md,328,6051
E:\华南理工项目\环评文件汇总\01_GitHub项目与研究文档\eia-openclaw-sync-chen2026\05_QA测试集\人工核查_环评报告出处整理_20260715\环评报告文件_按问答顺序\PL025_佛山市巨人电器有限公司新建项目_01_受理公告或公示版.pdf,PL025_佛山市巨人电器有限公司新建项目_01_受理公告或公示版.pdf,.pdf,pdf_pypdf,10,三、区域环境质量现状、环境保护目标及评价标准,E:\华南理工项目\环评文件汇总\01_GitHub项目与研究文档\eia-openclaw-sync-chen2026\05_QA测试集\人工核查_环评报告出处整理_20260715\环评报告文件_按正文一级章节拆分_20260727\PL025_佛山市巨人电器有限公司新建项目_01_受理公告或公示版\10_三、区域环境质量现状、环境保护目标及评价标准.md,199,4124
E:\华南理工项目\环评文件汇总\01_GitHub项目与研究文档\eia-openclaw-sync-chen2026\05_QA测试集\人工核查_环评报告出处整理_20260715\环评报告文件_按问答顺序\PL025_佛山市巨人电器有限公司新建项目_01_受理公告或公示版.pdf,PL025_佛山市巨人电器有限公司新建项目_01_受理公告或公示版.pdf,.pdf,pdf_pypdf,11,四、主要环境影响和保护措施,E:\华南理工项目\环评文件汇总\01_GitHub项目与研究文档\eia-openclaw-sync-chen2026\05_QA测试集\人工核查_环评报告出处整理_20260715\环评报告文件_按正文一级章节拆分_20260727\PL025_佛山市巨人电器有限公司新建项目_01_受理公告或公示版\11_四、主要环境影响和保护措施.md,1218,20147
E:\华南理工项目\环评文件汇总\01_GitHub项目与研究文档\eia-openclaw-sync-chen2026\05_QA测试集\人工核查_环评报告出处整理_20260715\环评报告文件_按问答顺序\PL025_佛山市巨人电器有限公司新建项目_01_受理公告或公示版.pdf,PL025_佛山市巨人电器有限公司新建项目_01_受理公告或公示版.pdf,.pdf,pdf_pypdf,12,五、环境保护措施监督检查清单,E:\华南理工项目\环评文件汇总\01_GitHub项目与研究文档\eia-openclaw-sync-chen2026\05_QA测试集\人工核查_环评报告出处整理_20260715\环评报告文件_按正文一级章节拆分_20260727\PL025_佛山市巨人电器有限公司新建项目_01_受理公告或公示版\12_五、环境保护措施监督检查清单.md,99,1671
E:\华南理工项目\环评文件汇总\01_GitHub项目与研究文档\eia-openclaw-sync-chen2026\05_QA测试集\人工核查_环评报告出处整理_20260715\环评报告文件_按问答顺序\PL025_佛山市巨人电器有限公司新建项目_01_受理公告或公示版.pdf,PL025_佛山市巨人电器有限公司新建项目_01_受理公告或公示版.pdf,.pdf,pdf_pypdf,13,六、结论,E:\华南理工项目\环评文件汇总\01_GitHub项目与研究文档\eia-openclaw-sync-chen2026\05_QA测试集\人工核查_环评报告出处整理_20260715\环评报告文件_按正文一级章节拆分_20260727\PL025_佛山市巨人电器有限公司新建项目_01_受理公告或公示版\13_六、结论.md,6,153
E:\华南理工项目\环评文件汇总\01_GitHub项目与研究文档\eia-openclaw-sync-chen2026\05_QA测试集\人工核查_环评报告出处整理_20260715\环评报告文件_按问答顺序\PL025_佛山市巨人电器有限公司新建项目_01_受理公告或公示版.pdf,PL025_佛山市巨人电器有限公司新建项目_01_受理公告或公示版.pdf,.pdf,pdf_pypdf,14,附表附图附件,E:\华南理工项目\环评文件汇总\01_GitHub项目与研究文档\eia-openclaw-sync-chen2026\05_QA测试集\人工核查_环评报告出处整理_20260715\环评报告文件_按正文一级章节拆分_20260727\PL025_佛山市巨人电器有限公司新建项目_01_受理公告或公示版\14_附表附图附件.md,143,1714
E:\华南理工项目\环评文件汇总\01_GitHub项目与研究文档\eia-openclaw-sync-chen2026\05_QA测试集\人工核查_环评报告出处整理_20260715\环评报告文件_按问答顺序\PL026_佛山市黑曜电器科技有限公司新建项目_01_报批稿或报告表.pdf,PL026_佛山市黑曜电器科技有限公司新建项目_01_报批稿或报告表.pdf,.pdf,pdf_pypdf,1,封面及目录,E:\华南理工项目\环评文件汇总\01_GitHub项目与研究文档\eia-openclaw-sync-chen2026\05_QA测试集\人工核查_环评报告出处整理_20260715\环评报告文件_按正文一级章节拆分_20260727\PL026_佛山市黑曜电器科技有限公司新建项目_01_报批稿或报告表\01_封面及目录.md,2,24
E:\华南理工项目\环评文件汇总\01_GitHub项目与研究文档\eia-openclaw-sync-chen2026\05_QA测试集\人工核查_环评报告出处整理_20260715\环评报告文件_按问答顺序\PL026_佛山市黑曜电器科技有限公司新建项目_01_报批稿或报告表.pdf,PL026_佛山市黑曜电器科技有限公司新建项目_01_报批稿或报告表.pdf,.pdf,pdf_pypdf,2,一、建设项目基本情况 ........................................................................................................ 1,E:\华南理工项目\环评文件汇总\01_GitHub项目与研究文档\eia-openclaw-sync-chen2026\05_QA测试集\人工核查_环评报告出处整理_20260715\环评报告文件_按正文一级章节拆分_20260727\PL026_佛山市黑曜电器科技有限公司新建项目_01_报批稿或报告表\02_一、建设项目基本情况.md,1,118
E:\华南理工项目\环评文件汇总\01_GitHub项目与研究文档\eia-openclaw-sync-chen2026\05_QA测试集\人工核查_环评报告出处整理_20260715\环评报告文件_按问答顺序\PL026_佛山市黑曜电器科技有限公司新建项目_01_报批稿或报告表.pdf,PL026_佛山市黑曜电器科技有限公司新建项目_01_报批稿或报告表.pdf,.pdf,pdf_pypdf,3,二、建设项目工程分析 ...................................................................................................... 20,E:\华南理工项目\环评文件汇总\01_GitHub项目与研究文档\eia-openclaw-sync-chen2026\05_QA测试集\人工核查_环评报告出处整理_20260715\环评报告文件_按正文一级章节拆分_20260727\PL026_佛山市黑曜电器科技有限公司新建项目_01_报批稿或报告表\03_二、建设项目工程分析.md,2,198
E:\华南理工项目\环评文件汇总\01_GitHub项目与研究文档\eia-openclaw-sync-chen2026\05_QA测试集\人工核查_环评报告出处整理_20260715\环评报告文件_按问答顺序\PL026_佛山市黑曜电器科技有限公司新建项目_01_报批稿或报告表.pdf,PL026_佛山市黑曜电器科技有限公司新建项目_01_报批稿或报告表.pdf,.pdf,pdf_pypdf,4,四、主要环境影响和保护措施 .......................................................................................... 33,E:\华南理工项目\环评文件汇总\01_GitHub项目与研究文档\eia-openclaw-sync-chen2026\05_QA测试集\人工核查_环评报告出处整理_20260715\环评报告文件_按正文一级章节拆分_20260727\PL026_佛山市黑曜电器科技有限公司新建项目_01_报批稿或报告表\04_四、主要环境影响和保护措施.md,1,108
E:\华南理工项目\环评文件汇总\01_GitHub项目与研究文档\eia-openclaw-sync-chen2026\05_QA测试集\人工核查_环评报告出处整理_20260715\环评报告文件_按问答顺序\PL026_佛山市黑曜电器科技有限公司新建项目_01_报批稿或报告表.pdf,PL026_佛山市黑曜电器科技有限公司新建项目_01_报批稿或报告表.pdf,.pdf,pdf_pypdf,5,五、环境保护措施监督检查清单 ...................................................................................... 70,E:\华南理工项目\环评文件汇总\01_GitHub项目与研究文档\eia-openclaw-sync-chen2026\05_QA测试集\人工核查_环评报告出处整理_20260715\环评报告文件_按正文一级章节拆分_20260727\PL026_佛山市黑曜电器科技有限公司新建项目_01_报批稿或报告表\05_五、环境保护措施监督检查清单.md,1,105
E:\华南理工项目\环评文件汇总\01_GitHub项目与研究文档\eia-openclaw-sync-chen2026\05_QA测试集\人工核查_环评报告出处整理_20260715\环评报告文件_按问答顺序\PL026_佛山市黑曜电器科技有限公司新建项目_01_报批稿或报告表.pdf,PL026_佛山市黑曜电器科技有限公司新建项目_01_报批稿或报告表.pdf,.pdf,pdf_pypdf,6,六、结论 .............................................................................................................................. 73,E:\华南理工项目\环评文件汇总\01_GitHub项目与研究文档\eia-openclaw-sync-chen2026\05_QA测试集\人工核查_环评报告出处整理_20260715\环评报告文件_按正文一级章节拆分_20260727\PL026_佛山市黑曜电器科技有限公司新建项目_01_报批稿或报告表\06_六、结论.md,2,243
E:\华南理工项目\环评文件汇总\01_GitHub项目与研究文档\eia-openclaw-sync-chen2026\05_QA测试集\人工核查_环评报告出处整理_20260715\环评报告文件_按问答顺序\PL026_佛山市黑曜电器科技有限公司新建项目_01_报批稿或报告表.pdf,PL026_佛山市黑曜电器科技有限公司新建项目_01_报批稿或报告表.pdf,.pdf,pdf_pypdf,7,附表附图附件,E:\华南理工项目\环评文件汇总\01_GitHub项目与研究文档\eia-openclaw-sync-chen2026\05_QA测试集\人工核查_环评报告出处整理_20260715\环评报告文件_按正文一级章节拆分_20260727\PL026_佛山市黑曜电器科技有限公司新建项目_01_报批稿或报告表\07_附表附图附件.md,21,2184
E:\华南理工项目\环评文件汇总\01_GitHub项目与研究文档\eia-openclaw-sync-chen2026\05_QA测试集\人工核查_环评报告出处整理_20260715\环评报告文件_按问答顺序\PL026_佛山市黑曜电器科技有限公司新建项目_01_报批稿或报告表.pdf,PL026_佛山市黑曜电器科技有限公司新建项目_01_报批稿或报告表.pdf,.pdf,pdf_pypdf,8,一、建设项目基本情况,E:\华南理工项目\环评文件汇总\01_GitHub项目与研究文档\eia-openclaw-sync-chen2026\05_QA测试集\人工核查_环评报告出处整理_20260715\环评报告文件_按正文一级章节拆分_20260727\PL026_佛山市黑曜电器科技有限公司新建项目_01_报批稿或报告表\08_一、建设项目基本情况.md,62,683
E:\华南理工项目\环评文件汇总\01_GitHub项目与研究文档\eia-openclaw-sync-chen2026\05_QA测试集\人工核查_环评报告出处整理_20260715\环评报告文件_按问答顺序\PL026_佛山市黑曜电器科技有限公司新建项目_01_报批稿或报告表.pdf,PL026_佛山市黑曜电器科技有限公司新建项目_01_报批稿或报告表.pdf,.pdf,pdf_pypdf,9,附表附图附件,E:\华南理工项目\环评文件汇总\01_GitHub项目与研究文档\eia-openclaw-sync-chen2026\05_QA测试集\人工核查_环评报告出处整理_20260715\环评报告文件_按正文一级章节拆分_20260727\PL026_佛山市黑曜电器科技有限公司新建项目_01_报批稿或报告表\09_附表附图附件.md,1143,14744
E:\华南理工项目\环评文件汇总\01_GitHub项目与研究文档\eia-openclaw-sync-chen2026\05_QA测试集\人工核查_环评报告出处整理_20260715\环评报告文件_按问答顺序\PL026_佛山市黑曜电器科技有限公司新建项目_01_报批稿或报告表.pdf,PL026_佛山市黑曜电器科技有限公司新建项目_01_报批稿或报告表.pdf,.pdf,pdf_pypdf,10,二、建设项目工程分析,E:\华南理工项目\环评文件汇总\01_GitHub项目与研究文档\eia-openclaw-sync-chen2026\05_QA测试集\人工核查_环评报告出处整理_20260715\环评报告文件_按正文一级章节拆分_20260727\PL026_佛山市黑曜电器科技有限公司新建项目_01_报批稿或报告表\10_二、建设项目工程分析.md,283,4811
E:\华南理工项目\环评文件汇总\01_GitHub项目与研究文档\eia-openclaw-sync-chen2026\05_QA测试集\人工核查_环评报告出处整理_20260715\环评报告文件_按问答顺序\PL026_佛山市黑曜电器科技有限公司新建项目_01_报批稿或报告表.pdf,PL026_佛山市黑曜电器科技有限公司新建项目_01_报批稿或报告表.pdf,.pdf,pdf_pypdf,11,三、区域环境质量现状、环境保护目标及评价标准,E:\华南理工项目\环评文件汇总\01_GitHub项目与研究文档\eia-openclaw-sync-chen2026\05_QA测试集\人工核查_环评报告出处整理_20260715\环评报告文件_按正文一级章节拆分_20260727\PL026_佛山市黑曜电器科技有限公司新建项目_01_报批稿或报告表\11_三、区域环境质量现状、环境保护目标及评价标准.md,184,3842
E:\华南理工项目\环评文件汇总\01_GitHub项目与研究文档\eia-openclaw-sync-chen2026\05_QA测试集\人工核查_环评报告出处整理_20260715\环评报告文件_按问答顺序\PL026_佛山市黑曜电器科技有限公司新建项目_01_报批稿或报告表.pdf,PL026_佛山市黑曜电器科技有限公司新建项目_01_报批稿或报告表.pdf,.pdf,pdf_pypdf,12,四、主要环境影响和保护措施,E:\华南理工项目\环评文件汇总\01_GitHub项目与研究文档\eia-openclaw-sync-chen2026\05_QA测试集\人工核查_环评报告出处整理_20260715\环评报告文件_按正文一级章节拆分_20260727\PL026_佛山市黑曜电器科技有限公司新建项目_01_报批稿或报告表\12_四、主要环境影响和保护措施.md,1138,27081
E:\华南理工项目\环评文件汇总\01_GitHub项目与研究文档\eia-openclaw-sync-chen2026\05_QA测试集\人工核查_环评报告出处整理_20260715\环评报告文件_按问答顺序\PL026_佛山市黑曜电器科技有限公司新建项目_01_报批稿或报告表.pdf,PL026_佛山市黑曜电器科技有限公司新建项目_01_报批稿或报告表.pdf,.pdf,pdf_pypdf,13,五、环境保护措施监督检查清单,E:\华南理工项目\环评文件汇总\01_GitHub项目与研究文档\eia-openclaw-sync-chen2026\05_QA测试集\人工核查_环评报告出处整理_20260715\环评报告文件_按正文一级章节拆分_20260727\PL026_佛山市黑曜电器科技有限公司新建项目_01_报批稿或报告表\13_五、环境保护措施监督检查清单.md,132,2149
E:\华南理工项目\环评文件汇总\01_GitHub项目与研究文档\eia-openclaw-sync-chen2026\05_QA测试集\人工核查_环评报告出处整理_20260715\环评报告文件_按问答顺序\PL026_佛山市黑曜电器科技有限公司新建项目_01_报批稿或报告表.pdf,PL026_佛山市黑曜电器科技有限公司新建项目_01_报批稿或报告表.pdf,.pdf,pdf_pypdf,14,六、结论,E:\华南理工项目\环评文件汇总\01_GitHub项目与研究文档\eia-openclaw-sync-chen2026\05_QA测试集\人工核查_环评报告出处整理_20260715\环评报告文件_按正文一级章节拆分_20260727\PL026_佛山市黑曜电器科技有限公司新建项目_01_报批稿或报告表\14_六、结论.md,9,219
E:\华南理工项目\环评文件汇总\01_GitHub项目与研究文档\eia-openclaw-sync-chen2026\05_QA测试集\人工核查_环评报告出处整理_20260715\环评报告文件_按问答顺序\PL026_佛山市黑曜电器科技有限公司新建项目_01_报批稿或报告表.pdf,PL026_佛山市黑曜电器科技有限公司新建项目_01_报批稿或报告表.pdf,.pdf,pdf_pypdf,15,附表附图附件,E:\华南理工项目\环评文件汇总\01_GitHub项目与研究文档\eia-openclaw-sync-chen2026\05_QA测试集\人工核查_环评报告出处整理_20260715\环评报告文件_按正文一级章节拆分_20260727\PL026_佛山市黑曜电器科技有限公司新建项目_01_报批稿或报告表\15_附表附图附件.md,156,2113
E:\华南理工项目\环评文件汇总\01_GitHub项目与研究文档\eia-openclaw-sync-chen2026\05_QA测试集\人工核查_环评报告出处整理_20260715\环评报告文件_按问答顺序\PL027_佛山市天隆通塑料制品有限公司新建项目_01_受理公告或公示版.pdf,PL027_佛山市天隆通塑料制品有限公司新建项目_01_受理公告或公示版.pdf,.pdf,pdf_pypdf,1,封面及目录,E:\华南理工项目\环评文件汇总\01_GitHub项目与研究文档\eia-openclaw-sync-chen2026\05_QA测试集\人工核查_环评报告出处整理_20260715\环评报告文件_按正文一级章节拆分_20260727\PL027_佛山市天隆通塑料制品有限公司新建项目_01_受理公告或公示版\01_封面及目录.md,2,25
E:\华南理工项目\环评文件汇总\01_GitHub项目与研究文档\eia-openclaw-sync-chen2026\05_QA测试集\人工核查_环评报告出处整理_20260715\环评报告文件_按问答顺序\PL027_佛山市天隆通塑料制品有限公司新建项目_01_受理公告或公示版.pdf,PL027_佛山市天隆通塑料制品有限公司新建项目_01_受理公告或公示版.pdf,.pdf,pdf_pypdf,2,一、建设项目基本情况 ....................................................................................................................... 1,E:\华南理工项目\环评文件汇总\01_GitHub项目与研究文档\eia-openclaw-sync-chen2026\05_QA测试集\人工核查_环评报告出处整理_20260715\环评报告文件_按正文一级章节拆分_20260727\PL027_佛山市天隆通塑料制品有限公司新建项目_01_受理公告或公示版\02_一、建设项目基本情况.md,1,133
E:\华南理工项目\环评文件汇总\01_GitHub项目与研究文档\eia-openclaw-sync-chen2026\05_QA测试集\人工核查_环评报告出处整理_20260715\环评报告文件_按问答顺序\PL027_佛山市天隆通塑料制品有限公司新建项目_01_受理公告或公示版.pdf,PL027_佛山市天隆通塑料制品有限公司新建项目_01_受理公告或公示版.pdf,.pdf,pdf_pypdf,3,二、建设项目工程分析 ..................................................................................................................... 15,E:\华南理工项目\环评文件汇总\01_GitHub项目与研究文档\eia-openclaw-sync-chen2026\05_QA测试集\人工核查_环评报告出处整理_20260715\环评报告文件_按正文一级章节拆分_20260727\PL027_佛山市天隆通塑料制品有限公司新建项目_01_受理公告或公示版\03_二、建设项目工程分析.md,2,228
E:\华南理工项目\环评文件汇总\01_GitHub项目与研究文档\eia-openclaw-sync-chen2026\05_QA测试集\人工核查_环评报告出处整理_20260715\环评报告文件_按问答顺序\PL027_佛山市天隆通塑料制品有限公司新建项目_01_受理公告或公示版.pdf,PL027_佛山市天隆通塑料制品有限公司新建项目_01_受理公告或公示版.pdf,.pdf,pdf_pypdf,4,四、主要环境影响和保护措施 ......................................................................................................... 39,E:\华南理工项目\环评文件汇总\01_GitHub项目与研究文档\eia-openclaw-sync-chen2026\05_QA测试集\人工核查_环评报告出处整理_20260715\环评报告文件_按正文一级章节拆分_20260727\PL027_佛山市天隆通塑料制品有限公司新建项目_01_受理公告或公示版\04_四、主要环境影响和保护措施.md,1,123
E:\华南理工项目\环评文件汇总\01_GitHub项目与研究文档\eia-openclaw-sync-chen2026\05_QA测试集\人工核查_环评报告出处整理_20260715\环评报告文件_按问答顺序\PL027_佛山市天隆通塑料制品有限公司新建项目_01_受理公告或公示版.pdf,PL027_佛山市天隆通塑料制品有限公司新建项目_01_受理公告或公示版.pdf,.pdf,pdf_pypdf,5,五、环境保护措施监督检查清单 ..................................................................................................... 66,E:\华南理工项目\环评文件汇总\01_GitHub项目与研究文档\eia-openclaw-sync-chen2026\05_QA测试集\人工核查_环评报告出处整理_20260715\环评报告文件_按正文一级章节拆分_20260727\PL027_佛山市天隆通塑料制品有限公司新建项目_01_受理公告或公示版\05_五、环境保护措施监督检查清单.md,1,120
E:\华南理工项目\环评文件汇总\01_GitHub项目与研究文档\eia-openclaw-sync-chen2026\05_QA测试集\人工核查_环评报告出处整理_20260715\环评报告文件_按问答顺序\PL027_佛山市天隆通塑料制品有限公司新建项目_01_受理公告或公示版.pdf,PL027_佛山市天隆通塑料制品有限公司新建项目_01_受理公告或公示版.pdf,.pdf,pdf_pypdf,6,六、结论 ............................................................................................................................................. 68,E:\华南理工项目\环评文件汇总\01_GitHub项目与研究文档\eia-openclaw-sync-chen2026\05_QA测试集\人工核查_环评报告出处整理_20260715\环评报告文件_按正文一级章节拆分_20260727\PL027_佛山市天隆通塑料制品有限公司新建项目_01_受理公告或公示版\06_六、结论.md,2,273
E:\华南理工项目\环评文件汇总\01_GitHub项目与研究文档\eia-openclaw-sync-chen2026\05_QA测试集\人工核查_环评报告出处整理_20260715\环评报告文件_按问答顺序\PL027_佛山市天隆通塑料制品有限公司新建项目_01_受理公告或公示版.pdf,PL027_佛山市天隆通塑料制品有限公司新建项目_01_受理公告或公示版.pdf,.pdf,pdf_pypdf,7,附表附图附件,E:\华南理工项目\环评文件汇总\01_GitHub项目与研究文档\eia-openclaw-sync-chen2026\05_QA测试集\人工核查_环评报告出处整理_20260715\环评报告文件_按正文一级章节拆分_20260727\PL027_佛山市天隆通塑料制品有限公司新建项目_01_受理公告或公示版\07_附表附图附件.md,19,290
E:\华南理工项目\环评文件汇总\01_GitHub项目与研究文档\eia-openclaw-sync-chen2026\05_QA测试集\人工核查_环评报告出处整理_20260715\环评报告文件_按问答顺序\PL027_佛山市天隆通塑料制品有限公司新建项目_01_受理公告或公示版.pdf,PL027_佛山市天隆通塑料制品有限公司新建项目_01_受理公告或公示版.pdf,.pdf,pdf_pypdf,8,一、建设项目基本情况,E:\华南理工项目\环评文件汇总\01_GitHub项目与研究文档\eia-openclaw-sync-chen2026\05_QA测试集\人工核查_环评报告出处整理_20260715\环评报告文件_按正文一级章节拆分_20260727\PL027_佛山市天隆通塑料制品有限公司新建项目_01_受理公告或公示版\08_一、建设项目基本情况.md,913,12954
E:\华南理工项目\环评文件汇总\01_GitHub项目与研究文档\eia-openclaw-sync-chen2026\05_QA测试集\人工核查_环评报告出处整理_20260715\环评报告文件_按问答顺序\PL027_佛山市天隆通塑料制品有限公司新建项目_01_受理公告或公示版.pdf,PL027_佛山市天隆通塑料制品有限公司新建项目_01_受理公告或公示版.pdf,.pdf,pdf_pypdf,9,二、建设项目工程分析,E:\华南理工项目\环评文件汇总\01_GitHub项目与研究文档\eia-openclaw-sync-chen2026\05_QA测试集\人工核查_环评报告出处整理_20260715\环评报告文件_按正文一级章节拆分_20260727\PL027_佛山市天隆通塑料制品有限公司新建项目_01_受理公告或公示版\09_二、建设项目工程分析.md,764,11489
E:\华南理工项目\环评文件汇总\01_GitHub项目与研究文档\eia-openclaw-sync-chen2026\05_QA测试集\人工核查_环评报告出处整理_20260715\环评报告文件_按问答顺序\PL027_佛山市天隆通塑料制品有限公司新建项目_01_受理公告或公示版.pdf,PL027_佛山市天隆通塑料制品有限公司新建项目_01_受理公告或公示版.pdf,.pdf,pdf_pypdf,10,三、区域环境质量现状、环境保护目标及评价标准,E:\华南理工项目\环评文件汇总\01_GitHub项目与研究文档\eia-openclaw-sync-chen2026\05_QA测试集\人工核查_环评报告出处整理_20260715\环评报告文件_按正文一级章节拆分_20260727\PL027_佛山市天隆通塑料制品有限公司新建项目_01_受理公告或公示版\10_三、区域环境质量现状、环境保护目标及评价标准.md,293,6321
E:\华南理工项目\环评文件汇总\01_GitHub项目与研究文档\eia-openclaw-sync-chen2026\05_QA测试集\人工核查_环评报告出处整理_20260715\环评报告文件_按问答顺序\PL027_佛山市天隆通塑料制品有限公司新建项目_01_受理公告或公示版.pdf,PL027_佛山市天隆通塑料制品有限公司新建项目_01_受理公告或公示版.pdf,.pdf,pdf_pypdf,11,四、主要环境影响和保护措施,E:\华南理工项目\环评文件汇总\01_GitHub项目与研究文档\eia-openclaw-sync-chen2026\05_QA测试集\人工核查_环评报告出处整理_20260715\环评报告文件_按正文一级章节拆分_20260727\PL027_佛山市天隆通塑料制品有限公司新建项目_01_受理公告或公示版\11_四、主要环境影响和保护措施.md,1332,22480
E:\华南理工项目\环评文件汇总\01_GitHub项目与研究文档\eia-openclaw-sync-chen2026\05_QA测试集\人工核查_环评报告出处整理_20260715\环评报告文件_按问答顺序\PL027_佛山市天隆通塑料制品有限公司新建项目_01_受理公告或公示版.pdf,PL027_佛山市天隆通塑料制品有限公司新建项目_01_受理公告或公示版.pdf,.pdf,pdf_pypdf,12,五、环境保护措施监督检查清单,E:\华南理工项目\环评文件汇总\01_GitHub项目与研究文档\eia-openclaw-sync-chen2026\05_QA测试集\人工核查_环评报告出处整理_20260715\环评报告文件_按正文一级章节拆分_20260727\PL027_佛山市天隆通塑料制品有限公司新建项目_01_受理公告或公示版\12_五、环境保护措施监督检查清单.md,115,2024
E:\华南理工项目\环评文件汇总\01_GitHub项目与研究文档\eia-openclaw-sync-chen2026\05_QA测试集\人工核查_环评报告出处整理_20260715\环评报告文件_按问答顺序\PL027_佛山市天隆通塑料制品有限公司新建项目_01_受理公告或公示版.pdf,PL027_佛山市天隆通塑料制品有限公司新建项目_01_受理公告或公示版.pdf,.pdf,pdf_pypdf,13,六、结论,E:\华南理工项目\环评文件汇总\01_GitHub项目与研究文档\eia-openclaw-sync-chen2026\05_QA测试集\人工核查_环评报告出处整理_20260715\环评报告文件_按正文一级章节拆分_20260727\PL027_佛山市天隆通塑料制品有限公司新建项目_01_受理公告或公示版\13_六、结论.md,7,154
E:\华南理工项目\环评文件汇总\01_GitHub项目与研究文档\eia-openclaw-sync-chen2026\05_QA测试集\人工核查_环评报告出处整理_20260715\环评报告文件_按问答顺序\PL027_佛山市天隆通塑料制品有限公司新建项目_01_受理公告或公示版.pdf,PL027_佛山市天隆通塑料制品有限公司新建项目_01_受理公告或公示版.pdf,.pdf,pdf_pypdf,14,附表附图附件,E:\华南理工项目\环评文件汇总\01_GitHub项目与研究文档\eia-openclaw-sync-chen2026\05_QA测试集\人工核查_环评报告出处整理_20260715\环评报告文件_按正文一级章节拆分_20260727\PL027_佛山市天隆通塑料制品有限公司新建项目_01_受理公告或公示版\14_附表附图附件.md,95,1412
E:\华南理工项目\环评文件汇总\01_GitHub项目与研究文档\eia-openclaw-sync-chen2026\05_QA测试集\人工核查_环评报告出处整理_20260715\环评报告文件_按问答顺序\PL028_佛山市顺德区振峰塑料模具制造有限公司分车间新建项目_01_受理公告或公示版.pdf,PL028_佛山市顺德区振峰塑料模具制造有限公司分车间新建项目_01_受理公告或公示版.pdf,.pdf,pdf_pypdf,1,封面及目录,E:\华南理工项目\环评文件汇总\01_GitHub项目与研究文档\eia-openclaw-sync-chen2026\05_QA测试集\人工核查_环评报告出处整理_20260715\环评报告文件_按正文一级章节拆分_20260727\PL028_佛山市顺德区振峰塑料模具制造有限公司分车间新建项目_01_受理公告或公示版\01_封面及目录.md,2,24
E:\华南理工项目\环评文件汇总\01_GitHub项目与研究文档\eia-openclaw-sync-chen2026\05_QA测试集\人工核查_环评报告出处整理_20260715\环评报告文件_按问答顺序\PL028_佛山市顺德区振峰塑料模具制造有限公司分车间新建项目_01_受理公告或公示版.pdf,PL028_佛山市顺德区振峰塑料模具制造有限公司分车间新建项目_01_受理公告或公示版.pdf,.pdf,pdf_pypdf,2,一、建设项目基本情况 ...............................................................................................................................1,E:\华南理工项目\环评文件汇总\01_GitHub项目与研究文档\eia-openclaw-sync-chen2026\05_QA测试集\人工核查_环评报告出处整理_20260715\环评报告文件_按正文一级章节拆分_20260727\PL028_佛山市顺德区振峰塑料模具制造有限公司分车间新建项目_01_受理公告或公示版\02_一、建设项目基本情况.md,1,140
E:\华南理工项目\环评文件汇总\01_GitHub项目与研究文档\eia-openclaw-sync-chen2026\05_QA测试集\人工核查_环评报告出处整理_20260715\环评报告文件_按问答顺序\PL028_佛山市顺德区振峰塑料模具制造有限公司分车间新建项目_01_受理公告或公示版.pdf,PL028_佛山市顺德区振峰塑料模具制造有限公司分车间新建项目_01_受理公告或公示版.pdf,.pdf,pdf_pypdf,3,二、建设项目工程分析 ...............................................................................................................................9,E:\华南理工项目\环评文件汇总\01_GitHub项目与研究文档\eia-openclaw-sync-chen2026\05_QA测试集\人工核查_环评报告出处整理_20260715\环评报告文件_按正文一级章节拆分_20260727\PL028_佛山市顺德区振峰塑料模具制造有限公司分车间新建项目_01_受理公告或公示版\03_二、建设项目工程分析.md,2,242
E:\华南理工项目\环评文件汇总\01_GitHub项目与研究文档\eia-openclaw-sync-chen2026\05_QA测试集\人工核查_环评报告出处整理_20260715\环评报告文件_按问答顺序\PL028_佛山市顺德区振峰塑料模具制造有限公司分车间新建项目_01_受理公告或公示版.pdf,PL028_佛山市顺德区振峰塑料模具制造有限公司分车间新建项目_01_受理公告或公示版.pdf,.pdf,pdf_pypdf,4,四、主要环境影响和保护措施 ................................................................................................................ 23,E:\华南理工项目\环评文件汇总\01_GitHub项目与研究文档\eia-openclaw-sync-chen2026\05_QA测试集\人工核查_环评报告出处整理_20260715\环评报告文件_按正文一级章节拆分_20260727\PL028_佛山市顺德区振峰塑料模具制造有限公司分车间新建项目_01_受理公告或公示版\04_四、主要环境影响和保护措施.md,1,130
E:\华南理工项目\环评文件汇总\01_GitHub项目与研究文档\eia-openclaw-sync-chen2026\05_QA测试集\人工核查_环评报告出处整理_20260715\环评报告文件_按问答顺序\PL028_佛山市顺德区振峰塑料模具制造有限公司分车间新建项目_01_受理公告或公示版.pdf,PL028_佛山市顺德区振峰塑料模具制造有限公司分车间新建项目_01_受理公告或公示版.pdf,.pdf,pdf_pypdf,5,五、环境保护措施监督检查清单 ............................................................................................................ 48,E:\华南理工项目\环评文件汇总\01_GitHub项目与研究文档\eia-openclaw-sync-chen2026\05_QA测试集\人工核查_环评报告出处整理_20260715\环评报告文件_按正文一级章节拆分_20260727\PL028_佛山市顺德区振峰塑料模具制造有限公司分车间新建项目_01_受理公告或公示版\05_五、环境保护措施监督检查清单.md,1,127
E:\华南理工项目\环评文件汇总\01_GitHub项目与研究文档\eia-openclaw-sync-chen2026\05_QA测试集\人工核查_环评报告出处整理_20260715\环评报告文件_按问答顺序\PL028_佛山市顺德区振峰塑料模具制造有限公司分车间新建项目_01_受理公告或公示版.pdf,PL028_佛山市顺德区振峰塑料模具制造有限公司分车间新建项目_01_受理公告或公示版.pdf,.pdf,pdf_pypdf,6,六、结论 .....................................................................................................................................................51,E:\华南理工项目\环评文件汇总\01_GitHub项目与研究文档\eia-openclaw-sync-chen2026\05_QA测试集\人工核查_环评报告出处整理_20260715\环评报告文件_按正文一级章节拆分_20260727\PL028_佛山市顺德区振峰塑料模具制造有限公司分车间新建项目_01_受理公告或公示版\06_六、结论.md,2,171
E:\华南理工项目\环评文件汇总\01_GitHub项目与研究文档\eia-openclaw-sync-chen2026\05_QA测试集\人工核查_环评报告出处整理_20260715\环评报告文件_按问答顺序\PL028_佛山市顺德区振峰塑料模具制造有限公司分车间新建项目_01_受理公告或公示版.pdf,PL028_佛山市顺德区振峰塑料模具制造有限公司分车间新建项目_01_受理公告或公示版.pdf,.pdf,pdf_pypdf,7,附表附图附件,E:\华南理工项目\环评文件汇总\01_GitHub项目与研究文档\eia-openclaw-sync-chen2026\05_QA测试集\人工核查_环评报告出处整理_20260715\环评报告文件_按正文一级章节拆分_20260727\PL028_佛山市顺德区振峰塑料模具制造有限公司分车间新建项目_01_受理公告或公示版\07_附表附图附件.md,18,256
E:\华南理工项目\环评文件汇总\01_GitHub项目与研究文档\eia-openclaw-sync-chen2026\05_QA测试集\人工核查_环评报告出处整理_20260715\环评报告文件_按问答顺序\PL028_佛山市顺德区振峰塑料模具制造有限公司分车间新建项目_01_受理公告或公示版.pdf,PL028_佛山市顺德区振峰塑料模具制造有限公司分车间新建项目_01_受理公告或公示版.pdf,.pdf,pdf_pypdf,8,一、建设项目基本情况,E:\华南理工项目\环评文件汇总\01_GitHub项目与研究文档\eia-openclaw-sync-chen2026\05_QA测试集\人工核查_环评报告出处整理_20260715\环评报告文件_按正文一级章节拆分_20260727\PL028_佛山市顺德区振峰塑料模具制造有限公司分车间新建项目_01_受理公告或公示版\08_一、建设项目基本情况.md,573,8470
E:\华南理工项目\环评文件汇总\01_GitHub项目与研究文档\eia-openclaw-sync-chen2026\05_QA测试集\人工核查_环评报告出处整理_20260715\环评报告文件_按问答顺序\PL028_佛山市顺德区振峰塑料模具制造有限公司分车间新建项目_01_受理公告或公示版.pdf,PL028_佛山市顺德区振峰塑料模具制造有限公司分车间新建项目_01_受理公告或公示版.pdf,.pdf,pdf_pypdf,9,二、建设项目工程分析,E:\华南理工项目\环评文件汇总\01_GitHub项目与研究文档\eia-openclaw-sync-chen2026\05_QA测试集\人工核查_环评报告出处整理_20260715\环评报告文件_按正文一级章节拆分_20260727\PL028_佛山市顺德区振峰塑料模具制造有限公司分车间新建项目_01_受理公告或公示版\09_二、建设项目工程分析.md,356,6740
E:\华南理工项目\环评文件汇总\01_GitHub项目与研究文档\eia-openclaw-sync-chen2026\05_QA测试集\人工核查_环评报告出处整理_20260715\环评报告文件_按问答顺序\PL028_佛山市顺德区振峰塑料模具制造有限公司分车间新建项目_01_受理公告或公示版.pdf,PL028_佛山市顺德区振峰塑料模具制造有限公司分车间新建项目_01_受理公告或公示版.pdf,.pdf,pdf_pypdf,10,三、区域环境质量现状、环境保护目标及评价标准,E:\华南理工项目\环评文件汇总\01_GitHub项目与研究文档\eia-openclaw-sync-chen2026\05_QA测试集\人工核查_环评报告出处整理_20260715\环评报告文件_按正文一级章节拆分_20260727\PL028_佛山市顺德区振峰塑料模具制造有限公司分车间新建项目_01_受理公告或公示版\10_三、区域环境质量现状、环境保护目标及评价标准.md,250,5325
E:\华南理工项目\环评文件汇总\01_GitHub项目与研究文档\eia-openclaw-sync-chen2026\05_QA测试集\人工核查_环评报告出处整理_20260715\环评报告文件_按问答顺序\PL028_佛山市顺德区振峰塑料模具制造有限公司分车间新建项目_01_受理公告或公示版.pdf,PL028_佛山市顺德区振峰塑料模具制造有限公司分车间新建项目_01_受理公告或公示版.pdf,.pdf,pdf_pypdf,11,四、主要环境影响和保护措施,E:\华南理工项目\环评文件汇总\01_GitHub项目与研究文档\eia-openclaw-sync-chen2026\05_QA测试集\人工核查_环评报告出处整理_20260715\环评报告文件_按正文一级章节拆分_20260727\PL028_佛山市顺德区振峰塑料模具制造有限公司分车间新建项目_01_受理公告或公示版\11_四、主要环境影响和保护措施.md,1553,24468
E:\华南理工项目\环评文件汇总\01_GitHub项目与研究文档\eia-openclaw-sync-chen2026\05_QA测试集\人工核查_环评报告出处整理_20260715\环评报告文件_按问答顺序\PL028_佛山市顺德区振峰塑料模具制造有限公司分车间新建项目_01_受理公告或公示版.pdf,PL028_佛山市顺德区振峰塑料模具制造有限公司分车间新建项目_01_受理公告或公示版.pdf,.pdf,pdf_pypdf,12,五、环境保护措施监督检查清单,E:\华南理工项目\环评文件汇总\01_GitHub项目与研究文档\eia-openclaw-sync-chen2026\05_QA测试集\人工核查_环评报告出处整理_20260715\环评报告文件_按正文一级章节拆分_20260727\PL028_佛山市顺德区振峰塑料模具制造有限公司分车间新建项目_01_受理公告或公示版\12_五、环境保护措施监督检查清单.md,159,2607
E:\华南理工项目\环评文件汇总\01_GitHub项目与研究文档\eia-openclaw-sync-chen2026\05_QA测试集\人工核查_环评报告出处整理_20260715\环评报告文件_按问答顺序\PL028_佛山市顺德区振峰塑料模具制造有限公司分车间新建项目_01_受理公告或公示版.pdf,PL028_佛山市顺德区振峰塑料模具制造有限公司分车间新建项目_01_受理公告或公示版.pdf,.pdf,pdf_pypdf,13,六、结论,E:\华南理工项目\环评文件汇总\01_GitHub项目与研究文档\eia-openclaw-sync-chen2026\05_QA测试集\人工核查_环评报告出处整理_20260715\环评报告文件_按正文一级章节拆分_20260727\PL028_佛山市顺德区振峰塑料模具制造有限公司分车间新建项目_01_受理公告或公示版\13_六、结论.md,7,163
E:\华南理工项目\环评文件汇总\01_GitHub项目与研究文档\eia-openclaw-sync-chen2026\05_QA测试集\人工核查_环评报告出处整理_20260715\环评报告文件_按问答顺序\PL028_佛山市顺德区振峰塑料模具制造有限公司分车间新建项目_01_受理公告或公示版.pdf,PL028_佛山市顺德区振峰塑料模具制造有限公司分车间新建项目_01_受理公告或公示版.pdf,.pdf,pdf_pypdf,14,附表附图附件,E:\华南理工项目\环评文件汇总\01_GitHub项目与研究文档\eia-openclaw-sync-chen2026\05_QA测试集\人工核查_环评报告出处整理_20260715\环评报告文件_按正文一级章节拆分_20260727\PL028_佛山市顺德区振峰塑料模具制造有限公司分车间新建项目_01_受理公告或公示版\14_附表附图附件.md,87,1296
E:\华南理工项目\环评文件汇总\01_GitHub项目与研究文档\eia-openclaw-sync-chen2026\05_QA测试集\人工核查_环评报告出处整理_20260715\环评报告文件_按问答顺序\PL029_佛山市茂安耀科技有限公司新建项目_01_受理公告或公示版.pdf,PL029_佛山市茂安耀科技有限公司新建项目_01_受理公告或公示版.pdf,.pdf,pdf_pypdf,1,封面及目录,E:\华南理工项目\环评文件汇总\01_GitHub项目与研究文档\eia-openclaw-sync-chen2026\05_QA测试集\人工核查_环评报告出处整理_20260715\环评报告文件_按正文一级章节拆分_20260727\PL029_佛山市茂安耀科技有限公司新建项目_01_受理公告或公示版\01_封面及目录.md,2,24
E:\华南理工项目\环评文件汇总\01_GitHub项目与研究文档\eia-openclaw-sync-chen2026\05_QA测试集\人工核查_环评报告出处整理_20260715\环评报告文件_按问答顺序\PL029_佛山市茂安耀科技有限公司新建项目_01_受理公告或公示版.pdf,PL029_佛山市茂安耀科技有限公司新建项目_01_受理公告或公示版.pdf,.pdf,pdf_pypdf,2,一、建设项目基本情况 ...............................................................................................................................1,E:\华南理工项目\环评文件汇总\01_GitHub项目与研究文档\eia-openclaw-sync-chen2026\05_QA测试集\人工核查_环评报告出处整理_20260715\环评报告文件_按正文一级章节拆分_20260727\PL029_佛山市茂安耀科技有限公司新建项目_01_受理公告或公示版\02_一、建设项目基本情况.md,1,140
E:\华南理工项目\环评文件汇总\01_GitHub项目与研究文档\eia-openclaw-sync-chen2026\05_QA测试集\人工核查_环评报告出处整理_20260715\环评报告文件_按问答顺序\PL029_佛山市茂安耀科技有限公司新建项目_01_受理公告或公示版.pdf,PL029_佛山市茂安耀科技有限公司新建项目_01_受理公告或公示版.pdf,.pdf,pdf_pypdf,3,二、建设项目工程分析 .............................................................................................................................10,E:\华南理工项目\环评文件汇总\01_GitHub项目与研究文档\eia-openclaw-sync-chen2026\05_QA测试集\人工核查_环评报告出处整理_20260715\环评报告文件_按正文一级章节拆分_20260727\PL029_佛山市茂安耀科技有限公司新建项目_01_受理公告或公示版\03_二、建设项目工程分析.md,2,241
E:\华南理工项目\环评文件汇总\01_GitHub项目与研究文档\eia-openclaw-sync-chen2026\05_QA测试集\人工核查_环评报告出处整理_20260715\环评报告文件_按问答顺序\PL029_佛山市茂安耀科技有限公司新建项目_01_受理公告或公示版.pdf,PL029_佛山市茂安耀科技有限公司新建项目_01_受理公告或公示版.pdf,.pdf,pdf_pypdf,4,四、主要环境影响和保护措施 ................................................................................................................ 23,E:\华南理工项目\环评文件汇总\01_GitHub项目与研究文档\eia-openclaw-sync-chen2026\05_QA测试集\人工核查_环评报告出处整理_20260715\环评报告文件_按正文一级章节拆分_20260727\PL029_佛山市茂安耀科技有限公司新建项目_01_受理公告或公示版\04_四、主要环境影响和保护措施.md,1,130
E:\华南理工项目\环评文件汇总\01_GitHub项目与研究文档\eia-openclaw-sync-chen2026\05_QA测试集\人工核查_环评报告出处整理_20260715\环评报告文件_按问答顺序\PL029_佛山市茂安耀科技有限公司新建项目_01_受理公告或公示版.pdf,PL029_佛山市茂安耀科技有限公司新建项目_01_受理公告或公示版.pdf,.pdf,pdf_pypdf,5,五、环境保护措施监督检查清单 ............................................................................................................ 46,E:\华南理工项目\环评文件汇总\01_GitHub项目与研究文档\eia-openclaw-sync-chen2026\05_QA测试集\人工核查_环评报告出处整理_20260715\环评报告文件_按正文一级章节拆分_20260727\PL029_佛山市茂安耀科技有限公司新建项目_01_受理公告或公示版\05_五、环境保护措施监督检查清单.md,1,127
E:\华南理工项目\环评文件汇总\01_GitHub项目与研究文档\eia-openclaw-sync-chen2026\05_QA测试集\人工核查_环评报告出处整理_20260715\环评报告文件_按问答顺序\PL029_佛山市茂安耀科技有限公司新建项目_01_受理公告或公示版.pdf,PL029_佛山市茂安耀科技有限公司新建项目_01_受理公告或公示版.pdf,.pdf,pdf_pypdf,6,六、结论 .....................................................................................................................................................49,E:\华南理工项目\环评文件汇总\01_GitHub项目与研究文档\eia-openclaw-sync-chen2026\05_QA测试集\人工核查_环评报告出处整理_20260715\环评报告文件_按正文一级章节拆分_20260727\PL029_佛山市茂安耀科技有限公司新建项目_01_受理公告或公示版\06_六、结论.md,2,171
E:\华南理工项目\环评文件汇总\01_GitHub项目与研究文档\eia-openclaw-sync-chen2026\05_QA测试集\人工核查_环评报告出处整理_20260715\环评报告文件_按问答顺序\PL029_佛山市茂安耀科技有限公司新建项目_01_受理公告或公示版.pdf,PL029_佛山市茂安耀科技有限公司新建项目_01_受理公告或公示版.pdf,.pdf,pdf_pypdf,7,附表附图附件,E:\华南理工项目\环评文件汇总\01_GitHub项目与研究文档\eia-openclaw-sync-chen2026\05_QA测试集\人工核查_环评报告出处整理_20260715\环评报告文件_按正文一级章节拆分_20260727\PL029_佛山市茂安耀科技有限公司新建项目_01_受理公告或公示版\07_附表附图附件.md,18,256
E:\华南理工项目\环评文件汇总\01_GitHub项目与研究文档\eia-openclaw-sync-chen2026\05_QA测试集\人工核查_环评报告出处整理_20260715\环评报告文件_按问答顺序\PL029_佛山市茂安耀科技有限公司新建项目_01_受理公告或公示版.pdf,PL029_佛山市茂安耀科技有限公司新建项目_01_受理公告或公示版.pdf,.pdf,pdf_pypdf,8,一、建设项目基本情况,E:\华南理工项目\环评文件汇总\01_GitHub项目与研究文档\eia-openclaw-sync-chen2026\05_QA测试集\人工核查_环评报告出处整理_20260715\环评报告文件_按正文一级章节拆分_20260727\PL029_佛山市茂安耀科技有限公司新建项目_01_受理公告或公示版\08_一、建设项目基本情况.md,624,9144
E:\华南理工项目\环评文件汇总\01_GitHub项目与研究文档\eia-openclaw-sync-chen2026\05_QA测试集\人工核查_环评报告出处整理_20260715\环评报告文件_按问答顺序\PL029_佛山市茂安耀科技有限公司新建项目_01_受理公告或公示版.pdf,PL029_佛山市茂安耀科技有限公司新建项目_01_受理公告或公示版.pdf,.pdf,pdf_pypdf,9,二、建设项目工程分析,E:\华南理工项目\环评文件汇总\01_GitHub项目与研究文档\eia-openclaw-sync-chen2026\05_QA测试集\人工核查_环评报告出处整理_20260715\环评报告文件_按正文一级章节拆分_20260727\PL029_佛山市茂安耀科技有限公司新建项目_01_受理公告或公示版\09_二、建设项目工程分析.md,382,7279
E:\华南理工项目\环评文件汇总\01_GitHub项目与研究文档\eia-openclaw-sync-chen2026\05_QA测试集\人工核查_环评报告出处整理_20260715\环评报告文件_按问答顺序\PL029_佛山市茂安耀科技有限公司新建项目_01_受理公告或公示版.pdf,PL029_佛山市茂安耀科技有限公司新建项目_01_受理公告或公示版.pdf,.pdf,pdf_pypdf,10,三、区域环境质量现状、环境保护目标及评价标准,E:\华南理工项目\环评文件汇总\01_GitHub项目与研究文档\eia-openclaw-sync-chen2026\05_QA测试集\人工核查_环评报告出处整理_20260715\环评报告文件_按正文一级章节拆分_20260727\PL029_佛山市茂安耀科技有限公司新建项目_01_受理公告或公示版\10_三、区域环境质量现状、环境保护目标及评价标准.md,247,5266
E:\华南理工项目\环评文件汇总\01_GitHub项目与研究文档\eia-openclaw-sync-chen2026\05_QA测试集\人工核查_环评报告出处整理_20260715\环评报告文件_按问答顺序\PL029_佛山市茂安耀科技有限公司新建项目_01_受理公告或公示版.pdf,PL029_佛山市茂安耀科技有限公司新建项目_01_受理公告或公示版.pdf,.pdf,pdf_pypdf,11,四、主要环境影响和保护措施,E:\华南理工项目\环评文件汇总\01_GitHub项目与研究文档\eia-openclaw-sync-chen2026\05_QA测试集\人工核查_环评报告出处整理_20260715\环评报告文件_按正文一级章节拆分_20260727\PL029_佛山市茂安耀科技有限公司新建项目_01_受理公告或公示版\11_四、主要环境影响和保护措施.md,1467,23032
E:\华南理工项目\环评文件汇总\01_GitHub项目与研究文档\eia-openclaw-sync-chen2026\05_QA测试集\人工核查_环评报告出处整理_20260715\环评报告文件_按问答顺序\PL029_佛山市茂安耀科技有限公司新建项目_01_受理公告或公示版.pdf,PL029_佛山市茂安耀科技有限公司新建项目_01_受理公告或公示版.pdf,.pdf,pdf_pypdf,12,五、环境保护措施监督检查清单,E:\华南理工项目\环评文件汇总\01_GitHub项目与研究文档\eia-openclaw-sync-chen2026\05_QA测试集\人工核查_环评报告出处整理_20260715\环评报告文件_按正文一级章节拆分_20260727\PL029_佛山市茂安耀科技有限公司新建项目_01_受理公告或公示版\12_五、环境保护措施监督检查清单.md,155,2571
E:\华南理工项目\环评文件汇总\01_GitHub项目与研究文档\eia-openclaw-sync-chen2026\05_QA测试集\人工核查_环评报告出处整理_20260715\环评报告文件_按问答顺序\PL029_佛山市茂安耀科技有限公司新建项目_01_受理公告或公示版.pdf,PL029_佛山市茂安耀科技有限公司新建项目_01_受理公告或公示版.pdf,.pdf,pdf_pypdf,13,六、结论,E:\华南理工项目\环评文件汇总\01_GitHub项目与研究文档\eia-openclaw-sync-chen2026\05_QA测试集\人工核查_环评报告出处整理_20260715\环评报告文件_按正文一级章节拆分_20260727\PL029_佛山市茂安耀科技有限公司新建项目_01_受理公告或公示版\13_六、结论.md,6,160
E:\华南理工项目\环评文件汇总\01_GitHub项目与研究文档\eia-openclaw-sync-chen2026\05_QA测试集\人工核查_环评报告出处整理_20260715\环评报告文件_按问答顺序\PL029_佛山市茂安耀科技有限公司新建项目_01_受理公告或公示版.pdf,PL029_佛山市茂安耀科技有限公司新建项目_01_受理公告或公示版.pdf,.pdf,pdf_pypdf,14,附表附图附件,E:\华南理工项目\环评文件汇总\01_GitHub项目与研究文档\eia-openclaw-sync-chen2026\05_QA测试集\人工核查_环评报告出处整理_20260715\环评报告文件_按正文一级章节拆分_20260727\PL029_佛山市茂安耀科技有限公司新建项目_01_受理公告或公示版\14_附表附图附件.md,80,1146
E:\华南理工项目\环评文件汇总\01_GitHub项目与研究文档\eia-openclaw-sync-chen2026\05_QA测试集\人工核查_环评报告出处整理_20260715\环评报告文件_按问答顺序\PL030_佛山市瑞易德塑料五金制品有限公司搬迁项目_01_受理公告或公示版.pdf,PL030_佛山市瑞易德塑料五金制品有限公司搬迁项目_01_受理公告或公示版.pdf,.pdf,pdf_pypdf,1,封面及目录,E:\华南理工项目\环评文件汇总\01_GitHub项目与研究文档\eia-openclaw-sync-chen2026\05_QA测试集\人工核查_环评报告出处整理_20260715\环评报告文件_按正文一级章节拆分_20260727\PL030_佛山市瑞易德塑料五金制品有限公司搬迁项目_01_受理公告或公示版\01_封面及目录.md,9,149
E:\华南理工项目\环评文件汇总\01_GitHub项目与研究文档\eia-openclaw-sync-chen2026\05_QA测试集\人工核查_环评报告出处整理_20260715\环评报告文件_按问答顺序\PL030_佛山市瑞易德塑料五金制品有限公司搬迁项目_01_受理公告或公示版.pdf,PL030_佛山市瑞易德塑料五金制品有限公司搬迁项目_01_受理公告或公示版.pdf,.pdf,pdf_pypdf,2,一、建设项目基本情况 ........................................................................................................ 1,E:\华南理工项目\环评文件汇总\01_GitHub项目与研究文档\eia-openclaw-sync-chen2026\05_QA测试集\人工核查_环评报告出处整理_20260715\环评报告文件_按正文一级章节拆分_20260727\PL030_佛山市瑞易德塑料五金制品有限公司搬迁项目_01_受理公告或公示版\02_一、建设项目基本情况.md,1,118
E:\华南理工项目\环评文件汇总\01_GitHub项目与研究文档\eia-openclaw-sync-chen2026\05_QA测试集\人工核查_环评报告出处整理_20260715\环评报告文件_按问答顺序\PL030_佛山市瑞易德塑料五金制品有限公司搬迁项目_01_受理公告或公示版.pdf,PL030_佛山市瑞易德塑料五金制品有限公司搬迁项目_01_受理公告或公示版.pdf,.pdf,pdf_pypdf,3,二、建设项目工程分析 ........................................................................................................ 6,E:\华南理工项目\环评文件汇总\01_GitHub项目与研究文档\eia-openclaw-sync-chen2026\05_QA测试集\人工核查_环评报告出处整理_20260715\环评报告文件_按正文一级章节拆分_20260727\PL030_佛山市瑞易德塑料五金制品有限公司搬迁项目_01_受理公告或公示版\03_二、建设项目工程分析.md,2,199
E:\华南理工项目\环评文件汇总\01_GitHub项目与研究文档\eia-openclaw-sync-chen2026\05_QA测试集\人工核查_环评报告出处整理_20260715\环评报告文件_按问答顺序\PL030_佛山市瑞易德塑料五金制品有限公司搬迁项目_01_受理公告或公示版.pdf,PL030_佛山市瑞易德塑料五金制品有限公司搬迁项目_01_受理公告或公示版.pdf,.pdf,pdf_pypdf,4,四、主要环境影响和保护措施 .......................................................................................... 21,E:\华南理工项目\环评文件汇总\01_GitHub项目与研究文档\eia-openclaw-sync-chen2026\05_QA测试集\人工核查_环评报告出处整理_20260715\环评报告文件_按正文一级章节拆分_20260727\PL030_佛山市瑞易德塑料五金制品有限公司搬迁项目_01_受理公告或公示版\04_四、主要环境影响和保护措施.md,1,108
E:\华南理工项目\环评文件汇总\01_GitHub项目与研究文档\eia-openclaw-sync-chen2026\05_QA测试集\人工核查_环评报告出处整理_20260715\环评报告文件_按问答顺序\PL030_佛山市瑞易德塑料五金制品有限公司搬迁项目_01_受理公告或公示版.pdf,PL030_佛山市瑞易德塑料五金制品有限公司搬迁项目_01_受理公告或公示版.pdf,.pdf,pdf_pypdf,5,五、环境保护措施监督检查清单 ...................................................................................... 39,E:\华南理工项目\环评文件汇总\01_GitHub项目与研究文档\eia-openclaw-sync-chen2026\05_QA测试集\人工核查_环评报告出处整理_20260715\环评报告文件_按正文一级章节拆分_20260727\PL030_佛山市瑞易德塑料五金制品有限公司搬迁项目_01_受理公告或公示版\05_五、环境保护措施监督检查清单.md,1,105
E:\华南理工项目\环评文件汇总\01_GitHub项目与研究文档\eia-openclaw-sync-chen2026\05_QA测试集\人工核查_环评报告出处整理_20260715\环评报告文件_按问答顺序\PL030_佛山市瑞易德塑料五金制品有限公司搬迁项目_01_受理公告或公示版.pdf,PL030_佛山市瑞易德塑料五金制品有限公司搬迁项目_01_受理公告或公示版.pdf,.pdf,pdf_pypdf,6,六、结论 .............................................................................................................................. 41,E:\华南理工项目\环评文件汇总\01_GitHub项目与研究文档\eia-openclaw-sync-chen2026\05_QA测试集\人工核查_环评报告出处整理_20260715\环评报告文件_按正文一级章节拆分_20260727\PL030_佛山市瑞易德塑料五金制品有限公司搬迁项目_01_受理公告或公示版\06_六、结论.md,1,135
E:\华南理工项目\环评文件汇总\01_GitHub项目与研究文档\eia-openclaw-sync-chen2026\05_QA测试集\人工核查_环评报告出处整理_20260715\环评报告文件_按问答顺序\PL030_佛山市瑞易德塑料五金制品有限公司搬迁项目_01_受理公告或公示版.pdf,PL030_佛山市瑞易德塑料五金制品有限公司搬迁项目_01_受理公告或公示版.pdf,.pdf,pdf_pypdf,7,附表附图附件,E:\华南理工项目\环评文件汇总\01_GitHub项目与研究文档\eia-openclaw-sync-chen2026\05_QA测试集\人工核查_环评报告出处整理_20260715\环评报告文件_按正文一级章节拆分_20260727\PL030_佛山市瑞易德塑料五金制品有限公司搬迁项目_01_受理公告或公示版\07_附表附图附件.md,19,1763
E:\华南理工项目\环评文件汇总\01_GitHub项目与研究文档\eia-openclaw-sync-chen2026\05_QA测试集\人工核查_环评报告出处整理_20260715\环评报告文件_按问答顺序\PL030_佛山市瑞易德塑料五金制品有限公司搬迁项目_01_受理公告或公示版.pdf,PL030_佛山市瑞易德塑料五金制品有限公司搬迁项目_01_受理公告或公示版.pdf,.pdf,pdf_pypdf,8,一、建设项目基本情况,E:\华南理工项目\环评文件汇总\01_GitHub项目与研究文档\eia-openclaw-sync-chen2026\05_QA测试集\人工核查_环评报告出处整理_20260715\环评报告文件_按正文一级章节拆分_20260727\PL030_佛山市瑞易德塑料五金制品有限公司搬迁项目_01_受理公告或公示版\08_一、建设项目基本情况.md,462,6181
E:\华南理工项目\环评文件汇总\01_GitHub项目与研究文档\eia-openclaw-sync-chen2026\05_QA测试集\人工核查_环评报告出处整理_20260715\环评报告文件_按问答顺序\PL030_佛山市瑞易德塑料五金制品有限公司搬迁项目_01_受理公告或公示版.pdf,PL030_佛山市瑞易德塑料五金制品有限公司搬迁项目_01_受理公告或公示版.pdf,.pdf,pdf_pypdf,9,二、建设项目工程分析,E:\华南理工项目\环评文件汇总\01_GitHub项目与研究文档\eia-openclaw-sync-chen2026\05_QA测试集\人工核查_环评报告出处整理_20260715\环评报告文件_按正文一级章节拆分_20260727\PL030_佛山市瑞易德塑料五金制品有限公司搬迁项目_01_受理公告或公示版\09_二、建设项目工程分析.md,621,11244
E:\华南理工项目\环评文件汇总\01_GitHub项目与研究文档\eia-openclaw-sync-chen2026\05_QA测试集\人工核查_环评报告出处整理_20260715\环评报告文件_按问答顺序\PL030_佛山市瑞易德塑料五金制品有限公司搬迁项目_01_受理公告或公示版.pdf,PL030_佛山市瑞易德塑料五金制品有限公司搬迁项目_01_受理公告或公示版.pdf,.pdf,pdf_pypdf,10,三、区域环境质量现状、环境保护目标及评价标准,E:\华南理工项目\环评文件汇总\01_GitHub项目与研究文档\eia-openclaw-sync-chen2026\05_QA测试集\人工核查_环评报告出处整理_20260715\环评报告文件_按正文一级章节拆分_20260727\PL030_佛山市瑞易德塑料五金制品有限公司搬迁项目_01_受理公告或公示版\10_三、区域环境质量现状、环境保护目标及评价标准.md,220,5188
E:\华南理工项目\环评文件汇总\01_GitHub项目与研究文档\eia-openclaw-sync-chen2026\05_QA测试集\人工核查_环评报告出处整理_20260715\环评报告文件_按问答顺序\PL030_佛山市瑞易德塑料五金制品有限公司搬迁项目_01_受理公告或公示版.pdf,PL030_佛山市瑞易德塑料五金制品有限公司搬迁项目_01_受理公告或公示版.pdf,.pdf,pdf_pypdf,11,四、主要环境影响和保护措施,E:\华南理工项目\环评文件汇总\01_GitHub项目与研究文档\eia-openclaw-sync-chen2026\05_QA测试集\人工核查_环评报告出处整理_20260715\环评报告文件_按正文一级章节拆分_20260727\PL030_佛山市瑞易德塑料五金制品有限公司搬迁项目_01_受理公告或公示版\11_四、主要环境影响和保护措施.md,810,17149
E:\华南理工项目\环评文件汇总\01_GitHub项目与研究文档\eia-openclaw-sync-chen2026\05_QA测试集\人工核查_环评报告出处整理_20260715\环评报告文件_按问答顺序\PL030_佛山市瑞易德塑料五金制品有限公司搬迁项目_01_受理公告或公示版.pdf,PL030_佛山市瑞易德塑料五金制品有限公司搬迁项目_01_受理公告或公示版.pdf,.pdf,pdf_pypdf,12,五、环境保护措施监督检查清单,E:\华南理工项目\环评文件汇总\01_GitHub项目与研究文档\eia-openclaw-sync-chen2026\05_QA测试集\人工核查_环评报告出处整理_20260715\环评报告文件_按正文一级章节拆分_20260727\PL030_佛山市瑞易德塑料五金制品有限公司搬迁项目_01_受理公告或公示版\12_五、环境保护措施监督检查清单.md,113,1686
E:\华南理工项目\环评文件汇总\01_GitHub项目与研究文档\eia-openclaw-sync-chen2026\05_QA测试集\人工核查_环评报告出处整理_20260715\环评报告文件_按问答顺序\PL030_佛山市瑞易德塑料五金制品有限公司搬迁项目_01_受理公告或公示版.pdf,PL030_佛山市瑞易德塑料五金制品有限公司搬迁项目_01_受理公告或公示版.pdf,.pdf,pdf_pypdf,13,六、结论,E:\华南理工项目\环评文件汇总\01_GitHub项目与研究文档\eia-openclaw-sync-chen2026\05_QA测试集\人工核查_环评报告出处整理_20260715\环评报告文件_按正文一级章节拆分_20260727\PL030_佛山市瑞易德塑料五金制品有限公司搬迁项目_01_受理公告或公示版\13_六、结论.md,6,142
E:\华南理工项目\环评文件汇总\01_GitHub项目与研究文档\eia-openclaw-sync-chen2026\05_QA测试集\人工核查_环评报告出处整理_20260715\环评报告文件_按问答顺序\PL030_佛山市瑞易德塑料五金制品有限公司搬迁项目_01_受理公告或公示版.pdf,PL030_佛山市瑞易德塑料五金制品有限公司搬迁项目_01_受理公告或公示版.pdf,.pdf,pdf_pypdf,14,附表附图附件,E:\华南理工项目\环评文件汇总\01_GitHub项目与研究文档\eia-openclaw-sync-chen2026\05_QA测试集\人工核查_环评报告出处整理_20260715\环评报告文件_按正文一级章节拆分_20260727\PL030_佛山市瑞易德塑料五金制品有限公司搬迁项目_01_受理公告或公示版\14_附表附图附件.md,146,2310
E:\华南理工项目\环评文件汇总\01_GitHub项目与研究文档\eia-openclaw-sync-chen2026\05_QA测试集\人工核查_环评报告出处整理_20260715\环评报告文件_按问答顺序\PL031_佛山市浩创时代包装制品有限公司新建项目_01_受理公告或公示版.pdf,PL031_佛山市浩创时代包装制品有限公司新建项目_01_受理公告或公示版.pdf,.pdf,pdf_pypdf,1,封面及目录,E:\华南理工项目\环评文件汇总\01_GitHub项目与研究文档\eia-openclaw-sync-chen2026\05_QA测试集\人工核查_环评报告出处整理_20260715\环评报告文件_按正文一级章节拆分_20260727\PL031_佛山市浩创时代包装制品有限公司新建项目_01_受理公告或公示版\01_封面及目录.md,9,146
E:\华南理工项目\环评文件汇总\01_GitHub项目与研究文档\eia-openclaw-sync-chen2026\05_QA测试集\人工核查_环评报告出处整理_20260715\环评报告文件_按问答顺序\PL031_佛山市浩创时代包装制品有限公司新建项目_01_受理公告或公示版.pdf,PL031_佛山市浩创时代包装制品有限公司新建项目_01_受理公告或公示版.pdf,.pdf,pdf_pypdf,2,一、建设项目基本情况 ........................................................................................................ 1,E:\华南理工项目\环评文件汇总\01_GitHub项目与研究文档\eia-openclaw-sync-chen2026\05_QA测试集\人工核查_环评报告出处整理_20260715\环评报告文件_按正文一级章节拆分_20260727\PL031_佛山市浩创时代包装制品有限公司新建项目_01_受理公告或公示版\02_一、建设项目基本情况.md,1,118
E:\华南理工项目\环评文件汇总\01_GitHub项目与研究文档\eia-openclaw-sync-chen2026\05_QA测试集\人工核查_环评报告出处整理_20260715\环评报告文件_按问答顺序\PL031_佛山市浩创时代包装制品有限公司新建项目_01_受理公告或公示版.pdf,PL031_佛山市浩创时代包装制品有限公司新建项目_01_受理公告或公示版.pdf,.pdf,pdf_pypdf,3,二、 建设项目工程分析 .................................................................................................... 18,E:\华南理工项目\环评文件汇总\01_GitHub项目与研究文档\eia-openclaw-sync-chen2026\05_QA测试集\人工核查_环评报告出处整理_20260715\环评报告文件_按正文一级章节拆分_20260727\PL031_佛山市浩创时代包装制品有限公司新建项目_01_受理公告或公示版\03_二、_建设项目工程分析.md,2,197
E:\华南理工项目\环评文件汇总\01_GitHub项目与研究文档\eia-openclaw-sync-chen2026\05_QA测试集\人工核查_环评报告出处整理_20260715\环评报告文件_按问答顺序\PL031_佛山市浩创时代包装制品有限公司新建项目_01_受理公告或公示版.pdf,PL031_佛山市浩创时代包装制品有限公司新建项目_01_受理公告或公示版.pdf,.pdf,pdf_pypdf,4,四、主要环境影响和保护措施 .......................................................................................... 39,E:\华南理工项目\环评文件汇总\01_GitHub项目与研究文档\eia-openclaw-sync-chen2026\05_QA测试集\人工核查_环评报告出处整理_20260715\环评报告文件_按正文一级章节拆分_20260727\PL031_佛山市浩创时代包装制品有限公司新建项目_01_受理公告或公示版\04_四、主要环境影响和保护措施.md,1,108
E:\华南理工项目\环评文件汇总\01_GitHub项目与研究文档\eia-openclaw-sync-chen2026\05_QA测试集\人工核查_环评报告出处整理_20260715\环评报告文件_按问答顺序\PL031_佛山市浩创时代包装制品有限公司新建项目_01_受理公告或公示版.pdf,PL031_佛山市浩创时代包装制品有限公司新建项目_01_受理公告或公示版.pdf,.pdf,pdf_pypdf,5,五、环境保护措施监督检查清单 ...................................................................................... 70,E:\华南理工项目\环评文件汇总\01_GitHub项目与研究文档\eia-openclaw-sync-chen2026\05_QA测试集\人工核查_环评报告出处整理_20260715\环评报告文件_按正文一级章节拆分_20260727\PL031_佛山市浩创时代包装制品有限公司新建项目_01_受理公告或公示版\05_五、环境保护措施监督检查清单.md,1,105
E:\华南理工项目\环评文件汇总\01_GitHub项目与研究文档\eia-openclaw-sync-chen2026\05_QA测试集\人工核查_环评报告出处整理_20260715\环评报告文件_按问答顺序\PL031_佛山市浩创时代包装制品有限公司新建项目_01_受理公告或公示版.pdf,PL031_佛山市浩创时代包装制品有限公司新建项目_01_受理公告或公示版.pdf,.pdf,pdf_pypdf,6,六、结论 .............................................................................................................................. 72,E:\华南理工项目\环评文件汇总\01_GitHub项目与研究文档\eia-openclaw-sync-chen2026\05_QA测试集\人工核查_环评报告出处整理_20260715\环评报告文件_按正文一级章节拆分_20260727\PL031_佛山市浩创时代包装制品有限公司新建项目_01_受理公告或公示版\06_六、结论.md,2,243
E:\华南理工项目\环评文件汇总\01_GitHub项目与研究文档\eia-openclaw-sync-chen2026\05_QA测试集\人工核查_环评报告出处整理_20260715\环评报告文件_按问答顺序\PL031_佛山市浩创时代包装制品有限公司新建项目_01_受理公告或公示版.pdf,PL031_佛山市浩创时代包装制品有限公司新建项目_01_受理公告或公示版.pdf,.pdf,pdf_pypdf,7,附表附图附件,E:\华南理工项目\环评文件汇总\01_GitHub项目与研究文档\eia-openclaw-sync-chen2026\05_QA测试集\人工核查_环评报告出处整理_20260715\环评报告文件_按正文一级章节拆分_20260727\PL031_佛山市浩创时代包装制品有限公司新建项目_01_受理公告或公示版\07_附表附图附件.md,24,371
E:\华南理工项目\环评文件汇总\01_GitHub项目与研究文档\eia-openclaw-sync-chen2026\05_QA测试集\人工核查_环评报告出处整理_20260715\环评报告文件_按问答顺序\PL031_佛山市浩创时代包装制品有限公司新建项目_01_受理公告或公示版.pdf,PL031_佛山市浩创时代包装制品有限公司新建项目_01_受理公告或公示版.pdf,.pdf,pdf_pypdf,8,一、建设项目基本情况,E:\华南理工项目\环评文件汇总\01_GitHub项目与研究文档\eia-openclaw-sync-chen2026\05_QA测试集\人工核查_环评报告出处整理_20260715\环评报告文件_按正文一级章节拆分_20260727\PL031_佛山市浩创时代包装制品有限公司新建项目_01_受理公告或公示版\08_一、建设项目基本情况.md,1211,17730
E:\华南理工项目\环评文件汇总\01_GitHub项目与研究文档\eia-openclaw-sync-chen2026\05_QA测试集\人工核查_环评报告出处整理_20260715\环评报告文件_按问答顺序\PL031_佛山市浩创时代包装制品有限公司新建项目_01_受理公告或公示版.pdf,PL031_佛山市浩创时代包装制品有限公司新建项目_01_受理公告或公示版.pdf,.pdf,pdf_pypdf,9,二、建设项目工程分析,E:\华南理工项目\环评文件汇总\01_GitHub项目与研究文档\eia-openclaw-sync-chen2026\05_QA测试集\人工核查_环评报告出处整理_20260715\环评报告文件_按正文一级章节拆分_20260727\PL031_佛山市浩创时代包装制品有限公司新建项目_01_受理公告或公示版\09_二、建设项目工程分析.md,618,9983
E:\华南理工项目\环评文件汇总\01_GitHub项目与研究文档\eia-openclaw-sync-chen2026\05_QA测试集\人工核查_环评报告出处整理_20260715\环评报告文件_按问答顺序\PL031_佛山市浩创时代包装制品有限公司新建项目_01_受理公告或公示版.pdf,PL031_佛山市浩创时代包装制品有限公司新建项目_01_受理公告或公示版.pdf,.pdf,pdf_pypdf,10,三、区域环境质量现状、环境保护目标及评价标准,E:\华南理工项目\环评文件汇总\01_GitHub项目与研究文档\eia-openclaw-sync-chen2026\05_QA测试集\人工核查_环评报告出处整理_20260715\环评报告文件_按正文一级章节拆分_20260727\PL031_佛山市浩创时代包装制品有限公司新建项目_01_受理公告或公示版\10_三、区域环境质量现状、环境保护目标及评价标准.md,278,5453
E:\华南理工项目\环评文件汇总\01_GitHub项目与研究文档\eia-openclaw-sync-chen2026\05_QA测试集\人工核查_环评报告出处整理_20260715\环评报告文件_按问答顺序\PL031_佛山市浩创时代包装制品有限公司新建项目_01_受理公告或公示版.pdf,PL031_佛山市浩创时代包装制品有限公司新建项目_01_受理公告或公示版.pdf,.pdf,pdf_pypdf,11,四、主要环境影响和保护措施,E:\华南理工项目\环评文件汇总\01_GitHub项目与研究文档\eia-openclaw-sync-chen2026\05_QA测试集\人工核查_环评报告出处整理_20260715\环评报告文件_按正文一级章节拆分_20260727\PL031_佛山市浩创时代包装制品有限公司新建项目_01_受理公告或公示版\11_四、主要环境影响和保护措施.md,1478,27041
E:\华南理工项目\环评文件汇总\01_GitHub项目与研究文档\eia-openclaw-sync-chen2026\05_QA测试集\人工核查_环评报告出处整理_20260715\环评报告文件_按问答顺序\PL031_佛山市浩创时代包装制品有限公司新建项目_01_受理公告或公示版.pdf,PL031_佛山市浩创时代包装制品有限公司新建项目_01_受理公告或公示版.pdf,.pdf,pdf_pypdf,12,五、环境保护措施监督检查清单,E:\华南理工项目\环评文件汇总\01_GitHub项目与研究文档\eia-openclaw-sync-chen2026\05_QA测试集\人工核查_环评报告出处整理_20260715\环评报告文件_按正文一级章节拆分_20260727\PL031_佛山市浩创时代包装制品有限公司新建项目_01_受理公告或公示版\12_五、环境保护措施监督检查清单.md,132,2108
E:\华南理工项目\环评文件汇总\01_GitHub项目与研究文档\eia-openclaw-sync-chen2026\05_QA测试集\人工核查_环评报告出处整理_20260715\环评报告文件_按问答顺序\PL031_佛山市浩创时代包装制品有限公司新建项目_01_受理公告或公示版.pdf,PL031_佛山市浩创时代包装制品有限公司新建项目_01_受理公告或公示版.pdf,.pdf,pdf_pypdf,13,六、结论,E:\华南理工项目\环评文件汇总\01_GitHub项目与研究文档\eia-openclaw-sync-chen2026\05_QA测试集\人工核查_环评报告出处整理_20260715\环评报告文件_按正文一级章节拆分_20260727\PL031_佛山市浩创时代包装制品有限公司新建项目_01_受理公告或公示版\13_六、结论.md,7,194
E:\华南理工项目\环评文件汇总\01_GitHub项目与研究文档\eia-openclaw-sync-chen2026\05_QA测试集\人工核查_环评报告出处整理_20260715\环评报告文件_按问答顺序\PL031_佛山市浩创时代包装制品有限公司新建项目_01_受理公告或公示版.pdf,PL031_佛山市浩创时代包装制品有限公司新建项目_01_受理公告或公示版.pdf,.pdf,pdf_pypdf,14,附表附图附件,E:\华南理工项目\环评文件汇总\01_GitHub项目与研究文档\eia-openclaw-sync-chen2026\05_QA测试集\人工核查_环评报告出处整理_20260715\环评报告文件_按正文一级章节拆分_20260727\PL031_佛山市浩创时代包装制品有限公司新建项目_01_受理公告或公示版\14_附表附图附件.md,136,1953
E:\华南理工项目\环评文件汇总\01_GitHub项目与研究文档\eia-openclaw-sync-chen2026\05_QA测试集\人工核查_环评报告出处整理_20260715\环评报告文件_按问答顺序\PL032_德旺众新材料科技(佛山)有限公司新建建设项目_01_受理公告或公示版.pdf,PL032_德旺众新材料科技(佛山)有限公司新建建设项目_01_受理公告或公示版.pdf,.pdf,pdf_pypdf,1,封面及目录,E:\华南理工项目\环评文件汇总\01_GitHub项目与研究文档\eia-openclaw-sync-chen2026\05_QA测试集\人工核查_环评报告出处整理_20260715\环评报告文件_按正文一级章节拆分_20260727\PL032_德旺众新材料科技(佛山)有限公司新建建设项目_01_受理公告或公示版\01_封面及目录.md,2,24
E:\华南理工项目\环评文件汇总\01_GitHub项目与研究文档\eia-openclaw-sync-chen2026\05_QA测试集\人工核查_环评报告出处整理_20260715\环评报告文件_按问答顺序\PL032_德旺众新材料科技(佛山)有限公司新建建设项目_01_受理公告或公示版.pdf,PL032_德旺众新材料科技(佛山)有限公司新建建设项目_01_受理公告或公示版.pdf,.pdf,pdf_pypdf,2,一、建设项目基本情况 .............................................................................................................. 1,E:\华南理工项目\环评文件汇总\01_GitHub项目与研究文档\eia-openclaw-sync-chen2026\05_QA测试集\人工核查_环评报告出处整理_20260715\环评报告文件_按正文一级章节拆分_20260727\PL032_德旺众新材料科技(佛山)有限公司新建建设项目_01_受理公告或公示版\02_一、建设项目基本情况.md,1,124
E:\华南理工项目\环评文件汇总\01_GitHub项目与研究文档\eia-openclaw-sync-chen2026\05_QA测试集\人工核查_环评报告出处整理_20260715\环评报告文件_按问答顺序\PL032_德旺众新材料科技(佛山)有限公司新建建设项目_01_受理公告或公示版.pdf,PL032_德旺众新材料科技(佛山)有限公司新建建设项目_01_受理公告或公示版.pdf,.pdf,pdf_pypdf,3,二、建设项目工程分析 ............................................................................................................ 10,E:\华南理工项目\环评文件汇总\01_GitHub项目与研究文档\eia-openclaw-sync-chen2026\05_QA测试集\人工核查_环评报告出处整理_20260715\环评报告文件_按正文一级章节拆分_20260727\PL032_德旺众新材料科技(佛山)有限公司新建建设项目_01_受理公告或公示版\03_二、建设项目工程分析.md,2,209
E:\华南理工项目\环评文件汇总\01_GitHub项目与研究文档\eia-openclaw-sync-chen2026\05_QA测试集\人工核查_环评报告出处整理_20260715\环评报告文件_按问答顺序\PL032_德旺众新材料科技(佛山)有限公司新建建设项目_01_受理公告或公示版.pdf,PL032_德旺众新材料科技(佛山)有限公司新建建设项目_01_受理公告或公示版.pdf,.pdf,pdf_pypdf,4,四、主要环境影响和保护措施 ................................................................................................23,E:\华南理工项目\环评文件汇总\01_GitHub项目与研究文档\eia-openclaw-sync-chen2026\05_QA测试集\人工核查_环评报告出处整理_20260715\环评报告文件_按正文一级章节拆分_20260727\PL032_德旺众新材料科技(佛山)有限公司新建建设项目_01_受理公告或公示版\04_四、主要环境影响和保护措施.md,1,113
E:\华南理工项目\环评文件汇总\01_GitHub项目与研究文档\eia-openclaw-sync-chen2026\05_QA测试集\人工核查_环评报告出处整理_20260715\环评报告文件_按问答顺序\PL032_德旺众新材料科技(佛山)有限公司新建建设项目_01_受理公告或公示版.pdf,PL032_德旺众新材料科技(佛山)有限公司新建建设项目_01_受理公告或公示版.pdf,.pdf,pdf_pypdf,5,五、环境保护措施监督检查清单 ............................................................................................41,E:\华南理工项目\环评文件汇总\01_GitHub项目与研究文档\eia-openclaw-sync-chen2026\05_QA测试集\人工核查_环评报告出处整理_20260715\环评报告文件_按正文一级章节拆分_20260727\PL032_德旺众新材料科技(佛山)有限公司新建建设项目_01_受理公告或公示版\05_五、环境保护措施监督检查清单.md,1,110
E:\华南理工项目\环评文件汇总\01_GitHub项目与研究文档\eia-openclaw-sync-chen2026\05_QA测试集\人工核查_环评报告出处整理_20260715\环评报告文件_按问答顺序\PL032_德旺众新材料科技(佛山)有限公司新建建设项目_01_受理公告或公示版.pdf,PL032_德旺众新材料科技(佛山)有限公司新建建设项目_01_受理公告或公示版.pdf,.pdf,pdf_pypdf,6,六、结论 .................................................................................................................................... 44,E:\华南理工项目\环评文件汇总\01_GitHub项目与研究文档\eia-openclaw-sync-chen2026\05_QA测试集\人工核查_环评报告出处整理_20260715\环评报告文件_按正文一级章节拆分_20260727\PL032_德旺众新材料科技(佛山)有限公司新建建设项目_01_受理公告或公示版\06_六、结论.md,1,141
E:\华南理工项目\环评文件汇总\01_GitHub项目与研究文档\eia-openclaw-sync-chen2026\05_QA测试集\人工核查_环评报告出处整理_20260715\环评报告文件_按问答顺序\PL032_德旺众新材料科技(佛山)有限公司新建建设项目_01_受理公告或公示版.pdf,PL032_德旺众新材料科技(佛山)有限公司新建建设项目_01_受理公告或公示版.pdf,.pdf,pdf_pypdf,7,附表附图附件,E:\华南理工项目\环评文件汇总\01_GitHub项目与研究文档\eia-openclaw-sync-chen2026\05_QA测试集\人工核查_环评报告出处整理_20260715\环评报告文件_按正文一级章节拆分_20260727\PL032_德旺众新材料科技(佛山)有限公司新建建设项目_01_受理公告或公示版\07_附表附图附件.md,20,332
E:\华南理工项目\环评文件汇总\01_GitHub项目与研究文档\eia-openclaw-sync-chen2026\05_QA测试集\人工核查_环评报告出处整理_20260715\环评报告文件_按问答顺序\PL032_德旺众新材料科技(佛山)有限公司新建建设项目_01_受理公告或公示版.pdf,PL032_德旺众新材料科技(佛山)有限公司新建建设项目_01_受理公告或公示版.pdf,.pdf,pdf_pypdf,8,一、建设项目基本情况,E:\华南理工项目\环评文件汇总\01_GitHub项目与研究文档\eia-openclaw-sync-chen2026\05_QA测试集\人工核查_环评报告出处整理_20260715\环评报告文件_按正文一级章节拆分_20260727\PL032_德旺众新材料科技(佛山)有限公司新建建设项目_01_受理公告或公示版\08_一、建设项目基本情况.md,68,1018
E:\华南理工项目\环评文件汇总\01_GitHub项目与研究文档\eia-openclaw-sync-chen2026\05_QA测试集\人工核查_环评报告出处整理_20260715\环评报告文件_按问答顺序\PL032_德旺众新材料科技(佛山)有限公司新建建设项目_01_受理公告或公示版.pdf,PL032_德旺众新材料科技(佛山)有限公司新建建设项目_01_受理公告或公示版.pdf,.pdf,pdf_pypdf,9,附表附图附件,E:\华南理工项目\环评文件汇总\01_GitHub项目与研究文档\eia-openclaw-sync-chen2026\05_QA测试集\人工核查_环评报告出处整理_20260715\环评报告文件_按正文一级章节拆分_20260727\PL032_德旺众新材料科技(佛山)有限公司新建建设项目_01_受理公告或公示版\09_附表附图附件.md,597,8649
E:\华南理工项目\环评文件汇总\01_GitHub项目与研究文档\eia-openclaw-sync-chen2026\05_QA测试集\人工核查_环评报告出处整理_20260715\环评报告文件_按问答顺序\PL032_德旺众新材料科技(佛山)有限公司新建建设项目_01_受理公告或公示版.pdf,PL032_德旺众新材料科技(佛山)有限公司新建建设项目_01_受理公告或公示版.pdf,.pdf,pdf_pypdf,10,二、建设项目工程分析,E:\华南理工项目\环评文件汇总\01_GitHub项目与研究文档\eia-openclaw-sync-chen2026\05_QA测试集\人工核查_环评报告出处整理_20260715\环评报告文件_按正文一级章节拆分_20260727\PL032_德旺众新材料科技(佛山)有限公司新建建设项目_01_受理公告或公示版\10_二、建设项目工程分析.md,340,6484
E:\华南理工项目\环评文件汇总\01_GitHub项目与研究文档\eia-openclaw-sync-chen2026\05_QA测试集\人工核查_环评报告出处整理_20260715\环评报告文件_按问答顺序\PL032_德旺众新材料科技(佛山)有限公司新建建设项目_01_受理公告或公示版.pdf,PL032_德旺众新材料科技(佛山)有限公司新建建设项目_01_受理公告或公示版.pdf,.pdf,pdf_pypdf,11,三、区域环境质量现状、环境保护目标及评价标准,E:\华南理工项目\环评文件汇总\01_GitHub项目与研究文档\eia-openclaw-sync-chen2026\05_QA测试集\人工核查_环评报告出处整理_20260715\环评报告文件_按正文一级章节拆分_20260727\PL032_德旺众新材料科技(佛山)有限公司新建建设项目_01_受理公告或公示版\11_三、区域环境质量现状、环境保护目标及评价标准.md,216,4307
E:\华南理工项目\环评文件汇总\01_GitHub项目与研究文档\eia-openclaw-sync-chen2026\05_QA测试集\人工核查_环评报告出处整理_20260715\环评报告文件_按问答顺序\PL032_德旺众新材料科技(佛山)有限公司新建建设项目_01_受理公告或公示版.pdf,PL032_德旺众新材料科技(佛山)有限公司新建建设项目_01_受理公告或公示版.pdf,.pdf,pdf_pypdf,12,四、主要环境影响和保护措施,E:\华南理工项目\环评文件汇总\01_GitHub项目与研究文档\eia-openclaw-sync-chen2026\05_QA测试集\人工核查_环评报告出处整理_20260715\环评报告文件_按正文一级章节拆分_20260727\PL032_德旺众新材料科技(佛山)有限公司新建建设项目_01_受理公告或公示版\12_四、主要环境影响和保护措施.md,885,16216
E:\华南理工项目\环评文件汇总\01_GitHub项目与研究文档\eia-openclaw-sync-chen2026\05_QA测试集\人工核查_环评报告出处整理_20260715\环评报告文件_按问答顺序\PL032_德旺众新材料科技(佛山)有限公司新建建设项目_01_受理公告或公示版.pdf,PL032_德旺众新材料科技(佛山)有限公司新建建设项目_01_受理公告或公示版.pdf,.pdf,pdf_pypdf,13,五、环境保护措施监督检查清单,E:\华南理工项目\环评文件汇总\01_GitHub项目与研究文档\eia-openclaw-sync-chen2026\05_QA测试集\人工核查_环评报告出处整理_20260715\环评报告文件_按正文一级章节拆分_20260727\PL032_德旺众新材料科技(佛山)有限公司新建建设项目_01_受理公告或公示版\13_五、环境保护措施监督检查清单.md,131,2489
E:\华南理工项目\环评文件汇总\01_GitHub项目与研究文档\eia-openclaw-sync-chen2026\05_QA测试集\人工核查_环评报告出处整理_20260715\环评报告文件_按问答顺序\PL032_德旺众新材料科技(佛山)有限公司新建建设项目_01_受理公告或公示版.pdf,PL032_德旺众新材料科技(佛山)有限公司新建建设项目_01_受理公告或公示版.pdf,.pdf,pdf_pypdf,14,六、结论,E:\华南理工项目\环评文件汇总\01_GitHub项目与研究文档\eia-openclaw-sync-chen2026\05_QA测试集\人工核查_环评报告出处整理_20260715\环评报告文件_按正文一级章节拆分_20260727\PL032_德旺众新材料科技(佛山)有限公司新建建设项目_01_受理公告或公示版\14_六、结论.md,12,331
E:\华南理工项目\环评文件汇总\01_GitHub项目与研究文档\eia-openclaw-sync-chen2026\05_QA测试集\人工核查_环评报告出处整理_20260715\环评报告文件_按问答顺序\PL032_德旺众新材料科技(佛山)有限公司新建建设项目_01_受理公告或公示版.pdf,PL032_德旺众新材料科技(佛山)有限公司新建建设项目_01_受理公告或公示版.pdf,.pdf,pdf_pypdf,15,附表附图附件,E:\华南理工项目\环评文件汇总\01_GitHub项目与研究文档\eia-openclaw-sync-chen2026\05_QA测试集\人工核查_环评报告出处整理_20260715\环评报告文件_按正文一级章节拆分_20260727\PL032_德旺众新材料科技(佛山)有限公司新建建设项目_01_受理公告或公示版\15_附表附图附件.md,47,755
E:\华南理工项目\环评文件汇总\01_GitHub项目与研究文档\eia-openclaw-sync-chen2026\05_QA测试集\人工核查_环评报告出处整理_20260715\环评报告文件_按问答顺序\PL033_广东施格纳电气有限公司新建项目_01_受理公告或公示版.pdf,PL033_广东施格纳电气有限公司新建项目_01_受理公告或公示版.pdf,.pdf,pdf_pypdf,1,封面及目录,E:\华南理工项目\环评文件汇总\01_GitHub项目与研究文档\eia-openclaw-sync-chen2026\05_QA测试集\人工核查_环评报告出处整理_20260715\环评报告文件_按正文一级章节拆分_20260727\PL033_广东施格纳电气有限公司新建项目_01_受理公告或公示版\01_封面及目录.md,2,24
E:\华南理工项目\环评文件汇总\01_GitHub项目与研究文档\eia-openclaw-sync-chen2026\05_QA测试集\人工核查_环评报告出处整理_20260715\环评报告文件_按问答顺序\PL033_广东施格纳电气有限公司新建项目_01_受理公告或公示版.pdf,PL033_广东施格纳电气有限公司新建项目_01_受理公告或公示版.pdf,.pdf,pdf_pypdf,2,一、建设项目基本情况 ................................................................................................................................................ 1,E:\华南理工项目\环评文件汇总\01_GitHub项目与研究文档\eia-openclaw-sync-chen2026\05_QA测试集\人工核查_环评报告出处整理_20260715\环评报告文件_按正文一级章节拆分_20260727\PL033_广东施格纳电气有限公司新建项目_01_受理公告或公示版\02_一、建设项目基本情况.md,1,158
E:\华南理工项目\环评文件汇总\01_GitHub项目与研究文档\eia-openclaw-sync-chen2026\05_QA测试集\人工核查_环评报告出处整理_20260715\环评报告文件_按问答顺序\PL033_广东施格纳电气有限公司新建项目_01_受理公告或公示版.pdf,PL033_广东施格纳电气有限公司新建项目_01_受理公告或公示版.pdf,.pdf,pdf_pypdf,3,二、建设项目工程分析 .............................................................................................................................................. 15,E:\华南理工项目\环评文件汇总\01_GitHub项目与研究文档\eia-openclaw-sync-chen2026\05_QA测试集\人工核查_环评报告出处整理_20260715\环评报告文件_按正文一级章节拆分_20260727\PL033_广东施格纳电气有限公司新建项目_01_受理公告或公示版\03_二、建设项目工程分析.md,2,277
E:\华南理工项目\环评文件汇总\01_GitHub项目与研究文档\eia-openclaw-sync-chen2026\05_QA测试集\人工核查_环评报告出处整理_20260715\环评报告文件_按问答顺序\PL033_广东施格纳电气有限公司新建项目_01_受理公告或公示版.pdf,PL033_广东施格纳电气有限公司新建项目_01_受理公告或公示版.pdf,.pdf,pdf_pypdf,4,四、主要环境影响和保护措施 ..................................................................................................................................33,E:\华南理工项目\环评文件汇总\01_GitHub项目与研究文档\eia-openclaw-sync-chen2026\05_QA测试集\人工核查_环评报告出处整理_20260715\环评报告文件_按正文一级章节拆分_20260727\PL033_广东施格纳电气有限公司新建项目_01_受理公告或公示版\04_四、主要环境影响和保护措施.md,1,147
E:\华南理工项目\环评文件汇总\01_GitHub项目与研究文档\eia-openclaw-sync-chen2026\05_QA测试集\人工核查_环评报告出处整理_20260715\环评报告文件_按问答顺序\PL033_广东施格纳电气有限公司新建项目_01_受理公告或公示版.pdf,PL033_广东施格纳电气有限公司新建项目_01_受理公告或公示版.pdf,.pdf,pdf_pypdf,5,五、环境保护措施监督检查清单 ..............................................................................................................................64,E:\华南理工项目\环评文件汇总\01_GitHub项目与研究文档\eia-openclaw-sync-chen2026\05_QA测试集\人工核查_环评报告出处整理_20260715\环评报告文件_按正文一级章节拆分_20260727\PL033_广东施格纳电气有限公司新建项目_01_受理公告或公示版\05_五、环境保护措施监督检查清单.md,1,144
E:\华南理工项目\环评文件汇总\01_GitHub项目与研究文档\eia-openclaw-sync-chen2026\05_QA测试集\人工核查_环评报告出处整理_20260715\环评报告文件_按问答顺序\PL033_广东施格纳电气有限公司新建项目_01_受理公告或公示版.pdf,PL033_广东施格纳电气有限公司新建项目_01_受理公告或公示版.pdf,.pdf,pdf_pypdf,6,六、结论 ...................................................................................................................................................................... 67,E:\华南理工项目\环评文件汇总\01_GitHub项目与研究文档\eia-openclaw-sync-chen2026\05_QA测试集\人工核查_环评报告出处整理_20260715\环评报告文件_按正文一级章节拆分_20260727\PL033_广东施格纳电气有限公司新建项目_01_受理公告或公示版\06_六、结论.md,1,175
E:\华南理工项目\环评文件汇总\01_GitHub项目与研究文档\eia-openclaw-sync-chen2026\05_QA测试集\人工核查_环评报告出处整理_20260715\环评报告文件_按问答顺序\PL033_广东施格纳电气有限公司新建项目_01_受理公告或公示版.pdf,PL033_广东施格纳电气有限公司新建项目_01_受理公告或公示版.pdf,.pdf,pdf_pypdf,7,附表附图附件,E:\华南理工项目\环评文件汇总\01_GitHub项目与研究文档\eia-openclaw-sync-chen2026\05_QA测试集\人工核查_环评报告出处整理_20260715\环评报告文件_按正文一级章节拆分_20260727\PL033_广东施格纳电气有限公司新建项目_01_受理公告或公示版\07_附表附图附件.md,29,3862
E:\华南理工项目\环评文件汇总\01_GitHub项目与研究文档\eia-openclaw-sync-chen2026\05_QA测试集\人工核查_环评报告出处整理_20260715\环评报告文件_按问答顺序\PL033_广东施格纳电气有限公司新建项目_01_受理公告或公示版.pdf,PL033_广东施格纳电气有限公司新建项目_01_受理公告或公示版.pdf,.pdf,pdf_pypdf,8,一、建设项目基本情况,E:\华南理工项目\环评文件汇总\01_GitHub项目与研究文档\eia-openclaw-sync-chen2026\05_QA测试集\人工核查_环评报告出处整理_20260715\环评报告文件_按正文一级章节拆分_20260727\PL033_广东施格纳电气有限公司新建项目_01_受理公告或公示版\08_一、建设项目基本情况.md,1075,13497
E:\华南理工项目\环评文件汇总\01_GitHub项目与研究文档\eia-openclaw-sync-chen2026\05_QA测试集\人工核查_环评报告出处整理_20260715\环评报告文件_按问答顺序\PL033_广东施格纳电气有限公司新建项目_01_受理公告或公示版.pdf,PL033_广东施格纳电气有限公司新建项目_01_受理公告或公示版.pdf,.pdf,pdf_pypdf,9,二、建设项目工程分析,E:\华南理工项目\环评文件汇总\01_GitHub项目与研究文档\eia-openclaw-sync-chen2026\05_QA测试集\人工核查_环评报告出处整理_20260715\环评报告文件_按正文一级章节拆分_20260727\PL033_广东施格纳电气有限公司新建项目_01_受理公告或公示版\09_二、建设项目工程分析.md,427,9100
E:\华南理工项目\环评文件汇总\01_GitHub项目与研究文档\eia-openclaw-sync-chen2026\05_QA测试集\人工核查_环评报告出处整理_20260715\环评报告文件_按问答顺序\PL033_广东施格纳电气有限公司新建项目_01_受理公告或公示版.pdf,PL033_广东施格纳电气有限公司新建项目_01_受理公告或公示版.pdf,.pdf,pdf_pypdf,10,三、区域环境质量现状、环境保护目标及评价标准,E:\华南理工项目\环评文件汇总\01_GitHub项目与研究文档\eia-openclaw-sync-chen2026\05_QA测试集\人工核查_环评报告出处整理_20260715\环评报告文件_按正文一级章节拆分_20260727\PL033_广东施格纳电气有限公司新建项目_01_受理公告或公示版\10_三、区域环境质量现状、环境保护目标及评价标准.md,269,5196
E:\华南理工项目\环评文件汇总\01_GitHub项目与研究文档\eia-openclaw-sync-chen2026\05_QA测试集\人工核查_环评报告出处整理_20260715\环评报告文件_按问答顺序\PL033_广东施格纳电气有限公司新建项目_01_受理公告或公示版.pdf,PL033_广东施格纳电气有限公司新建项目_01_受理公告或公示版.pdf,.pdf,pdf_pypdf,11,四、主要环境影响和保护措施,E:\华南理工项目\环评文件汇总\01_GitHub项目与研究文档\eia-openclaw-sync-chen2026\05_QA测试集\人工核查_环评报告出处整理_20260715\环评报告文件_按正文一级章节拆分_20260727\PL033_广东施格纳电气有限公司新建项目_01_受理公告或公示版\11_四、主要环境影响和保护措施.md,1551,26019
E:\华南理工项目\环评文件汇总\01_GitHub项目与研究文档\eia-openclaw-sync-chen2026\05_QA测试集\人工核查_环评报告出处整理_20260715\环评报告文件_按问答顺序\PL033_广东施格纳电气有限公司新建项目_01_受理公告或公示版.pdf,PL033_广东施格纳电气有限公司新建项目_01_受理公告或公示版.pdf,.pdf,pdf_pypdf,12,五、环境保护措施监督检查清单,E:\华南理工项目\环评文件汇总\01_GitHub项目与研究文档\eia-openclaw-sync-chen2026\05_QA测试集\人工核查_环评报告出处整理_20260715\环评报告文件_按正文一级章节拆分_20260727\PL033_广东施格纳电气有限公司新建项目_01_受理公告或公示版\12_五、环境保护措施监督检查清单.md,184,2630
E:\华南理工项目\环评文件汇总\01_GitHub项目与研究文档\eia-openclaw-sync-chen2026\05_QA测试集\人工核查_环评报告出处整理_20260715\环评报告文件_按问答顺序\PL033_广东施格纳电气有限公司新建项目_01_受理公告或公示版.pdf,PL033_广东施格纳电气有限公司新建项目_01_受理公告或公示版.pdf,.pdf,pdf_pypdf,13,六、结论,E:\华南理工项目\环评文件汇总\01_GitHub项目与研究文档\eia-openclaw-sync-chen2026\05_QA测试集\人工核查_环评报告出处整理_20260715\环评报告文件_按正文一级章节拆分_20260727\PL033_广东施格纳电气有限公司新建项目_01_受理公告或公示版\13_六、结论.md,7,159
E:\华南理工项目\环评文件汇总\01_GitHub项目与研究文档\eia-openclaw-sync-chen2026\05_QA测试集\人工核查_环评报告出处整理_20260715\环评报告文件_按问答顺序\PL033_广东施格纳电气有限公司新建项目_01_受理公告或公示版.pdf,PL033_广东施格纳电气有限公司新建项目_01_受理公告或公示版.pdf,.pdf,pdf_pypdf,14,附表附图附件,E:\华南理工项目\环评文件汇总\01_GitHub项目与研究文档\eia-openclaw-sync-chen2026\05_QA测试集\人工核查_环评报告出处整理_20260715\环评报告文件_按正文一级章节拆分_20260727\PL033_广东施格纳电气有限公司新建项目_01_受理公告或公示版\14_附表附图附件.md,159,1945
E:\华南理工项目\环评文件汇总\01_GitHub项目与研究文档\eia-openclaw-sync-chen2026\05_QA测试集\人工核查_环评报告出处整理_20260715\环评报告文件_按问答顺序\PL034_佛山市沃丰德电器有限公司扩建项目_01_受理公告或公示版.pdf,PL034_佛山市沃丰德电器有限公司扩建项目_01_受理公告或公示版.pdf,.pdf,pdf_pypdf,1,封面及目录,E:\华南理工项目\环评文件汇总\01_GitHub项目与研究文档\eia-openclaw-sync-chen2026\05_QA测试集\人工核查_环评报告出处整理_20260715\环评报告文件_按正文一级章节拆分_20260727\PL034_佛山市沃丰德电器有限公司扩建项目_01_受理公告或公示版\01_封面及目录.md,2,24
E:\华南理工项目\环评文件汇总\01_GitHub项目与研究文档\eia-openclaw-sync-chen2026\05_QA测试集\人工核查_环评报告出处整理_20260715\环评报告文件_按问答顺序\PL034_佛山市沃丰德电器有限公司扩建项目_01_受理公告或公示版.pdf,PL034_佛山市沃丰德电器有限公司扩建项目_01_受理公告或公示版.pdf,.pdf,pdf_pypdf,2,一、建设项目基本情况 ........................................................................................................ 1,E:\华南理工项目\环评文件汇总\01_GitHub项目与研究文档\eia-openclaw-sync-chen2026\05_QA测试集\人工核查_环评报告出处整理_20260715\环评报告文件_按正文一级章节拆分_20260727\PL034_佛山市沃丰德电器有限公司扩建项目_01_受理公告或公示版\02_一、建设项目基本情况.md,1,118
E:\华南理工项目\环评文件汇总\01_GitHub项目与研究文档\eia-openclaw-sync-chen2026\05_QA测试集\人工核查_环评报告出处整理_20260715\环评报告文件_按问答顺序\PL034_佛山市沃丰德电器有限公司扩建项目_01_受理公告或公示版.pdf,PL034_佛山市沃丰德电器有限公司扩建项目_01_受理公告或公示版.pdf,.pdf,pdf_pypdf,3,二、建设项目工程分析 ...................................................................................................... 18,E:\华南理工项目\环评文件汇总\01_GitHub项目与研究文档\eia-openclaw-sync-chen2026\05_QA测试集\人工核查_环评报告出处整理_20260715\环评报告文件_按正文一级章节拆分_20260727\PL034_佛山市沃丰德电器有限公司扩建项目_01_受理公告或公示版\03_二、建设项目工程分析.md,2,198
E:\华南理工项目\环评文件汇总\01_GitHub项目与研究文档\eia-openclaw-sync-chen2026\05_QA测试集\人工核查_环评报告出处整理_20260715\环评报告文件_按问答顺序\PL034_佛山市沃丰德电器有限公司扩建项目_01_受理公告或公示版.pdf,PL034_佛山市沃丰德电器有限公司扩建项目_01_受理公告或公示版.pdf,.pdf,pdf_pypdf,4,四、主要环境影响和保护措施 .......................................................................................... 41,E:\华南理工项目\环评文件汇总\01_GitHub项目与研究文档\eia-openclaw-sync-chen2026\05_QA测试集\人工核查_环评报告出处整理_20260715\环评报告文件_按正文一级章节拆分_20260727\PL034_佛山市沃丰德电器有限公司扩建项目_01_受理公告或公示版\04_四、主要环境影响和保护措施.md,1,108
E:\华南理工项目\环评文件汇总\01_GitHub项目与研究文档\eia-openclaw-sync-chen2026\05_QA测试集\人工核查_环评报告出处整理_20260715\环评报告文件_按问答顺序\PL034_佛山市沃丰德电器有限公司扩建项目_01_受理公告或公示版.pdf,PL034_佛山市沃丰德电器有限公司扩建项目_01_受理公告或公示版.pdf,.pdf,pdf_pypdf,5,五、环境保护措施监督检查清单 ...................................................................................... 77,E:\华南理工项目\环评文件汇总\01_GitHub项目与研究文档\eia-openclaw-sync-chen2026\05_QA测试集\人工核查_环评报告出处整理_20260715\环评报告文件_按正文一级章节拆分_20260727\PL034_佛山市沃丰德电器有限公司扩建项目_01_受理公告或公示版\05_五、环境保护措施监督检查清单.md,1,105
E:\华南理工项目\环评文件汇总\01_GitHub项目与研究文档\eia-openclaw-sync-chen2026\05_QA测试集\人工核查_环评报告出处整理_20260715\环评报告文件_按问答顺序\PL034_佛山市沃丰德电器有限公司扩建项目_01_受理公告或公示版.pdf,PL034_佛山市沃丰德电器有限公司扩建项目_01_受理公告或公示版.pdf,.pdf,pdf_pypdf,6,六、结论 .............................................................................................................................. 80,E:\华南理工项目\环评文件汇总\01_GitHub项目与研究文档\eia-openclaw-sync-chen2026\05_QA测试集\人工核查_环评报告出处整理_20260715\环评报告文件_按正文一级章节拆分_20260727\PL034_佛山市沃丰德电器有限公司扩建项目_01_受理公告或公示版\06_六、结论.md,2,243
E:\华南理工项目\环评文件汇总\01_GitHub项目与研究文档\eia-openclaw-sync-chen2026\05_QA测试集\人工核查_环评报告出处整理_20260715\环评报告文件_按问答顺序\PL034_佛山市沃丰德电器有限公司扩建项目_01_受理公告或公示版.pdf,PL034_佛山市沃丰德电器有限公司扩建项目_01_受理公告或公示版.pdf,.pdf,pdf_pypdf,7,附表附图附件,E:\华南理工项目\环评文件汇总\01_GitHub项目与研究文档\eia-openclaw-sync-chen2026\05_QA测试集\人工核查_环评报告出处整理_20260715\环评报告文件_按正文一级章节拆分_20260727\PL034_佛山市沃丰德电器有限公司扩建项目_01_受理公告或公示版\07_附表附图附件.md,24,2418
E:\华南理工项目\环评文件汇总\01_GitHub项目与研究文档\eia-openclaw-sync-chen2026\05_QA测试集\人工核查_环评报告出处整理_20260715\环评报告文件_按问答顺序\PL034_佛山市沃丰德电器有限公司扩建项目_01_受理公告或公示版.pdf,PL034_佛山市沃丰德电器有限公司扩建项目_01_受理公告或公示版.pdf,.pdf,pdf_pypdf,8,一、建设项目基本情况,E:\华南理工项目\环评文件汇总\01_GitHub项目与研究文档\eia-openclaw-sync-chen2026\05_QA测试集\人工核查_环评报告出处整理_20260715\环评报告文件_按正文一级章节拆分_20260727\PL034_佛山市沃丰德电器有限公司扩建项目_01_受理公告或公示版\08_一、建设项目基本情况.md,856,14854
E:\华南理工项目\环评文件汇总\01_GitHub项目与研究文档\eia-openclaw-sync-chen2026\05_QA测试集\人工核查_环评报告出处整理_20260715\环评报告文件_按问答顺序\PL034_佛山市沃丰德电器有限公司扩建项目_01_受理公告或公示版.pdf,PL034_佛山市沃丰德电器有限公司扩建项目_01_受理公告或公示版.pdf,.pdf,pdf_pypdf,9,二、建设项目工程分析,E:\华南理工项目\环评文件汇总\01_GitHub项目与研究文档\eia-openclaw-sync-chen2026\05_QA测试集\人工核查_环评报告出处整理_20260715\环评报告文件_按正文一级章节拆分_20260727\PL034_佛山市沃丰德电器有限公司扩建项目_01_受理公告或公示版\09_二、建设项目工程分析.md,433,6127
E:\华南理工项目\环评文件汇总\01_GitHub项目与研究文档\eia-openclaw-sync-chen2026\05_QA测试集\人工核查_环评报告出处整理_20260715\环评报告文件_按问答顺序\PL034_佛山市沃丰德电器有限公司扩建项目_01_受理公告或公示版.pdf,PL034_佛山市沃丰德电器有限公司扩建项目_01_受理公告或公示版.pdf,.pdf,pdf_pypdf,10,附表附图附件,E:\华南理工项目\环评文件汇总\01_GitHub项目与研究文档\eia-openclaw-sync-chen2026\05_QA测试集\人工核查_环评报告出处整理_20260715\环评报告文件_按正文一级章节拆分_20260727\PL034_佛山市沃丰德电器有限公司扩建项目_01_受理公告或公示版\10_附表附图附件.md,250,4798
E:\华南理工项目\环评文件汇总\01_GitHub项目与研究文档\eia-openclaw-sync-chen2026\05_QA测试集\人工核查_环评报告出处整理_20260715\环评报告文件_按问答顺序\PL034_佛山市沃丰德电器有限公司扩建项目_01_受理公告或公示版.pdf,PL034_佛山市沃丰德电器有限公司扩建项目_01_受理公告或公示版.pdf,.pdf,pdf_pypdf,11,三、区域环境质量现状、环境保护目标及评价标准,E:\华南理工项目\环评文件汇总\01_GitHub项目与研究文档\eia-openclaw-sync-chen2026\05_QA测试集\人工核查_环评报告出处整理_20260715\环评报告文件_按正文一级章节拆分_20260727\PL034_佛山市沃丰德电器有限公司扩建项目_01_受理公告或公示版\11_三、区域环境质量现状、环境保护目标及评价标准.md,197,4391
E:\华南理工项目\环评文件汇总\01_GitHub项目与研究文档\eia-openclaw-sync-chen2026\05_QA测试集\人工核查_环评报告出处整理_20260715\环评报告文件_按问答顺序\PL034_佛山市沃丰德电器有限公司扩建项目_01_受理公告或公示版.pdf,PL034_佛山市沃丰德电器有限公司扩建项目_01_受理公告或公示版.pdf,.pdf,pdf_pypdf,12,四、主要环境影响和保护措施,E:\华南理工项目\环评文件汇总\01_GitHub项目与研究文档\eia-openclaw-sync-chen2026\05_QA测试集\人工核查_环评报告出处整理_20260715\环评报告文件_按正文一级章节拆分_20260727\PL034_佛山市沃丰德电器有限公司扩建项目_01_受理公告或公示版\12_四、主要环境影响和保护措施.md,1725,28006
E:\华南理工项目\环评文件汇总\01_GitHub项目与研究文档\eia-openclaw-sync-chen2026\05_QA测试集\人工核查_环评报告出处整理_20260715\环评报告文件_按问答顺序\PL034_佛山市沃丰德电器有限公司扩建项目_01_受理公告或公示版.pdf,PL034_佛山市沃丰德电器有限公司扩建项目_01_受理公告或公示版.pdf,.pdf,pdf_pypdf,13,五、环境保护措施监督检查清单,E:\华南理工项目\环评文件汇总\01_GitHub项目与研究文档\eia-openclaw-sync-chen2026\05_QA测试集\人工核查_环评报告出处整理_20260715\环评报告文件_按正文一级章节拆分_20260727\PL034_佛山市沃丰德电器有限公司扩建项目_01_受理公告或公示版\13_五、环境保护措施监督检查清单.md,147,2583
E:\华南理工项目\环评文件汇总\01_GitHub项目与研究文档\eia-openclaw-sync-chen2026\05_QA测试集\人工核查_环评报告出处整理_20260715\环评报告文件_按问答顺序\PL034_佛山市沃丰德电器有限公司扩建项目_01_受理公告或公示版.pdf,PL034_佛山市沃丰德电器有限公司扩建项目_01_受理公告或公示版.pdf,.pdf,pdf_pypdf,14,六、结论,E:\华南理工项目\环评文件汇总\01_GitHub项目与研究文档\eia-openclaw-sync-chen2026\05_QA测试集\人工核查_环评报告出处整理_20260715\环评报告文件_按正文一级章节拆分_20260727\PL034_佛山市沃丰德电器有限公司扩建项目_01_受理公告或公示版\14_六、结论.md,9,218
E:\华南理工项目\环评文件汇总\01_GitHub项目与研究文档\eia-openclaw-sync-chen2026\05_QA测试集\人工核查_环评报告出处整理_20260715\环评报告文件_按问答顺序\PL034_佛山市沃丰德电器有限公司扩建项目_01_受理公告或公示版.pdf,PL034_佛山市沃丰德电器有限公司扩建项目_01_受理公告或公示版.pdf,.pdf,pdf_pypdf,15,附表附图附件,E:\华南理工项目\环评文件汇总\01_GitHub项目与研究文档\eia-openclaw-sync-chen2026\05_QA测试集\人工核查_环评报告出处整理_20260715\环评报告文件_按正文一级章节拆分_20260727\PL034_佛山市沃丰德电器有限公司扩建项目_01_受理公告或公示版\15_附表附图附件.md,117,1790
E:\华南理工项目\环评文件汇总\01_GitHub项目与研究文档\eia-openclaw-sync-chen2026\05_QA测试集\人工核查_环评报告出处整理_20260715\环评报告文件_按问答顺序\PL035_佛山市顺德区钧锐塑料厂迁建项目_01_受理公告或公示版.pdf,PL035_佛山市顺德区钧锐塑料厂迁建项目_01_受理公告或公示版.pdf,.pdf,pdf_pypdf,1,封面及目录,E:\华南理工项目\环评文件汇总\01_GitHub项目与研究文档\eia-openclaw-sync-chen2026\05_QA测试集\人工核查_环评报告出处整理_20260715\环评报告文件_按正文一级章节拆分_20260727\PL035_佛山市顺德区钧锐塑料厂迁建项目_01_受理公告或公示版\01_封面及目录.md,9,136
E:\华南理工项目\环评文件汇总\01_GitHub项目与研究文档\eia-openclaw-sync-chen2026\05_QA测试集\人工核查_环评报告出处整理_20260715\环评报告文件_按问答顺序\PL035_佛山市顺德区钧锐塑料厂迁建项目_01_受理公告或公示版.pdf,PL035_佛山市顺德区钧锐塑料厂迁建项目_01_受理公告或公示版.pdf,.pdf,pdf_pypdf,2,一、建设项目基本情况................................................................................................................... - 1 -,E:\华南理工项目\环评文件汇总\01_GitHub项目与研究文档\eia-openclaw-sync-chen2026\05_QA测试集\人工核查_环评报告出处整理_20260715\环评报告文件_按正文一级章节拆分_20260727\PL035_佛山市顺德区钧锐塑料厂迁建项目_01_受理公告或公示版\02_一、建设项目基本情况.md,1,132
E:\华南理工项目\环评文件汇总\01_GitHub项目与研究文档\eia-openclaw-sync-chen2026\05_QA测试集\人工核查_环评报告出处整理_20260715\环评报告文件_按问答顺序\PL035_佛山市顺德区钧锐塑料厂迁建项目_01_受理公告或公示版.pdf,PL035_佛山市顺德区钧锐塑料厂迁建项目_01_受理公告或公示版.pdf,.pdf,pdf_pypdf,3,二、建设项目工程分析................................................................................................................. - 19 -,E:\华南理工项目\环评文件汇总\01_GitHub项目与研究文档\eia-openclaw-sync-chen2026\05_QA测试集\人工核查_环评报告出处整理_20260715\环评报告文件_按正文一级章节拆分_20260727\PL035_佛山市顺德区钧锐塑料厂迁建项目_01_受理公告或公示版\03_二、建设项目工程分析.md,1,131
E:\华南理工项目\环评文件汇总\01_GitHub项目与研究文档\eia-openclaw-sync-chen2026\05_QA测试集\人工核查_环评报告出处整理_20260715\环评报告文件_按问答顺序\PL035_佛山市顺德区钧锐塑料厂迁建项目_01_受理公告或公示版.pdf,PL035_佛山市顺德区钧锐塑料厂迁建项目_01_受理公告或公示版.pdf,.pdf,pdf_pypdf,4,三、区域环境质量现状、环境保护目标及评价标准................................................................. - 40 -,E:\华南理工项目\环评文件汇总\01_GitHub项目与研究文档\eia-openclaw-sync-chen2026\05_QA测试集\人工核查_环评报告出处整理_20260715\环评报告文件_按正文一级章节拆分_20260727\PL035_佛山市顺德区钧锐塑料厂迁建项目_01_受理公告或公示版\04_三、区域环境质量现状、环境保护目标及评价标准.md,1,95
E:\华南理工项目\环评文件汇总\01_GitHub项目与研究文档\eia-openclaw-sync-chen2026\05_QA测试集\人工核查_环评报告出处整理_20260715\环评报告文件_按问答顺序\PL035_佛山市顺德区钧锐塑料厂迁建项目_01_受理公告或公示版.pdf,PL035_佛山市顺德区钧锐塑料厂迁建项目_01_受理公告或公示版.pdf,.pdf,pdf_pypdf,5,四、主要环境影响和保护措施..................................................................................................... - 46 -,E:\华南理工项目\环评文件汇总\01_GitHub项目与研究文档\eia-openclaw-sync-chen2026\05_QA测试集\人工核查_环评报告出处整理_20260715\环评报告文件_按正文一级章节拆分_20260727\PL035_佛山市顺德区钧锐塑料厂迁建项目_01_受理公告或公示版\05_四、主要环境影响和保护措施.md,1,122
E:\华南理工项目\环评文件汇总\01_GitHub项目与研究文档\eia-openclaw-sync-chen2026\05_QA测试集\人工核查_环评报告出处整理_20260715\环评报告文件_按问答顺序\PL035_佛山市顺德区钧锐塑料厂迁建项目_01_受理公告或公示版.pdf,PL035_佛山市顺德区钧锐塑料厂迁建项目_01_受理公告或公示版.pdf,.pdf,pdf_pypdf,6,五、环境保护措施监督检查清单................................................................................................. - 79 -,E:\华南理工项目\环评文件汇总\01_GitHub项目与研究文档\eia-openclaw-sync-chen2026\05_QA测试集\人工核查_环评报告出处整理_20260715\环评报告文件_按正文一级章节拆分_20260727\PL035_佛山市顺德区钧锐塑料厂迁建项目_01_受理公告或公示版\06_五、环境保护措施监督检查清单.md,1,119
E:\华南理工项目\环评文件汇总\01_GitHub项目与研究文档\eia-openclaw-sync-chen2026\05_QA测试集\人工核查_环评报告出处整理_20260715\环评报告文件_按问答顺序\PL035_佛山市顺德区钧锐塑料厂迁建项目_01_受理公告或公示版.pdf,PL035_佛山市顺德区钧锐塑料厂迁建项目_01_受理公告或公示版.pdf,.pdf,pdf_pypdf,7,六、结论......................................................................................................................................... - 81 -,E:\华南理工项目\环评文件汇总\01_GitHub项目与研究文档\eia-openclaw-sync-chen2026\05_QA测试集\人工核查_环评报告出处整理_20260715\环评报告文件_按正文一级章节拆分_20260727\PL035_佛山市顺德区钧锐塑料厂迁建项目_01_受理公告或公示版\07_六、结论.md,2,163
E:\华南理工项目\环评文件汇总\01_GitHub项目与研究文档\eia-openclaw-sync-chen2026\05_QA测试集\人工核查_环评报告出处整理_20260715\环评报告文件_按问答顺序\PL035_佛山市顺德区钧锐塑料厂迁建项目_01_受理公告或公示版.pdf,PL035_佛山市顺德区钧锐塑料厂迁建项目_01_受理公告或公示版.pdf,.pdf,pdf_pypdf,8,附表附图附件,E:\华南理工项目\环评文件汇总\01_GitHub项目与研究文档\eia-openclaw-sync-chen2026\05_QA测试集\人工核查_环评报告出处整理_20260715\环评报告文件_按正文一级章节拆分_20260727\PL035_佛山市顺德区钧锐塑料厂迁建项目_01_受理公告或公示版\08_附表附图附件.md,27,388
E:\华南理工项目\环评文件汇总\01_GitHub项目与研究文档\eia-openclaw-sync-chen2026\05_QA测试集\人工核查_环评报告出处整理_20260715\环评报告文件_按问答顺序\PL035_佛山市顺德区钧锐塑料厂迁建项目_01_受理公告或公示版.pdf,PL035_佛山市顺德区钧锐塑料厂迁建项目_01_受理公告或公示版.pdf,.pdf,pdf_pypdf,9,一、建设项目基本情况,E:\华南理工项目\环评文件汇总\01_GitHub项目与研究文档\eia-openclaw-sync-chen2026\05_QA测试集\人工核查_环评报告出处整理_20260715\环评报告文件_按正文一级章节拆分_20260727\PL035_佛山市顺德区钧锐塑料厂迁建项目_01_受理公告或公示版\09_一、建设项目基本情况.md,1361,23807
E:\华南理工项目\环评文件汇总\01_GitHub项目与研究文档\eia-openclaw-sync-chen2026\05_QA测试集\人工核查_环评报告出处整理_20260715\环评报告文件_按问答顺序\PL035_佛山市顺德区钧锐塑料厂迁建项目_01_受理公告或公示版.pdf,PL035_佛山市顺德区钧锐塑料厂迁建项目_01_受理公告或公示版.pdf,.pdf,pdf_pypdf,10,二、建设项目工程分析,E:\华南理工项目\环评文件汇总\01_GitHub项目与研究文档\eia-openclaw-sync-chen2026\05_QA测试集\人工核查_环评报告出处整理_20260715\环评报告文件_按正文一级章节拆分_20260727\PL035_佛山市顺德区钧锐塑料厂迁建项目_01_受理公告或公示版\10_二、建设项目工程分析.md,899,19176
E:\华南理工项目\环评文件汇总\01_GitHub项目与研究文档\eia-openclaw-sync-chen2026\05_QA测试集\人工核查_环评报告出处整理_20260715\环评报告文件_按问答顺序\PL035_佛山市顺德区钧锐塑料厂迁建项目_01_受理公告或公示版.pdf,PL035_佛山市顺德区钧锐塑料厂迁建项目_01_受理公告或公示版.pdf,.pdf,pdf_pypdf,11,三、区域环境质量现状、环境保护目标及评价标准,E:\华南理工项目\环评文件汇总\01_GitHub项目与研究文档\eia-openclaw-sync-chen2026\05_QA测试集\人工核查_环评报告出处整理_20260715\环评报告文件_按正文一级章节拆分_20260727\PL035_佛山市顺德区钧锐塑料厂迁建项目_01_受理公告或公示版\11_三、区域环境质量现状、环境保护目标及评价标准.md,261,5275
E:\华南理工项目\环评文件汇总\01_GitHub项目与研究文档\eia-openclaw-sync-chen2026\05_QA测试集\人工核查_环评报告出处整理_20260715\环评报告文件_按问答顺序\PL035_佛山市顺德区钧锐塑料厂迁建项目_01_受理公告或公示版.pdf,PL035_佛山市顺德区钧锐塑料厂迁建项目_01_受理公告或公示版.pdf,.pdf,pdf_pypdf,12,四、主要环境影响和保护措施,E:\华南理工项目\环评文件汇总\01_GitHub项目与研究文档\eia-openclaw-sync-chen2026\05_QA测试集\人工核查_环评报告出处整理_20260715\环评报告文件_按正文一级章节拆分_20260727\PL035_佛山市顺德区钧锐塑料厂迁建项目_01_受理公告或公示版\12_四、主要环境影响和保护措施.md,1718,31593
E:\华南理工项目\环评文件汇总\01_GitHub项目与研究文档\eia-openclaw-sync-chen2026\05_QA测试集\人工核查_环评报告出处整理_20260715\环评报告文件_按问答顺序\PL035_佛山市顺德区钧锐塑料厂迁建项目_01_受理公告或公示版.pdf,PL035_佛山市顺德区钧锐塑料厂迁建项目_01_受理公告或公示版.pdf,.pdf,pdf_pypdf,13,五、环境保护措施监督检查清单,E:\华南理工项目\环评文件汇总\01_GitHub项目与研究文档\eia-openclaw-sync-chen2026\05_QA测试集\人工核查_环评报告出处整理_20260715\环评报告文件_按正文一级章节拆分_20260727\PL035_佛山市顺德区钧锐塑料厂迁建项目_01_受理公告或公示版\13_五、环境保护措施监督检查清单.md,159,2642
E:\华南理工项目\环评文件汇总\01_GitHub项目与研究文档\eia-openclaw-sync-chen2026\05_QA测试集\人工核查_环评报告出处整理_20260715\环评报告文件_按问答顺序\PL035_佛山市顺德区钧锐塑料厂迁建项目_01_受理公告或公示版.pdf,PL035_佛山市顺德区钧锐塑料厂迁建项目_01_受理公告或公示版.pdf,.pdf,pdf_pypdf,14,六、结论,E:\华南理工项目\环评文件汇总\01_GitHub项目与研究文档\eia-openclaw-sync-chen2026\05_QA测试集\人工核查_环评报告出处整理_20260715\环评报告文件_按正文一级章节拆分_20260727\PL035_佛山市顺德区钧锐塑料厂迁建项目_01_受理公告或公示版\14_六、结论.md,10,279
E:\华南理工项目\环评文件汇总\01_GitHub项目与研究文档\eia-openclaw-sync-chen2026\05_QA测试集\人工核查_环评报告出处整理_20260715\环评报告文件_按问答顺序\PL035_佛山市顺德区钧锐塑料厂迁建项目_01_受理公告或公示版.pdf,PL035_佛山市顺德区钧锐塑料厂迁建项目_01_受理公告或公示版.pdf,.pdf,pdf_pypdf,15,附表附图附件,E:\华南理工项目\环评文件汇总\01_GitHub项目与研究文档\eia-openclaw-sync-chen2026\05_QA测试集\人工核查_环评报告出处整理_20260715\环评报告文件_按正文一级章节拆分_20260727\PL035_佛山市顺德区钧锐塑料厂迁建项目_01_受理公告或公示版\15_附表附图附件.md,140,2635
E:\华南理工项目\环评文件汇总\01_GitHub项目与研究文档\eia-openclaw-sync-chen2026\05_QA测试集\人工核查_环评报告出处整理_20260715\环评报告文件_按问答顺序\PL036_广东梅州磁性材料有限公司顺德分公司迁扩建项目_01_受理公告或公示版.pdf,PL036_广东梅州磁性材料有限公司顺德分公司迁扩建项目_01_受理公告或公示版.pdf,.pdf,pdf_pypdf,1,封面及目录,E:\华南理工项目\环评文件汇总\01_GitHub项目与研究文档\eia-openclaw-sync-chen2026\05_QA测试集\人工核查_环评报告出处整理_20260715\环评报告文件_按正文一级章节拆分_20260727\PL036_广东梅州磁性材料有限公司顺德分公司迁扩建项目_01_受理公告或公示版\01_封面及目录.md,17,226
E:\华南理工项目\环评文件汇总\01_GitHub项目与研究文档\eia-openclaw-sync-chen2026\05_QA测试集\人工核查_环评报告出处整理_20260715\环评报告文件_按问答顺序\PL036_广东梅州磁性材料有限公司顺德分公司迁扩建项目_01_受理公告或公示版.pdf,PL036_广东梅州磁性材料有限公司顺德分公司迁扩建项目_01_受理公告或公示版.pdf,.pdf,pdf_pypdf,2,一、建设项目基本情况 ................................................................................................................. 1,E:\华南理工项目\环评文件汇总\01_GitHub项目与研究文档\eia-openclaw-sync-chen2026\05_QA测试集\人工核查_环评报告出处整理_20260715\环评报告文件_按正文一级章节拆分_20260727\PL036_广东梅州磁性材料有限公司顺德分公司迁扩建项目_01_受理公告或公示版\02_一、建设项目基本情况.md,1,127
E:\华南理工项目\环评文件汇总\01_GitHub项目与研究文档\eia-openclaw-sync-chen2026\05_QA测试集\人工核查_环评报告出处整理_20260715\环评报告文件_按问答顺序\PL036_广东梅州磁性材料有限公司顺德分公司迁扩建项目_01_受理公告或公示版.pdf,PL036_广东梅州磁性材料有限公司顺德分公司迁扩建项目_01_受理公告或公示版.pdf,.pdf,pdf_pypdf,3,二、建设项目工程分析 ............................................................................................................... 18,E:\华南理工项目\环评文件汇总\01_GitHub项目与研究文档\eia-openclaw-sync-chen2026\05_QA测试集\人工核查_环评报告出处整理_20260715\环评报告文件_按正文一级章节拆分_20260727\PL036_广东梅州磁性材料有限公司顺德分公司迁扩建项目_01_受理公告或公示版\03_二、建设项目工程分析.md,2,216
E:\华南理工项目\环评文件汇总\01_GitHub项目与研究文档\eia-openclaw-sync-chen2026\05_QA测试集\人工核查_环评报告出处整理_20260715\环评报告文件_按问答顺序\PL036_广东梅州磁性材料有限公司顺德分公司迁扩建项目_01_受理公告或公示版.pdf,PL036_广东梅州磁性材料有限公司顺德分公司迁扩建项目_01_受理公告或公示版.pdf,.pdf,pdf_pypdf,4,四、主要环境影响和保护措施 ................................................................................................... 51,E:\华南理工项目\环评文件汇总\01_GitHub项目与研究文档\eia-openclaw-sync-chen2026\05_QA测试集\人工核查_环评报告出处整理_20260715\环评报告文件_按正文一级章节拆分_20260727\PL036_广东梅州磁性材料有限公司顺德分公司迁扩建项目_01_受理公告或公示版\04_四、主要环境影响和保护措施.md,1,117
E:\华南理工项目\环评文件汇总\01_GitHub项目与研究文档\eia-openclaw-sync-chen2026\05_QA测试集\人工核查_环评报告出处整理_20260715\环评报告文件_按问答顺序\PL036_广东梅州磁性材料有限公司顺德分公司迁扩建项目_01_受理公告或公示版.pdf,PL036_广东梅州磁性材料有限公司顺德分公司迁扩建项目_01_受理公告或公示版.pdf,.pdf,pdf_pypdf,5,五、环境保护措施监督检查清单 ............................................................................................... 81,E:\华南理工项目\环评文件汇总\01_GitHub项目与研究文档\eia-openclaw-sync-chen2026\05_QA测试集\人工核查_环评报告出处整理_20260715\环评报告文件_按正文一级章节拆分_20260727\PL036_广东梅州磁性材料有限公司顺德分公司迁扩建项目_01_受理公告或公示版\05_五、环境保护措施监督检查清单.md,1,114
E:\华南理工项目\环评文件汇总\01_GitHub项目与研究文档\eia-openclaw-sync-chen2026\05_QA测试集\人工核查_环评报告出处整理_20260715\环评报告文件_按问答顺序\PL036_广东梅州磁性材料有限公司顺德分公司迁扩建项目_01_受理公告或公示版.pdf,PL036_广东梅州磁性材料有限公司顺德分公司迁扩建项目_01_受理公告或公示版.pdf,.pdf,pdf_pypdf,6,六、结论 ........................................................................................................................................84,E:\华南理工项目\环评文件汇总\01_GitHub项目与研究文档\eia-openclaw-sync-chen2026\05_QA测试集\人工核查_环评报告出处整理_20260715\环评报告文件_按正文一级章节拆分_20260727\PL036_广东梅州磁性材料有限公司顺德分公司迁扩建项目_01_受理公告或公示版\06_六、结论.md,1,144
E:\华南理工项目\环评文件汇总\01_GitHub项目与研究文档\eia-openclaw-sync-chen2026\05_QA测试集\人工核查_环评报告出处整理_20260715\环评报告文件_按问答顺序\PL036_广东梅州磁性材料有限公司顺德分公司迁扩建项目_01_受理公告或公示版.pdf,PL036_广东梅州磁性材料有限公司顺德分公司迁扩建项目_01_受理公告或公示版.pdf,.pdf,pdf_pypdf,7,附表附图附件,E:\华南理工项目\环评文件汇总\01_GitHub项目与研究文档\eia-openclaw-sync-chen2026\05_QA测试集\人工核查_环评报告出处整理_20260715\环评报告文件_按正文一级章节拆分_20260727\PL036_广东梅州磁性材料有限公司顺德分公司迁扩建项目_01_受理公告或公示版\07_附表附图附件.md,26,402
E:\华南理工项目\环评文件汇总\01_GitHub项目与研究文档\eia-openclaw-sync-chen2026\05_QA测试集\人工核查_环评报告出处整理_20260715\环评报告文件_按问答顺序\PL036_广东梅州磁性材料有限公司顺德分公司迁扩建项目_01_受理公告或公示版.pdf,PL036_广东梅州磁性材料有限公司顺德分公司迁扩建项目_01_受理公告或公示版.pdf,.pdf,pdf_pypdf,8,一、建设项目基本情况,E:\华南理工项目\环评文件汇总\01_GitHub项目与研究文档\eia-openclaw-sync-chen2026\05_QA测试集\人工核查_环评报告出处整理_20260715\环评报告文件_按正文一级章节拆分_20260727\PL036_广东梅州磁性材料有限公司顺德分公司迁扩建项目_01_受理公告或公示版\08_一、建设项目基本情况.md,876,13219
E:\华南理工项目\环评文件汇总\01_GitHub项目与研究文档\eia-openclaw-sync-chen2026\05_QA测试集\人工核查_环评报告出处整理_20260715\环评报告文件_按问答顺序\PL036_广东梅州磁性材料有限公司顺德分公司迁扩建项目_01_受理公告或公示版.pdf,PL036_广东梅州磁性材料有限公司顺德分公司迁扩建项目_01_受理公告或公示版.pdf,.pdf,pdf_pypdf,9,二、建设项目工程分析,E:\华南理工项目\环评文件汇总\01_GitHub项目与研究文档\eia-openclaw-sync-chen2026\05_QA测试集\人工核查_环评报告出处整理_20260715\环评报告文件_按正文一级章节拆分_20260727\PL036_广东梅州磁性材料有限公司顺德分公司迁扩建项目_01_受理公告或公示版\09_二、建设项目工程分析.md,823,15114
E:\华南理工项目\环评文件汇总\01_GitHub项目与研究文档\eia-openclaw-sync-chen2026\05_QA测试集\人工核查_环评报告出处整理_20260715\环评报告文件_按问答顺序\PL036_广东梅州磁性材料有限公司顺德分公司迁扩建项目_01_受理公告或公示版.pdf,PL036_广东梅州磁性材料有限公司顺德分公司迁扩建项目_01_受理公告或公示版.pdf,.pdf,pdf_pypdf,10,附表附图附件,E:\华南理工项目\环评文件汇总\01_GitHub项目与研究文档\eia-openclaw-sync-chen2026\05_QA测试集\人工核查_环评报告出处整理_20260715\环评报告文件_按正文一级章节拆分_20260727\PL036_广东梅州磁性材料有限公司顺德分公司迁扩建项目_01_受理公告或公示版\10_附表附图附件.md,247,4743
E:\华南理工项目\环评文件汇总\01_GitHub项目与研究文档\eia-openclaw-sync-chen2026\05_QA测试集\人工核查_环评报告出处整理_20260715\环评报告文件_按问答顺序\PL036_广东梅州磁性材料有限公司顺德分公司迁扩建项目_01_受理公告或公示版.pdf,PL036_广东梅州磁性材料有限公司顺德分公司迁扩建项目_01_受理公告或公示版.pdf,.pdf,pdf_pypdf,11,三、区域环境质量现状、环境保护目标及评价标准,E:\华南理工项目\环评文件汇总\01_GitHub项目与研究文档\eia-openclaw-sync-chen2026\05_QA测试集\人工核查_环评报告出处整理_20260715\环评报告文件_按正文一级章节拆分_20260727\PL036_广东梅州磁性材料有限公司顺德分公司迁扩建项目_01_受理公告或公示版\11_三、区域环境质量现状、环境保护目标及评价标准.md,279,6079
E:\华南理工项目\环评文件汇总\01_GitHub项目与研究文档\eia-openclaw-sync-chen2026\05_QA测试集\人工核查_环评报告出处整理_20260715\环评报告文件_按问答顺序\PL036_广东梅州磁性材料有限公司顺德分公司迁扩建项目_01_受理公告或公示版.pdf,PL036_广东梅州磁性材料有限公司顺德分公司迁扩建项目_01_受理公告或公示版.pdf,.pdf,pdf_pypdf,12,四、主要环境影响和保护措施,E:\华南理工项目\环评文件汇总\01_GitHub项目与研究文档\eia-openclaw-sync-chen2026\05_QA测试集\人工核查_环评报告出处整理_20260715\环评报告文件_按正文一级章节拆分_20260727\PL036_广东梅州磁性材料有限公司顺德分公司迁扩建项目_01_受理公告或公示版\12_四、主要环境影响和保护措施.md,250,5911
E:\华南理工项目\环评文件汇总\01_GitHub项目与研究文档\eia-openclaw-sync-chen2026\05_QA测试集\人工核查_环评报告出处整理_20260715\环评报告文件_按问答顺序\PL036_广东梅州磁性材料有限公司顺德分公司迁扩建项目_01_受理公告或公示版.pdf,PL036_广东梅州磁性材料有限公司顺德分公司迁扩建项目_01_受理公告或公示版.pdf,.pdf,pdf_pypdf,13,附表附图附件,E:\华南理工项目\环评文件汇总\01_GitHub项目与研究文档\eia-openclaw-sync-chen2026\05_QA测试集\人工核查_环评报告出处整理_20260715\环评报告文件_按正文一级章节拆分_20260727\PL036_广东梅州磁性材料有限公司顺德分公司迁扩建项目_01_受理公告或公示版\13_附表附图附件.md,1245,24423
E:\华南理工项目\环评文件汇总\01_GitHub项目与研究文档\eia-openclaw-sync-chen2026\05_QA测试集\人工核查_环评报告出处整理_20260715\环评报告文件_按问答顺序\PL036_广东梅州磁性材料有限公司顺德分公司迁扩建项目_01_受理公告或公示版.pdf,PL036_广东梅州磁性材料有限公司顺德分公司迁扩建项目_01_受理公告或公示版.pdf,.pdf,pdf_pypdf,14,五、环境保护措施监督检查清单,E:\华南理工项目\环评文件汇总\01_GitHub项目与研究文档\eia-openclaw-sync-chen2026\05_QA测试集\人工核查_环评报告出处整理_20260715\环评报告文件_按正文一级章节拆分_20260727\PL036_广东梅州磁性材料有限公司顺德分公司迁扩建项目_01_受理公告或公示版\14_五、环境保护措施监督检查清单.md,176,2777
E:\华南理工项目\环评文件汇总\01_GitHub项目与研究文档\eia-openclaw-sync-chen2026\05_QA测试集\人工核查_环评报告出处整理_20260715\环评报告文件_按问答顺序\PL036_广东梅州磁性材料有限公司顺德分公司迁扩建项目_01_受理公告或公示版.pdf,PL036_广东梅州磁性材料有限公司顺德分公司迁扩建项目_01_受理公告或公示版.pdf,.pdf,pdf_pypdf,15,六、结论,E:\华南理工项目\环评文件汇总\01_GitHub项目与研究文档\eia-openclaw-sync-chen2026\05_QA测试集\人工核查_环评报告出处整理_20260715\环评报告文件_按正文一级章节拆分_20260727\PL036_广东梅州磁性材料有限公司顺德分公司迁扩建项目_01_受理公告或公示版\15_六、结论.md,8,215
E:\华南理工项目\环评文件汇总\01_GitHub项目与研究文档\eia-openclaw-sync-chen2026\05_QA测试集\人工核查_环评报告出处整理_20260715\环评报告文件_按问答顺序\PL036_广东梅州磁性材料有限公司顺德分公司迁扩建项目_01_受理公告或公示版.pdf,PL036_广东梅州磁性材料有限公司顺德分公司迁扩建项目_01_受理公告或公示版.pdf,.pdf,pdf_pypdf,16,附表附图附件,E:\华南理工项目\环评文件汇总\01_GitHub项目与研究文档\eia-openclaw-sync-chen2026\05_QA测试集\人工核查_环评报告出处整理_20260715\环评报告文件_按正文一级章节拆分_20260727\PL036_广东梅州磁性材料有限公司顺德分公司迁扩建项目_01_受理公告或公示版\16_附表附图附件.md,74,1360
E:\华南理工项目\环评文件汇总\01_GitHub项目与研究文档\eia-openclaw-sync-chen2026\05_QA测试集\人工核查_环评报告出处整理_20260715\环评报告文件_按问答顺序\PL037_佛山麦琪科技有限公司建设项目_01_受理公告或公示版.pdf,PL037_佛山麦琪科技有限公司建设项目_01_受理公告或公示版.pdf,.pdf,pdf_pypdf,1,封面及目录,E:\华南理工项目\环评文件汇总\01_GitHub项目与研究文档\eia-openclaw-sync-chen2026\05_QA测试集\人工核查_环评报告出处整理_20260715\环评报告文件_按正文一级章节拆分_20260727\PL037_佛山麦琪科技有限公司建设项目_01_受理公告或公示版\01_封面及目录.md,2,24
E:\华南理工项目\环评文件汇总\01_GitHub项目与研究文档\eia-openclaw-sync-chen2026\05_QA测试集\人工核查_环评报告出处整理_20260715\环评报告文件_按问答顺序\PL037_佛山麦琪科技有限公司建设项目_01_受理公告或公示版.pdf,PL037_佛山麦琪科技有限公司建设项目_01_受理公告或公示版.pdf,.pdf,pdf_pypdf,2,一、建设项目基本情况 ............................................................................................................ 1,E:\华南理工项目\环评文件汇总\01_GitHub项目与研究文档\eia-openclaw-sync-chen2026\05_QA测试集\人工核查_环评报告出处整理_20260715\环评报告文件_按正文一级章节拆分_20260727\PL037_佛山麦琪科技有限公司建设项目_01_受理公告或公示版\02_一、建设项目基本情况.md,1,122
E:\华南理工项目\环评文件汇总\01_GitHub项目与研究文档\eia-openclaw-sync-chen2026\05_QA测试集\人工核查_环评报告出处整理_20260715\环评报告文件_按问答顺序\PL037_佛山麦琪科技有限公司建设项目_01_受理公告或公示版.pdf,PL037_佛山麦琪科技有限公司建设项目_01_受理公告或公示版.pdf,.pdf,pdf_pypdf,3,二、建设项目工程分析 .......................................................................................................... 13,E:\华南理工项目\环评文件汇总\01_GitHub项目与研究文档\eia-openclaw-sync-chen2026\05_QA测试集\人工核查_环评报告出处整理_20260715\环评报告文件_按正文一级章节拆分_20260727\PL037_佛山麦琪科技有限公司建设项目_01_受理公告或公示版\03_二、建设项目工程分析.md,2,206
E:\华南理工项目\环评文件汇总\01_GitHub项目与研究文档\eia-openclaw-sync-chen2026\05_QA测试集\人工核查_环评报告出处整理_20260715\环评报告文件_按问答顺序\PL037_佛山麦琪科技有限公司建设项目_01_受理公告或公示版.pdf,PL037_佛山麦琪科技有限公司建设项目_01_受理公告或公示版.pdf,.pdf,pdf_pypdf,4,四、主要环境影响和保护措施 .............................................................................................. 25,E:\华南理工项目\环评文件汇总\01_GitHub项目与研究文档\eia-openclaw-sync-chen2026\05_QA测试集\人工核查_环评报告出处整理_20260715\环评报告文件_按正文一级章节拆分_20260727\PL037_佛山麦琪科技有限公司建设项目_01_受理公告或公示版\04_四、主要环境影响和保护措施.md,1,112
E:\华南理工项目\环评文件汇总\01_GitHub项目与研究文档\eia-openclaw-sync-chen2026\05_QA测试集\人工核查_环评报告出处整理_20260715\环评报告文件_按问答顺序\PL037_佛山麦琪科技有限公司建设项目_01_受理公告或公示版.pdf,PL037_佛山麦琪科技有限公司建设项目_01_受理公告或公示版.pdf,.pdf,pdf_pypdf,5,五、环境保护措施监督检查清单 .......................................................................................... 47,E:\华南理工项目\环评文件汇总\01_GitHub项目与研究文档\eia-openclaw-sync-chen2026\05_QA测试集\人工核查_环评报告出处整理_20260715\环评报告文件_按正文一级章节拆分_20260727\PL037_佛山麦琪科技有限公司建设项目_01_受理公告或公示版\05_五、环境保护措施监督检查清单.md,1,109
E:\华南理工项目\环评文件汇总\01_GitHub项目与研究文档\eia-openclaw-sync-chen2026\05_QA测试集\人工核查_环评报告出处整理_20260715\环评报告文件_按问答顺序\PL037_佛山麦琪科技有限公司建设项目_01_受理公告或公示版.pdf,PL037_佛山麦琪科技有限公司建设项目_01_受理公告或公示版.pdf,.pdf,pdf_pypdf,6,六、结论 .................................................................................................................................. 49,E:\华南理工项目\环评文件汇总\01_GitHub项目与研究文档\eia-openclaw-sync-chen2026\05_QA测试集\人工核查_环评报告出处整理_20260715\环评报告文件_按正文一级章节拆分_20260727\PL037_佛山麦琪科技有限公司建设项目_01_受理公告或公示版\06_六、结论.md,2,251
E:\华南理工项目\环评文件汇总\01_GitHub项目与研究文档\eia-openclaw-sync-chen2026\05_QA测试集\人工核查_环评报告出处整理_20260715\环评报告文件_按问答顺序\PL037_佛山麦琪科技有限公司建设项目_01_受理公告或公示版.pdf,PL037_佛山麦琪科技有限公司建设项目_01_受理公告或公示版.pdf,.pdf,pdf_pypdf,7,附表附图附件,E:\华南理工项目\环评文件汇总\01_GitHub项目与研究文档\eia-openclaw-sync-chen2026\05_QA测试集\人工核查_环评报告出处整理_20260715\环评报告文件_按正文一级章节拆分_20260727\PL037_佛山麦琪科技有限公司建设项目_01_受理公告或公示版\07_附表附图附件.md,20,1958
E:\华南理工项目\环评文件汇总\01_GitHub项目与研究文档\eia-openclaw-sync-chen2026\05_QA测试集\人工核查_环评报告出处整理_20260715\环评报告文件_按问答顺序\PL037_佛山麦琪科技有限公司建设项目_01_受理公告或公示版.pdf,PL037_佛山麦琪科技有限公司建设项目_01_受理公告或公示版.pdf,.pdf,pdf_pypdf,8,一、建设项目基本情况,E:\华南理工项目\环评文件汇总\01_GitHub项目与研究文档\eia-openclaw-sync-chen2026\05_QA测试集\人工核查_环评报告出处整理_20260715\环评报告文件_按正文一级章节拆分_20260727\PL037_佛山麦琪科技有限公司建设项目_01_受理公告或公示版\08_一、建设项目基本情况.md,947,13748
E:\华南理工项目\环评文件汇总\01_GitHub项目与研究文档\eia-openclaw-sync-chen2026\05_QA测试集\人工核查_环评报告出处整理_20260715\环评报告文件_按问答顺序\PL037_佛山麦琪科技有限公司建设项目_01_受理公告或公示版.pdf,PL037_佛山麦琪科技有限公司建设项目_01_受理公告或公示版.pdf,.pdf,pdf_pypdf,9,二、建设项目工程分析,E:\华南理工项目\环评文件汇总\01_GitHub项目与研究文档\eia-openclaw-sync-chen2026\05_QA测试集\人工核查_环评报告出处整理_20260715\环评报告文件_按正文一级章节拆分_20260727\PL037_佛山麦琪科技有限公司建设项目_01_受理公告或公示版\09_二、建设项目工程分析.md,286,4882
E:\华南理工项目\环评文件汇总\01_GitHub项目与研究文档\eia-openclaw-sync-chen2026\05_QA测试集\人工核查_环评报告出处整理_20260715\环评报告文件_按问答顺序\PL037_佛山麦琪科技有限公司建设项目_01_受理公告或公示版.pdf,PL037_佛山麦琪科技有限公司建设项目_01_受理公告或公示版.pdf,.pdf,pdf_pypdf,10,三、区域环境质量现状、环境保护目标及评价标准,E:\华南理工项目\环评文件汇总\01_GitHub项目与研究文档\eia-openclaw-sync-chen2026\05_QA测试集\人工核查_环评报告出处整理_20260715\环评报告文件_按正文一级章节拆分_20260727\PL037_佛山麦琪科技有限公司建设项目_01_受理公告或公示版\10_三、区域环境质量现状、环境保护目标及评价标准.md,233,4996
E:\华南理工项目\环评文件汇总\01_GitHub项目与研究文档\eia-openclaw-sync-chen2026\05_QA测试集\人工核查_环评报告出处整理_20260715\环评报告文件_按问答顺序\PL037_佛山麦琪科技有限公司建设项目_01_受理公告或公示版.pdf,PL037_佛山麦琪科技有限公司建设项目_01_受理公告或公示版.pdf,.pdf,pdf_pypdf,11,四、主要环境影响和保护措施,E:\华南理工项目\环评文件汇总\01_GitHub项目与研究文档\eia-openclaw-sync-chen2026\05_QA测试集\人工核查_环评报告出处整理_20260715\环评报告文件_按正文一级章节拆分_20260727\PL037_佛山麦琪科技有限公司建设项目_01_受理公告或公示版\11_四、主要环境影响和保护措施.md,1072,21908
E:\华南理工项目\环评文件汇总\01_GitHub项目与研究文档\eia-openclaw-sync-chen2026\05_QA测试集\人工核查_环评报告出处整理_20260715\环评报告文件_按问答顺序\PL037_佛山麦琪科技有限公司建设项目_01_受理公告或公示版.pdf,PL037_佛山麦琪科技有限公司建设项目_01_受理公告或公示版.pdf,.pdf,pdf_pypdf,12,五、环境保护措施监督检查清单,E:\华南理工项目\环评文件汇总\01_GitHub项目与研究文档\eia-openclaw-sync-chen2026\05_QA测试集\人工核查_环评报告出处整理_20260715\环评报告文件_按正文一级章节拆分_20260727\PL037_佛山麦琪科技有限公司建设项目_01_受理公告或公示版\12_五、环境保护措施监督检查清单.md,135,2415
E:\华南理工项目\环评文件汇总\01_GitHub项目与研究文档\eia-openclaw-sync-chen2026\05_QA测试集\人工核查_环评报告出处整理_20260715\环评报告文件_按问答顺序\PL037_佛山麦琪科技有限公司建设项目_01_受理公告或公示版.pdf,PL037_佛山麦琪科技有限公司建设项目_01_受理公告或公示版.pdf,.pdf,pdf_pypdf,13,六、结论,E:\华南理工项目\环评文件汇总\01_GitHub项目与研究文档\eia-openclaw-sync-chen2026\05_QA测试集\人工核查_环评报告出处整理_20260715\环评报告文件_按正文一级章节拆分_20260727\PL037_佛山麦琪科技有限公司建设项目_01_受理公告或公示版\13_六、结论.md,9,251
E:\华南理工项目\环评文件汇总\01_GitHub项目与研究文档\eia-openclaw-sync-chen2026\05_QA测试集\人工核查_环评报告出处整理_20260715\环评报告文件_按问答顺序\PL037_佛山麦琪科技有限公司建设项目_01_受理公告或公示版.pdf,PL037_佛山麦琪科技有限公司建设项目_01_受理公告或公示版.pdf,.pdf,pdf_pypdf,14,附表附图附件,E:\华南理工项目\环评文件汇总\01_GitHub项目与研究文档\eia-openclaw-sync-chen2026\05_QA测试集\人工核查_环评报告出处整理_20260715\环评报告文件_按正文一级章节拆分_20260727\PL037_佛山麦琪科技有限公司建设项目_01_受理公告或公示版\14_附表附图附件.md,118,1577
E:\华南理工项目\环评文件汇总\01_GitHub项目与研究文档\eia-openclaw-sync-chen2026\05_QA测试集\人工核查_环评报告出处整理_20260715\环评报告文件_按问答顺序\PL038_佛山市顺德区晟昂电子科技有限公司新建项目_01_报批稿或报告表.pdf,PL038_佛山市顺德区晟昂电子科技有限公司新建项目_01_报批稿或报告表.pdf,.pdf,pdf_pypdf,1,封面及目录,E:\华南理工项目\环评文件汇总\01_GitHub项目与研究文档\eia-openclaw-sync-chen2026\05_QA测试集\人工核查_环评报告出处整理_20260715\环评报告文件_按正文一级章节拆分_20260727\PL038_佛山市顺德区晟昂电子科技有限公司新建项目_01_报批稿或报告表\01_封面及目录.md,2,25
E:\华南理工项目\环评文件汇总\01_GitHub项目与研究文档\eia-openclaw-sync-chen2026\05_QA测试集\人工核查_环评报告出处整理_20260715\环评报告文件_按问答顺序\PL038_佛山市顺德区晟昂电子科技有限公司新建项目_01_报批稿或报告表.pdf,PL038_佛山市顺德区晟昂电子科技有限公司新建项目_01_报批稿或报告表.pdf,.pdf,pdf_pypdf,2,一、建设项目基本情况 ...................................................................................................................................... 1,E:\华南理工项目\环评文件汇总\01_GitHub项目与研究文档\eia-openclaw-sync-chen2026\05_QA测试集\人工核查_环评报告出处整理_20260715\环评报告文件_按正文一级章节拆分_20260727\PL038_佛山市顺德区晟昂电子科技有限公司新建项目_01_报批稿或报告表\02_一、建设项目基本情况.md,1,148
E:\华南理工项目\环评文件汇总\01_GitHub项目与研究文档\eia-openclaw-sync-chen2026\05_QA测试集\人工核查_环评报告出处整理_20260715\环评报告文件_按问答顺序\PL038_佛山市顺德区晟昂电子科技有限公司新建项目_01_报批稿或报告表.pdf,PL038_佛山市顺德区晟昂电子科技有限公司新建项目_01_报批稿或报告表.pdf,.pdf,pdf_pypdf,3,二、建设项目工程分析 .................................................................................................................................... 14,E:\华南理工项目\环评文件汇总\01_GitHub项目与研究文档\eia-openclaw-sync-chen2026\05_QA测试集\人工核查_环评报告出处整理_20260715\环评报告文件_按正文一级章节拆分_20260727\PL038_佛山市顺德区晟昂电子科技有限公司新建项目_01_报批稿或报告表\03_二、建设项目工程分析.md,2,258
E:\华南理工项目\环评文件汇总\01_GitHub项目与研究文档\eia-openclaw-sync-chen2026\05_QA测试集\人工核查_环评报告出处整理_20260715\环评报告文件_按问答顺序\PL038_佛山市顺德区晟昂电子科技有限公司新建项目_01_报批稿或报告表.pdf,PL038_佛山市顺德区晟昂电子科技有限公司新建项目_01_报批稿或报告表.pdf,.pdf,pdf_pypdf,4,四、主要环境影响和保护措施 ........................................................................................................................ 30,E:\华南理工项目\环评文件汇总\01_GitHub项目与研究文档\eia-openclaw-sync-chen2026\05_QA测试集\人工核查_环评报告出处整理_20260715\环评报告文件_按正文一级章节拆分_20260727\PL038_佛山市顺德区晟昂电子科技有限公司新建项目_01_报批稿或报告表\04_四、主要环境影响和保护措施.md,1,138
E:\华南理工项目\环评文件汇总\01_GitHub项目与研究文档\eia-openclaw-sync-chen2026\05_QA测试集\人工核查_环评报告出处整理_20260715\环评报告文件_按问答顺序\PL038_佛山市顺德区晟昂电子科技有限公司新建项目_01_报批稿或报告表.pdf,PL038_佛山市顺德区晟昂电子科技有限公司新建项目_01_报批稿或报告表.pdf,.pdf,pdf_pypdf,5,五、环境保护措施监督检查清单 .................................................................................................................... 61,E:\华南理工项目\环评文件汇总\01_GitHub项目与研究文档\eia-openclaw-sync-chen2026\05_QA测试集\人工核查_环评报告出处整理_20260715\环评报告文件_按正文一级章节拆分_20260727\PL038_佛山市顺德区晟昂电子科技有限公司新建项目_01_报批稿或报告表\05_五、环境保护措施监督检查清单.md,1,135
E:\华南理工项目\环评文件汇总\01_GitHub项目与研究文档\eia-openclaw-sync-chen2026\05_QA测试集\人工核查_环评报告出处整理_20260715\环评报告文件_按问答顺序\PL038_佛山市顺德区晟昂电子科技有限公司新建项目_01_报批稿或报告表.pdf,PL038_佛山市顺德区晟昂电子科技有限公司新建项目_01_报批稿或报告表.pdf,.pdf,pdf_pypdf,6,六、结论 ............................................................................................................................................................ 65,E:\华南理工项目\环评文件汇总\01_GitHub项目与研究文档\eia-openclaw-sync-chen2026\05_QA测试集\人工核查_环评报告出处整理_20260715\环评报告文件_按正文一级章节拆分_20260727\PL038_佛山市顺德区晟昂电子科技有限公司新建项目_01_报批稿或报告表\06_六、结论.md,1,165
E:\华南理工项目\环评文件汇总\01_GitHub项目与研究文档\eia-openclaw-sync-chen2026\05_QA测试集\人工核查_环评报告出处整理_20260715\环评报告文件_按问答顺序\PL038_佛山市顺德区晟昂电子科技有限公司新建项目_01_报批稿或报告表.pdf,PL038_佛山市顺德区晟昂电子科技有限公司新建项目_01_报批稿或报告表.pdf,.pdf,pdf_pypdf,7,附表附图附件,E:\华南理工项目\环评文件汇总\01_GitHub项目与研究文档\eia-openclaw-sync-chen2026\05_QA测试集\人工核查_环评报告出处整理_20260715\环评报告文件_按正文一级章节拆分_20260727\PL038_佛山市顺德区晟昂电子科技有限公司新建项目_01_报批稿或报告表\07_附表附图附件.md,28,3168
E:\华南理工项目\环评文件汇总\01_GitHub项目与研究文档\eia-openclaw-sync-chen2026\05_QA测试集\人工核查_环评报告出处整理_20260715\环评报告文件_按问答顺序\PL038_佛山市顺德区晟昂电子科技有限公司新建项目_01_报批稿或报告表.pdf,PL038_佛山市顺德区晟昂电子科技有限公司新建项目_01_报批稿或报告表.pdf,.pdf,pdf_pypdf,8,一、建设项目基本情况,E:\华南理工项目\环评文件汇总\01_GitHub项目与研究文档\eia-openclaw-sync-chen2026\05_QA测试集\人工核查_环评报告出处整理_20260715\环评报告文件_按正文一级章节拆分_20260727\PL038_佛山市顺德区晟昂电子科技有限公司新建项目_01_报批稿或报告表\08_一、建设项目基本情况.md,1031,14218
E:\华南理工项目\环评文件汇总\01_GitHub项目与研究文档\eia-openclaw-sync-chen2026\05_QA测试集\人工核查_环评报告出处整理_20260715\环评报告文件_按问答顺序\PL038_佛山市顺德区晟昂电子科技有限公司新建项目_01_报批稿或报告表.pdf,PL038_佛山市顺德区晟昂电子科技有限公司新建项目_01_报批稿或报告表.pdf,.pdf,pdf_pypdf,9,二、建设项目工程分析,E:\华南理工项目\环评文件汇总\01_GitHub项目与研究文档\eia-openclaw-sync-chen2026\05_QA测试集\人工核查_环评报告出处整理_20260715\环评报告文件_按正文一级章节拆分_20260727\PL038_佛山市顺德区晟昂电子科技有限公司新建项目_01_报批稿或报告表\09_二、建设项目工程分析.md,617,9957
E:\华南理工项目\环评文件汇总\01_GitHub项目与研究文档\eia-openclaw-sync-chen2026\05_QA测试集\人工核查_环评报告出处整理_20260715\环评报告文件_按问答顺序\PL038_佛山市顺德区晟昂电子科技有限公司新建项目_01_报批稿或报告表.pdf,PL038_佛山市顺德区晟昂电子科技有限公司新建项目_01_报批稿或报告表.pdf,.pdf,pdf_pypdf,10,三、区域环境质量现状、环境保护目标及评价标准,E:\华南理工项目\环评文件汇总\01_GitHub项目与研究文档\eia-openclaw-sync-chen2026\05_QA测试集\人工核查_环评报告出处整理_20260715\环评报告文件_按正文一级章节拆分_20260727\PL038_佛山市顺德区晟昂电子科技有限公司新建项目_01_报批稿或报告表\10_三、区域环境质量现状、环境保护目标及评价标准.md,243,4462
E:\华南理工项目\环评文件汇总\01_GitHub项目与研究文档\eia-openclaw-sync-chen2026\05_QA测试集\人工核查_环评报告出处整理_20260715\环评报告文件_按问答顺序\PL038_佛山市顺德区晟昂电子科技有限公司新建项目_01_报批稿或报告表.pdf,PL038_佛山市顺德区晟昂电子科技有限公司新建项目_01_报批稿或报告表.pdf,.pdf,pdf_pypdf,11,四、主要环境影响和保护措施,E:\华南理工项目\环评文件汇总\01_GitHub项目与研究文档\eia-openclaw-sync-chen2026\05_QA测试集\人工核查_环评报告出处整理_20260715\环评报告文件_按正文一级章节拆分_20260727\PL038_佛山市顺德区晟昂电子科技有限公司新建项目_01_报批稿或报告表\11_四、主要环境影响和保护措施.md,1557,27164
E:\华南理工项目\环评文件汇总\01_GitHub项目与研究文档\eia-openclaw-sync-chen2026\05_QA测试集\人工核查_环评报告出处整理_20260715\环评报告文件_按问答顺序\PL038_佛山市顺德区晟昂电子科技有限公司新建项目_01_报批稿或报告表.pdf,PL038_佛山市顺德区晟昂电子科技有限公司新建项目_01_报批稿或报告表.pdf,.pdf,pdf_pypdf,12,五、环境保护措施监督检查清单,E:\华南理工项目\环评文件汇总\01_GitHub项目与研究文档\eia-openclaw-sync-chen2026\05_QA测试集\人工核查_环评报告出处整理_20260715\环评报告文件_按正文一级章节拆分_20260727\PL038_佛山市顺德区晟昂电子科技有限公司新建项目_01_报批稿或报告表\12_五、环境保护措施监督检查清单.md,178,3138
E:\华南理工项目\环评文件汇总\01_GitHub项目与研究文档\eia-openclaw-sync-chen2026\05_QA测试集\人工核查_环评报告出处整理_20260715\环评报告文件_按问答顺序\PL038_佛山市顺德区晟昂电子科技有限公司新建项目_01_报批稿或报告表.pdf,PL038_佛山市顺德区晟昂电子科技有限公司新建项目_01_报批稿或报告表.pdf,.pdf,pdf_pypdf,13,六、结论,E:\华南理工项目\环评文件汇总\01_GitHub项目与研究文档\eia-openclaw-sync-chen2026\05_QA测试集\人工核查_环评报告出处整理_20260715\环评报告文件_按正文一级章节拆分_20260727\PL038_佛山市顺德区晟昂电子科技有限公司新建项目_01_报批稿或报告表\13_六、结论.md,7,175
E:\华南理工项目\环评文件汇总\01_GitHub项目与研究文档\eia-openclaw-sync-chen2026\05_QA测试集\人工核查_环评报告出处整理_20260715\环评报告文件_按问答顺序\PL038_佛山市顺德区晟昂电子科技有限公司新建项目_01_报批稿或报告表.pdf,PL038_佛山市顺德区晟昂电子科技有限公司新建项目_01_报批稿或报告表.pdf,.pdf,pdf_pypdf,14,附表附图附件,E:\华南理工项目\环评文件汇总\01_GitHub项目与研究文档\eia-openclaw-sync-chen2026\05_QA测试集\人工核查_环评报告出处整理_20260715\环评报告文件_按正文一级章节拆分_20260727\PL038_佛山市顺德区晟昂电子科技有限公司新建项目_01_报批稿或报告表\14_附表附图附件.md,138,2077
E:\华南理工项目\环评文件汇总\01_GitHub项目与研究文档\eia-openclaw-sync-chen2026\05_QA测试集\人工核查_环评报告出处整理_20260715\环评报告文件_按问答顺序\PL039_佛山市锦汇塑料制品有限公司新建项目_01_受理公告或公示版.pdf,PL039_佛山市锦汇塑料制品有限公司新建项目_01_受理公告或公示版.pdf,.pdf,pdf_pypdf,1,封面及目录,E:\华南理工项目\环评文件汇总\01_GitHub项目与研究文档\eia-openclaw-sync-chen2026\05_QA测试集\人工核查_环评报告出处整理_20260715\环评报告文件_按正文一级章节拆分_20260727\PL039_佛山市锦汇塑料制品有限公司新建项目_01_受理公告或公示版\01_封面及目录.md,2,25
E:\华南理工项目\环评文件汇总\01_GitHub项目与研究文档\eia-openclaw-sync-chen2026\05_QA测试集\人工核查_环评报告出处整理_20260715\环评报告文件_按问答顺序\PL039_佛山市锦汇塑料制品有限公司新建项目_01_受理公告或公示版.pdf,PL039_佛山市锦汇塑料制品有限公司新建项目_01_受理公告或公示版.pdf,.pdf,pdf_pypdf,2,一、建设项目基本情况 ................................................................................................ 1,E:\华南理工项目\环评文件汇总\01_GitHub项目与研究文档\eia-openclaw-sync-chen2026\05_QA测试集\人工核查_环评报告出处整理_20260715\环评报告文件_按正文一级章节拆分_20260727\PL039_佛山市锦汇塑料制品有限公司新建项目_01_受理公告或公示版\02_一、建设项目基本情况.md,1,110
E:\华南理工项目\环评文件汇总\01_GitHub项目与研究文档\eia-openclaw-sync-chen2026\05_QA测试集\人工核查_环评报告出处整理_20260715\环评报告文件_按问答顺序\PL039_佛山市锦汇塑料制品有限公司新建项目_01_受理公告或公示版.pdf,PL039_佛山市锦汇塑料制品有限公司新建项目_01_受理公告或公示版.pdf,.pdf,pdf_pypdf,3,二、建设项目工程分析 ..............................................................................................16,E:\华南理工项目\环评文件汇总\01_GitHub项目与研究文档\eia-openclaw-sync-chen2026\05_QA测试集\人工核查_环评报告出处整理_20260715\环评报告文件_按正文一级章节拆分_20260727\PL039_佛山市锦汇塑料制品有限公司新建项目_01_受理公告或公示版\03_二、建设项目工程分析.md,2,180
E:\华南理工项目\环评文件汇总\01_GitHub项目与研究文档\eia-openclaw-sync-chen2026\05_QA测试集\人工核查_环评报告出处整理_20260715\环评报告文件_按问答顺序\PL039_佛山市锦汇塑料制品有限公司新建项目_01_受理公告或公示版.pdf,PL039_佛山市锦汇塑料制品有限公司新建项目_01_受理公告或公示版.pdf,.pdf,pdf_pypdf,4,四、主要环境影响和保护措施 ..................................................................................32,E:\华南理工项目\环评文件汇总\01_GitHub项目与研究文档\eia-openclaw-sync-chen2026\05_QA测试集\人工核查_环评报告出处整理_20260715\环评报告文件_按正文一级章节拆分_20260727\PL039_佛山市锦汇塑料制品有限公司新建项目_01_受理公告或公示版\04_四、主要环境影响和保护措施.md,1,99
E:\华南理工项目\环评文件汇总\01_GitHub项目与研究文档\eia-openclaw-sync-chen2026\05_QA测试集\人工核查_环评报告出处整理_20260715\环评报告文件_按问答顺序\PL039_佛山市锦汇塑料制品有限公司新建项目_01_受理公告或公示版.pdf,PL039_佛山市锦汇塑料制品有限公司新建项目_01_受理公告或公示版.pdf,.pdf,pdf_pypdf,5,五、环境保护措施监督检查清单 ..............................................................................57,E:\华南理工项目\环评文件汇总\01_GitHub项目与研究文档\eia-openclaw-sync-chen2026\05_QA测试集\人工核查_环评报告出处整理_20260715\环评报告文件_按正文一级章节拆分_20260727\PL039_佛山市锦汇塑料制品有限公司新建项目_01_受理公告或公示版\05_五、环境保护措施监督检查清单.md,1,96
E:\华南理工项目\环评文件汇总\01_GitHub项目与研究文档\eia-openclaw-sync-chen2026\05_QA测试集\人工核查_环评报告出处整理_20260715\环评报告文件_按问答顺序\PL039_佛山市锦汇塑料制品有限公司新建项目_01_受理公告或公示版.pdf,PL039_佛山市锦汇塑料制品有限公司新建项目_01_受理公告或公示版.pdf,.pdf,pdf_pypdf,6,六、结论 ...................................................................................................................... 59,E:\华南理工项目\环评文件汇总\01_GitHub项目与研究文档\eia-openclaw-sync-chen2026\05_QA测试集\人工核查_环评报告出处整理_20260715\环评报告文件_按正文一级章节拆分_20260727\PL039_佛山市锦汇塑料制品有限公司新建项目_01_受理公告或公示版\06_六、结论.md,1,127
E:\华南理工项目\环评文件汇总\01_GitHub项目与研究文档\eia-openclaw-sync-chen2026\05_QA测试集\人工核查_环评报告出处整理_20260715\环评报告文件_按问答顺序\PL039_佛山市锦汇塑料制品有限公司新建项目_01_受理公告或公示版.pdf,PL039_佛山市锦汇塑料制品有限公司新建项目_01_受理公告或公示版.pdf,.pdf,pdf_pypdf,7,附表附图附件,E:\华南理工项目\环评文件汇总\01_GitHub项目与研究文档\eia-openclaw-sync-chen2026\05_QA测试集\人工核查_环评报告出处整理_20260715\环评报告文件_按正文一级章节拆分_20260727\PL039_佛山市锦汇塑料制品有限公司新建项目_01_受理公告或公示版\07_附表附图附件.md,18,1437
E:\华南理工项目\环评文件汇总\01_GitHub项目与研究文档\eia-openclaw-sync-chen2026\05_QA测试集\人工核查_环评报告出处整理_20260715\环评报告文件_按问答顺序\PL039_佛山市锦汇塑料制品有限公司新建项目_01_受理公告或公示版.pdf,PL039_佛山市锦汇塑料制品有限公司新建项目_01_受理公告或公示版.pdf,.pdf,pdf_pypdf,8,一、建设项目基本情况,E:\华南理工项目\环评文件汇总\01_GitHub项目与研究文档\eia-openclaw-sync-chen2026\05_QA测试集\人工核查_环评报告出处整理_20260715\环评报告文件_按正文一级章节拆分_20260727\PL039_佛山市锦汇塑料制品有限公司新建项目_01_受理公告或公示版\08_一、建设项目基本情况.md,1046,15573
E:\华南理工项目\环评文件汇总\01_GitHub项目与研究文档\eia-openclaw-sync-chen2026\05_QA测试集\人工核查_环评报告出处整理_20260715\环评报告文件_按问答顺序\PL039_佛山市锦汇塑料制品有限公司新建项目_01_受理公告或公示版.pdf,PL039_佛山市锦汇塑料制品有限公司新建项目_01_受理公告或公示版.pdf,.pdf,pdf_pypdf,9,二、建设项目工程分析,E:\华南理工项目\环评文件汇总\01_GitHub项目与研究文档\eia-openclaw-sync-chen2026\05_QA测试集\人工核查_环评报告出处整理_20260715\环评报告文件_按正文一级章节拆分_20260727\PL039_佛山市锦汇塑料制品有限公司新建项目_01_受理公告或公示版\09_二、建设项目工程分析.md,445,6686
E:\华南理工项目\环评文件汇总\01_GitHub项目与研究文档\eia-openclaw-sync-chen2026\05_QA测试集\人工核查_环评报告出处整理_20260715\环评报告文件_按问答顺序\PL039_佛山市锦汇塑料制品有限公司新建项目_01_受理公告或公示版.pdf,PL039_佛山市锦汇塑料制品有限公司新建项目_01_受理公告或公示版.pdf,.pdf,pdf_pypdf,10,三、区域环境质量现状、环境保护目标及评价标准,E:\华南理工项目\环评文件汇总\01_GitHub项目与研究文档\eia-openclaw-sync-chen2026\05_QA测试集\人工核查_环评报告出处整理_20260715\环评报告文件_按正文一级章节拆分_20260727\PL039_佛山市锦汇塑料制品有限公司新建项目_01_受理公告或公示版\10_三、区域环境质量现状、环境保护目标及评价标准.md,47,1312
E:\华南理工项目\环评文件汇总\01_GitHub项目与研究文档\eia-openclaw-sync-chen2026\05_QA测试集\人工核查_环评报告出处整理_20260715\环评报告文件_按问答顺序\PL039_佛山市锦汇塑料制品有限公司新建项目_01_受理公告或公示版.pdf,PL039_佛山市锦汇塑料制品有限公司新建项目_01_受理公告或公示版.pdf,.pdf,pdf_pypdf,11,附表附图附件,E:\华南理工项目\环评文件汇总\01_GitHub项目与研究文档\eia-openclaw-sync-chen2026\05_QA测试集\人工核查_环评报告出处整理_20260715\环评报告文件_按正文一级章节拆分_20260727\PL039_佛山市锦汇塑料制品有限公司新建项目_01_受理公告或公示版\11_附表附图附件.md,247,4034
E:\华南理工项目\环评文件汇总\01_GitHub项目与研究文档\eia-openclaw-sync-chen2026\05_QA测试集\人工核查_环评报告出处整理_20260715\环评报告文件_按问答顺序\PL039_佛山市锦汇塑料制品有限公司新建项目_01_受理公告或公示版.pdf,PL039_佛山市锦汇塑料制品有限公司新建项目_01_受理公告或公示版.pdf,.pdf,pdf_pypdf,12,四、主要环境影响和保护措施,E:\华南理工项目\环评文件汇总\01_GitHub项目与研究文档\eia-openclaw-sync-chen2026\05_QA测试集\人工核查_环评报告出处整理_20260715\环评报告文件_按正文一级章节拆分_20260727\PL039_佛山市锦汇塑料制品有限公司新建项目_01_受理公告或公示版\12_四、主要环境影响和保护措施.md,1435,23940
E:\华南理工项目\环评文件汇总\01_GitHub项目与研究文档\eia-openclaw-sync-chen2026\05_QA测试集\人工核查_环评报告出处整理_20260715\环评报告文件_按问答顺序\PL039_佛山市锦汇塑料制品有限公司新建项目_01_受理公告或公示版.pdf,PL039_佛山市锦汇塑料制品有限公司新建项目_01_受理公告或公示版.pdf,.pdf,pdf_pypdf,13,五、环境保护措施监督检查清单,E:\华南理工项目\环评文件汇总\01_GitHub项目与研究文档\eia-openclaw-sync-chen2026\05_QA测试集\人工核查_环评报告出处整理_20260715\环评报告文件_按正文一级章节拆分_20260727\PL039_佛山市锦汇塑料制品有限公司新建项目_01_受理公告或公示版\13_五、环境保护措施监督检查清单.md,150,2664
E:\华南理工项目\环评文件汇总\01_GitHub项目与研究文档\eia-openclaw-sync-chen2026\05_QA测试集\人工核查_环评报告出处整理_20260715\环评报告文件_按问答顺序\PL039_佛山市锦汇塑料制品有限公司新建项目_01_受理公告或公示版.pdf,PL039_佛山市锦汇塑料制品有限公司新建项目_01_受理公告或公示版.pdf,.pdf,pdf_pypdf,14,六、结论,E:\华南理工项目\环评文件汇总\01_GitHub项目与研究文档\eia-openclaw-sync-chen2026\05_QA测试集\人工核查_环评报告出处整理_20260715\环评报告文件_按正文一级章节拆分_20260727\PL039_佛山市锦汇塑料制品有限公司新建项目_01_受理公告或公示版\14_六、结论.md,8,208
E:\华南理工项目\环评文件汇总\01_GitHub项目与研究文档\eia-openclaw-sync-chen2026\05_QA测试集\人工核查_环评报告出处整理_20260715\环评报告文件_按问答顺序\PL039_佛山市锦汇塑料制品有限公司新建项目_01_受理公告或公示版.pdf,PL039_佛山市锦汇塑料制品有限公司新建项目_01_受理公告或公示版.pdf,.pdf,pdf_pypdf,15,附表附图附件,E:\华南理工项目\环评文件汇总\01_GitHub项目与研究文档\eia-openclaw-sync-chen2026\05_QA测试集\人工核查_环评报告出处整理_20260715\环评报告文件_按正文一级章节拆分_20260727\PL039_佛山市锦汇塑料制品有限公司新建项目_01_受理公告或公示版\15_附表附图附件.md,122,1658
E:\华南理工项目\环评文件汇总\01_GitHub项目与研究文档\eia-openclaw-sync-chen2026\05_QA测试集\人工核查_环评报告出处整理_20260715\环评报告文件_按问答顺序\PL040_佛山市海川塑料制品有限公司新建项目_01_受理公告或公示版.pdf,PL040_佛山市海川塑料制品有限公司新建项目_01_受理公告或公示版.pdf,.pdf,pdf_pypdf,1,封面及目录,E:\华南理工项目\环评文件汇总\01_GitHub项目与研究文档\eia-openclaw-sync-chen2026\05_QA测试集\人工核查_环评报告出处整理_20260715\环评报告文件_按正文一级章节拆分_20260727\PL040_佛山市海川塑料制品有限公司新建项目_01_受理公告或公示版\01_封面及目录.md,2,25
E:\华南理工项目\环评文件汇总\01_GitHub项目与研究文档\eia-openclaw-sync-chen2026\05_QA测试集\人工核查_环评报告出处整理_20260715\环评报告文件_按问答顺序\PL040_佛山市海川塑料制品有限公司新建项目_01_受理公告或公示版.pdf,PL040_佛山市海川塑料制品有限公司新建项目_01_受理公告或公示版.pdf,.pdf,pdf_pypdf,2,一、建设项目基本情况 ....................................................................................................................... 1,E:\华南理工项目\环评文件汇总\01_GitHub项目与研究文档\eia-openclaw-sync-chen2026\05_QA测试集\人工核查_环评报告出处整理_20260715\环评报告文件_按正文一级章节拆分_20260727\PL040_佛山市海川塑料制品有限公司新建项目_01_受理公告或公示版\02_一、建设项目基本情况.md,1,133
E:\华南理工项目\环评文件汇总\01_GitHub项目与研究文档\eia-openclaw-sync-chen2026\05_QA测试集\人工核查_环评报告出处整理_20260715\环评报告文件_按问答顺序\PL040_佛山市海川塑料制品有限公司新建项目_01_受理公告或公示版.pdf,PL040_佛山市海川塑料制品有限公司新建项目_01_受理公告或公示版.pdf,.pdf,pdf_pypdf,3,二、建设项目工程分析 ..................................................................................................................... 12,E:\华南理工项目\环评文件汇总\01_GitHub项目与研究文档\eia-openclaw-sync-chen2026\05_QA测试集\人工核查_环评报告出处整理_20260715\环评报告文件_按正文一级章节拆分_20260727\PL040_佛山市海川塑料制品有限公司新建项目_01_受理公告或公示版\03_二、建设项目工程分析.md,2,228
E:\华南理工项目\环评文件汇总\01_GitHub项目与研究文档\eia-openclaw-sync-chen2026\05_QA测试集\人工核查_环评报告出处整理_20260715\环评报告文件_按问答顺序\PL040_佛山市海川塑料制品有限公司新建项目_01_受理公告或公示版.pdf,PL040_佛山市海川塑料制品有限公司新建项目_01_受理公告或公示版.pdf,.pdf,pdf_pypdf,4,四、 主要环境影响和保护措施 ....................................................................................................... 24,E:\华南理工项目\环评文件汇总\01_GitHub项目与研究文档\eia-openclaw-sync-chen2026\05_QA测试集\人工核查_环评报告出处整理_20260715\环评报告文件_按正文一级章节拆分_20260727\PL040_佛山市海川塑料制品有限公司新建项目_01_受理公告或公示版\04_四、_主要环境影响和保护措施.md,1,122
E:\华南理工项目\环评文件汇总\01_GitHub项目与研究文档\eia-openclaw-sync-chen2026\05_QA测试集\人工核查_环评报告出处整理_20260715\环评报告文件_按问答顺序\PL040_佛山市海川塑料制品有限公司新建项目_01_受理公告或公示版.pdf,PL040_佛山市海川塑料制品有限公司新建项目_01_受理公告或公示版.pdf,.pdf,pdf_pypdf,5,五、环境保护措施监督检查清单 ..................................................................................................... 44,E:\华南理工项目\环评文件汇总\01_GitHub项目与研究文档\eia-openclaw-sync-chen2026\05_QA测试集\人工核查_环评报告出处整理_20260715\环评报告文件_按正文一级章节拆分_20260727\PL040_佛山市海川塑料制品有限公司新建项目_01_受理公告或公示版\05_五、环境保护措施监督检查清单.md,1,120
E:\华南理工项目\环评文件汇总\01_GitHub项目与研究文档\eia-openclaw-sync-chen2026\05_QA测试集\人工核查_环评报告出处整理_20260715\环评报告文件_按问答顺序\PL040_佛山市海川塑料制品有限公司新建项目_01_受理公告或公示版.pdf,PL040_佛山市海川塑料制品有限公司新建项目_01_受理公告或公示版.pdf,.pdf,pdf_pypdf,6,六、结论 ............................................................................................................................................. 47,E:\华南理工项目\环评文件汇总\01_GitHub项目与研究文档\eia-openclaw-sync-chen2026\05_QA测试集\人工核查_环评报告出处整理_20260715\环评报告文件_按正文一级章节拆分_20260727\PL040_佛山市海川塑料制品有限公司新建项目_01_受理公告或公示版\06_六、结论.md,2,273
E:\华南理工项目\环评文件汇总\01_GitHub项目与研究文档\eia-openclaw-sync-chen2026\05_QA测试集\人工核查_环评报告出处整理_20260715\环评报告文件_按问答顺序\PL040_佛山市海川塑料制品有限公司新建项目_01_受理公告或公示版.pdf,PL040_佛山市海川塑料制品有限公司新建项目_01_受理公告或公示版.pdf,.pdf,pdf_pypdf,7,附表附图附件,E:\华南理工项目\环评文件汇总\01_GitHub项目与研究文档\eia-openclaw-sync-chen2026\05_QA测试集\人工核查_环评报告出处整理_20260715\环评报告文件_按正文一级章节拆分_20260727\PL040_佛山市海川塑料制品有限公司新建项目_01_受理公告或公示版\07_附表附图附件.md,18,1960
E:\华南理工项目\环评文件汇总\01_GitHub项目与研究文档\eia-openclaw-sync-chen2026\05_QA测试集\人工核查_环评报告出处整理_20260715\环评报告文件_按问答顺序\PL040_佛山市海川塑料制品有限公司新建项目_01_受理公告或公示版.pdf,PL040_佛山市海川塑料制品有限公司新建项目_01_受理公告或公示版.pdf,.pdf,pdf_pypdf,8,一、建设项目基本情况,E:\华南理工项目\环评文件汇总\01_GitHub项目与研究文档\eia-openclaw-sync-chen2026\05_QA测试集\人工核查_环评报告出处整理_20260715\环评报告文件_按正文一级章节拆分_20260727\PL040_佛山市海川塑料制品有限公司新建项目_01_受理公告或公示版\08_一、建设项目基本情况.md,688,12535
E:\华南理工项目\环评文件汇总\01_GitHub项目与研究文档\eia-openclaw-sync-chen2026\05_QA测试集\人工核查_环评报告出处整理_20260715\环评报告文件_按问答顺序\PL040_佛山市海川塑料制品有限公司新建项目_01_受理公告或公示版.pdf,PL040_佛山市海川塑料制品有限公司新建项目_01_受理公告或公示版.pdf,.pdf,pdf_pypdf,9,二、建设项目工程分析,E:\华南理工项目\环评文件汇总\01_GitHub项目与研究文档\eia-openclaw-sync-chen2026\05_QA测试集\人工核查_环评报告出处整理_20260715\环评报告文件_按正文一级章节拆分_20260727\PL040_佛山市海川塑料制品有限公司新建项目_01_受理公告或公示版\09_二、建设项目工程分析.md,294,5688
E:\华南理工项目\环评文件汇总\01_GitHub项目与研究文档\eia-openclaw-sync-chen2026\05_QA测试集\人工核查_环评报告出处整理_20260715\环评报告文件_按问答顺序\PL040_佛山市海川塑料制品有限公司新建项目_01_受理公告或公示版.pdf,PL040_佛山市海川塑料制品有限公司新建项目_01_受理公告或公示版.pdf,.pdf,pdf_pypdf,10,三、区域环境质量现状、环境保护目标及评价标准,E:\华南理工项目\环评文件汇总\01_GitHub项目与研究文档\eia-openclaw-sync-chen2026\05_QA测试集\人工核查_环评报告出处整理_20260715\环评报告文件_按正文一级章节拆分_20260727\PL040_佛山市海川塑料制品有限公司新建项目_01_受理公告或公示版\10_三、区域环境质量现状、环境保护目标及评价标准.md,207,4420
E:\华南理工项目\环评文件汇总\01_GitHub项目与研究文档\eia-openclaw-sync-chen2026\05_QA测试集\人工核查_环评报告出处整理_20260715\环评报告文件_按问答顺序\PL040_佛山市海川塑料制品有限公司新建项目_01_受理公告或公示版.pdf,PL040_佛山市海川塑料制品有限公司新建项目_01_受理公告或公示版.pdf,.pdf,pdf_pypdf,11,四、主要环境影响和保护措施,E:\华南理工项目\环评文件汇总\01_GitHub项目与研究文档\eia-openclaw-sync-chen2026\05_QA测试集\人工核查_环评报告出处整理_20260715\环评报告文件_按正文一级章节拆分_20260727\PL040_佛山市海川塑料制品有限公司新建项目_01_受理公告或公示版\11_四、主要环境影响和保护措施.md,1176,22093
E:\华南理工项目\环评文件汇总\01_GitHub项目与研究文档\eia-openclaw-sync-chen2026\05_QA测试集\人工核查_环评报告出处整理_20260715\环评报告文件_按问答顺序\PL040_佛山市海川塑料制品有限公司新建项目_01_受理公告或公示版.pdf,PL040_佛山市海川塑料制品有限公司新建项目_01_受理公告或公示版.pdf,.pdf,pdf_pypdf,12,五、环境保护措施监督检查清单,E:\华南理工项目\环评文件汇总\01_GitHub项目与研究文档\eia-openclaw-sync-chen2026\05_QA测试集\人工核查_环评报告出处整理_20260715\环评报告文件_按正文一级章节拆分_20260727\PL040_佛山市海川塑料制品有限公司新建项目_01_受理公告或公示版\12_五、环境保护措施监督检查清单.md,126,2318
E:\华南理工项目\环评文件汇总\01_GitHub项目与研究文档\eia-openclaw-sync-chen2026\05_QA测试集\人工核查_环评报告出处整理_20260715\环评报告文件_按问答顺序\PL040_佛山市海川塑料制品有限公司新建项目_01_受理公告或公示版.pdf,PL040_佛山市海川塑料制品有限公司新建项目_01_受理公告或公示版.pdf,.pdf,pdf_pypdf,13,六、结论,E:\华南理工项目\环评文件汇总\01_GitHub项目与研究文档\eia-openclaw-sync-chen2026\05_QA测试集\人工核查_环评报告出处整理_20260715\环评报告文件_按正文一级章节拆分_20260727\PL040_佛山市海川塑料制品有限公司新建项目_01_受理公告或公示版\13_六、结论.md,7,208
E:\华南理工项目\环评文件汇总\01_GitHub项目与研究文档\eia-openclaw-sync-chen2026\05_QA测试集\人工核查_环评报告出处整理_20260715\环评报告文件_按问答顺序\PL040_佛山市海川塑料制品有限公司新建项目_01_受理公告或公示版.pdf,PL040_佛山市海川塑料制品有限公司新建项目_01_受理公告或公示版.pdf,.pdf,pdf_pypdf,14,附表附图附件,E:\华南理工项目\环评文件汇总\01_GitHub项目与研究文档\eia-openclaw-sync-chen2026\05_QA测试集\人工核查_环评报告出处整理_20260715\环评报告文件_按正文一级章节拆分_20260727\PL040_佛山市海川塑料制品有限公司新建项目_01_受理公告或公示版\14_附表附图附件.md,85,1458
E:\华南理工项目\环评文件汇总\01_GitHub项目与研究文档\eia-openclaw-sync-chen2026\05_QA测试集\人工核查_环评报告出处整理_20260715\环评报告文件_按问答顺序\PL041_佛山市创灏五金塑料有限公司年产塑料制品1250万件迁改扩建项目_01_受理公告或公示版.pdf,PL041_佛山市创灏五金塑料有限公司年产塑料制品1250万件迁改扩建项目_01_受理公告或公示版.pdf,.pdf,pdf_pypdf,1,封面及目录,E:\华南理工项目\环评文件汇总\01_GitHub项目与研究文档\eia-openclaw-sync-chen2026\05_QA测试集\人工核查_环评报告出处整理_20260715\环评报告文件_按正文一级章节拆分_20260727\PL041_佛山市创灏五金塑料有限公司年产塑料制品1250万件迁改扩建项目_01_受理公告或公示版\01_封面及目录.md,2,24
E:\华南理工项目\环评文件汇总\01_GitHub项目与研究文档\eia-openclaw-sync-chen2026\05_QA测试集\人工核查_环评报告出处整理_20260715\环评报告文件_按问答顺序\PL041_佛山市创灏五金塑料有限公司年产塑料制品1250万件迁改扩建项目_01_受理公告或公示版.pdf,PL041_佛山市创灏五金塑料有限公司年产塑料制品1250万件迁改扩建项目_01_受理公告或公示版.pdf,.pdf,pdf_pypdf,2,一、建设项目基本情况 ....................................................................................................................... 1,E:\华南理工项目\环评文件汇总\01_GitHub项目与研究文档\eia-openclaw-sync-chen2026\05_QA测试集\人工核查_环评报告出处整理_20260715\环评报告文件_按正文一级章节拆分_20260727\PL041_佛山市创灏五金塑料有限公司年产塑料制品1250万件迁改扩建项目_01_受理公告或公示版\02_一、建设项目基本情况.md,1,133
E:\华南理工项目\环评文件汇总\01_GitHub项目与研究文档\eia-openclaw-sync-chen2026\05_QA测试集\人工核查_环评报告出处整理_20260715\环评报告文件_按问答顺序\PL041_佛山市创灏五金塑料有限公司年产塑料制品1250万件迁改扩建项目_01_受理公告或公示版.pdf,PL041_佛山市创灏五金塑料有限公司年产塑料制品1250万件迁改扩建项目_01_受理公告或公示版.pdf,.pdf,pdf_pypdf,3,二、建设项目工程分析 ..................................................................................................................... 15,E:\华南理工项目\环评文件汇总\01_GitHub项目与研究文档\eia-openclaw-sync-chen2026\05_QA测试集\人工核查_环评报告出处整理_20260715\环评报告文件_按正文一级章节拆分_20260727\PL041_佛山市创灏五金塑料有限公司年产塑料制品1250万件迁改扩建项目_01_受理公告或公示版\03_二、建设项目工程分析.md,2,228
E:\华南理工项目\环评文件汇总\01_GitHub项目与研究文档\eia-openclaw-sync-chen2026\05_QA测试集\人工核查_环评报告出处整理_20260715\环评报告文件_按问答顺序\PL041_佛山市创灏五金塑料有限公司年产塑料制品1250万件迁改扩建项目_01_受理公告或公示版.pdf,PL041_佛山市创灏五金塑料有限公司年产塑料制品1250万件迁改扩建项目_01_受理公告或公示版.pdf,.pdf,pdf_pypdf,4,四、主要环境影响和保护措施 ......................................................................................................... 35,E:\华南理工项目\环评文件汇总\01_GitHub项目与研究文档\eia-openclaw-sync-chen2026\05_QA测试集\人工核查_环评报告出处整理_20260715\环评报告文件_按正文一级章节拆分_20260727\PL041_佛山市创灏五金塑料有限公司年产塑料制品1250万件迁改扩建项目_01_受理公告或公示版\04_四、主要环境影响和保护措施.md,1,123
E:\华南理工项目\环评文件汇总\01_GitHub项目与研究文档\eia-openclaw-sync-chen2026\05_QA测试集\人工核查_环评报告出处整理_20260715\环评报告文件_按问答顺序\PL041_佛山市创灏五金塑料有限公司年产塑料制品1250万件迁改扩建项目_01_受理公告或公示版.pdf,PL041_佛山市创灏五金塑料有限公司年产塑料制品1250万件迁改扩建项目_01_受理公告或公示版.pdf,.pdf,pdf_pypdf,5,五、环境保护措施监督检查清单 ..................................................................................................... 64,E:\华南理工项目\环评文件汇总\01_GitHub项目与研究文档\eia-openclaw-sync-chen2026\05_QA测试集\人工核查_环评报告出处整理_20260715\环评报告文件_按正文一级章节拆分_20260727\PL041_佛山市创灏五金塑料有限公司年产塑料制品1250万件迁改扩建项目_01_受理公告或公示版\05_五、环境保护措施监督检查清单.md,1,120
E:\华南理工项目\环评文件汇总\01_GitHub项目与研究文档\eia-openclaw-sync-chen2026\05_QA测试集\人工核查_环评报告出处整理_20260715\环评报告文件_按问答顺序\PL041_佛山市创灏五金塑料有限公司年产塑料制品1250万件迁改扩建项目_01_受理公告或公示版.pdf,PL041_佛山市创灏五金塑料有限公司年产塑料制品1250万件迁改扩建项目_01_受理公告或公示版.pdf,.pdf,pdf_pypdf,6,六、结论 ............................................................................................................................................. 66,E:\华南理工项目\环评文件汇总\01_GitHub项目与研究文档\eia-openclaw-sync-chen2026\05_QA测试集\人工核查_环评报告出处整理_20260715\环评报告文件_按正文一级章节拆分_20260727\PL041_佛山市创灏五金塑料有限公司年产塑料制品1250万件迁改扩建项目_01_受理公告或公示版\06_六、结论.md,1,150
E:\华南理工项目\环评文件汇总\01_GitHub项目与研究文档\eia-openclaw-sync-chen2026\05_QA测试集\人工核查_环评报告出处整理_20260715\环评报告文件_按问答顺序\PL041_佛山市创灏五金塑料有限公司年产塑料制品1250万件迁改扩建项目_01_受理公告或公示版.pdf,PL041_佛山市创灏五金塑料有限公司年产塑料制品1250万件迁改扩建项目_01_受理公告或公示版.pdf,.pdf,pdf_pypdf,7,附表附图附件,E:\华南理工项目\环评文件汇总\01_GitHub项目与研究文档\eia-openclaw-sync-chen2026\05_QA测试集\人工核查_环评报告出处整理_20260715\环评报告文件_按正文一级章节拆分_20260727\PL041_佛山市创灏五金塑料有限公司年产塑料制品1250万件迁改扩建项目_01_受理公告或公示版\07_附表附图附件.md,31,3363
E:\华南理工项目\环评文件汇总\01_GitHub项目与研究文档\eia-openclaw-sync-chen2026\05_QA测试集\人工核查_环评报告出处整理_20260715\环评报告文件_按问答顺序\PL041_佛山市创灏五金塑料有限公司年产塑料制品1250万件迁改扩建项目_01_受理公告或公示版.pdf,PL041_佛山市创灏五金塑料有限公司年产塑料制品1250万件迁改扩建项目_01_受理公告或公示版.pdf,.pdf,pdf_pypdf,8,一、建设项目基本情况,E:\华南理工项目\环评文件汇总\01_GitHub项目与研究文档\eia-openclaw-sync-chen2026\05_QA测试集\人工核查_环评报告出处整理_20260715\环评报告文件_按正文一级章节拆分_20260727\PL041_佛山市创灏五金塑料有限公司年产塑料制品1250万件迁改扩建项目_01_受理公告或公示版\08_一、建设项目基本情况.md,931,15166
E:\华南理工项目\环评文件汇总\01_GitHub项目与研究文档\eia-openclaw-sync-chen2026\05_QA测试集\人工核查_环评报告出处整理_20260715\环评报告文件_按问答顺序\PL041_佛山市创灏五金塑料有限公司年产塑料制品1250万件迁改扩建项目_01_受理公告或公示版.pdf,PL041_佛山市创灏五金塑料有限公司年产塑料制品1250万件迁改扩建项目_01_受理公告或公示版.pdf,.pdf,pdf_pypdf,9,二、建设项目工程分析,E:\华南理工项目\环评文件汇总\01_GitHub项目与研究文档\eia-openclaw-sync-chen2026\05_QA测试集\人工核查_环评报告出处整理_20260715\环评报告文件_按正文一级章节拆分_20260727\PL041_佛山市创灏五金塑料有限公司年产塑料制品1250万件迁改扩建项目_01_受理公告或公示版\09_二、建设项目工程分析.md,782,11375
E:\华南理工项目\环评文件汇总\01_GitHub项目与研究文档\eia-openclaw-sync-chen2026\05_QA测试集\人工核查_环评报告出处整理_20260715\环评报告文件_按问答顺序\PL041_佛山市创灏五金塑料有限公司年产塑料制品1250万件迁改扩建项目_01_受理公告或公示版.pdf,PL041_佛山市创灏五金塑料有限公司年产塑料制品1250万件迁改扩建项目_01_受理公告或公示版.pdf,.pdf,pdf_pypdf,10,三、区域环境质量现状、环境保护目标及评价标准,E:\华南理工项目\环评文件汇总\01_GitHub项目与研究文档\eia-openclaw-sync-chen2026\05_QA测试集\人工核查_环评报告出处整理_20260715\环评报告文件_按正文一级章节拆分_20260727\PL041_佛山市创灏五金塑料有限公司年产塑料制品1250万件迁改扩建项目_01_受理公告或公示版\10_三、区域环境质量现状、环境保护目标及评价标准.md,15,235
E:\华南理工项目\环评文件汇总\01_GitHub项目与研究文档\eia-openclaw-sync-chen2026\05_QA测试集\人工核查_环评报告出处整理_20260715\环评报告文件_按问答顺序\PL041_佛山市创灏五金塑料有限公司年产塑料制品1250万件迁改扩建项目_01_受理公告或公示版.pdf,PL041_佛山市创灏五金塑料有限公司年产塑料制品1250万件迁改扩建项目_01_受理公告或公示版.pdf,.pdf,pdf_pypdf,11,附表附图附件,E:\华南理工项目\环评文件汇总\01_GitHub项目与研究文档\eia-openclaw-sync-chen2026\05_QA测试集\人工核查_环评报告出处整理_20260715\环评报告文件_按正文一级章节拆分_20260727\PL041_佛山市创灏五金塑料有限公司年产塑料制品1250万件迁改扩建项目_01_受理公告或公示版\11_附表附图附件.md,254,4565
,,,,0,,E:\华南理工项目\环评文件汇总\01_GitHub项目与研究文档\eia-openclaw-sync-chen2026\05_QA测试集\人工核查_环评报告出处整理_20260715\环评报告文件_按正文一级章节拆分_20260727\PL041_佛山市创灏五金塑料有限公司年产塑料制品1250万件迁改扩建项目_01_受理公告或公示版\12_四、主要环境影响和保护措施.md,0,0
E:\华南理工项目\环评文件汇总\01_GitHub项目与研究文档\eia-openclaw-sync-chen2026\05_QA测试集\人工核查_环评报告出处整理_20260715\环评报告文件_按问答顺序\PL042_佛山市顺德区夏瑞塑胶有限公司迁扩建项目_01_受理公告或公示版.pdf,PL042_佛山市顺德区夏瑞塑胶有限公司迁扩建项目_01_受理公告或公示版.pdf,.pdf,pdf_pypdf,1,封面及目录,E:\华南理工项目\环评文件汇总\01_GitHub项目与研究文档\eia-openclaw-sync-chen2026\05_QA测试集\人工核查_环评报告出处整理_20260715\环评报告文件_按正文一级章节拆分_20260727\PL042_佛山市顺德区夏瑞塑胶有限公司迁扩建项目_01_受理公告或公示版\01_封面及目录.md,2,24
E:\华南理工项目\环评文件汇总\01_GitHub项目与研究文档\eia-openclaw-sync-chen2026\05_QA测试集\人工核查_环评报告出处整理_20260715\环评报告文件_按问答顺序\PL042_佛山市顺德区夏瑞塑胶有限公司迁扩建项目_01_受理公告或公示版.pdf,PL042_佛山市顺德区夏瑞塑胶有限公司迁扩建项目_01_受理公告或公示版.pdf,.pdf,pdf_pypdf,2,一、建设项目基本情况 ............................................................................................................ 1,E:\华南理工项目\环评文件汇总\01_GitHub项目与研究文档\eia-openclaw-sync-chen2026\05_QA测试集\人工核查_环评报告出处整理_20260715\环评报告文件_按正文一级章节拆分_20260727\PL042_佛山市顺德区夏瑞塑胶有限公司迁扩建项目_01_受理公告或公示版\02_一、建设项目基本情况.md,1,122
E:\华南理工项目\环评文件汇总\01_GitHub项目与研究文档\eia-openclaw-sync-chen2026\05_QA测试集\人工核查_环评报告出处整理_20260715\环评报告文件_按问答顺序\PL042_佛山市顺德区夏瑞塑胶有限公司迁扩建项目_01_受理公告或公示版.pdf,PL042_佛山市顺德区夏瑞塑胶有限公司迁扩建项目_01_受理公告或公示版.pdf,.pdf,pdf_pypdf,3,二、建设项目工程分析 .......................................................................................................... 11,E:\华南理工项目\环评文件汇总\01_GitHub项目与研究文档\eia-openclaw-sync-chen2026\05_QA测试集\人工核查_环评报告出处整理_20260715\环评报告文件_按正文一级章节拆分_20260727\PL042_佛山市顺德区夏瑞塑胶有限公司迁扩建项目_01_受理公告或公示版\03_二、建设项目工程分析.md,2,206
E:\华南理工项目\环评文件汇总\01_GitHub项目与研究文档\eia-openclaw-sync-chen2026\05_QA测试集\人工核查_环评报告出处整理_20260715\环评报告文件_按问答顺序\PL042_佛山市顺德区夏瑞塑胶有限公司迁扩建项目_01_受理公告或公示版.pdf,PL042_佛山市顺德区夏瑞塑胶有限公司迁扩建项目_01_受理公告或公示版.pdf,.pdf,pdf_pypdf,4,四、主要环境影响和保护措施 .............................................................................................. 33,E:\华南理工项目\环评文件汇总\01_GitHub项目与研究文档\eia-openclaw-sync-chen2026\05_QA测试集\人工核查_环评报告出处整理_20260715\环评报告文件_按正文一级章节拆分_20260727\PL042_佛山市顺德区夏瑞塑胶有限公司迁扩建项目_01_受理公告或公示版\04_四、主要环境影响和保护措施.md,1,112
E:\华南理工项目\环评文件汇总\01_GitHub项目与研究文档\eia-openclaw-sync-chen2026\05_QA测试集\人工核查_环评报告出处整理_20260715\环评报告文件_按问答顺序\PL042_佛山市顺德区夏瑞塑胶有限公司迁扩建项目_01_受理公告或公示版.pdf,PL042_佛山市顺德区夏瑞塑胶有限公司迁扩建项目_01_受理公告或公示版.pdf,.pdf,pdf_pypdf,5,五、环境保护措施监督检查清单 .......................................................................................... 55,E:\华南理工项目\环评文件汇总\01_GitHub项目与研究文档\eia-openclaw-sync-chen2026\05_QA测试集\人工核查_环评报告出处整理_20260715\环评报告文件_按正文一级章节拆分_20260727\PL042_佛山市顺德区夏瑞塑胶有限公司迁扩建项目_01_受理公告或公示版\05_五、环境保护措施监督检查清单.md,1,109
E:\华南理工项目\环评文件汇总\01_GitHub项目与研究文档\eia-openclaw-sync-chen2026\05_QA测试集\人工核查_环评报告出处整理_20260715\环评报告文件_按问答顺序\PL042_佛山市顺德区夏瑞塑胶有限公司迁扩建项目_01_受理公告或公示版.pdf,PL042_佛山市顺德区夏瑞塑胶有限公司迁扩建项目_01_受理公告或公示版.pdf,.pdf,pdf_pypdf,6,六、结论 .................................................................................................................................. 59,E:\华南理工项目\环评文件汇总\01_GitHub项目与研究文档\eia-openclaw-sync-chen2026\05_QA测试集\人工核查_环评报告出处整理_20260715\环评报告文件_按正文一级章节拆分_20260727\PL042_佛山市顺德区夏瑞塑胶有限公司迁扩建项目_01_受理公告或公示版\06_六、结论.md,1,139
E:\华南理工项目\环评文件汇总\01_GitHub项目与研究文档\eia-openclaw-sync-chen2026\05_QA测试集\人工核查_环评报告出处整理_20260715\环评报告文件_按问答顺序\PL042_佛山市顺德区夏瑞塑胶有限公司迁扩建项目_01_受理公告或公示版.pdf,PL042_佛山市顺德区夏瑞塑胶有限公司迁扩建项目_01_受理公告或公示版.pdf,.pdf,pdf_pypdf,7,附表附图附件,E:\华南理工项目\环评文件汇总\01_GitHub项目与研究文档\eia-openclaw-sync-chen2026\05_QA测试集\人工核查_环评报告出处整理_20260715\环评报告文件_按正文一级章节拆分_20260727\PL042_佛山市顺德区夏瑞塑胶有限公司迁扩建项目_01_受理公告或公示版\07_附表附图附件.md,19,1946
E:\华南理工项目\环评文件汇总\01_GitHub项目与研究文档\eia-openclaw-sync-chen2026\05_QA测试集\人工核查_环评报告出处整理_20260715\环评报告文件_按问答顺序\PL042_佛山市顺德区夏瑞塑胶有限公司迁扩建项目_01_受理公告或公示版.pdf,PL042_佛山市顺德区夏瑞塑胶有限公司迁扩建项目_01_受理公告或公示版.pdf,.pdf,pdf_pypdf,8,一、建设项目基本情况,E:\华南理工项目\环评文件汇总\01_GitHub项目与研究文档\eia-openclaw-sync-chen2026\05_QA测试集\人工核查_环评报告出处整理_20260715\环评报告文件_按正文一级章节拆分_20260727\PL042_佛山市顺德区夏瑞塑胶有限公司迁扩建项目_01_受理公告或公示版\08_一、建设项目基本情况.md,797,10639
E:\华南理工项目\环评文件汇总\01_GitHub项目与研究文档\eia-openclaw-sync-chen2026\05_QA测试集\人工核查_环评报告出处整理_20260715\环评报告文件_按问答顺序\PL042_佛山市顺德区夏瑞塑胶有限公司迁扩建项目_01_受理公告或公示版.pdf,PL042_佛山市顺德区夏瑞塑胶有限公司迁扩建项目_01_受理公告或公示版.pdf,.pdf,pdf_pypdf,9,二、建设项目工程分析,E:\华南理工项目\环评文件汇总\01_GitHub项目与研究文档\eia-openclaw-sync-chen2026\05_QA测试集\人工核查_环评报告出处整理_20260715\环评报告文件_按正文一级章节拆分_20260727\PL042_佛山市顺德区夏瑞塑胶有限公司迁扩建项目_01_受理公告或公示版\09_二、建设项目工程分析.md,862,12536
E:\华南理工项目\环评文件汇总\01_GitHub项目与研究文档\eia-openclaw-sync-chen2026\05_QA测试集\人工核查_环评报告出处整理_20260715\环评报告文件_按问答顺序\PL042_佛山市顺德区夏瑞塑胶有限公司迁扩建项目_01_受理公告或公示版.pdf,PL042_佛山市顺德区夏瑞塑胶有限公司迁扩建项目_01_受理公告或公示版.pdf,.pdf,pdf_pypdf,10,三、区域环境质量现状、环境保护目标及评价标准,E:\华南理工项目\环评文件汇总\01_GitHub项目与研究文档\eia-openclaw-sync-chen2026\05_QA测试集\人工核查_环评报告出处整理_20260715\环评报告文件_按正文一级章节拆分_20260727\PL042_佛山市顺德区夏瑞塑胶有限公司迁扩建项目_01_受理公告或公示版\10_三、区域环境质量现状、环境保护目标及评价标准.md,231,4409
E:\华南理工项目\环评文件汇总\01_GitHub项目与研究文档\eia-openclaw-sync-chen2026\05_QA测试集\人工核查_环评报告出处整理_20260715\环评报告文件_按问答顺序\PL042_佛山市顺德区夏瑞塑胶有限公司迁扩建项目_01_受理公告或公示版.pdf,PL042_佛山市顺德区夏瑞塑胶有限公司迁扩建项目_01_受理公告或公示版.pdf,.pdf,pdf_pypdf,11,四、主要环境影响和保护措施,E:\华南理工项目\环评文件汇总\01_GitHub项目与研究文档\eia-openclaw-sync-chen2026\05_QA测试集\人工核查_环评报告出处整理_20260715\环评报告文件_按正文一级章节拆分_20260727\PL042_佛山市顺德区夏瑞塑胶有限公司迁扩建项目_01_受理公告或公示版\11_四、主要环境影响和保护措施.md,1207,19501
E:\华南理工项目\环评文件汇总\01_GitHub项目与研究文档\eia-openclaw-sync-chen2026\05_QA测试集\人工核查_环评报告出处整理_20260715\环评报告文件_按问答顺序\PL042_佛山市顺德区夏瑞塑胶有限公司迁扩建项目_01_受理公告或公示版.pdf,PL042_佛山市顺德区夏瑞塑胶有限公司迁扩建项目_01_受理公告或公示版.pdf,.pdf,pdf_pypdf,12,五、环境保护措施监督检查清单,E:\华南理工项目\环评文件汇总\01_GitHub项目与研究文档\eia-openclaw-sync-chen2026\05_QA测试集\人工核查_环评报告出处整理_20260715\环评报告文件_按正文一级章节拆分_20260727\PL042_佛山市顺德区夏瑞塑胶有限公司迁扩建项目_01_受理公告或公示版\12_五、环境保护措施监督检查清单.md,199,3236
E:\华南理工项目\环评文件汇总\01_GitHub项目与研究文档\eia-openclaw-sync-chen2026\05_QA测试集\人工核查_环评报告出处整理_20260715\环评报告文件_按问答顺序\PL042_佛山市顺德区夏瑞塑胶有限公司迁扩建项目_01_受理公告或公示版.pdf,PL042_佛山市顺德区夏瑞塑胶有限公司迁扩建项目_01_受理公告或公示版.pdf,.pdf,pdf_pypdf,13,六、结论,E:\华南理工项目\环评文件汇总\01_GitHub项目与研究文档\eia-openclaw-sync-chen2026\05_QA测试集\人工核查_环评报告出处整理_20260715\环评报告文件_按正文一级章节拆分_20260727\PL042_佛山市顺德区夏瑞塑胶有限公司迁扩建项目_01_受理公告或公示版\13_六、结论.md,12,323
E:\华南理工项目\环评文件汇总\01_GitHub项目与研究文档\eia-openclaw-sync-chen2026\05_QA测试集\人工核查_环评报告出处整理_20260715\环评报告文件_按问答顺序\PL042_佛山市顺德区夏瑞塑胶有限公司迁扩建项目_01_受理公告或公示版.pdf,PL042_佛山市顺德区夏瑞塑胶有限公司迁扩建项目_01_受理公告或公示版.pdf,.pdf,pdf_pypdf,14,附表附图附件,E:\华南理工项目\环评文件汇总\01_GitHub项目与研究文档\eia-openclaw-sync-chen2026\05_QA测试集\人工核查_环评报告出处整理_20260715\环评报告文件_按正文一级章节拆分_20260727\PL042_佛山市顺德区夏瑞塑胶有限公司迁扩建项目_01_受理公告或公示版\14_附表附图附件.md,115,1462
E:\华南理工项目\环评文件汇总\01_GitHub项目与研究文档\eia-openclaw-sync-chen2026\05_QA测试集\人工核查_环评报告出处整理_20260715\环评报告文件_按问答顺序\PL043_佛山市益旭电器有限公司新建项目_01_受理公告或公示版.pdf,PL043_佛山市益旭电器有限公司新建项目_01_受理公告或公示版.pdf,.pdf,pdf_pypdf,1,封面及目录,E:\华南理工项目\环评文件汇总\01_GitHub项目与研究文档\eia-openclaw-sync-chen2026\05_QA测试集\人工核查_环评报告出处整理_20260715\环评报告文件_按正文一级章节拆分_20260727\PL043_佛山市益旭电器有限公司新建项目_01_受理公告或公示版\01_封面及目录.md,2,25
E:\华南理工项目\环评文件汇总\01_GitHub项目与研究文档\eia-openclaw-sync-chen2026\05_QA测试集\人工核查_环评报告出处整理_20260715\环评报告文件_按问答顺序\PL043_佛山市益旭电器有限公司新建项目_01_受理公告或公示版.pdf,PL043_佛山市益旭电器有限公司新建项目_01_受理公告或公示版.pdf,.pdf,pdf_pypdf,2,一、建设项目基本情况 ............................................................................................................ 1,E:\华南理工项目\环评文件汇总\01_GitHub项目与研究文档\eia-openclaw-sync-chen2026\05_QA测试集\人工核查_环评报告出处整理_20260715\环评报告文件_按正文一级章节拆分_20260727\PL043_佛山市益旭电器有限公司新建项目_01_受理公告或公示版\02_一、建设项目基本情况.md,1,122
E:\华南理工项目\环评文件汇总\01_GitHub项目与研究文档\eia-openclaw-sync-chen2026\05_QA测试集\人工核查_环评报告出处整理_20260715\环评报告文件_按问答顺序\PL043_佛山市益旭电器有限公司新建项目_01_受理公告或公示版.pdf,PL043_佛山市益旭电器有限公司新建项目_01_受理公告或公示版.pdf,.pdf,pdf_pypdf,3,二、建设项目工程分析 .......................................................................................................... 13,E:\华南理工项目\环评文件汇总\01_GitHub项目与研究文档\eia-openclaw-sync-chen2026\05_QA测试集\人工核查_环评报告出处整理_20260715\环评报告文件_按正文一级章节拆分_20260727\PL043_佛山市益旭电器有限公司新建项目_01_受理公告或公示版\03_二、建设项目工程分析.md,3,320
E:\华南理工项目\环评文件汇总\01_GitHub项目与研究文档\eia-openclaw-sync-chen2026\05_QA测试集\人工核查_环评报告出处整理_20260715\环评报告文件_按问答顺序\PL043_佛山市益旭电器有限公司新建项目_01_受理公告或公示版.pdf,PL043_佛山市益旭电器有限公司新建项目_01_受理公告或公示版.pdf,.pdf,pdf_pypdf,4,五、环境保护措施监督检查清单 .......................................................................................... 57,E:\华南理工项目\环评文件汇总\01_GitHub项目与研究文档\eia-openclaw-sync-chen2026\05_QA测试集\人工核查_环评报告出处整理_20260715\环评报告文件_按正文一级章节拆分_20260727\PL043_佛山市益旭电器有限公司新建项目_01_受理公告或公示版\04_五、环境保护措施监督检查清单.md,1,109
E:\华南理工项目\环评文件汇总\01_GitHub项目与研究文档\eia-openclaw-sync-chen2026\05_QA测试集\人工核查_环评报告出处整理_20260715\环评报告文件_按问答顺序\PL043_佛山市益旭电器有限公司新建项目_01_受理公告或公示版.pdf,PL043_佛山市益旭电器有限公司新建项目_01_受理公告或公示版.pdf,.pdf,pdf_pypdf,5,六、结论 .................................................................................................................................. 60,E:\华南理工项目\环评文件汇总\01_GitHub项目与研究文档\eia-openclaw-sync-chen2026\05_QA测试集\人工核查_环评报告出处整理_20260715\环评报告文件_按正文一级章节拆分_20260727\PL043_佛山市益旭电器有限公司新建项目_01_受理公告或公示版\05_六、结论.md,1,139
E:\华南理工项目\环评文件汇总\01_GitHub项目与研究文档\eia-openclaw-sync-chen2026\05_QA测试集\人工核查_环评报告出处整理_20260715\环评报告文件_按问答顺序\PL043_佛山市益旭电器有限公司新建项目_01_受理公告或公示版.pdf,PL043_佛山市益旭电器有限公司新建项目_01_受理公告或公示版.pdf,.pdf,pdf_pypdf,6,附表附图附件,E:\华南理工项目\环评文件汇总\01_GitHub项目与研究文档\eia-openclaw-sync-chen2026\05_QA测试集\人工核查_环评报告出处整理_20260715\环评报告文件_按正文一级章节拆分_20260727\PL043_佛山市益旭电器有限公司新建项目_01_受理公告或公示版\06_附表附图附件.md,21,325
E:\华南理工项目\环评文件汇总\01_GitHub项目与研究文档\eia-openclaw-sync-chen2026\05_QA测试集\人工核查_环评报告出处整理_20260715\环评报告文件_按问答顺序\PL043_佛山市益旭电器有限公司新建项目_01_受理公告或公示版.pdf,PL043_佛山市益旭电器有限公司新建项目_01_受理公告或公示版.pdf,.pdf,pdf_pypdf,7,一、建设项目基本情况,E:\华南理工项目\环评文件汇总\01_GitHub项目与研究文档\eia-openclaw-sync-chen2026\05_QA测试集\人工核查_环评报告出处整理_20260715\环评报告文件_按正文一级章节拆分_20260727\PL043_佛山市益旭电器有限公司新建项目_01_受理公告或公示版\07_一、建设项目基本情况.md,855,12881
E:\华南理工项目\环评文件汇总\01_GitHub项目与研究文档\eia-openclaw-sync-chen2026\05_QA测试集\人工核查_环评报告出处整理_20260715\环评报告文件_按问答顺序\PL043_佛山市益旭电器有限公司新建项目_01_受理公告或公示版.pdf,PL043_佛山市益旭电器有限公司新建项目_01_受理公告或公示版.pdf,.pdf,pdf_pypdf,8,二、建设项目工程分析,E:\华南理工项目\环评文件汇总\01_GitHub项目与研究文档\eia-openclaw-sync-chen2026\05_QA测试集\人工核查_环评报告出处整理_20260715\环评报告文件_按正文一级章节拆分_20260727\PL043_佛山市益旭电器有限公司新建项目_01_受理公告或公示版\08_二、建设项目工程分析.md,382,7439
E:\华南理工项目\环评文件汇总\01_GitHub项目与研究文档\eia-openclaw-sync-chen2026\05_QA测试集\人工核查_环评报告出处整理_20260715\环评报告文件_按问答顺序\PL043_佛山市益旭电器有限公司新建项目_01_受理公告或公示版.pdf,PL043_佛山市益旭电器有限公司新建项目_01_受理公告或公示版.pdf,.pdf,pdf_pypdf,9,三、区域环境质量现状、环境保护目标及评价标准,E:\华南理工项目\环评文件汇总\01_GitHub项目与研究文档\eia-openclaw-sync-chen2026\05_QA测试集\人工核查_环评报告出处整理_20260715\环评报告文件_按正文一级章节拆分_20260727\PL043_佛山市益旭电器有限公司新建项目_01_受理公告或公示版\09_三、区域环境质量现状、环境保护目标及评价标准.md,259,5141
E:\华南理工项目\环评文件汇总\01_GitHub项目与研究文档\eia-openclaw-sync-chen2026\05_QA测试集\人工核查_环评报告出处整理_20260715\环评报告文件_按问答顺序\PL043_佛山市益旭电器有限公司新建项目_01_受理公告或公示版.pdf,PL043_佛山市益旭电器有限公司新建项目_01_受理公告或公示版.pdf,.pdf,pdf_pypdf,10,四、主要环境影响和保护措施,E:\华南理工项目\环评文件汇总\01_GitHub项目与研究文档\eia-openclaw-sync-chen2026\05_QA测试集\人工核查_环评报告出处整理_20260715\环评报告文件_按正文一级章节拆分_20260727\PL043_佛山市益旭电器有限公司新建项目_01_受理公告或公示版\10_四、主要环境影响和保护措施.md,1445,24319
E:\华南理工项目\环评文件汇总\01_GitHub项目与研究文档\eia-openclaw-sync-chen2026\05_QA测试集\人工核查_环评报告出处整理_20260715\环评报告文件_按问答顺序\PL043_佛山市益旭电器有限公司新建项目_01_受理公告或公示版.pdf,PL043_佛山市益旭电器有限公司新建项目_01_受理公告或公示版.pdf,.pdf,pdf_pypdf,11,五、环境保护措施监督检查清单,E:\华南理工项目\环评文件汇总\01_GitHub项目与研究文档\eia-openclaw-sync-chen2026\05_QA测试集\人工核查_环评报告出处整理_20260715\环评报告文件_按正文一级章节拆分_20260727\PL043_佛山市益旭电器有限公司新建项目_01_受理公告或公示版\11_五、环境保护措施监督检查清单.md,162,2819
E:\华南理工项目\环评文件汇总\01_GitHub项目与研究文档\eia-openclaw-sync-chen2026\05_QA测试集\人工核查_环评报告出处整理_20260715\环评报告文件_按问答顺序\PL043_佛山市益旭电器有限公司新建项目_01_受理公告或公示版.pdf,PL043_佛山市益旭电器有限公司新建项目_01_受理公告或公示版.pdf,.pdf,pdf_pypdf,12,六、结论,E:\华南理工项目\环评文件汇总\01_GitHub项目与研究文档\eia-openclaw-sync-chen2026\05_QA测试集\人工核查_环评报告出处整理_20260715\环评报告文件_按正文一级章节拆分_20260727\PL043_佛山市益旭电器有限公司新建项目_01_受理公告或公示版\12_六、结论.md,8,204
E:\华南理工项目\环评文件汇总\01_GitHub项目与研究文档\eia-openclaw-sync-chen2026\05_QA测试集\人工核查_环评报告出处整理_20260715\环评报告文件_按问答顺序\PL043_佛山市益旭电器有限公司新建项目_01_受理公告或公示版.pdf,PL043_佛山市益旭电器有限公司新建项目_01_受理公告或公示版.pdf,.pdf,pdf_pypdf,13,附表附图附件,E:\华南理工项目\环评文件汇总\01_GitHub项目与研究文档\eia-openclaw-sync-chen2026\05_QA测试集\人工核查_环评报告出处整理_20260715\环评报告文件_按正文一级章节拆分_20260727\PL043_佛山市益旭电器有限公司新建项目_01_受理公告或公示版\13_附表附图附件.md,105,1547
E:\华南理工项目\环评文件汇总\01_GitHub项目与研究文档\eia-openclaw-sync-chen2026\05_QA测试集\人工核查_环评报告出处整理_20260715\环评报告文件_按问答顺序\PL044_佛山市昇汇包装材料有限公司新建项目_01_受理公告或公示版.pdf,PL044_佛山市昇汇包装材料有限公司新建项目_01_受理公告或公示版.pdf,.pdf,pdf_pypdf,1,封面及目录,E:\华南理工项目\环评文件汇总\01_GitHub项目与研究文档\eia-openclaw-sync-chen2026\05_QA测试集\人工核查_环评报告出处整理_20260715\环评报告文件_按正文一级章节拆分_20260727\PL044_佛山市昇汇包装材料有限公司新建项目_01_受理公告或公示版\01_封面及目录.md,2,24
E:\华南理工项目\环评文件汇总\01_GitHub项目与研究文档\eia-openclaw-sync-chen2026\05_QA测试集\人工核查_环评报告出处整理_20260715\环评报告文件_按问答顺序\PL044_佛山市昇汇包装材料有限公司新建项目_01_受理公告或公示版.pdf,PL044_佛山市昇汇包装材料有限公司新建项目_01_受理公告或公示版.pdf,.pdf,pdf_pypdf,2,一、建设项目基本情况 ........................................................................................................ 1,E:\华南理工项目\环评文件汇总\01_GitHub项目与研究文档\eia-openclaw-sync-chen2026\05_QA测试集\人工核查_环评报告出处整理_20260715\环评报告文件_按正文一级章节拆分_20260727\PL044_佛山市昇汇包装材料有限公司新建项目_01_受理公告或公示版\02_一、建设项目基本情况.md,1,118
E:\华南理工项目\环评文件汇总\01_GitHub项目与研究文档\eia-openclaw-sync-chen2026\05_QA测试集\人工核查_环评报告出处整理_20260715\环评报告文件_按问答顺序\PL044_佛山市昇汇包装材料有限公司新建项目_01_受理公告或公示版.pdf,PL044_佛山市昇汇包装材料有限公司新建项目_01_受理公告或公示版.pdf,.pdf,pdf_pypdf,3,二、建设项目工程分析 .......................................................................................................11,E:\华南理工项目\环评文件汇总\01_GitHub项目与研究文档\eia-openclaw-sync-chen2026\05_QA测试集\人工核查_环评报告出处整理_20260715\环评报告文件_按正文一级章节拆分_20260727\PL044_佛山市昇汇包装材料有限公司新建项目_01_受理公告或公示版\03_二、建设项目工程分析.md,2,198
E:\华南理工项目\环评文件汇总\01_GitHub项目与研究文档\eia-openclaw-sync-chen2026\05_QA测试集\人工核查_环评报告出处整理_20260715\环评报告文件_按问答顺序\PL044_佛山市昇汇包装材料有限公司新建项目_01_受理公告或公示版.pdf,PL044_佛山市昇汇包装材料有限公司新建项目_01_受理公告或公示版.pdf,.pdf,pdf_pypdf,4,四、主要环境影响和保护措施 .......................................................................................... 26,E:\华南理工项目\环评文件汇总\01_GitHub项目与研究文档\eia-openclaw-sync-chen2026\05_QA测试集\人工核查_环评报告出处整理_20260715\环评报告文件_按正文一级章节拆分_20260727\PL044_佛山市昇汇包装材料有限公司新建项目_01_受理公告或公示版\04_四、主要环境影响和保护措施.md,1,108
E:\华南理工项目\环评文件汇总\01_GitHub项目与研究文档\eia-openclaw-sync-chen2026\05_QA测试集\人工核查_环评报告出处整理_20260715\环评报告文件_按问答顺序\PL044_佛山市昇汇包装材料有限公司新建项目_01_受理公告或公示版.pdf,PL044_佛山市昇汇包装材料有限公司新建项目_01_受理公告或公示版.pdf,.pdf,pdf_pypdf,5,五、环境保护措施监督检查清单 ...................................................................................... 49,E:\华南理工项目\环评文件汇总\01_GitHub项目与研究文档\eia-openclaw-sync-chen2026\05_QA测试集\人工核查_环评报告出处整理_20260715\环评报告文件_按正文一级章节拆分_20260727\PL044_佛山市昇汇包装材料有限公司新建项目_01_受理公告或公示版\05_五、环境保护措施监督检查清单.md,1,105
E:\华南理工项目\环评文件汇总\01_GitHub项目与研究文档\eia-openclaw-sync-chen2026\05_QA测试集\人工核查_环评报告出处整理_20260715\环评报告文件_按问答顺序\PL044_佛山市昇汇包装材料有限公司新建项目_01_受理公告或公示版.pdf,PL044_佛山市昇汇包装材料有限公司新建项目_01_受理公告或公示版.pdf,.pdf,pdf_pypdf,6,六、结论 .............................................................................................................................. 51,E:\华南理工项目\环评文件汇总\01_GitHub项目与研究文档\eia-openclaw-sync-chen2026\05_QA测试集\人工核查_环评报告出处整理_20260715\环评报告文件_按正文一级章节拆分_20260727\PL044_佛山市昇汇包装材料有限公司新建项目_01_受理公告或公示版\06_六、结论.md,1,135
E:\华南理工项目\环评文件汇总\01_GitHub项目与研究文档\eia-openclaw-sync-chen2026\05_QA测试集\人工核查_环评报告出处整理_20260715\环评报告文件_按问答顺序\PL044_佛山市昇汇包装材料有限公司新建项目_01_受理公告或公示版.pdf,PL044_佛山市昇汇包装材料有限公司新建项目_01_受理公告或公示版.pdf,.pdf,pdf_pypdf,7,附表附图附件,E:\华南理工项目\环评文件汇总\01_GitHub项目与研究文档\eia-openclaw-sync-chen2026\05_QA测试集\人工核查_环评报告出处整理_20260715\环评报告文件_按正文一级章节拆分_20260727\PL044_佛山市昇汇包装材料有限公司新建项目_01_受理公告或公示版\07_附表附图附件.md,22,348
E:\华南理工项目\环评文件汇总\01_GitHub项目与研究文档\eia-openclaw-sync-chen2026\05_QA测试集\人工核查_环评报告出处整理_20260715\环评报告文件_按问答顺序\PL044_佛山市昇汇包装材料有限公司新建项目_01_受理公告或公示版.pdf,PL044_佛山市昇汇包装材料有限公司新建项目_01_受理公告或公示版.pdf,.pdf,pdf_pypdf,8,一、建设项目基本情况,E:\华南理工项目\环评文件汇总\01_GitHub项目与研究文档\eia-openclaw-sync-chen2026\05_QA测试集\人工核查_环评报告出处整理_20260715\环评报告文件_按正文一级章节拆分_20260727\PL044_佛山市昇汇包装材料有限公司新建项目_01_受理公告或公示版\08_一、建设项目基本情况.md,743,10873
E:\华南理工项目\环评文件汇总\01_GitHub项目与研究文档\eia-openclaw-sync-chen2026\05_QA测试集\人工核查_环评报告出处整理_20260715\环评报告文件_按问答顺序\PL044_佛山市昇汇包装材料有限公司新建项目_01_受理公告或公示版.pdf,PL044_佛山市昇汇包装材料有限公司新建项目_01_受理公告或公示版.pdf,.pdf,pdf_pypdf,9,二、建设项目工程分析,E:\华南理工项目\环评文件汇总\01_GitHub项目与研究文档\eia-openclaw-sync-chen2026\05_QA测试集\人工核查_环评报告出处整理_20260715\环评报告文件_按正文一级章节拆分_20260727\PL044_佛山市昇汇包装材料有限公司新建项目_01_受理公告或公示版\09_二、建设项目工程分析.md,459,8580
E:\华南理工项目\环评文件汇总\01_GitHub项目与研究文档\eia-openclaw-sync-chen2026\05_QA测试集\人工核查_环评报告出处整理_20260715\环评报告文件_按问答顺序\PL044_佛山市昇汇包装材料有限公司新建项目_01_受理公告或公示版.pdf,PL044_佛山市昇汇包装材料有限公司新建项目_01_受理公告或公示版.pdf,.pdf,pdf_pypdf,10,三、区域环境质量现状、环境保护目标及评价标准,E:\华南理工项目\环评文件汇总\01_GitHub项目与研究文档\eia-openclaw-sync-chen2026\05_QA测试集\人工核查_环评报告出处整理_20260715\环评报告文件_按正文一级章节拆分_20260727\PL044_佛山市昇汇包装材料有限公司新建项目_01_受理公告或公示版\10_三、区域环境质量现状、环境保护目标及评价标准.md,308,6241
E:\华南理工项目\环评文件汇总\01_GitHub项目与研究文档\eia-openclaw-sync-chen2026\05_QA测试集\人工核查_环评报告出处整理_20260715\环评报告文件_按问答顺序\PL044_佛山市昇汇包装材料有限公司新建项目_01_受理公告或公示版.pdf,PL044_佛山市昇汇包装材料有限公司新建项目_01_受理公告或公示版.pdf,.pdf,pdf_pypdf,11,四、主要环境影响和保护措施,E:\华南理工项目\环评文件汇总\01_GitHub项目与研究文档\eia-openclaw-sync-chen2026\05_QA测试集\人工核查_环评报告出处整理_20260715\环评报告文件_按正文一级章节拆分_20260727\PL044_佛山市昇汇包装材料有限公司新建项目_01_受理公告或公示版\11_四、主要环境影响和保护措施.md,1240,22450
E:\华南理工项目\环评文件汇总\01_GitHub项目与研究文档\eia-openclaw-sync-chen2026\05_QA测试集\人工核查_环评报告出处整理_20260715\环评报告文件_按问答顺序\PL044_佛山市昇汇包装材料有限公司新建项目_01_受理公告或公示版.pdf,PL044_佛山市昇汇包装材料有限公司新建项目_01_受理公告或公示版.pdf,.pdf,pdf_pypdf,12,五、环境保护措施监督检查清单,E:\华南理工项目\环评文件汇总\01_GitHub项目与研究文档\eia-openclaw-sync-chen2026\05_QA测试集\人工核查_环评报告出处整理_20260715\环评报告文件_按正文一级章节拆分_20260727\PL044_佛山市昇汇包装材料有限公司新建项目_01_受理公告或公示版\12_五、环境保护措施监督检查清单.md,147,1991
E:\华南理工项目\环评文件汇总\01_GitHub项目与研究文档\eia-openclaw-sync-chen2026\05_QA测试集\人工核查_环评报告出处整理_20260715\环评报告文件_按问答顺序\PL044_佛山市昇汇包装材料有限公司新建项目_01_受理公告或公示版.pdf,PL044_佛山市昇汇包装材料有限公司新建项目_01_受理公告或公示版.pdf,.pdf,pdf_pypdf,13,六、结论,E:\华南理工项目\环评文件汇总\01_GitHub项目与研究文档\eia-openclaw-sync-chen2026\05_QA测试集\人工核查_环评报告出处整理_20260715\环评报告文件_按正文一级章节拆分_20260727\PL044_佛山市昇汇包装材料有限公司新建项目_01_受理公告或公示版\13_六、结论.md,6,160
E:\华南理工项目\环评文件汇总\01_GitHub项目与研究文档\eia-openclaw-sync-chen2026\05_QA测试集\人工核查_环评报告出处整理_20260715\环评报告文件_按问答顺序\PL044_佛山市昇汇包装材料有限公司新建项目_01_受理公告或公示版.pdf,PL044_佛山市昇汇包装材料有限公司新建项目_01_受理公告或公示版.pdf,.pdf,pdf_pypdf,14,附表附图附件,E:\华南理工项目\环评文件汇总\01_GitHub项目与研究文档\eia-openclaw-sync-chen2026\05_QA测试集\人工核查_环评报告出处整理_20260715\环评报告文件_按正文一级章节拆分_20260727\PL044_佛山市昇汇包装材料有限公司新建项目_01_受理公告或公示版\14_附表附图附件.md,86,1498
E:\华南理工项目\环评文件汇总\01_GitHub项目与研究文档\eia-openclaw-sync-chen2026\05_QA测试集\人工核查_环评报告出处整理_20260715\环评报告文件_按问答顺序\PL045_佛山市富懿塑料制品有限公司新建项目_01_报批稿或报告表.pdf,PL045_佛山市富懿塑料制品有限公司新建项目_01_报批稿或报告表.pdf,.pdf,pdf_pypdf,1,封面及目录,E:\华南理工项目\环评文件汇总\01_GitHub项目与研究文档\eia-openclaw-sync-chen2026\05_QA测试集\人工核查_环评报告出处整理_20260715\环评报告文件_按正文一级章节拆分_20260727\PL045_佛山市富懿塑料制品有限公司新建项目_01_报批稿或报告表\01_封面及目录.md,2,24
E:\华南理工项目\环评文件汇总\01_GitHub项目与研究文档\eia-openclaw-sync-chen2026\05_QA测试集\人工核查_环评报告出处整理_20260715\环评报告文件_按问答顺序\PL045_佛山市富懿塑料制品有限公司新建项目_01_报批稿或报告表.pdf,PL045_佛山市富懿塑料制品有限公司新建项目_01_报批稿或报告表.pdf,.pdf,pdf_pypdf,2,一、建设项目基本情况 ....................................................................................................................... 1,E:\华南理工项目\环评文件汇总\01_GitHub项目与研究文档\eia-openclaw-sync-chen2026\05_QA测试集\人工核查_环评报告出处整理_20260715\环评报告文件_按正文一级章节拆分_20260727\PL045_佛山市富懿塑料制品有限公司新建项目_01_报批稿或报告表\02_一、建设项目基本情况.md,1,133
E:\华南理工项目\环评文件汇总\01_GitHub项目与研究文档\eia-openclaw-sync-chen2026\05_QA测试集\人工核查_环评报告出处整理_20260715\环评报告文件_按问答顺序\PL045_佛山市富懿塑料制品有限公司新建项目_01_报批稿或报告表.pdf,PL045_佛山市富懿塑料制品有限公司新建项目_01_报批稿或报告表.pdf,.pdf,pdf_pypdf,3,二、建设项目工程分析 ....................................................................................................................... 9,E:\华南理工项目\环评文件汇总\01_GitHub项目与研究文档\eia-openclaw-sync-chen2026\05_QA测试集\人工核查_环评报告出处整理_20260715\环评报告文件_按正文一级章节拆分_20260727\PL045_佛山市富懿塑料制品有限公司新建项目_01_报批稿或报告表\03_二、建设项目工程分析.md,2,229
E:\华南理工项目\环评文件汇总\01_GitHub项目与研究文档\eia-openclaw-sync-chen2026\05_QA测试集\人工核查_环评报告出处整理_20260715\环评报告文件_按问答顺序\PL045_佛山市富懿塑料制品有限公司新建项目_01_报批稿或报告表.pdf,PL045_佛山市富懿塑料制品有限公司新建项目_01_报批稿或报告表.pdf,.pdf,pdf_pypdf,4,四、主要环境影响和保护措施 ......................................................................................................... 21,E:\华南理工项目\环评文件汇总\01_GitHub项目与研究文档\eia-openclaw-sync-chen2026\05_QA测试集\人工核查_环评报告出处整理_20260715\环评报告文件_按正文一级章节拆分_20260727\PL045_佛山市富懿塑料制品有限公司新建项目_01_报批稿或报告表\04_四、主要环境影响和保护措施.md,1,123
E:\华南理工项目\环评文件汇总\01_GitHub项目与研究文档\eia-openclaw-sync-chen2026\05_QA测试集\人工核查_环评报告出处整理_20260715\环评报告文件_按问答顺序\PL045_佛山市富懿塑料制品有限公司新建项目_01_报批稿或报告表.pdf,PL045_佛山市富懿塑料制品有限公司新建项目_01_报批稿或报告表.pdf,.pdf,pdf_pypdf,5,五、环境保护措施监督检查清单 ..................................................................................................... 43,E:\华南理工项目\环评文件汇总\01_GitHub项目与研究文档\eia-openclaw-sync-chen2026\05_QA测试集\人工核查_环评报告出处整理_20260715\环评报告文件_按正文一级章节拆分_20260727\PL045_佛山市富懿塑料制品有限公司新建项目_01_报批稿或报告表\05_五、环境保护措施监督检查清单.md,1,120
E:\华南理工项目\环评文件汇总\01_GitHub项目与研究文档\eia-openclaw-sync-chen2026\05_QA测试集\人工核查_环评报告出处整理_20260715\环评报告文件_按问答顺序\PL045_佛山市富懿塑料制品有限公司新建项目_01_报批稿或报告表.pdf,PL045_佛山市富懿塑料制品有限公司新建项目_01_报批稿或报告表.pdf,.pdf,pdf_pypdf,6,六、结论 ............................................................................................................................................. 45,E:\华南理工项目\环评文件汇总\01_GitHub项目与研究文档\eia-openclaw-sync-chen2026\05_QA测试集\人工核查_环评报告出处整理_20260715\环评报告文件_按正文一级章节拆分_20260727\PL045_佛山市富懿塑料制品有限公司新建项目_01_报批稿或报告表\06_六、结论.md,1,150
E:\华南理工项目\环评文件汇总\01_GitHub项目与研究文档\eia-openclaw-sync-chen2026\05_QA测试集\人工核查_环评报告出处整理_20260715\环评报告文件_按问答顺序\PL045_佛山市富懿塑料制品有限公司新建项目_01_报批稿或报告表.pdf,PL045_佛山市富懿塑料制品有限公司新建项目_01_报批稿或报告表.pdf,.pdf,pdf_pypdf,7,附表附图附件,E:\华南理工项目\环评文件汇总\01_GitHub项目与研究文档\eia-openclaw-sync-chen2026\05_QA测试集\人工核查_环评报告出处整理_20260715\环评报告文件_按正文一级章节拆分_20260727\PL045_佛山市富懿塑料制品有限公司新建项目_01_报批稿或报告表\07_附表附图附件.md,27,2711
E:\华南理工项目\环评文件汇总\01_GitHub项目与研究文档\eia-openclaw-sync-chen2026\05_QA测试集\人工核查_环评报告出处整理_20260715\环评报告文件_按问答顺序\PL045_佛山市富懿塑料制品有限公司新建项目_01_报批稿或报告表.pdf,PL045_佛山市富懿塑料制品有限公司新建项目_01_报批稿或报告表.pdf,.pdf,pdf_pypdf,8,一、建设项目基本情况,E:\华南理工项目\环评文件汇总\01_GitHub项目与研究文档\eia-openclaw-sync-chen2026\05_QA测试集\人工核查_环评报告出处整理_20260715\环评报告文件_按正文一级章节拆分_20260727\PL045_佛山市富懿塑料制品有限公司新建项目_01_报批稿或报告表\08_一、建设项目基本情况.md,479,8868
E:\华南理工项目\环评文件汇总\01_GitHub项目与研究文档\eia-openclaw-sync-chen2026\05_QA测试集\人工核查_环评报告出处整理_20260715\环评报告文件_按问答顺序\PL045_佛山市富懿塑料制品有限公司新建项目_01_报批稿或报告表.pdf,PL045_佛山市富懿塑料制品有限公司新建项目_01_报批稿或报告表.pdf,.pdf,pdf_pypdf,9,二、建设项目工程分析,E:\华南理工项目\环评文件汇总\01_GitHub项目与研究文档\eia-openclaw-sync-chen2026\05_QA测试集\人工核查_环评报告出处整理_20260715\环评报告文件_按正文一级章节拆分_20260727\PL045_佛山市富懿塑料制品有限公司新建项目_01_报批稿或报告表\09_二、建设项目工程分析.md,219,4454
E:\华南理工项目\环评文件汇总\01_GitHub项目与研究文档\eia-openclaw-sync-chen2026\05_QA测试集\人工核查_环评报告出处整理_20260715\环评报告文件_按问答顺序\PL045_佛山市富懿塑料制品有限公司新建项目_01_报批稿或报告表.pdf,PL045_佛山市富懿塑料制品有限公司新建项目_01_报批稿或报告表.pdf,.pdf,pdf_pypdf,10,三、区域环境质量现状、环境保护目标及评价标准,E:\华南理工项目\环评文件汇总\01_GitHub项目与研究文档\eia-openclaw-sync-chen2026\05_QA测试集\人工核查_环评报告出处整理_20260715\环评报告文件_按正文一级章节拆分_20260727\PL045_佛山市富懿塑料制品有限公司新建项目_01_报批稿或报告表\10_三、区域环境质量现状、环境保护目标及评价标准.md,217,4348
E:\华南理工项目\环评文件汇总\01_GitHub项目与研究文档\eia-openclaw-sync-chen2026\05_QA测试集\人工核查_环评报告出处整理_20260715\环评报告文件_按问答顺序\PL045_佛山市富懿塑料制品有限公司新建项目_01_报批稿或报告表.pdf,PL045_佛山市富懿塑料制品有限公司新建项目_01_报批稿或报告表.pdf,.pdf,pdf_pypdf,11,四、主要环境影响和保护措施,E:\华南理工项目\环评文件汇总\01_GitHub项目与研究文档\eia-openclaw-sync-chen2026\05_QA测试集\人工核查_环评报告出处整理_20260715\环评报告文件_按正文一级章节拆分_20260727\PL045_佛山市富懿塑料制品有限公司新建项目_01_报批稿或报告表\11_四、主要环境影响和保护措施.md,1299,20562
E:\华南理工项目\环评文件汇总\01_GitHub项目与研究文档\eia-openclaw-sync-chen2026\05_QA测试集\人工核查_环评报告出处整理_20260715\环评报告文件_按问答顺序\PL045_佛山市富懿塑料制品有限公司新建项目_01_报批稿或报告表.pdf,PL045_佛山市富懿塑料制品有限公司新建项目_01_报批稿或报告表.pdf,.pdf,pdf_pypdf,12,五、环境保护措施监督检查清单,E:\华南理工项目\环评文件汇总\01_GitHub项目与研究文档\eia-openclaw-sync-chen2026\05_QA测试集\人工核查_环评报告出处整理_20260715\环评报告文件_按正文一级章节拆分_20260727\PL045_佛山市富懿塑料制品有限公司新建项目_01_报批稿或报告表\12_五、环境保护措施监督检查清单.md,80,1316
E:\华南理工项目\环评文件汇总\01_GitHub项目与研究文档\eia-openclaw-sync-chen2026\05_QA测试集\人工核查_环评报告出处整理_20260715\环评报告文件_按问答顺序\PL045_佛山市富懿塑料制品有限公司新建项目_01_报批稿或报告表.pdf,PL045_佛山市富懿塑料制品有限公司新建项目_01_报批稿或报告表.pdf,.pdf,pdf_pypdf,13,六、结论,E:\华南理工项目\环评文件汇总\01_GitHub项目与研究文档\eia-openclaw-sync-chen2026\05_QA测试集\人工核查_环评报告出处整理_20260715\环评报告文件_按正文一级章节拆分_20260727\PL045_佛山市富懿塑料制品有限公司新建项目_01_报批稿或报告表\13_六、结论.md,8,208
E:\华南理工项目\环评文件汇总\01_GitHub项目与研究文档\eia-openclaw-sync-chen2026\05_QA测试集\人工核查_环评报告出处整理_20260715\环评报告文件_按问答顺序\PL045_佛山市富懿塑料制品有限公司新建项目_01_报批稿或报告表.pdf,PL045_佛山市富懿塑料制品有限公司新建项目_01_报批稿或报告表.pdf,.pdf,pdf_pypdf,14,附表附图附件,E:\华南理工项目\环评文件汇总\01_GitHub项目与研究文档\eia-openclaw-sync-chen2026\05_QA测试集\人工核查_环评报告出处整理_20260715\环评报告文件_按正文一级章节拆分_20260727\PL045_佛山市富懿塑料制品有限公司新建项目_01_报批稿或报告表\14_附表附图附件.md,48,733
E:\华南理工项目\环评文件汇总\01_GitHub项目与研究文档\eia-openclaw-sync-chen2026\05_QA测试集\人工核查_环评报告出处整理_20260715\环评报告文件_按问答顺序\PL046_佛山市圣鑫塑料制品有限公司新建项目_01_受理公告或公示版.pdf,PL046_佛山市圣鑫塑料制品有限公司新建项目_01_受理公告或公示版.pdf,.pdf,pdf_pypdf,1,封面及目录,E:\华南理工项目\环评文件汇总\01_GitHub项目与研究文档\eia-openclaw-sync-chen2026\05_QA测试集\人工核查_环评报告出处整理_20260715\环评报告文件_按正文一级章节拆分_20260727\PL046_佛山市圣鑫塑料制品有限公司新建项目_01_受理公告或公示版\01_封面及目录.md,2,25
E:\华南理工项目\环评文件汇总\01_GitHub项目与研究文档\eia-openclaw-sync-chen2026\05_QA测试集\人工核查_环评报告出处整理_20260715\环评报告文件_按问答顺序\PL046_佛山市圣鑫塑料制品有限公司新建项目_01_受理公告或公示版.pdf,PL046_佛山市圣鑫塑料制品有限公司新建项目_01_受理公告或公示版.pdf,.pdf,pdf_pypdf,2,一、建设项目基本情况 ....................................................................................................................... 1,E:\华南理工项目\环评文件汇总\01_GitHub项目与研究文档\eia-openclaw-sync-chen2026\05_QA测试集\人工核查_环评报告出处整理_20260715\环评报告文件_按正文一级章节拆分_20260727\PL046_佛山市圣鑫塑料制品有限公司新建项目_01_受理公告或公示版\02_一、建设项目基本情况.md,1,133
E:\华南理工项目\环评文件汇总\01_GitHub项目与研究文档\eia-openclaw-sync-chen2026\05_QA测试集\人工核查_环评报告出处整理_20260715\环评报告文件_按问答顺序\PL046_佛山市圣鑫塑料制品有限公司新建项目_01_受理公告或公示版.pdf,PL046_佛山市圣鑫塑料制品有限公司新建项目_01_受理公告或公示版.pdf,.pdf,pdf_pypdf,3,二、建设项目工程分析 ..................................................................................................................... 12,E:\华南理工项目\环评文件汇总\01_GitHub项目与研究文档\eia-openclaw-sync-chen2026\05_QA测试集\人工核查_环评报告出处整理_20260715\环评报告文件_按正文一级章节拆分_20260727\PL046_佛山市圣鑫塑料制品有限公司新建项目_01_受理公告或公示版\03_二、建设项目工程分析.md,2,228
E:\华南理工项目\环评文件汇总\01_GitHub项目与研究文档\eia-openclaw-sync-chen2026\05_QA测试集\人工核查_环评报告出处整理_20260715\环评报告文件_按问答顺序\PL046_佛山市圣鑫塑料制品有限公司新建项目_01_受理公告或公示版.pdf,PL046_佛山市圣鑫塑料制品有限公司新建项目_01_受理公告或公示版.pdf,.pdf,pdf_pypdf,4,四、 主要环境影响和保护措施 ....................................................................................................... 26,E:\华南理工项目\环评文件汇总\01_GitHub项目与研究文档\eia-openclaw-sync-chen2026\05_QA测试集\人工核查_环评报告出处整理_20260715\环评报告文件_按正文一级章节拆分_20260727\PL046_佛山市圣鑫塑料制品有限公司新建项目_01_受理公告或公示版\04_四、_主要环境影响和保护措施.md,1,122
E:\华南理工项目\环评文件汇总\01_GitHub项目与研究文档\eia-openclaw-sync-chen2026\05_QA测试集\人工核查_环评报告出处整理_20260715\环评报告文件_按问答顺序\PL046_佛山市圣鑫塑料制品有限公司新建项目_01_受理公告或公示版.pdf,PL046_佛山市圣鑫塑料制品有限公司新建项目_01_受理公告或公示版.pdf,.pdf,pdf_pypdf,5,五、环境保护措施监督检查清单 ..................................................................................................... 46,E:\华南理工项目\环评文件汇总\01_GitHub项目与研究文档\eia-openclaw-sync-chen2026\05_QA测试集\人工核查_环评报告出处整理_20260715\环评报告文件_按正文一级章节拆分_20260727\PL046_佛山市圣鑫塑料制品有限公司新建项目_01_受理公告或公示版\05_五、环境保护措施监督检查清单.md,1,120
E:\华南理工项目\环评文件汇总\01_GitHub项目与研究文档\eia-openclaw-sync-chen2026\05_QA测试集\人工核查_环评报告出处整理_20260715\环评报告文件_按问答顺序\PL046_佛山市圣鑫塑料制品有限公司新建项目_01_受理公告或公示版.pdf,PL046_佛山市圣鑫塑料制品有限公司新建项目_01_受理公告或公示版.pdf,.pdf,pdf_pypdf,6,六、结论 ............................................................................................................................................. 50,E:\华南理工项目\环评文件汇总\01_GitHub项目与研究文档\eia-openclaw-sync-chen2026\05_QA测试集\人工核查_环评报告出处整理_20260715\环评报告文件_按正文一级章节拆分_20260727\PL046_佛山市圣鑫塑料制品有限公司新建项目_01_受理公告或公示版\06_六、结论.md,2,273
E:\华南理工项目\环评文件汇总\01_GitHub项目与研究文档\eia-openclaw-sync-chen2026\05_QA测试集\人工核查_环评报告出处整理_20260715\环评报告文件_按问答顺序\PL046_佛山市圣鑫塑料制品有限公司新建项目_01_受理公告或公示版.pdf,PL046_佛山市圣鑫塑料制品有限公司新建项目_01_受理公告或公示版.pdf,.pdf,pdf_pypdf,7,附表附图附件,E:\华南理工项目\环评文件汇总\01_GitHub项目与研究文档\eia-openclaw-sync-chen2026\05_QA测试集\人工核查_环评报告出处整理_20260715\环评报告文件_按正文一级章节拆分_20260727\PL046_佛山市圣鑫塑料制品有限公司新建项目_01_受理公告或公示版\07_附表附图附件.md,18,1953
E:\华南理工项目\环评文件汇总\01_GitHub项目与研究文档\eia-openclaw-sync-chen2026\05_QA测试集\人工核查_环评报告出处整理_20260715\环评报告文件_按问答顺序\PL046_佛山市圣鑫塑料制品有限公司新建项目_01_受理公告或公示版.pdf,PL046_佛山市圣鑫塑料制品有限公司新建项目_01_受理公告或公示版.pdf,.pdf,pdf_pypdf,8,一、建设项目基本情况,E:\华南理工项目\环评文件汇总\01_GitHub项目与研究文档\eia-openclaw-sync-chen2026\05_QA测试集\人工核查_环评报告出处整理_20260715\环评报告文件_按正文一级章节拆分_20260727\PL046_佛山市圣鑫塑料制品有限公司新建项目_01_受理公告或公示版\08_一、建设项目基本情况.md,726,13006
E:\华南理工项目\环评文件汇总\01_GitHub项目与研究文档\eia-openclaw-sync-chen2026\05_QA测试集\人工核查_环评报告出处整理_20260715\环评报告文件_按问答顺序\PL046_佛山市圣鑫塑料制品有限公司新建项目_01_受理公告或公示版.pdf,PL046_佛山市圣鑫塑料制品有限公司新建项目_01_受理公告或公示版.pdf,.pdf,pdf_pypdf,9,二、建设项目工程分析,E:\华南理工项目\环评文件汇总\01_GitHub项目与研究文档\eia-openclaw-sync-chen2026\05_QA测试集\人工核查_环评报告出处整理_20260715\环评报告文件_按正文一级章节拆分_20260727\PL046_佛山市圣鑫塑料制品有限公司新建项目_01_受理公告或公示版\09_二、建设项目工程分析.md,353,6815
E:\华南理工项目\环评文件汇总\01_GitHub项目与研究文档\eia-openclaw-sync-chen2026\05_QA测试集\人工核查_环评报告出处整理_20260715\环评报告文件_按问答顺序\PL046_佛山市圣鑫塑料制品有限公司新建项目_01_受理公告或公示版.pdf,PL046_佛山市圣鑫塑料制品有限公司新建项目_01_受理公告或公示版.pdf,.pdf,pdf_pypdf,10,三、区域环境质量现状、环境保护目标及评价标准,E:\华南理工项目\环评文件汇总\01_GitHub项目与研究文档\eia-openclaw-sync-chen2026\05_QA测试集\人工核查_环评报告出处整理_20260715\环评报告文件_按正文一级章节拆分_20260727\PL046_佛山市圣鑫塑料制品有限公司新建项目_01_受理公告或公示版\10_三、区域环境质量现状、环境保护目标及评价标准.md,216,4462
E:\华南理工项目\环评文件汇总\01_GitHub项目与研究文档\eia-openclaw-sync-chen2026\05_QA测试集\人工核查_环评报告出处整理_20260715\环评报告文件_按问答顺序\PL046_佛山市圣鑫塑料制品有限公司新建项目_01_受理公告或公示版.pdf,PL046_佛山市圣鑫塑料制品有限公司新建项目_01_受理公告或公示版.pdf,.pdf,pdf_pypdf,11,四、主要环境影响和保护措施,E:\华南理工项目\环评文件汇总\01_GitHub项目与研究文档\eia-openclaw-sync-chen2026\05_QA测试集\人工核查_环评报告出处整理_20260715\环评报告文件_按正文一级章节拆分_20260727\PL046_佛山市圣鑫塑料制品有限公司新建项目_01_受理公告或公示版\11_四、主要环境影响和保护措施.md,1208,23099
E:\华南理工项目\环评文件汇总\01_GitHub项目与研究文档\eia-openclaw-sync-chen2026\05_QA测试集\人工核查_环评报告出处整理_20260715\环评报告文件_按问答顺序\PL046_佛山市圣鑫塑料制品有限公司新建项目_01_受理公告或公示版.pdf,PL046_佛山市圣鑫塑料制品有限公司新建项目_01_受理公告或公示版.pdf,.pdf,pdf_pypdf,12,五、环境保护措施监督检查清单,E:\华南理工项目\环评文件汇总\01_GitHub项目与研究文档\eia-openclaw-sync-chen2026\05_QA测试集\人工核查_环评报告出处整理_20260715\环评报告文件_按正文一级章节拆分_20260727\PL046_佛山市圣鑫塑料制品有限公司新建项目_01_受理公告或公示版\12_五、环境保护措施监督检查清单.md,160,3327
E:\华南理工项目\环评文件汇总\01_GitHub项目与研究文档\eia-openclaw-sync-chen2026\05_QA测试集\人工核查_环评报告出处整理_20260715\环评报告文件_按问答顺序\PL046_佛山市圣鑫塑料制品有限公司新建项目_01_受理公告或公示版.pdf,PL046_佛山市圣鑫塑料制品有限公司新建项目_01_受理公告或公示版.pdf,.pdf,pdf_pypdf,13,六、结论,E:\华南理工项目\环评文件汇总\01_GitHub项目与研究文档\eia-openclaw-sync-chen2026\05_QA测试集\人工核查_环评报告出处整理_20260715\环评报告文件_按正文一级章节拆分_20260727\PL046_佛山市圣鑫塑料制品有限公司新建项目_01_受理公告或公示版\13_六、结论.md,7,208
E:\华南理工项目\环评文件汇总\01_GitHub项目与研究文档\eia-openclaw-sync-chen2026\05_QA测试集\人工核查_环评报告出处整理_20260715\环评报告文件_按问答顺序\PL046_佛山市圣鑫塑料制品有限公司新建项目_01_受理公告或公示版.pdf,PL046_佛山市圣鑫塑料制品有限公司新建项目_01_受理公告或公示版.pdf,.pdf,pdf_pypdf,14,附表附图附件,E:\华南理工项目\环评文件汇总\01_GitHub项目与研究文档\eia-openclaw-sync-chen2026\05_QA测试集\人工核查_环评报告出处整理_20260715\环评报告文件_按正文一级章节拆分_20260727\PL046_佛山市圣鑫塑料制品有限公司新建项目_01_受理公告或公示版\14_附表附图附件.md,97,1476
E:\华南理工项目\环评文件汇总\01_GitHub项目与研究文档\eia-openclaw-sync-chen2026\05_QA测试集\人工核查_环评报告出处整理_20260715\环评报告文件_按问答顺序\PL047_佛山智达医疗器械有限公司新建项目_01_受理公告或公示版.pdf,PL047_佛山智达医疗器械有限公司新建项目_01_受理公告或公示版.pdf,.pdf,pdf_pypdf,1,封面及目录,E:\华南理工项目\环评文件汇总\01_GitHub项目与研究文档\eia-openclaw-sync-chen2026\05_QA测试集\人工核查_环评报告出处整理_20260715\环评报告文件_按正文一级章节拆分_20260727\PL047_佛山智达医疗器械有限公司新建项目_01_受理公告或公示版\01_封面及目录.md,2,25
E:\华南理工项目\环评文件汇总\01_GitHub项目与研究文档\eia-openclaw-sync-chen2026\05_QA测试集\人工核查_环评报告出处整理_20260715\环评报告文件_按问答顺序\PL047_佛山智达医疗器械有限公司新建项目_01_受理公告或公示版.pdf,PL047_佛山智达医疗器械有限公司新建项目_01_受理公告或公示版.pdf,.pdf,pdf_pypdf,2,一、建设项目基本情况 ....................................................................................................................... 1,E:\华南理工项目\环评文件汇总\01_GitHub项目与研究文档\eia-openclaw-sync-chen2026\05_QA测试集\人工核查_环评报告出处整理_20260715\环评报告文件_按正文一级章节拆分_20260727\PL047_佛山智达医疗器械有限公司新建项目_01_受理公告或公示版\02_一、建设项目基本情况.md,1,133
E:\华南理工项目\环评文件汇总\01_GitHub项目与研究文档\eia-openclaw-sync-chen2026\05_QA测试集\人工核查_环评报告出处整理_20260715\环评报告文件_按问答顺序\PL047_佛山智达医疗器械有限公司新建项目_01_受理公告或公示版.pdf,PL047_佛山智达医疗器械有限公司新建项目_01_受理公告或公示版.pdf,.pdf,pdf_pypdf,3,二、建设项目工程分析 ..................................................................................................................... 11,E:\华南理工项目\环评文件汇总\01_GitHub项目与研究文档\eia-openclaw-sync-chen2026\05_QA测试集\人工核查_环评报告出处整理_20260715\环评报告文件_按正文一级章节拆分_20260727\PL047_佛山智达医疗器械有限公司新建项目_01_受理公告或公示版\03_二、建设项目工程分析.md,2,228
E:\华南理工项目\环评文件汇总\01_GitHub项目与研究文档\eia-openclaw-sync-chen2026\05_QA测试集\人工核查_环评报告出处整理_20260715\环评报告文件_按问答顺序\PL047_佛山智达医疗器械有限公司新建项目_01_受理公告或公示版.pdf,PL047_佛山智达医疗器械有限公司新建项目_01_受理公告或公示版.pdf,.pdf,pdf_pypdf,4,四、 主要环境影响和保护措施 ....................................................................................................... 26,E:\华南理工项目\环评文件汇总\01_GitHub项目与研究文档\eia-openclaw-sync-chen2026\05_QA测试集\人工核查_环评报告出处整理_20260715\环评报告文件_按正文一级章节拆分_20260727\PL047_佛山智达医疗器械有限公司新建项目_01_受理公告或公示版\04_四、_主要环境影响和保护措施.md,1,122
E:\华南理工项目\环评文件汇总\01_GitHub项目与研究文档\eia-openclaw-sync-chen2026\05_QA测试集\人工核查_环评报告出处整理_20260715\环评报告文件_按问答顺序\PL047_佛山智达医疗器械有限公司新建项目_01_受理公告或公示版.pdf,PL047_佛山智达医疗器械有限公司新建项目_01_受理公告或公示版.pdf,.pdf,pdf_pypdf,5,五、环境保护措施监督检查清单 ..................................................................................................... 49,E:\华南理工项目\环评文件汇总\01_GitHub项目与研究文档\eia-openclaw-sync-chen2026\05_QA测试集\人工核查_环评报告出处整理_20260715\环评报告文件_按正文一级章节拆分_20260727\PL047_佛山智达医疗器械有限公司新建项目_01_受理公告或公示版\05_五、环境保护措施监督检查清单.md,1,120
E:\华南理工项目\环评文件汇总\01_GitHub项目与研究文档\eia-openclaw-sync-chen2026\05_QA测试集\人工核查_环评报告出处整理_20260715\环评报告文件_按问答顺序\PL047_佛山智达医疗器械有限公司新建项目_01_受理公告或公示版.pdf,PL047_佛山智达医疗器械有限公司新建项目_01_受理公告或公示版.pdf,.pdf,pdf_pypdf,6,六、结论 ............................................................................................................................................. 53,E:\华南理工项目\环评文件汇总\01_GitHub项目与研究文档\eia-openclaw-sync-chen2026\05_QA测试集\人工核查_环评报告出处整理_20260715\环评报告文件_按正文一级章节拆分_20260727\PL047_佛山智达医疗器械有限公司新建项目_01_受理公告或公示版\06_六、结论.md,2,273
E:\华南理工项目\环评文件汇总\01_GitHub项目与研究文档\eia-openclaw-sync-chen2026\05_QA测试集\人工核查_环评报告出处整理_20260715\环评报告文件_按问答顺序\PL047_佛山智达医疗器械有限公司新建项目_01_受理公告或公示版.pdf,PL047_佛山智达医疗器械有限公司新建项目_01_受理公告或公示版.pdf,.pdf,pdf_pypdf,7,附表附图附件,E:\华南理工项目\环评文件汇总\01_GitHub项目与研究文档\eia-openclaw-sync-chen2026\05_QA测试集\人工核查_环评报告出处整理_20260715\环评报告文件_按正文一级章节拆分_20260727\PL047_佛山智达医疗器械有限公司新建项目_01_受理公告或公示版\07_附表附图附件.md,22,2506
E:\华南理工项目\环评文件汇总\01_GitHub项目与研究文档\eia-openclaw-sync-chen2026\05_QA测试集\人工核查_环评报告出处整理_20260715\环评报告文件_按问答顺序\PL047_佛山智达医疗器械有限公司新建项目_01_受理公告或公示版.pdf,PL047_佛山智达医疗器械有限公司新建项目_01_受理公告或公示版.pdf,.pdf,pdf_pypdf,8,一、建设项目基本情况,E:\华南理工项目\环评文件汇总\01_GitHub项目与研究文档\eia-openclaw-sync-chen2026\05_QA测试集\人工核查_环评报告出处整理_20260715\环评报告文件_按正文一级章节拆分_20260727\PL047_佛山智达医疗器械有限公司新建项目_01_受理公告或公示版\08_一、建设项目基本情况.md,671,12263
E:\华南理工项目\环评文件汇总\01_GitHub项目与研究文档\eia-openclaw-sync-chen2026\05_QA测试集\人工核查_环评报告出处整理_20260715\环评报告文件_按问答顺序\PL047_佛山智达医疗器械有限公司新建项目_01_受理公告或公示版.pdf,PL047_佛山智达医疗器械有限公司新建项目_01_受理公告或公示版.pdf,.pdf,pdf_pypdf,9,二、建设项目工程分析,E:\华南理工项目\环评文件汇总\01_GitHub项目与研究文档\eia-openclaw-sync-chen2026\05_QA测试集\人工核查_环评报告出处整理_20260715\环评报告文件_按正文一级章节拆分_20260727\PL047_佛山智达医疗器械有限公司新建项目_01_受理公告或公示版\09_二、建设项目工程分析.md,355,8095
E:\华南理工项目\环评文件汇总\01_GitHub项目与研究文档\eia-openclaw-sync-chen2026\05_QA测试集\人工核查_环评报告出处整理_20260715\环评报告文件_按问答顺序\PL047_佛山智达医疗器械有限公司新建项目_01_受理公告或公示版.pdf,PL047_佛山智达医疗器械有限公司新建项目_01_受理公告或公示版.pdf,.pdf,pdf_pypdf,10,三、区域环境质量现状、环境保护目标及评价标准,E:\华南理工项目\环评文件汇总\01_GitHub项目与研究文档\eia-openclaw-sync-chen2026\05_QA测试集\人工核查_环评报告出处整理_20260715\环评报告文件_按正文一级章节拆分_20260727\PL047_佛山智达医疗器械有限公司新建项目_01_受理公告或公示版\10_三、区域环境质量现状、环境保护目标及评价标准.md,248,4974
E:\华南理工项目\环评文件汇总\01_GitHub项目与研究文档\eia-openclaw-sync-chen2026\05_QA测试集\人工核查_环评报告出处整理_20260715\环评报告文件_按问答顺序\PL047_佛山智达医疗器械有限公司新建项目_01_受理公告或公示版.pdf,PL047_佛山智达医疗器械有限公司新建项目_01_受理公告或公示版.pdf,.pdf,pdf_pypdf,11,四、主要环境影响和保护措施,E:\华南理工项目\环评文件汇总\01_GitHub项目与研究文档\eia-openclaw-sync-chen2026\05_QA测试集\人工核查_环评报告出处整理_20260715\环评报告文件_按正文一级章节拆分_20260727\PL047_佛山智达医疗器械有限公司新建项目_01_受理公告或公示版\11_四、主要环境影响和保护措施.md,1241,25363
E:\华南理工项目\环评文件汇总\01_GitHub项目与研究文档\eia-openclaw-sync-chen2026\05_QA测试集\人工核查_环评报告出处整理_20260715\环评报告文件_按问答顺序\PL047_佛山智达医疗器械有限公司新建项目_01_受理公告或公示版.pdf,PL047_佛山智达医疗器械有限公司新建项目_01_受理公告或公示版.pdf,.pdf,pdf_pypdf,12,五、环境保护措施监督检查清单,E:\华南理工项目\环评文件汇总\01_GitHub项目与研究文档\eia-openclaw-sync-chen2026\05_QA测试集\人工核查_环评报告出处整理_20260715\环评报告文件_按正文一级章节拆分_20260727\PL047_佛山智达医疗器械有限公司新建项目_01_受理公告或公示版\12_五、环境保护措施监督检查清单.md,168,3451
E:\华南理工项目\环评文件汇总\01_GitHub项目与研究文档\eia-openclaw-sync-chen2026\05_QA测试集\人工核查_环评报告出处整理_20260715\环评报告文件_按问答顺序\PL047_佛山智达医疗器械有限公司新建项目_01_受理公告或公示版.pdf,PL047_佛山智达医疗器械有限公司新建项目_01_受理公告或公示版.pdf,.pdf,pdf_pypdf,13,六、结论,E:\华南理工项目\环评文件汇总\01_GitHub项目与研究文档\eia-openclaw-sync-chen2026\05_QA测试集\人工核查_环评报告出处整理_20260715\环评报告文件_按正文一级章节拆分_20260727\PL047_佛山智达医疗器械有限公司新建项目_01_受理公告或公示版\13_六、结论.md,7,208
E:\华南理工项目\环评文件汇总\01_GitHub项目与研究文档\eia-openclaw-sync-chen2026\05_QA测试集\人工核查_环评报告出处整理_20260715\环评报告文件_按问答顺序\PL047_佛山智达医疗器械有限公司新建项目_01_受理公告或公示版.pdf,PL047_佛山智达医疗器械有限公司新建项目_01_受理公告或公示版.pdf,.pdf,pdf_pypdf,14,附表附图附件,E:\华南理工项目\环评文件汇总\01_GitHub项目与研究文档\eia-openclaw-sync-chen2026\05_QA测试集\人工核查_环评报告出处整理_20260715\环评报告文件_按正文一级章节拆分_20260727\PL047_佛山智达医疗器械有限公司新建项目_01_受理公告或公示版\14_附表附图附件.md,105,1602
E:\华南理工项目\环评文件汇总\01_GitHub项目与研究文档\eia-openclaw-sync-chen2026\05_QA测试集\人工核查_环评报告出处整理_20260715\环评报告文件_按问答顺序\PL049_佛山市顺德区华祥坤工艺电器有限公司扩建项目_01_受理公告或公示版.pdf,PL049_佛山市顺德区华祥坤工艺电器有限公司扩建项目_01_受理公告或公示版.pdf,.pdf,pdf_pypdf,1,封面及目录,E:\华南理工项目\环评文件汇总\01_GitHub项目与研究文档\eia-openclaw-sync-chen2026\05_QA测试集\人工核查_环评报告出处整理_20260715\环评报告文件_按正文一级章节拆分_20260727\PL049_佛山市顺德区华祥坤工艺电器有限公司扩建项目_01_受理公告或公示版\01_封面及目录.md,2,25
E:\华南理工项目\环评文件汇总\01_GitHub项目与研究文档\eia-openclaw-sync-chen2026\05_QA测试集\人工核查_环评报告出处整理_20260715\环评报告文件_按问答顺序\PL049_佛山市顺德区华祥坤工艺电器有限公司扩建项目_01_受理公告或公示版.pdf,PL049_佛山市顺德区华祥坤工艺电器有限公司扩建项目_01_受理公告或公示版.pdf,.pdf,pdf_pypdf,2,一、建设项目基本情况 ............................................................................................................ 1,E:\华南理工项目\环评文件汇总\01_GitHub项目与研究文档\eia-openclaw-sync-chen2026\05_QA测试集\人工核查_环评报告出处整理_20260715\环评报告文件_按正文一级章节拆分_20260727\PL049_佛山市顺德区华祥坤工艺电器有限公司扩建项目_01_受理公告或公示版\02_一、建设项目基本情况.md,1,122
E:\华南理工项目\环评文件汇总\01_GitHub项目与研究文档\eia-openclaw-sync-chen2026\05_QA测试集\人工核查_环评报告出处整理_20260715\环评报告文件_按问答顺序\PL049_佛山市顺德区华祥坤工艺电器有限公司扩建项目_01_受理公告或公示版.pdf,PL049_佛山市顺德区华祥坤工艺电器有限公司扩建项目_01_受理公告或公示版.pdf,.pdf,pdf_pypdf,3,二、建设项目工程分析 .......................................................................................................... 13,E:\华南理工项目\环评文件汇总\01_GitHub项目与研究文档\eia-openclaw-sync-chen2026\05_QA测试集\人工核查_环评报告出处整理_20260715\环评报告文件_按正文一级章节拆分_20260727\PL049_佛山市顺德区华祥坤工艺电器有限公司扩建项目_01_受理公告或公示版\03_二、建设项目工程分析.md,3,320
E:\华南理工项目\环评文件汇总\01_GitHub项目与研究文档\eia-openclaw-sync-chen2026\05_QA测试集\人工核查_环评报告出处整理_20260715\环评报告文件_按问答顺序\PL049_佛山市顺德区华祥坤工艺电器有限公司扩建项目_01_受理公告或公示版.pdf,PL049_佛山市顺德区华祥坤工艺电器有限公司扩建项目_01_受理公告或公示版.pdf,.pdf,pdf_pypdf,4,五、环境保护措施监督检查清单 .......................................................................................... 74,E:\华南理工项目\环评文件汇总\01_GitHub项目与研究文档\eia-openclaw-sync-chen2026\05_QA测试集\人工核查_环评报告出处整理_20260715\环评报告文件_按正文一级章节拆分_20260727\PL049_佛山市顺德区华祥坤工艺电器有限公司扩建项目_01_受理公告或公示版\04_五、环境保护措施监督检查清单.md,1,109
E:\华南理工项目\环评文件汇总\01_GitHub项目与研究文档\eia-openclaw-sync-chen2026\05_QA测试集\人工核查_环评报告出处整理_20260715\环评报告文件_按问答顺序\PL049_佛山市顺德区华祥坤工艺电器有限公司扩建项目_01_受理公告或公示版.pdf,PL049_佛山市顺德区华祥坤工艺电器有限公司扩建项目_01_受理公告或公示版.pdf,.pdf,pdf_pypdf,5,六、结论 .................................................................................................................................. 77,E:\华南理工项目\环评文件汇总\01_GitHub项目与研究文档\eia-openclaw-sync-chen2026\05_QA测试集\人工核查_环评报告出处整理_20260715\环评报告文件_按正文一级章节拆分_20260727\PL049_佛山市顺德区华祥坤工艺电器有限公司扩建项目_01_受理公告或公示版\05_六、结论.md,1,139
E:\华南理工项目\环评文件汇总\01_GitHub项目与研究文档\eia-openclaw-sync-chen2026\05_QA测试集\人工核查_环评报告出处整理_20260715\环评报告文件_按问答顺序\PL049_佛山市顺德区华祥坤工艺电器有限公司扩建项目_01_受理公告或公示版.pdf,PL049_佛山市顺德区华祥坤工艺电器有限公司扩建项目_01_受理公告或公示版.pdf,.pdf,pdf_pypdf,6,附表附图附件,E:\华南理工项目\环评文件汇总\01_GitHub项目与研究文档\eia-openclaw-sync-chen2026\05_QA测试集\人工核查_环评报告出处整理_20260715\环评报告文件_按正文一级章节拆分_20260727\PL049_佛山市顺德区华祥坤工艺电器有限公司扩建项目_01_受理公告或公示版\06_附表附图附件.md,20,322
E:\华南理工项目\环评文件汇总\01_GitHub项目与研究文档\eia-openclaw-sync-chen2026\05_QA测试集\人工核查_环评报告出处整理_20260715\环评报告文件_按问答顺序\PL049_佛山市顺德区华祥坤工艺电器有限公司扩建项目_01_受理公告或公示版.pdf,PL049_佛山市顺德区华祥坤工艺电器有限公司扩建项目_01_受理公告或公示版.pdf,.pdf,pdf_pypdf,7,一、建设项目基本情况,E:\华南理工项目\环评文件汇总\01_GitHub项目与研究文档\eia-openclaw-sync-chen2026\05_QA测试集\人工核查_环评报告出处整理_20260715\环评报告文件_按正文一级章节拆分_20260727\PL049_佛山市顺德区华祥坤工艺电器有限公司扩建项目_01_受理公告或公示版\07_一、建设项目基本情况.md,854,12977
E:\华南理工项目\环评文件汇总\01_GitHub项目与研究文档\eia-openclaw-sync-chen2026\05_QA测试集\人工核查_环评报告出处整理_20260715\环评报告文件_按问答顺序\PL049_佛山市顺德区华祥坤工艺电器有限公司扩建项目_01_受理公告或公示版.pdf,PL049_佛山市顺德区华祥坤工艺电器有限公司扩建项目_01_受理公告或公示版.pdf,.pdf,pdf_pypdf,8,二、建设项目工程分析,E:\华南理工项目\环评文件汇总\01_GitHub项目与研究文档\eia-openclaw-sync-chen2026\05_QA测试集\人工核查_环评报告出处整理_20260715\环评报告文件_按正文一级章节拆分_20260727\PL049_佛山市顺德区华祥坤工艺电器有限公司扩建项目_01_受理公告或公示版\08_二、建设项目工程分析.md,1311,22447
E:\华南理工项目\环评文件汇总\01_GitHub项目与研究文档\eia-openclaw-sync-chen2026\05_QA测试集\人工核查_环评报告出处整理_20260715\环评报告文件_按问答顺序\PL049_佛山市顺德区华祥坤工艺电器有限公司扩建项目_01_受理公告或公示版.pdf,PL049_佛山市顺德区华祥坤工艺电器有限公司扩建项目_01_受理公告或公示版.pdf,.pdf,pdf_pypdf,9,三、区域环境质量现状、环境保护目标及评价标准,E:\华南理工项目\环评文件汇总\01_GitHub项目与研究文档\eia-openclaw-sync-chen2026\05_QA测试集\人工核查_环评报告出处整理_20260715\环评报告文件_按正文一级章节拆分_20260727\PL049_佛山市顺德区华祥坤工艺电器有限公司扩建项目_01_受理公告或公示版\09_三、区域环境质量现状、环境保护目标及评价标准.md,269,5392
E:\华南理工项目\环评文件汇总\01_GitHub项目与研究文档\eia-openclaw-sync-chen2026\05_QA测试集\人工核查_环评报告出处整理_20260715\环评报告文件_按问答顺序\PL049_佛山市顺德区华祥坤工艺电器有限公司扩建项目_01_受理公告或公示版.pdf,PL049_佛山市顺德区华祥坤工艺电器有限公司扩建项目_01_受理公告或公示版.pdf,.pdf,pdf_pypdf,10,四、主要环境影响和保护措施,E:\华南理工项目\环评文件汇总\01_GitHub项目与研究文档\eia-openclaw-sync-chen2026\05_QA测试集\人工核查_环评报告出处整理_20260715\环评报告文件_按正文一级章节拆分_20260727\PL049_佛山市顺德区华祥坤工艺电器有限公司扩建项目_01_受理公告或公示版\10_四、主要环境影响和保护措施.md,1628,29384
E:\华南理工项目\环评文件汇总\01_GitHub项目与研究文档\eia-openclaw-sync-chen2026\05_QA测试集\人工核查_环评报告出处整理_20260715\环评报告文件_按问答顺序\PL049_佛山市顺德区华祥坤工艺电器有限公司扩建项目_01_受理公告或公示版.pdf,PL049_佛山市顺德区华祥坤工艺电器有限公司扩建项目_01_受理公告或公示版.pdf,.pdf,pdf_pypdf,11,五、环境保护措施监督检查清单,E:\华南理工项目\环评文件汇总\01_GitHub项目与研究文档\eia-openclaw-sync-chen2026\05_QA测试集\人工核查_环评报告出处整理_20260715\环评报告文件_按正文一级章节拆分_20260727\PL049_佛山市顺德区华祥坤工艺电器有限公司扩建项目_01_受理公告或公示版\11_五、环境保护措施监督检查清单.md,184,3086
E:\华南理工项目\环评文件汇总\01_GitHub项目与研究文档\eia-openclaw-sync-chen2026\05_QA测试集\人工核查_环评报告出处整理_20260715\环评报告文件_按问答顺序\PL049_佛山市顺德区华祥坤工艺电器有限公司扩建项目_01_受理公告或公示版.pdf,PL049_佛山市顺德区华祥坤工艺电器有限公司扩建项目_01_受理公告或公示版.pdf,.pdf,pdf_pypdf,12,六、结论,E:\华南理工项目\环评文件汇总\01_GitHub项目与研究文档\eia-openclaw-sync-chen2026\05_QA测试集\人工核查_环评报告出处整理_20260715\环评报告文件_按正文一级章节拆分_20260727\PL049_佛山市顺德区华祥坤工艺电器有限公司扩建项目_01_受理公告或公示版\12_六、结论.md,8,204
E:\华南理工项目\环评文件汇总\01_GitHub项目与研究文档\eia-openclaw-sync-chen2026\05_QA测试集\人工核查_环评报告出处整理_20260715\环评报告文件_按问答顺序\PL049_佛山市顺德区华祥坤工艺电器有限公司扩建项目_01_受理公告或公示版.pdf,PL049_佛山市顺德区华祥坤工艺电器有限公司扩建项目_01_受理公告或公示版.pdf,.pdf,pdf_pypdf,13,附表附图附件,E:\华南理工项目\环评文件汇总\01_GitHub项目与研究文档\eia-openclaw-sync-chen2026\05_QA测试集\人工核查_环评报告出处整理_20260715\环评报告文件_按正文一级章节拆分_20260727\PL049_佛山市顺德区华祥坤工艺电器有限公司扩建项目_01_受理公告或公示版\13_附表附图附件.md,103,1552
E:\华南理工项目\环评文件汇总\01_GitHub项目与研究文档\eia-openclaw-sync-chen2026\05_QA测试集\人工核查_环评报告出处整理_20260715\环评报告文件_按问答顺序\PL050_广东希睿思汽车零部件有限公司新建项目_01_受理公告或公示版.pdf,PL050_广东希睿思汽车零部件有限公司新建项目_01_受理公告或公示版.pdf,.pdf,pdf_pypdf,1,封面及目录,E:\华南理工项目\环评文件汇总\01_GitHub项目与研究文档\eia-openclaw-sync-chen2026\05_QA测试集\人工核查_环评报告出处整理_20260715\环评报告文件_按正文一级章节拆分_20260727\PL050_广东希睿思汽车零部件有限公司新建项目_01_受理公告或公示版\01_封面及目录.md,9,143
E:\华南理工项目\环评文件汇总\01_GitHub项目与研究文档\eia-openclaw-sync-chen2026\05_QA测试集\人工核查_环评报告出处整理_20260715\环评报告文件_按问答顺序\PL050_广东希睿思汽车零部件有限公司新建项目_01_受理公告或公示版.pdf,PL050_广东希睿思汽车零部件有限公司新建项目_01_受理公告或公示版.pdf,.pdf,pdf_pypdf,2,一、建设项目基本情况..................................................................................................1,E:\华南理工项目\环评文件汇总\01_GitHub项目与研究文档\eia-openclaw-sync-chen2026\05_QA测试集\人工核查_环评报告出处整理_20260715\环评报告文件_按正文一级章节拆分_20260727\PL050_广东希睿思汽车零部件有限公司新建项目_01_受理公告或公示版\02_一、建设项目基本情况.md,1,110
E:\华南理工项目\环评文件汇总\01_GitHub项目与研究文档\eia-openclaw-sync-chen2026\05_QA测试集\人工核查_环评报告出处整理_20260715\环评报告文件_按问答顺序\PL050_广东希睿思汽车零部件有限公司新建项目_01_受理公告或公示版.pdf,PL050_广东希睿思汽车零部件有限公司新建项目_01_受理公告或公示版.pdf,.pdf,pdf_pypdf,3,二、建设项目工程分析................................................................................................13,E:\华南理工项目\环评文件汇总\01_GitHub项目与研究文档\eia-openclaw-sync-chen2026\05_QA测试集\人工核查_环评报告出处整理_20260715\环评报告文件_按正文一级章节拆分_20260727\PL050_广东希睿思汽车零部件有限公司新建项目_01_受理公告或公示版\03_二、建设项目工程分析.md,3,284
E:\华南理工项目\环评文件汇总\01_GitHub项目与研究文档\eia-openclaw-sync-chen2026\05_QA测试集\人工核查_环评报告出处整理_20260715\环评报告文件_按问答顺序\PL050_广东希睿思汽车零部件有限公司新建项目_01_受理公告或公示版.pdf,PL050_广东希睿思汽车零部件有限公司新建项目_01_受理公告或公示版.pdf,.pdf,pdf_pypdf,4,五、环境保护措施监督检查清单...............................................................................68,E:\华南理工项目\环评文件汇总\01_GitHub项目与研究文档\eia-openclaw-sync-chen2026\05_QA测试集\人工核查_环评报告出处整理_20260715\环评报告文件_按正文一级章节拆分_20260727\PL050_广东希睿思汽车零部件有限公司新建项目_01_受理公告或公示版\04_五、环境保护措施监督检查清单.md,1,96
E:\华南理工项目\环评文件汇总\01_GitHub项目与研究文档\eia-openclaw-sync-chen2026\05_QA测试集\人工核查_环评报告出处整理_20260715\环评报告文件_按问答顺序\PL050_广东希睿思汽车零部件有限公司新建项目_01_受理公告或公示版.pdf,PL050_广东希睿思汽车零部件有限公司新建项目_01_受理公告或公示版.pdf,.pdf,pdf_pypdf,5,六、结论........................................................................................................................71,E:\华南理工项目\环评文件汇总\01_GitHub项目与研究文档\eia-openclaw-sync-chen2026\05_QA测试集\人工核查_环评报告出处整理_20260715\环评报告文件_按正文一级章节拆分_20260727\PL050_广东希睿思汽车零部件有限公司新建项目_01_受理公告或公示版\05_六、结论.md,2,141
E:\华南理工项目\环评文件汇总\01_GitHub项目与研究文档\eia-openclaw-sync-chen2026\05_QA测试集\人工核查_环评报告出处整理_20260715\环评报告文件_按问答顺序\PL050_广东希睿思汽车零部件有限公司新建项目_01_受理公告或公示版.pdf,PL050_广东希睿思汽车零部件有限公司新建项目_01_受理公告或公示版.pdf,.pdf,pdf_pypdf,6,附表附图附件,E:\华南理工项目\环评文件汇总\01_GitHub项目与研究文档\eia-openclaw-sync-chen2026\05_QA测试集\人工核查_环评报告出处整理_20260715\环评报告文件_按正文一级章节拆分_20260727\PL050_广东希睿思汽车零部件有限公司新建项目_01_受理公告或公示版\06_附表附图附件.md,20,298
E:\华南理工项目\环评文件汇总\01_GitHub项目与研究文档\eia-openclaw-sync-chen2026\05_QA测试集\人工核查_环评报告出处整理_20260715\环评报告文件_按问答顺序\PL050_广东希睿思汽车零部件有限公司新建项目_01_受理公告或公示版.pdf,PL050_广东希睿思汽车零部件有限公司新建项目_01_受理公告或公示版.pdf,.pdf,pdf_pypdf,7,一、建设项目基本情况,E:\华南理工项目\环评文件汇总\01_GitHub项目与研究文档\eia-openclaw-sync-chen2026\05_QA测试集\人工核查_环评报告出处整理_20260715\环评报告文件_按正文一级章节拆分_20260727\PL050_广东希睿思汽车零部件有限公司新建项目_01_受理公告或公示版\07_一、建设项目基本情况.md,66,1247
E:\华南理工项目\环评文件汇总\01_GitHub项目与研究文档\eia-openclaw-sync-chen2026\05_QA测试集\人工核查_环评报告出处整理_20260715\环评报告文件_按问答顺序\PL050_广东希睿思汽车零部件有限公司新建项目_01_受理公告或公示版.pdf,PL050_广东希睿思汽车零部件有限公司新建项目_01_受理公告或公示版.pdf,.pdf,pdf_pypdf,8,附表附图附件,E:\华南理工项目\环评文件汇总\01_GitHub项目与研究文档\eia-openclaw-sync-chen2026\05_QA测试集\人工核查_环评报告出处整理_20260715\环评报告文件_按正文一级章节拆分_20260727\PL050_广东希睿思汽车零部件有限公司新建项目_01_受理公告或公示版\08_附表附图附件.md,661,13254
E:\华南理工项目\环评文件汇总\01_GitHub项目与研究文档\eia-openclaw-sync-chen2026\05_QA测试集\人工核查_环评报告出处整理_20260715\环评报告文件_按问答顺序\PL050_广东希睿思汽车零部件有限公司新建项目_01_受理公告或公示版.pdf,PL050_广东希睿思汽车零部件有限公司新建项目_01_受理公告或公示版.pdf,.pdf,pdf_pypdf,9,二、建设项目工程分析,E:\华南理工项目\环评文件汇总\01_GitHub项目与研究文档\eia-openclaw-sync-chen2026\05_QA测试集\人工核查_环评报告出处整理_20260715\环评报告文件_按正文一级章节拆分_20260727\PL050_广东希睿思汽车零部件有限公司新建项目_01_受理公告或公示版\09_二、建设项目工程分析.md,891,16362
E:\华南理工项目\环评文件汇总\01_GitHub项目与研究文档\eia-openclaw-sync-chen2026\05_QA测试集\人工核查_环评报告出处整理_20260715\环评报告文件_按问答顺序\PL050_广东希睿思汽车零部件有限公司新建项目_01_受理公告或公示版.pdf,PL050_广东希睿思汽车零部件有限公司新建项目_01_受理公告或公示版.pdf,.pdf,pdf_pypdf,10,三、区域环境质量现状、环境保护目标及评价标准,E:\华南理工项目\环评文件汇总\01_GitHub项目与研究文档\eia-openclaw-sync-chen2026\05_QA测试集\人工核查_环评报告出处整理_20260715\环评报告文件_按正文一级章节拆分_20260727\PL050_广东希睿思汽车零部件有限公司新建项目_01_受理公告或公示版\10_三、区域环境质量现状、环境保护目标及评价标准.md,263,5821
E:\华南理工项目\环评文件汇总\01_GitHub项目与研究文档\eia-openclaw-sync-chen2026\05_QA测试集\人工核查_环评报告出处整理_20260715\环评报告文件_按问答顺序\PL050_广东希睿思汽车零部件有限公司新建项目_01_受理公告或公示版.pdf,PL050_广东希睿思汽车零部件有限公司新建项目_01_受理公告或公示版.pdf,.pdf,pdf_pypdf,11,四、主要环境影响和保护措施,E:\华南理工项目\环评文件汇总\01_GitHub项目与研究文档\eia-openclaw-sync-chen2026\05_QA测试集\人工核查_环评报告出处整理_20260715\环评报告文件_按正文一级章节拆分_20260727\PL050_广东希睿思汽车零部件有限公司新建项目_01_受理公告或公示版\11_四、主要环境影响和保护措施.md,1572,30044
E:\华南理工项目\环评文件汇总\01_GitHub项目与研究文档\eia-openclaw-sync-chen2026\05_QA测试集\人工核查_环评报告出处整理_20260715\环评报告文件_按问答顺序\PL050_广东希睿思汽车零部件有限公司新建项目_01_受理公告或公示版.pdf,PL050_广东希睿思汽车零部件有限公司新建项目_01_受理公告或公示版.pdf,.pdf,pdf_pypdf,12,五、环境保护措施监督检查清单,E:\华南理工项目\环评文件汇总\01_GitHub项目与研究文档\eia-openclaw-sync-chen2026\05_QA测试集\人工核查_环评报告出处整理_20260715\环评报告文件_按正文一级章节拆分_20260727\PL050_广东希睿思汽车零部件有限公司新建项目_01_受理公告或公示版\12_五、环境保护措施监督检查清单.md,168,2988
E:\华南理工项目\环评文件汇总\01_GitHub项目与研究文档\eia-openclaw-sync-chen2026\05_QA测试集\人工核查_环评报告出处整理_20260715\环评报告文件_按问答顺序\PL050_广东希睿思汽车零部件有限公司新建项目_01_受理公告或公示版.pdf,PL050_广东希睿思汽车零部件有限公司新建项目_01_受理公告或公示版.pdf,.pdf,pdf_pypdf,13,六、结论,E:\华南理工项目\环评文件汇总\01_GitHub项目与研究文档\eia-openclaw-sync-chen2026\05_QA测试集\人工核查_环评报告出处整理_20260715\环评报告文件_按正文一级章节拆分_20260727\PL050_广东希睿思汽车零部件有限公司新建项目_01_受理公告或公示版\13_六、结论.md,7,205
E:\华南理工项目\环评文件汇总\01_GitHub项目与研究文档\eia-openclaw-sync-chen2026\05_QA测试集\人工核查_环评报告出处整理_20260715\环评报告文件_按问答顺序\PL050_广东希睿思汽车零部件有限公司新建项目_01_受理公告或公示版.pdf,PL050_广东希睿思汽车零部件有限公司新建项目_01_受理公告或公示版.pdf,.pdf,pdf_pypdf,14,附表附图附件,E:\华南理工项目\环评文件汇总\01_GitHub项目与研究文档\eia-openclaw-sync-chen2026\05_QA测试集\人工核查_环评报告出处整理_20260715\环评报告文件_按正文一级章节拆分_20260727\PL050_广东希睿思汽车零部件有限公司新建项目_01_受理公告或公示版\14_附表附图附件.md,123,1974
E:\华南理工项目\环评文件汇总\01_GitHub项目与研究文档\eia-openclaw-sync-chen2026\05_QA测试集\人工核查_环评报告出处整理_20260715\环评报告文件_按问答顺序\PL052_佛山市顺德区嘉保洁具有限公司迁建项目_01_报批稿或报告表.pdf,PL052_佛山市顺德区嘉保洁具有限公司迁建项目_01_报批稿或报告表.pdf,.pdf,pdf_pypdf,1,封面及目录,E:\华南理工项目\环评文件汇总\01_GitHub项目与研究文档\eia-openclaw-sync-chen2026\05_QA测试集\人工核查_环评报告出处整理_20260715\环评报告文件_按正文一级章节拆分_20260727\PL052_佛山市顺德区嘉保洁具有限公司迁建项目_01_报批稿或报告表\01_封面及目录.md,2,24
E:\华南理工项目\环评文件汇总\01_GitHub项目与研究文档\eia-openclaw-sync-chen2026\05_QA测试集\人工核查_环评报告出处整理_20260715\环评报告文件_按问答顺序\PL052_佛山市顺德区嘉保洁具有限公司迁建项目_01_报批稿或报告表.pdf,PL052_佛山市顺德区嘉保洁具有限公司迁建项目_01_报批稿或报告表.pdf,.pdf,pdf_pypdf,2,一、建设项目基本情况 .................................................................................................................. 1,E:\华南理工项目\环评文件汇总\01_GitHub项目与研究文档\eia-openclaw-sync-chen2026\05_QA测试集\人工核查_环评报告出处整理_20260715\环评报告文件_按正文一级章节拆分_20260727\PL052_佛山市顺德区嘉保洁具有限公司迁建项目_01_报批稿或报告表\02_一、建设项目基本情况.md,1,128
E:\华南理工项目\环评文件汇总\01_GitHub项目与研究文档\eia-openclaw-sync-chen2026\05_QA测试集\人工核查_环评报告出处整理_20260715\环评报告文件_按问答顺序\PL052_佛山市顺德区嘉保洁具有限公司迁建项目_01_报批稿或报告表.pdf,PL052_佛山市顺德区嘉保洁具有限公司迁建项目_01_报批稿或报告表.pdf,.pdf,pdf_pypdf,3,二、建设项目工程分析 ................................................................................................................ 12,E:\华南理工项目\环评文件汇总\01_GitHub项目与研究文档\eia-openclaw-sync-chen2026\05_QA测试集\人工核查_环评报告出处整理_20260715\环评报告文件_按正文一级章节拆分_20260727\PL052_佛山市顺德区嘉保洁具有限公司迁建项目_01_报批稿或报告表\03_二、建设项目工程分析.md,2,218
E:\华南理工项目\环评文件汇总\01_GitHub项目与研究文档\eia-openclaw-sync-chen2026\05_QA测试集\人工核查_环评报告出处整理_20260715\环评报告文件_按问答顺序\PL052_佛山市顺德区嘉保洁具有限公司迁建项目_01_报批稿或报告表.pdf,PL052_佛山市顺德区嘉保洁具有限公司迁建项目_01_报批稿或报告表.pdf,.pdf,pdf_pypdf,4,四、主要环境影响和保护措施 .................................................................................................... 35,E:\华南理工项目\环评文件汇总\01_GitHub项目与研究文档\eia-openclaw-sync-chen2026\05_QA测试集\人工核查_环评报告出处整理_20260715\环评报告文件_按正文一级章节拆分_20260727\PL052_佛山市顺德区嘉保洁具有限公司迁建项目_01_报批稿或报告表\04_四、主要环境影响和保护措施.md,1,118
E:\华南理工项目\环评文件汇总\01_GitHub项目与研究文档\eia-openclaw-sync-chen2026\05_QA测试集\人工核查_环评报告出处整理_20260715\环评报告文件_按问答顺序\PL052_佛山市顺德区嘉保洁具有限公司迁建项目_01_报批稿或报告表.pdf,PL052_佛山市顺德区嘉保洁具有限公司迁建项目_01_报批稿或报告表.pdf,.pdf,pdf_pypdf,5,五、环境保护措施监督检查清单 ................................................................................................ 62,E:\华南理工项目\环评文件汇总\01_GitHub项目与研究文档\eia-openclaw-sync-chen2026\05_QA测试集\人工核查_环评报告出处整理_20260715\环评报告文件_按正文一级章节拆分_20260727\PL052_佛山市顺德区嘉保洁具有限公司迁建项目_01_报批稿或报告表\05_五、环境保护措施监督检查清单.md,1,115
E:\华南理工项目\环评文件汇总\01_GitHub项目与研究文档\eia-openclaw-sync-chen2026\05_QA测试集\人工核查_环评报告出处整理_20260715\环评报告文件_按问答顺序\PL052_佛山市顺德区嘉保洁具有限公司迁建项目_01_报批稿或报告表.pdf,PL052_佛山市顺德区嘉保洁具有限公司迁建项目_01_报批稿或报告表.pdf,.pdf,pdf_pypdf,6,六、结论 ........................................................................................................................................ 64,E:\华南理工项目\环评文件汇总\01_GitHub项目与研究文档\eia-openclaw-sync-chen2026\05_QA测试集\人工核查_环评报告出处整理_20260715\环评报告文件_按正文一级章节拆分_20260727\PL052_佛山市顺德区嘉保洁具有限公司迁建项目_01_报批稿或报告表\06_六、结论.md,1,145
E:\华南理工项目\环评文件汇总\01_GitHub项目与研究文档\eia-openclaw-sync-chen2026\05_QA测试集\人工核查_环评报告出处整理_20260715\环评报告文件_按问答顺序\PL052_佛山市顺德区嘉保洁具有限公司迁建项目_01_报批稿或报告表.pdf,PL052_佛山市顺德区嘉保洁具有限公司迁建项目_01_报批稿或报告表.pdf,.pdf,pdf_pypdf,7,附表附图附件,E:\华南理工项目\环评文件汇总\01_GitHub项目与研究文档\eia-openclaw-sync-chen2026\05_QA测试集\人工核查_环评报告出处整理_20260715\环评报告文件_按正文一级章节拆分_20260727\PL052_佛山市顺德区嘉保洁具有限公司迁建项目_01_报批稿或报告表\07_附表附图附件.md,25,570
E:\华南理工项目\环评文件汇总\01_GitHub项目与研究文档\eia-openclaw-sync-chen2026\05_QA测试集\人工核查_环评报告出处整理_20260715\环评报告文件_按问答顺序\PL052_佛山市顺德区嘉保洁具有限公司迁建项目_01_报批稿或报告表.pdf,PL052_佛山市顺德区嘉保洁具有限公司迁建项目_01_报批稿或报告表.pdf,.pdf,pdf_pypdf,8,一、建设项目基本情况,E:\华南理工项目\环评文件汇总\01_GitHub项目与研究文档\eia-openclaw-sync-chen2026\05_QA测试集\人工核查_环评报告出处整理_20260715\环评报告文件_按正文一级章节拆分_20260727\PL052_佛山市顺德区嘉保洁具有限公司迁建项目_01_报批稿或报告表\08_一、建设项目基本情况.md,752,11081
E:\华南理工项目\环评文件汇总\01_GitHub项目与研究文档\eia-openclaw-sync-chen2026\05_QA测试集\人工核查_环评报告出处整理_20260715\环评报告文件_按问答顺序\PL052_佛山市顺德区嘉保洁具有限公司迁建项目_01_报批稿或报告表.pdf,PL052_佛山市顺德区嘉保洁具有限公司迁建项目_01_报批稿或报告表.pdf,.pdf,pdf_pypdf,9,二、建设项目工程分析,E:\华南理工项目\环评文件汇总\01_GitHub项目与研究文档\eia-openclaw-sync-chen2026\05_QA测试集\人工核查_环评报告出处整理_20260715\环评报告文件_按正文一级章节拆分_20260727\PL052_佛山市顺德区嘉保洁具有限公司迁建项目_01_报批稿或报告表\09_二、建设项目工程分析.md,1035,16735
E:\华南理工项目\环评文件汇总\01_GitHub项目与研究文档\eia-openclaw-sync-chen2026\05_QA测试集\人工核查_环评报告出处整理_20260715\环评报告文件_按问答顺序\PL052_佛山市顺德区嘉保洁具有限公司迁建项目_01_报批稿或报告表.pdf,PL052_佛山市顺德区嘉保洁具有限公司迁建项目_01_报批稿或报告表.pdf,.pdf,pdf_pypdf,10,三、区域环境质量现状、环境保护目标及评价标准,E:\华南理工项目\环评文件汇总\01_GitHub项目与研究文档\eia-openclaw-sync-chen2026\05_QA测试集\人工核查_环评报告出处整理_20260715\环评报告文件_按正文一级章节拆分_20260727\PL052_佛山市顺德区嘉保洁具有限公司迁建项目_01_报批稿或报告表\10_三、区域环境质量现状、环境保护目标及评价标准.md,225,5210
E:\华南理工项目\环评文件汇总\01_GitHub项目与研究文档\eia-openclaw-sync-chen2026\05_QA测试集\人工核查_环评报告出处整理_20260715\环评报告文件_按问答顺序\PL052_佛山市顺德区嘉保洁具有限公司迁建项目_01_报批稿或报告表.pdf,PL052_佛山市顺德区嘉保洁具有限公司迁建项目_01_报批稿或报告表.pdf,.pdf,pdf_pypdf,11,四、主要环境影响和保护措施,E:\华南理工项目\环评文件汇总\01_GitHub项目与研究文档\eia-openclaw-sync-chen2026\05_QA测试集\人工核查_环评报告出处整理_20260715\环评报告文件_按正文一级章节拆分_20260727\PL052_佛山市顺德区嘉保洁具有限公司迁建项目_01_报批稿或报告表\11_四、主要环境影响和保护措施.md,1300,25522
E:\华南理工项目\环评文件汇总\01_GitHub项目与研究文档\eia-openclaw-sync-chen2026\05_QA测试集\人工核查_环评报告出处整理_20260715\环评报告文件_按问答顺序\PL052_佛山市顺德区嘉保洁具有限公司迁建项目_01_报批稿或报告表.pdf,PL052_佛山市顺德区嘉保洁具有限公司迁建项目_01_报批稿或报告表.pdf,.pdf,pdf_pypdf,12,五、环境保护措施监督检查清单,E:\华南理工项目\环评文件汇总\01_GitHub项目与研究文档\eia-openclaw-sync-chen2026\05_QA测试集\人工核查_环评报告出处整理_20260715\环评报告文件_按正文一级章节拆分_20260727\PL052_佛山市顺德区嘉保洁具有限公司迁建项目_01_报批稿或报告表\12_五、环境保护措施监督检查清单.md,121,2004
E:\华南理工项目\环评文件汇总\01_GitHub项目与研究文档\eia-openclaw-sync-chen2026\05_QA测试集\人工核查_环评报告出处整理_20260715\环评报告文件_按问答顺序\PL052_佛山市顺德区嘉保洁具有限公司迁建项目_01_报批稿或报告表.pdf,PL052_佛山市顺德区嘉保洁具有限公司迁建项目_01_报批稿或报告表.pdf,.pdf,pdf_pypdf,13,六、结论,E:\华南理工项目\环评文件汇总\01_GitHub项目与研究文档\eia-openclaw-sync-chen2026\05_QA测试集\人工核查_环评报告出处整理_20260715\环评报告文件_按正文一级章节拆分_20260727\PL052_佛山市顺德区嘉保洁具有限公司迁建项目_01_报批稿或报告表\13_六、结论.md,7,159
E:\华南理工项目\环评文件汇总\01_GitHub项目与研究文档\eia-openclaw-sync-chen2026\05_QA测试集\人工核查_环评报告出处整理_20260715\环评报告文件_按问答顺序\PL052_佛山市顺德区嘉保洁具有限公司迁建项目_01_报批稿或报告表.pdf,PL052_佛山市顺德区嘉保洁具有限公司迁建项目_01_报批稿或报告表.pdf,.pdf,pdf_pypdf,14,附表附图附件,E:\华南理工项目\环评文件汇总\01_GitHub项目与研究文档\eia-openclaw-sync-chen2026\05_QA测试集\人工核查_环评报告出处整理_20260715\环评报告文件_按正文一级章节拆分_20260727\PL052_佛山市顺德区嘉保洁具有限公司迁建项目_01_报批稿或报告表\14_附表附图附件.md,111,1726
E:\华南理工项目\环评文件汇总\01_GitHub项目与研究文档\eia-openclaw-sync-chen2026\05_QA测试集\人工核查_环评报告出处整理_20260715\环评报告文件_按问答顺序\PL053_佛山市力方电器科技有限公司新建项目_01_报批稿或报告表.pdf,PL053_佛山市力方电器科技有限公司新建项目_01_报批稿或报告表.pdf,.pdf,pdf_low_text,1,未识别章节_全文,E:\华南理工项目\环评文件汇总\01_GitHub项目与研究文档\eia-openclaw-sync-chen2026\05_QA测试集\人工核查_环评报告出处整理_20260715\环评报告文件_按正文一级章节拆分_20260727\PL053_佛山市力方电器科技有限公司新建项目_01_报批稿或报告表\01_未识别章节_全文.md,2,57
E:\华南理工项目\环评文件汇总\01_GitHub项目与研究文档\eia-openclaw-sync-chen2026\05_QA测试集\人工核查_环评报告出处整理_20260715\环评报告文件_按问答顺序\PL054_佛山市顺德区红昇电器有限公司新建项目_01_受理公告或公示版.pdf,PL054_佛山市顺德区红昇电器有限公司新建项目_01_受理公告或公示版.pdf,.pdf,pdf_pypdf,1,封面及目录,E:\华南理工项目\环评文件汇总\01_GitHub项目与研究文档\eia-openclaw-sync-chen2026\05_QA测试集\人工核查_环评报告出处整理_20260715\环评报告文件_按正文一级章节拆分_20260727\PL054_佛山市顺德区红昇电器有限公司新建项目_01_受理公告或公示版\01_封面及目录.md,2,25
E:\华南理工项目\环评文件汇总\01_GitHub项目与研究文档\eia-openclaw-sync-chen2026\05_QA测试集\人工核查_环评报告出处整理_20260715\环评报告文件_按问答顺序\PL054_佛山市顺德区红昇电器有限公司新建项目_01_受理公告或公示版.pdf,PL054_佛山市顺德区红昇电器有限公司新建项目_01_受理公告或公示版.pdf,.pdf,pdf_pypdf,2,一、建设项目基本情况 ............................................................................................................ 1,E:\华南理工项目\环评文件汇总\01_GitHub项目与研究文档\eia-openclaw-sync-chen2026\05_QA测试集\人工核查_环评报告出处整理_20260715\环评报告文件_按正文一级章节拆分_20260727\PL054_佛山市顺德区红昇电器有限公司新建项目_01_受理公告或公示版\02_一、建设项目基本情况.md,1,122
E:\华南理工项目\环评文件汇总\01_GitHub项目与研究文档\eia-openclaw-sync-chen2026\05_QA测试集\人工核查_环评报告出处整理_20260715\环评报告文件_按问答顺序\PL054_佛山市顺德区红昇电器有限公司新建项目_01_受理公告或公示版.pdf,PL054_佛山市顺德区红昇电器有限公司新建项目_01_受理公告或公示版.pdf,.pdf,pdf_pypdf,3,二、建设项目工程分析 .......................................................................................................... 15,E:\华南理工项目\环评文件汇总\01_GitHub项目与研究文档\eia-openclaw-sync-chen2026\05_QA测试集\人工核查_环评报告出处整理_20260715\环评报告文件_按正文一级章节拆分_20260727\PL054_佛山市顺德区红昇电器有限公司新建项目_01_受理公告或公示版\03_二、建设项目工程分析.md,3,320
E:\华南理工项目\环评文件汇总\01_GitHub项目与研究文档\eia-openclaw-sync-chen2026\05_QA测试集\人工核查_环评报告出处整理_20260715\环评报告文件_按问答顺序\PL054_佛山市顺德区红昇电器有限公司新建项目_01_受理公告或公示版.pdf,PL054_佛山市顺德区红昇电器有限公司新建项目_01_受理公告或公示版.pdf,.pdf,pdf_pypdf,4,五、环境保护措施监督检查清单 .......................................................................................... 58,E:\华南理工项目\环评文件汇总\01_GitHub项目与研究文档\eia-openclaw-sync-chen2026\05_QA测试集\人工核查_环评报告出处整理_20260715\环评报告文件_按正文一级章节拆分_20260727\PL054_佛山市顺德区红昇电器有限公司新建项目_01_受理公告或公示版\04_五、环境保护措施监督检查清单.md,1,109
E:\华南理工项目\环评文件汇总\01_GitHub项目与研究文档\eia-openclaw-sync-chen2026\05_QA测试集\人工核查_环评报告出处整理_20260715\环评报告文件_按问答顺序\PL054_佛山市顺德区红昇电器有限公司新建项目_01_受理公告或公示版.pdf,PL054_佛山市顺德区红昇电器有限公司新建项目_01_受理公告或公示版.pdf,.pdf,pdf_pypdf,5,六、结论 .................................................................................................................................. 61,E:\华南理工项目\环评文件汇总\01_GitHub项目与研究文档\eia-openclaw-sync-chen2026\05_QA测试集\人工核查_环评报告出处整理_20260715\环评报告文件_按正文一级章节拆分_20260727\PL054_佛山市顺德区红昇电器有限公司新建项目_01_受理公告或公示版\05_六、结论.md,1,139
E:\华南理工项目\环评文件汇总\01_GitHub项目与研究文档\eia-openclaw-sync-chen2026\05_QA测试集\人工核查_环评报告出处整理_20260715\环评报告文件_按问答顺序\PL054_佛山市顺德区红昇电器有限公司新建项目_01_受理公告或公示版.pdf,PL054_佛山市顺德区红昇电器有限公司新建项目_01_受理公告或公示版.pdf,.pdf,pdf_pypdf,6,附表附图附件,E:\华南理工项目\环评文件汇总\01_GitHub项目与研究文档\eia-openclaw-sync-chen2026\05_QA测试集\人工核查_环评报告出处整理_20260715\环评报告文件_按正文一级章节拆分_20260727\PL054_佛山市顺德区红昇电器有限公司新建项目_01_受理公告或公示版\06_附表附图附件.md,20,329
E:\华南理工项目\环评文件汇总\01_GitHub项目与研究文档\eia-openclaw-sync-chen2026\05_QA测试集\人工核查_环评报告出处整理_20260715\环评报告文件_按问答顺序\PL054_佛山市顺德区红昇电器有限公司新建项目_01_受理公告或公示版.pdf,PL054_佛山市顺德区红昇电器有限公司新建项目_01_受理公告或公示版.pdf,.pdf,pdf_pypdf,7,一、建设项目基本情况,E:\华南理工项目\环评文件汇总\01_GitHub项目与研究文档\eia-openclaw-sync-chen2026\05_QA测试集\人工核查_环评报告出处整理_20260715\环评报告文件_按正文一级章节拆分_20260727\PL054_佛山市顺德区红昇电器有限公司新建项目_01_受理公告或公示版\07_一、建设项目基本情况.md,1032,15539
E:\华南理工项目\环评文件汇总\01_GitHub项目与研究文档\eia-openclaw-sync-chen2026\05_QA测试集\人工核查_环评报告出处整理_20260715\环评报告文件_按问答顺序\PL054_佛山市顺德区红昇电器有限公司新建项目_01_受理公告或公示版.pdf,PL054_佛山市顺德区红昇电器有限公司新建项目_01_受理公告或公示版.pdf,.pdf,pdf_pypdf,8,二、建设项目工程分析,E:\华南理工项目\环评文件汇总\01_GitHub项目与研究文档\eia-openclaw-sync-chen2026\05_QA测试集\人工核查_环评报告出处整理_20260715\环评报告文件_按正文一级章节拆分_20260727\PL054_佛山市顺德区红昇电器有限公司新建项目_01_受理公告或公示版\08_二、建设项目工程分析.md,392,7254
E:\华南理工项目\环评文件汇总\01_GitHub项目与研究文档\eia-openclaw-sync-chen2026\05_QA测试集\人工核查_环评报告出处整理_20260715\环评报告文件_按问答顺序\PL054_佛山市顺德区红昇电器有限公司新建项目_01_受理公告或公示版.pdf,PL054_佛山市顺德区红昇电器有限公司新建项目_01_受理公告或公示版.pdf,.pdf,pdf_pypdf,9,三、区域环境质量现状、环境保护目标及评价标准,E:\华南理工项目\环评文件汇总\01_GitHub项目与研究文档\eia-openclaw-sync-chen2026\05_QA测试集\人工核查_环评报告出处整理_20260715\环评报告文件_按正文一级章节拆分_20260727\PL054_佛山市顺德区红昇电器有限公司新建项目_01_受理公告或公示版\09_三、区域环境质量现状、环境保护目标及评价标准.md,255,5138
E:\华南理工项目\环评文件汇总\01_GitHub项目与研究文档\eia-openclaw-sync-chen2026\05_QA测试集\人工核查_环评报告出处整理_20260715\环评报告文件_按问答顺序\PL054_佛山市顺德区红昇电器有限公司新建项目_01_受理公告或公示版.pdf,PL054_佛山市顺德区红昇电器有限公司新建项目_01_受理公告或公示版.pdf,.pdf,pdf_pypdf,10,四、主要环境影响和保护措施,E:\华南理工项目\环评文件汇总\01_GitHub项目与研究文档\eia-openclaw-sync-chen2026\05_QA测试集\人工核查_环评报告出处整理_20260715\环评报告文件_按正文一级章节拆分_20260727\PL054_佛山市顺德区红昇电器有限公司新建项目_01_受理公告或公示版\10_四、主要环境影响和保护措施.md,1420,23958
E:\华南理工项目\环评文件汇总\01_GitHub项目与研究文档\eia-openclaw-sync-chen2026\05_QA测试集\人工核查_环评报告出处整理_20260715\环评报告文件_按问答顺序\PL054_佛山市顺德区红昇电器有限公司新建项目_01_受理公告或公示版.pdf,PL054_佛山市顺德区红昇电器有限公司新建项目_01_受理公告或公示版.pdf,.pdf,pdf_pypdf,11,五、环境保护措施监督检查清单,E:\华南理工项目\环评文件汇总\01_GitHub项目与研究文档\eia-openclaw-sync-chen2026\05_QA测试集\人工核查_环评报告出处整理_20260715\环评报告文件_按正文一级章节拆分_20260727\PL054_佛山市顺德区红昇电器有限公司新建项目_01_受理公告或公示版\11_五、环境保护措施监督检查清单.md,159,2892
E:\华南理工项目\环评文件汇总\01_GitHub项目与研究文档\eia-openclaw-sync-chen2026\05_QA测试集\人工核查_环评报告出处整理_20260715\环评报告文件_按问答顺序\PL054_佛山市顺德区红昇电器有限公司新建项目_01_受理公告或公示版.pdf,PL054_佛山市顺德区红昇电器有限公司新建项目_01_受理公告或公示版.pdf,.pdf,pdf_pypdf,12,六、结论,E:\华南理工项目\环评文件汇总\01_GitHub项目与研究文档\eia-openclaw-sync-chen2026\05_QA测试集\人工核查_环评报告出处整理_20260715\环评报告文件_按正文一级章节拆分_20260727\PL054_佛山市顺德区红昇电器有限公司新建项目_01_受理公告或公示版\12_六、结论.md,8,204
E:\华南理工项目\环评文件汇总\01_GitHub项目与研究文档\eia-openclaw-sync-chen2026\05_QA测试集\人工核查_环评报告出处整理_20260715\环评报告文件_按问答顺序\PL054_佛山市顺德区红昇电器有限公司新建项目_01_受理公告或公示版.pdf,PL054_佛山市顺德区红昇电器有限公司新建项目_01_受理公告或公示版.pdf,.pdf,pdf_pypdf,13,附表附图附件,E:\华南理工项目\环评文件汇总\01_GitHub项目与研究文档\eia-openclaw-sync-chen2026\05_QA测试集\人工核查_环评报告出处整理_20260715\环评报告文件_按正文一级章节拆分_20260727\PL054_佛山市顺德区红昇电器有限公司新建项目_01_受理公告或公示版\13_附表附图附件.md,109,1597
E:\华南理工项目\环评文件汇总\01_GitHub项目与研究文档\eia-openclaw-sync-chen2026\05_QA测试集\人工核查_环评报告出处整理_20260715\环评报告文件_按问答顺序\PL055_佛山市力新五金塑胶制品有限公司新建项目_01_受理公告或公示版.pdf,PL055_佛山市力新五金塑胶制品有限公司新建项目_01_受理公告或公示版.pdf,.pdf,pdf_pypdf,1,封面及目录,E:\华南理工项目\环评文件汇总\01_GitHub项目与研究文档\eia-openclaw-sync-chen2026\05_QA测试集\人工核查_环评报告出处整理_20260715\环评报告文件_按正文一级章节拆分_20260727\PL055_佛山市力新五金塑胶制品有限公司新建项目_01_受理公告或公示版\01_封面及目录.md,2,24
E:\华南理工项目\环评文件汇总\01_GitHub项目与研究文档\eia-openclaw-sync-chen2026\05_QA测试集\人工核查_环评报告出处整理_20260715\环评报告文件_按问答顺序\PL055_佛山市力新五金塑胶制品有限公司新建项目_01_受理公告或公示版.pdf,PL055_佛山市力新五金塑胶制品有限公司新建项目_01_受理公告或公示版.pdf,.pdf,pdf_pypdf,2,一、建设项目基本情况 ........................................................................................................................................1,E:\华南理工项目\环评文件汇总\01_GitHub项目与研究文档\eia-openclaw-sync-chen2026\05_QA测试集\人工核查_环评报告出处整理_20260715\环评报告文件_按正文一级章节拆分_20260727\PL055_佛山市力新五金塑胶制品有限公司新建项目_01_受理公告或公示版\02_一、建设项目基本情况.md,1,149
E:\华南理工项目\环评文件汇总\01_GitHub项目与研究文档\eia-openclaw-sync-chen2026\05_QA测试集\人工核查_环评报告出处整理_20260715\环评报告文件_按问答顺序\PL055_佛山市力新五金塑胶制品有限公司新建项目_01_受理公告或公示版.pdf,PL055_佛山市力新五金塑胶制品有限公司新建项目_01_受理公告或公示版.pdf,.pdf,pdf_pypdf,3,二、建设项目工程分析 ......................................................................................................................................15,E:\华南理工项目\环评文件汇总\01_GitHub项目与研究文档\eia-openclaw-sync-chen2026\05_QA测试集\人工核查_环评报告出处整理_20260715\环评报告文件_按正文一级章节拆分_20260727\PL055_佛山市力新五金塑胶制品有限公司新建项目_01_受理公告或公示版\03_二、建设项目工程分析.md,3,402
E:\华南理工项目\环评文件汇总\01_GitHub项目与研究文档\eia-openclaw-sync-chen2026\05_QA测试集\人工核查_环评报告出处整理_20260715\环评报告文件_按问答顺序\PL055_佛山市力新五金塑胶制品有限公司新建项目_01_受理公告或公示版.pdf,PL055_佛山市力新五金塑胶制品有限公司新建项目_01_受理公告或公示版.pdf,.pdf,pdf_pypdf,4,五、环境保护措施监督检查清单 ..................................................................................................................... 63,E:\华南理工项目\环评文件汇总\01_GitHub项目与研究文档\eia-openclaw-sync-chen2026\05_QA测试集\人工核查_环评报告出处整理_20260715\环评报告文件_按正文一级章节拆分_20260727\PL055_佛山市力新五金塑胶制品有限公司新建项目_01_受理公告或公示版\04_五、环境保护措施监督检查清单.md,1,136
E:\华南理工项目\环评文件汇总\01_GitHub项目与研究文档\eia-openclaw-sync-chen2026\05_QA测试集\人工核查_环评报告出处整理_20260715\环评报告文件_按问答顺序\PL055_佛山市力新五金塑胶制品有限公司新建项目_01_受理公告或公示版.pdf,PL055_佛山市力新五金塑胶制品有限公司新建项目_01_受理公告或公示版.pdf,.pdf,pdf_pypdf,5,六、结论 ..............................................................................................................................................................65,E:\华南理工项目\环评文件汇总\01_GitHub项目与研究文档\eia-openclaw-sync-chen2026\05_QA测试集\人工核查_环评报告出处整理_20260715\环评报告文件_按正文一级章节拆分_20260727\PL055_佛山市力新五金塑胶制品有限公司新建项目_01_受理公告或公示版\05_六、结论.md,1,166
E:\华南理工项目\环评文件汇总\01_GitHub项目与研究文档\eia-openclaw-sync-chen2026\05_QA测试集\人工核查_环评报告出处整理_20260715\环评报告文件_按问答顺序\PL055_佛山市力新五金塑胶制品有限公司新建项目_01_受理公告或公示版.pdf,PL055_佛山市力新五金塑胶制品有限公司新建项目_01_受理公告或公示版.pdf,.pdf,pdf_pypdf,6,附表附图附件,E:\华南理工项目\环评文件汇总\01_GitHub项目与研究文档\eia-openclaw-sync-chen2026\05_QA测试集\人工核查_环评报告出处整理_20260715\环评报告文件_按正文一级章节拆分_20260727\PL055_佛山市力新五金塑胶制品有限公司新建项目_01_受理公告或公示版\06_附表附图附件.md,23,2941
E:\华南理工项目\环评文件汇总\01_GitHub项目与研究文档\eia-openclaw-sync-chen2026\05_QA测试集\人工核查_环评报告出处整理_20260715\环评报告文件_按问答顺序\PL055_佛山市力新五金塑胶制品有限公司新建项目_01_受理公告或公示版.pdf,PL055_佛山市力新五金塑胶制品有限公司新建项目_01_受理公告或公示版.pdf,.pdf,pdf_pypdf,7,一、建设项目基本情况,E:\华南理工项目\环评文件汇总\01_GitHub项目与研究文档\eia-openclaw-sync-chen2026\05_QA测试集\人工核查_环评报告出处整理_20260715\环评报告文件_按正文一级章节拆分_20260727\PL055_佛山市力新五金塑胶制品有限公司新建项目_01_受理公告或公示版\07_一、建设项目基本情况.md,1073,17797
E:\华南理工项目\环评文件汇总\01_GitHub项目与研究文档\eia-openclaw-sync-chen2026\05_QA测试集\人工核查_环评报告出处整理_20260715\环评报告文件_按问答顺序\PL055_佛山市力新五金塑胶制品有限公司新建项目_01_受理公告或公示版.pdf,PL055_佛山市力新五金塑胶制品有限公司新建项目_01_受理公告或公示版.pdf,.pdf,pdf_pypdf,8,二、建设项目工程分析,E:\华南理工项目\环评文件汇总\01_GitHub项目与研究文档\eia-openclaw-sync-chen2026\05_QA测试集\人工核查_环评报告出处整理_20260715\环评报告文件_按正文一级章节拆分_20260727\PL055_佛山市力新五金塑胶制品有限公司新建项目_01_受理公告或公示版\08_二、建设项目工程分析.md,495,9469
E:\华南理工项目\环评文件汇总\01_GitHub项目与研究文档\eia-openclaw-sync-chen2026\05_QA测试集\人工核查_环评报告出处整理_20260715\环评报告文件_按问答顺序\PL055_佛山市力新五金塑胶制品有限公司新建项目_01_受理公告或公示版.pdf,PL055_佛山市力新五金塑胶制品有限公司新建项目_01_受理公告或公示版.pdf,.pdf,pdf_pypdf,9,三、区域环境质量现状、环境保护目标及评价标准,E:\华南理工项目\环评文件汇总\01_GitHub项目与研究文档\eia-openclaw-sync-chen2026\05_QA测试集\人工核查_环评报告出处整理_20260715\环评报告文件_按正文一级章节拆分_20260727\PL055_佛山市力新五金塑胶制品有限公司新建项目_01_受理公告或公示版\09_三、区域环境质量现状、环境保护目标及评价标准.md,1663,36855
E:\华南理工项目\环评文件汇总\01_GitHub项目与研究文档\eia-openclaw-sync-chen2026\05_QA测试集\人工核查_环评报告出处整理_20260715\环评报告文件_按问答顺序\PL055_佛山市力新五金塑胶制品有限公司新建项目_01_受理公告或公示版.pdf,PL055_佛山市力新五金塑胶制品有限公司新建项目_01_受理公告或公示版.pdf,.pdf,pdf_pypdf,10,五、环境保护措施监督检查清单,E:\华南理工项目\环评文件汇总\01_GitHub项目与研究文档\eia-openclaw-sync-chen2026\05_QA测试集\人工核查_环评报告出处整理_20260715\环评报告文件_按正文一级章节拆分_20260727\PL055_佛山市力新五金塑胶制品有限公司新建项目_01_受理公告或公示版\10_五、环境保护措施监督检查清单.md,140,2535
E:\华南理工项目\环评文件汇总\01_GitHub项目与研究文档\eia-openclaw-sync-chen2026\05_QA测试集\人工核查_环评报告出处整理_20260715\环评报告文件_按问答顺序\PL055_佛山市力新五金塑胶制品有限公司新建项目_01_受理公告或公示版.pdf,PL055_佛山市力新五金塑胶制品有限公司新建项目_01_受理公告或公示版.pdf,.pdf,pdf_pypdf,11,六、结论,E:\华南理工项目\环评文件汇总\01_GitHub项目与研究文档\eia-openclaw-sync-chen2026\05_QA测试集\人工核查_环评报告出处整理_20260715\环评报告文件_按正文一级章节拆分_20260727\PL055_佛山市力新五金塑胶制品有限公司新建项目_01_受理公告或公示版\11_六、结论.md,7,205
E:\华南理工项目\环评文件汇总\01_GitHub项目与研究文档\eia-openclaw-sync-chen2026\05_QA测试集\人工核查_环评报告出处整理_20260715\环评报告文件_按问答顺序\PL055_佛山市力新五金塑胶制品有限公司新建项目_01_受理公告或公示版.pdf,PL055_佛山市力新五金塑胶制品有限公司新建项目_01_受理公告或公示版.pdf,.pdf,pdf_pypdf,12,附表附图附件,E:\华南理工项目\环评文件汇总\01_GitHub项目与研究文档\eia-openclaw-sync-chen2026\05_QA测试集\人工核查_环评报告出处整理_20260715\环评报告文件_按正文一级章节拆分_20260727\PL055_佛山市力新五金塑胶制品有限公司新建项目_01_受理公告或公示版\12_附表附图附件.md,112,1645
E:\华南理工项目\环评文件汇总\01_GitHub项目与研究文档\eia-openclaw-sync-chen2026\05_QA测试集\人工核查_环评报告出处整理_20260715\环评报告文件_按问答顺序\PL056_佛山市祖帮海绵有限公司新建项目_01_受理公告或公示版.pdf,PL056_佛山市祖帮海绵有限公司新建项目_01_受理公告或公示版.pdf,.pdf,pdf_pypdf,1,封面及目录,E:\华南理工项目\环评文件汇总\01_GitHub项目与研究文档\eia-openclaw-sync-chen2026\05_QA测试集\人工核查_环评报告出处整理_20260715\环评报告文件_按正文一级章节拆分_20260727\PL056_佛山市祖帮海绵有限公司新建项目_01_受理公告或公示版\01_封面及目录.md,2,24
E:\华南理工项目\环评文件汇总\01_GitHub项目与研究文档\eia-openclaw-sync-chen2026\05_QA测试集\人工核查_环评报告出处整理_20260715\环评报告文件_按问答顺序\PL056_佛山市祖帮海绵有限公司新建项目_01_受理公告或公示版.pdf,PL056_佛山市祖帮海绵有限公司新建项目_01_受理公告或公示版.pdf,.pdf,pdf_pypdf,2,一、建设项目基本情况 ....................................................................................................................... 1,E:\华南理工项目\环评文件汇总\01_GitHub项目与研究文档\eia-openclaw-sync-chen2026\05_QA测试集\人工核查_环评报告出处整理_20260715\环评报告文件_按正文一级章节拆分_20260727\PL056_佛山市祖帮海绵有限公司新建项目_01_受理公告或公示版\02_一、建设项目基本情况.md,1,133
E:\华南理工项目\环评文件汇总\01_GitHub项目与研究文档\eia-openclaw-sync-chen2026\05_QA测试集\人工核查_环评报告出处整理_20260715\环评报告文件_按问答顺序\PL056_佛山市祖帮海绵有限公司新建项目_01_受理公告或公示版.pdf,PL056_佛山市祖帮海绵有限公司新建项目_01_受理公告或公示版.pdf,.pdf,pdf_pypdf,3,二、建设项目工程分析 ..................................................................................................................... 15,E:\华南理工项目\环评文件汇总\01_GitHub项目与研究文档\eia-openclaw-sync-chen2026\05_QA测试集\人工核查_环评报告出处整理_20260715\环评报告文件_按正文一级章节拆分_20260727\PL056_佛山市祖帮海绵有限公司新建项目_01_受理公告或公示版\03_二、建设项目工程分析.md,2,228
E:\华南理工项目\环评文件汇总\01_GitHub项目与研究文档\eia-openclaw-sync-chen2026\05_QA测试集\人工核查_环评报告出处整理_20260715\环评报告文件_按问答顺序\PL056_佛山市祖帮海绵有限公司新建项目_01_受理公告或公示版.pdf,PL056_佛山市祖帮海绵有限公司新建项目_01_受理公告或公示版.pdf,.pdf,pdf_pypdf,4,四、主要环境影响和保护措施 ......................................................................................................... 45,E:\华南理工项目\环评文件汇总\01_GitHub项目与研究文档\eia-openclaw-sync-chen2026\05_QA测试集\人工核查_环评报告出处整理_20260715\环评报告文件_按正文一级章节拆分_20260727\PL056_佛山市祖帮海绵有限公司新建项目_01_受理公告或公示版\04_四、主要环境影响和保护措施.md,1,123
E:\华南理工项目\环评文件汇总\01_GitHub项目与研究文档\eia-openclaw-sync-chen2026\05_QA测试集\人工核查_环评报告出处整理_20260715\环评报告文件_按问答顺序\PL056_佛山市祖帮海绵有限公司新建项目_01_受理公告或公示版.pdf,PL056_佛山市祖帮海绵有限公司新建项目_01_受理公告或公示版.pdf,.pdf,pdf_pypdf,5,五、环境保护措施监督检查清单 ..................................................................................................... 60,E:\华南理工项目\环评文件汇总\01_GitHub项目与研究文档\eia-openclaw-sync-chen2026\05_QA测试集\人工核查_环评报告出处整理_20260715\环评报告文件_按正文一级章节拆分_20260727\PL056_佛山市祖帮海绵有限公司新建项目_01_受理公告或公示版\05_五、环境保护措施监督检查清单.md,1,120
E:\华南理工项目\环评文件汇总\01_GitHub项目与研究文档\eia-openclaw-sync-chen2026\05_QA测试集\人工核查_环评报告出处整理_20260715\环评报告文件_按问答顺序\PL056_佛山市祖帮海绵有限公司新建项目_01_受理公告或公示版.pdf,PL056_佛山市祖帮海绵有限公司新建项目_01_受理公告或公示版.pdf,.pdf,pdf_pypdf,6,六、结论 ............................................................................................................................................. 63,E:\华南理工项目\环评文件汇总\01_GitHub项目与研究文档\eia-openclaw-sync-chen2026\05_QA测试集\人工核查_环评报告出处整理_20260715\环评报告文件_按正文一级章节拆分_20260727\PL056_佛山市祖帮海绵有限公司新建项目_01_受理公告或公示版\06_六、结论.md,1,150
E:\华南理工项目\环评文件汇总\01_GitHub项目与研究文档\eia-openclaw-sync-chen2026\05_QA测试集\人工核查_环评报告出处整理_20260715\环评报告文件_按问答顺序\PL056_佛山市祖帮海绵有限公司新建项目_01_受理公告或公示版.pdf,PL056_佛山市祖帮海绵有限公司新建项目_01_受理公告或公示版.pdf,.pdf,pdf_pypdf,7,附表附图附件,E:\华南理工项目\环评文件汇总\01_GitHub项目与研究文档\eia-openclaw-sync-chen2026\05_QA测试集\人工核查_环评报告出处整理_20260715\环评报告文件_按正文一级章节拆分_20260727\PL056_佛山市祖帮海绵有限公司新建项目_01_受理公告或公示版\07_附表附图附件.md,26,2922
E:\华南理工项目\环评文件汇总\01_GitHub项目与研究文档\eia-openclaw-sync-chen2026\05_QA测试集\人工核查_环评报告出处整理_20260715\环评报告文件_按问答顺序\PL056_佛山市祖帮海绵有限公司新建项目_01_受理公告或公示版.pdf,PL056_佛山市祖帮海绵有限公司新建项目_01_受理公告或公示版.pdf,.pdf,pdf_pypdf,8,一、建设项目基本情况,E:\华南理工项目\环评文件汇总\01_GitHub项目与研究文档\eia-openclaw-sync-chen2026\05_QA测试集\人工核查_环评报告出处整理_20260715\环评报告文件_按正文一级章节拆分_20260727\PL056_佛山市祖帮海绵有限公司新建项目_01_受理公告或公示版\08_一、建设项目基本情况.md,595,10547
E:\华南理工项目\环评文件汇总\01_GitHub项目与研究文档\eia-openclaw-sync-chen2026\05_QA测试集\人工核查_环评报告出处整理_20260715\环评报告文件_按问答顺序\PL056_佛山市祖帮海绵有限公司新建项目_01_受理公告或公示版.pdf,PL056_佛山市祖帮海绵有限公司新建项目_01_受理公告或公示版.pdf,.pdf,pdf_pypdf,9,附表附图附件,E:\华南理工项目\环评文件汇总\01_GitHub项目与研究文档\eia-openclaw-sync-chen2026\05_QA测试集\人工核查_环评报告出处整理_20260715\环评报告文件_按正文一级章节拆分_20260727\PL056_佛山市祖帮海绵有限公司新建项目_01_受理公告或公示版\09_附表附图附件.md,307,6121
E:\华南理工项目\环评文件汇总\01_GitHub项目与研究文档\eia-openclaw-sync-chen2026\05_QA测试集\人工核查_环评报告出处整理_20260715\环评报告文件_按问答顺序\PL056_佛山市祖帮海绵有限公司新建项目_01_受理公告或公示版.pdf,PL056_佛山市祖帮海绵有限公司新建项目_01_受理公告或公示版.pdf,.pdf,pdf_pypdf,10,二、建设项目工程分析,E:\华南理工项目\环评文件汇总\01_GitHub项目与研究文档\eia-openclaw-sync-chen2026\05_QA测试集\人工核查_环评报告出处整理_20260715\环评报告文件_按正文一级章节拆分_20260727\PL056_佛山市祖帮海绵有限公司新建项目_01_受理公告或公示版\10_二、建设项目工程分析.md,1173,21017
E:\华南理工项目\环评文件汇总\01_GitHub项目与研究文档\eia-openclaw-sync-chen2026\05_QA测试集\人工核查_环评报告出处整理_20260715\环评报告文件_按问答顺序\PL056_佛山市祖帮海绵有限公司新建项目_01_受理公告或公示版.pdf,PL056_佛山市祖帮海绵有限公司新建项目_01_受理公告或公示版.pdf,.pdf,pdf_pypdf,11,三、区域环境质量现状、环境保护目标及评价标准,E:\华南理工项目\环评文件汇总\01_GitHub项目与研究文档\eia-openclaw-sync-chen2026\05_QA测试集\人工核查_环评报告出处整理_20260715\环评报告文件_按正文一级章节拆分_20260727\PL056_佛山市祖帮海绵有限公司新建项目_01_受理公告或公示版\11_三、区域环境质量现状、环境保护目标及评价标准.md,205,4236
E:\华南理工项目\环评文件汇总\01_GitHub项目与研究文档\eia-openclaw-sync-chen2026\05_QA测试集\人工核查_环评报告出处整理_20260715\环评报告文件_按问答顺序\PL056_佛山市祖帮海绵有限公司新建项目_01_受理公告或公示版.pdf,PL056_佛山市祖帮海绵有限公司新建项目_01_受理公告或公示版.pdf,.pdf,pdf_pypdf,12,四、主要环境影响和保护措施,E:\华南理工项目\环评文件汇总\01_GitHub项目与研究文档\eia-openclaw-sync-chen2026\05_QA测试集\人工核查_环评报告出处整理_20260715\环评报告文件_按正文一级章节拆分_20260727\PL056_佛山市祖帮海绵有限公司新建项目_01_受理公告或公示版\12_四、主要环境影响和保护措施.md,750,13761
E:\华南理工项目\环评文件汇总\01_GitHub项目与研究文档\eia-openclaw-sync-chen2026\05_QA测试集\人工核查_环评报告出处整理_20260715\环评报告文件_按问答顺序\PL056_佛山市祖帮海绵有限公司新建项目_01_受理公告或公示版.pdf,PL056_佛山市祖帮海绵有限公司新建项目_01_受理公告或公示版.pdf,.pdf,pdf_pypdf,13,五、环境保护措施监督检查清单,E:\华南理工项目\环评文件汇总\01_GitHub项目与研究文档\eia-openclaw-sync-chen2026\05_QA测试集\人工核查_环评报告出处整理_20260715\环评报告文件_按正文一级章节拆分_20260727\PL056_佛山市祖帮海绵有限公司新建项目_01_受理公告或公示版\13_五、环境保护措施监督检查清单.md,155,2915
E:\华南理工项目\环评文件汇总\01_GitHub项目与研究文档\eia-openclaw-sync-chen2026\05_QA测试集\人工核查_环评报告出处整理_20260715\环评报告文件_按问答顺序\PL056_佛山市祖帮海绵有限公司新建项目_01_受理公告或公示版.pdf,PL056_佛山市祖帮海绵有限公司新建项目_01_受理公告或公示版.pdf,.pdf,pdf_pypdf,14,六、结论,E:\华南理工项目\环评文件汇总\01_GitHub项目与研究文档\eia-openclaw-sync-chen2026\05_QA测试集\人工核查_环评报告出处整理_20260715\环评报告文件_按正文一级章节拆分_20260727\PL056_佛山市祖帮海绵有限公司新建项目_01_受理公告或公示版\14_六、结论.md,8,212
E:\华南理工项目\环评文件汇总\01_GitHub项目与研究文档\eia-openclaw-sync-chen2026\05_QA测试集\人工核查_环评报告出处整理_20260715\环评报告文件_按问答顺序\PL056_佛山市祖帮海绵有限公司新建项目_01_受理公告或公示版.pdf,PL056_佛山市祖帮海绵有限公司新建项目_01_受理公告或公示版.pdf,.pdf,pdf_pypdf,15,附表附图附件,E:\华南理工项目\环评文件汇总\01_GitHub项目与研究文档\eia-openclaw-sync-chen2026\05_QA测试集\人工核查_环评报告出处整理_20260715\环评报告文件_按正文一级章节拆分_20260727\PL056_佛山市祖帮海绵有限公司新建项目_01_受理公告或公示版\15_附表附图附件.md,6272,133020
E:\华南理工项目\环评文件汇总\01_GitHub项目与研究文档\eia-openclaw-sync-chen2026\05_QA测试集\人工核查_环评报告出处整理_20260715\环评报告文件_按问答顺序\PL056_佛山市祖帮海绵有限公司新建项目_02_报批稿或报告表.docx,PL056_佛山市祖帮海绵有限公司新建项目_02_报批稿或报告表.docx,.docx,docx,1,封面及目录,E:\华南理工项目\环评文件汇总\01_GitHub项目与研究文档\eia-openclaw-sync-chen2026\05_QA测试集\人工核查_环评报告出处整理_20260715\环评报告文件_按正文一级章节拆分_20260727\PL056_佛山市祖帮海绵有限公司新建项目_02_报批稿或报告表\01_封面及目录.md,7,99
E:\华南理工项目\环评文件汇总\01_GitHub项目与研究文档\eia-openclaw-sync-chen2026\05_QA测试集\人工核查_环评报告出处整理_20260715\环评报告文件_按问答顺序\PL056_佛山市祖帮海绵有限公司新建项目_02_报批稿或报告表.docx,PL056_佛山市祖帮海绵有限公司新建项目_02_报批稿或报告表.docx,.docx,docx,2,附表附图附件,E:\华南理工项目\环评文件汇总\01_GitHub项目与研究文档\eia-openclaw-sync-chen2026\05_QA测试集\人工核查_环评报告出处整理_20260715\环评报告文件_按正文一级章节拆分_20260727\PL056_佛山市祖帮海绵有限公司新建项目_02_报批稿或报告表\02_附表附图附件.md,24,535
E:\华南理工项目\环评文件汇总\01_GitHub项目与研究文档\eia-openclaw-sync-chen2026\05_QA测试集\人工核查_环评报告出处整理_20260715\环评报告文件_按问答顺序\PL056_佛山市祖帮海绵有限公司新建项目_02_报批稿或报告表.docx,PL056_佛山市祖帮海绵有限公司新建项目_02_报批稿或报告表.docx,.docx,docx,3,一、建设项目基本情况,E:\华南理工项目\环评文件汇总\01_GitHub项目与研究文档\eia-openclaw-sync-chen2026\05_QA测试集\人工核查_环评报告出处整理_20260715\环评报告文件_按正文一级章节拆分_20260727\PL056_佛山市祖帮海绵有限公司新建项目_02_报批稿或报告表\03_一、建设项目基本情况.md,2,51
E:\华南理工项目\环评文件汇总\01_GitHub项目与研究文档\eia-openclaw-sync-chen2026\05_QA测试集\人工核查_环评报告出处整理_20260715\环评报告文件_按问答顺序\PL056_佛山市祖帮海绵有限公司新建项目_02_报批稿或报告表.docx,PL056_佛山市祖帮海绵有限公司新建项目_02_报批稿或报告表.docx,.docx,docx,4,二、建设项目工程分析,E:\华南理工项目\环评文件汇总\01_GitHub项目与研究文档\eia-openclaw-sync-chen2026\05_QA测试集\人工核查_环评报告出处整理_20260715\环评报告文件_按正文一级章节拆分_20260727\PL056_佛山市祖帮海绵有限公司新建项目_02_报批稿或报告表\04_二、建设项目工程分析.md,4,7343
E:\华南理工项目\环评文件汇总\01_GitHub项目与研究文档\eia-openclaw-sync-chen2026\05_QA测试集\人工核查_环评报告出处整理_20260715\环评报告文件_按问答顺序\PL056_佛山市祖帮海绵有限公司新建项目_02_报批稿或报告表.docx,PL056_佛山市祖帮海绵有限公司新建项目_02_报批稿或报告表.docx,.docx,docx,5,三、区域环境质量现状、环境保护目标及评价标准,E:\华南理工项目\环评文件汇总\01_GitHub项目与研究文档\eia-openclaw-sync-chen2026\05_QA测试集\人工核查_环评报告出处整理_20260715\环评报告文件_按正文一级章节拆分_20260727\PL056_佛山市祖帮海绵有限公司新建项目_02_报批稿或报告表\05_三、区域环境质量现状、环境保护目标及评价标准.md,6,2593
E:\华南理工项目\环评文件汇总\01_GitHub项目与研究文档\eia-openclaw-sync-chen2026\05_QA测试集\人工核查_环评报告出处整理_20260715\环评报告文件_按问答顺序\PL056_佛山市祖帮海绵有限公司新建项目_02_报批稿或报告表.docx,PL056_佛山市祖帮海绵有限公司新建项目_02_报批稿或报告表.docx,.docx,docx,6,四、主要环境影响和保护措施,E:\华南理工项目\环评文件汇总\01_GitHub项目与研究文档\eia-openclaw-sync-chen2026\05_QA测试集\人工核查_环评报告出处整理_20260715\环评报告文件_按正文一级章节拆分_20260727\PL056_佛山市祖帮海绵有限公司新建项目_02_报批稿或报告表\06_四、主要环境影响和保护措施.md,2,7774
E:\华南理工项目\环评文件汇总\01_GitHub项目与研究文档\eia-openclaw-sync-chen2026\05_QA测试集\人工核查_环评报告出处整理_20260715\环评报告文件_按问答顺序\PL056_佛山市祖帮海绵有限公司新建项目_02_报批稿或报告表.docx,PL056_佛山市祖帮海绵有限公司新建项目_02_报批稿或报告表.docx,.docx,docx,7,五、环境保护措施监督检查清单,E:\华南理工项目\环评文件汇总\01_GitHub项目与研究文档\eia-openclaw-sync-chen2026\05_QA测试集\人工核查_环评报告出处整理_20260715\环评报告文件_按正文一级章节拆分_20260727\PL056_佛山市祖帮海绵有限公司新建项目_02_报批稿或报告表\07_五、环境保护措施监督检查清单.md,18,9411
E:\华南理工项目\环评文件汇总\01_GitHub项目与研究文档\eia-openclaw-sync-chen2026\05_QA测试集\人工核查_环评报告出处整理_20260715\环评报告文件_按问答顺序\PL056_佛山市祖帮海绵有限公司新建项目_02_报批稿或报告表.docx,PL056_佛山市祖帮海绵有限公司新建项目_02_报批稿或报告表.docx,.docx,docx,8,六、结论,E:\华南理工项目\环评文件汇总\01_GitHub项目与研究文档\eia-openclaw-sync-chen2026\05_QA测试集\人工核查_环评报告出处整理_20260715\环评报告文件_按正文一级章节拆分_20260727\PL056_佛山市祖帮海绵有限公司新建项目_02_报批稿或报告表\08_六、结论.md,3,191
E:\华南理工项目\环评文件汇总\01_GitHub项目与研究文档\eia-openclaw-sync-chen2026\05_QA测试集\人工核查_环评报告出处整理_20260715\环评报告文件_按问答顺序\PL056_佛山市祖帮海绵有限公司新建项目_02_报批稿或报告表.docx,PL056_佛山市祖帮海绵有限公司新建项目_02_报批稿或报告表.docx,.docx,docx,9,附表附图附件,E:\华南理工项目\环评文件汇总\01_GitHub项目与研究文档\eia-openclaw-sync-chen2026\05_QA测试集\人工核查_环评报告出处整理_20260715\环评报告文件_按正文一级章节拆分_20260727\PL056_佛山市祖帮海绵有限公司新建项目_02_报批稿或报告表\09_附表附图附件.md,3007,200478
E:\华南理工项目\环评文件汇总\01_GitHub项目与研究文档\eia-openclaw-sync-chen2026\05_QA测试集\人工核查_环评报告出处整理_20260715\环评报告文件_按问答顺序\PL056_佛山市祖帮海绵有限公司新建项目_03_报批稿或报告表.pdf,PL056_佛山市祖帮海绵有限公司新建项目_03_报批稿或报告表.pdf,.pdf,pdf_pypdf,1,封面及目录,E:\华南理工项目\环评文件汇总\01_GitHub项目与研究文档\eia-openclaw-sync-chen2026\05_QA测试集\人工核查_环评报告出处整理_20260715\环评报告文件_按正文一级章节拆分_20260727\PL056_佛山市祖帮海绵有限公司新建项目_03_报批稿或报告表\01_封面及目录.md,2,24
E:\华南理工项目\环评文件汇总\01_GitHub项目与研究文档\eia-openclaw-sync-chen2026\05_QA测试集\人工核查_环评报告出处整理_20260715\环评报告文件_按问答顺序\PL056_佛山市祖帮海绵有限公司新建项目_03_报批稿或报告表.pdf,PL056_佛山市祖帮海绵有限公司新建项目_03_报批稿或报告表.pdf,.pdf,pdf_pypdf,2,一、建设项目基本情况 ....................................................................................................................... 1,E:\华南理工项目\环评文件汇总\01_GitHub项目与研究文档\eia-openclaw-sync-chen2026\05_QA测试集\人工核查_环评报告出处整理_20260715\环评报告文件_按正文一级章节拆分_20260727\PL056_佛山市祖帮海绵有限公司新建项目_03_报批稿或报告表\02_一、建设项目基本情况.md,1,133
E:\华南理工项目\环评文件汇总\01_GitHub项目与研究文档\eia-openclaw-sync-chen2026\05_QA测试集\人工核查_环评报告出处整理_20260715\环评报告文件_按问答顺序\PL056_佛山市祖帮海绵有限公司新建项目_03_报批稿或报告表.pdf,PL056_佛山市祖帮海绵有限公司新建项目_03_报批稿或报告表.pdf,.pdf,pdf_pypdf,3,二、建设项目工程分析 ..................................................................................................................... 12,E:\华南理工项目\环评文件汇总\01_GitHub项目与研究文档\eia-openclaw-sync-chen2026\05_QA测试集\人工核查_环评报告出处整理_20260715\环评报告文件_按正文一级章节拆分_20260727\PL056_佛山市祖帮海绵有限公司新建项目_03_报批稿或报告表\03_二、建设项目工程分析.md,2,228
E:\华南理工项目\环评文件汇总\01_GitHub项目与研究文档\eia-openclaw-sync-chen2026\05_QA测试集\人工核查_环评报告出处整理_20260715\环评报告文件_按问答顺序\PL056_佛山市祖帮海绵有限公司新建项目_03_报批稿或报告表.pdf,PL056_佛山市祖帮海绵有限公司新建项目_03_报批稿或报告表.pdf,.pdf,pdf_pypdf,4,四、主要环境影响和保护措施 ......................................................................................................... 42,E:\华南理工项目\环评文件汇总\01_GitHub项目与研究文档\eia-openclaw-sync-chen2026\05_QA测试集\人工核查_环评报告出处整理_20260715\环评报告文件_按正文一级章节拆分_20260727\PL056_佛山市祖帮海绵有限公司新建项目_03_报批稿或报告表\04_四、主要环境影响和保护措施.md,1,123
E:\华南理工项目\环评文件汇总\01_GitHub项目与研究文档\eia-openclaw-sync-chen2026\05_QA测试集\人工核查_环评报告出处整理_20260715\环评报告文件_按问答顺序\PL056_佛山市祖帮海绵有限公司新建项目_03_报批稿或报告表.pdf,PL056_佛山市祖帮海绵有限公司新建项目_03_报批稿或报告表.pdf,.pdf,pdf_pypdf,5,五、环境保护措施监督检查清单 ..................................................................................................... 57,E:\华南理工项目\环评文件汇总\01_GitHub项目与研究文档\eia-openclaw-sync-chen2026\05_QA测试集\人工核查_环评报告出处整理_20260715\环评报告文件_按正文一级章节拆分_20260727\PL056_佛山市祖帮海绵有限公司新建项目_03_报批稿或报告表\05_五、环境保护措施监督检查清单.md,1,120
E:\华南理工项目\环评文件汇总\01_GitHub项目与研究文档\eia-openclaw-sync-chen2026\05_QA测试集\人工核查_环评报告出处整理_20260715\环评报告文件_按问答顺序\PL056_佛山市祖帮海绵有限公司新建项目_03_报批稿或报告表.pdf,PL056_佛山市祖帮海绵有限公司新建项目_03_报批稿或报告表.pdf,.pdf,pdf_pypdf,6,六、结论 ............................................................................................................................................. 60,E:\华南理工项目\环评文件汇总\01_GitHub项目与研究文档\eia-openclaw-sync-chen2026\05_QA测试集\人工核查_环评报告出处整理_20260715\环评报告文件_按正文一级章节拆分_20260727\PL056_佛山市祖帮海绵有限公司新建项目_03_报批稿或报告表\06_六、结论.md,1,150
E:\华南理工项目\环评文件汇总\01_GitHub项目与研究文档\eia-openclaw-sync-chen2026\05_QA测试集\人工核查_环评报告出处整理_20260715\环评报告文件_按问答顺序\PL056_佛山市祖帮海绵有限公司新建项目_03_报批稿或报告表.pdf,PL056_佛山市祖帮海绵有限公司新建项目_03_报批稿或报告表.pdf,.pdf,pdf_pypdf,7,附表附图附件,E:\华南理工项目\环评文件汇总\01_GitHub项目与研究文档\eia-openclaw-sync-chen2026\05_QA测试集\人工核查_环评报告出处整理_20260715\环评报告文件_按正文一级章节拆分_20260727\PL056_佛山市祖帮海绵有限公司新建项目_03_报批稿或报告表\07_附表附图附件.md,26,2922
E:\华南理工项目\环评文件汇总\01_GitHub项目与研究文档\eia-openclaw-sync-chen2026\05_QA测试集\人工核查_环评报告出处整理_20260715\环评报告文件_按问答顺序\PL056_佛山市祖帮海绵有限公司新建项目_03_报批稿或报告表.pdf,PL056_佛山市祖帮海绵有限公司新建项目_03_报批稿或报告表.pdf,.pdf,pdf_pypdf,8,一、建设项目基本情况,E:\华南理工项目\环评文件汇总\01_GitHub项目与研究文档\eia-openclaw-sync-chen2026\05_QA测试集\人工核查_环评报告出处整理_20260715\环评报告文件_按正文一级章节拆分_20260727\PL056_佛山市祖帮海绵有限公司新建项目_03_报批稿或报告表\08_一、建设项目基本情况.md,588,10419
E:\华南理工项目\环评文件汇总\01_GitHub项目与研究文档\eia-openclaw-sync-chen2026\05_QA测试集\人工核查_环评报告出处整理_20260715\环评报告文件_按问答顺序\PL056_佛山市祖帮海绵有限公司新建项目_03_报批稿或报告表.pdf,PL056_佛山市祖帮海绵有限公司新建项目_03_报批稿或报告表.pdf,.pdf,pdf_pypdf,9,附表附图附件,E:\华南理工项目\环评文件汇总\01_GitHub项目与研究文档\eia-openclaw-sync-chen2026\05_QA测试集\人工核查_环评报告出处整理_20260715\环评报告文件_按正文一级章节拆分_20260727\PL056_佛山市祖帮海绵有限公司新建项目_03_报批稿或报告表\09_附表附图附件.md,145,2730
E:\华南理工项目\环评文件汇总\01_GitHub项目与研究文档\eia-openclaw-sync-chen2026\05_QA测试集\人工核查_环评报告出处整理_20260715\环评报告文件_按问答顺序\PL056_佛山市祖帮海绵有限公司新建项目_03_报批稿或报告表.pdf,PL056_佛山市祖帮海绵有限公司新建项目_03_报批稿或报告表.pdf,.pdf,pdf_pypdf,10,二、建设项目工程分析,E:\华南理工项目\环评文件汇总\01_GitHub项目与研究文档\eia-openclaw-sync-chen2026\05_QA测试集\人工核查_环评报告出处整理_20260715\环评报告文件_按正文一级章节拆分_20260727\PL056_佛山市祖帮海绵有限公司新建项目_03_报批稿或报告表\10_二、建设项目工程分析.md,1115,20278
E:\华南理工项目\环评文件汇总\01_GitHub项目与研究文档\eia-openclaw-sync-chen2026\05_QA测试集\人工核查_环评报告出处整理_20260715\环评报告文件_按问答顺序\PL056_佛山市祖帮海绵有限公司新建项目_03_报批稿或报告表.pdf,PL056_佛山市祖帮海绵有限公司新建项目_03_报批稿或报告表.pdf,.pdf,pdf_pypdf,11,三、区域环境质量现状、环境保护目标及评价标准,E:\华南理工项目\环评文件汇总\01_GitHub项目与研究文档\eia-openclaw-sync-chen2026\05_QA测试集\人工核查_环评报告出处整理_20260715\环评报告文件_按正文一级章节拆分_20260727\PL056_佛山市祖帮海绵有限公司新建项目_03_报批稿或报告表\11_三、区域环境质量现状、环境保护目标及评价标准.md,198,4118
E:\华南理工项目\环评文件汇总\01_GitHub项目与研究文档\eia-openclaw-sync-chen2026\05_QA测试集\人工核查_环评报告出处整理_20260715\环评报告文件_按问答顺序\PL056_佛山市祖帮海绵有限公司新建项目_03_报批稿或报告表.pdf,PL056_佛山市祖帮海绵有限公司新建项目_03_报批稿或报告表.pdf,.pdf,pdf_pypdf,12,四、主要环境影响和保护措施,E:\华南理工项目\环评文件汇总\01_GitHub项目与研究文档\eia-openclaw-sync-chen2026\05_QA测试集\人工核查_环评报告出处整理_20260715\环评报告文件_按正文一级章节拆分_20260727\PL056_佛山市祖帮海绵有限公司新建项目_03_报批稿或报告表\12_四、主要环境影响和保护措施.md,740,13542
E:\华南理工项目\环评文件汇总\01_GitHub项目与研究文档\eia-openclaw-sync-chen2026\05_QA测试集\人工核查_环评报告出处整理_20260715\环评报告文件_按问答顺序\PL056_佛山市祖帮海绵有限公司新建项目_03_报批稿或报告表.pdf,PL056_佛山市祖帮海绵有限公司新建项目_03_报批稿或报告表.pdf,.pdf,pdf_pypdf,13,五、环境保护措施监督检查清单,E:\华南理工项目\环评文件汇总\01_GitHub项目与研究文档\eia-openclaw-sync-chen2026\05_QA测试集\人工核查_环评报告出处整理_20260715\环评报告文件_按正文一级章节拆分_20260727\PL056_佛山市祖帮海绵有限公司新建项目_03_报批稿或报告表\13_五、环境保护措施监督检查清单.md,156,2923
E:\华南理工项目\环评文件汇总\01_GitHub项目与研究文档\eia-openclaw-sync-chen2026\05_QA测试集\人工核查_环评报告出处整理_20260715\环评报告文件_按问答顺序\PL056_佛山市祖帮海绵有限公司新建项目_03_报批稿或报告表.pdf,PL056_佛山市祖帮海绵有限公司新建项目_03_报批稿或报告表.pdf,.pdf,pdf_pypdf,14,六、结论,E:\华南理工项目\环评文件汇总\01_GitHub项目与研究文档\eia-openclaw-sync-chen2026\05_QA测试集\人工核查_环评报告出处整理_20260715\环评报告文件_按正文一级章节拆分_20260727\PL056_佛山市祖帮海绵有限公司新建项目_03_报批稿或报告表\14_六、结论.md,8,212
E:\华南理工项目\环评文件汇总\01_GitHub项目与研究文档\eia-openclaw-sync-chen2026\05_QA测试集\人工核查_环评报告出处整理_20260715\环评报告文件_按问答顺序\PL056_佛山市祖帮海绵有限公司新建项目_03_报批稿或报告表.pdf,PL056_佛山市祖帮海绵有限公司新建项目_03_报批稿或报告表.pdf,.pdf,pdf_pypdf,15,附表附图附件,E:\华南理工项目\环评文件汇总\01_GitHub项目与研究文档\eia-openclaw-sync-chen2026\05_QA测试集\人工核查_环评报告出处整理_20260715\环评报告文件_按正文一级章节拆分_20260727\PL056_佛山市祖帮海绵有限公司新建项目_03_报批稿或报告表\15_附表附图附件.md,6285,133383
E:\华南理工项目\环评文件汇总\01_GitHub项目与研究文档\eia-openclaw-sync-chen2026\05_QA测试集\人工核查_环评报告出处整理_20260715\环评报告文件_按问答顺序\PL056_佛山市祖帮海绵有限公司新建项目_04_报批稿或报告表.pdf,PL056_佛山市祖帮海绵有限公司新建项目_04_报批稿或报告表.pdf,.pdf,pdf_low_text,1,未识别章节_全文,E:\华南理工项目\环评文件汇总\01_GitHub项目与研究文档\eia-openclaw-sync-chen2026\05_QA测试集\人工核查_环评报告出处整理_20260715\环评报告文件_按正文一级章节拆分_20260727\PL056_佛山市祖帮海绵有限公司新建项目_04_报批稿或报告表\01_未识别章节_全文.md,2,57
E:\华南理工项目\环评文件汇总\01_GitHub项目与研究文档\eia-openclaw-sync-chen2026\05_QA测试集\人工核查_环评报告出处整理_20260715\环评报告文件_按问答顺序\PL057_佛山粤友塑料制品有限公司新建项目_01_受理公告或公示版.pdf,PL057_佛山粤友塑料制品有限公司新建项目_01_受理公告或公示版.pdf,.pdf,pdf_pypdf,1,封面及目录,E:\华南理工项目\环评文件汇总\01_GitHub项目与研究文档\eia-openclaw-sync-chen2026\05_QA测试集\人工核查_环评报告出处整理_20260715\环评报告文件_按正文一级章节拆分_20260727\PL057_佛山粤友塑料制品有限公司新建项目_01_受理公告或公示版\01_封面及目录.md,2,25
E:\华南理工项目\环评文件汇总\01_GitHub项目与研究文档\eia-openclaw-sync-chen2026\05_QA测试集\人工核查_环评报告出处整理_20260715\环评报告文件_按问答顺序\PL057_佛山粤友塑料制品有限公司新建项目_01_受理公告或公示版.pdf,PL057_佛山粤友塑料制品有限公司新建项目_01_受理公告或公示版.pdf,.pdf,pdf_pypdf,2,一、建设项目基本情况 ....................................................................................................................... 1,E:\华南理工项目\环评文件汇总\01_GitHub项目与研究文档\eia-openclaw-sync-chen2026\05_QA测试集\人工核查_环评报告出处整理_20260715\环评报告文件_按正文一级章节拆分_20260727\PL057_佛山粤友塑料制品有限公司新建项目_01_受理公告或公示版\02_一、建设项目基本情况.md,1,133
E:\华南理工项目\环评文件汇总\01_GitHub项目与研究文档\eia-openclaw-sync-chen2026\05_QA测试集\人工核查_环评报告出处整理_20260715\环评报告文件_按问答顺序\PL057_佛山粤友塑料制品有限公司新建项目_01_受理公告或公示版.pdf,PL057_佛山粤友塑料制品有限公司新建项目_01_受理公告或公示版.pdf,.pdf,pdf_pypdf,3,二、建设项目工程分析 ..................................................................................................................... 12,E:\华南理工项目\环评文件汇总\01_GitHub项目与研究文档\eia-openclaw-sync-chen2026\05_QA测试集\人工核查_环评报告出处整理_20260715\环评报告文件_按正文一级章节拆分_20260727\PL057_佛山粤友塑料制品有限公司新建项目_01_受理公告或公示版\03_二、建设项目工程分析.md,2,228
E:\华南理工项目\环评文件汇总\01_GitHub项目与研究文档\eia-openclaw-sync-chen2026\05_QA测试集\人工核查_环评报告出处整理_20260715\环评报告文件_按问答顺序\PL057_佛山粤友塑料制品有限公司新建项目_01_受理公告或公示版.pdf,PL057_佛山粤友塑料制品有限公司新建项目_01_受理公告或公示版.pdf,.pdf,pdf_pypdf,4,四、 主要环境影响和保护措施 ....................................................................................................... 25,E:\华南理工项目\环评文件汇总\01_GitHub项目与研究文档\eia-openclaw-sync-chen2026\05_QA测试集\人工核查_环评报告出处整理_20260715\环评报告文件_按正文一级章节拆分_20260727\PL057_佛山粤友塑料制品有限公司新建项目_01_受理公告或公示版\04_四、_主要环境影响和保护措施.md,1,122
E:\华南理工项目\环评文件汇总\01_GitHub项目与研究文档\eia-openclaw-sync-chen2026\05_QA测试集\人工核查_环评报告出处整理_20260715\环评报告文件_按问答顺序\PL057_佛山粤友塑料制品有限公司新建项目_01_受理公告或公示版.pdf,PL057_佛山粤友塑料制品有限公司新建项目_01_受理公告或公示版.pdf,.pdf,pdf_pypdf,5,五、环境保护措施监督检查清单 ..................................................................................................... 45,E:\华南理工项目\环评文件汇总\01_GitHub项目与研究文档\eia-openclaw-sync-chen2026\05_QA测试集\人工核查_环评报告出处整理_20260715\环评报告文件_按正文一级章节拆分_20260727\PL057_佛山粤友塑料制品有限公司新建项目_01_受理公告或公示版\05_五、环境保护措施监督检查清单.md,1,120
E:\华南理工项目\环评文件汇总\01_GitHub项目与研究文档\eia-openclaw-sync-chen2026\05_QA测试集\人工核查_环评报告出处整理_20260715\环评报告文件_按问答顺序\PL057_佛山粤友塑料制品有限公司新建项目_01_受理公告或公示版.pdf,PL057_佛山粤友塑料制品有限公司新建项目_01_受理公告或公示版.pdf,.pdf,pdf_pypdf,6,六、结论 ............................................................................................................................................. 47,E:\华南理工项目\环评文件汇总\01_GitHub项目与研究文档\eia-openclaw-sync-chen2026\05_QA测试集\人工核查_环评报告出处整理_20260715\环评报告文件_按正文一级章节拆分_20260727\PL057_佛山粤友塑料制品有限公司新建项目_01_受理公告或公示版\06_六、结论.md,2,273
E:\华南理工项目\环评文件汇总\01_GitHub项目与研究文档\eia-openclaw-sync-chen2026\05_QA测试集\人工核查_环评报告出处整理_20260715\环评报告文件_按问答顺序\PL057_佛山粤友塑料制品有限公司新建项目_01_受理公告或公示版.pdf,PL057_佛山粤友塑料制品有限公司新建项目_01_受理公告或公示版.pdf,.pdf,pdf_pypdf,7,附表附图附件,E:\华南理工项目\环评文件汇总\01_GitHub项目与研究文档\eia-openclaw-sync-chen2026\05_QA测试集\人工核查_环评报告出处整理_20260715\环评报告文件_按正文一级章节拆分_20260727\PL057_佛山粤友塑料制品有限公司新建项目_01_受理公告或公示版\07_附表附图附件.md,18,1974
E:\华南理工项目\环评文件汇总\01_GitHub项目与研究文档\eia-openclaw-sync-chen2026\05_QA测试集\人工核查_环评报告出处整理_20260715\环评报告文件_按问答顺序\PL057_佛山粤友塑料制品有限公司新建项目_01_受理公告或公示版.pdf,PL057_佛山粤友塑料制品有限公司新建项目_01_受理公告或公示版.pdf,.pdf,pdf_pypdf,8,一、建设项目基本情况,E:\华南理工项目\环评文件汇总\01_GitHub项目与研究文档\eia-openclaw-sync-chen2026\05_QA测试集\人工核查_环评报告出处整理_20260715\环评报告文件_按正文一级章节拆分_20260727\PL057_佛山粤友塑料制品有限公司新建项目_01_受理公告或公示版\08_一、建设项目基本情况.md,733,13298
E:\华南理工项目\环评文件汇总\01_GitHub项目与研究文档\eia-openclaw-sync-chen2026\05_QA测试集\人工核查_环评报告出处整理_20260715\环评报告文件_按问答顺序\PL057_佛山粤友塑料制品有限公司新建项目_01_受理公告或公示版.pdf,PL057_佛山粤友塑料制品有限公司新建项目_01_受理公告或公示版.pdf,.pdf,pdf_pypdf,9,二、建设项目工程分析,E:\华南理工项目\环评文件汇总\01_GitHub项目与研究文档\eia-openclaw-sync-chen2026\05_QA测试集\人工核查_环评报告出处整理_20260715\环评报告文件_按正文一级章节拆分_20260727\PL057_佛山粤友塑料制品有限公司新建项目_01_受理公告或公示版\09_二、建设项目工程分析.md,353,7002
E:\华南理工项目\环评文件汇总\01_GitHub项目与研究文档\eia-openclaw-sync-chen2026\05_QA测试集\人工核查_环评报告出处整理_20260715\环评报告文件_按问答顺序\PL057_佛山粤友塑料制品有限公司新建项目_01_受理公告或公示版.pdf,PL057_佛山粤友塑料制品有限公司新建项目_01_受理公告或公示版.pdf,.pdf,pdf_pypdf,10,三、区域环境质量现状、环境保护目标及评价标准,E:\华南理工项目\环评文件汇总\01_GitHub项目与研究文档\eia-openclaw-sync-chen2026\05_QA测试集\人工核查_环评报告出处整理_20260715\环评报告文件_按正文一级章节拆分_20260727\PL057_佛山粤友塑料制品有限公司新建项目_01_受理公告或公示版\10_三、区域环境质量现状、环境保护目标及评价标准.md,217,4524
E:\华南理工项目\环评文件汇总\01_GitHub项目与研究文档\eia-openclaw-sync-chen2026\05_QA测试集\人工核查_环评报告出处整理_20260715\环评报告文件_按问答顺序\PL057_佛山粤友塑料制品有限公司新建项目_01_受理公告或公示版.pdf,PL057_佛山粤友塑料制品有限公司新建项目_01_受理公告或公示版.pdf,.pdf,pdf_pypdf,11,四、主要环境影响和保护措施,E:\华南理工项目\环评文件汇总\01_GitHub项目与研究文档\eia-openclaw-sync-chen2026\05_QA测试集\人工核查_环评报告出处整理_20260715\环评报告文件_按正文一级章节拆分_20260727\PL057_佛山粤友塑料制品有限公司新建项目_01_受理公告或公示版\11_四、主要环境影响和保护措施.md,1191,22590
E:\华南理工项目\环评文件汇总\01_GitHub项目与研究文档\eia-openclaw-sync-chen2026\05_QA测试集\人工核查_环评报告出处整理_20260715\环评报告文件_按问答顺序\PL057_佛山粤友塑料制品有限公司新建项目_01_受理公告或公示版.pdf,PL057_佛山粤友塑料制品有限公司新建项目_01_受理公告或公示版.pdf,.pdf,pdf_pypdf,12,五、环境保护措施监督检查清单,E:\华南理工项目\环评文件汇总\01_GitHub项目与研究文档\eia-openclaw-sync-chen2026\05_QA测试集\人工核查_环评报告出处整理_20260715\环评报告文件_按正文一级章节拆分_20260727\PL057_佛山粤友塑料制品有限公司新建项目_01_受理公告或公示版\12_五、环境保护措施监督检查清单.md,127,2293
E:\华南理工项目\环评文件汇总\01_GitHub项目与研究文档\eia-openclaw-sync-chen2026\05_QA测试集\人工核查_环评报告出处整理_20260715\环评报告文件_按问答顺序\PL057_佛山粤友塑料制品有限公司新建项目_01_受理公告或公示版.pdf,PL057_佛山粤友塑料制品有限公司新建项目_01_受理公告或公示版.pdf,.pdf,pdf_pypdf,13,六、结论,E:\华南理工项目\环评文件汇总\01_GitHub项目与研究文档\eia-openclaw-sync-chen2026\05_QA测试集\人工核查_环评报告出处整理_20260715\环评报告文件_按正文一级章节拆分_20260727\PL057_佛山粤友塑料制品有限公司新建项目_01_受理公告或公示版\13_六、结论.md,7,208
E:\华南理工项目\环评文件汇总\01_GitHub项目与研究文档\eia-openclaw-sync-chen2026\05_QA测试集\人工核查_环评报告出处整理_20260715\环评报告文件_按问答顺序\PL057_佛山粤友塑料制品有限公司新建项目_01_受理公告或公示版.pdf,PL057_佛山粤友塑料制品有限公司新建项目_01_受理公告或公示版.pdf,.pdf,pdf_pypdf,14,附表附图附件,E:\华南理工项目\环评文件汇总\01_GitHub项目与研究文档\eia-openclaw-sync-chen2026\05_QA测试集\人工核查_环评报告出处整理_20260715\环评报告文件_按正文一级章节拆分_20260727\PL057_佛山粤友塑料制品有限公司新建项目_01_受理公告或公示版\14_附表附图附件.md,93,1433
E:\华南理工项目\环评文件汇总\01_GitHub项目与研究文档\eia-openclaw-sync-chen2026\05_QA测试集\人工核查_环评报告出处整理_20260715\环评报告文件_按问答顺序\PL058_佛山诗佳格科技有限公司新建项目_01_受理公告或公示版.pdf,PL058_佛山诗佳格科技有限公司新建项目_01_受理公告或公示版.pdf,.pdf,pdf_pypdf,1,封面及目录,E:\华南理工项目\环评文件汇总\01_GitHub项目与研究文档\eia-openclaw-sync-chen2026\05_QA测试集\人工核查_环评报告出处整理_20260715\环评报告文件_按正文一级章节拆分_20260727\PL058_佛山诗佳格科技有限公司新建项目_01_受理公告或公示版\01_封面及目录.md,2,25
E:\华南理工项目\环评文件汇总\01_GitHub项目与研究文档\eia-openclaw-sync-chen2026\05_QA测试集\人工核查_环评报告出处整理_20260715\环评报告文件_按问答顺序\PL058_佛山诗佳格科技有限公司新建项目_01_受理公告或公示版.pdf,PL058_佛山诗佳格科技有限公司新建项目_01_受理公告或公示版.pdf,.pdf,pdf_pypdf,2,一、建设项目基本情况 ....................................................................................................................... 1,E:\华南理工项目\环评文件汇总\01_GitHub项目与研究文档\eia-openclaw-sync-chen2026\05_QA测试集\人工核查_环评报告出处整理_20260715\环评报告文件_按正文一级章节拆分_20260727\PL058_佛山诗佳格科技有限公司新建项目_01_受理公告或公示版\02_一、建设项目基本情况.md,1,133
E:\华南理工项目\环评文件汇总\01_GitHub项目与研究文档\eia-openclaw-sync-chen2026\05_QA测试集\人工核查_环评报告出处整理_20260715\环评报告文件_按问答顺序\PL058_佛山诗佳格科技有限公司新建项目_01_受理公告或公示版.pdf,PL058_佛山诗佳格科技有限公司新建项目_01_受理公告或公示版.pdf,.pdf,pdf_pypdf,3,二、建设项目工程分析 ..................................................................................................................... 13,E:\华南理工项目\环评文件汇总\01_GitHub项目与研究文档\eia-openclaw-sync-chen2026\05_QA测试集\人工核查_环评报告出处整理_20260715\环评报告文件_按正文一级章节拆分_20260727\PL058_佛山诗佳格科技有限公司新建项目_01_受理公告或公示版\03_二、建设项目工程分析.md,2,228
E:\华南理工项目\环评文件汇总\01_GitHub项目与研究文档\eia-openclaw-sync-chen2026\05_QA测试集\人工核查_环评报告出处整理_20260715\环评报告文件_按问答顺序\PL058_佛山诗佳格科技有限公司新建项目_01_受理公告或公示版.pdf,PL058_佛山诗佳格科技有限公司新建项目_01_受理公告或公示版.pdf,.pdf,pdf_pypdf,4,四、主要环境影响和保护措施 ......................................................................................................... 26,E:\华南理工项目\环评文件汇总\01_GitHub项目与研究文档\eia-openclaw-sync-chen2026\05_QA测试集\人工核查_环评报告出处整理_20260715\环评报告文件_按正文一级章节拆分_20260727\PL058_佛山诗佳格科技有限公司新建项目_01_受理公告或公示版\04_四、主要环境影响和保护措施.md,1,123
E:\华南理工项目\环评文件汇总\01_GitHub项目与研究文档\eia-openclaw-sync-chen2026\05_QA测试集\人工核查_环评报告出处整理_20260715\环评报告文件_按问答顺序\PL058_佛山诗佳格科技有限公司新建项目_01_受理公告或公示版.pdf,PL058_佛山诗佳格科技有限公司新建项目_01_受理公告或公示版.pdf,.pdf,pdf_pypdf,5,五、环境保护措施监督检查清单 ..................................................................................................... 49,E:\华南理工项目\环评文件汇总\01_GitHub项目与研究文档\eia-openclaw-sync-chen2026\05_QA测试集\人工核查_环评报告出处整理_20260715\环评报告文件_按正文一级章节拆分_20260727\PL058_佛山诗佳格科技有限公司新建项目_01_受理公告或公示版\05_五、环境保护措施监督检查清单.md,1,120
E:\华南理工项目\环评文件汇总\01_GitHub项目与研究文档\eia-openclaw-sync-chen2026\05_QA测试集\人工核查_环评报告出处整理_20260715\环评报告文件_按问答顺序\PL058_佛山诗佳格科技有限公司新建项目_01_受理公告或公示版.pdf,PL058_佛山诗佳格科技有限公司新建项目_01_受理公告或公示版.pdf,.pdf,pdf_pypdf,6,六、结论 ............................................................................................................................................. 52,E:\华南理工项目\环评文件汇总\01_GitHub项目与研究文档\eia-openclaw-sync-chen2026\05_QA测试集\人工核查_环评报告出处整理_20260715\环评报告文件_按正文一级章节拆分_20260727\PL058_佛山诗佳格科技有限公司新建项目_01_受理公告或公示版\06_六、结论.md,2,273
E:\华南理工项目\环评文件汇总\01_GitHub项目与研究文档\eia-openclaw-sync-chen2026\05_QA测试集\人工核查_环评报告出处整理_20260715\环评报告文件_按问答顺序\PL058_佛山诗佳格科技有限公司新建项目_01_受理公告或公示版.pdf,PL058_佛山诗佳格科技有限公司新建项目_01_受理公告或公示版.pdf,.pdf,pdf_pypdf,7,附表附图附件,E:\华南理工项目\环评文件汇总\01_GitHub项目与研究文档\eia-openclaw-sync-chen2026\05_QA测试集\人工核查_环评报告出处整理_20260715\环评报告文件_按正文一级章节拆分_20260727\PL058_佛山诗佳格科技有限公司新建项目_01_受理公告或公示版\07_附表附图附件.md,19,2117
E:\华南理工项目\环评文件汇总\01_GitHub项目与研究文档\eia-openclaw-sync-chen2026\05_QA测试集\人工核查_环评报告出处整理_20260715\环评报告文件_按问答顺序\PL058_佛山诗佳格科技有限公司新建项目_01_受理公告或公示版.pdf,PL058_佛山诗佳格科技有限公司新建项目_01_受理公告或公示版.pdf,.pdf,pdf_pypdf,8,一、建设项目基本情况,E:\华南理工项目\环评文件汇总\01_GitHub项目与研究文档\eia-openclaw-sync-chen2026\05_QA测试集\人工核查_环评报告出处整理_20260715\环评报告文件_按正文一级章节拆分_20260727\PL058_佛山诗佳格科技有限公司新建项目_01_受理公告或公示版\08_一、建设项目基本情况.md,817,14444
E:\华南理工项目\环评文件汇总\01_GitHub项目与研究文档\eia-openclaw-sync-chen2026\05_QA测试集\人工核查_环评报告出处整理_20260715\环评报告文件_按问答顺序\PL058_佛山诗佳格科技有限公司新建项目_01_受理公告或公示版.pdf,PL058_佛山诗佳格科技有限公司新建项目_01_受理公告或公示版.pdf,.pdf,pdf_pypdf,9,二、建设项目工程分析,E:\华南理工项目\环评文件汇总\01_GitHub项目与研究文档\eia-openclaw-sync-chen2026\05_QA测试集\人工核查_环评报告出处整理_20260715\环评报告文件_按正文一级章节拆分_20260727\PL058_佛山诗佳格科技有限公司新建项目_01_受理公告或公示版\09_二、建设项目工程分析.md,353,8202
E:\华南理工项目\环评文件汇总\01_GitHub项目与研究文档\eia-openclaw-sync-chen2026\05_QA测试集\人工核查_环评报告出处整理_20260715\环评报告文件_按问答顺序\PL058_佛山诗佳格科技有限公司新建项目_01_受理公告或公示版.pdf,PL058_佛山诗佳格科技有限公司新建项目_01_受理公告或公示版.pdf,.pdf,pdf_pypdf,10,三、区域环境质量现状、环境保护目标及评价标准,E:\华南理工项目\环评文件汇总\01_GitHub项目与研究文档\eia-openclaw-sync-chen2026\05_QA测试集\人工核查_环评报告出处整理_20260715\环评报告文件_按正文一级章节拆分_20260727\PL058_佛山诗佳格科技有限公司新建项目_01_受理公告或公示版\10_三、区域环境质量现状、环境保护目标及评价标准.md,208,4221
E:\华南理工项目\环评文件汇总\01_GitHub项目与研究文档\eia-openclaw-sync-chen2026\05_QA测试集\人工核查_环评报告出处整理_20260715\环评报告文件_按问答顺序\PL058_佛山诗佳格科技有限公司新建项目_01_受理公告或公示版.pdf,PL058_佛山诗佳格科技有限公司新建项目_01_受理公告或公示版.pdf,.pdf,pdf_pypdf,11,四、主要环境影响和保护措施,E:\华南理工项目\环评文件汇总\01_GitHub项目与研究文档\eia-openclaw-sync-chen2026\05_QA测试集\人工核查_环评报告出处整理_20260715\环评报告文件_按正文一级章节拆分_20260727\PL058_佛山诗佳格科技有限公司新建项目_01_受理公告或公示版\11_四、主要环境影响和保护措施.md,1288,25532
E:\华南理工项目\环评文件汇总\01_GitHub项目与研究文档\eia-openclaw-sync-chen2026\05_QA测试集\人工核查_环评报告出处整理_20260715\环评报告文件_按问答顺序\PL058_佛山诗佳格科技有限公司新建项目_01_受理公告或公示版.pdf,PL058_佛山诗佳格科技有限公司新建项目_01_受理公告或公示版.pdf,.pdf,pdf_pypdf,12,五、环境保护措施监督检查清单,E:\华南理工项目\环评文件汇总\01_GitHub项目与研究文档\eia-openclaw-sync-chen2026\05_QA测试集\人工核查_环评报告出处整理_20260715\环评报告文件_按正文一级章节拆分_20260727\PL058_佛山诗佳格科技有限公司新建项目_01_受理公告或公示版\12_五、环境保护措施监督检查清单.md,135,2418
E:\华南理工项目\环评文件汇总\01_GitHub项目与研究文档\eia-openclaw-sync-chen2026\05_QA测试集\人工核查_环评报告出处整理_20260715\环评报告文件_按问答顺序\PL058_佛山诗佳格科技有限公司新建项目_01_受理公告或公示版.pdf,PL058_佛山诗佳格科技有限公司新建项目_01_受理公告或公示版.pdf,.pdf,pdf_pypdf,13,六、结论,E:\华南理工项目\环评文件汇总\01_GitHub项目与研究文档\eia-openclaw-sync-chen2026\05_QA测试集\人工核查_环评报告出处整理_20260715\环评报告文件_按正文一级章节拆分_20260727\PL058_佛山诗佳格科技有限公司新建项目_01_受理公告或公示版\13_六、结论.md,7,208
E:\华南理工项目\环评文件汇总\01_GitHub项目与研究文档\eia-openclaw-sync-chen2026\05_QA测试集\人工核查_环评报告出处整理_20260715\环评报告文件_按问答顺序\PL058_佛山诗佳格科技有限公司新建项目_01_受理公告或公示版.pdf,PL058_佛山诗佳格科技有限公司新建项目_01_受理公告或公示版.pdf,.pdf,pdf_pypdf,14,附表附图附件,E:\华南理工项目\环评文件汇总\01_GitHub项目与研究文档\eia-openclaw-sync-chen2026\05_QA测试集\人工核查_环评报告出处整理_20260715\环评报告文件_按正文一级章节拆分_20260727\PL058_佛山诗佳格科技有限公司新建项目_01_受理公告或公示版\14_附表附图附件.md,87,1483
E:\华南理工项目\环评文件汇总\01_GitHub项目与研究文档\eia-openclaw-sync-chen2026\05_QA测试集\人工核查_环评报告出处整理_20260715\环评报告文件_按问答顺序\PL059_佛山市乔安电器有限公司迁建项目_01_受理公告或公示版.pdf,PL059_佛山市乔安电器有限公司迁建项目_01_受理公告或公示版.pdf,.pdf,pdf_pypdf,1,封面及目录,E:\华南理工项目\环评文件汇总\01_GitHub项目与研究文档\eia-openclaw-sync-chen2026\05_QA测试集\人工核查_环评报告出处整理_20260715\环评报告文件_按正文一级章节拆分_20260727\PL059_佛山市乔安电器有限公司迁建项目_01_受理公告或公示版\01_封面及目录.md,9,138
E:\华南理工项目\环评文件汇总\01_GitHub项目与研究文档\eia-openclaw-sync-chen2026\05_QA测试集\人工核查_环评报告出处整理_20260715\环评报告文件_按问答顺序\PL059_佛山市乔安电器有限公司迁建项目_01_受理公告或公示版.pdf,PL059_佛山市乔安电器有限公司迁建项目_01_受理公告或公示版.pdf,.pdf,pdf_pypdf,2,一、建设项目基本情况 ............................................................................................................ 1,E:\华南理工项目\环评文件汇总\01_GitHub项目与研究文档\eia-openclaw-sync-chen2026\05_QA测试集\人工核查_环评报告出处整理_20260715\环评报告文件_按正文一级章节拆分_20260727\PL059_佛山市乔安电器有限公司迁建项目_01_受理公告或公示版\02_一、建设项目基本情况.md,1,122
E:\华南理工项目\环评文件汇总\01_GitHub项目与研究文档\eia-openclaw-sync-chen2026\05_QA测试集\人工核查_环评报告出处整理_20260715\环评报告文件_按问答顺序\PL059_佛山市乔安电器有限公司迁建项目_01_受理公告或公示版.pdf,PL059_佛山市乔安电器有限公司迁建项目_01_受理公告或公示版.pdf,.pdf,pdf_pypdf,3,二、建设项目工程分析 .......................................................................................................... 10,E:\华南理工项目\环评文件汇总\01_GitHub项目与研究文档\eia-openclaw-sync-chen2026\05_QA测试集\人工核查_环评报告出处整理_20260715\环评报告文件_按正文一级章节拆分_20260727\PL059_佛山市乔安电器有限公司迁建项目_01_受理公告或公示版\03_二、建设项目工程分析.md,3,321
E:\华南理工项目\环评文件汇总\01_GitHub项目与研究文档\eia-openclaw-sync-chen2026\05_QA测试集\人工核查_环评报告出处整理_20260715\环评报告文件_按问答顺序\PL059_佛山市乔安电器有限公司迁建项目_01_受理公告或公示版.pdf,PL059_佛山市乔安电器有限公司迁建项目_01_受理公告或公示版.pdf,.pdf,pdf_pypdf,4,五、环境保护措施监督检查清单 .......................................................................................... 54,E:\华南理工项目\环评文件汇总\01_GitHub项目与研究文档\eia-openclaw-sync-chen2026\05_QA测试集\人工核查_环评报告出处整理_20260715\环评报告文件_按正文一级章节拆分_20260727\PL059_佛山市乔安电器有限公司迁建项目_01_受理公告或公示版\04_五、环境保护措施监督检查清单.md,1,109
E:\华南理工项目\环评文件汇总\01_GitHub项目与研究文档\eia-openclaw-sync-chen2026\05_QA测试集\人工核查_环评报告出处整理_20260715\环评报告文件_按问答顺序\PL059_佛山市乔安电器有限公司迁建项目_01_受理公告或公示版.pdf,PL059_佛山市乔安电器有限公司迁建项目_01_受理公告或公示版.pdf,.pdf,pdf_pypdf,5,六、结论 .................................................................................................................................. 57,E:\华南理工项目\环评文件汇总\01_GitHub项目与研究文档\eia-openclaw-sync-chen2026\05_QA测试集\人工核查_环评报告出处整理_20260715\环评报告文件_按正文一级章节拆分_20260727\PL059_佛山市乔安电器有限公司迁建项目_01_受理公告或公示版\05_六、结论.md,1,139
E:\华南理工项目\环评文件汇总\01_GitHub项目与研究文档\eia-openclaw-sync-chen2026\05_QA测试集\人工核查_环评报告出处整理_20260715\环评报告文件_按问答顺序\PL059_佛山市乔安电器有限公司迁建项目_01_受理公告或公示版.pdf,PL059_佛山市乔安电器有限公司迁建项目_01_受理公告或公示版.pdf,.pdf,pdf_pypdf,6,附表附图附件,E:\华南理工项目\环评文件汇总\01_GitHub项目与研究文档\eia-openclaw-sync-chen2026\05_QA测试集\人工核查_环评报告出处整理_20260715\环评报告文件_按正文一级章节拆分_20260727\PL059_佛山市乔安电器有限公司迁建项目_01_受理公告或公示版\06_附表附图附件.md,24,338
E:\华南理工项目\环评文件汇总\01_GitHub项目与研究文档\eia-openclaw-sync-chen2026\05_QA测试集\人工核查_环评报告出处整理_20260715\环评报告文件_按问答顺序\PL059_佛山市乔安电器有限公司迁建项目_01_受理公告或公示版.pdf,PL059_佛山市乔安电器有限公司迁建项目_01_受理公告或公示版.pdf,.pdf,pdf_pypdf,7,一、建设项目基本情况,E:\华南理工项目\环评文件汇总\01_GitHub项目与研究文档\eia-openclaw-sync-chen2026\05_QA测试集\人工核查_环评报告出处整理_20260715\环评报告文件_按正文一级章节拆分_20260727\PL059_佛山市乔安电器有限公司迁建项目_01_受理公告或公示版\07_一、建设项目基本情况.md,754,12422
E:\华南理工项目\环评文件汇总\01_GitHub项目与研究文档\eia-openclaw-sync-chen2026\05_QA测试集\人工核查_环评报告出处整理_20260715\环评报告文件_按问答顺序\PL059_佛山市乔安电器有限公司迁建项目_01_受理公告或公示版.pdf,PL059_佛山市乔安电器有限公司迁建项目_01_受理公告或公示版.pdf,.pdf,pdf_pypdf,8,二、建设项目工程分析,E:\华南理工项目\环评文件汇总\01_GitHub项目与研究文档\eia-openclaw-sync-chen2026\05_QA测试集\人工核查_环评报告出处整理_20260715\环评报告文件_按正文一级章节拆分_20260727\PL059_佛山市乔安电器有限公司迁建项目_01_受理公告或公示版\08_二、建设项目工程分析.md,495,8528
E:\华南理工项目\环评文件汇总\01_GitHub项目与研究文档\eia-openclaw-sync-chen2026\05_QA测试集\人工核查_环评报告出处整理_20260715\环评报告文件_按问答顺序\PL059_佛山市乔安电器有限公司迁建项目_01_受理公告或公示版.pdf,PL059_佛山市乔安电器有限公司迁建项目_01_受理公告或公示版.pdf,.pdf,pdf_pypdf,9,三、区域环境质量现状、环境保护目标及评价标准,E:\华南理工项目\环评文件汇总\01_GitHub项目与研究文档\eia-openclaw-sync-chen2026\05_QA测试集\人工核查_环评报告出处整理_20260715\环评报告文件_按正文一级章节拆分_20260727\PL059_佛山市乔安电器有限公司迁建项目_01_受理公告或公示版\09_三、区域环境质量现状、环境保护目标及评价标准.md,309,6063
E:\华南理工项目\环评文件汇总\01_GitHub项目与研究文档\eia-openclaw-sync-chen2026\05_QA测试集\人工核查_环评报告出处整理_20260715\环评报告文件_按问答顺序\PL059_佛山市乔安电器有限公司迁建项目_01_受理公告或公示版.pdf,PL059_佛山市乔安电器有限公司迁建项目_01_受理公告或公示版.pdf,.pdf,pdf_pypdf,10,四、主要环境影响和保护措施,E:\华南理工项目\环评文件汇总\01_GitHub项目与研究文档\eia-openclaw-sync-chen2026\05_QA测试集\人工核查_环评报告出处整理_20260715\环评报告文件_按正文一级章节拆分_20260727\PL059_佛山市乔安电器有限公司迁建项目_01_受理公告或公示版\10_四、主要环境影响和保护措施.md,979,21250
E:\华南理工项目\环评文件汇总\01_GitHub项目与研究文档\eia-openclaw-sync-chen2026\05_QA测试集\人工核查_环评报告出处整理_20260715\环评报告文件_按问答顺序\PL059_佛山市乔安电器有限公司迁建项目_01_受理公告或公示版.pdf,PL059_佛山市乔安电器有限公司迁建项目_01_受理公告或公示版.pdf,.pdf,pdf_pypdf,11,五、环境保护措施监督检查清单,E:\华南理工项目\环评文件汇总\01_GitHub项目与研究文档\eia-openclaw-sync-chen2026\05_QA测试集\人工核查_环评报告出处整理_20260715\环评报告文件_按正文一级章节拆分_20260727\PL059_佛山市乔安电器有限公司迁建项目_01_受理公告或公示版\11_五、环境保护措施监督检查清单.md,130,1973
E:\华南理工项目\环评文件汇总\01_GitHub项目与研究文档\eia-openclaw-sync-chen2026\05_QA测试集\人工核查_环评报告出处整理_20260715\环评报告文件_按问答顺序\PL059_佛山市乔安电器有限公司迁建项目_01_受理公告或公示版.pdf,PL059_佛山市乔安电器有限公司迁建项目_01_受理公告或公示版.pdf,.pdf,pdf_pypdf,12,六、结论,E:\华南理工项目\环评文件汇总\01_GitHub项目与研究文档\eia-openclaw-sync-chen2026\05_QA测试集\人工核查_环评报告出处整理_20260715\环评报告文件_按正文一级章节拆分_20260727\PL059_佛山市乔安电器有限公司迁建项目_01_受理公告或公示版\12_六、结论.md,7,191
E:\华南理工项目\环评文件汇总\01_GitHub项目与研究文档\eia-openclaw-sync-chen2026\05_QA测试集\人工核查_环评报告出处整理_20260715\环评报告文件_按问答顺序\PL059_佛山市乔安电器有限公司迁建项目_01_受理公告或公示版.pdf,PL059_佛山市乔安电器有限公司迁建项目_01_受理公告或公示版.pdf,.pdf,pdf_pypdf,13,附表附图附件,E:\华南理工项目\环评文件汇总\01_GitHub项目与研究文档\eia-openclaw-sync-chen2026\05_QA测试集\人工核查_环评报告出处整理_20260715\环评报告文件_按正文一级章节拆分_20260727\PL059_佛山市乔安电器有限公司迁建项目_01_受理公告或公示版\13_附表附图附件.md,138,2323
E:\华南理工项目\环评文件汇总\01_GitHub项目与研究文档\eia-openclaw-sync-chen2026\05_QA测试集\人工核查_环评报告出处整理_20260715\环评报告文件_按问答顺序\PL060_佛山市顺德区菱昌精密塑料五金实业有限公司新建项目_01_受理公告或公示版.pdf,PL060_佛山市顺德区菱昌精密塑料五金实业有限公司新建项目_01_受理公告或公示版.pdf,.pdf,pdf_pypdf,1,封面及目录,E:\华南理工项目\环评文件汇总\01_GitHub项目与研究文档\eia-openclaw-sync-chen2026\05_QA测试集\人工核查_环评报告出处整理_20260715\环评报告文件_按正文一级章节拆分_20260727\PL060_佛山市顺德区菱昌精密塑料五金实业有限公司新建项目_01_受理公告或公示版\01_封面及目录.md,2,24
E:\华南理工项目\环评文件汇总\01_GitHub项目与研究文档\eia-openclaw-sync-chen2026\05_QA测试集\人工核查_环评报告出处整理_20260715\环评报告文件_按问答顺序\PL060_佛山市顺德区菱昌精密塑料五金实业有限公司新建项目_01_受理公告或公示版.pdf,PL060_佛山市顺德区菱昌精密塑料五金实业有限公司新建项目_01_受理公告或公示版.pdf,.pdf,pdf_pypdf,2,一、建设项目基本情况 ........................................................................................................ 1,E:\华南理工项目\环评文件汇总\01_GitHub项目与研究文档\eia-openclaw-sync-chen2026\05_QA测试集\人工核查_环评报告出处整理_20260715\环评报告文件_按正文一级章节拆分_20260727\PL060_佛山市顺德区菱昌精密塑料五金实业有限公司新建项目_01_受理公告或公示版\02_一、建设项目基本情况.md,1,118
E:\华南理工项目\环评文件汇总\01_GitHub项目与研究文档\eia-openclaw-sync-chen2026\05_QA测试集\人工核查_环评报告出处整理_20260715\环评报告文件_按问答顺序\PL060_佛山市顺德区菱昌精密塑料五金实业有限公司新建项目_01_受理公告或公示版.pdf,PL060_佛山市顺德区菱昌精密塑料五金实业有限公司新建项目_01_受理公告或公示版.pdf,.pdf,pdf_pypdf,3,二、建设项目工程分析 ...................................................................................................... 14,E:\华南理工项目\环评文件汇总\01_GitHub项目与研究文档\eia-openclaw-sync-chen2026\05_QA测试集\人工核查_环评报告出处整理_20260715\环评报告文件_按正文一级章节拆分_20260727\PL060_佛山市顺德区菱昌精密塑料五金实业有限公司新建项目_01_受理公告或公示版\03_二、建设项目工程分析.md,2,198
E:\华南理工项目\环评文件汇总\01_GitHub项目与研究文档\eia-openclaw-sync-chen2026\05_QA测试集\人工核查_环评报告出处整理_20260715\环评报告文件_按问答顺序\PL060_佛山市顺德区菱昌精密塑料五金实业有限公司新建项目_01_受理公告或公示版.pdf,PL060_佛山市顺德区菱昌精密塑料五金实业有限公司新建项目_01_受理公告或公示版.pdf,.pdf,pdf_pypdf,4,四、 主要环境影响和保护措施 ........................................................................................ 29,E:\华南理工项目\环评文件汇总\01_GitHub项目与研究文档\eia-openclaw-sync-chen2026\05_QA测试集\人工核查_环评报告出处整理_20260715\环评报告文件_按正文一级章节拆分_20260727\PL060_佛山市顺德区菱昌精密塑料五金实业有限公司新建项目_01_受理公告或公示版\04_四、_主要环境影响和保护措施.md,1,107
E:\华南理工项目\环评文件汇总\01_GitHub项目与研究文档\eia-openclaw-sync-chen2026\05_QA测试集\人工核查_环评报告出处整理_20260715\环评报告文件_按问答顺序\PL060_佛山市顺德区菱昌精密塑料五金实业有限公司新建项目_01_受理公告或公示版.pdf,PL060_佛山市顺德区菱昌精密塑料五金实业有限公司新建项目_01_受理公告或公示版.pdf,.pdf,pdf_pypdf,5,五、环境保护措施监督检查清单 ...................................................................................... 56,E:\华南理工项目\环评文件汇总\01_GitHub项目与研究文档\eia-openclaw-sync-chen2026\05_QA测试集\人工核查_环评报告出处整理_20260715\环评报告文件_按正文一级章节拆分_20260727\PL060_佛山市顺德区菱昌精密塑料五金实业有限公司新建项目_01_受理公告或公示版\05_五、环境保护措施监督检查清单.md,1,105
E:\华南理工项目\环评文件汇总\01_GitHub项目与研究文档\eia-openclaw-sync-chen2026\05_QA测试集\人工核查_环评报告出处整理_20260715\环评报告文件_按问答顺序\PL060_佛山市顺德区菱昌精密塑料五金实业有限公司新建项目_01_受理公告或公示版.pdf,PL060_佛山市顺德区菱昌精密塑料五金实业有限公司新建项目_01_受理公告或公示版.pdf,.pdf,pdf_pypdf,6,六、结论 .............................................................................................................................. 59,E:\华南理工项目\环评文件汇总\01_GitHub项目与研究文档\eia-openclaw-sync-chen2026\05_QA测试集\人工核查_环评报告出处整理_20260715\环评报告文件_按正文一级章节拆分_20260727\PL060_佛山市顺德区菱昌精密塑料五金实业有限公司新建项目_01_受理公告或公示版\06_六、结论.md,2,243
E:\华南理工项目\环评文件汇总\01_GitHub项目与研究文档\eia-openclaw-sync-chen2026\05_QA测试集\人工核查_环评报告出处整理_20260715\环评报告文件_按问答顺序\PL060_佛山市顺德区菱昌精密塑料五金实业有限公司新建项目_01_受理公告或公示版.pdf,PL060_佛山市顺德区菱昌精密塑料五金实业有限公司新建项目_01_受理公告或公示版.pdf,.pdf,pdf_pypdf,7,附表附图附件,E:\华南理工项目\环评文件汇总\01_GitHub项目与研究文档\eia-openclaw-sync-chen2026\05_QA测试集\人工核查_环评报告出处整理_20260715\环评报告文件_按正文一级章节拆分_20260727\PL060_佛山市顺德区菱昌精密塑料五金实业有限公司新建项目_01_受理公告或公示版\07_附表附图附件.md,20,2041
E:\华南理工项目\环评文件汇总\01_GitHub项目与研究文档\eia-openclaw-sync-chen2026\05_QA测试集\人工核查_环评报告出处整理_20260715\环评报告文件_按问答顺序\PL060_佛山市顺德区菱昌精密塑料五金实业有限公司新建项目_01_受理公告或公示版.pdf,PL060_佛山市顺德区菱昌精密塑料五金实业有限公司新建项目_01_受理公告或公示版.pdf,.pdf,pdf_pypdf,8,一、建设项目基本情况,E:\华南理工项目\环评文件汇总\01_GitHub项目与研究文档\eia-openclaw-sync-chen2026\05_QA测试集\人工核查_环评报告出处整理_20260715\环评报告文件_按正文一级章节拆分_20260727\PL060_佛山市顺德区菱昌精密塑料五金实业有限公司新建项目_01_受理公告或公示版\08_一、建设项目基本情况.md,812,14018
E:\华南理工项目\环评文件汇总\01_GitHub项目与研究文档\eia-openclaw-sync-chen2026\05_QA测试集\人工核查_环评报告出处整理_20260715\环评报告文件_按问答顺序\PL060_佛山市顺德区菱昌精密塑料五金实业有限公司新建项目_01_受理公告或公示版.pdf,PL060_佛山市顺德区菱昌精密塑料五金实业有限公司新建项目_01_受理公告或公示版.pdf,.pdf,pdf_pypdf,9,二、建设项目工程分析,E:\华南理工项目\环评文件汇总\01_GitHub项目与研究文档\eia-openclaw-sync-chen2026\05_QA测试集\人工核查_环评报告出处整理_20260715\环评报告文件_按正文一级章节拆分_20260727\PL060_佛山市顺德区菱昌精密塑料五金实业有限公司新建项目_01_受理公告或公示版\09_二、建设项目工程分析.md,398,7522
E:\华南理工项目\环评文件汇总\01_GitHub项目与研究文档\eia-openclaw-sync-chen2026\05_QA测试集\人工核查_环评报告出处整理_20260715\环评报告文件_按问答顺序\PL060_佛山市顺德区菱昌精密塑料五金实业有限公司新建项目_01_受理公告或公示版.pdf,PL060_佛山市顺德区菱昌精密塑料五金实业有限公司新建项目_01_受理公告或公示版.pdf,.pdf,pdf_pypdf,10,三、区域环境质量现状、环境保护目标及评价标准,E:\华南理工项目\环评文件汇总\01_GitHub项目与研究文档\eia-openclaw-sync-chen2026\05_QA测试集\人工核查_环评报告出处整理_20260715\环评报告文件_按正文一级章节拆分_20260727\PL060_佛山市顺德区菱昌精密塑料五金实业有限公司新建项目_01_受理公告或公示版\10_三、区域环境质量现状、环境保护目标及评价标准.md,228,5489
E:\华南理工项目\环评文件汇总\01_GitHub项目与研究文档\eia-openclaw-sync-chen2026\05_QA测试集\人工核查_环评报告出处整理_20260715\环评报告文件_按问答顺序\PL060_佛山市顺德区菱昌精密塑料五金实业有限公司新建项目_01_受理公告或公示版.pdf,PL060_佛山市顺德区菱昌精密塑料五金实业有限公司新建项目_01_受理公告或公示版.pdf,.pdf,pdf_pypdf,11,四、主要环境影响和保护措施,E:\华南理工项目\环评文件汇总\01_GitHub项目与研究文档\eia-openclaw-sync-chen2026\05_QA测试集\人工核查_环评报告出处整理_20260715\环评报告文件_按正文一级章节拆分_20260727\PL060_佛山市顺德区菱昌精密塑料五金实业有限公司新建项目_01_受理公告或公示版\11_四、主要环境影响和保护措施.md,1228,25382
E:\华南理工项目\环评文件汇总\01_GitHub项目与研究文档\eia-openclaw-sync-chen2026\05_QA测试集\人工核查_环评报告出处整理_20260715\环评报告文件_按问答顺序\PL060_佛山市顺德区菱昌精密塑料五金实业有限公司新建项目_01_受理公告或公示版.pdf,PL060_佛山市顺德区菱昌精密塑料五金实业有限公司新建项目_01_受理公告或公示版.pdf,.pdf,pdf_pypdf,12,五、环境保护措施监督检查清单,E:\华南理工项目\环评文件汇总\01_GitHub项目与研究文档\eia-openclaw-sync-chen2026\05_QA测试集\人工核查_环评报告出处整理_20260715\环评报告文件_按正文一级章节拆分_20260727\PL060_佛山市顺德区菱昌精密塑料五金实业有限公司新建项目_01_受理公告或公示版\12_五、环境保护措施监督检查清单.md,151,2242
E:\华南理工项目\环评文件汇总\01_GitHub项目与研究文档\eia-openclaw-sync-chen2026\05_QA测试集\人工核查_环评报告出处整理_20260715\环评报告文件_按问答顺序\PL060_佛山市顺德区菱昌精密塑料五金实业有限公司新建项目_01_受理公告或公示版.pdf,PL060_佛山市顺德区菱昌精密塑料五金实业有限公司新建项目_01_受理公告或公示版.pdf,.pdf,pdf_pypdf,13,六、结论,E:\华南理工项目\环评文件汇总\01_GitHub项目与研究文档\eia-openclaw-sync-chen2026\05_QA测试集\人工核查_环评报告出处整理_20260715\环评报告文件_按正文一级章节拆分_20260727\PL060_佛山市顺德区菱昌精密塑料五金实业有限公司新建项目_01_受理公告或公示版\13_六、结论.md,8,229
E:\华南理工项目\环评文件汇总\01_GitHub项目与研究文档\eia-openclaw-sync-chen2026\05_QA测试集\人工核查_环评报告出处整理_20260715\环评报告文件_按问答顺序\PL060_佛山市顺德区菱昌精密塑料五金实业有限公司新建项目_01_受理公告或公示版.pdf,PL060_佛山市顺德区菱昌精密塑料五金实业有限公司新建项目_01_受理公告或公示版.pdf,.pdf,pdf_pypdf,14,附表附图附件,E:\华南理工项目\环评文件汇总\01_GitHub项目与研究文档\eia-openclaw-sync-chen2026\05_QA测试集\人工核查_环评报告出处整理_20260715\环评报告文件_按正文一级章节拆分_20260727\PL060_佛山市顺德区菱昌精密塑料五金实业有限公司新建项目_01_受理公告或公示版\14_附表附图附件.md,129,1830
E:\华南理工项目\环评文件汇总\01_GitHub项目与研究文档\eia-openclaw-sync-chen2026\05_QA测试集\人工核查_环评报告出处整理_20260715\环评报告文件_按问答顺序\PL061_佛山市德田科技有限公司建设项目_01_受理公告或公示版.pdf,PL061_佛山市德田科技有限公司建设项目_01_受理公告或公示版.pdf,.pdf,pdf_pypdf,1,封面及目录,E:\华南理工项目\环评文件汇总\01_GitHub项目与研究文档\eia-openclaw-sync-chen2026\05_QA测试集\人工核查_环评报告出处整理_20260715\环评报告文件_按正文一级章节拆分_20260727\PL061_佛山市德田科技有限公司建设项目_01_受理公告或公示版\01_封面及目录.md,2,25
E:\华南理工项目\环评文件汇总\01_GitHub项目与研究文档\eia-openclaw-sync-chen2026\05_QA测试集\人工核查_环评报告出处整理_20260715\环评报告文件_按问答顺序\PL061_佛山市德田科技有限公司建设项目_01_受理公告或公示版.pdf,PL061_佛山市德田科技有限公司建设项目_01_受理公告或公示版.pdf,.pdf,pdf_pypdf,2,一、建设项目基本情况 ........................................................................................................ 1,E:\华南理工项目\环评文件汇总\01_GitHub项目与研究文档\eia-openclaw-sync-chen2026\05_QA测试集\人工核查_环评报告出处整理_20260715\环评报告文件_按正文一级章节拆分_20260727\PL061_佛山市德田科技有限公司建设项目_01_受理公告或公示版\02_一、建设项目基本情况.md,1,118
E:\华南理工项目\环评文件汇总\01_GitHub项目与研究文档\eia-openclaw-sync-chen2026\05_QA测试集\人工核查_环评报告出处整理_20260715\环评报告文件_按问答顺序\PL061_佛山市德田科技有限公司建设项目_01_受理公告或公示版.pdf,PL061_佛山市德田科技有限公司建设项目_01_受理公告或公示版.pdf,.pdf,pdf_pypdf,3,二、建设项目工程分析 ...................................................................................................... 16,E:\华南理工项目\环评文件汇总\01_GitHub项目与研究文档\eia-openclaw-sync-chen2026\05_QA测试集\人工核查_环评报告出处整理_20260715\环评报告文件_按正文一级章节拆分_20260727\PL061_佛山市德田科技有限公司建设项目_01_受理公告或公示版\03_二、建设项目工程分析.md,2,198
E:\华南理工项目\环评文件汇总\01_GitHub项目与研究文档\eia-openclaw-sync-chen2026\05_QA测试集\人工核查_环评报告出处整理_20260715\环评报告文件_按问答顺序\PL061_佛山市德田科技有限公司建设项目_01_受理公告或公示版.pdf,PL061_佛山市德田科技有限公司建设项目_01_受理公告或公示版.pdf,.pdf,pdf_pypdf,4,四、主要环境影响和保护措施 .......................................................................................... 36,E:\华南理工项目\环评文件汇总\01_GitHub项目与研究文档\eia-openclaw-sync-chen2026\05_QA测试集\人工核查_环评报告出处整理_20260715\环评报告文件_按正文一级章节拆分_20260727\PL061_佛山市德田科技有限公司建设项目_01_受理公告或公示版\04_四、主要环境影响和保护措施.md,1,108
E:\华南理工项目\环评文件汇总\01_GitHub项目与研究文档\eia-openclaw-sync-chen2026\05_QA测试集\人工核查_环评报告出处整理_20260715\环评报告文件_按问答顺序\PL061_佛山市德田科技有限公司建设项目_01_受理公告或公示版.pdf,PL061_佛山市德田科技有限公司建设项目_01_受理公告或公示版.pdf,.pdf,pdf_pypdf,5,五、 环境保护措施监督检查清单 .................................................................................... 61,E:\华南理工项目\环评文件汇总\01_GitHub项目与研究文档\eia-openclaw-sync-chen2026\05_QA测试集\人工核查_环评报告出处整理_20260715\环评报告文件_按正文一级章节拆分_20260727\PL061_佛山市德田科技有限公司建设项目_01_受理公告或公示版\05_五、_环境保护措施监督检查清单.md,1,104
E:\华南理工项目\环评文件汇总\01_GitHub项目与研究文档\eia-openclaw-sync-chen2026\05_QA测试集\人工核查_环评报告出处整理_20260715\环评报告文件_按问答顺序\PL061_佛山市德田科技有限公司建设项目_01_受理公告或公示版.pdf,PL061_佛山市德田科技有限公司建设项目_01_受理公告或公示版.pdf,.pdf,pdf_pypdf,6,六、结论 .............................................................................................................................. 63,E:\华南理工项目\环评文件汇总\01_GitHub项目与研究文档\eia-openclaw-sync-chen2026\05_QA测试集\人工核查_环评报告出处整理_20260715\环评报告文件_按正文一级章节拆分_20260727\PL061_佛山市德田科技有限公司建设项目_01_受理公告或公示版\06_六、结论.md,2,157
E:\华南理工项目\环评文件汇总\01_GitHub项目与研究文档\eia-openclaw-sync-chen2026\05_QA测试集\人工核查_环评报告出处整理_20260715\环评报告文件_按问答顺序\PL061_佛山市德田科技有限公司建设项目_01_受理公告或公示版.pdf,PL061_佛山市德田科技有限公司建设项目_01_受理公告或公示版.pdf,.pdf,pdf_pypdf,7,附表附图附件,E:\华南理工项目\环评文件汇总\01_GitHub项目与研究文档\eia-openclaw-sync-chen2026\05_QA测试集\人工核查_环评报告出处整理_20260715\环评报告文件_按正文一级章节拆分_20260727\PL061_佛山市德田科技有限公司建设项目_01_受理公告或公示版\07_附表附图附件.md,21,349
E:\华南理工项目\环评文件汇总\01_GitHub项目与研究文档\eia-openclaw-sync-chen2026\05_QA测试集\人工核查_环评报告出处整理_20260715\环评报告文件_按问答顺序\PL061_佛山市德田科技有限公司建设项目_01_受理公告或公示版.pdf,PL061_佛山市德田科技有限公司建设项目_01_受理公告或公示版.pdf,.pdf,pdf_pypdf,8,一、建设项目基本情况,E:\华南理工项目\环评文件汇总\01_GitHub项目与研究文档\eia-openclaw-sync-chen2026\05_QA测试集\人工核查_环评报告出处整理_20260715\环评报告文件_按正文一级章节拆分_20260727\PL061_佛山市德田科技有限公司建设项目_01_受理公告或公示版\08_一、建设项目基本情况.md,1121,14204
E:\华南理工项目\环评文件汇总\01_GitHub项目与研究文档\eia-openclaw-sync-chen2026\05_QA测试集\人工核查_环评报告出处整理_20260715\环评报告文件_按问答顺序\PL061_佛山市德田科技有限公司建设项目_01_受理公告或公示版.pdf,PL061_佛山市德田科技有限公司建设项目_01_受理公告或公示版.pdf,.pdf,pdf_pypdf,9,二、建设项目工程分析,E:\华南理工项目\环评文件汇总\01_GitHub项目与研究文档\eia-openclaw-sync-chen2026\05_QA测试集\人工核查_环评报告出处整理_20260715\环评报告文件_按正文一级章节拆分_20260727\PL061_佛山市德田科技有限公司建设项目_01_受理公告或公示版\09_二、建设项目工程分析.md,419,8056
E:\华南理工项目\环评文件汇总\01_GitHub项目与研究文档\eia-openclaw-sync-chen2026\05_QA测试集\人工核查_环评报告出处整理_20260715\环评报告文件_按问答顺序\PL061_佛山市德田科技有限公司建设项目_01_受理公告或公示版.pdf,PL061_佛山市德田科技有限公司建设项目_01_受理公告或公示版.pdf,.pdf,pdf_pypdf,10,三、区域环境质量现状、环境保护目标及评价标准,E:\华南理工项目\环评文件汇总\01_GitHub项目与研究文档\eia-openclaw-sync-chen2026\05_QA测试集\人工核查_环评报告出处整理_20260715\环评报告文件_按正文一级章节拆分_20260727\PL061_佛山市德田科技有限公司建设项目_01_受理公告或公示版\10_三、区域环境质量现状、环境保护目标及评价标准.md,305,6004
E:\华南理工项目\环评文件汇总\01_GitHub项目与研究文档\eia-openclaw-sync-chen2026\05_QA测试集\人工核查_环评报告出处整理_20260715\环评报告文件_按问答顺序\PL061_佛山市德田科技有限公司建设项目_01_受理公告或公示版.pdf,PL061_佛山市德田科技有限公司建设项目_01_受理公告或公示版.pdf,.pdf,pdf_pypdf,11,四、主要环境影响和保护措施,E:\华南理工项目\环评文件汇总\01_GitHub项目与研究文档\eia-openclaw-sync-chen2026\05_QA测试集\人工核查_环评报告出处整理_20260715\环评报告文件_按正文一级章节拆分_20260727\PL061_佛山市德田科技有限公司建设项目_01_受理公告或公示版\11_四、主要环境影响和保护措施.md,1361,23027
E:\华南理工项目\环评文件汇总\01_GitHub项目与研究文档\eia-openclaw-sync-chen2026\05_QA测试集\人工核查_环评报告出处整理_20260715\环评报告文件_按问答顺序\PL061_佛山市德田科技有限公司建设项目_01_受理公告或公示版.pdf,PL061_佛山市德田科技有限公司建设项目_01_受理公告或公示版.pdf,.pdf,pdf_pypdf,12,五、环境保护措施监督检查清单,E:\华南理工项目\环评文件汇总\01_GitHub项目与研究文档\eia-openclaw-sync-chen2026\05_QA测试集\人工核查_环评报告出处整理_20260715\环评报告文件_按正文一级章节拆分_20260727\PL061_佛山市德田科技有限公司建设项目_01_受理公告或公示版\12_五、环境保护措施监督检查清单.md,150,2172
E:\华南理工项目\环评文件汇总\01_GitHub项目与研究文档\eia-openclaw-sync-chen2026\05_QA测试集\人工核查_环评报告出处整理_20260715\环评报告文件_按问答顺序\PL061_佛山市德田科技有限公司建设项目_01_受理公告或公示版.pdf,PL061_佛山市德田科技有限公司建设项目_01_受理公告或公示版.pdf,.pdf,pdf_pypdf,13,六、结论,E:\华南理工项目\环评文件汇总\01_GitHub项目与研究文档\eia-openclaw-sync-chen2026\05_QA测试集\人工核查_环评报告出处整理_20260715\环评报告文件_按正文一级章节拆分_20260727\PL061_佛山市德田科技有限公司建设项目_01_受理公告或公示版\13_六、结论.md,6,192
E:\华南理工项目\环评文件汇总\01_GitHub项目与研究文档\eia-openclaw-sync-chen2026\05_QA测试集\人工核查_环评报告出处整理_20260715\环评报告文件_按问答顺序\PL061_佛山市德田科技有限公司建设项目_01_受理公告或公示版.pdf,PL061_佛山市德田科技有限公司建设项目_01_受理公告或公示版.pdf,.pdf,pdf_pypdf,14,附表附图附件,E:\华南理工项目\环评文件汇总\01_GitHub项目与研究文档\eia-openclaw-sync-chen2026\05_QA测试集\人工核查_环评报告出处整理_20260715\环评报告文件_按正文一级章节拆分_20260727\PL061_佛山市德田科技有限公司建设项目_01_受理公告或公示版\14_附表附图附件.md,155,1878
E:\华南理工项目\环评文件汇总\01_GitHub项目与研究文档\eia-openclaw-sync-chen2026\05_QA测试集\人工核查_环评报告出处整理_20260715\环评报告文件_按问答顺序\PL062_佛山市车壹套塑料制品有限公司新建项目_01_受理公告或公示版.pdf,PL062_佛山市车壹套塑料制品有限公司新建项目_01_受理公告或公示版.pdf,.pdf,pdf_pypdf,1,封面及目录,E:\华南理工项目\环评文件汇总\01_GitHub项目与研究文档\eia-openclaw-sync-chen2026\05_QA测试集\人工核查_环评报告出处整理_20260715\环评报告文件_按正文一级章节拆分_20260727\PL062_佛山市车壹套塑料制品有限公司新建项目_01_受理公告或公示版\01_封面及目录.md,2,25
E:\华南理工项目\环评文件汇总\01_GitHub项目与研究文档\eia-openclaw-sync-chen2026\05_QA测试集\人工核查_环评报告出处整理_20260715\环评报告文件_按问答顺序\PL062_佛山市车壹套塑料制品有限公司新建项目_01_受理公告或公示版.pdf,PL062_佛山市车壹套塑料制品有限公司新建项目_01_受理公告或公示版.pdf,.pdf,pdf_pypdf,2,一、建设项目基本情况 ................................................................................................................1,E:\华南理工项目\环评文件汇总\01_GitHub项目与研究文档\eia-openclaw-sync-chen2026\05_QA测试集\人工核查_环评报告出处整理_20260715\环评报告文件_按正文一级章节拆分_20260727\PL062_佛山市车壹套塑料制品有限公司新建项目_01_受理公告或公示版\02_一、建设项目基本情况.md,1,125
E:\华南理工项目\环评文件汇总\01_GitHub项目与研究文档\eia-openclaw-sync-chen2026\05_QA测试集\人工核查_环评报告出处整理_20260715\环评报告文件_按问答顺序\PL062_佛山市车壹套塑料制品有限公司新建项目_01_受理公告或公示版.pdf,PL062_佛山市车壹套塑料制品有限公司新建项目_01_受理公告或公示版.pdf,.pdf,pdf_pypdf,3,二、建设项目工程分析 ..............................................................................................................11,E:\华南理工项目\环评文件汇总\01_GitHub项目与研究文档\eia-openclaw-sync-chen2026\05_QA测试集\人工核查_环评报告出处整理_20260715\环评报告文件_按正文一级章节拆分_20260727\PL062_佛山市车壹套塑料制品有限公司新建项目_01_受理公告或公示版\03_二、建设项目工程分析.md,2,215
E:\华南理工项目\环评文件汇总\01_GitHub项目与研究文档\eia-openclaw-sync-chen2026\05_QA测试集\人工核查_环评报告出处整理_20260715\环评报告文件_按问答顺序\PL062_佛山市车壹套塑料制品有限公司新建项目_01_受理公告或公示版.pdf,PL062_佛山市车壹套塑料制品有限公司新建项目_01_受理公告或公示版.pdf,.pdf,pdf_pypdf,4,四、 主要环境影响和保护措施 .................................................................................................24,E:\华南理工项目\环评文件汇总\01_GitHub项目与研究文档\eia-openclaw-sync-chen2026\05_QA测试集\人工核查_环评报告出处整理_20260715\环评报告文件_按正文一级章节拆分_20260727\PL062_佛山市车壹套塑料制品有限公司新建项目_01_受理公告或公示版\04_四、_主要环境影响和保护措施.md,1,115
E:\华南理工项目\环评文件汇总\01_GitHub项目与研究文档\eia-openclaw-sync-chen2026\05_QA测试集\人工核查_环评报告出处整理_20260715\环评报告文件_按问答顺序\PL062_佛山市车壹套塑料制品有限公司新建项目_01_受理公告或公示版.pdf,PL062_佛山市车壹套塑料制品有限公司新建项目_01_受理公告或公示版.pdf,.pdf,pdf_pypdf,5,五、环境保护措施监督检查清单 ...............................................................................................44,E:\华南理工项目\环评文件汇总\01_GitHub项目与研究文档\eia-openclaw-sync-chen2026\05_QA测试集\人工核查_环评报告出处整理_20260715\环评报告文件_按正文一级章节拆分_20260727\PL062_佛山市车壹套塑料制品有限公司新建项目_01_受理公告或公示版\05_五、环境保护措施监督检查清单.md,1,113
E:\华南理工项目\环评文件汇总\01_GitHub项目与研究文档\eia-openclaw-sync-chen2026\05_QA测试集\人工核查_环评报告出处整理_20260715\环评报告文件_按问答顺序\PL062_佛山市车壹套塑料制品有限公司新建项目_01_受理公告或公示版.pdf,PL062_佛山市车壹套塑料制品有限公司新建项目_01_受理公告或公示版.pdf,.pdf,pdf_pypdf,6,六、结论 .................................................................................................................................... 47,E:\华南理工项目\环评文件汇总\01_GitHub项目与研究文档\eia-openclaw-sync-chen2026\05_QA测试集\人工核查_环评报告出处整理_20260715\环评报告文件_按正文一级章节拆分_20260727\PL062_佛山市车壹套塑料制品有限公司新建项目_01_受理公告或公示版\06_六、结论.md,2,264
E:\华南理工项目\环评文件汇总\01_GitHub项目与研究文档\eia-openclaw-sync-chen2026\05_QA测试集\人工核查_环评报告出处整理_20260715\环评报告文件_按问答顺序\PL062_佛山市车壹套塑料制品有限公司新建项目_01_受理公告或公示版.pdf,PL062_佛山市车壹套塑料制品有限公司新建项目_01_受理公告或公示版.pdf,.pdf,pdf_pypdf,7,附表附图附件,E:\华南理工项目\环评文件汇总\01_GitHub项目与研究文档\eia-openclaw-sync-chen2026\05_QA测试集\人工核查_环评报告出处整理_20260715\环评报告文件_按正文一级章节拆分_20260727\PL062_佛山市车壹套塑料制品有限公司新建项目_01_受理公告或公示版\07_附表附图附件.md,20,2221
E:\华南理工项目\环评文件汇总\01_GitHub项目与研究文档\eia-openclaw-sync-chen2026\05_QA测试集\人工核查_环评报告出处整理_20260715\环评报告文件_按问答顺序\PL062_佛山市车壹套塑料制品有限公司新建项目_01_受理公告或公示版.pdf,PL062_佛山市车壹套塑料制品有限公司新建项目_01_受理公告或公示版.pdf,.pdf,pdf_pypdf,8,一、建设项目基本情况,E:\华南理工项目\环评文件汇总\01_GitHub项目与研究文档\eia-openclaw-sync-chen2026\05_QA测试集\人工核查_环评报告出处整理_20260715\环评报告文件_按正文一级章节拆分_20260727\PL062_佛山市车壹套塑料制品有限公司新建项目_01_受理公告或公示版\08_一、建设项目基本情况.md,679,12447
E:\华南理工项目\环评文件汇总\01_GitHub项目与研究文档\eia-openclaw-sync-chen2026\05_QA测试集\人工核查_环评报告出处整理_20260715\环评报告文件_按问答顺序\PL062_佛山市车壹套塑料制品有限公司新建项目_01_受理公告或公示版.pdf,PL062_佛山市车壹套塑料制品有限公司新建项目_01_受理公告或公示版.pdf,.pdf,pdf_pypdf,9,二、建设项目工程分析,E:\华南理工项目\环评文件汇总\01_GitHub项目与研究文档\eia-openclaw-sync-chen2026\05_QA测试集\人工核查_环评报告出处整理_20260715\环评报告文件_按正文一级章节拆分_20260727\PL062_佛山市车壹套塑料制品有限公司新建项目_01_受理公告或公示版\09_二、建设项目工程分析.md,324,6011
E:\华南理工项目\环评文件汇总\01_GitHub项目与研究文档\eia-openclaw-sync-chen2026\05_QA测试集\人工核查_环评报告出处整理_20260715\环评报告文件_按问答顺序\PL062_佛山市车壹套塑料制品有限公司新建项目_01_受理公告或公示版.pdf,PL062_佛山市车壹套塑料制品有限公司新建项目_01_受理公告或公示版.pdf,.pdf,pdf_pypdf,10,三、区域环境质量现状、环境保护目标及评价标准,E:\华南理工项目\环评文件汇总\01_GitHub项目与研究文档\eia-openclaw-sync-chen2026\05_QA测试集\人工核查_环评报告出处整理_20260715\环评报告文件_按正文一级章节拆分_20260727\PL062_佛山市车壹套塑料制品有限公司新建项目_01_受理公告或公示版\10_三、区域环境质量现状、环境保护目标及评价标准.md,246,5053
E:\华南理工项目\环评文件汇总\01_GitHub项目与研究文档\eia-openclaw-sync-chen2026\05_QA测试集\人工核查_环评报告出处整理_20260715\环评报告文件_按问答顺序\PL062_佛山市车壹套塑料制品有限公司新建项目_01_受理公告或公示版.pdf,PL062_佛山市车壹套塑料制品有限公司新建项目_01_受理公告或公示版.pdf,.pdf,pdf_pypdf,11,四、主要环境影响和保护措施,E:\华南理工项目\环评文件汇总\01_GitHub项目与研究文档\eia-openclaw-sync-chen2026\05_QA测试集\人工核查_环评报告出处整理_20260715\环评报告文件_按正文一级章节拆分_20260727\PL062_佛山市车壹套塑料制品有限公司新建项目_01_受理公告或公示版\11_四、主要环境影响和保护措施.md,1118,20665
E:\华南理工项目\环评文件汇总\01_GitHub项目与研究文档\eia-openclaw-sync-chen2026\05_QA测试集\人工核查_环评报告出处整理_20260715\环评报告文件_按问答顺序\PL062_佛山市车壹套塑料制品有限公司新建项目_01_受理公告或公示版.pdf,PL062_佛山市车壹套塑料制品有限公司新建项目_01_受理公告或公示版.pdf,.pdf,pdf_pypdf,12,五、环境保护措施监督检查清单,E:\华南理工项目\环评文件汇总\01_GitHub项目与研究文档\eia-openclaw-sync-chen2026\05_QA测试集\人工核查_环评报告出处整理_20260715\环评报告文件_按正文一级章节拆分_20260727\PL062_佛山市车壹套塑料制品有限公司新建项目_01_受理公告或公示版\12_五、环境保护措施监督检查清单.md,141,2456
E:\华南理工项目\环评文件汇总\01_GitHub项目与研究文档\eia-openclaw-sync-chen2026\05_QA测试集\人工核查_环评报告出处整理_20260715\环评报告文件_按问答顺序\PL062_佛山市车壹套塑料制品有限公司新建项目_01_受理公告或公示版.pdf,PL062_佛山市车壹套塑料制品有限公司新建项目_01_受理公告或公示版.pdf,.pdf,pdf_pypdf,13,六、结论,E:\华南理工项目\环评文件汇总\01_GitHub项目与研究文档\eia-openclaw-sync-chen2026\05_QA测试集\人工核查_环评报告出处整理_20260715\环评报告文件_按正文一级章节拆分_20260727\PL062_佛山市车壹套塑料制品有限公司新建项目_01_受理公告或公示版\13_六、结论.md,7,208
E:\华南理工项目\环评文件汇总\01_GitHub项目与研究文档\eia-openclaw-sync-chen2026\05_QA测试集\人工核查_环评报告出处整理_20260715\环评报告文件_按问答顺序\PL062_佛山市车壹套塑料制品有限公司新建项目_01_受理公告或公示版.pdf,PL062_佛山市车壹套塑料制品有限公司新建项目_01_受理公告或公示版.pdf,.pdf,pdf_pypdf,14,附表附图附件,E:\华南理工项目\环评文件汇总\01_GitHub项目与研究文档\eia-openclaw-sync-chen2026\05_QA测试集\人工核查_环评报告出处整理_20260715\环评报告文件_按正文一级章节拆分_20260727\PL062_佛山市车壹套塑料制品有限公司新建项目_01_受理公告或公示版\14_附表附图附件.md,90,1521
E:\华南理工项目\环评文件汇总\01_GitHub项目与研究文档\eia-openclaw-sync-chen2026\05_QA测试集\人工核查_环评报告出处整理_20260715\环评报告文件_按问答顺序\PL063_华硕(广东)新材料股份有限公司新建项目_01_报批稿或报告表.pdf,PL063_华硕(广东)新材料股份有限公司新建项目_01_报批稿或报告表.pdf,.pdf,pdf_pypdf,1,封面及目录,E:\华南理工项目\环评文件汇总\01_GitHub项目与研究文档\eia-openclaw-sync-chen2026\05_QA测试集\人工核查_环评报告出处整理_20260715\环评报告文件_按正文一级章节拆分_20260727\PL063_华硕(广东)新材料股份有限公司新建项目_01_报批稿或报告表\01_封面及目录.md,9,146
E:\华南理工项目\环评文件汇总\01_GitHub项目与研究文档\eia-openclaw-sync-chen2026\05_QA测试集\人工核查_环评报告出处整理_20260715\环评报告文件_按问答顺序\PL063_华硕(广东)新材料股份有限公司新建项目_01_报批稿或报告表.pdf,PL063_华硕(广东)新材料股份有限公司新建项目_01_报批稿或报告表.pdf,.pdf,pdf_pypdf,2,一、建设项目基本情况 ........................................................................................................ 1,E:\华南理工项目\环评文件汇总\01_GitHub项目与研究文档\eia-openclaw-sync-chen2026\05_QA测试集\人工核查_环评报告出处整理_20260715\环评报告文件_按正文一级章节拆分_20260727\PL063_华硕(广东)新材料股份有限公司新建项目_01_报批稿或报告表\02_一、建设项目基本情况.md,1,118
E:\华南理工项目\环评文件汇总\01_GitHub项目与研究文档\eia-openclaw-sync-chen2026\05_QA测试集\人工核查_环评报告出处整理_20260715\环评报告文件_按问答顺序\PL063_华硕(广东)新材料股份有限公司新建项目_01_报批稿或报告表.pdf,PL063_华硕(广东)新材料股份有限公司新建项目_01_报批稿或报告表.pdf,.pdf,pdf_pypdf,3,二、建设项目工程分析 ...................................................................................................... 17,E:\华南理工项目\环评文件汇总\01_GitHub项目与研究文档\eia-openclaw-sync-chen2026\05_QA测试集\人工核查_环评报告出处整理_20260715\环评报告文件_按正文一级章节拆分_20260727\PL063_华硕(广东)新材料股份有限公司新建项目_01_报批稿或报告表\03_二、建设项目工程分析.md,2,198
E:\华南理工项目\环评文件汇总\01_GitHub项目与研究文档\eia-openclaw-sync-chen2026\05_QA测试集\人工核查_环评报告出处整理_20260715\环评报告文件_按问答顺序\PL063_华硕(广东)新材料股份有限公司新建项目_01_报批稿或报告表.pdf,PL063_华硕(广东)新材料股份有限公司新建项目_01_报批稿或报告表.pdf,.pdf,pdf_pypdf,4,四、主要环境影响和保护措施 .......................................................................................... 34,E:\华南理工项目\环评文件汇总\01_GitHub项目与研究文档\eia-openclaw-sync-chen2026\05_QA测试集\人工核查_环评报告出处整理_20260715\环评报告文件_按正文一级章节拆分_20260727\PL063_华硕(广东)新材料股份有限公司新建项目_01_报批稿或报告表\04_四、主要环境影响和保护措施.md,1,108
E:\华南理工项目\环评文件汇总\01_GitHub项目与研究文档\eia-openclaw-sync-chen2026\05_QA测试集\人工核查_环评报告出处整理_20260715\环评报告文件_按问答顺序\PL063_华硕(广东)新材料股份有限公司新建项目_01_报批稿或报告表.pdf,PL063_华硕(广东)新材料股份有限公司新建项目_01_报批稿或报告表.pdf,.pdf,pdf_pypdf,5,五、环境保护措施监督检查清单 ...................................................................................... 64,E:\华南理工项目\环评文件汇总\01_GitHub项目与研究文档\eia-openclaw-sync-chen2026\05_QA测试集\人工核查_环评报告出处整理_20260715\环评报告文件_按正文一级章节拆分_20260727\PL063_华硕(广东)新材料股份有限公司新建项目_01_报批稿或报告表\05_五、环境保护措施监督检查清单.md,1,105
E:\华南理工项目\环评文件汇总\01_GitHub项目与研究文档\eia-openclaw-sync-chen2026\05_QA测试集\人工核查_环评报告出处整理_20260715\环评报告文件_按问答顺序\PL063_华硕(广东)新材料股份有限公司新建项目_01_报批稿或报告表.pdf,PL063_华硕(广东)新材料股份有限公司新建项目_01_报批稿或报告表.pdf,.pdf,pdf_pypdf,6,六、结论 .............................................................................................................................. 67,E:\华南理工项目\环评文件汇总\01_GitHub项目与研究文档\eia-openclaw-sync-chen2026\05_QA测试集\人工核查_环评报告出处整理_20260715\环评报告文件_按正文一级章节拆分_20260727\PL063_华硕(广东)新材料股份有限公司新建项目_01_报批稿或报告表\06_六、结论.md,1,135
E:\华南理工项目\环评文件汇总\01_GitHub项目与研究文档\eia-openclaw-sync-chen2026\05_QA测试集\人工核查_环评报告出处整理_20260715\环评报告文件_按问答顺序\PL063_华硕(广东)新材料股份有限公司新建项目_01_报批稿或报告表.pdf,PL063_华硕(广东)新材料股份有限公司新建项目_01_报批稿或报告表.pdf,.pdf,pdf_pypdf,7,附表附图附件,E:\华南理工项目\环评文件汇总\01_GitHub项目与研究文档\eia-openclaw-sync-chen2026\05_QA测试集\人工核查_环评报告出处整理_20260715\环评报告文件_按正文一级章节拆分_20260727\PL063_华硕(广东)新材料股份有限公司新建项目_01_报批稿或报告表\07_附表附图附件.md,19,1812
E:\华南理工项目\环评文件汇总\01_GitHub项目与研究文档\eia-openclaw-sync-chen2026\05_QA测试集\人工核查_环评报告出处整理_20260715\环评报告文件_按问答顺序\PL063_华硕(广东)新材料股份有限公司新建项目_01_报批稿或报告表.pdf,PL063_华硕(广东)新材料股份有限公司新建项目_01_报批稿或报告表.pdf,.pdf,pdf_pypdf,8,一、建设项目基本情况,E:\华南理工项目\环评文件汇总\01_GitHub项目与研究文档\eia-openclaw-sync-chen2026\05_QA测试集\人工核查_环评报告出处整理_20260715\环评报告文件_按正文一级章节拆分_20260727\PL063_华硕(广东)新材料股份有限公司新建项目_01_报批稿或报告表\08_一、建设项目基本情况.md,956,15330
E:\华南理工项目\环评文件汇总\01_GitHub项目与研究文档\eia-openclaw-sync-chen2026\05_QA测试集\人工核查_环评报告出处整理_20260715\环评报告文件_按问答顺序\PL063_华硕(广东)新材料股份有限公司新建项目_01_报批稿或报告表.pdf,PL063_华硕(广东)新材料股份有限公司新建项目_01_报批稿或报告表.pdf,.pdf,pdf_pypdf,9,二、建设项目工程分析,E:\华南理工项目\环评文件汇总\01_GitHub项目与研究文档\eia-openclaw-sync-chen2026\05_QA测试集\人工核查_环评报告出处整理_20260715\环评报告文件_按正文一级章节拆分_20260727\PL063_华硕(广东)新材料股份有限公司新建项目_01_报批稿或报告表\09_二、建设项目工程分析.md,14,310
E:\华南理工项目\环评文件汇总\01_GitHub项目与研究文档\eia-openclaw-sync-chen2026\05_QA测试集\人工核查_环评报告出处整理_20260715\环评报告文件_按问答顺序\PL063_华硕(广东)新材料股份有限公司新建项目_01_报批稿或报告表.pdf,PL063_华硕(广东)新材料股份有限公司新建项目_01_报批稿或报告表.pdf,.pdf,pdf_pypdf,10,二、项目概况,E:\华南理工项目\环评文件汇总\01_GitHub项目与研究文档\eia-openclaw-sync-chen2026\05_QA测试集\人工核查_环评报告出处整理_20260715\环评报告文件_按正文一级章节拆分_20260727\PL063_华硕(广东)新材料股份有限公司新建项目_01_报批稿或报告表\10_二、项目概况.md,317,6318
E:\华南理工项目\环评文件汇总\01_GitHub项目与研究文档\eia-openclaw-sync-chen2026\05_QA测试集\人工核查_环评报告出处整理_20260715\环评报告文件_按问答顺序\PL063_华硕(广东)新材料股份有限公司新建项目_01_报批稿或报告表.pdf,PL063_华硕(广东)新材料股份有限公司新建项目_01_报批稿或报告表.pdf,.pdf,pdf_pypdf,11,三、区域环境质量现状、环境保护目标及评价标准,E:\华南理工项目\环评文件汇总\01_GitHub项目与研究文档\eia-openclaw-sync-chen2026\05_QA测试集\人工核查_环评报告出处整理_20260715\环评报告文件_按正文一级章节拆分_20260727\PL063_华硕(广东)新材料股份有限公司新建项目_01_报批稿或报告表\11_三、区域环境质量现状、环境保护目标及评价标准.md,264,5523
E:\华南理工项目\环评文件汇总\01_GitHub项目与研究文档\eia-openclaw-sync-chen2026\05_QA测试集\人工核查_环评报告出处整理_20260715\环评报告文件_按问答顺序\PL063_华硕(广东)新材料股份有限公司新建项目_01_报批稿或报告表.pdf,PL063_华硕(广东)新材料股份有限公司新建项目_01_报批稿或报告表.pdf,.pdf,pdf_pypdf,12,四、主要环境影响和保护措施,E:\华南理工项目\环评文件汇总\01_GitHub项目与研究文档\eia-openclaw-sync-chen2026\05_QA测试集\人工核查_环评报告出处整理_20260715\环评报告文件_按正文一级章节拆分_20260727\PL063_华硕(广东)新材料股份有限公司新建项目_01_报批稿或报告表\12_四、主要环境影响和保护措施.md,1651,25737
E:\华南理工项目\环评文件汇总\01_GitHub项目与研究文档\eia-openclaw-sync-chen2026\05_QA测试集\人工核查_环评报告出处整理_20260715\环评报告文件_按问答顺序\PL063_华硕(广东)新材料股份有限公司新建项目_01_报批稿或报告表.pdf,PL063_华硕(广东)新材料股份有限公司新建项目_01_报批稿或报告表.pdf,.pdf,pdf_pypdf,13,五、环境保护措施监督检查清单,E:\华南理工项目\环评文件汇总\01_GitHub项目与研究文档\eia-openclaw-sync-chen2026\05_QA测试集\人工核查_环评报告出处整理_20260715\环评报告文件_按正文一级章节拆分_20260727\PL063_华硕(广东)新材料股份有限公司新建项目_01_报批稿或报告表\13_五、环境保护措施监督检查清单.md,167,2222
E:\华南理工项目\环评文件汇总\01_GitHub项目与研究文档\eia-openclaw-sync-chen2026\05_QA测试集\人工核查_环评报告出处整理_20260715\环评报告文件_按问答顺序\PL063_华硕(广东)新材料股份有限公司新建项目_01_报批稿或报告表.pdf,PL063_华硕(广东)新材料股份有限公司新建项目_01_报批稿或报告表.pdf,.pdf,pdf_pypdf,14,六、结论,E:\华南理工项目\环评文件汇总\01_GitHub项目与研究文档\eia-openclaw-sync-chen2026\05_QA测试集\人工核查_环评报告出处整理_20260715\环评报告文件_按正文一级章节拆分_20260727\PL063_华硕(广东)新材料股份有限公司新建项目_01_报批稿或报告表\14_六、结论.md,7,149
E:\华南理工项目\环评文件汇总\01_GitHub项目与研究文档\eia-openclaw-sync-chen2026\05_QA测试集\人工核查_环评报告出处整理_20260715\环评报告文件_按问答顺序\PL063_华硕(广东)新材料股份有限公司新建项目_01_报批稿或报告表.pdf,PL063_华硕(广东)新材料股份有限公司新建项目_01_报批稿或报告表.pdf,.pdf,pdf_pypdf,15,附表附图附件,E:\华南理工项目\环评文件汇总\01_GitHub项目与研究文档\eia-openclaw-sync-chen2026\05_QA测试集\人工核查_环评报告出处整理_20260715\环评报告文件_按正文一级章节拆分_20260727\PL063_华硕(广东)新材料股份有限公司新建项目_01_报批稿或报告表\15_附表附图附件.md,96,1490
E:\华南理工项目\环评文件汇总\01_GitHub项目与研究文档\eia-openclaw-sync-chen2026\05_QA测试集\人工核查_环评报告出处整理_20260715\环评报告文件_按问答顺序\PL064_佛山汇诚科技有限公司新建项目_01_报批稿或报告表.pdf,PL064_佛山汇诚科技有限公司新建项目_01_报批稿或报告表.pdf,.pdf,pdf_pypdf,1,封面及目录,E:\华南理工项目\环评文件汇总\01_GitHub项目与研究文档\eia-openclaw-sync-chen2026\05_QA测试集\人工核查_环评报告出处整理_20260715\环评报告文件_按正文一级章节拆分_20260727\PL064_佛山汇诚科技有限公司新建项目_01_报批稿或报告表\01_封面及目录.md,2,24
E:\华南理工项目\环评文件汇总\01_GitHub项目与研究文档\eia-openclaw-sync-chen2026\05_QA测试集\人工核查_环评报告出处整理_20260715\环评报告文件_按问答顺序\PL064_佛山汇诚科技有限公司新建项目_01_报批稿或报告表.pdf,PL064_佛山汇诚科技有限公司新建项目_01_报批稿或报告表.pdf,.pdf,pdf_pypdf,2,一、建设项目基本情况 ............................................................................................................ 1,E:\华南理工项目\环评文件汇总\01_GitHub项目与研究文档\eia-openclaw-sync-chen2026\05_QA测试集\人工核查_环评报告出处整理_20260715\环评报告文件_按正文一级章节拆分_20260727\PL064_佛山汇诚科技有限公司新建项目_01_报批稿或报告表\02_一、建设项目基本情况.md,1,122
E:\华南理工项目\环评文件汇总\01_GitHub项目与研究文档\eia-openclaw-sync-chen2026\05_QA测试集\人工核查_环评报告出处整理_20260715\环评报告文件_按问答顺序\PL064_佛山汇诚科技有限公司新建项目_01_报批稿或报告表.pdf,PL064_佛山汇诚科技有限公司新建项目_01_报批稿或报告表.pdf,.pdf,pdf_pypdf,3,二、建设项目工程分析 .......................................................................................................... 21,E:\华南理工项目\环评文件汇总\01_GitHub项目与研究文档\eia-openclaw-sync-chen2026\05_QA测试集\人工核查_环评报告出处整理_20260715\环评报告文件_按正文一级章节拆分_20260727\PL064_佛山汇诚科技有限公司新建项目_01_报批稿或报告表\03_二、建设项目工程分析.md,3,321
E:\华南理工项目\环评文件汇总\01_GitHub项目与研究文档\eia-openclaw-sync-chen2026\05_QA测试集\人工核查_环评报告出处整理_20260715\环评报告文件_按问答顺序\PL064_佛山汇诚科技有限公司新建项目_01_报批稿或报告表.pdf,PL064_佛山汇诚科技有限公司新建项目_01_报批稿或报告表.pdf,.pdf,pdf_pypdf,4,五、环境保护措施监督检查清单 .......................................................................................... 89,E:\华南理工项目\环评文件汇总\01_GitHub项目与研究文档\eia-openclaw-sync-chen2026\05_QA测试集\人工核查_环评报告出处整理_20260715\环评报告文件_按正文一级章节拆分_20260727\PL064_佛山汇诚科技有限公司新建项目_01_报批稿或报告表\04_五、环境保护措施监督检查清单.md,1,109
E:\华南理工项目\环评文件汇总\01_GitHub项目与研究文档\eia-openclaw-sync-chen2026\05_QA测试集\人工核查_环评报告出处整理_20260715\环评报告文件_按问答顺序\PL064_佛山汇诚科技有限公司新建项目_01_报批稿或报告表.pdf,PL064_佛山汇诚科技有限公司新建项目_01_报批稿或报告表.pdf,.pdf,pdf_pypdf,5,六、结论 .................................................................................................................................. 93,E:\华南理工项目\环评文件汇总\01_GitHub项目与研究文档\eia-openclaw-sync-chen2026\05_QA测试集\人工核查_环评报告出处整理_20260715\环评报告文件_按正文一级章节拆分_20260727\PL064_佛山汇诚科技有限公司新建项目_01_报批稿或报告表\05_六、结论.md,1,139
E:\华南理工项目\环评文件汇总\01_GitHub项目与研究文档\eia-openclaw-sync-chen2026\05_QA测试集\人工核查_环评报告出处整理_20260715\环评报告文件_按问答顺序\PL064_佛山汇诚科技有限公司新建项目_01_报批稿或报告表.pdf,PL064_佛山汇诚科技有限公司新建项目_01_报批稿或报告表.pdf,.pdf,pdf_pypdf,6,附表附图附件,E:\华南理工项目\环评文件汇总\01_GitHub项目与研究文档\eia-openclaw-sync-chen2026\05_QA测试集\人工核查_环评报告出处整理_20260715\环评报告文件_按正文一级章节拆分_20260727\PL064_佛山汇诚科技有限公司新建项目_01_报批稿或报告表\06_附表附图附件.md,26,428
E:\华南理工项目\环评文件汇总\01_GitHub项目与研究文档\eia-openclaw-sync-chen2026\05_QA测试集\人工核查_环评报告出处整理_20260715\环评报告文件_按问答顺序\PL064_佛山汇诚科技有限公司新建项目_01_报批稿或报告表.pdf,PL064_佛山汇诚科技有限公司新建项目_01_报批稿或报告表.pdf,.pdf,pdf_pypdf,7,一、建设项目基本情况,E:\华南理工项目\环评文件汇总\01_GitHub项目与研究文档\eia-openclaw-sync-chen2026\05_QA测试集\人工核查_环评报告出处整理_20260715\环评报告文件_按正文一级章节拆分_20260727\PL064_佛山汇诚科技有限公司新建项目_01_报批稿或报告表\07_一、建设项目基本情况.md,1154,22551
E:\华南理工项目\环评文件汇总\01_GitHub项目与研究文档\eia-openclaw-sync-chen2026\05_QA测试集\人工核查_环评报告出处整理_20260715\环评报告文件_按问答顺序\PL064_佛山汇诚科技有限公司新建项目_01_报批稿或报告表.pdf,PL064_佛山汇诚科技有限公司新建项目_01_报批稿或报告表.pdf,.pdf,pdf_pypdf,8,二、建设项目工程分析,E:\华南理工项目\环评文件汇总\01_GitHub项目与研究文档\eia-openclaw-sync-chen2026\05_QA测试集\人工核查_环评报告出处整理_20260715\环评报告文件_按正文一级章节拆分_20260727\PL064_佛山汇诚科技有限公司新建项目_01_报批稿或报告表\08_二、建设项目工程分析.md,934,16768
E:\华南理工项目\环评文件汇总\01_GitHub项目与研究文档\eia-openclaw-sync-chen2026\05_QA测试集\人工核查_环评报告出处整理_20260715\环评报告文件_按问答顺序\PL064_佛山汇诚科技有限公司新建项目_01_报批稿或报告表.pdf,PL064_佛山汇诚科技有限公司新建项目_01_报批稿或报告表.pdf,.pdf,pdf_pypdf,9,三、区域环境质量现状、环境保护目标及评价标准,E:\华南理工项目\环评文件汇总\01_GitHub项目与研究文档\eia-openclaw-sync-chen2026\05_QA测试集\人工核查_环评报告出处整理_20260715\环评报告文件_按正文一级章节拆分_20260727\PL064_佛山汇诚科技有限公司新建项目_01_报批稿或报告表\09_三、区域环境质量现状、环境保护目标及评价标准.md,924,16100
E:\华南理工项目\环评文件汇总\01_GitHub项目与研究文档\eia-openclaw-sync-chen2026\05_QA测试集\人工核查_环评报告出处整理_20260715\环评报告文件_按问答顺序\PL064_佛山汇诚科技有限公司新建项目_01_报批稿或报告表.pdf,PL064_佛山汇诚科技有限公司新建项目_01_报批稿或报告表.pdf,.pdf,pdf_pypdf,10,附表附图附件,E:\华南理工项目\环评文件汇总\01_GitHub项目与研究文档\eia-openclaw-sync-chen2026\05_QA测试集\人工核查_环评报告出处整理_20260715\环评报告文件_按正文一级章节拆分_20260727\PL064_佛山汇诚科技有限公司新建项目_01_报批稿或报告表\10_附表附图附件.md,1641,30226
E:\华南理工项目\环评文件汇总\01_GitHub项目与研究文档\eia-openclaw-sync-chen2026\05_QA测试集\人工核查_环评报告出处整理_20260715\环评报告文件_按问答顺序\PL064_佛山汇诚科技有限公司新建项目_01_报批稿或报告表.pdf,PL064_佛山汇诚科技有限公司新建项目_01_报批稿或报告表.pdf,.pdf,pdf_pypdf,11,五、环境保护措施监督检查清单,E:\华南理工项目\环评文件汇总\01_GitHub项目与研究文档\eia-openclaw-sync-chen2026\05_QA测试集\人工核查_环评报告出处整理_20260715\环评报告文件_按正文一级章节拆分_20260727\PL064_佛山汇诚科技有限公司新建项目_01_报批稿或报告表\11_五、环境保护措施监督检查清单.md,259,3316
E:\华南理工项目\环评文件汇总\01_GitHub项目与研究文档\eia-openclaw-sync-chen2026\05_QA测试集\人工核查_环评报告出处整理_20260715\环评报告文件_按问答顺序\PL064_佛山汇诚科技有限公司新建项目_01_报批稿或报告表.pdf,PL064_佛山汇诚科技有限公司新建项目_01_报批稿或报告表.pdf,.pdf,pdf_pypdf,12,六、结论,E:\华南理工项目\环评文件汇总\01_GitHub项目与研究文档\eia-openclaw-sync-chen2026\05_QA测试集\人工核查_环评报告出处整理_20260715\环评报告文件_按正文一级章节拆分_20260727\PL064_佛山汇诚科技有限公司新建项目_01_报批稿或报告表\12_六、结论.md,8,208
E:\华南理工项目\环评文件汇总\01_GitHub项目与研究文档\eia-openclaw-sync-chen2026\05_QA测试集\人工核查_环评报告出处整理_20260715\环评报告文件_按问答顺序\PL064_佛山汇诚科技有限公司新建项目_01_报批稿或报告表.pdf,PL064_佛山汇诚科技有限公司新建项目_01_报批稿或报告表.pdf,.pdf,pdf_pypdf,13,附表附图附件,E:\华南理工项目\环评文件汇总\01_GitHub项目与研究文档\eia-openclaw-sync-chen2026\05_QA测试集\人工核查_环评报告出处整理_20260715\环评报告文件_按正文一级章节拆分_20260727\PL064_佛山汇诚科技有限公司新建项目_01_报批稿或报告表\13_附表附图附件.md,116,1960
E:\华南理工项目\环评文件汇总\01_GitHub项目与研究文档\eia-openclaw-sync-chen2026\05_QA测试集\人工核查_环评报告出处整理_20260715\环评报告文件_按问答顺序\PL065_佛山市景素科科技有限公司建设项目_01_受理公告或公示版.pdf,PL065_佛山市景素科科技有限公司建设项目_01_受理公告或公示版.pdf,.pdf,pdf_pypdf,1,封面及目录,E:\华南理工项目\环评文件汇总\01_GitHub项目与研究文档\eia-openclaw-sync-chen2026\05_QA测试集\人工核查_环评报告出处整理_20260715\环评报告文件_按正文一级章节拆分_20260727\PL065_佛山市景素科科技有限公司建设项目_01_受理公告或公示版\01_封面及目录.md,2,25
E:\华南理工项目\环评文件汇总\01_GitHub项目与研究文档\eia-openclaw-sync-chen2026\05_QA测试集\人工核查_环评报告出处整理_20260715\环评报告文件_按问答顺序\PL065_佛山市景素科科技有限公司建设项目_01_受理公告或公示版.pdf,PL065_佛山市景素科科技有限公司建设项目_01_受理公告或公示版.pdf,.pdf,pdf_pypdf,2,一、建设项目基本情况 ................................................................................................................................... 1,E:\华南理工项目\环评文件汇总\01_GitHub项目与研究文档\eia-openclaw-sync-chen2026\05_QA测试集\人工核查_环评报告出处整理_20260715\环评报告文件_按正文一级章节拆分_20260727\PL065_佛山市景素科科技有限公司建设项目_01_受理公告或公示版\02_一、建设项目基本情况.md,1,145
E:\华南理工项目\环评文件汇总\01_GitHub项目与研究文档\eia-openclaw-sync-chen2026\05_QA测试集\人工核查_环评报告出处整理_20260715\环评报告文件_按问答顺序\PL065_佛山市景素科科技有限公司建设项目_01_受理公告或公示版.pdf,PL065_佛山市景素科科技有限公司建设项目_01_受理公告或公示版.pdf,.pdf,pdf_pypdf,3,二、建设项目工程分析 ................................................................................................................................. 15,E:\华南理工项目\环评文件汇总\01_GitHub项目与研究文档\eia-openclaw-sync-chen2026\05_QA测试集\人工核查_环评报告出处整理_20260715\环评报告文件_按正文一级章节拆分_20260727\PL065_佛山市景素科科技有限公司建设项目_01_受理公告或公示版\03_二、建设项目工程分析.md,2,251
E:\华南理工项目\环评文件汇总\01_GitHub项目与研究文档\eia-openclaw-sync-chen2026\05_QA测试集\人工核查_环评报告出处整理_20260715\环评报告文件_按问答顺序\PL065_佛山市景素科科技有限公司建设项目_01_受理公告或公示版.pdf,PL065_佛山市景素科科技有限公司建设项目_01_受理公告或公示版.pdf,.pdf,pdf_pypdf,4,四、主要环境影响和保护措施 ..................................................................................................................... 32,E:\华南理工项目\环评文件汇总\01_GitHub项目与研究文档\eia-openclaw-sync-chen2026\05_QA测试集\人工核查_环评报告出处整理_20260715\环评报告文件_按正文一级章节拆分_20260727\PL065_佛山市景素科科技有限公司建设项目_01_受理公告或公示版\04_四、主要环境影响和保护措施.md,1,135
E:\华南理工项目\环评文件汇总\01_GitHub项目与研究文档\eia-openclaw-sync-chen2026\05_QA测试集\人工核查_环评报告出处整理_20260715\环评报告文件_按问答顺序\PL065_佛山市景素科科技有限公司建设项目_01_受理公告或公示版.pdf,PL065_佛山市景素科科技有限公司建设项目_01_受理公告或公示版.pdf,.pdf,pdf_pypdf,5,五、环境保护措施监督检查清单 .................................................................................................................55,E:\华南理工项目\环评文件汇总\01_GitHub项目与研究文档\eia-openclaw-sync-chen2026\05_QA测试集\人工核查_环评报告出处整理_20260715\环评报告文件_按正文一级章节拆分_20260727\PL065_佛山市景素科科技有限公司建设项目_01_受理公告或公示版\05_五、环境保护措施监督检查清单.md,1,131
E:\华南理工项目\环评文件汇总\01_GitHub项目与研究文档\eia-openclaw-sync-chen2026\05_QA测试集\人工核查_环评报告出处整理_20260715\环评报告文件_按问答顺序\PL065_佛山市景素科科技有限公司建设项目_01_受理公告或公示版.pdf,PL065_佛山市景素科科技有限公司建设项目_01_受理公告或公示版.pdf,.pdf,pdf_pypdf,6,六、结论 ......................................................................................................................................................... 57,E:\华南理工项目\环评文件汇总\01_GitHub项目与研究文档\eia-openclaw-sync-chen2026\05_QA测试集\人工核查_环评报告出处整理_20260715\环评报告文件_按正文一级章节拆分_20260727\PL065_佛山市景素科科技有限公司建设项目_01_受理公告或公示版\06_六、结论.md,2,297
E:\华南理工项目\环评文件汇总\01_GitHub项目与研究文档\eia-openclaw-sync-chen2026\05_QA测试集\人工核查_环评报告出处整理_20260715\环评报告文件_按问答顺序\PL065_佛山市景素科科技有限公司建设项目_01_受理公告或公示版.pdf,PL065_佛山市景素科科技有限公司建设项目_01_受理公告或公示版.pdf,.pdf,pdf_pypdf,7,附表附图附件,E:\华南理工项目\环评文件汇总\01_GitHub项目与研究文档\eia-openclaw-sync-chen2026\05_QA测试集\人工核查_环评报告出处整理_20260715\环评报告文件_按正文一级章节拆分_20260727\PL065_佛山市景素科科技有限公司建设项目_01_受理公告或公示版\07_附表附图附件.md,21,2611
E:\华南理工项目\环评文件汇总\01_GitHub项目与研究文档\eia-openclaw-sync-chen2026\05_QA测试集\人工核查_环评报告出处整理_20260715\环评报告文件_按问答顺序\PL065_佛山市景素科科技有限公司建设项目_01_受理公告或公示版.pdf,PL065_佛山市景素科科技有限公司建设项目_01_受理公告或公示版.pdf,.pdf,pdf_pypdf,8,一、建设项目基本情况,E:\华南理工项目\环评文件汇总\01_GitHub项目与研究文档\eia-openclaw-sync-chen2026\05_QA测试集\人工核查_环评报告出处整理_20260715\环评报告文件_按正文一级章节拆分_20260727\PL065_佛山市景素科科技有限公司建设项目_01_受理公告或公示版\08_一、建设项目基本情况.md,1137,13591
E:\华南理工项目\环评文件汇总\01_GitHub项目与研究文档\eia-openclaw-sync-chen2026\05_QA测试集\人工核查_环评报告出处整理_20260715\环评报告文件_按问答顺序\PL065_佛山市景素科科技有限公司建设项目_01_受理公告或公示版.pdf,PL065_佛山市景素科科技有限公司建设项目_01_受理公告或公示版.pdf,.pdf,pdf_pypdf,9,二、建设项目工程分析,E:\华南理工项目\环评文件汇总\01_GitHub项目与研究文档\eia-openclaw-sync-chen2026\05_QA测试集\人工核查_环评报告出处整理_20260715\环评报告文件_按正文一级章节拆分_20260727\PL065_佛山市景素科科技有限公司建设项目_01_受理公告或公示版\09_二、建设项目工程分析.md,399,7549
E:\华南理工项目\环评文件汇总\01_GitHub项目与研究文档\eia-openclaw-sync-chen2026\05_QA测试集\人工核查_环评报告出处整理_20260715\环评报告文件_按问答顺序\PL065_佛山市景素科科技有限公司建设项目_01_受理公告或公示版.pdf,PL065_佛山市景素科科技有限公司建设项目_01_受理公告或公示版.pdf,.pdf,pdf_pypdf,10,三、区域环境质量现状、环境保护目标及评价标准,E:\华南理工项目\环评文件汇总\01_GitHub项目与研究文档\eia-openclaw-sync-chen2026\05_QA测试集\人工核查_环评报告出处整理_20260715\环评报告文件_按正文一级章节拆分_20260727\PL065_佛山市景素科科技有限公司建设项目_01_受理公告或公示版\10_三、区域环境质量现状、环境保护目标及评价标准.md,259,5510
E:\华南理工项目\环评文件汇总\01_GitHub项目与研究文档\eia-openclaw-sync-chen2026\05_QA测试集\人工核查_环评报告出处整理_20260715\环评报告文件_按问答顺序\PL065_佛山市景素科科技有限公司建设项目_01_受理公告或公示版.pdf,PL065_佛山市景素科科技有限公司建设项目_01_受理公告或公示版.pdf,.pdf,pdf_pypdf,11,四、主要环境影响和保护措施,E:\华南理工项目\环评文件汇总\01_GitHub项目与研究文档\eia-openclaw-sync-chen2026\05_QA测试集\人工核查_环评报告出处整理_20260715\环评报告文件_按正文一级章节拆分_20260727\PL065_佛山市景素科科技有限公司建设项目_01_受理公告或公示版\11_四、主要环境影响和保护措施.md,1224,23163
E:\华南理工项目\环评文件汇总\01_GitHub项目与研究文档\eia-openclaw-sync-chen2026\05_QA测试集\人工核查_环评报告出处整理_20260715\环评报告文件_按问答顺序\PL065_佛山市景素科科技有限公司建设项目_01_受理公告或公示版.pdf,PL065_佛山市景素科科技有限公司建设项目_01_受理公告或公示版.pdf,.pdf,pdf_pypdf,12,五、环境保护措施监督检查清单,E:\华南理工项目\环评文件汇总\01_GitHub项目与研究文档\eia-openclaw-sync-chen2026\05_QA测试集\人工核查_环评报告出处整理_20260715\环评报告文件_按正文一级章节拆分_20260727\PL065_佛山市景素科科技有限公司建设项目_01_受理公告或公示版\12_五、环境保护措施监督检查清单.md,143,2511
E:\华南理工项目\环评文件汇总\01_GitHub项目与研究文档\eia-openclaw-sync-chen2026\05_QA测试集\人工核查_环评报告出处整理_20260715\环评报告文件_按问答顺序\PL065_佛山市景素科科技有限公司建设项目_01_受理公告或公示版.pdf,PL065_佛山市景素科科技有限公司建设项目_01_受理公告或公示版.pdf,.pdf,pdf_pypdf,13,六、结论,E:\华南理工项目\环评文件汇总\01_GitHub项目与研究文档\eia-openclaw-sync-chen2026\05_QA测试集\人工核查_环评报告出处整理_20260715\环评报告文件_按正文一级章节拆分_20260727\PL065_佛山市景素科科技有限公司建设项目_01_受理公告或公示版\13_六、结论.md,9,298
E:\华南理工项目\环评文件汇总\01_GitHub项目与研究文档\eia-openclaw-sync-chen2026\05_QA测试集\人工核查_环评报告出处整理_20260715\环评报告文件_按问答顺序\PL065_佛山市景素科科技有限公司建设项目_01_受理公告或公示版.pdf,PL065_佛山市景素科科技有限公司建设项目_01_受理公告或公示版.pdf,.pdf,pdf_pypdf,14,附表附图附件,E:\华南理工项目\环评文件汇总\01_GitHub项目与研究文档\eia-openclaw-sync-chen2026\05_QA测试集\人工核查_环评报告出处整理_20260715\环评报告文件_按正文一级章节拆分_20260727\PL065_佛山市景素科科技有限公司建设项目_01_受理公告或公示版\14_附表附图附件.md,130,1853
E:\华南理工项目\环评文件汇总\01_GitHub项目与研究文档\eia-openclaw-sync-chen2026\05_QA测试集\人工核查_环评报告出处整理_20260715\环评报告文件_按问答顺序\PL066_佛山市智鑫塑胶制品有限公司迁扩建项目_01_报批稿或报告表.pdf,PL066_佛山市智鑫塑胶制品有限公司迁扩建项目_01_报批稿或报告表.pdf,.pdf,pdf_pypdf,1,封面及目录,E:\华南理工项目\环评文件汇总\01_GitHub项目与研究文档\eia-openclaw-sync-chen2026\05_QA测试集\人工核查_环评报告出处整理_20260715\环评报告文件_按正文一级章节拆分_20260727\PL066_佛山市智鑫塑胶制品有限公司迁扩建项目_01_报批稿或报告表\01_封面及目录.md,2,25
E:\华南理工项目\环评文件汇总\01_GitHub项目与研究文档\eia-openclaw-sync-chen2026\05_QA测试集\人工核查_环评报告出处整理_20260715\环评报告文件_按问答顺序\PL066_佛山市智鑫塑胶制品有限公司迁扩建项目_01_报批稿或报告表.pdf,PL066_佛山市智鑫塑胶制品有限公司迁扩建项目_01_报批稿或报告表.pdf,.pdf,pdf_pypdf,2,一、建设项目基本情况 ............................................. 1,E:\华南理工项目\环评文件汇总\01_GitHub项目与研究文档\eia-openclaw-sync-chen2026\05_QA测试集\人工核查_环评报告出处整理_20260715\环评报告文件_按正文一级章节拆分_20260727\PL066_佛山市智鑫塑胶制品有限公司迁扩建项目_01_报批稿或报告表\02_一、建设项目基本情况.md,1,59
E:\华南理工项目\环评文件汇总\01_GitHub项目与研究文档\eia-openclaw-sync-chen2026\05_QA测试集\人工核查_环评报告出处整理_20260715\环评报告文件_按问答顺序\PL066_佛山市智鑫塑胶制品有限公司迁扩建项目_01_报批稿或报告表.pdf,PL066_佛山市智鑫塑胶制品有限公司迁扩建项目_01_报批稿或报告表.pdf,.pdf,pdf_pypdf,3,二、建设项目工程分析 ............................................ 11,E:\华南理工项目\环评文件汇总\01_GitHub项目与研究文档\eia-openclaw-sync-chen2026\05_QA测试集\人工核查_环评报告出处整理_20260715\环评报告文件_按正文一级章节拆分_20260727\PL066_佛山市智鑫塑胶制品有限公司迁扩建项目_01_报批稿或报告表\03_二、建设项目工程分析.md,2,106
E:\华南理工项目\环评文件汇总\01_GitHub项目与研究文档\eia-openclaw-sync-chen2026\05_QA测试集\人工核查_环评报告出处整理_20260715\环评报告文件_按问答顺序\PL066_佛山市智鑫塑胶制品有限公司迁扩建项目_01_报批稿或报告表.pdf,PL066_佛山市智鑫塑胶制品有限公司迁扩建项目_01_报批稿或报告表.pdf,.pdf,pdf_pypdf,4,四、主要环境影响和保护措施 ...................................... 32,E:\华南理工项目\环评文件汇总\01_GitHub项目与研究文档\eia-openclaw-sync-chen2026\05_QA测试集\人工核查_环评报告出处整理_20260715\环评报告文件_按正文一级章节拆分_20260727\PL066_佛山市智鑫塑胶制品有限公司迁扩建项目_01_报批稿或报告表\04_四、主要环境影响和保护措施_......................................_32.md,1,56
E:\华南理工项目\环评文件汇总\01_GitHub项目与研究文档\eia-openclaw-sync-chen2026\05_QA测试集\人工核查_环评报告出处整理_20260715\环评报告文件_按问答顺序\PL066_佛山市智鑫塑胶制品有限公司迁扩建项目_01_报批稿或报告表.pdf,PL066_佛山市智鑫塑胶制品有限公司迁扩建项目_01_报批稿或报告表.pdf,.pdf,pdf_pypdf,5,五、环境保护措施监督检查清单 .................................... 55,E:\华南理工项目\环评文件汇总\01_GitHub项目与研究文档\eia-openclaw-sync-chen2026\05_QA测试集\人工核查_环评报告出处整理_20260715\环评报告文件_按正文一级章节拆分_20260727\PL066_佛山市智鑫塑胶制品有限公司迁扩建项目_01_报批稿或报告表\05_五、环境保护措施监督检查清单_...................................._55.md,1,55
E:\华南理工项目\环评文件汇总\01_GitHub项目与研究文档\eia-openclaw-sync-chen2026\05_QA测试集\人工核查_环评报告出处整理_20260715\环评报告文件_按问答顺序\PL066_佛山市智鑫塑胶制品有限公司迁扩建项目_01_报批稿或报告表.pdf,PL066_佛山市智鑫塑胶制品有限公司迁扩建项目_01_报批稿或报告表.pdf,.pdf,pdf_pypdf,6,六、结论 ........................................................ 57,E:\华南理工项目\环评文件汇总\01_GitHub项目与研究文档\eia-openclaw-sync-chen2026\05_QA测试集\人工核查_环评报告出处整理_20260715\环评报告文件_按正文一级章节拆分_20260727\PL066_佛山市智鑫塑胶制品有限公司迁扩建项目_01_报批稿或报告表\06_六、结论.md,1,65
E:\华南理工项目\环评文件汇总\01_GitHub项目与研究文档\eia-openclaw-sync-chen2026\05_QA测试集\人工核查_环评报告出处整理_20260715\环评报告文件_按问答顺序\PL066_佛山市智鑫塑胶制品有限公司迁扩建项目_01_报批稿或报告表.pdf,PL066_佛山市智鑫塑胶制品有限公司迁扩建项目_01_报批稿或报告表.pdf,.pdf,pdf_pypdf,7,附表附图附件,E:\华南理工项目\环评文件汇总\01_GitHub项目与研究文档\eia-openclaw-sync-chen2026\05_QA测试集\人工核查_环评报告出处整理_20260715\环评报告文件_按正文一级章节拆分_20260727\PL066_佛山市智鑫塑胶制品有限公司迁扩建项目_01_报批稿或报告表\07_附表附图附件.md,20,1042
E:\华南理工项目\环评文件汇总\01_GitHub项目与研究文档\eia-openclaw-sync-chen2026\05_QA测试集\人工核查_环评报告出处整理_20260715\环评报告文件_按问答顺序\PL066_佛山市智鑫塑胶制品有限公司迁扩建项目_01_报批稿或报告表.pdf,PL066_佛山市智鑫塑胶制品有限公司迁扩建项目_01_报批稿或报告表.pdf,.pdf,pdf_pypdf,8,一、建设项目基本情况,E:\华南理工项目\环评文件汇总\01_GitHub项目与研究文档\eia-openclaw-sync-chen2026\05_QA测试集\人工核查_环评报告出处整理_20260715\环评报告文件_按正文一级章节拆分_20260727\PL066_佛山市智鑫塑胶制品有限公司迁扩建项目_01_报批稿或报告表\08_一、建设项目基本情况.md,1063,14994
E:\华南理工项目\环评文件汇总\01_GitHub项目与研究文档\eia-openclaw-sync-chen2026\05_QA测试集\人工核查_环评报告出处整理_20260715\环评报告文件_按问答顺序\PL066_佛山市智鑫塑胶制品有限公司迁扩建项目_01_报批稿或报告表.pdf,PL066_佛山市智鑫塑胶制品有限公司迁扩建项目_01_报批稿或报告表.pdf,.pdf,pdf_pypdf,9,二、建设项目工程分析,E:\华南理工项目\环评文件汇总\01_GitHub项目与研究文档\eia-openclaw-sync-chen2026\05_QA测试集\人工核查_环评报告出处整理_20260715\环评报告文件_按正文一级章节拆分_20260727\PL066_佛山市智鑫塑胶制品有限公司迁扩建项目_01_报批稿或报告表\09_二、建设项目工程分析.md,1007,16888
E:\华南理工项目\环评文件汇总\01_GitHub项目与研究文档\eia-openclaw-sync-chen2026\05_QA测试集\人工核查_环评报告出处整理_20260715\环评报告文件_按问答顺序\PL066_佛山市智鑫塑胶制品有限公司迁扩建项目_01_报批稿或报告表.pdf,PL066_佛山市智鑫塑胶制品有限公司迁扩建项目_01_报批稿或报告表.pdf,.pdf,pdf_pypdf,10,三、区域环境质量现状、环境保护目标及评价标准,E:\华南理工项目\环评文件汇总\01_GitHub项目与研究文档\eia-openclaw-sync-chen2026\05_QA测试集\人工核查_环评报告出处整理_20260715\环评报告文件_按正文一级章节拆分_20260727\PL066_佛山市智鑫塑胶制品有限公司迁扩建项目_01_报批稿或报告表\10_三、区域环境质量现状、环境保护目标及评价标准.md,303,6445
E:\华南理工项目\环评文件汇总\01_GitHub项目与研究文档\eia-openclaw-sync-chen2026\05_QA测试集\人工核查_环评报告出处整理_20260715\环评报告文件_按问答顺序\PL066_佛山市智鑫塑胶制品有限公司迁扩建项目_01_报批稿或报告表.pdf,PL066_佛山市智鑫塑胶制品有限公司迁扩建项目_01_报批稿或报告表.pdf,.pdf,pdf_pypdf,11,四、主要环境影响和保护措施,E:\华南理工项目\环评文件汇总\01_GitHub项目与研究文档\eia-openclaw-sync-chen2026\05_QA测试集\人工核查_环评报告出处整理_20260715\环评报告文件_按正文一级章节拆分_20260727\PL066_佛山市智鑫塑胶制品有限公司迁扩建项目_01_报批稿或报告表\11_四、主要环境影响和保护措施.md,1504,28280
E:\华南理工项目\环评文件汇总\01_GitHub项目与研究文档\eia-openclaw-sync-chen2026\05_QA测试集\人工核查_环评报告出处整理_20260715\环评报告文件_按问答顺序\PL066_佛山市智鑫塑胶制品有限公司迁扩建项目_01_报批稿或报告表.pdf,PL066_佛山市智鑫塑胶制品有限公司迁扩建项目_01_报批稿或报告表.pdf,.pdf,pdf_pypdf,12,五、环境保护措施监督检查清单,E:\华南理工项目\环评文件汇总\01_GitHub项目与研究文档\eia-openclaw-sync-chen2026\05_QA测试集\人工核查_环评报告出处整理_20260715\环评报告文件_按正文一级章节拆分_20260727\PL066_佛山市智鑫塑胶制品有限公司迁扩建项目_01_报批稿或报告表\12_五、环境保护措施监督检查清单.md,166,2762
E:\华南理工项目\环评文件汇总\01_GitHub项目与研究文档\eia-openclaw-sync-chen2026\05_QA测试集\人工核查_环评报告出处整理_20260715\环评报告文件_按问答顺序\PL066_佛山市智鑫塑胶制品有限公司迁扩建项目_01_报批稿或报告表.pdf,PL066_佛山市智鑫塑胶制品有限公司迁扩建项目_01_报批稿或报告表.pdf,.pdf,pdf_pypdf,13,六、结论,E:\华南理工项目\环评文件汇总\01_GitHub项目与研究文档\eia-openclaw-sync-chen2026\05_QA测试集\人工核查_环评报告出处整理_20260715\环评报告文件_按正文一级章节拆分_20260727\PL066_佛山市智鑫塑胶制品有限公司迁扩建项目_01_报批稿或报告表\13_六、结论.md,6,143
E:\华南理工项目\环评文件汇总\01_GitHub项目与研究文档\eia-openclaw-sync-chen2026\05_QA测试集\人工核查_环评报告出处整理_20260715\环评报告文件_按问答顺序\PL066_佛山市智鑫塑胶制品有限公司迁扩建项目_01_报批稿或报告表.pdf,PL066_佛山市智鑫塑胶制品有限公司迁扩建项目_01_报批稿或报告表.pdf,.pdf,pdf_pypdf,14,附表附图附件,E:\华南理工项目\环评文件汇总\01_GitHub项目与研究文档\eia-openclaw-sync-chen2026\05_QA测试集\人工核查_环评报告出处整理_20260715\环评报告文件_按正文一级章节拆分_20260727\PL066_佛山市智鑫塑胶制品有限公司迁扩建项目_01_报批稿或报告表\14_附表附图附件.md,216,2587
E:\华南理工项目\环评文件汇总\01_GitHub项目与研究文档\eia-openclaw-sync-chen2026\05_QA测试集\人工核查_环评报告出处整理_20260715\环评报告文件_按问答顺序\PL067_佛山市玖心日用品有限公司新建项目_01_报批稿或报告表.pdf,PL067_佛山市玖心日用品有限公司新建项目_01_报批稿或报告表.pdf,.pdf,pdf_pypdf,1,封面及目录,E:\华南理工项目\环评文件汇总\01_GitHub项目与研究文档\eia-openclaw-sync-chen2026\05_QA测试集\人工核查_环评报告出处整理_20260715\环评报告文件_按正文一级章节拆分_20260727\PL067_佛山市玖心日用品有限公司新建项目_01_报批稿或报告表\01_封面及目录.md,2,24
E:\华南理工项目\环评文件汇总\01_GitHub项目与研究文档\eia-openclaw-sync-chen2026\05_QA测试集\人工核查_环评报告出处整理_20260715\环评报告文件_按问答顺序\PL067_佛山市玖心日用品有限公司新建项目_01_报批稿或报告表.pdf,PL067_佛山市玖心日用品有限公司新建项目_01_报批稿或报告表.pdf,.pdf,pdf_pypdf,2,一、建设项目基本情况........................................................................................................ - 1 -,E:\华南理工项目\环评文件汇总\01_GitHub项目与研究文档\eia-openclaw-sync-chen2026\05_QA测试集\人工核查_环评报告出处整理_20260715\环评报告文件_按正文一级章节拆分_20260727\PL067_佛山市玖心日用品有限公司新建项目_01_报批稿或报告表\02_一、建设项目基本情况.md,1,121
E:\华南理工项目\环评文件汇总\01_GitHub项目与研究文档\eia-openclaw-sync-chen2026\05_QA测试集\人工核查_环评报告出处整理_20260715\环评报告文件_按问答顺序\PL067_佛山市玖心日用品有限公司新建项目_01_报批稿或报告表.pdf,PL067_佛山市玖心日用品有限公司新建项目_01_报批稿或报告表.pdf,.pdf,pdf_pypdf,3,二、建设项目工程分析...................................................................................................... - 18 -,E:\华南理工项目\环评文件汇总\01_GitHub项目与研究文档\eia-openclaw-sync-chen2026\05_QA测试集\人工核查_环评报告出处整理_20260715\环评报告文件_按正文一级章节拆分_20260727\PL067_佛山市玖心日用品有限公司新建项目_01_报批稿或报告表\03_二、建设项目工程分析.md,1,120
E:\华南理工项目\环评文件汇总\01_GitHub项目与研究文档\eia-openclaw-sync-chen2026\05_QA测试集\人工核查_环评报告出处整理_20260715\环评报告文件_按问答顺序\PL067_佛山市玖心日用品有限公司新建项目_01_报批稿或报告表.pdf,PL067_佛山市玖心日用品有限公司新建项目_01_报批稿或报告表.pdf,.pdf,pdf_pypdf,4,三、区域环境质量现状、环境保护目标及评价标准......................................................- 38 -,E:\华南理工项目\环评文件汇总\01_GitHub项目与研究文档\eia-openclaw-sync-chen2026\05_QA测试集\人工核查_环评报告出处整理_20260715\环评报告文件_按正文一级章节拆分_20260727\PL067_佛山市玖心日用品有限公司新建项目_01_报批稿或报告表\04_三、区域环境质量现状、环境保护目标及评价标准.md,1,83
E:\华南理工项目\环评文件汇总\01_GitHub项目与研究文档\eia-openclaw-sync-chen2026\05_QA测试集\人工核查_环评报告出处整理_20260715\环评报告文件_按问答顺序\PL067_佛山市玖心日用品有限公司新建项目_01_报批稿或报告表.pdf,PL067_佛山市玖心日用品有限公司新建项目_01_报批稿或报告表.pdf,.pdf,pdf_pypdf,5,四、主要环境影响和保护措施..........................................................................................- 45 -,E:\华南理工项目\环评文件汇总\01_GitHub项目与研究文档\eia-openclaw-sync-chen2026\05_QA测试集\人工核查_环评报告出处整理_20260715\环评报告文件_按正文一级章节拆分_20260727\PL067_佛山市玖心日用品有限公司新建项目_01_报批稿或报告表\05_四、主要环境影响和保护措施.md,1,110
E:\华南理工项目\环评文件汇总\01_GitHub项目与研究文档\eia-openclaw-sync-chen2026\05_QA测试集\人工核查_环评报告出处整理_20260715\环评报告文件_按问答顺序\PL067_佛山市玖心日用品有限公司新建项目_01_报批稿或报告表.pdf,PL067_佛山市玖心日用品有限公司新建项目_01_报批稿或报告表.pdf,.pdf,pdf_pypdf,6,五、环境保护措施监督检查清单......................................................................................- 76 -,E:\华南理工项目\环评文件汇总\01_GitHub项目与研究文档\eia-openclaw-sync-chen2026\05_QA测试集\人工核查_环评报告出处整理_20260715\环评报告文件_按正文一级章节拆分_20260727\PL067_佛山市玖心日用品有限公司新建项目_01_报批稿或报告表\06_五、环境保护措施监督检查清单.md,1,107
E:\华南理工项目\环评文件汇总\01_GitHub项目与研究文档\eia-openclaw-sync-chen2026\05_QA测试集\人工核查_环评报告出处整理_20260715\环评报告文件_按问答顺序\PL067_佛山市玖心日用品有限公司新建项目_01_报批稿或报告表.pdf,PL067_佛山市玖心日用品有限公司新建项目_01_报批稿或报告表.pdf,.pdf,pdf_pypdf,7,六、结论.............................................................................................................................. - 80 -,E:\华南理工项目\环评文件汇总\01_GitHub项目与研究文档\eia-openclaw-sync-chen2026\05_QA测试集\人工核查_环评报告出处整理_20260715\环评报告文件_按正文一级章节拆分_20260727\PL067_佛山市玖心日用品有限公司新建项目_01_报批稿或报告表\07_六、结论.md,1,138
E:\华南理工项目\环评文件汇总\01_GitHub项目与研究文档\eia-openclaw-sync-chen2026\05_QA测试集\人工核查_环评报告出处整理_20260715\环评报告文件_按问答顺序\PL067_佛山市玖心日用品有限公司新建项目_01_报批稿或报告表.pdf,PL067_佛山市玖心日用品有限公司新建项目_01_报批稿或报告表.pdf,.pdf,pdf_pypdf,8,附表附图附件,E:\华南理工项目\环评文件汇总\01_GitHub项目与研究文档\eia-openclaw-sync-chen2026\05_QA测试集\人工核查_环评报告出处整理_20260715\环评报告文件_按正文一级章节拆分_20260727\PL067_佛山市玖心日用品有限公司新建项目_01_报批稿或报告表\08_附表附图附件.md,19,428
E:\华南理工项目\环评文件汇总\01_GitHub项目与研究文档\eia-openclaw-sync-chen2026\05_QA测试集\人工核查_环评报告出处整理_20260715\环评报告文件_按问答顺序\PL067_佛山市玖心日用品有限公司新建项目_01_报批稿或报告表.pdf,PL067_佛山市玖心日用品有限公司新建项目_01_报批稿或报告表.pdf,.pdf,pdf_pypdf,9,一、建设项目基本情况,E:\华南理工项目\环评文件汇总\01_GitHub项目与研究文档\eia-openclaw-sync-chen2026\05_QA测试集\人工核查_环评报告出处整理_20260715\环评报告文件_按正文一级章节拆分_20260727\PL067_佛山市玖心日用品有限公司新建项目_01_报批稿或报告表\09_一、建设项目基本情况.md,1023,18689
E:\华南理工项目\环评文件汇总\01_GitHub项目与研究文档\eia-openclaw-sync-chen2026\05_QA测试集\人工核查_环评报告出处整理_20260715\环评报告文件_按问答顺序\PL067_佛山市玖心日用品有限公司新建项目_01_报批稿或报告表.pdf,PL067_佛山市玖心日用品有限公司新建项目_01_报批稿或报告表.pdf,.pdf,pdf_pypdf,10,二、建设项目工程分析,E:\华南理工项目\环评文件汇总\01_GitHub项目与研究文档\eia-openclaw-sync-chen2026\05_QA测试集\人工核查_环评报告出处整理_20260715\环评报告文件_按正文一级章节拆分_20260727\PL067_佛山市玖心日用品有限公司新建项目_01_报批稿或报告表\10_二、建设项目工程分析.md,868,14569
E:\华南理工项目\环评文件汇总\01_GitHub项目与研究文档\eia-openclaw-sync-chen2026\05_QA测试集\人工核查_环评报告出处整理_20260715\环评报告文件_按问答顺序\PL067_佛山市玖心日用品有限公司新建项目_01_报批稿或报告表.pdf,PL067_佛山市玖心日用品有限公司新建项目_01_报批稿或报告表.pdf,.pdf,pdf_pypdf,11,三、区域环境质量现状、环境保护目标及评价标准,E:\华南理工项目\环评文件汇总\01_GitHub项目与研究文档\eia-openclaw-sync-chen2026\05_QA测试集\人工核查_环评报告出处整理_20260715\环评报告文件_按正文一级章节拆分_20260727\PL067_佛山市玖心日用品有限公司新建项目_01_报批稿或报告表\11_三、区域环境质量现状、环境保护目标及评价标准.md,367,6750
E:\华南理工项目\环评文件汇总\01_GitHub项目与研究文档\eia-openclaw-sync-chen2026\05_QA测试集\人工核查_环评报告出处整理_20260715\环评报告文件_按问答顺序\PL067_佛山市玖心日用品有限公司新建项目_01_报批稿或报告表.pdf,PL067_佛山市玖心日用品有限公司新建项目_01_报批稿或报告表.pdf,.pdf,pdf_pypdf,12,四、主要环境影响和保护措施,E:\华南理工项目\环评文件汇总\01_GitHub项目与研究文档\eia-openclaw-sync-chen2026\05_QA测试集\人工核查_环评报告出处整理_20260715\环评报告文件_按正文一级章节拆分_20260727\PL067_佛山市玖心日用品有限公司新建项目_01_报批稿或报告表\12_四、主要环境影响和保护措施.md,1445,26861
E:\华南理工项目\环评文件汇总\01_GitHub项目与研究文档\eia-openclaw-sync-chen2026\05_QA测试集\人工核查_环评报告出处整理_20260715\环评报告文件_按问答顺序\PL067_佛山市玖心日用品有限公司新建项目_01_报批稿或报告表.pdf,PL067_佛山市玖心日用品有限公司新建项目_01_报批稿或报告表.pdf,.pdf,pdf_pypdf,13,五、环境保护措施监督检查清单,E:\华南理工项目\环评文件汇总\01_GitHub项目与研究文档\eia-openclaw-sync-chen2026\05_QA测试集\人工核查_环评报告出处整理_20260715\环评报告文件_按正文一级章节拆分_20260727\PL067_佛山市玖心日用品有限公司新建项目_01_报批稿或报告表\13_五、环境保护措施监督检查清单.md,227,3174
E:\华南理工项目\环评文件汇总\01_GitHub项目与研究文档\eia-openclaw-sync-chen2026\05_QA测试集\人工核查_环评报告出处整理_20260715\环评报告文件_按问答顺序\PL067_佛山市玖心日用品有限公司新建项目_01_报批稿或报告表.pdf,PL067_佛山市玖心日用品有限公司新建项目_01_报批稿或报告表.pdf,.pdf,pdf_pypdf,14,六、结论,E:\华南理工项目\环评文件汇总\01_GitHub项目与研究文档\eia-openclaw-sync-chen2026\05_QA测试集\人工核查_环评报告出处整理_20260715\环评报告文件_按正文一级章节拆分_20260727\PL067_佛山市玖心日用品有限公司新建项目_01_报批稿或报告表\14_六、结论.md,7,205
E:\华南理工项目\环评文件汇总\01_GitHub项目与研究文档\eia-openclaw-sync-chen2026\05_QA测试集\人工核查_环评报告出处整理_20260715\环评报告文件_按问答顺序\PL067_佛山市玖心日用品有限公司新建项目_01_报批稿或报告表.pdf,PL067_佛山市玖心日用品有限公司新建项目_01_报批稿或报告表.pdf,.pdf,pdf_pypdf,15,附表附图附件,E:\华南理工项目\环评文件汇总\01_GitHub项目与研究文档\eia-openclaw-sync-chen2026\05_QA测试集\人工核查_环评报告出处整理_20260715\环评报告文件_按正文一级章节拆分_20260727\PL067_佛山市玖心日用品有限公司新建项目_01_报批稿或报告表\15_附表附图附件.md,91,1596
E:\华南理工项目\环评文件汇总\01_GitHub项目与研究文档\eia-openclaw-sync-chen2026\05_QA测试集\人工核查_环评报告出处整理_20260715\环评报告文件_按问答顺序\PL068_佛山市靓禾厨卫用品有限公司新建项目_01_受理公告或公示版.pdf,PL068_佛山市靓禾厨卫用品有限公司新建项目_01_受理公告或公示版.pdf,.pdf,pdf_pypdf,1,封面及目录,E:\华南理工项目\环评文件汇总\01_GitHub项目与研究文档\eia-openclaw-sync-chen2026\05_QA测试集\人工核查_环评报告出处整理_20260715\环评报告文件_按正文一级章节拆分_20260727\PL068_佛山市靓禾厨卫用品有限公司新建项目_01_受理公告或公示版\01_封面及目录.md,2,24
E:\华南理工项目\环评文件汇总\01_GitHub项目与研究文档\eia-openclaw-sync-chen2026\05_QA测试集\人工核查_环评报告出处整理_20260715\环评报告文件_按问答顺序\PL068_佛山市靓禾厨卫用品有限公司新建项目_01_受理公告或公示版.pdf,PL068_佛山市靓禾厨卫用品有限公司新建项目_01_受理公告或公示版.pdf,.pdf,pdf_pypdf,2,一、建设项目基本情况 ......................................................1,E:\华南理工项目\环评文件汇总\01_GitHub项目与研究文档\eia-openclaw-sync-chen2026\05_QA测试集\人工核查_环评报告出处整理_20260715\环评报告文件_按正文一级章节拆分_20260727\PL068_佛山市靓禾厨卫用品有限公司新建项目_01_受理公告或公示版\02_一、建设项目基本情况.md,1,67
E:\华南理工项目\环评文件汇总\01_GitHub项目与研究文档\eia-openclaw-sync-chen2026\05_QA测试集\人工核查_环评报告出处整理_20260715\环评报告文件_按问答顺序\PL068_佛山市靓禾厨卫用品有限公司新建项目_01_受理公告或公示版.pdf,PL068_佛山市靓禾厨卫用品有限公司新建项目_01_受理公告或公示版.pdf,.pdf,pdf_pypdf,3,二、建设项目工程分析 .....................................................10,E:\华南理工项目\环评文件汇总\01_GitHub项目与研究文档\eia-openclaw-sync-chen2026\05_QA测试集\人工核查_环评报告出处整理_20260715\环评报告文件_按正文一级章节拆分_20260727\PL068_佛山市靓禾厨卫用品有限公司新建项目_01_受理公告或公示版\03_二、建设项目工程分析.md,2,122
E:\华南理工项目\环评文件汇总\01_GitHub项目与研究文档\eia-openclaw-sync-chen2026\05_QA测试集\人工核查_环评报告出处整理_20260715\环评报告文件_按问答顺序\PL068_佛山市靓禾厨卫用品有限公司新建项目_01_受理公告或公示版.pdf,PL068_佛山市靓禾厨卫用品有限公司新建项目_01_受理公告或公示版.pdf,.pdf,pdf_pypdf,4,四、主要环境影响和保护措施 .............................................. 23,E:\华南理工项目\环评文件汇总\01_GitHub项目与研究文档\eia-openclaw-sync-chen2026\05_QA测试集\人工核查_环评报告出处整理_20260715\环评报告文件_按正文一级章节拆分_20260727\PL068_佛山市靓禾厨卫用品有限公司新建项目_01_受理公告或公示版\04_四、主要环境影响和保护措施.md,1,64
E:\华南理工项目\环评文件汇总\01_GitHub项目与研究文档\eia-openclaw-sync-chen2026\05_QA测试集\人工核查_环评报告出处整理_20260715\环评报告文件_按问答顺序\PL068_佛山市靓禾厨卫用品有限公司新建项目_01_受理公告或公示版.pdf,PL068_佛山市靓禾厨卫用品有限公司新建项目_01_受理公告或公示版.pdf,.pdf,pdf_pypdf,5,五、环境保护措施监督检查清单 ............................................ 41,E:\华南理工项目\环评文件汇总\01_GitHub项目与研究文档\eia-openclaw-sync-chen2026\05_QA测试集\人工核查_环评报告出处整理_20260715\环评报告文件_按正文一级章节拆分_20260727\PL068_佛山市靓禾厨卫用品有限公司新建项目_01_受理公告或公示版\05_五、环境保护措施监督检查清单.md,1,63
E:\华南理工项目\环评文件汇总\01_GitHub项目与研究文档\eia-openclaw-sync-chen2026\05_QA测试集\人工核查_环评报告出处整理_20260715\环评报告文件_按问答顺序\PL068_佛山市靓禾厨卫用品有限公司新建项目_01_受理公告或公示版.pdf,PL068_佛山市靓禾厨卫用品有限公司新建项目_01_受理公告或公示版.pdf,.pdf,pdf_pypdf,6,六、结论 .................................................................44,E:\华南理工项目\环评文件汇总\01_GitHub项目与研究文档\eia-openclaw-sync-chen2026\05_QA测试集\人工核查_环评报告出处整理_20260715\环评报告文件_按正文一级章节拆分_20260727\PL068_佛山市靓禾厨卫用品有限公司新建项目_01_受理公告或公示版\06_六、结论.md,2,87
E:\华南理工项目\环评文件汇总\01_GitHub项目与研究文档\eia-openclaw-sync-chen2026\05_QA测试集\人工核查_环评报告出处整理_20260715\环评报告文件_按问答顺序\PL068_佛山市靓禾厨卫用品有限公司新建项目_01_受理公告或公示版.pdf,PL068_佛山市靓禾厨卫用品有限公司新建项目_01_受理公告或公示版.pdf,.pdf,pdf_pypdf,7,附表附图附件,E:\华南理工项目\环评文件汇总\01_GitHub项目与研究文档\eia-openclaw-sync-chen2026\05_QA测试集\人工核查_环评报告出处整理_20260715\环评报告文件_按正文一级章节拆分_20260727\PL068_佛山市靓禾厨卫用品有限公司新建项目_01_受理公告或公示版\07_附表附图附件.md,19,266
E:\华南理工项目\环评文件汇总\01_GitHub项目与研究文档\eia-openclaw-sync-chen2026\05_QA测试集\人工核查_环评报告出处整理_20260715\环评报告文件_按问答顺序\PL068_佛山市靓禾厨卫用品有限公司新建项目_01_受理公告或公示版.pdf,PL068_佛山市靓禾厨卫用品有限公司新建项目_01_受理公告或公示版.pdf,.pdf,pdf_pypdf,8,一、建设项目基本情况,E:\华南理工项目\环评文件汇总\01_GitHub项目与研究文档\eia-openclaw-sync-chen2026\05_QA测试集\人工核查_环评报告出处整理_20260715\环评报告文件_按正文一级章节拆分_20260727\PL068_佛山市靓禾厨卫用品有限公司新建项目_01_受理公告或公示版\08_一、建设项目基本情况.md,176,2476
E:\华南理工项目\环评文件汇总\01_GitHub项目与研究文档\eia-openclaw-sync-chen2026\05_QA测试集\人工核查_环评报告出处整理_20260715\环评报告文件_按问答顺序\PL068_佛山市靓禾厨卫用品有限公司新建项目_01_受理公告或公示版.pdf,PL068_佛山市靓禾厨卫用品有限公司新建项目_01_受理公告或公示版.pdf,.pdf,pdf_pypdf,9,附表附图附件,E:\华南理工项目\环评文件汇总\01_GitHub项目与研究文档\eia-openclaw-sync-chen2026\05_QA测试集\人工核查_环评报告出处整理_20260715\环评报告文件_按正文一级章节拆分_20260727\PL068_佛山市靓禾厨卫用品有限公司新建项目_01_受理公告或公示版\09_附表附图附件.md,532,9632
E:\华南理工项目\环评文件汇总\01_GitHub项目与研究文档\eia-openclaw-sync-chen2026\05_QA测试集\人工核查_环评报告出处整理_20260715\环评报告文件_按问答顺序\PL068_佛山市靓禾厨卫用品有限公司新建项目_01_受理公告或公示版.pdf,PL068_佛山市靓禾厨卫用品有限公司新建项目_01_受理公告或公示版.pdf,.pdf,pdf_pypdf,10,二、建设项目工程分析,E:\华南理工项目\环评文件汇总\01_GitHub项目与研究文档\eia-openclaw-sync-chen2026\05_QA测试集\人工核查_环评报告出处整理_20260715\环评报告文件_按正文一级章节拆分_20260727\PL068_佛山市靓禾厨卫用品有限公司新建项目_01_受理公告或公示版\10_二、建设项目工程分析.md,334,6918
E:\华南理工项目\环评文件汇总\01_GitHub项目与研究文档\eia-openclaw-sync-chen2026\05_QA测试集\人工核查_环评报告出处整理_20260715\环评报告文件_按问答顺序\PL068_佛山市靓禾厨卫用品有限公司新建项目_01_受理公告或公示版.pdf,PL068_佛山市靓禾厨卫用品有限公司新建项目_01_受理公告或公示版.pdf,.pdf,pdf_pypdf,11,三、区域环境质量现状、环境保护目标及评价标准,E:\华南理工项目\环评文件汇总\01_GitHub项目与研究文档\eia-openclaw-sync-chen2026\05_QA测试集\人工核查_环评报告出处整理_20260715\环评报告文件_按正文一级章节拆分_20260727\PL068_佛山市靓禾厨卫用品有限公司新建项目_01_受理公告或公示版\11_三、区域环境质量现状、环境保护目标及评价标准.md,242,5103
E:\华南理工项目\环评文件汇总\01_GitHub项目与研究文档\eia-openclaw-sync-chen2026\05_QA测试集\人工核查_环评报告出处整理_20260715\环评报告文件_按问答顺序\PL068_佛山市靓禾厨卫用品有限公司新建项目_01_受理公告或公示版.pdf,PL068_佛山市靓禾厨卫用品有限公司新建项目_01_受理公告或公示版.pdf,.pdf,pdf_pypdf,12,四、主要环境影响和保护措施,E:\华南理工项目\环评文件汇总\01_GitHub项目与研究文档\eia-openclaw-sync-chen2026\05_QA测试集\人工核查_环评报告出处整理_20260715\环评报告文件_按正文一级章节拆分_20260727\PL068_佛山市靓禾厨卫用品有限公司新建项目_01_受理公告或公示版\12_四、主要环境影响和保护措施.md,982,19043
E:\华南理工项目\环评文件汇总\01_GitHub项目与研究文档\eia-openclaw-sync-chen2026\05_QA测试集\人工核查_环评报告出处整理_20260715\环评报告文件_按问答顺序\PL068_佛山市靓禾厨卫用品有限公司新建项目_01_受理公告或公示版.pdf,PL068_佛山市靓禾厨卫用品有限公司新建项目_01_受理公告或公示版.pdf,.pdf,pdf_pypdf,13,五、环境保护措施监督检查清单,E:\华南理工项目\环评文件汇总\01_GitHub项目与研究文档\eia-openclaw-sync-chen2026\05_QA测试集\人工核查_环评报告出处整理_20260715\环评报告文件_按正文一级章节拆分_20260727\PL068_佛山市靓禾厨卫用品有限公司新建项目_01_受理公告或公示版\13_五、环境保护措施监督检查清单.md,171,2436
E:\华南理工项目\环评文件汇总\01_GitHub项目与研究文档\eia-openclaw-sync-chen2026\05_QA测试集\人工核查_环评报告出处整理_20260715\环评报告文件_按问答顺序\PL068_佛山市靓禾厨卫用品有限公司新建项目_01_受理公告或公示版.pdf,PL068_佛山市靓禾厨卫用品有限公司新建项目_01_受理公告或公示版.pdf,.pdf,pdf_pypdf,14,六、结论,E:\华南理工项目\环评文件汇总\01_GitHub项目与研究文档\eia-openclaw-sync-chen2026\05_QA测试集\人工核查_环评报告出处整理_20260715\环评报告文件_按正文一级章节拆分_20260727\PL068_佛山市靓禾厨卫用品有限公司新建项目_01_受理公告或公示版\14_六、结论.md,6,160
E:\华南理工项目\环评文件汇总\01_GitHub项目与研究文档\eia-openclaw-sync-chen2026\05_QA测试集\人工核查_环评报告出处整理_20260715\环评报告文件_按问答顺序\PL068_佛山市靓禾厨卫用品有限公司新建项目_01_受理公告或公示版.pdf,PL068_佛山市靓禾厨卫用品有限公司新建项目_01_受理公告或公示版.pdf,.pdf,pdf_pypdf,15,附表附图附件,E:\华南理工项目\环评文件汇总\01_GitHub项目与研究文档\eia-openclaw-sync-chen2026\05_QA测试集\人工核查_环评报告出处整理_20260715\环评报告文件_按正文一级章节拆分_20260727\PL068_佛山市靓禾厨卫用品有限公司新建项目_01_受理公告或公示版\15_附表附图附件.md,90,1449
E:\华南理工项目\环评文件汇总\01_GitHub项目与研究文档\eia-openclaw-sync-chen2026\05_QA测试集\人工核查_环评报告出处整理_20260715\环评报告文件_按问答顺序\PL069_万业诚新材料(佛山)有限公司迁建项目_01_受理公告或公示版.pdf,PL069_万业诚新材料(佛山)有限公司迁建项目_01_受理公告或公示版.pdf,.pdf,pdf_pypdf,1,封面及目录,E:\华南理工项目\环评文件汇总\01_GitHub项目与研究文档\eia-openclaw-sync-chen2026\05_QA测试集\人工核查_环评报告出处整理_20260715\环评报告文件_按正文一级章节拆分_20260727\PL069_万业诚新材料(佛山)有限公司迁建项目_01_受理公告或公示版\01_封面及目录.md,2,25
E:\华南理工项目\环评文件汇总\01_GitHub项目与研究文档\eia-openclaw-sync-chen2026\05_QA测试集\人工核查_环评报告出处整理_20260715\环评报告文件_按问答顺序\PL069_万业诚新材料(佛山)有限公司迁建项目_01_受理公告或公示版.pdf,PL069_万业诚新材料(佛山)有限公司迁建项目_01_受理公告或公示版.pdf,.pdf,pdf_pypdf,2,一、建设项目基本情况 .......................................................................................................................1,E:\华南理工项目\环评文件汇总\01_GitHub项目与研究文档\eia-openclaw-sync-chen2026\05_QA测试集\人工核查_环评报告出处整理_20260715\环评报告文件_按正文一级章节拆分_20260727\PL069_万业诚新材料(佛山)有限公司迁建项目_01_受理公告或公示版\02_一、建设项目基本情况.md,1,132
E:\华南理工项目\环评文件汇总\01_GitHub项目与研究文档\eia-openclaw-sync-chen2026\05_QA测试集\人工核查_环评报告出处整理_20260715\环评报告文件_按问答顺序\PL069_万业诚新材料(佛山)有限公司迁建项目_01_受理公告或公示版.pdf,PL069_万业诚新材料(佛山)有限公司迁建项目_01_受理公告或公示版.pdf,.pdf,pdf_pypdf,3,二、建设项目工程分析 .....................................................................................................................27,E:\华南理工项目\环评文件汇总\01_GitHub项目与研究文档\eia-openclaw-sync-chen2026\05_QA测试集\人工核查_环评报告出处整理_20260715\环评报告文件_按正文一级章节拆分_20260727\PL069_万业诚新材料(佛山)有限公司迁建项目_01_受理公告或公示版\03_二、建设项目工程分析.md,2,226
E:\华南理工项目\环评文件汇总\01_GitHub项目与研究文档\eia-openclaw-sync-chen2026\05_QA测试集\人工核查_环评报告出处整理_20260715\环评报告文件_按问答顺序\PL069_万业诚新材料(佛山)有限公司迁建项目_01_受理公告或公示版.pdf,PL069_万业诚新材料(佛山)有限公司迁建项目_01_受理公告或公示版.pdf,.pdf,pdf_pypdf,4,四、主要环境影响和保护措施 ........................................................................................................ 53,E:\华南理工项目\环评文件汇总\01_GitHub项目与研究文档\eia-openclaw-sync-chen2026\05_QA测试集\人工核查_环评报告出处整理_20260715\环评报告文件_按正文一级章节拆分_20260727\PL069_万业诚新材料(佛山)有限公司迁建项目_01_受理公告或公示版\04_四、主要环境影响和保护措施.md,1,122
E:\华南理工项目\环评文件汇总\01_GitHub项目与研究文档\eia-openclaw-sync-chen2026\05_QA测试集\人工核查_环评报告出处整理_20260715\环评报告文件_按问答顺序\PL069_万业诚新材料(佛山)有限公司迁建项目_01_受理公告或公示版.pdf,PL069_万业诚新材料(佛山)有限公司迁建项目_01_受理公告或公示版.pdf,.pdf,pdf_pypdf,5,五、 环境保护措施监督检查清单 ................................................................................................... 86,E:\华南理工项目\环评文件汇总\01_GitHub项目与研究文档\eia-openclaw-sync-chen2026\05_QA测试集\人工核查_环评报告出处整理_20260715\环评报告文件_按正文一级章节拆分_20260727\PL069_万业诚新材料(佛山)有限公司迁建项目_01_受理公告或公示版\05_五、_环境保护措施监督检查清单.md,1,119
E:\华南理工项目\环评文件汇总\01_GitHub项目与研究文档\eia-openclaw-sync-chen2026\05_QA测试集\人工核查_环评报告出处整理_20260715\环评报告文件_按问答顺序\PL069_万业诚新材料(佛山)有限公司迁建项目_01_受理公告或公示版.pdf,PL069_万业诚新材料(佛山)有限公司迁建项目_01_受理公告或公示版.pdf,.pdf,pdf_pypdf,6,六、结论 .............................................................................................................................................88,E:\华南理工项目\环评文件汇总\01_GitHub项目与研究文档\eia-openclaw-sync-chen2026\05_QA测试集\人工核查_环评报告出处整理_20260715\环评报告文件_按正文一级章节拆分_20260727\PL069_万业诚新材料(佛山)有限公司迁建项目_01_受理公告或公示版\06_六、结论.md,1,149
E:\华南理工项目\环评文件汇总\01_GitHub项目与研究文档\eia-openclaw-sync-chen2026\05_QA测试集\人工核查_环评报告出处整理_20260715\环评报告文件_按问答顺序\PL069_万业诚新材料(佛山)有限公司迁建项目_01_受理公告或公示版.pdf,PL069_万业诚新材料(佛山)有限公司迁建项目_01_受理公告或公示版.pdf,.pdf,pdf_pypdf,7,附表附图附件,E:\华南理工项目\环评文件汇总\01_GitHub项目与研究文档\eia-openclaw-sync-chen2026\05_QA测试集\人工核查_环评报告出处整理_20260715\环评报告文件_按正文一级章节拆分_20260727\PL069_万业诚新材料(佛山)有限公司迁建项目_01_受理公告或公示版\07_附表附图附件.md,30,3558
E:\华南理工项目\环评文件汇总\01_GitHub项目与研究文档\eia-openclaw-sync-chen2026\05_QA测试集\人工核查_环评报告出处整理_20260715\环评报告文件_按问答顺序\PL069_万业诚新材料(佛山)有限公司迁建项目_01_受理公告或公示版.pdf,PL069_万业诚新材料(佛山)有限公司迁建项目_01_受理公告或公示版.pdf,.pdf,pdf_pypdf,8,一、建设项目基本情况,E:\华南理工项目\环评文件汇总\01_GitHub项目与研究文档\eia-openclaw-sync-chen2026\05_QA测试集\人工核查_环评报告出处整理_20260715\环评报告文件_按正文一级章节拆分_20260727\PL069_万业诚新材料(佛山)有限公司迁建项目_01_受理公告或公示版\08_一、建设项目基本情况.md,831,11042
E:\华南理工项目\环评文件汇总\01_GitHub项目与研究文档\eia-openclaw-sync-chen2026\05_QA测试集\人工核查_环评报告出处整理_20260715\环评报告文件_按问答顺序\PL069_万业诚新材料(佛山)有限公司迁建项目_01_受理公告或公示版.pdf,PL069_万业诚新材料(佛山)有限公司迁建项目_01_受理公告或公示版.pdf,.pdf,pdf_pypdf,9,附表附图附件,E:\华南理工项目\环评文件汇总\01_GitHub项目与研究文档\eia-openclaw-sync-chen2026\05_QA测试集\人工核查_环评报告出处整理_20260715\环评报告文件_按正文一级章节拆分_20260727\PL069_万业诚新材料(佛山)有限公司迁建项目_01_受理公告或公示版\09_附表附图附件.md,1220,15934
E:\华南理工项目\环评文件汇总\01_GitHub项目与研究文档\eia-openclaw-sync-chen2026\05_QA测试集\人工核查_环评报告出处整理_20260715\环评报告文件_按问答顺序\PL069_万业诚新材料(佛山)有限公司迁建项目_01_受理公告或公示版.pdf,PL069_万业诚新材料(佛山)有限公司迁建项目_01_受理公告或公示版.pdf,.pdf,pdf_pypdf,10,二、建设项目工程分析,E:\华南理工项目\环评文件汇总\01_GitHub项目与研究文档\eia-openclaw-sync-chen2026\05_QA测试集\人工核查_环评报告出处整理_20260715\环评报告文件_按正文一级章节拆分_20260727\PL069_万业诚新材料(佛山)有限公司迁建项目_01_受理公告或公示版\10_二、建设项目工程分析.md,620,11053
E:\华南理工项目\环评文件汇总\01_GitHub项目与研究文档\eia-openclaw-sync-chen2026\05_QA测试集\人工核查_环评报告出处整理_20260715\环评报告文件_按问答顺序\PL069_万业诚新材料(佛山)有限公司迁建项目_01_受理公告或公示版.pdf,PL069_万业诚新材料(佛山)有限公司迁建项目_01_受理公告或公示版.pdf,.pdf,pdf_pypdf,11,三、区域环境质量现状、环境保护目标及评价标准,E:\华南理工项目\环评文件汇总\01_GitHub项目与研究文档\eia-openclaw-sync-chen2026\05_QA测试集\人工核查_环评报告出处整理_20260715\环评报告文件_按正文一级章节拆分_20260727\PL069_万业诚新材料(佛山)有限公司迁建项目_01_受理公告或公示版\11_三、区域环境质量现状、环境保护目标及评价标准.md,431,7483
,,,,0,,E:\华南理工项目\环评文件汇总\01_GitHub项目与研究文档\eia-openclaw-sync-chen2026\05_QA测试集\人工核查_环评报告出处整理_20260715\环评报告文件_按正文一级章节拆分_20260727\PL069_万业诚新材料(佛山)有限公司迁建项目_01_受理公告或公示版\12_四、主要环境影响和保护措施.md,0,0
E:\华南理工项目\环评文件汇总\01_GitHub项目与研究文档\eia-openclaw-sync-chen2026\05_QA测试集\人工核查_环评报告出处整理_20260715\环评报告文件_按问答顺序\PL070_广东顺德顺炎新材料股份有限公司年产改性塑料粒6万吨迁扩建项目_01_报批稿或报告表.pdf,PL070_广东顺德顺炎新材料股份有限公司年产改性塑料粒6万吨迁扩建项目_01_报批稿或报告表.pdf,.pdf,pdf_pypdf,1,封面及目录,E:\华南理工项目\环评文件汇总\01_GitHub项目与研究文档\eia-openclaw-sync-chen2026\05_QA测试集\人工核查_环评报告出处整理_20260715\环评报告文件_按正文一级章节拆分_20260727\PL070_广东顺德顺炎新材料股份有限公司年产改性塑料粒6万吨迁扩建项目_01_报批稿或报告表\01_封面及目录.md,2,24
E:\华南理工项目\环评文件汇总\01_GitHub项目与研究文档\eia-openclaw-sync-chen2026\05_QA测试集\人工核查_环评报告出处整理_20260715\环评报告文件_按问答顺序\PL070_广东顺德顺炎新材料股份有限公司年产改性塑料粒6万吨迁扩建项目_01_报批稿或报告表.pdf,PL070_广东顺德顺炎新材料股份有限公司年产改性塑料粒6万吨迁扩建项目_01_报批稿或报告表.pdf,.pdf,pdf_pypdf,2,一、建设项目基本情况 ........................................................................................................ 1,E:\华南理工项目\环评文件汇总\01_GitHub项目与研究文档\eia-openclaw-sync-chen2026\05_QA测试集\人工核查_环评报告出处整理_20260715\环评报告文件_按正文一级章节拆分_20260727\PL070_广东顺德顺炎新材料股份有限公司年产改性塑料粒6万吨迁扩建项目_01_报批稿或报告表\02_一、建设项目基本情况.md,1,118
E:\华南理工项目\环评文件汇总\01_GitHub项目与研究文档\eia-openclaw-sync-chen2026\05_QA测试集\人工核查_环评报告出处整理_20260715\环评报告文件_按问答顺序\PL070_广东顺德顺炎新材料股份有限公司年产改性塑料粒6万吨迁扩建项目_01_报批稿或报告表.pdf,PL070_广东顺德顺炎新材料股份有限公司年产改性塑料粒6万吨迁扩建项目_01_报批稿或报告表.pdf,.pdf,pdf_pypdf,3,二、建设项目工程分析 ...................................................................................................... 12,E:\华南理工项目\环评文件汇总\01_GitHub项目与研究文档\eia-openclaw-sync-chen2026\05_QA测试集\人工核查_环评报告出处整理_20260715\环评报告文件_按正文一级章节拆分_20260727\PL070_广东顺德顺炎新材料股份有限公司年产改性塑料粒6万吨迁扩建项目_01_报批稿或报告表\03_二、建设项目工程分析.md,2,198
E:\华南理工项目\环评文件汇总\01_GitHub项目与研究文档\eia-openclaw-sync-chen2026\05_QA测试集\人工核查_环评报告出处整理_20260715\环评报告文件_按问答顺序\PL070_广东顺德顺炎新材料股份有限公司年产改性塑料粒6万吨迁扩建项目_01_报批稿或报告表.pdf,PL070_广东顺德顺炎新材料股份有限公司年产改性塑料粒6万吨迁扩建项目_01_报批稿或报告表.pdf,.pdf,pdf_pypdf,4,四、主要环境影响和保护措施 .......................................................................................... 36,E:\华南理工项目\环评文件汇总\01_GitHub项目与研究文档\eia-openclaw-sync-chen2026\05_QA测试集\人工核查_环评报告出处整理_20260715\环评报告文件_按正文一级章节拆分_20260727\PL070_广东顺德顺炎新材料股份有限公司年产改性塑料粒6万吨迁扩建项目_01_报批稿或报告表\04_四、主要环境影响和保护措施.md,1,108
E:\华南理工项目\环评文件汇总\01_GitHub项目与研究文档\eia-openclaw-sync-chen2026\05_QA测试集\人工核查_环评报告出处整理_20260715\环评报告文件_按问答顺序\PL070_广东顺德顺炎新材料股份有限公司年产改性塑料粒6万吨迁扩建项目_01_报批稿或报告表.pdf,PL070_广东顺德顺炎新材料股份有限公司年产改性塑料粒6万吨迁扩建项目_01_报批稿或报告表.pdf,.pdf,pdf_pypdf,5,五、环境保护措施监督检查清单 ...................................................................................... 58,E:\华南理工项目\环评文件汇总\01_GitHub项目与研究文档\eia-openclaw-sync-chen2026\05_QA测试集\人工核查_环评报告出处整理_20260715\环评报告文件_按正文一级章节拆分_20260727\PL070_广东顺德顺炎新材料股份有限公司年产改性塑料粒6万吨迁扩建项目_01_报批稿或报告表\05_五、环境保护措施监督检查清单.md,1,105
E:\华南理工项目\环评文件汇总\01_GitHub项目与研究文档\eia-openclaw-sync-chen2026\05_QA测试集\人工核查_环评报告出处整理_20260715\环评报告文件_按问答顺序\PL070_广东顺德顺炎新材料股份有限公司年产改性塑料粒6万吨迁扩建项目_01_报批稿或报告表.pdf,PL070_广东顺德顺炎新材料股份有限公司年产改性塑料粒6万吨迁扩建项目_01_报批稿或报告表.pdf,.pdf,pdf_pypdf,6,六、结论 .............................................................................................................................. 60,E:\华南理工项目\环评文件汇总\01_GitHub项目与研究文档\eia-openclaw-sync-chen2026\05_QA测试集\人工核查_环评报告出处整理_20260715\环评报告文件_按正文一级章节拆分_20260727\PL070_广东顺德顺炎新材料股份有限公司年产改性塑料粒6万吨迁扩建项目_01_报批稿或报告表\06_六、结论.md,1,135
E:\华南理工项目\环评文件汇总\01_GitHub项目与研究文档\eia-openclaw-sync-chen2026\05_QA测试集\人工核查_环评报告出处整理_20260715\环评报告文件_按问答顺序\PL070_广东顺德顺炎新材料股份有限公司年产改性塑料粒6万吨迁扩建项目_01_报批稿或报告表.pdf,PL070_广东顺德顺炎新材料股份有限公司年产改性塑料粒6万吨迁扩建项目_01_报批稿或报告表.pdf,.pdf,pdf_pypdf,7,附表附图附件,E:\华南理工项目\环评文件汇总\01_GitHub项目与研究文档\eia-openclaw-sync-chen2026\05_QA测试集\人工核查_环评报告出处整理_20260715\环评报告文件_按正文一级章节拆分_20260727\PL070_广东顺德顺炎新材料股份有限公司年产改性塑料粒6万吨迁扩建项目_01_报批稿或报告表\07_附表附图附件.md,18,1845
E:\华南理工项目\环评文件汇总\01_GitHub项目与研究文档\eia-openclaw-sync-chen2026\05_QA测试集\人工核查_环评报告出处整理_20260715\环评报告文件_按问答顺序\PL070_广东顺德顺炎新材料股份有限公司年产改性塑料粒6万吨迁扩建项目_01_报批稿或报告表.pdf,PL070_广东顺德顺炎新材料股份有限公司年产改性塑料粒6万吨迁扩建项目_01_报批稿或报告表.pdf,.pdf,pdf_pypdf,8,一、建设项目基本情况,E:\华南理工项目\环评文件汇总\01_GitHub项目与研究文档\eia-openclaw-sync-chen2026\05_QA测试集\人工核查_环评报告出处整理_20260715\环评报告文件_按正文一级章节拆分_20260727\PL070_广东顺德顺炎新材料股份有限公司年产改性塑料粒6万吨迁扩建项目_01_报批稿或报告表\08_一、建设项目基本情况.md,756,11411
E:\华南理工项目\环评文件汇总\01_GitHub项目与研究文档\eia-openclaw-sync-chen2026\05_QA测试集\人工核查_环评报告出处整理_20260715\环评报告文件_按问答顺序\PL070_广东顺德顺炎新材料股份有限公司年产改性塑料粒6万吨迁扩建项目_01_报批稿或报告表.pdf,PL070_广东顺德顺炎新材料股份有限公司年产改性塑料粒6万吨迁扩建项目_01_报批稿或报告表.pdf,.pdf,pdf_pypdf,9,二、建设项目工程分析,E:\华南理工项目\环评文件汇总\01_GitHub项目与研究文档\eia-openclaw-sync-chen2026\05_QA测试集\人工核查_环评报告出处整理_20260715\环评报告文件_按正文一级章节拆分_20260727\PL070_广东顺德顺炎新材料股份有限公司年产改性塑料粒6万吨迁扩建项目_01_报批稿或报告表\09_二、建设项目工程分析.md,1155,17190
E:\华南理工项目\环评文件汇总\01_GitHub项目与研究文档\eia-openclaw-sync-chen2026\05_QA测试集\人工核查_环评报告出处整理_20260715\环评报告文件_按问答顺序\PL070_广东顺德顺炎新材料股份有限公司年产改性塑料粒6万吨迁扩建项目_01_报批稿或报告表.pdf,PL070_广东顺德顺炎新材料股份有限公司年产改性塑料粒6万吨迁扩建项目_01_报批稿或报告表.pdf,.pdf,pdf_pypdf,10,三、区域环境质量现状、环境保护目标及评价标准,E:\华南理工项目\环评文件汇总\01_GitHub项目与研究文档\eia-openclaw-sync-chen2026\05_QA测试集\人工核查_环评报告出处整理_20260715\环评报告文件_按正文一级章节拆分_20260727\PL070_广东顺德顺炎新材料股份有限公司年产改性塑料粒6万吨迁扩建项目_01_报批稿或报告表\10_三、区域环境质量现状、环境保护目标及评价标准.md,204,4188
E:\华南理工项目\环评文件汇总\01_GitHub项目与研究文档\eia-openclaw-sync-chen2026\05_QA测试集\人工核查_环评报告出处整理_20260715\环评报告文件_按问答顺序\PL070_广东顺德顺炎新材料股份有限公司年产改性塑料粒6万吨迁扩建项目_01_报批稿或报告表.pdf,PL070_广东顺德顺炎新材料股份有限公司年产改性塑料粒6万吨迁扩建项目_01_报批稿或报告表.pdf,.pdf,pdf_pypdf,11,四、主要环境影响和保护措施,E:\华南理工项目\环评文件汇总\01_GitHub项目与研究文档\eia-openclaw-sync-chen2026\05_QA测试集\人工核查_环评报告出处整理_20260715\环评报告文件_按正文一级章节拆分_20260727\PL070_广东顺德顺炎新材料股份有限公司年产改性塑料粒6万吨迁扩建项目_01_报批稿或报告表\11_四、主要环境影响和保护措施.md,1128,18650
E:\华南理工项目\环评文件汇总\01_GitHub项目与研究文档\eia-openclaw-sync-chen2026\05_QA测试集\人工核查_环评报告出处整理_20260715\环评报告文件_按问答顺序\PL070_广东顺德顺炎新材料股份有限公司年产改性塑料粒6万吨迁扩建项目_01_报批稿或报告表.pdf,PL070_广东顺德顺炎新材料股份有限公司年产改性塑料粒6万吨迁扩建项目_01_报批稿或报告表.pdf,.pdf,pdf_pypdf,12,五、环境保护措施监督检查清单,E:\华南理工项目\环评文件汇总\01_GitHub项目与研究文档\eia-openclaw-sync-chen2026\05_QA测试集\人工核查_环评报告出处整理_20260715\环评报告文件_按正文一级章节拆分_20260727\PL070_广东顺德顺炎新材料股份有限公司年产改性塑料粒6万吨迁扩建项目_01_报批稿或报告表\12_五、环境保护措施监督检查清单.md,111,1432
E:\华南理工项目\环评文件汇总\01_GitHub项目与研究文档\eia-openclaw-sync-chen2026\05_QA测试集\人工核查_环评报告出处整理_20260715\环评报告文件_按问答顺序\PL070_广东顺德顺炎新材料股份有限公司年产改性塑料粒6万吨迁扩建项目_01_报批稿或报告表.pdf,PL070_广东顺德顺炎新材料股份有限公司年产改性塑料粒6万吨迁扩建项目_01_报批稿或报告表.pdf,.pdf,pdf_pypdf,13,六、结论,E:\华南理工项目\环评文件汇总\01_GitHub项目与研究文档\eia-openclaw-sync-chen2026\05_QA测试集\人工核查_环评报告出处整理_20260715\环评报告文件_按正文一级章节拆分_20260727\PL070_广东顺德顺炎新材料股份有限公司年产改性塑料粒6万吨迁扩建项目_01_报批稿或报告表\13_六、结论.md,7,156
E:\华南理工项目\环评文件汇总\01_GitHub项目与研究文档\eia-openclaw-sync-chen2026\05_QA测试集\人工核查_环评报告出处整理_20260715\环评报告文件_按问答顺序\PL070_广东顺德顺炎新材料股份有限公司年产改性塑料粒6万吨迁扩建项目_01_报批稿或报告表.pdf,PL070_广东顺德顺炎新材料股份有限公司年产改性塑料粒6万吨迁扩建项目_01_报批稿或报告表.pdf,.pdf,pdf_pypdf,14,附表附图附件,E:\华南理工项目\环评文件汇总\01_GitHub项目与研究文档\eia-openclaw-sync-chen2026\05_QA测试集\人工核查_环评报告出处整理_20260715\环评报告文件_按正文一级章节拆分_20260727\PL070_广东顺德顺炎新材料股份有限公司年产改性塑料粒6万吨迁扩建项目_01_报批稿或报告表\14_附表附图附件.md,163,2337
E:\华南理工项目\环评文件汇总\01_GitHub项目与研究文档\eia-openclaw-sync-chen2026\05_QA测试集\人工核查_环评报告出处整理_20260715\环评报告文件_按问答顺序\PL071_佛山市顺德区耀顺欣模具厂新建项目_01_受理公告或公示版.pdf,PL071_佛山市顺德区耀顺欣模具厂新建项目_01_受理公告或公示版.pdf,.pdf,pdf_pypdf,1,封面及目录,E:\华南理工项目\环评文件汇总\01_GitHub项目与研究文档\eia-openclaw-sync-chen2026\05_QA测试集\人工核查_环评报告出处整理_20260715\环评报告文件_按正文一级章节拆分_20260727\PL071_佛山市顺德区耀顺欣模具厂新建项目_01_受理公告或公示版\01_封面及目录.md,2,24
E:\华南理工项目\环评文件汇总\01_GitHub项目与研究文档\eia-openclaw-sync-chen2026\05_QA测试集\人工核查_环评报告出处整理_20260715\环评报告文件_按问答顺序\PL071_佛山市顺德区耀顺欣模具厂新建项目_01_受理公告或公示版.pdf,PL071_佛山市顺德区耀顺欣模具厂新建项目_01_受理公告或公示版.pdf,.pdf,pdf_pypdf,2,一．建设项目基本情况 ..................................................................................................................1,E:\华南理工项目\环评文件汇总\01_GitHub项目与研究文档\eia-openclaw-sync-chen2026\05_QA测试集\人工核查_环评报告出处整理_20260715\环评报告文件_按正文一级章节拆分_20260727\PL071_佛山市顺德区耀顺欣模具厂新建项目_01_受理公告或公示版\02_一．建设项目基本情况.md,1,127
E:\华南理工项目\环评文件汇总\01_GitHub项目与研究文档\eia-openclaw-sync-chen2026\05_QA测试集\人工核查_环评报告出处整理_20260715\环评报告文件_按问答顺序\PL071_佛山市顺德区耀顺欣模具厂新建项目_01_受理公告或公示版.pdf,PL071_佛山市顺德区耀顺欣模具厂新建项目_01_受理公告或公示版.pdf,.pdf,pdf_pypdf,3,二．建设项目工程分析 ................................................................................................................14,E:\华南理工项目\环评文件汇总\01_GitHub项目与研究文档\eia-openclaw-sync-chen2026\05_QA测试集\人工核查_环评报告出处整理_20260715\环评报告文件_按正文一级章节拆分_20260727\PL071_佛山市顺德区耀顺欣模具厂新建项目_01_受理公告或公示版\03_二．建设项目工程分析.md,2,216
E:\华南理工项目\环评文件汇总\01_GitHub项目与研究文档\eia-openclaw-sync-chen2026\05_QA测试集\人工核查_环评报告出处整理_20260715\环评报告文件_按问答顺序\PL071_佛山市顺德区耀顺欣模具厂新建项目_01_受理公告或公示版.pdf,PL071_佛山市顺德区耀顺欣模具厂新建项目_01_受理公告或公示版.pdf,.pdf,pdf_pypdf,4,四．主要环境影响和保护措施 ....................................................................................................30,E:\华南理工项目\环评文件汇总\01_GitHub项目与研究文档\eia-openclaw-sync-chen2026\05_QA测试集\人工核查_环评报告出处整理_20260715\环评报告文件_按正文一级章节拆分_20260727\PL071_佛山市顺德区耀顺欣模具厂新建项目_01_受理公告或公示版\04_四．主要环境影响和保护措施.md,1,117
E:\华南理工项目\环评文件汇总\01_GitHub项目与研究文档\eia-openclaw-sync-chen2026\05_QA测试集\人工核查_环评报告出处整理_20260715\环评报告文件_按问答顺序\PL071_佛山市顺德区耀顺欣模具厂新建项目_01_受理公告或公示版.pdf,PL071_佛山市顺德区耀顺欣模具厂新建项目_01_受理公告或公示版.pdf,.pdf,pdf_pypdf,5,五．环境保护措施监督检查清单 ................................................................................................50,E:\华南理工项目\环评文件汇总\01_GitHub项目与研究文档\eia-openclaw-sync-chen2026\05_QA测试集\人工核查_环评报告出处整理_20260715\环评报告文件_按正文一级章节拆分_20260727\PL071_佛山市顺德区耀顺欣模具厂新建项目_01_受理公告或公示版\05_五．环境保护措施监督检查清单.md,1,114
E:\华南理工项目\环评文件汇总\01_GitHub项目与研究文档\eia-openclaw-sync-chen2026\05_QA测试集\人工核查_环评报告出处整理_20260715\环评报告文件_按问答顺序\PL071_佛山市顺德区耀顺欣模具厂新建项目_01_受理公告或公示版.pdf,PL071_佛山市顺德区耀顺欣模具厂新建项目_01_受理公告或公示版.pdf,.pdf,pdf_pypdf,6,六．结论 ........................................................................................................................................53,E:\华南理工项目\环评文件汇总\01_GitHub项目与研究文档\eia-openclaw-sync-chen2026\05_QA测试集\人工核查_环评报告出处整理_20260715\环评报告文件_按正文一级章节拆分_20260727\PL071_佛山市顺德区耀顺欣模具厂新建项目_01_受理公告或公示版\06_六．结论.md,1,144
E:\华南理工项目\环评文件汇总\01_GitHub项目与研究文档\eia-openclaw-sync-chen2026\05_QA测试集\人工核查_环评报告出处整理_20260715\环评报告文件_按问答顺序\PL071_佛山市顺德区耀顺欣模具厂新建项目_01_受理公告或公示版.pdf,PL071_佛山市顺德区耀顺欣模具厂新建项目_01_受理公告或公示版.pdf,.pdf,pdf_pypdf,7,附表附图附件,E:\华南理工项目\环评文件汇总\01_GitHub项目与研究文档\eia-openclaw-sync-chen2026\05_QA测试集\人工核查_环评报告出处整理_20260715\环评报告文件_按正文一级章节拆分_20260727\PL071_佛山市顺德区耀顺欣模具厂新建项目_01_受理公告或公示版\07_附表附图附件.md,17,261
E:\华南理工项目\环评文件汇总\01_GitHub项目与研究文档\eia-openclaw-sync-chen2026\05_QA测试集\人工核查_环评报告出处整理_20260715\环评报告文件_按问答顺序\PL071_佛山市顺德区耀顺欣模具厂新建项目_01_受理公告或公示版.pdf,PL071_佛山市顺德区耀顺欣模具厂新建项目_01_受理公告或公示版.pdf,.pdf,pdf_pypdf,8,一、建设项目基本情况,E:\华南理工项目\环评文件汇总\01_GitHub项目与研究文档\eia-openclaw-sync-chen2026\05_QA测试集\人工核查_环评报告出处整理_20260715\环评报告文件_按正文一级章节拆分_20260727\PL071_佛山市顺德区耀顺欣模具厂新建项目_01_受理公告或公示版\08_一、建设项目基本情况.md,1041,15130
E:\华南理工项目\环评文件汇总\01_GitHub项目与研究文档\eia-openclaw-sync-chen2026\05_QA测试集\人工核查_环评报告出处整理_20260715\环评报告文件_按问答顺序\PL071_佛山市顺德区耀顺欣模具厂新建项目_01_受理公告或公示版.pdf,PL071_佛山市顺德区耀顺欣模具厂新建项目_01_受理公告或公示版.pdf,.pdf,pdf_pypdf,9,二、建设项目工程分析,E:\华南理工项目\环评文件汇总\01_GitHub项目与研究文档\eia-openclaw-sync-chen2026\05_QA测试集\人工核查_环评报告出处整理_20260715\环评报告文件_按正文一级章节拆分_20260727\PL071_佛山市顺德区耀顺欣模具厂新建项目_01_受理公告或公示版\09_二、建设项目工程分析.md,332,6865
E:\华南理工项目\环评文件汇总\01_GitHub项目与研究文档\eia-openclaw-sync-chen2026\05_QA测试集\人工核查_环评报告出处整理_20260715\环评报告文件_按问答顺序\PL071_佛山市顺德区耀顺欣模具厂新建项目_01_受理公告或公示版.pdf,PL071_佛山市顺德区耀顺欣模具厂新建项目_01_受理公告或公示版.pdf,.pdf,pdf_pypdf,10,三、区域环境质量现状、环境保护目标及评价标准,E:\华南理工项目\环评文件汇总\01_GitHub项目与研究文档\eia-openclaw-sync-chen2026\05_QA测试集\人工核查_环评报告出处整理_20260715\环评报告文件_按正文一级章节拆分_20260727\PL071_佛山市顺德区耀顺欣模具厂新建项目_01_受理公告或公示版\10_三、区域环境质量现状、环境保护目标及评价标准.md,222,4241
E:\华南理工项目\环评文件汇总\01_GitHub项目与研究文档\eia-openclaw-sync-chen2026\05_QA测试集\人工核查_环评报告出处整理_20260715\环评报告文件_按问答顺序\PL071_佛山市顺德区耀顺欣模具厂新建项目_01_受理公告或公示版.pdf,PL071_佛山市顺德区耀顺欣模具厂新建项目_01_受理公告或公示版.pdf,.pdf,pdf_pypdf,11,四、主要环境影响和保护措施,E:\华南理工项目\环评文件汇总\01_GitHub项目与研究文档\eia-openclaw-sync-chen2026\05_QA测试集\人工核查_环评报告出处整理_20260715\环评报告文件_按正文一级章节拆分_20260727\PL071_佛山市顺德区耀顺欣模具厂新建项目_01_受理公告或公示版\11_四、主要环境影响和保护措施.md,163,3089
E:\华南理工项目\环评文件汇总\01_GitHub项目与研究文档\eia-openclaw-sync-chen2026\05_QA测试集\人工核查_环评报告出处整理_20260715\环评报告文件_按问答顺序\PL071_佛山市顺德区耀顺欣模具厂新建项目_01_受理公告或公示版.pdf,PL071_佛山市顺德区耀顺欣模具厂新建项目_01_受理公告或公示版.pdf,.pdf,pdf_pypdf,12,附表附图附件,E:\华南理工项目\环评文件汇总\01_GitHub项目与研究文档\eia-openclaw-sync-chen2026\05_QA测试集\人工核查_环评报告出处整理_20260715\环评报告文件_按正文一级章节拆分_20260727\PL071_佛山市顺德区耀顺欣模具厂新建项目_01_受理公告或公示版\12_附表附图附件.md,867,16272
E:\华南理工项目\环评文件汇总\01_GitHub项目与研究文档\eia-openclaw-sync-chen2026\05_QA测试集\人工核查_环评报告出处整理_20260715\环评报告文件_按问答顺序\PL071_佛山市顺德区耀顺欣模具厂新建项目_01_受理公告或公示版.pdf,PL071_佛山市顺德区耀顺欣模具厂新建项目_01_受理公告或公示版.pdf,.pdf,pdf_pypdf,13,五、环境保护措施监督检查清单,E:\华南理工项目\环评文件汇总\01_GitHub项目与研究文档\eia-openclaw-sync-chen2026\05_QA测试集\人工核查_环评报告出处整理_20260715\环评报告文件_按正文一级章节拆分_20260727\PL071_佛山市顺德区耀顺欣模具厂新建项目_01_受理公告或公示版\13_五、环境保护措施监督检查清单.md,148,2606
E:\华南理工项目\环评文件汇总\01_GitHub项目与研究文档\eia-openclaw-sync-chen2026\05_QA测试集\人工核查_环评报告出处整理_20260715\环评报告文件_按问答顺序\PL071_佛山市顺德区耀顺欣模具厂新建项目_01_受理公告或公示版.pdf,PL071_佛山市顺德区耀顺欣模具厂新建项目_01_受理公告或公示版.pdf,.pdf,pdf_pypdf,14,六、结论,E:\华南理工项目\环评文件汇总\01_GitHub项目与研究文档\eia-openclaw-sync-chen2026\05_QA测试集\人工核查_环评报告出处整理_20260715\环评报告文件_按正文一级章节拆分_20260727\PL071_佛山市顺德区耀顺欣模具厂新建项目_01_受理公告或公示版\14_六、结论.md,8,215
E:\华南理工项目\环评文件汇总\01_GitHub项目与研究文档\eia-openclaw-sync-chen2026\05_QA测试集\人工核查_环评报告出处整理_20260715\环评报告文件_按问答顺序\PL071_佛山市顺德区耀顺欣模具厂新建项目_01_受理公告或公示版.pdf,PL071_佛山市顺德区耀顺欣模具厂新建项目_01_受理公告或公示版.pdf,.pdf,pdf_pypdf,15,附表附图附件,E:\华南理工项目\环评文件汇总\01_GitHub项目与研究文档\eia-openclaw-sync-chen2026\05_QA测试集\人工核查_环评报告出处整理_20260715\环评报告文件_按正文一级章节拆分_20260727\PL071_佛山市顺德区耀顺欣模具厂新建项目_01_受理公告或公示版\15_附表附图附件.md,80,1268
E:\华南理工项目\环评文件汇总\01_GitHub项目与研究文档\eia-openclaw-sync-chen2026\05_QA测试集\人工核查_环评报告出处整理_20260715\环评报告文件_按问答顺序\PL072_佛山市至贤科技有限公司新建项目_01_受理公告或公示版.pdf,PL072_佛山市至贤科技有限公司新建项目_01_受理公告或公示版.pdf,.pdf,pdf_pypdf,1,封面及目录,E:\华南理工项目\环评文件汇总\01_GitHub项目与研究文档\eia-openclaw-sync-chen2026\05_QA测试集\人工核查_环评报告出处整理_20260715\环评报告文件_按正文一级章节拆分_20260727\PL072_佛山市至贤科技有限公司新建项目_01_受理公告或公示版\01_封面及目录.md,2,25
E:\华南理工项目\环评文件汇总\01_GitHub项目与研究文档\eia-openclaw-sync-chen2026\05_QA测试集\人工核查_环评报告出处整理_20260715\环评报告文件_按问答顺序\PL072_佛山市至贤科技有限公司新建项目_01_受理公告或公示版.pdf,PL072_佛山市至贤科技有限公司新建项目_01_受理公告或公示版.pdf,.pdf,pdf_pypdf,2,一、建设项目基本情况 ................................................................................................ 1,E:\华南理工项目\环评文件汇总\01_GitHub项目与研究文档\eia-openclaw-sync-chen2026\05_QA测试集\人工核查_环评报告出处整理_20260715\环评报告文件_按正文一级章节拆分_20260727\PL072_佛山市至贤科技有限公司新建项目_01_受理公告或公示版\02_一、建设项目基本情况.md,1,110
E:\华南理工项目\环评文件汇总\01_GitHub项目与研究文档\eia-openclaw-sync-chen2026\05_QA测试集\人工核查_环评报告出处整理_20260715\环评报告文件_按问答顺序\PL072_佛山市至贤科技有限公司新建项目_01_受理公告或公示版.pdf,PL072_佛山市至贤科技有限公司新建项目_01_受理公告或公示版.pdf,.pdf,pdf_pypdf,3,二、建设项目工程分析 ..............................................................................................16,E:\华南理工项目\环评文件汇总\01_GitHub项目与研究文档\eia-openclaw-sync-chen2026\05_QA测试集\人工核查_环评报告出处整理_20260715\环评报告文件_按正文一级章节拆分_20260727\PL072_佛山市至贤科技有限公司新建项目_01_受理公告或公示版\03_二、建设项目工程分析.md,2,180
E:\华南理工项目\环评文件汇总\01_GitHub项目与研究文档\eia-openclaw-sync-chen2026\05_QA测试集\人工核查_环评报告出处整理_20260715\环评报告文件_按问答顺序\PL072_佛山市至贤科技有限公司新建项目_01_受理公告或公示版.pdf,PL072_佛山市至贤科技有限公司新建项目_01_受理公告或公示版.pdf,.pdf,pdf_pypdf,4,四、主要环境影响和保护措施 ..................................................................................31,E:\华南理工项目\环评文件汇总\01_GitHub项目与研究文档\eia-openclaw-sync-chen2026\05_QA测试集\人工核查_环评报告出处整理_20260715\环评报告文件_按正文一级章节拆分_20260727\PL072_佛山市至贤科技有限公司新建项目_01_受理公告或公示版\04_四、主要环境影响和保护措施.md,1,99
E:\华南理工项目\环评文件汇总\01_GitHub项目与研究文档\eia-openclaw-sync-chen2026\05_QA测试集\人工核查_环评报告出处整理_20260715\环评报告文件_按问答顺序\PL072_佛山市至贤科技有限公司新建项目_01_受理公告或公示版.pdf,PL072_佛山市至贤科技有限公司新建项目_01_受理公告或公示版.pdf,.pdf,pdf_pypdf,5,五、环境保护措施监督检查清单 ..............................................................................55,E:\华南理工项目\环评文件汇总\01_GitHub项目与研究文档\eia-openclaw-sync-chen2026\05_QA测试集\人工核查_环评报告出处整理_20260715\环评报告文件_按正文一级章节拆分_20260727\PL072_佛山市至贤科技有限公司新建项目_01_受理公告或公示版\05_五、环境保护措施监督检查清单.md,1,96
E:\华南理工项目\环评文件汇总\01_GitHub项目与研究文档\eia-openclaw-sync-chen2026\05_QA测试集\人工核查_环评报告出处整理_20260715\环评报告文件_按问答顺序\PL072_佛山市至贤科技有限公司新建项目_01_受理公告或公示版.pdf,PL072_佛山市至贤科技有限公司新建项目_01_受理公告或公示版.pdf,.pdf,pdf_pypdf,6,六、结论 ...................................................................................................................... 57,E:\华南理工项目\环评文件汇总\01_GitHub项目与研究文档\eia-openclaw-sync-chen2026\05_QA测试集\人工核查_环评报告出处整理_20260715\环评报告文件_按正文一级章节拆分_20260727\PL072_佛山市至贤科技有限公司新建项目_01_受理公告或公示版\06_六、结论.md,1,127
E:\华南理工项目\环评文件汇总\01_GitHub项目与研究文档\eia-openclaw-sync-chen2026\05_QA测试集\人工核查_环评报告出处整理_20260715\环评报告文件_按问答顺序\PL072_佛山市至贤科技有限公司新建项目_01_受理公告或公示版.pdf,PL072_佛山市至贤科技有限公司新建项目_01_受理公告或公示版.pdf,.pdf,pdf_pypdf,7,附表附图附件,E:\华南理工项目\环评文件汇总\01_GitHub项目与研究文档\eia-openclaw-sync-chen2026\05_QA测试集\人工核查_环评报告出处整理_20260715\环评报告文件_按正文一级章节拆分_20260727\PL072_佛山市至贤科技有限公司新建项目_01_受理公告或公示版\07_附表附图附件.md,20,1538
E:\华南理工项目\环评文件汇总\01_GitHub项目与研究文档\eia-openclaw-sync-chen2026\05_QA测试集\人工核查_环评报告出处整理_20260715\环评报告文件_按问答顺序\PL072_佛山市至贤科技有限公司新建项目_01_受理公告或公示版.pdf,PL072_佛山市至贤科技有限公司新建项目_01_受理公告或公示版.pdf,.pdf,pdf_pypdf,8,一、建设项目基本情况,E:\华南理工项目\环评文件汇总\01_GitHub项目与研究文档\eia-openclaw-sync-chen2026\05_QA测试集\人工核查_环评报告出处整理_20260715\环评报告文件_按正文一级章节拆分_20260727\PL072_佛山市至贤科技有限公司新建项目_01_受理公告或公示版\08_一、建设项目基本情况.md,1030,15517
E:\华南理工项目\环评文件汇总\01_GitHub项目与研究文档\eia-openclaw-sync-chen2026\05_QA测试集\人工核查_环评报告出处整理_20260715\环评报告文件_按问答顺序\PL072_佛山市至贤科技有限公司新建项目_01_受理公告或公示版.pdf,PL072_佛山市至贤科技有限公司新建项目_01_受理公告或公示版.pdf,.pdf,pdf_pypdf,9,二、建设项目工程分析,E:\华南理工项目\环评文件汇总\01_GitHub项目与研究文档\eia-openclaw-sync-chen2026\05_QA测试集\人工核查_环评报告出处整理_20260715\环评报告文件_按正文一级章节拆分_20260727\PL072_佛山市至贤科技有限公司新建项目_01_受理公告或公示版\09_二、建设项目工程分析.md,370,5527
E:\华南理工项目\环评文件汇总\01_GitHub项目与研究文档\eia-openclaw-sync-chen2026\05_QA测试集\人工核查_环评报告出处整理_20260715\环评报告文件_按问答顺序\PL072_佛山市至贤科技有限公司新建项目_01_受理公告或公示版.pdf,PL072_佛山市至贤科技有限公司新建项目_01_受理公告或公示版.pdf,.pdf,pdf_pypdf,10,三、区域环境质量现状、环境保护目标及评价标准,E:\华南理工项目\环评文件汇总\01_GitHub项目与研究文档\eia-openclaw-sync-chen2026\05_QA测试集\人工核查_环评报告出处整理_20260715\环评报告文件_按正文一级章节拆分_20260727\PL072_佛山市至贤科技有限公司新建项目_01_受理公告或公示版\10_三、区域环境质量现状、环境保护目标及评价标准.md,69,1907
E:\华南理工项目\环评文件汇总\01_GitHub项目与研究文档\eia-openclaw-sync-chen2026\05_QA测试集\人工核查_环评报告出处整理_20260715\环评报告文件_按问答顺序\PL072_佛山市至贤科技有限公司新建项目_01_受理公告或公示版.pdf,PL072_佛山市至贤科技有限公司新建项目_01_受理公告或公示版.pdf,.pdf,pdf_pypdf,11,附表附图附件,E:\华南理工项目\环评文件汇总\01_GitHub项目与研究文档\eia-openclaw-sync-chen2026\05_QA测试集\人工核查_环评报告出处整理_20260715\环评报告文件_按正文一级章节拆分_20260727\PL072_佛山市至贤科技有限公司新建项目_01_受理公告或公示版\11_附表附图附件.md,173,3337
E:\华南理工项目\环评文件汇总\01_GitHub项目与研究文档\eia-openclaw-sync-chen2026\05_QA测试集\人工核查_环评报告出处整理_20260715\环评报告文件_按问答顺序\PL072_佛山市至贤科技有限公司新建项目_01_受理公告或公示版.pdf,PL072_佛山市至贤科技有限公司新建项目_01_受理公告或公示版.pdf,.pdf,pdf_pypdf,12,四、主要环境影响和保护措施,E:\华南理工项目\环评文件汇总\01_GitHub项目与研究文档\eia-openclaw-sync-chen2026\05_QA测试集\人工核查_环评报告出处整理_20260715\环评报告文件_按正文一级章节拆分_20260727\PL072_佛山市至贤科技有限公司新建项目_01_受理公告或公示版\12_四、主要环境影响和保护措施.md,1315,22122
E:\华南理工项目\环评文件汇总\01_GitHub项目与研究文档\eia-openclaw-sync-chen2026\05_QA测试集\人工核查_环评报告出处整理_20260715\环评报告文件_按问答顺序\PL072_佛山市至贤科技有限公司新建项目_01_受理公告或公示版.pdf,PL072_佛山市至贤科技有限公司新建项目_01_受理公告或公示版.pdf,.pdf,pdf_pypdf,13,五、环境保护措施监督检查清单,E:\华南理工项目\环评文件汇总\01_GitHub项目与研究文档\eia-openclaw-sync-chen2026\05_QA测试集\人工核查_环评报告出处整理_20260715\环评报告文件_按正文一级章节拆分_20260727\PL072_佛山市至贤科技有限公司新建项目_01_受理公告或公示版\13_五、环境保护措施监督检查清单.md,149,2663
E:\华南理工项目\环评文件汇总\01_GitHub项目与研究文档\eia-openclaw-sync-chen2026\05_QA测试集\人工核查_环评报告出处整理_20260715\环评报告文件_按问答顺序\PL072_佛山市至贤科技有限公司新建项目_01_受理公告或公示版.pdf,PL072_佛山市至贤科技有限公司新建项目_01_受理公告或公示版.pdf,.pdf,pdf_pypdf,14,六、结论,E:\华南理工项目\环评文件汇总\01_GitHub项目与研究文档\eia-openclaw-sync-chen2026\05_QA测试集\人工核查_环评报告出处整理_20260715\环评报告文件_按正文一级章节拆分_20260727\PL072_佛山市至贤科技有限公司新建项目_01_受理公告或公示版\14_六、结论.md,8,208
E:\华南理工项目\环评文件汇总\01_GitHub项目与研究文档\eia-openclaw-sync-chen2026\05_QA测试集\人工核查_环评报告出处整理_20260715\环评报告文件_按问答顺序\PL072_佛山市至贤科技有限公司新建项目_01_受理公告或公示版.pdf,PL072_佛山市至贤科技有限公司新建项目_01_受理公告或公示版.pdf,.pdf,pdf_pypdf,15,附表附图附件,E:\华南理工项目\环评文件汇总\01_GitHub项目与研究文档\eia-openclaw-sync-chen2026\05_QA测试集\人工核查_环评报告出处整理_20260715\环评报告文件_按正文一级章节拆分_20260727\PL072_佛山市至贤科技有限公司新建项目_01_受理公告或公示版\15_附表附图附件.md,130,1814
E:\华南理工项目\环评文件汇总\01_GitHub项目与研究文档\eia-openclaw-sync-chen2026\05_QA测试集\人工核查_环评报告出处整理_20260715\环评报告文件_按问答顺序\PL073_佛山市安邵塑胶制品有限公司新建项目_01_报批稿或报告表.pdf,PL073_佛山市安邵塑胶制品有限公司新建项目_01_报批稿或报告表.pdf,.pdf,pdf_pypdf,1,封面及目录,E:\华南理工项目\环评文件汇总\01_GitHub项目与研究文档\eia-openclaw-sync-chen2026\05_QA测试集\人工核查_环评报告出处整理_20260715\环评报告文件_按正文一级章节拆分_20260727\PL073_佛山市安邵塑胶制品有限公司新建项目_01_报批稿或报告表\01_封面及目录.md,9,140
E:\华南理工项目\环评文件汇总\01_GitHub项目与研究文档\eia-openclaw-sync-chen2026\05_QA测试集\人工核查_环评报告出处整理_20260715\环评报告文件_按问答顺序\PL073_佛山市安邵塑胶制品有限公司新建项目_01_报批稿或报告表.pdf,PL073_佛山市安邵塑胶制品有限公司新建项目_01_报批稿或报告表.pdf,.pdf,pdf_pypdf,2,一、建设项目基本情况 ............................................................................................................ 1,E:\华南理工项目\环评文件汇总\01_GitHub项目与研究文档\eia-openclaw-sync-chen2026\05_QA测试集\人工核查_环评报告出处整理_20260715\环评报告文件_按正文一级章节拆分_20260727\PL073_佛山市安邵塑胶制品有限公司新建项目_01_报批稿或报告表\02_一、建设项目基本情况.md,1,122
E:\华南理工项目\环评文件汇总\01_GitHub项目与研究文档\eia-openclaw-sync-chen2026\05_QA测试集\人工核查_环评报告出处整理_20260715\环评报告文件_按问答顺序\PL073_佛山市安邵塑胶制品有限公司新建项目_01_报批稿或报告表.pdf,PL073_佛山市安邵塑胶制品有限公司新建项目_01_报批稿或报告表.pdf,.pdf,pdf_pypdf,3,二、建设项目工程分析 .......................................................................................................... 15,E:\华南理工项目\环评文件汇总\01_GitHub项目与研究文档\eia-openclaw-sync-chen2026\05_QA测试集\人工核查_环评报告出处整理_20260715\环评报告文件_按正文一级章节拆分_20260727\PL073_佛山市安邵塑胶制品有限公司新建项目_01_报批稿或报告表\03_二、建设项目工程分析.md,2,206
E:\华南理工项目\环评文件汇总\01_GitHub项目与研究文档\eia-openclaw-sync-chen2026\05_QA测试集\人工核查_环评报告出处整理_20260715\环评报告文件_按问答顺序\PL073_佛山市安邵塑胶制品有限公司新建项目_01_报批稿或报告表.pdf,PL073_佛山市安邵塑胶制品有限公司新建项目_01_报批稿或报告表.pdf,.pdf,pdf_pypdf,4,四、主要环境影响和保护措施 .............................................................................................. 34,E:\华南理工项目\环评文件汇总\01_GitHub项目与研究文档\eia-openclaw-sync-chen2026\05_QA测试集\人工核查_环评报告出处整理_20260715\环评报告文件_按正文一级章节拆分_20260727\PL073_佛山市安邵塑胶制品有限公司新建项目_01_报批稿或报告表\04_四、主要环境影响和保护措施.md,1,112
E:\华南理工项目\环评文件汇总\01_GitHub项目与研究文档\eia-openclaw-sync-chen2026\05_QA测试集\人工核查_环评报告出处整理_20260715\环评报告文件_按问答顺序\PL073_佛山市安邵塑胶制品有限公司新建项目_01_报批稿或报告表.pdf,PL073_佛山市安邵塑胶制品有限公司新建项目_01_报批稿或报告表.pdf,.pdf,pdf_pypdf,5,五、环境保护措施监督检查清单 .......................................................................................... 57,E:\华南理工项目\环评文件汇总\01_GitHub项目与研究文档\eia-openclaw-sync-chen2026\05_QA测试集\人工核查_环评报告出处整理_20260715\环评报告文件_按正文一级章节拆分_20260727\PL073_佛山市安邵塑胶制品有限公司新建项目_01_报批稿或报告表\05_五、环境保护措施监督检查清单.md,1,109
E:\华南理工项目\环评文件汇总\01_GitHub项目与研究文档\eia-openclaw-sync-chen2026\05_QA测试集\人工核查_环评报告出处整理_20260715\环评报告文件_按问答顺序\PL073_佛山市安邵塑胶制品有限公司新建项目_01_报批稿或报告表.pdf,PL073_佛山市安邵塑胶制品有限公司新建项目_01_报批稿或报告表.pdf,.pdf,pdf_pypdf,6,六、结论 .................................................................................................................................. 61,E:\华南理工项目\环评文件汇总\01_GitHub项目与研究文档\eia-openclaw-sync-chen2026\05_QA测试集\人工核查_环评报告出处整理_20260715\环评报告文件_按正文一级章节拆分_20260727\PL073_佛山市安邵塑胶制品有限公司新建项目_01_报批稿或报告表\06_六、结论.md,1,139
E:\华南理工项目\环评文件汇总\01_GitHub项目与研究文档\eia-openclaw-sync-chen2026\05_QA测试集\人工核查_环评报告出处整理_20260715\环评报告文件_按问答顺序\PL073_佛山市安邵塑胶制品有限公司新建项目_01_报批稿或报告表.pdf,PL073_佛山市安邵塑胶制品有限公司新建项目_01_报批稿或报告表.pdf,.pdf,pdf_pypdf,7,附表附图附件,E:\华南理工项目\环评文件汇总\01_GitHub项目与研究文档\eia-openclaw-sync-chen2026\05_QA测试集\人工核查_环评报告出处整理_20260715\环评报告文件_按正文一级章节拆分_20260727\PL073_佛山市安邵塑胶制品有限公司新建项目_01_报批稿或报告表\07_附表附图附件.md,22,2255
E:\华南理工项目\环评文件汇总\01_GitHub项目与研究文档\eia-openclaw-sync-chen2026\05_QA测试集\人工核查_环评报告出处整理_20260715\环评报告文件_按问答顺序\PL073_佛山市安邵塑胶制品有限公司新建项目_01_报批稿或报告表.pdf,PL073_佛山市安邵塑胶制品有限公司新建项目_01_报批稿或报告表.pdf,.pdf,pdf_pypdf,8,一、建设项目基本情况,E:\华南理工项目\环评文件汇总\01_GitHub项目与研究文档\eia-openclaw-sync-chen2026\05_QA测试集\人工核查_环评报告出处整理_20260715\环评报告文件_按正文一级章节拆分_20260727\PL073_佛山市安邵塑胶制品有限公司新建项目_01_报批稿或报告表\08_一、建设项目基本情况.md,1043,14323
E:\华南理工项目\环评文件汇总\01_GitHub项目与研究文档\eia-openclaw-sync-chen2026\05_QA测试集\人工核查_环评报告出处整理_20260715\环评报告文件_按问答顺序\PL073_佛山市安邵塑胶制品有限公司新建项目_01_报批稿或报告表.pdf,PL073_佛山市安邵塑胶制品有限公司新建项目_01_报批稿或报告表.pdf,.pdf,pdf_pypdf,9,二、建设项目工程分析,E:\华南理工项目\环评文件汇总\01_GitHub项目与研究文档\eia-openclaw-sync-chen2026\05_QA测试集\人工核查_环评报告出处整理_20260715\环评报告文件_按正文一级章节拆分_20260727\PL073_佛山市安邵塑胶制品有限公司新建项目_01_报批稿或报告表\09_二、建设项目工程分析.md,445,9644
E:\华南理工项目\环评文件汇总\01_GitHub项目与研究文档\eia-openclaw-sync-chen2026\05_QA测试集\人工核查_环评报告出处整理_20260715\环评报告文件_按问答顺序\PL073_佛山市安邵塑胶制品有限公司新建项目_01_报批稿或报告表.pdf,PL073_佛山市安邵塑胶制品有限公司新建项目_01_报批稿或报告表.pdf,.pdf,pdf_pypdf,10,三、区域环境质量现状、环境保护目标及评价标准,E:\华南理工项目\环评文件汇总\01_GitHub项目与研究文档\eia-openclaw-sync-chen2026\05_QA测试集\人工核查_环评报告出处整理_20260715\环评报告文件_按正文一级章节拆分_20260727\PL073_佛山市安邵塑胶制品有限公司新建项目_01_报批稿或报告表\10_三、区域环境质量现状、环境保护目标及评价标准.md,48,1057
E:\华南理工项目\环评文件汇总\01_GitHub项目与研究文档\eia-openclaw-sync-chen2026\05_QA测试集\人工核查_环评报告出处整理_20260715\环评报告文件_按问答顺序\PL073_佛山市安邵塑胶制品有限公司新建项目_01_报批稿或报告表.pdf,PL073_佛山市安邵塑胶制品有限公司新建项目_01_报批稿或报告表.pdf,.pdf,pdf_pypdf,11,附表附图附件,E:\华南理工项目\环评文件汇总\01_GitHub项目与研究文档\eia-openclaw-sync-chen2026\05_QA测试集\人工核查_环评报告出处整理_20260715\环评报告文件_按正文一级章节拆分_20260727\PL073_佛山市安邵塑胶制品有限公司新建项目_01_报批稿或报告表\11_附表附图附件.md,251,4317
E:\华南理工项目\环评文件汇总\01_GitHub项目与研究文档\eia-openclaw-sync-chen2026\05_QA测试集\人工核查_环评报告出处整理_20260715\环评报告文件_按问答顺序\PL073_佛山市安邵塑胶制品有限公司新建项目_01_报批稿或报告表.pdf,PL073_佛山市安邵塑胶制品有限公司新建项目_01_报批稿或报告表.pdf,.pdf,pdf_pypdf,12,四、主要环境影响和保护措施,E:\华南理工项目\环评文件汇总\01_GitHub项目与研究文档\eia-openclaw-sync-chen2026\05_QA测试集\人工核查_环评报告出处整理_20260715\环评报告文件_按正文一级章节拆分_20260727\PL073_佛山市安邵塑胶制品有限公司新建项目_01_报批稿或报告表\12_四、主要环境影响和保护措施.md,1165,19349
E:\华南理工项目\环评文件汇总\01_GitHub项目与研究文档\eia-openclaw-sync-chen2026\05_QA测试集\人工核查_环评报告出处整理_20260715\环评报告文件_按问答顺序\PL073_佛山市安邵塑胶制品有限公司新建项目_01_报批稿或报告表.pdf,PL073_佛山市安邵塑胶制品有限公司新建项目_01_报批稿或报告表.pdf,.pdf,pdf_pypdf,13,五、环境保护措施监督检查清单,E:\华南理工项目\环评文件汇总\01_GitHub项目与研究文档\eia-openclaw-sync-chen2026\05_QA测试集\人工核查_环评报告出处整理_20260715\环评报告文件_按正文一级章节拆分_20260727\PL073_佛山市安邵塑胶制品有限公司新建项目_01_报批稿或报告表\13_五、环境保护措施监督检查清单.md,189,3145
E:\华南理工项目\环评文件汇总\01_GitHub项目与研究文档\eia-openclaw-sync-chen2026\05_QA测试集\人工核查_环评报告出处整理_20260715\环评报告文件_按问答顺序\PL073_佛山市安邵塑胶制品有限公司新建项目_01_报批稿或报告表.pdf,PL073_佛山市安邵塑胶制品有限公司新建项目_01_报批稿或报告表.pdf,.pdf,pdf_pypdf,14,六、结论,E:\华南理工项目\环评文件汇总\01_GitHub项目与研究文档\eia-openclaw-sync-chen2026\05_QA测试集\人工核查_环评报告出处整理_20260715\环评报告文件_按正文一级章节拆分_20260727\PL073_佛山市安邵塑胶制品有限公司新建项目_01_报批稿或报告表\14_六、结论.md,12,323
E:\华南理工项目\环评文件汇总\01_GitHub项目与研究文档\eia-openclaw-sync-chen2026\05_QA测试集\人工核查_环评报告出处整理_20260715\环评报告文件_按问答顺序\PL073_佛山市安邵塑胶制品有限公司新建项目_01_报批稿或报告表.pdf,PL073_佛山市安邵塑胶制品有限公司新建项目_01_报批稿或报告表.pdf,.pdf,pdf_pypdf,15,附表附图附件,E:\华南理工项目\环评文件汇总\01_GitHub项目与研究文档\eia-openclaw-sync-chen2026\05_QA测试集\人工核查_环评报告出处整理_20260715\环评报告文件_按正文一级章节拆分_20260727\PL073_佛山市安邵塑胶制品有限公司新建项目_01_报批稿或报告表\15_附表附图附件.md,201,3345
E:\华南理工项目\环评文件汇总\01_GitHub项目与研究文档\eia-openclaw-sync-chen2026\05_QA测试集\人工核查_环评报告出处整理_20260715\环评报告文件_按问答顺序\PL074_佛山市思莱拓科技有限公司新建项目_01_受理公告或公示版.pdf,PL074_佛山市思莱拓科技有限公司新建项目_01_受理公告或公示版.pdf,.pdf,pdf_pypdf,1,封面及目录,E:\华南理工项目\环评文件汇总\01_GitHub项目与研究文档\eia-openclaw-sync-chen2026\05_QA测试集\人工核查_环评报告出处整理_20260715\环评报告文件_按正文一级章节拆分_20260727\PL074_佛山市思莱拓科技有限公司新建项目_01_受理公告或公示版\01_封面及目录.md,2,25
E:\华南理工项目\环评文件汇总\01_GitHub项目与研究文档\eia-openclaw-sync-chen2026\05_QA测试集\人工核查_环评报告出处整理_20260715\环评报告文件_按问答顺序\PL074_佛山市思莱拓科技有限公司新建项目_01_受理公告或公示版.pdf,PL074_佛山市思莱拓科技有限公司新建项目_01_受理公告或公示版.pdf,.pdf,pdf_pypdf,2,一、建设项目基本情况 ....................................................................................................................... 1,E:\华南理工项目\环评文件汇总\01_GitHub项目与研究文档\eia-openclaw-sync-chen2026\05_QA测试集\人工核查_环评报告出处整理_20260715\环评报告文件_按正文一级章节拆分_20260727\PL074_佛山市思莱拓科技有限公司新建项目_01_受理公告或公示版\02_一、建设项目基本情况.md,1,133
E:\华南理工项目\环评文件汇总\01_GitHub项目与研究文档\eia-openclaw-sync-chen2026\05_QA测试集\人工核查_环评报告出处整理_20260715\环评报告文件_按问答顺序\PL074_佛山市思莱拓科技有限公司新建项目_01_受理公告或公示版.pdf,PL074_佛山市思莱拓科技有限公司新建项目_01_受理公告或公示版.pdf,.pdf,pdf_pypdf,3,二、建设项目工程分析 ..................................................................................................................... 13,E:\华南理工项目\环评文件汇总\01_GitHub项目与研究文档\eia-openclaw-sync-chen2026\05_QA测试集\人工核查_环评报告出处整理_20260715\环评报告文件_按正文一级章节拆分_20260727\PL074_佛山市思莱拓科技有限公司新建项目_01_受理公告或公示版\03_二、建设项目工程分析.md,2,228
E:\华南理工项目\环评文件汇总\01_GitHub项目与研究文档\eia-openclaw-sync-chen2026\05_QA测试集\人工核查_环评报告出处整理_20260715\环评报告文件_按问答顺序\PL074_佛山市思莱拓科技有限公司新建项目_01_受理公告或公示版.pdf,PL074_佛山市思莱拓科技有限公司新建项目_01_受理公告或公示版.pdf,.pdf,pdf_pypdf,4,四、 主要环境影响和保护措施 ....................................................................................................... 26,E:\华南理工项目\环评文件汇总\01_GitHub项目与研究文档\eia-openclaw-sync-chen2026\05_QA测试集\人工核查_环评报告出处整理_20260715\环评报告文件_按正文一级章节拆分_20260727\PL074_佛山市思莱拓科技有限公司新建项目_01_受理公告或公示版\04_四、_主要环境影响和保护措施.md,1,122
E:\华南理工项目\环评文件汇总\01_GitHub项目与研究文档\eia-openclaw-sync-chen2026\05_QA测试集\人工核查_环评报告出处整理_20260715\环评报告文件_按问答顺序\PL074_佛山市思莱拓科技有限公司新建项目_01_受理公告或公示版.pdf,PL074_佛山市思莱拓科技有限公司新建项目_01_受理公告或公示版.pdf,.pdf,pdf_pypdf,5,五、环境保护措施监督检查清单 ..................................................................................................... 50,E:\华南理工项目\环评文件汇总\01_GitHub项目与研究文档\eia-openclaw-sync-chen2026\05_QA测试集\人工核查_环评报告出处整理_20260715\环评报告文件_按正文一级章节拆分_20260727\PL074_佛山市思莱拓科技有限公司新建项目_01_受理公告或公示版\05_五、环境保护措施监督检查清单.md,1,120
E:\华南理工项目\环评文件汇总\01_GitHub项目与研究文档\eia-openclaw-sync-chen2026\05_QA测试集\人工核查_环评报告出处整理_20260715\环评报告文件_按问答顺序\PL074_佛山市思莱拓科技有限公司新建项目_01_受理公告或公示版.pdf,PL074_佛山市思莱拓科技有限公司新建项目_01_受理公告或公示版.pdf,.pdf,pdf_pypdf,6,六、结论 ............................................................................................................................................. 53,E:\华南理工项目\环评文件汇总\01_GitHub项目与研究文档\eia-openclaw-sync-chen2026\05_QA测试集\人工核查_环评报告出处整理_20260715\环评报告文件_按正文一级章节拆分_20260727\PL074_佛山市思莱拓科技有限公司新建项目_01_受理公告或公示版\06_六、结论.md,2,273
E:\华南理工项目\环评文件汇总\01_GitHub项目与研究文档\eia-openclaw-sync-chen2026\05_QA测试集\人工核查_环评报告出处整理_20260715\环评报告文件_按问答顺序\PL074_佛山市思莱拓科技有限公司新建项目_01_受理公告或公示版.pdf,PL074_佛山市思莱拓科技有限公司新建项目_01_受理公告或公示版.pdf,.pdf,pdf_pypdf,7,附表附图附件,E:\华南理工项目\环评文件汇总\01_GitHub项目与研究文档\eia-openclaw-sync-chen2026\05_QA测试集\人工核查_环评报告出处整理_20260715\环评报告文件_按正文一级章节拆分_20260727\PL074_佛山市思莱拓科技有限公司新建项目_01_受理公告或公示版\07_附表附图附件.md,20,2221
E:\华南理工项目\环评文件汇总\01_GitHub项目与研究文档\eia-openclaw-sync-chen2026\05_QA测试集\人工核查_环评报告出处整理_20260715\环评报告文件_按问答顺序\PL074_佛山市思莱拓科技有限公司新建项目_01_受理公告或公示版.pdf,PL074_佛山市思莱拓科技有限公司新建项目_01_受理公告或公示版.pdf,.pdf,pdf_pypdf,8,一、建设项目基本情况,E:\华南理工项目\环评文件汇总\01_GitHub项目与研究文档\eia-openclaw-sync-chen2026\05_QA测试集\人工核查_环评报告出处整理_20260715\环评报告文件_按正文一级章节拆分_20260727\PL074_佛山市思莱拓科技有限公司新建项目_01_受理公告或公示版\08_一、建设项目基本情况.md,872,14925
E:\华南理工项目\环评文件汇总\01_GitHub项目与研究文档\eia-openclaw-sync-chen2026\05_QA测试集\人工核查_环评报告出处整理_20260715\环评报告文件_按问答顺序\PL074_佛山市思莱拓科技有限公司新建项目_01_受理公告或公示版.pdf,PL074_佛山市思莱拓科技有限公司新建项目_01_受理公告或公示版.pdf,.pdf,pdf_pypdf,9,二、建设项目工程分析,E:\华南理工项目\环评文件汇总\01_GitHub项目与研究文档\eia-openclaw-sync-chen2026\05_QA测试集\人工核查_环评报告出处整理_20260715\环评报告文件_按正文一级章节拆分_20260727\PL074_佛山市思莱拓科技有限公司新建项目_01_受理公告或公示版\09_二、建设项目工程分析.md,344,6654
E:\华南理工项目\环评文件汇总\01_GitHub项目与研究文档\eia-openclaw-sync-chen2026\05_QA测试集\人工核查_环评报告出处整理_20260715\环评报告文件_按问答顺序\PL074_佛山市思莱拓科技有限公司新建项目_01_受理公告或公示版.pdf,PL074_佛山市思莱拓科技有限公司新建项目_01_受理公告或公示版.pdf,.pdf,pdf_pypdf,10,三、区域环境质量现状、环境保护目标及评价标准,E:\华南理工项目\环评文件汇总\01_GitHub项目与研究文档\eia-openclaw-sync-chen2026\05_QA测试集\人工核查_环评报告出处整理_20260715\环评报告文件_按正文一级章节拆分_20260727\PL074_佛山市思莱拓科技有限公司新建项目_01_受理公告或公示版\10_三、区域环境质量现状、环境保护目标及评价标准.md,245,4937
E:\华南理工项目\环评文件汇总\01_GitHub项目与研究文档\eia-openclaw-sync-chen2026\05_QA测试集\人工核查_环评报告出处整理_20260715\环评报告文件_按问答顺序\PL074_佛山市思莱拓科技有限公司新建项目_01_受理公告或公示版.pdf,PL074_佛山市思莱拓科技有限公司新建项目_01_受理公告或公示版.pdf,.pdf,pdf_pypdf,11,四、主要环境影响和保护措施,E:\华南理工项目\环评文件汇总\01_GitHub项目与研究文档\eia-openclaw-sync-chen2026\05_QA测试集\人工核查_环评报告出处整理_20260715\环评报告文件_按正文一级章节拆分_20260727\PL074_佛山市思莱拓科技有限公司新建项目_01_受理公告或公示版\11_四、主要环境影响和保护措施.md,1341,24365
E:\华南理工项目\环评文件汇总\01_GitHub项目与研究文档\eia-openclaw-sync-chen2026\05_QA测试集\人工核查_环评报告出处整理_20260715\环评报告文件_按问答顺序\PL074_佛山市思莱拓科技有限公司新建项目_01_受理公告或公示版.pdf,PL074_佛山市思莱拓科技有限公司新建项目_01_受理公告或公示版.pdf,.pdf,pdf_pypdf,12,五、环境保护措施监督检查清单,E:\华南理工项目\环评文件汇总\01_GitHub项目与研究文档\eia-openclaw-sync-chen2026\05_QA测试集\人工核查_环评报告出处整理_20260715\环评报告文件_按正文一级章节拆分_20260727\PL074_佛山市思莱拓科技有限公司新建项目_01_受理公告或公示版\12_五、环境保护措施监督检查清单.md,142,2464
E:\华南理工项目\环评文件汇总\01_GitHub项目与研究文档\eia-openclaw-sync-chen2026\05_QA测试集\人工核查_环评报告出处整理_20260715\环评报告文件_按问答顺序\PL074_佛山市思莱拓科技有限公司新建项目_01_受理公告或公示版.pdf,PL074_佛山市思莱拓科技有限公司新建项目_01_受理公告或公示版.pdf,.pdf,pdf_pypdf,13,六、结论,E:\华南理工项目\环评文件汇总\01_GitHub项目与研究文档\eia-openclaw-sync-chen2026\05_QA测试集\人工核查_环评报告出处整理_20260715\环评报告文件_按正文一级章节拆分_20260727\PL074_佛山市思莱拓科技有限公司新建项目_01_受理公告或公示版\13_六、结论.md,7,208
E:\华南理工项目\环评文件汇总\01_GitHub项目与研究文档\eia-openclaw-sync-chen2026\05_QA测试集\人工核查_环评报告出处整理_20260715\环评报告文件_按问答顺序\PL074_佛山市思莱拓科技有限公司新建项目_01_受理公告或公示版.pdf,PL074_佛山市思莱拓科技有限公司新建项目_01_受理公告或公示版.pdf,.pdf,pdf_pypdf,14,附表附图附件,E:\华南理工项目\环评文件汇总\01_GitHub项目与研究文档\eia-openclaw-sync-chen2026\05_QA测试集\人工核查_环评报告出处整理_20260715\环评报告文件_按正文一级章节拆分_20260727\PL074_佛山市思莱拓科技有限公司新建项目_01_受理公告或公示版\14_附表附图附件.md,91,1495
E:\华南理工项目\环评文件汇总\01_GitHub项目与研究文档\eia-openclaw-sync-chen2026\05_QA测试集\人工核查_环评报告出处整理_20260715\环评报告文件_按问答顺序\PL075_佛山市昊芸照明有限公司新建项目_01_受理公告或公示版.pdf,PL075_佛山市昊芸照明有限公司新建项目_01_受理公告或公示版.pdf,.pdf,pdf_pypdf,1,封面及目录,E:\华南理工项目\环评文件汇总\01_GitHub项目与研究文档\eia-openclaw-sync-chen2026\05_QA测试集\人工核查_环评报告出处整理_20260715\环评报告文件_按正文一级章节拆分_20260727\PL075_佛山市昊芸照明有限公司新建项目_01_受理公告或公示版\01_封面及目录.md,2,24
E:\华南理工项目\环评文件汇总\01_GitHub项目与研究文档\eia-openclaw-sync-chen2026\05_QA测试集\人工核查_环评报告出处整理_20260715\环评报告文件_按问答顺序\PL075_佛山市昊芸照明有限公司新建项目_01_受理公告或公示版.pdf,PL075_佛山市昊芸照明有限公司新建项目_01_受理公告或公示版.pdf,.pdf,pdf_pypdf,2,一、建设项目基本情况 ....................................................................................................... - 1 -,E:\华南理工项目\环评文件汇总\01_GitHub项目与研究文档\eia-openclaw-sync-chen2026\05_QA测试集\人工核查_环评报告出处整理_20260715\环评报告文件_按正文一级章节拆分_20260727\PL075_佛山市昊芸照明有限公司新建项目_01_受理公告或公示版\02_一、建设项目基本情况.md,1,121
E:\华南理工项目\环评文件汇总\01_GitHub项目与研究文档\eia-openclaw-sync-chen2026\05_QA测试集\人工核查_环评报告出处整理_20260715\环评报告文件_按问答顺序\PL075_佛山市昊芸照明有限公司新建项目_01_受理公告或公示版.pdf,PL075_佛山市昊芸照明有限公司新建项目_01_受理公告或公示版.pdf,.pdf,pdf_pypdf,3,二、建设项目工程分析 ..................................................................................................... - 10 -,E:\华南理工项目\环评文件汇总\01_GitHub项目与研究文档\eia-openclaw-sync-chen2026\05_QA测试集\人工核查_环评报告出处整理_20260715\环评报告文件_按正文一级章节拆分_20260727\PL075_佛山市昊芸照明有限公司新建项目_01_受理公告或公示版\03_二、建设项目工程分析.md,1,120
E:\华南理工项目\环评文件汇总\01_GitHub项目与研究文档\eia-openclaw-sync-chen2026\05_QA测试集\人工核查_环评报告出处整理_20260715\环评报告文件_按问答顺序\PL075_佛山市昊芸照明有限公司新建项目_01_受理公告或公示版.pdf,PL075_佛山市昊芸照明有限公司新建项目_01_受理公告或公示版.pdf,.pdf,pdf_pypdf,4,三、区域环境质量现状、环境保护目标及评价标准 ..................................................... - 25 -,E:\华南理工项目\环评文件汇总\01_GitHub项目与研究文档\eia-openclaw-sync-chen2026\05_QA测试集\人工核查_环评报告出处整理_20260715\环评报告文件_按正文一级章节拆分_20260727\PL075_佛山市昊芸照明有限公司新建项目_01_受理公告或公示版\04_三、区域环境质量现状、环境保护目标及评价标准.md,1,84
E:\华南理工项目\环评文件汇总\01_GitHub项目与研究文档\eia-openclaw-sync-chen2026\05_QA测试集\人工核查_环评报告出处整理_20260715\环评报告文件_按问答顺序\PL075_佛山市昊芸照明有限公司新建项目_01_受理公告或公示版.pdf,PL075_佛山市昊芸照明有限公司新建项目_01_受理公告或公示版.pdf,.pdf,pdf_pypdf,5,四、主要环境影响和保护措施 ......................................................................................... - 31 -,E:\华南理工项目\环评文件汇总\01_GitHub项目与研究文档\eia-openclaw-sync-chen2026\05_QA测试集\人工核查_环评报告出处整理_20260715\环评报告文件_按正文一级章节拆分_20260727\PL075_佛山市昊芸照明有限公司新建项目_01_受理公告或公示版\05_四、主要环境影响和保护措施.md,1,111
E:\华南理工项目\环评文件汇总\01_GitHub项目与研究文档\eia-openclaw-sync-chen2026\05_QA测试集\人工核查_环评报告出处整理_20260715\环评报告文件_按问答顺序\PL075_佛山市昊芸照明有限公司新建项目_01_受理公告或公示版.pdf,PL075_佛山市昊芸照明有限公司新建项目_01_受理公告或公示版.pdf,.pdf,pdf_pypdf,6,五、环境保护措施监督检查清单 ..................................................................................... - 56 -,E:\华南理工项目\环评文件汇总\01_GitHub项目与研究文档\eia-openclaw-sync-chen2026\05_QA测试集\人工核查_环评报告出处整理_20260715\环评报告文件_按正文一级章节拆分_20260727\PL075_佛山市昊芸照明有限公司新建项目_01_受理公告或公示版\06_五、环境保护措施监督检查清单.md,1,108
E:\华南理工项目\环评文件汇总\01_GitHub项目与研究文档\eia-openclaw-sync-chen2026\05_QA测试集\人工核查_环评报告出处整理_20260715\环评报告文件_按问答顺序\PL075_佛山市昊芸照明有限公司新建项目_01_受理公告或公示版.pdf,PL075_佛山市昊芸照明有限公司新建项目_01_受理公告或公示版.pdf,.pdf,pdf_pypdf,7,六、结论 ............................................................................................................................. - 59 -,E:\华南理工项目\环评文件汇总\01_GitHub项目与研究文档\eia-openclaw-sync-chen2026\05_QA测试集\人工核查_环评报告出处整理_20260715\环评报告文件_按正文一级章节拆分_20260727\PL075_佛山市昊芸照明有限公司新建项目_01_受理公告或公示版\07_六、结论.md,1,138
E:\华南理工项目\环评文件汇总\01_GitHub项目与研究文档\eia-openclaw-sync-chen2026\05_QA测试集\人工核查_环评报告出处整理_20260715\环评报告文件_按问答顺序\PL075_佛山市昊芸照明有限公司新建项目_01_受理公告或公示版.pdf,PL075_佛山市昊芸照明有限公司新建项目_01_受理公告或公示版.pdf,.pdf,pdf_pypdf,8,附表附图附件,E:\华南理工项目\环评文件汇总\01_GitHub项目与研究文档\eia-openclaw-sync-chen2026\05_QA测试集\人工核查_环评报告出处整理_20260715\环评报告文件_按正文一级章节拆分_20260727\PL075_佛山市昊芸照明有限公司新建项目_01_受理公告或公示版\08_附表附图附件.md,20,424
E:\华南理工项目\环评文件汇总\01_GitHub项目与研究文档\eia-openclaw-sync-chen2026\05_QA测试集\人工核查_环评报告出处整理_20260715\环评报告文件_按问答顺序\PL075_佛山市昊芸照明有限公司新建项目_01_受理公告或公示版.pdf,PL075_佛山市昊芸照明有限公司新建项目_01_受理公告或公示版.pdf,.pdf,pdf_pypdf,9,一、建设项目基本情况,E:\华南理工项目\环评文件汇总\01_GitHub项目与研究文档\eia-openclaw-sync-chen2026\05_QA测试集\人工核查_环评报告出处整理_20260715\环评报告文件_按正文一级章节拆分_20260727\PL075_佛山市昊芸照明有限公司新建项目_01_受理公告或公示版\09_一、建设项目基本情况.md,465,10003
E:\华南理工项目\环评文件汇总\01_GitHub项目与研究文档\eia-openclaw-sync-chen2026\05_QA测试集\人工核查_环评报告出处整理_20260715\环评报告文件_按问答顺序\PL075_佛山市昊芸照明有限公司新建项目_01_受理公告或公示版.pdf,PL075_佛山市昊芸照明有限公司新建项目_01_受理公告或公示版.pdf,.pdf,pdf_pypdf,10,二、建设项目工程分析,E:\华南理工项目\环评文件汇总\01_GitHub项目与研究文档\eia-openclaw-sync-chen2026\05_QA测试集\人工核查_环评报告出处整理_20260715\环评报告文件_按正文一级章节拆分_20260727\PL075_佛山市昊芸照明有限公司新建项目_01_受理公告或公示版\10_二、建设项目工程分析.md,553,11895
E:\华南理工项目\环评文件汇总\01_GitHub项目与研究文档\eia-openclaw-sync-chen2026\05_QA测试集\人工核查_环评报告出处整理_20260715\环评报告文件_按问答顺序\PL075_佛山市昊芸照明有限公司新建项目_01_受理公告或公示版.pdf,PL075_佛山市昊芸照明有限公司新建项目_01_受理公告或公示版.pdf,.pdf,pdf_pypdf,11,三、区域环境质量现状、环境保护目标及评价标准,E:\华南理工项目\环评文件汇总\01_GitHub项目与研究文档\eia-openclaw-sync-chen2026\05_QA测试集\人工核查_环评报告出处整理_20260715\环评报告文件_按正文一级章节拆分_20260727\PL075_佛山市昊芸照明有限公司新建项目_01_受理公告或公示版\11_三、区域环境质量现状、环境保护目标及评价标准.md,300,5747
E:\华南理工项目\环评文件汇总\01_GitHub项目与研究文档\eia-openclaw-sync-chen2026\05_QA测试集\人工核查_环评报告出处整理_20260715\环评报告文件_按问答顺序\PL075_佛山市昊芸照明有限公司新建项目_01_受理公告或公示版.pdf,PL075_佛山市昊芸照明有限公司新建项目_01_受理公告或公示版.pdf,.pdf,pdf_pypdf,12,四、主要环境影响和保护措施,E:\华南理工项目\环评文件汇总\01_GitHub项目与研究文档\eia-openclaw-sync-chen2026\05_QA测试集\人工核查_环评报告出处整理_20260715\环评报告文件_按正文一级章节拆分_20260727\PL075_佛山市昊芸照明有限公司新建项目_01_受理公告或公示版\12_四、主要环境影响和保护措施.md,1219,23688
E:\华南理工项目\环评文件汇总\01_GitHub项目与研究文档\eia-openclaw-sync-chen2026\05_QA测试集\人工核查_环评报告出处整理_20260715\环评报告文件_按问答顺序\PL075_佛山市昊芸照明有限公司新建项目_01_受理公告或公示版.pdf,PL075_佛山市昊芸照明有限公司新建项目_01_受理公告或公示版.pdf,.pdf,pdf_pypdf,13,五、环境保护措施监督检查清单,E:\华南理工项目\环评文件汇总\01_GitHub项目与研究文档\eia-openclaw-sync-chen2026\05_QA测试集\人工核查_环评报告出处整理_20260715\环评报告文件_按正文一级章节拆分_20260727\PL075_佛山市昊芸照明有限公司新建项目_01_受理公告或公示版\13_五、环境保护措施监督检查清单.md,191,3074
E:\华南理工项目\环评文件汇总\01_GitHub项目与研究文档\eia-openclaw-sync-chen2026\05_QA测试集\人工核查_环评报告出处整理_20260715\环评报告文件_按问答顺序\PL075_佛山市昊芸照明有限公司新建项目_01_受理公告或公示版.pdf,PL075_佛山市昊芸照明有限公司新建项目_01_受理公告或公示版.pdf,.pdf,pdf_pypdf,14,六、结论,E:\华南理工项目\环评文件汇总\01_GitHub项目与研究文档\eia-openclaw-sync-chen2026\05_QA测试集\人工核查_环评报告出处整理_20260715\环评报告文件_按正文一级章节拆分_20260727\PL075_佛山市昊芸照明有限公司新建项目_01_受理公告或公示版\14_六、结论.md,8,212
E:\华南理工项目\环评文件汇总\01_GitHub项目与研究文档\eia-openclaw-sync-chen2026\05_QA测试集\人工核查_环评报告出处整理_20260715\环评报告文件_按问答顺序\PL075_佛山市昊芸照明有限公司新建项目_01_受理公告或公示版.pdf,PL075_佛山市昊芸照明有限公司新建项目_01_受理公告或公示版.pdf,.pdf,pdf_pypdf,15,附表附图附件,E:\华南理工项目\环评文件汇总\01_GitHub项目与研究文档\eia-openclaw-sync-chen2026\05_QA测试集\人工核查_环评报告出处整理_20260715\环评报告文件_按正文一级章节拆分_20260727\PL075_佛山市昊芸照明有限公司新建项目_01_受理公告或公示版\15_附表附图附件.md,80,1306
E:\华南理工项目\环评文件汇总\01_GitHub项目与研究文档\eia-openclaw-sync-chen2026\05_QA测试集\人工核查_环评报告出处整理_20260715\环评报告文件_按问答顺序\PL076_佛山市友帝塑料制品有限公司扩建项目_01_受理公告或公示版.pdf,PL076_佛山市友帝塑料制品有限公司扩建项目_01_受理公告或公示版.pdf,.pdf,pdf_pypdf,1,封面及目录,E:\华南理工项目\环评文件汇总\01_GitHub项目与研究文档\eia-openclaw-sync-chen2026\05_QA测试集\人工核查_环评报告出处整理_20260715\环评报告文件_按正文一级章节拆分_20260727\PL076_佛山市友帝塑料制品有限公司扩建项目_01_受理公告或公示版\01_封面及目录.md,2,25
E:\华南理工项目\环评文件汇总\01_GitHub项目与研究文档\eia-openclaw-sync-chen2026\05_QA测试集\人工核查_环评报告出处整理_20260715\环评报告文件_按问答顺序\PL076_佛山市友帝塑料制品有限公司扩建项目_01_受理公告或公示版.pdf,PL076_佛山市友帝塑料制品有限公司扩建项目_01_受理公告或公示版.pdf,.pdf,pdf_pypdf,2,一、建设项目基本情况 ................................................................................................................................... 1,E:\华南理工项目\环评文件汇总\01_GitHub项目与研究文档\eia-openclaw-sync-chen2026\05_QA测试集\人工核查_环评报告出处整理_20260715\环评报告文件_按正文一级章节拆分_20260727\PL076_佛山市友帝塑料制品有限公司扩建项目_01_受理公告或公示版\02_一、建设项目基本情况.md,1,145
E:\华南理工项目\环评文件汇总\01_GitHub项目与研究文档\eia-openclaw-sync-chen2026\05_QA测试集\人工核查_环评报告出处整理_20260715\环评报告文件_按问答顺序\PL076_佛山市友帝塑料制品有限公司扩建项目_01_受理公告或公示版.pdf,PL076_佛山市友帝塑料制品有限公司扩建项目_01_受理公告或公示版.pdf,.pdf,pdf_pypdf,3,二、建设项目工程分析 ................................................................................................................................. 15,E:\华南理工项目\环评文件汇总\01_GitHub项目与研究文档\eia-openclaw-sync-chen2026\05_QA测试集\人工核查_环评报告出处整理_20260715\环评报告文件_按正文一级章节拆分_20260727\PL076_佛山市友帝塑料制品有限公司扩建项目_01_受理公告或公示版\03_二、建设项目工程分析.md,2,251
E:\华南理工项目\环评文件汇总\01_GitHub项目与研究文档\eia-openclaw-sync-chen2026\05_QA测试集\人工核查_环评报告出处整理_20260715\环评报告文件_按问答顺序\PL076_佛山市友帝塑料制品有限公司扩建项目_01_受理公告或公示版.pdf,PL076_佛山市友帝塑料制品有限公司扩建项目_01_受理公告或公示版.pdf,.pdf,pdf_pypdf,4,四、主要环境影响和保护措施 ..................................................................................................................... 37,E:\华南理工项目\环评文件汇总\01_GitHub项目与研究文档\eia-openclaw-sync-chen2026\05_QA测试集\人工核查_环评报告出处整理_20260715\环评报告文件_按正文一级章节拆分_20260727\PL076_佛山市友帝塑料制品有限公司扩建项目_01_受理公告或公示版\04_四、主要环境影响和保护措施.md,1,135
E:\华南理工项目\环评文件汇总\01_GitHub项目与研究文档\eia-openclaw-sync-chen2026\05_QA测试集\人工核查_环评报告出处整理_20260715\环评报告文件_按问答顺序\PL076_佛山市友帝塑料制品有限公司扩建项目_01_受理公告或公示版.pdf,PL076_佛山市友帝塑料制品有限公司扩建项目_01_受理公告或公示版.pdf,.pdf,pdf_pypdf,5,五、环境保护措施监督检查清单 .................................................................................................................59,E:\华南理工项目\环评文件汇总\01_GitHub项目与研究文档\eia-openclaw-sync-chen2026\05_QA测试集\人工核查_环评报告出处整理_20260715\环评报告文件_按正文一级章节拆分_20260727\PL076_佛山市友帝塑料制品有限公司扩建项目_01_受理公告或公示版\05_五、环境保护措施监督检查清单.md,1,131
E:\华南理工项目\环评文件汇总\01_GitHub项目与研究文档\eia-openclaw-sync-chen2026\05_QA测试集\人工核查_环评报告出处整理_20260715\环评报告文件_按问答顺序\PL076_佛山市友帝塑料制品有限公司扩建项目_01_受理公告或公示版.pdf,PL076_佛山市友帝塑料制品有限公司扩建项目_01_受理公告或公示版.pdf,.pdf,pdf_pypdf,6,六、结论 ......................................................................................................................................................... 61,E:\华南理工项目\环评文件汇总\01_GitHub项目与研究文档\eia-openclaw-sync-chen2026\05_QA测试集\人工核查_环评报告出处整理_20260715\环评报告文件_按正文一级章节拆分_20260727\PL076_佛山市友帝塑料制品有限公司扩建项目_01_受理公告或公示版\06_六、结论.md,2,297
E:\华南理工项目\环评文件汇总\01_GitHub项目与研究文档\eia-openclaw-sync-chen2026\05_QA测试集\人工核查_环评报告出处整理_20260715\环评报告文件_按问答顺序\PL076_佛山市友帝塑料制品有限公司扩建项目_01_受理公告或公示版.pdf,PL076_佛山市友帝塑料制品有限公司扩建项目_01_受理公告或公示版.pdf,.pdf,pdf_pypdf,7,附表附图附件,E:\华南理工项目\环评文件汇总\01_GitHub项目与研究文档\eia-openclaw-sync-chen2026\05_QA测试集\人工核查_环评报告出处整理_20260715\环评报告文件_按正文一级章节拆分_20260727\PL076_佛山市友帝塑料制品有限公司扩建项目_01_受理公告或公示版\07_附表附图附件.md,23,2672
E:\华南理工项目\环评文件汇总\01_GitHub项目与研究文档\eia-openclaw-sync-chen2026\05_QA测试集\人工核查_环评报告出处整理_20260715\环评报告文件_按问答顺序\PL076_佛山市友帝塑料制品有限公司扩建项目_01_受理公告或公示版.pdf,PL076_佛山市友帝塑料制品有限公司扩建项目_01_受理公告或公示版.pdf,.pdf,pdf_pypdf,8,一、建设项目基本情况,E:\华南理工项目\环评文件汇总\01_GitHub项目与研究文档\eia-openclaw-sync-chen2026\05_QA测试集\人工核查_环评报告出处整理_20260715\环评报告文件_按正文一级章节拆分_20260727\PL076_佛山市友帝塑料制品有限公司扩建项目_01_受理公告或公示版\08_一、建设项目基本情况.md,117,1743
E:\华南理工项目\环评文件汇总\01_GitHub项目与研究文档\eia-openclaw-sync-chen2026\05_QA测试集\人工核查_环评报告出处整理_20260715\环评报告文件_按问答顺序\PL076_佛山市友帝塑料制品有限公司扩建项目_01_受理公告或公示版.pdf,PL076_佛山市友帝塑料制品有限公司扩建项目_01_受理公告或公示版.pdf,.pdf,pdf_pypdf,9,附表附图附件,E:\华南理工项目\环评文件汇总\01_GitHub项目与研究文档\eia-openclaw-sync-chen2026\05_QA测试集\人工核查_环评报告出处整理_20260715\环评报告文件_按正文一级章节拆分_20260727\PL076_佛山市友帝塑料制品有限公司扩建项目_01_受理公告或公示版\09_附表附图附件.md,1025,11838
E:\华南理工项目\环评文件汇总\01_GitHub项目与研究文档\eia-openclaw-sync-chen2026\05_QA测试集\人工核查_环评报告出处整理_20260715\环评报告文件_按问答顺序\PL076_佛山市友帝塑料制品有限公司扩建项目_01_受理公告或公示版.pdf,PL076_佛山市友帝塑料制品有限公司扩建项目_01_受理公告或公示版.pdf,.pdf,pdf_pypdf,10,二、建设项目工程分析,E:\华南理工项目\环评文件汇总\01_GitHub项目与研究文档\eia-openclaw-sync-chen2026\05_QA测试集\人工核查_环评报告出处整理_20260715\环评报告文件_按正文一级章节拆分_20260727\PL076_佛山市友帝塑料制品有限公司扩建项目_01_受理公告或公示版\10_二、建设项目工程分析.md,867,15100
E:\华南理工项目\环评文件汇总\01_GitHub项目与研究文档\eia-openclaw-sync-chen2026\05_QA测试集\人工核查_环评报告出处整理_20260715\环评报告文件_按问答顺序\PL076_佛山市友帝塑料制品有限公司扩建项目_01_受理公告或公示版.pdf,PL076_佛山市友帝塑料制品有限公司扩建项目_01_受理公告或公示版.pdf,.pdf,pdf_pypdf,11,三、区域环境质量现状、环境保护目标及评价标准,E:\华南理工项目\环评文件汇总\01_GitHub项目与研究文档\eia-openclaw-sync-chen2026\05_QA测试集\人工核查_环评报告出处整理_20260715\环评报告文件_按正文一级章节拆分_20260727\PL076_佛山市友帝塑料制品有限公司扩建项目_01_受理公告或公示版\11_三、区域环境质量现状、环境保护目标及评价标准.md,231,4861
E:\华南理工项目\环评文件汇总\01_GitHub项目与研究文档\eia-openclaw-sync-chen2026\05_QA测试集\人工核查_环评报告出处整理_20260715\环评报告文件_按问答顺序\PL076_佛山市友帝塑料制品有限公司扩建项目_01_受理公告或公示版.pdf,PL076_佛山市友帝塑料制品有限公司扩建项目_01_受理公告或公示版.pdf,.pdf,pdf_pypdf,12,四、主要环境影响和保护措施,E:\华南理工项目\环评文件汇总\01_GitHub项目与研究文档\eia-openclaw-sync-chen2026\05_QA测试集\人工核查_环评报告出处整理_20260715\环评报告文件_按正文一级章节拆分_20260727\PL076_佛山市友帝塑料制品有限公司扩建项目_01_受理公告或公示版\12_四、主要环境影响和保护措施.md,1128,22657
E:\华南理工项目\环评文件汇总\01_GitHub项目与研究文档\eia-openclaw-sync-chen2026\05_QA测试集\人工核查_环评报告出处整理_20260715\环评报告文件_按问答顺序\PL076_佛山市友帝塑料制品有限公司扩建项目_01_受理公告或公示版.pdf,PL076_佛山市友帝塑料制品有限公司扩建项目_01_受理公告或公示版.pdf,.pdf,pdf_pypdf,13,五、环境保护措施监督检查清单,E:\华南理工项目\环评文件汇总\01_GitHub项目与研究文档\eia-openclaw-sync-chen2026\05_QA测试集\人工核查_环评报告出处整理_20260715\环评报告文件_按正文一级章节拆分_20260727\PL076_佛山市友帝塑料制品有限公司扩建项目_01_受理公告或公示版\13_五、环境保护措施监督检查清单.md,138,2541
E:\华南理工项目\环评文件汇总\01_GitHub项目与研究文档\eia-openclaw-sync-chen2026\05_QA测试集\人工核查_环评报告出处整理_20260715\环评报告文件_按问答顺序\PL076_佛山市友帝塑料制品有限公司扩建项目_01_受理公告或公示版.pdf,PL076_佛山市友帝塑料制品有限公司扩建项目_01_受理公告或公示版.pdf,.pdf,pdf_pypdf,14,六、结论,E:\华南理工项目\环评文件汇总\01_GitHub项目与研究文档\eia-openclaw-sync-chen2026\05_QA测试集\人工核查_环评报告出处整理_20260715\环评报告文件_按正文一级章节拆分_20260727\PL076_佛山市友帝塑料制品有限公司扩建项目_01_受理公告或公示版\14_六、结论.md,8,260
E:\华南理工项目\环评文件汇总\01_GitHub项目与研究文档\eia-openclaw-sync-chen2026\05_QA测试集\人工核查_环评报告出处整理_20260715\环评报告文件_按问答顺序\PL076_佛山市友帝塑料制品有限公司扩建项目_01_受理公告或公示版.pdf,PL076_佛山市友帝塑料制品有限公司扩建项目_01_受理公告或公示版.pdf,.pdf,pdf_pypdf,15,附表附图附件,E:\华南理工项目\环评文件汇总\01_GitHub项目与研究文档\eia-openclaw-sync-chen2026\05_QA测试集\人工核查_环评报告出处整理_20260715\环评报告文件_按正文一级章节拆分_20260727\PL076_佛山市友帝塑料制品有限公司扩建项目_01_受理公告或公示版\15_附表附图附件.md,75,1252
E:\华南理工项目\环评文件汇总\01_GitHub项目与研究文档\eia-openclaw-sync-chen2026\05_QA测试集\人工核查_环评报告出处整理_20260715\环评报告文件_按问答顺序\PL077_佛山市优塑包装科技有限公司新建项目_01_受理公告或公示版.pdf,PL077_佛山市优塑包装科技有限公司新建项目_01_受理公告或公示版.pdf,.pdf,pdf_pypdf,1,封面及目录,E:\华南理工项目\环评文件汇总\01_GitHub项目与研究文档\eia-openclaw-sync-chen2026\05_QA测试集\人工核查_环评报告出处整理_20260715\环评报告文件_按正文一级章节拆分_20260727\PL077_佛山市优塑包装科技有限公司新建项目_01_受理公告或公示版\01_封面及目录.md,2,25
E:\华南理工项目\环评文件汇总\01_GitHub项目与研究文档\eia-openclaw-sync-chen2026\05_QA测试集\人工核查_环评报告出处整理_20260715\环评报告文件_按问答顺序\PL077_佛山市优塑包装科技有限公司新建项目_01_受理公告或公示版.pdf,PL077_佛山市优塑包装科技有限公司新建项目_01_受理公告或公示版.pdf,.pdf,pdf_pypdf,2,一、建设项目基本情况 ....................................................................................................................... 1,E:\华南理工项目\环评文件汇总\01_GitHub项目与研究文档\eia-openclaw-sync-chen2026\05_QA测试集\人工核查_环评报告出处整理_20260715\环评报告文件_按正文一级章节拆分_20260727\PL077_佛山市优塑包装科技有限公司新建项目_01_受理公告或公示版\02_一、建设项目基本情况.md,1,133
E:\华南理工项目\环评文件汇总\01_GitHub项目与研究文档\eia-openclaw-sync-chen2026\05_QA测试集\人工核查_环评报告出处整理_20260715\环评报告文件_按问答顺序\PL077_佛山市优塑包装科技有限公司新建项目_01_受理公告或公示版.pdf,PL077_佛山市优塑包装科技有限公司新建项目_01_受理公告或公示版.pdf,.pdf,pdf_pypdf,3,二、建设项目工程分析 ......................................................................................................................11,E:\华南理工项目\环评文件汇总\01_GitHub项目与研究文档\eia-openclaw-sync-chen2026\05_QA测试集\人工核查_环评报告出处整理_20260715\环评报告文件_按正文一级章节拆分_20260727\PL077_佛山市优塑包装科技有限公司新建项目_01_受理公告或公示版\03_二、建设项目工程分析.md,2,228
E:\华南理工项目\环评文件汇总\01_GitHub项目与研究文档\eia-openclaw-sync-chen2026\05_QA测试集\人工核查_环评报告出处整理_20260715\环评报告文件_按问答顺序\PL077_佛山市优塑包装科技有限公司新建项目_01_受理公告或公示版.pdf,PL077_佛山市优塑包装科技有限公司新建项目_01_受理公告或公示版.pdf,.pdf,pdf_pypdf,4,四、 主要环境影响和保护措施 ....................................................................................................... 25,E:\华南理工项目\环评文件汇总\01_GitHub项目与研究文档\eia-openclaw-sync-chen2026\05_QA测试集\人工核查_环评报告出处整理_20260715\环评报告文件_按正文一级章节拆分_20260727\PL077_佛山市优塑包装科技有限公司新建项目_01_受理公告或公示版\04_四、_主要环境影响和保护措施.md,1,122
E:\华南理工项目\环评文件汇总\01_GitHub项目与研究文档\eia-openclaw-sync-chen2026\05_QA测试集\人工核查_环评报告出处整理_20260715\环评报告文件_按问答顺序\PL077_佛山市优塑包装科技有限公司新建项目_01_受理公告或公示版.pdf,PL077_佛山市优塑包装科技有限公司新建项目_01_受理公告或公示版.pdf,.pdf,pdf_pypdf,5,五、环境保护措施监督检查清单 ..................................................................................................... 43,E:\华南理工项目\环评文件汇总\01_GitHub项目与研究文档\eia-openclaw-sync-chen2026\05_QA测试集\人工核查_环评报告出处整理_20260715\环评报告文件_按正文一级章节拆分_20260727\PL077_佛山市优塑包装科技有限公司新建项目_01_受理公告或公示版\05_五、环境保护措施监督检查清单.md,1,120
E:\华南理工项目\环评文件汇总\01_GitHub项目与研究文档\eia-openclaw-sync-chen2026\05_QA测试集\人工核查_环评报告出处整理_20260715\环评报告文件_按问答顺序\PL077_佛山市优塑包装科技有限公司新建项目_01_受理公告或公示版.pdf,PL077_佛山市优塑包装科技有限公司新建项目_01_受理公告或公示版.pdf,.pdf,pdf_pypdf,6,六、结论 ............................................................................................................................................. 46,E:\华南理工项目\环评文件汇总\01_GitHub项目与研究文档\eia-openclaw-sync-chen2026\05_QA测试集\人工核查_环评报告出处整理_20260715\环评报告文件_按正文一级章节拆分_20260727\PL077_佛山市优塑包装科技有限公司新建项目_01_受理公告或公示版\06_六、结论.md,2,273
E:\华南理工项目\环评文件汇总\01_GitHub项目与研究文档\eia-openclaw-sync-chen2026\05_QA测试集\人工核查_环评报告出处整理_20260715\环评报告文件_按问答顺序\PL077_佛山市优塑包装科技有限公司新建项目_01_受理公告或公示版.pdf,PL077_佛山市优塑包装科技有限公司新建项目_01_受理公告或公示版.pdf,.pdf,pdf_pypdf,7,附表附图附件,E:\华南理工项目\环评文件汇总\01_GitHub项目与研究文档\eia-openclaw-sync-chen2026\05_QA测试集\人工核查_环评报告出处整理_20260715\环评报告文件_按正文一级章节拆分_20260727\PL077_佛山市优塑包装科技有限公司新建项目_01_受理公告或公示版\07_附表附图附件.md,22,2491
E:\华南理工项目\环评文件汇总\01_GitHub项目与研究文档\eia-openclaw-sync-chen2026\05_QA测试集\人工核查_环评报告出处整理_20260715\环评报告文件_按问答顺序\PL077_佛山市优塑包装科技有限公司新建项目_01_受理公告或公示版.pdf,PL077_佛山市优塑包装科技有限公司新建项目_01_受理公告或公示版.pdf,.pdf,pdf_pypdf,8,一、建设项目基本情况,E:\华南理工项目\环评文件汇总\01_GitHub项目与研究文档\eia-openclaw-sync-chen2026\05_QA测试集\人工核查_环评报告出处整理_20260715\环评报告文件_按正文一级章节拆分_20260727\PL077_佛山市优塑包装科技有限公司新建项目_01_受理公告或公示版\08_一、建设项目基本情况.md,690,12597
E:\华南理工项目\环评文件汇总\01_GitHub项目与研究文档\eia-openclaw-sync-chen2026\05_QA测试集\人工核查_环评报告出处整理_20260715\环评报告文件_按问答顺序\PL077_佛山市优塑包装科技有限公司新建项目_01_受理公告或公示版.pdf,PL077_佛山市优塑包装科技有限公司新建项目_01_受理公告或公示版.pdf,.pdf,pdf_pypdf,9,二、建设项目工程分析,E:\华南理工项目\环评文件汇总\01_GitHub项目与研究文档\eia-openclaw-sync-chen2026\05_QA测试集\人工核查_环评报告出处整理_20260715\环评报告文件_按正文一级章节拆分_20260727\PL077_佛山市优塑包装科技有限公司新建项目_01_受理公告或公示版\09_二、建设项目工程分析.md,340,7025
E:\华南理工项目\环评文件汇总\01_GitHub项目与研究文档\eia-openclaw-sync-chen2026\05_QA测试集\人工核查_环评报告出处整理_20260715\环评报告文件_按问答顺序\PL077_佛山市优塑包装科技有限公司新建项目_01_受理公告或公示版.pdf,PL077_佛山市优塑包装科技有限公司新建项目_01_受理公告或公示版.pdf,.pdf,pdf_pypdf,10,三、区域环境质量现状、环境保护目标及评价标准,E:\华南理工项目\环评文件汇总\01_GitHub项目与研究文档\eia-openclaw-sync-chen2026\05_QA测试集\人工核查_环评报告出处整理_20260715\环评报告文件_按正文一级章节拆分_20260727\PL077_佛山市优塑包装科技有限公司新建项目_01_受理公告或公示版\10_三、区域环境质量现状、环境保护目标及评价标准.md,220,4936
E:\华南理工项目\环评文件汇总\01_GitHub项目与研究文档\eia-openclaw-sync-chen2026\05_QA测试集\人工核查_环评报告出处整理_20260715\环评报告文件_按问答顺序\PL077_佛山市优塑包装科技有限公司新建项目_01_受理公告或公示版.pdf,PL077_佛山市优塑包装科技有限公司新建项目_01_受理公告或公示版.pdf,.pdf,pdf_pypdf,11,四、主要环境影响和保护措施,E:\华南理工项目\环评文件汇总\01_GitHub项目与研究文档\eia-openclaw-sync-chen2026\05_QA测试集\人工核查_环评报告出处整理_20260715\环评报告文件_按正文一级章节拆分_20260727\PL077_佛山市优塑包装科技有限公司新建项目_01_受理公告或公示版\11_四、主要环境影响和保护措施.md,1097,20293
E:\华南理工项目\环评文件汇总\01_GitHub项目与研究文档\eia-openclaw-sync-chen2026\05_QA测试集\人工核查_环评报告出处整理_20260715\环评报告文件_按问答顺序\PL077_佛山市优塑包装科技有限公司新建项目_01_受理公告或公示版.pdf,PL077_佛山市优塑包装科技有限公司新建项目_01_受理公告或公示版.pdf,.pdf,pdf_pypdf,12,五、环境保护措施监督检查清单,E:\华南理工项目\环评文件汇总\01_GitHub项目与研究文档\eia-openclaw-sync-chen2026\05_QA测试集\人工核查_环评报告出处整理_20260715\环评报告文件_按正文一级章节拆分_20260727\PL077_佛山市优塑包装科技有限公司新建项目_01_受理公告或公示版\12_五、环境保护措施监督检查清单.md,148,2566
E:\华南理工项目\环评文件汇总\01_GitHub项目与研究文档\eia-openclaw-sync-chen2026\05_QA测试集\人工核查_环评报告出处整理_20260715\环评报告文件_按问答顺序\PL077_佛山市优塑包装科技有限公司新建项目_01_受理公告或公示版.pdf,PL077_佛山市优塑包装科技有限公司新建项目_01_受理公告或公示版.pdf,.pdf,pdf_pypdf,13,六、结论,E:\华南理工项目\环评文件汇总\01_GitHub项目与研究文档\eia-openclaw-sync-chen2026\05_QA测试集\人工核查_环评报告出处整理_20260715\环评报告文件_按正文一级章节拆分_20260727\PL077_佛山市优塑包装科技有限公司新建项目_01_受理公告或公示版\13_六、结论.md,7,208
E:\华南理工项目\环评文件汇总\01_GitHub项目与研究文档\eia-openclaw-sync-chen2026\05_QA测试集\人工核查_环评报告出处整理_20260715\环评报告文件_按问答顺序\PL077_佛山市优塑包装科技有限公司新建项目_01_受理公告或公示版.pdf,PL077_佛山市优塑包装科技有限公司新建项目_01_受理公告或公示版.pdf,.pdf,pdf_pypdf,14,附表附图附件,E:\华南理工项目\环评文件汇总\01_GitHub项目与研究文档\eia-openclaw-sync-chen2026\05_QA测试集\人工核查_环评报告出处整理_20260715\环评报告文件_按正文一级章节拆分_20260727\PL077_佛山市优塑包装科技有限公司新建项目_01_受理公告或公示版\14_附表附图附件.md,106,1579
E:\华南理工项目\环评文件汇总\01_GitHub项目与研究文档\eia-openclaw-sync-chen2026\05_QA测试集\人工核查_环评报告出处整理_20260715\环评报告文件_按问答顺序\PL078_佛山市顺德区德盈誉智能制造有限公司新建项目_01_受理公告或公示版.pdf,PL078_佛山市顺德区德盈誉智能制造有限公司新建项目_01_受理公告或公示版.pdf,.pdf,pdf_pypdf,1,封面及目录,E:\华南理工项目\环评文件汇总\01_GitHub项目与研究文档\eia-openclaw-sync-chen2026\05_QA测试集\人工核查_环评报告出处整理_20260715\环评报告文件_按正文一级章节拆分_20260727\PL078_佛山市顺德区德盈誉智能制造有限公司新建项目_01_受理公告或公示版\01_封面及目录.md,2,24
E:\华南理工项目\环评文件汇总\01_GitHub项目与研究文档\eia-openclaw-sync-chen2026\05_QA测试集\人工核查_环评报告出处整理_20260715\环评报告文件_按问答顺序\PL078_佛山市顺德区德盈誉智能制造有限公司新建项目_01_受理公告或公示版.pdf,PL078_佛山市顺德区德盈誉智能制造有限公司新建项目_01_受理公告或公示版.pdf,.pdf,pdf_pypdf,2,一、建设项目基本情况 ........................................................................................................ 1,E:\华南理工项目\环评文件汇总\01_GitHub项目与研究文档\eia-openclaw-sync-chen2026\05_QA测试集\人工核查_环评报告出处整理_20260715\环评报告文件_按正文一级章节拆分_20260727\PL078_佛山市顺德区德盈誉智能制造有限公司新建项目_01_受理公告或公示版\02_一、建设项目基本情况.md,1,118
E:\华南理工项目\环评文件汇总\01_GitHub项目与研究文档\eia-openclaw-sync-chen2026\05_QA测试集\人工核查_环评报告出处整理_20260715\环评报告文件_按问答顺序\PL078_佛山市顺德区德盈誉智能制造有限公司新建项目_01_受理公告或公示版.pdf,PL078_佛山市顺德区德盈誉智能制造有限公司新建项目_01_受理公告或公示版.pdf,.pdf,pdf_pypdf,3,二、建设项目工程分析 ...................................................................................................... 12,E:\华南理工项目\环评文件汇总\01_GitHub项目与研究文档\eia-openclaw-sync-chen2026\05_QA测试集\人工核查_环评报告出处整理_20260715\环评报告文件_按正文一级章节拆分_20260727\PL078_佛山市顺德区德盈誉智能制造有限公司新建项目_01_受理公告或公示版\03_二、建设项目工程分析.md,2,198
E:\华南理工项目\环评文件汇总\01_GitHub项目与研究文档\eia-openclaw-sync-chen2026\05_QA测试集\人工核查_环评报告出处整理_20260715\环评报告文件_按问答顺序\PL078_佛山市顺德区德盈誉智能制造有限公司新建项目_01_受理公告或公示版.pdf,PL078_佛山市顺德区德盈誉智能制造有限公司新建项目_01_受理公告或公示版.pdf,.pdf,pdf_pypdf,4,四、主要环境影响和保护措施 .......................................................................................... 26,E:\华南理工项目\环评文件汇总\01_GitHub项目与研究文档\eia-openclaw-sync-chen2026\05_QA测试集\人工核查_环评报告出处整理_20260715\环评报告文件_按正文一级章节拆分_20260727\PL078_佛山市顺德区德盈誉智能制造有限公司新建项目_01_受理公告或公示版\04_四、主要环境影响和保护措施.md,1,108
E:\华南理工项目\环评文件汇总\01_GitHub项目与研究文档\eia-openclaw-sync-chen2026\05_QA测试集\人工核查_环评报告出处整理_20260715\环评报告文件_按问答顺序\PL078_佛山市顺德区德盈誉智能制造有限公司新建项目_01_受理公告或公示版.pdf,PL078_佛山市顺德区德盈誉智能制造有限公司新建项目_01_受理公告或公示版.pdf,.pdf,pdf_pypdf,5,五、环境保护措施监督检查清单 ...................................................................................... 50,E:\华南理工项目\环评文件汇总\01_GitHub项目与研究文档\eia-openclaw-sync-chen2026\05_QA测试集\人工核查_环评报告出处整理_20260715\环评报告文件_按正文一级章节拆分_20260727\PL078_佛山市顺德区德盈誉智能制造有限公司新建项目_01_受理公告或公示版\05_五、环境保护措施监督检查清单.md,1,105
E:\华南理工项目\环评文件汇总\01_GitHub项目与研究文档\eia-openclaw-sync-chen2026\05_QA测试集\人工核查_环评报告出处整理_20260715\环评报告文件_按问答顺序\PL078_佛山市顺德区德盈誉智能制造有限公司新建项目_01_受理公告或公示版.pdf,PL078_佛山市顺德区德盈誉智能制造有限公司新建项目_01_受理公告或公示版.pdf,.pdf,pdf_pypdf,6,六、结论 .............................................................................................................................. 53,E:\华南理工项目\环评文件汇总\01_GitHub项目与研究文档\eia-openclaw-sync-chen2026\05_QA测试集\人工核查_环评报告出处整理_20260715\环评报告文件_按正文一级章节拆分_20260727\PL078_佛山市顺德区德盈誉智能制造有限公司新建项目_01_受理公告或公示版\06_六、结论.md,2,149
E:\华南理工项目\环评文件汇总\01_GitHub项目与研究文档\eia-openclaw-sync-chen2026\05_QA测试集\人工核查_环评报告出处整理_20260715\环评报告文件_按问答顺序\PL078_佛山市顺德区德盈誉智能制造有限公司新建项目_01_受理公告或公示版.pdf,PL078_佛山市顺德区德盈誉智能制造有限公司新建项目_01_受理公告或公示版.pdf,.pdf,pdf_pypdf,7,附表附图附件,E:\华南理工项目\环评文件汇总\01_GitHub项目与研究文档\eia-openclaw-sync-chen2026\05_QA测试集\人工核查_环评报告出处整理_20260715\环评报告文件_按正文一级章节拆分_20260727\PL078_佛山市顺德区德盈誉智能制造有限公司新建项目_01_受理公告或公示版\07_附表附图附件.md,17,247
E:\华南理工项目\环评文件汇总\01_GitHub项目与研究文档\eia-openclaw-sync-chen2026\05_QA测试集\人工核查_环评报告出处整理_20260715\环评报告文件_按问答顺序\PL078_佛山市顺德区德盈誉智能制造有限公司新建项目_01_受理公告或公示版.pdf,PL078_佛山市顺德区德盈誉智能制造有限公司新建项目_01_受理公告或公示版.pdf,.pdf,pdf_pypdf,8,一、建设项目基本情况,E:\华南理工项目\环评文件汇总\01_GitHub项目与研究文档\eia-openclaw-sync-chen2026\05_QA测试集\人工核查_环评报告出处整理_20260715\环评报告文件_按正文一级章节拆分_20260727\PL078_佛山市顺德区德盈誉智能制造有限公司新建项目_01_受理公告或公示版\08_一、建设项目基本情况.md,780,11601
E:\华南理工项目\环评文件汇总\01_GitHub项目与研究文档\eia-openclaw-sync-chen2026\05_QA测试集\人工核查_环评报告出处整理_20260715\环评报告文件_按问答顺序\PL078_佛山市顺德区德盈誉智能制造有限公司新建项目_01_受理公告或公示版.pdf,PL078_佛山市顺德区德盈誉智能制造有限公司新建项目_01_受理公告或公示版.pdf,.pdf,pdf_pypdf,9,二、建设项目工程分析,E:\华南理工项目\环评文件汇总\01_GitHub项目与研究文档\eia-openclaw-sync-chen2026\05_QA测试集\人工核查_环评报告出处整理_20260715\环评报告文件_按正文一级章节拆分_20260727\PL078_佛山市顺德区德盈誉智能制造有限公司新建项目_01_受理公告或公示版\09_二、建设项目工程分析.md,332,6489
E:\华南理工项目\环评文件汇总\01_GitHub项目与研究文档\eia-openclaw-sync-chen2026\05_QA测试集\人工核查_环评报告出处整理_20260715\环评报告文件_按问答顺序\PL078_佛山市顺德区德盈誉智能制造有限公司新建项目_01_受理公告或公示版.pdf,PL078_佛山市顺德区德盈誉智能制造有限公司新建项目_01_受理公告或公示版.pdf,.pdf,pdf_pypdf,10,三、区域环境质量现状、环境保护目标及评价标准,E:\华南理工项目\环评文件汇总\01_GitHub项目与研究文档\eia-openclaw-sync-chen2026\05_QA测试集\人工核查_环评报告出处整理_20260715\环评报告文件_按正文一级章节拆分_20260727\PL078_佛山市顺德区德盈誉智能制造有限公司新建项目_01_受理公告或公示版\10_三、区域环境质量现状、环境保护目标及评价标准.md,267,5808
E:\华南理工项目\环评文件汇总\01_GitHub项目与研究文档\eia-openclaw-sync-chen2026\05_QA测试集\人工核查_环评报告出处整理_20260715\环评报告文件_按问答顺序\PL078_佛山市顺德区德盈誉智能制造有限公司新建项目_01_受理公告或公示版.pdf,PL078_佛山市顺德区德盈誉智能制造有限公司新建项目_01_受理公告或公示版.pdf,.pdf,pdf_pypdf,11,四、主要环境影响和保护措施,E:\华南理工项目\环评文件汇总\01_GitHub项目与研究文档\eia-openclaw-sync-chen2026\05_QA测试集\人工核查_环评报告出处整理_20260715\环评报告文件_按正文一级章节拆分_20260727\PL078_佛山市顺德区德盈誉智能制造有限公司新建项目_01_受理公告或公示版\11_四、主要环境影响和保护措施.md,1418,23403
E:\华南理工项目\环评文件汇总\01_GitHub项目与研究文档\eia-openclaw-sync-chen2026\05_QA测试集\人工核查_环评报告出处整理_20260715\环评报告文件_按问答顺序\PL078_佛山市顺德区德盈誉智能制造有限公司新建项目_01_受理公告或公示版.pdf,PL078_佛山市顺德区德盈誉智能制造有限公司新建项目_01_受理公告或公示版.pdf,.pdf,pdf_pypdf,12,五、环境保护措施监督检查清单,E:\华南理工项目\环评文件汇总\01_GitHub项目与研究文档\eia-openclaw-sync-chen2026\05_QA测试集\人工核查_环评报告出处整理_20260715\环评报告文件_按正文一级章节拆分_20260727\PL078_佛山市顺德区德盈誉智能制造有限公司新建项目_01_受理公告或公示版\12_五、环境保护措施监督检查清单.md,174,2786
E:\华南理工项目\环评文件汇总\01_GitHub项目与研究文档\eia-openclaw-sync-chen2026\05_QA测试集\人工核查_环评报告出处整理_20260715\环评报告文件_按问答顺序\PL078_佛山市顺德区德盈誉智能制造有限公司新建项目_01_受理公告或公示版.pdf,PL078_佛山市顺德区德盈誉智能制造有限公司新建项目_01_受理公告或公示版.pdf,.pdf,pdf_pypdf,13,六、结论,E:\华南理工项目\环评文件汇总\01_GitHub项目与研究文档\eia-openclaw-sync-chen2026\05_QA测试集\人工核查_环评报告出处整理_20260715\环评报告文件_按正文一级章节拆分_20260727\PL078_佛山市顺德区德盈誉智能制造有限公司新建项目_01_受理公告或公示版\13_六、结论.md,6,160
E:\华南理工项目\环评文件汇总\01_GitHub项目与研究文档\eia-openclaw-sync-chen2026\05_QA测试集\人工核查_环评报告出处整理_20260715\环评报告文件_按问答顺序\PL078_佛山市顺德区德盈誉智能制造有限公司新建项目_01_受理公告或公示版.pdf,PL078_佛山市顺德区德盈誉智能制造有限公司新建项目_01_受理公告或公示版.pdf,.pdf,pdf_pypdf,14,附表附图附件,E:\华南理工项目\环评文件汇总\01_GitHub项目与研究文档\eia-openclaw-sync-chen2026\05_QA测试集\人工核查_环评报告出处整理_20260715\环评报告文件_按正文一级章节拆分_20260727\PL078_佛山市顺德区德盈誉智能制造有限公司新建项目_01_受理公告或公示版\14_附表附图附件.md,100,1632
E:\华南理工项目\环评文件汇总\01_GitHub项目与研究文档\eia-openclaw-sync-chen2026\05_QA测试集\人工核查_环评报告出处整理_20260715\环评报告文件_按问答顺序\PL079_广东圣鑫机电股份有限公司扩建项目_01_受理公告或公示版.pdf,PL079_广东圣鑫机电股份有限公司扩建项目_01_受理公告或公示版.pdf,.pdf,pdf_pypdf,1,封面及目录,E:\华南理工项目\环评文件汇总\01_GitHub项目与研究文档\eia-openclaw-sync-chen2026\05_QA测试集\人工核查_环评报告出处整理_20260715\环评报告文件_按正文一级章节拆分_20260727\PL079_广东圣鑫机电股份有限公司扩建项目_01_受理公告或公示版\01_封面及目录.md,9,141
E:\华南理工项目\环评文件汇总\01_GitHub项目与研究文档\eia-openclaw-sync-chen2026\05_QA测试集\人工核查_环评报告出处整理_20260715\环评报告文件_按问答顺序\PL079_广东圣鑫机电股份有限公司扩建项目_01_受理公告或公示版.pdf,PL079_广东圣鑫机电股份有限公司扩建项目_01_受理公告或公示版.pdf,.pdf,pdf_pypdf,2,一、建设项目基本情况 ........................................................................................................ 1,E:\华南理工项目\环评文件汇总\01_GitHub项目与研究文档\eia-openclaw-sync-chen2026\05_QA测试集\人工核查_环评报告出处整理_20260715\环评报告文件_按正文一级章节拆分_20260727\PL079_广东圣鑫机电股份有限公司扩建项目_01_受理公告或公示版\02_一、建设项目基本情况.md,1,118
E:\华南理工项目\环评文件汇总\01_GitHub项目与研究文档\eia-openclaw-sync-chen2026\05_QA测试集\人工核查_环评报告出处整理_20260715\环评报告文件_按问答顺序\PL079_广东圣鑫机电股份有限公司扩建项目_01_受理公告或公示版.pdf,PL079_广东圣鑫机电股份有限公司扩建项目_01_受理公告或公示版.pdf,.pdf,pdf_pypdf,3,二、建设项目工程分析 ...................................................................................................... 12,E:\华南理工项目\环评文件汇总\01_GitHub项目与研究文档\eia-openclaw-sync-chen2026\05_QA测试集\人工核查_环评报告出处整理_20260715\环评报告文件_按正文一级章节拆分_20260727\PL079_广东圣鑫机电股份有限公司扩建项目_01_受理公告或公示版\03_二、建设项目工程分析.md,2,198
E:\华南理工项目\环评文件汇总\01_GitHub项目与研究文档\eia-openclaw-sync-chen2026\05_QA测试集\人工核查_环评报告出处整理_20260715\环评报告文件_按问答顺序\PL079_广东圣鑫机电股份有限公司扩建项目_01_受理公告或公示版.pdf,PL079_广东圣鑫机电股份有限公司扩建项目_01_受理公告或公示版.pdf,.pdf,pdf_pypdf,4,四、主要环境影响和保护措施 .......................................................................................... 42,E:\华南理工项目\环评文件汇总\01_GitHub项目与研究文档\eia-openclaw-sync-chen2026\05_QA测试集\人工核查_环评报告出处整理_20260715\环评报告文件_按正文一级章节拆分_20260727\PL079_广东圣鑫机电股份有限公司扩建项目_01_受理公告或公示版\04_四、主要环境影响和保护措施.md,1,108
E:\华南理工项目\环评文件汇总\01_GitHub项目与研究文档\eia-openclaw-sync-chen2026\05_QA测试集\人工核查_环评报告出处整理_20260715\环评报告文件_按问答顺序\PL079_广东圣鑫机电股份有限公司扩建项目_01_受理公告或公示版.pdf,PL079_广东圣鑫机电股份有限公司扩建项目_01_受理公告或公示版.pdf,.pdf,pdf_pypdf,5,五、环境保护措施监督检查清单 ...................................................................................... 68,E:\华南理工项目\环评文件汇总\01_GitHub项目与研究文档\eia-openclaw-sync-chen2026\05_QA测试集\人工核查_环评报告出处整理_20260715\环评报告文件_按正文一级章节拆分_20260727\PL079_广东圣鑫机电股份有限公司扩建项目_01_受理公告或公示版\05_五、环境保护措施监督检查清单.md,1,105
E:\华南理工项目\环评文件汇总\01_GitHub项目与研究文档\eia-openclaw-sync-chen2026\05_QA测试集\人工核查_环评报告出处整理_20260715\环评报告文件_按问答顺序\PL079_广东圣鑫机电股份有限公司扩建项目_01_受理公告或公示版.pdf,PL079_广东圣鑫机电股份有限公司扩建项目_01_受理公告或公示版.pdf,.pdf,pdf_pypdf,6,六、结论 .............................................................................................................................. 71,E:\华南理工项目\环评文件汇总\01_GitHub项目与研究文档\eia-openclaw-sync-chen2026\05_QA测试集\人工核查_环评报告出处整理_20260715\环评报告文件_按正文一级章节拆分_20260727\PL079_广东圣鑫机电股份有限公司扩建项目_01_受理公告或公示版\06_六、结论.md,1,135
E:\华南理工项目\环评文件汇总\01_GitHub项目与研究文档\eia-openclaw-sync-chen2026\05_QA测试集\人工核查_环评报告出处整理_20260715\环评报告文件_按问答顺序\PL079_广东圣鑫机电股份有限公司扩建项目_01_受理公告或公示版.pdf,PL079_广东圣鑫机电股份有限公司扩建项目_01_受理公告或公示版.pdf,.pdf,pdf_pypdf,7,附表附图附件,E:\华南理工项目\环评文件汇总\01_GitHub项目与研究文档\eia-openclaw-sync-chen2026\05_QA测试集\人工核查_环评报告出处整理_20260715\环评报告文件_按正文一级章节拆分_20260727\PL079_广东圣鑫机电股份有限公司扩建项目_01_受理公告或公示版\07_附表附图附件.md,23,543
E:\华南理工项目\环评文件汇总\01_GitHub项目与研究文档\eia-openclaw-sync-chen2026\05_QA测试集\人工核查_环评报告出处整理_20260715\环评报告文件_按问答顺序\PL079_广东圣鑫机电股份有限公司扩建项目_01_受理公告或公示版.pdf,PL079_广东圣鑫机电股份有限公司扩建项目_01_受理公告或公示版.pdf,.pdf,pdf_pypdf,8,一、建设项目基本情况,E:\华南理工项目\环评文件汇总\01_GitHub项目与研究文档\eia-openclaw-sync-chen2026\05_QA测试集\人工核查_环评报告出处整理_20260715\环评报告文件_按正文一级章节拆分_20260727\PL079_广东圣鑫机电股份有限公司扩建项目_01_受理公告或公示版\08_一、建设项目基本情况.md,1061,20682
E:\华南理工项目\环评文件汇总\01_GitHub项目与研究文档\eia-openclaw-sync-chen2026\05_QA测试集\人工核查_环评报告出处整理_20260715\环评报告文件_按问答顺序\PL079_广东圣鑫机电股份有限公司扩建项目_01_受理公告或公示版.pdf,PL079_广东圣鑫机电股份有限公司扩建项目_01_受理公告或公示版.pdf,.pdf,pdf_pypdf,9,二、建设项目工程分析,E:\华南理工项目\环评文件汇总\01_GitHub项目与研究文档\eia-openclaw-sync-chen2026\05_QA测试集\人工核查_环评报告出处整理_20260715\环评报告文件_按正文一级章节拆分_20260727\PL079_广东圣鑫机电股份有限公司扩建项目_01_受理公告或公示版\09_二、建设项目工程分析.md,1268,18248
E:\华南理工项目\环评文件汇总\01_GitHub项目与研究文档\eia-openclaw-sync-chen2026\05_QA测试集\人工核查_环评报告出处整理_20260715\环评报告文件_按问答顺序\PL079_广东圣鑫机电股份有限公司扩建项目_01_受理公告或公示版.pdf,PL079_广东圣鑫机电股份有限公司扩建项目_01_受理公告或公示版.pdf,.pdf,pdf_pypdf,10,三、区域环境质量现状、环境保护目标及评价标准,E:\华南理工项目\环评文件汇总\01_GitHub项目与研究文档\eia-openclaw-sync-chen2026\05_QA测试集\人工核查_环评报告出处整理_20260715\环评报告文件_按正文一级章节拆分_20260727\PL079_广东圣鑫机电股份有限公司扩建项目_01_受理公告或公示版\10_三、区域环境质量现状、环境保护目标及评价标准.md,193,4105
E:\华南理工项目\环评文件汇总\01_GitHub项目与研究文档\eia-openclaw-sync-chen2026\05_QA测试集\人工核查_环评报告出处整理_20260715\环评报告文件_按问答顺序\PL079_广东圣鑫机电股份有限公司扩建项目_01_受理公告或公示版.pdf,PL079_广东圣鑫机电股份有限公司扩建项目_01_受理公告或公示版.pdf,.pdf,pdf_pypdf,11,四、主要环境影响和保护措施,E:\华南理工项目\环评文件汇总\01_GitHub项目与研究文档\eia-openclaw-sync-chen2026\05_QA测试集\人工核查_环评报告出处整理_20260715\环评报告文件_按正文一级章节拆分_20260727\PL079_广东圣鑫机电股份有限公司扩建项目_01_受理公告或公示版\11_四、主要环境影响和保护措施.md,1311,22533
E:\华南理工项目\环评文件汇总\01_GitHub项目与研究文档\eia-openclaw-sync-chen2026\05_QA测试集\人工核查_环评报告出处整理_20260715\环评报告文件_按问答顺序\PL079_广东圣鑫机电股份有限公司扩建项目_01_受理公告或公示版.pdf,PL079_广东圣鑫机电股份有限公司扩建项目_01_受理公告或公示版.pdf,.pdf,pdf_pypdf,12,五、环境保护措施监督检查清单,E:\华南理工项目\环评文件汇总\01_GitHub项目与研究文档\eia-openclaw-sync-chen2026\05_QA测试集\人工核查_环评报告出处整理_20260715\环评报告文件_按正文一级章节拆分_20260727\PL079_广东圣鑫机电股份有限公司扩建项目_01_受理公告或公示版\12_五、环境保护措施监督检查清单.md,136,2457
E:\华南理工项目\环评文件汇总\01_GitHub项目与研究文档\eia-openclaw-sync-chen2026\05_QA测试集\人工核查_环评报告出处整理_20260715\环评报告文件_按问答顺序\PL079_广东圣鑫机电股份有限公司扩建项目_01_受理公告或公示版.pdf,PL079_广东圣鑫机电股份有限公司扩建项目_01_受理公告或公示版.pdf,.pdf,pdf_pypdf,13,六、结论,E:\华南理工项目\环评文件汇总\01_GitHub项目与研究文档\eia-openclaw-sync-chen2026\05_QA测试集\人工核查_环评报告出处整理_20260715\环评报告文件_按正文一级章节拆分_20260727\PL079_广东圣鑫机电股份有限公司扩建项目_01_受理公告或公示版\13_六、结论.md,8,208
E:\华南理工项目\环评文件汇总\01_GitHub项目与研究文档\eia-openclaw-sync-chen2026\05_QA测试集\人工核查_环评报告出处整理_20260715\环评报告文件_按问答顺序\PL079_广东圣鑫机电股份有限公司扩建项目_01_受理公告或公示版.pdf,PL079_广东圣鑫机电股份有限公司扩建项目_01_受理公告或公示版.pdf,.pdf,pdf_pypdf,14,附表附图附件,E:\华南理工项目\环评文件汇总\01_GitHub项目与研究文档\eia-openclaw-sync-chen2026\05_QA测试集\人工核查_环评报告出处整理_20260715\环评报告文件_按正文一级章节拆分_20260727\PL079_广东圣鑫机电股份有限公司扩建项目_01_受理公告或公示版\14_附表附图附件.md,115,2013
E:\华南理工项目\环评文件汇总\01_GitHub项目与研究文档\eia-openclaw-sync-chen2026\05_QA测试集\人工核查_环评报告出处整理_20260715\环评报告文件_按问答顺序\PL081_佛山市顺德区保塑管业有限公司迁扩建项目_01_受理公告或公示版.pdf,PL081_佛山市顺德区保塑管业有限公司迁扩建项目_01_受理公告或公示版.pdf,.pdf,pdf_pypdf,1,封面及目录,E:\华南理工项目\环评文件汇总\01_GitHub项目与研究文档\eia-openclaw-sync-chen2026\05_QA测试集\人工核查_环评报告出处整理_20260715\环评报告文件_按正文一级章节拆分_20260727\PL081_佛山市顺德区保塑管业有限公司迁扩建项目_01_受理公告或公示版\01_封面及目录.md,2,25
E:\华南理工项目\环评文件汇总\01_GitHub项目与研究文档\eia-openclaw-sync-chen2026\05_QA测试集\人工核查_环评报告出处整理_20260715\环评报告文件_按问答顺序\PL081_佛山市顺德区保塑管业有限公司迁扩建项目_01_受理公告或公示版.pdf,PL081_佛山市顺德区保塑管业有限公司迁扩建项目_01_受理公告或公示版.pdf,.pdf,pdf_pypdf,2,一、建设项目基本情况 ................................ ................................ ................................ ................. 1,E:\华南理工项目\环评文件汇总\01_GitHub项目与研究文档\eia-openclaw-sync-chen2026\05_QA测试集\人工核查_环评报告出处整理_20260715\环评报告文件_按正文一级章节拆分_20260727\PL081_佛山市顺德区保塑管业有限公司迁扩建项目_01_受理公告或公示版\02_一、建设项目基本情况.md,1,130
E:\华南理工项目\环评文件汇总\01_GitHub项目与研究文档\eia-openclaw-sync-chen2026\05_QA测试集\人工核查_环评报告出处整理_20260715\环评报告文件_按问答顺序\PL081_佛山市顺德区保塑管业有限公司迁扩建项目_01_受理公告或公示版.pdf,PL081_佛山市顺德区保塑管业有限公司迁扩建项目_01_受理公告或公示版.pdf,.pdf,pdf_pypdf,3,二、建设项目工程分析 ................................ ................................ ................................ ............... 13,E:\华南理工项目\环评文件汇总\01_GitHub项目与研究文档\eia-openclaw-sync-chen2026\05_QA测试集\人工核查_环评报告出处整理_20260715\环评报告文件_按正文一级章节拆分_20260727\PL081_佛山市顺德区保塑管业有限公司迁扩建项目_01_受理公告或公示版\03_二、建设项目工程分析.md,2,223
E:\华南理工项目\环评文件汇总\01_GitHub项目与研究文档\eia-openclaw-sync-chen2026\05_QA测试集\人工核查_环评报告出处整理_20260715\环评报告文件_按问答顺序\PL081_佛山市顺德区保塑管业有限公司迁扩建项目_01_受理公告或公示版.pdf,PL081_佛山市顺德区保塑管业有限公司迁扩建项目_01_受理公告或公示版.pdf,.pdf,pdf_pypdf,4,四、主要环境影响和保护措施 ................................ ................................ ................................ ... 44,E:\华南理工项目\环评文件汇总\01_GitHub项目与研究文档\eia-openclaw-sync-chen2026\05_QA测试集\人工核查_环评报告出处整理_20260715\环评报告文件_按正文一级章节拆分_20260727\PL081_佛山市顺德区保塑管业有限公司迁扩建项目_01_受理公告或公示版\04_四、主要环境影响和保护措施.md,1,120
E:\华南理工项目\环评文件汇总\01_GitHub项目与研究文档\eia-openclaw-sync-chen2026\05_QA测试集\人工核查_环评报告出处整理_20260715\环评报告文件_按问答顺序\PL081_佛山市顺德区保塑管业有限公司迁扩建项目_01_受理公告或公示版.pdf,PL081_佛山市顺德区保塑管业有限公司迁扩建项目_01_受理公告或公示版.pdf,.pdf,pdf_pypdf,5,五、环境保护措施监督检查清单................................ ................................ ................................ 70,E:\华南理工项目\环评文件汇总\01_GitHub项目与研究文档\eia-openclaw-sync-chen2026\05_QA测试集\人工核查_环评报告出处整理_20260715\环评报告文件_按正文一级章节拆分_20260727\PL081_佛山市顺德区保塑管业有限公司迁扩建项目_01_受理公告或公示版\05_五、环境保护措施监督检查清单.md,1,116
E:\华南理工项目\环评文件汇总\01_GitHub项目与研究文档\eia-openclaw-sync-chen2026\05_QA测试集\人工核查_环评报告出处整理_20260715\环评报告文件_按问答顺序\PL081_佛山市顺德区保塑管业有限公司迁扩建项目_01_受理公告或公示版.pdf,PL081_佛山市顺德区保塑管业有限公司迁扩建项目_01_受理公告或公示版.pdf,.pdf,pdf_pypdf,6,六、结论 ................................ ................................ ................................ ................................ ...... 72,E:\华南理工项目\环评文件汇总\01_GitHub项目与研究文档\eia-openclaw-sync-chen2026\05_QA测试集\人工核查_环评报告出处整理_20260715\环评报告文件_按正文一级章节拆分_20260727\PL081_佛山市顺德区保塑管业有限公司迁扩建项目_01_受理公告或公示版\06_六、结论.md,1,147
E:\华南理工项目\环评文件汇总\01_GitHub项目与研究文档\eia-openclaw-sync-chen2026\05_QA测试集\人工核查_环评报告出处整理_20260715\环评报告文件_按问答顺序\PL081_佛山市顺德区保塑管业有限公司迁扩建项目_01_受理公告或公示版.pdf,PL081_佛山市顺德区保塑管业有限公司迁扩建项目_01_受理公告或公示版.pdf,.pdf,pdf_pypdf,7,附表附图附件,E:\华南理工项目\环评文件汇总\01_GitHub项目与研究文档\eia-openclaw-sync-chen2026\05_QA测试集\人工核查_环评报告出处整理_20260715\环评报告文件_按正文一级章节拆分_20260727\PL081_佛山市顺德区保塑管业有限公司迁扩建项目_01_受理公告或公示版\07_附表附图附件.md,23,2801
E:\华南理工项目\环评文件汇总\01_GitHub项目与研究文档\eia-openclaw-sync-chen2026\05_QA测试集\人工核查_环评报告出处整理_20260715\环评报告文件_按问答顺序\PL081_佛山市顺德区保塑管业有限公司迁扩建项目_01_受理公告或公示版.pdf,PL081_佛山市顺德区保塑管业有限公司迁扩建项目_01_受理公告或公示版.pdf,.pdf,pdf_pypdf,8,一、建设项目基本情况,E:\华南理工项目\环评文件汇总\01_GitHub项目与研究文档\eia-openclaw-sync-chen2026\05_QA测试集\人工核查_环评报告出处整理_20260715\环评报告文件_按正文一级章节拆分_20260727\PL081_佛山市顺德区保塑管业有限公司迁扩建项目_01_受理公告或公示版\08_一、建设项目基本情况.md,884,13596
E:\华南理工项目\环评文件汇总\01_GitHub项目与研究文档\eia-openclaw-sync-chen2026\05_QA测试集\人工核查_环评报告出处整理_20260715\环评报告文件_按问答顺序\PL081_佛山市顺德区保塑管业有限公司迁扩建项目_01_受理公告或公示版.pdf,PL081_佛山市顺德区保塑管业有限公司迁扩建项目_01_受理公告或公示版.pdf,.pdf,pdf_pypdf,9,二、建设项目工程分析,E:\华南理工项目\环评文件汇总\01_GitHub项目与研究文档\eia-openclaw-sync-chen2026\05_QA测试集\人工核查_环评报告出处整理_20260715\环评报告文件_按正文一级章节拆分_20260727\PL081_佛山市顺德区保塑管业有限公司迁扩建项目_01_受理公告或公示版\09_二、建设项目工程分析.md,1250,19917
E:\华南理工项目\环评文件汇总\01_GitHub项目与研究文档\eia-openclaw-sync-chen2026\05_QA测试集\人工核查_环评报告出处整理_20260715\环评报告文件_按问答顺序\PL081_佛山市顺德区保塑管业有限公司迁扩建项目_01_受理公告或公示版.pdf,PL081_佛山市顺德区保塑管业有限公司迁扩建项目_01_受理公告或公示版.pdf,.pdf,pdf_pypdf,10,三、区域环境质量现状、环境保护目标及评价标准,E:\华南理工项目\环评文件汇总\01_GitHub项目与研究文档\eia-openclaw-sync-chen2026\05_QA测试集\人工核查_环评报告出处整理_20260715\环评报告文件_按正文一级章节拆分_20260727\PL081_佛山市顺德区保塑管业有限公司迁扩建项目_01_受理公告或公示版\10_三、区域环境质量现状、环境保护目标及评价标准.md,291,5432
E:\华南理工项目\环评文件汇总\01_GitHub项目与研究文档\eia-openclaw-sync-chen2026\05_QA测试集\人工核查_环评报告出处整理_20260715\环评报告文件_按问答顺序\PL081_佛山市顺德区保塑管业有限公司迁扩建项目_01_受理公告或公示版.pdf,PL081_佛山市顺德区保塑管业有限公司迁扩建项目_01_受理公告或公示版.pdf,.pdf,pdf_pypdf,11,四、主要环境影响和保护措施,E:\华南理工项目\环评文件汇总\01_GitHub项目与研究文档\eia-openclaw-sync-chen2026\05_QA测试集\人工核查_环评报告出处整理_20260715\环评报告文件_按正文一级章节拆分_20260727\PL081_佛山市顺德区保塑管业有限公司迁扩建项目_01_受理公告或公示版\11_四、主要环境影响和保护措施.md,1421,24432
E:\华南理工项目\环评文件汇总\01_GitHub项目与研究文档\eia-openclaw-sync-chen2026\05_QA测试集\人工核查_环评报告出处整理_20260715\环评报告文件_按问答顺序\PL081_佛山市顺德区保塑管业有限公司迁扩建项目_01_受理公告或公示版.pdf,PL081_佛山市顺德区保塑管业有限公司迁扩建项目_01_受理公告或公示版.pdf,.pdf,pdf_pypdf,12,五、环境保护措施监督检查清单,E:\华南理工项目\环评文件汇总\01_GitHub项目与研究文档\eia-openclaw-sync-chen2026\05_QA测试集\人工核查_环评报告出处整理_20260715\环评报告文件_按正文一级章节拆分_20260727\PL081_佛山市顺德区保塑管业有限公司迁扩建项目_01_受理公告或公示版\12_五、环境保护措施监督检查清单.md,163,2803
E:\华南理工项目\环评文件汇总\01_GitHub项目与研究文档\eia-openclaw-sync-chen2026\05_QA测试集\人工核查_环评报告出处整理_20260715\环评报告文件_按问答顺序\PL081_佛山市顺德区保塑管业有限公司迁扩建项目_01_受理公告或公示版.pdf,PL081_佛山市顺德区保塑管业有限公司迁扩建项目_01_受理公告或公示版.pdf,.pdf,pdf_pypdf,13,六、结论,E:\华南理工项目\环评文件汇总\01_GitHub项目与研究文档\eia-openclaw-sync-chen2026\05_QA测试集\人工核查_环评报告出处整理_20260715\环评报告文件_按正文一级章节拆分_20260727\PL081_佛山市顺德区保塑管业有限公司迁扩建项目_01_受理公告或公示版\13_六、结论.md,8,209
E:\华南理工项目\环评文件汇总\01_GitHub项目与研究文档\eia-openclaw-sync-chen2026\05_QA测试集\人工核查_环评报告出处整理_20260715\环评报告文件_按问答顺序\PL081_佛山市顺德区保塑管业有限公司迁扩建项目_01_受理公告或公示版.pdf,PL081_佛山市顺德区保塑管业有限公司迁扩建项目_01_受理公告或公示版.pdf,.pdf,pdf_pypdf,14,附表附图附件,E:\华南理工项目\环评文件汇总\01_GitHub项目与研究文档\eia-openclaw-sync-chen2026\05_QA测试集\人工核查_环评报告出处整理_20260715\环评报告文件_按正文一级章节拆分_20260727\PL081_佛山市顺德区保塑管业有限公司迁扩建项目_01_受理公告或公示版\14_附表附图附件.md,110,1647
E:\华南理工项目\环评文件汇总\01_GitHub项目与研究文档\eia-openclaw-sync-chen2026\05_QA测试集\人工核查_环评报告出处整理_20260715\环评报告文件_按问答顺序\PL083_佛山市顺德区康明新材料厂新建项目_01_受理公告或公示版.pdf,PL083_佛山市顺德区康明新材料厂新建项目_01_受理公告或公示版.pdf,.pdf,pdf_pypdf,1,封面及目录,E:\华南理工项目\环评文件汇总\01_GitHub项目与研究文档\eia-openclaw-sync-chen2026\05_QA测试集\人工核查_环评报告出处整理_20260715\环评报告文件_按正文一级章节拆分_20260727\PL083_佛山市顺德区康明新材料厂新建项目_01_受理公告或公示版\01_封面及目录.md,9,139
E:\华南理工项目\环评文件汇总\01_GitHub项目与研究文档\eia-openclaw-sync-chen2026\05_QA测试集\人工核查_环评报告出处整理_20260715\环评报告文件_按问答顺序\PL083_佛山市顺德区康明新材料厂新建项目_01_受理公告或公示版.pdf,PL083_佛山市顺德区康明新材料厂新建项目_01_受理公告或公示版.pdf,.pdf,pdf_pypdf,2,一、建设项目基本情况 ........................................................................................................................ 1,E:\华南理工项目\环评文件汇总\01_GitHub项目与研究文档\eia-openclaw-sync-chen2026\05_QA测试集\人工核查_环评报告出处整理_20260715\环评报告文件_按正文一级章节拆分_20260727\PL083_佛山市顺德区康明新材料厂新建项目_01_受理公告或公示版\02_一、建设项目基本情况.md,1,134
E:\华南理工项目\环评文件汇总\01_GitHub项目与研究文档\eia-openclaw-sync-chen2026\05_QA测试集\人工核查_环评报告出处整理_20260715\环评报告文件_按问答顺序\PL083_佛山市顺德区康明新材料厂新建项目_01_受理公告或公示版.pdf,PL083_佛山市顺德区康明新材料厂新建项目_01_受理公告或公示版.pdf,.pdf,pdf_pypdf,3,二、建设项目工程分析 ...................................................................................................................... 21,E:\华南理工项目\环评文件汇总\01_GitHub项目与研究文档\eia-openclaw-sync-chen2026\05_QA测试集\人工核查_环评报告出处整理_20260715\环评报告文件_按正文一级章节拆分_20260727\PL083_佛山市顺德区康明新材料厂新建项目_01_受理公告或公示版\03_二、建设项目工程分析.md,2,230
E:\华南理工项目\环评文件汇总\01_GitHub项目与研究文档\eia-openclaw-sync-chen2026\05_QA测试集\人工核查_环评报告出处整理_20260715\环评报告文件_按问答顺序\PL083_佛山市顺德区康明新材料厂新建项目_01_受理公告或公示版.pdf,PL083_佛山市顺德区康明新材料厂新建项目_01_受理公告或公示版.pdf,.pdf,pdf_pypdf,4,四、主要环境影响和保护措施 .......................................................................................................... 36,E:\华南理工项目\环评文件汇总\01_GitHub项目与研究文档\eia-openclaw-sync-chen2026\05_QA测试集\人工核查_环评报告出处整理_20260715\环评报告文件_按正文一级章节拆分_20260727\PL083_佛山市顺德区康明新材料厂新建项目_01_受理公告或公示版\04_四、主要环境影响和保护措施.md,1,124
E:\华南理工项目\环评文件汇总\01_GitHub项目与研究文档\eia-openclaw-sync-chen2026\05_QA测试集\人工核查_环评报告出处整理_20260715\环评报告文件_按问答顺序\PL083_佛山市顺德区康明新材料厂新建项目_01_受理公告或公示版.pdf,PL083_佛山市顺德区康明新材料厂新建项目_01_受理公告或公示版.pdf,.pdf,pdf_pypdf,5,五、环境保护措施监督检查清单 ...................................................................................................... 68,E:\华南理工项目\环评文件汇总\01_GitHub项目与研究文档\eia-openclaw-sync-chen2026\05_QA测试集\人工核查_环评报告出处整理_20260715\环评报告文件_按正文一级章节拆分_20260727\PL083_佛山市顺德区康明新材料厂新建项目_01_受理公告或公示版\05_五、环境保护措施监督检查清单.md,1,121
E:\华南理工项目\环评文件汇总\01_GitHub项目与研究文档\eia-openclaw-sync-chen2026\05_QA测试集\人工核查_环评报告出处整理_20260715\环评报告文件_按问答顺序\PL083_佛山市顺德区康明新材料厂新建项目_01_受理公告或公示版.pdf,PL083_佛山市顺德区康明新材料厂新建项目_01_受理公告或公示版.pdf,.pdf,pdf_pypdf,6,六、结论 .............................................................................................................................................. 72,E:\华南理工项目\环评文件汇总\01_GitHub项目与研究文档\eia-openclaw-sync-chen2026\05_QA测试集\人工核查_环评报告出处整理_20260715\环评报告文件_按正文一级章节拆分_20260727\PL083_佛山市顺德区康明新材料厂新建项目_01_受理公告或公示版\06_六、结论.md,1,151
E:\华南理工项目\环评文件汇总\01_GitHub项目与研究文档\eia-openclaw-sync-chen2026\05_QA测试集\人工核查_环评报告出处整理_20260715\环评报告文件_按问答顺序\PL083_佛山市顺德区康明新材料厂新建项目_01_受理公告或公示版.pdf,PL083_佛山市顺德区康明新材料厂新建项目_01_受理公告或公示版.pdf,.pdf,pdf_pypdf,7,附表附图附件,E:\华南理工项目\环评文件汇总\01_GitHub项目与研究文档\eia-openclaw-sync-chen2026\05_QA测试集\人工核查_环评报告出处整理_20260715\环评报告文件_按正文一级章节拆分_20260727\PL083_佛山市顺德区康明新材料厂新建项目_01_受理公告或公示版\07_附表附图附件.md,28,3122
E:\华南理工项目\环评文件汇总\01_GitHub项目与研究文档\eia-openclaw-sync-chen2026\05_QA测试集\人工核查_环评报告出处整理_20260715\环评报告文件_按问答顺序\PL083_佛山市顺德区康明新材料厂新建项目_01_受理公告或公示版.pdf,PL083_佛山市顺德区康明新材料厂新建项目_01_受理公告或公示版.pdf,.pdf,pdf_pypdf,8,一、建设项目基本情况,E:\华南理工项目\环评文件汇总\01_GitHub项目与研究文档\eia-openclaw-sync-chen2026\05_QA测试集\人工核查_环评报告出处整理_20260715\环评报告文件_按正文一级章节拆分_20260727\PL083_佛山市顺德区康明新材料厂新建项目_01_受理公告或公示版\08_一、建设项目基本情况.md,1370,18942
E:\华南理工项目\环评文件汇总\01_GitHub项目与研究文档\eia-openclaw-sync-chen2026\05_QA测试集\人工核查_环评报告出处整理_20260715\环评报告文件_按问答顺序\PL083_佛山市顺德区康明新材料厂新建项目_01_受理公告或公示版.pdf,PL083_佛山市顺德区康明新材料厂新建项目_01_受理公告或公示版.pdf,.pdf,pdf_pypdf,9,二、建设项目工程分析,E:\华南理工项目\环评文件汇总\01_GitHub项目与研究文档\eia-openclaw-sync-chen2026\05_QA测试集\人工核查_环评报告出处整理_20260715\环评报告文件_按正文一级章节拆分_20260727\PL083_佛山市顺德区康明新材料厂新建项目_01_受理公告或公示版\09_二、建设项目工程分析.md,541,8302
E:\华南理工项目\环评文件汇总\01_GitHub项目与研究文档\eia-openclaw-sync-chen2026\05_QA测试集\人工核查_环评报告出处整理_20260715\环评报告文件_按问答顺序\PL083_佛山市顺德区康明新材料厂新建项目_01_受理公告或公示版.pdf,PL083_佛山市顺德区康明新材料厂新建项目_01_受理公告或公示版.pdf,.pdf,pdf_pypdf,10,三、区域环境质量现状、环境保护目标及评价标准,E:\华南理工项目\环评文件汇总\01_GitHub项目与研究文档\eia-openclaw-sync-chen2026\05_QA测试集\人工核查_环评报告出处整理_20260715\环评报告文件_按正文一级章节拆分_20260727\PL083_佛山市顺德区康明新材料厂新建项目_01_受理公告或公示版\10_三、区域环境质量现状、环境保护目标及评价标准.md,241,5507
E:\华南理工项目\环评文件汇总\01_GitHub项目与研究文档\eia-openclaw-sync-chen2026\05_QA测试集\人工核查_环评报告出处整理_20260715\环评报告文件_按问答顺序\PL083_佛山市顺德区康明新材料厂新建项目_01_受理公告或公示版.pdf,PL083_佛山市顺德区康明新材料厂新建项目_01_受理公告或公示版.pdf,.pdf,pdf_pypdf,11,四、主要环境影响和保护措施,E:\华南理工项目\环评文件汇总\01_GitHub项目与研究文档\eia-openclaw-sync-chen2026\05_QA测试集\人工核查_环评报告出处整理_20260715\环评报告文件_按正文一级章节拆分_20260727\PL083_佛山市顺德区康明新材料厂新建项目_01_受理公告或公示版\11_四、主要环境影响和保护措施.md,1866,27788
E:\华南理工项目\环评文件汇总\01_GitHub项目与研究文档\eia-openclaw-sync-chen2026\05_QA测试集\人工核查_环评报告出处整理_20260715\环评报告文件_按问答顺序\PL083_佛山市顺德区康明新材料厂新建项目_01_受理公告或公示版.pdf,PL083_佛山市顺德区康明新材料厂新建项目_01_受理公告或公示版.pdf,.pdf,pdf_pypdf,12,五、环境保护措施监督检查清单,E:\华南理工项目\环评文件汇总\01_GitHub项目与研究文档\eia-openclaw-sync-chen2026\05_QA测试集\人工核查_环评报告出处整理_20260715\环评报告文件_按正文一级章节拆分_20260727\PL083_佛山市顺德区康明新材料厂新建项目_01_受理公告或公示版\12_五、环境保护措施监督检查清单.md,175,2944
E:\华南理工项目\环评文件汇总\01_GitHub项目与研究文档\eia-openclaw-sync-chen2026\05_QA测试集\人工核查_环评报告出处整理_20260715\环评报告文件_按问答顺序\PL083_佛山市顺德区康明新材料厂新建项目_01_受理公告或公示版.pdf,PL083_佛山市顺德区康明新材料厂新建项目_01_受理公告或公示版.pdf,.pdf,pdf_pypdf,13,六、结论,E:\华南理工项目\环评文件汇总\01_GitHub项目与研究文档\eia-openclaw-sync-chen2026\05_QA测试集\人工核查_环评报告出处整理_20260715\环评报告文件_按正文一级章节拆分_20260727\PL083_佛山市顺德区康明新材料厂新建项目_01_受理公告或公示版\13_六、结论.md,7,175
E:\华南理工项目\环评文件汇总\01_GitHub项目与研究文档\eia-openclaw-sync-chen2026\05_QA测试集\人工核查_环评报告出处整理_20260715\环评报告文件_按问答顺序\PL083_佛山市顺德区康明新材料厂新建项目_01_受理公告或公示版.pdf,PL083_佛山市顺德区康明新材料厂新建项目_01_受理公告或公示版.pdf,.pdf,pdf_pypdf,14,附表附图附件,E:\华南理工项目\环评文件汇总\01_GitHub项目与研究文档\eia-openclaw-sync-chen2026\05_QA测试集\人工核查_环评报告出处整理_20260715\环评报告文件_按正文一级章节拆分_20260727\PL083_佛山市顺德区康明新材料厂新建项目_01_受理公告或公示版\14_附表附图附件.md,143,2235
E:\华南理工项目\环评文件汇总\01_GitHub项目与研究文档\eia-openclaw-sync-chen2026\05_QA测试集\人工核查_环评报告出处整理_20260715\环评报告文件_按问答顺序\PL084_佛山市顺德区中润基誉新材料科技有限公司新建项目_01_受理公告或公示版.pdf,PL084_佛山市顺德区中润基誉新材料科技有限公司新建项目_01_受理公告或公示版.pdf,.pdf,pdf_pypdf,1,封面及目录,E:\华南理工项目\环评文件汇总\01_GitHub项目与研究文档\eia-openclaw-sync-chen2026\05_QA测试集\人工核查_环评报告出处整理_20260715\环评报告文件_按正文一级章节拆分_20260727\PL084_佛山市顺德区中润基誉新材料科技有限公司新建项目_01_受理公告或公示版\01_封面及目录.md,3,135
E:\华南理工项目\环评文件汇总\01_GitHub项目与研究文档\eia-openclaw-sync-chen2026\05_QA测试集\人工核查_环评报告出处整理_20260715\环评报告文件_按问答顺序\PL084_佛山市顺德区中润基誉新材料科技有限公司新建项目_01_受理公告或公示版.pdf,PL084_佛山市顺德区中润基誉新材料科技有限公司新建项目_01_受理公告或公示版.pdf,.pdf,pdf_pypdf,2,一、建设项目基本情况 ....................................................................................................................... 1,E:\华南理工项目\环评文件汇总\01_GitHub项目与研究文档\eia-openclaw-sync-chen2026\05_QA测试集\人工核查_环评报告出处整理_20260715\环评报告文件_按正文一级章节拆分_20260727\PL084_佛山市顺德区中润基誉新材料科技有限公司新建项目_01_受理公告或公示版\02_一、建设项目基本情况.md,1,133
E:\华南理工项目\环评文件汇总\01_GitHub项目与研究文档\eia-openclaw-sync-chen2026\05_QA测试集\人工核查_环评报告出处整理_20260715\环评报告文件_按问答顺序\PL084_佛山市顺德区中润基誉新材料科技有限公司新建项目_01_受理公告或公示版.pdf,PL084_佛山市顺德区中润基誉新材料科技有限公司新建项目_01_受理公告或公示版.pdf,.pdf,pdf_pypdf,3,二、建设项目工程分析 ..................................................................................................................... 24,E:\华南理工项目\环评文件汇总\01_GitHub项目与研究文档\eia-openclaw-sync-chen2026\05_QA测试集\人工核查_环评报告出处整理_20260715\环评报告文件_按正文一级章节拆分_20260727\PL084_佛山市顺德区中润基誉新材料科技有限公司新建项目_01_受理公告或公示版\03_二、建设项目工程分析.md,2,228
E:\华南理工项目\环评文件汇总\01_GitHub项目与研究文档\eia-openclaw-sync-chen2026\05_QA测试集\人工核查_环评报告出处整理_20260715\环评报告文件_按问答顺序\PL084_佛山市顺德区中润基誉新材料科技有限公司新建项目_01_受理公告或公示版.pdf,PL084_佛山市顺德区中润基誉新材料科技有限公司新建项目_01_受理公告或公示版.pdf,.pdf,pdf_pypdf,4,四、主要环境影响和保护措施 ......................................................................................................... 42,E:\华南理工项目\环评文件汇总\01_GitHub项目与研究文档\eia-openclaw-sync-chen2026\05_QA测试集\人工核查_环评报告出处整理_20260715\环评报告文件_按正文一级章节拆分_20260727\PL084_佛山市顺德区中润基誉新材料科技有限公司新建项目_01_受理公告或公示版\04_四、主要环境影响和保护措施.md,1,123
E:\华南理工项目\环评文件汇总\01_GitHub项目与研究文档\eia-openclaw-sync-chen2026\05_QA测试集\人工核查_环评报告出处整理_20260715\环评报告文件_按问答顺序\PL084_佛山市顺德区中润基誉新材料科技有限公司新建项目_01_受理公告或公示版.pdf,PL084_佛山市顺德区中润基誉新材料科技有限公司新建项目_01_受理公告或公示版.pdf,.pdf,pdf_pypdf,5,五、环境保护措施监督检查清单 ..................................................................................................... 73,E:\华南理工项目\环评文件汇总\01_GitHub项目与研究文档\eia-openclaw-sync-chen2026\05_QA测试集\人工核查_环评报告出处整理_20260715\环评报告文件_按正文一级章节拆分_20260727\PL084_佛山市顺德区中润基誉新材料科技有限公司新建项目_01_受理公告或公示版\05_五、环境保护措施监督检查清单.md,1,120
E:\华南理工项目\环评文件汇总\01_GitHub项目与研究文档\eia-openclaw-sync-chen2026\05_QA测试集\人工核查_环评报告出处整理_20260715\环评报告文件_按问答顺序\PL084_佛山市顺德区中润基誉新材料科技有限公司新建项目_01_受理公告或公示版.pdf,PL084_佛山市顺德区中润基誉新材料科技有限公司新建项目_01_受理公告或公示版.pdf,.pdf,pdf_pypdf,6,六、结论 ............................................................................................................................................. 75,E:\华南理工项目\环评文件汇总\01_GitHub项目与研究文档\eia-openclaw-sync-chen2026\05_QA测试集\人工核查_环评报告出处整理_20260715\环评报告文件_按正文一级章节拆分_20260727\PL084_佛山市顺德区中润基誉新材料科技有限公司新建项目_01_受理公告或公示版\06_六、结论.md,1,150
E:\华南理工项目\环评文件汇总\01_GitHub项目与研究文档\eia-openclaw-sync-chen2026\05_QA测试集\人工核查_环评报告出处整理_20260715\环评报告文件_按问答顺序\PL084_佛山市顺德区中润基誉新材料科技有限公司新建项目_01_受理公告或公示版.pdf,PL084_佛山市顺德区中润基誉新材料科技有限公司新建项目_01_受理公告或公示版.pdf,.pdf,pdf_pypdf,7,附表附图附件,E:\华南理工项目\环评文件汇总\01_GitHub项目与研究文档\eia-openclaw-sync-chen2026\05_QA测试集\人工核查_环评报告出处整理_20260715\环评报告文件_按正文一级章节拆分_20260727\PL084_佛山市顺德区中润基誉新材料科技有限公司新建项目_01_受理公告或公示版\07_附表附图附件.md,20,2300
E:\华南理工项目\环评文件汇总\01_GitHub项目与研究文档\eia-openclaw-sync-chen2026\05_QA测试集\人工核查_环评报告出处整理_20260715\环评报告文件_按问答顺序\PL084_佛山市顺德区中润基誉新材料科技有限公司新建项目_01_受理公告或公示版.pdf,PL084_佛山市顺德区中润基誉新材料科技有限公司新建项目_01_受理公告或公示版.pdf,.pdf,pdf_pypdf,8,一、建设项目基本情况,E:\华南理工项目\环评文件汇总\01_GitHub项目与研究文档\eia-openclaw-sync-chen2026\05_QA测试集\人工核查_环评报告出处整理_20260715\环评报告文件_按正文一级章节拆分_20260727\PL084_佛山市顺德区中润基誉新材料科技有限公司新建项目_01_受理公告或公示版\08_一、建设项目基本情况.md,1147,26194
E:\华南理工项目\环评文件汇总\01_GitHub项目与研究文档\eia-openclaw-sync-chen2026\05_QA测试集\人工核查_环评报告出处整理_20260715\环评报告文件_按问答顺序\PL084_佛山市顺德区中润基誉新材料科技有限公司新建项目_01_受理公告或公示版.pdf,PL084_佛山市顺德区中润基誉新材料科技有限公司新建项目_01_受理公告或公示版.pdf,.pdf,pdf_pypdf,9,二、建设项目工程分析,E:\华南理工项目\环评文件汇总\01_GitHub项目与研究文档\eia-openclaw-sync-chen2026\05_QA测试集\人工核查_环评报告出处整理_20260715\环评报告文件_按正文一级章节拆分_20260727\PL084_佛山市顺德区中润基誉新材料科技有限公司新建项目_01_受理公告或公示版\09_二、建设项目工程分析.md,375,7221
E:\华南理工项目\环评文件汇总\01_GitHub项目与研究文档\eia-openclaw-sync-chen2026\05_QA测试集\人工核查_环评报告出处整理_20260715\环评报告文件_按问答顺序\PL084_佛山市顺德区中润基誉新材料科技有限公司新建项目_01_受理公告或公示版.pdf,PL084_佛山市顺德区中润基誉新材料科技有限公司新建项目_01_受理公告或公示版.pdf,.pdf,pdf_pypdf,10,三、区域环境质量现状、环境保护目标及评价标准,E:\华南理工项目\环评文件汇总\01_GitHub项目与研究文档\eia-openclaw-sync-chen2026\05_QA测试集\人工核查_环评报告出处整理_20260715\环评报告文件_按正文一级章节拆分_20260727\PL084_佛山市顺德区中润基誉新材料科技有限公司新建项目_01_受理公告或公示版\10_三、区域环境质量现状、环境保护目标及评价标准.md,286,4932
E:\华南理工项目\环评文件汇总\01_GitHub项目与研究文档\eia-openclaw-sync-chen2026\05_QA测试集\人工核查_环评报告出处整理_20260715\环评报告文件_按问答顺序\PL084_佛山市顺德区中润基誉新材料科技有限公司新建项目_01_受理公告或公示版.pdf,PL084_佛山市顺德区中润基誉新材料科技有限公司新建项目_01_受理公告或公示版.pdf,.pdf,pdf_pypdf,11,四、主要环境影响和保护措施,E:\华南理工项目\环评文件汇总\01_GitHub项目与研究文档\eia-openclaw-sync-chen2026\05_QA测试集\人工核查_环评报告出处整理_20260715\环评报告文件_按正文一级章节拆分_20260727\PL084_佛山市顺德区中润基誉新材料科技有限公司新建项目_01_受理公告或公示版\11_四、主要环境影响和保护措施.md,1010,22895
E:\华南理工项目\环评文件汇总\01_GitHub项目与研究文档\eia-openclaw-sync-chen2026\05_QA测试集\人工核查_环评报告出处整理_20260715\环评报告文件_按问答顺序\PL084_佛山市顺德区中润基誉新材料科技有限公司新建项目_01_受理公告或公示版.pdf,PL084_佛山市顺德区中润基誉新材料科技有限公司新建项目_01_受理公告或公示版.pdf,.pdf,pdf_pypdf,12,附表附图附件,E:\华南理工项目\环评文件汇总\01_GitHub项目与研究文档\eia-openclaw-sync-chen2026\05_QA测试集\人工核查_环评报告出处整理_20260715\环评报告文件_按正文一级章节拆分_20260727\PL084_佛山市顺德区中润基誉新材料科技有限公司新建项目_01_受理公告或公示版\12_附表附图附件.md,194,3564
E:\华南理工项目\环评文件汇总\01_GitHub项目与研究文档\eia-openclaw-sync-chen2026\05_QA测试集\人工核查_环评报告出处整理_20260715\环评报告文件_按问答顺序\PL084_佛山市顺德区中润基誉新材料科技有限公司新建项目_01_受理公告或公示版.pdf,PL084_佛山市顺德区中润基誉新材料科技有限公司新建项目_01_受理公告或公示版.pdf,.pdf,pdf_pypdf,13,五、环境保护措施监督检查清单,E:\华南理工项目\环评文件汇总\01_GitHub项目与研究文档\eia-openclaw-sync-chen2026\05_QA测试集\人工核查_环评报告出处整理_20260715\环评报告文件_按正文一级章节拆分_20260727\PL084_佛山市顺德区中润基誉新材料科技有限公司新建项目_01_受理公告或公示版\13_五、环境保护措施监督检查清单.md,130,2030
E:\华南理工项目\环评文件汇总\01_GitHub项目与研究文档\eia-openclaw-sync-chen2026\05_QA测试集\人工核查_环评报告出处整理_20260715\环评报告文件_按问答顺序\PL084_佛山市顺德区中润基誉新材料科技有限公司新建项目_01_受理公告或公示版.pdf,PL084_佛山市顺德区中润基誉新材料科技有限公司新建项目_01_受理公告或公示版.pdf,.pdf,pdf_pypdf,14,六、结论,E:\华南理工项目\环评文件汇总\01_GitHub项目与研究文档\eia-openclaw-sync-chen2026\05_QA测试集\人工核查_环评报告出处整理_20260715\环评报告文件_按正文一级章节拆分_20260727\PL084_佛山市顺德区中润基誉新材料科技有限公司新建项目_01_受理公告或公示版\14_六、结论.md,7,174
E:\华南理工项目\环评文件汇总\01_GitHub项目与研究文档\eia-openclaw-sync-chen2026\05_QA测试集\人工核查_环评报告出处整理_20260715\环评报告文件_按问答顺序\PL084_佛山市顺德区中润基誉新材料科技有限公司新建项目_01_受理公告或公示版.pdf,PL084_佛山市顺德区中润基誉新材料科技有限公司新建项目_01_受理公告或公示版.pdf,.pdf,pdf_pypdf,15,附表附图附件,E:\华南理工项目\环评文件汇总\01_GitHub项目与研究文档\eia-openclaw-sync-chen2026\05_QA测试集\人工核查_环评报告出处整理_20260715\环评报告文件_按正文一级章节拆分_20260727\PL084_佛山市顺德区中润基誉新材料科技有限公司新建项目_01_受理公告或公示版\15_附表附图附件.md,140,2046
E:\华南理工项目\环评文件汇总\01_GitHub项目与研究文档\eia-openclaw-sync-chen2026\05_QA测试集\人工核查_环评报告出处整理_20260715\环评报告文件_按问答顺序\PL085_广东周杨科电器有限公司迁扩建项目_01_受理公告或公示版.pdf,PL085_广东周杨科电器有限公司迁扩建项目_01_受理公告或公示版.pdf,.pdf,pdf_pypdf,1,封面及目录,E:\华南理工项目\环评文件汇总\01_GitHub项目与研究文档\eia-openclaw-sync-chen2026\05_QA测试集\人工核查_环评报告出处整理_20260715\环评报告文件_按正文一级章节拆分_20260727\PL085_广东周杨科电器有限公司迁扩建项目_01_受理公告或公示版\01_封面及目录.md,9,141
E:\华南理工项目\环评文件汇总\01_GitHub项目与研究文档\eia-openclaw-sync-chen2026\05_QA测试集\人工核查_环评报告出处整理_20260715\环评报告文件_按问答顺序\PL085_广东周杨科电器有限公司迁扩建项目_01_受理公告或公示版.pdf,PL085_广东周杨科电器有限公司迁扩建项目_01_受理公告或公示版.pdf,.pdf,pdf_pypdf,2,一、建设项目基本情况 .............................................................................................................................1,E:\华南理工项目\环评文件汇总\01_GitHub项目与研究文档\eia-openclaw-sync-chen2026\05_QA测试集\人工核查_环评报告出处整理_20260715\环评报告文件_按正文一级章节拆分_20260727\PL085_广东周杨科电器有限公司迁扩建项目_01_受理公告或公示版\02_一、建设项目基本情况.md,1,138
E:\华南理工项目\环评文件汇总\01_GitHub项目与研究文档\eia-openclaw-sync-chen2026\05_QA测试集\人工核查_环评报告出处整理_20260715\环评报告文件_按问答顺序\PL085_广东周杨科电器有限公司迁扩建项目_01_受理公告或公示版.pdf,PL085_广东周杨科电器有限公司迁扩建项目_01_受理公告或公示版.pdf,.pdf,pdf_pypdf,3,二、建设项目工程分析 ............................................................................................................................14,E:\华南理工项目\环评文件汇总\01_GitHub项目与研究文档\eia-openclaw-sync-chen2026\05_QA测试集\人工核查_环评报告出处整理_20260715\环评报告文件_按正文一级章节拆分_20260727\PL085_广东周杨科电器有限公司迁扩建项目_01_受理公告或公示版\03_二、建设项目工程分析.md,2,239
E:\华南理工项目\环评文件汇总\01_GitHub项目与研究文档\eia-openclaw-sync-chen2026\05_QA测试集\人工核查_环评报告出处整理_20260715\环评报告文件_按问答顺序\PL085_广东周杨科电器有限公司迁扩建项目_01_受理公告或公示版.pdf,PL085_广东周杨科电器有限公司迁扩建项目_01_受理公告或公示版.pdf,.pdf,pdf_pypdf,4,四、主要环境影响和保护措施 .............................................................................................................35,E:\华南理工项目\环评文件汇总\01_GitHub项目与研究文档\eia-openclaw-sync-chen2026\05_QA测试集\人工核查_环评报告出处整理_20260715\环评报告文件_按正文一级章节拆分_20260727\PL085_广东周杨科电器有限公司迁扩建项目_01_受理公告或公示版\04_四、主要环境影响和保护措施.md,1,126
E:\华南理工项目\环评文件汇总\01_GitHub项目与研究文档\eia-openclaw-sync-chen2026\05_QA测试集\人工核查_环评报告出处整理_20260715\环评报告文件_按问答顺序\PL085_广东周杨科电器有限公司迁扩建项目_01_受理公告或公示版.pdf,PL085_广东周杨科电器有限公司迁扩建项目_01_受理公告或公示版.pdf,.pdf,pdf_pypdf,5,五、环境保护措施监督检查清单 ...........................................................................................................59,E:\华南理工项目\环评文件汇总\01_GitHub项目与研究文档\eia-openclaw-sync-chen2026\05_QA测试集\人工核查_环评报告出处整理_20260715\环评报告文件_按正文一级章节拆分_20260727\PL085_广东周杨科电器有限公司迁扩建项目_01_受理公告或公示版\05_五、环境保护措施监督检查清单.md,1,125
E:\华南理工项目\环评文件汇总\01_GitHub项目与研究文档\eia-openclaw-sync-chen2026\05_QA测试集\人工核查_环评报告出处整理_20260715\环评报告文件_按问答顺序\PL085_广东周杨科电器有限公司迁扩建项目_01_受理公告或公示版.pdf,PL085_广东周杨科电器有限公司迁扩建项目_01_受理公告或公示版.pdf,.pdf,pdf_pypdf,6,六、结论 ....................................................................................................................................................62,E:\华南理工项目\环评文件汇总\01_GitHub项目与研究文档\eia-openclaw-sync-chen2026\05_QA测试集\人工核查_环评报告出处整理_20260715\环评报告文件_按正文一级章节拆分_20260727\PL085_广东周杨科电器有限公司迁扩建项目_01_受理公告或公示版\06_六、结论.md,1,156
E:\华南理工项目\环评文件汇总\01_GitHub项目与研究文档\eia-openclaw-sync-chen2026\05_QA测试集\人工核查_环评报告出处整理_20260715\环评报告文件_按问答顺序\PL085_广东周杨科电器有限公司迁扩建项目_01_受理公告或公示版.pdf,PL085_广东周杨科电器有限公司迁扩建项目_01_受理公告或公示版.pdf,.pdf,pdf_pypdf,7,附表附图附件,E:\华南理工项目\环评文件汇总\01_GitHub项目与研究文档\eia-openclaw-sync-chen2026\05_QA测试集\人工核查_环评报告出处整理_20260715\环评报告文件_按正文一级章节拆分_20260727\PL085_广东周杨科电器有限公司迁扩建项目_01_受理公告或公示版\07_附表附图附件.md,24,352
E:\华南理工项目\环评文件汇总\01_GitHub项目与研究文档\eia-openclaw-sync-chen2026\05_QA测试集\人工核查_环评报告出处整理_20260715\环评报告文件_按问答顺序\PL085_广东周杨科电器有限公司迁扩建项目_01_受理公告或公示版.pdf,PL085_广东周杨科电器有限公司迁扩建项目_01_受理公告或公示版.pdf,.pdf,pdf_pypdf,8,一、建设项目基本情况,E:\华南理工项目\环评文件汇总\01_GitHub项目与研究文档\eia-openclaw-sync-chen2026\05_QA测试集\人工核查_环评报告出处整理_20260715\环评报告文件_按正文一级章节拆分_20260727\PL085_广东周杨科电器有限公司迁扩建项目_01_受理公告或公示版\08_一、建设项目基本情况.md,542,12189
E:\华南理工项目\环评文件汇总\01_GitHub项目与研究文档\eia-openclaw-sync-chen2026\05_QA测试集\人工核查_环评报告出处整理_20260715\环评报告文件_按问答顺序\PL085_广东周杨科电器有限公司迁扩建项目_01_受理公告或公示版.pdf,PL085_广东周杨科电器有限公司迁扩建项目_01_受理公告或公示版.pdf,.pdf,pdf_pypdf,9,二、建设项目工程分析,E:\华南理工项目\环评文件汇总\01_GitHub项目与研究文档\eia-openclaw-sync-chen2026\05_QA测试集\人工核查_环评报告出处整理_20260715\环评报告文件_按正文一级章节拆分_20260727\PL085_广东周杨科电器有限公司迁扩建项目_01_受理公告或公示版\09_二、建设项目工程分析.md,631,12668
E:\华南理工项目\环评文件汇总\01_GitHub项目与研究文档\eia-openclaw-sync-chen2026\05_QA测试集\人工核查_环评报告出处整理_20260715\环评报告文件_按问答顺序\PL085_广东周杨科电器有限公司迁扩建项目_01_受理公告或公示版.pdf,PL085_广东周杨科电器有限公司迁扩建项目_01_受理公告或公示版.pdf,.pdf,pdf_pypdf,10,三、区域环境质量现状、环境保护目标及评价标准,E:\华南理工项目\环评文件汇总\01_GitHub项目与研究文档\eia-openclaw-sync-chen2026\05_QA测试集\人工核查_环评报告出处整理_20260715\环评报告文件_按正文一级章节拆分_20260727\PL085_广东周杨科电器有限公司迁扩建项目_01_受理公告或公示版\10_三、区域环境质量现状、环境保护目标及评价标准.md,258,5278
E:\华南理工项目\环评文件汇总\01_GitHub项目与研究文档\eia-openclaw-sync-chen2026\05_QA测试集\人工核查_环评报告出处整理_20260715\环评报告文件_按问答顺序\PL085_广东周杨科电器有限公司迁扩建项目_01_受理公告或公示版.pdf,PL085_广东周杨科电器有限公司迁扩建项目_01_受理公告或公示版.pdf,.pdf,pdf_pypdf,11,四、主要环境影响和保护措施,E:\华南理工项目\环评文件汇总\01_GitHub项目与研究文档\eia-openclaw-sync-chen2026\05_QA测试集\人工核查_环评报告出处整理_20260715\环评报告文件_按正文一级章节拆分_20260727\PL085_广东周杨科电器有限公司迁扩建项目_01_受理公告或公示版\11_四、主要环境影响和保护措施.md,1189,20519
E:\华南理工项目\环评文件汇总\01_GitHub项目与研究文档\eia-openclaw-sync-chen2026\05_QA测试集\人工核查_环评报告出处整理_20260715\环评报告文件_按问答顺序\PL085_广东周杨科电器有限公司迁扩建项目_01_受理公告或公示版.pdf,PL085_广东周杨科电器有限公司迁扩建项目_01_受理公告或公示版.pdf,.pdf,pdf_pypdf,12,五、环境保护措施监督检查清单,E:\华南理工项目\环评文件汇总\01_GitHub项目与研究文档\eia-openclaw-sync-chen2026\05_QA测试集\人工核查_环评报告出处整理_20260715\环评报告文件_按正文一级章节拆分_20260727\PL085_广东周杨科电器有限公司迁扩建项目_01_受理公告或公示版\12_五、环境保护措施监督检查清单.md,156,2791
E:\华南理工项目\环评文件汇总\01_GitHub项目与研究文档\eia-openclaw-sync-chen2026\05_QA测试集\人工核查_环评报告出处整理_20260715\环评报告文件_按问答顺序\PL085_广东周杨科电器有限公司迁扩建项目_01_受理公告或公示版.pdf,PL085_广东周杨科电器有限公司迁扩建项目_01_受理公告或公示版.pdf,.pdf,pdf_pypdf,13,六、结论,E:\华南理工项目\环评文件汇总\01_GitHub项目与研究文档\eia-openclaw-sync-chen2026\05_QA测试集\人工核查_环评报告出处整理_20260715\环评报告文件_按正文一级章节拆分_20260727\PL085_广东周杨科电器有限公司迁扩建项目_01_受理公告或公示版\13_六、结论.md,8,221
E:\华南理工项目\环评文件汇总\01_GitHub项目与研究文档\eia-openclaw-sync-chen2026\05_QA测试集\人工核查_环评报告出处整理_20260715\环评报告文件_按问答顺序\PL085_广东周杨科电器有限公司迁扩建项目_01_受理公告或公示版.pdf,PL085_广东周杨科电器有限公司迁扩建项目_01_受理公告或公示版.pdf,.pdf,pdf_pypdf,14,附表附图附件,E:\华南理工项目\环评文件汇总\01_GitHub项目与研究文档\eia-openclaw-sync-chen2026\05_QA测试集\人工核查_环评报告出处整理_20260715\环评报告文件_按正文一级章节拆分_20260727\PL085_广东周杨科电器有限公司迁扩建项目_01_受理公告或公示版\14_附表附图附件.md,140,1876
E:\华南理工项目\环评文件汇总\01_GitHub项目与研究文档\eia-openclaw-sync-chen2026\05_QA测试集\人工核查_环评报告出处整理_20260715\环评报告文件_按问答顺序\PL086_佛山市科镁电器科技有限公司新建项目_01_受理公告或公示版.pdf,PL086_佛山市科镁电器科技有限公司新建项目_01_受理公告或公示版.pdf,.pdf,pdf_pypdf,1,封面及目录,E:\华南理工项目\环评文件汇总\01_GitHub项目与研究文档\eia-openclaw-sync-chen2026\05_QA测试集\人工核查_环评报告出处整理_20260715\环评报告文件_按正文一级章节拆分_20260727\PL086_佛山市科镁电器科技有限公司新建项目_01_受理公告或公示版\01_封面及目录.md,9,142
E:\华南理工项目\环评文件汇总\01_GitHub项目与研究文档\eia-openclaw-sync-chen2026\05_QA测试集\人工核查_环评报告出处整理_20260715\环评报告文件_按问答顺序\PL086_佛山市科镁电器科技有限公司新建项目_01_受理公告或公示版.pdf,PL086_佛山市科镁电器科技有限公司新建项目_01_受理公告或公示版.pdf,.pdf,pdf_pypdf,2,一、建设项目基本情况 ........................................................................................................ 1,E:\华南理工项目\环评文件汇总\01_GitHub项目与研究文档\eia-openclaw-sync-chen2026\05_QA测试集\人工核查_环评报告出处整理_20260715\环评报告文件_按正文一级章节拆分_20260727\PL086_佛山市科镁电器科技有限公司新建项目_01_受理公告或公示版\02_一、建设项目基本情况.md,1,118
E:\华南理工项目\环评文件汇总\01_GitHub项目与研究文档\eia-openclaw-sync-chen2026\05_QA测试集\人工核查_环评报告出处整理_20260715\环评报告文件_按问答顺序\PL086_佛山市科镁电器科技有限公司新建项目_01_受理公告或公示版.pdf,PL086_佛山市科镁电器科技有限公司新建项目_01_受理公告或公示版.pdf,.pdf,pdf_pypdf,3,二、建设项目工程分析 ...................................................................................................... 12,E:\华南理工项目\环评文件汇总\01_GitHub项目与研究文档\eia-openclaw-sync-chen2026\05_QA测试集\人工核查_环评报告出处整理_20260715\环评报告文件_按正文一级章节拆分_20260727\PL086_佛山市科镁电器科技有限公司新建项目_01_受理公告或公示版\03_二、建设项目工程分析.md,2,198
E:\华南理工项目\环评文件汇总\01_GitHub项目与研究文档\eia-openclaw-sync-chen2026\05_QA测试集\人工核查_环评报告出处整理_20260715\环评报告文件_按问答顺序\PL086_佛山市科镁电器科技有限公司新建项目_01_受理公告或公示版.pdf,PL086_佛山市科镁电器科技有限公司新建项目_01_受理公告或公示版.pdf,.pdf,pdf_pypdf,4,四、主要环境影响和保护措施 .......................................................................................... 25,E:\华南理工项目\环评文件汇总\01_GitHub项目与研究文档\eia-openclaw-sync-chen2026\05_QA测试集\人工核查_环评报告出处整理_20260715\环评报告文件_按正文一级章节拆分_20260727\PL086_佛山市科镁电器科技有限公司新建项目_01_受理公告或公示版\04_四、主要环境影响和保护措施.md,1,108
E:\华南理工项目\环评文件汇总\01_GitHub项目与研究文档\eia-openclaw-sync-chen2026\05_QA测试集\人工核查_环评报告出处整理_20260715\环评报告文件_按问答顺序\PL086_佛山市科镁电器科技有限公司新建项目_01_受理公告或公示版.pdf,PL086_佛山市科镁电器科技有限公司新建项目_01_受理公告或公示版.pdf,.pdf,pdf_pypdf,5,五、环境保护措施监督检查清单 ...................................................................................... 47,E:\华南理工项目\环评文件汇总\01_GitHub项目与研究文档\eia-openclaw-sync-chen2026\05_QA测试集\人工核查_环评报告出处整理_20260715\环评报告文件_按正文一级章节拆分_20260727\PL086_佛山市科镁电器科技有限公司新建项目_01_受理公告或公示版\05_五、环境保护措施监督检查清单.md,1,105
E:\华南理工项目\环评文件汇总\01_GitHub项目与研究文档\eia-openclaw-sync-chen2026\05_QA测试集\人工核查_环评报告出处整理_20260715\环评报告文件_按问答顺序\PL086_佛山市科镁电器科技有限公司新建项目_01_受理公告或公示版.pdf,PL086_佛山市科镁电器科技有限公司新建项目_01_受理公告或公示版.pdf,.pdf,pdf_pypdf,6,六、结论 .............................................................................................................................. 50,E:\华南理工项目\环评文件汇总\01_GitHub项目与研究文档\eia-openclaw-sync-chen2026\05_QA测试集\人工核查_环评报告出处整理_20260715\环评报告文件_按正文一级章节拆分_20260727\PL086_佛山市科镁电器科技有限公司新建项目_01_受理公告或公示版\06_六、结论.md,2,149
E:\华南理工项目\环评文件汇总\01_GitHub项目与研究文档\eia-openclaw-sync-chen2026\05_QA测试集\人工核查_环评报告出处整理_20260715\环评报告文件_按问答顺序\PL086_佛山市科镁电器科技有限公司新建项目_01_受理公告或公示版.pdf,PL086_佛山市科镁电器科技有限公司新建项目_01_受理公告或公示版.pdf,.pdf,pdf_pypdf,7,附表附图附件,E:\华南理工项目\环评文件汇总\01_GitHub项目与研究文档\eia-openclaw-sync-chen2026\05_QA测试集\人工核查_环评报告出处整理_20260715\环评报告文件_按正文一级章节拆分_20260727\PL086_佛山市科镁电器科技有限公司新建项目_01_受理公告或公示版\07_附表附图附件.md,17,259
E:\华南理工项目\环评文件汇总\01_GitHub项目与研究文档\eia-openclaw-sync-chen2026\05_QA测试集\人工核查_环评报告出处整理_20260715\环评报告文件_按问答顺序\PL086_佛山市科镁电器科技有限公司新建项目_01_受理公告或公示版.pdf,PL086_佛山市科镁电器科技有限公司新建项目_01_受理公告或公示版.pdf,.pdf,pdf_pypdf,8,一、建设项目基本情况,E:\华南理工项目\环评文件汇总\01_GitHub项目与研究文档\eia-openclaw-sync-chen2026\05_QA测试集\人工核查_环评报告出处整理_20260715\环评报告文件_按正文一级章节拆分_20260727\PL086_佛山市科镁电器科技有限公司新建项目_01_受理公告或公示版\08_一、建设项目基本情况.md,1112,16356
E:\华南理工项目\环评文件汇总\01_GitHub项目与研究文档\eia-openclaw-sync-chen2026\05_QA测试集\人工核查_环评报告出处整理_20260715\环评报告文件_按问答顺序\PL086_佛山市科镁电器科技有限公司新建项目_01_受理公告或公示版.pdf,PL086_佛山市科镁电器科技有限公司新建项目_01_受理公告或公示版.pdf,.pdf,pdf_pypdf,9,二、建设项目工程分析,E:\华南理工项目\环评文件汇总\01_GitHub项目与研究文档\eia-openclaw-sync-chen2026\05_QA测试集\人工核查_环评报告出处整理_20260715\环评报告文件_按正文一级章节拆分_20260727\PL086_佛山市科镁电器科技有限公司新建项目_01_受理公告或公示版\09_二、建设项目工程分析.md,399,6614
E:\华南理工项目\环评文件汇总\01_GitHub项目与研究文档\eia-openclaw-sync-chen2026\05_QA测试集\人工核查_环评报告出处整理_20260715\环评报告文件_按问答顺序\PL086_佛山市科镁电器科技有限公司新建项目_01_受理公告或公示版.pdf,PL086_佛山市科镁电器科技有限公司新建项目_01_受理公告或公示版.pdf,.pdf,pdf_pypdf,10,三、区域环境质量现状、环境保护目标及评价标准,E:\华南理工项目\环评文件汇总\01_GitHub项目与研究文档\eia-openclaw-sync-chen2026\05_QA测试集\人工核查_环评报告出处整理_20260715\环评报告文件_按正文一级章节拆分_20260727\PL086_佛山市科镁电器科技有限公司新建项目_01_受理公告或公示版\10_三、区域环境质量现状、环境保护目标及评价标准.md,265,5339
E:\华南理工项目\环评文件汇总\01_GitHub项目与研究文档\eia-openclaw-sync-chen2026\05_QA测试集\人工核查_环评报告出处整理_20260715\环评报告文件_按问答顺序\PL086_佛山市科镁电器科技有限公司新建项目_01_受理公告或公示版.pdf,PL086_佛山市科镁电器科技有限公司新建项目_01_受理公告或公示版.pdf,.pdf,pdf_pypdf,11,四、主要环境影响和保护措施,E:\华南理工项目\环评文件汇总\01_GitHub项目与研究文档\eia-openclaw-sync-chen2026\05_QA测试集\人工核查_环评报告出处整理_20260715\环评报告文件_按正文一级章节拆分_20260727\PL086_佛山市科镁电器科技有限公司新建项目_01_受理公告或公示版\11_四、主要环境影响和保护措施.md,1315,24168
E:\华南理工项目\环评文件汇总\01_GitHub项目与研究文档\eia-openclaw-sync-chen2026\05_QA测试集\人工核查_环评报告出处整理_20260715\环评报告文件_按问答顺序\PL086_佛山市科镁电器科技有限公司新建项目_01_受理公告或公示版.pdf,PL086_佛山市科镁电器科技有限公司新建项目_01_受理公告或公示版.pdf,.pdf,pdf_pypdf,12,五、环境保护措施监督检查清单,E:\华南理工项目\环评文件汇总\01_GitHub项目与研究文档\eia-openclaw-sync-chen2026\05_QA测试集\人工核查_环评报告出处整理_20260715\环评报告文件_按正文一级章节拆分_20260727\PL086_佛山市科镁电器科技有限公司新建项目_01_受理公告或公示版\12_五、环境保护措施监督检查清单.md,157,2771
E:\华南理工项目\环评文件汇总\01_GitHub项目与研究文档\eia-openclaw-sync-chen2026\05_QA测试集\人工核查_环评报告出处整理_20260715\环评报告文件_按问答顺序\PL086_佛山市科镁电器科技有限公司新建项目_01_受理公告或公示版.pdf,PL086_佛山市科镁电器科技有限公司新建项目_01_受理公告或公示版.pdf,.pdf,pdf_pypdf,13,六、结论,E:\华南理工项目\环评文件汇总\01_GitHub项目与研究文档\eia-openclaw-sync-chen2026\05_QA测试集\人工核查_环评报告出处整理_20260715\环评报告文件_按正文一级章节拆分_20260727\PL086_佛山市科镁电器科技有限公司新建项目_01_受理公告或公示版\13_六、结论.md,7,168
E:\华南理工项目\环评文件汇总\01_GitHub项目与研究文档\eia-openclaw-sync-chen2026\05_QA测试集\人工核查_环评报告出处整理_20260715\环评报告文件_按问答顺序\PL086_佛山市科镁电器科技有限公司新建项目_01_受理公告或公示版.pdf,PL086_佛山市科镁电器科技有限公司新建项目_01_受理公告或公示版.pdf,.pdf,pdf_pypdf,14,附表附图附件,E:\华南理工项目\环评文件汇总\01_GitHub项目与研究文档\eia-openclaw-sync-chen2026\05_QA测试集\人工核查_环评报告出处整理_20260715\环评报告文件_按正文一级章节拆分_20260727\PL086_佛山市科镁电器科技有限公司新建项目_01_受理公告或公示版\14_附表附图附件.md,131,1817
E:\华南理工项目\环评文件汇总\01_GitHub项目与研究文档\eia-openclaw-sync-chen2026\05_QA测试集\人工核查_环评报告出处整理_20260715\环评报告文件_按问答顺序\PL087_佛山市安邵塑胶制品有限公司新建项目_01_受理公告或公示版.pdf,PL087_佛山市安邵塑胶制品有限公司新建项目_01_受理公告或公示版.pdf,.pdf,pdf_pypdf,1,封面及目录,E:\华南理工项目\环评文件汇总\01_GitHub项目与研究文档\eia-openclaw-sync-chen2026\05_QA测试集\人工核查_环评报告出处整理_20260715\环评报告文件_按正文一级章节拆分_20260727\PL087_佛山市安邵塑胶制品有限公司新建项目_01_受理公告或公示版\01_封面及目录.md,2,24
E:\华南理工项目\环评文件汇总\01_GitHub项目与研究文档\eia-openclaw-sync-chen2026\05_QA测试集\人工核查_环评报告出处整理_20260715\环评报告文件_按问答顺序\PL087_佛山市安邵塑胶制品有限公司新建项目_01_受理公告或公示版.pdf,PL087_佛山市安邵塑胶制品有限公司新建项目_01_受理公告或公示版.pdf,.pdf,pdf_pypdf,2,一、建设项目基本情况 ............................................................................................................ 1,E:\华南理工项目\环评文件汇总\01_GitHub项目与研究文档\eia-openclaw-sync-chen2026\05_QA测试集\人工核查_环评报告出处整理_20260715\环评报告文件_按正文一级章节拆分_20260727\PL087_佛山市安邵塑胶制品有限公司新建项目_01_受理公告或公示版\02_一、建设项目基本情况.md,1,122
E:\华南理工项目\环评文件汇总\01_GitHub项目与研究文档\eia-openclaw-sync-chen2026\05_QA测试集\人工核查_环评报告出处整理_20260715\环评报告文件_按问答顺序\PL087_佛山市安邵塑胶制品有限公司新建项目_01_受理公告或公示版.pdf,PL087_佛山市安邵塑胶制品有限公司新建项目_01_受理公告或公示版.pdf,.pdf,pdf_pypdf,3,二、建设项目工程分析 .......................................................................................................... 12,E:\华南理工项目\环评文件汇总\01_GitHub项目与研究文档\eia-openclaw-sync-chen2026\05_QA测试集\人工核查_环评报告出处整理_20260715\环评报告文件_按正文一级章节拆分_20260727\PL087_佛山市安邵塑胶制品有限公司新建项目_01_受理公告或公示版\03_二、建设项目工程分析.md,2,206
E:\华南理工项目\环评文件汇总\01_GitHub项目与研究文档\eia-openclaw-sync-chen2026\05_QA测试集\人工核查_环评报告出处整理_20260715\环评报告文件_按问答顺序\PL087_佛山市安邵塑胶制品有限公司新建项目_01_受理公告或公示版.pdf,PL087_佛山市安邵塑胶制品有限公司新建项目_01_受理公告或公示版.pdf,.pdf,pdf_pypdf,4,四、主要环境影响和保护措施 .............................................................................................. 31,E:\华南理工项目\环评文件汇总\01_GitHub项目与研究文档\eia-openclaw-sync-chen2026\05_QA测试集\人工核查_环评报告出处整理_20260715\环评报告文件_按正文一级章节拆分_20260727\PL087_佛山市安邵塑胶制品有限公司新建项目_01_受理公告或公示版\04_四、主要环境影响和保护措施.md,1,112
E:\华南理工项目\环评文件汇总\01_GitHub项目与研究文档\eia-openclaw-sync-chen2026\05_QA测试集\人工核查_环评报告出处整理_20260715\环评报告文件_按问答顺序\PL087_佛山市安邵塑胶制品有限公司新建项目_01_受理公告或公示版.pdf,PL087_佛山市安邵塑胶制品有限公司新建项目_01_受理公告或公示版.pdf,.pdf,pdf_pypdf,5,五、环境保护措施监督检查清单 .......................................................................................... 56,E:\华南理工项目\环评文件汇总\01_GitHub项目与研究文档\eia-openclaw-sync-chen2026\05_QA测试集\人工核查_环评报告出处整理_20260715\环评报告文件_按正文一级章节拆分_20260727\PL087_佛山市安邵塑胶制品有限公司新建项目_01_受理公告或公示版\05_五、环境保护措施监督检查清单.md,1,109
E:\华南理工项目\环评文件汇总\01_GitHub项目与研究文档\eia-openclaw-sync-chen2026\05_QA测试集\人工核查_环评报告出处整理_20260715\环评报告文件_按问答顺序\PL087_佛山市安邵塑胶制品有限公司新建项目_01_受理公告或公示版.pdf,PL087_佛山市安邵塑胶制品有限公司新建项目_01_受理公告或公示版.pdf,.pdf,pdf_pypdf,6,六、结论 .................................................................................................................................. 60,E:\华南理工项目\环评文件汇总\01_GitHub项目与研究文档\eia-openclaw-sync-chen2026\05_QA测试集\人工核查_环评报告出处整理_20260715\环评报告文件_按正文一级章节拆分_20260727\PL087_佛山市安邵塑胶制品有限公司新建项目_01_受理公告或公示版\06_六、结论.md,1,139
E:\华南理工项目\环评文件汇总\01_GitHub项目与研究文档\eia-openclaw-sync-chen2026\05_QA测试集\人工核查_环评报告出处整理_20260715\环评报告文件_按问答顺序\PL087_佛山市安邵塑胶制品有限公司新建项目_01_受理公告或公示版.pdf,PL087_佛山市安邵塑胶制品有限公司新建项目_01_受理公告或公示版.pdf,.pdf,pdf_pypdf,7,附表附图附件,E:\华南理工项目\环评文件汇总\01_GitHub项目与研究文档\eia-openclaw-sync-chen2026\05_QA测试集\人工核查_环评报告出处整理_20260715\环评报告文件_按正文一级章节拆分_20260727\PL087_佛山市安邵塑胶制品有限公司新建项目_01_受理公告或公示版\07_附表附图附件.md,22,2255
E:\华南理工项目\环评文件汇总\01_GitHub项目与研究文档\eia-openclaw-sync-chen2026\05_QA测试集\人工核查_环评报告出处整理_20260715\环评报告文件_按问答顺序\PL087_佛山市安邵塑胶制品有限公司新建项目_01_受理公告或公示版.pdf,PL087_佛山市安邵塑胶制品有限公司新建项目_01_受理公告或公示版.pdf,.pdf,pdf_pypdf,8,一、建设项目基本情况,E:\华南理工项目\环评文件汇总\01_GitHub项目与研究文档\eia-openclaw-sync-chen2026\05_QA测试集\人工核查_环评报告出处整理_20260715\环评报告文件_按正文一级章节拆分_20260727\PL087_佛山市安邵塑胶制品有限公司新建项目_01_受理公告或公示版\08_一、建设项目基本情况.md,806,10963
E:\华南理工项目\环评文件汇总\01_GitHub项目与研究文档\eia-openclaw-sync-chen2026\05_QA测试集\人工核查_环评报告出处整理_20260715\环评报告文件_按问答顺序\PL087_佛山市安邵塑胶制品有限公司新建项目_01_受理公告或公示版.pdf,PL087_佛山市安邵塑胶制品有限公司新建项目_01_受理公告或公示版.pdf,.pdf,pdf_pypdf,9,二、建设项目工程分析,E:\华南理工项目\环评文件汇总\01_GitHub项目与研究文档\eia-openclaw-sync-chen2026\05_QA测试集\人工核查_环评报告出处整理_20260715\环评报告文件_按正文一级章节拆分_20260727\PL087_佛山市安邵塑胶制品有限公司新建项目_01_受理公告或公示版\09_二、建设项目工程分析.md,450,9832
E:\华南理工项目\环评文件汇总\01_GitHub项目与研究文档\eia-openclaw-sync-chen2026\05_QA测试集\人工核查_环评报告出处整理_20260715\环评报告文件_按问答顺序\PL087_佛山市安邵塑胶制品有限公司新建项目_01_受理公告或公示版.pdf,PL087_佛山市安邵塑胶制品有限公司新建项目_01_受理公告或公示版.pdf,.pdf,pdf_pypdf,10,三、区域环境质量现状、环境保护目标及评价标准,E:\华南理工项目\环评文件汇总\01_GitHub项目与研究文档\eia-openclaw-sync-chen2026\05_QA测试集\人工核查_环评报告出处整理_20260715\环评报告文件_按正文一级章节拆分_20260727\PL087_佛山市安邵塑胶制品有限公司新建项目_01_受理公告或公示版\10_三、区域环境质量现状、环境保护目标及评价标准.md,48,1042
E:\华南理工项目\环评文件汇总\01_GitHub项目与研究文档\eia-openclaw-sync-chen2026\05_QA测试集\人工核查_环评报告出处整理_20260715\环评报告文件_按问答顺序\PL087_佛山市安邵塑胶制品有限公司新建项目_01_受理公告或公示版.pdf,PL087_佛山市安邵塑胶制品有限公司新建项目_01_受理公告或公示版.pdf,.pdf,pdf_pypdf,11,附表附图附件,E:\华南理工项目\环评文件汇总\01_GitHub项目与研究文档\eia-openclaw-sync-chen2026\05_QA测试集\人工核查_环评报告出处整理_20260715\环评报告文件_按正文一级章节拆分_20260727\PL087_佛山市安邵塑胶制品有限公司新建项目_01_受理公告或公示版\11_附表附图附件.md,254,4264
E:\华南理工项目\环评文件汇总\01_GitHub项目与研究文档\eia-openclaw-sync-chen2026\05_QA测试集\人工核查_环评报告出处整理_20260715\环评报告文件_按问答顺序\PL087_佛山市安邵塑胶制品有限公司新建项目_01_受理公告或公示版.pdf,PL087_佛山市安邵塑胶制品有限公司新建项目_01_受理公告或公示版.pdf,.pdf,pdf_pypdf,12,四、主要环境影响和保护措施,E:\华南理工项目\环评文件汇总\01_GitHub项目与研究文档\eia-openclaw-sync-chen2026\05_QA测试集\人工核查_环评报告出处整理_20260715\环评报告文件_按正文一级章节拆分_20260727\PL087_佛山市安邵塑胶制品有限公司新建项目_01_受理公告或公示版\12_四、主要环境影响和保护措施.md,1117,19503
E:\华南理工项目\环评文件汇总\01_GitHub项目与研究文档\eia-openclaw-sync-chen2026\05_QA测试集\人工核查_环评报告出处整理_20260715\环评报告文件_按问答顺序\PL087_佛山市安邵塑胶制品有限公司新建项目_01_受理公告或公示版.pdf,PL087_佛山市安邵塑胶制品有限公司新建项目_01_受理公告或公示版.pdf,.pdf,pdf_pypdf,13,五、环境保护措施监督检查清单,E:\华南理工项目\环评文件汇总\01_GitHub项目与研究文档\eia-openclaw-sync-chen2026\05_QA测试集\人工核查_环评报告出处整理_20260715\环评报告文件_按正文一级章节拆分_20260727\PL087_佛山市安邵塑胶制品有限公司新建项目_01_受理公告或公示版\13_五、环境保护措施监督检查清单.md,185,3094
E:\华南理工项目\环评文件汇总\01_GitHub项目与研究文档\eia-openclaw-sync-chen2026\05_QA测试集\人工核查_环评报告出处整理_20260715\环评报告文件_按问答顺序\PL087_佛山市安邵塑胶制品有限公司新建项目_01_受理公告或公示版.pdf,PL087_佛山市安邵塑胶制品有限公司新建项目_01_受理公告或公示版.pdf,.pdf,pdf_pypdf,14,六、结论,E:\华南理工项目\环评文件汇总\01_GitHub项目与研究文档\eia-openclaw-sync-chen2026\05_QA测试集\人工核查_环评报告出处整理_20260715\环评报告文件_按正文一级章节拆分_20260727\PL087_佛山市安邵塑胶制品有限公司新建项目_01_受理公告或公示版\14_六、结论.md,12,323
E:\华南理工项目\环评文件汇总\01_GitHub项目与研究文档\eia-openclaw-sync-chen2026\05_QA测试集\人工核查_环评报告出处整理_20260715\环评报告文件_按问答顺序\PL087_佛山市安邵塑胶制品有限公司新建项目_01_受理公告或公示版.pdf,PL087_佛山市安邵塑胶制品有限公司新建项目_01_受理公告或公示版.pdf,.pdf,pdf_pypdf,15,附表附图附件,E:\华南理工项目\环评文件汇总\01_GitHub项目与研究文档\eia-openclaw-sync-chen2026\05_QA测试集\人工核查_环评报告出处整理_20260715\环评报告文件_按正文一级章节拆分_20260727\PL087_佛山市安邵塑胶制品有限公司新建项目_01_受理公告或公示版\15_附表附图附件.md,202,3342
E:\华南理工项目\环评文件汇总\01_GitHub项目与研究文档\eia-openclaw-sync-chen2026\05_QA测试集\人工核查_环评报告出处整理_20260715\环评报告文件_按问答顺序\PL088_佛山市优力塑电器有限公司新建项目_01_报批稿或报告表.pdf,PL088_佛山市优力塑电器有限公司新建项目_01_报批稿或报告表.pdf,.pdf,pdf_pypdf,1,封面及目录,E:\华南理工项目\环评文件汇总\01_GitHub项目与研究文档\eia-openclaw-sync-chen2026\05_QA测试集\人工核查_环评报告出处整理_20260715\环评报告文件_按正文一级章节拆分_20260727\PL088_佛山市优力塑电器有限公司新建项目_01_报批稿或报告表\01_封面及目录.md,2,24
E:\华南理工项目\环评文件汇总\01_GitHub项目与研究文档\eia-openclaw-sync-chen2026\05_QA测试集\人工核查_环评报告出处整理_20260715\环评报告文件_按问答顺序\PL088_佛山市优力塑电器有限公司新建项目_01_报批稿或报告表.pdf,PL088_佛山市优力塑电器有限公司新建项目_01_报批稿或报告表.pdf,.pdf,pdf_pypdf,2,一、建设项目基本情况 ...............................................................................................................................1,E:\华南理工项目\环评文件汇总\01_GitHub项目与研究文档\eia-openclaw-sync-chen2026\05_QA测试集\人工核查_环评报告出处整理_20260715\环评报告文件_按正文一级章节拆分_20260727\PL088_佛山市优力塑电器有限公司新建项目_01_报批稿或报告表\02_一、建设项目基本情况.md,1,140
E:\华南理工项目\环评文件汇总\01_GitHub项目与研究文档\eia-openclaw-sync-chen2026\05_QA测试集\人工核查_环评报告出处整理_20260715\环评报告文件_按问答顺序\PL088_佛山市优力塑电器有限公司新建项目_01_报批稿或报告表.pdf,PL088_佛山市优力塑电器有限公司新建项目_01_报批稿或报告表.pdf,.pdf,pdf_pypdf,3,二、建设项目工程分析 .............................................................................................................................12,E:\华南理工项目\环评文件汇总\01_GitHub项目与研究文档\eia-openclaw-sync-chen2026\05_QA测试集\人工核查_环评报告出处整理_20260715\环评报告文件_按正文一级章节拆分_20260727\PL088_佛山市优力塑电器有限公司新建项目_01_报批稿或报告表\03_二、建设项目工程分析.md,2,242
E:\华南理工项目\环评文件汇总\01_GitHub项目与研究文档\eia-openclaw-sync-chen2026\05_QA测试集\人工核查_环评报告出处整理_20260715\环评报告文件_按问答顺序\PL088_佛山市优力塑电器有限公司新建项目_01_报批稿或报告表.pdf,PL088_佛山市优力塑电器有限公司新建项目_01_报批稿或报告表.pdf,.pdf,pdf_pypdf,4,四、主要环境影响和保护措施 .................................................................................................................29,E:\华南理工项目\环评文件汇总\01_GitHub项目与研究文档\eia-openclaw-sync-chen2026\05_QA测试集\人工核查_环评报告出处整理_20260715\环评报告文件_按正文一级章节拆分_20260727\PL088_佛山市优力塑电器有限公司新建项目_01_报批稿或报告表\04_四、主要环境影响和保护措施.md,1,130
E:\华南理工项目\环评文件汇总\01_GitHub项目与研究文档\eia-openclaw-sync-chen2026\05_QA测试集\人工核查_环评报告出处整理_20260715\环评报告文件_按问答顺序\PL088_佛山市优力塑电器有限公司新建项目_01_报批稿或报告表.pdf,PL088_佛山市优力塑电器有限公司新建项目_01_报批稿或报告表.pdf,.pdf,pdf_pypdf,5,五、环境保护措施监督检查清单 .............................................................................................................70,E:\华南理工项目\环评文件汇总\01_GitHub项目与研究文档\eia-openclaw-sync-chen2026\05_QA测试集\人工核查_环评报告出处整理_20260715\环评报告文件_按正文一级章节拆分_20260727\PL088_佛山市优力塑电器有限公司新建项目_01_报批稿或报告表\05_五、环境保护措施监督检查清单.md,1,127
E:\华南理工项目\环评文件汇总\01_GitHub项目与研究文档\eia-openclaw-sync-chen2026\05_QA测试集\人工核查_环评报告出处整理_20260715\环评报告文件_按问答顺序\PL088_佛山市优力塑电器有限公司新建项目_01_报批稿或报告表.pdf,PL088_佛山市优力塑电器有限公司新建项目_01_报批稿或报告表.pdf,.pdf,pdf_pypdf,6,六、结论 .....................................................................................................................................................73,E:\华南理工项目\环评文件汇总\01_GitHub项目与研究文档\eia-openclaw-sync-chen2026\05_QA测试集\人工核查_环评报告出处整理_20260715\环评报告文件_按正文一级章节拆分_20260727\PL088_佛山市优力塑电器有限公司新建项目_01_报批稿或报告表\06_六、结论.md,2,287
E:\华南理工项目\环评文件汇总\01_GitHub项目与研究文档\eia-openclaw-sync-chen2026\05_QA测试集\人工核查_环评报告出处整理_20260715\环评报告文件_按问答顺序\PL088_佛山市优力塑电器有限公司新建项目_01_报批稿或报告表.pdf,PL088_佛山市优力塑电器有限公司新建项目_01_报批稿或报告表.pdf,.pdf,pdf_pypdf,7,附表附图附件,E:\华南理工项目\环评文件汇总\01_GitHub项目与研究文档\eia-openclaw-sync-chen2026\05_QA测试集\人工核查_环评报告出处整理_20260715\环评报告文件_按正文一级章节拆分_20260727\PL088_佛山市优力塑电器有限公司新建项目_01_报批稿或报告表\07_附表附图附件.md,20,2469
E:\华南理工项目\环评文件汇总\01_GitHub项目与研究文档\eia-openclaw-sync-chen2026\05_QA测试集\人工核查_环评报告出处整理_20260715\环评报告文件_按问答顺序\PL088_佛山市优力塑电器有限公司新建项目_01_报批稿或报告表.pdf,PL088_佛山市优力塑电器有限公司新建项目_01_报批稿或报告表.pdf,.pdf,pdf_pypdf,8,一、建设项目基本情况,E:\华南理工项目\环评文件汇总\01_GitHub项目与研究文档\eia-openclaw-sync-chen2026\05_QA测试集\人工核查_环评报告出处整理_20260715\环评报告文件_按正文一级章节拆分_20260727\PL088_佛山市优力塑电器有限公司新建项目_01_报批稿或报告表\08_一、建设项目基本情况.md,711,10091
E:\华南理工项目\环评文件汇总\01_GitHub项目与研究文档\eia-openclaw-sync-chen2026\05_QA测试集\人工核查_环评报告出处整理_20260715\环评报告文件_按问答顺序\PL088_佛山市优力塑电器有限公司新建项目_01_报批稿或报告表.pdf,PL088_佛山市优力塑电器有限公司新建项目_01_报批稿或报告表.pdf,.pdf,pdf_pypdf,9,二、建设项目工程分析,E:\华南理工项目\环评文件汇总\01_GitHub项目与研究文档\eia-openclaw-sync-chen2026\05_QA测试集\人工核查_环评报告出处整理_20260715\环评报告文件_按正文一级章节拆分_20260727\PL088_佛山市优力塑电器有限公司新建项目_01_报批稿或报告表\09_二、建设项目工程分析.md,226,4347
E:\华南理工项目\环评文件汇总\01_GitHub项目与研究文档\eia-openclaw-sync-chen2026\05_QA测试集\人工核查_环评报告出处整理_20260715\环评报告文件_按问答顺序\PL088_佛山市优力塑电器有限公司新建项目_01_报批稿或报告表.pdf,PL088_佛山市优力塑电器有限公司新建项目_01_报批稿或报告表.pdf,.pdf,pdf_pypdf,10,附表附图附件,E:\华南理工项目\环评文件汇总\01_GitHub项目与研究文档\eia-openclaw-sync-chen2026\05_QA测试集\人工核查_环评报告出处整理_20260715\环评报告文件_按正文一级章节拆分_20260727\PL088_佛山市优力塑电器有限公司新建项目_01_报批稿或报告表\10_附表附图附件.md,127,2070
E:\华南理工项目\环评文件汇总\01_GitHub项目与研究文档\eia-openclaw-sync-chen2026\05_QA测试集\人工核查_环评报告出处整理_20260715\环评报告文件_按问答顺序\PL088_佛山市优力塑电器有限公司新建项目_01_报批稿或报告表.pdf,PL088_佛山市优力塑电器有限公司新建项目_01_报批稿或报告表.pdf,.pdf,pdf_pypdf,11,三、区域环境质量现状、环境保护目标及评价标准,E:\华南理工项目\环评文件汇总\01_GitHub项目与研究文档\eia-openclaw-sync-chen2026\05_QA测试集\人工核查_环评报告出处整理_20260715\环评报告文件_按正文一级章节拆分_20260727\PL088_佛山市优力塑电器有限公司新建项目_01_报批稿或报告表\11_三、区域环境质量现状、环境保护目标及评价标准.md,183,4169
E:\华南理工项目\环评文件汇总\01_GitHub项目与研究文档\eia-openclaw-sync-chen2026\05_QA测试集\人工核查_环评报告出处整理_20260715\环评报告文件_按问答顺序\PL088_佛山市优力塑电器有限公司新建项目_01_报批稿或报告表.pdf,PL088_佛山市优力塑电器有限公司新建项目_01_报批稿或报告表.pdf,.pdf,pdf_pypdf,12,四、主要环境影响和保护措施,E:\华南理工项目\环评文件汇总\01_GitHub项目与研究文档\eia-openclaw-sync-chen2026\05_QA测试集\人工核查_环评报告出处整理_20260715\环评报告文件_按正文一级章节拆分_20260727\PL088_佛山市优力塑电器有限公司新建项目_01_报批稿或报告表\12_四、主要环境影响和保护措施.md,1156,28022
E:\华南理工项目\环评文件汇总\01_GitHub项目与研究文档\eia-openclaw-sync-chen2026\05_QA测试集\人工核查_环评报告出处整理_20260715\环评报告文件_按问答顺序\PL088_佛山市优力塑电器有限公司新建项目_01_报批稿或报告表.pdf,PL088_佛山市优力塑电器有限公司新建项目_01_报批稿或报告表.pdf,.pdf,pdf_pypdf,13,五、环境保护措施监督检查清单,E:\华南理工项目\环评文件汇总\01_GitHub项目与研究文档\eia-openclaw-sync-chen2026\05_QA测试集\人工核查_环评报告出处整理_20260715\环评报告文件_按正文一级章节拆分_20260727\PL088_佛山市优力塑电器有限公司新建项目_01_报批稿或报告表\13_五、环境保护措施监督检查清单.md,150,2358
E:\华南理工项目\环评文件汇总\01_GitHub项目与研究文档\eia-openclaw-sync-chen2026\05_QA测试集\人工核查_环评报告出处整理_20260715\环评报告文件_按问答顺序\PL088_佛山市优力塑电器有限公司新建项目_01_报批稿或报告表.pdf,PL088_佛山市优力塑电器有限公司新建项目_01_报批稿或报告表.pdf,.pdf,pdf_pypdf,14,六、结论,E:\华南理工项目\环评文件汇总\01_GitHub项目与研究文档\eia-openclaw-sync-chen2026\05_QA测试集\人工核查_环评报告出处整理_20260715\环评报告文件_按正文一级章节拆分_20260727\PL088_佛山市优力塑电器有限公司新建项目_01_报批稿或报告表\14_六、结论.md,9,218
E:\华南理工项目\环评文件汇总\01_GitHub项目与研究文档\eia-openclaw-sync-chen2026\05_QA测试集\人工核查_环评报告出处整理_20260715\环评报告文件_按问答顺序\PL088_佛山市优力塑电器有限公司新建项目_01_报批稿或报告表.pdf,PL088_佛山市优力塑电器有限公司新建项目_01_报批稿或报告表.pdf,.pdf,pdf_pypdf,15,附表附图附件,E:\华南理工项目\环评文件汇总\01_GitHub项目与研究文档\eia-openclaw-sync-chen2026\05_QA测试集\人工核查_环评报告出处整理_20260715\环评报告文件_按正文一级章节拆分_20260727\PL088_佛山市优力塑电器有限公司新建项目_01_报批稿或报告表\15_附表附图附件.md,129,1854
E:\华南理工项目\环评文件汇总\01_GitHub项目与研究文档\eia-openclaw-sync-chen2026\05_QA测试集\人工核查_环评报告出处整理_20260715\环评报告文件_按问答顺序\PL089_佛山市永佳奕科技有限公司扩建项目_01_受理公告或公示版.pdf,PL089_佛山市永佳奕科技有限公司扩建项目_01_受理公告或公示版.pdf,.pdf,pdf_pypdf,1,封面及目录,E:\华南理工项目\环评文件汇总\01_GitHub项目与研究文档\eia-openclaw-sync-chen2026\05_QA测试集\人工核查_环评报告出处整理_20260715\环评报告文件_按正文一级章节拆分_20260727\PL089_佛山市永佳奕科技有限公司扩建项目_01_受理公告或公示版\01_封面及目录.md,2,25
E:\华南理工项目\环评文件汇总\01_GitHub项目与研究文档\eia-openclaw-sync-chen2026\05_QA测试集\人工核查_环评报告出处整理_20260715\环评报告文件_按问答顺序\PL089_佛山市永佳奕科技有限公司扩建项目_01_受理公告或公示版.pdf,PL089_佛山市永佳奕科技有限公司扩建项目_01_受理公告或公示版.pdf,.pdf,pdf_pypdf,2,一、建设项目基本情况 ....................................................................................................................... 1,E:\华南理工项目\环评文件汇总\01_GitHub项目与研究文档\eia-openclaw-sync-chen2026\05_QA测试集\人工核查_环评报告出处整理_20260715\环评报告文件_按正文一级章节拆分_20260727\PL089_佛山市永佳奕科技有限公司扩建项目_01_受理公告或公示版\02_一、建设项目基本情况.md,1,133
E:\华南理工项目\环评文件汇总\01_GitHub项目与研究文档\eia-openclaw-sync-chen2026\05_QA测试集\人工核查_环评报告出处整理_20260715\环评报告文件_按问答顺序\PL089_佛山市永佳奕科技有限公司扩建项目_01_受理公告或公示版.pdf,PL089_佛山市永佳奕科技有限公司扩建项目_01_受理公告或公示版.pdf,.pdf,pdf_pypdf,3,二、建设项目工程分析 ..................................................................................................................... 12,E:\华南理工项目\环评文件汇总\01_GitHub项目与研究文档\eia-openclaw-sync-chen2026\05_QA测试集\人工核查_环评报告出处整理_20260715\环评报告文件_按正文一级章节拆分_20260727\PL089_佛山市永佳奕科技有限公司扩建项目_01_受理公告或公示版\03_二、建设项目工程分析.md,2,228
E:\华南理工项目\环评文件汇总\01_GitHub项目与研究文档\eia-openclaw-sync-chen2026\05_QA测试集\人工核查_环评报告出处整理_20260715\环评报告文件_按问答顺序\PL089_佛山市永佳奕科技有限公司扩建项目_01_受理公告或公示版.pdf,PL089_佛山市永佳奕科技有限公司扩建项目_01_受理公告或公示版.pdf,.pdf,pdf_pypdf,4,四、 主要环境影响和保护措施 ....................................................................................................... 32,E:\华南理工项目\环评文件汇总\01_GitHub项目与研究文档\eia-openclaw-sync-chen2026\05_QA测试集\人工核查_环评报告出处整理_20260715\环评报告文件_按正文一级章节拆分_20260727\PL089_佛山市永佳奕科技有限公司扩建项目_01_受理公告或公示版\04_四、_主要环境影响和保护措施.md,1,122
E:\华南理工项目\环评文件汇总\01_GitHub项目与研究文档\eia-openclaw-sync-chen2026\05_QA测试集\人工核查_环评报告出处整理_20260715\环评报告文件_按问答顺序\PL089_佛山市永佳奕科技有限公司扩建项目_01_受理公告或公示版.pdf,PL089_佛山市永佳奕科技有限公司扩建项目_01_受理公告或公示版.pdf,.pdf,pdf_pypdf,5,五、环境保护措施监督检查清单 ..................................................................................................... 51,E:\华南理工项目\环评文件汇总\01_GitHub项目与研究文档\eia-openclaw-sync-chen2026\05_QA测试集\人工核查_环评报告出处整理_20260715\环评报告文件_按正文一级章节拆分_20260727\PL089_佛山市永佳奕科技有限公司扩建项目_01_受理公告或公示版\05_五、环境保护措施监督检查清单.md,1,120
E:\华南理工项目\环评文件汇总\01_GitHub项目与研究文档\eia-openclaw-sync-chen2026\05_QA测试集\人工核查_环评报告出处整理_20260715\环评报告文件_按问答顺序\PL089_佛山市永佳奕科技有限公司扩建项目_01_受理公告或公示版.pdf,PL089_佛山市永佳奕科技有限公司扩建项目_01_受理公告或公示版.pdf,.pdf,pdf_pypdf,6,六、结论 ............................................................................................................................................. 54,E:\华南理工项目\环评文件汇总\01_GitHub项目与研究文档\eia-openclaw-sync-chen2026\05_QA测试集\人工核查_环评报告出处整理_20260715\环评报告文件_按正文一级章节拆分_20260727\PL089_佛山市永佳奕科技有限公司扩建项目_01_受理公告或公示版\06_六、结论.md,2,273
E:\华南理工项目\环评文件汇总\01_GitHub项目与研究文档\eia-openclaw-sync-chen2026\05_QA测试集\人工核查_环评报告出处整理_20260715\环评报告文件_按问答顺序\PL089_佛山市永佳奕科技有限公司扩建项目_01_受理公告或公示版.pdf,PL089_佛山市永佳奕科技有限公司扩建项目_01_受理公告或公示版.pdf,.pdf,pdf_pypdf,7,附表附图附件,E:\华南理工项目\环评文件汇总\01_GitHub项目与研究文档\eia-openclaw-sync-chen2026\05_QA测试集\人工核查_环评报告出处整理_20260715\环评报告文件_按正文一级章节拆分_20260727\PL089_佛山市永佳奕科技有限公司扩建项目_01_受理公告或公示版\07_附表附图附件.md,20,2255
E:\华南理工项目\环评文件汇总\01_GitHub项目与研究文档\eia-openclaw-sync-chen2026\05_QA测试集\人工核查_环评报告出处整理_20260715\环评报告文件_按问答顺序\PL089_佛山市永佳奕科技有限公司扩建项目_01_受理公告或公示版.pdf,PL089_佛山市永佳奕科技有限公司扩建项目_01_受理公告或公示版.pdf,.pdf,pdf_pypdf,8,一、建设项目基本情况,E:\华南理工项目\环评文件汇总\01_GitHub项目与研究文档\eia-openclaw-sync-chen2026\05_QA测试集\人工核查_环评报告出处整理_20260715\环评报告文件_按正文一级章节拆分_20260727\PL089_佛山市永佳奕科技有限公司扩建项目_01_受理公告或公示版\08_一、建设项目基本情况.md,715,12789
E:\华南理工项目\环评文件汇总\01_GitHub项目与研究文档\eia-openclaw-sync-chen2026\05_QA测试集\人工核查_环评报告出处整理_20260715\环评报告文件_按问答顺序\PL089_佛山市永佳奕科技有限公司扩建项目_01_受理公告或公示版.pdf,PL089_佛山市永佳奕科技有限公司扩建项目_01_受理公告或公示版.pdf,.pdf,pdf_pypdf,9,二、建设项目工程分析,E:\华南理工项目\环评文件汇总\01_GitHub项目与研究文档\eia-openclaw-sync-chen2026\05_QA测试集\人工核查_环评报告出处整理_20260715\环评报告文件_按正文一级章节拆分_20260727\PL089_佛山市永佳奕科技有限公司扩建项目_01_受理公告或公示版\09_二、建设项目工程分析.md,325,6053
E:\华南理工项目\环评文件汇总\01_GitHub项目与研究文档\eia-openclaw-sync-chen2026\05_QA测试集\人工核查_环评报告出处整理_20260715\环评报告文件_按问答顺序\PL089_佛山市永佳奕科技有限公司扩建项目_01_受理公告或公示版.pdf,PL089_佛山市永佳奕科技有限公司扩建项目_01_受理公告或公示版.pdf,.pdf,pdf_pypdf,10,附表附图附件,E:\华南理工项目\环评文件汇总\01_GitHub项目与研究文档\eia-openclaw-sync-chen2026\05_QA测试集\人工核查_环评报告出处整理_20260715\环评报告文件_按正文一级章节拆分_20260727\PL089_佛山市永佳奕科技有限公司扩建项目_01_受理公告或公示版\10_附表附图附件.md,600,10030
E:\华南理工项目\环评文件汇总\01_GitHub项目与研究文档\eia-openclaw-sync-chen2026\05_QA测试集\人工核查_环评报告出处整理_20260715\环评报告文件_按问答顺序\PL089_佛山市永佳奕科技有限公司扩建项目_01_受理公告或公示版.pdf,PL089_佛山市永佳奕科技有限公司扩建项目_01_受理公告或公示版.pdf,.pdf,pdf_pypdf,11,三、区域环境质量现状、环境保护目标及评价标准,E:\华南理工项目\环评文件汇总\01_GitHub项目与研究文档\eia-openclaw-sync-chen2026\05_QA测试集\人工核查_环评报告出处整理_20260715\环评报告文件_按正文一级章节拆分_20260727\PL089_佛山市永佳奕科技有限公司扩建项目_01_受理公告或公示版\11_三、区域环境质量现状、环境保护目标及评价标准.md,236,5039
E:\华南理工项目\环评文件汇总\01_GitHub项目与研究文档\eia-openclaw-sync-chen2026\05_QA测试集\人工核查_环评报告出处整理_20260715\环评报告文件_按问答顺序\PL089_佛山市永佳奕科技有限公司扩建项目_01_受理公告或公示版.pdf,PL089_佛山市永佳奕科技有限公司扩建项目_01_受理公告或公示版.pdf,.pdf,pdf_pypdf,12,四、主要环境影响和保护措施,E:\华南理工项目\环评文件汇总\01_GitHub项目与研究文档\eia-openclaw-sync-chen2026\05_QA测试集\人工核查_环评报告出处整理_20260715\环评报告文件_按正文一级章节拆分_20260727\PL089_佛山市永佳奕科技有限公司扩建项目_01_受理公告或公示版\12_四、主要环境影响和保护措施.md,1204,21683
E:\华南理工项目\环评文件汇总\01_GitHub项目与研究文档\eia-openclaw-sync-chen2026\05_QA测试集\人工核查_环评报告出处整理_20260715\环评报告文件_按问答顺序\PL089_佛山市永佳奕科技有限公司扩建项目_01_受理公告或公示版.pdf,PL089_佛山市永佳奕科技有限公司扩建项目_01_受理公告或公示版.pdf,.pdf,pdf_pypdf,13,五、环境保护措施监督检查清单,E:\华南理工项目\环评文件汇总\01_GitHub项目与研究文档\eia-openclaw-sync-chen2026\05_QA测试集\人工核查_环评报告出处整理_20260715\环评报告文件_按正文一级章节拆分_20260727\PL089_佛山市永佳奕科技有限公司扩建项目_01_受理公告或公示版\13_五、环境保护措施监督检查清单.md,137,2447
E:\华南理工项目\环评文件汇总\01_GitHub项目与研究文档\eia-openclaw-sync-chen2026\05_QA测试集\人工核查_环评报告出处整理_20260715\环评报告文件_按问答顺序\PL089_佛山市永佳奕科技有限公司扩建项目_01_受理公告或公示版.pdf,PL089_佛山市永佳奕科技有限公司扩建项目_01_受理公告或公示版.pdf,.pdf,pdf_pypdf,14,六、结论,E:\华南理工项目\环评文件汇总\01_GitHub项目与研究文档\eia-openclaw-sync-chen2026\05_QA测试集\人工核查_环评报告出处整理_20260715\环评报告文件_按正文一级章节拆分_20260727\PL089_佛山市永佳奕科技有限公司扩建项目_01_受理公告或公示版\14_六、结论.md,7,208
E:\华南理工项目\环评文件汇总\01_GitHub项目与研究文档\eia-openclaw-sync-chen2026\05_QA测试集\人工核查_环评报告出处整理_20260715\环评报告文件_按问答顺序\PL089_佛山市永佳奕科技有限公司扩建项目_01_受理公告或公示版.pdf,PL089_佛山市永佳奕科技有限公司扩建项目_01_受理公告或公示版.pdf,.pdf,pdf_pypdf,15,附表附图附件,E:\华南理工项目\环评文件汇总\01_GitHub项目与研究文档\eia-openclaw-sync-chen2026\05_QA测试集\人工核查_环评报告出处整理_20260715\环评报告文件_按正文一级章节拆分_20260727\PL089_佛山市永佳奕科技有限公司扩建项目_01_受理公告或公示版\15_附表附图附件.md,98,1575
E:\华南理工项目\环评文件汇总\01_GitHub项目与研究文档\eia-openclaw-sync-chen2026\05_QA测试集\人工核查_环评报告出处整理_20260715\环评报告文件_按问答顺序\PL090_佛山市凌锴源模具科技有限公司迁扩建项目_01_受理公告或公示版.pdf,PL090_佛山市凌锴源模具科技有限公司迁扩建项目_01_受理公告或公示版.pdf,.pdf,pdf_pypdf,1,封面及目录,E:\华南理工项目\环评文件汇总\01_GitHub项目与研究文档\eia-openclaw-sync-chen2026\05_QA测试集\人工核查_环评报告出处整理_20260715\环评报告文件_按正文一级章节拆分_20260727\PL090_佛山市凌锴源模具科技有限公司迁扩建项目_01_受理公告或公示版\01_封面及目录.md,2,25
E:\华南理工项目\环评文件汇总\01_GitHub项目与研究文档\eia-openclaw-sync-chen2026\05_QA测试集\人工核查_环评报告出处整理_20260715\环评报告文件_按问答顺序\PL090_佛山市凌锴源模具科技有限公司迁扩建项目_01_受理公告或公示版.pdf,PL090_佛山市凌锴源模具科技有限公司迁扩建项目_01_受理公告或公示版.pdf,.pdf,pdf_pypdf,2,一、建设项目基本情况 .............................................................................................................................. 1,E:\华南理工项目\环评文件汇总\01_GitHub项目与研究文档\eia-openclaw-sync-chen2026\05_QA测试集\人工核查_环评报告出处整理_20260715\环评报告文件_按正文一级章节拆分_20260727\PL090_佛山市凌锴源模具科技有限公司迁扩建项目_01_受理公告或公示版\02_一、建设项目基本情况.md,1,140
E:\华南理工项目\环评文件汇总\01_GitHub项目与研究文档\eia-openclaw-sync-chen2026\05_QA测试集\人工核查_环评报告出处整理_20260715\环评报告文件_按问答顺序\PL090_佛山市凌锴源模具科技有限公司迁扩建项目_01_受理公告或公示版.pdf,PL090_佛山市凌锴源模具科技有限公司迁扩建项目_01_受理公告或公示版.pdf,.pdf,pdf_pypdf,3,二、建设项目工程分析 ............................................................................................................................ 12,E:\华南理工项目\环评文件汇总\01_GitHub项目与研究文档\eia-openclaw-sync-chen2026\05_QA测试集\人工核查_环评报告出处整理_20260715\环评报告文件_按正文一级章节拆分_20260727\PL090_佛山市凌锴源模具科技有限公司迁扩建项目_01_受理公告或公示版\03_二、建设项目工程分析.md,2,242
E:\华南理工项目\环评文件汇总\01_GitHub项目与研究文档\eia-openclaw-sync-chen2026\05_QA测试集\人工核查_环评报告出处整理_20260715\环评报告文件_按问答顺序\PL090_佛山市凌锴源模具科技有限公司迁扩建项目_01_受理公告或公示版.pdf,PL090_佛山市凌锴源模具科技有限公司迁扩建项目_01_受理公告或公示版.pdf,.pdf,pdf_pypdf,4,四、主要环境影响和保护措施 ................................................................................................................ 37,E:\华南理工项目\环评文件汇总\01_GitHub项目与研究文档\eia-openclaw-sync-chen2026\05_QA测试集\人工核查_环评报告出处整理_20260715\环评报告文件_按正文一级章节拆分_20260727\PL090_佛山市凌锴源模具科技有限公司迁扩建项目_01_受理公告或公示版\04_四、主要环境影响和保护措施.md,1,130
E:\华南理工项目\环评文件汇总\01_GitHub项目与研究文档\eia-openclaw-sync-chen2026\05_QA测试集\人工核查_环评报告出处整理_20260715\环评报告文件_按问答顺序\PL090_佛山市凌锴源模具科技有限公司迁扩建项目_01_受理公告或公示版.pdf,PL090_佛山市凌锴源模具科技有限公司迁扩建项目_01_受理公告或公示版.pdf,.pdf,pdf_pypdf,5,五、环境保护措施监督检查清单 ............................................................................................................ 63,E:\华南理工项目\环评文件汇总\01_GitHub项目与研究文档\eia-openclaw-sync-chen2026\05_QA测试集\人工核查_环评报告出处整理_20260715\环评报告文件_按正文一级章节拆分_20260727\PL090_佛山市凌锴源模具科技有限公司迁扩建项目_01_受理公告或公示版\05_五、环境保护措施监督检查清单.md,1,127
E:\华南理工项目\环评文件汇总\01_GitHub项目与研究文档\eia-openclaw-sync-chen2026\05_QA测试集\人工核查_环评报告出处整理_20260715\环评报告文件_按问答顺序\PL090_佛山市凌锴源模具科技有限公司迁扩建项目_01_受理公告或公示版.pdf,PL090_佛山市凌锴源模具科技有限公司迁扩建项目_01_受理公告或公示版.pdf,.pdf,pdf_pypdf,6,六、结论 .....................................................................................................................................................65,E:\华南理工项目\环评文件汇总\01_GitHub项目与研究文档\eia-openclaw-sync-chen2026\05_QA测试集\人工核查_环评报告出处整理_20260715\环评报告文件_按正文一级章节拆分_20260727\PL090_佛山市凌锴源模具科技有限公司迁扩建项目_01_受理公告或公示版\06_六、结论.md,1,157
E:\华南理工项目\环评文件汇总\01_GitHub项目与研究文档\eia-openclaw-sync-chen2026\05_QA测试集\人工核查_环评报告出处整理_20260715\环评报告文件_按问答顺序\PL090_佛山市凌锴源模具科技有限公司迁扩建项目_01_受理公告或公示版.pdf,PL090_佛山市凌锴源模具科技有限公司迁扩建项目_01_受理公告或公示版.pdf,.pdf,pdf_pypdf,7,附表附图附件,E:\华南理工项目\环评文件汇总\01_GitHub项目与研究文档\eia-openclaw-sync-chen2026\05_QA测试集\人工核查_环评报告出处整理_20260715\环评报告文件_按正文一级章节拆分_20260727\PL090_佛山市凌锴源模具科技有限公司迁扩建项目_01_受理公告或公示版\07_附表附图附件.md,21,2572
E:\华南理工项目\环评文件汇总\01_GitHub项目与研究文档\eia-openclaw-sync-chen2026\05_QA测试集\人工核查_环评报告出处整理_20260715\环评报告文件_按问答顺序\PL090_佛山市凌锴源模具科技有限公司迁扩建项目_01_受理公告或公示版.pdf,PL090_佛山市凌锴源模具科技有限公司迁扩建项目_01_受理公告或公示版.pdf,.pdf,pdf_pypdf,8,一、建设项目基本情况,E:\华南理工项目\环评文件汇总\01_GitHub项目与研究文档\eia-openclaw-sync-chen2026\05_QA测试集\人工核查_环评报告出处整理_20260715\环评报告文件_按正文一级章节拆分_20260727\PL090_佛山市凌锴源模具科技有限公司迁扩建项目_01_受理公告或公示版\08_一、建设项目基本情况.md,797,12913
E:\华南理工项目\环评文件汇总\01_GitHub项目与研究文档\eia-openclaw-sync-chen2026\05_QA测试集\人工核查_环评报告出处整理_20260715\环评报告文件_按问答顺序\PL090_佛山市凌锴源模具科技有限公司迁扩建项目_01_受理公告或公示版.pdf,PL090_佛山市凌锴源模具科技有限公司迁扩建项目_01_受理公告或公示版.pdf,.pdf,pdf_pypdf,9,二、建设项目工程分析,E:\华南理工项目\环评文件汇总\01_GitHub项目与研究文档\eia-openclaw-sync-chen2026\05_QA测试集\人工核查_环评报告出处整理_20260715\环评报告文件_按正文一级章节拆分_20260727\PL090_佛山市凌锴源模具科技有限公司迁扩建项目_01_受理公告或公示版\09_二、建设项目工程分析.md,1077,16191
E:\华南理工项目\环评文件汇总\01_GitHub项目与研究文档\eia-openclaw-sync-chen2026\05_QA测试集\人工核查_环评报告出处整理_20260715\环评报告文件_按问答顺序\PL090_佛山市凌锴源模具科技有限公司迁扩建项目_01_受理公告或公示版.pdf,PL090_佛山市凌锴源模具科技有限公司迁扩建项目_01_受理公告或公示版.pdf,.pdf,pdf_pypdf,10,三、区域环境质量现状、环境保护目标及评价标准,E:\华南理工项目\环评文件汇总\01_GitHub项目与研究文档\eia-openclaw-sync-chen2026\05_QA测试集\人工核查_环评报告出处整理_20260715\环评报告文件_按正文一级章节拆分_20260727\PL090_佛山市凌锴源模具科技有限公司迁扩建项目_01_受理公告或公示版\10_三、区域环境质量现状、环境保护目标及评价标准.md,248,4866
E:\华南理工项目\环评文件汇总\01_GitHub项目与研究文档\eia-openclaw-sync-chen2026\05_QA测试集\人工核查_环评报告出处整理_20260715\环评报告文件_按问答顺序\PL090_佛山市凌锴源模具科技有限公司迁扩建项目_01_受理公告或公示版.pdf,PL090_佛山市凌锴源模具科技有限公司迁扩建项目_01_受理公告或公示版.pdf,.pdf,pdf_pypdf,11,四、主要环境影响和保护措施,E:\华南理工项目\环评文件汇总\01_GitHub项目与研究文档\eia-openclaw-sync-chen2026\05_QA测试集\人工核查_环评报告出处整理_20260715\环评报告文件_按正文一级章节拆分_20260727\PL090_佛山市凌锴源模具科技有限公司迁扩建项目_01_受理公告或公示版\11_四、主要环境影响和保护措施.md,1211,23139
E:\华南理工项目\环评文件汇总\01_GitHub项目与研究文档\eia-openclaw-sync-chen2026\05_QA测试集\人工核查_环评报告出处整理_20260715\环评报告文件_按问答顺序\PL090_佛山市凌锴源模具科技有限公司迁扩建项目_01_受理公告或公示版.pdf,PL090_佛山市凌锴源模具科技有限公司迁扩建项目_01_受理公告或公示版.pdf,.pdf,pdf_pypdf,12,五、环境保护措施监督检查清单,E:\华南理工项目\环评文件汇总\01_GitHub项目与研究文档\eia-openclaw-sync-chen2026\05_QA测试集\人工核查_环评报告出处整理_20260715\环评报告文件_按正文一级章节拆分_20260727\PL090_佛山市凌锴源模具科技有限公司迁扩建项目_01_受理公告或公示版\12_五、环境保护措施监督检查清单.md,118,2013
E:\华南理工项目\环评文件汇总\01_GitHub项目与研究文档\eia-openclaw-sync-chen2026\05_QA测试集\人工核查_环评报告出处整理_20260715\环评报告文件_按问答顺序\PL090_佛山市凌锴源模具科技有限公司迁扩建项目_01_受理公告或公示版.pdf,PL090_佛山市凌锴源模具科技有限公司迁扩建项目_01_受理公告或公示版.pdf,.pdf,pdf_pypdf,13,六、结论,E:\华南理工项目\环评文件汇总\01_GitHub项目与研究文档\eia-openclaw-sync-chen2026\05_QA测试集\人工核查_环评报告出处整理_20260715\环评报告文件_按正文一级章节拆分_20260727\PL090_佛山市凌锴源模具科技有限公司迁扩建项目_01_受理公告或公示版\13_六、结论.md,7,145
E:\华南理工项目\环评文件汇总\01_GitHub项目与研究文档\eia-openclaw-sync-chen2026\05_QA测试集\人工核查_环评报告出处整理_20260715\环评报告文件_按问答顺序\PL090_佛山市凌锴源模具科技有限公司迁扩建项目_01_受理公告或公示版.pdf,PL090_佛山市凌锴源模具科技有限公司迁扩建项目_01_受理公告或公示版.pdf,.pdf,pdf_pypdf,14,附表附图附件,E:\华南理工项目\环评文件汇总\01_GitHub项目与研究文档\eia-openclaw-sync-chen2026\05_QA测试集\人工核查_环评报告出处整理_20260715\环评报告文件_按正文一级章节拆分_20260727\PL090_佛山市凌锴源模具科技有限公司迁扩建项目_01_受理公告或公示版\14_附表附图附件.md,151,2086
E:\华南理工项目\环评文件汇总\01_GitHub项目与研究文档\eia-openclaw-sync-chen2026\05_QA测试集\人工核查_环评报告出处整理_20260715\环评报告文件_按问答顺序\PL091_佛山市集北龙华海绵制造股份有限公司搬迁扩建项目_01_受理公告或公示版.pdf,PL091_佛山市集北龙华海绵制造股份有限公司搬迁扩建项目_01_受理公告或公示版.pdf,.pdf,pdf_pypdf,1,封面及目录,E:\华南理工项目\环评文件汇总\01_GitHub项目与研究文档\eia-openclaw-sync-chen2026\05_QA测试集\人工核查_环评报告出处整理_20260715\环评报告文件_按正文一级章节拆分_20260727\PL091_佛山市集北龙华海绵制造股份有限公司搬迁扩建项目_01_受理公告或公示版\01_封面及目录.md,9,155
E:\华南理工项目\环评文件汇总\01_GitHub项目与研究文档\eia-openclaw-sync-chen2026\05_QA测试集\人工核查_环评报告出处整理_20260715\环评报告文件_按问答顺序\PL091_佛山市集北龙华海绵制造股份有限公司搬迁扩建项目_01_受理公告或公示版.pdf,PL091_佛山市集北龙华海绵制造股份有限公司搬迁扩建项目_01_受理公告或公示版.pdf,.pdf,pdf_pypdf,2,一、建设项目基本情况 ........................................................................................................ 1,E:\华南理工项目\环评文件汇总\01_GitHub项目与研究文档\eia-openclaw-sync-chen2026\05_QA测试集\人工核查_环评报告出处整理_20260715\环评报告文件_按正文一级章节拆分_20260727\PL091_佛山市集北龙华海绵制造股份有限公司搬迁扩建项目_01_受理公告或公示版\02_一、建设项目基本情况.md,1,118
E:\华南理工项目\环评文件汇总\01_GitHub项目与研究文档\eia-openclaw-sync-chen2026\05_QA测试集\人工核查_环评报告出处整理_20260715\环评报告文件_按问答顺序\PL091_佛山市集北龙华海绵制造股份有限公司搬迁扩建项目_01_受理公告或公示版.pdf,PL091_佛山市集北龙华海绵制造股份有限公司搬迁扩建项目_01_受理公告或公示版.pdf,.pdf,pdf_pypdf,3,二、建设项目工程分析 ........................................................................................................ 9,E:\华南理工项目\环评文件汇总\01_GitHub项目与研究文档\eia-openclaw-sync-chen2026\05_QA测试集\人工核查_环评报告出处整理_20260715\环评报告文件_按正文一级章节拆分_20260727\PL091_佛山市集北龙华海绵制造股份有限公司搬迁扩建项目_01_受理公告或公示版\03_二、建设项目工程分析.md,2,199
E:\华南理工项目\环评文件汇总\01_GitHub项目与研究文档\eia-openclaw-sync-chen2026\05_QA测试集\人工核查_环评报告出处整理_20260715\环评报告文件_按问答顺序\PL091_佛山市集北龙华海绵制造股份有限公司搬迁扩建项目_01_受理公告或公示版.pdf,PL091_佛山市集北龙华海绵制造股份有限公司搬迁扩建项目_01_受理公告或公示版.pdf,.pdf,pdf_pypdf,4,四、主要环境影响和保护措施 .......................................................................................... 45,E:\华南理工项目\环评文件汇总\01_GitHub项目与研究文档\eia-openclaw-sync-chen2026\05_QA测试集\人工核查_环评报告出处整理_20260715\环评报告文件_按正文一级章节拆分_20260727\PL091_佛山市集北龙华海绵制造股份有限公司搬迁扩建项目_01_受理公告或公示版\04_四、主要环境影响和保护措施.md,1,108
E:\华南理工项目\环评文件汇总\01_GitHub项目与研究文档\eia-openclaw-sync-chen2026\05_QA测试集\人工核查_环评报告出处整理_20260715\环评报告文件_按问答顺序\PL091_佛山市集北龙华海绵制造股份有限公司搬迁扩建项目_01_受理公告或公示版.pdf,PL091_佛山市集北龙华海绵制造股份有限公司搬迁扩建项目_01_受理公告或公示版.pdf,.pdf,pdf_pypdf,5,五、环境保护措施监督检查清单 ...................................................................................... 63,E:\华南理工项目\环评文件汇总\01_GitHub项目与研究文档\eia-openclaw-sync-chen2026\05_QA测试集\人工核查_环评报告出处整理_20260715\环评报告文件_按正文一级章节拆分_20260727\PL091_佛山市集北龙华海绵制造股份有限公司搬迁扩建项目_01_受理公告或公示版\05_五、环境保护措施监督检查清单.md,1,105
E:\华南理工项目\环评文件汇总\01_GitHub项目与研究文档\eia-openclaw-sync-chen2026\05_QA测试集\人工核查_环评报告出处整理_20260715\环评报告文件_按问答顺序\PL091_佛山市集北龙华海绵制造股份有限公司搬迁扩建项目_01_受理公告或公示版.pdf,PL091_佛山市集北龙华海绵制造股份有限公司搬迁扩建项目_01_受理公告或公示版.pdf,.pdf,pdf_pypdf,6,六、结论 .............................................................................................................................. 65,E:\华南理工项目\环评文件汇总\01_GitHub项目与研究文档\eia-openclaw-sync-chen2026\05_QA测试集\人工核查_环评报告出处整理_20260715\环评报告文件_按正文一级章节拆分_20260727\PL091_佛山市集北龙华海绵制造股份有限公司搬迁扩建项目_01_受理公告或公示版\06_六、结论.md,1,135
E:\华南理工项目\环评文件汇总\01_GitHub项目与研究文档\eia-openclaw-sync-chen2026\05_QA测试集\人工核查_环评报告出处整理_20260715\环评报告文件_按问答顺序\PL091_佛山市集北龙华海绵制造股份有限公司搬迁扩建项目_01_受理公告或公示版.pdf,PL091_佛山市集北龙华海绵制造股份有限公司搬迁扩建项目_01_受理公告或公示版.pdf,.pdf,pdf_pypdf,7,附表附图附件,E:\华南理工项目\环评文件汇总\01_GitHub项目与研究文档\eia-openclaw-sync-chen2026\05_QA测试集\人工核查_环评报告出处整理_20260715\环评报告文件_按正文一级章节拆分_20260727\PL091_佛山市集北龙华海绵制造股份有限公司搬迁扩建项目_01_受理公告或公示版\07_附表附图附件.md,75,7860
E:\华南理工项目\环评文件汇总\01_GitHub项目与研究文档\eia-openclaw-sync-chen2026\05_QA测试集\人工核查_环评报告出处整理_20260715\环评报告文件_按问答顺序\PL091_佛山市集北龙华海绵制造股份有限公司搬迁扩建项目_01_受理公告或公示版.pdf,PL091_佛山市集北龙华海绵制造股份有限公司搬迁扩建项目_01_受理公告或公示版.pdf,.pdf,pdf_pypdf,8,一、建设项目基本情况,E:\华南理工项目\环评文件汇总\01_GitHub项目与研究文档\eia-openclaw-sync-chen2026\05_QA测试集\人工核查_环评报告出处整理_20260715\环评报告文件_按正文一级章节拆分_20260727\PL091_佛山市集北龙华海绵制造股份有限公司搬迁扩建项目_01_受理公告或公示版\08_一、建设项目基本情况.md,675,10243
E:\华南理工项目\环评文件汇总\01_GitHub项目与研究文档\eia-openclaw-sync-chen2026\05_QA测试集\人工核查_环评报告出处整理_20260715\环评报告文件_按问答顺序\PL091_佛山市集北龙华海绵制造股份有限公司搬迁扩建项目_01_受理公告或公示版.pdf,PL091_佛山市集北龙华海绵制造股份有限公司搬迁扩建项目_01_受理公告或公示版.pdf,.pdf,pdf_pypdf,9,二、建设项目工程分析,E:\华南理工项目\环评文件汇总\01_GitHub项目与研究文档\eia-openclaw-sync-chen2026\05_QA测试集\人工核查_环评报告出处整理_20260715\环评报告文件_按正文一级章节拆分_20260727\PL091_佛山市集北龙华海绵制造股份有限公司搬迁扩建项目_01_受理公告或公示版\09_二、建设项目工程分析.md,1725,30860
E:\华南理工项目\环评文件汇总\01_GitHub项目与研究文档\eia-openclaw-sync-chen2026\05_QA测试集\人工核查_环评报告出处整理_20260715\环评报告文件_按问答顺序\PL091_佛山市集北龙华海绵制造股份有限公司搬迁扩建项目_01_受理公告或公示版.pdf,PL091_佛山市集北龙华海绵制造股份有限公司搬迁扩建项目_01_受理公告或公示版.pdf,.pdf,pdf_pypdf,10,三、区域环境质量现状、环境保护目标及评价标准,E:\华南理工项目\环评文件汇总\01_GitHub项目与研究文档\eia-openclaw-sync-chen2026\05_QA测试集\人工核查_环评报告出处整理_20260715\环评报告文件_按正文一级章节拆分_20260727\PL091_佛山市集北龙华海绵制造股份有限公司搬迁扩建项目_01_受理公告或公示版\10_三、区域环境质量现状、环境保护目标及评价标准.md,181,4012
E:\华南理工项目\环评文件汇总\01_GitHub项目与研究文档\eia-openclaw-sync-chen2026\05_QA测试集\人工核查_环评报告出处整理_20260715\环评报告文件_按问答顺序\PL091_佛山市集北龙华海绵制造股份有限公司搬迁扩建项目_01_受理公告或公示版.pdf,PL091_佛山市集北龙华海绵制造股份有限公司搬迁扩建项目_01_受理公告或公示版.pdf,.pdf,pdf_pypdf,11,四、主要环境影响和保护措施,E:\华南理工项目\环评文件汇总\01_GitHub项目与研究文档\eia-openclaw-sync-chen2026\05_QA测试集\人工核查_环评报告出处整理_20260715\环评报告文件_按正文一级章节拆分_20260727\PL091_佛山市集北龙华海绵制造股份有限公司搬迁扩建项目_01_受理公告或公示版\11_四、主要环境影响和保护措施.md,845,17177
E:\华南理工项目\环评文件汇总\01_GitHub项目与研究文档\eia-openclaw-sync-chen2026\05_QA测试集\人工核查_环评报告出处整理_20260715\环评报告文件_按问答顺序\PL091_佛山市集北龙华海绵制造股份有限公司搬迁扩建项目_01_受理公告或公示版.pdf,PL091_佛山市集北龙华海绵制造股份有限公司搬迁扩建项目_01_受理公告或公示版.pdf,.pdf,pdf_pypdf,12,五、环境保护措施监督检查清单,E:\华南理工项目\环评文件汇总\01_GitHub项目与研究文档\eia-openclaw-sync-chen2026\05_QA测试集\人工核查_环评报告出处整理_20260715\环评报告文件_按正文一级章节拆分_20260727\PL091_佛山市集北龙华海绵制造股份有限公司搬迁扩建项目_01_受理公告或公示版\12_五、环境保护措施监督检查清单.md,139,1872
E:\华南理工项目\环评文件汇总\01_GitHub项目与研究文档\eia-openclaw-sync-chen2026\05_QA测试集\人工核查_环评报告出处整理_20260715\环评报告文件_按问答顺序\PL091_佛山市集北龙华海绵制造股份有限公司搬迁扩建项目_01_受理公告或公示版.pdf,PL091_佛山市集北龙华海绵制造股份有限公司搬迁扩建项目_01_受理公告或公示版.pdf,.pdf,pdf_pypdf,13,六、结论,E:\华南理工项目\环评文件汇总\01_GitHub项目与研究文档\eia-openclaw-sync-chen2026\05_QA测试集\人工核查_环评报告出处整理_20260715\环评报告文件_按正文一级章节拆分_20260727\PL091_佛山市集北龙华海绵制造股份有限公司搬迁扩建项目_01_受理公告或公示版\13_六、结论.md,6,142
E:\华南理工项目\环评文件汇总\01_GitHub项目与研究文档\eia-openclaw-sync-chen2026\05_QA测试集\人工核查_环评报告出处整理_20260715\环评报告文件_按问答顺序\PL091_佛山市集北龙华海绵制造股份有限公司搬迁扩建项目_01_受理公告或公示版.pdf,PL091_佛山市集北龙华海绵制造股份有限公司搬迁扩建项目_01_受理公告或公示版.pdf,.pdf,pdf_pypdf,14,附表附图附件,E:\华南理工项目\环评文件汇总\01_GitHub项目与研究文档\eia-openclaw-sync-chen2026\05_QA测试集\人工核查_环评报告出处整理_20260715\环评报告文件_按正文一级章节拆分_20260727\PL091_佛山市集北龙华海绵制造股份有限公司搬迁扩建项目_01_受理公告或公示版\14_附表附图附件.md,5064,121032
E:\华南理工项目\环评文件汇总\01_GitHub项目与研究文档\eia-openclaw-sync-chen2026\05_QA测试集\人工核查_环评报告出处整理_20260715\环评报告文件_按问答顺序\PL092_佛山市新得雅科技有限责任公司新建项目_01_受理公告或公示版.pdf,PL092_佛山市新得雅科技有限责任公司新建项目_01_受理公告或公示版.pdf,.pdf,pdf_pypdf,1,封面及目录,E:\华南理工项目\环评文件汇总\01_GitHub项目与研究文档\eia-openclaw-sync-chen2026\05_QA测试集\人工核查_环评报告出处整理_20260715\环评报告文件_按正文一级章节拆分_20260727\PL092_佛山市新得雅科技有限责任公司新建项目_01_受理公告或公示版\01_封面及目录.md,76,7260
E:\华南理工项目\环评文件汇总\01_GitHub项目与研究文档\eia-openclaw-sync-chen2026\05_QA测试集\人工核查_环评报告出处整理_20260715\环评报告文件_按问答顺序\PL092_佛山市新得雅科技有限责任公司新建项目_01_受理公告或公示版.pdf,PL092_佛山市新得雅科技有限责任公司新建项目_01_受理公告或公示版.pdf,.pdf,pdf_pypdf,2,附表附图附件,E:\华南理工项目\环评文件汇总\01_GitHub项目与研究文档\eia-openclaw-sync-chen2026\05_QA测试集\人工核查_环评报告出处整理_20260715\环评报告文件_按正文一级章节拆分_20260727\PL092_佛山市新得雅科技有限责任公司新建项目_01_受理公告或公示版\02_附表附图附件.md,8001,170920
E:\华南理工项目\环评文件汇总\01_GitHub项目与研究文档\eia-openclaw-sync-chen2026\05_QA测试集\人工核查_环评报告出处整理_20260715\环评报告文件_按问答顺序\PL094_佛山市丰友享家具配件实业有限公司迁扩建项目_01_受理公告或公示版.pdf,PL094_佛山市丰友享家具配件实业有限公司迁扩建项目_01_受理公告或公示版.pdf,.pdf,pdf_pypdf,1,封面及目录,E:\华南理工项目\环评文件汇总\01_GitHub项目与研究文档\eia-openclaw-sync-chen2026\05_QA测试集\人工核查_环评报告出处整理_20260715\环评报告文件_按正文一级章节拆分_20260727\PL094_佛山市丰友享家具配件实业有限公司迁扩建项目_01_受理公告或公示版\01_封面及目录.md,11,118
E:\华南理工项目\环评文件汇总\01_GitHub项目与研究文档\eia-openclaw-sync-chen2026\05_QA测试集\人工核查_环评报告出处整理_20260715\环评报告文件_按问答顺序\PL094_佛山市丰友享家具配件实业有限公司迁扩建项目_01_受理公告或公示版.pdf,PL094_佛山市丰友享家具配件实业有限公司迁扩建项目_01_受理公告或公示版.pdf,.pdf,pdf_pypdf,2,一、建设项目基本情况 ...............................................................................................................................1,E:\华南理工项目\环评文件汇总\01_GitHub项目与研究文档\eia-openclaw-sync-chen2026\05_QA测试集\人工核查_环评报告出处整理_20260715\环评报告文件_按正文一级章节拆分_20260727\PL094_佛山市丰友享家具配件实业有限公司迁扩建项目_01_受理公告或公示版\02_一、建设项目基本情况.md,1,140
E:\华南理工项目\环评文件汇总\01_GitHub项目与研究文档\eia-openclaw-sync-chen2026\05_QA测试集\人工核查_环评报告出处整理_20260715\环评报告文件_按问答顺序\PL094_佛山市丰友享家具配件实业有限公司迁扩建项目_01_受理公告或公示版.pdf,PL094_佛山市丰友享家具配件实业有限公司迁扩建项目_01_受理公告或公示版.pdf,.pdf,pdf_pypdf,3,二、建设项目工程分析 .............................................................................................................................13,E:\华南理工项目\环评文件汇总\01_GitHub项目与研究文档\eia-openclaw-sync-chen2026\05_QA测试集\人工核查_环评报告出处整理_20260715\环评报告文件_按正文一级章节拆分_20260727\PL094_佛山市丰友享家具配件实业有限公司迁扩建项目_01_受理公告或公示版\03_二、建设项目工程分析.md,2,241
E:\华南理工项目\环评文件汇总\01_GitHub项目与研究文档\eia-openclaw-sync-chen2026\05_QA测试集\人工核查_环评报告出处整理_20260715\环评报告文件_按问答顺序\PL094_佛山市丰友享家具配件实业有限公司迁扩建项目_01_受理公告或公示版.pdf,PL094_佛山市丰友享家具配件实业有限公司迁扩建项目_01_受理公告或公示版.pdf,.pdf,pdf_pypdf,4,四、主要环境影响和保护措施 ................................................................................................................ 34,E:\华南理工项目\环评文件汇总\01_GitHub项目与研究文档\eia-openclaw-sync-chen2026\05_QA测试集\人工核查_环评报告出处整理_20260715\环评报告文件_按正文一级章节拆分_20260727\PL094_佛山市丰友享家具配件实业有限公司迁扩建项目_01_受理公告或公示版\04_四、主要环境影响和保护措施.md,1,130
E:\华南理工项目\环评文件汇总\01_GitHub项目与研究文档\eia-openclaw-sync-chen2026\05_QA测试集\人工核查_环评报告出处整理_20260715\环评报告文件_按问答顺序\PL094_佛山市丰友享家具配件实业有限公司迁扩建项目_01_受理公告或公示版.pdf,PL094_佛山市丰友享家具配件实业有限公司迁扩建项目_01_受理公告或公示版.pdf,.pdf,pdf_pypdf,5,五、环境保护措施监督检查清单 ............................................................................................................ 65,E:\华南理工项目\环评文件汇总\01_GitHub项目与研究文档\eia-openclaw-sync-chen2026\05_QA测试集\人工核查_环评报告出处整理_20260715\环评报告文件_按正文一级章节拆分_20260727\PL094_佛山市丰友享家具配件实业有限公司迁扩建项目_01_受理公告或公示版\05_五、环境保护措施监督检查清单.md,1,127
E:\华南理工项目\环评文件汇总\01_GitHub项目与研究文档\eia-openclaw-sync-chen2026\05_QA测试集\人工核查_环评报告出处整理_20260715\环评报告文件_按问答顺序\PL094_佛山市丰友享家具配件实业有限公司迁扩建项目_01_受理公告或公示版.pdf,PL094_佛山市丰友享家具配件实业有限公司迁扩建项目_01_受理公告或公示版.pdf,.pdf,pdf_pypdf,6,六、结论 .....................................................................................................................................................67,E:\华南理工项目\环评文件汇总\01_GitHub项目与研究文档\eia-openclaw-sync-chen2026\05_QA测试集\人工核查_环评报告出处整理_20260715\环评报告文件_按正文一级章节拆分_20260727\PL094_佛山市丰友享家具配件实业有限公司迁扩建项目_01_受理公告或公示版\06_六、结论.md,2,287
E:\华南理工项目\环评文件汇总\01_GitHub项目与研究文档\eia-openclaw-sync-chen2026\05_QA测试集\人工核查_环评报告出处整理_20260715\环评报告文件_按问答顺序\PL094_佛山市丰友享家具配件实业有限公司迁扩建项目_01_受理公告或公示版.pdf,PL094_佛山市丰友享家具配件实业有限公司迁扩建项目_01_受理公告或公示版.pdf,.pdf,pdf_pypdf,7,附表附图附件,E:\华南理工项目\环评文件汇总\01_GitHub项目与研究文档\eia-openclaw-sync-chen2026\05_QA测试集\人工核查_环评报告出处整理_20260715\环评报告文件_按正文一级章节拆分_20260727\PL094_佛山市丰友享家具配件实业有限公司迁扩建项目_01_受理公告或公示版\07_附表附图附件.md,21,2275
E:\华南理工项目\环评文件汇总\01_GitHub项目与研究文档\eia-openclaw-sync-chen2026\05_QA测试集\人工核查_环评报告出处整理_20260715\环评报告文件_按问答顺序\PL094_佛山市丰友享家具配件实业有限公司迁扩建项目_01_受理公告或公示版.pdf,PL094_佛山市丰友享家具配件实业有限公司迁扩建项目_01_受理公告或公示版.pdf,.pdf,pdf_pypdf,8,一、建设项目基本情况,E:\华南理工项目\环评文件汇总\01_GitHub项目与研究文档\eia-openclaw-sync-chen2026\05_QA测试集\人工核查_环评报告出处整理_20260715\环评报告文件_按正文一级章节拆分_20260727\PL094_佛山市丰友享家具配件实业有限公司迁扩建项目_01_受理公告或公示版\08_一、建设项目基本情况.md,858,11052
E:\华南理工项目\环评文件汇总\01_GitHub项目与研究文档\eia-openclaw-sync-chen2026\05_QA测试集\人工核查_环评报告出处整理_20260715\环评报告文件_按问答顺序\PL094_佛山市丰友享家具配件实业有限公司迁扩建项目_01_受理公告或公示版.pdf,PL094_佛山市丰友享家具配件实业有限公司迁扩建项目_01_受理公告或公示版.pdf,.pdf,pdf_pypdf,9,二、建设项目工程分析,E:\华南理工项目\环评文件汇总\01_GitHub项目与研究文档\eia-openclaw-sync-chen2026\05_QA测试集\人工核查_环评报告出处整理_20260715\环评报告文件_按正文一级章节拆分_20260727\PL094_佛山市丰友享家具配件实业有限公司迁扩建项目_01_受理公告或公示版\09_二、建设项目工程分析.md,635,11411
E:\华南理工项目\环评文件汇总\01_GitHub项目与研究文档\eia-openclaw-sync-chen2026\05_QA测试集\人工核查_环评报告出处整理_20260715\环评报告文件_按问答顺序\PL094_佛山市丰友享家具配件实业有限公司迁扩建项目_01_受理公告或公示版.pdf,PL094_佛山市丰友享家具配件实业有限公司迁扩建项目_01_受理公告或公示版.pdf,.pdf,pdf_pypdf,10,三、区域环境质量现状、环境保护目标及评价标准,E:\华南理工项目\环评文件汇总\01_GitHub项目与研究文档\eia-openclaw-sync-chen2026\05_QA测试集\人工核查_环评报告出处整理_20260715\环评报告文件_按正文一级章节拆分_20260727\PL094_佛山市丰友享家具配件实业有限公司迁扩建项目_01_受理公告或公示版\10_三、区域环境质量现状、环境保护目标及评价标准.md,276,5461
E:\华南理工项目\环评文件汇总\01_GitHub项目与研究文档\eia-openclaw-sync-chen2026\05_QA测试集\人工核查_环评报告出处整理_20260715\环评报告文件_按问答顺序\PL094_佛山市丰友享家具配件实业有限公司迁扩建项目_01_受理公告或公示版.pdf,PL094_佛山市丰友享家具配件实业有限公司迁扩建项目_01_受理公告或公示版.pdf,.pdf,pdf_pypdf,11,四、主要环境影响和保护措施,E:\华南理工项目\环评文件汇总\01_GitHub项目与研究文档\eia-openclaw-sync-chen2026\05_QA测试集\人工核查_环评报告出处整理_20260715\环评报告文件_按正文一级章节拆分_20260727\PL094_佛山市丰友享家具配件实业有限公司迁扩建项目_01_受理公告或公示版\11_四、主要环境影响和保护措施.md,1784,25517
E:\华南理工项目\环评文件汇总\01_GitHub项目与研究文档\eia-openclaw-sync-chen2026\05_QA测试集\人工核查_环评报告出处整理_20260715\环评报告文件_按问答顺序\PL094_佛山市丰友享家具配件实业有限公司迁扩建项目_01_受理公告或公示版.pdf,PL094_佛山市丰友享家具配件实业有限公司迁扩建项目_01_受理公告或公示版.pdf,.pdf,pdf_pypdf,12,五、环境保护措施监督检查清单,E:\华南理工项目\环评文件汇总\01_GitHub项目与研究文档\eia-openclaw-sync-chen2026\05_QA测试集\人工核查_环评报告出处整理_20260715\环评报告文件_按正文一级章节拆分_20260727\PL094_佛山市丰友享家具配件实业有限公司迁扩建项目_01_受理公告或公示版\12_五、环境保护措施监督检查清单.md,123,1742
E:\华南理工项目\环评文件汇总\01_GitHub项目与研究文档\eia-openclaw-sync-chen2026\05_QA测试集\人工核查_环评报告出处整理_20260715\环评报告文件_按问答顺序\PL094_佛山市丰友享家具配件实业有限公司迁扩建项目_01_受理公告或公示版.pdf,PL094_佛山市丰友享家具配件实业有限公司迁扩建项目_01_受理公告或公示版.pdf,.pdf,pdf_pypdf,13,六、结论,E:\华南理工项目\环评文件汇总\01_GitHub项目与研究文档\eia-openclaw-sync-chen2026\05_QA测试集\人工核查_环评报告出处整理_20260715\环评报告文件_按正文一级章节拆分_20260727\PL094_佛山市丰友享家具配件实业有限公司迁扩建项目_01_受理公告或公示版\13_六、结论.md,54,1131
E:\华南理工项目\环评文件汇总\01_GitHub项目与研究文档\eia-openclaw-sync-chen2026\05_QA测试集\人工核查_环评报告出处整理_20260715\环评报告文件_按问答顺序\PL094_佛山市丰友享家具配件实业有限公司迁扩建项目_01_受理公告或公示版.pdf,PL094_佛山市丰友享家具配件实业有限公司迁扩建项目_01_受理公告或公示版.pdf,.pdf,pdf_pypdf,14,附表附图附件,E:\华南理工项目\环评文件汇总\01_GitHub项目与研究文档\eia-openclaw-sync-chen2026\05_QA测试集\人工核查_环评报告出处整理_20260715\环评报告文件_按正文一级章节拆分_20260727\PL094_佛山市丰友享家具配件实业有限公司迁扩建项目_01_受理公告或公示版\14_附表附图附件.md,31,414
E:\华南理工项目\环评文件汇总\01_GitHub项目与研究文档\eia-openclaw-sync-chen2026\05_QA测试集\人工核查_环评报告出处整理_20260715\环评报告文件_按问答顺序\PL095_佛山市京耘科技有限公司新建项目_01_受理公告或公示版.pdf,PL095_佛山市京耘科技有限公司新建项目_01_受理公告或公示版.pdf,.pdf,pdf_pypdf,1,封面及目录,E:\华南理工项目\环评文件汇总\01_GitHub项目与研究文档\eia-openclaw-sync-chen2026\05_QA测试集\人工核查_环评报告出处整理_20260715\环评报告文件_按正文一级章节拆分_20260727\PL095_佛山市京耘科技有限公司新建项目_01_受理公告或公示版\01_封面及目录.md,9,140
E:\华南理工项目\环评文件汇总\01_GitHub项目与研究文档\eia-openclaw-sync-chen2026\05_QA测试集\人工核查_环评报告出处整理_20260715\环评报告文件_按问答顺序\PL095_佛山市京耘科技有限公司新建项目_01_受理公告或公示版.pdf,PL095_佛山市京耘科技有限公司新建项目_01_受理公告或公示版.pdf,.pdf,pdf_pypdf,2,一、建设项目基本情况 ........................................................................................................... 1,E:\华南理工项目\环评文件汇总\01_GitHub项目与研究文档\eia-openclaw-sync-chen2026\05_QA测试集\人工核查_环评报告出处整理_20260715\环评报告文件_按正文一级章节拆分_20260727\PL095_佛山市京耘科技有限公司新建项目_01_受理公告或公示版\02_一、建设项目基本情况.md,1,121
E:\华南理工项目\环评文件汇总\01_GitHub项目与研究文档\eia-openclaw-sync-chen2026\05_QA测试集\人工核查_环评报告出处整理_20260715\环评报告文件_按问答顺序\PL095_佛山市京耘科技有限公司新建项目_01_受理公告或公示版.pdf,PL095_佛山市京耘科技有限公司新建项目_01_受理公告或公示版.pdf,.pdf,pdf_pypdf,3,二、 建设项目工程分析 ....................................................................................................... 17,E:\华南理工项目\环评文件汇总\01_GitHub项目与研究文档\eia-openclaw-sync-chen2026\05_QA测试集\人工核查_环评报告出处整理_20260715\环评报告文件_按正文一级章节拆分_20260727\PL095_佛山市京耘科技有限公司新建项目_01_受理公告或公示版\03_二、_建设项目工程分析.md,2,203
E:\华南理工项目\环评文件汇总\01_GitHub项目与研究文档\eia-openclaw-sync-chen2026\05_QA测试集\人工核查_环评报告出处整理_20260715\环评报告文件_按问答顺序\PL095_佛山市京耘科技有限公司新建项目_01_受理公告或公示版.pdf,PL095_佛山市京耘科技有限公司新建项目_01_受理公告或公示版.pdf,.pdf,pdf_pypdf,4,四、主要环境影响和保护措施 ............................................................................................. 30,E:\华南理工项目\环评文件汇总\01_GitHub项目与研究文档\eia-openclaw-sync-chen2026\05_QA测试集\人工核查_环评报告出处整理_20260715\环评报告文件_按正文一级章节拆分_20260727\PL095_佛山市京耘科技有限公司新建项目_01_受理公告或公示版\04_四、主要环境影响和保护措施.md,1,111
E:\华南理工项目\环评文件汇总\01_GitHub项目与研究文档\eia-openclaw-sync-chen2026\05_QA测试集\人工核查_环评报告出处整理_20260715\环评报告文件_按问答顺序\PL095_佛山市京耘科技有限公司新建项目_01_受理公告或公示版.pdf,PL095_佛山市京耘科技有限公司新建项目_01_受理公告或公示版.pdf,.pdf,pdf_pypdf,5,五、环境保护措施监督检查清单 ......................................................................................... 55,E:\华南理工项目\环评文件汇总\01_GitHub项目与研究文档\eia-openclaw-sync-chen2026\05_QA测试集\人工核查_环评报告出处整理_20260715\环评报告文件_按正文一级章节拆分_20260727\PL095_佛山市京耘科技有限公司新建项目_01_受理公告或公示版\05_五、环境保护措施监督检查清单.md,1,108
E:\华南理工项目\环评文件汇总\01_GitHub项目与研究文档\eia-openclaw-sync-chen2026\05_QA测试集\人工核查_环评报告出处整理_20260715\环评报告文件_按问答顺序\PL095_佛山市京耘科技有限公司新建项目_01_受理公告或公示版.pdf,PL095_佛山市京耘科技有限公司新建项目_01_受理公告或公示版.pdf,.pdf,pdf_pypdf,6,六、结论 ................................................................................................................................. 57,E:\华南理工项目\环评文件汇总\01_GitHub项目与研究文档\eia-openclaw-sync-chen2026\05_QA测试集\人工核查_环评报告出处整理_20260715\环评报告文件_按正文一级章节拆分_20260727\PL095_佛山市京耘科技有限公司新建项目_01_受理公告或公示版\06_六、结论.md,1,138
E:\华南理工项目\环评文件汇总\01_GitHub项目与研究文档\eia-openclaw-sync-chen2026\05_QA测试集\人工核查_环评报告出处整理_20260715\环评报告文件_按问答顺序\PL095_佛山市京耘科技有限公司新建项目_01_受理公告或公示版.pdf,PL095_佛山市京耘科技有限公司新建项目_01_受理公告或公示版.pdf,.pdf,pdf_pypdf,7,附表附图附件,E:\华南理工项目\环评文件汇总\01_GitHub项目与研究文档\eia-openclaw-sync-chen2026\05_QA测试集\人工核查_环评报告出处整理_20260715\环评报告文件_按正文一级章节拆分_20260727\PL095_佛山市京耘科技有限公司新建项目_01_受理公告或公示版\07_附表附图附件.md,21,2182
E:\华南理工项目\环评文件汇总\01_GitHub项目与研究文档\eia-openclaw-sync-chen2026\05_QA测试集\人工核查_环评报告出处整理_20260715\环评报告文件_按问答顺序\PL095_佛山市京耘科技有限公司新建项目_01_受理公告或公示版.pdf,PL095_佛山市京耘科技有限公司新建项目_01_受理公告或公示版.pdf,.pdf,pdf_pypdf,8,一、建设项目基本情况,E:\华南理工项目\环评文件汇总\01_GitHub项目与研究文档\eia-openclaw-sync-chen2026\05_QA测试集\人工核查_环评报告出处整理_20260715\环评报告文件_按正文一级章节拆分_20260727\PL095_佛山市京耘科技有限公司新建项目_01_受理公告或公示版\08_一、建设项目基本情况.md,1104,18089
E:\华南理工项目\环评文件汇总\01_GitHub项目与研究文档\eia-openclaw-sync-chen2026\05_QA测试集\人工核查_环评报告出处整理_20260715\环评报告文件_按问答顺序\PL095_佛山市京耘科技有限公司新建项目_01_受理公告或公示版.pdf,PL095_佛山市京耘科技有限公司新建项目_01_受理公告或公示版.pdf,.pdf,pdf_pypdf,9,二、建设项目工程分析,E:\华南理工项目\环评文件汇总\01_GitHub项目与研究文档\eia-openclaw-sync-chen2026\05_QA测试集\人工核查_环评报告出处整理_20260715\环评报告文件_按正文一级章节拆分_20260727\PL095_佛山市京耘科技有限公司新建项目_01_受理公告或公示版\09_二、建设项目工程分析.md,282,4911
E:\华南理工项目\环评文件汇总\01_GitHub项目与研究文档\eia-openclaw-sync-chen2026\05_QA测试集\人工核查_环评报告出处整理_20260715\环评报告文件_按问答顺序\PL095_佛山市京耘科技有限公司新建项目_01_受理公告或公示版.pdf,PL095_佛山市京耘科技有限公司新建项目_01_受理公告或公示版.pdf,.pdf,pdf_pypdf,10,三、区域环境质量现状、环境保护目标及评价标准,E:\华南理工项目\环评文件汇总\01_GitHub项目与研究文档\eia-openclaw-sync-chen2026\05_QA测试集\人工核查_环评报告出处整理_20260715\环评报告文件_按正文一级章节拆分_20260727\PL095_佛山市京耘科技有限公司新建项目_01_受理公告或公示版\10_三、区域环境质量现状、环境保护目标及评价标准.md,223,4625
E:\华南理工项目\环评文件汇总\01_GitHub项目与研究文档\eia-openclaw-sync-chen2026\05_QA测试集\人工核查_环评报告出处整理_20260715\环评报告文件_按问答顺序\PL095_佛山市京耘科技有限公司新建项目_01_受理公告或公示版.pdf,PL095_佛山市京耘科技有限公司新建项目_01_受理公告或公示版.pdf,.pdf,pdf_pypdf,11,四、主要环境影响和保护措施,E:\华南理工项目\环评文件汇总\01_GitHub项目与研究文档\eia-openclaw-sync-chen2026\05_QA测试集\人工核查_环评报告出处整理_20260715\环评报告文件_按正文一级章节拆分_20260727\PL095_佛山市京耘科技有限公司新建项目_01_受理公告或公示版\11_四、主要环境影响和保护措施.md,1110,21941
E:\华南理工项目\环评文件汇总\01_GitHub项目与研究文档\eia-openclaw-sync-chen2026\05_QA测试集\人工核查_环评报告出处整理_20260715\环评报告文件_按问答顺序\PL095_佛山市京耘科技有限公司新建项目_01_受理公告或公示版.pdf,PL095_佛山市京耘科技有限公司新建项目_01_受理公告或公示版.pdf,.pdf,pdf_pypdf,12,五、环境保护措施监督检查清单,E:\华南理工项目\环评文件汇总\01_GitHub项目与研究文档\eia-openclaw-sync-chen2026\05_QA测试集\人工核查_环评报告出处整理_20260715\环评报告文件_按正文一级章节拆分_20260727\PL095_佛山市京耘科技有限公司新建项目_01_受理公告或公示版\12_五、环境保护措施监督检查清单.md,117,1829
E:\华南理工项目\环评文件汇总\01_GitHub项目与研究文档\eia-openclaw-sync-chen2026\05_QA测试集\人工核查_环评报告出处整理_20260715\环评报告文件_按问答顺序\PL095_佛山市京耘科技有限公司新建项目_01_受理公告或公示版.pdf,PL095_佛山市京耘科技有限公司新建项目_01_受理公告或公示版.pdf,.pdf,pdf_pypdf,13,六、结论,E:\华南理工项目\环评文件汇总\01_GitHub项目与研究文档\eia-openclaw-sync-chen2026\05_QA测试集\人工核查_环评报告出处整理_20260715\环评报告文件_按正文一级章节拆分_20260727\PL095_佛山市京耘科技有限公司新建项目_01_受理公告或公示版\13_六、结论.md,7,188
E:\华南理工项目\环评文件汇总\01_GitHub项目与研究文档\eia-openclaw-sync-chen2026\05_QA测试集\人工核查_环评报告出处整理_20260715\环评报告文件_按问答顺序\PL095_佛山市京耘科技有限公司新建项目_01_受理公告或公示版.pdf,PL095_佛山市京耘科技有限公司新建项目_01_受理公告或公示版.pdf,.pdf,pdf_pypdf,14,附表附图附件,E:\华南理工项目\环评文件汇总\01_GitHub项目与研究文档\eia-openclaw-sync-chen2026\05_QA测试集\人工核查_环评报告出处整理_20260715\环评报告文件_按正文一级章节拆分_20260727\PL095_佛山市京耘科技有限公司新建项目_01_受理公告或公示版\14_附表附图附件.md,147,1931
E:\华南理工项目\环评文件汇总\01_GitHub项目与研究文档\eia-openclaw-sync-chen2026\05_QA测试集\人工核查_环评报告出处整理_20260715\环评报告文件_按问答顺序\PL096_高晖(佛山)新材料科技有限公司新建项目_01_受理公告或公示版.pdf,PL096_高晖(佛山)新材料科技有限公司新建项目_01_受理公告或公示版.pdf,.pdf,pdf_pypdf,1,封面及目录,E:\华南理工项目\环评文件汇总\01_GitHub项目与研究文档\eia-openclaw-sync-chen2026\05_QA测试集\人工核查_环评报告出处整理_20260715\环评报告文件_按正文一级章节拆分_20260727\PL096_高晖(佛山)新材料科技有限公司新建项目_01_受理公告或公示版\01_封面及目录.md,10,149
E:\华南理工项目\环评文件汇总\01_GitHub项目与研究文档\eia-openclaw-sync-chen2026\05_QA测试集\人工核查_环评报告出处整理_20260715\环评报告文件_按问答顺序\PL096_高晖(佛山)新材料科技有限公司新建项目_01_受理公告或公示版.pdf,PL096_高晖(佛山)新材料科技有限公司新建项目_01_受理公告或公示版.pdf,.pdf,pdf_pypdf,2,一、建设项目基本情况 ...............................................................................................................................1,E:\华南理工项目\环评文件汇总\01_GitHub项目与研究文档\eia-openclaw-sync-chen2026\05_QA测试集\人工核查_环评报告出处整理_20260715\环评报告文件_按正文一级章节拆分_20260727\PL096_高晖(佛山)新材料科技有限公司新建项目_01_受理公告或公示版\02_一、建设项目基本情况.md,1,140
E:\华南理工项目\环评文件汇总\01_GitHub项目与研究文档\eia-openclaw-sync-chen2026\05_QA测试集\人工核查_环评报告出处整理_20260715\环评报告文件_按问答顺序\PL096_高晖(佛山)新材料科技有限公司新建项目_01_受理公告或公示版.pdf,PL096_高晖(佛山)新材料科技有限公司新建项目_01_受理公告或公示版.pdf,.pdf,pdf_pypdf,3,二、建设项目工程分析 .............................................................................................................................15,E:\华南理工项目\环评文件汇总\01_GitHub项目与研究文档\eia-openclaw-sync-chen2026\05_QA测试集\人工核查_环评报告出处整理_20260715\环评报告文件_按正文一级章节拆分_20260727\PL096_高晖(佛山)新材料科技有限公司新建项目_01_受理公告或公示版\03_二、建设项目工程分析.md,2,242
E:\华南理工项目\环评文件汇总\01_GitHub项目与研究文档\eia-openclaw-sync-chen2026\05_QA测试集\人工核查_环评报告出处整理_20260715\环评报告文件_按问答顺序\PL096_高晖(佛山)新材料科技有限公司新建项目_01_受理公告或公示版.pdf,PL096_高晖(佛山)新材料科技有限公司新建项目_01_受理公告或公示版.pdf,.pdf,pdf_pypdf,4,四、主要环境影响和保护措施 .................................................................................................................32,E:\华南理工项目\环评文件汇总\01_GitHub项目与研究文档\eia-openclaw-sync-chen2026\05_QA测试集\人工核查_环评报告出处整理_20260715\环评报告文件_按正文一级章节拆分_20260727\PL096_高晖(佛山)新材料科技有限公司新建项目_01_受理公告或公示版\04_四、主要环境影响和保护措施.md,1,130
E:\华南理工项目\环评文件汇总\01_GitHub项目与研究文档\eia-openclaw-sync-chen2026\05_QA测试集\人工核查_环评报告出处整理_20260715\环评报告文件_按问答顺序\PL096_高晖(佛山)新材料科技有限公司新建项目_01_受理公告或公示版.pdf,PL096_高晖(佛山)新材料科技有限公司新建项目_01_受理公告或公示版.pdf,.pdf,pdf_pypdf,5,五、环境保护措施监督检查清单 .............................................................................................................63,E:\华南理工项目\环评文件汇总\01_GitHub项目与研究文档\eia-openclaw-sync-chen2026\05_QA测试集\人工核查_环评报告出处整理_20260715\环评报告文件_按正文一级章节拆分_20260727\PL096_高晖(佛山)新材料科技有限公司新建项目_01_受理公告或公示版\05_五、环境保护措施监督检查清单.md,1,127
E:\华南理工项目\环评文件汇总\01_GitHub项目与研究文档\eia-openclaw-sync-chen2026\05_QA测试集\人工核查_环评报告出处整理_20260715\环评报告文件_按问答顺序\PL096_高晖(佛山)新材料科技有限公司新建项目_01_受理公告或公示版.pdf,PL096_高晖(佛山)新材料科技有限公司新建项目_01_受理公告或公示版.pdf,.pdf,pdf_pypdf,6,六、结论 .....................................................................................................................................................66,E:\华南理工项目\环评文件汇总\01_GitHub项目与研究文档\eia-openclaw-sync-chen2026\05_QA测试集\人工核查_环评报告出处整理_20260715\环评报告文件_按正文一级章节拆分_20260727\PL096_高晖(佛山)新材料科技有限公司新建项目_01_受理公告或公示版\06_六、结论.md,2,287
E:\华南理工项目\环评文件汇总\01_GitHub项目与研究文档\eia-openclaw-sync-chen2026\05_QA测试集\人工核查_环评报告出处整理_20260715\环评报告文件_按问答顺序\PL096_高晖(佛山)新材料科技有限公司新建项目_01_受理公告或公示版.pdf,PL096_高晖(佛山)新材料科技有限公司新建项目_01_受理公告或公示版.pdf,.pdf,pdf_pypdf,7,附表附图附件,E:\华南理工项目\环评文件汇总\01_GitHub项目与研究文档\eia-openclaw-sync-chen2026\05_QA测试集\人工核查_环评报告出处整理_20260715\环评报告文件_按正文一级章节拆分_20260727\PL096_高晖(佛山)新材料科技有限公司新建项目_01_受理公告或公示版\07_附表附图附件.md,32,3641
E:\华南理工项目\环评文件汇总\01_GitHub项目与研究文档\eia-openclaw-sync-chen2026\05_QA测试集\人工核查_环评报告出处整理_20260715\环评报告文件_按问答顺序\PL096_高晖(佛山)新材料科技有限公司新建项目_01_受理公告或公示版.pdf,PL096_高晖(佛山)新材料科技有限公司新建项目_01_受理公告或公示版.pdf,.pdf,pdf_pypdf,8,一、建设项目基本情况,E:\华南理工项目\环评文件汇总\01_GitHub项目与研究文档\eia-openclaw-sync-chen2026\05_QA测试集\人工核查_环评报告出处整理_20260715\环评报告文件_按正文一级章节拆分_20260727\PL096_高晖(佛山)新材料科技有限公司新建项目_01_受理公告或公示版\08_一、建设项目基本情况.md,1138,13582
E:\华南理工项目\环评文件汇总\01_GitHub项目与研究文档\eia-openclaw-sync-chen2026\05_QA测试集\人工核查_环评报告出处整理_20260715\环评报告文件_按问答顺序\PL096_高晖(佛山)新材料科技有限公司新建项目_01_受理公告或公示版.pdf,PL096_高晖(佛山)新材料科技有限公司新建项目_01_受理公告或公示版.pdf,.pdf,pdf_pypdf,9,二、建设项目工程分析,E:\华南理工项目\环评文件汇总\01_GitHub项目与研究文档\eia-openclaw-sync-chen2026\05_QA测试集\人工核查_环评报告出处整理_20260715\环评报告文件_按正文一级章节拆分_20260727\PL096_高晖(佛山)新材料科技有限公司新建项目_01_受理公告或公示版\09_二、建设项目工程分析.md,411,6938
E:\华南理工项目\环评文件汇总\01_GitHub项目与研究文档\eia-openclaw-sync-chen2026\05_QA测试集\人工核查_环评报告出处整理_20260715\环评报告文件_按问答顺序\PL096_高晖(佛山)新材料科技有限公司新建项目_01_受理公告或公示版.pdf,PL096_高晖(佛山)新材料科技有限公司新建项目_01_受理公告或公示版.pdf,.pdf,pdf_pypdf,10,三、区域环境质量现状、环境保护目标及评价标准,E:\华南理工项目\环评文件汇总\01_GitHub项目与研究文档\eia-openclaw-sync-chen2026\05_QA测试集\人工核查_环评报告出处整理_20260715\环评报告文件_按正文一级章节拆分_20260727\PL096_高晖(佛山)新材料科技有限公司新建项目_01_受理公告或公示版\10_三、区域环境质量现状、环境保护目标及评价标准.md,337,6003
E:\华南理工项目\环评文件汇总\01_GitHub项目与研究文档\eia-openclaw-sync-chen2026\05_QA测试集\人工核查_环评报告出处整理_20260715\环评报告文件_按问答顺序\PL096_高晖(佛山)新材料科技有限公司新建项目_01_受理公告或公示版.pdf,PL096_高晖(佛山)新材料科技有限公司新建项目_01_受理公告或公示版.pdf,.pdf,pdf_pypdf,11,四、主要环境影响和保护措施,E:\华南理工项目\环评文件汇总\01_GitHub项目与研究文档\eia-openclaw-sync-chen2026\05_QA测试集\人工核查_环评报告出处整理_20260715\环评报告文件_按正文一级章节拆分_20260727\PL096_高晖(佛山)新材料科技有限公司新建项目_01_受理公告或公示版\11_四、主要环境影响和保护措施.md,1984,27458
E:\华南理工项目\环评文件汇总\01_GitHub项目与研究文档\eia-openclaw-sync-chen2026\05_QA测试集\人工核查_环评报告出处整理_20260715\环评报告文件_按问答顺序\PL096_高晖(佛山)新材料科技有限公司新建项目_01_受理公告或公示版.pdf,PL096_高晖(佛山)新材料科技有限公司新建项目_01_受理公告或公示版.pdf,.pdf,pdf_pypdf,12,五、环境保护措施监督检查清单,E:\华南理工项目\环评文件汇总\01_GitHub项目与研究文档\eia-openclaw-sync-chen2026\05_QA测试集\人工核查_环评报告出处整理_20260715\环评报告文件_按正文一级章节拆分_20260727\PL096_高晖(佛山)新材料科技有限公司新建项目_01_受理公告或公示版\12_五、环境保护措施监督检查清单.md,132,2198
E:\华南理工项目\环评文件汇总\01_GitHub项目与研究文档\eia-openclaw-sync-chen2026\05_QA测试集\人工核查_环评报告出处整理_20260715\环评报告文件_按问答顺序\PL096_高晖(佛山)新材料科技有限公司新建项目_01_受理公告或公示版.pdf,PL096_高晖(佛山)新材料科技有限公司新建项目_01_受理公告或公示版.pdf,.pdf,pdf_pypdf,13,六、结论,E:\华南理工项目\环评文件汇总\01_GitHub项目与研究文档\eia-openclaw-sync-chen2026\05_QA测试集\人工核查_环评报告出处整理_20260715\环评报告文件_按正文一级章节拆分_20260727\PL096_高晖(佛山)新材料科技有限公司新建项目_01_受理公告或公示版\13_六、结论.md,8,183
E:\华南理工项目\环评文件汇总\01_GitHub项目与研究文档\eia-openclaw-sync-chen2026\05_QA测试集\人工核查_环评报告出处整理_20260715\环评报告文件_按问答顺序\PL096_高晖(佛山)新材料科技有限公司新建项目_01_受理公告或公示版.pdf,PL096_高晖(佛山)新材料科技有限公司新建项目_01_受理公告或公示版.pdf,.pdf,pdf_pypdf,14,附表附图附件,E:\华南理工项目\环评文件汇总\01_GitHub项目与研究文档\eia-openclaw-sync-chen2026\05_QA测试集\人工核查_环评报告出处整理_20260715\环评报告文件_按正文一级章节拆分_20260727\PL096_高晖(佛山)新材料科技有限公司新建项目_01_受理公告或公示版\14_附表附图附件.md,226,3237
E:\华南理工项目\环评文件汇总\01_GitHub项目与研究文档\eia-openclaw-sync-chen2026\05_QA测试集\人工核查_环评报告出处整理_20260715\环评报告文件_按问答顺序\PL098_佛山市顺德区共诺电子元件厂搬迁项目_01_受理公告或公示版.pdf,PL098_佛山市顺德区共诺电子元件厂搬迁项目_01_受理公告或公示版.pdf,.pdf,pdf_pypdf,1,封面及目录,E:\华南理工项目\环评文件汇总\01_GitHub项目与研究文档\eia-openclaw-sync-chen2026\05_QA测试集\人工核查_环评报告出处整理_20260715\环评报告文件_按正文一级章节拆分_20260727\PL098_佛山市顺德区共诺电子元件厂搬迁项目_01_受理公告或公示版\01_封面及目录.md,2,25
E:\华南理工项目\环评文件汇总\01_GitHub项目与研究文档\eia-openclaw-sync-chen2026\05_QA测试集\人工核查_环评报告出处整理_20260715\环评报告文件_按问答顺序\PL098_佛山市顺德区共诺电子元件厂搬迁项目_01_受理公告或公示版.pdf,PL098_佛山市顺德区共诺电子元件厂搬迁项目_01_受理公告或公示版.pdf,.pdf,pdf_pypdf,2,一、建设项目基本情况 ........................................................................................................ 1,E:\华南理工项目\环评文件汇总\01_GitHub项目与研究文档\eia-openclaw-sync-chen2026\05_QA测试集\人工核查_环评报告出处整理_20260715\环评报告文件_按正文一级章节拆分_20260727\PL098_佛山市顺德区共诺电子元件厂搬迁项目_01_受理公告或公示版\02_一、建设项目基本情况.md,1,118
E:\华南理工项目\环评文件汇总\01_GitHub项目与研究文档\eia-openclaw-sync-chen2026\05_QA测试集\人工核查_环评报告出处整理_20260715\环评报告文件_按问答顺序\PL098_佛山市顺德区共诺电子元件厂搬迁项目_01_受理公告或公示版.pdf,PL098_佛山市顺德区共诺电子元件厂搬迁项目_01_受理公告或公示版.pdf,.pdf,pdf_pypdf,3,二、建设项目工程分析 ........................................................................................................ 9,E:\华南理工项目\环评文件汇总\01_GitHub项目与研究文档\eia-openclaw-sync-chen2026\05_QA测试集\人工核查_环评报告出处整理_20260715\环评报告文件_按正文一级章节拆分_20260727\PL098_佛山市顺德区共诺电子元件厂搬迁项目_01_受理公告或公示版\03_二、建设项目工程分析.md,2,199
E:\华南理工项目\环评文件汇总\01_GitHub项目与研究文档\eia-openclaw-sync-chen2026\05_QA测试集\人工核查_环评报告出处整理_20260715\环评报告文件_按问答顺序\PL098_佛山市顺德区共诺电子元件厂搬迁项目_01_受理公告或公示版.pdf,PL098_佛山市顺德区共诺电子元件厂搬迁项目_01_受理公告或公示版.pdf,.pdf,pdf_pypdf,4,四、主要环境影响和保护措施 .......................................................................................... 22,E:\华南理工项目\环评文件汇总\01_GitHub项目与研究文档\eia-openclaw-sync-chen2026\05_QA测试集\人工核查_环评报告出处整理_20260715\环评报告文件_按正文一级章节拆分_20260727\PL098_佛山市顺德区共诺电子元件厂搬迁项目_01_受理公告或公示版\04_四、主要环境影响和保护措施.md,1,108
E:\华南理工项目\环评文件汇总\01_GitHub项目与研究文档\eia-openclaw-sync-chen2026\05_QA测试集\人工核查_环评报告出处整理_20260715\环评报告文件_按问答顺序\PL098_佛山市顺德区共诺电子元件厂搬迁项目_01_受理公告或公示版.pdf,PL098_佛山市顺德区共诺电子元件厂搬迁项目_01_受理公告或公示版.pdf,.pdf,pdf_pypdf,5,五、环境保护措施监督检查清单 ...................................................................................... 39,E:\华南理工项目\环评文件汇总\01_GitHub项目与研究文档\eia-openclaw-sync-chen2026\05_QA测试集\人工核查_环评报告出处整理_20260715\环评报告文件_按正文一级章节拆分_20260727\PL098_佛山市顺德区共诺电子元件厂搬迁项目_01_受理公告或公示版\05_五、环境保护措施监督检查清单.md,1,105
E:\华南理工项目\环评文件汇总\01_GitHub项目与研究文档\eia-openclaw-sync-chen2026\05_QA测试集\人工核查_环评报告出处整理_20260715\环评报告文件_按问答顺序\PL098_佛山市顺德区共诺电子元件厂搬迁项目_01_受理公告或公示版.pdf,PL098_佛山市顺德区共诺电子元件厂搬迁项目_01_受理公告或公示版.pdf,.pdf,pdf_pypdf,6,六、结论 .............................................................................................................................. 42,E:\华南理工项目\环评文件汇总\01_GitHub项目与研究文档\eia-openclaw-sync-chen2026\05_QA测试集\人工核查_环评报告出处整理_20260715\环评报告文件_按正文一级章节拆分_20260727\PL098_佛山市顺德区共诺电子元件厂搬迁项目_01_受理公告或公示版\06_六、结论.md,1,135
E:\华南理工项目\环评文件汇总\01_GitHub项目与研究文档\eia-openclaw-sync-chen2026\05_QA测试集\人工核查_环评报告出处整理_20260715\环评报告文件_按问答顺序\PL098_佛山市顺德区共诺电子元件厂搬迁项目_01_受理公告或公示版.pdf,PL098_佛山市顺德区共诺电子元件厂搬迁项目_01_受理公告或公示版.pdf,.pdf,pdf_pypdf,7,附表附图附件,E:\华南理工项目\环评文件汇总\01_GitHub项目与研究文档\eia-openclaw-sync-chen2026\05_QA测试集\人工核查_环评报告出处整理_20260715\环评报告文件_按正文一级章节拆分_20260727\PL098_佛山市顺德区共诺电子元件厂搬迁项目_01_受理公告或公示版\07_附表附图附件.md,18,1575
E:\华南理工项目\环评文件汇总\01_GitHub项目与研究文档\eia-openclaw-sync-chen2026\05_QA测试集\人工核查_环评报告出处整理_20260715\环评报告文件_按问答顺序\PL098_佛山市顺德区共诺电子元件厂搬迁项目_01_受理公告或公示版.pdf,PL098_佛山市顺德区共诺电子元件厂搬迁项目_01_受理公告或公示版.pdf,.pdf,pdf_pypdf,8,一、建设项目基本情况,E:\华南理工项目\环评文件汇总\01_GitHub项目与研究文档\eia-openclaw-sync-chen2026\05_QA测试集\人工核查_环评报告出处整理_20260715\环评报告文件_按正文一级章节拆分_20260727\PL098_佛山市顺德区共诺电子元件厂搬迁项目_01_受理公告或公示版\08_一、建设项目基本情况.md,625,10792
E:\华南理工项目\环评文件汇总\01_GitHub项目与研究文档\eia-openclaw-sync-chen2026\05_QA测试集\人工核查_环评报告出处整理_20260715\环评报告文件_按问答顺序\PL098_佛山市顺德区共诺电子元件厂搬迁项目_01_受理公告或公示版.pdf,PL098_佛山市顺德区共诺电子元件厂搬迁项目_01_受理公告或公示版.pdf,.pdf,pdf_pypdf,9,二、建设项目工程分析,E:\华南理工项目\环评文件汇总\01_GitHub项目与研究文档\eia-openclaw-sync-chen2026\05_QA测试集\人工核查_环评报告出处整理_20260715\环评报告文件_按正文一级章节拆分_20260727\PL098_佛山市顺德区共诺电子元件厂搬迁项目_01_受理公告或公示版\09_二、建设项目工程分析.md,451,7520
E:\华南理工项目\环评文件汇总\01_GitHub项目与研究文档\eia-openclaw-sync-chen2026\05_QA测试集\人工核查_环评报告出处整理_20260715\环评报告文件_按问答顺序\PL098_佛山市顺德区共诺电子元件厂搬迁项目_01_受理公告或公示版.pdf,PL098_佛山市顺德区共诺电子元件厂搬迁项目_01_受理公告或公示版.pdf,.pdf,pdf_pypdf,10,三、区域环境质量现状、环境保护目标及评价标准,E:\华南理工项目\环评文件汇总\01_GitHub项目与研究文档\eia-openclaw-sync-chen2026\05_QA测试集\人工核查_环评报告出处整理_20260715\环评报告文件_按正文一级章节拆分_20260727\PL098_佛山市顺德区共诺电子元件厂搬迁项目_01_受理公告或公示版\10_三、区域环境质量现状、环境保护目标及评价标准.md,197,4587
E:\华南理工项目\环评文件汇总\01_GitHub项目与研究文档\eia-openclaw-sync-chen2026\05_QA测试集\人工核查_环评报告出处整理_20260715\环评报告文件_按问答顺序\PL098_佛山市顺德区共诺电子元件厂搬迁项目_01_受理公告或公示版.pdf,PL098_佛山市顺德区共诺电子元件厂搬迁项目_01_受理公告或公示版.pdf,.pdf,pdf_pypdf,11,四、主要环境影响和保护措施,E:\华南理工项目\环评文件汇总\01_GitHub项目与研究文档\eia-openclaw-sync-chen2026\05_QA测试集\人工核查_环评报告出处整理_20260715\环评报告文件_按正文一级章节拆分_20260727\PL098_佛山市顺德区共诺电子元件厂搬迁项目_01_受理公告或公示版\11_四、主要环境影响和保护措施.md,911,17919
E:\华南理工项目\环评文件汇总\01_GitHub项目与研究文档\eia-openclaw-sync-chen2026\05_QA测试集\人工核查_环评报告出处整理_20260715\环评报告文件_按问答顺序\PL098_佛山市顺德区共诺电子元件厂搬迁项目_01_受理公告或公示版.pdf,PL098_佛山市顺德区共诺电子元件厂搬迁项目_01_受理公告或公示版.pdf,.pdf,pdf_pypdf,12,五、环境保护措施监督检查清单,E:\华南理工项目\环评文件汇总\01_GitHub项目与研究文档\eia-openclaw-sync-chen2026\05_QA测试集\人工核查_环评报告出处整理_20260715\环评报告文件_按正文一级章节拆分_20260727\PL098_佛山市顺德区共诺电子元件厂搬迁项目_01_受理公告或公示版\12_五、环境保护措施监督检查清单.md,127,2029
E:\华南理工项目\环评文件汇总\01_GitHub项目与研究文档\eia-openclaw-sync-chen2026\05_QA测试集\人工核查_环评报告出处整理_20260715\环评报告文件_按问答顺序\PL098_佛山市顺德区共诺电子元件厂搬迁项目_01_受理公告或公示版.pdf,PL098_佛山市顺德区共诺电子元件厂搬迁项目_01_受理公告或公示版.pdf,.pdf,pdf_pypdf,13,六、结论,E:\华南理工项目\环评文件汇总\01_GitHub项目与研究文档\eia-openclaw-sync-chen2026\05_QA测试集\人工核查_环评报告出处整理_20260715\环评报告文件_按正文一级章节拆分_20260727\PL098_佛山市顺德区共诺电子元件厂搬迁项目_01_受理公告或公示版\13_六、结论.md,7,156
E:\华南理工项目\环评文件汇总\01_GitHub项目与研究文档\eia-openclaw-sync-chen2026\05_QA测试集\人工核查_环评报告出处整理_20260715\环评报告文件_按问答顺序\PL098_佛山市顺德区共诺电子元件厂搬迁项目_01_受理公告或公示版.pdf,PL098_佛山市顺德区共诺电子元件厂搬迁项目_01_受理公告或公示版.pdf,.pdf,pdf_pypdf,14,附表附图附件,E:\华南理工项目\环评文件汇总\01_GitHub项目与研究文档\eia-openclaw-sync-chen2026\05_QA测试集\人工核查_环评报告出处整理_20260715\环评报告文件_按正文一级章节拆分_20260727\PL098_佛山市顺德区共诺电子元件厂搬迁项目_01_受理公告或公示版\14_附表附图附件.md,103,1531
E:\华南理工项目\环评文件汇总\01_GitHub项目与研究文档\eia-openclaw-sync-chen2026\05_QA测试集\人工核查_环评报告出处整理_20260715\环评报告文件_按问答顺序\PL099_佛山市顺佳利智能科技有限公司扩建项目(重新报批)_01_报批稿或报告表.pdf,PL099_佛山市顺佳利智能科技有限公司扩建项目(重新报批)_01_报批稿或报告表.pdf,.pdf,pdf_pypdf,1,封面及目录,E:\华南理工项目\环评文件汇总\01_GitHub项目与研究文档\eia-openclaw-sync-chen2026\05_QA测试集\人工核查_环评报告出处整理_20260715\环评报告文件_按正文一级章节拆分_20260727\PL099_佛山市顺佳利智能科技有限公司扩建项目(重新报批)_01_报批稿或报告表\01_封面及目录.md,2,24
E:\华南理工项目\环评文件汇总\01_GitHub项目与研究文档\eia-openclaw-sync-chen2026\05_QA测试集\人工核查_环评报告出处整理_20260715\环评报告文件_按问答顺序\PL099_佛山市顺佳利智能科技有限公司扩建项目(重新报批)_01_报批稿或报告表.pdf,PL099_佛山市顺佳利智能科技有限公司扩建项目(重新报批)_01_报批稿或报告表.pdf,.pdf,pdf_pypdf,2,一． 建设项目基本情况 ................................................................................................................1,E:\华南理工项目\环评文件汇总\01_GitHub项目与研究文档\eia-openclaw-sync-chen2026\05_QA测试集\人工核查_环评报告出处整理_20260715\环评报告文件_按正文一级章节拆分_20260727\PL099_佛山市顺佳利智能科技有限公司扩建项目(重新报批)_01_报批稿或报告表\02_一．_建设项目基本情况.md,1,126
E:\华南理工项目\环评文件汇总\01_GitHub项目与研究文档\eia-openclaw-sync-chen2026\05_QA测试集\人工核查_环评报告出处整理_20260715\环评报告文件_按问答顺序\PL099_佛山市顺佳利智能科技有限公司扩建项目(重新报批)_01_报批稿或报告表.pdf,PL099_佛山市顺佳利智能科技有限公司扩建项目(重新报批)_01_报批稿或报告表.pdf,.pdf,pdf_pypdf,3,二．建设项目工程分析 ................................................................................................................11,E:\华南理工项目\环评文件汇总\01_GitHub项目与研究文档\eia-openclaw-sync-chen2026\05_QA测试集\人工核查_环评报告出处整理_20260715\环评报告文件_按正文一级章节拆分_20260727\PL099_佛山市顺佳利智能科技有限公司扩建项目(重新报批)_01_报批稿或报告表\03_二．建设项目工程分析.md,2,216
E:\华南理工项目\环评文件汇总\01_GitHub项目与研究文档\eia-openclaw-sync-chen2026\05_QA测试集\人工核查_环评报告出处整理_20260715\环评报告文件_按问答顺序\PL099_佛山市顺佳利智能科技有限公司扩建项目(重新报批)_01_报批稿或报告表.pdf,PL099_佛山市顺佳利智能科技有限公司扩建项目(重新报批)_01_报批稿或报告表.pdf,.pdf,pdf_pypdf,4,四．主要环境影响和保护措施 ....................................................................................................40,E:\华南理工项目\环评文件汇总\01_GitHub项目与研究文档\eia-openclaw-sync-chen2026\05_QA测试集\人工核查_环评报告出处整理_20260715\环评报告文件_按正文一级章节拆分_20260727\PL099_佛山市顺佳利智能科技有限公司扩建项目(重新报批)_01_报批稿或报告表\04_四．主要环境影响和保护措施.md,1,117
E:\华南理工项目\环评文件汇总\01_GitHub项目与研究文档\eia-openclaw-sync-chen2026\05_QA测试集\人工核查_环评报告出处整理_20260715\环评报告文件_按问答顺序\PL099_佛山市顺佳利智能科技有限公司扩建项目(重新报批)_01_报批稿或报告表.pdf,PL099_佛山市顺佳利智能科技有限公司扩建项目(重新报批)_01_报批稿或报告表.pdf,.pdf,pdf_pypdf,5,五．环境保护措施监督检查清单 ................................................................................................69,E:\华南理工项目\环评文件汇总\01_GitHub项目与研究文档\eia-openclaw-sync-chen2026\05_QA测试集\人工核查_环评报告出处整理_20260715\环评报告文件_按正文一级章节拆分_20260727\PL099_佛山市顺佳利智能科技有限公司扩建项目(重新报批)_01_报批稿或报告表\05_五．环境保护措施监督检查清单.md,1,114
E:\华南理工项目\环评文件汇总\01_GitHub项目与研究文档\eia-openclaw-sync-chen2026\05_QA测试集\人工核查_环评报告出处整理_20260715\环评报告文件_按问答顺序\PL099_佛山市顺佳利智能科技有限公司扩建项目(重新报批)_01_报批稿或报告表.pdf,PL099_佛山市顺佳利智能科技有限公司扩建项目(重新报批)_01_报批稿或报告表.pdf,.pdf,pdf_pypdf,6,六．结论 ........................................................................................................................................72,E:\华南理工项目\环评文件汇总\01_GitHub项目与研究文档\eia-openclaw-sync-chen2026\05_QA测试集\人工核查_环评报告出处整理_20260715\环评报告文件_按正文一级章节拆分_20260727\PL099_佛山市顺佳利智能科技有限公司扩建项目(重新报批)_01_报批稿或报告表\06_六．结论.md,1,144
E:\华南理工项目\环评文件汇总\01_GitHub项目与研究文档\eia-openclaw-sync-chen2026\05_QA测试集\人工核查_环评报告出处整理_20260715\环评报告文件_按问答顺序\PL099_佛山市顺佳利智能科技有限公司扩建项目(重新报批)_01_报批稿或报告表.pdf,PL099_佛山市顺佳利智能科技有限公司扩建项目(重新报批)_01_报批稿或报告表.pdf,.pdf,pdf_pypdf,7,附表附图附件,E:\华南理工项目\环评文件汇总\01_GitHub项目与研究文档\eia-openclaw-sync-chen2026\05_QA测试集\人工核查_环评报告出处整理_20260715\环评报告文件_按正文一级章节拆分_20260727\PL099_佛山市顺佳利智能科技有限公司扩建项目(重新报批)_01_报批稿或报告表\07_附表附图附件.md,23,380
E:\华南理工项目\环评文件汇总\01_GitHub项目与研究文档\eia-openclaw-sync-chen2026\05_QA测试集\人工核查_环评报告出处整理_20260715\环评报告文件_按问答顺序\PL099_佛山市顺佳利智能科技有限公司扩建项目(重新报批)_01_报批稿或报告表.pdf,PL099_佛山市顺佳利智能科技有限公司扩建项目(重新报批)_01_报批稿或报告表.pdf,.pdf,pdf_pypdf,8,一、建设项目基本情况,E:\华南理工项目\环评文件汇总\01_GitHub项目与研究文档\eia-openclaw-sync-chen2026\05_QA测试集\人工核查_环评报告出处整理_20260715\环评报告文件_按正文一级章节拆分_20260727\PL099_佛山市顺佳利智能科技有限公司扩建项目(重新报批)_01_报批稿或报告表\08_一、建设项目基本情况.md,686,10522
E:\华南理工项目\环评文件汇总\01_GitHub项目与研究文档\eia-openclaw-sync-chen2026\05_QA测试集\人工核查_环评报告出处整理_20260715\环评报告文件_按问答顺序\PL099_佛山市顺佳利智能科技有限公司扩建项目(重新报批)_01_报批稿或报告表.pdf,PL099_佛山市顺佳利智能科技有限公司扩建项目(重新报批)_01_报批稿或报告表.pdf,.pdf,pdf_pypdf,9,二、建设项目工程分析,E:\华南理工项目\环评文件汇总\01_GitHub项目与研究文档\eia-openclaw-sync-chen2026\05_QA测试集\人工核查_环评报告出处整理_20260715\环评报告文件_按正文一级章节拆分_20260727\PL099_佛山市顺佳利智能科技有限公司扩建项目(重新报批)_01_报批稿或报告表\09_二、建设项目工程分析.md,880,15938
E:\华南理工项目\环评文件汇总\01_GitHub项目与研究文档\eia-openclaw-sync-chen2026\05_QA测试集\人工核查_环评报告出处整理_20260715\环评报告文件_按问答顺序\PL099_佛山市顺佳利智能科技有限公司扩建项目(重新报批)_01_报批稿或报告表.pdf,PL099_佛山市顺佳利智能科技有限公司扩建项目(重新报批)_01_报批稿或报告表.pdf,.pdf,pdf_pypdf,10,三、区域环境质量现状、环境保护目标及评价标准,E:\华南理工项目\环评文件汇总\01_GitHub项目与研究文档\eia-openclaw-sync-chen2026\05_QA测试集\人工核查_环评报告出处整理_20260715\环评报告文件_按正文一级章节拆分_20260727\PL099_佛山市顺佳利智能科技有限公司扩建项目(重新报批)_01_报批稿或报告表\10_三、区域环境质量现状、环境保护目标及评价标准.md,256,5860
E:\华南理工项目\环评文件汇总\01_GitHub项目与研究文档\eia-openclaw-sync-chen2026\05_QA测试集\人工核查_环评报告出处整理_20260715\环评报告文件_按问答顺序\PL099_佛山市顺佳利智能科技有限公司扩建项目(重新报批)_01_报批稿或报告表.pdf,PL099_佛山市顺佳利智能科技有限公司扩建项目(重新报批)_01_报批稿或报告表.pdf,.pdf,pdf_pypdf,11,四、主要环境影响和保护措施,E:\华南理工项目\环评文件汇总\01_GitHub项目与研究文档\eia-openclaw-sync-chen2026\05_QA测试集\人工核查_环评报告出处整理_20260715\环评报告文件_按正文一级章节拆分_20260727\PL099_佛山市顺佳利智能科技有限公司扩建项目(重新报批)_01_报批稿或报告表\11_四、主要环境影响和保护措施.md,304,5848
E:\华南理工项目\环评文件汇总\01_GitHub项目与研究文档\eia-openclaw-sync-chen2026\05_QA测试集\人工核查_环评报告出处整理_20260715\环评报告文件_按问答顺序\PL099_佛山市顺佳利智能科技有限公司扩建项目(重新报批)_01_报批稿或报告表.pdf,PL099_佛山市顺佳利智能科技有限公司扩建项目(重新报批)_01_报批稿或报告表.pdf,.pdf,pdf_pypdf,12,附表附图附件,E:\华南理工项目\环评文件汇总\01_GitHub项目与研究文档\eia-openclaw-sync-chen2026\05_QA测试集\人工核查_环评报告出处整理_20260715\环评报告文件_按正文一级章节拆分_20260727\PL099_佛山市顺佳利智能科技有限公司扩建项目(重新报批)_01_报批稿或报告表\12_附表附图附件.md,1021,20142
E:\华南理工项目\环评文件汇总\01_GitHub项目与研究文档\eia-openclaw-sync-chen2026\05_QA测试集\人工核查_环评报告出处整理_20260715\环评报告文件_按问答顺序\PL099_佛山市顺佳利智能科技有限公司扩建项目(重新报批)_01_报批稿或报告表.pdf,PL099_佛山市顺佳利智能科技有限公司扩建项目(重新报批)_01_报批稿或报告表.pdf,.pdf,pdf_pypdf,13,五、环境保护措施监督检查清单,E:\华南理工项目\环评文件汇总\01_GitHub项目与研究文档\eia-openclaw-sync-chen2026\05_QA测试集\人工核查_环评报告出处整理_20260715\环评报告文件_按正文一级章节拆分_20260727\PL099_佛山市顺佳利智能科技有限公司扩建项目(重新报批)_01_报批稿或报告表\13_五、环境保护措施监督检查清单.md,168,2925
E:\华南理工项目\环评文件汇总\01_GitHub项目与研究文档\eia-openclaw-sync-chen2026\05_QA测试集\人工核查_环评报告出处整理_20260715\环评报告文件_按问答顺序\PL099_佛山市顺佳利智能科技有限公司扩建项目(重新报批)_01_报批稿或报告表.pdf,PL099_佛山市顺佳利智能科技有限公司扩建项目(重新报批)_01_报批稿或报告表.pdf,.pdf,pdf_pypdf,14,六、结论,E:\华南理工项目\环评文件汇总\01_GitHub项目与研究文档\eia-openclaw-sync-chen2026\05_QA测试集\人工核查_环评报告出处整理_20260715\环评报告文件_按正文一级章节拆分_20260727\PL099_佛山市顺佳利智能科技有限公司扩建项目(重新报批)_01_报批稿或报告表\14_六、结论.md,7,202
E:\华南理工项目\环评文件汇总\01_GitHub项目与研究文档\eia-openclaw-sync-chen2026\05_QA测试集\人工核查_环评报告出处整理_20260715\环评报告文件_按问答顺序\PL099_佛山市顺佳利智能科技有限公司扩建项目(重新报批)_01_报批稿或报告表.pdf,PL099_佛山市顺佳利智能科技有限公司扩建项目(重新报批)_01_报批稿或报告表.pdf,.pdf,pdf_pypdf,15,附表附图附件,E:\华南理工项目\环评文件汇总\01_GitHub项目与研究文档\eia-openclaw-sync-chen2026\05_QA测试集\人工核查_环评报告出处整理_20260715\环评报告文件_按正文一级章节拆分_20260727\PL099_佛山市顺佳利智能科技有限公司扩建项目(重新报批)_01_报批稿或报告表\15_附表附图附件.md,114,1824
E:\华南理工项目\环评文件汇总\01_GitHub项目与研究文档\eia-openclaw-sync-chen2026\05_QA测试集\人工核查_环评报告出处整理_20260715\环评报告文件_按问答顺序\PL100_佛山市天日塑料科技有限公司迁扩建项目_01_报批稿或报告表.pdf,PL100_佛山市天日塑料科技有限公司迁扩建项目_01_报批稿或报告表.pdf,.pdf,pdf_pypdf,1,封面及目录,E:\华南理工项目\环评文件汇总\01_GitHub项目与研究文档\eia-openclaw-sync-chen2026\05_QA测试集\人工核查_环评报告出处整理_20260715\环评报告文件_按正文一级章节拆分_20260727\PL100_佛山市天日塑料科技有限公司迁扩建项目_01_报批稿或报告表\01_封面及目录.md,2,24
E:\华南理工项目\环评文件汇总\01_GitHub项目与研究文档\eia-openclaw-sync-chen2026\05_QA测试集\人工核查_环评报告出处整理_20260715\环评报告文件_按问答顺序\PL100_佛山市天日塑料科技有限公司迁扩建项目_01_报批稿或报告表.pdf,PL100_佛山市天日塑料科技有限公司迁扩建项目_01_报批稿或报告表.pdf,.pdf,pdf_pypdf,2,一、建设项目基本情况 ........................................................................................................ 1,E:\华南理工项目\环评文件汇总\01_GitHub项目与研究文档\eia-openclaw-sync-chen2026\05_QA测试集\人工核查_环评报告出处整理_20260715\环评报告文件_按正文一级章节拆分_20260727\PL100_佛山市天日塑料科技有限公司迁扩建项目_01_报批稿或报告表\02_一、建设项目基本情况.md,1,118
E:\华南理工项目\环评文件汇总\01_GitHub项目与研究文档\eia-openclaw-sync-chen2026\05_QA测试集\人工核查_环评报告出处整理_20260715\环评报告文件_按问答顺序\PL100_佛山市天日塑料科技有限公司迁扩建项目_01_报批稿或报告表.pdf,PL100_佛山市天日塑料科技有限公司迁扩建项目_01_报批稿或报告表.pdf,.pdf,pdf_pypdf,3,二、 建设项目工程分析 .................................................................................................... 12,E:\华南理工项目\环评文件汇总\01_GitHub项目与研究文档\eia-openclaw-sync-chen2026\05_QA测试集\人工核查_环评报告出处整理_20260715\环评报告文件_按正文一级章节拆分_20260727\PL100_佛山市天日塑料科技有限公司迁扩建项目_01_报批稿或报告表\03_二、_建设项目工程分析.md,2,197
E:\华南理工项目\环评文件汇总\01_GitHub项目与研究文档\eia-openclaw-sync-chen2026\05_QA测试集\人工核查_环评报告出处整理_20260715\环评报告文件_按问答顺序\PL100_佛山市天日塑料科技有限公司迁扩建项目_01_报批稿或报告表.pdf,PL100_佛山市天日塑料科技有限公司迁扩建项目_01_报批稿或报告表.pdf,.pdf,pdf_pypdf,4,四、主要环境影响和保护措施 .......................................................................................... 41,E:\华南理工项目\环评文件汇总\01_GitHub项目与研究文档\eia-openclaw-sync-chen2026\05_QA测试集\人工核查_环评报告出处整理_20260715\环评报告文件_按正文一级章节拆分_20260727\PL100_佛山市天日塑料科技有限公司迁扩建项目_01_报批稿或报告表\04_四、主要环境影响和保护措施.md,1,108
E:\华南理工项目\环评文件汇总\01_GitHub项目与研究文档\eia-openclaw-sync-chen2026\05_QA测试集\人工核查_环评报告出处整理_20260715\环评报告文件_按问答顺序\PL100_佛山市天日塑料科技有限公司迁扩建项目_01_报批稿或报告表.pdf,PL100_佛山市天日塑料科技有限公司迁扩建项目_01_报批稿或报告表.pdf,.pdf,pdf_pypdf,5,五、环境保护措施监督检查清单 ...................................................................................... 68,E:\华南理工项目\环评文件汇总\01_GitHub项目与研究文档\eia-openclaw-sync-chen2026\05_QA测试集\人工核查_环评报告出处整理_20260715\环评报告文件_按正文一级章节拆分_20260727\PL100_佛山市天日塑料科技有限公司迁扩建项目_01_报批稿或报告表\05_五、环境保护措施监督检查清单.md,1,105
E:\华南理工项目\环评文件汇总\01_GitHub项目与研究文档\eia-openclaw-sync-chen2026\05_QA测试集\人工核查_环评报告出处整理_20260715\环评报告文件_按问答顺序\PL100_佛山市天日塑料科技有限公司迁扩建项目_01_报批稿或报告表.pdf,PL100_佛山市天日塑料科技有限公司迁扩建项目_01_报批稿或报告表.pdf,.pdf,pdf_pypdf,6,六、结论 .............................................................................................................................. 70,E:\华南理工项目\环评文件汇总\01_GitHub项目与研究文档\eia-openclaw-sync-chen2026\05_QA测试集\人工核查_环评报告出处整理_20260715\环评报告文件_按正文一级章节拆分_20260727\PL100_佛山市天日塑料科技有限公司迁扩建项目_01_报批稿或报告表\06_六、结论.md,2,243
E:\华南理工项目\环评文件汇总\01_GitHub项目与研究文档\eia-openclaw-sync-chen2026\05_QA测试集\人工核查_环评报告出处整理_20260715\环评报告文件_按问答顺序\PL100_佛山市天日塑料科技有限公司迁扩建项目_01_报批稿或报告表.pdf,PL100_佛山市天日塑料科技有限公司迁扩建项目_01_报批稿或报告表.pdf,.pdf,pdf_pypdf,7,附表附图附件,E:\华南理工项目\环评文件汇总\01_GitHub项目与研究文档\eia-openclaw-sync-chen2026\05_QA测试集\人工核查_环评报告出处整理_20260715\环评报告文件_按正文一级章节拆分_20260727\PL100_佛山市天日塑料科技有限公司迁扩建项目_01_报批稿或报告表\07_附表附图附件.md,25,370
E:\华南理工项目\环评文件汇总\01_GitHub项目与研究文档\eia-openclaw-sync-chen2026\05_QA测试集\人工核查_环评报告出处整理_20260715\环评报告文件_按问答顺序\PL100_佛山市天日塑料科技有限公司迁扩建项目_01_报批稿或报告表.pdf,PL100_佛山市天日塑料科技有限公司迁扩建项目_01_报批稿或报告表.pdf,.pdf,pdf_pypdf,8,一、建设项目基本情况,E:\华南理工项目\环评文件汇总\01_GitHub项目与研究文档\eia-openclaw-sync-chen2026\05_QA测试集\人工核查_环评报告出处整理_20260715\环评报告文件_按正文一级章节拆分_20260727\PL100_佛山市天日塑料科技有限公司迁扩建项目_01_报批稿或报告表\08_一、建设项目基本情况.md,820,11304
E:\华南理工项目\环评文件汇总\01_GitHub项目与研究文档\eia-openclaw-sync-chen2026\05_QA测试集\人工核查_环评报告出处整理_20260715\环评报告文件_按问答顺序\PL100_佛山市天日塑料科技有限公司迁扩建项目_01_报批稿或报告表.pdf,PL100_佛山市天日塑料科技有限公司迁扩建项目_01_报批稿或报告表.pdf,.pdf,pdf_pypdf,9,二、建设项目工程分析,E:\华南理工项目\环评文件汇总\01_GitHub项目与研究文档\eia-openclaw-sync-chen2026\05_QA测试集\人工核查_环评报告出处整理_20260715\环评报告文件_按正文一级章节拆分_20260727\PL100_佛山市天日塑料科技有限公司迁扩建项目_01_报批稿或报告表\09_二、建设项目工程分析.md,1065,19456
E:\华南理工项目\环评文件汇总\01_GitHub项目与研究文档\eia-openclaw-sync-chen2026\05_QA测试集\人工核查_环评报告出处整理_20260715\环评报告文件_按问答顺序\PL100_佛山市天日塑料科技有限公司迁扩建项目_01_报批稿或报告表.pdf,PL100_佛山市天日塑料科技有限公司迁扩建项目_01_报批稿或报告表.pdf,.pdf,pdf_pypdf,10,三、区域环境质量现状、环境保护目标及评价标准,E:\华南理工项目\环评文件汇总\01_GitHub项目与研究文档\eia-openclaw-sync-chen2026\05_QA测试集\人工核查_环评报告出处整理_20260715\环评报告文件_按正文一级章节拆分_20260727\PL100_佛山市天日塑料科技有限公司迁扩建项目_01_报批稿或报告表\10_三、区域环境质量现状、环境保护目标及评价标准.md,288,5513
E:\华南理工项目\环评文件汇总\01_GitHub项目与研究文档\eia-openclaw-sync-chen2026\05_QA测试集\人工核查_环评报告出处整理_20260715\环评报告文件_按问答顺序\PL100_佛山市天日塑料科技有限公司迁扩建项目_01_报批稿或报告表.pdf,PL100_佛山市天日塑料科技有限公司迁扩建项目_01_报批稿或报告表.pdf,.pdf,pdf_pypdf,11,四、主要环境影响和保护措施,E:\华南理工项目\环评文件汇总\01_GitHub项目与研究文档\eia-openclaw-sync-chen2026\05_QA测试集\人工核查_环评报告出处整理_20260715\环评报告文件_按正文一级章节拆分_20260727\PL100_佛山市天日塑料科技有限公司迁扩建项目_01_报批稿或报告表\11_四、主要环境影响和保护措施.md,1234,23811
E:\华南理工项目\环评文件汇总\01_GitHub项目与研究文档\eia-openclaw-sync-chen2026\05_QA测试集\人工核查_环评报告出处整理_20260715\环评报告文件_按问答顺序\PL100_佛山市天日塑料科技有限公司迁扩建项目_01_报批稿或报告表.pdf,PL100_佛山市天日塑料科技有限公司迁扩建项目_01_报批稿或报告表.pdf,.pdf,pdf_pypdf,12,五、环境保护措施监督检查清单,E:\华南理工项目\环评文件汇总\01_GitHub项目与研究文档\eia-openclaw-sync-chen2026\05_QA测试集\人工核查_环评报告出处整理_20260715\环评报告文件_按正文一级章节拆分_20260727\PL100_佛山市天日塑料科技有限公司迁扩建项目_01_报批稿或报告表\12_五、环境保护措施监督检查清单.md,108,1827
E:\华南理工项目\环评文件汇总\01_GitHub项目与研究文档\eia-openclaw-sync-chen2026\05_QA测试集\人工核查_环评报告出处整理_20260715\环评报告文件_按问答顺序\PL100_佛山市天日塑料科技有限公司迁扩建项目_01_报批稿或报告表.pdf,PL100_佛山市天日塑料科技有限公司迁扩建项目_01_报批稿或报告表.pdf,.pdf,pdf_pypdf,13,六、结论,E:\华南理工项目\环评文件汇总\01_GitHub项目与研究文档\eia-openclaw-sync-chen2026\05_QA测试集\人工核查_环评报告出处整理_20260715\环评报告文件_按正文一级章节拆分_20260727\PL100_佛山市天日塑料科技有限公司迁扩建项目_01_报批稿或报告表\13_六、结论.md,8,201
E:\华南理工项目\环评文件汇总\01_GitHub项目与研究文档\eia-openclaw-sync-chen2026\05_QA测试集\人工核查_环评报告出处整理_20260715\环评报告文件_按问答顺序\PL100_佛山市天日塑料科技有限公司迁扩建项目_01_报批稿或报告表.pdf,PL100_佛山市天日塑料科技有限公司迁扩建项目_01_报批稿或报告表.pdf,.pdf,pdf_pypdf,14,附表附图附件,E:\华南理工项目\环评文件汇总\01_GitHub项目与研究文档\eia-openclaw-sync-chen2026\05_QA测试集\人工核查_环评报告出处整理_20260715\环评报告文件_按正文一级章节拆分_20260727\PL100_佛山市天日塑料科技有限公司迁扩建项目_01_报批稿或报告表\14_附表附图附件.md,121,1908
E:\华南理工项目\环评文件汇总\01_GitHub项目与研究文档\eia-openclaw-sync-chen2026\05_QA测试集\人工核查_环评报告出处整理_20260715\环评报告文件_按问答顺序\PL102_佛山市顺德区福晟鑫塑料制品有限公司迁扩建项目_01_受理公告或公示版.pdf,PL102_佛山市顺德区福晟鑫塑料制品有限公司迁扩建项目_01_受理公告或公示版.pdf,.pdf,pdf_pypdf,1,封面及目录,E:\华南理工项目\环评文件汇总\01_GitHub项目与研究文档\eia-openclaw-sync-chen2026\05_QA测试集\人工核查_环评报告出处整理_20260715\环评报告文件_按正文一级章节拆分_20260727\PL102_佛山市顺德区福晟鑫塑料制品有限公司迁扩建项目_01_受理公告或公示版\01_封面及目录.md,9,150
E:\华南理工项目\环评文件汇总\01_GitHub项目与研究文档\eia-openclaw-sync-chen2026\05_QA测试集\人工核查_环评报告出处整理_20260715\环评报告文件_按问答顺序\PL102_佛山市顺德区福晟鑫塑料制品有限公司迁扩建项目_01_受理公告或公示版.pdf,PL102_佛山市顺德区福晟鑫塑料制品有限公司迁扩建项目_01_受理公告或公示版.pdf,.pdf,pdf_pypdf,2,一、建设项目基本情况 ...................................................................................................................................... 1,E:\华南理工项目\环评文件汇总\01_GitHub项目与研究文档\eia-openclaw-sync-chen2026\05_QA测试集\人工核查_环评报告出处整理_20260715\环评报告文件_按正文一级章节拆分_20260727\PL102_佛山市顺德区福晟鑫塑料制品有限公司迁扩建项目_01_受理公告或公示版\02_一、建设项目基本情况.md,1,148
E:\华南理工项目\环评文件汇总\01_GitHub项目与研究文档\eia-openclaw-sync-chen2026\05_QA测试集\人工核查_环评报告出处整理_20260715\环评报告文件_按问答顺序\PL102_佛山市顺德区福晟鑫塑料制品有限公司迁扩建项目_01_受理公告或公示版.pdf,PL102_佛山市顺德区福晟鑫塑料制品有限公司迁扩建项目_01_受理公告或公示版.pdf,.pdf,pdf_pypdf,3,二、建设项目工程分析 .................................................................................................................................... 18,E:\华南理工项目\环评文件汇总\01_GitHub项目与研究文档\eia-openclaw-sync-chen2026\05_QA测试集\人工核查_环评报告出处整理_20260715\环评报告文件_按正文一级章节拆分_20260727\PL102_佛山市顺德区福晟鑫塑料制品有限公司迁扩建项目_01_受理公告或公示版\03_二、建设项目工程分析.md,2,258
E:\华南理工项目\环评文件汇总\01_GitHub项目与研究文档\eia-openclaw-sync-chen2026\05_QA测试集\人工核查_环评报告出处整理_20260715\环评报告文件_按问答顺序\PL102_佛山市顺德区福晟鑫塑料制品有限公司迁扩建项目_01_受理公告或公示版.pdf,PL102_佛山市顺德区福晟鑫塑料制品有限公司迁扩建项目_01_受理公告或公示版.pdf,.pdf,pdf_pypdf,4,四、主要环境影响和保护措施 ........................................................................................................................ 35,E:\华南理工项目\环评文件汇总\01_GitHub项目与研究文档\eia-openclaw-sync-chen2026\05_QA测试集\人工核查_环评报告出处整理_20260715\环评报告文件_按正文一级章节拆分_20260727\PL102_佛山市顺德区福晟鑫塑料制品有限公司迁扩建项目_01_受理公告或公示版\04_四、主要环境影响和保护措施.md,1,138
E:\华南理工项目\环评文件汇总\01_GitHub项目与研究文档\eia-openclaw-sync-chen2026\05_QA测试集\人工核查_环评报告出处整理_20260715\环评报告文件_按问答顺序\PL102_佛山市顺德区福晟鑫塑料制品有限公司迁扩建项目_01_受理公告或公示版.pdf,PL102_佛山市顺德区福晟鑫塑料制品有限公司迁扩建项目_01_受理公告或公示版.pdf,.pdf,pdf_pypdf,5,五、环境保护措施监督检查清单 .................................................................................................................... 72,E:\华南理工项目\环评文件汇总\01_GitHub项目与研究文档\eia-openclaw-sync-chen2026\05_QA测试集\人工核查_环评报告出处整理_20260715\环评报告文件_按正文一级章节拆分_20260727\PL102_佛山市顺德区福晟鑫塑料制品有限公司迁扩建项目_01_受理公告或公示版\05_五、环境保护措施监督检查清单.md,1,135
E:\华南理工项目\环评文件汇总\01_GitHub项目与研究文档\eia-openclaw-sync-chen2026\05_QA测试集\人工核查_环评报告出处整理_20260715\环评报告文件_按问答顺序\PL102_佛山市顺德区福晟鑫塑料制品有限公司迁扩建项目_01_受理公告或公示版.pdf,PL102_佛山市顺德区福晟鑫塑料制品有限公司迁扩建项目_01_受理公告或公示版.pdf,.pdf,pdf_pypdf,6,六、结论 ............................................................................................................................................................ 76,E:\华南理工项目\环评文件汇总\01_GitHub项目与研究文档\eia-openclaw-sync-chen2026\05_QA测试集\人工核查_环评报告出处整理_20260715\环评报告文件_按正文一级章节拆分_20260727\PL102_佛山市顺德区福晟鑫塑料制品有限公司迁扩建项目_01_受理公告或公示版\06_六、结论.md,1,165
E:\华南理工项目\环评文件汇总\01_GitHub项目与研究文档\eia-openclaw-sync-chen2026\05_QA测试集\人工核查_环评报告出处整理_20260715\环评报告文件_按问答顺序\PL102_佛山市顺德区福晟鑫塑料制品有限公司迁扩建项目_01_受理公告或公示版.pdf,PL102_佛山市顺德区福晟鑫塑料制品有限公司迁扩建项目_01_受理公告或公示版.pdf,.pdf,pdf_pypdf,7,附表附图附件,E:\华南理工项目\环评文件汇总\01_GitHub项目与研究文档\eia-openclaw-sync-chen2026\05_QA测试集\人工核查_环评报告出处整理_20260715\环评报告文件_按正文一级章节拆分_20260727\PL102_佛山市顺德区福晟鑫塑料制品有限公司迁扩建项目_01_受理公告或公示版\07_附表附图附件.md,28,3419
E:\华南理工项目\环评文件汇总\01_GitHub项目与研究文档\eia-openclaw-sync-chen2026\05_QA测试集\人工核查_环评报告出处整理_20260715\环评报告文件_按问答顺序\PL102_佛山市顺德区福晟鑫塑料制品有限公司迁扩建项目_01_受理公告或公示版.pdf,PL102_佛山市顺德区福晟鑫塑料制品有限公司迁扩建项目_01_受理公告或公示版.pdf,.pdf,pdf_pypdf,8,一、建设项目基本情况,E:\华南理工项目\环评文件汇总\01_GitHub项目与研究文档\eia-openclaw-sync-chen2026\05_QA测试集\人工核查_环评报告出处整理_20260715\环评报告文件_按正文一级章节拆分_20260727\PL102_佛山市顺德区福晟鑫塑料制品有限公司迁扩建项目_01_受理公告或公示版\08_一、建设项目基本情况.md,217,4230
E:\华南理工项目\环评文件汇总\01_GitHub项目与研究文档\eia-openclaw-sync-chen2026\05_QA测试集\人工核查_环评报告出处整理_20260715\环评报告文件_按问答顺序\PL102_佛山市顺德区福晟鑫塑料制品有限公司迁扩建项目_01_受理公告或公示版.pdf,PL102_佛山市顺德区福晟鑫塑料制品有限公司迁扩建项目_01_受理公告或公示版.pdf,.pdf,pdf_pypdf,9,附表附图附件,E:\华南理工项目\环评文件汇总\01_GitHub项目与研究文档\eia-openclaw-sync-chen2026\05_QA测试集\人工核查_环评报告出处整理_20260715\环评报告文件_按正文一级章节拆分_20260727\PL102_佛山市顺德区福晟鑫塑料制品有限公司迁扩建项目_01_受理公告或公示版\09_附表附图附件.md,1048,12137
E:\华南理工项目\环评文件汇总\01_GitHub项目与研究文档\eia-openclaw-sync-chen2026\05_QA测试集\人工核查_环评报告出处整理_20260715\环评报告文件_按问答顺序\PL102_佛山市顺德区福晟鑫塑料制品有限公司迁扩建项目_01_受理公告或公示版.pdf,PL102_佛山市顺德区福晟鑫塑料制品有限公司迁扩建项目_01_受理公告或公示版.pdf,.pdf,pdf_pypdf,10,二、建设项目工程分析,E:\华南理工项目\环评文件汇总\01_GitHub项目与研究文档\eia-openclaw-sync-chen2026\05_QA测试集\人工核查_环评报告出处整理_20260715\环评报告文件_按正文一级章节拆分_20260727\PL102_佛山市顺德区福晟鑫塑料制品有限公司迁扩建项目_01_受理公告或公示版\10_二、建设项目工程分析.md,1008,16689
E:\华南理工项目\环评文件汇总\01_GitHub项目与研究文档\eia-openclaw-sync-chen2026\05_QA测试集\人工核查_环评报告出处整理_20260715\环评报告文件_按问答顺序\PL102_佛山市顺德区福晟鑫塑料制品有限公司迁扩建项目_01_受理公告或公示版.pdf,PL102_佛山市顺德区福晟鑫塑料制品有限公司迁扩建项目_01_受理公告或公示版.pdf,.pdf,pdf_pypdf,11,三、区域环境质量现状、环境保护目标及评价标准,E:\华南理工项目\环评文件汇总\01_GitHub项目与研究文档\eia-openclaw-sync-chen2026\05_QA测试集\人工核查_环评报告出处整理_20260715\环评报告文件_按正文一级章节拆分_20260727\PL102_佛山市顺德区福晟鑫塑料制品有限公司迁扩建项目_01_受理公告或公示版\11_三、区域环境质量现状、环境保护目标及评价标准.md,222,5371
E:\华南理工项目\环评文件汇总\01_GitHub项目与研究文档\eia-openclaw-sync-chen2026\05_QA测试集\人工核查_环评报告出处整理_20260715\环评报告文件_按问答顺序\PL102_佛山市顺德区福晟鑫塑料制品有限公司迁扩建项目_01_受理公告或公示版.pdf,PL102_佛山市顺德区福晟鑫塑料制品有限公司迁扩建项目_01_受理公告或公示版.pdf,.pdf,pdf_pypdf,12,四、主要环境影响和保护措施,E:\华南理工项目\环评文件汇总\01_GitHub项目与研究文档\eia-openclaw-sync-chen2026\05_QA测试集\人工核查_环评报告出处整理_20260715\环评报告文件_按正文一级章节拆分_20260727\PL102_佛山市顺德区福晟鑫塑料制品有限公司迁扩建项目_01_受理公告或公示版\12_四、主要环境影响和保护措施.md,1753,27327
E:\华南理工项目\环评文件汇总\01_GitHub项目与研究文档\eia-openclaw-sync-chen2026\05_QA测试集\人工核查_环评报告出处整理_20260715\环评报告文件_按问答顺序\PL102_佛山市顺德区福晟鑫塑料制品有限公司迁扩建项目_01_受理公告或公示版.pdf,PL102_佛山市顺德区福晟鑫塑料制品有限公司迁扩建项目_01_受理公告或公示版.pdf,.pdf,pdf_pypdf,13,五、环境保护措施监督检查清单,E:\华南理工项目\环评文件汇总\01_GitHub项目与研究文档\eia-openclaw-sync-chen2026\05_QA测试集\人工核查_环评报告出处整理_20260715\环评报告文件_按正文一级章节拆分_20260727\PL102_佛山市顺德区福晟鑫塑料制品有限公司迁扩建项目_01_受理公告或公示版\13_五、环境保护措施监督检查清单.md,173,3058
E:\华南理工项目\环评文件汇总\01_GitHub项目与研究文档\eia-openclaw-sync-chen2026\05_QA测试集\人工核查_环评报告出处整理_20260715\环评报告文件_按问答顺序\PL102_佛山市顺德区福晟鑫塑料制品有限公司迁扩建项目_01_受理公告或公示版.pdf,PL102_佛山市顺德区福晟鑫塑料制品有限公司迁扩建项目_01_受理公告或公示版.pdf,.pdf,pdf_pypdf,14,六、结论,E:\华南理工项目\环评文件汇总\01_GitHub项目与研究文档\eia-openclaw-sync-chen2026\05_QA测试集\人工核查_环评报告出处整理_20260715\环评报告文件_按正文一级章节拆分_20260727\PL102_佛山市顺德区福晟鑫塑料制品有限公司迁扩建项目_01_受理公告或公示版\14_六、结论.md,7,175
E:\华南理工项目\环评文件汇总\01_GitHub项目与研究文档\eia-openclaw-sync-chen2026\05_QA测试集\人工核查_环评报告出处整理_20260715\环评报告文件_按问答顺序\PL102_佛山市顺德区福晟鑫塑料制品有限公司迁扩建项目_01_受理公告或公示版.pdf,PL102_佛山市顺德区福晟鑫塑料制品有限公司迁扩建项目_01_受理公告或公示版.pdf,.pdf,pdf_pypdf,15,附表附图附件,E:\华南理工项目\环评文件汇总\01_GitHub项目与研究文档\eia-openclaw-sync-chen2026\05_QA测试集\人工核查_环评报告出处整理_20260715\环评报告文件_按正文一级章节拆分_20260727\PL102_佛山市顺德区福晟鑫塑料制品有限公司迁扩建项目_01_受理公告或公示版\15_附表附图附件.md,159,2588
E:\华南理工项目\环评文件汇总\01_GitHub项目与研究文档\eia-openclaw-sync-chen2026\05_QA测试集\人工核查_环评报告出处整理_20260715\环评报告文件_按问答顺序\PL103_佛山市顺德区谦和丰塑料制品厂新建项目_01_受理公告或公示版.pdf,PL103_佛山市顺德区谦和丰塑料制品厂新建项目_01_受理公告或公示版.pdf,.pdf,pdf_pypdf,1,封面及目录,E:\华南理工项目\环评文件汇总\01_GitHub项目与研究文档\eia-openclaw-sync-chen2026\05_QA测试集\人工核查_环评报告出处整理_20260715\环评报告文件_按正文一级章节拆分_20260727\PL103_佛山市顺德区谦和丰塑料制品厂新建项目_01_受理公告或公示版\01_封面及目录.md,2,25
E:\华南理工项目\环评文件汇总\01_GitHub项目与研究文档\eia-openclaw-sync-chen2026\05_QA测试集\人工核查_环评报告出处整理_20260715\环评报告文件_按问答顺序\PL103_佛山市顺德区谦和丰塑料制品厂新建项目_01_受理公告或公示版.pdf,PL103_佛山市顺德区谦和丰塑料制品厂新建项目_01_受理公告或公示版.pdf,.pdf,pdf_pypdf,2,一、建设项目基本情况 ........................................................................................................ 1,E:\华南理工项目\环评文件汇总\01_GitHub项目与研究文档\eia-openclaw-sync-chen2026\05_QA测试集\人工核查_环评报告出处整理_20260715\环评报告文件_按正文一级章节拆分_20260727\PL103_佛山市顺德区谦和丰塑料制品厂新建项目_01_受理公告或公示版\02_一、建设项目基本情况.md,1,118
E:\华南理工项目\环评文件汇总\01_GitHub项目与研究文档\eia-openclaw-sync-chen2026\05_QA测试集\人工核查_环评报告出处整理_20260715\环评报告文件_按问答顺序\PL103_佛山市顺德区谦和丰塑料制品厂新建项目_01_受理公告或公示版.pdf,PL103_佛山市顺德区谦和丰塑料制品厂新建项目_01_受理公告或公示版.pdf,.pdf,pdf_pypdf,3,二、建设项目工程分析 ........................................................................................................ 9,E:\华南理工项目\环评文件汇总\01_GitHub项目与研究文档\eia-openclaw-sync-chen2026\05_QA测试集\人工核查_环评报告出处整理_20260715\环评报告文件_按正文一级章节拆分_20260727\PL103_佛山市顺德区谦和丰塑料制品厂新建项目_01_受理公告或公示版\03_二、建设项目工程分析.md,2,199
E:\华南理工项目\环评文件汇总\01_GitHub项目与研究文档\eia-openclaw-sync-chen2026\05_QA测试集\人工核查_环评报告出处整理_20260715\环评报告文件_按问答顺序\PL103_佛山市顺德区谦和丰塑料制品厂新建项目_01_受理公告或公示版.pdf,PL103_佛山市顺德区谦和丰塑料制品厂新建项目_01_受理公告或公示版.pdf,.pdf,pdf_pypdf,4,四、主要环境影响和保护措施 .......................................................................................... 19,E:\华南理工项目\环评文件汇总\01_GitHub项目与研究文档\eia-openclaw-sync-chen2026\05_QA测试集\人工核查_环评报告出处整理_20260715\环评报告文件_按正文一级章节拆分_20260727\PL103_佛山市顺德区谦和丰塑料制品厂新建项目_01_受理公告或公示版\04_四、主要环境影响和保护措施.md,1,108
E:\华南理工项目\环评文件汇总\01_GitHub项目与研究文档\eia-openclaw-sync-chen2026\05_QA测试集\人工核查_环评报告出处整理_20260715\环评报告文件_按问答顺序\PL103_佛山市顺德区谦和丰塑料制品厂新建项目_01_受理公告或公示版.pdf,PL103_佛山市顺德区谦和丰塑料制品厂新建项目_01_受理公告或公示版.pdf,.pdf,pdf_pypdf,5,五、环境保护措施监督检查清单 ...................................................................................... 38,E:\华南理工项目\环评文件汇总\01_GitHub项目与研究文档\eia-openclaw-sync-chen2026\05_QA测试集\人工核查_环评报告出处整理_20260715\环评报告文件_按正文一级章节拆分_20260727\PL103_佛山市顺德区谦和丰塑料制品厂新建项目_01_受理公告或公示版\05_五、环境保护措施监督检查清单.md,1,105
E:\华南理工项目\环评文件汇总\01_GitHub项目与研究文档\eia-openclaw-sync-chen2026\05_QA测试集\人工核查_环评报告出处整理_20260715\环评报告文件_按问答顺序\PL103_佛山市顺德区谦和丰塑料制品厂新建项目_01_受理公告或公示版.pdf,PL103_佛山市顺德区谦和丰塑料制品厂新建项目_01_受理公告或公示版.pdf,.pdf,pdf_pypdf,6,六、结论 .............................................................................................................................. 41,E:\华南理工项目\环评文件汇总\01_GitHub项目与研究文档\eia-openclaw-sync-chen2026\05_QA测试集\人工核查_环评报告出处整理_20260715\环评报告文件_按正文一级章节拆分_20260727\PL103_佛山市顺德区谦和丰塑料制品厂新建项目_01_受理公告或公示版\06_六、结论.md,1,135
E:\华南理工项目\环评文件汇总\01_GitHub项目与研究文档\eia-openclaw-sync-chen2026\05_QA测试集\人工核查_环评报告出处整理_20260715\环评报告文件_按问答顺序\PL103_佛山市顺德区谦和丰塑料制品厂新建项目_01_受理公告或公示版.pdf,PL103_佛山市顺德区谦和丰塑料制品厂新建项目_01_受理公告或公示版.pdf,.pdf,pdf_pypdf,7,附表附图附件,E:\华南理工项目\环评文件汇总\01_GitHub项目与研究文档\eia-openclaw-sync-chen2026\05_QA测试集\人工核查_环评报告出处整理_20260715\环评报告文件_按正文一级章节拆分_20260727\PL103_佛山市顺德区谦和丰塑料制品厂新建项目_01_受理公告或公示版\07_附表附图附件.md,18,1543
E:\华南理工项目\环评文件汇总\01_GitHub项目与研究文档\eia-openclaw-sync-chen2026\05_QA测试集\人工核查_环评报告出处整理_20260715\环评报告文件_按问答顺序\PL103_佛山市顺德区谦和丰塑料制品厂新建项目_01_受理公告或公示版.pdf,PL103_佛山市顺德区谦和丰塑料制品厂新建项目_01_受理公告或公示版.pdf,.pdf,pdf_pypdf,8,一、建设项目基本情况,E:\华南理工项目\环评文件汇总\01_GitHub项目与研究文档\eia-openclaw-sync-chen2026\05_QA测试集\人工核查_环评报告出处整理_20260715\环评报告文件_按正文一级章节拆分_20260727\PL103_佛山市顺德区谦和丰塑料制品厂新建项目_01_受理公告或公示版\08_一、建设项目基本情况.md,267,4849
E:\华南理工项目\环评文件汇总\01_GitHub项目与研究文档\eia-openclaw-sync-chen2026\05_QA测试集\人工核查_环评报告出处整理_20260715\环评报告文件_按问答顺序\PL103_佛山市顺德区谦和丰塑料制品厂新建项目_01_受理公告或公示版.pdf,PL103_佛山市顺德区谦和丰塑料制品厂新建项目_01_受理公告或公示版.pdf,.pdf,pdf_pypdf,9,附表附图附件,E:\华南理工项目\环评文件汇总\01_GitHub项目与研究文档\eia-openclaw-sync-chen2026\05_QA测试集\人工核查_环评报告出处整理_20260715\环评报告文件_按正文一级章节拆分_20260727\PL103_佛山市顺德区谦和丰塑料制品厂新建项目_01_受理公告或公示版\09_附表附图附件.md,360,7212
E:\华南理工项目\环评文件汇总\01_GitHub项目与研究文档\eia-openclaw-sync-chen2026\05_QA测试集\人工核查_环评报告出处整理_20260715\环评报告文件_按问答顺序\PL103_佛山市顺德区谦和丰塑料制品厂新建项目_01_受理公告或公示版.pdf,PL103_佛山市顺德区谦和丰塑料制品厂新建项目_01_受理公告或公示版.pdf,.pdf,pdf_pypdf,10,二、建设项目工程分析,E:\华南理工项目\环评文件汇总\01_GitHub项目与研究文档\eia-openclaw-sync-chen2026\05_QA测试集\人工核查_环评报告出处整理_20260715\环评报告文件_按正文一级章节拆分_20260727\PL103_佛山市顺德区谦和丰塑料制品厂新建项目_01_受理公告或公示版\10_二、建设项目工程分析.md,229,4312
E:\华南理工项目\环评文件汇总\01_GitHub项目与研究文档\eia-openclaw-sync-chen2026\05_QA测试集\人工核查_环评报告出处整理_20260715\环评报告文件_按问答顺序\PL103_佛山市顺德区谦和丰塑料制品厂新建项目_01_受理公告或公示版.pdf,PL103_佛山市顺德区谦和丰塑料制品厂新建项目_01_受理公告或公示版.pdf,.pdf,pdf_pypdf,11,三、区域环境质量现状、环境保护目标及评价标准,E:\华南理工项目\环评文件汇总\01_GitHub项目与研究文档\eia-openclaw-sync-chen2026\05_QA测试集\人工核查_环评报告出处整理_20260715\环评报告文件_按正文一级章节拆分_20260727\PL103_佛山市顺德区谦和丰塑料制品厂新建项目_01_受理公告或公示版\11_三、区域环境质量现状、环境保护目标及评价标准.md,180,4283
E:\华南理工项目\环评文件汇总\01_GitHub项目与研究文档\eia-openclaw-sync-chen2026\05_QA测试集\人工核查_环评报告出处整理_20260715\环评报告文件_按问答顺序\PL103_佛山市顺德区谦和丰塑料制品厂新建项目_01_受理公告或公示版.pdf,PL103_佛山市顺德区谦和丰塑料制品厂新建项目_01_受理公告或公示版.pdf,.pdf,pdf_pypdf,12,四、主要环境影响和保护措施,E:\华南理工项目\环评文件汇总\01_GitHub项目与研究文档\eia-openclaw-sync-chen2026\05_QA测试集\人工核查_环评报告出处整理_20260715\环评报告文件_按正文一级章节拆分_20260727\PL103_佛山市顺德区谦和丰塑料制品厂新建项目_01_受理公告或公示版\12_四、主要环境影响和保护措施.md,822,17457
E:\华南理工项目\环评文件汇总\01_GitHub项目与研究文档\eia-openclaw-sync-chen2026\05_QA测试集\人工核查_环评报告出处整理_20260715\环评报告文件_按问答顺序\PL103_佛山市顺德区谦和丰塑料制品厂新建项目_01_受理公告或公示版.pdf,PL103_佛山市顺德区谦和丰塑料制品厂新建项目_01_受理公告或公示版.pdf,.pdf,pdf_pypdf,13,五、环境保护措施监督检查清单,E:\华南理工项目\环评文件汇总\01_GitHub项目与研究文档\eia-openclaw-sync-chen2026\05_QA测试集\人工核查_环评报告出处整理_20260715\环评报告文件_按正文一级章节拆分_20260727\PL103_佛山市顺德区谦和丰塑料制品厂新建项目_01_受理公告或公示版\13_五、环境保护措施监督检查清单.md,143,2216
E:\华南理工项目\环评文件汇总\01_GitHub项目与研究文档\eia-openclaw-sync-chen2026\05_QA测试集\人工核查_环评报告出处整理_20260715\环评报告文件_按问答顺序\PL103_佛山市顺德区谦和丰塑料制品厂新建项目_01_受理公告或公示版.pdf,PL103_佛山市顺德区谦和丰塑料制品厂新建项目_01_受理公告或公示版.pdf,.pdf,pdf_pypdf,14,六、结论,E:\华南理工项目\环评文件汇总\01_GitHub项目与研究文档\eia-openclaw-sync-chen2026\05_QA测试集\人工核查_环评报告出处整理_20260715\环评报告文件_按正文一级章节拆分_20260727\PL103_佛山市顺德区谦和丰塑料制品厂新建项目_01_受理公告或公示版\14_六、结论.md,6,142
E:\华南理工项目\环评文件汇总\01_GitHub项目与研究文档\eia-openclaw-sync-chen2026\05_QA测试集\人工核查_环评报告出处整理_20260715\环评报告文件_按问答顺序\PL103_佛山市顺德区谦和丰塑料制品厂新建项目_01_受理公告或公示版.pdf,PL103_佛山市顺德区谦和丰塑料制品厂新建项目_01_受理公告或公示版.pdf,.pdf,pdf_pypdf,15,附表附图附件,E:\华南理工项目\环评文件汇总\01_GitHub项目与研究文档\eia-openclaw-sync-chen2026\05_QA测试集\人工核查_环评报告出处整理_20260715\环评报告文件_按正文一级章节拆分_20260727\PL103_佛山市顺德区谦和丰塑料制品厂新建项目_01_受理公告或公示版\15_附表附图附件.md,98,1280
E:\华南理工项目\环评文件汇总\01_GitHub项目与研究文档\eia-openclaw-sync-chen2026\05_QA测试集\人工核查_环评报告出处整理_20260715\环评报告文件_按问答顺序\PL104_华硕(广东)新材料股份有限公司建设项目_01_受理公告或公示版.pdf,PL104_华硕(广东)新材料股份有限公司建设项目_01_受理公告或公示版.pdf,.pdf,pdf_pypdf,1,封面及目录,E:\华南理工项目\环评文件汇总\01_GitHub项目与研究文档\eia-openclaw-sync-chen2026\05_QA测试集\人工核查_环评报告出处整理_20260715\环评报告文件_按正文一级章节拆分_20260727\PL104_华硕(广东)新材料股份有限公司建设项目_01_受理公告或公示版\01_封面及目录.md,9,146
E:\华南理工项目\环评文件汇总\01_GitHub项目与研究文档\eia-openclaw-sync-chen2026\05_QA测试集\人工核查_环评报告出处整理_20260715\环评报告文件_按问答顺序\PL104_华硕(广东)新材料股份有限公司建设项目_01_受理公告或公示版.pdf,PL104_华硕(广东)新材料股份有限公司建设项目_01_受理公告或公示版.pdf,.pdf,pdf_pypdf,2,一、建设项目基本情况 ........................................................................................................ 1,E:\华南理工项目\环评文件汇总\01_GitHub项目与研究文档\eia-openclaw-sync-chen2026\05_QA测试集\人工核查_环评报告出处整理_20260715\环评报告文件_按正文一级章节拆分_20260727\PL104_华硕(广东)新材料股份有限公司建设项目_01_受理公告或公示版\02_一、建设项目基本情况.md,1,118
E:\华南理工项目\环评文件汇总\01_GitHub项目与研究文档\eia-openclaw-sync-chen2026\05_QA测试集\人工核查_环评报告出处整理_20260715\环评报告文件_按问答顺序\PL104_华硕(广东)新材料股份有限公司建设项目_01_受理公告或公示版.pdf,PL104_华硕(广东)新材料股份有限公司建设项目_01_受理公告或公示版.pdf,.pdf,pdf_pypdf,3,二、建设项目工程分析 ...................................................................................................... 18,E:\华南理工项目\环评文件汇总\01_GitHub项目与研究文档\eia-openclaw-sync-chen2026\05_QA测试集\人工核查_环评报告出处整理_20260715\环评报告文件_按正文一级章节拆分_20260727\PL104_华硕(广东)新材料股份有限公司建设项目_01_受理公告或公示版\03_二、建设项目工程分析.md,2,198
E:\华南理工项目\环评文件汇总\01_GitHub项目与研究文档\eia-openclaw-sync-chen2026\05_QA测试集\人工核查_环评报告出处整理_20260715\环评报告文件_按问答顺序\PL104_华硕(广东)新材料股份有限公司建设项目_01_受理公告或公示版.pdf,PL104_华硕(广东)新材料股份有限公司建设项目_01_受理公告或公示版.pdf,.pdf,pdf_pypdf,4,四、主要环境影响和保护措施 .......................................................................................... 35,E:\华南理工项目\环评文件汇总\01_GitHub项目与研究文档\eia-openclaw-sync-chen2026\05_QA测试集\人工核查_环评报告出处整理_20260715\环评报告文件_按正文一级章节拆分_20260727\PL104_华硕(广东)新材料股份有限公司建设项目_01_受理公告或公示版\04_四、主要环境影响和保护措施.md,1,108
E:\华南理工项目\环评文件汇总\01_GitHub项目与研究文档\eia-openclaw-sync-chen2026\05_QA测试集\人工核查_环评报告出处整理_20260715\环评报告文件_按问答顺序\PL104_华硕(广东)新材料股份有限公司建设项目_01_受理公告或公示版.pdf,PL104_华硕(广东)新材料股份有限公司建设项目_01_受理公告或公示版.pdf,.pdf,pdf_pypdf,5,五、环境保护措施监督检查清单 ...................................................................................... 65,E:\华南理工项目\环评文件汇总\01_GitHub项目与研究文档\eia-openclaw-sync-chen2026\05_QA测试集\人工核查_环评报告出处整理_20260715\环评报告文件_按正文一级章节拆分_20260727\PL104_华硕(广东)新材料股份有限公司建设项目_01_受理公告或公示版\05_五、环境保护措施监督检查清单.md,1,105
E:\华南理工项目\环评文件汇总\01_GitHub项目与研究文档\eia-openclaw-sync-chen2026\05_QA测试集\人工核查_环评报告出处整理_20260715\环评报告文件_按问答顺序\PL104_华硕(广东)新材料股份有限公司建设项目_01_受理公告或公示版.pdf,PL104_华硕(广东)新材料股份有限公司建设项目_01_受理公告或公示版.pdf,.pdf,pdf_pypdf,6,六、结论 .............................................................................................................................. 68,E:\华南理工项目\环评文件汇总\01_GitHub项目与研究文档\eia-openclaw-sync-chen2026\05_QA测试集\人工核查_环评报告出处整理_20260715\环评报告文件_按正文一级章节拆分_20260727\PL104_华硕(广东)新材料股份有限公司建设项目_01_受理公告或公示版\06_六、结论.md,1,135
E:\华南理工项目\环评文件汇总\01_GitHub项目与研究文档\eia-openclaw-sync-chen2026\05_QA测试集\人工核查_环评报告出处整理_20260715\环评报告文件_按问答顺序\PL104_华硕(广东)新材料股份有限公司建设项目_01_受理公告或公示版.pdf,PL104_华硕(广东)新材料股份有限公司建设项目_01_受理公告或公示版.pdf,.pdf,pdf_pypdf,7,附表附图附件,E:\华南理工项目\环评文件汇总\01_GitHub项目与研究文档\eia-openclaw-sync-chen2026\05_QA测试集\人工核查_环评报告出处整理_20260715\环评报告文件_按正文一级章节拆分_20260727\PL104_华硕(广东)新材料股份有限公司建设项目_01_受理公告或公示版\07_附表附图附件.md,20,1886
E:\华南理工项目\环评文件汇总\01_GitHub项目与研究文档\eia-openclaw-sync-chen2026\05_QA测试集\人工核查_环评报告出处整理_20260715\环评报告文件_按问答顺序\PL104_华硕(广东)新材料股份有限公司建设项目_01_受理公告或公示版.pdf,PL104_华硕(广东)新材料股份有限公司建设项目_01_受理公告或公示版.pdf,.pdf,pdf_pypdf,8,一、建设项目基本情况,E:\华南理工项目\环评文件汇总\01_GitHub项目与研究文档\eia-openclaw-sync-chen2026\05_QA测试集\人工核查_环评报告出处整理_20260715\环评报告文件_按正文一级章节拆分_20260727\PL104_华硕(广东)新材料股份有限公司建设项目_01_受理公告或公示版\08_一、建设项目基本情况.md,1052,16812
E:\华南理工项目\环评文件汇总\01_GitHub项目与研究文档\eia-openclaw-sync-chen2026\05_QA测试集\人工核查_环评报告出处整理_20260715\环评报告文件_按问答顺序\PL104_华硕(广东)新材料股份有限公司建设项目_01_受理公告或公示版.pdf,PL104_华硕(广东)新材料股份有限公司建设项目_01_受理公告或公示版.pdf,.pdf,pdf_pypdf,9,二、建设项目工程分析,E:\华南理工项目\环评文件汇总\01_GitHub项目与研究文档\eia-openclaw-sync-chen2026\05_QA测试集\人工核查_环评报告出处整理_20260715\环评报告文件_按正文一级章节拆分_20260727\PL104_华硕(广东)新材料股份有限公司建设项目_01_受理公告或公示版\09_二、建设项目工程分析.md,14,310
E:\华南理工项目\环评文件汇总\01_GitHub项目与研究文档\eia-openclaw-sync-chen2026\05_QA测试集\人工核查_环评报告出处整理_20260715\环评报告文件_按问答顺序\PL104_华硕(广东)新材料股份有限公司建设项目_01_受理公告或公示版.pdf,PL104_华硕(广东)新材料股份有限公司建设项目_01_受理公告或公示版.pdf,.pdf,pdf_pypdf,10,二、项目概况,E:\华南理工项目\环评文件汇总\01_GitHub项目与研究文档\eia-openclaw-sync-chen2026\05_QA测试集\人工核查_环评报告出处整理_20260715\环评报告文件_按正文一级章节拆分_20260727\PL104_华硕(广东)新材料股份有限公司建设项目_01_受理公告或公示版\10_二、项目概况.md,341,6884
E:\华南理工项目\环评文件汇总\01_GitHub项目与研究文档\eia-openclaw-sync-chen2026\05_QA测试集\人工核查_环评报告出处整理_20260715\环评报告文件_按问答顺序\PL104_华硕(广东)新材料股份有限公司建设项目_01_受理公告或公示版.pdf,PL104_华硕(广东)新材料股份有限公司建设项目_01_受理公告或公示版.pdf,.pdf,pdf_pypdf,11,三、区域环境质量现状、环境保护目标及评价标准,E:\华南理工项目\环评文件汇总\01_GitHub项目与研究文档\eia-openclaw-sync-chen2026\05_QA测试集\人工核查_环评报告出处整理_20260715\环评报告文件_按正文一级章节拆分_20260727\PL104_华硕(广东)新材料股份有限公司建设项目_01_受理公告或公示版\11_三、区域环境质量现状、环境保护目标及评价标准.md,237,4963
E:\华南理工项目\环评文件汇总\01_GitHub项目与研究文档\eia-openclaw-sync-chen2026\05_QA测试集\人工核查_环评报告出处整理_20260715\环评报告文件_按问答顺序\PL104_华硕(广东)新材料股份有限公司建设项目_01_受理公告或公示版.pdf,PL104_华硕(广东)新材料股份有限公司建设项目_01_受理公告或公示版.pdf,.pdf,pdf_pypdf,12,四、主要环境影响和保护措施,E:\华南理工项目\环评文件汇总\01_GitHub项目与研究文档\eia-openclaw-sync-chen2026\05_QA测试集\人工核查_环评报告出处整理_20260715\环评报告文件_按正文一级章节拆分_20260727\PL104_华硕(广东)新材料股份有限公司建设项目_01_受理公告或公示版\12_四、主要环境影响和保护措施.md,1676,25799
E:\华南理工项目\环评文件汇总\01_GitHub项目与研究文档\eia-openclaw-sync-chen2026\05_QA测试集\人工核查_环评报告出处整理_20260715\环评报告文件_按问答顺序\PL104_华硕(广东)新材料股份有限公司建设项目_01_受理公告或公示版.pdf,PL104_华硕(广东)新材料股份有限公司建设项目_01_受理公告或公示版.pdf,.pdf,pdf_pypdf,13,五、环境保护措施监督检查清单,E:\华南理工项目\环评文件汇总\01_GitHub项目与研究文档\eia-openclaw-sync-chen2026\05_QA测试集\人工核查_环评报告出处整理_20260715\环评报告文件_按正文一级章节拆分_20260727\PL104_华硕(广东)新材料股份有限公司建设项目_01_受理公告或公示版\13_五、环境保护措施监督检查清单.md,160,2197
E:\华南理工项目\环评文件汇总\01_GitHub项目与研究文档\eia-openclaw-sync-chen2026\05_QA测试集\人工核查_环评报告出处整理_20260715\环评报告文件_按问答顺序\PL104_华硕(广东)新材料股份有限公司建设项目_01_受理公告或公示版.pdf,PL104_华硕(广东)新材料股份有限公司建设项目_01_受理公告或公示版.pdf,.pdf,pdf_pypdf,14,六、结论,E:\华南理工项目\环评文件汇总\01_GitHub项目与研究文档\eia-openclaw-sync-chen2026\05_QA测试集\人工核查_环评报告出处整理_20260715\环评报告文件_按正文一级章节拆分_20260727\PL104_华硕(广东)新材料股份有限公司建设项目_01_受理公告或公示版\14_六、结论.md,7,149
E:\华南理工项目\环评文件汇总\01_GitHub项目与研究文档\eia-openclaw-sync-chen2026\05_QA测试集\人工核查_环评报告出处整理_20260715\环评报告文件_按问答顺序\PL104_华硕(广东)新材料股份有限公司建设项目_01_受理公告或公示版.pdf,PL104_华硕(广东)新材料股份有限公司建设项目_01_受理公告或公示版.pdf,.pdf,pdf_pypdf,15,附表附图附件,E:\华南理工项目\环评文件汇总\01_GitHub项目与研究文档\eia-openclaw-sync-chen2026\05_QA测试集\人工核查_环评报告出处整理_20260715\环评报告文件_按正文一级章节拆分_20260727\PL104_华硕(广东)新材料股份有限公司建设项目_01_受理公告或公示版\15_附表附图附件.md,96,1534
E:\华南理工项目\环评文件汇总\01_GitHub项目与研究文档\eia-openclaw-sync-chen2026\05_QA测试集\人工核查_环评报告出处整理_20260715\环评报告文件_按问答顺序\PL106_佛山市顺德区谦迅盛塑料制品厂新建项目_01_受理公告或公示版.pdf,PL106_佛山市顺德区谦迅盛塑料制品厂新建项目_01_受理公告或公示版.pdf,.pdf,pdf_pypdf,1,封面及目录,E:\华南理工项目\环评文件汇总\01_GitHub项目与研究文档\eia-openclaw-sync-chen2026\05_QA测试集\人工核查_环评报告出处整理_20260715\环评报告文件_按正文一级章节拆分_20260727\PL106_佛山市顺德区谦迅盛塑料制品厂新建项目_01_受理公告或公示版\01_封面及目录.md,2,25
E:\华南理工项目\环评文件汇总\01_GitHub项目与研究文档\eia-openclaw-sync-chen2026\05_QA测试集\人工核查_环评报告出处整理_20260715\环评报告文件_按问答顺序\PL106_佛山市顺德区谦迅盛塑料制品厂新建项目_01_受理公告或公示版.pdf,PL106_佛山市顺德区谦迅盛塑料制品厂新建项目_01_受理公告或公示版.pdf,.pdf,pdf_pypdf,2,一、建设项目基本情况 ........................................................................................................ 1,E:\华南理工项目\环评文件汇总\01_GitHub项目与研究文档\eia-openclaw-sync-chen2026\05_QA测试集\人工核查_环评报告出处整理_20260715\环评报告文件_按正文一级章节拆分_20260727\PL106_佛山市顺德区谦迅盛塑料制品厂新建项目_01_受理公告或公示版\02_一、建设项目基本情况.md,1,118
E:\华南理工项目\环评文件汇总\01_GitHub项目与研究文档\eia-openclaw-sync-chen2026\05_QA测试集\人工核查_环评报告出处整理_20260715\环评报告文件_按问答顺序\PL106_佛山市顺德区谦迅盛塑料制品厂新建项目_01_受理公告或公示版.pdf,PL106_佛山市顺德区谦迅盛塑料制品厂新建项目_01_受理公告或公示版.pdf,.pdf,pdf_pypdf,3,二、建设项目工程分析 ........................................................................................................ 9,E:\华南理工项目\环评文件汇总\01_GitHub项目与研究文档\eia-openclaw-sync-chen2026\05_QA测试集\人工核查_环评报告出处整理_20260715\环评报告文件_按正文一级章节拆分_20260727\PL106_佛山市顺德区谦迅盛塑料制品厂新建项目_01_受理公告或公示版\03_二、建设项目工程分析.md,2,199
E:\华南理工项目\环评文件汇总\01_GitHub项目与研究文档\eia-openclaw-sync-chen2026\05_QA测试集\人工核查_环评报告出处整理_20260715\环评报告文件_按问答顺序\PL106_佛山市顺德区谦迅盛塑料制品厂新建项目_01_受理公告或公示版.pdf,PL106_佛山市顺德区谦迅盛塑料制品厂新建项目_01_受理公告或公示版.pdf,.pdf,pdf_pypdf,4,四、主要环境影响和保护措施 .......................................................................................... 20,E:\华南理工项目\环评文件汇总\01_GitHub项目与研究文档\eia-openclaw-sync-chen2026\05_QA测试集\人工核查_环评报告出处整理_20260715\环评报告文件_按正文一级章节拆分_20260727\PL106_佛山市顺德区谦迅盛塑料制品厂新建项目_01_受理公告或公示版\04_四、主要环境影响和保护措施.md,1,108
E:\华南理工项目\环评文件汇总\01_GitHub项目与研究文档\eia-openclaw-sync-chen2026\05_QA测试集\人工核查_环评报告出处整理_20260715\环评报告文件_按问答顺序\PL106_佛山市顺德区谦迅盛塑料制品厂新建项目_01_受理公告或公示版.pdf,PL106_佛山市顺德区谦迅盛塑料制品厂新建项目_01_受理公告或公示版.pdf,.pdf,pdf_pypdf,5,五、环境保护措施监督检查清单 ...................................................................................... 39,E:\华南理工项目\环评文件汇总\01_GitHub项目与研究文档\eia-openclaw-sync-chen2026\05_QA测试集\人工核查_环评报告出处整理_20260715\环评报告文件_按正文一级章节拆分_20260727\PL106_佛山市顺德区谦迅盛塑料制品厂新建项目_01_受理公告或公示版\05_五、环境保护措施监督检查清单.md,1,105
E:\华南理工项目\环评文件汇总\01_GitHub项目与研究文档\eia-openclaw-sync-chen2026\05_QA测试集\人工核查_环评报告出处整理_20260715\环评报告文件_按问答顺序\PL106_佛山市顺德区谦迅盛塑料制品厂新建项目_01_受理公告或公示版.pdf,PL106_佛山市顺德区谦迅盛塑料制品厂新建项目_01_受理公告或公示版.pdf,.pdf,pdf_pypdf,6,六、结论 .............................................................................................................................. 42,E:\华南理工项目\环评文件汇总\01_GitHub项目与研究文档\eia-openclaw-sync-chen2026\05_QA测试集\人工核查_环评报告出处整理_20260715\环评报告文件_按正文一级章节拆分_20260727\PL106_佛山市顺德区谦迅盛塑料制品厂新建项目_01_受理公告或公示版\06_六、结论.md,1,135
E:\华南理工项目\环评文件汇总\01_GitHub项目与研究文档\eia-openclaw-sync-chen2026\05_QA测试集\人工核查_环评报告出处整理_20260715\环评报告文件_按问答顺序\PL106_佛山市顺德区谦迅盛塑料制品厂新建项目_01_受理公告或公示版.pdf,PL106_佛山市顺德区谦迅盛塑料制品厂新建项目_01_受理公告或公示版.pdf,.pdf,pdf_pypdf,7,附表附图附件,E:\华南理工项目\环评文件汇总\01_GitHub项目与研究文档\eia-openclaw-sync-chen2026\05_QA测试集\人工核查_环评报告出处整理_20260715\环评报告文件_按正文一级章节拆分_20260727\PL106_佛山市顺德区谦迅盛塑料制品厂新建项目_01_受理公告或公示版\07_附表附图附件.md,17,1450
E:\华南理工项目\环评文件汇总\01_GitHub项目与研究文档\eia-openclaw-sync-chen2026\05_QA测试集\人工核查_环评报告出处整理_20260715\环评报告文件_按问答顺序\PL106_佛山市顺德区谦迅盛塑料制品厂新建项目_01_受理公告或公示版.pdf,PL106_佛山市顺德区谦迅盛塑料制品厂新建项目_01_受理公告或公示版.pdf,.pdf,pdf_pypdf,8,一、建设项目基本情况,E:\华南理工项目\环评文件汇总\01_GitHub项目与研究文档\eia-openclaw-sync-chen2026\05_QA测试集\人工核查_环评报告出处整理_20260715\环评报告文件_按正文一级章节拆分_20260727\PL106_佛山市顺德区谦迅盛塑料制品厂新建项目_01_受理公告或公示版\08_一、建设项目基本情况.md,269,4879
E:\华南理工项目\环评文件汇总\01_GitHub项目与研究文档\eia-openclaw-sync-chen2026\05_QA测试集\人工核查_环评报告出处整理_20260715\环评报告文件_按问答顺序\PL106_佛山市顺德区谦迅盛塑料制品厂新建项目_01_受理公告或公示版.pdf,PL106_佛山市顺德区谦迅盛塑料制品厂新建项目_01_受理公告或公示版.pdf,.pdf,pdf_pypdf,9,附表附图附件,E:\华南理工项目\环评文件汇总\01_GitHub项目与研究文档\eia-openclaw-sync-chen2026\05_QA测试集\人工核查_环评报告出处整理_20260715\环评报告文件_按正文一级章节拆分_20260727\PL106_佛山市顺德区谦迅盛塑料制品厂新建项目_01_受理公告或公示版\09_附表附图附件.md,358,7182
E:\华南理工项目\环评文件汇总\01_GitHub项目与研究文档\eia-openclaw-sync-chen2026\05_QA测试集\人工核查_环评报告出处整理_20260715\环评报告文件_按问答顺序\PL106_佛山市顺德区谦迅盛塑料制品厂新建项目_01_受理公告或公示版.pdf,PL106_佛山市顺德区谦迅盛塑料制品厂新建项目_01_受理公告或公示版.pdf,.pdf,pdf_pypdf,10,二、建设项目工程分析,E:\华南理工项目\环评文件汇总\01_GitHub项目与研究文档\eia-openclaw-sync-chen2026\05_QA测试集\人工核查_环评报告出处整理_20260715\环评报告文件_按正文一级章节拆分_20260727\PL106_佛山市顺德区谦迅盛塑料制品厂新建项目_01_受理公告或公示版\10_二、建设项目工程分析.md,235,4297
E:\华南理工项目\环评文件汇总\01_GitHub项目与研究文档\eia-openclaw-sync-chen2026\05_QA测试集\人工核查_环评报告出处整理_20260715\环评报告文件_按问答顺序\PL106_佛山市顺德区谦迅盛塑料制品厂新建项目_01_受理公告或公示版.pdf,PL106_佛山市顺德区谦迅盛塑料制品厂新建项目_01_受理公告或公示版.pdf,.pdf,pdf_pypdf,11,三、区域环境质量现状、环境保护目标及评价标准,E:\华南理工项目\环评文件汇总\01_GitHub项目与研究文档\eia-openclaw-sync-chen2026\05_QA测试集\人工核查_环评报告出处整理_20260715\环评报告文件_按正文一级章节拆分_20260727\PL106_佛山市顺德区谦迅盛塑料制品厂新建项目_01_受理公告或公示版\11_三、区域环境质量现状、环境保护目标及评价标准.md,181,4285
E:\华南理工项目\环评文件汇总\01_GitHub项目与研究文档\eia-openclaw-sync-chen2026\05_QA测试集\人工核查_环评报告出处整理_20260715\环评报告文件_按问答顺序\PL106_佛山市顺德区谦迅盛塑料制品厂新建项目_01_受理公告或公示版.pdf,PL106_佛山市顺德区谦迅盛塑料制品厂新建项目_01_受理公告或公示版.pdf,.pdf,pdf_pypdf,12,四、主要环境影响和保护措施,E:\华南理工项目\环评文件汇总\01_GitHub项目与研究文档\eia-openclaw-sync-chen2026\05_QA测试集\人工核查_环评报告出处整理_20260715\环评报告文件_按正文一级章节拆分_20260727\PL106_佛山市顺德区谦迅盛塑料制品厂新建项目_01_受理公告或公示版\12_四、主要环境影响和保护措施.md,822,17420
E:\华南理工项目\环评文件汇总\01_GitHub项目与研究文档\eia-openclaw-sync-chen2026\05_QA测试集\人工核查_环评报告出处整理_20260715\环评报告文件_按问答顺序\PL106_佛山市顺德区谦迅盛塑料制品厂新建项目_01_受理公告或公示版.pdf,PL106_佛山市顺德区谦迅盛塑料制品厂新建项目_01_受理公告或公示版.pdf,.pdf,pdf_pypdf,13,五、环境保护措施监督检查清单,E:\华南理工项目\环评文件汇总\01_GitHub项目与研究文档\eia-openclaw-sync-chen2026\05_QA测试集\人工核查_环评报告出处整理_20260715\环评报告文件_按正文一级章节拆分_20260727\PL106_佛山市顺德区谦迅盛塑料制品厂新建项目_01_受理公告或公示版\13_五、环境保护措施监督检查清单.md,145,2220
E:\华南理工项目\环评文件汇总\01_GitHub项目与研究文档\eia-openclaw-sync-chen2026\05_QA测试集\人工核查_环评报告出处整理_20260715\环评报告文件_按问答顺序\PL106_佛山市顺德区谦迅盛塑料制品厂新建项目_01_受理公告或公示版.pdf,PL106_佛山市顺德区谦迅盛塑料制品厂新建项目_01_受理公告或公示版.pdf,.pdf,pdf_pypdf,14,六、结论,E:\华南理工项目\环评文件汇总\01_GitHub项目与研究文档\eia-openclaw-sync-chen2026\05_QA测试集\人工核查_环评报告出处整理_20260715\环评报告文件_按正文一级章节拆分_20260727\PL106_佛山市顺德区谦迅盛塑料制品厂新建项目_01_受理公告或公示版\14_六、结论.md,6,142
E:\华南理工项目\环评文件汇总\01_GitHub项目与研究文档\eia-openclaw-sync-chen2026\05_QA测试集\人工核查_环评报告出处整理_20260715\环评报告文件_按问答顺序\PL106_佛山市顺德区谦迅盛塑料制品厂新建项目_01_受理公告或公示版.pdf,PL106_佛山市顺德区谦迅盛塑料制品厂新建项目_01_受理公告或公示版.pdf,.pdf,pdf_pypdf,15,附表附图附件,E:\华南理工项目\环评文件汇总\01_GitHub项目与研究文档\eia-openclaw-sync-chen2026\05_QA测试集\人工核查_环评报告出处整理_20260715\环评报告文件_按正文一级章节拆分_20260727\PL106_佛山市顺德区谦迅盛塑料制品厂新建项目_01_受理公告或公示版\15_附表附图附件.md,91,1248
E:\华南理工项目\环评文件汇总\01_GitHub项目与研究文档\eia-openclaw-sync-chen2026\05_QA测试集\人工核查_环评报告出处整理_20260715\环评报告文件_按问答顺序\PL107_佛山赫昶塑胶制品有限公司新建项目_01_报批稿或报告表.pdf,PL107_佛山赫昶塑胶制品有限公司新建项目_01_报批稿或报告表.pdf,.pdf,pdf_pypdf,1,封面及目录,E:\华南理工项目\环评文件汇总\01_GitHub项目与研究文档\eia-openclaw-sync-chen2026\05_QA测试集\人工核查_环评报告出处整理_20260715\环评报告文件_按正文一级章节拆分_20260727\PL107_佛山赫昶塑胶制品有限公司新建项目_01_报批稿或报告表\01_封面及目录.md,9,139
E:\华南理工项目\环评文件汇总\01_GitHub项目与研究文档\eia-openclaw-sync-chen2026\05_QA测试集\人工核查_环评报告出处整理_20260715\环评报告文件_按问答顺序\PL107_佛山赫昶塑胶制品有限公司新建项目_01_报批稿或报告表.pdf,PL107_佛山赫昶塑胶制品有限公司新建项目_01_报批稿或报告表.pdf,.pdf,pdf_pypdf,2,一、建设项目基本情况..................................................................................................1,E:\华南理工项目\环评文件汇总\01_GitHub项目与研究文档\eia-openclaw-sync-chen2026\05_QA测试集\人工核查_环评报告出处整理_20260715\环评报告文件_按正文一级章节拆分_20260727\PL107_佛山赫昶塑胶制品有限公司新建项目_01_报批稿或报告表\02_一、建设项目基本情况.md,1,110
E:\华南理工项目\环评文件汇总\01_GitHub项目与研究文档\eia-openclaw-sync-chen2026\05_QA测试集\人工核查_环评报告出处整理_20260715\环评报告文件_按问答顺序\PL107_佛山赫昶塑胶制品有限公司新建项目_01_报批稿或报告表.pdf,PL107_佛山赫昶塑胶制品有限公司新建项目_01_报批稿或报告表.pdf,.pdf,pdf_pypdf,3,二、建设项目工程分析................................................................................................14,E:\华南理工项目\环评文件汇总\01_GitHub项目与研究文档\eia-openclaw-sync-chen2026\05_QA测试集\人工核查_环评报告出处整理_20260715\环评报告文件_按正文一级章节拆分_20260727\PL107_佛山赫昶塑胶制品有限公司新建项目_01_报批稿或报告表\03_二、建设项目工程分析.md,3,284
E:\华南理工项目\环评文件汇总\01_GitHub项目与研究文档\eia-openclaw-sync-chen2026\05_QA测试集\人工核查_环评报告出处整理_20260715\环评报告文件_按问答顺序\PL107_佛山赫昶塑胶制品有限公司新建项目_01_报批稿或报告表.pdf,PL107_佛山赫昶塑胶制品有限公司新建项目_01_报批稿或报告表.pdf,.pdf,pdf_pypdf,4,五、环境保护措施监督检查清单...............................................................................54,E:\华南理工项目\环评文件汇总\01_GitHub项目与研究文档\eia-openclaw-sync-chen2026\05_QA测试集\人工核查_环评报告出处整理_20260715\环评报告文件_按正文一级章节拆分_20260727\PL107_佛山赫昶塑胶制品有限公司新建项目_01_报批稿或报告表\04_五、环境保护措施监督检查清单.md,1,96
E:\华南理工项目\环评文件汇总\01_GitHub项目与研究文档\eia-openclaw-sync-chen2026\05_QA测试集\人工核查_环评报告出处整理_20260715\环评报告文件_按问答顺序\PL107_佛山赫昶塑胶制品有限公司新建项目_01_报批稿或报告表.pdf,PL107_佛山赫昶塑胶制品有限公司新建项目_01_报批稿或报告表.pdf,.pdf,pdf_pypdf,5,六、结论........................................................................................................................56,E:\华南理工项目\环评文件汇总\01_GitHub项目与研究文档\eia-openclaw-sync-chen2026\05_QA测试集\人工核查_环评报告出处整理_20260715\环评报告文件_按正文一级章节拆分_20260727\PL107_佛山赫昶塑胶制品有限公司新建项目_01_报批稿或报告表\05_六、结论.md,2,141
E:\华南理工项目\环评文件汇总\01_GitHub项目与研究文档\eia-openclaw-sync-chen2026\05_QA测试集\人工核查_环评报告出处整理_20260715\环评报告文件_按问答顺序\PL107_佛山赫昶塑胶制品有限公司新建项目_01_报批稿或报告表.pdf,PL107_佛山赫昶塑胶制品有限公司新建项目_01_报批稿或报告表.pdf,.pdf,pdf_pypdf,6,附表附图附件,E:\华南理工项目\环评文件汇总\01_GitHub项目与研究文档\eia-openclaw-sync-chen2026\05_QA测试集\人工核查_环评报告出处整理_20260715\环评报告文件_按正文一级章节拆分_20260727\PL107_佛山赫昶塑胶制品有限公司新建项目_01_报批稿或报告表\06_附表附图附件.md,18,268
E:\华南理工项目\环评文件汇总\01_GitHub项目与研究文档\eia-openclaw-sync-chen2026\05_QA测试集\人工核查_环评报告出处整理_20260715\环评报告文件_按问答顺序\PL107_佛山赫昶塑胶制品有限公司新建项目_01_报批稿或报告表.pdf,PL107_佛山赫昶塑胶制品有限公司新建项目_01_报批稿或报告表.pdf,.pdf,pdf_pypdf,7,一、建设项目基本情况,E:\华南理工项目\环评文件汇总\01_GitHub项目与研究文档\eia-openclaw-sync-chen2026\05_QA测试集\人工核查_环评报告出处整理_20260715\环评报告文件_按正文一级章节拆分_20260727\PL107_佛山赫昶塑胶制品有限公司新建项目_01_报批稿或报告表\07_一、建设项目基本情况.md,563,14079
E:\华南理工项目\环评文件汇总\01_GitHub项目与研究文档\eia-openclaw-sync-chen2026\05_QA测试集\人工核查_环评报告出处整理_20260715\环评报告文件_按问答顺序\PL107_佛山赫昶塑胶制品有限公司新建项目_01_报批稿或报告表.pdf,PL107_佛山赫昶塑胶制品有限公司新建项目_01_报批稿或报告表.pdf,.pdf,pdf_pypdf,8,二、建设项目工程分析,E:\华南理工项目\环评文件汇总\01_GitHub项目与研究文档\eia-openclaw-sync-chen2026\05_QA测试集\人工核查_环评报告出处整理_20260715\环评报告文件_按正文一级章节拆分_20260727\PL107_佛山赫昶塑胶制品有限公司新建项目_01_报批稿或报告表\08_二、建设项目工程分析.md,437,8447
E:\华南理工项目\环评文件汇总\01_GitHub项目与研究文档\eia-openclaw-sync-chen2026\05_QA测试集\人工核查_环评报告出处整理_20260715\环评报告文件_按问答顺序\PL107_佛山赫昶塑胶制品有限公司新建项目_01_报批稿或报告表.pdf,PL107_佛山赫昶塑胶制品有限公司新建项目_01_报批稿或报告表.pdf,.pdf,pdf_pypdf,9,三、区域环境质量现状、环境保护目标及评价标准,E:\华南理工项目\环评文件汇总\01_GitHub项目与研究文档\eia-openclaw-sync-chen2026\05_QA测试集\人工核查_环评报告出处整理_20260715\环评报告文件_按正文一级章节拆分_20260727\PL107_佛山赫昶塑胶制品有限公司新建项目_01_报批稿或报告表\09_三、区域环境质量现状、环境保护目标及评价标准.md,240,5163
E:\华南理工项目\环评文件汇总\01_GitHub项目与研究文档\eia-openclaw-sync-chen2026\05_QA测试集\人工核查_环评报告出处整理_20260715\环评报告文件_按问答顺序\PL107_佛山赫昶塑胶制品有限公司新建项目_01_报批稿或报告表.pdf,PL107_佛山赫昶塑胶制品有限公司新建项目_01_报批稿或报告表.pdf,.pdf,pdf_pypdf,10,四、主要环境影响和保护措施,E:\华南理工项目\环评文件汇总\01_GitHub项目与研究文档\eia-openclaw-sync-chen2026\05_QA测试集\人工核查_环评报告出处整理_20260715\环评报告文件_按正文一级章节拆分_20260727\PL107_佛山赫昶塑胶制品有限公司新建项目_01_报批稿或报告表\10_四、主要环境影响和保护措施.md,1232,23240
E:\华南理工项目\环评文件汇总\01_GitHub项目与研究文档\eia-openclaw-sync-chen2026\05_QA测试集\人工核查_环评报告出处整理_20260715\环评报告文件_按问答顺序\PL107_佛山赫昶塑胶制品有限公司新建项目_01_报批稿或报告表.pdf,PL107_佛山赫昶塑胶制品有限公司新建项目_01_报批稿或报告表.pdf,.pdf,pdf_pypdf,11,五、环境保护措施监督检查清单,E:\华南理工项目\环评文件汇总\01_GitHub项目与研究文档\eia-openclaw-sync-chen2026\05_QA测试集\人工核查_环评报告出处整理_20260715\环评报告文件_按正文一级章节拆分_20260727\PL107_佛山赫昶塑胶制品有限公司新建项目_01_报批稿或报告表\11_五、环境保护措施监督检查清单.md,132,2151
E:\华南理工项目\环评文件汇总\01_GitHub项目与研究文档\eia-openclaw-sync-chen2026\05_QA测试集\人工核查_环评报告出处整理_20260715\环评报告文件_按问答顺序\PL107_佛山赫昶塑胶制品有限公司新建项目_01_报批稿或报告表.pdf,PL107_佛山赫昶塑胶制品有限公司新建项目_01_报批稿或报告表.pdf,.pdf,pdf_pypdf,12,六、结论,E:\华南理工项目\环评文件汇总\01_GitHub项目与研究文档\eia-openclaw-sync-chen2026\05_QA测试集\人工核查_环评报告出处整理_20260715\环评报告文件_按正文一级章节拆分_20260727\PL107_佛山赫昶塑胶制品有限公司新建项目_01_报批稿或报告表\12_六、结论.md,7,205
E:\华南理工项目\环评文件汇总\01_GitHub项目与研究文档\eia-openclaw-sync-chen2026\05_QA测试集\人工核查_环评报告出处整理_20260715\环评报告文件_按问答顺序\PL107_佛山赫昶塑胶制品有限公司新建项目_01_报批稿或报告表.pdf,PL107_佛山赫昶塑胶制品有限公司新建项目_01_报批稿或报告表.pdf,.pdf,pdf_pypdf,13,附表附图附件,E:\华南理工项目\环评文件汇总\01_GitHub项目与研究文档\eia-openclaw-sync-chen2026\05_QA测试集\人工核查_环评报告出处整理_20260715\环评报告文件_按正文一级章节拆分_20260727\PL107_佛山赫昶塑胶制品有限公司新建项目_01_报批稿或报告表\13_附表附图附件.md,120,1709
E:\华南理工项目\环评文件汇总\01_GitHub项目与研究文档\eia-openclaw-sync-chen2026\05_QA测试集\人工核查_环评报告出处整理_20260715\环评报告文件_按问答顺序\PL108_佛山市东来晟塑料制品有限公司新建项目_01_报批稿或报告表.pdf,PL108_佛山市东来晟塑料制品有限公司新建项目_01_报批稿或报告表.pdf,.pdf,pdf_pypdf,1,封面及目录,E:\华南理工项目\环评文件汇总\01_GitHub项目与研究文档\eia-openclaw-sync-chen2026\05_QA测试集\人工核查_环评报告出处整理_20260715\环评报告文件_按正文一级章节拆分_20260727\PL108_佛山市东来晟塑料制品有限公司新建项目_01_报批稿或报告表\01_封面及目录.md,2,24
E:\华南理工项目\环评文件汇总\01_GitHub项目与研究文档\eia-openclaw-sync-chen2026\05_QA测试集\人工核查_环评报告出处整理_20260715\环评报告文件_按问答顺序\PL108_佛山市东来晟塑料制品有限公司新建项目_01_报批稿或报告表.pdf,PL108_佛山市东来晟塑料制品有限公司新建项目_01_报批稿或报告表.pdf,.pdf,pdf_pypdf,2,一、建设项目基本情况 ............................................................................................................ 1,E:\华南理工项目\环评文件汇总\01_GitHub项目与研究文档\eia-openclaw-sync-chen2026\05_QA测试集\人工核查_环评报告出处整理_20260715\环评报告文件_按正文一级章节拆分_20260727\PL108_佛山市东来晟塑料制品有限公司新建项目_01_报批稿或报告表\02_一、建设项目基本情况.md,1,122
E:\华南理工项目\环评文件汇总\01_GitHub项目与研究文档\eia-openclaw-sync-chen2026\05_QA测试集\人工核查_环评报告出处整理_20260715\环评报告文件_按问答顺序\PL108_佛山市东来晟塑料制品有限公司新建项目_01_报批稿或报告表.pdf,PL108_佛山市东来晟塑料制品有限公司新建项目_01_报批稿或报告表.pdf,.pdf,pdf_pypdf,3,二、建设项目工程分析 .......................................................................................................... 14,E:\华南理工项目\环评文件汇总\01_GitHub项目与研究文档\eia-openclaw-sync-chen2026\05_QA测试集\人工核查_环评报告出处整理_20260715\环评报告文件_按正文一级章节拆分_20260727\PL108_佛山市东来晟塑料制品有限公司新建项目_01_报批稿或报告表\03_二、建设项目工程分析.md,2,206
E:\华南理工项目\环评文件汇总\01_GitHub项目与研究文档\eia-openclaw-sync-chen2026\05_QA测试集\人工核查_环评报告出处整理_20260715\环评报告文件_按问答顺序\PL108_佛山市东来晟塑料制品有限公司新建项目_01_报批稿或报告表.pdf,PL108_佛山市东来晟塑料制品有限公司新建项目_01_报批稿或报告表.pdf,.pdf,pdf_pypdf,4,四、主要环境影响和保护措施 .............................................................................................. 28,E:\华南理工项目\环评文件汇总\01_GitHub项目与研究文档\eia-openclaw-sync-chen2026\05_QA测试集\人工核查_环评报告出处整理_20260715\环评报告文件_按正文一级章节拆分_20260727\PL108_佛山市东来晟塑料制品有限公司新建项目_01_报批稿或报告表\04_四、主要环境影响和保护措施.md,1,112
E:\华南理工项目\环评文件汇总\01_GitHub项目与研究文档\eia-openclaw-sync-chen2026\05_QA测试集\人工核查_环评报告出处整理_20260715\环评报告文件_按问答顺序\PL108_佛山市东来晟塑料制品有限公司新建项目_01_报批稿或报告表.pdf,PL108_佛山市东来晟塑料制品有限公司新建项目_01_报批稿或报告表.pdf,.pdf,pdf_pypdf,5,五、环境保护措施监督检查清单 .......................................................................................... 46,E:\华南理工项目\环评文件汇总\01_GitHub项目与研究文档\eia-openclaw-sync-chen2026\05_QA测试集\人工核查_环评报告出处整理_20260715\环评报告文件_按正文一级章节拆分_20260727\PL108_佛山市东来晟塑料制品有限公司新建项目_01_报批稿或报告表\05_五、环境保护措施监督检查清单.md,1,109
E:\华南理工项目\环评文件汇总\01_GitHub项目与研究文档\eia-openclaw-sync-chen2026\05_QA测试集\人工核查_环评报告出处整理_20260715\环评报告文件_按问答顺序\PL108_佛山市东来晟塑料制品有限公司新建项目_01_报批稿或报告表.pdf,PL108_佛山市东来晟塑料制品有限公司新建项目_01_报批稿或报告表.pdf,.pdf,pdf_pypdf,6,六、结论 .................................................................................................................................. 50,E:\华南理工项目\环评文件汇总\01_GitHub项目与研究文档\eia-openclaw-sync-chen2026\05_QA测试集\人工核查_环评报告出处整理_20260715\环评报告文件_按正文一级章节拆分_20260727\PL108_佛山市东来晟塑料制品有限公司新建项目_01_报批稿或报告表\06_六、结论.md,1,139
E:\华南理工项目\环评文件汇总\01_GitHub项目与研究文档\eia-openclaw-sync-chen2026\05_QA测试集\人工核查_环评报告出处整理_20260715\环评报告文件_按问答顺序\PL108_佛山市东来晟塑料制品有限公司新建项目_01_报批稿或报告表.pdf,PL108_佛山市东来晟塑料制品有限公司新建项目_01_报批稿或报告表.pdf,.pdf,pdf_pypdf,7,附表附图附件,E:\华南理工项目\环评文件汇总\01_GitHub项目与研究文档\eia-openclaw-sync-chen2026\05_QA测试集\人工核查_环评报告出处整理_20260715\环评报告文件_按正文一级章节拆分_20260727\PL108_佛山市东来晟塑料制品有限公司新建项目_01_报批稿或报告表\07_附表附图附件.md,18,1792
E:\华南理工项目\环评文件汇总\01_GitHub项目与研究文档\eia-openclaw-sync-chen2026\05_QA测试集\人工核查_环评报告出处整理_20260715\环评报告文件_按问答顺序\PL108_佛山市东来晟塑料制品有限公司新建项目_01_报批稿或报告表.pdf,PL108_佛山市东来晟塑料制品有限公司新建项目_01_报批稿或报告表.pdf,.pdf,pdf_pypdf,8,一、建设项目基本情况,E:\华南理工项目\环评文件汇总\01_GitHub项目与研究文档\eia-openclaw-sync-chen2026\05_QA测试集\人工核查_环评报告出处整理_20260715\环评报告文件_按正文一级章节拆分_20260727\PL108_佛山市东来晟塑料制品有限公司新建项目_01_报批稿或报告表\08_一、建设项目基本情况.md,1055,14456
E:\华南理工项目\环评文件汇总\01_GitHub项目与研究文档\eia-openclaw-sync-chen2026\05_QA测试集\人工核查_环评报告出处整理_20260715\环评报告文件_按问答顺序\PL108_佛山市东来晟塑料制品有限公司新建项目_01_报批稿或报告表.pdf,PL108_佛山市东来晟塑料制品有限公司新建项目_01_报批稿或报告表.pdf,.pdf,pdf_pypdf,9,二、建设项目工程分析,E:\华南理工项目\环评文件汇总\01_GitHub项目与研究文档\eia-openclaw-sync-chen2026\05_QA测试集\人工核查_环评报告出处整理_20260715\环评报告文件_按正文一级章节拆分_20260727\PL108_佛山市东来晟塑料制品有限公司新建项目_01_报批稿或报告表\09_二、建设项目工程分析.md,317,5468
E:\华南理工项目\环评文件汇总\01_GitHub项目与研究文档\eia-openclaw-sync-chen2026\05_QA测试集\人工核查_环评报告出处整理_20260715\环评报告文件_按问答顺序\PL108_佛山市东来晟塑料制品有限公司新建项目_01_报批稿或报告表.pdf,PL108_佛山市东来晟塑料制品有限公司新建项目_01_报批稿或报告表.pdf,.pdf,pdf_pypdf,10,三、区域环境质量现状、环境保护目标及评价标准,E:\华南理工项目\环评文件汇总\01_GitHub项目与研究文档\eia-openclaw-sync-chen2026\05_QA测试集\人工核查_环评报告出处整理_20260715\环评报告文件_按正文一级章节拆分_20260727\PL108_佛山市东来晟塑料制品有限公司新建项目_01_报批稿或报告表\10_三、区域环境质量现状、环境保护目标及评价标准.md,243,5016
E:\华南理工项目\环评文件汇总\01_GitHub项目与研究文档\eia-openclaw-sync-chen2026\05_QA测试集\人工核查_环评报告出处整理_20260715\环评报告文件_按问答顺序\PL108_佛山市东来晟塑料制品有限公司新建项目_01_报批稿或报告表.pdf,PL108_佛山市东来晟塑料制品有限公司新建项目_01_报批稿或报告表.pdf,.pdf,pdf_pypdf,11,四、主要环境影响和保护措施,E:\华南理工项目\环评文件汇总\01_GitHub项目与研究文档\eia-openclaw-sync-chen2026\05_QA测试集\人工核查_环评报告出处整理_20260715\环评报告文件_按正文一级章节拆分_20260727\PL108_佛山市东来晟塑料制品有限公司新建项目_01_报批稿或报告表\11_四、主要环境影响和保护措施.md,1037,15772
E:\华南理工项目\环评文件汇总\01_GitHub项目与研究文档\eia-openclaw-sync-chen2026\05_QA测试集\人工核查_环评报告出处整理_20260715\环评报告文件_按问答顺序\PL108_佛山市东来晟塑料制品有限公司新建项目_01_报批稿或报告表.pdf,PL108_佛山市东来晟塑料制品有限公司新建项目_01_报批稿或报告表.pdf,.pdf,pdf_pypdf,12,五、环境保护措施监督检查清单,E:\华南理工项目\环评文件汇总\01_GitHub项目与研究文档\eia-openclaw-sync-chen2026\05_QA测试集\人工核查_环评报告出处整理_20260715\环评报告文件_按正文一级章节拆分_20260727\PL108_佛山市东来晟塑料制品有限公司新建项目_01_报批稿或报告表\12_五、环境保护措施监督检查清单.md,199,3358
E:\华南理工项目\环评文件汇总\01_GitHub项目与研究文档\eia-openclaw-sync-chen2026\05_QA测试集\人工核查_环评报告出处整理_20260715\环评报告文件_按问答顺序\PL108_佛山市东来晟塑料制品有限公司新建项目_01_报批稿或报告表.pdf,PL108_佛山市东来晟塑料制品有限公司新建项目_01_报批稿或报告表.pdf,.pdf,pdf_pypdf,13,六、结论,E:\华南理工项目\环评文件汇总\01_GitHub项目与研究文档\eia-openclaw-sync-chen2026\05_QA测试集\人工核查_环评报告出处整理_20260715\环评报告文件_按正文一级章节拆分_20260727\PL108_佛山市东来晟塑料制品有限公司新建项目_01_报批稿或报告表\13_六、结论.md,12,323
E:\华南理工项目\环评文件汇总\01_GitHub项目与研究文档\eia-openclaw-sync-chen2026\05_QA测试集\人工核查_环评报告出处整理_20260715\环评报告文件_按问答顺序\PL108_佛山市东来晟塑料制品有限公司新建项目_01_报批稿或报告表.pdf,PL108_佛山市东来晟塑料制品有限公司新建项目_01_报批稿或报告表.pdf,.pdf,pdf_pypdf,14,附表附图附件,E:\华南理工项目\环评文件汇总\01_GitHub项目与研究文档\eia-openclaw-sync-chen2026\05_QA测试集\人工核查_环评报告出处整理_20260715\环评报告文件_按正文一级章节拆分_20260727\PL108_佛山市东来晟塑料制品有限公司新建项目_01_报批稿或报告表\14_附表附图附件.md,115,1410
E:\华南理工项目\环评文件汇总\01_GitHub项目与研究文档\eia-openclaw-sync-chen2026\05_QA测试集\人工核查_环评报告出处整理_20260715\环评报告文件_按问答顺序\PL110_佛山市宇纳电器科技有限公司迁扩建项目_01_受理公告或公示版.pdf,PL110_佛山市宇纳电器科技有限公司迁扩建项目_01_受理公告或公示版.pdf,.pdf,pdf_pypdf,1,封面及目录,E:\华南理工项目\环评文件汇总\01_GitHub项目与研究文档\eia-openclaw-sync-chen2026\05_QA测试集\人工核查_环评报告出处整理_20260715\环评报告文件_按正文一级章节拆分_20260727\PL110_佛山市宇纳电器科技有限公司迁扩建项目_01_受理公告或公示版\01_封面及目录.md,2,24
E:\华南理工项目\环评文件汇总\01_GitHub项目与研究文档\eia-openclaw-sync-chen2026\05_QA测试集\人工核查_环评报告出处整理_20260715\环评报告文件_按问答顺序\PL110_佛山市宇纳电器科技有限公司迁扩建项目_01_受理公告或公示版.pdf,PL110_佛山市宇纳电器科技有限公司迁扩建项目_01_受理公告或公示版.pdf,.pdf,pdf_pypdf,2,一、建设项目基本情况 ....................................................................................................................................... 1,E:\华南理工项目\环评文件汇总\01_GitHub项目与研究文档\eia-openclaw-sync-chen2026\05_QA测试集\人工核查_环评报告出处整理_20260715\环评报告文件_按正文一级章节拆分_20260727\PL110_佛山市宇纳电器科技有限公司迁扩建项目_01_受理公告或公示版\02_一、建设项目基本情况.md,1,149
E:\华南理工项目\环评文件汇总\01_GitHub项目与研究文档\eia-openclaw-sync-chen2026\05_QA测试集\人工核查_环评报告出处整理_20260715\环评报告文件_按问答顺序\PL110_佛山市宇纳电器科技有限公司迁扩建项目_01_受理公告或公示版.pdf,PL110_佛山市宇纳电器科技有限公司迁扩建项目_01_受理公告或公示版.pdf,.pdf,pdf_pypdf,3,二、建设项目工程分析 ..................................................................................................................................... 19,E:\华南理工项目\环评文件汇总\01_GitHub项目与研究文档\eia-openclaw-sync-chen2026\05_QA测试集\人工核查_环评报告出处整理_20260715\环评报告文件_按正文一级章节拆分_20260727\PL110_佛山市宇纳电器科技有限公司迁扩建项目_01_受理公告或公示版\03_二、建设项目工程分析.md,2,260
E:\华南理工项目\环评文件汇总\01_GitHub项目与研究文档\eia-openclaw-sync-chen2026\05_QA测试集\人工核查_环评报告出处整理_20260715\环评报告文件_按问答顺序\PL110_佛山市宇纳电器科技有限公司迁扩建项目_01_受理公告或公示版.pdf,PL110_佛山市宇纳电器科技有限公司迁扩建项目_01_受理公告或公示版.pdf,.pdf,pdf_pypdf,4,四、主要环境影响和保护措施 ......................................................................................................................... 36,E:\华南理工项目\环评文件汇总\01_GitHub项目与研究文档\eia-openclaw-sync-chen2026\05_QA测试集\人工核查_环评报告出处整理_20260715\环评报告文件_按正文一级章节拆分_20260727\PL110_佛山市宇纳电器科技有限公司迁扩建项目_01_受理公告或公示版\04_四、主要环境影响和保护措施.md,1,139
E:\华南理工项目\环评文件汇总\01_GitHub项目与研究文档\eia-openclaw-sync-chen2026\05_QA测试集\人工核查_环评报告出处整理_20260715\环评报告文件_按问答顺序\PL110_佛山市宇纳电器科技有限公司迁扩建项目_01_受理公告或公示版.pdf,PL110_佛山市宇纳电器科技有限公司迁扩建项目_01_受理公告或公示版.pdf,.pdf,pdf_pypdf,5,五、环境保护措施监督检查清单 ..................................................................................................................... 52,E:\华南理工项目\环评文件汇总\01_GitHub项目与研究文档\eia-openclaw-sync-chen2026\05_QA测试集\人工核查_环评报告出处整理_20260715\环评报告文件_按正文一级章节拆分_20260727\PL110_佛山市宇纳电器科技有限公司迁扩建项目_01_受理公告或公示版\05_五、环境保护措施监督检查清单.md,1,136
E:\华南理工项目\环评文件汇总\01_GitHub项目与研究文档\eia-openclaw-sync-chen2026\05_QA测试集\人工核查_环评报告出处整理_20260715\环评报告文件_按问答顺序\PL110_佛山市宇纳电器科技有限公司迁扩建项目_01_受理公告或公示版.pdf,PL110_佛山市宇纳电器科技有限公司迁扩建项目_01_受理公告或公示版.pdf,.pdf,pdf_pypdf,6,六、结论 ..............................................................................................................................................................54,E:\华南理工项目\环评文件汇总\01_GitHub项目与研究文档\eia-openclaw-sync-chen2026\05_QA测试集\人工核查_环评报告出处整理_20260715\环评报告文件_按正文一级章节拆分_20260727\PL110_佛山市宇纳电器科技有限公司迁扩建项目_01_受理公告或公示版\06_六、结论.md,2,169
E:\华南理工项目\环评文件汇总\01_GitHub项目与研究文档\eia-openclaw-sync-chen2026\05_QA测试集\人工核查_环评报告出处整理_20260715\环评报告文件_按问答顺序\PL110_佛山市宇纳电器科技有限公司迁扩建项目_01_受理公告或公示版.pdf,PL110_佛山市宇纳电器科技有限公司迁扩建项目_01_受理公告或公示版.pdf,.pdf,pdf_pypdf,7,附表附图附件,E:\华南理工项目\环评文件汇总\01_GitHub项目与研究文档\eia-openclaw-sync-chen2026\05_QA测试集\人工核查_环评报告出处整理_20260715\环评报告文件_按正文一级章节拆分_20260727\PL110_佛山市宇纳电器科技有限公司迁扩建项目_01_受理公告或公示版\07_附表附图附件.md,20,272
E:\华南理工项目\环评文件汇总\01_GitHub项目与研究文档\eia-openclaw-sync-chen2026\05_QA测试集\人工核查_环评报告出处整理_20260715\环评报告文件_按问答顺序\PL110_佛山市宇纳电器科技有限公司迁扩建项目_01_受理公告或公示版.pdf,PL110_佛山市宇纳电器科技有限公司迁扩建项目_01_受理公告或公示版.pdf,.pdf,pdf_pypdf,8,一、建设项目基本情况,E:\华南理工项目\环评文件汇总\01_GitHub项目与研究文档\eia-openclaw-sync-chen2026\05_QA测试集\人工核查_环评报告出处整理_20260715\环评报告文件_按正文一级章节拆分_20260727\PL110_佛山市宇纳电器科技有限公司迁扩建项目_01_受理公告或公示版\08_一、建设项目基本情况.md,1157,17519
E:\华南理工项目\环评文件汇总\01_GitHub项目与研究文档\eia-openclaw-sync-chen2026\05_QA测试集\人工核查_环评报告出处整理_20260715\环评报告文件_按问答顺序\PL110_佛山市宇纳电器科技有限公司迁扩建项目_01_受理公告或公示版.pdf,PL110_佛山市宇纳电器科技有限公司迁扩建项目_01_受理公告或公示版.pdf,.pdf,pdf_pypdf,9,二、建设项目工程分析,E:\华南理工项目\环评文件汇总\01_GitHub项目与研究文档\eia-openclaw-sync-chen2026\05_QA测试集\人工核查_环评报告出处整理_20260715\环评报告文件_按正文一级章节拆分_20260727\PL110_佛山市宇纳电器科技有限公司迁扩建项目_01_受理公告或公示版\09_二、建设项目工程分析.md,11,359
E:\华南理工项目\环评文件汇总\01_GitHub项目与研究文档\eia-openclaw-sync-chen2026\05_QA测试集\人工核查_环评报告出处整理_20260715\环评报告文件_按问答顺序\PL110_佛山市宇纳电器科技有限公司迁扩建项目_01_受理公告或公示版.pdf,PL110_佛山市宇纳电器科技有限公司迁扩建项目_01_受理公告或公示版.pdf,.pdf,pdf_pypdf,10,附表附图附件,E:\华南理工项目\环评文件汇总\01_GitHub项目与研究文档\eia-openclaw-sync-chen2026\05_QA测试集\人工核查_环评报告出处整理_20260715\环评报告文件_按正文一级章节拆分_20260727\PL110_佛山市宇纳电器科技有限公司迁扩建项目_01_受理公告或公示版\10_附表附图附件.md,640,11297
E:\华南理工项目\环评文件汇总\01_GitHub项目与研究文档\eia-openclaw-sync-chen2026\05_QA测试集\人工核查_环评报告出处整理_20260715\环评报告文件_按问答顺序\PL110_佛山市宇纳电器科技有限公司迁扩建项目_01_受理公告或公示版.pdf,PL110_佛山市宇纳电器科技有限公司迁扩建项目_01_受理公告或公示版.pdf,.pdf,pdf_pypdf,11,三、区域环境质量现状、环境保护目标及评价标准,E:\华南理工项目\环评文件汇总\01_GitHub项目与研究文档\eia-openclaw-sync-chen2026\05_QA测试集\人工核查_环评报告出处整理_20260715\环评报告文件_按正文一级章节拆分_20260727\PL110_佛山市宇纳电器科技有限公司迁扩建项目_01_受理公告或公示版\11_三、区域环境质量现状、环境保护目标及评价标准.md,229,5158
E:\华南理工项目\环评文件汇总\01_GitHub项目与研究文档\eia-openclaw-sync-chen2026\05_QA测试集\人工核查_环评报告出处整理_20260715\环评报告文件_按问答顺序\PL110_佛山市宇纳电器科技有限公司迁扩建项目_01_受理公告或公示版.pdf,PL110_佛山市宇纳电器科技有限公司迁扩建项目_01_受理公告或公示版.pdf,.pdf,pdf_pypdf,12,四、主要环境影响和保护措施,E:\华南理工项目\环评文件汇总\01_GitHub项目与研究文档\eia-openclaw-sync-chen2026\05_QA测试集\人工核查_环评报告出处整理_20260715\环评报告文件_按正文一级章节拆分_20260727\PL110_佛山市宇纳电器科技有限公司迁扩建项目_01_受理公告或公示版\12_四、主要环境影响和保护措施.md,1063,16786
E:\华南理工项目\环评文件汇总\01_GitHub项目与研究文档\eia-openclaw-sync-chen2026\05_QA测试集\人工核查_环评报告出处整理_20260715\环评报告文件_按问答顺序\PL110_佛山市宇纳电器科技有限公司迁扩建项目_01_受理公告或公示版.pdf,PL110_佛山市宇纳电器科技有限公司迁扩建项目_01_受理公告或公示版.pdf,.pdf,pdf_pypdf,13,五、环境保护措施监督检查清单,E:\华南理工项目\环评文件汇总\01_GitHub项目与研究文档\eia-openclaw-sync-chen2026\05_QA测试集\人工核查_环评报告出处整理_20260715\环评报告文件_按正文一级章节拆分_20260727\PL110_佛山市宇纳电器科技有限公司迁扩建项目_01_受理公告或公示版\13_五、环境保护措施监督检查清单.md,112,1894
E:\华南理工项目\环评文件汇总\01_GitHub项目与研究文档\eia-openclaw-sync-chen2026\05_QA测试集\人工核查_环评报告出处整理_20260715\环评报告文件_按问答顺序\PL110_佛山市宇纳电器科技有限公司迁扩建项目_01_受理公告或公示版.pdf,PL110_佛山市宇纳电器科技有限公司迁扩建项目_01_受理公告或公示版.pdf,.pdf,pdf_pypdf,14,六、结论,E:\华南理工项目\环评文件汇总\01_GitHub项目与研究文档\eia-openclaw-sync-chen2026\05_QA测试集\人工核查_环评报告出处整理_20260715\环评报告文件_按正文一级章节拆分_20260727\PL110_佛山市宇纳电器科技有限公司迁扩建项目_01_受理公告或公示版\14_六、结论.md,7,200
E:\华南理工项目\环评文件汇总\01_GitHub项目与研究文档\eia-openclaw-sync-chen2026\05_QA测试集\人工核查_环评报告出处整理_20260715\环评报告文件_按问答顺序\PL110_佛山市宇纳电器科技有限公司迁扩建项目_01_受理公告或公示版.pdf,PL110_佛山市宇纳电器科技有限公司迁扩建项目_01_受理公告或公示版.pdf,.pdf,pdf_pypdf,15,附表附图附件,E:\华南理工项目\环评文件汇总\01_GitHub项目与研究文档\eia-openclaw-sync-chen2026\05_QA测试集\人工核查_环评报告出处整理_20260715\环评报告文件_按正文一级章节拆分_20260727\PL110_佛山市宇纳电器科技有限公司迁扩建项目_01_受理公告或公示版\15_附表附图附件.md,63,1458
E:\华南理工项目\环评文件汇总\01_GitHub项目与研究文档\eia-openclaw-sync-chen2026\05_QA测试集\人工核查_环评报告出处整理_20260715\环评报告文件_按问答顺序\PL111_佛山市承帆新材料科技有限公司新建项目_01_受理公告或公示版.pdf,PL111_佛山市承帆新材料科技有限公司新建项目_01_受理公告或公示版.pdf,.pdf,pdf_pypdf,1,封面及目录,E:\华南理工项目\环评文件汇总\01_GitHub项目与研究文档\eia-openclaw-sync-chen2026\05_QA测试集\人工核查_环评报告出处整理_20260715\环评报告文件_按正文一级章节拆分_20260727\PL111_佛山市承帆新材料科技有限公司新建项目_01_受理公告或公示版\01_封面及目录.md,9,143
E:\华南理工项目\环评文件汇总\01_GitHub项目与研究文档\eia-openclaw-sync-chen2026\05_QA测试集\人工核查_环评报告出处整理_20260715\环评报告文件_按问答顺序\PL111_佛山市承帆新材料科技有限公司新建项目_01_受理公告或公示版.pdf,PL111_佛山市承帆新材料科技有限公司新建项目_01_受理公告或公示版.pdf,.pdf,pdf_pypdf,2,一、建设项目基本情况..................................................................................................1,E:\华南理工项目\环评文件汇总\01_GitHub项目与研究文档\eia-openclaw-sync-chen2026\05_QA测试集\人工核查_环评报告出处整理_20260715\环评报告文件_按正文一级章节拆分_20260727\PL111_佛山市承帆新材料科技有限公司新建项目_01_受理公告或公示版\02_一、建设项目基本情况.md,1,110
E:\华南理工项目\环评文件汇总\01_GitHub项目与研究文档\eia-openclaw-sync-chen2026\05_QA测试集\人工核查_环评报告出处整理_20260715\环评报告文件_按问答顺序\PL111_佛山市承帆新材料科技有限公司新建项目_01_受理公告或公示版.pdf,PL111_佛山市承帆新材料科技有限公司新建项目_01_受理公告或公示版.pdf,.pdf,pdf_pypdf,3,二、建设项目工程分析................................................................................................20,E:\华南理工项目\环评文件汇总\01_GitHub项目与研究文档\eia-openclaw-sync-chen2026\05_QA测试集\人工核查_环评报告出处整理_20260715\环评报告文件_按正文一级章节拆分_20260727\PL111_佛山市承帆新材料科技有限公司新建项目_01_受理公告或公示版\03_二、建设项目工程分析.md,3,284
E:\华南理工项目\环评文件汇总\01_GitHub项目与研究文档\eia-openclaw-sync-chen2026\05_QA测试集\人工核查_环评报告出处整理_20260715\环评报告文件_按问答顺序\PL111_佛山市承帆新材料科技有限公司新建项目_01_受理公告或公示版.pdf,PL111_佛山市承帆新材料科技有限公司新建项目_01_受理公告或公示版.pdf,.pdf,pdf_pypdf,4,五、环境保护措施监督检查清单...............................................................................60,E:\华南理工项目\环评文件汇总\01_GitHub项目与研究文档\eia-openclaw-sync-chen2026\05_QA测试集\人工核查_环评报告出处整理_20260715\环评报告文件_按正文一级章节拆分_20260727\PL111_佛山市承帆新材料科技有限公司新建项目_01_受理公告或公示版\04_五、环境保护措施监督检查清单.md,1,96
E:\华南理工项目\环评文件汇总\01_GitHub项目与研究文档\eia-openclaw-sync-chen2026\05_QA测试集\人工核查_环评报告出处整理_20260715\环评报告文件_按问答顺序\PL111_佛山市承帆新材料科技有限公司新建项目_01_受理公告或公示版.pdf,PL111_佛山市承帆新材料科技有限公司新建项目_01_受理公告或公示版.pdf,.pdf,pdf_pypdf,5,六、结论........................................................................................................................63,E:\华南理工项目\环评文件汇总\01_GitHub项目与研究文档\eia-openclaw-sync-chen2026\05_QA测试集\人工核查_环评报告出处整理_20260715\环评报告文件_按正文一级章节拆分_20260727\PL111_佛山市承帆新材料科技有限公司新建项目_01_受理公告或公示版\05_六、结论.md,2,141
E:\华南理工项目\环评文件汇总\01_GitHub项目与研究文档\eia-openclaw-sync-chen2026\05_QA测试集\人工核查_环评报告出处整理_20260715\环评报告文件_按问答顺序\PL111_佛山市承帆新材料科技有限公司新建项目_01_受理公告或公示版.pdf,PL111_佛山市承帆新材料科技有限公司新建项目_01_受理公告或公示版.pdf,.pdf,pdf_pypdf,6,附表附图附件,E:\华南理工项目\环评文件汇总\01_GitHub项目与研究文档\eia-openclaw-sync-chen2026\05_QA测试集\人工核查_环评报告出处整理_20260715\环评报告文件_按正文一级章节拆分_20260727\PL111_佛山市承帆新材料科技有限公司新建项目_01_受理公告或公示版\06_附表附图附件.md,19,285
E:\华南理工项目\环评文件汇总\01_GitHub项目与研究文档\eia-openclaw-sync-chen2026\05_QA测试集\人工核查_环评报告出处整理_20260715\环评报告文件_按问答顺序\PL111_佛山市承帆新材料科技有限公司新建项目_01_受理公告或公示版.pdf,PL111_佛山市承帆新材料科技有限公司新建项目_01_受理公告或公示版.pdf,.pdf,pdf_pypdf,7,一、建设项目基本情况,E:\华南理工项目\环评文件汇总\01_GitHub项目与研究文档\eia-openclaw-sync-chen2026\05_QA测试集\人工核查_环评报告出处整理_20260715\环评报告文件_按正文一级章节拆分_20260727\PL111_佛山市承帆新材料科技有限公司新建项目_01_受理公告或公示版\07_一、建设项目基本情况.md,933,22626
E:\华南理工项目\环评文件汇总\01_GitHub项目与研究文档\eia-openclaw-sync-chen2026\05_QA测试集\人工核查_环评报告出处整理_20260715\环评报告文件_按问答顺序\PL111_佛山市承帆新材料科技有限公司新建项目_01_受理公告或公示版.pdf,PL111_佛山市承帆新材料科技有限公司新建项目_01_受理公告或公示版.pdf,.pdf,pdf_pypdf,8,二、建设项目工程分析,E:\华南理工项目\环评文件汇总\01_GitHub项目与研究文档\eia-openclaw-sync-chen2026\05_QA测试集\人工核查_环评报告出处整理_20260715\环评报告文件_按正文一级章节拆分_20260727\PL111_佛山市承帆新材料科技有限公司新建项目_01_受理公告或公示版\08_二、建设项目工程分析.md,480,9907
E:\华南理工项目\环评文件汇总\01_GitHub项目与研究文档\eia-openclaw-sync-chen2026\05_QA测试集\人工核查_环评报告出处整理_20260715\环评报告文件_按问答顺序\PL111_佛山市承帆新材料科技有限公司新建项目_01_受理公告或公示版.pdf,PL111_佛山市承帆新材料科技有限公司新建项目_01_受理公告或公示版.pdf,.pdf,pdf_pypdf,9,三、区域环境质量现状、环境保护目标及评价标准,E:\华南理工项目\环评文件汇总\01_GitHub项目与研究文档\eia-openclaw-sync-chen2026\05_QA测试集\人工核查_环评报告出处整理_20260715\环评报告文件_按正文一级章节拆分_20260727\PL111_佛山市承帆新材料科技有限公司新建项目_01_受理公告或公示版\09_三、区域环境质量现状、环境保护目标及评价标准.md,205,4219
E:\华南理工项目\环评文件汇总\01_GitHub项目与研究文档\eia-openclaw-sync-chen2026\05_QA测试集\人工核查_环评报告出处整理_20260715\环评报告文件_按问答顺序\PL111_佛山市承帆新材料科技有限公司新建项目_01_受理公告或公示版.pdf,PL111_佛山市承帆新材料科技有限公司新建项目_01_受理公告或公示版.pdf,.pdf,pdf_pypdf,10,四、主要环境影响和保护措施,E:\华南理工项目\环评文件汇总\01_GitHub项目与研究文档\eia-openclaw-sync-chen2026\05_QA测试集\人工核查_环评报告出处整理_20260715\环评报告文件_按正文一级章节拆分_20260727\PL111_佛山市承帆新材料科技有限公司新建项目_01_受理公告或公示版\10_四、主要环境影响和保护措施.md,1262,25232
E:\华南理工项目\环评文件汇总\01_GitHub项目与研究文档\eia-openclaw-sync-chen2026\05_QA测试集\人工核查_环评报告出处整理_20260715\环评报告文件_按问答顺序\PL111_佛山市承帆新材料科技有限公司新建项目_01_受理公告或公示版.pdf,PL111_佛山市承帆新材料科技有限公司新建项目_01_受理公告或公示版.pdf,.pdf,pdf_pypdf,11,五、环境保护措施监督检查清单,E:\华南理工项目\环评文件汇总\01_GitHub项目与研究文档\eia-openclaw-sync-chen2026\05_QA测试集\人工核查_环评报告出处整理_20260715\环评报告文件_按正文一级章节拆分_20260727\PL111_佛山市承帆新材料科技有限公司新建项目_01_受理公告或公示版\11_五、环境保护措施监督检查清单.md,148,2692
E:\华南理工项目\环评文件汇总\01_GitHub项目与研究文档\eia-openclaw-sync-chen2026\05_QA测试集\人工核查_环评报告出处整理_20260715\环评报告文件_按问答顺序\PL111_佛山市承帆新材料科技有限公司新建项目_01_受理公告或公示版.pdf,PL111_佛山市承帆新材料科技有限公司新建项目_01_受理公告或公示版.pdf,.pdf,pdf_pypdf,12,六、结论,E:\华南理工项目\环评文件汇总\01_GitHub项目与研究文档\eia-openclaw-sync-chen2026\05_QA测试集\人工核查_环评报告出处整理_20260715\环评报告文件_按正文一级章节拆分_20260727\PL111_佛山市承帆新材料科技有限公司新建项目_01_受理公告或公示版\12_六、结论.md,7,205
E:\华南理工项目\环评文件汇总\01_GitHub项目与研究文档\eia-openclaw-sync-chen2026\05_QA测试集\人工核查_环评报告出处整理_20260715\环评报告文件_按问答顺序\PL111_佛山市承帆新材料科技有限公司新建项目_01_受理公告或公示版.pdf,PL111_佛山市承帆新材料科技有限公司新建项目_01_受理公告或公示版.pdf,.pdf,pdf_pypdf,13,附表附图附件,E:\华南理工项目\环评文件汇总\01_GitHub项目与研究文档\eia-openclaw-sync-chen2026\05_QA测试集\人工核查_环评报告出处整理_20260715\环评报告文件_按正文一级章节拆分_20260727\PL111_佛山市承帆新材料科技有限公司新建项目_01_受理公告或公示版\13_附表附图附件.md,111,1696
E:\华南理工项目\环评文件汇总\01_GitHub项目与研究文档\eia-openclaw-sync-chen2026\05_QA测试集\人工核查_环评报告出处整理_20260715\环评报告文件_按问答顺序\PL112_广东顺德铁夫汽车配件有限公司迁扩建项目_01_受理公告或公示版.pdf,PL112_广东顺德铁夫汽车配件有限公司迁扩建项目_01_受理公告或公示版.pdf,.pdf,pdf_pypdf,1,封面及目录,E:\华南理工项目\环评文件汇总\01_GitHub项目与研究文档\eia-openclaw-sync-chen2026\05_QA测试集\人工核查_环评报告出处整理_20260715\环评报告文件_按正文一级章节拆分_20260727\PL112_广东顺德铁夫汽车配件有限公司迁扩建项目_01_受理公告或公示版\01_封面及目录.md,2,24
E:\华南理工项目\环评文件汇总\01_GitHub项目与研究文档\eia-openclaw-sync-chen2026\05_QA测试集\人工核查_环评报告出处整理_20260715\环评报告文件_按问答顺序\PL112_广东顺德铁夫汽车配件有限公司迁扩建项目_01_受理公告或公示版.pdf,PL112_广东顺德铁夫汽车配件有限公司迁扩建项目_01_受理公告或公示版.pdf,.pdf,pdf_pypdf,2,一、建设项目基本情况 ....................................................................................................... - 1 -,E:\华南理工项目\环评文件汇总\01_GitHub项目与研究文档\eia-openclaw-sync-chen2026\05_QA测试集\人工核查_环评报告出处整理_20260715\环评报告文件_按正文一级章节拆分_20260727\PL112_广东顺德铁夫汽车配件有限公司迁扩建项目_01_受理公告或公示版\02_一、建设项目基本情况.md,1,121
E:\华南理工项目\环评文件汇总\01_GitHub项目与研究文档\eia-openclaw-sync-chen2026\05_QA测试集\人工核查_环评报告出处整理_20260715\环评报告文件_按问答顺序\PL112_广东顺德铁夫汽车配件有限公司迁扩建项目_01_受理公告或公示版.pdf,PL112_广东顺德铁夫汽车配件有限公司迁扩建项目_01_受理公告或公示版.pdf,.pdf,pdf_pypdf,3,二、建设项目工程分析 ......................................................................................................- 11 -,E:\华南理工项目\环评文件汇总\01_GitHub项目与研究文档\eia-openclaw-sync-chen2026\05_QA测试集\人工核查_环评报告出处整理_20260715\环评报告文件_按正文一级章节拆分_20260727\PL112_广东顺德铁夫汽车配件有限公司迁扩建项目_01_受理公告或公示版\03_二、建设项目工程分析.md,1,120
E:\华南理工项目\环评文件汇总\01_GitHub项目与研究文档\eia-openclaw-sync-chen2026\05_QA测试集\人工核查_环评报告出处整理_20260715\环评报告文件_按问答顺序\PL112_广东顺德铁夫汽车配件有限公司迁扩建项目_01_受理公告或公示版.pdf,PL112_广东顺德铁夫汽车配件有限公司迁扩建项目_01_受理公告或公示版.pdf,.pdf,pdf_pypdf,4,三、区域环境质量现状、环境保护目标及评价标准 ..................................................... - 35 -,E:\华南理工项目\环评文件汇总\01_GitHub项目与研究文档\eia-openclaw-sync-chen2026\05_QA测试集\人工核查_环评报告出处整理_20260715\环评报告文件_按正文一级章节拆分_20260727\PL112_广东顺德铁夫汽车配件有限公司迁扩建项目_01_受理公告或公示版\04_三、区域环境质量现状、环境保护目标及评价标准.md,1,84
E:\华南理工项目\环评文件汇总\01_GitHub项目与研究文档\eia-openclaw-sync-chen2026\05_QA测试集\人工核查_环评报告出处整理_20260715\环评报告文件_按问答顺序\PL112_广东顺德铁夫汽车配件有限公司迁扩建项目_01_受理公告或公示版.pdf,PL112_广东顺德铁夫汽车配件有限公司迁扩建项目_01_受理公告或公示版.pdf,.pdf,pdf_pypdf,5,四、主要环境影响和保护措施 ......................................................................................... - 41 -,E:\华南理工项目\环评文件汇总\01_GitHub项目与研究文档\eia-openclaw-sync-chen2026\05_QA测试集\人工核查_环评报告出处整理_20260715\环评报告文件_按正文一级章节拆分_20260727\PL112_广东顺德铁夫汽车配件有限公司迁扩建项目_01_受理公告或公示版\05_四、主要环境影响和保护措施.md,1,111
E:\华南理工项目\环评文件汇总\01_GitHub项目与研究文档\eia-openclaw-sync-chen2026\05_QA测试集\人工核查_环评报告出处整理_20260715\环评报告文件_按问答顺序\PL112_广东顺德铁夫汽车配件有限公司迁扩建项目_01_受理公告或公示版.pdf,PL112_广东顺德铁夫汽车配件有限公司迁扩建项目_01_受理公告或公示版.pdf,.pdf,pdf_pypdf,6,五、环境保护措施监督检查清单 ..................................................................................... - 71 -,E:\华南理工项目\环评文件汇总\01_GitHub项目与研究文档\eia-openclaw-sync-chen2026\05_QA测试集\人工核查_环评报告出处整理_20260715\环评报告文件_按正文一级章节拆分_20260727\PL112_广东顺德铁夫汽车配件有限公司迁扩建项目_01_受理公告或公示版\06_五、环境保护措施监督检查清单.md,1,108
E:\华南理工项目\环评文件汇总\01_GitHub项目与研究文档\eia-openclaw-sync-chen2026\05_QA测试集\人工核查_环评报告出处整理_20260715\环评报告文件_按问答顺序\PL112_广东顺德铁夫汽车配件有限公司迁扩建项目_01_受理公告或公示版.pdf,PL112_广东顺德铁夫汽车配件有限公司迁扩建项目_01_受理公告或公示版.pdf,.pdf,pdf_pypdf,7,六、结论 ............................................................................................................................. - 75 -,E:\华南理工项目\环评文件汇总\01_GitHub项目与研究文档\eia-openclaw-sync-chen2026\05_QA测试集\人工核查_环评报告出处整理_20260715\环评报告文件_按正文一级章节拆分_20260727\PL112_广东顺德铁夫汽车配件有限公司迁扩建项目_01_受理公告或公示版\07_六、结论.md,1,138
E:\华南理工项目\环评文件汇总\01_GitHub项目与研究文档\eia-openclaw-sync-chen2026\05_QA测试集\人工核查_环评报告出处整理_20260715\环评报告文件_按问答顺序\PL112_广东顺德铁夫汽车配件有限公司迁扩建项目_01_受理公告或公示版.pdf,PL112_广东顺德铁夫汽车配件有限公司迁扩建项目_01_受理公告或公示版.pdf,.pdf,pdf_pypdf,8,附表附图附件,E:\华南理工项目\环评文件汇总\01_GitHub项目与研究文档\eia-openclaw-sync-chen2026\05_QA测试集\人工核查_环评报告出处整理_20260715\环评报告文件_按正文一级章节拆分_20260727\PL112_广东顺德铁夫汽车配件有限公司迁扩建项目_01_受理公告或公示版\08_附表附图附件.md,23,481
E:\华南理工项目\环评文件汇总\01_GitHub项目与研究文档\eia-openclaw-sync-chen2026\05_QA测试集\人工核查_环评报告出处整理_20260715\环评报告文件_按问答顺序\PL112_广东顺德铁夫汽车配件有限公司迁扩建项目_01_受理公告或公示版.pdf,PL112_广东顺德铁夫汽车配件有限公司迁扩建项目_01_受理公告或公示版.pdf,.pdf,pdf_pypdf,9,一、建设项目基本情况,E:\华南理工项目\环评文件汇总\01_GitHub项目与研究文档\eia-openclaw-sync-chen2026\05_QA测试集\人工核查_环评报告出处整理_20260715\环评报告文件_按正文一级章节拆分_20260727\PL112_广东顺德铁夫汽车配件有限公司迁扩建项目_01_受理公告或公示版\09_一、建设项目基本情况.md,711,10321
E:\华南理工项目\环评文件汇总\01_GitHub项目与研究文档\eia-openclaw-sync-chen2026\05_QA测试集\人工核查_环评报告出处整理_20260715\环评报告文件_按问答顺序\PL112_广东顺德铁夫汽车配件有限公司迁扩建项目_01_受理公告或公示版.pdf,PL112_广东顺德铁夫汽车配件有限公司迁扩建项目_01_受理公告或公示版.pdf,.pdf,pdf_pypdf,10,二、建设项目工程分析,E:\华南理工项目\环评文件汇总\01_GitHub项目与研究文档\eia-openclaw-sync-chen2026\05_QA测试集\人工核查_环评报告出处整理_20260715\环评报告文件_按正文一级章节拆分_20260727\PL112_广东顺德铁夫汽车配件有限公司迁扩建项目_01_受理公告或公示版\10_二、建设项目工程分析.md,1111,19359
E:\华南理工项目\环评文件汇总\01_GitHub项目与研究文档\eia-openclaw-sync-chen2026\05_QA测试集\人工核查_环评报告出处整理_20260715\环评报告文件_按问答顺序\PL112_广东顺德铁夫汽车配件有限公司迁扩建项目_01_受理公告或公示版.pdf,PL112_广东顺德铁夫汽车配件有限公司迁扩建项目_01_受理公告或公示版.pdf,.pdf,pdf_pypdf,11,三、区域环境质量现状、环境保护目标及评价标准,E:\华南理工项目\环评文件汇总\01_GitHub项目与研究文档\eia-openclaw-sync-chen2026\05_QA测试集\人工核查_环评报告出处整理_20260715\环评报告文件_按正文一级章节拆分_20260727\PL112_广东顺德铁夫汽车配件有限公司迁扩建项目_01_受理公告或公示版\11_三、区域环境质量现状、环境保护目标及评价标准.md,256,4614
E:\华南理工项目\环评文件汇总\01_GitHub项目与研究文档\eia-openclaw-sync-chen2026\05_QA测试集\人工核查_环评报告出处整理_20260715\环评报告文件_按问答顺序\PL112_广东顺德铁夫汽车配件有限公司迁扩建项目_01_受理公告或公示版.pdf,PL112_广东顺德铁夫汽车配件有限公司迁扩建项目_01_受理公告或公示版.pdf,.pdf,pdf_pypdf,12,四、主要环境影响和保护措施,E:\华南理工项目\环评文件汇总\01_GitHub项目与研究文档\eia-openclaw-sync-chen2026\05_QA测试集\人工核查_环评报告出处整理_20260715\环评报告文件_按正文一级章节拆分_20260727\PL112_广东顺德铁夫汽车配件有限公司迁扩建项目_01_受理公告或公示版\12_四、主要环境影响和保护措施.md,1430,26770
E:\华南理工项目\环评文件汇总\01_GitHub项目与研究文档\eia-openclaw-sync-chen2026\05_QA测试集\人工核查_环评报告出处整理_20260715\环评报告文件_按问答顺序\PL112_广东顺德铁夫汽车配件有限公司迁扩建项目_01_受理公告或公示版.pdf,PL112_广东顺德铁夫汽车配件有限公司迁扩建项目_01_受理公告或公示版.pdf,.pdf,pdf_pypdf,13,五、环境保护措施监督检查清单,E:\华南理工项目\环评文件汇总\01_GitHub项目与研究文档\eia-openclaw-sync-chen2026\05_QA测试集\人工核查_环评报告出处整理_20260715\环评报告文件_按正文一级章节拆分_20260727\PL112_广东顺德铁夫汽车配件有限公司迁扩建项目_01_受理公告或公示版\13_五、环境保护措施监督检查清单.md,199,2712
E:\华南理工项目\环评文件汇总\01_GitHub项目与研究文档\eia-openclaw-sync-chen2026\05_QA测试集\人工核查_环评报告出处整理_20260715\环评报告文件_按问答顺序\PL112_广东顺德铁夫汽车配件有限公司迁扩建项目_01_受理公告或公示版.pdf,PL112_广东顺德铁夫汽车配件有限公司迁扩建项目_01_受理公告或公示版.pdf,.pdf,pdf_pypdf,14,六、结论,E:\华南理工项目\环评文件汇总\01_GitHub项目与研究文档\eia-openclaw-sync-chen2026\05_QA测试集\人工核查_环评报告出处整理_20260715\环评报告文件_按正文一级章节拆分_20260727\PL112_广东顺德铁夫汽车配件有限公司迁扩建项目_01_受理公告或公示版\14_六、结论.md,7,205
E:\华南理工项目\环评文件汇总\01_GitHub项目与研究文档\eia-openclaw-sync-chen2026\05_QA测试集\人工核查_环评报告出处整理_20260715\环评报告文件_按问答顺序\PL112_广东顺德铁夫汽车配件有限公司迁扩建项目_01_受理公告或公示版.pdf,PL112_广东顺德铁夫汽车配件有限公司迁扩建项目_01_受理公告或公示版.pdf,.pdf,pdf_pypdf,15,附表附图附件,E:\华南理工项目\环评文件汇总\01_GitHub项目与研究文档\eia-openclaw-sync-chen2026\05_QA测试集\人工核查_环评报告出处整理_20260715\环评报告文件_按正文一级章节拆分_20260727\PL112_广东顺德铁夫汽车配件有限公司迁扩建项目_01_受理公告或公示版\15_附表附图附件.md,59,976
E:\华南理工项目\环评文件汇总\01_GitHub项目与研究文档\eia-openclaw-sync-chen2026\05_QA测试集\人工核查_环评报告出处整理_20260715\环评报告文件_按问答顺序\PL113_佛山市顺腾丰家具配件有限公司新建项目_01_受理公告或公示版.pdf,PL113_佛山市顺腾丰家具配件有限公司新建项目_01_受理公告或公示版.pdf,.pdf,pdf_pypdf,1,封面及目录,E:\华南理工项目\环评文件汇总\01_GitHub项目与研究文档\eia-openclaw-sync-chen2026\05_QA测试集\人工核查_环评报告出处整理_20260715\环评报告文件_按正文一级章节拆分_20260727\PL113_佛山市顺腾丰家具配件有限公司新建项目_01_受理公告或公示版\01_封面及目录.md,9,143
E:\华南理工项目\环评文件汇总\01_GitHub项目与研究文档\eia-openclaw-sync-chen2026\05_QA测试集\人工核查_环评报告出处整理_20260715\环评报告文件_按问答顺序\PL113_佛山市顺腾丰家具配件有限公司新建项目_01_受理公告或公示版.pdf,PL113_佛山市顺腾丰家具配件有限公司新建项目_01_受理公告或公示版.pdf,.pdf,pdf_pypdf,2,一、建设项目基本情况,E:\华南理工项目\环评文件汇总\01_GitHub项目与研究文档\eia-openclaw-sync-chen2026\05_QA测试集\人工核查_环评报告出处整理_20260715\环评报告文件_按正文一级章节拆分_20260727\PL113_佛山市顺腾丰家具配件有限公司新建项目_01_受理公告或公示版\02_一、建设项目基本情况.md,539,7975
E:\华南理工项目\环评文件汇总\01_GitHub项目与研究文档\eia-openclaw-sync-chen2026\05_QA测试集\人工核查_环评报告出处整理_20260715\环评报告文件_按问答顺序\PL113_佛山市顺腾丰家具配件有限公司新建项目_01_受理公告或公示版.pdf,PL113_佛山市顺腾丰家具配件有限公司新建项目_01_受理公告或公示版.pdf,.pdf,pdf_pypdf,3,二、建设项目工程分析,E:\华南理工项目\环评文件汇总\01_GitHub项目与研究文档\eia-openclaw-sync-chen2026\05_QA测试集\人工核查_环评报告出处整理_20260715\环评报告文件_按正文一级章节拆分_20260727\PL113_佛山市顺腾丰家具配件有限公司新建项目_01_受理公告或公示版\03_二、建设项目工程分析.md,296,5514
E:\华南理工项目\环评文件汇总\01_GitHub项目与研究文档\eia-openclaw-sync-chen2026\05_QA测试集\人工核查_环评报告出处整理_20260715\环评报告文件_按问答顺序\PL113_佛山市顺腾丰家具配件有限公司新建项目_01_受理公告或公示版.pdf,PL113_佛山市顺腾丰家具配件有限公司新建项目_01_受理公告或公示版.pdf,.pdf,pdf_pypdf,4,三、区域环境质量现状、环境保护目标及评价标准,E:\华南理工项目\环评文件汇总\01_GitHub项目与研究文档\eia-openclaw-sync-chen2026\05_QA测试集\人工核查_环评报告出处整理_20260715\环评报告文件_按正文一级章节拆分_20260727\PL113_佛山市顺腾丰家具配件有限公司新建项目_01_受理公告或公示版\04_三、区域环境质量现状、环境保护目标及评价标准.md,41,756
E:\华南理工项目\环评文件汇总\01_GitHub项目与研究文档\eia-openclaw-sync-chen2026\05_QA测试集\人工核查_环评报告出处整理_20260715\环评报告文件_按问答顺序\PL113_佛山市顺腾丰家具配件有限公司新建项目_01_受理公告或公示版.pdf,PL113_佛山市顺腾丰家具配件有限公司新建项目_01_受理公告或公示版.pdf,.pdf,pdf_pypdf,5,附表附图附件,E:\华南理工项目\环评文件汇总\01_GitHub项目与研究文档\eia-openclaw-sync-chen2026\05_QA测试集\人工核查_环评报告出处整理_20260715\环评报告文件_按正文一级章节拆分_20260727\PL113_佛山市顺腾丰家具配件有限公司新建项目_01_受理公告或公示版\05_附表附图附件.md,151,3629
E:\华南理工项目\环评文件汇总\01_GitHub项目与研究文档\eia-openclaw-sync-chen2026\05_QA测试集\人工核查_环评报告出处整理_20260715\环评报告文件_按问答顺序\PL113_佛山市顺腾丰家具配件有限公司新建项目_01_受理公告或公示版.pdf,PL113_佛山市顺腾丰家具配件有限公司新建项目_01_受理公告或公示版.pdf,.pdf,pdf_pypdf,6,四、主要环境影响和保护措施,E:\华南理工项目\环评文件汇总\01_GitHub项目与研究文档\eia-openclaw-sync-chen2026\05_QA测试集\人工核查_环评报告出处整理_20260715\环评报告文件_按正文一级章节拆分_20260727\PL113_佛山市顺腾丰家具配件有限公司新建项目_01_受理公告或公示版\06_四、主要环境影响和保护措施.md,1351,22908
E:\华南理工项目\环评文件汇总\01_GitHub项目与研究文档\eia-openclaw-sync-chen2026\05_QA测试集\人工核查_环评报告出处整理_20260715\环评报告文件_按问答顺序\PL113_佛山市顺腾丰家具配件有限公司新建项目_01_受理公告或公示版.pdf,PL113_佛山市顺腾丰家具配件有限公司新建项目_01_受理公告或公示版.pdf,.pdf,pdf_pypdf,7,五、环境保护措施监督检查清单,E:\华南理工项目\环评文件汇总\01_GitHub项目与研究文档\eia-openclaw-sync-chen2026\05_QA测试集\人工核查_环评报告出处整理_20260715\环评报告文件_按正文一级章节拆分_20260727\PL113_佛山市顺腾丰家具配件有限公司新建项目_01_受理公告或公示版\07_五、环境保护措施监督检查清单.md,180,2540
E:\华南理工项目\环评文件汇总\01_GitHub项目与研究文档\eia-openclaw-sync-chen2026\05_QA测试集\人工核查_环评报告出处整理_20260715\环评报告文件_按问答顺序\PL113_佛山市顺腾丰家具配件有限公司新建项目_01_受理公告或公示版.pdf,PL113_佛山市顺腾丰家具配件有限公司新建项目_01_受理公告或公示版.pdf,.pdf,pdf_pypdf,8,六、结论,E:\华南理工项目\环评文件汇总\01_GitHub项目与研究文档\eia-openclaw-sync-chen2026\05_QA测试集\人工核查_环评报告出处整理_20260715\环评报告文件_按正文一级章节拆分_20260727\PL113_佛山市顺腾丰家具配件有限公司新建项目_01_受理公告或公示版\08_六、结论.md,7,201
E:\华南理工项目\环评文件汇总\01_GitHub项目与研究文档\eia-openclaw-sync-chen2026\05_QA测试集\人工核查_环评报告出处整理_20260715\环评报告文件_按问答顺序\PL113_佛山市顺腾丰家具配件有限公司新建项目_01_受理公告或公示版.pdf,PL113_佛山市顺腾丰家具配件有限公司新建项目_01_受理公告或公示版.pdf,.pdf,pdf_pypdf,9,附表附图附件,E:\华南理工项目\环评文件汇总\01_GitHub项目与研究文档\eia-openclaw-sync-chen2026\05_QA测试集\人工核查_环评报告出处整理_20260715\环评报告文件_按正文一级章节拆分_20260727\PL113_佛山市顺腾丰家具配件有限公司新建项目_01_受理公告或公示版\09_附表附图附件.md,57,996
E:\华南理工项目\环评文件汇总\01_GitHub项目与研究文档\eia-openclaw-sync-chen2026\05_QA测试集\人工核查_环评报告出处整理_20260715\环评报告文件_按问答顺序\PL114_广东顺德优线三维科技有限公司迁扩建项目_01_受理公告或公示版.pdf,PL114_广东顺德优线三维科技有限公司迁扩建项目_01_受理公告或公示版.pdf,.pdf,pdf_pypdf,1,封面及目录,E:\华南理工项目\环评文件汇总\01_GitHub项目与研究文档\eia-openclaw-sync-chen2026\05_QA测试集\人工核查_环评报告出处整理_20260715\环评报告文件_按正文一级章节拆分_20260727\PL114_广东顺德优线三维科技有限公司迁扩建项目_01_受理公告或公示版\01_封面及目录.md,9,144
E:\华南理工项目\环评文件汇总\01_GitHub项目与研究文档\eia-openclaw-sync-chen2026\05_QA测试集\人工核查_环评报告出处整理_20260715\环评报告文件_按问答顺序\PL114_广东顺德优线三维科技有限公司迁扩建项目_01_受理公告或公示版.pdf,PL114_广东顺德优线三维科技有限公司迁扩建项目_01_受理公告或公示版.pdf,.pdf,pdf_pypdf,2,一、建设项目基本情况 ............................................................................................................ 1,E:\华南理工项目\环评文件汇总\01_GitHub项目与研究文档\eia-openclaw-sync-chen2026\05_QA测试集\人工核查_环评报告出处整理_20260715\环评报告文件_按正文一级章节拆分_20260727\PL114_广东顺德优线三维科技有限公司迁扩建项目_01_受理公告或公示版\02_一、建设项目基本情况.md,1,122
E:\华南理工项目\环评文件汇总\01_GitHub项目与研究文档\eia-openclaw-sync-chen2026\05_QA测试集\人工核查_环评报告出处整理_20260715\环评报告文件_按问答顺序\PL114_广东顺德优线三维科技有限公司迁扩建项目_01_受理公告或公示版.pdf,PL114_广东顺德优线三维科技有限公司迁扩建项目_01_受理公告或公示版.pdf,.pdf,pdf_pypdf,3,二、建设项目工程分析 .......................................................................................................... 12,E:\华南理工项目\环评文件汇总\01_GitHub项目与研究文档\eia-openclaw-sync-chen2026\05_QA测试集\人工核查_环评报告出处整理_20260715\环评报告文件_按正文一级章节拆分_20260727\PL114_广东顺德优线三维科技有限公司迁扩建项目_01_受理公告或公示版\03_二、建设项目工程分析.md,3,321
E:\华南理工项目\环评文件汇总\01_GitHub项目与研究文档\eia-openclaw-sync-chen2026\05_QA测试集\人工核查_环评报告出处整理_20260715\环评报告文件_按问答顺序\PL114_广东顺德优线三维科技有限公司迁扩建项目_01_受理公告或公示版.pdf,PL114_广东顺德优线三维科技有限公司迁扩建项目_01_受理公告或公示版.pdf,.pdf,pdf_pypdf,4,五、环境保护措施监督检查清单 .......................................................................................... 73,E:\华南理工项目\环评文件汇总\01_GitHub项目与研究文档\eia-openclaw-sync-chen2026\05_QA测试集\人工核查_环评报告出处整理_20260715\环评报告文件_按正文一级章节拆分_20260727\PL114_广东顺德优线三维科技有限公司迁扩建项目_01_受理公告或公示版\04_五、环境保护措施监督检查清单.md,1,109
E:\华南理工项目\环评文件汇总\01_GitHub项目与研究文档\eia-openclaw-sync-chen2026\05_QA测试集\人工核查_环评报告出处整理_20260715\环评报告文件_按问答顺序\PL114_广东顺德优线三维科技有限公司迁扩建项目_01_受理公告或公示版.pdf,PL114_广东顺德优线三维科技有限公司迁扩建项目_01_受理公告或公示版.pdf,.pdf,pdf_pypdf,5,六、结论 .................................................................................................................................. 76,E:\华南理工项目\环评文件汇总\01_GitHub项目与研究文档\eia-openclaw-sync-chen2026\05_QA测试集\人工核查_环评报告出处整理_20260715\环评报告文件_按正文一级章节拆分_20260727\PL114_广东顺德优线三维科技有限公司迁扩建项目_01_受理公告或公示版\05_六、结论.md,1,139
E:\华南理工项目\环评文件汇总\01_GitHub项目与研究文档\eia-openclaw-sync-chen2026\05_QA测试集\人工核查_环评报告出处整理_20260715\环评报告文件_按问答顺序\PL114_广东顺德优线三维科技有限公司迁扩建项目_01_受理公告或公示版.pdf,PL114_广东顺德优线三维科技有限公司迁扩建项目_01_受理公告或公示版.pdf,.pdf,pdf_pypdf,6,附表附图附件,E:\华南理工项目\环评文件汇总\01_GitHub项目与研究文档\eia-openclaw-sync-chen2026\05_QA测试集\人工核查_环评报告出处整理_20260715\环评报告文件_按正文一级章节拆分_20260727\PL114_广东顺德优线三维科技有限公司迁扩建项目_01_受理公告或公示版\06_附表附图附件.md,22,342
E:\华南理工项目\环评文件汇总\01_GitHub项目与研究文档\eia-openclaw-sync-chen2026\05_QA测试集\人工核查_环评报告出处整理_20260715\环评报告文件_按问答顺序\PL114_广东顺德优线三维科技有限公司迁扩建项目_01_受理公告或公示版.pdf,PL114_广东顺德优线三维科技有限公司迁扩建项目_01_受理公告或公示版.pdf,.pdf,pdf_pypdf,7,一、建设项目基本情况,E:\华南理工项目\环评文件汇总\01_GitHub项目与研究文档\eia-openclaw-sync-chen2026\05_QA测试集\人工核查_环评报告出处整理_20260715\环评报告文件_按正文一级章节拆分_20260727\PL114_广东顺德优线三维科技有限公司迁扩建项目_01_受理公告或公示版\07_一、建设项目基本情况.md,828,12715
E:\华南理工项目\环评文件汇总\01_GitHub项目与研究文档\eia-openclaw-sync-chen2026\05_QA测试集\人工核查_环评报告出处整理_20260715\环评报告文件_按问答顺序\PL114_广东顺德优线三维科技有限公司迁扩建项目_01_受理公告或公示版.pdf,PL114_广东顺德优线三维科技有限公司迁扩建项目_01_受理公告或公示版.pdf,.pdf,pdf_pypdf,8,二、建设项目工程分析,E:\华南理工项目\环评文件汇总\01_GitHub项目与研究文档\eia-openclaw-sync-chen2026\05_QA测试集\人工核查_环评报告出处整理_20260715\环评报告文件_按正文一级章节拆分_20260727\PL114_广东顺德优线三维科技有限公司迁扩建项目_01_受理公告或公示版\08_二、建设项目工程分析.md,1499,25795
E:\华南理工项目\环评文件汇总\01_GitHub项目与研究文档\eia-openclaw-sync-chen2026\05_QA测试集\人工核查_环评报告出处整理_20260715\环评报告文件_按问答顺序\PL114_广东顺德优线三维科技有限公司迁扩建项目_01_受理公告或公示版.pdf,PL114_广东顺德优线三维科技有限公司迁扩建项目_01_受理公告或公示版.pdf,.pdf,pdf_pypdf,9,三、区域环境质量现状、环境保护目标及评价标准,E:\华南理工项目\环评文件汇总\01_GitHub项目与研究文档\eia-openclaw-sync-chen2026\05_QA测试集\人工核查_环评报告出处整理_20260715\环评报告文件_按正文一级章节拆分_20260727\PL114_广东顺德优线三维科技有限公司迁扩建项目_01_受理公告或公示版\09_三、区域环境质量现状、环境保护目标及评价标准.md,269,5437
E:\华南理工项目\环评文件汇总\01_GitHub项目与研究文档\eia-openclaw-sync-chen2026\05_QA测试集\人工核查_环评报告出处整理_20260715\环评报告文件_按问答顺序\PL114_广东顺德优线三维科技有限公司迁扩建项目_01_受理公告或公示版.pdf,PL114_广东顺德优线三维科技有限公司迁扩建项目_01_受理公告或公示版.pdf,.pdf,pdf_pypdf,10,四、主要环境影响和保护措施,E:\华南理工项目\环评文件汇总\01_GitHub项目与研究文档\eia-openclaw-sync-chen2026\05_QA测试集\人工核查_环评报告出处整理_20260715\环评报告文件_按正文一级章节拆分_20260727\PL114_广东顺德优线三维科技有限公司迁扩建项目_01_受理公告或公示版\10_四、主要环境影响和保护措施.md,1553,27548
E:\华南理工项目\环评文件汇总\01_GitHub项目与研究文档\eia-openclaw-sync-chen2026\05_QA测试集\人工核查_环评报告出处整理_20260715\环评报告文件_按问答顺序\PL114_广东顺德优线三维科技有限公司迁扩建项目_01_受理公告或公示版.pdf,PL114_广东顺德优线三维科技有限公司迁扩建项目_01_受理公告或公示版.pdf,.pdf,pdf_pypdf,11,五、环境保护措施监督检查清单,E:\华南理工项目\环评文件汇总\01_GitHub项目与研究文档\eia-openclaw-sync-chen2026\05_QA测试集\人工核查_环评报告出处整理_20260715\环评报告文件_按正文一级章节拆分_20260727\PL114_广东顺德优线三维科技有限公司迁扩建项目_01_受理公告或公示版\11_五、环境保护措施监督检查清单.md,196,3175
E:\华南理工项目\环评文件汇总\01_GitHub项目与研究文档\eia-openclaw-sync-chen2026\05_QA测试集\人工核查_环评报告出处整理_20260715\环评报告文件_按问答顺序\PL114_广东顺德优线三维科技有限公司迁扩建项目_01_受理公告或公示版.pdf,PL114_广东顺德优线三维科技有限公司迁扩建项目_01_受理公告或公示版.pdf,.pdf,pdf_pypdf,12,六、结论,E:\华南理工项目\环评文件汇总\01_GitHub项目与研究文档\eia-openclaw-sync-chen2026\05_QA测试集\人工核查_环评报告出处整理_20260715\环评报告文件_按正文一级章节拆分_20260727\PL114_广东顺德优线三维科技有限公司迁扩建项目_01_受理公告或公示版\12_六、结论.md,8,204
E:\华南理工项目\环评文件汇总\01_GitHub项目与研究文档\eia-openclaw-sync-chen2026\05_QA测试集\人工核查_环评报告出处整理_20260715\环评报告文件_按问答顺序\PL114_广东顺德优线三维科技有限公司迁扩建项目_01_受理公告或公示版.pdf,PL114_广东顺德优线三维科技有限公司迁扩建项目_01_受理公告或公示版.pdf,.pdf,pdf_pypdf,13,附表附图附件,E:\华南理工项目\环评文件汇总\01_GitHub项目与研究文档\eia-openclaw-sync-chen2026\05_QA测试集\人工核查_环评报告出处整理_20260715\环评报告文件_按正文一级章节拆分_20260727\PL114_广东顺德优线三维科技有限公司迁扩建项目_01_受理公告或公示版\13_附表附图附件.md,117,1783
E:\华南理工项目\环评文件汇总\01_GitHub项目与研究文档\eia-openclaw-sync-chen2026\05_QA测试集\人工核查_环评报告出处整理_20260715\环评报告文件_按问答顺序\PL115_佛山市邦博恩智能科技有限公司新建项目_01_报批稿或报告表.pdf,PL115_佛山市邦博恩智能科技有限公司新建项目_01_报批稿或报告表.pdf,.pdf,pdf_pypdf,1,封面及目录,E:\华南理工项目\环评文件汇总\01_GitHub项目与研究文档\eia-openclaw-sync-chen2026\05_QA测试集\人工核查_环评报告出处整理_20260715\环评报告文件_按正文一级章节拆分_20260727\PL115_佛山市邦博恩智能科技有限公司新建项目_01_报批稿或报告表\01_封面及目录.md,9,145
E:\华南理工项目\环评文件汇总\01_GitHub项目与研究文档\eia-openclaw-sync-chen2026\05_QA测试集\人工核查_环评报告出处整理_20260715\环评报告文件_按问答顺序\PL115_佛山市邦博恩智能科技有限公司新建项目_01_报批稿或报告表.pdf,PL115_佛山市邦博恩智能科技有限公司新建项目_01_报批稿或报告表.pdf,.pdf,pdf_pypdf,2,一、建设项目基本情况 ............................................................................................................ 1,E:\华南理工项目\环评文件汇总\01_GitHub项目与研究文档\eia-openclaw-sync-chen2026\05_QA测试集\人工核查_环评报告出处整理_20260715\环评报告文件_按正文一级章节拆分_20260727\PL115_佛山市邦博恩智能科技有限公司新建项目_01_报批稿或报告表\02_一、建设项目基本情况.md,1,122
E:\华南理工项目\环评文件汇总\01_GitHub项目与研究文档\eia-openclaw-sync-chen2026\05_QA测试集\人工核查_环评报告出处整理_20260715\环评报告文件_按问答顺序\PL115_佛山市邦博恩智能科技有限公司新建项目_01_报批稿或报告表.pdf,PL115_佛山市邦博恩智能科技有限公司新建项目_01_报批稿或报告表.pdf,.pdf,pdf_pypdf,3,二、建设项目工程分析 .......................................................................................................... 16,E:\华南理工项目\环评文件汇总\01_GitHub项目与研究文档\eia-openclaw-sync-chen2026\05_QA测试集\人工核查_环评报告出处整理_20260715\环评报告文件_按正文一级章节拆分_20260727\PL115_佛山市邦博恩智能科技有限公司新建项目_01_报批稿或报告表\03_二、建设项目工程分析.md,2,205
E:\华南理工项目\环评文件汇总\01_GitHub项目与研究文档\eia-openclaw-sync-chen2026\05_QA测试集\人工核查_环评报告出处整理_20260715\环评报告文件_按问答顺序\PL115_佛山市邦博恩智能科技有限公司新建项目_01_报批稿或报告表.pdf,PL115_佛山市邦博恩智能科技有限公司新建项目_01_报批稿或报告表.pdf,.pdf,pdf_pypdf,4,四、主要环境影响和保护措施 .............................................................................................. 30,E:\华南理工项目\环评文件汇总\01_GitHub项目与研究文档\eia-openclaw-sync-chen2026\05_QA测试集\人工核查_环评报告出处整理_20260715\环评报告文件_按正文一级章节拆分_20260727\PL115_佛山市邦博恩智能科技有限公司新建项目_01_报批稿或报告表\04_四、主要环境影响和保护措施.md,1,112
E:\华南理工项目\环评文件汇总\01_GitHub项目与研究文档\eia-openclaw-sync-chen2026\05_QA测试集\人工核查_环评报告出处整理_20260715\环评报告文件_按问答顺序\PL115_佛山市邦博恩智能科技有限公司新建项目_01_报批稿或报告表.pdf,PL115_佛山市邦博恩智能科技有限公司新建项目_01_报批稿或报告表.pdf,.pdf,pdf_pypdf,5,五、环境保护措施监督检查清单 .......................................................................................... 54,E:\华南理工项目\环评文件汇总\01_GitHub项目与研究文档\eia-openclaw-sync-chen2026\05_QA测试集\人工核查_环评报告出处整理_20260715\环评报告文件_按正文一级章节拆分_20260727\PL115_佛山市邦博恩智能科技有限公司新建项目_01_报批稿或报告表\05_五、环境保护措施监督检查清单.md,1,109
E:\华南理工项目\环评文件汇总\01_GitHub项目与研究文档\eia-openclaw-sync-chen2026\05_QA测试集\人工核查_环评报告出处整理_20260715\环评报告文件_按问答顺序\PL115_佛山市邦博恩智能科技有限公司新建项目_01_报批稿或报告表.pdf,PL115_佛山市邦博恩智能科技有限公司新建项目_01_报批稿或报告表.pdf,.pdf,pdf_pypdf,6,六、结论 .................................................................................................................................. 56,E:\华南理工项目\环评文件汇总\01_GitHub项目与研究文档\eia-openclaw-sync-chen2026\05_QA测试集\人工核查_环评报告出处整理_20260715\环评报告文件_按正文一级章节拆分_20260727\PL115_佛山市邦博恩智能科技有限公司新建项目_01_报批稿或报告表\06_六、结论.md,1,139
E:\华南理工项目\环评文件汇总\01_GitHub项目与研究文档\eia-openclaw-sync-chen2026\05_QA测试集\人工核查_环评报告出处整理_20260715\环评报告文件_按问答顺序\PL115_佛山市邦博恩智能科技有限公司新建项目_01_报批稿或报告表.pdf,PL115_佛山市邦博恩智能科技有限公司新建项目_01_报批稿或报告表.pdf,.pdf,pdf_pypdf,7,附表附图附件,E:\华南理工项目\环评文件汇总\01_GitHub项目与研究文档\eia-openclaw-sync-chen2026\05_QA测试集\人工核查_环评报告出处整理_20260715\环评报告文件_按正文一级章节拆分_20260727\PL115_佛山市邦博恩智能科技有限公司新建项目_01_报批稿或报告表\07_附表附图附件.md,21,2189
E:\华南理工项目\环评文件汇总\01_GitHub项目与研究文档\eia-openclaw-sync-chen2026\05_QA测试集\人工核查_环评报告出处整理_20260715\环评报告文件_按问答顺序\PL115_佛山市邦博恩智能科技有限公司新建项目_01_报批稿或报告表.pdf,PL115_佛山市邦博恩智能科技有限公司新建项目_01_报批稿或报告表.pdf,.pdf,pdf_pypdf,8,一、建设项目基本情况,E:\华南理工项目\环评文件汇总\01_GitHub项目与研究文档\eia-openclaw-sync-chen2026\05_QA测试集\人工核查_环评报告出处整理_20260715\环评报告文件_按正文一级章节拆分_20260727\PL115_佛山市邦博恩智能科技有限公司新建项目_01_报批稿或报告表\08_一、建设项目基本情况.md,1176,16491
E:\华南理工项目\环评文件汇总\01_GitHub项目与研究文档\eia-openclaw-sync-chen2026\05_QA测试集\人工核查_环评报告出处整理_20260715\环评报告文件_按问答顺序\PL115_佛山市邦博恩智能科技有限公司新建项目_01_报批稿或报告表.pdf,PL115_佛山市邦博恩智能科技有限公司新建项目_01_报批稿或报告表.pdf,.pdf,pdf_pypdf,9,二、建设项目工程分析,E:\华南理工项目\环评文件汇总\01_GitHub项目与研究文档\eia-openclaw-sync-chen2026\05_QA测试集\人工核查_环评报告出处整理_20260715\环评报告文件_按正文一级章节拆分_20260727\PL115_佛山市邦博恩智能科技有限公司新建项目_01_报批稿或报告表\09_二、建设项目工程分析.md,292,6336
E:\华南理工项目\环评文件汇总\01_GitHub项目与研究文档\eia-openclaw-sync-chen2026\05_QA测试集\人工核查_环评报告出处整理_20260715\环评报告文件_按问答顺序\PL115_佛山市邦博恩智能科技有限公司新建项目_01_报批稿或报告表.pdf,PL115_佛山市邦博恩智能科技有限公司新建项目_01_报批稿或报告表.pdf,.pdf,pdf_pypdf,10,三、区域环境质量现状、环境保护目标及评价标准,E:\华南理工项目\环评文件汇总\01_GitHub项目与研究文档\eia-openclaw-sync-chen2026\05_QA测试集\人工核查_环评报告出处整理_20260715\环评报告文件_按正文一级章节拆分_20260727\PL115_佛山市邦博恩智能科技有限公司新建项目_01_报批稿或报告表\10_三、区域环境质量现状、环境保护目标及评价标准.md,231,4841
E:\华南理工项目\环评文件汇总\01_GitHub项目与研究文档\eia-openclaw-sync-chen2026\05_QA测试集\人工核查_环评报告出处整理_20260715\环评报告文件_按问答顺序\PL115_佛山市邦博恩智能科技有限公司新建项目_01_报批稿或报告表.pdf,PL115_佛山市邦博恩智能科技有限公司新建项目_01_报批稿或报告表.pdf,.pdf,pdf_pypdf,11,四、主要环境影响和保护措施,E:\华南理工项目\环评文件汇总\01_GitHub项目与研究文档\eia-openclaw-sync-chen2026\05_QA测试集\人工核查_环评报告出处整理_20260715\环评报告文件_按正文一级章节拆分_20260727\PL115_佛山市邦博恩智能科技有限公司新建项目_01_报批稿或报告表\11_四、主要环境影响和保护措施.md,1217,21272
E:\华南理工项目\环评文件汇总\01_GitHub项目与研究文档\eia-openclaw-sync-chen2026\05_QA测试集\人工核查_环评报告出处整理_20260715\环评报告文件_按问答顺序\PL115_佛山市邦博恩智能科技有限公司新建项目_01_报批稿或报告表.pdf,PL115_佛山市邦博恩智能科技有限公司新建项目_01_报批稿或报告表.pdf,.pdf,pdf_pypdf,12,五、环境保护措施监督检查清单,E:\华南理工项目\环评文件汇总\01_GitHub项目与研究文档\eia-openclaw-sync-chen2026\05_QA测试集\人工核查_环评报告出处整理_20260715\环评报告文件_按正文一级章节拆分_20260727\PL115_佛山市邦博恩智能科技有限公司新建项目_01_报批稿或报告表\12_五、环境保护措施监督检查清单.md,89,1523
E:\华南理工项目\环评文件汇总\01_GitHub项目与研究文档\eia-openclaw-sync-chen2026\05_QA测试集\人工核查_环评报告出处整理_20260715\环评报告文件_按问答顺序\PL115_佛山市邦博恩智能科技有限公司新建项目_01_报批稿或报告表.pdf,PL115_佛山市邦博恩智能科技有限公司新建项目_01_报批稿或报告表.pdf,.pdf,pdf_pypdf,13,六、结论,E:\华南理工项目\环评文件汇总\01_GitHub项目与研究文档\eia-openclaw-sync-chen2026\05_QA测试集\人工核查_环评报告出处整理_20260715\环评报告文件_按正文一级章节拆分_20260727\PL115_佛山市邦博恩智能科技有限公司新建项目_01_报批稿或报告表\13_六、结论.md,6,142
E:\华南理工项目\环评文件汇总\01_GitHub项目与研究文档\eia-openclaw-sync-chen2026\05_QA测试集\人工核查_环评报告出处整理_20260715\环评报告文件_按问答顺序\PL115_佛山市邦博恩智能科技有限公司新建项目_01_报批稿或报告表.pdf,PL115_佛山市邦博恩智能科技有限公司新建项目_01_报批稿或报告表.pdf,.pdf,pdf_pypdf,14,附表附图附件,E:\华南理工项目\环评文件汇总\01_GitHub项目与研究文档\eia-openclaw-sync-chen2026\05_QA测试集\人工核查_环评报告出处整理_20260715\环评报告文件_按正文一级章节拆分_20260727\PL115_佛山市邦博恩智能科技有限公司新建项目_01_报批稿或报告表\14_附表附图附件.md,91,1456
E:\华南理工项目\环评文件汇总\01_GitHub项目与研究文档\eia-openclaw-sync-chen2026\05_QA测试集\人工核查_环评报告出处整理_20260715\环评报告文件_按问答顺序\PL116_佛山市加合新材料有限公司新建项目_01_报批稿或报告表.pdf,PL116_佛山市加合新材料有限公司新建项目_01_报批稿或报告表.pdf,.pdf,pdf_pypdf,1,封面及目录,E:\华南理工项目\环评文件汇总\01_GitHub项目与研究文档\eia-openclaw-sync-chen2026\05_QA测试集\人工核查_环评报告出处整理_20260715\环评报告文件_按正文一级章节拆分_20260727\PL116_佛山市加合新材料有限公司新建项目_01_报批稿或报告表\01_封面及目录.md,9,139
E:\华南理工项目\环评文件汇总\01_GitHub项目与研究文档\eia-openclaw-sync-chen2026\05_QA测试集\人工核查_环评报告出处整理_20260715\环评报告文件_按问答顺序\PL116_佛山市加合新材料有限公司新建项目_01_报批稿或报告表.pdf,PL116_佛山市加合新材料有限公司新建项目_01_报批稿或报告表.pdf,.pdf,pdf_pypdf,2,一、建设项目基本情况..................................................................................................1,E:\华南理工项目\环评文件汇总\01_GitHub项目与研究文档\eia-openclaw-sync-chen2026\05_QA测试集\人工核查_环评报告出处整理_20260715\环评报告文件_按正文一级章节拆分_20260727\PL116_佛山市加合新材料有限公司新建项目_01_报批稿或报告表\02_一、建设项目基本情况.md,1,110
E:\华南理工项目\环评文件汇总\01_GitHub项目与研究文档\eia-openclaw-sync-chen2026\05_QA测试集\人工核查_环评报告出处整理_20260715\环评报告文件_按问答顺序\PL116_佛山市加合新材料有限公司新建项目_01_报批稿或报告表.pdf,PL116_佛山市加合新材料有限公司新建项目_01_报批稿或报告表.pdf,.pdf,pdf_pypdf,3,二、建设项目工程分析................................................................................................16,E:\华南理工项目\环评文件汇总\01_GitHub项目与研究文档\eia-openclaw-sync-chen2026\05_QA测试集\人工核查_环评报告出处整理_20260715\环评报告文件_按正文一级章节拆分_20260727\PL116_佛山市加合新材料有限公司新建项目_01_报批稿或报告表\03_二、建设项目工程分析.md,3,284
E:\华南理工项目\环评文件汇总\01_GitHub项目与研究文档\eia-openclaw-sync-chen2026\05_QA测试集\人工核查_环评报告出处整理_20260715\环评报告文件_按问答顺序\PL116_佛山市加合新材料有限公司新建项目_01_报批稿或报告表.pdf,PL116_佛山市加合新材料有限公司新建项目_01_报批稿或报告表.pdf,.pdf,pdf_pypdf,4,五、环境保护措施监督检查清单...............................................................................56,E:\华南理工项目\环评文件汇总\01_GitHub项目与研究文档\eia-openclaw-sync-chen2026\05_QA测试集\人工核查_环评报告出处整理_20260715\环评报告文件_按正文一级章节拆分_20260727\PL116_佛山市加合新材料有限公司新建项目_01_报批稿或报告表\04_五、环境保护措施监督检查清单.md,1,96
E:\华南理工项目\环评文件汇总\01_GitHub项目与研究文档\eia-openclaw-sync-chen2026\05_QA测试集\人工核查_环评报告出处整理_20260715\环评报告文件_按问答顺序\PL116_佛山市加合新材料有限公司新建项目_01_报批稿或报告表.pdf,PL116_佛山市加合新材料有限公司新建项目_01_报批稿或报告表.pdf,.pdf,pdf_pypdf,5,六、结论........................................................................................................................59,E:\华南理工项目\环评文件汇总\01_GitHub项目与研究文档\eia-openclaw-sync-chen2026\05_QA测试集\人工核查_环评报告出处整理_20260715\环评报告文件_按正文一级章节拆分_20260727\PL116_佛山市加合新材料有限公司新建项目_01_报批稿或报告表\05_六、结论.md,2,141
E:\华南理工项目\环评文件汇总\01_GitHub项目与研究文档\eia-openclaw-sync-chen2026\05_QA测试集\人工核查_环评报告出处整理_20260715\环评报告文件_按问答顺序\PL116_佛山市加合新材料有限公司新建项目_01_报批稿或报告表.pdf,PL116_佛山市加合新材料有限公司新建项目_01_报批稿或报告表.pdf,.pdf,pdf_pypdf,6,附表附图附件,E:\华南理工项目\环评文件汇总\01_GitHub项目与研究文档\eia-openclaw-sync-chen2026\05_QA测试集\人工核查_环评报告出处整理_20260715\环评报告文件_按正文一级章节拆分_20260727\PL116_佛山市加合新材料有限公司新建项目_01_报批稿或报告表\06_附表附图附件.md,20,307
E:\华南理工项目\环评文件汇总\01_GitHub项目与研究文档\eia-openclaw-sync-chen2026\05_QA测试集\人工核查_环评报告出处整理_20260715\环评报告文件_按问答顺序\PL116_佛山市加合新材料有限公司新建项目_01_报批稿或报告表.pdf,PL116_佛山市加合新材料有限公司新建项目_01_报批稿或报告表.pdf,.pdf,pdf_pypdf,7,一、建设项目基本情况,E:\华南理工项目\环评文件汇总\01_GitHub项目与研究文档\eia-openclaw-sync-chen2026\05_QA测试集\人工核查_环评报告出处整理_20260715\环评报告文件_按正文一级章节拆分_20260727\PL116_佛山市加合新材料有限公司新建项目_01_报批稿或报告表\07_一、建设项目基本情况.md,770,17705
E:\华南理工项目\环评文件汇总\01_GitHub项目与研究文档\eia-openclaw-sync-chen2026\05_QA测试集\人工核查_环评报告出处整理_20260715\环评报告文件_按问答顺序\PL116_佛山市加合新材料有限公司新建项目_01_报批稿或报告表.pdf,PL116_佛山市加合新材料有限公司新建项目_01_报批稿或报告表.pdf,.pdf,pdf_pypdf,8,二、建设项目工程分析,E:\华南理工项目\环评文件汇总\01_GitHub项目与研究文档\eia-openclaw-sync-chen2026\05_QA测试集\人工核查_环评报告出处整理_20260715\环评报告文件_按正文一级章节拆分_20260727\PL116_佛山市加合新材料有限公司新建项目_01_报批稿或报告表\08_二、建设项目工程分析.md,405,7606
E:\华南理工项目\环评文件汇总\01_GitHub项目与研究文档\eia-openclaw-sync-chen2026\05_QA测试集\人工核查_环评报告出处整理_20260715\环评报告文件_按问答顺序\PL116_佛山市加合新材料有限公司新建项目_01_报批稿或报告表.pdf,PL116_佛山市加合新材料有限公司新建项目_01_报批稿或报告表.pdf,.pdf,pdf_pypdf,9,三、区域环境质量现状、环境保护目标及评价标准,E:\华南理工项目\环评文件汇总\01_GitHub项目与研究文档\eia-openclaw-sync-chen2026\05_QA测试集\人工核查_环评报告出处整理_20260715\环评报告文件_按正文一级章节拆分_20260727\PL116_佛山市加合新材料有限公司新建项目_01_报批稿或报告表\09_三、区域环境质量现状、环境保护目标及评价标准.md,200,4175
E:\华南理工项目\环评文件汇总\01_GitHub项目与研究文档\eia-openclaw-sync-chen2026\05_QA测试集\人工核查_环评报告出处整理_20260715\环评报告文件_按问答顺序\PL116_佛山市加合新材料有限公司新建项目_01_报批稿或报告表.pdf,PL116_佛山市加合新材料有限公司新建项目_01_报批稿或报告表.pdf,.pdf,pdf_pypdf,10,四、主要环境影响和保护措施,E:\华南理工项目\环评文件汇总\01_GitHub项目与研究文档\eia-openclaw-sync-chen2026\05_QA测试集\人工核查_环评报告出处整理_20260715\环评报告文件_按正文一级章节拆分_20260727\PL116_佛山市加合新材料有限公司新建项目_01_报批稿或报告表\10_四、主要环境影响和保护措施.md,1247,23802
E:\华南理工项目\环评文件汇总\01_GitHub项目与研究文档\eia-openclaw-sync-chen2026\05_QA测试集\人工核查_环评报告出处整理_20260715\环评报告文件_按问答顺序\PL116_佛山市加合新材料有限公司新建项目_01_报批稿或报告表.pdf,PL116_佛山市加合新材料有限公司新建项目_01_报批稿或报告表.pdf,.pdf,pdf_pypdf,11,五、环境保护措施监督检查清单,E:\华南理工项目\环评文件汇总\01_GitHub项目与研究文档\eia-openclaw-sync-chen2026\05_QA测试集\人工核查_环评报告出处整理_20260715\环评报告文件_按正文一级章节拆分_20260727\PL116_佛山市加合新材料有限公司新建项目_01_报批稿或报告表\11_五、环境保护措施监督检查清单.md,147,2638
E:\华南理工项目\环评文件汇总\01_GitHub项目与研究文档\eia-openclaw-sync-chen2026\05_QA测试集\人工核查_环评报告出处整理_20260715\环评报告文件_按问答顺序\PL116_佛山市加合新材料有限公司新建项目_01_报批稿或报告表.pdf,PL116_佛山市加合新材料有限公司新建项目_01_报批稿或报告表.pdf,.pdf,pdf_pypdf,12,六、结论,E:\华南理工项目\环评文件汇总\01_GitHub项目与研究文档\eia-openclaw-sync-chen2026\05_QA测试集\人工核查_环评报告出处整理_20260715\环评报告文件_按正文一级章节拆分_20260727\PL116_佛山市加合新材料有限公司新建项目_01_报批稿或报告表\12_六、结论.md,7,205
E:\华南理工项目\环评文件汇总\01_GitHub项目与研究文档\eia-openclaw-sync-chen2026\05_QA测试集\人工核查_环评报告出处整理_20260715\环评报告文件_按问答顺序\PL116_佛山市加合新材料有限公司新建项目_01_报批稿或报告表.pdf,PL116_佛山市加合新材料有限公司新建项目_01_报批稿或报告表.pdf,.pdf,pdf_pypdf,13,附表附图附件,E:\华南理工项目\环评文件汇总\01_GitHub项目与研究文档\eia-openclaw-sync-chen2026\05_QA测试集\人工核查_环评报告出处整理_20260715\环评报告文件_按正文一级章节拆分_20260727\PL116_佛山市加合新材料有限公司新建项目_01_报批稿或报告表\13_附表附图附件.md,177,1972
E:\华南理工项目\环评文件汇总\01_GitHub项目与研究文档\eia-openclaw-sync-chen2026\05_QA测试集\人工核查_环评报告出处整理_20260715\环评报告文件_按问答顺序\PL117_思邦自行车配件(佛山)有限公司改扩建项目_01_受理公告或公示版.pdf,PL117_思邦自行车配件(佛山)有限公司改扩建项目_01_受理公告或公示版.pdf,.pdf,pdf_pypdf,1,封面及目录,E:\华南理工项目\环评文件汇总\01_GitHub项目与研究文档\eia-openclaw-sync-chen2026\05_QA测试集\人工核查_环评报告出处整理_20260715\环评报告文件_按正文一级章节拆分_20260727\PL117_思邦自行车配件(佛山)有限公司改扩建项目_01_受理公告或公示版\01_封面及目录.md,11,150
E:\华南理工项目\环评文件汇总\01_GitHub项目与研究文档\eia-openclaw-sync-chen2026\05_QA测试集\人工核查_环评报告出处整理_20260715\环评报告文件_按问答顺序\PL117_思邦自行车配件(佛山)有限公司改扩建项目_01_受理公告或公示版.pdf,PL117_思邦自行车配件(佛山)有限公司改扩建项目_01_受理公告或公示版.pdf,.pdf,pdf_pypdf,2,一、建设项目基本情况 ........................................................................................................ 1,E:\华南理工项目\环评文件汇总\01_GitHub项目与研究文档\eia-openclaw-sync-chen2026\05_QA测试集\人工核查_环评报告出处整理_20260715\环评报告文件_按正文一级章节拆分_20260727\PL117_思邦自行车配件(佛山)有限公司改扩建项目_01_受理公告或公示版\02_一、建设项目基本情况.md,1,118
E:\华南理工项目\环评文件汇总\01_GitHub项目与研究文档\eia-openclaw-sync-chen2026\05_QA测试集\人工核查_环评报告出处整理_20260715\环评报告文件_按问答顺序\PL117_思邦自行车配件(佛山)有限公司改扩建项目_01_受理公告或公示版.pdf,PL117_思邦自行车配件(佛山)有限公司改扩建项目_01_受理公告或公示版.pdf,.pdf,pdf_pypdf,3,二、建设项目工程分析 ...................................................................................................... 13,E:\华南理工项目\环评文件汇总\01_GitHub项目与研究文档\eia-openclaw-sync-chen2026\05_QA测试集\人工核查_环评报告出处整理_20260715\环评报告文件_按正文一级章节拆分_20260727\PL117_思邦自行车配件(佛山)有限公司改扩建项目_01_受理公告或公示版\03_二、建设项目工程分析.md,2,198
E:\华南理工项目\环评文件汇总\01_GitHub项目与研究文档\eia-openclaw-sync-chen2026\05_QA测试集\人工核查_环评报告出处整理_20260715\环评报告文件_按问答顺序\PL117_思邦自行车配件(佛山)有限公司改扩建项目_01_受理公告或公示版.pdf,PL117_思邦自行车配件(佛山)有限公司改扩建项目_01_受理公告或公示版.pdf,.pdf,pdf_pypdf,4,四、主要环境影响和保护措施 .......................................................................................... 35,E:\华南理工项目\环评文件汇总\01_GitHub项目与研究文档\eia-openclaw-sync-chen2026\05_QA测试集\人工核查_环评报告出处整理_20260715\环评报告文件_按正文一级章节拆分_20260727\PL117_思邦自行车配件(佛山)有限公司改扩建项目_01_受理公告或公示版\04_四、主要环境影响和保护措施.md,1,108
E:\华南理工项目\环评文件汇总\01_GitHub项目与研究文档\eia-openclaw-sync-chen2026\05_QA测试集\人工核查_环评报告出处整理_20260715\环评报告文件_按问答顺序\PL117_思邦自行车配件(佛山)有限公司改扩建项目_01_受理公告或公示版.pdf,PL117_思邦自行车配件(佛山)有限公司改扩建项目_01_受理公告或公示版.pdf,.pdf,pdf_pypdf,5,五、环境保护措施监督检查清单 ...................................................................................... 61,E:\华南理工项目\环评文件汇总\01_GitHub项目与研究文档\eia-openclaw-sync-chen2026\05_QA测试集\人工核查_环评报告出处整理_20260715\环评报告文件_按正文一级章节拆分_20260727\PL117_思邦自行车配件(佛山)有限公司改扩建项目_01_受理公告或公示版\05_五、环境保护措施监督检查清单.md,1,105
E:\华南理工项目\环评文件汇总\01_GitHub项目与研究文档\eia-openclaw-sync-chen2026\05_QA测试集\人工核查_环评报告出处整理_20260715\环评报告文件_按问答顺序\PL117_思邦自行车配件(佛山)有限公司改扩建项目_01_受理公告或公示版.pdf,PL117_思邦自行车配件(佛山)有限公司改扩建项目_01_受理公告或公示版.pdf,.pdf,pdf_pypdf,6,六、结论 .............................................................................................................................. 63,E:\华南理工项目\环评文件汇总\01_GitHub项目与研究文档\eia-openclaw-sync-chen2026\05_QA测试集\人工核查_环评报告出处整理_20260715\环评报告文件_按正文一级章节拆分_20260727\PL117_思邦自行车配件(佛山)有限公司改扩建项目_01_受理公告或公示版\06_六、结论.md,1,135
E:\华南理工项目\环评文件汇总\01_GitHub项目与研究文档\eia-openclaw-sync-chen2026\05_QA测试集\人工核查_环评报告出处整理_20260715\环评报告文件_按问答顺序\PL117_思邦自行车配件(佛山)有限公司改扩建项目_01_受理公告或公示版.pdf,PL117_思邦自行车配件(佛山)有限公司改扩建项目_01_受理公告或公示版.pdf,.pdf,pdf_pypdf,7,附表附图附件,E:\华南理工项目\环评文件汇总\01_GitHub项目与研究文档\eia-openclaw-sync-chen2026\05_QA测试集\人工核查_环评报告出处整理_20260715\环评报告文件_按正文一级章节拆分_20260727\PL117_思邦自行车配件(佛山)有限公司改扩建项目_01_受理公告或公示版\07_附表附图附件.md,21,430
E:\华南理工项目\环评文件汇总\01_GitHub项目与研究文档\eia-openclaw-sync-chen2026\05_QA测试集\人工核查_环评报告出处整理_20260715\环评报告文件_按问答顺序\PL117_思邦自行车配件(佛山)有限公司改扩建项目_01_受理公告或公示版.pdf,PL117_思邦自行车配件(佛山)有限公司改扩建项目_01_受理公告或公示版.pdf,.pdf,pdf_pypdf,8,一、建设项目基本情况,E:\华南理工项目\环评文件汇总\01_GitHub项目与研究文档\eia-openclaw-sync-chen2026\05_QA测试集\人工核查_环评报告出处整理_20260715\环评报告文件_按正文一级章节拆分_20260727\PL117_思邦自行车配件(佛山)有限公司改扩建项目_01_受理公告或公示版\08_一、建设项目基本情况.md,944,14702
E:\华南理工项目\环评文件汇总\01_GitHub项目与研究文档\eia-openclaw-sync-chen2026\05_QA测试集\人工核查_环评报告出处整理_20260715\环评报告文件_按问答顺序\PL117_思邦自行车配件(佛山)有限公司改扩建项目_01_受理公告或公示版.pdf,PL117_思邦自行车配件(佛山)有限公司改扩建项目_01_受理公告或公示版.pdf,.pdf,pdf_pypdf,9,二、建设项目工程分析,E:\华南理工项目\环评文件汇总\01_GitHub项目与研究文档\eia-openclaw-sync-chen2026\05_QA测试集\人工核查_环评报告出处整理_20260715\环评报告文件_按正文一级章节拆分_20260727\PL117_思邦自行车配件(佛山)有限公司改扩建项目_01_受理公告或公示版\09_二、建设项目工程分析.md,829,12476
E:\华南理工项目\环评文件汇总\01_GitHub项目与研究文档\eia-openclaw-sync-chen2026\05_QA测试集\人工核查_环评报告出处整理_20260715\环评报告文件_按问答顺序\PL117_思邦自行车配件(佛山)有限公司改扩建项目_01_受理公告或公示版.pdf,PL117_思邦自行车配件(佛山)有限公司改扩建项目_01_受理公告或公示版.pdf,.pdf,pdf_pypdf,10,三、区域环境质量现状、环境保护目标及评价标准,E:\华南理工项目\环评文件汇总\01_GitHub项目与研究文档\eia-openclaw-sync-chen2026\05_QA测试集\人工核查_环评报告出处整理_20260715\环评报告文件_按正文一级章节拆分_20260727\PL117_思邦自行车配件(佛山)有限公司改扩建项目_01_受理公告或公示版\10_三、区域环境质量现状、环境保护目标及评价标准.md,218,4731
E:\华南理工项目\环评文件汇总\01_GitHub项目与研究文档\eia-openclaw-sync-chen2026\05_QA测试集\人工核查_环评报告出处整理_20260715\环评报告文件_按问答顺序\PL117_思邦自行车配件(佛山)有限公司改扩建项目_01_受理公告或公示版.pdf,PL117_思邦自行车配件(佛山)有限公司改扩建项目_01_受理公告或公示版.pdf,.pdf,pdf_pypdf,11,四、主要环境影响和保护措施,E:\华南理工项目\环评文件汇总\01_GitHub项目与研究文档\eia-openclaw-sync-chen2026\05_QA测试集\人工核查_环评报告出处整理_20260715\环评报告文件_按正文一级章节拆分_20260727\PL117_思邦自行车配件(佛山)有限公司改扩建项目_01_受理公告或公示版\11_四、主要环境影响和保护措施.md,1244,22662
E:\华南理工项目\环评文件汇总\01_GitHub项目与研究文档\eia-openclaw-sync-chen2026\05_QA测试集\人工核查_环评报告出处整理_20260715\环评报告文件_按问答顺序\PL117_思邦自行车配件(佛山)有限公司改扩建项目_01_受理公告或公示版.pdf,PL117_思邦自行车配件(佛山)有限公司改扩建项目_01_受理公告或公示版.pdf,.pdf,pdf_pypdf,12,五、环境保护措施监督检查清单,E:\华南理工项目\环评文件汇总\01_GitHub项目与研究文档\eia-openclaw-sync-chen2026\05_QA测试集\人工核查_环评报告出处整理_20260715\环评报告文件_按正文一级章节拆分_20260727\PL117_思邦自行车配件(佛山)有限公司改扩建项目_01_受理公告或公示版\12_五、环境保护措施监督检查清单.md,144,2502
E:\华南理工项目\环评文件汇总\01_GitHub项目与研究文档\eia-openclaw-sync-chen2026\05_QA测试集\人工核查_环评报告出处整理_20260715\环评报告文件_按问答顺序\PL117_思邦自行车配件(佛山)有限公司改扩建项目_01_受理公告或公示版.pdf,PL117_思邦自行车配件(佛山)有限公司改扩建项目_01_受理公告或公示版.pdf,.pdf,pdf_pypdf,13,六、结论,E:\华南理工项目\环评文件汇总\01_GitHub项目与研究文档\eia-openclaw-sync-chen2026\05_QA测试集\人工核查_环评报告出处整理_20260715\环评报告文件_按正文一级章节拆分_20260727\PL117_思邦自行车配件(佛山)有限公司改扩建项目_01_受理公告或公示版\13_六、结论.md,8,208
E:\华南理工项目\环评文件汇总\01_GitHub项目与研究文档\eia-openclaw-sync-chen2026\05_QA测试集\人工核查_环评报告出处整理_20260715\环评报告文件_按问答顺序\PL117_思邦自行车配件(佛山)有限公司改扩建项目_01_受理公告或公示版.pdf,PL117_思邦自行车配件(佛山)有限公司改扩建项目_01_受理公告或公示版.pdf,.pdf,pdf_pypdf,14,附表附图附件,E:\华南理工项目\环评文件汇总\01_GitHub项目与研究文档\eia-openclaw-sync-chen2026\05_QA测试集\人工核查_环评报告出处整理_20260715\环评报告文件_按正文一级章节拆分_20260727\PL117_思邦自行车配件(佛山)有限公司改扩建项目_01_受理公告或公示版\14_附表附图附件.md,112,1848
E:\华南理工项目\环评文件汇总\01_GitHub项目与研究文档\eia-openclaw-sync-chen2026\05_QA测试集\人工核查_环评报告出处整理_20260715\环评报告文件_按问答顺序\PL118_佛山市顺德区凯和电器有限公司迁扩建项目_01_受理公告或公示版.pdf,PL118_佛山市顺德区凯和电器有限公司迁扩建项目_01_受理公告或公示版.pdf,.pdf,pdf_pypdf,1,封面及目录,E:\华南理工项目\环评文件汇总\01_GitHub项目与研究文档\eia-openclaw-sync-chen2026\05_QA测试集\人工核查_环评报告出处整理_20260715\环评报告文件_按正文一级章节拆分_20260727\PL118_佛山市顺德区凯和电器有限公司迁扩建项目_01_受理公告或公示版\01_封面及目录.md,3,27
E:\华南理工项目\环评文件汇总\01_GitHub项目与研究文档\eia-openclaw-sync-chen2026\05_QA测试集\人工核查_环评报告出处整理_20260715\环评报告文件_按问答顺序\PL118_佛山市顺德区凯和电器有限公司迁扩建项目_01_受理公告或公示版.pdf,PL118_佛山市顺德区凯和电器有限公司迁扩建项目_01_受理公告或公示版.pdf,.pdf,pdf_pypdf,2,一、建设项目基本情况 ..................................................................................................1,E:\华南理工项目\环评文件汇总\01_GitHub项目与研究文档\eia-openclaw-sync-chen2026\05_QA测试集\人工核查_环评报告出处整理_20260715\环评报告文件_按正文一级章节拆分_20260727\PL118_佛山市顺德区凯和电器有限公司迁扩建项目_01_受理公告或公示版\02_一、建设项目基本情况.md,1,111
E:\华南理工项目\环评文件汇总\01_GitHub项目与研究文档\eia-openclaw-sync-chen2026\05_QA测试集\人工核查_环评报告出处整理_20260715\环评报告文件_按问答顺序\PL118_佛山市顺德区凯和电器有限公司迁扩建项目_01_受理公告或公示版.pdf,PL118_佛山市顺德区凯和电器有限公司迁扩建项目_01_受理公告或公示版.pdf,.pdf,pdf_pypdf,3,二、建设项目工程分析 ..................................................................................................9,E:\华南理工项目\环评文件汇总\01_GitHub项目与研究文档\eia-openclaw-sync-chen2026\05_QA测试集\人工核查_环评报告出处整理_20260715\环评报告文件_按正文一级章节拆分_20260727\PL118_佛山市顺德区凯和电器有限公司迁扩建项目_01_受理公告或公示版\03_二、建设项目工程分析.md,3,288
E:\华南理工项目\环评文件汇总\01_GitHub项目与研究文档\eia-openclaw-sync-chen2026\05_QA测试集\人工核查_环评报告出处整理_20260715\环评报告文件_按问答顺序\PL118_佛山市顺德区凯和电器有限公司迁扩建项目_01_受理公告或公示版.pdf,PL118_佛山市顺德区凯和电器有限公司迁扩建项目_01_受理公告或公示版.pdf,.pdf,pdf_pypdf,4,五、环境保护措施监督检查清单 ............................................................................... 41,E:\华南理工项目\环评文件汇总\01_GitHub项目与研究文档\eia-openclaw-sync-chen2026\05_QA测试集\人工核查_环评报告出处整理_20260715\环评报告文件_按正文一级章节拆分_20260727\PL118_佛山市顺德区凯和电器有限公司迁扩建项目_01_受理公告或公示版\04_五、环境保护措施监督检查清单.md,1,98
E:\华南理工项目\环评文件汇总\01_GitHub项目与研究文档\eia-openclaw-sync-chen2026\05_QA测试集\人工核查_环评报告出处整理_20260715\环评报告文件_按问答顺序\PL118_佛山市顺德区凯和电器有限公司迁扩建项目_01_受理公告或公示版.pdf,PL118_佛山市顺德区凯和电器有限公司迁扩建项目_01_受理公告或公示版.pdf,.pdf,pdf_pypdf,5,六、结论 ........................................................................................................................ 43,E:\华南理工项目\环评文件汇总\01_GitHub项目与研究文档\eia-openclaw-sync-chen2026\05_QA测试集\人工核查_环评报告出处整理_20260715\环评报告文件_按正文一级章节拆分_20260727\PL118_佛山市顺德区凯和电器有限公司迁扩建项目_01_受理公告或公示版\05_六、结论.md,2,143
E:\华南理工项目\环评文件汇总\01_GitHub项目与研究文档\eia-openclaw-sync-chen2026\05_QA测试集\人工核查_环评报告出处整理_20260715\环评报告文件_按问答顺序\PL118_佛山市顺德区凯和电器有限公司迁扩建项目_01_受理公告或公示版.pdf,PL118_佛山市顺德区凯和电器有限公司迁扩建项目_01_受理公告或公示版.pdf,.pdf,pdf_pypdf,6,附表附图附件,E:\华南理工项目\环评文件汇总\01_GitHub项目与研究文档\eia-openclaw-sync-chen2026\05_QA测试集\人工核查_环评报告出处整理_20260715\环评报告文件_按正文一级章节拆分_20260727\PL118_佛山市顺德区凯和电器有限公司迁扩建项目_01_受理公告或公示版\06_附表附图附件.md,15,225
E:\华南理工项目\环评文件汇总\01_GitHub项目与研究文档\eia-openclaw-sync-chen2026\05_QA测试集\人工核查_环评报告出处整理_20260715\环评报告文件_按问答顺序\PL118_佛山市顺德区凯和电器有限公司迁扩建项目_01_受理公告或公示版.pdf,PL118_佛山市顺德区凯和电器有限公司迁扩建项目_01_受理公告或公示版.pdf,.pdf,pdf_pypdf,7,一、建设项目基本情况,E:\华南理工项目\环评文件汇总\01_GitHub项目与研究文档\eia-openclaw-sync-chen2026\05_QA测试集\人工核查_环评报告出处整理_20260715\环评报告文件_按正文一级章节拆分_20260727\PL118_佛山市顺德区凯和电器有限公司迁扩建项目_01_受理公告或公示版\07_一、建设项目基本情况.md,495,8725
E:\华南理工项目\环评文件汇总\01_GitHub项目与研究文档\eia-openclaw-sync-chen2026\05_QA测试集\人工核查_环评报告出处整理_20260715\环评报告文件_按问答顺序\PL118_佛山市顺德区凯和电器有限公司迁扩建项目_01_受理公告或公示版.pdf,PL118_佛山市顺德区凯和电器有限公司迁扩建项目_01_受理公告或公示版.pdf,.pdf,pdf_pypdf,8,二、建设项目工程分析,E:\华南理工项目\环评文件汇总\01_GitHub项目与研究文档\eia-openclaw-sync-chen2026\05_QA测试集\人工核查_环评报告出处整理_20260715\环评报告文件_按正文一级章节拆分_20260727\PL118_佛山市顺德区凯和电器有限公司迁扩建项目_01_受理公告或公示版\08_二、建设项目工程分析.md,214,4278
E:\华南理工项目\环评文件汇总\01_GitHub项目与研究文档\eia-openclaw-sync-chen2026\05_QA测试集\人工核查_环评报告出处整理_20260715\环评报告文件_按问答顺序\PL118_佛山市顺德区凯和电器有限公司迁扩建项目_01_受理公告或公示版.pdf,PL118_佛山市顺德区凯和电器有限公司迁扩建项目_01_受理公告或公示版.pdf,.pdf,pdf_pypdf,9,附表附图附件,E:\华南理工项目\环评文件汇总\01_GitHub项目与研究文档\eia-openclaw-sync-chen2026\05_QA测试集\人工核查_环评报告出处整理_20260715\环评报告文件_按正文一级章节拆分_20260727\PL118_佛山市顺德区凯和电器有限公司迁扩建项目_01_受理公告或公示版\09_附表附图附件.md,239,4058
E:\华南理工项目\环评文件汇总\01_GitHub项目与研究文档\eia-openclaw-sync-chen2026\05_QA测试集\人工核查_环评报告出处整理_20260715\环评报告文件_按问答顺序\PL118_佛山市顺德区凯和电器有限公司迁扩建项目_01_受理公告或公示版.pdf,PL118_佛山市顺德区凯和电器有限公司迁扩建项目_01_受理公告或公示版.pdf,.pdf,pdf_pypdf,10,三、区域环境质量现状、环境保护目标及评价标准,E:\华南理工项目\环评文件汇总\01_GitHub项目与研究文档\eia-openclaw-sync-chen2026\05_QA测试集\人工核查_环评报告出处整理_20260715\环评报告文件_按正文一级章节拆分_20260727\PL118_佛山市顺德区凯和电器有限公司迁扩建项目_01_受理公告或公示版\10_三、区域环境质量现状、环境保护目标及评价标准.md,989,19010
E:\华南理工项目\环评文件汇总\01_GitHub项目与研究文档\eia-openclaw-sync-chen2026\05_QA测试集\人工核查_环评报告出处整理_20260715\环评报告文件_按问答顺序\PL118_佛山市顺德区凯和电器有限公司迁扩建项目_01_受理公告或公示版.pdf,PL118_佛山市顺德区凯和电器有限公司迁扩建项目_01_受理公告或公示版.pdf,.pdf,pdf_pypdf,11,五、环境保护措施监督检查清单,E:\华南理工项目\环评文件汇总\01_GitHub项目与研究文档\eia-openclaw-sync-chen2026\05_QA测试集\人工核查_环评报告出处整理_20260715\环评报告文件_按正文一级章节拆分_20260727\PL118_佛山市顺德区凯和电器有限公司迁扩建项目_01_受理公告或公示版\11_五、环境保护措施监督检查清单.md,74,1586
E:\华南理工项目\环评文件汇总\01_GitHub项目与研究文档\eia-openclaw-sync-chen2026\05_QA测试集\人工核查_环评报告出处整理_20260715\环评报告文件_按问答顺序\PL118_佛山市顺德区凯和电器有限公司迁扩建项目_01_受理公告或公示版.pdf,PL118_佛山市顺德区凯和电器有限公司迁扩建项目_01_受理公告或公示版.pdf,.pdf,pdf_pypdf,12,六、结论,E:\华南理工项目\环评文件汇总\01_GitHub项目与研究文档\eia-openclaw-sync-chen2026\05_QA测试集\人工核查_环评报告出处整理_20260715\环评报告文件_按正文一级章节拆分_20260727\PL118_佛山市顺德区凯和电器有限公司迁扩建项目_01_受理公告或公示版\12_六、结论.md,7,205
E:\华南理工项目\环评文件汇总\01_GitHub项目与研究文档\eia-openclaw-sync-chen2026\05_QA测试集\人工核查_环评报告出处整理_20260715\环评报告文件_按问答顺序\PL118_佛山市顺德区凯和电器有限公司迁扩建项目_01_受理公告或公示版.pdf,PL118_佛山市顺德区凯和电器有限公司迁扩建项目_01_受理公告或公示版.pdf,.pdf,pdf_pypdf,13,附表附图附件,E:\华南理工项目\环评文件汇总\01_GitHub项目与研究文档\eia-openclaw-sync-chen2026\05_QA测试集\人工核查_环评报告出处整理_20260715\环评报告文件_按正文一级章节拆分_20260727\PL118_佛山市顺德区凯和电器有限公司迁扩建项目_01_受理公告或公示版\13_附表附图附件.md,70,1137
E:\华南理工项目\环评文件汇总\01_GitHub项目与研究文档\eia-openclaw-sync-chen2026\05_QA测试集\人工核查_环评报告出处整理_20260715\环评报告文件_按问答顺序\PL119_佛山志兴盈包装有限公司新建项目_01_受理公告或公示版.pdf,PL119_佛山志兴盈包装有限公司新建项目_01_受理公告或公示版.pdf,.pdf,pdf_pypdf,1,封面及目录,E:\华南理工项目\环评文件汇总\01_GitHub项目与研究文档\eia-openclaw-sync-chen2026\05_QA测试集\人工核查_环评报告出处整理_20260715\环评报告文件_按正文一级章节拆分_20260727\PL119_佛山志兴盈包装有限公司新建项目_01_受理公告或公示版\01_封面及目录.md,2,25
E:\华南理工项目\环评文件汇总\01_GitHub项目与研究文档\eia-openclaw-sync-chen2026\05_QA测试集\人工核查_环评报告出处整理_20260715\环评报告文件_按问答顺序\PL119_佛山志兴盈包装有限公司新建项目_01_受理公告或公示版.pdf,PL119_佛山志兴盈包装有限公司新建项目_01_受理公告或公示版.pdf,.pdf,pdf_pypdf,2,一、建设项目基本情况 ............................................................................................................................... 1,E:\华南理工项目\环评文件汇总\01_GitHub项目与研究文档\eia-openclaw-sync-chen2026\05_QA测试集\人工核查_环评报告出处整理_20260715\环评报告文件_按正文一级章节拆分_20260727\PL119_佛山志兴盈包装有限公司新建项目_01_受理公告或公示版\02_一、建设项目基本情况.md,1,141
E:\华南理工项目\环评文件汇总\01_GitHub项目与研究文档\eia-openclaw-sync-chen2026\05_QA测试集\人工核查_环评报告出处整理_20260715\环评报告文件_按问答顺序\PL119_佛山志兴盈包装有限公司新建项目_01_受理公告或公示版.pdf,PL119_佛山志兴盈包装有限公司新建项目_01_受理公告或公示版.pdf,.pdf,pdf_pypdf,3,二、建设项目工程分析 ............................................................................................................................... 3,E:\华南理工项目\环评文件汇总\01_GitHub项目与研究文档\eia-openclaw-sync-chen2026\05_QA测试集\人工核查_环评报告出处整理_20260715\环评报告文件_按正文一级章节拆分_20260727\PL119_佛山志兴盈包装有限公司新建项目_01_受理公告或公示版\03_二、建设项目工程分析.md,2,245
E:\华南理工项目\环评文件汇总\01_GitHub项目与研究文档\eia-openclaw-sync-chen2026\05_QA测试集\人工核查_环评报告出处整理_20260715\环评报告文件_按问答顺序\PL119_佛山志兴盈包装有限公司新建项目_01_受理公告或公示版.pdf,PL119_佛山志兴盈包装有限公司新建项目_01_受理公告或公示版.pdf,.pdf,pdf_pypdf,4,四、 主要环境影响和保护措施 ............................................................................................................... 19,E:\华南理工项目\环评文件汇总\01_GitHub项目与研究文档\eia-openclaw-sync-chen2026\05_QA测试集\人工核查_环评报告出处整理_20260715\环评报告文件_按正文一级章节拆分_20260727\PL119_佛山志兴盈包装有限公司新建项目_01_受理公告或公示版\04_四、_主要环境影响和保护措施.md,1,130
E:\华南理工项目\环评文件汇总\01_GitHub项目与研究文档\eia-openclaw-sync-chen2026\05_QA测试集\人工核查_环评报告出处整理_20260715\环评报告文件_按问答顺序\PL119_佛山志兴盈包装有限公司新建项目_01_受理公告或公示版.pdf,PL119_佛山志兴盈包装有限公司新建项目_01_受理公告或公示版.pdf,.pdf,pdf_pypdf,5,五、环境保护措施监督检查清单 ............................................................................................................. 47,E:\华南理工项目\环评文件汇总\01_GitHub项目与研究文档\eia-openclaw-sync-chen2026\05_QA测试集\人工核查_环评报告出处整理_20260715\环评报告文件_按正文一级章节拆分_20260727\PL119_佛山志兴盈包装有限公司新建项目_01_受理公告或公示版\05_五、环境保护措施监督检查清单.md,1,128
E:\华南理工项目\环评文件汇总\01_GitHub项目与研究文档\eia-openclaw-sync-chen2026\05_QA测试集\人工核查_环评报告出处整理_20260715\环评报告文件_按问答顺序\PL119_佛山志兴盈包装有限公司新建项目_01_受理公告或公示版.pdf,PL119_佛山志兴盈包装有限公司新建项目_01_受理公告或公示版.pdf,.pdf,pdf_pypdf,6,六、结论 ..................................................................................................................................................... 50,E:\华南理工项目\环评文件汇总\01_GitHub项目与研究文档\eia-openclaw-sync-chen2026\05_QA测试集\人工核查_环评报告出处整理_20260715\环评报告文件_按正文一级章节拆分_20260727\PL119_佛山志兴盈包装有限公司新建项目_01_受理公告或公示版\06_六、结论.md,2,289
E:\华南理工项目\环评文件汇总\01_GitHub项目与研究文档\eia-openclaw-sync-chen2026\05_QA测试集\人工核查_环评报告出处整理_20260715\环评报告文件_按问答顺序\PL119_佛山志兴盈包装有限公司新建项目_01_受理公告或公示版.pdf,PL119_佛山志兴盈包装有限公司新建项目_01_受理公告或公示版.pdf,.pdf,pdf_pypdf,7,附表附图附件,E:\华南理工项目\环评文件汇总\01_GitHub项目与研究文档\eia-openclaw-sync-chen2026\05_QA测试集\人工核查_环评报告出处整理_20260715\环评报告文件_按正文一级章节拆分_20260727\PL119_佛山志兴盈包装有限公司新建项目_01_受理公告或公示版\07_附表附图附件.md,16,1846
E:\华南理工项目\环评文件汇总\01_GitHub项目与研究文档\eia-openclaw-sync-chen2026\05_QA测试集\人工核查_环评报告出处整理_20260715\环评报告文件_按问答顺序\PL119_佛山志兴盈包装有限公司新建项目_01_受理公告或公示版.pdf,PL119_佛山志兴盈包装有限公司新建项目_01_受理公告或公示版.pdf,.pdf,pdf_pypdf,8,一、建设项目基本情况,E:\华南理工项目\环评文件汇总\01_GitHub项目与研究文档\eia-openclaw-sync-chen2026\05_QA测试集\人工核查_环评报告出处整理_20260715\环评报告文件_按正文一级章节拆分_20260727\PL119_佛山志兴盈包装有限公司新建项目_01_受理公告或公示版\08_一、建设项目基本情况.md,689,11845
E:\华南理工项目\环评文件汇总\01_GitHub项目与研究文档\eia-openclaw-sync-chen2026\05_QA测试集\人工核查_环评报告出处整理_20260715\环评报告文件_按问答顺序\PL119_佛山志兴盈包装有限公司新建项目_01_受理公告或公示版.pdf,PL119_佛山志兴盈包装有限公司新建项目_01_受理公告或公示版.pdf,.pdf,pdf_pypdf,9,二、建设项目工程分析,E:\华南理工项目\环评文件汇总\01_GitHub项目与研究文档\eia-openclaw-sync-chen2026\05_QA测试集\人工核查_环评报告出处整理_20260715\环评报告文件_按正文一级章节拆分_20260727\PL119_佛山志兴盈包装有限公司新建项目_01_受理公告或公示版\09_二、建设项目工程分析.md,356,7136
E:\华南理工项目\环评文件汇总\01_GitHub项目与研究文档\eia-openclaw-sync-chen2026\05_QA测试集\人工核查_环评报告出处整理_20260715\环评报告文件_按问答顺序\PL119_佛山志兴盈包装有限公司新建项目_01_受理公告或公示版.pdf,PL119_佛山志兴盈包装有限公司新建项目_01_受理公告或公示版.pdf,.pdf,pdf_pypdf,10,三、区域环境质量现状、环境保护目标及评价标准,E:\华南理工项目\环评文件汇总\01_GitHub项目与研究文档\eia-openclaw-sync-chen2026\05_QA测试集\人工核查_环评报告出处整理_20260715\环评报告文件_按正文一级章节拆分_20260727\PL119_佛山志兴盈包装有限公司新建项目_01_受理公告或公示版\10_三、区域环境质量现状、环境保护目标及评价标准.md,196,4739
E:\华南理工项目\环评文件汇总\01_GitHub项目与研究文档\eia-openclaw-sync-chen2026\05_QA测试集\人工核查_环评报告出处整理_20260715\环评报告文件_按问答顺序\PL119_佛山志兴盈包装有限公司新建项目_01_受理公告或公示版.pdf,PL119_佛山志兴盈包装有限公司新建项目_01_受理公告或公示版.pdf,.pdf,pdf_pypdf,11,四、主要环境影响和保护措施,E:\华南理工项目\环评文件汇总\01_GitHub项目与研究文档\eia-openclaw-sync-chen2026\05_QA测试集\人工核查_环评报告出处整理_20260715\环评报告文件_按正文一级章节拆分_20260727\PL119_佛山志兴盈包装有限公司新建项目_01_受理公告或公示版\11_四、主要环境影响和保护措施.md,1257,26829
E:\华南理工项目\环评文件汇总\01_GitHub项目与研究文档\eia-openclaw-sync-chen2026\05_QA测试集\人工核查_环评报告出处整理_20260715\环评报告文件_按问答顺序\PL119_佛山志兴盈包装有限公司新建项目_01_受理公告或公示版.pdf,PL119_佛山志兴盈包装有限公司新建项目_01_受理公告或公示版.pdf,.pdf,pdf_pypdf,12,五、环境保护措施监督检查清单,E:\华南理工项目\环评文件汇总\01_GitHub项目与研究文档\eia-openclaw-sync-chen2026\05_QA测试集\人工核查_环评报告出处整理_20260715\环评报告文件_按正文一级章节拆分_20260727\PL119_佛山志兴盈包装有限公司新建项目_01_受理公告或公示版\12_五、环境保护措施监督检查清单.md,154,2177
E:\华南理工项目\环评文件汇总\01_GitHub项目与研究文档\eia-openclaw-sync-chen2026\05_QA测试集\人工核查_环评报告出处整理_20260715\环评报告文件_按问答顺序\PL119_佛山志兴盈包装有限公司新建项目_01_受理公告或公示版.pdf,PL119_佛山志兴盈包装有限公司新建项目_01_受理公告或公示版.pdf,.pdf,pdf_pypdf,13,六、结论,E:\华南理工项目\环评文件汇总\01_GitHub项目与研究文档\eia-openclaw-sync-chen2026\05_QA测试集\人工核查_环评报告出处整理_20260715\环评报告文件_按正文一级章节拆分_20260727\PL119_佛山志兴盈包装有限公司新建项目_01_受理公告或公示版\13_六、结论.md,53,1028
E:\华南理工项目\环评文件汇总\01_GitHub项目与研究文档\eia-openclaw-sync-chen2026\05_QA测试集\人工核查_环评报告出处整理_20260715\环评报告文件_按问答顺序\PL119_佛山志兴盈包装有限公司新建项目_01_受理公告或公示版.pdf,PL119_佛山志兴盈包装有限公司新建项目_01_受理公告或公示版.pdf,.pdf,pdf_pypdf,14,附表附图附件,E:\华南理工项目\环评文件汇总\01_GitHub项目与研究文档\eia-openclaw-sync-chen2026\05_QA测试集\人工核查_环评报告出处整理_20260715\环评报告文件_按正文一级章节拆分_20260727\PL119_佛山志兴盈包装有限公司新建项目_01_受理公告或公示版\14_附表附图附件.md,64,775
E:\华南理工项目\环评文件汇总\01_GitHub项目与研究文档\eia-openclaw-sync-chen2026\05_QA测试集\人工核查_环评报告出处整理_20260715\环评报告文件_按问答顺序\PL119_佛山志兴盈包装有限公司新建项目_02_报批稿或报告表.docx,PL119_佛山志兴盈包装有限公司新建项目_02_报批稿或报告表.docx,.docx,docx,1,封面及目录,E:\华南理工项目\环评文件汇总\01_GitHub项目与研究文档\eia-openclaw-sync-chen2026\05_QA测试集\人工核查_环评报告出处整理_20260715\环评报告文件_按正文一级章节拆分_20260727\PL119_佛山志兴盈包装有限公司新建项目_02_报批稿或报告表\01_封面及目录.md,8,118
E:\华南理工项目\环评文件汇总\01_GitHub项目与研究文档\eia-openclaw-sync-chen2026\05_QA测试集\人工核查_环评报告出处整理_20260715\环评报告文件_按问答顺序\PL119_佛山志兴盈包装有限公司新建项目_02_报批稿或报告表.docx,PL119_佛山志兴盈包装有限公司新建项目_02_报批稿或报告表.docx,.docx,docx,2,附表附图附件,E:\华南理工项目\环评文件汇总\01_GitHub项目与研究文档\eia-openclaw-sync-chen2026\05_QA测试集\人工核查_环评报告出处整理_20260715\环评报告文件_按正文一级章节拆分_20260727\PL119_佛山志兴盈包装有限公司新建项目_02_报批稿或报告表\02_附表附图附件.md,22,397
E:\华南理工项目\环评文件汇总\01_GitHub项目与研究文档\eia-openclaw-sync-chen2026\05_QA测试集\人工核查_环评报告出处整理_20260715\环评报告文件_按问答顺序\PL119_佛山志兴盈包装有限公司新建项目_02_报批稿或报告表.docx,PL119_佛山志兴盈包装有限公司新建项目_02_报批稿或报告表.docx,.docx,docx,3,一、建设项目基本情况,E:\华南理工项目\环评文件汇总\01_GitHub项目与研究文档\eia-openclaw-sync-chen2026\05_QA测试集\人工核查_环评报告出处整理_20260715\环评报告文件_按正文一级章节拆分_20260727\PL119_佛山志兴盈包装有限公司新建项目_02_报批稿或报告表\03_一、建设项目基本情况.md,2,35
E:\华南理工项目\环评文件汇总\01_GitHub项目与研究文档\eia-openclaw-sync-chen2026\05_QA测试集\人工核查_环评报告出处整理_20260715\环评报告文件_按问答顺序\PL119_佛山志兴盈包装有限公司新建项目_02_报批稿或报告表.docx,PL119_佛山志兴盈包装有限公司新建项目_02_报批稿或报告表.docx,.docx,docx,4,二、建设项目工程分析,E:\华南理工项目\环评文件汇总\01_GitHub项目与研究文档\eia-openclaw-sync-chen2026\05_QA测试集\人工核查_环评报告出处整理_20260715\环评报告文件_按正文一级章节拆分_20260727\PL119_佛山志兴盈包装有限公司新建项目_02_报批稿或报告表\04_二、建设项目工程分析.md,3,1116
E:\华南理工项目\环评文件汇总\01_GitHub项目与研究文档\eia-openclaw-sync-chen2026\05_QA测试集\人工核查_环评报告出处整理_20260715\环评报告文件_按问答顺序\PL119_佛山志兴盈包装有限公司新建项目_02_报批稿或报告表.docx,PL119_佛山志兴盈包装有限公司新建项目_02_报批稿或报告表.docx,.docx,docx,5,三、区域环境质量现状、环境保护目标及评价标准,E:\华南理工项目\环评文件汇总\01_GitHub项目与研究文档\eia-openclaw-sync-chen2026\05_QA测试集\人工核查_环评报告出处整理_20260715\环评报告文件_按正文一级章节拆分_20260727\PL119_佛山志兴盈包装有限公司新建项目_02_报批稿或报告表\05_三、区域环境质量现状、环境保护目标及评价标准.md,2,10619
E:\华南理工项目\环评文件汇总\01_GitHub项目与研究文档\eia-openclaw-sync-chen2026\05_QA测试集\人工核查_环评报告出处整理_20260715\环评报告文件_按问答顺序\PL119_佛山志兴盈包装有限公司新建项目_02_报批稿或报告表.docx,PL119_佛山志兴盈包装有限公司新建项目_02_报批稿或报告表.docx,.docx,docx,6,五、环境保护措施监督检查清单,E:\华南理工项目\环评文件汇总\01_GitHub项目与研究文档\eia-openclaw-sync-chen2026\05_QA测试集\人工核查_环评报告出处整理_20260715\环评报告文件_按正文一级章节拆分_20260727\PL119_佛山志兴盈包装有限公司新建项目_02_报批稿或报告表\06_五、环境保护措施监督检查清单.md,23,7027
E:\华南理工项目\环评文件汇总\01_GitHub项目与研究文档\eia-openclaw-sync-chen2026\05_QA测试集\人工核查_环评报告出处整理_20260715\环评报告文件_按问答顺序\PL119_佛山志兴盈包装有限公司新建项目_02_报批稿或报告表.docx,PL119_佛山志兴盈包装有限公司新建项目_02_报批稿或报告表.docx,.docx,docx,7,六、结论,E:\华南理工项目\环评文件汇总\01_GitHub项目与研究文档\eia-openclaw-sync-chen2026\05_QA测试集\人工核查_环评报告出处整理_20260715\环评报告文件_按正文一级章节拆分_20260727\PL119_佛山志兴盈包装有限公司新建项目_02_报批稿或报告表\07_六、结论.md,1,18
E:\华南理工项目\环评文件汇总\01_GitHub项目与研究文档\eia-openclaw-sync-chen2026\05_QA测试集\人工核查_环评报告出处整理_20260715\环评报告文件_按问答顺序\PL119_佛山志兴盈包装有限公司新建项目_02_报批稿或报告表.docx,PL119_佛山志兴盈包装有限公司新建项目_02_报批稿或报告表.docx,.docx,docx,8,附表附图附件,E:\华南理工项目\环评文件汇总\01_GitHub项目与研究文档\eia-openclaw-sync-chen2026\05_QA测试集\人工核查_环评报告出处整理_20260715\环评报告文件_按正文一级章节拆分_20260727\PL119_佛山志兴盈包装有限公司新建项目_02_报批稿或报告表\08_附表附图附件.md,18,273
E:\华南理工项目\环评文件汇总\01_GitHub项目与研究文档\eia-openclaw-sync-chen2026\05_QA测试集\人工核查_环评报告出处整理_20260715\环评报告文件_按问答顺序\PL119_佛山志兴盈包装有限公司新建项目_03_报批稿或报告表.pdf,PL119_佛山志兴盈包装有限公司新建项目_03_报批稿或报告表.pdf,.pdf,pdf_pypdf,1,封面及目录,E:\华南理工项目\环评文件汇总\01_GitHub项目与研究文档\eia-openclaw-sync-chen2026\05_QA测试集\人工核查_环评报告出处整理_20260715\环评报告文件_按正文一级章节拆分_20260727\PL119_佛山志兴盈包装有限公司新建项目_03_报批稿或报告表\01_封面及目录.md,2,25
E:\华南理工项目\环评文件汇总\01_GitHub项目与研究文档\eia-openclaw-sync-chen2026\05_QA测试集\人工核查_环评报告出处整理_20260715\环评报告文件_按问答顺序\PL119_佛山志兴盈包装有限公司新建项目_03_报批稿或报告表.pdf,PL119_佛山志兴盈包装有限公司新建项目_03_报批稿或报告表.pdf,.pdf,pdf_pypdf,2,一、建设项目基本情况 ............................................................................................................................... 1,E:\华南理工项目\环评文件汇总\01_GitHub项目与研究文档\eia-openclaw-sync-chen2026\05_QA测试集\人工核查_环评报告出处整理_20260715\环评报告文件_按正文一级章节拆分_20260727\PL119_佛山志兴盈包装有限公司新建项目_03_报批稿或报告表\02_一、建设项目基本情况.md,1,141
E:\华南理工项目\环评文件汇总\01_GitHub项目与研究文档\eia-openclaw-sync-chen2026\05_QA测试集\人工核查_环评报告出处整理_20260715\环评报告文件_按问答顺序\PL119_佛山志兴盈包装有限公司新建项目_03_报批稿或报告表.pdf,PL119_佛山志兴盈包装有限公司新建项目_03_报批稿或报告表.pdf,.pdf,pdf_pypdf,3,二、建设项目工程分析 ............................................................................................................................. 12,E:\华南理工项目\环评文件汇总\01_GitHub项目与研究文档\eia-openclaw-sync-chen2026\05_QA测试集\人工核查_环评报告出处整理_20260715\环评报告文件_按正文一级章节拆分_20260727\PL119_佛山志兴盈包装有限公司新建项目_03_报批稿或报告表\03_二、建设项目工程分析.md,2,244
E:\华南理工项目\环评文件汇总\01_GitHub项目与研究文档\eia-openclaw-sync-chen2026\05_QA测试集\人工核查_环评报告出处整理_20260715\环评报告文件_按问答顺序\PL119_佛山志兴盈包装有限公司新建项目_03_报批稿或报告表.pdf,PL119_佛山志兴盈包装有限公司新建项目_03_报批稿或报告表.pdf,.pdf,pdf_pypdf,4,四、 主要环境影响和保护措施 ............................................................................................................... 29,E:\华南理工项目\环评文件汇总\01_GitHub项目与研究文档\eia-openclaw-sync-chen2026\05_QA测试集\人工核查_环评报告出处整理_20260715\环评报告文件_按正文一级章节拆分_20260727\PL119_佛山志兴盈包装有限公司新建项目_03_报批稿或报告表\04_四、_主要环境影响和保护措施.md,1,130
E:\华南理工项目\环评文件汇总\01_GitHub项目与研究文档\eia-openclaw-sync-chen2026\05_QA测试集\人工核查_环评报告出处整理_20260715\环评报告文件_按问答顺序\PL119_佛山志兴盈包装有限公司新建项目_03_报批稿或报告表.pdf,PL119_佛山志兴盈包装有限公司新建项目_03_报批稿或报告表.pdf,.pdf,pdf_pypdf,5,五、环境保护措施监督检查清单 ............................................................................................................. 56,E:\华南理工项目\环评文件汇总\01_GitHub项目与研究文档\eia-openclaw-sync-chen2026\05_QA测试集\人工核查_环评报告出处整理_20260715\环评报告文件_按正文一级章节拆分_20260727\PL119_佛山志兴盈包装有限公司新建项目_03_报批稿或报告表\05_五、环境保护措施监督检查清单.md,1,128
E:\华南理工项目\环评文件汇总\01_GitHub项目与研究文档\eia-openclaw-sync-chen2026\05_QA测试集\人工核查_环评报告出处整理_20260715\环评报告文件_按问答顺序\PL119_佛山志兴盈包装有限公司新建项目_03_报批稿或报告表.pdf,PL119_佛山志兴盈包装有限公司新建项目_03_报批稿或报告表.pdf,.pdf,pdf_pypdf,6,六、结论 ..................................................................................................................................................... 59,E:\华南理工项目\环评文件汇总\01_GitHub项目与研究文档\eia-openclaw-sync-chen2026\05_QA测试集\人工核查_环评报告出处整理_20260715\环评报告文件_按正文一级章节拆分_20260727\PL119_佛山志兴盈包装有限公司新建项目_03_报批稿或报告表\06_六、结论.md,2,289
E:\华南理工项目\环评文件汇总\01_GitHub项目与研究文档\eia-openclaw-sync-chen2026\05_QA测试集\人工核查_环评报告出处整理_20260715\环评报告文件_按问答顺序\PL119_佛山志兴盈包装有限公司新建项目_03_报批稿或报告表.pdf,PL119_佛山志兴盈包装有限公司新建项目_03_报批稿或报告表.pdf,.pdf,pdf_pypdf,7,附表附图附件,E:\华南理工项目\环评文件汇总\01_GitHub项目与研究文档\eia-openclaw-sync-chen2026\05_QA测试集\人工核查_环评报告出处整理_20260715\环评报告文件_按正文一级章节拆分_20260727\PL119_佛山志兴盈包装有限公司新建项目_03_报批稿或报告表\07_附表附图附件.md,24,2919
E:\华南理工项目\环评文件汇总\01_GitHub项目与研究文档\eia-openclaw-sync-chen2026\05_QA测试集\人工核查_环评报告出处整理_20260715\环评报告文件_按问答顺序\PL119_佛山志兴盈包装有限公司新建项目_03_报批稿或报告表.pdf,PL119_佛山志兴盈包装有限公司新建项目_03_报批稿或报告表.pdf,.pdf,pdf_pypdf,8,一、建设项目基本情况,E:\华南理工项目\环评文件汇总\01_GitHub项目与研究文档\eia-openclaw-sync-chen2026\05_QA测试集\人工核查_环评报告出处整理_20260715\环评报告文件_按正文一级章节拆分_20260727\PL119_佛山志兴盈包装有限公司新建项目_03_报批稿或报告表\08_一、建设项目基本情况.md,700,12183
E:\华南理工项目\环评文件汇总\01_GitHub项目与研究文档\eia-openclaw-sync-chen2026\05_QA测试集\人工核查_环评报告出处整理_20260715\环评报告文件_按问答顺序\PL119_佛山志兴盈包装有限公司新建项目_03_报批稿或报告表.pdf,PL119_佛山志兴盈包装有限公司新建项目_03_报批稿或报告表.pdf,.pdf,pdf_pypdf,9,二、建设项目工程分析,E:\华南理工项目\环评文件汇总\01_GitHub项目与研究文档\eia-openclaw-sync-chen2026\05_QA测试集\人工核查_环评报告出处整理_20260715\环评报告文件_按正文一级章节拆分_20260727\PL119_佛山志兴盈包装有限公司新建项目_03_报批稿或报告表\09_二、建设项目工程分析.md,419,9132
E:\华南理工项目\环评文件汇总\01_GitHub项目与研究文档\eia-openclaw-sync-chen2026\05_QA测试集\人工核查_环评报告出处整理_20260715\环评报告文件_按问答顺序\PL119_佛山志兴盈包装有限公司新建项目_03_报批稿或报告表.pdf,PL119_佛山志兴盈包装有限公司新建项目_03_报批稿或报告表.pdf,.pdf,pdf_pypdf,10,三、区域环境质量现状、环境保护目标及评价标准,E:\华南理工项目\环评文件汇总\01_GitHub项目与研究文档\eia-openclaw-sync-chen2026\05_QA测试集\人工核查_环评报告出处整理_20260715\环评报告文件_按正文一级章节拆分_20260727\PL119_佛山志兴盈包装有限公司新建项目_03_报批稿或报告表\10_三、区域环境质量现状、环境保护目标及评价标准.md,196,4702
E:\华南理工项目\环评文件汇总\01_GitHub项目与研究文档\eia-openclaw-sync-chen2026\05_QA测试集\人工核查_环评报告出处整理_20260715\环评报告文件_按问答顺序\PL119_佛山志兴盈包装有限公司新建项目_03_报批稿或报告表.pdf,PL119_佛山志兴盈包装有限公司新建项目_03_报批稿或报告表.pdf,.pdf,pdf_pypdf,11,四、主要环境影响和保护措施,E:\华南理工项目\环评文件汇总\01_GitHub项目与研究文档\eia-openclaw-sync-chen2026\05_QA测试集\人工核查_环评报告出处整理_20260715\环评报告文件_按正文一级章节拆分_20260727\PL119_佛山志兴盈包装有限公司新建项目_03_报批稿或报告表\11_四、主要环境影响和保护措施.md,1239,26627
E:\华南理工项目\环评文件汇总\01_GitHub项目与研究文档\eia-openclaw-sync-chen2026\05_QA测试集\人工核查_环评报告出处整理_20260715\环评报告文件_按问答顺序\PL119_佛山志兴盈包装有限公司新建项目_03_报批稿或报告表.pdf,PL119_佛山志兴盈包装有限公司新建项目_03_报批稿或报告表.pdf,.pdf,pdf_pypdf,12,五、环境保护措施监督检查清单,E:\华南理工项目\环评文件汇总\01_GitHub项目与研究文档\eia-openclaw-sync-chen2026\05_QA测试集\人工核查_环评报告出处整理_20260715\环评报告文件_按正文一级章节拆分_20260727\PL119_佛山志兴盈包装有限公司新建项目_03_报批稿或报告表\12_五、环境保护措施监督检查清单.md,162,2255
E:\华南理工项目\环评文件汇总\01_GitHub项目与研究文档\eia-openclaw-sync-chen2026\05_QA测试集\人工核查_环评报告出处整理_20260715\环评报告文件_按问答顺序\PL119_佛山志兴盈包装有限公司新建项目_03_报批稿或报告表.pdf,PL119_佛山志兴盈包装有限公司新建项目_03_报批稿或报告表.pdf,.pdf,pdf_pypdf,13,六、结论,E:\华南理工项目\环评文件汇总\01_GitHub项目与研究文档\eia-openclaw-sync-chen2026\05_QA测试集\人工核查_环评报告出处整理_20260715\环评报告文件_按正文一级章节拆分_20260727\PL119_佛山志兴盈包装有限公司新建项目_03_报批稿或报告表\13_六、结论.md,53,1028
E:\华南理工项目\环评文件汇总\01_GitHub项目与研究文档\eia-openclaw-sync-chen2026\05_QA测试集\人工核查_环评报告出处整理_20260715\环评报告文件_按问答顺序\PL119_佛山志兴盈包装有限公司新建项目_03_报批稿或报告表.pdf,PL119_佛山志兴盈包装有限公司新建项目_03_报批稿或报告表.pdf,.pdf,pdf_pypdf,14,附表附图附件,E:\华南理工项目\环评文件汇总\01_GitHub项目与研究文档\eia-openclaw-sync-chen2026\05_QA测试集\人工核查_环评报告出处整理_20260715\环评报告文件_按正文一级章节拆分_20260727\PL119_佛山志兴盈包装有限公司新建项目_03_报批稿或报告表\14_附表附图附件.md,137,1846
E:\华南理工项目\环评文件汇总\01_GitHub项目与研究文档\eia-openclaw-sync-chen2026\05_QA测试集\人工核查_环评报告出处整理_20260715\环评报告文件_按问答顺序\PL119_佛山志兴盈包装有限公司新建项目_04_报批稿或报告表.pdf,PL119_佛山志兴盈包装有限公司新建项目_04_报批稿或报告表.pdf,.pdf,pdf_low_text,1,未识别章节_全文,E:\华南理工项目\环评文件汇总\01_GitHub项目与研究文档\eia-openclaw-sync-chen2026\05_QA测试集\人工核查_环评报告出处整理_20260715\环评报告文件_按正文一级章节拆分_20260727\PL119_佛山志兴盈包装有限公司新建项目_04_报批稿或报告表\01_未识别章节_全文.md,2,57
E:\华南理工项目\环评文件汇总\01_GitHub项目与研究文档\eia-openclaw-sync-chen2026\05_QA测试集\人工核查_环评报告出处整理_20260715\环评报告文件_按问答顺序\PL120_佛山市顺德区昶新塑料制品有限公司搬迁、扩建项目_01_受理公告或公示版.pdf,PL120_佛山市顺德区昶新塑料制品有限公司搬迁、扩建项目_01_受理公告或公示版.pdf,.pdf,pdf_pypdf,1,封面及目录,E:\华南理工项目\环评文件汇总\01_GitHub项目与研究文档\eia-openclaw-sync-chen2026\05_QA测试集\人工核查_环评报告出处整理_20260715\环评报告文件_按正文一级章节拆分_20260727\PL120_佛山市顺德区昶新塑料制品有限公司搬迁、扩建项目_01_受理公告或公示版\01_封面及目录.md,88,8874
E:\华南理工项目\环评文件汇总\01_GitHub项目与研究文档\eia-openclaw-sync-chen2026\05_QA测试集\人工核查_环评报告出处整理_20260715\环评报告文件_按问答顺序\PL120_佛山市顺德区昶新塑料制品有限公司搬迁、扩建项目_01_受理公告或公示版.pdf,PL120_佛山市顺德区昶新塑料制品有限公司搬迁、扩建项目_01_受理公告或公示版.pdf,.pdf,pdf_pypdf,2,附表附图附件,E:\华南理工项目\环评文件汇总\01_GitHub项目与研究文档\eia-openclaw-sync-chen2026\05_QA测试集\人工核查_环评报告出处整理_20260715\环评报告文件_按正文一级章节拆分_20260727\PL120_佛山市顺德区昶新塑料制品有限公司搬迁、扩建项目_01_受理公告或公示版\02_附表附图附件.md,10213,208384
E:\华南理工项目\环评文件汇总\01_GitHub项目与研究文档\eia-openclaw-sync-chen2026\05_QA测试集\人工核查_环评报告出处整理_20260715\环评报告文件_按问答顺序\PL121_佛山市宇象汇科技有限公司建设项目_01_受理公告或公示版.pdf,PL121_佛山市宇象汇科技有限公司建设项目_01_受理公告或公示版.pdf,.pdf,pdf_pypdf,1,未识别章节_全文,E:\华南理工项目\环评文件汇总\01_GitHub项目与研究文档\eia-openclaw-sync-chen2026\05_QA测试集\人工核查_环评报告出处整理_20260715\环评报告文件_按正文一级章节拆分_20260727\PL121_佛山市宇象汇科技有限公司建设项目_01_受理公告或公示版\01_未识别章节_全文.md,13380,316534
E:\华南理工项目\环评文件汇总\01_GitHub项目与研究文档\eia-openclaw-sync-chen2026\05_QA测试集\人工核查_环评报告出处整理_20260715\环评报告文件_按问答顺序\PL122_广东创卓电器有限公司迁扩建项目_01_受理公告或公示版.pdf,PL122_广东创卓电器有限公司迁扩建项目_01_受理公告或公示版.pdf,.pdf,pdf_pypdf,1,封面及目录,E:\华南理工项目\环评文件汇总\01_GitHub项目与研究文档\eia-openclaw-sync-chen2026\05_QA测试集\人工核查_环评报告出处整理_20260715\环评报告文件_按正文一级章节拆分_20260727\PL122_广东创卓电器有限公司迁扩建项目_01_受理公告或公示版\01_封面及目录.md,5,49
E:\华南理工项目\环评文件汇总\01_GitHub项目与研究文档\eia-openclaw-sync-chen2026\05_QA测试集\人工核查_环评报告出处整理_20260715\环评报告文件_按问答顺序\PL122_广东创卓电器有限公司迁扩建项目_01_受理公告或公示版.pdf,PL122_广东创卓电器有限公司迁扩建项目_01_受理公告或公示版.pdf,.pdf,pdf_pypdf,2,一、建设项目基本情况............................................................................................................................... 1,E:\华南理工项目\环评文件汇总\01_GitHub项目与研究文档\eia-openclaw-sync-chen2026\05_QA测试集\人工核查_环评报告出处整理_20260715\环评报告文件_按正文一级章节拆分_20260727\PL122_广东创卓电器有限公司迁扩建项目_01_受理公告或公示版\02_一、建设项目基本情况.md,1,140
E:\华南理工项目\环评文件汇总\01_GitHub项目与研究文档\eia-openclaw-sync-chen2026\05_QA测试集\人工核查_环评报告出处整理_20260715\环评报告文件_按问答顺序\PL122_广东创卓电器有限公司迁扩建项目_01_受理公告或公示版.pdf,PL122_广东创卓电器有限公司迁扩建项目_01_受理公告或公示版.pdf,.pdf,pdf_pypdf,3,二、建设项目工程分析............................................................................................................................. 18,E:\华南理工项目\环评文件汇总\01_GitHub项目与研究文档\eia-openclaw-sync-chen2026\05_QA测试集\人工核查_环评报告出处整理_20260715\环评报告文件_按正文一级章节拆分_20260727\PL122_广东创卓电器有限公司迁扩建项目_01_受理公告或公示版\03_二、建设项目工程分析.md,2,241
E:\华南理工项目\环评文件汇总\01_GitHub项目与研究文档\eia-openclaw-sync-chen2026\05_QA测试集\人工核查_环评报告出处整理_20260715\环评报告文件_按问答顺序\PL122_广东创卓电器有限公司迁扩建项目_01_受理公告或公示版.pdf,PL122_广东创卓电器有限公司迁扩建项目_01_受理公告或公示版.pdf,.pdf,pdf_pypdf,4,四、主要环境影响和保护措施.................................................................................................................39,E:\华南理工项目\环评文件汇总\01_GitHub项目与研究文档\eia-openclaw-sync-chen2026\05_QA测试集\人工核查_环评报告出处整理_20260715\环评报告文件_按正文一级章节拆分_20260727\PL122_广东创卓电器有限公司迁扩建项目_01_受理公告或公示版\04_四、主要环境影响和保护措施.md,1,129
E:\华南理工项目\环评文件汇总\01_GitHub项目与研究文档\eia-openclaw-sync-chen2026\05_QA测试集\人工核查_环评报告出处整理_20260715\环评报告文件_按问答顺序\PL122_广东创卓电器有限公司迁扩建项目_01_受理公告或公示版.pdf,PL122_广东创卓电器有限公司迁扩建项目_01_受理公告或公示版.pdf,.pdf,pdf_pypdf,5,五、环境保护措施监督检查清单.............................................................................................................68,E:\华南理工项目\环评文件汇总\01_GitHub项目与研究文档\eia-openclaw-sync-chen2026\05_QA测试集\人工核查_环评报告出处整理_20260715\环评报告文件_按正文一级章节拆分_20260727\PL122_广东创卓电器有限公司迁扩建项目_01_受理公告或公示版\05_五、环境保护措施监督检查清单.md,1,126
E:\华南理工项目\环评文件汇总\01_GitHub项目与研究文档\eia-openclaw-sync-chen2026\05_QA测试集\人工核查_环评报告出处整理_20260715\环评报告文件_按问答顺序\PL122_广东创卓电器有限公司迁扩建项目_01_受理公告或公示版.pdf,PL122_广东创卓电器有限公司迁扩建项目_01_受理公告或公示版.pdf,.pdf,pdf_pypdf,6,六、结论..................................................................................................................................................... 71,E:\华南理工项目\环评文件汇总\01_GitHub项目与研究文档\eia-openclaw-sync-chen2026\05_QA测试集\人工核查_环评报告出处整理_20260715\环评报告文件_按正文一级章节拆分_20260727\PL122_广东创卓电器有限公司迁扩建项目_01_受理公告或公示版\06_六、结论.md,2,286
E:\华南理工项目\环评文件汇总\01_GitHub项目与研究文档\eia-openclaw-sync-chen2026\05_QA测试集\人工核查_环评报告出处整理_20260715\环评报告文件_按问答顺序\PL122_广东创卓电器有限公司迁扩建项目_01_受理公告或公示版.pdf,PL122_广东创卓电器有限公司迁扩建项目_01_受理公告或公示版.pdf,.pdf,pdf_pypdf,7,附表附图附件,E:\华南理工项目\环评文件汇总\01_GitHub项目与研究文档\eia-openclaw-sync-chen2026\05_QA测试集\人工核查_环评报告出处整理_20260715\环评报告文件_按正文一级章节拆分_20260727\PL122_广东创卓电器有限公司迁扩建项目_01_受理公告或公示版\07_附表附图附件.md,19,2244
E:\华南理工项目\环评文件汇总\01_GitHub项目与研究文档\eia-openclaw-sync-chen2026\05_QA测试集\人工核查_环评报告出处整理_20260715\环评报告文件_按问答顺序\PL122_广东创卓电器有限公司迁扩建项目_01_受理公告或公示版.pdf,PL122_广东创卓电器有限公司迁扩建项目_01_受理公告或公示版.pdf,.pdf,pdf_pypdf,8,一、建设项目基本情况,E:\华南理工项目\环评文件汇总\01_GitHub项目与研究文档\eia-openclaw-sync-chen2026\05_QA测试集\人工核查_环评报告出处整理_20260715\环评报告文件_按正文一级章节拆分_20260727\PL122_广东创卓电器有限公司迁扩建项目_01_受理公告或公示版\08_一、建设项目基本情况.md,362,5199
E:\华南理工项目\环评文件汇总\01_GitHub项目与研究文档\eia-openclaw-sync-chen2026\05_QA测试集\人工核查_环评报告出处整理_20260715\环评报告文件_按问答顺序\PL122_广东创卓电器有限公司迁扩建项目_01_受理公告或公示版.pdf,PL122_广东创卓电器有限公司迁扩建项目_01_受理公告或公示版.pdf,.pdf,pdf_pypdf,9,附表附图附件,E:\华南理工项目\环评文件汇总\01_GitHub项目与研究文档\eia-openclaw-sync-chen2026\05_QA测试集\人工核查_环评报告出处整理_20260715\环评报告文件_按正文一级章节拆分_20260727\PL122_广东创卓电器有限公司迁扩建项目_01_受理公告或公示版\09_附表附图附件.md,879,11349
E:\华南理工项目\环评文件汇总\01_GitHub项目与研究文档\eia-openclaw-sync-chen2026\05_QA测试集\人工核查_环评报告出处整理_20260715\环评报告文件_按问答顺序\PL122_广东创卓电器有限公司迁扩建项目_01_受理公告或公示版.pdf,PL122_广东创卓电器有限公司迁扩建项目_01_受理公告或公示版.pdf,.pdf,pdf_pypdf,10,二、建设项目工程分析,E:\华南理工项目\环评文件汇总\01_GitHub项目与研究文档\eia-openclaw-sync-chen2026\05_QA测试集\人工核查_环评报告出处整理_20260715\环评报告文件_按正文一级章节拆分_20260727\PL122_广东创卓电器有限公司迁扩建项目_01_受理公告或公示版\10_二、建设项目工程分析.md,523,9822
E:\华南理工项目\环评文件汇总\01_GitHub项目与研究文档\eia-openclaw-sync-chen2026\05_QA测试集\人工核查_环评报告出处整理_20260715\环评报告文件_按问答顺序\PL122_广东创卓电器有限公司迁扩建项目_01_受理公告或公示版.pdf,PL122_广东创卓电器有限公司迁扩建项目_01_受理公告或公示版.pdf,.pdf,pdf_pypdf,11,三、区域环境质量现状、环境保护目标及评价标准,E:\华南理工项目\环评文件汇总\01_GitHub项目与研究文档\eia-openclaw-sync-chen2026\05_QA测试集\人工核查_环评报告出处整理_20260715\环评报告文件_按正文一级章节拆分_20260727\PL122_广东创卓电器有限公司迁扩建项目_01_受理公告或公示版\11_三、区域环境质量现状、环境保护目标及评价标准.md,289,5616
E:\华南理工项目\环评文件汇总\01_GitHub项目与研究文档\eia-openclaw-sync-chen2026\05_QA测试集\人工核查_环评报告出处整理_20260715\环评报告文件_按问答顺序\PL122_广东创卓电器有限公司迁扩建项目_01_受理公告或公示版.pdf,PL122_广东创卓电器有限公司迁扩建项目_01_受理公告或公示版.pdf,.pdf,pdf_pypdf,12,四、主要环境影响和保护措施,E:\华南理工项目\环评文件汇总\01_GitHub项目与研究文档\eia-openclaw-sync-chen2026\05_QA测试集\人工核查_环评报告出处整理_20260715\环评报告文件_按正文一级章节拆分_20260727\PL122_广东创卓电器有限公司迁扩建项目_01_受理公告或公示版\12_四、主要环境影响和保护措施.md,1553,24582
E:\华南理工项目\环评文件汇总\01_GitHub项目与研究文档\eia-openclaw-sync-chen2026\05_QA测试集\人工核查_环评报告出处整理_20260715\环评报告文件_按问答顺序\PL122_广东创卓电器有限公司迁扩建项目_01_受理公告或公示版.pdf,PL122_广东创卓电器有限公司迁扩建项目_01_受理公告或公示版.pdf,.pdf,pdf_pypdf,13,五、环境保护措施监督检查清单,E:\华南理工项目\环评文件汇总\01_GitHub项目与研究文档\eia-openclaw-sync-chen2026\05_QA测试集\人工核查_环评报告出处整理_20260715\环评报告文件_按正文一级章节拆分_20260727\PL122_广东创卓电器有限公司迁扩建项目_01_受理公告或公示版\13_五、环境保护措施监督检查清单.md,131,1870
E:\华南理工项目\环评文件汇总\01_GitHub项目与研究文档\eia-openclaw-sync-chen2026\05_QA测试集\人工核查_环评报告出处整理_20260715\环评报告文件_按问答顺序\PL122_广东创卓电器有限公司迁扩建项目_01_受理公告或公示版.pdf,PL122_广东创卓电器有限公司迁扩建项目_01_受理公告或公示版.pdf,.pdf,pdf_pypdf,14,六、结论,E:\华南理工项目\环评文件汇总\01_GitHub项目与研究文档\eia-openclaw-sync-chen2026\05_QA测试集\人工核查_环评报告出处整理_20260715\环评报告文件_按正文一级章节拆分_20260727\PL122_广东创卓电器有限公司迁扩建项目_01_受理公告或公示版\14_六、结论.md,60,1272
E:\华南理工项目\环评文件汇总\01_GitHub项目与研究文档\eia-openclaw-sync-chen2026\05_QA测试集\人工核查_环评报告出处整理_20260715\环评报告文件_按问答顺序\PL122_广东创卓电器有限公司迁扩建项目_01_受理公告或公示版.pdf,PL122_广东创卓电器有限公司迁扩建项目_01_受理公告或公示版.pdf,.pdf,pdf_pypdf,15,附表附图附件,E:\华南理工项目\环评文件汇总\01_GitHub项目与研究文档\eia-openclaw-sync-chen2026\05_QA测试集\人工核查_环评报告出处整理_20260715\环评报告文件_按正文一级章节拆分_20260727\PL122_广东创卓电器有限公司迁扩建项目_01_受理公告或公示版\15_附表附图附件.md,121,1623
E:\华南理工项目\环评文件汇总\01_GitHub项目与研究文档\eia-openclaw-sync-chen2026\05_QA测试集\人工核查_环评报告出处整理_20260715\环评报告文件_按问答顺序\PL123_佛山市顺德区湛宏塑料制品有限公司改扩建项目_01_受理公告或公示版.pdf,PL123_佛山市顺德区湛宏塑料制品有限公司改扩建项目_01_受理公告或公示版.pdf,.pdf,pdf_pypdf,1,封面及目录,E:\华南理工项目\环评文件汇总\01_GitHub项目与研究文档\eia-openclaw-sync-chen2026\05_QA测试集\人工核查_环评报告出处整理_20260715\环评报告文件_按正文一级章节拆分_20260727\PL123_佛山市顺德区湛宏塑料制品有限公司改扩建项目_01_受理公告或公示版\01_封面及目录.md,2,25
E:\华南理工项目\环评文件汇总\01_GitHub项目与研究文档\eia-openclaw-sync-chen2026\05_QA测试集\人工核查_环评报告出处整理_20260715\环评报告文件_按问答顺序\PL123_佛山市顺德区湛宏塑料制品有限公司改扩建项目_01_受理公告或公示版.pdf,PL123_佛山市顺德区湛宏塑料制品有限公司改扩建项目_01_受理公告或公示版.pdf,.pdf,pdf_pypdf,2,一、建设项目基本情况 ............................................................................................................ 1,E:\华南理工项目\环评文件汇总\01_GitHub项目与研究文档\eia-openclaw-sync-chen2026\05_QA测试集\人工核查_环评报告出处整理_20260715\环评报告文件_按正文一级章节拆分_20260727\PL123_佛山市顺德区湛宏塑料制品有限公司改扩建项目_01_受理公告或公示版\02_一、建设项目基本情况.md,1,122
E:\华南理工项目\环评文件汇总\01_GitHub项目与研究文档\eia-openclaw-sync-chen2026\05_QA测试集\人工核查_环评报告出处整理_20260715\环评报告文件_按问答顺序\PL123_佛山市顺德区湛宏塑料制品有限公司改扩建项目_01_受理公告或公示版.pdf,PL123_佛山市顺德区湛宏塑料制品有限公司改扩建项目_01_受理公告或公示版.pdf,.pdf,pdf_pypdf,3,二、建设项目工程分析 .......................................................................................................... 13,E:\华南理工项目\环评文件汇总\01_GitHub项目与研究文档\eia-openclaw-sync-chen2026\05_QA测试集\人工核查_环评报告出处整理_20260715\环评报告文件_按正文一级章节拆分_20260727\PL123_佛山市顺德区湛宏塑料制品有限公司改扩建项目_01_受理公告或公示版\03_二、建设项目工程分析.md,3,320
E:\华南理工项目\环评文件汇总\01_GitHub项目与研究文档\eia-openclaw-sync-chen2026\05_QA测试集\人工核查_环评报告出处整理_20260715\环评报告文件_按问答顺序\PL123_佛山市顺德区湛宏塑料制品有限公司改扩建项目_01_受理公告或公示版.pdf,PL123_佛山市顺德区湛宏塑料制品有限公司改扩建项目_01_受理公告或公示版.pdf,.pdf,pdf_pypdf,4,五、环境保护措施监督检查清单 .......................................................................................... 79,E:\华南理工项目\环评文件汇总\01_GitHub项目与研究文档\eia-openclaw-sync-chen2026\05_QA测试集\人工核查_环评报告出处整理_20260715\环评报告文件_按正文一级章节拆分_20260727\PL123_佛山市顺德区湛宏塑料制品有限公司改扩建项目_01_受理公告或公示版\04_五、环境保护措施监督检查清单.md,1,109
E:\华南理工项目\环评文件汇总\01_GitHub项目与研究文档\eia-openclaw-sync-chen2026\05_QA测试集\人工核查_环评报告出处整理_20260715\环评报告文件_按问答顺序\PL123_佛山市顺德区湛宏塑料制品有限公司改扩建项目_01_受理公告或公示版.pdf,PL123_佛山市顺德区湛宏塑料制品有限公司改扩建项目_01_受理公告或公示版.pdf,.pdf,pdf_pypdf,5,六、结论 .................................................................................................................................. 82,E:\华南理工项目\环评文件汇总\01_GitHub项目与研究文档\eia-openclaw-sync-chen2026\05_QA测试集\人工核查_环评报告出处整理_20260715\环评报告文件_按正文一级章节拆分_20260727\PL123_佛山市顺德区湛宏塑料制品有限公司改扩建项目_01_受理公告或公示版\05_六、结论.md,1,139
E:\华南理工项目\环评文件汇总\01_GitHub项目与研究文档\eia-openclaw-sync-chen2026\05_QA测试集\人工核查_环评报告出处整理_20260715\环评报告文件_按问答顺序\PL123_佛山市顺德区湛宏塑料制品有限公司改扩建项目_01_受理公告或公示版.pdf,PL123_佛山市顺德区湛宏塑料制品有限公司改扩建项目_01_受理公告或公示版.pdf,.pdf,pdf_pypdf,6,附表附图附件,E:\华南理工项目\环评文件汇总\01_GitHub项目与研究文档\eia-openclaw-sync-chen2026\05_QA测试集\人工核查_环评报告出处整理_20260715\环评报告文件_按正文一级章节拆分_20260727\PL123_佛山市顺德区湛宏塑料制品有限公司改扩建项目_01_受理公告或公示版\06_附表附图附件.md,25,401
E:\华南理工项目\环评文件汇总\01_GitHub项目与研究文档\eia-openclaw-sync-chen2026\05_QA测试集\人工核查_环评报告出处整理_20260715\环评报告文件_按问答顺序\PL123_佛山市顺德区湛宏塑料制品有限公司改扩建项目_01_受理公告或公示版.pdf,PL123_佛山市顺德区湛宏塑料制品有限公司改扩建项目_01_受理公告或公示版.pdf,.pdf,pdf_pypdf,7,一、建设项目基本情况,E:\华南理工项目\环评文件汇总\01_GitHub项目与研究文档\eia-openclaw-sync-chen2026\05_QA测试集\人工核查_环评报告出处整理_20260715\环评报告文件_按正文一级章节拆分_20260727\PL123_佛山市顺德区湛宏塑料制品有限公司改扩建项目_01_受理公告或公示版\07_一、建设项目基本情况.md,836,13175
E:\华南理工项目\环评文件汇总\01_GitHub项目与研究文档\eia-openclaw-sync-chen2026\05_QA测试集\人工核查_环评报告出处整理_20260715\环评报告文件_按问答顺序\PL123_佛山市顺德区湛宏塑料制品有限公司改扩建项目_01_受理公告或公示版.pdf,PL123_佛山市顺德区湛宏塑料制品有限公司改扩建项目_01_受理公告或公示版.pdf,.pdf,pdf_pypdf,8,二、建设项目工程分析,E:\华南理工项目\环评文件汇总\01_GitHub项目与研究文档\eia-openclaw-sync-chen2026\05_QA测试集\人工核查_环评报告出处整理_20260715\环评报告文件_按正文一级章节拆分_20260727\PL123_佛山市顺德区湛宏塑料制品有限公司改扩建项目_01_受理公告或公示版\08_二、建设项目工程分析.md,1706,30326
E:\华南理工项目\环评文件汇总\01_GitHub项目与研究文档\eia-openclaw-sync-chen2026\05_QA测试集\人工核查_环评报告出处整理_20260715\环评报告文件_按问答顺序\PL123_佛山市顺德区湛宏塑料制品有限公司改扩建项目_01_受理公告或公示版.pdf,PL123_佛山市顺德区湛宏塑料制品有限公司改扩建项目_01_受理公告或公示版.pdf,.pdf,pdf_pypdf,9,三、区域环境质量现状、环境保护目标及评价标准,E:\华南理工项目\环评文件汇总\01_GitHub项目与研究文档\eia-openclaw-sync-chen2026\05_QA测试集\人工核查_环评报告出处整理_20260715\环评报告文件_按正文一级章节拆分_20260727\PL123_佛山市顺德区湛宏塑料制品有限公司改扩建项目_01_受理公告或公示版\09_三、区域环境质量现状、环境保护目标及评价标准.md,268,5364
E:\华南理工项目\环评文件汇总\01_GitHub项目与研究文档\eia-openclaw-sync-chen2026\05_QA测试集\人工核查_环评报告出处整理_20260715\环评报告文件_按问答顺序\PL123_佛山市顺德区湛宏塑料制品有限公司改扩建项目_01_受理公告或公示版.pdf,PL123_佛山市顺德区湛宏塑料制品有限公司改扩建项目_01_受理公告或公示版.pdf,.pdf,pdf_pypdf,10,四、主要环境影响和保护措施,E:\华南理工项目\环评文件汇总\01_GitHub项目与研究文档\eia-openclaw-sync-chen2026\05_QA测试集\人工核查_环评报告出处整理_20260715\环评报告文件_按正文一级章节拆分_20260727\PL123_佛山市顺德区湛宏塑料制品有限公司改扩建项目_01_受理公告或公示版\10_四、主要环境影响和保护措施.md,1608,27151
E:\华南理工项目\环评文件汇总\01_GitHub项目与研究文档\eia-openclaw-sync-chen2026\05_QA测试集\人工核查_环评报告出处整理_20260715\环评报告文件_按问答顺序\PL123_佛山市顺德区湛宏塑料制品有限公司改扩建项目_01_受理公告或公示版.pdf,PL123_佛山市顺德区湛宏塑料制品有限公司改扩建项目_01_受理公告或公示版.pdf,.pdf,pdf_pypdf,11,五、环境保护措施监督检查清单,E:\华南理工项目\环评文件汇总\01_GitHub项目与研究文档\eia-openclaw-sync-chen2026\05_QA测试集\人工核查_环评报告出处整理_20260715\环评报告文件_按正文一级章节拆分_20260727\PL123_佛山市顺德区湛宏塑料制品有限公司改扩建项目_01_受理公告或公示版\11_五、环境保护措施监督检查清单.md,196,3091
E:\华南理工项目\环评文件汇总\01_GitHub项目与研究文档\eia-openclaw-sync-chen2026\05_QA测试集\人工核查_环评报告出处整理_20260715\环评报告文件_按问答顺序\PL123_佛山市顺德区湛宏塑料制品有限公司改扩建项目_01_受理公告或公示版.pdf,PL123_佛山市顺德区湛宏塑料制品有限公司改扩建项目_01_受理公告或公示版.pdf,.pdf,pdf_pypdf,12,六、结论,E:\华南理工项目\环评文件汇总\01_GitHub项目与研究文档\eia-openclaw-sync-chen2026\05_QA测试集\人工核查_环评报告出处整理_20260715\环评报告文件_按正文一级章节拆分_20260727\PL123_佛山市顺德区湛宏塑料制品有限公司改扩建项目_01_受理公告或公示版\12_六、结论.md,8,204
E:\华南理工项目\环评文件汇总\01_GitHub项目与研究文档\eia-openclaw-sync-chen2026\05_QA测试集\人工核查_环评报告出处整理_20260715\环评报告文件_按问答顺序\PL123_佛山市顺德区湛宏塑料制品有限公司改扩建项目_01_受理公告或公示版.pdf,PL123_佛山市顺德区湛宏塑料制品有限公司改扩建项目_01_受理公告或公示版.pdf,.pdf,pdf_pypdf,13,附表附图附件,E:\华南理工项目\环评文件汇总\01_GitHub项目与研究文档\eia-openclaw-sync-chen2026\05_QA测试集\人工核查_环评报告出处整理_20260715\环评报告文件_按正文一级章节拆分_20260727\PL123_佛山市顺德区湛宏塑料制品有限公司改扩建项目_01_受理公告或公示版\13_附表附图附件.md,131,2145
E:\华南理工项目\环评文件汇总\01_GitHub项目与研究文档\eia-openclaw-sync-chen2026\05_QA测试集\人工核查_环评报告出处整理_20260715\环评报告文件_按问答顺序\PL124_佛山市智枞电器制造有限公司扩建项目_01_受理公告或公示版.pdf,PL124_佛山市智枞电器制造有限公司扩建项目_01_受理公告或公示版.pdf,.pdf,pdf_pypdf,1,封面及目录,E:\华南理工项目\环评文件汇总\01_GitHub项目与研究文档\eia-openclaw-sync-chen2026\05_QA测试集\人工核查_环评报告出处整理_20260715\环评报告文件_按正文一级章节拆分_20260727\PL124_佛山市智枞电器制造有限公司扩建项目_01_受理公告或公示版\01_封面及目录.md,2,24
E:\华南理工项目\环评文件汇总\01_GitHub项目与研究文档\eia-openclaw-sync-chen2026\05_QA测试集\人工核查_环评报告出处整理_20260715\环评报告文件_按问答顺序\PL124_佛山市智枞电器制造有限公司扩建项目_01_受理公告或公示版.pdf,PL124_佛山市智枞电器制造有限公司扩建项目_01_受理公告或公示版.pdf,.pdf,pdf_pypdf,2,一、建设项目基本情况 ........................................................................................................ 1,E:\华南理工项目\环评文件汇总\01_GitHub项目与研究文档\eia-openclaw-sync-chen2026\05_QA测试集\人工核查_环评报告出处整理_20260715\环评报告文件_按正文一级章节拆分_20260727\PL124_佛山市智枞电器制造有限公司扩建项目_01_受理公告或公示版\02_一、建设项目基本情况.md,1,118
E:\华南理工项目\环评文件汇总\01_GitHub项目与研究文档\eia-openclaw-sync-chen2026\05_QA测试集\人工核查_环评报告出处整理_20260715\环评报告文件_按问答顺序\PL124_佛山市智枞电器制造有限公司扩建项目_01_受理公告或公示版.pdf,PL124_佛山市智枞电器制造有限公司扩建项目_01_受理公告或公示版.pdf,.pdf,pdf_pypdf,3,二、 建设项目工程分析 .................................................................................................... 12,E:\华南理工项目\环评文件汇总\01_GitHub项目与研究文档\eia-openclaw-sync-chen2026\05_QA测试集\人工核查_环评报告出处整理_20260715\环评报告文件_按正文一级章节拆分_20260727\PL124_佛山市智枞电器制造有限公司扩建项目_01_受理公告或公示版\03_二、_建设项目工程分析.md,2,197
E:\华南理工项目\环评文件汇总\01_GitHub项目与研究文档\eia-openclaw-sync-chen2026\05_QA测试集\人工核查_环评报告出处整理_20260715\环评报告文件_按问答顺序\PL124_佛山市智枞电器制造有限公司扩建项目_01_受理公告或公示版.pdf,PL124_佛山市智枞电器制造有限公司扩建项目_01_受理公告或公示版.pdf,.pdf,pdf_pypdf,4,四、主要环境影响和保护措施 .......................................................................................... 43,E:\华南理工项目\环评文件汇总\01_GitHub项目与研究文档\eia-openclaw-sync-chen2026\05_QA测试集\人工核查_环评报告出处整理_20260715\环评报告文件_按正文一级章节拆分_20260727\PL124_佛山市智枞电器制造有限公司扩建项目_01_受理公告或公示版\04_四、主要环境影响和保护措施.md,1,108
E:\华南理工项目\环评文件汇总\01_GitHub项目与研究文档\eia-openclaw-sync-chen2026\05_QA测试集\人工核查_环评报告出处整理_20260715\环评报告文件_按问答顺序\PL124_佛山市智枞电器制造有限公司扩建项目_01_受理公告或公示版.pdf,PL124_佛山市智枞电器制造有限公司扩建项目_01_受理公告或公示版.pdf,.pdf,pdf_pypdf,5,五、环境保护措施监督检查清单 ...................................................................................... 69,E:\华南理工项目\环评文件汇总\01_GitHub项目与研究文档\eia-openclaw-sync-chen2026\05_QA测试集\人工核查_环评报告出处整理_20260715\环评报告文件_按正文一级章节拆分_20260727\PL124_佛山市智枞电器制造有限公司扩建项目_01_受理公告或公示版\05_五、环境保护措施监督检查清单.md,1,105
E:\华南理工项目\环评文件汇总\01_GitHub项目与研究文档\eia-openclaw-sync-chen2026\05_QA测试集\人工核查_环评报告出处整理_20260715\环评报告文件_按问答顺序\PL124_佛山市智枞电器制造有限公司扩建项目_01_受理公告或公示版.pdf,PL124_佛山市智枞电器制造有限公司扩建项目_01_受理公告或公示版.pdf,.pdf,pdf_pypdf,6,六、结论 .............................................................................................................................. 71,E:\华南理工项目\环评文件汇总\01_GitHub项目与研究文档\eia-openclaw-sync-chen2026\05_QA测试集\人工核查_环评报告出处整理_20260715\环评报告文件_按正文一级章节拆分_20260727\PL124_佛山市智枞电器制造有限公司扩建项目_01_受理公告或公示版\06_六、结论.md,2,243
E:\华南理工项目\环评文件汇总\01_GitHub项目与研究文档\eia-openclaw-sync-chen2026\05_QA测试集\人工核查_环评报告出处整理_20260715\环评报告文件_按问答顺序\PL124_佛山市智枞电器制造有限公司扩建项目_01_受理公告或公示版.pdf,PL124_佛山市智枞电器制造有限公司扩建项目_01_受理公告或公示版.pdf,.pdf,pdf_pypdf,7,附表附图附件,E:\华南理工项目\环评文件汇总\01_GitHub项目与研究文档\eia-openclaw-sync-chen2026\05_QA测试集\人工核查_环评报告出处整理_20260715\环评报告文件_按正文一级章节拆分_20260727\PL124_佛山市智枞电器制造有限公司扩建项目_01_受理公告或公示版\07_附表附图附件.md,22,335
E:\华南理工项目\环评文件汇总\01_GitHub项目与研究文档\eia-openclaw-sync-chen2026\05_QA测试集\人工核查_环评报告出处整理_20260715\环评报告文件_按问答顺序\PL124_佛山市智枞电器制造有限公司扩建项目_01_受理公告或公示版.pdf,PL124_佛山市智枞电器制造有限公司扩建项目_01_受理公告或公示版.pdf,.pdf,pdf_pypdf,8,一、建设项目基本情况,E:\华南理工项目\环评文件汇总\01_GitHub项目与研究文档\eia-openclaw-sync-chen2026\05_QA测试集\人工核查_环评报告出处整理_20260715\环评报告文件_按正文一级章节拆分_20260727\PL124_佛山市智枞电器制造有限公司扩建项目_01_受理公告或公示版\08_一、建设项目基本情况.md,788,11005
E:\华南理工项目\环评文件汇总\01_GitHub项目与研究文档\eia-openclaw-sync-chen2026\05_QA测试集\人工核查_环评报告出处整理_20260715\环评报告文件_按问答顺序\PL124_佛山市智枞电器制造有限公司扩建项目_01_受理公告或公示版.pdf,PL124_佛山市智枞电器制造有限公司扩建项目_01_受理公告或公示版.pdf,.pdf,pdf_pypdf,9,二、建设项目工程分析,E:\华南理工项目\环评文件汇总\01_GitHub项目与研究文档\eia-openclaw-sync-chen2026\05_QA测试集\人工核查_环评报告出处整理_20260715\环评报告文件_按正文一级章节拆分_20260727\PL124_佛山市智枞电器制造有限公司扩建项目_01_受理公告或公示版\09_二、建设项目工程分析.md,1138,21304
E:\华南理工项目\环评文件汇总\01_GitHub项目与研究文档\eia-openclaw-sync-chen2026\05_QA测试集\人工核查_环评报告出处整理_20260715\环评报告文件_按问答顺序\PL124_佛山市智枞电器制造有限公司扩建项目_01_受理公告或公示版.pdf,PL124_佛山市智枞电器制造有限公司扩建项目_01_受理公告或公示版.pdf,.pdf,pdf_pypdf,10,三、区域环境质量现状、环境保护目标及评价标准,E:\华南理工项目\环评文件汇总\01_GitHub项目与研究文档\eia-openclaw-sync-chen2026\05_QA测试集\人工核查_环评报告出处整理_20260715\环评报告文件_按正文一级章节拆分_20260727\PL124_佛山市智枞电器制造有限公司扩建项目_01_受理公告或公示版\10_三、区域环境质量现状、环境保护目标及评价标准.md,248,4887
E:\华南理工项目\环评文件汇总\01_GitHub项目与研究文档\eia-openclaw-sync-chen2026\05_QA测试集\人工核查_环评报告出处整理_20260715\环评报告文件_按问答顺序\PL124_佛山市智枞电器制造有限公司扩建项目_01_受理公告或公示版.pdf,PL124_佛山市智枞电器制造有限公司扩建项目_01_受理公告或公示版.pdf,.pdf,pdf_pypdf,11,四、主要环境影响和保护措施,E:\华南理工项目\环评文件汇总\01_GitHub项目与研究文档\eia-openclaw-sync-chen2026\05_QA测试集\人工核查_环评报告出处整理_20260715\环评报告文件_按正文一级章节拆分_20260727\PL124_佛山市智枞电器制造有限公司扩建项目_01_受理公告或公示版\11_四、主要环境影响和保护措施.md,1302,23539
E:\华南理工项目\环评文件汇总\01_GitHub项目与研究文档\eia-openclaw-sync-chen2026\05_QA测试集\人工核查_环评报告出处整理_20260715\环评报告文件_按问答顺序\PL124_佛山市智枞电器制造有限公司扩建项目_01_受理公告或公示版.pdf,PL124_佛山市智枞电器制造有限公司扩建项目_01_受理公告或公示版.pdf,.pdf,pdf_pypdf,12,五、环境保护措施监督检查清单,E:\华南理工项目\环评文件汇总\01_GitHub项目与研究文档\eia-openclaw-sync-chen2026\05_QA测试集\人工核查_环评报告出处整理_20260715\环评报告文件_按正文一级章节拆分_20260727\PL124_佛山市智枞电器制造有限公司扩建项目_01_受理公告或公示版\12_五、环境保护措施监督检查清单.md,106,1860
E:\华南理工项目\环评文件汇总\01_GitHub项目与研究文档\eia-openclaw-sync-chen2026\05_QA测试集\人工核查_环评报告出处整理_20260715\环评报告文件_按问答顺序\PL124_佛山市智枞电器制造有限公司扩建项目_01_受理公告或公示版.pdf,PL124_佛山市智枞电器制造有限公司扩建项目_01_受理公告或公示版.pdf,.pdf,pdf_pypdf,13,六、结论,E:\华南理工项目\环评文件汇总\01_GitHub项目与研究文档\eia-openclaw-sync-chen2026\05_QA测试集\人工核查_环评报告出处整理_20260715\环评报告文件_按正文一级章节拆分_20260727\PL124_佛山市智枞电器制造有限公司扩建项目_01_受理公告或公示版\13_六、结论.md,8,199
E:\华南理工项目\环评文件汇总\01_GitHub项目与研究文档\eia-openclaw-sync-chen2026\05_QA测试集\人工核查_环评报告出处整理_20260715\环评报告文件_按问答顺序\PL124_佛山市智枞电器制造有限公司扩建项目_01_受理公告或公示版.pdf,PL124_佛山市智枞电器制造有限公司扩建项目_01_受理公告或公示版.pdf,.pdf,pdf_pypdf,14,附表附图附件,E:\华南理工项目\环评文件汇总\01_GitHub项目与研究文档\eia-openclaw-sync-chen2026\05_QA测试集\人工核查_环评报告出处整理_20260715\环评报告文件_按正文一级章节拆分_20260727\PL124_佛山市智枞电器制造有限公司扩建项目_01_受理公告或公示版\14_附表附图附件.md,96,1714
E:\华南理工项目\环评文件汇总\01_GitHub项目与研究文档\eia-openclaw-sync-chen2026\05_QA测试集\人工核查_环评报告出处整理_20260715\环评报告文件_按问答顺序\PL125_佛山创顺塑胶有限公司建设项目_01_受理公告或公示版.pdf,PL125_佛山创顺塑胶有限公司建设项目_01_受理公告或公示版.pdf,.pdf,pdf_pypdf,1,封面及目录,E:\华南理工项目\环评文件汇总\01_GitHub项目与研究文档\eia-openclaw-sync-chen2026\05_QA测试集\人工核查_环评报告出处整理_20260715\环评报告文件_按正文一级章节拆分_20260727\PL125_佛山创顺塑胶有限公司建设项目_01_受理公告或公示版\01_封面及目录.md,2,25
E:\华南理工项目\环评文件汇总\01_GitHub项目与研究文档\eia-openclaw-sync-chen2026\05_QA测试集\人工核查_环评报告出处整理_20260715\环评报告文件_按问答顺序\PL125_佛山创顺塑胶有限公司建设项目_01_受理公告或公示版.pdf,PL125_佛山创顺塑胶有限公司建设项目_01_受理公告或公示版.pdf,.pdf,pdf_pypdf,2,一、建设项目基本情况 ................................................................................................................................... 1,E:\华南理工项目\环评文件汇总\01_GitHub项目与研究文档\eia-openclaw-sync-chen2026\05_QA测试集\人工核查_环评报告出处整理_20260715\环评报告文件_按正文一级章节拆分_20260727\PL125_佛山创顺塑胶有限公司建设项目_01_受理公告或公示版\02_一、建设项目基本情况.md,1,145
E:\华南理工项目\环评文件汇总\01_GitHub项目与研究文档\eia-openclaw-sync-chen2026\05_QA测试集\人工核查_环评报告出处整理_20260715\环评报告文件_按问答顺序\PL125_佛山创顺塑胶有限公司建设项目_01_受理公告或公示版.pdf,PL125_佛山创顺塑胶有限公司建设项目_01_受理公告或公示版.pdf,.pdf,pdf_pypdf,3,二、建设项目工程分析 ................................................................................................................................. 15,E:\华南理工项目\环评文件汇总\01_GitHub项目与研究文档\eia-openclaw-sync-chen2026\05_QA测试集\人工核查_环评报告出处整理_20260715\环评报告文件_按正文一级章节拆分_20260727\PL125_佛山创顺塑胶有限公司建设项目_01_受理公告或公示版\03_二、建设项目工程分析.md,2,251
E:\华南理工项目\环评文件汇总\01_GitHub项目与研究文档\eia-openclaw-sync-chen2026\05_QA测试集\人工核查_环评报告出处整理_20260715\环评报告文件_按问答顺序\PL125_佛山创顺塑胶有限公司建设项目_01_受理公告或公示版.pdf,PL125_佛山创顺塑胶有限公司建设项目_01_受理公告或公示版.pdf,.pdf,pdf_pypdf,4,四、主要环境影响和保护措施 ..................................................................................................................... 28,E:\华南理工项目\环评文件汇总\01_GitHub项目与研究文档\eia-openclaw-sync-chen2026\05_QA测试集\人工核查_环评报告出处整理_20260715\环评报告文件_按正文一级章节拆分_20260727\PL125_佛山创顺塑胶有限公司建设项目_01_受理公告或公示版\04_四、主要环境影响和保护措施.md,1,135
E:\华南理工项目\环评文件汇总\01_GitHub项目与研究文档\eia-openclaw-sync-chen2026\05_QA测试集\人工核查_环评报告出处整理_20260715\环评报告文件_按问答顺序\PL125_佛山创顺塑胶有限公司建设项目_01_受理公告或公示版.pdf,PL125_佛山创顺塑胶有限公司建设项目_01_受理公告或公示版.pdf,.pdf,pdf_pypdf,5,五、环境保护措施监督检查清单 .................................................................................................................49,E:\华南理工项目\环评文件汇总\01_GitHub项目与研究文档\eia-openclaw-sync-chen2026\05_QA测试集\人工核查_环评报告出处整理_20260715\环评报告文件_按正文一级章节拆分_20260727\PL125_佛山创顺塑胶有限公司建设项目_01_受理公告或公示版\05_五、环境保护措施监督检查清单.md,1,131
E:\华南理工项目\环评文件汇总\01_GitHub项目与研究文档\eia-openclaw-sync-chen2026\05_QA测试集\人工核查_环评报告出处整理_20260715\环评报告文件_按问答顺序\PL125_佛山创顺塑胶有限公司建设项目_01_受理公告或公示版.pdf,PL125_佛山创顺塑胶有限公司建设项目_01_受理公告或公示版.pdf,.pdf,pdf_pypdf,6,六、结论 ......................................................................................................................................................... 51,E:\华南理工项目\环评文件汇总\01_GitHub项目与研究文档\eia-openclaw-sync-chen2026\05_QA测试集\人工核查_环评报告出处整理_20260715\环评报告文件_按正文一级章节拆分_20260727\PL125_佛山创顺塑胶有限公司建设项目_01_受理公告或公示版\06_六、结论.md,2,297
E:\华南理工项目\环评文件汇总\01_GitHub项目与研究文档\eia-openclaw-sync-chen2026\05_QA测试集\人工核查_环评报告出处整理_20260715\环评报告文件_按问答顺序\PL125_佛山创顺塑胶有限公司建设项目_01_受理公告或公示版.pdf,PL125_佛山创顺塑胶有限公司建设项目_01_受理公告或公示版.pdf,.pdf,pdf_pypdf,7,附表附图附件,E:\华南理工项目\环评文件汇总\01_GitHub项目与研究文档\eia-openclaw-sync-chen2026\05_QA测试集\人工核查_环评报告出处整理_20260715\环评报告文件_按正文一级章节拆分_20260727\PL125_佛山创顺塑胶有限公司建设项目_01_受理公告或公示版\07_附表附图附件.md,20,2399
E:\华南理工项目\环评文件汇总\01_GitHub项目与研究文档\eia-openclaw-sync-chen2026\05_QA测试集\人工核查_环评报告出处整理_20260715\环评报告文件_按问答顺序\PL125_佛山创顺塑胶有限公司建设项目_01_受理公告或公示版.pdf,PL125_佛山创顺塑胶有限公司建设项目_01_受理公告或公示版.pdf,.pdf,pdf_pypdf,8,一、建设项目基本情况,E:\华南理工项目\环评文件汇总\01_GitHub项目与研究文档\eia-openclaw-sync-chen2026\05_QA测试集\人工核查_环评报告出处整理_20260715\环评报告文件_按正文一级章节拆分_20260727\PL125_佛山创顺塑胶有限公司建设项目_01_受理公告或公示版\08_一、建设项目基本情况.md,1118,13475
E:\华南理工项目\环评文件汇总\01_GitHub项目与研究文档\eia-openclaw-sync-chen2026\05_QA测试集\人工核查_环评报告出处整理_20260715\环评报告文件_按问答顺序\PL125_佛山创顺塑胶有限公司建设项目_01_受理公告或公示版.pdf,PL125_佛山创顺塑胶有限公司建设项目_01_受理公告或公示版.pdf,.pdf,pdf_pypdf,9,二、建设项目工程分析,E:\华南理工项目\环评文件汇总\01_GitHub项目与研究文档\eia-openclaw-sync-chen2026\05_QA测试集\人工核查_环评报告出处整理_20260715\环评报告文件_按正文一级章节拆分_20260727\PL125_佛山创顺塑胶有限公司建设项目_01_受理公告或公示版\09_二、建设项目工程分析.md,259,4701
E:\华南理工项目\环评文件汇总\01_GitHub项目与研究文档\eia-openclaw-sync-chen2026\05_QA测试集\人工核查_环评报告出处整理_20260715\环评报告文件_按问答顺序\PL125_佛山创顺塑胶有限公司建设项目_01_受理公告或公示版.pdf,PL125_佛山创顺塑胶有限公司建设项目_01_受理公告或公示版.pdf,.pdf,pdf_pypdf,10,三、区域环境质量现状、环境保护目标及评价标准,E:\华南理工项目\环评文件汇总\01_GitHub项目与研究文档\eia-openclaw-sync-chen2026\05_QA测试集\人工核查_环评报告出处整理_20260715\环评报告文件_按正文一级章节拆分_20260727\PL125_佛山创顺塑胶有限公司建设项目_01_受理公告或公示版\10_三、区域环境质量现状、环境保护目标及评价标准.md,216,4682
E:\华南理工项目\环评文件汇总\01_GitHub项目与研究文档\eia-openclaw-sync-chen2026\05_QA测试集\人工核查_环评报告出处整理_20260715\环评报告文件_按问答顺序\PL125_佛山创顺塑胶有限公司建设项目_01_受理公告或公示版.pdf,PL125_佛山创顺塑胶有限公司建设项目_01_受理公告或公示版.pdf,.pdf,pdf_pypdf,11,四、主要环境影响和保护措施,E:\华南理工项目\环评文件汇总\01_GitHub项目与研究文档\eia-openclaw-sync-chen2026\05_QA测试集\人工核查_环评报告出处整理_20260715\环评报告文件_按正文一级章节拆分_20260727\PL125_佛山创顺塑胶有限公司建设项目_01_受理公告或公示版\11_四、主要环境影响和保护措施.md,1069,21307
E:\华南理工项目\环评文件汇总\01_GitHub项目与研究文档\eia-openclaw-sync-chen2026\05_QA测试集\人工核查_环评报告出处整理_20260715\环评报告文件_按问答顺序\PL125_佛山创顺塑胶有限公司建设项目_01_受理公告或公示版.pdf,PL125_佛山创顺塑胶有限公司建设项目_01_受理公告或公示版.pdf,.pdf,pdf_pypdf,12,五、环境保护措施监督检查清单,E:\华南理工项目\环评文件汇总\01_GitHub项目与研究文档\eia-openclaw-sync-chen2026\05_QA测试集\人工核查_环评报告出处整理_20260715\环评报告文件_按正文一级章节拆分_20260727\PL125_佛山创顺塑胶有限公司建设项目_01_受理公告或公示版\12_五、环境保护措施监督检查清单.md,134,2399
E:\华南理工项目\环评文件汇总\01_GitHub项目与研究文档\eia-openclaw-sync-chen2026\05_QA测试集\人工核查_环评报告出处整理_20260715\环评报告文件_按问答顺序\PL125_佛山创顺塑胶有限公司建设项目_01_受理公告或公示版.pdf,PL125_佛山创顺塑胶有限公司建设项目_01_受理公告或公示版.pdf,.pdf,pdf_pypdf,13,六、结论,E:\华南理工项目\环评文件汇总\01_GitHub项目与研究文档\eia-openclaw-sync-chen2026\05_QA测试集\人工核查_环评报告出处整理_20260715\环评报告文件_按正文一级章节拆分_20260727\PL125_佛山创顺塑胶有限公司建设项目_01_受理公告或公示版\13_六、结论.md,8,249
E:\华南理工项目\环评文件汇总\01_GitHub项目与研究文档\eia-openclaw-sync-chen2026\05_QA测试集\人工核查_环评报告出处整理_20260715\环评报告文件_按问答顺序\PL125_佛山创顺塑胶有限公司建设项目_01_受理公告或公示版.pdf,PL125_佛山创顺塑胶有限公司建设项目_01_受理公告或公示版.pdf,.pdf,pdf_pypdf,14,附表附图附件,E:\华南理工项目\环评文件汇总\01_GitHub项目与研究文档\eia-openclaw-sync-chen2026\05_QA测试集\人工核查_环评报告出处整理_20260715\环评报告文件_按正文一级章节拆分_20260727\PL125_佛山创顺塑胶有限公司建设项目_01_受理公告或公示版\14_附表附图附件.md,85,1355
E:\华南理工项目\环评文件汇总\01_GitHub项目与研究文档\eia-openclaw-sync-chen2026\05_QA测试集\人工核查_环评报告出处整理_20260715\环评报告文件_按问答顺序\PL126_佛山市顺德区天玛仕电子有限公司改扩建项目_01_受理公告或公示版.pdf,PL126_佛山市顺德区天玛仕电子有限公司改扩建项目_01_受理公告或公示版.pdf,.pdf,pdf_pypdf,1,封面及目录,E:\华南理工项目\环评文件汇总\01_GitHub项目与研究文档\eia-openclaw-sync-chen2026\05_QA测试集\人工核查_环评报告出处整理_20260715\环评报告文件_按正文一级章节拆分_20260727\PL126_佛山市顺德区天玛仕电子有限公司改扩建项目_01_受理公告或公示版\01_封面及目录.md,2,25
E:\华南理工项目\环评文件汇总\01_GitHub项目与研究文档\eia-openclaw-sync-chen2026\05_QA测试集\人工核查_环评报告出处整理_20260715\环评报告文件_按问答顺序\PL126_佛山市顺德区天玛仕电子有限公司改扩建项目_01_受理公告或公示版.pdf,PL126_佛山市顺德区天玛仕电子有限公司改扩建项目_01_受理公告或公示版.pdf,.pdf,pdf_pypdf,2,一、建设项目基本情况 ........................................................................................................ 1,E:\华南理工项目\环评文件汇总\01_GitHub项目与研究文档\eia-openclaw-sync-chen2026\05_QA测试集\人工核查_环评报告出处整理_20260715\环评报告文件_按正文一级章节拆分_20260727\PL126_佛山市顺德区天玛仕电子有限公司改扩建项目_01_受理公告或公示版\02_一、建设项目基本情况.md,1,118
E:\华南理工项目\环评文件汇总\01_GitHub项目与研究文档\eia-openclaw-sync-chen2026\05_QA测试集\人工核查_环评报告出处整理_20260715\环评报告文件_按问答顺序\PL126_佛山市顺德区天玛仕电子有限公司改扩建项目_01_受理公告或公示版.pdf,PL126_佛山市顺德区天玛仕电子有限公司改扩建项目_01_受理公告或公示版.pdf,.pdf,pdf_pypdf,3,二、建设项目工程分析 ...................................................................................................... 10,E:\华南理工项目\环评文件汇总\01_GitHub项目与研究文档\eia-openclaw-sync-chen2026\05_QA测试集\人工核查_环评报告出处整理_20260715\环评报告文件_按正文一级章节拆分_20260727\PL126_佛山市顺德区天玛仕电子有限公司改扩建项目_01_受理公告或公示版\03_二、建设项目工程分析.md,2,197
E:\华南理工项目\环评文件汇总\01_GitHub项目与研究文档\eia-openclaw-sync-chen2026\05_QA测试集\人工核查_环评报告出处整理_20260715\环评报告文件_按问答顺序\PL126_佛山市顺德区天玛仕电子有限公司改扩建项目_01_受理公告或公示版.pdf,PL126_佛山市顺德区天玛仕电子有限公司改扩建项目_01_受理公告或公示版.pdf,.pdf,pdf_pypdf,4,四、主要环境影响和保护措施 .......................................................................................... 26,E:\华南理工项目\环评文件汇总\01_GitHub项目与研究文档\eia-openclaw-sync-chen2026\05_QA测试集\人工核查_环评报告出处整理_20260715\环评报告文件_按正文一级章节拆分_20260727\PL126_佛山市顺德区天玛仕电子有限公司改扩建项目_01_受理公告或公示版\04_四、主要环境影响和保护措施.md,1,108
E:\华南理工项目\环评文件汇总\01_GitHub项目与研究文档\eia-openclaw-sync-chen2026\05_QA测试集\人工核查_环评报告出处整理_20260715\环评报告文件_按问答顺序\PL126_佛山市顺德区天玛仕电子有限公司改扩建项目_01_受理公告或公示版.pdf,PL126_佛山市顺德区天玛仕电子有限公司改扩建项目_01_受理公告或公示版.pdf,.pdf,pdf_pypdf,5,五、环境保护措施监督检查清单 ...................................................................................... 49,E:\华南理工项目\环评文件汇总\01_GitHub项目与研究文档\eia-openclaw-sync-chen2026\05_QA测试集\人工核查_环评报告出处整理_20260715\环评报告文件_按正文一级章节拆分_20260727\PL126_佛山市顺德区天玛仕电子有限公司改扩建项目_01_受理公告或公示版\05_五、环境保护措施监督检查清单.md,1,105
E:\华南理工项目\环评文件汇总\01_GitHub项目与研究文档\eia-openclaw-sync-chen2026\05_QA测试集\人工核查_环评报告出处整理_20260715\环评报告文件_按问答顺序\PL126_佛山市顺德区天玛仕电子有限公司改扩建项目_01_受理公告或公示版.pdf,PL126_佛山市顺德区天玛仕电子有限公司改扩建项目_01_受理公告或公示版.pdf,.pdf,pdf_pypdf,6,六、结论 .............................................................................................................................. 52,E:\华南理工项目\环评文件汇总\01_GitHub项目与研究文档\eia-openclaw-sync-chen2026\05_QA测试集\人工核查_环评报告出处整理_20260715\环评报告文件_按正文一级章节拆分_20260727\PL126_佛山市顺德区天玛仕电子有限公司改扩建项目_01_受理公告或公示版\06_六、结论.md,1,135
E:\华南理工项目\环评文件汇总\01_GitHub项目与研究文档\eia-openclaw-sync-chen2026\05_QA测试集\人工核查_环评报告出处整理_20260715\环评报告文件_按问答顺序\PL126_佛山市顺德区天玛仕电子有限公司改扩建项目_01_受理公告或公示版.pdf,PL126_佛山市顺德区天玛仕电子有限公司改扩建项目_01_受理公告或公示版.pdf,.pdf,pdf_pypdf,7,附表附图附件,E:\华南理工项目\环评文件汇总\01_GitHub项目与研究文档\eia-openclaw-sync-chen2026\05_QA测试集\人工核查_环评报告出处整理_20260715\环评报告文件_按正文一级章节拆分_20260727\PL126_佛山市顺德区天玛仕电子有限公司改扩建项目_01_受理公告或公示版\07_附表附图附件.md,22,1881
E:\华南理工项目\环评文件汇总\01_GitHub项目与研究文档\eia-openclaw-sync-chen2026\05_QA测试集\人工核查_环评报告出处整理_20260715\环评报告文件_按问答顺序\PL126_佛山市顺德区天玛仕电子有限公司改扩建项目_01_受理公告或公示版.pdf,PL126_佛山市顺德区天玛仕电子有限公司改扩建项目_01_受理公告或公示版.pdf,.pdf,pdf_pypdf,8,一、建设项目基本情况,E:\华南理工项目\环评文件汇总\01_GitHub项目与研究文档\eia-openclaw-sync-chen2026\05_QA测试集\人工核查_环评报告出处整理_20260715\环评报告文件_按正文一级章节拆分_20260727\PL126_佛山市顺德区天玛仕电子有限公司改扩建项目_01_受理公告或公示版\08_一、建设项目基本情况.md,721,10525
E:\华南理工项目\环评文件汇总\01_GitHub项目与研究文档\eia-openclaw-sync-chen2026\05_QA测试集\人工核查_环评报告出处整理_20260715\环评报告文件_按问答顺序\PL126_佛山市顺德区天玛仕电子有限公司改扩建项目_01_受理公告或公示版.pdf,PL126_佛山市顺德区天玛仕电子有限公司改扩建项目_01_受理公告或公示版.pdf,.pdf,pdf_pypdf,9,二、建设项目工程分析,E:\华南理工项目\环评文件汇总\01_GitHub项目与研究文档\eia-openclaw-sync-chen2026\05_QA测试集\人工核查_环评报告出处整理_20260715\环评报告文件_按正文一级章节拆分_20260727\PL126_佛山市顺德区天玛仕电子有限公司改扩建项目_01_受理公告或公示版\09_二、建设项目工程分析.md,658,11265
E:\华南理工项目\环评文件汇总\01_GitHub项目与研究文档\eia-openclaw-sync-chen2026\05_QA测试集\人工核查_环评报告出处整理_20260715\环评报告文件_按问答顺序\PL126_佛山市顺德区天玛仕电子有限公司改扩建项目_01_受理公告或公示版.pdf,PL126_佛山市顺德区天玛仕电子有限公司改扩建项目_01_受理公告或公示版.pdf,.pdf,pdf_pypdf,10,三、区域环境质量现状、环境保护目标及评价标准,E:\华南理工项目\环评文件汇总\01_GitHub项目与研究文档\eia-openclaw-sync-chen2026\05_QA测试集\人工核查_环评报告出处整理_20260715\环评报告文件_按正文一级章节拆分_20260727\PL126_佛山市顺德区天玛仕电子有限公司改扩建项目_01_受理公告或公示版\10_三、区域环境质量现状、环境保护目标及评价标准.md,231,5367
E:\华南理工项目\环评文件汇总\01_GitHub项目与研究文档\eia-openclaw-sync-chen2026\05_QA测试集\人工核查_环评报告出处整理_20260715\环评报告文件_按问答顺序\PL126_佛山市顺德区天玛仕电子有限公司改扩建项目_01_受理公告或公示版.pdf,PL126_佛山市顺德区天玛仕电子有限公司改扩建项目_01_受理公告或公示版.pdf,.pdf,pdf_pypdf,11,四、主要环境影响和保护措施,E:\华南理工项目\环评文件汇总\01_GitHub项目与研究文档\eia-openclaw-sync-chen2026\05_QA测试集\人工核查_环评报告出处整理_20260715\环评报告文件_按正文一级章节拆分_20260727\PL126_佛山市顺德区天玛仕电子有限公司改扩建项目_01_受理公告或公示版\11_四、主要环境影响和保护措施.md,1077,21502
E:\华南理工项目\环评文件汇总\01_GitHub项目与研究文档\eia-openclaw-sync-chen2026\05_QA测试集\人工核查_环评报告出处整理_20260715\环评报告文件_按问答顺序\PL126_佛山市顺德区天玛仕电子有限公司改扩建项目_01_受理公告或公示版.pdf,PL126_佛山市顺德区天玛仕电子有限公司改扩建项目_01_受理公告或公示版.pdf,.pdf,pdf_pypdf,12,五、环境保护措施监督检查清单,E:\华南理工项目\环评文件汇总\01_GitHub项目与研究文档\eia-openclaw-sync-chen2026\05_QA测试集\人工核查_环评报告出处整理_20260715\环评报告文件_按正文一级章节拆分_20260727\PL126_佛山市顺德区天玛仕电子有限公司改扩建项目_01_受理公告或公示版\12_五、环境保护措施监督检查清单.md,149,2210
E:\华南理工项目\环评文件汇总\01_GitHub项目与研究文档\eia-openclaw-sync-chen2026\05_QA测试集\人工核查_环评报告出处整理_20260715\环评报告文件_按问答顺序\PL126_佛山市顺德区天玛仕电子有限公司改扩建项目_01_受理公告或公示版.pdf,PL126_佛山市顺德区天玛仕电子有限公司改扩建项目_01_受理公告或公示版.pdf,.pdf,pdf_pypdf,13,六、结论,E:\华南理工项目\环评文件汇总\01_GitHub项目与研究文档\eia-openclaw-sync-chen2026\05_QA测试集\人工核查_环评报告出处整理_20260715\环评报告文件_按正文一级章节拆分_20260727\PL126_佛山市顺德区天玛仕电子有限公司改扩建项目_01_受理公告或公示版\13_六、结论.md,6,142
E:\华南理工项目\环评文件汇总\01_GitHub项目与研究文档\eia-openclaw-sync-chen2026\05_QA测试集\人工核查_环评报告出处整理_20260715\环评报告文件_按问答顺序\PL126_佛山市顺德区天玛仕电子有限公司改扩建项目_01_受理公告或公示版.pdf,PL126_佛山市顺德区天玛仕电子有限公司改扩建项目_01_受理公告或公示版.pdf,.pdf,pdf_pypdf,14,附表附图附件,E:\华南理工项目\环评文件汇总\01_GitHub项目与研究文档\eia-openclaw-sync-chen2026\05_QA测试集\人工核查_环评报告出处整理_20260715\环评报告文件_按正文一级章节拆分_20260727\PL126_佛山市顺德区天玛仕电子有限公司改扩建项目_01_受理公告或公示版\14_附表附图附件.md,152,2169
E:\华南理工项目\环评文件汇总\01_GitHub项目与研究文档\eia-openclaw-sync-chen2026\05_QA测试集\人工核查_环评报告出处整理_20260715\环评报告文件_按问答顺序\PL127_佛山市昇汇包装材料有限公司新建项目_01_受理公告或公示版.pdf,PL127_佛山市昇汇包装材料有限公司新建项目_01_受理公告或公示版.pdf,.pdf,pdf_pypdf,1,封面及目录,E:\华南理工项目\环评文件汇总\01_GitHub项目与研究文档\eia-openclaw-sync-chen2026\05_QA测试集\人工核查_环评报告出处整理_20260715\环评报告文件_按正文一级章节拆分_20260727\PL127_佛山市昇汇包装材料有限公司新建项目_01_受理公告或公示版\01_封面及目录.md,2,24
E:\华南理工项目\环评文件汇总\01_GitHub项目与研究文档\eia-openclaw-sync-chen2026\05_QA测试集\人工核查_环评报告出处整理_20260715\环评报告文件_按问答顺序\PL127_佛山市昇汇包装材料有限公司新建项目_01_受理公告或公示版.pdf,PL127_佛山市昇汇包装材料有限公司新建项目_01_受理公告或公示版.pdf,.pdf,pdf_pypdf,2,一、建设项目基本情况 ........................................................................................................ 1,E:\华南理工项目\环评文件汇总\01_GitHub项目与研究文档\eia-openclaw-sync-chen2026\05_QA测试集\人工核查_环评报告出处整理_20260715\环评报告文件_按正文一级章节拆分_20260727\PL127_佛山市昇汇包装材料有限公司新建项目_01_受理公告或公示版\02_一、建设项目基本情况.md,1,118
E:\华南理工项目\环评文件汇总\01_GitHub项目与研究文档\eia-openclaw-sync-chen2026\05_QA测试集\人工核查_环评报告出处整理_20260715\环评报告文件_按问答顺序\PL127_佛山市昇汇包装材料有限公司新建项目_01_受理公告或公示版.pdf,PL127_佛山市昇汇包装材料有限公司新建项目_01_受理公告或公示版.pdf,.pdf,pdf_pypdf,3,二、建设项目工程分析 .......................................................................................................11,E:\华南理工项目\环评文件汇总\01_GitHub项目与研究文档\eia-openclaw-sync-chen2026\05_QA测试集\人工核查_环评报告出处整理_20260715\环评报告文件_按正文一级章节拆分_20260727\PL127_佛山市昇汇包装材料有限公司新建项目_01_受理公告或公示版\03_二、建设项目工程分析.md,2,198
E:\华南理工项目\环评文件汇总\01_GitHub项目与研究文档\eia-openclaw-sync-chen2026\05_QA测试集\人工核查_环评报告出处整理_20260715\环评报告文件_按问答顺序\PL127_佛山市昇汇包装材料有限公司新建项目_01_受理公告或公示版.pdf,PL127_佛山市昇汇包装材料有限公司新建项目_01_受理公告或公示版.pdf,.pdf,pdf_pypdf,4,四、主要环境影响和保护措施 .......................................................................................... 26,E:\华南理工项目\环评文件汇总\01_GitHub项目与研究文档\eia-openclaw-sync-chen2026\05_QA测试集\人工核查_环评报告出处整理_20260715\环评报告文件_按正文一级章节拆分_20260727\PL127_佛山市昇汇包装材料有限公司新建项目_01_受理公告或公示版\04_四、主要环境影响和保护措施.md,1,108
E:\华南理工项目\环评文件汇总\01_GitHub项目与研究文档\eia-openclaw-sync-chen2026\05_QA测试集\人工核查_环评报告出处整理_20260715\环评报告文件_按问答顺序\PL127_佛山市昇汇包装材料有限公司新建项目_01_受理公告或公示版.pdf,PL127_佛山市昇汇包装材料有限公司新建项目_01_受理公告或公示版.pdf,.pdf,pdf_pypdf,5,五、环境保护措施监督检查清单 ...................................................................................... 48,E:\华南理工项目\环评文件汇总\01_GitHub项目与研究文档\eia-openclaw-sync-chen2026\05_QA测试集\人工核查_环评报告出处整理_20260715\环评报告文件_按正文一级章节拆分_20260727\PL127_佛山市昇汇包装材料有限公司新建项目_01_受理公告或公示版\05_五、环境保护措施监督检查清单.md,1,105
E:\华南理工项目\环评文件汇总\01_GitHub项目与研究文档\eia-openclaw-sync-chen2026\05_QA测试集\人工核查_环评报告出处整理_20260715\环评报告文件_按问答顺序\PL127_佛山市昇汇包装材料有限公司新建项目_01_受理公告或公示版.pdf,PL127_佛山市昇汇包装材料有限公司新建项目_01_受理公告或公示版.pdf,.pdf,pdf_pypdf,6,六、结论 .............................................................................................................................. 50,E:\华南理工项目\环评文件汇总\01_GitHub项目与研究文档\eia-openclaw-sync-chen2026\05_QA测试集\人工核查_环评报告出处整理_20260715\环评报告文件_按正文一级章节拆分_20260727\PL127_佛山市昇汇包装材料有限公司新建项目_01_受理公告或公示版\06_六、结论.md,1,135
E:\华南理工项目\环评文件汇总\01_GitHub项目与研究文档\eia-openclaw-sync-chen2026\05_QA测试集\人工核查_环评报告出处整理_20260715\环评报告文件_按问答顺序\PL127_佛山市昇汇包装材料有限公司新建项目_01_受理公告或公示版.pdf,PL127_佛山市昇汇包装材料有限公司新建项目_01_受理公告或公示版.pdf,.pdf,pdf_pypdf,7,附表附图附件,E:\华南理工项目\环评文件汇总\01_GitHub项目与研究文档\eia-openclaw-sync-chen2026\05_QA测试集\人工核查_环评报告出处整理_20260715\环评报告文件_按正文一级章节拆分_20260727\PL127_佛山市昇汇包装材料有限公司新建项目_01_受理公告或公示版\07_附表附图附件.md,22,348
E:\华南理工项目\环评文件汇总\01_GitHub项目与研究文档\eia-openclaw-sync-chen2026\05_QA测试集\人工核查_环评报告出处整理_20260715\环评报告文件_按问答顺序\PL127_佛山市昇汇包装材料有限公司新建项目_01_受理公告或公示版.pdf,PL127_佛山市昇汇包装材料有限公司新建项目_01_受理公告或公示版.pdf,.pdf,pdf_pypdf,8,一、建设项目基本情况,E:\华南理工项目\环评文件汇总\01_GitHub项目与研究文档\eia-openclaw-sync-chen2026\05_QA测试集\人工核查_环评报告出处整理_20260715\环评报告文件_按正文一级章节拆分_20260727\PL127_佛山市昇汇包装材料有限公司新建项目_01_受理公告或公示版\08_一、建设项目基本情况.md,743,10872
E:\华南理工项目\环评文件汇总\01_GitHub项目与研究文档\eia-openclaw-sync-chen2026\05_QA测试集\人工核查_环评报告出处整理_20260715\环评报告文件_按问答顺序\PL127_佛山市昇汇包装材料有限公司新建项目_01_受理公告或公示版.pdf,PL127_佛山市昇汇包装材料有限公司新建项目_01_受理公告或公示版.pdf,.pdf,pdf_pypdf,9,二、建设项目工程分析,E:\华南理工项目\环评文件汇总\01_GitHub项目与研究文档\eia-openclaw-sync-chen2026\05_QA测试集\人工核查_环评报告出处整理_20260715\环评报告文件_按正文一级章节拆分_20260727\PL127_佛山市昇汇包装材料有限公司新建项目_01_受理公告或公示版\09_二、建设项目工程分析.md,455,8409
E:\华南理工项目\环评文件汇总\01_GitHub项目与研究文档\eia-openclaw-sync-chen2026\05_QA测试集\人工核查_环评报告出处整理_20260715\环评报告文件_按问答顺序\PL127_佛山市昇汇包装材料有限公司新建项目_01_受理公告或公示版.pdf,PL127_佛山市昇汇包装材料有限公司新建项目_01_受理公告或公示版.pdf,.pdf,pdf_pypdf,10,三、区域环境质量现状、环境保护目标及评价标准,E:\华南理工项目\环评文件汇总\01_GitHub项目与研究文档\eia-openclaw-sync-chen2026\05_QA测试集\人工核查_环评报告出处整理_20260715\环评报告文件_按正文一级章节拆分_20260727\PL127_佛山市昇汇包装材料有限公司新建项目_01_受理公告或公示版\10_三、区域环境质量现状、环境保护目标及评价标准.md,314,6515
E:\华南理工项目\环评文件汇总\01_GitHub项目与研究文档\eia-openclaw-sync-chen2026\05_QA测试集\人工核查_环评报告出处整理_20260715\环评报告文件_按问答顺序\PL127_佛山市昇汇包装材料有限公司新建项目_01_受理公告或公示版.pdf,PL127_佛山市昇汇包装材料有限公司新建项目_01_受理公告或公示版.pdf,.pdf,pdf_pypdf,11,四、主要环境影响和保护措施,E:\华南理工项目\环评文件汇总\01_GitHub项目与研究文档\eia-openclaw-sync-chen2026\05_QA测试集\人工核查_环评报告出处整理_20260715\环评报告文件_按正文一级章节拆分_20260727\PL127_佛山市昇汇包装材料有限公司新建项目_01_受理公告或公示版\11_四、主要环境影响和保护措施.md,1227,22061
E:\华南理工项目\环评文件汇总\01_GitHub项目与研究文档\eia-openclaw-sync-chen2026\05_QA测试集\人工核查_环评报告出处整理_20260715\环评报告文件_按问答顺序\PL127_佛山市昇汇包装材料有限公司新建项目_01_受理公告或公示版.pdf,PL127_佛山市昇汇包装材料有限公司新建项目_01_受理公告或公示版.pdf,.pdf,pdf_pypdf,12,五、环境保护措施监督检查清单,E:\华南理工项目\环评文件汇总\01_GitHub项目与研究文档\eia-openclaw-sync-chen2026\05_QA测试集\人工核查_环评报告出处整理_20260715\环评报告文件_按正文一级章节拆分_20260727\PL127_佛山市昇汇包装材料有限公司新建项目_01_受理公告或公示版\12_五、环境保护措施监督检查清单.md,150,2009
E:\华南理工项目\环评文件汇总\01_GitHub项目与研究文档\eia-openclaw-sync-chen2026\05_QA测试集\人工核查_环评报告出处整理_20260715\环评报告文件_按问答顺序\PL127_佛山市昇汇包装材料有限公司新建项目_01_受理公告或公示版.pdf,PL127_佛山市昇汇包装材料有限公司新建项目_01_受理公告或公示版.pdf,.pdf,pdf_pypdf,13,六、结论,E:\华南理工项目\环评文件汇总\01_GitHub项目与研究文档\eia-openclaw-sync-chen2026\05_QA测试集\人工核查_环评报告出处整理_20260715\环评报告文件_按正文一级章节拆分_20260727\PL127_佛山市昇汇包装材料有限公司新建项目_01_受理公告或公示版\13_六、结论.md,6,160
E:\华南理工项目\环评文件汇总\01_GitHub项目与研究文档\eia-openclaw-sync-chen2026\05_QA测试集\人工核查_环评报告出处整理_20260715\环评报告文件_按问答顺序\PL127_佛山市昇汇包装材料有限公司新建项目_01_受理公告或公示版.pdf,PL127_佛山市昇汇包装材料有限公司新建项目_01_受理公告或公示版.pdf,.pdf,pdf_pypdf,14,附表附图附件,E:\华南理工项目\环评文件汇总\01_GitHub项目与研究文档\eia-openclaw-sync-chen2026\05_QA测试集\人工核查_环评报告出处整理_20260715\环评报告文件_按正文一级章节拆分_20260727\PL127_佛山市昇汇包装材料有限公司新建项目_01_受理公告或公示版\14_附表附图附件.md,86,1498
E:\华南理工项目\环评文件汇总\01_GitHub项目与研究文档\eia-openclaw-sync-chen2026\05_QA测试集\人工核查_环评报告出处整理_20260715\环评报告文件_按问答顺序\PL128_佛山市洲友尚包装材料有限公司新建项目_01_受理公告或公示版.pdf,PL128_佛山市洲友尚包装材料有限公司新建项目_01_受理公告或公示版.pdf,.pdf,pdf_pypdf,1,封面及目录,E:\华南理工项目\环评文件汇总\01_GitHub项目与研究文档\eia-openclaw-sync-chen2026\05_QA测试集\人工核查_环评报告出处整理_20260715\环评报告文件_按正文一级章节拆分_20260727\PL128_佛山市洲友尚包装材料有限公司新建项目_01_受理公告或公示版\01_封面及目录.md,2,25
E:\华南理工项目\环评文件汇总\01_GitHub项目与研究文档\eia-openclaw-sync-chen2026\05_QA测试集\人工核查_环评报告出处整理_20260715\环评报告文件_按问答顺序\PL128_佛山市洲友尚包装材料有限公司新建项目_01_受理公告或公示版.pdf,PL128_佛山市洲友尚包装材料有限公司新建项目_01_受理公告或公示版.pdf,.pdf,pdf_pypdf,2,一、建设项目基本情况 .................................................................................................................................. 1,E:\华南理工项目\环评文件汇总\01_GitHub项目与研究文档\eia-openclaw-sync-chen2026\05_QA测试集\人工核查_环评报告出处整理_20260715\环评报告文件_按正文一级章节拆分_20260727\PL128_佛山市洲友尚包装材料有限公司新建项目_01_受理公告或公示版\02_一、建设项目基本情况.md,1,144
E:\华南理工项目\环评文件汇总\01_GitHub项目与研究文档\eia-openclaw-sync-chen2026\05_QA测试集\人工核查_环评报告出处整理_20260715\环评报告文件_按问答顺序\PL128_佛山市洲友尚包装材料有限公司新建项目_01_受理公告或公示版.pdf,PL128_佛山市洲友尚包装材料有限公司新建项目_01_受理公告或公示版.pdf,.pdf,pdf_pypdf,3,二、建设项目工程分析 ................................................................................................................................ 13,E:\华南理工项目\环评文件汇总\01_GitHub项目与研究文档\eia-openclaw-sync-chen2026\05_QA测试集\人工核查_环评报告出处整理_20260715\环评报告文件_按正文一级章节拆分_20260727\PL128_佛山市洲友尚包装材料有限公司新建项目_01_受理公告或公示版\03_二、建设项目工程分析.md,3,386
E:\华南理工项目\环评文件汇总\01_GitHub项目与研究文档\eia-openclaw-sync-chen2026\05_QA测试集\人工核查_环评报告出处整理_20260715\环评报告文件_按问答顺序\PL128_佛山市洲友尚包装材料有限公司新建项目_01_受理公告或公示版.pdf,PL128_佛山市洲友尚包装材料有限公司新建项目_01_受理公告或公示版.pdf,.pdf,pdf_pypdf,4,五、环境保护措施监督检查清单 ................................................................................................................ 60,E:\华南理工项目\环评文件汇总\01_GitHub项目与研究文档\eia-openclaw-sync-chen2026\05_QA测试集\人工核查_环评报告出处整理_20260715\环评报告文件_按正文一级章节拆分_20260727\PL128_佛山市洲友尚包装材料有限公司新建项目_01_受理公告或公示版\04_五、环境保护措施监督检查清单.md,1,131
E:\华南理工项目\环评文件汇总\01_GitHub项目与研究文档\eia-openclaw-sync-chen2026\05_QA测试集\人工核查_环评报告出处整理_20260715\环评报告文件_按问答顺序\PL128_佛山市洲友尚包装材料有限公司新建项目_01_受理公告或公示版.pdf,PL128_佛山市洲友尚包装材料有限公司新建项目_01_受理公告或公示版.pdf,.pdf,pdf_pypdf,5,六、结论 ........................................................................................................................................................ 63,E:\华南理工项目\环评文件汇总\01_GitHub项目与研究文档\eia-openclaw-sync-chen2026\05_QA测试集\人工核查_环评报告出处整理_20260715\环评报告文件_按正文一级章节拆分_20260727\PL128_佛山市洲友尚包装材料有限公司新建项目_01_受理公告或公示版\05_六、结论.md,1,161
E:\华南理工项目\环评文件汇总\01_GitHub项目与研究文档\eia-openclaw-sync-chen2026\05_QA测试集\人工核查_环评报告出处整理_20260715\环评报告文件_按问答顺序\PL128_佛山市洲友尚包装材料有限公司新建项目_01_受理公告或公示版.pdf,PL128_佛山市洲友尚包装材料有限公司新建项目_01_受理公告或公示版.pdf,.pdf,pdf_pypdf,6,附表附图附件,E:\华南理工项目\环评文件汇总\01_GitHub项目与研究文档\eia-openclaw-sync-chen2026\05_QA测试集\人工核查_环评报告出处整理_20260715\环评报告文件_按正文一级章节拆分_20260727\PL128_佛山市洲友尚包装材料有限公司新建项目_01_受理公告或公示版\06_附表附图附件.md,23,362
E:\华南理工项目\环评文件汇总\01_GitHub项目与研究文档\eia-openclaw-sync-chen2026\05_QA测试集\人工核查_环评报告出处整理_20260715\环评报告文件_按问答顺序\PL128_佛山市洲友尚包装材料有限公司新建项目_01_受理公告或公示版.pdf,PL128_佛山市洲友尚包装材料有限公司新建项目_01_受理公告或公示版.pdf,.pdf,pdf_pypdf,7,一、建设项目基本情况,E:\华南理工项目\环评文件汇总\01_GitHub项目与研究文档\eia-openclaw-sync-chen2026\05_QA测试集\人工核查_环评报告出处整理_20260715\环评报告文件_按正文一级章节拆分_20260727\PL128_佛山市洲友尚包装材料有限公司新建项目_01_受理公告或公示版\07_一、建设项目基本情况.md,816,12699
E:\华南理工项目\环评文件汇总\01_GitHub项目与研究文档\eia-openclaw-sync-chen2026\05_QA测试集\人工核查_环评报告出处整理_20260715\环评报告文件_按问答顺序\PL128_佛山市洲友尚包装材料有限公司新建项目_01_受理公告或公示版.pdf,PL128_佛山市洲友尚包装材料有限公司新建项目_01_受理公告或公示版.pdf,.pdf,pdf_pypdf,8,二、建设项目工程分析,E:\华南理工项目\环评文件汇总\01_GitHub项目与研究文档\eia-openclaw-sync-chen2026\05_QA测试集\人工核查_环评报告出处整理_20260715\环评报告文件_按正文一级章节拆分_20260727\PL128_佛山市洲友尚包装材料有限公司新建项目_01_受理公告或公示版\08_二、建设项目工程分析.md,452,8602
E:\华南理工项目\环评文件汇总\01_GitHub项目与研究文档\eia-openclaw-sync-chen2026\05_QA测试集\人工核查_环评报告出处整理_20260715\环评报告文件_按问答顺序\PL128_佛山市洲友尚包装材料有限公司新建项目_01_受理公告或公示版.pdf,PL128_佛山市洲友尚包装材料有限公司新建项目_01_受理公告或公示版.pdf,.pdf,pdf_pypdf,9,三、区域环境质量现状、环境保护目标及评价标准,E:\华南理工项目\环评文件汇总\01_GitHub项目与研究文档\eia-openclaw-sync-chen2026\05_QA测试集\人工核查_环评报告出处整理_20260715\环评报告文件_按正文一级章节拆分_20260727\PL128_佛山市洲友尚包装材料有限公司新建项目_01_受理公告或公示版\09_三、区域环境质量现状、环境保护目标及评价标准.md,1539,28324
E:\华南理工项目\环评文件汇总\01_GitHub项目与研究文档\eia-openclaw-sync-chen2026\05_QA测试集\人工核查_环评报告出处整理_20260715\环评报告文件_按问答顺序\PL128_佛山市洲友尚包装材料有限公司新建项目_01_受理公告或公示版.pdf,PL128_佛山市洲友尚包装材料有限公司新建项目_01_受理公告或公示版.pdf,.pdf,pdf_pypdf,10,附表附图附件,E:\华南理工项目\环评文件汇总\01_GitHub项目与研究文档\eia-openclaw-sync-chen2026\05_QA测试集\人工核查_环评报告出处整理_20260715\环评报告文件_按正文一级章节拆分_20260727\PL128_佛山市洲友尚包装材料有限公司新建项目_01_受理公告或公示版\10_附表附图附件.md,331,5201
E:\华南理工项目\环评文件汇总\01_GitHub项目与研究文档\eia-openclaw-sync-chen2026\05_QA测试集\人工核查_环评报告出处整理_20260715\环评报告文件_按问答顺序\PL128_佛山市洲友尚包装材料有限公司新建项目_01_受理公告或公示版.pdf,PL128_佛山市洲友尚包装材料有限公司新建项目_01_受理公告或公示版.pdf,.pdf,pdf_pypdf,11,五、环境保护措施监督检查清单,E:\华南理工项目\环评文件汇总\01_GitHub项目与研究文档\eia-openclaw-sync-chen2026\05_QA测试集\人工核查_环评报告出处整理_20260715\环评报告文件_按正文一级章节拆分_20260727\PL128_佛山市洲友尚包装材料有限公司新建项目_01_受理公告或公示版\11_五、环境保护措施监督检查清单.md,176,2829
E:\华南理工项目\环评文件汇总\01_GitHub项目与研究文档\eia-openclaw-sync-chen2026\05_QA测试集\人工核查_环评报告出处整理_20260715\环评报告文件_按问答顺序\PL128_佛山市洲友尚包装材料有限公司新建项目_01_受理公告或公示版.pdf,PL128_佛山市洲友尚包装材料有限公司新建项目_01_受理公告或公示版.pdf,.pdf,pdf_pypdf,12,六、结论,E:\华南理工项目\环评文件汇总\01_GitHub项目与研究文档\eia-openclaw-sync-chen2026\05_QA测试集\人工核查_环评报告出处整理_20260715\环评报告文件_按正文一级章节拆分_20260727\PL128_佛山市洲友尚包装材料有限公司新建项目_01_受理公告或公示版\12_六、结论.md,8,208
E:\华南理工项目\环评文件汇总\01_GitHub项目与研究文档\eia-openclaw-sync-chen2026\05_QA测试集\人工核查_环评报告出处整理_20260715\环评报告文件_按问答顺序\PL128_佛山市洲友尚包装材料有限公司新建项目_01_受理公告或公示版.pdf,PL128_佛山市洲友尚包装材料有限公司新建项目_01_受理公告或公示版.pdf,.pdf,pdf_pypdf,13,附表附图附件,E:\华南理工项目\环评文件汇总\01_GitHub项目与研究文档\eia-openclaw-sync-chen2026\05_QA测试集\人工核查_环评报告出处整理_20260715\环评报告文件_按正文一级章节拆分_20260727\PL128_佛山市洲友尚包装材料有限公司新建项目_01_受理公告或公示版\13_附表附图附件.md,111,1591
E:\华南理工项目\环评文件汇总\01_GitHub项目与研究文档\eia-openclaw-sync-chen2026\05_QA测试集\人工核查_环评报告出处整理_20260715\环评报告文件_按问答顺序\PL130_佛山万美塑料制品有限公司迁扩建项目_01_受理公告或公示版.pdf,PL130_佛山万美塑料制品有限公司迁扩建项目_01_受理公告或公示版.pdf,.pdf,pdf_pypdf,1,封面及目录,E:\华南理工项目\环评文件汇总\01_GitHub项目与研究文档\eia-openclaw-sync-chen2026\05_QA测试集\人工核查_环评报告出处整理_20260715\环评报告文件_按正文一级章节拆分_20260727\PL130_佛山万美塑料制品有限公司迁扩建项目_01_受理公告或公示版\01_封面及目录.md,3,135
E:\华南理工项目\环评文件汇总\01_GitHub项目与研究文档\eia-openclaw-sync-chen2026\05_QA测试集\人工核查_环评报告出处整理_20260715\环评报告文件_按问答顺序\PL130_佛山万美塑料制品有限公司迁扩建项目_01_受理公告或公示版.pdf,PL130_佛山万美塑料制品有限公司迁扩建项目_01_受理公告或公示版.pdf,.pdf,pdf_pypdf,2,一、建设项目基本情况 ....................................................................................................................... 1,E:\华南理工项目\环评文件汇总\01_GitHub项目与研究文档\eia-openclaw-sync-chen2026\05_QA测试集\人工核查_环评报告出处整理_20260715\环评报告文件_按正文一级章节拆分_20260727\PL130_佛山万美塑料制品有限公司迁扩建项目_01_受理公告或公示版\02_一、建设项目基本情况.md,1,133
E:\华南理工项目\环评文件汇总\01_GitHub项目与研究文档\eia-openclaw-sync-chen2026\05_QA测试集\人工核查_环评报告出处整理_20260715\环评报告文件_按问答顺序\PL130_佛山万美塑料制品有限公司迁扩建项目_01_受理公告或公示版.pdf,PL130_佛山万美塑料制品有限公司迁扩建项目_01_受理公告或公示版.pdf,.pdf,pdf_pypdf,3,二、建设项目工程分析 ......................................................................................................................11,E:\华南理工项目\环评文件汇总\01_GitHub项目与研究文档\eia-openclaw-sync-chen2026\05_QA测试集\人工核查_环评报告出处整理_20260715\环评报告文件_按正文一级章节拆分_20260727\PL130_佛山万美塑料制品有限公司迁扩建项目_01_受理公告或公示版\03_二、建设项目工程分析.md,2,228
E:\华南理工项目\环评文件汇总\01_GitHub项目与研究文档\eia-openclaw-sync-chen2026\05_QA测试集\人工核查_环评报告出处整理_20260715\环评报告文件_按问答顺序\PL130_佛山万美塑料制品有限公司迁扩建项目_01_受理公告或公示版.pdf,PL130_佛山万美塑料制品有限公司迁扩建项目_01_受理公告或公示版.pdf,.pdf,pdf_pypdf,4,四、主要环境影响和保护措施 ......................................................................................................... 36,E:\华南理工项目\环评文件汇总\01_GitHub项目与研究文档\eia-openclaw-sync-chen2026\05_QA测试集\人工核查_环评报告出处整理_20260715\环评报告文件_按正文一级章节拆分_20260727\PL130_佛山万美塑料制品有限公司迁扩建项目_01_受理公告或公示版\04_四、主要环境影响和保护措施.md,1,123
E:\华南理工项目\环评文件汇总\01_GitHub项目与研究文档\eia-openclaw-sync-chen2026\05_QA测试集\人工核查_环评报告出处整理_20260715\环评报告文件_按问答顺序\PL130_佛山万美塑料制品有限公司迁扩建项目_01_受理公告或公示版.pdf,PL130_佛山万美塑料制品有限公司迁扩建项目_01_受理公告或公示版.pdf,.pdf,pdf_pypdf,5,五、环境保护措施监督检查清单 ..................................................................................................... 67,E:\华南理工项目\环评文件汇总\01_GitHub项目与研究文档\eia-openclaw-sync-chen2026\05_QA测试集\人工核查_环评报告出处整理_20260715\环评报告文件_按正文一级章节拆分_20260727\PL130_佛山万美塑料制品有限公司迁扩建项目_01_受理公告或公示版\05_五、环境保护措施监督检查清单.md,1,120
E:\华南理工项目\环评文件汇总\01_GitHub项目与研究文档\eia-openclaw-sync-chen2026\05_QA测试集\人工核查_环评报告出处整理_20260715\环评报告文件_按问答顺序\PL130_佛山万美塑料制品有限公司迁扩建项目_01_受理公告或公示版.pdf,PL130_佛山万美塑料制品有限公司迁扩建项目_01_受理公告或公示版.pdf,.pdf,pdf_pypdf,6,六、结论 ............................................................................................................................................. 69,E:\华南理工项目\环评文件汇总\01_GitHub项目与研究文档\eia-openclaw-sync-chen2026\05_QA测试集\人工核查_环评报告出处整理_20260715\环评报告文件_按正文一级章节拆分_20260727\PL130_佛山万美塑料制品有限公司迁扩建项目_01_受理公告或公示版\06_六、结论.md,1,150
E:\华南理工项目\环评文件汇总\01_GitHub项目与研究文档\eia-openclaw-sync-chen2026\05_QA测试集\人工核查_环评报告出处整理_20260715\环评报告文件_按问答顺序\PL130_佛山万美塑料制品有限公司迁扩建项目_01_受理公告或公示版.pdf,PL130_佛山万美塑料制品有限公司迁扩建项目_01_受理公告或公示版.pdf,.pdf,pdf_pypdf,7,附表附图附件,E:\华南理工项目\环评文件汇总\01_GitHub项目与研究文档\eia-openclaw-sync-chen2026\05_QA测试集\人工核查_环评报告出处整理_20260715\环评报告文件_按正文一级章节拆分_20260727\PL130_佛山万美塑料制品有限公司迁扩建项目_01_受理公告或公示版\07_附表附图附件.md,22,2499
E:\华南理工项目\环评文件汇总\01_GitHub项目与研究文档\eia-openclaw-sync-chen2026\05_QA测试集\人工核查_环评报告出处整理_20260715\环评报告文件_按问答顺序\PL130_佛山万美塑料制品有限公司迁扩建项目_01_受理公告或公示版.pdf,PL130_佛山万美塑料制品有限公司迁扩建项目_01_受理公告或公示版.pdf,.pdf,pdf_pypdf,8,一、建设项目基本情况,E:\华南理工项目\环评文件汇总\01_GitHub项目与研究文档\eia-openclaw-sync-chen2026\05_QA测试集\人工核查_环评报告出处整理_20260715\环评报告文件_按正文一级章节拆分_20260727\PL130_佛山万美塑料制品有限公司迁扩建项目_01_受理公告或公示版\08_一、建设项目基本情况.md,562,12723
E:\华南理工项目\环评文件汇总\01_GitHub项目与研究文档\eia-openclaw-sync-chen2026\05_QA测试集\人工核查_环评报告出处整理_20260715\环评报告文件_按问答顺序\PL130_佛山万美塑料制品有限公司迁扩建项目_01_受理公告或公示版.pdf,PL130_佛山万美塑料制品有限公司迁扩建项目_01_受理公告或公示版.pdf,.pdf,pdf_pypdf,9,二、建设项目工程分析,E:\华南理工项目\环评文件汇总\01_GitHub项目与研究文档\eia-openclaw-sync-chen2026\05_QA测试集\人工核查_环评报告出处整理_20260715\环评报告文件_按正文一级章节拆分_20260727\PL130_佛山万美塑料制品有限公司迁扩建项目_01_受理公告或公示版\09_二、建设项目工程分析.md,810,13549
E:\华南理工项目\环评文件汇总\01_GitHub项目与研究文档\eia-openclaw-sync-chen2026\05_QA测试集\人工核查_环评报告出处整理_20260715\环评报告文件_按问答顺序\PL130_佛山万美塑料制品有限公司迁扩建项目_01_受理公告或公示版.pdf,PL130_佛山万美塑料制品有限公司迁扩建项目_01_受理公告或公示版.pdf,.pdf,pdf_pypdf,10,三、区域环境质量现状、环境保护目标及评价标准,E:\华南理工项目\环评文件汇总\01_GitHub项目与研究文档\eia-openclaw-sync-chen2026\05_QA测试集\人工核查_环评报告出处整理_20260715\环评报告文件_按正文一级章节拆分_20260727\PL130_佛山万美塑料制品有限公司迁扩建项目_01_受理公告或公示版\10_三、区域环境质量现状、环境保护目标及评价标准.md,284,5573
E:\华南理工项目\环评文件汇总\01_GitHub项目与研究文档\eia-openclaw-sync-chen2026\05_QA测试集\人工核查_环评报告出处整理_20260715\环评报告文件_按问答顺序\PL130_佛山万美塑料制品有限公司迁扩建项目_01_受理公告或公示版.pdf,PL130_佛山万美塑料制品有限公司迁扩建项目_01_受理公告或公示版.pdf,.pdf,pdf_pypdf,11,四、主要环境影响和保护措施,E:\华南理工项目\环评文件汇总\01_GitHub项目与研究文档\eia-openclaw-sync-chen2026\05_QA测试集\人工核查_环评报告出处整理_20260715\环评报告文件_按正文一级章节拆分_20260727\PL130_佛山万美塑料制品有限公司迁扩建项目_01_受理公告或公示版\11_四、主要环境影响和保护措施.md,1236,25758
E:\华南理工项目\环评文件汇总\01_GitHub项目与研究文档\eia-openclaw-sync-chen2026\05_QA测试集\人工核查_环评报告出处整理_20260715\环评报告文件_按问答顺序\PL130_佛山万美塑料制品有限公司迁扩建项目_01_受理公告或公示版.pdf,PL130_佛山万美塑料制品有限公司迁扩建项目_01_受理公告或公示版.pdf,.pdf,pdf_pypdf,12,五、环境保护措施监督检查清单,E:\华南理工项目\环评文件汇总\01_GitHub项目与研究文档\eia-openclaw-sync-chen2026\05_QA测试集\人工核查_环评报告出处整理_20260715\环评报告文件_按正文一级章节拆分_20260727\PL130_佛山万美塑料制品有限公司迁扩建项目_01_受理公告或公示版\12_五、环境保护措施监督检查清单.md,124,1896
E:\华南理工项目\环评文件汇总\01_GitHub项目与研究文档\eia-openclaw-sync-chen2026\05_QA测试集\人工核查_环评报告出处整理_20260715\环评报告文件_按问答顺序\PL130_佛山万美塑料制品有限公司迁扩建项目_01_受理公告或公示版.pdf,PL130_佛山万美塑料制品有限公司迁扩建项目_01_受理公告或公示版.pdf,.pdf,pdf_pypdf,13,六、结论,E:\华南理工项目\环评文件汇总\01_GitHub项目与研究文档\eia-openclaw-sync-chen2026\05_QA测试集\人工核查_环评报告出处整理_20260715\环评报告文件_按正文一级章节拆分_20260727\PL130_佛山万美塑料制品有限公司迁扩建项目_01_受理公告或公示版\13_六、结论.md,7,167
E:\华南理工项目\环评文件汇总\01_GitHub项目与研究文档\eia-openclaw-sync-chen2026\05_QA测试集\人工核查_环评报告出处整理_20260715\环评报告文件_按问答顺序\PL130_佛山万美塑料制品有限公司迁扩建项目_01_受理公告或公示版.pdf,PL130_佛山万美塑料制品有限公司迁扩建项目_01_受理公告或公示版.pdf,.pdf,pdf_pypdf,14,附表附图附件,E:\华南理工项目\环评文件汇总\01_GitHub项目与研究文档\eia-openclaw-sync-chen2026\05_QA测试集\人工核查_环评报告出处整理_20260715\环评报告文件_按正文一级章节拆分_20260727\PL130_佛山万美塑料制品有限公司迁扩建项目_01_受理公告或公示版\14_附表附图附件.md,116,1840
E:\华南理工项目\环评文件汇总\01_GitHub项目与研究文档\eia-openclaw-sync-chen2026\05_QA测试集\人工核查_环评报告出处整理_20260715\环评报告文件_按问答顺序\PL131_佛山市顺德区凯锦电器有限公司新建项目_01_受理公告或公示版.pdf,PL131_佛山市顺德区凯锦电器有限公司新建项目_01_受理公告或公示版.pdf,.pdf,pdf_pypdf,1,封面及目录,E:\华南理工项目\环评文件汇总\01_GitHub项目与研究文档\eia-openclaw-sync-chen2026\05_QA测试集\人工核查_环评报告出处整理_20260715\环评报告文件_按正文一级章节拆分_20260727\PL131_佛山市顺德区凯锦电器有限公司新建项目_01_受理公告或公示版\01_封面及目录.md,2,24
E:\华南理工项目\环评文件汇总\01_GitHub项目与研究文档\eia-openclaw-sync-chen2026\05_QA测试集\人工核查_环评报告出处整理_20260715\环评报告文件_按问答顺序\PL131_佛山市顺德区凯锦电器有限公司新建项目_01_受理公告或公示版.pdf,PL131_佛山市顺德区凯锦电器有限公司新建项目_01_受理公告或公示版.pdf,.pdf,pdf_pypdf,2,一、建设项目基本情况 ............................................................................................................ 1,E:\华南理工项目\环评文件汇总\01_GitHub项目与研究文档\eia-openclaw-sync-chen2026\05_QA测试集\人工核查_环评报告出处整理_20260715\环评报告文件_按正文一级章节拆分_20260727\PL131_佛山市顺德区凯锦电器有限公司新建项目_01_受理公告或公示版\02_一、建设项目基本情况.md,1,122
E:\华南理工项目\环评文件汇总\01_GitHub项目与研究文档\eia-openclaw-sync-chen2026\05_QA测试集\人工核查_环评报告出处整理_20260715\环评报告文件_按问答顺序\PL131_佛山市顺德区凯锦电器有限公司新建项目_01_受理公告或公示版.pdf,PL131_佛山市顺德区凯锦电器有限公司新建项目_01_受理公告或公示版.pdf,.pdf,pdf_pypdf,3,二、建设项目工程分析 .......................................................................................................... 11,E:\华南理工项目\环评文件汇总\01_GitHub项目与研究文档\eia-openclaw-sync-chen2026\05_QA测试集\人工核查_环评报告出处整理_20260715\环评报告文件_按正文一级章节拆分_20260727\PL131_佛山市顺德区凯锦电器有限公司新建项目_01_受理公告或公示版\03_二、建设项目工程分析.md,2,206
E:\华南理工项目\环评文件汇总\01_GitHub项目与研究文档\eia-openclaw-sync-chen2026\05_QA测试集\人工核查_环评报告出处整理_20260715\环评报告文件_按问答顺序\PL131_佛山市顺德区凯锦电器有限公司新建项目_01_受理公告或公示版.pdf,PL131_佛山市顺德区凯锦电器有限公司新建项目_01_受理公告或公示版.pdf,.pdf,pdf_pypdf,4,四、主要环境影响和保护措施 .............................................................................................. 24,E:\华南理工项目\环评文件汇总\01_GitHub项目与研究文档\eia-openclaw-sync-chen2026\05_QA测试集\人工核查_环评报告出处整理_20260715\环评报告文件_按正文一级章节拆分_20260727\PL131_佛山市顺德区凯锦电器有限公司新建项目_01_受理公告或公示版\04_四、主要环境影响和保护措施.md,1,112
E:\华南理工项目\环评文件汇总\01_GitHub项目与研究文档\eia-openclaw-sync-chen2026\05_QA测试集\人工核查_环评报告出处整理_20260715\环评报告文件_按问答顺序\PL131_佛山市顺德区凯锦电器有限公司新建项目_01_受理公告或公示版.pdf,PL131_佛山市顺德区凯锦电器有限公司新建项目_01_受理公告或公示版.pdf,.pdf,pdf_pypdf,5,五、环境保护措施监督检查清单 .......................................................................................... 43,E:\华南理工项目\环评文件汇总\01_GitHub项目与研究文档\eia-openclaw-sync-chen2026\05_QA测试集\人工核查_环评报告出处整理_20260715\环评报告文件_按正文一级章节拆分_20260727\PL131_佛山市顺德区凯锦电器有限公司新建项目_01_受理公告或公示版\05_五、环境保护措施监督检查清单.md,1,109
E:\华南理工项目\环评文件汇总\01_GitHub项目与研究文档\eia-openclaw-sync-chen2026\05_QA测试集\人工核查_环评报告出处整理_20260715\环评报告文件_按问答顺序\PL131_佛山市顺德区凯锦电器有限公司新建项目_01_受理公告或公示版.pdf,PL131_佛山市顺德区凯锦电器有限公司新建项目_01_受理公告或公示版.pdf,.pdf,pdf_pypdf,6,六、结论 .................................................................................................................................. 47,E:\华南理工项目\环评文件汇总\01_GitHub项目与研究文档\eia-openclaw-sync-chen2026\05_QA测试集\人工核查_环评报告出处整理_20260715\环评报告文件_按正文一级章节拆分_20260727\PL131_佛山市顺德区凯锦电器有限公司新建项目_01_受理公告或公示版\06_六、结论.md,1,139
E:\华南理工项目\环评文件汇总\01_GitHub项目与研究文档\eia-openclaw-sync-chen2026\05_QA测试集\人工核查_环评报告出处整理_20260715\环评报告文件_按问答顺序\PL131_佛山市顺德区凯锦电器有限公司新建项目_01_受理公告或公示版.pdf,PL131_佛山市顺德区凯锦电器有限公司新建项目_01_受理公告或公示版.pdf,.pdf,pdf_pypdf,7,附表附图附件,E:\华南理工项目\环评文件汇总\01_GitHub项目与研究文档\eia-openclaw-sync-chen2026\05_QA测试集\人工核查_环评报告出处整理_20260715\环评报告文件_按正文一级章节拆分_20260727\PL131_佛山市顺德区凯锦电器有限公司新建项目_01_受理公告或公示版\07_附表附图附件.md,18,1801
E:\华南理工项目\环评文件汇总\01_GitHub项目与研究文档\eia-openclaw-sync-chen2026\05_QA测试集\人工核查_环评报告出处整理_20260715\环评报告文件_按问答顺序\PL131_佛山市顺德区凯锦电器有限公司新建项目_01_受理公告或公示版.pdf,PL131_佛山市顺德区凯锦电器有限公司新建项目_01_受理公告或公示版.pdf,.pdf,pdf_pypdf,8,一、建设项目基本情况,E:\华南理工项目\环评文件汇总\01_GitHub项目与研究文档\eia-openclaw-sync-chen2026\05_QA测试集\人工核查_环评报告出处整理_20260715\环评报告文件_按正文一级章节拆分_20260727\PL131_佛山市顺德区凯锦电器有限公司新建项目_01_受理公告或公示版\08_一、建设项目基本情况.md,788,10573
E:\华南理工项目\环评文件汇总\01_GitHub项目与研究文档\eia-openclaw-sync-chen2026\05_QA测试集\人工核查_环评报告出处整理_20260715\环评报告文件_按问答顺序\PL131_佛山市顺德区凯锦电器有限公司新建项目_01_受理公告或公示版.pdf,PL131_佛山市顺德区凯锦电器有限公司新建项目_01_受理公告或公示版.pdf,.pdf,pdf_pypdf,9,二、建设项目工程分析,E:\华南理工项目\环评文件汇总\01_GitHub项目与研究文档\eia-openclaw-sync-chen2026\05_QA测试集\人工核查_环评报告出处整理_20260715\环评报告文件_按正文一级章节拆分_20260727\PL131_佛山市顺德区凯锦电器有限公司新建项目_01_受理公告或公示版\09_二、建设项目工程分析.md,308,5207
E:\华南理工项目\环评文件汇总\01_GitHub项目与研究文档\eia-openclaw-sync-chen2026\05_QA测试集\人工核查_环评报告出处整理_20260715\环评报告文件_按问答顺序\PL131_佛山市顺德区凯锦电器有限公司新建项目_01_受理公告或公示版.pdf,PL131_佛山市顺德区凯锦电器有限公司新建项目_01_受理公告或公示版.pdf,.pdf,pdf_pypdf,10,三、区域环境质量现状、环境保护目标及评价标准,E:\华南理工项目\环评文件汇总\01_GitHub项目与研究文档\eia-openclaw-sync-chen2026\05_QA测试集\人工核查_环评报告出处整理_20260715\环评报告文件_按正文一级章节拆分_20260727\PL131_佛山市顺德区凯锦电器有限公司新建项目_01_受理公告或公示版\10_三、区域环境质量现状、环境保护目标及评价标准.md,47,1053
E:\华南理工项目\环评文件汇总\01_GitHub项目与研究文档\eia-openclaw-sync-chen2026\05_QA测试集\人工核查_环评报告出处整理_20260715\环评报告文件_按问答顺序\PL131_佛山市顺德区凯锦电器有限公司新建项目_01_受理公告或公示版.pdf,PL131_佛山市顺德区凯锦电器有限公司新建项目_01_受理公告或公示版.pdf,.pdf,pdf_pypdf,11,附表附图附件,E:\华南理工项目\环评文件汇总\01_GitHub项目与研究文档\eia-openclaw-sync-chen2026\05_QA测试集\人工核查_环评报告出处整理_20260715\环评报告文件_按正文一级章节拆分_20260727\PL131_佛山市顺德区凯锦电器有限公司新建项目_01_受理公告或公示版\11_附表附图附件.md,179,3166
E:\华南理工项目\环评文件汇总\01_GitHub项目与研究文档\eia-openclaw-sync-chen2026\05_QA测试集\人工核查_环评报告出处整理_20260715\环评报告文件_按问答顺序\PL131_佛山市顺德区凯锦电器有限公司新建项目_01_受理公告或公示版.pdf,PL131_佛山市顺德区凯锦电器有限公司新建项目_01_受理公告或公示版.pdf,.pdf,pdf_pypdf,12,四、主要环境影响和保护措施,E:\华南理工项目\环评文件汇总\01_GitHub项目与研究文档\eia-openclaw-sync-chen2026\05_QA测试集\人工核查_环评报告出处整理_20260715\环评报告文件_按正文一级章节拆分_20260727\PL131_佛山市顺德区凯锦电器有限公司新建项目_01_受理公告或公示版\12_四、主要环境影响和保护措施.md,1082,16760
E:\华南理工项目\环评文件汇总\01_GitHub项目与研究文档\eia-openclaw-sync-chen2026\05_QA测试集\人工核查_环评报告出处整理_20260715\环评报告文件_按问答顺序\PL131_佛山市顺德区凯锦电器有限公司新建项目_01_受理公告或公示版.pdf,PL131_佛山市顺德区凯锦电器有限公司新建项目_01_受理公告或公示版.pdf,.pdf,pdf_pypdf,13,五、环境保护措施监督检查清单,E:\华南理工项目\环评文件汇总\01_GitHub项目与研究文档\eia-openclaw-sync-chen2026\05_QA测试集\人工核查_环评报告出处整理_20260715\环评报告文件_按正文一级章节拆分_20260727\PL131_佛山市顺德区凯锦电器有限公司新建项目_01_受理公告或公示版\13_五、环境保护措施监督检查清单.md,190,3134
E:\华南理工项目\环评文件汇总\01_GitHub项目与研究文档\eia-openclaw-sync-chen2026\05_QA测试集\人工核查_环评报告出处整理_20260715\环评报告文件_按问答顺序\PL131_佛山市顺德区凯锦电器有限公司新建项目_01_受理公告或公示版.pdf,PL131_佛山市顺德区凯锦电器有限公司新建项目_01_受理公告或公示版.pdf,.pdf,pdf_pypdf,14,六、结论,E:\华南理工项目\环评文件汇总\01_GitHub项目与研究文档\eia-openclaw-sync-chen2026\05_QA测试集\人工核查_环评报告出处整理_20260715\环评报告文件_按正文一级章节拆分_20260727\PL131_佛山市顺德区凯锦电器有限公司新建项目_01_受理公告或公示版\14_六、结论.md,12,323
E:\华南理工项目\环评文件汇总\01_GitHub项目与研究文档\eia-openclaw-sync-chen2026\05_QA测试集\人工核查_环评报告出处整理_20260715\环评报告文件_按问答顺序\PL131_佛山市顺德区凯锦电器有限公司新建项目_01_受理公告或公示版.pdf,PL131_佛山市顺德区凯锦电器有限公司新建项目_01_受理公告或公示版.pdf,.pdf,pdf_pypdf,15,附表附图附件,E:\华南理工项目\环评文件汇总\01_GitHub项目与研究文档\eia-openclaw-sync-chen2026\05_QA测试集\人工核查_环评报告出处整理_20260715\环评报告文件_按正文一级章节拆分_20260727\PL131_佛山市顺德区凯锦电器有限公司新建项目_01_受理公告或公示版\15_附表附图附件.md,126,1492
E:\华南理工项目\环评文件汇总\01_GitHub项目与研究文档\eia-openclaw-sync-chen2026\05_QA测试集\人工核查_环评报告出处整理_20260715\环评报告文件_按问答顺序\PL132_佛山市龙广塑料制品有限公司新建项目_01_受理公告或公示版.pdf,PL132_佛山市龙广塑料制品有限公司新建项目_01_受理公告或公示版.pdf,.pdf,pdf_pypdf,1,封面及目录,E:\华南理工项目\环评文件汇总\01_GitHub项目与研究文档\eia-openclaw-sync-chen2026\05_QA测试集\人工核查_环评报告出处整理_20260715\环评报告文件_按正文一级章节拆分_20260727\PL132_佛山市龙广塑料制品有限公司新建项目_01_受理公告或公示版\01_封面及目录.md,2,25
E:\华南理工项目\环评文件汇总\01_GitHub项目与研究文档\eia-openclaw-sync-chen2026\05_QA测试集\人工核查_环评报告出处整理_20260715\环评报告文件_按问答顺序\PL132_佛山市龙广塑料制品有限公司新建项目_01_受理公告或公示版.pdf,PL132_佛山市龙广塑料制品有限公司新建项目_01_受理公告或公示版.pdf,.pdf,pdf_pypdf,2,一、建设项目基本情况 ........................................................................................................ 1,E:\华南理工项目\环评文件汇总\01_GitHub项目与研究文档\eia-openclaw-sync-chen2026\05_QA测试集\人工核查_环评报告出处整理_20260715\环评报告文件_按正文一级章节拆分_20260727\PL132_佛山市龙广塑料制品有限公司新建项目_01_受理公告或公示版\02_一、建设项目基本情况.md,1,118
E:\华南理工项目\环评文件汇总\01_GitHub项目与研究文档\eia-openclaw-sync-chen2026\05_QA测试集\人工核查_环评报告出处整理_20260715\环评报告文件_按问答顺序\PL132_佛山市龙广塑料制品有限公司新建项目_01_受理公告或公示版.pdf,PL132_佛山市龙广塑料制品有限公司新建项目_01_受理公告或公示版.pdf,.pdf,pdf_pypdf,3,二、建设项目工程分析 ...................................................................................................... 10,E:\华南理工项目\环评文件汇总\01_GitHub项目与研究文档\eia-openclaw-sync-chen2026\05_QA测试集\人工核查_环评报告出处整理_20260715\环评报告文件_按正文一级章节拆分_20260727\PL132_佛山市龙广塑料制品有限公司新建项目_01_受理公告或公示版\03_二、建设项目工程分析.md,2,198
E:\华南理工项目\环评文件汇总\01_GitHub项目与研究文档\eia-openclaw-sync-chen2026\05_QA测试集\人工核查_环评报告出处整理_20260715\环评报告文件_按问答顺序\PL132_佛山市龙广塑料制品有限公司新建项目_01_受理公告或公示版.pdf,PL132_佛山市龙广塑料制品有限公司新建项目_01_受理公告或公示版.pdf,.pdf,pdf_pypdf,4,四、主要环境影响和保护措施 .......................................................................................... 22,E:\华南理工项目\环评文件汇总\01_GitHub项目与研究文档\eia-openclaw-sync-chen2026\05_QA测试集\人工核查_环评报告出处整理_20260715\环评报告文件_按正文一级章节拆分_20260727\PL132_佛山市龙广塑料制品有限公司新建项目_01_受理公告或公示版\04_四、主要环境影响和保护措施.md,1,108
E:\华南理工项目\环评文件汇总\01_GitHub项目与研究文档\eia-openclaw-sync-chen2026\05_QA测试集\人工核查_环评报告出处整理_20260715\环评报告文件_按问答顺序\PL132_佛山市龙广塑料制品有限公司新建项目_01_受理公告或公示版.pdf,PL132_佛山市龙广塑料制品有限公司新建项目_01_受理公告或公示版.pdf,.pdf,pdf_pypdf,5,五、环境保护措施监督检查清单 ...................................................................................... 40,E:\华南理工项目\环评文件汇总\01_GitHub项目与研究文档\eia-openclaw-sync-chen2026\05_QA测试集\人工核查_环评报告出处整理_20260715\环评报告文件_按正文一级章节拆分_20260727\PL132_佛山市龙广塑料制品有限公司新建项目_01_受理公告或公示版\05_五、环境保护措施监督检查清单.md,1,105
E:\华南理工项目\环评文件汇总\01_GitHub项目与研究文档\eia-openclaw-sync-chen2026\05_QA测试集\人工核查_环评报告出处整理_20260715\环评报告文件_按问答顺序\PL132_佛山市龙广塑料制品有限公司新建项目_01_受理公告或公示版.pdf,PL132_佛山市龙广塑料制品有限公司新建项目_01_受理公告或公示版.pdf,.pdf,pdf_pypdf,6,六、结论 .............................................................................................................................. 43,E:\华南理工项目\环评文件汇总\01_GitHub项目与研究文档\eia-openclaw-sync-chen2026\05_QA测试集\人工核查_环评报告出处整理_20260715\环评报告文件_按正文一级章节拆分_20260727\PL132_佛山市龙广塑料制品有限公司新建项目_01_受理公告或公示版\06_六、结论.md,1,135
E:\华南理工项目\环评文件汇总\01_GitHub项目与研究文档\eia-openclaw-sync-chen2026\05_QA测试集\人工核查_环评报告出处整理_20260715\环评报告文件_按问答顺序\PL132_佛山市龙广塑料制品有限公司新建项目_01_受理公告或公示版.pdf,PL132_佛山市龙广塑料制品有限公司新建项目_01_受理公告或公示版.pdf,.pdf,pdf_pypdf,7,附表附图附件,E:\华南理工项目\环评文件汇总\01_GitHub项目与研究文档\eia-openclaw-sync-chen2026\05_QA测试集\人工核查_环评报告出处整理_20260715\环评报告文件_按正文一级章节拆分_20260727\PL132_佛山市龙广塑料制品有限公司新建项目_01_受理公告或公示版\07_附表附图附件.md,16,1471
E:\华南理工项目\环评文件汇总\01_GitHub项目与研究文档\eia-openclaw-sync-chen2026\05_QA测试集\人工核查_环评报告出处整理_20260715\环评报告文件_按问答顺序\PL132_佛山市龙广塑料制品有限公司新建项目_01_受理公告或公示版.pdf,PL132_佛山市龙广塑料制品有限公司新建项目_01_受理公告或公示版.pdf,.pdf,pdf_pypdf,8,一、建设项目基本情况,E:\华南理工项目\环评文件汇总\01_GitHub项目与研究文档\eia-openclaw-sync-chen2026\05_QA测试集\人工核查_环评报告出处整理_20260715\环评报告文件_按正文一级章节拆分_20260727\PL132_佛山市龙广塑料制品有限公司新建项目_01_受理公告或公示版\08_一、建设项目基本情况.md,665,11575
E:\华南理工项目\环评文件汇总\01_GitHub项目与研究文档\eia-openclaw-sync-chen2026\05_QA测试集\人工核查_环评报告出处整理_20260715\环评报告文件_按问答顺序\PL132_佛山市龙广塑料制品有限公司新建项目_01_受理公告或公示版.pdf,PL132_佛山市龙广塑料制品有限公司新建项目_01_受理公告或公示版.pdf,.pdf,pdf_pypdf,9,二、建设项目工程分析,E:\华南理工项目\环评文件汇总\01_GitHub项目与研究文档\eia-openclaw-sync-chen2026\05_QA测试集\人工核查_环评报告出处整理_20260715\环评报告文件_按正文一级章节拆分_20260727\PL132_佛山市龙广塑料制品有限公司新建项目_01_受理公告或公示版\09_二、建设项目工程分析.md,334,6134
E:\华南理工项目\环评文件汇总\01_GitHub项目与研究文档\eia-openclaw-sync-chen2026\05_QA测试集\人工核查_环评报告出处整理_20260715\环评报告文件_按问答顺序\PL132_佛山市龙广塑料制品有限公司新建项目_01_受理公告或公示版.pdf,PL132_佛山市龙广塑料制品有限公司新建项目_01_受理公告或公示版.pdf,.pdf,pdf_pypdf,10,三、区域环境质量现状、环境保护目标及评价标准,E:\华南理工项目\环评文件汇总\01_GitHub项目与研究文档\eia-openclaw-sync-chen2026\05_QA测试集\人工核查_环评报告出处整理_20260715\环评报告文件_按正文一级章节拆分_20260727\PL132_佛山市龙广塑料制品有限公司新建项目_01_受理公告或公示版\10_三、区域环境质量现状、环境保护目标及评价标准.md,200,4460
E:\华南理工项目\环评文件汇总\01_GitHub项目与研究文档\eia-openclaw-sync-chen2026\05_QA测试集\人工核查_环评报告出处整理_20260715\环评报告文件_按问答顺序\PL132_佛山市龙广塑料制品有限公司新建项目_01_受理公告或公示版.pdf,PL132_佛山市龙广塑料制品有限公司新建项目_01_受理公告或公示版.pdf,.pdf,pdf_pypdf,11,四、主要环境影响和保护措施,E:\华南理工项目\环评文件汇总\01_GitHub项目与研究文档\eia-openclaw-sync-chen2026\05_QA测试集\人工核查_环评报告出处整理_20260715\环评报告文件_按正文一级章节拆分_20260727\PL132_佛山市龙广塑料制品有限公司新建项目_01_受理公告或公示版\11_四、主要环境影响和保护措施.md,991,19055
E:\华南理工项目\环评文件汇总\01_GitHub项目与研究文档\eia-openclaw-sync-chen2026\05_QA测试集\人工核查_环评报告出处整理_20260715\环评报告文件_按问答顺序\PL132_佛山市龙广塑料制品有限公司新建项目_01_受理公告或公示版.pdf,PL132_佛山市龙广塑料制品有限公司新建项目_01_受理公告或公示版.pdf,.pdf,pdf_pypdf,12,五、环境保护措施监督检查清单,E:\华南理工项目\环评文件汇总\01_GitHub项目与研究文档\eia-openclaw-sync-chen2026\05_QA测试集\人工核查_环评报告出处整理_20260715\环评报告文件_按正文一级章节拆分_20260727\PL132_佛山市龙广塑料制品有限公司新建项目_01_受理公告或公示版\12_五、环境保护措施监督检查清单.md,136,2307
E:\华南理工项目\环评文件汇总\01_GitHub项目与研究文档\eia-openclaw-sync-chen2026\05_QA测试集\人工核查_环评报告出处整理_20260715\环评报告文件_按问答顺序\PL132_佛山市龙广塑料制品有限公司新建项目_01_受理公告或公示版.pdf,PL132_佛山市龙广塑料制品有限公司新建项目_01_受理公告或公示版.pdf,.pdf,pdf_pypdf,13,六、结论,E:\华南理工项目\环评文件汇总\01_GitHub项目与研究文档\eia-openclaw-sync-chen2026\05_QA测试集\人工核查_环评报告出处整理_20260715\环评报告文件_按正文一级章节拆分_20260727\PL132_佛山市龙广塑料制品有限公司新建项目_01_受理公告或公示版\13_六、结论.md,7,156
E:\华南理工项目\环评文件汇总\01_GitHub项目与研究文档\eia-openclaw-sync-chen2026\05_QA测试集\人工核查_环评报告出处整理_20260715\环评报告文件_按问答顺序\PL132_佛山市龙广塑料制品有限公司新建项目_01_受理公告或公示版.pdf,PL132_佛山市龙广塑料制品有限公司新建项目_01_受理公告或公示版.pdf,.pdf,pdf_pypdf,14,附表附图附件,E:\华南理工项目\环评文件汇总\01_GitHub项目与研究文档\eia-openclaw-sync-chen2026\05_QA测试集\人工核查_环评报告出处整理_20260715\环评报告文件_按正文一级章节拆分_20260727\PL132_佛山市龙广塑料制品有限公司新建项目_01_受理公告或公示版\14_附表附图附件.md,127,1717
E:\华南理工项目\环评文件汇总\01_GitHub项目与研究文档\eia-openclaw-sync-chen2026\05_QA测试集\人工核查_环评报告出处整理_20260715\环评报告文件_按问答顺序\PL133_佛山市特美仕电器有限公司迁扩建项目_01_报批稿或报告表.pdf,PL133_佛山市特美仕电器有限公司迁扩建项目_01_报批稿或报告表.pdf,.pdf,pdf_pypdf,1,封面及目录,E:\华南理工项目\环评文件汇总\01_GitHub项目与研究文档\eia-openclaw-sync-chen2026\05_QA测试集\人工核查_环评报告出处整理_20260715\环评报告文件_按正文一级章节拆分_20260727\PL133_佛山市特美仕电器有限公司迁扩建项目_01_报批稿或报告表\01_封面及目录.md,2,24
E:\华南理工项目\环评文件汇总\01_GitHub项目与研究文档\eia-openclaw-sync-chen2026\05_QA测试集\人工核查_环评报告出处整理_20260715\环评报告文件_按问答顺序\PL133_佛山市特美仕电器有限公司迁扩建项目_01_报批稿或报告表.pdf,PL133_佛山市特美仕电器有限公司迁扩建项目_01_报批稿或报告表.pdf,.pdf,pdf_pypdf,2,一、建设项目基本情况 ........................................................................................................ 1,E:\华南理工项目\环评文件汇总\01_GitHub项目与研究文档\eia-openclaw-sync-chen2026\05_QA测试集\人工核查_环评报告出处整理_20260715\环评报告文件_按正文一级章节拆分_20260727\PL133_佛山市特美仕电器有限公司迁扩建项目_01_报批稿或报告表\02_一、建设项目基本情况.md,1,118
E:\华南理工项目\环评文件汇总\01_GitHub项目与研究文档\eia-openclaw-sync-chen2026\05_QA测试集\人工核查_环评报告出处整理_20260715\环评报告文件_按问答顺序\PL133_佛山市特美仕电器有限公司迁扩建项目_01_报批稿或报告表.pdf,PL133_佛山市特美仕电器有限公司迁扩建项目_01_报批稿或报告表.pdf,.pdf,pdf_pypdf,3,二、 建设项目工程分析 .................................................................................................... 12,E:\华南理工项目\环评文件汇总\01_GitHub项目与研究文档\eia-openclaw-sync-chen2026\05_QA测试集\人工核查_环评报告出处整理_20260715\环评报告文件_按正文一级章节拆分_20260727\PL133_佛山市特美仕电器有限公司迁扩建项目_01_报批稿或报告表\03_二、_建设项目工程分析.md,2,197
E:\华南理工项目\环评文件汇总\01_GitHub项目与研究文档\eia-openclaw-sync-chen2026\05_QA测试集\人工核查_环评报告出处整理_20260715\环评报告文件_按问答顺序\PL133_佛山市特美仕电器有限公司迁扩建项目_01_报批稿或报告表.pdf,PL133_佛山市特美仕电器有限公司迁扩建项目_01_报批稿或报告表.pdf,.pdf,pdf_pypdf,4,四、主要环境影响和保护措施 .......................................................................................... 41,E:\华南理工项目\环评文件汇总\01_GitHub项目与研究文档\eia-openclaw-sync-chen2026\05_QA测试集\人工核查_环评报告出处整理_20260715\环评报告文件_按正文一级章节拆分_20260727\PL133_佛山市特美仕电器有限公司迁扩建项目_01_报批稿或报告表\04_四、主要环境影响和保护措施.md,1,108
E:\华南理工项目\环评文件汇总\01_GitHub项目与研究文档\eia-openclaw-sync-chen2026\05_QA测试集\人工核查_环评报告出处整理_20260715\环评报告文件_按问答顺序\PL133_佛山市特美仕电器有限公司迁扩建项目_01_报批稿或报告表.pdf,PL133_佛山市特美仕电器有限公司迁扩建项目_01_报批稿或报告表.pdf,.pdf,pdf_pypdf,5,五、环境保护措施监督检查清单 ...................................................................................... 67,E:\华南理工项目\环评文件汇总\01_GitHub项目与研究文档\eia-openclaw-sync-chen2026\05_QA测试集\人工核查_环评报告出处整理_20260715\环评报告文件_按正文一级章节拆分_20260727\PL133_佛山市特美仕电器有限公司迁扩建项目_01_报批稿或报告表\05_五、环境保护措施监督检查清单.md,1,105
E:\华南理工项目\环评文件汇总\01_GitHub项目与研究文档\eia-openclaw-sync-chen2026\05_QA测试集\人工核查_环评报告出处整理_20260715\环评报告文件_按问答顺序\PL133_佛山市特美仕电器有限公司迁扩建项目_01_报批稿或报告表.pdf,PL133_佛山市特美仕电器有限公司迁扩建项目_01_报批稿或报告表.pdf,.pdf,pdf_pypdf,6,六、结论 .............................................................................................................................. 69,E:\华南理工项目\环评文件汇总\01_GitHub项目与研究文档\eia-openclaw-sync-chen2026\05_QA测试集\人工核查_环评报告出处整理_20260715\环评报告文件_按正文一级章节拆分_20260727\PL133_佛山市特美仕电器有限公司迁扩建项目_01_报批稿或报告表\06_六、结论.md,2,243
E:\华南理工项目\环评文件汇总\01_GitHub项目与研究文档\eia-openclaw-sync-chen2026\05_QA测试集\人工核查_环评报告出处整理_20260715\环评报告文件_按问答顺序\PL133_佛山市特美仕电器有限公司迁扩建项目_01_报批稿或报告表.pdf,PL133_佛山市特美仕电器有限公司迁扩建项目_01_报批稿或报告表.pdf,.pdf,pdf_pypdf,7,附表附图附件,E:\华南理工项目\环评文件汇总\01_GitHub项目与研究文档\eia-openclaw-sync-chen2026\05_QA测试集\人工核查_环评报告出处整理_20260715\环评报告文件_按正文一级章节拆分_20260727\PL133_佛山市特美仕电器有限公司迁扩建项目_01_报批稿或报告表\07_附表附图附件.md,23,381
E:\华南理工项目\环评文件汇总\01_GitHub项目与研究文档\eia-openclaw-sync-chen2026\05_QA测试集\人工核查_环评报告出处整理_20260715\环评报告文件_按问答顺序\PL133_佛山市特美仕电器有限公司迁扩建项目_01_报批稿或报告表.pdf,PL133_佛山市特美仕电器有限公司迁扩建项目_01_报批稿或报告表.pdf,.pdf,pdf_pypdf,8,一、建设项目基本情况,E:\华南理工项目\环评文件汇总\01_GitHub项目与研究文档\eia-openclaw-sync-chen2026\05_QA测试集\人工核查_环评报告出处整理_20260715\环评报告文件_按正文一级章节拆分_20260727\PL133_佛山市特美仕电器有限公司迁扩建项目_01_报批稿或报告表\08_一、建设项目基本情况.md,795,11229
E:\华南理工项目\环评文件汇总\01_GitHub项目与研究文档\eia-openclaw-sync-chen2026\05_QA测试集\人工核查_环评报告出处整理_20260715\环评报告文件_按问答顺序\PL133_佛山市特美仕电器有限公司迁扩建项目_01_报批稿或报告表.pdf,PL133_佛山市特美仕电器有限公司迁扩建项目_01_报批稿或报告表.pdf,.pdf,pdf_pypdf,9,二、建设项目工程分析,E:\华南理工项目\环评文件汇总\01_GitHub项目与研究文档\eia-openclaw-sync-chen2026\05_QA测试集\人工核查_环评报告出处整理_20260715\环评报告文件_按正文一级章节拆分_20260727\PL133_佛山市特美仕电器有限公司迁扩建项目_01_报批稿或报告表\09_二、建设项目工程分析.md,1096,20089
E:\华南理工项目\环评文件汇总\01_GitHub项目与研究文档\eia-openclaw-sync-chen2026\05_QA测试集\人工核查_环评报告出处整理_20260715\环评报告文件_按问答顺序\PL133_佛山市特美仕电器有限公司迁扩建项目_01_报批稿或报告表.pdf,PL133_佛山市特美仕电器有限公司迁扩建项目_01_报批稿或报告表.pdf,.pdf,pdf_pypdf,10,三、区域环境质量现状、环境保护目标及评价标准,E:\华南理工项目\环评文件汇总\01_GitHub项目与研究文档\eia-openclaw-sync-chen2026\05_QA测试集\人工核查_环评报告出处整理_20260715\环评报告文件_按正文一级章节拆分_20260727\PL133_佛山市特美仕电器有限公司迁扩建项目_01_报批稿或报告表\10_三、区域环境质量现状、环境保护目标及评价标准.md,237,4690
E:\华南理工项目\环评文件汇总\01_GitHub项目与研究文档\eia-openclaw-sync-chen2026\05_QA测试集\人工核查_环评报告出处整理_20260715\环评报告文件_按问答顺序\PL133_佛山市特美仕电器有限公司迁扩建项目_01_报批稿或报告表.pdf,PL133_佛山市特美仕电器有限公司迁扩建项目_01_报批稿或报告表.pdf,.pdf,pdf_pypdf,11,四、主要环境影响和保护措施,E:\华南理工项目\环评文件汇总\01_GitHub项目与研究文档\eia-openclaw-sync-chen2026\05_QA测试集\人工核查_环评报告出处整理_20260715\环评报告文件_按正文一级章节拆分_20260727\PL133_佛山市特美仕电器有限公司迁扩建项目_01_报批稿或报告表\11_四、主要环境影响和保护措施.md,1291,23763
E:\华南理工项目\环评文件汇总\01_GitHub项目与研究文档\eia-openclaw-sync-chen2026\05_QA测试集\人工核查_环评报告出处整理_20260715\环评报告文件_按问答顺序\PL133_佛山市特美仕电器有限公司迁扩建项目_01_报批稿或报告表.pdf,PL133_佛山市特美仕电器有限公司迁扩建项目_01_报批稿或报告表.pdf,.pdf,pdf_pypdf,12,五、环境保护措施监督检查清单,E:\华南理工项目\环评文件汇总\01_GitHub项目与研究文档\eia-openclaw-sync-chen2026\05_QA测试集\人工核查_环评报告出处整理_20260715\环评报告文件_按正文一级章节拆分_20260727\PL133_佛山市特美仕电器有限公司迁扩建项目_01_报批稿或报告表\12_五、环境保护措施监督检查清单.md,100,1784
E:\华南理工项目\环评文件汇总\01_GitHub项目与研究文档\eia-openclaw-sync-chen2026\05_QA测试集\人工核查_环评报告出处整理_20260715\环评报告文件_按问答顺序\PL133_佛山市特美仕电器有限公司迁扩建项目_01_报批稿或报告表.pdf,PL133_佛山市特美仕电器有限公司迁扩建项目_01_报批稿或报告表.pdf,.pdf,pdf_pypdf,13,六、结论,E:\华南理工项目\环评文件汇总\01_GitHub项目与研究文档\eia-openclaw-sync-chen2026\05_QA测试集\人工核查_环评报告出处整理_20260715\环评报告文件_按正文一级章节拆分_20260727\PL133_佛山市特美仕电器有限公司迁扩建项目_01_报批稿或报告表\13_六、结论.md,8,201
E:\华南理工项目\环评文件汇总\01_GitHub项目与研究文档\eia-openclaw-sync-chen2026\05_QA测试集\人工核查_环评报告出处整理_20260715\环评报告文件_按问答顺序\PL133_佛山市特美仕电器有限公司迁扩建项目_01_报批稿或报告表.pdf,PL133_佛山市特美仕电器有限公司迁扩建项目_01_报批稿或报告表.pdf,.pdf,pdf_pypdf,14,附表附图附件,E:\华南理工项目\环评文件汇总\01_GitHub项目与研究文档\eia-openclaw-sync-chen2026\05_QA测试集\人工核查_环评报告出处整理_20260715\环评报告文件_按正文一级章节拆分_20260727\PL133_佛山市特美仕电器有限公司迁扩建项目_01_报批稿或报告表\14_附表附图附件.md,102,1867
E:\华南理工项目\环评文件汇总\01_GitHub项目与研究文档\eia-openclaw-sync-chen2026\05_QA测试集\人工核查_环评报告出处整理_20260715\环评报告文件_按问答顺序\PL134_佛山市广优顺品日用品有限公司新建项目_01_报批稿或报告表.pdf,PL134_佛山市广优顺品日用品有限公司新建项目_01_报批稿或报告表.pdf,.pdf,pdf_pypdf,1,封面及目录,E:\华南理工项目\环评文件汇总\01_GitHub项目与研究文档\eia-openclaw-sync-chen2026\05_QA测试集\人工核查_环评报告出处整理_20260715\环评报告文件_按正文一级章节拆分_20260727\PL134_佛山市广优顺品日用品有限公司新建项目_01_报批稿或报告表\01_封面及目录.md,2,24
E:\华南理工项目\环评文件汇总\01_GitHub项目与研究文档\eia-openclaw-sync-chen2026\05_QA测试集\人工核查_环评报告出处整理_20260715\环评报告文件_按问答顺序\PL134_佛山市广优顺品日用品有限公司新建项目_01_报批稿或报告表.pdf,PL134_佛山市广优顺品日用品有限公司新建项目_01_报批稿或报告表.pdf,.pdf,pdf_pypdf,2,一、建设项目基本情况 ........................................................................................................ 1,E:\华南理工项目\环评文件汇总\01_GitHub项目与研究文档\eia-openclaw-sync-chen2026\05_QA测试集\人工核查_环评报告出处整理_20260715\环评报告文件_按正文一级章节拆分_20260727\PL134_佛山市广优顺品日用品有限公司新建项目_01_报批稿或报告表\02_一、建设项目基本情况.md,1,118
E:\华南理工项目\环评文件汇总\01_GitHub项目与研究文档\eia-openclaw-sync-chen2026\05_QA测试集\人工核查_环评报告出处整理_20260715\环评报告文件_按问答顺序\PL134_佛山市广优顺品日用品有限公司新建项目_01_报批稿或报告表.pdf,PL134_佛山市广优顺品日用品有限公司新建项目_01_报批稿或报告表.pdf,.pdf,pdf_pypdf,3,二、建设项目工程分析 ...................................................................................................... 14,E:\华南理工项目\环评文件汇总\01_GitHub项目与研究文档\eia-openclaw-sync-chen2026\05_QA测试集\人工核查_环评报告出处整理_20260715\环评报告文件_按正文一级章节拆分_20260727\PL134_佛山市广优顺品日用品有限公司新建项目_01_报批稿或报告表\03_二、建设项目工程分析.md,2,198
E:\华南理工项目\环评文件汇总\01_GitHub项目与研究文档\eia-openclaw-sync-chen2026\05_QA测试集\人工核查_环评报告出处整理_20260715\环评报告文件_按问答顺序\PL134_佛山市广优顺品日用品有限公司新建项目_01_报批稿或报告表.pdf,PL134_佛山市广优顺品日用品有限公司新建项目_01_报批稿或报告表.pdf,.pdf,pdf_pypdf,4,四、主要环境影响和保护措施 .......................................................................................... 32,E:\华南理工项目\环评文件汇总\01_GitHub项目与研究文档\eia-openclaw-sync-chen2026\05_QA测试集\人工核查_环评报告出处整理_20260715\环评报告文件_按正文一级章节拆分_20260727\PL134_佛山市广优顺品日用品有限公司新建项目_01_报批稿或报告表\04_四、主要环境影响和保护措施.md,1,108
E:\华南理工项目\环评文件汇总\01_GitHub项目与研究文档\eia-openclaw-sync-chen2026\05_QA测试集\人工核查_环评报告出处整理_20260715\环评报告文件_按问答顺序\PL134_佛山市广优顺品日用品有限公司新建项目_01_报批稿或报告表.pdf,PL134_佛山市广优顺品日用品有限公司新建项目_01_报批稿或报告表.pdf,.pdf,pdf_pypdf,5,五、环境保护措施监督检查清单 ...................................................................................... 65,E:\华南理工项目\环评文件汇总\01_GitHub项目与研究文档\eia-openclaw-sync-chen2026\05_QA测试集\人工核查_环评报告出处整理_20260715\环评报告文件_按正文一级章节拆分_20260727\PL134_佛山市广优顺品日用品有限公司新建项目_01_报批稿或报告表\05_五、环境保护措施监督检查清单.md,1,105
E:\华南理工项目\环评文件汇总\01_GitHub项目与研究文档\eia-openclaw-sync-chen2026\05_QA测试集\人工核查_环评报告出处整理_20260715\环评报告文件_按问答顺序\PL134_佛山市广优顺品日用品有限公司新建项目_01_报批稿或报告表.pdf,PL134_佛山市广优顺品日用品有限公司新建项目_01_报批稿或报告表.pdf,.pdf,pdf_pypdf,6,六、结论 .............................................................................................................................. 68,E:\华南理工项目\环评文件汇总\01_GitHub项目与研究文档\eia-openclaw-sync-chen2026\05_QA测试集\人工核查_环评报告出处整理_20260715\环评报告文件_按正文一级章节拆分_20260727\PL134_佛山市广优顺品日用品有限公司新建项目_01_报批稿或报告表\06_六、结论.md,2,243
E:\华南理工项目\环评文件汇总\01_GitHub项目与研究文档\eia-openclaw-sync-chen2026\05_QA测试集\人工核查_环评报告出处整理_20260715\环评报告文件_按问答顺序\PL134_佛山市广优顺品日用品有限公司新建项目_01_报批稿或报告表.pdf,PL134_佛山市广优顺品日用品有限公司新建项目_01_报批稿或报告表.pdf,.pdf,pdf_pypdf,7,附表附图附件,E:\华南理工项目\环评文件汇总\01_GitHub项目与研究文档\eia-openclaw-sync-chen2026\05_QA测试集\人工核查_环评报告出处整理_20260715\环评报告文件_按正文一级章节拆分_20260727\PL134_佛山市广优顺品日用品有限公司新建项目_01_报批稿或报告表\07_附表附图附件.md,26,2659
E:\华南理工项目\环评文件汇总\01_GitHub项目与研究文档\eia-openclaw-sync-chen2026\05_QA测试集\人工核查_环评报告出处整理_20260715\环评报告文件_按问答顺序\PL134_佛山市广优顺品日用品有限公司新建项目_01_报批稿或报告表.pdf,PL134_佛山市广优顺品日用品有限公司新建项目_01_报批稿或报告表.pdf,.pdf,pdf_pypdf,8,一、建设项目基本情况,E:\华南理工项目\环评文件汇总\01_GitHub项目与研究文档\eia-openclaw-sync-chen2026\05_QA测试集\人工核查_环评报告出处整理_20260715\环评报告文件_按正文一级章节拆分_20260727\PL134_佛山市广优顺品日用品有限公司新建项目_01_报批稿或报告表\08_一、建设项目基本情况.md,661,10865
E:\华南理工项目\环评文件汇总\01_GitHub项目与研究文档\eia-openclaw-sync-chen2026\05_QA测试集\人工核查_环评报告出处整理_20260715\环评报告文件_按问答顺序\PL134_佛山市广优顺品日用品有限公司新建项目_01_报批稿或报告表.pdf,PL134_佛山市广优顺品日用品有限公司新建项目_01_报批稿或报告表.pdf,.pdf,pdf_pypdf,9,二、建设项目工程分析,E:\华南理工项目\环评文件汇总\01_GitHub项目与研究文档\eia-openclaw-sync-chen2026\05_QA测试集\人工核查_环评报告出处整理_20260715\环评报告文件_按正文一级章节拆分_20260727\PL134_佛山市广优顺品日用品有限公司新建项目_01_报批稿或报告表\09_二、建设项目工程分析.md,426,7657
E:\华南理工项目\环评文件汇总\01_GitHub项目与研究文档\eia-openclaw-sync-chen2026\05_QA测试集\人工核查_环评报告出处整理_20260715\环评报告文件_按问答顺序\PL134_佛山市广优顺品日用品有限公司新建项目_01_报批稿或报告表.pdf,PL134_佛山市广优顺品日用品有限公司新建项目_01_报批稿或报告表.pdf,.pdf,pdf_pypdf,10,三、区域环境质量现状、环境保护目标及评价标准,E:\华南理工项目\环评文件汇总\01_GitHub项目与研究文档\eia-openclaw-sync-chen2026\05_QA测试集\人工核查_环评报告出处整理_20260715\环评报告文件_按正文一级章节拆分_20260727\PL134_佛山市广优顺品日用品有限公司新建项目_01_报批稿或报告表\10_三、区域环境质量现状、环境保护目标及评价标准.md,174,4089
E:\华南理工项目\环评文件汇总\01_GitHub项目与研究文档\eia-openclaw-sync-chen2026\05_QA测试集\人工核查_环评报告出处整理_20260715\环评报告文件_按问答顺序\PL134_佛山市广优顺品日用品有限公司新建项目_01_报批稿或报告表.pdf,PL134_佛山市广优顺品日用品有限公司新建项目_01_报批稿或报告表.pdf,.pdf,pdf_pypdf,11,四、主要环境影响和保护措施,E:\华南理工项目\环评文件汇总\01_GitHub项目与研究文档\eia-openclaw-sync-chen2026\05_QA测试集\人工核查_环评报告出处整理_20260715\环评报告文件_按正文一级章节拆分_20260727\PL134_佛山市广优顺品日用品有限公司新建项目_01_报批稿或报告表\11_四、主要环境影响和保护措施.md,1557,27770
E:\华南理工项目\环评文件汇总\01_GitHub项目与研究文档\eia-openclaw-sync-chen2026\05_QA测试集\人工核查_环评报告出处整理_20260715\环评报告文件_按问答顺序\PL134_佛山市广优顺品日用品有限公司新建项目_01_报批稿或报告表.pdf,PL134_佛山市广优顺品日用品有限公司新建项目_01_报批稿或报告表.pdf,.pdf,pdf_pypdf,12,五、环境保护措施监督检查清单,E:\华南理工项目\环评文件汇总\01_GitHub项目与研究文档\eia-openclaw-sync-chen2026\05_QA测试集\人工核查_环评报告出处整理_20260715\环评报告文件_按正文一级章节拆分_20260727\PL134_佛山市广优顺品日用品有限公司新建项目_01_报批稿或报告表\12_五、环境保护措施监督检查清单.md,159,2486
E:\华南理工项目\环评文件汇总\01_GitHub项目与研究文档\eia-openclaw-sync-chen2026\05_QA测试集\人工核查_环评报告出处整理_20260715\环评报告文件_按问答顺序\PL134_佛山市广优顺品日用品有限公司新建项目_01_报批稿或报告表.pdf,PL134_佛山市广优顺品日用品有限公司新建项目_01_报批稿或报告表.pdf,.pdf,pdf_pypdf,13,六、结论,E:\华南理工项目\环评文件汇总\01_GitHub项目与研究文档\eia-openclaw-sync-chen2026\05_QA测试集\人工核查_环评报告出处整理_20260715\环评报告文件_按正文一级章节拆分_20260727\PL134_佛山市广优顺品日用品有限公司新建项目_01_报批稿或报告表\13_六、结论.md,9,220
E:\华南理工项目\环评文件汇总\01_GitHub项目与研究文档\eia-openclaw-sync-chen2026\05_QA测试集\人工核查_环评报告出处整理_20260715\环评报告文件_按问答顺序\PL134_佛山市广优顺品日用品有限公司新建项目_01_报批稿或报告表.pdf,PL134_佛山市广优顺品日用品有限公司新建项目_01_报批稿或报告表.pdf,.pdf,pdf_pypdf,14,附表附图附件,E:\华南理工项目\环评文件汇总\01_GitHub项目与研究文档\eia-openclaw-sync-chen2026\05_QA测试集\人工核查_环评报告出处整理_20260715\环评报告文件_按正文一级章节拆分_20260727\PL134_佛山市广优顺品日用品有限公司新建项目_01_报批稿或报告表\14_附表附图附件.md,184,2603
E:\华南理工项目\环评文件汇总\01_GitHub项目与研究文档\eia-openclaw-sync-chen2026\05_QA测试集\人工核查_环评报告出处整理_20260715\环评报告文件_按问答顺序\PL135_佛山市邸怡居家居有限公司新建项目_01_受理公告或公示版.pdf,PL135_佛山市邸怡居家居有限公司新建项目_01_受理公告或公示版.pdf,.pdf,pdf_pypdf,1,封面及目录,E:\华南理工项目\环评文件汇总\01_GitHub项目与研究文档\eia-openclaw-sync-chen2026\05_QA测试集\人工核查_环评报告出处整理_20260715\环评报告文件_按正文一级章节拆分_20260727\PL135_佛山市邸怡居家居有限公司新建项目_01_受理公告或公示版\01_封面及目录.md,2,24
E:\华南理工项目\环评文件汇总\01_GitHub项目与研究文档\eia-openclaw-sync-chen2026\05_QA测试集\人工核查_环评报告出处整理_20260715\环评报告文件_按问答顺序\PL135_佛山市邸怡居家居有限公司新建项目_01_受理公告或公示版.pdf,PL135_佛山市邸怡居家居有限公司新建项目_01_受理公告或公示版.pdf,.pdf,pdf_pypdf,2,一、建设项目基本情况 ............................................................................................................ 1,E:\华南理工项目\环评文件汇总\01_GitHub项目与研究文档\eia-openclaw-sync-chen2026\05_QA测试集\人工核查_环评报告出处整理_20260715\环评报告文件_按正文一级章节拆分_20260727\PL135_佛山市邸怡居家居有限公司新建项目_01_受理公告或公示版\02_一、建设项目基本情况.md,1,122
E:\华南理工项目\环评文件汇总\01_GitHub项目与研究文档\eia-openclaw-sync-chen2026\05_QA测试集\人工核查_环评报告出处整理_20260715\环评报告文件_按问答顺序\PL135_佛山市邸怡居家居有限公司新建项目_01_受理公告或公示版.pdf,PL135_佛山市邸怡居家居有限公司新建项目_01_受理公告或公示版.pdf,.pdf,pdf_pypdf,3,二、建设项目工程分析 .......................................................................................................... 11,E:\华南理工项目\环评文件汇总\01_GitHub项目与研究文档\eia-openclaw-sync-chen2026\05_QA测试集\人工核查_环评报告出处整理_20260715\环评报告文件_按正文一级章节拆分_20260727\PL135_佛山市邸怡居家居有限公司新建项目_01_受理公告或公示版\03_二、建设项目工程分析.md,2,206
E:\华南理工项目\环评文件汇总\01_GitHub项目与研究文档\eia-openclaw-sync-chen2026\05_QA测试集\人工核查_环评报告出处整理_20260715\环评报告文件_按问答顺序\PL135_佛山市邸怡居家居有限公司新建项目_01_受理公告或公示版.pdf,PL135_佛山市邸怡居家居有限公司新建项目_01_受理公告或公示版.pdf,.pdf,pdf_pypdf,4,四、主要环境影响和保护措施 .............................................................................................. 28,E:\华南理工项目\环评文件汇总\01_GitHub项目与研究文档\eia-openclaw-sync-chen2026\05_QA测试集\人工核查_环评报告出处整理_20260715\环评报告文件_按正文一级章节拆分_20260727\PL135_佛山市邸怡居家居有限公司新建项目_01_受理公告或公示版\04_四、主要环境影响和保护措施.md,1,112
E:\华南理工项目\环评文件汇总\01_GitHub项目与研究文档\eia-openclaw-sync-chen2026\05_QA测试集\人工核查_环评报告出处整理_20260715\环评报告文件_按问答顺序\PL135_佛山市邸怡居家居有限公司新建项目_01_受理公告或公示版.pdf,PL135_佛山市邸怡居家居有限公司新建项目_01_受理公告或公示版.pdf,.pdf,pdf_pypdf,5,五、环境保护措施监督检查清单 .......................................................................................... 54,E:\华南理工项目\环评文件汇总\01_GitHub项目与研究文档\eia-openclaw-sync-chen2026\05_QA测试集\人工核查_环评报告出处整理_20260715\环评报告文件_按正文一级章节拆分_20260727\PL135_佛山市邸怡居家居有限公司新建项目_01_受理公告或公示版\05_五、环境保护措施监督检查清单.md,1,109
E:\华南理工项目\环评文件汇总\01_GitHub项目与研究文档\eia-openclaw-sync-chen2026\05_QA测试集\人工核查_环评报告出处整理_20260715\环评报告文件_按问答顺序\PL135_佛山市邸怡居家居有限公司新建项目_01_受理公告或公示版.pdf,PL135_佛山市邸怡居家居有限公司新建项目_01_受理公告或公示版.pdf,.pdf,pdf_pypdf,6,六、结论 .................................................................................................................................. 56,E:\华南理工项目\环评文件汇总\01_GitHub项目与研究文档\eia-openclaw-sync-chen2026\05_QA测试集\人工核查_环评报告出处整理_20260715\环评报告文件_按正文一级章节拆分_20260727\PL135_佛山市邸怡居家居有限公司新建项目_01_受理公告或公示版\06_六、结论.md,1,139
E:\华南理工项目\环评文件汇总\01_GitHub项目与研究文档\eia-openclaw-sync-chen2026\05_QA测试集\人工核查_环评报告出处整理_20260715\环评报告文件_按问答顺序\PL135_佛山市邸怡居家居有限公司新建项目_01_受理公告或公示版.pdf,PL135_佛山市邸怡居家居有限公司新建项目_01_受理公告或公示版.pdf,.pdf,pdf_pypdf,7,附表附图附件,E:\华南理工项目\环评文件汇总\01_GitHub项目与研究文档\eia-openclaw-sync-chen2026\05_QA测试集\人工核查_环评报告出处整理_20260715\环评报告文件_按正文一级章节拆分_20260727\PL135_佛山市邸怡居家居有限公司新建项目_01_受理公告或公示版\07_附表附图附件.md,24,372
E:\华南理工项目\环评文件汇总\01_GitHub项目与研究文档\eia-openclaw-sync-chen2026\05_QA测试集\人工核查_环评报告出处整理_20260715\环评报告文件_按问答顺序\PL135_佛山市邸怡居家居有限公司新建项目_01_受理公告或公示版.pdf,PL135_佛山市邸怡居家居有限公司新建项目_01_受理公告或公示版.pdf,.pdf,pdf_pypdf,8,一、建设项目基本情况,E:\华南理工项目\环评文件汇总\01_GitHub项目与研究文档\eia-openclaw-sync-chen2026\05_QA测试集\人工核查_环评报告出处整理_20260715\环评报告文件_按正文一级章节拆分_20260727\PL135_佛山市邸怡居家居有限公司新建项目_01_受理公告或公示版\08_一、建设项目基本情况.md,787,11836
E:\华南理工项目\环评文件汇总\01_GitHub项目与研究文档\eia-openclaw-sync-chen2026\05_QA测试集\人工核查_环评报告出处整理_20260715\环评报告文件_按问答顺序\PL135_佛山市邸怡居家居有限公司新建项目_01_受理公告或公示版.pdf,PL135_佛山市邸怡居家居有限公司新建项目_01_受理公告或公示版.pdf,.pdf,pdf_pypdf,9,二、建设项目工程分析,E:\华南理工项目\环评文件汇总\01_GitHub项目与研究文档\eia-openclaw-sync-chen2026\05_QA测试集\人工核查_环评报告出处整理_20260715\环评报告文件_按正文一级章节拆分_20260727\PL135_佛山市邸怡居家居有限公司新建项目_01_受理公告或公示版\09_二、建设项目工程分析.md,478,9614
E:\华南理工项目\环评文件汇总\01_GitHub项目与研究文档\eia-openclaw-sync-chen2026\05_QA测试集\人工核查_环评报告出处整理_20260715\环评报告文件_按问答顺序\PL135_佛山市邸怡居家居有限公司新建项目_01_受理公告或公示版.pdf,PL135_佛山市邸怡居家居有限公司新建项目_01_受理公告或公示版.pdf,.pdf,pdf_pypdf,10,三、区域环境质量现状、环境保护目标及评价标准,E:\华南理工项目\环评文件汇总\01_GitHub项目与研究文档\eia-openclaw-sync-chen2026\05_QA测试集\人工核查_环评报告出处整理_20260715\环评报告文件_按正文一级章节拆分_20260727\PL135_佛山市邸怡居家居有限公司新建项目_01_受理公告或公示版\10_三、区域环境质量现状、环境保护目标及评价标准.md,307,5774
E:\华南理工项目\环评文件汇总\01_GitHub项目与研究文档\eia-openclaw-sync-chen2026\05_QA测试集\人工核查_环评报告出处整理_20260715\环评报告文件_按问答顺序\PL135_佛山市邸怡居家居有限公司新建项目_01_受理公告或公示版.pdf,PL135_佛山市邸怡居家居有限公司新建项目_01_受理公告或公示版.pdf,.pdf,pdf_pypdf,11,四、主要环境影响和保护措施,E:\华南理工项目\环评文件汇总\01_GitHub项目与研究文档\eia-openclaw-sync-chen2026\05_QA测试集\人工核查_环评报告出处整理_20260715\环评报告文件_按正文一级章节拆分_20260727\PL135_佛山市邸怡居家居有限公司新建项目_01_受理公告或公示版\11_四、主要环境影响和保护措施.md,1413,26264
E:\华南理工项目\环评文件汇总\01_GitHub项目与研究文档\eia-openclaw-sync-chen2026\05_QA测试集\人工核查_环评报告出处整理_20260715\环评报告文件_按问答顺序\PL135_佛山市邸怡居家居有限公司新建项目_01_受理公告或公示版.pdf,PL135_佛山市邸怡居家居有限公司新建项目_01_受理公告或公示版.pdf,.pdf,pdf_pypdf,12,五、环境保护措施监督检查清单,E:\华南理工项目\环评文件汇总\01_GitHub项目与研究文档\eia-openclaw-sync-chen2026\05_QA测试集\人工核查_环评报告出处整理_20260715\环评报告文件_按正文一级章节拆分_20260727\PL135_佛山市邸怡居家居有限公司新建项目_01_受理公告或公示版\12_五、环境保护措施监督检查清单.md,194,2362
E:\华南理工项目\环评文件汇总\01_GitHub项目与研究文档\eia-openclaw-sync-chen2026\05_QA测试集\人工核查_环评报告出处整理_20260715\环评报告文件_按问答顺序\PL135_佛山市邸怡居家居有限公司新建项目_01_受理公告或公示版.pdf,PL135_佛山市邸怡居家居有限公司新建项目_01_受理公告或公示版.pdf,.pdf,pdf_pypdf,13,六、结论,E:\华南理工项目\环评文件汇总\01_GitHub项目与研究文档\eia-openclaw-sync-chen2026\05_QA测试集\人工核查_环评报告出处整理_20260715\环评报告文件_按正文一级章节拆分_20260727\PL135_佛山市邸怡居家居有限公司新建项目_01_受理公告或公示版\13_六、结论.md,6,160
E:\华南理工项目\环评文件汇总\01_GitHub项目与研究文档\eia-openclaw-sync-chen2026\05_QA测试集\人工核查_环评报告出处整理_20260715\环评报告文件_按问答顺序\PL135_佛山市邸怡居家居有限公司新建项目_01_受理公告或公示版.pdf,PL135_佛山市邸怡居家居有限公司新建项目_01_受理公告或公示版.pdf,.pdf,pdf_pypdf,14,附表附图附件,E:\华南理工项目\环评文件汇总\01_GitHub项目与研究文档\eia-openclaw-sync-chen2026\05_QA测试集\人工核查_环评报告出处整理_20260715\环评报告文件_按正文一级章节拆分_20260727\PL135_佛山市邸怡居家居有限公司新建项目_01_受理公告或公示版\14_附表附图附件.md,94,1710
E:\华南理工项目\环评文件汇总\01_GitHub项目与研究文档\eia-openclaw-sync-chen2026\05_QA测试集\人工核查_环评报告出处整理_20260715\环评报告文件_按问答顺序\PL136_佛山市创灏五金塑料有限公司年产塑料制品1250万件迁改扩建项目_01_受理公告或公示版.pdf,PL136_佛山市创灏五金塑料有限公司年产塑料制品1250万件迁改扩建项目_01_受理公告或公示版.pdf,.pdf,pdf_pypdf,1,封面及目录,E:\华南理工项目\环评文件汇总\01_GitHub项目与研究文档\eia-openclaw-sync-chen2026\05_QA测试集\人工核查_环评报告出处整理_20260715\环评报告文件_按正文一级章节拆分_20260727\PL136_佛山市创灏五金塑料有限公司年产塑料制品1250万件迁改扩建项目_01_受理公告或公示版\01_封面及目录.md,2,24
E:\华南理工项目\环评文件汇总\01_GitHub项目与研究文档\eia-openclaw-sync-chen2026\05_QA测试集\人工核查_环评报告出处整理_20260715\环评报告文件_按问答顺序\PL136_佛山市创灏五金塑料有限公司年产塑料制品1250万件迁改扩建项目_01_受理公告或公示版.pdf,PL136_佛山市创灏五金塑料有限公司年产塑料制品1250万件迁改扩建项目_01_受理公告或公示版.pdf,.pdf,pdf_pypdf,2,一、建设项目基本情况 ....................................................................................................................... 1,E:\华南理工项目\环评文件汇总\01_GitHub项目与研究文档\eia-openclaw-sync-chen2026\05_QA测试集\人工核查_环评报告出处整理_20260715\环评报告文件_按正文一级章节拆分_20260727\PL136_佛山市创灏五金塑料有限公司年产塑料制品1250万件迁改扩建项目_01_受理公告或公示版\02_一、建设项目基本情况.md,1,133
E:\华南理工项目\环评文件汇总\01_GitHub项目与研究文档\eia-openclaw-sync-chen2026\05_QA测试集\人工核查_环评报告出处整理_20260715\环评报告文件_按问答顺序\PL136_佛山市创灏五金塑料有限公司年产塑料制品1250万件迁改扩建项目_01_受理公告或公示版.pdf,PL136_佛山市创灏五金塑料有限公司年产塑料制品1250万件迁改扩建项目_01_受理公告或公示版.pdf,.pdf,pdf_pypdf,3,二、建设项目工程分析 ..................................................................................................................... 15,E:\华南理工项目\环评文件汇总\01_GitHub项目与研究文档\eia-openclaw-sync-chen2026\05_QA测试集\人工核查_环评报告出处整理_20260715\环评报告文件_按正文一级章节拆分_20260727\PL136_佛山市创灏五金塑料有限公司年产塑料制品1250万件迁改扩建项目_01_受理公告或公示版\03_二、建设项目工程分析.md,2,228
E:\华南理工项目\环评文件汇总\01_GitHub项目与研究文档\eia-openclaw-sync-chen2026\05_QA测试集\人工核查_环评报告出处整理_20260715\环评报告文件_按问答顺序\PL136_佛山市创灏五金塑料有限公司年产塑料制品1250万件迁改扩建项目_01_受理公告或公示版.pdf,PL136_佛山市创灏五金塑料有限公司年产塑料制品1250万件迁改扩建项目_01_受理公告或公示版.pdf,.pdf,pdf_pypdf,4,四、主要环境影响和保护措施 ......................................................................................................... 35,E:\华南理工项目\环评文件汇总\01_GitHub项目与研究文档\eia-openclaw-sync-chen2026\05_QA测试集\人工核查_环评报告出处整理_20260715\环评报告文件_按正文一级章节拆分_20260727\PL136_佛山市创灏五金塑料有限公司年产塑料制品1250万件迁改扩建项目_01_受理公告或公示版\04_四、主要环境影响和保护措施.md,1,123
E:\华南理工项目\环评文件汇总\01_GitHub项目与研究文档\eia-openclaw-sync-chen2026\05_QA测试集\人工核查_环评报告出处整理_20260715\环评报告文件_按问答顺序\PL136_佛山市创灏五金塑料有限公司年产塑料制品1250万件迁改扩建项目_01_受理公告或公示版.pdf,PL136_佛山市创灏五金塑料有限公司年产塑料制品1250万件迁改扩建项目_01_受理公告或公示版.pdf,.pdf,pdf_pypdf,5,五、环境保护措施监督检查清单 ..................................................................................................... 64,E:\华南理工项目\环评文件汇总\01_GitHub项目与研究文档\eia-openclaw-sync-chen2026\05_QA测试集\人工核查_环评报告出处整理_20260715\环评报告文件_按正文一级章节拆分_20260727\PL136_佛山市创灏五金塑料有限公司年产塑料制品1250万件迁改扩建项目_01_受理公告或公示版\05_五、环境保护措施监督检查清单.md,1,120
E:\华南理工项目\环评文件汇总\01_GitHub项目与研究文档\eia-openclaw-sync-chen2026\05_QA测试集\人工核查_环评报告出处整理_20260715\环评报告文件_按问答顺序\PL136_佛山市创灏五金塑料有限公司年产塑料制品1250万件迁改扩建项目_01_受理公告或公示版.pdf,PL136_佛山市创灏五金塑料有限公司年产塑料制品1250万件迁改扩建项目_01_受理公告或公示版.pdf,.pdf,pdf_pypdf,6,六、结论 ............................................................................................................................................. 66,E:\华南理工项目\环评文件汇总\01_GitHub项目与研究文档\eia-openclaw-sync-chen2026\05_QA测试集\人工核查_环评报告出处整理_20260715\环评报告文件_按正文一级章节拆分_20260727\PL136_佛山市创灏五金塑料有限公司年产塑料制品1250万件迁改扩建项目_01_受理公告或公示版\06_六、结论.md,1,150
E:\华南理工项目\环评文件汇总\01_GitHub项目与研究文档\eia-openclaw-sync-chen2026\05_QA测试集\人工核查_环评报告出处整理_20260715\环评报告文件_按问答顺序\PL136_佛山市创灏五金塑料有限公司年产塑料制品1250万件迁改扩建项目_01_受理公告或公示版.pdf,PL136_佛山市创灏五金塑料有限公司年产塑料制品1250万件迁改扩建项目_01_受理公告或公示版.pdf,.pdf,pdf_pypdf,7,附表附图附件,E:\华南理工项目\环评文件汇总\01_GitHub项目与研究文档\eia-openclaw-sync-chen2026\05_QA测试集\人工核查_环评报告出处整理_20260715\环评报告文件_按正文一级章节拆分_20260727\PL136_佛山市创灏五金塑料有限公司年产塑料制品1250万件迁改扩建项目_01_受理公告或公示版\07_附表附图附件.md,31,3363
E:\华南理工项目\环评文件汇总\01_GitHub项目与研究文档\eia-openclaw-sync-chen2026\05_QA测试集\人工核查_环评报告出处整理_20260715\环评报告文件_按问答顺序\PL136_佛山市创灏五金塑料有限公司年产塑料制品1250万件迁改扩建项目_01_受理公告或公示版.pdf,PL136_佛山市创灏五金塑料有限公司年产塑料制品1250万件迁改扩建项目_01_受理公告或公示版.pdf,.pdf,pdf_pypdf,8,一、建设项目基本情况,E:\华南理工项目\环评文件汇总\01_GitHub项目与研究文档\eia-openclaw-sync-chen2026\05_QA测试集\人工核查_环评报告出处整理_20260715\环评报告文件_按正文一级章节拆分_20260727\PL136_佛山市创灏五金塑料有限公司年产塑料制品1250万件迁改扩建项目_01_受理公告或公示版\08_一、建设项目基本情况.md,931,15166
E:\华南理工项目\环评文件汇总\01_GitHub项目与研究文档\eia-openclaw-sync-chen2026\05_QA测试集\人工核查_环评报告出处整理_20260715\环评报告文件_按问答顺序\PL136_佛山市创灏五金塑料有限公司年产塑料制品1250万件迁改扩建项目_01_受理公告或公示版.pdf,PL136_佛山市创灏五金塑料有限公司年产塑料制品1250万件迁改扩建项目_01_受理公告或公示版.pdf,.pdf,pdf_pypdf,9,二、建设项目工程分析,E:\华南理工项目\环评文件汇总\01_GitHub项目与研究文档\eia-openclaw-sync-chen2026\05_QA测试集\人工核查_环评报告出处整理_20260715\环评报告文件_按正文一级章节拆分_20260727\PL136_佛山市创灏五金塑料有限公司年产塑料制品1250万件迁改扩建项目_01_受理公告或公示版\09_二、建设项目工程分析.md,782,11407
E:\华南理工项目\环评文件汇总\01_GitHub项目与研究文档\eia-openclaw-sync-chen2026\05_QA测试集\人工核查_环评报告出处整理_20260715\环评报告文件_按问答顺序\PL136_佛山市创灏五金塑料有限公司年产塑料制品1250万件迁改扩建项目_01_受理公告或公示版.pdf,PL136_佛山市创灏五金塑料有限公司年产塑料制品1250万件迁改扩建项目_01_受理公告或公示版.pdf,.pdf,pdf_pypdf,10,三、区域环境质量现状、环境保护目标及评价标准,E:\华南理工项目\环评文件汇总\01_GitHub项目与研究文档\eia-openclaw-sync-chen2026\05_QA测试集\人工核查_环评报告出处整理_20260715\环评报告文件_按正文一级章节拆分_20260727\PL136_佛山市创灏五金塑料有限公司年产塑料制品1250万件迁改扩建项目_01_受理公告或公示版\10_三、区域环境质量现状、环境保护目标及评价标准.md,15,235
E:\华南理工项目\环评文件汇总\01_GitHub项目与研究文档\eia-openclaw-sync-chen2026\05_QA测试集\人工核查_环评报告出处整理_20260715\环评报告文件_按问答顺序\PL136_佛山市创灏五金塑料有限公司年产塑料制品1250万件迁改扩建项目_01_受理公告或公示版.pdf,PL136_佛山市创灏五金塑料有限公司年产塑料制品1250万件迁改扩建项目_01_受理公告或公示版.pdf,.pdf,pdf_pypdf,11,附表附图附件,E:\华南理工项目\环评文件汇总\01_GitHub项目与研究文档\eia-openclaw-sync-chen2026\05_QA测试集\人工核查_环评报告出处整理_20260715\环评报告文件_按正文一级章节拆分_20260727\PL136_佛山市创灏五金塑料有限公司年产塑料制品1250万件迁改扩建项目_01_受理公告或公示版\11_附表附图附件.md,254,4566
,,,,0,,E:\华南理工项目\环评文件汇总\01_GitHub项目与研究文档\eia-openclaw-sync-chen2026\05_QA测试集\人工核查_环评报告出处整理_20260715\环评报告文件_按正文一级章节拆分_20260727\PL136_佛山市创灏五金塑料有限公司年产塑料制品1250万件迁改扩建项目_01_受理公告或公示版\12_四、主要环境影响和保护措施.md,0,0
E:\华南理工项目\环评文件汇总\01_GitHub项目与研究文档\eia-openclaw-sync-chen2026\05_QA测试集\人工核查_环评报告出处整理_20260715\环评报告文件_按问答顺序\PL137_佛山市顺德区谦和丰塑料制品厂新建项目_01_受理公告或公示版.pdf,PL137_佛山市顺德区谦和丰塑料制品厂新建项目_01_受理公告或公示版.pdf,.pdf,pdf_pypdf,1,封面及目录,E:\华南理工项目\环评文件汇总\01_GitHub项目与研究文档\eia-openclaw-sync-chen2026\05_QA测试集\人工核查_环评报告出处整理_20260715\环评报告文件_按正文一级章节拆分_20260727\PL137_佛山市顺德区谦和丰塑料制品厂新建项目_01_受理公告或公示版\01_封面及目录.md,2,25
E:\华南理工项目\环评文件汇总\01_GitHub项目与研究文档\eia-openclaw-sync-chen2026\05_QA测试集\人工核查_环评报告出处整理_20260715\环评报告文件_按问答顺序\PL137_佛山市顺德区谦和丰塑料制品厂新建项目_01_受理公告或公示版.pdf,PL137_佛山市顺德区谦和丰塑料制品厂新建项目_01_受理公告或公示版.pdf,.pdf,pdf_pypdf,2,一、建设项目基本情况 ........................................................................................................ 1,E:\华南理工项目\环评文件汇总\01_GitHub项目与研究文档\eia-openclaw-sync-chen2026\05_QA测试集\人工核查_环评报告出处整理_20260715\环评报告文件_按正文一级章节拆分_20260727\PL137_佛山市顺德区谦和丰塑料制品厂新建项目_01_受理公告或公示版\02_一、建设项目基本情况.md,1,118
E:\华南理工项目\环评文件汇总\01_GitHub项目与研究文档\eia-openclaw-sync-chen2026\05_QA测试集\人工核查_环评报告出处整理_20260715\环评报告文件_按问答顺序\PL137_佛山市顺德区谦和丰塑料制品厂新建项目_01_受理公告或公示版.pdf,PL137_佛山市顺德区谦和丰塑料制品厂新建项目_01_受理公告或公示版.pdf,.pdf,pdf_pypdf,3,二、建设项目工程分析 ........................................................................................................ 9,E:\华南理工项目\环评文件汇总\01_GitHub项目与研究文档\eia-openclaw-sync-chen2026\05_QA测试集\人工核查_环评报告出处整理_20260715\环评报告文件_按正文一级章节拆分_20260727\PL137_佛山市顺德区谦和丰塑料制品厂新建项目_01_受理公告或公示版\03_二、建设项目工程分析.md,2,199
E:\华南理工项目\环评文件汇总\01_GitHub项目与研究文档\eia-openclaw-sync-chen2026\05_QA测试集\人工核查_环评报告出处整理_20260715\环评报告文件_按问答顺序\PL137_佛山市顺德区谦和丰塑料制品厂新建项目_01_受理公告或公示版.pdf,PL137_佛山市顺德区谦和丰塑料制品厂新建项目_01_受理公告或公示版.pdf,.pdf,pdf_pypdf,4,四、主要环境影响和保护措施 .......................................................................................... 19,E:\华南理工项目\环评文件汇总\01_GitHub项目与研究文档\eia-openclaw-sync-chen2026\05_QA测试集\人工核查_环评报告出处整理_20260715\环评报告文件_按正文一级章节拆分_20260727\PL137_佛山市顺德区谦和丰塑料制品厂新建项目_01_受理公告或公示版\04_四、主要环境影响和保护措施.md,1,108
E:\华南理工项目\环评文件汇总\01_GitHub项目与研究文档\eia-openclaw-sync-chen2026\05_QA测试集\人工核查_环评报告出处整理_20260715\环评报告文件_按问答顺序\PL137_佛山市顺德区谦和丰塑料制品厂新建项目_01_受理公告或公示版.pdf,PL137_佛山市顺德区谦和丰塑料制品厂新建项目_01_受理公告或公示版.pdf,.pdf,pdf_pypdf,5,五、环境保护措施监督检查清单 ...................................................................................... 37,E:\华南理工项目\环评文件汇总\01_GitHub项目与研究文档\eia-openclaw-sync-chen2026\05_QA测试集\人工核查_环评报告出处整理_20260715\环评报告文件_按正文一级章节拆分_20260727\PL137_佛山市顺德区谦和丰塑料制品厂新建项目_01_受理公告或公示版\05_五、环境保护措施监督检查清单.md,1,105
E:\华南理工项目\环评文件汇总\01_GitHub项目与研究文档\eia-openclaw-sync-chen2026\05_QA测试集\人工核查_环评报告出处整理_20260715\环评报告文件_按问答顺序\PL137_佛山市顺德区谦和丰塑料制品厂新建项目_01_受理公告或公示版.pdf,PL137_佛山市顺德区谦和丰塑料制品厂新建项目_01_受理公告或公示版.pdf,.pdf,pdf_pypdf,6,六、结论 .............................................................................................................................. 40,E:\华南理工项目\环评文件汇总\01_GitHub项目与研究文档\eia-openclaw-sync-chen2026\05_QA测试集\人工核查_环评报告出处整理_20260715\环评报告文件_按正文一级章节拆分_20260727\PL137_佛山市顺德区谦和丰塑料制品厂新建项目_01_受理公告或公示版\06_六、结论.md,1,135
E:\华南理工项目\环评文件汇总\01_GitHub项目与研究文档\eia-openclaw-sync-chen2026\05_QA测试集\人工核查_环评报告出处整理_20260715\环评报告文件_按问答顺序\PL137_佛山市顺德区谦和丰塑料制品厂新建项目_01_受理公告或公示版.pdf,PL137_佛山市顺德区谦和丰塑料制品厂新建项目_01_受理公告或公示版.pdf,.pdf,pdf_pypdf,7,附表附图附件,E:\华南理工项目\环评文件汇总\01_GitHub项目与研究文档\eia-openclaw-sync-chen2026\05_QA测试集\人工核查_环评报告出处整理_20260715\环评报告文件_按正文一级章节拆分_20260727\PL137_佛山市顺德区谦和丰塑料制品厂新建项目_01_受理公告或公示版\07_附表附图附件.md,18,1668
E:\华南理工项目\环评文件汇总\01_GitHub项目与研究文档\eia-openclaw-sync-chen2026\05_QA测试集\人工核查_环评报告出处整理_20260715\环评报告文件_按问答顺序\PL137_佛山市顺德区谦和丰塑料制品厂新建项目_01_受理公告或公示版.pdf,PL137_佛山市顺德区谦和丰塑料制品厂新建项目_01_受理公告或公示版.pdf,.pdf,pdf_pypdf,8,一、建设项目基本情况,E:\华南理工项目\环评文件汇总\01_GitHub项目与研究文档\eia-openclaw-sync-chen2026\05_QA测试集\人工核查_环评报告出处整理_20260715\环评报告文件_按正文一级章节拆分_20260727\PL137_佛山市顺德区谦和丰塑料制品厂新建项目_01_受理公告或公示版\08_一、建设项目基本情况.md,267,4849
E:\华南理工项目\环评文件汇总\01_GitHub项目与研究文档\eia-openclaw-sync-chen2026\05_QA测试集\人工核查_环评报告出处整理_20260715\环评报告文件_按问答顺序\PL137_佛山市顺德区谦和丰塑料制品厂新建项目_01_受理公告或公示版.pdf,PL137_佛山市顺德区谦和丰塑料制品厂新建项目_01_受理公告或公示版.pdf,.pdf,pdf_pypdf,9,附表附图附件,E:\华南理工项目\环评文件汇总\01_GitHub项目与研究文档\eia-openclaw-sync-chen2026\05_QA测试集\人工核查_环评报告出处整理_20260715\环评报告文件_按正文一级章节拆分_20260727\PL137_佛山市顺德区谦和丰塑料制品厂新建项目_01_受理公告或公示版\09_附表附图附件.md,350,6760
E:\华南理工项目\环评文件汇总\01_GitHub项目与研究文档\eia-openclaw-sync-chen2026\05_QA测试集\人工核查_环评报告出处整理_20260715\环评报告文件_按问答顺序\PL137_佛山市顺德区谦和丰塑料制品厂新建项目_01_受理公告或公示版.pdf,PL137_佛山市顺德区谦和丰塑料制品厂新建项目_01_受理公告或公示版.pdf,.pdf,pdf_pypdf,10,二、建设项目工程分析,E:\华南理工项目\环评文件汇总\01_GitHub项目与研究文档\eia-openclaw-sync-chen2026\05_QA测试集\人工核查_环评报告出处整理_20260715\环评报告文件_按正文一级章节拆分_20260727\PL137_佛山市顺德区谦和丰塑料制品厂新建项目_01_受理公告或公示版\10_二、建设项目工程分析.md,230,4366
E:\华南理工项目\环评文件汇总\01_GitHub项目与研究文档\eia-openclaw-sync-chen2026\05_QA测试集\人工核查_环评报告出处整理_20260715\环评报告文件_按问答顺序\PL137_佛山市顺德区谦和丰塑料制品厂新建项目_01_受理公告或公示版.pdf,PL137_佛山市顺德区谦和丰塑料制品厂新建项目_01_受理公告或公示版.pdf,.pdf,pdf_pypdf,11,三、区域环境质量现状、环境保护目标及评价标准,E:\华南理工项目\环评文件汇总\01_GitHub项目与研究文档\eia-openclaw-sync-chen2026\05_QA测试集\人工核查_环评报告出处整理_20260715\环评报告文件_按正文一级章节拆分_20260727\PL137_佛山市顺德区谦和丰塑料制品厂新建项目_01_受理公告或公示版\11_三、区域环境质量现状、环境保护目标及评价标准.md,186,4337
E:\华南理工项目\环评文件汇总\01_GitHub项目与研究文档\eia-openclaw-sync-chen2026\05_QA测试集\人工核查_环评报告出处整理_20260715\环评报告文件_按问答顺序\PL137_佛山市顺德区谦和丰塑料制品厂新建项目_01_受理公告或公示版.pdf,PL137_佛山市顺德区谦和丰塑料制品厂新建项目_01_受理公告或公示版.pdf,.pdf,pdf_pypdf,12,四、主要环境影响和保护措施,E:\华南理工项目\环评文件汇总\01_GitHub项目与研究文档\eia-openclaw-sync-chen2026\05_QA测试集\人工核查_环评报告出处整理_20260715\环评报告文件_按正文一级章节拆分_20260727\PL137_佛山市顺德区谦和丰塑料制品厂新建项目_01_受理公告或公示版\12_四、主要环境影响和保护措施.md,841,17674
E:\华南理工项目\环评文件汇总\01_GitHub项目与研究文档\eia-openclaw-sync-chen2026\05_QA测试集\人工核查_环评报告出处整理_20260715\环评报告文件_按问答顺序\PL137_佛山市顺德区谦和丰塑料制品厂新建项目_01_受理公告或公示版.pdf,PL137_佛山市顺德区谦和丰塑料制品厂新建项目_01_受理公告或公示版.pdf,.pdf,pdf_pypdf,13,五、环境保护措施监督检查清单,E:\华南理工项目\环评文件汇总\01_GitHub项目与研究文档\eia-openclaw-sync-chen2026\05_QA测试集\人工核查_环评报告出处整理_20260715\环评报告文件_按正文一级章节拆分_20260727\PL137_佛山市顺德区谦和丰塑料制品厂新建项目_01_受理公告或公示版\13_五、环境保护措施监督检查清单.md,140,2217
E:\华南理工项目\环评文件汇总\01_GitHub项目与研究文档\eia-openclaw-sync-chen2026\05_QA测试集\人工核查_环评报告出处整理_20260715\环评报告文件_按问答顺序\PL137_佛山市顺德区谦和丰塑料制品厂新建项目_01_受理公告或公示版.pdf,PL137_佛山市顺德区谦和丰塑料制品厂新建项目_01_受理公告或公示版.pdf,.pdf,pdf_pypdf,14,六、结论,E:\华南理工项目\环评文件汇总\01_GitHub项目与研究文档\eia-openclaw-sync-chen2026\05_QA测试集\人工核查_环评报告出处整理_20260715\环评报告文件_按正文一级章节拆分_20260727\PL137_佛山市顺德区谦和丰塑料制品厂新建项目_01_受理公告或公示版\14_六、结论.md,6,142
E:\华南理工项目\环评文件汇总\01_GitHub项目与研究文档\eia-openclaw-sync-chen2026\05_QA测试集\人工核查_环评报告出处整理_20260715\环评报告文件_按问答顺序\PL137_佛山市顺德区谦和丰塑料制品厂新建项目_01_受理公告或公示版.pdf,PL137_佛山市顺德区谦和丰塑料制品厂新建项目_01_受理公告或公示版.pdf,.pdf,pdf_pypdf,15,附表附图附件,E:\华南理工项目\环评文件汇总\01_GitHub项目与研究文档\eia-openclaw-sync-chen2026\05_QA测试集\人工核查_环评报告出处整理_20260715\环评报告文件_按正文一级章节拆分_20260727\PL137_佛山市顺德区谦和丰塑料制品厂新建项目_01_受理公告或公示版\15_附表附图附件.md,107,1395
E:\华南理工项目\环评文件汇总\01_GitHub项目与研究文档\eia-openclaw-sync-chen2026\05_QA测试集\人工核查_环评报告出处整理_20260715\环评报告文件_按问答顺序\PL138_佛山市顺德区谦迅盛塑料制品厂新建项目_01_受理公告或公示版.pdf,PL138_佛山市顺德区谦迅盛塑料制品厂新建项目_01_受理公告或公示版.pdf,.pdf,pdf_pypdf,1,封面及目录,E:\华南理工项目\环评文件汇总\01_GitHub项目与研究文档\eia-openclaw-sync-chen2026\05_QA测试集\人工核查_环评报告出处整理_20260715\环评报告文件_按正文一级章节拆分_20260727\PL138_佛山市顺德区谦迅盛塑料制品厂新建项目_01_受理公告或公示版\01_封面及目录.md,2,25
E:\华南理工项目\环评文件汇总\01_GitHub项目与研究文档\eia-openclaw-sync-chen2026\05_QA测试集\人工核查_环评报告出处整理_20260715\环评报告文件_按问答顺序\PL138_佛山市顺德区谦迅盛塑料制品厂新建项目_01_受理公告或公示版.pdf,PL138_佛山市顺德区谦迅盛塑料制品厂新建项目_01_受理公告或公示版.pdf,.pdf,pdf_pypdf,2,一、建设项目基本情况 ........................................................................................................ 1,E:\华南理工项目\环评文件汇总\01_GitHub项目与研究文档\eia-openclaw-sync-chen2026\05_QA测试集\人工核查_环评报告出处整理_20260715\环评报告文件_按正文一级章节拆分_20260727\PL138_佛山市顺德区谦迅盛塑料制品厂新建项目_01_受理公告或公示版\02_一、建设项目基本情况.md,1,118
E:\华南理工项目\环评文件汇总\01_GitHub项目与研究文档\eia-openclaw-sync-chen2026\05_QA测试集\人工核查_环评报告出处整理_20260715\环评报告文件_按问答顺序\PL138_佛山市顺德区谦迅盛塑料制品厂新建项目_01_受理公告或公示版.pdf,PL138_佛山市顺德区谦迅盛塑料制品厂新建项目_01_受理公告或公示版.pdf,.pdf,pdf_pypdf,3,二、建设项目工程分析 ........................................................................................................ 9,E:\华南理工项目\环评文件汇总\01_GitHub项目与研究文档\eia-openclaw-sync-chen2026\05_QA测试集\人工核查_环评报告出处整理_20260715\环评报告文件_按正文一级章节拆分_20260727\PL138_佛山市顺德区谦迅盛塑料制品厂新建项目_01_受理公告或公示版\03_二、建设项目工程分析.md,2,199
E:\华南理工项目\环评文件汇总\01_GitHub项目与研究文档\eia-openclaw-sync-chen2026\05_QA测试集\人工核查_环评报告出处整理_20260715\环评报告文件_按问答顺序\PL138_佛山市顺德区谦迅盛塑料制品厂新建项目_01_受理公告或公示版.pdf,PL138_佛山市顺德区谦迅盛塑料制品厂新建项目_01_受理公告或公示版.pdf,.pdf,pdf_pypdf,4,四、主要环境影响和保护措施 .......................................................................................... 19,E:\华南理工项目\环评文件汇总\01_GitHub项目与研究文档\eia-openclaw-sync-chen2026\05_QA测试集\人工核查_环评报告出处整理_20260715\环评报告文件_按正文一级章节拆分_20260727\PL138_佛山市顺德区谦迅盛塑料制品厂新建项目_01_受理公告或公示版\04_四、主要环境影响和保护措施.md,1,108
E:\华南理工项目\环评文件汇总\01_GitHub项目与研究文档\eia-openclaw-sync-chen2026\05_QA测试集\人工核查_环评报告出处整理_20260715\环评报告文件_按问答顺序\PL138_佛山市顺德区谦迅盛塑料制品厂新建项目_01_受理公告或公示版.pdf,PL138_佛山市顺德区谦迅盛塑料制品厂新建项目_01_受理公告或公示版.pdf,.pdf,pdf_pypdf,5,五、环境保护措施监督检查清单 ...................................................................................... 37,E:\华南理工项目\环评文件汇总\01_GitHub项目与研究文档\eia-openclaw-sync-chen2026\05_QA测试集\人工核查_环评报告出处整理_20260715\环评报告文件_按正文一级章节拆分_20260727\PL138_佛山市顺德区谦迅盛塑料制品厂新建项目_01_受理公告或公示版\05_五、环境保护措施监督检查清单.md,1,105
E:\华南理工项目\环评文件汇总\01_GitHub项目与研究文档\eia-openclaw-sync-chen2026\05_QA测试集\人工核查_环评报告出处整理_20260715\环评报告文件_按问答顺序\PL138_佛山市顺德区谦迅盛塑料制品厂新建项目_01_受理公告或公示版.pdf,PL138_佛山市顺德区谦迅盛塑料制品厂新建项目_01_受理公告或公示版.pdf,.pdf,pdf_pypdf,6,六、结论 .............................................................................................................................. 40,E:\华南理工项目\环评文件汇总\01_GitHub项目与研究文档\eia-openclaw-sync-chen2026\05_QA测试集\人工核查_环评报告出处整理_20260715\环评报告文件_按正文一级章节拆分_20260727\PL138_佛山市顺德区谦迅盛塑料制品厂新建项目_01_受理公告或公示版\06_六、结论.md,1,135
E:\华南理工项目\环评文件汇总\01_GitHub项目与研究文档\eia-openclaw-sync-chen2026\05_QA测试集\人工核查_环评报告出处整理_20260715\环评报告文件_按问答顺序\PL138_佛山市顺德区谦迅盛塑料制品厂新建项目_01_受理公告或公示版.pdf,PL138_佛山市顺德区谦迅盛塑料制品厂新建项目_01_受理公告或公示版.pdf,.pdf,pdf_pypdf,7,附表附图附件,E:\华南理工项目\环评文件汇总\01_GitHub项目与研究文档\eia-openclaw-sync-chen2026\05_QA测试集\人工核查_环评报告出处整理_20260715\环评报告文件_按正文一级章节拆分_20260727\PL138_佛山市顺德区谦迅盛塑料制品厂新建项目_01_受理公告或公示版\07_附表附图附件.md,17,1550
E:\华南理工项目\环评文件汇总\01_GitHub项目与研究文档\eia-openclaw-sync-chen2026\05_QA测试集\人工核查_环评报告出处整理_20260715\环评报告文件_按问答顺序\PL138_佛山市顺德区谦迅盛塑料制品厂新建项目_01_受理公告或公示版.pdf,PL138_佛山市顺德区谦迅盛塑料制品厂新建项目_01_受理公告或公示版.pdf,.pdf,pdf_pypdf,8,一、建设项目基本情况,E:\华南理工项目\环评文件汇总\01_GitHub项目与研究文档\eia-openclaw-sync-chen2026\05_QA测试集\人工核查_环评报告出处整理_20260715\环评报告文件_按正文一级章节拆分_20260727\PL138_佛山市顺德区谦迅盛塑料制品厂新建项目_01_受理公告或公示版\08_一、建设项目基本情况.md,269,4879
E:\华南理工项目\环评文件汇总\01_GitHub项目与研究文档\eia-openclaw-sync-chen2026\05_QA测试集\人工核查_环评报告出处整理_20260715\环评报告文件_按问答顺序\PL138_佛山市顺德区谦迅盛塑料制品厂新建项目_01_受理公告或公示版.pdf,PL138_佛山市顺德区谦迅盛塑料制品厂新建项目_01_受理公告或公示版.pdf,.pdf,pdf_pypdf,9,附表附图附件,E:\华南理工项目\环评文件汇总\01_GitHub项目与研究文档\eia-openclaw-sync-chen2026\05_QA测试集\人工核查_环评报告出处整理_20260715\环评报告文件_按正文一级章节拆分_20260727\PL138_佛山市顺德区谦迅盛塑料制品厂新建项目_01_受理公告或公示版\09_附表附图附件.md,348,6748
E:\华南理工项目\环评文件汇总\01_GitHub项目与研究文档\eia-openclaw-sync-chen2026\05_QA测试集\人工核查_环评报告出处整理_20260715\环评报告文件_按问答顺序\PL138_佛山市顺德区谦迅盛塑料制品厂新建项目_01_受理公告或公示版.pdf,PL138_佛山市顺德区谦迅盛塑料制品厂新建项目_01_受理公告或公示版.pdf,.pdf,pdf_pypdf,10,二、建设项目工程分析,E:\华南理工项目\环评文件汇总\01_GitHub项目与研究文档\eia-openclaw-sync-chen2026\05_QA测试集\人工核查_环评报告出处整理_20260715\环评报告文件_按正文一级章节拆分_20260727\PL138_佛山市顺德区谦迅盛塑料制品厂新建项目_01_受理公告或公示版\10_二、建设项目工程分析.md,236,4348
E:\华南理工项目\环评文件汇总\01_GitHub项目与研究文档\eia-openclaw-sync-chen2026\05_QA测试集\人工核查_环评报告出处整理_20260715\环评报告文件_按问答顺序\PL138_佛山市顺德区谦迅盛塑料制品厂新建项目_01_受理公告或公示版.pdf,PL138_佛山市顺德区谦迅盛塑料制品厂新建项目_01_受理公告或公示版.pdf,.pdf,pdf_pypdf,11,三、区域环境质量现状、环境保护目标及评价标准,E:\华南理工项目\环评文件汇总\01_GitHub项目与研究文档\eia-openclaw-sync-chen2026\05_QA测试集\人工核查_环评报告出处整理_20260715\环评报告文件_按正文一级章节拆分_20260727\PL138_佛山市顺德区谦迅盛塑料制品厂新建项目_01_受理公告或公示版\11_三、区域环境质量现状、环境保护目标及评价标准.md,185,4316
E:\华南理工项目\环评文件汇总\01_GitHub项目与研究文档\eia-openclaw-sync-chen2026\05_QA测试集\人工核查_环评报告出处整理_20260715\环评报告文件_按问答顺序\PL138_佛山市顺德区谦迅盛塑料制品厂新建项目_01_受理公告或公示版.pdf,PL138_佛山市顺德区谦迅盛塑料制品厂新建项目_01_受理公告或公示版.pdf,.pdf,pdf_pypdf,12,四、主要环境影响和保护措施,E:\华南理工项目\环评文件汇总\01_GitHub项目与研究文档\eia-openclaw-sync-chen2026\05_QA测试集\人工核查_环评报告出处整理_20260715\环评报告文件_按正文一级章节拆分_20260727\PL138_佛山市顺德区谦迅盛塑料制品厂新建项目_01_受理公告或公示版\12_四、主要环境影响和保护措施.md,837,17654
E:\华南理工项目\环评文件汇总\01_GitHub项目与研究文档\eia-openclaw-sync-chen2026\05_QA测试集\人工核查_环评报告出处整理_20260715\环评报告文件_按问答顺序\PL138_佛山市顺德区谦迅盛塑料制品厂新建项目_01_受理公告或公示版.pdf,PL138_佛山市顺德区谦迅盛塑料制品厂新建项目_01_受理公告或公示版.pdf,.pdf,pdf_pypdf,13,五、环境保护措施监督检查清单,E:\华南理工项目\环评文件汇总\01_GitHub项目与研究文档\eia-openclaw-sync-chen2026\05_QA测试集\人工核查_环评报告出处整理_20260715\环评报告文件_按正文一级章节拆分_20260727\PL138_佛山市顺德区谦迅盛塑料制品厂新建项目_01_受理公告或公示版\13_五、环境保护措施监督检查清单.md,142,2221
E:\华南理工项目\环评文件汇总\01_GitHub项目与研究文档\eia-openclaw-sync-chen2026\05_QA测试集\人工核查_环评报告出处整理_20260715\环评报告文件_按问答顺序\PL138_佛山市顺德区谦迅盛塑料制品厂新建项目_01_受理公告或公示版.pdf,PL138_佛山市顺德区谦迅盛塑料制品厂新建项目_01_受理公告或公示版.pdf,.pdf,pdf_pypdf,14,六、结论,E:\华南理工项目\环评文件汇总\01_GitHub项目与研究文档\eia-openclaw-sync-chen2026\05_QA测试集\人工核查_环评报告出处整理_20260715\环评报告文件_按正文一级章节拆分_20260727\PL138_佛山市顺德区谦迅盛塑料制品厂新建项目_01_受理公告或公示版\14_六、结论.md,6,142
E:\华南理工项目\环评文件汇总\01_GitHub项目与研究文档\eia-openclaw-sync-chen2026\05_QA测试集\人工核查_环评报告出处整理_20260715\环评报告文件_按问答顺序\PL138_佛山市顺德区谦迅盛塑料制品厂新建项目_01_受理公告或公示版.pdf,PL138_佛山市顺德区谦迅盛塑料制品厂新建项目_01_受理公告或公示版.pdf,.pdf,pdf_pypdf,15,附表附图附件,E:\华南理工项目\环评文件汇总\01_GitHub项目与研究文档\eia-openclaw-sync-chen2026\05_QA测试集\人工核查_环评报告出处整理_20260715\环评报告文件_按正文一级章节拆分_20260727\PL138_佛山市顺德区谦迅盛塑料制品厂新建项目_01_受理公告或公示版\15_附表附图附件.md,100,1363
E:\华南理工项目\环评文件汇总\01_GitHub项目与研究文档\eia-openclaw-sync-chen2026\05_QA测试集\人工核查_环评报告出处整理_20260715\环评报告文件_按问答顺序\PL140_广东顺德意达电子薄膜器件有限公司扩建项目_01_受理公告或公示版.pdf,PL140_广东顺德意达电子薄膜器件有限公司扩建项目_01_受理公告或公示版.pdf,.pdf,pdf_pypdf,1,封面及目录,E:\华南理工项目\环评文件汇总\01_GitHub项目与研究文档\eia-openclaw-sync-chen2026\05_QA测试集\人工核查_环评报告出处整理_20260715\环评报告文件_按正文一级章节拆分_20260727\PL140_广东顺德意达电子薄膜器件有限公司扩建项目_01_受理公告或公示版\01_封面及目录.md,9,148
E:\华南理工项目\环评文件汇总\01_GitHub项目与研究文档\eia-openclaw-sync-chen2026\05_QA测试集\人工核查_环评报告出处整理_20260715\环评报告文件_按问答顺序\PL140_广东顺德意达电子薄膜器件有限公司扩建项目_01_受理公告或公示版.pdf,PL140_广东顺德意达电子薄膜器件有限公司扩建项目_01_受理公告或公示版.pdf,.pdf,pdf_pypdf,2,一、建设项目基本情况 ......................................................................................................................................1,E:\华南理工项目\环评文件汇总\01_GitHub项目与研究文档\eia-openclaw-sync-chen2026\05_QA测试集\人工核查_环评报告出处整理_20260715\环评报告文件_按正文一级章节拆分_20260727\PL140_广东顺德意达电子薄膜器件有限公司扩建项目_01_受理公告或公示版\02_一、建设项目基本情况.md,1,147
E:\华南理工项目\环评文件汇总\01_GitHub项目与研究文档\eia-openclaw-sync-chen2026\05_QA测试集\人工核查_环评报告出处整理_20260715\环评报告文件_按问答顺序\PL140_广东顺德意达电子薄膜器件有限公司扩建项目_01_受理公告或公示版.pdf,PL140_广东顺德意达电子薄膜器件有限公司扩建项目_01_受理公告或公示版.pdf,.pdf,pdf_pypdf,3,二、建设项目工程分析 ....................................................................................................................................16,E:\华南理工项目\环评文件汇总\01_GitHub项目与研究文档\eia-openclaw-sync-chen2026\05_QA测试集\人工核查_环评报告出处整理_20260715\环评报告文件_按正文一级章节拆分_20260727\PL140_广东顺德意达电子薄膜器件有限公司扩建项目_01_受理公告或公示版\03_二、建设项目工程分析.md,2,256
E:\华南理工项目\环评文件汇总\01_GitHub项目与研究文档\eia-openclaw-sync-chen2026\05_QA测试集\人工核查_环评报告出处整理_20260715\环评报告文件_按问答顺序\PL140_广东顺德意达电子薄膜器件有限公司扩建项目_01_受理公告或公示版.pdf,PL140_广东顺德意达电子薄膜器件有限公司扩建项目_01_受理公告或公示版.pdf,.pdf,pdf_pypdf,4,四、主要环境影响和保护措施 ........................................................................................................................49,E:\华南理工项目\环评文件汇总\01_GitHub项目与研究文档\eia-openclaw-sync-chen2026\05_QA测试集\人工核查_环评报告出处整理_20260715\环评报告文件_按正文一级章节拆分_20260727\PL140_广东顺德意达电子薄膜器件有限公司扩建项目_01_受理公告或公示版\04_四、主要环境影响和保护措施.md,1,137
E:\华南理工项目\环评文件汇总\01_GitHub项目与研究文档\eia-openclaw-sync-chen2026\05_QA测试集\人工核查_环评报告出处整理_20260715\环评报告文件_按问答顺序\PL140_广东顺德意达电子薄膜器件有限公司扩建项目_01_受理公告或公示版.pdf,PL140_广东顺德意达电子薄膜器件有限公司扩建项目_01_受理公告或公示版.pdf,.pdf,pdf_pypdf,5,五、环境保护措施监督检查清单 ....................................................................................................................84,E:\华南理工项目\环评文件汇总\01_GitHub项目与研究文档\eia-openclaw-sync-chen2026\05_QA测试集\人工核查_环评报告出处整理_20260715\环评报告文件_按正文一级章节拆分_20260727\PL140_广东顺德意达电子薄膜器件有限公司扩建项目_01_受理公告或公示版\05_五、环境保护措施监督检查清单.md,1,134
E:\华南理工项目\环评文件汇总\01_GitHub项目与研究文档\eia-openclaw-sync-chen2026\05_QA测试集\人工核查_环评报告出处整理_20260715\环评报告文件_按问答顺序\PL140_广东顺德意达电子薄膜器件有限公司扩建项目_01_受理公告或公示版.pdf,PL140_广东顺德意达电子薄膜器件有限公司扩建项目_01_受理公告或公示版.pdf,.pdf,pdf_pypdf,6,六、结论 ............................................................................................................................................................87,E:\华南理工项目\环评文件汇总\01_GitHub项目与研究文档\eia-openclaw-sync-chen2026\05_QA测试集\人工核查_环评报告出处整理_20260715\环评报告文件_按正文一级章节拆分_20260727\PL140_广东顺德意达电子薄膜器件有限公司扩建项目_01_受理公告或公示版\06_六、结论.md,1,164
E:\华南理工项目\环评文件汇总\01_GitHub项目与研究文档\eia-openclaw-sync-chen2026\05_QA测试集\人工核查_环评报告出处整理_20260715\环评报告文件_按问答顺序\PL140_广东顺德意达电子薄膜器件有限公司扩建项目_01_受理公告或公示版.pdf,PL140_广东顺德意达电子薄膜器件有限公司扩建项目_01_受理公告或公示版.pdf,.pdf,pdf_pypdf,7,附表附图附件,E:\华南理工项目\环评文件汇总\01_GitHub项目与研究文档\eia-openclaw-sync-chen2026\05_QA测试集\人工核查_环评报告出处整理_20260715\环评报告文件_按正文一级章节拆分_20260727\PL140_广东顺德意达电子薄膜器件有限公司扩建项目_01_受理公告或公示版\07_附表附图附件.md,27,3297
E:\华南理工项目\环评文件汇总\01_GitHub项目与研究文档\eia-openclaw-sync-chen2026\05_QA测试集\人工核查_环评报告出处整理_20260715\环评报告文件_按问答顺序\PL140_广东顺德意达电子薄膜器件有限公司扩建项目_01_受理公告或公示版.pdf,PL140_广东顺德意达电子薄膜器件有限公司扩建项目_01_受理公告或公示版.pdf,.pdf,pdf_pypdf,8,一、建设项目基本情况,E:\华南理工项目\环评文件汇总\01_GitHub项目与研究文档\eia-openclaw-sync-chen2026\05_QA测试集\人工核查_环评报告出处整理_20260715\环评报告文件_按正文一级章节拆分_20260727\PL140_广东顺德意达电子薄膜器件有限公司扩建项目_01_受理公告或公示版\08_一、建设项目基本情况.md,769,15588
E:\华南理工项目\环评文件汇总\01_GitHub项目与研究文档\eia-openclaw-sync-chen2026\05_QA测试集\人工核查_环评报告出处整理_20260715\环评报告文件_按问答顺序\PL140_广东顺德意达电子薄膜器件有限公司扩建项目_01_受理公告或公示版.pdf,PL140_广东顺德意达电子薄膜器件有限公司扩建项目_01_受理公告或公示版.pdf,.pdf,pdf_pypdf,9,二、建设项目工程分析,E:\华南理工项目\环评文件汇总\01_GitHub项目与研究文档\eia-openclaw-sync-chen2026\05_QA测试集\人工核查_环评报告出处整理_20260715\环评报告文件_按正文一级章节拆分_20260727\PL140_广东顺德意达电子薄膜器件有限公司扩建项目_01_受理公告或公示版\09_二、建设项目工程分析.md,20,538
E:\华南理工项目\环评文件汇总\01_GitHub项目与研究文档\eia-openclaw-sync-chen2026\05_QA测试集\人工核查_环评报告出处整理_20260715\环评报告文件_按问答顺序\PL140_广东顺德意达电子薄膜器件有限公司扩建项目_01_受理公告或公示版.pdf,PL140_广东顺德意达电子薄膜器件有限公司扩建项目_01_受理公告或公示版.pdf,.pdf,pdf_pypdf,10,二、项目概况,E:\华南理工项目\环评文件汇总\01_GitHub项目与研究文档\eia-openclaw-sync-chen2026\05_QA测试集\人工核查_环评报告出处整理_20260715\环评报告文件_按正文一级章节拆分_20260727\PL140_广东顺德意达电子薄膜器件有限公司扩建项目_01_受理公告或公示版\10_二、项目概况.md,1067,19611
E:\华南理工项目\环评文件汇总\01_GitHub项目与研究文档\eia-openclaw-sync-chen2026\05_QA测试集\人工核查_环评报告出处整理_20260715\环评报告文件_按问答顺序\PL140_广东顺德意达电子薄膜器件有限公司扩建项目_01_受理公告或公示版.pdf,PL140_广东顺德意达电子薄膜器件有限公司扩建项目_01_受理公告或公示版.pdf,.pdf,pdf_pypdf,11,三、区域环境质量现状、环境保护目标及评价标准,E:\华南理工项目\环评文件汇总\01_GitHub项目与研究文档\eia-openclaw-sync-chen2026\05_QA测试集\人工核查_环评报告出处整理_20260715\环评报告文件_按正文一级章节拆分_20260727\PL140_广东顺德意达电子薄膜器件有限公司扩建项目_01_受理公告或公示版\11_三、区域环境质量现状、环境保护目标及评价标准.md,283,6343
E:\华南理工项目\环评文件汇总\01_GitHub项目与研究文档\eia-openclaw-sync-chen2026\05_QA测试集\人工核查_环评报告出处整理_20260715\环评报告文件_按问答顺序\PL140_广东顺德意达电子薄膜器件有限公司扩建项目_01_受理公告或公示版.pdf,PL140_广东顺德意达电子薄膜器件有限公司扩建项目_01_受理公告或公示版.pdf,.pdf,pdf_pypdf,12,四、主要环境影响和保护措施,E:\华南理工项目\环评文件汇总\01_GitHub项目与研究文档\eia-openclaw-sync-chen2026\05_QA测试集\人工核查_环评报告出处整理_20260715\环评报告文件_按正文一级章节拆分_20260727\PL140_广东顺德意达电子薄膜器件有限公司扩建项目_01_受理公告或公示版\12_四、主要环境影响和保护措施.md,1629,29768
E:\华南理工项目\环评文件汇总\01_GitHub项目与研究文档\eia-openclaw-sync-chen2026\05_QA测试集\人工核查_环评报告出处整理_20260715\环评报告文件_按问答顺序\PL140_广东顺德意达电子薄膜器件有限公司扩建项目_01_受理公告或公示版.pdf,PL140_广东顺德意达电子薄膜器件有限公司扩建项目_01_受理公告或公示版.pdf,.pdf,pdf_pypdf,13,五、环境保护措施监督检查清单,E:\华南理工项目\环评文件汇总\01_GitHub项目与研究文档\eia-openclaw-sync-chen2026\05_QA测试集\人工核查_环评报告出处整理_20260715\环评报告文件_按正文一级章节拆分_20260727\PL140_广东顺德意达电子薄膜器件有限公司扩建项目_01_受理公告或公示版\13_五、环境保护措施监督检查清单.md,164,2421
E:\华南理工项目\环评文件汇总\01_GitHub项目与研究文档\eia-openclaw-sync-chen2026\05_QA测试集\人工核查_环评报告出处整理_20260715\环评报告文件_按问答顺序\PL140_广东顺德意达电子薄膜器件有限公司扩建项目_01_受理公告或公示版.pdf,PL140_广东顺德意达电子薄膜器件有限公司扩建项目_01_受理公告或公示版.pdf,.pdf,pdf_pypdf,14,六、结论,E:\华南理工项目\环评文件汇总\01_GitHub项目与研究文档\eia-openclaw-sync-chen2026\05_QA测试集\人工核查_环评报告出处整理_20260715\环评报告文件_按正文一级章节拆分_20260727\PL140_广东顺德意达电子薄膜器件有限公司扩建项目_01_受理公告或公示版\14_六、结论.md,7,149
E:\华南理工项目\环评文件汇总\01_GitHub项目与研究文档\eia-openclaw-sync-chen2026\05_QA测试集\人工核查_环评报告出处整理_20260715\环评报告文件_按问答顺序\PL140_广东顺德意达电子薄膜器件有限公司扩建项目_01_受理公告或公示版.pdf,PL140_广东顺德意达电子薄膜器件有限公司扩建项目_01_受理公告或公示版.pdf,.pdf,pdf_pypdf,15,附表附图附件,E:\华南理工项目\环评文件汇总\01_GitHub项目与研究文档\eia-openclaw-sync-chen2026\05_QA测试集\人工核查_环评报告出处整理_20260715\环评报告文件_按正文一级章节拆分_20260727\PL140_广东顺德意达电子薄膜器件有限公司扩建项目_01_受理公告或公示版\15_附表附图附件.md,113,1744
E:\华南理工项目\环评文件汇总\01_GitHub项目与研究文档\eia-openclaw-sync-chen2026\05_QA测试集\人工核查_环评报告出处整理_20260715\环评报告文件_按问答顺序\PL141_佛山市加耐安塑料制品有限公司新建项目_01_受理公告或公示版.pdf,PL141_佛山市加耐安塑料制品有限公司新建项目_01_受理公告或公示版.pdf,.pdf,pdf_pypdf,1,封面及目录,E:\华南理工项目\环评文件汇总\01_GitHub项目与研究文档\eia-openclaw-sync-chen2026\05_QA测试集\人工核查_环评报告出处整理_20260715\环评报告文件_按正文一级章节拆分_20260727\PL141_佛山市加耐安塑料制品有限公司新建项目_01_受理公告或公示版\01_封面及目录.md,2,24
E:\华南理工项目\环评文件汇总\01_GitHub项目与研究文档\eia-openclaw-sync-chen2026\05_QA测试集\人工核查_环评报告出处整理_20260715\环评报告文件_按问答顺序\PL141_佛山市加耐安塑料制品有限公司新建项目_01_受理公告或公示版.pdf,PL141_佛山市加耐安塑料制品有限公司新建项目_01_受理公告或公示版.pdf,.pdf,pdf_pypdf,2,一、建设项目基本情况 ........................................................................................................................................1,E:\华南理工项目\环评文件汇总\01_GitHub项目与研究文档\eia-openclaw-sync-chen2026\05_QA测试集\人工核查_环评报告出处整理_20260715\环评报告文件_按正文一级章节拆分_20260727\PL141_佛山市加耐安塑料制品有限公司新建项目_01_受理公告或公示版\02_一、建设项目基本情况.md,1,149
E:\华南理工项目\环评文件汇总\01_GitHub项目与研究文档\eia-openclaw-sync-chen2026\05_QA测试集\人工核查_环评报告出处整理_20260715\环评报告文件_按问答顺序\PL141_佛山市加耐安塑料制品有限公司新建项目_01_受理公告或公示版.pdf,PL141_佛山市加耐安塑料制品有限公司新建项目_01_受理公告或公示版.pdf,.pdf,pdf_pypdf,3,二、建设项目工程分析 ......................................................................................................................................16,E:\华南理工项目\环评文件汇总\01_GitHub项目与研究文档\eia-openclaw-sync-chen2026\05_QA测试集\人工核查_环评报告出处整理_20260715\环评报告文件_按正文一级章节拆分_20260727\PL141_佛山市加耐安塑料制品有限公司新建项目_01_受理公告或公示版\03_二、建设项目工程分析.md,3,402
E:\华南理工项目\环评文件汇总\01_GitHub项目与研究文档\eia-openclaw-sync-chen2026\05_QA测试集\人工核查_环评报告出处整理_20260715\环评报告文件_按问答顺序\PL141_佛山市加耐安塑料制品有限公司新建项目_01_受理公告或公示版.pdf,PL141_佛山市加耐安塑料制品有限公司新建项目_01_受理公告或公示版.pdf,.pdf,pdf_pypdf,4,五、环境保护措施监督检查清单 ..................................................................................................................... 63,E:\华南理工项目\环评文件汇总\01_GitHub项目与研究文档\eia-openclaw-sync-chen2026\05_QA测试集\人工核查_环评报告出处整理_20260715\环评报告文件_按正文一级章节拆分_20260727\PL141_佛山市加耐安塑料制品有限公司新建项目_01_受理公告或公示版\04_五、环境保护措施监督检查清单.md,1,136
E:\华南理工项目\环评文件汇总\01_GitHub项目与研究文档\eia-openclaw-sync-chen2026\05_QA测试集\人工核查_环评报告出处整理_20260715\环评报告文件_按问答顺序\PL141_佛山市加耐安塑料制品有限公司新建项目_01_受理公告或公示版.pdf,PL141_佛山市加耐安塑料制品有限公司新建项目_01_受理公告或公示版.pdf,.pdf,pdf_pypdf,5,六、结论 ..............................................................................................................................................................65,E:\华南理工项目\环评文件汇总\01_GitHub项目与研究文档\eia-openclaw-sync-chen2026\05_QA测试集\人工核查_环评报告出处整理_20260715\环评报告文件_按正文一级章节拆分_20260727\PL141_佛山市加耐安塑料制品有限公司新建项目_01_受理公告或公示版\05_六、结论.md,1,166
E:\华南理工项目\环评文件汇总\01_GitHub项目与研究文档\eia-openclaw-sync-chen2026\05_QA测试集\人工核查_环评报告出处整理_20260715\环评报告文件_按问答顺序\PL141_佛山市加耐安塑料制品有限公司新建项目_01_受理公告或公示版.pdf,PL141_佛山市加耐安塑料制品有限公司新建项目_01_受理公告或公示版.pdf,.pdf,pdf_pypdf,6,附表附图附件,E:\华南理工项目\环评文件汇总\01_GitHub项目与研究文档\eia-openclaw-sync-chen2026\05_QA测试集\人工核查_环评报告出处整理_20260715\环评报告文件_按正文一级章节拆分_20260727\PL141_佛山市加耐安塑料制品有限公司新建项目_01_受理公告或公示版\06_附表附图附件.md,22,2856
E:\华南理工项目\环评文件汇总\01_GitHub项目与研究文档\eia-openclaw-sync-chen2026\05_QA测试集\人工核查_环评报告出处整理_20260715\环评报告文件_按问答顺序\PL141_佛山市加耐安塑料制品有限公司新建项目_01_受理公告或公示版.pdf,PL141_佛山市加耐安塑料制品有限公司新建项目_01_受理公告或公示版.pdf,.pdf,pdf_pypdf,7,一、建设项目基本情况,E:\华南理工项目\环评文件汇总\01_GitHub项目与研究文档\eia-openclaw-sync-chen2026\05_QA测试集\人工核查_环评报告出处整理_20260715\环评报告文件_按正文一级章节拆分_20260727\PL141_佛山市加耐安塑料制品有限公司新建项目_01_受理公告或公示版\07_一、建设项目基本情况.md,1069,18798
E:\华南理工项目\环评文件汇总\01_GitHub项目与研究文档\eia-openclaw-sync-chen2026\05_QA测试集\人工核查_环评报告出处整理_20260715\环评报告文件_按问答顺序\PL141_佛山市加耐安塑料制品有限公司新建项目_01_受理公告或公示版.pdf,PL141_佛山市加耐安塑料制品有限公司新建项目_01_受理公告或公示版.pdf,.pdf,pdf_pypdf,8,二、建设项目工程分析,E:\华南理工项目\环评文件汇总\01_GitHub项目与研究文档\eia-openclaw-sync-chen2026\05_QA测试集\人工核查_环评报告出处整理_20260715\环评报告文件_按正文一级章节拆分_20260727\PL141_佛山市加耐安塑料制品有限公司新建项目_01_受理公告或公示版\08_二、建设项目工程分析.md,540,10351
E:\华南理工项目\环评文件汇总\01_GitHub项目与研究文档\eia-openclaw-sync-chen2026\05_QA测试集\人工核查_环评报告出处整理_20260715\环评报告文件_按问答顺序\PL141_佛山市加耐安塑料制品有限公司新建项目_01_受理公告或公示版.pdf,PL141_佛山市加耐安塑料制品有限公司新建项目_01_受理公告或公示版.pdf,.pdf,pdf_pypdf,9,三、区域环境质量现状、环境保护目标及评价标准,E:\华南理工项目\环评文件汇总\01_GitHub项目与研究文档\eia-openclaw-sync-chen2026\05_QA测试集\人工核查_环评报告出处整理_20260715\环评报告文件_按正文一级章节拆分_20260727\PL141_佛山市加耐安塑料制品有限公司新建项目_01_受理公告或公示版\09_三、区域环境质量现状、环境保护目标及评价标准.md,1868,36877
E:\华南理工项目\环评文件汇总\01_GitHub项目与研究文档\eia-openclaw-sync-chen2026\05_QA测试集\人工核查_环评报告出处整理_20260715\环评报告文件_按问答顺序\PL141_佛山市加耐安塑料制品有限公司新建项目_01_受理公告或公示版.pdf,PL141_佛山市加耐安塑料制品有限公司新建项目_01_受理公告或公示版.pdf,.pdf,pdf_pypdf,10,五、环境保护措施监督检查清单,E:\华南理工项目\环评文件汇总\01_GitHub项目与研究文档\eia-openclaw-sync-chen2026\05_QA测试集\人工核查_环评报告出处整理_20260715\环评报告文件_按正文一级章节拆分_20260727\PL141_佛山市加耐安塑料制品有限公司新建项目_01_受理公告或公示版\10_五、环境保护措施监督检查清单.md,145,2372
E:\华南理工项目\环评文件汇总\01_GitHub项目与研究文档\eia-openclaw-sync-chen2026\05_QA测试集\人工核查_环评报告出处整理_20260715\环评报告文件_按问答顺序\PL141_佛山市加耐安塑料制品有限公司新建项目_01_受理公告或公示版.pdf,PL141_佛山市加耐安塑料制品有限公司新建项目_01_受理公告或公示版.pdf,.pdf,pdf_pypdf,11,六、结论,E:\华南理工项目\环评文件汇总\01_GitHub项目与研究文档\eia-openclaw-sync-chen2026\05_QA测试集\人工核查_环评报告出处整理_20260715\环评报告文件_按正文一级章节拆分_20260727\PL141_佛山市加耐安塑料制品有限公司新建项目_01_受理公告或公示版\11_六、结论.md,7,205
E:\华南理工项目\环评文件汇总\01_GitHub项目与研究文档\eia-openclaw-sync-chen2026\05_QA测试集\人工核查_环评报告出处整理_20260715\环评报告文件_按问答顺序\PL141_佛山市加耐安塑料制品有限公司新建项目_01_受理公告或公示版.pdf,PL141_佛山市加耐安塑料制品有限公司新建项目_01_受理公告或公示版.pdf,.pdf,pdf_pypdf,12,附表附图附件,E:\华南理工项目\环评文件汇总\01_GitHub项目与研究文档\eia-openclaw-sync-chen2026\05_QA测试集\人工核查_环评报告出处整理_20260715\环评报告文件_按正文一级章节拆分_20260727\PL141_佛山市加耐安塑料制品有限公司新建项目_01_受理公告或公示版\12_附表附图附件.md,103,1541
E:\华南理工项目\环评文件汇总\01_GitHub项目与研究文档\eia-openclaw-sync-chen2026\05_QA测试集\人工核查_环评报告出处整理_20260715\环评报告文件_按问答顺序\PL142_佛山市京耘科技有限公司新建项目_01_受理公告或公示版.pdf,PL142_佛山市京耘科技有限公司新建项目_01_受理公告或公示版.pdf,.pdf,pdf_pypdf,1,封面及目录,E:\华南理工项目\环评文件汇总\01_GitHub项目与研究文档\eia-openclaw-sync-chen2026\05_QA测试集\人工核查_环评报告出处整理_20260715\环评报告文件_按正文一级章节拆分_20260727\PL142_佛山市京耘科技有限公司新建项目_01_受理公告或公示版\01_封面及目录.md,2,25
E:\华南理工项目\环评文件汇总\01_GitHub项目与研究文档\eia-openclaw-sync-chen2026\05_QA测试集\人工核查_环评报告出处整理_20260715\环评报告文件_按问答顺序\PL142_佛山市京耘科技有限公司新建项目_01_受理公告或公示版.pdf,PL142_佛山市京耘科技有限公司新建项目_01_受理公告或公示版.pdf,.pdf,pdf_pypdf,2,一、建设项目基本情况 ............................................................................................................ 1,E:\华南理工项目\环评文件汇总\01_GitHub项目与研究文档\eia-openclaw-sync-chen2026\05_QA测试集\人工核查_环评报告出处整理_20260715\环评报告文件_按正文一级章节拆分_20260727\PL142_佛山市京耘科技有限公司新建项目_01_受理公告或公示版\02_一、建设项目基本情况.md,1,122
E:\华南理工项目\环评文件汇总\01_GitHub项目与研究文档\eia-openclaw-sync-chen2026\05_QA测试集\人工核查_环评报告出处整理_20260715\环评报告文件_按问答顺序\PL142_佛山市京耘科技有限公司新建项目_01_受理公告或公示版.pdf,PL142_佛山市京耘科技有限公司新建项目_01_受理公告或公示版.pdf,.pdf,pdf_pypdf,3,二、建设项目工程分析 .......................................................................................................... 12,E:\华南理工项目\环评文件汇总\01_GitHub项目与研究文档\eia-openclaw-sync-chen2026\05_QA测试集\人工核查_环评报告出处整理_20260715\环评报告文件_按正文一级章节拆分_20260727\PL142_佛山市京耘科技有限公司新建项目_01_受理公告或公示版\03_二、建设项目工程分析.md,2,205
E:\华南理工项目\环评文件汇总\01_GitHub项目与研究文档\eia-openclaw-sync-chen2026\05_QA测试集\人工核查_环评报告出处整理_20260715\环评报告文件_按问答顺序\PL142_佛山市京耘科技有限公司新建项目_01_受理公告或公示版.pdf,PL142_佛山市京耘科技有限公司新建项目_01_受理公告或公示版.pdf,.pdf,pdf_pypdf,4,四、主要环境影响和保护措施 .............................................................................................. 25,E:\华南理工项目\环评文件汇总\01_GitHub项目与研究文档\eia-openclaw-sync-chen2026\05_QA测试集\人工核查_环评报告出处整理_20260715\环评报告文件_按正文一级章节拆分_20260727\PL142_佛山市京耘科技有限公司新建项目_01_受理公告或公示版\04_四、主要环境影响和保护措施.md,1,112
E:\华南理工项目\环评文件汇总\01_GitHub项目与研究文档\eia-openclaw-sync-chen2026\05_QA测试集\人工核查_环评报告出处整理_20260715\环评报告文件_按问答顺序\PL142_佛山市京耘科技有限公司新建项目_01_受理公告或公示版.pdf,PL142_佛山市京耘科技有限公司新建项目_01_受理公告或公示版.pdf,.pdf,pdf_pypdf,5,五、环境保护措施监督检查清单 .......................................................................................... 47,E:\华南理工项目\环评文件汇总\01_GitHub项目与研究文档\eia-openclaw-sync-chen2026\05_QA测试集\人工核查_环评报告出处整理_20260715\环评报告文件_按正文一级章节拆分_20260727\PL142_佛山市京耘科技有限公司新建项目_01_受理公告或公示版\05_五、环境保护措施监督检查清单.md,1,109
E:\华南理工项目\环评文件汇总\01_GitHub项目与研究文档\eia-openclaw-sync-chen2026\05_QA测试集\人工核查_环评报告出处整理_20260715\环评报告文件_按问答顺序\PL142_佛山市京耘科技有限公司新建项目_01_受理公告或公示版.pdf,PL142_佛山市京耘科技有限公司新建项目_01_受理公告或公示版.pdf,.pdf,pdf_pypdf,6,六、结论 .................................................................................................................................. 51,E:\华南理工项目\环评文件汇总\01_GitHub项目与研究文档\eia-openclaw-sync-chen2026\05_QA测试集\人工核查_环评报告出处整理_20260715\环评报告文件_按正文一级章节拆分_20260727\PL142_佛山市京耘科技有限公司新建项目_01_受理公告或公示版\06_六、结论.md,1,139
E:\华南理工项目\环评文件汇总\01_GitHub项目与研究文档\eia-openclaw-sync-chen2026\05_QA测试集\人工核查_环评报告出处整理_20260715\环评报告文件_按问答顺序\PL142_佛山市京耘科技有限公司新建项目_01_受理公告或公示版.pdf,PL142_佛山市京耘科技有限公司新建项目_01_受理公告或公示版.pdf,.pdf,pdf_pypdf,7,附表附图附件,E:\华南理工项目\环评文件汇总\01_GitHub项目与研究文档\eia-openclaw-sync-chen2026\05_QA测试集\人工核查_环评报告出处整理_20260715\环评报告文件_按正文一级章节拆分_20260727\PL142_佛山市京耘科技有限公司新建项目_01_受理公告或公示版\07_附表附图附件.md,18,1807
E:\华南理工项目\环评文件汇总\01_GitHub项目与研究文档\eia-openclaw-sync-chen2026\05_QA测试集\人工核查_环评报告出处整理_20260715\环评报告文件_按问答顺序\PL142_佛山市京耘科技有限公司新建项目_01_受理公告或公示版.pdf,PL142_佛山市京耘科技有限公司新建项目_01_受理公告或公示版.pdf,.pdf,pdf_pypdf,8,一、建设项目基本情况,E:\华南理工项目\环评文件汇总\01_GitHub项目与研究文档\eia-openclaw-sync-chen2026\05_QA测试集\人工核查_环评报告出处整理_20260715\环评报告文件_按正文一级章节拆分_20260727\PL142_佛山市京耘科技有限公司新建项目_01_受理公告或公示版\08_一、建设项目基本情况.md,794,10958
E:\华南理工项目\环评文件汇总\01_GitHub项目与研究文档\eia-openclaw-sync-chen2026\05_QA测试集\人工核查_环评报告出处整理_20260715\环评报告文件_按问答顺序\PL142_佛山市京耘科技有限公司新建项目_01_受理公告或公示版.pdf,PL142_佛山市京耘科技有限公司新建项目_01_受理公告或公示版.pdf,.pdf,pdf_pypdf,9,二、建设项目工程分析,E:\华南理工项目\环评文件汇总\01_GitHub项目与研究文档\eia-openclaw-sync-chen2026\05_QA测试集\人工核查_环评报告出处整理_20260715\环评报告文件_按正文一级章节拆分_20260727\PL142_佛山市京耘科技有限公司新建项目_01_受理公告或公示版\09_二、建设项目工程分析.md,267,5224
E:\华南理工项目\环评文件汇总\01_GitHub项目与研究文档\eia-openclaw-sync-chen2026\05_QA测试集\人工核查_环评报告出处整理_20260715\环评报告文件_按问答顺序\PL142_佛山市京耘科技有限公司新建项目_01_受理公告或公示版.pdf,PL142_佛山市京耘科技有限公司新建项目_01_受理公告或公示版.pdf,.pdf,pdf_pypdf,10,三、区域环境质量现状、环境保护目标及评价标准,E:\华南理工项目\环评文件汇总\01_GitHub项目与研究文档\eia-openclaw-sync-chen2026\05_QA测试集\人工核查_环评报告出处整理_20260715\环评报告文件_按正文一级章节拆分_20260727\PL142_佛山市京耘科技有限公司新建项目_01_受理公告或公示版\10_三、区域环境质量现状、环境保护目标及评价标准.md,219,4573
E:\华南理工项目\环评文件汇总\01_GitHub项目与研究文档\eia-openclaw-sync-chen2026\05_QA测试集\人工核查_环评报告出处整理_20260715\环评报告文件_按问答顺序\PL142_佛山市京耘科技有限公司新建项目_01_受理公告或公示版.pdf,PL142_佛山市京耘科技有限公司新建项目_01_受理公告或公示版.pdf,.pdf,pdf_pypdf,11,四、主要环境影响和保护措施,E:\华南理工项目\环评文件汇总\01_GitHub项目与研究文档\eia-openclaw-sync-chen2026\05_QA测试集\人工核查_环评报告出处整理_20260715\环评报告文件_按正文一级章节拆分_20260727\PL142_佛山市京耘科技有限公司新建项目_01_受理公告或公示版\11_四、主要环境影响和保护措施.md,1229,19434
E:\华南理工项目\环评文件汇总\01_GitHub项目与研究文档\eia-openclaw-sync-chen2026\05_QA测试集\人工核查_环评报告出处整理_20260715\环评报告文件_按问答顺序\PL142_佛山市京耘科技有限公司新建项目_01_受理公告或公示版.pdf,PL142_佛山市京耘科技有限公司新建项目_01_受理公告或公示版.pdf,.pdf,pdf_pypdf,12,五、环境保护措施监督检查清单,E:\华南理工项目\环评文件汇总\01_GitHub项目与研究文档\eia-openclaw-sync-chen2026\05_QA测试集\人工核查_环评报告出处整理_20260715\环评报告文件_按正文一级章节拆分_20260727\PL142_佛山市京耘科技有限公司新建项目_01_受理公告或公示版\12_五、环境保护措施监督检查清单.md,172,2821
E:\华南理工项目\环评文件汇总\01_GitHub项目与研究文档\eia-openclaw-sync-chen2026\05_QA测试集\人工核查_环评报告出处整理_20260715\环评报告文件_按问答顺序\PL142_佛山市京耘科技有限公司新建项目_01_受理公告或公示版.pdf,PL142_佛山市京耘科技有限公司新建项目_01_受理公告或公示版.pdf,.pdf,pdf_pypdf,13,六、结论,E:\华南理工项目\环评文件汇总\01_GitHub项目与研究文档\eia-openclaw-sync-chen2026\05_QA测试集\人工核查_环评报告出处整理_20260715\环评报告文件_按正文一级章节拆分_20260727\PL142_佛山市京耘科技有限公司新建项目_01_受理公告或公示版\13_六、结论.md,12,323
E:\华南理工项目\环评文件汇总\01_GitHub项目与研究文档\eia-openclaw-sync-chen2026\05_QA测试集\人工核查_环评报告出处整理_20260715\环评报告文件_按问答顺序\PL142_佛山市京耘科技有限公司新建项目_01_受理公告或公示版.pdf,PL142_佛山市京耘科技有限公司新建项目_01_受理公告或公示版.pdf,.pdf,pdf_pypdf,14,附表附图附件,E:\华南理工项目\环评文件汇总\01_GitHub项目与研究文档\eia-openclaw-sync-chen2026\05_QA测试集\人工核查_环评报告出处整理_20260715\环评报告文件_按正文一级章节拆分_20260727\PL142_佛山市京耘科技有限公司新建项目_01_受理公告或公示版\14_附表附图附件.md,127,1641
E:\华南理工项目\环评文件汇总\01_GitHub项目与研究文档\eia-openclaw-sync-chen2026\05_QA测试集\人工核查_环评报告出处整理_20260715\环评报告文件_按问答顺序\PL143_佛山市汇铭臻新材料科技有限公司新建项目_01_受理公告或公示版.pdf,PL143_佛山市汇铭臻新材料科技有限公司新建项目_01_受理公告或公示版.pdf,.pdf,pdf_pypdf,1,封面及目录,E:\华南理工项目\环评文件汇总\01_GitHub项目与研究文档\eia-openclaw-sync-chen2026\05_QA测试集\人工核查_环评报告出处整理_20260715\环评报告文件_按正文一级章节拆分_20260727\PL143_佛山市汇铭臻新材料科技有限公司新建项目_01_受理公告或公示版\01_封面及目录.md,2,24
E:\华南理工项目\环评文件汇总\01_GitHub项目与研究文档\eia-openclaw-sync-chen2026\05_QA测试集\人工核查_环评报告出处整理_20260715\环评报告文件_按问答顺序\PL143_佛山市汇铭臻新材料科技有限公司新建项目_01_受理公告或公示版.pdf,PL143_佛山市汇铭臻新材料科技有限公司新建项目_01_受理公告或公示版.pdf,.pdf,pdf_pypdf,2,一、建设项目基本情况 ........................................................................................................ 1,E:\华南理工项目\环评文件汇总\01_GitHub项目与研究文档\eia-openclaw-sync-chen2026\05_QA测试集\人工核查_环评报告出处整理_20260715\环评报告文件_按正文一级章节拆分_20260727\PL143_佛山市汇铭臻新材料科技有限公司新建项目_01_受理公告或公示版\02_一、建设项目基本情况.md,1,118
E:\华南理工项目\环评文件汇总\01_GitHub项目与研究文档\eia-openclaw-sync-chen2026\05_QA测试集\人工核查_环评报告出处整理_20260715\环评报告文件_按问答顺序\PL143_佛山市汇铭臻新材料科技有限公司新建项目_01_受理公告或公示版.pdf,PL143_佛山市汇铭臻新材料科技有限公司新建项目_01_受理公告或公示版.pdf,.pdf,pdf_pypdf,3,二、建设项目工程分析 ...................................................................................................... 13,E:\华南理工项目\环评文件汇总\01_GitHub项目与研究文档\eia-openclaw-sync-chen2026\05_QA测试集\人工核查_环评报告出处整理_20260715\环评报告文件_按正文一级章节拆分_20260727\PL143_佛山市汇铭臻新材料科技有限公司新建项目_01_受理公告或公示版\03_二、建设项目工程分析.md,2,198
E:\华南理工项目\环评文件汇总\01_GitHub项目与研究文档\eia-openclaw-sync-chen2026\05_QA测试集\人工核查_环评报告出处整理_20260715\环评报告文件_按问答顺序\PL143_佛山市汇铭臻新材料科技有限公司新建项目_01_受理公告或公示版.pdf,PL143_佛山市汇铭臻新材料科技有限公司新建项目_01_受理公告或公示版.pdf,.pdf,pdf_pypdf,4,四、 主要环境影响和保护措施 ........................................................................................ 35,E:\华南理工项目\环评文件汇总\01_GitHub项目与研究文档\eia-openclaw-sync-chen2026\05_QA测试集\人工核查_环评报告出处整理_20260715\环评报告文件_按正文一级章节拆分_20260727\PL143_佛山市汇铭臻新材料科技有限公司新建项目_01_受理公告或公示版\04_四、_主要环境影响和保护措施.md,1,107
E:\华南理工项目\环评文件汇总\01_GitHub项目与研究文档\eia-openclaw-sync-chen2026\05_QA测试集\人工核查_环评报告出处整理_20260715\环评报告文件_按问答顺序\PL143_佛山市汇铭臻新材料科技有限公司新建项目_01_受理公告或公示版.pdf,PL143_佛山市汇铭臻新材料科技有限公司新建项目_01_受理公告或公示版.pdf,.pdf,pdf_pypdf,5,五、环境保护措施监督检查清单 ...................................................................................... 65,E:\华南理工项目\环评文件汇总\01_GitHub项目与研究文档\eia-openclaw-sync-chen2026\05_QA测试集\人工核查_环评报告出处整理_20260715\环评报告文件_按正文一级章节拆分_20260727\PL143_佛山市汇铭臻新材料科技有限公司新建项目_01_受理公告或公示版\05_五、环境保护措施监督检查清单.md,1,105
E:\华南理工项目\环评文件汇总\01_GitHub项目与研究文档\eia-openclaw-sync-chen2026\05_QA测试集\人工核查_环评报告出处整理_20260715\环评报告文件_按问答顺序\PL143_佛山市汇铭臻新材料科技有限公司新建项目_01_受理公告或公示版.pdf,PL143_佛山市汇铭臻新材料科技有限公司新建项目_01_受理公告或公示版.pdf,.pdf,pdf_pypdf,6,六、结论 .............................................................................................................................. 67,E:\华南理工项目\环评文件汇总\01_GitHub项目与研究文档\eia-openclaw-sync-chen2026\05_QA测试集\人工核查_环评报告出处整理_20260715\环评报告文件_按正文一级章节拆分_20260727\PL143_佛山市汇铭臻新材料科技有限公司新建项目_01_受理公告或公示版\06_六、结论.md,2,243
E:\华南理工项目\环评文件汇总\01_GitHub项目与研究文档\eia-openclaw-sync-chen2026\05_QA测试集\人工核查_环评报告出处整理_20260715\环评报告文件_按问答顺序\PL143_佛山市汇铭臻新材料科技有限公司新建项目_01_受理公告或公示版.pdf,PL143_佛山市汇铭臻新材料科技有限公司新建项目_01_受理公告或公示版.pdf,.pdf,pdf_pypdf,7,附表附图附件,E:\华南理工项目\环评文件汇总\01_GitHub项目与研究文档\eia-openclaw-sync-chen2026\05_QA测试集\人工核查_环评报告出处整理_20260715\环评报告文件_按正文一级章节拆分_20260727\PL143_佛山市汇铭臻新材料科技有限公司新建项目_01_受理公告或公示版\07_附表附图附件.md,15,1413
E:\华南理工项目\环评文件汇总\01_GitHub项目与研究文档\eia-openclaw-sync-chen2026\05_QA测试集\人工核查_环评报告出处整理_20260715\环评报告文件_按问答顺序\PL143_佛山市汇铭臻新材料科技有限公司新建项目_01_受理公告或公示版.pdf,PL143_佛山市汇铭臻新材料科技有限公司新建项目_01_受理公告或公示版.pdf,.pdf,pdf_pypdf,8,一、建设项目基本情况,E:\华南理工项目\环评文件汇总\01_GitHub项目与研究文档\eia-openclaw-sync-chen2026\05_QA测试集\人工核查_环评报告出处整理_20260715\环评报告文件_按正文一级章节拆分_20260727\PL143_佛山市汇铭臻新材料科技有限公司新建项目_01_受理公告或公示版\08_一、建设项目基本情况.md,779,13987
E:\华南理工项目\环评文件汇总\01_GitHub项目与研究文档\eia-openclaw-sync-chen2026\05_QA测试集\人工核查_环评报告出处整理_20260715\环评报告文件_按问答顺序\PL143_佛山市汇铭臻新材料科技有限公司新建项目_01_受理公告或公示版.pdf,PL143_佛山市汇铭臻新材料科技有限公司新建项目_01_受理公告或公示版.pdf,.pdf,pdf_pypdf,9,二、建设项目工程分析,E:\华南理工项目\环评文件汇总\01_GitHub项目与研究文档\eia-openclaw-sync-chen2026\05_QA测试集\人工核查_环评报告出处整理_20260715\环评报告文件_按正文一级章节拆分_20260727\PL143_佛山市汇铭臻新材料科技有限公司新建项目_01_受理公告或公示版\09_二、建设项目工程分析.md,594,11587
E:\华南理工项目\环评文件汇总\01_GitHub项目与研究文档\eia-openclaw-sync-chen2026\05_QA测试集\人工核查_环评报告出处整理_20260715\环评报告文件_按问答顺序\PL143_佛山市汇铭臻新材料科技有限公司新建项目_01_受理公告或公示版.pdf,PL143_佛山市汇铭臻新材料科技有限公司新建项目_01_受理公告或公示版.pdf,.pdf,pdf_pypdf,10,三、区域环境质量现状、环境保护目标及评价标准,E:\华南理工项目\环评文件汇总\01_GitHub项目与研究文档\eia-openclaw-sync-chen2026\05_QA测试集\人工核查_环评报告出处整理_20260715\环评报告文件_按正文一级章节拆分_20260727\PL143_佛山市汇铭臻新材料科技有限公司新建项目_01_受理公告或公示版\10_三、区域环境质量现状、环境保护目标及评价标准.md,211,5452
E:\华南理工项目\环评文件汇总\01_GitHub项目与研究文档\eia-openclaw-sync-chen2026\05_QA测试集\人工核查_环评报告出处整理_20260715\环评报告文件_按问答顺序\PL143_佛山市汇铭臻新材料科技有限公司新建项目_01_受理公告或公示版.pdf,PL143_佛山市汇铭臻新材料科技有限公司新建项目_01_受理公告或公示版.pdf,.pdf,pdf_pypdf,11,四、主要环境影响和保护措施,E:\华南理工项目\环评文件汇总\01_GitHub项目与研究文档\eia-openclaw-sync-chen2026\05_QA测试集\人工核查_环评报告出处整理_20260715\环评报告文件_按正文一级章节拆分_20260727\PL143_佛山市汇铭臻新材料科技有限公司新建项目_01_受理公告或公示版\11_四、主要环境影响和保护措施.md,1315,27284
E:\华南理工项目\环评文件汇总\01_GitHub项目与研究文档\eia-openclaw-sync-chen2026\05_QA测试集\人工核查_环评报告出处整理_20260715\环评报告文件_按问答顺序\PL143_佛山市汇铭臻新材料科技有限公司新建项目_01_受理公告或公示版.pdf,PL143_佛山市汇铭臻新材料科技有限公司新建项目_01_受理公告或公示版.pdf,.pdf,pdf_pypdf,12,五、环境保护措施监督检查清单,E:\华南理工项目\环评文件汇总\01_GitHub项目与研究文档\eia-openclaw-sync-chen2026\05_QA测试集\人工核查_环评报告出处整理_20260715\环评报告文件_按正文一级章节拆分_20260727\PL143_佛山市汇铭臻新材料科技有限公司新建项目_01_受理公告或公示版\12_五、环境保护措施监督检查清单.md,159,2170
E:\华南理工项目\环评文件汇总\01_GitHub项目与研究文档\eia-openclaw-sync-chen2026\05_QA测试集\人工核查_环评报告出处整理_20260715\环评报告文件_按问答顺序\PL143_佛山市汇铭臻新材料科技有限公司新建项目_01_受理公告或公示版.pdf,PL143_佛山市汇铭臻新材料科技有限公司新建项目_01_受理公告或公示版.pdf,.pdf,pdf_pypdf,13,六、结论,E:\华南理工项目\环评文件汇总\01_GitHub项目与研究文档\eia-openclaw-sync-chen2026\05_QA测试集\人工核查_环评报告出处整理_20260715\环评报告文件_按正文一级章节拆分_20260727\PL143_佛山市汇铭臻新材料科技有限公司新建项目_01_受理公告或公示版\13_六、结论.md,7,152
E:\华南理工项目\环评文件汇总\01_GitHub项目与研究文档\eia-openclaw-sync-chen2026\05_QA测试集\人工核查_环评报告出处整理_20260715\环评报告文件_按问答顺序\PL143_佛山市汇铭臻新材料科技有限公司新建项目_01_受理公告或公示版.pdf,PL143_佛山市汇铭臻新材料科技有限公司新建项目_01_受理公告或公示版.pdf,.pdf,pdf_pypdf,14,附表附图附件,E:\华南理工项目\环评文件汇总\01_GitHub项目与研究文档\eia-openclaw-sync-chen2026\05_QA测试集\人工核查_环评报告出处整理_20260715\环评报告文件_按正文一级章节拆分_20260727\PL143_佛山市汇铭臻新材料科技有限公司新建项目_01_受理公告或公示版\14_附表附图附件.md,113,1634
E:\华南理工项目\环评文件汇总\01_GitHub项目与研究文档\eia-openclaw-sync-chen2026\05_QA测试集\人工核查_环评报告出处整理_20260715\环评报告文件_按问答顺序\PL144_佛山市千紫珏科技有限公司新建项目_01_受理公告或公示版.pdf,PL144_佛山市千紫珏科技有限公司新建项目_01_受理公告或公示版.pdf,.pdf,pdf_pypdf,1,封面及目录,E:\华南理工项目\环评文件汇总\01_GitHub项目与研究文档\eia-openclaw-sync-chen2026\05_QA测试集\人工核查_环评报告出处整理_20260715\环评报告文件_按正文一级章节拆分_20260727\PL144_佛山市千紫珏科技有限公司新建项目_01_受理公告或公示版\01_封面及目录.md,2,24
E:\华南理工项目\环评文件汇总\01_GitHub项目与研究文档\eia-openclaw-sync-chen2026\05_QA测试集\人工核查_环评报告出处整理_20260715\环评报告文件_按问答顺序\PL144_佛山市千紫珏科技有限公司新建项目_01_受理公告或公示版.pdf,PL144_佛山市千紫珏科技有限公司新建项目_01_受理公告或公示版.pdf,.pdf,pdf_pypdf,2,一、建设项目基本情况 ........................................................................................................ 1,E:\华南理工项目\环评文件汇总\01_GitHub项目与研究文档\eia-openclaw-sync-chen2026\05_QA测试集\人工核查_环评报告出处整理_20260715\环评报告文件_按正文一级章节拆分_20260727\PL144_佛山市千紫珏科技有限公司新建项目_01_受理公告或公示版\02_一、建设项目基本情况.md,1,118
E:\华南理工项目\环评文件汇总\01_GitHub项目与研究文档\eia-openclaw-sync-chen2026\05_QA测试集\人工核查_环评报告出处整理_20260715\环评报告文件_按问答顺序\PL144_佛山市千紫珏科技有限公司新建项目_01_受理公告或公示版.pdf,PL144_佛山市千紫珏科技有限公司新建项目_01_受理公告或公示版.pdf,.pdf,pdf_pypdf,3,二、建设项目工程分析 ...................................................................................................... 14,E:\华南理工项目\环评文件汇总\01_GitHub项目与研究文档\eia-openclaw-sync-chen2026\05_QA测试集\人工核查_环评报告出处整理_20260715\环评报告文件_按正文一级章节拆分_20260727\PL144_佛山市千紫珏科技有限公司新建项目_01_受理公告或公示版\03_二、建设项目工程分析.md,2,198
E:\华南理工项目\环评文件汇总\01_GitHub项目与研究文档\eia-openclaw-sync-chen2026\05_QA测试集\人工核查_环评报告出处整理_20260715\环评报告文件_按问答顺序\PL144_佛山市千紫珏科技有限公司新建项目_01_受理公告或公示版.pdf,PL144_佛山市千紫珏科技有限公司新建项目_01_受理公告或公示版.pdf,.pdf,pdf_pypdf,4,四、 主要环境影响和保护措施 ........................................................................................ 35,E:\华南理工项目\环评文件汇总\01_GitHub项目与研究文档\eia-openclaw-sync-chen2026\05_QA测试集\人工核查_环评报告出处整理_20260715\环评报告文件_按正文一级章节拆分_20260727\PL144_佛山市千紫珏科技有限公司新建项目_01_受理公告或公示版\04_四、_主要环境影响和保护措施.md,1,107
E:\华南理工项目\环评文件汇总\01_GitHub项目与研究文档\eia-openclaw-sync-chen2026\05_QA测试集\人工核查_环评报告出处整理_20260715\环评报告文件_按问答顺序\PL144_佛山市千紫珏科技有限公司新建项目_01_受理公告或公示版.pdf,PL144_佛山市千紫珏科技有限公司新建项目_01_受理公告或公示版.pdf,.pdf,pdf_pypdf,5,五、环境保护措施监督检查清单 ...................................................................................... 63,E:\华南理工项目\环评文件汇总\01_GitHub项目与研究文档\eia-openclaw-sync-chen2026\05_QA测试集\人工核查_环评报告出处整理_20260715\环评报告文件_按正文一级章节拆分_20260727\PL144_佛山市千紫珏科技有限公司新建项目_01_受理公告或公示版\05_五、环境保护措施监督检查清单.md,1,105
E:\华南理工项目\环评文件汇总\01_GitHub项目与研究文档\eia-openclaw-sync-chen2026\05_QA测试集\人工核查_环评报告出处整理_20260715\环评报告文件_按问答顺序\PL144_佛山市千紫珏科技有限公司新建项目_01_受理公告或公示版.pdf,PL144_佛山市千紫珏科技有限公司新建项目_01_受理公告或公示版.pdf,.pdf,pdf_pypdf,6,六、结论 .............................................................................................................................. 66,E:\华南理工项目\环评文件汇总\01_GitHub项目与研究文档\eia-openclaw-sync-chen2026\05_QA测试集\人工核查_环评报告出处整理_20260715\环评报告文件_按正文一级章节拆分_20260727\PL144_佛山市千紫珏科技有限公司新建项目_01_受理公告或公示版\06_六、结论.md,2,243
E:\华南理工项目\环评文件汇总\01_GitHub项目与研究文档\eia-openclaw-sync-chen2026\05_QA测试集\人工核查_环评报告出处整理_20260715\环评报告文件_按问答顺序\PL144_佛山市千紫珏科技有限公司新建项目_01_受理公告或公示版.pdf,PL144_佛山市千紫珏科技有限公司新建项目_01_受理公告或公示版.pdf,.pdf,pdf_pypdf,7,附表附图附件,E:\华南理工项目\环评文件汇总\01_GitHub项目与研究文档\eia-openclaw-sync-chen2026\05_QA测试集\人工核查_环评报告出处整理_20260715\环评报告文件_按正文一级章节拆分_20260727\PL144_佛山市千紫珏科技有限公司新建项目_01_受理公告或公示版\07_附表附图附件.md,16,1507
E:\华南理工项目\环评文件汇总\01_GitHub项目与研究文档\eia-openclaw-sync-chen2026\05_QA测试集\人工核查_环评报告出处整理_20260715\环评报告文件_按问答顺序\PL144_佛山市千紫珏科技有限公司新建项目_01_受理公告或公示版.pdf,PL144_佛山市千紫珏科技有限公司新建项目_01_受理公告或公示版.pdf,.pdf,pdf_pypdf,8,一、建设项目基本情况,E:\华南理工项目\环评文件汇总\01_GitHub项目与研究文档\eia-openclaw-sync-chen2026\05_QA测试集\人工核查_环评报告出处整理_20260715\环评报告文件_按正文一级章节拆分_20260727\PL144_佛山市千紫珏科技有限公司新建项目_01_受理公告或公示版\08_一、建设项目基本情况.md,797,14636
E:\华南理工项目\环评文件汇总\01_GitHub项目与研究文档\eia-openclaw-sync-chen2026\05_QA测试集\人工核查_环评报告出处整理_20260715\环评报告文件_按问答顺序\PL144_佛山市千紫珏科技有限公司新建项目_01_受理公告或公示版.pdf,PL144_佛山市千紫珏科技有限公司新建项目_01_受理公告或公示版.pdf,.pdf,pdf_pypdf,9,二、建设项目工程分析,E:\华南理工项目\环评文件汇总\01_GitHub项目与研究文档\eia-openclaw-sync-chen2026\05_QA测试集\人工核查_环评报告出处整理_20260715\环评报告文件_按正文一级章节拆分_20260727\PL144_佛山市千紫珏科技有限公司新建项目_01_受理公告或公示版\09_二、建设项目工程分析.md,548,10521
E:\华南理工项目\环评文件汇总\01_GitHub项目与研究文档\eia-openclaw-sync-chen2026\05_QA测试集\人工核查_环评报告出处整理_20260715\环评报告文件_按问答顺序\PL144_佛山市千紫珏科技有限公司新建项目_01_受理公告或公示版.pdf,PL144_佛山市千紫珏科技有限公司新建项目_01_受理公告或公示版.pdf,.pdf,pdf_pypdf,10,三、区域环境质量现状、环境保护目标及评价标准,E:\华南理工项目\环评文件汇总\01_GitHub项目与研究文档\eia-openclaw-sync-chen2026\05_QA测试集\人工核查_环评报告出处整理_20260715\环评报告文件_按正文一级章节拆分_20260727\PL144_佛山市千紫珏科技有限公司新建项目_01_受理公告或公示版\10_三、区域环境质量现状、环境保护目标及评价标准.md,231,5519
E:\华南理工项目\环评文件汇总\01_GitHub项目与研究文档\eia-openclaw-sync-chen2026\05_QA测试集\人工核查_环评报告出处整理_20260715\环评报告文件_按问答顺序\PL144_佛山市千紫珏科技有限公司新建项目_01_受理公告或公示版.pdf,PL144_佛山市千紫珏科技有限公司新建项目_01_受理公告或公示版.pdf,.pdf,pdf_pypdf,11,四、主要环境影响和保护措施,E:\华南理工项目\环评文件汇总\01_GitHub项目与研究文档\eia-openclaw-sync-chen2026\05_QA测试集\人工核查_环评报告出处整理_20260715\环评报告文件_按正文一级章节拆分_20260727\PL144_佛山市千紫珏科技有限公司新建项目_01_受理公告或公示版\11_四、主要环境影响和保护措施.md,1286,27219
E:\华南理工项目\环评文件汇总\01_GitHub项目与研究文档\eia-openclaw-sync-chen2026\05_QA测试集\人工核查_环评报告出处整理_20260715\环评报告文件_按问答顺序\PL144_佛山市千紫珏科技有限公司新建项目_01_受理公告或公示版.pdf,PL144_佛山市千紫珏科技有限公司新建项目_01_受理公告或公示版.pdf,.pdf,pdf_pypdf,12,五、环境保护措施监督检查清单,E:\华南理工项目\环评文件汇总\01_GitHub项目与研究文档\eia-openclaw-sync-chen2026\05_QA测试集\人工核查_环评报告出处整理_20260715\环评报告文件_按正文一级章节拆分_20260727\PL144_佛山市千紫珏科技有限公司新建项目_01_受理公告或公示版\12_五、环境保护措施监督检查清单.md,174,2476
E:\华南理工项目\环评文件汇总\01_GitHub项目与研究文档\eia-openclaw-sync-chen2026\05_QA测试集\人工核查_环评报告出处整理_20260715\环评报告文件_按问答顺序\PL144_佛山市千紫珏科技有限公司新建项目_01_受理公告或公示版.pdf,PL144_佛山市千紫珏科技有限公司新建项目_01_受理公告或公示版.pdf,.pdf,pdf_pypdf,13,六、结论,E:\华南理工项目\环评文件汇总\01_GitHub项目与研究文档\eia-openclaw-sync-chen2026\05_QA测试集\人工核查_环评报告出处整理_20260715\环评报告文件_按正文一级章节拆分_20260727\PL144_佛山市千紫珏科技有限公司新建项目_01_受理公告或公示版\13_六、结论.md,8,221
E:\华南理工项目\环评文件汇总\01_GitHub项目与研究文档\eia-openclaw-sync-chen2026\05_QA测试集\人工核查_环评报告出处整理_20260715\环评报告文件_按问答顺序\PL144_佛山市千紫珏科技有限公司新建项目_01_受理公告或公示版.pdf,PL144_佛山市千紫珏科技有限公司新建项目_01_受理公告或公示版.pdf,.pdf,pdf_pypdf,14,附表附图附件,E:\华南理工项目\环评文件汇总\01_GitHub项目与研究文档\eia-openclaw-sync-chen2026\05_QA测试集\人工核查_环评报告出处整理_20260715\环评报告文件_按正文一级章节拆分_20260727\PL144_佛山市千紫珏科技有限公司新建项目_01_受理公告或公示版\14_附表附图附件.md,115,1661
E:\华南理工项目\环评文件汇总\01_GitHub项目与研究文档\eia-openclaw-sync-chen2026\05_QA测试集\人工核查_环评报告出处整理_20260715\环评报告文件_按问答顺序\PL145_佛山市万朗磁塑制品有限公司顺德分公司新建项目_01_报批稿或报告表.pdf,PL145_佛山市万朗磁塑制品有限公司顺德分公司新建项目_01_报批稿或报告表.pdf,.pdf,pdf_pypdf,1,封面及目录,E:\华南理工项目\环评文件汇总\01_GitHub项目与研究文档\eia-openclaw-sync-chen2026\05_QA测试集\人工核查_环评报告出处整理_20260715\环评报告文件_按正文一级章节拆分_20260727\PL145_佛山市万朗磁塑制品有限公司顺德分公司新建项目_01_报批稿或报告表\01_封面及目录.md,2,24
E:\华南理工项目\环评文件汇总\01_GitHub项目与研究文档\eia-openclaw-sync-chen2026\05_QA测试集\人工核查_环评报告出处整理_20260715\环评报告文件_按问答顺序\PL145_佛山市万朗磁塑制品有限公司顺德分公司新建项目_01_报批稿或报告表.pdf,PL145_佛山市万朗磁塑制品有限公司顺德分公司新建项目_01_报批稿或报告表.pdf,.pdf,pdf_pypdf,2,一、建设项目基本情况 ....................................................................................................................... 1,E:\华南理工项目\环评文件汇总\01_GitHub项目与研究文档\eia-openclaw-sync-chen2026\05_QA测试集\人工核查_环评报告出处整理_20260715\环评报告文件_按正文一级章节拆分_20260727\PL145_佛山市万朗磁塑制品有限公司顺德分公司新建项目_01_报批稿或报告表\02_一、建设项目基本情况.md,1,133
E:\华南理工项目\环评文件汇总\01_GitHub项目与研究文档\eia-openclaw-sync-chen2026\05_QA测试集\人工核查_环评报告出处整理_20260715\环评报告文件_按问答顺序\PL145_佛山市万朗磁塑制品有限公司顺德分公司新建项目_01_报批稿或报告表.pdf,PL145_佛山市万朗磁塑制品有限公司顺德分公司新建项目_01_报批稿或报告表.pdf,.pdf,pdf_pypdf,3,二、建设项目工程分析 ..................................................................................................................... 12,E:\华南理工项目\环评文件汇总\01_GitHub项目与研究文档\eia-openclaw-sync-chen2026\05_QA测试集\人工核查_环评报告出处整理_20260715\环评报告文件_按正文一级章节拆分_20260727\PL145_佛山市万朗磁塑制品有限公司顺德分公司新建项目_01_报批稿或报告表\03_二、建设项目工程分析.md,2,228
E:\华南理工项目\环评文件汇总\01_GitHub项目与研究文档\eia-openclaw-sync-chen2026\05_QA测试集\人工核查_环评报告出处整理_20260715\环评报告文件_按问答顺序\PL145_佛山市万朗磁塑制品有限公司顺德分公司新建项目_01_报批稿或报告表.pdf,PL145_佛山市万朗磁塑制品有限公司顺德分公司新建项目_01_报批稿或报告表.pdf,.pdf,pdf_pypdf,4,四、主要环境影响和保护措施 ......................................................................................................... 29,E:\华南理工项目\环评文件汇总\01_GitHub项目与研究文档\eia-openclaw-sync-chen2026\05_QA测试集\人工核查_环评报告出处整理_20260715\环评报告文件_按正文一级章节拆分_20260727\PL145_佛山市万朗磁塑制品有限公司顺德分公司新建项目_01_报批稿或报告表\04_四、主要环境影响和保护措施.md,1,123
E:\华南理工项目\环评文件汇总\01_GitHub项目与研究文档\eia-openclaw-sync-chen2026\05_QA测试集\人工核查_环评报告出处整理_20260715\环评报告文件_按问答顺序\PL145_佛山市万朗磁塑制品有限公司顺德分公司新建项目_01_报批稿或报告表.pdf,PL145_佛山市万朗磁塑制品有限公司顺德分公司新建项目_01_报批稿或报告表.pdf,.pdf,pdf_pypdf,5,五、环境保护措施监督检查清单 ..................................................................................................... 55,E:\华南理工项目\环评文件汇总\01_GitHub项目与研究文档\eia-openclaw-sync-chen2026\05_QA测试集\人工核查_环评报告出处整理_20260715\环评报告文件_按正文一级章节拆分_20260727\PL145_佛山市万朗磁塑制品有限公司顺德分公司新建项目_01_报批稿或报告表\05_五、环境保护措施监督检查清单.md,1,120
E:\华南理工项目\环评文件汇总\01_GitHub项目与研究文档\eia-openclaw-sync-chen2026\05_QA测试集\人工核查_环评报告出处整理_20260715\环评报告文件_按问答顺序\PL145_佛山市万朗磁塑制品有限公司顺德分公司新建项目_01_报批稿或报告表.pdf,PL145_佛山市万朗磁塑制品有限公司顺德分公司新建项目_01_报批稿或报告表.pdf,.pdf,pdf_pypdf,6,六、结论 ............................................................................................................................................. 58,E:\华南理工项目\环评文件汇总\01_GitHub项目与研究文档\eia-openclaw-sync-chen2026\05_QA测试集\人工核查_环评报告出处整理_20260715\环评报告文件_按正文一级章节拆分_20260727\PL145_佛山市万朗磁塑制品有限公司顺德分公司新建项目_01_报批稿或报告表\06_六、结论.md,2,273
E:\华南理工项目\环评文件汇总\01_GitHub项目与研究文档\eia-openclaw-sync-chen2026\05_QA测试集\人工核查_环评报告出处整理_20260715\环评报告文件_按问答顺序\PL145_佛山市万朗磁塑制品有限公司顺德分公司新建项目_01_报批稿或报告表.pdf,PL145_佛山市万朗磁塑制品有限公司顺德分公司新建项目_01_报批稿或报告表.pdf,.pdf,pdf_pypdf,7,附表附图附件,E:\华南理工项目\环评文件汇总\01_GitHub项目与研究文档\eia-openclaw-sync-chen2026\05_QA测试集\人工核查_环评报告出处整理_20260715\环评报告文件_按正文一级章节拆分_20260727\PL145_佛山市万朗磁塑制品有限公司顺德分公司新建项目_01_报批稿或报告表\07_附表附图附件.md,20,2140
E:\华南理工项目\环评文件汇总\01_GitHub项目与研究文档\eia-openclaw-sync-chen2026\05_QA测试集\人工核查_环评报告出处整理_20260715\环评报告文件_按问答顺序\PL145_佛山市万朗磁塑制品有限公司顺德分公司新建项目_01_报批稿或报告表.pdf,PL145_佛山市万朗磁塑制品有限公司顺德分公司新建项目_01_报批稿或报告表.pdf,.pdf,pdf_pypdf,8,一、建设项目基本情况,E:\华南理工项目\环评文件汇总\01_GitHub项目与研究文档\eia-openclaw-sync-chen2026\05_QA测试集\人工核查_环评报告出处整理_20260715\环评报告文件_按正文一级章节拆分_20260727\PL145_佛山市万朗磁塑制品有限公司顺德分公司新建项目_01_报批稿或报告表\08_一、建设项目基本情况.md,703,12426
E:\华南理工项目\环评文件汇总\01_GitHub项目与研究文档\eia-openclaw-sync-chen2026\05_QA测试集\人工核查_环评报告出处整理_20260715\环评报告文件_按问答顺序\PL145_佛山市万朗磁塑制品有限公司顺德分公司新建项目_01_报批稿或报告表.pdf,PL145_佛山市万朗磁塑制品有限公司顺德分公司新建项目_01_报批稿或报告表.pdf,.pdf,pdf_pypdf,9,二、建设项目工程分析,E:\华南理工项目\环评文件汇总\01_GitHub项目与研究文档\eia-openclaw-sync-chen2026\05_QA测试集\人工核查_环评报告出处整理_20260715\环评报告文件_按正文一级章节拆分_20260727\PL145_佛山市万朗磁塑制品有限公司顺德分公司新建项目_01_报批稿或报告表\09_二、建设项目工程分析.md,409,9359
E:\华南理工项目\环评文件汇总\01_GitHub项目与研究文档\eia-openclaw-sync-chen2026\05_QA测试集\人工核查_环评报告出处整理_20260715\环评报告文件_按问答顺序\PL145_佛山市万朗磁塑制品有限公司顺德分公司新建项目_01_报批稿或报告表.pdf,PL145_佛山市万朗磁塑制品有限公司顺德分公司新建项目_01_报批稿或报告表.pdf,.pdf,pdf_pypdf,10,三、区域环境质量现状、环境保护目标及评价标准,E:\华南理工项目\环评文件汇总\01_GitHub项目与研究文档\eia-openclaw-sync-chen2026\05_QA测试集\人工核查_环评报告出处整理_20260715\环评报告文件_按正文一级章节拆分_20260727\PL145_佛山市万朗磁塑制品有限公司顺德分公司新建项目_01_报批稿或报告表\10_三、区域环境质量现状、环境保护目标及评价标准.md,175,3754
E:\华南理工项目\环评文件汇总\01_GitHub项目与研究文档\eia-openclaw-sync-chen2026\05_QA测试集\人工核查_环评报告出处整理_20260715\环评报告文件_按问答顺序\PL145_佛山市万朗磁塑制品有限公司顺德分公司新建项目_01_报批稿或报告表.pdf,PL145_佛山市万朗磁塑制品有限公司顺德分公司新建项目_01_报批稿或报告表.pdf,.pdf,pdf_pypdf,11,附表附图附件,E:\华南理工项目\环评文件汇总\01_GitHub项目与研究文档\eia-openclaw-sync-chen2026\05_QA测试集\人工核查_环评报告出处整理_20260715\环评报告文件_按正文一级章节拆分_20260727\PL145_佛山市万朗磁塑制品有限公司顺德分公司新建项目_01_报批稿或报告表\11_附表附图附件.md,62,1252
E:\华南理工项目\环评文件汇总\01_GitHub项目与研究文档\eia-openclaw-sync-chen2026\05_QA测试集\人工核查_环评报告出处整理_20260715\环评报告文件_按问答顺序\PL145_佛山市万朗磁塑制品有限公司顺德分公司新建项目_01_报批稿或报告表.pdf,PL145_佛山市万朗磁塑制品有限公司顺德分公司新建项目_01_报批稿或报告表.pdf,.pdf,pdf_pypdf,12,四、主要环境影响和保护措施,E:\华南理工项目\环评文件汇总\01_GitHub项目与研究文档\eia-openclaw-sync-chen2026\05_QA测试集\人工核查_环评报告出处整理_20260715\环评报告文件_按正文一级章节拆分_20260727\PL145_佛山市万朗磁塑制品有限公司顺德分公司新建项目_01_报批稿或报告表\12_四、主要环境影响和保护措施.md,1317,25701
E:\华南理工项目\环评文件汇总\01_GitHub项目与研究文档\eia-openclaw-sync-chen2026\05_QA测试集\人工核查_环评报告出处整理_20260715\环评报告文件_按问答顺序\PL145_佛山市万朗磁塑制品有限公司顺德分公司新建项目_01_报批稿或报告表.pdf,PL145_佛山市万朗磁塑制品有限公司顺德分公司新建项目_01_报批稿或报告表.pdf,.pdf,pdf_pypdf,13,五、环境保护措施监督检查清单,E:\华南理工项目\环评文件汇总\01_GitHub项目与研究文档\eia-openclaw-sync-chen2026\05_QA测试集\人工核查_环评报告出处整理_20260715\环评报告文件_按正文一级章节拆分_20260727\PL145_佛山市万朗磁塑制品有限公司顺德分公司新建项目_01_报批稿或报告表\13_五、环境保护措施监督检查清单.md,157,2728
E:\华南理工项目\环评文件汇总\01_GitHub项目与研究文档\eia-openclaw-sync-chen2026\05_QA测试集\人工核查_环评报告出处整理_20260715\环评报告文件_按问答顺序\PL145_佛山市万朗磁塑制品有限公司顺德分公司新建项目_01_报批稿或报告表.pdf,PL145_佛山市万朗磁塑制品有限公司顺德分公司新建项目_01_报批稿或报告表.pdf,.pdf,pdf_pypdf,14,六、结论,E:\华南理工项目\环评文件汇总\01_GitHub项目与研究文档\eia-openclaw-sync-chen2026\05_QA测试集\人工核查_环评报告出处整理_20260715\环评报告文件_按正文一级章节拆分_20260727\PL145_佛山市万朗磁塑制品有限公司顺德分公司新建项目_01_报批稿或报告表\14_六、结论.md,8,229
E:\华南理工项目\环评文件汇总\01_GitHub项目与研究文档\eia-openclaw-sync-chen2026\05_QA测试集\人工核查_环评报告出处整理_20260715\环评报告文件_按问答顺序\PL145_佛山市万朗磁塑制品有限公司顺德分公司新建项目_01_报批稿或报告表.pdf,PL145_佛山市万朗磁塑制品有限公司顺德分公司新建项目_01_报批稿或报告表.pdf,.pdf,pdf_pypdf,15,附表附图附件,E:\华南理工项目\环评文件汇总\01_GitHub项目与研究文档\eia-openclaw-sync-chen2026\05_QA测试集\人工核查_环评报告出处整理_20260715\环评报告文件_按正文一级章节拆分_20260727\PL145_佛山市万朗磁塑制品有限公司顺德分公司新建项目_01_报批稿或报告表\15_附表附图附件.md,98,1741
E:\华南理工项目\环评文件汇总\01_GitHub项目与研究文档\eia-openclaw-sync-chen2026\05_QA测试集\人工核查_环评报告出处整理_20260715\环评报告文件_按问答顺序\PL146_佛山市顺德区全华工艺饰品有限公司新建项目_01_报批稿或报告表.pdf,PL146_佛山市顺德区全华工艺饰品有限公司新建项目_01_报批稿或报告表.pdf,.pdf,pdf_pypdf,1,封面及目录,E:\华南理工项目\环评文件汇总\01_GitHub项目与研究文档\eia-openclaw-sync-chen2026\05_QA测试集\人工核查_环评报告出处整理_20260715\环评报告文件_按正文一级章节拆分_20260727\PL146_佛山市顺德区全华工艺饰品有限公司新建项目_01_报批稿或报告表\01_封面及目录.md,15,164
E:\华南理工项目\环评文件汇总\01_GitHub项目与研究文档\eia-openclaw-sync-chen2026\05_QA测试集\人工核查_环评报告出处整理_20260715\环评报告文件_按问答顺序\PL146_佛山市顺德区全华工艺饰品有限公司新建项目_01_报批稿或报告表.pdf,PL146_佛山市顺德区全华工艺饰品有限公司新建项目_01_报批稿或报告表.pdf,.pdf,pdf_pypdf,2,一、建设项目基本情况 ........................................................................................................ 1,E:\华南理工项目\环评文件汇总\01_GitHub项目与研究文档\eia-openclaw-sync-chen2026\05_QA测试集\人工核查_环评报告出处整理_20260715\环评报告文件_按正文一级章节拆分_20260727\PL146_佛山市顺德区全华工艺饰品有限公司新建项目_01_报批稿或报告表\02_一、建设项目基本情况.md,1,118
E:\华南理工项目\环评文件汇总\01_GitHub项目与研究文档\eia-openclaw-sync-chen2026\05_QA测试集\人工核查_环评报告出处整理_20260715\环评报告文件_按问答顺序\PL146_佛山市顺德区全华工艺饰品有限公司新建项目_01_报批稿或报告表.pdf,PL146_佛山市顺德区全华工艺饰品有限公司新建项目_01_报批稿或报告表.pdf,.pdf,pdf_pypdf,3,二、建设项目工程分析 ........................................................................................................ 8,E:\华南理工项目\环评文件汇总\01_GitHub项目与研究文档\eia-openclaw-sync-chen2026\05_QA测试集\人工核查_环评报告出处整理_20260715\环评报告文件_按正文一级章节拆分_20260727\PL146_佛山市顺德区全华工艺饰品有限公司新建项目_01_报批稿或报告表\03_二、建设项目工程分析.md,2,199
E:\华南理工项目\环评文件汇总\01_GitHub项目与研究文档\eia-openclaw-sync-chen2026\05_QA测试集\人工核查_环评报告出处整理_20260715\环评报告文件_按问答顺序\PL146_佛山市顺德区全华工艺饰品有限公司新建项目_01_报批稿或报告表.pdf,PL146_佛山市顺德区全华工艺饰品有限公司新建项目_01_报批稿或报告表.pdf,.pdf,pdf_pypdf,4,四、主要环境影响和保护措施 .......................................................................................... 18,E:\华南理工项目\环评文件汇总\01_GitHub项目与研究文档\eia-openclaw-sync-chen2026\05_QA测试集\人工核查_环评报告出处整理_20260715\环评报告文件_按正文一级章节拆分_20260727\PL146_佛山市顺德区全华工艺饰品有限公司新建项目_01_报批稿或报告表\04_四、主要环境影响和保护措施.md,1,108
E:\华南理工项目\环评文件汇总\01_GitHub项目与研究文档\eia-openclaw-sync-chen2026\05_QA测试集\人工核查_环评报告出处整理_20260715\环评报告文件_按问答顺序\PL146_佛山市顺德区全华工艺饰品有限公司新建项目_01_报批稿或报告表.pdf,PL146_佛山市顺德区全华工艺饰品有限公司新建项目_01_报批稿或报告表.pdf,.pdf,pdf_pypdf,5,五、环境保护措施监督检查清单 ...................................................................................... 38,E:\华南理工项目\环评文件汇总\01_GitHub项目与研究文档\eia-openclaw-sync-chen2026\05_QA测试集\人工核查_环评报告出处整理_20260715\环评报告文件_按正文一级章节拆分_20260727\PL146_佛山市顺德区全华工艺饰品有限公司新建项目_01_报批稿或报告表\05_五、环境保护措施监督检查清单.md,1,105
E:\华南理工项目\环评文件汇总\01_GitHub项目与研究文档\eia-openclaw-sync-chen2026\05_QA测试集\人工核查_环评报告出处整理_20260715\环评报告文件_按问答顺序\PL146_佛山市顺德区全华工艺饰品有限公司新建项目_01_报批稿或报告表.pdf,PL146_佛山市顺德区全华工艺饰品有限公司新建项目_01_报批稿或报告表.pdf,.pdf,pdf_pypdf,6,六、结论 .............................................................................................................................. 42,E:\华南理工项目\环评文件汇总\01_GitHub项目与研究文档\eia-openclaw-sync-chen2026\05_QA测试集\人工核查_环评报告出处整理_20260715\环评报告文件_按正文一级章节拆分_20260727\PL146_佛山市顺德区全华工艺饰品有限公司新建项目_01_报批稿或报告表\06_六、结论.md,1,135
E:\华南理工项目\环评文件汇总\01_GitHub项目与研究文档\eia-openclaw-sync-chen2026\05_QA测试集\人工核查_环评报告出处整理_20260715\环评报告文件_按问答顺序\PL146_佛山市顺德区全华工艺饰品有限公司新建项目_01_报批稿或报告表.pdf,PL146_佛山市顺德区全华工艺饰品有限公司新建项目_01_报批稿或报告表.pdf,.pdf,pdf_pypdf,7,附表附图附件,E:\华南理工项目\环评文件汇总\01_GitHub项目与研究文档\eia-openclaw-sync-chen2026\05_QA测试集\人工核查_环评报告出处整理_20260715\环评报告文件_按正文一级章节拆分_20260727\PL146_佛山市顺德区全华工艺饰品有限公司新建项目_01_报批稿或报告表\07_附表附图附件.md,19,1693
E:\华南理工项目\环评文件汇总\01_GitHub项目与研究文档\eia-openclaw-sync-chen2026\05_QA测试集\人工核查_环评报告出处整理_20260715\环评报告文件_按问答顺序\PL146_佛山市顺德区全华工艺饰品有限公司新建项目_01_报批稿或报告表.pdf,PL146_佛山市顺德区全华工艺饰品有限公司新建项目_01_报批稿或报告表.pdf,.pdf,pdf_pypdf,8,一、建设项目基本情况,E:\华南理工项目\环评文件汇总\01_GitHub项目与研究文档\eia-openclaw-sync-chen2026\05_QA测试集\人工核查_环评报告出处整理_20260715\环评报告文件_按正文一级章节拆分_20260727\PL146_佛山市顺德区全华工艺饰品有限公司新建项目_01_报批稿或报告表\08_一、建设项目基本情况.md,450,7459
E:\华南理工项目\环评文件汇总\01_GitHub项目与研究文档\eia-openclaw-sync-chen2026\05_QA测试集\人工核查_环评报告出处整理_20260715\环评报告文件_按问答顺序\PL146_佛山市顺德区全华工艺饰品有限公司新建项目_01_报批稿或报告表.pdf,PL146_佛山市顺德区全华工艺饰品有限公司新建项目_01_报批稿或报告表.pdf,.pdf,pdf_pypdf,9,二、建设项目工程分析,E:\华南理工项目\环评文件汇总\01_GitHub项目与研究文档\eia-openclaw-sync-chen2026\05_QA测试集\人工核查_环评报告出处整理_20260715\环评报告文件_按正文一级章节拆分_20260727\PL146_佛山市顺德区全华工艺饰品有限公司新建项目_01_报批稿或报告表\09_二、建设项目工程分析.md,245,4354
E:\华南理工项目\环评文件汇总\01_GitHub项目与研究文档\eia-openclaw-sync-chen2026\05_QA测试集\人工核查_环评报告出处整理_20260715\环评报告文件_按问答顺序\PL146_佛山市顺德区全华工艺饰品有限公司新建项目_01_报批稿或报告表.pdf,PL146_佛山市顺德区全华工艺饰品有限公司新建项目_01_报批稿或报告表.pdf,.pdf,pdf_pypdf,10,三、区域环境质量现状、环境保护目标及评价标准,E:\华南理工项目\环评文件汇总\01_GitHub项目与研究文档\eia-openclaw-sync-chen2026\05_QA测试集\人工核查_环评报告出处整理_20260715\环评报告文件_按正文一级章节拆分_20260727\PL146_佛山市顺德区全华工艺饰品有限公司新建项目_01_报批稿或报告表\10_三、区域环境质量现状、环境保护目标及评价标准.md,173,3717
E:\华南理工项目\环评文件汇总\01_GitHub项目与研究文档\eia-openclaw-sync-chen2026\05_QA测试集\人工核查_环评报告出处整理_20260715\环评报告文件_按问答顺序\PL146_佛山市顺德区全华工艺饰品有限公司新建项目_01_报批稿或报告表.pdf,PL146_佛山市顺德区全华工艺饰品有限公司新建项目_01_报批稿或报告表.pdf,.pdf,pdf_pypdf,11,四、主要环境影响和保护措施,E:\华南理工项目\环评文件汇总\01_GitHub项目与研究文档\eia-openclaw-sync-chen2026\05_QA测试集\人工核查_环评报告出处整理_20260715\环评报告文件_按正文一级章节拆分_20260727\PL146_佛山市顺德区全华工艺饰品有限公司新建项目_01_报批稿或报告表\11_四、主要环境影响和保护措施.md,850,19045
E:\华南理工项目\环评文件汇总\01_GitHub项目与研究文档\eia-openclaw-sync-chen2026\05_QA测试集\人工核查_环评报告出处整理_20260715\环评报告文件_按问答顺序\PL146_佛山市顺德区全华工艺饰品有限公司新建项目_01_报批稿或报告表.pdf,PL146_佛山市顺德区全华工艺饰品有限公司新建项目_01_报批稿或报告表.pdf,.pdf,pdf_pypdf,12,五、环境保护措施监督检查清单,E:\华南理工项目\环评文件汇总\01_GitHub项目与研究文档\eia-openclaw-sync-chen2026\05_QA测试集\人工核查_环评报告出处整理_20260715\环评报告文件_按正文一级章节拆分_20260727\PL146_佛山市顺德区全华工艺饰品有限公司新建项目_01_报批稿或报告表\12_五、环境保护措施监督检查清单.md,196,3435
E:\华南理工项目\环评文件汇总\01_GitHub项目与研究文档\eia-openclaw-sync-chen2026\05_QA测试集\人工核查_环评报告出处整理_20260715\环评报告文件_按问答顺序\PL146_佛山市顺德区全华工艺饰品有限公司新建项目_01_报批稿或报告表.pdf,PL146_佛山市顺德区全华工艺饰品有限公司新建项目_01_报批稿或报告表.pdf,.pdf,pdf_pypdf,13,六、结论,E:\华南理工项目\环评文件汇总\01_GitHub项目与研究文档\eia-openclaw-sync-chen2026\05_QA测试集\人工核查_环评报告出处整理_20260715\环评报告文件_按正文一级章节拆分_20260727\PL146_佛山市顺德区全华工艺饰品有限公司新建项目_01_报批稿或报告表\13_六、结论.md,7,159
E:\华南理工项目\环评文件汇总\01_GitHub项目与研究文档\eia-openclaw-sync-chen2026\05_QA测试集\人工核查_环评报告出处整理_20260715\环评报告文件_按问答顺序\PL146_佛山市顺德区全华工艺饰品有限公司新建项目_01_报批稿或报告表.pdf,PL146_佛山市顺德区全华工艺饰品有限公司新建项目_01_报批稿或报告表.pdf,.pdf,pdf_pypdf,14,附表附图附件,E:\华南理工项目\环评文件汇总\01_GitHub项目与研究文档\eia-openclaw-sync-chen2026\05_QA测试集\人工核查_环评报告出处整理_20260715\环评报告文件_按正文一级章节拆分_20260727\PL146_佛山市顺德区全华工艺饰品有限公司新建项目_01_报批稿或报告表\14_附表附图附件.md,136,1652
E:\华南理工项目\环评文件汇总\01_GitHub项目与研究文档\eia-openclaw-sync-chen2026\05_QA测试集\人工核查_环评报告出处整理_20260715\环评报告文件_按问答顺序\PL147_佛山市顺德区大亚湾五金塑料有限公司新建项目_01_受理公告或公示版.pdf,PL147_佛山市顺德区大亚湾五金塑料有限公司新建项目_01_受理公告或公示版.pdf,.pdf,pdf_pypdf,1,封面及目录,E:\华南理工项目\环评文件汇总\01_GitHub项目与研究文档\eia-openclaw-sync-chen2026\05_QA测试集\人工核查_环评报告出处整理_20260715\环评报告文件_按正文一级章节拆分_20260727\PL147_佛山市顺德区大亚湾五金塑料有限公司新建项目_01_受理公告或公示版\01_封面及目录.md,9,151
E:\华南理工项目\环评文件汇总\01_GitHub项目与研究文档\eia-openclaw-sync-chen2026\05_QA测试集\人工核查_环评报告出处整理_20260715\环评报告文件_按问答顺序\PL147_佛山市顺德区大亚湾五金塑料有限公司新建项目_01_受理公告或公示版.pdf,PL147_佛山市顺德区大亚湾五金塑料有限公司新建项目_01_受理公告或公示版.pdf,.pdf,pdf_pypdf,2,一、建设项目基本情况 ........................................................................................................ 1,E:\华南理工项目\环评文件汇总\01_GitHub项目与研究文档\eia-openclaw-sync-chen2026\05_QA测试集\人工核查_环评报告出处整理_20260715\环评报告文件_按正文一级章节拆分_20260727\PL147_佛山市顺德区大亚湾五金塑料有限公司新建项目_01_受理公告或公示版\02_一、建设项目基本情况.md,1,118
E:\华南理工项目\环评文件汇总\01_GitHub项目与研究文档\eia-openclaw-sync-chen2026\05_QA测试集\人工核查_环评报告出处整理_20260715\环评报告文件_按问答顺序\PL147_佛山市顺德区大亚湾五金塑料有限公司新建项目_01_受理公告或公示版.pdf,PL147_佛山市顺德区大亚湾五金塑料有限公司新建项目_01_受理公告或公示版.pdf,.pdf,pdf_pypdf,3,二、建设项目工程分析 ........................................................................................................ 7,E:\华南理工项目\环评文件汇总\01_GitHub项目与研究文档\eia-openclaw-sync-chen2026\05_QA测试集\人工核查_环评报告出处整理_20260715\环评报告文件_按正文一级章节拆分_20260727\PL147_佛山市顺德区大亚湾五金塑料有限公司新建项目_01_受理公告或公示版\03_二、建设项目工程分析.md,2,199
E:\华南理工项目\环评文件汇总\01_GitHub项目与研究文档\eia-openclaw-sync-chen2026\05_QA测试集\人工核查_环评报告出处整理_20260715\环评报告文件_按问答顺序\PL147_佛山市顺德区大亚湾五金塑料有限公司新建项目_01_受理公告或公示版.pdf,PL147_佛山市顺德区大亚湾五金塑料有限公司新建项目_01_受理公告或公示版.pdf,.pdf,pdf_pypdf,4,四、主要环境影响和保护措施 .......................................................................................... 18,E:\华南理工项目\环评文件汇总\01_GitHub项目与研究文档\eia-openclaw-sync-chen2026\05_QA测试集\人工核查_环评报告出处整理_20260715\环评报告文件_按正文一级章节拆分_20260727\PL147_佛山市顺德区大亚湾五金塑料有限公司新建项目_01_受理公告或公示版\04_四、主要环境影响和保护措施.md,1,108
E:\华南理工项目\环评文件汇总\01_GitHub项目与研究文档\eia-openclaw-sync-chen2026\05_QA测试集\人工核查_环评报告出处整理_20260715\环评报告文件_按问答顺序\PL147_佛山市顺德区大亚湾五金塑料有限公司新建项目_01_受理公告或公示版.pdf,PL147_佛山市顺德区大亚湾五金塑料有限公司新建项目_01_受理公告或公示版.pdf,.pdf,pdf_pypdf,5,五、环境保护措施监督检查清单 ...................................................................................... 34,E:\华南理工项目\环评文件汇总\01_GitHub项目与研究文档\eia-openclaw-sync-chen2026\05_QA测试集\人工核查_环评报告出处整理_20260715\环评报告文件_按正文一级章节拆分_20260727\PL147_佛山市顺德区大亚湾五金塑料有限公司新建项目_01_受理公告或公示版\05_五、环境保护措施监督检查清单.md,1,105
E:\华南理工项目\环评文件汇总\01_GitHub项目与研究文档\eia-openclaw-sync-chen2026\05_QA测试集\人工核查_环评报告出处整理_20260715\环评报告文件_按问答顺序\PL147_佛山市顺德区大亚湾五金塑料有限公司新建项目_01_受理公告或公示版.pdf,PL147_佛山市顺德区大亚湾五金塑料有限公司新建项目_01_受理公告或公示版.pdf,.pdf,pdf_pypdf,6,六、结论 .............................................................................................................................. 36,E:\华南理工项目\环评文件汇总\01_GitHub项目与研究文档\eia-openclaw-sync-chen2026\05_QA测试集\人工核查_环评报告出处整理_20260715\环评报告文件_按正文一级章节拆分_20260727\PL147_佛山市顺德区大亚湾五金塑料有限公司新建项目_01_受理公告或公示版\06_六、结论.md,1,135
E:\华南理工项目\环评文件汇总\01_GitHub项目与研究文档\eia-openclaw-sync-chen2026\05_QA测试集\人工核查_环评报告出处整理_20260715\环评报告文件_按问答顺序\PL147_佛山市顺德区大亚湾五金塑料有限公司新建项目_01_受理公告或公示版.pdf,PL147_佛山市顺德区大亚湾五金塑料有限公司新建项目_01_受理公告或公示版.pdf,.pdf,pdf_pypdf,7,附表附图附件,E:\华南理工项目\环评文件汇总\01_GitHub项目与研究文档\eia-openclaw-sync-chen2026\05_QA测试集\人工核查_环评报告出处整理_20260715\环评报告文件_按正文一级章节拆分_20260727\PL147_佛山市顺德区大亚湾五金塑料有限公司新建项目_01_受理公告或公示版\07_附表附图附件.md,20,1645
E:\华南理工项目\环评文件汇总\01_GitHub项目与研究文档\eia-openclaw-sync-chen2026\05_QA测试集\人工核查_环评报告出处整理_20260715\环评报告文件_按问答顺序\PL147_佛山市顺德区大亚湾五金塑料有限公司新建项目_01_受理公告或公示版.pdf,PL147_佛山市顺德区大亚湾五金塑料有限公司新建项目_01_受理公告或公示版.pdf,.pdf,pdf_pypdf,8,一、建设项目基本情况,E:\华南理工项目\环评文件汇总\01_GitHub项目与研究文档\eia-openclaw-sync-chen2026\05_QA测试集\人工核查_环评报告出处整理_20260715\环评报告文件_按正文一级章节拆分_20260727\PL147_佛山市顺德区大亚湾五金塑料有限公司新建项目_01_受理公告或公示版\08_一、建设项目基本情况.md,451,7012
E:\华南理工项目\环评文件汇总\01_GitHub项目与研究文档\eia-openclaw-sync-chen2026\05_QA测试集\人工核查_环评报告出处整理_20260715\环评报告文件_按问答顺序\PL147_佛山市顺德区大亚湾五金塑料有限公司新建项目_01_受理公告或公示版.pdf,PL147_佛山市顺德区大亚湾五金塑料有限公司新建项目_01_受理公告或公示版.pdf,.pdf,pdf_pypdf,9,二、建设项目工程分析,E:\华南理工项目\环评文件汇总\01_GitHub项目与研究文档\eia-openclaw-sync-chen2026\05_QA测试集\人工核查_环评报告出处整理_20260715\环评报告文件_按正文一级章节拆分_20260727\PL147_佛山市顺德区大亚湾五金塑料有限公司新建项目_01_受理公告或公示版\09_二、建设项目工程分析.md,268,5114
E:\华南理工项目\环评文件汇总\01_GitHub项目与研究文档\eia-openclaw-sync-chen2026\05_QA测试集\人工核查_环评报告出处整理_20260715\环评报告文件_按问答顺序\PL147_佛山市顺德区大亚湾五金塑料有限公司新建项目_01_受理公告或公示版.pdf,PL147_佛山市顺德区大亚湾五金塑料有限公司新建项目_01_受理公告或公示版.pdf,.pdf,pdf_pypdf,10,三、区域环境质量现状、环境保护目标及评价标准,E:\华南理工项目\环评文件汇总\01_GitHub项目与研究文档\eia-openclaw-sync-chen2026\05_QA测试集\人工核查_环评报告出处整理_20260715\环评报告文件_按正文一级章节拆分_20260727\PL147_佛山市顺德区大亚湾五金塑料有限公司新建项目_01_受理公告或公示版\10_三、区域环境质量现状、环境保护目标及评价标准.md,198,4593
E:\华南理工项目\环评文件汇总\01_GitHub项目与研究文档\eia-openclaw-sync-chen2026\05_QA测试集\人工核查_环评报告出处整理_20260715\环评报告文件_按问答顺序\PL147_佛山市顺德区大亚湾五金塑料有限公司新建项目_01_受理公告或公示版.pdf,PL147_佛山市顺德区大亚湾五金塑料有限公司新建项目_01_受理公告或公示版.pdf,.pdf,pdf_pypdf,11,四、主要环境影响和保护措施,E:\华南理工项目\环评文件汇总\01_GitHub项目与研究文档\eia-openclaw-sync-chen2026\05_QA测试集\人工核查_环评报告出处整理_20260715\环评报告文件_按正文一级章节拆分_20260727\PL147_佛山市顺德区大亚湾五金塑料有限公司新建项目_01_受理公告或公示版\11_四、主要环境影响和保护措施.md,823,16629
E:\华南理工项目\环评文件汇总\01_GitHub项目与研究文档\eia-openclaw-sync-chen2026\05_QA测试集\人工核查_环评报告出处整理_20260715\环评报告文件_按问答顺序\PL147_佛山市顺德区大亚湾五金塑料有限公司新建项目_01_受理公告或公示版.pdf,PL147_佛山市顺德区大亚湾五金塑料有限公司新建项目_01_受理公告或公示版.pdf,.pdf,pdf_pypdf,12,五、环境保护措施监督检查清单,E:\华南理工项目\环评文件汇总\01_GitHub项目与研究文档\eia-openclaw-sync-chen2026\05_QA测试集\人工核查_环评报告出处整理_20260715\环评报告文件_按正文一级章节拆分_20260727\PL147_佛山市顺德区大亚湾五金塑料有限公司新建项目_01_受理公告或公示版\12_五、环境保护措施监督检查清单.md,114,1732
E:\华南理工项目\环评文件汇总\01_GitHub项目与研究文档\eia-openclaw-sync-chen2026\05_QA测试集\人工核查_环评报告出处整理_20260715\环评报告文件_按问答顺序\PL147_佛山市顺德区大亚湾五金塑料有限公司新建项目_01_受理公告或公示版.pdf,PL147_佛山市顺德区大亚湾五金塑料有限公司新建项目_01_受理公告或公示版.pdf,.pdf,pdf_pypdf,13,六、结论,E:\华南理工项目\环评文件汇总\01_GitHub项目与研究文档\eia-openclaw-sync-chen2026\05_QA测试集\人工核查_环评报告出处整理_20260715\环评报告文件_按正文一级章节拆分_20260727\PL147_佛山市顺德区大亚湾五金塑料有限公司新建项目_01_受理公告或公示版\13_六、结论.md,6,151
E:\华南理工项目\环评文件汇总\01_GitHub项目与研究文档\eia-openclaw-sync-chen2026\05_QA测试集\人工核查_环评报告出处整理_20260715\环评报告文件_按问答顺序\PL147_佛山市顺德区大亚湾五金塑料有限公司新建项目_01_受理公告或公示版.pdf,PL147_佛山市顺德区大亚湾五金塑料有限公司新建项目_01_受理公告或公示版.pdf,.pdf,pdf_pypdf,14,附表附图附件,E:\华南理工项目\环评文件汇总\01_GitHub项目与研究文档\eia-openclaw-sync-chen2026\05_QA测试集\人工核查_环评报告出处整理_20260715\环评报告文件_按正文一级章节拆分_20260727\PL147_佛山市顺德区大亚湾五金塑料有限公司新建项目_01_受理公告或公示版\14_附表附图附件.md,128,1990
E:\华南理工项目\环评文件汇总\01_GitHub项目与研究文档\eia-openclaw-sync-chen2026\05_QA测试集\人工核查_环评报告出处整理_20260715\环评报告文件_按问答顺序\PL148_佛山市浩创时代包装制品有限公司新建项目_01_受理公告或公示版.pdf,PL148_佛山市浩创时代包装制品有限公司新建项目_01_受理公告或公示版.pdf,.pdf,pdf_pypdf,1,封面及目录,E:\华南理工项目\环评文件汇总\01_GitHub项目与研究文档\eia-openclaw-sync-chen2026\05_QA测试集\人工核查_环评报告出处整理_20260715\环评报告文件_按正文一级章节拆分_20260727\PL148_佛山市浩创时代包装制品有限公司新建项目_01_受理公告或公示版\01_封面及目录.md,9,146
E:\华南理工项目\环评文件汇总\01_GitHub项目与研究文档\eia-openclaw-sync-chen2026\05_QA测试集\人工核查_环评报告出处整理_20260715\环评报告文件_按问答顺序\PL148_佛山市浩创时代包装制品有限公司新建项目_01_受理公告或公示版.pdf,PL148_佛山市浩创时代包装制品有限公司新建项目_01_受理公告或公示版.pdf,.pdf,pdf_pypdf,2,一、建设项目基本情况 ........................................................................................................ 1,E:\华南理工项目\环评文件汇总\01_GitHub项目与研究文档\eia-openclaw-sync-chen2026\05_QA测试集\人工核查_环评报告出处整理_20260715\环评报告文件_按正文一级章节拆分_20260727\PL148_佛山市浩创时代包装制品有限公司新建项目_01_受理公告或公示版\02_一、建设项目基本情况.md,1,118
E:\华南理工项目\环评文件汇总\01_GitHub项目与研究文档\eia-openclaw-sync-chen2026\05_QA测试集\人工核查_环评报告出处整理_20260715\环评报告文件_按问答顺序\PL148_佛山市浩创时代包装制品有限公司新建项目_01_受理公告或公示版.pdf,PL148_佛山市浩创时代包装制品有限公司新建项目_01_受理公告或公示版.pdf,.pdf,pdf_pypdf,3,二、 建设项目工程分析 .................................................................................................... 18,E:\华南理工项目\环评文件汇总\01_GitHub项目与研究文档\eia-openclaw-sync-chen2026\05_QA测试集\人工核查_环评报告出处整理_20260715\环评报告文件_按正文一级章节拆分_20260727\PL148_佛山市浩创时代包装制品有限公司新建项目_01_受理公告或公示版\03_二、_建设项目工程分析.md,2,197
E:\华南理工项目\环评文件汇总\01_GitHub项目与研究文档\eia-openclaw-sync-chen2026\05_QA测试集\人工核查_环评报告出处整理_20260715\环评报告文件_按问答顺序\PL148_佛山市浩创时代包装制品有限公司新建项目_01_受理公告或公示版.pdf,PL148_佛山市浩创时代包装制品有限公司新建项目_01_受理公告或公示版.pdf,.pdf,pdf_pypdf,4,四、主要环境影响和保护措施 .......................................................................................... 39,E:\华南理工项目\环评文件汇总\01_GitHub项目与研究文档\eia-openclaw-sync-chen2026\05_QA测试集\人工核查_环评报告出处整理_20260715\环评报告文件_按正文一级章节拆分_20260727\PL148_佛山市浩创时代包装制品有限公司新建项目_01_受理公告或公示版\04_四、主要环境影响和保护措施.md,1,108
E:\华南理工项目\环评文件汇总\01_GitHub项目与研究文档\eia-openclaw-sync-chen2026\05_QA测试集\人工核查_环评报告出处整理_20260715\环评报告文件_按问答顺序\PL148_佛山市浩创时代包装制品有限公司新建项目_01_受理公告或公示版.pdf,PL148_佛山市浩创时代包装制品有限公司新建项目_01_受理公告或公示版.pdf,.pdf,pdf_pypdf,5,五、环境保护措施监督检查清单 ...................................................................................... 69,E:\华南理工项目\环评文件汇总\01_GitHub项目与研究文档\eia-openclaw-sync-chen2026\05_QA测试集\人工核查_环评报告出处整理_20260715\环评报告文件_按正文一级章节拆分_20260727\PL148_佛山市浩创时代包装制品有限公司新建项目_01_受理公告或公示版\05_五、环境保护措施监督检查清单.md,1,105
E:\华南理工项目\环评文件汇总\01_GitHub项目与研究文档\eia-openclaw-sync-chen2026\05_QA测试集\人工核查_环评报告出处整理_20260715\环评报告文件_按问答顺序\PL148_佛山市浩创时代包装制品有限公司新建项目_01_受理公告或公示版.pdf,PL148_佛山市浩创时代包装制品有限公司新建项目_01_受理公告或公示版.pdf,.pdf,pdf_pypdf,6,六、结论 .............................................................................................................................. 71,E:\华南理工项目\环评文件汇总\01_GitHub项目与研究文档\eia-openclaw-sync-chen2026\05_QA测试集\人工核查_环评报告出处整理_20260715\环评报告文件_按正文一级章节拆分_20260727\PL148_佛山市浩创时代包装制品有限公司新建项目_01_受理公告或公示版\06_六、结论.md,2,243
E:\华南理工项目\环评文件汇总\01_GitHub项目与研究文档\eia-openclaw-sync-chen2026\05_QA测试集\人工核查_环评报告出处整理_20260715\环评报告文件_按问答顺序\PL148_佛山市浩创时代包装制品有限公司新建项目_01_受理公告或公示版.pdf,PL148_佛山市浩创时代包装制品有限公司新建项目_01_受理公告或公示版.pdf,.pdf,pdf_pypdf,7,附表附图附件,E:\华南理工项目\环评文件汇总\01_GitHub项目与研究文档\eia-openclaw-sync-chen2026\05_QA测试集\人工核查_环评报告出处整理_20260715\环评报告文件_按正文一级章节拆分_20260727\PL148_佛山市浩创时代包装制品有限公司新建项目_01_受理公告或公示版\07_附表附图附件.md,24,371
E:\华南理工项目\环评文件汇总\01_GitHub项目与研究文档\eia-openclaw-sync-chen2026\05_QA测试集\人工核查_环评报告出处整理_20260715\环评报告文件_按问答顺序\PL148_佛山市浩创时代包装制品有限公司新建项目_01_受理公告或公示版.pdf,PL148_佛山市浩创时代包装制品有限公司新建项目_01_受理公告或公示版.pdf,.pdf,pdf_pypdf,8,一、建设项目基本情况,E:\华南理工项目\环评文件汇总\01_GitHub项目与研究文档\eia-openclaw-sync-chen2026\05_QA测试集\人工核查_环评报告出处整理_20260715\环评报告文件_按正文一级章节拆分_20260727\PL148_佛山市浩创时代包装制品有限公司新建项目_01_受理公告或公示版\08_一、建设项目基本情况.md,1203,17562
E:\华南理工项目\环评文件汇总\01_GitHub项目与研究文档\eia-openclaw-sync-chen2026\05_QA测试集\人工核查_环评报告出处整理_20260715\环评报告文件_按问答顺序\PL148_佛山市浩创时代包装制品有限公司新建项目_01_受理公告或公示版.pdf,PL148_佛山市浩创时代包装制品有限公司新建项目_01_受理公告或公示版.pdf,.pdf,pdf_pypdf,9,二、建设项目工程分析,E:\华南理工项目\环评文件汇总\01_GitHub项目与研究文档\eia-openclaw-sync-chen2026\05_QA测试集\人工核查_环评报告出处整理_20260715\环评报告文件_按正文一级章节拆分_20260727\PL148_佛山市浩创时代包装制品有限公司新建项目_01_受理公告或公示版\09_二、建设项目工程分析.md,617,9966
E:\华南理工项目\环评文件汇总\01_GitHub项目与研究文档\eia-openclaw-sync-chen2026\05_QA测试集\人工核查_环评报告出处整理_20260715\环评报告文件_按问答顺序\PL148_佛山市浩创时代包装制品有限公司新建项目_01_受理公告或公示版.pdf,PL148_佛山市浩创时代包装制品有限公司新建项目_01_受理公告或公示版.pdf,.pdf,pdf_pypdf,10,三、区域环境质量现状、环境保护目标及评价标准,E:\华南理工项目\环评文件汇总\01_GitHub项目与研究文档\eia-openclaw-sync-chen2026\05_QA测试集\人工核查_环评报告出处整理_20260715\环评报告文件_按正文一级章节拆分_20260727\PL148_佛山市浩创时代包装制品有限公司新建项目_01_受理公告或公示版\10_三、区域环境质量现状、环境保护目标及评价标准.md,278,5453
E:\华南理工项目\环评文件汇总\01_GitHub项目与研究文档\eia-openclaw-sync-chen2026\05_QA测试集\人工核查_环评报告出处整理_20260715\环评报告文件_按问答顺序\PL148_佛山市浩创时代包装制品有限公司新建项目_01_受理公告或公示版.pdf,PL148_佛山市浩创时代包装制品有限公司新建项目_01_受理公告或公示版.pdf,.pdf,pdf_pypdf,11,四、主要环境影响和保护措施,E:\华南理工项目\环评文件汇总\01_GitHub项目与研究文档\eia-openclaw-sync-chen2026\05_QA测试集\人工核查_环评报告出处整理_20260715\环评报告文件_按正文一级章节拆分_20260727\PL148_佛山市浩创时代包装制品有限公司新建项目_01_受理公告或公示版\11_四、主要环境影响和保护措施.md,1408,26448
E:\华南理工项目\环评文件汇总\01_GitHub项目与研究文档\eia-openclaw-sync-chen2026\05_QA测试集\人工核查_环评报告出处整理_20260715\环评报告文件_按问答顺序\PL148_佛山市浩创时代包装制品有限公司新建项目_01_受理公告或公示版.pdf,PL148_佛山市浩创时代包装制品有限公司新建项目_01_受理公告或公示版.pdf,.pdf,pdf_pypdf,12,五、环境保护措施监督检查清单,E:\华南理工项目\环评文件汇总\01_GitHub项目与研究文档\eia-openclaw-sync-chen2026\05_QA测试集\人工核查_环评报告出处整理_20260715\环评报告文件_按正文一级章节拆分_20260727\PL148_佛山市浩创时代包装制品有限公司新建项目_01_受理公告或公示版\12_五、环境保护措施监督检查清单.md,129,2074
E:\华南理工项目\环评文件汇总\01_GitHub项目与研究文档\eia-openclaw-sync-chen2026\05_QA测试集\人工核查_环评报告出处整理_20260715\环评报告文件_按问答顺序\PL148_佛山市浩创时代包装制品有限公司新建项目_01_受理公告或公示版.pdf,PL148_佛山市浩创时代包装制品有限公司新建项目_01_受理公告或公示版.pdf,.pdf,pdf_pypdf,13,六、结论,E:\华南理工项目\环评文件汇总\01_GitHub项目与研究文档\eia-openclaw-sync-chen2026\05_QA测试集\人工核查_环评报告出处整理_20260715\环评报告文件_按正文一级章节拆分_20260727\PL148_佛山市浩创时代包装制品有限公司新建项目_01_受理公告或公示版\13_六、结论.md,7,194
E:\华南理工项目\环评文件汇总\01_GitHub项目与研究文档\eia-openclaw-sync-chen2026\05_QA测试集\人工核查_环评报告出处整理_20260715\环评报告文件_按问答顺序\PL148_佛山市浩创时代包装制品有限公司新建项目_01_受理公告或公示版.pdf,PL148_佛山市浩创时代包装制品有限公司新建项目_01_受理公告或公示版.pdf,.pdf,pdf_pypdf,14,附表附图附件,E:\华南理工项目\环评文件汇总\01_GitHub项目与研究文档\eia-openclaw-sync-chen2026\05_QA测试集\人工核查_环评报告出处整理_20260715\环评报告文件_按正文一级章节拆分_20260727\PL148_佛山市浩创时代包装制品有限公司新建项目_01_受理公告或公示版\14_附表附图附件.md,136,1948
E:\华南理工项目\环评文件汇总\01_GitHub项目与研究文档\eia-openclaw-sync-chen2026\05_QA测试集\人工核查_环评报告出处整理_20260715\环评报告文件_按问答顺序\PL149_佛山江福英智能设备制造有限公司新建项目_01_受理公告或公示版.pdf,PL149_佛山江福英智能设备制造有限公司新建项目_01_受理公告或公示版.pdf,.pdf,pdf_pypdf,1,封面及目录,E:\华南理工项目\环评文件汇总\01_GitHub项目与研究文档\eia-openclaw-sync-chen2026\05_QA测试集\人工核查_环评报告出处整理_20260715\环评报告文件_按正文一级章节拆分_20260727\PL149_佛山江福英智能设备制造有限公司新建项目_01_受理公告或公示版\01_封面及目录.md,2,25
E:\华南理工项目\环评文件汇总\01_GitHub项目与研究文档\eia-openclaw-sync-chen2026\05_QA测试集\人工核查_环评报告出处整理_20260715\环评报告文件_按问答顺序\PL149_佛山江福英智能设备制造有限公司新建项目_01_受理公告或公示版.pdf,PL149_佛山江福英智能设备制造有限公司新建项目_01_受理公告或公示版.pdf,.pdf,pdf_pypdf,2,一、建设项目基本情况 ....................................................................................................................... 1,E:\华南理工项目\环评文件汇总\01_GitHub项目与研究文档\eia-openclaw-sync-chen2026\05_QA测试集\人工核查_环评报告出处整理_20260715\环评报告文件_按正文一级章节拆分_20260727\PL149_佛山江福英智能设备制造有限公司新建项目_01_受理公告或公示版\02_一、建设项目基本情况.md,1,133
E:\华南理工项目\环评文件汇总\01_GitHub项目与研究文档\eia-openclaw-sync-chen2026\05_QA测试集\人工核查_环评报告出处整理_20260715\环评报告文件_按问答顺序\PL149_佛山江福英智能设备制造有限公司新建项目_01_受理公告或公示版.pdf,PL149_佛山江福英智能设备制造有限公司新建项目_01_受理公告或公示版.pdf,.pdf,pdf_pypdf,3,二、建设项目工程分析 ..................................................................................................................... 12,E:\华南理工项目\环评文件汇总\01_GitHub项目与研究文档\eia-openclaw-sync-chen2026\05_QA测试集\人工核查_环评报告出处整理_20260715\环评报告文件_按正文一级章节拆分_20260727\PL149_佛山江福英智能设备制造有限公司新建项目_01_受理公告或公示版\03_二、建设项目工程分析.md,2,228
E:\华南理工项目\环评文件汇总\01_GitHub项目与研究文档\eia-openclaw-sync-chen2026\05_QA测试集\人工核查_环评报告出处整理_20260715\环评报告文件_按问答顺序\PL149_佛山江福英智能设备制造有限公司新建项目_01_受理公告或公示版.pdf,PL149_佛山江福英智能设备制造有限公司新建项目_01_受理公告或公示版.pdf,.pdf,pdf_pypdf,4,四、 主要环境影响和保护措施 ....................................................................................................... 27,E:\华南理工项目\环评文件汇总\01_GitHub项目与研究文档\eia-openclaw-sync-chen2026\05_QA测试集\人工核查_环评报告出处整理_20260715\环评报告文件_按正文一级章节拆分_20260727\PL149_佛山江福英智能设备制造有限公司新建项目_01_受理公告或公示版\04_四、_主要环境影响和保护措施.md,1,122
E:\华南理工项目\环评文件汇总\01_GitHub项目与研究文档\eia-openclaw-sync-chen2026\05_QA测试集\人工核查_环评报告出处整理_20260715\环评报告文件_按问答顺序\PL149_佛山江福英智能设备制造有限公司新建项目_01_受理公告或公示版.pdf,PL149_佛山江福英智能设备制造有限公司新建项目_01_受理公告或公示版.pdf,.pdf,pdf_pypdf,5,五、环境保护措施监督检查清单 ..................................................................................................... 47,E:\华南理工项目\环评文件汇总\01_GitHub项目与研究文档\eia-openclaw-sync-chen2026\05_QA测试集\人工核查_环评报告出处整理_20260715\环评报告文件_按正文一级章节拆分_20260727\PL149_佛山江福英智能设备制造有限公司新建项目_01_受理公告或公示版\05_五、环境保护措施监督检查清单.md,1,120
E:\华南理工项目\环评文件汇总\01_GitHub项目与研究文档\eia-openclaw-sync-chen2026\05_QA测试集\人工核查_环评报告出处整理_20260715\环评报告文件_按问答顺序\PL149_佛山江福英智能设备制造有限公司新建项目_01_受理公告或公示版.pdf,PL149_佛山江福英智能设备制造有限公司新建项目_01_受理公告或公示版.pdf,.pdf,pdf_pypdf,6,六、结论 ............................................................................................................................................. 50,E:\华南理工项目\环评文件汇总\01_GitHub项目与研究文档\eia-openclaw-sync-chen2026\05_QA测试集\人工核查_环评报告出处整理_20260715\环评报告文件_按正文一级章节拆分_20260727\PL149_佛山江福英智能设备制造有限公司新建项目_01_受理公告或公示版\06_六、结论.md,2,273
E:\华南理工项目\环评文件汇总\01_GitHub项目与研究文档\eia-openclaw-sync-chen2026\05_QA测试集\人工核查_环评报告出处整理_20260715\环评报告文件_按问答顺序\PL149_佛山江福英智能设备制造有限公司新建项目_01_受理公告或公示版.pdf,PL149_佛山江福英智能设备制造有限公司新建项目_01_受理公告或公示版.pdf,.pdf,pdf_pypdf,7,附表附图附件,E:\华南理工项目\环评文件汇总\01_GitHub项目与研究文档\eia-openclaw-sync-chen2026\05_QA测试集\人工核查_环评报告出处整理_20260715\环评报告文件_按正文一级章节拆分_20260727\PL149_佛山江福英智能设备制造有限公司新建项目_01_受理公告或公示版\07_附表附图附件.md,19,2120
E:\华南理工项目\环评文件汇总\01_GitHub项目与研究文档\eia-openclaw-sync-chen2026\05_QA测试集\人工核查_环评报告出处整理_20260715\环评报告文件_按问答顺序\PL149_佛山江福英智能设备制造有限公司新建项目_01_受理公告或公示版.pdf,PL149_佛山江福英智能设备制造有限公司新建项目_01_受理公告或公示版.pdf,.pdf,pdf_pypdf,8,一、建设项目基本情况,E:\华南理工项目\环评文件汇总\01_GitHub项目与研究文档\eia-openclaw-sync-chen2026\05_QA测试集\人工核查_环评报告出处整理_20260715\环评报告文件_按正文一级章节拆分_20260727\PL149_佛山江福英智能设备制造有限公司新建项目_01_受理公告或公示版\08_一、建设项目基本情况.md,712,12619
E:\华南理工项目\环评文件汇总\01_GitHub项目与研究文档\eia-openclaw-sync-chen2026\05_QA测试集\人工核查_环评报告出处整理_20260715\环评报告文件_按问答顺序\PL149_佛山江福英智能设备制造有限公司新建项目_01_受理公告或公示版.pdf,PL149_佛山江福英智能设备制造有限公司新建项目_01_受理公告或公示版.pdf,.pdf,pdf_pypdf,9,二、建设项目工程分析,E:\华南理工项目\环评文件汇总\01_GitHub项目与研究文档\eia-openclaw-sync-chen2026\05_QA测试集\人工核查_环评报告出处整理_20260715\环评报告文件_按正文一级章节拆分_20260727\PL149_佛山江福英智能设备制造有限公司新建项目_01_受理公告或公示版\09_二、建设项目工程分析.md,381,7323
E:\华南理工项目\环评文件汇总\01_GitHub项目与研究文档\eia-openclaw-sync-chen2026\05_QA测试集\人工核查_环评报告出处整理_20260715\环评报告文件_按问答顺序\PL149_佛山江福英智能设备制造有限公司新建项目_01_受理公告或公示版.pdf,PL149_佛山江福英智能设备制造有限公司新建项目_01_受理公告或公示版.pdf,.pdf,pdf_pypdf,10,三、区域环境质量现状、环境保护目标及评价标准,E:\华南理工项目\环评文件汇总\01_GitHub项目与研究文档\eia-openclaw-sync-chen2026\05_QA测试集\人工核查_环评报告出处整理_20260715\环评报告文件_按正文一级章节拆分_20260727\PL149_佛山江福英智能设备制造有限公司新建项目_01_受理公告或公示版\10_三、区域环境质量现状、环境保护目标及评价标准.md,216,4468
E:\华南理工项目\环评文件汇总\01_GitHub项目与研究文档\eia-openclaw-sync-chen2026\05_QA测试集\人工核查_环评报告出处整理_20260715\环评报告文件_按问答顺序\PL149_佛山江福英智能设备制造有限公司新建项目_01_受理公告或公示版.pdf,PL149_佛山江福英智能设备制造有限公司新建项目_01_受理公告或公示版.pdf,.pdf,pdf_pypdf,11,四、主要环境影响和保护措施,E:\华南理工项目\环评文件汇总\01_GitHub项目与研究文档\eia-openclaw-sync-chen2026\05_QA测试集\人工核查_环评报告出处整理_20260715\环评报告文件_按正文一级章节拆分_20260727\PL149_佛山江福英智能设备制造有限公司新建项目_01_受理公告或公示版\11_四、主要环境影响和保护措施.md,1211,22101
E:\华南理工项目\环评文件汇总\01_GitHub项目与研究文档\eia-openclaw-sync-chen2026\05_QA测试集\人工核查_环评报告出处整理_20260715\环评报告文件_按问答顺序\PL149_佛山江福英智能设备制造有限公司新建项目_01_受理公告或公示版.pdf,PL149_佛山江福英智能设备制造有限公司新建项目_01_受理公告或公示版.pdf,.pdf,pdf_pypdf,12,五、环境保护措施监督检查清单,E:\华南理工项目\环评文件汇总\01_GitHub项目与研究文档\eia-openclaw-sync-chen2026\05_QA测试集\人工核查_环评报告出处整理_20260715\环评报告文件_按正文一级章节拆分_20260727\PL149_佛山江福英智能设备制造有限公司新建项目_01_受理公告或公示版\12_五、环境保护措施监督检查清单.md,130,2396
E:\华南理工项目\环评文件汇总\01_GitHub项目与研究文档\eia-openclaw-sync-chen2026\05_QA测试集\人工核查_环评报告出处整理_20260715\环评报告文件_按问答顺序\PL149_佛山江福英智能设备制造有限公司新建项目_01_受理公告或公示版.pdf,PL149_佛山江福英智能设备制造有限公司新建项目_01_受理公告或公示版.pdf,.pdf,pdf_pypdf,13,六、结论,E:\华南理工项目\环评文件汇总\01_GitHub项目与研究文档\eia-openclaw-sync-chen2026\05_QA测试集\人工核查_环评报告出处整理_20260715\环评报告文件_按正文一级章节拆分_20260727\PL149_佛山江福英智能设备制造有限公司新建项目_01_受理公告或公示版\13_六、结论.md,7,208
E:\华南理工项目\环评文件汇总\01_GitHub项目与研究文档\eia-openclaw-sync-chen2026\05_QA测试集\人工核查_环评报告出处整理_20260715\环评报告文件_按问答顺序\PL149_佛山江福英智能设备制造有限公司新建项目_01_受理公告或公示版.pdf,PL149_佛山江福英智能设备制造有限公司新建项目_01_受理公告或公示版.pdf,.pdf,pdf_pypdf,14,附表附图附件,E:\华南理工项目\环评文件汇总\01_GitHub项目与研究文档\eia-openclaw-sync-chen2026\05_QA测试集\人工核查_环评报告出处整理_20260715\环评报告文件_按正文一级章节拆分_20260727\PL149_佛山江福英智能设备制造有限公司新建项目_01_受理公告或公示版\14_附表附图附件.md,101,1571
E:\华南理工项目\环评文件汇总\01_GitHub项目与研究文档\eia-openclaw-sync-chen2026\05_QA测试集\人工核查_环评报告出处整理_20260715\环评报告文件_按问答顺序\PL151_佛山市顺德区德毅塑料有限公司新建项目_01_受理公告或公示版.pdf,PL151_佛山市顺德区德毅塑料有限公司新建项目_01_受理公告或公示版.pdf,.pdf,pdf_pypdf,1,封面及目录,E:\华南理工项目\环评文件汇总\01_GitHub项目与研究文档\eia-openclaw-sync-chen2026\05_QA测试集\人工核查_环评报告出处整理_20260715\环评报告文件_按正文一级章节拆分_20260727\PL151_佛山市顺德区德毅塑料有限公司新建项目_01_受理公告或公示版\01_封面及目录.md,2,24
E:\华南理工项目\环评文件汇总\01_GitHub项目与研究文档\eia-openclaw-sync-chen2026\05_QA测试集\人工核查_环评报告出处整理_20260715\环评报告文件_按问答顺序\PL151_佛山市顺德区德毅塑料有限公司新建项目_01_受理公告或公示版.pdf,PL151_佛山市顺德区德毅塑料有限公司新建项目_01_受理公告或公示版.pdf,.pdf,pdf_pypdf,2,一、建设项目基本情况 ........................................................................................................ 1,E:\华南理工项目\环评文件汇总\01_GitHub项目与研究文档\eia-openclaw-sync-chen2026\05_QA测试集\人工核查_环评报告出处整理_20260715\环评报告文件_按正文一级章节拆分_20260727\PL151_佛山市顺德区德毅塑料有限公司新建项目_01_受理公告或公示版\02_一、建设项目基本情况.md,1,118
E:\华南理工项目\环评文件汇总\01_GitHub项目与研究文档\eia-openclaw-sync-chen2026\05_QA测试集\人工核查_环评报告出处整理_20260715\环评报告文件_按问答顺序\PL151_佛山市顺德区德毅塑料有限公司新建项目_01_受理公告或公示版.pdf,PL151_佛山市顺德区德毅塑料有限公司新建项目_01_受理公告或公示版.pdf,.pdf,pdf_pypdf,3,二、建设项目工程分析 ...................................................................................................... 14,E:\华南理工项目\环评文件汇总\01_GitHub项目与研究文档\eia-openclaw-sync-chen2026\05_QA测试集\人工核查_环评报告出处整理_20260715\环评报告文件_按正文一级章节拆分_20260727\PL151_佛山市顺德区德毅塑料有限公司新建项目_01_受理公告或公示版\03_二、建设项目工程分析.md,2,198
E:\华南理工项目\环评文件汇总\01_GitHub项目与研究文档\eia-openclaw-sync-chen2026\05_QA测试集\人工核查_环评报告出处整理_20260715\环评报告文件_按问答顺序\PL151_佛山市顺德区德毅塑料有限公司新建项目_01_受理公告或公示版.pdf,PL151_佛山市顺德区德毅塑料有限公司新建项目_01_受理公告或公示版.pdf,.pdf,pdf_pypdf,4,四、主要环境影响和保护措施 .......................................................................................... 27,E:\华南理工项目\环评文件汇总\01_GitHub项目与研究文档\eia-openclaw-sync-chen2026\05_QA测试集\人工核查_环评报告出处整理_20260715\环评报告文件_按正文一级章节拆分_20260727\PL151_佛山市顺德区德毅塑料有限公司新建项目_01_受理公告或公示版\04_四、主要环境影响和保护措施.md,2,180
E:\华南理工项目\环评文件汇总\01_GitHub项目与研究文档\eia-openclaw-sync-chen2026\05_QA测试集\人工核查_环评报告出处整理_20260715\环评报告文件_按问答顺序\PL151_佛山市顺德区德毅塑料有限公司新建项目_01_受理公告或公示版.pdf,PL151_佛山市顺德区德毅塑料有限公司新建项目_01_受理公告或公示版.pdf,.pdf,pdf_pypdf,5,五、环境保护措施监督检查清单 ...................................................................................... 56,E:\华南理工项目\环评文件汇总\01_GitHub项目与研究文档\eia-openclaw-sync-chen2026\05_QA测试集\人工核查_环评报告出处整理_20260715\环评报告文件_按正文一级章节拆分_20260727\PL151_佛山市顺德区德毅塑料有限公司新建项目_01_受理公告或公示版\05_五、环境保护措施监督检查清单.md,1,105
E:\华南理工项目\环评文件汇总\01_GitHub项目与研究文档\eia-openclaw-sync-chen2026\05_QA测试集\人工核查_环评报告出处整理_20260715\环评报告文件_按问答顺序\PL151_佛山市顺德区德毅塑料有限公司新建项目_01_受理公告或公示版.pdf,PL151_佛山市顺德区德毅塑料有限公司新建项目_01_受理公告或公示版.pdf,.pdf,pdf_pypdf,6,六、结论 .............................................................................................................................. 59,E:\华南理工项目\环评文件汇总\01_GitHub项目与研究文档\eia-openclaw-sync-chen2026\05_QA测试集\人工核查_环评报告出处整理_20260715\环评报告文件_按正文一级章节拆分_20260727\PL151_佛山市顺德区德毅塑料有限公司新建项目_01_受理公告或公示版\06_六、结论.md,2,243
E:\华南理工项目\环评文件汇总\01_GitHub项目与研究文档\eia-openclaw-sync-chen2026\05_QA测试集\人工核查_环评报告出处整理_20260715\环评报告文件_按问答顺序\PL151_佛山市顺德区德毅塑料有限公司新建项目_01_受理公告或公示版.pdf,PL151_佛山市顺德区德毅塑料有限公司新建项目_01_受理公告或公示版.pdf,.pdf,pdf_pypdf,7,附表附图附件,E:\华南理工项目\环评文件汇总\01_GitHub项目与研究文档\eia-openclaw-sync-chen2026\05_QA测试集\人工核查_环评报告出处整理_20260715\环评报告文件_按正文一级章节拆分_20260727\PL151_佛山市顺德区德毅塑料有限公司新建项目_01_受理公告或公示版\07_附表附图附件.md,20,2054
E:\华南理工项目\环评文件汇总\01_GitHub项目与研究文档\eia-openclaw-sync-chen2026\05_QA测试集\人工核查_环评报告出处整理_20260715\环评报告文件_按问答顺序\PL151_佛山市顺德区德毅塑料有限公司新建项目_01_受理公告或公示版.pdf,PL151_佛山市顺德区德毅塑料有限公司新建项目_01_受理公告或公示版.pdf,.pdf,pdf_pypdf,8,一、建设项目基本情况,E:\华南理工项目\环评文件汇总\01_GitHub项目与研究文档\eia-openclaw-sync-chen2026\05_QA测试集\人工核查_环评报告出处整理_20260715\环评报告文件_按正文一级章节拆分_20260727\PL151_佛山市顺德区德毅塑料有限公司新建项目_01_受理公告或公示版\08_一、建设项目基本情况.md,651,10895
E:\华南理工项目\环评文件汇总\01_GitHub项目与研究文档\eia-openclaw-sync-chen2026\05_QA测试集\人工核查_环评报告出处整理_20260715\环评报告文件_按问答顺序\PL151_佛山市顺德区德毅塑料有限公司新建项目_01_受理公告或公示版.pdf,PL151_佛山市顺德区德毅塑料有限公司新建项目_01_受理公告或公示版.pdf,.pdf,pdf_pypdf,9,二、建设项目工程分析,E:\华南理工项目\环评文件汇总\01_GitHub项目与研究文档\eia-openclaw-sync-chen2026\05_QA测试集\人工核查_环评报告出处整理_20260715\环评报告文件_按正文一级章节拆分_20260727\PL151_佛山市顺德区德毅塑料有限公司新建项目_01_受理公告或公示版\09_二、建设项目工程分析.md,249,4117
E:\华南理工项目\环评文件汇总\01_GitHub项目与研究文档\eia-openclaw-sync-chen2026\05_QA测试集\人工核查_环评报告出处整理_20260715\环评报告文件_按问答顺序\PL151_佛山市顺德区德毅塑料有限公司新建项目_01_受理公告或公示版.pdf,PL151_佛山市顺德区德毅塑料有限公司新建项目_01_受理公告或公示版.pdf,.pdf,pdf_pypdf,10,三、区域环境质量现状、环境保护目标及评价标准,E:\华南理工项目\环评文件汇总\01_GitHub项目与研究文档\eia-openclaw-sync-chen2026\05_QA测试集\人工核查_环评报告出处整理_20260715\环评报告文件_按正文一级章节拆分_20260727\PL151_佛山市顺德区德毅塑料有限公司新建项目_01_受理公告或公示版\10_三、区域环境质量现状、环境保护目标及评价标准.md,175,3727
E:\华南理工项目\环评文件汇总\01_GitHub项目与研究文档\eia-openclaw-sync-chen2026\05_QA测试集\人工核查_环评报告出处整理_20260715\环评报告文件_按问答顺序\PL151_佛山市顺德区德毅塑料有限公司新建项目_01_受理公告或公示版.pdf,PL151_佛山市顺德区德毅塑料有限公司新建项目_01_受理公告或公示版.pdf,.pdf,pdf_pypdf,11,四、主要环境影响和保护措施,E:\华南理工项目\环评文件汇总\01_GitHub项目与研究文档\eia-openclaw-sync-chen2026\05_QA测试集\人工核查_环评报告出处整理_20260715\环评报告文件_按正文一级章节拆分_20260727\PL151_佛山市顺德区德毅塑料有限公司新建项目_01_受理公告或公示版\11_四、主要环境影响和保护措施.md,1520,23120
E:\华南理工项目\环评文件汇总\01_GitHub项目与研究文档\eia-openclaw-sync-chen2026\05_QA测试集\人工核查_环评报告出处整理_20260715\环评报告文件_按问答顺序\PL151_佛山市顺德区德毅塑料有限公司新建项目_01_受理公告或公示版.pdf,PL151_佛山市顺德区德毅塑料有限公司新建项目_01_受理公告或公示版.pdf,.pdf,pdf_pypdf,12,五、环境保护措施监督检查清单,E:\华南理工项目\环评文件汇总\01_GitHub项目与研究文档\eia-openclaw-sync-chen2026\05_QA测试集\人工核查_环评报告出处整理_20260715\环评报告文件_按正文一级章节拆分_20260727\PL151_佛山市顺德区德毅塑料有限公司新建项目_01_受理公告或公示版\12_五、环境保护措施监督检查清单.md,121,2062
E:\华南理工项目\环评文件汇总\01_GitHub项目与研究文档\eia-openclaw-sync-chen2026\05_QA测试集\人工核查_环评报告出处整理_20260715\环评报告文件_按问答顺序\PL151_佛山市顺德区德毅塑料有限公司新建项目_01_受理公告或公示版.pdf,PL151_佛山市顺德区德毅塑料有限公司新建项目_01_受理公告或公示版.pdf,.pdf,pdf_pypdf,13,六、结论,E:\华南理工项目\环评文件汇总\01_GitHub项目与研究文档\eia-openclaw-sync-chen2026\05_QA测试集\人工核查_环评报告出处整理_20260715\环评报告文件_按正文一级章节拆分_20260727\PL151_佛山市顺德区德毅塑料有限公司新建项目_01_受理公告或公示版\13_六、结论.md,9,220
E:\华南理工项目\环评文件汇总\01_GitHub项目与研究文档\eia-openclaw-sync-chen2026\05_QA测试集\人工核查_环评报告出处整理_20260715\环评报告文件_按问答顺序\PL151_佛山市顺德区德毅塑料有限公司新建项目_01_受理公告或公示版.pdf,PL151_佛山市顺德区德毅塑料有限公司新建项目_01_受理公告或公示版.pdf,.pdf,pdf_pypdf,14,附表附图附件,E:\华南理工项目\环评文件汇总\01_GitHub项目与研究文档\eia-openclaw-sync-chen2026\05_QA测试集\人工核查_环评报告出处整理_20260715\环评报告文件_按正文一级章节拆分_20260727\PL151_佛山市顺德区德毅塑料有限公司新建项目_01_受理公告或公示版\14_附表附图附件.md,121,1600
E:\华南理工项目\环评文件汇总\01_GitHub项目与研究文档\eia-openclaw-sync-chen2026\05_QA测试集\人工核查_环评报告出处整理_20260715\环评报告文件_按问答顺序\PL152_佛山市顺德区派信誉塑料有限公司新建项目_01_受理公告或公示版.pdf,PL152_佛山市顺德区派信誉塑料有限公司新建项目_01_受理公告或公示版.pdf,.pdf,pdf_pypdf,1,封面及目录,E:\华南理工项目\环评文件汇总\01_GitHub项目与研究文档\eia-openclaw-sync-chen2026\05_QA测试集\人工核查_环评报告出处整理_20260715\环评报告文件_按正文一级章节拆分_20260727\PL152_佛山市顺德区派信誉塑料有限公司新建项目_01_受理公告或公示版\01_封面及目录.md,2,24
E:\华南理工项目\环评文件汇总\01_GitHub项目与研究文档\eia-openclaw-sync-chen2026\05_QA测试集\人工核查_环评报告出处整理_20260715\环评报告文件_按问答顺序\PL152_佛山市顺德区派信誉塑料有限公司新建项目_01_受理公告或公示版.pdf,PL152_佛山市顺德区派信誉塑料有限公司新建项目_01_受理公告或公示版.pdf,.pdf,pdf_pypdf,2,一、建设项目基本情况............................................................................................................................... 1,E:\华南理工项目\环评文件汇总\01_GitHub项目与研究文档\eia-openclaw-sync-chen2026\05_QA测试集\人工核查_环评报告出处整理_20260715\环评报告文件_按正文一级章节拆分_20260727\PL152_佛山市顺德区派信誉塑料有限公司新建项目_01_受理公告或公示版\02_一、建设项目基本情况.md,1,140
E:\华南理工项目\环评文件汇总\01_GitHub项目与研究文档\eia-openclaw-sync-chen2026\05_QA测试集\人工核查_环评报告出处整理_20260715\环评报告文件_按问答顺序\PL152_佛山市顺德区派信誉塑料有限公司新建项目_01_受理公告或公示版.pdf,PL152_佛山市顺德区派信誉塑料有限公司新建项目_01_受理公告或公示版.pdf,.pdf,pdf_pypdf,3,二、建设项目工程分析............................................................................................................................. 19,E:\华南理工项目\环评文件汇总\01_GitHub项目与研究文档\eia-openclaw-sync-chen2026\05_QA测试集\人工核查_环评报告出处整理_20260715\环评报告文件_按正文一级章节拆分_20260727\PL152_佛山市顺德区派信誉塑料有限公司新建项目_01_受理公告或公示版\03_二、建设项目工程分析.md,2,241
E:\华南理工项目\环评文件汇总\01_GitHub项目与研究文档\eia-openclaw-sync-chen2026\05_QA测试集\人工核查_环评报告出处整理_20260715\环评报告文件_按问答顺序\PL152_佛山市顺德区派信誉塑料有限公司新建项目_01_受理公告或公示版.pdf,PL152_佛山市顺德区派信誉塑料有限公司新建项目_01_受理公告或公示版.pdf,.pdf,pdf_pypdf,4,四、主要环境影响和保护措施.................................................................................................................33,E:\华南理工项目\环评文件汇总\01_GitHub项目与研究文档\eia-openclaw-sync-chen2026\05_QA测试集\人工核查_环评报告出处整理_20260715\环评报告文件_按正文一级章节拆分_20260727\PL152_佛山市顺德区派信誉塑料有限公司新建项目_01_受理公告或公示版\04_四、主要环境影响和保护措施.md,1,129
E:\华南理工项目\环评文件汇总\01_GitHub项目与研究文档\eia-openclaw-sync-chen2026\05_QA测试集\人工核查_环评报告出处整理_20260715\环评报告文件_按问答顺序\PL152_佛山市顺德区派信誉塑料有限公司新建项目_01_受理公告或公示版.pdf,PL152_佛山市顺德区派信誉塑料有限公司新建项目_01_受理公告或公示版.pdf,.pdf,pdf_pypdf,5,五、环境保护措施监督检查清单.............................................................................................................62,E:\华南理工项目\环评文件汇总\01_GitHub项目与研究文档\eia-openclaw-sync-chen2026\05_QA测试集\人工核查_环评报告出处整理_20260715\环评报告文件_按正文一级章节拆分_20260727\PL152_佛山市顺德区派信誉塑料有限公司新建项目_01_受理公告或公示版\05_五、环境保护措施监督检查清单.md,1,126
E:\华南理工项目\环评文件汇总\01_GitHub项目与研究文档\eia-openclaw-sync-chen2026\05_QA测试集\人工核查_环评报告出处整理_20260715\环评报告文件_按问答顺序\PL152_佛山市顺德区派信誉塑料有限公司新建项目_01_受理公告或公示版.pdf,PL152_佛山市顺德区派信誉塑料有限公司新建项目_01_受理公告或公示版.pdf,.pdf,pdf_pypdf,6,六、结论..................................................................................................................................................... 64,E:\华南理工项目\环评文件汇总\01_GitHub项目与研究文档\eia-openclaw-sync-chen2026\05_QA测试集\人工核查_环评报告出处整理_20260715\环评报告文件_按正文一级章节拆分_20260727\PL152_佛山市顺德区派信誉塑料有限公司新建项目_01_受理公告或公示版\06_六、结论.md,2,287
E:\华南理工项目\环评文件汇总\01_GitHub项目与研究文档\eia-openclaw-sync-chen2026\05_QA测试集\人工核查_环评报告出处整理_20260715\环评报告文件_按问答顺序\PL152_佛山市顺德区派信誉塑料有限公司新建项目_01_受理公告或公示版.pdf,PL152_佛山市顺德区派信誉塑料有限公司新建项目_01_受理公告或公示版.pdf,.pdf,pdf_pypdf,7,附表附图附件,E:\华南理工项目\环评文件汇总\01_GitHub项目与研究文档\eia-openclaw-sync-chen2026\05_QA测试集\人工核查_环评报告出处整理_20260715\环评报告文件_按正文一级章节拆分_20260727\PL152_佛山市顺德区派信誉塑料有限公司新建项目_01_受理公告或公示版\07_附表附图附件.md,16,1919
E:\华南理工项目\环评文件汇总\01_GitHub项目与研究文档\eia-openclaw-sync-chen2026\05_QA测试集\人工核查_环评报告出处整理_20260715\环评报告文件_按问答顺序\PL152_佛山市顺德区派信誉塑料有限公司新建项目_01_受理公告或公示版.pdf,PL152_佛山市顺德区派信誉塑料有限公司新建项目_01_受理公告或公示版.pdf,.pdf,pdf_pypdf,8,一、建设项目基本情况,E:\华南理工项目\环评文件汇总\01_GitHub项目与研究文档\eia-openclaw-sync-chen2026\05_QA测试集\人工核查_环评报告出处整理_20260715\环评报告文件_按正文一级章节拆分_20260727\PL152_佛山市顺德区派信誉塑料有限公司新建项目_01_受理公告或公示版\08_一、建设项目基本情况.md,1406,16207
E:\华南理工项目\环评文件汇总\01_GitHub项目与研究文档\eia-openclaw-sync-chen2026\05_QA测试集\人工核查_环评报告出处整理_20260715\环评报告文件_按问答顺序\PL152_佛山市顺德区派信誉塑料有限公司新建项目_01_受理公告或公示版.pdf,PL152_佛山市顺德区派信誉塑料有限公司新建项目_01_受理公告或公示版.pdf,.pdf,pdf_pypdf,9,二、建设项目工程分析,E:\华南理工项目\环评文件汇总\01_GitHub项目与研究文档\eia-openclaw-sync-chen2026\05_QA测试集\人工核查_环评报告出处整理_20260715\环评报告文件_按正文一级章节拆分_20260727\PL152_佛山市顺德区派信誉塑料有限公司新建项目_01_受理公告或公示版\09_二、建设项目工程分析.md,232,4261
E:\华南理工项目\环评文件汇总\01_GitHub项目与研究文档\eia-openclaw-sync-chen2026\05_QA测试集\人工核查_环评报告出处整理_20260715\环评报告文件_按问答顺序\PL152_佛山市顺德区派信誉塑料有限公司新建项目_01_受理公告或公示版.pdf,PL152_佛山市顺德区派信誉塑料有限公司新建项目_01_受理公告或公示版.pdf,.pdf,pdf_pypdf,10,三、区域环境质量现状、环境保护目标及评价标准,E:\华南理工项目\环评文件汇总\01_GitHub项目与研究文档\eia-openclaw-sync-chen2026\05_QA测试集\人工核查_环评报告出处整理_20260715\环评报告文件_按正文一级章节拆分_20260727\PL152_佛山市顺德区派信誉塑料有限公司新建项目_01_受理公告或公示版\10_三、区域环境质量现状、环境保护目标及评价标准.md,254,5086
E:\华南理工项目\环评文件汇总\01_GitHub项目与研究文档\eia-openclaw-sync-chen2026\05_QA测试集\人工核查_环评报告出处整理_20260715\环评报告文件_按问答顺序\PL152_佛山市顺德区派信誉塑料有限公司新建项目_01_受理公告或公示版.pdf,PL152_佛山市顺德区派信誉塑料有限公司新建项目_01_受理公告或公示版.pdf,.pdf,pdf_pypdf,11,四、主要环境影响和保护措施,E:\华南理工项目\环评文件汇总\01_GitHub项目与研究文档\eia-openclaw-sync-chen2026\05_QA测试集\人工核查_环评报告出处整理_20260715\环评报告文件_按正文一级章节拆分_20260727\PL152_佛山市顺德区派信誉塑料有限公司新建项目_01_受理公告或公示版\11_四、主要环境影响和保护措施.md,1606,24838
E:\华南理工项目\环评文件汇总\01_GitHub项目与研究文档\eia-openclaw-sync-chen2026\05_QA测试集\人工核查_环评报告出处整理_20260715\环评报告文件_按问答顺序\PL152_佛山市顺德区派信誉塑料有限公司新建项目_01_受理公告或公示版.pdf,PL152_佛山市顺德区派信誉塑料有限公司新建项目_01_受理公告或公示版.pdf,.pdf,pdf_pypdf,12,五、环境保护措施监督检查清单,E:\华南理工项目\环评文件汇总\01_GitHub项目与研究文档\eia-openclaw-sync-chen2026\05_QA测试集\人工核查_环评报告出处整理_20260715\环评报告文件_按正文一级章节拆分_20260727\PL152_佛山市顺德区派信誉塑料有限公司新建项目_01_受理公告或公示版\12_五、环境保护措施监督检查清单.md,132,1754
E:\华南理工项目\环评文件汇总\01_GitHub项目与研究文档\eia-openclaw-sync-chen2026\05_QA测试集\人工核查_环评报告出处整理_20260715\环评报告文件_按问答顺序\PL152_佛山市顺德区派信誉塑料有限公司新建项目_01_受理公告或公示版.pdf,PL152_佛山市顺德区派信誉塑料有限公司新建项目_01_受理公告或公示版.pdf,.pdf,pdf_pypdf,13,六、结论,E:\华南理工项目\环评文件汇总\01_GitHub项目与研究文档\eia-openclaw-sync-chen2026\05_QA测试集\人工核查_环评报告出处整理_20260715\环评报告文件_按正文一级章节拆分_20260727\PL152_佛山市顺德区派信誉塑料有限公司新建项目_01_受理公告或公示版\13_六、结论.md,56,1039
E:\华南理工项目\环评文件汇总\01_GitHub项目与研究文档\eia-openclaw-sync-chen2026\05_QA测试集\人工核查_环评报告出处整理_20260715\环评报告文件_按问答顺序\PL152_佛山市顺德区派信誉塑料有限公司新建项目_01_受理公告或公示版.pdf,PL152_佛山市顺德区派信誉塑料有限公司新建项目_01_受理公告或公示版.pdf,.pdf,pdf_pypdf,14,附表附图附件,E:\华南理工项目\环评文件汇总\01_GitHub项目与研究文档\eia-openclaw-sync-chen2026\05_QA测试集\人工核查_环评报告出处整理_20260715\环评报告文件_按正文一级章节拆分_20260727\PL152_佛山市顺德区派信誉塑料有限公司新建项目_01_受理公告或公示版\14_附表附图附件.md,92,1042
E:\华南理工项目\环评文件汇总\01_GitHub项目与研究文档\eia-openclaw-sync-chen2026\05_QA测试集\人工核查_环评报告出处整理_20260715\环评报告文件_按问答顺序\PL153_佛山市诗佳格科技有限公司新建项目_01_受理公告或公示版.pdf,PL153_佛山市诗佳格科技有限公司新建项目_01_受理公告或公示版.pdf,.pdf,pdf_pypdf,1,封面及目录,E:\华南理工项目\环评文件汇总\01_GitHub项目与研究文档\eia-openclaw-sync-chen2026\05_QA测试集\人工核查_环评报告出处整理_20260715\环评报告文件_按正文一级章节拆分_20260727\PL153_佛山市诗佳格科技有限公司新建项目_01_受理公告或公示版\01_封面及目录.md,2,25
E:\华南理工项目\环评文件汇总\01_GitHub项目与研究文档\eia-openclaw-sync-chen2026\05_QA测试集\人工核查_环评报告出处整理_20260715\环评报告文件_按问答顺序\PL153_佛山市诗佳格科技有限公司新建项目_01_受理公告或公示版.pdf,PL153_佛山市诗佳格科技有限公司新建项目_01_受理公告或公示版.pdf,.pdf,pdf_pypdf,2,一、建设项目基本情况 ....................................................................................................................... 1,E:\华南理工项目\环评文件汇总\01_GitHub项目与研究文档\eia-openclaw-sync-chen2026\05_QA测试集\人工核查_环评报告出处整理_20260715\环评报告文件_按正文一级章节拆分_20260727\PL153_佛山市诗佳格科技有限公司新建项目_01_受理公告或公示版\02_一、建设项目基本情况.md,1,133
E:\华南理工项目\环评文件汇总\01_GitHub项目与研究文档\eia-openclaw-sync-chen2026\05_QA测试集\人工核查_环评报告出处整理_20260715\环评报告文件_按问答顺序\PL153_佛山市诗佳格科技有限公司新建项目_01_受理公告或公示版.pdf,PL153_佛山市诗佳格科技有限公司新建项目_01_受理公告或公示版.pdf,.pdf,pdf_pypdf,3,二、建设项目工程分析 ..................................................................................................................... 12,E:\华南理工项目\环评文件汇总\01_GitHub项目与研究文档\eia-openclaw-sync-chen2026\05_QA测试集\人工核查_环评报告出处整理_20260715\环评报告文件_按正文一级章节拆分_20260727\PL153_佛山市诗佳格科技有限公司新建项目_01_受理公告或公示版\03_二、建设项目工程分析.md,2,228
E:\华南理工项目\环评文件汇总\01_GitHub项目与研究文档\eia-openclaw-sync-chen2026\05_QA测试集\人工核查_环评报告出处整理_20260715\环评报告文件_按问答顺序\PL153_佛山市诗佳格科技有限公司新建项目_01_受理公告或公示版.pdf,PL153_佛山市诗佳格科技有限公司新建项目_01_受理公告或公示版.pdf,.pdf,pdf_pypdf,4,四、 主要环境影响和保护措施 ....................................................................................................... 25,E:\华南理工项目\环评文件汇总\01_GitHub项目与研究文档\eia-openclaw-sync-chen2026\05_QA测试集\人工核查_环评报告出处整理_20260715\环评报告文件_按正文一级章节拆分_20260727\PL153_佛山市诗佳格科技有限公司新建项目_01_受理公告或公示版\04_四、_主要环境影响和保护措施.md,1,122
E:\华南理工项目\环评文件汇总\01_GitHub项目与研究文档\eia-openclaw-sync-chen2026\05_QA测试集\人工核查_环评报告出处整理_20260715\环评报告文件_按问答顺序\PL153_佛山市诗佳格科技有限公司新建项目_01_受理公告或公示版.pdf,PL153_佛山市诗佳格科技有限公司新建项目_01_受理公告或公示版.pdf,.pdf,pdf_pypdf,5,五、环境保护措施监督检查清单 ..................................................................................................... 47,E:\华南理工项目\环评文件汇总\01_GitHub项目与研究文档\eia-openclaw-sync-chen2026\05_QA测试集\人工核查_环评报告出处整理_20260715\环评报告文件_按正文一级章节拆分_20260727\PL153_佛山市诗佳格科技有限公司新建项目_01_受理公告或公示版\05_五、环境保护措施监督检查清单.md,1,120
E:\华南理工项目\环评文件汇总\01_GitHub项目与研究文档\eia-openclaw-sync-chen2026\05_QA测试集\人工核查_环评报告出处整理_20260715\环评报告文件_按问答顺序\PL153_佛山市诗佳格科技有限公司新建项目_01_受理公告或公示版.pdf,PL153_佛山市诗佳格科技有限公司新建项目_01_受理公告或公示版.pdf,.pdf,pdf_pypdf,6,六、结论 ............................................................................................................................................. 50,E:\华南理工项目\环评文件汇总\01_GitHub项目与研究文档\eia-openclaw-sync-chen2026\05_QA测试集\人工核查_环评报告出处整理_20260715\环评报告文件_按正文一级章节拆分_20260727\PL153_佛山市诗佳格科技有限公司新建项目_01_受理公告或公示版\06_六、结论.md,2,273
E:\华南理工项目\环评文件汇总\01_GitHub项目与研究文档\eia-openclaw-sync-chen2026\05_QA测试集\人工核查_环评报告出处整理_20260715\环评报告文件_按问答顺序\PL153_佛山市诗佳格科技有限公司新建项目_01_受理公告或公示版.pdf,PL153_佛山市诗佳格科技有限公司新建项目_01_受理公告或公示版.pdf,.pdf,pdf_pypdf,7,附表附图附件,E:\华南理工项目\环评文件汇总\01_GitHub项目与研究文档\eia-openclaw-sync-chen2026\05_QA测试集\人工核查_环评报告出处整理_20260715\环评报告文件_按正文一级章节拆分_20260727\PL153_佛山市诗佳格科技有限公司新建项目_01_受理公告或公示版\07_附表附图附件.md,19,2105
E:\华南理工项目\环评文件汇总\01_GitHub项目与研究文档\eia-openclaw-sync-chen2026\05_QA测试集\人工核查_环评报告出处整理_20260715\环评报告文件_按问答顺序\PL153_佛山市诗佳格科技有限公司新建项目_01_受理公告或公示版.pdf,PL153_佛山市诗佳格科技有限公司新建项目_01_受理公告或公示版.pdf,.pdf,pdf_pypdf,8,一、建设项目基本情况,E:\华南理工项目\环评文件汇总\01_GitHub项目与研究文档\eia-openclaw-sync-chen2026\05_QA测试集\人工核查_环评报告出处整理_20260715\环评报告文件_按正文一级章节拆分_20260727\PL153_佛山市诗佳格科技有限公司新建项目_01_受理公告或公示版\08_一、建设项目基本情况.md,738,13139
E:\华南理工项目\环评文件汇总\01_GitHub项目与研究文档\eia-openclaw-sync-chen2026\05_QA测试集\人工核查_环评报告出处整理_20260715\环评报告文件_按问答顺序\PL153_佛山市诗佳格科技有限公司新建项目_01_受理公告或公示版.pdf,PL153_佛山市诗佳格科技有限公司新建项目_01_受理公告或公示版.pdf,.pdf,pdf_pypdf,9,二、建设项目工程分析,E:\华南理工项目\环评文件汇总\01_GitHub项目与研究文档\eia-openclaw-sync-chen2026\05_QA测试集\人工核查_环评报告出处整理_20260715\环评报告文件_按正文一级章节拆分_20260727\PL153_佛山市诗佳格科技有限公司新建项目_01_受理公告或公示版\09_二、建设项目工程分析.md,347,8037
E:\华南理工项目\环评文件汇总\01_GitHub项目与研究文档\eia-openclaw-sync-chen2026\05_QA测试集\人工核查_环评报告出处整理_20260715\环评报告文件_按问答顺序\PL153_佛山市诗佳格科技有限公司新建项目_01_受理公告或公示版.pdf,PL153_佛山市诗佳格科技有限公司新建项目_01_受理公告或公示版.pdf,.pdf,pdf_pypdf,10,三、区域环境质量现状、环境保护目标及评价标准,E:\华南理工项目\环评文件汇总\01_GitHub项目与研究文档\eia-openclaw-sync-chen2026\05_QA测试集\人工核查_环评报告出处整理_20260715\环评报告文件_按正文一级章节拆分_20260727\PL153_佛山市诗佳格科技有限公司新建项目_01_受理公告或公示版\10_三、区域环境质量现状、环境保护目标及评价标准.md,208,4220
E:\华南理工项目\环评文件汇总\01_GitHub项目与研究文档\eia-openclaw-sync-chen2026\05_QA测试集\人工核查_环评报告出处整理_20260715\环评报告文件_按问答顺序\PL153_佛山市诗佳格科技有限公司新建项目_01_受理公告或公示版.pdf,PL153_佛山市诗佳格科技有限公司新建项目_01_受理公告或公示版.pdf,.pdf,pdf_pypdf,11,四、主要环境影响和保护措施,E:\华南理工项目\环评文件汇总\01_GitHub项目与研究文档\eia-openclaw-sync-chen2026\05_QA测试集\人工核查_环评报告出处整理_20260715\环评报告文件_按正文一级章节拆分_20260727\PL153_佛山市诗佳格科技有限公司新建项目_01_受理公告或公示版\11_四、主要环境影响和保护措施.md,1252,24417
E:\华南理工项目\环评文件汇总\01_GitHub项目与研究文档\eia-openclaw-sync-chen2026\05_QA测试集\人工核查_环评报告出处整理_20260715\环评报告文件_按问答顺序\PL153_佛山市诗佳格科技有限公司新建项目_01_受理公告或公示版.pdf,PL153_佛山市诗佳格科技有限公司新建项目_01_受理公告或公示版.pdf,.pdf,pdf_pypdf,12,五、环境保护措施监督检查清单,E:\华南理工项目\环评文件汇总\01_GitHub项目与研究文档\eia-openclaw-sync-chen2026\05_QA测试集\人工核查_环评报告出处整理_20260715\环评报告文件_按正文一级章节拆分_20260727\PL153_佛山市诗佳格科技有限公司新建项目_01_受理公告或公示版\12_五、环境保护措施监督检查清单.md,134,2413
E:\华南理工项目\环评文件汇总\01_GitHub项目与研究文档\eia-openclaw-sync-chen2026\05_QA测试集\人工核查_环评报告出处整理_20260715\环评报告文件_按问答顺序\PL153_佛山市诗佳格科技有限公司新建项目_01_受理公告或公示版.pdf,PL153_佛山市诗佳格科技有限公司新建项目_01_受理公告或公示版.pdf,.pdf,pdf_pypdf,13,六、结论,E:\华南理工项目\环评文件汇总\01_GitHub项目与研究文档\eia-openclaw-sync-chen2026\05_QA测试集\人工核查_环评报告出处整理_20260715\环评报告文件_按正文一级章节拆分_20260727\PL153_佛山市诗佳格科技有限公司新建项目_01_受理公告或公示版\13_六、结论.md,7,208
E:\华南理工项目\环评文件汇总\01_GitHub项目与研究文档\eia-openclaw-sync-chen2026\05_QA测试集\人工核查_环评报告出处整理_20260715\环评报告文件_按问答顺序\PL153_佛山市诗佳格科技有限公司新建项目_01_受理公告或公示版.pdf,PL153_佛山市诗佳格科技有限公司新建项目_01_受理公告或公示版.pdf,.pdf,pdf_pypdf,14,附表附图附件,E:\华南理工项目\环评文件汇总\01_GitHub项目与研究文档\eia-openclaw-sync-chen2026\05_QA测试集\人工核查_环评报告出处整理_20260715\环评报告文件_按正文一级章节拆分_20260727\PL153_佛山市诗佳格科技有限公司新建项目_01_受理公告或公示版\14_附表附图附件.md,86,1458
E:\华南理工项目\环评文件汇总\01_GitHub项目与研究文档\eia-openclaw-sync-chen2026\05_QA测试集\人工核查_环评报告出处整理_20260715\环评报告文件_按问答顺序\PL154_佛山市华泷彩科技有限公司新建项目_01_受理公告或公示版.pdf,PL154_佛山市华泷彩科技有限公司新建项目_01_受理公告或公示版.pdf,.pdf,pdf_pypdf,1,封面及目录,E:\华南理工项目\环评文件汇总\01_GitHub项目与研究文档\eia-openclaw-sync-chen2026\05_QA测试集\人工核查_环评报告出处整理_20260715\环评报告文件_按正文一级章节拆分_20260727\PL154_佛山市华泷彩科技有限公司新建项目_01_受理公告或公示版\01_封面及目录.md,2,25
E:\华南理工项目\环评文件汇总\01_GitHub项目与研究文档\eia-openclaw-sync-chen2026\05_QA测试集\人工核查_环评报告出处整理_20260715\环评报告文件_按问答顺序\PL154_佛山市华泷彩科技有限公司新建项目_01_受理公告或公示版.pdf,PL154_佛山市华泷彩科技有限公司新建项目_01_受理公告或公示版.pdf,.pdf,pdf_pypdf,2,一、建设项目基本情况 ....................................................................................................................... 1,E:\华南理工项目\环评文件汇总\01_GitHub项目与研究文档\eia-openclaw-sync-chen2026\05_QA测试集\人工核查_环评报告出处整理_20260715\环评报告文件_按正文一级章节拆分_20260727\PL154_佛山市华泷彩科技有限公司新建项目_01_受理公告或公示版\02_一、建设项目基本情况.md,1,133
E:\华南理工项目\环评文件汇总\01_GitHub项目与研究文档\eia-openclaw-sync-chen2026\05_QA测试集\人工核查_环评报告出处整理_20260715\环评报告文件_按问答顺序\PL154_佛山市华泷彩科技有限公司新建项目_01_受理公告或公示版.pdf,PL154_佛山市华泷彩科技有限公司新建项目_01_受理公告或公示版.pdf,.pdf,pdf_pypdf,3,二、建设项目工程分析 ..................................................................................................................... 11,E:\华南理工项目\环评文件汇总\01_GitHub项目与研究文档\eia-openclaw-sync-chen2026\05_QA测试集\人工核查_环评报告出处整理_20260715\环评报告文件_按正文一级章节拆分_20260727\PL154_佛山市华泷彩科技有限公司新建项目_01_受理公告或公示版\03_二、建设项目工程分析.md,2,228
E:\华南理工项目\环评文件汇总\01_GitHub项目与研究文档\eia-openclaw-sync-chen2026\05_QA测试集\人工核查_环评报告出处整理_20260715\环评报告文件_按问答顺序\PL154_佛山市华泷彩科技有限公司新建项目_01_受理公告或公示版.pdf,PL154_佛山市华泷彩科技有限公司新建项目_01_受理公告或公示版.pdf,.pdf,pdf_pypdf,4,四、 主要环境影响和保护措施 ....................................................................................................... 25,E:\华南理工项目\环评文件汇总\01_GitHub项目与研究文档\eia-openclaw-sync-chen2026\05_QA测试集\人工核查_环评报告出处整理_20260715\环评报告文件_按正文一级章节拆分_20260727\PL154_佛山市华泷彩科技有限公司新建项目_01_受理公告或公示版\04_四、_主要环境影响和保护措施.md,1,122
E:\华南理工项目\环评文件汇总\01_GitHub项目与研究文档\eia-openclaw-sync-chen2026\05_QA测试集\人工核查_环评报告出处整理_20260715\环评报告文件_按问答顺序\PL154_佛山市华泷彩科技有限公司新建项目_01_受理公告或公示版.pdf,PL154_佛山市华泷彩科技有限公司新建项目_01_受理公告或公示版.pdf,.pdf,pdf_pypdf,5,五、环境保护措施监督检查清单 ..................................................................................................... 47,E:\华南理工项目\环评文件汇总\01_GitHub项目与研究文档\eia-openclaw-sync-chen2026\05_QA测试集\人工核查_环评报告出处整理_20260715\环评报告文件_按正文一级章节拆分_20260727\PL154_佛山市华泷彩科技有限公司新建项目_01_受理公告或公示版\05_五、环境保护措施监督检查清单.md,1,120
E:\华南理工项目\环评文件汇总\01_GitHub项目与研究文档\eia-openclaw-sync-chen2026\05_QA测试集\人工核查_环评报告出处整理_20260715\环评报告文件_按问答顺序\PL154_佛山市华泷彩科技有限公司新建项目_01_受理公告或公示版.pdf,PL154_佛山市华泷彩科技有限公司新建项目_01_受理公告或公示版.pdf,.pdf,pdf_pypdf,6,六、结论 ............................................................................................................................................. 50,E:\华南理工项目\环评文件汇总\01_GitHub项目与研究文档\eia-openclaw-sync-chen2026\05_QA测试集\人工核查_环评报告出处整理_20260715\环评报告文件_按正文一级章节拆分_20260727\PL154_佛山市华泷彩科技有限公司新建项目_01_受理公告或公示版\06_六、结论.md,2,273
E:\华南理工项目\环评文件汇总\01_GitHub项目与研究文档\eia-openclaw-sync-chen2026\05_QA测试集\人工核查_环评报告出处整理_20260715\环评报告文件_按问答顺序\PL154_佛山市华泷彩科技有限公司新建项目_01_受理公告或公示版.pdf,PL154_佛山市华泷彩科技有限公司新建项目_01_受理公告或公示版.pdf,.pdf,pdf_pypdf,7,附表附图附件,E:\华南理工项目\环评文件汇总\01_GitHub项目与研究文档\eia-openclaw-sync-chen2026\05_QA测试集\人工核查_环评报告出处整理_20260715\环评报告文件_按正文一级章节拆分_20260727\PL154_佛山市华泷彩科技有限公司新建项目_01_受理公告或公示版\07_附表附图附件.md,19,2100
E:\华南理工项目\环评文件汇总\01_GitHub项目与研究文档\eia-openclaw-sync-chen2026\05_QA测试集\人工核查_环评报告出处整理_20260715\环评报告文件_按问答顺序\PL154_佛山市华泷彩科技有限公司新建项目_01_受理公告或公示版.pdf,PL154_佛山市华泷彩科技有限公司新建项目_01_受理公告或公示版.pdf,.pdf,pdf_pypdf,8,一、建设项目基本情况,E:\华南理工项目\环评文件汇总\01_GitHub项目与研究文档\eia-openclaw-sync-chen2026\05_QA测试集\人工核查_环评报告出处整理_20260715\环评报告文件_按正文一级章节拆分_20260727\PL154_佛山市华泷彩科技有限公司新建项目_01_受理公告或公示版\08_一、建设项目基本情况.md,688,12505
E:\华南理工项目\环评文件汇总\01_GitHub项目与研究文档\eia-openclaw-sync-chen2026\05_QA测试集\人工核查_环评报告出处整理_20260715\环评报告文件_按问答顺序\PL154_佛山市华泷彩科技有限公司新建项目_01_受理公告或公示版.pdf,PL154_佛山市华泷彩科技有限公司新建项目_01_受理公告或公示版.pdf,.pdf,pdf_pypdf,9,二、建设项目工程分析,E:\华南理工项目\环评文件汇总\01_GitHub项目与研究文档\eia-openclaw-sync-chen2026\05_QA测试集\人工核查_环评报告出处整理_20260715\环评报告文件_按正文一级章节拆分_20260727\PL154_佛山市华泷彩科技有限公司新建项目_01_受理公告或公示版\09_二、建设项目工程分析.md,374,8215
E:\华南理工项目\环评文件汇总\01_GitHub项目与研究文档\eia-openclaw-sync-chen2026\05_QA测试集\人工核查_环评报告出处整理_20260715\环评报告文件_按问答顺序\PL154_佛山市华泷彩科技有限公司新建项目_01_受理公告或公示版.pdf,PL154_佛山市华泷彩科技有限公司新建项目_01_受理公告或公示版.pdf,.pdf,pdf_pypdf,10,三、区域环境质量现状、环境保护目标及评价标准,E:\华南理工项目\环评文件汇总\01_GitHub项目与研究文档\eia-openclaw-sync-chen2026\05_QA测试集\人工核查_环评报告出处整理_20260715\环评报告文件_按正文一级章节拆分_20260727\PL154_佛山市华泷彩科技有限公司新建项目_01_受理公告或公示版\10_三、区域环境质量现状、环境保护目标及评价标准.md,206,4425
E:\华南理工项目\环评文件汇总\01_GitHub项目与研究文档\eia-openclaw-sync-chen2026\05_QA测试集\人工核查_环评报告出处整理_20260715\环评报告文件_按问答顺序\PL154_佛山市华泷彩科技有限公司新建项目_01_受理公告或公示版.pdf,PL154_佛山市华泷彩科技有限公司新建项目_01_受理公告或公示版.pdf,.pdf,pdf_pypdf,11,四、主要环境影响和保护措施,E:\华南理工项目\环评文件汇总\01_GitHub项目与研究文档\eia-openclaw-sync-chen2026\05_QA测试集\人工核查_环评报告出处整理_20260715\环评报告文件_按正文一级章节拆分_20260727\PL154_佛山市华泷彩科技有限公司新建项目_01_受理公告或公示版\11_四、主要环境影响和保护措施.md,354,8931
E:\华南理工项目\环评文件汇总\01_GitHub项目与研究文档\eia-openclaw-sync-chen2026\05_QA测试集\人工核查_环评报告出处整理_20260715\环评报告文件_按问答顺序\PL154_佛山市华泷彩科技有限公司新建项目_01_受理公告或公示版.pdf,PL154_佛山市华泷彩科技有限公司新建项目_01_受理公告或公示版.pdf,.pdf,pdf_pypdf,12,附表附图附件,E:\华南理工项目\环评文件汇总\01_GitHub项目与研究文档\eia-openclaw-sync-chen2026\05_QA测试集\人工核查_环评报告出处整理_20260715\环评报告文件_按正文一级章节拆分_20260727\PL154_佛山市华泷彩科技有限公司新建项目_01_受理公告或公示版\12_附表附图附件.md,860,15915
E:\华南理工项目\环评文件汇总\01_GitHub项目与研究文档\eia-openclaw-sync-chen2026\05_QA测试集\人工核查_环评报告出处整理_20260715\环评报告文件_按问答顺序\PL154_佛山市华泷彩科技有限公司新建项目_01_受理公告或公示版.pdf,PL154_佛山市华泷彩科技有限公司新建项目_01_受理公告或公示版.pdf,.pdf,pdf_pypdf,13,五、环境保护措施监督检查清单,E:\华南理工项目\环评文件汇总\01_GitHub项目与研究文档\eia-openclaw-sync-chen2026\05_QA测试集\人工核查_环评报告出处整理_20260715\环评报告文件_按正文一级章节拆分_20260727\PL154_佛山市华泷彩科技有限公司新建项目_01_受理公告或公示版\13_五、环境保护措施监督检查清单.md,138,2414
E:\华南理工项目\环评文件汇总\01_GitHub项目与研究文档\eia-openclaw-sync-chen2026\05_QA测试集\人工核查_环评报告出处整理_20260715\环评报告文件_按问答顺序\PL154_佛山市华泷彩科技有限公司新建项目_01_受理公告或公示版.pdf,PL154_佛山市华泷彩科技有限公司新建项目_01_受理公告或公示版.pdf,.pdf,pdf_pypdf,14,六、结论,E:\华南理工项目\环评文件汇总\01_GitHub项目与研究文档\eia-openclaw-sync-chen2026\05_QA测试集\人工核查_环评报告出处整理_20260715\环评报告文件_按正文一级章节拆分_20260727\PL154_佛山市华泷彩科技有限公司新建项目_01_受理公告或公示版\14_六、结论.md,7,208
E:\华南理工项目\环评文件汇总\01_GitHub项目与研究文档\eia-openclaw-sync-chen2026\05_QA测试集\人工核查_环评报告出处整理_20260715\环评报告文件_按问答顺序\PL154_佛山市华泷彩科技有限公司新建项目_01_受理公告或公示版.pdf,PL154_佛山市华泷彩科技有限公司新建项目_01_受理公告或公示版.pdf,.pdf,pdf_pypdf,15,附表附图附件,E:\华南理工项目\环评文件汇总\01_GitHub项目与研究文档\eia-openclaw-sync-chen2026\05_QA测试集\人工核查_环评报告出处整理_20260715\环评报告文件_按正文一级章节拆分_20260727\PL154_佛山市华泷彩科技有限公司新建项目_01_受理公告或公示版\15_附表附图附件.md,85,1455
E:\华南理工项目\环评文件汇总\01_GitHub项目与研究文档\eia-openclaw-sync-chen2026\05_QA测试集\人工核查_环评报告出处整理_20260715\环评报告文件_按问答顺序\PL155_佛山市洲友尚包装材料有限公司新建项目_01_受理公告或公示版.pdf,PL155_佛山市洲友尚包装材料有限公司新建项目_01_受理公告或公示版.pdf,.pdf,pdf_pypdf,1,封面及目录,E:\华南理工项目\环评文件汇总\01_GitHub项目与研究文档\eia-openclaw-sync-chen2026\05_QA测试集\人工核查_环评报告出处整理_20260715\环评报告文件_按正文一级章节拆分_20260727\PL155_佛山市洲友尚包装材料有限公司新建项目_01_受理公告或公示版\01_封面及目录.md,2,25
E:\华南理工项目\环评文件汇总\01_GitHub项目与研究文档\eia-openclaw-sync-chen2026\05_QA测试集\人工核查_环评报告出处整理_20260715\环评报告文件_按问答顺序\PL155_佛山市洲友尚包装材料有限公司新建项目_01_受理公告或公示版.pdf,PL155_佛山市洲友尚包装材料有限公司新建项目_01_受理公告或公示版.pdf,.pdf,pdf_pypdf,2,一、建设项目基本情况 ................................................................................................................................... 1,E:\华南理工项目\环评文件汇总\01_GitHub项目与研究文档\eia-openclaw-sync-chen2026\05_QA测试集\人工核查_环评报告出处整理_20260715\环评报告文件_按正文一级章节拆分_20260727\PL155_佛山市洲友尚包装材料有限公司新建项目_01_受理公告或公示版\02_一、建设项目基本情况.md,1,145
E:\华南理工项目\环评文件汇总\01_GitHub项目与研究文档\eia-openclaw-sync-chen2026\05_QA测试集\人工核查_环评报告出处整理_20260715\环评报告文件_按问答顺序\PL155_佛山市洲友尚包装材料有限公司新建项目_01_受理公告或公示版.pdf,PL155_佛山市洲友尚包装材料有限公司新建项目_01_受理公告或公示版.pdf,.pdf,pdf_pypdf,3,二、建设项目工程分析 ................................................................................................................................. 12,E:\华南理工项目\环评文件汇总\01_GitHub项目与研究文档\eia-openclaw-sync-chen2026\05_QA测试集\人工核查_环评报告出处整理_20260715\环评报告文件_按正文一级章节拆分_20260727\PL155_佛山市洲友尚包装材料有限公司新建项目_01_受理公告或公示版\03_二、建设项目工程分析.md,3,389
E:\华南理工项目\环评文件汇总\01_GitHub项目与研究文档\eia-openclaw-sync-chen2026\05_QA测试集\人工核查_环评报告出处整理_20260715\环评报告文件_按问答顺序\PL155_佛山市洲友尚包装材料有限公司新建项目_01_受理公告或公示版.pdf,PL155_佛山市洲友尚包装材料有限公司新建项目_01_受理公告或公示版.pdf,.pdf,pdf_pypdf,4,五、环境保护措施监督检查清单 .................................................................................................................55,E:\华南理工项目\环评文件汇总\01_GitHub项目与研究文档\eia-openclaw-sync-chen2026\05_QA测试集\人工核查_环评报告出处整理_20260715\环评报告文件_按正文一级章节拆分_20260727\PL155_佛山市洲友尚包装材料有限公司新建项目_01_受理公告或公示版\04_五、环境保护措施监督检查清单.md,1,131
E:\华南理工项目\环评文件汇总\01_GitHub项目与研究文档\eia-openclaw-sync-chen2026\05_QA测试集\人工核查_环评报告出处整理_20260715\环评报告文件_按问答顺序\PL155_佛山市洲友尚包装材料有限公司新建项目_01_受理公告或公示版.pdf,PL155_佛山市洲友尚包装材料有限公司新建项目_01_受理公告或公示版.pdf,.pdf,pdf_pypdf,5,六、结论 ......................................................................................................................................................... 58,E:\华南理工项目\环评文件汇总\01_GitHub项目与研究文档\eia-openclaw-sync-chen2026\05_QA测试集\人工核查_环评报告出处整理_20260715\环评报告文件_按正文一级章节拆分_20260727\PL155_佛山市洲友尚包装材料有限公司新建项目_01_受理公告或公示版\05_六、结论.md,1,162
E:\华南理工项目\环评文件汇总\01_GitHub项目与研究文档\eia-openclaw-sync-chen2026\05_QA测试集\人工核查_环评报告出处整理_20260715\环评报告文件_按问答顺序\PL155_佛山市洲友尚包装材料有限公司新建项目_01_受理公告或公示版.pdf,PL155_佛山市洲友尚包装材料有限公司新建项目_01_受理公告或公示版.pdf,.pdf,pdf_pypdf,6,附表附图附件,E:\华南理工项目\环评文件汇总\01_GitHub项目与研究文档\eia-openclaw-sync-chen2026\05_QA测试集\人工核查_环评报告出处整理_20260715\环评报告文件_按正文一级章节拆分_20260727\PL155_佛山市洲友尚包装材料有限公司新建项目_01_受理公告或公示版\06_附表附图附件.md,24,2881
E:\华南理工项目\环评文件汇总\01_GitHub项目与研究文档\eia-openclaw-sync-chen2026\05_QA测试集\人工核查_环评报告出处整理_20260715\环评报告文件_按问答顺序\PL155_佛山市洲友尚包装材料有限公司新建项目_01_受理公告或公示版.pdf,PL155_佛山市洲友尚包装材料有限公司新建项目_01_受理公告或公示版.pdf,.pdf,pdf_pypdf,7,一、建设项目基本情况,E:\华南理工项目\环评文件汇总\01_GitHub项目与研究文档\eia-openclaw-sync-chen2026\05_QA测试集\人工核查_环评报告出处整理_20260715\环评报告文件_按正文一级章节拆分_20260727\PL155_佛山市洲友尚包装材料有限公司新建项目_01_受理公告或公示版\07_一、建设项目基本情况.md,797,12527
E:\华南理工项目\环评文件汇总\01_GitHub项目与研究文档\eia-openclaw-sync-chen2026\05_QA测试集\人工核查_环评报告出处整理_20260715\环评报告文件_按问答顺序\PL155_佛山市洲友尚包装材料有限公司新建项目_01_受理公告或公示版.pdf,PL155_佛山市洲友尚包装材料有限公司新建项目_01_受理公告或公示版.pdf,.pdf,pdf_pypdf,8,二、建设项目工程分析,E:\华南理工项目\环评文件汇总\01_GitHub项目与研究文档\eia-openclaw-sync-chen2026\05_QA测试集\人工核查_环评报告出处整理_20260715\环评报告文件_按正文一级章节拆分_20260727\PL155_佛山市洲友尚包装材料有限公司新建项目_01_受理公告或公示版\08_二、建设项目工程分析.md,412,7596
E:\华南理工项目\环评文件汇总\01_GitHub项目与研究文档\eia-openclaw-sync-chen2026\05_QA测试集\人工核查_环评报告出处整理_20260715\环评报告文件_按问答顺序\PL155_佛山市洲友尚包装材料有限公司新建项目_01_受理公告或公示版.pdf,PL155_佛山市洲友尚包装材料有限公司新建项目_01_受理公告或公示版.pdf,.pdf,pdf_pypdf,9,三、区域环境质量现状、环境保护目标及评价标准,E:\华南理工项目\环评文件汇总\01_GitHub项目与研究文档\eia-openclaw-sync-chen2026\05_QA测试集\人工核查_环评报告出处整理_20260715\环评报告文件_按正文一级章节拆分_20260727\PL155_佛山市洲友尚包装材料有限公司新建项目_01_受理公告或公示版\09_三、区域环境质量现状、环境保护目标及评价标准.md,1466,26054
E:\华南理工项目\环评文件汇总\01_GitHub项目与研究文档\eia-openclaw-sync-chen2026\05_QA测试集\人工核查_环评报告出处整理_20260715\环评报告文件_按问答顺序\PL155_佛山市洲友尚包装材料有限公司新建项目_01_受理公告或公示版.pdf,PL155_佛山市洲友尚包装材料有限公司新建项目_01_受理公告或公示版.pdf,.pdf,pdf_pypdf,10,附表附图附件,E:\华南理工项目\环评文件汇总\01_GitHub项目与研究文档\eia-openclaw-sync-chen2026\05_QA测试集\人工核查_环评报告出处整理_20260715\环评报告文件_按正文一级章节拆分_20260727\PL155_佛山市洲友尚包装材料有限公司新建项目_01_受理公告或公示版\10_附表附图附件.md,329,5219
E:\华南理工项目\环评文件汇总\01_GitHub项目与研究文档\eia-openclaw-sync-chen2026\05_QA测试集\人工核查_环评报告出处整理_20260715\环评报告文件_按问答顺序\PL155_佛山市洲友尚包装材料有限公司新建项目_01_受理公告或公示版.pdf,PL155_佛山市洲友尚包装材料有限公司新建项目_01_受理公告或公示版.pdf,.pdf,pdf_pypdf,11,五、环境保护措施监督检查清单,E:\华南理工项目\环评文件汇总\01_GitHub项目与研究文档\eia-openclaw-sync-chen2026\05_QA测试集\人工核查_环评报告出处整理_20260715\环评报告文件_按正文一级章节拆分_20260727\PL155_佛山市洲友尚包装材料有限公司新建项目_01_受理公告或公示版\11_五、环境保护措施监督检查清单.md,169,2776
E:\华南理工项目\环评文件汇总\01_GitHub项目与研究文档\eia-openclaw-sync-chen2026\05_QA测试集\人工核查_环评报告出处整理_20260715\环评报告文件_按问答顺序\PL155_佛山市洲友尚包装材料有限公司新建项目_01_受理公告或公示版.pdf,PL155_佛山市洲友尚包装材料有限公司新建项目_01_受理公告或公示版.pdf,.pdf,pdf_pypdf,12,六、结论,E:\华南理工项目\环评文件汇总\01_GitHub项目与研究文档\eia-openclaw-sync-chen2026\05_QA测试集\人工核查_环评报告出处整理_20260715\环评报告文件_按正文一级章节拆分_20260727\PL155_佛山市洲友尚包装材料有限公司新建项目_01_受理公告或公示版\12_六、结论.md,8,208
E:\华南理工项目\环评文件汇总\01_GitHub项目与研究文档\eia-openclaw-sync-chen2026\05_QA测试集\人工核查_环评报告出处整理_20260715\环评报告文件_按问答顺序\PL155_佛山市洲友尚包装材料有限公司新建项目_01_受理公告或公示版.pdf,PL155_佛山市洲友尚包装材料有限公司新建项目_01_受理公告或公示版.pdf,.pdf,pdf_pypdf,13,附表附图附件,E:\华南理工项目\环评文件汇总\01_GitHub项目与研究文档\eia-openclaw-sync-chen2026\05_QA测试集\人工核查_环评报告出处整理_20260715\环评报告文件_按正文一级章节拆分_20260727\PL155_佛山市洲友尚包装材料有限公司新建项目_01_受理公告或公示版\13_附表附图附件.md,97,1350
E:\华南理工项目\环评文件汇总\01_GitHub项目与研究文档\eia-openclaw-sync-chen2026\05_QA测试集\人工核查_环评报告出处整理_20260715\环评报告文件_按问答顺序\PL156_佛山市坤琪玲塑料制品有限公司新建项目_01_受理公告或公示版.pdf,PL156_佛山市坤琪玲塑料制品有限公司新建项目_01_受理公告或公示版.pdf,.pdf,pdf_pypdf,1,封面及目录,E:\华南理工项目\环评文件汇总\01_GitHub项目与研究文档\eia-openclaw-sync-chen2026\05_QA测试集\人工核查_环评报告出处整理_20260715\环评报告文件_按正文一级章节拆分_20260727\PL156_佛山市坤琪玲塑料制品有限公司新建项目_01_受理公告或公示版\01_封面及目录.md,9,144
E:\华南理工项目\环评文件汇总\01_GitHub项目与研究文档\eia-openclaw-sync-chen2026\05_QA测试集\人工核查_环评报告出处整理_20260715\环评报告文件_按问答顺序\PL156_佛山市坤琪玲塑料制品有限公司新建项目_01_受理公告或公示版.pdf,PL156_佛山市坤琪玲塑料制品有限公司新建项目_01_受理公告或公示版.pdf,.pdf,pdf_pypdf,2,一、建设项目基本情况 ....................................................................................................................... 1,E:\华南理工项目\环评文件汇总\01_GitHub项目与研究文档\eia-openclaw-sync-chen2026\05_QA测试集\人工核查_环评报告出处整理_20260715\环评报告文件_按正文一级章节拆分_20260727\PL156_佛山市坤琪玲塑料制品有限公司新建项目_01_受理公告或公示版\02_一、建设项目基本情况.md,1,133
E:\华南理工项目\环评文件汇总\01_GitHub项目与研究文档\eia-openclaw-sync-chen2026\05_QA测试集\人工核查_环评报告出处整理_20260715\环评报告文件_按问答顺序\PL156_佛山市坤琪玲塑料制品有限公司新建项目_01_受理公告或公示版.pdf,PL156_佛山市坤琪玲塑料制品有限公司新建项目_01_受理公告或公示版.pdf,.pdf,pdf_pypdf,3,二、建设项目工程分析 ......................................................................................................................11,E:\华南理工项目\环评文件汇总\01_GitHub项目与研究文档\eia-openclaw-sync-chen2026\05_QA测试集\人工核查_环评报告出处整理_20260715\环评报告文件_按正文一级章节拆分_20260727\PL156_佛山市坤琪玲塑料制品有限公司新建项目_01_受理公告或公示版\03_二、建设项目工程分析.md,2,228
E:\华南理工项目\环评文件汇总\01_GitHub项目与研究文档\eia-openclaw-sync-chen2026\05_QA测试集\人工核查_环评报告出处整理_20260715\环评报告文件_按问答顺序\PL156_佛山市坤琪玲塑料制品有限公司新建项目_01_受理公告或公示版.pdf,PL156_佛山市坤琪玲塑料制品有限公司新建项目_01_受理公告或公示版.pdf,.pdf,pdf_pypdf,4,四、主要环境影响和保护措施 ......................................................................................................... 26,E:\华南理工项目\环评文件汇总\01_GitHub项目与研究文档\eia-openclaw-sync-chen2026\05_QA测试集\人工核查_环评报告出处整理_20260715\环评报告文件_按正文一级章节拆分_20260727\PL156_佛山市坤琪玲塑料制品有限公司新建项目_01_受理公告或公示版\04_四、主要环境影响和保护措施.md,1,123
E:\华南理工项目\环评文件汇总\01_GitHub项目与研究文档\eia-openclaw-sync-chen2026\05_QA测试集\人工核查_环评报告出处整理_20260715\环评报告文件_按问答顺序\PL156_佛山市坤琪玲塑料制品有限公司新建项目_01_受理公告或公示版.pdf,PL156_佛山市坤琪玲塑料制品有限公司新建项目_01_受理公告或公示版.pdf,.pdf,pdf_pypdf,5,五、环境保护措施监督检查清单 ..................................................................................................... 56,E:\华南理工项目\环评文件汇总\01_GitHub项目与研究文档\eia-openclaw-sync-chen2026\05_QA测试集\人工核查_环评报告出处整理_20260715\环评报告文件_按正文一级章节拆分_20260727\PL156_佛山市坤琪玲塑料制品有限公司新建项目_01_受理公告或公示版\05_五、环境保护措施监督检查清单.md,1,120
E:\华南理工项目\环评文件汇总\01_GitHub项目与研究文档\eia-openclaw-sync-chen2026\05_QA测试集\人工核查_环评报告出处整理_20260715\环评报告文件_按问答顺序\PL156_佛山市坤琪玲塑料制品有限公司新建项目_01_受理公告或公示版.pdf,PL156_佛山市坤琪玲塑料制品有限公司新建项目_01_受理公告或公示版.pdf,.pdf,pdf_pypdf,6,六、结论 ............................................................................................................................................. 58,E:\华南理工项目\环评文件汇总\01_GitHub项目与研究文档\eia-openclaw-sync-chen2026\05_QA测试集\人工核查_环评报告出处整理_20260715\环评报告文件_按正文一级章节拆分_20260727\PL156_佛山市坤琪玲塑料制品有限公司新建项目_01_受理公告或公示版\06_六、结论.md,1,150
E:\华南理工项目\环评文件汇总\01_GitHub项目与研究文档\eia-openclaw-sync-chen2026\05_QA测试集\人工核查_环评报告出处整理_20260715\环评报告文件_按问答顺序\PL156_佛山市坤琪玲塑料制品有限公司新建项目_01_受理公告或公示版.pdf,PL156_佛山市坤琪玲塑料制品有限公司新建项目_01_受理公告或公示版.pdf,.pdf,pdf_pypdf,7,附表附图附件,E:\华南理工项目\环评文件汇总\01_GitHub项目与研究文档\eia-openclaw-sync-chen2026\05_QA测试集\人工核查_环评报告出处整理_20260715\环评报告文件_按正文一级章节拆分_20260727\PL156_佛山市坤琪玲塑料制品有限公司新建项目_01_受理公告或公示版\07_附表附图附件.md,20,1943
E:\华南理工项目\环评文件汇总\01_GitHub项目与研究文档\eia-openclaw-sync-chen2026\05_QA测试集\人工核查_环评报告出处整理_20260715\环评报告文件_按问答顺序\PL156_佛山市坤琪玲塑料制品有限公司新建项目_01_受理公告或公示版.pdf,PL156_佛山市坤琪玲塑料制品有限公司新建项目_01_受理公告或公示版.pdf,.pdf,pdf_pypdf,8,一、建设项目基本情况,E:\华南理工项目\环评文件汇总\01_GitHub项目与研究文档\eia-openclaw-sync-chen2026\05_QA测试集\人工核查_环评报告出处整理_20260715\环评报告文件_按正文一级章节拆分_20260727\PL156_佛山市坤琪玲塑料制品有限公司新建项目_01_受理公告或公示版\08_一、建设项目基本情况.md,487,11670
E:\华南理工项目\环评文件汇总\01_GitHub项目与研究文档\eia-openclaw-sync-chen2026\05_QA测试集\人工核查_环评报告出处整理_20260715\环评报告文件_按问答顺序\PL156_佛山市坤琪玲塑料制品有限公司新建项目_01_受理公告或公示版.pdf,PL156_佛山市坤琪玲塑料制品有限公司新建项目_01_受理公告或公示版.pdf,.pdf,pdf_pypdf,9,二、建设项目工程分析,E:\华南理工项目\环评文件汇总\01_GitHub项目与研究文档\eia-openclaw-sync-chen2026\05_QA测试集\人工核查_环评报告出处整理_20260715\环评报告文件_按正文一级章节拆分_20260727\PL156_佛山市坤琪玲塑料制品有限公司新建项目_01_受理公告或公示版\09_二、建设项目工程分析.md,300,5173
E:\华南理工项目\环评文件汇总\01_GitHub项目与研究文档\eia-openclaw-sync-chen2026\05_QA测试集\人工核查_环评报告出处整理_20260715\环评报告文件_按问答顺序\PL156_佛山市坤琪玲塑料制品有限公司新建项目_01_受理公告或公示版.pdf,PL156_佛山市坤琪玲塑料制品有限公司新建项目_01_受理公告或公示版.pdf,.pdf,pdf_pypdf,10,三、区域环境质量现状、环境保护目标及评价标准,E:\华南理工项目\环评文件汇总\01_GitHub项目与研究文档\eia-openclaw-sync-chen2026\05_QA测试集\人工核查_环评报告出处整理_20260715\环评报告文件_按正文一级章节拆分_20260727\PL156_佛山市坤琪玲塑料制品有限公司新建项目_01_受理公告或公示版\10_三、区域环境质量现状、环境保护目标及评价标准.md,261,4674
E:\华南理工项目\环评文件汇总\01_GitHub项目与研究文档\eia-openclaw-sync-chen2026\05_QA测试集\人工核查_环评报告出处整理_20260715\环评报告文件_按问答顺序\PL156_佛山市坤琪玲塑料制品有限公司新建项目_01_受理公告或公示版.pdf,PL156_佛山市坤琪玲塑料制品有限公司新建项目_01_受理公告或公示版.pdf,.pdf,pdf_pypdf,11,四、主要环境影响和保护措施,E:\华南理工项目\环评文件汇总\01_GitHub项目与研究文档\eia-openclaw-sync-chen2026\05_QA测试集\人工核查_环评报告出处整理_20260715\环评报告文件_按正文一级章节拆分_20260727\PL156_佛山市坤琪玲塑料制品有限公司新建项目_01_受理公告或公示版\11_四、主要环境影响和保护措施.md,1155,24250
E:\华南理工项目\环评文件汇总\01_GitHub项目与研究文档\eia-openclaw-sync-chen2026\05_QA测试集\人工核查_环评报告出处整理_20260715\环评报告文件_按问答顺序\PL156_佛山市坤琪玲塑料制品有限公司新建项目_01_受理公告或公示版.pdf,PL156_佛山市坤琪玲塑料制品有限公司新建项目_01_受理公告或公示版.pdf,.pdf,pdf_pypdf,12,五、环境保护措施监督检查清单,E:\华南理工项目\环评文件汇总\01_GitHub项目与研究文档\eia-openclaw-sync-chen2026\05_QA测试集\人工核查_环评报告出处整理_20260715\环评报告文件_按正文一级章节拆分_20260727\PL156_佛山市坤琪玲塑料制品有限公司新建项目_01_受理公告或公示版\12_五、环境保护措施监督检查清单.md,122,1862
E:\华南理工项目\环评文件汇总\01_GitHub项目与研究文档\eia-openclaw-sync-chen2026\05_QA测试集\人工核查_环评报告出处整理_20260715\环评报告文件_按问答顺序\PL156_佛山市坤琪玲塑料制品有限公司新建项目_01_受理公告或公示版.pdf,PL156_佛山市坤琪玲塑料制品有限公司新建项目_01_受理公告或公示版.pdf,.pdf,pdf_pypdf,13,六、结论,E:\华南理工项目\环评文件汇总\01_GitHub项目与研究文档\eia-openclaw-sync-chen2026\05_QA测试集\人工核查_环评报告出处整理_20260715\环评报告文件_按正文一级章节拆分_20260727\PL156_佛山市坤琪玲塑料制品有限公司新建项目_01_受理公告或公示版\13_六、结论.md,7,167
E:\华南理工项目\环评文件汇总\01_GitHub项目与研究文档\eia-openclaw-sync-chen2026\05_QA测试集\人工核查_环评报告出处整理_20260715\环评报告文件_按问答顺序\PL156_佛山市坤琪玲塑料制品有限公司新建项目_01_受理公告或公示版.pdf,PL156_佛山市坤琪玲塑料制品有限公司新建项目_01_受理公告或公示版.pdf,.pdf,pdf_pypdf,14,附表附图附件,E:\华南理工项目\环评文件汇总\01_GitHub项目与研究文档\eia-openclaw-sync-chen2026\05_QA测试集\人工核查_环评报告出处整理_20260715\环评报告文件_按正文一级章节拆分_20260727\PL156_佛山市坤琪玲塑料制品有限公司新建项目_01_受理公告或公示版\14_附表附图附件.md,48,677
E:\华南理工项目\环评文件汇总\01_GitHub项目与研究文档\eia-openclaw-sync-chen2026\05_QA测试集\人工核查_环评报告出处整理_20260715\环评报告文件_按问答顺序\PL157_佛山市顺德区兴致盛塑料制品有限公司重新报批项目_01_受理公告或公示版.pdf,PL157_佛山市顺德区兴致盛塑料制品有限公司重新报批项目_01_受理公告或公示版.pdf,.pdf,pdf_pypdf,1,封面及目录,E:\华南理工项目\环评文件汇总\01_GitHub项目与研究文档\eia-openclaw-sync-chen2026\05_QA测试集\人工核查_环评报告出处整理_20260715\环评报告文件_按正文一级章节拆分_20260727\PL157_佛山市顺德区兴致盛塑料制品有限公司重新报批项目_01_受理公告或公示版\01_封面及目录.md,2,24
E:\华南理工项目\环评文件汇总\01_GitHub项目与研究文档\eia-openclaw-sync-chen2026\05_QA测试集\人工核查_环评报告出处整理_20260715\环评报告文件_按问答顺序\PL157_佛山市顺德区兴致盛塑料制品有限公司重新报批项目_01_受理公告或公示版.pdf,PL157_佛山市顺德区兴致盛塑料制品有限公司重新报批项目_01_受理公告或公示版.pdf,.pdf,pdf_pypdf,2,一、建设项目基本情况 ........................................................................................................ 1,E:\华南理工项目\环评文件汇总\01_GitHub项目与研究文档\eia-openclaw-sync-chen2026\05_QA测试集\人工核查_环评报告出处整理_20260715\环评报告文件_按正文一级章节拆分_20260727\PL157_佛山市顺德区兴致盛塑料制品有限公司重新报批项目_01_受理公告或公示版\02_一、建设项目基本情况.md,1,118
E:\华南理工项目\环评文件汇总\01_GitHub项目与研究文档\eia-openclaw-sync-chen2026\05_QA测试集\人工核查_环评报告出处整理_20260715\环评报告文件_按问答顺序\PL157_佛山市顺德区兴致盛塑料制品有限公司重新报批项目_01_受理公告或公示版.pdf,PL157_佛山市顺德区兴致盛塑料制品有限公司重新报批项目_01_受理公告或公示版.pdf,.pdf,pdf_pypdf,3,二、建设项目工程分析 ...................................................................................................... 18,E:\华南理工项目\环评文件汇总\01_GitHub项目与研究文档\eia-openclaw-sync-chen2026\05_QA测试集\人工核查_环评报告出处整理_20260715\环评报告文件_按正文一级章节拆分_20260727\PL157_佛山市顺德区兴致盛塑料制品有限公司重新报批项目_01_受理公告或公示版\03_二、建设项目工程分析.md,2,198
E:\华南理工项目\环评文件汇总\01_GitHub项目与研究文档\eia-openclaw-sync-chen2026\05_QA测试集\人工核查_环评报告出处整理_20260715\环评报告文件_按问答顺序\PL157_佛山市顺德区兴致盛塑料制品有限公司重新报批项目_01_受理公告或公示版.pdf,PL157_佛山市顺德区兴致盛塑料制品有限公司重新报批项目_01_受理公告或公示版.pdf,.pdf,pdf_pypdf,4,四、主要环境影响和保护措施 .......................................................................................... 37,E:\华南理工项目\环评文件汇总\01_GitHub项目与研究文档\eia-openclaw-sync-chen2026\05_QA测试集\人工核查_环评报告出处整理_20260715\环评报告文件_按正文一级章节拆分_20260727\PL157_佛山市顺德区兴致盛塑料制品有限公司重新报批项目_01_受理公告或公示版\04_四、主要环境影响和保护措施.md,1,108
E:\华南理工项目\环评文件汇总\01_GitHub项目与研究文档\eia-openclaw-sync-chen2026\05_QA测试集\人工核查_环评报告出处整理_20260715\环评报告文件_按问答顺序\PL157_佛山市顺德区兴致盛塑料制品有限公司重新报批项目_01_受理公告或公示版.pdf,PL157_佛山市顺德区兴致盛塑料制品有限公司重新报批项目_01_受理公告或公示版.pdf,.pdf,pdf_pypdf,5,五、环境保护措施监督检查清单 ...................................................................................... 67,E:\华南理工项目\环评文件汇总\01_GitHub项目与研究文档\eia-openclaw-sync-chen2026\05_QA测试集\人工核查_环评报告出处整理_20260715\环评报告文件_按正文一级章节拆分_20260727\PL157_佛山市顺德区兴致盛塑料制品有限公司重新报批项目_01_受理公告或公示版\05_五、环境保护措施监督检查清单.md,1,105
E:\华南理工项目\环评文件汇总\01_GitHub项目与研究文档\eia-openclaw-sync-chen2026\05_QA测试集\人工核查_环评报告出处整理_20260715\环评报告文件_按问答顺序\PL157_佛山市顺德区兴致盛塑料制品有限公司重新报批项目_01_受理公告或公示版.pdf,PL157_佛山市顺德区兴致盛塑料制品有限公司重新报批项目_01_受理公告或公示版.pdf,.pdf,pdf_pypdf,6,六、结论 .............................................................................................................................. 70,E:\华南理工项目\环评文件汇总\01_GitHub项目与研究文档\eia-openclaw-sync-chen2026\05_QA测试集\人工核查_环评报告出处整理_20260715\环评报告文件_按正文一级章节拆分_20260727\PL157_佛山市顺德区兴致盛塑料制品有限公司重新报批项目_01_受理公告或公示版\06_六、结论.md,2,243
E:\华南理工项目\环评文件汇总\01_GitHub项目与研究文档\eia-openclaw-sync-chen2026\05_QA测试集\人工核查_环评报告出处整理_20260715\环评报告文件_按问答顺序\PL157_佛山市顺德区兴致盛塑料制品有限公司重新报批项目_01_受理公告或公示版.pdf,PL157_佛山市顺德区兴致盛塑料制品有限公司重新报批项目_01_受理公告或公示版.pdf,.pdf,pdf_pypdf,7,附表附图附件,E:\华南理工项目\环评文件汇总\01_GitHub项目与研究文档\eia-openclaw-sync-chen2026\05_QA测试集\人工核查_环评报告出处整理_20260715\环评报告文件_按正文一级章节拆分_20260727\PL157_佛山市顺德区兴致盛塑料制品有限公司重新报批项目_01_受理公告或公示版\07_附表附图附件.md,20,2052
E:\华南理工项目\环评文件汇总\01_GitHub项目与研究文档\eia-openclaw-sync-chen2026\05_QA测试集\人工核查_环评报告出处整理_20260715\环评报告文件_按问答顺序\PL157_佛山市顺德区兴致盛塑料制品有限公司重新报批项目_01_受理公告或公示版.pdf,PL157_佛山市顺德区兴致盛塑料制品有限公司重新报批项目_01_受理公告或公示版.pdf,.pdf,pdf_pypdf,8,一、建设项目基本情况,E:\华南理工项目\环评文件汇总\01_GitHub项目与研究文档\eia-openclaw-sync-chen2026\05_QA测试集\人工核查_环评报告出处整理_20260715\环评报告文件_按正文一级章节拆分_20260727\PL157_佛山市顺德区兴致盛塑料制品有限公司重新报批项目_01_受理公告或公示版\08_一、建设项目基本情况.md,897,14877
E:\华南理工项目\环评文件汇总\01_GitHub项目与研究文档\eia-openclaw-sync-chen2026\05_QA测试集\人工核查_环评报告出处整理_20260715\环评报告文件_按问答顺序\PL157_佛山市顺德区兴致盛塑料制品有限公司重新报批项目_01_受理公告或公示版.pdf,PL157_佛山市顺德区兴致盛塑料制品有限公司重新报批项目_01_受理公告或公示版.pdf,.pdf,pdf_pypdf,9,二、建设项目工程分析,E:\华南理工项目\环评文件汇总\01_GitHub项目与研究文档\eia-openclaw-sync-chen2026\05_QA测试集\人工核查_环评报告出处整理_20260715\环评报告文件_按正文一级章节拆分_20260727\PL157_佛山市顺德区兴致盛塑料制品有限公司重新报批项目_01_受理公告或公示版\09_二、建设项目工程分析.md,357,5542
E:\华南理工项目\环评文件汇总\01_GitHub项目与研究文档\eia-openclaw-sync-chen2026\05_QA测试集\人工核查_环评报告出处整理_20260715\环评报告文件_按问答顺序\PL157_佛山市顺德区兴致盛塑料制品有限公司重新报批项目_01_受理公告或公示版.pdf,PL157_佛山市顺德区兴致盛塑料制品有限公司重新报批项目_01_受理公告或公示版.pdf,.pdf,pdf_pypdf,10,附表附图附件,E:\华南理工项目\环评文件汇总\01_GitHub项目与研究文档\eia-openclaw-sync-chen2026\05_QA测试集\人工核查_环评报告出处整理_20260715\环评报告文件_按正文一级章节拆分_20260727\PL157_佛山市顺德区兴致盛塑料制品有限公司重新报批项目_01_受理公告或公示版\10_附表附图附件.md,254,2797
E:\华南理工项目\环评文件汇总\01_GitHub项目与研究文档\eia-openclaw-sync-chen2026\05_QA测试集\人工核查_环评报告出处整理_20260715\环评报告文件_按问答顺序\PL157_佛山市顺德区兴致盛塑料制品有限公司重新报批项目_01_受理公告或公示版.pdf,PL157_佛山市顺德区兴致盛塑料制品有限公司重新报批项目_01_受理公告或公示版.pdf,.pdf,pdf_pypdf,11,三、区域环境质量现状、环境保护目标及评价标准,E:\华南理工项目\环评文件汇总\01_GitHub项目与研究文档\eia-openclaw-sync-chen2026\05_QA测试集\人工核查_环评报告出处整理_20260715\环评报告文件_按正文一级章节拆分_20260727\PL157_佛山市顺德区兴致盛塑料制品有限公司重新报批项目_01_受理公告或公示版\11_三、区域环境质量现状、环境保护目标及评价标准.md,188,3907
E:\华南理工项目\环评文件汇总\01_GitHub项目与研究文档\eia-openclaw-sync-chen2026\05_QA测试集\人工核查_环评报告出处整理_20260715\环评报告文件_按问答顺序\PL157_佛山市顺德区兴致盛塑料制品有限公司重新报批项目_01_受理公告或公示版.pdf,PL157_佛山市顺德区兴致盛塑料制品有限公司重新报批项目_01_受理公告或公示版.pdf,.pdf,pdf_pypdf,12,四、主要环境影响和保护措施,E:\华南理工项目\环评文件汇总\01_GitHub项目与研究文档\eia-openclaw-sync-chen2026\05_QA测试集\人工核查_环评报告出处整理_20260715\环评报告文件_按正文一级章节拆分_20260727\PL157_佛山市顺德区兴致盛塑料制品有限公司重新报批项目_01_受理公告或公示版\12_四、主要环境影响和保护措施.md,1464,24426
E:\华南理工项目\环评文件汇总\01_GitHub项目与研究文档\eia-openclaw-sync-chen2026\05_QA测试集\人工核查_环评报告出处整理_20260715\环评报告文件_按问答顺序\PL157_佛山市顺德区兴致盛塑料制品有限公司重新报批项目_01_受理公告或公示版.pdf,PL157_佛山市顺德区兴致盛塑料制品有限公司重新报批项目_01_受理公告或公示版.pdf,.pdf,pdf_pypdf,13,五、环境保护措施监督检查清单,E:\华南理工项目\环评文件汇总\01_GitHub项目与研究文档\eia-openclaw-sync-chen2026\05_QA测试集\人工核查_环评报告出处整理_20260715\环评报告文件_按正文一级章节拆分_20260727\PL157_佛山市顺德区兴致盛塑料制品有限公司重新报批项目_01_受理公告或公示版\13_五、环境保护措施监督检查清单.md,143,2561
E:\华南理工项目\环评文件汇总\01_GitHub项目与研究文档\eia-openclaw-sync-chen2026\05_QA测试集\人工核查_环评报告出处整理_20260715\环评报告文件_按问答顺序\PL157_佛山市顺德区兴致盛塑料制品有限公司重新报批项目_01_受理公告或公示版.pdf,PL157_佛山市顺德区兴致盛塑料制品有限公司重新报批项目_01_受理公告或公示版.pdf,.pdf,pdf_pypdf,14,六、结论,E:\华南理工项目\环评文件汇总\01_GitHub项目与研究文档\eia-openclaw-sync-chen2026\05_QA测试集\人工核查_环评报告出处整理_20260715\环评报告文件_按正文一级章节拆分_20260727\PL157_佛山市顺德区兴致盛塑料制品有限公司重新报批项目_01_受理公告或公示版\14_六、结论.md,9,225
E:\华南理工项目\环评文件汇总\01_GitHub项目与研究文档\eia-openclaw-sync-chen2026\05_QA测试集\人工核查_环评报告出处整理_20260715\环评报告文件_按问答顺序\PL157_佛山市顺德区兴致盛塑料制品有限公司重新报批项目_01_受理公告或公示版.pdf,PL157_佛山市顺德区兴致盛塑料制品有限公司重新报批项目_01_受理公告或公示版.pdf,.pdf,pdf_pypdf,15,附表附图附件,E:\华南理工项目\环评文件汇总\01_GitHub项目与研究文档\eia-openclaw-sync-chen2026\05_QA测试集\人工核查_环评报告出处整理_20260715\环评报告文件_按正文一级章节拆分_20260727\PL157_佛山市顺德区兴致盛塑料制品有限公司重新报批项目_01_受理公告或公示版\15_附表附图附件.md,138,1810
E:\华南理工项目\环评文件汇总\01_GitHub项目与研究文档\eia-openclaw-sync-chen2026\05_QA测试集\人工核查_环评报告出处整理_20260715\环评报告文件_按问答顺序\PL158_佛山市顺德区壹德包装印刷有限公司迁扩建项目_01_受理公告或公示版.pdf,PL158_佛山市顺德区壹德包装印刷有限公司迁扩建项目_01_受理公告或公示版.pdf,.pdf,pdf_pypdf,1,封面及目录,E:\华南理工项目\环评文件汇总\01_GitHub项目与研究文档\eia-openclaw-sync-chen2026\05_QA测试集\人工核查_环评报告出处整理_20260715\环评报告文件_按正文一级章节拆分_20260727\PL158_佛山市顺德区壹德包装印刷有限公司迁扩建项目_01_受理公告或公示版\01_封面及目录.md,94,10962
E:\华南理工项目\环评文件汇总\01_GitHub项目与研究文档\eia-openclaw-sync-chen2026\05_QA测试集\人工核查_环评报告出处整理_20260715\环评报告文件_按问答顺序\PL158_佛山市顺德区壹德包装印刷有限公司迁扩建项目_01_受理公告或公示版.pdf,PL158_佛山市顺德区壹德包装印刷有限公司迁扩建项目_01_受理公告或公示版.pdf,.pdf,pdf_pypdf,2,附表附图附件,E:\华南理工项目\环评文件汇总\01_GitHub项目与研究文档\eia-openclaw-sync-chen2026\05_QA测试集\人工核查_环评报告出处整理_20260715\环评报告文件_按正文一级章节拆分_20260727\PL158_佛山市顺德区壹德包装印刷有限公司迁扩建项目_01_受理公告或公示版\02_附表附图附件.md,11129,211846
E:\华南理工项目\环评文件汇总\01_GitHub项目与研究文档\eia-openclaw-sync-chen2026\05_QA测试集\人工核查_环评报告出处整理_20260715\环评报告文件_按问答顺序\PL159_广东东梓数码新材料有限公司建设项目_01_受理公告或公示版.pdf,PL159_广东东梓数码新材料有限公司建设项目_01_受理公告或公示版.pdf,.pdf,pdf_pypdf,1,封面及目录,E:\华南理工项目\环评文件汇总\01_GitHub项目与研究文档\eia-openclaw-sync-chen2026\05_QA测试集\人工核查_环评报告出处整理_20260715\环评报告文件_按正文一级章节拆分_20260727\PL159_广东东梓数码新材料有限公司建设项目_01_受理公告或公示版\01_封面及目录.md,2,25
E:\华南理工项目\环评文件汇总\01_GitHub项目与研究文档\eia-openclaw-sync-chen2026\05_QA测试集\人工核查_环评报告出处整理_20260715\环评报告文件_按问答顺序\PL159_广东东梓数码新材料有限公司建设项目_01_受理公告或公示版.pdf,PL159_广东东梓数码新材料有限公司建设项目_01_受理公告或公示版.pdf,.pdf,pdf_pypdf,2,一、建设项目基本情况 .............................................................................................................................. - 1 -,E:\华南理工项目\环评文件汇总\01_GitHub项目与研究文档\eia-openclaw-sync-chen2026\05_QA测试集\人工核查_环评报告出处整理_20260715\环评报告文件_按正文一级章节拆分_20260727\PL159_广东东梓数码新材料有限公司建设项目_01_受理公告或公示版\02_一、建设项目基本情况.md,1,144
E:\华南理工项目\环评文件汇总\01_GitHub项目与研究文档\eia-openclaw-sync-chen2026\05_QA测试集\人工核查_环评报告出处整理_20260715\环评报告文件_按问答顺序\PL159_广东东梓数码新材料有限公司建设项目_01_受理公告或公示版.pdf,PL159_广东东梓数码新材料有限公司建设项目_01_受理公告或公示版.pdf,.pdf,pdf_pypdf,3,二、建设项目工程分析 ............................................................................................................................ - 18 -,E:\华南理工项目\环评文件汇总\01_GitHub项目与研究文档\eia-openclaw-sync-chen2026\05_QA测试集\人工核查_环评报告出处整理_20260715\环评报告文件_按正文一级章节拆分_20260727\PL159_广东东梓数码新材料有限公司建设项目_01_受理公告或公示版\03_二、建设项目工程分析.md,1,143
E:\华南理工项目\环评文件汇总\01_GitHub项目与研究文档\eia-openclaw-sync-chen2026\05_QA测试集\人工核查_环评报告出处整理_20260715\环评报告文件_按问答顺序\PL159_广东东梓数码新材料有限公司建设项目_01_受理公告或公示版.pdf,PL159_广东东梓数码新材料有限公司建设项目_01_受理公告或公示版.pdf,.pdf,pdf_pypdf,4,三、区域环境质量现状、环境保护目标及评价标准 ............................................................................- 30 -,E:\华南理工项目\环评文件汇总\01_GitHub项目与研究文档\eia-openclaw-sync-chen2026\05_QA测试集\人工核查_环评报告出处整理_20260715\环评报告文件_按正文一级章节拆分_20260727\PL159_广东东梓数码新材料有限公司建设项目_01_受理公告或公示版\04_三、区域环境质量现状、环境保护目标及评价标准.md,1,106
E:\华南理工项目\环评文件汇总\01_GitHub项目与研究文档\eia-openclaw-sync-chen2026\05_QA测试集\人工核查_环评报告出处整理_20260715\环评报告文件_按问答顺序\PL159_广东东梓数码新材料有限公司建设项目_01_受理公告或公示版.pdf,PL159_广东东梓数码新材料有限公司建设项目_01_受理公告或公示版.pdf,.pdf,pdf_pypdf,5,四、主要环境影响和保护措施 ................................................................................................................ - 36 -,E:\华南理工项目\环评文件汇总\01_GitHub项目与研究文档\eia-openclaw-sync-chen2026\05_QA测试集\人工核查_环评报告出处整理_20260715\环评报告文件_按正文一级章节拆分_20260727\PL159_广东东梓数码新材料有限公司建设项目_01_受理公告或公示版\05_四、主要环境影响和保护措施.md,1,134
E:\华南理工项目\环评文件汇总\01_GitHub项目与研究文档\eia-openclaw-sync-chen2026\05_QA测试集\人工核查_环评报告出处整理_20260715\环评报告文件_按问答顺序\PL159_广东东梓数码新材料有限公司建设项目_01_受理公告或公示版.pdf,PL159_广东东梓数码新材料有限公司建设项目_01_受理公告或公示版.pdf,.pdf,pdf_pypdf,6,五、环境保护措施监督检查清单 ............................................................................................................ - 57 -,E:\华南理工项目\环评文件汇总\01_GitHub项目与研究文档\eia-openclaw-sync-chen2026\05_QA测试集\人工核查_环评报告出处整理_20260715\环评报告文件_按正文一级章节拆分_20260727\PL159_广东东梓数码新材料有限公司建设项目_01_受理公告或公示版\06_五、环境保护措施监督检查清单.md,1,131
E:\华南理工项目\环评文件汇总\01_GitHub项目与研究文档\eia-openclaw-sync-chen2026\05_QA测试集\人工核查_环评报告出处整理_20260715\环评报告文件_按问答顺序\PL159_广东东梓数码新材料有限公司建设项目_01_受理公告或公示版.pdf,PL159_广东东梓数码新材料有限公司建设项目_01_受理公告或公示版.pdf,.pdf,pdf_pypdf,7,六、结论 .....................................................................................................................................................- 60 -,E:\华南理工项目\环评文件汇总\01_GitHub项目与研究文档\eia-openclaw-sync-chen2026\05_QA测试集\人工核查_环评报告出处整理_20260715\环评报告文件_按正文一级章节拆分_20260727\PL159_广东东梓数码新材料有限公司建设项目_01_受理公告或公示版\07_六、结论.md,1,161
E:\华南理工项目\环评文件汇总\01_GitHub项目与研究文档\eia-openclaw-sync-chen2026\05_QA测试集\人工核查_环评报告出处整理_20260715\环评报告文件_按问答顺序\PL159_广东东梓数码新材料有限公司建设项目_01_受理公告或公示版.pdf,PL159_广东东梓数码新材料有限公司建设项目_01_受理公告或公示版.pdf,.pdf,pdf_pypdf,8,附表附图附件,E:\华南理工项目\环评文件汇总\01_GitHub项目与研究文档\eia-openclaw-sync-chen2026\05_QA测试集\人工核查_环评报告出处整理_20260715\环评报告文件_按正文一级章节拆分_20260727\PL159_广东东梓数码新材料有限公司建设项目_01_受理公告或公示版\08_附表附图附件.md,23,2668
E:\华南理工项目\环评文件汇总\01_GitHub项目与研究文档\eia-openclaw-sync-chen2026\05_QA测试集\人工核查_环评报告出处整理_20260715\环评报告文件_按问答顺序\PL159_广东东梓数码新材料有限公司建设项目_01_受理公告或公示版.pdf,PL159_广东东梓数码新材料有限公司建设项目_01_受理公告或公示版.pdf,.pdf,pdf_pypdf,9,一、建设项目基本情况,E:\华南理工项目\环评文件汇总\01_GitHub项目与研究文档\eia-openclaw-sync-chen2026\05_QA测试集\人工核查_环评报告出处整理_20260715\环评报告文件_按正文一级章节拆分_20260727\PL159_广东东梓数码新材料有限公司建设项目_01_受理公告或公示版\09_一、建设项目基本情况.md,901,19049
E:\华南理工项目\环评文件汇总\01_GitHub项目与研究文档\eia-openclaw-sync-chen2026\05_QA测试集\人工核查_环评报告出处整理_20260715\环评报告文件_按问答顺序\PL159_广东东梓数码新材料有限公司建设项目_01_受理公告或公示版.pdf,PL159_广东东梓数码新材料有限公司建设项目_01_受理公告或公示版.pdf,.pdf,pdf_pypdf,10,二、建设项目工程分析,E:\华南理工项目\环评文件汇总\01_GitHub项目与研究文档\eia-openclaw-sync-chen2026\05_QA测试集\人工核查_环评报告出处整理_20260715\环评报告文件_按正文一级章节拆分_20260727\PL159_广东东梓数码新材料有限公司建设项目_01_受理公告或公示版\10_二、建设项目工程分析.md,461,9305
E:\华南理工项目\环评文件汇总\01_GitHub项目与研究文档\eia-openclaw-sync-chen2026\05_QA测试集\人工核查_环评报告出处整理_20260715\环评报告文件_按问答顺序\PL159_广东东梓数码新材料有限公司建设项目_01_受理公告或公示版.pdf,PL159_广东东梓数码新材料有限公司建设项目_01_受理公告或公示版.pdf,.pdf,pdf_pypdf,11,三、区域环境质量现状、环境保护目标及评价标准,E:\华南理工项目\环评文件汇总\01_GitHub项目与研究文档\eia-openclaw-sync-chen2026\05_QA测试集\人工核查_环评报告出处整理_20260715\环评报告文件_按正文一级章节拆分_20260727\PL159_广东东梓数码新材料有限公司建设项目_01_受理公告或公示版\11_三、区域环境质量现状、环境保护目标及评价标准.md,229,4348
E:\华南理工项目\环评文件汇总\01_GitHub项目与研究文档\eia-openclaw-sync-chen2026\05_QA测试集\人工核查_环评报告出处整理_20260715\环评报告文件_按问答顺序\PL159_广东东梓数码新材料有限公司建设项目_01_受理公告或公示版.pdf,PL159_广东东梓数码新材料有限公司建设项目_01_受理公告或公示版.pdf,.pdf,pdf_pypdf,12,四、主要环境影响和保护措施,E:\华南理工项目\环评文件汇总\01_GitHub项目与研究文档\eia-openclaw-sync-chen2026\05_QA测试集\人工核查_环评报告出处整理_20260715\环评报告文件_按正文一级章节拆分_20260727\PL159_广东东梓数码新材料有限公司建设项目_01_受理公告或公示版\12_四、主要环境影响和保护措施.md,1059,18125
E:\华南理工项目\环评文件汇总\01_GitHub项目与研究文档\eia-openclaw-sync-chen2026\05_QA测试集\人工核查_环评报告出处整理_20260715\环评报告文件_按问答顺序\PL159_广东东梓数码新材料有限公司建设项目_01_受理公告或公示版.pdf,PL159_广东东梓数码新材料有限公司建设项目_01_受理公告或公示版.pdf,.pdf,pdf_pypdf,13,五、环境保护措施监督检查清单,E:\华南理工项目\环评文件汇总\01_GitHub项目与研究文档\eia-openclaw-sync-chen2026\05_QA测试集\人工核查_环评报告出处整理_20260715\环评报告文件_按正文一级章节拆分_20260727\PL159_广东东梓数码新材料有限公司建设项目_01_受理公告或公示版\13_五、环境保护措施监督检查清单.md,163,2481
E:\华南理工项目\环评文件汇总\01_GitHub项目与研究文档\eia-openclaw-sync-chen2026\05_QA测试集\人工核查_环评报告出处整理_20260715\环评报告文件_按问答顺序\PL159_广东东梓数码新材料有限公司建设项目_01_受理公告或公示版.pdf,PL159_广东东梓数码新材料有限公司建设项目_01_受理公告或公示版.pdf,.pdf,pdf_pypdf,14,六、结论,E:\华南理工项目\环评文件汇总\01_GitHub项目与研究文档\eia-openclaw-sync-chen2026\05_QA测试集\人工核查_环评报告出处整理_20260715\环评报告文件_按正文一级章节拆分_20260727\PL159_广东东梓数码新材料有限公司建设项目_01_受理公告或公示版\14_六、结论.md,7,205
E:\华南理工项目\环评文件汇总\01_GitHub项目与研究文档\eia-openclaw-sync-chen2026\05_QA测试集\人工核查_环评报告出处整理_20260715\环评报告文件_按问答顺序\PL159_广东东梓数码新材料有限公司建设项目_01_受理公告或公示版.pdf,PL159_广东东梓数码新材料有限公司建设项目_01_受理公告或公示版.pdf,.pdf,pdf_pypdf,15,附表附图附件,E:\华南理工项目\环评文件汇总\01_GitHub项目与研究文档\eia-openclaw-sync-chen2026\05_QA测试集\人工核查_环评报告出处整理_20260715\环评报告文件_按正文一级章节拆分_20260727\PL159_广东东梓数码新材料有限公司建设项目_01_受理公告或公示版\15_附表附图附件.md,104,1405
E:\华南理工项目\环评文件汇总\01_GitHub项目与研究文档\eia-openclaw-sync-chen2026\05_QA测试集\人工核查_环评报告出处整理_20260715\环评报告文件_按问答顺序\PL160_佛山市顺德区德盈誉智能制造有限公司新建项目_01_受理公告或公示版.pdf,PL160_佛山市顺德区德盈誉智能制造有限公司新建项目_01_受理公告或公示版.pdf,.pdf,pdf_pypdf,1,封面及目录,E:\华南理工项目\环评文件汇总\01_GitHub项目与研究文档\eia-openclaw-sync-chen2026\05_QA测试集\人工核查_环评报告出处整理_20260715\环评报告文件_按正文一级章节拆分_20260727\PL160_佛山市顺德区德盈誉智能制造有限公司新建项目_01_受理公告或公示版\01_封面及目录.md,2,25
E:\华南理工项目\环评文件汇总\01_GitHub项目与研究文档\eia-openclaw-sync-chen2026\05_QA测试集\人工核查_环评报告出处整理_20260715\环评报告文件_按问答顺序\PL160_佛山市顺德区德盈誉智能制造有限公司新建项目_01_受理公告或公示版.pdf,PL160_佛山市顺德区德盈誉智能制造有限公司新建项目_01_受理公告或公示版.pdf,.pdf,pdf_pypdf,2,一、建设项目基本情况 ....................................................................................................................... 1,E:\华南理工项目\环评文件汇总\01_GitHub项目与研究文档\eia-openclaw-sync-chen2026\05_QA测试集\人工核查_环评报告出处整理_20260715\环评报告文件_按正文一级章节拆分_20260727\PL160_佛山市顺德区德盈誉智能制造有限公司新建项目_01_受理公告或公示版\02_一、建设项目基本情况.md,1,133
E:\华南理工项目\环评文件汇总\01_GitHub项目与研究文档\eia-openclaw-sync-chen2026\05_QA测试集\人工核查_环评报告出处整理_20260715\环评报告文件_按问答顺序\PL160_佛山市顺德区德盈誉智能制造有限公司新建项目_01_受理公告或公示版.pdf,PL160_佛山市顺德区德盈誉智能制造有限公司新建项目_01_受理公告或公示版.pdf,.pdf,pdf_pypdf,3,二、建设项目工程分析 ..................................................................................................................... 13,E:\华南理工项目\环评文件汇总\01_GitHub项目与研究文档\eia-openclaw-sync-chen2026\05_QA测试集\人工核查_环评报告出处整理_20260715\环评报告文件_按正文一级章节拆分_20260727\PL160_佛山市顺德区德盈誉智能制造有限公司新建项目_01_受理公告或公示版\03_二、建设项目工程分析.md,2,228
E:\华南理工项目\环评文件汇总\01_GitHub项目与研究文档\eia-openclaw-sync-chen2026\05_QA测试集\人工核查_环评报告出处整理_20260715\环评报告文件_按问答顺序\PL160_佛山市顺德区德盈誉智能制造有限公司新建项目_01_受理公告或公示版.pdf,PL160_佛山市顺德区德盈誉智能制造有限公司新建项目_01_受理公告或公示版.pdf,.pdf,pdf_pypdf,4,四、 主要环境影响和保护措施 ....................................................................................................... 26,E:\华南理工项目\环评文件汇总\01_GitHub项目与研究文档\eia-openclaw-sync-chen2026\05_QA测试集\人工核查_环评报告出处整理_20260715\环评报告文件_按正文一级章节拆分_20260727\PL160_佛山市顺德区德盈誉智能制造有限公司新建项目_01_受理公告或公示版\04_四、_主要环境影响和保护措施.md,1,122
E:\华南理工项目\环评文件汇总\01_GitHub项目与研究文档\eia-openclaw-sync-chen2026\05_QA测试集\人工核查_环评报告出处整理_20260715\环评报告文件_按问答顺序\PL160_佛山市顺德区德盈誉智能制造有限公司新建项目_01_受理公告或公示版.pdf,PL160_佛山市顺德区德盈誉智能制造有限公司新建项目_01_受理公告或公示版.pdf,.pdf,pdf_pypdf,5,五、环境保护措施监督检查清单 ..................................................................................................... 50,E:\华南理工项目\环评文件汇总\01_GitHub项目与研究文档\eia-openclaw-sync-chen2026\05_QA测试集\人工核查_环评报告出处整理_20260715\环评报告文件_按正文一级章节拆分_20260727\PL160_佛山市顺德区德盈誉智能制造有限公司新建项目_01_受理公告或公示版\05_五、环境保护措施监督检查清单.md,1,120
E:\华南理工项目\环评文件汇总\01_GitHub项目与研究文档\eia-openclaw-sync-chen2026\05_QA测试集\人工核查_环评报告出处整理_20260715\环评报告文件_按问答顺序\PL160_佛山市顺德区德盈誉智能制造有限公司新建项目_01_受理公告或公示版.pdf,PL160_佛山市顺德区德盈誉智能制造有限公司新建项目_01_受理公告或公示版.pdf,.pdf,pdf_pypdf,6,六、结论 ............................................................................................................................................. 53,E:\华南理工项目\环评文件汇总\01_GitHub项目与研究文档\eia-openclaw-sync-chen2026\05_QA测试集\人工核查_环评报告出处整理_20260715\环评报告文件_按正文一级章节拆分_20260727\PL160_佛山市顺德区德盈誉智能制造有限公司新建项目_01_受理公告或公示版\06_六、结论.md,2,273
E:\华南理工项目\环评文件汇总\01_GitHub项目与研究文档\eia-openclaw-sync-chen2026\05_QA测试集\人工核查_环评报告出处整理_20260715\环评报告文件_按问答顺序\PL160_佛山市顺德区德盈誉智能制造有限公司新建项目_01_受理公告或公示版.pdf,PL160_佛山市顺德区德盈誉智能制造有限公司新建项目_01_受理公告或公示版.pdf,.pdf,pdf_pypdf,7,附表附图附件,E:\华南理工项目\环评文件汇总\01_GitHub项目与研究文档\eia-openclaw-sync-chen2026\05_QA测试集\人工核查_环评报告出处整理_20260715\环评报告文件_按正文一级章节拆分_20260727\PL160_佛山市顺德区德盈誉智能制造有限公司新建项目_01_受理公告或公示版\07_附表附图附件.md,20,2221
E:\华南理工项目\环评文件汇总\01_GitHub项目与研究文档\eia-openclaw-sync-chen2026\05_QA测试集\人工核查_环评报告出处整理_20260715\环评报告文件_按问答顺序\PL160_佛山市顺德区德盈誉智能制造有限公司新建项目_01_受理公告或公示版.pdf,PL160_佛山市顺德区德盈誉智能制造有限公司新建项目_01_受理公告或公示版.pdf,.pdf,pdf_pypdf,8,一、建设项目基本情况,E:\华南理工项目\环评文件汇总\01_GitHub项目与研究文档\eia-openclaw-sync-chen2026\05_QA测试集\人工核查_环评报告出处整理_20260715\环评报告文件_按正文一级章节拆分_20260727\PL160_佛山市顺德区德盈誉智能制造有限公司新建项目_01_受理公告或公示版\08_一、建设项目基本情况.md,908,15309
E:\华南理工项目\环评文件汇总\01_GitHub项目与研究文档\eia-openclaw-sync-chen2026\05_QA测试集\人工核查_环评报告出处整理_20260715\环评报告文件_按问答顺序\PL160_佛山市顺德区德盈誉智能制造有限公司新建项目_01_受理公告或公示版.pdf,PL160_佛山市顺德区德盈誉智能制造有限公司新建项目_01_受理公告或公示版.pdf,.pdf,pdf_pypdf,9,二、建设项目工程分析,E:\华南理工项目\环评文件汇总\01_GitHub项目与研究文档\eia-openclaw-sync-chen2026\05_QA测试集\人工核查_环评报告出处整理_20260715\环评报告文件_按正文一级章节拆分_20260727\PL160_佛山市顺德区德盈誉智能制造有限公司新建项目_01_受理公告或公示版\09_二、建设项目工程分析.md,344,6593
E:\华南理工项目\环评文件汇总\01_GitHub项目与研究文档\eia-openclaw-sync-chen2026\05_QA测试集\人工核查_环评报告出处整理_20260715\环评报告文件_按问答顺序\PL160_佛山市顺德区德盈誉智能制造有限公司新建项目_01_受理公告或公示版.pdf,PL160_佛山市顺德区德盈誉智能制造有限公司新建项目_01_受理公告或公示版.pdf,.pdf,pdf_pypdf,10,三、区域环境质量现状、环境保护目标及评价标准,E:\华南理工项目\环评文件汇总\01_GitHub项目与研究文档\eia-openclaw-sync-chen2026\05_QA测试集\人工核查_环评报告出处整理_20260715\环评报告文件_按正文一级章节拆分_20260727\PL160_佛山市顺德区德盈誉智能制造有限公司新建项目_01_受理公告或公示版\10_三、区域环境质量现状、环境保护目标及评价标准.md,244,5143
E:\华南理工项目\环评文件汇总\01_GitHub项目与研究文档\eia-openclaw-sync-chen2026\05_QA测试集\人工核查_环评报告出处整理_20260715\环评报告文件_按问答顺序\PL160_佛山市顺德区德盈誉智能制造有限公司新建项目_01_受理公告或公示版.pdf,PL160_佛山市顺德区德盈誉智能制造有限公司新建项目_01_受理公告或公示版.pdf,.pdf,pdf_pypdf,11,四、主要环境影响和保护措施,E:\华南理工项目\环评文件汇总\01_GitHub项目与研究文档\eia-openclaw-sync-chen2026\05_QA测试集\人工核查_环评报告出处整理_20260715\环评报告文件_按正文一级章节拆分_20260727\PL160_佛山市顺德区德盈誉智能制造有限公司新建项目_01_受理公告或公示版\11_四、主要环境影响和保护措施.md,1287,24093
E:\华南理工项目\环评文件汇总\01_GitHub项目与研究文档\eia-openclaw-sync-chen2026\05_QA测试集\人工核查_环评报告出处整理_20260715\环评报告文件_按问答顺序\PL160_佛山市顺德区德盈誉智能制造有限公司新建项目_01_受理公告或公示版.pdf,PL160_佛山市顺德区德盈誉智能制造有限公司新建项目_01_受理公告或公示版.pdf,.pdf,pdf_pypdf,12,五、环境保护措施监督检查清单,E:\华南理工项目\环评文件汇总\01_GitHub项目与研究文档\eia-openclaw-sync-chen2026\05_QA测试集\人工核查_环评报告出处整理_20260715\环评报告文件_按正文一级章节拆分_20260727\PL160_佛山市顺德区德盈誉智能制造有限公司新建项目_01_受理公告或公示版\12_五、环境保护措施监督检查清单.md,141,2461
E:\华南理工项目\环评文件汇总\01_GitHub项目与研究文档\eia-openclaw-sync-chen2026\05_QA测试集\人工核查_环评报告出处整理_20260715\环评报告文件_按问答顺序\PL160_佛山市顺德区德盈誉智能制造有限公司新建项目_01_受理公告或公示版.pdf,PL160_佛山市顺德区德盈誉智能制造有限公司新建项目_01_受理公告或公示版.pdf,.pdf,pdf_pypdf,13,六、结论,E:\华南理工项目\环评文件汇总\01_GitHub项目与研究文档\eia-openclaw-sync-chen2026\05_QA测试集\人工核查_环评报告出处整理_20260715\环评报告文件_按正文一级章节拆分_20260727\PL160_佛山市顺德区德盈誉智能制造有限公司新建项目_01_受理公告或公示版\13_六、结论.md,7,208
E:\华南理工项目\环评文件汇总\01_GitHub项目与研究文档\eia-openclaw-sync-chen2026\05_QA测试集\人工核查_环评报告出处整理_20260715\环评报告文件_按问答顺序\PL160_佛山市顺德区德盈誉智能制造有限公司新建项目_01_受理公告或公示版.pdf,PL160_佛山市顺德区德盈誉智能制造有限公司新建项目_01_受理公告或公示版.pdf,.pdf,pdf_pypdf,14,附表附图附件,E:\华南理工项目\环评文件汇总\01_GitHub项目与研究文档\eia-openclaw-sync-chen2026\05_QA测试集\人工核查_环评报告出处整理_20260715\环评报告文件_按正文一级章节拆分_20260727\PL160_佛山市顺德区德盈誉智能制造有限公司新建项目_01_受理公告或公示版\14_附表附图附件.md,91,1566
E:\华南理工项目\环评文件汇总\01_GitHub项目与研究文档\eia-openclaw-sync-chen2026\05_QA测试集\人工核查_环评报告出处整理_20260715\环评报告文件_按问答顺序\PL161_佛山市顺德区菱昌精密塑料五金实业有限公司新建项目_01_受理公告或公示版.pdf,PL161_佛山市顺德区菱昌精密塑料五金实业有限公司新建项目_01_受理公告或公示版.pdf,.pdf,pdf_pypdf,1,封面及目录,E:\华南理工项目\环评文件汇总\01_GitHub项目与研究文档\eia-openclaw-sync-chen2026\05_QA测试集\人工核查_环评报告出处整理_20260715\环评报告文件_按正文一级章节拆分_20260727\PL161_佛山市顺德区菱昌精密塑料五金实业有限公司新建项目_01_受理公告或公示版\01_封面及目录.md,2,25
E:\华南理工项目\环评文件汇总\01_GitHub项目与研究文档\eia-openclaw-sync-chen2026\05_QA测试集\人工核查_环评报告出处整理_20260715\环评报告文件_按问答顺序\PL161_佛山市顺德区菱昌精密塑料五金实业有限公司新建项目_01_受理公告或公示版.pdf,PL161_佛山市顺德区菱昌精密塑料五金实业有限公司新建项目_01_受理公告或公示版.pdf,.pdf,pdf_pypdf,2,一、建设项目基本情况 ........................................................................................................ 1,E:\华南理工项目\环评文件汇总\01_GitHub项目与研究文档\eia-openclaw-sync-chen2026\05_QA测试集\人工核查_环评报告出处整理_20260715\环评报告文件_按正文一级章节拆分_20260727\PL161_佛山市顺德区菱昌精密塑料五金实业有限公司新建项目_01_受理公告或公示版\02_一、建设项目基本情况.md,1,118
E:\华南理工项目\环评文件汇总\01_GitHub项目与研究文档\eia-openclaw-sync-chen2026\05_QA测试集\人工核查_环评报告出处整理_20260715\环评报告文件_按问答顺序\PL161_佛山市顺德区菱昌精密塑料五金实业有限公司新建项目_01_受理公告或公示版.pdf,PL161_佛山市顺德区菱昌精密塑料五金实业有限公司新建项目_01_受理公告或公示版.pdf,.pdf,pdf_pypdf,3,二、建设项目工程分析 ...................................................................................................... 13,E:\华南理工项目\环评文件汇总\01_GitHub项目与研究文档\eia-openclaw-sync-chen2026\05_QA测试集\人工核查_环评报告出处整理_20260715\环评报告文件_按正文一级章节拆分_20260727\PL161_佛山市顺德区菱昌精密塑料五金实业有限公司新建项目_01_受理公告或公示版\03_二、建设项目工程分析.md,2,198
E:\华南理工项目\环评文件汇总\01_GitHub项目与研究文档\eia-openclaw-sync-chen2026\05_QA测试集\人工核查_环评报告出处整理_20260715\环评报告文件_按问答顺序\PL161_佛山市顺德区菱昌精密塑料五金实业有限公司新建项目_01_受理公告或公示版.pdf,PL161_佛山市顺德区菱昌精密塑料五金实业有限公司新建项目_01_受理公告或公示版.pdf,.pdf,pdf_pypdf,4,四、 主要环境影响和保护措施 ........................................................................................ 28,E:\华南理工项目\环评文件汇总\01_GitHub项目与研究文档\eia-openclaw-sync-chen2026\05_QA测试集\人工核查_环评报告出处整理_20260715\环评报告文件_按正文一级章节拆分_20260727\PL161_佛山市顺德区菱昌精密塑料五金实业有限公司新建项目_01_受理公告或公示版\04_四、_主要环境影响和保护措施.md,1,107
E:\华南理工项目\环评文件汇总\01_GitHub项目与研究文档\eia-openclaw-sync-chen2026\05_QA测试集\人工核查_环评报告出处整理_20260715\环评报告文件_按问答顺序\PL161_佛山市顺德区菱昌精密塑料五金实业有限公司新建项目_01_受理公告或公示版.pdf,PL161_佛山市顺德区菱昌精密塑料五金实业有限公司新建项目_01_受理公告或公示版.pdf,.pdf,pdf_pypdf,5,五、环境保护措施监督检查清单 ...................................................................................... 54,E:\华南理工项目\环评文件汇总\01_GitHub项目与研究文档\eia-openclaw-sync-chen2026\05_QA测试集\人工核查_环评报告出处整理_20260715\环评报告文件_按正文一级章节拆分_20260727\PL161_佛山市顺德区菱昌精密塑料五金实业有限公司新建项目_01_受理公告或公示版\05_五、环境保护措施监督检查清单.md,1,105
E:\华南理工项目\环评文件汇总\01_GitHub项目与研究文档\eia-openclaw-sync-chen2026\05_QA测试集\人工核查_环评报告出处整理_20260715\环评报告文件_按问答顺序\PL161_佛山市顺德区菱昌精密塑料五金实业有限公司新建项目_01_受理公告或公示版.pdf,PL161_佛山市顺德区菱昌精密塑料五金实业有限公司新建项目_01_受理公告或公示版.pdf,.pdf,pdf_pypdf,6,六、结论 .............................................................................................................................. 57,E:\华南理工项目\环评文件汇总\01_GitHub项目与研究文档\eia-openclaw-sync-chen2026\05_QA测试集\人工核查_环评报告出处整理_20260715\环评报告文件_按正文一级章节拆分_20260727\PL161_佛山市顺德区菱昌精密塑料五金实业有限公司新建项目_01_受理公告或公示版\06_六、结论.md,2,243
E:\华南理工项目\环评文件汇总\01_GitHub项目与研究文档\eia-openclaw-sync-chen2026\05_QA测试集\人工核查_环评报告出处整理_20260715\环评报告文件_按问答顺序\PL161_佛山市顺德区菱昌精密塑料五金实业有限公司新建项目_01_受理公告或公示版.pdf,PL161_佛山市顺德区菱昌精密塑料五金实业有限公司新建项目_01_受理公告或公示版.pdf,.pdf,pdf_pypdf,7,附表附图附件,E:\华南理工项目\环评文件汇总\01_GitHub项目与研究文档\eia-openclaw-sync-chen2026\05_QA测试集\人工核查_环评报告出处整理_20260715\环评报告文件_按正文一级章节拆分_20260727\PL161_佛山市顺德区菱昌精密塑料五金实业有限公司新建项目_01_受理公告或公示版\07_附表附图附件.md,20,2037
E:\华南理工项目\环评文件汇总\01_GitHub项目与研究文档\eia-openclaw-sync-chen2026\05_QA测试集\人工核查_环评报告出处整理_20260715\环评报告文件_按问答顺序\PL161_佛山市顺德区菱昌精密塑料五金实业有限公司新建项目_01_受理公告或公示版.pdf,PL161_佛山市顺德区菱昌精密塑料五金实业有限公司新建项目_01_受理公告或公示版.pdf,.pdf,pdf_pypdf,8,一、建设项目基本情况,E:\华南理工项目\环评文件汇总\01_GitHub项目与研究文档\eia-openclaw-sync-chen2026\05_QA测试集\人工核查_环评报告出处整理_20260715\环评报告文件_按正文一级章节拆分_20260727\PL161_佛山市顺德区菱昌精密塑料五金实业有限公司新建项目_01_受理公告或公示版\08_一、建设项目基本情况.md,764,13170
E:\华南理工项目\环评文件汇总\01_GitHub项目与研究文档\eia-openclaw-sync-chen2026\05_QA测试集\人工核查_环评报告出处整理_20260715\环评报告文件_按问答顺序\PL161_佛山市顺德区菱昌精密塑料五金实业有限公司新建项目_01_受理公告或公示版.pdf,PL161_佛山市顺德区菱昌精密塑料五金实业有限公司新建项目_01_受理公告或公示版.pdf,.pdf,pdf_pypdf,9,二、建设项目工程分析,E:\华南理工项目\环评文件汇总\01_GitHub项目与研究文档\eia-openclaw-sync-chen2026\05_QA测试集\人工核查_环评报告出处整理_20260715\环评报告文件_按正文一级章节拆分_20260727\PL161_佛山市顺德区菱昌精密塑料五金实业有限公司新建项目_01_受理公告或公示版\09_二、建设项目工程分析.md,390,7002
E:\华南理工项目\环评文件汇总\01_GitHub项目与研究文档\eia-openclaw-sync-chen2026\05_QA测试集\人工核查_环评报告出处整理_20260715\环评报告文件_按问答顺序\PL161_佛山市顺德区菱昌精密塑料五金实业有限公司新建项目_01_受理公告或公示版.pdf,PL161_佛山市顺德区菱昌精密塑料五金实业有限公司新建项目_01_受理公告或公示版.pdf,.pdf,pdf_pypdf,10,三、区域环境质量现状、环境保护目标及评价标准,E:\华南理工项目\环评文件汇总\01_GitHub项目与研究文档\eia-openclaw-sync-chen2026\05_QA测试集\人工核查_环评报告出处整理_20260715\环评报告文件_按正文一级章节拆分_20260727\PL161_佛山市顺德区菱昌精密塑料五金实业有限公司新建项目_01_受理公告或公示版\10_三、区域环境质量现状、环境保护目标及评价标准.md,228,5360
E:\华南理工项目\环评文件汇总\01_GitHub项目与研究文档\eia-openclaw-sync-chen2026\05_QA测试集\人工核查_环评报告出处整理_20260715\环评报告文件_按问答顺序\PL161_佛山市顺德区菱昌精密塑料五金实业有限公司新建项目_01_受理公告或公示版.pdf,PL161_佛山市顺德区菱昌精密塑料五金实业有限公司新建项目_01_受理公告或公示版.pdf,.pdf,pdf_pypdf,11,四、主要环境影响和保护措施,E:\华南理工项目\环评文件汇总\01_GitHub项目与研究文档\eia-openclaw-sync-chen2026\05_QA测试集\人工核查_环评报告出处整理_20260715\环评报告文件_按正文一级章节拆分_20260727\PL161_佛山市顺德区菱昌精密塑料五金实业有限公司新建项目_01_受理公告或公示版\11_四、主要环境影响和保护措施.md,1177,23763
E:\华南理工项目\环评文件汇总\01_GitHub项目与研究文档\eia-openclaw-sync-chen2026\05_QA测试集\人工核查_环评报告出处整理_20260715\环评报告文件_按问答顺序\PL161_佛山市顺德区菱昌精密塑料五金实业有限公司新建项目_01_受理公告或公示版.pdf,PL161_佛山市顺德区菱昌精密塑料五金实业有限公司新建项目_01_受理公告或公示版.pdf,.pdf,pdf_pypdf,12,五、环境保护措施监督检查清单,E:\华南理工项目\环评文件汇总\01_GitHub项目与研究文档\eia-openclaw-sync-chen2026\05_QA测试集\人工核查_环评报告出处整理_20260715\环评报告文件_按正文一级章节拆分_20260727\PL161_佛山市顺德区菱昌精密塑料五金实业有限公司新建项目_01_受理公告或公示版\12_五、环境保护措施监督检查清单.md,141,1917
E:\华南理工项目\环评文件汇总\01_GitHub项目与研究文档\eia-openclaw-sync-chen2026\05_QA测试集\人工核查_环评报告出处整理_20260715\环评报告文件_按问答顺序\PL161_佛山市顺德区菱昌精密塑料五金实业有限公司新建项目_01_受理公告或公示版.pdf,PL161_佛山市顺德区菱昌精密塑料五金实业有限公司新建项目_01_受理公告或公示版.pdf,.pdf,pdf_pypdf,13,六、结论,E:\华南理工项目\环评文件汇总\01_GitHub项目与研究文档\eia-openclaw-sync-chen2026\05_QA测试集\人工核查_环评报告出处整理_20260715\环评报告文件_按正文一级章节拆分_20260727\PL161_佛山市顺德区菱昌精密塑料五金实业有限公司新建项目_01_受理公告或公示版\13_六、结论.md,8,229
E:\华南理工项目\环评文件汇总\01_GitHub项目与研究文档\eia-openclaw-sync-chen2026\05_QA测试集\人工核查_环评报告出处整理_20260715\环评报告文件_按问答顺序\PL161_佛山市顺德区菱昌精密塑料五金实业有限公司新建项目_01_受理公告或公示版.pdf,PL161_佛山市顺德区菱昌精密塑料五金实业有限公司新建项目_01_受理公告或公示版.pdf,.pdf,pdf_pypdf,14,附表附图附件,E:\华南理工项目\环评文件汇总\01_GitHub项目与研究文档\eia-openclaw-sync-chen2026\05_QA测试集\人工核查_环评报告出处整理_20260715\环评报告文件_按正文一级章节拆分_20260727\PL161_佛山市顺德区菱昌精密塑料五金实业有限公司新建项目_01_受理公告或公示版\14_附表附图附件.md,132,1847
E:\华南理工项目\环评文件汇总\01_GitHub项目与研究文档\eia-openclaw-sync-chen2026\05_QA测试集\人工核查_环评报告出处整理_20260715\环评报告文件_按问答顺序\PL162_广东创卓电器有限公司迁扩建项目_01_受理公告或公示版.pdf,PL162_广东创卓电器有限公司迁扩建项目_01_受理公告或公示版.pdf,.pdf,pdf_pypdf,1,封面及目录,E:\华南理工项目\环评文件汇总\01_GitHub项目与研究文档\eia-openclaw-sync-chen2026\05_QA测试集\人工核查_环评报告出处整理_20260715\环评报告文件_按正文一级章节拆分_20260727\PL162_广东创卓电器有限公司迁扩建项目_01_受理公告或公示版\01_封面及目录.md,5,49
E:\华南理工项目\环评文件汇总\01_GitHub项目与研究文档\eia-openclaw-sync-chen2026\05_QA测试集\人工核查_环评报告出处整理_20260715\环评报告文件_按问答顺序\PL162_广东创卓电器有限公司迁扩建项目_01_受理公告或公示版.pdf,PL162_广东创卓电器有限公司迁扩建项目_01_受理公告或公示版.pdf,.pdf,pdf_pypdf,2,一、建设项目基本情况............................................................................................................................... 1,E:\华南理工项目\环评文件汇总\01_GitHub项目与研究文档\eia-openclaw-sync-chen2026\05_QA测试集\人工核查_环评报告出处整理_20260715\环评报告文件_按正文一级章节拆分_20260727\PL162_广东创卓电器有限公司迁扩建项目_01_受理公告或公示版\02_一、建设项目基本情况.md,1,140
E:\华南理工项目\环评文件汇总\01_GitHub项目与研究文档\eia-openclaw-sync-chen2026\05_QA测试集\人工核查_环评报告出处整理_20260715\环评报告文件_按问答顺序\PL162_广东创卓电器有限公司迁扩建项目_01_受理公告或公示版.pdf,PL162_广东创卓电器有限公司迁扩建项目_01_受理公告或公示版.pdf,.pdf,pdf_pypdf,3,二、建设项目工程分析............................................................................................................................. 18,E:\华南理工项目\环评文件汇总\01_GitHub项目与研究文档\eia-openclaw-sync-chen2026\05_QA测试集\人工核查_环评报告出处整理_20260715\环评报告文件_按正文一级章节拆分_20260727\PL162_广东创卓电器有限公司迁扩建项目_01_受理公告或公示版\03_二、建设项目工程分析.md,2,241
E:\华南理工项目\环评文件汇总\01_GitHub项目与研究文档\eia-openclaw-sync-chen2026\05_QA测试集\人工核查_环评报告出处整理_20260715\环评报告文件_按问答顺序\PL162_广东创卓电器有限公司迁扩建项目_01_受理公告或公示版.pdf,PL162_广东创卓电器有限公司迁扩建项目_01_受理公告或公示版.pdf,.pdf,pdf_pypdf,4,四、主要环境影响和保护措施.................................................................................................................39,E:\华南理工项目\环评文件汇总\01_GitHub项目与研究文档\eia-openclaw-sync-chen2026\05_QA测试集\人工核查_环评报告出处整理_20260715\环评报告文件_按正文一级章节拆分_20260727\PL162_广东创卓电器有限公司迁扩建项目_01_受理公告或公示版\04_四、主要环境影响和保护措施.md,1,129
E:\华南理工项目\环评文件汇总\01_GitHub项目与研究文档\eia-openclaw-sync-chen2026\05_QA测试集\人工核查_环评报告出处整理_20260715\环评报告文件_按问答顺序\PL162_广东创卓电器有限公司迁扩建项目_01_受理公告或公示版.pdf,PL162_广东创卓电器有限公司迁扩建项目_01_受理公告或公示版.pdf,.pdf,pdf_pypdf,5,五、环境保护措施监督检查清单.............................................................................................................67,E:\华南理工项目\环评文件汇总\01_GitHub项目与研究文档\eia-openclaw-sync-chen2026\05_QA测试集\人工核查_环评报告出处整理_20260715\环评报告文件_按正文一级章节拆分_20260727\PL162_广东创卓电器有限公司迁扩建项目_01_受理公告或公示版\05_五、环境保护措施监督检查清单.md,1,126
E:\华南理工项目\环评文件汇总\01_GitHub项目与研究文档\eia-openclaw-sync-chen2026\05_QA测试集\人工核查_环评报告出处整理_20260715\环评报告文件_按问答顺序\PL162_广东创卓电器有限公司迁扩建项目_01_受理公告或公示版.pdf,PL162_广东创卓电器有限公司迁扩建项目_01_受理公告或公示版.pdf,.pdf,pdf_pypdf,6,六、结论..................................................................................................................................................... 69,E:\华南理工项目\环评文件汇总\01_GitHub项目与研究文档\eia-openclaw-sync-chen2026\05_QA测试集\人工核查_环评报告出处整理_20260715\环评报告文件_按正文一级章节拆分_20260727\PL162_广东创卓电器有限公司迁扩建项目_01_受理公告或公示版\06_六、结论.md,2,286
E:\华南理工项目\环评文件汇总\01_GitHub项目与研究文档\eia-openclaw-sync-chen2026\05_QA测试集\人工核查_环评报告出处整理_20260715\环评报告文件_按问答顺序\PL162_广东创卓电器有限公司迁扩建项目_01_受理公告或公示版.pdf,PL162_广东创卓电器有限公司迁扩建项目_01_受理公告或公示版.pdf,.pdf,pdf_pypdf,7,附表附图附件,E:\华南理工项目\环评文件汇总\01_GitHub项目与研究文档\eia-openclaw-sync-chen2026\05_QA测试集\人工核查_环评报告出处整理_20260715\环评报告文件_按正文一级章节拆分_20260727\PL162_广东创卓电器有限公司迁扩建项目_01_受理公告或公示版\07_附表附图附件.md,19,2244
E:\华南理工项目\环评文件汇总\01_GitHub项目与研究文档\eia-openclaw-sync-chen2026\05_QA测试集\人工核查_环评报告出处整理_20260715\环评报告文件_按问答顺序\PL162_广东创卓电器有限公司迁扩建项目_01_受理公告或公示版.pdf,PL162_广东创卓电器有限公司迁扩建项目_01_受理公告或公示版.pdf,.pdf,pdf_pypdf,8,一、建设项目基本情况,E:\华南理工项目\环评文件汇总\01_GitHub项目与研究文档\eia-openclaw-sync-chen2026\05_QA测试集\人工核查_环评报告出处整理_20260715\环评报告文件_按正文一级章节拆分_20260727\PL162_广东创卓电器有限公司迁扩建项目_01_受理公告或公示版\08_一、建设项目基本情况.md,362,5199
E:\华南理工项目\环评文件汇总\01_GitHub项目与研究文档\eia-openclaw-sync-chen2026\05_QA测试集\人工核查_环评报告出处整理_20260715\环评报告文件_按问答顺序\PL162_广东创卓电器有限公司迁扩建项目_01_受理公告或公示版.pdf,PL162_广东创卓电器有限公司迁扩建项目_01_受理公告或公示版.pdf,.pdf,pdf_pypdf,9,附表附图附件,E:\华南理工项目\环评文件汇总\01_GitHub项目与研究文档\eia-openclaw-sync-chen2026\05_QA测试集\人工核查_环评报告出处整理_20260715\环评报告文件_按正文一级章节拆分_20260727\PL162_广东创卓电器有限公司迁扩建项目_01_受理公告或公示版\09_附表附图附件.md,879,11345
E:\华南理工项目\环评文件汇总\01_GitHub项目与研究文档\eia-openclaw-sync-chen2026\05_QA测试集\人工核查_环评报告出处整理_20260715\环评报告文件_按问答顺序\PL162_广东创卓电器有限公司迁扩建项目_01_受理公告或公示版.pdf,PL162_广东创卓电器有限公司迁扩建项目_01_受理公告或公示版.pdf,.pdf,pdf_pypdf,10,二、建设项目工程分析,E:\华南理工项目\环评文件汇总\01_GitHub项目与研究文档\eia-openclaw-sync-chen2026\05_QA测试集\人工核查_环评报告出处整理_20260715\环评报告文件_按正文一级章节拆分_20260727\PL162_广东创卓电器有限公司迁扩建项目_01_受理公告或公示版\10_二、建设项目工程分析.md,523,9820
E:\华南理工项目\环评文件汇总\01_GitHub项目与研究文档\eia-openclaw-sync-chen2026\05_QA测试集\人工核查_环评报告出处整理_20260715\环评报告文件_按问答顺序\PL162_广东创卓电器有限公司迁扩建项目_01_受理公告或公示版.pdf,PL162_广东创卓电器有限公司迁扩建项目_01_受理公告或公示版.pdf,.pdf,pdf_pypdf,11,三、区域环境质量现状、环境保护目标及评价标准,E:\华南理工项目\环评文件汇总\01_GitHub项目与研究文档\eia-openclaw-sync-chen2026\05_QA测试集\人工核查_环评报告出处整理_20260715\环评报告文件_按正文一级章节拆分_20260727\PL162_广东创卓电器有限公司迁扩建项目_01_受理公告或公示版\11_三、区域环境质量现状、环境保护目标及评价标准.md,275,5494
E:\华南理工项目\环评文件汇总\01_GitHub项目与研究文档\eia-openclaw-sync-chen2026\05_QA测试集\人工核查_环评报告出处整理_20260715\环评报告文件_按问答顺序\PL162_广东创卓电器有限公司迁扩建项目_01_受理公告或公示版.pdf,PL162_广东创卓电器有限公司迁扩建项目_01_受理公告或公示版.pdf,.pdf,pdf_pypdf,12,四、主要环境影响和保护措施,E:\华南理工项目\环评文件汇总\01_GitHub项目与研究文档\eia-openclaw-sync-chen2026\05_QA测试集\人工核查_环评报告出处整理_20260715\环评报告文件_按正文一级章节拆分_20260727\PL162_广东创卓电器有限公司迁扩建项目_01_受理公告或公示版\12_四、主要环境影响和保护措施.md,1547,24374
E:\华南理工项目\环评文件汇总\01_GitHub项目与研究文档\eia-openclaw-sync-chen2026\05_QA测试集\人工核查_环评报告出处整理_20260715\环评报告文件_按问答顺序\PL162_广东创卓电器有限公司迁扩建项目_01_受理公告或公示版.pdf,PL162_广东创卓电器有限公司迁扩建项目_01_受理公告或公示版.pdf,.pdf,pdf_pypdf,13,五、环境保护措施监督检查清单,E:\华南理工项目\环评文件汇总\01_GitHub项目与研究文档\eia-openclaw-sync-chen2026\05_QA测试集\人工核查_环评报告出处整理_20260715\环评报告文件_按正文一级章节拆分_20260727\PL162_广东创卓电器有限公司迁扩建项目_01_受理公告或公示版\13_五、环境保护措施监督检查清单.md,121,1750
E:\华南理工项目\环评文件汇总\01_GitHub项目与研究文档\eia-openclaw-sync-chen2026\05_QA测试集\人工核查_环评报告出处整理_20260715\环评报告文件_按问答顺序\PL162_广东创卓电器有限公司迁扩建项目_01_受理公告或公示版.pdf,PL162_广东创卓电器有限公司迁扩建项目_01_受理公告或公示版.pdf,.pdf,pdf_pypdf,14,六、结论,E:\华南理工项目\环评文件汇总\01_GitHub项目与研究文档\eia-openclaw-sync-chen2026\05_QA测试集\人工核查_环评报告出处整理_20260715\环评报告文件_按正文一级章节拆分_20260727\PL162_广东创卓电器有限公司迁扩建项目_01_受理公告或公示版\14_六、结论.md,58,1243
E:\华南理工项目\环评文件汇总\01_GitHub项目与研究文档\eia-openclaw-sync-chen2026\05_QA测试集\人工核查_环评报告出处整理_20260715\环评报告文件_按问答顺序\PL162_广东创卓电器有限公司迁扩建项目_01_受理公告或公示版.pdf,PL162_广东创卓电器有限公司迁扩建项目_01_受理公告或公示版.pdf,.pdf,pdf_pypdf,15,附表附图附件,E:\华南理工项目\环评文件汇总\01_GitHub项目与研究文档\eia-openclaw-sync-chen2026\05_QA测试集\人工核查_环评报告出处整理_20260715\环评报告文件_按正文一级章节拆分_20260727\PL162_广东创卓电器有限公司迁扩建项目_01_受理公告或公示版\15_附表附图附件.md,121,1617
E:\华南理工项目\环评文件汇总\01_GitHub项目与研究文档\eia-openclaw-sync-chen2026\05_QA测试集\人工核查_环评报告出处整理_20260715\环评报告文件_按问答顺序\PL164_佛山市顺德区建德包装实业有限公司搬迁扩建项目_01_受理公告或公示版.pdf,PL164_佛山市顺德区建德包装实业有限公司搬迁扩建项目_01_受理公告或公示版.pdf,.pdf,pdf_pypdf,1,封面及目录,E:\华南理工项目\环评文件汇总\01_GitHub项目与研究文档\eia-openclaw-sync-chen2026\05_QA测试集\人工核查_环评报告出处整理_20260715\环评报告文件_按正文一级章节拆分_20260727\PL164_佛山市顺德区建德包装实业有限公司搬迁扩建项目_01_受理公告或公示版\01_封面及目录.md,1951,38541
E:\华南理工项目\环评文件汇总\01_GitHub项目与研究文档\eia-openclaw-sync-chen2026\05_QA测试集\人工核查_环评报告出处整理_20260715\环评报告文件_按问答顺序\PL164_佛山市顺德区建德包装实业有限公司搬迁扩建项目_01_受理公告或公示版.pdf,PL164_佛山市顺德区建德包装实业有限公司搬迁扩建项目_01_受理公告或公示版.pdf,.pdf,pdf_pypdf,2,附表附图附件,E:\华南理工项目\环评文件汇总\01_GitHub项目与研究文档\eia-openclaw-sync-chen2026\05_QA测试集\人工核查_环评报告出处整理_20260715\环评报告文件_按正文一级章节拆分_20260727\PL164_佛山市顺德区建德包装实业有限公司搬迁扩建项目_01_受理公告或公示版\02_附表附图附件.md,10332,219728
E:\华南理工项目\环评文件汇总\01_GitHub项目与研究文档\eia-openclaw-sync-chen2026\05_QA测试集\人工核查_环评报告出处整理_20260715\环评报告文件_按问答顺序\PL165_浙江宏昌电器科技股份有限公司佛山分公司新建项目_01_受理公告或公示版.pdf,PL165_浙江宏昌电器科技股份有限公司佛山分公司新建项目_01_受理公告或公示版.pdf,.pdf,pdf_pypdf,1,封面及目录,E:\华南理工项目\环评文件汇总\01_GitHub项目与研究文档\eia-openclaw-sync-chen2026\05_QA测试集\人工核查_环评报告出处整理_20260715\环评报告文件_按正文一级章节拆分_20260727\PL165_浙江宏昌电器科技股份有限公司佛山分公司新建项目_01_受理公告或公示版\01_封面及目录.md,2,24
E:\华南理工项目\环评文件汇总\01_GitHub项目与研究文档\eia-openclaw-sync-chen2026\05_QA测试集\人工核查_环评报告出处整理_20260715\环评报告文件_按问答顺序\PL165_浙江宏昌电器科技股份有限公司佛山分公司新建项目_01_受理公告或公示版.pdf,PL165_浙江宏昌电器科技股份有限公司佛山分公司新建项目_01_受理公告或公示版.pdf,.pdf,pdf_pypdf,2,一、建设项目基本情况 ........................................................................................................ 1,E:\华南理工项目\环评文件汇总\01_GitHub项目与研究文档\eia-openclaw-sync-chen2026\05_QA测试集\人工核查_环评报告出处整理_20260715\环评报告文件_按正文一级章节拆分_20260727\PL165_浙江宏昌电器科技股份有限公司佛山分公司新建项目_01_受理公告或公示版\02_一、建设项目基本情况.md,1,118
E:\华南理工项目\环评文件汇总\01_GitHub项目与研究文档\eia-openclaw-sync-chen2026\05_QA测试集\人工核查_环评报告出处整理_20260715\环评报告文件_按问答顺序\PL165_浙江宏昌电器科技股份有限公司佛山分公司新建项目_01_受理公告或公示版.pdf,PL165_浙江宏昌电器科技股份有限公司佛山分公司新建项目_01_受理公告或公示版.pdf,.pdf,pdf_pypdf,3,二、建设项目工程分析 ...................................................................................................... 17,E:\华南理工项目\环评文件汇总\01_GitHub项目与研究文档\eia-openclaw-sync-chen2026\05_QA测试集\人工核查_环评报告出处整理_20260715\环评报告文件_按正文一级章节拆分_20260727\PL165_浙江宏昌电器科技股份有限公司佛山分公司新建项目_01_受理公告或公示版\03_二、建设项目工程分析.md,2,198
E:\华南理工项目\环评文件汇总\01_GitHub项目与研究文档\eia-openclaw-sync-chen2026\05_QA测试集\人工核查_环评报告出处整理_20260715\环评报告文件_按问答顺序\PL165_浙江宏昌电器科技股份有限公司佛山分公司新建项目_01_受理公告或公示版.pdf,PL165_浙江宏昌电器科技股份有限公司佛山分公司新建项目_01_受理公告或公示版.pdf,.pdf,pdf_pypdf,4,四、主要环境影响和保护措施 .......................................................................................... 32,E:\华南理工项目\环评文件汇总\01_GitHub项目与研究文档\eia-openclaw-sync-chen2026\05_QA测试集\人工核查_环评报告出处整理_20260715\环评报告文件_按正文一级章节拆分_20260727\PL165_浙江宏昌电器科技股份有限公司佛山分公司新建项目_01_受理公告或公示版\04_四、主要环境影响和保护措施.md,1,108
E:\华南理工项目\环评文件汇总\01_GitHub项目与研究文档\eia-openclaw-sync-chen2026\05_QA测试集\人工核查_环评报告出处整理_20260715\环评报告文件_按问答顺序\PL165_浙江宏昌电器科技股份有限公司佛山分公司新建项目_01_受理公告或公示版.pdf,PL165_浙江宏昌电器科技股份有限公司佛山分公司新建项目_01_受理公告或公示版.pdf,.pdf,pdf_pypdf,5,五、环境保护措施监督检查清单 ...................................................................................... 68,E:\华南理工项目\环评文件汇总\01_GitHub项目与研究文档\eia-openclaw-sync-chen2026\05_QA测试集\人工核查_环评报告出处整理_20260715\环评报告文件_按正文一级章节拆分_20260727\PL165_浙江宏昌电器科技股份有限公司佛山分公司新建项目_01_受理公告或公示版\05_五、环境保护措施监督检查清单.md,1,105
E:\华南理工项目\环评文件汇总\01_GitHub项目与研究文档\eia-openclaw-sync-chen2026\05_QA测试集\人工核查_环评报告出处整理_20260715\环评报告文件_按问答顺序\PL165_浙江宏昌电器科技股份有限公司佛山分公司新建项目_01_受理公告或公示版.pdf,PL165_浙江宏昌电器科技股份有限公司佛山分公司新建项目_01_受理公告或公示版.pdf,.pdf,pdf_pypdf,6,六、结论 .............................................................................................................................. 71,E:\华南理工项目\环评文件汇总\01_GitHub项目与研究文档\eia-openclaw-sync-chen2026\05_QA测试集\人工核查_环评报告出处整理_20260715\环评报告文件_按正文一级章节拆分_20260727\PL165_浙江宏昌电器科技股份有限公司佛山分公司新建项目_01_受理公告或公示版\06_六、结论.md,2,243
E:\华南理工项目\环评文件汇总\01_GitHub项目与研究文档\eia-openclaw-sync-chen2026\05_QA测试集\人工核查_环评报告出处整理_20260715\环评报告文件_按问答顺序\PL165_浙江宏昌电器科技股份有限公司佛山分公司新建项目_01_受理公告或公示版.pdf,PL165_浙江宏昌电器科技股份有限公司佛山分公司新建项目_01_受理公告或公示版.pdf,.pdf,pdf_pypdf,7,附表附图附件,E:\华南理工项目\环评文件汇总\01_GitHub项目与研究文档\eia-openclaw-sync-chen2026\05_QA测试集\人工核查_环评报告出处整理_20260715\环评报告文件_按正文一级章节拆分_20260727\PL165_浙江宏昌电器科技股份有限公司佛山分公司新建项目_01_受理公告或公示版\07_附表附图附件.md,20,2078
E:\华南理工项目\环评文件汇总\01_GitHub项目与研究文档\eia-openclaw-sync-chen2026\05_QA测试集\人工核查_环评报告出处整理_20260715\环评报告文件_按问答顺序\PL165_浙江宏昌电器科技股份有限公司佛山分公司新建项目_01_受理公告或公示版.pdf,PL165_浙江宏昌电器科技股份有限公司佛山分公司新建项目_01_受理公告或公示版.pdf,.pdf,pdf_pypdf,8,一、建设项目基本情况,E:\华南理工项目\环评文件汇总\01_GitHub项目与研究文档\eia-openclaw-sync-chen2026\05_QA测试集\人工核查_环评报告出处整理_20260715\环评报告文件_按正文一级章节拆分_20260727\PL165_浙江宏昌电器科技股份有限公司佛山分公司新建项目_01_受理公告或公示版\08_一、建设项目基本情况.md,1109,14549
E:\华南理工项目\环评文件汇总\01_GitHub项目与研究文档\eia-openclaw-sync-chen2026\05_QA测试集\人工核查_环评报告出处整理_20260715\环评报告文件_按问答顺序\PL165_浙江宏昌电器科技股份有限公司佛山分公司新建项目_01_受理公告或公示版.pdf,PL165_浙江宏昌电器科技股份有限公司佛山分公司新建项目_01_受理公告或公示版.pdf,.pdf,pdf_pypdf,9,二、建设项目工程分析,E:\华南理工项目\环评文件汇总\01_GitHub项目与研究文档\eia-openclaw-sync-chen2026\05_QA测试集\人工核查_环评报告出处整理_20260715\环评报告文件_按正文一级章节拆分_20260727\PL165_浙江宏昌电器科技股份有限公司佛山分公司新建项目_01_受理公告或公示版\09_二、建设项目工程分析.md,309,5297
E:\华南理工项目\环评文件汇总\01_GitHub项目与研究文档\eia-openclaw-sync-chen2026\05_QA测试集\人工核查_环评报告出处整理_20260715\环评报告文件_按问答顺序\PL165_浙江宏昌电器科技股份有限公司佛山分公司新建项目_01_受理公告或公示版.pdf,PL165_浙江宏昌电器科技股份有限公司佛山分公司新建项目_01_受理公告或公示版.pdf,.pdf,pdf_pypdf,10,三、区域环境质量现状、环境保护目标及评价标准,E:\华南理工项目\环评文件汇总\01_GitHub项目与研究文档\eia-openclaw-sync-chen2026\05_QA测试集\人工核查_环评报告出处整理_20260715\环评报告文件_按正文一级章节拆分_20260727\PL165_浙江宏昌电器科技股份有限公司佛山分公司新建项目_01_受理公告或公示版\10_三、区域环境质量现状、环境保护目标及评价标准.md,192,3942
E:\华南理工项目\环评文件汇总\01_GitHub项目与研究文档\eia-openclaw-sync-chen2026\05_QA测试集\人工核查_环评报告出处整理_20260715\环评报告文件_按问答顺序\PL165_浙江宏昌电器科技股份有限公司佛山分公司新建项目_01_受理公告或公示版.pdf,PL165_浙江宏昌电器科技股份有限公司佛山分公司新建项目_01_受理公告或公示版.pdf,.pdf,pdf_pypdf,11,四、主要环境影响和保护措施,E:\华南理工项目\环评文件汇总\01_GitHub项目与研究文档\eia-openclaw-sync-chen2026\05_QA测试集\人工核查_环评报告出处整理_20260715\环评报告文件_按正文一级章节拆分_20260727\PL165_浙江宏昌电器科技股份有限公司佛山分公司新建项目_01_受理公告或公示版\11_四、主要环境影响和保护措施.md,1121,27058
E:\华南理工项目\环评文件汇总\01_GitHub项目与研究文档\eia-openclaw-sync-chen2026\05_QA测试集\人工核查_环评报告出处整理_20260715\环评报告文件_按问答顺序\PL165_浙江宏昌电器科技股份有限公司佛山分公司新建项目_01_受理公告或公示版.pdf,PL165_浙江宏昌电器科技股份有限公司佛山分公司新建项目_01_受理公告或公示版.pdf,.pdf,pdf_pypdf,12,五、环境保护措施监督检查清单,E:\华南理工项目\环评文件汇总\01_GitHub项目与研究文档\eia-openclaw-sync-chen2026\05_QA测试集\人工核查_环评报告出处整理_20260715\环评报告文件_按正文一级章节拆分_20260727\PL165_浙江宏昌电器科技股份有限公司佛山分公司新建项目_01_受理公告或公示版\12_五、环境保护措施监督检查清单.md,133,2149
E:\华南理工项目\环评文件汇总\01_GitHub项目与研究文档\eia-openclaw-sync-chen2026\05_QA测试集\人工核查_环评报告出处整理_20260715\环评报告文件_按问答顺序\PL165_浙江宏昌电器科技股份有限公司佛山分公司新建项目_01_受理公告或公示版.pdf,PL165_浙江宏昌电器科技股份有限公司佛山分公司新建项目_01_受理公告或公示版.pdf,.pdf,pdf_pypdf,13,六、结论,E:\华南理工项目\环评文件汇总\01_GitHub项目与研究文档\eia-openclaw-sync-chen2026\05_QA测试集\人工核查_环评报告出处整理_20260715\环评报告文件_按正文一级章节拆分_20260727\PL165_浙江宏昌电器科技股份有限公司佛山分公司新建项目_01_受理公告或公示版\13_六、结论.md,9,225
E:\华南理工项目\环评文件汇总\01_GitHub项目与研究文档\eia-openclaw-sync-chen2026\05_QA测试集\人工核查_环评报告出处整理_20260715\环评报告文件_按问答顺序\PL165_浙江宏昌电器科技股份有限公司佛山分公司新建项目_01_受理公告或公示版.pdf,PL165_浙江宏昌电器科技股份有限公司佛山分公司新建项目_01_受理公告或公示版.pdf,.pdf,pdf_pypdf,14,附表附图附件,E:\华南理工项目\环评文件汇总\01_GitHub项目与研究文档\eia-openclaw-sync-chen2026\05_QA测试集\人工核查_环评报告出处整理_20260715\环评报告文件_按正文一级章节拆分_20260727\PL165_浙江宏昌电器科技股份有限公司佛山分公司新建项目_01_受理公告或公示版\14_附表附图附件.md,138,1812
E:\华南理工项目\环评文件汇总\01_GitHub项目与研究文档\eia-openclaw-sync-chen2026\05_QA测试集\人工核查_环评报告出处整理_20260715\环评报告文件_按问答顺序\PL166_佛山市智枞电器制造有限公司扩建项目_01_受理公告或公示版.pdf,PL166_佛山市智枞电器制造有限公司扩建项目_01_受理公告或公示版.pdf,.pdf,pdf_pypdf,1,封面及目录,E:\华南理工项目\环评文件汇总\01_GitHub项目与研究文档\eia-openclaw-sync-chen2026\05_QA测试集\人工核查_环评报告出处整理_20260715\环评报告文件_按正文一级章节拆分_20260727\PL166_佛山市智枞电器制造有限公司扩建项目_01_受理公告或公示版\01_封面及目录.md,2,24
E:\华南理工项目\环评文件汇总\01_GitHub项目与研究文档\eia-openclaw-sync-chen2026\05_QA测试集\人工核查_环评报告出处整理_20260715\环评报告文件_按问答顺序\PL166_佛山市智枞电器制造有限公司扩建项目_01_受理公告或公示版.pdf,PL166_佛山市智枞电器制造有限公司扩建项目_01_受理公告或公示版.pdf,.pdf,pdf_pypdf,2,一、建设项目基本情况 ........................................................................................................ 1,E:\华南理工项目\环评文件汇总\01_GitHub项目与研究文档\eia-openclaw-sync-chen2026\05_QA测试集\人工核查_环评报告出处整理_20260715\环评报告文件_按正文一级章节拆分_20260727\PL166_佛山市智枞电器制造有限公司扩建项目_01_受理公告或公示版\02_一、建设项目基本情况.md,1,118
E:\华南理工项目\环评文件汇总\01_GitHub项目与研究文档\eia-openclaw-sync-chen2026\05_QA测试集\人工核查_环评报告出处整理_20260715\环评报告文件_按问答顺序\PL166_佛山市智枞电器制造有限公司扩建项目_01_受理公告或公示版.pdf,PL166_佛山市智枞电器制造有限公司扩建项目_01_受理公告或公示版.pdf,.pdf,pdf_pypdf,3,二、 建设项目工程分析 .................................................................................................... 12,E:\华南理工项目\环评文件汇总\01_GitHub项目与研究文档\eia-openclaw-sync-chen2026\05_QA测试集\人工核查_环评报告出处整理_20260715\环评报告文件_按正文一级章节拆分_20260727\PL166_佛山市智枞电器制造有限公司扩建项目_01_受理公告或公示版\03_二、_建设项目工程分析.md,2,197
E:\华南理工项目\环评文件汇总\01_GitHub项目与研究文档\eia-openclaw-sync-chen2026\05_QA测试集\人工核查_环评报告出处整理_20260715\环评报告文件_按问答顺序\PL166_佛山市智枞电器制造有限公司扩建项目_01_受理公告或公示版.pdf,PL166_佛山市智枞电器制造有限公司扩建项目_01_受理公告或公示版.pdf,.pdf,pdf_pypdf,4,四、主要环境影响和保护措施 .......................................................................................... 41,E:\华南理工项目\环评文件汇总\01_GitHub项目与研究文档\eia-openclaw-sync-chen2026\05_QA测试集\人工核查_环评报告出处整理_20260715\环评报告文件_按正文一级章节拆分_20260727\PL166_佛山市智枞电器制造有限公司扩建项目_01_受理公告或公示版\04_四、主要环境影响和保护措施.md,1,108
E:\华南理工项目\环评文件汇总\01_GitHub项目与研究文档\eia-openclaw-sync-chen2026\05_QA测试集\人工核查_环评报告出处整理_20260715\环评报告文件_按问答顺序\PL166_佛山市智枞电器制造有限公司扩建项目_01_受理公告或公示版.pdf,PL166_佛山市智枞电器制造有限公司扩建项目_01_受理公告或公示版.pdf,.pdf,pdf_pypdf,5,五、环境保护措施监督检查清单 ...................................................................................... 67,E:\华南理工项目\环评文件汇总\01_GitHub项目与研究文档\eia-openclaw-sync-chen2026\05_QA测试集\人工核查_环评报告出处整理_20260715\环评报告文件_按正文一级章节拆分_20260727\PL166_佛山市智枞电器制造有限公司扩建项目_01_受理公告或公示版\05_五、环境保护措施监督检查清单.md,1,105
E:\华南理工项目\环评文件汇总\01_GitHub项目与研究文档\eia-openclaw-sync-chen2026\05_QA测试集\人工核查_环评报告出处整理_20260715\环评报告文件_按问答顺序\PL166_佛山市智枞电器制造有限公司扩建项目_01_受理公告或公示版.pdf,PL166_佛山市智枞电器制造有限公司扩建项目_01_受理公告或公示版.pdf,.pdf,pdf_pypdf,6,六、结论 .............................................................................................................................. 69,E:\华南理工项目\环评文件汇总\01_GitHub项目与研究文档\eia-openclaw-sync-chen2026\05_QA测试集\人工核查_环评报告出处整理_20260715\环评报告文件_按正文一级章节拆分_20260727\PL166_佛山市智枞电器制造有限公司扩建项目_01_受理公告或公示版\06_六、结论.md,2,243
E:\华南理工项目\环评文件汇总\01_GitHub项目与研究文档\eia-openclaw-sync-chen2026\05_QA测试集\人工核查_环评报告出处整理_20260715\环评报告文件_按问答顺序\PL166_佛山市智枞电器制造有限公司扩建项目_01_受理公告或公示版.pdf,PL166_佛山市智枞电器制造有限公司扩建项目_01_受理公告或公示版.pdf,.pdf,pdf_pypdf,7,附表附图附件,E:\华南理工项目\环评文件汇总\01_GitHub项目与研究文档\eia-openclaw-sync-chen2026\05_QA测试集\人工核查_环评报告出处整理_20260715\环评报告文件_按正文一级章节拆分_20260727\PL166_佛山市智枞电器制造有限公司扩建项目_01_受理公告或公示版\07_附表附图附件.md,22,335
E:\华南理工项目\环评文件汇总\01_GitHub项目与研究文档\eia-openclaw-sync-chen2026\05_QA测试集\人工核查_环评报告出处整理_20260715\环评报告文件_按问答顺序\PL166_佛山市智枞电器制造有限公司扩建项目_01_受理公告或公示版.pdf,PL166_佛山市智枞电器制造有限公司扩建项目_01_受理公告或公示版.pdf,.pdf,pdf_pypdf,8,一、建设项目基本情况,E:\华南理工项目\环评文件汇总\01_GitHub项目与研究文档\eia-openclaw-sync-chen2026\05_QA测试集\人工核查_环评报告出处整理_20260715\环评报告文件_按正文一级章节拆分_20260727\PL166_佛山市智枞电器制造有限公司扩建项目_01_受理公告或公示版\08_一、建设项目基本情况.md,788,11006
E:\华南理工项目\环评文件汇总\01_GitHub项目与研究文档\eia-openclaw-sync-chen2026\05_QA测试集\人工核查_环评报告出处整理_20260715\环评报告文件_按问答顺序\PL166_佛山市智枞电器制造有限公司扩建项目_01_受理公告或公示版.pdf,PL166_佛山市智枞电器制造有限公司扩建项目_01_受理公告或公示版.pdf,.pdf,pdf_pypdf,9,二、建设项目工程分析,E:\华南理工项目\环评文件汇总\01_GitHub项目与研究文档\eia-openclaw-sync-chen2026\05_QA测试集\人工核查_环评报告出处整理_20260715\环评报告文件_按正文一级章节拆分_20260727\PL166_佛山市智枞电器制造有限公司扩建项目_01_受理公告或公示版\09_二、建设项目工程分析.md,1129,21199
E:\华南理工项目\环评文件汇总\01_GitHub项目与研究文档\eia-openclaw-sync-chen2026\05_QA测试集\人工核查_环评报告出处整理_20260715\环评报告文件_按问答顺序\PL166_佛山市智枞电器制造有限公司扩建项目_01_受理公告或公示版.pdf,PL166_佛山市智枞电器制造有限公司扩建项目_01_受理公告或公示版.pdf,.pdf,pdf_pypdf,10,三、区域环境质量现状、环境保护目标及评价标准,E:\华南理工项目\环评文件汇总\01_GitHub项目与研究文档\eia-openclaw-sync-chen2026\05_QA测试集\人工核查_环评报告出处整理_20260715\环评报告文件_按正文一级章节拆分_20260727\PL166_佛山市智枞电器制造有限公司扩建项目_01_受理公告或公示版\10_三、区域环境质量现状、环境保护目标及评价标准.md,246,4822
E:\华南理工项目\环评文件汇总\01_GitHub项目与研究文档\eia-openclaw-sync-chen2026\05_QA测试集\人工核查_环评报告出处整理_20260715\环评报告文件_按问答顺序\PL166_佛山市智枞电器制造有限公司扩建项目_01_受理公告或公示版.pdf,PL166_佛山市智枞电器制造有限公司扩建项目_01_受理公告或公示版.pdf,.pdf,pdf_pypdf,11,四、主要环境影响和保护措施,E:\华南理工项目\环评文件汇总\01_GitHub项目与研究文档\eia-openclaw-sync-chen2026\05_QA测试集\人工核查_环评报告出处整理_20260715\环评报告文件_按正文一级章节拆分_20260727\PL166_佛山市智枞电器制造有限公司扩建项目_01_受理公告或公示版\11_四、主要环境影响和保护措施.md,1293,23414
E:\华南理工项目\环评文件汇总\01_GitHub项目与研究文档\eia-openclaw-sync-chen2026\05_QA测试集\人工核查_环评报告出处整理_20260715\环评报告文件_按问答顺序\PL166_佛山市智枞电器制造有限公司扩建项目_01_受理公告或公示版.pdf,PL166_佛山市智枞电器制造有限公司扩建项目_01_受理公告或公示版.pdf,.pdf,pdf_pypdf,12,五、环境保护措施监督检查清单,E:\华南理工项目\环评文件汇总\01_GitHub项目与研究文档\eia-openclaw-sync-chen2026\05_QA测试集\人工核查_环评报告出处整理_20260715\环评报告文件_按正文一级章节拆分_20260727\PL166_佛山市智枞电器制造有限公司扩建项目_01_受理公告或公示版\12_五、环境保护措施监督检查清单.md,103,1789
E:\华南理工项目\环评文件汇总\01_GitHub项目与研究文档\eia-openclaw-sync-chen2026\05_QA测试集\人工核查_环评报告出处整理_20260715\环评报告文件_按问答顺序\PL166_佛山市智枞电器制造有限公司扩建项目_01_受理公告或公示版.pdf,PL166_佛山市智枞电器制造有限公司扩建项目_01_受理公告或公示版.pdf,.pdf,pdf_pypdf,13,六、结论,E:\华南理工项目\环评文件汇总\01_GitHub项目与研究文档\eia-openclaw-sync-chen2026\05_QA测试集\人工核查_环评报告出处整理_20260715\环评报告文件_按正文一级章节拆分_20260727\PL166_佛山市智枞电器制造有限公司扩建项目_01_受理公告或公示版\13_六、结论.md,8,199
E:\华南理工项目\环评文件汇总\01_GitHub项目与研究文档\eia-openclaw-sync-chen2026\05_QA测试集\人工核查_环评报告出处整理_20260715\环评报告文件_按问答顺序\PL166_佛山市智枞电器制造有限公司扩建项目_01_受理公告或公示版.pdf,PL166_佛山市智枞电器制造有限公司扩建项目_01_受理公告或公示版.pdf,.pdf,pdf_pypdf,14,附表附图附件,E:\华南理工项目\环评文件汇总\01_GitHub项目与研究文档\eia-openclaw-sync-chen2026\05_QA测试集\人工核查_环评报告出处整理_20260715\环评报告文件_按正文一级章节拆分_20260727\PL166_佛山市智枞电器制造有限公司扩建项目_01_受理公告或公示版\14_附表附图附件.md,96,1714
E:\华南理工项目\环评文件汇总\01_GitHub项目与研究文档\eia-openclaw-sync-chen2026\05_QA测试集\人工核查_环评报告出处整理_20260715\环评报告文件_按问答顺序\PL167_广东图特精密五金科技股份有限公司智能制造基地建设项目重新报_01_受理公告或公示版.pdf,PL167_广东图特精密五金科技股份有限公司智能制造基地建设项目重新报_01_受理公告或公示版.pdf,.pdf,pdf_pypdf,1,封面及目录,E:\华南理工项目\环评文件汇总\01_GitHub项目与研究文档\eia-openclaw-sync-chen2026\05_QA测试集\人工核查_环评报告出处整理_20260715\环评报告文件_按正文一级章节拆分_20260727\PL167_广东图特精密五金科技股份有限公司智能制造基地建设项目重新报_01_受理公告或公示版\01_封面及目录.md,2,25
E:\华南理工项目\环评文件汇总\01_GitHub项目与研究文档\eia-openclaw-sync-chen2026\05_QA测试集\人工核查_环评报告出处整理_20260715\环评报告文件_按问答顺序\PL167_广东图特精密五金科技股份有限公司智能制造基地建设项目重新报_01_受理公告或公示版.pdf,PL167_广东图特精密五金科技股份有限公司智能制造基地建设项目重新报_01_受理公告或公示版.pdf,.pdf,pdf_pypdf,2,一、建设项目基本情况 ................................ ................................ ................................ .1,E:\华南理工项目\环评文件汇总\01_GitHub项目与研究文档\eia-openclaw-sync-chen2026\05_QA测试集\人工核查_环评报告出处整理_20260715\环评报告文件_按正文一级章节拆分_20260727\PL167_广东图特精密五金科技股份有限公司智能制造基地建设项目重新报_01_受理公告或公示版\02_一、建设项目基本情况.md,1,113
E:\华南理工项目\环评文件汇总\01_GitHub项目与研究文档\eia-openclaw-sync-chen2026\05_QA测试集\人工核查_环评报告出处整理_20260715\环评报告文件_按问答顺序\PL167_广东图特精密五金科技股份有限公司智能制造基地建设项目重新报_01_受理公告或公示版.pdf,PL167_广东图特精密五金科技股份有限公司智能制造基地建设项目重新报_01_受理公告或公示版.pdf,.pdf,pdf_pypdf,3,二、建设项目工程分析 ................................ ................................ ............................... 14,E:\华南理工项目\环评文件汇总\01_GitHub项目与研究文档\eia-openclaw-sync-chen2026\05_QA测试集\人工核查_环评报告出处整理_20260715\环评报告文件_按正文一级章节拆分_20260727\PL167_广东图特精密五金科技股份有限公司智能制造基地建设项目重新报_01_受理公告或公示版\03_二、建设项目工程分析.md,2,188
E:\华南理工项目\环评文件汇总\01_GitHub项目与研究文档\eia-openclaw-sync-chen2026\05_QA测试集\人工核查_环评报告出处整理_20260715\环评报告文件_按问答顺序\PL167_广东图特精密五金科技股份有限公司智能制造基地建设项目重新报_01_受理公告或公示版.pdf,PL167_广东图特精密五金科技股份有限公司智能制造基地建设项目重新报_01_受理公告或公示版.pdf,.pdf,pdf_pypdf,4,四、主要环境影响和保护措施 ................................ ................................ ................... 84,E:\华南理工项目\环评文件汇总\01_GitHub项目与研究文档\eia-openclaw-sync-chen2026\05_QA测试集\人工核查_环评报告出处整理_20260715\环评报告文件_按正文一级章节拆分_20260727\PL167_广东图特精密五金科技股份有限公司智能制造基地建设项目重新报_01_受理公告或公示版\04_四、主要环境影响和保护措施.md,1,103
E:\华南理工项目\环评文件汇总\01_GitHub项目与研究文档\eia-openclaw-sync-chen2026\05_QA测试集\人工核查_环评报告出处整理_20260715\环评报告文件_按问答顺序\PL167_广东图特精密五金科技股份有限公司智能制造基地建设项目重新报_01_受理公告或公示版.pdf,PL167_广东图特精密五金科技股份有限公司智能制造基地建设项目重新报_01_受理公告或公示版.pdf,.pdf,pdf_pypdf,5,五、环境保护措施监督检查清单 ................................ ................................ ............. 123,E:\华南理工项目\环评文件汇总\01_GitHub项目与研究文档\eia-openclaw-sync-chen2026\05_QA测试集\人工核查_环评报告出处整理_20260715\环评报告文件_按正文一级章节拆分_20260727\PL167_广东图特精密五金科技股份有限公司智能制造基地建设项目重新报_01_受理公告或公示版\05_五、环境保护措施监督检查清单.md,1,99
E:\华南理工项目\环评文件汇总\01_GitHub项目与研究文档\eia-openclaw-sync-chen2026\05_QA测试集\人工核查_环评报告出处整理_20260715\环评报告文件_按问答顺序\PL167_广东图特精密五金科技股份有限公司智能制造基地建设项目重新报_01_受理公告或公示版.pdf,PL167_广东图特精密五金科技股份有限公司智能制造基地建设项目重新报_01_受理公告或公示版.pdf,.pdf,pdf_pypdf,6,六、结论 ................................ ................................ ................................ .................... 126,E:\华南理工项目\环评文件汇总\01_GitHub项目与研究文档\eia-openclaw-sync-chen2026\05_QA测试集\人工核查_环评报告出处整理_20260715\环评报告文件_按正文一级章节拆分_20260727\PL167_广东图特精密五金科技股份有限公司智能制造基地建设项目重新报_01_受理公告或公示版\06_六、结论.md,1,129
E:\华南理工项目\环评文件汇总\01_GitHub项目与研究文档\eia-openclaw-sync-chen2026\05_QA测试集\人工核查_环评报告出处整理_20260715\环评报告文件_按问答顺序\PL167_广东图特精密五金科技股份有限公司智能制造基地建设项目重新报_01_受理公告或公示版.pdf,PL167_广东图特精密五金科技股份有限公司智能制造基地建设项目重新报_01_受理公告或公示版.pdf,.pdf,pdf_pypdf,7,附表附图附件,E:\华南理工项目\环评文件汇总\01_GitHub项目与研究文档\eia-openclaw-sync-chen2026\05_QA测试集\人工核查_环评报告出处整理_20260715\环评报告文件_按正文一级章节拆分_20260727\PL167_广东图特精密五金科技股份有限公司智能制造基地建设项目重新报_01_受理公告或公示版\07_附表附图附件.md,30,2683
E:\华南理工项目\环评文件汇总\01_GitHub项目与研究文档\eia-openclaw-sync-chen2026\05_QA测试集\人工核查_环评报告出处整理_20260715\环评报告文件_按问答顺序\PL167_广东图特精密五金科技股份有限公司智能制造基地建设项目重新报_01_受理公告或公示版.pdf,PL167_广东图特精密五金科技股份有限公司智能制造基地建设项目重新报_01_受理公告或公示版.pdf,.pdf,pdf_pypdf,8,一、建设项目基本情况,E:\华南理工项目\环评文件汇总\01_GitHub项目与研究文档\eia-openclaw-sync-chen2026\05_QA测试集\人工核查_环评报告出处整理_20260715\环评报告文件_按正文一级章节拆分_20260727\PL167_广东图特精密五金科技股份有限公司智能制造基地建设项目重新报_01_受理公告或公示版\08_一、建设项目基本情况.md,1043,13935
E:\华南理工项目\环评文件汇总\01_GitHub项目与研究文档\eia-openclaw-sync-chen2026\05_QA测试集\人工核查_环评报告出处整理_20260715\环评报告文件_按问答顺序\PL167_广东图特精密五金科技股份有限公司智能制造基地建设项目重新报_01_受理公告或公示版.pdf,PL167_广东图特精密五金科技股份有限公司智能制造基地建设项目重新报_01_受理公告或公示版.pdf,.pdf,pdf_pypdf,9,二、建设项目工程分析,E:\华南理工项目\环评文件汇总\01_GitHub项目与研究文档\eia-openclaw-sync-chen2026\05_QA测试集\人工核查_环评报告出处整理_20260715\环评报告文件_按正文一级章节拆分_20260727\PL167_广东图特精密五金科技股份有限公司智能制造基地建设项目重新报_01_受理公告或公示版\09_二、建设项目工程分析.md,2227,45269
E:\华南理工项目\环评文件汇总\01_GitHub项目与研究文档\eia-openclaw-sync-chen2026\05_QA测试集\人工核查_环评报告出处整理_20260715\环评报告文件_按问答顺序\PL167_广东图特精密五金科技股份有限公司智能制造基地建设项目重新报_01_受理公告或公示版.pdf,PL167_广东图特精密五金科技股份有限公司智能制造基地建设项目重新报_01_受理公告或公示版.pdf,.pdf,pdf_pypdf,10,三、区域环境质量现状、环境保护目标及评价标准,E:\华南理工项目\环评文件汇总\01_GitHub项目与研究文档\eia-openclaw-sync-chen2026\05_QA测试集\人工核查_环评报告出处整理_20260715\环评报告文件_按正文一级章节拆分_20260727\PL167_广东图特精密五金科技股份有限公司智能制造基地建设项目重新报_01_受理公告或公示版\10_三、区域环境质量现状、环境保护目标及评价标准.md,547,10311
E:\华南理工项目\环评文件汇总\01_GitHub项目与研究文档\eia-openclaw-sync-chen2026\05_QA测试集\人工核查_环评报告出处整理_20260715\环评报告文件_按问答顺序\PL167_广东图特精密五金科技股份有限公司智能制造基地建设项目重新报_01_受理公告或公示版.pdf,PL167_广东图特精密五金科技股份有限公司智能制造基地建设项目重新报_01_受理公告或公示版.pdf,.pdf,pdf_pypdf,11,四、主要环境影响和保护措施,E:\华南理工项目\环评文件汇总\01_GitHub项目与研究文档\eia-openclaw-sync-chen2026\05_QA测试集\人工核查_环评报告出处整理_20260715\环评报告文件_按正文一级章节拆分_20260727\PL167_广东图特精密五金科技股份有限公司智能制造基地建设项目重新报_01_受理公告或公示版\11_四、主要环境影响和保护措施.md,2036,36845
E:\华南理工项目\环评文件汇总\01_GitHub项目与研究文档\eia-openclaw-sync-chen2026\05_QA测试集\人工核查_环评报告出处整理_20260715\环评报告文件_按问答顺序\PL167_广东图特精密五金科技股份有限公司智能制造基地建设项目重新报_01_受理公告或公示版.pdf,PL167_广东图特精密五金科技股份有限公司智能制造基地建设项目重新报_01_受理公告或公示版.pdf,.pdf,pdf_pypdf,12,五、环境保护措施监督检查清单,E:\华南理工项目\环评文件汇总\01_GitHub项目与研究文档\eia-openclaw-sync-chen2026\05_QA测试集\人工核查_环评报告出处整理_20260715\环评报告文件_按正文一级章节拆分_20260727\PL167_广东图特精密五金科技股份有限公司智能制造基地建设项目重新报_01_受理公告或公示版\12_五、环境保护措施监督检查清单.md,221,3393
E:\华南理工项目\环评文件汇总\01_GitHub项目与研究文档\eia-openclaw-sync-chen2026\05_QA测试集\人工核查_环评报告出处整理_20260715\环评报告文件_按问答顺序\PL167_广东图特精密五金科技股份有限公司智能制造基地建设项目重新报_01_受理公告或公示版.pdf,PL167_广东图特精密五金科技股份有限公司智能制造基地建设项目重新报_01_受理公告或公示版.pdf,.pdf,pdf_pypdf,13,六、结论,E:\华南理工项目\环评文件汇总\01_GitHub项目与研究文档\eia-openclaw-sync-chen2026\05_QA测试集\人工核查_环评报告出处整理_20260715\环评报告文件_按正文一级章节拆分_20260727\PL167_广东图特精密五金科技股份有限公司智能制造基地建设项目重新报_01_受理公告或公示版\13_六、结论.md,8,217
E:\华南理工项目\环评文件汇总\01_GitHub项目与研究文档\eia-openclaw-sync-chen2026\05_QA测试集\人工核查_环评报告出处整理_20260715\环评报告文件_按问答顺序\PL167_广东图特精密五金科技股份有限公司智能制造基地建设项目重新报_01_受理公告或公示版.pdf,PL167_广东图特精密五金科技股份有限公司智能制造基地建设项目重新报_01_受理公告或公示版.pdf,.pdf,pdf_pypdf,14,附表附图附件,E:\华南理工项目\环评文件汇总\01_GitHub项目与研究文档\eia-openclaw-sync-chen2026\05_QA测试集\人工核查_环评报告出处整理_20260715\环评报告文件_按正文一级章节拆分_20260727\PL167_广东图特精密五金科技股份有限公司智能制造基地建设项目重新报_01_受理公告或公示版\14_附表附图附件.md,188,3124
E:\华南理工项目\环评文件汇总\01_GitHub项目与研究文档\eia-openclaw-sync-chen2026\05_QA测试集\人工核查_环评报告出处整理_20260715\环评报告文件_按问答顺序\SC001_128_佛山市全海世家新材料科技有限公司新建项目_01_报批稿或报告表.docx,SC001_128_佛山市全海世家新材料科技有限公司新建项目_01_报批稿或报告表.docx,.docx,docx,1,封面及目录,E:\华南理工项目\环评文件汇总\01_GitHub项目与研究文档\eia-openclaw-sync-chen2026\05_QA测试集\人工核查_环评报告出处整理_20260715\环评报告文件_按正文一级章节拆分_20260727\SC001_128_佛山市全海世家新材料科技有限公司新建项目_01_报批稿或报告表\01_封面及目录.md,13,199
E:\华南理工项目\环评文件汇总\01_GitHub项目与研究文档\eia-openclaw-sync-chen2026\05_QA测试集\人工核查_环评报告出处整理_20260715\环评报告文件_按问答顺序\SC001_128_佛山市全海世家新材料科技有限公司新建项目_01_报批稿或报告表.docx,SC001_128_佛山市全海世家新材料科技有限公司新建项目_01_报批稿或报告表.docx,.docx,docx,2,附表附图附件,E:\华南理工项目\环评文件汇总\01_GitHub项目与研究文档\eia-openclaw-sync-chen2026\05_QA测试集\人工核查_环评报告出处整理_20260715\环评报告文件_按正文一级章节拆分_20260727\SC001_128_佛山市全海世家新材料科技有限公司新建项目_01_报批稿或报告表\02_附表附图附件.md,21,350
E:\华南理工项目\环评文件汇总\01_GitHub项目与研究文档\eia-openclaw-sync-chen2026\05_QA测试集\人工核查_环评报告出处整理_20260715\环评报告文件_按问答顺序\SC001_128_佛山市全海世家新材料科技有限公司新建项目_01_报批稿或报告表.docx,SC001_128_佛山市全海世家新材料科技有限公司新建项目_01_报批稿或报告表.docx,.docx,docx,3,一、建设项目基本情况,E:\华南理工项目\环评文件汇总\01_GitHub项目与研究文档\eia-openclaw-sync-chen2026\05_QA测试集\人工核查_环评报告出处整理_20260715\环评报告文件_按正文一级章节拆分_20260727\SC001_128_佛山市全海世家新材料科技有限公司新建项目_01_报批稿或报告表\03_一、建设项目基本情况.md,18,3593
E:\华南理工项目\环评文件汇总\01_GitHub项目与研究文档\eia-openclaw-sync-chen2026\05_QA测试集\人工核查_环评报告出处整理_20260715\环评报告文件_按问答顺序\SC001_128_佛山市全海世家新材料科技有限公司新建项目_01_报批稿或报告表.docx,SC001_128_佛山市全海世家新材料科技有限公司新建项目_01_报批稿或报告表.docx,.docx,docx,4,二、建设项目工程分析,E:\华南理工项目\环评文件汇总\01_GitHub项目与研究文档\eia-openclaw-sync-chen2026\05_QA测试集\人工核查_环评报告出处整理_20260715\环评报告文件_按正文一级章节拆分_20260727\SC001_128_佛山市全海世家新材料科技有限公司新建项目_01_报批稿或报告表\04_二、建设项目工程分析.md,5,4394
E:\华南理工项目\环评文件汇总\01_GitHub项目与研究文档\eia-openclaw-sync-chen2026\05_QA测试集\人工核查_环评报告出处整理_20260715\环评报告文件_按问答顺序\SC001_128_佛山市全海世家新材料科技有限公司新建项目_01_报批稿或报告表.docx,SC001_128_佛山市全海世家新材料科技有限公司新建项目_01_报批稿或报告表.docx,.docx,docx,5,三、区域环境质量现状、环境保护目标及评价标准,E:\华南理工项目\环评文件汇总\01_GitHub项目与研究文档\eia-openclaw-sync-chen2026\05_QA测试集\人工核查_环评报告出处整理_20260715\环评报告文件_按正文一级章节拆分_20260727\SC001_128_佛山市全海世家新材料科技有限公司新建项目_01_报批稿或报告表\05_三、区域环境质量现状、环境保护目标及评价标准.md,6,2699
E:\华南理工项目\环评文件汇总\01_GitHub项目与研究文档\eia-openclaw-sync-chen2026\05_QA测试集\人工核查_环评报告出处整理_20260715\环评报告文件_按问答顺序\SC001_128_佛山市全海世家新材料科技有限公司新建项目_01_报批稿或报告表.docx,SC001_128_佛山市全海世家新材料科技有限公司新建项目_01_报批稿或报告表.docx,.docx,docx,6,四、主要环境影响和保护措施,E:\华南理工项目\环评文件汇总\01_GitHub项目与研究文档\eia-openclaw-sync-chen2026\05_QA测试集\人工核查_环评报告出处整理_20260715\环评报告文件_按正文一级章节拆分_20260727\SC001_128_佛山市全海世家新材料科技有限公司新建项目_01_报批稿或报告表\06_四、主要环境影响和保护措施.md,2,18064
E:\华南理工项目\环评文件汇总\01_GitHub项目与研究文档\eia-openclaw-sync-chen2026\05_QA测试集\人工核查_环评报告出处整理_20260715\环评报告文件_按问答顺序\SC001_128_佛山市全海世家新材料科技有限公司新建项目_01_报批稿或报告表.docx,SC001_128_佛山市全海世家新材料科技有限公司新建项目_01_报批稿或报告表.docx,.docx,docx,7,五、环境保护措施监督检查清单,E:\华南理工项目\环评文件汇总\01_GitHub项目与研究文档\eia-openclaw-sync-chen2026\05_QA测试集\人工核查_环评报告出处整理_20260715\环评报告文件_按正文一级章节拆分_20260727\SC001_128_佛山市全海世家新材料科技有限公司新建项目_01_报批稿或报告表\07_五、环境保护措施监督检查清单.md,17,4614
E:\华南理工项目\环评文件汇总\01_GitHub项目与研究文档\eia-openclaw-sync-chen2026\05_QA测试集\人工核查_环评报告出处整理_20260715\环评报告文件_按问答顺序\SC001_128_佛山市全海世家新材料科技有限公司新建项目_01_报批稿或报告表.docx,SC001_128_佛山市全海世家新材料科技有限公司新建项目_01_报批稿或报告表.docx,.docx,docx,8,六、结论,E:\华南理工项目\环评文件汇总\01_GitHub项目与研究文档\eia-openclaw-sync-chen2026\05_QA测试集\人工核查_环评报告出处整理_20260715\环评报告文件_按正文一级章节拆分_20260727\SC001_128_佛山市全海世家新材料科技有限公司新建项目_01_报批稿或报告表\08_六、结论.md,3,128
E:\华南理工项目\环评文件汇总\01_GitHub项目与研究文档\eia-openclaw-sync-chen2026\05_QA测试集\人工核查_环评报告出处整理_20260715\环评报告文件_按问答顺序\SC001_128_佛山市全海世家新材料科技有限公司新建项目_01_报批稿或报告表.docx,SC001_128_佛山市全海世家新材料科技有限公司新建项目_01_报批稿或报告表.docx,.docx,docx,9,附表附图附件,E:\华南理工项目\环评文件汇总\01_GitHub项目与研究文档\eia-openclaw-sync-chen2026\05_QA测试集\人工核查_环评报告出处整理_20260715\环评报告文件_按正文一级章节拆分_20260727\SC001_128_佛山市全海世家新材料科技有限公司新建项目_01_报批稿或报告表\09_附表附图附件.md,15,217
E:\华南理工项目\环评文件汇总\01_GitHub项目与研究文档\eia-openclaw-sync-chen2026\05_QA测试集\人工核查_环评报告出处整理_20260715\环评报告文件_按问答顺序\SC002_128_佛山市全海世家新材料科技有限公司新建项目_02_报批稿或报告表.pdf,SC002_128_佛山市全海世家新材料科技有限公司新建项目_02_报批稿或报告表.pdf,.pdf,pdf_pypdf,1,封面及目录,E:\华南理工项目\环评文件汇总\01_GitHub项目与研究文档\eia-openclaw-sync-chen2026\05_QA测试集\人工核查_环评报告出处整理_20260715\环评报告文件_按正文一级章节拆分_20260727\SC002_128_佛山市全海世家新材料科技有限公司新建项目_02_报批稿或报告表\01_封面及目录.md,9,148
E:\华南理工项目\环评文件汇总\01_GitHub项目与研究文档\eia-openclaw-sync-chen2026\05_QA测试集\人工核查_环评报告出处整理_20260715\环评报告文件_按问答顺序\SC002_128_佛山市全海世家新材料科技有限公司新建项目_02_报批稿或报告表.pdf,SC002_128_佛山市全海世家新材料科技有限公司新建项目_02_报批稿或报告表.pdf,.pdf,pdf_pypdf,2,一、建设项目基本情况 ..............................................................................................................................................................1,E:\华南理工项目\环评文件汇总\01_GitHub项目与研究文档\eia-openclaw-sync-chen2026\05_QA测试集\人工核查_环评报告出处整理_20260715\环评报告文件_按正文一级章节拆分_20260727\SC002_128_佛山市全海世家新材料科技有限公司新建项目_02_报批稿或报告表\02_一、建设项目基本情况.md,1,171
E:\华南理工项目\环评文件汇总\01_GitHub项目与研究文档\eia-openclaw-sync-chen2026\05_QA测试集\人工核查_环评报告出处整理_20260715\环评报告文件_按问答顺序\SC002_128_佛山市全海世家新材料科技有限公司新建项目_02_报批稿或报告表.pdf,SC002_128_佛山市全海世家新材料科技有限公司新建项目_02_报批稿或报告表.pdf,.pdf,pdf_pypdf,3,二、建设项目工程分析 ........................................................................................................................................................... 12,E:\华南理工项目\环评文件汇总\01_GitHub项目与研究文档\eia-openclaw-sync-chen2026\05_QA测试集\人工核查_环评报告出处整理_20260715\环评报告文件_按正文一级章节拆分_20260727\SC002_128_佛山市全海世家新材料科技有限公司新建项目_02_报批稿或报告表\03_二、建设项目工程分析.md,2,302
E:\华南理工项目\环评文件汇总\01_GitHub项目与研究文档\eia-openclaw-sync-chen2026\05_QA测试集\人工核查_环评报告出处整理_20260715\环评报告文件_按问答顺序\SC002_128_佛山市全海世家新材料科技有限公司新建项目_02_报批稿或报告表.pdf,SC002_128_佛山市全海世家新材料科技有限公司新建项目_02_报批稿或报告表.pdf,.pdf,pdf_pypdf,4,四、主要环境影响和保护措施 ...............................................................................................................................................29,E:\华南理工项目\环评文件汇总\01_GitHub项目与研究文档\eia-openclaw-sync-chen2026\05_QA测试集\人工核查_环评报告出处整理_20260715\环评报告文件_按正文一级章节拆分_20260727\SC002_128_佛山市全海世家新材料科技有限公司新建项目_02_报批稿或报告表\04_四、主要环境影响和保护措施.md,1,160
E:\华南理工项目\环评文件汇总\01_GitHub项目与研究文档\eia-openclaw-sync-chen2026\05_QA测试集\人工核查_环评报告出处整理_20260715\环评报告文件_按问答顺序\SC002_128_佛山市全海世家新材料科技有限公司新建项目_02_报批稿或报告表.pdf,SC002_128_佛山市全海世家新材料科技有限公司新建项目_02_报批稿或报告表.pdf,.pdf,pdf_pypdf,5,五、环境保护措施监督检查清单 ...........................................................................................................................................70,E:\华南理工项目\环评文件汇总\01_GitHub项目与研究文档\eia-openclaw-sync-chen2026\05_QA测试集\人工核查_环评报告出处整理_20260715\环评报告文件_按正文一级章节拆分_20260727\SC002_128_佛山市全海世家新材料科技有限公司新建项目_02_报批稿或报告表\05_五、环境保护措施监督检查清单.md,1,157
E:\华南理工项目\环评文件汇总\01_GitHub项目与研究文档\eia-openclaw-sync-chen2026\05_QA测试集\人工核查_环评报告出处整理_20260715\环评报告文件_按问答顺序\SC002_128_佛山市全海世家新材料科技有限公司新建项目_02_报批稿或报告表.pdf,SC002_128_佛山市全海世家新材料科技有限公司新建项目_02_报批稿或报告表.pdf,.pdf,pdf_pypdf,6,六、结论 .................................................................................................................................................................................... 72,E:\华南理工项目\环评文件汇总\01_GitHub项目与研究文档\eia-openclaw-sync-chen2026\05_QA测试集\人工核查_环评报告出处整理_20260715\环评报告文件_按正文一级章节拆分_20260727\SC002_128_佛山市全海世家新材料科技有限公司新建项目_02_报批稿或报告表\06_六、结论.md,1,189
E:\华南理工项目\环评文件汇总\01_GitHub项目与研究文档\eia-openclaw-sync-chen2026\05_QA测试集\人工核查_环评报告出处整理_20260715\环评报告文件_按问答顺序\SC002_128_佛山市全海世家新材料科技有限公司新建项目_02_报批稿或报告表.pdf,SC002_128_佛山市全海世家新材料科技有限公司新建项目_02_报批稿或报告表.pdf,.pdf,pdf_pypdf,7,附表附图附件,E:\华南理工项目\环评文件汇总\01_GitHub项目与研究文档\eia-openclaw-sync-chen2026\05_QA测试集\人工核查_环评报告出处整理_20260715\环评报告文件_按正文一级章节拆分_20260727\SC002_128_佛山市全海世家新材料科技有限公司新建项目_02_报批稿或报告表\07_附表附图附件.md,23,3496
E:\华南理工项目\环评文件汇总\01_GitHub项目与研究文档\eia-openclaw-sync-chen2026\05_QA测试集\人工核查_环评报告出处整理_20260715\环评报告文件_按问答顺序\SC002_128_佛山市全海世家新材料科技有限公司新建项目_02_报批稿或报告表.pdf,SC002_128_佛山市全海世家新材料科技有限公司新建项目_02_报批稿或报告表.pdf,.pdf,pdf_pypdf,8,一、建设项目基本情况,E:\华南理工项目\环评文件汇总\01_GitHub项目与研究文档\eia-openclaw-sync-chen2026\05_QA测试集\人工核查_环评报告出处整理_20260715\环评报告文件_按正文一级章节拆分_20260727\SC002_128_佛山市全海世家新材料科技有限公司新建项目_02_报批稿或报告表\08_一、建设项目基本情况.md,739,10551
E:\华南理工项目\环评文件汇总\01_GitHub项目与研究文档\eia-openclaw-sync-chen2026\05_QA测试集\人工核查_环评报告出处整理_20260715\环评报告文件_按问答顺序\SC002_128_佛山市全海世家新材料科技有限公司新建项目_02_报批稿或报告表.pdf,SC002_128_佛山市全海世家新材料科技有限公司新建项目_02_报批稿或报告表.pdf,.pdf,pdf_pypdf,9,二、建设项目工程分析,E:\华南理工项目\环评文件汇总\01_GitHub项目与研究文档\eia-openclaw-sync-chen2026\05_QA测试集\人工核查_环评报告出处整理_20260715\环评报告文件_按正文一级章节拆分_20260727\SC002_128_佛山市全海世家新材料科技有限公司新建项目_02_报批稿或报告表\09_二、建设项目工程分析.md,377,7931
E:\华南理工项目\环评文件汇总\01_GitHub项目与研究文档\eia-openclaw-sync-chen2026\05_QA测试集\人工核查_环评报告出处整理_20260715\环评报告文件_按问答顺序\SC002_128_佛山市全海世家新材料科技有限公司新建项目_02_报批稿或报告表.pdf,SC002_128_佛山市全海世家新材料科技有限公司新建项目_02_报批稿或报告表.pdf,.pdf,pdf_pypdf,10,三、区域环境质量现状、环境保护目标及评价标准,E:\华南理工项目\环评文件汇总\01_GitHub项目与研究文档\eia-openclaw-sync-chen2026\05_QA测试集\人工核查_环评报告出处整理_20260715\环评报告文件_按正文一级章节拆分_20260727\SC002_128_佛山市全海世家新材料科技有限公司新建项目_02_报批稿或报告表\10_三、区域环境质量现状、环境保护目标及评价标准.md,258,4686
E:\华南理工项目\环评文件汇总\01_GitHub项目与研究文档\eia-openclaw-sync-chen2026\05_QA测试集\人工核查_环评报告出处整理_20260715\环评报告文件_按问答顺序\SC002_128_佛山市全海世家新材料科技有限公司新建项目_02_报批稿或报告表.pdf,SC002_128_佛山市全海世家新材料科技有限公司新建项目_02_报批稿或报告表.pdf,.pdf,pdf_pypdf,11,四、主要环境影响和保护措施,E:\华南理工项目\环评文件汇总\01_GitHub项目与研究文档\eia-openclaw-sync-chen2026\05_QA测试集\人工核查_环评报告出处整理_20260715\环评报告文件_按正文一级章节拆分_20260727\SC002_128_佛山市全海世家新材料科技有限公司新建项目_02_报批稿或报告表\11_四、主要环境影响和保护措施.md,2199,32621
E:\华南理工项目\环评文件汇总\01_GitHub项目与研究文档\eia-openclaw-sync-chen2026\05_QA测试集\人工核查_环评报告出处整理_20260715\环评报告文件_按问答顺序\SC002_128_佛山市全海世家新材料科技有限公司新建项目_02_报批稿或报告表.pdf,SC002_128_佛山市全海世家新材料科技有限公司新建项目_02_报批稿或报告表.pdf,.pdf,pdf_pypdf,12,五、环境保护措施监督检查清单,E:\华南理工项目\环评文件汇总\01_GitHub项目与研究文档\eia-openclaw-sync-chen2026\05_QA测试集\人工核查_环评报告出处整理_20260715\环评报告文件_按正文一级章节拆分_20260727\SC002_128_佛山市全海世家新材料科技有限公司新建项目_02_报批稿或报告表\12_五、环境保护措施监督检查清单.md,128,1759
E:\华南理工项目\环评文件汇总\01_GitHub项目与研究文档\eia-openclaw-sync-chen2026\05_QA测试集\人工核查_环评报告出处整理_20260715\环评报告文件_按问答顺序\SC002_128_佛山市全海世家新材料科技有限公司新建项目_02_报批稿或报告表.pdf,SC002_128_佛山市全海世家新材料科技有限公司新建项目_02_报批稿或报告表.pdf,.pdf,pdf_pypdf,13,六、结论,E:\华南理工项目\环评文件汇总\01_GitHub项目与研究文档\eia-openclaw-sync-chen2026\05_QA测试集\人工核查_环评报告出处整理_20260715\环评报告文件_按正文一级章节拆分_20260727\SC002_128_佛山市全海世家新材料科技有限公司新建项目_02_报批稿或报告表\13_六、结论.md,7,143
E:\华南理工项目\环评文件汇总\01_GitHub项目与研究文档\eia-openclaw-sync-chen2026\05_QA测试集\人工核查_环评报告出处整理_20260715\环评报告文件_按问答顺序\SC002_128_佛山市全海世家新材料科技有限公司新建项目_02_报批稿或报告表.pdf,SC002_128_佛山市全海世家新材料科技有限公司新建项目_02_报批稿或报告表.pdf,.pdf,pdf_pypdf,14,附表附图附件,E:\华南理工项目\环评文件汇总\01_GitHub项目与研究文档\eia-openclaw-sync-chen2026\05_QA测试集\人工核查_环评报告出处整理_20260715\环评报告文件_按正文一级章节拆分_20260727\SC002_128_佛山市全海世家新材料科技有限公司新建项目_02_报批稿或报告表\14_附表附图附件.md,182,2317
E:\华南理工项目\环评文件汇总\01_GitHub项目与研究文档\eia-openclaw-sync-chen2026\05_QA测试集\人工核查_环评报告出处整理_20260715\环评报告文件_按问答顺序\SC003_128_佛山市全海世家新材料科技有限公司新建项目_03_报批稿或报告表.pdf,SC003_128_佛山市全海世家新材料科技有限公司新建项目_03_报批稿或报告表.pdf,.pdf,pdf_low_text,1,未识别章节_全文,E:\华南理工项目\环评文件汇总\01_GitHub项目与研究文档\eia-openclaw-sync-chen2026\05_QA测试集\人工核查_环评报告出处整理_20260715\环评报告文件_按正文一级章节拆分_20260727\SC003_128_佛山市全海世家新材料科技有限公司新建项目_03_报批稿或报告表\01_未识别章节_全文.md,2,57
E:\华南理工项目\环评文件汇总\01_GitHub项目与研究文档\eia-openclaw-sync-chen2026\05_QA测试集\人工核查_环评报告出处整理_20260715\环评报告文件_按问答顺序\SC004_129_佛山辰僖塑料有限公司新建项目_01_报批稿或报告表.docx,SC004_129_佛山辰僖塑料有限公司新建项目_01_报批稿或报告表.docx,.docx,timeout_or_failed,0,,E:\华南理工项目\环评文件汇总\01_GitHub项目与研究文档\eia-openclaw-sync-chen2026\05_QA测试集\人工核查_环评报告出处整理_20260715\环评报告文件_按正文一级章节拆分_20260727\SC004_129_佛山辰僖塑料有限公司新建项目_01_报批稿或报告表\00_未完成_处理超时或解析失败.md,2,35
E:\华南理工项目\环评文件汇总\01_GitHub项目与研究文档\eia-openclaw-sync-chen2026\05_QA测试集\人工核查_环评报告出处整理_20260715\环评报告文件_按问答顺序\SC005_129_佛山辰僖塑料有限公司新建项目_02_报批稿或报告表.pdf,SC005_129_佛山辰僖塑料有限公司新建项目_02_报批稿或报告表.pdf,.pdf,pdf_pypdf,1,封面及目录,E:\华南理工项目\环评文件汇总\01_GitHub项目与研究文档\eia-openclaw-sync-chen2026\05_QA测试集\人工核查_环评报告出处整理_20260715\环评报告文件_按正文一级章节拆分_20260727\SC005_129_佛山辰僖塑料有限公司新建项目_02_报批稿或报告表\01_封面及目录.md,2,25
E:\华南理工项目\环评文件汇总\01_GitHub项目与研究文档\eia-openclaw-sync-chen2026\05_QA测试集\人工核查_环评报告出处整理_20260715\环评报告文件_按问答顺序\SC005_129_佛山辰僖塑料有限公司新建项目_02_报批稿或报告表.pdf,SC005_129_佛山辰僖塑料有限公司新建项目_02_报批稿或报告表.pdf,.pdf,pdf_pypdf,2,一、建设项目基本情况 .................................................................................................................... 1,E:\华南理工项目\环评文件汇总\01_GitHub项目与研究文档\eia-openclaw-sync-chen2026\05_QA测试集\人工核查_环评报告出处整理_20260715\环评报告文件_按正文一级章节拆分_20260727\SC005_129_佛山辰僖塑料有限公司新建项目_02_报批稿或报告表\02_一、建设项目基本情况.md,1,130
E:\华南理工项目\环评文件汇总\01_GitHub项目与研究文档\eia-openclaw-sync-chen2026\05_QA测试集\人工核查_环评报告出处整理_20260715\环评报告文件_按问答顺序\SC005_129_佛山辰僖塑料有限公司新建项目_02_报批稿或报告表.pdf,SC005_129_佛山辰僖塑料有限公司新建项目_02_报批稿或报告表.pdf,.pdf,pdf_pypdf,3,二、建设项目工程分析 .................................................................................................................. 12,E:\华南理工项目\环评文件汇总\01_GitHub项目与研究文档\eia-openclaw-sync-chen2026\05_QA测试集\人工核查_环评报告出处整理_20260715\环评报告文件_按正文一级章节拆分_20260727\SC005_129_佛山辰僖塑料有限公司新建项目_02_报批稿或报告表\03_二、建设项目工程分析.md,2,221
E:\华南理工项目\环评文件汇总\01_GitHub项目与研究文档\eia-openclaw-sync-chen2026\05_QA测试集\人工核查_环评报告出处整理_20260715\环评报告文件_按问答顺序\SC005_129_佛山辰僖塑料有限公司新建项目_02_报批稿或报告表.pdf,SC005_129_佛山辰僖塑料有限公司新建项目_02_报批稿或报告表.pdf,.pdf,pdf_pypdf,4,四、主要环境影响和保护措施 ...................................................................................................... 30,E:\华南理工项目\环评文件汇总\01_GitHub项目与研究文档\eia-openclaw-sync-chen2026\05_QA测试集\人工核查_环评报告出处整理_20260715\环评报告文件_按正文一级章节拆分_20260727\SC005_129_佛山辰僖塑料有限公司新建项目_02_报批稿或报告表\04_四、主要环境影响和保护措施.md,1,120
E:\华南理工项目\环评文件汇总\01_GitHub项目与研究文档\eia-openclaw-sync-chen2026\05_QA测试集\人工核查_环评报告出处整理_20260715\环评报告文件_按问答顺序\SC005_129_佛山辰僖塑料有限公司新建项目_02_报批稿或报告表.pdf,SC005_129_佛山辰僖塑料有限公司新建项目_02_报批稿或报告表.pdf,.pdf,pdf_pypdf,5,五、环境保护措施监督检查清单 .................................................................................................. 58,E:\华南理工项目\环评文件汇总\01_GitHub项目与研究文档\eia-openclaw-sync-chen2026\05_QA测试集\人工核查_环评报告出处整理_20260715\环评报告文件_按正文一级章节拆分_20260727\SC005_129_佛山辰僖塑料有限公司新建项目_02_报批稿或报告表\05_五、环境保护措施监督检查清单.md,1,117
E:\华南理工项目\环评文件汇总\01_GitHub项目与研究文档\eia-openclaw-sync-chen2026\05_QA测试集\人工核查_环评报告出处整理_20260715\环评报告文件_按问答顺序\SC005_129_佛山辰僖塑料有限公司新建项目_02_报批稿或报告表.pdf,SC005_129_佛山辰僖塑料有限公司新建项目_02_报批稿或报告表.pdf,.pdf,pdf_pypdf,6,六、结论 ...........................................................................................................................................62,E:\华南理工项目\环评文件汇总\01_GitHub项目与研究文档\eia-openclaw-sync-chen2026\05_QA测试集\人工核查_环评报告出处整理_20260715\环评报告文件_按正文一级章节拆分_20260727\SC005_129_佛山辰僖塑料有限公司新建项目_02_报批稿或报告表\06_六、结论.md,1,147
E:\华南理工项目\环评文件汇总\01_GitHub项目与研究文档\eia-openclaw-sync-chen2026\05_QA测试集\人工核查_环评报告出处整理_20260715\环评报告文件_按问答顺序\SC005_129_佛山辰僖塑料有限公司新建项目_02_报批稿或报告表.pdf,SC005_129_佛山辰僖塑料有限公司新建项目_02_报批稿或报告表.pdf,.pdf,pdf_pypdf,7,附表附图附件,E:\华南理工项目\环评文件汇总\01_GitHub项目与研究文档\eia-openclaw-sync-chen2026\05_QA测试集\人工核查_环评报告出处整理_20260715\环评报告文件_按正文一级章节拆分_20260727\SC005_129_佛山辰僖塑料有限公司新建项目_02_报批稿或报告表\07_附表附图附件.md,25,530
E:\华南理工项目\环评文件汇总\01_GitHub项目与研究文档\eia-openclaw-sync-chen2026\05_QA测试集\人工核查_环评报告出处整理_20260715\环评报告文件_按问答顺序\SC005_129_佛山辰僖塑料有限公司新建项目_02_报批稿或报告表.pdf,SC005_129_佛山辰僖塑料有限公司新建项目_02_报批稿或报告表.pdf,.pdf,pdf_pypdf,8,一、建设项目基本情况,E:\华南理工项目\环评文件汇总\01_GitHub项目与研究文档\eia-openclaw-sync-chen2026\05_QA测试集\人工核查_环评报告出处整理_20260715\环评报告文件_按正文一级章节拆分_20260727\SC005_129_佛山辰僖塑料有限公司新建项目_02_报批稿或报告表\08_一、建设项目基本情况.md,951,15483
E:\华南理工项目\环评文件汇总\01_GitHub项目与研究文档\eia-openclaw-sync-chen2026\05_QA测试集\人工核查_环评报告出处整理_20260715\环评报告文件_按问答顺序\SC005_129_佛山辰僖塑料有限公司新建项目_02_报批稿或报告表.pdf,SC005_129_佛山辰僖塑料有限公司新建项目_02_报批稿或报告表.pdf,.pdf,pdf_pypdf,9,二、建设项目工程分析,E:\华南理工项目\环评文件汇总\01_GitHub项目与研究文档\eia-openclaw-sync-chen2026\05_QA测试集\人工核查_环评报告出处整理_20260715\环评报告文件_按正文一级章节拆分_20260727\SC005_129_佛山辰僖塑料有限公司新建项目_02_报批稿或报告表\09_二、建设项目工程分析.md,554,11181
E:\华南理工项目\环评文件汇总\01_GitHub项目与研究文档\eia-openclaw-sync-chen2026\05_QA测试集\人工核查_环评报告出处整理_20260715\环评报告文件_按问答顺序\SC005_129_佛山辰僖塑料有限公司新建项目_02_报批稿或报告表.pdf,SC005_129_佛山辰僖塑料有限公司新建项目_02_报批稿或报告表.pdf,.pdf,pdf_pypdf,10,三、区域环境质量现状、环境保护目标及评价标准,E:\华南理工项目\环评文件汇总\01_GitHub项目与研究文档\eia-openclaw-sync-chen2026\05_QA测试集\人工核查_环评报告出处整理_20260715\环评报告文件_按正文一级章节拆分_20260727\SC005_129_佛山辰僖塑料有限公司新建项目_02_报批稿或报告表\10_三、区域环境质量现状、环境保护目标及评价标准.md,294,6615
E:\华南理工项目\环评文件汇总\01_GitHub项目与研究文档\eia-openclaw-sync-chen2026\05_QA测试集\人工核查_环评报告出处整理_20260715\环评报告文件_按问答顺序\SC005_129_佛山辰僖塑料有限公司新建项目_02_报批稿或报告表.pdf,SC005_129_佛山辰僖塑料有限公司新建项目_02_报批稿或报告表.pdf,.pdf,pdf_pypdf,11,四、主要环境影响和保护措施,E:\华南理工项目\环评文件汇总\01_GitHub项目与研究文档\eia-openclaw-sync-chen2026\05_QA测试集\人工核查_环评报告出处整理_20260715\环评报告文件_按正文一级章节拆分_20260727\SC005_129_佛山辰僖塑料有限公司新建项目_02_报批稿或报告表\11_四、主要环境影响和保护措施.md,1924,30741
E:\华南理工项目\环评文件汇总\01_GitHub项目与研究文档\eia-openclaw-sync-chen2026\05_QA测试集\人工核查_环评报告出处整理_20260715\环评报告文件_按问答顺序\SC005_129_佛山辰僖塑料有限公司新建项目_02_报批稿或报告表.pdf,SC005_129_佛山辰僖塑料有限公司新建项目_02_报批稿或报告表.pdf,.pdf,pdf_pypdf,12,五、环境保护措施监督检查清单,E:\华南理工项目\环评文件汇总\01_GitHub项目与研究文档\eia-openclaw-sync-chen2026\05_QA测试集\人工核查_环评报告出处整理_20260715\环评报告文件_按正文一级章节拆分_20260727\SC005_129_佛山辰僖塑料有限公司新建项目_02_报批稿或报告表\12_五、环境保护措施监督检查清单.md,185,3224
E:\华南理工项目\环评文件汇总\01_GitHub项目与研究文档\eia-openclaw-sync-chen2026\05_QA测试集\人工核查_环评报告出处整理_20260715\环评报告文件_按问答顺序\SC005_129_佛山辰僖塑料有限公司新建项目_02_报批稿或报告表.pdf,SC005_129_佛山辰僖塑料有限公司新建项目_02_报批稿或报告表.pdf,.pdf,pdf_pypdf,13,六、结论,E:\华南理工项目\环评文件汇总\01_GitHub项目与研究文档\eia-openclaw-sync-chen2026\05_QA测试集\人工核查_环评报告出处整理_20260715\环评报告文件_按正文一级章节拆分_20260727\SC005_129_佛山辰僖塑料有限公司新建项目_02_报批稿或报告表\13_六、结论.md,7,197
E:\华南理工项目\环评文件汇总\01_GitHub项目与研究文档\eia-openclaw-sync-chen2026\05_QA测试集\人工核查_环评报告出处整理_20260715\环评报告文件_按问答顺序\SC005_129_佛山辰僖塑料有限公司新建项目_02_报批稿或报告表.pdf,SC005_129_佛山辰僖塑料有限公司新建项目_02_报批稿或报告表.pdf,.pdf,pdf_pypdf,14,附表附图附件,E:\华南理工项目\环评文件汇总\01_GitHub项目与研究文档\eia-openclaw-sync-chen2026\05_QA测试集\人工核查_环评报告出处整理_20260715\环评报告文件_按正文一级章节拆分_20260727\SC005_129_佛山辰僖塑料有限公司新建项目_02_报批稿或报告表\14_附表附图附件.md,120,2030
E:\华南理工项目\环评文件汇总\01_GitHub项目与研究文档\eia-openclaw-sync-chen2026\05_QA测试集\人工核查_环评报告出处整理_20260715\环评报告文件_按问答顺序\SC006_129_佛山辰僖塑料有限公司新建项目_03_报批稿或报告表.docx,SC006_129_佛山辰僖塑料有限公司新建项目_03_报批稿或报告表.docx,.docx,docx,1,封面及目录,E:\华南理工项目\环评文件汇总\01_GitHub项目与研究文档\eia-openclaw-sync-chen2026\05_QA测试集\人工核查_环评报告出处整理_20260715\环评报告文件_按正文一级章节拆分_20260727\SC006_129_佛山辰僖塑料有限公司新建项目_03_报批稿或报告表\01_封面及目录.md,2,1452
E:\华南理工项目\环评文件汇总\01_GitHub项目与研究文档\eia-openclaw-sync-chen2026\05_QA测试集\人工核查_环评报告出处整理_20260715\环评报告文件_按问答顺序\SC006_129_佛山辰僖塑料有限公司新建项目_03_报批稿或报告表.docx,SC006_129_佛山辰僖塑料有限公司新建项目_03_报批稿或报告表.docx,.docx,docx,2,一、项目概况,E:\华南理工项目\环评文件汇总\01_GitHub项目与研究文档\eia-openclaw-sync-chen2026\05_QA测试集\人工核查_环评报告出处整理_20260715\环评报告文件_按正文一级章节拆分_20260727\SC006_129_佛山辰僖塑料有限公司新建项目_03_报批稿或报告表\02_一、项目概况.md,24,1601
E:\华南理工项目\环评文件汇总\01_GitHub项目与研究文档\eia-openclaw-sync-chen2026\05_QA测试集\人工核查_环评报告出处整理_20260715\环评报告文件_按问答顺序\SC007_129_佛山辰僖塑料有限公司新建项目_04_报批稿或报告表.pdf,SC007_129_佛山辰僖塑料有限公司新建项目_04_报批稿或报告表.pdf,.pdf,pdf_low_text,1,未识别章节_全文,E:\华南理工项目\环评文件汇总\01_GitHub项目与研究文档\eia-openclaw-sync-chen2026\05_QA测试集\人工核查_环评报告出处整理_20260715\环评报告文件_按正文一级章节拆分_20260727\SC007_129_佛山辰僖塑料有限公司新建项目_04_报批稿或报告表\01_未识别章节_全文.md,2,57
E:\华南理工项目\环评文件汇总\01_GitHub项目与研究文档\eia-openclaw-sync-chen2026\05_QA测试集\人工核查_环评报告出处整理_20260715\环评报告文件_按问答顺序\SC008_130_和默化学(佛山)有限公司新建项目_01_报批稿或报告表.docx,SC008_130_和默化学(佛山)有限公司新建项目_01_报批稿或报告表.docx,.docx,docx,1,封面及目录,E:\华南理工项目\环评文件汇总\01_GitHub项目与研究文档\eia-openclaw-sync-chen2026\05_QA测试集\人工核查_环评报告出处整理_20260715\环评报告文件_按正文一级章节拆分_20260727\SC008_130_和默化学(佛山)有限公司新建项目_01_报批稿或报告表\01_封面及目录.md,8,113
E:\华南理工项目\环评文件汇总\01_GitHub项目与研究文档\eia-openclaw-sync-chen2026\05_QA测试集\人工核查_环评报告出处整理_20260715\环评报告文件_按问答顺序\SC008_130_和默化学(佛山)有限公司新建项目_01_报批稿或报告表.docx,SC008_130_和默化学(佛山)有限公司新建项目_01_报批稿或报告表.docx,.docx,docx,2,附表附图附件,E:\华南理工项目\环评文件汇总\01_GitHub项目与研究文档\eia-openclaw-sync-chen2026\05_QA测试集\人工核查_环评报告出处整理_20260715\环评报告文件_按正文一级章节拆分_20260727\SC008_130_和默化学(佛山)有限公司新建项目_01_报批稿或报告表\02_附表附图附件.md,20,267
E:\华南理工项目\环评文件汇总\01_GitHub项目与研究文档\eia-openclaw-sync-chen2026\05_QA测试集\人工核查_环评报告出处整理_20260715\环评报告文件_按问答顺序\SC008_130_和默化学(佛山)有限公司新建项目_01_报批稿或报告表.docx,SC008_130_和默化学(佛山)有限公司新建项目_01_报批稿或报告表.docx,.docx,docx,3,一、建设项目基本情况,E:\华南理工项目\环评文件汇总\01_GitHub项目与研究文档\eia-openclaw-sync-chen2026\05_QA测试集\人工核查_环评报告出处整理_20260715\环评报告文件_按正文一级章节拆分_20260727\SC008_130_和默化学(佛山)有限公司新建项目_01_报批稿或报告表\03_一、建设项目基本情况.md,18,8567
E:\华南理工项目\环评文件汇总\01_GitHub项目与研究文档\eia-openclaw-sync-chen2026\05_QA测试集\人工核查_环评报告出处整理_20260715\环评报告文件_按问答顺序\SC008_130_和默化学(佛山)有限公司新建项目_01_报批稿或报告表.docx,SC008_130_和默化学(佛山)有限公司新建项目_01_报批稿或报告表.docx,.docx,docx,4,二、建设项目工程分析,E:\华南理工项目\环评文件汇总\01_GitHub项目与研究文档\eia-openclaw-sync-chen2026\05_QA测试集\人工核查_环评报告出处整理_20260715\环评报告文件_按正文一级章节拆分_20260727\SC008_130_和默化学(佛山)有限公司新建项目_01_报批稿或报告表\04_二、建设项目工程分析.md,4,4846
E:\华南理工项目\环评文件汇总\01_GitHub项目与研究文档\eia-openclaw-sync-chen2026\05_QA测试集\人工核查_环评报告出处整理_20260715\环评报告文件_按问答顺序\SC008_130_和默化学(佛山)有限公司新建项目_01_报批稿或报告表.docx,SC008_130_和默化学(佛山)有限公司新建项目_01_报批稿或报告表.docx,.docx,docx,5,三、区域环境质量现状、环境保护目标及评价标准,E:\华南理工项目\环评文件汇总\01_GitHub项目与研究文档\eia-openclaw-sync-chen2026\05_QA测试集\人工核查_环评报告出处整理_20260715\环评报告文件_按正文一级章节拆分_20260727\SC008_130_和默化学(佛山)有限公司新建项目_01_报批稿或报告表\05_三、区域环境质量现状、环境保护目标及评价标准.md,6,4260
E:\华南理工项目\环评文件汇总\01_GitHub项目与研究文档\eia-openclaw-sync-chen2026\05_QA测试集\人工核查_环评报告出处整理_20260715\环评报告文件_按问答顺序\SC008_130_和默化学(佛山)有限公司新建项目_01_报批稿或报告表.docx,SC008_130_和默化学(佛山)有限公司新建项目_01_报批稿或报告表.docx,.docx,docx,6,四、主要环境影响和保护措施,E:\华南理工项目\环评文件汇总\01_GitHub项目与研究文档\eia-openclaw-sync-chen2026\05_QA测试集\人工核查_环评报告出处整理_20260715\环评报告文件_按正文一级章节拆分_20260727\SC008_130_和默化学(佛山)有限公司新建项目_01_报批稿或报告表\06_四、主要环境影响和保护措施.md,2,14672
E:\华南理工项目\环评文件汇总\01_GitHub项目与研究文档\eia-openclaw-sync-chen2026\05_QA测试集\人工核查_环评报告出处整理_20260715\环评报告文件_按问答顺序\SC008_130_和默化学(佛山)有限公司新建项目_01_报批稿或报告表.docx,SC008_130_和默化学(佛山)有限公司新建项目_01_报批稿或报告表.docx,.docx,docx,7,五、环境保护措施监督检查清单,E:\华南理工项目\环评文件汇总\01_GitHub项目与研究文档\eia-openclaw-sync-chen2026\05_QA测试集\人工核查_环评报告出处整理_20260715\环评报告文件_按正文一级章节拆分_20260727\SC008_130_和默化学(佛山)有限公司新建项目_01_报批稿或报告表\07_五、环境保护措施监督检查清单.md,30,8280
E:\华南理工项目\环评文件汇总\01_GitHub项目与研究文档\eia-openclaw-sync-chen2026\05_QA测试集\人工核查_环评报告出处整理_20260715\环评报告文件_按问答顺序\SC008_130_和默化学(佛山)有限公司新建项目_01_报批稿或报告表.docx,SC008_130_和默化学(佛山)有限公司新建项目_01_报批稿或报告表.docx,.docx,docx,8,六、结论,E:\华南理工项目\环评文件汇总\01_GitHub项目与研究文档\eia-openclaw-sync-chen2026\05_QA测试集\人工核查_环评报告出处整理_20260715\环评报告文件_按正文一级章节拆分_20260727\SC008_130_和默化学(佛山)有限公司新建项目_01_报批稿或报告表\08_六、结论.md,3,147
E:\华南理工项目\环评文件汇总\01_GitHub项目与研究文档\eia-openclaw-sync-chen2026\05_QA测试集\人工核查_环评报告出处整理_20260715\环评报告文件_按问答顺序\SC008_130_和默化学(佛山)有限公司新建项目_01_报批稿或报告表.docx,SC008_130_和默化学(佛山)有限公司新建项目_01_报批稿或报告表.docx,.docx,docx,9,附表附图附件,E:\华南理工项目\环评文件汇总\01_GitHub项目与研究文档\eia-openclaw-sync-chen2026\05_QA测试集\人工核查_环评报告出处整理_20260715\环评报告文件_按正文一级章节拆分_20260727\SC008_130_和默化学(佛山)有限公司新建项目_01_报批稿或报告表\09_附表附图附件.md,24,346
E:\华南理工项目\环评文件汇总\01_GitHub项目与研究文档\eia-openclaw-sync-chen2026\05_QA测试集\人工核查_环评报告出处整理_20260715\环评报告文件_按问答顺序\SC009_130_和默化学(佛山)有限公司新建项目_02_报批稿或报告表.pdf,SC009_130_和默化学(佛山)有限公司新建项目_02_报批稿或报告表.pdf,.pdf,pdf_pypdf,1,封面及目录,E:\华南理工项目\环评文件汇总\01_GitHub项目与研究文档\eia-openclaw-sync-chen2026\05_QA测试集\人工核查_环评报告出处整理_20260715\环评报告文件_按正文一级章节拆分_20260727\SC009_130_和默化学(佛山)有限公司新建项目_02_报批稿或报告表\01_封面及目录.md,2,24
E:\华南理工项目\环评文件汇总\01_GitHub项目与研究文档\eia-openclaw-sync-chen2026\05_QA测试集\人工核查_环评报告出处整理_20260715\环评报告文件_按问答顺序\SC009_130_和默化学(佛山)有限公司新建项目_02_报批稿或报告表.pdf,SC009_130_和默化学(佛山)有限公司新建项目_02_报批稿或报告表.pdf,.pdf,pdf_pypdf,2,一、建设项目基本情况 ......................................................1,E:\华南理工项目\环评文件汇总\01_GitHub项目与研究文档\eia-openclaw-sync-chen2026\05_QA测试集\人工核查_环评报告出处整理_20260715\环评报告文件_按正文一级章节拆分_20260727\SC009_130_和默化学(佛山)有限公司新建项目_02_报批稿或报告表\02_一、建设项目基本情况.md,1,67
E:\华南理工项目\环评文件汇总\01_GitHub项目与研究文档\eia-openclaw-sync-chen2026\05_QA测试集\人工核查_环评报告出处整理_20260715\环评报告文件_按问答顺序\SC009_130_和默化学(佛山)有限公司新建项目_02_报批稿或报告表.pdf,SC009_130_和默化学(佛山)有限公司新建项目_02_报批稿或报告表.pdf,.pdf,pdf_pypdf,3,二、建设项目工程分析 .....................................................13,E:\华南理工项目\环评文件汇总\01_GitHub项目与研究文档\eia-openclaw-sync-chen2026\05_QA测试集\人工核查_环评报告出处整理_20260715\环评报告文件_按正文一级章节拆分_20260727\SC009_130_和默化学(佛山)有限公司新建项目_02_报批稿或报告表\03_二、建设项目工程分析.md,2,122
E:\华南理工项目\环评文件汇总\01_GitHub项目与研究文档\eia-openclaw-sync-chen2026\05_QA测试集\人工核查_环评报告出处整理_20260715\环评报告文件_按问答顺序\SC009_130_和默化学(佛山)有限公司新建项目_02_报批稿或报告表.pdf,SC009_130_和默化学(佛山)有限公司新建项目_02_报批稿或报告表.pdf,.pdf,pdf_pypdf,4,四、主要环境影响和保护措施 .............................................. 31,E:\华南理工项目\环评文件汇总\01_GitHub项目与研究文档\eia-openclaw-sync-chen2026\05_QA测试集\人工核查_环评报告出处整理_20260715\环评报告文件_按正文一级章节拆分_20260727\SC009_130_和默化学(佛山)有限公司新建项目_02_报批稿或报告表\04_四、主要环境影响和保护措施.md,1,64
E:\华南理工项目\环评文件汇总\01_GitHub项目与研究文档\eia-openclaw-sync-chen2026\05_QA测试集\人工核查_环评报告出处整理_20260715\环评报告文件_按问答顺序\SC009_130_和默化学(佛山)有限公司新建项目_02_报批稿或报告表.pdf,SC009_130_和默化学(佛山)有限公司新建项目_02_报批稿或报告表.pdf,.pdf,pdf_pypdf,5,五、环境保护措施监督检查清单 ............................................ 56,E:\华南理工项目\环评文件汇总\01_GitHub项目与研究文档\eia-openclaw-sync-chen2026\05_QA测试集\人工核查_环评报告出处整理_20260715\环评报告文件_按正文一级章节拆分_20260727\SC009_130_和默化学(佛山)有限公司新建项目_02_报批稿或报告表\05_五、环境保护措施监督检查清单.md,1,63
E:\华南理工项目\环评文件汇总\01_GitHub项目与研究文档\eia-openclaw-sync-chen2026\05_QA测试集\人工核查_环评报告出处整理_20260715\环评报告文件_按问答顺序\SC009_130_和默化学(佛山)有限公司新建项目_02_报批稿或报告表.pdf,SC009_130_和默化学(佛山)有限公司新建项目_02_报批稿或报告表.pdf,.pdf,pdf_pypdf,6,六、结论 .................................................................59,E:\华南理工项目\环评文件汇总\01_GitHub项目与研究文档\eia-openclaw-sync-chen2026\05_QA测试集\人工核查_环评报告出处整理_20260715\环评报告文件_按正文一级章节拆分_20260727\SC009_130_和默化学(佛山)有限公司新建项目_02_报批稿或报告表\06_六、结论.md,2,87
E:\华南理工项目\环评文件汇总\01_GitHub项目与研究文档\eia-openclaw-sync-chen2026\05_QA测试集\人工核查_环评报告出处整理_20260715\环评报告文件_按问答顺序\SC009_130_和默化学(佛山)有限公司新建项目_02_报批稿或报告表.pdf,SC009_130_和默化学(佛山)有限公司新建项目_02_报批稿或报告表.pdf,.pdf,pdf_pypdf,7,附表附图附件,E:\华南理工项目\环评文件汇总\01_GitHub项目与研究文档\eia-openclaw-sync-chen2026\05_QA测试集\人工核查_环评报告出处整理_20260715\环评报告文件_按正文一级章节拆分_20260727\SC009_130_和默化学(佛山)有限公司新建项目_02_报批稿或报告表\07_附表附图附件.md,22,312
E:\华南理工项目\环评文件汇总\01_GitHub项目与研究文档\eia-openclaw-sync-chen2026\05_QA测试集\人工核查_环评报告出处整理_20260715\环评报告文件_按问答顺序\SC009_130_和默化学(佛山)有限公司新建项目_02_报批稿或报告表.pdf,SC009_130_和默化学(佛山)有限公司新建项目_02_报批稿或报告表.pdf,.pdf,pdf_pypdf,8,一、建设项目基本情况,E:\华南理工项目\环评文件汇总\01_GitHub项目与研究文档\eia-openclaw-sync-chen2026\05_QA测试集\人工核查_环评报告出处整理_20260715\环评报告文件_按正文一级章节拆分_20260727\SC009_130_和默化学(佛山)有限公司新建项目_02_报批稿或报告表\08_一、建设项目基本情况.md,322,4993
E:\华南理工项目\环评文件汇总\01_GitHub项目与研究文档\eia-openclaw-sync-chen2026\05_QA测试集\人工核查_环评报告出处整理_20260715\环评报告文件_按问答顺序\SC009_130_和默化学(佛山)有限公司新建项目_02_报批稿或报告表.pdf,SC009_130_和默化学(佛山)有限公司新建项目_02_报批稿或报告表.pdf,.pdf,pdf_pypdf,9,附表附图附件,E:\华南理工项目\环评文件汇总\01_GitHub项目与研究文档\eia-openclaw-sync-chen2026\05_QA测试集\人工核查_环评报告出处整理_20260715\环评报告文件_按正文一级章节拆分_20260727\SC009_130_和默化学(佛山)有限公司新建项目_02_报批稿或报告表\09_附表附图附件.md,599,10565
E:\华南理工项目\环评文件汇总\01_GitHub项目与研究文档\eia-openclaw-sync-chen2026\05_QA测试集\人工核查_环评报告出处整理_20260715\环评报告文件_按问答顺序\SC009_130_和默化学(佛山)有限公司新建项目_02_报批稿或报告表.pdf,SC009_130_和默化学(佛山)有限公司新建项目_02_报批稿或报告表.pdf,.pdf,pdf_pypdf,10,二、建设项目工程分析,E:\华南理工项目\环评文件汇总\01_GitHub项目与研究文档\eia-openclaw-sync-chen2026\05_QA测试集\人工核查_环评报告出处整理_20260715\环评报告文件_按正文一级章节拆分_20260727\SC009_130_和默化学(佛山)有限公司新建项目_02_报批稿或报告表\10_二、建设项目工程分析.md,600,11886
E:\华南理工项目\环评文件汇总\01_GitHub项目与研究文档\eia-openclaw-sync-chen2026\05_QA测试集\人工核查_环评报告出处整理_20260715\环评报告文件_按问答顺序\SC009_130_和默化学(佛山)有限公司新建项目_02_报批稿或报告表.pdf,SC009_130_和默化学(佛山)有限公司新建项目_02_报批稿或报告表.pdf,.pdf,pdf_pypdf,11,三、区域环境质量现状、环境保护目标及评价标准,E:\华南理工项目\环评文件汇总\01_GitHub项目与研究文档\eia-openclaw-sync-chen2026\05_QA测试集\人工核查_环评报告出处整理_20260715\环评报告文件_按正文一级章节拆分_20260727\SC009_130_和默化学(佛山)有限公司新建项目_02_报批稿或报告表\11_三、区域环境质量现状、环境保护目标及评价标准.md,277,5936
E:\华南理工项目\环评文件汇总\01_GitHub项目与研究文档\eia-openclaw-sync-chen2026\05_QA测试集\人工核查_环评报告出处整理_20260715\环评报告文件_按问答顺序\SC009_130_和默化学(佛山)有限公司新建项目_02_报批稿或报告表.pdf,SC009_130_和默化学(佛山)有限公司新建项目_02_报批稿或报告表.pdf,.pdf,pdf_pypdf,12,四、主要环境影响和保护措施,E:\华南理工项目\环评文件汇总\01_GitHub项目与研究文档\eia-openclaw-sync-chen2026\05_QA测试集\人工核查_环评报告出处整理_20260715\环评报告文件_按正文一级章节拆分_20260727\SC009_130_和默化学(佛山)有限公司新建项目_02_报批稿或报告表\12_四、主要环境影响和保护措施.md,1588,29678
E:\华南理工项目\环评文件汇总\01_GitHub项目与研究文档\eia-openclaw-sync-chen2026\05_QA测试集\人工核查_环评报告出处整理_20260715\环评报告文件_按问答顺序\SC009_130_和默化学(佛山)有限公司新建项目_02_报批稿或报告表.pdf,SC009_130_和默化学(佛山)有限公司新建项目_02_报批稿或报告表.pdf,.pdf,pdf_pypdf,13,五、环境保护措施监督检查清单,E:\华南理工项目\环评文件汇总\01_GitHub项目与研究文档\eia-openclaw-sync-chen2026\05_QA测试集\人工核查_环评报告出处整理_20260715\环评报告文件_按正文一级章节拆分_20260727\SC009_130_和默化学(佛山)有限公司新建项目_02_报批稿或报告表\13_五、环境保护措施监督检查清单.md,204,2655
E:\华南理工项目\环评文件汇总\01_GitHub项目与研究文档\eia-openclaw-sync-chen2026\05_QA测试集\人工核查_环评报告出处整理_20260715\环评报告文件_按问答顺序\SC009_130_和默化学(佛山)有限公司新建项目_02_报批稿或报告表.pdf,SC009_130_和默化学(佛山)有限公司新建项目_02_报批稿或报告表.pdf,.pdf,pdf_pypdf,14,六、结论,E:\华南理工项目\环评文件汇总\01_GitHub项目与研究文档\eia-openclaw-sync-chen2026\05_QA测试集\人工核查_环评报告出处整理_20260715\环评报告文件_按正文一级章节拆分_20260727\SC009_130_和默化学(佛山)有限公司新建项目_02_报批稿或报告表\14_六、结论.md,6,160
E:\华南理工项目\环评文件汇总\01_GitHub项目与研究文档\eia-openclaw-sync-chen2026\05_QA测试集\人工核查_环评报告出处整理_20260715\环评报告文件_按问答顺序\SC009_130_和默化学(佛山)有限公司新建项目_02_报批稿或报告表.pdf,SC009_130_和默化学(佛山)有限公司新建项目_02_报批稿或报告表.pdf,.pdf,pdf_pypdf,15,附表附图附件,E:\华南理工项目\环评文件汇总\01_GitHub项目与研究文档\eia-openclaw-sync-chen2026\05_QA测试集\人工核查_环评报告出处整理_20260715\环评报告文件_按正文一级章节拆分_20260727\SC009_130_和默化学(佛山)有限公司新建项目_02_报批稿或报告表\15_附表附图附件.md,122,2121
E:\华南理工项目\环评文件汇总\01_GitHub项目与研究文档\eia-openclaw-sync-chen2026\05_QA测试集\人工核查_环评报告出处整理_20260715\环评报告文件_按问答顺序\SC010_130_和默化学(佛山)有限公司新建项目_03_报批稿或报告表.pdf,SC010_130_和默化学(佛山)有限公司新建项目_03_报批稿或报告表.pdf,.pdf,pdf_low_text,1,未识别章节_全文,E:\华南理工项目\环评文件汇总\01_GitHub项目与研究文档\eia-openclaw-sync-chen2026\05_QA测试集\人工核查_环评报告出处整理_20260715\环评报告文件_按正文一级章节拆分_20260727\SC010_130_和默化学(佛山)有限公司新建项目_03_报批稿或报告表\01_未识别章节_全文.md,2,57
E:\华南理工项目\环评文件汇总\01_GitHub项目与研究文档\eia-openclaw-sync-chen2026\05_QA测试集\人工核查_环评报告出处整理_20260715\环评报告文件_按问答顺序\SC011_131_佛山市彩川合成材料有限公司新建项目_01_报批稿或报告表.docx,SC011_131_佛山市彩川合成材料有限公司新建项目_01_报批稿或报告表.docx,.docx,docx,1,未识别章节_全文,E:\华南理工项目\环评文件汇总\01_GitHub项目与研究文档\eia-openclaw-sync-chen2026\05_QA测试集\人工核查_环评报告出处整理_20260715\环评报告文件_按正文一级章节拆分_20260727\SC011_131_佛山市彩川合成材料有限公司新建项目_01_报批稿或报告表\01_未识别章节_全文.md,12,1000
E:\华南理工项目\环评文件汇总\01_GitHub项目与研究文档\eia-openclaw-sync-chen2026\05_QA测试集\人工核查_环评报告出处整理_20260715\环评报告文件_按问答顺序\SC012_131_佛山市彩川合成材料有限公司新建项目_02_报批稿或报告表.pdf,SC012_131_佛山市彩川合成材料有限公司新建项目_02_报批稿或报告表.pdf,.pdf,pdf_pypdf,1,封面及目录,E:\华南理工项目\环评文件汇总\01_GitHub项目与研究文档\eia-openclaw-sync-chen2026\05_QA测试集\人工核查_环评报告出处整理_20260715\环评报告文件_按正文一级章节拆分_20260727\SC012_131_佛山市彩川合成材料有限公司新建项目_02_报批稿或报告表\01_封面及目录.md,2,25
E:\华南理工项目\环评文件汇总\01_GitHub项目与研究文档\eia-openclaw-sync-chen2026\05_QA测试集\人工核查_环评报告出处整理_20260715\环评报告文件_按问答顺序\SC012_131_佛山市彩川合成材料有限公司新建项目_02_报批稿或报告表.pdf,SC012_131_佛山市彩川合成材料有限公司新建项目_02_报批稿或报告表.pdf,.pdf,pdf_pypdf,2,一、建设项目基本情况 ....................................................................................................................... 1,E:\华南理工项目\环评文件汇总\01_GitHub项目与研究文档\eia-openclaw-sync-chen2026\05_QA测试集\人工核查_环评报告出处整理_20260715\环评报告文件_按正文一级章节拆分_20260727\SC012_131_佛山市彩川合成材料有限公司新建项目_02_报批稿或报告表\02_一、建设项目基本情况.md,1,133
E:\华南理工项目\环评文件汇总\01_GitHub项目与研究文档\eia-openclaw-sync-chen2026\05_QA测试集\人工核查_环评报告出处整理_20260715\环评报告文件_按问答顺序\SC012_131_佛山市彩川合成材料有限公司新建项目_02_报批稿或报告表.pdf,SC012_131_佛山市彩川合成材料有限公司新建项目_02_报批稿或报告表.pdf,.pdf,pdf_pypdf,3,二、建设项目工程分析 ..................................................................................................................... 20,E:\华南理工项目\环评文件汇总\01_GitHub项目与研究文档\eia-openclaw-sync-chen2026\05_QA测试集\人工核查_环评报告出处整理_20260715\环评报告文件_按正文一级章节拆分_20260727\SC012_131_佛山市彩川合成材料有限公司新建项目_02_报批稿或报告表\03_二、建设项目工程分析.md,2,228
E:\华南理工项目\环评文件汇总\01_GitHub项目与研究文档\eia-openclaw-sync-chen2026\05_QA测试集\人工核查_环评报告出处整理_20260715\环评报告文件_按问答顺序\SC012_131_佛山市彩川合成材料有限公司新建项目_02_报批稿或报告表.pdf,SC012_131_佛山市彩川合成材料有限公司新建项目_02_报批稿或报告表.pdf,.pdf,pdf_pypdf,4,四、 主要环境影响和保护措施 ....................................................................................................... 36,E:\华南理工项目\环评文件汇总\01_GitHub项目与研究文档\eia-openclaw-sync-chen2026\05_QA测试集\人工核查_环评报告出处整理_20260715\环评报告文件_按正文一级章节拆分_20260727\SC012_131_佛山市彩川合成材料有限公司新建项目_02_报批稿或报告表\04_四、_主要环境影响和保护措施.md,1,122
E:\华南理工项目\环评文件汇总\01_GitHub项目与研究文档\eia-openclaw-sync-chen2026\05_QA测试集\人工核查_环评报告出处整理_20260715\环评报告文件_按问答顺序\SC012_131_佛山市彩川合成材料有限公司新建项目_02_报批稿或报告表.pdf,SC012_131_佛山市彩川合成材料有限公司新建项目_02_报批稿或报告表.pdf,.pdf,pdf_pypdf,5,五、环境保护措施监督检查清单 ..................................................................................................... 64,E:\华南理工项目\环评文件汇总\01_GitHub项目与研究文档\eia-openclaw-sync-chen2026\05_QA测试集\人工核查_环评报告出处整理_20260715\环评报告文件_按正文一级章节拆分_20260727\SC012_131_佛山市彩川合成材料有限公司新建项目_02_报批稿或报告表\05_五、环境保护措施监督检查清单.md,1,120
E:\华南理工项目\环评文件汇总\01_GitHub项目与研究文档\eia-openclaw-sync-chen2026\05_QA测试集\人工核查_环评报告出处整理_20260715\环评报告文件_按问答顺序\SC012_131_佛山市彩川合成材料有限公司新建项目_02_报批稿或报告表.pdf,SC012_131_佛山市彩川合成材料有限公司新建项目_02_报批稿或报告表.pdf,.pdf,pdf_pypdf,6,六、结论 ............................................................................................................................................. 68,E:\华南理工项目\环评文件汇总\01_GitHub项目与研究文档\eia-openclaw-sync-chen2026\05_QA测试集\人工核查_环评报告出处整理_20260715\环评报告文件_按正文一级章节拆分_20260727\SC012_131_佛山市彩川合成材料有限公司新建项目_02_报批稿或报告表\06_六、结论.md,2,273
E:\华南理工项目\环评文件汇总\01_GitHub项目与研究文档\eia-openclaw-sync-chen2026\05_QA测试集\人工核查_环评报告出处整理_20260715\环评报告文件_按问答顺序\SC012_131_佛山市彩川合成材料有限公司新建项目_02_报批稿或报告表.pdf,SC012_131_佛山市彩川合成材料有限公司新建项目_02_报批稿或报告表.pdf,.pdf,pdf_pypdf,7,附表附图附件,E:\华南理工项目\环评文件汇总\01_GitHub项目与研究文档\eia-openclaw-sync-chen2026\05_QA测试集\人工核查_环评报告出处整理_20260715\环评报告文件_按正文一级章节拆分_20260727\SC012_131_佛山市彩川合成材料有限公司新建项目_02_报批稿或报告表\07_附表附图附件.md,22,2491
E:\华南理工项目\环评文件汇总\01_GitHub项目与研究文档\eia-openclaw-sync-chen2026\05_QA测试集\人工核查_环评报告出处整理_20260715\环评报告文件_按问答顺序\SC012_131_佛山市彩川合成材料有限公司新建项目_02_报批稿或报告表.pdf,SC012_131_佛山市彩川合成材料有限公司新建项目_02_报批稿或报告表.pdf,.pdf,pdf_pypdf,8,一、建设项目基本情况,E:\华南理工项目\环评文件汇总\01_GitHub项目与研究文档\eia-openclaw-sync-chen2026\05_QA测试集\人工核查_环评报告出处整理_20260715\环评报告文件_按正文一级章节拆分_20260727\SC012_131_佛山市彩川合成材料有限公司新建项目_02_报批稿或报告表\08_一、建设项目基本情况.md,1169,23659
E:\华南理工项目\环评文件汇总\01_GitHub项目与研究文档\eia-openclaw-sync-chen2026\05_QA测试集\人工核查_环评报告出处整理_20260715\环评报告文件_按问答顺序\SC012_131_佛山市彩川合成材料有限公司新建项目_02_报批稿或报告表.pdf,SC012_131_佛山市彩川合成材料有限公司新建项目_02_报批稿或报告表.pdf,.pdf,pdf_pypdf,9,二、建设项目工程分析,E:\华南理工项目\环评文件汇总\01_GitHub项目与研究文档\eia-openclaw-sync-chen2026\05_QA测试集\人工核查_环评报告出处整理_20260715\环评报告文件_按正文一级章节拆分_20260727\SC012_131_佛山市彩川合成材料有限公司新建项目_02_报批稿或报告表\09_二、建设项目工程分析.md,405,9011
E:\华南理工项目\环评文件汇总\01_GitHub项目与研究文档\eia-openclaw-sync-chen2026\05_QA测试集\人工核查_环评报告出处整理_20260715\环评报告文件_按问答顺序\SC012_131_佛山市彩川合成材料有限公司新建项目_02_报批稿或报告表.pdf,SC012_131_佛山市彩川合成材料有限公司新建项目_02_报批稿或报告表.pdf,.pdf,pdf_pypdf,10,三、区域环境质量现状、环境保护目标及评价标准,E:\华南理工项目\环评文件汇总\01_GitHub项目与研究文档\eia-openclaw-sync-chen2026\05_QA测试集\人工核查_环评报告出处整理_20260715\环评报告文件_按正文一级章节拆分_20260727\SC012_131_佛山市彩川合成材料有限公司新建项目_02_报批稿或报告表\10_三、区域环境质量现状、环境保护目标及评价标准.md,261,5917
E:\华南理工项目\环评文件汇总\01_GitHub项目与研究文档\eia-openclaw-sync-chen2026\05_QA测试集\人工核查_环评报告出处整理_20260715\环评报告文件_按问答顺序\SC012_131_佛山市彩川合成材料有限公司新建项目_02_报批稿或报告表.pdf,SC012_131_佛山市彩川合成材料有限公司新建项目_02_报批稿或报告表.pdf,.pdf,pdf_pypdf,11,四、主要环境影响和保护措施,E:\华南理工项目\环评文件汇总\01_GitHub项目与研究文档\eia-openclaw-sync-chen2026\05_QA测试集\人工核查_环评报告出处整理_20260715\环评报告文件_按正文一级章节拆分_20260727\SC012_131_佛山市彩川合成材料有限公司新建项目_02_报批稿或报告表\11_四、主要环境影响和保护措施.md,1346,28961
E:\华南理工项目\环评文件汇总\01_GitHub项目与研究文档\eia-openclaw-sync-chen2026\05_QA测试集\人工核查_环评报告出处整理_20260715\环评报告文件_按问答顺序\SC012_131_佛山市彩川合成材料有限公司新建项目_02_报批稿或报告表.pdf,SC012_131_佛山市彩川合成材料有限公司新建项目_02_报批稿或报告表.pdf,.pdf,pdf_pypdf,12,附表附图附件,E:\华南理工项目\环评文件汇总\01_GitHub项目与研究文档\eia-openclaw-sync-chen2026\05_QA测试集\人工核查_环评报告出处整理_20260715\环评报告文件_按正文一级章节拆分_20260727\SC012_131_佛山市彩川合成材料有限公司新建项目_02_报批稿或报告表\12_附表附图附件.md,114,2677
E:\华南理工项目\环评文件汇总\01_GitHub项目与研究文档\eia-openclaw-sync-chen2026\05_QA测试集\人工核查_环评报告出处整理_20260715\环评报告文件_按问答顺序\SC012_131_佛山市彩川合成材料有限公司新建项目_02_报批稿或报告表.pdf,SC012_131_佛山市彩川合成材料有限公司新建项目_02_报批稿或报告表.pdf,.pdf,pdf_pypdf,13,五、环境保护措施监督检查清单,E:\华南理工项目\环评文件汇总\01_GitHub项目与研究文档\eia-openclaw-sync-chen2026\05_QA测试集\人工核查_环评报告出处整理_20260715\环评报告文件_按正文一级章节拆分_20260727\SC012_131_佛山市彩川合成材料有限公司新建项目_02_报批稿或报告表\13_五、环境保护措施监督检查清单.md,169,3176
E:\华南理工项目\环评文件汇总\01_GitHub项目与研究文档\eia-openclaw-sync-chen2026\05_QA测试集\人工核查_环评报告出处整理_20260715\环评报告文件_按问答顺序\SC012_131_佛山市彩川合成材料有限公司新建项目_02_报批稿或报告表.pdf,SC012_131_佛山市彩川合成材料有限公司新建项目_02_报批稿或报告表.pdf,.pdf,pdf_pypdf,14,六、结论,E:\华南理工项目\环评文件汇总\01_GitHub项目与研究文档\eia-openclaw-sync-chen2026\05_QA测试集\人工核查_环评报告出处整理_20260715\环评报告文件_按正文一级章节拆分_20260727\SC012_131_佛山市彩川合成材料有限公司新建项目_02_报批稿或报告表\14_六、结论.md,7,208
E:\华南理工项目\环评文件汇总\01_GitHub项目与研究文档\eia-openclaw-sync-chen2026\05_QA测试集\人工核查_环评报告出处整理_20260715\环评报告文件_按问答顺序\SC012_131_佛山市彩川合成材料有限公司新建项目_02_报批稿或报告表.pdf,SC012_131_佛山市彩川合成材料有限公司新建项目_02_报批稿或报告表.pdf,.pdf,pdf_pypdf,15,附表附图附件,E:\华南理工项目\环评文件汇总\01_GitHub项目与研究文档\eia-openclaw-sync-chen2026\05_QA测试集\人工核查_环评报告出处整理_20260715\环评报告文件_按正文一级章节拆分_20260727\SC012_131_佛山市彩川合成材料有限公司新建项目_02_报批稿或报告表\15_附表附图附件.md,98,1742
E:\华南理工项目\环评文件汇总\01_GitHub项目与研究文档\eia-openclaw-sync-chen2026\05_QA测试集\人工核查_环评报告出处整理_20260715\环评报告文件_按问答顺序\SC013_131_佛山市彩川合成材料有限公司新建项目_03_报批稿或报告表.pdf,SC013_131_佛山市彩川合成材料有限公司新建项目_03_报批稿或报告表.pdf,.pdf,pdf_low_text,1,未识别章节_全文,E:\华南理工项目\环评文件汇总\01_GitHub项目与研究文档\eia-openclaw-sync-chen2026\05_QA测试集\人工核查_环评报告出处整理_20260715\环评报告文件_按正文一级章节拆分_20260727\SC013_131_佛山市彩川合成材料有限公司新建项目_03_报批稿或报告表\01_未识别章节_全文.md,2,57
E:\华南理工项目\环评文件汇总\01_GitHub项目与研究文档\eia-openclaw-sync-chen2026\05_QA测试集\人工核查_环评报告出处整理_20260715\环评报告文件_按问答顺序\SC014_132_佛山市顺德区智成塑包装有限公司新建项目_01_报批稿或报告表.docx,SC014_132_佛山市顺德区智成塑包装有限公司新建项目_01_报批稿或报告表.docx,.docx,docx,1,封面及目录,E:\华南理工项目\环评文件汇总\01_GitHub项目与研究文档\eia-openclaw-sync-chen2026\05_QA测试集\人工核查_环评报告出处整理_20260715\环评报告文件_按正文一级章节拆分_20260727\SC014_132_佛山市顺德区智成塑包装有限公司新建项目_01_报批稿或报告表\01_封面及目录.md,7,100
E:\华南理工项目\环评文件汇总\01_GitHub项目与研究文档\eia-openclaw-sync-chen2026\05_QA测试集\人工核查_环评报告出处整理_20260715\环评报告文件_按问答顺序\SC014_132_佛山市顺德区智成塑包装有限公司新建项目_01_报批稿或报告表.docx,SC014_132_佛山市顺德区智成塑包装有限公司新建项目_01_报批稿或报告表.docx,.docx,docx,2,附表附图附件,E:\华南理工项目\环评文件汇总\01_GitHub项目与研究文档\eia-openclaw-sync-chen2026\05_QA测试集\人工核查_环评报告出处整理_20260715\环评报告文件_按正文一级章节拆分_20260727\SC014_132_佛山市顺德区智成塑包装有限公司新建项目_01_报批稿或报告表\02_附表附图附件.md,18,273
E:\华南理工项目\环评文件汇总\01_GitHub项目与研究文档\eia-openclaw-sync-chen2026\05_QA测试集\人工核查_环评报告出处整理_20260715\环评报告文件_按问答顺序\SC014_132_佛山市顺德区智成塑包装有限公司新建项目_01_报批稿或报告表.docx,SC014_132_佛山市顺德区智成塑包装有限公司新建项目_01_报批稿或报告表.docx,.docx,docx,3,一、建设项目基本情况,E:\华南理工项目\环评文件汇总\01_GitHub项目与研究文档\eia-openclaw-sync-chen2026\05_QA测试集\人工核查_环评报告出处整理_20260715\环评报告文件_按正文一级章节拆分_20260727\SC014_132_佛山市顺德区智成塑包装有限公司新建项目_01_报批稿或报告表\03_一、建设项目基本情况.md,19,4308
E:\华南理工项目\环评文件汇总\01_GitHub项目与研究文档\eia-openclaw-sync-chen2026\05_QA测试集\人工核查_环评报告出处整理_20260715\环评报告文件_按问答顺序\SC014_132_佛山市顺德区智成塑包装有限公司新建项目_01_报批稿或报告表.docx,SC014_132_佛山市顺德区智成塑包装有限公司新建项目_01_报批稿或报告表.docx,.docx,docx,4,二、建设项目工程分析,E:\华南理工项目\环评文件汇总\01_GitHub项目与研究文档\eia-openclaw-sync-chen2026\05_QA测试集\人工核查_环评报告出处整理_20260715\环评报告文件_按正文一级章节拆分_20260727\SC014_132_佛山市顺德区智成塑包装有限公司新建项目_01_报批稿或报告表\04_二、建设项目工程分析.md,5,4223
E:\华南理工项目\环评文件汇总\01_GitHub项目与研究文档\eia-openclaw-sync-chen2026\05_QA测试集\人工核查_环评报告出处整理_20260715\环评报告文件_按问答顺序\SC014_132_佛山市顺德区智成塑包装有限公司新建项目_01_报批稿或报告表.docx,SC014_132_佛山市顺德区智成塑包装有限公司新建项目_01_报批稿或报告表.docx,.docx,docx,5,三、区域环境质量现状、环境保护目标及评价标准,E:\华南理工项目\环评文件汇总\01_GitHub项目与研究文档\eia-openclaw-sync-chen2026\05_QA测试集\人工核查_环评报告出处整理_20260715\环评报告文件_按正文一级章节拆分_20260727\SC014_132_佛山市顺德区智成塑包装有限公司新建项目_01_报批稿或报告表\05_三、区域环境质量现状、环境保护目标及评价标准.md,6,4071
E:\华南理工项目\环评文件汇总\01_GitHub项目与研究文档\eia-openclaw-sync-chen2026\05_QA测试集\人工核查_环评报告出处整理_20260715\环评报告文件_按问答顺序\SC014_132_佛山市顺德区智成塑包装有限公司新建项目_01_报批稿或报告表.docx,SC014_132_佛山市顺德区智成塑包装有限公司新建项目_01_报批稿或报告表.docx,.docx,docx,6,四、主要环境影响和保护措施,E:\华南理工项目\环评文件汇总\01_GitHub项目与研究文档\eia-openclaw-sync-chen2026\05_QA测试集\人工核查_环评报告出处整理_20260715\环评报告文件_按正文一级章节拆分_20260727\SC014_132_佛山市顺德区智成塑包装有限公司新建项目_01_报批稿或报告表\06_四、主要环境影响和保护措施.md,3,12752
E:\华南理工项目\环评文件汇总\01_GitHub项目与研究文档\eia-openclaw-sync-chen2026\05_QA测试集\人工核查_环评报告出处整理_20260715\环评报告文件_按问答顺序\SC014_132_佛山市顺德区智成塑包装有限公司新建项目_01_报批稿或报告表.docx,SC014_132_佛山市顺德区智成塑包装有限公司新建项目_01_报批稿或报告表.docx,.docx,docx,7,五、环境保护措施监督检查清单,E:\华南理工项目\环评文件汇总\01_GitHub项目与研究文档\eia-openclaw-sync-chen2026\05_QA测试集\人工核查_环评报告出处整理_20260715\环评报告文件_按正文一级章节拆分_20260727\SC014_132_佛山市顺德区智成塑包装有限公司新建项目_01_报批稿或报告表\07_五、环境保护措施监督检查清单.md,20,8402
E:\华南理工项目\环评文件汇总\01_GitHub项目与研究文档\eia-openclaw-sync-chen2026\05_QA测试集\人工核查_环评报告出处整理_20260715\环评报告文件_按问答顺序\SC014_132_佛山市顺德区智成塑包装有限公司新建项目_01_报批稿或报告表.docx,SC014_132_佛山市顺德区智成塑包装有限公司新建项目_01_报批稿或报告表.docx,.docx,docx,8,六、结论,E:\华南理工项目\环评文件汇总\01_GitHub项目与研究文档\eia-openclaw-sync-chen2026\05_QA测试集\人工核查_环评报告出处整理_20260715\环评报告文件_按正文一级章节拆分_20260727\SC014_132_佛山市顺德区智成塑包装有限公司新建项目_01_报批稿或报告表\08_六、结论.md,3,198
E:\华南理工项目\环评文件汇总\01_GitHub项目与研究文档\eia-openclaw-sync-chen2026\05_QA测试集\人工核查_环评报告出处整理_20260715\环评报告文件_按问答顺序\SC014_132_佛山市顺德区智成塑包装有限公司新建项目_01_报批稿或报告表.docx,SC014_132_佛山市顺德区智成塑包装有限公司新建项目_01_报批稿或报告表.docx,.docx,docx,9,附表附图附件,E:\华南理工项目\环评文件汇总\01_GitHub项目与研究文档\eia-openclaw-sync-chen2026\05_QA测试集\人工核查_环评报告出处整理_20260715\环评报告文件_按正文一级章节拆分_20260727\SC014_132_佛山市顺德区智成塑包装有限公司新建项目_01_报批稿或报告表\09_附表附图附件.md,14,209
E:\华南理工项目\环评文件汇总\01_GitHub项目与研究文档\eia-openclaw-sync-chen2026\05_QA测试集\人工核查_环评报告出处整理_20260715\环评报告文件_按问答顺序\SC015_132_佛山市顺德区智成塑包装有限公司新建项目_02_报批稿或报告表.pdf,SC015_132_佛山市顺德区智成塑包装有限公司新建项目_02_报批稿或报告表.pdf,.pdf,pdf_pypdf,1,封面及目录,E:\华南理工项目\环评文件汇总\01_GitHub项目与研究文档\eia-openclaw-sync-chen2026\05_QA测试集\人工核查_环评报告出处整理_20260715\环评报告文件_按正文一级章节拆分_20260727\SC015_132_佛山市顺德区智成塑包装有限公司新建项目_02_报批稿或报告表\01_封面及目录.md,2,25
E:\华南理工项目\环评文件汇总\01_GitHub项目与研究文档\eia-openclaw-sync-chen2026\05_QA测试集\人工核查_环评报告出处整理_20260715\环评报告文件_按问答顺序\SC015_132_佛山市顺德区智成塑包装有限公司新建项目_02_报批稿或报告表.pdf,SC015_132_佛山市顺德区智成塑包装有限公司新建项目_02_报批稿或报告表.pdf,.pdf,pdf_pypdf,2,一．建设项目基本情况 ................................................................................................................. 1,E:\华南理工项目\环评文件汇总\01_GitHub项目与研究文档\eia-openclaw-sync-chen2026\05_QA测试集\人工核查_环评报告出处整理_20260715\环评报告文件_按正文一级章节拆分_20260727\SC015_132_佛山市顺德区智成塑包装有限公司新建项目_02_报批稿或报告表\02_一．建设项目基本情况.md,1,127
E:\华南理工项目\环评文件汇总\01_GitHub项目与研究文档\eia-openclaw-sync-chen2026\05_QA测试集\人工核查_环评报告出处整理_20260715\环评报告文件_按问答顺序\SC015_132_佛山市顺德区智成塑包装有限公司新建项目_02_报批稿或报告表.pdf,SC015_132_佛山市顺德区智成塑包装有限公司新建项目_02_报批稿或报告表.pdf,.pdf,pdf_pypdf,3,二．建设项目工程分析 ............................................................................................................... 13,E:\华南理工项目\环评文件汇总\01_GitHub项目与研究文档\eia-openclaw-sync-chen2026\05_QA测试集\人工核查_环评报告出处整理_20260715\环评报告文件_按正文一级章节拆分_20260727\SC015_132_佛山市顺德区智成塑包装有限公司新建项目_02_报批稿或报告表\03_二．建设项目工程分析.md,2,216
E:\华南理工项目\环评文件汇总\01_GitHub项目与研究文档\eia-openclaw-sync-chen2026\05_QA测试集\人工核查_环评报告出处整理_20260715\环评报告文件_按问答顺序\SC015_132_佛山市顺德区智成塑包装有限公司新建项目_02_报批稿或报告表.pdf,SC015_132_佛山市顺德区智成塑包装有限公司新建项目_02_报批稿或报告表.pdf,.pdf,pdf_pypdf,4,四．主要环境影响和保护措施 ................................................................................................... 35,E:\华南理工项目\环评文件汇总\01_GitHub项目与研究文档\eia-openclaw-sync-chen2026\05_QA测试集\人工核查_环评报告出处整理_20260715\环评报告文件_按正文一级章节拆分_20260727\SC015_132_佛山市顺德区智成塑包装有限公司新建项目_02_报批稿或报告表\04_四．主要环境影响和保护措施.md,1,117
E:\华南理工项目\环评文件汇总\01_GitHub项目与研究文档\eia-openclaw-sync-chen2026\05_QA测试集\人工核查_环评报告出处整理_20260715\环评报告文件_按问答顺序\SC015_132_佛山市顺德区智成塑包装有限公司新建项目_02_报批稿或报告表.pdf,SC015_132_佛山市顺德区智成塑包装有限公司新建项目_02_报批稿或报告表.pdf,.pdf,pdf_pypdf,5,五．环境保护措施监督检查清单 ............................................................................................... 62,E:\华南理工项目\环评文件汇总\01_GitHub项目与研究文档\eia-openclaw-sync-chen2026\05_QA测试集\人工核查_环评报告出处整理_20260715\环评报告文件_按正文一级章节拆分_20260727\SC015_132_佛山市顺德区智成塑包装有限公司新建项目_02_报批稿或报告表\05_五．环境保护措施监督检查清单.md,1,114
E:\华南理工项目\环评文件汇总\01_GitHub项目与研究文档\eia-openclaw-sync-chen2026\05_QA测试集\人工核查_环评报告出处整理_20260715\环评报告文件_按问答顺序\SC015_132_佛山市顺德区智成塑包装有限公司新建项目_02_报批稿或报告表.pdf,SC015_132_佛山市顺德区智成塑包装有限公司新建项目_02_报批稿或报告表.pdf,.pdf,pdf_pypdf,6,六．结论 ........................................................................................................................................65,E:\华南理工项目\环评文件汇总\01_GitHub项目与研究文档\eia-openclaw-sync-chen2026\05_QA测试集\人工核查_环评报告出处整理_20260715\环评报告文件_按正文一级章节拆分_20260727\SC015_132_佛山市顺德区智成塑包装有限公司新建项目_02_报批稿或报告表\06_六．结论.md,1,144
E:\华南理工项目\环评文件汇总\01_GitHub项目与研究文档\eia-openclaw-sync-chen2026\05_QA测试集\人工核查_环评报告出处整理_20260715\环评报告文件_按问答顺序\SC015_132_佛山市顺德区智成塑包装有限公司新建项目_02_报批稿或报告表.pdf,SC015_132_佛山市顺德区智成塑包装有限公司新建项目_02_报批稿或报告表.pdf,.pdf,pdf_pypdf,7,附表附图附件,E:\华南理工项目\环评文件汇总\01_GitHub项目与研究文档\eia-openclaw-sync-chen2026\05_QA测试集\人工核查_环评报告出处整理_20260715\环评报告文件_按正文一级章节拆分_20260727\SC015_132_佛山市顺德区智成塑包装有限公司新建项目_02_报批稿或报告表\07_附表附图附件.md,20,323
E:\华南理工项目\环评文件汇总\01_GitHub项目与研究文档\eia-openclaw-sync-chen2026\05_QA测试集\人工核查_环评报告出处整理_20260715\环评报告文件_按问答顺序\SC015_132_佛山市顺德区智成塑包装有限公司新建项目_02_报批稿或报告表.pdf,SC015_132_佛山市顺德区智成塑包装有限公司新建项目_02_报批稿或报告表.pdf,.pdf,pdf_pypdf,8,一、建设项目基本情况,E:\华南理工项目\环评文件汇总\01_GitHub项目与研究文档\eia-openclaw-sync-chen2026\05_QA测试集\人工核查_环评报告出处整理_20260715\环评报告文件_按正文一级章节拆分_20260727\SC015_132_佛山市顺德区智成塑包装有限公司新建项目_02_报批稿或报告表\08_一、建设项目基本情况.md,870,12441
E:\华南理工项目\环评文件汇总\01_GitHub项目与研究文档\eia-openclaw-sync-chen2026\05_QA测试集\人工核查_环评报告出处整理_20260715\环评报告文件_按问答顺序\SC015_132_佛山市顺德区智成塑包装有限公司新建项目_02_报批稿或报告表.pdf,SC015_132_佛山市顺德区智成塑包装有限公司新建项目_02_报批稿或报告表.pdf,.pdf,pdf_pypdf,9,二、建设项目工程分析,E:\华南理工项目\环评文件汇总\01_GitHub项目与研究文档\eia-openclaw-sync-chen2026\05_QA测试集\人工核查_环评报告出处整理_20260715\环评报告文件_按正文一级章节拆分_20260727\SC015_132_佛山市顺德区智成塑包装有限公司新建项目_02_报批稿或报告表\09_二、建设项目工程分析.md,582,10660
E:\华南理工项目\环评文件汇总\01_GitHub项目与研究文档\eia-openclaw-sync-chen2026\05_QA测试集\人工核查_环评报告出处整理_20260715\环评报告文件_按问答顺序\SC015_132_佛山市顺德区智成塑包装有限公司新建项目_02_报批稿或报告表.pdf,SC015_132_佛山市顺德区智成塑包装有限公司新建项目_02_报批稿或报告表.pdf,.pdf,pdf_pypdf,10,三、区域环境质量现状、环境保护目标及评价标准,E:\华南理工项目\环评文件汇总\01_GitHub项目与研究文档\eia-openclaw-sync-chen2026\05_QA测试集\人工核查_环评报告出处整理_20260715\环评报告文件_按正文一级章节拆分_20260727\SC015_132_佛山市顺德区智成塑包装有限公司新建项目_02_报批稿或报告表\10_三、区域环境质量现状、环境保护目标及评价标准.md,324,6580
E:\华南理工项目\环评文件汇总\01_GitHub项目与研究文档\eia-openclaw-sync-chen2026\05_QA测试集\人工核查_环评报告出处整理_20260715\环评报告文件_按问答顺序\SC015_132_佛山市顺德区智成塑包装有限公司新建项目_02_报批稿或报告表.pdf,SC015_132_佛山市顺德区智成塑包装有限公司新建项目_02_报批稿或报告表.pdf,.pdf,pdf_pypdf,11,四、主要环境影响和保护措施,E:\华南理工项目\环评文件汇总\01_GitHub项目与研究文档\eia-openclaw-sync-chen2026\05_QA测试集\人工核查_环评报告出处整理_20260715\环评报告文件_按正文一级章节拆分_20260727\SC015_132_佛山市顺德区智成塑包装有限公司新建项目_02_报批稿或报告表\11_四、主要环境影响和保护措施.md,198,4398
E:\华南理工项目\环评文件汇总\01_GitHub项目与研究文档\eia-openclaw-sync-chen2026\05_QA测试集\人工核查_环评报告出处整理_20260715\环评报告文件_按问答顺序\SC015_132_佛山市顺德区智成塑包装有限公司新建项目_02_报批稿或报告表.pdf,SC015_132_佛山市顺德区智成塑包装有限公司新建项目_02_报批稿或报告表.pdf,.pdf,pdf_pypdf,12,附表附图附件,E:\华南理工项目\环评文件汇总\01_GitHub项目与研究文档\eia-openclaw-sync-chen2026\05_QA测试集\人工核查_环评报告出处整理_20260715\环评报告文件_按正文一级章节拆分_20260727\SC015_132_佛山市顺德区智成塑包装有限公司新建项目_02_报批稿或报告表\12_附表附图附件.md,1083,21201
E:\华南理工项目\环评文件汇总\01_GitHub项目与研究文档\eia-openclaw-sync-chen2026\05_QA测试集\人工核查_环评报告出处整理_20260715\环评报告文件_按问答顺序\SC015_132_佛山市顺德区智成塑包装有限公司新建项目_02_报批稿或报告表.pdf,SC015_132_佛山市顺德区智成塑包装有限公司新建项目_02_报批稿或报告表.pdf,.pdf,pdf_pypdf,13,五、环境保护措施监督检查清单,E:\华南理工项目\环评文件汇总\01_GitHub项目与研究文档\eia-openclaw-sync-chen2026\05_QA测试集\人工核查_环评报告出处整理_20260715\环评报告文件_按正文一级章节拆分_20260727\SC015_132_佛山市顺德区智成塑包装有限公司新建项目_02_报批稿或报告表\13_五、环境保护措施监督检查清单.md,175,2951
E:\华南理工项目\环评文件汇总\01_GitHub项目与研究文档\eia-openclaw-sync-chen2026\05_QA测试集\人工核查_环评报告出处整理_20260715\环评报告文件_按问答顺序\SC015_132_佛山市顺德区智成塑包装有限公司新建项目_02_报批稿或报告表.pdf,SC015_132_佛山市顺德区智成塑包装有限公司新建项目_02_报批稿或报告表.pdf,.pdf,pdf_pypdf,14,六、结论,E:\华南理工项目\环评文件汇总\01_GitHub项目与研究文档\eia-openclaw-sync-chen2026\05_QA测试集\人工核查_环评报告出处整理_20260715\环评报告文件_按正文一级章节拆分_20260727\SC015_132_佛山市顺德区智成塑包装有限公司新建项目_02_报批稿或报告表\14_六、结论.md,8,215
E:\华南理工项目\环评文件汇总\01_GitHub项目与研究文档\eia-openclaw-sync-chen2026\05_QA测试集\人工核查_环评报告出处整理_20260715\环评报告文件_按问答顺序\SC015_132_佛山市顺德区智成塑包装有限公司新建项目_02_报批稿或报告表.pdf,SC015_132_佛山市顺德区智成塑包装有限公司新建项目_02_报批稿或报告表.pdf,.pdf,pdf_pypdf,15,附表附图附件,E:\华南理工项目\环评文件汇总\01_GitHub项目与研究文档\eia-openclaw-sync-chen2026\05_QA测试集\人工核查_环评报告出处整理_20260715\环评报告文件_按正文一级章节拆分_20260727\SC015_132_佛山市顺德区智成塑包装有限公司新建项目_02_报批稿或报告表\15_附表附图附件.md,128,1985
E:\华南理工项目\环评文件汇总\01_GitHub项目与研究文档\eia-openclaw-sync-chen2026\05_QA测试集\人工核查_环评报告出处整理_20260715\环评报告文件_按问答顺序\SC016_132_佛山市顺德区智成塑包装有限公司新建项目_03_报批稿或报告表.pdf,SC016_132_佛山市顺德区智成塑包装有限公司新建项目_03_报批稿或报告表.pdf,.pdf,pdf_pypdf,1,未识别章节_全文,E:\华南理工项目\环评文件汇总\01_GitHub项目与研究文档\eia-openclaw-sync-chen2026\05_QA测试集\人工核查_环评报告出处整理_20260715\环评报告文件_按正文一级章节拆分_20260727\SC016_132_佛山市顺德区智成塑包装有限公司新建项目_03_报批稿或报告表\01_未识别章节_全文.md,89,2303
E:\华南理工项目\环评文件汇总\01_GitHub项目与研究文档\eia-openclaw-sync-chen2026\05_QA测试集\人工核查_环评报告出处整理_20260715\环评报告文件_按问答顺序\SC017_133_鹏彩科技(佛山市)有限公司新建项目_01_报批稿或报告表.docx,SC017_133_鹏彩科技(佛山市)有限公司新建项目_01_报批稿或报告表.docx,.docx,docx,1,封面及目录,E:\华南理工项目\环评文件汇总\01_GitHub项目与研究文档\eia-openclaw-sync-chen2026\05_QA测试集\人工核查_环评报告出处整理_20260715\环评报告文件_按正文一级章节拆分_20260727\SC017_133_鹏彩科技(佛山市)有限公司新建项目_01_报批稿或报告表\01_封面及目录.md,13,194
E:\华南理工项目\环评文件汇总\01_GitHub项目与研究文档\eia-openclaw-sync-chen2026\05_QA测试集\人工核查_环评报告出处整理_20260715\环评报告文件_按问答顺序\SC017_133_鹏彩科技(佛山市)有限公司新建项目_01_报批稿或报告表.docx,SC017_133_鹏彩科技(佛山市)有限公司新建项目_01_报批稿或报告表.docx,.docx,docx,2,附表附图附件,E:\华南理工项目\环评文件汇总\01_GitHub项目与研究文档\eia-openclaw-sync-chen2026\05_QA测试集\人工核查_环评报告出处整理_20260715\环评报告文件_按正文一级章节拆分_20260727\SC017_133_鹏彩科技(佛山市)有限公司新建项目_01_报批稿或报告表\02_附表附图附件.md,26,455
E:\华南理工项目\环评文件汇总\01_GitHub项目与研究文档\eia-openclaw-sync-chen2026\05_QA测试集\人工核查_环评报告出处整理_20260715\环评报告文件_按问答顺序\SC017_133_鹏彩科技(佛山市)有限公司新建项目_01_报批稿或报告表.docx,SC017_133_鹏彩科技(佛山市)有限公司新建项目_01_报批稿或报告表.docx,.docx,docx,3,一、建设项目基本情况,E:\华南理工项目\环评文件汇总\01_GitHub项目与研究文档\eia-openclaw-sync-chen2026\05_QA测试集\人工核查_环评报告出处整理_20260715\环评报告文件_按正文一级章节拆分_20260727\SC017_133_鹏彩科技(佛山市)有限公司新建项目_01_报批稿或报告表\03_一、建设项目基本情况.md,18,12334
E:\华南理工项目\环评文件汇总\01_GitHub项目与研究文档\eia-openclaw-sync-chen2026\05_QA测试集\人工核查_环评报告出处整理_20260715\环评报告文件_按问答顺序\SC017_133_鹏彩科技(佛山市)有限公司新建项目_01_报批稿或报告表.docx,SC017_133_鹏彩科技(佛山市)有限公司新建项目_01_报批稿或报告表.docx,.docx,docx,4,二、建设项目工程分析,E:\华南理工项目\环评文件汇总\01_GitHub项目与研究文档\eia-openclaw-sync-chen2026\05_QA测试集\人工核查_环评报告出处整理_20260715\环评报告文件_按正文一级章节拆分_20260727\SC017_133_鹏彩科技(佛山市)有限公司新建项目_01_报批稿或报告表\04_二、建设项目工程分析.md,5,3973
E:\华南理工项目\环评文件汇总\01_GitHub项目与研究文档\eia-openclaw-sync-chen2026\05_QA测试集\人工核查_环评报告出处整理_20260715\环评报告文件_按问答顺序\SC017_133_鹏彩科技(佛山市)有限公司新建项目_01_报批稿或报告表.docx,SC017_133_鹏彩科技(佛山市)有限公司新建项目_01_报批稿或报告表.docx,.docx,docx,5,三、区域环境质量现状、环境保护目标及评价标准,E:\华南理工项目\环评文件汇总\01_GitHub项目与研究文档\eia-openclaw-sync-chen2026\05_QA测试集\人工核查_环评报告出处整理_20260715\环评报告文件_按正文一级章节拆分_20260727\SC017_133_鹏彩科技(佛山市)有限公司新建项目_01_报批稿或报告表\05_三、区域环境质量现状、环境保护目标及评价标准.md,6,3919
E:\华南理工项目\环评文件汇总\01_GitHub项目与研究文档\eia-openclaw-sync-chen2026\05_QA测试集\人工核查_环评报告出处整理_20260715\环评报告文件_按问答顺序\SC017_133_鹏彩科技(佛山市)有限公司新建项目_01_报批稿或报告表.docx,SC017_133_鹏彩科技(佛山市)有限公司新建项目_01_报批稿或报告表.docx,.docx,docx,6,四、主要环境影响和保护措施,E:\华南理工项目\环评文件汇总\01_GitHub项目与研究文档\eia-openclaw-sync-chen2026\05_QA测试集\人工核查_环评报告出处整理_20260715\环评报告文件_按正文一级章节拆分_20260727\SC017_133_鹏彩科技(佛山市)有限公司新建项目_01_报批稿或报告表\06_四、主要环境影响和保护措施.md,3,6446
E:\华南理工项目\环评文件汇总\01_GitHub项目与研究文档\eia-openclaw-sync-chen2026\05_QA测试集\人工核查_环评报告出处整理_20260715\环评报告文件_按问答顺序\SC017_133_鹏彩科技(佛山市)有限公司新建项目_01_报批稿或报告表.docx,SC017_133_鹏彩科技(佛山市)有限公司新建项目_01_报批稿或报告表.docx,.docx,docx,7,五、环境保护措施监督检查清单,E:\华南理工项目\环评文件汇总\01_GitHub项目与研究文档\eia-openclaw-sync-chen2026\05_QA测试集\人工核查_环评报告出处整理_20260715\环评报告文件_按正文一级章节拆分_20260727\SC017_133_鹏彩科技(佛山市)有限公司新建项目_01_报批稿或报告表\07_五、环境保护措施监督检查清单.md,18,7531
E:\华南理工项目\环评文件汇总\01_GitHub项目与研究文档\eia-openclaw-sync-chen2026\05_QA测试集\人工核查_环评报告出处整理_20260715\环评报告文件_按问答顺序\SC017_133_鹏彩科技(佛山市)有限公司新建项目_01_报批稿或报告表.docx,SC017_133_鹏彩科技(佛山市)有限公司新建项目_01_报批稿或报告表.docx,.docx,docx,8,六、结论,E:\华南理工项目\环评文件汇总\01_GitHub项目与研究文档\eia-openclaw-sync-chen2026\05_QA测试集\人工核查_环评报告出处整理_20260715\环评报告文件_按正文一级章节拆分_20260727\SC017_133_鹏彩科技(佛山市)有限公司新建项目_01_报批稿或报告表\08_六、结论.md,3,143
E:\华南理工项目\环评文件汇总\01_GitHub项目与研究文档\eia-openclaw-sync-chen2026\05_QA测试集\人工核查_环评报告出处整理_20260715\环评报告文件_按问答顺序\SC017_133_鹏彩科技(佛山市)有限公司新建项目_01_报批稿或报告表.docx,SC017_133_鹏彩科技(佛山市)有限公司新建项目_01_报批稿或报告表.docx,.docx,docx,9,附表附图附件,E:\华南理工项目\环评文件汇总\01_GitHub项目与研究文档\eia-openclaw-sync-chen2026\05_QA测试集\人工核查_环评报告出处整理_20260715\环评报告文件_按正文一级章节拆分_20260727\SC017_133_鹏彩科技(佛山市)有限公司新建项目_01_报批稿或报告表\09_附表附图附件.md,20,372
E:\华南理工项目\环评文件汇总\01_GitHub项目与研究文档\eia-openclaw-sync-chen2026\05_QA测试集\人工核查_环评报告出处整理_20260715\环评报告文件_按问答顺序\SC018_133_鹏彩科技(佛山市)有限公司新建项目_02_报批稿或报告表.pdf,SC018_133_鹏彩科技(佛山市)有限公司新建项目_02_报批稿或报告表.pdf,.pdf,pdf_pypdf,1,封面及目录,E:\华南理工项目\环评文件汇总\01_GitHub项目与研究文档\eia-openclaw-sync-chen2026\05_QA测试集\人工核查_环评报告出处整理_20260715\环评报告文件_按正文一级章节拆分_20260727\SC018_133_鹏彩科技(佛山市)有限公司新建项目_02_报批稿或报告表\01_封面及目录.md,9,143
E:\华南理工项目\环评文件汇总\01_GitHub项目与研究文档\eia-openclaw-sync-chen2026\05_QA测试集\人工核查_环评报告出处整理_20260715\环评报告文件_按问答顺序\SC018_133_鹏彩科技(佛山市)有限公司新建项目_02_报批稿或报告表.pdf,SC018_133_鹏彩科技(佛山市)有限公司新建项目_02_报批稿或报告表.pdf,.pdf,pdf_pypdf,2,一、建设项目基本情况 .................................................................................................................. 1,E:\华南理工项目\环评文件汇总\01_GitHub项目与研究文档\eia-openclaw-sync-chen2026\05_QA测试集\人工核查_环评报告出处整理_20260715\环评报告文件_按正文一级章节拆分_20260727\SC018_133_鹏彩科技(佛山市)有限公司新建项目_02_报批稿或报告表\02_一、建设项目基本情况.md,1,128
E:\华南理工项目\环评文件汇总\01_GitHub项目与研究文档\eia-openclaw-sync-chen2026\05_QA测试集\人工核查_环评报告出处整理_20260715\环评报告文件_按问答顺序\SC018_133_鹏彩科技(佛山市)有限公司新建项目_02_报批稿或报告表.pdf,SC018_133_鹏彩科技(佛山市)有限公司新建项目_02_报批稿或报告表.pdf,.pdf,pdf_pypdf,3,二、建设项目工程分析 ................................................................................................................ 25,E:\华南理工项目\环评文件汇总\01_GitHub项目与研究文档\eia-openclaw-sync-chen2026\05_QA测试集\人工核查_环评报告出处整理_20260715\环评报告文件_按正文一级章节拆分_20260727\SC018_133_鹏彩科技(佛山市)有限公司新建项目_02_报批稿或报告表\03_二、建设项目工程分析.md,2,218
E:\华南理工项目\环评文件汇总\01_GitHub项目与研究文档\eia-openclaw-sync-chen2026\05_QA测试集\人工核查_环评报告出处整理_20260715\环评报告文件_按问答顺序\SC018_133_鹏彩科技(佛山市)有限公司新建项目_02_报批稿或报告表.pdf,SC018_133_鹏彩科技(佛山市)有限公司新建项目_02_报批稿或报告表.pdf,.pdf,pdf_pypdf,4,四、主要环境影响和保护措施 .................................................................................................... 42,E:\华南理工项目\环评文件汇总\01_GitHub项目与研究文档\eia-openclaw-sync-chen2026\05_QA测试集\人工核查_环评报告出处整理_20260715\环评报告文件_按正文一级章节拆分_20260727\SC018_133_鹏彩科技(佛山市)有限公司新建项目_02_报批稿或报告表\04_四、主要环境影响和保护措施.md,1,118
E:\华南理工项目\环评文件汇总\01_GitHub项目与研究文档\eia-openclaw-sync-chen2026\05_QA测试集\人工核查_环评报告出处整理_20260715\环评报告文件_按问答顺序\SC018_133_鹏彩科技(佛山市)有限公司新建项目_02_报批稿或报告表.pdf,SC018_133_鹏彩科技(佛山市)有限公司新建项目_02_报批稿或报告表.pdf,.pdf,pdf_pypdf,5,五、环境保护措施监督检查清单 ................................................................................................ 80,E:\华南理工项目\环评文件汇总\01_GitHub项目与研究文档\eia-openclaw-sync-chen2026\05_QA测试集\人工核查_环评报告出处整理_20260715\环评报告文件_按正文一级章节拆分_20260727\SC018_133_鹏彩科技(佛山市)有限公司新建项目_02_报批稿或报告表\05_五、环境保护措施监督检查清单.md,1,115
E:\华南理工项目\环评文件汇总\01_GitHub项目与研究文档\eia-openclaw-sync-chen2026\05_QA测试集\人工核查_环评报告出处整理_20260715\环评报告文件_按问答顺序\SC018_133_鹏彩科技(佛山市)有限公司新建项目_02_报批稿或报告表.pdf,SC018_133_鹏彩科技(佛山市)有限公司新建项目_02_报批稿或报告表.pdf,.pdf,pdf_pypdf,6,六、结论 ........................................................................................................................................ 82,E:\华南理工项目\环评文件汇总\01_GitHub项目与研究文档\eia-openclaw-sync-chen2026\05_QA测试集\人工核查_环评报告出处整理_20260715\环评报告文件_按正文一级章节拆分_20260727\SC018_133_鹏彩科技(佛山市)有限公司新建项目_02_报批稿或报告表\06_六、结论.md,1,145
E:\华南理工项目\环评文件汇总\01_GitHub项目与研究文档\eia-openclaw-sync-chen2026\05_QA测试集\人工核查_环评报告出处整理_20260715\环评报告文件_按问答顺序\SC018_133_鹏彩科技(佛山市)有限公司新建项目_02_报批稿或报告表.pdf,SC018_133_鹏彩科技(佛山市)有限公司新建项目_02_报批稿或报告表.pdf,.pdf,pdf_pypdf,7,附表附图附件,E:\华南理工项目\环评文件汇总\01_GitHub项目与研究文档\eia-openclaw-sync-chen2026\05_QA测试集\人工核查_环评报告出处整理_20260715\环评报告文件_按正文一级章节拆分_20260727\SC018_133_鹏彩科技(佛山市)有限公司新建项目_02_报批稿或报告表\07_附表附图附件.md,30,680
E:\华南理工项目\环评文件汇总\01_GitHub项目与研究文档\eia-openclaw-sync-chen2026\05_QA测试集\人工核查_环评报告出处整理_20260715\环评报告文件_按问答顺序\SC018_133_鹏彩科技(佛山市)有限公司新建项目_02_报批稿或报告表.pdf,SC018_133_鹏彩科技(佛山市)有限公司新建项目_02_报批稿或报告表.pdf,.pdf,pdf_pypdf,8,一、建设项目基本情况,E:\华南理工项目\环评文件汇总\01_GitHub项目与研究文档\eia-openclaw-sync-chen2026\05_QA测试集\人工核查_环评报告出处整理_20260715\环评报告文件_按正文一级章节拆分_20260727\SC018_133_鹏彩科技(佛山市)有限公司新建项目_02_报批稿或报告表\08_一、建设项目基本情况.md,243,3888
E:\华南理工项目\环评文件汇总\01_GitHub项目与研究文档\eia-openclaw-sync-chen2026\05_QA测试集\人工核查_环评报告出处整理_20260715\环评报告文件_按问答顺序\SC018_133_鹏彩科技(佛山市)有限公司新建项目_02_报批稿或报告表.pdf,SC018_133_鹏彩科技(佛山市)有限公司新建项目_02_报批稿或报告表.pdf,.pdf,pdf_pypdf,9,附表附图附件,E:\华南理工项目\环评文件汇总\01_GitHub项目与研究文档\eia-openclaw-sync-chen2026\05_QA测试集\人工核查_环评报告出处整理_20260715\环评报告文件_按正文一级章节拆分_20260727\SC018_133_鹏彩科技(佛山市)有限公司新建项目_02_报批稿或报告表\09_附表附图附件.md,1538,21513
E:\华南理工项目\环评文件汇总\01_GitHub项目与研究文档\eia-openclaw-sync-chen2026\05_QA测试集\人工核查_环评报告出处整理_20260715\环评报告文件_按问答顺序\SC018_133_鹏彩科技(佛山市)有限公司新建项目_02_报批稿或报告表.pdf,SC018_133_鹏彩科技(佛山市)有限公司新建项目_02_报批稿或报告表.pdf,.pdf,pdf_pypdf,10,二、建设项目工程分析,E:\华南理工项目\环评文件汇总\01_GitHub项目与研究文档\eia-openclaw-sync-chen2026\05_QA测试集\人工核查_环评报告出处整理_20260715\环评报告文件_按正文一级章节拆分_20260727\SC018_133_鹏彩科技(佛山市)有限公司新建项目_02_报批稿或报告表\10_二、建设项目工程分析.md,498,10052
E:\华南理工项目\环评文件汇总\01_GitHub项目与研究文档\eia-openclaw-sync-chen2026\05_QA测试集\人工核查_环评报告出处整理_20260715\环评报告文件_按问答顺序\SC018_133_鹏彩科技(佛山市)有限公司新建项目_02_报批稿或报告表.pdf,SC018_133_鹏彩科技(佛山市)有限公司新建项目_02_报批稿或报告表.pdf,.pdf,pdf_pypdf,11,三、区域环境质量现状、环境保护目标及评价标准,E:\华南理工项目\环评文件汇总\01_GitHub项目与研究文档\eia-openclaw-sync-chen2026\05_QA测试集\人工核查_环评报告出处整理_20260715\环评报告文件_按正文一级章节拆分_20260727\SC018_133_鹏彩科技(佛山市)有限公司新建项目_02_报批稿或报告表\11_三、区域环境质量现状、环境保护目标及评价标准.md,235,5247
E:\华南理工项目\环评文件汇总\01_GitHub项目与研究文档\eia-openclaw-sync-chen2026\05_QA测试集\人工核查_环评报告出处整理_20260715\环评报告文件_按问答顺序\SC018_133_鹏彩科技(佛山市)有限公司新建项目_02_报批稿或报告表.pdf,SC018_133_鹏彩科技(佛山市)有限公司新建项目_02_报批稿或报告表.pdf,.pdf,pdf_pypdf,12,四、主要环境影响和保护措施,E:\华南理工项目\环评文件汇总\01_GitHub项目与研究文档\eia-openclaw-sync-chen2026\05_QA测试集\人工核查_环评报告出处整理_20260715\环评报告文件_按正文一级章节拆分_20260727\SC018_133_鹏彩科技(佛山市)有限公司新建项目_02_报批稿或报告表\12_四、主要环境影响和保护措施.md,1806,35375
E:\华南理工项目\环评文件汇总\01_GitHub项目与研究文档\eia-openclaw-sync-chen2026\05_QA测试集\人工核查_环评报告出处整理_20260715\环评报告文件_按问答顺序\SC018_133_鹏彩科技(佛山市)有限公司新建项目_02_报批稿或报告表.pdf,SC018_133_鹏彩科技(佛山市)有限公司新建项目_02_报批稿或报告表.pdf,.pdf,pdf_pypdf,13,五、环境保护措施监督检查清单,E:\华南理工项目\环评文件汇总\01_GitHub项目与研究文档\eia-openclaw-sync-chen2026\05_QA测试集\人工核查_环评报告出处整理_20260715\环评报告文件_按正文一级章节拆分_20260727\SC018_133_鹏彩科技(佛山市)有限公司新建项目_02_报批稿或报告表\13_五、环境保护措施监督检查清单.md,130,2240
E:\华南理工项目\环评文件汇总\01_GitHub项目与研究文档\eia-openclaw-sync-chen2026\05_QA测试集\人工核查_环评报告出处整理_20260715\环评报告文件_按问答顺序\SC018_133_鹏彩科技(佛山市)有限公司新建项目_02_报批稿或报告表.pdf,SC018_133_鹏彩科技(佛山市)有限公司新建项目_02_报批稿或报告表.pdf,.pdf,pdf_pypdf,14,六、结论,E:\华南理工项目\环评文件汇总\01_GitHub项目与研究文档\eia-openclaw-sync-chen2026\05_QA测试集\人工核查_环评报告出处整理_20260715\环评报告文件_按正文一级章节拆分_20260727\SC018_133_鹏彩科技(佛山市)有限公司新建项目_02_报批稿或报告表\14_六、结论.md,7,159
E:\华南理工项目\环评文件汇总\01_GitHub项目与研究文档\eia-openclaw-sync-chen2026\05_QA测试集\人工核查_环评报告出处整理_20260715\环评报告文件_按问答顺序\SC018_133_鹏彩科技(佛山市)有限公司新建项目_02_报批稿或报告表.pdf,SC018_133_鹏彩科技(佛山市)有限公司新建项目_02_报批稿或报告表.pdf,.pdf,pdf_pypdf,15,附表附图附件,E:\华南理工项目\环评文件汇总\01_GitHub项目与研究文档\eia-openclaw-sync-chen2026\05_QA测试集\人工核查_环评报告出处整理_20260715\环评报告文件_按正文一级章节拆分_20260727\SC018_133_鹏彩科技(佛山市)有限公司新建项目_02_报批稿或报告表\15_附表附图附件.md,148,2212
E:\华南理工项目\环评文件汇总\01_GitHub项目与研究文档\eia-openclaw-sync-chen2026\05_QA测试集\人工核查_环评报告出处整理_20260715\环评报告文件_按问答顺序\SC019_133_鹏彩科技(佛山市)有限公司新建项目_03_报批稿或报告表.pdf,SC019_133_鹏彩科技(佛山市)有限公司新建项目_03_报批稿或报告表.pdf,.pdf,pdf_low_text,1,未识别章节_全文,E:\华南理工项目\环评文件汇总\01_GitHub项目与研究文档\eia-openclaw-sync-chen2026\05_QA测试集\人工核查_环评报告出处整理_20260715\环评报告文件_按正文一级章节拆分_20260727\SC019_133_鹏彩科技(佛山市)有限公司新建项目_03_报批稿或报告表\01_未识别章节_全文.md,2,57
E:\华南理工项目\环评文件汇总\01_GitHub项目与研究文档\eia-openclaw-sync-chen2026\05_QA测试集\人工核查_环评报告出处整理_20260715\环评报告文件_按问答顺序\SC020_134_广东顺德意达电子薄膜器件有限公司新建项目_01_报批稿或报告表.doc,SC020_134_广东顺德意达电子薄膜器件有限公司新建项目_01_报批稿或报告表.doc,.doc,unsupported_doc,0,未处理：旧版.doc需先转换为.docx,E:\华南理工项目\环评文件汇总\01_GitHub项目与研究文档\eia-openclaw-sync-chen2026\05_QA测试集\人工核查_环评报告出处整理_20260715\环评报告文件_按正文一级章节拆分_20260727\SC020_134_广东顺德意达电子薄膜器件有限公司新建项目_01_报批稿或报告表\00_未处理_旧版doc需先转换为docx.md,2,57
E:\华南理工项目\环评文件汇总\01_GitHub项目与研究文档\eia-openclaw-sync-chen2026\05_QA测试集\人工核查_环评报告出处整理_20260715\环评报告文件_按问答顺序\SC021_134_广东顺德意达电子薄膜器件有限公司新建项目_02_报批稿或报告表.pdf,SC021_134_广东顺德意达电子薄膜器件有限公司新建项目_02_报批稿或报告表.pdf,.pdf,pdf_pypdf,1,封面及目录,E:\华南理工项目\环评文件汇总\01_GitHub项目与研究文档\eia-openclaw-sync-chen2026\05_QA测试集\人工核查_环评报告出处整理_20260715\环评报告文件_按正文一级章节拆分_20260727\SC021_134_广东顺德意达电子薄膜器件有限公司新建项目_02_报批稿或报告表\01_封面及目录.md,9,149
E:\华南理工项目\环评文件汇总\01_GitHub项目与研究文档\eia-openclaw-sync-chen2026\05_QA测试集\人工核查_环评报告出处整理_20260715\环评报告文件_按问答顺序\SC021_134_广东顺德意达电子薄膜器件有限公司新建项目_02_报批稿或报告表.pdf,SC021_134_广东顺德意达电子薄膜器件有限公司新建项目_02_报批稿或报告表.pdf,.pdf,pdf_pypdf,2,一、建设项目基本情况 ........................................................................................................ 1,E:\华南理工项目\环评文件汇总\01_GitHub项目与研究文档\eia-openclaw-sync-chen2026\05_QA测试集\人工核查_环评报告出处整理_20260715\环评报告文件_按正文一级章节拆分_20260727\SC021_134_广东顺德意达电子薄膜器件有限公司新建项目_02_报批稿或报告表\02_一、建设项目基本情况.md,1,118
E:\华南理工项目\环评文件汇总\01_GitHub项目与研究文档\eia-openclaw-sync-chen2026\05_QA测试集\人工核查_环评报告出处整理_20260715\环评报告文件_按问答顺序\SC021_134_广东顺德意达电子薄膜器件有限公司新建项目_02_报批稿或报告表.pdf,SC021_134_广东顺德意达电子薄膜器件有限公司新建项目_02_报批稿或报告表.pdf,.pdf,pdf_pypdf,3,二、建设项目工程分析 ...................................................................................................... 15,E:\华南理工项目\环评文件汇总\01_GitHub项目与研究文档\eia-openclaw-sync-chen2026\05_QA测试集\人工核查_环评报告出处整理_20260715\环评报告文件_按正文一级章节拆分_20260727\SC021_134_广东顺德意达电子薄膜器件有限公司新建项目_02_报批稿或报告表\03_二、建设项目工程分析.md,2,198
E:\华南理工项目\环评文件汇总\01_GitHub项目与研究文档\eia-openclaw-sync-chen2026\05_QA测试集\人工核查_环评报告出处整理_20260715\环评报告文件_按问答顺序\SC021_134_广东顺德意达电子薄膜器件有限公司新建项目_02_报批稿或报告表.pdf,SC021_134_广东顺德意达电子薄膜器件有限公司新建项目_02_报批稿或报告表.pdf,.pdf,pdf_pypdf,4,四、主要环境影响和保护措施 .......................................................................................... 34,E:\华南理工项目\环评文件汇总\01_GitHub项目与研究文档\eia-openclaw-sync-chen2026\05_QA测试集\人工核查_环评报告出处整理_20260715\环评报告文件_按正文一级章节拆分_20260727\SC021_134_广东顺德意达电子薄膜器件有限公司新建项目_02_报批稿或报告表\04_四、主要环境影响和保护措施.md,1,108
E:\华南理工项目\环评文件汇总\01_GitHub项目与研究文档\eia-openclaw-sync-chen2026\05_QA测试集\人工核查_环评报告出处整理_20260715\环评报告文件_按问答顺序\SC021_134_广东顺德意达电子薄膜器件有限公司新建项目_02_报批稿或报告表.pdf,SC021_134_广东顺德意达电子薄膜器件有限公司新建项目_02_报批稿或报告表.pdf,.pdf,pdf_pypdf,5,五、环境保护措施监督检查清单 ...................................................................................... 64,E:\华南理工项目\环评文件汇总\01_GitHub项目与研究文档\eia-openclaw-sync-chen2026\05_QA测试集\人工核查_环评报告出处整理_20260715\环评报告文件_按正文一级章节拆分_20260727\SC021_134_广东顺德意达电子薄膜器件有限公司新建项目_02_报批稿或报告表\05_五、环境保护措施监督检查清单.md,1,105
E:\华南理工项目\环评文件汇总\01_GitHub项目与研究文档\eia-openclaw-sync-chen2026\05_QA测试集\人工核查_环评报告出处整理_20260715\环评报告文件_按问答顺序\SC021_134_广东顺德意达电子薄膜器件有限公司新建项目_02_报批稿或报告表.pdf,SC021_134_广东顺德意达电子薄膜器件有限公司新建项目_02_报批稿或报告表.pdf,.pdf,pdf_pypdf,6,六、结论 .............................................................................................................................. 67,E:\华南理工项目\环评文件汇总\01_GitHub项目与研究文档\eia-openclaw-sync-chen2026\05_QA测试集\人工核查_环评报告出处整理_20260715\环评报告文件_按正文一级章节拆分_20260727\SC021_134_广东顺德意达电子薄膜器件有限公司新建项目_02_报批稿或报告表\06_六、结论.md,1,135
E:\华南理工项目\环评文件汇总\01_GitHub项目与研究文档\eia-openclaw-sync-chen2026\05_QA测试集\人工核查_环评报告出处整理_20260715\环评报告文件_按问答顺序\SC021_134_广东顺德意达电子薄膜器件有限公司新建项目_02_报批稿或报告表.pdf,SC021_134_广东顺德意达电子薄膜器件有限公司新建项目_02_报批稿或报告表.pdf,.pdf,pdf_pypdf,7,附表附图附件,E:\华南理工项目\环评文件汇总\01_GitHub项目与研究文档\eia-openclaw-sync-chen2026\05_QA测试集\人工核查_环评报告出处整理_20260715\环评报告文件_按正文一级章节拆分_20260727\SC021_134_广东顺德意达电子薄膜器件有限公司新建项目_02_报批稿或报告表\07_附表附图附件.md,22,2244
E:\华南理工项目\环评文件汇总\01_GitHub项目与研究文档\eia-openclaw-sync-chen2026\05_QA测试集\人工核查_环评报告出处整理_20260715\环评报告文件_按问答顺序\SC021_134_广东顺德意达电子薄膜器件有限公司新建项目_02_报批稿或报告表.pdf,SC021_134_广东顺德意达电子薄膜器件有限公司新建项目_02_报批稿或报告表.pdf,.pdf,pdf_pypdf,8,一、建设项目基本情况,E:\华南理工项目\环评文件汇总\01_GitHub项目与研究文档\eia-openclaw-sync-chen2026\05_QA测试集\人工核查_环评报告出处整理_20260715\环评报告文件_按正文一级章节拆分_20260727\SC021_134_广东顺德意达电子薄膜器件有限公司新建项目_02_报批稿或报告表\08_一、建设项目基本情况.md,891,14201
E:\华南理工项目\环评文件汇总\01_GitHub项目与研究文档\eia-openclaw-sync-chen2026\05_QA测试集\人工核查_环评报告出处整理_20260715\环评报告文件_按问答顺序\SC021_134_广东顺德意达电子薄膜器件有限公司新建项目_02_报批稿或报告表.pdf,SC021_134_广东顺德意达电子薄膜器件有限公司新建项目_02_报批稿或报告表.pdf,.pdf,pdf_pypdf,9,二、建设项目工程分析,E:\华南理工项目\环评文件汇总\01_GitHub项目与研究文档\eia-openclaw-sync-chen2026\05_QA测试集\人工核查_环评报告出处整理_20260715\环评报告文件_按正文一级章节拆分_20260727\SC021_134_广东顺德意达电子薄膜器件有限公司新建项目_02_报批稿或报告表\09_二、建设项目工程分析.md,13,274
E:\华南理工项目\环评文件汇总\01_GitHub项目与研究文档\eia-openclaw-sync-chen2026\05_QA测试集\人工核查_环评报告出处整理_20260715\环评报告文件_按问答顺序\SC021_134_广东顺德意达电子薄膜器件有限公司新建项目_02_报批稿或报告表.pdf,SC021_134_广东顺德意达电子薄膜器件有限公司新建项目_02_报批稿或报告表.pdf,.pdf,pdf_pypdf,10,二、项目概况,E:\华南理工项目\环评文件汇总\01_GitHub项目与研究文档\eia-openclaw-sync-chen2026\05_QA测试集\人工核查_环评报告出处整理_20260715\环评报告文件_按正文一级章节拆分_20260727\SC021_134_广东顺德意达电子薄膜器件有限公司新建项目_02_报批稿或报告表\10_二、项目概况.md,412,8550
E:\华南理工项目\环评文件汇总\01_GitHub项目与研究文档\eia-openclaw-sync-chen2026\05_QA测试集\人工核查_环评报告出处整理_20260715\环评报告文件_按问答顺序\SC021_134_广东顺德意达电子薄膜器件有限公司新建项目_02_报批稿或报告表.pdf,SC021_134_广东顺德意达电子薄膜器件有限公司新建项目_02_报批稿或报告表.pdf,.pdf,pdf_pypdf,11,三、区域环境质量现状、环境保护目标及评价标准,E:\华南理工项目\环评文件汇总\01_GitHub项目与研究文档\eia-openclaw-sync-chen2026\05_QA测试集\人工核查_环评报告出处整理_20260715\环评报告文件_按正文一级章节拆分_20260727\SC021_134_广东顺德意达电子薄膜器件有限公司新建项目_02_报批稿或报告表\11_三、区域环境质量现状、环境保护目标及评价标准.md,55,1354
E:\华南理工项目\环评文件汇总\01_GitHub项目与研究文档\eia-openclaw-sync-chen2026\05_QA测试集\人工核查_环评报告出处整理_20260715\环评报告文件_按问答顺序\SC021_134_广东顺德意达电子薄膜器件有限公司新建项目_02_报批稿或报告表.pdf,SC021_134_广东顺德意达电子薄膜器件有限公司新建项目_02_报批稿或报告表.pdf,.pdf,pdf_pypdf,12,附表附图附件,E:\华南理工项目\环评文件汇总\01_GitHub项目与研究文档\eia-openclaw-sync-chen2026\05_QA测试集\人工核查_环评报告出处整理_20260715\环评报告文件_按正文一级章节拆分_20260727\SC021_134_广东顺德意达电子薄膜器件有限公司新建项目_02_报批稿或报告表\12_附表附图附件.md,223,4753
E:\华南理工项目\环评文件汇总\01_GitHub项目与研究文档\eia-openclaw-sync-chen2026\05_QA测试集\人工核查_环评报告出处整理_20260715\环评报告文件_按问答顺序\SC021_134_广东顺德意达电子薄膜器件有限公司新建项目_02_报批稿或报告表.pdf,SC021_134_广东顺德意达电子薄膜器件有限公司新建项目_02_报批稿或报告表.pdf,.pdf,pdf_pypdf,13,四、主要环境影响和保护措施,E:\华南理工项目\环评文件汇总\01_GitHub项目与研究文档\eia-openclaw-sync-chen2026\05_QA测试集\人工核查_环评报告出处整理_20260715\环评报告文件_按正文一级章节拆分_20260727\SC021_134_广东顺德意达电子薄膜器件有限公司新建项目_02_报批稿或报告表\13_四、主要环境影响和保护措施.md,1637,24944
E:\华南理工项目\环评文件汇总\01_GitHub项目与研究文档\eia-openclaw-sync-chen2026\05_QA测试集\人工核查_环评报告出处整理_20260715\环评报告文件_按问答顺序\SC021_134_广东顺德意达电子薄膜器件有限公司新建项目_02_报批稿或报告表.pdf,SC021_134_广东顺德意达电子薄膜器件有限公司新建项目_02_报批稿或报告表.pdf,.pdf,pdf_pypdf,14,五、环境保护措施监督检查清单,E:\华南理工项目\环评文件汇总\01_GitHub项目与研究文档\eia-openclaw-sync-chen2026\05_QA测试集\人工核查_环评报告出处整理_20260715\环评报告文件_按正文一级章节拆分_20260727\SC021_134_广东顺德意达电子薄膜器件有限公司新建项目_02_报批稿或报告表\14_五、环境保护措施监督检查清单.md,179,2402
E:\华南理工项目\环评文件汇总\01_GitHub项目与研究文档\eia-openclaw-sync-chen2026\05_QA测试集\人工核查_环评报告出处整理_20260715\环评报告文件_按问答顺序\SC021_134_广东顺德意达电子薄膜器件有限公司新建项目_02_报批稿或报告表.pdf,SC021_134_广东顺德意达电子薄膜器件有限公司新建项目_02_报批稿或报告表.pdf,.pdf,pdf_pypdf,15,六、结论,E:\华南理工项目\环评文件汇总\01_GitHub项目与研究文档\eia-openclaw-sync-chen2026\05_QA测试集\人工核查_环评报告出处整理_20260715\环评报告文件_按正文一级章节拆分_20260727\SC021_134_广东顺德意达电子薄膜器件有限公司新建项目_02_报批稿或报告表\15_六、结论.md,7,149
E:\华南理工项目\环评文件汇总\01_GitHub项目与研究文档\eia-openclaw-sync-chen2026\05_QA测试集\人工核查_环评报告出处整理_20260715\环评报告文件_按问答顺序\SC021_134_广东顺德意达电子薄膜器件有限公司新建项目_02_报批稿或报告表.pdf,SC021_134_广东顺德意达电子薄膜器件有限公司新建项目_02_报批稿或报告表.pdf,.pdf,pdf_pypdf,16,附表附图附件,E:\华南理工项目\环评文件汇总\01_GitHub项目与研究文档\eia-openclaw-sync-chen2026\05_QA测试集\人工核查_环评报告出处整理_20260715\环评报告文件_按正文一级章节拆分_20260727\SC021_134_广东顺德意达电子薄膜器件有限公司新建项目_02_报批稿或报告表\16_附表附图附件.md,176,2680
E:\华南理工项目\环评文件汇总\01_GitHub项目与研究文档\eia-openclaw-sync-chen2026\05_QA测试集\人工核查_环评报告出处整理_20260715\环评报告文件_按问答顺序\SC022_134_广东顺德意达电子薄膜器件有限公司新建项目_03_报批稿或报告表.pdf,SC022_134_广东顺德意达电子薄膜器件有限公司新建项目_03_报批稿或报告表.pdf,.pdf,pdf_pypdf,1,未识别章节_全文,E:\华南理工项目\环评文件汇总\01_GitHub项目与研究文档\eia-openclaw-sync-chen2026\05_QA测试集\人工核查_环评报告出处整理_20260715\环评报告文件_按正文一级章节拆分_20260727\SC022_134_广东顺德意达电子薄膜器件有限公司新建项目_03_报批稿或报告表\01_未识别章节_全文.md,83,2161
E:\华南理工项目\环评文件汇总\01_GitHub项目与研究文档\eia-openclaw-sync-chen2026\05_QA测试集\人工核查_环评报告出处整理_20260715\环评报告文件_按问答顺序\SC023_135_佛山气盾新材料有限公司新建项目_01_报批稿或报告表.docx,SC023_135_佛山气盾新材料有限公司新建项目_01_报批稿或报告表.docx,.docx,docx,1,封面及目录,E:\华南理工项目\环评文件汇总\01_GitHub项目与研究文档\eia-openclaw-sync-chen2026\05_QA测试集\人工核查_环评报告出处整理_20260715\环评报告文件_按正文一级章节拆分_20260727\SC023_135_佛山气盾新材料有限公司新建项目_01_报批稿或报告表\01_封面及目录.md,7,100
E:\华南理工项目\环评文件汇总\01_GitHub项目与研究文档\eia-openclaw-sync-chen2026\05_QA测试集\人工核查_环评报告出处整理_20260715\环评报告文件_按问答顺序\SC023_135_佛山气盾新材料有限公司新建项目_01_报批稿或报告表.docx,SC023_135_佛山气盾新材料有限公司新建项目_01_报批稿或报告表.docx,.docx,docx,2,附表附图附件,E:\华南理工项目\环评文件汇总\01_GitHub项目与研究文档\eia-openclaw-sync-chen2026\05_QA测试集\人工核查_环评报告出处整理_20260715\环评报告文件_按正文一级章节拆分_20260727\SC023_135_佛山气盾新材料有限公司新建项目_01_报批稿或报告表\02_附表附图附件.md,18,244
E:\华南理工项目\环评文件汇总\01_GitHub项目与研究文档\eia-openclaw-sync-chen2026\05_QA测试集\人工核查_环评报告出处整理_20260715\环评报告文件_按问答顺序\SC023_135_佛山气盾新材料有限公司新建项目_01_报批稿或报告表.docx,SC023_135_佛山气盾新材料有限公司新建项目_01_报批稿或报告表.docx,.docx,docx,3,一、建设项目基本情况,E:\华南理工项目\环评文件汇总\01_GitHub项目与研究文档\eia-openclaw-sync-chen2026\05_QA测试集\人工核查_环评报告出处整理_20260715\环评报告文件_按正文一级章节拆分_20260727\SC023_135_佛山气盾新材料有限公司新建项目_01_报批稿或报告表\03_一、建设项目基本情况.md,21,28752
E:\华南理工项目\环评文件汇总\01_GitHub项目与研究文档\eia-openclaw-sync-chen2026\05_QA测试集\人工核查_环评报告出处整理_20260715\环评报告文件_按问答顺序\SC023_135_佛山气盾新材料有限公司新建项目_01_报批稿或报告表.docx,SC023_135_佛山气盾新材料有限公司新建项目_01_报批稿或报告表.docx,.docx,docx,4,三、区域环境质量现状、环境保护目标及评价标准,E:\华南理工项目\环评文件汇总\01_GitHub项目与研究文档\eia-openclaw-sync-chen2026\05_QA测试集\人工核查_环评报告出处整理_20260715\环评报告文件_按正文一级章节拆分_20260727\SC023_135_佛山气盾新材料有限公司新建项目_01_报批稿或报告表\04_三、区域环境质量现状、环境保护目标及评价标准.md,6,2941
E:\华南理工项目\环评文件汇总\01_GitHub项目与研究文档\eia-openclaw-sync-chen2026\05_QA测试集\人工核查_环评报告出处整理_20260715\环评报告文件_按问答顺序\SC023_135_佛山气盾新材料有限公司新建项目_01_报批稿或报告表.docx,SC023_135_佛山气盾新材料有限公司新建项目_01_报批稿或报告表.docx,.docx,docx,5,四、主要环境影响和保护措施,E:\华南理工项目\环评文件汇总\01_GitHub项目与研究文档\eia-openclaw-sync-chen2026\05_QA测试集\人工核查_环评报告出处整理_20260715\环评报告文件_按正文一级章节拆分_20260727\SC023_135_佛山气盾新材料有限公司新建项目_01_报批稿或报告表\05_四、主要环境影响和保护措施.md,2,11262
E:\华南理工项目\环评文件汇总\01_GitHub项目与研究文档\eia-openclaw-sync-chen2026\05_QA测试集\人工核查_环评报告出处整理_20260715\环评报告文件_按问答顺序\SC023_135_佛山气盾新材料有限公司新建项目_01_报批稿或报告表.docx,SC023_135_佛山气盾新材料有限公司新建项目_01_报批稿或报告表.docx,.docx,docx,6,五、环境保护措施监督检查清单,E:\华南理工项目\环评文件汇总\01_GitHub项目与研究文档\eia-openclaw-sync-chen2026\05_QA测试集\人工核查_环评报告出处整理_20260715\环评报告文件_按正文一级章节拆分_20260727\SC023_135_佛山气盾新材料有限公司新建项目_01_报批稿或报告表\06_五、环境保护措施监督检查清单.md,17,7363
E:\华南理工项目\环评文件汇总\01_GitHub项目与研究文档\eia-openclaw-sync-chen2026\05_QA测试集\人工核查_环评报告出处整理_20260715\环评报告文件_按问答顺序\SC023_135_佛山气盾新材料有限公司新建项目_01_报批稿或报告表.docx,SC023_135_佛山气盾新材料有限公司新建项目_01_报批稿或报告表.docx,.docx,docx,7,六、结论,E:\华南理工项目\环评文件汇总\01_GitHub项目与研究文档\eia-openclaw-sync-chen2026\05_QA测试集\人工核查_环评报告出处整理_20260715\环评报告文件_按正文一级章节拆分_20260727\SC023_135_佛山气盾新材料有限公司新建项目_01_报批稿或报告表\07_六、结论.md,3,191
E:\华南理工项目\环评文件汇总\01_GitHub项目与研究文档\eia-openclaw-sync-chen2026\05_QA测试集\人工核查_环评报告出处整理_20260715\环评报告文件_按问答顺序\SC023_135_佛山气盾新材料有限公司新建项目_01_报批稿或报告表.docx,SC023_135_佛山气盾新材料有限公司新建项目_01_报批稿或报告表.docx,.docx,docx,8,附表附图附件,E:\华南理工项目\环评文件汇总\01_GitHub项目与研究文档\eia-openclaw-sync-chen2026\05_QA测试集\人工核查_环评报告出处整理_20260715\环评报告文件_按正文一级章节拆分_20260727\SC023_135_佛山气盾新材料有限公司新建项目_01_报批稿或报告表\08_附表附图附件.md,11,163
E:\华南理工项目\环评文件汇总\01_GitHub项目与研究文档\eia-openclaw-sync-chen2026\05_QA测试集\人工核查_环评报告出处整理_20260715\环评报告文件_按问答顺序\SC024_135_佛山气盾新材料有限公司新建项目_02_受理公告或公示版.pdf,SC024_135_佛山气盾新材料有限公司新建项目_02_受理公告或公示版.pdf,.pdf,pdf_pypdf,1,封面及目录,E:\华南理工项目\环评文件汇总\01_GitHub项目与研究文档\eia-openclaw-sync-chen2026\05_QA测试集\人工核查_环评报告出处整理_20260715\环评报告文件_按正文一级章节拆分_20260727\SC024_135_佛山气盾新材料有限公司新建项目_02_受理公告或公示版\01_封面及目录.md,2,25
E:\华南理工项目\环评文件汇总\01_GitHub项目与研究文档\eia-openclaw-sync-chen2026\05_QA测试集\人工核查_环评报告出处整理_20260715\环评报告文件_按问答顺序\SC024_135_佛山气盾新材料有限公司新建项目_02_受理公告或公示版.pdf,SC024_135_佛山气盾新材料有限公司新建项目_02_受理公告或公示版.pdf,.pdf,pdf_pypdf,2,一、建设项目基本情况 ........................................................................................................ 2,E:\华南理工项目\环评文件汇总\01_GitHub项目与研究文档\eia-openclaw-sync-chen2026\05_QA测试集\人工核查_环评报告出处整理_20260715\环评报告文件_按正文一级章节拆分_20260727\SC024_135_佛山气盾新材料有限公司新建项目_02_受理公告或公示版\02_一、建设项目基本情况.md,1,118
E:\华南理工项目\环评文件汇总\01_GitHub项目与研究文档\eia-openclaw-sync-chen2026\05_QA测试集\人工核查_环评报告出处整理_20260715\环评报告文件_按问答顺序\SC024_135_佛山气盾新材料有限公司新建项目_02_受理公告或公示版.pdf,SC024_135_佛山气盾新材料有限公司新建项目_02_受理公告或公示版.pdf,.pdf,pdf_pypdf,3,二、建设项目工程分析 ...................................................................................................... 12,E:\华南理工项目\环评文件汇总\01_GitHub项目与研究文档\eia-openclaw-sync-chen2026\05_QA测试集\人工核查_环评报告出处整理_20260715\环评报告文件_按正文一级章节拆分_20260727\SC024_135_佛山气盾新材料有限公司新建项目_02_受理公告或公示版\03_二、建设项目工程分析.md,2,198
E:\华南理工项目\环评文件汇总\01_GitHub项目与研究文档\eia-openclaw-sync-chen2026\05_QA测试集\人工核查_环评报告出处整理_20260715\环评报告文件_按问答顺序\SC024_135_佛山气盾新材料有限公司新建项目_02_受理公告或公示版.pdf,SC024_135_佛山气盾新材料有限公司新建项目_02_受理公告或公示版.pdf,.pdf,pdf_pypdf,4,四、主要环境影响和保护措施 .......................................................................................... 27,E:\华南理工项目\环评文件汇总\01_GitHub项目与研究文档\eia-openclaw-sync-chen2026\05_QA测试集\人工核查_环评报告出处整理_20260715\环评报告文件_按正文一级章节拆分_20260727\SC024_135_佛山气盾新材料有限公司新建项目_02_受理公告或公示版\04_四、主要环境影响和保护措施.md,1,108
E:\华南理工项目\环评文件汇总\01_GitHub项目与研究文档\eia-openclaw-sync-chen2026\05_QA测试集\人工核查_环评报告出处整理_20260715\环评报告文件_按问答顺序\SC024_135_佛山气盾新材料有限公司新建项目_02_受理公告或公示版.pdf,SC024_135_佛山气盾新材料有限公司新建项目_02_受理公告或公示版.pdf,.pdf,pdf_pypdf,5,五、环境保护措施监督检查清单 ...................................................................................... 49,E:\华南理工项目\环评文件汇总\01_GitHub项目与研究文档\eia-openclaw-sync-chen2026\05_QA测试集\人工核查_环评报告出处整理_20260715\环评报告文件_按正文一级章节拆分_20260727\SC024_135_佛山气盾新材料有限公司新建项目_02_受理公告或公示版\05_五、环境保护措施监督检查清单.md,1,105
E:\华南理工项目\环评文件汇总\01_GitHub项目与研究文档\eia-openclaw-sync-chen2026\05_QA测试集\人工核查_环评报告出处整理_20260715\环评报告文件_按问答顺序\SC024_135_佛山气盾新材料有限公司新建项目_02_受理公告或公示版.pdf,SC024_135_佛山气盾新材料有限公司新建项目_02_受理公告或公示版.pdf,.pdf,pdf_pypdf,6,六、结论 .............................................................................................................................. 51,E:\华南理工项目\环评文件汇总\01_GitHub项目与研究文档\eia-openclaw-sync-chen2026\05_QA测试集\人工核查_环评报告出处整理_20260715\环评报告文件_按正文一级章节拆分_20260727\SC024_135_佛山气盾新材料有限公司新建项目_02_受理公告或公示版\06_六、结论.md,1,135
E:\华南理工项目\环评文件汇总\01_GitHub项目与研究文档\eia-openclaw-sync-chen2026\05_QA测试集\人工核查_环评报告出处整理_20260715\环评报告文件_按问答顺序\SC024_135_佛山气盾新材料有限公司新建项目_02_受理公告或公示版.pdf,SC024_135_佛山气盾新材料有限公司新建项目_02_受理公告或公示版.pdf,.pdf,pdf_pypdf,7,附表附图附件,E:\华南理工项目\环评文件汇总\01_GitHub项目与研究文档\eia-openclaw-sync-chen2026\05_QA测试集\人工核查_环评报告出处整理_20260715\环评报告文件_按正文一级章节拆分_20260727\SC024_135_佛山气盾新材料有限公司新建项目_02_受理公告或公示版\07_附表附图附件.md,20,419
E:\华南理工项目\环评文件汇总\01_GitHub项目与研究文档\eia-openclaw-sync-chen2026\05_QA测试集\人工核查_环评报告出处整理_20260715\环评报告文件_按问答顺序\SC024_135_佛山气盾新材料有限公司新建项目_02_受理公告或公示版.pdf,SC024_135_佛山气盾新材料有限公司新建项目_02_受理公告或公示版.pdf,.pdf,pdf_pypdf,8,一、建设项目基本情况,E:\华南理工项目\环评文件汇总\01_GitHub项目与研究文档\eia-openclaw-sync-chen2026\05_QA测试集\人工核查_环评报告出处整理_20260715\环评报告文件_按正文一级章节拆分_20260727\SC024_135_佛山气盾新材料有限公司新建项目_02_受理公告或公示版\08_一、建设项目基本情况.md,804,13794
E:\华南理工项目\环评文件汇总\01_GitHub项目与研究文档\eia-openclaw-sync-chen2026\05_QA测试集\人工核查_环评报告出处整理_20260715\环评报告文件_按问答顺序\SC024_135_佛山气盾新材料有限公司新建项目_02_受理公告或公示版.pdf,SC024_135_佛山气盾新材料有限公司新建项目_02_受理公告或公示版.pdf,.pdf,pdf_pypdf,9,二、建设项目工程分析,E:\华南理工项目\环评文件汇总\01_GitHub项目与研究文档\eia-openclaw-sync-chen2026\05_QA测试集\人工核查_环评报告出处整理_20260715\环评报告文件_按正文一级章节拆分_20260727\SC024_135_佛山气盾新材料有限公司新建项目_02_受理公告或公示版\09_二、建设项目工程分析.md,321,6154
E:\华南理工项目\环评文件汇总\01_GitHub项目与研究文档\eia-openclaw-sync-chen2026\05_QA测试集\人工核查_环评报告出处整理_20260715\环评报告文件_按问答顺序\SC024_135_佛山气盾新材料有限公司新建项目_02_受理公告或公示版.pdf,SC024_135_佛山气盾新材料有限公司新建项目_02_受理公告或公示版.pdf,.pdf,pdf_pypdf,10,三、区域环境质量现状、环境保护目标及评价标准,E:\华南理工项目\环评文件汇总\01_GitHub项目与研究文档\eia-openclaw-sync-chen2026\05_QA测试集\人工核查_环评报告出处整理_20260715\环评报告文件_按正文一级章节拆分_20260727\SC024_135_佛山气盾新材料有限公司新建项目_02_受理公告或公示版\10_三、区域环境质量现状、环境保护目标及评价标准.md,194,4134
E:\华南理工项目\环评文件汇总\01_GitHub项目与研究文档\eia-openclaw-sync-chen2026\05_QA测试集\人工核查_环评报告出处整理_20260715\环评报告文件_按问答顺序\SC024_135_佛山气盾新材料有限公司新建项目_02_受理公告或公示版.pdf,SC024_135_佛山气盾新材料有限公司新建项目_02_受理公告或公示版.pdf,.pdf,pdf_pypdf,11,四、主要环境影响和保护措施,E:\华南理工项目\环评文件汇总\01_GitHub项目与研究文档\eia-openclaw-sync-chen2026\05_QA测试集\人工核查_环评报告出处整理_20260715\环评报告文件_按正文一级章节拆分_20260727\SC024_135_佛山气盾新材料有限公司新建项目_02_受理公告或公示版\11_四、主要环境影响和保护措施.md,1159,18522
E:\华南理工项目\环评文件汇总\01_GitHub项目与研究文档\eia-openclaw-sync-chen2026\05_QA测试集\人工核查_环评报告出处整理_20260715\环评报告文件_按问答顺序\SC024_135_佛山气盾新材料有限公司新建项目_02_受理公告或公示版.pdf,SC024_135_佛山气盾新材料有限公司新建项目_02_受理公告或公示版.pdf,.pdf,pdf_pypdf,12,五、环境保护措施监督检查清单,E:\华南理工项目\环评文件汇总\01_GitHub项目与研究文档\eia-openclaw-sync-chen2026\05_QA测试集\人工核查_环评报告出处整理_20260715\环评报告文件_按正文一级章节拆分_20260727\SC024_135_佛山气盾新材料有限公司新建项目_02_受理公告或公示版\12_五、环境保护措施监督检查清单.md,127,2430
E:\华南理工项目\环评文件汇总\01_GitHub项目与研究文档\eia-openclaw-sync-chen2026\05_QA测试集\人工核查_环评报告出处整理_20260715\环评报告文件_按问答顺序\SC024_135_佛山气盾新材料有限公司新建项目_02_受理公告或公示版.pdf,SC024_135_佛山气盾新材料有限公司新建项目_02_受理公告或公示版.pdf,.pdf,pdf_pypdf,13,六、结论,E:\华南理工项目\环评文件汇总\01_GitHub项目与研究文档\eia-openclaw-sync-chen2026\05_QA测试集\人工核查_环评报告出处整理_20260715\环评报告文件_按正文一级章节拆分_20260727\SC024_135_佛山气盾新材料有限公司新建项目_02_受理公告或公示版\13_六、结论.md,8,208
E:\华南理工项目\环评文件汇总\01_GitHub项目与研究文档\eia-openclaw-sync-chen2026\05_QA测试集\人工核查_环评报告出处整理_20260715\环评报告文件_按问答顺序\SC024_135_佛山气盾新材料有限公司新建项目_02_受理公告或公示版.pdf,SC024_135_佛山气盾新材料有限公司新建项目_02_受理公告或公示版.pdf,.pdf,pdf_pypdf,14,附表附图附件,E:\华南理工项目\环评文件汇总\01_GitHub项目与研究文档\eia-openclaw-sync-chen2026\05_QA测试集\人工核查_环评报告出处整理_20260715\环评报告文件_按正文一级章节拆分_20260727\SC024_135_佛山气盾新材料有限公司新建项目_02_受理公告或公示版\14_附表附图附件.md,119,1464
